ISO-10303-21;
HEADER;
FILE_DESCRIPTION(('FreeCAD Model'),'2;1');
FILE_NAME('Open CASCADE Shape Model','2026-01-10T02:02:04',(''),(''),
  'Open CASCADE STEP processor 7.9','FreeCAD','Unknown');
FILE_SCHEMA(('AUTOMOTIVE_DESIGN { 1 0 10303 214 1 1 1 1 }'));
ENDSEC;
DATA;
#1 = APPLICATION_PROTOCOL_DEFINITION('international standard',
  'automotive_design',2000,#2);
#2 = APPLICATION_CONTEXT(
  'core data for automotive mechanical design processes');
#3 = SHAPE_DEFINITION_REPRESENTATION(#4,#10);
#4 = PRODUCT_DEFINITION_SHAPE('','',#5);
#5 = PRODUCT_DEFINITION('design','',#6,#9);
#6 = PRODUCT_DEFINITION_FORMATION('','',#7);
#7 = PRODUCT('EnclosurePad','EnclosurePad','',(#8));
#8 = PRODUCT_CONTEXT('',#2,'mechanical');
#9 = PRODUCT_DEFINITION_CONTEXT('part definition',#2,'design');
#10 = SHAPE_REPRESENTATION('',(#11,#15),#19);
#11 = AXIS2_PLACEMENT_3D('',#12,#13,#14);
#12 = CARTESIAN_POINT('',(0.,0.,0.));
#13 = DIRECTION('',(0.,0.,1.));
#14 = DIRECTION('',(1.,0.,-0.));
#15 = AXIS2_PLACEMENT_3D('',#16,#17,#18);
#16 = CARTESIAN_POINT('',(0.,0.,0.));
#17 = DIRECTION('',(0.,0.,1.));
#18 = DIRECTION('',(1.,0.,0.));
#19 = ( GEOMETRIC_REPRESENTATION_CONTEXT(3) 
GLOBAL_UNCERTAINTY_ASSIGNED_CONTEXT((#23)) GLOBAL_UNIT_ASSIGNED_CONTEXT(
(#20,#21,#22)) REPRESENTATION_CONTEXT('Context #1',
  '3D Context with UNIT and UNCERTAINTY') );
#20 = ( LENGTH_UNIT() NAMED_UNIT(*) SI_UNIT(.MILLI.,.METRE.) );
#21 = ( NAMED_UNIT(*) PLANE_ANGLE_UNIT() SI_UNIT($,.RADIAN.) );
#22 = ( NAMED_UNIT(*) SI_UNIT($,.STERADIAN.) SOLID_ANGLE_UNIT() );
#23 = UNCERTAINTY_MEASURE_WITH_UNIT(LENGTH_MEASURE(2.E-05),#20,
  'distance_accuracy_value','confusion accuracy');
#24 = PRODUCT_RELATED_PRODUCT_CATEGORY('part',$,(#7));
#25 = SHAPE_DEFINITION_REPRESENTATION(#26,#32);
#26 = PRODUCT_DEFINITION_SHAPE('','',#27);
#27 = PRODUCT_DEFINITION('design','',#28,#31);
#28 = PRODUCT_DEFINITION_FORMATION('','',#29);
#29 = PRODUCT('Enclosure','Enclosure','',(#30));
#30 = PRODUCT_CONTEXT('',#2,'mechanical');
#31 = PRODUCT_DEFINITION_CONTEXT('part definition',#2,'design');
#32 = ADVANCED_BREP_SHAPE_REPRESENTATION('',(#11,#33),#12427);
#33 = MANIFOLD_SOLID_BREP('',#34);
#34 = CLOSED_SHELL('',(#35,#84,#115,#173,#204,#245,#269,#341,#406,#442,
    #451,#475,#499,#1364,#1458,#1482,#1531,#1633,#1727,#1825,#1837,#1855
    ,#1886,#1933,#1957,#1982,#1999,#2068,#2092,#2117,#2142,#2198,#2223,
    #2247,#2534,#2558,#2583,#2630,#2654,#2678,#2695,#2719,#2759,#2784,
    #2856,#2896,#2936,#2960,#2984,#3101,#3125,#3149,#3173,#3197,#3244,
    #3256,#3312,#3352,#3376,#3393,#3417,#3434,#3481,#3505,#3529,#3562,
    #3587,#3634,#3658,#3682,#3715,#3746,#3770,#3794,#3811,#3858,#3882,
    #3906,#3939,#3964,#4011,#4035,#4059,#4092,#4123,#4147,#4171,#4188,
    #4235,#4259,#4283,#4316,#4341,#4388,#4412,#4436,#4469,#4516,#4540,
    #4564,#4597,#4622,#4669,#4693,#4717,#4750,#4797,#4821,#4845,#4878,
    #4903,#4950,#4974,#4998,#5031,#5063,#5087,#5112,#5136,#5161,#5185,
    #5210,#5227,#5274,#5292,#5323,#5347,#5376,#5393,#5405,#5428,#5459,
    #5490,#5515,#5539,#5564,#5588,#5613,#5637,#5655,#5686,#5711,#5736,
    #5760,#5784,#5809,#5834,#5851,#5876,#5894,#5976,#6007,#6032,#6056,
    #6072,#6097,#6122,#6147,#6171,#6195,#6219,#6250,#6274,#6307,#6338,
    #6369,#6402,#6433,#6457,#6481,#6498,#6529,#6553,#6577,#6594,#6625,
    #6649,#6673,#6690,#6715,#6740,#6771,#6795,#6819,#6836,#6858,#6875,
    #6892,#6909,#6926,#6943,#6960,#6972,#6996,#7093,#7110,#7127,#7144,
    #7161,#7178,#7203,#7225,#7249,#7273,#7285,#7308,#7332,#7349,#7380,
    #7404,#7433,#7450,#7462,#7479,#7496,#7513,#7530,#7561,#7578,#7595,
    #7607,#7632,#7649,#7666,#7678,#7709,#7733,#7757,#7774,#7791,#7808,
    #7820,#7845,#7862,#7879,#7891,#7903,#7920,#7937,#7949,#7974,#7991,
    #8008,#8020,#8037,#8054,#8066,#8091,#8108,#8125,#8137,#8154,#8171,
    #8183,#8208,#8225,#8242,#8254,#8276,#8294,#8539,#8551,#8576,#8601,
    #8623,#8640,#8657,#8674,#8691,#8708,#8725,#8737,#8768,#8793,#8818,
    #8842,#8866,#8891,#8916,#8933,#9060,#9091,#9116,#9140,#9165,#9189,
    #9214,#9238,#9256,#9268,#9280,#9292,#9304,#9316,#9347,#9364,#9389,
    #9406,#9815,#9832,#9863,#9887,#9911,#9928,#9959,#9983,#10007,#10024,
    #10055,#10079,#10103,#10120,#10151,#10175,#10199,#10216,#10228,
    #10253,#10265,#10290,#10310,#10322,#10342,#10362,#10382,#10402,
    #10419,#10444,#10468,#10491,#10503,#10525,#10542,#10559,#10576,
    #10593,#10610,#10627,#10639,#10648,#10657,#10674,#10699,#10730,
    #10755,#10780,#10797,#10822,#10854,#10878,#10902,#10920,#10945,
    #10962,#10979,#11001,#11013,#11045,#11069,#11094,#11118,#11143,
    #11167,#11192,#11209,#11241,#11265,#11290,#11314,#11339,#11363,
    #11388,#11405,#11437,#11461,#11486,#11510,#11535,#11559,#11584,
    #11601,#11633,#11657,#11682,#11706,#11731,#11755,#11780,#11797,
    #11829,#11853,#11878,#11902,#11927,#11951,#11976,#11993,#12005,
    #12017,#12029,#12041,#12050,#12059,#12084,#12109,#12134,#12159,
    #12184,#12196,#12208,#12217,#12229,#12245,#12261,#12277,#12293,
    #12309,#12318,#12327,#12336,#12345,#12354,#12373,#12391,#12418));
#35 = ADVANCED_FACE('',(#36),#79,.T.);
#36 = FACE_BOUND('',#37,.T.);
#37 = EDGE_LOOP('',(#38,#48,#56,#64,#72));
#38 = ORIENTED_EDGE('',*,*,#39,.F.);
#39 = EDGE_CURVE('',#40,#42,#44,.T.);
#40 = VERTEX_POINT('',#41);
#41 = CARTESIAN_POINT('',(30.,101.25,12.));
#42 = VERTEX_POINT('',#43);
#43 = CARTESIAN_POINT('',(32.5,101.25,12.));
#44 = LINE('',#45,#46);
#45 = CARTESIAN_POINT('',(30.,101.25,12.));
#46 = VECTOR('',#47,1.);
#47 = DIRECTION('',(1.,0.,0.));
#48 = ORIENTED_EDGE('',*,*,#49,.T.);
#49 = EDGE_CURVE('',#40,#50,#52,.T.);
#50 = VERTEX_POINT('',#51);
#51 = CARTESIAN_POINT('',(30.,97.25,12.));
#52 = LINE('',#53,#54);
#53 = CARTESIAN_POINT('',(30.,102.25,12.));
#54 = VECTOR('',#55,1.);
#55 = DIRECTION('',(0.,-1.,0.));
#56 = ORIENTED_EDGE('',*,*,#57,.T.);
#57 = EDGE_CURVE('',#50,#58,#60,.T.);
#58 = VERTEX_POINT('',#59);
#59 = CARTESIAN_POINT('',(34.,97.25,12.));
#60 = LINE('',#61,#62);
#61 = CARTESIAN_POINT('',(30.,97.25,12.));
#62 = VECTOR('',#63,1.);
#63 = DIRECTION('',(1.,0.,0.));
#64 = ORIENTED_EDGE('',*,*,#65,.F.);
#65 = EDGE_CURVE('',#66,#58,#68,.T.);
#66 = VERTEX_POINT('',#67);
#67 = CARTESIAN_POINT('',(34.,99.75,12.));
#68 = LINE('',#69,#70);
#69 = CARTESIAN_POINT('',(34.,99.75,12.));
#70 = VECTOR('',#71,1.);
#71 = DIRECTION('',(0.,-1.,0.));
#72 = ORIENTED_EDGE('',*,*,#73,.F.);
#73 = EDGE_CURVE('',#42,#66,#74,.T.);
#74 = CIRCLE('',#75,1.5);
#75 = AXIS2_PLACEMENT_3D('',#76,#77,#78);
#76 = CARTESIAN_POINT('',(32.5,99.75,12.));
#77 = DIRECTION('',(0.,0.,1.));
#78 = DIRECTION('',(1.,0.,-0.));
#79 = PLANE('',#80);
#80 = AXIS2_PLACEMENT_3D('',#81,#82,#83);
#81 = CARTESIAN_POINT('',(20.000000000003,53.625000000011,12.));
#82 = DIRECTION('',(0.,0.,1.));
#83 = DIRECTION('',(1.,0.,0.));
#84 = ADVANCED_FACE('',(#85),#110,.F.);
#85 = FACE_BOUND('',#86,.F.);
#86 = EDGE_LOOP('',(#87,#95,#103,#109));
#87 = ORIENTED_EDGE('',*,*,#88,.T.);
#88 = EDGE_CURVE('',#40,#89,#91,.T.);
#89 = VERTEX_POINT('',#90);
#90 = CARTESIAN_POINT('',(30.,101.25,14.4));
#91 = LINE('',#92,#93);
#92 = CARTESIAN_POINT('',(30.,101.25,12.));
#93 = VECTOR('',#94,1.);
#94 = DIRECTION('',(0.,0.,1.));
#95 = ORIENTED_EDGE('',*,*,#96,.T.);
#96 = EDGE_CURVE('',#89,#97,#99,.T.);
#97 = VERTEX_POINT('',#98);
#98 = CARTESIAN_POINT('',(32.5,101.25,14.4));
#99 = LINE('',#100,#101);
#100 = CARTESIAN_POINT('',(30.,101.25,14.4));
#101 = VECTOR('',#102,1.);
#102 = DIRECTION('',(1.,0.,0.));
#103 = ORIENTED_EDGE('',*,*,#104,.F.);
#104 = EDGE_CURVE('',#42,#97,#105,.T.);
#105 = LINE('',#106,#107);
#106 = CARTESIAN_POINT('',(32.5,101.25,12.));
#107 = VECTOR('',#108,1.);
#108 = DIRECTION('',(0.,0.,1.));
#109 = ORIENTED_EDGE('',*,*,#39,.F.);
#110 = PLANE('',#111);
#111 = AXIS2_PLACEMENT_3D('',#112,#113,#114);
#112 = CARTESIAN_POINT('',(30.,101.25,12.));
#113 = DIRECTION('',(0.,1.,0.));
#114 = DIRECTION('',(1.,0.,0.));
#115 = ADVANCED_FACE('',(#116),#168,.T.);
#116 = FACE_BOUND('',#117,.T.);
#117 = EDGE_LOOP('',(#118,#128,#136,#144,#152,#161));
#118 = ORIENTED_EDGE('',*,*,#119,.F.);
#119 = EDGE_CURVE('',#120,#122,#124,.T.);
#120 = VERTEX_POINT('',#121);
#121 = CARTESIAN_POINT('',(6.,97.25,12.));
#122 = VERTEX_POINT('',#123);
#123 = CARTESIAN_POINT('',(6.,99.75,12.));
#124 = LINE('',#125,#126);
#125 = CARTESIAN_POINT('',(6.,97.25,12.));
#126 = VECTOR('',#127,1.);
#127 = DIRECTION('',(0.,1.,0.));
#128 = ORIENTED_EDGE('',*,*,#129,.T.);
#129 = EDGE_CURVE('',#120,#130,#132,.T.);
#130 = VERTEX_POINT('',#131);
#131 = CARTESIAN_POINT('',(10.,97.25,12.));
#132 = LINE('',#133,#134);
#133 = CARTESIAN_POINT('',(5.,97.25,12.));
#134 = VECTOR('',#135,1.);
#135 = DIRECTION('',(1.,0.,0.));
#136 = ORIENTED_EDGE('',*,*,#137,.T.);
#137 = EDGE_CURVE('',#130,#138,#140,.T.);
#138 = VERTEX_POINT('',#139);
#139 = CARTESIAN_POINT('',(10.,101.25,12.));
#140 = LINE('',#141,#142);
#141 = CARTESIAN_POINT('',(10.,97.25,12.));
#142 = VECTOR('',#143,1.);
#143 = DIRECTION('',(0.,1.,0.));
#144 = ORIENTED_EDGE('',*,*,#145,.F.);
#145 = EDGE_CURVE('',#146,#138,#148,.T.);
#146 = VERTEX_POINT('',#147);
#147 = CARTESIAN_POINT('',(7.5,101.25,12.));
#148 = LINE('',#149,#150);
#149 = CARTESIAN_POINT('',(7.5,101.25,12.));
#150 = VECTOR('',#151,1.);
#151 = DIRECTION('',(1.,0.,0.));
#152 = ORIENTED_EDGE('',*,*,#153,.F.);
#153 = EDGE_CURVE('',#154,#146,#156,.T.);
#154 = VERTEX_POINT('',#155);
#155 = CARTESIAN_POINT('',(9.,99.75,12.));
#156 = CIRCLE('',#157,1.5);
#157 = AXIS2_PLACEMENT_3D('',#158,#159,#160);
#158 = CARTESIAN_POINT('',(7.5,99.75,12.));
#159 = DIRECTION('',(0.,0.,1.));
#160 = DIRECTION('',(1.,0.,0.));
#161 = ORIENTED_EDGE('',*,*,#162,.F.);
#162 = EDGE_CURVE('',#122,#154,#163,.T.);
#163 = CIRCLE('',#164,1.5);
#164 = AXIS2_PLACEMENT_3D('',#165,#166,#167);
#165 = CARTESIAN_POINT('',(7.5,99.75,12.));
#166 = DIRECTION('',(0.,0.,1.));
#167 = DIRECTION('',(1.,0.,0.));
#168 = PLANE('',#169);
#169 = AXIS2_PLACEMENT_3D('',#170,#171,#172);
#170 = CARTESIAN_POINT('',(20.000000000003,53.625000000011,12.));
#171 = DIRECTION('',(0.,0.,1.));
#172 = DIRECTION('',(1.,0.,0.));
#173 = ADVANCED_FACE('',(#174),#199,.F.);
#174 = FACE_BOUND('',#175,.F.);
#175 = EDGE_LOOP('',(#176,#184,#192,#198));
#176 = ORIENTED_EDGE('',*,*,#177,.T.);
#177 = EDGE_CURVE('',#120,#178,#180,.T.);
#178 = VERTEX_POINT('',#179);
#179 = CARTESIAN_POINT('',(6.,97.25,14.4));
#180 = LINE('',#181,#182);
#181 = CARTESIAN_POINT('',(6.,97.25,12.));
#182 = VECTOR('',#183,1.);
#183 = DIRECTION('',(0.,0.,1.));
#184 = ORIENTED_EDGE('',*,*,#185,.T.);
#185 = EDGE_CURVE('',#178,#186,#188,.T.);
#186 = VERTEX_POINT('',#187);
#187 = CARTESIAN_POINT('',(6.,99.75,14.4));
#188 = LINE('',#189,#190);
#189 = CARTESIAN_POINT('',(6.,97.25,14.4));
#190 = VECTOR('',#191,1.);
#191 = DIRECTION('',(0.,1.,0.));
#192 = ORIENTED_EDGE('',*,*,#193,.F.);
#193 = EDGE_CURVE('',#122,#186,#194,.T.);
#194 = LINE('',#195,#196);
#195 = CARTESIAN_POINT('',(6.,99.75,12.));
#196 = VECTOR('',#197,1.);
#197 = DIRECTION('',(0.,0.,1.));
#198 = ORIENTED_EDGE('',*,*,#119,.F.);
#199 = PLANE('',#200);
#200 = AXIS2_PLACEMENT_3D('',#201,#202,#203);
#201 = CARTESIAN_POINT('',(6.,97.25,12.));
#202 = DIRECTION('',(-1.,0.,0.));
#203 = DIRECTION('',(0.,1.,0.));
#204 = ADVANCED_FACE('',(#205),#240,.F.);
#205 = FACE_BOUND('',#206,.T.);
#206 = EDGE_LOOP('',(#207,#216,#217,#218,#225,#232,#233,#234));
#207 = ORIENTED_EDGE('',*,*,#208,.T.);
#208 = EDGE_CURVE('',#209,#186,#211,.T.);
#209 = VERTEX_POINT('',#210);
#210 = CARTESIAN_POINT('',(7.5,101.25,14.4));
#211 = CIRCLE('',#212,1.5);
#212 = AXIS2_PLACEMENT_3D('',#213,#214,#215);
#213 = CARTESIAN_POINT('',(7.5,99.75,14.4));
#214 = DIRECTION('',(0.,0.,1.));
#215 = DIRECTION('',(1.,0.,0.));
#216 = ORIENTED_EDGE('',*,*,#193,.F.);
#217 = ORIENTED_EDGE('',*,*,#162,.T.);
#218 = ORIENTED_EDGE('',*,*,#219,.T.);
#219 = EDGE_CURVE('',#154,#220,#222,.T.);
#220 = VERTEX_POINT('',#221);
#221 = CARTESIAN_POINT('',(9.,99.75,5.));
#222 = B_SPLINE_CURVE_WITH_KNOTS('',1,(#223,#224),.UNSPECIFIED.,.F.,.F.,
  (2,2),(-7.,0.),.PIECEWISE_BEZIER_KNOTS.);
#223 = CARTESIAN_POINT('',(9.,99.75,12.));
#224 = CARTESIAN_POINT('',(9.,99.75,5.));
#225 = ORIENTED_EDGE('',*,*,#226,.F.);
#226 = EDGE_CURVE('',#220,#220,#227,.T.);
#227 = CIRCLE('',#228,1.5);
#228 = AXIS2_PLACEMENT_3D('',#229,#230,#231);
#229 = CARTESIAN_POINT('',(7.5,99.75,5.));
#230 = DIRECTION('',(0.,0.,1.));
#231 = DIRECTION('',(1.,0.,0.));
#232 = ORIENTED_EDGE('',*,*,#219,.F.);
#233 = ORIENTED_EDGE('',*,*,#153,.T.);
#234 = ORIENTED_EDGE('',*,*,#235,.T.);
#235 = EDGE_CURVE('',#146,#209,#236,.T.);
#236 = LINE('',#237,#238);
#237 = CARTESIAN_POINT('',(7.5,101.25,12.));
#238 = VECTOR('',#239,1.);
#239 = DIRECTION('',(0.,0.,1.));
#240 = CYLINDRICAL_SURFACE('',#241,1.5);
#241 = AXIS2_PLACEMENT_3D('',#242,#243,#244);
#242 = CARTESIAN_POINT('',(7.5,99.75,5.));
#243 = DIRECTION('',(-0.,-0.,-1.));
#244 = DIRECTION('',(1.,0.,0.));
#245 = ADVANCED_FACE('',(#246),#264,.F.);
#246 = FACE_BOUND('',#247,.F.);
#247 = EDGE_LOOP('',(#248,#249,#257,#263));
#248 = ORIENTED_EDGE('',*,*,#235,.T.);
#249 = ORIENTED_EDGE('',*,*,#250,.T.);
#250 = EDGE_CURVE('',#209,#251,#253,.T.);
#251 = VERTEX_POINT('',#252);
#252 = CARTESIAN_POINT('',(10.,101.25,14.4));
#253 = LINE('',#254,#255);
#254 = CARTESIAN_POINT('',(7.5,101.25,14.4));
#255 = VECTOR('',#256,1.);
#256 = DIRECTION('',(1.,0.,0.));
#257 = ORIENTED_EDGE('',*,*,#258,.F.);
#258 = EDGE_CURVE('',#138,#251,#259,.T.);
#259 = LINE('',#260,#261);
#260 = CARTESIAN_POINT('',(10.,101.25,12.));
#261 = VECTOR('',#262,1.);
#262 = DIRECTION('',(0.,0.,1.));
#263 = ORIENTED_EDGE('',*,*,#145,.F.);
#264 = PLANE('',#265);
#265 = AXIS2_PLACEMENT_3D('',#266,#267,#268);
#266 = CARTESIAN_POINT('',(7.5,101.25,12.));
#267 = DIRECTION('',(0.,1.,0.));
#268 = DIRECTION('',(1.,0.,0.));
#269 = ADVANCED_FACE('',(#270),#336,.T.);
#270 = FACE_BOUND('',#271,.T.);
#271 = EDGE_LOOP('',(#272,#280,#288,#296,#304,#312,#320,#328,#334,#335)
  );
#272 = ORIENTED_EDGE('',*,*,#273,.F.);
#273 = EDGE_CURVE('',#274,#130,#276,.T.);
#274 = VERTEX_POINT('',#275);
#275 = CARTESIAN_POINT('',(10.,97.25,8.));
#276 = LINE('',#277,#278);
#277 = CARTESIAN_POINT('',(10.,97.25,5.));
#278 = VECTOR('',#279,1.);
#279 = DIRECTION('',(0.,0.,1.));
#280 = ORIENTED_EDGE('',*,*,#281,.F.);
#281 = EDGE_CURVE('',#282,#274,#284,.T.);
#282 = VERTEX_POINT('',#283);
#283 = CARTESIAN_POINT('',(10.,92.25,8.));
#284 = LINE('',#285,#286);
#285 = CARTESIAN_POINT('',(10.,92.25,8.));
#286 = VECTOR('',#287,1.);
#287 = DIRECTION('',(0.,1.,0.));
#288 = ORIENTED_EDGE('',*,*,#289,.F.);
#289 = EDGE_CURVE('',#290,#282,#292,.T.);
#290 = VERTEX_POINT('',#291);
#291 = CARTESIAN_POINT('',(10.,92.25,5.));
#292 = LINE('',#293,#294);
#293 = CARTESIAN_POINT('',(10.,92.25,5.));
#294 = VECTOR('',#295,1.);
#295 = DIRECTION('',(0.,0.,1.));
#296 = ORIENTED_EDGE('',*,*,#297,.T.);
#297 = EDGE_CURVE('',#290,#298,#300,.T.);
#298 = VERTEX_POINT('',#299);
#299 = CARTESIAN_POINT('',(10.,105.5,5.));
#300 = LINE('',#301,#302);
#301 = CARTESIAN_POINT('',(10.,102.25,5.));
#302 = VECTOR('',#303,1.);
#303 = DIRECTION('',(0.,1.,-2.2E-16));
#304 = ORIENTED_EDGE('',*,*,#305,.F.);
#305 = EDGE_CURVE('',#306,#298,#308,.T.);
#306 = VERTEX_POINT('',#307);
#307 = CARTESIAN_POINT('',(10.,105.5,11.6));
#308 = LINE('',#309,#310);
#309 = CARTESIAN_POINT('',(10.,105.5,11.6));
#310 = VECTOR('',#311,1.);
#311 = DIRECTION('',(0.,0.,-1.));
#312 = ORIENTED_EDGE('',*,*,#313,.F.);
#313 = EDGE_CURVE('',#314,#306,#316,.T.);
#314 = VERTEX_POINT('',#315);
#315 = CARTESIAN_POINT('',(10.,102.25,11.6));
#316 = LINE('',#317,#318);
#317 = CARTESIAN_POINT('',(10.,102.25,11.6));
#318 = VECTOR('',#319,1.);
#319 = DIRECTION('',(0.,1.,-2.2E-16));
#320 = ORIENTED_EDGE('',*,*,#321,.T.);
#321 = EDGE_CURVE('',#314,#322,#324,.T.);
#322 = VERTEX_POINT('',#323);
#323 = CARTESIAN_POINT('',(10.,102.25,14.4));
#324 = LINE('',#325,#326);
#325 = CARTESIAN_POINT('',(10.,102.25,12.));
#326 = VECTOR('',#327,1.);
#327 = DIRECTION('',(0.,0.,1.));
#328 = ORIENTED_EDGE('',*,*,#329,.F.);
#329 = EDGE_CURVE('',#251,#322,#330,.T.);
#330 = LINE('',#331,#332);
#331 = CARTESIAN_POINT('',(10.,101.25,14.4));
#332 = VECTOR('',#333,1.);
#333 = DIRECTION('',(0.,1.,0.));
#334 = ORIENTED_EDGE('',*,*,#258,.F.);
#335 = ORIENTED_EDGE('',*,*,#137,.F.);
#336 = PLANE('',#337);
#337 = AXIS2_PLACEMENT_3D('',#338,#339,#340);
#338 = CARTESIAN_POINT('',(10.,99.592439293598,8.580794701987));
#339 = DIRECTION('',(1.,-3.6E-16,1.2E-15));
#340 = DIRECTION('',(-1.2E-15,0.,1.));
#341 = ADVANCED_FACE('',(#342),#401,.T.);
#342 = FACE_BOUND('',#343,.T.);
#343 = EDGE_LOOP('',(#344,#354,#362,#370,#378,#386,#392,#393,#394,#395)
  );
#344 = ORIENTED_EDGE('',*,*,#345,.F.);
#345 = EDGE_CURVE('',#346,#348,#350,.T.);
#346 = VERTEX_POINT('',#347);
#347 = CARTESIAN_POINT('',(5.,97.25,11.6));
#348 = VERTEX_POINT('',#349);
#349 = CARTESIAN_POINT('',(5.,97.25,14.4));
#350 = LINE('',#351,#352);
#351 = CARTESIAN_POINT('',(5.,97.25,5.));
#352 = VECTOR('',#353,1.);
#353 = DIRECTION('',(0.,0.,1.));
#354 = ORIENTED_EDGE('',*,*,#355,.T.);
#355 = EDGE_CURVE('',#346,#356,#358,.T.);
#356 = VERTEX_POINT('',#357);
#357 = CARTESIAN_POINT('',(1.75,97.25,11.6));
#358 = LINE('',#359,#360);
#359 = CARTESIAN_POINT('',(5.,97.25,11.6));
#360 = VECTOR('',#361,1.);
#361 = DIRECTION('',(-1.,-0.,-0.));
#362 = ORIENTED_EDGE('',*,*,#363,.F.);
#363 = EDGE_CURVE('',#364,#356,#366,.T.);
#364 = VERTEX_POINT('',#365);
#365 = CARTESIAN_POINT('',(1.75,97.25,5.));
#366 = LINE('',#367,#368);
#367 = CARTESIAN_POINT('',(1.75,97.25,5.));
#368 = VECTOR('',#369,1.);
#369 = DIRECTION('',(0.,0.,1.));
#370 = ORIENTED_EDGE('',*,*,#371,.T.);
#371 = EDGE_CURVE('',#364,#372,#374,.T.);
#372 = VERTEX_POINT('',#373);
#373 = CARTESIAN_POINT('',(5.,97.25,5.));
#374 = LINE('',#375,#376);
#375 = CARTESIAN_POINT('',(5.,97.25,5.));
#376 = VECTOR('',#377,1.);
#377 = DIRECTION('',(1.,0.,0.));
#378 = ORIENTED_EDGE('',*,*,#379,.T.);
#379 = EDGE_CURVE('',#372,#380,#382,.T.);
#380 = VERTEX_POINT('',#381);
#381 = CARTESIAN_POINT('',(5.,97.25,8.));
#382 = LINE('',#383,#384);
#383 = CARTESIAN_POINT('',(5.,97.25,5.));
#384 = VECTOR('',#385,1.);
#385 = DIRECTION('',(0.,0.,1.));
#386 = ORIENTED_EDGE('',*,*,#387,.F.);
#387 = EDGE_CURVE('',#274,#380,#388,.T.);
#388 = LINE('',#389,#390);
#389 = CARTESIAN_POINT('',(10.,97.25,8.));
#390 = VECTOR('',#391,1.);
#391 = DIRECTION('',(-1.,0.,0.));
#392 = ORIENTED_EDGE('',*,*,#273,.T.);
#393 = ORIENTED_EDGE('',*,*,#129,.F.);
#394 = ORIENTED_EDGE('',*,*,#177,.T.);
#395 = ORIENTED_EDGE('',*,*,#396,.F.);
#396 = EDGE_CURVE('',#348,#178,#397,.T.);
#397 = LINE('',#398,#399);
#398 = CARTESIAN_POINT('',(5.,97.25,14.4));
#399 = VECTOR('',#400,1.);
#400 = DIRECTION('',(1.,0.,0.));
#401 = PLANE('',#402);
#402 = AXIS2_PLACEMENT_3D('',#403,#404,#405);
#403 = CARTESIAN_POINT('',(5.435906515581,97.25,9.595184135977));
#404 = DIRECTION('',(-0.,-1.,-0.));
#405 = DIRECTION('',(0.,0.,-1.));
#406 = ADVANCED_FACE('',(#407),#437,.T.);
#407 = FACE_BOUND('',#408,.T.);
#408 = EDGE_LOOP('',(#409,#410,#411,#419,#428,#434,#435,#436));
#409 = ORIENTED_EDGE('',*,*,#250,.T.);
#410 = ORIENTED_EDGE('',*,*,#329,.T.);
#411 = ORIENTED_EDGE('',*,*,#412,.T.);
#412 = EDGE_CURVE('',#322,#413,#415,.T.);
#413 = VERTEX_POINT('',#414);
#414 = CARTESIAN_POINT('',(6.,102.25,14.4));
#415 = LINE('',#416,#417);
#416 = CARTESIAN_POINT('',(10.,102.25,14.4));
#417 = VECTOR('',#418,1.);
#418 = DIRECTION('',(-1.,0.,0.));
#419 = ORIENTED_EDGE('',*,*,#420,.T.);
#420 = EDGE_CURVE('',#413,#421,#423,.T.);
#421 = VERTEX_POINT('',#422);
#422 = CARTESIAN_POINT('',(5.,101.25,14.4));
#423 = CIRCLE('',#424,1.);
#424 = AXIS2_PLACEMENT_3D('',#425,#426,#427);
#425 = CARTESIAN_POINT('',(6.,101.25,14.4));
#426 = DIRECTION('',(0.,0.,1.));
#427 = DIRECTION('',(1.,0.,0.));
#428 = ORIENTED_EDGE('',*,*,#429,.T.);
#429 = EDGE_CURVE('',#421,#348,#430,.T.);
#430 = LINE('',#431,#432);
#431 = CARTESIAN_POINT('',(5.,101.25,14.4));
#432 = VECTOR('',#433,1.);
#433 = DIRECTION('',(0.,-1.,0.));
#434 = ORIENTED_EDGE('',*,*,#396,.T.);
#435 = ORIENTED_EDGE('',*,*,#185,.T.);
#436 = ORIENTED_EDGE('',*,*,#208,.F.);
#437 = PLANE('',#438);
#438 = AXIS2_PLACEMENT_3D('',#439,#440,#441);
#439 = CARTESIAN_POINT('',(6.78008554821,100.46991445179,14.4));
#440 = DIRECTION('',(0.,0.,1.));
#441 = DIRECTION('',(1.,0.,0.));
#442 = ADVANCED_FACE('',(#443),#446,.T.);
#443 = FACE_BOUND('',#444,.T.);
#444 = EDGE_LOOP('',(#445));
#445 = ORIENTED_EDGE('',*,*,#226,.T.);
#446 = PLANE('',#447);
#447 = AXIS2_PLACEMENT_3D('',#448,#449,#450);
#448 = CARTESIAN_POINT('',(159.81644223774,54.52100302538,5.));
#449 = DIRECTION('',(0.,0.,1.));
#450 = DIRECTION('',(1.,0.,0.));
#451 = ADVANCED_FACE('',(#452),#470,.T.);
#452 = FACE_BOUND('',#453,.T.);
#453 = EDGE_LOOP('',(#454,#462,#468,#469));
#454 = ORIENTED_EDGE('',*,*,#455,.T.);
#455 = EDGE_CURVE('',#380,#456,#458,.T.);
#456 = VERTEX_POINT('',#457);
#457 = CARTESIAN_POINT('',(5.,92.25,8.));
#458 = LINE('',#459,#460);
#459 = CARTESIAN_POINT('',(5.,97.25,8.));
#460 = VECTOR('',#461,1.);
#461 = DIRECTION('',(0.,-1.,0.));
#462 = ORIENTED_EDGE('',*,*,#463,.T.);
#463 = EDGE_CURVE('',#456,#282,#464,.T.);
#464 = LINE('',#465,#466);
#465 = CARTESIAN_POINT('',(5.,92.25,8.));
#466 = VECTOR('',#467,1.);
#467 = DIRECTION('',(1.,0.,0.));
#468 = ORIENTED_EDGE('',*,*,#281,.T.);
#469 = ORIENTED_EDGE('',*,*,#387,.T.);
#470 = PLANE('',#471);
#471 = AXIS2_PLACEMENT_3D('',#472,#473,#474);
#472 = CARTESIAN_POINT('',(20.,58.595998696763,8.));
#473 = DIRECTION('',(0.,0.,1.));
#474 = DIRECTION('',(1.,0.,0.));
#475 = ADVANCED_FACE('',(#476),#494,.F.);
#476 = FACE_BOUND('',#477,.F.);
#477 = EDGE_LOOP('',(#478,#486,#487,#488));
#478 = ORIENTED_EDGE('',*,*,#479,.T.);
#479 = EDGE_CURVE('',#480,#456,#482,.T.);
#480 = VERTEX_POINT('',#481);
#481 = CARTESIAN_POINT('',(5.,92.25,5.));
#482 = LINE('',#483,#484);
#483 = CARTESIAN_POINT('',(5.,92.25,5.));
#484 = VECTOR('',#485,1.);
#485 = DIRECTION('',(0.,0.,1.));
#486 = ORIENTED_EDGE('',*,*,#463,.T.);
#487 = ORIENTED_EDGE('',*,*,#289,.F.);
#488 = ORIENTED_EDGE('',*,*,#489,.F.);
#489 = EDGE_CURVE('',#480,#290,#490,.T.);
#490 = LINE('',#491,#492);
#491 = CARTESIAN_POINT('',(5.,92.25,5.));
#492 = VECTOR('',#493,1.);
#493 = DIRECTION('',(1.,0.,0.));
#494 = PLANE('',#495);
#495 = AXIS2_PLACEMENT_3D('',#496,#497,#498);
#496 = CARTESIAN_POINT('',(5.,92.25,5.));
#497 = DIRECTION('',(0.,1.,0.));
#498 = DIRECTION('',(1.,0.,0.));
#499 = ADVANCED_FACE('',(#500,#896,#930,#941,#975,#1009,#1043,#1054,
    #1088,#1122,#1156,#1167,#1201,#1235,#1246,#1280,#1314,#1325),#1359,
  .T.);
#500 = FACE_BOUND('',#501,.T.);
#501 = EDGE_LOOP('',(#502,#512,#520,#529,#537,#545,#553,#561,#569,#577,
    #585,#593,#601,#610,#618,#626,#634,#640,#641,#642,#648,#649,#657,
    #665,#673,#681,#689,#697,#705,#713,#721,#729,#737,#745,#753,#761,
    #769,#777,#785,#793,#801,#809,#817,#825,#833,#841,#849,#857,#865,
    #874,#882,#890));
#502 = ORIENTED_EDGE('',*,*,#503,.F.);
#503 = EDGE_CURVE('',#504,#506,#508,.T.);
#504 = VERTEX_POINT('',#505);
#505 = CARTESIAN_POINT('',(327.75,97.25,5.));
#506 = VERTEX_POINT('',#507);
#507 = CARTESIAN_POINT('',(331.,97.25,5.));
#508 = LINE('',#509,#510);
#509 = CARTESIAN_POINT('',(327.75,97.25,5.));
#510 = VECTOR('',#511,1.);
#511 = DIRECTION('',(1.,0.,0.));
#512 = ORIENTED_EDGE('',*,*,#513,.T.);
#513 = EDGE_CURVE('',#504,#514,#516,.T.);
#514 = VERTEX_POINT('',#515);
#515 = CARTESIAN_POINT('',(327.75,101.25,5.));
#516 = LINE('',#517,#518);
#517 = CARTESIAN_POINT('',(327.75,6.,5.));
#518 = VECTOR('',#519,1.);
#519 = DIRECTION('',(0.,1.,0.));
#520 = ORIENTED_EDGE('',*,*,#521,.T.);
#521 = EDGE_CURVE('',#514,#522,#524,.T.);
#522 = VERTEX_POINT('',#523);
#523 = CARTESIAN_POINT('',(326.75,102.25,5.));
#524 = CIRCLE('',#525,1.);
#525 = AXIS2_PLACEMENT_3D('',#526,#527,#528);
#526 = CARTESIAN_POINT('',(326.75,101.25,5.));
#527 = DIRECTION('',(0.,0.,1.));
#528 = DIRECTION('',(1.,0.,0.));
#529 = ORIENTED_EDGE('',*,*,#530,.T.);
#530 = EDGE_CURVE('',#522,#531,#533,.T.);
#531 = VERTEX_POINT('',#532);
#532 = CARTESIAN_POINT('',(201.875,102.25,5.));
#533 = LINE('',#534,#535);
#534 = CARTESIAN_POINT('',(326.75,102.25,5.));
#535 = VECTOR('',#536,1.);
#536 = DIRECTION('',(-1.,0.,0.));
#537 = ORIENTED_EDGE('',*,*,#538,.T.);
#538 = EDGE_CURVE('',#531,#539,#541,.T.);
#539 = VERTEX_POINT('',#540);
#540 = CARTESIAN_POINT('',(201.875,105.45,5.));
#541 = LINE('',#542,#543);
#542 = CARTESIAN_POINT('',(201.875,102.25,5.));
#543 = VECTOR('',#544,1.);
#544 = DIRECTION('',(0.,1.,-2.2E-16));
#545 = ORIENTED_EDGE('',*,*,#546,.F.);
#546 = EDGE_CURVE('',#547,#539,#549,.T.);
#547 = VERTEX_POINT('',#548);
#548 = CARTESIAN_POINT('',(195.875,105.45,5.));
#549 = LINE('',#550,#551);
#550 = CARTESIAN_POINT('',(165.875,105.45,5.));
#551 = VECTOR('',#552,1.);
#552 = DIRECTION('',(1.,0.,0.));
#553 = ORIENTED_EDGE('',*,*,#554,.T.);
#554 = EDGE_CURVE('',#547,#555,#557,.T.);
#555 = VERTEX_POINT('',#556);
#556 = CARTESIAN_POINT('',(195.875,107.25,5.));
#557 = LINE('',#558,#559);
#558 = CARTESIAN_POINT('',(195.875,102.25,5.));
#559 = VECTOR('',#560,1.);
#560 = DIRECTION('',(0.,1.,-2.2E-16));
#561 = ORIENTED_EDGE('',*,*,#562,.F.);
#562 = EDGE_CURVE('',#563,#555,#565,.T.);
#563 = VERTEX_POINT('',#564);
#564 = CARTESIAN_POINT('',(171.875,107.25,5.));
#565 = LINE('',#566,#567);
#566 = CARTESIAN_POINT('',(171.875,107.25,5.));
#567 = VECTOR('',#568,1.);
#568 = DIRECTION('',(1.,0.,0.));
#569 = ORIENTED_EDGE('',*,*,#570,.F.);
#570 = EDGE_CURVE('',#571,#563,#573,.T.);
#571 = VERTEX_POINT('',#572);
#572 = CARTESIAN_POINT('',(171.875,105.45,5.));
#573 = LINE('',#574,#575);
#574 = CARTESIAN_POINT('',(171.875,102.25,5.));
#575 = VECTOR('',#576,1.);
#576 = DIRECTION('',(0.,1.,-2.2E-16));
#577 = ORIENTED_EDGE('',*,*,#578,.F.);
#578 = EDGE_CURVE('',#579,#571,#581,.T.);
#579 = VERTEX_POINT('',#580);
#580 = CARTESIAN_POINT('',(165.875,105.45,5.));
#581 = LINE('',#582,#583);
#582 = CARTESIAN_POINT('',(165.875,105.45,5.));
#583 = VECTOR('',#584,1.);
#584 = DIRECTION('',(1.,0.,0.));
#585 = ORIENTED_EDGE('',*,*,#586,.F.);
#586 = EDGE_CURVE('',#587,#579,#589,.T.);
#587 = VERTEX_POINT('',#588);
#588 = CARTESIAN_POINT('',(165.875,102.25,5.));
#589 = LINE('',#590,#591);
#590 = CARTESIAN_POINT('',(165.875,102.25,5.));
#591 = VECTOR('',#592,1.);
#592 = DIRECTION('',(0.,1.,-2.2E-16));
#593 = ORIENTED_EDGE('',*,*,#594,.T.);
#594 = EDGE_CURVE('',#587,#595,#597,.T.);
#595 = VERTEX_POINT('',#596);
#596 = CARTESIAN_POINT('',(41.,102.25,5.));
#597 = LINE('',#598,#599);
#598 = CARTESIAN_POINT('',(326.75,102.25,5.));
#599 = VECTOR('',#600,1.);
#600 = DIRECTION('',(-1.,0.,0.));
#601 = ORIENTED_EDGE('',*,*,#602,.T.);
#602 = EDGE_CURVE('',#595,#603,#605,.T.);
#603 = VERTEX_POINT('',#604);
#604 = CARTESIAN_POINT('',(40.,101.25,5.));
#605 = CIRCLE('',#606,1.);
#606 = AXIS2_PLACEMENT_3D('',#607,#608,#609);
#607 = CARTESIAN_POINT('',(41.,101.25,5.));
#608 = DIRECTION('',(0.,0.,1.));
#609 = DIRECTION('',(1.,0.,0.));
#610 = ORIENTED_EDGE('',*,*,#611,.T.);
#611 = EDGE_CURVE('',#603,#612,#614,.T.);
#612 = VERTEX_POINT('',#613);
#613 = CARTESIAN_POINT('',(40.,92.25,5.));
#614 = LINE('',#615,#616);
#615 = CARTESIAN_POINT('',(40.,101.25,5.));
#616 = VECTOR('',#617,1.);
#617 = DIRECTION('',(0.,-1.,0.));
#618 = ORIENTED_EDGE('',*,*,#619,.T.);
#619 = EDGE_CURVE('',#612,#620,#622,.T.);
#620 = VERTEX_POINT('',#621);
#621 = CARTESIAN_POINT('',(30.,92.25,5.));
#622 = LINE('',#623,#624);
#623 = CARTESIAN_POINT('',(40.,92.25,5.));
#624 = VECTOR('',#625,1.);
#625 = DIRECTION('',(-1.,-0.,-0.));
#626 = ORIENTED_EDGE('',*,*,#627,.F.);
#627 = EDGE_CURVE('',#628,#620,#630,.T.);
#628 = VERTEX_POINT('',#629);
#629 = CARTESIAN_POINT('',(30.,105.5,5.));
#630 = LINE('',#631,#632);
#631 = CARTESIAN_POINT('',(30.,97.25,5.));
#632 = VECTOR('',#633,1.);
#633 = DIRECTION('',(0.,-1.,0.));
#634 = ORIENTED_EDGE('',*,*,#635,.F.);
#635 = EDGE_CURVE('',#298,#628,#636,.T.);
#636 = LINE('',#637,#638);
#637 = CARTESIAN_POINT('',(10.,105.5,5.));
#638 = VECTOR('',#639,1.);
#639 = DIRECTION('',(1.,0.,0.));
#640 = ORIENTED_EDGE('',*,*,#297,.F.);
#641 = ORIENTED_EDGE('',*,*,#489,.F.);
#642 = ORIENTED_EDGE('',*,*,#643,.F.);
#643 = EDGE_CURVE('',#372,#480,#644,.T.);
#644 = LINE('',#645,#646);
#645 = CARTESIAN_POINT('',(5.,97.25,5.));
#646 = VECTOR('',#647,1.);
#647 = DIRECTION('',(0.,-1.,0.));
#648 = ORIENTED_EDGE('',*,*,#371,.F.);
#649 = ORIENTED_EDGE('',*,*,#650,.F.);
#650 = EDGE_CURVE('',#651,#364,#653,.T.);
#651 = VERTEX_POINT('',#652);
#652 = CARTESIAN_POINT('',(1.75,73.25,5.));
#653 = LINE('',#654,#655);
#654 = CARTESIAN_POINT('',(1.75,73.25,5.));
#655 = VECTOR('',#656,1.);
#656 = DIRECTION('',(0.,1.,0.));
#657 = ORIENTED_EDGE('',*,*,#658,.F.);
#658 = EDGE_CURVE('',#659,#651,#661,.T.);
#659 = VERTEX_POINT('',#660);
#660 = CARTESIAN_POINT('',(5.,73.25,5.));
#661 = LINE('',#662,#663);
#662 = CARTESIAN_POINT('',(5.,73.25,5.));
#663 = VECTOR('',#664,1.);
#664 = DIRECTION('',(-1.,-0.,-0.));
#665 = ORIENTED_EDGE('',*,*,#666,.T.);
#666 = EDGE_CURVE('',#659,#667,#669,.T.);
#667 = VERTEX_POINT('',#668);
#668 = CARTESIAN_POINT('',(5.,68.25,5.));
#669 = LINE('',#670,#671);
#670 = CARTESIAN_POINT('',(5.,101.25,5.));
#671 = VECTOR('',#672,1.);
#672 = DIRECTION('',(0.,-1.,0.));
#673 = ORIENTED_EDGE('',*,*,#674,.F.);
#674 = EDGE_CURVE('',#675,#667,#677,.T.);
#675 = VERTEX_POINT('',#676);
#676 = CARTESIAN_POINT('',(10.,68.25,5.));
#677 = LINE('',#678,#679);
#678 = CARTESIAN_POINT('',(10.,68.25,5.));
#679 = VECTOR('',#680,1.);
#680 = DIRECTION('',(-1.,0.,0.));
#681 = ORIENTED_EDGE('',*,*,#682,.F.);
#682 = EDGE_CURVE('',#683,#675,#685,.T.);
#683 = VERTEX_POINT('',#684);
#684 = CARTESIAN_POINT('',(10.,63.25,5.));
#685 = LINE('',#686,#687);
#686 = CARTESIAN_POINT('',(10.,63.25,5.));
#687 = VECTOR('',#688,1.);
#688 = DIRECTION('',(0.,1.,0.));
#689 = ORIENTED_EDGE('',*,*,#690,.F.);
#690 = EDGE_CURVE('',#691,#683,#693,.T.);
#691 = VERTEX_POINT('',#692);
#692 = CARTESIAN_POINT('',(5.,63.25,5.));
#693 = LINE('',#694,#695);
#694 = CARTESIAN_POINT('',(5.,63.25,5.));
#695 = VECTOR('',#696,1.);
#696 = DIRECTION('',(1.,0.,0.));
#697 = ORIENTED_EDGE('',*,*,#698,.T.);
#698 = EDGE_CURVE('',#691,#699,#701,.T.);
#699 = VERTEX_POINT('',#700);
#700 = CARTESIAN_POINT('',(5.,15.,5.));
#701 = LINE('',#702,#703);
#702 = CARTESIAN_POINT('',(5.,101.25,5.));
#703 = VECTOR('',#704,1.);
#704 = DIRECTION('',(0.,-1.,0.));
#705 = ORIENTED_EDGE('',*,*,#706,.F.);
#706 = EDGE_CURVE('',#707,#699,#709,.T.);
#707 = VERTEX_POINT('',#708);
#708 = CARTESIAN_POINT('',(10.,15.,5.));
#709 = LINE('',#710,#711);
#710 = CARTESIAN_POINT('',(10.,15.,5.));
#711 = VECTOR('',#712,1.);
#712 = DIRECTION('',(-1.,0.,0.));
#713 = ORIENTED_EDGE('',*,*,#714,.F.);
#714 = EDGE_CURVE('',#715,#707,#717,.T.);
#715 = VERTEX_POINT('',#716);
#716 = CARTESIAN_POINT('',(10.,5.000000000012,5.));
#717 = LINE('',#718,#719);
#718 = CARTESIAN_POINT('',(10.,10.,5.));
#719 = VECTOR('',#720,1.);
#720 = DIRECTION('',(0.,1.,0.));
#721 = ORIENTED_EDGE('',*,*,#722,.T.);
#722 = EDGE_CURVE('',#715,#723,#725,.T.);
#723 = VERTEX_POINT('',#724);
#724 = CARTESIAN_POINT('',(30.,5.,5.));
#725 = LINE('',#726,#727);
#726 = CARTESIAN_POINT('',(6.,5.,5.));
#727 = VECTOR('',#728,1.);
#728 = DIRECTION('',(1.,0.,0.));
#729 = ORIENTED_EDGE('',*,*,#730,.F.);
#730 = EDGE_CURVE('',#731,#723,#733,.T.);
#731 = VERTEX_POINT('',#732);
#732 = CARTESIAN_POINT('',(30.,15.,5.));
#733 = LINE('',#734,#735);
#734 = CARTESIAN_POINT('',(30.,10.,5.));
#735 = VECTOR('',#736,1.);
#736 = DIRECTION('',(0.,-1.,0.));
#737 = ORIENTED_EDGE('',*,*,#738,.F.);
#738 = EDGE_CURVE('',#739,#731,#741,.T.);
#739 = VERTEX_POINT('',#740);
#740 = CARTESIAN_POINT('',(30.,49.,5.));
#741 = LINE('',#742,#743);
#742 = CARTESIAN_POINT('',(30.,49.,5.));
#743 = VECTOR('',#744,1.);
#744 = DIRECTION('',(0.,-1.,0.));
#745 = ORIENTED_EDGE('',*,*,#746,.F.);
#746 = EDGE_CURVE('',#747,#739,#749,.T.);
#747 = VERTEX_POINT('',#748);
#748 = CARTESIAN_POINT('',(27.,53.,5.));
#749 = LINE('',#750,#751);
#750 = CARTESIAN_POINT('',(27.,53.,5.));
#751 = VECTOR('',#752,1.);
#752 = DIRECTION('',(0.6,-0.8,0.));
#753 = ORIENTED_EDGE('',*,*,#754,.F.);
#754 = EDGE_CURVE('',#755,#747,#757,.T.);
#755 = VERTEX_POINT('',#756);
#756 = CARTESIAN_POINT('',(27.,60.,5.));
#757 = LINE('',#758,#759);
#758 = CARTESIAN_POINT('',(27.,60.,5.));
#759 = VECTOR('',#760,1.);
#760 = DIRECTION('',(0.,-1.,0.));
#761 = ORIENTED_EDGE('',*,*,#762,.T.);
#762 = EDGE_CURVE('',#755,#763,#765,.T.);
#763 = VERTEX_POINT('',#764);
#764 = CARTESIAN_POINT('',(35.,60.,5.));
#765 = LINE('',#766,#767);
#766 = CARTESIAN_POINT('',(27.,60.,5.));
#767 = VECTOR('',#768,1.);
#768 = DIRECTION('',(1.,0.,0.));
#769 = ORIENTED_EDGE('',*,*,#770,.T.);
#770 = EDGE_CURVE('',#763,#771,#773,.T.);
#771 = VERTEX_POINT('',#772);
#772 = CARTESIAN_POINT('',(35.,63.25,5.));
#773 = LINE('',#774,#775);
#774 = CARTESIAN_POINT('',(35.,6.,5.));
#775 = VECTOR('',#776,1.);
#776 = DIRECTION('',(0.,1.,0.));
#777 = ORIENTED_EDGE('',*,*,#778,.F.);
#778 = EDGE_CURVE('',#779,#771,#781,.T.);
#779 = VERTEX_POINT('',#780);
#780 = CARTESIAN_POINT('',(30.,63.25,5.));
#781 = LINE('',#782,#783);
#782 = CARTESIAN_POINT('',(30.,63.25,5.));
#783 = VECTOR('',#784,1.);
#784 = DIRECTION('',(1.,0.,0.));
#785 = ORIENTED_EDGE('',*,*,#786,.F.);
#786 = EDGE_CURVE('',#787,#779,#789,.T.);
#787 = VERTEX_POINT('',#788);
#788 = CARTESIAN_POINT('',(30.,68.25,5.));
#789 = LINE('',#790,#791);
#790 = CARTESIAN_POINT('',(30.,68.25,5.));
#791 = VECTOR('',#792,1.);
#792 = DIRECTION('',(0.,-1.,0.));
#793 = ORIENTED_EDGE('',*,*,#794,.F.);
#794 = EDGE_CURVE('',#795,#787,#797,.T.);
#795 = VERTEX_POINT('',#796);
#796 = CARTESIAN_POINT('',(40.,68.25,5.));
#797 = LINE('',#798,#799);
#798 = CARTESIAN_POINT('',(35.,68.25,5.));
#799 = VECTOR('',#800,1.);
#800 = DIRECTION('',(-1.,0.,0.));
#801 = ORIENTED_EDGE('',*,*,#802,.T.);
#802 = EDGE_CURVE('',#795,#803,#805,.T.);
#803 = VERTEX_POINT('',#804);
#804 = CARTESIAN_POINT('',(40.,20.,5.));
#805 = LINE('',#806,#807);
#806 = CARTESIAN_POINT('',(40.,101.25,5.));
#807 = VECTOR('',#808,1.);
#808 = DIRECTION('',(0.,-1.,0.));
#809 = ORIENTED_EDGE('',*,*,#810,.T.);
#810 = EDGE_CURVE('',#803,#811,#813,.T.);
#811 = VERTEX_POINT('',#812);
#812 = CARTESIAN_POINT('',(45.,20.,5.));
#813 = LINE('',#814,#815);
#814 = CARTESIAN_POINT('',(35.,20.,5.));
#815 = VECTOR('',#816,1.);
#816 = DIRECTION('',(1.,0.,0.));
#817 = ORIENTED_EDGE('',*,*,#818,.T.);
#818 = EDGE_CURVE('',#811,#819,#821,.T.);
#819 = VERTEX_POINT('',#820);
#820 = CARTESIAN_POINT('',(45.,10.,5.));
#821 = LINE('',#822,#823);
#822 = CARTESIAN_POINT('',(45.,20.,5.));
#823 = VECTOR('',#824,1.);
#824 = DIRECTION('',(0.,-1.,0.));
#825 = ORIENTED_EDGE('',*,*,#826,.T.);
#826 = EDGE_CURVE('',#819,#827,#829,.T.);
#827 = VERTEX_POINT('',#828);
#828 = CARTESIAN_POINT('',(111.75,10.,5.));
#829 = LINE('',#830,#831);
#830 = CARTESIAN_POINT('',(45.,10.,5.));
#831 = VECTOR('',#832,1.);
#832 = DIRECTION('',(1.,0.,0.));
#833 = ORIENTED_EDGE('',*,*,#834,.F.);
#834 = EDGE_CURVE('',#835,#827,#837,.T.);
#835 = VERTEX_POINT('',#836);
#836 = CARTESIAN_POINT('',(111.75,48.,5.));
#837 = LINE('',#838,#839);
#838 = CARTESIAN_POINT('',(111.75,48.,5.));
#839 = VECTOR('',#840,1.);
#840 = DIRECTION('',(0.,-1.,0.));
#841 = ORIENTED_EDGE('',*,*,#842,.F.);
#842 = EDGE_CURVE('',#843,#835,#845,.T.);
#843 = VERTEX_POINT('',#844);
#844 = CARTESIAN_POINT('',(221.75,48.,5.));
#845 = LINE('',#846,#847);
#846 = CARTESIAN_POINT('',(221.75,48.,5.));
#847 = VECTOR('',#848,1.);
#848 = DIRECTION('',(-1.,0.,0.));
#849 = ORIENTED_EDGE('',*,*,#850,.F.);
#850 = EDGE_CURVE('',#851,#843,#853,.T.);
#851 = VERTEX_POINT('',#852);
#852 = CARTESIAN_POINT('',(221.75,5.,5.));
#853 = LINE('',#854,#855);
#854 = CARTESIAN_POINT('',(221.75,5.,5.));
#855 = VECTOR('',#856,1.);
#856 = DIRECTION('',(0.,1.,0.));
#857 = ORIENTED_EDGE('',*,*,#858,.T.);
#858 = EDGE_CURVE('',#851,#859,#861,.T.);
#859 = VERTEX_POINT('',#860);
#860 = CARTESIAN_POINT('',(326.75,5.,5.));
#861 = LINE('',#862,#863);
#862 = CARTESIAN_POINT('',(41.,5.,5.));
#863 = VECTOR('',#864,1.);
#864 = DIRECTION('',(1.,0.,0.));
#865 = ORIENTED_EDGE('',*,*,#866,.T.);
#866 = EDGE_CURVE('',#859,#867,#869,.T.);
#867 = VERTEX_POINT('',#868);
#868 = CARTESIAN_POINT('',(327.75,6.,5.));
#869 = CIRCLE('',#870,1.);
#870 = AXIS2_PLACEMENT_3D('',#871,#872,#873);
#871 = CARTESIAN_POINT('',(326.75,6.,5.));
#872 = DIRECTION('',(0.,0.,1.));
#873 = DIRECTION('',(1.,0.,0.));
#874 = ORIENTED_EDGE('',*,*,#875,.T.);
#875 = EDGE_CURVE('',#867,#876,#878,.T.);
#876 = VERTEX_POINT('',#877);
#877 = CARTESIAN_POINT('',(327.75,73.25,5.));
#878 = LINE('',#879,#880);
#879 = CARTESIAN_POINT('',(327.75,6.,5.));
#880 = VECTOR('',#881,1.);
#881 = DIRECTION('',(0.,1.,0.));
#882 = ORIENTED_EDGE('',*,*,#883,.T.);
#883 = EDGE_CURVE('',#876,#884,#886,.T.);
#884 = VERTEX_POINT('',#885);
#885 = CARTESIAN_POINT('',(331.,73.25,5.));
#886 = LINE('',#887,#888);
#887 = CARTESIAN_POINT('',(327.75,73.25,5.));
#888 = VECTOR('',#889,1.);
#889 = DIRECTION('',(1.,0.,0.));
#890 = ORIENTED_EDGE('',*,*,#891,.F.);
#891 = EDGE_CURVE('',#506,#884,#892,.T.);
#892 = LINE('',#893,#894);
#893 = CARTESIAN_POINT('',(331.,97.25,5.));
#894 = VECTOR('',#895,1.);
#895 = DIRECTION('',(0.,-1.,0.));
#896 = FACE_BOUND('',#897,.T.);
#897 = EDGE_LOOP('',(#898,#908,#916,#924));
#898 = ORIENTED_EDGE('',*,*,#899,.F.);
#899 = EDGE_CURVE('',#900,#902,#904,.T.);
#900 = VERTEX_POINT('',#901);
#901 = CARTESIAN_POINT('',(60.25,24.15,5.));
#902 = VERTEX_POINT('',#903);
#903 = CARTESIAN_POINT('',(60.25,26.35,5.));
#904 = LINE('',#905,#906);
#905 = CARTESIAN_POINT('',(60.25,39.948550507346,5.));
#906 = VECTOR('',#907,1.);
#907 = DIRECTION('',(0.,1.,0.));
#908 = ORIENTED_EDGE('',*,*,#909,.F.);
#909 = EDGE_CURVE('',#910,#900,#912,.T.);
#910 = VERTEX_POINT('',#911);
#911 = CARTESIAN_POINT('',(55.75,24.15,5.));
#912 = LINE('',#913,#914);
#913 = CARTESIAN_POINT('',(55.75,24.15,5.));
#914 = VECTOR('',#915,1.);
#915 = DIRECTION('',(1.,0.,0.));
#916 = ORIENTED_EDGE('',*,*,#917,.F.);
#917 = EDGE_CURVE('',#918,#910,#920,.T.);
#918 = VERTEX_POINT('',#919);
#919 = CARTESIAN_POINT('',(55.75,26.35,5.));
#920 = LINE('',#921,#922);
#921 = CARTESIAN_POINT('',(55.75,40.548550507346,5.));
#922 = VECTOR('',#923,1.);
#923 = DIRECTION('',(-0.,-1.,-0.));
#924 = ORIENTED_EDGE('',*,*,#925,.F.);
#925 = EDGE_CURVE('',#902,#918,#926,.T.);
#926 = LINE('',#927,#928);
#927 = CARTESIAN_POINT('',(60.25,26.35,5.));
#928 = VECTOR('',#929,1.);
#929 = DIRECTION('',(-1.,0.,0.));
#930 = FACE_BOUND('',#931,.T.);
#931 = EDGE_LOOP('',(#932));
#932 = ORIENTED_EDGE('',*,*,#933,.F.);
#933 = EDGE_CURVE('',#934,#934,#936,.T.);
#934 = VERTEX_POINT('',#935);
#935 = CARTESIAN_POINT('',(68.,25.25,5.));
#936 = CIRCLE('',#937,3.5);
#937 = AXIS2_PLACEMENT_3D('',#938,#939,#940);
#938 = CARTESIAN_POINT('',(64.5,25.25,5.));
#939 = DIRECTION('',(0.,0.,1.));
#940 = DIRECTION('',(1.,0.,0.));
#941 = FACE_BOUND('',#942,.T.);
#942 = EDGE_LOOP('',(#943,#953,#961,#969));
#943 = ORIENTED_EDGE('',*,*,#944,.F.);
#944 = EDGE_CURVE('',#945,#947,#949,.T.);
#945 = VERTEX_POINT('',#946);
#946 = CARTESIAN_POINT('',(73.25,24.15,5.));
#947 = VERTEX_POINT('',#948);
#948 = CARTESIAN_POINT('',(73.25,26.35,5.));
#949 = LINE('',#950,#951);
#950 = CARTESIAN_POINT('',(73.25,39.948550507346,5.));
#951 = VECTOR('',#952,1.);
#952 = DIRECTION('',(0.,1.,0.));
#953 = ORIENTED_EDGE('',*,*,#954,.F.);
#954 = EDGE_CURVE('',#955,#945,#957,.T.);
#955 = VERTEX_POINT('',#956);
#956 = CARTESIAN_POINT('',(68.75,24.15,5.));
#957 = LINE('',#958,#959);
#958 = CARTESIAN_POINT('',(68.75,24.15,5.));
#959 = VECTOR('',#960,1.);
#960 = DIRECTION('',(1.,0.,0.));
#961 = ORIENTED_EDGE('',*,*,#962,.F.);
#962 = EDGE_CURVE('',#963,#955,#965,.T.);
#963 = VERTEX_POINT('',#964);
#964 = CARTESIAN_POINT('',(68.75,26.35,5.));
#965 = LINE('',#966,#967);
#966 = CARTESIAN_POINT('',(68.75,40.548550507346,5.));
#967 = VECTOR('',#968,1.);
#968 = DIRECTION('',(-0.,-1.,-0.));
#969 = ORIENTED_EDGE('',*,*,#970,.F.);
#970 = EDGE_CURVE('',#947,#963,#971,.T.);
#971 = LINE('',#972,#973);
#972 = CARTESIAN_POINT('',(73.25,26.35,5.));
#973 = VECTOR('',#974,1.);
#974 = DIRECTION('',(-1.,0.,0.));
#975 = FACE_BOUND('',#976,.T.);
#976 = EDGE_LOOP('',(#977,#987,#995,#1003));
#977 = ORIENTED_EDGE('',*,*,#978,.F.);
#978 = EDGE_CURVE('',#979,#981,#983,.T.);
#979 = VERTEX_POINT('',#980);
#980 = CARTESIAN_POINT('',(22.,48.,5.));
#981 = VERTEX_POINT('',#982);
#982 = CARTESIAN_POINT('',(22.,36.,5.));
#983 = LINE('',#984,#985);
#984 = CARTESIAN_POINT('',(22.,48.,5.));
#985 = VECTOR('',#986,1.);
#986 = DIRECTION('',(0.,-1.,0.));
#987 = ORIENTED_EDGE('',*,*,#988,.F.);
#988 = EDGE_CURVE('',#989,#979,#991,.T.);
#989 = VERTEX_POINT('',#990);
#990 = CARTESIAN_POINT('',(27.,48.,5.));
#991 = LINE('',#992,#993);
#992 = CARTESIAN_POINT('',(27.,48.,5.));
#993 = VECTOR('',#994,1.);
#994 = DIRECTION('',(-1.,0.,0.));
#995 = ORIENTED_EDGE('',*,*,#996,.F.);
#996 = EDGE_CURVE('',#997,#989,#999,.T.);
#997 = VERTEX_POINT('',#998);
#998 = CARTESIAN_POINT('',(27.,36.,5.));
#999 = LINE('',#1000,#1001);
#1000 = CARTESIAN_POINT('',(27.,36.,5.));
#1001 = VECTOR('',#1002,1.);
#1002 = DIRECTION('',(0.,1.,0.));
#1003 = ORIENTED_EDGE('',*,*,#1004,.F.);
#1004 = EDGE_CURVE('',#981,#997,#1005,.T.);
#1005 = LINE('',#1006,#1007);
#1006 = CARTESIAN_POINT('',(22.,36.,5.));
#1007 = VECTOR('',#1008,1.);
#1008 = DIRECTION('',(1.,0.,0.));
#1009 = FACE_BOUND('',#1010,.T.);
#1010 = EDGE_LOOP('',(#1011,#1021,#1029,#1037));
#1011 = ORIENTED_EDGE('',*,*,#1012,.F.);
#1012 = EDGE_CURVE('',#1013,#1015,#1017,.T.);
#1013 = VERTEX_POINT('',#1014);
#1014 = CARTESIAN_POINT('',(294.5,26.35,5.));
#1015 = VERTEX_POINT('',#1016);
#1016 = CARTESIAN_POINT('',(294.5,24.15,5.));
#1017 = LINE('',#1018,#1019);
#1018 = CARTESIAN_POINT('',(294.5,40.548550507346,5.));
#1019 = VECTOR('',#1020,1.);
#1020 = DIRECTION('',(-0.,-1.,-0.));
#1021 = ORIENTED_EDGE('',*,*,#1022,.F.);
#1022 = EDGE_CURVE('',#1023,#1013,#1025,.T.);
#1023 = VERTEX_POINT('',#1024);
#1024 = CARTESIAN_POINT('',(299.,26.35,5.));
#1025 = LINE('',#1026,#1027);
#1026 = CARTESIAN_POINT('',(299.,26.35,5.));
#1027 = VECTOR('',#1028,1.);
#1028 = DIRECTION('',(-1.,0.,0.));
#1029 = ORIENTED_EDGE('',*,*,#1030,.F.);
#1030 = EDGE_CURVE('',#1031,#1023,#1033,.T.);
#1031 = VERTEX_POINT('',#1032);
#1032 = CARTESIAN_POINT('',(299.,24.15,5.));
#1033 = LINE('',#1034,#1035);
#1034 = CARTESIAN_POINT('',(299.,39.948550507346,5.));
#1035 = VECTOR('',#1036,1.);
#1036 = DIRECTION('',(0.,1.,0.));
#1037 = ORIENTED_EDGE('',*,*,#1038,.F.);
#1038 = EDGE_CURVE('',#1015,#1031,#1039,.T.);
#1039 = LINE('',#1040,#1041);
#1040 = CARTESIAN_POINT('',(294.5,24.15,5.));
#1041 = VECTOR('',#1042,1.);
#1042 = DIRECTION('',(1.,0.,0.));
#1043 = FACE_BOUND('',#1044,.T.);
#1044 = EDGE_LOOP('',(#1045));
#1045 = ORIENTED_EDGE('',*,*,#1046,.F.);
#1046 = EDGE_CURVE('',#1047,#1047,#1049,.T.);
#1047 = VERTEX_POINT('',#1048);
#1048 = CARTESIAN_POINT('',(306.75,25.25,5.));
#1049 = CIRCLE('',#1050,3.5);
#1050 = AXIS2_PLACEMENT_3D('',#1051,#1052,#1053);
#1051 = CARTESIAN_POINT('',(303.25,25.25,5.));
#1052 = DIRECTION('',(0.,0.,1.));
#1053 = DIRECTION('',(1.,0.,0.));
#1054 = FACE_BOUND('',#1055,.T.);
#1055 = EDGE_LOOP('',(#1056,#1066,#1074,#1082));
#1056 = ORIENTED_EDGE('',*,*,#1057,.F.);
#1057 = EDGE_CURVE('',#1058,#1060,#1062,.T.);
#1058 = VERTEX_POINT('',#1059);
#1059 = CARTESIAN_POINT('',(307.5,26.35,5.));
#1060 = VERTEX_POINT('',#1061);
#1061 = CARTESIAN_POINT('',(307.5,24.15,5.));
#1062 = LINE('',#1063,#1064);
#1063 = CARTESIAN_POINT('',(307.5,40.548550507346,5.));
#1064 = VECTOR('',#1065,1.);
#1065 = DIRECTION('',(-0.,-1.,-0.));
#1066 = ORIENTED_EDGE('',*,*,#1067,.F.);
#1067 = EDGE_CURVE('',#1068,#1058,#1070,.T.);
#1068 = VERTEX_POINT('',#1069);
#1069 = CARTESIAN_POINT('',(312.,26.35,5.));
#1070 = LINE('',#1071,#1072);
#1071 = CARTESIAN_POINT('',(312.,26.35,5.));
#1072 = VECTOR('',#1073,1.);
#1073 = DIRECTION('',(-1.,0.,0.));
#1074 = ORIENTED_EDGE('',*,*,#1075,.F.);
#1075 = EDGE_CURVE('',#1076,#1068,#1078,.T.);
#1076 = VERTEX_POINT('',#1077);
#1077 = CARTESIAN_POINT('',(312.,24.15,5.));
#1078 = LINE('',#1079,#1080);
#1079 = CARTESIAN_POINT('',(312.,39.948550507346,5.));
#1080 = VECTOR('',#1081,1.);
#1081 = DIRECTION('',(0.,1.,0.));
#1082 = ORIENTED_EDGE('',*,*,#1083,.F.);
#1083 = EDGE_CURVE('',#1060,#1076,#1084,.T.);
#1084 = LINE('',#1085,#1086);
#1085 = CARTESIAN_POINT('',(307.5,24.15,5.));
#1086 = VECTOR('',#1087,1.);
#1087 = DIRECTION('',(1.,0.,0.));
#1088 = FACE_BOUND('',#1089,.T.);
#1089 = EDGE_LOOP('',(#1090,#1100,#1108,#1116));
#1090 = ORIENTED_EDGE('',*,*,#1091,.F.);
#1091 = EDGE_CURVE('',#1092,#1094,#1096,.T.);
#1092 = VERTEX_POINT('',#1093);
#1093 = CARTESIAN_POINT('',(35.,71.75,5.));
#1094 = VERTEX_POINT('',#1095);
#1095 = CARTESIAN_POINT('',(35.,70.75,5.));
#1096 = LINE('',#1097,#1098);
#1097 = CARTESIAN_POINT('',(35.,71.75,5.));
#1098 = VECTOR('',#1099,1.);
#1099 = DIRECTION('',(0.,-1.,0.));
#1100 = ORIENTED_EDGE('',*,*,#1101,.F.);
#1101 = EDGE_CURVE('',#1102,#1092,#1104,.T.);
#1102 = VERTEX_POINT('',#1103);
#1103 = CARTESIAN_POINT('',(40.,71.75,5.));
#1104 = LINE('',#1105,#1106);
#1105 = CARTESIAN_POINT('',(40.,71.75,5.));
#1106 = VECTOR('',#1107,1.);
#1107 = DIRECTION('',(-1.,0.,0.));
#1108 = ORIENTED_EDGE('',*,*,#1109,.F.);
#1109 = EDGE_CURVE('',#1110,#1102,#1112,.T.);
#1110 = VERTEX_POINT('',#1111);
#1111 = CARTESIAN_POINT('',(40.,70.75,5.));
#1112 = LINE('',#1113,#1114);
#1113 = CARTESIAN_POINT('',(40.,70.75,5.));
#1114 = VECTOR('',#1115,1.);
#1115 = DIRECTION('',(0.,1.,0.));
#1116 = ORIENTED_EDGE('',*,*,#1117,.F.);
#1117 = EDGE_CURVE('',#1094,#1110,#1118,.T.);
#1118 = LINE('',#1119,#1120);
#1119 = CARTESIAN_POINT('',(35.,70.75,5.));
#1120 = VECTOR('',#1121,1.);
#1121 = DIRECTION('',(1.,0.,0.));
#1122 = FACE_BOUND('',#1123,.T.);
#1123 = EDGE_LOOP('',(#1124,#1134,#1142,#1150));
#1124 = ORIENTED_EDGE('',*,*,#1125,.F.);
#1125 = EDGE_CURVE('',#1126,#1128,#1130,.T.);
#1126 = VERTEX_POINT('',#1127);
#1127 = CARTESIAN_POINT('',(55.75,83.1,5.));
#1128 = VERTEX_POINT('',#1129);
#1129 = CARTESIAN_POINT('',(55.75,80.9,5.));
#1130 = LINE('',#1131,#1132);
#1131 = CARTESIAN_POINT('',(55.75,68.923550507346,5.));
#1132 = VECTOR('',#1133,1.);
#1133 = DIRECTION('',(-0.,-1.,-0.));
#1134 = ORIENTED_EDGE('',*,*,#1135,.F.);
#1135 = EDGE_CURVE('',#1136,#1126,#1138,.T.);
#1136 = VERTEX_POINT('',#1137);
#1137 = CARTESIAN_POINT('',(60.25,83.1,5.));
#1138 = LINE('',#1139,#1140);
#1139 = CARTESIAN_POINT('',(60.25,83.1,5.));
#1140 = VECTOR('',#1141,1.);
#1141 = DIRECTION('',(-1.,0.,0.));
#1142 = ORIENTED_EDGE('',*,*,#1143,.F.);
#1143 = EDGE_CURVE('',#1144,#1136,#1146,.T.);
#1144 = VERTEX_POINT('',#1145);
#1145 = CARTESIAN_POINT('',(60.25,80.9,5.));
#1146 = LINE('',#1147,#1148);
#1147 = CARTESIAN_POINT('',(60.25,68.323550507346,5.));
#1148 = VECTOR('',#1149,1.);
#1149 = DIRECTION('',(0.,1.,0.));
#1150 = ORIENTED_EDGE('',*,*,#1151,.F.);
#1151 = EDGE_CURVE('',#1128,#1144,#1152,.T.);
#1152 = LINE('',#1153,#1154);
#1153 = CARTESIAN_POINT('',(55.75,80.9,5.));
#1154 = VECTOR('',#1155,1.);
#1155 = DIRECTION('',(1.,0.,0.));
#1156 = FACE_BOUND('',#1157,.T.);
#1157 = EDGE_LOOP('',(#1158));
#1158 = ORIENTED_EDGE('',*,*,#1159,.F.);
#1159 = EDGE_CURVE('',#1160,#1160,#1162,.T.);
#1160 = VERTEX_POINT('',#1161);
#1161 = CARTESIAN_POINT('',(68.,82.,5.));
#1162 = CIRCLE('',#1163,3.5);
#1163 = AXIS2_PLACEMENT_3D('',#1164,#1165,#1166);
#1164 = CARTESIAN_POINT('',(64.5,82.,5.));
#1165 = DIRECTION('',(0.,0.,1.));
#1166 = DIRECTION('',(1.,0.,0.));
#1167 = FACE_BOUND('',#1168,.T.);
#1168 = EDGE_LOOP('',(#1169,#1179,#1187,#1195));
#1169 = ORIENTED_EDGE('',*,*,#1170,.F.);
#1170 = EDGE_CURVE('',#1171,#1173,#1175,.T.);
#1171 = VERTEX_POINT('',#1172);
#1172 = CARTESIAN_POINT('',(68.75,83.1,5.));
#1173 = VERTEX_POINT('',#1174);
#1174 = CARTESIAN_POINT('',(68.75,80.9,5.));
#1175 = LINE('',#1176,#1177);
#1176 = CARTESIAN_POINT('',(68.75,68.923550507346,5.));
#1177 = VECTOR('',#1178,1.);
#1178 = DIRECTION('',(-0.,-1.,-0.));
#1179 = ORIENTED_EDGE('',*,*,#1180,.F.);
#1180 = EDGE_CURVE('',#1181,#1171,#1183,.T.);
#1181 = VERTEX_POINT('',#1182);
#1182 = CARTESIAN_POINT('',(73.25,83.1,5.));
#1183 = LINE('',#1184,#1185);
#1184 = CARTESIAN_POINT('',(73.25,83.1,5.));
#1185 = VECTOR('',#1186,1.);
#1186 = DIRECTION('',(-1.,0.,0.));
#1187 = ORIENTED_EDGE('',*,*,#1188,.F.);
#1188 = EDGE_CURVE('',#1189,#1181,#1191,.T.);
#1189 = VERTEX_POINT('',#1190);
#1190 = CARTESIAN_POINT('',(73.25,80.9,5.));
#1191 = LINE('',#1192,#1193);
#1192 = CARTESIAN_POINT('',(73.25,68.323550507346,5.));
#1193 = VECTOR('',#1194,1.);
#1194 = DIRECTION('',(0.,1.,0.));
#1195 = ORIENTED_EDGE('',*,*,#1196,.F.);
#1196 = EDGE_CURVE('',#1173,#1189,#1197,.T.);
#1197 = LINE('',#1198,#1199);
#1198 = CARTESIAN_POINT('',(68.75,80.9,5.));
#1199 = VECTOR('',#1200,1.);
#1200 = DIRECTION('',(1.,0.,0.));
#1201 = FACE_BOUND('',#1202,.T.);
#1202 = EDGE_LOOP('',(#1203,#1213,#1221,#1229));
#1203 = ORIENTED_EDGE('',*,*,#1204,.F.);
#1204 = EDGE_CURVE('',#1205,#1207,#1209,.T.);
#1205 = VERTEX_POINT('',#1206);
#1206 = CARTESIAN_POINT('',(175.125,65.1,5.));
#1207 = VERTEX_POINT('',#1208);
#1208 = CARTESIAN_POINT('',(175.125,62.9,5.));
#1209 = LINE('',#1210,#1211);
#1210 = CARTESIAN_POINT('',(175.125,59.923550507346,5.));
#1211 = VECTOR('',#1212,1.);
#1212 = DIRECTION('',(-0.,-1.,-0.));
#1213 = ORIENTED_EDGE('',*,*,#1214,.F.);
#1214 = EDGE_CURVE('',#1215,#1205,#1217,.T.);
#1215 = VERTEX_POINT('',#1216);
#1216 = CARTESIAN_POINT('',(179.625,65.1,5.));
#1217 = LINE('',#1218,#1219);
#1218 = CARTESIAN_POINT('',(179.625,65.1,5.));
#1219 = VECTOR('',#1220,1.);
#1220 = DIRECTION('',(-1.,0.,0.));
#1221 = ORIENTED_EDGE('',*,*,#1222,.F.);
#1222 = EDGE_CURVE('',#1223,#1215,#1225,.T.);
#1223 = VERTEX_POINT('',#1224);
#1224 = CARTESIAN_POINT('',(179.625,62.9,5.));
#1225 = LINE('',#1226,#1227);
#1226 = CARTESIAN_POINT('',(179.625,59.323550507346,5.));
#1227 = VECTOR('',#1228,1.);
#1228 = DIRECTION('',(0.,1.,0.));
#1229 = ORIENTED_EDGE('',*,*,#1230,.F.);
#1230 = EDGE_CURVE('',#1207,#1223,#1231,.T.);
#1231 = LINE('',#1232,#1233);
#1232 = CARTESIAN_POINT('',(175.125,62.9,5.));
#1233 = VECTOR('',#1234,1.);
#1234 = DIRECTION('',(1.,0.,0.));
#1235 = FACE_BOUND('',#1236,.T.);
#1236 = EDGE_LOOP('',(#1237));
#1237 = ORIENTED_EDGE('',*,*,#1238,.F.);
#1238 = EDGE_CURVE('',#1239,#1239,#1241,.T.);
#1239 = VERTEX_POINT('',#1240);
#1240 = CARTESIAN_POINT('',(187.375,64.,5.));
#1241 = CIRCLE('',#1242,3.5);
#1242 = AXIS2_PLACEMENT_3D('',#1243,#1244,#1245);
#1243 = CARTESIAN_POINT('',(183.875,64.,5.));
#1244 = DIRECTION('',(0.,0.,1.));
#1245 = DIRECTION('',(1.,0.,0.));
#1246 = FACE_BOUND('',#1247,.T.);
#1247 = EDGE_LOOP('',(#1248,#1258,#1266,#1274));
#1248 = ORIENTED_EDGE('',*,*,#1249,.F.);
#1249 = EDGE_CURVE('',#1250,#1252,#1254,.T.);
#1250 = VERTEX_POINT('',#1251);
#1251 = CARTESIAN_POINT('',(188.125,65.1,5.));
#1252 = VERTEX_POINT('',#1253);
#1253 = CARTESIAN_POINT('',(188.125,62.9,5.));
#1254 = LINE('',#1255,#1256);
#1255 = CARTESIAN_POINT('',(188.125,59.923550507346,5.));
#1256 = VECTOR('',#1257,1.);
#1257 = DIRECTION('',(-0.,-1.,-0.));
#1258 = ORIENTED_EDGE('',*,*,#1259,.F.);
#1259 = EDGE_CURVE('',#1260,#1250,#1262,.T.);
#1260 = VERTEX_POINT('',#1261);
#1261 = CARTESIAN_POINT('',(192.625,65.1,5.));
#1262 = LINE('',#1263,#1264);
#1263 = CARTESIAN_POINT('',(192.625,65.1,5.));
#1264 = VECTOR('',#1265,1.);
#1265 = DIRECTION('',(-1.,0.,0.));
#1266 = ORIENTED_EDGE('',*,*,#1267,.F.);
#1267 = EDGE_CURVE('',#1268,#1260,#1270,.T.);
#1268 = VERTEX_POINT('',#1269);
#1269 = CARTESIAN_POINT('',(192.625,62.9,5.));
#1270 = LINE('',#1271,#1272);
#1271 = CARTESIAN_POINT('',(192.625,59.323550507346,5.));
#1272 = VECTOR('',#1273,1.);
#1273 = DIRECTION('',(0.,1.,0.));
#1274 = ORIENTED_EDGE('',*,*,#1275,.F.);
#1275 = EDGE_CURVE('',#1252,#1268,#1276,.T.);
#1276 = LINE('',#1277,#1278);
#1277 = CARTESIAN_POINT('',(188.125,62.9,5.));
#1278 = VECTOR('',#1279,1.);
#1279 = DIRECTION('',(1.,0.,0.));
#1280 = FACE_BOUND('',#1281,.T.);
#1281 = EDGE_LOOP('',(#1282,#1292,#1300,#1308));
#1282 = ORIENTED_EDGE('',*,*,#1283,.F.);
#1283 = EDGE_CURVE('',#1284,#1286,#1288,.T.);
#1284 = VERTEX_POINT('',#1285);
#1285 = CARTESIAN_POINT('',(294.5,83.1,5.));
#1286 = VERTEX_POINT('',#1287);
#1287 = CARTESIAN_POINT('',(294.5,80.9,5.));
#1288 = LINE('',#1289,#1290);
#1289 = CARTESIAN_POINT('',(294.5,68.923550507346,5.));
#1290 = VECTOR('',#1291,1.);
#1291 = DIRECTION('',(-0.,-1.,-0.));
#1292 = ORIENTED_EDGE('',*,*,#1293,.F.);
#1293 = EDGE_CURVE('',#1294,#1284,#1296,.T.);
#1294 = VERTEX_POINT('',#1295);
#1295 = CARTESIAN_POINT('',(299.,83.1,5.));
#1296 = LINE('',#1297,#1298);
#1297 = CARTESIAN_POINT('',(299.,83.1,5.));
#1298 = VECTOR('',#1299,1.);
#1299 = DIRECTION('',(-1.,0.,0.));
#1300 = ORIENTED_EDGE('',*,*,#1301,.F.);
#1301 = EDGE_CURVE('',#1302,#1294,#1304,.T.);
#1302 = VERTEX_POINT('',#1303);
#1303 = CARTESIAN_POINT('',(299.,80.9,5.));
#1304 = LINE('',#1305,#1306);
#1305 = CARTESIAN_POINT('',(299.,68.323550507346,5.));
#1306 = VECTOR('',#1307,1.);
#1307 = DIRECTION('',(0.,1.,0.));
#1308 = ORIENTED_EDGE('',*,*,#1309,.F.);
#1309 = EDGE_CURVE('',#1286,#1302,#1310,.T.);
#1310 = LINE('',#1311,#1312);
#1311 = CARTESIAN_POINT('',(294.5,80.9,5.));
#1312 = VECTOR('',#1313,1.);
#1313 = DIRECTION('',(1.,0.,0.));
#1314 = FACE_BOUND('',#1315,.T.);
#1315 = EDGE_LOOP('',(#1316));
#1316 = ORIENTED_EDGE('',*,*,#1317,.F.);
#1317 = EDGE_CURVE('',#1318,#1318,#1320,.T.);
#1318 = VERTEX_POINT('',#1319);
#1319 = CARTESIAN_POINT('',(306.75,82.,5.));
#1320 = CIRCLE('',#1321,3.5);
#1321 = AXIS2_PLACEMENT_3D('',#1322,#1323,#1324);
#1322 = CARTESIAN_POINT('',(303.25,82.,5.));
#1323 = DIRECTION('',(0.,0.,1.));
#1324 = DIRECTION('',(1.,0.,0.));
#1325 = FACE_BOUND('',#1326,.T.);
#1326 = EDGE_LOOP('',(#1327,#1337,#1345,#1353));
#1327 = ORIENTED_EDGE('',*,*,#1328,.F.);
#1328 = EDGE_CURVE('',#1329,#1331,#1333,.T.);
#1329 = VERTEX_POINT('',#1330);
#1330 = CARTESIAN_POINT('',(307.5,83.1,5.));
#1331 = VERTEX_POINT('',#1332);
#1332 = CARTESIAN_POINT('',(307.5,80.9,5.));
#1333 = LINE('',#1334,#1335);
#1334 = CARTESIAN_POINT('',(307.5,68.923550507346,5.));
#1335 = VECTOR('',#1336,1.);
#1336 = DIRECTION('',(-0.,-1.,-0.));
#1337 = ORIENTED_EDGE('',*,*,#1338,.F.);
#1338 = EDGE_CURVE('',#1339,#1329,#1341,.T.);
#1339 = VERTEX_POINT('',#1340);
#1340 = CARTESIAN_POINT('',(312.,83.1,5.));
#1341 = LINE('',#1342,#1343);
#1342 = CARTESIAN_POINT('',(312.,83.1,5.));
#1343 = VECTOR('',#1344,1.);
#1344 = DIRECTION('',(-1.,0.,0.));
#1345 = ORIENTED_EDGE('',*,*,#1346,.F.);
#1346 = EDGE_CURVE('',#1347,#1339,#1349,.T.);
#1347 = VERTEX_POINT('',#1348);
#1348 = CARTESIAN_POINT('',(312.,80.9,5.));
#1349 = LINE('',#1350,#1351);
#1350 = CARTESIAN_POINT('',(312.,68.323550507346,5.));
#1351 = VECTOR('',#1352,1.);
#1352 = DIRECTION('',(0.,1.,0.));
#1353 = ORIENTED_EDGE('',*,*,#1354,.F.);
#1354 = EDGE_CURVE('',#1331,#1347,#1355,.T.);
#1355 = LINE('',#1356,#1357);
#1356 = CARTESIAN_POINT('',(307.5,80.9,5.));
#1357 = VECTOR('',#1358,1.);
#1358 = DIRECTION('',(1.,0.,0.));
#1359 = PLANE('',#1360);
#1360 = AXIS2_PLACEMENT_3D('',#1361,#1362,#1363);
#1361 = CARTESIAN_POINT('',(159.80602685249,55.247101014691,5.));
#1362 = DIRECTION('',(0.,0.,1.));
#1363 = DIRECTION('',(1.,0.,0.));
#1364 = ADVANCED_FACE('',(#1365,#1383),#1453,.F.);
#1365 = FACE_BOUND('',#1366,.F.);
#1366 = EDGE_LOOP('',(#1367,#1368,#1376,#1382));
#1367 = ORIENTED_EDGE('',*,*,#305,.F.);
#1368 = ORIENTED_EDGE('',*,*,#1369,.F.);
#1369 = EDGE_CURVE('',#1370,#306,#1372,.T.);
#1370 = VERTEX_POINT('',#1371);
#1371 = CARTESIAN_POINT('',(30.,105.5,11.6));
#1372 = LINE('',#1373,#1374);
#1373 = CARTESIAN_POINT('',(30.,105.5,11.6));
#1374 = VECTOR('',#1375,1.);
#1375 = DIRECTION('',(-1.,0.,0.));
#1376 = ORIENTED_EDGE('',*,*,#1377,.F.);
#1377 = EDGE_CURVE('',#628,#1370,#1378,.T.);
#1378 = LINE('',#1379,#1380);
#1379 = CARTESIAN_POINT('',(30.,105.5,5.));
#1380 = VECTOR('',#1381,1.);
#1381 = DIRECTION('',(0.,0.,1.));
#1382 = ORIENTED_EDGE('',*,*,#635,.F.);
#1383 = FACE_BOUND('',#1384,.F.);
#1384 = EDGE_LOOP('',(#1385,#1396,#1404,#1413,#1421,#1430,#1438,#1447));
#1385 = ORIENTED_EDGE('',*,*,#1386,.T.);
#1386 = EDGE_CURVE('',#1387,#1389,#1391,.T.);
#1387 = VERTEX_POINT('',#1388);
#1388 = CARTESIAN_POINT('',(16.4,105.5,9.));
#1389 = VERTEX_POINT('',#1390);
#1390 = CARTESIAN_POINT('',(15.6,105.5,8.2));
#1391 = CIRCLE('',#1392,0.8);
#1392 = AXIS2_PLACEMENT_3D('',#1393,#1394,#1395);
#1393 = CARTESIAN_POINT('',(16.4,105.5,8.2));
#1394 = DIRECTION('',(0.,-1.,0.));
#1395 = DIRECTION('',(1.,0.,0.));
#1396 = ORIENTED_EDGE('',*,*,#1397,.T.);
#1397 = EDGE_CURVE('',#1389,#1398,#1400,.T.);
#1398 = VERTEX_POINT('',#1399);
#1399 = CARTESIAN_POINT('',(15.6,105.5,6.8));
#1400 = LINE('',#1401,#1402);
#1401 = CARTESIAN_POINT('',(15.6,105.5,8.2));
#1402 = VECTOR('',#1403,1.);
#1403 = DIRECTION('',(0.,0.,-1.));
#1404 = ORIENTED_EDGE('',*,*,#1405,.T.);
#1405 = EDGE_CURVE('',#1398,#1406,#1408,.T.);
#1406 = VERTEX_POINT('',#1407);
#1407 = CARTESIAN_POINT('',(16.4,105.5,6.));
#1408 = CIRCLE('',#1409,0.8);
#1409 = AXIS2_PLACEMENT_3D('',#1410,#1411,#1412);
#1410 = CARTESIAN_POINT('',(16.4,105.5,6.8));
#1411 = DIRECTION('',(0.,-1.,0.));
#1412 = DIRECTION('',(1.,0.,0.));
#1413 = ORIENTED_EDGE('',*,*,#1414,.T.);
#1414 = EDGE_CURVE('',#1406,#1415,#1417,.T.);
#1415 = VERTEX_POINT('',#1416);
#1416 = CARTESIAN_POINT('',(23.6,105.5,6.));
#1417 = LINE('',#1418,#1419);
#1418 = CARTESIAN_POINT('',(16.4,105.5,6.));
#1419 = VECTOR('',#1420,1.);
#1420 = DIRECTION('',(1.,0.,0.));
#1421 = ORIENTED_EDGE('',*,*,#1422,.T.);
#1422 = EDGE_CURVE('',#1415,#1423,#1425,.T.);
#1423 = VERTEX_POINT('',#1424);
#1424 = CARTESIAN_POINT('',(24.4,105.5,6.8));
#1425 = CIRCLE('',#1426,0.8);
#1426 = AXIS2_PLACEMENT_3D('',#1427,#1428,#1429);
#1427 = CARTESIAN_POINT('',(23.6,105.5,6.8));
#1428 = DIRECTION('',(0.,-1.,0.));
#1429 = DIRECTION('',(1.,0.,0.));
#1430 = ORIENTED_EDGE('',*,*,#1431,.T.);
#1431 = EDGE_CURVE('',#1423,#1432,#1434,.T.);
#1432 = VERTEX_POINT('',#1433);
#1433 = CARTESIAN_POINT('',(24.4,105.5,8.2));
#1434 = LINE('',#1435,#1436);
#1435 = CARTESIAN_POINT('',(24.4,105.5,6.8));
#1436 = VECTOR('',#1437,1.);
#1437 = DIRECTION('',(0.,0.,1.));
#1438 = ORIENTED_EDGE('',*,*,#1439,.T.);
#1439 = EDGE_CURVE('',#1432,#1440,#1442,.T.);
#1440 = VERTEX_POINT('',#1441);
#1441 = CARTESIAN_POINT('',(23.6,105.5,9.));
#1442 = CIRCLE('',#1443,0.8);
#1443 = AXIS2_PLACEMENT_3D('',#1444,#1445,#1446);
#1444 = CARTESIAN_POINT('',(23.6,105.5,8.2));
#1445 = DIRECTION('',(0.,-1.,0.));
#1446 = DIRECTION('',(1.,0.,0.));
#1447 = ORIENTED_EDGE('',*,*,#1448,.T.);
#1448 = EDGE_CURVE('',#1440,#1387,#1449,.T.);
#1449 = LINE('',#1450,#1451);
#1450 = CARTESIAN_POINT('',(23.6,105.5,9.));
#1451 = VECTOR('',#1452,1.);
#1452 = DIRECTION('',(-1.,0.,0.));
#1453 = PLANE('',#1454);
#1454 = AXIS2_PLACEMENT_3D('',#1455,#1456,#1457);
#1455 = CARTESIAN_POINT('',(20.,105.5,8.3));
#1456 = DIRECTION('',(0.,1.,0.));
#1457 = DIRECTION('',(0.,0.,1.));
#1458 = ADVANCED_FACE('',(#1459),#1477,.F.);
#1459 = FACE_BOUND('',#1460,.F.);
#1460 = EDGE_LOOP('',(#1461,#1469,#1470,#1471));
#1461 = ORIENTED_EDGE('',*,*,#1462,.T.);
#1462 = EDGE_CURVE('',#1463,#1370,#1465,.T.);
#1463 = VERTEX_POINT('',#1464);
#1464 = CARTESIAN_POINT('',(30.,102.25,11.6));
#1465 = LINE('',#1466,#1467);
#1466 = CARTESIAN_POINT('',(30.,102.25,11.6));
#1467 = VECTOR('',#1468,1.);
#1468 = DIRECTION('',(0.,1.,-2.2E-16));
#1469 = ORIENTED_EDGE('',*,*,#1369,.T.);
#1470 = ORIENTED_EDGE('',*,*,#313,.F.);
#1471 = ORIENTED_EDGE('',*,*,#1472,.F.);
#1472 = EDGE_CURVE('',#1463,#314,#1473,.T.);
#1473 = LINE('',#1474,#1475);
#1474 = CARTESIAN_POINT('',(30.,102.25,11.6));
#1475 = VECTOR('',#1476,1.);
#1476 = DIRECTION('',(-1.,0.,0.));
#1477 = PLANE('',#1478);
#1478 = AXIS2_PLACEMENT_3D('',#1479,#1480,#1481);
#1479 = CARTESIAN_POINT('',(30.,102.25,11.6));
#1480 = DIRECTION('',(0.,2.2E-16,1.));
#1481 = DIRECTION('',(-1.,0.,0.));
#1482 = ADVANCED_FACE('',(#1483),#1526,.F.);
#1483 = FACE_BOUND('',#1484,.F.);
#1484 = EDGE_LOOP('',(#1485,#1493,#1501,#1509,#1517,#1523,#1524,#1525));
#1485 = ORIENTED_EDGE('',*,*,#1486,.F.);
#1486 = EDGE_CURVE('',#1487,#413,#1489,.T.);
#1487 = VERTEX_POINT('',#1488);
#1488 = CARTESIAN_POINT('',(6.,102.25,14.5));
#1489 = LINE('',#1490,#1491);
#1490 = CARTESIAN_POINT('',(6.,102.25,15.));
#1491 = VECTOR('',#1492,1.);
#1492 = DIRECTION('',(-0.,-0.,-1.));
#1493 = ORIENTED_EDGE('',*,*,#1494,.F.);
#1494 = EDGE_CURVE('',#1495,#1487,#1497,.T.);
#1495 = VERTEX_POINT('',#1496);
#1496 = CARTESIAN_POINT('',(34.,102.25,14.5));
#1497 = LINE('',#1498,#1499);
#1498 = CARTESIAN_POINT('',(34.,102.25,14.5));
#1499 = VECTOR('',#1500,1.);
#1500 = DIRECTION('',(-1.,0.,0.));
#1501 = ORIENTED_EDGE('',*,*,#1502,.T.);
#1502 = EDGE_CURVE('',#1495,#1503,#1505,.T.);
#1503 = VERTEX_POINT('',#1504);
#1504 = CARTESIAN_POINT('',(34.,102.25,14.4));
#1505 = LINE('',#1506,#1507);
#1506 = CARTESIAN_POINT('',(34.,102.25,15.));
#1507 = VECTOR('',#1508,1.);
#1508 = DIRECTION('',(-0.,-0.,-1.));
#1509 = ORIENTED_EDGE('',*,*,#1510,.T.);
#1510 = EDGE_CURVE('',#1503,#1511,#1513,.T.);
#1511 = VERTEX_POINT('',#1512);
#1512 = CARTESIAN_POINT('',(30.,102.25,14.4));
#1513 = LINE('',#1514,#1515);
#1514 = CARTESIAN_POINT('',(34.,102.25,14.4));
#1515 = VECTOR('',#1516,1.);
#1516 = DIRECTION('',(-1.,0.,0.));
#1517 = ORIENTED_EDGE('',*,*,#1518,.F.);
#1518 = EDGE_CURVE('',#1463,#1511,#1519,.T.);
#1519 = LINE('',#1520,#1521);
#1520 = CARTESIAN_POINT('',(30.,102.25,5.));
#1521 = VECTOR('',#1522,1.);
#1522 = DIRECTION('',(0.,0.,1.));
#1523 = ORIENTED_EDGE('',*,*,#1472,.T.);
#1524 = ORIENTED_EDGE('',*,*,#321,.T.);
#1525 = ORIENTED_EDGE('',*,*,#412,.T.);
#1526 = PLANE('',#1527);
#1527 = AXIS2_PLACEMENT_3D('',#1528,#1529,#1530);
#1528 = CARTESIAN_POINT('',(34.,102.25,15.));
#1529 = DIRECTION('',(0.,1.,0.));
#1530 = DIRECTION('',(-1.,0.,0.));
#1531 = ADVANCED_FACE('',(#1532),#1628,.F.);
#1532 = FACE_BOUND('',#1533,.F.);
#1533 = EDGE_LOOP('',(#1534,#1544,#1552,#1558,#1559,#1560,#1568,#1574,
    #1575,#1583,#1591,#1597,#1598,#1606,#1614,#1622));
#1534 = ORIENTED_EDGE('',*,*,#1535,.F.);
#1535 = EDGE_CURVE('',#1536,#1538,#1540,.T.);
#1536 = VERTEX_POINT('',#1537);
#1537 = CARTESIAN_POINT('',(5.,6.,14.5));
#1538 = VERTEX_POINT('',#1539);
#1539 = CARTESIAN_POINT('',(5.,6.000000000012,12.));
#1540 = LINE('',#1541,#1542);
#1541 = CARTESIAN_POINT('',(5.,6.,15.));
#1542 = VECTOR('',#1543,1.);
#1543 = DIRECTION('',(-0.,-0.,-1.));
#1544 = ORIENTED_EDGE('',*,*,#1545,.F.);
#1545 = EDGE_CURVE('',#1546,#1536,#1548,.T.);
#1546 = VERTEX_POINT('',#1547);
#1547 = CARTESIAN_POINT('',(5.,101.25,14.5));
#1548 = LINE('',#1549,#1550);
#1549 = CARTESIAN_POINT('',(5.,101.25,14.5));
#1550 = VECTOR('',#1551,1.);
#1551 = DIRECTION('',(0.,-1.,0.));
#1552 = ORIENTED_EDGE('',*,*,#1553,.T.);
#1553 = EDGE_CURVE('',#1546,#421,#1554,.T.);
#1554 = LINE('',#1555,#1556);
#1555 = CARTESIAN_POINT('',(5.,101.25,15.));
#1556 = VECTOR('',#1557,1.);
#1557 = DIRECTION('',(-0.,-0.,-1.));
#1558 = ORIENTED_EDGE('',*,*,#429,.T.);
#1559 = ORIENTED_EDGE('',*,*,#345,.F.);
#1560 = ORIENTED_EDGE('',*,*,#1561,.T.);
#1561 = EDGE_CURVE('',#346,#1562,#1564,.T.);
#1562 = VERTEX_POINT('',#1563);
#1563 = CARTESIAN_POINT('',(5.,73.25,11.6));
#1564 = LINE('',#1565,#1566);
#1565 = CARTESIAN_POINT('',(5.,97.25,11.6));
#1566 = VECTOR('',#1567,1.);
#1567 = DIRECTION('',(0.,-1.,0.));
#1568 = ORIENTED_EDGE('',*,*,#1569,.T.);
#1569 = EDGE_CURVE('',#1562,#659,#1570,.T.);
#1570 = LINE('',#1571,#1572);
#1571 = CARTESIAN_POINT('',(5.,73.25,11.6));
#1572 = VECTOR('',#1573,1.);
#1573 = DIRECTION('',(0.,0.,-1.));
#1574 = ORIENTED_EDGE('',*,*,#666,.T.);
#1575 = ORIENTED_EDGE('',*,*,#1576,.T.);
#1576 = EDGE_CURVE('',#667,#1577,#1579,.T.);
#1577 = VERTEX_POINT('',#1578);
#1578 = CARTESIAN_POINT('',(5.,68.25,8.));
#1579 = LINE('',#1580,#1581);
#1580 = CARTESIAN_POINT('',(5.,68.25,5.));
#1581 = VECTOR('',#1582,1.);
#1582 = DIRECTION('',(0.,0.,1.));
#1583 = ORIENTED_EDGE('',*,*,#1584,.T.);
#1584 = EDGE_CURVE('',#1577,#1585,#1587,.T.);
#1585 = VERTEX_POINT('',#1586);
#1586 = CARTESIAN_POINT('',(5.,63.25,8.));
#1587 = LINE('',#1588,#1589);
#1588 = CARTESIAN_POINT('',(5.,68.25,8.));
#1589 = VECTOR('',#1590,1.);
#1590 = DIRECTION('',(0.,-1.,0.));
#1591 = ORIENTED_EDGE('',*,*,#1592,.F.);
#1592 = EDGE_CURVE('',#691,#1585,#1593,.T.);
#1593 = LINE('',#1594,#1595);
#1594 = CARTESIAN_POINT('',(5.,63.25,5.));
#1595 = VECTOR('',#1596,1.);
#1596 = DIRECTION('',(0.,0.,1.));
#1597 = ORIENTED_EDGE('',*,*,#698,.T.);
#1598 = ORIENTED_EDGE('',*,*,#1599,.T.);
#1599 = EDGE_CURVE('',#699,#1600,#1602,.T.);
#1600 = VERTEX_POINT('',#1601);
#1601 = CARTESIAN_POINT('',(5.,15.,8.));
#1602 = LINE('',#1603,#1604);
#1603 = CARTESIAN_POINT('',(5.,15.,5.));
#1604 = VECTOR('',#1605,1.);
#1605 = DIRECTION('',(0.,0.,1.));
#1606 = ORIENTED_EDGE('',*,*,#1607,.T.);
#1607 = EDGE_CURVE('',#1600,#1608,#1610,.T.);
#1608 = VERTEX_POINT('',#1609);
#1609 = CARTESIAN_POINT('',(5.,10.,8.));
#1610 = LINE('',#1611,#1612);
#1611 = CARTESIAN_POINT('',(5.,15.,8.));
#1612 = VECTOR('',#1613,1.);
#1613 = DIRECTION('',(0.,-1.,0.));
#1614 = ORIENTED_EDGE('',*,*,#1615,.T.);
#1615 = EDGE_CURVE('',#1608,#1616,#1618,.T.);
#1616 = VERTEX_POINT('',#1617);
#1617 = CARTESIAN_POINT('',(5.,10.,12.));
#1618 = LINE('',#1619,#1620);
#1619 = CARTESIAN_POINT('',(5.,10.,5.));
#1620 = VECTOR('',#1621,1.);
#1621 = DIRECTION('',(0.,0.,1.));
#1622 = ORIENTED_EDGE('',*,*,#1623,.T.);
#1623 = EDGE_CURVE('',#1616,#1538,#1624,.T.);
#1624 = LINE('',#1625,#1626);
#1625 = CARTESIAN_POINT('',(5.,10.,12.));
#1626 = VECTOR('',#1627,1.);
#1627 = DIRECTION('',(0.,-1.,0.));
#1628 = PLANE('',#1629);
#1629 = AXIS2_PLACEMENT_3D('',#1630,#1631,#1632);
#1630 = CARTESIAN_POINT('',(5.,101.25,15.));
#1631 = DIRECTION('',(-1.,0.,0.));
#1632 = DIRECTION('',(0.,-1.,0.));
#1633 = ADVANCED_FACE('',(#1634,#1652),#1722,.F.);
#1634 = FACE_BOUND('',#1635,.F.);
#1635 = EDGE_LOOP('',(#1636,#1637,#1645,#1651));
#1636 = ORIENTED_EDGE('',*,*,#355,.T.);
#1637 = ORIENTED_EDGE('',*,*,#1638,.T.);
#1638 = EDGE_CURVE('',#356,#1639,#1641,.T.);
#1639 = VERTEX_POINT('',#1640);
#1640 = CARTESIAN_POINT('',(1.75,73.25,11.6));
#1641 = LINE('',#1642,#1643);
#1642 = CARTESIAN_POINT('',(1.75,97.25,11.6));
#1643 = VECTOR('',#1644,1.);
#1644 = DIRECTION('',(0.,-1.,0.));
#1645 = ORIENTED_EDGE('',*,*,#1646,.F.);
#1646 = EDGE_CURVE('',#1562,#1639,#1647,.T.);
#1647 = LINE('',#1648,#1649);
#1648 = CARTESIAN_POINT('',(5.,73.25,11.6));
#1649 = VECTOR('',#1650,1.);
#1650 = DIRECTION('',(-1.,-0.,-0.));
#1651 = ORIENTED_EDGE('',*,*,#1561,.F.);
#1652 = FACE_BOUND('',#1653,.F.);
#1653 = EDGE_LOOP('',(#1654,#1664,#1673,#1681,#1690,#1698,#1707,#1715));
#1654 = ORIENTED_EDGE('',*,*,#1655,.F.);
#1655 = EDGE_CURVE('',#1656,#1658,#1660,.T.);
#1656 = VERTEX_POINT('',#1657);
#1657 = CARTESIAN_POINT('',(2.,90.6,11.6));
#1658 = VERTEX_POINT('',#1659);
#1659 = CARTESIAN_POINT('',(2.,75.4,11.6));
#1660 = LINE('',#1661,#1662);
#1661 = CARTESIAN_POINT('',(2.,93.925,11.6));
#1662 = VECTOR('',#1663,1.);
#1663 = DIRECTION('',(0.,-1.,0.));
#1664 = ORIENTED_EDGE('',*,*,#1665,.F.);
#1665 = EDGE_CURVE('',#1666,#1656,#1668,.T.);
#1666 = VERTEX_POINT('',#1667);
#1667 = CARTESIAN_POINT('',(2.4,91.,11.6));
#1668 = CIRCLE('',#1669,0.4);
#1669 = AXIS2_PLACEMENT_3D('',#1670,#1671,#1672);
#1670 = CARTESIAN_POINT('',(2.4,90.6,11.6));
#1671 = DIRECTION('',(0.,0.,1.));
#1672 = DIRECTION('',(1.,0.,0.));
#1673 = ORIENTED_EDGE('',*,*,#1674,.F.);
#1674 = EDGE_CURVE('',#1675,#1666,#1677,.T.);
#1675 = VERTEX_POINT('',#1676);
#1676 = CARTESIAN_POINT('',(2.6,91.,11.6));
#1677 = LINE('',#1678,#1679);
#1678 = CARTESIAN_POINT('',(3.8,91.,11.6));
#1679 = VECTOR('',#1680,1.);
#1680 = DIRECTION('',(-1.,0.,0.));
#1681 = ORIENTED_EDGE('',*,*,#1682,.F.);
#1682 = EDGE_CURVE('',#1683,#1675,#1685,.T.);
#1683 = VERTEX_POINT('',#1684);
#1684 = CARTESIAN_POINT('',(3.,90.6,11.6));
#1685 = CIRCLE('',#1686,0.4);
#1686 = AXIS2_PLACEMENT_3D('',#1687,#1688,#1689);
#1687 = CARTESIAN_POINT('',(2.6,90.6,11.6));
#1688 = DIRECTION('',(0.,0.,1.));
#1689 = DIRECTION('',(1.,0.,0.));
#1690 = ORIENTED_EDGE('',*,*,#1691,.F.);
#1691 = EDGE_CURVE('',#1692,#1683,#1694,.T.);
#1692 = VERTEX_POINT('',#1693);
#1693 = CARTESIAN_POINT('',(3.,75.4,11.6));
#1694 = LINE('',#1695,#1696);
#1695 = CARTESIAN_POINT('',(3.,86.325,11.6));
#1696 = VECTOR('',#1697,1.);
#1697 = DIRECTION('',(0.,1.,0.));
#1698 = ORIENTED_EDGE('',*,*,#1699,.F.);
#1699 = EDGE_CURVE('',#1700,#1692,#1702,.T.);
#1700 = VERTEX_POINT('',#1701);
#1701 = CARTESIAN_POINT('',(2.6,75.,11.6));
#1702 = CIRCLE('',#1703,0.4);
#1703 = AXIS2_PLACEMENT_3D('',#1704,#1705,#1706);
#1704 = CARTESIAN_POINT('',(2.6,75.4,11.6));
#1705 = DIRECTION('',(0.,0.,1.));
#1706 = DIRECTION('',(1.,0.,0.));
#1707 = ORIENTED_EDGE('',*,*,#1708,.F.);
#1708 = EDGE_CURVE('',#1709,#1700,#1711,.T.);
#1709 = VERTEX_POINT('',#1710);
#1710 = CARTESIAN_POINT('',(2.4,75.,11.6));
#1711 = LINE('',#1712,#1713);
#1712 = CARTESIAN_POINT('',(3.7,75.,11.6));
#1713 = VECTOR('',#1714,1.);
#1714 = DIRECTION('',(1.,0.,0.));
#1715 = ORIENTED_EDGE('',*,*,#1716,.F.);
#1716 = EDGE_CURVE('',#1658,#1709,#1717,.T.);
#1717 = CIRCLE('',#1718,0.4);
#1718 = AXIS2_PLACEMENT_3D('',#1719,#1720,#1721);
#1719 = CARTESIAN_POINT('',(2.4,75.4,11.6));
#1720 = DIRECTION('',(0.,0.,1.));
#1721 = DIRECTION('',(1.,0.,0.));
#1722 = PLANE('',#1723);
#1723 = AXIS2_PLACEMENT_3D('',#1724,#1725,#1726);
#1724 = CARTESIAN_POINT('',(5.,97.25,11.6));
#1725 = DIRECTION('',(0.,0.,1.));
#1726 = DIRECTION('',(0.,-1.,0.));
#1727 = ADVANCED_FACE('',(#1728,#1739,#1809),#1820,.T.);
#1728 = FACE_BOUND('',#1729,.T.);
#1729 = EDGE_LOOP('',(#1730,#1736,#1737,#1738));
#1730 = ORIENTED_EDGE('',*,*,#1731,.T.);
#1731 = EDGE_CURVE('',#1639,#651,#1732,.T.);
#1732 = LINE('',#1733,#1734);
#1733 = CARTESIAN_POINT('',(1.75,73.25,11.6));
#1734 = VECTOR('',#1735,1.);
#1735 = DIRECTION('',(0.,0.,-1.));
#1736 = ORIENTED_EDGE('',*,*,#650,.T.);
#1737 = ORIENTED_EDGE('',*,*,#363,.T.);
#1738 = ORIENTED_EDGE('',*,*,#1638,.T.);
#1739 = FACE_BOUND('',#1740,.T.);
#1740 = EDGE_LOOP('',(#1741,#1751,#1760,#1768,#1777,#1785,#1794,#1802));
#1741 = ORIENTED_EDGE('',*,*,#1742,.F.);
#1742 = EDGE_CURVE('',#1743,#1745,#1747,.T.);
#1743 = VERTEX_POINT('',#1744);
#1744 = CARTESIAN_POINT('',(1.75,80.75,8.2));
#1745 = VERTEX_POINT('',#1746);
#1746 = CARTESIAN_POINT('',(1.75,80.75,6.8));
#1747 = LINE('',#1748,#1749);
#1748 = CARTESIAN_POINT('',(1.75,80.75,8.2));
#1749 = VECTOR('',#1750,1.);
#1750 = DIRECTION('',(0.,0.,-1.));
#1751 = ORIENTED_EDGE('',*,*,#1752,.F.);
#1752 = EDGE_CURVE('',#1753,#1743,#1755,.T.);
#1753 = VERTEX_POINT('',#1754);
#1754 = CARTESIAN_POINT('',(1.75,81.55,9.));
#1755 = CIRCLE('',#1756,0.8);
#1756 = AXIS2_PLACEMENT_3D('',#1757,#1758,#1759);
#1757 = CARTESIAN_POINT('',(1.75,81.55,8.2));
#1758 = DIRECTION('',(1.,0.,0.));
#1759 = DIRECTION('',(0.,1.,0.));
#1760 = ORIENTED_EDGE('',*,*,#1761,.F.);
#1761 = EDGE_CURVE('',#1762,#1753,#1764,.T.);
#1762 = VERTEX_POINT('',#1763);
#1763 = CARTESIAN_POINT('',(1.75,87.45,9.));
#1764 = LINE('',#1765,#1766);
#1765 = CARTESIAN_POINT('',(1.75,87.45,9.));
#1766 = VECTOR('',#1767,1.);
#1767 = DIRECTION('',(0.,-1.,0.));
#1768 = ORIENTED_EDGE('',*,*,#1769,.F.);
#1769 = EDGE_CURVE('',#1770,#1762,#1772,.T.);
#1770 = VERTEX_POINT('',#1771);
#1771 = CARTESIAN_POINT('',(1.75,88.25,8.2));
#1772 = CIRCLE('',#1773,0.8);
#1773 = AXIS2_PLACEMENT_3D('',#1774,#1775,#1776);
#1774 = CARTESIAN_POINT('',(1.75,87.45,8.2));
#1775 = DIRECTION('',(1.,0.,0.));
#1776 = DIRECTION('',(0.,1.,0.));
#1777 = ORIENTED_EDGE('',*,*,#1778,.F.);
#1778 = EDGE_CURVE('',#1779,#1770,#1781,.T.);
#1779 = VERTEX_POINT('',#1780);
#1780 = CARTESIAN_POINT('',(1.75,88.25,6.8));
#1781 = LINE('',#1782,#1783);
#1782 = CARTESIAN_POINT('',(1.75,88.25,6.8));
#1783 = VECTOR('',#1784,1.);
#1784 = DIRECTION('',(0.,0.,1.));
#1785 = ORIENTED_EDGE('',*,*,#1786,.F.);
#1786 = EDGE_CURVE('',#1787,#1779,#1789,.T.);
#1787 = VERTEX_POINT('',#1788);
#1788 = CARTESIAN_POINT('',(1.75,87.45,6.));
#1789 = CIRCLE('',#1790,0.8);
#1790 = AXIS2_PLACEMENT_3D('',#1791,#1792,#1793);
#1791 = CARTESIAN_POINT('',(1.75,87.45,6.8));
#1792 = DIRECTION('',(1.,0.,0.));
#1793 = DIRECTION('',(0.,1.,0.));
#1794 = ORIENTED_EDGE('',*,*,#1795,.F.);
#1795 = EDGE_CURVE('',#1796,#1787,#1798,.T.);
#1796 = VERTEX_POINT('',#1797);
#1797 = CARTESIAN_POINT('',(1.75,81.55,6.));
#1798 = LINE('',#1799,#1800);
#1799 = CARTESIAN_POINT('',(1.75,81.55,6.));
#1800 = VECTOR('',#1801,1.);
#1801 = DIRECTION('',(0.,1.,0.));
#1802 = ORIENTED_EDGE('',*,*,#1803,.F.);
#1803 = EDGE_CURVE('',#1745,#1796,#1804,.T.);
#1804 = CIRCLE('',#1805,0.8);
#1805 = AXIS2_PLACEMENT_3D('',#1806,#1807,#1808);
#1806 = CARTESIAN_POINT('',(1.75,81.55,6.8));
#1807 = DIRECTION('',(1.,0.,0.));
#1808 = DIRECTION('',(0.,1.,0.));
#1809 = FACE_BOUND('',#1810,.T.);
#1810 = EDGE_LOOP('',(#1811));
#1811 = ORIENTED_EDGE('',*,*,#1812,.F.);
#1812 = EDGE_CURVE('',#1813,#1813,#1815,.T.);
#1813 = VERTEX_POINT('',#1814);
#1814 = CARTESIAN_POINT('',(1.75,77.5,7.5));
#1815 = CIRCLE('',#1816,0.5);
#1816 = AXIS2_PLACEMENT_3D('',#1817,#1818,#1819);
#1817 = CARTESIAN_POINT('',(1.75,77.,7.5));
#1818 = DIRECTION('',(1.,0.,0.));
#1819 = DIRECTION('',(0.,1.,0.));
#1820 = PLANE('',#1821);
#1821 = AXIS2_PLACEMENT_3D('',#1822,#1823,#1824);
#1822 = CARTESIAN_POINT('',(1.75,85.25,8.3));
#1823 = DIRECTION('',(1.,0.,0.));
#1824 = DIRECTION('',(0.,0.,1.));
#1825 = ADVANCED_FACE('',(#1826),#1832,.F.);
#1826 = FACE_BOUND('',#1827,.F.);
#1827 = EDGE_LOOP('',(#1828,#1829,#1830,#1831));
#1828 = ORIENTED_EDGE('',*,*,#379,.T.);
#1829 = ORIENTED_EDGE('',*,*,#455,.T.);
#1830 = ORIENTED_EDGE('',*,*,#479,.F.);
#1831 = ORIENTED_EDGE('',*,*,#643,.F.);
#1832 = PLANE('',#1833);
#1833 = AXIS2_PLACEMENT_3D('',#1834,#1835,#1836);
#1834 = CARTESIAN_POINT('',(5.,97.25,5.));
#1835 = DIRECTION('',(1.,0.,0.));
#1836 = DIRECTION('',(0.,-1.,0.));
#1837 = ADVANCED_FACE('',(#1838),#1850,.F.);
#1838 = FACE_BOUND('',#1839,.F.);
#1839 = EDGE_LOOP('',(#1840,#1841,#1848,#1849));
#1840 = ORIENTED_EDGE('',*,*,#1553,.F.);
#1841 = ORIENTED_EDGE('',*,*,#1842,.F.);
#1842 = EDGE_CURVE('',#1487,#1546,#1843,.T.);
#1843 = CIRCLE('',#1844,1.);
#1844 = AXIS2_PLACEMENT_3D('',#1845,#1846,#1847);
#1845 = CARTESIAN_POINT('',(6.,101.25,14.5));
#1846 = DIRECTION('',(0.,-0.,1.));
#1847 = DIRECTION('',(0.,1.,0.));
#1848 = ORIENTED_EDGE('',*,*,#1486,.T.);
#1849 = ORIENTED_EDGE('',*,*,#420,.T.);
#1850 = CYLINDRICAL_SURFACE('',#1851,1.);
#1851 = AXIS2_PLACEMENT_3D('',#1852,#1853,#1854);
#1852 = CARTESIAN_POINT('',(6.,101.25,15.));
#1853 = DIRECTION('',(0.,0.,1.));
#1854 = DIRECTION('',(1.,0.,0.));
#1855 = ADVANCED_FACE('',(#1856),#1881,.F.);
#1856 = FACE_BOUND('',#1857,.F.);
#1857 = EDGE_LOOP('',(#1858,#1868,#1874,#1875));
#1858 = ORIENTED_EDGE('',*,*,#1859,.T.);
#1859 = EDGE_CURVE('',#1860,#1862,#1864,.T.);
#1860 = VERTEX_POINT('',#1861);
#1861 = CARTESIAN_POINT('',(327.75,97.25,11.6));
#1862 = VERTEX_POINT('',#1863);
#1863 = CARTESIAN_POINT('',(331.,97.25,11.6));
#1864 = LINE('',#1865,#1866);
#1865 = CARTESIAN_POINT('',(327.75,97.25,11.6));
#1866 = VECTOR('',#1867,1.);
#1867 = DIRECTION('',(1.,0.,0.));
#1868 = ORIENTED_EDGE('',*,*,#1869,.T.);
#1869 = EDGE_CURVE('',#1862,#506,#1870,.T.);
#1870 = LINE('',#1871,#1872);
#1871 = CARTESIAN_POINT('',(331.,97.25,11.6));
#1872 = VECTOR('',#1873,1.);
#1873 = DIRECTION('',(0.,0.,-1.));
#1874 = ORIENTED_EDGE('',*,*,#503,.F.);
#1875 = ORIENTED_EDGE('',*,*,#1876,.F.);
#1876 = EDGE_CURVE('',#1860,#504,#1877,.T.);
#1877 = LINE('',#1878,#1879);
#1878 = CARTESIAN_POINT('',(327.75,97.25,11.6));
#1879 = VECTOR('',#1880,1.);
#1880 = DIRECTION('',(0.,0.,-1.));
#1881 = PLANE('',#1882);
#1882 = AXIS2_PLACEMENT_3D('',#1883,#1884,#1885);
#1883 = CARTESIAN_POINT('',(327.75,97.25,11.6));
#1884 = DIRECTION('',(0.,1.,0.));
#1885 = DIRECTION('',(0.,0.,-1.));
#1886 = ADVANCED_FACE('',(#1887),#1928,.F.);
#1887 = FACE_BOUND('',#1888,.F.);
#1888 = EDGE_LOOP('',(#1889,#1897,#1905,#1911,#1912,#1920,#1926,#1927));
#1889 = ORIENTED_EDGE('',*,*,#1890,.F.);
#1890 = EDGE_CURVE('',#1891,#514,#1893,.T.);
#1891 = VERTEX_POINT('',#1892);
#1892 = CARTESIAN_POINT('',(327.75,101.25,14.5));
#1893 = LINE('',#1894,#1895);
#1894 = CARTESIAN_POINT('',(327.75,101.25,15.));
#1895 = VECTOR('',#1896,1.);
#1896 = DIRECTION('',(-0.,-0.,-1.));
#1897 = ORIENTED_EDGE('',*,*,#1898,.F.);
#1898 = EDGE_CURVE('',#1899,#1891,#1901,.T.);
#1899 = VERTEX_POINT('',#1900);
#1900 = CARTESIAN_POINT('',(327.75,6.,14.5));
#1901 = LINE('',#1902,#1903);
#1902 = CARTESIAN_POINT('',(327.75,6.,14.5));
#1903 = VECTOR('',#1904,1.);
#1904 = DIRECTION('',(0.,1.,0.));
#1905 = ORIENTED_EDGE('',*,*,#1906,.T.);
#1906 = EDGE_CURVE('',#1899,#867,#1907,.T.);
#1907 = LINE('',#1908,#1909);
#1908 = CARTESIAN_POINT('',(327.75,6.,15.));
#1909 = VECTOR('',#1910,1.);
#1910 = DIRECTION('',(-0.,-0.,-1.));
#1911 = ORIENTED_EDGE('',*,*,#875,.T.);
#1912 = ORIENTED_EDGE('',*,*,#1913,.T.);
#1913 = EDGE_CURVE('',#876,#1914,#1916,.T.);
#1914 = VERTEX_POINT('',#1915);
#1915 = CARTESIAN_POINT('',(327.75,73.25,11.6));
#1916 = LINE('',#1917,#1918);
#1917 = CARTESIAN_POINT('',(327.75,73.25,5.));
#1918 = VECTOR('',#1919,1.);
#1919 = DIRECTION('',(0.,0.,1.));
#1920 = ORIENTED_EDGE('',*,*,#1921,.T.);
#1921 = EDGE_CURVE('',#1914,#1860,#1922,.T.);
#1922 = LINE('',#1923,#1924);
#1923 = CARTESIAN_POINT('',(327.75,73.25,11.6));
#1924 = VECTOR('',#1925,1.);
#1925 = DIRECTION('',(0.,1.,0.));
#1926 = ORIENTED_EDGE('',*,*,#1876,.T.);
#1927 = ORIENTED_EDGE('',*,*,#513,.T.);
#1928 = PLANE('',#1929);
#1929 = AXIS2_PLACEMENT_3D('',#1930,#1931,#1932);
#1930 = CARTESIAN_POINT('',(327.75,6.,15.));
#1931 = DIRECTION('',(1.,0.,0.));
#1932 = DIRECTION('',(0.,1.,0.));
#1933 = ADVANCED_FACE('',(#1934),#1952,.F.);
#1934 = FACE_BOUND('',#1935,.T.);
#1935 = EDGE_LOOP('',(#1936,#1937,#1938,#1946));
#1936 = ORIENTED_EDGE('',*,*,#1869,.T.);
#1937 = ORIENTED_EDGE('',*,*,#891,.T.);
#1938 = ORIENTED_EDGE('',*,*,#1939,.T.);
#1939 = EDGE_CURVE('',#884,#1940,#1942,.T.);
#1940 = VERTEX_POINT('',#1941);
#1941 = CARTESIAN_POINT('',(331.,73.25,11.6));
#1942 = LINE('',#1943,#1944);
#1943 = CARTESIAN_POINT('',(331.,73.25,5.));
#1944 = VECTOR('',#1945,1.);
#1945 = DIRECTION('',(0.,0.,1.));
#1946 = ORIENTED_EDGE('',*,*,#1947,.T.);
#1947 = EDGE_CURVE('',#1940,#1862,#1948,.T.);
#1948 = LINE('',#1949,#1950);
#1949 = CARTESIAN_POINT('',(331.,73.25,11.6));
#1950 = VECTOR('',#1951,1.);
#1951 = DIRECTION('',(0.,1.,0.));
#1952 = PLANE('',#1953);
#1953 = AXIS2_PLACEMENT_3D('',#1954,#1955,#1956);
#1954 = CARTESIAN_POINT('',(331.,85.25,8.3));
#1955 = DIRECTION('',(1.,0.,0.));
#1956 = DIRECTION('',(0.,0.,1.));
#1957 = ADVANCED_FACE('',(#1958),#1977,.F.);
#1958 = FACE_BOUND('',#1959,.F.);
#1959 = EDGE_LOOP('',(#1960,#1961,#1962,#1970));
#1960 = ORIENTED_EDGE('',*,*,#1890,.T.);
#1961 = ORIENTED_EDGE('',*,*,#521,.T.);
#1962 = ORIENTED_EDGE('',*,*,#1963,.F.);
#1963 = EDGE_CURVE('',#1964,#522,#1966,.T.);
#1964 = VERTEX_POINT('',#1965);
#1965 = CARTESIAN_POINT('',(326.75,102.25,14.5));
#1966 = LINE('',#1967,#1968);
#1967 = CARTESIAN_POINT('',(326.75,102.25,15.));
#1968 = VECTOR('',#1969,1.);
#1969 = DIRECTION('',(-0.,-0.,-1.));
#1970 = ORIENTED_EDGE('',*,*,#1971,.F.);
#1971 = EDGE_CURVE('',#1891,#1964,#1972,.T.);
#1972 = CIRCLE('',#1973,1.);
#1973 = AXIS2_PLACEMENT_3D('',#1974,#1975,#1976);
#1974 = CARTESIAN_POINT('',(326.75,101.25,14.5));
#1975 = DIRECTION('',(0.,0.,1.));
#1976 = DIRECTION('',(1.,0.,0.));
#1977 = CYLINDRICAL_SURFACE('',#1978,1.);
#1978 = AXIS2_PLACEMENT_3D('',#1979,#1980,#1981);
#1979 = CARTESIAN_POINT('',(326.75,101.25,15.));
#1980 = DIRECTION('',(0.,0.,1.));
#1981 = DIRECTION('',(1.,0.,0.));
#1982 = ADVANCED_FACE('',(#1983),#1994,.F.);
#1983 = FACE_BOUND('',#1984,.F.);
#1984 = EDGE_LOOP('',(#1985,#1986,#1987,#1993));
#1985 = ORIENTED_EDGE('',*,*,#883,.T.);
#1986 = ORIENTED_EDGE('',*,*,#1939,.T.);
#1987 = ORIENTED_EDGE('',*,*,#1988,.F.);
#1988 = EDGE_CURVE('',#1914,#1940,#1989,.T.);
#1989 = LINE('',#1990,#1991);
#1990 = CARTESIAN_POINT('',(327.75,73.25,11.6));
#1991 = VECTOR('',#1992,1.);
#1992 = DIRECTION('',(1.,0.,0.));
#1993 = ORIENTED_EDGE('',*,*,#1913,.F.);
#1994 = PLANE('',#1995);
#1995 = AXIS2_PLACEMENT_3D('',#1996,#1997,#1998);
#1996 = CARTESIAN_POINT('',(327.75,73.25,5.));
#1997 = DIRECTION('',(0.,-1.,0.));
#1998 = DIRECTION('',(0.,0.,1.));
#1999 = ADVANCED_FACE('',(#2000,#2041,#2052),#2063,.F.);
#2000 = FACE_BOUND('',#2001,.F.);
#2001 = EDGE_LOOP('',(#2002,#2010,#2011,#2012,#2020,#2028,#2034,#2035));
#2002 = ORIENTED_EDGE('',*,*,#2003,.F.);
#2003 = EDGE_CURVE('',#1964,#2004,#2006,.T.);
#2004 = VERTEX_POINT('',#2005);
#2005 = CARTESIAN_POINT('',(41.,102.25,14.5));
#2006 = LINE('',#2007,#2008);
#2007 = CARTESIAN_POINT('',(326.75,102.25,14.5));
#2008 = VECTOR('',#2009,1.);
#2009 = DIRECTION('',(-1.,0.,0.));
#2010 = ORIENTED_EDGE('',*,*,#1963,.T.);
#2011 = ORIENTED_EDGE('',*,*,#530,.T.);
#2012 = ORIENTED_EDGE('',*,*,#2013,.T.);
#2013 = EDGE_CURVE('',#531,#2014,#2016,.T.);
#2014 = VERTEX_POINT('',#2015);
#2015 = CARTESIAN_POINT('',(201.875,102.25,10.));
#2016 = LINE('',#2017,#2018);
#2017 = CARTESIAN_POINT('',(201.875,102.25,5.));
#2018 = VECTOR('',#2019,1.);
#2019 = DIRECTION('',(0.,0.,1.));
#2020 = ORIENTED_EDGE('',*,*,#2021,.T.);
#2021 = EDGE_CURVE('',#2014,#2022,#2024,.T.);
#2022 = VERTEX_POINT('',#2023);
#2023 = CARTESIAN_POINT('',(165.875,102.25,10.));
#2024 = LINE('',#2025,#2026);
#2025 = CARTESIAN_POINT('',(201.875,102.25,10.));
#2026 = VECTOR('',#2027,1.);
#2027 = DIRECTION('',(-1.,0.,0.));
#2028 = ORIENTED_EDGE('',*,*,#2029,.T.);
#2029 = EDGE_CURVE('',#2022,#587,#2030,.T.);
#2030 = LINE('',#2031,#2032);
#2031 = CARTESIAN_POINT('',(165.875,102.25,10.));
#2032 = VECTOR('',#2033,1.);
#2033 = DIRECTION('',(0.,0.,-1.));
#2034 = ORIENTED_EDGE('',*,*,#594,.T.);
#2035 = ORIENTED_EDGE('',*,*,#2036,.F.);
#2036 = EDGE_CURVE('',#2004,#595,#2037,.T.);
#2037 = LINE('',#2038,#2039);
#2038 = CARTESIAN_POINT('',(41.,102.25,15.));
#2039 = VECTOR('',#2040,1.);
#2040 = DIRECTION('',(-0.,-0.,-1.));
#2041 = FACE_BOUND('',#2042,.F.);
#2042 = EDGE_LOOP('',(#2043));
#2043 = ORIENTED_EDGE('',*,*,#2044,.F.);
#2044 = EDGE_CURVE('',#2045,#2045,#2047,.T.);
#2045 = VERTEX_POINT('',#2046);
#2046 = CARTESIAN_POINT('',(311.25,102.25,7.5));
#2047 = CIRCLE('',#2048,1.5);
#2048 = AXIS2_PLACEMENT_3D('',#2049,#2050,#2051);
#2049 = CARTESIAN_POINT('',(312.75,102.25,7.5));
#2050 = DIRECTION('',(0.,1.,-2.2E-16));
#2051 = DIRECTION('',(-1.,0.,0.));
#2052 = FACE_BOUND('',#2053,.F.);
#2053 = EDGE_LOOP('',(#2054));
#2054 = ORIENTED_EDGE('',*,*,#2055,.F.);
#2055 = EDGE_CURVE('',#2056,#2056,#2058,.T.);
#2056 = VERTEX_POINT('',#2057);
#2057 = CARTESIAN_POINT('',(53.5,102.25,7.5));
#2058 = CIRCLE('',#2059,1.5);
#2059 = AXIS2_PLACEMENT_3D('',#2060,#2061,#2062);
#2060 = CARTESIAN_POINT('',(55.,102.25,7.5));
#2061 = DIRECTION('',(0.,1.,-2.2E-16));
#2062 = DIRECTION('',(-1.,0.,0.));
#2063 = PLANE('',#2064);
#2064 = AXIS2_PLACEMENT_3D('',#2065,#2066,#2067);
#2065 = CARTESIAN_POINT('',(326.75,102.25,15.));
#2066 = DIRECTION('',(0.,1.,0.));
#2067 = DIRECTION('',(-1.,0.,0.));
#2068 = ADVANCED_FACE('',(#2069),#2087,.F.);
#2069 = FACE_BOUND('',#2070,.F.);
#2070 = EDGE_LOOP('',(#2071,#2072,#2080,#2086));
#2071 = ORIENTED_EDGE('',*,*,#538,.T.);
#2072 = ORIENTED_EDGE('',*,*,#2073,.T.);
#2073 = EDGE_CURVE('',#539,#2074,#2076,.T.);
#2074 = VERTEX_POINT('',#2075);
#2075 = CARTESIAN_POINT('',(201.875,105.45,10.));
#2076 = LINE('',#2077,#2078);
#2077 = CARTESIAN_POINT('',(201.875,105.45,5.));
#2078 = VECTOR('',#2079,1.);
#2079 = DIRECTION('',(0.,0.,1.));
#2080 = ORIENTED_EDGE('',*,*,#2081,.F.);
#2081 = EDGE_CURVE('',#2014,#2074,#2082,.T.);
#2082 = LINE('',#2083,#2084);
#2083 = CARTESIAN_POINT('',(201.875,102.25,10.));
#2084 = VECTOR('',#2085,1.);
#2085 = DIRECTION('',(0.,1.,-2.2E-16));
#2086 = ORIENTED_EDGE('',*,*,#2013,.F.);
#2087 = PLANE('',#2088);
#2088 = AXIS2_PLACEMENT_3D('',#2089,#2090,#2091);
#2089 = CARTESIAN_POINT('',(201.875,102.25,5.));
#2090 = DIRECTION('',(1.,0.,0.));
#2091 = DIRECTION('',(0.,2.2E-16,1.));
#2092 = ADVANCED_FACE('',(#2093),#2112,.F.);
#2093 = FACE_BOUND('',#2094,.F.);
#2094 = EDGE_LOOP('',(#2095,#2103,#2104,#2105));
#2095 = ORIENTED_EDGE('',*,*,#2096,.T.);
#2096 = EDGE_CURVE('',#2097,#859,#2099,.T.);
#2097 = VERTEX_POINT('',#2098);
#2098 = CARTESIAN_POINT('',(326.75,5.,14.5));
#2099 = LINE('',#2100,#2101);
#2100 = CARTESIAN_POINT('',(326.75,5.,15.));
#2101 = VECTOR('',#2102,1.);
#2102 = DIRECTION('',(-0.,-0.,-1.));
#2103 = ORIENTED_EDGE('',*,*,#866,.T.);
#2104 = ORIENTED_EDGE('',*,*,#1906,.F.);
#2105 = ORIENTED_EDGE('',*,*,#2106,.F.);
#2106 = EDGE_CURVE('',#2097,#1899,#2107,.T.);
#2107 = CIRCLE('',#2108,1.);
#2108 = AXIS2_PLACEMENT_3D('',#2109,#2110,#2111);
#2109 = CARTESIAN_POINT('',(326.75,6.,14.5));
#2110 = DIRECTION('',(-0.,0.,1.));
#2111 = DIRECTION('',(0.,-1.,0.));
#2112 = CYLINDRICAL_SURFACE('',#2113,1.);
#2113 = AXIS2_PLACEMENT_3D('',#2114,#2115,#2116);
#2114 = CARTESIAN_POINT('',(326.75,6.,15.));
#2115 = DIRECTION('',(0.,0.,1.));
#2116 = DIRECTION('',(1.,0.,0.));
#2117 = ADVANCED_FACE('',(#2118),#2137,.F.);
#2118 = FACE_BOUND('',#2119,.F.);
#2119 = EDGE_LOOP('',(#2120,#2129,#2135,#2136));
#2120 = ORIENTED_EDGE('',*,*,#2121,.T.);
#2121 = EDGE_CURVE('',#547,#2122,#2124,.T.);
#2122 = VERTEX_POINT('',#2123);
#2123 = CARTESIAN_POINT('',(195.875,105.45,10.));
#2124 = CIRCLE('',#2125,2.5);
#2125 = AXIS2_PLACEMENT_3D('',#2126,#2127,#2128);
#2126 = CARTESIAN_POINT('',(195.875,105.45,7.5));
#2127 = DIRECTION('',(0.,-1.,2.2E-16));
#2128 = DIRECTION('',(1.,0.,0.));
#2129 = ORIENTED_EDGE('',*,*,#2130,.F.);
#2130 = EDGE_CURVE('',#2074,#2122,#2131,.T.);
#2131 = LINE('',#2132,#2133);
#2132 = CARTESIAN_POINT('',(201.875,105.45,10.));
#2133 = VECTOR('',#2134,1.);
#2134 = DIRECTION('',(-1.,0.,0.));
#2135 = ORIENTED_EDGE('',*,*,#2073,.F.);
#2136 = ORIENTED_EDGE('',*,*,#546,.F.);
#2137 = PLANE('',#2138);
#2138 = AXIS2_PLACEMENT_3D('',#2139,#2140,#2141);
#2139 = CARTESIAN_POINT('',(183.875,105.45,7.5));
#2140 = DIRECTION('',(0.,1.,0.));
#2141 = DIRECTION('',(0.,0.,1.));
#2142 = ADVANCED_FACE('',(#2143),#2193,.T.);
#2143 = FACE_BOUND('',#2144,.T.);
#2144 = EDGE_LOOP('',(#2145,#2155,#2161,#2162,#2163,#2171,#2179,#2187));
#2145 = ORIENTED_EDGE('',*,*,#2146,.F.);
#2146 = EDGE_CURVE('',#2147,#2149,#2151,.T.);
#2147 = VERTEX_POINT('',#2148);
#2148 = CARTESIAN_POINT('',(41.,5.,14.5));
#2149 = VERTEX_POINT('',#2150);
#2150 = CARTESIAN_POINT('',(41.,5.,4.5));
#2151 = LINE('',#2152,#2153);
#2152 = CARTESIAN_POINT('',(41.,5.,5.));
#2153 = VECTOR('',#2154,1.);
#2154 = DIRECTION('',(-0.,-0.,-1.));
#2155 = ORIENTED_EDGE('',*,*,#2156,.T.);
#2156 = EDGE_CURVE('',#2147,#2097,#2157,.T.);
#2157 = LINE('',#2158,#2159);
#2158 = CARTESIAN_POINT('',(41.,5.,14.5));
#2159 = VECTOR('',#2160,1.);
#2160 = DIRECTION('',(1.,0.,0.));
#2161 = ORIENTED_EDGE('',*,*,#2096,.T.);
#2162 = ORIENTED_EDGE('',*,*,#858,.F.);
#2163 = ORIENTED_EDGE('',*,*,#2164,.T.);
#2164 = EDGE_CURVE('',#851,#2165,#2167,.T.);
#2165 = VERTEX_POINT('',#2166);
#2166 = CARTESIAN_POINT('',(221.75,5.,3.5));
#2167 = LINE('',#2168,#2169);
#2168 = CARTESIAN_POINT('',(221.75,5.,5.));
#2169 = VECTOR('',#2170,1.);
#2170 = DIRECTION('',(-0.,-0.,-1.));
#2171 = ORIENTED_EDGE('',*,*,#2172,.F.);
#2172 = EDGE_CURVE('',#2173,#2165,#2175,.T.);
#2173 = VERTEX_POINT('',#2174);
#2174 = CARTESIAN_POINT('',(111.75,5.,3.5));
#2175 = LINE('',#2176,#2177);
#2176 = CARTESIAN_POINT('',(111.75,5.,3.5));
#2177 = VECTOR('',#2178,1.);
#2178 = DIRECTION('',(1.,0.,0.));
#2179 = ORIENTED_EDGE('',*,*,#2180,.F.);
#2180 = EDGE_CURVE('',#2181,#2173,#2183,.T.);
#2181 = VERTEX_POINT('',#2182);
#2182 = CARTESIAN_POINT('',(111.75,5.,4.5));
#2183 = LINE('',#2184,#2185);
#2184 = CARTESIAN_POINT('',(111.75,5.,5.));
#2185 = VECTOR('',#2186,1.);
#2186 = DIRECTION('',(-0.,-0.,-1.));
#2187 = ORIENTED_EDGE('',*,*,#2188,.F.);
#2188 = EDGE_CURVE('',#2149,#2181,#2189,.T.);
#2189 = LINE('',#2190,#2191);
#2190 = CARTESIAN_POINT('',(41.,5.,4.5));
#2191 = VECTOR('',#2192,1.);
#2192 = DIRECTION('',(1.,0.,0.));
#2193 = PLANE('',#2194);
#2194 = AXIS2_PLACEMENT_3D('',#2195,#2196,#2197);
#2195 = CARTESIAN_POINT('',(183.64076955424,5.,9.222245584525));
#2196 = DIRECTION('',(0.,1.,0.));
#2197 = DIRECTION('',(0.,0.,1.));
#2198 = ADVANCED_FACE('',(#2199),#2218,.F.);
#2199 = FACE_BOUND('',#2200,.F.);
#2200 = EDGE_LOOP('',(#2201,#2202,#2203,#2212));
#2201 = ORIENTED_EDGE('',*,*,#2121,.F.);
#2202 = ORIENTED_EDGE('',*,*,#554,.T.);
#2203 = ORIENTED_EDGE('',*,*,#2204,.T.);
#2204 = EDGE_CURVE('',#555,#2205,#2207,.T.);
#2205 = VERTEX_POINT('',#2206);
#2206 = CARTESIAN_POINT('',(195.875,107.25,10.));
#2207 = CIRCLE('',#2208,2.5);
#2208 = AXIS2_PLACEMENT_3D('',#2209,#2210,#2211);
#2209 = CARTESIAN_POINT('',(195.875,107.25,7.5));
#2210 = DIRECTION('',(0.,-1.,0.));
#2211 = DIRECTION('',(1.,0.,0.));
#2212 = ORIENTED_EDGE('',*,*,#2213,.F.);
#2213 = EDGE_CURVE('',#2122,#2205,#2214,.T.);
#2214 = LINE('',#2215,#2216);
#2215 = CARTESIAN_POINT('',(195.875,102.25,10.));
#2216 = VECTOR('',#2217,1.);
#2217 = DIRECTION('',(0.,1.,-2.2E-16));
#2218 = CYLINDRICAL_SURFACE('',#2219,2.5);
#2219 = AXIS2_PLACEMENT_3D('',#2220,#2221,#2222);
#2220 = CARTESIAN_POINT('',(195.875,102.25,7.5));
#2221 = DIRECTION('',(0.,-1.,2.2E-16));
#2222 = DIRECTION('',(1.,0.,0.));
#2223 = ADVANCED_FACE('',(#2224),#2242,.F.);
#2224 = FACE_BOUND('',#2225,.F.);
#2225 = EDGE_LOOP('',(#2226,#2227,#2235,#2241));
#2226 = ORIENTED_EDGE('',*,*,#2164,.T.);
#2227 = ORIENTED_EDGE('',*,*,#2228,.T.);
#2228 = EDGE_CURVE('',#2165,#2229,#2231,.T.);
#2229 = VERTEX_POINT('',#2230);
#2230 = CARTESIAN_POINT('',(221.75,48.,3.5));
#2231 = LINE('',#2232,#2233);
#2232 = CARTESIAN_POINT('',(221.75,5.,3.5));
#2233 = VECTOR('',#2234,1.);
#2234 = DIRECTION('',(0.,1.,0.));
#2235 = ORIENTED_EDGE('',*,*,#2236,.F.);
#2236 = EDGE_CURVE('',#843,#2229,#2237,.T.);
#2237 = LINE('',#2238,#2239);
#2238 = CARTESIAN_POINT('',(221.75,48.,5.));
#2239 = VECTOR('',#2240,1.);
#2240 = DIRECTION('',(-0.,-0.,-1.));
#2241 = ORIENTED_EDGE('',*,*,#850,.F.);
#2242 = PLANE('',#2243);
#2243 = AXIS2_PLACEMENT_3D('',#2244,#2245,#2246);
#2244 = CARTESIAN_POINT('',(221.75,5.,5.));
#2245 = DIRECTION('',(1.,0.,0.));
#2246 = DIRECTION('',(0.,1.,0.));
#2247 = ADVANCED_FACE('',(#2248,#2282,#2316,#2350,#2384,#2395,#2414,
    #2425,#2459),#2529,.F.);
#2248 = FACE_BOUND('',#2249,.F.);
#2249 = EDGE_LOOP('',(#2250,#2260,#2268,#2276));
#2250 = ORIENTED_EDGE('',*,*,#2251,.T.);
#2251 = EDGE_CURVE('',#2252,#2254,#2256,.T.);
#2252 = VERTEX_POINT('',#2253);
#2253 = CARTESIAN_POINT('',(326.75,107.25,0.5));
#2254 = VERTEX_POINT('',#2255);
#2255 = CARTESIAN_POINT('',(326.75,107.25,14.5));
#2256 = LINE('',#2257,#2258);
#2257 = CARTESIAN_POINT('',(326.75,107.25,0.));
#2258 = VECTOR('',#2259,1.);
#2259 = DIRECTION('',(0.,0.,1.));
#2260 = ORIENTED_EDGE('',*,*,#2261,.T.);
#2261 = EDGE_CURVE('',#2254,#2262,#2264,.T.);
#2262 = VERTEX_POINT('',#2263);
#2263 = CARTESIAN_POINT('',(6.,107.25,14.5));
#2264 = LINE('',#2265,#2266);
#2265 = CARTESIAN_POINT('',(326.75,107.25,14.5));
#2266 = VECTOR('',#2267,1.);
#2267 = DIRECTION('',(-1.,0.,0.));
#2268 = ORIENTED_EDGE('',*,*,#2269,.F.);
#2269 = EDGE_CURVE('',#2270,#2262,#2272,.T.);
#2270 = VERTEX_POINT('',#2271);
#2271 = CARTESIAN_POINT('',(6.,107.25,0.5));
#2272 = LINE('',#2273,#2274);
#2273 = CARTESIAN_POINT('',(6.,107.25,0.));
#2274 = VECTOR('',#2275,1.);
#2275 = DIRECTION('',(0.,0.,1.));
#2276 = ORIENTED_EDGE('',*,*,#2277,.F.);
#2277 = EDGE_CURVE('',#2252,#2270,#2278,.T.);
#2278 = LINE('',#2279,#2280);
#2279 = CARTESIAN_POINT('',(326.75,107.25,0.5));
#2280 = VECTOR('',#2281,1.);
#2281 = DIRECTION('',(-1.,0.,0.));
#2282 = FACE_BOUND('',#2283,.F.);
#2283 = EDGE_LOOP('',(#2284,#2294,#2302,#2310));
#2284 = ORIENTED_EDGE('',*,*,#2285,.T.);
#2285 = EDGE_CURVE('',#2286,#2288,#2290,.T.);
#2286 = VERTEX_POINT('',#2287);
#2287 = CARTESIAN_POINT('',(320.65,107.25,4.4));
#2288 = VERTEX_POINT('',#2289);
#2289 = CARTESIAN_POINT('',(317.45,107.25,4.4));
#2290 = LINE('',#2291,#2292);
#2291 = CARTESIAN_POINT('',(320.15,107.25,4.4));
#2292 = VECTOR('',#2293,1.);
#2293 = DIRECTION('',(-1.,0.,0.));
#2294 = ORIENTED_EDGE('',*,*,#2295,.T.);
#2295 = EDGE_CURVE('',#2288,#2296,#2298,.T.);
#2296 = VERTEX_POINT('',#2297);
#2297 = CARTESIAN_POINT('',(317.45,107.25,10.6));
#2298 = LINE('',#2299,#2300);
#2299 = CARTESIAN_POINT('',(317.45,107.25,4.9));
#2300 = VECTOR('',#2301,1.);
#2301 = DIRECTION('',(0.,2.2E-16,1.));
#2302 = ORIENTED_EDGE('',*,*,#2303,.T.);
#2303 = EDGE_CURVE('',#2296,#2304,#2306,.T.);
#2304 = VERTEX_POINT('',#2305);
#2305 = CARTESIAN_POINT('',(320.65,107.25,10.6));
#2306 = LINE('',#2307,#2308);
#2307 = CARTESIAN_POINT('',(317.95,107.25,10.6));
#2308 = VECTOR('',#2309,1.);
#2309 = DIRECTION('',(1.,0.,0.));
#2310 = ORIENTED_EDGE('',*,*,#2311,.T.);
#2311 = EDGE_CURVE('',#2304,#2286,#2312,.T.);
#2312 = LINE('',#2313,#2314);
#2313 = CARTESIAN_POINT('',(320.65,107.25,10.1));
#2314 = VECTOR('',#2315,1.);
#2315 = DIRECTION('',(0.,-2.2E-16,-1.));
#2316 = FACE_BOUND('',#2317,.F.);
#2317 = EDGE_LOOP('',(#2318,#2328,#2336,#2344));
#2318 = ORIENTED_EDGE('',*,*,#2319,.T.);
#2319 = EDGE_CURVE('',#2320,#2322,#2324,.T.);
#2320 = VERTEX_POINT('',#2321);
#2321 = CARTESIAN_POINT('',(308.05,107.25,4.4));
#2322 = VERTEX_POINT('',#2323);
#2323 = CARTESIAN_POINT('',(304.85,107.25,4.4));
#2324 = LINE('',#2325,#2326);
#2325 = CARTESIAN_POINT('',(307.55,107.25,4.4));
#2326 = VECTOR('',#2327,1.);
#2327 = DIRECTION('',(-1.,0.,0.));
#2328 = ORIENTED_EDGE('',*,*,#2329,.T.);
#2329 = EDGE_CURVE('',#2322,#2330,#2332,.T.);
#2330 = VERTEX_POINT('',#2331);
#2331 = CARTESIAN_POINT('',(304.85,107.25,10.6));
#2332 = LINE('',#2333,#2334);
#2333 = CARTESIAN_POINT('',(304.85,107.25,4.9));
#2334 = VECTOR('',#2335,1.);
#2335 = DIRECTION('',(0.,2.2E-16,1.));
#2336 = ORIENTED_EDGE('',*,*,#2337,.T.);
#2337 = EDGE_CURVE('',#2330,#2338,#2340,.T.);
#2338 = VERTEX_POINT('',#2339);
#2339 = CARTESIAN_POINT('',(308.05,107.25,10.6));
#2340 = LINE('',#2341,#2342);
#2341 = CARTESIAN_POINT('',(305.35,107.25,10.6));
#2342 = VECTOR('',#2343,1.);
#2343 = DIRECTION('',(1.,0.,0.));
#2344 = ORIENTED_EDGE('',*,*,#2345,.T.);
#2345 = EDGE_CURVE('',#2338,#2320,#2346,.T.);
#2346 = LINE('',#2347,#2348);
#2347 = CARTESIAN_POINT('',(308.05,107.25,10.1));
#2348 = VECTOR('',#2349,1.);
#2349 = DIRECTION('',(0.,-2.2E-16,-1.));
#2350 = FACE_BOUND('',#2351,.F.);
#2351 = EDGE_LOOP('',(#2352,#2362,#2370,#2378));
#2352 = ORIENTED_EDGE('',*,*,#2353,.T.);
#2353 = EDGE_CURVE('',#2354,#2356,#2358,.T.);
#2354 = VERTEX_POINT('',#2355);
#2355 = CARTESIAN_POINT('',(62.9,107.25,4.4));
#2356 = VERTEX_POINT('',#2357);
#2357 = CARTESIAN_POINT('',(59.7,107.25,4.4));
#2358 = LINE('',#2359,#2360);
#2359 = CARTESIAN_POINT('',(62.4,107.25,4.4));
#2360 = VECTOR('',#2361,1.);
#2361 = DIRECTION('',(-1.,0.,0.));
#2362 = ORIENTED_EDGE('',*,*,#2363,.T.);
#2363 = EDGE_CURVE('',#2356,#2364,#2366,.T.);
#2364 = VERTEX_POINT('',#2365);
#2365 = CARTESIAN_POINT('',(59.7,107.25,10.6));
#2366 = LINE('',#2367,#2368);
#2367 = CARTESIAN_POINT('',(59.7,107.25,4.9));
#2368 = VECTOR('',#2369,1.);
#2369 = DIRECTION('',(0.,2.2E-16,1.));
#2370 = ORIENTED_EDGE('',*,*,#2371,.T.);
#2371 = EDGE_CURVE('',#2364,#2372,#2374,.T.);
#2372 = VERTEX_POINT('',#2373);
#2373 = CARTESIAN_POINT('',(62.9,107.25,10.6));
#2374 = LINE('',#2375,#2376);
#2375 = CARTESIAN_POINT('',(60.2,107.25,10.6));
#2376 = VECTOR('',#2377,1.);
#2377 = DIRECTION('',(1.,0.,0.));
#2378 = ORIENTED_EDGE('',*,*,#2379,.T.);
#2379 = EDGE_CURVE('',#2372,#2354,#2380,.T.);
#2380 = LINE('',#2381,#2382);
#2381 = CARTESIAN_POINT('',(62.9,107.25,10.1));
#2382 = VECTOR('',#2383,1.);
#2383 = DIRECTION('',(0.,-2.2E-16,-1.));
#2384 = FACE_BOUND('',#2385,.F.);
#2385 = EDGE_LOOP('',(#2386));
#2386 = ORIENTED_EDGE('',*,*,#2387,.T.);
#2387 = EDGE_CURVE('',#2388,#2388,#2390,.T.);
#2388 = VERTEX_POINT('',#2389);
#2389 = CARTESIAN_POINT('',(310.15,107.25,7.5));
#2390 = CIRCLE('',#2391,2.6);
#2391 = AXIS2_PLACEMENT_3D('',#2392,#2393,#2394);
#2392 = CARTESIAN_POINT('',(312.75,107.25,7.5));
#2393 = DIRECTION('',(0.,1.,-0.));
#2394 = DIRECTION('',(-1.,0.,0.));
#2395 = FACE_BOUND('',#2396,.F.);
#2396 = EDGE_LOOP('',(#2397,#2406,#2412,#2413));
#2397 = ORIENTED_EDGE('',*,*,#2398,.F.);
#2398 = EDGE_CURVE('',#2399,#563,#2401,.T.);
#2399 = VERTEX_POINT('',#2400);
#2400 = CARTESIAN_POINT('',(171.875,107.25,10.));
#2401 = CIRCLE('',#2402,2.5);
#2402 = AXIS2_PLACEMENT_3D('',#2403,#2404,#2405);
#2403 = CARTESIAN_POINT('',(171.875,107.25,7.5));
#2404 = DIRECTION('',(0.,-1.,0.));
#2405 = DIRECTION('',(1.,0.,0.));
#2406 = ORIENTED_EDGE('',*,*,#2407,.T.);
#2407 = EDGE_CURVE('',#2399,#2205,#2408,.T.);
#2408 = LINE('',#2409,#2410);
#2409 = CARTESIAN_POINT('',(171.875,107.25,10.));
#2410 = VECTOR('',#2411,1.);
#2411 = DIRECTION('',(1.,0.,7.E-17));
#2412 = ORIENTED_EDGE('',*,*,#2204,.F.);
#2413 = ORIENTED_EDGE('',*,*,#562,.F.);
#2414 = FACE_BOUND('',#2415,.F.);
#2415 = EDGE_LOOP('',(#2416));
#2416 = ORIENTED_EDGE('',*,*,#2417,.T.);
#2417 = EDGE_CURVE('',#2418,#2418,#2420,.T.);
#2418 = VERTEX_POINT('',#2419);
#2419 = CARTESIAN_POINT('',(52.4,107.25,7.5));
#2420 = CIRCLE('',#2421,2.6);
#2421 = AXIS2_PLACEMENT_3D('',#2422,#2423,#2424);
#2422 = CARTESIAN_POINT('',(55.,107.25,7.5));
#2423 = DIRECTION('',(0.,1.,-0.));
#2424 = DIRECTION('',(-1.,0.,0.));
#2425 = FACE_BOUND('',#2426,.F.);
#2426 = EDGE_LOOP('',(#2427,#2437,#2445,#2453));
#2427 = ORIENTED_EDGE('',*,*,#2428,.T.);
#2428 = EDGE_CURVE('',#2429,#2431,#2433,.T.);
#2429 = VERTEX_POINT('',#2430);
#2430 = CARTESIAN_POINT('',(50.3,107.25,4.4));
#2431 = VERTEX_POINT('',#2432);
#2432 = CARTESIAN_POINT('',(47.1,107.25,4.4));
#2433 = LINE('',#2434,#2435);
#2434 = CARTESIAN_POINT('',(49.8,107.25,4.4));
#2435 = VECTOR('',#2436,1.);
#2436 = DIRECTION('',(-1.,0.,0.));
#2437 = ORIENTED_EDGE('',*,*,#2438,.T.);
#2438 = EDGE_CURVE('',#2431,#2439,#2441,.T.);
#2439 = VERTEX_POINT('',#2440);
#2440 = CARTESIAN_POINT('',(47.1,107.25,10.6));
#2441 = LINE('',#2442,#2443);
#2442 = CARTESIAN_POINT('',(47.1,107.25,4.9));
#2443 = VECTOR('',#2444,1.);
#2444 = DIRECTION('',(0.,2.2E-16,1.));
#2445 = ORIENTED_EDGE('',*,*,#2446,.T.);
#2446 = EDGE_CURVE('',#2439,#2447,#2449,.T.);
#2447 = VERTEX_POINT('',#2448);
#2448 = CARTESIAN_POINT('',(50.3,107.25,10.6));
#2449 = LINE('',#2450,#2451);
#2450 = CARTESIAN_POINT('',(47.6,107.25,10.6));
#2451 = VECTOR('',#2452,1.);
#2452 = DIRECTION('',(1.,0.,0.));
#2453 = ORIENTED_EDGE('',*,*,#2454,.T.);
#2454 = EDGE_CURVE('',#2447,#2429,#2455,.T.);
#2455 = LINE('',#2456,#2457);
#2456 = CARTESIAN_POINT('',(50.3,107.25,10.1));
#2457 = VECTOR('',#2458,1.);
#2458 = DIRECTION('',(0.,-2.2E-16,-1.));
#2459 = FACE_BOUND('',#2460,.F.);
#2460 = EDGE_LOOP('',(#2461,#2472,#2480,#2489,#2497,#2506,#2514,#2523));
#2461 = ORIENTED_EDGE('',*,*,#2462,.F.);
#2462 = EDGE_CURVE('',#2463,#2465,#2467,.T.);
#2463 = VERTEX_POINT('',#2464);
#2464 = CARTESIAN_POINT('',(23.6,107.25,5.5));
#2465 = VERTEX_POINT('',#2466);
#2466 = CARTESIAN_POINT('',(24.9,107.25,6.8));
#2467 = CIRCLE('',#2468,1.3);
#2468 = AXIS2_PLACEMENT_3D('',#2469,#2470,#2471);
#2469 = CARTESIAN_POINT('',(23.6,107.25,6.8));
#2470 = DIRECTION('',(0.,-1.,0.));
#2471 = DIRECTION('',(-2.665E-14,-0.,-1.));
#2472 = ORIENTED_EDGE('',*,*,#2473,.F.);
#2473 = EDGE_CURVE('',#2474,#2463,#2476,.T.);
#2474 = VERTEX_POINT('',#2475);
#2475 = CARTESIAN_POINT('',(16.4,107.25,5.5));
#2476 = LINE('',#2477,#2478);
#2477 = CARTESIAN_POINT('',(16.4,107.25,5.5));
#2478 = VECTOR('',#2479,1.);
#2479 = DIRECTION('',(1.,0.,0.));
#2480 = ORIENTED_EDGE('',*,*,#2481,.F.);
#2481 = EDGE_CURVE('',#2482,#2474,#2484,.T.);
#2482 = VERTEX_POINT('',#2483);
#2483 = CARTESIAN_POINT('',(15.1,107.25,6.8));
#2484 = CIRCLE('',#2485,1.3);
#2485 = AXIS2_PLACEMENT_3D('',#2486,#2487,#2488);
#2486 = CARTESIAN_POINT('',(16.4,107.25,6.8));
#2487 = DIRECTION('',(0.,-1.,0.));
#2488 = DIRECTION('',(-1.,0.,0.));
#2489 = ORIENTED_EDGE('',*,*,#2490,.F.);
#2490 = EDGE_CURVE('',#2491,#2482,#2493,.T.);
#2491 = VERTEX_POINT('',#2492);
#2492 = CARTESIAN_POINT('',(15.1,107.25,8.2));
#2493 = LINE('',#2494,#2495);
#2494 = CARTESIAN_POINT('',(15.1,107.25,8.2));
#2495 = VECTOR('',#2496,1.);
#2496 = DIRECTION('',(0.,0.,-1.));
#2497 = ORIENTED_EDGE('',*,*,#2498,.F.);
#2498 = EDGE_CURVE('',#2499,#2491,#2501,.T.);
#2499 = VERTEX_POINT('',#2500);
#2500 = CARTESIAN_POINT('',(16.4,107.25,9.5));
#2501 = CIRCLE('',#2502,1.3);
#2502 = AXIS2_PLACEMENT_3D('',#2503,#2504,#2505);
#2503 = CARTESIAN_POINT('',(16.4,107.25,8.2));
#2504 = DIRECTION('',(0.,-1.,0.));
#2505 = DIRECTION('',(2.665E-14,0.,1.));
#2506 = ORIENTED_EDGE('',*,*,#2507,.F.);
#2507 = EDGE_CURVE('',#2508,#2499,#2510,.T.);
#2508 = VERTEX_POINT('',#2509);
#2509 = CARTESIAN_POINT('',(23.6,107.25,9.5));
#2510 = LINE('',#2511,#2512);
#2511 = CARTESIAN_POINT('',(23.6,107.25,9.5));
#2512 = VECTOR('',#2513,1.);
#2513 = DIRECTION('',(-1.,0.,0.));
#2514 = ORIENTED_EDGE('',*,*,#2515,.F.);
#2515 = EDGE_CURVE('',#2516,#2508,#2518,.T.);
#2516 = VERTEX_POINT('',#2517);
#2517 = CARTESIAN_POINT('',(24.9,107.25,8.2));
#2518 = CIRCLE('',#2519,1.3);
#2519 = AXIS2_PLACEMENT_3D('',#2520,#2521,#2522);
#2520 = CARTESIAN_POINT('',(23.6,107.25,8.2));
#2521 = DIRECTION('',(0.,-1.,0.));
#2522 = DIRECTION('',(1.,0.,0.));
#2523 = ORIENTED_EDGE('',*,*,#2524,.F.);
#2524 = EDGE_CURVE('',#2465,#2516,#2525,.T.);
#2525 = LINE('',#2526,#2527);
#2526 = CARTESIAN_POINT('',(24.9,107.25,6.8));
#2527 = VECTOR('',#2528,1.);
#2528 = DIRECTION('',(0.,0.,1.));
#2529 = PLANE('',#2530);
#2530 = AXIS2_PLACEMENT_3D('',#2531,#2532,#2533);
#2531 = CARTESIAN_POINT('',(326.75,107.25,0.));
#2532 = DIRECTION('',(0.,-1.,0.));
#2533 = DIRECTION('',(-1.,0.,0.));
#2534 = ADVANCED_FACE('',(#2535),#2553,.F.);
#2535 = FACE_BOUND('',#2536,.F.);
#2536 = EDGE_LOOP('',(#2537,#2538,#2546,#2552));
#2537 = ORIENTED_EDGE('',*,*,#2236,.T.);
#2538 = ORIENTED_EDGE('',*,*,#2539,.T.);
#2539 = EDGE_CURVE('',#2229,#2540,#2542,.T.);
#2540 = VERTEX_POINT('',#2541);
#2541 = CARTESIAN_POINT('',(111.75,48.,3.5));
#2542 = LINE('',#2543,#2544);
#2543 = CARTESIAN_POINT('',(221.75,48.,3.5));
#2544 = VECTOR('',#2545,1.);
#2545 = DIRECTION('',(-1.,0.,0.));
#2546 = ORIENTED_EDGE('',*,*,#2547,.F.);
#2547 = EDGE_CURVE('',#835,#2540,#2548,.T.);
#2548 = LINE('',#2549,#2550);
#2549 = CARTESIAN_POINT('',(111.75,48.,5.));
#2550 = VECTOR('',#2551,1.);
#2551 = DIRECTION('',(-0.,-0.,-1.));
#2552 = ORIENTED_EDGE('',*,*,#842,.F.);
#2553 = PLANE('',#2554);
#2554 = AXIS2_PLACEMENT_3D('',#2555,#2556,#2557);
#2555 = CARTESIAN_POINT('',(221.75,48.,5.));
#2556 = DIRECTION('',(0.,1.,0.));
#2557 = DIRECTION('',(-1.,0.,0.));
#2558 = ADVANCED_FACE('',(#2559),#2578,.F.);
#2559 = FACE_BOUND('',#2560,.F.);
#2560 = EDGE_LOOP('',(#2561,#2570,#2576,#2577));
#2561 = ORIENTED_EDGE('',*,*,#2562,.F.);
#2562 = EDGE_CURVE('',#2563,#571,#2565,.T.);
#2563 = VERTEX_POINT('',#2564);
#2564 = CARTESIAN_POINT('',(171.875,105.45,10.));
#2565 = CIRCLE('',#2566,2.5);
#2566 = AXIS2_PLACEMENT_3D('',#2567,#2568,#2569);
#2567 = CARTESIAN_POINT('',(171.875,105.45,7.5));
#2568 = DIRECTION('',(0.,-1.,2.2E-16));
#2569 = DIRECTION('',(1.,0.,0.));
#2570 = ORIENTED_EDGE('',*,*,#2571,.T.);
#2571 = EDGE_CURVE('',#2563,#2399,#2572,.T.);
#2572 = LINE('',#2573,#2574);
#2573 = CARTESIAN_POINT('',(171.875,102.25,10.));
#2574 = VECTOR('',#2575,1.);
#2575 = DIRECTION('',(0.,1.,-2.2E-16));
#2576 = ORIENTED_EDGE('',*,*,#2398,.T.);
#2577 = ORIENTED_EDGE('',*,*,#570,.F.);
#2578 = CYLINDRICAL_SURFACE('',#2579,2.5);
#2579 = AXIS2_PLACEMENT_3D('',#2580,#2581,#2582);
#2580 = CARTESIAN_POINT('',(171.875,102.25,7.5));
#2581 = DIRECTION('',(0.,-1.,2.2E-16));
#2582 = DIRECTION('',(1.,0.,0.));
#2583 = ADVANCED_FACE('',(#2584),#2625,.F.);
#2584 = FACE_BOUND('',#2585,.F.);
#2585 = EDGE_LOOP('',(#2586,#2596,#2604,#2610,#2611,#2612,#2618,#2619));
#2586 = ORIENTED_EDGE('',*,*,#2587,.T.);
#2587 = EDGE_CURVE('',#2588,#2590,#2592,.T.);
#2588 = VERTEX_POINT('',#2589);
#2589 = CARTESIAN_POINT('',(111.75,5.5,4.));
#2590 = VERTEX_POINT('',#2591);
#2591 = CARTESIAN_POINT('',(111.75,9.5,4.));
#2592 = LINE('',#2593,#2594);
#2593 = CARTESIAN_POINT('',(111.75,5.,4.));
#2594 = VECTOR('',#2595,1.);
#2595 = DIRECTION('',(0.,1.,0.));
#2596 = ORIENTED_EDGE('',*,*,#2597,.T.);
#2597 = EDGE_CURVE('',#2590,#2598,#2600,.T.);
#2598 = VERTEX_POINT('',#2599);
#2599 = CARTESIAN_POINT('',(111.75,10.,4.5));
#2600 = LINE('',#2601,#2602);
#2601 = CARTESIAN_POINT('',(111.75,19.5,14.));
#2602 = VECTOR('',#2603,1.);
#2603 = DIRECTION('',(0.,0.707106781187,0.707106781187));
#2604 = ORIENTED_EDGE('',*,*,#2605,.F.);
#2605 = EDGE_CURVE('',#827,#2598,#2606,.T.);
#2606 = LINE('',#2607,#2608);
#2607 = CARTESIAN_POINT('',(111.75,10.,5.));
#2608 = VECTOR('',#2609,1.);
#2609 = DIRECTION('',(-0.,-0.,-1.));
#2610 = ORIENTED_EDGE('',*,*,#834,.F.);
#2611 = ORIENTED_EDGE('',*,*,#2547,.T.);
#2612 = ORIENTED_EDGE('',*,*,#2613,.T.);
#2613 = EDGE_CURVE('',#2540,#2173,#2614,.T.);
#2614 = LINE('',#2615,#2616);
#2615 = CARTESIAN_POINT('',(111.75,48.,3.5));
#2616 = VECTOR('',#2617,1.);
#2617 = DIRECTION('',(0.,-1.,0.));
#2618 = ORIENTED_EDGE('',*,*,#2180,.F.);
#2619 = ORIENTED_EDGE('',*,*,#2620,.T.);
#2620 = EDGE_CURVE('',#2181,#2588,#2621,.T.);
#2621 = LINE('',#2622,#2623);
#2622 = CARTESIAN_POINT('',(111.75,15.75,-6.25));
#2623 = VECTOR('',#2624,1.);
#2624 = DIRECTION('',(0.,0.707106781187,-0.707106781187));
#2625 = PLANE('',#2626);
#2626 = AXIS2_PLACEMENT_3D('',#2627,#2628,#2629);
#2627 = CARTESIAN_POINT('',(111.75,48.,5.));
#2628 = DIRECTION('',(-1.,0.,0.));
#2629 = DIRECTION('',(0.,-1.,0.));
#2630 = ADVANCED_FACE('',(#2631),#2649,.F.);
#2631 = FACE_BOUND('',#2632,.F.);
#2632 = EDGE_LOOP('',(#2633,#2641,#2647,#2648));
#2633 = ORIENTED_EDGE('',*,*,#2634,.F.);
#2634 = EDGE_CURVE('',#2635,#579,#2637,.T.);
#2635 = VERTEX_POINT('',#2636);
#2636 = CARTESIAN_POINT('',(165.875,105.45,10.));
#2637 = LINE('',#2638,#2639);
#2638 = CARTESIAN_POINT('',(165.875,105.45,10.));
#2639 = VECTOR('',#2640,1.);
#2640 = DIRECTION('',(0.,0.,-1.));
#2641 = ORIENTED_EDGE('',*,*,#2642,.F.);
#2642 = EDGE_CURVE('',#2563,#2635,#2643,.T.);
#2643 = LINE('',#2644,#2645);
#2644 = CARTESIAN_POINT('',(201.875,105.45,10.));
#2645 = VECTOR('',#2646,1.);
#2646 = DIRECTION('',(-1.,0.,0.));
#2647 = ORIENTED_EDGE('',*,*,#2562,.T.);
#2648 = ORIENTED_EDGE('',*,*,#578,.F.);
#2649 = PLANE('',#2650);
#2650 = AXIS2_PLACEMENT_3D('',#2651,#2652,#2653);
#2651 = CARTESIAN_POINT('',(183.875,105.45,7.5));
#2652 = DIRECTION('',(0.,1.,0.));
#2653 = DIRECTION('',(0.,0.,1.));
#2654 = ADVANCED_FACE('',(#2655),#2673,.T.);
#2655 = FACE_BOUND('',#2656,.T.);
#2656 = EDGE_LOOP('',(#2657,#2665,#2671,#2672));
#2657 = ORIENTED_EDGE('',*,*,#2658,.T.);
#2658 = EDGE_CURVE('',#819,#2659,#2661,.T.);
#2659 = VERTEX_POINT('',#2660);
#2660 = CARTESIAN_POINT('',(45.,10.,4.5));
#2661 = LINE('',#2662,#2663);
#2662 = CARTESIAN_POINT('',(45.,10.,5.));
#2663 = VECTOR('',#2664,1.);
#2664 = DIRECTION('',(-0.,-0.,-1.));
#2665 = ORIENTED_EDGE('',*,*,#2666,.T.);
#2666 = EDGE_CURVE('',#2659,#2598,#2667,.T.);
#2667 = LINE('',#2668,#2669);
#2668 = CARTESIAN_POINT('',(45.,10.,4.5));
#2669 = VECTOR('',#2670,1.);
#2670 = DIRECTION('',(1.,0.,0.));
#2671 = ORIENTED_EDGE('',*,*,#2605,.F.);
#2672 = ORIENTED_EDGE('',*,*,#826,.F.);
#2673 = PLANE('',#2674);
#2674 = AXIS2_PLACEMENT_3D('',#2675,#2676,#2677);
#2675 = CARTESIAN_POINT('',(45.,10.,5.));
#2676 = DIRECTION('',(0.,-1.,0.));
#2677 = DIRECTION('',(1.,0.,0.));
#2678 = ADVANCED_FACE('',(#2679),#2690,.F.);
#2679 = FACE_BOUND('',#2680,.F.);
#2680 = EDGE_LOOP('',(#2681,#2687,#2688,#2689));
#2681 = ORIENTED_EDGE('',*,*,#2682,.T.);
#2682 = EDGE_CURVE('',#2022,#2635,#2683,.T.);
#2683 = LINE('',#2684,#2685);
#2684 = CARTESIAN_POINT('',(165.875,102.25,10.));
#2685 = VECTOR('',#2686,1.);
#2686 = DIRECTION('',(0.,1.,-2.2E-16));
#2687 = ORIENTED_EDGE('',*,*,#2634,.T.);
#2688 = ORIENTED_EDGE('',*,*,#586,.F.);
#2689 = ORIENTED_EDGE('',*,*,#2029,.F.);
#2690 = PLANE('',#2691);
#2691 = AXIS2_PLACEMENT_3D('',#2692,#2693,#2694);
#2692 = CARTESIAN_POINT('',(165.875,102.25,10.));
#2693 = DIRECTION('',(-1.,0.,0.));
#2694 = DIRECTION('',(-0.,-2.2E-16,-1.));
#2695 = ADVANCED_FACE('',(#2696),#2714,.T.);
#2696 = FACE_BOUND('',#2697,.T.);
#2697 = EDGE_LOOP('',(#2698,#2706,#2712,#2713));
#2698 = ORIENTED_EDGE('',*,*,#2699,.T.);
#2699 = EDGE_CURVE('',#811,#2700,#2702,.T.);
#2700 = VERTEX_POINT('',#2701);
#2701 = CARTESIAN_POINT('',(45.,20.,4.5));
#2702 = LINE('',#2703,#2704);
#2703 = CARTESIAN_POINT('',(45.,20.,5.));
#2704 = VECTOR('',#2705,1.);
#2705 = DIRECTION('',(-0.,-0.,-1.));
#2706 = ORIENTED_EDGE('',*,*,#2707,.T.);
#2707 = EDGE_CURVE('',#2700,#2659,#2708,.T.);
#2708 = LINE('',#2709,#2710);
#2709 = CARTESIAN_POINT('',(45.,20.,4.5));
#2710 = VECTOR('',#2711,1.);
#2711 = DIRECTION('',(0.,-1.,0.));
#2712 = ORIENTED_EDGE('',*,*,#2658,.F.);
#2713 = ORIENTED_EDGE('',*,*,#818,.F.);
#2714 = PLANE('',#2715);
#2715 = AXIS2_PLACEMENT_3D('',#2716,#2717,#2718);
#2716 = CARTESIAN_POINT('',(45.,20.,5.));
#2717 = DIRECTION('',(-1.,0.,0.));
#2718 = DIRECTION('',(0.,-1.,0.));
#2719 = ADVANCED_FACE('',(#2720),#2754,.T.);
#2720 = FACE_BOUND('',#2721,.T.);
#2721 = EDGE_LOOP('',(#2722,#2723,#2724,#2732,#2740,#2748));
#2722 = ORIENTED_EDGE('',*,*,#2699,.F.);
#2723 = ORIENTED_EDGE('',*,*,#810,.F.);
#2724 = ORIENTED_EDGE('',*,*,#2725,.T.);
#2725 = EDGE_CURVE('',#803,#2726,#2728,.T.);
#2726 = VERTEX_POINT('',#2727);
#2727 = CARTESIAN_POINT('',(40.,20.,8.));
#2728 = LINE('',#2729,#2730);
#2729 = CARTESIAN_POINT('',(40.,20.,5.));
#2730 = VECTOR('',#2731,1.);
#2731 = DIRECTION('',(0.,0.,1.));
#2732 = ORIENTED_EDGE('',*,*,#2733,.T.);
#2733 = EDGE_CURVE('',#2726,#2734,#2736,.T.);
#2734 = VERTEX_POINT('',#2735);
#2735 = CARTESIAN_POINT('',(35.,20.,8.));
#2736 = LINE('',#2737,#2738);
#2737 = CARTESIAN_POINT('',(40.,20.,8.));
#2738 = VECTOR('',#2739,1.);
#2739 = DIRECTION('',(-1.,-0.,-0.));
#2740 = ORIENTED_EDGE('',*,*,#2741,.F.);
#2741 = EDGE_CURVE('',#2742,#2734,#2744,.T.);
#2742 = VERTEX_POINT('',#2743);
#2743 = CARTESIAN_POINT('',(35.,20.,4.5));
#2744 = LINE('',#2745,#2746);
#2745 = CARTESIAN_POINT('',(35.,20.,5.));
#2746 = VECTOR('',#2747,1.);
#2747 = DIRECTION('',(0.,0.,1.));
#2748 = ORIENTED_EDGE('',*,*,#2749,.T.);
#2749 = EDGE_CURVE('',#2742,#2700,#2750,.T.);
#2750 = LINE('',#2751,#2752);
#2751 = CARTESIAN_POINT('',(35.,20.,4.5));
#2752 = VECTOR('',#2753,1.);
#2753 = DIRECTION('',(1.,0.,0.));
#2754 = PLANE('',#2755);
#2755 = AXIS2_PLACEMENT_3D('',#2756,#2757,#2758);
#2756 = CARTESIAN_POINT('',(39.464285714286,20.,5.464285714286));
#2757 = DIRECTION('',(-0.,-1.,-0.));
#2758 = DIRECTION('',(0.,0.,-1.));
#2759 = ADVANCED_FACE('',(#2760),#2779,.F.);
#2760 = FACE_BOUND('',#2761,.F.);
#2761 = EDGE_LOOP('',(#2762,#2763,#2764,#2772));
#2762 = ORIENTED_EDGE('',*,*,#2036,.T.);
#2763 = ORIENTED_EDGE('',*,*,#602,.T.);
#2764 = ORIENTED_EDGE('',*,*,#2765,.F.);
#2765 = EDGE_CURVE('',#2766,#603,#2768,.T.);
#2766 = VERTEX_POINT('',#2767);
#2767 = CARTESIAN_POINT('',(40.,101.25,14.5));
#2768 = LINE('',#2769,#2770);
#2769 = CARTESIAN_POINT('',(40.,101.25,15.));
#2770 = VECTOR('',#2771,1.);
#2771 = DIRECTION('',(-0.,-0.,-1.));
#2772 = ORIENTED_EDGE('',*,*,#2773,.F.);
#2773 = EDGE_CURVE('',#2004,#2766,#2774,.T.);
#2774 = CIRCLE('',#2775,1.);
#2775 = AXIS2_PLACEMENT_3D('',#2776,#2777,#2778);
#2776 = CARTESIAN_POINT('',(41.,101.25,14.5));
#2777 = DIRECTION('',(0.,0.,1.));
#2778 = DIRECTION('',(-2.132E-14,1.,0.));
#2779 = CYLINDRICAL_SURFACE('',#2780,1.);
#2780 = AXIS2_PLACEMENT_3D('',#2781,#2782,#2783);
#2781 = CARTESIAN_POINT('',(41.,101.25,15.));
#2782 = DIRECTION('',(0.,0.,1.));
#2783 = DIRECTION('',(1.,0.,0.));
#2784 = ADVANCED_FACE('',(#2785),#2851,.T.);
#2785 = FACE_BOUND('',#2786,.T.);
#2786 = EDGE_LOOP('',(#2787,#2797,#2805,#2813,#2819,#2820,#2821,#2829,
    #2837,#2843,#2844,#2845));
#2787 = ORIENTED_EDGE('',*,*,#2788,.T.);
#2788 = EDGE_CURVE('',#2789,#2791,#2793,.T.);
#2789 = VERTEX_POINT('',#2790);
#2790 = CARTESIAN_POINT('',(40.,6.,14.5));
#2791 = VERTEX_POINT('',#2792);
#2792 = CARTESIAN_POINT('',(40.,6.,4.5));
#2793 = LINE('',#2794,#2795);
#2794 = CARTESIAN_POINT('',(40.,6.,15.));
#2795 = VECTOR('',#2796,1.);
#2796 = DIRECTION('',(-0.,-0.,-1.));
#2797 = ORIENTED_EDGE('',*,*,#2798,.F.);
#2798 = EDGE_CURVE('',#2799,#2791,#2801,.T.);
#2799 = VERTEX_POINT('',#2800);
#2800 = CARTESIAN_POINT('',(40.,15.,4.5));
#2801 = LINE('',#2802,#2803);
#2802 = CARTESIAN_POINT('',(40.,15.,4.5));
#2803 = VECTOR('',#2804,1.);
#2804 = DIRECTION('',(0.,-1.,0.));
#2805 = ORIENTED_EDGE('',*,*,#2806,.F.);
#2806 = EDGE_CURVE('',#2807,#2799,#2809,.T.);
#2807 = VERTEX_POINT('',#2808);
#2808 = CARTESIAN_POINT('',(40.,15.,8.));
#2809 = LINE('',#2810,#2811);
#2810 = CARTESIAN_POINT('',(40.,15.,5.));
#2811 = VECTOR('',#2812,1.);
#2812 = DIRECTION('',(-0.,-0.,-1.));
#2813 = ORIENTED_EDGE('',*,*,#2814,.F.);
#2814 = EDGE_CURVE('',#2726,#2807,#2815,.T.);
#2815 = LINE('',#2816,#2817);
#2816 = CARTESIAN_POINT('',(40.,20.,8.));
#2817 = VECTOR('',#2818,1.);
#2818 = DIRECTION('',(0.,-1.,0.));
#2819 = ORIENTED_EDGE('',*,*,#2725,.F.);
#2820 = ORIENTED_EDGE('',*,*,#802,.F.);
#2821 = ORIENTED_EDGE('',*,*,#2822,.F.);
#2822 = EDGE_CURVE('',#2823,#795,#2825,.T.);
#2823 = VERTEX_POINT('',#2824);
#2824 = CARTESIAN_POINT('',(40.,68.25,10.));
#2825 = LINE('',#2826,#2827);
#2826 = CARTESIAN_POINT('',(40.,68.25,10.));
#2827 = VECTOR('',#2828,1.);
#2828 = DIRECTION('',(0.,0.,-1.));
#2829 = ORIENTED_EDGE('',*,*,#2830,.F.);
#2830 = EDGE_CURVE('',#2831,#2823,#2833,.T.);
#2831 = VERTEX_POINT('',#2832);
#2832 = CARTESIAN_POINT('',(40.,92.25,10.));
#2833 = LINE('',#2834,#2835);
#2834 = CARTESIAN_POINT('',(40.,92.25,10.));
#2835 = VECTOR('',#2836,1.);
#2836 = DIRECTION('',(0.,-1.,0.));
#2837 = ORIENTED_EDGE('',*,*,#2838,.F.);
#2838 = EDGE_CURVE('',#612,#2831,#2839,.T.);
#2839 = LINE('',#2840,#2841);
#2840 = CARTESIAN_POINT('',(40.,92.25,5.));
#2841 = VECTOR('',#2842,1.);
#2842 = DIRECTION('',(0.,0.,1.));
#2843 = ORIENTED_EDGE('',*,*,#611,.F.);
#2844 = ORIENTED_EDGE('',*,*,#2765,.F.);
#2845 = ORIENTED_EDGE('',*,*,#2846,.T.);
#2846 = EDGE_CURVE('',#2766,#2789,#2847,.T.);
#2847 = LINE('',#2848,#2849);
#2848 = CARTESIAN_POINT('',(40.,101.25,14.5));
#2849 = VECTOR('',#2850,1.);
#2850 = DIRECTION('',(0.,-1.,0.));
#2851 = PLANE('',#2852);
#2852 = AXIS2_PLACEMENT_3D('',#2853,#2854,#2855);
#2853 = CARTESIAN_POINT('',(40.,53.463461538462,10.073076923077));
#2854 = DIRECTION('',(1.,0.,0.));
#2855 = DIRECTION('',(0.,0.,1.));
#2856 = ADVANCED_FACE('',(#2857),#2891,.T.);
#2857 = FACE_BOUND('',#2858,.T.);
#2858 = EDGE_LOOP('',(#2859,#2867,#2868,#2869,#2877,#2885));
#2859 = ORIENTED_EDGE('',*,*,#2860,.F.);
#2860 = EDGE_CURVE('',#2823,#2861,#2863,.T.);
#2861 = VERTEX_POINT('',#2862);
#2862 = CARTESIAN_POINT('',(35.,68.25,10.));
#2863 = LINE('',#2864,#2865);
#2864 = CARTESIAN_POINT('',(40.,68.25,10.));
#2865 = VECTOR('',#2866,1.);
#2866 = DIRECTION('',(-1.,-0.,-0.));
#2867 = ORIENTED_EDGE('',*,*,#2822,.T.);
#2868 = ORIENTED_EDGE('',*,*,#794,.T.);
#2869 = ORIENTED_EDGE('',*,*,#2870,.T.);
#2870 = EDGE_CURVE('',#787,#2871,#2873,.T.);
#2871 = VERTEX_POINT('',#2872);
#2872 = CARTESIAN_POINT('',(30.,68.25,8.));
#2873 = LINE('',#2874,#2875);
#2874 = CARTESIAN_POINT('',(30.,68.25,5.));
#2875 = VECTOR('',#2876,1.);
#2876 = DIRECTION('',(0.,0.,1.));
#2877 = ORIENTED_EDGE('',*,*,#2878,.F.);
#2878 = EDGE_CURVE('',#2879,#2871,#2881,.T.);
#2879 = VERTEX_POINT('',#2880);
#2880 = CARTESIAN_POINT('',(35.,68.25,8.));
#2881 = LINE('',#2882,#2883);
#2882 = CARTESIAN_POINT('',(35.,68.25,8.));
#2883 = VECTOR('',#2884,1.);
#2884 = DIRECTION('',(-1.,0.,0.));
#2885 = ORIENTED_EDGE('',*,*,#2886,.F.);
#2886 = EDGE_CURVE('',#2861,#2879,#2887,.T.);
#2887 = LINE('',#2888,#2889);
#2888 = CARTESIAN_POINT('',(35.,68.25,10.));
#2889 = VECTOR('',#2890,1.);
#2890 = DIRECTION('',(0.,0.,-1.));
#2891 = PLANE('',#2892);
#2892 = AXIS2_PLACEMENT_3D('',#2893,#2894,#2895);
#2893 = CARTESIAN_POINT('',(35.333333333333,68.25,7.166666666667));
#2894 = DIRECTION('',(0.,1.,0.));
#2895 = DIRECTION('',(0.,0.,1.));
#2896 = ADVANCED_FACE('',(#2897),#2931,.T.);
#2897 = FACE_BOUND('',#2898,.T.);
#2898 = EDGE_LOOP('',(#2899,#2907,#2908,#2909,#2917,#2925));
#2899 = ORIENTED_EDGE('',*,*,#2900,.F.);
#2900 = EDGE_CURVE('',#620,#2901,#2903,.T.);
#2901 = VERTEX_POINT('',#2902);
#2902 = CARTESIAN_POINT('',(30.,92.25,8.));
#2903 = LINE('',#2904,#2905);
#2904 = CARTESIAN_POINT('',(30.,92.25,5.));
#2905 = VECTOR('',#2906,1.);
#2906 = DIRECTION('',(0.,0.,1.));
#2907 = ORIENTED_EDGE('',*,*,#619,.F.);
#2908 = ORIENTED_EDGE('',*,*,#2838,.T.);
#2909 = ORIENTED_EDGE('',*,*,#2910,.T.);
#2910 = EDGE_CURVE('',#2831,#2911,#2913,.T.);
#2911 = VERTEX_POINT('',#2912);
#2912 = CARTESIAN_POINT('',(35.,92.25,10.));
#2913 = LINE('',#2914,#2915);
#2914 = CARTESIAN_POINT('',(40.,92.25,10.));
#2915 = VECTOR('',#2916,1.);
#2916 = DIRECTION('',(-1.,-0.,-0.));
#2917 = ORIENTED_EDGE('',*,*,#2918,.F.);
#2918 = EDGE_CURVE('',#2919,#2911,#2921,.T.);
#2919 = VERTEX_POINT('',#2920);
#2920 = CARTESIAN_POINT('',(35.,92.25,8.));
#2921 = LINE('',#2922,#2923);
#2922 = CARTESIAN_POINT('',(35.,92.25,5.));
#2923 = VECTOR('',#2924,1.);
#2924 = DIRECTION('',(0.,0.,1.));
#2925 = ORIENTED_EDGE('',*,*,#2926,.F.);
#2926 = EDGE_CURVE('',#2901,#2919,#2927,.T.);
#2927 = LINE('',#2928,#2929);
#2928 = CARTESIAN_POINT('',(30.,92.25,8.));
#2929 = VECTOR('',#2930,1.);
#2930 = DIRECTION('',(1.,0.,0.));
#2931 = PLANE('',#2932);
#2932 = AXIS2_PLACEMENT_3D('',#2933,#2934,#2935);
#2933 = CARTESIAN_POINT('',(35.333333333333,92.25,7.166666666667));
#2934 = DIRECTION('',(-0.,-1.,-0.));
#2935 = DIRECTION('',(0.,0.,-1.));
#2936 = ADVANCED_FACE('',(#2937),#2955,.F.);
#2937 = FACE_BOUND('',#2938,.F.);
#2938 = EDGE_LOOP('',(#2939,#2940,#2948,#2954));
#2939 = ORIENTED_EDGE('',*,*,#2870,.T.);
#2940 = ORIENTED_EDGE('',*,*,#2941,.T.);
#2941 = EDGE_CURVE('',#2871,#2942,#2944,.T.);
#2942 = VERTEX_POINT('',#2943);
#2943 = CARTESIAN_POINT('',(30.,63.25,8.));
#2944 = LINE('',#2945,#2946);
#2945 = CARTESIAN_POINT('',(30.,68.25,8.));
#2946 = VECTOR('',#2947,1.);
#2947 = DIRECTION('',(0.,-1.,0.));
#2948 = ORIENTED_EDGE('',*,*,#2949,.F.);
#2949 = EDGE_CURVE('',#779,#2942,#2950,.T.);
#2950 = LINE('',#2951,#2952);
#2951 = CARTESIAN_POINT('',(30.,63.25,5.));
#2952 = VECTOR('',#2953,1.);
#2953 = DIRECTION('',(0.,0.,1.));
#2954 = ORIENTED_EDGE('',*,*,#786,.F.);
#2955 = PLANE('',#2956);
#2956 = AXIS2_PLACEMENT_3D('',#2957,#2958,#2959);
#2957 = CARTESIAN_POINT('',(30.,68.25,5.));
#2958 = DIRECTION('',(1.,0.,0.));
#2959 = DIRECTION('',(0.,-1.,0.));
#2960 = ADVANCED_FACE('',(#2961),#2979,.F.);
#2961 = FACE_BOUND('',#2962,.F.);
#2962 = EDGE_LOOP('',(#2963,#2964,#2972,#2978));
#2963 = ORIENTED_EDGE('',*,*,#2949,.T.);
#2964 = ORIENTED_EDGE('',*,*,#2965,.T.);
#2965 = EDGE_CURVE('',#2942,#2966,#2968,.T.);
#2966 = VERTEX_POINT('',#2967);
#2967 = CARTESIAN_POINT('',(35.,63.25,8.));
#2968 = LINE('',#2969,#2970);
#2969 = CARTESIAN_POINT('',(30.,63.25,8.));
#2970 = VECTOR('',#2971,1.);
#2971 = DIRECTION('',(1.,0.,0.));
#2972 = ORIENTED_EDGE('',*,*,#2973,.F.);
#2973 = EDGE_CURVE('',#771,#2966,#2974,.T.);
#2974 = LINE('',#2975,#2976);
#2975 = CARTESIAN_POINT('',(35.,63.25,5.));
#2976 = VECTOR('',#2977,1.);
#2977 = DIRECTION('',(0.,0.,1.));
#2978 = ORIENTED_EDGE('',*,*,#778,.F.);
#2979 = PLANE('',#2980);
#2980 = AXIS2_PLACEMENT_3D('',#2981,#2982,#2983);
#2981 = CARTESIAN_POINT('',(30.,63.25,5.));
#2982 = DIRECTION('',(0.,1.,0.));
#2983 = DIRECTION('',(1.,0.,0.));
#2984 = ADVANCED_FACE('',(#2985),#3096,.T.);
#2985 = FACE_BOUND('',#2986,.T.);
#2986 = EDGE_LOOP('',(#2987,#2995,#2996,#3004,#3012,#3020,#3028,#3036,
    #3044,#3052,#3060,#3068,#3074,#3075,#3081,#3082,#3088,#3089,#3090));
#2987 = ORIENTED_EDGE('',*,*,#2988,.T.);
#2988 = EDGE_CURVE('',#2989,#2742,#2991,.T.);
#2989 = VERTEX_POINT('',#2990);
#2990 = CARTESIAN_POINT('',(35.,60.,4.5));
#2991 = LINE('',#2992,#2993);
#2992 = CARTESIAN_POINT('',(35.,60.,4.5));
#2993 = VECTOR('',#2994,1.);
#2994 = DIRECTION('',(0.,-1.,0.));
#2995 = ORIENTED_EDGE('',*,*,#2741,.T.);
#2996 = ORIENTED_EDGE('',*,*,#2997,.T.);
#2997 = EDGE_CURVE('',#2734,#2998,#3000,.T.);
#2998 = VERTEX_POINT('',#2999);
#2999 = CARTESIAN_POINT('',(35.,15.,8.));
#3000 = LINE('',#3001,#3002);
#3001 = CARTESIAN_POINT('',(35.,20.,8.));
#3002 = VECTOR('',#3003,1.);
#3003 = DIRECTION('',(0.,-1.,0.));
#3004 = ORIENTED_EDGE('',*,*,#3005,.F.);
#3005 = EDGE_CURVE('',#3006,#2998,#3008,.T.);
#3006 = VERTEX_POINT('',#3007);
#3007 = CARTESIAN_POINT('',(35.,10.,8.));
#3008 = LINE('',#3009,#3010);
#3009 = CARTESIAN_POINT('',(35.,10.,8.));
#3010 = VECTOR('',#3011,1.);
#3011 = DIRECTION('',(0.,1.,0.));
#3012 = ORIENTED_EDGE('',*,*,#3013,.T.);
#3013 = EDGE_CURVE('',#3006,#3014,#3016,.T.);
#3014 = VERTEX_POINT('',#3015);
#3015 = CARTESIAN_POINT('',(35.,10.,12.));
#3016 = LINE('',#3017,#3018);
#3017 = CARTESIAN_POINT('',(35.,10.,5.));
#3018 = VECTOR('',#3019,1.);
#3019 = DIRECTION('',(0.,0.,1.));
#3020 = ORIENTED_EDGE('',*,*,#3021,.F.);
#3021 = EDGE_CURVE('',#3022,#3014,#3024,.T.);
#3022 = VERTEX_POINT('',#3023);
#3023 = CARTESIAN_POINT('',(35.,6.,12.));
#3024 = LINE('',#3025,#3026);
#3025 = CARTESIAN_POINT('',(35.,6.,12.));
#3026 = VECTOR('',#3027,1.);
#3027 = DIRECTION('',(0.,1.,0.));
#3028 = ORIENTED_EDGE('',*,*,#3029,.F.);
#3029 = EDGE_CURVE('',#3030,#3022,#3032,.T.);
#3030 = VERTEX_POINT('',#3031);
#3031 = CARTESIAN_POINT('',(35.,6.,14.5));
#3032 = LINE('',#3033,#3034);
#3033 = CARTESIAN_POINT('',(35.,6.,15.));
#3034 = VECTOR('',#3035,1.);
#3035 = DIRECTION('',(-0.,-0.,-1.));
#3036 = ORIENTED_EDGE('',*,*,#3037,.T.);
#3037 = EDGE_CURVE('',#3030,#3038,#3040,.T.);
#3038 = VERTEX_POINT('',#3039);
#3039 = CARTESIAN_POINT('',(35.,101.25,14.5));
#3040 = LINE('',#3041,#3042);
#3041 = CARTESIAN_POINT('',(35.,6.,14.5));
#3042 = VECTOR('',#3043,1.);
#3043 = DIRECTION('',(0.,1.,0.));
#3044 = ORIENTED_EDGE('',*,*,#3045,.T.);
#3045 = EDGE_CURVE('',#3038,#3046,#3048,.T.);
#3046 = VERTEX_POINT('',#3047);
#3047 = CARTESIAN_POINT('',(35.,101.25,14.4));
#3048 = LINE('',#3049,#3050);
#3049 = CARTESIAN_POINT('',(35.,101.25,15.));
#3050 = VECTOR('',#3051,1.);
#3051 = DIRECTION('',(-0.,-0.,-1.));
#3052 = ORIENTED_EDGE('',*,*,#3053,.F.);
#3053 = EDGE_CURVE('',#3054,#3046,#3056,.T.);
#3054 = VERTEX_POINT('',#3055);
#3055 = CARTESIAN_POINT('',(35.,97.25,14.4));
#3056 = LINE('',#3057,#3058);
#3057 = CARTESIAN_POINT('',(35.,97.25,14.4));
#3058 = VECTOR('',#3059,1.);
#3059 = DIRECTION('',(0.,1.,0.));
#3060 = ORIENTED_EDGE('',*,*,#3061,.F.);
#3061 = EDGE_CURVE('',#3062,#3054,#3064,.T.);
#3062 = VERTEX_POINT('',#3063);
#3063 = CARTESIAN_POINT('',(35.,97.25,8.));
#3064 = LINE('',#3065,#3066);
#3065 = CARTESIAN_POINT('',(35.,97.25,12.));
#3066 = VECTOR('',#3067,1.);
#3067 = DIRECTION('',(0.,0.,1.));
#3068 = ORIENTED_EDGE('',*,*,#3069,.F.);
#3069 = EDGE_CURVE('',#2919,#3062,#3070,.T.);
#3070 = LINE('',#3071,#3072);
#3071 = CARTESIAN_POINT('',(35.,92.25,8.));
#3072 = VECTOR('',#3073,1.);
#3073 = DIRECTION('',(0.,1.,0.));
#3074 = ORIENTED_EDGE('',*,*,#2918,.T.);
#3075 = ORIENTED_EDGE('',*,*,#3076,.T.);
#3076 = EDGE_CURVE('',#2911,#2861,#3077,.T.);
#3077 = LINE('',#3078,#3079);
#3078 = CARTESIAN_POINT('',(35.,92.25,10.));
#3079 = VECTOR('',#3080,1.);
#3080 = DIRECTION('',(0.,-1.,0.));
#3081 = ORIENTED_EDGE('',*,*,#2886,.T.);
#3082 = ORIENTED_EDGE('',*,*,#3083,.F.);
#3083 = EDGE_CURVE('',#2966,#2879,#3084,.T.);
#3084 = LINE('',#3085,#3086);
#3085 = CARTESIAN_POINT('',(35.,63.25,8.));
#3086 = VECTOR('',#3087,1.);
#3087 = DIRECTION('',(0.,1.,0.));
#3088 = ORIENTED_EDGE('',*,*,#2973,.F.);
#3089 = ORIENTED_EDGE('',*,*,#770,.F.);
#3090 = ORIENTED_EDGE('',*,*,#3091,.T.);
#3091 = EDGE_CURVE('',#763,#2989,#3092,.T.);
#3092 = LINE('',#3093,#3094);
#3093 = CARTESIAN_POINT('',(35.,60.,5.));
#3094 = VECTOR('',#3095,1.);
#3095 = DIRECTION('',(-0.,-0.,-1.));
#3096 = PLANE('',#3097);
#3097 = AXIS2_PLACEMENT_3D('',#3098,#3099,#3100);
#3098 = CARTESIAN_POINT('',(35.,53.722802197802,10.182967032967));
#3099 = DIRECTION('',(-1.,-0.,-0.));
#3100 = DIRECTION('',(0.,0.,-1.));
#3101 = ADVANCED_FACE('',(#3102),#3120,.T.);
#3102 = FACE_BOUND('',#3103,.T.);
#3103 = EDGE_LOOP('',(#3104,#3112,#3118,#3119));
#3104 = ORIENTED_EDGE('',*,*,#3105,.T.);
#3105 = EDGE_CURVE('',#755,#3106,#3108,.T.);
#3106 = VERTEX_POINT('',#3107);
#3107 = CARTESIAN_POINT('',(27.,60.,4.5));
#3108 = LINE('',#3109,#3110);
#3109 = CARTESIAN_POINT('',(27.,60.,5.));
#3110 = VECTOR('',#3111,1.);
#3111 = DIRECTION('',(-0.,-0.,-1.));
#3112 = ORIENTED_EDGE('',*,*,#3113,.T.);
#3113 = EDGE_CURVE('',#3106,#2989,#3114,.T.);
#3114 = LINE('',#3115,#3116);
#3115 = CARTESIAN_POINT('',(27.,60.,4.5));
#3116 = VECTOR('',#3117,1.);
#3117 = DIRECTION('',(1.,0.,0.));
#3118 = ORIENTED_EDGE('',*,*,#3091,.F.);
#3119 = ORIENTED_EDGE('',*,*,#762,.F.);
#3120 = PLANE('',#3121);
#3121 = AXIS2_PLACEMENT_3D('',#3122,#3123,#3124);
#3122 = CARTESIAN_POINT('',(27.,60.,5.));
#3123 = DIRECTION('',(0.,-1.,0.));
#3124 = DIRECTION('',(1.,0.,0.));
#3125 = ADVANCED_FACE('',(#3126),#3144,.F.);
#3126 = FACE_BOUND('',#3127,.F.);
#3127 = EDGE_LOOP('',(#3128,#3129,#3137,#3143));
#3128 = ORIENTED_EDGE('',*,*,#3105,.T.);
#3129 = ORIENTED_EDGE('',*,*,#3130,.T.);
#3130 = EDGE_CURVE('',#3106,#3131,#3133,.T.);
#3131 = VERTEX_POINT('',#3132);
#3132 = CARTESIAN_POINT('',(27.,53.,4.5));
#3133 = LINE('',#3134,#3135);
#3134 = CARTESIAN_POINT('',(27.,60.,4.5));
#3135 = VECTOR('',#3136,1.);
#3136 = DIRECTION('',(0.,-1.,0.));
#3137 = ORIENTED_EDGE('',*,*,#3138,.F.);
#3138 = EDGE_CURVE('',#747,#3131,#3139,.T.);
#3139 = LINE('',#3140,#3141);
#3140 = CARTESIAN_POINT('',(27.,53.,5.));
#3141 = VECTOR('',#3142,1.);
#3142 = DIRECTION('',(-0.,-0.,-1.));
#3143 = ORIENTED_EDGE('',*,*,#754,.F.);
#3144 = PLANE('',#3145);
#3145 = AXIS2_PLACEMENT_3D('',#3146,#3147,#3148);
#3146 = CARTESIAN_POINT('',(27.,60.,5.));
#3147 = DIRECTION('',(-1.,0.,0.));
#3148 = DIRECTION('',(0.,-1.,0.));
#3149 = ADVANCED_FACE('',(#3150),#3168,.F.);
#3150 = FACE_BOUND('',#3151,.F.);
#3151 = EDGE_LOOP('',(#3152,#3153,#3161,#3167));
#3152 = ORIENTED_EDGE('',*,*,#3138,.T.);
#3153 = ORIENTED_EDGE('',*,*,#3154,.T.);
#3154 = EDGE_CURVE('',#3131,#3155,#3157,.T.);
#3155 = VERTEX_POINT('',#3156);
#3156 = CARTESIAN_POINT('',(30.,49.,4.5));
#3157 = LINE('',#3158,#3159);
#3158 = CARTESIAN_POINT('',(27.,53.,4.5));
#3159 = VECTOR('',#3160,1.);
#3160 = DIRECTION('',(0.6,-0.8,0.));
#3161 = ORIENTED_EDGE('',*,*,#3162,.F.);
#3162 = EDGE_CURVE('',#739,#3155,#3163,.T.);
#3163 = LINE('',#3164,#3165);
#3164 = CARTESIAN_POINT('',(30.,49.,5.));
#3165 = VECTOR('',#3166,1.);
#3166 = DIRECTION('',(-0.,-0.,-1.));
#3167 = ORIENTED_EDGE('',*,*,#746,.F.);
#3168 = PLANE('',#3169);
#3169 = AXIS2_PLACEMENT_3D('',#3170,#3171,#3172);
#3170 = CARTESIAN_POINT('',(27.,53.,5.));
#3171 = DIRECTION('',(-0.8,-0.6,0.));
#3172 = DIRECTION('',(0.6,-0.8,0.));
#3173 = ADVANCED_FACE('',(#3174),#3192,.F.);
#3174 = FACE_BOUND('',#3175,.F.);
#3175 = EDGE_LOOP('',(#3176,#3177,#3185,#3191));
#3176 = ORIENTED_EDGE('',*,*,#3162,.T.);
#3177 = ORIENTED_EDGE('',*,*,#3178,.T.);
#3178 = EDGE_CURVE('',#3155,#3179,#3181,.T.);
#3179 = VERTEX_POINT('',#3180);
#3180 = CARTESIAN_POINT('',(30.,15.,4.5));
#3181 = LINE('',#3182,#3183);
#3182 = CARTESIAN_POINT('',(30.,49.,4.5));
#3183 = VECTOR('',#3184,1.);
#3184 = DIRECTION('',(0.,-1.,0.));
#3185 = ORIENTED_EDGE('',*,*,#3186,.F.);
#3186 = EDGE_CURVE('',#731,#3179,#3187,.T.);
#3187 = LINE('',#3188,#3189);
#3188 = CARTESIAN_POINT('',(30.,15.,5.));
#3189 = VECTOR('',#3190,1.);
#3190 = DIRECTION('',(-0.,-0.,-1.));
#3191 = ORIENTED_EDGE('',*,*,#738,.F.);
#3192 = PLANE('',#3193);
#3193 = AXIS2_PLACEMENT_3D('',#3194,#3195,#3196);
#3194 = CARTESIAN_POINT('',(30.,49.,5.));
#3195 = DIRECTION('',(-1.,0.,0.));
#3196 = DIRECTION('',(0.,-1.,0.));
#3197 = ADVANCED_FACE('',(#3198),#3239,.T.);
#3198 = FACE_BOUND('',#3199,.T.);
#3199 = EDGE_LOOP('',(#3200,#3208,#3209,#3217,#3225,#3233));
#3200 = ORIENTED_EDGE('',*,*,#3201,.F.);
#3201 = EDGE_CURVE('',#731,#3202,#3204,.T.);
#3202 = VERTEX_POINT('',#3203);
#3203 = CARTESIAN_POINT('',(30.,15.,8.));
#3204 = LINE('',#3205,#3206);
#3205 = CARTESIAN_POINT('',(30.,15.,5.));
#3206 = VECTOR('',#3207,1.);
#3207 = DIRECTION('',(0.,0.,1.));
#3208 = ORIENTED_EDGE('',*,*,#730,.T.);
#3209 = ORIENTED_EDGE('',*,*,#3210,.T.);
#3210 = EDGE_CURVE('',#723,#3211,#3213,.T.);
#3211 = VERTEX_POINT('',#3212);
#3212 = CARTESIAN_POINT('',(30.,5.,12.));
#3213 = LINE('',#3214,#3215);
#3214 = CARTESIAN_POINT('',(30.,5.,5.));
#3215 = VECTOR('',#3216,1.);
#3216 = DIRECTION('',(0.,0.,1.));
#3217 = ORIENTED_EDGE('',*,*,#3218,.F.);
#3218 = EDGE_CURVE('',#3219,#3211,#3221,.T.);
#3219 = VERTEX_POINT('',#3220);
#3220 = CARTESIAN_POINT('',(30.,10.,12.));
#3221 = LINE('',#3222,#3223);
#3222 = CARTESIAN_POINT('',(30.,10.,12.));
#3223 = VECTOR('',#3224,1.);
#3224 = DIRECTION('',(0.,-1.,0.));
#3225 = ORIENTED_EDGE('',*,*,#3226,.F.);
#3226 = EDGE_CURVE('',#3227,#3219,#3229,.T.);
#3227 = VERTEX_POINT('',#3228);
#3228 = CARTESIAN_POINT('',(30.,10.,8.));
#3229 = LINE('',#3230,#3231);
#3230 = CARTESIAN_POINT('',(30.,10.,5.));
#3231 = VECTOR('',#3232,1.);
#3232 = DIRECTION('',(0.,0.,1.));
#3233 = ORIENTED_EDGE('',*,*,#3234,.F.);
#3234 = EDGE_CURVE('',#3202,#3227,#3235,.T.);
#3235 = LINE('',#3236,#3237);
#3236 = CARTESIAN_POINT('',(30.,15.,8.));
#3237 = VECTOR('',#3238,1.);
#3238 = DIRECTION('',(0.,-1.,0.));
#3239 = PLANE('',#3240);
#3240 = AXIS2_PLACEMENT_3D('',#3241,#3242,#3243);
#3241 = CARTESIAN_POINT('',(30.,9.411764705882,7.911764705882));
#3242 = DIRECTION('',(-1.,-0.,-0.));
#3243 = DIRECTION('',(0.,0.,-1.));
#3244 = ADVANCED_FACE('',(#3245),#3251,.F.);
#3245 = FACE_BOUND('',#3246,.F.);
#3246 = EDGE_LOOP('',(#3247,#3248,#3249,#3250));
#3247 = ORIENTED_EDGE('',*,*,#1646,.T.);
#3248 = ORIENTED_EDGE('',*,*,#1731,.T.);
#3249 = ORIENTED_EDGE('',*,*,#658,.F.);
#3250 = ORIENTED_EDGE('',*,*,#1569,.F.);
#3251 = PLANE('',#3252);
#3252 = AXIS2_PLACEMENT_3D('',#3253,#3254,#3255);
#3253 = CARTESIAN_POINT('',(5.,73.25,11.6));
#3254 = DIRECTION('',(0.,-1.,0.));
#3255 = DIRECTION('',(0.,0.,-1.));
#3256 = ADVANCED_FACE('',(#3257),#3307,.F.);
#3257 = FACE_BOUND('',#3258,.F.);
#3258 = EDGE_LOOP('',(#3259,#3269,#3277,#3285,#3293,#3299,#3300,#3301));
#3259 = ORIENTED_EDGE('',*,*,#3260,.F.);
#3260 = EDGE_CURVE('',#3261,#3263,#3265,.T.);
#3261 = VERTEX_POINT('',#3262);
#3262 = CARTESIAN_POINT('',(34.,5.,14.5));
#3263 = VERTEX_POINT('',#3264);
#3264 = CARTESIAN_POINT('',(34.,5.,12.));
#3265 = LINE('',#3266,#3267);
#3266 = CARTESIAN_POINT('',(34.,5.,15.));
#3267 = VECTOR('',#3268,1.);
#3268 = DIRECTION('',(-0.,-0.,-1.));
#3269 = ORIENTED_EDGE('',*,*,#3270,.F.);
#3270 = EDGE_CURVE('',#3271,#3261,#3273,.T.);
#3271 = VERTEX_POINT('',#3272);
#3272 = CARTESIAN_POINT('',(6.,5.,14.5));
#3273 = LINE('',#3274,#3275);
#3274 = CARTESIAN_POINT('',(6.,5.,14.5));
#3275 = VECTOR('',#3276,1.);
#3276 = DIRECTION('',(1.,0.,0.));
#3277 = ORIENTED_EDGE('',*,*,#3278,.T.);
#3278 = EDGE_CURVE('',#3271,#3279,#3281,.T.);
#3279 = VERTEX_POINT('',#3280);
#3280 = CARTESIAN_POINT('',(6.,5.000000000012,12.));
#3281 = LINE('',#3282,#3283);
#3282 = CARTESIAN_POINT('',(6.,5.,15.));
#3283 = VECTOR('',#3284,1.);
#3284 = DIRECTION('',(-0.,-0.,-1.));
#3285 = ORIENTED_EDGE('',*,*,#3286,.T.);
#3286 = EDGE_CURVE('',#3279,#3287,#3289,.T.);
#3287 = VERTEX_POINT('',#3288);
#3288 = CARTESIAN_POINT('',(10.,5.000000000012,12.));
#3289 = LINE('',#3290,#3291);
#3290 = CARTESIAN_POINT('',(6.,5.000000000012,12.));
#3291 = VECTOR('',#3292,1.);
#3292 = DIRECTION('',(1.,0.,0.));
#3293 = ORIENTED_EDGE('',*,*,#3294,.F.);
#3294 = EDGE_CURVE('',#715,#3287,#3295,.T.);
#3295 = LINE('',#3296,#3297);
#3296 = CARTESIAN_POINT('',(10.,5.000000000012,5.));
#3297 = VECTOR('',#3298,1.);
#3298 = DIRECTION('',(0.,0.,1.));
#3299 = ORIENTED_EDGE('',*,*,#722,.T.);
#3300 = ORIENTED_EDGE('',*,*,#3210,.T.);
#3301 = ORIENTED_EDGE('',*,*,#3302,.T.);
#3302 = EDGE_CURVE('',#3211,#3263,#3303,.T.);
#3303 = LINE('',#3304,#3305);
#3304 = CARTESIAN_POINT('',(30.,5.,12.));
#3305 = VECTOR('',#3306,1.);
#3306 = DIRECTION('',(1.,0.,0.));
#3307 = PLANE('',#3308);
#3308 = AXIS2_PLACEMENT_3D('',#3309,#3310,#3311);
#3309 = CARTESIAN_POINT('',(6.,5.,15.));
#3310 = DIRECTION('',(0.,-1.,0.));
#3311 = DIRECTION('',(1.,0.,0.));
#3312 = ADVANCED_FACE('',(#3313),#3347,.T.);
#3313 = FACE_BOUND('',#3314,.T.);
#3314 = EDGE_LOOP('',(#3315,#3316,#3317,#3325,#3333,#3341));
#3315 = ORIENTED_EDGE('',*,*,#3294,.F.);
#3316 = ORIENTED_EDGE('',*,*,#714,.T.);
#3317 = ORIENTED_EDGE('',*,*,#3318,.T.);
#3318 = EDGE_CURVE('',#707,#3319,#3321,.T.);
#3319 = VERTEX_POINT('',#3320);
#3320 = CARTESIAN_POINT('',(10.,15.,8.));
#3321 = LINE('',#3322,#3323);
#3322 = CARTESIAN_POINT('',(10.,15.,5.));
#3323 = VECTOR('',#3324,1.);
#3324 = DIRECTION('',(0.,0.,1.));
#3325 = ORIENTED_EDGE('',*,*,#3326,.F.);
#3326 = EDGE_CURVE('',#3327,#3319,#3329,.T.);
#3327 = VERTEX_POINT('',#3328);
#3328 = CARTESIAN_POINT('',(10.,10.,8.));
#3329 = LINE('',#3330,#3331);
#3330 = CARTESIAN_POINT('',(10.,10.,8.));
#3331 = VECTOR('',#3332,1.);
#3332 = DIRECTION('',(0.,1.,0.));
#3333 = ORIENTED_EDGE('',*,*,#3334,.T.);
#3334 = EDGE_CURVE('',#3327,#3335,#3337,.T.);
#3335 = VERTEX_POINT('',#3336);
#3336 = CARTESIAN_POINT('',(10.,10.,12.));
#3337 = LINE('',#3338,#3339);
#3338 = CARTESIAN_POINT('',(10.,10.,5.));
#3339 = VECTOR('',#3340,1.);
#3340 = DIRECTION('',(0.,0.,1.));
#3341 = ORIENTED_EDGE('',*,*,#3342,.F.);
#3342 = EDGE_CURVE('',#3287,#3335,#3343,.T.);
#3343 = LINE('',#3344,#3345);
#3344 = CARTESIAN_POINT('',(10.,5.000000000012,12.));
#3345 = VECTOR('',#3346,1.);
#3346 = DIRECTION('',(0.,1.,0.));
#3347 = PLANE('',#3348);
#3348 = AXIS2_PLACEMENT_3D('',#3349,#3350,#3351);
#3349 = CARTESIAN_POINT('',(10.,9.411764705888,7.911764705882));
#3350 = DIRECTION('',(1.,0.,0.));
#3351 = DIRECTION('',(0.,0.,1.));
#3352 = ADVANCED_FACE('',(#3353),#3371,.F.);
#3353 = FACE_BOUND('',#3354,.F.);
#3354 = EDGE_LOOP('',(#3355,#3363,#3369,#3370));
#3355 = ORIENTED_EDGE('',*,*,#3356,.T.);
#3356 = EDGE_CURVE('',#675,#3357,#3359,.T.);
#3357 = VERTEX_POINT('',#3358);
#3358 = CARTESIAN_POINT('',(10.,68.25,8.));
#3359 = LINE('',#3360,#3361);
#3360 = CARTESIAN_POINT('',(10.,68.25,5.));
#3361 = VECTOR('',#3362,1.);
#3362 = DIRECTION('',(0.,0.,1.));
#3363 = ORIENTED_EDGE('',*,*,#3364,.T.);
#3364 = EDGE_CURVE('',#3357,#1577,#3365,.T.);
#3365 = LINE('',#3366,#3367);
#3366 = CARTESIAN_POINT('',(10.,68.25,8.));
#3367 = VECTOR('',#3368,1.);
#3368 = DIRECTION('',(-1.,0.,0.));
#3369 = ORIENTED_EDGE('',*,*,#1576,.F.);
#3370 = ORIENTED_EDGE('',*,*,#674,.F.);
#3371 = PLANE('',#3372);
#3372 = AXIS2_PLACEMENT_3D('',#3373,#3374,#3375);
#3373 = CARTESIAN_POINT('',(10.,68.25,5.));
#3374 = DIRECTION('',(0.,-1.,0.));
#3375 = DIRECTION('',(-1.,0.,0.));
#3376 = ADVANCED_FACE('',(#3377),#3388,.F.);
#3377 = FACE_BOUND('',#3378,.F.);
#3378 = EDGE_LOOP('',(#3379,#3380,#3386,#3387));
#3379 = ORIENTED_EDGE('',*,*,#3318,.T.);
#3380 = ORIENTED_EDGE('',*,*,#3381,.T.);
#3381 = EDGE_CURVE('',#3319,#1600,#3382,.T.);
#3382 = LINE('',#3383,#3384);
#3383 = CARTESIAN_POINT('',(10.,15.,8.));
#3384 = VECTOR('',#3385,1.);
#3385 = DIRECTION('',(-1.,0.,0.));
#3386 = ORIENTED_EDGE('',*,*,#1599,.F.);
#3387 = ORIENTED_EDGE('',*,*,#706,.F.);
#3388 = PLANE('',#3389);
#3389 = AXIS2_PLACEMENT_3D('',#3390,#3391,#3392);
#3390 = CARTESIAN_POINT('',(10.,15.,5.));
#3391 = DIRECTION('',(0.,-1.,0.));
#3392 = DIRECTION('',(-1.,0.,0.));
#3393 = ADVANCED_FACE('',(#3394),#3412,.F.);
#3394 = FACE_BOUND('',#3395,.F.);
#3395 = EDGE_LOOP('',(#3396,#3404,#3410,#3411));
#3396 = ORIENTED_EDGE('',*,*,#3397,.T.);
#3397 = EDGE_CURVE('',#683,#3398,#3400,.T.);
#3398 = VERTEX_POINT('',#3399);
#3399 = CARTESIAN_POINT('',(10.,63.25,8.));
#3400 = LINE('',#3401,#3402);
#3401 = CARTESIAN_POINT('',(10.,63.25,5.));
#3402 = VECTOR('',#3403,1.);
#3403 = DIRECTION('',(0.,0.,1.));
#3404 = ORIENTED_EDGE('',*,*,#3405,.T.);
#3405 = EDGE_CURVE('',#3398,#3357,#3406,.T.);
#3406 = LINE('',#3407,#3408);
#3407 = CARTESIAN_POINT('',(10.,63.25,8.));
#3408 = VECTOR('',#3409,1.);
#3409 = DIRECTION('',(0.,1.,0.));
#3410 = ORIENTED_EDGE('',*,*,#3356,.F.);
#3411 = ORIENTED_EDGE('',*,*,#682,.F.);
#3412 = PLANE('',#3413);
#3413 = AXIS2_PLACEMENT_3D('',#3414,#3415,#3416);
#3414 = CARTESIAN_POINT('',(10.,63.25,5.));
#3415 = DIRECTION('',(-1.,0.,0.));
#3416 = DIRECTION('',(0.,1.,0.));
#3417 = ADVANCED_FACE('',(#3418),#3429,.F.);
#3418 = FACE_BOUND('',#3419,.F.);
#3419 = EDGE_LOOP('',(#3420,#3421,#3427,#3428));
#3420 = ORIENTED_EDGE('',*,*,#1592,.T.);
#3421 = ORIENTED_EDGE('',*,*,#3422,.T.);
#3422 = EDGE_CURVE('',#1585,#3398,#3423,.T.);
#3423 = LINE('',#3424,#3425);
#3424 = CARTESIAN_POINT('',(5.,63.25,8.));
#3425 = VECTOR('',#3426,1.);
#3426 = DIRECTION('',(1.,0.,0.));
#3427 = ORIENTED_EDGE('',*,*,#3397,.F.);
#3428 = ORIENTED_EDGE('',*,*,#690,.F.);
#3429 = PLANE('',#3430);
#3430 = AXIS2_PLACEMENT_3D('',#3431,#3432,#3433);
#3431 = CARTESIAN_POINT('',(5.,63.25,5.));
#3432 = DIRECTION('',(0.,1.,0.));
#3433 = DIRECTION('',(1.,0.,0.));
#3434 = ADVANCED_FACE('',(#3435),#3476,.F.);
#3435 = FACE_BOUND('',#3436,.F.);
#3436 = EDGE_LOOP('',(#3437,#3447,#3455,#3463,#3469,#3470));
#3437 = ORIENTED_EDGE('',*,*,#3438,.T.);
#3438 = EDGE_CURVE('',#3439,#3441,#3443,.T.);
#3439 = VERTEX_POINT('',#3440);
#3440 = CARTESIAN_POINT('',(60.25,24.65,5.5));
#3441 = VERTEX_POINT('',#3442);
#3442 = CARTESIAN_POINT('',(60.25,24.65,10.5));
#3443 = LINE('',#3444,#3445);
#3444 = CARTESIAN_POINT('',(60.25,24.65,5.));
#3445 = VECTOR('',#3446,1.);
#3446 = DIRECTION('',(0.,0.,1.));
#3447 = ORIENTED_EDGE('',*,*,#3448,.T.);
#3448 = EDGE_CURVE('',#3441,#3449,#3451,.T.);
#3449 = VERTEX_POINT('',#3450);
#3450 = CARTESIAN_POINT('',(60.25,25.85,10.5));
#3451 = LINE('',#3452,#3453);
#3452 = CARTESIAN_POINT('',(60.25,24.65,10.5));
#3453 = VECTOR('',#3454,1.);
#3454 = DIRECTION('',(0.,1.,0.));
#3455 = ORIENTED_EDGE('',*,*,#3456,.F.);
#3456 = EDGE_CURVE('',#3457,#3449,#3459,.T.);
#3457 = VERTEX_POINT('',#3458);
#3458 = CARTESIAN_POINT('',(60.25,25.85,5.5));
#3459 = LINE('',#3460,#3461);
#3460 = CARTESIAN_POINT('',(60.25,25.85,5.));
#3461 = VECTOR('',#3462,1.);
#3462 = DIRECTION('',(0.,0.,1.));
#3463 = ORIENTED_EDGE('',*,*,#3464,.F.);
#3464 = EDGE_CURVE('',#902,#3457,#3465,.T.);
#3465 = LINE('',#3466,#3467);
#3466 = CARTESIAN_POINT('',(60.25,25.8,5.55));
#3467 = VECTOR('',#3468,1.);
#3468 = DIRECTION('',(0.,-0.707106781187,0.707106781187));
#3469 = ORIENTED_EDGE('',*,*,#899,.F.);
#3470 = ORIENTED_EDGE('',*,*,#3471,.T.);
#3471 = EDGE_CURVE('',#900,#3439,#3472,.T.);
#3472 = LINE('',#3473,#3474);
#3473 = CARTESIAN_POINT('',(60.25,24.4,5.25));
#3474 = VECTOR('',#3475,1.);
#3475 = DIRECTION('',(0.,0.707106781187,0.707106781187));
#3476 = PLANE('',#3477);
#3477 = AXIS2_PLACEMENT_3D('',#3478,#3479,#3480);
#3478 = CARTESIAN_POINT('',(60.25,24.65,5.));
#3479 = DIRECTION('',(-1.,0.,0.));
#3480 = DIRECTION('',(0.,1.,0.));
#3481 = ADVANCED_FACE('',(#3482),#3500,.T.);
#3482 = FACE_BOUND('',#3483,.T.);
#3483 = EDGE_LOOP('',(#3484,#3485,#3486,#3494));
#3484 = ORIENTED_EDGE('',*,*,#3464,.F.);
#3485 = ORIENTED_EDGE('',*,*,#925,.T.);
#3486 = ORIENTED_EDGE('',*,*,#3487,.T.);
#3487 = EDGE_CURVE('',#918,#3488,#3490,.T.);
#3488 = VERTEX_POINT('',#3489);
#3489 = CARTESIAN_POINT('',(55.75,25.85,5.5));
#3490 = LINE('',#3491,#3492);
#3491 = CARTESIAN_POINT('',(55.75,26.1,5.25));
#3492 = VECTOR('',#3493,1.);
#3493 = DIRECTION('',(0.,-0.707106781187,0.707106781187));
#3494 = ORIENTED_EDGE('',*,*,#3495,.F.);
#3495 = EDGE_CURVE('',#3457,#3488,#3496,.T.);
#3496 = LINE('',#3497,#3498);
#3497 = CARTESIAN_POINT('',(60.25,25.85,5.5));
#3498 = VECTOR('',#3499,1.);
#3499 = DIRECTION('',(-1.,0.,0.));
#3500 = PLANE('',#3501);
#3501 = AXIS2_PLACEMENT_3D('',#3502,#3503,#3504);
#3502 = CARTESIAN_POINT('',(60.25,26.1,5.25));
#3503 = DIRECTION('',(0.,0.707106781187,0.707106781187));
#3504 = DIRECTION('',(-1.,0.,0.));
#3505 = ADVANCED_FACE('',(#3506),#3524,.T.);
#3506 = FACE_BOUND('',#3507,.T.);
#3507 = EDGE_LOOP('',(#3508,#3516,#3517,#3518));
#3508 = ORIENTED_EDGE('',*,*,#3509,.F.);
#3509 = EDGE_CURVE('',#910,#3510,#3512,.T.);
#3510 = VERTEX_POINT('',#3511);
#3511 = CARTESIAN_POINT('',(55.75,24.65,5.5));
#3512 = LINE('',#3513,#3514);
#3513 = CARTESIAN_POINT('',(55.75,24.7,5.55));
#3514 = VECTOR('',#3515,1.);
#3515 = DIRECTION('',(0.,0.707106781187,0.707106781187));
#3516 = ORIENTED_EDGE('',*,*,#909,.T.);
#3517 = ORIENTED_EDGE('',*,*,#3471,.T.);
#3518 = ORIENTED_EDGE('',*,*,#3519,.F.);
#3519 = EDGE_CURVE('',#3510,#3439,#3520,.T.);
#3520 = LINE('',#3521,#3522);
#3521 = CARTESIAN_POINT('',(55.75,24.65,5.5));
#3522 = VECTOR('',#3523,1.);
#3523 = DIRECTION('',(1.,0.,0.));
#3524 = PLANE('',#3525);
#3525 = AXIS2_PLACEMENT_3D('',#3526,#3527,#3528);
#3526 = CARTESIAN_POINT('',(55.75,24.4,5.25));
#3527 = DIRECTION('',(0.,-0.707106781187,0.707106781187));
#3528 = DIRECTION('',(1.,0.,0.));
#3529 = ADVANCED_FACE('',(#3530),#3557,.F.);
#3530 = FACE_BOUND('',#3531,.F.);
#3531 = EDGE_LOOP('',(#3532,#3540,#3548,#3554,#3555,#3556));
#3532 = ORIENTED_EDGE('',*,*,#3533,.T.);
#3533 = EDGE_CURVE('',#3488,#3534,#3536,.T.);
#3534 = VERTEX_POINT('',#3535);
#3535 = CARTESIAN_POINT('',(55.75,25.85,10.5));
#3536 = LINE('',#3537,#3538);
#3537 = CARTESIAN_POINT('',(55.75,25.85,5.));
#3538 = VECTOR('',#3539,1.);
#3539 = DIRECTION('',(0.,0.,1.));
#3540 = ORIENTED_EDGE('',*,*,#3541,.T.);
#3541 = EDGE_CURVE('',#3534,#3542,#3544,.T.);
#3542 = VERTEX_POINT('',#3543);
#3543 = CARTESIAN_POINT('',(55.75,24.65,10.5));
#3544 = LINE('',#3545,#3546);
#3545 = CARTESIAN_POINT('',(55.75,25.85,10.5));
#3546 = VECTOR('',#3547,1.);
#3547 = DIRECTION('',(0.,-1.,0.));
#3548 = ORIENTED_EDGE('',*,*,#3549,.F.);
#3549 = EDGE_CURVE('',#3510,#3542,#3550,.T.);
#3550 = LINE('',#3551,#3552);
#3551 = CARTESIAN_POINT('',(55.75,24.65,5.));
#3552 = VECTOR('',#3553,1.);
#3553 = DIRECTION('',(0.,0.,1.));
#3554 = ORIENTED_EDGE('',*,*,#3509,.F.);
#3555 = ORIENTED_EDGE('',*,*,#917,.F.);
#3556 = ORIENTED_EDGE('',*,*,#3487,.T.);
#3557 = PLANE('',#3558);
#3558 = AXIS2_PLACEMENT_3D('',#3559,#3560,#3561);
#3559 = CARTESIAN_POINT('',(55.75,25.85,5.));
#3560 = DIRECTION('',(1.,0.,0.));
#3561 = DIRECTION('',(0.,-1.,0.));
#3562 = ADVANCED_FACE('',(#3563),#3582,.T.);
#3563 = FACE_BOUND('',#3564,.T.);
#3564 = EDGE_LOOP('',(#3565,#3573,#3574,#3575));
#3565 = ORIENTED_EDGE('',*,*,#3566,.F.);
#3566 = EDGE_CURVE('',#934,#3567,#3569,.T.);
#3567 = VERTEX_POINT('',#3568);
#3568 = CARTESIAN_POINT('',(67.5,25.25,5.5));
#3569 = LINE('',#3570,#3571);
#3570 = CARTESIAN_POINT('',(67.5,25.25,5.5));
#3571 = VECTOR('',#3572,1.);
#3572 = DIRECTION('',(-0.707106781187,0.,0.707106781187));
#3573 = ORIENTED_EDGE('',*,*,#933,.T.);
#3574 = ORIENTED_EDGE('',*,*,#3566,.T.);
#3575 = ORIENTED_EDGE('',*,*,#3576,.F.);
#3576 = EDGE_CURVE('',#3567,#3567,#3577,.T.);
#3577 = CIRCLE('',#3578,3.);
#3578 = AXIS2_PLACEMENT_3D('',#3579,#3580,#3581);
#3579 = CARTESIAN_POINT('',(64.5,25.25,5.5));
#3580 = DIRECTION('',(0.,0.,1.));
#3581 = DIRECTION('',(1.,0.,0.));
#3582 = CONICAL_SURFACE('',#3583,3.,0.785398163397);
#3583 = AXIS2_PLACEMENT_3D('',#3584,#3585,#3586);
#3584 = CARTESIAN_POINT('',(64.5,25.25,5.5));
#3585 = DIRECTION('',(-0.,-0.,-1.));
#3586 = DIRECTION('',(1.,0.,0.));
#3587 = ADVANCED_FACE('',(#3588),#3629,.F.);
#3588 = FACE_BOUND('',#3589,.F.);
#3589 = EDGE_LOOP('',(#3590,#3600,#3608,#3616,#3622,#3623));
#3590 = ORIENTED_EDGE('',*,*,#3591,.T.);
#3591 = EDGE_CURVE('',#3592,#3594,#3596,.T.);
#3592 = VERTEX_POINT('',#3593);
#3593 = CARTESIAN_POINT('',(73.25,24.65,5.5));
#3594 = VERTEX_POINT('',#3595);
#3595 = CARTESIAN_POINT('',(73.25,24.65,10.5));
#3596 = LINE('',#3597,#3598);
#3597 = CARTESIAN_POINT('',(73.25,24.65,5.));
#3598 = VECTOR('',#3599,1.);
#3599 = DIRECTION('',(0.,0.,1.));
#3600 = ORIENTED_EDGE('',*,*,#3601,.T.);
#3601 = EDGE_CURVE('',#3594,#3602,#3604,.T.);
#3602 = VERTEX_POINT('',#3603);
#3603 = CARTESIAN_POINT('',(73.25,25.85,10.5));
#3604 = LINE('',#3605,#3606);
#3605 = CARTESIAN_POINT('',(73.25,24.65,10.5));
#3606 = VECTOR('',#3607,1.);
#3607 = DIRECTION('',(0.,1.,0.));
#3608 = ORIENTED_EDGE('',*,*,#3609,.F.);
#3609 = EDGE_CURVE('',#3610,#3602,#3612,.T.);
#3610 = VERTEX_POINT('',#3611);
#3611 = CARTESIAN_POINT('',(73.25,25.85,5.5));
#3612 = LINE('',#3613,#3614);
#3613 = CARTESIAN_POINT('',(73.25,25.85,5.));
#3614 = VECTOR('',#3615,1.);
#3615 = DIRECTION('',(0.,0.,1.));
#3616 = ORIENTED_EDGE('',*,*,#3617,.F.);
#3617 = EDGE_CURVE('',#947,#3610,#3618,.T.);
#3618 = LINE('',#3619,#3620);
#3619 = CARTESIAN_POINT('',(73.25,25.8,5.55));
#3620 = VECTOR('',#3621,1.);
#3621 = DIRECTION('',(0.,-0.707106781187,0.707106781187));
#3622 = ORIENTED_EDGE('',*,*,#944,.F.);
#3623 = ORIENTED_EDGE('',*,*,#3624,.T.);
#3624 = EDGE_CURVE('',#945,#3592,#3625,.T.);
#3625 = LINE('',#3626,#3627);
#3626 = CARTESIAN_POINT('',(73.25,24.4,5.25));
#3627 = VECTOR('',#3628,1.);
#3628 = DIRECTION('',(0.,0.707106781187,0.707106781187));
#3629 = PLANE('',#3630);
#3630 = AXIS2_PLACEMENT_3D('',#3631,#3632,#3633);
#3631 = CARTESIAN_POINT('',(73.25,24.65,5.));
#3632 = DIRECTION('',(-1.,0.,0.));
#3633 = DIRECTION('',(0.,1.,0.));
#3634 = ADVANCED_FACE('',(#3635),#3653,.T.);
#3635 = FACE_BOUND('',#3636,.T.);
#3636 = EDGE_LOOP('',(#3637,#3638,#3639,#3647));
#3637 = ORIENTED_EDGE('',*,*,#3617,.F.);
#3638 = ORIENTED_EDGE('',*,*,#970,.T.);
#3639 = ORIENTED_EDGE('',*,*,#3640,.T.);
#3640 = EDGE_CURVE('',#963,#3641,#3643,.T.);
#3641 = VERTEX_POINT('',#3642);
#3642 = CARTESIAN_POINT('',(68.75,25.85,5.5));
#3643 = LINE('',#3644,#3645);
#3644 = CARTESIAN_POINT('',(68.75,26.1,5.25));
#3645 = VECTOR('',#3646,1.);
#3646 = DIRECTION('',(0.,-0.707106781187,0.707106781187));
#3647 = ORIENTED_EDGE('',*,*,#3648,.F.);
#3648 = EDGE_CURVE('',#3610,#3641,#3649,.T.);
#3649 = LINE('',#3650,#3651);
#3650 = CARTESIAN_POINT('',(73.25,25.85,5.5));
#3651 = VECTOR('',#3652,1.);
#3652 = DIRECTION('',(-1.,0.,0.));
#3653 = PLANE('',#3654);
#3654 = AXIS2_PLACEMENT_3D('',#3655,#3656,#3657);
#3655 = CARTESIAN_POINT('',(73.25,26.1,5.25));
#3656 = DIRECTION('',(0.,0.707106781187,0.707106781187));
#3657 = DIRECTION('',(-1.,0.,0.));
#3658 = ADVANCED_FACE('',(#3659),#3677,.T.);
#3659 = FACE_BOUND('',#3660,.T.);
#3660 = EDGE_LOOP('',(#3661,#3669,#3670,#3671));
#3661 = ORIENTED_EDGE('',*,*,#3662,.F.);
#3662 = EDGE_CURVE('',#955,#3663,#3665,.T.);
#3663 = VERTEX_POINT('',#3664);
#3664 = CARTESIAN_POINT('',(68.75,24.65,5.5));
#3665 = LINE('',#3666,#3667);
#3666 = CARTESIAN_POINT('',(68.75,24.7,5.55));
#3667 = VECTOR('',#3668,1.);
#3668 = DIRECTION('',(0.,0.707106781187,0.707106781187));
#3669 = ORIENTED_EDGE('',*,*,#954,.T.);
#3670 = ORIENTED_EDGE('',*,*,#3624,.T.);
#3671 = ORIENTED_EDGE('',*,*,#3672,.F.);
#3672 = EDGE_CURVE('',#3663,#3592,#3673,.T.);
#3673 = LINE('',#3674,#3675);
#3674 = CARTESIAN_POINT('',(68.75,24.65,5.5));
#3675 = VECTOR('',#3676,1.);
#3676 = DIRECTION('',(1.,0.,0.));
#3677 = PLANE('',#3678);
#3678 = AXIS2_PLACEMENT_3D('',#3679,#3680,#3681);
#3679 = CARTESIAN_POINT('',(68.75,24.4,5.25));
#3680 = DIRECTION('',(0.,-0.707106781187,0.707106781187));
#3681 = DIRECTION('',(1.,0.,0.));
#3682 = ADVANCED_FACE('',(#3683),#3710,.F.);
#3683 = FACE_BOUND('',#3684,.F.);
#3684 = EDGE_LOOP('',(#3685,#3693,#3701,#3707,#3708,#3709));
#3685 = ORIENTED_EDGE('',*,*,#3686,.T.);
#3686 = EDGE_CURVE('',#3641,#3687,#3689,.T.);
#3687 = VERTEX_POINT('',#3688);
#3688 = CARTESIAN_POINT('',(68.75,25.85,10.5));
#3689 = LINE('',#3690,#3691);
#3690 = CARTESIAN_POINT('',(68.75,25.85,5.));
#3691 = VECTOR('',#3692,1.);
#3692 = DIRECTION('',(0.,0.,1.));
#3693 = ORIENTED_EDGE('',*,*,#3694,.T.);
#3694 = EDGE_CURVE('',#3687,#3695,#3697,.T.);
#3695 = VERTEX_POINT('',#3696);
#3696 = CARTESIAN_POINT('',(68.75,24.65,10.5));
#3697 = LINE('',#3698,#3699);
#3698 = CARTESIAN_POINT('',(68.75,25.85,10.5));
#3699 = VECTOR('',#3700,1.);
#3700 = DIRECTION('',(0.,-1.,0.));
#3701 = ORIENTED_EDGE('',*,*,#3702,.F.);
#3702 = EDGE_CURVE('',#3663,#3695,#3703,.T.);
#3703 = LINE('',#3704,#3705);
#3704 = CARTESIAN_POINT('',(68.75,24.65,5.));
#3705 = VECTOR('',#3706,1.);
#3706 = DIRECTION('',(0.,0.,1.));
#3707 = ORIENTED_EDGE('',*,*,#3662,.F.);
#3708 = ORIENTED_EDGE('',*,*,#962,.F.);
#3709 = ORIENTED_EDGE('',*,*,#3640,.T.);
#3710 = PLANE('',#3711);
#3711 = AXIS2_PLACEMENT_3D('',#3712,#3713,#3714);
#3712 = CARTESIAN_POINT('',(68.75,25.85,5.));
#3713 = DIRECTION('',(1.,0.,0.));
#3714 = DIRECTION('',(0.,-1.,0.));
#3715 = ADVANCED_FACE('',(#3716),#3741,.F.);
#3716 = FACE_BOUND('',#3717,.F.);
#3717 = EDGE_LOOP('',(#3718,#3726,#3734,#3740));
#3718 = ORIENTED_EDGE('',*,*,#3719,.T.);
#3719 = EDGE_CURVE('',#979,#3720,#3722,.T.);
#3720 = VERTEX_POINT('',#3721);
#3721 = CARTESIAN_POINT('',(22.,48.,4.5));
#3722 = LINE('',#3723,#3724);
#3723 = CARTESIAN_POINT('',(22.,48.,5.));
#3724 = VECTOR('',#3725,1.);
#3725 = DIRECTION('',(-0.,-0.,-1.));
#3726 = ORIENTED_EDGE('',*,*,#3727,.T.);
#3727 = EDGE_CURVE('',#3720,#3728,#3730,.T.);
#3728 = VERTEX_POINT('',#3729);
#3729 = CARTESIAN_POINT('',(22.,36.,4.5));
#3730 = LINE('',#3731,#3732);
#3731 = CARTESIAN_POINT('',(22.,48.,4.5));
#3732 = VECTOR('',#3733,1.);
#3733 = DIRECTION('',(0.,-1.,0.));
#3734 = ORIENTED_EDGE('',*,*,#3735,.F.);
#3735 = EDGE_CURVE('',#981,#3728,#3736,.T.);
#3736 = LINE('',#3737,#3738);
#3737 = CARTESIAN_POINT('',(22.,36.,5.));
#3738 = VECTOR('',#3739,1.);
#3739 = DIRECTION('',(-0.,-0.,-1.));
#3740 = ORIENTED_EDGE('',*,*,#978,.F.);
#3741 = PLANE('',#3742);
#3742 = AXIS2_PLACEMENT_3D('',#3743,#3744,#3745);
#3743 = CARTESIAN_POINT('',(22.,48.,5.));
#3744 = DIRECTION('',(-1.,0.,0.));
#3745 = DIRECTION('',(0.,-1.,0.));
#3746 = ADVANCED_FACE('',(#3747),#3765,.F.);
#3747 = FACE_BOUND('',#3748,.F.);
#3748 = EDGE_LOOP('',(#3749,#3750,#3758,#3764));
#3749 = ORIENTED_EDGE('',*,*,#3735,.T.);
#3750 = ORIENTED_EDGE('',*,*,#3751,.T.);
#3751 = EDGE_CURVE('',#3728,#3752,#3754,.T.);
#3752 = VERTEX_POINT('',#3753);
#3753 = CARTESIAN_POINT('',(27.,36.,4.5));
#3754 = LINE('',#3755,#3756);
#3755 = CARTESIAN_POINT('',(22.,36.,4.5));
#3756 = VECTOR('',#3757,1.);
#3757 = DIRECTION('',(1.,0.,0.));
#3758 = ORIENTED_EDGE('',*,*,#3759,.F.);
#3759 = EDGE_CURVE('',#997,#3752,#3760,.T.);
#3760 = LINE('',#3761,#3762);
#3761 = CARTESIAN_POINT('',(27.,36.,5.));
#3762 = VECTOR('',#3763,1.);
#3763 = DIRECTION('',(-0.,-0.,-1.));
#3764 = ORIENTED_EDGE('',*,*,#1004,.F.);
#3765 = PLANE('',#3766);
#3766 = AXIS2_PLACEMENT_3D('',#3767,#3768,#3769);
#3767 = CARTESIAN_POINT('',(22.,36.,5.));
#3768 = DIRECTION('',(0.,-1.,0.));
#3769 = DIRECTION('',(1.,0.,0.));
#3770 = ADVANCED_FACE('',(#3771),#3789,.F.);
#3771 = FACE_BOUND('',#3772,.F.);
#3772 = EDGE_LOOP('',(#3773,#3774,#3782,#3788));
#3773 = ORIENTED_EDGE('',*,*,#3759,.T.);
#3774 = ORIENTED_EDGE('',*,*,#3775,.T.);
#3775 = EDGE_CURVE('',#3752,#3776,#3778,.T.);
#3776 = VERTEX_POINT('',#3777);
#3777 = CARTESIAN_POINT('',(27.,48.,4.5));
#3778 = LINE('',#3779,#3780);
#3779 = CARTESIAN_POINT('',(27.,36.,4.5));
#3780 = VECTOR('',#3781,1.);
#3781 = DIRECTION('',(0.,1.,0.));
#3782 = ORIENTED_EDGE('',*,*,#3783,.F.);
#3783 = EDGE_CURVE('',#989,#3776,#3784,.T.);
#3784 = LINE('',#3785,#3786);
#3785 = CARTESIAN_POINT('',(27.,48.,5.));
#3786 = VECTOR('',#3787,1.);
#3787 = DIRECTION('',(-0.,-0.,-1.));
#3788 = ORIENTED_EDGE('',*,*,#996,.F.);
#3789 = PLANE('',#3790);
#3790 = AXIS2_PLACEMENT_3D('',#3791,#3792,#3793);
#3791 = CARTESIAN_POINT('',(27.,36.,5.));
#3792 = DIRECTION('',(1.,0.,0.));
#3793 = DIRECTION('',(0.,1.,0.));
#3794 = ADVANCED_FACE('',(#3795),#3806,.F.);
#3795 = FACE_BOUND('',#3796,.F.);
#3796 = EDGE_LOOP('',(#3797,#3798,#3804,#3805));
#3797 = ORIENTED_EDGE('',*,*,#3783,.T.);
#3798 = ORIENTED_EDGE('',*,*,#3799,.T.);
#3799 = EDGE_CURVE('',#3776,#3720,#3800,.T.);
#3800 = LINE('',#3801,#3802);
#3801 = CARTESIAN_POINT('',(27.,48.,4.5));
#3802 = VECTOR('',#3803,1.);
#3803 = DIRECTION('',(-1.,0.,0.));
#3804 = ORIENTED_EDGE('',*,*,#3719,.F.);
#3805 = ORIENTED_EDGE('',*,*,#988,.F.);
#3806 = PLANE('',#3807);
#3807 = AXIS2_PLACEMENT_3D('',#3808,#3809,#3810);
#3808 = CARTESIAN_POINT('',(27.,48.,5.));
#3809 = DIRECTION('',(0.,1.,0.));
#3810 = DIRECTION('',(-1.,0.,0.));
#3811 = ADVANCED_FACE('',(#3812),#3853,.F.);
#3812 = FACE_BOUND('',#3813,.F.);
#3813 = EDGE_LOOP('',(#3814,#3824,#3832,#3840,#3846,#3847));
#3814 = ORIENTED_EDGE('',*,*,#3815,.T.);
#3815 = EDGE_CURVE('',#3816,#3818,#3820,.T.);
#3816 = VERTEX_POINT('',#3817);
#3817 = CARTESIAN_POINT('',(294.5,25.85,5.5));
#3818 = VERTEX_POINT('',#3819);
#3819 = CARTESIAN_POINT('',(294.5,25.85,10.5));
#3820 = LINE('',#3821,#3822);
#3821 = CARTESIAN_POINT('',(294.5,25.85,5.));
#3822 = VECTOR('',#3823,1.);
#3823 = DIRECTION('',(0.,0.,1.));
#3824 = ORIENTED_EDGE('',*,*,#3825,.T.);
#3825 = EDGE_CURVE('',#3818,#3826,#3828,.T.);
#3826 = VERTEX_POINT('',#3827);
#3827 = CARTESIAN_POINT('',(294.5,24.65,10.5));
#3828 = LINE('',#3829,#3830);
#3829 = CARTESIAN_POINT('',(294.5,25.85,10.5));
#3830 = VECTOR('',#3831,1.);
#3831 = DIRECTION('',(0.,-1.,0.));
#3832 = ORIENTED_EDGE('',*,*,#3833,.F.);
#3833 = EDGE_CURVE('',#3834,#3826,#3836,.T.);
#3834 = VERTEX_POINT('',#3835);
#3835 = CARTESIAN_POINT('',(294.5,24.65,5.5));
#3836 = LINE('',#3837,#3838);
#3837 = CARTESIAN_POINT('',(294.5,24.65,5.));
#3838 = VECTOR('',#3839,1.);
#3839 = DIRECTION('',(0.,0.,1.));
#3840 = ORIENTED_EDGE('',*,*,#3841,.F.);
#3841 = EDGE_CURVE('',#1015,#3834,#3842,.T.);
#3842 = LINE('',#3843,#3844);
#3843 = CARTESIAN_POINT('',(294.5,24.7,5.55));
#3844 = VECTOR('',#3845,1.);
#3845 = DIRECTION('',(0.,0.707106781187,0.707106781187));
#3846 = ORIENTED_EDGE('',*,*,#1012,.F.);
#3847 = ORIENTED_EDGE('',*,*,#3848,.T.);
#3848 = EDGE_CURVE('',#1013,#3816,#3849,.T.);
#3849 = LINE('',#3850,#3851);
#3850 = CARTESIAN_POINT('',(294.5,26.1,5.25));
#3851 = VECTOR('',#3852,1.);
#3852 = DIRECTION('',(0.,-0.707106781187,0.707106781187));
#3853 = PLANE('',#3854);
#3854 = AXIS2_PLACEMENT_3D('',#3855,#3856,#3857);
#3855 = CARTESIAN_POINT('',(294.5,25.85,5.));
#3856 = DIRECTION('',(1.,0.,0.));
#3857 = DIRECTION('',(0.,-1.,0.));
#3858 = ADVANCED_FACE('',(#3859),#3877,.T.);
#3859 = FACE_BOUND('',#3860,.T.);
#3860 = EDGE_LOOP('',(#3861,#3862,#3863,#3871));
#3861 = ORIENTED_EDGE('',*,*,#3841,.F.);
#3862 = ORIENTED_EDGE('',*,*,#1038,.T.);
#3863 = ORIENTED_EDGE('',*,*,#3864,.T.);
#3864 = EDGE_CURVE('',#1031,#3865,#3867,.T.);
#3865 = VERTEX_POINT('',#3866);
#3866 = CARTESIAN_POINT('',(299.,24.65,5.5));
#3867 = LINE('',#3868,#3869);
#3868 = CARTESIAN_POINT('',(299.,24.4,5.25));
#3869 = VECTOR('',#3870,1.);
#3870 = DIRECTION('',(0.,0.707106781187,0.707106781187));
#3871 = ORIENTED_EDGE('',*,*,#3872,.F.);
#3872 = EDGE_CURVE('',#3834,#3865,#3873,.T.);
#3873 = LINE('',#3874,#3875);
#3874 = CARTESIAN_POINT('',(294.5,24.65,5.5));
#3875 = VECTOR('',#3876,1.);
#3876 = DIRECTION('',(1.,0.,0.));
#3877 = PLANE('',#3878);
#3878 = AXIS2_PLACEMENT_3D('',#3879,#3880,#3881);
#3879 = CARTESIAN_POINT('',(294.5,24.4,5.25));
#3880 = DIRECTION('',(0.,-0.707106781187,0.707106781187));
#3881 = DIRECTION('',(1.,0.,0.));
#3882 = ADVANCED_FACE('',(#3883),#3901,.T.);
#3883 = FACE_BOUND('',#3884,.T.);
#3884 = EDGE_LOOP('',(#3885,#3893,#3894,#3895));
#3885 = ORIENTED_EDGE('',*,*,#3886,.F.);
#3886 = EDGE_CURVE('',#1023,#3887,#3889,.T.);
#3887 = VERTEX_POINT('',#3888);
#3888 = CARTESIAN_POINT('',(299.,25.85,5.5));
#3889 = LINE('',#3890,#3891);
#3890 = CARTESIAN_POINT('',(299.,25.8,5.55));
#3891 = VECTOR('',#3892,1.);
#3892 = DIRECTION('',(0.,-0.707106781187,0.707106781187));
#3893 = ORIENTED_EDGE('',*,*,#1022,.T.);
#3894 = ORIENTED_EDGE('',*,*,#3848,.T.);
#3895 = ORIENTED_EDGE('',*,*,#3896,.F.);
#3896 = EDGE_CURVE('',#3887,#3816,#3897,.T.);
#3897 = LINE('',#3898,#3899);
#3898 = CARTESIAN_POINT('',(299.,25.85,5.5));
#3899 = VECTOR('',#3900,1.);
#3900 = DIRECTION('',(-1.,0.,0.));
#3901 = PLANE('',#3902);
#3902 = AXIS2_PLACEMENT_3D('',#3903,#3904,#3905);
#3903 = CARTESIAN_POINT('',(299.,26.1,5.25));
#3904 = DIRECTION('',(0.,0.707106781187,0.707106781187));
#3905 = DIRECTION('',(-1.,0.,0.));
#3906 = ADVANCED_FACE('',(#3907),#3934,.F.);
#3907 = FACE_BOUND('',#3908,.F.);
#3908 = EDGE_LOOP('',(#3909,#3917,#3925,#3931,#3932,#3933));
#3909 = ORIENTED_EDGE('',*,*,#3910,.T.);
#3910 = EDGE_CURVE('',#3865,#3911,#3913,.T.);
#3911 = VERTEX_POINT('',#3912);
#3912 = CARTESIAN_POINT('',(299.,24.65,10.5));
#3913 = LINE('',#3914,#3915);
#3914 = CARTESIAN_POINT('',(299.,24.65,5.));
#3915 = VECTOR('',#3916,1.);
#3916 = DIRECTION('',(0.,0.,1.));
#3917 = ORIENTED_EDGE('',*,*,#3918,.T.);
#3918 = EDGE_CURVE('',#3911,#3919,#3921,.T.);
#3919 = VERTEX_POINT('',#3920);
#3920 = CARTESIAN_POINT('',(299.,25.85,10.5));
#3921 = LINE('',#3922,#3923);
#3922 = CARTESIAN_POINT('',(299.,24.65,10.5));
#3923 = VECTOR('',#3924,1.);
#3924 = DIRECTION('',(0.,1.,0.));
#3925 = ORIENTED_EDGE('',*,*,#3926,.F.);
#3926 = EDGE_CURVE('',#3887,#3919,#3927,.T.);
#3927 = LINE('',#3928,#3929);
#3928 = CARTESIAN_POINT('',(299.,25.85,5.));
#3929 = VECTOR('',#3930,1.);
#3930 = DIRECTION('',(0.,0.,1.));
#3931 = ORIENTED_EDGE('',*,*,#3886,.F.);
#3932 = ORIENTED_EDGE('',*,*,#1030,.F.);
#3933 = ORIENTED_EDGE('',*,*,#3864,.T.);
#3934 = PLANE('',#3935);
#3935 = AXIS2_PLACEMENT_3D('',#3936,#3937,#3938);
#3936 = CARTESIAN_POINT('',(299.,24.65,5.));
#3937 = DIRECTION('',(-1.,0.,0.));
#3938 = DIRECTION('',(0.,1.,0.));
#3939 = ADVANCED_FACE('',(#3940),#3959,.T.);
#3940 = FACE_BOUND('',#3941,.T.);
#3941 = EDGE_LOOP('',(#3942,#3950,#3951,#3952));
#3942 = ORIENTED_EDGE('',*,*,#3943,.F.);
#3943 = EDGE_CURVE('',#1047,#3944,#3946,.T.);
#3944 = VERTEX_POINT('',#3945);
#3945 = CARTESIAN_POINT('',(306.25,25.25,5.5));
#3946 = LINE('',#3947,#3948);
#3947 = CARTESIAN_POINT('',(306.25,25.25,5.5));
#3948 = VECTOR('',#3949,1.);
#3949 = DIRECTION('',(-0.707106781187,0.,0.707106781187));
#3950 = ORIENTED_EDGE('',*,*,#1046,.T.);
#3951 = ORIENTED_EDGE('',*,*,#3943,.T.);
#3952 = ORIENTED_EDGE('',*,*,#3953,.F.);
#3953 = EDGE_CURVE('',#3944,#3944,#3954,.T.);
#3954 = CIRCLE('',#3955,3.);
#3955 = AXIS2_PLACEMENT_3D('',#3956,#3957,#3958);
#3956 = CARTESIAN_POINT('',(303.25,25.25,5.5));
#3957 = DIRECTION('',(0.,0.,1.));
#3958 = DIRECTION('',(1.,0.,0.));
#3959 = CONICAL_SURFACE('',#3960,3.,0.785398163397);
#3960 = AXIS2_PLACEMENT_3D('',#3961,#3962,#3963);
#3961 = CARTESIAN_POINT('',(303.25,25.25,5.5));
#3962 = DIRECTION('',(-0.,-0.,-1.));
#3963 = DIRECTION('',(1.,0.,0.));
#3964 = ADVANCED_FACE('',(#3965),#4006,.F.);
#3965 = FACE_BOUND('',#3966,.F.);
#3966 = EDGE_LOOP('',(#3967,#3977,#3985,#3993,#3999,#4000));
#3967 = ORIENTED_EDGE('',*,*,#3968,.T.);
#3968 = EDGE_CURVE('',#3969,#3971,#3973,.T.);
#3969 = VERTEX_POINT('',#3970);
#3970 = CARTESIAN_POINT('',(307.5,25.85,5.5));
#3971 = VERTEX_POINT('',#3972);
#3972 = CARTESIAN_POINT('',(307.5,25.85,10.5));
#3973 = LINE('',#3974,#3975);
#3974 = CARTESIAN_POINT('',(307.5,25.85,5.));
#3975 = VECTOR('',#3976,1.);
#3976 = DIRECTION('',(0.,0.,1.));
#3977 = ORIENTED_EDGE('',*,*,#3978,.T.);
#3978 = EDGE_CURVE('',#3971,#3979,#3981,.T.);
#3979 = VERTEX_POINT('',#3980);
#3980 = CARTESIAN_POINT('',(307.5,24.65,10.5));
#3981 = LINE('',#3982,#3983);
#3982 = CARTESIAN_POINT('',(307.5,25.85,10.5));
#3983 = VECTOR('',#3984,1.);
#3984 = DIRECTION('',(0.,-1.,0.));
#3985 = ORIENTED_EDGE('',*,*,#3986,.F.);
#3986 = EDGE_CURVE('',#3987,#3979,#3989,.T.);
#3987 = VERTEX_POINT('',#3988);
#3988 = CARTESIAN_POINT('',(307.5,24.65,5.5));
#3989 = LINE('',#3990,#3991);
#3990 = CARTESIAN_POINT('',(307.5,24.65,5.));
#3991 = VECTOR('',#3992,1.);
#3992 = DIRECTION('',(0.,0.,1.));
#3993 = ORIENTED_EDGE('',*,*,#3994,.F.);
#3994 = EDGE_CURVE('',#1060,#3987,#3995,.T.);
#3995 = LINE('',#3996,#3997);
#3996 = CARTESIAN_POINT('',(307.5,24.7,5.55));
#3997 = VECTOR('',#3998,1.);
#3998 = DIRECTION('',(0.,0.707106781187,0.707106781187));
#3999 = ORIENTED_EDGE('',*,*,#1057,.F.);
#4000 = ORIENTED_EDGE('',*,*,#4001,.T.);
#4001 = EDGE_CURVE('',#1058,#3969,#4002,.T.);
#4002 = LINE('',#4003,#4004);
#4003 = CARTESIAN_POINT('',(307.5,26.1,5.25));
#4004 = VECTOR('',#4005,1.);
#4005 = DIRECTION('',(0.,-0.707106781187,0.707106781187));
#4006 = PLANE('',#4007);
#4007 = AXIS2_PLACEMENT_3D('',#4008,#4009,#4010);
#4008 = CARTESIAN_POINT('',(307.5,25.85,5.));
#4009 = DIRECTION('',(1.,0.,0.));
#4010 = DIRECTION('',(0.,-1.,0.));
#4011 = ADVANCED_FACE('',(#4012),#4030,.T.);
#4012 = FACE_BOUND('',#4013,.T.);
#4013 = EDGE_LOOP('',(#4014,#4015,#4016,#4024));
#4014 = ORIENTED_EDGE('',*,*,#3994,.F.);
#4015 = ORIENTED_EDGE('',*,*,#1083,.T.);
#4016 = ORIENTED_EDGE('',*,*,#4017,.T.);
#4017 = EDGE_CURVE('',#1076,#4018,#4020,.T.);
#4018 = VERTEX_POINT('',#4019);
#4019 = CARTESIAN_POINT('',(312.,24.65,5.5));
#4020 = LINE('',#4021,#4022);
#4021 = CARTESIAN_POINT('',(312.,24.4,5.25));
#4022 = VECTOR('',#4023,1.);
#4023 = DIRECTION('',(0.,0.707106781187,0.707106781187));
#4024 = ORIENTED_EDGE('',*,*,#4025,.F.);
#4025 = EDGE_CURVE('',#3987,#4018,#4026,.T.);
#4026 = LINE('',#4027,#4028);
#4027 = CARTESIAN_POINT('',(307.5,24.65,5.5));
#4028 = VECTOR('',#4029,1.);
#4029 = DIRECTION('',(1.,0.,0.));
#4030 = PLANE('',#4031);
#4031 = AXIS2_PLACEMENT_3D('',#4032,#4033,#4034);
#4032 = CARTESIAN_POINT('',(307.5,24.4,5.25));
#4033 = DIRECTION('',(0.,-0.707106781187,0.707106781187));
#4034 = DIRECTION('',(1.,0.,0.));
#4035 = ADVANCED_FACE('',(#4036),#4054,.T.);
#4036 = FACE_BOUND('',#4037,.T.);
#4037 = EDGE_LOOP('',(#4038,#4046,#4047,#4048));
#4038 = ORIENTED_EDGE('',*,*,#4039,.F.);
#4039 = EDGE_CURVE('',#1068,#4040,#4042,.T.);
#4040 = VERTEX_POINT('',#4041);
#4041 = CARTESIAN_POINT('',(312.,25.85,5.5));
#4042 = LINE('',#4043,#4044);
#4043 = CARTESIAN_POINT('',(312.,25.8,5.55));
#4044 = VECTOR('',#4045,1.);
#4045 = DIRECTION('',(0.,-0.707106781187,0.707106781187));
#4046 = ORIENTED_EDGE('',*,*,#1067,.T.);
#4047 = ORIENTED_EDGE('',*,*,#4001,.T.);
#4048 = ORIENTED_EDGE('',*,*,#4049,.F.);
#4049 = EDGE_CURVE('',#4040,#3969,#4050,.T.);
#4050 = LINE('',#4051,#4052);
#4051 = CARTESIAN_POINT('',(312.,25.85,5.5));
#4052 = VECTOR('',#4053,1.);
#4053 = DIRECTION('',(-1.,0.,0.));
#4054 = PLANE('',#4055);
#4055 = AXIS2_PLACEMENT_3D('',#4056,#4057,#4058);
#4056 = CARTESIAN_POINT('',(312.,26.1,5.25));
#4057 = DIRECTION('',(0.,0.707106781187,0.707106781187));
#4058 = DIRECTION('',(-1.,0.,0.));
#4059 = ADVANCED_FACE('',(#4060),#4087,.F.);
#4060 = FACE_BOUND('',#4061,.F.);
#4061 = EDGE_LOOP('',(#4062,#4070,#4078,#4084,#4085,#4086));
#4062 = ORIENTED_EDGE('',*,*,#4063,.T.);
#4063 = EDGE_CURVE('',#4018,#4064,#4066,.T.);
#4064 = VERTEX_POINT('',#4065);
#4065 = CARTESIAN_POINT('',(312.,24.65,10.5));
#4066 = LINE('',#4067,#4068);
#4067 = CARTESIAN_POINT('',(312.,24.65,5.));
#4068 = VECTOR('',#4069,1.);
#4069 = DIRECTION('',(0.,0.,1.));
#4070 = ORIENTED_EDGE('',*,*,#4071,.T.);
#4071 = EDGE_CURVE('',#4064,#4072,#4074,.T.);
#4072 = VERTEX_POINT('',#4073);
#4073 = CARTESIAN_POINT('',(312.,25.85,10.5));
#4074 = LINE('',#4075,#4076);
#4075 = CARTESIAN_POINT('',(312.,24.65,10.5));
#4076 = VECTOR('',#4077,1.);
#4077 = DIRECTION('',(0.,1.,0.));
#4078 = ORIENTED_EDGE('',*,*,#4079,.F.);
#4079 = EDGE_CURVE('',#4040,#4072,#4080,.T.);
#4080 = LINE('',#4081,#4082);
#4081 = CARTESIAN_POINT('',(312.,25.85,5.));
#4082 = VECTOR('',#4083,1.);
#4083 = DIRECTION('',(0.,0.,1.));
#4084 = ORIENTED_EDGE('',*,*,#4039,.F.);
#4085 = ORIENTED_EDGE('',*,*,#1075,.F.);
#4086 = ORIENTED_EDGE('',*,*,#4017,.T.);
#4087 = PLANE('',#4088);
#4088 = AXIS2_PLACEMENT_3D('',#4089,#4090,#4091);
#4089 = CARTESIAN_POINT('',(312.,24.65,5.));
#4090 = DIRECTION('',(-1.,0.,0.));
#4091 = DIRECTION('',(0.,1.,0.));
#4092 = ADVANCED_FACE('',(#4093),#4118,.F.);
#4093 = FACE_BOUND('',#4094,.F.);
#4094 = EDGE_LOOP('',(#4095,#4103,#4111,#4117));
#4095 = ORIENTED_EDGE('',*,*,#4096,.T.);
#4096 = EDGE_CURVE('',#1092,#4097,#4099,.T.);
#4097 = VERTEX_POINT('',#4098);
#4098 = CARTESIAN_POINT('',(35.,71.75,6.));
#4099 = LINE('',#4100,#4101);
#4100 = CARTESIAN_POINT('',(35.,71.75,5.));
#4101 = VECTOR('',#4102,1.);
#4102 = DIRECTION('',(0.,0.,1.));
#4103 = ORIENTED_EDGE('',*,*,#4104,.T.);
#4104 = EDGE_CURVE('',#4097,#4105,#4107,.T.);
#4105 = VERTEX_POINT('',#4106);
#4106 = CARTESIAN_POINT('',(35.,70.75,6.));
#4107 = LINE('',#4108,#4109);
#4108 = CARTESIAN_POINT('',(35.,71.75,6.));
#4109 = VECTOR('',#4110,1.);
#4110 = DIRECTION('',(0.,-1.,0.));
#4111 = ORIENTED_EDGE('',*,*,#4112,.F.);
#4112 = EDGE_CURVE('',#1094,#4105,#4113,.T.);
#4113 = LINE('',#4114,#4115);
#4114 = CARTESIAN_POINT('',(35.,70.75,5.));
#4115 = VECTOR('',#4116,1.);
#4116 = DIRECTION('',(0.,0.,1.));
#4117 = ORIENTED_EDGE('',*,*,#1091,.F.);
#4118 = PLANE('',#4119);
#4119 = AXIS2_PLACEMENT_3D('',#4120,#4121,#4122);
#4120 = CARTESIAN_POINT('',(35.,71.75,5.));
#4121 = DIRECTION('',(1.,0.,0.));
#4122 = DIRECTION('',(0.,-1.,0.));
#4123 = ADVANCED_FACE('',(#4124),#4142,.F.);
#4124 = FACE_BOUND('',#4125,.F.);
#4125 = EDGE_LOOP('',(#4126,#4134,#4140,#4141));
#4126 = ORIENTED_EDGE('',*,*,#4127,.T.);
#4127 = EDGE_CURVE('',#1102,#4128,#4130,.T.);
#4128 = VERTEX_POINT('',#4129);
#4129 = CARTESIAN_POINT('',(40.,71.75,6.));
#4130 = LINE('',#4131,#4132);
#4131 = CARTESIAN_POINT('',(40.,71.75,5.));
#4132 = VECTOR('',#4133,1.);
#4133 = DIRECTION('',(0.,0.,1.));
#4134 = ORIENTED_EDGE('',*,*,#4135,.T.);
#4135 = EDGE_CURVE('',#4128,#4097,#4136,.T.);
#4136 = LINE('',#4137,#4138);
#4137 = CARTESIAN_POINT('',(40.,71.75,6.));
#4138 = VECTOR('',#4139,1.);
#4139 = DIRECTION('',(-1.,0.,0.));
#4140 = ORIENTED_EDGE('',*,*,#4096,.F.);
#4141 = ORIENTED_EDGE('',*,*,#1101,.F.);
#4142 = PLANE('',#4143);
#4143 = AXIS2_PLACEMENT_3D('',#4144,#4145,#4146);
#4144 = CARTESIAN_POINT('',(40.,71.75,5.));
#4145 = DIRECTION('',(0.,-1.,0.));
#4146 = DIRECTION('',(-1.,0.,0.));
#4147 = ADVANCED_FACE('',(#4148),#4166,.F.);
#4148 = FACE_BOUND('',#4149,.F.);
#4149 = EDGE_LOOP('',(#4150,#4151,#4159,#4165));
#4150 = ORIENTED_EDGE('',*,*,#4112,.T.);
#4151 = ORIENTED_EDGE('',*,*,#4152,.T.);
#4152 = EDGE_CURVE('',#4105,#4153,#4155,.T.);
#4153 = VERTEX_POINT('',#4154);
#4154 = CARTESIAN_POINT('',(40.,70.75,6.));
#4155 = LINE('',#4156,#4157);
#4156 = CARTESIAN_POINT('',(35.,70.75,6.));
#4157 = VECTOR('',#4158,1.);
#4158 = DIRECTION('',(1.,0.,0.));
#4159 = ORIENTED_EDGE('',*,*,#4160,.F.);
#4160 = EDGE_CURVE('',#1110,#4153,#4161,.T.);
#4161 = LINE('',#4162,#4163);
#4162 = CARTESIAN_POINT('',(40.,70.75,5.));
#4163 = VECTOR('',#4164,1.);
#4164 = DIRECTION('',(0.,0.,1.));
#4165 = ORIENTED_EDGE('',*,*,#1117,.F.);
#4166 = PLANE('',#4167);
#4167 = AXIS2_PLACEMENT_3D('',#4168,#4169,#4170);
#4168 = CARTESIAN_POINT('',(35.,70.75,5.));
#4169 = DIRECTION('',(0.,1.,0.));
#4170 = DIRECTION('',(1.,0.,0.));
#4171 = ADVANCED_FACE('',(#4172),#4183,.F.);
#4172 = FACE_BOUND('',#4173,.F.);
#4173 = EDGE_LOOP('',(#4174,#4175,#4181,#4182));
#4174 = ORIENTED_EDGE('',*,*,#4160,.T.);
#4175 = ORIENTED_EDGE('',*,*,#4176,.T.);
#4176 = EDGE_CURVE('',#4153,#4128,#4177,.T.);
#4177 = LINE('',#4178,#4179);
#4178 = CARTESIAN_POINT('',(40.,70.75,6.));
#4179 = VECTOR('',#4180,1.);
#4180 = DIRECTION('',(0.,1.,0.));
#4181 = ORIENTED_EDGE('',*,*,#4127,.F.);
#4182 = ORIENTED_EDGE('',*,*,#1109,.F.);
#4183 = PLANE('',#4184);
#4184 = AXIS2_PLACEMENT_3D('',#4185,#4186,#4187);
#4185 = CARTESIAN_POINT('',(40.,70.75,5.));
#4186 = DIRECTION('',(-1.,0.,0.));
#4187 = DIRECTION('',(0.,1.,0.));
#4188 = ADVANCED_FACE('',(#4189),#4230,.F.);
#4189 = FACE_BOUND('',#4190,.F.);
#4190 = EDGE_LOOP('',(#4191,#4201,#4209,#4217,#4223,#4224));
#4191 = ORIENTED_EDGE('',*,*,#4192,.T.);
#4192 = EDGE_CURVE('',#4193,#4195,#4197,.T.);
#4193 = VERTEX_POINT('',#4194);
#4194 = CARTESIAN_POINT('',(55.75,82.6,5.5));
#4195 = VERTEX_POINT('',#4196);
#4196 = CARTESIAN_POINT('',(55.75,82.6,10.5));
#4197 = LINE('',#4198,#4199);
#4198 = CARTESIAN_POINT('',(55.75,82.6,5.));
#4199 = VECTOR('',#4200,1.);
#4200 = DIRECTION('',(0.,0.,1.));
#4201 = ORIENTED_EDGE('',*,*,#4202,.T.);
#4202 = EDGE_CURVE('',#4195,#4203,#4205,.T.);
#4203 = VERTEX_POINT('',#4204);
#4204 = CARTESIAN_POINT('',(55.75,81.4,10.5));
#4205 = LINE('',#4206,#4207);
#4206 = CARTESIAN_POINT('',(55.75,82.6,10.5));
#4207 = VECTOR('',#4208,1.);
#4208 = DIRECTION('',(0.,-1.,0.));
#4209 = ORIENTED_EDGE('',*,*,#4210,.F.);
#4210 = EDGE_CURVE('',#4211,#4203,#4213,.T.);
#4211 = VERTEX_POINT('',#4212);
#4212 = CARTESIAN_POINT('',(55.75,81.4,5.5));
#4213 = LINE('',#4214,#4215);
#4214 = CARTESIAN_POINT('',(55.75,81.4,5.));
#4215 = VECTOR('',#4216,1.);
#4216 = DIRECTION('',(0.,0.,1.));
#4217 = ORIENTED_EDGE('',*,*,#4218,.F.);
#4218 = EDGE_CURVE('',#1128,#4211,#4219,.T.);
#4219 = LINE('',#4220,#4221);
#4220 = CARTESIAN_POINT('',(55.75,81.45,5.55));
#4221 = VECTOR('',#4222,1.);
#4222 = DIRECTION('',(0.,0.707106781187,0.707106781187));
#4223 = ORIENTED_EDGE('',*,*,#1125,.F.);
#4224 = ORIENTED_EDGE('',*,*,#4225,.T.);
#4225 = EDGE_CURVE('',#1126,#4193,#4226,.T.);
#4226 = LINE('',#4227,#4228);
#4227 = CARTESIAN_POINT('',(55.75,82.85,5.25));
#4228 = VECTOR('',#4229,1.);
#4229 = DIRECTION('',(0.,-0.707106781187,0.707106781187));
#4230 = PLANE('',#4231);
#4231 = AXIS2_PLACEMENT_3D('',#4232,#4233,#4234);
#4232 = CARTESIAN_POINT('',(55.75,82.6,5.));
#4233 = DIRECTION('',(1.,0.,0.));
#4234 = DIRECTION('',(0.,-1.,0.));
#4235 = ADVANCED_FACE('',(#4236),#4254,.T.);
#4236 = FACE_BOUND('',#4237,.T.);
#4237 = EDGE_LOOP('',(#4238,#4239,#4240,#4248));
#4238 = ORIENTED_EDGE('',*,*,#4218,.F.);
#4239 = ORIENTED_EDGE('',*,*,#1151,.T.);
#4240 = ORIENTED_EDGE('',*,*,#4241,.T.);
#4241 = EDGE_CURVE('',#1144,#4242,#4244,.T.);
#4242 = VERTEX_POINT('',#4243);
#4243 = CARTESIAN_POINT('',(60.25,81.4,5.5));
#4244 = LINE('',#4245,#4246);
#4245 = CARTESIAN_POINT('',(60.25,81.15,5.25));
#4246 = VECTOR('',#4247,1.);
#4247 = DIRECTION('',(0.,0.707106781187,0.707106781187));
#4248 = ORIENTED_EDGE('',*,*,#4249,.F.);
#4249 = EDGE_CURVE('',#4211,#4242,#4250,.T.);
#4250 = LINE('',#4251,#4252);
#4251 = CARTESIAN_POINT('',(55.75,81.4,5.5));
#4252 = VECTOR('',#4253,1.);
#4253 = DIRECTION('',(1.,0.,0.));
#4254 = PLANE('',#4255);
#4255 = AXIS2_PLACEMENT_3D('',#4256,#4257,#4258);
#4256 = CARTESIAN_POINT('',(55.75,81.15,5.25));
#4257 = DIRECTION('',(0.,-0.707106781187,0.707106781187));
#4258 = DIRECTION('',(1.,0.,0.));
#4259 = ADVANCED_FACE('',(#4260),#4278,.T.);
#4260 = FACE_BOUND('',#4261,.T.);
#4261 = EDGE_LOOP('',(#4262,#4270,#4271,#4272));
#4262 = ORIENTED_EDGE('',*,*,#4263,.F.);
#4263 = EDGE_CURVE('',#1136,#4264,#4266,.T.);
#4264 = VERTEX_POINT('',#4265);
#4265 = CARTESIAN_POINT('',(60.25,82.6,5.5));
#4266 = LINE('',#4267,#4268);
#4267 = CARTESIAN_POINT('',(60.25,82.55,5.55));
#4268 = VECTOR('',#4269,1.);
#4269 = DIRECTION('',(0.,-0.707106781187,0.707106781187));
#4270 = ORIENTED_EDGE('',*,*,#1135,.T.);
#4271 = ORIENTED_EDGE('',*,*,#4225,.T.);
#4272 = ORIENTED_EDGE('',*,*,#4273,.F.);
#4273 = EDGE_CURVE('',#4264,#4193,#4274,.T.);
#4274 = LINE('',#4275,#4276);
#4275 = CARTESIAN_POINT('',(60.25,82.6,5.5));
#4276 = VECTOR('',#4277,1.);
#4277 = DIRECTION('',(-1.,0.,0.));
#4278 = PLANE('',#4279);
#4279 = AXIS2_PLACEMENT_3D('',#4280,#4281,#4282);
#4280 = CARTESIAN_POINT('',(60.25,82.85,5.25));
#4281 = DIRECTION('',(0.,0.707106781187,0.707106781187));
#4282 = DIRECTION('',(-1.,0.,0.));
#4283 = ADVANCED_FACE('',(#4284),#4311,.F.);
#4284 = FACE_BOUND('',#4285,.F.);
#4285 = EDGE_LOOP('',(#4286,#4294,#4302,#4308,#4309,#4310));
#4286 = ORIENTED_EDGE('',*,*,#4287,.T.);
#4287 = EDGE_CURVE('',#4242,#4288,#4290,.T.);
#4288 = VERTEX_POINT('',#4289);
#4289 = CARTESIAN_POINT('',(60.25,81.4,10.5));
#4290 = LINE('',#4291,#4292);
#4291 = CARTESIAN_POINT('',(60.25,81.4,5.));
#4292 = VECTOR('',#4293,1.);
#4293 = DIRECTION('',(0.,0.,1.));
#4294 = ORIENTED_EDGE('',*,*,#4295,.T.);
#4295 = EDGE_CURVE('',#4288,#4296,#4298,.T.);
#4296 = VERTEX_POINT('',#4297);
#4297 = CARTESIAN_POINT('',(60.25,82.6,10.5));
#4298 = LINE('',#4299,#4300);
#4299 = CARTESIAN_POINT('',(60.25,81.4,10.5));
#4300 = VECTOR('',#4301,1.);
#4301 = DIRECTION('',(0.,1.,0.));
#4302 = ORIENTED_EDGE('',*,*,#4303,.F.);
#4303 = EDGE_CURVE('',#4264,#4296,#4304,.T.);
#4304 = LINE('',#4305,#4306);
#4305 = CARTESIAN_POINT('',(60.25,82.6,5.));
#4306 = VECTOR('',#4307,1.);
#4307 = DIRECTION('',(0.,0.,1.));
#4308 = ORIENTED_EDGE('',*,*,#4263,.F.);
#4309 = ORIENTED_EDGE('',*,*,#1143,.F.);
#4310 = ORIENTED_EDGE('',*,*,#4241,.T.);
#4311 = PLANE('',#4312);
#4312 = AXIS2_PLACEMENT_3D('',#4313,#4314,#4315);
#4313 = CARTESIAN_POINT('',(60.25,81.4,5.));
#4314 = DIRECTION('',(-1.,0.,0.));
#4315 = DIRECTION('',(0.,1.,0.));
#4316 = ADVANCED_FACE('',(#4317),#4336,.T.);
#4317 = FACE_BOUND('',#4318,.T.);
#4318 = EDGE_LOOP('',(#4319,#4327,#4328,#4329));
#4319 = ORIENTED_EDGE('',*,*,#4320,.F.);
#4320 = EDGE_CURVE('',#1160,#4321,#4323,.T.);
#4321 = VERTEX_POINT('',#4322);
#4322 = CARTESIAN_POINT('',(67.5,82.,5.5));
#4323 = LINE('',#4324,#4325);
#4324 = CARTESIAN_POINT('',(67.5,82.,5.5));
#4325 = VECTOR('',#4326,1.);
#4326 = DIRECTION('',(-0.707106781187,0.,0.707106781187));
#4327 = ORIENTED_EDGE('',*,*,#1159,.T.);
#4328 = ORIENTED_EDGE('',*,*,#4320,.T.);
#4329 = ORIENTED_EDGE('',*,*,#4330,.F.);
#4330 = EDGE_CURVE('',#4321,#4321,#4331,.T.);
#4331 = CIRCLE('',#4332,3.);
#4332 = AXIS2_PLACEMENT_3D('',#4333,#4334,#4335);
#4333 = CARTESIAN_POINT('',(64.5,82.,5.5));
#4334 = DIRECTION('',(0.,0.,1.));
#4335 = DIRECTION('',(1.,0.,0.));
#4336 = CONICAL_SURFACE('',#4337,3.,0.785398163397);
#4337 = AXIS2_PLACEMENT_3D('',#4338,#4339,#4340);
#4338 = CARTESIAN_POINT('',(64.5,82.,5.5));
#4339 = DIRECTION('',(-0.,-0.,-1.));
#4340 = DIRECTION('',(1.,0.,0.));
#4341 = ADVANCED_FACE('',(#4342),#4383,.F.);
#4342 = FACE_BOUND('',#4343,.F.);
#4343 = EDGE_LOOP('',(#4344,#4354,#4362,#4370,#4376,#4377));
#4344 = ORIENTED_EDGE('',*,*,#4345,.T.);
#4345 = EDGE_CURVE('',#4346,#4348,#4350,.T.);
#4346 = VERTEX_POINT('',#4347);
#4347 = CARTESIAN_POINT('',(68.75,82.6,5.5));
#4348 = VERTEX_POINT('',#4349);
#4349 = CARTESIAN_POINT('',(68.75,82.6,10.5));
#4350 = LINE('',#4351,#4352);
#4351 = CARTESIAN_POINT('',(68.75,82.6,5.));
#4352 = VECTOR('',#4353,1.);
#4353 = DIRECTION('',(0.,0.,1.));
#4354 = ORIENTED_EDGE('',*,*,#4355,.T.);
#4355 = EDGE_CURVE('',#4348,#4356,#4358,.T.);
#4356 = VERTEX_POINT('',#4357);
#4357 = CARTESIAN_POINT('',(68.75,81.4,10.5));
#4358 = LINE('',#4359,#4360);
#4359 = CARTESIAN_POINT('',(68.75,82.6,10.5));
#4360 = VECTOR('',#4361,1.);
#4361 = DIRECTION('',(0.,-1.,0.));
#4362 = ORIENTED_EDGE('',*,*,#4363,.F.);
#4363 = EDGE_CURVE('',#4364,#4356,#4366,.T.);
#4364 = VERTEX_POINT('',#4365);
#4365 = CARTESIAN_POINT('',(68.75,81.4,5.5));
#4366 = LINE('',#4367,#4368);
#4367 = CARTESIAN_POINT('',(68.75,81.4,5.));
#4368 = VECTOR('',#4369,1.);
#4369 = DIRECTION('',(0.,0.,1.));
#4370 = ORIENTED_EDGE('',*,*,#4371,.F.);
#4371 = EDGE_CURVE('',#1173,#4364,#4372,.T.);
#4372 = LINE('',#4373,#4374);
#4373 = CARTESIAN_POINT('',(68.75,81.45,5.55));
#4374 = VECTOR('',#4375,1.);
#4375 = DIRECTION('',(0.,0.707106781187,0.707106781187));
#4376 = ORIENTED_EDGE('',*,*,#1170,.F.);
#4377 = ORIENTED_EDGE('',*,*,#4378,.T.);
#4378 = EDGE_CURVE('',#1171,#4346,#4379,.T.);
#4379 = LINE('',#4380,#4381);
#4380 = CARTESIAN_POINT('',(68.75,82.85,5.25));
#4381 = VECTOR('',#4382,1.);
#4382 = DIRECTION('',(0.,-0.707106781187,0.707106781187));
#4383 = PLANE('',#4384);
#4384 = AXIS2_PLACEMENT_3D('',#4385,#4386,#4387);
#4385 = CARTESIAN_POINT('',(68.75,82.6,5.));
#4386 = DIRECTION('',(1.,0.,0.));
#4387 = DIRECTION('',(0.,-1.,0.));
#4388 = ADVANCED_FACE('',(#4389),#4407,.T.);
#4389 = FACE_BOUND('',#4390,.T.);
#4390 = EDGE_LOOP('',(#4391,#4392,#4393,#4401));
#4391 = ORIENTED_EDGE('',*,*,#4371,.F.);
#4392 = ORIENTED_EDGE('',*,*,#1196,.T.);
#4393 = ORIENTED_EDGE('',*,*,#4394,.T.);
#4394 = EDGE_CURVE('',#1189,#4395,#4397,.T.);
#4395 = VERTEX_POINT('',#4396);
#4396 = CARTESIAN_POINT('',(73.25,81.4,5.5));
#4397 = LINE('',#4398,#4399);
#4398 = CARTESIAN_POINT('',(73.25,81.15,5.25));
#4399 = VECTOR('',#4400,1.);
#4400 = DIRECTION('',(0.,0.707106781187,0.707106781187));
#4401 = ORIENTED_EDGE('',*,*,#4402,.F.);
#4402 = EDGE_CURVE('',#4364,#4395,#4403,.T.);
#4403 = LINE('',#4404,#4405);
#4404 = CARTESIAN_POINT('',(68.75,81.4,5.5));
#4405 = VECTOR('',#4406,1.);
#4406 = DIRECTION('',(1.,0.,0.));
#4407 = PLANE('',#4408);
#4408 = AXIS2_PLACEMENT_3D('',#4409,#4410,#4411);
#4409 = CARTESIAN_POINT('',(68.75,81.15,5.25));
#4410 = DIRECTION('',(0.,-0.707106781187,0.707106781187));
#4411 = DIRECTION('',(1.,0.,0.));
#4412 = ADVANCED_FACE('',(#4413),#4431,.T.);
#4413 = FACE_BOUND('',#4414,.T.);
#4414 = EDGE_LOOP('',(#4415,#4423,#4424,#4425));
#4415 = ORIENTED_EDGE('',*,*,#4416,.F.);
#4416 = EDGE_CURVE('',#1181,#4417,#4419,.T.);
#4417 = VERTEX_POINT('',#4418);
#4418 = CARTESIAN_POINT('',(73.25,82.6,5.5));
#4419 = LINE('',#4420,#4421);
#4420 = CARTESIAN_POINT('',(73.25,82.55,5.55));
#4421 = VECTOR('',#4422,1.);
#4422 = DIRECTION('',(0.,-0.707106781187,0.707106781187));
#4423 = ORIENTED_EDGE('',*,*,#1180,.T.);
#4424 = ORIENTED_EDGE('',*,*,#4378,.T.);
#4425 = ORIENTED_EDGE('',*,*,#4426,.F.);
#4426 = EDGE_CURVE('',#4417,#4346,#4427,.T.);
#4427 = LINE('',#4428,#4429);
#4428 = CARTESIAN_POINT('',(73.25,82.6,5.5));
#4429 = VECTOR('',#4430,1.);
#4430 = DIRECTION('',(-1.,0.,0.));
#4431 = PLANE('',#4432);
#4432 = AXIS2_PLACEMENT_3D('',#4433,#4434,#4435);
#4433 = CARTESIAN_POINT('',(73.25,82.85,5.25));
#4434 = DIRECTION('',(0.,0.707106781187,0.707106781187));
#4435 = DIRECTION('',(-1.,0.,0.));
#4436 = ADVANCED_FACE('',(#4437),#4464,.F.);
#4437 = FACE_BOUND('',#4438,.F.);
#4438 = EDGE_LOOP('',(#4439,#4447,#4455,#4461,#4462,#4463));
#4439 = ORIENTED_EDGE('',*,*,#4440,.T.);
#4440 = EDGE_CURVE('',#4395,#4441,#4443,.T.);
#4441 = VERTEX_POINT('',#4442);
#4442 = CARTESIAN_POINT('',(73.25,81.4,10.5));
#4443 = LINE('',#4444,#4445);
#4444 = CARTESIAN_POINT('',(73.25,81.4,5.));
#4445 = VECTOR('',#4446,1.);
#4446 = DIRECTION('',(0.,0.,1.));
#4447 = ORIENTED_EDGE('',*,*,#4448,.T.);
#4448 = EDGE_CURVE('',#4441,#4449,#4451,.T.);
#4449 = VERTEX_POINT('',#4450);
#4450 = CARTESIAN_POINT('',(73.25,82.6,10.5));
#4451 = LINE('',#4452,#4453);
#4452 = CARTESIAN_POINT('',(73.25,81.4,10.5));
#4453 = VECTOR('',#4454,1.);
#4454 = DIRECTION('',(0.,1.,0.));
#4455 = ORIENTED_EDGE('',*,*,#4456,.F.);
#4456 = EDGE_CURVE('',#4417,#4449,#4457,.T.);
#4457 = LINE('',#4458,#4459);
#4458 = CARTESIAN_POINT('',(73.25,82.6,5.));
#4459 = VECTOR('',#4460,1.);
#4460 = DIRECTION('',(0.,0.,1.));
#4461 = ORIENTED_EDGE('',*,*,#4416,.F.);
#4462 = ORIENTED_EDGE('',*,*,#1188,.F.);
#4463 = ORIENTED_EDGE('',*,*,#4394,.T.);
#4464 = PLANE('',#4465);
#4465 = AXIS2_PLACEMENT_3D('',#4466,#4467,#4468);
#4466 = CARTESIAN_POINT('',(73.25,81.4,5.));
#4467 = DIRECTION('',(-1.,0.,0.));
#4468 = DIRECTION('',(0.,1.,0.));
#4469 = ADVANCED_FACE('',(#4470),#4511,.F.);
#4470 = FACE_BOUND('',#4471,.F.);
#4471 = EDGE_LOOP('',(#4472,#4482,#4490,#4498,#4504,#4505));
#4472 = ORIENTED_EDGE('',*,*,#4473,.T.);
#4473 = EDGE_CURVE('',#4474,#4476,#4478,.T.);
#4474 = VERTEX_POINT('',#4475);
#4475 = CARTESIAN_POINT('',(175.125,64.6,5.5));
#4476 = VERTEX_POINT('',#4477);
#4477 = CARTESIAN_POINT('',(175.125,64.6,10.5));
#4478 = LINE('',#4479,#4480);
#4479 = CARTESIAN_POINT('',(175.125,64.6,5.));
#4480 = VECTOR('',#4481,1.);
#4481 = DIRECTION('',(0.,0.,1.));
#4482 = ORIENTED_EDGE('',*,*,#4483,.T.);
#4483 = EDGE_CURVE('',#4476,#4484,#4486,.T.);
#4484 = VERTEX_POINT('',#4485);
#4485 = CARTESIAN_POINT('',(175.125,63.4,10.5));
#4486 = LINE('',#4487,#4488);
#4487 = CARTESIAN_POINT('',(175.125,64.6,10.5));
#4488 = VECTOR('',#4489,1.);
#4489 = DIRECTION('',(0.,-1.,0.));
#4490 = ORIENTED_EDGE('',*,*,#4491,.F.);
#4491 = EDGE_CURVE('',#4492,#4484,#4494,.T.);
#4492 = VERTEX_POINT('',#4493);
#4493 = CARTESIAN_POINT('',(175.125,63.4,5.5));
#4494 = LINE('',#4495,#4496);
#4495 = CARTESIAN_POINT('',(175.125,63.4,5.));
#4496 = VECTOR('',#4497,1.);
#4497 = DIRECTION('',(0.,0.,1.));
#4498 = ORIENTED_EDGE('',*,*,#4499,.F.);
#4499 = EDGE_CURVE('',#1207,#4492,#4500,.T.);
#4500 = LINE('',#4501,#4502);
#4501 = CARTESIAN_POINT('',(175.125,63.45,5.55));
#4502 = VECTOR('',#4503,1.);
#4503 = DIRECTION('',(0.,0.707106781187,0.707106781187));
#4504 = ORIENTED_EDGE('',*,*,#1204,.F.);
#4505 = ORIENTED_EDGE('',*,*,#4506,.T.);
#4506 = EDGE_CURVE('',#1205,#4474,#4507,.T.);
#4507 = LINE('',#4508,#4509);
#4508 = CARTESIAN_POINT('',(175.125,64.85,5.25));
#4509 = VECTOR('',#4510,1.);
#4510 = DIRECTION('',(0.,-0.707106781187,0.707106781187));
#4511 = PLANE('',#4512);
#4512 = AXIS2_PLACEMENT_3D('',#4513,#4514,#4515);
#4513 = CARTESIAN_POINT('',(175.125,64.6,5.));
#4514 = DIRECTION('',(1.,0.,0.));
#4515 = DIRECTION('',(0.,-1.,0.));
#4516 = ADVANCED_FACE('',(#4517),#4535,.T.);
#4517 = FACE_BOUND('',#4518,.T.);
#4518 = EDGE_LOOP('',(#4519,#4520,#4521,#4529));
#4519 = ORIENTED_EDGE('',*,*,#4499,.F.);
#4520 = ORIENTED_EDGE('',*,*,#1230,.T.);
#4521 = ORIENTED_EDGE('',*,*,#4522,.T.);
#4522 = EDGE_CURVE('',#1223,#4523,#4525,.T.);
#4523 = VERTEX_POINT('',#4524);
#4524 = CARTESIAN_POINT('',(179.625,63.4,5.5));
#4525 = LINE('',#4526,#4527);
#4526 = CARTESIAN_POINT('',(179.625,63.15,5.25));
#4527 = VECTOR('',#4528,1.);
#4528 = DIRECTION('',(0.,0.707106781187,0.707106781187));
#4529 = ORIENTED_EDGE('',*,*,#4530,.F.);
#4530 = EDGE_CURVE('',#4492,#4523,#4531,.T.);
#4531 = LINE('',#4532,#4533);
#4532 = CARTESIAN_POINT('',(175.125,63.4,5.5));
#4533 = VECTOR('',#4534,1.);
#4534 = DIRECTION('',(1.,0.,0.));
#4535 = PLANE('',#4536);
#4536 = AXIS2_PLACEMENT_3D('',#4537,#4538,#4539);
#4537 = CARTESIAN_POINT('',(175.125,63.15,5.25));
#4538 = DIRECTION('',(0.,-0.707106781187,0.707106781187));
#4539 = DIRECTION('',(1.,0.,0.));
#4540 = ADVANCED_FACE('',(#4541),#4559,.T.);
#4541 = FACE_BOUND('',#4542,.T.);
#4542 = EDGE_LOOP('',(#4543,#4551,#4552,#4553));
#4543 = ORIENTED_EDGE('',*,*,#4544,.F.);
#4544 = EDGE_CURVE('',#1215,#4545,#4547,.T.);
#4545 = VERTEX_POINT('',#4546);
#4546 = CARTESIAN_POINT('',(179.625,64.6,5.5));
#4547 = LINE('',#4548,#4549);
#4548 = CARTESIAN_POINT('',(179.625,64.55,5.55));
#4549 = VECTOR('',#4550,1.);
#4550 = DIRECTION('',(0.,-0.707106781187,0.707106781187));
#4551 = ORIENTED_EDGE('',*,*,#1214,.T.);
#4552 = ORIENTED_EDGE('',*,*,#4506,.T.);
#4553 = ORIENTED_EDGE('',*,*,#4554,.F.);
#4554 = EDGE_CURVE('',#4545,#4474,#4555,.T.);
#4555 = LINE('',#4556,#4557);
#4556 = CARTESIAN_POINT('',(179.625,64.6,5.5));
#4557 = VECTOR('',#4558,1.);
#4558 = DIRECTION('',(-1.,0.,0.));
#4559 = PLANE('',#4560);
#4560 = AXIS2_PLACEMENT_3D('',#4561,#4562,#4563);
#4561 = CARTESIAN_POINT('',(179.625,64.85,5.25));
#4562 = DIRECTION('',(0.,0.707106781187,0.707106781187));
#4563 = DIRECTION('',(-1.,0.,0.));
#4564 = ADVANCED_FACE('',(#4565),#4592,.F.);
#4565 = FACE_BOUND('',#4566,.F.);
#4566 = EDGE_LOOP('',(#4567,#4575,#4583,#4589,#4590,#4591));
#4567 = ORIENTED_EDGE('',*,*,#4568,.T.);
#4568 = EDGE_CURVE('',#4523,#4569,#4571,.T.);
#4569 = VERTEX_POINT('',#4570);
#4570 = CARTESIAN_POINT('',(179.625,63.4,10.5));
#4571 = LINE('',#4572,#4573);
#4572 = CARTESIAN_POINT('',(179.625,63.4,5.));
#4573 = VECTOR('',#4574,1.);
#4574 = DIRECTION('',(0.,0.,1.));
#4575 = ORIENTED_EDGE('',*,*,#4576,.T.);
#4576 = EDGE_CURVE('',#4569,#4577,#4579,.T.);
#4577 = VERTEX_POINT('',#4578);
#4578 = CARTESIAN_POINT('',(179.625,64.6,10.5));
#4579 = LINE('',#4580,#4581);
#4580 = CARTESIAN_POINT('',(179.625,63.4,10.5));
#4581 = VECTOR('',#4582,1.);
#4582 = DIRECTION('',(0.,1.,0.));
#4583 = ORIENTED_EDGE('',*,*,#4584,.F.);
#4584 = EDGE_CURVE('',#4545,#4577,#4585,.T.);
#4585 = LINE('',#4586,#4587);
#4586 = CARTESIAN_POINT('',(179.625,64.6,5.));
#4587 = VECTOR('',#4588,1.);
#4588 = DIRECTION('',(0.,0.,1.));
#4589 = ORIENTED_EDGE('',*,*,#4544,.F.);
#4590 = ORIENTED_EDGE('',*,*,#1222,.F.);
#4591 = ORIENTED_EDGE('',*,*,#4522,.T.);
#4592 = PLANE('',#4593);
#4593 = AXIS2_PLACEMENT_3D('',#4594,#4595,#4596);
#4594 = CARTESIAN_POINT('',(179.625,63.4,5.));
#4595 = DIRECTION('',(-1.,0.,0.));
#4596 = DIRECTION('',(0.,1.,0.));
#4597 = ADVANCED_FACE('',(#4598),#4617,.T.);
#4598 = FACE_BOUND('',#4599,.T.);
#4599 = EDGE_LOOP('',(#4600,#4608,#4609,#4610));
#4600 = ORIENTED_EDGE('',*,*,#4601,.F.);
#4601 = EDGE_CURVE('',#1239,#4602,#4604,.T.);
#4602 = VERTEX_POINT('',#4603);
#4603 = CARTESIAN_POINT('',(186.875,64.,5.5));
#4604 = LINE('',#4605,#4606);
#4605 = CARTESIAN_POINT('',(186.875,64.,5.5));
#4606 = VECTOR('',#4607,1.);
#4607 = DIRECTION('',(-0.707106781187,0.,0.707106781187));
#4608 = ORIENTED_EDGE('',*,*,#1238,.T.);
#4609 = ORIENTED_EDGE('',*,*,#4601,.T.);
#4610 = ORIENTED_EDGE('',*,*,#4611,.F.);
#4611 = EDGE_CURVE('',#4602,#4602,#4612,.T.);
#4612 = CIRCLE('',#4613,3.);
#4613 = AXIS2_PLACEMENT_3D('',#4614,#4615,#4616);
#4614 = CARTESIAN_POINT('',(183.875,64.,5.5));
#4615 = DIRECTION('',(0.,0.,1.));
#4616 = DIRECTION('',(1.,0.,0.));
#4617 = CONICAL_SURFACE('',#4618,3.,0.785398163397);
#4618 = AXIS2_PLACEMENT_3D('',#4619,#4620,#4621);
#4619 = CARTESIAN_POINT('',(183.875,64.,5.5));
#4620 = DIRECTION('',(-0.,-0.,-1.));
#4621 = DIRECTION('',(1.,0.,0.));
#4622 = ADVANCED_FACE('',(#4623),#4664,.F.);
#4623 = FACE_BOUND('',#4624,.F.);
#4624 = EDGE_LOOP('',(#4625,#4635,#4643,#4651,#4657,#4658));
#4625 = ORIENTED_EDGE('',*,*,#4626,.T.);
#4626 = EDGE_CURVE('',#4627,#4629,#4631,.T.);
#4627 = VERTEX_POINT('',#4628);
#4628 = CARTESIAN_POINT('',(188.125,64.6,5.5));
#4629 = VERTEX_POINT('',#4630);
#4630 = CARTESIAN_POINT('',(188.125,64.6,10.5));
#4631 = LINE('',#4632,#4633);
#4632 = CARTESIAN_POINT('',(188.125,64.6,5.));
#4633 = VECTOR('',#4634,1.);
#4634 = DIRECTION('',(0.,0.,1.));
#4635 = ORIENTED_EDGE('',*,*,#4636,.T.);
#4636 = EDGE_CURVE('',#4629,#4637,#4639,.T.);
#4637 = VERTEX_POINT('',#4638);
#4638 = CARTESIAN_POINT('',(188.125,63.4,10.5));
#4639 = LINE('',#4640,#4641);
#4640 = CARTESIAN_POINT('',(188.125,64.6,10.5));
#4641 = VECTOR('',#4642,1.);
#4642 = DIRECTION('',(0.,-1.,0.));
#4643 = ORIENTED_EDGE('',*,*,#4644,.F.);
#4644 = EDGE_CURVE('',#4645,#4637,#4647,.T.);
#4645 = VERTEX_POINT('',#4646);
#4646 = CARTESIAN_POINT('',(188.125,63.4,5.5));
#4647 = LINE('',#4648,#4649);
#4648 = CARTESIAN_POINT('',(188.125,63.4,5.));
#4649 = VECTOR('',#4650,1.);
#4650 = DIRECTION('',(0.,0.,1.));
#4651 = ORIENTED_EDGE('',*,*,#4652,.F.);
#4652 = EDGE_CURVE('',#1252,#4645,#4653,.T.);
#4653 = LINE('',#4654,#4655);
#4654 = CARTESIAN_POINT('',(188.125,63.45,5.55));
#4655 = VECTOR('',#4656,1.);
#4656 = DIRECTION('',(0.,0.707106781187,0.707106781187));
#4657 = ORIENTED_EDGE('',*,*,#1249,.F.);
#4658 = ORIENTED_EDGE('',*,*,#4659,.T.);
#4659 = EDGE_CURVE('',#1250,#4627,#4660,.T.);
#4660 = LINE('',#4661,#4662);
#4661 = CARTESIAN_POINT('',(188.125,64.85,5.25));
#4662 = VECTOR('',#4663,1.);
#4663 = DIRECTION('',(0.,-0.707106781187,0.707106781187));
#4664 = PLANE('',#4665);
#4665 = AXIS2_PLACEMENT_3D('',#4666,#4667,#4668);
#4666 = CARTESIAN_POINT('',(188.125,64.6,5.));
#4667 = DIRECTION('',(1.,0.,0.));
#4668 = DIRECTION('',(0.,-1.,0.));
#4669 = ADVANCED_FACE('',(#4670),#4688,.T.);
#4670 = FACE_BOUND('',#4671,.T.);
#4671 = EDGE_LOOP('',(#4672,#4673,#4674,#4682));
#4672 = ORIENTED_EDGE('',*,*,#4652,.F.);
#4673 = ORIENTED_EDGE('',*,*,#1275,.T.);
#4674 = ORIENTED_EDGE('',*,*,#4675,.T.);
#4675 = EDGE_CURVE('',#1268,#4676,#4678,.T.);
#4676 = VERTEX_POINT('',#4677);
#4677 = CARTESIAN_POINT('',(192.625,63.4,5.5));
#4678 = LINE('',#4679,#4680);
#4679 = CARTESIAN_POINT('',(192.625,63.15,5.25));
#4680 = VECTOR('',#4681,1.);
#4681 = DIRECTION('',(0.,0.707106781187,0.707106781187));
#4682 = ORIENTED_EDGE('',*,*,#4683,.F.);
#4683 = EDGE_CURVE('',#4645,#4676,#4684,.T.);
#4684 = LINE('',#4685,#4686);
#4685 = CARTESIAN_POINT('',(188.125,63.4,5.5));
#4686 = VECTOR('',#4687,1.);
#4687 = DIRECTION('',(1.,0.,0.));
#4688 = PLANE('',#4689);
#4689 = AXIS2_PLACEMENT_3D('',#4690,#4691,#4692);
#4690 = CARTESIAN_POINT('',(188.125,63.15,5.25));
#4691 = DIRECTION('',(0.,-0.707106781187,0.707106781187));
#4692 = DIRECTION('',(1.,0.,0.));
#4693 = ADVANCED_FACE('',(#4694),#4712,.T.);
#4694 = FACE_BOUND('',#4695,.T.);
#4695 = EDGE_LOOP('',(#4696,#4704,#4705,#4706));
#4696 = ORIENTED_EDGE('',*,*,#4697,.F.);
#4697 = EDGE_CURVE('',#1260,#4698,#4700,.T.);
#4698 = VERTEX_POINT('',#4699);
#4699 = CARTESIAN_POINT('',(192.625,64.6,5.5));
#4700 = LINE('',#4701,#4702);
#4701 = CARTESIAN_POINT('',(192.625,64.55,5.55));
#4702 = VECTOR('',#4703,1.);
#4703 = DIRECTION('',(0.,-0.707106781187,0.707106781187));
#4704 = ORIENTED_EDGE('',*,*,#1259,.T.);
#4705 = ORIENTED_EDGE('',*,*,#4659,.T.);
#4706 = ORIENTED_EDGE('',*,*,#4707,.F.);
#4707 = EDGE_CURVE('',#4698,#4627,#4708,.T.);
#4708 = LINE('',#4709,#4710);
#4709 = CARTESIAN_POINT('',(192.625,64.6,5.5));
#4710 = VECTOR('',#4711,1.);
#4711 = DIRECTION('',(-1.,0.,0.));
#4712 = PLANE('',#4713);
#4713 = AXIS2_PLACEMENT_3D('',#4714,#4715,#4716);
#4714 = CARTESIAN_POINT('',(192.625,64.85,5.25));
#4715 = DIRECTION('',(0.,0.707106781187,0.707106781187));
#4716 = DIRECTION('',(-1.,0.,0.));
#4717 = ADVANCED_FACE('',(#4718),#4745,.F.);
#4718 = FACE_BOUND('',#4719,.F.);
#4719 = EDGE_LOOP('',(#4720,#4728,#4736,#4742,#4743,#4744));
#4720 = ORIENTED_EDGE('',*,*,#4721,.T.);
#4721 = EDGE_CURVE('',#4676,#4722,#4724,.T.);
#4722 = VERTEX_POINT('',#4723);
#4723 = CARTESIAN_POINT('',(192.625,63.4,10.5));
#4724 = LINE('',#4725,#4726);
#4725 = CARTESIAN_POINT('',(192.625,63.4,5.));
#4726 = VECTOR('',#4727,1.);
#4727 = DIRECTION('',(0.,0.,1.));
#4728 = ORIENTED_EDGE('',*,*,#4729,.T.);
#4729 = EDGE_CURVE('',#4722,#4730,#4732,.T.);
#4730 = VERTEX_POINT('',#4731);
#4731 = CARTESIAN_POINT('',(192.625,64.6,10.5));
#4732 = LINE('',#4733,#4734);
#4733 = CARTESIAN_POINT('',(192.625,63.4,10.5));
#4734 = VECTOR('',#4735,1.);
#4735 = DIRECTION('',(0.,1.,0.));
#4736 = ORIENTED_EDGE('',*,*,#4737,.F.);
#4737 = EDGE_CURVE('',#4698,#4730,#4738,.T.);
#4738 = LINE('',#4739,#4740);
#4739 = CARTESIAN_POINT('',(192.625,64.6,5.));
#4740 = VECTOR('',#4741,1.);
#4741 = DIRECTION('',(0.,0.,1.));
#4742 = ORIENTED_EDGE('',*,*,#4697,.F.);
#4743 = ORIENTED_EDGE('',*,*,#1267,.F.);
#4744 = ORIENTED_EDGE('',*,*,#4675,.T.);
#4745 = PLANE('',#4746);
#4746 = AXIS2_PLACEMENT_3D('',#4747,#4748,#4749);
#4747 = CARTESIAN_POINT('',(192.625,63.4,5.));
#4748 = DIRECTION('',(-1.,0.,0.));
#4749 = DIRECTION('',(0.,1.,0.));
#4750 = ADVANCED_FACE('',(#4751),#4792,.F.);
#4751 = FACE_BOUND('',#4752,.F.);
#4752 = EDGE_LOOP('',(#4753,#4763,#4771,#4779,#4785,#4786));
#4753 = ORIENTED_EDGE('',*,*,#4754,.T.);
#4754 = EDGE_CURVE('',#4755,#4757,#4759,.T.);
#4755 = VERTEX_POINT('',#4756);
#4756 = CARTESIAN_POINT('',(294.5,82.6,5.5));
#4757 = VERTEX_POINT('',#4758);
#4758 = CARTESIAN_POINT('',(294.5,82.6,10.5));
#4759 = LINE('',#4760,#4761);
#4760 = CARTESIAN_POINT('',(294.5,82.6,5.));
#4761 = VECTOR('',#4762,1.);
#4762 = DIRECTION('',(0.,0.,1.));
#4763 = ORIENTED_EDGE('',*,*,#4764,.T.);
#4764 = EDGE_CURVE('',#4757,#4765,#4767,.T.);
#4765 = VERTEX_POINT('',#4766);
#4766 = CARTESIAN_POINT('',(294.5,81.4,10.5));
#4767 = LINE('',#4768,#4769);
#4768 = CARTESIAN_POINT('',(294.5,82.6,10.5));
#4769 = VECTOR('',#4770,1.);
#4770 = DIRECTION('',(0.,-1.,0.));
#4771 = ORIENTED_EDGE('',*,*,#4772,.F.);
#4772 = EDGE_CURVE('',#4773,#4765,#4775,.T.);
#4773 = VERTEX_POINT('',#4774);
#4774 = CARTESIAN_POINT('',(294.5,81.4,5.5));
#4775 = LINE('',#4776,#4777);
#4776 = CARTESIAN_POINT('',(294.5,81.4,5.));
#4777 = VECTOR('',#4778,1.);
#4778 = DIRECTION('',(0.,0.,1.));
#4779 = ORIENTED_EDGE('',*,*,#4780,.F.);
#4780 = EDGE_CURVE('',#1286,#4773,#4781,.T.);
#4781 = LINE('',#4782,#4783);
#4782 = CARTESIAN_POINT('',(294.5,81.45,5.55));
#4783 = VECTOR('',#4784,1.);
#4784 = DIRECTION('',(0.,0.707106781187,0.707106781187));
#4785 = ORIENTED_EDGE('',*,*,#1283,.F.);
#4786 = ORIENTED_EDGE('',*,*,#4787,.T.);
#4787 = EDGE_CURVE('',#1284,#4755,#4788,.T.);
#4788 = LINE('',#4789,#4790);
#4789 = CARTESIAN_POINT('',(294.5,82.85,5.25));
#4790 = VECTOR('',#4791,1.);
#4791 = DIRECTION('',(0.,-0.707106781187,0.707106781187));
#4792 = PLANE('',#4793);
#4793 = AXIS2_PLACEMENT_3D('',#4794,#4795,#4796);
#4794 = CARTESIAN_POINT('',(294.5,82.6,5.));
#4795 = DIRECTION('',(1.,0.,0.));
#4796 = DIRECTION('',(0.,-1.,0.));
#4797 = ADVANCED_FACE('',(#4798),#4816,.T.);
#4798 = FACE_BOUND('',#4799,.T.);
#4799 = EDGE_LOOP('',(#4800,#4801,#4802,#4810));
#4800 = ORIENTED_EDGE('',*,*,#4780,.F.);
#4801 = ORIENTED_EDGE('',*,*,#1309,.T.);
#4802 = ORIENTED_EDGE('',*,*,#4803,.T.);
#4803 = EDGE_CURVE('',#1302,#4804,#4806,.T.);
#4804 = VERTEX_POINT('',#4805);
#4805 = CARTESIAN_POINT('',(299.,81.4,5.5));
#4806 = LINE('',#4807,#4808);
#4807 = CARTESIAN_POINT('',(299.,81.15,5.25));
#4808 = VECTOR('',#4809,1.);
#4809 = DIRECTION('',(0.,0.707106781187,0.707106781187));
#4810 = ORIENTED_EDGE('',*,*,#4811,.F.);
#4811 = EDGE_CURVE('',#4773,#4804,#4812,.T.);
#4812 = LINE('',#4813,#4814);
#4813 = CARTESIAN_POINT('',(294.5,81.4,5.5));
#4814 = VECTOR('',#4815,1.);
#4815 = DIRECTION('',(1.,0.,0.));
#4816 = PLANE('',#4817);
#4817 = AXIS2_PLACEMENT_3D('',#4818,#4819,#4820);
#4818 = CARTESIAN_POINT('',(294.5,81.15,5.25));
#4819 = DIRECTION('',(0.,-0.707106781187,0.707106781187));
#4820 = DIRECTION('',(1.,0.,0.));
#4821 = ADVANCED_FACE('',(#4822),#4840,.T.);
#4822 = FACE_BOUND('',#4823,.T.);
#4823 = EDGE_LOOP('',(#4824,#4832,#4833,#4834));
#4824 = ORIENTED_EDGE('',*,*,#4825,.F.);
#4825 = EDGE_CURVE('',#1294,#4826,#4828,.T.);
#4826 = VERTEX_POINT('',#4827);
#4827 = CARTESIAN_POINT('',(299.,82.6,5.5));
#4828 = LINE('',#4829,#4830);
#4829 = CARTESIAN_POINT('',(299.,82.55,5.55));
#4830 = VECTOR('',#4831,1.);
#4831 = DIRECTION('',(0.,-0.707106781187,0.707106781187));
#4832 = ORIENTED_EDGE('',*,*,#1293,.T.);
#4833 = ORIENTED_EDGE('',*,*,#4787,.T.);
#4834 = ORIENTED_EDGE('',*,*,#4835,.F.);
#4835 = EDGE_CURVE('',#4826,#4755,#4836,.T.);
#4836 = LINE('',#4837,#4838);
#4837 = CARTESIAN_POINT('',(299.,82.6,5.5));
#4838 = VECTOR('',#4839,1.);
#4839 = DIRECTION('',(-1.,0.,0.));
#4840 = PLANE('',#4841);
#4841 = AXIS2_PLACEMENT_3D('',#4842,#4843,#4844);
#4842 = CARTESIAN_POINT('',(299.,82.85,5.25));
#4843 = DIRECTION('',(0.,0.707106781187,0.707106781187));
#4844 = DIRECTION('',(-1.,0.,0.));
#4845 = ADVANCED_FACE('',(#4846),#4873,.F.);
#4846 = FACE_BOUND('',#4847,.F.);
#4847 = EDGE_LOOP('',(#4848,#4856,#4864,#4870,#4871,#4872));
#4848 = ORIENTED_EDGE('',*,*,#4849,.T.);
#4849 = EDGE_CURVE('',#4804,#4850,#4852,.T.);
#4850 = VERTEX_POINT('',#4851);
#4851 = CARTESIAN_POINT('',(299.,81.4,10.5));
#4852 = LINE('',#4853,#4854);
#4853 = CARTESIAN_POINT('',(299.,81.4,5.));
#4854 = VECTOR('',#4855,1.);
#4855 = DIRECTION('',(0.,0.,1.));
#4856 = ORIENTED_EDGE('',*,*,#4857,.T.);
#4857 = EDGE_CURVE('',#4850,#4858,#4860,.T.);
#4858 = VERTEX_POINT('',#4859);
#4859 = CARTESIAN_POINT('',(299.,82.6,10.5));
#4860 = LINE('',#4861,#4862);
#4861 = CARTESIAN_POINT('',(299.,81.4,10.5));
#4862 = VECTOR('',#4863,1.);
#4863 = DIRECTION('',(0.,1.,0.));
#4864 = ORIENTED_EDGE('',*,*,#4865,.F.);
#4865 = EDGE_CURVE('',#4826,#4858,#4866,.T.);
#4866 = LINE('',#4867,#4868);
#4867 = CARTESIAN_POINT('',(299.,82.6,5.));
#4868 = VECTOR('',#4869,1.);
#4869 = DIRECTION('',(0.,0.,1.));
#4870 = ORIENTED_EDGE('',*,*,#4825,.F.);
#4871 = ORIENTED_EDGE('',*,*,#1301,.F.);
#4872 = ORIENTED_EDGE('',*,*,#4803,.T.);
#4873 = PLANE('',#4874);
#4874 = AXIS2_PLACEMENT_3D('',#4875,#4876,#4877);
#4875 = CARTESIAN_POINT('',(299.,81.4,5.));
#4876 = DIRECTION('',(-1.,0.,0.));
#4877 = DIRECTION('',(0.,1.,0.));
#4878 = ADVANCED_FACE('',(#4879),#4898,.T.);
#4879 = FACE_BOUND('',#4880,.T.);
#4880 = EDGE_LOOP('',(#4881,#4889,#4890,#4891));
#4881 = ORIENTED_EDGE('',*,*,#4882,.F.);
#4882 = EDGE_CURVE('',#1318,#4883,#4885,.T.);
#4883 = VERTEX_POINT('',#4884);
#4884 = CARTESIAN_POINT('',(306.25,82.,5.5));
#4885 = LINE('',#4886,#4887);
#4886 = CARTESIAN_POINT('',(306.25,82.,5.5));
#4887 = VECTOR('',#4888,1.);
#4888 = DIRECTION('',(-0.707106781187,0.,0.707106781187));
#4889 = ORIENTED_EDGE('',*,*,#1317,.T.);
#4890 = ORIENTED_EDGE('',*,*,#4882,.T.);
#4891 = ORIENTED_EDGE('',*,*,#4892,.F.);
#4892 = EDGE_CURVE('',#4883,#4883,#4893,.T.);
#4893 = CIRCLE('',#4894,3.);
#4894 = AXIS2_PLACEMENT_3D('',#4895,#4896,#4897);
#4895 = CARTESIAN_POINT('',(303.25,82.,5.5));
#4896 = DIRECTION('',(0.,0.,1.));
#4897 = DIRECTION('',(1.,0.,0.));
#4898 = CONICAL_SURFACE('',#4899,3.,0.785398163397);
#4899 = AXIS2_PLACEMENT_3D('',#4900,#4901,#4902);
#4900 = CARTESIAN_POINT('',(303.25,82.,5.5));
#4901 = DIRECTION('',(-0.,-0.,-1.));
#4902 = DIRECTION('',(1.,0.,0.));
#4903 = ADVANCED_FACE('',(#4904),#4945,.F.);
#4904 = FACE_BOUND('',#4905,.F.);
#4905 = EDGE_LOOP('',(#4906,#4916,#4924,#4932,#4938,#4939));
#4906 = ORIENTED_EDGE('',*,*,#4907,.T.);
#4907 = EDGE_CURVE('',#4908,#4910,#4912,.T.);
#4908 = VERTEX_POINT('',#4909);
#4909 = CARTESIAN_POINT('',(307.5,82.6,5.5));
#4910 = VERTEX_POINT('',#4911);
#4911 = CARTESIAN_POINT('',(307.5,82.6,10.5));
#4912 = LINE('',#4913,#4914);
#4913 = CARTESIAN_POINT('',(307.5,82.6,5.));
#4914 = VECTOR('',#4915,1.);
#4915 = DIRECTION('',(0.,0.,1.));
#4916 = ORIENTED_EDGE('',*,*,#4917,.T.);
#4917 = EDGE_CURVE('',#4910,#4918,#4920,.T.);
#4918 = VERTEX_POINT('',#4919);
#4919 = CARTESIAN_POINT('',(307.5,81.4,10.5));
#4920 = LINE('',#4921,#4922);
#4921 = CARTESIAN_POINT('',(307.5,82.6,10.5));
#4922 = VECTOR('',#4923,1.);
#4923 = DIRECTION('',(0.,-1.,0.));
#4924 = ORIENTED_EDGE('',*,*,#4925,.F.);
#4925 = EDGE_CURVE('',#4926,#4918,#4928,.T.);
#4926 = VERTEX_POINT('',#4927);
#4927 = CARTESIAN_POINT('',(307.5,81.4,5.5));
#4928 = LINE('',#4929,#4930);
#4929 = CARTESIAN_POINT('',(307.5,81.4,5.));
#4930 = VECTOR('',#4931,1.);
#4931 = DIRECTION('',(0.,0.,1.));
#4932 = ORIENTED_EDGE('',*,*,#4933,.F.);
#4933 = EDGE_CURVE('',#1331,#4926,#4934,.T.);
#4934 = LINE('',#4935,#4936);
#4935 = CARTESIAN_POINT('',(307.5,81.45,5.55));
#4936 = VECTOR('',#4937,1.);
#4937 = DIRECTION('',(0.,0.707106781187,0.707106781187));
#4938 = ORIENTED_EDGE('',*,*,#1328,.F.);
#4939 = ORIENTED_EDGE('',*,*,#4940,.T.);
#4940 = EDGE_CURVE('',#1329,#4908,#4941,.T.);
#4941 = LINE('',#4942,#4943);
#4942 = CARTESIAN_POINT('',(307.5,82.85,5.25));
#4943 = VECTOR('',#4944,1.);
#4944 = DIRECTION('',(0.,-0.707106781187,0.707106781187));
#4945 = PLANE('',#4946);
#4946 = AXIS2_PLACEMENT_3D('',#4947,#4948,#4949);
#4947 = CARTESIAN_POINT('',(307.5,82.6,5.));
#4948 = DIRECTION('',(1.,0.,0.));
#4949 = DIRECTION('',(0.,-1.,0.));
#4950 = ADVANCED_FACE('',(#4951),#4969,.T.);
#4951 = FACE_BOUND('',#4952,.T.);
#4952 = EDGE_LOOP('',(#4953,#4954,#4955,#4963));
#4953 = ORIENTED_EDGE('',*,*,#4933,.F.);
#4954 = ORIENTED_EDGE('',*,*,#1354,.T.);
#4955 = ORIENTED_EDGE('',*,*,#4956,.T.);
#4956 = EDGE_CURVE('',#1347,#4957,#4959,.T.);
#4957 = VERTEX_POINT('',#4958);
#4958 = CARTESIAN_POINT('',(312.,81.4,5.5));
#4959 = LINE('',#4960,#4961);
#4960 = CARTESIAN_POINT('',(312.,81.15,5.25));
#4961 = VECTOR('',#4962,1.);
#4962 = DIRECTION('',(0.,0.707106781187,0.707106781187));
#4963 = ORIENTED_EDGE('',*,*,#4964,.F.);
#4964 = EDGE_CURVE('',#4926,#4957,#4965,.T.);
#4965 = LINE('',#4966,#4967);
#4966 = CARTESIAN_POINT('',(307.5,81.4,5.5));
#4967 = VECTOR('',#4968,1.);
#4968 = DIRECTION('',(1.,0.,0.));
#4969 = PLANE('',#4970);
#4970 = AXIS2_PLACEMENT_3D('',#4971,#4972,#4973);
#4971 = CARTESIAN_POINT('',(307.5,81.15,5.25));
#4972 = DIRECTION('',(0.,-0.707106781187,0.707106781187));
#4973 = DIRECTION('',(1.,0.,0.));
#4974 = ADVANCED_FACE('',(#4975),#4993,.T.);
#4975 = FACE_BOUND('',#4976,.T.);
#4976 = EDGE_LOOP('',(#4977,#4985,#4986,#4987));
#4977 = ORIENTED_EDGE('',*,*,#4978,.F.);
#4978 = EDGE_CURVE('',#1339,#4979,#4981,.T.);
#4979 = VERTEX_POINT('',#4980);
#4980 = CARTESIAN_POINT('',(312.,82.6,5.5));
#4981 = LINE('',#4982,#4983);
#4982 = CARTESIAN_POINT('',(312.,82.55,5.55));
#4983 = VECTOR('',#4984,1.);
#4984 = DIRECTION('',(0.,-0.707106781187,0.707106781187));
#4985 = ORIENTED_EDGE('',*,*,#1338,.T.);
#4986 = ORIENTED_EDGE('',*,*,#4940,.T.);
#4987 = ORIENTED_EDGE('',*,*,#4988,.F.);
#4988 = EDGE_CURVE('',#4979,#4908,#4989,.T.);
#4989 = LINE('',#4990,#4991);
#4990 = CARTESIAN_POINT('',(312.,82.6,5.5));
#4991 = VECTOR('',#4992,1.);
#4992 = DIRECTION('',(-1.,0.,0.));
#4993 = PLANE('',#4994);
#4994 = AXIS2_PLACEMENT_3D('',#4995,#4996,#4997);
#4995 = CARTESIAN_POINT('',(312.,82.85,5.25));
#4996 = DIRECTION('',(0.,0.707106781187,0.707106781187));
#4997 = DIRECTION('',(-1.,0.,0.));
#4998 = ADVANCED_FACE('',(#4999),#5026,.F.);
#4999 = FACE_BOUND('',#5000,.F.);
#5000 = EDGE_LOOP('',(#5001,#5009,#5017,#5023,#5024,#5025));
#5001 = ORIENTED_EDGE('',*,*,#5002,.T.);
#5002 = EDGE_CURVE('',#4957,#5003,#5005,.T.);
#5003 = VERTEX_POINT('',#5004);
#5004 = CARTESIAN_POINT('',(312.,81.4,10.5));
#5005 = LINE('',#5006,#5007);
#5006 = CARTESIAN_POINT('',(312.,81.4,5.));
#5007 = VECTOR('',#5008,1.);
#5008 = DIRECTION('',(0.,0.,1.));
#5009 = ORIENTED_EDGE('',*,*,#5010,.T.);
#5010 = EDGE_CURVE('',#5003,#5011,#5013,.T.);
#5011 = VERTEX_POINT('',#5012);
#5012 = CARTESIAN_POINT('',(312.,82.6,10.5));
#5013 = LINE('',#5014,#5015);
#5014 = CARTESIAN_POINT('',(312.,81.4,10.5));
#5015 = VECTOR('',#5016,1.);
#5016 = DIRECTION('',(0.,1.,0.));
#5017 = ORIENTED_EDGE('',*,*,#5018,.F.);
#5018 = EDGE_CURVE('',#4979,#5011,#5019,.T.);
#5019 = LINE('',#5020,#5021);
#5020 = CARTESIAN_POINT('',(312.,82.6,5.));
#5021 = VECTOR('',#5022,1.);
#5022 = DIRECTION('',(0.,0.,1.));
#5023 = ORIENTED_EDGE('',*,*,#4978,.F.);
#5024 = ORIENTED_EDGE('',*,*,#1346,.F.);
#5025 = ORIENTED_EDGE('',*,*,#4956,.T.);
#5026 = PLANE('',#5027);
#5027 = AXIS2_PLACEMENT_3D('',#5028,#5029,#5030);
#5028 = CARTESIAN_POINT('',(312.,81.4,5.));
#5029 = DIRECTION('',(-1.,0.,0.));
#5030 = DIRECTION('',(0.,1.,0.));
#5031 = ADVANCED_FACE('',(#5032),#5058,.F.);
#5032 = FACE_BOUND('',#5033,.F.);
#5033 = EDGE_LOOP('',(#5034,#5042,#5043,#5051));
#5034 = ORIENTED_EDGE('',*,*,#5035,.F.);
#5035 = EDGE_CURVE('',#1389,#5036,#5038,.T.);
#5036 = VERTEX_POINT('',#5037);
#5037 = CARTESIAN_POINT('',(15.6,106.75,8.2));
#5038 = LINE('',#5039,#5040);
#5039 = CARTESIAN_POINT('',(15.6,105.5,8.2));
#5040 = VECTOR('',#5041,1.);
#5041 = DIRECTION('',(0.,1.,-2.2E-16));
#5042 = ORIENTED_EDGE('',*,*,#1386,.F.);
#5043 = ORIENTED_EDGE('',*,*,#5044,.T.);
#5044 = EDGE_CURVE('',#1387,#5045,#5047,.T.);
#5045 = VERTEX_POINT('',#5046);
#5046 = CARTESIAN_POINT('',(16.4,106.75,9.));
#5047 = LINE('',#5048,#5049);
#5048 = CARTESIAN_POINT('',(16.4,105.5,9.));
#5049 = VECTOR('',#5050,1.);
#5050 = DIRECTION('',(0.,1.,-2.2E-16));
#5051 = ORIENTED_EDGE('',*,*,#5052,.T.);
#5052 = EDGE_CURVE('',#5045,#5036,#5053,.T.);
#5053 = CIRCLE('',#5054,0.8);
#5054 = AXIS2_PLACEMENT_3D('',#5055,#5056,#5057);
#5055 = CARTESIAN_POINT('',(16.4,106.75,8.2));
#5056 = DIRECTION('',(0.,-1.,0.));
#5057 = DIRECTION('',(2.665E-14,0.,1.));
#5058 = CYLINDRICAL_SURFACE('',#5059,0.8);
#5059 = AXIS2_PLACEMENT_3D('',#5060,#5061,#5062);
#5060 = CARTESIAN_POINT('',(16.4,105.5,8.2));
#5061 = DIRECTION('',(0.,-1.,2.2E-16));
#5062 = DIRECTION('',(1.,0.,0.));
#5063 = ADVANCED_FACE('',(#5064),#5082,.F.);
#5064 = FACE_BOUND('',#5065,.F.);
#5065 = EDGE_LOOP('',(#5066,#5067,#5068,#5076));
#5066 = ORIENTED_EDGE('',*,*,#5044,.F.);
#5067 = ORIENTED_EDGE('',*,*,#1448,.F.);
#5068 = ORIENTED_EDGE('',*,*,#5069,.T.);
#5069 = EDGE_CURVE('',#1440,#5070,#5072,.T.);
#5070 = VERTEX_POINT('',#5071);
#5071 = CARTESIAN_POINT('',(23.6,106.75,9.));
#5072 = LINE('',#5073,#5074);
#5073 = CARTESIAN_POINT('',(23.6,105.5,9.));
#5074 = VECTOR('',#5075,1.);
#5075 = DIRECTION('',(0.,1.,-2.2E-16));
#5076 = ORIENTED_EDGE('',*,*,#5077,.T.);
#5077 = EDGE_CURVE('',#5070,#5045,#5078,.T.);
#5078 = LINE('',#5079,#5080);
#5079 = CARTESIAN_POINT('',(23.6,106.75,9.));
#5080 = VECTOR('',#5081,1.);
#5081 = DIRECTION('',(-1.,0.,0.));
#5082 = PLANE('',#5083);
#5083 = AXIS2_PLACEMENT_3D('',#5084,#5085,#5086);
#5084 = CARTESIAN_POINT('',(23.6,105.5,9.));
#5085 = DIRECTION('',(0.,2.2E-16,1.));
#5086 = DIRECTION('',(-1.,0.,0.));
#5087 = ADVANCED_FACE('',(#5088),#5107,.F.);
#5088 = FACE_BOUND('',#5089,.F.);
#5089 = EDGE_LOOP('',(#5090,#5091,#5092,#5100));
#5090 = ORIENTED_EDGE('',*,*,#5069,.F.);
#5091 = ORIENTED_EDGE('',*,*,#1439,.F.);
#5092 = ORIENTED_EDGE('',*,*,#5093,.T.);
#5093 = EDGE_CURVE('',#1432,#5094,#5096,.T.);
#5094 = VERTEX_POINT('',#5095);
#5095 = CARTESIAN_POINT('',(24.4,106.75,8.2));
#5096 = LINE('',#5097,#5098);
#5097 = CARTESIAN_POINT('',(24.4,105.5,8.2));
#5098 = VECTOR('',#5099,1.);
#5099 = DIRECTION('',(0.,1.,-2.2E-16));
#5100 = ORIENTED_EDGE('',*,*,#5101,.T.);
#5101 = EDGE_CURVE('',#5094,#5070,#5102,.T.);
#5102 = CIRCLE('',#5103,0.8);
#5103 = AXIS2_PLACEMENT_3D('',#5104,#5105,#5106);
#5104 = CARTESIAN_POINT('',(23.6,106.75,8.2));
#5105 = DIRECTION('',(0.,-1.,0.));
#5106 = DIRECTION('',(1.,0.,0.));
#5107 = CYLINDRICAL_SURFACE('',#5108,0.8);
#5108 = AXIS2_PLACEMENT_3D('',#5109,#5110,#5111);
#5109 = CARTESIAN_POINT('',(23.6,105.5,8.2));
#5110 = DIRECTION('',(0.,-1.,2.2E-16));
#5111 = DIRECTION('',(1.,0.,0.));
#5112 = ADVANCED_FACE('',(#5113),#5131,.F.);
#5113 = FACE_BOUND('',#5114,.F.);
#5114 = EDGE_LOOP('',(#5115,#5116,#5117,#5125));
#5115 = ORIENTED_EDGE('',*,*,#5093,.F.);
#5116 = ORIENTED_EDGE('',*,*,#1431,.F.);
#5117 = ORIENTED_EDGE('',*,*,#5118,.T.);
#5118 = EDGE_CURVE('',#1423,#5119,#5121,.T.);
#5119 = VERTEX_POINT('',#5120);
#5120 = CARTESIAN_POINT('',(24.4,106.75,6.8));
#5121 = LINE('',#5122,#5123);
#5122 = CARTESIAN_POINT('',(24.4,105.5,6.8));
#5123 = VECTOR('',#5124,1.);
#5124 = DIRECTION('',(0.,1.,-2.2E-16));
#5125 = ORIENTED_EDGE('',*,*,#5126,.T.);
#5126 = EDGE_CURVE('',#5119,#5094,#5127,.T.);
#5127 = LINE('',#5128,#5129);
#5128 = CARTESIAN_POINT('',(24.4,106.75,6.8));
#5129 = VECTOR('',#5130,1.);
#5130 = DIRECTION('',(0.,0.,1.));
#5131 = PLANE('',#5132);
#5132 = AXIS2_PLACEMENT_3D('',#5133,#5134,#5135);
#5133 = CARTESIAN_POINT('',(24.4,105.5,6.8));
#5134 = DIRECTION('',(1.,0.,0.));
#5135 = DIRECTION('',(0.,2.2E-16,1.));
#5136 = ADVANCED_FACE('',(#5137),#5156,.F.);
#5137 = FACE_BOUND('',#5138,.F.);
#5138 = EDGE_LOOP('',(#5139,#5140,#5141,#5149));
#5139 = ORIENTED_EDGE('',*,*,#5118,.F.);
#5140 = ORIENTED_EDGE('',*,*,#1422,.F.);
#5141 = ORIENTED_EDGE('',*,*,#5142,.T.);
#5142 = EDGE_CURVE('',#1415,#5143,#5145,.T.);
#5143 = VERTEX_POINT('',#5144);
#5144 = CARTESIAN_POINT('',(23.6,106.75,6.));
#5145 = LINE('',#5146,#5147);
#5146 = CARTESIAN_POINT('',(23.6,105.5,6.));
#5147 = VECTOR('',#5148,1.);
#5148 = DIRECTION('',(0.,1.,-2.2E-16));
#5149 = ORIENTED_EDGE('',*,*,#5150,.T.);
#5150 = EDGE_CURVE('',#5143,#5119,#5151,.T.);
#5151 = CIRCLE('',#5152,0.8);
#5152 = AXIS2_PLACEMENT_3D('',#5153,#5154,#5155);
#5153 = CARTESIAN_POINT('',(23.6,106.75,6.8));
#5154 = DIRECTION('',(0.,-1.,0.));
#5155 = DIRECTION('',(-2.665E-14,-0.,-1.));
#5156 = CYLINDRICAL_SURFACE('',#5157,0.8);
#5157 = AXIS2_PLACEMENT_3D('',#5158,#5159,#5160);
#5158 = CARTESIAN_POINT('',(23.6,105.5,6.8));
#5159 = DIRECTION('',(0.,-1.,2.2E-16));
#5160 = DIRECTION('',(1.,0.,0.));
#5161 = ADVANCED_FACE('',(#5162),#5180,.F.);
#5162 = FACE_BOUND('',#5163,.F.);
#5163 = EDGE_LOOP('',(#5164,#5165,#5166,#5174));
#5164 = ORIENTED_EDGE('',*,*,#5142,.F.);
#5165 = ORIENTED_EDGE('',*,*,#1414,.F.);
#5166 = ORIENTED_EDGE('',*,*,#5167,.T.);
#5167 = EDGE_CURVE('',#1406,#5168,#5170,.T.);
#5168 = VERTEX_POINT('',#5169);
#5169 = CARTESIAN_POINT('',(16.4,106.75,6.));
#5170 = LINE('',#5171,#5172);
#5171 = CARTESIAN_POINT('',(16.4,105.5,6.));
#5172 = VECTOR('',#5173,1.);
#5173 = DIRECTION('',(0.,1.,-2.2E-16));
#5174 = ORIENTED_EDGE('',*,*,#5175,.T.);
#5175 = EDGE_CURVE('',#5168,#5143,#5176,.T.);
#5176 = LINE('',#5177,#5178);
#5177 = CARTESIAN_POINT('',(16.4,106.75,6.));
#5178 = VECTOR('',#5179,1.);
#5179 = DIRECTION('',(1.,0.,0.));
#5180 = PLANE('',#5181);
#5181 = AXIS2_PLACEMENT_3D('',#5182,#5183,#5184);
#5182 = CARTESIAN_POINT('',(16.4,105.5,6.));
#5183 = DIRECTION('',(0.,-2.2E-16,-1.));
#5184 = DIRECTION('',(1.,0.,0.));
#5185 = ADVANCED_FACE('',(#5186),#5205,.F.);
#5186 = FACE_BOUND('',#5187,.F.);
#5187 = EDGE_LOOP('',(#5188,#5189,#5190,#5198));
#5188 = ORIENTED_EDGE('',*,*,#5167,.F.);
#5189 = ORIENTED_EDGE('',*,*,#1405,.F.);
#5190 = ORIENTED_EDGE('',*,*,#5191,.T.);
#5191 = EDGE_CURVE('',#1398,#5192,#5194,.T.);
#5192 = VERTEX_POINT('',#5193);
#5193 = CARTESIAN_POINT('',(15.6,106.75,6.8));
#5194 = LINE('',#5195,#5196);
#5195 = CARTESIAN_POINT('',(15.6,105.5,6.8));
#5196 = VECTOR('',#5197,1.);
#5197 = DIRECTION('',(0.,1.,-2.2E-16));
#5198 = ORIENTED_EDGE('',*,*,#5199,.T.);
#5199 = EDGE_CURVE('',#5192,#5168,#5200,.T.);
#5200 = CIRCLE('',#5201,0.8);
#5201 = AXIS2_PLACEMENT_3D('',#5202,#5203,#5204);
#5202 = CARTESIAN_POINT('',(16.4,106.75,6.8));
#5203 = DIRECTION('',(0.,-1.,0.));
#5204 = DIRECTION('',(-1.,0.,0.));
#5205 = CYLINDRICAL_SURFACE('',#5206,0.8);
#5206 = AXIS2_PLACEMENT_3D('',#5207,#5208,#5209);
#5207 = CARTESIAN_POINT('',(16.4,105.5,6.8));
#5208 = DIRECTION('',(0.,-1.,2.2E-16));
#5209 = DIRECTION('',(1.,0.,0.));
#5210 = ADVANCED_FACE('',(#5211),#5222,.F.);
#5211 = FACE_BOUND('',#5212,.F.);
#5212 = EDGE_LOOP('',(#5213,#5214,#5215,#5216));
#5213 = ORIENTED_EDGE('',*,*,#5191,.F.);
#5214 = ORIENTED_EDGE('',*,*,#1397,.F.);
#5215 = ORIENTED_EDGE('',*,*,#5035,.T.);
#5216 = ORIENTED_EDGE('',*,*,#5217,.T.);
#5217 = EDGE_CURVE('',#5036,#5192,#5218,.T.);
#5218 = LINE('',#5219,#5220);
#5219 = CARTESIAN_POINT('',(15.6,106.75,8.2));
#5220 = VECTOR('',#5221,1.);
#5221 = DIRECTION('',(0.,0.,-1.));
#5222 = PLANE('',#5223);
#5223 = AXIS2_PLACEMENT_3D('',#5224,#5225,#5226);
#5224 = CARTESIAN_POINT('',(15.6,105.5,8.2));
#5225 = DIRECTION('',(-1.,0.,0.));
#5226 = DIRECTION('',(-0.,-2.2E-16,-1.));
#5227 = ADVANCED_FACE('',(#5228),#5269,.T.);
#5228 = FACE_BOUND('',#5229,.T.);
#5229 = EDGE_LOOP('',(#5230,#5240,#5246,#5247,#5254,#5255,#5261,#5262));
#5230 = ORIENTED_EDGE('',*,*,#5231,.T.);
#5231 = EDGE_CURVE('',#5232,#5234,#5236,.T.);
#5232 = VERTEX_POINT('',#5233);
#5233 = CARTESIAN_POINT('',(34.,99.75,14.4));
#5234 = VERTEX_POINT('',#5235);
#5235 = CARTESIAN_POINT('',(34.,97.25,14.4));
#5236 = LINE('',#5237,#5238);
#5237 = CARTESIAN_POINT('',(34.,99.75,14.4));
#5238 = VECTOR('',#5239,1.);
#5239 = DIRECTION('',(0.,-1.,0.));
#5240 = ORIENTED_EDGE('',*,*,#5241,.T.);
#5241 = EDGE_CURVE('',#5234,#3054,#5242,.T.);
#5242 = LINE('',#5243,#5244);
#5243 = CARTESIAN_POINT('',(34.,97.25,14.4));
#5244 = VECTOR('',#5245,1.);
#5245 = DIRECTION('',(1.,0.,0.));
#5246 = ORIENTED_EDGE('',*,*,#3053,.T.);
#5247 = ORIENTED_EDGE('',*,*,#5248,.T.);
#5248 = EDGE_CURVE('',#3046,#1503,#5249,.T.);
#5249 = CIRCLE('',#5250,1.);
#5250 = AXIS2_PLACEMENT_3D('',#5251,#5252,#5253);
#5251 = CARTESIAN_POINT('',(34.,101.25,14.4));
#5252 = DIRECTION('',(0.,0.,1.));
#5253 = DIRECTION('',(1.,0.,0.));
#5254 = ORIENTED_EDGE('',*,*,#1510,.T.);
#5255 = ORIENTED_EDGE('',*,*,#5256,.T.);
#5256 = EDGE_CURVE('',#1511,#89,#5257,.T.);
#5257 = LINE('',#5258,#5259);
#5258 = CARTESIAN_POINT('',(30.,102.25,14.4));
#5259 = VECTOR('',#5260,1.);
#5260 = DIRECTION('',(0.,-1.,0.));
#5261 = ORIENTED_EDGE('',*,*,#96,.T.);
#5262 = ORIENTED_EDGE('',*,*,#5263,.F.);
#5263 = EDGE_CURVE('',#5232,#97,#5264,.T.);
#5264 = CIRCLE('',#5265,1.5);
#5265 = AXIS2_PLACEMENT_3D('',#5266,#5267,#5268);
#5266 = CARTESIAN_POINT('',(32.5,99.75,14.4));
#5267 = DIRECTION('',(0.,0.,1.));
#5268 = DIRECTION('',(1.,0.,-0.));
#5269 = PLANE('',#5270);
#5270 = AXIS2_PLACEMENT_3D('',#5271,#5272,#5273);
#5271 = CARTESIAN_POINT('',(33.21991445179,100.46991445179,14.4));
#5272 = DIRECTION('',(0.,0.,1.));
#5273 = DIRECTION('',(1.,0.,0.));
#5274 = ADVANCED_FACE('',(#5275),#5287,.F.);
#5275 = FACE_BOUND('',#5276,.F.);
#5276 = EDGE_LOOP('',(#5277,#5278,#5285,#5286));
#5277 = ORIENTED_EDGE('',*,*,#1502,.F.);
#5278 = ORIENTED_EDGE('',*,*,#5279,.F.);
#5279 = EDGE_CURVE('',#3038,#1495,#5280,.T.);
#5280 = CIRCLE('',#5281,1.);
#5281 = AXIS2_PLACEMENT_3D('',#5282,#5283,#5284);
#5282 = CARTESIAN_POINT('',(34.,101.25,14.5));
#5283 = DIRECTION('',(0.,0.,1.));
#5284 = DIRECTION('',(1.,0.,0.));
#5285 = ORIENTED_EDGE('',*,*,#3045,.T.);
#5286 = ORIENTED_EDGE('',*,*,#5248,.T.);
#5287 = CYLINDRICAL_SURFACE('',#5288,1.);
#5288 = AXIS2_PLACEMENT_3D('',#5289,#5290,#5291);
#5289 = CARTESIAN_POINT('',(34.,101.25,15.));
#5290 = DIRECTION('',(0.,0.,1.));
#5291 = DIRECTION('',(1.,0.,0.));
#5292 = ADVANCED_FACE('',(#5293),#5318,.F.);
#5293 = FACE_BOUND('',#5294,.T.);
#5294 = EDGE_LOOP('',(#5295,#5303,#5311,#5317));
#5295 = ORIENTED_EDGE('',*,*,#5296,.F.);
#5296 = EDGE_CURVE('',#5297,#1495,#5299,.T.);
#5297 = VERTEX_POINT('',#5298);
#5298 = CARTESIAN_POINT('',(34.,102.75,15.));
#5299 = LINE('',#5300,#5301);
#5300 = CARTESIAN_POINT('',(34.,102.25,14.5));
#5301 = VECTOR('',#5302,1.);
#5302 = DIRECTION('',(-9.93E-15,-0.707106781187,-0.707106781187));
#5303 = ORIENTED_EDGE('',*,*,#5304,.T.);
#5304 = EDGE_CURVE('',#5297,#5305,#5307,.T.);
#5305 = VERTEX_POINT('',#5306);
#5306 = CARTESIAN_POINT('',(6.,102.75,15.));
#5307 = LINE('',#5308,#5309);
#5308 = CARTESIAN_POINT('',(34.,102.75,15.));
#5309 = VECTOR('',#5310,1.);
#5310 = DIRECTION('',(-1.,0.,0.));
#5311 = ORIENTED_EDGE('',*,*,#5312,.T.);
#5312 = EDGE_CURVE('',#5305,#1487,#5313,.T.);
#5313 = LINE('',#5314,#5315);
#5314 = CARTESIAN_POINT('',(6.,102.5,14.75));
#5315 = VECTOR('',#5316,1.);
#5316 = DIRECTION('',(-0.,-0.707106781187,-0.707106781187));
#5317 = ORIENTED_EDGE('',*,*,#1494,.F.);
#5318 = PLANE('',#5319);
#5319 = AXIS2_PLACEMENT_3D('',#5320,#5321,#5322);
#5320 = CARTESIAN_POINT('',(34.,102.5,14.75));
#5321 = DIRECTION('',(0.,0.707106781187,-0.707106781187));
#5322 = DIRECTION('',(1.,0.,0.));
#5323 = ADVANCED_FACE('',(#5324),#5342,.F.);
#5324 = FACE_BOUND('',#5325,.F.);
#5325 = EDGE_LOOP('',(#5326,#5327,#5334,#5335));
#5326 = ORIENTED_EDGE('',*,*,#3278,.F.);
#5327 = ORIENTED_EDGE('',*,*,#5328,.F.);
#5328 = EDGE_CURVE('',#1536,#3271,#5329,.T.);
#5329 = CIRCLE('',#5330,1.);
#5330 = AXIS2_PLACEMENT_3D('',#5331,#5332,#5333);
#5331 = CARTESIAN_POINT('',(6.,6.,14.5));
#5332 = DIRECTION('',(0.,0.,1.));
#5333 = DIRECTION('',(-1.,-8.9E-16,0.));
#5334 = ORIENTED_EDGE('',*,*,#1535,.T.);
#5335 = ORIENTED_EDGE('',*,*,#5336,.T.);
#5336 = EDGE_CURVE('',#1538,#3279,#5337,.T.);
#5337 = CIRCLE('',#5338,1.);
#5338 = AXIS2_PLACEMENT_3D('',#5339,#5340,#5341);
#5339 = CARTESIAN_POINT('',(6.,6.000000000012,12.));
#5340 = DIRECTION('',(0.,0.,1.));
#5341 = DIRECTION('',(1.,0.,0.));
#5342 = CYLINDRICAL_SURFACE('',#5343,1.);
#5343 = AXIS2_PLACEMENT_3D('',#5344,#5345,#5346);
#5344 = CARTESIAN_POINT('',(6.,6.,15.));
#5345 = DIRECTION('',(0.,0.,1.));
#5346 = DIRECTION('',(1.,0.,0.));
#5347 = ADVANCED_FACE('',(#5348,#5360),#5371,.T.);
#5348 = FACE_BOUND('',#5349,.T.);
#5349 = EDGE_LOOP('',(#5350,#5351,#5352,#5353,#5354));
#5350 = ORIENTED_EDGE('',*,*,#1623,.T.);
#5351 = ORIENTED_EDGE('',*,*,#5336,.T.);
#5352 = ORIENTED_EDGE('',*,*,#3286,.T.);
#5353 = ORIENTED_EDGE('',*,*,#3342,.T.);
#5354 = ORIENTED_EDGE('',*,*,#5355,.T.);
#5355 = EDGE_CURVE('',#3335,#1616,#5356,.T.);
#5356 = LINE('',#5357,#5358);
#5357 = CARTESIAN_POINT('',(10.,10.,12.));
#5358 = VECTOR('',#5359,1.);
#5359 = DIRECTION('',(-1.,0.,0.));
#5360 = FACE_BOUND('',#5361,.F.);
#5361 = EDGE_LOOP('',(#5362));
#5362 = ORIENTED_EDGE('',*,*,#5363,.T.);
#5363 = EDGE_CURVE('',#5364,#5364,#5366,.T.);
#5364 = VERTEX_POINT('',#5365);
#5365 = CARTESIAN_POINT('',(9.,7.5,12.));
#5366 = CIRCLE('',#5367,1.5);
#5367 = AXIS2_PLACEMENT_3D('',#5368,#5369,#5370);
#5368 = CARTESIAN_POINT('',(7.5,7.5,12.));
#5369 = DIRECTION('',(0.,0.,1.));
#5370 = DIRECTION('',(1.,0.,0.));
#5371 = PLANE('',#5372);
#5372 = AXIS2_PLACEMENT_3D('',#5373,#5374,#5375);
#5373 = CARTESIAN_POINT('',(20.000000000003,53.625000000011,12.));
#5374 = DIRECTION('',(0.,0.,1.));
#5375 = DIRECTION('',(1.,0.,0.));
#5376 = ADVANCED_FACE('',(#5377),#5388,.F.);
#5377 = FACE_BOUND('',#5378,.F.);
#5378 = EDGE_LOOP('',(#5379,#5385,#5386,#5387));
#5379 = ORIENTED_EDGE('',*,*,#5380,.T.);
#5380 = EDGE_CURVE('',#1608,#3327,#5381,.T.);
#5381 = LINE('',#5382,#5383);
#5382 = CARTESIAN_POINT('',(5.,10.,8.));
#5383 = VECTOR('',#5384,1.);
#5384 = DIRECTION('',(1.,0.,0.));
#5385 = ORIENTED_EDGE('',*,*,#3334,.T.);
#5386 = ORIENTED_EDGE('',*,*,#5355,.T.);
#5387 = ORIENTED_EDGE('',*,*,#1615,.F.);
#5388 = PLANE('',#5389);
#5389 = AXIS2_PLACEMENT_3D('',#5390,#5391,#5392);
#5390 = CARTESIAN_POINT('',(10.,10.,5.));
#5391 = DIRECTION('',(0.,-1.,0.));
#5392 = DIRECTION('',(-1.,0.,0.));
#5393 = ADVANCED_FACE('',(#5394),#5400,.T.);
#5394 = FACE_BOUND('',#5395,.T.);
#5395 = EDGE_LOOP('',(#5396,#5397,#5398,#5399));
#5396 = ORIENTED_EDGE('',*,*,#1607,.T.);
#5397 = ORIENTED_EDGE('',*,*,#5380,.T.);
#5398 = ORIENTED_EDGE('',*,*,#3326,.T.);
#5399 = ORIENTED_EDGE('',*,*,#3381,.T.);
#5400 = PLANE('',#5401);
#5401 = AXIS2_PLACEMENT_3D('',#5402,#5403,#5404);
#5402 = CARTESIAN_POINT('',(20.,58.595998696763,8.));
#5403 = DIRECTION('',(0.,0.,1.));
#5404 = DIRECTION('',(1.,0.,0.));
#5405 = ADVANCED_FACE('',(#5406,#5412),#5423,.T.);
#5406 = FACE_BOUND('',#5407,.T.);
#5407 = EDGE_LOOP('',(#5408,#5409,#5410,#5411));
#5408 = ORIENTED_EDGE('',*,*,#1584,.T.);
#5409 = ORIENTED_EDGE('',*,*,#3422,.T.);
#5410 = ORIENTED_EDGE('',*,*,#3405,.T.);
#5411 = ORIENTED_EDGE('',*,*,#3364,.T.);
#5412 = FACE_BOUND('',#5413,.F.);
#5413 = EDGE_LOOP('',(#5414));
#5414 = ORIENTED_EDGE('',*,*,#5415,.T.);
#5415 = EDGE_CURVE('',#5416,#5416,#5418,.T.);
#5416 = VERTEX_POINT('',#5417);
#5417 = CARTESIAN_POINT('',(9.,65.75,8.));
#5418 = CIRCLE('',#5419,1.5);
#5419 = AXIS2_PLACEMENT_3D('',#5420,#5421,#5422);
#5420 = CARTESIAN_POINT('',(7.5,65.75,8.));
#5421 = DIRECTION('',(0.,0.,1.));
#5422 = DIRECTION('',(1.,0.,0.));
#5423 = PLANE('',#5424);
#5424 = AXIS2_PLACEMENT_3D('',#5425,#5426,#5427);
#5425 = CARTESIAN_POINT('',(20.,58.595998696763,8.));
#5426 = DIRECTION('',(0.,0.,1.));
#5427 = DIRECTION('',(1.,0.,0.));
#5428 = ADVANCED_FACE('',(#5429),#5454,.F.);
#5429 = FACE_BOUND('',#5430,.T.);
#5430 = EDGE_LOOP('',(#5431,#5439,#5447,#5453));
#5431 = ORIENTED_EDGE('',*,*,#5432,.F.);
#5432 = EDGE_CURVE('',#5433,#1546,#5435,.T.);
#5433 = VERTEX_POINT('',#5434);
#5434 = CARTESIAN_POINT('',(4.5,101.25,15.));
#5435 = LINE('',#5436,#5437);
#5436 = CARTESIAN_POINT('',(4.75,101.25,14.75));
#5437 = VECTOR('',#5438,1.);
#5438 = DIRECTION('',(0.707106781187,0.,-0.707106781187));
#5439 = ORIENTED_EDGE('',*,*,#5440,.T.);
#5440 = EDGE_CURVE('',#5433,#5441,#5443,.T.);
#5441 = VERTEX_POINT('',#5442);
#5442 = CARTESIAN_POINT('',(4.5,6.,15.));
#5443 = LINE('',#5444,#5445);
#5444 = CARTESIAN_POINT('',(4.5,101.25,15.));
#5445 = VECTOR('',#5446,1.);
#5446 = DIRECTION('',(0.,-1.,0.));
#5447 = ORIENTED_EDGE('',*,*,#5448,.T.);
#5448 = EDGE_CURVE('',#5441,#1536,#5449,.T.);
#5449 = LINE('',#5450,#5451);
#5450 = CARTESIAN_POINT('',(4.75,6.,14.75));
#5451 = VECTOR('',#5452,1.);
#5452 = DIRECTION('',(0.707106781187,0.,-0.707106781187));
#5453 = ORIENTED_EDGE('',*,*,#1545,.F.);
#5454 = PLANE('',#5455);
#5455 = AXIS2_PLACEMENT_3D('',#5456,#5457,#5458);
#5456 = CARTESIAN_POINT('',(4.75,101.25,14.75));
#5457 = DIRECTION('',(-0.707106781187,0.,-0.707106781187));
#5458 = DIRECTION('',(0.,1.,0.));
#5459 = ADVANCED_FACE('',(#5460),#5485,.F.);
#5460 = FACE_BOUND('',#5461,.F.);
#5461 = EDGE_LOOP('',(#5462,#5470,#5478,#5484));
#5462 = ORIENTED_EDGE('',*,*,#5463,.F.);
#5463 = EDGE_CURVE('',#5464,#1658,#5466,.T.);
#5464 = VERTEX_POINT('',#5465);
#5465 = CARTESIAN_POINT('',(2.,75.4,14.5));
#5466 = LINE('',#5467,#5468);
#5467 = CARTESIAN_POINT('',(2.,75.4,15.));
#5468 = VECTOR('',#5469,1.);
#5469 = DIRECTION('',(-0.,-0.,-1.));
#5470 = ORIENTED_EDGE('',*,*,#5471,.F.);
#5471 = EDGE_CURVE('',#5472,#5464,#5474,.T.);
#5472 = VERTEX_POINT('',#5473);
#5473 = CARTESIAN_POINT('',(2.,90.6,14.5));
#5474 = LINE('',#5475,#5476);
#5475 = CARTESIAN_POINT('',(2.,90.6,14.5));
#5476 = VECTOR('',#5477,1.);
#5477 = DIRECTION('',(0.,-1.,0.));
#5478 = ORIENTED_EDGE('',*,*,#5479,.T.);
#5479 = EDGE_CURVE('',#5472,#1656,#5480,.T.);
#5480 = LINE('',#5481,#5482);
#5481 = CARTESIAN_POINT('',(2.,90.6,15.));
#5482 = VECTOR('',#5483,1.);
#5483 = DIRECTION('',(-0.,-0.,-1.));
#5484 = ORIENTED_EDGE('',*,*,#1655,.T.);
#5485 = PLANE('',#5486);
#5486 = AXIS2_PLACEMENT_3D('',#5487,#5488,#5489);
#5487 = CARTESIAN_POINT('',(2.,90.6,15.));
#5488 = DIRECTION('',(-1.,0.,0.));
#5489 = DIRECTION('',(0.,-1.,0.));
#5490 = ADVANCED_FACE('',(#5491),#5510,.F.);
#5491 = FACE_BOUND('',#5492,.F.);
#5492 = EDGE_LOOP('',(#5493,#5501,#5508,#5509));
#5493 = ORIENTED_EDGE('',*,*,#5494,.F.);
#5494 = EDGE_CURVE('',#5495,#1709,#5497,.T.);
#5495 = VERTEX_POINT('',#5496);
#5496 = CARTESIAN_POINT('',(2.4,75.,14.5));
#5497 = LINE('',#5498,#5499);
#5498 = CARTESIAN_POINT('',(2.4,75.,15.));
#5499 = VECTOR('',#5500,1.);
#5500 = DIRECTION('',(-0.,-0.,-1.));
#5501 = ORIENTED_EDGE('',*,*,#5502,.F.);
#5502 = EDGE_CURVE('',#5464,#5495,#5503,.T.);
#5503 = CIRCLE('',#5504,0.4);
#5504 = AXIS2_PLACEMENT_3D('',#5505,#5506,#5507);
#5505 = CARTESIAN_POINT('',(2.4,75.4,14.5));
#5506 = DIRECTION('',(0.,0.,1.));
#5507 = DIRECTION('',(-1.,0.,0.));
#5508 = ORIENTED_EDGE('',*,*,#5463,.T.);
#5509 = ORIENTED_EDGE('',*,*,#1716,.T.);
#5510 = CYLINDRICAL_SURFACE('',#5511,0.4);
#5511 = AXIS2_PLACEMENT_3D('',#5512,#5513,#5514);
#5512 = CARTESIAN_POINT('',(2.4,75.4,15.));
#5513 = DIRECTION('',(0.,0.,1.));
#5514 = DIRECTION('',(1.,0.,0.));
#5515 = ADVANCED_FACE('',(#5516),#5534,.F.);
#5516 = FACE_BOUND('',#5517,.F.);
#5517 = EDGE_LOOP('',(#5518,#5526,#5532,#5533));
#5518 = ORIENTED_EDGE('',*,*,#5519,.F.);
#5519 = EDGE_CURVE('',#5520,#1700,#5522,.T.);
#5520 = VERTEX_POINT('',#5521);
#5521 = CARTESIAN_POINT('',(2.6,75.,14.5));
#5522 = LINE('',#5523,#5524);
#5523 = CARTESIAN_POINT('',(2.6,75.,15.));
#5524 = VECTOR('',#5525,1.);
#5525 = DIRECTION('',(-0.,-0.,-1.));
#5526 = ORIENTED_EDGE('',*,*,#5527,.F.);
#5527 = EDGE_CURVE('',#5495,#5520,#5528,.T.);
#5528 = LINE('',#5529,#5530);
#5529 = CARTESIAN_POINT('',(2.4,75.,14.5));
#5530 = VECTOR('',#5531,1.);
#5531 = DIRECTION('',(1.,0.,0.));
#5532 = ORIENTED_EDGE('',*,*,#5494,.T.);
#5533 = ORIENTED_EDGE('',*,*,#1708,.T.);
#5534 = PLANE('',#5535);
#5535 = AXIS2_PLACEMENT_3D('',#5536,#5537,#5538);
#5536 = CARTESIAN_POINT('',(2.4,75.,15.));
#5537 = DIRECTION('',(0.,-1.,0.));
#5538 = DIRECTION('',(1.,0.,0.));
#5539 = ADVANCED_FACE('',(#5540),#5559,.F.);
#5540 = FACE_BOUND('',#5541,.F.);
#5541 = EDGE_LOOP('',(#5542,#5550,#5557,#5558));
#5542 = ORIENTED_EDGE('',*,*,#5543,.F.);
#5543 = EDGE_CURVE('',#5544,#1692,#5546,.T.);
#5544 = VERTEX_POINT('',#5545);
#5545 = CARTESIAN_POINT('',(3.,75.4,14.5));
#5546 = LINE('',#5547,#5548);
#5547 = CARTESIAN_POINT('',(3.,75.4,15.));
#5548 = VECTOR('',#5549,1.);
#5549 = DIRECTION('',(-0.,-0.,-1.));
#5550 = ORIENTED_EDGE('',*,*,#5551,.F.);
#5551 = EDGE_CURVE('',#5520,#5544,#5552,.T.);
#5552 = CIRCLE('',#5553,0.4);
#5553 = AXIS2_PLACEMENT_3D('',#5554,#5555,#5556);
#5554 = CARTESIAN_POINT('',(2.6,75.4,14.5));
#5555 = DIRECTION('',(-0.,0.,1.));
#5556 = DIRECTION('',(1.443E-14,-1.,0.));
#5557 = ORIENTED_EDGE('',*,*,#5519,.T.);
#5558 = ORIENTED_EDGE('',*,*,#1699,.T.);
#5559 = CYLINDRICAL_SURFACE('',#5560,0.4);
#5560 = AXIS2_PLACEMENT_3D('',#5561,#5562,#5563);
#5561 = CARTESIAN_POINT('',(2.6,75.4,15.));
#5562 = DIRECTION('',(0.,0.,1.));
#5563 = DIRECTION('',(1.,0.,0.));
#5564 = ADVANCED_FACE('',(#5565),#5583,.F.);
#5565 = FACE_BOUND('',#5566,.F.);
#5566 = EDGE_LOOP('',(#5567,#5575,#5581,#5582));
#5567 = ORIENTED_EDGE('',*,*,#5568,.F.);
#5568 = EDGE_CURVE('',#5569,#1683,#5571,.T.);
#5569 = VERTEX_POINT('',#5570);
#5570 = CARTESIAN_POINT('',(3.,90.6,14.5));
#5571 = LINE('',#5572,#5573);
#5572 = CARTESIAN_POINT('',(3.,90.6,15.));
#5573 = VECTOR('',#5574,1.);
#5574 = DIRECTION('',(-0.,-0.,-1.));
#5575 = ORIENTED_EDGE('',*,*,#5576,.F.);
#5576 = EDGE_CURVE('',#5544,#5569,#5577,.T.);
#5577 = LINE('',#5578,#5579);
#5578 = CARTESIAN_POINT('',(3.,75.4,14.5));
#5579 = VECTOR('',#5580,1.);
#5580 = DIRECTION('',(0.,1.,0.));
#5581 = ORIENTED_EDGE('',*,*,#5543,.T.);
#5582 = ORIENTED_EDGE('',*,*,#1691,.T.);
#5583 = PLANE('',#5584);
#5584 = AXIS2_PLACEMENT_3D('',#5585,#5586,#5587);
#5585 = CARTESIAN_POINT('',(3.,75.4,15.));
#5586 = DIRECTION('',(1.,0.,0.));
#5587 = DIRECTION('',(0.,1.,0.));
#5588 = ADVANCED_FACE('',(#5589),#5608,.F.);
#5589 = FACE_BOUND('',#5590,.F.);
#5590 = EDGE_LOOP('',(#5591,#5599,#5606,#5607));
#5591 = ORIENTED_EDGE('',*,*,#5592,.F.);
#5592 = EDGE_CURVE('',#5593,#1675,#5595,.T.);
#5593 = VERTEX_POINT('',#5594);
#5594 = CARTESIAN_POINT('',(2.6,91.,14.5));
#5595 = LINE('',#5596,#5597);
#5596 = CARTESIAN_POINT('',(2.6,91.,15.));
#5597 = VECTOR('',#5598,1.);
#5598 = DIRECTION('',(-0.,-0.,-1.));
#5599 = ORIENTED_EDGE('',*,*,#5600,.F.);
#5600 = EDGE_CURVE('',#5569,#5593,#5601,.T.);
#5601 = CIRCLE('',#5602,0.4);
#5602 = AXIS2_PLACEMENT_3D('',#5603,#5604,#5605);
#5603 = CARTESIAN_POINT('',(2.6,90.6,14.5));
#5604 = DIRECTION('',(0.,0.,1.));
#5605 = DIRECTION('',(1.,0.,0.));
#5606 = ORIENTED_EDGE('',*,*,#5568,.T.);
#5607 = ORIENTED_EDGE('',*,*,#1682,.T.);
#5608 = CYLINDRICAL_SURFACE('',#5609,0.4);
#5609 = AXIS2_PLACEMENT_3D('',#5610,#5611,#5612);
#5610 = CARTESIAN_POINT('',(2.6,90.6,15.));
#5611 = DIRECTION('',(0.,0.,1.));
#5612 = DIRECTION('',(1.,0.,0.));
#5613 = ADVANCED_FACE('',(#5614),#5632,.F.);
#5614 = FACE_BOUND('',#5615,.F.);
#5615 = EDGE_LOOP('',(#5616,#5624,#5630,#5631));
#5616 = ORIENTED_EDGE('',*,*,#5617,.F.);
#5617 = EDGE_CURVE('',#5618,#1666,#5620,.T.);
#5618 = VERTEX_POINT('',#5619);
#5619 = CARTESIAN_POINT('',(2.4,91.,14.5));
#5620 = LINE('',#5621,#5622);
#5621 = CARTESIAN_POINT('',(2.4,91.,15.));
#5622 = VECTOR('',#5623,1.);
#5623 = DIRECTION('',(-0.,-0.,-1.));
#5624 = ORIENTED_EDGE('',*,*,#5625,.F.);
#5625 = EDGE_CURVE('',#5593,#5618,#5626,.T.);
#5626 = LINE('',#5627,#5628);
#5627 = CARTESIAN_POINT('',(2.6,91.,14.5));
#5628 = VECTOR('',#5629,1.);
#5629 = DIRECTION('',(-1.,0.,0.));
#5630 = ORIENTED_EDGE('',*,*,#5592,.T.);
#5631 = ORIENTED_EDGE('',*,*,#1674,.T.);
#5632 = PLANE('',#5633);
#5633 = AXIS2_PLACEMENT_3D('',#5634,#5635,#5636);
#5634 = CARTESIAN_POINT('',(2.6,91.,15.));
#5635 = DIRECTION('',(0.,1.,0.));
#5636 = DIRECTION('',(-1.,0.,0.));
#5637 = ADVANCED_FACE('',(#5638),#5650,.F.);
#5638 = FACE_BOUND('',#5639,.F.);
#5639 = EDGE_LOOP('',(#5640,#5641,#5648,#5649));
#5640 = ORIENTED_EDGE('',*,*,#5479,.F.);
#5641 = ORIENTED_EDGE('',*,*,#5642,.F.);
#5642 = EDGE_CURVE('',#5618,#5472,#5643,.T.);
#5643 = CIRCLE('',#5644,0.4);
#5644 = AXIS2_PLACEMENT_3D('',#5645,#5646,#5647);
#5645 = CARTESIAN_POINT('',(2.4,90.6,14.5));
#5646 = DIRECTION('',(0.,0.,1.));
#5647 = DIRECTION('',(-1.443E-14,1.,0.));
#5648 = ORIENTED_EDGE('',*,*,#5617,.T.);
#5649 = ORIENTED_EDGE('',*,*,#1665,.T.);
#5650 = CYLINDRICAL_SURFACE('',#5651,0.4);
#5651 = AXIS2_PLACEMENT_3D('',#5652,#5653,#5654);
#5652 = CARTESIAN_POINT('',(2.4,90.6,15.));
#5653 = DIRECTION('',(0.,0.,1.));
#5654 = DIRECTION('',(1.,0.,0.));
#5655 = ADVANCED_FACE('',(#5656),#5681,.F.);
#5656 = FACE_BOUND('',#5657,.F.);
#5657 = EDGE_LOOP('',(#5658,#5666,#5667,#5675));
#5658 = ORIENTED_EDGE('',*,*,#5659,.F.);
#5659 = EDGE_CURVE('',#1745,#5660,#5662,.T.);
#5660 = VERTEX_POINT('',#5661);
#5661 = CARTESIAN_POINT('',(0.5,80.75,6.8));
#5662 = LINE('',#5663,#5664);
#5663 = CARTESIAN_POINT('',(1.75,80.75,6.8));
#5664 = VECTOR('',#5665,1.);
#5665 = DIRECTION('',(-1.,-0.,-0.));
#5666 = ORIENTED_EDGE('',*,*,#1742,.F.);
#5667 = ORIENTED_EDGE('',*,*,#5668,.T.);
#5668 = EDGE_CURVE('',#1743,#5669,#5671,.T.);
#5669 = VERTEX_POINT('',#5670);
#5670 = CARTESIAN_POINT('',(0.5,80.75,8.2));
#5671 = LINE('',#5672,#5673);
#5672 = CARTESIAN_POINT('',(1.75,80.75,8.2));
#5673 = VECTOR('',#5674,1.);
#5674 = DIRECTION('',(-1.,-0.,-0.));
#5675 = ORIENTED_EDGE('',*,*,#5676,.T.);
#5676 = EDGE_CURVE('',#5669,#5660,#5677,.T.);
#5677 = LINE('',#5678,#5679);
#5678 = CARTESIAN_POINT('',(0.5,80.75,8.2));
#5679 = VECTOR('',#5680,1.);
#5680 = DIRECTION('',(0.,0.,-1.));
#5681 = PLANE('',#5682);
#5682 = AXIS2_PLACEMENT_3D('',#5683,#5684,#5685);
#5683 = CARTESIAN_POINT('',(1.75,80.75,8.2));
#5684 = DIRECTION('',(0.,-1.,0.));
#5685 = DIRECTION('',(0.,0.,-1.));
#5686 = ADVANCED_FACE('',(#5687),#5706,.F.);
#5687 = FACE_BOUND('',#5688,.F.);
#5688 = EDGE_LOOP('',(#5689,#5690,#5691,#5699));
#5689 = ORIENTED_EDGE('',*,*,#5668,.F.);
#5690 = ORIENTED_EDGE('',*,*,#1752,.F.);
#5691 = ORIENTED_EDGE('',*,*,#5692,.T.);
#5692 = EDGE_CURVE('',#1753,#5693,#5695,.T.);
#5693 = VERTEX_POINT('',#5694);
#5694 = CARTESIAN_POINT('',(0.5,81.55,9.));
#5695 = LINE('',#5696,#5697);
#5696 = CARTESIAN_POINT('',(1.75,81.55,9.));
#5697 = VECTOR('',#5698,1.);
#5698 = DIRECTION('',(-1.,-0.,-0.));
#5699 = ORIENTED_EDGE('',*,*,#5700,.T.);
#5700 = EDGE_CURVE('',#5693,#5669,#5701,.T.);
#5701 = CIRCLE('',#5702,0.8);
#5702 = AXIS2_PLACEMENT_3D('',#5703,#5704,#5705);
#5703 = CARTESIAN_POINT('',(0.5,81.55,8.2));
#5704 = DIRECTION('',(1.,0.,-0.));
#5705 = DIRECTION('',(0.,0.,1.));
#5706 = CYLINDRICAL_SURFACE('',#5707,0.8);
#5707 = AXIS2_PLACEMENT_3D('',#5708,#5709,#5710);
#5708 = CARTESIAN_POINT('',(1.75,81.55,8.2));
#5709 = DIRECTION('',(1.,0.,0.));
#5710 = DIRECTION('',(0.,1.,0.));
#5711 = ADVANCED_FACE('',(#5712),#5731,.F.);
#5712 = FACE_BOUND('',#5713,.F.);
#5713 = EDGE_LOOP('',(#5714,#5722,#5723,#5724));
#5714 = ORIENTED_EDGE('',*,*,#5715,.F.);
#5715 = EDGE_CURVE('',#1796,#5716,#5718,.T.);
#5716 = VERTEX_POINT('',#5717);
#5717 = CARTESIAN_POINT('',(0.5,81.55,6.));
#5718 = LINE('',#5719,#5720);
#5719 = CARTESIAN_POINT('',(1.75,81.55,6.));
#5720 = VECTOR('',#5721,1.);
#5721 = DIRECTION('',(-1.,-0.,-0.));
#5722 = ORIENTED_EDGE('',*,*,#1803,.F.);
#5723 = ORIENTED_EDGE('',*,*,#5659,.T.);
#5724 = ORIENTED_EDGE('',*,*,#5725,.T.);
#5725 = EDGE_CURVE('',#5660,#5716,#5726,.T.);
#5726 = CIRCLE('',#5727,0.8);
#5727 = AXIS2_PLACEMENT_3D('',#5728,#5729,#5730);
#5728 = CARTESIAN_POINT('',(0.5,81.55,6.8));
#5729 = DIRECTION('',(1.,0.,0.));
#5730 = DIRECTION('',(0.,-1.,0.));
#5731 = CYLINDRICAL_SURFACE('',#5732,0.8);
#5732 = AXIS2_PLACEMENT_3D('',#5733,#5734,#5735);
#5733 = CARTESIAN_POINT('',(1.75,81.55,6.8));
#5734 = DIRECTION('',(1.,0.,0.));
#5735 = DIRECTION('',(0.,1.,0.));
#5736 = ADVANCED_FACE('',(#5737),#5755,.F.);
#5737 = FACE_BOUND('',#5738,.F.);
#5738 = EDGE_LOOP('',(#5739,#5740,#5741,#5749));
#5739 = ORIENTED_EDGE('',*,*,#5692,.F.);
#5740 = ORIENTED_EDGE('',*,*,#1761,.F.);
#5741 = ORIENTED_EDGE('',*,*,#5742,.T.);
#5742 = EDGE_CURVE('',#1762,#5743,#5745,.T.);
#5743 = VERTEX_POINT('',#5744);
#5744 = CARTESIAN_POINT('',(0.5,87.45,9.));
#5745 = LINE('',#5746,#5747);
#5746 = CARTESIAN_POINT('',(1.75,87.45,9.));
#5747 = VECTOR('',#5748,1.);
#5748 = DIRECTION('',(-1.,-0.,-0.));
#5749 = ORIENTED_EDGE('',*,*,#5750,.T.);
#5750 = EDGE_CURVE('',#5743,#5693,#5751,.T.);
#5751 = LINE('',#5752,#5753);
#5752 = CARTESIAN_POINT('',(0.5,87.45,9.));
#5753 = VECTOR('',#5754,1.);
#5754 = DIRECTION('',(0.,-1.,0.));
#5755 = PLANE('',#5756);
#5756 = AXIS2_PLACEMENT_3D('',#5757,#5758,#5759);
#5757 = CARTESIAN_POINT('',(1.75,87.45,9.));
#5758 = DIRECTION('',(0.,0.,1.));
#5759 = DIRECTION('',(0.,-1.,0.));
#5760 = ADVANCED_FACE('',(#5761),#5779,.F.);
#5761 = FACE_BOUND('',#5762,.F.);
#5762 = EDGE_LOOP('',(#5763,#5771,#5772,#5773));
#5763 = ORIENTED_EDGE('',*,*,#5764,.F.);
#5764 = EDGE_CURVE('',#1787,#5765,#5767,.T.);
#5765 = VERTEX_POINT('',#5766);
#5766 = CARTESIAN_POINT('',(0.5,87.45,6.));
#5767 = LINE('',#5768,#5769);
#5768 = CARTESIAN_POINT('',(1.75,87.45,6.));
#5769 = VECTOR('',#5770,1.);
#5770 = DIRECTION('',(-1.,-0.,-0.));
#5771 = ORIENTED_EDGE('',*,*,#1795,.F.);
#5772 = ORIENTED_EDGE('',*,*,#5715,.T.);
#5773 = ORIENTED_EDGE('',*,*,#5774,.T.);
#5774 = EDGE_CURVE('',#5716,#5765,#5775,.T.);
#5775 = LINE('',#5776,#5777);
#5776 = CARTESIAN_POINT('',(0.5,81.55,6.));
#5777 = VECTOR('',#5778,1.);
#5778 = DIRECTION('',(0.,1.,0.));
#5779 = PLANE('',#5780);
#5780 = AXIS2_PLACEMENT_3D('',#5781,#5782,#5783);
#5781 = CARTESIAN_POINT('',(1.75,81.55,6.));
#5782 = DIRECTION('',(0.,0.,-1.));
#5783 = DIRECTION('',(0.,1.,0.));
#5784 = ADVANCED_FACE('',(#5785),#5804,.F.);
#5785 = FACE_BOUND('',#5786,.F.);
#5786 = EDGE_LOOP('',(#5787,#5788,#5789,#5797));
#5787 = ORIENTED_EDGE('',*,*,#5742,.F.);
#5788 = ORIENTED_EDGE('',*,*,#1769,.F.);
#5789 = ORIENTED_EDGE('',*,*,#5790,.T.);
#5790 = EDGE_CURVE('',#1770,#5791,#5793,.T.);
#5791 = VERTEX_POINT('',#5792);
#5792 = CARTESIAN_POINT('',(0.5,88.25,8.2));
#5793 = LINE('',#5794,#5795);
#5794 = CARTESIAN_POINT('',(1.75,88.25,8.2));
#5795 = VECTOR('',#5796,1.);
#5796 = DIRECTION('',(-1.,-0.,-0.));
#5797 = ORIENTED_EDGE('',*,*,#5798,.T.);
#5798 = EDGE_CURVE('',#5791,#5743,#5799,.T.);
#5799 = CIRCLE('',#5800,0.8);
#5800 = AXIS2_PLACEMENT_3D('',#5801,#5802,#5803);
#5801 = CARTESIAN_POINT('',(0.5,87.45,8.2));
#5802 = DIRECTION('',(1.,0.,0.));
#5803 = DIRECTION('',(0.,1.,0.));
#5804 = CYLINDRICAL_SURFACE('',#5805,0.8);
#5805 = AXIS2_PLACEMENT_3D('',#5806,#5807,#5808);
#5806 = CARTESIAN_POINT('',(1.75,87.45,8.2));
#5807 = DIRECTION('',(1.,0.,0.));
#5808 = DIRECTION('',(0.,1.,0.));
#5809 = ADVANCED_FACE('',(#5810),#5829,.F.);
#5810 = FACE_BOUND('',#5811,.F.);
#5811 = EDGE_LOOP('',(#5812,#5820,#5821,#5822));
#5812 = ORIENTED_EDGE('',*,*,#5813,.F.);
#5813 = EDGE_CURVE('',#1779,#5814,#5816,.T.);
#5814 = VERTEX_POINT('',#5815);
#5815 = CARTESIAN_POINT('',(0.5,88.25,6.8));
#5816 = LINE('',#5817,#5818);
#5817 = CARTESIAN_POINT('',(1.75,88.25,6.8));
#5818 = VECTOR('',#5819,1.);
#5819 = DIRECTION('',(-1.,-0.,-0.));
#5820 = ORIENTED_EDGE('',*,*,#1786,.F.);
#5821 = ORIENTED_EDGE('',*,*,#5764,.T.);
#5822 = ORIENTED_EDGE('',*,*,#5823,.T.);
#5823 = EDGE_CURVE('',#5765,#5814,#5824,.T.);
#5824 = CIRCLE('',#5825,0.8);
#5825 = AXIS2_PLACEMENT_3D('',#5826,#5827,#5828);
#5826 = CARTESIAN_POINT('',(0.5,87.45,6.8));
#5827 = DIRECTION('',(1.,-0.,0.));
#5828 = DIRECTION('',(0.,0.,-1.));
#5829 = CYLINDRICAL_SURFACE('',#5830,0.8);
#5830 = AXIS2_PLACEMENT_3D('',#5831,#5832,#5833);
#5831 = CARTESIAN_POINT('',(1.75,87.45,6.8));
#5832 = DIRECTION('',(1.,0.,0.));
#5833 = DIRECTION('',(0.,1.,0.));
#5834 = ADVANCED_FACE('',(#5835),#5846,.F.);
#5835 = FACE_BOUND('',#5836,.F.);
#5836 = EDGE_LOOP('',(#5837,#5838,#5839,#5840));
#5837 = ORIENTED_EDGE('',*,*,#5790,.F.);
#5838 = ORIENTED_EDGE('',*,*,#1778,.F.);
#5839 = ORIENTED_EDGE('',*,*,#5813,.T.);
#5840 = ORIENTED_EDGE('',*,*,#5841,.T.);
#5841 = EDGE_CURVE('',#5814,#5791,#5842,.T.);
#5842 = LINE('',#5843,#5844);
#5843 = CARTESIAN_POINT('',(0.5,88.25,6.8));
#5844 = VECTOR('',#5845,1.);
#5845 = DIRECTION('',(0.,0.,1.));
#5846 = PLANE('',#5847);
#5847 = AXIS2_PLACEMENT_3D('',#5848,#5849,#5850);
#5848 = CARTESIAN_POINT('',(1.75,88.25,6.8));
#5849 = DIRECTION('',(0.,1.,0.));
#5850 = DIRECTION('',(0.,0.,1.));
#5851 = ADVANCED_FACE('',(#5852),#5871,.F.);
#5852 = FACE_BOUND('',#5853,.F.);
#5853 = EDGE_LOOP('',(#5854,#5855,#5863,#5870));
#5854 = ORIENTED_EDGE('',*,*,#1812,.F.);
#5855 = ORIENTED_EDGE('',*,*,#5856,.T.);
#5856 = EDGE_CURVE('',#1813,#5857,#5859,.T.);
#5857 = VERTEX_POINT('',#5858);
#5858 = CARTESIAN_POINT('',(0.,77.5,7.5));
#5859 = LINE('',#5860,#5861);
#5860 = CARTESIAN_POINT('',(1.75,77.5,7.5));
#5861 = VECTOR('',#5862,1.);
#5862 = DIRECTION('',(-1.,-0.,-0.));
#5863 = ORIENTED_EDGE('',*,*,#5864,.T.);
#5864 = EDGE_CURVE('',#5857,#5857,#5865,.T.);
#5865 = CIRCLE('',#5866,0.5);
#5866 = AXIS2_PLACEMENT_3D('',#5867,#5868,#5869);
#5867 = CARTESIAN_POINT('',(0.,77.,7.5));
#5868 = DIRECTION('',(1.,0.,0.));
#5869 = DIRECTION('',(0.,1.,0.));
#5870 = ORIENTED_EDGE('',*,*,#5856,.F.);
#5871 = CYLINDRICAL_SURFACE('',#5872,0.5);
#5872 = AXIS2_PLACEMENT_3D('',#5873,#5874,#5875);
#5873 = CARTESIAN_POINT('',(1.75,77.,7.5));
#5874 = DIRECTION('',(1.,0.,0.));
#5875 = DIRECTION('',(0.,1.,0.));
#5876 = ADVANCED_FACE('',(#5877),#5889,.F.);
#5877 = FACE_BOUND('',#5878,.T.);
#5878 = EDGE_LOOP('',(#5879,#5880,#5887,#5888));
#5879 = ORIENTED_EDGE('',*,*,#5312,.F.);
#5880 = ORIENTED_EDGE('',*,*,#5881,.T.);
#5881 = EDGE_CURVE('',#5305,#5433,#5882,.T.);
#5882 = CIRCLE('',#5883,1.5);
#5883 = AXIS2_PLACEMENT_3D('',#5884,#5885,#5886);
#5884 = CARTESIAN_POINT('',(6.,101.25,15.));
#5885 = DIRECTION('',(0.,-0.,1.));
#5886 = DIRECTION('',(0.,1.,0.));
#5887 = ORIENTED_EDGE('',*,*,#5432,.T.);
#5888 = ORIENTED_EDGE('',*,*,#1842,.F.);
#5889 = CONICAL_SURFACE('',#5890,1.,0.785398163397);
#5890 = AXIS2_PLACEMENT_3D('',#5891,#5892,#5893);
#5891 = CARTESIAN_POINT('',(6.,101.25,14.5));
#5892 = DIRECTION('',(0.,0.,1.));
#5893 = DIRECTION('',(0.,1.,0.));
#5894 = ADVANCED_FACE('',(#5895,#5901),#5971,.F.);
#5895 = FACE_BOUND('',#5896,.F.);
#5896 = EDGE_LOOP('',(#5897,#5898,#5899,#5900));
#5897 = ORIENTED_EDGE('',*,*,#1988,.T.);
#5898 = ORIENTED_EDGE('',*,*,#1947,.T.);
#5899 = ORIENTED_EDGE('',*,*,#1859,.F.);
#5900 = ORIENTED_EDGE('',*,*,#1921,.F.);
#5901 = FACE_BOUND('',#5902,.F.);
#5902 = EDGE_LOOP('',(#5903,#5913,#5922,#5930,#5939,#5947,#5956,#5964));
#5903 = ORIENTED_EDGE('',*,*,#5904,.F.);
#5904 = EDGE_CURVE('',#5905,#5907,#5909,.T.);
#5905 = VERTEX_POINT('',#5906);
#5906 = CARTESIAN_POINT('',(329.75,90.6,11.6));
#5907 = VERTEX_POINT('',#5908);
#5908 = CARTESIAN_POINT('',(329.75,75.4,11.6));
#5909 = LINE('',#5910,#5911);
#5910 = CARTESIAN_POINT('',(329.75,81.925,11.6));
#5911 = VECTOR('',#5912,1.);
#5912 = DIRECTION('',(0.,-1.,0.));
#5913 = ORIENTED_EDGE('',*,*,#5914,.F.);
#5914 = EDGE_CURVE('',#5915,#5905,#5917,.T.);
#5915 = VERTEX_POINT('',#5916);
#5916 = CARTESIAN_POINT('',(330.15,91.,11.6));
#5917 = CIRCLE('',#5918,0.4);
#5918 = AXIS2_PLACEMENT_3D('',#5919,#5920,#5921);
#5919 = CARTESIAN_POINT('',(330.15,90.6,11.6));
#5920 = DIRECTION('',(0.,0.,1.));
#5921 = DIRECTION('',(1.,0.,0.));
#5922 = ORIENTED_EDGE('',*,*,#5923,.F.);
#5923 = EDGE_CURVE('',#5924,#5915,#5926,.T.);
#5924 = VERTEX_POINT('',#5925);
#5925 = CARTESIAN_POINT('',(330.35,91.,11.6));
#5926 = LINE('',#5927,#5928);
#5927 = CARTESIAN_POINT('',(329.05,91.,11.6));
#5928 = VECTOR('',#5929,1.);
#5929 = DIRECTION('',(-1.,0.,0.));
#5930 = ORIENTED_EDGE('',*,*,#5931,.F.);
#5931 = EDGE_CURVE('',#5932,#5924,#5934,.T.);
#5932 = VERTEX_POINT('',#5933);
#5933 = CARTESIAN_POINT('',(330.75,90.6,11.6));
#5934 = CIRCLE('',#5935,0.4);
#5935 = AXIS2_PLACEMENT_3D('',#5936,#5937,#5938);
#5936 = CARTESIAN_POINT('',(330.35,90.6,11.6));
#5937 = DIRECTION('',(0.,0.,1.));
#5938 = DIRECTION('',(1.,0.,0.));
#5939 = ORIENTED_EDGE('',*,*,#5940,.F.);
#5940 = EDGE_CURVE('',#5941,#5932,#5943,.T.);
#5941 = VERTEX_POINT('',#5942);
#5942 = CARTESIAN_POINT('',(330.75,75.4,11.6));
#5943 = LINE('',#5944,#5945);
#5944 = CARTESIAN_POINT('',(330.75,74.325,11.6));
#5945 = VECTOR('',#5946,1.);
#5946 = DIRECTION('',(0.,1.,0.));
#5947 = ORIENTED_EDGE('',*,*,#5948,.F.);
#5948 = EDGE_CURVE('',#5949,#5941,#5951,.T.);
#5949 = VERTEX_POINT('',#5950);
#5950 = CARTESIAN_POINT('',(330.35,75.,11.6));
#5951 = CIRCLE('',#5952,0.4);
#5952 = AXIS2_PLACEMENT_3D('',#5953,#5954,#5955);
#5953 = CARTESIAN_POINT('',(330.35,75.4,11.6));
#5954 = DIRECTION('',(0.,0.,1.));
#5955 = DIRECTION('',(1.,0.,0.));
#5956 = ORIENTED_EDGE('',*,*,#5957,.F.);
#5957 = EDGE_CURVE('',#5958,#5949,#5960,.T.);
#5958 = VERTEX_POINT('',#5959);
#5959 = CARTESIAN_POINT('',(330.15,75.,11.6));
#5960 = LINE('',#5961,#5962);
#5961 = CARTESIAN_POINT('',(328.95,75.,11.6));
#5962 = VECTOR('',#5963,1.);
#5963 = DIRECTION('',(1.,0.,0.));
#5964 = ORIENTED_EDGE('',*,*,#5965,.F.);
#5965 = EDGE_CURVE('',#5907,#5958,#5966,.T.);
#5966 = CIRCLE('',#5967,0.4);
#5967 = AXIS2_PLACEMENT_3D('',#5968,#5969,#5970);
#5968 = CARTESIAN_POINT('',(330.15,75.4,11.6));
#5969 = DIRECTION('',(0.,0.,1.));
#5970 = DIRECTION('',(1.,0.,0.));
#5971 = PLANE('',#5972);
#5972 = AXIS2_PLACEMENT_3D('',#5973,#5974,#5975);
#5973 = CARTESIAN_POINT('',(327.75,73.25,11.6));
#5974 = DIRECTION('',(0.,0.,1.));
#5975 = DIRECTION('',(0.,1.,0.));
#5976 = ADVANCED_FACE('',(#5977),#6002,.F.);
#5977 = FACE_BOUND('',#5978,.T.);
#5978 = EDGE_LOOP('',(#5979,#5987,#5995,#6001));
#5979 = ORIENTED_EDGE('',*,*,#5980,.F.);
#5980 = EDGE_CURVE('',#5981,#1899,#5983,.T.);
#5981 = VERTEX_POINT('',#5982);
#5982 = CARTESIAN_POINT('',(328.25,6.,15.));
#5983 = LINE('',#5984,#5985);
#5984 = CARTESIAN_POINT('',(327.75,6.,14.5));
#5985 = VECTOR('',#5986,1.);
#5986 = DIRECTION('',(-0.707106781187,4.E-17,-0.707106781187));
#5987 = ORIENTED_EDGE('',*,*,#5988,.T.);
#5988 = EDGE_CURVE('',#5981,#5989,#5991,.T.);
#5989 = VERTEX_POINT('',#5990);
#5990 = CARTESIAN_POINT('',(328.25,101.25,15.));
#5991 = LINE('',#5992,#5993);
#5992 = CARTESIAN_POINT('',(328.25,6.,15.));
#5993 = VECTOR('',#5994,1.);
#5994 = DIRECTION('',(0.,1.,0.));
#5995 = ORIENTED_EDGE('',*,*,#5996,.T.);
#5996 = EDGE_CURVE('',#5989,#1891,#5997,.T.);
#5997 = LINE('',#5998,#5999);
#5998 = CARTESIAN_POINT('',(328.,101.25,14.75));
#5999 = VECTOR('',#6000,1.);
#6000 = DIRECTION('',(-0.707106781187,0.,-0.707106781187));
#6001 = ORIENTED_EDGE('',*,*,#1898,.F.);
#6002 = PLANE('',#6003);
#6003 = AXIS2_PLACEMENT_3D('',#6004,#6005,#6006);
#6004 = CARTESIAN_POINT('',(328.,6.,14.75));
#6005 = DIRECTION('',(0.707106781187,0.,-0.707106781187));
#6006 = DIRECTION('',(-0.,-1.,-0.));
#6007 = ADVANCED_FACE('',(#6008),#6027,.F.);
#6008 = FACE_BOUND('',#6009,.T.);
#6009 = EDGE_LOOP('',(#6010,#6011,#6020,#6026));
#6010 = ORIENTED_EDGE('',*,*,#5996,.F.);
#6011 = ORIENTED_EDGE('',*,*,#6012,.T.);
#6012 = EDGE_CURVE('',#5989,#6013,#6015,.T.);
#6013 = VERTEX_POINT('',#6014);
#6014 = CARTESIAN_POINT('',(326.75,102.75,15.));
#6015 = CIRCLE('',#6016,1.5);
#6016 = AXIS2_PLACEMENT_3D('',#6017,#6018,#6019);
#6017 = CARTESIAN_POINT('',(326.75,101.25,15.));
#6018 = DIRECTION('',(0.,0.,1.));
#6019 = DIRECTION('',(1.,0.,0.));
#6020 = ORIENTED_EDGE('',*,*,#6021,.T.);
#6021 = EDGE_CURVE('',#6013,#1964,#6022,.T.);
#6022 = LINE('',#6023,#6024);
#6023 = CARTESIAN_POINT('',(326.75,102.25,14.5));
#6024 = VECTOR('',#6025,1.);
#6025 = DIRECTION('',(5.3E-15,-0.707106781187,-0.707106781187));
#6026 = ORIENTED_EDGE('',*,*,#1971,.F.);
#6027 = CONICAL_SURFACE('',#6028,1.,0.785398163397);
#6028 = AXIS2_PLACEMENT_3D('',#6029,#6030,#6031);
#6029 = CARTESIAN_POINT('',(326.75,101.25,14.5));
#6030 = DIRECTION('',(0.,0.,1.));
#6031 = DIRECTION('',(1.,0.,0.));
#6032 = ADVANCED_FACE('',(#6033),#6051,.F.);
#6033 = FACE_BOUND('',#6034,.T.);
#6034 = EDGE_LOOP('',(#6035,#6036,#6044,#6050));
#6035 = ORIENTED_EDGE('',*,*,#6021,.F.);
#6036 = ORIENTED_EDGE('',*,*,#6037,.T.);
#6037 = EDGE_CURVE('',#6013,#6038,#6040,.T.);
#6038 = VERTEX_POINT('',#6039);
#6039 = CARTESIAN_POINT('',(41.,102.75,15.));
#6040 = LINE('',#6041,#6042);
#6041 = CARTESIAN_POINT('',(326.75,102.75,15.));
#6042 = VECTOR('',#6043,1.);
#6043 = DIRECTION('',(-1.,0.,0.));
#6044 = ORIENTED_EDGE('',*,*,#6045,.T.);
#6045 = EDGE_CURVE('',#6038,#2004,#6046,.T.);
#6046 = LINE('',#6047,#6048);
#6047 = CARTESIAN_POINT('',(41.,102.5,14.75));
#6048 = VECTOR('',#6049,1.);
#6049 = DIRECTION('',(-0.,-0.707106781187,-0.707106781187));
#6050 = ORIENTED_EDGE('',*,*,#2003,.F.);
#6051 = PLANE('',#6052);
#6052 = AXIS2_PLACEMENT_3D('',#6053,#6054,#6055);
#6053 = CARTESIAN_POINT('',(326.75,102.5,14.75));
#6054 = DIRECTION('',(0.,0.707106781187,-0.707106781187));
#6055 = DIRECTION('',(1.,0.,0.));
#6056 = ADVANCED_FACE('',(#6057),#6067,.T.);
#6057 = FACE_BOUND('',#6058,.T.);
#6058 = EDGE_LOOP('',(#6059,#6060,#6061,#6062,#6063,#6064,#6065,#6066));
#6059 = ORIENTED_EDGE('',*,*,#2021,.T.);
#6060 = ORIENTED_EDGE('',*,*,#2682,.T.);
#6061 = ORIENTED_EDGE('',*,*,#2642,.F.);
#6062 = ORIENTED_EDGE('',*,*,#2571,.T.);
#6063 = ORIENTED_EDGE('',*,*,#2407,.T.);
#6064 = ORIENTED_EDGE('',*,*,#2213,.F.);
#6065 = ORIENTED_EDGE('',*,*,#2130,.F.);
#6066 = ORIENTED_EDGE('',*,*,#2081,.F.);
#6067 = PLANE('',#6068);
#6068 = AXIS2_PLACEMENT_3D('',#6069,#6070,#6071);
#6069 = CARTESIAN_POINT('',(183.875,104.48658536585,10.));
#6070 = DIRECTION('',(-0.,-2.7E-16,-1.));
#6071 = DIRECTION('',(0.,-1.,2.7E-16));
#6072 = ADVANCED_FACE('',(#6073),#6092,.F.);
#6073 = FACE_BOUND('',#6074,.F.);
#6074 = EDGE_LOOP('',(#6075,#6084,#6090,#6091));
#6075 = ORIENTED_EDGE('',*,*,#6076,.F.);
#6076 = EDGE_CURVE('',#6077,#6077,#6079,.T.);
#6077 = VERTEX_POINT('',#6078);
#6078 = CARTESIAN_POINT('',(311.25,105.05,7.5));
#6079 = CIRCLE('',#6080,1.5);
#6080 = AXIS2_PLACEMENT_3D('',#6081,#6082,#6083);
#6081 = CARTESIAN_POINT('',(312.75,105.05,7.5));
#6082 = DIRECTION('',(0.,1.,-0.));
#6083 = DIRECTION('',(-1.,0.,0.));
#6084 = ORIENTED_EDGE('',*,*,#6085,.T.);
#6085 = EDGE_CURVE('',#6077,#2045,#6086,.T.);
#6086 = LINE('',#6087,#6088);
#6087 = CARTESIAN_POINT('',(311.25,105.05,7.5));
#6088 = VECTOR('',#6089,1.);
#6089 = DIRECTION('',(0.,-1.,2.2E-16));
#6090 = ORIENTED_EDGE('',*,*,#2044,.T.);
#6091 = ORIENTED_EDGE('',*,*,#6085,.F.);
#6092 = CYLINDRICAL_SURFACE('',#6093,1.5);
#6093 = AXIS2_PLACEMENT_3D('',#6094,#6095,#6096);
#6094 = CARTESIAN_POINT('',(312.75,105.05,7.5));
#6095 = DIRECTION('',(0.,1.,-2.2E-16));
#6096 = DIRECTION('',(-1.,0.,0.));
#6097 = ADVANCED_FACE('',(#6098),#6117,.F.);
#6098 = FACE_BOUND('',#6099,.F.);
#6099 = EDGE_LOOP('',(#6100,#6109,#6115,#6116));
#6100 = ORIENTED_EDGE('',*,*,#6101,.F.);
#6101 = EDGE_CURVE('',#6102,#6102,#6104,.T.);
#6102 = VERTEX_POINT('',#6103);
#6103 = CARTESIAN_POINT('',(53.5,105.05,7.5));
#6104 = CIRCLE('',#6105,1.5);
#6105 = AXIS2_PLACEMENT_3D('',#6106,#6107,#6108);
#6106 = CARTESIAN_POINT('',(55.,105.05,7.5));
#6107 = DIRECTION('',(0.,1.,-0.));
#6108 = DIRECTION('',(-1.,0.,0.));
#6109 = ORIENTED_EDGE('',*,*,#6110,.T.);
#6110 = EDGE_CURVE('',#6102,#2056,#6111,.T.);
#6111 = LINE('',#6112,#6113);
#6112 = CARTESIAN_POINT('',(53.5,105.05,7.5));
#6113 = VECTOR('',#6114,1.);
#6114 = DIRECTION('',(0.,-1.,2.2E-16));
#6115 = ORIENTED_EDGE('',*,*,#2055,.T.);
#6116 = ORIENTED_EDGE('',*,*,#6110,.F.);
#6117 = CYLINDRICAL_SURFACE('',#6118,1.5);
#6118 = AXIS2_PLACEMENT_3D('',#6119,#6120,#6121);
#6119 = CARTESIAN_POINT('',(55.,105.05,7.5));
#6120 = DIRECTION('',(0.,1.,-2.2E-16));
#6121 = DIRECTION('',(-1.,0.,0.));
#6122 = ADVANCED_FACE('',(#6123),#6142,.F.);
#6123 = FACE_BOUND('',#6124,.T.);
#6124 = EDGE_LOOP('',(#6125,#6133,#6140,#6141));
#6125 = ORIENTED_EDGE('',*,*,#6126,.F.);
#6126 = EDGE_CURVE('',#6127,#2097,#6129,.T.);
#6127 = VERTEX_POINT('',#6128);
#6128 = CARTESIAN_POINT('',(326.75,4.5,15.));
#6129 = LINE('',#6130,#6131);
#6130 = CARTESIAN_POINT('',(326.75,4.75,14.75));
#6131 = VECTOR('',#6132,1.);
#6132 = DIRECTION('',(0.,0.707106781187,-0.707106781187));
#6133 = ORIENTED_EDGE('',*,*,#6134,.T.);
#6134 = EDGE_CURVE('',#6127,#5981,#6135,.T.);
#6135 = CIRCLE('',#6136,1.5);
#6136 = AXIS2_PLACEMENT_3D('',#6137,#6138,#6139);
#6137 = CARTESIAN_POINT('',(326.75,6.,15.));
#6138 = DIRECTION('',(-0.,0.,1.));
#6139 = DIRECTION('',(0.,-1.,0.));
#6140 = ORIENTED_EDGE('',*,*,#5980,.T.);
#6141 = ORIENTED_EDGE('',*,*,#2106,.F.);
#6142 = CONICAL_SURFACE('',#6143,1.,0.785398163397);
#6143 = AXIS2_PLACEMENT_3D('',#6144,#6145,#6146);
#6144 = CARTESIAN_POINT('',(326.75,6.,14.5));
#6145 = DIRECTION('',(0.,0.,1.));
#6146 = DIRECTION('',(0.,-1.,0.));
#6147 = ADVANCED_FACE('',(#6148),#6166,.F.);
#6148 = FACE_BOUND('',#6149,.F.);
#6149 = EDGE_LOOP('',(#6150,#6151,#6158,#6159));
#6150 = ORIENTED_EDGE('',*,*,#2146,.F.);
#6151 = ORIENTED_EDGE('',*,*,#6152,.F.);
#6152 = EDGE_CURVE('',#2789,#2147,#6153,.T.);
#6153 = CIRCLE('',#6154,1.);
#6154 = AXIS2_PLACEMENT_3D('',#6155,#6156,#6157);
#6155 = CARTESIAN_POINT('',(41.,6.,14.5));
#6156 = DIRECTION('',(0.,0.,1.));
#6157 = DIRECTION('',(-1.,2.66E-15,0.));
#6158 = ORIENTED_EDGE('',*,*,#2788,.T.);
#6159 = ORIENTED_EDGE('',*,*,#6160,.T.);
#6160 = EDGE_CURVE('',#2791,#2149,#6161,.T.);
#6161 = CIRCLE('',#6162,1.);
#6162 = AXIS2_PLACEMENT_3D('',#6163,#6164,#6165);
#6163 = CARTESIAN_POINT('',(41.,6.,4.5));
#6164 = DIRECTION('',(0.,0.,1.));
#6165 = DIRECTION('',(-1.,0.,0.));
#6166 = CYLINDRICAL_SURFACE('',#6167,1.);
#6167 = AXIS2_PLACEMENT_3D('',#6168,#6169,#6170);
#6168 = CARTESIAN_POINT('',(41.,6.,15.));
#6169 = DIRECTION('',(0.,0.,1.));
#6170 = DIRECTION('',(1.,0.,0.));
#6171 = ADVANCED_FACE('',(#6172),#6190,.F.);
#6172 = FACE_BOUND('',#6173,.T.);
#6173 = EDGE_LOOP('',(#6174,#6182,#6183,#6184));
#6174 = ORIENTED_EDGE('',*,*,#6175,.F.);
#6175 = EDGE_CURVE('',#2149,#6176,#6178,.T.);
#6176 = VERTEX_POINT('',#6177);
#6177 = CARTESIAN_POINT('',(41.,5.5,4.));
#6178 = LINE('',#6179,#6180);
#6179 = CARTESIAN_POINT('',(41.,5.,4.5));
#6180 = VECTOR('',#6181,1.);
#6181 = DIRECTION('',(6.7E-16,0.707106781187,-0.707106781187));
#6182 = ORIENTED_EDGE('',*,*,#2188,.T.);
#6183 = ORIENTED_EDGE('',*,*,#2620,.T.);
#6184 = ORIENTED_EDGE('',*,*,#6185,.F.);
#6185 = EDGE_CURVE('',#6176,#2588,#6186,.T.);
#6186 = LINE('',#6187,#6188);
#6187 = CARTESIAN_POINT('',(41.,5.5,4.));
#6188 = VECTOR('',#6189,1.);
#6189 = DIRECTION('',(1.,0.,0.));
#6190 = PLANE('',#6191);
#6191 = AXIS2_PLACEMENT_3D('',#6192,#6193,#6194);
#6192 = CARTESIAN_POINT('',(41.,5.25,4.25));
#6193 = DIRECTION('',(0.,-0.707106781187,-0.707106781187));
#6194 = DIRECTION('',(-1.,-0.,-0.));
#6195 = ADVANCED_FACE('',(#6196),#6214,.F.);
#6196 = FACE_BOUND('',#6197,.T.);
#6197 = EDGE_LOOP('',(#6198,#6206,#6212,#6213));
#6198 = ORIENTED_EDGE('',*,*,#6199,.F.);
#6199 = EDGE_CURVE('',#6200,#2147,#6202,.T.);
#6200 = VERTEX_POINT('',#6201);
#6201 = CARTESIAN_POINT('',(41.,4.5,15.));
#6202 = LINE('',#6203,#6204);
#6203 = CARTESIAN_POINT('',(41.,5.,14.5));
#6204 = VECTOR('',#6205,1.);
#6205 = DIRECTION('',(1.355E-14,0.707106781187,-0.707106781187));
#6206 = ORIENTED_EDGE('',*,*,#6207,.T.);
#6207 = EDGE_CURVE('',#6200,#6127,#6208,.T.);
#6208 = LINE('',#6209,#6210);
#6209 = CARTESIAN_POINT('',(41.,4.5,15.));
#6210 = VECTOR('',#6211,1.);
#6211 = DIRECTION('',(1.,0.,0.));
#6212 = ORIENTED_EDGE('',*,*,#6126,.T.);
#6213 = ORIENTED_EDGE('',*,*,#2156,.F.);
#6214 = PLANE('',#6215);
#6215 = AXIS2_PLACEMENT_3D('',#6216,#6217,#6218);
#6216 = CARTESIAN_POINT('',(41.,4.75,14.75));
#6217 = DIRECTION('',(0.,-0.707106781187,-0.707106781187));
#6218 = DIRECTION('',(-1.,-0.,-0.));
#6219 = ADVANCED_FACE('',(#6220),#6245,.F.);
#6220 = FACE_BOUND('',#6221,.T.);
#6221 = EDGE_LOOP('',(#6222,#6230,#6231,#6239));
#6222 = ORIENTED_EDGE('',*,*,#6223,.F.);
#6223 = EDGE_CURVE('',#2173,#6224,#6226,.T.);
#6224 = VERTEX_POINT('',#6225);
#6225 = CARTESIAN_POINT('',(112.25,5.5,3.));
#6226 = LINE('',#6227,#6228);
#6227 = CARTESIAN_POINT('',(119.08333333333,12.333333333333,
    -3.833333333333));
#6228 = VECTOR('',#6229,1.);
#6229 = DIRECTION('',(0.57735026919,0.57735026919,-0.57735026919));
#6230 = ORIENTED_EDGE('',*,*,#2172,.T.);
#6231 = ORIENTED_EDGE('',*,*,#6232,.T.);
#6232 = EDGE_CURVE('',#2165,#6233,#6235,.T.);
#6233 = VERTEX_POINT('',#6234);
#6234 = CARTESIAN_POINT('',(221.25,5.5,3.));
#6235 = LINE('',#6236,#6237);
#6236 = CARTESIAN_POINT('',(203.25,23.5,-15.));
#6237 = VECTOR('',#6238,1.);
#6238 = DIRECTION('',(-0.57735026919,0.57735026919,-0.57735026919));
#6239 = ORIENTED_EDGE('',*,*,#6240,.F.);
#6240 = EDGE_CURVE('',#6224,#6233,#6241,.T.);
#6241 = LINE('',#6242,#6243);
#6242 = CARTESIAN_POINT('',(111.75,5.5,3.));
#6243 = VECTOR('',#6244,1.);
#6244 = DIRECTION('',(1.,0.,0.));
#6245 = PLANE('',#6246);
#6246 = AXIS2_PLACEMENT_3D('',#6247,#6248,#6249);
#6247 = CARTESIAN_POINT('',(111.75,5.25,3.25));
#6248 = DIRECTION('',(0.,-0.707106781187,-0.707106781187));
#6249 = DIRECTION('',(-1.,-0.,-0.));
#6250 = ADVANCED_FACE('',(#6251),#6269,.T.);
#6251 = FACE_BOUND('',#6252,.T.);
#6252 = EDGE_LOOP('',(#6253,#6254,#6255,#6263));
#6253 = ORIENTED_EDGE('',*,*,#6232,.F.);
#6254 = ORIENTED_EDGE('',*,*,#2228,.T.);
#6255 = ORIENTED_EDGE('',*,*,#6256,.T.);
#6256 = EDGE_CURVE('',#2229,#6257,#6259,.T.);
#6257 = VERTEX_POINT('',#6258);
#6258 = CARTESIAN_POINT('',(221.25,47.5,3.));
#6259 = LINE('',#6260,#6261);
#6260 = CARTESIAN_POINT('',(214.41666666666,40.666666666667,
    -3.833333333333));
#6261 = VECTOR('',#6262,1.);
#6262 = DIRECTION('',(-0.57735026919,-0.57735026919,-0.57735026919));
#6263 = ORIENTED_EDGE('',*,*,#6264,.F.);
#6264 = EDGE_CURVE('',#6233,#6257,#6265,.T.);
#6265 = LINE('',#6266,#6267);
#6266 = CARTESIAN_POINT('',(221.25,5.,3.));
#6267 = VECTOR('',#6268,1.);
#6268 = DIRECTION('',(0.,1.,0.));
#6269 = PLANE('',#6270);
#6270 = AXIS2_PLACEMENT_3D('',#6271,#6272,#6273);
#6271 = CARTESIAN_POINT('',(221.5,5.,3.25));
#6272 = DIRECTION('',(-0.707106781187,0.,0.707106781187));
#6273 = DIRECTION('',(0.,1.,0.));
#6274 = ADVANCED_FACE('',(#6275),#6302,.T.);
#6275 = FACE_BOUND('',#6276,.F.);
#6276 = EDGE_LOOP('',(#6277,#6287,#6294,#6295));
#6277 = ORIENTED_EDGE('',*,*,#6278,.T.);
#6278 = EDGE_CURVE('',#6279,#6281,#6283,.T.);
#6279 = VERTEX_POINT('',#6280);
#6280 = CARTESIAN_POINT('',(332.75,101.25,0.5));
#6281 = VERTEX_POINT('',#6282);
#6282 = CARTESIAN_POINT('',(332.75,101.25,14.5));
#6283 = LINE('',#6284,#6285);
#6284 = CARTESIAN_POINT('',(332.75,101.25,0.));
#6285 = VECTOR('',#6286,1.);
#6286 = DIRECTION('',(0.,0.,1.));
#6287 = ORIENTED_EDGE('',*,*,#6288,.T.);
#6288 = EDGE_CURVE('',#6281,#2254,#6289,.T.);
#6289 = CIRCLE('',#6290,6.);
#6290 = AXIS2_PLACEMENT_3D('',#6291,#6292,#6293);
#6291 = CARTESIAN_POINT('',(326.75,101.25,14.5));
#6292 = DIRECTION('',(0.,0.,1.));
#6293 = DIRECTION('',(1.,0.,0.));
#6294 = ORIENTED_EDGE('',*,*,#2251,.F.);
#6295 = ORIENTED_EDGE('',*,*,#6296,.F.);
#6296 = EDGE_CURVE('',#6279,#2252,#6297,.T.);
#6297 = CIRCLE('',#6298,6.);
#6298 = AXIS2_PLACEMENT_3D('',#6299,#6300,#6301);
#6299 = CARTESIAN_POINT('',(326.75,101.25,0.5));
#6300 = DIRECTION('',(0.,0.,1.));
#6301 = DIRECTION('',(1.,0.,0.));
#6302 = CYLINDRICAL_SURFACE('',#6303,6.);
#6303 = AXIS2_PLACEMENT_3D('',#6304,#6305,#6306);
#6304 = CARTESIAN_POINT('',(326.75,101.25,0.));
#6305 = DIRECTION('',(-0.,-0.,-1.));
#6306 = DIRECTION('',(1.,0.,0.));
#6307 = ADVANCED_FACE('',(#6308),#6333,.F.);
#6308 = FACE_BOUND('',#6309,.T.);
#6309 = EDGE_LOOP('',(#6310,#6318,#6319,#6327));
#6310 = ORIENTED_EDGE('',*,*,#6311,.F.);
#6311 = EDGE_CURVE('',#2254,#6312,#6314,.T.);
#6312 = VERTEX_POINT('',#6313);
#6313 = CARTESIAN_POINT('',(326.75,106.75,15.));
#6314 = LINE('',#6315,#6316);
#6315 = CARTESIAN_POINT('',(326.75,107.25,14.5));
#6316 = VECTOR('',#6317,1.);
#6317 = DIRECTION('',(-8.3E-16,-0.707106781187,0.707106781187));
#6318 = ORIENTED_EDGE('',*,*,#2261,.T.);
#6319 = ORIENTED_EDGE('',*,*,#6320,.T.);
#6320 = EDGE_CURVE('',#2262,#6321,#6323,.T.);
#6321 = VERTEX_POINT('',#6322);
#6322 = CARTESIAN_POINT('',(6.,106.75,15.));
#6323 = LINE('',#6324,#6325);
#6324 = CARTESIAN_POINT('',(6.,107.,14.75));
#6325 = VECTOR('',#6326,1.);
#6326 = DIRECTION('',(0.,-0.707106781187,0.707106781187));
#6327 = ORIENTED_EDGE('',*,*,#6328,.F.);
#6328 = EDGE_CURVE('',#6312,#6321,#6329,.T.);
#6329 = LINE('',#6330,#6331);
#6330 = CARTESIAN_POINT('',(326.75,106.75,15.));
#6331 = VECTOR('',#6332,1.);
#6332 = DIRECTION('',(-1.,0.,0.));
#6333 = PLANE('',#6334);
#6334 = AXIS2_PLACEMENT_3D('',#6335,#6336,#6337);
#6335 = CARTESIAN_POINT('',(326.75,107.,14.75));
#6336 = DIRECTION('',(0.,-0.707106781187,-0.707106781187));
#6337 = DIRECTION('',(1.,0.,0.));
#6338 = ADVANCED_FACE('',(#6339),#6364,.T.);
#6339 = FACE_BOUND('',#6340,.F.);
#6340 = EDGE_LOOP('',(#6341,#6349,#6350,#6358));
#6341 = ORIENTED_EDGE('',*,*,#6342,.F.);
#6342 = EDGE_CURVE('',#2252,#6343,#6345,.T.);
#6343 = VERTEX_POINT('',#6344);
#6344 = CARTESIAN_POINT('',(326.75,106.75,0.));
#6345 = LINE('',#6346,#6347);
#6346 = CARTESIAN_POINT('',(326.75,107.25,0.5));
#6347 = VECTOR('',#6348,1.);
#6348 = DIRECTION('',(-8.3E-16,-0.707106781187,-0.707106781187));
#6349 = ORIENTED_EDGE('',*,*,#2277,.T.);
#6350 = ORIENTED_EDGE('',*,*,#6351,.T.);
#6351 = EDGE_CURVE('',#2270,#6352,#6354,.T.);
#6352 = VERTEX_POINT('',#6353);
#6353 = CARTESIAN_POINT('',(6.,106.75,-2.E-15));
#6354 = LINE('',#6355,#6356);
#6355 = CARTESIAN_POINT('',(6.,107.,0.25));
#6356 = VECTOR('',#6357,1.);
#6357 = DIRECTION('',(-0.,-0.707106781187,-0.707106781187));
#6358 = ORIENTED_EDGE('',*,*,#6359,.F.);
#6359 = EDGE_CURVE('',#6343,#6352,#6360,.T.);
#6360 = LINE('',#6361,#6362);
#6361 = CARTESIAN_POINT('',(326.75,106.75,0.));
#6362 = VECTOR('',#6363,1.);
#6363 = DIRECTION('',(-1.,0.,0.));
#6364 = PLANE('',#6365);
#6365 = AXIS2_PLACEMENT_3D('',#6366,#6367,#6368);
#6366 = CARTESIAN_POINT('',(326.75,107.,0.25));
#6367 = DIRECTION('',(0.,0.707106781187,-0.707106781187));
#6368 = DIRECTION('',(1.,0.,0.));
#6369 = ADVANCED_FACE('',(#6370),#6397,.T.);
#6370 = FACE_BOUND('',#6371,.F.);
#6371 = EDGE_LOOP('',(#6372,#6373,#6382,#6390));
#6372 = ORIENTED_EDGE('',*,*,#2269,.T.);
#6373 = ORIENTED_EDGE('',*,*,#6374,.T.);
#6374 = EDGE_CURVE('',#2262,#6375,#6377,.T.);
#6375 = VERTEX_POINT('',#6376);
#6376 = CARTESIAN_POINT('',(0.,101.25,14.5));
#6377 = CIRCLE('',#6378,6.);
#6378 = AXIS2_PLACEMENT_3D('',#6379,#6380,#6381);
#6379 = CARTESIAN_POINT('',(6.,101.25,14.5));
#6380 = DIRECTION('',(0.,0.,1.));
#6381 = DIRECTION('',(-4.4E-16,1.,0.));
#6382 = ORIENTED_EDGE('',*,*,#6383,.F.);
#6383 = EDGE_CURVE('',#6384,#6375,#6386,.T.);
#6384 = VERTEX_POINT('',#6385);
#6385 = CARTESIAN_POINT('',(0.,101.25,0.5));
#6386 = LINE('',#6387,#6388);
#6387 = CARTESIAN_POINT('',(0.,101.25,0.));
#6388 = VECTOR('',#6389,1.);
#6389 = DIRECTION('',(0.,0.,1.));
#6390 = ORIENTED_EDGE('',*,*,#6391,.F.);
#6391 = EDGE_CURVE('',#2270,#6384,#6392,.T.);
#6392 = CIRCLE('',#6393,6.);
#6393 = AXIS2_PLACEMENT_3D('',#6394,#6395,#6396);
#6394 = CARTESIAN_POINT('',(6.,101.25,0.5));
#6395 = DIRECTION('',(0.,0.,1.));
#6396 = DIRECTION('',(-4.4E-16,1.,0.));
#6397 = CYLINDRICAL_SURFACE('',#6398,6.);
#6398 = AXIS2_PLACEMENT_3D('',#6399,#6400,#6401);
#6399 = CARTESIAN_POINT('',(6.,101.25,0.));
#6400 = DIRECTION('',(-0.,-0.,-1.));
#6401 = DIRECTION('',(1.,0.,0.));
#6402 = ADVANCED_FACE('',(#6403),#6428,.T.);
#6403 = FACE_BOUND('',#6404,.T.);
#6404 = EDGE_LOOP('',(#6405,#6413,#6414,#6422));
#6405 = ORIENTED_EDGE('',*,*,#6406,.F.);
#6406 = EDGE_CURVE('',#2286,#6407,#6409,.T.);
#6407 = VERTEX_POINT('',#6408);
#6408 = CARTESIAN_POINT('',(320.15,106.75,4.9));
#6409 = LINE('',#6410,#6411);
#6410 = CARTESIAN_POINT('',(319.45,106.05,5.6));
#6411 = VECTOR('',#6412,1.);
#6412 = DIRECTION('',(-0.57735026919,-0.57735026919,0.57735026919));
#6413 = ORIENTED_EDGE('',*,*,#2285,.T.);
#6414 = ORIENTED_EDGE('',*,*,#6415,.T.);
#6415 = EDGE_CURVE('',#2288,#6416,#6418,.T.);
#6416 = VERTEX_POINT('',#6417);
#6417 = CARTESIAN_POINT('',(317.95,106.75,4.9));
#6418 = LINE('',#6419,#6420);
#6419 = CARTESIAN_POINT('',(318.15,106.55,5.1));
#6420 = VECTOR('',#6421,1.);
#6421 = DIRECTION('',(0.57735026919,-0.57735026919,0.57735026919));
#6422 = ORIENTED_EDGE('',*,*,#6423,.F.);
#6423 = EDGE_CURVE('',#6407,#6416,#6424,.T.);
#6424 = LINE('',#6425,#6426);
#6425 = CARTESIAN_POINT('',(320.15,106.75,4.9));
#6426 = VECTOR('',#6427,1.);
#6427 = DIRECTION('',(-1.,0.,0.));
#6428 = PLANE('',#6429);
#6429 = AXIS2_PLACEMENT_3D('',#6430,#6431,#6432);
#6430 = CARTESIAN_POINT('',(320.15,107.,4.65));
#6431 = DIRECTION('',(0.,0.707106781187,0.707106781187));
#6432 = DIRECTION('',(-1.,0.,0.));
#6433 = ADVANCED_FACE('',(#6434),#6452,.T.);
#6434 = FACE_BOUND('',#6435,.T.);
#6435 = EDGE_LOOP('',(#6436,#6444,#6445,#6446));
#6436 = ORIENTED_EDGE('',*,*,#6437,.F.);
#6437 = EDGE_CURVE('',#2304,#6438,#6440,.T.);
#6438 = VERTEX_POINT('',#6439);
#6439 = CARTESIAN_POINT('',(320.15,106.75,10.1));
#6440 = LINE('',#6441,#6442);
#6441 = CARTESIAN_POINT('',(319.95,106.55,9.9));
#6442 = VECTOR('',#6443,1.);
#6443 = DIRECTION('',(-0.57735026919,-0.57735026919,-0.57735026919));
#6444 = ORIENTED_EDGE('',*,*,#2311,.T.);
#6445 = ORIENTED_EDGE('',*,*,#6406,.T.);
#6446 = ORIENTED_EDGE('',*,*,#6447,.F.);
#6447 = EDGE_CURVE('',#6438,#6407,#6448,.T.);
#6448 = LINE('',#6449,#6450);
#6449 = CARTESIAN_POINT('',(320.15,106.75,10.1));
#6450 = VECTOR('',#6451,1.);
#6451 = DIRECTION('',(0.,-2.2E-16,-1.));
#6452 = PLANE('',#6453);
#6453 = AXIS2_PLACEMENT_3D('',#6454,#6455,#6456);
#6454 = CARTESIAN_POINT('',(320.4,107.,10.1));
#6455 = DIRECTION('',(-0.707106781187,0.707106781187,0.));
#6456 = DIRECTION('',(-1.1E-16,-1.1E-16,-1.));
#6457 = ADVANCED_FACE('',(#6458),#6476,.T.);
#6458 = FACE_BOUND('',#6459,.T.);
#6459 = EDGE_LOOP('',(#6460,#6461,#6462,#6470));
#6460 = ORIENTED_EDGE('',*,*,#6415,.F.);
#6461 = ORIENTED_EDGE('',*,*,#2295,.T.);
#6462 = ORIENTED_EDGE('',*,*,#6463,.T.);
#6463 = EDGE_CURVE('',#2296,#6464,#6466,.T.);
#6464 = VERTEX_POINT('',#6465);
#6465 = CARTESIAN_POINT('',(317.95,106.75,10.1));
#6466 = LINE('',#6467,#6468);
#6467 = CARTESIAN_POINT('',(318.65,106.05,9.4));
#6468 = VECTOR('',#6469,1.);
#6469 = DIRECTION('',(0.57735026919,-0.57735026919,-0.57735026919));
#6470 = ORIENTED_EDGE('',*,*,#6471,.F.);
#6471 = EDGE_CURVE('',#6416,#6464,#6472,.T.);
#6472 = LINE('',#6473,#6474);
#6473 = CARTESIAN_POINT('',(317.95,106.75,4.9));
#6474 = VECTOR('',#6475,1.);
#6475 = DIRECTION('',(0.,2.2E-16,1.));
#6476 = PLANE('',#6477);
#6477 = AXIS2_PLACEMENT_3D('',#6478,#6479,#6480);
#6478 = CARTESIAN_POINT('',(317.7,107.,4.9));
#6479 = DIRECTION('',(0.707106781187,0.707106781187,0.));
#6480 = DIRECTION('',(-1.1E-16,1.1E-16,1.));
#6481 = ADVANCED_FACE('',(#6482),#6493,.T.);
#6482 = FACE_BOUND('',#6483,.T.);
#6483 = EDGE_LOOP('',(#6484,#6485,#6486,#6487));
#6484 = ORIENTED_EDGE('',*,*,#6463,.F.);
#6485 = ORIENTED_EDGE('',*,*,#2303,.T.);
#6486 = ORIENTED_EDGE('',*,*,#6437,.T.);
#6487 = ORIENTED_EDGE('',*,*,#6488,.F.);
#6488 = EDGE_CURVE('',#6464,#6438,#6489,.T.);
#6489 = LINE('',#6490,#6491);
#6490 = CARTESIAN_POINT('',(317.95,106.75,10.1));
#6491 = VECTOR('',#6492,1.);
#6492 = DIRECTION('',(1.,0.,0.));
#6493 = PLANE('',#6494);
#6494 = AXIS2_PLACEMENT_3D('',#6495,#6496,#6497);
#6495 = CARTESIAN_POINT('',(317.95,107.,10.35));
#6496 = DIRECTION('',(0.,0.707106781187,-0.707106781187));
#6497 = DIRECTION('',(1.,0.,0.));
#6498 = ADVANCED_FACE('',(#6499),#6524,.T.);
#6499 = FACE_BOUND('',#6500,.T.);
#6500 = EDGE_LOOP('',(#6501,#6509,#6510,#6518));
#6501 = ORIENTED_EDGE('',*,*,#6502,.F.);
#6502 = EDGE_CURVE('',#2320,#6503,#6505,.T.);
#6503 = VERTEX_POINT('',#6504);
#6504 = CARTESIAN_POINT('',(307.55,106.75,4.9));
#6505 = LINE('',#6506,#6507);
#6506 = CARTESIAN_POINT('',(306.85,106.05,5.6));
#6507 = VECTOR('',#6508,1.);
#6508 = DIRECTION('',(-0.57735026919,-0.57735026919,0.57735026919));
#6509 = ORIENTED_EDGE('',*,*,#2319,.T.);
#6510 = ORIENTED_EDGE('',*,*,#6511,.T.);
#6511 = EDGE_CURVE('',#2322,#6512,#6514,.T.);
#6512 = VERTEX_POINT('',#6513);
#6513 = CARTESIAN_POINT('',(305.35,106.75,4.9));
#6514 = LINE('',#6515,#6516);
#6515 = CARTESIAN_POINT('',(305.55,106.55,5.1));
#6516 = VECTOR('',#6517,1.);
#6517 = DIRECTION('',(0.57735026919,-0.57735026919,0.57735026919));
#6518 = ORIENTED_EDGE('',*,*,#6519,.F.);
#6519 = EDGE_CURVE('',#6503,#6512,#6520,.T.);
#6520 = LINE('',#6521,#6522);
#6521 = CARTESIAN_POINT('',(307.55,106.75,4.9));
#6522 = VECTOR('',#6523,1.);
#6523 = DIRECTION('',(-1.,0.,0.));
#6524 = PLANE('',#6525);
#6525 = AXIS2_PLACEMENT_3D('',#6526,#6527,#6528);
#6526 = CARTESIAN_POINT('',(307.55,107.,4.65));
#6527 = DIRECTION('',(0.,0.707106781187,0.707106781187));
#6528 = DIRECTION('',(-1.,0.,0.));
#6529 = ADVANCED_FACE('',(#6530),#6548,.T.);
#6530 = FACE_BOUND('',#6531,.T.);
#6531 = EDGE_LOOP('',(#6532,#6540,#6541,#6542));
#6532 = ORIENTED_EDGE('',*,*,#6533,.F.);
#6533 = EDGE_CURVE('',#2338,#6534,#6536,.T.);
#6534 = VERTEX_POINT('',#6535);
#6535 = CARTESIAN_POINT('',(307.55,106.75,10.1));
#6536 = LINE('',#6537,#6538);
#6537 = CARTESIAN_POINT('',(307.35,106.55,9.9));
#6538 = VECTOR('',#6539,1.);
#6539 = DIRECTION('',(-0.57735026919,-0.57735026919,-0.57735026919));
#6540 = ORIENTED_EDGE('',*,*,#2345,.T.);
#6541 = ORIENTED_EDGE('',*,*,#6502,.T.);
#6542 = ORIENTED_EDGE('',*,*,#6543,.F.);
#6543 = EDGE_CURVE('',#6534,#6503,#6544,.T.);
#6544 = LINE('',#6545,#6546);
#6545 = CARTESIAN_POINT('',(307.55,106.75,10.1));
#6546 = VECTOR('',#6547,1.);
#6547 = DIRECTION('',(0.,-2.2E-16,-1.));
#6548 = PLANE('',#6549);
#6549 = AXIS2_PLACEMENT_3D('',#6550,#6551,#6552);
#6550 = CARTESIAN_POINT('',(307.8,107.,10.1));
#6551 = DIRECTION('',(-0.707106781187,0.707106781187,0.));
#6552 = DIRECTION('',(-1.1E-16,-1.1E-16,-1.));
#6553 = ADVANCED_FACE('',(#6554),#6572,.T.);
#6554 = FACE_BOUND('',#6555,.T.);
#6555 = EDGE_LOOP('',(#6556,#6557,#6558,#6566));
#6556 = ORIENTED_EDGE('',*,*,#6511,.F.);
#6557 = ORIENTED_EDGE('',*,*,#2329,.T.);
#6558 = ORIENTED_EDGE('',*,*,#6559,.T.);
#6559 = EDGE_CURVE('',#2330,#6560,#6562,.T.);
#6560 = VERTEX_POINT('',#6561);
#6561 = CARTESIAN_POINT('',(305.35,106.75,10.1));
#6562 = LINE('',#6563,#6564);
#6563 = CARTESIAN_POINT('',(306.05,106.05,9.4));
#6564 = VECTOR('',#6565,1.);
#6565 = DIRECTION('',(0.57735026919,-0.57735026919,-0.57735026919));
#6566 = ORIENTED_EDGE('',*,*,#6567,.F.);
#6567 = EDGE_CURVE('',#6512,#6560,#6568,.T.);
#6568 = LINE('',#6569,#6570);
#6569 = CARTESIAN_POINT('',(305.35,106.75,4.9));
#6570 = VECTOR('',#6571,1.);
#6571 = DIRECTION('',(0.,2.2E-16,1.));
#6572 = PLANE('',#6573);
#6573 = AXIS2_PLACEMENT_3D('',#6574,#6575,#6576);
#6574 = CARTESIAN_POINT('',(305.1,107.,4.9));
#6575 = DIRECTION('',(0.707106781187,0.707106781187,0.));
#6576 = DIRECTION('',(-1.1E-16,1.1E-16,1.));
#6577 = ADVANCED_FACE('',(#6578),#6589,.T.);
#6578 = FACE_BOUND('',#6579,.T.);
#6579 = EDGE_LOOP('',(#6580,#6581,#6582,#6583));
#6580 = ORIENTED_EDGE('',*,*,#6559,.F.);
#6581 = ORIENTED_EDGE('',*,*,#2337,.T.);
#6582 = ORIENTED_EDGE('',*,*,#6533,.T.);
#6583 = ORIENTED_EDGE('',*,*,#6584,.F.);
#6584 = EDGE_CURVE('',#6560,#6534,#6585,.T.);
#6585 = LINE('',#6586,#6587);
#6586 = CARTESIAN_POINT('',(305.35,106.75,10.1));
#6587 = VECTOR('',#6588,1.);
#6588 = DIRECTION('',(1.,0.,0.));
#6589 = PLANE('',#6590);
#6590 = AXIS2_PLACEMENT_3D('',#6591,#6592,#6593);
#6591 = CARTESIAN_POINT('',(305.35,107.,10.35));
#6592 = DIRECTION('',(0.,0.707106781187,-0.707106781187));
#6593 = DIRECTION('',(1.,0.,0.));
#6594 = ADVANCED_FACE('',(#6595),#6620,.T.);
#6595 = FACE_BOUND('',#6596,.T.);
#6596 = EDGE_LOOP('',(#6597,#6605,#6606,#6614));
#6597 = ORIENTED_EDGE('',*,*,#6598,.F.);
#6598 = EDGE_CURVE('',#2354,#6599,#6601,.T.);
#6599 = VERTEX_POINT('',#6600);
#6600 = CARTESIAN_POINT('',(62.4,106.75,4.9));
#6601 = LINE('',#6602,#6603);
#6602 = CARTESIAN_POINT('',(61.7,106.05,5.6));
#6603 = VECTOR('',#6604,1.);
#6604 = DIRECTION('',(-0.57735026919,-0.57735026919,0.57735026919));
#6605 = ORIENTED_EDGE('',*,*,#2353,.T.);
#6606 = ORIENTED_EDGE('',*,*,#6607,.T.);
#6607 = EDGE_CURVE('',#2356,#6608,#6610,.T.);
#6608 = VERTEX_POINT('',#6609);
#6609 = CARTESIAN_POINT('',(60.2,106.75,4.9));
#6610 = LINE('',#6611,#6612);
#6611 = CARTESIAN_POINT('',(60.4,106.55,5.1));
#6612 = VECTOR('',#6613,1.);
#6613 = DIRECTION('',(0.57735026919,-0.57735026919,0.57735026919));
#6614 = ORIENTED_EDGE('',*,*,#6615,.F.);
#6615 = EDGE_CURVE('',#6599,#6608,#6616,.T.);
#6616 = LINE('',#6617,#6618);
#6617 = CARTESIAN_POINT('',(62.4,106.75,4.9));
#6618 = VECTOR('',#6619,1.);
#6619 = DIRECTION('',(-1.,0.,0.));
#6620 = PLANE('',#6621);
#6621 = AXIS2_PLACEMENT_3D('',#6622,#6623,#6624);
#6622 = CARTESIAN_POINT('',(62.4,107.,4.65));
#6623 = DIRECTION('',(0.,0.707106781187,0.707106781187));
#6624 = DIRECTION('',(-1.,0.,0.));
#6625 = ADVANCED_FACE('',(#6626),#6644,.T.);
#6626 = FACE_BOUND('',#6627,.T.);
#6627 = EDGE_LOOP('',(#6628,#6636,#6637,#6638));
#6628 = ORIENTED_EDGE('',*,*,#6629,.F.);
#6629 = EDGE_CURVE('',#2372,#6630,#6632,.T.);
#6630 = VERTEX_POINT('',#6631);
#6631 = CARTESIAN_POINT('',(62.4,106.75,10.1));
#6632 = LINE('',#6633,#6634);
#6633 = CARTESIAN_POINT('',(62.2,106.55,9.9));
#6634 = VECTOR('',#6635,1.);
#6635 = DIRECTION('',(-0.57735026919,-0.57735026919,-0.57735026919));
#6636 = ORIENTED_EDGE('',*,*,#2379,.T.);
#6637 = ORIENTED_EDGE('',*,*,#6598,.T.);
#6638 = ORIENTED_EDGE('',*,*,#6639,.F.);
#6639 = EDGE_CURVE('',#6630,#6599,#6640,.T.);
#6640 = LINE('',#6641,#6642);
#6641 = CARTESIAN_POINT('',(62.4,106.75,10.1));
#6642 = VECTOR('',#6643,1.);
#6643 = DIRECTION('',(0.,-2.2E-16,-1.));
#6644 = PLANE('',#6645);
#6645 = AXIS2_PLACEMENT_3D('',#6646,#6647,#6648);
#6646 = CARTESIAN_POINT('',(62.65,107.,10.1));
#6647 = DIRECTION('',(-0.707106781187,0.707106781187,0.));
#6648 = DIRECTION('',(-1.1E-16,-1.1E-16,-1.));
#6649 = ADVANCED_FACE('',(#6650),#6668,.T.);
#6650 = FACE_BOUND('',#6651,.T.);
#6651 = EDGE_LOOP('',(#6652,#6653,#6654,#6662));
#6652 = ORIENTED_EDGE('',*,*,#6607,.F.);
#6653 = ORIENTED_EDGE('',*,*,#2363,.T.);
#6654 = ORIENTED_EDGE('',*,*,#6655,.T.);
#6655 = EDGE_CURVE('',#2364,#6656,#6658,.T.);
#6656 = VERTEX_POINT('',#6657);
#6657 = CARTESIAN_POINT('',(60.2,106.75,10.1));
#6658 = LINE('',#6659,#6660);
#6659 = CARTESIAN_POINT('',(60.9,106.05,9.4));
#6660 = VECTOR('',#6661,1.);
#6661 = DIRECTION('',(0.57735026919,-0.57735026919,-0.57735026919));
#6662 = ORIENTED_EDGE('',*,*,#6663,.F.);
#6663 = EDGE_CURVE('',#6608,#6656,#6664,.T.);
#6664 = LINE('',#6665,#6666);
#6665 = CARTESIAN_POINT('',(60.2,106.75,4.9));
#6666 = VECTOR('',#6667,1.);
#6667 = DIRECTION('',(0.,2.2E-16,1.));
#6668 = PLANE('',#6669);
#6669 = AXIS2_PLACEMENT_3D('',#6670,#6671,#6672);
#6670 = CARTESIAN_POINT('',(59.95,107.,4.9));
#6671 = DIRECTION('',(0.707106781187,0.707106781187,0.));
#6672 = DIRECTION('',(-1.1E-16,1.1E-16,1.));
#6673 = ADVANCED_FACE('',(#6674),#6685,.T.);
#6674 = FACE_BOUND('',#6675,.T.);
#6675 = EDGE_LOOP('',(#6676,#6677,#6678,#6679));
#6676 = ORIENTED_EDGE('',*,*,#6655,.F.);
#6677 = ORIENTED_EDGE('',*,*,#2371,.T.);
#6678 = ORIENTED_EDGE('',*,*,#6629,.T.);
#6679 = ORIENTED_EDGE('',*,*,#6680,.F.);
#6680 = EDGE_CURVE('',#6656,#6630,#6681,.T.);
#6681 = LINE('',#6682,#6683);
#6682 = CARTESIAN_POINT('',(60.2,106.75,10.1));
#6683 = VECTOR('',#6684,1.);
#6684 = DIRECTION('',(1.,0.,0.));
#6685 = PLANE('',#6686);
#6686 = AXIS2_PLACEMENT_3D('',#6687,#6688,#6689);
#6687 = CARTESIAN_POINT('',(60.2,107.,10.35));
#6688 = DIRECTION('',(0.,0.707106781187,-0.707106781187));
#6689 = DIRECTION('',(1.,0.,0.));
#6690 = ADVANCED_FACE('',(#6691),#6710,.F.);
#6691 = FACE_BOUND('',#6692,.F.);
#6692 = EDGE_LOOP('',(#6693,#6701,#6708,#6709));
#6693 = ORIENTED_EDGE('',*,*,#6694,.T.);
#6694 = EDGE_CURVE('',#2388,#6695,#6697,.T.);
#6695 = VERTEX_POINT('',#6696);
#6696 = CARTESIAN_POINT('',(310.15,105.05,7.5));
#6697 = LINE('',#6698,#6699);
#6698 = CARTESIAN_POINT('',(310.15,107.25,7.5));
#6699 = VECTOR('',#6700,1.);
#6700 = DIRECTION('',(0.,-1.,2.2E-16));
#6701 = ORIENTED_EDGE('',*,*,#6702,.T.);
#6702 = EDGE_CURVE('',#6695,#6695,#6703,.T.);
#6703 = CIRCLE('',#6704,2.6);
#6704 = AXIS2_PLACEMENT_3D('',#6705,#6706,#6707);
#6705 = CARTESIAN_POINT('',(312.75,105.05,7.5));
#6706 = DIRECTION('',(0.,1.,-0.));
#6707 = DIRECTION('',(-1.,0.,0.));
#6708 = ORIENTED_EDGE('',*,*,#6694,.F.);
#6709 = ORIENTED_EDGE('',*,*,#2387,.F.);
#6710 = CYLINDRICAL_SURFACE('',#6711,2.6);
#6711 = AXIS2_PLACEMENT_3D('',#6712,#6713,#6714);
#6712 = CARTESIAN_POINT('',(312.75,107.25,7.5));
#6713 = DIRECTION('',(0.,1.,-2.2E-16));
#6714 = DIRECTION('',(-1.,0.,0.));
#6715 = ADVANCED_FACE('',(#6716),#6735,.F.);
#6716 = FACE_BOUND('',#6717,.F.);
#6717 = EDGE_LOOP('',(#6718,#6726,#6733,#6734));
#6718 = ORIENTED_EDGE('',*,*,#6719,.T.);
#6719 = EDGE_CURVE('',#2418,#6720,#6722,.T.);
#6720 = VERTEX_POINT('',#6721);
#6721 = CARTESIAN_POINT('',(52.4,105.05,7.5));
#6722 = LINE('',#6723,#6724);
#6723 = CARTESIAN_POINT('',(52.4,107.25,7.5));
#6724 = VECTOR('',#6725,1.);
#6725 = DIRECTION('',(0.,-1.,2.2E-16));
#6726 = ORIENTED_EDGE('',*,*,#6727,.T.);
#6727 = EDGE_CURVE('',#6720,#6720,#6728,.T.);
#6728 = CIRCLE('',#6729,2.6);
#6729 = AXIS2_PLACEMENT_3D('',#6730,#6731,#6732);
#6730 = CARTESIAN_POINT('',(55.,105.05,7.5));
#6731 = DIRECTION('',(0.,1.,-0.));
#6732 = DIRECTION('',(-1.,0.,0.));
#6733 = ORIENTED_EDGE('',*,*,#6719,.F.);
#6734 = ORIENTED_EDGE('',*,*,#2417,.F.);
#6735 = CYLINDRICAL_SURFACE('',#6736,2.6);
#6736 = AXIS2_PLACEMENT_3D('',#6737,#6738,#6739);
#6737 = CARTESIAN_POINT('',(55.,107.25,7.5));
#6738 = DIRECTION('',(0.,1.,-2.2E-16));
#6739 = DIRECTION('',(-1.,0.,0.));
#6740 = ADVANCED_FACE('',(#6741),#6766,.T.);
#6741 = FACE_BOUND('',#6742,.T.);
#6742 = EDGE_LOOP('',(#6743,#6751,#6752,#6760));
#6743 = ORIENTED_EDGE('',*,*,#6744,.F.);
#6744 = EDGE_CURVE('',#2429,#6745,#6747,.T.);
#6745 = VERTEX_POINT('',#6746);
#6746 = CARTESIAN_POINT('',(49.8,106.75,4.9));
#6747 = LINE('',#6748,#6749);
#6748 = CARTESIAN_POINT('',(49.1,106.05,5.6));
#6749 = VECTOR('',#6750,1.);
#6750 = DIRECTION('',(-0.57735026919,-0.57735026919,0.57735026919));
#6751 = ORIENTED_EDGE('',*,*,#2428,.T.);
#6752 = ORIENTED_EDGE('',*,*,#6753,.T.);
#6753 = EDGE_CURVE('',#2431,#6754,#6756,.T.);
#6754 = VERTEX_POINT('',#6755);
#6755 = CARTESIAN_POINT('',(47.6,106.75,4.9));
#6756 = LINE('',#6757,#6758);
#6757 = CARTESIAN_POINT('',(47.8,106.55,5.1));
#6758 = VECTOR('',#6759,1.);
#6759 = DIRECTION('',(0.57735026919,-0.57735026919,0.57735026919));
#6760 = ORIENTED_EDGE('',*,*,#6761,.F.);
#6761 = EDGE_CURVE('',#6745,#6754,#6762,.T.);
#6762 = LINE('',#6763,#6764);
#6763 = CARTESIAN_POINT('',(49.8,106.75,4.9));
#6764 = VECTOR('',#6765,1.);
#6765 = DIRECTION('',(-1.,0.,0.));
#6766 = PLANE('',#6767);
#6767 = AXIS2_PLACEMENT_3D('',#6768,#6769,#6770);
#6768 = CARTESIAN_POINT('',(49.8,107.,4.65));
#6769 = DIRECTION('',(0.,0.707106781187,0.707106781187));
#6770 = DIRECTION('',(-1.,0.,0.));
#6771 = ADVANCED_FACE('',(#6772),#6790,.T.);
#6772 = FACE_BOUND('',#6773,.T.);
#6773 = EDGE_LOOP('',(#6774,#6782,#6783,#6784));
#6774 = ORIENTED_EDGE('',*,*,#6775,.F.);
#6775 = EDGE_CURVE('',#2447,#6776,#6778,.T.);
#6776 = VERTEX_POINT('',#6777);
#6777 = CARTESIAN_POINT('',(49.8,106.75,10.1));
#6778 = LINE('',#6779,#6780);
#6779 = CARTESIAN_POINT('',(49.6,106.55,9.9));
#6780 = VECTOR('',#6781,1.);
#6781 = DIRECTION('',(-0.57735026919,-0.57735026919,-0.57735026919));
#6782 = ORIENTED_EDGE('',*,*,#2454,.T.);
#6783 = ORIENTED_EDGE('',*,*,#6744,.T.);
#6784 = ORIENTED_EDGE('',*,*,#6785,.F.);
#6785 = EDGE_CURVE('',#6776,#6745,#6786,.T.);
#6786 = LINE('',#6787,#6788);
#6787 = CARTESIAN_POINT('',(49.8,106.75,10.1));
#6788 = VECTOR('',#6789,1.);
#6789 = DIRECTION('',(0.,-2.2E-16,-1.));
#6790 = PLANE('',#6791);
#6791 = AXIS2_PLACEMENT_3D('',#6792,#6793,#6794);
#6792 = CARTESIAN_POINT('',(50.05,107.,10.1));
#6793 = DIRECTION('',(-0.707106781187,0.707106781187,0.));
#6794 = DIRECTION('',(-1.1E-16,-1.1E-16,-1.));
#6795 = ADVANCED_FACE('',(#6796),#6814,.T.);
#6796 = FACE_BOUND('',#6797,.T.);
#6797 = EDGE_LOOP('',(#6798,#6799,#6800,#6808));
#6798 = ORIENTED_EDGE('',*,*,#6753,.F.);
#6799 = ORIENTED_EDGE('',*,*,#2438,.T.);
#6800 = ORIENTED_EDGE('',*,*,#6801,.T.);
#6801 = EDGE_CURVE('',#2439,#6802,#6804,.T.);
#6802 = VERTEX_POINT('',#6803);
#6803 = CARTESIAN_POINT('',(47.6,106.75,10.1));
#6804 = LINE('',#6805,#6806);
#6805 = CARTESIAN_POINT('',(48.3,106.05,9.4));
#6806 = VECTOR('',#6807,1.);
#6807 = DIRECTION('',(0.57735026919,-0.57735026919,-0.57735026919));
#6808 = ORIENTED_EDGE('',*,*,#6809,.F.);
#6809 = EDGE_CURVE('',#6754,#6802,#6810,.T.);
#6810 = LINE('',#6811,#6812);
#6811 = CARTESIAN_POINT('',(47.6,106.75,4.9));
#6812 = VECTOR('',#6813,1.);
#6813 = DIRECTION('',(0.,2.2E-16,1.));
#6814 = PLANE('',#6815);
#6815 = AXIS2_PLACEMENT_3D('',#6816,#6817,#6818);
#6816 = CARTESIAN_POINT('',(47.35,107.,4.9));
#6817 = DIRECTION('',(0.707106781187,0.707106781187,0.));
#6818 = DIRECTION('',(-1.1E-16,1.1E-16,1.));
#6819 = ADVANCED_FACE('',(#6820),#6831,.T.);
#6820 = FACE_BOUND('',#6821,.T.);
#6821 = EDGE_LOOP('',(#6822,#6823,#6824,#6825));
#6822 = ORIENTED_EDGE('',*,*,#6801,.F.);
#6823 = ORIENTED_EDGE('',*,*,#2446,.T.);
#6824 = ORIENTED_EDGE('',*,*,#6775,.T.);
#6825 = ORIENTED_EDGE('',*,*,#6826,.F.);
#6826 = EDGE_CURVE('',#6802,#6776,#6827,.T.);
#6827 = LINE('',#6828,#6829);
#6828 = CARTESIAN_POINT('',(47.6,106.75,10.1));
#6829 = VECTOR('',#6830,1.);
#6830 = DIRECTION('',(1.,0.,0.));
#6831 = PLANE('',#6832);
#6832 = AXIS2_PLACEMENT_3D('',#6833,#6834,#6835);
#6833 = CARTESIAN_POINT('',(47.6,107.,10.35));
#6834 = DIRECTION('',(0.,0.707106781187,-0.707106781187));
#6835 = DIRECTION('',(1.,0.,0.));
#6836 = ADVANCED_FACE('',(#6837),#6853,.F.);
#6837 = FACE_BOUND('',#6838,.F.);
#6838 = EDGE_LOOP('',(#6839,#6845,#6846,#6852));
#6839 = ORIENTED_EDGE('',*,*,#6840,.F.);
#6840 = EDGE_CURVE('',#2463,#5143,#6841,.T.);
#6841 = LINE('',#6842,#6843);
#6842 = CARTESIAN_POINT('',(23.6,106.75,6.));
#6843 = VECTOR('',#6844,1.);
#6844 = DIRECTION('',(1.884E-14,-0.707106781187,0.707106781187));
#6845 = ORIENTED_EDGE('',*,*,#2462,.T.);
#6846 = ORIENTED_EDGE('',*,*,#6847,.T.);
#6847 = EDGE_CURVE('',#2465,#5119,#6848,.T.);
#6848 = LINE('',#6849,#6850);
#6849 = CARTESIAN_POINT('',(24.4,106.75,6.8));
#6850 = VECTOR('',#6851,1.);
#6851 = DIRECTION('',(-0.707106781187,-0.707106781187,1.888E-14));
#6852 = ORIENTED_EDGE('',*,*,#5150,.F.);
#6853 = CONICAL_SURFACE('',#6854,0.8,0.785398163397);
#6854 = AXIS2_PLACEMENT_3D('',#6855,#6856,#6857);
#6855 = CARTESIAN_POINT('',(23.6,106.75,6.8));
#6856 = DIRECTION('',(0.,1.,0.));
#6857 = DIRECTION('',(-2.665E-14,-0.,-1.));
#6858 = ADVANCED_FACE('',(#6859),#6870,.T.);
#6859 = FACE_BOUND('',#6860,.F.);
#6860 = EDGE_LOOP('',(#6861,#6867,#6868,#6869));
#6861 = ORIENTED_EDGE('',*,*,#6862,.F.);
#6862 = EDGE_CURVE('',#2474,#5168,#6863,.T.);
#6863 = LINE('',#6864,#6865);
#6864 = CARTESIAN_POINT('',(16.4,106.75,6.));
#6865 = VECTOR('',#6866,1.);
#6866 = DIRECTION('',(6.7E-16,-0.707106781187,0.707106781187));
#6867 = ORIENTED_EDGE('',*,*,#2473,.T.);
#6868 = ORIENTED_EDGE('',*,*,#6840,.T.);
#6869 = ORIENTED_EDGE('',*,*,#5175,.F.);
#6870 = PLANE('',#6871);
#6871 = AXIS2_PLACEMENT_3D('',#6872,#6873,#6874);
#6872 = CARTESIAN_POINT('',(16.4,107.,5.75));
#6873 = DIRECTION('',(0.,0.707106781187,0.707106781187));
#6874 = DIRECTION('',(-1.,0.,0.));
#6875 = ADVANCED_FACE('',(#6876),#6887,.T.);
#6876 = FACE_BOUND('',#6877,.F.);
#6877 = EDGE_LOOP('',(#6878,#6879,#6880,#6886));
#6878 = ORIENTED_EDGE('',*,*,#6847,.F.);
#6879 = ORIENTED_EDGE('',*,*,#2524,.T.);
#6880 = ORIENTED_EDGE('',*,*,#6881,.T.);
#6881 = EDGE_CURVE('',#2516,#5094,#6882,.T.);
#6882 = LINE('',#6883,#6884);
#6883 = CARTESIAN_POINT('',(24.65,107.,8.2));
#6884 = VECTOR('',#6885,1.);
#6885 = DIRECTION('',(-0.707106781187,-0.707106781187,0.));
#6886 = ORIENTED_EDGE('',*,*,#5126,.F.);
#6887 = PLANE('',#6888);
#6888 = AXIS2_PLACEMENT_3D('',#6889,#6890,#6891);
#6889 = CARTESIAN_POINT('',(24.65,107.,6.8));
#6890 = DIRECTION('',(-0.707106781187,0.707106781187,0.));
#6891 = DIRECTION('',(-0.,-0.,-1.));
#6892 = ADVANCED_FACE('',(#6893),#6904,.F.);
#6893 = FACE_BOUND('',#6894,.F.);
#6894 = EDGE_LOOP('',(#6895,#6901,#6902,#6903));
#6895 = ORIENTED_EDGE('',*,*,#6896,.F.);
#6896 = EDGE_CURVE('',#2482,#5192,#6897,.T.);
#6897 = LINE('',#6898,#6899);
#6898 = CARTESIAN_POINT('',(15.35,107.,6.8));
#6899 = VECTOR('',#6900,1.);
#6900 = DIRECTION('',(0.707106781187,-0.707106781187,0.));
#6901 = ORIENTED_EDGE('',*,*,#2481,.T.);
#6902 = ORIENTED_EDGE('',*,*,#6862,.T.);
#6903 = ORIENTED_EDGE('',*,*,#5199,.F.);
#6904 = CONICAL_SURFACE('',#6905,0.8,0.785398163397);
#6905 = AXIS2_PLACEMENT_3D('',#6906,#6907,#6908);
#6906 = CARTESIAN_POINT('',(16.4,106.75,6.8));
#6907 = DIRECTION('',(0.,1.,0.));
#6908 = DIRECTION('',(-1.,0.,0.));
#6909 = ADVANCED_FACE('',(#6910),#6921,.F.);
#6910 = FACE_BOUND('',#6911,.F.);
#6911 = EDGE_LOOP('',(#6912,#6913,#6914,#6920));
#6912 = ORIENTED_EDGE('',*,*,#6881,.F.);
#6913 = ORIENTED_EDGE('',*,*,#2515,.T.);
#6914 = ORIENTED_EDGE('',*,*,#6915,.T.);
#6915 = EDGE_CURVE('',#2508,#5070,#6916,.T.);
#6916 = LINE('',#6917,#6918);
#6917 = CARTESIAN_POINT('',(23.6,106.75,9.));
#6918 = VECTOR('',#6919,1.);
#6919 = DIRECTION('',(-1.3E-15,-0.707106781187,-0.707106781187));
#6920 = ORIENTED_EDGE('',*,*,#5101,.F.);
#6921 = CONICAL_SURFACE('',#6922,0.8,0.785398163397);
#6922 = AXIS2_PLACEMENT_3D('',#6923,#6924,#6925);
#6923 = CARTESIAN_POINT('',(23.6,106.75,8.2));
#6924 = DIRECTION('',(0.,1.,0.));
#6925 = DIRECTION('',(1.,0.,0.));
#6926 = ADVANCED_FACE('',(#6927),#6938,.T.);
#6927 = FACE_BOUND('',#6928,.F.);
#6928 = EDGE_LOOP('',(#6929,#6935,#6936,#6937));
#6929 = ORIENTED_EDGE('',*,*,#6930,.F.);
#6930 = EDGE_CURVE('',#2491,#5036,#6931,.T.);
#6931 = LINE('',#6932,#6933);
#6932 = CARTESIAN_POINT('',(15.6,106.75,8.2));
#6933 = VECTOR('',#6934,1.);
#6934 = DIRECTION('',(0.707106781187,-0.707106781187,-1.92E-14));
#6935 = ORIENTED_EDGE('',*,*,#2490,.T.);
#6936 = ORIENTED_EDGE('',*,*,#6896,.T.);
#6937 = ORIENTED_EDGE('',*,*,#5217,.F.);
#6938 = PLANE('',#6939);
#6939 = AXIS2_PLACEMENT_3D('',#6940,#6941,#6942);
#6940 = CARTESIAN_POINT('',(15.35,107.,8.2));
#6941 = DIRECTION('',(0.707106781187,0.707106781187,0.));
#6942 = DIRECTION('',(0.,0.,1.));
#6943 = ADVANCED_FACE('',(#6944),#6955,.T.);
#6944 = FACE_BOUND('',#6945,.F.);
#6945 = EDGE_LOOP('',(#6946,#6947,#6948,#6954));
#6946 = ORIENTED_EDGE('',*,*,#6915,.F.);
#6947 = ORIENTED_EDGE('',*,*,#2507,.T.);
#6948 = ORIENTED_EDGE('',*,*,#6949,.T.);
#6949 = EDGE_CURVE('',#2499,#5045,#6950,.T.);
#6950 = LINE('',#6951,#6952);
#6951 = CARTESIAN_POINT('',(16.4,107.,9.25));
#6952 = VECTOR('',#6953,1.);
#6953 = DIRECTION('',(-0.,-0.707106781187,-0.707106781187));
#6954 = ORIENTED_EDGE('',*,*,#5077,.F.);
#6955 = PLANE('',#6956);
#6956 = AXIS2_PLACEMENT_3D('',#6957,#6958,#6959);
#6957 = CARTESIAN_POINT('',(23.6,107.,9.25));
#6958 = DIRECTION('',(0.,0.707106781187,-0.707106781187));
#6959 = DIRECTION('',(1.,0.,0.));
#6960 = ADVANCED_FACE('',(#6961),#6967,.F.);
#6961 = FACE_BOUND('',#6962,.F.);
#6962 = EDGE_LOOP('',(#6963,#6964,#6965,#6966));
#6963 = ORIENTED_EDGE('',*,*,#6949,.F.);
#6964 = ORIENTED_EDGE('',*,*,#2498,.T.);
#6965 = ORIENTED_EDGE('',*,*,#6930,.T.);
#6966 = ORIENTED_EDGE('',*,*,#5052,.F.);
#6967 = CONICAL_SURFACE('',#6968,0.8,0.785398163397);
#6968 = AXIS2_PLACEMENT_3D('',#6969,#6970,#6971);
#6969 = CARTESIAN_POINT('',(16.4,106.75,8.2));
#6970 = DIRECTION('',(0.,1.,0.));
#6971 = DIRECTION('',(2.665E-14,0.,1.));
#6972 = ADVANCED_FACE('',(#6973),#6991,.T.);
#6973 = FACE_BOUND('',#6974,.T.);
#6974 = EDGE_LOOP('',(#6975,#6976,#6977,#6985));
#6975 = ORIENTED_EDGE('',*,*,#6256,.F.);
#6976 = ORIENTED_EDGE('',*,*,#2539,.T.);
#6977 = ORIENTED_EDGE('',*,*,#6978,.T.);
#6978 = EDGE_CURVE('',#2540,#6979,#6981,.T.);
#6979 = VERTEX_POINT('',#6980);
#6980 = CARTESIAN_POINT('',(112.25,47.5,3.));
#6981 = LINE('',#6982,#6983);
#6982 = CARTESIAN_POINT('',(130.25,29.5,-15.));
#6983 = VECTOR('',#6984,1.);
#6984 = DIRECTION('',(0.57735026919,-0.57735026919,-0.57735026919));
#6985 = ORIENTED_EDGE('',*,*,#6986,.F.);
#6986 = EDGE_CURVE('',#6257,#6979,#6987,.T.);
#6987 = LINE('',#6988,#6989);
#6988 = CARTESIAN_POINT('',(221.75,47.5,3.));
#6989 = VECTOR('',#6990,1.);
#6990 = DIRECTION('',(-1.,0.,0.));
#6991 = PLANE('',#6992);
#6992 = AXIS2_PLACEMENT_3D('',#6993,#6994,#6995);
#6993 = CARTESIAN_POINT('',(221.75,47.75,3.25));
#6994 = DIRECTION('',(0.,-0.707106781187,0.707106781187));
#6995 = DIRECTION('',(-1.,0.,0.));
#6996 = ADVANCED_FACE('',(#6997),#7088,.T.);
#6997 = FACE_BOUND('',#6998,.T.);
#6998 = EDGE_LOOP('',(#6999,#7000,#7008,#7016,#7024,#7032,#7040,#7048,
    #7056,#7064,#7072,#7080,#7087));
#6999 = ORIENTED_EDGE('',*,*,#2587,.T.);
#7000 = ORIENTED_EDGE('',*,*,#7001,.F.);
#7001 = EDGE_CURVE('',#7002,#2590,#7004,.T.);
#7002 = VERTEX_POINT('',#7003);
#7003 = CARTESIAN_POINT('',(44.5,9.5,4.));
#7004 = LINE('',#7005,#7006);
#7005 = CARTESIAN_POINT('',(45.,9.5,4.));
#7006 = VECTOR('',#7007,1.);
#7007 = DIRECTION('',(1.,0.,0.));
#7008 = ORIENTED_EDGE('',*,*,#7009,.F.);
#7009 = EDGE_CURVE('',#7010,#7002,#7012,.T.);
#7010 = VERTEX_POINT('',#7011);
#7011 = CARTESIAN_POINT('',(44.5,19.5,4.));
#7012 = LINE('',#7013,#7014);
#7013 = CARTESIAN_POINT('',(44.5,20.,4.));
#7014 = VECTOR('',#7015,1.);
#7015 = DIRECTION('',(0.,-1.,0.));
#7016 = ORIENTED_EDGE('',*,*,#7017,.F.);
#7017 = EDGE_CURVE('',#7018,#7010,#7020,.T.);
#7018 = VERTEX_POINT('',#7019);
#7019 = CARTESIAN_POINT('',(34.5,19.5,4.));
#7020 = LINE('',#7021,#7022);
#7021 = CARTESIAN_POINT('',(35.,19.5,4.));
#7022 = VECTOR('',#7023,1.);
#7023 = DIRECTION('',(1.,0.,0.));
#7024 = ORIENTED_EDGE('',*,*,#7025,.F.);
#7025 = EDGE_CURVE('',#7026,#7018,#7028,.T.);
#7026 = VERTEX_POINT('',#7027);
#7027 = CARTESIAN_POINT('',(34.5,59.5,4.));
#7028 = LINE('',#7029,#7030);
#7029 = CARTESIAN_POINT('',(34.5,60.,4.));
#7030 = VECTOR('',#7031,1.);
#7031 = DIRECTION('',(0.,-1.,0.));
#7032 = ORIENTED_EDGE('',*,*,#7033,.F.);
#7033 = EDGE_CURVE('',#7034,#7026,#7036,.T.);
#7034 = VERTEX_POINT('',#7035);
#7035 = CARTESIAN_POINT('',(27.5,59.5,4.));
#7036 = LINE('',#7037,#7038);
#7037 = CARTESIAN_POINT('',(27.,59.5,4.));
#7038 = VECTOR('',#7039,1.);
#7039 = DIRECTION('',(1.,0.,0.));
#7040 = ORIENTED_EDGE('',*,*,#7041,.T.);
#7041 = EDGE_CURVE('',#7034,#7042,#7044,.T.);
#7042 = VERTEX_POINT('',#7043);
#7043 = CARTESIAN_POINT('',(27.5,53.166666666667,4.));
#7044 = LINE('',#7045,#7046);
#7045 = CARTESIAN_POINT('',(27.5,60.,4.));
#7046 = VECTOR('',#7047,1.);
#7047 = DIRECTION('',(0.,-1.,0.));
#7048 = ORIENTED_EDGE('',*,*,#7049,.T.);
#7049 = EDGE_CURVE('',#7042,#7050,#7052,.T.);
#7050 = VERTEX_POINT('',#7051);
#7051 = CARTESIAN_POINT('',(30.5,49.166666666667,4.));
#7052 = LINE('',#7053,#7054);
#7053 = CARTESIAN_POINT('',(27.4,53.3,4.));
#7054 = VECTOR('',#7055,1.);
#7055 = DIRECTION('',(0.6,-0.8,0.));
#7056 = ORIENTED_EDGE('',*,*,#7057,.T.);
#7057 = EDGE_CURVE('',#7050,#7058,#7060,.T.);
#7058 = VERTEX_POINT('',#7059);
#7059 = CARTESIAN_POINT('',(30.5,15.5,4.));
#7060 = LINE('',#7061,#7062);
#7061 = CARTESIAN_POINT('',(30.5,49.,4.));
#7062 = VECTOR('',#7063,1.);
#7063 = DIRECTION('',(0.,-1.,0.));
#7064 = ORIENTED_EDGE('',*,*,#7065,.T.);
#7065 = EDGE_CURVE('',#7058,#7066,#7068,.T.);
#7066 = VERTEX_POINT('',#7067);
#7067 = CARTESIAN_POINT('',(40.5,15.5,4.));
#7068 = LINE('',#7069,#7070);
#7069 = CARTESIAN_POINT('',(30.,15.5,4.));
#7070 = VECTOR('',#7071,1.);
#7071 = DIRECTION('',(1.,0.,0.));
#7072 = ORIENTED_EDGE('',*,*,#7073,.T.);
#7073 = EDGE_CURVE('',#7066,#7074,#7076,.T.);
#7074 = VERTEX_POINT('',#7075);
#7075 = CARTESIAN_POINT('',(40.5,6.,4.));
#7076 = LINE('',#7077,#7078);
#7077 = CARTESIAN_POINT('',(40.5,15.,4.));
#7078 = VECTOR('',#7079,1.);
#7079 = DIRECTION('',(0.,-1.,0.));
#7080 = ORIENTED_EDGE('',*,*,#7081,.T.);
#7081 = EDGE_CURVE('',#7074,#6176,#7082,.T.);
#7082 = CIRCLE('',#7083,0.5);
#7083 = AXIS2_PLACEMENT_3D('',#7084,#7085,#7086);
#7084 = CARTESIAN_POINT('',(41.,6.,4.));
#7085 = DIRECTION('',(0.,0.,1.));
#7086 = DIRECTION('',(-1.,0.,0.));
#7087 = ORIENTED_EDGE('',*,*,#6185,.T.);
#7088 = PLANE('',#7089);
#7089 = AXIS2_PLACEMENT_3D('',#7090,#7091,#7092);
#7090 = CARTESIAN_POINT('',(57.086625855956,19.779981647999,4.));
#7091 = DIRECTION('',(0.,0.,1.));
#7092 = DIRECTION('',(1.,0.,0.));
#7093 = ADVANCED_FACE('',(#7094),#7105,.F.);
#7094 = FACE_BOUND('',#7095,.T.);
#7095 = EDGE_LOOP('',(#7096,#7102,#7103,#7104));
#7096 = ORIENTED_EDGE('',*,*,#7097,.F.);
#7097 = EDGE_CURVE('',#7002,#2659,#7098,.T.);
#7098 = LINE('',#7099,#7100);
#7099 = CARTESIAN_POINT('',(46.5,11.5,6.));
#7100 = VECTOR('',#7101,1.);
#7101 = DIRECTION('',(0.57735026919,0.57735026919,0.57735026919));
#7102 = ORIENTED_EDGE('',*,*,#7001,.T.);
#7103 = ORIENTED_EDGE('',*,*,#2597,.T.);
#7104 = ORIENTED_EDGE('',*,*,#2666,.F.);
#7105 = PLANE('',#7106);
#7106 = AXIS2_PLACEMENT_3D('',#7107,#7108,#7109);
#7107 = CARTESIAN_POINT('',(45.,9.75,4.25));
#7108 = DIRECTION('',(0.,0.707106781187,-0.707106781187));
#7109 = DIRECTION('',(-1.,-0.,-0.));
#7110 = ADVANCED_FACE('',(#7111),#7122,.T.);
#7111 = FACE_BOUND('',#7112,.T.);
#7112 = EDGE_LOOP('',(#7113,#7114,#7115,#7116));
#7113 = ORIENTED_EDGE('',*,*,#6978,.F.);
#7114 = ORIENTED_EDGE('',*,*,#2613,.T.);
#7115 = ORIENTED_EDGE('',*,*,#6223,.T.);
#7116 = ORIENTED_EDGE('',*,*,#7117,.F.);
#7117 = EDGE_CURVE('',#6979,#6224,#7118,.T.);
#7118 = LINE('',#7119,#7120);
#7119 = CARTESIAN_POINT('',(112.25,48.,3.));
#7120 = VECTOR('',#7121,1.);
#7121 = DIRECTION('',(0.,-1.,0.));
#7122 = PLANE('',#7123);
#7123 = AXIS2_PLACEMENT_3D('',#7124,#7125,#7126);
#7124 = CARTESIAN_POINT('',(112.,48.,3.25));
#7125 = DIRECTION('',(0.707106781187,0.,0.707106781187));
#7126 = DIRECTION('',(0.,-1.,0.));
#7127 = ADVANCED_FACE('',(#7128),#7139,.F.);
#7128 = FACE_BOUND('',#7129,.T.);
#7129 = EDGE_LOOP('',(#7130,#7136,#7137,#7138));
#7130 = ORIENTED_EDGE('',*,*,#7131,.F.);
#7131 = EDGE_CURVE('',#7010,#2700,#7132,.T.);
#7132 = LINE('',#7133,#7134);
#7133 = CARTESIAN_POINT('',(43.166666666667,18.166666666667,
    2.666666666667));
#7134 = VECTOR('',#7135,1.);
#7135 = DIRECTION('',(0.57735026919,0.57735026919,0.57735026919));
#7136 = ORIENTED_EDGE('',*,*,#7009,.T.);
#7137 = ORIENTED_EDGE('',*,*,#7097,.T.);
#7138 = ORIENTED_EDGE('',*,*,#2707,.F.);
#7139 = PLANE('',#7140);
#7140 = AXIS2_PLACEMENT_3D('',#7141,#7142,#7143);
#7141 = CARTESIAN_POINT('',(44.75,20.,4.25));
#7142 = DIRECTION('',(0.707106781187,0.,-0.707106781187));
#7143 = DIRECTION('',(0.,1.,0.));
#7144 = ADVANCED_FACE('',(#7145),#7156,.F.);
#7145 = FACE_BOUND('',#7146,.T.);
#7146 = EDGE_LOOP('',(#7147,#7153,#7154,#7155));
#7147 = ORIENTED_EDGE('',*,*,#7148,.F.);
#7148 = EDGE_CURVE('',#7018,#2742,#7149,.T.);
#7149 = LINE('',#7150,#7151);
#7150 = CARTESIAN_POINT('',(41.5,26.5,11.));
#7151 = VECTOR('',#7152,1.);
#7152 = DIRECTION('',(0.57735026919,0.57735026919,0.57735026919));
#7153 = ORIENTED_EDGE('',*,*,#7017,.T.);
#7154 = ORIENTED_EDGE('',*,*,#7131,.T.);
#7155 = ORIENTED_EDGE('',*,*,#2749,.F.);
#7156 = PLANE('',#7157);
#7157 = AXIS2_PLACEMENT_3D('',#7158,#7159,#7160);
#7158 = CARTESIAN_POINT('',(35.,19.75,4.25));
#7159 = DIRECTION('',(0.,0.707106781187,-0.707106781187));
#7160 = DIRECTION('',(-1.,-0.,-0.));
#7161 = ADVANCED_FACE('',(#7162),#7173,.F.);
#7162 = FACE_BOUND('',#7163,.F.);
#7163 = EDGE_LOOP('',(#7164,#7165,#7166,#7172));
#7164 = ORIENTED_EDGE('',*,*,#2733,.T.);
#7165 = ORIENTED_EDGE('',*,*,#2997,.T.);
#7166 = ORIENTED_EDGE('',*,*,#7167,.F.);
#7167 = EDGE_CURVE('',#2807,#2998,#7168,.T.);
#7168 = LINE('',#7169,#7170);
#7169 = CARTESIAN_POINT('',(40.,15.,8.));
#7170 = VECTOR('',#7171,1.);
#7171 = DIRECTION('',(-1.,-0.,-0.));
#7172 = ORIENTED_EDGE('',*,*,#2814,.F.);
#7173 = PLANE('',#7174);
#7174 = AXIS2_PLACEMENT_3D('',#7175,#7176,#7177);
#7175 = CARTESIAN_POINT('',(40.,20.,8.));
#7176 = DIRECTION('',(0.,0.,1.));
#7177 = DIRECTION('',(0.,-1.,0.));
#7178 = ADVANCED_FACE('',(#7179),#7198,.F.);
#7179 = FACE_BOUND('',#7180,.T.);
#7180 = EDGE_LOOP('',(#7181,#7182,#7191,#7197));
#7181 = ORIENTED_EDGE('',*,*,#6045,.F.);
#7182 = ORIENTED_EDGE('',*,*,#7183,.T.);
#7183 = EDGE_CURVE('',#6038,#7184,#7186,.T.);
#7184 = VERTEX_POINT('',#7185);
#7185 = CARTESIAN_POINT('',(39.5,101.25,15.));
#7186 = CIRCLE('',#7187,1.5);
#7187 = AXIS2_PLACEMENT_3D('',#7188,#7189,#7190);
#7188 = CARTESIAN_POINT('',(41.,101.25,15.));
#7189 = DIRECTION('',(0.,0.,1.));
#7190 = DIRECTION('',(-2.132E-14,1.,0.));
#7191 = ORIENTED_EDGE('',*,*,#7192,.T.);
#7192 = EDGE_CURVE('',#7184,#2766,#7193,.T.);
#7193 = LINE('',#7194,#7195);
#7194 = CARTESIAN_POINT('',(39.75,101.25,14.75));
#7195 = VECTOR('',#7196,1.);
#7196 = DIRECTION('',(0.707106781187,0.,-0.707106781187));
#7197 = ORIENTED_EDGE('',*,*,#2773,.F.);
#7198 = CONICAL_SURFACE('',#7199,1.,0.785398163397);
#7199 = AXIS2_PLACEMENT_3D('',#7200,#7201,#7202);
#7200 = CARTESIAN_POINT('',(41.,101.25,14.5));
#7201 = DIRECTION('',(0.,0.,1.));
#7202 = DIRECTION('',(-2.132E-14,1.,0.));
#7203 = ADVANCED_FACE('',(#7204),#7220,.F.);
#7204 = FACE_BOUND('',#7205,.T.);
#7205 = EDGE_LOOP('',(#7206,#7212,#7213,#7219));
#7206 = ORIENTED_EDGE('',*,*,#7207,.F.);
#7207 = EDGE_CURVE('',#2799,#7066,#7208,.T.);
#7208 = LINE('',#7209,#7210);
#7209 = CARTESIAN_POINT('',(38.5,13.5,6.));
#7210 = VECTOR('',#7211,1.);
#7211 = DIRECTION('',(0.57735026919,0.57735026919,-0.57735026919));
#7212 = ORIENTED_EDGE('',*,*,#2798,.T.);
#7213 = ORIENTED_EDGE('',*,*,#7214,.T.);
#7214 = EDGE_CURVE('',#2791,#7074,#7215,.T.);
#7215 = LINE('',#7216,#7217);
#7216 = CARTESIAN_POINT('',(40.25,6.,4.25));
#7217 = VECTOR('',#7218,1.);
#7218 = DIRECTION('',(0.707106781187,0.,-0.707106781187));
#7219 = ORIENTED_EDGE('',*,*,#7073,.F.);
#7220 = PLANE('',#7221);
#7221 = AXIS2_PLACEMENT_3D('',#7222,#7223,#7224);
#7222 = CARTESIAN_POINT('',(40.25,15.,4.25));
#7223 = DIRECTION('',(-0.707106781187,0.,-0.707106781187));
#7224 = DIRECTION('',(0.,1.,0.));
#7225 = ADVANCED_FACE('',(#7226),#7244,.F.);
#7226 = FACE_BOUND('',#7227,.T.);
#7227 = EDGE_LOOP('',(#7228,#7229,#7237,#7243));
#7228 = ORIENTED_EDGE('',*,*,#7192,.F.);
#7229 = ORIENTED_EDGE('',*,*,#7230,.T.);
#7230 = EDGE_CURVE('',#7184,#7231,#7233,.T.);
#7231 = VERTEX_POINT('',#7232);
#7232 = CARTESIAN_POINT('',(39.5,6.,15.));
#7233 = LINE('',#7234,#7235);
#7234 = CARTESIAN_POINT('',(39.5,101.25,15.));
#7235 = VECTOR('',#7236,1.);
#7236 = DIRECTION('',(0.,-1.,0.));
#7237 = ORIENTED_EDGE('',*,*,#7238,.T.);
#7238 = EDGE_CURVE('',#7231,#2789,#7239,.T.);
#7239 = LINE('',#7240,#7241);
#7240 = CARTESIAN_POINT('',(39.75,6.,14.75));
#7241 = VECTOR('',#7242,1.);
#7242 = DIRECTION('',(0.707106781187,0.,-0.707106781187));
#7243 = ORIENTED_EDGE('',*,*,#2846,.F.);
#7244 = PLANE('',#7245);
#7245 = AXIS2_PLACEMENT_3D('',#7246,#7247,#7248);
#7246 = CARTESIAN_POINT('',(39.75,101.25,14.75));
#7247 = DIRECTION('',(-0.707106781187,0.,-0.707106781187));
#7248 = DIRECTION('',(0.,1.,0.));
#7249 = ADVANCED_FACE('',(#7250),#7268,.T.);
#7250 = FACE_BOUND('',#7251,.T.);
#7251 = EDGE_LOOP('',(#7252,#7253,#7254,#7260,#7261,#7262));
#7252 = ORIENTED_EDGE('',*,*,#3186,.F.);
#7253 = ORIENTED_EDGE('',*,*,#3201,.T.);
#7254 = ORIENTED_EDGE('',*,*,#7255,.F.);
#7255 = EDGE_CURVE('',#2998,#3202,#7256,.T.);
#7256 = LINE('',#7257,#7258);
#7257 = CARTESIAN_POINT('',(35.,15.,8.));
#7258 = VECTOR('',#7259,1.);
#7259 = DIRECTION('',(-1.,0.,0.));
#7260 = ORIENTED_EDGE('',*,*,#7167,.F.);
#7261 = ORIENTED_EDGE('',*,*,#2806,.T.);
#7262 = ORIENTED_EDGE('',*,*,#7263,.F.);
#7263 = EDGE_CURVE('',#3179,#2799,#7264,.T.);
#7264 = LINE('',#7265,#7266);
#7265 = CARTESIAN_POINT('',(30.,15.,4.5));
#7266 = VECTOR('',#7267,1.);
#7267 = DIRECTION('',(1.,0.,0.));
#7268 = PLANE('',#7269);
#7269 = AXIS2_PLACEMENT_3D('',#7270,#7271,#7272);
#7270 = CARTESIAN_POINT('',(35.,15.,6.));
#7271 = DIRECTION('',(0.,1.,3.4E-16));
#7272 = DIRECTION('',(0.,-3.4E-16,1.));
#7273 = ADVANCED_FACE('',(#7274),#7280,.F.);
#7274 = FACE_BOUND('',#7275,.F.);
#7275 = EDGE_LOOP('',(#7276,#7277,#7278,#7279));
#7276 = ORIENTED_EDGE('',*,*,#2910,.T.);
#7277 = ORIENTED_EDGE('',*,*,#3076,.T.);
#7278 = ORIENTED_EDGE('',*,*,#2860,.F.);
#7279 = ORIENTED_EDGE('',*,*,#2830,.F.);
#7280 = PLANE('',#7281);
#7281 = AXIS2_PLACEMENT_3D('',#7282,#7283,#7284);
#7282 = CARTESIAN_POINT('',(40.,92.25,10.));
#7283 = DIRECTION('',(0.,0.,1.));
#7284 = DIRECTION('',(0.,-1.,0.));
#7285 = ADVANCED_FACE('',(#7286,#7292),#7303,.T.);
#7286 = FACE_BOUND('',#7287,.T.);
#7287 = EDGE_LOOP('',(#7288,#7289,#7290,#7291));
#7288 = ORIENTED_EDGE('',*,*,#2941,.T.);
#7289 = ORIENTED_EDGE('',*,*,#2965,.T.);
#7290 = ORIENTED_EDGE('',*,*,#3083,.T.);
#7291 = ORIENTED_EDGE('',*,*,#2878,.T.);
#7292 = FACE_BOUND('',#7293,.F.);
#7293 = EDGE_LOOP('',(#7294));
#7294 = ORIENTED_EDGE('',*,*,#7295,.T.);
#7295 = EDGE_CURVE('',#7296,#7296,#7298,.T.);
#7296 = VERTEX_POINT('',#7297);
#7297 = CARTESIAN_POINT('',(34.,65.75,8.));
#7298 = CIRCLE('',#7299,1.5);
#7299 = AXIS2_PLACEMENT_3D('',#7300,#7301,#7302);
#7300 = CARTESIAN_POINT('',(32.5,65.75,8.));
#7301 = DIRECTION('',(0.,0.,1.));
#7302 = DIRECTION('',(1.,0.,0.));
#7303 = PLANE('',#7304);
#7304 = AXIS2_PLACEMENT_3D('',#7305,#7306,#7307);
#7305 = CARTESIAN_POINT('',(20.,58.595998696763,8.));
#7306 = DIRECTION('',(0.,0.,1.));
#7307 = DIRECTION('',(1.,0.,0.));
#7308 = ADVANCED_FACE('',(#7309),#7327,.T.);
#7309 = FACE_BOUND('',#7310,.T.);
#7310 = EDGE_LOOP('',(#7311,#7319,#7320,#7321));
#7311 = ORIENTED_EDGE('',*,*,#7312,.T.);
#7312 = EDGE_CURVE('',#7313,#2901,#7315,.T.);
#7313 = VERTEX_POINT('',#7314);
#7314 = CARTESIAN_POINT('',(30.,97.25,8.));
#7315 = LINE('',#7316,#7317);
#7316 = CARTESIAN_POINT('',(30.,97.25,8.));
#7317 = VECTOR('',#7318,1.);
#7318 = DIRECTION('',(0.,-1.,0.));
#7319 = ORIENTED_EDGE('',*,*,#2926,.T.);
#7320 = ORIENTED_EDGE('',*,*,#3069,.T.);
#7321 = ORIENTED_EDGE('',*,*,#7322,.T.);
#7322 = EDGE_CURVE('',#3062,#7313,#7323,.T.);
#7323 = LINE('',#7324,#7325);
#7324 = CARTESIAN_POINT('',(35.,97.25,8.));
#7325 = VECTOR('',#7326,1.);
#7326 = DIRECTION('',(-1.,0.,0.));
#7327 = PLANE('',#7328);
#7328 = AXIS2_PLACEMENT_3D('',#7329,#7330,#7331);
#7329 = CARTESIAN_POINT('',(20.,58.595998696763,8.));
#7330 = DIRECTION('',(0.,0.,1.));
#7331 = DIRECTION('',(1.,0.,0.));
#7332 = ADVANCED_FACE('',(#7333),#7344,.F.);
#7333 = FACE_BOUND('',#7334,.T.);
#7334 = EDGE_LOOP('',(#7335,#7341,#7342,#7343));
#7335 = ORIENTED_EDGE('',*,*,#7336,.F.);
#7336 = EDGE_CURVE('',#7026,#2989,#7337,.T.);
#7337 = LINE('',#7338,#7339);
#7338 = CARTESIAN_POINT('',(33.5,58.5,3.));
#7339 = VECTOR('',#7340,1.);
#7340 = DIRECTION('',(0.57735026919,0.57735026919,0.57735026919));
#7341 = ORIENTED_EDGE('',*,*,#7025,.T.);
#7342 = ORIENTED_EDGE('',*,*,#7148,.T.);
#7343 = ORIENTED_EDGE('',*,*,#2988,.F.);
#7344 = PLANE('',#7345);
#7345 = AXIS2_PLACEMENT_3D('',#7346,#7347,#7348);
#7346 = CARTESIAN_POINT('',(34.75,60.,4.25));
#7347 = DIRECTION('',(0.707106781187,0.,-0.707106781187));
#7348 = DIRECTION('',(0.,1.,0.));
#7349 = ADVANCED_FACE('',(#7350),#7375,.F.);
#7350 = FACE_BOUND('',#7351,.T.);
#7351 = EDGE_LOOP('',(#7352,#7360,#7368,#7374));
#7352 = ORIENTED_EDGE('',*,*,#7353,.F.);
#7353 = EDGE_CURVE('',#7354,#3030,#7356,.T.);
#7354 = VERTEX_POINT('',#7355);
#7355 = CARTESIAN_POINT('',(35.5,6.,15.));
#7356 = LINE('',#7357,#7358);
#7357 = CARTESIAN_POINT('',(35.,6.,14.5));
#7358 = VECTOR('',#7359,1.);
#7359 = DIRECTION('',(-0.707106781187,-5.8E-16,-0.707106781187));
#7360 = ORIENTED_EDGE('',*,*,#7361,.T.);
#7361 = EDGE_CURVE('',#7354,#7362,#7364,.T.);
#7362 = VERTEX_POINT('',#7363);
#7363 = CARTESIAN_POINT('',(35.5,101.25,15.));
#7364 = LINE('',#7365,#7366);
#7365 = CARTESIAN_POINT('',(35.5,6.,15.));
#7366 = VECTOR('',#7367,1.);
#7367 = DIRECTION('',(0.,1.,0.));
#7368 = ORIENTED_EDGE('',*,*,#7369,.T.);
#7369 = EDGE_CURVE('',#7362,#3038,#7370,.T.);
#7370 = LINE('',#7371,#7372);
#7371 = CARTESIAN_POINT('',(35.25,101.25,14.75));
#7372 = VECTOR('',#7373,1.);
#7373 = DIRECTION('',(-0.707106781187,0.,-0.707106781187));
#7374 = ORIENTED_EDGE('',*,*,#3037,.F.);
#7375 = PLANE('',#7376);
#7376 = AXIS2_PLACEMENT_3D('',#7377,#7378,#7379);
#7377 = CARTESIAN_POINT('',(35.25,6.,14.75));
#7378 = DIRECTION('',(0.707106781187,0.,-0.707106781187));
#7379 = DIRECTION('',(-0.,-1.,-0.));
#7380 = ADVANCED_FACE('',(#7381),#7399,.F.);
#7381 = FACE_BOUND('',#7382,.F.);
#7382 = EDGE_LOOP('',(#7383,#7384,#7391,#7392));
#7383 = ORIENTED_EDGE('',*,*,#3029,.F.);
#7384 = ORIENTED_EDGE('',*,*,#7385,.F.);
#7385 = EDGE_CURVE('',#3261,#3030,#7386,.T.);
#7386 = CIRCLE('',#7387,1.);
#7387 = AXIS2_PLACEMENT_3D('',#7388,#7389,#7390);
#7388 = CARTESIAN_POINT('',(34.,6.,14.5));
#7389 = DIRECTION('',(-0.,0.,1.));
#7390 = DIRECTION('',(1.421E-14,-1.,0.));
#7391 = ORIENTED_EDGE('',*,*,#3260,.T.);
#7392 = ORIENTED_EDGE('',*,*,#7393,.T.);
#7393 = EDGE_CURVE('',#3263,#3022,#7394,.T.);
#7394 = CIRCLE('',#7395,1.);
#7395 = AXIS2_PLACEMENT_3D('',#7396,#7397,#7398);
#7396 = CARTESIAN_POINT('',(34.,6.,12.));
#7397 = DIRECTION('',(0.,0.,1.));
#7398 = DIRECTION('',(1.,0.,0.));
#7399 = CYLINDRICAL_SURFACE('',#7400,1.);
#7400 = AXIS2_PLACEMENT_3D('',#7401,#7402,#7403);
#7401 = CARTESIAN_POINT('',(34.,6.,15.));
#7402 = DIRECTION('',(0.,0.,1.));
#7403 = DIRECTION('',(1.,0.,0.));
#7404 = ADVANCED_FACE('',(#7405,#7417),#7428,.T.);
#7405 = FACE_BOUND('',#7406,.T.);
#7406 = EDGE_LOOP('',(#7407,#7408,#7409,#7410,#7411));
#7407 = ORIENTED_EDGE('',*,*,#3218,.T.);
#7408 = ORIENTED_EDGE('',*,*,#3302,.T.);
#7409 = ORIENTED_EDGE('',*,*,#7393,.T.);
#7410 = ORIENTED_EDGE('',*,*,#3021,.T.);
#7411 = ORIENTED_EDGE('',*,*,#7412,.T.);
#7412 = EDGE_CURVE('',#3014,#3219,#7413,.T.);
#7413 = LINE('',#7414,#7415);
#7414 = CARTESIAN_POINT('',(35.,10.,12.));
#7415 = VECTOR('',#7416,1.);
#7416 = DIRECTION('',(-1.,0.,0.));
#7417 = FACE_BOUND('',#7418,.F.);
#7418 = EDGE_LOOP('',(#7419));
#7419 = ORIENTED_EDGE('',*,*,#7420,.T.);
#7420 = EDGE_CURVE('',#7421,#7421,#7423,.T.);
#7421 = VERTEX_POINT('',#7422);
#7422 = CARTESIAN_POINT('',(34.,7.5,12.));
#7423 = CIRCLE('',#7424,1.5);
#7424 = AXIS2_PLACEMENT_3D('',#7425,#7426,#7427);
#7425 = CARTESIAN_POINT('',(32.5,7.5,12.));
#7426 = DIRECTION('',(0.,0.,1.));
#7427 = DIRECTION('',(1.,0.,0.));
#7428 = PLANE('',#7429);
#7429 = AXIS2_PLACEMENT_3D('',#7430,#7431,#7432);
#7430 = CARTESIAN_POINT('',(20.000000000003,53.625000000011,12.));
#7431 = DIRECTION('',(0.,0.,1.));
#7432 = DIRECTION('',(1.,0.,0.));
#7433 = ADVANCED_FACE('',(#7434),#7445,.F.);
#7434 = FACE_BOUND('',#7435,.F.);
#7435 = EDGE_LOOP('',(#7436,#7442,#7443,#7444));
#7436 = ORIENTED_EDGE('',*,*,#7437,.T.);
#7437 = EDGE_CURVE('',#3227,#3006,#7438,.T.);
#7438 = LINE('',#7439,#7440);
#7439 = CARTESIAN_POINT('',(30.,10.,8.));
#7440 = VECTOR('',#7441,1.);
#7441 = DIRECTION('',(1.,0.,0.));
#7442 = ORIENTED_EDGE('',*,*,#3013,.T.);
#7443 = ORIENTED_EDGE('',*,*,#7412,.T.);
#7444 = ORIENTED_EDGE('',*,*,#3226,.F.);
#7445 = PLANE('',#7446);
#7446 = AXIS2_PLACEMENT_3D('',#7447,#7448,#7449);
#7447 = CARTESIAN_POINT('',(35.,10.,5.));
#7448 = DIRECTION('',(0.,-1.,0.));
#7449 = DIRECTION('',(-1.,0.,0.));
#7450 = ADVANCED_FACE('',(#7451),#7457,.T.);
#7451 = FACE_BOUND('',#7452,.T.);
#7452 = EDGE_LOOP('',(#7453,#7454,#7455,#7456));
#7453 = ORIENTED_EDGE('',*,*,#3234,.T.);
#7454 = ORIENTED_EDGE('',*,*,#7437,.T.);
#7455 = ORIENTED_EDGE('',*,*,#3005,.T.);
#7456 = ORIENTED_EDGE('',*,*,#7255,.T.);
#7457 = PLANE('',#7458);
#7458 = AXIS2_PLACEMENT_3D('',#7459,#7460,#7461);
#7459 = CARTESIAN_POINT('',(20.,58.595998696763,8.));
#7460 = DIRECTION('',(0.,0.,1.));
#7461 = DIRECTION('',(1.,0.,0.));
#7462 = ADVANCED_FACE('',(#7463),#7474,.F.);
#7463 = FACE_BOUND('',#7464,.T.);
#7464 = EDGE_LOOP('',(#7465,#7471,#7472,#7473));
#7465 = ORIENTED_EDGE('',*,*,#7466,.F.);
#7466 = EDGE_CURVE('',#7034,#3106,#7467,.T.);
#7467 = LINE('',#7468,#7469);
#7468 = CARTESIAN_POINT('',(27.166666666667,59.833333333333,
    4.333333333333));
#7469 = VECTOR('',#7470,1.);
#7470 = DIRECTION('',(-0.57735026919,0.57735026919,0.57735026919));
#7471 = ORIENTED_EDGE('',*,*,#7033,.T.);
#7472 = ORIENTED_EDGE('',*,*,#7336,.T.);
#7473 = ORIENTED_EDGE('',*,*,#3113,.F.);
#7474 = PLANE('',#7475);
#7475 = AXIS2_PLACEMENT_3D('',#7476,#7477,#7478);
#7476 = CARTESIAN_POINT('',(27.,59.75,4.25));
#7477 = DIRECTION('',(0.,0.707106781187,-0.707106781187));
#7478 = DIRECTION('',(-1.,-0.,-0.));
#7479 = ADVANCED_FACE('',(#7480),#7491,.T.);
#7480 = FACE_BOUND('',#7481,.F.);
#7481 = EDGE_LOOP('',(#7482,#7483,#7484,#7490));
#7482 = ORIENTED_EDGE('',*,*,#7466,.F.);
#7483 = ORIENTED_EDGE('',*,*,#7041,.T.);
#7484 = ORIENTED_EDGE('',*,*,#7485,.T.);
#7485 = EDGE_CURVE('',#7042,#3131,#7486,.T.);
#7486 = LINE('',#7487,#7488);
#7487 = CARTESIAN_POINT('',(27.789473684211,53.263157894737,
    3.710526315789));
#7488 = VECTOR('',#7489,1.);
#7489 = DIRECTION('',(-0.688247201612,-0.229415733871,0.688247201612));
#7490 = ORIENTED_EDGE('',*,*,#3130,.F.);
#7491 = PLANE('',#7492);
#7492 = AXIS2_PLACEMENT_3D('',#7493,#7494,#7495);
#7493 = CARTESIAN_POINT('',(27.25,60.,4.25));
#7494 = DIRECTION('',(0.707106781187,0.,0.707106781187));
#7495 = DIRECTION('',(0.,1.,0.));
#7496 = ADVANCED_FACE('',(#7497),#7508,.T.);
#7497 = FACE_BOUND('',#7498,.F.);
#7498 = EDGE_LOOP('',(#7499,#7500,#7501,#7507));
#7499 = ORIENTED_EDGE('',*,*,#7485,.F.);
#7500 = ORIENTED_EDGE('',*,*,#7049,.T.);
#7501 = ORIENTED_EDGE('',*,*,#7502,.T.);
#7502 = EDGE_CURVE('',#7050,#3155,#7503,.T.);
#7503 = LINE('',#7504,#7505);
#7504 = CARTESIAN_POINT('',(29.842105263158,48.947368421053,
    4.657894736842));
#7505 = VECTOR('',#7506,1.);
#7506 = DIRECTION('',(-0.688247201612,-0.229415733871,0.688247201612));
#7507 = ORIENTED_EDGE('',*,*,#3154,.F.);
#7508 = PLANE('',#7509);
#7509 = AXIS2_PLACEMENT_3D('',#7510,#7511,#7512);
#7510 = CARTESIAN_POINT('',(27.2,53.15,4.25));
#7511 = DIRECTION('',(0.565685424949,0.424264068712,0.707106781187));
#7512 = DIRECTION('',(-0.6,0.8,0.));
#7513 = ADVANCED_FACE('',(#7514),#7525,.T.);
#7514 = FACE_BOUND('',#7515,.F.);
#7515 = EDGE_LOOP('',(#7516,#7517,#7518,#7524));
#7516 = ORIENTED_EDGE('',*,*,#7502,.F.);
#7517 = ORIENTED_EDGE('',*,*,#7057,.T.);
#7518 = ORIENTED_EDGE('',*,*,#7519,.T.);
#7519 = EDGE_CURVE('',#7058,#3179,#7520,.T.);
#7520 = LINE('',#7521,#7522);
#7521 = CARTESIAN_POINT('',(35.833333333333,20.833333333333,
    -1.333333333333));
#7522 = VECTOR('',#7523,1.);
#7523 = DIRECTION('',(-0.57735026919,-0.57735026919,0.57735026919));
#7524 = ORIENTED_EDGE('',*,*,#3178,.F.);
#7525 = PLANE('',#7526);
#7526 = AXIS2_PLACEMENT_3D('',#7527,#7528,#7529);
#7527 = CARTESIAN_POINT('',(30.25,49.,4.25));
#7528 = DIRECTION('',(0.707106781187,0.,0.707106781187));
#7529 = DIRECTION('',(0.,1.,0.));
#7530 = ADVANCED_FACE('',(#7531),#7556,.F.);
#7531 = FACE_BOUND('',#7532,.T.);
#7532 = EDGE_LOOP('',(#7533,#7541,#7549,#7555));
#7533 = ORIENTED_EDGE('',*,*,#7534,.F.);
#7534 = EDGE_CURVE('',#7535,#3271,#7537,.T.);
#7535 = VERTEX_POINT('',#7536);
#7536 = CARTESIAN_POINT('',(6.,4.5,15.));
#7537 = LINE('',#7538,#7539);
#7538 = CARTESIAN_POINT('',(6.,5.,14.5));
#7539 = VECTOR('',#7540,1.);
#7540 = DIRECTION('',(4.E-17,0.707106781187,-0.707106781187));
#7541 = ORIENTED_EDGE('',*,*,#7542,.T.);
#7542 = EDGE_CURVE('',#7535,#7543,#7545,.T.);
#7543 = VERTEX_POINT('',#7544);
#7544 = CARTESIAN_POINT('',(34.,4.5,15.));
#7545 = LINE('',#7546,#7547);
#7546 = CARTESIAN_POINT('',(6.,4.5,15.));
#7547 = VECTOR('',#7548,1.);
#7548 = DIRECTION('',(1.,0.,0.));
#7549 = ORIENTED_EDGE('',*,*,#7550,.T.);
#7550 = EDGE_CURVE('',#7543,#3261,#7551,.T.);
#7551 = LINE('',#7552,#7553);
#7552 = CARTESIAN_POINT('',(34.,4.75,14.75));
#7553 = VECTOR('',#7554,1.);
#7554 = DIRECTION('',(0.,0.707106781187,-0.707106781187));
#7555 = ORIENTED_EDGE('',*,*,#3270,.F.);
#7556 = PLANE('',#7557);
#7557 = AXIS2_PLACEMENT_3D('',#7558,#7559,#7560);
#7558 = CARTESIAN_POINT('',(6.,4.75,14.75));
#7559 = DIRECTION('',(0.,-0.707106781187,-0.707106781187));
#7560 = DIRECTION('',(-1.,-0.,-0.));
#7561 = ADVANCED_FACE('',(#7562),#7573,.F.);
#7562 = FACE_BOUND('',#7563,.F.);
#7563 = EDGE_LOOP('',(#7564,#7565,#7571,#7572));
#7564 = ORIENTED_EDGE('',*,*,#3549,.T.);
#7565 = ORIENTED_EDGE('',*,*,#7566,.T.);
#7566 = EDGE_CURVE('',#3542,#3441,#7567,.T.);
#7567 = LINE('',#7568,#7569);
#7568 = CARTESIAN_POINT('',(55.75,24.65,10.5));
#7569 = VECTOR('',#7570,1.);
#7570 = DIRECTION('',(1.,0.,0.));
#7571 = ORIENTED_EDGE('',*,*,#3438,.F.);
#7572 = ORIENTED_EDGE('',*,*,#3519,.F.);
#7573 = PLANE('',#7574);
#7574 = AXIS2_PLACEMENT_3D('',#7575,#7576,#7577);
#7575 = CARTESIAN_POINT('',(55.75,24.65,5.));
#7576 = DIRECTION('',(0.,1.,0.));
#7577 = DIRECTION('',(1.,0.,0.));
#7578 = ADVANCED_FACE('',(#7579),#7590,.T.);
#7579 = FACE_BOUND('',#7580,.T.);
#7580 = EDGE_LOOP('',(#7581,#7582,#7583,#7584));
#7581 = ORIENTED_EDGE('',*,*,#3541,.T.);
#7582 = ORIENTED_EDGE('',*,*,#7566,.T.);
#7583 = ORIENTED_EDGE('',*,*,#3448,.T.);
#7584 = ORIENTED_EDGE('',*,*,#7585,.T.);
#7585 = EDGE_CURVE('',#3449,#3534,#7586,.T.);
#7586 = LINE('',#7587,#7588);
#7587 = CARTESIAN_POINT('',(60.25,25.85,10.5));
#7588 = VECTOR('',#7589,1.);
#7589 = DIRECTION('',(-1.,0.,0.));
#7590 = PLANE('',#7591);
#7591 = AXIS2_PLACEMENT_3D('',#7592,#7593,#7594);
#7592 = CARTESIAN_POINT('',(183.875,55.7,10.5));
#7593 = DIRECTION('',(0.,0.,1.));
#7594 = DIRECTION('',(1.,0.,0.));
#7595 = ADVANCED_FACE('',(#7596),#7602,.F.);
#7596 = FACE_BOUND('',#7597,.F.);
#7597 = EDGE_LOOP('',(#7598,#7599,#7600,#7601));
#7598 = ORIENTED_EDGE('',*,*,#3456,.T.);
#7599 = ORIENTED_EDGE('',*,*,#7585,.T.);
#7600 = ORIENTED_EDGE('',*,*,#3533,.F.);
#7601 = ORIENTED_EDGE('',*,*,#3495,.F.);
#7602 = PLANE('',#7603);
#7603 = AXIS2_PLACEMENT_3D('',#7604,#7605,#7606);
#7604 = CARTESIAN_POINT('',(60.25,25.85,5.));
#7605 = DIRECTION('',(0.,-1.,0.));
#7606 = DIRECTION('',(-1.,0.,0.));
#7607 = ADVANCED_FACE('',(#7608),#7627,.T.);
#7608 = FACE_BOUND('',#7609,.F.);
#7609 = EDGE_LOOP('',(#7610,#7618,#7625,#7626));
#7610 = ORIENTED_EDGE('',*,*,#7611,.T.);
#7611 = EDGE_CURVE('',#3567,#7612,#7614,.T.);
#7612 = VERTEX_POINT('',#7613);
#7613 = CARTESIAN_POINT('',(67.5,25.25,8.));
#7614 = LINE('',#7615,#7616);
#7615 = CARTESIAN_POINT('',(67.5,25.25,5.));
#7616 = VECTOR('',#7617,1.);
#7617 = DIRECTION('',(0.,0.,1.));
#7618 = ORIENTED_EDGE('',*,*,#7619,.T.);
#7619 = EDGE_CURVE('',#7612,#7612,#7620,.T.);
#7620 = CIRCLE('',#7621,3.);
#7621 = AXIS2_PLACEMENT_3D('',#7622,#7623,#7624);
#7622 = CARTESIAN_POINT('',(64.5,25.25,8.));
#7623 = DIRECTION('',(0.,0.,1.));
#7624 = DIRECTION('',(1.,0.,0.));
#7625 = ORIENTED_EDGE('',*,*,#7611,.F.);
#7626 = ORIENTED_EDGE('',*,*,#3576,.F.);
#7627 = CYLINDRICAL_SURFACE('',#7628,3.);
#7628 = AXIS2_PLACEMENT_3D('',#7629,#7630,#7631);
#7629 = CARTESIAN_POINT('',(64.5,25.25,5.));
#7630 = DIRECTION('',(-0.,-0.,-1.));
#7631 = DIRECTION('',(1.,0.,0.));
#7632 = ADVANCED_FACE('',(#7633),#7644,.F.);
#7633 = FACE_BOUND('',#7634,.F.);
#7634 = EDGE_LOOP('',(#7635,#7636,#7642,#7643));
#7635 = ORIENTED_EDGE('',*,*,#3702,.T.);
#7636 = ORIENTED_EDGE('',*,*,#7637,.T.);
#7637 = EDGE_CURVE('',#3695,#3594,#7638,.T.);
#7638 = LINE('',#7639,#7640);
#7639 = CARTESIAN_POINT('',(68.75,24.65,10.5));
#7640 = VECTOR('',#7641,1.);
#7641 = DIRECTION('',(1.,0.,0.));
#7642 = ORIENTED_EDGE('',*,*,#3591,.F.);
#7643 = ORIENTED_EDGE('',*,*,#3672,.F.);
#7644 = PLANE('',#7645);
#7645 = AXIS2_PLACEMENT_3D('',#7646,#7647,#7648);
#7646 = CARTESIAN_POINT('',(68.75,24.65,5.));
#7647 = DIRECTION('',(0.,1.,0.));
#7648 = DIRECTION('',(1.,0.,0.));
#7649 = ADVANCED_FACE('',(#7650),#7661,.T.);
#7650 = FACE_BOUND('',#7651,.T.);
#7651 = EDGE_LOOP('',(#7652,#7653,#7654,#7655));
#7652 = ORIENTED_EDGE('',*,*,#3694,.T.);
#7653 = ORIENTED_EDGE('',*,*,#7637,.T.);
#7654 = ORIENTED_EDGE('',*,*,#3601,.T.);
#7655 = ORIENTED_EDGE('',*,*,#7656,.T.);
#7656 = EDGE_CURVE('',#3602,#3687,#7657,.T.);
#7657 = LINE('',#7658,#7659);
#7658 = CARTESIAN_POINT('',(73.25,25.85,10.5));
#7659 = VECTOR('',#7660,1.);
#7660 = DIRECTION('',(-1.,0.,0.));
#7661 = PLANE('',#7662);
#7662 = AXIS2_PLACEMENT_3D('',#7663,#7664,#7665);
#7663 = CARTESIAN_POINT('',(183.875,55.7,10.5));
#7664 = DIRECTION('',(0.,0.,1.));
#7665 = DIRECTION('',(1.,0.,0.));
#7666 = ADVANCED_FACE('',(#7667),#7673,.F.);
#7667 = FACE_BOUND('',#7668,.F.);
#7668 = EDGE_LOOP('',(#7669,#7670,#7671,#7672));
#7669 = ORIENTED_EDGE('',*,*,#3609,.T.);
#7670 = ORIENTED_EDGE('',*,*,#7656,.T.);
#7671 = ORIENTED_EDGE('',*,*,#3686,.F.);
#7672 = ORIENTED_EDGE('',*,*,#3648,.F.);
#7673 = PLANE('',#7674);
#7674 = AXIS2_PLACEMENT_3D('',#7675,#7676,#7677);
#7675 = CARTESIAN_POINT('',(73.25,25.85,5.));
#7676 = DIRECTION('',(0.,-1.,0.));
#7677 = DIRECTION('',(-1.,0.,0.));
#7678 = ADVANCED_FACE('',(#7679),#7704,.T.);
#7679 = FACE_BOUND('',#7680,.T.);
#7680 = EDGE_LOOP('',(#7681,#7689,#7690,#7698));
#7681 = ORIENTED_EDGE('',*,*,#7682,.F.);
#7682 = EDGE_CURVE('',#3720,#7683,#7685,.T.);
#7683 = VERTEX_POINT('',#7684);
#7684 = CARTESIAN_POINT('',(22.5,47.5,4.));
#7685 = LINE('',#7686,#7687);
#7686 = CARTESIAN_POINT('',(23.,47.,3.5));
#7687 = VECTOR('',#7688,1.);
#7688 = DIRECTION('',(0.57735026919,-0.57735026919,-0.57735026919));
#7689 = ORIENTED_EDGE('',*,*,#3727,.T.);
#7690 = ORIENTED_EDGE('',*,*,#7691,.T.);
#7691 = EDGE_CURVE('',#3728,#7692,#7694,.T.);
#7692 = VERTEX_POINT('',#7693);
#7693 = CARTESIAN_POINT('',(22.5,36.5,4.));
#7694 = LINE('',#7695,#7696);
#7695 = CARTESIAN_POINT('',(24.166666666667,38.166666666667,
    2.333333333333));
#7696 = VECTOR('',#7697,1.);
#7697 = DIRECTION('',(0.57735026919,0.57735026919,-0.57735026919));
#7698 = ORIENTED_EDGE('',*,*,#7699,.F.);
#7699 = EDGE_CURVE('',#7683,#7692,#7700,.T.);
#7700 = LINE('',#7701,#7702);
#7701 = CARTESIAN_POINT('',(22.5,48.,4.));
#7702 = VECTOR('',#7703,1.);
#7703 = DIRECTION('',(0.,-1.,0.));
#7704 = PLANE('',#7705);
#7705 = AXIS2_PLACEMENT_3D('',#7706,#7707,#7708);
#7706 = CARTESIAN_POINT('',(22.25,48.,4.25));
#7707 = DIRECTION('',(0.707106781187,0.,0.707106781187));
#7708 = DIRECTION('',(0.,-1.,0.));
#7709 = ADVANCED_FACE('',(#7710),#7728,.T.);
#7710 = FACE_BOUND('',#7711,.T.);
#7711 = EDGE_LOOP('',(#7712,#7713,#7714,#7722));
#7712 = ORIENTED_EDGE('',*,*,#7691,.F.);
#7713 = ORIENTED_EDGE('',*,*,#3751,.T.);
#7714 = ORIENTED_EDGE('',*,*,#7715,.T.);
#7715 = EDGE_CURVE('',#3752,#7716,#7718,.T.);
#7716 = VERTEX_POINT('',#7717);
#7717 = CARTESIAN_POINT('',(26.5,36.5,4.));
#7718 = LINE('',#7719,#7720);
#7719 = CARTESIAN_POINT('',(26.,37.,3.5));
#7720 = VECTOR('',#7721,1.);
#7721 = DIRECTION('',(-0.57735026919,0.57735026919,-0.57735026919));
#7722 = ORIENTED_EDGE('',*,*,#7723,.F.);
#7723 = EDGE_CURVE('',#7692,#7716,#7724,.T.);
#7724 = LINE('',#7725,#7726);
#7725 = CARTESIAN_POINT('',(22.,36.5,4.));
#7726 = VECTOR('',#7727,1.);
#7727 = DIRECTION('',(1.,0.,0.));
#7728 = PLANE('',#7729);
#7729 = AXIS2_PLACEMENT_3D('',#7730,#7731,#7732);
#7730 = CARTESIAN_POINT('',(22.,36.25,4.25));
#7731 = DIRECTION('',(0.,0.707106781187,0.707106781187));
#7732 = DIRECTION('',(1.,0.,0.));
#7733 = ADVANCED_FACE('',(#7734),#7752,.T.);
#7734 = FACE_BOUND('',#7735,.T.);
#7735 = EDGE_LOOP('',(#7736,#7737,#7738,#7746));
#7736 = ORIENTED_EDGE('',*,*,#7715,.F.);
#7737 = ORIENTED_EDGE('',*,*,#3775,.T.);
#7738 = ORIENTED_EDGE('',*,*,#7739,.T.);
#7739 = EDGE_CURVE('',#3776,#7740,#7742,.T.);
#7740 = VERTEX_POINT('',#7741);
#7741 = CARTESIAN_POINT('',(26.5,47.5,4.));
#7742 = LINE('',#7743,#7744);
#7743 = CARTESIAN_POINT('',(24.833333333333,45.833333333333,
    2.333333333333));
#7744 = VECTOR('',#7745,1.);
#7745 = DIRECTION('',(-0.57735026919,-0.57735026919,-0.57735026919));
#7746 = ORIENTED_EDGE('',*,*,#7747,.F.);
#7747 = EDGE_CURVE('',#7716,#7740,#7748,.T.);
#7748 = LINE('',#7749,#7750);
#7749 = CARTESIAN_POINT('',(26.5,36.,4.));
#7750 = VECTOR('',#7751,1.);
#7751 = DIRECTION('',(0.,1.,0.));
#7752 = PLANE('',#7753);
#7753 = AXIS2_PLACEMENT_3D('',#7754,#7755,#7756);
#7754 = CARTESIAN_POINT('',(26.75,36.,4.25));
#7755 = DIRECTION('',(-0.707106781187,0.,0.707106781187));
#7756 = DIRECTION('',(0.,1.,0.));
#7757 = ADVANCED_FACE('',(#7758),#7769,.T.);
#7758 = FACE_BOUND('',#7759,.T.);
#7759 = EDGE_LOOP('',(#7760,#7761,#7762,#7763));
#7760 = ORIENTED_EDGE('',*,*,#7739,.F.);
#7761 = ORIENTED_EDGE('',*,*,#3799,.T.);
#7762 = ORIENTED_EDGE('',*,*,#7682,.T.);
#7763 = ORIENTED_EDGE('',*,*,#7764,.F.);
#7764 = EDGE_CURVE('',#7740,#7683,#7765,.T.);
#7765 = LINE('',#7766,#7767);
#7766 = CARTESIAN_POINT('',(27.,47.5,4.));
#7767 = VECTOR('',#7768,1.);
#7768 = DIRECTION('',(-1.,0.,0.));
#7769 = PLANE('',#7770);
#7770 = AXIS2_PLACEMENT_3D('',#7771,#7772,#7773);
#7771 = CARTESIAN_POINT('',(27.,47.75,4.25));
#7772 = DIRECTION('',(0.,-0.707106781187,0.707106781187));
#7773 = DIRECTION('',(-1.,0.,0.));
#7774 = ADVANCED_FACE('',(#7775),#7786,.F.);
#7775 = FACE_BOUND('',#7776,.F.);
#7776 = EDGE_LOOP('',(#7777,#7778,#7784,#7785));
#7777 = ORIENTED_EDGE('',*,*,#3926,.T.);
#7778 = ORIENTED_EDGE('',*,*,#7779,.T.);
#7779 = EDGE_CURVE('',#3919,#3818,#7780,.T.);
#7780 = LINE('',#7781,#7782);
#7781 = CARTESIAN_POINT('',(299.,25.85,10.5));
#7782 = VECTOR('',#7783,1.);
#7783 = DIRECTION('',(-1.,0.,0.));
#7784 = ORIENTED_EDGE('',*,*,#3815,.F.);
#7785 = ORIENTED_EDGE('',*,*,#3896,.F.);
#7786 = PLANE('',#7787);
#7787 = AXIS2_PLACEMENT_3D('',#7788,#7789,#7790);
#7788 = CARTESIAN_POINT('',(299.,25.85,5.));
#7789 = DIRECTION('',(0.,-1.,0.));
#7790 = DIRECTION('',(-1.,0.,0.));
#7791 = ADVANCED_FACE('',(#7792),#7803,.T.);
#7792 = FACE_BOUND('',#7793,.T.);
#7793 = EDGE_LOOP('',(#7794,#7795,#7801,#7802));
#7794 = ORIENTED_EDGE('',*,*,#3825,.T.);
#7795 = ORIENTED_EDGE('',*,*,#7796,.T.);
#7796 = EDGE_CURVE('',#3826,#3911,#7797,.T.);
#7797 = LINE('',#7798,#7799);
#7798 = CARTESIAN_POINT('',(294.5,24.65,10.5));
#7799 = VECTOR('',#7800,1.);
#7800 = DIRECTION('',(1.,0.,0.));
#7801 = ORIENTED_EDGE('',*,*,#3918,.T.);
#7802 = ORIENTED_EDGE('',*,*,#7779,.T.);
#7803 = PLANE('',#7804);
#7804 = AXIS2_PLACEMENT_3D('',#7805,#7806,#7807);
#7805 = CARTESIAN_POINT('',(183.875,55.7,10.5));
#7806 = DIRECTION('',(0.,0.,1.));
#7807 = DIRECTION('',(1.,0.,0.));
#7808 = ADVANCED_FACE('',(#7809),#7815,.F.);
#7809 = FACE_BOUND('',#7810,.F.);
#7810 = EDGE_LOOP('',(#7811,#7812,#7813,#7814));
#7811 = ORIENTED_EDGE('',*,*,#3833,.T.);
#7812 = ORIENTED_EDGE('',*,*,#7796,.T.);
#7813 = ORIENTED_EDGE('',*,*,#3910,.F.);
#7814 = ORIENTED_EDGE('',*,*,#3872,.F.);
#7815 = PLANE('',#7816);
#7816 = AXIS2_PLACEMENT_3D('',#7817,#7818,#7819);
#7817 = CARTESIAN_POINT('',(294.5,24.65,5.));
#7818 = DIRECTION('',(0.,1.,0.));
#7819 = DIRECTION('',(1.,0.,0.));
#7820 = ADVANCED_FACE('',(#7821),#7840,.T.);
#7821 = FACE_BOUND('',#7822,.F.);
#7822 = EDGE_LOOP('',(#7823,#7831,#7838,#7839));
#7823 = ORIENTED_EDGE('',*,*,#7824,.T.);
#7824 = EDGE_CURVE('',#3944,#7825,#7827,.T.);
#7825 = VERTEX_POINT('',#7826);
#7826 = CARTESIAN_POINT('',(306.25,25.25,8.));
#7827 = LINE('',#7828,#7829);
#7828 = CARTESIAN_POINT('',(306.25,25.25,5.));
#7829 = VECTOR('',#7830,1.);
#7830 = DIRECTION('',(0.,0.,1.));
#7831 = ORIENTED_EDGE('',*,*,#7832,.T.);
#7832 = EDGE_CURVE('',#7825,#7825,#7833,.T.);
#7833 = CIRCLE('',#7834,3.);
#7834 = AXIS2_PLACEMENT_3D('',#7835,#7836,#7837);
#7835 = CARTESIAN_POINT('',(303.25,25.25,8.));
#7836 = DIRECTION('',(0.,0.,1.));
#7837 = DIRECTION('',(1.,0.,0.));
#7838 = ORIENTED_EDGE('',*,*,#7824,.F.);
#7839 = ORIENTED_EDGE('',*,*,#3953,.F.);
#7840 = CYLINDRICAL_SURFACE('',#7841,3.);
#7841 = AXIS2_PLACEMENT_3D('',#7842,#7843,#7844);
#7842 = CARTESIAN_POINT('',(303.25,25.25,5.));
#7843 = DIRECTION('',(-0.,-0.,-1.));
#7844 = DIRECTION('',(1.,0.,0.));
#7845 = ADVANCED_FACE('',(#7846),#7857,.F.);
#7846 = FACE_BOUND('',#7847,.F.);
#7847 = EDGE_LOOP('',(#7848,#7849,#7855,#7856));
#7848 = ORIENTED_EDGE('',*,*,#4079,.T.);
#7849 = ORIENTED_EDGE('',*,*,#7850,.T.);
#7850 = EDGE_CURVE('',#4072,#3971,#7851,.T.);
#7851 = LINE('',#7852,#7853);
#7852 = CARTESIAN_POINT('',(312.,25.85,10.5));
#7853 = VECTOR('',#7854,1.);
#7854 = DIRECTION('',(-1.,0.,0.));
#7855 = ORIENTED_EDGE('',*,*,#3968,.F.);
#7856 = ORIENTED_EDGE('',*,*,#4049,.F.);
#7857 = PLANE('',#7858);
#7858 = AXIS2_PLACEMENT_3D('',#7859,#7860,#7861);
#7859 = CARTESIAN_POINT('',(312.,25.85,5.));
#7860 = DIRECTION('',(0.,-1.,0.));
#7861 = DIRECTION('',(-1.,0.,0.));
#7862 = ADVANCED_FACE('',(#7863),#7874,.T.);
#7863 = FACE_BOUND('',#7864,.T.);
#7864 = EDGE_LOOP('',(#7865,#7866,#7872,#7873));
#7865 = ORIENTED_EDGE('',*,*,#3978,.T.);
#7866 = ORIENTED_EDGE('',*,*,#7867,.T.);
#7867 = EDGE_CURVE('',#3979,#4064,#7868,.T.);
#7868 = LINE('',#7869,#7870);
#7869 = CARTESIAN_POINT('',(307.5,24.65,10.5));
#7870 = VECTOR('',#7871,1.);
#7871 = DIRECTION('',(1.,0.,0.));
#7872 = ORIENTED_EDGE('',*,*,#4071,.T.);
#7873 = ORIENTED_EDGE('',*,*,#7850,.T.);
#7874 = PLANE('',#7875);
#7875 = AXIS2_PLACEMENT_3D('',#7876,#7877,#7878);
#7876 = CARTESIAN_POINT('',(183.875,55.7,10.5));
#7877 = DIRECTION('',(0.,0.,1.));
#7878 = DIRECTION('',(1.,0.,0.));
#7879 = ADVANCED_FACE('',(#7880),#7886,.F.);
#7880 = FACE_BOUND('',#7881,.F.);
#7881 = EDGE_LOOP('',(#7882,#7883,#7884,#7885));
#7882 = ORIENTED_EDGE('',*,*,#3986,.T.);
#7883 = ORIENTED_EDGE('',*,*,#7867,.T.);
#7884 = ORIENTED_EDGE('',*,*,#4063,.F.);
#7885 = ORIENTED_EDGE('',*,*,#4025,.F.);
#7886 = PLANE('',#7887);
#7887 = AXIS2_PLACEMENT_3D('',#7888,#7889,#7890);
#7888 = CARTESIAN_POINT('',(307.5,24.65,5.));
#7889 = DIRECTION('',(0.,1.,0.));
#7890 = DIRECTION('',(1.,0.,0.));
#7891 = ADVANCED_FACE('',(#7892),#7898,.T.);
#7892 = FACE_BOUND('',#7893,.T.);
#7893 = EDGE_LOOP('',(#7894,#7895,#7896,#7897));
#7894 = ORIENTED_EDGE('',*,*,#4104,.T.);
#7895 = ORIENTED_EDGE('',*,*,#4152,.T.);
#7896 = ORIENTED_EDGE('',*,*,#4176,.T.);
#7897 = ORIENTED_EDGE('',*,*,#4135,.T.);
#7898 = PLANE('',#7899);
#7899 = AXIS2_PLACEMENT_3D('',#7900,#7901,#7902);
#7900 = CARTESIAN_POINT('',(37.5,71.25,6.));
#7901 = DIRECTION('',(0.,0.,1.));
#7902 = DIRECTION('',(1.,0.,0.));
#7903 = ADVANCED_FACE('',(#7904),#7915,.F.);
#7904 = FACE_BOUND('',#7905,.F.);
#7905 = EDGE_LOOP('',(#7906,#7907,#7913,#7914));
#7906 = ORIENTED_EDGE('',*,*,#4303,.T.);
#7907 = ORIENTED_EDGE('',*,*,#7908,.T.);
#7908 = EDGE_CURVE('',#4296,#4195,#7909,.T.);
#7909 = LINE('',#7910,#7911);
#7910 = CARTESIAN_POINT('',(60.25,82.6,10.5));
#7911 = VECTOR('',#7912,1.);
#7912 = DIRECTION('',(-1.,0.,0.));
#7913 = ORIENTED_EDGE('',*,*,#4192,.F.);
#7914 = ORIENTED_EDGE('',*,*,#4273,.F.);
#7915 = PLANE('',#7916);
#7916 = AXIS2_PLACEMENT_3D('',#7917,#7918,#7919);
#7917 = CARTESIAN_POINT('',(60.25,82.6,5.));
#7918 = DIRECTION('',(0.,-1.,0.));
#7919 = DIRECTION('',(-1.,0.,0.));
#7920 = ADVANCED_FACE('',(#7921),#7932,.T.);
#7921 = FACE_BOUND('',#7922,.T.);
#7922 = EDGE_LOOP('',(#7923,#7924,#7930,#7931));
#7923 = ORIENTED_EDGE('',*,*,#4202,.T.);
#7924 = ORIENTED_EDGE('',*,*,#7925,.T.);
#7925 = EDGE_CURVE('',#4203,#4288,#7926,.T.);
#7926 = LINE('',#7927,#7928);
#7927 = CARTESIAN_POINT('',(55.75,81.4,10.5));
#7928 = VECTOR('',#7929,1.);
#7929 = DIRECTION('',(1.,0.,0.));
#7930 = ORIENTED_EDGE('',*,*,#4295,.T.);
#7931 = ORIENTED_EDGE('',*,*,#7908,.T.);
#7932 = PLANE('',#7933);
#7933 = AXIS2_PLACEMENT_3D('',#7934,#7935,#7936);
#7934 = CARTESIAN_POINT('',(183.875,55.7,10.5));
#7935 = DIRECTION('',(0.,0.,1.));
#7936 = DIRECTION('',(1.,0.,0.));
#7937 = ADVANCED_FACE('',(#7938),#7944,.F.);
#7938 = FACE_BOUND('',#7939,.F.);
#7939 = EDGE_LOOP('',(#7940,#7941,#7942,#7943));
#7940 = ORIENTED_EDGE('',*,*,#4210,.T.);
#7941 = ORIENTED_EDGE('',*,*,#7925,.T.);
#7942 = ORIENTED_EDGE('',*,*,#4287,.F.);
#7943 = ORIENTED_EDGE('',*,*,#4249,.F.);
#7944 = PLANE('',#7945);
#7945 = AXIS2_PLACEMENT_3D('',#7946,#7947,#7948);
#7946 = CARTESIAN_POINT('',(55.75,81.4,5.));
#7947 = DIRECTION('',(0.,1.,0.));
#7948 = DIRECTION('',(1.,0.,0.));
#7949 = ADVANCED_FACE('',(#7950),#7969,.T.);
#7950 = FACE_BOUND('',#7951,.F.);
#7951 = EDGE_LOOP('',(#7952,#7960,#7967,#7968));
#7952 = ORIENTED_EDGE('',*,*,#7953,.T.);
#7953 = EDGE_CURVE('',#4321,#7954,#7956,.T.);
#7954 = VERTEX_POINT('',#7955);
#7955 = CARTESIAN_POINT('',(67.5,82.,8.));
#7956 = LINE('',#7957,#7958);
#7957 = CARTESIAN_POINT('',(67.5,82.,5.));
#7958 = VECTOR('',#7959,1.);
#7959 = DIRECTION('',(0.,0.,1.));
#7960 = ORIENTED_EDGE('',*,*,#7961,.T.);
#7961 = EDGE_CURVE('',#7954,#7954,#7962,.T.);
#7962 = CIRCLE('',#7963,3.);
#7963 = AXIS2_PLACEMENT_3D('',#7964,#7965,#7966);
#7964 = CARTESIAN_POINT('',(64.5,82.,8.));
#7965 = DIRECTION('',(0.,0.,1.));
#7966 = DIRECTION('',(1.,0.,0.));
#7967 = ORIENTED_EDGE('',*,*,#7953,.F.);
#7968 = ORIENTED_EDGE('',*,*,#4330,.F.);
#7969 = CYLINDRICAL_SURFACE('',#7970,3.);
#7970 = AXIS2_PLACEMENT_3D('',#7971,#7972,#7973);
#7971 = CARTESIAN_POINT('',(64.5,82.,5.));
#7972 = DIRECTION('',(-0.,-0.,-1.));
#7973 = DIRECTION('',(1.,0.,0.));
#7974 = ADVANCED_FACE('',(#7975),#7986,.F.);
#7975 = FACE_BOUND('',#7976,.F.);
#7976 = EDGE_LOOP('',(#7977,#7978,#7984,#7985));
#7977 = ORIENTED_EDGE('',*,*,#4456,.T.);
#7978 = ORIENTED_EDGE('',*,*,#7979,.T.);
#7979 = EDGE_CURVE('',#4449,#4348,#7980,.T.);
#7980 = LINE('',#7981,#7982);
#7981 = CARTESIAN_POINT('',(73.25,82.6,10.5));
#7982 = VECTOR('',#7983,1.);
#7983 = DIRECTION('',(-1.,0.,0.));
#7984 = ORIENTED_EDGE('',*,*,#4345,.F.);
#7985 = ORIENTED_EDGE('',*,*,#4426,.F.);
#7986 = PLANE('',#7987);
#7987 = AXIS2_PLACEMENT_3D('',#7988,#7989,#7990);
#7988 = CARTESIAN_POINT('',(73.25,82.6,5.));
#7989 = DIRECTION('',(0.,-1.,0.));
#7990 = DIRECTION('',(-1.,0.,0.));
#7991 = ADVANCED_FACE('',(#7992),#8003,.T.);
#7992 = FACE_BOUND('',#7993,.T.);
#7993 = EDGE_LOOP('',(#7994,#7995,#8001,#8002));
#7994 = ORIENTED_EDGE('',*,*,#4355,.T.);
#7995 = ORIENTED_EDGE('',*,*,#7996,.T.);
#7996 = EDGE_CURVE('',#4356,#4441,#7997,.T.);
#7997 = LINE('',#7998,#7999);
#7998 = CARTESIAN_POINT('',(68.75,81.4,10.5));
#7999 = VECTOR('',#8000,1.);
#8000 = DIRECTION('',(1.,0.,0.));
#8001 = ORIENTED_EDGE('',*,*,#4448,.T.);
#8002 = ORIENTED_EDGE('',*,*,#7979,.T.);
#8003 = PLANE('',#8004);
#8004 = AXIS2_PLACEMENT_3D('',#8005,#8006,#8007);
#8005 = CARTESIAN_POINT('',(183.875,55.7,10.5));
#8006 = DIRECTION('',(0.,0.,1.));
#8007 = DIRECTION('',(1.,0.,0.));
#8008 = ADVANCED_FACE('',(#8009),#8015,.F.);
#8009 = FACE_BOUND('',#8010,.F.);
#8010 = EDGE_LOOP('',(#8011,#8012,#8013,#8014));
#8011 = ORIENTED_EDGE('',*,*,#4363,.T.);
#8012 = ORIENTED_EDGE('',*,*,#7996,.T.);
#8013 = ORIENTED_EDGE('',*,*,#4440,.F.);
#8014 = ORIENTED_EDGE('',*,*,#4402,.F.);
#8015 = PLANE('',#8016);
#8016 = AXIS2_PLACEMENT_3D('',#8017,#8018,#8019);
#8017 = CARTESIAN_POINT('',(68.75,81.4,5.));
#8018 = DIRECTION('',(0.,1.,0.));
#8019 = DIRECTION('',(1.,0.,0.));
#8020 = ADVANCED_FACE('',(#8021),#8032,.F.);
#8021 = FACE_BOUND('',#8022,.F.);
#8022 = EDGE_LOOP('',(#8023,#8024,#8030,#8031));
#8023 = ORIENTED_EDGE('',*,*,#4584,.T.);
#8024 = ORIENTED_EDGE('',*,*,#8025,.T.);
#8025 = EDGE_CURVE('',#4577,#4476,#8026,.T.);
#8026 = LINE('',#8027,#8028);
#8027 = CARTESIAN_POINT('',(179.625,64.6,10.5));
#8028 = VECTOR('',#8029,1.);
#8029 = DIRECTION('',(-1.,0.,0.));
#8030 = ORIENTED_EDGE('',*,*,#4473,.F.);
#8031 = ORIENTED_EDGE('',*,*,#4554,.F.);
#8032 = PLANE('',#8033);
#8033 = AXIS2_PLACEMENT_3D('',#8034,#8035,#8036);
#8034 = CARTESIAN_POINT('',(179.625,64.6,5.));
#8035 = DIRECTION('',(0.,-1.,0.));
#8036 = DIRECTION('',(-1.,0.,0.));
#8037 = ADVANCED_FACE('',(#8038),#8049,.T.);
#8038 = FACE_BOUND('',#8039,.T.);
#8039 = EDGE_LOOP('',(#8040,#8041,#8047,#8048));
#8040 = ORIENTED_EDGE('',*,*,#4483,.T.);
#8041 = ORIENTED_EDGE('',*,*,#8042,.T.);
#8042 = EDGE_CURVE('',#4484,#4569,#8043,.T.);
#8043 = LINE('',#8044,#8045);
#8044 = CARTESIAN_POINT('',(175.125,63.4,10.5));
#8045 = VECTOR('',#8046,1.);
#8046 = DIRECTION('',(1.,0.,0.));
#8047 = ORIENTED_EDGE('',*,*,#4576,.T.);
#8048 = ORIENTED_EDGE('',*,*,#8025,.T.);
#8049 = PLANE('',#8050);
#8050 = AXIS2_PLACEMENT_3D('',#8051,#8052,#8053);
#8051 = CARTESIAN_POINT('',(183.875,55.7,10.5));
#8052 = DIRECTION('',(0.,0.,1.));
#8053 = DIRECTION('',(1.,0.,0.));
#8054 = ADVANCED_FACE('',(#8055),#8061,.F.);
#8055 = FACE_BOUND('',#8056,.F.);
#8056 = EDGE_LOOP('',(#8057,#8058,#8059,#8060));
#8057 = ORIENTED_EDGE('',*,*,#4491,.T.);
#8058 = ORIENTED_EDGE('',*,*,#8042,.T.);
#8059 = ORIENTED_EDGE('',*,*,#4568,.F.);
#8060 = ORIENTED_EDGE('',*,*,#4530,.F.);
#8061 = PLANE('',#8062);
#8062 = AXIS2_PLACEMENT_3D('',#8063,#8064,#8065);
#8063 = CARTESIAN_POINT('',(175.125,63.4,5.));
#8064 = DIRECTION('',(0.,1.,0.));
#8065 = DIRECTION('',(1.,0.,0.));
#8066 = ADVANCED_FACE('',(#8067),#8086,.T.);
#8067 = FACE_BOUND('',#8068,.F.);
#8068 = EDGE_LOOP('',(#8069,#8077,#8084,#8085));
#8069 = ORIENTED_EDGE('',*,*,#8070,.T.);
#8070 = EDGE_CURVE('',#4602,#8071,#8073,.T.);
#8071 = VERTEX_POINT('',#8072);
#8072 = CARTESIAN_POINT('',(186.875,64.,8.));
#8073 = LINE('',#8074,#8075);
#8074 = CARTESIAN_POINT('',(186.875,64.,5.));
#8075 = VECTOR('',#8076,1.);
#8076 = DIRECTION('',(0.,0.,1.));
#8077 = ORIENTED_EDGE('',*,*,#8078,.T.);
#8078 = EDGE_CURVE('',#8071,#8071,#8079,.T.);
#8079 = CIRCLE('',#8080,3.);
#8080 = AXIS2_PLACEMENT_3D('',#8081,#8082,#8083);
#8081 = CARTESIAN_POINT('',(183.875,64.,8.));
#8082 = DIRECTION('',(0.,0.,1.));
#8083 = DIRECTION('',(1.,0.,0.));
#8084 = ORIENTED_EDGE('',*,*,#8070,.F.);
#8085 = ORIENTED_EDGE('',*,*,#4611,.F.);
#8086 = CYLINDRICAL_SURFACE('',#8087,3.);
#8087 = AXIS2_PLACEMENT_3D('',#8088,#8089,#8090);
#8088 = CARTESIAN_POINT('',(183.875,64.,5.));
#8089 = DIRECTION('',(-0.,-0.,-1.));
#8090 = DIRECTION('',(1.,0.,0.));
#8091 = ADVANCED_FACE('',(#8092),#8103,.F.);
#8092 = FACE_BOUND('',#8093,.F.);
#8093 = EDGE_LOOP('',(#8094,#8095,#8101,#8102));
#8094 = ORIENTED_EDGE('',*,*,#4737,.T.);
#8095 = ORIENTED_EDGE('',*,*,#8096,.T.);
#8096 = EDGE_CURVE('',#4730,#4629,#8097,.T.);
#8097 = LINE('',#8098,#8099);
#8098 = CARTESIAN_POINT('',(192.625,64.6,10.5));
#8099 = VECTOR('',#8100,1.);
#8100 = DIRECTION('',(-1.,0.,0.));
#8101 = ORIENTED_EDGE('',*,*,#4626,.F.);
#8102 = ORIENTED_EDGE('',*,*,#4707,.F.);
#8103 = PLANE('',#8104);
#8104 = AXIS2_PLACEMENT_3D('',#8105,#8106,#8107);
#8105 = CARTESIAN_POINT('',(192.625,64.6,5.));
#8106 = DIRECTION('',(0.,-1.,0.));
#8107 = DIRECTION('',(-1.,0.,0.));
#8108 = ADVANCED_FACE('',(#8109),#8120,.T.);
#8109 = FACE_BOUND('',#8110,.T.);
#8110 = EDGE_LOOP('',(#8111,#8112,#8118,#8119));
#8111 = ORIENTED_EDGE('',*,*,#4636,.T.);
#8112 = ORIENTED_EDGE('',*,*,#8113,.T.);
#8113 = EDGE_CURVE('',#4637,#4722,#8114,.T.);
#8114 = LINE('',#8115,#8116);
#8115 = CARTESIAN_POINT('',(188.125,63.4,10.5));
#8116 = VECTOR('',#8117,1.);
#8117 = DIRECTION('',(1.,0.,0.));
#8118 = ORIENTED_EDGE('',*,*,#4729,.T.);
#8119 = ORIENTED_EDGE('',*,*,#8096,.T.);
#8120 = PLANE('',#8121);
#8121 = AXIS2_PLACEMENT_3D('',#8122,#8123,#8124);
#8122 = CARTESIAN_POINT('',(183.875,55.7,10.5));
#8123 = DIRECTION('',(0.,0.,1.));
#8124 = DIRECTION('',(1.,0.,0.));
#8125 = ADVANCED_FACE('',(#8126),#8132,.F.);
#8126 = FACE_BOUND('',#8127,.F.);
#8127 = EDGE_LOOP('',(#8128,#8129,#8130,#8131));
#8128 = ORIENTED_EDGE('',*,*,#4644,.T.);
#8129 = ORIENTED_EDGE('',*,*,#8113,.T.);
#8130 = ORIENTED_EDGE('',*,*,#4721,.F.);
#8131 = ORIENTED_EDGE('',*,*,#4683,.F.);
#8132 = PLANE('',#8133);
#8133 = AXIS2_PLACEMENT_3D('',#8134,#8135,#8136);
#8134 = CARTESIAN_POINT('',(188.125,63.4,5.));
#8135 = DIRECTION('',(0.,1.,0.));
#8136 = DIRECTION('',(1.,0.,0.));
#8137 = ADVANCED_FACE('',(#8138),#8149,.F.);
#8138 = FACE_BOUND('',#8139,.F.);
#8139 = EDGE_LOOP('',(#8140,#8141,#8147,#8148));
#8140 = ORIENTED_EDGE('',*,*,#4865,.T.);
#8141 = ORIENTED_EDGE('',*,*,#8142,.T.);
#8142 = EDGE_CURVE('',#4858,#4757,#8143,.T.);
#8143 = LINE('',#8144,#8145);
#8144 = CARTESIAN_POINT('',(299.,82.6,10.5));
#8145 = VECTOR('',#8146,1.);
#8146 = DIRECTION('',(-1.,0.,0.));
#8147 = ORIENTED_EDGE('',*,*,#4754,.F.);
#8148 = ORIENTED_EDGE('',*,*,#4835,.F.);
#8149 = PLANE('',#8150);
#8150 = AXIS2_PLACEMENT_3D('',#8151,#8152,#8153);
#8151 = CARTESIAN_POINT('',(299.,82.6,5.));
#8152 = DIRECTION('',(0.,-1.,0.));
#8153 = DIRECTION('',(-1.,0.,0.));
#8154 = ADVANCED_FACE('',(#8155),#8166,.T.);
#8155 = FACE_BOUND('',#8156,.T.);
#8156 = EDGE_LOOP('',(#8157,#8158,#8164,#8165));
#8157 = ORIENTED_EDGE('',*,*,#4764,.T.);
#8158 = ORIENTED_EDGE('',*,*,#8159,.T.);
#8159 = EDGE_CURVE('',#4765,#4850,#8160,.T.);
#8160 = LINE('',#8161,#8162);
#8161 = CARTESIAN_POINT('',(294.5,81.4,10.5));
#8162 = VECTOR('',#8163,1.);
#8163 = DIRECTION('',(1.,0.,0.));
#8164 = ORIENTED_EDGE('',*,*,#4857,.T.);
#8165 = ORIENTED_EDGE('',*,*,#8142,.T.);
#8166 = PLANE('',#8167);
#8167 = AXIS2_PLACEMENT_3D('',#8168,#8169,#8170);
#8168 = CARTESIAN_POINT('',(183.875,55.7,10.5));
#8169 = DIRECTION('',(0.,0.,1.));
#8170 = DIRECTION('',(1.,0.,0.));
#8171 = ADVANCED_FACE('',(#8172),#8178,.F.);
#8172 = FACE_BOUND('',#8173,.F.);
#8173 = EDGE_LOOP('',(#8174,#8175,#8176,#8177));
#8174 = ORIENTED_EDGE('',*,*,#4772,.T.);
#8175 = ORIENTED_EDGE('',*,*,#8159,.T.);
#8176 = ORIENTED_EDGE('',*,*,#4849,.F.);
#8177 = ORIENTED_EDGE('',*,*,#4811,.F.);
#8178 = PLANE('',#8179);
#8179 = AXIS2_PLACEMENT_3D('',#8180,#8181,#8182);
#8180 = CARTESIAN_POINT('',(294.5,81.4,5.));
#8181 = DIRECTION('',(0.,1.,0.));
#8182 = DIRECTION('',(1.,0.,0.));
#8183 = ADVANCED_FACE('',(#8184),#8203,.T.);
#8184 = FACE_BOUND('',#8185,.F.);
#8185 = EDGE_LOOP('',(#8186,#8194,#8201,#8202));
#8186 = ORIENTED_EDGE('',*,*,#8187,.T.);
#8187 = EDGE_CURVE('',#4883,#8188,#8190,.T.);
#8188 = VERTEX_POINT('',#8189);
#8189 = CARTESIAN_POINT('',(306.25,82.,8.));
#8190 = LINE('',#8191,#8192);
#8191 = CARTESIAN_POINT('',(306.25,82.,5.));
#8192 = VECTOR('',#8193,1.);
#8193 = DIRECTION('',(0.,0.,1.));
#8194 = ORIENTED_EDGE('',*,*,#8195,.T.);
#8195 = EDGE_CURVE('',#8188,#8188,#8196,.T.);
#8196 = CIRCLE('',#8197,3.);
#8197 = AXIS2_PLACEMENT_3D('',#8198,#8199,#8200);
#8198 = CARTESIAN_POINT('',(303.25,82.,8.));
#8199 = DIRECTION('',(0.,0.,1.));
#8200 = DIRECTION('',(1.,0.,0.));
#8201 = ORIENTED_EDGE('',*,*,#8187,.F.);
#8202 = ORIENTED_EDGE('',*,*,#4892,.F.);
#8203 = CYLINDRICAL_SURFACE('',#8204,3.);
#8204 = AXIS2_PLACEMENT_3D('',#8205,#8206,#8207);
#8205 = CARTESIAN_POINT('',(303.25,82.,5.));
#8206 = DIRECTION('',(-0.,-0.,-1.));
#8207 = DIRECTION('',(1.,0.,0.));
#8208 = ADVANCED_FACE('',(#8209),#8220,.F.);
#8209 = FACE_BOUND('',#8210,.F.);
#8210 = EDGE_LOOP('',(#8211,#8212,#8218,#8219));
#8211 = ORIENTED_EDGE('',*,*,#5018,.T.);
#8212 = ORIENTED_EDGE('',*,*,#8213,.T.);
#8213 = EDGE_CURVE('',#5011,#4910,#8214,.T.);
#8214 = LINE('',#8215,#8216);
#8215 = CARTESIAN_POINT('',(312.,82.6,10.5));
#8216 = VECTOR('',#8217,1.);
#8217 = DIRECTION('',(-1.,0.,0.));
#8218 = ORIENTED_EDGE('',*,*,#4907,.F.);
#8219 = ORIENTED_EDGE('',*,*,#4988,.F.);
#8220 = PLANE('',#8221);
#8221 = AXIS2_PLACEMENT_3D('',#8222,#8223,#8224);
#8222 = CARTESIAN_POINT('',(312.,82.6,5.));
#8223 = DIRECTION('',(0.,-1.,0.));
#8224 = DIRECTION('',(-1.,0.,0.));
#8225 = ADVANCED_FACE('',(#8226),#8237,.T.);
#8226 = FACE_BOUND('',#8227,.T.);
#8227 = EDGE_LOOP('',(#8228,#8229,#8235,#8236));
#8228 = ORIENTED_EDGE('',*,*,#4917,.T.);
#8229 = ORIENTED_EDGE('',*,*,#8230,.T.);
#8230 = EDGE_CURVE('',#4918,#5003,#8231,.T.);
#8231 = LINE('',#8232,#8233);
#8232 = CARTESIAN_POINT('',(307.5,81.4,10.5));
#8233 = VECTOR('',#8234,1.);
#8234 = DIRECTION('',(1.,0.,0.));
#8235 = ORIENTED_EDGE('',*,*,#5010,.T.);
#8236 = ORIENTED_EDGE('',*,*,#8213,.T.);
#8237 = PLANE('',#8238);
#8238 = AXIS2_PLACEMENT_3D('',#8239,#8240,#8241);
#8239 = CARTESIAN_POINT('',(183.875,55.7,10.5));
#8240 = DIRECTION('',(0.,0.,1.));
#8241 = DIRECTION('',(1.,0.,0.));
#8242 = ADVANCED_FACE('',(#8243),#8249,.F.);
#8243 = FACE_BOUND('',#8244,.F.);
#8244 = EDGE_LOOP('',(#8245,#8246,#8247,#8248));
#8245 = ORIENTED_EDGE('',*,*,#4925,.T.);
#8246 = ORIENTED_EDGE('',*,*,#8230,.T.);
#8247 = ORIENTED_EDGE('',*,*,#5002,.F.);
#8248 = ORIENTED_EDGE('',*,*,#4964,.F.);
#8249 = PLANE('',#8250);
#8250 = AXIS2_PLACEMENT_3D('',#8251,#8252,#8253);
#8251 = CARTESIAN_POINT('',(307.5,81.4,5.));
#8252 = DIRECTION('',(0.,1.,0.));
#8253 = DIRECTION('',(1.,0.,0.));
#8254 = ADVANCED_FACE('',(#8255),#8271,.F.);
#8255 = FACE_BOUND('',#8256,.F.);
#8256 = EDGE_LOOP('',(#8257,#8263,#8264,#8270));
#8257 = ORIENTED_EDGE('',*,*,#8258,.T.);
#8258 = EDGE_CURVE('',#66,#5232,#8259,.T.);
#8259 = LINE('',#8260,#8261);
#8260 = CARTESIAN_POINT('',(34.,99.75,12.));
#8261 = VECTOR('',#8262,1.);
#8262 = DIRECTION('',(0.,0.,1.));
#8263 = ORIENTED_EDGE('',*,*,#5231,.T.);
#8264 = ORIENTED_EDGE('',*,*,#8265,.F.);
#8265 = EDGE_CURVE('',#58,#5234,#8266,.T.);
#8266 = LINE('',#8267,#8268);
#8267 = CARTESIAN_POINT('',(34.,97.25,12.));
#8268 = VECTOR('',#8269,1.);
#8269 = DIRECTION('',(0.,0.,1.));
#8270 = ORIENTED_EDGE('',*,*,#65,.F.);
#8271 = PLANE('',#8272);
#8272 = AXIS2_PLACEMENT_3D('',#8273,#8274,#8275);
#8273 = CARTESIAN_POINT('',(34.,99.75,12.));
#8274 = DIRECTION('',(1.,0.,0.));
#8275 = DIRECTION('',(0.,-1.,0.));
#8276 = ADVANCED_FACE('',(#8277),#8289,.F.);
#8277 = FACE_BOUND('',#8278,.T.);
#8278 = EDGE_LOOP('',(#8279,#8280,#8287,#8288));
#8279 = ORIENTED_EDGE('',*,*,#7369,.F.);
#8280 = ORIENTED_EDGE('',*,*,#8281,.T.);
#8281 = EDGE_CURVE('',#7362,#5297,#8282,.T.);
#8282 = CIRCLE('',#8283,1.5);
#8283 = AXIS2_PLACEMENT_3D('',#8284,#8285,#8286);
#8284 = CARTESIAN_POINT('',(34.,101.25,15.));
#8285 = DIRECTION('',(0.,0.,1.));
#8286 = DIRECTION('',(1.,0.,0.));
#8287 = ORIENTED_EDGE('',*,*,#5296,.T.);
#8288 = ORIENTED_EDGE('',*,*,#5279,.F.);
#8289 = CONICAL_SURFACE('',#8290,1.,0.785398163397);
#8290 = AXIS2_PLACEMENT_3D('',#8291,#8292,#8293);
#8291 = CARTESIAN_POINT('',(34.,101.25,14.5));
#8292 = DIRECTION('',(0.,0.,1.));
#8293 = DIRECTION('',(1.,0.,0.));
#8294 = ADVANCED_FACE('',(#8295,#8356,#8378,#8394,#8464),#8534,.T.);
#8295 = FACE_BOUND('',#8296,.T.);
#8296 = EDGE_LOOP('',(#8297,#8307,#8316,#8324,#8333,#8341,#8348,#8349));
#8297 = ORIENTED_EDGE('',*,*,#8298,.T.);
#8298 = EDGE_CURVE('',#8299,#8301,#8303,.T.);
#8299 = VERTEX_POINT('',#8300);
#8300 = CARTESIAN_POINT('',(0.5,101.25,15.));
#8301 = VERTEX_POINT('',#8302);
#8302 = CARTESIAN_POINT('',(0.5,6.,15.));
#8303 = LINE('',#8304,#8305);
#8304 = CARTESIAN_POINT('',(0.5,101.25,15.));
#8305 = VECTOR('',#8306,1.);
#8306 = DIRECTION('',(0.,-1.,0.));
#8307 = ORIENTED_EDGE('',*,*,#8308,.T.);
#8308 = EDGE_CURVE('',#8301,#8309,#8311,.T.);
#8309 = VERTEX_POINT('',#8310);
#8310 = CARTESIAN_POINT('',(6.,0.5,15.));
#8311 = CIRCLE('',#8312,5.5);
#8312 = AXIS2_PLACEMENT_3D('',#8313,#8314,#8315);
#8313 = CARTESIAN_POINT('',(6.,6.,15.));
#8314 = DIRECTION('',(0.,0.,1.));
#8315 = DIRECTION('',(-1.,1.5E-16,0.));
#8316 = ORIENTED_EDGE('',*,*,#8317,.T.);
#8317 = EDGE_CURVE('',#8309,#8318,#8320,.T.);
#8318 = VERTEX_POINT('',#8319);
#8319 = CARTESIAN_POINT('',(326.75,0.5,15.));
#8320 = LINE('',#8321,#8322);
#8321 = CARTESIAN_POINT('',(6.,0.5,15.));
#8322 = VECTOR('',#8323,1.);
#8323 = DIRECTION('',(1.,0.,0.));
#8324 = ORIENTED_EDGE('',*,*,#8325,.T.);
#8325 = EDGE_CURVE('',#8318,#8326,#8328,.T.);
#8326 = VERTEX_POINT('',#8327);
#8327 = CARTESIAN_POINT('',(332.25,6.,15.));
#8328 = CIRCLE('',#8329,5.5);
#8329 = AXIS2_PLACEMENT_3D('',#8330,#8331,#8332);
#8330 = CARTESIAN_POINT('',(326.75,6.,15.));
#8331 = DIRECTION('',(-0.,0.,1.));
#8332 = DIRECTION('',(0.,-1.,0.));
#8333 = ORIENTED_EDGE('',*,*,#8334,.T.);
#8334 = EDGE_CURVE('',#8326,#8335,#8337,.T.);
#8335 = VERTEX_POINT('',#8336);
#8336 = CARTESIAN_POINT('',(332.25,101.25,15.));
#8337 = LINE('',#8338,#8339);
#8338 = CARTESIAN_POINT('',(332.25,6.,15.));
#8339 = VECTOR('',#8340,1.);
#8340 = DIRECTION('',(0.,1.,0.));
#8341 = ORIENTED_EDGE('',*,*,#8342,.T.);
#8342 = EDGE_CURVE('',#8335,#6312,#8343,.T.);
#8343 = CIRCLE('',#8344,5.5);
#8344 = AXIS2_PLACEMENT_3D('',#8345,#8346,#8347);
#8345 = CARTESIAN_POINT('',(326.75,101.25,15.));
#8346 = DIRECTION('',(0.,0.,1.));
#8347 = DIRECTION('',(1.,0.,0.));
#8348 = ORIENTED_EDGE('',*,*,#6328,.T.);
#8349 = ORIENTED_EDGE('',*,*,#8350,.T.);
#8350 = EDGE_CURVE('',#6321,#8299,#8351,.T.);
#8351 = CIRCLE('',#8352,5.5);
#8352 = AXIS2_PLACEMENT_3D('',#8353,#8354,#8355);
#8353 = CARTESIAN_POINT('',(6.,101.25,15.));
#8354 = DIRECTION('',(0.,0.,1.));
#8355 = DIRECTION('',(-4.4E-16,1.,0.));
#8356 = FACE_BOUND('',#8357,.T.);
#8357 = EDGE_LOOP('',(#8358,#8359,#8360,#8361,#8362,#8363,#8370,#8371));
#8358 = ORIENTED_EDGE('',*,*,#5440,.F.);
#8359 = ORIENTED_EDGE('',*,*,#5881,.F.);
#8360 = ORIENTED_EDGE('',*,*,#5304,.F.);
#8361 = ORIENTED_EDGE('',*,*,#8281,.F.);
#8362 = ORIENTED_EDGE('',*,*,#7361,.F.);
#8363 = ORIENTED_EDGE('',*,*,#8364,.F.);
#8364 = EDGE_CURVE('',#7543,#7354,#8365,.T.);
#8365 = CIRCLE('',#8366,1.5);
#8366 = AXIS2_PLACEMENT_3D('',#8367,#8368,#8369);
#8367 = CARTESIAN_POINT('',(34.,6.,15.));
#8368 = DIRECTION('',(-0.,0.,1.));
#8369 = DIRECTION('',(1.421E-14,-1.,0.));
#8370 = ORIENTED_EDGE('',*,*,#7542,.F.);
#8371 = ORIENTED_EDGE('',*,*,#8372,.F.);
#8372 = EDGE_CURVE('',#5441,#7535,#8373,.T.);
#8373 = CIRCLE('',#8374,1.5);
#8374 = AXIS2_PLACEMENT_3D('',#8375,#8376,#8377);
#8375 = CARTESIAN_POINT('',(6.,6.,15.));
#8376 = DIRECTION('',(0.,0.,1.));
#8377 = DIRECTION('',(-1.,-8.9E-16,0.));
#8378 = FACE_BOUND('',#8379,.T.);
#8379 = EDGE_LOOP('',(#8380,#8381,#8382,#8383,#8384,#8385,#8386,#8387));
#8380 = ORIENTED_EDGE('',*,*,#7230,.F.);
#8381 = ORIENTED_EDGE('',*,*,#7183,.F.);
#8382 = ORIENTED_EDGE('',*,*,#6037,.F.);
#8383 = ORIENTED_EDGE('',*,*,#6012,.F.);
#8384 = ORIENTED_EDGE('',*,*,#5988,.F.);
#8385 = ORIENTED_EDGE('',*,*,#6134,.F.);
#8386 = ORIENTED_EDGE('',*,*,#6207,.F.);
#8387 = ORIENTED_EDGE('',*,*,#8388,.F.);
#8388 = EDGE_CURVE('',#7231,#6200,#8389,.T.);
#8389 = CIRCLE('',#8390,1.5);
#8390 = AXIS2_PLACEMENT_3D('',#8391,#8392,#8393);
#8391 = CARTESIAN_POINT('',(41.,6.,15.));
#8392 = DIRECTION('',(0.,0.,1.));
#8393 = DIRECTION('',(-1.,2.66E-15,0.));
#8394 = FACE_BOUND('',#8395,.T.);
#8395 = EDGE_LOOP('',(#8396,#8406,#8415,#8423,#8432,#8440,#8449,#8457));
#8396 = ORIENTED_EDGE('',*,*,#8397,.F.);
#8397 = EDGE_CURVE('',#8398,#8400,#8402,.T.);
#8398 = VERTEX_POINT('',#8399);
#8399 = CARTESIAN_POINT('',(1.5,90.6,15.));
#8400 = VERTEX_POINT('',#8401);
#8401 = CARTESIAN_POINT('',(1.5,75.4,15.));
#8402 = LINE('',#8403,#8404);
#8403 = CARTESIAN_POINT('',(1.5,90.6,15.));
#8404 = VECTOR('',#8405,1.);
#8405 = DIRECTION('',(0.,-1.,0.));
#8406 = ORIENTED_EDGE('',*,*,#8407,.F.);
#8407 = EDGE_CURVE('',#8408,#8398,#8410,.T.);
#8408 = VERTEX_POINT('',#8409);
#8409 = CARTESIAN_POINT('',(2.4,91.5,15.));
#8410 = CIRCLE('',#8411,0.9);
#8411 = AXIS2_PLACEMENT_3D('',#8412,#8413,#8414);
#8412 = CARTESIAN_POINT('',(2.4,90.6,15.));
#8413 = DIRECTION('',(0.,0.,1.));
#8414 = DIRECTION('',(-1.443E-14,1.,0.));
#8415 = ORIENTED_EDGE('',*,*,#8416,.F.);
#8416 = EDGE_CURVE('',#8417,#8408,#8419,.T.);
#8417 = VERTEX_POINT('',#8418);
#8418 = CARTESIAN_POINT('',(2.6,91.5,15.));
#8419 = LINE('',#8420,#8421);
#8420 = CARTESIAN_POINT('',(2.6,91.5,15.));
#8421 = VECTOR('',#8422,1.);
#8422 = DIRECTION('',(-1.,0.,0.));
#8423 = ORIENTED_EDGE('',*,*,#8424,.F.);
#8424 = EDGE_CURVE('',#8425,#8417,#8427,.T.);
#8425 = VERTEX_POINT('',#8426);
#8426 = CARTESIAN_POINT('',(3.5,90.6,15.));
#8427 = CIRCLE('',#8428,0.9);
#8428 = AXIS2_PLACEMENT_3D('',#8429,#8430,#8431);
#8429 = CARTESIAN_POINT('',(2.6,90.6,15.));
#8430 = DIRECTION('',(0.,0.,1.));
#8431 = DIRECTION('',(1.,0.,0.));
#8432 = ORIENTED_EDGE('',*,*,#8433,.F.);
#8433 = EDGE_CURVE('',#8434,#8425,#8436,.T.);
#8434 = VERTEX_POINT('',#8435);
#8435 = CARTESIAN_POINT('',(3.5,75.4,15.));
#8436 = LINE('',#8437,#8438);
#8437 = CARTESIAN_POINT('',(3.5,75.4,15.));
#8438 = VECTOR('',#8439,1.);
#8439 = DIRECTION('',(0.,1.,0.));
#8440 = ORIENTED_EDGE('',*,*,#8441,.F.);
#8441 = EDGE_CURVE('',#8442,#8434,#8444,.T.);
#8442 = VERTEX_POINT('',#8443);
#8443 = CARTESIAN_POINT('',(2.6,74.5,15.));
#8444 = CIRCLE('',#8445,0.9);
#8445 = AXIS2_PLACEMENT_3D('',#8446,#8447,#8448);
#8446 = CARTESIAN_POINT('',(2.6,75.4,15.));
#8447 = DIRECTION('',(-0.,0.,1.));
#8448 = DIRECTION('',(1.443E-14,-1.,0.));
#8449 = ORIENTED_EDGE('',*,*,#8450,.F.);
#8450 = EDGE_CURVE('',#8451,#8442,#8453,.T.);
#8451 = VERTEX_POINT('',#8452);
#8452 = CARTESIAN_POINT('',(2.4,74.5,15.));
#8453 = LINE('',#8454,#8455);
#8454 = CARTESIAN_POINT('',(2.4,74.5,15.));
#8455 = VECTOR('',#8456,1.);
#8456 = DIRECTION('',(1.,0.,0.));
#8457 = ORIENTED_EDGE('',*,*,#8458,.F.);
#8458 = EDGE_CURVE('',#8400,#8451,#8459,.T.);
#8459 = CIRCLE('',#8460,0.9);
#8460 = AXIS2_PLACEMENT_3D('',#8461,#8462,#8463);
#8461 = CARTESIAN_POINT('',(2.4,75.4,15.));
#8462 = DIRECTION('',(0.,0.,1.));
#8463 = DIRECTION('',(-1.,0.,0.));
#8464 = FACE_BOUND('',#8465,.T.);
#8465 = EDGE_LOOP('',(#8466,#8476,#8485,#8493,#8502,#8510,#8519,#8527));
#8466 = ORIENTED_EDGE('',*,*,#8467,.F.);
#8467 = EDGE_CURVE('',#8468,#8470,#8472,.T.);
#8468 = VERTEX_POINT('',#8469);
#8469 = CARTESIAN_POINT('',(329.25,90.6,15.));
#8470 = VERTEX_POINT('',#8471);
#8471 = CARTESIAN_POINT('',(329.25,75.4,15.));
#8472 = LINE('',#8473,#8474);
#8473 = CARTESIAN_POINT('',(329.25,90.6,15.));
#8474 = VECTOR('',#8475,1.);
#8475 = DIRECTION('',(0.,-1.,0.));
#8476 = ORIENTED_EDGE('',*,*,#8477,.F.);
#8477 = EDGE_CURVE('',#8478,#8468,#8480,.T.);
#8478 = VERTEX_POINT('',#8479);
#8479 = CARTESIAN_POINT('',(330.15,91.5,15.));
#8480 = CIRCLE('',#8481,0.9);
#8481 = AXIS2_PLACEMENT_3D('',#8482,#8483,#8484);
#8482 = CARTESIAN_POINT('',(330.15,90.6,15.));
#8483 = DIRECTION('',(0.,-0.,1.));
#8484 = DIRECTION('',(0.,1.,0.));
#8485 = ORIENTED_EDGE('',*,*,#8486,.F.);
#8486 = EDGE_CURVE('',#8487,#8478,#8489,.T.);
#8487 = VERTEX_POINT('',#8488);
#8488 = CARTESIAN_POINT('',(330.35,91.5,15.));
#8489 = LINE('',#8490,#8491);
#8490 = CARTESIAN_POINT('',(330.35,91.5,15.));
#8491 = VECTOR('',#8492,1.);
#8492 = DIRECTION('',(-1.,0.,0.));
#8493 = ORIENTED_EDGE('',*,*,#8494,.F.);
#8494 = EDGE_CURVE('',#8495,#8487,#8497,.T.);
#8495 = VERTEX_POINT('',#8496);
#8496 = CARTESIAN_POINT('',(331.25,90.6,15.));
#8497 = CIRCLE('',#8498,0.9);
#8498 = AXIS2_PLACEMENT_3D('',#8499,#8500,#8501);
#8499 = CARTESIAN_POINT('',(330.35,90.6,15.));
#8500 = DIRECTION('',(0.,0.,1.));
#8501 = DIRECTION('',(1.,0.,0.));
#8502 = ORIENTED_EDGE('',*,*,#8503,.F.);
#8503 = EDGE_CURVE('',#8504,#8495,#8506,.T.);
#8504 = VERTEX_POINT('',#8505);
#8505 = CARTESIAN_POINT('',(331.25,75.4,15.));
#8506 = LINE('',#8507,#8508);
#8507 = CARTESIAN_POINT('',(331.25,75.4,15.));
#8508 = VECTOR('',#8509,1.);
#8509 = DIRECTION('',(0.,1.,0.));
#8510 = ORIENTED_EDGE('',*,*,#8511,.F.);
#8511 = EDGE_CURVE('',#8512,#8504,#8514,.T.);
#8512 = VERTEX_POINT('',#8513);
#8513 = CARTESIAN_POINT('',(330.35,74.5,15.));
#8514 = CIRCLE('',#8515,0.9);
#8515 = AXIS2_PLACEMENT_3D('',#8516,#8517,#8518);
#8516 = CARTESIAN_POINT('',(330.35,75.4,15.));
#8517 = DIRECTION('',(-0.,0.,1.));
#8518 = DIRECTION('',(0.,-1.,0.));
#8519 = ORIENTED_EDGE('',*,*,#8520,.F.);
#8520 = EDGE_CURVE('',#8521,#8512,#8523,.T.);
#8521 = VERTEX_POINT('',#8522);
#8522 = CARTESIAN_POINT('',(330.15,74.5,15.));
#8523 = LINE('',#8524,#8525);
#8524 = CARTESIAN_POINT('',(330.15,74.5,15.));
#8525 = VECTOR('',#8526,1.);
#8526 = DIRECTION('',(1.,0.,0.));
#8527 = ORIENTED_EDGE('',*,*,#8528,.F.);
#8528 = EDGE_CURVE('',#8470,#8521,#8529,.T.);
#8529 = CIRCLE('',#8530,0.9);
#8530 = AXIS2_PLACEMENT_3D('',#8531,#8532,#8533);
#8531 = CARTESIAN_POINT('',(330.15,75.4,15.));
#8532 = DIRECTION('',(0.,0.,1.));
#8533 = DIRECTION('',(-1.,0.,0.));
#8534 = PLANE('',#8535);
#8535 = AXIS2_PLACEMENT_3D('',#8536,#8537,#8538);
#8536 = CARTESIAN_POINT('',(166.375,53.625,15.));
#8537 = DIRECTION('',(0.,0.,1.));
#8538 = DIRECTION('',(1.,0.,0.));
#8539 = ADVANCED_FACE('',(#8540),#8546,.F.);
#8540 = FACE_BOUND('',#8541,.T.);
#8541 = EDGE_LOOP('',(#8542,#8543,#8544,#8545));
#8542 = ORIENTED_EDGE('',*,*,#5448,.F.);
#8543 = ORIENTED_EDGE('',*,*,#8372,.T.);
#8544 = ORIENTED_EDGE('',*,*,#7534,.T.);
#8545 = ORIENTED_EDGE('',*,*,#5328,.F.);
#8546 = CONICAL_SURFACE('',#8547,1.,0.785398163397);
#8547 = AXIS2_PLACEMENT_3D('',#8548,#8549,#8550);
#8548 = CARTESIAN_POINT('',(6.,6.,14.5));
#8549 = DIRECTION('',(0.,0.,1.));
#8550 = DIRECTION('',(-1.,-8.9E-16,0.));
#8551 = ADVANCED_FACE('',(#8552),#8571,.F.);
#8552 = FACE_BOUND('',#8553,.T.);
#8553 = EDGE_LOOP('',(#8554,#8562,#8563,#8564));
#8554 = ORIENTED_EDGE('',*,*,#8555,.T.);
#8555 = EDGE_CURVE('',#8556,#5364,#8558,.T.);
#8556 = VERTEX_POINT('',#8557);
#8557 = CARTESIAN_POINT('',(9.,7.5,5.));
#8558 = LINE('',#8559,#8560);
#8559 = CARTESIAN_POINT('',(9.,7.5,5.));
#8560 = VECTOR('',#8561,1.);
#8561 = DIRECTION('',(0.,0.,1.));
#8562 = ORIENTED_EDGE('',*,*,#5363,.T.);
#8563 = ORIENTED_EDGE('',*,*,#8555,.F.);
#8564 = ORIENTED_EDGE('',*,*,#8565,.F.);
#8565 = EDGE_CURVE('',#8556,#8556,#8566,.T.);
#8566 = CIRCLE('',#8567,1.5);
#8567 = AXIS2_PLACEMENT_3D('',#8568,#8569,#8570);
#8568 = CARTESIAN_POINT('',(7.5,7.5,5.));
#8569 = DIRECTION('',(0.,0.,1.));
#8570 = DIRECTION('',(1.,0.,0.));
#8571 = CYLINDRICAL_SURFACE('',#8572,1.5);
#8572 = AXIS2_PLACEMENT_3D('',#8573,#8574,#8575);
#8573 = CARTESIAN_POINT('',(7.5,7.5,5.));
#8574 = DIRECTION('',(-0.,-0.,-1.));
#8575 = DIRECTION('',(1.,0.,0.));
#8576 = ADVANCED_FACE('',(#8577),#8596,.F.);
#8577 = FACE_BOUND('',#8578,.T.);
#8578 = EDGE_LOOP('',(#8579,#8587,#8588,#8589));
#8579 = ORIENTED_EDGE('',*,*,#8580,.T.);
#8580 = EDGE_CURVE('',#8581,#5416,#8583,.T.);
#8581 = VERTEX_POINT('',#8582);
#8582 = CARTESIAN_POINT('',(9.,65.75,5.));
#8583 = LINE('',#8584,#8585);
#8584 = CARTESIAN_POINT('',(9.,65.75,5.));
#8585 = VECTOR('',#8586,1.);
#8586 = DIRECTION('',(0.,0.,1.));
#8587 = ORIENTED_EDGE('',*,*,#5415,.T.);
#8588 = ORIENTED_EDGE('',*,*,#8580,.F.);
#8589 = ORIENTED_EDGE('',*,*,#8590,.F.);
#8590 = EDGE_CURVE('',#8581,#8581,#8591,.T.);
#8591 = CIRCLE('',#8592,1.5);
#8592 = AXIS2_PLACEMENT_3D('',#8593,#8594,#8595);
#8593 = CARTESIAN_POINT('',(7.5,65.75,5.));
#8594 = DIRECTION('',(0.,0.,1.));
#8595 = DIRECTION('',(1.,0.,0.));
#8596 = CYLINDRICAL_SURFACE('',#8597,1.5);
#8597 = AXIS2_PLACEMENT_3D('',#8598,#8599,#8600);
#8598 = CARTESIAN_POINT('',(7.5,65.75,5.));
#8599 = DIRECTION('',(-0.,-0.,-1.));
#8600 = DIRECTION('',(1.,0.,0.));
#8601 = ADVANCED_FACE('',(#8602),#8618,.F.);
#8602 = FACE_BOUND('',#8603,.T.);
#8603 = EDGE_LOOP('',(#8604,#8610,#8611,#8617));
#8604 = ORIENTED_EDGE('',*,*,#8605,.F.);
#8605 = EDGE_CURVE('',#8398,#5472,#8606,.T.);
#8606 = LINE('',#8607,#8608);
#8607 = CARTESIAN_POINT('',(1.75,90.6,14.75));
#8608 = VECTOR('',#8609,1.);
#8609 = DIRECTION('',(0.707106781187,0.,-0.707106781187));
#8610 = ORIENTED_EDGE('',*,*,#8397,.T.);
#8611 = ORIENTED_EDGE('',*,*,#8612,.T.);
#8612 = EDGE_CURVE('',#8400,#5464,#8613,.T.);
#8613 = LINE('',#8614,#8615);
#8614 = CARTESIAN_POINT('',(1.75,75.4,14.75));
#8615 = VECTOR('',#8616,1.);
#8616 = DIRECTION('',(0.707106781187,0.,-0.707106781187));
#8617 = ORIENTED_EDGE('',*,*,#5471,.F.);
#8618 = PLANE('',#8619);
#8619 = AXIS2_PLACEMENT_3D('',#8620,#8621,#8622);
#8620 = CARTESIAN_POINT('',(1.75,90.6,14.75));
#8621 = DIRECTION('',(-0.707106781187,0.,-0.707106781187));
#8622 = DIRECTION('',(0.,1.,0.));
#8623 = ADVANCED_FACE('',(#8624),#8635,.F.);
#8624 = FACE_BOUND('',#8625,.T.);
#8625 = EDGE_LOOP('',(#8626,#8627,#8628,#8634));
#8626 = ORIENTED_EDGE('',*,*,#8612,.F.);
#8627 = ORIENTED_EDGE('',*,*,#8458,.T.);
#8628 = ORIENTED_EDGE('',*,*,#8629,.T.);
#8629 = EDGE_CURVE('',#8451,#5495,#8630,.T.);
#8630 = LINE('',#8631,#8632);
#8631 = CARTESIAN_POINT('',(2.4,75.,14.5));
#8632 = VECTOR('',#8633,1.);
#8633 = DIRECTION('',(4.E-17,0.707106781187,-0.707106781187));
#8634 = ORIENTED_EDGE('',*,*,#5502,.F.);
#8635 = CONICAL_SURFACE('',#8636,0.4,0.785398163397);
#8636 = AXIS2_PLACEMENT_3D('',#8637,#8638,#8639);
#8637 = CARTESIAN_POINT('',(2.4,75.4,14.5));
#8638 = DIRECTION('',(0.,0.,1.));
#8639 = DIRECTION('',(-1.,0.,0.));
#8640 = ADVANCED_FACE('',(#8641),#8652,.F.);
#8641 = FACE_BOUND('',#8642,.T.);
#8642 = EDGE_LOOP('',(#8643,#8644,#8645,#8651));
#8643 = ORIENTED_EDGE('',*,*,#8629,.F.);
#8644 = ORIENTED_EDGE('',*,*,#8450,.T.);
#8645 = ORIENTED_EDGE('',*,*,#8646,.T.);
#8646 = EDGE_CURVE('',#8442,#5520,#8647,.T.);
#8647 = LINE('',#8648,#8649);
#8648 = CARTESIAN_POINT('',(2.6,74.75,14.75));
#8649 = VECTOR('',#8650,1.);
#8650 = DIRECTION('',(0.,0.707106781187,-0.707106781187));
#8651 = ORIENTED_EDGE('',*,*,#5527,.F.);
#8652 = PLANE('',#8653);
#8653 = AXIS2_PLACEMENT_3D('',#8654,#8655,#8656);
#8654 = CARTESIAN_POINT('',(2.4,74.75,14.75));
#8655 = DIRECTION('',(0.,-0.707106781187,-0.707106781187));
#8656 = DIRECTION('',(-1.,-0.,-0.));
#8657 = ADVANCED_FACE('',(#8658),#8669,.F.);
#8658 = FACE_BOUND('',#8659,.T.);
#8659 = EDGE_LOOP('',(#8660,#8661,#8662,#8668));
#8660 = ORIENTED_EDGE('',*,*,#8646,.F.);
#8661 = ORIENTED_EDGE('',*,*,#8441,.T.);
#8662 = ORIENTED_EDGE('',*,*,#8663,.T.);
#8663 = EDGE_CURVE('',#8434,#5544,#8664,.T.);
#8664 = LINE('',#8665,#8666);
#8665 = CARTESIAN_POINT('',(3.,75.4,14.5));
#8666 = VECTOR('',#8667,1.);
#8667 = DIRECTION('',(-0.707106781187,-1.456E-14,-0.707106781187));
#8668 = ORIENTED_EDGE('',*,*,#5551,.F.);
#8669 = CONICAL_SURFACE('',#8670,0.4,0.785398163397);
#8670 = AXIS2_PLACEMENT_3D('',#8671,#8672,#8673);
#8671 = CARTESIAN_POINT('',(2.6,75.4,14.5));
#8672 = DIRECTION('',(0.,0.,1.));
#8673 = DIRECTION('',(1.443E-14,-1.,0.));
#8674 = ADVANCED_FACE('',(#8675),#8686,.F.);
#8675 = FACE_BOUND('',#8676,.T.);
#8676 = EDGE_LOOP('',(#8677,#8678,#8679,#8685));
#8677 = ORIENTED_EDGE('',*,*,#8663,.F.);
#8678 = ORIENTED_EDGE('',*,*,#8433,.T.);
#8679 = ORIENTED_EDGE('',*,*,#8680,.T.);
#8680 = EDGE_CURVE('',#8425,#5569,#8681,.T.);
#8681 = LINE('',#8682,#8683);
#8682 = CARTESIAN_POINT('',(3.25,90.6,14.75));
#8683 = VECTOR('',#8684,1.);
#8684 = DIRECTION('',(-0.707106781187,0.,-0.707106781187));
#8685 = ORIENTED_EDGE('',*,*,#5576,.F.);
#8686 = PLANE('',#8687);
#8687 = AXIS2_PLACEMENT_3D('',#8688,#8689,#8690);
#8688 = CARTESIAN_POINT('',(3.25,75.4,14.75));
#8689 = DIRECTION('',(0.707106781187,0.,-0.707106781187));
#8690 = DIRECTION('',(-0.,-1.,-0.));
#8691 = ADVANCED_FACE('',(#8692),#8703,.F.);
#8692 = FACE_BOUND('',#8693,.T.);
#8693 = EDGE_LOOP('',(#8694,#8695,#8696,#8702));
#8694 = ORIENTED_EDGE('',*,*,#8680,.F.);
#8695 = ORIENTED_EDGE('',*,*,#8424,.T.);
#8696 = ORIENTED_EDGE('',*,*,#8697,.T.);
#8697 = EDGE_CURVE('',#8417,#5593,#8698,.T.);
#8698 = LINE('',#8699,#8700);
#8699 = CARTESIAN_POINT('',(2.6,91.,14.5));
#8700 = VECTOR('',#8701,1.);
#8701 = DIRECTION('',(-3.6E-16,-0.707106781187,-0.707106781187));
#8702 = ORIENTED_EDGE('',*,*,#5600,.F.);
#8703 = CONICAL_SURFACE('',#8704,0.4,0.785398163397);
#8704 = AXIS2_PLACEMENT_3D('',#8705,#8706,#8707);
#8705 = CARTESIAN_POINT('',(2.6,90.6,14.5));
#8706 = DIRECTION('',(0.,0.,1.));
#8707 = DIRECTION('',(1.,0.,0.));
#8708 = ADVANCED_FACE('',(#8709),#8720,.F.);
#8709 = FACE_BOUND('',#8710,.T.);
#8710 = EDGE_LOOP('',(#8711,#8712,#8713,#8719));
#8711 = ORIENTED_EDGE('',*,*,#8697,.F.);
#8712 = ORIENTED_EDGE('',*,*,#8416,.T.);
#8713 = ORIENTED_EDGE('',*,*,#8714,.T.);
#8714 = EDGE_CURVE('',#8408,#5618,#8715,.T.);
#8715 = LINE('',#8716,#8717);
#8716 = CARTESIAN_POINT('',(2.4,91.25,14.75));
#8717 = VECTOR('',#8718,1.);
#8718 = DIRECTION('',(-0.,-0.707106781187,-0.707106781187));
#8719 = ORIENTED_EDGE('',*,*,#5625,.F.);
#8720 = PLANE('',#8721);
#8721 = AXIS2_PLACEMENT_3D('',#8722,#8723,#8724);
#8722 = CARTESIAN_POINT('',(2.6,91.25,14.75));
#8723 = DIRECTION('',(0.,0.707106781187,-0.707106781187));
#8724 = DIRECTION('',(1.,0.,0.));
#8725 = ADVANCED_FACE('',(#8726),#8732,.F.);
#8726 = FACE_BOUND('',#8727,.T.);
#8727 = EDGE_LOOP('',(#8728,#8729,#8730,#8731));
#8728 = ORIENTED_EDGE('',*,*,#8714,.F.);
#8729 = ORIENTED_EDGE('',*,*,#8407,.T.);
#8730 = ORIENTED_EDGE('',*,*,#8605,.T.);
#8731 = ORIENTED_EDGE('',*,*,#5642,.F.);
#8732 = CONICAL_SURFACE('',#8733,0.4,0.785398163397);
#8733 = AXIS2_PLACEMENT_3D('',#8734,#8735,#8736);
#8734 = CARTESIAN_POINT('',(2.4,90.6,14.5));
#8735 = DIRECTION('',(0.,0.,1.));
#8736 = DIRECTION('',(-1.443E-14,1.,0.));
#8737 = ADVANCED_FACE('',(#8738),#8763,.T.);
#8738 = FACE_BOUND('',#8739,.F.);
#8739 = EDGE_LOOP('',(#8740,#8748,#8756,#8762));
#8740 = ORIENTED_EDGE('',*,*,#8741,.F.);
#8741 = EDGE_CURVE('',#8742,#5669,#8744,.T.);
#8742 = VERTEX_POINT('',#8743);
#8743 = CARTESIAN_POINT('',(0.,80.25,8.2));
#8744 = LINE('',#8745,#8746);
#8745 = CARTESIAN_POINT('',(0.5,80.75,8.2));
#8746 = VECTOR('',#8747,1.);
#8747 = DIRECTION('',(0.707106781187,0.707106781187,5.8E-16));
#8748 = ORIENTED_EDGE('',*,*,#8749,.T.);
#8749 = EDGE_CURVE('',#8742,#8750,#8752,.T.);
#8750 = VERTEX_POINT('',#8751);
#8751 = CARTESIAN_POINT('',(-2.E-15,80.25,6.8));
#8752 = LINE('',#8753,#8754);
#8753 = CARTESIAN_POINT('',(0.,80.25,8.2));
#8754 = VECTOR('',#8755,1.);
#8755 = DIRECTION('',(0.,0.,-1.));
#8756 = ORIENTED_EDGE('',*,*,#8757,.T.);
#8757 = EDGE_CURVE('',#8750,#5660,#8758,.T.);
#8758 = LINE('',#8759,#8760);
#8759 = CARTESIAN_POINT('',(0.25,80.5,6.8));
#8760 = VECTOR('',#8761,1.);
#8761 = DIRECTION('',(0.707106781187,0.707106781187,0.));
#8762 = ORIENTED_EDGE('',*,*,#5676,.F.);
#8763 = PLANE('',#8764);
#8764 = AXIS2_PLACEMENT_3D('',#8765,#8766,#8767);
#8765 = CARTESIAN_POINT('',(0.25,80.5,8.2));
#8766 = DIRECTION('',(-0.707106781187,0.707106781187,0.));
#8767 = DIRECTION('',(0.,0.,1.));
#8768 = ADVANCED_FACE('',(#8769),#8788,.F.);
#8769 = FACE_BOUND('',#8770,.F.);
#8770 = EDGE_LOOP('',(#8771,#8779,#8786,#8787));
#8771 = ORIENTED_EDGE('',*,*,#8772,.F.);
#8772 = EDGE_CURVE('',#8773,#5693,#8775,.T.);
#8773 = VERTEX_POINT('',#8774);
#8774 = CARTESIAN_POINT('',(0.,81.55,9.5));
#8775 = LINE('',#8776,#8777);
#8776 = CARTESIAN_POINT('',(0.25,81.55,9.25));
#8777 = VECTOR('',#8778,1.);
#8778 = DIRECTION('',(0.707106781187,0.,-0.707106781187));
#8779 = ORIENTED_EDGE('',*,*,#8780,.T.);
#8780 = EDGE_CURVE('',#8773,#8742,#8781,.T.);
#8781 = CIRCLE('',#8782,1.3);
#8782 = AXIS2_PLACEMENT_3D('',#8783,#8784,#8785);
#8783 = CARTESIAN_POINT('',(0.,81.55,8.2));
#8784 = DIRECTION('',(1.,0.,-0.));
#8785 = DIRECTION('',(0.,0.,1.));
#8786 = ORIENTED_EDGE('',*,*,#8741,.T.);
#8787 = ORIENTED_EDGE('',*,*,#5700,.F.);
#8788 = CONICAL_SURFACE('',#8789,0.8,0.785398163397);
#8789 = AXIS2_PLACEMENT_3D('',#8790,#8791,#8792);
#8790 = CARTESIAN_POINT('',(0.5,81.55,8.2));
#8791 = DIRECTION('',(-1.,-0.,-0.));
#8792 = DIRECTION('',(0.,0.,1.));
#8793 = ADVANCED_FACE('',(#8794),#8813,.F.);
#8794 = FACE_BOUND('',#8795,.F.);
#8795 = EDGE_LOOP('',(#8796,#8797,#8806,#8812));
#8796 = ORIENTED_EDGE('',*,*,#8757,.F.);
#8797 = ORIENTED_EDGE('',*,*,#8798,.T.);
#8798 = EDGE_CURVE('',#8750,#8799,#8801,.T.);
#8799 = VERTEX_POINT('',#8800);
#8800 = CARTESIAN_POINT('',(0.,81.55,5.5));
#8801 = CIRCLE('',#8802,1.3);
#8802 = AXIS2_PLACEMENT_3D('',#8803,#8804,#8805);
#8803 = CARTESIAN_POINT('',(0.,81.55,6.8));
#8804 = DIRECTION('',(1.,0.,0.));
#8805 = DIRECTION('',(0.,-1.,0.));
#8806 = ORIENTED_EDGE('',*,*,#8807,.T.);
#8807 = EDGE_CURVE('',#8799,#5716,#8808,.T.);
#8808 = LINE('',#8809,#8810);
#8809 = CARTESIAN_POINT('',(0.25,81.55,5.75));
#8810 = VECTOR('',#8811,1.);
#8811 = DIRECTION('',(0.707106781187,0.,0.707106781187));
#8812 = ORIENTED_EDGE('',*,*,#5725,.F.);
#8813 = CONICAL_SURFACE('',#8814,0.8,0.785398163397);
#8814 = AXIS2_PLACEMENT_3D('',#8815,#8816,#8817);
#8815 = CARTESIAN_POINT('',(0.5,81.55,6.8));
#8816 = DIRECTION('',(-1.,-0.,-0.));
#8817 = DIRECTION('',(0.,-1.,0.));
#8818 = ADVANCED_FACE('',(#8819),#8837,.T.);
#8819 = FACE_BOUND('',#8820,.F.);
#8820 = EDGE_LOOP('',(#8821,#8829,#8835,#8836));
#8821 = ORIENTED_EDGE('',*,*,#8822,.F.);
#8822 = EDGE_CURVE('',#8823,#5743,#8825,.T.);
#8823 = VERTEX_POINT('',#8824);
#8824 = CARTESIAN_POINT('',(0.,87.45,9.5));
#8825 = LINE('',#8826,#8827);
#8826 = CARTESIAN_POINT('',(0.5,87.45,9.));
#8827 = VECTOR('',#8828,1.);
#8828 = DIRECTION('',(0.707106781187,-2.24E-15,-0.707106781187));
#8829 = ORIENTED_EDGE('',*,*,#8830,.T.);
#8830 = EDGE_CURVE('',#8823,#8773,#8831,.T.);
#8831 = LINE('',#8832,#8833);
#8832 = CARTESIAN_POINT('',(0.,87.45,9.5));
#8833 = VECTOR('',#8834,1.);
#8834 = DIRECTION('',(0.,-1.,0.));
#8835 = ORIENTED_EDGE('',*,*,#8772,.T.);
#8836 = ORIENTED_EDGE('',*,*,#5750,.F.);
#8837 = PLANE('',#8838);
#8838 = AXIS2_PLACEMENT_3D('',#8839,#8840,#8841);
#8839 = CARTESIAN_POINT('',(0.25,87.45,9.25));
#8840 = DIRECTION('',(-0.707106781187,0.,-0.707106781187));
#8841 = DIRECTION('',(0.,1.,0.));
#8842 = ADVANCED_FACE('',(#8843),#8861,.T.);
#8843 = FACE_BOUND('',#8844,.F.);
#8844 = EDGE_LOOP('',(#8845,#8846,#8854,#8860));
#8845 = ORIENTED_EDGE('',*,*,#8807,.F.);
#8846 = ORIENTED_EDGE('',*,*,#8847,.T.);
#8847 = EDGE_CURVE('',#8799,#8848,#8850,.T.);
#8848 = VERTEX_POINT('',#8849);
#8849 = CARTESIAN_POINT('',(0.,87.45,5.5));
#8850 = LINE('',#8851,#8852);
#8851 = CARTESIAN_POINT('',(0.,81.55,5.5));
#8852 = VECTOR('',#8853,1.);
#8853 = DIRECTION('',(0.,1.,0.));
#8854 = ORIENTED_EDGE('',*,*,#8855,.T.);
#8855 = EDGE_CURVE('',#8848,#5765,#8856,.T.);
#8856 = LINE('',#8857,#8858);
#8857 = CARTESIAN_POINT('',(0.25,87.45,5.75));
#8858 = VECTOR('',#8859,1.);
#8859 = DIRECTION('',(0.707106781187,0.,0.707106781187));
#8860 = ORIENTED_EDGE('',*,*,#5774,.F.);
#8861 = PLANE('',#8862);
#8862 = AXIS2_PLACEMENT_3D('',#8863,#8864,#8865);
#8863 = CARTESIAN_POINT('',(0.25,81.55,5.75));
#8864 = DIRECTION('',(-0.707106781187,0.,0.707106781187));
#8865 = DIRECTION('',(-0.,-1.,-0.));
#8866 = ADVANCED_FACE('',(#8867),#8886,.F.);
#8867 = FACE_BOUND('',#8868,.F.);
#8868 = EDGE_LOOP('',(#8869,#8877,#8884,#8885));
#8869 = ORIENTED_EDGE('',*,*,#8870,.F.);
#8870 = EDGE_CURVE('',#8871,#5791,#8873,.T.);
#8871 = VERTEX_POINT('',#8872);
#8872 = CARTESIAN_POINT('',(-2.E-15,88.75,8.2));
#8873 = LINE('',#8874,#8875);
#8874 = CARTESIAN_POINT('',(0.25,88.5,8.2));
#8875 = VECTOR('',#8876,1.);
#8876 = DIRECTION('',(0.707106781187,-0.707106781187,0.));
#8877 = ORIENTED_EDGE('',*,*,#8878,.T.);
#8878 = EDGE_CURVE('',#8871,#8823,#8879,.T.);
#8879 = CIRCLE('',#8880,1.3);
#8880 = AXIS2_PLACEMENT_3D('',#8881,#8882,#8883);
#8881 = CARTESIAN_POINT('',(0.,87.45,8.2));
#8882 = DIRECTION('',(1.,0.,0.));
#8883 = DIRECTION('',(0.,1.,0.));
#8884 = ORIENTED_EDGE('',*,*,#8822,.T.);
#8885 = ORIENTED_EDGE('',*,*,#5798,.F.);
#8886 = CONICAL_SURFACE('',#8887,0.8,0.785398163397);
#8887 = AXIS2_PLACEMENT_3D('',#8888,#8889,#8890);
#8888 = CARTESIAN_POINT('',(0.5,87.45,8.2));
#8889 = DIRECTION('',(-1.,-0.,-0.));
#8890 = DIRECTION('',(0.,1.,0.));
#8891 = ADVANCED_FACE('',(#8892),#8911,.F.);
#8892 = FACE_BOUND('',#8893,.F.);
#8893 = EDGE_LOOP('',(#8894,#8895,#8904,#8910));
#8894 = ORIENTED_EDGE('',*,*,#8855,.F.);
#8895 = ORIENTED_EDGE('',*,*,#8896,.T.);
#8896 = EDGE_CURVE('',#8848,#8897,#8899,.T.);
#8897 = VERTEX_POINT('',#8898);
#8898 = CARTESIAN_POINT('',(0.,88.75,6.8));
#8899 = CIRCLE('',#8900,1.3);
#8900 = AXIS2_PLACEMENT_3D('',#8901,#8902,#8903);
#8901 = CARTESIAN_POINT('',(0.,87.45,6.8));
#8902 = DIRECTION('',(1.,-0.,0.));
#8903 = DIRECTION('',(0.,0.,-1.));
#8904 = ORIENTED_EDGE('',*,*,#8905,.T.);
#8905 = EDGE_CURVE('',#8897,#5814,#8906,.T.);
#8906 = LINE('',#8907,#8908);
#8907 = CARTESIAN_POINT('',(0.5,88.25,6.8));
#8908 = VECTOR('',#8909,1.);
#8909 = DIRECTION('',(0.707106781187,-0.707106781187,4.E-17));
#8910 = ORIENTED_EDGE('',*,*,#5823,.F.);
#8911 = CONICAL_SURFACE('',#8912,0.8,0.785398163397);
#8912 = AXIS2_PLACEMENT_3D('',#8913,#8914,#8915);
#8913 = CARTESIAN_POINT('',(0.5,87.45,6.8));
#8914 = DIRECTION('',(-1.,-0.,-0.));
#8915 = DIRECTION('',(0.,0.,-1.));
#8916 = ADVANCED_FACE('',(#8917),#8928,.T.);
#8917 = FACE_BOUND('',#8918,.F.);
#8918 = EDGE_LOOP('',(#8919,#8920,#8926,#8927));
#8919 = ORIENTED_EDGE('',*,*,#8905,.F.);
#8920 = ORIENTED_EDGE('',*,*,#8921,.T.);
#8921 = EDGE_CURVE('',#8897,#8871,#8922,.T.);
#8922 = LINE('',#8923,#8924);
#8923 = CARTESIAN_POINT('',(0.,88.75,6.8));
#8924 = VECTOR('',#8925,1.);
#8925 = DIRECTION('',(0.,0.,1.));
#8926 = ORIENTED_EDGE('',*,*,#8870,.T.);
#8927 = ORIENTED_EDGE('',*,*,#5841,.F.);
#8928 = PLANE('',#8929);
#8929 = AXIS2_PLACEMENT_3D('',#8930,#8931,#8932);
#8930 = CARTESIAN_POINT('',(0.25,88.5,6.8));
#8931 = DIRECTION('',(-0.707106781187,-0.707106781187,0.));
#8932 = DIRECTION('',(-0.,-0.,-1.));
#8933 = ADVANCED_FACE('',(#8934,#8959,#8995,#9006,#9042,#9052),#9055,.F.
  );
#8934 = FACE_BOUND('',#8935,.F.);
#8935 = EDGE_LOOP('',(#8936,#8937,#8945,#8953));
#8936 = ORIENTED_EDGE('',*,*,#6383,.T.);
#8937 = ORIENTED_EDGE('',*,*,#8938,.T.);
#8938 = EDGE_CURVE('',#6375,#8939,#8941,.T.);
#8939 = VERTEX_POINT('',#8940);
#8940 = CARTESIAN_POINT('',(0.,6.,14.5));
#8941 = LINE('',#8942,#8943);
#8942 = CARTESIAN_POINT('',(0.,101.25,14.5));
#8943 = VECTOR('',#8944,1.);
#8944 = DIRECTION('',(0.,-1.,0.));
#8945 = ORIENTED_EDGE('',*,*,#8946,.F.);
#8946 = EDGE_CURVE('',#8947,#8939,#8949,.T.);
#8947 = VERTEX_POINT('',#8948);
#8948 = CARTESIAN_POINT('',(0.,6.,0.5));
#8949 = LINE('',#8950,#8951);
#8950 = CARTESIAN_POINT('',(0.,6.,0.));
#8951 = VECTOR('',#8952,1.);
#8952 = DIRECTION('',(0.,0.,1.));
#8953 = ORIENTED_EDGE('',*,*,#8954,.F.);
#8954 = EDGE_CURVE('',#6384,#8947,#8955,.T.);
#8955 = LINE('',#8956,#8957);
#8956 = CARTESIAN_POINT('',(0.,101.25,0.5));
#8957 = VECTOR('',#8958,1.);
#8958 = DIRECTION('',(0.,-1.,0.));
#8959 = FACE_BOUND('',#8960,.F.);
#8960 = EDGE_LOOP('',(#8961,#8971,#8980,#8988));
#8961 = ORIENTED_EDGE('',*,*,#8962,.F.);
#8962 = EDGE_CURVE('',#8963,#8965,#8967,.T.);
#8963 = VERTEX_POINT('',#8964);
#8964 = CARTESIAN_POINT('',(0.,92.25,9.));
#8965 = VERTEX_POINT('',#8966);
#8966 = CARTESIAN_POINT('',(0.,92.25,8.5));
#8967 = LINE('',#8968,#8969);
#8968 = CARTESIAN_POINT('',(0.,92.25,9.));
#8969 = VECTOR('',#8970,1.);
#8970 = DIRECTION('',(0.,0.,-1.));
#8971 = ORIENTED_EDGE('',*,*,#8972,.T.);
#8972 = EDGE_CURVE('',#8963,#8973,#8975,.T.);
#8973 = VERTEX_POINT('',#8974);
#8974 = CARTESIAN_POINT('',(0.,93.75,7.5));
#8975 = CIRCLE('',#8976,1.5);
#8976 = AXIS2_PLACEMENT_3D('',#8977,#8978,#8979);
#8977 = CARTESIAN_POINT('',(0.,92.25,7.5));
#8978 = DIRECTION('',(-1.,0.,0.));
#8979 = DIRECTION('',(0.,-1.,0.));
#8980 = ORIENTED_EDGE('',*,*,#8981,.T.);
#8981 = EDGE_CURVE('',#8973,#8982,#8984,.T.);
#8982 = VERTEX_POINT('',#8983);
#8983 = CARTESIAN_POINT('',(0.,93.25,7.5));
#8984 = LINE('',#8985,#8986);
#8985 = CARTESIAN_POINT('',(0.,93.75,7.5));
#8986 = VECTOR('',#8987,1.);
#8987 = DIRECTION('',(0.,-1.,0.));
#8988 = ORIENTED_EDGE('',*,*,#8989,.F.);
#8989 = EDGE_CURVE('',#8965,#8982,#8990,.T.);
#8990 = CIRCLE('',#8991,1.);
#8991 = AXIS2_PLACEMENT_3D('',#8992,#8993,#8994);
#8992 = CARTESIAN_POINT('',(0.,92.25,7.5));
#8993 = DIRECTION('',(-1.,0.,0.));
#8994 = DIRECTION('',(0.,-1.,0.));
#8995 = FACE_BOUND('',#8996,.F.);
#8996 = EDGE_LOOP('',(#8997));
#8997 = ORIENTED_EDGE('',*,*,#8998,.T.);
#8998 = EDGE_CURVE('',#8999,#8999,#9001,.T.);
#8999 = VERTEX_POINT('',#9000);
#9000 = CARTESIAN_POINT('',(0.,91.75,7.5));
#9001 = CIRCLE('',#9002,0.5);
#9002 = AXIS2_PLACEMENT_3D('',#9003,#9004,#9005);
#9003 = CARTESIAN_POINT('',(0.,92.25,7.5));
#9004 = DIRECTION('',(-1.,0.,0.));
#9005 = DIRECTION('',(0.,-1.,0.));
#9006 = FACE_BOUND('',#9007,.F.);
#9007 = EDGE_LOOP('',(#9008,#9019,#9027,#9036));
#9008 = ORIENTED_EDGE('',*,*,#9009,.F.);
#9009 = EDGE_CURVE('',#9010,#9012,#9014,.T.);
#9010 = VERTEX_POINT('',#9011);
#9011 = CARTESIAN_POINT('',(0.,92.25,6.5));
#9012 = VERTEX_POINT('',#9013);
#9013 = CARTESIAN_POINT('',(0.,91.25,7.5));
#9014 = CIRCLE('',#9015,1.);
#9015 = AXIS2_PLACEMENT_3D('',#9016,#9017,#9018);
#9016 = CARTESIAN_POINT('',(0.,92.25,7.5));
#9017 = DIRECTION('',(-1.,0.,0.));
#9018 = DIRECTION('',(0.,-1.,0.));
#9019 = ORIENTED_EDGE('',*,*,#9020,.T.);
#9020 = EDGE_CURVE('',#9010,#9021,#9023,.T.);
#9021 = VERTEX_POINT('',#9022);
#9022 = CARTESIAN_POINT('',(0.,92.25,6.));
#9023 = LINE('',#9024,#9025);
#9024 = CARTESIAN_POINT('',(0.,92.25,6.5));
#9025 = VECTOR('',#9026,1.);
#9026 = DIRECTION('',(0.,0.,-1.));
#9027 = ORIENTED_EDGE('',*,*,#9028,.T.);
#9028 = EDGE_CURVE('',#9021,#9029,#9031,.T.);
#9029 = VERTEX_POINT('',#9030);
#9030 = CARTESIAN_POINT('',(0.,90.75,7.5));
#9031 = CIRCLE('',#9032,1.5);
#9032 = AXIS2_PLACEMENT_3D('',#9033,#9034,#9035);
#9033 = CARTESIAN_POINT('',(0.,92.25,7.5));
#9034 = DIRECTION('',(-1.,0.,0.));
#9035 = DIRECTION('',(0.,-1.,0.));
#9036 = ORIENTED_EDGE('',*,*,#9037,.F.);
#9037 = EDGE_CURVE('',#9012,#9029,#9038,.T.);
#9038 = LINE('',#9039,#9040);
#9039 = CARTESIAN_POINT('',(0.,91.25,7.5));
#9040 = VECTOR('',#9041,1.);
#9041 = DIRECTION('',(0.,-1.,0.));
#9042 = FACE_BOUND('',#9043,.F.);
#9043 = EDGE_LOOP('',(#9044,#9045,#9046,#9047,#9048,#9049,#9050,#9051));
#9044 = ORIENTED_EDGE('',*,*,#8847,.F.);
#9045 = ORIENTED_EDGE('',*,*,#8798,.F.);
#9046 = ORIENTED_EDGE('',*,*,#8749,.F.);
#9047 = ORIENTED_EDGE('',*,*,#8780,.F.);
#9048 = ORIENTED_EDGE('',*,*,#8830,.F.);
#9049 = ORIENTED_EDGE('',*,*,#8878,.F.);
#9050 = ORIENTED_EDGE('',*,*,#8921,.F.);
#9051 = ORIENTED_EDGE('',*,*,#8896,.F.);
#9052 = FACE_BOUND('',#9053,.F.);
#9053 = EDGE_LOOP('',(#9054));
#9054 = ORIENTED_EDGE('',*,*,#5864,.F.);
#9055 = PLANE('',#9056);
#9056 = AXIS2_PLACEMENT_3D('',#9057,#9058,#9059);
#9057 = CARTESIAN_POINT('',(0.,101.25,0.));
#9058 = DIRECTION('',(1.,0.,0.));
#9059 = DIRECTION('',(0.,-1.,0.));
#9060 = ADVANCED_FACE('',(#9061),#9086,.F.);
#9061 = FACE_BOUND('',#9062,.F.);
#9062 = EDGE_LOOP('',(#9063,#9071,#9079,#9085));
#9063 = ORIENTED_EDGE('',*,*,#9064,.F.);
#9064 = EDGE_CURVE('',#9065,#5907,#9067,.T.);
#9065 = VERTEX_POINT('',#9066);
#9066 = CARTESIAN_POINT('',(329.75,75.4,14.5));
#9067 = LINE('',#9068,#9069);
#9068 = CARTESIAN_POINT('',(329.75,75.4,15.));
#9069 = VECTOR('',#9070,1.);
#9070 = DIRECTION('',(-0.,-0.,-1.));
#9071 = ORIENTED_EDGE('',*,*,#9072,.F.);
#9072 = EDGE_CURVE('',#9073,#9065,#9075,.T.);
#9073 = VERTEX_POINT('',#9074);
#9074 = CARTESIAN_POINT('',(329.75,90.6,14.5));
#9075 = LINE('',#9076,#9077);
#9076 = CARTESIAN_POINT('',(329.75,90.6,14.5));
#9077 = VECTOR('',#9078,1.);
#9078 = DIRECTION('',(0.,-1.,0.));
#9079 = ORIENTED_EDGE('',*,*,#9080,.T.);
#9080 = EDGE_CURVE('',#9073,#5905,#9081,.T.);
#9081 = LINE('',#9082,#9083);
#9082 = CARTESIAN_POINT('',(329.75,90.6,15.));
#9083 = VECTOR('',#9084,1.);
#9084 = DIRECTION('',(-0.,-0.,-1.));
#9085 = ORIENTED_EDGE('',*,*,#5904,.T.);
#9086 = PLANE('',#9087);
#9087 = AXIS2_PLACEMENT_3D('',#9088,#9089,#9090);
#9088 = CARTESIAN_POINT('',(329.75,90.6,15.));
#9089 = DIRECTION('',(-1.,0.,0.));
#9090 = DIRECTION('',(0.,-1.,0.));
#9091 = ADVANCED_FACE('',(#9092),#9111,.F.);
#9092 = FACE_BOUND('',#9093,.F.);
#9093 = EDGE_LOOP('',(#9094,#9102,#9109,#9110));
#9094 = ORIENTED_EDGE('',*,*,#9095,.F.);
#9095 = EDGE_CURVE('',#9096,#5958,#9098,.T.);
#9096 = VERTEX_POINT('',#9097);
#9097 = CARTESIAN_POINT('',(330.15,75.,14.5));
#9098 = LINE('',#9099,#9100);
#9099 = CARTESIAN_POINT('',(330.15,75.,15.));
#9100 = VECTOR('',#9101,1.);
#9101 = DIRECTION('',(-0.,-0.,-1.));
#9102 = ORIENTED_EDGE('',*,*,#9103,.F.);
#9103 = EDGE_CURVE('',#9065,#9096,#9104,.T.);
#9104 = CIRCLE('',#9105,0.4);
#9105 = AXIS2_PLACEMENT_3D('',#9106,#9107,#9108);
#9106 = CARTESIAN_POINT('',(330.15,75.4,14.5));
#9107 = DIRECTION('',(0.,0.,1.));
#9108 = DIRECTION('',(-1.,0.,0.));
#9109 = ORIENTED_EDGE('',*,*,#9064,.T.);
#9110 = ORIENTED_EDGE('',*,*,#5965,.T.);
#9111 = CYLINDRICAL_SURFACE('',#9112,0.4);
#9112 = AXIS2_PLACEMENT_3D('',#9113,#9114,#9115);
#9113 = CARTESIAN_POINT('',(330.15,75.4,15.));
#9114 = DIRECTION('',(0.,0.,1.));
#9115 = DIRECTION('',(1.,0.,0.));
#9116 = ADVANCED_FACE('',(#9117),#9135,.F.);
#9117 = FACE_BOUND('',#9118,.F.);
#9118 = EDGE_LOOP('',(#9119,#9127,#9133,#9134));
#9119 = ORIENTED_EDGE('',*,*,#9120,.F.);
#9120 = EDGE_CURVE('',#9121,#5949,#9123,.T.);
#9121 = VERTEX_POINT('',#9122);
#9122 = CARTESIAN_POINT('',(330.35,75.,14.5));
#9123 = LINE('',#9124,#9125);
#9124 = CARTESIAN_POINT('',(330.35,75.,15.));
#9125 = VECTOR('',#9126,1.);
#9126 = DIRECTION('',(-0.,-0.,-1.));
#9127 = ORIENTED_EDGE('',*,*,#9128,.F.);
#9128 = EDGE_CURVE('',#9096,#9121,#9129,.T.);
#9129 = LINE('',#9130,#9131);
#9130 = CARTESIAN_POINT('',(330.15,75.,14.5));
#9131 = VECTOR('',#9132,1.);
#9132 = DIRECTION('',(1.,0.,0.));
#9133 = ORIENTED_EDGE('',*,*,#9095,.T.);
#9134 = ORIENTED_EDGE('',*,*,#5957,.T.);
#9135 = PLANE('',#9136);
#9136 = AXIS2_PLACEMENT_3D('',#9137,#9138,#9139);
#9137 = CARTESIAN_POINT('',(330.15,75.,15.));
#9138 = DIRECTION('',(0.,-1.,0.));
#9139 = DIRECTION('',(1.,0.,0.));
#9140 = ADVANCED_FACE('',(#9141),#9160,.F.);
#9141 = FACE_BOUND('',#9142,.F.);
#9142 = EDGE_LOOP('',(#9143,#9151,#9158,#9159));
#9143 = ORIENTED_EDGE('',*,*,#9144,.F.);
#9144 = EDGE_CURVE('',#9145,#5941,#9147,.T.);
#9145 = VERTEX_POINT('',#9146);
#9146 = CARTESIAN_POINT('',(330.75,75.4,14.5));
#9147 = LINE('',#9148,#9149);
#9148 = CARTESIAN_POINT('',(330.75,75.4,15.));
#9149 = VECTOR('',#9150,1.);
#9150 = DIRECTION('',(-0.,-0.,-1.));
#9151 = ORIENTED_EDGE('',*,*,#9152,.F.);
#9152 = EDGE_CURVE('',#9121,#9145,#9153,.T.);
#9153 = CIRCLE('',#9154,0.4);
#9154 = AXIS2_PLACEMENT_3D('',#9155,#9156,#9157);
#9155 = CARTESIAN_POINT('',(330.35,75.4,14.5));
#9156 = DIRECTION('',(-0.,0.,1.));
#9157 = DIRECTION('',(0.,-1.,0.));
#9158 = ORIENTED_EDGE('',*,*,#9120,.T.);
#9159 = ORIENTED_EDGE('',*,*,#5948,.T.);
#9160 = CYLINDRICAL_SURFACE('',#9161,0.4);
#9161 = AXIS2_PLACEMENT_3D('',#9162,#9163,#9164);
#9162 = CARTESIAN_POINT('',(330.35,75.4,15.));
#9163 = DIRECTION('',(0.,0.,1.));
#9164 = DIRECTION('',(1.,0.,0.));
#9165 = ADVANCED_FACE('',(#9166),#9184,.F.);
#9166 = FACE_BOUND('',#9167,.F.);
#9167 = EDGE_LOOP('',(#9168,#9176,#9182,#9183));
#9168 = ORIENTED_EDGE('',*,*,#9169,.F.);
#9169 = EDGE_CURVE('',#9170,#5932,#9172,.T.);
#9170 = VERTEX_POINT('',#9171);
#9171 = CARTESIAN_POINT('',(330.75,90.6,14.5));
#9172 = LINE('',#9173,#9174);
#9173 = CARTESIAN_POINT('',(330.75,90.6,15.));
#9174 = VECTOR('',#9175,1.);
#9175 = DIRECTION('',(-0.,-0.,-1.));
#9176 = ORIENTED_EDGE('',*,*,#9177,.F.);
#9177 = EDGE_CURVE('',#9145,#9170,#9178,.T.);
#9178 = LINE('',#9179,#9180);
#9179 = CARTESIAN_POINT('',(330.75,75.4,14.5));
#9180 = VECTOR('',#9181,1.);
#9181 = DIRECTION('',(0.,1.,0.));
#9182 = ORIENTED_EDGE('',*,*,#9144,.T.);
#9183 = ORIENTED_EDGE('',*,*,#5940,.T.);
#9184 = PLANE('',#9185);
#9185 = AXIS2_PLACEMENT_3D('',#9186,#9187,#9188);
#9186 = CARTESIAN_POINT('',(330.75,75.4,15.));
#9187 = DIRECTION('',(1.,0.,0.));
#9188 = DIRECTION('',(0.,1.,0.));
#9189 = ADVANCED_FACE('',(#9190),#9209,.F.);
#9190 = FACE_BOUND('',#9191,.F.);
#9191 = EDGE_LOOP('',(#9192,#9200,#9207,#9208));
#9192 = ORIENTED_EDGE('',*,*,#9193,.F.);
#9193 = EDGE_CURVE('',#9194,#5924,#9196,.T.);
#9194 = VERTEX_POINT('',#9195);
#9195 = CARTESIAN_POINT('',(330.35,91.,14.5));
#9196 = LINE('',#9197,#9198);
#9197 = CARTESIAN_POINT('',(330.35,91.,15.));
#9198 = VECTOR('',#9199,1.);
#9199 = DIRECTION('',(-0.,-0.,-1.));
#9200 = ORIENTED_EDGE('',*,*,#9201,.F.);
#9201 = EDGE_CURVE('',#9170,#9194,#9202,.T.);
#9202 = CIRCLE('',#9203,0.4);
#9203 = AXIS2_PLACEMENT_3D('',#9204,#9205,#9206);
#9204 = CARTESIAN_POINT('',(330.35,90.6,14.5));
#9205 = DIRECTION('',(0.,0.,1.));
#9206 = DIRECTION('',(1.,0.,0.));
#9207 = ORIENTED_EDGE('',*,*,#9169,.T.);
#9208 = ORIENTED_EDGE('',*,*,#5931,.T.);
#9209 = CYLINDRICAL_SURFACE('',#9210,0.4);
#9210 = AXIS2_PLACEMENT_3D('',#9211,#9212,#9213);
#9211 = CARTESIAN_POINT('',(330.35,90.6,15.));
#9212 = DIRECTION('',(0.,0.,1.));
#9213 = DIRECTION('',(1.,0.,0.));
#9214 = ADVANCED_FACE('',(#9215),#9233,.F.);
#9215 = FACE_BOUND('',#9216,.F.);
#9216 = EDGE_LOOP('',(#9217,#9225,#9231,#9232));
#9217 = ORIENTED_EDGE('',*,*,#9218,.F.);
#9218 = EDGE_CURVE('',#9219,#5915,#9221,.T.);
#9219 = VERTEX_POINT('',#9220);
#9220 = CARTESIAN_POINT('',(330.15,91.,14.5));
#9221 = LINE('',#9222,#9223);
#9222 = CARTESIAN_POINT('',(330.15,91.,15.));
#9223 = VECTOR('',#9224,1.);
#9224 = DIRECTION('',(-0.,-0.,-1.));
#9225 = ORIENTED_EDGE('',*,*,#9226,.F.);
#9226 = EDGE_CURVE('',#9194,#9219,#9227,.T.);
#9227 = LINE('',#9228,#9229);
#9228 = CARTESIAN_POINT('',(330.35,91.,14.5));
#9229 = VECTOR('',#9230,1.);
#9230 = DIRECTION('',(-1.,0.,0.));
#9231 = ORIENTED_EDGE('',*,*,#9193,.T.);
#9232 = ORIENTED_EDGE('',*,*,#5923,.T.);
#9233 = PLANE('',#9234);
#9234 = AXIS2_PLACEMENT_3D('',#9235,#9236,#9237);
#9235 = CARTESIAN_POINT('',(330.35,91.,15.));
#9236 = DIRECTION('',(0.,1.,0.));
#9237 = DIRECTION('',(-1.,0.,0.));
#9238 = ADVANCED_FACE('',(#9239),#9251,.F.);
#9239 = FACE_BOUND('',#9240,.F.);
#9240 = EDGE_LOOP('',(#9241,#9242,#9249,#9250));
#9241 = ORIENTED_EDGE('',*,*,#9080,.F.);
#9242 = ORIENTED_EDGE('',*,*,#9243,.F.);
#9243 = EDGE_CURVE('',#9219,#9073,#9244,.T.);
#9244 = CIRCLE('',#9245,0.4);
#9245 = AXIS2_PLACEMENT_3D('',#9246,#9247,#9248);
#9246 = CARTESIAN_POINT('',(330.15,90.6,14.5));
#9247 = DIRECTION('',(0.,-0.,1.));
#9248 = DIRECTION('',(0.,1.,0.));
#9249 = ORIENTED_EDGE('',*,*,#9218,.T.);
#9250 = ORIENTED_EDGE('',*,*,#5914,.T.);
#9251 = CYLINDRICAL_SURFACE('',#9252,0.4);
#9252 = AXIS2_PLACEMENT_3D('',#9253,#9254,#9255);
#9253 = CARTESIAN_POINT('',(330.15,90.6,15.));
#9254 = DIRECTION('',(0.,0.,1.));
#9255 = DIRECTION('',(1.,0.,0.));
#9256 = ADVANCED_FACE('',(#9257,#9260),#9263,.T.);
#9257 = FACE_BOUND('',#9258,.T.);
#9258 = EDGE_LOOP('',(#9259));
#9259 = ORIENTED_EDGE('',*,*,#6702,.T.);
#9260 = FACE_BOUND('',#9261,.T.);
#9261 = EDGE_LOOP('',(#9262));
#9262 = ORIENTED_EDGE('',*,*,#6076,.F.);
#9263 = PLANE('',#9264);
#9264 = AXIS2_PLACEMENT_3D('',#9265,#9266,#9267);
#9265 = CARTESIAN_POINT('',(183.875,105.05,7.5));
#9266 = DIRECTION('',(0.,1.,0.));
#9267 = DIRECTION('',(0.,0.,1.));
#9268 = ADVANCED_FACE('',(#9269,#9272),#9275,.T.);
#9269 = FACE_BOUND('',#9270,.T.);
#9270 = EDGE_LOOP('',(#9271));
#9271 = ORIENTED_EDGE('',*,*,#6727,.T.);
#9272 = FACE_BOUND('',#9273,.T.);
#9273 = EDGE_LOOP('',(#9274));
#9274 = ORIENTED_EDGE('',*,*,#6101,.F.);
#9275 = PLANE('',#9276);
#9276 = AXIS2_PLACEMENT_3D('',#9277,#9278,#9279);
#9277 = CARTESIAN_POINT('',(183.875,105.05,7.5));
#9278 = DIRECTION('',(0.,1.,0.));
#9279 = DIRECTION('',(0.,0.,1.));
#9280 = ADVANCED_FACE('',(#9281),#9287,.F.);
#9281 = FACE_BOUND('',#9282,.T.);
#9282 = EDGE_LOOP('',(#9283,#9284,#9285,#9286));
#9283 = ORIENTED_EDGE('',*,*,#7214,.F.);
#9284 = ORIENTED_EDGE('',*,*,#6160,.T.);
#9285 = ORIENTED_EDGE('',*,*,#6175,.T.);
#9286 = ORIENTED_EDGE('',*,*,#7081,.F.);
#9287 = CONICAL_SURFACE('',#9288,1.,0.785398163397);
#9288 = AXIS2_PLACEMENT_3D('',#9289,#9290,#9291);
#9289 = CARTESIAN_POINT('',(41.,6.,4.5));
#9290 = DIRECTION('',(0.,0.,1.));
#9291 = DIRECTION('',(-1.,0.,0.));
#9292 = ADVANCED_FACE('',(#9293),#9299,.F.);
#9293 = FACE_BOUND('',#9294,.T.);
#9294 = EDGE_LOOP('',(#9295,#9296,#9297,#9298));
#9295 = ORIENTED_EDGE('',*,*,#7238,.F.);
#9296 = ORIENTED_EDGE('',*,*,#8388,.T.);
#9297 = ORIENTED_EDGE('',*,*,#6199,.T.);
#9298 = ORIENTED_EDGE('',*,*,#6152,.F.);
#9299 = CONICAL_SURFACE('',#9300,1.,0.785398163397);
#9300 = AXIS2_PLACEMENT_3D('',#9301,#9302,#9303);
#9301 = CARTESIAN_POINT('',(41.,6.,14.5));
#9302 = DIRECTION('',(0.,0.,1.));
#9303 = DIRECTION('',(-1.,2.66E-15,0.));
#9304 = ADVANCED_FACE('',(#9305),#9311,.T.);
#9305 = FACE_BOUND('',#9306,.T.);
#9306 = EDGE_LOOP('',(#9307,#9308,#9309,#9310));
#9307 = ORIENTED_EDGE('',*,*,#7117,.T.);
#9308 = ORIENTED_EDGE('',*,*,#6240,.T.);
#9309 = ORIENTED_EDGE('',*,*,#6264,.T.);
#9310 = ORIENTED_EDGE('',*,*,#6986,.T.);
#9311 = PLANE('',#9312);
#9312 = AXIS2_PLACEMENT_3D('',#9313,#9314,#9315);
#9313 = CARTESIAN_POINT('',(166.75,26.5,3.));
#9314 = DIRECTION('',(0.,0.,1.));
#9315 = DIRECTION('',(1.,0.,0.));
#9316 = ADVANCED_FACE('',(#9317),#9342,.F.);
#9317 = FACE_BOUND('',#9318,.F.);
#9318 = EDGE_LOOP('',(#9319,#9329,#9335,#9336));
#9319 = ORIENTED_EDGE('',*,*,#9320,.T.);
#9320 = EDGE_CURVE('',#9321,#9323,#9325,.T.);
#9321 = VERTEX_POINT('',#9322);
#9322 = CARTESIAN_POINT('',(332.75,6.,0.5));
#9323 = VERTEX_POINT('',#9324);
#9324 = CARTESIAN_POINT('',(332.75,6.,14.5));
#9325 = LINE('',#9326,#9327);
#9326 = CARTESIAN_POINT('',(332.75,6.,0.));
#9327 = VECTOR('',#9328,1.);
#9328 = DIRECTION('',(0.,0.,1.));
#9329 = ORIENTED_EDGE('',*,*,#9330,.T.);
#9330 = EDGE_CURVE('',#9323,#6281,#9331,.T.);
#9331 = LINE('',#9332,#9333);
#9332 = CARTESIAN_POINT('',(332.75,6.,14.5));
#9333 = VECTOR('',#9334,1.);
#9334 = DIRECTION('',(0.,1.,0.));
#9335 = ORIENTED_EDGE('',*,*,#6278,.F.);
#9336 = ORIENTED_EDGE('',*,*,#9337,.F.);
#9337 = EDGE_CURVE('',#9321,#6279,#9338,.T.);
#9338 = LINE('',#9339,#9340);
#9339 = CARTESIAN_POINT('',(332.75,6.,0.5));
#9340 = VECTOR('',#9341,1.);
#9341 = DIRECTION('',(0.,1.,0.));
#9342 = PLANE('',#9343);
#9343 = AXIS2_PLACEMENT_3D('',#9344,#9345,#9346);
#9344 = CARTESIAN_POINT('',(332.75,6.,0.));
#9345 = DIRECTION('',(-1.,0.,0.));
#9346 = DIRECTION('',(0.,1.,0.));
#9347 = ADVANCED_FACE('',(#9348),#9359,.T.);
#9348 = FACE_BOUND('',#9349,.T.);
#9349 = EDGE_LOOP('',(#9350,#9356,#9357,#9358));
#9350 = ORIENTED_EDGE('',*,*,#9351,.F.);
#9351 = EDGE_CURVE('',#6281,#8335,#9352,.T.);
#9352 = LINE('',#9353,#9354);
#9353 = CARTESIAN_POINT('',(332.5,101.25,14.75));
#9354 = VECTOR('',#9355,1.);
#9355 = DIRECTION('',(-0.707106781187,0.,0.707106781187));
#9356 = ORIENTED_EDGE('',*,*,#6288,.T.);
#9357 = ORIENTED_EDGE('',*,*,#6311,.T.);
#9358 = ORIENTED_EDGE('',*,*,#8342,.F.);
#9359 = CONICAL_SURFACE('',#9360,6.,0.785398163397);
#9360 = AXIS2_PLACEMENT_3D('',#9361,#9362,#9363);
#9361 = CARTESIAN_POINT('',(326.75,101.25,14.5));
#9362 = DIRECTION('',(-0.,-0.,-1.));
#9363 = DIRECTION('',(1.,0.,0.));
#9364 = ADVANCED_FACE('',(#9365),#9384,.T.);
#9365 = FACE_BOUND('',#9366,.F.);
#9366 = EDGE_LOOP('',(#9367,#9375,#9376,#9377));
#9367 = ORIENTED_EDGE('',*,*,#9368,.F.);
#9368 = EDGE_CURVE('',#6279,#9369,#9371,.T.);
#9369 = VERTEX_POINT('',#9370);
#9370 = CARTESIAN_POINT('',(332.25,101.25,-2.E-15));
#9371 = LINE('',#9372,#9373);
#9372 = CARTESIAN_POINT('',(332.5,101.25,0.25));
#9373 = VECTOR('',#9374,1.);
#9374 = DIRECTION('',(-0.707106781187,0.,-0.707106781187));
#9375 = ORIENTED_EDGE('',*,*,#6296,.T.);
#9376 = ORIENTED_EDGE('',*,*,#6342,.T.);
#9377 = ORIENTED_EDGE('',*,*,#9378,.F.);
#9378 = EDGE_CURVE('',#9369,#6343,#9379,.T.);
#9379 = CIRCLE('',#9380,5.5);
#9380 = AXIS2_PLACEMENT_3D('',#9381,#9382,#9383);
#9381 = CARTESIAN_POINT('',(326.75,101.25,0.));
#9382 = DIRECTION('',(0.,0.,1.));
#9383 = DIRECTION('',(1.,0.,0.));
#9384 = CONICAL_SURFACE('',#9385,6.,0.785398163397);
#9385 = AXIS2_PLACEMENT_3D('',#9386,#9387,#9388);
#9386 = CARTESIAN_POINT('',(326.75,101.25,0.5));
#9387 = DIRECTION('',(0.,0.,1.));
#9388 = DIRECTION('',(1.,0.,0.));
#9389 = ADVANCED_FACE('',(#9390),#9401,.T.);
#9390 = FACE_BOUND('',#9391,.T.);
#9391 = EDGE_LOOP('',(#9392,#9393,#9394,#9400));
#9392 = ORIENTED_EDGE('',*,*,#6320,.F.);
#9393 = ORIENTED_EDGE('',*,*,#6374,.T.);
#9394 = ORIENTED_EDGE('',*,*,#9395,.T.);
#9395 = EDGE_CURVE('',#6375,#8299,#9396,.T.);
#9396 = LINE('',#9397,#9398);
#9397 = CARTESIAN_POINT('',(0.25,101.25,14.75));
#9398 = VECTOR('',#9399,1.);
#9399 = DIRECTION('',(0.707106781187,0.,0.707106781187));
#9400 = ORIENTED_EDGE('',*,*,#8350,.F.);
#9401 = CONICAL_SURFACE('',#9402,6.,0.785398163397);
#9402 = AXIS2_PLACEMENT_3D('',#9403,#9404,#9405);
#9403 = CARTESIAN_POINT('',(6.,101.25,14.5));
#9404 = DIRECTION('',(-0.,-0.,-1.));
#9405 = DIRECTION('',(-4.4E-16,1.,0.));
#9406 = ADVANCED_FACE('',(#9407,#9460,#9530,#9600,#9670,#9740),#9810,.F.
  );
#9407 = FACE_BOUND('',#9408,.F.);
#9408 = EDGE_LOOP('',(#9409,#9419,#9428,#9436,#9445,#9451,#9452,#9453));
#9409 = ORIENTED_EDGE('',*,*,#9410,.T.);
#9410 = EDGE_CURVE('',#9411,#9413,#9415,.T.);
#9411 = VERTEX_POINT('',#9412);
#9412 = CARTESIAN_POINT('',(0.5,101.25,0.));
#9413 = VERTEX_POINT('',#9414);
#9414 = CARTESIAN_POINT('',(0.5,6.,0.));
#9415 = LINE('',#9416,#9417);
#9416 = CARTESIAN_POINT('',(0.5,101.25,0.));
#9417 = VECTOR('',#9418,1.);
#9418 = DIRECTION('',(0.,-1.,0.));
#9419 = ORIENTED_EDGE('',*,*,#9420,.T.);
#9420 = EDGE_CURVE('',#9413,#9421,#9423,.T.);
#9421 = VERTEX_POINT('',#9422);
#9422 = CARTESIAN_POINT('',(6.,0.5,0.));
#9423 = CIRCLE('',#9424,5.5);
#9424 = AXIS2_PLACEMENT_3D('',#9425,#9426,#9427);
#9425 = CARTESIAN_POINT('',(6.,6.,0.));
#9426 = DIRECTION('',(0.,0.,1.));
#9427 = DIRECTION('',(-1.,1.5E-16,0.));
#9428 = ORIENTED_EDGE('',*,*,#9429,.T.);
#9429 = EDGE_CURVE('',#9421,#9430,#9432,.T.);
#9430 = VERTEX_POINT('',#9431);
#9431 = CARTESIAN_POINT('',(326.75,0.5,0.));
#9432 = LINE('',#9433,#9434);
#9433 = CARTESIAN_POINT('',(6.,0.5,0.));
#9434 = VECTOR('',#9435,1.);
#9435 = DIRECTION('',(1.,0.,0.));
#9436 = ORIENTED_EDGE('',*,*,#9437,.T.);
#9437 = EDGE_CURVE('',#9430,#9438,#9440,.T.);
#9438 = VERTEX_POINT('',#9439);
#9439 = CARTESIAN_POINT('',(332.25,6.,0.));
#9440 = CIRCLE('',#9441,5.5);
#9441 = AXIS2_PLACEMENT_3D('',#9442,#9443,#9444);
#9442 = CARTESIAN_POINT('',(326.75,6.,0.));
#9443 = DIRECTION('',(-0.,0.,1.));
#9444 = DIRECTION('',(0.,-1.,0.));
#9445 = ORIENTED_EDGE('',*,*,#9446,.T.);
#9446 = EDGE_CURVE('',#9438,#9369,#9447,.T.);
#9447 = LINE('',#9448,#9449);
#9448 = CARTESIAN_POINT('',(332.25,6.,0.));
#9449 = VECTOR('',#9450,1.);
#9450 = DIRECTION('',(0.,1.,0.));
#9451 = ORIENTED_EDGE('',*,*,#9378,.T.);
#9452 = ORIENTED_EDGE('',*,*,#6359,.T.);
#9453 = ORIENTED_EDGE('',*,*,#9454,.T.);
#9454 = EDGE_CURVE('',#6352,#9411,#9455,.T.);
#9455 = CIRCLE('',#9456,5.5);
#9456 = AXIS2_PLACEMENT_3D('',#9457,#9458,#9459);
#9457 = CARTESIAN_POINT('',(6.,101.25,0.));
#9458 = DIRECTION('',(0.,0.,1.));
#9459 = DIRECTION('',(-4.4E-16,1.,0.));
#9460 = FACE_BOUND('',#9461,.F.);
#9461 = EDGE_LOOP('',(#9462,#9473,#9481,#9490,#9498,#9507,#9515,#9524));
#9462 = ORIENTED_EDGE('',*,*,#9463,.T.);
#9463 = EDGE_CURVE('',#9464,#9466,#9468,.T.);
#9464 = VERTEX_POINT('',#9465);
#9465 = CARTESIAN_POINT('',(6.,4.8,-1.E-15));
#9466 = VERTEX_POINT('',#9467);
#9467 = CARTESIAN_POINT('',(4.8,6.,-1.E-15));
#9468 = CIRCLE('',#9469,1.2);
#9469 = AXIS2_PLACEMENT_3D('',#9470,#9471,#9472);
#9470 = CARTESIAN_POINT('',(6.,6.,0.));
#9471 = DIRECTION('',(0.,0.,-1.));
#9472 = DIRECTION('',(1.,0.,0.));
#9473 = ORIENTED_EDGE('',*,*,#9474,.T.);
#9474 = EDGE_CURVE('',#9466,#9475,#9477,.T.);
#9475 = VERTEX_POINT('',#9476);
#9476 = CARTESIAN_POINT('',(4.8,6.6,-1.E-15));
#9477 = LINE('',#9478,#9479);
#9478 = CARTESIAN_POINT('',(4.8,6.,0.));
#9479 = VECTOR('',#9480,1.);
#9480 = DIRECTION('',(0.,1.,0.));
#9481 = ORIENTED_EDGE('',*,*,#9482,.T.);
#9482 = EDGE_CURVE('',#9475,#9483,#9485,.T.);
#9483 = VERTEX_POINT('',#9484);
#9484 = CARTESIAN_POINT('',(6.,7.8,-1.E-15));
#9485 = CIRCLE('',#9486,1.2);
#9486 = AXIS2_PLACEMENT_3D('',#9487,#9488,#9489);
#9487 = CARTESIAN_POINT('',(6.,6.6,0.));
#9488 = DIRECTION('',(0.,0.,-1.));
#9489 = DIRECTION('',(1.,0.,0.));
#9490 = ORIENTED_EDGE('',*,*,#9491,.T.);
#9491 = EDGE_CURVE('',#9483,#9492,#9494,.T.);
#9492 = VERTEX_POINT('',#9493);
#9493 = CARTESIAN_POINT('',(23.6,7.8,-1.E-15));
#9494 = LINE('',#9495,#9496);
#9495 = CARTESIAN_POINT('',(6.,7.8,0.));
#9496 = VECTOR('',#9497,1.);
#9497 = DIRECTION('',(1.,0.,0.));
#9498 = ORIENTED_EDGE('',*,*,#9499,.T.);
#9499 = EDGE_CURVE('',#9492,#9500,#9502,.T.);
#9500 = VERTEX_POINT('',#9501);
#9501 = CARTESIAN_POINT('',(24.8,6.6,-1.E-15));
#9502 = CIRCLE('',#9503,1.2);
#9503 = AXIS2_PLACEMENT_3D('',#9504,#9505,#9506);
#9504 = CARTESIAN_POINT('',(23.6,6.6,0.));
#9505 = DIRECTION('',(0.,0.,-1.));
#9506 = DIRECTION('',(1.,0.,0.));
#9507 = ORIENTED_EDGE('',*,*,#9508,.T.);
#9508 = EDGE_CURVE('',#9500,#9509,#9511,.T.);
#9509 = VERTEX_POINT('',#9510);
#9510 = CARTESIAN_POINT('',(24.8,6.,-1.E-15));
#9511 = LINE('',#9512,#9513);
#9512 = CARTESIAN_POINT('',(24.8,6.6,0.));
#9513 = VECTOR('',#9514,1.);
#9514 = DIRECTION('',(0.,-1.,0.));
#9515 = ORIENTED_EDGE('',*,*,#9516,.T.);
#9516 = EDGE_CURVE('',#9509,#9517,#9519,.T.);
#9517 = VERTEX_POINT('',#9518);
#9518 = CARTESIAN_POINT('',(23.6,4.8,-1.E-15));
#9519 = CIRCLE('',#9520,1.2);
#9520 = AXIS2_PLACEMENT_3D('',#9521,#9522,#9523);
#9521 = CARTESIAN_POINT('',(23.6,6.,0.));
#9522 = DIRECTION('',(0.,0.,-1.));
#9523 = DIRECTION('',(1.,0.,0.));
#9524 = ORIENTED_EDGE('',*,*,#9525,.T.);
#9525 = EDGE_CURVE('',#9517,#9464,#9526,.T.);
#9526 = LINE('',#9527,#9528);
#9527 = CARTESIAN_POINT('',(23.6,4.8,0.));
#9528 = VECTOR('',#9529,1.);
#9529 = DIRECTION('',(-1.,0.,0.));
#9530 = FACE_BOUND('',#9531,.F.);
#9531 = EDGE_LOOP('',(#9532,#9543,#9551,#9560,#9568,#9577,#9585,#9594));
#9532 = ORIENTED_EDGE('',*,*,#9533,.T.);
#9533 = EDGE_CURVE('',#9534,#9536,#9538,.T.);
#9534 = VERTEX_POINT('',#9535);
#9535 = CARTESIAN_POINT('',(309.15,4.8,-1.E-15));
#9536 = VERTEX_POINT('',#9537);
#9537 = CARTESIAN_POINT('',(307.95,6.,-1.E-15));
#9538 = CIRCLE('',#9539,1.2);
#9539 = AXIS2_PLACEMENT_3D('',#9540,#9541,#9542);
#9540 = CARTESIAN_POINT('',(309.15,6.,0.));
#9541 = DIRECTION('',(0.,0.,-1.));
#9542 = DIRECTION('',(1.,0.,0.));
#9543 = ORIENTED_EDGE('',*,*,#9544,.T.);
#9544 = EDGE_CURVE('',#9536,#9545,#9547,.T.);
#9545 = VERTEX_POINT('',#9546);
#9546 = CARTESIAN_POINT('',(307.95,6.6,-1.E-15));
#9547 = LINE('',#9548,#9549);
#9548 = CARTESIAN_POINT('',(307.95,6.,0.));
#9549 = VECTOR('',#9550,1.);
#9550 = DIRECTION('',(0.,1.,0.));
#9551 = ORIENTED_EDGE('',*,*,#9552,.T.);
#9552 = EDGE_CURVE('',#9545,#9553,#9555,.T.);
#9553 = VERTEX_POINT('',#9554);
#9554 = CARTESIAN_POINT('',(309.15,7.8,-1.E-15));
#9555 = CIRCLE('',#9556,1.2);
#9556 = AXIS2_PLACEMENT_3D('',#9557,#9558,#9559);
#9557 = CARTESIAN_POINT('',(309.15,6.6,0.));
#9558 = DIRECTION('',(0.,0.,-1.));
#9559 = DIRECTION('',(1.,0.,0.));
#9560 = ORIENTED_EDGE('',*,*,#9561,.T.);
#9561 = EDGE_CURVE('',#9553,#9562,#9564,.T.);
#9562 = VERTEX_POINT('',#9563);
#9563 = CARTESIAN_POINT('',(326.75,7.8,-1.E-15));
#9564 = LINE('',#9565,#9566);
#9565 = CARTESIAN_POINT('',(309.15,7.8,0.));
#9566 = VECTOR('',#9567,1.);
#9567 = DIRECTION('',(1.,0.,0.));
#9568 = ORIENTED_EDGE('',*,*,#9569,.T.);
#9569 = EDGE_CURVE('',#9562,#9570,#9572,.T.);
#9570 = VERTEX_POINT('',#9571);
#9571 = CARTESIAN_POINT('',(327.95,6.6,-1.E-15));
#9572 = CIRCLE('',#9573,1.2);
#9573 = AXIS2_PLACEMENT_3D('',#9574,#9575,#9576);
#9574 = CARTESIAN_POINT('',(326.75,6.6,0.));
#9575 = DIRECTION('',(0.,0.,-1.));
#9576 = DIRECTION('',(1.,0.,0.));
#9577 = ORIENTED_EDGE('',*,*,#9578,.T.);
#9578 = EDGE_CURVE('',#9570,#9579,#9581,.T.);
#9579 = VERTEX_POINT('',#9580);
#9580 = CARTESIAN_POINT('',(327.95,6.,-1.E-15));
#9581 = LINE('',#9582,#9583);
#9582 = CARTESIAN_POINT('',(327.95,6.6,0.));
#9583 = VECTOR('',#9584,1.);
#9584 = DIRECTION('',(0.,-1.,0.));
#9585 = ORIENTED_EDGE('',*,*,#9586,.T.);
#9586 = EDGE_CURVE('',#9579,#9587,#9589,.T.);
#9587 = VERTEX_POINT('',#9588);
#9588 = CARTESIAN_POINT('',(326.75,4.8,-1.E-15));
#9589 = CIRCLE('',#9590,1.2);
#9590 = AXIS2_PLACEMENT_3D('',#9591,#9592,#9593);
#9591 = CARTESIAN_POINT('',(326.75,6.,0.));
#9592 = DIRECTION('',(0.,0.,-1.));
#9593 = DIRECTION('',(1.,0.,0.));
#9594 = ORIENTED_EDGE('',*,*,#9595,.T.);
#9595 = EDGE_CURVE('',#9587,#9534,#9596,.T.);
#9596 = LINE('',#9597,#9598);
#9597 = CARTESIAN_POINT('',(326.75,4.8,0.));
#9598 = VECTOR('',#9599,1.);
#9599 = DIRECTION('',(-1.,0.,0.));
#9600 = FACE_BOUND('',#9601,.F.);
#9601 = EDGE_LOOP('',(#9602,#9613,#9621,#9630,#9638,#9647,#9655,#9664));
#9602 = ORIENTED_EDGE('',*,*,#9603,.T.);
#9603 = EDGE_CURVE('',#9604,#9606,#9608,.T.);
#9604 = VERTEX_POINT('',#9605);
#9605 = CARTESIAN_POINT('',(102.,35.,-4.E-15));
#9606 = VERTEX_POINT('',#9607);
#9607 = CARTESIAN_POINT('',(100.,37.,-5.E-15));
#9608 = CIRCLE('',#9609,2.);
#9609 = AXIS2_PLACEMENT_3D('',#9610,#9611,#9612);
#9610 = CARTESIAN_POINT('',(102.,37.,0.));
#9611 = DIRECTION('',(0.,0.,-1.));
#9612 = DIRECTION('',(1.,0.,0.));
#9613 = ORIENTED_EDGE('',*,*,#9614,.T.);
#9614 = EDGE_CURVE('',#9606,#9615,#9617,.T.);
#9615 = VERTEX_POINT('',#9616);
#9616 = CARTESIAN_POINT('',(100.,70.25,-9.E-15));
#9617 = LINE('',#9618,#9619);
#9618 = CARTESIAN_POINT('',(100.,37.,0.));
#9619 = VECTOR('',#9620,1.);
#9620 = DIRECTION('',(0.,1.,0.));
#9621 = ORIENTED_EDGE('',*,*,#9622,.T.);
#9622 = EDGE_CURVE('',#9615,#9623,#9625,.T.);
#9623 = VERTEX_POINT('',#9624);
#9624 = CARTESIAN_POINT('',(102.,72.25,-9.E-15));
#9625 = CIRCLE('',#9626,2.);
#9626 = AXIS2_PLACEMENT_3D('',#9627,#9628,#9629);
#9627 = CARTESIAN_POINT('',(102.,70.25,0.));
#9628 = DIRECTION('',(0.,0.,-1.));
#9629 = DIRECTION('',(1.,0.,0.));
#9630 = ORIENTED_EDGE('',*,*,#9631,.T.);
#9631 = EDGE_CURVE('',#9623,#9632,#9634,.T.);
#9632 = VERTEX_POINT('',#9633);
#9633 = CARTESIAN_POINT('',(230.75,72.25,-9.E-15));
#9634 = LINE('',#9635,#9636);
#9635 = CARTESIAN_POINT('',(102.,72.25,0.));
#9636 = VECTOR('',#9637,1.);
#9637 = DIRECTION('',(1.,0.,0.));
#9638 = ORIENTED_EDGE('',*,*,#9639,.T.);
#9639 = EDGE_CURVE('',#9632,#9640,#9642,.T.);
#9640 = VERTEX_POINT('',#9641);
#9641 = CARTESIAN_POINT('',(232.75,70.25,-9.E-15));
#9642 = CIRCLE('',#9643,2.);
#9643 = AXIS2_PLACEMENT_3D('',#9644,#9645,#9646);
#9644 = CARTESIAN_POINT('',(230.75,70.25,0.));
#9645 = DIRECTION('',(0.,0.,-1.));
#9646 = DIRECTION('',(1.,0.,0.));
#9647 = ORIENTED_EDGE('',*,*,#9648,.T.);
#9648 = EDGE_CURVE('',#9640,#9649,#9651,.T.);
#9649 = VERTEX_POINT('',#9650);
#9650 = CARTESIAN_POINT('',(232.75,37.,-5.E-15));
#9651 = LINE('',#9652,#9653);
#9652 = CARTESIAN_POINT('',(232.75,70.25,0.));
#9653 = VECTOR('',#9654,1.);
#9654 = DIRECTION('',(0.,-1.,0.));
#9655 = ORIENTED_EDGE('',*,*,#9656,.T.);
#9656 = EDGE_CURVE('',#9649,#9657,#9659,.T.);
#9657 = VERTEX_POINT('',#9658);
#9658 = CARTESIAN_POINT('',(230.75,35.,-4.E-15));
#9659 = CIRCLE('',#9660,2.);
#9660 = AXIS2_PLACEMENT_3D('',#9661,#9662,#9663);
#9661 = CARTESIAN_POINT('',(230.75,37.,0.));
#9662 = DIRECTION('',(0.,0.,-1.));
#9663 = DIRECTION('',(1.,0.,0.));
#9664 = ORIENTED_EDGE('',*,*,#9665,.T.);
#9665 = EDGE_CURVE('',#9657,#9604,#9666,.T.);
#9666 = LINE('',#9667,#9668);
#9667 = CARTESIAN_POINT('',(230.75,35.,0.));
#9668 = VECTOR('',#9669,1.);
#9669 = DIRECTION('',(-1.,0.,0.));
#9670 = FACE_BOUND('',#9671,.F.);
#9671 = EDGE_LOOP('',(#9672,#9683,#9691,#9700,#9708,#9717,#9725,#9734));
#9672 = ORIENTED_EDGE('',*,*,#9673,.T.);
#9673 = EDGE_CURVE('',#9674,#9676,#9678,.T.);
#9674 = VERTEX_POINT('',#9675);
#9675 = CARTESIAN_POINT('',(6.,99.45,-1.2E-14));
#9676 = VERTEX_POINT('',#9677);
#9677 = CARTESIAN_POINT('',(4.8,100.65,-1.2E-14));
#9678 = CIRCLE('',#9679,1.2);
#9679 = AXIS2_PLACEMENT_3D('',#9680,#9681,#9682);
#9680 = CARTESIAN_POINT('',(6.,100.65,0.));
#9681 = DIRECTION('',(0.,0.,-1.));
#9682 = DIRECTION('',(1.,0.,0.));
#9683 = ORIENTED_EDGE('',*,*,#9684,.T.);
#9684 = EDGE_CURVE('',#9676,#9685,#9687,.T.);
#9685 = VERTEX_POINT('',#9686);
#9686 = CARTESIAN_POINT('',(4.8,101.25,-1.2E-14));
#9687 = LINE('',#9688,#9689);
#9688 = CARTESIAN_POINT('',(4.8,100.65,0.));
#9689 = VECTOR('',#9690,1.);
#9690 = DIRECTION('',(0.,1.,0.));
#9691 = ORIENTED_EDGE('',*,*,#9692,.T.);
#9692 = EDGE_CURVE('',#9685,#9693,#9695,.T.);
#9693 = VERTEX_POINT('',#9694);
#9694 = CARTESIAN_POINT('',(6.,102.45,-1.3E-14));
#9695 = CIRCLE('',#9696,1.2);
#9696 = AXIS2_PLACEMENT_3D('',#9697,#9698,#9699);
#9697 = CARTESIAN_POINT('',(6.,101.25,0.));
#9698 = DIRECTION('',(0.,0.,-1.));
#9699 = DIRECTION('',(1.,0.,0.));
#9700 = ORIENTED_EDGE('',*,*,#9701,.T.);
#9701 = EDGE_CURVE('',#9693,#9702,#9704,.T.);
#9702 = VERTEX_POINT('',#9703);
#9703 = CARTESIAN_POINT('',(23.6,102.45,-1.3E-14));
#9704 = LINE('',#9705,#9706);
#9705 = CARTESIAN_POINT('',(6.,102.45,0.));
#9706 = VECTOR('',#9707,1.);
#9707 = DIRECTION('',(1.,0.,0.));
#9708 = ORIENTED_EDGE('',*,*,#9709,.T.);
#9709 = EDGE_CURVE('',#9702,#9710,#9712,.T.);
#9710 = VERTEX_POINT('',#9711);
#9711 = CARTESIAN_POINT('',(24.8,101.25,-1.2E-14));
#9712 = CIRCLE('',#9713,1.2);
#9713 = AXIS2_PLACEMENT_3D('',#9714,#9715,#9716);
#9714 = CARTESIAN_POINT('',(23.6,101.25,0.));
#9715 = DIRECTION('',(0.,0.,-1.));
#9716 = DIRECTION('',(1.,0.,0.));
#9717 = ORIENTED_EDGE('',*,*,#9718,.T.);
#9718 = EDGE_CURVE('',#9710,#9719,#9721,.T.);
#9719 = VERTEX_POINT('',#9720);
#9720 = CARTESIAN_POINT('',(24.8,100.65,-1.2E-14));
#9721 = LINE('',#9722,#9723);
#9722 = CARTESIAN_POINT('',(24.8,101.25,0.));
#9723 = VECTOR('',#9724,1.);
#9724 = DIRECTION('',(0.,-1.,0.));
#9725 = ORIENTED_EDGE('',*,*,#9726,.T.);
#9726 = EDGE_CURVE('',#9719,#9727,#9729,.T.);
#9727 = VERTEX_POINT('',#9728);
#9728 = CARTESIAN_POINT('',(23.6,99.45,-1.2E-14));
#9729 = CIRCLE('',#9730,1.2);
#9730 = AXIS2_PLACEMENT_3D('',#9731,#9732,#9733);
#9731 = CARTESIAN_POINT('',(23.6,100.65,0.));
#9732 = DIRECTION('',(0.,0.,-1.));
#9733 = DIRECTION('',(1.,0.,0.));
#9734 = ORIENTED_EDGE('',*,*,#9735,.T.);
#9735 = EDGE_CURVE('',#9727,#9674,#9736,.T.);
#9736 = LINE('',#9737,#9738);
#9737 = CARTESIAN_POINT('',(23.6,99.45,0.));
#9738 = VECTOR('',#9739,1.);
#9739 = DIRECTION('',(-1.,0.,0.));
#9740 = FACE_BOUND('',#9741,.F.);
#9741 = EDGE_LOOP('',(#9742,#9753,#9761,#9770,#9778,#9787,#9795,#9804));
#9742 = ORIENTED_EDGE('',*,*,#9743,.T.);
#9743 = EDGE_CURVE('',#9744,#9746,#9748,.T.);
#9744 = VERTEX_POINT('',#9745);
#9745 = CARTESIAN_POINT('',(309.15,99.45,-1.2E-14));
#9746 = VERTEX_POINT('',#9747);
#9747 = CARTESIAN_POINT('',(307.95,100.65,-1.2E-14));
#9748 = CIRCLE('',#9749,1.2);
#9749 = AXIS2_PLACEMENT_3D('',#9750,#9751,#9752);
#9750 = CARTESIAN_POINT('',(309.15,100.65,0.));
#9751 = DIRECTION('',(0.,0.,-1.));
#9752 = DIRECTION('',(1.,0.,0.));
#9753 = ORIENTED_EDGE('',*,*,#9754,.T.);
#9754 = EDGE_CURVE('',#9746,#9755,#9757,.T.);
#9755 = VERTEX_POINT('',#9756);
#9756 = CARTESIAN_POINT('',(307.95,101.25,-1.2E-14));
#9757 = LINE('',#9758,#9759);
#9758 = CARTESIAN_POINT('',(307.95,100.65,0.));
#9759 = VECTOR('',#9760,1.);
#9760 = DIRECTION('',(0.,1.,0.));
#9761 = ORIENTED_EDGE('',*,*,#9762,.T.);
#9762 = EDGE_CURVE('',#9755,#9763,#9765,.T.);
#9763 = VERTEX_POINT('',#9764);
#9764 = CARTESIAN_POINT('',(309.15,102.45,-1.3E-14));
#9765 = CIRCLE('',#9766,1.2);
#9766 = AXIS2_PLACEMENT_3D('',#9767,#9768,#9769);
#9767 = CARTESIAN_POINT('',(309.15,101.25,0.));
#9768 = DIRECTION('',(0.,0.,-1.));
#9769 = DIRECTION('',(1.,0.,0.));
#9770 = ORIENTED_EDGE('',*,*,#9771,.T.);
#9771 = EDGE_CURVE('',#9763,#9772,#9774,.T.);
#9772 = VERTEX_POINT('',#9773);
#9773 = CARTESIAN_POINT('',(326.75,102.45,-1.3E-14));
#9774 = LINE('',#9775,#9776);
#9775 = CARTESIAN_POINT('',(309.15,102.45,0.));
#9776 = VECTOR('',#9777,1.);
#9777 = DIRECTION('',(1.,0.,0.));
#9778 = ORIENTED_EDGE('',*,*,#9779,.T.);
#9779 = EDGE_CURVE('',#9772,#9780,#9782,.T.);
#9780 = VERTEX_POINT('',#9781);
#9781 = CARTESIAN_POINT('',(327.95,101.24999999999,-1.2E-14));
#9782 = CIRCLE('',#9783,1.2);
#9783 = AXIS2_PLACEMENT_3D('',#9784,#9785,#9786);
#9784 = CARTESIAN_POINT('',(326.75,101.25,0.));
#9785 = DIRECTION('',(0.,0.,-1.));
#9786 = DIRECTION('',(1.,0.,0.));
#9787 = ORIENTED_EDGE('',*,*,#9788,.T.);
#9788 = EDGE_CURVE('',#9780,#9789,#9791,.T.);
#9789 = VERTEX_POINT('',#9790);
#9790 = CARTESIAN_POINT('',(327.95,100.65,-1.2E-14));
#9791 = LINE('',#9792,#9793);
#9792 = CARTESIAN_POINT('',(327.95,101.24999999999,0.));
#9793 = VECTOR('',#9794,1.);
#9794 = DIRECTION('',(0.,-1.,0.));
#9795 = ORIENTED_EDGE('',*,*,#9796,.T.);
#9796 = EDGE_CURVE('',#9789,#9797,#9799,.T.);
#9797 = VERTEX_POINT('',#9798);
#9798 = CARTESIAN_POINT('',(326.75,99.45,-1.2E-14));
#9799 = CIRCLE('',#9800,1.2);
#9800 = AXIS2_PLACEMENT_3D('',#9801,#9802,#9803);
#9801 = CARTESIAN_POINT('',(326.75,100.65,0.));
#9802 = DIRECTION('',(0.,0.,-1.));
#9803 = DIRECTION('',(1.,0.,0.));
#9804 = ORIENTED_EDGE('',*,*,#9805,.T.);
#9805 = EDGE_CURVE('',#9797,#9744,#9806,.T.);
#9806 = LINE('',#9807,#9808);
#9807 = CARTESIAN_POINT('',(326.75,99.45,0.));
#9808 = VECTOR('',#9809,1.);
#9809 = DIRECTION('',(-1.,0.,0.));
#9810 = PLANE('',#9811);
#9811 = AXIS2_PLACEMENT_3D('',#9812,#9813,#9814);
#9812 = CARTESIAN_POINT('',(166.375,53.625,0.));
#9813 = DIRECTION('',(0.,0.,1.));
#9814 = DIRECTION('',(1.,0.,0.));
#9815 = ADVANCED_FACE('',(#9816),#9827,.T.);
#9816 = FACE_BOUND('',#9817,.F.);
#9817 = EDGE_LOOP('',(#9818,#9819,#9820,#9826));
#9818 = ORIENTED_EDGE('',*,*,#6351,.F.);
#9819 = ORIENTED_EDGE('',*,*,#6391,.T.);
#9820 = ORIENTED_EDGE('',*,*,#9821,.T.);
#9821 = EDGE_CURVE('',#6384,#9411,#9822,.T.);
#9822 = LINE('',#9823,#9824);
#9823 = CARTESIAN_POINT('',(0.25,101.25,0.25));
#9824 = VECTOR('',#9825,1.);
#9825 = DIRECTION('',(0.707106781187,0.,-0.707106781187));
#9826 = ORIENTED_EDGE('',*,*,#9454,.F.);
#9827 = CONICAL_SURFACE('',#9828,6.,0.785398163397);
#9828 = AXIS2_PLACEMENT_3D('',#9829,#9830,#9831);
#9829 = CARTESIAN_POINT('',(6.,101.25,0.5));
#9830 = DIRECTION('',(0.,0.,1.));
#9831 = DIRECTION('',(-4.4E-16,1.,0.));
#9832 = ADVANCED_FACE('',(#9833),#9858,.F.);
#9833 = FACE_BOUND('',#9834,.F.);
#9834 = EDGE_LOOP('',(#9835,#9843,#9851,#9857));
#9835 = ORIENTED_EDGE('',*,*,#9836,.T.);
#9836 = EDGE_CURVE('',#6407,#9837,#9839,.T.);
#9837 = VERTEX_POINT('',#9838);
#9838 = CARTESIAN_POINT('',(320.15,105.05,4.9));
#9839 = LINE('',#9840,#9841);
#9840 = CARTESIAN_POINT('',(320.15,107.25,4.9));
#9841 = VECTOR('',#9842,1.);
#9842 = DIRECTION('',(0.,-1.,2.2E-16));
#9843 = ORIENTED_EDGE('',*,*,#9844,.T.);
#9844 = EDGE_CURVE('',#9837,#9845,#9847,.T.);
#9845 = VERTEX_POINT('',#9846);
#9846 = CARTESIAN_POINT('',(317.95,105.05,4.9));
#9847 = LINE('',#9848,#9849);
#9848 = CARTESIAN_POINT('',(320.15,105.05,4.9));
#9849 = VECTOR('',#9850,1.);
#9850 = DIRECTION('',(-1.,0.,0.));
#9851 = ORIENTED_EDGE('',*,*,#9852,.F.);
#9852 = EDGE_CURVE('',#6416,#9845,#9853,.T.);
#9853 = LINE('',#9854,#9855);
#9854 = CARTESIAN_POINT('',(317.95,107.25,4.9));
#9855 = VECTOR('',#9856,1.);
#9856 = DIRECTION('',(0.,-1.,2.2E-16));
#9857 = ORIENTED_EDGE('',*,*,#6423,.F.);
#9858 = PLANE('',#9859);
#9859 = AXIS2_PLACEMENT_3D('',#9860,#9861,#9862);
#9860 = CARTESIAN_POINT('',(320.15,107.25,4.9));
#9861 = DIRECTION('',(-0.,-2.2E-16,-1.));
#9862 = DIRECTION('',(-1.,0.,0.));
#9863 = ADVANCED_FACE('',(#9864),#9882,.F.);
#9864 = FACE_BOUND('',#9865,.F.);
#9865 = EDGE_LOOP('',(#9866,#9874,#9880,#9881));
#9866 = ORIENTED_EDGE('',*,*,#9867,.T.);
#9867 = EDGE_CURVE('',#6438,#9868,#9870,.T.);
#9868 = VERTEX_POINT('',#9869);
#9869 = CARTESIAN_POINT('',(320.15,105.05,10.1));
#9870 = LINE('',#9871,#9872);
#9871 = CARTESIAN_POINT('',(320.15,107.25,10.1));
#9872 = VECTOR('',#9873,1.);
#9873 = DIRECTION('',(0.,-1.,2.2E-16));
#9874 = ORIENTED_EDGE('',*,*,#9875,.T.);
#9875 = EDGE_CURVE('',#9868,#9837,#9876,.T.);
#9876 = LINE('',#9877,#9878);
#9877 = CARTESIAN_POINT('',(320.15,105.05,10.1));
#9878 = VECTOR('',#9879,1.);
#9879 = DIRECTION('',(0.,0.,-1.));
#9880 = ORIENTED_EDGE('',*,*,#9836,.F.);
#9881 = ORIENTED_EDGE('',*,*,#6447,.F.);
#9882 = PLANE('',#9883);
#9883 = AXIS2_PLACEMENT_3D('',#9884,#9885,#9886);
#9884 = CARTESIAN_POINT('',(320.15,107.25,10.1));
#9885 = DIRECTION('',(1.,0.,0.));
#9886 = DIRECTION('',(0.,-2.2E-16,-1.));
#9887 = ADVANCED_FACE('',(#9888),#9906,.F.);
#9888 = FACE_BOUND('',#9889,.F.);
#9889 = EDGE_LOOP('',(#9890,#9891,#9899,#9905));
#9890 = ORIENTED_EDGE('',*,*,#9852,.T.);
#9891 = ORIENTED_EDGE('',*,*,#9892,.T.);
#9892 = EDGE_CURVE('',#9845,#9893,#9895,.T.);
#9893 = VERTEX_POINT('',#9894);
#9894 = CARTESIAN_POINT('',(317.95,105.05,10.1));
#9895 = LINE('',#9896,#9897);
#9896 = CARTESIAN_POINT('',(317.95,105.05,4.9));
#9897 = VECTOR('',#9898,1.);
#9898 = DIRECTION('',(0.,0.,1.));
#9899 = ORIENTED_EDGE('',*,*,#9900,.F.);
#9900 = EDGE_CURVE('',#6464,#9893,#9901,.T.);
#9901 = LINE('',#9902,#9903);
#9902 = CARTESIAN_POINT('',(317.95,107.25,10.1));
#9903 = VECTOR('',#9904,1.);
#9904 = DIRECTION('',(0.,-1.,2.2E-16));
#9905 = ORIENTED_EDGE('',*,*,#6471,.F.);
#9906 = PLANE('',#9907);
#9907 = AXIS2_PLACEMENT_3D('',#9908,#9909,#9910);
#9908 = CARTESIAN_POINT('',(317.95,107.25,4.9));
#9909 = DIRECTION('',(-1.,0.,0.));
#9910 = DIRECTION('',(0.,2.2E-16,1.));
#9911 = ADVANCED_FACE('',(#9912),#9923,.F.);
#9912 = FACE_BOUND('',#9913,.F.);
#9913 = EDGE_LOOP('',(#9914,#9915,#9921,#9922));
#9914 = ORIENTED_EDGE('',*,*,#9900,.T.);
#9915 = ORIENTED_EDGE('',*,*,#9916,.T.);
#9916 = EDGE_CURVE('',#9893,#9868,#9917,.T.);
#9917 = LINE('',#9918,#9919);
#9918 = CARTESIAN_POINT('',(317.95,105.05,10.1));
#9919 = VECTOR('',#9920,1.);
#9920 = DIRECTION('',(1.,0.,0.));
#9921 = ORIENTED_EDGE('',*,*,#9867,.F.);
#9922 = ORIENTED_EDGE('',*,*,#6488,.F.);
#9923 = PLANE('',#9924);
#9924 = AXIS2_PLACEMENT_3D('',#9925,#9926,#9927);
#9925 = CARTESIAN_POINT('',(317.95,107.25,10.1));
#9926 = DIRECTION('',(0.,2.2E-16,1.));
#9927 = DIRECTION('',(1.,0.,0.));
#9928 = ADVANCED_FACE('',(#9929),#9954,.F.);
#9929 = FACE_BOUND('',#9930,.F.);
#9930 = EDGE_LOOP('',(#9931,#9939,#9947,#9953));
#9931 = ORIENTED_EDGE('',*,*,#9932,.T.);
#9932 = EDGE_CURVE('',#6503,#9933,#9935,.T.);
#9933 = VERTEX_POINT('',#9934);
#9934 = CARTESIAN_POINT('',(307.55,105.05,4.9));
#9935 = LINE('',#9936,#9937);
#9936 = CARTESIAN_POINT('',(307.55,107.25,4.9));
#9937 = VECTOR('',#9938,1.);
#9938 = DIRECTION('',(0.,-1.,2.2E-16));
#9939 = ORIENTED_EDGE('',*,*,#9940,.T.);
#9940 = EDGE_CURVE('',#9933,#9941,#9943,.T.);
#9941 = VERTEX_POINT('',#9942);
#9942 = CARTESIAN_POINT('',(305.35,105.05,4.9));
#9943 = LINE('',#9944,#9945);
#9944 = CARTESIAN_POINT('',(307.55,105.05,4.9));
#9945 = VECTOR('',#9946,1.);
#9946 = DIRECTION('',(-1.,0.,0.));
#9947 = ORIENTED_EDGE('',*,*,#9948,.F.);
#9948 = EDGE_CURVE('',#6512,#9941,#9949,.T.);
#9949 = LINE('',#9950,#9951);
#9950 = CARTESIAN_POINT('',(305.35,107.25,4.9));
#9951 = VECTOR('',#9952,1.);
#9952 = DIRECTION('',(0.,-1.,2.2E-16));
#9953 = ORIENTED_EDGE('',*,*,#6519,.F.);
#9954 = PLANE('',#9955);
#9955 = AXIS2_PLACEMENT_3D('',#9956,#9957,#9958);
#9956 = CARTESIAN_POINT('',(307.55,107.25,4.9));
#9957 = DIRECTION('',(-0.,-2.2E-16,-1.));
#9958 = DIRECTION('',(-1.,0.,0.));
#9959 = ADVANCED_FACE('',(#9960),#9978,.F.);
#9960 = FACE_BOUND('',#9961,.F.);
#9961 = EDGE_LOOP('',(#9962,#9970,#9976,#9977));
#9962 = ORIENTED_EDGE('',*,*,#9963,.T.);
#9963 = EDGE_CURVE('',#6534,#9964,#9966,.T.);
#9964 = VERTEX_POINT('',#9965);
#9965 = CARTESIAN_POINT('',(307.55,105.05,10.1));
#9966 = LINE('',#9967,#9968);
#9967 = CARTESIAN_POINT('',(307.55,107.25,10.1));
#9968 = VECTOR('',#9969,1.);
#9969 = DIRECTION('',(0.,-1.,2.2E-16));
#9970 = ORIENTED_EDGE('',*,*,#9971,.T.);
#9971 = EDGE_CURVE('',#9964,#9933,#9972,.T.);
#9972 = LINE('',#9973,#9974);
#9973 = CARTESIAN_POINT('',(307.55,105.05,10.1));
#9974 = VECTOR('',#9975,1.);
#9975 = DIRECTION('',(0.,0.,-1.));
#9976 = ORIENTED_EDGE('',*,*,#9932,.F.);
#9977 = ORIENTED_EDGE('',*,*,#6543,.F.);
#9978 = PLANE('',#9979);
#9979 = AXIS2_PLACEMENT_3D('',#9980,#9981,#9982);
#9980 = CARTESIAN_POINT('',(307.55,107.25,10.1));
#9981 = DIRECTION('',(1.,0.,0.));
#9982 = DIRECTION('',(0.,-2.2E-16,-1.));
#9983 = ADVANCED_FACE('',(#9984),#10002,.F.);
#9984 = FACE_BOUND('',#9985,.F.);
#9985 = EDGE_LOOP('',(#9986,#9987,#9995,#10001));
#9986 = ORIENTED_EDGE('',*,*,#9948,.T.);
#9987 = ORIENTED_EDGE('',*,*,#9988,.T.);
#9988 = EDGE_CURVE('',#9941,#9989,#9991,.T.);
#9989 = VERTEX_POINT('',#9990);
#9990 = CARTESIAN_POINT('',(305.35,105.05,10.1));
#9991 = LINE('',#9992,#9993);
#9992 = CARTESIAN_POINT('',(305.35,105.05,4.9));
#9993 = VECTOR('',#9994,1.);
#9994 = DIRECTION('',(0.,0.,1.));
#9995 = ORIENTED_EDGE('',*,*,#9996,.F.);
#9996 = EDGE_CURVE('',#6560,#9989,#9997,.T.);
#9997 = LINE('',#9998,#9999);
#9998 = CARTESIAN_POINT('',(305.35,107.25,10.1));
#9999 = VECTOR('',#10000,1.);
#10000 = DIRECTION('',(0.,-1.,2.2E-16));
#10001 = ORIENTED_EDGE('',*,*,#6567,.F.);
#10002 = PLANE('',#10003);
#10003 = AXIS2_PLACEMENT_3D('',#10004,#10005,#10006);
#10004 = CARTESIAN_POINT('',(305.35,107.25,4.9));
#10005 = DIRECTION('',(-1.,0.,0.));
#10006 = DIRECTION('',(0.,2.2E-16,1.));
#10007 = ADVANCED_FACE('',(#10008),#10019,.F.);
#10008 = FACE_BOUND('',#10009,.F.);
#10009 = EDGE_LOOP('',(#10010,#10011,#10017,#10018));
#10010 = ORIENTED_EDGE('',*,*,#9996,.T.);
#10011 = ORIENTED_EDGE('',*,*,#10012,.T.);
#10012 = EDGE_CURVE('',#9989,#9964,#10013,.T.);
#10013 = LINE('',#10014,#10015);
#10014 = CARTESIAN_POINT('',(305.35,105.05,10.1));
#10015 = VECTOR('',#10016,1.);
#10016 = DIRECTION('',(1.,0.,0.));
#10017 = ORIENTED_EDGE('',*,*,#9963,.F.);
#10018 = ORIENTED_EDGE('',*,*,#6584,.F.);
#10019 = PLANE('',#10020);
#10020 = AXIS2_PLACEMENT_3D('',#10021,#10022,#10023);
#10021 = CARTESIAN_POINT('',(305.35,107.25,10.1));
#10022 = DIRECTION('',(0.,2.2E-16,1.));
#10023 = DIRECTION('',(1.,0.,0.));
#10024 = ADVANCED_FACE('',(#10025),#10050,.F.);
#10025 = FACE_BOUND('',#10026,.F.);
#10026 = EDGE_LOOP('',(#10027,#10035,#10043,#10049));
#10027 = ORIENTED_EDGE('',*,*,#10028,.T.);
#10028 = EDGE_CURVE('',#6599,#10029,#10031,.T.);
#10029 = VERTEX_POINT('',#10030);
#10030 = CARTESIAN_POINT('',(62.4,105.05,4.9));
#10031 = LINE('',#10032,#10033);
#10032 = CARTESIAN_POINT('',(62.4,107.25,4.9));
#10033 = VECTOR('',#10034,1.);
#10034 = DIRECTION('',(0.,-1.,2.2E-16));
#10035 = ORIENTED_EDGE('',*,*,#10036,.T.);
#10036 = EDGE_CURVE('',#10029,#10037,#10039,.T.);
#10037 = VERTEX_POINT('',#10038);
#10038 = CARTESIAN_POINT('',(60.2,105.05,4.9));
#10039 = LINE('',#10040,#10041);
#10040 = CARTESIAN_POINT('',(62.4,105.05,4.9));
#10041 = VECTOR('',#10042,1.);
#10042 = DIRECTION('',(-1.,0.,0.));
#10043 = ORIENTED_EDGE('',*,*,#10044,.F.);
#10044 = EDGE_CURVE('',#6608,#10037,#10045,.T.);
#10045 = LINE('',#10046,#10047);
#10046 = CARTESIAN_POINT('',(60.2,107.25,4.9));
#10047 = VECTOR('',#10048,1.);
#10048 = DIRECTION('',(0.,-1.,2.2E-16));
#10049 = ORIENTED_EDGE('',*,*,#6615,.F.);
#10050 = PLANE('',#10051);
#10051 = AXIS2_PLACEMENT_3D('',#10052,#10053,#10054);
#10052 = CARTESIAN_POINT('',(62.4,107.25,4.9));
#10053 = DIRECTION('',(-0.,-2.2E-16,-1.));
#10054 = DIRECTION('',(-1.,0.,0.));
#10055 = ADVANCED_FACE('',(#10056),#10074,.F.);
#10056 = FACE_BOUND('',#10057,.F.);
#10057 = EDGE_LOOP('',(#10058,#10066,#10072,#10073));
#10058 = ORIENTED_EDGE('',*,*,#10059,.T.);
#10059 = EDGE_CURVE('',#6630,#10060,#10062,.T.);
#10060 = VERTEX_POINT('',#10061);
#10061 = CARTESIAN_POINT('',(62.4,105.05,10.1));
#10062 = LINE('',#10063,#10064);
#10063 = CARTESIAN_POINT('',(62.4,107.25,10.1));
#10064 = VECTOR('',#10065,1.);
#10065 = DIRECTION('',(0.,-1.,2.2E-16));
#10066 = ORIENTED_EDGE('',*,*,#10067,.T.);
#10067 = EDGE_CURVE('',#10060,#10029,#10068,.T.);
#10068 = LINE('',#10069,#10070);
#10069 = CARTESIAN_POINT('',(62.4,105.05,10.1));
#10070 = VECTOR('',#10071,1.);
#10071 = DIRECTION('',(0.,0.,-1.));
#10072 = ORIENTED_EDGE('',*,*,#10028,.F.);
#10073 = ORIENTED_EDGE('',*,*,#6639,.F.);
#10074 = PLANE('',#10075);
#10075 = AXIS2_PLACEMENT_3D('',#10076,#10077,#10078);
#10076 = CARTESIAN_POINT('',(62.4,107.25,10.1));
#10077 = DIRECTION('',(1.,0.,0.));
#10078 = DIRECTION('',(0.,-2.2E-16,-1.));
#10079 = ADVANCED_FACE('',(#10080),#10098,.F.);
#10080 = FACE_BOUND('',#10081,.F.);
#10081 = EDGE_LOOP('',(#10082,#10083,#10091,#10097));
#10082 = ORIENTED_EDGE('',*,*,#10044,.T.);
#10083 = ORIENTED_EDGE('',*,*,#10084,.T.);
#10084 = EDGE_CURVE('',#10037,#10085,#10087,.T.);
#10085 = VERTEX_POINT('',#10086);
#10086 = CARTESIAN_POINT('',(60.2,105.05,10.1));
#10087 = LINE('',#10088,#10089);
#10088 = CARTESIAN_POINT('',(60.2,105.05,4.9));
#10089 = VECTOR('',#10090,1.);
#10090 = DIRECTION('',(0.,0.,1.));
#10091 = ORIENTED_EDGE('',*,*,#10092,.F.);
#10092 = EDGE_CURVE('',#6656,#10085,#10093,.T.);
#10093 = LINE('',#10094,#10095);
#10094 = CARTESIAN_POINT('',(60.2,107.25,10.1));
#10095 = VECTOR('',#10096,1.);
#10096 = DIRECTION('',(0.,-1.,2.2E-16));
#10097 = ORIENTED_EDGE('',*,*,#6663,.F.);
#10098 = PLANE('',#10099);
#10099 = AXIS2_PLACEMENT_3D('',#10100,#10101,#10102);
#10100 = CARTESIAN_POINT('',(60.2,107.25,4.9));
#10101 = DIRECTION('',(-1.,0.,0.));
#10102 = DIRECTION('',(0.,2.2E-16,1.));
#10103 = ADVANCED_FACE('',(#10104),#10115,.F.);
#10104 = FACE_BOUND('',#10105,.F.);
#10105 = EDGE_LOOP('',(#10106,#10107,#10113,#10114));
#10106 = ORIENTED_EDGE('',*,*,#10092,.T.);
#10107 = ORIENTED_EDGE('',*,*,#10108,.T.);
#10108 = EDGE_CURVE('',#10085,#10060,#10109,.T.);
#10109 = LINE('',#10110,#10111);
#10110 = CARTESIAN_POINT('',(60.2,105.05,10.1));
#10111 = VECTOR('',#10112,1.);
#10112 = DIRECTION('',(1.,0.,0.));
#10113 = ORIENTED_EDGE('',*,*,#10059,.F.);
#10114 = ORIENTED_EDGE('',*,*,#6680,.F.);
#10115 = PLANE('',#10116);
#10116 = AXIS2_PLACEMENT_3D('',#10117,#10118,#10119);
#10117 = CARTESIAN_POINT('',(60.2,107.25,10.1));
#10118 = DIRECTION('',(0.,2.2E-16,1.));
#10119 = DIRECTION('',(1.,0.,0.));
#10120 = ADVANCED_FACE('',(#10121),#10146,.F.);
#10121 = FACE_BOUND('',#10122,.F.);
#10122 = EDGE_LOOP('',(#10123,#10131,#10139,#10145));
#10123 = ORIENTED_EDGE('',*,*,#10124,.T.);
#10124 = EDGE_CURVE('',#6745,#10125,#10127,.T.);
#10125 = VERTEX_POINT('',#10126);
#10126 = CARTESIAN_POINT('',(49.8,105.05,4.9));
#10127 = LINE('',#10128,#10129);
#10128 = CARTESIAN_POINT('',(49.8,107.25,4.9));
#10129 = VECTOR('',#10130,1.);
#10130 = DIRECTION('',(0.,-1.,2.2E-16));
#10131 = ORIENTED_EDGE('',*,*,#10132,.T.);
#10132 = EDGE_CURVE('',#10125,#10133,#10135,.T.);
#10133 = VERTEX_POINT('',#10134);
#10134 = CARTESIAN_POINT('',(47.6,105.05,4.9));
#10135 = LINE('',#10136,#10137);
#10136 = CARTESIAN_POINT('',(49.8,105.05,4.9));
#10137 = VECTOR('',#10138,1.);
#10138 = DIRECTION('',(-1.,0.,0.));
#10139 = ORIENTED_EDGE('',*,*,#10140,.F.);
#10140 = EDGE_CURVE('',#6754,#10133,#10141,.T.);
#10141 = LINE('',#10142,#10143);
#10142 = CARTESIAN_POINT('',(47.6,107.25,4.9));
#10143 = VECTOR('',#10144,1.);
#10144 = DIRECTION('',(0.,-1.,2.2E-16));
#10145 = ORIENTED_EDGE('',*,*,#6761,.F.);
#10146 = PLANE('',#10147);
#10147 = AXIS2_PLACEMENT_3D('',#10148,#10149,#10150);
#10148 = CARTESIAN_POINT('',(49.8,107.25,4.9));
#10149 = DIRECTION('',(-0.,-2.2E-16,-1.));
#10150 = DIRECTION('',(-1.,0.,0.));
#10151 = ADVANCED_FACE('',(#10152),#10170,.F.);
#10152 = FACE_BOUND('',#10153,.F.);
#10153 = EDGE_LOOP('',(#10154,#10162,#10168,#10169));
#10154 = ORIENTED_EDGE('',*,*,#10155,.T.);
#10155 = EDGE_CURVE('',#6776,#10156,#10158,.T.);
#10156 = VERTEX_POINT('',#10157);
#10157 = CARTESIAN_POINT('',(49.8,105.05,10.1));
#10158 = LINE('',#10159,#10160);
#10159 = CARTESIAN_POINT('',(49.8,107.25,10.1));
#10160 = VECTOR('',#10161,1.);
#10161 = DIRECTION('',(0.,-1.,2.2E-16));
#10162 = ORIENTED_EDGE('',*,*,#10163,.T.);
#10163 = EDGE_CURVE('',#10156,#10125,#10164,.T.);
#10164 = LINE('',#10165,#10166);
#10165 = CARTESIAN_POINT('',(49.8,105.05,10.1));
#10166 = VECTOR('',#10167,1.);
#10167 = DIRECTION('',(0.,0.,-1.));
#10168 = ORIENTED_EDGE('',*,*,#10124,.F.);
#10169 = ORIENTED_EDGE('',*,*,#6785,.F.);
#10170 = PLANE('',#10171);
#10171 = AXIS2_PLACEMENT_3D('',#10172,#10173,#10174);
#10172 = CARTESIAN_POINT('',(49.8,107.25,10.1));
#10173 = DIRECTION('',(1.,0.,0.));
#10174 = DIRECTION('',(0.,-2.2E-16,-1.));
#10175 = ADVANCED_FACE('',(#10176),#10194,.F.);
#10176 = FACE_BOUND('',#10177,.F.);
#10177 = EDGE_LOOP('',(#10178,#10179,#10187,#10193));
#10178 = ORIENTED_EDGE('',*,*,#10140,.T.);
#10179 = ORIENTED_EDGE('',*,*,#10180,.T.);
#10180 = EDGE_CURVE('',#10133,#10181,#10183,.T.);
#10181 = VERTEX_POINT('',#10182);
#10182 = CARTESIAN_POINT('',(47.6,105.05,10.1));
#10183 = LINE('',#10184,#10185);
#10184 = CARTESIAN_POINT('',(47.6,105.05,4.9));
#10185 = VECTOR('',#10186,1.);
#10186 = DIRECTION('',(0.,0.,1.));
#10187 = ORIENTED_EDGE('',*,*,#10188,.F.);
#10188 = EDGE_CURVE('',#6802,#10181,#10189,.T.);
#10189 = LINE('',#10190,#10191);
#10190 = CARTESIAN_POINT('',(47.6,107.25,10.1));
#10191 = VECTOR('',#10192,1.);
#10192 = DIRECTION('',(0.,-1.,2.2E-16));
#10193 = ORIENTED_EDGE('',*,*,#6809,.F.);
#10194 = PLANE('',#10195);
#10195 = AXIS2_PLACEMENT_3D('',#10196,#10197,#10198);
#10196 = CARTESIAN_POINT('',(47.6,107.25,4.9));
#10197 = DIRECTION('',(-1.,0.,0.));
#10198 = DIRECTION('',(0.,2.2E-16,1.));
#10199 = ADVANCED_FACE('',(#10200),#10211,.F.);
#10200 = FACE_BOUND('',#10201,.F.);
#10201 = EDGE_LOOP('',(#10202,#10203,#10209,#10210));
#10202 = ORIENTED_EDGE('',*,*,#10188,.T.);
#10203 = ORIENTED_EDGE('',*,*,#10204,.T.);
#10204 = EDGE_CURVE('',#10181,#10156,#10205,.T.);
#10205 = LINE('',#10206,#10207);
#10206 = CARTESIAN_POINT('',(47.6,105.05,10.1));
#10207 = VECTOR('',#10208,1.);
#10208 = DIRECTION('',(1.,0.,0.));
#10209 = ORIENTED_EDGE('',*,*,#10155,.F.);
#10210 = ORIENTED_EDGE('',*,*,#6826,.F.);
#10211 = PLANE('',#10212);
#10212 = AXIS2_PLACEMENT_3D('',#10213,#10214,#10215);
#10213 = CARTESIAN_POINT('',(47.6,107.25,10.1));
#10214 = DIRECTION('',(0.,2.2E-16,1.));
#10215 = DIRECTION('',(1.,0.,0.));
#10216 = ADVANCED_FACE('',(#10217),#10223,.F.);
#10217 = FACE_BOUND('',#10218,.F.);
#10218 = EDGE_LOOP('',(#10219,#10220,#10221,#10222));
#10219 = ORIENTED_EDGE('',*,*,#7519,.F.);
#10220 = ORIENTED_EDGE('',*,*,#7065,.T.);
#10221 = ORIENTED_EDGE('',*,*,#7207,.F.);
#10222 = ORIENTED_EDGE('',*,*,#7263,.F.);
#10223 = PLANE('',#10224);
#10224 = AXIS2_PLACEMENT_3D('',#10225,#10226,#10227);
#10225 = CARTESIAN_POINT('',(30.,15.25,4.25));
#10226 = DIRECTION('',(0.,-0.707106781187,-0.707106781187));
#10227 = DIRECTION('',(1.,0.,0.));
#10228 = ADVANCED_FACE('',(#10229),#10248,.F.);
#10229 = FACE_BOUND('',#10230,.T.);
#10230 = EDGE_LOOP('',(#10231,#10239,#10240,#10241));
#10231 = ORIENTED_EDGE('',*,*,#10232,.T.);
#10232 = EDGE_CURVE('',#10233,#7296,#10235,.T.);
#10233 = VERTEX_POINT('',#10234);
#10234 = CARTESIAN_POINT('',(34.,65.75,5.));
#10235 = LINE('',#10236,#10237);
#10236 = CARTESIAN_POINT('',(34.,65.75,5.));
#10237 = VECTOR('',#10238,1.);
#10238 = DIRECTION('',(0.,0.,1.));
#10239 = ORIENTED_EDGE('',*,*,#7295,.T.);
#10240 = ORIENTED_EDGE('',*,*,#10232,.F.);
#10241 = ORIENTED_EDGE('',*,*,#10242,.F.);
#10242 = EDGE_CURVE('',#10233,#10233,#10243,.T.);
#10243 = CIRCLE('',#10244,1.5);
#10244 = AXIS2_PLACEMENT_3D('',#10245,#10246,#10247);
#10245 = CARTESIAN_POINT('',(32.5,65.75,5.));
#10246 = DIRECTION('',(0.,0.,1.));
#10247 = DIRECTION('',(1.,0.,0.));
#10248 = CYLINDRICAL_SURFACE('',#10249,1.5);
#10249 = AXIS2_PLACEMENT_3D('',#10250,#10251,#10252);
#10250 = CARTESIAN_POINT('',(32.5,65.75,5.));
#10251 = DIRECTION('',(-0.,-0.,-1.));
#10252 = DIRECTION('',(1.,0.,0.));
#10253 = ADVANCED_FACE('',(#10254),#10260,.F.);
#10254 = FACE_BOUND('',#10255,.T.);
#10255 = EDGE_LOOP('',(#10256,#10257,#10258,#10259));
#10256 = ORIENTED_EDGE('',*,*,#7550,.F.);
#10257 = ORIENTED_EDGE('',*,*,#8364,.T.);
#10258 = ORIENTED_EDGE('',*,*,#7353,.T.);
#10259 = ORIENTED_EDGE('',*,*,#7385,.F.);
#10260 = CONICAL_SURFACE('',#10261,1.,0.785398163397);
#10261 = AXIS2_PLACEMENT_3D('',#10262,#10263,#10264);
#10262 = CARTESIAN_POINT('',(34.,6.,14.5));
#10263 = DIRECTION('',(0.,0.,1.));
#10264 = DIRECTION('',(1.421E-14,-1.,0.));
#10265 = ADVANCED_FACE('',(#10266),#10285,.F.);
#10266 = FACE_BOUND('',#10267,.T.);
#10267 = EDGE_LOOP('',(#10268,#10276,#10277,#10278));
#10268 = ORIENTED_EDGE('',*,*,#10269,.T.);
#10269 = EDGE_CURVE('',#10270,#7421,#10272,.T.);
#10270 = VERTEX_POINT('',#10271);
#10271 = CARTESIAN_POINT('',(34.,7.5,5.));
#10272 = LINE('',#10273,#10274);
#10273 = CARTESIAN_POINT('',(34.,7.5,5.));
#10274 = VECTOR('',#10275,1.);
#10275 = DIRECTION('',(0.,0.,1.));
#10276 = ORIENTED_EDGE('',*,*,#7420,.T.);
#10277 = ORIENTED_EDGE('',*,*,#10269,.F.);
#10278 = ORIENTED_EDGE('',*,*,#10279,.F.);
#10279 = EDGE_CURVE('',#10270,#10270,#10280,.T.);
#10280 = CIRCLE('',#10281,1.5);
#10281 = AXIS2_PLACEMENT_3D('',#10282,#10283,#10284);
#10282 = CARTESIAN_POINT('',(32.5,7.5,5.));
#10283 = DIRECTION('',(0.,0.,1.));
#10284 = DIRECTION('',(1.,0.,0.));
#10285 = CYLINDRICAL_SURFACE('',#10286,1.5);
#10286 = AXIS2_PLACEMENT_3D('',#10287,#10288,#10289);
#10287 = CARTESIAN_POINT('',(32.5,7.5,5.));
#10288 = DIRECTION('',(-0.,-0.,-1.));
#10289 = DIRECTION('',(1.,0.,0.));
#10290 = ADVANCED_FACE('',(#10291,#10294),#10305,.T.);
#10291 = FACE_BOUND('',#10292,.T.);
#10292 = EDGE_LOOP('',(#10293));
#10293 = ORIENTED_EDGE('',*,*,#7619,.T.);
#10294 = FACE_BOUND('',#10295,.F.);
#10295 = EDGE_LOOP('',(#10296));
#10296 = ORIENTED_EDGE('',*,*,#10297,.T.);
#10297 = EDGE_CURVE('',#10298,#10298,#10300,.T.);
#10298 = VERTEX_POINT('',#10299);
#10299 = CARTESIAN_POINT('',(66.,25.25,8.));
#10300 = CIRCLE('',#10301,1.5);
#10301 = AXIS2_PLACEMENT_3D('',#10302,#10303,#10304);
#10302 = CARTESIAN_POINT('',(64.5,25.25,8.));
#10303 = DIRECTION('',(0.,0.,1.));
#10304 = DIRECTION('',(1.,0.,0.));
#10305 = PLANE('',#10306);
#10306 = AXIS2_PLACEMENT_3D('',#10307,#10308,#10309);
#10307 = CARTESIAN_POINT('',(183.875,55.7,8.));
#10308 = DIRECTION('',(0.,0.,1.));
#10309 = DIRECTION('',(1.,0.,0.));
#10310 = ADVANCED_FACE('',(#10311),#10317,.T.);
#10311 = FACE_BOUND('',#10312,.T.);
#10312 = EDGE_LOOP('',(#10313,#10314,#10315,#10316));
#10313 = ORIENTED_EDGE('',*,*,#7699,.T.);
#10314 = ORIENTED_EDGE('',*,*,#7723,.T.);
#10315 = ORIENTED_EDGE('',*,*,#7747,.T.);
#10316 = ORIENTED_EDGE('',*,*,#7764,.T.);
#10317 = PLANE('',#10318);
#10318 = AXIS2_PLACEMENT_3D('',#10319,#10320,#10321);
#10319 = CARTESIAN_POINT('',(24.5,42.,4.));
#10320 = DIRECTION('',(0.,0.,1.));
#10321 = DIRECTION('',(1.,0.,0.));
#10322 = ADVANCED_FACE('',(#10323,#10326),#10337,.T.);
#10323 = FACE_BOUND('',#10324,.T.);
#10324 = EDGE_LOOP('',(#10325));
#10325 = ORIENTED_EDGE('',*,*,#7832,.T.);
#10326 = FACE_BOUND('',#10327,.F.);
#10327 = EDGE_LOOP('',(#10328));
#10328 = ORIENTED_EDGE('',*,*,#10329,.T.);
#10329 = EDGE_CURVE('',#10330,#10330,#10332,.T.);
#10330 = VERTEX_POINT('',#10331);
#10331 = CARTESIAN_POINT('',(304.75,25.25,8.));
#10332 = CIRCLE('',#10333,1.5);
#10333 = AXIS2_PLACEMENT_3D('',#10334,#10335,#10336);
#10334 = CARTESIAN_POINT('',(303.25,25.25,8.));
#10335 = DIRECTION('',(0.,0.,1.));
#10336 = DIRECTION('',(1.,0.,0.));
#10337 = PLANE('',#10338);
#10338 = AXIS2_PLACEMENT_3D('',#10339,#10340,#10341);
#10339 = CARTESIAN_POINT('',(183.875,55.7,8.));
#10340 = DIRECTION('',(0.,0.,1.));
#10341 = DIRECTION('',(1.,0.,0.));
#10342 = ADVANCED_FACE('',(#10343,#10346),#10357,.T.);
#10343 = FACE_BOUND('',#10344,.T.);
#10344 = EDGE_LOOP('',(#10345));
#10345 = ORIENTED_EDGE('',*,*,#7961,.T.);
#10346 = FACE_BOUND('',#10347,.F.);
#10347 = EDGE_LOOP('',(#10348));
#10348 = ORIENTED_EDGE('',*,*,#10349,.T.);
#10349 = EDGE_CURVE('',#10350,#10350,#10352,.T.);
#10350 = VERTEX_POINT('',#10351);
#10351 = CARTESIAN_POINT('',(66.,82.,8.));
#10352 = CIRCLE('',#10353,1.5);
#10353 = AXIS2_PLACEMENT_3D('',#10354,#10355,#10356);
#10354 = CARTESIAN_POINT('',(64.5,82.,8.));
#10355 = DIRECTION('',(0.,0.,1.));
#10356 = DIRECTION('',(1.,0.,0.));
#10357 = PLANE('',#10358);
#10358 = AXIS2_PLACEMENT_3D('',#10359,#10360,#10361);
#10359 = CARTESIAN_POINT('',(183.875,55.7,8.));
#10360 = DIRECTION('',(0.,0.,1.));
#10361 = DIRECTION('',(1.,0.,0.));
#10362 = ADVANCED_FACE('',(#10363,#10366),#10377,.T.);
#10363 = FACE_BOUND('',#10364,.T.);
#10364 = EDGE_LOOP('',(#10365));
#10365 = ORIENTED_EDGE('',*,*,#8078,.T.);
#10366 = FACE_BOUND('',#10367,.F.);
#10367 = EDGE_LOOP('',(#10368));
#10368 = ORIENTED_EDGE('',*,*,#10369,.T.);
#10369 = EDGE_CURVE('',#10370,#10370,#10372,.T.);
#10370 = VERTEX_POINT('',#10371);
#10371 = CARTESIAN_POINT('',(185.375,64.,8.));
#10372 = CIRCLE('',#10373,1.5);
#10373 = AXIS2_PLACEMENT_3D('',#10374,#10375,#10376);
#10374 = CARTESIAN_POINT('',(183.875,64.,8.));
#10375 = DIRECTION('',(0.,0.,1.));
#10376 = DIRECTION('',(1.,0.,0.));
#10377 = PLANE('',#10378);
#10378 = AXIS2_PLACEMENT_3D('',#10379,#10380,#10381);
#10379 = CARTESIAN_POINT('',(183.875,55.7,8.));
#10380 = DIRECTION('',(0.,0.,1.));
#10381 = DIRECTION('',(1.,0.,0.));
#10382 = ADVANCED_FACE('',(#10383,#10386),#10397,.T.);
#10383 = FACE_BOUND('',#10384,.T.);
#10384 = EDGE_LOOP('',(#10385));
#10385 = ORIENTED_EDGE('',*,*,#8195,.T.);
#10386 = FACE_BOUND('',#10387,.F.);
#10387 = EDGE_LOOP('',(#10388));
#10388 = ORIENTED_EDGE('',*,*,#10389,.T.);
#10389 = EDGE_CURVE('',#10390,#10390,#10392,.T.);
#10390 = VERTEX_POINT('',#10391);
#10391 = CARTESIAN_POINT('',(304.75,82.,8.));
#10392 = CIRCLE('',#10393,1.5);
#10393 = AXIS2_PLACEMENT_3D('',#10394,#10395,#10396);
#10394 = CARTESIAN_POINT('',(303.25,82.,8.));
#10395 = DIRECTION('',(0.,0.,1.));
#10396 = DIRECTION('',(1.,0.,0.));
#10397 = PLANE('',#10398);
#10398 = AXIS2_PLACEMENT_3D('',#10399,#10400,#10401);
#10399 = CARTESIAN_POINT('',(183.875,55.7,8.));
#10400 = DIRECTION('',(0.,0.,1.));
#10401 = DIRECTION('',(1.,0.,0.));
#10402 = ADVANCED_FACE('',(#10403),#10414,.F.);
#10403 = FACE_BOUND('',#10404,.T.);
#10404 = EDGE_LOOP('',(#10405,#10406,#10407,#10413));
#10405 = ORIENTED_EDGE('',*,*,#9395,.F.);
#10406 = ORIENTED_EDGE('',*,*,#8938,.T.);
#10407 = ORIENTED_EDGE('',*,*,#10408,.T.);
#10408 = EDGE_CURVE('',#8939,#8301,#10409,.T.);
#10409 = LINE('',#10410,#10411);
#10410 = CARTESIAN_POINT('',(0.25,6.,14.75));
#10411 = VECTOR('',#10412,1.);
#10412 = DIRECTION('',(0.707106781187,0.,0.707106781187));
#10413 = ORIENTED_EDGE('',*,*,#8298,.F.);
#10414 = PLANE('',#10415);
#10415 = AXIS2_PLACEMENT_3D('',#10416,#10417,#10418);
#10416 = CARTESIAN_POINT('',(0.25,101.25,14.75));
#10417 = DIRECTION('',(0.707106781187,0.,-0.707106781187));
#10418 = DIRECTION('',(0.,1.,0.));
#10419 = ADVANCED_FACE('',(#10420),#10439,.T.);
#10420 = FACE_BOUND('',#10421,.T.);
#10421 = EDGE_LOOP('',(#10422,#10423,#10432,#10438));
#10422 = ORIENTED_EDGE('',*,*,#10408,.F.);
#10423 = ORIENTED_EDGE('',*,*,#10424,.T.);
#10424 = EDGE_CURVE('',#8939,#10425,#10427,.T.);
#10425 = VERTEX_POINT('',#10426);
#10426 = CARTESIAN_POINT('',(6.,0.,14.5));
#10427 = CIRCLE('',#10428,6.);
#10428 = AXIS2_PLACEMENT_3D('',#10429,#10430,#10431);
#10429 = CARTESIAN_POINT('',(6.,6.,14.5));
#10430 = DIRECTION('',(0.,0.,1.));
#10431 = DIRECTION('',(-1.,1.5E-16,0.));
#10432 = ORIENTED_EDGE('',*,*,#10433,.T.);
#10433 = EDGE_CURVE('',#10425,#8309,#10434,.T.);
#10434 = LINE('',#10435,#10436);
#10435 = CARTESIAN_POINT('',(6.,0.,14.5));
#10436 = VECTOR('',#10437,1.);
#10437 = DIRECTION('',(1.5E-16,0.707106781187,0.707106781187));
#10438 = ORIENTED_EDGE('',*,*,#8308,.F.);
#10439 = CONICAL_SURFACE('',#10440,6.,0.785398163397);
#10440 = AXIS2_PLACEMENT_3D('',#10441,#10442,#10443);
#10441 = CARTESIAN_POINT('',(6.,6.,14.5));
#10442 = DIRECTION('',(-0.,-0.,-1.));
#10443 = DIRECTION('',(-1.,1.5E-16,0.));
#10444 = ADVANCED_FACE('',(#10445),#10463,.F.);
#10445 = FACE_BOUND('',#10446,.T.);
#10446 = EDGE_LOOP('',(#10447,#10448,#10456,#10462));
#10447 = ORIENTED_EDGE('',*,*,#10433,.F.);
#10448 = ORIENTED_EDGE('',*,*,#10449,.T.);
#10449 = EDGE_CURVE('',#10425,#10450,#10452,.T.);
#10450 = VERTEX_POINT('',#10451);
#10451 = CARTESIAN_POINT('',(326.75,0.,14.5));
#10452 = LINE('',#10453,#10454);
#10453 = CARTESIAN_POINT('',(6.,0.,14.5));
#10454 = VECTOR('',#10455,1.);
#10455 = DIRECTION('',(1.,0.,0.));
#10456 = ORIENTED_EDGE('',*,*,#10457,.T.);
#10457 = EDGE_CURVE('',#10450,#8318,#10458,.T.);
#10458 = LINE('',#10459,#10460);
#10459 = CARTESIAN_POINT('',(326.75,0.25,14.75));
#10460 = VECTOR('',#10461,1.);
#10461 = DIRECTION('',(0.,0.707106781187,0.707106781187));
#10462 = ORIENTED_EDGE('',*,*,#8317,.F.);
#10463 = PLANE('',#10464);
#10464 = AXIS2_PLACEMENT_3D('',#10465,#10466,#10467);
#10465 = CARTESIAN_POINT('',(6.,0.25,14.75));
#10466 = DIRECTION('',(0.,0.707106781187,-0.707106781187));
#10467 = DIRECTION('',(-1.,-0.,-0.));
#10468 = ADVANCED_FACE('',(#10469),#10486,.T.);
#10469 = FACE_BOUND('',#10470,.T.);
#10470 = EDGE_LOOP('',(#10471,#10472,#10479,#10485));
#10471 = ORIENTED_EDGE('',*,*,#10457,.F.);
#10472 = ORIENTED_EDGE('',*,*,#10473,.T.);
#10473 = EDGE_CURVE('',#10450,#9323,#10474,.T.);
#10474 = CIRCLE('',#10475,6.);
#10475 = AXIS2_PLACEMENT_3D('',#10476,#10477,#10478);
#10476 = CARTESIAN_POINT('',(326.75,6.,14.5));
#10477 = DIRECTION('',(-0.,0.,1.));
#10478 = DIRECTION('',(0.,-1.,0.));
#10479 = ORIENTED_EDGE('',*,*,#10480,.T.);
#10480 = EDGE_CURVE('',#9323,#8326,#10481,.T.);
#10481 = LINE('',#10482,#10483);
#10482 = CARTESIAN_POINT('',(332.75,6.,14.5));
#10483 = VECTOR('',#10484,1.);
#10484 = DIRECTION('',(-0.707106781187,6.7E-16,0.707106781187));
#10485 = ORIENTED_EDGE('',*,*,#8325,.F.);
#10486 = CONICAL_SURFACE('',#10487,6.,0.785398163397);
#10487 = AXIS2_PLACEMENT_3D('',#10488,#10489,#10490);
#10488 = CARTESIAN_POINT('',(326.75,6.,14.5));
#10489 = DIRECTION('',(-0.,-0.,-1.));
#10490 = DIRECTION('',(0.,-1.,0.));
#10491 = ADVANCED_FACE('',(#10492),#10498,.F.);
#10492 = FACE_BOUND('',#10493,.T.);
#10493 = EDGE_LOOP('',(#10494,#10495,#10496,#10497));
#10494 = ORIENTED_EDGE('',*,*,#10480,.F.);
#10495 = ORIENTED_EDGE('',*,*,#9330,.T.);
#10496 = ORIENTED_EDGE('',*,*,#9351,.T.);
#10497 = ORIENTED_EDGE('',*,*,#8334,.F.);
#10498 = PLANE('',#10499);
#10499 = AXIS2_PLACEMENT_3D('',#10500,#10501,#10502);
#10500 = CARTESIAN_POINT('',(332.5,6.,14.75));
#10501 = DIRECTION('',(-0.707106781187,0.,-0.707106781187));
#10502 = DIRECTION('',(-0.,-1.,-0.));
#10503 = ADVANCED_FACE('',(#10504),#10520,.F.);
#10504 = FACE_BOUND('',#10505,.T.);
#10505 = EDGE_LOOP('',(#10506,#10512,#10513,#10519));
#10506 = ORIENTED_EDGE('',*,*,#10507,.F.);
#10507 = EDGE_CURVE('',#8468,#9073,#10508,.T.);
#10508 = LINE('',#10509,#10510);
#10509 = CARTESIAN_POINT('',(329.5,90.6,14.75));
#10510 = VECTOR('',#10511,1.);
#10511 = DIRECTION('',(0.707106781187,0.,-0.707106781187));
#10512 = ORIENTED_EDGE('',*,*,#8467,.T.);
#10513 = ORIENTED_EDGE('',*,*,#10514,.T.);
#10514 = EDGE_CURVE('',#8470,#9065,#10515,.T.);
#10515 = LINE('',#10516,#10517);
#10516 = CARTESIAN_POINT('',(329.5,75.4,14.75));
#10517 = VECTOR('',#10518,1.);
#10518 = DIRECTION('',(0.707106781187,0.,-0.707106781187));
#10519 = ORIENTED_EDGE('',*,*,#9072,.F.);
#10520 = PLANE('',#10521);
#10521 = AXIS2_PLACEMENT_3D('',#10522,#10523,#10524);
#10522 = CARTESIAN_POINT('',(329.5,90.6,14.75));
#10523 = DIRECTION('',(-0.707106781187,0.,-0.707106781187));
#10524 = DIRECTION('',(0.,1.,0.));
#10525 = ADVANCED_FACE('',(#10526),#10537,.F.);
#10526 = FACE_BOUND('',#10527,.T.);
#10527 = EDGE_LOOP('',(#10528,#10534,#10535,#10536));
#10528 = ORIENTED_EDGE('',*,*,#10529,.F.);
#10529 = EDGE_CURVE('',#8478,#9219,#10530,.T.);
#10530 = LINE('',#10531,#10532);
#10531 = CARTESIAN_POINT('',(330.15,91.25,14.75));
#10532 = VECTOR('',#10533,1.);
#10533 = DIRECTION('',(-0.,-0.707106781187,-0.707106781187));
#10534 = ORIENTED_EDGE('',*,*,#8477,.T.);
#10535 = ORIENTED_EDGE('',*,*,#10507,.T.);
#10536 = ORIENTED_EDGE('',*,*,#9243,.F.);
#10537 = CONICAL_SURFACE('',#10538,0.4,0.785398163397);
#10538 = AXIS2_PLACEMENT_3D('',#10539,#10540,#10541);
#10539 = CARTESIAN_POINT('',(330.15,90.6,14.5));
#10540 = DIRECTION('',(0.,0.,1.));
#10541 = DIRECTION('',(0.,1.,0.));
#10542 = ADVANCED_FACE('',(#10543),#10554,.F.);
#10543 = FACE_BOUND('',#10544,.T.);
#10544 = EDGE_LOOP('',(#10545,#10546,#10547,#10553));
#10545 = ORIENTED_EDGE('',*,*,#10514,.F.);
#10546 = ORIENTED_EDGE('',*,*,#8528,.T.);
#10547 = ORIENTED_EDGE('',*,*,#10548,.T.);
#10548 = EDGE_CURVE('',#8521,#9096,#10549,.T.);
#10549 = LINE('',#10550,#10551);
#10550 = CARTESIAN_POINT('',(330.15,75.,14.5));
#10551 = VECTOR('',#10552,1.);
#10552 = DIRECTION('',(-4.204E-14,0.707106781187,-0.707106781187));
#10553 = ORIENTED_EDGE('',*,*,#9103,.F.);
#10554 = CONICAL_SURFACE('',#10555,0.4,0.785398163397);
#10555 = AXIS2_PLACEMENT_3D('',#10556,#10557,#10558);
#10556 = CARTESIAN_POINT('',(330.15,75.4,14.5));
#10557 = DIRECTION('',(0.,0.,1.));
#10558 = DIRECTION('',(-1.,0.,0.));
#10559 = ADVANCED_FACE('',(#10560),#10571,.F.);
#10560 = FACE_BOUND('',#10561,.T.);
#10561 = EDGE_LOOP('',(#10562,#10568,#10569,#10570));
#10562 = ORIENTED_EDGE('',*,*,#10563,.F.);
#10563 = EDGE_CURVE('',#8487,#9194,#10564,.T.);
#10564 = LINE('',#10565,#10566);
#10565 = CARTESIAN_POINT('',(330.35,91.,14.5));
#10566 = VECTOR('',#10567,1.);
#10567 = DIRECTION('',(7.4E-16,-0.707106781187,-0.707106781187));
#10568 = ORIENTED_EDGE('',*,*,#8486,.T.);
#10569 = ORIENTED_EDGE('',*,*,#10529,.T.);
#10570 = ORIENTED_EDGE('',*,*,#9226,.F.);
#10571 = PLANE('',#10572);
#10572 = AXIS2_PLACEMENT_3D('',#10573,#10574,#10575);
#10573 = CARTESIAN_POINT('',(330.35,91.25,14.75));
#10574 = DIRECTION('',(0.,0.707106781187,-0.707106781187));
#10575 = DIRECTION('',(1.,0.,0.));
#10576 = ADVANCED_FACE('',(#10577),#10588,.F.);
#10577 = FACE_BOUND('',#10578,.T.);
#10578 = EDGE_LOOP('',(#10579,#10580,#10581,#10587));
#10579 = ORIENTED_EDGE('',*,*,#10548,.F.);
#10580 = ORIENTED_EDGE('',*,*,#8520,.T.);
#10581 = ORIENTED_EDGE('',*,*,#10582,.T.);
#10582 = EDGE_CURVE('',#8512,#9121,#10583,.T.);
#10583 = LINE('',#10584,#10585);
#10584 = CARTESIAN_POINT('',(330.35,74.75,14.75));
#10585 = VECTOR('',#10586,1.);
#10586 = DIRECTION('',(0.,0.707106781187,-0.707106781187));
#10587 = ORIENTED_EDGE('',*,*,#9128,.F.);
#10588 = PLANE('',#10589);
#10589 = AXIS2_PLACEMENT_3D('',#10590,#10591,#10592);
#10590 = CARTESIAN_POINT('',(330.15,74.75,14.75));
#10591 = DIRECTION('',(0.,-0.707106781187,-0.707106781187));
#10592 = DIRECTION('',(-1.,-0.,-0.));
#10593 = ADVANCED_FACE('',(#10594),#10605,.F.);
#10594 = FACE_BOUND('',#10595,.T.);
#10595 = EDGE_LOOP('',(#10596,#10602,#10603,#10604));
#10596 = ORIENTED_EDGE('',*,*,#10597,.F.);
#10597 = EDGE_CURVE('',#8495,#9170,#10598,.T.);
#10598 = LINE('',#10599,#10600);
#10599 = CARTESIAN_POINT('',(331.,90.6,14.75));
#10600 = VECTOR('',#10601,1.);
#10601 = DIRECTION('',(-0.707106781187,0.,-0.707106781187));
#10602 = ORIENTED_EDGE('',*,*,#8494,.T.);
#10603 = ORIENTED_EDGE('',*,*,#10563,.T.);
#10604 = ORIENTED_EDGE('',*,*,#9201,.F.);
#10605 = CONICAL_SURFACE('',#10606,0.4,0.785398163397);
#10606 = AXIS2_PLACEMENT_3D('',#10607,#10608,#10609);
#10607 = CARTESIAN_POINT('',(330.35,90.6,14.5));
#10608 = DIRECTION('',(0.,0.,1.));
#10609 = DIRECTION('',(1.,0.,0.));
#10610 = ADVANCED_FACE('',(#10611),#10622,.F.);
#10611 = FACE_BOUND('',#10612,.T.);
#10612 = EDGE_LOOP('',(#10613,#10614,#10615,#10621));
#10613 = ORIENTED_EDGE('',*,*,#10582,.F.);
#10614 = ORIENTED_EDGE('',*,*,#8511,.T.);
#10615 = ORIENTED_EDGE('',*,*,#10616,.T.);
#10616 = EDGE_CURVE('',#8504,#9145,#10617,.T.);
#10617 = LINE('',#10618,#10619);
#10618 = CARTESIAN_POINT('',(330.75,75.4,14.5));
#10619 = VECTOR('',#10620,1.);
#10620 = DIRECTION('',(-0.707106781187,1.072E-14,-0.707106781187));
#10621 = ORIENTED_EDGE('',*,*,#9152,.F.);
#10622 = CONICAL_SURFACE('',#10623,0.4,0.785398163397);
#10623 = AXIS2_PLACEMENT_3D('',#10624,#10625,#10626);
#10624 = CARTESIAN_POINT('',(330.35,75.4,14.5));
#10625 = DIRECTION('',(0.,0.,1.));
#10626 = DIRECTION('',(0.,-1.,0.));
#10627 = ADVANCED_FACE('',(#10628),#10634,.F.);
#10628 = FACE_BOUND('',#10629,.T.);
#10629 = EDGE_LOOP('',(#10630,#10631,#10632,#10633));
#10630 = ORIENTED_EDGE('',*,*,#10616,.F.);
#10631 = ORIENTED_EDGE('',*,*,#8503,.T.);
#10632 = ORIENTED_EDGE('',*,*,#10597,.T.);
#10633 = ORIENTED_EDGE('',*,*,#9177,.F.);
#10634 = PLANE('',#10635);
#10635 = AXIS2_PLACEMENT_3D('',#10636,#10637,#10638);
#10636 = CARTESIAN_POINT('',(331.,75.4,14.75));
#10637 = DIRECTION('',(0.707106781187,0.,-0.707106781187));
#10638 = DIRECTION('',(-0.,-1.,-0.));
#10639 = ADVANCED_FACE('',(#10640),#10643,.T.);
#10640 = FACE_BOUND('',#10641,.T.);
#10641 = EDGE_LOOP('',(#10642));
#10642 = ORIENTED_EDGE('',*,*,#8565,.T.);
#10643 = PLANE('',#10644);
#10644 = AXIS2_PLACEMENT_3D('',#10645,#10646,#10647);
#10645 = CARTESIAN_POINT('',(159.81644223774,54.52100302538,5.));
#10646 = DIRECTION('',(0.,0.,1.));
#10647 = DIRECTION('',(1.,0.,0.));
#10648 = ADVANCED_FACE('',(#10649),#10652,.T.);
#10649 = FACE_BOUND('',#10650,.T.);
#10650 = EDGE_LOOP('',(#10651));
#10651 = ORIENTED_EDGE('',*,*,#8590,.T.);
#10652 = PLANE('',#10653);
#10653 = AXIS2_PLACEMENT_3D('',#10654,#10655,#10656);
#10654 = CARTESIAN_POINT('',(159.80602685249,55.247101014691,5.));
#10655 = DIRECTION('',(0.,0.,1.));
#10656 = DIRECTION('',(1.,0.,0.));
#10657 = ADVANCED_FACE('',(#10658),#10669,.T.);
#10658 = FACE_BOUND('',#10659,.F.);
#10659 = EDGE_LOOP('',(#10660,#10661,#10662,#10668));
#10660 = ORIENTED_EDGE('',*,*,#9821,.F.);
#10661 = ORIENTED_EDGE('',*,*,#8954,.T.);
#10662 = ORIENTED_EDGE('',*,*,#10663,.T.);
#10663 = EDGE_CURVE('',#8947,#9413,#10664,.T.);
#10664 = LINE('',#10665,#10666);
#10665 = CARTESIAN_POINT('',(0.25,6.,0.25));
#10666 = VECTOR('',#10667,1.);
#10667 = DIRECTION('',(0.707106781187,0.,-0.707106781187));
#10668 = ORIENTED_EDGE('',*,*,#9410,.F.);
#10669 = PLANE('',#10670);
#10670 = AXIS2_PLACEMENT_3D('',#10671,#10672,#10673);
#10671 = CARTESIAN_POINT('',(0.25,101.25,0.25));
#10672 = DIRECTION('',(-0.707106781187,0.,-0.707106781187));
#10673 = DIRECTION('',(0.,1.,0.));
#10674 = ADVANCED_FACE('',(#10675),#10694,.T.);
#10675 = FACE_BOUND('',#10676,.F.);
#10676 = EDGE_LOOP('',(#10677,#10678,#10679,#10687));
#10677 = ORIENTED_EDGE('',*,*,#8946,.T.);
#10678 = ORIENTED_EDGE('',*,*,#10424,.T.);
#10679 = ORIENTED_EDGE('',*,*,#10680,.F.);
#10680 = EDGE_CURVE('',#10681,#10425,#10683,.T.);
#10681 = VERTEX_POINT('',#10682);
#10682 = CARTESIAN_POINT('',(6.,0.,0.5));
#10683 = LINE('',#10684,#10685);
#10684 = CARTESIAN_POINT('',(6.,0.,0.));
#10685 = VECTOR('',#10686,1.);
#10686 = DIRECTION('',(0.,0.,1.));
#10687 = ORIENTED_EDGE('',*,*,#10688,.F.);
#10688 = EDGE_CURVE('',#8947,#10681,#10689,.T.);
#10689 = CIRCLE('',#10690,6.);
#10690 = AXIS2_PLACEMENT_3D('',#10691,#10692,#10693);
#10691 = CARTESIAN_POINT('',(6.,6.,0.5));
#10692 = DIRECTION('',(0.,0.,1.));
#10693 = DIRECTION('',(-1.,1.5E-16,0.));
#10694 = CYLINDRICAL_SURFACE('',#10695,6.);
#10695 = AXIS2_PLACEMENT_3D('',#10696,#10697,#10698);
#10696 = CARTESIAN_POINT('',(6.,6.,0.));
#10697 = DIRECTION('',(-0.,-0.,-1.));
#10698 = DIRECTION('',(1.,0.,0.));
#10699 = ADVANCED_FACE('',(#10700),#10725,.T.);
#10700 = FACE_BOUND('',#10701,.T.);
#10701 = EDGE_LOOP('',(#10702,#10710,#10718,#10724));
#10702 = ORIENTED_EDGE('',*,*,#10703,.T.);
#10703 = EDGE_CURVE('',#8963,#10704,#10706,.T.);
#10704 = VERTEX_POINT('',#10705);
#10705 = CARTESIAN_POINT('',(0.5,92.25,9.));
#10706 = LINE('',#10707,#10708);
#10707 = CARTESIAN_POINT('',(0.,92.25,9.));
#10708 = VECTOR('',#10709,1.);
#10709 = DIRECTION('',(1.,0.,0.));
#10710 = ORIENTED_EDGE('',*,*,#10711,.T.);
#10711 = EDGE_CURVE('',#10704,#10712,#10714,.T.);
#10712 = VERTEX_POINT('',#10713);
#10713 = CARTESIAN_POINT('',(0.5,92.25,8.5));
#10714 = LINE('',#10715,#10716);
#10715 = CARTESIAN_POINT('',(0.5,92.25,9.));
#10716 = VECTOR('',#10717,1.);
#10717 = DIRECTION('',(0.,0.,-1.));
#10718 = ORIENTED_EDGE('',*,*,#10719,.F.);
#10719 = EDGE_CURVE('',#8965,#10712,#10720,.T.);
#10720 = LINE('',#10721,#10722);
#10721 = CARTESIAN_POINT('',(0.,92.25,8.5));
#10722 = VECTOR('',#10723,1.);
#10723 = DIRECTION('',(1.,0.,0.));
#10724 = ORIENTED_EDGE('',*,*,#8962,.F.);
#10725 = PLANE('',#10726);
#10726 = AXIS2_PLACEMENT_3D('',#10727,#10728,#10729);
#10727 = CARTESIAN_POINT('',(0.,92.25,9.));
#10728 = DIRECTION('',(0.,1.,0.));
#10729 = DIRECTION('',(0.,0.,-1.));
#10730 = ADVANCED_FACE('',(#10731),#10750,.F.);
#10731 = FACE_BOUND('',#10732,.F.);
#10732 = EDGE_LOOP('',(#10733,#10734,#10743,#10749));
#10733 = ORIENTED_EDGE('',*,*,#10703,.T.);
#10734 = ORIENTED_EDGE('',*,*,#10735,.T.);
#10735 = EDGE_CURVE('',#10704,#10736,#10738,.T.);
#10736 = VERTEX_POINT('',#10737);
#10737 = CARTESIAN_POINT('',(0.5,93.75,7.5));
#10738 = CIRCLE('',#10739,1.5);
#10739 = AXIS2_PLACEMENT_3D('',#10740,#10741,#10742);
#10740 = CARTESIAN_POINT('',(0.5,92.25,7.5));
#10741 = DIRECTION('',(-1.,0.,0.));
#10742 = DIRECTION('',(0.,-1.,0.));
#10743 = ORIENTED_EDGE('',*,*,#10744,.F.);
#10744 = EDGE_CURVE('',#8973,#10736,#10745,.T.);
#10745 = LINE('',#10746,#10747);
#10746 = CARTESIAN_POINT('',(0.,93.75,7.5));
#10747 = VECTOR('',#10748,1.);
#10748 = DIRECTION('',(1.,0.,0.));
#10749 = ORIENTED_EDGE('',*,*,#8972,.F.);
#10750 = CYLINDRICAL_SURFACE('',#10751,1.5);
#10751 = AXIS2_PLACEMENT_3D('',#10752,#10753,#10754);
#10752 = CARTESIAN_POINT('',(0.,92.25,7.5));
#10753 = DIRECTION('',(-1.,0.,0.));
#10754 = DIRECTION('',(0.,-1.,0.));
#10755 = ADVANCED_FACE('',(#10756),#10775,.T.);
#10756 = FACE_BOUND('',#10757,.T.);
#10757 = EDGE_LOOP('',(#10758,#10759,#10768,#10774));
#10758 = ORIENTED_EDGE('',*,*,#10719,.T.);
#10759 = ORIENTED_EDGE('',*,*,#10760,.T.);
#10760 = EDGE_CURVE('',#10712,#10761,#10763,.T.);
#10761 = VERTEX_POINT('',#10762);
#10762 = CARTESIAN_POINT('',(0.5,93.25,7.5));
#10763 = CIRCLE('',#10764,1.);
#10764 = AXIS2_PLACEMENT_3D('',#10765,#10766,#10767);
#10765 = CARTESIAN_POINT('',(0.5,92.25,7.5));
#10766 = DIRECTION('',(-1.,0.,0.));
#10767 = DIRECTION('',(0.,-1.,0.));
#10768 = ORIENTED_EDGE('',*,*,#10769,.F.);
#10769 = EDGE_CURVE('',#8982,#10761,#10770,.T.);
#10770 = LINE('',#10771,#10772);
#10771 = CARTESIAN_POINT('',(0.,93.25,7.5));
#10772 = VECTOR('',#10773,1.);
#10773 = DIRECTION('',(1.,0.,0.));
#10774 = ORIENTED_EDGE('',*,*,#8989,.F.);
#10775 = CYLINDRICAL_SURFACE('',#10776,1.);
#10776 = AXIS2_PLACEMENT_3D('',#10777,#10778,#10779);
#10777 = CARTESIAN_POINT('',(0.,92.25,7.5));
#10778 = DIRECTION('',(-1.,0.,0.));
#10779 = DIRECTION('',(0.,-1.,0.));
#10780 = ADVANCED_FACE('',(#10781),#10792,.F.);
#10781 = FACE_BOUND('',#10782,.F.);
#10782 = EDGE_LOOP('',(#10783,#10784,#10790,#10791));
#10783 = ORIENTED_EDGE('',*,*,#10744,.T.);
#10784 = ORIENTED_EDGE('',*,*,#10785,.T.);
#10785 = EDGE_CURVE('',#10736,#10761,#10786,.T.);
#10786 = LINE('',#10787,#10788);
#10787 = CARTESIAN_POINT('',(0.5,93.75,7.5));
#10788 = VECTOR('',#10789,1.);
#10789 = DIRECTION('',(0.,-1.,0.));
#10790 = ORIENTED_EDGE('',*,*,#10769,.F.);
#10791 = ORIENTED_EDGE('',*,*,#8981,.F.);
#10792 = PLANE('',#10793);
#10793 = AXIS2_PLACEMENT_3D('',#10794,#10795,#10796);
#10794 = CARTESIAN_POINT('',(0.,93.75,7.5));
#10795 = DIRECTION('',(0.,0.,-1.));
#10796 = DIRECTION('',(0.,-1.,0.));
#10797 = ADVANCED_FACE('',(#10798),#10817,.F.);
#10798 = FACE_BOUND('',#10799,.F.);
#10799 = EDGE_LOOP('',(#10800,#10808,#10815,#10816));
#10800 = ORIENTED_EDGE('',*,*,#10801,.T.);
#10801 = EDGE_CURVE('',#8999,#10802,#10804,.T.);
#10802 = VERTEX_POINT('',#10803);
#10803 = CARTESIAN_POINT('',(0.5,91.75,7.5));
#10804 = LINE('',#10805,#10806);
#10805 = CARTESIAN_POINT('',(0.,91.75,7.5));
#10806 = VECTOR('',#10807,1.);
#10807 = DIRECTION('',(1.,0.,0.));
#10808 = ORIENTED_EDGE('',*,*,#10809,.T.);
#10809 = EDGE_CURVE('',#10802,#10802,#10810,.T.);
#10810 = CIRCLE('',#10811,0.5);
#10811 = AXIS2_PLACEMENT_3D('',#10812,#10813,#10814);
#10812 = CARTESIAN_POINT('',(0.5,92.25,7.5));
#10813 = DIRECTION('',(-1.,0.,0.));
#10814 = DIRECTION('',(0.,-1.,0.));
#10815 = ORIENTED_EDGE('',*,*,#10801,.F.);
#10816 = ORIENTED_EDGE('',*,*,#8998,.F.);
#10817 = CYLINDRICAL_SURFACE('',#10818,0.5);
#10818 = AXIS2_PLACEMENT_3D('',#10819,#10820,#10821);
#10819 = CARTESIAN_POINT('',(0.,92.25,7.5));
#10820 = DIRECTION('',(-1.,0.,0.));
#10821 = DIRECTION('',(0.,-1.,0.));
#10822 = ADVANCED_FACE('',(#10823),#10849,.T.);
#10823 = FACE_BOUND('',#10824,.T.);
#10824 = EDGE_LOOP('',(#10825,#10833,#10842,#10848));
#10825 = ORIENTED_EDGE('',*,*,#10826,.T.);
#10826 = EDGE_CURVE('',#9010,#10827,#10829,.T.);
#10827 = VERTEX_POINT('',#10828);
#10828 = CARTESIAN_POINT('',(0.5,92.25,6.5));
#10829 = LINE('',#10830,#10831);
#10830 = CARTESIAN_POINT('',(0.,92.25,6.5));
#10831 = VECTOR('',#10832,1.);
#10832 = DIRECTION('',(1.,0.,0.));
#10833 = ORIENTED_EDGE('',*,*,#10834,.T.);
#10834 = EDGE_CURVE('',#10827,#10835,#10837,.T.);
#10835 = VERTEX_POINT('',#10836);
#10836 = CARTESIAN_POINT('',(0.5,91.25,7.5));
#10837 = CIRCLE('',#10838,1.);
#10838 = AXIS2_PLACEMENT_3D('',#10839,#10840,#10841);
#10839 = CARTESIAN_POINT('',(0.5,92.25,7.5));
#10840 = DIRECTION('',(-1.,0.,0.));
#10841 = DIRECTION('',(0.,-1.,0.));
#10842 = ORIENTED_EDGE('',*,*,#10843,.F.);
#10843 = EDGE_CURVE('',#9012,#10835,#10844,.T.);
#10844 = LINE('',#10845,#10846);
#10845 = CARTESIAN_POINT('',(0.,91.25,7.5));
#10846 = VECTOR('',#10847,1.);
#10847 = DIRECTION('',(1.,0.,0.));
#10848 = ORIENTED_EDGE('',*,*,#9009,.F.);
#10849 = CYLINDRICAL_SURFACE('',#10850,1.);
#10850 = AXIS2_PLACEMENT_3D('',#10851,#10852,#10853);
#10851 = CARTESIAN_POINT('',(0.,92.25,7.5));
#10852 = DIRECTION('',(-1.,0.,0.));
#10853 = DIRECTION('',(0.,-1.,0.));
#10854 = ADVANCED_FACE('',(#10855),#10873,.F.);
#10855 = FACE_BOUND('',#10856,.F.);
#10856 = EDGE_LOOP('',(#10857,#10858,#10866,#10872));
#10857 = ORIENTED_EDGE('',*,*,#10826,.T.);
#10858 = ORIENTED_EDGE('',*,*,#10859,.T.);
#10859 = EDGE_CURVE('',#10827,#10860,#10862,.T.);
#10860 = VERTEX_POINT('',#10861);
#10861 = CARTESIAN_POINT('',(0.5,92.25,6.));
#10862 = LINE('',#10863,#10864);
#10863 = CARTESIAN_POINT('',(0.5,92.25,6.5));
#10864 = VECTOR('',#10865,1.);
#10865 = DIRECTION('',(0.,0.,-1.));
#10866 = ORIENTED_EDGE('',*,*,#10867,.F.);
#10867 = EDGE_CURVE('',#9021,#10860,#10868,.T.);
#10868 = LINE('',#10869,#10870);
#10869 = CARTESIAN_POINT('',(0.,92.25,6.));
#10870 = VECTOR('',#10871,1.);
#10871 = DIRECTION('',(1.,0.,0.));
#10872 = ORIENTED_EDGE('',*,*,#9020,.F.);
#10873 = PLANE('',#10874);
#10874 = AXIS2_PLACEMENT_3D('',#10875,#10876,#10877);
#10875 = CARTESIAN_POINT('',(0.,92.25,6.5));
#10876 = DIRECTION('',(0.,1.,0.));
#10877 = DIRECTION('',(0.,0.,-1.));
#10878 = ADVANCED_FACE('',(#10879),#10897,.T.);
#10879 = FACE_BOUND('',#10880,.T.);
#10880 = EDGE_LOOP('',(#10881,#10882,#10890,#10896));
#10881 = ORIENTED_EDGE('',*,*,#10843,.T.);
#10882 = ORIENTED_EDGE('',*,*,#10883,.T.);
#10883 = EDGE_CURVE('',#10835,#10884,#10886,.T.);
#10884 = VERTEX_POINT('',#10885);
#10885 = CARTESIAN_POINT('',(0.5,90.75,7.5));
#10886 = LINE('',#10887,#10888);
#10887 = CARTESIAN_POINT('',(0.5,91.25,7.5));
#10888 = VECTOR('',#10889,1.);
#10889 = DIRECTION('',(0.,-1.,0.));
#10890 = ORIENTED_EDGE('',*,*,#10891,.F.);
#10891 = EDGE_CURVE('',#9029,#10884,#10892,.T.);
#10892 = LINE('',#10893,#10894);
#10893 = CARTESIAN_POINT('',(0.,90.75,7.5));
#10894 = VECTOR('',#10895,1.);
#10895 = DIRECTION('',(1.,0.,0.));
#10896 = ORIENTED_EDGE('',*,*,#9037,.F.);
#10897 = PLANE('',#10898);
#10898 = AXIS2_PLACEMENT_3D('',#10899,#10900,#10901);
#10899 = CARTESIAN_POINT('',(0.,91.25,7.5));
#10900 = DIRECTION('',(0.,0.,-1.));
#10901 = DIRECTION('',(0.,-1.,0.));
#10902 = ADVANCED_FACE('',(#10903),#10915,.F.);
#10903 = FACE_BOUND('',#10904,.F.);
#10904 = EDGE_LOOP('',(#10905,#10906,#10913,#10914));
#10905 = ORIENTED_EDGE('',*,*,#10867,.T.);
#10906 = ORIENTED_EDGE('',*,*,#10907,.T.);
#10907 = EDGE_CURVE('',#10860,#10884,#10908,.T.);
#10908 = CIRCLE('',#10909,1.5);
#10909 = AXIS2_PLACEMENT_3D('',#10910,#10911,#10912);
#10910 = CARTESIAN_POINT('',(0.5,92.25,7.5));
#10911 = DIRECTION('',(-1.,0.,0.));
#10912 = DIRECTION('',(0.,-1.,0.));
#10913 = ORIENTED_EDGE('',*,*,#10891,.F.);
#10914 = ORIENTED_EDGE('',*,*,#9028,.F.);
#10915 = CYLINDRICAL_SURFACE('',#10916,1.5);
#10916 = AXIS2_PLACEMENT_3D('',#10917,#10918,#10919);
#10917 = CARTESIAN_POINT('',(0.,92.25,7.5));
#10918 = DIRECTION('',(-1.,0.,0.));
#10919 = DIRECTION('',(0.,-1.,0.));
#10920 = ADVANCED_FACE('',(#10921),#10940,.T.);
#10921 = FACE_BOUND('',#10922,.F.);
#10922 = EDGE_LOOP('',(#10923,#10931,#10932,#10933));
#10923 = ORIENTED_EDGE('',*,*,#10924,.T.);
#10924 = EDGE_CURVE('',#10925,#10450,#10927,.T.);
#10925 = VERTEX_POINT('',#10926);
#10926 = CARTESIAN_POINT('',(326.75,0.,0.5));
#10927 = LINE('',#10928,#10929);
#10928 = CARTESIAN_POINT('',(326.75,0.,0.));
#10929 = VECTOR('',#10930,1.);
#10930 = DIRECTION('',(0.,0.,1.));
#10931 = ORIENTED_EDGE('',*,*,#10473,.T.);
#10932 = ORIENTED_EDGE('',*,*,#9320,.F.);
#10933 = ORIENTED_EDGE('',*,*,#10934,.F.);
#10934 = EDGE_CURVE('',#10925,#9321,#10935,.T.);
#10935 = CIRCLE('',#10936,6.);
#10936 = AXIS2_PLACEMENT_3D('',#10937,#10938,#10939);
#10937 = CARTESIAN_POINT('',(326.75,6.,0.5));
#10938 = DIRECTION('',(-0.,0.,1.));
#10939 = DIRECTION('',(0.,-1.,0.));
#10940 = CYLINDRICAL_SURFACE('',#10941,6.);
#10941 = AXIS2_PLACEMENT_3D('',#10942,#10943,#10944);
#10942 = CARTESIAN_POINT('',(326.75,6.,0.));
#10943 = DIRECTION('',(-0.,-0.,-1.));
#10944 = DIRECTION('',(1.,0.,0.));
#10945 = ADVANCED_FACE('',(#10946),#10957,.T.);
#10946 = FACE_BOUND('',#10947,.F.);
#10947 = EDGE_LOOP('',(#10948,#10954,#10955,#10956));
#10948 = ORIENTED_EDGE('',*,*,#10949,.F.);
#10949 = EDGE_CURVE('',#9321,#9438,#10950,.T.);
#10950 = LINE('',#10951,#10952);
#10951 = CARTESIAN_POINT('',(332.75,6.,0.5));
#10952 = VECTOR('',#10953,1.);
#10953 = DIRECTION('',(-0.707106781187,6.7E-16,-0.707106781187));
#10954 = ORIENTED_EDGE('',*,*,#9337,.T.);
#10955 = ORIENTED_EDGE('',*,*,#9368,.T.);
#10956 = ORIENTED_EDGE('',*,*,#9446,.F.);
#10957 = PLANE('',#10958);
#10958 = AXIS2_PLACEMENT_3D('',#10959,#10960,#10961);
#10959 = CARTESIAN_POINT('',(332.5,6.,0.25));
#10960 = DIRECTION('',(0.707106781187,0.,-0.707106781187));
#10961 = DIRECTION('',(-0.,-1.,-0.));
#10962 = ADVANCED_FACE('',(#10963),#10974,.T.);
#10963 = FACE_BOUND('',#10964,.F.);
#10964 = EDGE_LOOP('',(#10965,#10966,#10967,#10973));
#10965 = ORIENTED_EDGE('',*,*,#10663,.F.);
#10966 = ORIENTED_EDGE('',*,*,#10688,.T.);
#10967 = ORIENTED_EDGE('',*,*,#10968,.T.);
#10968 = EDGE_CURVE('',#10681,#9421,#10969,.T.);
#10969 = LINE('',#10970,#10971);
#10970 = CARTESIAN_POINT('',(6.,0.,0.5));
#10971 = VECTOR('',#10972,1.);
#10972 = DIRECTION('',(1.5E-16,0.707106781187,-0.707106781187));
#10973 = ORIENTED_EDGE('',*,*,#9420,.F.);
#10974 = CONICAL_SURFACE('',#10975,6.,0.785398163397);
#10975 = AXIS2_PLACEMENT_3D('',#10976,#10977,#10978);
#10976 = CARTESIAN_POINT('',(6.,6.,0.5));
#10977 = DIRECTION('',(0.,0.,1.));
#10978 = DIRECTION('',(-1.,1.5E-16,0.));
#10979 = ADVANCED_FACE('',(#10980),#10996,.T.);
#10980 = FACE_BOUND('',#10981,.F.);
#10981 = EDGE_LOOP('',(#10982,#10983,#10989,#10995));
#10982 = ORIENTED_EDGE('',*,*,#10968,.F.);
#10983 = ORIENTED_EDGE('',*,*,#10984,.T.);
#10984 = EDGE_CURVE('',#10681,#10925,#10985,.T.);
#10985 = LINE('',#10986,#10987);
#10986 = CARTESIAN_POINT('',(6.,0.,0.5));
#10987 = VECTOR('',#10988,1.);
#10988 = DIRECTION('',(1.,0.,0.));
#10989 = ORIENTED_EDGE('',*,*,#10990,.T.);
#10990 = EDGE_CURVE('',#10925,#9430,#10991,.T.);
#10991 = LINE('',#10992,#10993);
#10992 = CARTESIAN_POINT('',(326.75,0.25,0.25));
#10993 = VECTOR('',#10994,1.);
#10994 = DIRECTION('',(0.,0.707106781187,-0.707106781187));
#10995 = ORIENTED_EDGE('',*,*,#9429,.F.);
#10996 = PLANE('',#10997);
#10997 = AXIS2_PLACEMENT_3D('',#10998,#10999,#11000);
#10998 = CARTESIAN_POINT('',(6.,0.25,0.25));
#10999 = DIRECTION('',(0.,-0.707106781187,-0.707106781187));
#11000 = DIRECTION('',(-1.,-0.,-0.));
#11001 = ADVANCED_FACE('',(#11002),#11008,.T.);
#11002 = FACE_BOUND('',#11003,.F.);
#11003 = EDGE_LOOP('',(#11004,#11005,#11006,#11007));
#11004 = ORIENTED_EDGE('',*,*,#10990,.F.);
#11005 = ORIENTED_EDGE('',*,*,#10934,.T.);
#11006 = ORIENTED_EDGE('',*,*,#10949,.T.);
#11007 = ORIENTED_EDGE('',*,*,#9437,.F.);
#11008 = CONICAL_SURFACE('',#11009,6.,0.785398163397);
#11009 = AXIS2_PLACEMENT_3D('',#11010,#11011,#11012);
#11010 = CARTESIAN_POINT('',(326.75,6.,0.5));
#11011 = DIRECTION('',(0.,0.,1.));
#11012 = DIRECTION('',(0.,-1.,0.));
#11013 = ADVANCED_FACE('',(#11014),#11040,.F.);
#11014 = FACE_BOUND('',#11015,.F.);
#11015 = EDGE_LOOP('',(#11016,#11024,#11033,#11039));
#11016 = ORIENTED_EDGE('',*,*,#11017,.T.);
#11017 = EDGE_CURVE('',#9464,#11018,#11020,.T.);
#11018 = VERTEX_POINT('',#11019);
#11019 = CARTESIAN_POINT('',(6.,4.8,0.5));
#11020 = LINE('',#11021,#11022);
#11021 = CARTESIAN_POINT('',(6.,4.8,-5.9E-16));
#11022 = VECTOR('',#11023,1.);
#11023 = DIRECTION('',(0.,1.2E-16,1.));
#11024 = ORIENTED_EDGE('',*,*,#11025,.T.);
#11025 = EDGE_CURVE('',#11018,#11026,#11028,.T.);
#11026 = VERTEX_POINT('',#11027);
#11027 = CARTESIAN_POINT('',(4.8,6.,0.5));
#11028 = CIRCLE('',#11029,1.2);
#11029 = AXIS2_PLACEMENT_3D('',#11030,#11031,#11032);
#11030 = CARTESIAN_POINT('',(6.,6.,0.5));
#11031 = DIRECTION('',(0.,0.,-1.));
#11032 = DIRECTION('',(1.,0.,0.));
#11033 = ORIENTED_EDGE('',*,*,#11034,.F.);
#11034 = EDGE_CURVE('',#9466,#11026,#11035,.T.);
#11035 = LINE('',#11036,#11037);
#11036 = CARTESIAN_POINT('',(4.8,6.,-7.3E-16));
#11037 = VECTOR('',#11038,1.);
#11038 = DIRECTION('',(0.,1.2E-16,1.));
#11039 = ORIENTED_EDGE('',*,*,#9463,.F.);
#11040 = CYLINDRICAL_SURFACE('',#11041,1.2);
#11041 = AXIS2_PLACEMENT_3D('',#11042,#11043,#11044);
#11042 = CARTESIAN_POINT('',(6.,6.,-7.3E-16));
#11043 = DIRECTION('',(0.,-1.2E-16,-1.));
#11044 = DIRECTION('',(1.,0.,0.));
#11045 = ADVANCED_FACE('',(#11046),#11064,.F.);
#11046 = FACE_BOUND('',#11047,.F.);
#11047 = EDGE_LOOP('',(#11048,#11056,#11062,#11063));
#11048 = ORIENTED_EDGE('',*,*,#11049,.T.);
#11049 = EDGE_CURVE('',#9517,#11050,#11052,.T.);
#11050 = VERTEX_POINT('',#11051);
#11051 = CARTESIAN_POINT('',(23.6,4.8,0.5));
#11052 = LINE('',#11053,#11054);
#11053 = CARTESIAN_POINT('',(23.6,4.8,-5.9E-16));
#11054 = VECTOR('',#11055,1.);
#11055 = DIRECTION('',(0.,1.2E-16,1.));
#11056 = ORIENTED_EDGE('',*,*,#11057,.T.);
#11057 = EDGE_CURVE('',#11050,#11018,#11058,.T.);
#11058 = LINE('',#11059,#11060);
#11059 = CARTESIAN_POINT('',(23.6,4.8,0.5));
#11060 = VECTOR('',#11061,1.);
#11061 = DIRECTION('',(-1.,0.,0.));
#11062 = ORIENTED_EDGE('',*,*,#11017,.F.);
#11063 = ORIENTED_EDGE('',*,*,#9525,.F.);
#11064 = PLANE('',#11065);
#11065 = AXIS2_PLACEMENT_3D('',#11066,#11067,#11068);
#11066 = CARTESIAN_POINT('',(23.6,4.8,-5.9E-16));
#11067 = DIRECTION('',(0.,-1.,1.2E-16));
#11068 = DIRECTION('',(-1.,0.,0.));
#11069 = ADVANCED_FACE('',(#11070),#11089,.F.);
#11070 = FACE_BOUND('',#11071,.F.);
#11071 = EDGE_LOOP('',(#11072,#11080,#11087,#11088));
#11072 = ORIENTED_EDGE('',*,*,#11073,.T.);
#11073 = EDGE_CURVE('',#9509,#11074,#11076,.T.);
#11074 = VERTEX_POINT('',#11075);
#11075 = CARTESIAN_POINT('',(24.8,6.,0.5));
#11076 = LINE('',#11077,#11078);
#11077 = CARTESIAN_POINT('',(24.8,6.,-7.3E-16));
#11078 = VECTOR('',#11079,1.);
#11079 = DIRECTION('',(0.,1.2E-16,1.));
#11080 = ORIENTED_EDGE('',*,*,#11081,.T.);
#11081 = EDGE_CURVE('',#11074,#11050,#11082,.T.);
#11082 = CIRCLE('',#11083,1.2);
#11083 = AXIS2_PLACEMENT_3D('',#11084,#11085,#11086);
#11084 = CARTESIAN_POINT('',(23.6,6.,0.5));
#11085 = DIRECTION('',(0.,0.,-1.));
#11086 = DIRECTION('',(1.,0.,0.));
#11087 = ORIENTED_EDGE('',*,*,#11049,.F.);
#11088 = ORIENTED_EDGE('',*,*,#9516,.F.);
#11089 = CYLINDRICAL_SURFACE('',#11090,1.2);
#11090 = AXIS2_PLACEMENT_3D('',#11091,#11092,#11093);
#11091 = CARTESIAN_POINT('',(23.6,6.,-7.3E-16));
#11092 = DIRECTION('',(0.,-1.2E-16,-1.));
#11093 = DIRECTION('',(1.,0.,0.));
#11094 = ADVANCED_FACE('',(#11095),#11113,.F.);
#11095 = FACE_BOUND('',#11096,.F.);
#11096 = EDGE_LOOP('',(#11097,#11105,#11111,#11112));
#11097 = ORIENTED_EDGE('',*,*,#11098,.T.);
#11098 = EDGE_CURVE('',#9500,#11099,#11101,.T.);
#11099 = VERTEX_POINT('',#11100);
#11100 = CARTESIAN_POINT('',(24.8,6.6,0.5));
#11101 = LINE('',#11102,#11103);
#11102 = CARTESIAN_POINT('',(24.8,6.6,-8.1E-16));
#11103 = VECTOR('',#11104,1.);
#11104 = DIRECTION('',(0.,1.2E-16,1.));
#11105 = ORIENTED_EDGE('',*,*,#11106,.T.);
#11106 = EDGE_CURVE('',#11099,#11074,#11107,.T.);
#11107 = LINE('',#11108,#11109);
#11108 = CARTESIAN_POINT('',(24.8,6.6,0.5));
#11109 = VECTOR('',#11110,1.);
#11110 = DIRECTION('',(0.,-1.,0.));
#11111 = ORIENTED_EDGE('',*,*,#11073,.F.);
#11112 = ORIENTED_EDGE('',*,*,#9508,.F.);
#11113 = PLANE('',#11114);
#11114 = AXIS2_PLACEMENT_3D('',#11115,#11116,#11117);
#11115 = CARTESIAN_POINT('',(24.8,6.6,-8.1E-16));
#11116 = DIRECTION('',(1.,0.,0.));
#11117 = DIRECTION('',(0.,-1.,1.2E-16));
#11118 = ADVANCED_FACE('',(#11119),#11138,.F.);
#11119 = FACE_BOUND('',#11120,.F.);
#11120 = EDGE_LOOP('',(#11121,#11129,#11136,#11137));
#11121 = ORIENTED_EDGE('',*,*,#11122,.T.);
#11122 = EDGE_CURVE('',#9492,#11123,#11125,.T.);
#11123 = VERTEX_POINT('',#11124);
#11124 = CARTESIAN_POINT('',(23.6,7.8,0.5));
#11125 = LINE('',#11126,#11127);
#11126 = CARTESIAN_POINT('',(23.6,7.8,-9.6E-16));
#11127 = VECTOR('',#11128,1.);
#11128 = DIRECTION('',(0.,1.2E-16,1.));
#11129 = ORIENTED_EDGE('',*,*,#11130,.T.);
#11130 = EDGE_CURVE('',#11123,#11099,#11131,.T.);
#11131 = CIRCLE('',#11132,1.2);
#11132 = AXIS2_PLACEMENT_3D('',#11133,#11134,#11135);
#11133 = CARTESIAN_POINT('',(23.6,6.6,0.5));
#11134 = DIRECTION('',(0.,0.,-1.));
#11135 = DIRECTION('',(1.,0.,0.));
#11136 = ORIENTED_EDGE('',*,*,#11098,.F.);
#11137 = ORIENTED_EDGE('',*,*,#9499,.F.);
#11138 = CYLINDRICAL_SURFACE('',#11139,1.2);
#11139 = AXIS2_PLACEMENT_3D('',#11140,#11141,#11142);
#11140 = CARTESIAN_POINT('',(23.6,6.6,-8.1E-16));
#11141 = DIRECTION('',(0.,-1.2E-16,-1.));
#11142 = DIRECTION('',(1.,0.,0.));
#11143 = ADVANCED_FACE('',(#11144),#11162,.F.);
#11144 = FACE_BOUND('',#11145,.F.);
#11145 = EDGE_LOOP('',(#11146,#11154,#11160,#11161));
#11146 = ORIENTED_EDGE('',*,*,#11147,.T.);
#11147 = EDGE_CURVE('',#9483,#11148,#11150,.T.);
#11148 = VERTEX_POINT('',#11149);
#11149 = CARTESIAN_POINT('',(6.,7.8,0.5));
#11150 = LINE('',#11151,#11152);
#11151 = CARTESIAN_POINT('',(6.,7.8,-9.6E-16));
#11152 = VECTOR('',#11153,1.);
#11153 = DIRECTION('',(0.,1.2E-16,1.));
#11154 = ORIENTED_EDGE('',*,*,#11155,.T.);
#11155 = EDGE_CURVE('',#11148,#11123,#11156,.T.);
#11156 = LINE('',#11157,#11158);
#11157 = CARTESIAN_POINT('',(6.,7.8,0.5));
#11158 = VECTOR('',#11159,1.);
#11159 = DIRECTION('',(1.,0.,0.));
#11160 = ORIENTED_EDGE('',*,*,#11122,.F.);
#11161 = ORIENTED_EDGE('',*,*,#9491,.F.);
#11162 = PLANE('',#11163);
#11163 = AXIS2_PLACEMENT_3D('',#11164,#11165,#11166);
#11164 = CARTESIAN_POINT('',(6.,7.8,-9.6E-16));
#11165 = DIRECTION('',(0.,1.,-1.2E-16));
#11166 = DIRECTION('',(1.,0.,0.));
#11167 = ADVANCED_FACE('',(#11168),#11187,.F.);
#11168 = FACE_BOUND('',#11169,.F.);
#11169 = EDGE_LOOP('',(#11170,#11178,#11185,#11186));
#11170 = ORIENTED_EDGE('',*,*,#11171,.T.);
#11171 = EDGE_CURVE('',#9475,#11172,#11174,.T.);
#11172 = VERTEX_POINT('',#11173);
#11173 = CARTESIAN_POINT('',(4.8,6.6,0.5));
#11174 = LINE('',#11175,#11176);
#11175 = CARTESIAN_POINT('',(4.8,6.6,-8.1E-16));
#11176 = VECTOR('',#11177,1.);
#11177 = DIRECTION('',(0.,1.2E-16,1.));
#11178 = ORIENTED_EDGE('',*,*,#11179,.T.);
#11179 = EDGE_CURVE('',#11172,#11148,#11180,.T.);
#11180 = CIRCLE('',#11181,1.2);
#11181 = AXIS2_PLACEMENT_3D('',#11182,#11183,#11184);
#11182 = CARTESIAN_POINT('',(6.,6.6,0.5));
#11183 = DIRECTION('',(0.,0.,-1.));
#11184 = DIRECTION('',(1.,0.,0.));
#11185 = ORIENTED_EDGE('',*,*,#11147,.F.);
#11186 = ORIENTED_EDGE('',*,*,#9482,.F.);
#11187 = CYLINDRICAL_SURFACE('',#11188,1.2);
#11188 = AXIS2_PLACEMENT_3D('',#11189,#11190,#11191);
#11189 = CARTESIAN_POINT('',(6.,6.6,-8.1E-16));
#11190 = DIRECTION('',(0.,-1.2E-16,-1.));
#11191 = DIRECTION('',(1.,0.,0.));
#11192 = ADVANCED_FACE('',(#11193),#11204,.F.);
#11193 = FACE_BOUND('',#11194,.F.);
#11194 = EDGE_LOOP('',(#11195,#11196,#11202,#11203));
#11195 = ORIENTED_EDGE('',*,*,#11034,.T.);
#11196 = ORIENTED_EDGE('',*,*,#11197,.T.);
#11197 = EDGE_CURVE('',#11026,#11172,#11198,.T.);
#11198 = LINE('',#11199,#11200);
#11199 = CARTESIAN_POINT('',(4.8,6.,0.5));
#11200 = VECTOR('',#11201,1.);
#11201 = DIRECTION('',(0.,1.,0.));
#11202 = ORIENTED_EDGE('',*,*,#11171,.F.);
#11203 = ORIENTED_EDGE('',*,*,#9474,.F.);
#11204 = PLANE('',#11205);
#11205 = AXIS2_PLACEMENT_3D('',#11206,#11207,#11208);
#11206 = CARTESIAN_POINT('',(4.8,6.,-7.3E-16));
#11207 = DIRECTION('',(-1.,0.,0.));
#11208 = DIRECTION('',(0.,1.,-1.2E-16));
#11209 = ADVANCED_FACE('',(#11210),#11236,.F.);
#11210 = FACE_BOUND('',#11211,.F.);
#11211 = EDGE_LOOP('',(#11212,#11220,#11229,#11235));
#11212 = ORIENTED_EDGE('',*,*,#11213,.T.);
#11213 = EDGE_CURVE('',#9534,#11214,#11216,.T.);
#11214 = VERTEX_POINT('',#11215);
#11215 = CARTESIAN_POINT('',(309.15,4.8,0.5));
#11216 = LINE('',#11217,#11218);
#11217 = CARTESIAN_POINT('',(309.15,4.8,-5.9E-16));
#11218 = VECTOR('',#11219,1.);
#11219 = DIRECTION('',(0.,1.2E-16,1.));
#11220 = ORIENTED_EDGE('',*,*,#11221,.T.);
#11221 = EDGE_CURVE('',#11214,#11222,#11224,.T.);
#11222 = VERTEX_POINT('',#11223);
#11223 = CARTESIAN_POINT('',(307.95,6.,0.5));
#11224 = CIRCLE('',#11225,1.2);
#11225 = AXIS2_PLACEMENT_3D('',#11226,#11227,#11228);
#11226 = CARTESIAN_POINT('',(309.15,6.,0.5));
#11227 = DIRECTION('',(0.,0.,-1.));
#11228 = DIRECTION('',(1.,0.,0.));
#11229 = ORIENTED_EDGE('',*,*,#11230,.F.);
#11230 = EDGE_CURVE('',#9536,#11222,#11231,.T.);
#11231 = LINE('',#11232,#11233);
#11232 = CARTESIAN_POINT('',(307.95,6.,-7.3E-16));
#11233 = VECTOR('',#11234,1.);
#11234 = DIRECTION('',(0.,1.2E-16,1.));
#11235 = ORIENTED_EDGE('',*,*,#9533,.F.);
#11236 = CYLINDRICAL_SURFACE('',#11237,1.2);
#11237 = AXIS2_PLACEMENT_3D('',#11238,#11239,#11240);
#11238 = CARTESIAN_POINT('',(309.15,6.,-7.3E-16));
#11239 = DIRECTION('',(0.,-1.2E-16,-1.));
#11240 = DIRECTION('',(1.,0.,0.));
#11241 = ADVANCED_FACE('',(#11242),#11260,.F.);
#11242 = FACE_BOUND('',#11243,.F.);
#11243 = EDGE_LOOP('',(#11244,#11252,#11258,#11259));
#11244 = ORIENTED_EDGE('',*,*,#11245,.T.);
#11245 = EDGE_CURVE('',#9587,#11246,#11248,.T.);
#11246 = VERTEX_POINT('',#11247);
#11247 = CARTESIAN_POINT('',(326.75,4.8,0.5));
#11248 = LINE('',#11249,#11250);
#11249 = CARTESIAN_POINT('',(326.75,4.8,-5.9E-16));
#11250 = VECTOR('',#11251,1.);
#11251 = DIRECTION('',(0.,1.2E-16,1.));
#11252 = ORIENTED_EDGE('',*,*,#11253,.T.);
#11253 = EDGE_CURVE('',#11246,#11214,#11254,.T.);
#11254 = LINE('',#11255,#11256);
#11255 = CARTESIAN_POINT('',(326.75,4.8,0.5));
#11256 = VECTOR('',#11257,1.);
#11257 = DIRECTION('',(-1.,0.,0.));
#11258 = ORIENTED_EDGE('',*,*,#11213,.F.);
#11259 = ORIENTED_EDGE('',*,*,#9595,.F.);
#11260 = PLANE('',#11261);
#11261 = AXIS2_PLACEMENT_3D('',#11262,#11263,#11264);
#11262 = CARTESIAN_POINT('',(326.75,4.8,-5.9E-16));
#11263 = DIRECTION('',(0.,-1.,1.2E-16));
#11264 = DIRECTION('',(-1.,0.,0.));
#11265 = ADVANCED_FACE('',(#11266),#11285,.F.);
#11266 = FACE_BOUND('',#11267,.F.);
#11267 = EDGE_LOOP('',(#11268,#11276,#11283,#11284));
#11268 = ORIENTED_EDGE('',*,*,#11269,.T.);
#11269 = EDGE_CURVE('',#9579,#11270,#11272,.T.);
#11270 = VERTEX_POINT('',#11271);
#11271 = CARTESIAN_POINT('',(327.95,6.,0.5));
#11272 = LINE('',#11273,#11274);
#11273 = CARTESIAN_POINT('',(327.95,6.,-7.3E-16));
#11274 = VECTOR('',#11275,1.);
#11275 = DIRECTION('',(0.,1.2E-16,1.));
#11276 = ORIENTED_EDGE('',*,*,#11277,.T.);
#11277 = EDGE_CURVE('',#11270,#11246,#11278,.T.);
#11278 = CIRCLE('',#11279,1.2);
#11279 = AXIS2_PLACEMENT_3D('',#11280,#11281,#11282);
#11280 = CARTESIAN_POINT('',(326.75,6.,0.5));
#11281 = DIRECTION('',(0.,0.,-1.));
#11282 = DIRECTION('',(1.,0.,0.));
#11283 = ORIENTED_EDGE('',*,*,#11245,.F.);
#11284 = ORIENTED_EDGE('',*,*,#9586,.F.);
#11285 = CYLINDRICAL_SURFACE('',#11286,1.2);
#11286 = AXIS2_PLACEMENT_3D('',#11287,#11288,#11289);
#11287 = CARTESIAN_POINT('',(326.75,6.,-7.3E-16));
#11288 = DIRECTION('',(0.,-1.2E-16,-1.));
#11289 = DIRECTION('',(1.,0.,0.));
#11290 = ADVANCED_FACE('',(#11291),#11309,.F.);
#11291 = FACE_BOUND('',#11292,.F.);
#11292 = EDGE_LOOP('',(#11293,#11301,#11307,#11308));
#11293 = ORIENTED_EDGE('',*,*,#11294,.T.);
#11294 = EDGE_CURVE('',#9570,#11295,#11297,.T.);
#11295 = VERTEX_POINT('',#11296);
#11296 = CARTESIAN_POINT('',(327.95,6.6,0.5));
#11297 = LINE('',#11298,#11299);
#11298 = CARTESIAN_POINT('',(327.95,6.6,-8.1E-16));
#11299 = VECTOR('',#11300,1.);
#11300 = DIRECTION('',(0.,1.2E-16,1.));
#11301 = ORIENTED_EDGE('',*,*,#11302,.T.);
#11302 = EDGE_CURVE('',#11295,#11270,#11303,.T.);
#11303 = LINE('',#11304,#11305);
#11304 = CARTESIAN_POINT('',(327.95,6.6,0.5));
#11305 = VECTOR('',#11306,1.);
#11306 = DIRECTION('',(0.,-1.,0.));
#11307 = ORIENTED_EDGE('',*,*,#11269,.F.);
#11308 = ORIENTED_EDGE('',*,*,#9578,.F.);
#11309 = PLANE('',#11310);
#11310 = AXIS2_PLACEMENT_3D('',#11311,#11312,#11313);
#11311 = CARTESIAN_POINT('',(327.95,6.6,-8.1E-16));
#11312 = DIRECTION('',(1.,0.,0.));
#11313 = DIRECTION('',(0.,-1.,1.2E-16));
#11314 = ADVANCED_FACE('',(#11315),#11334,.F.);
#11315 = FACE_BOUND('',#11316,.F.);
#11316 = EDGE_LOOP('',(#11317,#11325,#11332,#11333));
#11317 = ORIENTED_EDGE('',*,*,#11318,.T.);
#11318 = EDGE_CURVE('',#9562,#11319,#11321,.T.);
#11319 = VERTEX_POINT('',#11320);
#11320 = CARTESIAN_POINT('',(326.75,7.8,0.5));
#11321 = LINE('',#11322,#11323);
#11322 = CARTESIAN_POINT('',(326.75,7.8,-9.6E-16));
#11323 = VECTOR('',#11324,1.);
#11324 = DIRECTION('',(0.,1.2E-16,1.));
#11325 = ORIENTED_EDGE('',*,*,#11326,.T.);
#11326 = EDGE_CURVE('',#11319,#11295,#11327,.T.);
#11327 = CIRCLE('',#11328,1.2);
#11328 = AXIS2_PLACEMENT_3D('',#11329,#11330,#11331);
#11329 = CARTESIAN_POINT('',(326.75,6.6,0.5));
#11330 = DIRECTION('',(0.,0.,-1.));
#11331 = DIRECTION('',(1.,0.,0.));
#11332 = ORIENTED_EDGE('',*,*,#11294,.F.);
#11333 = ORIENTED_EDGE('',*,*,#9569,.F.);
#11334 = CYLINDRICAL_SURFACE('',#11335,1.2);
#11335 = AXIS2_PLACEMENT_3D('',#11336,#11337,#11338);
#11336 = CARTESIAN_POINT('',(326.75,6.6,-8.1E-16));
#11337 = DIRECTION('',(0.,-1.2E-16,-1.));
#11338 = DIRECTION('',(1.,0.,0.));
#11339 = ADVANCED_FACE('',(#11340),#11358,.F.);
#11340 = FACE_BOUND('',#11341,.F.);
#11341 = EDGE_LOOP('',(#11342,#11350,#11356,#11357));
#11342 = ORIENTED_EDGE('',*,*,#11343,.T.);
#11343 = EDGE_CURVE('',#9553,#11344,#11346,.T.);
#11344 = VERTEX_POINT('',#11345);
#11345 = CARTESIAN_POINT('',(309.15,7.8,0.5));
#11346 = LINE('',#11347,#11348);
#11347 = CARTESIAN_POINT('',(309.15,7.8,-9.6E-16));
#11348 = VECTOR('',#11349,1.);
#11349 = DIRECTION('',(0.,1.2E-16,1.));
#11350 = ORIENTED_EDGE('',*,*,#11351,.T.);
#11351 = EDGE_CURVE('',#11344,#11319,#11352,.T.);
#11352 = LINE('',#11353,#11354);
#11353 = CARTESIAN_POINT('',(309.15,7.8,0.5));
#11354 = VECTOR('',#11355,1.);
#11355 = DIRECTION('',(1.,0.,0.));
#11356 = ORIENTED_EDGE('',*,*,#11318,.F.);
#11357 = ORIENTED_EDGE('',*,*,#9561,.F.);
#11358 = PLANE('',#11359);
#11359 = AXIS2_PLACEMENT_3D('',#11360,#11361,#11362);
#11360 = CARTESIAN_POINT('',(309.15,7.8,-9.6E-16));
#11361 = DIRECTION('',(0.,1.,-1.2E-16));
#11362 = DIRECTION('',(1.,0.,0.));
#11363 = ADVANCED_FACE('',(#11364),#11383,.F.);
#11364 = FACE_BOUND('',#11365,.F.);
#11365 = EDGE_LOOP('',(#11366,#11374,#11381,#11382));
#11366 = ORIENTED_EDGE('',*,*,#11367,.T.);
#11367 = EDGE_CURVE('',#9545,#11368,#11370,.T.);
#11368 = VERTEX_POINT('',#11369);
#11369 = CARTESIAN_POINT('',(307.95,6.6,0.5));
#11370 = LINE('',#11371,#11372);
#11371 = CARTESIAN_POINT('',(307.95,6.6,-8.1E-16));
#11372 = VECTOR('',#11373,1.);
#11373 = DIRECTION('',(0.,1.2E-16,1.));
#11374 = ORIENTED_EDGE('',*,*,#11375,.T.);
#11375 = EDGE_CURVE('',#11368,#11344,#11376,.T.);
#11376 = CIRCLE('',#11377,1.2);
#11377 = AXIS2_PLACEMENT_3D('',#11378,#11379,#11380);
#11378 = CARTESIAN_POINT('',(309.15,6.6,0.5));
#11379 = DIRECTION('',(0.,0.,-1.));
#11380 = DIRECTION('',(1.,0.,0.));
#11381 = ORIENTED_EDGE('',*,*,#11343,.F.);
#11382 = ORIENTED_EDGE('',*,*,#9552,.F.);
#11383 = CYLINDRICAL_SURFACE('',#11384,1.2);
#11384 = AXIS2_PLACEMENT_3D('',#11385,#11386,#11387);
#11385 = CARTESIAN_POINT('',(309.15,6.6,-8.1E-16));
#11386 = DIRECTION('',(0.,-1.2E-16,-1.));
#11387 = DIRECTION('',(1.,0.,0.));
#11388 = ADVANCED_FACE('',(#11389),#11400,.F.);
#11389 = FACE_BOUND('',#11390,.F.);
#11390 = EDGE_LOOP('',(#11391,#11392,#11398,#11399));
#11391 = ORIENTED_EDGE('',*,*,#11230,.T.);
#11392 = ORIENTED_EDGE('',*,*,#11393,.T.);
#11393 = EDGE_CURVE('',#11222,#11368,#11394,.T.);
#11394 = LINE('',#11395,#11396);
#11395 = CARTESIAN_POINT('',(307.95,6.,0.5));
#11396 = VECTOR('',#11397,1.);
#11397 = DIRECTION('',(0.,1.,0.));
#11398 = ORIENTED_EDGE('',*,*,#11367,.F.);
#11399 = ORIENTED_EDGE('',*,*,#9544,.F.);
#11400 = PLANE('',#11401);
#11401 = AXIS2_PLACEMENT_3D('',#11402,#11403,#11404);
#11402 = CARTESIAN_POINT('',(307.95,6.,-7.3E-16));
#11403 = DIRECTION('',(-1.,0.,0.));
#11404 = DIRECTION('',(0.,1.,-1.2E-16));
#11405 = ADVANCED_FACE('',(#11406),#11432,.F.);
#11406 = FACE_BOUND('',#11407,.F.);
#11407 = EDGE_LOOP('',(#11408,#11416,#11425,#11431));
#11408 = ORIENTED_EDGE('',*,*,#11409,.T.);
#11409 = EDGE_CURVE('',#9604,#11410,#11412,.T.);
#11410 = VERTEX_POINT('',#11411);
#11411 = CARTESIAN_POINT('',(102.,35.,0.5));
#11412 = LINE('',#11413,#11414);
#11413 = CARTESIAN_POINT('',(102.,35.,-4.29E-15));
#11414 = VECTOR('',#11415,1.);
#11415 = DIRECTION('',(0.,1.2E-16,1.));
#11416 = ORIENTED_EDGE('',*,*,#11417,.T.);
#11417 = EDGE_CURVE('',#11410,#11418,#11420,.T.);
#11418 = VERTEX_POINT('',#11419);
#11419 = CARTESIAN_POINT('',(100.,37.,0.5));
#11420 = CIRCLE('',#11421,2.);
#11421 = AXIS2_PLACEMENT_3D('',#11422,#11423,#11424);
#11422 = CARTESIAN_POINT('',(102.,37.,0.5));
#11423 = DIRECTION('',(0.,0.,-1.));
#11424 = DIRECTION('',(1.,0.,0.));
#11425 = ORIENTED_EDGE('',*,*,#11426,.F.);
#11426 = EDGE_CURVE('',#9606,#11418,#11427,.T.);
#11427 = LINE('',#11428,#11429);
#11428 = CARTESIAN_POINT('',(100.,37.,-4.53E-15));
#11429 = VECTOR('',#11430,1.);
#11430 = DIRECTION('',(0.,1.2E-16,1.));
#11431 = ORIENTED_EDGE('',*,*,#9603,.F.);
#11432 = CYLINDRICAL_SURFACE('',#11433,2.);
#11433 = AXIS2_PLACEMENT_3D('',#11434,#11435,#11436);
#11434 = CARTESIAN_POINT('',(102.,37.,-4.53E-15));
#11435 = DIRECTION('',(0.,-1.2E-16,-1.));
#11436 = DIRECTION('',(1.,0.,0.));
#11437 = ADVANCED_FACE('',(#11438),#11456,.F.);
#11438 = FACE_BOUND('',#11439,.F.);
#11439 = EDGE_LOOP('',(#11440,#11448,#11454,#11455));
#11440 = ORIENTED_EDGE('',*,*,#11441,.T.);
#11441 = EDGE_CURVE('',#9657,#11442,#11444,.T.);
#11442 = VERTEX_POINT('',#11443);
#11443 = CARTESIAN_POINT('',(230.75,35.,0.5));
#11444 = LINE('',#11445,#11446);
#11445 = CARTESIAN_POINT('',(230.75,35.,-4.29E-15));
#11446 = VECTOR('',#11447,1.);
#11447 = DIRECTION('',(0.,1.2E-16,1.));
#11448 = ORIENTED_EDGE('',*,*,#11449,.T.);
#11449 = EDGE_CURVE('',#11442,#11410,#11450,.T.);
#11450 = LINE('',#11451,#11452);
#11451 = CARTESIAN_POINT('',(230.75,35.,0.5));
#11452 = VECTOR('',#11453,1.);
#11453 = DIRECTION('',(-1.,0.,0.));
#11454 = ORIENTED_EDGE('',*,*,#11409,.F.);
#11455 = ORIENTED_EDGE('',*,*,#9665,.F.);
#11456 = PLANE('',#11457);
#11457 = AXIS2_PLACEMENT_3D('',#11458,#11459,#11460);
#11458 = CARTESIAN_POINT('',(230.75,35.,-4.29E-15));
#11459 = DIRECTION('',(0.,-1.,1.2E-16));
#11460 = DIRECTION('',(-1.,0.,0.));
#11461 = ADVANCED_FACE('',(#11462),#11481,.F.);
#11462 = FACE_BOUND('',#11463,.F.);
#11463 = EDGE_LOOP('',(#11464,#11472,#11479,#11480));
#11464 = ORIENTED_EDGE('',*,*,#11465,.T.);
#11465 = EDGE_CURVE('',#9649,#11466,#11468,.T.);
#11466 = VERTEX_POINT('',#11467);
#11467 = CARTESIAN_POINT('',(232.75,37.,0.5));
#11468 = LINE('',#11469,#11470);
#11469 = CARTESIAN_POINT('',(232.75,37.,-4.53E-15));
#11470 = VECTOR('',#11471,1.);
#11471 = DIRECTION('',(0.,1.2E-16,1.));
#11472 = ORIENTED_EDGE('',*,*,#11473,.T.);
#11473 = EDGE_CURVE('',#11466,#11442,#11474,.T.);
#11474 = CIRCLE('',#11475,2.);
#11475 = AXIS2_PLACEMENT_3D('',#11476,#11477,#11478);
#11476 = CARTESIAN_POINT('',(230.75,37.,0.5));
#11477 = DIRECTION('',(0.,0.,-1.));
#11478 = DIRECTION('',(1.,0.,0.));
#11479 = ORIENTED_EDGE('',*,*,#11441,.F.);
#11480 = ORIENTED_EDGE('',*,*,#9656,.F.);
#11481 = CYLINDRICAL_SURFACE('',#11482,2.);
#11482 = AXIS2_PLACEMENT_3D('',#11483,#11484,#11485);
#11483 = CARTESIAN_POINT('',(230.75,37.,-4.53E-15));
#11484 = DIRECTION('',(0.,-1.2E-16,-1.));
#11485 = DIRECTION('',(1.,0.,0.));
#11486 = ADVANCED_FACE('',(#11487),#11505,.F.);
#11487 = FACE_BOUND('',#11488,.F.);
#11488 = EDGE_LOOP('',(#11489,#11497,#11503,#11504));
#11489 = ORIENTED_EDGE('',*,*,#11490,.T.);
#11490 = EDGE_CURVE('',#9640,#11491,#11493,.T.);
#11491 = VERTEX_POINT('',#11492);
#11492 = CARTESIAN_POINT('',(232.75,70.25,0.5));
#11493 = LINE('',#11494,#11495);
#11494 = CARTESIAN_POINT('',(232.75,70.25,-8.6E-15));
#11495 = VECTOR('',#11496,1.);
#11496 = DIRECTION('',(0.,1.2E-16,1.));
#11497 = ORIENTED_EDGE('',*,*,#11498,.T.);
#11498 = EDGE_CURVE('',#11491,#11466,#11499,.T.);
#11499 = LINE('',#11500,#11501);
#11500 = CARTESIAN_POINT('',(232.75,70.25,0.5));
#11501 = VECTOR('',#11502,1.);
#11502 = DIRECTION('',(0.,-1.,0.));
#11503 = ORIENTED_EDGE('',*,*,#11465,.F.);
#11504 = ORIENTED_EDGE('',*,*,#9648,.F.);
#11505 = PLANE('',#11506);
#11506 = AXIS2_PLACEMENT_3D('',#11507,#11508,#11509);
#11507 = CARTESIAN_POINT('',(232.75,70.25,-8.6E-15));
#11508 = DIRECTION('',(1.,0.,0.));
#11509 = DIRECTION('',(0.,-1.,1.2E-16));
#11510 = ADVANCED_FACE('',(#11511),#11530,.F.);
#11511 = FACE_BOUND('',#11512,.F.);
#11512 = EDGE_LOOP('',(#11513,#11521,#11528,#11529));
#11513 = ORIENTED_EDGE('',*,*,#11514,.T.);
#11514 = EDGE_CURVE('',#9632,#11515,#11517,.T.);
#11515 = VERTEX_POINT('',#11516);
#11516 = CARTESIAN_POINT('',(230.75,72.25,0.5));
#11517 = LINE('',#11518,#11519);
#11518 = CARTESIAN_POINT('',(230.75,72.25,-8.85E-15));
#11519 = VECTOR('',#11520,1.);
#11520 = DIRECTION('',(0.,1.2E-16,1.));
#11521 = ORIENTED_EDGE('',*,*,#11522,.T.);
#11522 = EDGE_CURVE('',#11515,#11491,#11523,.T.);
#11523 = CIRCLE('',#11524,2.);
#11524 = AXIS2_PLACEMENT_3D('',#11525,#11526,#11527);
#11525 = CARTESIAN_POINT('',(230.75,70.25,0.5));
#11526 = DIRECTION('',(0.,0.,-1.));
#11527 = DIRECTION('',(1.,0.,0.));
#11528 = ORIENTED_EDGE('',*,*,#11490,.F.);
#11529 = ORIENTED_EDGE('',*,*,#9639,.F.);
#11530 = CYLINDRICAL_SURFACE('',#11531,2.);
#11531 = AXIS2_PLACEMENT_3D('',#11532,#11533,#11534);
#11532 = CARTESIAN_POINT('',(230.75,70.25,-8.6E-15));
#11533 = DIRECTION('',(0.,-1.2E-16,-1.));
#11534 = DIRECTION('',(1.,0.,0.));
#11535 = ADVANCED_FACE('',(#11536),#11554,.F.);
#11536 = FACE_BOUND('',#11537,.F.);
#11537 = EDGE_LOOP('',(#11538,#11546,#11552,#11553));
#11538 = ORIENTED_EDGE('',*,*,#11539,.T.);
#11539 = EDGE_CURVE('',#9623,#11540,#11542,.T.);
#11540 = VERTEX_POINT('',#11541);
#11541 = CARTESIAN_POINT('',(102.,72.25,0.5));
#11542 = LINE('',#11543,#11544);
#11543 = CARTESIAN_POINT('',(102.,72.25,-8.85E-15));
#11544 = VECTOR('',#11545,1.);
#11545 = DIRECTION('',(0.,1.2E-16,1.));
#11546 = ORIENTED_EDGE('',*,*,#11547,.T.);
#11547 = EDGE_CURVE('',#11540,#11515,#11548,.T.);
#11548 = LINE('',#11549,#11550);
#11549 = CARTESIAN_POINT('',(102.,72.25,0.5));
#11550 = VECTOR('',#11551,1.);
#11551 = DIRECTION('',(1.,0.,0.));
#11552 = ORIENTED_EDGE('',*,*,#11514,.F.);
#11553 = ORIENTED_EDGE('',*,*,#9631,.F.);
#11554 = PLANE('',#11555);
#11555 = AXIS2_PLACEMENT_3D('',#11556,#11557,#11558);
#11556 = CARTESIAN_POINT('',(102.,72.25,-8.85E-15));
#11557 = DIRECTION('',(0.,1.,-1.2E-16));
#11558 = DIRECTION('',(1.,0.,0.));
#11559 = ADVANCED_FACE('',(#11560),#11579,.F.);
#11560 = FACE_BOUND('',#11561,.F.);
#11561 = EDGE_LOOP('',(#11562,#11570,#11577,#11578));
#11562 = ORIENTED_EDGE('',*,*,#11563,.T.);
#11563 = EDGE_CURVE('',#9615,#11564,#11566,.T.);
#11564 = VERTEX_POINT('',#11565);
#11565 = CARTESIAN_POINT('',(100.,70.25,0.5));
#11566 = LINE('',#11567,#11568);
#11567 = CARTESIAN_POINT('',(100.,70.25,-8.6E-15));
#11568 = VECTOR('',#11569,1.);
#11569 = DIRECTION('',(0.,1.2E-16,1.));
#11570 = ORIENTED_EDGE('',*,*,#11571,.T.);
#11571 = EDGE_CURVE('',#11564,#11540,#11572,.T.);
#11572 = CIRCLE('',#11573,2.);
#11573 = AXIS2_PLACEMENT_3D('',#11574,#11575,#11576);
#11574 = CARTESIAN_POINT('',(102.,70.25,0.5));
#11575 = DIRECTION('',(0.,0.,-1.));
#11576 = DIRECTION('',(1.,0.,0.));
#11577 = ORIENTED_EDGE('',*,*,#11539,.F.);
#11578 = ORIENTED_EDGE('',*,*,#9622,.F.);
#11579 = CYLINDRICAL_SURFACE('',#11580,2.);
#11580 = AXIS2_PLACEMENT_3D('',#11581,#11582,#11583);
#11581 = CARTESIAN_POINT('',(102.,70.25,-8.6E-15));
#11582 = DIRECTION('',(0.,-1.2E-16,-1.));
#11583 = DIRECTION('',(1.,0.,0.));
#11584 = ADVANCED_FACE('',(#11585),#11596,.F.);
#11585 = FACE_BOUND('',#11586,.F.);
#11586 = EDGE_LOOP('',(#11587,#11588,#11594,#11595));
#11587 = ORIENTED_EDGE('',*,*,#11426,.T.);
#11588 = ORIENTED_EDGE('',*,*,#11589,.T.);
#11589 = EDGE_CURVE('',#11418,#11564,#11590,.T.);
#11590 = LINE('',#11591,#11592);
#11591 = CARTESIAN_POINT('',(100.,37.,0.5));
#11592 = VECTOR('',#11593,1.);
#11593 = DIRECTION('',(0.,1.,0.));
#11594 = ORIENTED_EDGE('',*,*,#11563,.F.);
#11595 = ORIENTED_EDGE('',*,*,#9614,.F.);
#11596 = PLANE('',#11597);
#11597 = AXIS2_PLACEMENT_3D('',#11598,#11599,#11600);
#11598 = CARTESIAN_POINT('',(100.,37.,-4.53E-15));
#11599 = DIRECTION('',(-1.,0.,0.));
#11600 = DIRECTION('',(0.,1.,-1.2E-16));
#11601 = ADVANCED_FACE('',(#11602),#11628,.F.);
#11602 = FACE_BOUND('',#11603,.F.);
#11603 = EDGE_LOOP('',(#11604,#11612,#11621,#11627));
#11604 = ORIENTED_EDGE('',*,*,#11605,.T.);
#11605 = EDGE_CURVE('',#9674,#11606,#11608,.T.);
#11606 = VERTEX_POINT('',#11607);
#11607 = CARTESIAN_POINT('',(6.,99.45,0.5));
#11608 = LINE('',#11609,#11610);
#11609 = CARTESIAN_POINT('',(6.,99.45,-1.218E-14));
#11610 = VECTOR('',#11611,1.);
#11611 = DIRECTION('',(0.,1.2E-16,1.));
#11612 = ORIENTED_EDGE('',*,*,#11613,.T.);
#11613 = EDGE_CURVE('',#11606,#11614,#11616,.T.);
#11614 = VERTEX_POINT('',#11615);
#11615 = CARTESIAN_POINT('',(4.8,100.65,0.5));
#11616 = CIRCLE('',#11617,1.2);
#11617 = AXIS2_PLACEMENT_3D('',#11618,#11619,#11620);
#11618 = CARTESIAN_POINT('',(6.,100.65,0.5));
#11619 = DIRECTION('',(0.,0.,-1.));
#11620 = DIRECTION('',(1.,0.,0.));
#11621 = ORIENTED_EDGE('',*,*,#11622,.F.);
#11622 = EDGE_CURVE('',#9676,#11614,#11623,.T.);
#11623 = LINE('',#11624,#11625);
#11624 = CARTESIAN_POINT('',(4.8,100.65,-1.233E-14));
#11625 = VECTOR('',#11626,1.);
#11626 = DIRECTION('',(0.,1.2E-16,1.));
#11627 = ORIENTED_EDGE('',*,*,#9673,.F.);
#11628 = CYLINDRICAL_SURFACE('',#11629,1.2);
#11629 = AXIS2_PLACEMENT_3D('',#11630,#11631,#11632);
#11630 = CARTESIAN_POINT('',(6.,100.65,-1.233E-14));
#11631 = DIRECTION('',(0.,-1.2E-16,-1.));
#11632 = DIRECTION('',(1.,0.,0.));
#11633 = ADVANCED_FACE('',(#11634),#11652,.F.);
#11634 = FACE_BOUND('',#11635,.F.);
#11635 = EDGE_LOOP('',(#11636,#11644,#11650,#11651));
#11636 = ORIENTED_EDGE('',*,*,#11637,.T.);
#11637 = EDGE_CURVE('',#9727,#11638,#11640,.T.);
#11638 = VERTEX_POINT('',#11639);
#11639 = CARTESIAN_POINT('',(23.6,99.45,0.5));
#11640 = LINE('',#11641,#11642);
#11641 = CARTESIAN_POINT('',(23.6,99.45,-1.218E-14));
#11642 = VECTOR('',#11643,1.);
#11643 = DIRECTION('',(0.,1.2E-16,1.));
#11644 = ORIENTED_EDGE('',*,*,#11645,.T.);
#11645 = EDGE_CURVE('',#11638,#11606,#11646,.T.);
#11646 = LINE('',#11647,#11648);
#11647 = CARTESIAN_POINT('',(23.6,99.45,0.5));
#11648 = VECTOR('',#11649,1.);
#11649 = DIRECTION('',(-1.,0.,0.));
#11650 = ORIENTED_EDGE('',*,*,#11605,.F.);
#11651 = ORIENTED_EDGE('',*,*,#9735,.F.);
#11652 = PLANE('',#11653);
#11653 = AXIS2_PLACEMENT_3D('',#11654,#11655,#11656);
#11654 = CARTESIAN_POINT('',(23.6,99.45,-1.218E-14));
#11655 = DIRECTION('',(0.,-1.,1.2E-16));
#11656 = DIRECTION('',(-1.,0.,0.));
#11657 = ADVANCED_FACE('',(#11658),#11677,.F.);
#11658 = FACE_BOUND('',#11659,.F.);
#11659 = EDGE_LOOP('',(#11660,#11668,#11675,#11676));
#11660 = ORIENTED_EDGE('',*,*,#11661,.T.);
#11661 = EDGE_CURVE('',#9719,#11662,#11664,.T.);
#11662 = VERTEX_POINT('',#11663);
#11663 = CARTESIAN_POINT('',(24.8,100.65,0.5));
#11664 = LINE('',#11665,#11666);
#11665 = CARTESIAN_POINT('',(24.8,100.65,-1.233E-14));
#11666 = VECTOR('',#11667,1.);
#11667 = DIRECTION('',(0.,1.2E-16,1.));
#11668 = ORIENTED_EDGE('',*,*,#11669,.T.);
#11669 = EDGE_CURVE('',#11662,#11638,#11670,.T.);
#11670 = CIRCLE('',#11671,1.2);
#11671 = AXIS2_PLACEMENT_3D('',#11672,#11673,#11674);
#11672 = CARTESIAN_POINT('',(23.6,100.65,0.5));
#11673 = DIRECTION('',(0.,0.,-1.));
#11674 = DIRECTION('',(1.,0.,0.));
#11675 = ORIENTED_EDGE('',*,*,#11637,.F.);
#11676 = ORIENTED_EDGE('',*,*,#9726,.F.);
#11677 = CYLINDRICAL_SURFACE('',#11678,1.2);
#11678 = AXIS2_PLACEMENT_3D('',#11679,#11680,#11681);
#11679 = CARTESIAN_POINT('',(23.6,100.65,-1.233E-14));
#11680 = DIRECTION('',(0.,-1.2E-16,-1.));
#11681 = DIRECTION('',(1.,0.,0.));
#11682 = ADVANCED_FACE('',(#11683),#11701,.F.);
#11683 = FACE_BOUND('',#11684,.F.);
#11684 = EDGE_LOOP('',(#11685,#11693,#11699,#11700));
#11685 = ORIENTED_EDGE('',*,*,#11686,.T.);
#11686 = EDGE_CURVE('',#9710,#11687,#11689,.T.);
#11687 = VERTEX_POINT('',#11688);
#11688 = CARTESIAN_POINT('',(24.8,101.25,0.5));
#11689 = LINE('',#11690,#11691);
#11690 = CARTESIAN_POINT('',(24.8,101.25,-1.24E-14));
#11691 = VECTOR('',#11692,1.);
#11692 = DIRECTION('',(0.,1.2E-16,1.));
#11693 = ORIENTED_EDGE('',*,*,#11694,.T.);
#11694 = EDGE_CURVE('',#11687,#11662,#11695,.T.);
#11695 = LINE('',#11696,#11697);
#11696 = CARTESIAN_POINT('',(24.8,101.25,0.5));
#11697 = VECTOR('',#11698,1.);
#11698 = DIRECTION('',(0.,-1.,0.));
#11699 = ORIENTED_EDGE('',*,*,#11661,.F.);
#11700 = ORIENTED_EDGE('',*,*,#9718,.F.);
#11701 = PLANE('',#11702);
#11702 = AXIS2_PLACEMENT_3D('',#11703,#11704,#11705);
#11703 = CARTESIAN_POINT('',(24.8,101.25,-1.24E-14));
#11704 = DIRECTION('',(1.,0.,0.));
#11705 = DIRECTION('',(0.,-1.,1.2E-16));
#11706 = ADVANCED_FACE('',(#11707),#11726,.F.);
#11707 = FACE_BOUND('',#11708,.F.);
#11708 = EDGE_LOOP('',(#11709,#11717,#11724,#11725));
#11709 = ORIENTED_EDGE('',*,*,#11710,.T.);
#11710 = EDGE_CURVE('',#9702,#11711,#11713,.T.);
#11711 = VERTEX_POINT('',#11712);
#11712 = CARTESIAN_POINT('',(23.6,102.45,0.5));
#11713 = LINE('',#11714,#11715);
#11714 = CARTESIAN_POINT('',(23.6,102.45,-1.255E-14));
#11715 = VECTOR('',#11716,1.);
#11716 = DIRECTION('',(0.,1.2E-16,1.));
#11717 = ORIENTED_EDGE('',*,*,#11718,.T.);
#11718 = EDGE_CURVE('',#11711,#11687,#11719,.T.);
#11719 = CIRCLE('',#11720,1.2);
#11720 = AXIS2_PLACEMENT_3D('',#11721,#11722,#11723);
#11721 = CARTESIAN_POINT('',(23.6,101.25,0.5));
#11722 = DIRECTION('',(0.,0.,-1.));
#11723 = DIRECTION('',(1.,0.,0.));
#11724 = ORIENTED_EDGE('',*,*,#11686,.F.);
#11725 = ORIENTED_EDGE('',*,*,#9709,.F.);
#11726 = CYLINDRICAL_SURFACE('',#11727,1.2);
#11727 = AXIS2_PLACEMENT_3D('',#11728,#11729,#11730);
#11728 = CARTESIAN_POINT('',(23.6,101.25,-1.24E-14));
#11729 = DIRECTION('',(0.,-1.2E-16,-1.));
#11730 = DIRECTION('',(1.,0.,0.));
#11731 = ADVANCED_FACE('',(#11732),#11750,.F.);
#11732 = FACE_BOUND('',#11733,.F.);
#11733 = EDGE_LOOP('',(#11734,#11742,#11748,#11749));
#11734 = ORIENTED_EDGE('',*,*,#11735,.T.);
#11735 = EDGE_CURVE('',#9693,#11736,#11738,.T.);
#11736 = VERTEX_POINT('',#11737);
#11737 = CARTESIAN_POINT('',(6.,102.45,0.5));
#11738 = LINE('',#11739,#11740);
#11739 = CARTESIAN_POINT('',(6.,102.45,-1.255E-14));
#11740 = VECTOR('',#11741,1.);
#11741 = DIRECTION('',(0.,1.2E-16,1.));
#11742 = ORIENTED_EDGE('',*,*,#11743,.T.);
#11743 = EDGE_CURVE('',#11736,#11711,#11744,.T.);
#11744 = LINE('',#11745,#11746);
#11745 = CARTESIAN_POINT('',(6.,102.45,0.5));
#11746 = VECTOR('',#11747,1.);
#11747 = DIRECTION('',(1.,0.,0.));
#11748 = ORIENTED_EDGE('',*,*,#11710,.F.);
#11749 = ORIENTED_EDGE('',*,*,#9701,.F.);
#11750 = PLANE('',#11751);
#11751 = AXIS2_PLACEMENT_3D('',#11752,#11753,#11754);
#11752 = CARTESIAN_POINT('',(6.,102.45,-1.255E-14));
#11753 = DIRECTION('',(0.,1.,-1.2E-16));
#11754 = DIRECTION('',(1.,0.,0.));
#11755 = ADVANCED_FACE('',(#11756),#11775,.F.);
#11756 = FACE_BOUND('',#11757,.F.);
#11757 = EDGE_LOOP('',(#11758,#11766,#11773,#11774));
#11758 = ORIENTED_EDGE('',*,*,#11759,.T.);
#11759 = EDGE_CURVE('',#9685,#11760,#11762,.T.);
#11760 = VERTEX_POINT('',#11761);
#11761 = CARTESIAN_POINT('',(4.8,101.25,0.5));
#11762 = LINE('',#11763,#11764);
#11763 = CARTESIAN_POINT('',(4.8,101.25,-1.24E-14));
#11764 = VECTOR('',#11765,1.);
#11765 = DIRECTION('',(0.,1.2E-16,1.));
#11766 = ORIENTED_EDGE('',*,*,#11767,.T.);
#11767 = EDGE_CURVE('',#11760,#11736,#11768,.T.);
#11768 = CIRCLE('',#11769,1.2);
#11769 = AXIS2_PLACEMENT_3D('',#11770,#11771,#11772);
#11770 = CARTESIAN_POINT('',(6.,101.25,0.5));
#11771 = DIRECTION('',(0.,0.,-1.));
#11772 = DIRECTION('',(1.,0.,0.));
#11773 = ORIENTED_EDGE('',*,*,#11735,.F.);
#11774 = ORIENTED_EDGE('',*,*,#9692,.F.);
#11775 = CYLINDRICAL_SURFACE('',#11776,1.2);
#11776 = AXIS2_PLACEMENT_3D('',#11777,#11778,#11779);
#11777 = CARTESIAN_POINT('',(6.,101.25,-1.24E-14));
#11778 = DIRECTION('',(0.,-1.2E-16,-1.));
#11779 = DIRECTION('',(1.,0.,0.));
#11780 = ADVANCED_FACE('',(#11781),#11792,.F.);
#11781 = FACE_BOUND('',#11782,.F.);
#11782 = EDGE_LOOP('',(#11783,#11784,#11790,#11791));
#11783 = ORIENTED_EDGE('',*,*,#11622,.T.);
#11784 = ORIENTED_EDGE('',*,*,#11785,.T.);
#11785 = EDGE_CURVE('',#11614,#11760,#11786,.T.);
#11786 = LINE('',#11787,#11788);
#11787 = CARTESIAN_POINT('',(4.8,100.65,0.5));
#11788 = VECTOR('',#11789,1.);
#11789 = DIRECTION('',(0.,1.,0.));
#11790 = ORIENTED_EDGE('',*,*,#11759,.F.);
#11791 = ORIENTED_EDGE('',*,*,#9684,.F.);
#11792 = PLANE('',#11793);
#11793 = AXIS2_PLACEMENT_3D('',#11794,#11795,#11796);
#11794 = CARTESIAN_POINT('',(4.8,100.65,-1.233E-14));
#11795 = DIRECTION('',(-1.,0.,0.));
#11796 = DIRECTION('',(0.,1.,-1.2E-16));
#11797 = ADVANCED_FACE('',(#11798),#11824,.F.);
#11798 = FACE_BOUND('',#11799,.F.);
#11799 = EDGE_LOOP('',(#11800,#11808,#11817,#11823));
#11800 = ORIENTED_EDGE('',*,*,#11801,.T.);
#11801 = EDGE_CURVE('',#9744,#11802,#11804,.T.);
#11802 = VERTEX_POINT('',#11803);
#11803 = CARTESIAN_POINT('',(309.15,99.45,0.5));
#11804 = LINE('',#11805,#11806);
#11805 = CARTESIAN_POINT('',(309.15,99.45,-1.218E-14));
#11806 = VECTOR('',#11807,1.);
#11807 = DIRECTION('',(0.,1.2E-16,1.));
#11808 = ORIENTED_EDGE('',*,*,#11809,.T.);
#11809 = EDGE_CURVE('',#11802,#11810,#11812,.T.);
#11810 = VERTEX_POINT('',#11811);
#11811 = CARTESIAN_POINT('',(307.95,100.65,0.5));
#11812 = CIRCLE('',#11813,1.2);
#11813 = AXIS2_PLACEMENT_3D('',#11814,#11815,#11816);
#11814 = CARTESIAN_POINT('',(309.15,100.65,0.5));
#11815 = DIRECTION('',(0.,0.,-1.));
#11816 = DIRECTION('',(1.,0.,0.));
#11817 = ORIENTED_EDGE('',*,*,#11818,.F.);
#11818 = EDGE_CURVE('',#9746,#11810,#11819,.T.);
#11819 = LINE('',#11820,#11821);
#11820 = CARTESIAN_POINT('',(307.95,100.65,-1.233E-14));
#11821 = VECTOR('',#11822,1.);
#11822 = DIRECTION('',(0.,1.2E-16,1.));
#11823 = ORIENTED_EDGE('',*,*,#9743,.F.);
#11824 = CYLINDRICAL_SURFACE('',#11825,1.2);
#11825 = AXIS2_PLACEMENT_3D('',#11826,#11827,#11828);
#11826 = CARTESIAN_POINT('',(309.15,100.65,-1.233E-14));
#11827 = DIRECTION('',(0.,-1.2E-16,-1.));
#11828 = DIRECTION('',(1.,0.,0.));
#11829 = ADVANCED_FACE('',(#11830),#11848,.F.);
#11830 = FACE_BOUND('',#11831,.F.);
#11831 = EDGE_LOOP('',(#11832,#11840,#11846,#11847));
#11832 = ORIENTED_EDGE('',*,*,#11833,.T.);
#11833 = EDGE_CURVE('',#9797,#11834,#11836,.T.);
#11834 = VERTEX_POINT('',#11835);
#11835 = CARTESIAN_POINT('',(326.75,99.45,0.5));
#11836 = LINE('',#11837,#11838);
#11837 = CARTESIAN_POINT('',(326.75,99.45,-1.218E-14));
#11838 = VECTOR('',#11839,1.);
#11839 = DIRECTION('',(0.,1.2E-16,1.));
#11840 = ORIENTED_EDGE('',*,*,#11841,.T.);
#11841 = EDGE_CURVE('',#11834,#11802,#11842,.T.);
#11842 = LINE('',#11843,#11844);
#11843 = CARTESIAN_POINT('',(326.75,99.45,0.5));
#11844 = VECTOR('',#11845,1.);
#11845 = DIRECTION('',(-1.,0.,0.));
#11846 = ORIENTED_EDGE('',*,*,#11801,.F.);
#11847 = ORIENTED_EDGE('',*,*,#9805,.F.);
#11848 = PLANE('',#11849);
#11849 = AXIS2_PLACEMENT_3D('',#11850,#11851,#11852);
#11850 = CARTESIAN_POINT('',(326.75,99.45,-1.218E-14));
#11851 = DIRECTION('',(0.,-1.,1.2E-16));
#11852 = DIRECTION('',(-1.,0.,0.));
#11853 = ADVANCED_FACE('',(#11854),#11873,.F.);
#11854 = FACE_BOUND('',#11855,.F.);
#11855 = EDGE_LOOP('',(#11856,#11864,#11871,#11872));
#11856 = ORIENTED_EDGE('',*,*,#11857,.T.);
#11857 = EDGE_CURVE('',#9789,#11858,#11860,.T.);
#11858 = VERTEX_POINT('',#11859);
#11859 = CARTESIAN_POINT('',(327.95,100.65,0.5));
#11860 = LINE('',#11861,#11862);
#11861 = CARTESIAN_POINT('',(327.95,100.65,-1.233E-14));
#11862 = VECTOR('',#11863,1.);
#11863 = DIRECTION('',(0.,1.2E-16,1.));
#11864 = ORIENTED_EDGE('',*,*,#11865,.T.);
#11865 = EDGE_CURVE('',#11858,#11834,#11866,.T.);
#11866 = CIRCLE('',#11867,1.2);
#11867 = AXIS2_PLACEMENT_3D('',#11868,#11869,#11870);
#11868 = CARTESIAN_POINT('',(326.75,100.65,0.5));
#11869 = DIRECTION('',(0.,0.,-1.));
#11870 = DIRECTION('',(1.,0.,0.));
#11871 = ORIENTED_EDGE('',*,*,#11833,.F.);
#11872 = ORIENTED_EDGE('',*,*,#9796,.F.);
#11873 = CYLINDRICAL_SURFACE('',#11874,1.2);
#11874 = AXIS2_PLACEMENT_3D('',#11875,#11876,#11877);
#11875 = CARTESIAN_POINT('',(326.75,100.65,-1.233E-14));
#11876 = DIRECTION('',(0.,-1.2E-16,-1.));
#11877 = DIRECTION('',(1.,0.,0.));
#11878 = ADVANCED_FACE('',(#11879),#11897,.F.);
#11879 = FACE_BOUND('',#11880,.F.);
#11880 = EDGE_LOOP('',(#11881,#11889,#11895,#11896));
#11881 = ORIENTED_EDGE('',*,*,#11882,.T.);
#11882 = EDGE_CURVE('',#9780,#11883,#11885,.T.);
#11883 = VERTEX_POINT('',#11884);
#11884 = CARTESIAN_POINT('',(327.95,101.24999999999,0.5));
#11885 = LINE('',#11886,#11887);
#11886 = CARTESIAN_POINT('',(327.95,101.24999999999,-1.24E-14));
#11887 = VECTOR('',#11888,1.);
#11888 = DIRECTION('',(0.,1.2E-16,1.));
#11889 = ORIENTED_EDGE('',*,*,#11890,.T.);
#11890 = EDGE_CURVE('',#11883,#11858,#11891,.T.);
#11891 = LINE('',#11892,#11893);
#11892 = CARTESIAN_POINT('',(327.95,101.24999999999,0.5));
#11893 = VECTOR('',#11894,1.);
#11894 = DIRECTION('',(0.,-1.,0.));
#11895 = ORIENTED_EDGE('',*,*,#11857,.F.);
#11896 = ORIENTED_EDGE('',*,*,#9788,.F.);
#11897 = PLANE('',#11898);
#11898 = AXIS2_PLACEMENT_3D('',#11899,#11900,#11901);
#11899 = CARTESIAN_POINT('',(327.95,101.24999999999,-1.24E-14));
#11900 = DIRECTION('',(1.,0.,0.));
#11901 = DIRECTION('',(0.,-1.,1.2E-16));
#11902 = ADVANCED_FACE('',(#11903),#11922,.F.);
#11903 = FACE_BOUND('',#11904,.F.);
#11904 = EDGE_LOOP('',(#11905,#11913,#11920,#11921));
#11905 = ORIENTED_EDGE('',*,*,#11906,.T.);
#11906 = EDGE_CURVE('',#9772,#11907,#11909,.T.);
#11907 = VERTEX_POINT('',#11908);
#11908 = CARTESIAN_POINT('',(326.75,102.45,0.5));
#11909 = LINE('',#11910,#11911);
#11910 = CARTESIAN_POINT('',(326.75,102.45,-1.255E-14));
#11911 = VECTOR('',#11912,1.);
#11912 = DIRECTION('',(0.,1.2E-16,1.));
#11913 = ORIENTED_EDGE('',*,*,#11914,.T.);
#11914 = EDGE_CURVE('',#11907,#11883,#11915,.T.);
#11915 = CIRCLE('',#11916,1.2);
#11916 = AXIS2_PLACEMENT_3D('',#11917,#11918,#11919);
#11917 = CARTESIAN_POINT('',(326.75,101.25,0.5));
#11918 = DIRECTION('',(0.,0.,-1.));
#11919 = DIRECTION('',(1.,0.,0.));
#11920 = ORIENTED_EDGE('',*,*,#11882,.F.);
#11921 = ORIENTED_EDGE('',*,*,#9779,.F.);
#11922 = CYLINDRICAL_SURFACE('',#11923,1.2);
#11923 = AXIS2_PLACEMENT_3D('',#11924,#11925,#11926);
#11924 = CARTESIAN_POINT('',(326.75,101.25,-1.24E-14));
#11925 = DIRECTION('',(0.,-1.2E-16,-1.));
#11926 = DIRECTION('',(1.,0.,0.));
#11927 = ADVANCED_FACE('',(#11928),#11946,.F.);
#11928 = FACE_BOUND('',#11929,.F.);
#11929 = EDGE_LOOP('',(#11930,#11938,#11944,#11945));
#11930 = ORIENTED_EDGE('',*,*,#11931,.T.);
#11931 = EDGE_CURVE('',#9763,#11932,#11934,.T.);
#11932 = VERTEX_POINT('',#11933);
#11933 = CARTESIAN_POINT('',(309.15,102.45,0.5));
#11934 = LINE('',#11935,#11936);
#11935 = CARTESIAN_POINT('',(309.15,102.45,-1.255E-14));
#11936 = VECTOR('',#11937,1.);
#11937 = DIRECTION('',(0.,1.2E-16,1.));
#11938 = ORIENTED_EDGE('',*,*,#11939,.T.);
#11939 = EDGE_CURVE('',#11932,#11907,#11940,.T.);
#11940 = LINE('',#11941,#11942);
#11941 = CARTESIAN_POINT('',(309.15,102.45,0.5));
#11942 = VECTOR('',#11943,1.);
#11943 = DIRECTION('',(1.,0.,0.));
#11944 = ORIENTED_EDGE('',*,*,#11906,.F.);
#11945 = ORIENTED_EDGE('',*,*,#9771,.F.);
#11946 = PLANE('',#11947);
#11947 = AXIS2_PLACEMENT_3D('',#11948,#11949,#11950);
#11948 = CARTESIAN_POINT('',(309.15,102.45,-1.255E-14));
#11949 = DIRECTION('',(0.,1.,-1.2E-16));
#11950 = DIRECTION('',(1.,0.,0.));
#11951 = ADVANCED_FACE('',(#11952),#11971,.F.);
#11952 = FACE_BOUND('',#11953,.F.);
#11953 = EDGE_LOOP('',(#11954,#11962,#11969,#11970));
#11954 = ORIENTED_EDGE('',*,*,#11955,.T.);
#11955 = EDGE_CURVE('',#9755,#11956,#11958,.T.);
#11956 = VERTEX_POINT('',#11957);
#11957 = CARTESIAN_POINT('',(307.95,101.25,0.5));
#11958 = LINE('',#11959,#11960);
#11959 = CARTESIAN_POINT('',(307.95,101.25,-1.24E-14));
#11960 = VECTOR('',#11961,1.);
#11961 = DIRECTION('',(0.,1.2E-16,1.));
#11962 = ORIENTED_EDGE('',*,*,#11963,.T.);
#11963 = EDGE_CURVE('',#11956,#11932,#11964,.T.);
#11964 = CIRCLE('',#11965,1.2);
#11965 = AXIS2_PLACEMENT_3D('',#11966,#11967,#11968);
#11966 = CARTESIAN_POINT('',(309.15,101.25,0.5));
#11967 = DIRECTION('',(0.,0.,-1.));
#11968 = DIRECTION('',(1.,0.,0.));
#11969 = ORIENTED_EDGE('',*,*,#11931,.F.);
#11970 = ORIENTED_EDGE('',*,*,#9762,.F.);
#11971 = CYLINDRICAL_SURFACE('',#11972,1.2);
#11972 = AXIS2_PLACEMENT_3D('',#11973,#11974,#11975);
#11973 = CARTESIAN_POINT('',(309.15,101.25,-1.24E-14));
#11974 = DIRECTION('',(0.,-1.2E-16,-1.));
#11975 = DIRECTION('',(1.,0.,0.));
#11976 = ADVANCED_FACE('',(#11977),#11988,.F.);
#11977 = FACE_BOUND('',#11978,.F.);
#11978 = EDGE_LOOP('',(#11979,#11980,#11986,#11987));
#11979 = ORIENTED_EDGE('',*,*,#11818,.T.);
#11980 = ORIENTED_EDGE('',*,*,#11981,.T.);
#11981 = EDGE_CURVE('',#11810,#11956,#11982,.T.);
#11982 = LINE('',#11983,#11984);
#11983 = CARTESIAN_POINT('',(307.95,100.65,0.5));
#11984 = VECTOR('',#11985,1.);
#11985 = DIRECTION('',(0.,1.,0.));
#11986 = ORIENTED_EDGE('',*,*,#11955,.F.);
#11987 = ORIENTED_EDGE('',*,*,#9754,.F.);
#11988 = PLANE('',#11989);
#11989 = AXIS2_PLACEMENT_3D('',#11990,#11991,#11992);
#11990 = CARTESIAN_POINT('',(307.95,100.65,-1.233E-14));
#11991 = DIRECTION('',(-1.,0.,0.));
#11992 = DIRECTION('',(0.,1.,-1.2E-16));
#11993 = ADVANCED_FACE('',(#11994),#12000,.T.);
#11994 = FACE_BOUND('',#11995,.T.);
#11995 = EDGE_LOOP('',(#11996,#11997,#11998,#11999));
#11996 = ORIENTED_EDGE('',*,*,#9875,.T.);
#11997 = ORIENTED_EDGE('',*,*,#9844,.T.);
#11998 = ORIENTED_EDGE('',*,*,#9892,.T.);
#11999 = ORIENTED_EDGE('',*,*,#9916,.T.);
#12000 = PLANE('',#12001);
#12001 = AXIS2_PLACEMENT_3D('',#12002,#12003,#12004);
#12002 = CARTESIAN_POINT('',(183.875,105.05,7.5));
#12003 = DIRECTION('',(0.,1.,0.));
#12004 = DIRECTION('',(0.,0.,1.));
#12005 = ADVANCED_FACE('',(#12006),#12012,.T.);
#12006 = FACE_BOUND('',#12007,.T.);
#12007 = EDGE_LOOP('',(#12008,#12009,#12010,#12011));
#12008 = ORIENTED_EDGE('',*,*,#9971,.T.);
#12009 = ORIENTED_EDGE('',*,*,#9940,.T.);
#12010 = ORIENTED_EDGE('',*,*,#9988,.T.);
#12011 = ORIENTED_EDGE('',*,*,#10012,.T.);
#12012 = PLANE('',#12013);
#12013 = AXIS2_PLACEMENT_3D('',#12014,#12015,#12016);
#12014 = CARTESIAN_POINT('',(183.875,105.05,7.5));
#12015 = DIRECTION('',(0.,1.,0.));
#12016 = DIRECTION('',(0.,0.,1.));
#12017 = ADVANCED_FACE('',(#12018),#12024,.T.);
#12018 = FACE_BOUND('',#12019,.T.);
#12019 = EDGE_LOOP('',(#12020,#12021,#12022,#12023));
#12020 = ORIENTED_EDGE('',*,*,#10067,.T.);
#12021 = ORIENTED_EDGE('',*,*,#10036,.T.);
#12022 = ORIENTED_EDGE('',*,*,#10084,.T.);
#12023 = ORIENTED_EDGE('',*,*,#10108,.T.);
#12024 = PLANE('',#12025);
#12025 = AXIS2_PLACEMENT_3D('',#12026,#12027,#12028);
#12026 = CARTESIAN_POINT('',(183.875,105.05,7.5));
#12027 = DIRECTION('',(0.,1.,0.));
#12028 = DIRECTION('',(0.,0.,1.));
#12029 = ADVANCED_FACE('',(#12030),#12036,.T.);
#12030 = FACE_BOUND('',#12031,.T.);
#12031 = EDGE_LOOP('',(#12032,#12033,#12034,#12035));
#12032 = ORIENTED_EDGE('',*,*,#10163,.T.);
#12033 = ORIENTED_EDGE('',*,*,#10132,.T.);
#12034 = ORIENTED_EDGE('',*,*,#10180,.T.);
#12035 = ORIENTED_EDGE('',*,*,#10204,.T.);
#12036 = PLANE('',#12037);
#12037 = AXIS2_PLACEMENT_3D('',#12038,#12039,#12040);
#12038 = CARTESIAN_POINT('',(183.875,105.05,7.5));
#12039 = DIRECTION('',(0.,1.,0.));
#12040 = DIRECTION('',(0.,0.,1.));
#12041 = ADVANCED_FACE('',(#12042),#12045,.T.);
#12042 = FACE_BOUND('',#12043,.T.);
#12043 = EDGE_LOOP('',(#12044));
#12044 = ORIENTED_EDGE('',*,*,#10242,.T.);
#12045 = PLANE('',#12046);
#12046 = AXIS2_PLACEMENT_3D('',#12047,#12048,#12049);
#12047 = CARTESIAN_POINT('',(159.80602685249,55.247101014691,5.));
#12048 = DIRECTION('',(0.,0.,1.));
#12049 = DIRECTION('',(1.,0.,0.));
#12050 = ADVANCED_FACE('',(#12051),#12054,.T.);
#12051 = FACE_BOUND('',#12052,.T.);
#12052 = EDGE_LOOP('',(#12053));
#12053 = ORIENTED_EDGE('',*,*,#10279,.T.);
#12054 = PLANE('',#12055);
#12055 = AXIS2_PLACEMENT_3D('',#12056,#12057,#12058);
#12056 = CARTESIAN_POINT('',(159.81644223774,54.52100302538,5.));
#12057 = DIRECTION('',(0.,0.,1.));
#12058 = DIRECTION('',(1.,0.,0.));
#12059 = ADVANCED_FACE('',(#12060),#12079,.F.);
#12060 = FACE_BOUND('',#12061,.T.);
#12061 = EDGE_LOOP('',(#12062,#12070,#12071,#12072));
#12062 = ORIENTED_EDGE('',*,*,#12063,.T.);
#12063 = EDGE_CURVE('',#12064,#10298,#12066,.T.);
#12064 = VERTEX_POINT('',#12065);
#12065 = CARTESIAN_POINT('',(66.,25.25,5.));
#12066 = LINE('',#12067,#12068);
#12067 = CARTESIAN_POINT('',(66.,25.25,5.));
#12068 = VECTOR('',#12069,1.);
#12069 = DIRECTION('',(0.,0.,1.));
#12070 = ORIENTED_EDGE('',*,*,#10297,.T.);
#12071 = ORIENTED_EDGE('',*,*,#12063,.F.);
#12072 = ORIENTED_EDGE('',*,*,#12073,.F.);
#12073 = EDGE_CURVE('',#12064,#12064,#12074,.T.);
#12074 = CIRCLE('',#12075,1.5);
#12075 = AXIS2_PLACEMENT_3D('',#12076,#12077,#12078);
#12076 = CARTESIAN_POINT('',(64.5,25.25,5.));
#12077 = DIRECTION('',(0.,0.,1.));
#12078 = DIRECTION('',(1.,0.,0.));
#12079 = CYLINDRICAL_SURFACE('',#12080,1.5);
#12080 = AXIS2_PLACEMENT_3D('',#12081,#12082,#12083);
#12081 = CARTESIAN_POINT('',(64.5,25.25,5.));
#12082 = DIRECTION('',(-0.,-0.,-1.));
#12083 = DIRECTION('',(1.,0.,0.));
#12084 = ADVANCED_FACE('',(#12085),#12104,.F.);
#12085 = FACE_BOUND('',#12086,.T.);
#12086 = EDGE_LOOP('',(#12087,#12095,#12096,#12097));
#12087 = ORIENTED_EDGE('',*,*,#12088,.T.);
#12088 = EDGE_CURVE('',#12089,#10330,#12091,.T.);
#12089 = VERTEX_POINT('',#12090);
#12090 = CARTESIAN_POINT('',(304.75,25.25,5.));
#12091 = LINE('',#12092,#12093);
#12092 = CARTESIAN_POINT('',(304.75,25.25,5.));
#12093 = VECTOR('',#12094,1.);
#12094 = DIRECTION('',(0.,0.,1.));
#12095 = ORIENTED_EDGE('',*,*,#10329,.T.);
#12096 = ORIENTED_EDGE('',*,*,#12088,.F.);
#12097 = ORIENTED_EDGE('',*,*,#12098,.F.);
#12098 = EDGE_CURVE('',#12089,#12089,#12099,.T.);
#12099 = CIRCLE('',#12100,1.5);
#12100 = AXIS2_PLACEMENT_3D('',#12101,#12102,#12103);
#12101 = CARTESIAN_POINT('',(303.25,25.25,5.));
#12102 = DIRECTION('',(0.,0.,1.));
#12103 = DIRECTION('',(1.,0.,0.));
#12104 = CYLINDRICAL_SURFACE('',#12105,1.5);
#12105 = AXIS2_PLACEMENT_3D('',#12106,#12107,#12108);
#12106 = CARTESIAN_POINT('',(303.25,25.25,5.));
#12107 = DIRECTION('',(-0.,-0.,-1.));
#12108 = DIRECTION('',(1.,0.,0.));
#12109 = ADVANCED_FACE('',(#12110),#12129,.F.);
#12110 = FACE_BOUND('',#12111,.T.);
#12111 = EDGE_LOOP('',(#12112,#12120,#12121,#12122));
#12112 = ORIENTED_EDGE('',*,*,#12113,.T.);
#12113 = EDGE_CURVE('',#12114,#10350,#12116,.T.);
#12114 = VERTEX_POINT('',#12115);
#12115 = CARTESIAN_POINT('',(66.,82.,5.));
#12116 = LINE('',#12117,#12118);
#12117 = CARTESIAN_POINT('',(66.,82.,5.));
#12118 = VECTOR('',#12119,1.);
#12119 = DIRECTION('',(0.,0.,1.));
#12120 = ORIENTED_EDGE('',*,*,#10349,.T.);
#12121 = ORIENTED_EDGE('',*,*,#12113,.F.);
#12122 = ORIENTED_EDGE('',*,*,#12123,.F.);
#12123 = EDGE_CURVE('',#12114,#12114,#12124,.T.);
#12124 = CIRCLE('',#12125,1.5);
#12125 = AXIS2_PLACEMENT_3D('',#12126,#12127,#12128);
#12126 = CARTESIAN_POINT('',(64.5,82.,5.));
#12127 = DIRECTION('',(0.,0.,1.));
#12128 = DIRECTION('',(1.,0.,0.));
#12129 = CYLINDRICAL_SURFACE('',#12130,1.5);
#12130 = AXIS2_PLACEMENT_3D('',#12131,#12132,#12133);
#12131 = CARTESIAN_POINT('',(64.5,82.,5.));
#12132 = DIRECTION('',(-0.,-0.,-1.));
#12133 = DIRECTION('',(1.,0.,0.));
#12134 = ADVANCED_FACE('',(#12135),#12154,.F.);
#12135 = FACE_BOUND('',#12136,.T.);
#12136 = EDGE_LOOP('',(#12137,#12145,#12146,#12147));
#12137 = ORIENTED_EDGE('',*,*,#12138,.T.);
#12138 = EDGE_CURVE('',#12139,#10370,#12141,.T.);
#12139 = VERTEX_POINT('',#12140);
#12140 = CARTESIAN_POINT('',(185.375,64.,5.));
#12141 = LINE('',#12142,#12143);
#12142 = CARTESIAN_POINT('',(185.375,64.,5.));
#12143 = VECTOR('',#12144,1.);
#12144 = DIRECTION('',(0.,0.,1.));
#12145 = ORIENTED_EDGE('',*,*,#10369,.T.);
#12146 = ORIENTED_EDGE('',*,*,#12138,.F.);
#12147 = ORIENTED_EDGE('',*,*,#12148,.F.);
#12148 = EDGE_CURVE('',#12139,#12139,#12149,.T.);
#12149 = CIRCLE('',#12150,1.5);
#12150 = AXIS2_PLACEMENT_3D('',#12151,#12152,#12153);
#12151 = CARTESIAN_POINT('',(183.875,64.,5.));
#12152 = DIRECTION('',(0.,0.,1.));
#12153 = DIRECTION('',(1.,0.,0.));
#12154 = CYLINDRICAL_SURFACE('',#12155,1.5);
#12155 = AXIS2_PLACEMENT_3D('',#12156,#12157,#12158);
#12156 = CARTESIAN_POINT('',(183.875,64.,5.));
#12157 = DIRECTION('',(-0.,-0.,-1.));
#12158 = DIRECTION('',(1.,0.,0.));
#12159 = ADVANCED_FACE('',(#12160),#12179,.F.);
#12160 = FACE_BOUND('',#12161,.T.);
#12161 = EDGE_LOOP('',(#12162,#12170,#12171,#12172));
#12162 = ORIENTED_EDGE('',*,*,#12163,.T.);
#12163 = EDGE_CURVE('',#12164,#10390,#12166,.T.);
#12164 = VERTEX_POINT('',#12165);
#12165 = CARTESIAN_POINT('',(304.75,82.,5.));
#12166 = LINE('',#12167,#12168);
#12167 = CARTESIAN_POINT('',(304.75,82.,5.));
#12168 = VECTOR('',#12169,1.);
#12169 = DIRECTION('',(0.,0.,1.));
#12170 = ORIENTED_EDGE('',*,*,#10389,.T.);
#12171 = ORIENTED_EDGE('',*,*,#12163,.F.);
#12172 = ORIENTED_EDGE('',*,*,#12173,.F.);
#12173 = EDGE_CURVE('',#12164,#12164,#12174,.T.);
#12174 = CIRCLE('',#12175,1.5);
#12175 = AXIS2_PLACEMENT_3D('',#12176,#12177,#12178);
#12176 = CARTESIAN_POINT('',(303.25,82.,5.));
#12177 = DIRECTION('',(0.,0.,1.));
#12178 = DIRECTION('',(1.,0.,0.));
#12179 = CYLINDRICAL_SURFACE('',#12180,1.5);
#12180 = AXIS2_PLACEMENT_3D('',#12181,#12182,#12183);
#12181 = CARTESIAN_POINT('',(303.25,82.,5.));
#12182 = DIRECTION('',(-0.,-0.,-1.));
#12183 = DIRECTION('',(1.,0.,0.));
#12184 = ADVANCED_FACE('',(#12185),#12191,.F.);
#12185 = FACE_BOUND('',#12186,.F.);
#12186 = EDGE_LOOP('',(#12187,#12188,#12189,#12190));
#12187 = ORIENTED_EDGE('',*,*,#10680,.T.);
#12188 = ORIENTED_EDGE('',*,*,#10449,.T.);
#12189 = ORIENTED_EDGE('',*,*,#10924,.F.);
#12190 = ORIENTED_EDGE('',*,*,#10984,.F.);
#12191 = PLANE('',#12192);
#12192 = AXIS2_PLACEMENT_3D('',#12193,#12194,#12195);
#12193 = CARTESIAN_POINT('',(6.,0.,0.));
#12194 = DIRECTION('',(0.,1.,0.));
#12195 = DIRECTION('',(1.,0.,0.));
#12196 = ADVANCED_FACE('',(#12197),#12203,.F.);
#12197 = FACE_BOUND('',#12198,.T.);
#12198 = EDGE_LOOP('',(#12199,#12200,#12201,#12202));
#12199 = ORIENTED_EDGE('',*,*,#10711,.F.);
#12200 = ORIENTED_EDGE('',*,*,#10735,.T.);
#12201 = ORIENTED_EDGE('',*,*,#10785,.T.);
#12202 = ORIENTED_EDGE('',*,*,#10760,.F.);
#12203 = PLANE('',#12204);
#12204 = AXIS2_PLACEMENT_3D('',#12205,#12206,#12207);
#12205 = CARTESIAN_POINT('',(0.5,92.25,7.5));
#12206 = DIRECTION('',(1.,0.,0.));
#12207 = DIRECTION('',(0.,0.,1.));
#12208 = ADVANCED_FACE('',(#12209),#12212,.F.);
#12209 = FACE_BOUND('',#12210,.T.);
#12210 = EDGE_LOOP('',(#12211));
#12211 = ORIENTED_EDGE('',*,*,#10809,.T.);
#12212 = PLANE('',#12213);
#12213 = AXIS2_PLACEMENT_3D('',#12214,#12215,#12216);
#12214 = CARTESIAN_POINT('',(0.5,92.25,7.5));
#12215 = DIRECTION('',(1.,0.,0.));
#12216 = DIRECTION('',(0.,0.,1.));
#12217 = ADVANCED_FACE('',(#12218),#12224,.F.);
#12218 = FACE_BOUND('',#12219,.F.);
#12219 = EDGE_LOOP('',(#12220,#12221,#12222,#12223));
#12220 = ORIENTED_EDGE('',*,*,#10859,.F.);
#12221 = ORIENTED_EDGE('',*,*,#10834,.T.);
#12222 = ORIENTED_EDGE('',*,*,#10883,.T.);
#12223 = ORIENTED_EDGE('',*,*,#10907,.F.);
#12224 = PLANE('',#12225);
#12225 = AXIS2_PLACEMENT_3D('',#12226,#12227,#12228);
#12226 = CARTESIAN_POINT('',(0.5,92.25,7.5));
#12227 = DIRECTION('',(1.,0.,0.));
#12228 = DIRECTION('',(0.,0.,1.));
#12229 = ADVANCED_FACE('',(#12230),#12240,.F.);
#12230 = FACE_BOUND('',#12231,.T.);
#12231 = EDGE_LOOP('',(#12232,#12233,#12234,#12235,#12236,#12237,#12238,
    #12239));
#12232 = ORIENTED_EDGE('',*,*,#11197,.T.);
#12233 = ORIENTED_EDGE('',*,*,#11179,.T.);
#12234 = ORIENTED_EDGE('',*,*,#11155,.T.);
#12235 = ORIENTED_EDGE('',*,*,#11130,.T.);
#12236 = ORIENTED_EDGE('',*,*,#11106,.T.);
#12237 = ORIENTED_EDGE('',*,*,#11081,.T.);
#12238 = ORIENTED_EDGE('',*,*,#11057,.T.);
#12239 = ORIENTED_EDGE('',*,*,#11025,.T.);
#12240 = PLANE('',#12241);
#12241 = AXIS2_PLACEMENT_3D('',#12242,#12243,#12244);
#12242 = CARTESIAN_POINT('',(166.375,53.625,0.5));
#12243 = DIRECTION('',(0.,0.,1.));
#12244 = DIRECTION('',(1.,0.,0.));
#12245 = ADVANCED_FACE('',(#12246),#12256,.F.);
#12246 = FACE_BOUND('',#12247,.T.);
#12247 = EDGE_LOOP('',(#12248,#12249,#12250,#12251,#12252,#12253,#12254,
    #12255));
#12248 = ORIENTED_EDGE('',*,*,#11393,.T.);
#12249 = ORIENTED_EDGE('',*,*,#11375,.T.);
#12250 = ORIENTED_EDGE('',*,*,#11351,.T.);
#12251 = ORIENTED_EDGE('',*,*,#11326,.T.);
#12252 = ORIENTED_EDGE('',*,*,#11302,.T.);
#12253 = ORIENTED_EDGE('',*,*,#11277,.T.);
#12254 = ORIENTED_EDGE('',*,*,#11253,.T.);
#12255 = ORIENTED_EDGE('',*,*,#11221,.T.);
#12256 = PLANE('',#12257);
#12257 = AXIS2_PLACEMENT_3D('',#12258,#12259,#12260);
#12258 = CARTESIAN_POINT('',(166.375,53.625,0.5));
#12259 = DIRECTION('',(0.,0.,1.));
#12260 = DIRECTION('',(1.,0.,0.));
#12261 = ADVANCED_FACE('',(#12262),#12272,.F.);
#12262 = FACE_BOUND('',#12263,.T.);
#12263 = EDGE_LOOP('',(#12264,#12265,#12266,#12267,#12268,#12269,#12270,
    #12271));
#12264 = ORIENTED_EDGE('',*,*,#11589,.T.);
#12265 = ORIENTED_EDGE('',*,*,#11571,.T.);
#12266 = ORIENTED_EDGE('',*,*,#11547,.T.);
#12267 = ORIENTED_EDGE('',*,*,#11522,.T.);
#12268 = ORIENTED_EDGE('',*,*,#11498,.T.);
#12269 = ORIENTED_EDGE('',*,*,#11473,.T.);
#12270 = ORIENTED_EDGE('',*,*,#11449,.T.);
#12271 = ORIENTED_EDGE('',*,*,#11417,.T.);
#12272 = PLANE('',#12273);
#12273 = AXIS2_PLACEMENT_3D('',#12274,#12275,#12276);
#12274 = CARTESIAN_POINT('',(166.375,53.625,0.5));
#12275 = DIRECTION('',(0.,0.,1.));
#12276 = DIRECTION('',(1.,0.,0.));
#12277 = ADVANCED_FACE('',(#12278),#12288,.F.);
#12278 = FACE_BOUND('',#12279,.T.);
#12279 = EDGE_LOOP('',(#12280,#12281,#12282,#12283,#12284,#12285,#12286,
    #12287));
#12280 = ORIENTED_EDGE('',*,*,#11785,.T.);
#12281 = ORIENTED_EDGE('',*,*,#11767,.T.);
#12282 = ORIENTED_EDGE('',*,*,#11743,.T.);
#12283 = ORIENTED_EDGE('',*,*,#11718,.T.);
#12284 = ORIENTED_EDGE('',*,*,#11694,.T.);
#12285 = ORIENTED_EDGE('',*,*,#11669,.T.);
#12286 = ORIENTED_EDGE('',*,*,#11645,.T.);
#12287 = ORIENTED_EDGE('',*,*,#11613,.T.);
#12288 = PLANE('',#12289);
#12289 = AXIS2_PLACEMENT_3D('',#12290,#12291,#12292);
#12290 = CARTESIAN_POINT('',(166.375,53.625,0.5));
#12291 = DIRECTION('',(0.,0.,1.));
#12292 = DIRECTION('',(1.,0.,0.));
#12293 = ADVANCED_FACE('',(#12294),#12304,.F.);
#12294 = FACE_BOUND('',#12295,.T.);
#12295 = EDGE_LOOP('',(#12296,#12297,#12298,#12299,#12300,#12301,#12302,
    #12303));
#12296 = ORIENTED_EDGE('',*,*,#11981,.T.);
#12297 = ORIENTED_EDGE('',*,*,#11963,.T.);
#12298 = ORIENTED_EDGE('',*,*,#11939,.T.);
#12299 = ORIENTED_EDGE('',*,*,#11914,.T.);
#12300 = ORIENTED_EDGE('',*,*,#11890,.T.);
#12301 = ORIENTED_EDGE('',*,*,#11865,.T.);
#12302 = ORIENTED_EDGE('',*,*,#11841,.T.);
#12303 = ORIENTED_EDGE('',*,*,#11809,.T.);
#12304 = PLANE('',#12305);
#12305 = AXIS2_PLACEMENT_3D('',#12306,#12307,#12308);
#12306 = CARTESIAN_POINT('',(166.375,53.625,0.5));
#12307 = DIRECTION('',(0.,0.,1.));
#12308 = DIRECTION('',(1.,0.,0.));
#12309 = ADVANCED_FACE('',(#12310),#12313,.T.);
#12310 = FACE_BOUND('',#12311,.T.);
#12311 = EDGE_LOOP('',(#12312));
#12312 = ORIENTED_EDGE('',*,*,#12073,.T.);
#12313 = PLANE('',#12314);
#12314 = AXIS2_PLACEMENT_3D('',#12315,#12316,#12317);
#12315 = CARTESIAN_POINT('',(159.81644223774,54.52100302538,5.));
#12316 = DIRECTION('',(0.,0.,1.));
#12317 = DIRECTION('',(1.,0.,0.));
#12318 = ADVANCED_FACE('',(#12319),#12322,.T.);
#12319 = FACE_BOUND('',#12320,.T.);
#12320 = EDGE_LOOP('',(#12321));
#12321 = ORIENTED_EDGE('',*,*,#12098,.T.);
#12322 = PLANE('',#12323);
#12323 = AXIS2_PLACEMENT_3D('',#12324,#12325,#12326);
#12324 = CARTESIAN_POINT('',(159.81644223774,54.52100302538,5.));
#12325 = DIRECTION('',(0.,0.,1.));
#12326 = DIRECTION('',(1.,0.,0.));
#12327 = ADVANCED_FACE('',(#12328),#12331,.T.);
#12328 = FACE_BOUND('',#12329,.T.);
#12329 = EDGE_LOOP('',(#12330));
#12330 = ORIENTED_EDGE('',*,*,#12123,.T.);
#12331 = PLANE('',#12332);
#12332 = AXIS2_PLACEMENT_3D('',#12333,#12334,#12335);
#12333 = CARTESIAN_POINT('',(159.81644223774,54.52100302538,5.));
#12334 = DIRECTION('',(0.,0.,1.));
#12335 = DIRECTION('',(1.,0.,0.));
#12336 = ADVANCED_FACE('',(#12337),#12340,.T.);
#12337 = FACE_BOUND('',#12338,.T.);
#12338 = EDGE_LOOP('',(#12339));
#12339 = ORIENTED_EDGE('',*,*,#12148,.T.);
#12340 = PLANE('',#12341);
#12341 = AXIS2_PLACEMENT_3D('',#12342,#12343,#12344);
#12342 = CARTESIAN_POINT('',(159.81644223774,54.52100302538,5.));
#12343 = DIRECTION('',(0.,0.,1.));
#12344 = DIRECTION('',(1.,0.,0.));
#12345 = ADVANCED_FACE('',(#12346),#12349,.T.);
#12346 = FACE_BOUND('',#12347,.T.);
#12347 = EDGE_LOOP('',(#12348));
#12348 = ORIENTED_EDGE('',*,*,#12173,.T.);
#12349 = PLANE('',#12350);
#12350 = AXIS2_PLACEMENT_3D('',#12351,#12352,#12353);
#12351 = CARTESIAN_POINT('',(159.81644223774,54.52100302538,5.));
#12352 = DIRECTION('',(0.,0.,1.));
#12353 = DIRECTION('',(1.,0.,0.));
#12354 = ADVANCED_FACE('',(#12355),#12368,.T.);
#12355 = FACE_BOUND('',#12356,.T.);
#12356 = EDGE_LOOP('',(#12357,#12358,#12359,#12360,#12361,#12362));
#12357 = ORIENTED_EDGE('',*,*,#7322,.F.);
#12358 = ORIENTED_EDGE('',*,*,#3061,.T.);
#12359 = ORIENTED_EDGE('',*,*,#5241,.F.);
#12360 = ORIENTED_EDGE('',*,*,#8265,.F.);
#12361 = ORIENTED_EDGE('',*,*,#57,.F.);
#12362 = ORIENTED_EDGE('',*,*,#12363,.F.);
#12363 = EDGE_CURVE('',#7313,#50,#12364,.T.);
#12364 = LINE('',#12365,#12366);
#12365 = CARTESIAN_POINT('',(30.,97.25,5.));
#12366 = VECTOR('',#12367,1.);
#12367 = DIRECTION('',(0.,0.,1.));
#12368 = PLANE('',#12369);
#12369 = AXIS2_PLACEMENT_3D('',#12370,#12371,#12372);
#12370 = CARTESIAN_POINT('',(32.921052631579,97.25,10.778947368421));
#12371 = DIRECTION('',(-0.,-1.,-0.));
#12372 = DIRECTION('',(0.,0.,-1.));
#12373 = ADVANCED_FACE('',(#12374),#12386,.T.);
#12374 = FACE_BOUND('',#12375,.T.);
#12375 = EDGE_LOOP('',(#12376,#12377,#12378,#12379,#12380,#12381,#12382,
    #12383,#12384,#12385));
#12376 = ORIENTED_EDGE('',*,*,#1518,.F.);
#12377 = ORIENTED_EDGE('',*,*,#1462,.T.);
#12378 = ORIENTED_EDGE('',*,*,#1377,.F.);
#12379 = ORIENTED_EDGE('',*,*,#627,.T.);
#12380 = ORIENTED_EDGE('',*,*,#2900,.T.);
#12381 = ORIENTED_EDGE('',*,*,#7312,.F.);
#12382 = ORIENTED_EDGE('',*,*,#12363,.T.);
#12383 = ORIENTED_EDGE('',*,*,#49,.F.);
#12384 = ORIENTED_EDGE('',*,*,#88,.T.);
#12385 = ORIENTED_EDGE('',*,*,#5256,.F.);
#12386 = PLANE('',#12387);
#12387 = AXIS2_PLACEMENT_3D('',#12388,#12389,#12390);
#12388 = CARTESIAN_POINT('',(30.,99.592439293598,8.580794701987));
#12389 = DIRECTION('',(-1.,-0.,-4.8E-16));
#12390 = DIRECTION('',(4.8E-16,0.,-1.));
#12391 = ADVANCED_FACE('',(#12392),#12413,.F.);
#12392 = FACE_BOUND('',#12393,.T.);
#12393 = EDGE_LOOP('',(#12394,#12395,#12402,#12409,#12410,#12411,#12412)
  );
#12394 = ORIENTED_EDGE('',*,*,#73,.T.);
#12395 = ORIENTED_EDGE('',*,*,#12396,.T.);
#12396 = EDGE_CURVE('',#66,#12397,#12399,.T.);
#12397 = VERTEX_POINT('',#12398);
#12398 = CARTESIAN_POINT('',(34.,99.75,5.));
#12399 = B_SPLINE_CURVE_WITH_KNOTS('',1,(#12400,#12401),.UNSPECIFIED.,
  .F.,.F.,(2,2),(-8.9E-16,7.),.PIECEWISE_BEZIER_KNOTS.);
#12400 = CARTESIAN_POINT('',(34.,99.75,12.));
#12401 = CARTESIAN_POINT('',(34.,99.75,5.));
#12402 = ORIENTED_EDGE('',*,*,#12403,.F.);
#12403 = EDGE_CURVE('',#12397,#12397,#12404,.T.);
#12404 = CIRCLE('',#12405,1.5);
#12405 = AXIS2_PLACEMENT_3D('',#12406,#12407,#12408);
#12406 = CARTESIAN_POINT('',(32.5,99.75,5.));
#12407 = DIRECTION('',(0.,0.,1.));
#12408 = DIRECTION('',(1.,0.,-0.));
#12409 = ORIENTED_EDGE('',*,*,#12396,.F.);
#12410 = ORIENTED_EDGE('',*,*,#8258,.T.);
#12411 = ORIENTED_EDGE('',*,*,#5263,.T.);
#12412 = ORIENTED_EDGE('',*,*,#104,.F.);
#12413 = CYLINDRICAL_SURFACE('',#12414,1.5);
#12414 = AXIS2_PLACEMENT_3D('',#12415,#12416,#12417);
#12415 = CARTESIAN_POINT('',(32.5,99.75,12.));
#12416 = DIRECTION('',(-0.,-0.,-1.));
#12417 = DIRECTION('',(1.,0.,0.));
#12418 = ADVANCED_FACE('',(#12419),#12422,.T.);
#12419 = FACE_BOUND('',#12420,.T.);
#12420 = EDGE_LOOP('',(#12421));
#12421 = ORIENTED_EDGE('',*,*,#12403,.T.);
#12422 = PLANE('',#12423);
#12423 = AXIS2_PLACEMENT_3D('',#12424,#12425,#12426);
#12424 = CARTESIAN_POINT('',(159.81644223774,54.52100302538,5.));
#12425 = DIRECTION('',(0.,0.,1.));
#12426 = DIRECTION('',(1.,0.,0.));
#12427 = ( GEOMETRIC_REPRESENTATION_CONTEXT(3) 
GLOBAL_UNCERTAINTY_ASSIGNED_CONTEXT((#12431)) 
GLOBAL_UNIT_ASSIGNED_CONTEXT((#12428,#12429,#12430)) 
REPRESENTATION_CONTEXT('Context #1',
  '3D Context with UNIT and UNCERTAINTY') );
#12428 = ( LENGTH_UNIT() NAMED_UNIT(*) SI_UNIT(.MILLI.,.METRE.) );
#12429 = ( NAMED_UNIT(*) PLANE_ANGLE_UNIT() SI_UNIT($,.RADIAN.) );
#12430 = ( NAMED_UNIT(*) SI_UNIT($,.STERADIAN.) SOLID_ANGLE_UNIT() );
#12431 = UNCERTAINTY_MEASURE_WITH_UNIT(LENGTH_MEASURE(2.E-05),#12428,
  'distance_accuracy_value','confusion accuracy');
#12432 = CONTEXT_DEPENDENT_SHAPE_REPRESENTATION(#12433,#12435);
#12433 = ( REPRESENTATION_RELATIONSHIP('','',#32,#10) 
REPRESENTATION_RELATIONSHIP_WITH_TRANSFORMATION(#12434) 
SHAPE_REPRESENTATION_RELATIONSHIP() );
#12434 = ITEM_DEFINED_TRANSFORMATION('','',#11,#15);
#12435 = PRODUCT_DEFINITION_SHAPE('Placement','Placement of an item',
  #12436);
#12436 = NEXT_ASSEMBLY_USAGE_OCCURRENCE('1','Enclosure','',#5,#27,$);
#12437 = PRODUCT_RELATED_PRODUCT_CATEGORY('part',$,(#29));
#12438 = MECHANICAL_DESIGN_GEOMETRIC_PRESENTATION_REPRESENTATION('',(
    #12439),#12427);
#12439 = STYLED_ITEM('color',(#12440),#33);
#12440 = PRESENTATION_STYLE_ASSIGNMENT((#12441,#12447));
#12441 = SURFACE_STYLE_USAGE(.BOTH.,#12442);
#12442 = SURFACE_SIDE_STYLE('',(#12443));
#12443 = SURFACE_STYLE_FILL_AREA(#12444);
#12444 = FILL_AREA_STYLE('',(#12445));
#12445 = FILL_AREA_STYLE_COLOUR('',#12446);
#12446 = COLOUR_RGB('',0.172549024526,0.172549024526,0.196078429142);
#12447 = CURVE_STYLE('',#12448,POSITIVE_LENGTH_MEASURE(0.1),#12449);
#12448 = DRAUGHTING_PRE_DEFINED_CURVE_FONT('continuous');
#12449 = COLOUR_RGB('',9.803921802644E-02,9.803921802644E-02,
  9.803921802644E-02);
ENDSEC;
END-ISO-10303-21;
