ISO-10303-21;
HEADER;
FILE_DESCRIPTION(('FreeCAD Model'),'2;1');
FILE_NAME('Open CASCADE Shape Model','2026-06-19T00:04:51',(''),(''),
  'Open CASCADE STEP processor 7.9','FreeCAD','Unknown');
FILE_SCHEMA(('AUTOMOTIVE_DESIGN { 1 0 10303 214 1 1 1 1 }'));
ENDSEC;
DATA;
#1 = APPLICATION_PROTOCOL_DEFINITION('international standard',
  'automotive_design',2000,#2);
#2 = APPLICATION_CONTEXT(
  'core data for automotive mechanical design processes');
#3 = SHAPE_DEFINITION_REPRESENTATION(#4,#10);
#4 = PRODUCT_DEFINITION_SHAPE('','',#5);
#5 = PRODUCT_DEFINITION('design','',#6,#9);
#6 = PRODUCT_DEFINITION_FORMATION('','',#7);
#7 = PRODUCT('Plate','Plate','',(#8));
#8 = PRODUCT_CONTEXT('',#2,'mechanical');
#9 = PRODUCT_DEFINITION_CONTEXT('part definition',#2,'design');
#10 = SHAPE_REPRESENTATION('',(#11,#15),#19);
#11 = AXIS2_PLACEMENT_3D('',#12,#13,#14);
#12 = CARTESIAN_POINT('',(0.,0.,0.));
#13 = DIRECTION('',(0.,0.,1.));
#14 = DIRECTION('',(1.,0.,-0.));
#15 = AXIS2_PLACEMENT_3D('',#16,#17,#18);
#16 = CARTESIAN_POINT('',(0.,0.,10.5));
#17 = DIRECTION('',(0.,0.,1.));
#18 = DIRECTION('',(1.,0.,0.));
#19 = ( GEOMETRIC_REPRESENTATION_CONTEXT(3) 
GLOBAL_UNCERTAINTY_ASSIGNED_CONTEXT((#23)) GLOBAL_UNIT_ASSIGNED_CONTEXT(
(#20,#21,#22)) REPRESENTATION_CONTEXT('Context #1',
  '3D Context with UNIT and UNCERTAINTY') );
#20 = ( LENGTH_UNIT() NAMED_UNIT(*) SI_UNIT(.MILLI.,.METRE.) );
#21 = ( NAMED_UNIT(*) PLANE_ANGLE_UNIT() SI_UNIT($,.RADIAN.) );
#22 = ( NAMED_UNIT(*) SI_UNIT($,.STERADIAN.) SOLID_ANGLE_UNIT() );
#23 = UNCERTAINTY_MEASURE_WITH_UNIT(LENGTH_MEASURE(2.E-06),#20,
  'distance_accuracy_value','confusion accuracy');
#24 = PRODUCT_RELATED_PRODUCT_CATEGORY('part',$,(#7));
#25 = SHAPE_DEFINITION_REPRESENTATION(#26,#32);
#26 = PRODUCT_DEFINITION_SHAPE('','',#27);
#27 = PRODUCT_DEFINITION('design','',#28,#31);
#28 = PRODUCT_DEFINITION_FORMATION('','',#29);
#29 = PRODUCT('PlateBody','PlateBody','',(#30));
#30 = PRODUCT_CONTEXT('',#2,'mechanical');
#31 = PRODUCT_DEFINITION_CONTEXT('part definition',#2,'design');
#32 = ADVANCED_BREP_SHAPE_REPRESENTATION('',(#11,#33),#17463);
#33 = MANIFOLD_SOLID_BREP('',#34);
#34 = CLOSED_SHELL('',(#35,#4347,#4378,#4403,#4428,#4452,#4476,#4501,
    #4526,#4543,#4568,#4599,#4623,#4647,#4664,#4695,#4719,#4743,#4760,
    #4785,#4816,#4840,#4864,#4888,#4912,#4936,#4960,#4984,#5008,#5032,
    #5056,#5080,#5104,#5128,#5152,#5176,#5200,#5224,#5248,#5272,#5296,
    #5320,#5344,#5368,#5392,#5416,#5440,#5464,#5488,#5512,#5536,#5560,
    #5584,#5608,#5632,#5649,#5680,#5704,#5728,#5745,#5776,#5800,#5824,
    #5841,#5872,#5896,#5920,#5937,#5968,#5992,#6016,#6033,#6064,#6088,
    #6112,#6129,#6160,#6184,#6208,#6225,#6256,#6280,#6304,#6321,#6352,
    #6376,#6400,#6417,#6448,#6472,#6496,#6513,#6544,#6568,#6592,#6609,
    #6640,#6664,#6688,#6705,#6736,#6760,#6784,#6801,#6832,#6856,#6880,
    #6904,#6928,#6952,#6976,#7000,#7024,#7048,#7072,#7096,#7120,#7144,
    #7168,#7192,#7216,#7240,#7264,#7288,#7312,#7336,#7360,#7384,#7408,
    #7432,#7456,#7480,#7504,#7528,#7552,#7576,#7600,#7624,#7648,#7665,
    #7696,#7720,#7744,#7761,#7792,#7816,#7840,#7857,#7888,#7912,#7936,
    #7953,#7984,#8008,#8032,#8049,#8080,#8104,#8128,#8145,#8176,#8200,
    #8224,#8241,#8272,#8296,#8320,#8337,#8368,#8392,#8416,#8433,#8464,
    #8488,#8512,#8529,#8560,#8584,#8608,#8625,#8656,#8680,#8704,#8721,
    #8752,#8776,#8800,#8824,#8848,#8872,#8896,#8920,#8944,#8968,#8992,
    #9016,#9040,#9064,#9088,#9112,#9136,#9160,#9184,#9208,#9232,#9256,
    #9280,#9304,#9328,#9352,#9376,#9400,#9424,#9448,#9472,#9496,#9520,
    #9544,#9568,#9585,#9610,#9641,#9665,#9689,#9706,#9731,#9762,#9786,
    #9810,#9827,#9858,#9882,#9906,#9923,#9954,#9978,#10002,#10019,#10050
    ,#10074,#10098,#10115,#10146,#10170,#10194,#10211,#10242,#10266,
    #10290,#10307,#10338,#10362,#10386,#10410,#10434,#10458,#10482,
    #10506,#10530,#10554,#10578,#10602,#10626,#10650,#10674,#10698,
    #10722,#10746,#10770,#10794,#10818,#10842,#10866,#10890,#10914,
    #10938,#10962,#10986,#11010,#11034,#11058,#11082,#11106,#11130,
    #11154,#11171,#11202,#11226,#11250,#11267,#11298,#11322,#11346,
    #11363,#11395,#11419,#11444,#11461,#11493,#11517,#11542,#11559,
    #11591,#11615,#11640,#11657,#11688,#11712,#11736,#11753,#11784,
    #11808,#11832,#11849,#11880,#11904,#11928,#11945,#11976,#12000,
    #12024,#12041,#12072,#12096,#12120,#12137,#12168,#12192,#12216,
    #12233,#12264,#12288,#12312,#12329,#12360,#12384,#12408,#12425,
    #12456,#12480,#12504,#12521,#12552,#12576,#12600,#12617,#12648,
    #12672,#12696,#12713,#12738,#12763,#12795,#12819,#12843,#12861,
    #12892,#12916,#12940,#12957,#12988,#13012,#13036,#13053,#13084,
    #13108,#13132,#13149,#13180,#13204,#13228,#13245,#13276,#13300,
    #13324,#13341,#13372,#13396,#13420,#13437,#13468,#13492,#13516,
    #13533,#13564,#13588,#13612,#13629,#13660,#13684,#13708,#13725,
    #13756,#13780,#13804,#13821,#13852,#13876,#13900,#13917,#13948,
    #13972,#13996,#14013,#14044,#14068,#14092,#14109,#14140,#14164,
    #14188,#14205,#14236,#14260,#14284,#14301,#14332,#14356,#14380,
    #14397,#14428,#14452,#14476,#14493,#14524,#14548,#14572,#14589,
    #14620,#14644,#14668,#14685,#14716,#14740,#14764,#14781,#14813,
    #14837,#14861,#14879,#14910,#14934,#14958,#14982,#15006,#15030,
    #15054,#15078,#15102,#15126,#15150,#15174,#15198,#15222,#15246,
    #15270,#15294,#15318,#15342,#15366,#15390,#15414,#15438,#15462,
    #15486,#15510,#15534,#15558,#15582,#15606,#15630,#15654,#15678,
    #15702,#15726,#15743,#15775,#15799,#15823,#15841,#15872,#15896,
    #15920,#15937,#15968,#15992,#16016,#16033,#16064,#16088,#16112,
    #16129,#16160,#16184,#16208,#16225,#16250,#16275,#16306,#16330,
    #16354,#16371,#16402,#16426,#16450,#16467,#16498,#16522,#16546,
    #16563,#16594,#16618,#16642,#16659,#17395,#17412,#17429,#17446));
#35 = ADVANCED_FACE('',(#36,#106,#117,#151,#185,#196,#486,#520,#554,#588
    ,#622,#656,#690,#724,#758,#792,#826,#860,#894,#1184,#1218,#1252,
    #1286,#1320,#1354,#1388,#1422,#1456,#1490,#1524,#1558,#1848,#1859,
    #1893,#1904,#1938,#1972,#2006,#2040,#2074,#2108,#2398,#2432,#2466,
    #2502,#2538,#2574,#2608,#2642,#2676,#2710,#2744,#2778,#2812,#2846,
    #2880,#2914,#2948,#2959,#2970,#3006,#3040,#3074,#3108,#3142,#3176,
    #3210,#3244,#3278,#3312,#3346,#3380,#3414,#3448,#3482,#3516,#3550,
    #3584,#3618,#3652,#3686,#3722,#4012,#4048,#4082,#4116,#4150,#4184,
    #4195,#4206,#4240,#4274,#4308),#4342,.F.);
#36 = FACE_BOUND('',#37,.F.);
#37 = EDGE_LOOP('',(#38,#48,#57,#65,#74,#82,#91,#99));
#38 = ORIENTED_EDGE('',*,*,#39,.T.);
#39 = EDGE_CURVE('',#40,#42,#44,.T.);
#40 = VERTEX_POINT('',#41);
#41 = CARTESIAN_POINT('',(5.,123.3,0.));
#42 = VERTEX_POINT('',#43);
#43 = CARTESIAN_POINT('',(5.,6.,0.));
#44 = LINE('',#45,#46);
#45 = CARTESIAN_POINT('',(5.,123.3,0.));
#46 = VECTOR('',#47,1.);
#47 = DIRECTION('',(0.,-1.,0.));
#48 = ORIENTED_EDGE('',*,*,#49,.T.);
#49 = EDGE_CURVE('',#42,#50,#52,.T.);
#50 = VERTEX_POINT('',#51);
#51 = CARTESIAN_POINT('',(6.,5.,0.));
#52 = CIRCLE('',#53,1.);
#53 = AXIS2_PLACEMENT_3D('',#54,#55,#56);
#54 = CARTESIAN_POINT('',(6.,6.,0.));
#55 = DIRECTION('',(0.,0.,1.));
#56 = DIRECTION('',(1.,0.,0.));
#57 = ORIENTED_EDGE('',*,*,#58,.T.);
#58 = EDGE_CURVE('',#50,#59,#61,.T.);
#59 = VERTEX_POINT('',#60);
#60 = CARTESIAN_POINT('',(353.8,5.,0.));
#61 = LINE('',#62,#63);
#62 = CARTESIAN_POINT('',(6.,5.,0.));
#63 = VECTOR('',#64,1.);
#64 = DIRECTION('',(1.,0.,0.));
#65 = ORIENTED_EDGE('',*,*,#66,.T.);
#66 = EDGE_CURVE('',#59,#67,#69,.T.);
#67 = VERTEX_POINT('',#68);
#68 = CARTESIAN_POINT('',(354.8,6.,0.));
#69 = CIRCLE('',#70,1.);
#70 = AXIS2_PLACEMENT_3D('',#71,#72,#73);
#71 = CARTESIAN_POINT('',(353.8,6.,0.));
#72 = DIRECTION('',(0.,0.,1.));
#73 = DIRECTION('',(1.,0.,0.));
#74 = ORIENTED_EDGE('',*,*,#75,.T.);
#75 = EDGE_CURVE('',#67,#76,#78,.T.);
#76 = VERTEX_POINT('',#77);
#77 = CARTESIAN_POINT('',(354.8,123.3,0.));
#78 = LINE('',#79,#80);
#79 = CARTESIAN_POINT('',(354.8,6.,0.));
#80 = VECTOR('',#81,1.);
#81 = DIRECTION('',(0.,1.,0.));
#82 = ORIENTED_EDGE('',*,*,#83,.T.);
#83 = EDGE_CURVE('',#76,#84,#86,.T.);
#84 = VERTEX_POINT('',#85);
#85 = CARTESIAN_POINT('',(353.8,124.3,0.));
#86 = CIRCLE('',#87,1.);
#87 = AXIS2_PLACEMENT_3D('',#88,#89,#90);
#88 = CARTESIAN_POINT('',(353.8,123.3,0.));
#89 = DIRECTION('',(0.,0.,1.));
#90 = DIRECTION('',(1.,0.,0.));
#91 = ORIENTED_EDGE('',*,*,#92,.T.);
#92 = EDGE_CURVE('',#84,#93,#95,.T.);
#93 = VERTEX_POINT('',#94);
#94 = CARTESIAN_POINT('',(6.,124.3,0.));
#95 = LINE('',#96,#97);
#96 = CARTESIAN_POINT('',(353.8,124.3,0.));
#97 = VECTOR('',#98,1.);
#98 = DIRECTION('',(-1.,0.,0.));
#99 = ORIENTED_EDGE('',*,*,#100,.T.);
#100 = EDGE_CURVE('',#93,#40,#101,.T.);
#101 = CIRCLE('',#102,1.);
#102 = AXIS2_PLACEMENT_3D('',#103,#104,#105);
#103 = CARTESIAN_POINT('',(6.,123.3,0.));
#104 = DIRECTION('',(0.,0.,1.));
#105 = DIRECTION('',(1.,0.,0.));
#106 = FACE_BOUND('',#107,.F.);
#107 = EDGE_LOOP('',(#108));
#108 = ORIENTED_EDGE('',*,*,#109,.F.);
#109 = EDGE_CURVE('',#110,#110,#112,.T.);
#110 = VERTEX_POINT('',#111);
#111 = CARTESIAN_POINT('',(9.1,8.,0.));
#112 = CIRCLE('',#113,1.1);
#113 = AXIS2_PLACEMENT_3D('',#114,#115,#116);
#114 = CARTESIAN_POINT('',(8.,8.,0.));
#115 = DIRECTION('',(0.,0.,1.));
#116 = DIRECTION('',(1.,0.,0.));
#117 = FACE_BOUND('',#118,.F.);
#118 = EDGE_LOOP('',(#119,#129,#137,#145));
#119 = ORIENTED_EDGE('',*,*,#120,.F.);
#120 = EDGE_CURVE('',#121,#123,#125,.T.);
#121 = VERTEX_POINT('',#122);
#122 = CARTESIAN_POINT('',(54.90625,21.525,0.));
#123 = VERTEX_POINT('',#124);
#124 = CARTESIAN_POINT('',(54.90625,7.525,0.));
#125 = LINE('',#126,#127);
#126 = CARTESIAN_POINT('',(54.90625,21.525,0.));
#127 = VECTOR('',#128,1.);
#128 = DIRECTION('',(0.,-1.,0.));
#129 = ORIENTED_EDGE('',*,*,#130,.F.);
#130 = EDGE_CURVE('',#131,#121,#133,.T.);
#131 = VERTEX_POINT('',#132);
#132 = CARTESIAN_POINT('',(68.90625,21.525,0.));
#133 = LINE('',#134,#135);
#134 = CARTESIAN_POINT('',(68.90625,21.525,0.));
#135 = VECTOR('',#136,1.);
#136 = DIRECTION('',(-1.,0.,0.));
#137 = ORIENTED_EDGE('',*,*,#138,.F.);
#138 = EDGE_CURVE('',#139,#131,#141,.T.);
#139 = VERTEX_POINT('',#140);
#140 = CARTESIAN_POINT('',(68.90625,7.525,0.));
#141 = LINE('',#142,#143);
#142 = CARTESIAN_POINT('',(68.90625,7.525,0.));
#143 = VECTOR('',#144,1.);
#144 = DIRECTION('',(0.,1.,0.));
#145 = ORIENTED_EDGE('',*,*,#146,.F.);
#146 = EDGE_CURVE('',#123,#139,#147,.T.);
#147 = LINE('',#148,#149);
#148 = CARTESIAN_POINT('',(54.90625,7.525,0.));
#149 = VECTOR('',#150,1.);
#150 = DIRECTION('',(1.,0.,0.));
#151 = FACE_BOUND('',#152,.F.);
#152 = EDGE_LOOP('',(#153,#163,#171,#179));
#153 = ORIENTED_EDGE('',*,*,#154,.F.);
#154 = EDGE_CURVE('',#155,#157,#159,.T.);
#155 = VERTEX_POINT('',#156);
#156 = CARTESIAN_POINT('',(78.71875,21.525,0.));
#157 = VERTEX_POINT('',#158);
#158 = CARTESIAN_POINT('',(78.71875,7.525,0.));
#159 = LINE('',#160,#161);
#160 = CARTESIAN_POINT('',(78.71875,21.525,0.));
#161 = VECTOR('',#162,1.);
#162 = DIRECTION('',(0.,-1.,0.));
#163 = ORIENTED_EDGE('',*,*,#164,.F.);
#164 = EDGE_CURVE('',#165,#155,#167,.T.);
#165 = VERTEX_POINT('',#166);
#166 = CARTESIAN_POINT('',(92.71875,21.525,0.));
#167 = LINE('',#168,#169);
#168 = CARTESIAN_POINT('',(92.71875,21.525,0.));
#169 = VECTOR('',#170,1.);
#170 = DIRECTION('',(-1.,0.,0.));
#171 = ORIENTED_EDGE('',*,*,#172,.F.);
#172 = EDGE_CURVE('',#173,#165,#175,.T.);
#173 = VERTEX_POINT('',#174);
#174 = CARTESIAN_POINT('',(92.71875,7.525,0.));
#175 = LINE('',#176,#177);
#176 = CARTESIAN_POINT('',(92.71875,7.525,0.));
#177 = VECTOR('',#178,1.);
#178 = DIRECTION('',(0.,1.,0.));
#179 = ORIENTED_EDGE('',*,*,#180,.F.);
#180 = EDGE_CURVE('',#157,#173,#181,.T.);
#181 = LINE('',#182,#183);
#182 = CARTESIAN_POINT('',(78.71875,7.525,0.));
#183 = VECTOR('',#184,1.);
#184 = DIRECTION('',(1.,0.,0.));
#185 = FACE_BOUND('',#186,.F.);
#186 = EDGE_LOOP('',(#187));
#187 = ORIENTED_EDGE('',*,*,#188,.F.);
#188 = EDGE_CURVE('',#189,#189,#191,.T.);
#189 = VERTEX_POINT('',#190);
#190 = CARTESIAN_POINT('',(49.4,26.55,-2.E-15));
#191 = CIRCLE('',#192,1.9);
#192 = AXIS2_PLACEMENT_3D('',#193,#194,#195);
#193 = CARTESIAN_POINT('',(47.5,26.55,0.));
#194 = DIRECTION('',(0.,-0.,1.));
#195 = DIRECTION('',(1.,3.23E-15,0.));
#196 = FACE_BOUND('',#197,.F.);
#197 = EDGE_LOOP('',(#198,#208,#216,#224,#232,#240,#248,#256,#264,#272,
    #280,#288,#296,#304,#312,#320,#328,#336,#344,#352,#360,#368,#376,
    #384,#392,#400,#408,#416,#424,#432,#440,#448,#456,#464,#472,#480));
#198 = ORIENTED_EDGE('',*,*,#199,.F.);
#199 = EDGE_CURVE('',#200,#202,#204,.T.);
#200 = VERTEX_POINT('',#201);
#201 = CARTESIAN_POINT('',(62.05,40.575,0.));
#202 = VERTEX_POINT('',#203);
#203 = CARTESIAN_POINT('',(62.05,35.875,0.));
#204 = LINE('',#205,#206);
#205 = CARTESIAN_POINT('',(62.05,40.575,0.));
#206 = VECTOR('',#207,1.);
#207 = DIRECTION('',(0.,-1.,0.));
#208 = ORIENTED_EDGE('',*,*,#209,.T.);
#209 = EDGE_CURVE('',#200,#210,#212,.T.);
#210 = VERTEX_POINT('',#211);
#211 = CARTESIAN_POINT('',(76.05,40.575,0.));
#212 = LINE('',#213,#214);
#213 = CARTESIAN_POINT('',(62.05,40.575,0.));
#214 = VECTOR('',#215,1.);
#215 = DIRECTION('',(1.,0.,0.));
#216 = ORIENTED_EDGE('',*,*,#217,.T.);
#217 = EDGE_CURVE('',#210,#218,#220,.T.);
#218 = VERTEX_POINT('',#219);
#219 = CARTESIAN_POINT('',(76.05,35.875,0.));
#220 = LINE('',#221,#222);
#221 = CARTESIAN_POINT('',(76.05,40.575,0.));
#222 = VECTOR('',#223,1.);
#223 = DIRECTION('',(0.,-1.,0.));
#224 = ORIENTED_EDGE('',*,*,#225,.T.);
#225 = EDGE_CURVE('',#218,#226,#228,.T.);
#226 = VERTEX_POINT('',#227);
#227 = CARTESIAN_POINT('',(77.575,35.875,0.));
#228 = LINE('',#229,#230);
#229 = CARTESIAN_POINT('',(76.05,35.875,0.));
#230 = VECTOR('',#231,1.);
#231 = DIRECTION('',(1.,0.,0.));
#232 = ORIENTED_EDGE('',*,*,#233,.T.);
#233 = EDGE_CURVE('',#226,#234,#236,.T.);
#234 = VERTEX_POINT('',#235);
#235 = CARTESIAN_POINT('',(77.575,39.105,0.));
#236 = LINE('',#237,#238);
#237 = CARTESIAN_POINT('',(77.575,35.875,0.));
#238 = VECTOR('',#239,1.);
#239 = DIRECTION('',(0.,1.,0.));
#240 = ORIENTED_EDGE('',*,*,#241,.T.);
#241 = EDGE_CURVE('',#234,#242,#244,.T.);
#242 = VERTEX_POINT('',#243);
#243 = CARTESIAN_POINT('',(84.325,39.105,0.));
#244 = LINE('',#245,#246);
#245 = CARTESIAN_POINT('',(77.575,39.105,0.));
#246 = VECTOR('',#247,1.);
#247 = DIRECTION('',(1.,0.,0.));
#248 = ORIENTED_EDGE('',*,*,#249,.T.);
#249 = EDGE_CURVE('',#242,#250,#252,.T.);
#250 = VERTEX_POINT('',#251);
#251 = CARTESIAN_POINT('',(84.325,35.875,0.));
#252 = LINE('',#253,#254);
#253 = CARTESIAN_POINT('',(84.325,39.105,0.));
#254 = VECTOR('',#255,1.);
#255 = DIRECTION('',(0.,-1.,0.));
#256 = ORIENTED_EDGE('',*,*,#257,.T.);
#257 = EDGE_CURVE('',#250,#258,#260,.T.);
#258 = VERTEX_POINT('',#259);
#259 = CARTESIAN_POINT('',(85.15,35.875,0.));
#260 = LINE('',#261,#262);
#261 = CARTESIAN_POINT('',(84.325,35.875,0.));
#262 = VECTOR('',#263,1.);
#263 = DIRECTION('',(1.,0.,0.));
#264 = ORIENTED_EDGE('',*,*,#265,.T.);
#265 = EDGE_CURVE('',#258,#266,#268,.T.);
#266 = VERTEX_POINT('',#267);
#267 = CARTESIAN_POINT('',(85.15,33.075,0.));
#268 = LINE('',#269,#270);
#269 = CARTESIAN_POINT('',(85.15,35.875,0.));
#270 = VECTOR('',#271,1.);
#271 = DIRECTION('',(0.,-1.,0.));
#272 = ORIENTED_EDGE('',*,*,#273,.T.);
#273 = EDGE_CURVE('',#266,#274,#276,.T.);
#274 = VERTEX_POINT('',#275);
#275 = CARTESIAN_POINT('',(84.325,33.075,0.));
#276 = LINE('',#277,#278);
#277 = CARTESIAN_POINT('',(85.15,33.075,0.));
#278 = VECTOR('',#279,1.);
#279 = DIRECTION('',(-1.,0.,0.));
#280 = ORIENTED_EDGE('',*,*,#281,.T.);
#281 = EDGE_CURVE('',#274,#282,#284,.T.);
#282 = VERTEX_POINT('',#283);
#283 = CARTESIAN_POINT('',(84.325,26.805,0.));
#284 = LINE('',#285,#286);
#285 = CARTESIAN_POINT('',(84.325,33.075,0.));
#286 = VECTOR('',#287,1.);
#287 = DIRECTION('',(0.,-1.,0.));
#288 = ORIENTED_EDGE('',*,*,#289,.T.);
#289 = EDGE_CURVE('',#282,#290,#292,.T.);
#290 = VERTEX_POINT('',#291);
#291 = CARTESIAN_POINT('',(82.6,26.805,0.));
#292 = LINE('',#293,#294);
#293 = CARTESIAN_POINT('',(84.325,26.805,0.));
#294 = VECTOR('',#295,1.);
#295 = DIRECTION('',(-1.,0.,0.));
#296 = ORIENTED_EDGE('',*,*,#297,.T.);
#297 = EDGE_CURVE('',#290,#298,#300,.T.);
#298 = VERTEX_POINT('',#299);
#299 = CARTESIAN_POINT('',(82.6,25.605,0.));
#300 = LINE('',#301,#302);
#301 = CARTESIAN_POINT('',(82.6,26.805,0.));
#302 = VECTOR('',#303,1.);
#303 = DIRECTION('',(0.,-1.,0.));
#304 = ORIENTED_EDGE('',*,*,#305,.T.);
#305 = EDGE_CURVE('',#298,#306,#308,.T.);
#306 = VERTEX_POINT('',#307);
#307 = CARTESIAN_POINT('',(79.3,25.605,0.));
#308 = LINE('',#309,#310);
#309 = CARTESIAN_POINT('',(82.6,25.605,0.));
#310 = VECTOR('',#311,1.);
#311 = DIRECTION('',(-1.,0.,0.));
#312 = ORIENTED_EDGE('',*,*,#313,.T.);
#313 = EDGE_CURVE('',#306,#314,#316,.T.);
#314 = VERTEX_POINT('',#315);
#315 = CARTESIAN_POINT('',(79.3,26.805,0.));
#316 = LINE('',#317,#318);
#317 = CARTESIAN_POINT('',(79.3,25.605,0.));
#318 = VECTOR('',#319,1.);
#319 = DIRECTION('',(0.,1.,0.));
#320 = ORIENTED_EDGE('',*,*,#321,.T.);
#321 = EDGE_CURVE('',#314,#322,#324,.T.);
#322 = VERTEX_POINT('',#323);
#323 = CARTESIAN_POINT('',(77.575,26.805,0.));
#324 = LINE('',#325,#326);
#325 = CARTESIAN_POINT('',(79.3,26.805,0.));
#326 = VECTOR('',#327,1.);
#327 = DIRECTION('',(-1.,0.,0.));
#328 = ORIENTED_EDGE('',*,*,#329,.T.);
#329 = EDGE_CURVE('',#322,#330,#332,.T.);
#330 = VERTEX_POINT('',#331);
#331 = CARTESIAN_POINT('',(77.575,31.275,0.));
#332 = LINE('',#333,#334);
#333 = CARTESIAN_POINT('',(77.575,26.805,0.));
#334 = VECTOR('',#335,1.);
#335 = DIRECTION('',(0.,1.,0.));
#336 = ORIENTED_EDGE('',*,*,#337,.T.);
#337 = EDGE_CURVE('',#330,#338,#340,.T.);
#338 = VERTEX_POINT('',#339);
#339 = CARTESIAN_POINT('',(76.05,31.275,0.));
#340 = LINE('',#341,#342);
#341 = CARTESIAN_POINT('',(77.575,31.275,0.));
#342 = VECTOR('',#343,1.);
#343 = DIRECTION('',(-1.,0.,0.));
#344 = ORIENTED_EDGE('',*,*,#345,.T.);
#345 = EDGE_CURVE('',#338,#346,#348,.T.);
#346 = VERTEX_POINT('',#347);
#347 = CARTESIAN_POINT('',(76.05,26.575,0.));
#348 = LINE('',#349,#350);
#349 = CARTESIAN_POINT('',(76.05,31.275,0.));
#350 = VECTOR('',#351,1.);
#351 = DIRECTION('',(0.,-1.,0.));
#352 = ORIENTED_EDGE('',*,*,#353,.T.);
#353 = EDGE_CURVE('',#346,#354,#356,.T.);
#354 = VERTEX_POINT('',#355);
#355 = CARTESIAN_POINT('',(62.05,26.575,0.));
#356 = LINE('',#357,#358);
#357 = CARTESIAN_POINT('',(76.05,26.575,0.));
#358 = VECTOR('',#359,1.);
#359 = DIRECTION('',(-1.,0.,0.));
#360 = ORIENTED_EDGE('',*,*,#361,.T.);
#361 = EDGE_CURVE('',#354,#362,#364,.T.);
#362 = VERTEX_POINT('',#363);
#363 = CARTESIAN_POINT('',(62.05,31.275,0.));
#364 = LINE('',#365,#366);
#365 = CARTESIAN_POINT('',(62.05,26.575,0.));
#366 = VECTOR('',#367,1.);
#367 = DIRECTION('',(0.,1.,0.));
#368 = ORIENTED_EDGE('',*,*,#369,.F.);
#369 = EDGE_CURVE('',#370,#362,#372,.T.);
#370 = VERTEX_POINT('',#371);
#371 = CARTESIAN_POINT('',(60.525,31.275,0.));
#372 = LINE('',#373,#374);
#373 = CARTESIAN_POINT('',(60.525,31.275,0.));
#374 = VECTOR('',#375,1.);
#375 = DIRECTION('',(1.,0.,0.));
#376 = ORIENTED_EDGE('',*,*,#377,.F.);
#377 = EDGE_CURVE('',#378,#370,#380,.T.);
#378 = VERTEX_POINT('',#379);
#379 = CARTESIAN_POINT('',(60.525,26.805,0.));
#380 = LINE('',#381,#382);
#381 = CARTESIAN_POINT('',(60.525,26.805,0.));
#382 = VECTOR('',#383,1.);
#383 = DIRECTION('',(0.,1.,0.));
#384 = ORIENTED_EDGE('',*,*,#385,.F.);
#385 = EDGE_CURVE('',#386,#378,#388,.T.);
#386 = VERTEX_POINT('',#387);
#387 = CARTESIAN_POINT('',(58.8,26.805,0.));
#388 = LINE('',#389,#390);
#389 = CARTESIAN_POINT('',(58.8,26.805,0.));
#390 = VECTOR('',#391,1.);
#391 = DIRECTION('',(1.,0.,0.));
#392 = ORIENTED_EDGE('',*,*,#393,.F.);
#393 = EDGE_CURVE('',#394,#386,#396,.T.);
#394 = VERTEX_POINT('',#395);
#395 = CARTESIAN_POINT('',(58.8,25.605,0.));
#396 = LINE('',#397,#398);
#397 = CARTESIAN_POINT('',(58.8,25.605,0.));
#398 = VECTOR('',#399,1.);
#399 = DIRECTION('',(0.,1.,0.));
#400 = ORIENTED_EDGE('',*,*,#401,.F.);
#401 = EDGE_CURVE('',#402,#394,#404,.T.);
#402 = VERTEX_POINT('',#403);
#403 = CARTESIAN_POINT('',(55.5,25.605,0.));
#404 = LINE('',#405,#406);
#405 = CARTESIAN_POINT('',(55.5,25.605,0.));
#406 = VECTOR('',#407,1.);
#407 = DIRECTION('',(1.,0.,0.));
#408 = ORIENTED_EDGE('',*,*,#409,.F.);
#409 = EDGE_CURVE('',#410,#402,#412,.T.);
#410 = VERTEX_POINT('',#411);
#411 = CARTESIAN_POINT('',(55.5,26.805,0.));
#412 = LINE('',#413,#414);
#413 = CARTESIAN_POINT('',(55.5,26.805,0.));
#414 = VECTOR('',#415,1.);
#415 = DIRECTION('',(0.,-1.,0.));
#416 = ORIENTED_EDGE('',*,*,#417,.F.);
#417 = EDGE_CURVE('',#418,#410,#420,.T.);
#418 = VERTEX_POINT('',#419);
#419 = CARTESIAN_POINT('',(53.775,26.805,0.));
#420 = LINE('',#421,#422);
#421 = CARTESIAN_POINT('',(53.775,26.805,0.));
#422 = VECTOR('',#423,1.);
#423 = DIRECTION('',(1.,0.,0.));
#424 = ORIENTED_EDGE('',*,*,#425,.F.);
#425 = EDGE_CURVE('',#426,#418,#428,.T.);
#426 = VERTEX_POINT('',#427);
#427 = CARTESIAN_POINT('',(53.775,33.075,0.));
#428 = LINE('',#429,#430);
#429 = CARTESIAN_POINT('',(53.775,33.075,0.));
#430 = VECTOR('',#431,1.);
#431 = DIRECTION('',(0.,-1.,0.));
#432 = ORIENTED_EDGE('',*,*,#433,.F.);
#433 = EDGE_CURVE('',#434,#426,#436,.T.);
#434 = VERTEX_POINT('',#435);
#435 = CARTESIAN_POINT('',(52.95,33.075,0.));
#436 = LINE('',#437,#438);
#437 = CARTESIAN_POINT('',(52.95,33.075,0.));
#438 = VECTOR('',#439,1.);
#439 = DIRECTION('',(1.,0.,0.));
#440 = ORIENTED_EDGE('',*,*,#441,.F.);
#441 = EDGE_CURVE('',#442,#434,#444,.T.);
#442 = VERTEX_POINT('',#443);
#443 = CARTESIAN_POINT('',(52.95,35.875,0.));
#444 = LINE('',#445,#446);
#445 = CARTESIAN_POINT('',(52.95,35.875,0.));
#446 = VECTOR('',#447,1.);
#447 = DIRECTION('',(0.,-1.,0.));
#448 = ORIENTED_EDGE('',*,*,#449,.F.);
#449 = EDGE_CURVE('',#450,#442,#452,.T.);
#450 = VERTEX_POINT('',#451);
#451 = CARTESIAN_POINT('',(53.775,35.875,0.));
#452 = LINE('',#453,#454);
#453 = CARTESIAN_POINT('',(53.775,35.875,0.));
#454 = VECTOR('',#455,1.);
#455 = DIRECTION('',(-1.,0.,0.));
#456 = ORIENTED_EDGE('',*,*,#457,.F.);
#457 = EDGE_CURVE('',#458,#450,#460,.T.);
#458 = VERTEX_POINT('',#459);
#459 = CARTESIAN_POINT('',(53.775,39.105,0.));
#460 = LINE('',#461,#462);
#461 = CARTESIAN_POINT('',(53.775,39.105,0.));
#462 = VECTOR('',#463,1.);
#463 = DIRECTION('',(0.,-1.,0.));
#464 = ORIENTED_EDGE('',*,*,#465,.T.);
#465 = EDGE_CURVE('',#458,#466,#468,.T.);
#466 = VERTEX_POINT('',#467);
#467 = CARTESIAN_POINT('',(60.525,39.105,0.));
#468 = LINE('',#469,#470);
#469 = CARTESIAN_POINT('',(53.775,39.105,0.));
#470 = VECTOR('',#471,1.);
#471 = DIRECTION('',(1.,0.,0.));
#472 = ORIENTED_EDGE('',*,*,#473,.F.);
#473 = EDGE_CURVE('',#474,#466,#476,.T.);
#474 = VERTEX_POINT('',#475);
#475 = CARTESIAN_POINT('',(60.525,35.875,0.));
#476 = LINE('',#477,#478);
#477 = CARTESIAN_POINT('',(60.525,35.875,0.));
#478 = VECTOR('',#479,1.);
#479 = DIRECTION('',(0.,1.,0.));
#480 = ORIENTED_EDGE('',*,*,#481,.F.);
#481 = EDGE_CURVE('',#202,#474,#482,.T.);
#482 = LINE('',#483,#484);
#483 = CARTESIAN_POINT('',(62.05,35.875,0.));
#484 = VECTOR('',#485,1.);
#485 = DIRECTION('',(-1.,0.,0.));
#486 = FACE_BOUND('',#487,.F.);
#487 = EDGE_LOOP('',(#488,#498,#506,#514));
#488 = ORIENTED_EDGE('',*,*,#489,.F.);
#489 = EDGE_CURVE('',#490,#492,#494,.T.);
#490 = VERTEX_POINT('',#491);
#491 = CARTESIAN_POINT('',(102.53125,21.525,0.));
#492 = VERTEX_POINT('',#493);
#493 = CARTESIAN_POINT('',(102.53125,7.525,0.));
#494 = LINE('',#495,#496);
#495 = CARTESIAN_POINT('',(102.53125,21.525,0.));
#496 = VECTOR('',#497,1.);
#497 = DIRECTION('',(0.,-1.,0.));
#498 = ORIENTED_EDGE('',*,*,#499,.F.);
#499 = EDGE_CURVE('',#500,#490,#502,.T.);
#500 = VERTEX_POINT('',#501);
#501 = CARTESIAN_POINT('',(116.53125,21.525,0.));
#502 = LINE('',#503,#504);
#503 = CARTESIAN_POINT('',(116.53125,21.525,0.));
#504 = VECTOR('',#505,1.);
#505 = DIRECTION('',(-1.,0.,0.));
#506 = ORIENTED_EDGE('',*,*,#507,.F.);
#507 = EDGE_CURVE('',#508,#500,#510,.T.);
#508 = VERTEX_POINT('',#509);
#509 = CARTESIAN_POINT('',(116.53125,7.525,0.));
#510 = LINE('',#511,#512);
#511 = CARTESIAN_POINT('',(116.53125,7.525,0.));
#512 = VECTOR('',#513,1.);
#513 = DIRECTION('',(0.,1.,0.));
#514 = ORIENTED_EDGE('',*,*,#515,.F.);
#515 = EDGE_CURVE('',#492,#508,#516,.T.);
#516 = LINE('',#517,#518);
#517 = CARTESIAN_POINT('',(102.53125,7.525,0.));
#518 = VECTOR('',#519,1.);
#519 = DIRECTION('',(1.,0.,0.));
#520 = FACE_BOUND('',#521,.F.);
#521 = EDGE_LOOP('',(#522,#532,#540,#548));
#522 = ORIENTED_EDGE('',*,*,#523,.F.);
#523 = EDGE_CURVE('',#524,#526,#528,.T.);
#524 = VERTEX_POINT('',#525);
#525 = CARTESIAN_POINT('',(90.625,40.575,0.));
#526 = VERTEX_POINT('',#527);
#527 = CARTESIAN_POINT('',(90.625,26.575,0.));
#528 = LINE('',#529,#530);
#529 = CARTESIAN_POINT('',(90.625,40.575,0.));
#530 = VECTOR('',#531,1.);
#531 = DIRECTION('',(0.,-1.,0.));
#532 = ORIENTED_EDGE('',*,*,#533,.F.);
#533 = EDGE_CURVE('',#534,#524,#536,.T.);
#534 = VERTEX_POINT('',#535);
#535 = CARTESIAN_POINT('',(104.625,40.575,0.));
#536 = LINE('',#537,#538);
#537 = CARTESIAN_POINT('',(104.625,40.575,0.));
#538 = VECTOR('',#539,1.);
#539 = DIRECTION('',(-1.,0.,0.));
#540 = ORIENTED_EDGE('',*,*,#541,.F.);
#541 = EDGE_CURVE('',#542,#534,#544,.T.);
#542 = VERTEX_POINT('',#543);
#543 = CARTESIAN_POINT('',(104.625,26.575,0.));
#544 = LINE('',#545,#546);
#545 = CARTESIAN_POINT('',(104.625,26.575,0.));
#546 = VECTOR('',#547,1.);
#547 = DIRECTION('',(0.,1.,0.));
#548 = ORIENTED_EDGE('',*,*,#549,.F.);
#549 = EDGE_CURVE('',#526,#542,#550,.T.);
#550 = LINE('',#551,#552);
#551 = CARTESIAN_POINT('',(90.625,26.575,0.));
#552 = VECTOR('',#553,1.);
#553 = DIRECTION('',(1.,0.,0.));
#554 = FACE_BOUND('',#555,.F.);
#555 = EDGE_LOOP('',(#556,#566,#574,#582));
#556 = ORIENTED_EDGE('',*,*,#557,.F.);
#557 = EDGE_CURVE('',#558,#560,#562,.T.);
#558 = VERTEX_POINT('',#559);
#559 = CARTESIAN_POINT('',(109.675,40.575,0.));
#560 = VERTEX_POINT('',#561);
#561 = CARTESIAN_POINT('',(109.675,26.575,0.));
#562 = LINE('',#563,#564);
#563 = CARTESIAN_POINT('',(109.675,40.575,0.));
#564 = VECTOR('',#565,1.);
#565 = DIRECTION('',(0.,-1.,0.));
#566 = ORIENTED_EDGE('',*,*,#567,.F.);
#567 = EDGE_CURVE('',#568,#558,#570,.T.);
#568 = VERTEX_POINT('',#569);
#569 = CARTESIAN_POINT('',(123.675,40.575,0.));
#570 = LINE('',#571,#572);
#571 = CARTESIAN_POINT('',(123.675,40.575,0.));
#572 = VECTOR('',#573,1.);
#573 = DIRECTION('',(-1.,0.,0.));
#574 = ORIENTED_EDGE('',*,*,#575,.F.);
#575 = EDGE_CURVE('',#576,#568,#578,.T.);
#576 = VERTEX_POINT('',#577);
#577 = CARTESIAN_POINT('',(123.675,26.575,0.));
#578 = LINE('',#579,#580);
#579 = CARTESIAN_POINT('',(123.675,26.575,0.));
#580 = VECTOR('',#581,1.);
#581 = DIRECTION('',(0.,1.,0.));
#582 = ORIENTED_EDGE('',*,*,#583,.F.);
#583 = EDGE_CURVE('',#560,#576,#584,.T.);
#584 = LINE('',#585,#586);
#585 = CARTESIAN_POINT('',(109.675,26.575,0.));
#586 = VECTOR('',#587,1.);
#587 = DIRECTION('',(1.,0.,0.));
#588 = FACE_BOUND('',#589,.F.);
#589 = EDGE_LOOP('',(#590,#600,#608,#616));
#590 = ORIENTED_EDGE('',*,*,#591,.F.);
#591 = EDGE_CURVE('',#592,#594,#596,.T.);
#592 = VERTEX_POINT('',#593);
#593 = CARTESIAN_POINT('',(128.725,40.575,0.));
#594 = VERTEX_POINT('',#595);
#595 = CARTESIAN_POINT('',(128.725,26.575,0.));
#596 = LINE('',#597,#598);
#597 = CARTESIAN_POINT('',(128.725,40.575,0.));
#598 = VECTOR('',#599,1.);
#599 = DIRECTION('',(0.,-1.,0.));
#600 = ORIENTED_EDGE('',*,*,#601,.F.);
#601 = EDGE_CURVE('',#602,#592,#604,.T.);
#602 = VERTEX_POINT('',#603);
#603 = CARTESIAN_POINT('',(142.725,40.575,0.));
#604 = LINE('',#605,#606);
#605 = CARTESIAN_POINT('',(142.725,40.575,0.));
#606 = VECTOR('',#607,1.);
#607 = DIRECTION('',(-1.,0.,0.));
#608 = ORIENTED_EDGE('',*,*,#609,.F.);
#609 = EDGE_CURVE('',#610,#602,#612,.T.);
#610 = VERTEX_POINT('',#611);
#611 = CARTESIAN_POINT('',(142.725,26.575,0.));
#612 = LINE('',#613,#614);
#613 = CARTESIAN_POINT('',(142.725,26.575,0.));
#614 = VECTOR('',#615,1.);
#615 = DIRECTION('',(0.,1.,0.));
#616 = ORIENTED_EDGE('',*,*,#617,.F.);
#617 = EDGE_CURVE('',#594,#610,#618,.T.);
#618 = LINE('',#619,#620);
#619 = CARTESIAN_POINT('',(128.725,26.575,0.));
#620 = VECTOR('',#621,1.);
#621 = DIRECTION('',(1.,0.,0.));
#622 = FACE_BOUND('',#623,.F.);
#623 = EDGE_LOOP('',(#624,#634,#642,#650));
#624 = ORIENTED_EDGE('',*,*,#625,.F.);
#625 = EDGE_CURVE('',#626,#628,#630,.T.);
#626 = VERTEX_POINT('',#627);
#627 = CARTESIAN_POINT('',(147.775,40.575,0.));
#628 = VERTEX_POINT('',#629);
#629 = CARTESIAN_POINT('',(147.775,26.575,0.));
#630 = LINE('',#631,#632);
#631 = CARTESIAN_POINT('',(147.775,40.575,0.));
#632 = VECTOR('',#633,1.);
#633 = DIRECTION('',(0.,-1.,0.));
#634 = ORIENTED_EDGE('',*,*,#635,.F.);
#635 = EDGE_CURVE('',#636,#626,#638,.T.);
#636 = VERTEX_POINT('',#637);
#637 = CARTESIAN_POINT('',(161.775,40.575,0.));
#638 = LINE('',#639,#640);
#639 = CARTESIAN_POINT('',(161.775,40.575,0.));
#640 = VECTOR('',#641,1.);
#641 = DIRECTION('',(-1.,0.,0.));
#642 = ORIENTED_EDGE('',*,*,#643,.F.);
#643 = EDGE_CURVE('',#644,#636,#646,.T.);
#644 = VERTEX_POINT('',#645);
#645 = CARTESIAN_POINT('',(161.775,26.575,0.));
#646 = LINE('',#647,#648);
#647 = CARTESIAN_POINT('',(161.775,26.575,0.));
#648 = VECTOR('',#649,1.);
#649 = DIRECTION('',(0.,1.,0.));
#650 = ORIENTED_EDGE('',*,*,#651,.F.);
#651 = EDGE_CURVE('',#628,#644,#652,.T.);
#652 = LINE('',#653,#654);
#653 = CARTESIAN_POINT('',(147.775,26.575,0.));
#654 = VECTOR('',#655,1.);
#655 = DIRECTION('',(1.,0.,0.));
#656 = FACE_BOUND('',#657,.F.);
#657 = EDGE_LOOP('',(#658,#668,#676,#684));
#658 = ORIENTED_EDGE('',*,*,#659,.F.);
#659 = EDGE_CURVE('',#660,#662,#664,.T.);
#660 = VERTEX_POINT('',#661);
#661 = CARTESIAN_POINT('',(166.825,40.575,0.));
#662 = VERTEX_POINT('',#663);
#663 = CARTESIAN_POINT('',(166.825,26.575,0.));
#664 = LINE('',#665,#666);
#665 = CARTESIAN_POINT('',(166.825,40.575,0.));
#666 = VECTOR('',#667,1.);
#667 = DIRECTION('',(0.,-1.,0.));
#668 = ORIENTED_EDGE('',*,*,#669,.F.);
#669 = EDGE_CURVE('',#670,#660,#672,.T.);
#670 = VERTEX_POINT('',#671);
#671 = CARTESIAN_POINT('',(180.825,40.575,0.));
#672 = LINE('',#673,#674);
#673 = CARTESIAN_POINT('',(180.825,40.575,0.));
#674 = VECTOR('',#675,1.);
#675 = DIRECTION('',(-1.,0.,0.));
#676 = ORIENTED_EDGE('',*,*,#677,.F.);
#677 = EDGE_CURVE('',#678,#670,#680,.T.);
#678 = VERTEX_POINT('',#679);
#679 = CARTESIAN_POINT('',(180.825,26.575,0.));
#680 = LINE('',#681,#682);
#681 = CARTESIAN_POINT('',(180.825,26.575,0.));
#682 = VECTOR('',#683,1.);
#683 = DIRECTION('',(0.,1.,0.));
#684 = ORIENTED_EDGE('',*,*,#685,.F.);
#685 = EDGE_CURVE('',#662,#678,#686,.T.);
#686 = LINE('',#687,#688);
#687 = CARTESIAN_POINT('',(166.825,26.575,0.));
#688 = VECTOR('',#689,1.);
#689 = DIRECTION('',(1.,0.,0.));
#690 = FACE_BOUND('',#691,.F.);
#691 = EDGE_LOOP('',(#692,#702,#710,#718));
#692 = ORIENTED_EDGE('',*,*,#693,.F.);
#693 = EDGE_CURVE('',#694,#696,#698,.T.);
#694 = VERTEX_POINT('',#695);
#695 = CARTESIAN_POINT('',(59.66875,59.625,0.));
#696 = VERTEX_POINT('',#697);
#697 = CARTESIAN_POINT('',(59.66875,45.625,0.));
#698 = LINE('',#699,#700);
#699 = CARTESIAN_POINT('',(59.66875,59.625,0.));
#700 = VECTOR('',#701,1.);
#701 = DIRECTION('',(0.,-1.,0.));
#702 = ORIENTED_EDGE('',*,*,#703,.F.);
#703 = EDGE_CURVE('',#704,#694,#706,.T.);
#704 = VERTEX_POINT('',#705);
#705 = CARTESIAN_POINT('',(73.66875,59.625,0.));
#706 = LINE('',#707,#708);
#707 = CARTESIAN_POINT('',(73.66875,59.625,0.));
#708 = VECTOR('',#709,1.);
#709 = DIRECTION('',(-1.,0.,0.));
#710 = ORIENTED_EDGE('',*,*,#711,.F.);
#711 = EDGE_CURVE('',#712,#704,#714,.T.);
#712 = VERTEX_POINT('',#713);
#713 = CARTESIAN_POINT('',(73.66875,45.625,0.));
#714 = LINE('',#715,#716);
#715 = CARTESIAN_POINT('',(73.66875,45.625,0.));
#716 = VECTOR('',#717,1.);
#717 = DIRECTION('',(0.,1.,0.));
#718 = ORIENTED_EDGE('',*,*,#719,.F.);
#719 = EDGE_CURVE('',#696,#712,#720,.T.);
#720 = LINE('',#721,#722);
#721 = CARTESIAN_POINT('',(59.66875,45.625,0.));
#722 = VECTOR('',#723,1.);
#723 = DIRECTION('',(1.,0.,0.));
#724 = FACE_BOUND('',#725,.F.);
#725 = EDGE_LOOP('',(#726,#736,#744,#752));
#726 = ORIENTED_EDGE('',*,*,#727,.F.);
#727 = EDGE_CURVE('',#728,#730,#732,.T.);
#728 = VERTEX_POINT('',#729);
#729 = CARTESIAN_POINT('',(85.8625,59.625,0.));
#730 = VERTEX_POINT('',#731);
#731 = CARTESIAN_POINT('',(85.8625,45.625,0.));
#732 = LINE('',#733,#734);
#733 = CARTESIAN_POINT('',(85.8625,59.625,0.));
#734 = VECTOR('',#735,1.);
#735 = DIRECTION('',(0.,-1.,0.));
#736 = ORIENTED_EDGE('',*,*,#737,.F.);
#737 = EDGE_CURVE('',#738,#728,#740,.T.);
#738 = VERTEX_POINT('',#739);
#739 = CARTESIAN_POINT('',(99.8625,59.625,0.));
#740 = LINE('',#741,#742);
#741 = CARTESIAN_POINT('',(99.8625,59.625,0.));
#742 = VECTOR('',#743,1.);
#743 = DIRECTION('',(-1.,0.,0.));
#744 = ORIENTED_EDGE('',*,*,#745,.F.);
#745 = EDGE_CURVE('',#746,#738,#748,.T.);
#746 = VERTEX_POINT('',#747);
#747 = CARTESIAN_POINT('',(99.8625,45.625,0.));
#748 = LINE('',#749,#750);
#749 = CARTESIAN_POINT('',(99.8625,45.625,0.));
#750 = VECTOR('',#751,1.);
#751 = DIRECTION('',(0.,1.,0.));
#752 = ORIENTED_EDGE('',*,*,#753,.F.);
#753 = EDGE_CURVE('',#730,#746,#754,.T.);
#754 = LINE('',#755,#756);
#755 = CARTESIAN_POINT('',(85.8625,45.625,0.));
#756 = VECTOR('',#757,1.);
#757 = DIRECTION('',(1.,0.,0.));
#758 = FACE_BOUND('',#759,.F.);
#759 = EDGE_LOOP('',(#760,#770,#778,#786));
#760 = ORIENTED_EDGE('',*,*,#761,.F.);
#761 = EDGE_CURVE('',#762,#764,#766,.T.);
#762 = VERTEX_POINT('',#763);
#763 = CARTESIAN_POINT('',(104.9125,59.625,0.));
#764 = VERTEX_POINT('',#765);
#765 = CARTESIAN_POINT('',(104.9125,45.625,0.));
#766 = LINE('',#767,#768);
#767 = CARTESIAN_POINT('',(104.9125,59.625,0.));
#768 = VECTOR('',#769,1.);
#769 = DIRECTION('',(0.,-1.,0.));
#770 = ORIENTED_EDGE('',*,*,#771,.F.);
#771 = EDGE_CURVE('',#772,#762,#774,.T.);
#772 = VERTEX_POINT('',#773);
#773 = CARTESIAN_POINT('',(118.9125,59.625,0.));
#774 = LINE('',#775,#776);
#775 = CARTESIAN_POINT('',(118.9125,59.625,0.));
#776 = VECTOR('',#777,1.);
#777 = DIRECTION('',(-1.,0.,0.));
#778 = ORIENTED_EDGE('',*,*,#779,.F.);
#779 = EDGE_CURVE('',#780,#772,#782,.T.);
#780 = VERTEX_POINT('',#781);
#781 = CARTESIAN_POINT('',(118.9125,45.625,0.));
#782 = LINE('',#783,#784);
#783 = CARTESIAN_POINT('',(118.9125,45.625,0.));
#784 = VECTOR('',#785,1.);
#785 = DIRECTION('',(0.,1.,0.));
#786 = ORIENTED_EDGE('',*,*,#787,.F.);
#787 = EDGE_CURVE('',#764,#780,#788,.T.);
#788 = LINE('',#789,#790);
#789 = CARTESIAN_POINT('',(104.9125,45.625,0.));
#790 = VECTOR('',#791,1.);
#791 = DIRECTION('',(1.,0.,0.));
#792 = FACE_BOUND('',#793,.F.);
#793 = EDGE_LOOP('',(#794,#804,#812,#820));
#794 = ORIENTED_EDGE('',*,*,#795,.F.);
#795 = EDGE_CURVE('',#796,#798,#800,.T.);
#796 = VERTEX_POINT('',#797);
#797 = CARTESIAN_POINT('',(123.9625,59.625,0.));
#798 = VERTEX_POINT('',#799);
#799 = CARTESIAN_POINT('',(123.9625,45.625,0.));
#800 = LINE('',#801,#802);
#801 = CARTESIAN_POINT('',(123.9625,59.625,0.));
#802 = VECTOR('',#803,1.);
#803 = DIRECTION('',(0.,-1.,0.));
#804 = ORIENTED_EDGE('',*,*,#805,.F.);
#805 = EDGE_CURVE('',#806,#796,#808,.T.);
#806 = VERTEX_POINT('',#807);
#807 = CARTESIAN_POINT('',(137.9625,59.625,0.));
#808 = LINE('',#809,#810);
#809 = CARTESIAN_POINT('',(137.9625,59.625,0.));
#810 = VECTOR('',#811,1.);
#811 = DIRECTION('',(-1.,0.,0.));
#812 = ORIENTED_EDGE('',*,*,#813,.F.);
#813 = EDGE_CURVE('',#814,#806,#816,.T.);
#814 = VERTEX_POINT('',#815);
#815 = CARTESIAN_POINT('',(137.9625,45.625,0.));
#816 = LINE('',#817,#818);
#817 = CARTESIAN_POINT('',(137.9625,45.625,0.));
#818 = VECTOR('',#819,1.);
#819 = DIRECTION('',(0.,1.,0.));
#820 = ORIENTED_EDGE('',*,*,#821,.F.);
#821 = EDGE_CURVE('',#798,#814,#822,.T.);
#822 = LINE('',#823,#824);
#823 = CARTESIAN_POINT('',(123.9625,45.625,0.));
#824 = VECTOR('',#825,1.);
#825 = DIRECTION('',(1.,0.,0.));
#826 = FACE_BOUND('',#827,.F.);
#827 = EDGE_LOOP('',(#828,#838,#846,#854));
#828 = ORIENTED_EDGE('',*,*,#829,.F.);
#829 = EDGE_CURVE('',#830,#832,#834,.T.);
#830 = VERTEX_POINT('',#831);
#831 = CARTESIAN_POINT('',(143.0125,59.625,0.));
#832 = VERTEX_POINT('',#833);
#833 = CARTESIAN_POINT('',(143.0125,45.625,0.));
#834 = LINE('',#835,#836);
#835 = CARTESIAN_POINT('',(143.0125,59.625,0.));
#836 = VECTOR('',#837,1.);
#837 = DIRECTION('',(0.,-1.,0.));
#838 = ORIENTED_EDGE('',*,*,#839,.F.);
#839 = EDGE_CURVE('',#840,#830,#842,.T.);
#840 = VERTEX_POINT('',#841);
#841 = CARTESIAN_POINT('',(157.0125,59.625,0.));
#842 = LINE('',#843,#844);
#843 = CARTESIAN_POINT('',(157.0125,59.625,0.));
#844 = VECTOR('',#845,1.);
#845 = DIRECTION('',(-1.,0.,0.));
#846 = ORIENTED_EDGE('',*,*,#847,.F.);
#847 = EDGE_CURVE('',#848,#840,#850,.T.);
#848 = VERTEX_POINT('',#849);
#849 = CARTESIAN_POINT('',(157.0125,45.625,0.));
#850 = LINE('',#851,#852);
#851 = CARTESIAN_POINT('',(157.0125,45.625,0.));
#852 = VECTOR('',#853,1.);
#853 = DIRECTION('',(0.,1.,0.));
#854 = ORIENTED_EDGE('',*,*,#855,.F.);
#855 = EDGE_CURVE('',#832,#848,#856,.T.);
#856 = LINE('',#857,#858);
#857 = CARTESIAN_POINT('',(143.0125,45.625,0.));
#858 = VECTOR('',#859,1.);
#859 = DIRECTION('',(1.,0.,0.));
#860 = FACE_BOUND('',#861,.F.);
#861 = EDGE_LOOP('',(#862,#872,#880,#888));
#862 = ORIENTED_EDGE('',*,*,#863,.F.);
#863 = EDGE_CURVE('',#864,#866,#868,.T.);
#864 = VERTEX_POINT('',#865);
#865 = CARTESIAN_POINT('',(162.0625,59.625,0.));
#866 = VERTEX_POINT('',#867);
#867 = CARTESIAN_POINT('',(162.0625,45.625,0.));
#868 = LINE('',#869,#870);
#869 = CARTESIAN_POINT('',(162.0625,59.625,0.));
#870 = VECTOR('',#871,1.);
#871 = DIRECTION('',(0.,-1.,0.));
#872 = ORIENTED_EDGE('',*,*,#873,.F.);
#873 = EDGE_CURVE('',#874,#864,#876,.T.);
#874 = VERTEX_POINT('',#875);
#875 = CARTESIAN_POINT('',(176.0625,59.625,0.));
#876 = LINE('',#877,#878);
#877 = CARTESIAN_POINT('',(176.0625,59.625,0.));
#878 = VECTOR('',#879,1.);
#879 = DIRECTION('',(-1.,0.,0.));
#880 = ORIENTED_EDGE('',*,*,#881,.F.);
#881 = EDGE_CURVE('',#882,#874,#884,.T.);
#882 = VERTEX_POINT('',#883);
#883 = CARTESIAN_POINT('',(176.0625,45.625,0.));
#884 = LINE('',#885,#886);
#885 = CARTESIAN_POINT('',(176.0625,45.625,0.));
#886 = VECTOR('',#887,1.);
#887 = DIRECTION('',(0.,1.,0.));
#888 = ORIENTED_EDGE('',*,*,#889,.F.);
#889 = EDGE_CURVE('',#866,#882,#890,.T.);
#890 = LINE('',#891,#892);
#891 = CARTESIAN_POINT('',(162.0625,45.625,0.));
#892 = VECTOR('',#893,1.);
#893 = DIRECTION('',(1.,0.,0.));
#894 = FACE_BOUND('',#895,.F.);
#895 = EDGE_LOOP('',(#896,#906,#914,#922,#930,#938,#946,#954,#962,#970,
    #978,#986,#994,#1002,#1010,#1018,#1026,#1034,#1042,#1050,#1058,#1066
    ,#1074,#1082,#1090,#1098,#1106,#1114,#1122,#1130,#1138,#1146,#1154,
    #1162,#1170,#1178));
#896 = ORIENTED_EDGE('',*,*,#897,.F.);
#897 = EDGE_CURVE('',#898,#900,#902,.T.);
#898 = VERTEX_POINT('',#899);
#899 = CARTESIAN_POINT('',(173.96875,21.525,0.));
#900 = VERTEX_POINT('',#901);
#901 = CARTESIAN_POINT('',(173.96875,16.825,0.));
#902 = LINE('',#903,#904);
#903 = CARTESIAN_POINT('',(173.96875,21.525,0.));
#904 = VECTOR('',#905,1.);
#905 = DIRECTION('',(0.,-1.,0.));
#906 = ORIENTED_EDGE('',*,*,#907,.T.);
#907 = EDGE_CURVE('',#898,#908,#910,.T.);
#908 = VERTEX_POINT('',#909);
#909 = CARTESIAN_POINT('',(187.96875,21.525,0.));
#910 = LINE('',#911,#912);
#911 = CARTESIAN_POINT('',(173.96875,21.525,0.));
#912 = VECTOR('',#913,1.);
#913 = DIRECTION('',(1.,0.,0.));
#914 = ORIENTED_EDGE('',*,*,#915,.T.);
#915 = EDGE_CURVE('',#908,#916,#918,.T.);
#916 = VERTEX_POINT('',#917);
#917 = CARTESIAN_POINT('',(187.96875,16.825,0.));
#918 = LINE('',#919,#920);
#919 = CARTESIAN_POINT('',(187.96875,21.525,0.));
#920 = VECTOR('',#921,1.);
#921 = DIRECTION('',(0.,-1.,0.));
#922 = ORIENTED_EDGE('',*,*,#923,.T.);
#923 = EDGE_CURVE('',#916,#924,#926,.T.);
#924 = VERTEX_POINT('',#925);
#925 = CARTESIAN_POINT('',(227.59375,16.825,0.));
#926 = LINE('',#927,#928);
#927 = CARTESIAN_POINT('',(187.96875,16.825,0.));
#928 = VECTOR('',#929,1.);
#929 = DIRECTION('',(1.,0.,0.));
#930 = ORIENTED_EDGE('',*,*,#931,.T.);
#931 = EDGE_CURVE('',#924,#932,#934,.T.);
#932 = VERTEX_POINT('',#933);
#933 = CARTESIAN_POINT('',(227.59375,20.055,0.));
#934 = LINE('',#935,#936);
#935 = CARTESIAN_POINT('',(227.59375,16.825,0.));
#936 = VECTOR('',#937,1.);
#937 = DIRECTION('',(0.,1.,0.));
#938 = ORIENTED_EDGE('',*,*,#939,.T.);
#939 = EDGE_CURVE('',#932,#940,#942,.T.);
#940 = VERTEX_POINT('',#941);
#941 = CARTESIAN_POINT('',(234.34375,20.055,0.));
#942 = LINE('',#943,#944);
#943 = CARTESIAN_POINT('',(227.59375,20.055,0.));
#944 = VECTOR('',#945,1.);
#945 = DIRECTION('',(1.,0.,0.));
#946 = ORIENTED_EDGE('',*,*,#947,.T.);
#947 = EDGE_CURVE('',#940,#948,#950,.T.);
#948 = VERTEX_POINT('',#949);
#949 = CARTESIAN_POINT('',(234.34375,16.825,0.));
#950 = LINE('',#951,#952);
#951 = CARTESIAN_POINT('',(234.34375,20.055,0.));
#952 = VECTOR('',#953,1.);
#953 = DIRECTION('',(0.,-1.,0.));
#954 = ORIENTED_EDGE('',*,*,#955,.T.);
#955 = EDGE_CURVE('',#948,#956,#958,.T.);
#956 = VERTEX_POINT('',#957);
#957 = CARTESIAN_POINT('',(235.16875,16.825,0.));
#958 = LINE('',#959,#960);
#959 = CARTESIAN_POINT('',(234.34375,16.825,0.));
#960 = VECTOR('',#961,1.);
#961 = DIRECTION('',(1.,0.,0.));
#962 = ORIENTED_EDGE('',*,*,#963,.T.);
#963 = EDGE_CURVE('',#956,#964,#966,.T.);
#964 = VERTEX_POINT('',#965);
#965 = CARTESIAN_POINT('',(235.16875,14.025,0.));
#966 = LINE('',#967,#968);
#967 = CARTESIAN_POINT('',(235.16875,16.825,0.));
#968 = VECTOR('',#969,1.);
#969 = DIRECTION('',(0.,-1.,0.));
#970 = ORIENTED_EDGE('',*,*,#971,.T.);
#971 = EDGE_CURVE('',#964,#972,#974,.T.);
#972 = VERTEX_POINT('',#973);
#973 = CARTESIAN_POINT('',(234.34375,14.025,0.));
#974 = LINE('',#975,#976);
#975 = CARTESIAN_POINT('',(235.16875,14.025,0.));
#976 = VECTOR('',#977,1.);
#977 = DIRECTION('',(-1.,0.,0.));
#978 = ORIENTED_EDGE('',*,*,#979,.T.);
#979 = EDGE_CURVE('',#972,#980,#982,.T.);
#980 = VERTEX_POINT('',#981);
#981 = CARTESIAN_POINT('',(234.34375,7.755,0.));
#982 = LINE('',#983,#984);
#983 = CARTESIAN_POINT('',(234.34375,14.025,0.));
#984 = VECTOR('',#985,1.);
#985 = DIRECTION('',(0.,-1.,0.));
#986 = ORIENTED_EDGE('',*,*,#987,.T.);
#987 = EDGE_CURVE('',#980,#988,#990,.T.);
#988 = VERTEX_POINT('',#989);
#989 = CARTESIAN_POINT('',(232.61875,7.755,0.));
#990 = LINE('',#991,#992);
#991 = CARTESIAN_POINT('',(234.34375,7.755,0.));
#992 = VECTOR('',#993,1.);
#993 = DIRECTION('',(-1.,0.,0.));
#994 = ORIENTED_EDGE('',*,*,#995,.T.);
#995 = EDGE_CURVE('',#988,#996,#998,.T.);
#996 = VERTEX_POINT('',#997);
#997 = CARTESIAN_POINT('',(232.61875,6.555,0.));
#998 = LINE('',#999,#1000);
#999 = CARTESIAN_POINT('',(232.61875,7.755,0.));
#1000 = VECTOR('',#1001,1.);
#1001 = DIRECTION('',(0.,-1.,0.));
#1002 = ORIENTED_EDGE('',*,*,#1003,.T.);
#1003 = EDGE_CURVE('',#996,#1004,#1006,.T.);
#1004 = VERTEX_POINT('',#1005);
#1005 = CARTESIAN_POINT('',(229.31875,6.555,0.));
#1006 = LINE('',#1007,#1008);
#1007 = CARTESIAN_POINT('',(232.61875,6.555,0.));
#1008 = VECTOR('',#1009,1.);
#1009 = DIRECTION('',(-1.,0.,0.));
#1010 = ORIENTED_EDGE('',*,*,#1011,.T.);
#1011 = EDGE_CURVE('',#1004,#1012,#1014,.T.);
#1012 = VERTEX_POINT('',#1013);
#1013 = CARTESIAN_POINT('',(229.31875,7.755,0.));
#1014 = LINE('',#1015,#1016);
#1015 = CARTESIAN_POINT('',(229.31875,6.555,0.));
#1016 = VECTOR('',#1017,1.);
#1017 = DIRECTION('',(0.,1.,0.));
#1018 = ORIENTED_EDGE('',*,*,#1019,.T.);
#1019 = EDGE_CURVE('',#1012,#1020,#1022,.T.);
#1020 = VERTEX_POINT('',#1021);
#1021 = CARTESIAN_POINT('',(227.59375,7.755,0.));
#1022 = LINE('',#1023,#1024);
#1023 = CARTESIAN_POINT('',(229.31875,7.755,0.));
#1024 = VECTOR('',#1025,1.);
#1025 = DIRECTION('',(-1.,0.,0.));
#1026 = ORIENTED_EDGE('',*,*,#1027,.T.);
#1027 = EDGE_CURVE('',#1020,#1028,#1030,.T.);
#1028 = VERTEX_POINT('',#1029);
#1029 = CARTESIAN_POINT('',(227.59375,12.225,0.));
#1030 = LINE('',#1031,#1032);
#1031 = CARTESIAN_POINT('',(227.59375,7.755,0.));
#1032 = VECTOR('',#1033,1.);
#1033 = DIRECTION('',(0.,1.,0.));
#1034 = ORIENTED_EDGE('',*,*,#1035,.T.);
#1035 = EDGE_CURVE('',#1028,#1036,#1038,.T.);
#1036 = VERTEX_POINT('',#1037);
#1037 = CARTESIAN_POINT('',(187.96875,12.225,0.));
#1038 = LINE('',#1039,#1040);
#1039 = CARTESIAN_POINT('',(227.59375,12.225,0.));
#1040 = VECTOR('',#1041,1.);
#1041 = DIRECTION('',(-1.,0.,0.));
#1042 = ORIENTED_EDGE('',*,*,#1043,.T.);
#1043 = EDGE_CURVE('',#1036,#1044,#1046,.T.);
#1044 = VERTEX_POINT('',#1045);
#1045 = CARTESIAN_POINT('',(187.96875,7.525,0.));
#1046 = LINE('',#1047,#1048);
#1047 = CARTESIAN_POINT('',(187.96875,12.225,0.));
#1048 = VECTOR('',#1049,1.);
#1049 = DIRECTION('',(0.,-1.,0.));
#1050 = ORIENTED_EDGE('',*,*,#1051,.T.);
#1051 = EDGE_CURVE('',#1044,#1052,#1054,.T.);
#1052 = VERTEX_POINT('',#1053);
#1053 = CARTESIAN_POINT('',(173.96875,7.525,0.));
#1054 = LINE('',#1055,#1056);
#1055 = CARTESIAN_POINT('',(187.96875,7.525,0.));
#1056 = VECTOR('',#1057,1.);
#1057 = DIRECTION('',(-1.,0.,0.));
#1058 = ORIENTED_EDGE('',*,*,#1059,.T.);
#1059 = EDGE_CURVE('',#1052,#1060,#1062,.T.);
#1060 = VERTEX_POINT('',#1061);
#1061 = CARTESIAN_POINT('',(173.96875,12.225,0.));
#1062 = LINE('',#1063,#1064);
#1063 = CARTESIAN_POINT('',(173.96875,7.525,0.));
#1064 = VECTOR('',#1065,1.);
#1065 = DIRECTION('',(0.,1.,0.));
#1066 = ORIENTED_EDGE('',*,*,#1067,.F.);
#1067 = EDGE_CURVE('',#1068,#1060,#1070,.T.);
#1068 = VERTEX_POINT('',#1069);
#1069 = CARTESIAN_POINT('',(134.34375,12.225,0.));
#1070 = LINE('',#1071,#1072);
#1071 = CARTESIAN_POINT('',(134.34375,12.225,0.));
#1072 = VECTOR('',#1073,1.);
#1073 = DIRECTION('',(1.,0.,0.));
#1074 = ORIENTED_EDGE('',*,*,#1075,.F.);
#1075 = EDGE_CURVE('',#1076,#1068,#1078,.T.);
#1076 = VERTEX_POINT('',#1077);
#1077 = CARTESIAN_POINT('',(134.34375,7.755,0.));
#1078 = LINE('',#1079,#1080);
#1079 = CARTESIAN_POINT('',(134.34375,7.755,0.));
#1080 = VECTOR('',#1081,1.);
#1081 = DIRECTION('',(0.,1.,0.));
#1082 = ORIENTED_EDGE('',*,*,#1083,.F.);
#1083 = EDGE_CURVE('',#1084,#1076,#1086,.T.);
#1084 = VERTEX_POINT('',#1085);
#1085 = CARTESIAN_POINT('',(132.61875,7.755,0.));
#1086 = LINE('',#1087,#1088);
#1087 = CARTESIAN_POINT('',(132.61875,7.755,0.));
#1088 = VECTOR('',#1089,1.);
#1089 = DIRECTION('',(1.,0.,0.));
#1090 = ORIENTED_EDGE('',*,*,#1091,.F.);
#1091 = EDGE_CURVE('',#1092,#1084,#1094,.T.);
#1092 = VERTEX_POINT('',#1093);
#1093 = CARTESIAN_POINT('',(132.61875,6.555,0.));
#1094 = LINE('',#1095,#1096);
#1095 = CARTESIAN_POINT('',(132.61875,6.555,0.));
#1096 = VECTOR('',#1097,1.);
#1097 = DIRECTION('',(0.,1.,0.));
#1098 = ORIENTED_EDGE('',*,*,#1099,.F.);
#1099 = EDGE_CURVE('',#1100,#1092,#1102,.T.);
#1100 = VERTEX_POINT('',#1101);
#1101 = CARTESIAN_POINT('',(129.31875,6.555,0.));
#1102 = LINE('',#1103,#1104);
#1103 = CARTESIAN_POINT('',(129.31875,6.555,0.));
#1104 = VECTOR('',#1105,1.);
#1105 = DIRECTION('',(1.,0.,0.));
#1106 = ORIENTED_EDGE('',*,*,#1107,.F.);
#1107 = EDGE_CURVE('',#1108,#1100,#1110,.T.);
#1108 = VERTEX_POINT('',#1109);
#1109 = CARTESIAN_POINT('',(129.31875,7.755,0.));
#1110 = LINE('',#1111,#1112);
#1111 = CARTESIAN_POINT('',(129.31875,7.755,0.));
#1112 = VECTOR('',#1113,1.);
#1113 = DIRECTION('',(0.,-1.,0.));
#1114 = ORIENTED_EDGE('',*,*,#1115,.F.);
#1115 = EDGE_CURVE('',#1116,#1108,#1118,.T.);
#1116 = VERTEX_POINT('',#1117);
#1117 = CARTESIAN_POINT('',(127.59375,7.755,0.));
#1118 = LINE('',#1119,#1120);
#1119 = CARTESIAN_POINT('',(127.59375,7.755,0.));
#1120 = VECTOR('',#1121,1.);
#1121 = DIRECTION('',(1.,0.,0.));
#1122 = ORIENTED_EDGE('',*,*,#1123,.F.);
#1123 = EDGE_CURVE('',#1124,#1116,#1126,.T.);
#1124 = VERTEX_POINT('',#1125);
#1125 = CARTESIAN_POINT('',(127.59375,14.025,0.));
#1126 = LINE('',#1127,#1128);
#1127 = CARTESIAN_POINT('',(127.59375,14.025,0.));
#1128 = VECTOR('',#1129,1.);
#1129 = DIRECTION('',(0.,-1.,0.));
#1130 = ORIENTED_EDGE('',*,*,#1131,.F.);
#1131 = EDGE_CURVE('',#1132,#1124,#1134,.T.);
#1132 = VERTEX_POINT('',#1133);
#1133 = CARTESIAN_POINT('',(126.76875,14.025,0.));
#1134 = LINE('',#1135,#1136);
#1135 = CARTESIAN_POINT('',(126.76875,14.025,0.));
#1136 = VECTOR('',#1137,1.);
#1137 = DIRECTION('',(1.,0.,0.));
#1138 = ORIENTED_EDGE('',*,*,#1139,.F.);
#1139 = EDGE_CURVE('',#1140,#1132,#1142,.T.);
#1140 = VERTEX_POINT('',#1141);
#1141 = CARTESIAN_POINT('',(126.76875,16.825,0.));
#1142 = LINE('',#1143,#1144);
#1143 = CARTESIAN_POINT('',(126.76875,16.825,0.));
#1144 = VECTOR('',#1145,1.);
#1145 = DIRECTION('',(0.,-1.,0.));
#1146 = ORIENTED_EDGE('',*,*,#1147,.F.);
#1147 = EDGE_CURVE('',#1148,#1140,#1150,.T.);
#1148 = VERTEX_POINT('',#1149);
#1149 = CARTESIAN_POINT('',(127.59375,16.825,0.));
#1150 = LINE('',#1151,#1152);
#1151 = CARTESIAN_POINT('',(127.59375,16.825,0.));
#1152 = VECTOR('',#1153,1.);
#1153 = DIRECTION('',(-1.,0.,0.));
#1154 = ORIENTED_EDGE('',*,*,#1155,.F.);
#1155 = EDGE_CURVE('',#1156,#1148,#1158,.T.);
#1156 = VERTEX_POINT('',#1157);
#1157 = CARTESIAN_POINT('',(127.59375,20.055,0.));
#1158 = LINE('',#1159,#1160);
#1159 = CARTESIAN_POINT('',(127.59375,20.055,0.));
#1160 = VECTOR('',#1161,1.);
#1161 = DIRECTION('',(0.,-1.,0.));
#1162 = ORIENTED_EDGE('',*,*,#1163,.T.);
#1163 = EDGE_CURVE('',#1156,#1164,#1166,.T.);
#1164 = VERTEX_POINT('',#1165);
#1165 = CARTESIAN_POINT('',(134.34375,20.055,0.));
#1166 = LINE('',#1167,#1168);
#1167 = CARTESIAN_POINT('',(127.59375,20.055,0.));
#1168 = VECTOR('',#1169,1.);
#1169 = DIRECTION('',(1.,0.,0.));
#1170 = ORIENTED_EDGE('',*,*,#1171,.F.);
#1171 = EDGE_CURVE('',#1172,#1164,#1174,.T.);
#1172 = VERTEX_POINT('',#1173);
#1173 = CARTESIAN_POINT('',(134.34375,16.825,0.));
#1174 = LINE('',#1175,#1176);
#1175 = CARTESIAN_POINT('',(134.34375,16.825,0.));
#1176 = VECTOR('',#1177,1.);
#1177 = DIRECTION('',(0.,1.,0.));
#1178 = ORIENTED_EDGE('',*,*,#1179,.F.);
#1179 = EDGE_CURVE('',#900,#1172,#1180,.T.);
#1180 = LINE('',#1181,#1182);
#1181 = CARTESIAN_POINT('',(173.96875,16.825,0.));
#1182 = VECTOR('',#1183,1.);
#1183 = DIRECTION('',(-1.,0.,0.));
#1184 = FACE_BOUND('',#1185,.F.);
#1185 = EDGE_LOOP('',(#1186,#1196,#1204,#1212));
#1186 = ORIENTED_EDGE('',*,*,#1187,.F.);
#1187 = EDGE_CURVE('',#1188,#1190,#1192,.T.);
#1188 = VERTEX_POINT('',#1189);
#1189 = CARTESIAN_POINT('',(243.025,21.525,0.));
#1190 = VERTEX_POINT('',#1191);
#1191 = CARTESIAN_POINT('',(243.025,7.525,0.));
#1192 = LINE('',#1193,#1194);
#1193 = CARTESIAN_POINT('',(243.025,21.525,0.));
#1194 = VECTOR('',#1195,1.);
#1195 = DIRECTION('',(0.,-1.,0.));
#1196 = ORIENTED_EDGE('',*,*,#1197,.F.);
#1197 = EDGE_CURVE('',#1198,#1188,#1200,.T.);
#1198 = VERTEX_POINT('',#1199);
#1199 = CARTESIAN_POINT('',(257.025,21.525,0.));
#1200 = LINE('',#1201,#1202);
#1201 = CARTESIAN_POINT('',(257.025,21.525,0.));
#1202 = VECTOR('',#1203,1.);
#1203 = DIRECTION('',(-1.,0.,0.));
#1204 = ORIENTED_EDGE('',*,*,#1205,.F.);
#1205 = EDGE_CURVE('',#1206,#1198,#1208,.T.);
#1206 = VERTEX_POINT('',#1207);
#1207 = CARTESIAN_POINT('',(257.025,7.525,0.));
#1208 = LINE('',#1209,#1210);
#1209 = CARTESIAN_POINT('',(257.025,7.525,0.));
#1210 = VECTOR('',#1211,1.);
#1211 = DIRECTION('',(0.,1.,0.));
#1212 = ORIENTED_EDGE('',*,*,#1213,.F.);
#1213 = EDGE_CURVE('',#1190,#1206,#1214,.T.);
#1214 = LINE('',#1215,#1216);
#1215 = CARTESIAN_POINT('',(243.025,7.525,0.));
#1216 = VECTOR('',#1217,1.);
#1217 = DIRECTION('',(1.,0.,0.));
#1218 = FACE_BOUND('',#1219,.F.);
#1219 = EDGE_LOOP('',(#1220,#1230,#1238,#1246));
#1220 = ORIENTED_EDGE('',*,*,#1221,.F.);
#1221 = EDGE_CURVE('',#1222,#1224,#1226,.T.);
#1222 = VERTEX_POINT('',#1223);
#1223 = CARTESIAN_POINT('',(185.875,40.575,0.));
#1224 = VERTEX_POINT('',#1225);
#1225 = CARTESIAN_POINT('',(185.875,26.575,0.));
#1226 = LINE('',#1227,#1228);
#1227 = CARTESIAN_POINT('',(185.875,40.575,0.));
#1228 = VECTOR('',#1229,1.);
#1229 = DIRECTION('',(0.,-1.,0.));
#1230 = ORIENTED_EDGE('',*,*,#1231,.F.);
#1231 = EDGE_CURVE('',#1232,#1222,#1234,.T.);
#1232 = VERTEX_POINT('',#1233);
#1233 = CARTESIAN_POINT('',(199.875,40.575,0.));
#1234 = LINE('',#1235,#1236);
#1235 = CARTESIAN_POINT('',(199.875,40.575,0.));
#1236 = VECTOR('',#1237,1.);
#1237 = DIRECTION('',(-1.,0.,0.));
#1238 = ORIENTED_EDGE('',*,*,#1239,.F.);
#1239 = EDGE_CURVE('',#1240,#1232,#1242,.T.);
#1240 = VERTEX_POINT('',#1241);
#1241 = CARTESIAN_POINT('',(199.875,26.575,0.));
#1242 = LINE('',#1243,#1244);
#1243 = CARTESIAN_POINT('',(199.875,26.575,0.));
#1244 = VECTOR('',#1245,1.);
#1245 = DIRECTION('',(0.,1.,0.));
#1246 = ORIENTED_EDGE('',*,*,#1247,.F.);
#1247 = EDGE_CURVE('',#1224,#1240,#1248,.T.);
#1248 = LINE('',#1249,#1250);
#1249 = CARTESIAN_POINT('',(185.875,26.575,0.));
#1250 = VECTOR('',#1251,1.);
#1251 = DIRECTION('',(1.,0.,0.));
#1252 = FACE_BOUND('',#1253,.F.);
#1253 = EDGE_LOOP('',(#1254,#1264,#1272,#1280));
#1254 = ORIENTED_EDGE('',*,*,#1255,.F.);
#1255 = EDGE_CURVE('',#1256,#1258,#1260,.T.);
#1256 = VERTEX_POINT('',#1257);
#1257 = CARTESIAN_POINT('',(204.925,40.575,0.));
#1258 = VERTEX_POINT('',#1259);
#1259 = CARTESIAN_POINT('',(204.925,26.575,0.));
#1260 = LINE('',#1261,#1262);
#1261 = CARTESIAN_POINT('',(204.925,40.575,0.));
#1262 = VECTOR('',#1263,1.);
#1263 = DIRECTION('',(0.,-1.,0.));
#1264 = ORIENTED_EDGE('',*,*,#1265,.F.);
#1265 = EDGE_CURVE('',#1266,#1256,#1268,.T.);
#1266 = VERTEX_POINT('',#1267);
#1267 = CARTESIAN_POINT('',(218.925,40.575,0.));
#1268 = LINE('',#1269,#1270);
#1269 = CARTESIAN_POINT('',(218.925,40.575,0.));
#1270 = VECTOR('',#1271,1.);
#1271 = DIRECTION('',(-1.,0.,0.));
#1272 = ORIENTED_EDGE('',*,*,#1273,.F.);
#1273 = EDGE_CURVE('',#1274,#1266,#1276,.T.);
#1274 = VERTEX_POINT('',#1275);
#1275 = CARTESIAN_POINT('',(218.925,26.575,0.));
#1276 = LINE('',#1277,#1278);
#1277 = CARTESIAN_POINT('',(218.925,26.575,0.));
#1278 = VECTOR('',#1279,1.);
#1279 = DIRECTION('',(0.,1.,0.));
#1280 = ORIENTED_EDGE('',*,*,#1281,.F.);
#1281 = EDGE_CURVE('',#1258,#1274,#1282,.T.);
#1282 = LINE('',#1283,#1284);
#1283 = CARTESIAN_POINT('',(204.925,26.575,0.));
#1284 = VECTOR('',#1285,1.);
#1285 = DIRECTION('',(1.,0.,0.));
#1286 = FACE_BOUND('',#1287,.F.);
#1287 = EDGE_LOOP('',(#1288,#1298,#1306,#1314));
#1288 = ORIENTED_EDGE('',*,*,#1289,.F.);
#1289 = EDGE_CURVE('',#1290,#1292,#1294,.T.);
#1290 = VERTEX_POINT('',#1291);
#1291 = CARTESIAN_POINT('',(223.975,40.575,0.));
#1292 = VERTEX_POINT('',#1293);
#1293 = CARTESIAN_POINT('',(223.975,26.575,0.));
#1294 = LINE('',#1295,#1296);
#1295 = CARTESIAN_POINT('',(223.975,40.575,0.));
#1296 = VECTOR('',#1297,1.);
#1297 = DIRECTION('',(0.,-1.,0.));
#1298 = ORIENTED_EDGE('',*,*,#1299,.F.);
#1299 = EDGE_CURVE('',#1300,#1290,#1302,.T.);
#1300 = VERTEX_POINT('',#1301);
#1301 = CARTESIAN_POINT('',(237.975,40.575,0.));
#1302 = LINE('',#1303,#1304);
#1303 = CARTESIAN_POINT('',(237.975,40.575,0.));
#1304 = VECTOR('',#1305,1.);
#1305 = DIRECTION('',(-1.,0.,0.));
#1306 = ORIENTED_EDGE('',*,*,#1307,.F.);
#1307 = EDGE_CURVE('',#1308,#1300,#1310,.T.);
#1308 = VERTEX_POINT('',#1309);
#1309 = CARTESIAN_POINT('',(237.975,26.575,0.));
#1310 = LINE('',#1311,#1312);
#1311 = CARTESIAN_POINT('',(237.975,26.575,0.));
#1312 = VECTOR('',#1313,1.);
#1313 = DIRECTION('',(0.,1.,0.));
#1314 = ORIENTED_EDGE('',*,*,#1315,.F.);
#1315 = EDGE_CURVE('',#1292,#1308,#1316,.T.);
#1316 = LINE('',#1317,#1318);
#1317 = CARTESIAN_POINT('',(223.975,26.575,0.));
#1318 = VECTOR('',#1319,1.);
#1319 = DIRECTION('',(1.,0.,0.));
#1320 = FACE_BOUND('',#1321,.F.);
#1321 = EDGE_LOOP('',(#1322,#1332,#1340,#1348));
#1322 = ORIENTED_EDGE('',*,*,#1323,.F.);
#1323 = EDGE_CURVE('',#1324,#1326,#1328,.T.);
#1324 = VERTEX_POINT('',#1325);
#1325 = CARTESIAN_POINT('',(243.025,40.575,0.));
#1326 = VERTEX_POINT('',#1327);
#1327 = CARTESIAN_POINT('',(243.025,26.575,0.));
#1328 = LINE('',#1329,#1330);
#1329 = CARTESIAN_POINT('',(243.025,40.575,0.));
#1330 = VECTOR('',#1331,1.);
#1331 = DIRECTION('',(0.,-1.,0.));
#1332 = ORIENTED_EDGE('',*,*,#1333,.F.);
#1333 = EDGE_CURVE('',#1334,#1324,#1336,.T.);
#1334 = VERTEX_POINT('',#1335);
#1335 = CARTESIAN_POINT('',(257.025,40.575,0.));
#1336 = LINE('',#1337,#1338);
#1337 = CARTESIAN_POINT('',(257.025,40.575,0.));
#1338 = VECTOR('',#1339,1.);
#1339 = DIRECTION('',(-1.,0.,0.));
#1340 = ORIENTED_EDGE('',*,*,#1341,.F.);
#1341 = EDGE_CURVE('',#1342,#1334,#1344,.T.);
#1342 = VERTEX_POINT('',#1343);
#1343 = CARTESIAN_POINT('',(257.025,26.575,0.));
#1344 = LINE('',#1345,#1346);
#1345 = CARTESIAN_POINT('',(257.025,26.575,0.));
#1346 = VECTOR('',#1347,1.);
#1347 = DIRECTION('',(0.,1.,0.));
#1348 = ORIENTED_EDGE('',*,*,#1349,.F.);
#1349 = EDGE_CURVE('',#1326,#1342,#1350,.T.);
#1350 = LINE('',#1351,#1352);
#1351 = CARTESIAN_POINT('',(243.025,26.575,0.));
#1352 = VECTOR('',#1353,1.);
#1353 = DIRECTION('',(1.,0.,0.));
#1354 = FACE_BOUND('',#1355,.F.);
#1355 = EDGE_LOOP('',(#1356,#1366,#1374,#1382));
#1356 = ORIENTED_EDGE('',*,*,#1357,.F.);
#1357 = EDGE_CURVE('',#1358,#1360,#1362,.T.);
#1358 = VERTEX_POINT('',#1359);
#1359 = CARTESIAN_POINT('',(262.075,21.525,0.));
#1360 = VERTEX_POINT('',#1361);
#1361 = CARTESIAN_POINT('',(262.075,7.525,0.));
#1362 = LINE('',#1363,#1364);
#1363 = CARTESIAN_POINT('',(262.075,21.525,0.));
#1364 = VECTOR('',#1365,1.);
#1365 = DIRECTION('',(0.,-1.,0.));
#1366 = ORIENTED_EDGE('',*,*,#1367,.F.);
#1367 = EDGE_CURVE('',#1368,#1358,#1370,.T.);
#1368 = VERTEX_POINT('',#1369);
#1369 = CARTESIAN_POINT('',(276.075,21.525,0.));
#1370 = LINE('',#1371,#1372);
#1371 = CARTESIAN_POINT('',(276.075,21.525,0.));
#1372 = VECTOR('',#1373,1.);
#1373 = DIRECTION('',(-1.,0.,0.));
#1374 = ORIENTED_EDGE('',*,*,#1375,.F.);
#1375 = EDGE_CURVE('',#1376,#1368,#1378,.T.);
#1376 = VERTEX_POINT('',#1377);
#1377 = CARTESIAN_POINT('',(276.075,7.525,0.));
#1378 = LINE('',#1379,#1380);
#1379 = CARTESIAN_POINT('',(276.075,7.525,0.));
#1380 = VECTOR('',#1381,1.);
#1381 = DIRECTION('',(0.,1.,0.));
#1382 = ORIENTED_EDGE('',*,*,#1383,.F.);
#1383 = EDGE_CURVE('',#1360,#1376,#1384,.T.);
#1384 = LINE('',#1385,#1386);
#1385 = CARTESIAN_POINT('',(262.075,7.525,0.));
#1386 = VECTOR('',#1387,1.);
#1387 = DIRECTION('',(1.,0.,0.));
#1388 = FACE_BOUND('',#1389,.F.);
#1389 = EDGE_LOOP('',(#1390,#1400,#1408,#1416));
#1390 = ORIENTED_EDGE('',*,*,#1391,.F.);
#1391 = EDGE_CURVE('',#1392,#1394,#1396,.T.);
#1392 = VERTEX_POINT('',#1393);
#1393 = CARTESIAN_POINT('',(281.125,21.525,0.));
#1394 = VERTEX_POINT('',#1395);
#1395 = CARTESIAN_POINT('',(281.125,7.525,0.));
#1396 = LINE('',#1397,#1398);
#1397 = CARTESIAN_POINT('',(281.125,21.525,0.));
#1398 = VECTOR('',#1399,1.);
#1399 = DIRECTION('',(0.,-1.,0.));
#1400 = ORIENTED_EDGE('',*,*,#1401,.F.);
#1401 = EDGE_CURVE('',#1402,#1392,#1404,.T.);
#1402 = VERTEX_POINT('',#1403);
#1403 = CARTESIAN_POINT('',(295.125,21.525,0.));
#1404 = LINE('',#1405,#1406);
#1405 = CARTESIAN_POINT('',(295.125,21.525,0.));
#1406 = VECTOR('',#1407,1.);
#1407 = DIRECTION('',(-1.,0.,0.));
#1408 = ORIENTED_EDGE('',*,*,#1409,.F.);
#1409 = EDGE_CURVE('',#1410,#1402,#1412,.T.);
#1410 = VERTEX_POINT('',#1411);
#1411 = CARTESIAN_POINT('',(295.125,7.525,0.));
#1412 = LINE('',#1413,#1414);
#1413 = CARTESIAN_POINT('',(295.125,7.525,0.));
#1414 = VECTOR('',#1415,1.);
#1415 = DIRECTION('',(0.,1.,0.));
#1416 = ORIENTED_EDGE('',*,*,#1417,.F.);
#1417 = EDGE_CURVE('',#1394,#1410,#1418,.T.);
#1418 = LINE('',#1419,#1420);
#1419 = CARTESIAN_POINT('',(281.125,7.525,0.));
#1420 = VECTOR('',#1421,1.);
#1421 = DIRECTION('',(1.,0.,0.));
#1422 = FACE_BOUND('',#1423,.F.);
#1423 = EDGE_LOOP('',(#1424,#1434,#1442,#1450));
#1424 = ORIENTED_EDGE('',*,*,#1425,.F.);
#1425 = EDGE_CURVE('',#1426,#1428,#1430,.T.);
#1426 = VERTEX_POINT('',#1427);
#1427 = CARTESIAN_POINT('',(300.175,21.525,0.));
#1428 = VERTEX_POINT('',#1429);
#1429 = CARTESIAN_POINT('',(300.175,7.525,0.));
#1430 = LINE('',#1431,#1432);
#1431 = CARTESIAN_POINT('',(300.175,21.525,0.));
#1432 = VECTOR('',#1433,1.);
#1433 = DIRECTION('',(0.,-1.,0.));
#1434 = ORIENTED_EDGE('',*,*,#1435,.F.);
#1435 = EDGE_CURVE('',#1436,#1426,#1438,.T.);
#1436 = VERTEX_POINT('',#1437);
#1437 = CARTESIAN_POINT('',(314.175,21.525,0.));
#1438 = LINE('',#1439,#1440);
#1439 = CARTESIAN_POINT('',(314.175,21.525,0.));
#1440 = VECTOR('',#1441,1.);
#1441 = DIRECTION('',(-1.,0.,0.));
#1442 = ORIENTED_EDGE('',*,*,#1443,.F.);
#1443 = EDGE_CURVE('',#1444,#1436,#1446,.T.);
#1444 = VERTEX_POINT('',#1445);
#1445 = CARTESIAN_POINT('',(314.175,7.525,0.));
#1446 = LINE('',#1447,#1448);
#1447 = CARTESIAN_POINT('',(314.175,7.525,0.));
#1448 = VECTOR('',#1449,1.);
#1449 = DIRECTION('',(0.,1.,0.));
#1450 = ORIENTED_EDGE('',*,*,#1451,.F.);
#1451 = EDGE_CURVE('',#1428,#1444,#1452,.T.);
#1452 = LINE('',#1453,#1454);
#1453 = CARTESIAN_POINT('',(300.175,7.525,0.));
#1454 = VECTOR('',#1455,1.);
#1455 = DIRECTION('',(1.,0.,0.));
#1456 = FACE_BOUND('',#1457,.F.);
#1457 = EDGE_LOOP('',(#1458,#1468,#1476,#1484));
#1458 = ORIENTED_EDGE('',*,*,#1459,.F.);
#1459 = EDGE_CURVE('',#1460,#1462,#1464,.T.);
#1460 = VERTEX_POINT('',#1461);
#1461 = CARTESIAN_POINT('',(319.225,21.525,0.));
#1462 = VERTEX_POINT('',#1463);
#1463 = CARTESIAN_POINT('',(319.225,7.525,0.));
#1464 = LINE('',#1465,#1466);
#1465 = CARTESIAN_POINT('',(319.225,21.525,0.));
#1466 = VECTOR('',#1467,1.);
#1467 = DIRECTION('',(0.,-1.,0.));
#1468 = ORIENTED_EDGE('',*,*,#1469,.F.);
#1469 = EDGE_CURVE('',#1470,#1460,#1472,.T.);
#1470 = VERTEX_POINT('',#1471);
#1471 = CARTESIAN_POINT('',(333.225,21.525,0.));
#1472 = LINE('',#1473,#1474);
#1473 = CARTESIAN_POINT('',(333.225,21.525,0.));
#1474 = VECTOR('',#1475,1.);
#1475 = DIRECTION('',(-1.,0.,0.));
#1476 = ORIENTED_EDGE('',*,*,#1477,.F.);
#1477 = EDGE_CURVE('',#1478,#1470,#1480,.T.);
#1478 = VERTEX_POINT('',#1479);
#1479 = CARTESIAN_POINT('',(333.225,7.525,0.));
#1480 = LINE('',#1481,#1482);
#1481 = CARTESIAN_POINT('',(333.225,7.525,0.));
#1482 = VECTOR('',#1483,1.);
#1483 = DIRECTION('',(0.,1.,0.));
#1484 = ORIENTED_EDGE('',*,*,#1485,.F.);
#1485 = EDGE_CURVE('',#1462,#1478,#1486,.T.);
#1486 = LINE('',#1487,#1488);
#1487 = CARTESIAN_POINT('',(319.225,7.525,0.));
#1488 = VECTOR('',#1489,1.);
#1489 = DIRECTION('',(1.,0.,0.));
#1490 = FACE_BOUND('',#1491,.F.);
#1491 = EDGE_LOOP('',(#1492,#1502,#1510,#1518));
#1492 = ORIENTED_EDGE('',*,*,#1493,.F.);
#1493 = EDGE_CURVE('',#1494,#1496,#1498,.T.);
#1494 = VERTEX_POINT('',#1495);
#1495 = CARTESIAN_POINT('',(338.275,21.525,0.));
#1496 = VERTEX_POINT('',#1497);
#1497 = CARTESIAN_POINT('',(338.275,7.525,0.));
#1498 = LINE('',#1499,#1500);
#1499 = CARTESIAN_POINT('',(338.275,21.525,0.));
#1500 = VECTOR('',#1501,1.);
#1501 = DIRECTION('',(0.,-1.,0.));
#1502 = ORIENTED_EDGE('',*,*,#1503,.F.);
#1503 = EDGE_CURVE('',#1504,#1494,#1506,.T.);
#1504 = VERTEX_POINT('',#1505);
#1505 = CARTESIAN_POINT('',(352.275,21.525,0.));
#1506 = LINE('',#1507,#1508);
#1507 = CARTESIAN_POINT('',(352.275,21.525,0.));
#1508 = VECTOR('',#1509,1.);
#1509 = DIRECTION('',(-1.,0.,0.));
#1510 = ORIENTED_EDGE('',*,*,#1511,.F.);
#1511 = EDGE_CURVE('',#1512,#1504,#1514,.T.);
#1512 = VERTEX_POINT('',#1513);
#1513 = CARTESIAN_POINT('',(352.275,7.525,0.));
#1514 = LINE('',#1515,#1516);
#1515 = CARTESIAN_POINT('',(352.275,7.525,0.));
#1516 = VECTOR('',#1517,1.);
#1517 = DIRECTION('',(0.,1.,0.));
#1518 = ORIENTED_EDGE('',*,*,#1519,.F.);
#1519 = EDGE_CURVE('',#1496,#1512,#1520,.T.);
#1520 = LINE('',#1521,#1522);
#1521 = CARTESIAN_POINT('',(338.275,7.525,0.));
#1522 = VECTOR('',#1523,1.);
#1523 = DIRECTION('',(1.,0.,0.));
#1524 = FACE_BOUND('',#1525,.F.);
#1525 = EDGE_LOOP('',(#1526,#1536,#1544,#1552));
#1526 = ORIENTED_EDGE('',*,*,#1527,.F.);
#1527 = EDGE_CURVE('',#1528,#1530,#1532,.T.);
#1528 = VERTEX_POINT('',#1529);
#1529 = CARTESIAN_POINT('',(262.075,40.575,0.));
#1530 = VERTEX_POINT('',#1531);
#1531 = CARTESIAN_POINT('',(262.075,26.575,0.));
#1532 = LINE('',#1533,#1534);
#1533 = CARTESIAN_POINT('',(262.075,40.575,0.));
#1534 = VECTOR('',#1535,1.);
#1535 = DIRECTION('',(0.,-1.,0.));
#1536 = ORIENTED_EDGE('',*,*,#1537,.F.);
#1537 = EDGE_CURVE('',#1538,#1528,#1540,.T.);
#1538 = VERTEX_POINT('',#1539);
#1539 = CARTESIAN_POINT('',(276.075,40.575,0.));
#1540 = LINE('',#1541,#1542);
#1541 = CARTESIAN_POINT('',(276.075,40.575,0.));
#1542 = VECTOR('',#1543,1.);
#1543 = DIRECTION('',(-1.,0.,0.));
#1544 = ORIENTED_EDGE('',*,*,#1545,.F.);
#1545 = EDGE_CURVE('',#1546,#1538,#1548,.T.);
#1546 = VERTEX_POINT('',#1547);
#1547 = CARTESIAN_POINT('',(276.075,26.575,0.));
#1548 = LINE('',#1549,#1550);
#1549 = CARTESIAN_POINT('',(276.075,26.575,0.));
#1550 = VECTOR('',#1551,1.);
#1551 = DIRECTION('',(0.,1.,0.));
#1552 = ORIENTED_EDGE('',*,*,#1553,.F.);
#1553 = EDGE_CURVE('',#1530,#1546,#1554,.T.);
#1554 = LINE('',#1555,#1556);
#1555 = CARTESIAN_POINT('',(262.075,26.575,0.));
#1556 = VECTOR('',#1557,1.);
#1557 = DIRECTION('',(1.,0.,0.));
#1558 = FACE_BOUND('',#1559,.F.);
#1559 = EDGE_LOOP('',(#1560,#1570,#1578,#1586,#1594,#1602,#1610,#1618,
    #1626,#1634,#1642,#1650,#1658,#1666,#1674,#1682,#1690,#1698,#1706,
    #1714,#1722,#1730,#1738,#1746,#1754,#1762,#1770,#1778,#1786,#1794,
    #1802,#1810,#1818,#1826,#1834,#1842));
#1560 = ORIENTED_EDGE('',*,*,#1561,.F.);
#1561 = EDGE_CURVE('',#1562,#1564,#1566,.T.);
#1562 = VERTEX_POINT('',#1563);
#1563 = CARTESIAN_POINT('',(290.65,40.575,0.));
#1564 = VERTEX_POINT('',#1565);
#1565 = CARTESIAN_POINT('',(290.65,35.875,0.));
#1566 = LINE('',#1567,#1568);
#1567 = CARTESIAN_POINT('',(290.65,40.575,0.));
#1568 = VECTOR('',#1569,1.);
#1569 = DIRECTION('',(0.,-1.,0.));
#1570 = ORIENTED_EDGE('',*,*,#1571,.T.);
#1571 = EDGE_CURVE('',#1562,#1572,#1574,.T.);
#1572 = VERTEX_POINT('',#1573);
#1573 = CARTESIAN_POINT('',(304.65,40.575,0.));
#1574 = LINE('',#1575,#1576);
#1575 = CARTESIAN_POINT('',(290.65,40.575,0.));
#1576 = VECTOR('',#1577,1.);
#1577 = DIRECTION('',(1.,0.,0.));
#1578 = ORIENTED_EDGE('',*,*,#1579,.T.);
#1579 = EDGE_CURVE('',#1572,#1580,#1582,.T.);
#1580 = VERTEX_POINT('',#1581);
#1581 = CARTESIAN_POINT('',(304.65,35.875,0.));
#1582 = LINE('',#1583,#1584);
#1583 = CARTESIAN_POINT('',(304.65,40.575,0.));
#1584 = VECTOR('',#1585,1.);
#1585 = DIRECTION('',(0.,-1.,0.));
#1586 = ORIENTED_EDGE('',*,*,#1587,.T.);
#1587 = EDGE_CURVE('',#1580,#1588,#1590,.T.);
#1588 = VERTEX_POINT('',#1589);
#1589 = CARTESIAN_POINT('',(306.175,35.875,0.));
#1590 = LINE('',#1591,#1592);
#1591 = CARTESIAN_POINT('',(304.65,35.875,0.));
#1592 = VECTOR('',#1593,1.);
#1593 = DIRECTION('',(1.,0.,0.));
#1594 = ORIENTED_EDGE('',*,*,#1595,.T.);
#1595 = EDGE_CURVE('',#1588,#1596,#1598,.T.);
#1596 = VERTEX_POINT('',#1597);
#1597 = CARTESIAN_POINT('',(306.175,39.105,0.));
#1598 = LINE('',#1599,#1600);
#1599 = CARTESIAN_POINT('',(306.175,35.875,0.));
#1600 = VECTOR('',#1601,1.);
#1601 = DIRECTION('',(0.,1.,0.));
#1602 = ORIENTED_EDGE('',*,*,#1603,.T.);
#1603 = EDGE_CURVE('',#1596,#1604,#1606,.T.);
#1604 = VERTEX_POINT('',#1605);
#1605 = CARTESIAN_POINT('',(312.925,39.105,0.));
#1606 = LINE('',#1607,#1608);
#1607 = CARTESIAN_POINT('',(306.175,39.105,0.));
#1608 = VECTOR('',#1609,1.);
#1609 = DIRECTION('',(1.,0.,0.));
#1610 = ORIENTED_EDGE('',*,*,#1611,.T.);
#1611 = EDGE_CURVE('',#1604,#1612,#1614,.T.);
#1612 = VERTEX_POINT('',#1613);
#1613 = CARTESIAN_POINT('',(312.925,35.875,0.));
#1614 = LINE('',#1615,#1616);
#1615 = CARTESIAN_POINT('',(312.925,39.105,0.));
#1616 = VECTOR('',#1617,1.);
#1617 = DIRECTION('',(0.,-1.,0.));
#1618 = ORIENTED_EDGE('',*,*,#1619,.T.);
#1619 = EDGE_CURVE('',#1612,#1620,#1622,.T.);
#1620 = VERTEX_POINT('',#1621);
#1621 = CARTESIAN_POINT('',(313.75,35.875,0.));
#1622 = LINE('',#1623,#1624);
#1623 = CARTESIAN_POINT('',(312.925,35.875,0.));
#1624 = VECTOR('',#1625,1.);
#1625 = DIRECTION('',(1.,0.,0.));
#1626 = ORIENTED_EDGE('',*,*,#1627,.T.);
#1627 = EDGE_CURVE('',#1620,#1628,#1630,.T.);
#1628 = VERTEX_POINT('',#1629);
#1629 = CARTESIAN_POINT('',(313.75,33.075,0.));
#1630 = LINE('',#1631,#1632);
#1631 = CARTESIAN_POINT('',(313.75,35.875,0.));
#1632 = VECTOR('',#1633,1.);
#1633 = DIRECTION('',(0.,-1.,0.));
#1634 = ORIENTED_EDGE('',*,*,#1635,.T.);
#1635 = EDGE_CURVE('',#1628,#1636,#1638,.T.);
#1636 = VERTEX_POINT('',#1637);
#1637 = CARTESIAN_POINT('',(312.925,33.075,0.));
#1638 = LINE('',#1639,#1640);
#1639 = CARTESIAN_POINT('',(313.75,33.075,0.));
#1640 = VECTOR('',#1641,1.);
#1641 = DIRECTION('',(-1.,0.,0.));
#1642 = ORIENTED_EDGE('',*,*,#1643,.T.);
#1643 = EDGE_CURVE('',#1636,#1644,#1646,.T.);
#1644 = VERTEX_POINT('',#1645);
#1645 = CARTESIAN_POINT('',(312.925,26.805,0.));
#1646 = LINE('',#1647,#1648);
#1647 = CARTESIAN_POINT('',(312.925,33.075,0.));
#1648 = VECTOR('',#1649,1.);
#1649 = DIRECTION('',(0.,-1.,0.));
#1650 = ORIENTED_EDGE('',*,*,#1651,.T.);
#1651 = EDGE_CURVE('',#1644,#1652,#1654,.T.);
#1652 = VERTEX_POINT('',#1653);
#1653 = CARTESIAN_POINT('',(311.2,26.805,0.));
#1654 = LINE('',#1655,#1656);
#1655 = CARTESIAN_POINT('',(312.925,26.805,0.));
#1656 = VECTOR('',#1657,1.);
#1657 = DIRECTION('',(-1.,0.,0.));
#1658 = ORIENTED_EDGE('',*,*,#1659,.T.);
#1659 = EDGE_CURVE('',#1652,#1660,#1662,.T.);
#1660 = VERTEX_POINT('',#1661);
#1661 = CARTESIAN_POINT('',(311.2,25.605,0.));
#1662 = LINE('',#1663,#1664);
#1663 = CARTESIAN_POINT('',(311.2,26.805,0.));
#1664 = VECTOR('',#1665,1.);
#1665 = DIRECTION('',(0.,-1.,0.));
#1666 = ORIENTED_EDGE('',*,*,#1667,.T.);
#1667 = EDGE_CURVE('',#1660,#1668,#1670,.T.);
#1668 = VERTEX_POINT('',#1669);
#1669 = CARTESIAN_POINT('',(307.9,25.605,0.));
#1670 = LINE('',#1671,#1672);
#1671 = CARTESIAN_POINT('',(311.2,25.605,0.));
#1672 = VECTOR('',#1673,1.);
#1673 = DIRECTION('',(-1.,0.,0.));
#1674 = ORIENTED_EDGE('',*,*,#1675,.T.);
#1675 = EDGE_CURVE('',#1668,#1676,#1678,.T.);
#1676 = VERTEX_POINT('',#1677);
#1677 = CARTESIAN_POINT('',(307.9,26.805,0.));
#1678 = LINE('',#1679,#1680);
#1679 = CARTESIAN_POINT('',(307.9,25.605,0.));
#1680 = VECTOR('',#1681,1.);
#1681 = DIRECTION('',(0.,1.,0.));
#1682 = ORIENTED_EDGE('',*,*,#1683,.T.);
#1683 = EDGE_CURVE('',#1676,#1684,#1686,.T.);
#1684 = VERTEX_POINT('',#1685);
#1685 = CARTESIAN_POINT('',(306.175,26.805,0.));
#1686 = LINE('',#1687,#1688);
#1687 = CARTESIAN_POINT('',(307.9,26.805,0.));
#1688 = VECTOR('',#1689,1.);
#1689 = DIRECTION('',(-1.,0.,0.));
#1690 = ORIENTED_EDGE('',*,*,#1691,.T.);
#1691 = EDGE_CURVE('',#1684,#1692,#1694,.T.);
#1692 = VERTEX_POINT('',#1693);
#1693 = CARTESIAN_POINT('',(306.175,31.275,0.));
#1694 = LINE('',#1695,#1696);
#1695 = CARTESIAN_POINT('',(306.175,26.805,0.));
#1696 = VECTOR('',#1697,1.);
#1697 = DIRECTION('',(0.,1.,0.));
#1698 = ORIENTED_EDGE('',*,*,#1699,.T.);
#1699 = EDGE_CURVE('',#1692,#1700,#1702,.T.);
#1700 = VERTEX_POINT('',#1701);
#1701 = CARTESIAN_POINT('',(304.65,31.275,0.));
#1702 = LINE('',#1703,#1704);
#1703 = CARTESIAN_POINT('',(306.175,31.275,0.));
#1704 = VECTOR('',#1705,1.);
#1705 = DIRECTION('',(-1.,0.,0.));
#1706 = ORIENTED_EDGE('',*,*,#1707,.T.);
#1707 = EDGE_CURVE('',#1700,#1708,#1710,.T.);
#1708 = VERTEX_POINT('',#1709);
#1709 = CARTESIAN_POINT('',(304.65,26.575,0.));
#1710 = LINE('',#1711,#1712);
#1711 = CARTESIAN_POINT('',(304.65,31.275,0.));
#1712 = VECTOR('',#1713,1.);
#1713 = DIRECTION('',(0.,-1.,0.));
#1714 = ORIENTED_EDGE('',*,*,#1715,.T.);
#1715 = EDGE_CURVE('',#1708,#1716,#1718,.T.);
#1716 = VERTEX_POINT('',#1717);
#1717 = CARTESIAN_POINT('',(290.65,26.575,0.));
#1718 = LINE('',#1719,#1720);
#1719 = CARTESIAN_POINT('',(304.65,26.575,0.));
#1720 = VECTOR('',#1721,1.);
#1721 = DIRECTION('',(-1.,0.,0.));
#1722 = ORIENTED_EDGE('',*,*,#1723,.T.);
#1723 = EDGE_CURVE('',#1716,#1724,#1726,.T.);
#1724 = VERTEX_POINT('',#1725);
#1725 = CARTESIAN_POINT('',(290.65,31.275,0.));
#1726 = LINE('',#1727,#1728);
#1727 = CARTESIAN_POINT('',(290.65,26.575,0.));
#1728 = VECTOR('',#1729,1.);
#1729 = DIRECTION('',(0.,1.,0.));
#1730 = ORIENTED_EDGE('',*,*,#1731,.F.);
#1731 = EDGE_CURVE('',#1732,#1724,#1734,.T.);
#1732 = VERTEX_POINT('',#1733);
#1733 = CARTESIAN_POINT('',(289.125,31.275,0.));
#1734 = LINE('',#1735,#1736);
#1735 = CARTESIAN_POINT('',(289.125,31.275,0.));
#1736 = VECTOR('',#1737,1.);
#1737 = DIRECTION('',(1.,0.,0.));
#1738 = ORIENTED_EDGE('',*,*,#1739,.F.);
#1739 = EDGE_CURVE('',#1740,#1732,#1742,.T.);
#1740 = VERTEX_POINT('',#1741);
#1741 = CARTESIAN_POINT('',(289.125,26.805,0.));
#1742 = LINE('',#1743,#1744);
#1743 = CARTESIAN_POINT('',(289.125,26.805,0.));
#1744 = VECTOR('',#1745,1.);
#1745 = DIRECTION('',(0.,1.,0.));
#1746 = ORIENTED_EDGE('',*,*,#1747,.F.);
#1747 = EDGE_CURVE('',#1748,#1740,#1750,.T.);
#1748 = VERTEX_POINT('',#1749);
#1749 = CARTESIAN_POINT('',(287.4,26.805,0.));
#1750 = LINE('',#1751,#1752);
#1751 = CARTESIAN_POINT('',(287.4,26.805,0.));
#1752 = VECTOR('',#1753,1.);
#1753 = DIRECTION('',(1.,0.,0.));
#1754 = ORIENTED_EDGE('',*,*,#1755,.F.);
#1755 = EDGE_CURVE('',#1756,#1748,#1758,.T.);
#1756 = VERTEX_POINT('',#1757);
#1757 = CARTESIAN_POINT('',(287.4,25.605,0.));
#1758 = LINE('',#1759,#1760);
#1759 = CARTESIAN_POINT('',(287.4,25.605,0.));
#1760 = VECTOR('',#1761,1.);
#1761 = DIRECTION('',(0.,1.,0.));
#1762 = ORIENTED_EDGE('',*,*,#1763,.F.);
#1763 = EDGE_CURVE('',#1764,#1756,#1766,.T.);
#1764 = VERTEX_POINT('',#1765);
#1765 = CARTESIAN_POINT('',(284.1,25.605,0.));
#1766 = LINE('',#1767,#1768);
#1767 = CARTESIAN_POINT('',(284.1,25.605,0.));
#1768 = VECTOR('',#1769,1.);
#1769 = DIRECTION('',(1.,0.,0.));
#1770 = ORIENTED_EDGE('',*,*,#1771,.F.);
#1771 = EDGE_CURVE('',#1772,#1764,#1774,.T.);
#1772 = VERTEX_POINT('',#1773);
#1773 = CARTESIAN_POINT('',(284.1,26.805,0.));
#1774 = LINE('',#1775,#1776);
#1775 = CARTESIAN_POINT('',(284.1,26.805,0.));
#1776 = VECTOR('',#1777,1.);
#1777 = DIRECTION('',(0.,-1.,0.));
#1778 = ORIENTED_EDGE('',*,*,#1779,.F.);
#1779 = EDGE_CURVE('',#1780,#1772,#1782,.T.);
#1780 = VERTEX_POINT('',#1781);
#1781 = CARTESIAN_POINT('',(282.375,26.805,0.));
#1782 = LINE('',#1783,#1784);
#1783 = CARTESIAN_POINT('',(282.375,26.805,0.));
#1784 = VECTOR('',#1785,1.);
#1785 = DIRECTION('',(1.,0.,0.));
#1786 = ORIENTED_EDGE('',*,*,#1787,.F.);
#1787 = EDGE_CURVE('',#1788,#1780,#1790,.T.);
#1788 = VERTEX_POINT('',#1789);
#1789 = CARTESIAN_POINT('',(282.375,33.075,0.));
#1790 = LINE('',#1791,#1792);
#1791 = CARTESIAN_POINT('',(282.375,33.075,0.));
#1792 = VECTOR('',#1793,1.);
#1793 = DIRECTION('',(0.,-1.,0.));
#1794 = ORIENTED_EDGE('',*,*,#1795,.F.);
#1795 = EDGE_CURVE('',#1796,#1788,#1798,.T.);
#1796 = VERTEX_POINT('',#1797);
#1797 = CARTESIAN_POINT('',(281.55,33.075,0.));
#1798 = LINE('',#1799,#1800);
#1799 = CARTESIAN_POINT('',(281.55,33.075,0.));
#1800 = VECTOR('',#1801,1.);
#1801 = DIRECTION('',(1.,0.,0.));
#1802 = ORIENTED_EDGE('',*,*,#1803,.F.);
#1803 = EDGE_CURVE('',#1804,#1796,#1806,.T.);
#1804 = VERTEX_POINT('',#1805);
#1805 = CARTESIAN_POINT('',(281.55,35.875,0.));
#1806 = LINE('',#1807,#1808);
#1807 = CARTESIAN_POINT('',(281.55,35.875,0.));
#1808 = VECTOR('',#1809,1.);
#1809 = DIRECTION('',(0.,-1.,0.));
#1810 = ORIENTED_EDGE('',*,*,#1811,.F.);
#1811 = EDGE_CURVE('',#1812,#1804,#1814,.T.);
#1812 = VERTEX_POINT('',#1813);
#1813 = CARTESIAN_POINT('',(282.375,35.875,0.));
#1814 = LINE('',#1815,#1816);
#1815 = CARTESIAN_POINT('',(282.375,35.875,0.));
#1816 = VECTOR('',#1817,1.);
#1817 = DIRECTION('',(-1.,0.,0.));
#1818 = ORIENTED_EDGE('',*,*,#1819,.F.);
#1819 = EDGE_CURVE('',#1820,#1812,#1822,.T.);
#1820 = VERTEX_POINT('',#1821);
#1821 = CARTESIAN_POINT('',(282.375,39.105,0.));
#1822 = LINE('',#1823,#1824);
#1823 = CARTESIAN_POINT('',(282.375,39.105,0.));
#1824 = VECTOR('',#1825,1.);
#1825 = DIRECTION('',(0.,-1.,0.));
#1826 = ORIENTED_EDGE('',*,*,#1827,.T.);
#1827 = EDGE_CURVE('',#1820,#1828,#1830,.T.);
#1828 = VERTEX_POINT('',#1829);
#1829 = CARTESIAN_POINT('',(289.125,39.105,0.));
#1830 = LINE('',#1831,#1832);
#1831 = CARTESIAN_POINT('',(282.375,39.105,0.));
#1832 = VECTOR('',#1833,1.);
#1833 = DIRECTION('',(1.,0.,0.));
#1834 = ORIENTED_EDGE('',*,*,#1835,.F.);
#1835 = EDGE_CURVE('',#1836,#1828,#1838,.T.);
#1836 = VERTEX_POINT('',#1837);
#1837 = CARTESIAN_POINT('',(289.125,35.875,0.));
#1838 = LINE('',#1839,#1840);
#1839 = CARTESIAN_POINT('',(289.125,35.875,0.));
#1840 = VECTOR('',#1841,1.);
#1841 = DIRECTION('',(0.,1.,0.));
#1842 = ORIENTED_EDGE('',*,*,#1843,.F.);
#1843 = EDGE_CURVE('',#1564,#1836,#1844,.T.);
#1844 = LINE('',#1845,#1846);
#1845 = CARTESIAN_POINT('',(290.65,35.875,0.));
#1846 = VECTOR('',#1847,1.);
#1847 = DIRECTION('',(-1.,0.,0.));
#1848 = FACE_BOUND('',#1849,.F.);
#1849 = EDGE_LOOP('',(#1850));
#1850 = ORIENTED_EDGE('',*,*,#1851,.F.);
#1851 = EDGE_CURVE('',#1852,#1852,#1854,.T.);
#1852 = VERTEX_POINT('',#1853);
#1853 = CARTESIAN_POINT('',(340.15,26.55,6.E-15));
#1854 = CIRCLE('',#1855,1.9);
#1855 = AXIS2_PLACEMENT_3D('',#1856,#1857,#1858);
#1856 = CARTESIAN_POINT('',(338.25,26.55,0.));
#1857 = DIRECTION('',(0.,-0.,1.));
#1858 = DIRECTION('',(1.,3.23E-15,0.));
#1859 = FACE_BOUND('',#1860,.F.);
#1860 = EDGE_LOOP('',(#1861,#1871,#1879,#1887));
#1861 = ORIENTED_EDGE('',*,*,#1862,.F.);
#1862 = EDGE_CURVE('',#1863,#1865,#1867,.T.);
#1863 = VERTEX_POINT('',#1864);
#1864 = CARTESIAN_POINT('',(319.225,40.575,0.));
#1865 = VERTEX_POINT('',#1866);
#1866 = CARTESIAN_POINT('',(319.225,26.575,0.));
#1867 = LINE('',#1868,#1869);
#1868 = CARTESIAN_POINT('',(319.225,40.575,0.));
#1869 = VECTOR('',#1870,1.);
#1870 = DIRECTION('',(0.,-1.,0.));
#1871 = ORIENTED_EDGE('',*,*,#1872,.F.);
#1872 = EDGE_CURVE('',#1873,#1863,#1875,.T.);
#1873 = VERTEX_POINT('',#1874);
#1874 = CARTESIAN_POINT('',(333.225,40.575,0.));
#1875 = LINE('',#1876,#1877);
#1876 = CARTESIAN_POINT('',(333.225,40.575,0.));
#1877 = VECTOR('',#1878,1.);
#1878 = DIRECTION('',(-1.,0.,0.));
#1879 = ORIENTED_EDGE('',*,*,#1880,.F.);
#1880 = EDGE_CURVE('',#1881,#1873,#1883,.T.);
#1881 = VERTEX_POINT('',#1882);
#1882 = CARTESIAN_POINT('',(333.225,26.575,0.));
#1883 = LINE('',#1884,#1885);
#1884 = CARTESIAN_POINT('',(333.225,26.575,0.));
#1885 = VECTOR('',#1886,1.);
#1886 = DIRECTION('',(0.,1.,0.));
#1887 = ORIENTED_EDGE('',*,*,#1888,.F.);
#1888 = EDGE_CURVE('',#1865,#1881,#1889,.T.);
#1889 = LINE('',#1890,#1891);
#1890 = CARTESIAN_POINT('',(319.225,26.575,0.));
#1891 = VECTOR('',#1892,1.);
#1892 = DIRECTION('',(1.,0.,0.));
#1893 = FACE_BOUND('',#1894,.F.);
#1894 = EDGE_LOOP('',(#1895));
#1895 = ORIENTED_EDGE('',*,*,#1896,.F.);
#1896 = EDGE_CURVE('',#1897,#1897,#1899,.T.);
#1897 = VERTEX_POINT('',#1898);
#1898 = CARTESIAN_POINT('',(348.875,32.05,0.));
#1899 = CIRCLE('',#1900,1.1);
#1900 = AXIS2_PLACEMENT_3D('',#1901,#1902,#1903);
#1901 = CARTESIAN_POINT('',(347.775,32.05,0.));
#1902 = DIRECTION('',(0.,0.,1.));
#1903 = DIRECTION('',(1.,0.,0.));
#1904 = FACE_BOUND('',#1905,.F.);
#1905 = EDGE_LOOP('',(#1906,#1916,#1924,#1932));
#1906 = ORIENTED_EDGE('',*,*,#1907,.F.);
#1907 = EDGE_CURVE('',#1908,#1910,#1912,.T.);
#1908 = VERTEX_POINT('',#1909);
#1909 = CARTESIAN_POINT('',(181.1125,59.625,0.));
#1910 = VERTEX_POINT('',#1911);
#1911 = CARTESIAN_POINT('',(181.1125,45.625,0.));
#1912 = LINE('',#1913,#1914);
#1913 = CARTESIAN_POINT('',(181.1125,59.625,0.));
#1914 = VECTOR('',#1915,1.);
#1915 = DIRECTION('',(0.,-1.,0.));
#1916 = ORIENTED_EDGE('',*,*,#1917,.F.);
#1917 = EDGE_CURVE('',#1918,#1908,#1920,.T.);
#1918 = VERTEX_POINT('',#1919);
#1919 = CARTESIAN_POINT('',(195.1125,59.625,0.));
#1920 = LINE('',#1921,#1922);
#1921 = CARTESIAN_POINT('',(195.1125,59.625,0.));
#1922 = VECTOR('',#1923,1.);
#1923 = DIRECTION('',(-1.,0.,0.));
#1924 = ORIENTED_EDGE('',*,*,#1925,.F.);
#1925 = EDGE_CURVE('',#1926,#1918,#1928,.T.);
#1926 = VERTEX_POINT('',#1927);
#1927 = CARTESIAN_POINT('',(195.1125,45.625,0.));
#1928 = LINE('',#1929,#1930);
#1929 = CARTESIAN_POINT('',(195.1125,45.625,0.));
#1930 = VECTOR('',#1931,1.);
#1931 = DIRECTION('',(0.,1.,0.));
#1932 = ORIENTED_EDGE('',*,*,#1933,.F.);
#1933 = EDGE_CURVE('',#1910,#1926,#1934,.T.);
#1934 = LINE('',#1935,#1936);
#1935 = CARTESIAN_POINT('',(181.1125,45.625,0.));
#1936 = VECTOR('',#1937,1.);
#1937 = DIRECTION('',(1.,0.,0.));
#1938 = FACE_BOUND('',#1939,.F.);
#1939 = EDGE_LOOP('',(#1940,#1950,#1958,#1966));
#1940 = ORIENTED_EDGE('',*,*,#1941,.F.);
#1941 = EDGE_CURVE('',#1942,#1944,#1946,.T.);
#1942 = VERTEX_POINT('',#1943);
#1943 = CARTESIAN_POINT('',(200.1625,59.625,0.));
#1944 = VERTEX_POINT('',#1945);
#1945 = CARTESIAN_POINT('',(200.1625,45.625,0.));
#1946 = LINE('',#1947,#1948);
#1947 = CARTESIAN_POINT('',(200.1625,59.625,0.));
#1948 = VECTOR('',#1949,1.);
#1949 = DIRECTION('',(0.,-1.,0.));
#1950 = ORIENTED_EDGE('',*,*,#1951,.F.);
#1951 = EDGE_CURVE('',#1952,#1942,#1954,.T.);
#1952 = VERTEX_POINT('',#1953);
#1953 = CARTESIAN_POINT('',(214.1625,59.625,0.));
#1954 = LINE('',#1955,#1956);
#1955 = CARTESIAN_POINT('',(214.1625,59.625,0.));
#1956 = VECTOR('',#1957,1.);
#1957 = DIRECTION('',(-1.,0.,0.));
#1958 = ORIENTED_EDGE('',*,*,#1959,.F.);
#1959 = EDGE_CURVE('',#1960,#1952,#1962,.T.);
#1960 = VERTEX_POINT('',#1961);
#1961 = CARTESIAN_POINT('',(214.1625,45.625,0.));
#1962 = LINE('',#1963,#1964);
#1963 = CARTESIAN_POINT('',(214.1625,45.625,0.));
#1964 = VECTOR('',#1965,1.);
#1965 = DIRECTION('',(0.,1.,0.));
#1966 = ORIENTED_EDGE('',*,*,#1967,.F.);
#1967 = EDGE_CURVE('',#1944,#1960,#1968,.T.);
#1968 = LINE('',#1969,#1970);
#1969 = CARTESIAN_POINT('',(200.1625,45.625,0.));
#1970 = VECTOR('',#1971,1.);
#1971 = DIRECTION('',(1.,0.,0.));
#1972 = FACE_BOUND('',#1973,.F.);
#1973 = EDGE_LOOP('',(#1974,#1984,#1992,#2000));
#1974 = ORIENTED_EDGE('',*,*,#1975,.F.);
#1975 = EDGE_CURVE('',#1976,#1978,#1980,.T.);
#1976 = VERTEX_POINT('',#1977);
#1977 = CARTESIAN_POINT('',(219.2125,59.625,0.));
#1978 = VERTEX_POINT('',#1979);
#1979 = CARTESIAN_POINT('',(219.2125,45.625,0.));
#1980 = LINE('',#1981,#1982);
#1981 = CARTESIAN_POINT('',(219.2125,59.625,0.));
#1982 = VECTOR('',#1983,1.);
#1983 = DIRECTION('',(0.,-1.,0.));
#1984 = ORIENTED_EDGE('',*,*,#1985,.F.);
#1985 = EDGE_CURVE('',#1986,#1976,#1988,.T.);
#1986 = VERTEX_POINT('',#1987);
#1987 = CARTESIAN_POINT('',(233.2125,59.625,0.));
#1988 = LINE('',#1989,#1990);
#1989 = CARTESIAN_POINT('',(233.2125,59.625,0.));
#1990 = VECTOR('',#1991,1.);
#1991 = DIRECTION('',(-1.,0.,0.));
#1992 = ORIENTED_EDGE('',*,*,#1993,.F.);
#1993 = EDGE_CURVE('',#1994,#1986,#1996,.T.);
#1994 = VERTEX_POINT('',#1995);
#1995 = CARTESIAN_POINT('',(233.2125,45.625,0.));
#1996 = LINE('',#1997,#1998);
#1997 = CARTESIAN_POINT('',(233.2125,45.625,0.));
#1998 = VECTOR('',#1999,1.);
#1999 = DIRECTION('',(0.,1.,0.));
#2000 = ORIENTED_EDGE('',*,*,#2001,.F.);
#2001 = EDGE_CURVE('',#1978,#1994,#2002,.T.);
#2002 = LINE('',#2003,#2004);
#2003 = CARTESIAN_POINT('',(219.2125,45.625,0.));
#2004 = VECTOR('',#2005,1.);
#2005 = DIRECTION('',(1.,0.,0.));
#2006 = FACE_BOUND('',#2007,.F.);
#2007 = EDGE_LOOP('',(#2008,#2018,#2026,#2034));
#2008 = ORIENTED_EDGE('',*,*,#2009,.F.);
#2009 = EDGE_CURVE('',#2010,#2012,#2014,.T.);
#2010 = VERTEX_POINT('',#2011);
#2011 = CARTESIAN_POINT('',(238.2625,59.625,0.));
#2012 = VERTEX_POINT('',#2013);
#2013 = CARTESIAN_POINT('',(238.2625,45.625,0.));
#2014 = LINE('',#2015,#2016);
#2015 = CARTESIAN_POINT('',(238.2625,59.625,0.));
#2016 = VECTOR('',#2017,1.);
#2017 = DIRECTION('',(0.,-1.,0.));
#2018 = ORIENTED_EDGE('',*,*,#2019,.F.);
#2019 = EDGE_CURVE('',#2020,#2010,#2022,.T.);
#2020 = VERTEX_POINT('',#2021);
#2021 = CARTESIAN_POINT('',(252.2625,59.625,0.));
#2022 = LINE('',#2023,#2024);
#2023 = CARTESIAN_POINT('',(252.2625,59.625,0.));
#2024 = VECTOR('',#2025,1.);
#2025 = DIRECTION('',(-1.,0.,0.));
#2026 = ORIENTED_EDGE('',*,*,#2027,.F.);
#2027 = EDGE_CURVE('',#2028,#2020,#2030,.T.);
#2028 = VERTEX_POINT('',#2029);
#2029 = CARTESIAN_POINT('',(252.2625,45.625,0.));
#2030 = LINE('',#2031,#2032);
#2031 = CARTESIAN_POINT('',(252.2625,45.625,0.));
#2032 = VECTOR('',#2033,1.);
#2033 = DIRECTION('',(0.,1.,0.));
#2034 = ORIENTED_EDGE('',*,*,#2035,.F.);
#2035 = EDGE_CURVE('',#2012,#2028,#2036,.T.);
#2036 = LINE('',#2037,#2038);
#2037 = CARTESIAN_POINT('',(238.2625,45.625,0.));
#2038 = VECTOR('',#2039,1.);
#2039 = DIRECTION('',(1.,0.,0.));
#2040 = FACE_BOUND('',#2041,.F.);
#2041 = EDGE_LOOP('',(#2042,#2052,#2060,#2068));
#2042 = ORIENTED_EDGE('',*,*,#2043,.F.);
#2043 = EDGE_CURVE('',#2044,#2046,#2048,.T.);
#2044 = VERTEX_POINT('',#2045);
#2045 = CARTESIAN_POINT('',(257.3125,59.625,0.));
#2046 = VERTEX_POINT('',#2047);
#2047 = CARTESIAN_POINT('',(257.3125,45.625,0.));
#2048 = LINE('',#2049,#2050);
#2049 = CARTESIAN_POINT('',(257.3125,59.625,0.));
#2050 = VECTOR('',#2051,1.);
#2051 = DIRECTION('',(0.,-1.,0.));
#2052 = ORIENTED_EDGE('',*,*,#2053,.F.);
#2053 = EDGE_CURVE('',#2054,#2044,#2056,.T.);
#2054 = VERTEX_POINT('',#2055);
#2055 = CARTESIAN_POINT('',(271.3125,59.625,0.));
#2056 = LINE('',#2057,#2058);
#2057 = CARTESIAN_POINT('',(271.3125,59.625,0.));
#2058 = VECTOR('',#2059,1.);
#2059 = DIRECTION('',(-1.,0.,0.));
#2060 = ORIENTED_EDGE('',*,*,#2061,.F.);
#2061 = EDGE_CURVE('',#2062,#2054,#2064,.T.);
#2062 = VERTEX_POINT('',#2063);
#2063 = CARTESIAN_POINT('',(271.3125,45.625,0.));
#2064 = LINE('',#2065,#2066);
#2065 = CARTESIAN_POINT('',(271.3125,45.625,0.));
#2066 = VECTOR('',#2067,1.);
#2067 = DIRECTION('',(0.,1.,0.));
#2068 = ORIENTED_EDGE('',*,*,#2069,.F.);
#2069 = EDGE_CURVE('',#2046,#2062,#2070,.T.);
#2070 = LINE('',#2071,#2072);
#2071 = CARTESIAN_POINT('',(257.3125,45.625,0.));
#2072 = VECTOR('',#2073,1.);
#2073 = DIRECTION('',(1.,0.,0.));
#2074 = FACE_BOUND('',#2075,.F.);
#2075 = EDGE_LOOP('',(#2076,#2086,#2094,#2102));
#2076 = ORIENTED_EDGE('',*,*,#2077,.F.);
#2077 = EDGE_CURVE('',#2078,#2080,#2082,.T.);
#2078 = VERTEX_POINT('',#2079);
#2079 = CARTESIAN_POINT('',(276.3625,59.625,0.));
#2080 = VERTEX_POINT('',#2081);
#2081 = CARTESIAN_POINT('',(276.3625,45.625,0.));
#2082 = LINE('',#2083,#2084);
#2083 = CARTESIAN_POINT('',(276.3625,59.625,0.));
#2084 = VECTOR('',#2085,1.);
#2085 = DIRECTION('',(0.,-1.,0.));
#2086 = ORIENTED_EDGE('',*,*,#2087,.F.);
#2087 = EDGE_CURVE('',#2088,#2078,#2090,.T.);
#2088 = VERTEX_POINT('',#2089);
#2089 = CARTESIAN_POINT('',(290.3625,59.625,0.));
#2090 = LINE('',#2091,#2092);
#2091 = CARTESIAN_POINT('',(290.3625,59.625,0.));
#2092 = VECTOR('',#2093,1.);
#2093 = DIRECTION('',(-1.,0.,0.));
#2094 = ORIENTED_EDGE('',*,*,#2095,.F.);
#2095 = EDGE_CURVE('',#2096,#2088,#2098,.T.);
#2096 = VERTEX_POINT('',#2097);
#2097 = CARTESIAN_POINT('',(290.3625,45.625,0.));
#2098 = LINE('',#2099,#2100);
#2099 = CARTESIAN_POINT('',(290.3625,45.625,0.));
#2100 = VECTOR('',#2101,1.);
#2101 = DIRECTION('',(0.,1.,0.));
#2102 = ORIENTED_EDGE('',*,*,#2103,.F.);
#2103 = EDGE_CURVE('',#2080,#2096,#2104,.T.);
#2104 = LINE('',#2105,#2106);
#2105 = CARTESIAN_POINT('',(276.3625,45.625,0.));
#2106 = VECTOR('',#2107,1.);
#2107 = DIRECTION('',(1.,0.,0.));
#2108 = FACE_BOUND('',#2109,.F.);
#2109 = EDGE_LOOP('',(#2110,#2120,#2128,#2136,#2144,#2152,#2160,#2168,
    #2176,#2184,#2192,#2200,#2208,#2216,#2224,#2232,#2240,#2248,#2256,
    #2264,#2272,#2280,#2288,#2296,#2304,#2312,#2320,#2328,#2336,#2344,
    #2352,#2360,#2368,#2376,#2384,#2392));
#2110 = ORIENTED_EDGE('',*,*,#2111,.F.);
#2111 = EDGE_CURVE('',#2112,#2114,#2116,.T.);
#2112 = VERTEX_POINT('',#2113);
#2113 = CARTESIAN_POINT('',(307.31875,59.625,0.));
#2114 = VERTEX_POINT('',#2115);
#2115 = CARTESIAN_POINT('',(307.31875,54.925,0.));
#2116 = LINE('',#2117,#2118);
#2117 = CARTESIAN_POINT('',(307.31875,59.625,0.));
#2118 = VECTOR('',#2119,1.);
#2119 = DIRECTION('',(0.,-1.,0.));
#2120 = ORIENTED_EDGE('',*,*,#2121,.T.);
#2121 = EDGE_CURVE('',#2112,#2122,#2124,.T.);
#2122 = VERTEX_POINT('',#2123);
#2123 = CARTESIAN_POINT('',(321.31875,59.625,0.));
#2124 = LINE('',#2125,#2126);
#2125 = CARTESIAN_POINT('',(307.31875,59.625,0.));
#2126 = VECTOR('',#2127,1.);
#2127 = DIRECTION('',(1.,0.,0.));
#2128 = ORIENTED_EDGE('',*,*,#2129,.T.);
#2129 = EDGE_CURVE('',#2122,#2130,#2132,.T.);
#2130 = VERTEX_POINT('',#2131);
#2131 = CARTESIAN_POINT('',(321.31875,54.925,0.));
#2132 = LINE('',#2133,#2134);
#2133 = CARTESIAN_POINT('',(321.31875,59.625,0.));
#2134 = VECTOR('',#2135,1.);
#2135 = DIRECTION('',(0.,-1.,0.));
#2136 = ORIENTED_EDGE('',*,*,#2137,.T.);
#2137 = EDGE_CURVE('',#2130,#2138,#2140,.T.);
#2138 = VERTEX_POINT('',#2139);
#2139 = CARTESIAN_POINT('',(322.84375,54.925,0.));
#2140 = LINE('',#2141,#2142);
#2141 = CARTESIAN_POINT('',(321.31875,54.925,0.));
#2142 = VECTOR('',#2143,1.);
#2143 = DIRECTION('',(1.,0.,0.));
#2144 = ORIENTED_EDGE('',*,*,#2145,.T.);
#2145 = EDGE_CURVE('',#2138,#2146,#2148,.T.);
#2146 = VERTEX_POINT('',#2147);
#2147 = CARTESIAN_POINT('',(322.84375,58.155,0.));
#2148 = LINE('',#2149,#2150);
#2149 = CARTESIAN_POINT('',(322.84375,54.925,0.));
#2150 = VECTOR('',#2151,1.);
#2151 = DIRECTION('',(0.,1.,0.));
#2152 = ORIENTED_EDGE('',*,*,#2153,.T.);
#2153 = EDGE_CURVE('',#2146,#2154,#2156,.T.);
#2154 = VERTEX_POINT('',#2155);
#2155 = CARTESIAN_POINT('',(329.59375,58.155,0.));
#2156 = LINE('',#2157,#2158);
#2157 = CARTESIAN_POINT('',(322.84375,58.155,0.));
#2158 = VECTOR('',#2159,1.);
#2159 = DIRECTION('',(1.,0.,0.));
#2160 = ORIENTED_EDGE('',*,*,#2161,.T.);
#2161 = EDGE_CURVE('',#2154,#2162,#2164,.T.);
#2162 = VERTEX_POINT('',#2163);
#2163 = CARTESIAN_POINT('',(329.59375,54.925,0.));
#2164 = LINE('',#2165,#2166);
#2165 = CARTESIAN_POINT('',(329.59375,58.155,0.));
#2166 = VECTOR('',#2167,1.);
#2167 = DIRECTION('',(0.,-1.,0.));
#2168 = ORIENTED_EDGE('',*,*,#2169,.T.);
#2169 = EDGE_CURVE('',#2162,#2170,#2172,.T.);
#2170 = VERTEX_POINT('',#2171);
#2171 = CARTESIAN_POINT('',(330.41875,54.925,0.));
#2172 = LINE('',#2173,#2174);
#2173 = CARTESIAN_POINT('',(329.59375,54.925,0.));
#2174 = VECTOR('',#2175,1.);
#2175 = DIRECTION('',(1.,0.,0.));
#2176 = ORIENTED_EDGE('',*,*,#2177,.T.);
#2177 = EDGE_CURVE('',#2170,#2178,#2180,.T.);
#2178 = VERTEX_POINT('',#2179);
#2179 = CARTESIAN_POINT('',(330.41875,52.125,0.));
#2180 = LINE('',#2181,#2182);
#2181 = CARTESIAN_POINT('',(330.41875,54.925,0.));
#2182 = VECTOR('',#2183,1.);
#2183 = DIRECTION('',(0.,-1.,0.));
#2184 = ORIENTED_EDGE('',*,*,#2185,.T.);
#2185 = EDGE_CURVE('',#2178,#2186,#2188,.T.);
#2186 = VERTEX_POINT('',#2187);
#2187 = CARTESIAN_POINT('',(329.59375,52.125,0.));
#2188 = LINE('',#2189,#2190);
#2189 = CARTESIAN_POINT('',(330.41875,52.125,0.));
#2190 = VECTOR('',#2191,1.);
#2191 = DIRECTION('',(-1.,0.,0.));
#2192 = ORIENTED_EDGE('',*,*,#2193,.T.);
#2193 = EDGE_CURVE('',#2186,#2194,#2196,.T.);
#2194 = VERTEX_POINT('',#2195);
#2195 = CARTESIAN_POINT('',(329.59375,45.855,0.));
#2196 = LINE('',#2197,#2198);
#2197 = CARTESIAN_POINT('',(329.59375,52.125,0.));
#2198 = VECTOR('',#2199,1.);
#2199 = DIRECTION('',(0.,-1.,0.));
#2200 = ORIENTED_EDGE('',*,*,#2201,.T.);
#2201 = EDGE_CURVE('',#2194,#2202,#2204,.T.);
#2202 = VERTEX_POINT('',#2203);
#2203 = CARTESIAN_POINT('',(327.86875,45.855,0.));
#2204 = LINE('',#2205,#2206);
#2205 = CARTESIAN_POINT('',(329.59375,45.855,0.));
#2206 = VECTOR('',#2207,1.);
#2207 = DIRECTION('',(-1.,0.,0.));
#2208 = ORIENTED_EDGE('',*,*,#2209,.T.);
#2209 = EDGE_CURVE('',#2202,#2210,#2212,.T.);
#2210 = VERTEX_POINT('',#2211);
#2211 = CARTESIAN_POINT('',(327.86875,44.655,0.));
#2212 = LINE('',#2213,#2214);
#2213 = CARTESIAN_POINT('',(327.86875,45.855,0.));
#2214 = VECTOR('',#2215,1.);
#2215 = DIRECTION('',(0.,-1.,0.));
#2216 = ORIENTED_EDGE('',*,*,#2217,.T.);
#2217 = EDGE_CURVE('',#2210,#2218,#2220,.T.);
#2218 = VERTEX_POINT('',#2219);
#2219 = CARTESIAN_POINT('',(324.56875,44.655,0.));
#2220 = LINE('',#2221,#2222);
#2221 = CARTESIAN_POINT('',(327.86875,44.655,0.));
#2222 = VECTOR('',#2223,1.);
#2223 = DIRECTION('',(-1.,0.,0.));
#2224 = ORIENTED_EDGE('',*,*,#2225,.T.);
#2225 = EDGE_CURVE('',#2218,#2226,#2228,.T.);
#2226 = VERTEX_POINT('',#2227);
#2227 = CARTESIAN_POINT('',(324.56875,45.855,0.));
#2228 = LINE('',#2229,#2230);
#2229 = CARTESIAN_POINT('',(324.56875,44.655,0.));
#2230 = VECTOR('',#2231,1.);
#2231 = DIRECTION('',(0.,1.,0.));
#2232 = ORIENTED_EDGE('',*,*,#2233,.T.);
#2233 = EDGE_CURVE('',#2226,#2234,#2236,.T.);
#2234 = VERTEX_POINT('',#2235);
#2235 = CARTESIAN_POINT('',(322.84375,45.855,0.));
#2236 = LINE('',#2237,#2238);
#2237 = CARTESIAN_POINT('',(324.56875,45.855,0.));
#2238 = VECTOR('',#2239,1.);
#2239 = DIRECTION('',(-1.,0.,0.));
#2240 = ORIENTED_EDGE('',*,*,#2241,.T.);
#2241 = EDGE_CURVE('',#2234,#2242,#2244,.T.);
#2242 = VERTEX_POINT('',#2243);
#2243 = CARTESIAN_POINT('',(322.84375,50.325,0.));
#2244 = LINE('',#2245,#2246);
#2245 = CARTESIAN_POINT('',(322.84375,45.855,0.));
#2246 = VECTOR('',#2247,1.);
#2247 = DIRECTION('',(0.,1.,0.));
#2248 = ORIENTED_EDGE('',*,*,#2249,.T.);
#2249 = EDGE_CURVE('',#2242,#2250,#2252,.T.);
#2250 = VERTEX_POINT('',#2251);
#2251 = CARTESIAN_POINT('',(321.31875,50.325,0.));
#2252 = LINE('',#2253,#2254);
#2253 = CARTESIAN_POINT('',(322.84375,50.325,0.));
#2254 = VECTOR('',#2255,1.);
#2255 = DIRECTION('',(-1.,0.,0.));
#2256 = ORIENTED_EDGE('',*,*,#2257,.T.);
#2257 = EDGE_CURVE('',#2250,#2258,#2260,.T.);
#2258 = VERTEX_POINT('',#2259);
#2259 = CARTESIAN_POINT('',(321.31875,45.625,0.));
#2260 = LINE('',#2261,#2262);
#2261 = CARTESIAN_POINT('',(321.31875,50.325,0.));
#2262 = VECTOR('',#2263,1.);
#2263 = DIRECTION('',(0.,-1.,0.));
#2264 = ORIENTED_EDGE('',*,*,#2265,.T.);
#2265 = EDGE_CURVE('',#2258,#2266,#2268,.T.);
#2266 = VERTEX_POINT('',#2267);
#2267 = CARTESIAN_POINT('',(307.31875,45.625,0.));
#2268 = LINE('',#2269,#2270);
#2269 = CARTESIAN_POINT('',(321.31875,45.625,0.));
#2270 = VECTOR('',#2271,1.);
#2271 = DIRECTION('',(-1.,0.,0.));
#2272 = ORIENTED_EDGE('',*,*,#2273,.T.);
#2273 = EDGE_CURVE('',#2266,#2274,#2276,.T.);
#2274 = VERTEX_POINT('',#2275);
#2275 = CARTESIAN_POINT('',(307.31875,50.325,0.));
#2276 = LINE('',#2277,#2278);
#2277 = CARTESIAN_POINT('',(307.31875,45.625,0.));
#2278 = VECTOR('',#2279,1.);
#2279 = DIRECTION('',(0.,1.,0.));
#2280 = ORIENTED_EDGE('',*,*,#2281,.F.);
#2281 = EDGE_CURVE('',#2282,#2274,#2284,.T.);
#2282 = VERTEX_POINT('',#2283);
#2283 = CARTESIAN_POINT('',(305.79375,50.325,0.));
#2284 = LINE('',#2285,#2286);
#2285 = CARTESIAN_POINT('',(305.79375,50.325,0.));
#2286 = VECTOR('',#2287,1.);
#2287 = DIRECTION('',(1.,0.,0.));
#2288 = ORIENTED_EDGE('',*,*,#2289,.F.);
#2289 = EDGE_CURVE('',#2290,#2282,#2292,.T.);
#2290 = VERTEX_POINT('',#2291);
#2291 = CARTESIAN_POINT('',(305.79375,45.855,0.));
#2292 = LINE('',#2293,#2294);
#2293 = CARTESIAN_POINT('',(305.79375,45.855,0.));
#2294 = VECTOR('',#2295,1.);
#2295 = DIRECTION('',(0.,1.,0.));
#2296 = ORIENTED_EDGE('',*,*,#2297,.F.);
#2297 = EDGE_CURVE('',#2298,#2290,#2300,.T.);
#2298 = VERTEX_POINT('',#2299);
#2299 = CARTESIAN_POINT('',(304.06875,45.855,0.));
#2300 = LINE('',#2301,#2302);
#2301 = CARTESIAN_POINT('',(304.06875,45.855,0.));
#2302 = VECTOR('',#2303,1.);
#2303 = DIRECTION('',(1.,0.,0.));
#2304 = ORIENTED_EDGE('',*,*,#2305,.F.);
#2305 = EDGE_CURVE('',#2306,#2298,#2308,.T.);
#2306 = VERTEX_POINT('',#2307);
#2307 = CARTESIAN_POINT('',(304.06875,44.655,0.));
#2308 = LINE('',#2309,#2310);
#2309 = CARTESIAN_POINT('',(304.06875,44.655,0.));
#2310 = VECTOR('',#2311,1.);
#2311 = DIRECTION('',(0.,1.,0.));
#2312 = ORIENTED_EDGE('',*,*,#2313,.F.);
#2313 = EDGE_CURVE('',#2314,#2306,#2316,.T.);
#2314 = VERTEX_POINT('',#2315);
#2315 = CARTESIAN_POINT('',(300.76875,44.655,0.));
#2316 = LINE('',#2317,#2318);
#2317 = CARTESIAN_POINT('',(300.76875,44.655,0.));
#2318 = VECTOR('',#2319,1.);
#2319 = DIRECTION('',(1.,0.,0.));
#2320 = ORIENTED_EDGE('',*,*,#2321,.F.);
#2321 = EDGE_CURVE('',#2322,#2314,#2324,.T.);
#2322 = VERTEX_POINT('',#2323);
#2323 = CARTESIAN_POINT('',(300.76875,45.855,0.));
#2324 = LINE('',#2325,#2326);
#2325 = CARTESIAN_POINT('',(300.76875,45.855,0.));
#2326 = VECTOR('',#2327,1.);
#2327 = DIRECTION('',(0.,-1.,0.));
#2328 = ORIENTED_EDGE('',*,*,#2329,.F.);
#2329 = EDGE_CURVE('',#2330,#2322,#2332,.T.);
#2330 = VERTEX_POINT('',#2331);
#2331 = CARTESIAN_POINT('',(299.04375,45.855,0.));
#2332 = LINE('',#2333,#2334);
#2333 = CARTESIAN_POINT('',(299.04375,45.855,0.));
#2334 = VECTOR('',#2335,1.);
#2335 = DIRECTION('',(1.,0.,0.));
#2336 = ORIENTED_EDGE('',*,*,#2337,.F.);
#2337 = EDGE_CURVE('',#2338,#2330,#2340,.T.);
#2338 = VERTEX_POINT('',#2339);
#2339 = CARTESIAN_POINT('',(299.04375,52.125,0.));
#2340 = LINE('',#2341,#2342);
#2341 = CARTESIAN_POINT('',(299.04375,52.125,0.));
#2342 = VECTOR('',#2343,1.);
#2343 = DIRECTION('',(0.,-1.,0.));
#2344 = ORIENTED_EDGE('',*,*,#2345,.F.);
#2345 = EDGE_CURVE('',#2346,#2338,#2348,.T.);
#2346 = VERTEX_POINT('',#2347);
#2347 = CARTESIAN_POINT('',(298.21875,52.125,0.));
#2348 = LINE('',#2349,#2350);
#2349 = CARTESIAN_POINT('',(298.21875,52.125,0.));
#2350 = VECTOR('',#2351,1.);
#2351 = DIRECTION('',(1.,0.,0.));
#2352 = ORIENTED_EDGE('',*,*,#2353,.F.);
#2353 = EDGE_CURVE('',#2354,#2346,#2356,.T.);
#2354 = VERTEX_POINT('',#2355);
#2355 = CARTESIAN_POINT('',(298.21875,54.925,0.));
#2356 = LINE('',#2357,#2358);
#2357 = CARTESIAN_POINT('',(298.21875,54.925,0.));
#2358 = VECTOR('',#2359,1.);
#2359 = DIRECTION('',(0.,-1.,0.));
#2360 = ORIENTED_EDGE('',*,*,#2361,.F.);
#2361 = EDGE_CURVE('',#2362,#2354,#2364,.T.);
#2362 = VERTEX_POINT('',#2363);
#2363 = CARTESIAN_POINT('',(299.04375,54.925,0.));
#2364 = LINE('',#2365,#2366);
#2365 = CARTESIAN_POINT('',(299.04375,54.925,0.));
#2366 = VECTOR('',#2367,1.);
#2367 = DIRECTION('',(-1.,0.,0.));
#2368 = ORIENTED_EDGE('',*,*,#2369,.F.);
#2369 = EDGE_CURVE('',#2370,#2362,#2372,.T.);
#2370 = VERTEX_POINT('',#2371);
#2371 = CARTESIAN_POINT('',(299.04375,58.155,0.));
#2372 = LINE('',#2373,#2374);
#2373 = CARTESIAN_POINT('',(299.04375,58.155,0.));
#2374 = VECTOR('',#2375,1.);
#2375 = DIRECTION('',(0.,-1.,0.));
#2376 = ORIENTED_EDGE('',*,*,#2377,.T.);
#2377 = EDGE_CURVE('',#2370,#2378,#2380,.T.);
#2378 = VERTEX_POINT('',#2379);
#2379 = CARTESIAN_POINT('',(305.79375,58.155,0.));
#2380 = LINE('',#2381,#2382);
#2381 = CARTESIAN_POINT('',(299.04375,58.155,0.));
#2382 = VECTOR('',#2383,1.);
#2383 = DIRECTION('',(1.,0.,0.));
#2384 = ORIENTED_EDGE('',*,*,#2385,.F.);
#2385 = EDGE_CURVE('',#2386,#2378,#2388,.T.);
#2386 = VERTEX_POINT('',#2387);
#2387 = CARTESIAN_POINT('',(305.79375,54.925,0.));
#2388 = LINE('',#2389,#2390);
#2389 = CARTESIAN_POINT('',(305.79375,54.925,0.));
#2390 = VECTOR('',#2391,1.);
#2391 = DIRECTION('',(0.,1.,0.));
#2392 = ORIENTED_EDGE('',*,*,#2393,.F.);
#2393 = EDGE_CURVE('',#2114,#2386,#2394,.T.);
#2394 = LINE('',#2395,#2396);
#2395 = CARTESIAN_POINT('',(307.31875,54.925,0.));
#2396 = VECTOR('',#2397,1.);
#2397 = DIRECTION('',(-1.,0.,0.));
#2398 = FACE_BOUND('',#2399,.F.);
#2399 = EDGE_LOOP('',(#2400,#2410,#2418,#2426));
#2400 = ORIENTED_EDGE('',*,*,#2401,.F.);
#2401 = EDGE_CURVE('',#2402,#2404,#2406,.T.);
#2402 = VERTEX_POINT('',#2403);
#2403 = CARTESIAN_POINT('',(57.2875,78.675,0.));
#2404 = VERTEX_POINT('',#2405);
#2405 = CARTESIAN_POINT('',(57.2875,64.675,0.));
#2406 = LINE('',#2407,#2408);
#2407 = CARTESIAN_POINT('',(57.2875,78.675,0.));
#2408 = VECTOR('',#2409,1.);
#2409 = DIRECTION('',(0.,-1.,0.));
#2410 = ORIENTED_EDGE('',*,*,#2411,.F.);
#2411 = EDGE_CURVE('',#2412,#2402,#2414,.T.);
#2412 = VERTEX_POINT('',#2413);
#2413 = CARTESIAN_POINT('',(71.2875,78.675,0.));
#2414 = LINE('',#2415,#2416);
#2415 = CARTESIAN_POINT('',(71.2875,78.675,0.));
#2416 = VECTOR('',#2417,1.);
#2417 = DIRECTION('',(-1.,0.,0.));
#2418 = ORIENTED_EDGE('',*,*,#2419,.F.);
#2419 = EDGE_CURVE('',#2420,#2412,#2422,.T.);
#2420 = VERTEX_POINT('',#2421);
#2421 = CARTESIAN_POINT('',(71.2875,64.675,0.));
#2422 = LINE('',#2423,#2424);
#2423 = CARTESIAN_POINT('',(71.2875,64.675,0.));
#2424 = VECTOR('',#2425,1.);
#2425 = DIRECTION('',(0.,1.,0.));
#2426 = ORIENTED_EDGE('',*,*,#2427,.F.);
#2427 = EDGE_CURVE('',#2404,#2420,#2428,.T.);
#2428 = LINE('',#2429,#2430);
#2429 = CARTESIAN_POINT('',(57.2875,64.675,0.));
#2430 = VECTOR('',#2431,1.);
#2431 = DIRECTION('',(1.,0.,0.));
#2432 = FACE_BOUND('',#2433,.F.);
#2433 = EDGE_LOOP('',(#2434,#2444,#2452,#2460));
#2434 = ORIENTED_EDGE('',*,*,#2435,.F.);
#2435 = EDGE_CURVE('',#2436,#2438,#2440,.T.);
#2436 = VERTEX_POINT('',#2437);
#2437 = CARTESIAN_POINT('',(81.1,78.675,0.));
#2438 = VERTEX_POINT('',#2439);
#2439 = CARTESIAN_POINT('',(81.1,64.675,0.));
#2440 = LINE('',#2441,#2442);
#2441 = CARTESIAN_POINT('',(81.1,78.675,0.));
#2442 = VECTOR('',#2443,1.);
#2443 = DIRECTION('',(0.,-1.,0.));
#2444 = ORIENTED_EDGE('',*,*,#2445,.F.);
#2445 = EDGE_CURVE('',#2446,#2436,#2448,.T.);
#2446 = VERTEX_POINT('',#2447);
#2447 = CARTESIAN_POINT('',(95.1,78.675,0.));
#2448 = LINE('',#2449,#2450);
#2449 = CARTESIAN_POINT('',(95.1,78.675,0.));
#2450 = VECTOR('',#2451,1.);
#2451 = DIRECTION('',(-1.,0.,0.));
#2452 = ORIENTED_EDGE('',*,*,#2453,.F.);
#2453 = EDGE_CURVE('',#2454,#2446,#2456,.T.);
#2454 = VERTEX_POINT('',#2455);
#2455 = CARTESIAN_POINT('',(95.1,64.675,0.));
#2456 = LINE('',#2457,#2458);
#2457 = CARTESIAN_POINT('',(95.1,64.675,0.));
#2458 = VECTOR('',#2459,1.);
#2459 = DIRECTION('',(0.,1.,0.));
#2460 = ORIENTED_EDGE('',*,*,#2461,.F.);
#2461 = EDGE_CURVE('',#2438,#2454,#2462,.T.);
#2462 = LINE('',#2463,#2464);
#2463 = CARTESIAN_POINT('',(81.1,64.675,0.));
#2464 = VECTOR('',#2465,1.);
#2465 = DIRECTION('',(1.,0.,0.));
#2466 = FACE_BOUND('',#2467,.F.);
#2467 = EDGE_LOOP('',(#2468,#2479,#2487,#2496));
#2468 = ORIENTED_EDGE('',*,*,#2469,.F.);
#2469 = EDGE_CURVE('',#2470,#2472,#2474,.T.);
#2470 = VERTEX_POINT('',#2471);
#2471 = CARTESIAN_POINT('',(28.957106665647,85.757106896726,0.));
#2472 = VERTEX_POINT('',#2473);
#2473 = CARTESIAN_POINT('',(27.542893334353,84.342893103274,0.));
#2474 = CIRCLE('',#2475,1.);
#2475 = AXIS2_PLACEMENT_3D('',#2476,#2477,#2478);
#2476 = CARTESIAN_POINT('',(28.25,85.05,0.));
#2477 = DIRECTION('',(0.,0.,1.));
#2478 = DIRECTION('',(1.,0.,-0.));
#2479 = ORIENTED_EDGE('',*,*,#2480,.T.);
#2480 = EDGE_CURVE('',#2470,#2481,#2483,.T.);
#2481 = VERTEX_POINT('',#2482);
#2482 = CARTESIAN_POINT('',(31.957106665647,82.757107877111,0.));
#2483 = LINE('',#2484,#2485);
#2484 = CARTESIAN_POINT('',(71.969619055258,42.744608563382,-1.1E-16));
#2485 = VECTOR('',#2486,1.);
#2486 = DIRECTION('',(0.707106896726,-0.707106665647,0.));
#2487 = ORIENTED_EDGE('',*,*,#2488,.F.);
#2488 = EDGE_CURVE('',#2489,#2481,#2491,.T.);
#2489 = VERTEX_POINT('',#2490);
#2490 = CARTESIAN_POINT('',(30.542893334353,81.342894083659,0.));
#2491 = CIRCLE('',#2492,1.);
#2492 = AXIS2_PLACEMENT_3D('',#2493,#2494,#2495);
#2493 = CARTESIAN_POINT('',(31.25,82.050000980385,0.));
#2494 = DIRECTION('',(0.,0.,1.));
#2495 = DIRECTION('',(1.,0.,-0.));
#2496 = ORIENTED_EDGE('',*,*,#2497,.F.);
#2497 = EDGE_CURVE('',#2472,#2489,#2498,.T.);
#2498 = LINE('',#2499,#2500);
#2499 = CARTESIAN_POINT('',(70.555405723964,41.33039476993,0.));
#2500 = VECTOR('',#2501,1.);
#2501 = DIRECTION('',(0.707106896726,-0.707106665647,0.));
#2502 = FACE_BOUND('',#2503,.F.);
#2503 = EDGE_LOOP('',(#2504,#2515,#2523,#2532));
#2504 = ORIENTED_EDGE('',*,*,#2505,.F.);
#2505 = EDGE_CURVE('',#2506,#2508,#2510,.T.);
#2506 = VERTEX_POINT('',#2507);
#2507 = CARTESIAN_POINT('',(33.457106665647,85.757106896726,0.));
#2508 = VERTEX_POINT('',#2509);
#2509 = CARTESIAN_POINT('',(32.042893334353,84.342893103274,0.));
#2510 = CIRCLE('',#2511,1.);
#2511 = AXIS2_PLACEMENT_3D('',#2512,#2513,#2514);
#2512 = CARTESIAN_POINT('',(32.75,85.05,0.));
#2513 = DIRECTION('',(0.,0.,1.));
#2514 = DIRECTION('',(1.,0.,-0.));
#2515 = ORIENTED_EDGE('',*,*,#2516,.T.);
#2516 = EDGE_CURVE('',#2506,#2517,#2519,.T.);
#2517 = VERTEX_POINT('',#2518);
#2518 = CARTESIAN_POINT('',(36.457106665647,82.75710787711,0.));
#2519 = LINE('',#2520,#2521);
#2520 = CARTESIAN_POINT('',(75.344618687614,43.869608563382,-1.1E-16));
#2521 = VECTOR('',#2522,1.);
#2522 = DIRECTION('',(0.707106896726,-0.707106665647,0.));
#2523 = ORIENTED_EDGE('',*,*,#2524,.F.);
#2524 = EDGE_CURVE('',#2525,#2517,#2527,.T.);
#2525 = VERTEX_POINT('',#2526);
#2526 = CARTESIAN_POINT('',(35.042893334353,81.342894083659,0.));
#2527 = CIRCLE('',#2528,1.);
#2528 = AXIS2_PLACEMENT_3D('',#2529,#2530,#2531);
#2529 = CARTESIAN_POINT('',(35.75,82.050000980385,0.));
#2530 = DIRECTION('',(0.,0.,1.));
#2531 = DIRECTION('',(1.,0.,-0.));
#2532 = ORIENTED_EDGE('',*,*,#2533,.F.);
#2533 = EDGE_CURVE('',#2508,#2525,#2534,.T.);
#2534 = LINE('',#2535,#2536);
#2535 = CARTESIAN_POINT('',(73.93040535632,42.45539476993,-1.1E-16));
#2536 = VECTOR('',#2537,1.);
#2537 = DIRECTION('',(0.707106896726,-0.707106665647,0.));
#2538 = FACE_BOUND('',#2539,.F.);
#2539 = EDGE_LOOP('',(#2540,#2551,#2559,#2568));
#2540 = ORIENTED_EDGE('',*,*,#2541,.F.);
#2541 = EDGE_CURVE('',#2542,#2544,#2546,.T.);
#2542 = VERTEX_POINT('',#2543);
#2543 = CARTESIAN_POINT('',(37.957106665647,85.757106896726,0.));
#2544 = VERTEX_POINT('',#2545);
#2545 = CARTESIAN_POINT('',(36.542893334353,84.342893103274,0.));
#2546 = CIRCLE('',#2547,1.);
#2547 = AXIS2_PLACEMENT_3D('',#2548,#2549,#2550);
#2548 = CARTESIAN_POINT('',(37.25,85.05,0.));
#2549 = DIRECTION('',(0.,0.,1.));
#2550 = DIRECTION('',(1.,0.,-0.));
#2551 = ORIENTED_EDGE('',*,*,#2552,.T.);
#2552 = EDGE_CURVE('',#2542,#2553,#2555,.T.);
#2553 = VERTEX_POINT('',#2554);
#2554 = CARTESIAN_POINT('',(40.957106665647,82.757107877111,0.));
#2555 = LINE('',#2556,#2557);
#2556 = CARTESIAN_POINT('',(78.71961831997,44.994608563382,-1.1E-16));
#2557 = VECTOR('',#2558,1.);
#2558 = DIRECTION('',(0.707106896726,-0.707106665647,0.));
#2559 = ORIENTED_EDGE('',*,*,#2560,.F.);
#2560 = EDGE_CURVE('',#2561,#2553,#2563,.T.);
#2561 = VERTEX_POINT('',#2562);
#2562 = CARTESIAN_POINT('',(39.542893334353,81.342894083659,0.));
#2563 = CIRCLE('',#2564,1.);
#2564 = AXIS2_PLACEMENT_3D('',#2565,#2566,#2567);
#2565 = CARTESIAN_POINT('',(40.25,82.050000980385,0.));
#2566 = DIRECTION('',(0.,0.,1.));
#2567 = DIRECTION('',(1.,0.,-0.));
#2568 = ORIENTED_EDGE('',*,*,#2569,.F.);
#2569 = EDGE_CURVE('',#2544,#2561,#2570,.T.);
#2570 = LINE('',#2571,#2572);
#2571 = CARTESIAN_POINT('',(77.305404988676,43.58039476993,0.));
#2572 = VECTOR('',#2573,1.);
#2573 = DIRECTION('',(0.707106896726,-0.707106665647,0.));
#2574 = FACE_BOUND('',#2575,.F.);
#2575 = EDGE_LOOP('',(#2576,#2586,#2594,#2602));
#2576 = ORIENTED_EDGE('',*,*,#2577,.F.);
#2577 = EDGE_CURVE('',#2578,#2580,#2582,.T.);
#2578 = VERTEX_POINT('',#2579);
#2579 = CARTESIAN_POINT('',(52.525,97.725,0.));
#2580 = VERTEX_POINT('',#2581);
#2581 = CARTESIAN_POINT('',(52.525,83.725,0.));
#2582 = LINE('',#2583,#2584);
#2583 = CARTESIAN_POINT('',(52.525,97.725,0.));
#2584 = VECTOR('',#2585,1.);
#2585 = DIRECTION('',(0.,-1.,0.));
#2586 = ORIENTED_EDGE('',*,*,#2587,.F.);
#2587 = EDGE_CURVE('',#2588,#2578,#2590,.T.);
#2588 = VERTEX_POINT('',#2589);
#2589 = CARTESIAN_POINT('',(66.525,97.725,0.));
#2590 = LINE('',#2591,#2592);
#2591 = CARTESIAN_POINT('',(66.525,97.725,0.));
#2592 = VECTOR('',#2593,1.);
#2593 = DIRECTION('',(-1.,0.,0.));
#2594 = ORIENTED_EDGE('',*,*,#2595,.F.);
#2595 = EDGE_CURVE('',#2596,#2588,#2598,.T.);
#2596 = VERTEX_POINT('',#2597);
#2597 = CARTESIAN_POINT('',(66.525,83.725,0.));
#2598 = LINE('',#2599,#2600);
#2599 = CARTESIAN_POINT('',(66.525,83.725,0.));
#2600 = VECTOR('',#2601,1.);
#2601 = DIRECTION('',(0.,1.,0.));
#2602 = ORIENTED_EDGE('',*,*,#2603,.F.);
#2603 = EDGE_CURVE('',#2580,#2596,#2604,.T.);
#2604 = LINE('',#2605,#2606);
#2605 = CARTESIAN_POINT('',(52.525,83.725,0.));
#2606 = VECTOR('',#2607,1.);
#2607 = DIRECTION('',(1.,0.,0.));
#2608 = FACE_BOUND('',#2609,.F.);
#2609 = EDGE_LOOP('',(#2610,#2620,#2628,#2636));
#2610 = ORIENTED_EDGE('',*,*,#2611,.F.);
#2611 = EDGE_CURVE('',#2612,#2614,#2616,.T.);
#2612 = VERTEX_POINT('',#2613);
#2613 = CARTESIAN_POINT('',(71.575,97.725,0.));
#2614 = VERTEX_POINT('',#2615);
#2615 = CARTESIAN_POINT('',(71.575,83.725,0.));
#2616 = LINE('',#2617,#2618);
#2617 = CARTESIAN_POINT('',(71.575,97.725,0.));
#2618 = VECTOR('',#2619,1.);
#2619 = DIRECTION('',(0.,-1.,0.));
#2620 = ORIENTED_EDGE('',*,*,#2621,.F.);
#2621 = EDGE_CURVE('',#2622,#2612,#2624,.T.);
#2622 = VERTEX_POINT('',#2623);
#2623 = CARTESIAN_POINT('',(85.575,97.725,0.));
#2624 = LINE('',#2625,#2626);
#2625 = CARTESIAN_POINT('',(85.575,97.725,0.));
#2626 = VECTOR('',#2627,1.);
#2627 = DIRECTION('',(-1.,0.,0.));
#2628 = ORIENTED_EDGE('',*,*,#2629,.F.);
#2629 = EDGE_CURVE('',#2630,#2622,#2632,.T.);
#2630 = VERTEX_POINT('',#2631);
#2631 = CARTESIAN_POINT('',(85.575,83.725,0.));
#2632 = LINE('',#2633,#2634);
#2633 = CARTESIAN_POINT('',(85.575,83.725,0.));
#2634 = VECTOR('',#2635,1.);
#2635 = DIRECTION('',(0.,1.,0.));
#2636 = ORIENTED_EDGE('',*,*,#2637,.F.);
#2637 = EDGE_CURVE('',#2614,#2630,#2638,.T.);
#2638 = LINE('',#2639,#2640);
#2639 = CARTESIAN_POINT('',(71.575,83.725,0.));
#2640 = VECTOR('',#2641,1.);
#2641 = DIRECTION('',(1.,0.,0.));
#2642 = FACE_BOUND('',#2643,.F.);
#2643 = EDGE_LOOP('',(#2644,#2654,#2662,#2670));
#2644 = ORIENTED_EDGE('',*,*,#2645,.F.);
#2645 = EDGE_CURVE('',#2646,#2648,#2650,.T.);
#2646 = VERTEX_POINT('',#2647);
#2647 = CARTESIAN_POINT('',(100.15,78.675,0.));
#2648 = VERTEX_POINT('',#2649);
#2649 = CARTESIAN_POINT('',(100.15,64.675,0.));
#2650 = LINE('',#2651,#2652);
#2651 = CARTESIAN_POINT('',(100.15,78.675,0.));
#2652 = VECTOR('',#2653,1.);
#2653 = DIRECTION('',(0.,-1.,0.));
#2654 = ORIENTED_EDGE('',*,*,#2655,.F.);
#2655 = EDGE_CURVE('',#2656,#2646,#2658,.T.);
#2656 = VERTEX_POINT('',#2657);
#2657 = CARTESIAN_POINT('',(114.15,78.675,0.));
#2658 = LINE('',#2659,#2660);
#2659 = CARTESIAN_POINT('',(114.15,78.675,0.));
#2660 = VECTOR('',#2661,1.);
#2661 = DIRECTION('',(-1.,0.,0.));
#2662 = ORIENTED_EDGE('',*,*,#2663,.F.);
#2663 = EDGE_CURVE('',#2664,#2656,#2666,.T.);
#2664 = VERTEX_POINT('',#2665);
#2665 = CARTESIAN_POINT('',(114.15,64.675,0.));
#2666 = LINE('',#2667,#2668);
#2667 = CARTESIAN_POINT('',(114.15,64.675,0.));
#2668 = VECTOR('',#2669,1.);
#2669 = DIRECTION('',(0.,1.,0.));
#2670 = ORIENTED_EDGE('',*,*,#2671,.F.);
#2671 = EDGE_CURVE('',#2648,#2664,#2672,.T.);
#2672 = LINE('',#2673,#2674);
#2673 = CARTESIAN_POINT('',(100.15,64.675,0.));
#2674 = VECTOR('',#2675,1.);
#2675 = DIRECTION('',(1.,0.,0.));
#2676 = FACE_BOUND('',#2677,.F.);
#2677 = EDGE_LOOP('',(#2678,#2688,#2696,#2704));
#2678 = ORIENTED_EDGE('',*,*,#2679,.F.);
#2679 = EDGE_CURVE('',#2680,#2682,#2684,.T.);
#2680 = VERTEX_POINT('',#2681);
#2681 = CARTESIAN_POINT('',(119.2,78.675,0.));
#2682 = VERTEX_POINT('',#2683);
#2683 = CARTESIAN_POINT('',(119.2,64.675,0.));
#2684 = LINE('',#2685,#2686);
#2685 = CARTESIAN_POINT('',(119.2,78.675,0.));
#2686 = VECTOR('',#2687,1.);
#2687 = DIRECTION('',(0.,-1.,0.));
#2688 = ORIENTED_EDGE('',*,*,#2689,.F.);
#2689 = EDGE_CURVE('',#2690,#2680,#2692,.T.);
#2690 = VERTEX_POINT('',#2691);
#2691 = CARTESIAN_POINT('',(133.2,78.675,0.));
#2692 = LINE('',#2693,#2694);
#2693 = CARTESIAN_POINT('',(133.2,78.675,0.));
#2694 = VECTOR('',#2695,1.);
#2695 = DIRECTION('',(-1.,0.,0.));
#2696 = ORIENTED_EDGE('',*,*,#2697,.F.);
#2697 = EDGE_CURVE('',#2698,#2690,#2700,.T.);
#2698 = VERTEX_POINT('',#2699);
#2699 = CARTESIAN_POINT('',(133.2,64.675,0.));
#2700 = LINE('',#2701,#2702);
#2701 = CARTESIAN_POINT('',(133.2,64.675,0.));
#2702 = VECTOR('',#2703,1.);
#2703 = DIRECTION('',(0.,1.,0.));
#2704 = ORIENTED_EDGE('',*,*,#2705,.F.);
#2705 = EDGE_CURVE('',#2682,#2698,#2706,.T.);
#2706 = LINE('',#2707,#2708);
#2707 = CARTESIAN_POINT('',(119.2,64.675,0.));
#2708 = VECTOR('',#2709,1.);
#2709 = DIRECTION('',(1.,0.,0.));
#2710 = FACE_BOUND('',#2711,.F.);
#2711 = EDGE_LOOP('',(#2712,#2722,#2730,#2738));
#2712 = ORIENTED_EDGE('',*,*,#2713,.F.);
#2713 = EDGE_CURVE('',#2714,#2716,#2718,.T.);
#2714 = VERTEX_POINT('',#2715);
#2715 = CARTESIAN_POINT('',(138.25,78.675,0.));
#2716 = VERTEX_POINT('',#2717);
#2717 = CARTESIAN_POINT('',(138.25,64.675,0.));
#2718 = LINE('',#2719,#2720);
#2719 = CARTESIAN_POINT('',(138.25,78.675,0.));
#2720 = VECTOR('',#2721,1.);
#2721 = DIRECTION('',(0.,-1.,0.));
#2722 = ORIENTED_EDGE('',*,*,#2723,.F.);
#2723 = EDGE_CURVE('',#2724,#2714,#2726,.T.);
#2724 = VERTEX_POINT('',#2725);
#2725 = CARTESIAN_POINT('',(152.25,78.675,0.));
#2726 = LINE('',#2727,#2728);
#2727 = CARTESIAN_POINT('',(152.25,78.675,0.));
#2728 = VECTOR('',#2729,1.);
#2729 = DIRECTION('',(-1.,0.,0.));
#2730 = ORIENTED_EDGE('',*,*,#2731,.F.);
#2731 = EDGE_CURVE('',#2732,#2724,#2734,.T.);
#2732 = VERTEX_POINT('',#2733);
#2733 = CARTESIAN_POINT('',(152.25,64.675,0.));
#2734 = LINE('',#2735,#2736);
#2735 = CARTESIAN_POINT('',(152.25,64.675,0.));
#2736 = VECTOR('',#2737,1.);
#2737 = DIRECTION('',(0.,1.,0.));
#2738 = ORIENTED_EDGE('',*,*,#2739,.F.);
#2739 = EDGE_CURVE('',#2716,#2732,#2740,.T.);
#2740 = LINE('',#2741,#2742);
#2741 = CARTESIAN_POINT('',(138.25,64.675,0.));
#2742 = VECTOR('',#2743,1.);
#2743 = DIRECTION('',(1.,0.,0.));
#2744 = FACE_BOUND('',#2745,.F.);
#2745 = EDGE_LOOP('',(#2746,#2756,#2764,#2772));
#2746 = ORIENTED_EDGE('',*,*,#2747,.F.);
#2747 = EDGE_CURVE('',#2748,#2750,#2752,.T.);
#2748 = VERTEX_POINT('',#2749);
#2749 = CARTESIAN_POINT('',(157.3,78.675,0.));
#2750 = VERTEX_POINT('',#2751);
#2751 = CARTESIAN_POINT('',(157.3,64.675,0.));
#2752 = LINE('',#2753,#2754);
#2753 = CARTESIAN_POINT('',(157.3,78.675,0.));
#2754 = VECTOR('',#2755,1.);
#2755 = DIRECTION('',(0.,-1.,0.));
#2756 = ORIENTED_EDGE('',*,*,#2757,.F.);
#2757 = EDGE_CURVE('',#2758,#2748,#2760,.T.);
#2758 = VERTEX_POINT('',#2759);
#2759 = CARTESIAN_POINT('',(171.3,78.675,0.));
#2760 = LINE('',#2761,#2762);
#2761 = CARTESIAN_POINT('',(171.3,78.675,0.));
#2762 = VECTOR('',#2763,1.);
#2763 = DIRECTION('',(-1.,0.,0.));
#2764 = ORIENTED_EDGE('',*,*,#2765,.F.);
#2765 = EDGE_CURVE('',#2766,#2758,#2768,.T.);
#2766 = VERTEX_POINT('',#2767);
#2767 = CARTESIAN_POINT('',(171.3,64.675,0.));
#2768 = LINE('',#2769,#2770);
#2769 = CARTESIAN_POINT('',(171.3,64.675,0.));
#2770 = VECTOR('',#2771,1.);
#2771 = DIRECTION('',(0.,1.,0.));
#2772 = ORIENTED_EDGE('',*,*,#2773,.F.);
#2773 = EDGE_CURVE('',#2750,#2766,#2774,.T.);
#2774 = LINE('',#2775,#2776);
#2775 = CARTESIAN_POINT('',(157.3,64.675,0.));
#2776 = VECTOR('',#2777,1.);
#2777 = DIRECTION('',(1.,0.,0.));
#2778 = FACE_BOUND('',#2779,.F.);
#2779 = EDGE_LOOP('',(#2780,#2790,#2798,#2806));
#2780 = ORIENTED_EDGE('',*,*,#2781,.F.);
#2781 = EDGE_CURVE('',#2782,#2784,#2786,.T.);
#2782 = VERTEX_POINT('',#2783);
#2783 = CARTESIAN_POINT('',(90.625,97.725,0.));
#2784 = VERTEX_POINT('',#2785);
#2785 = CARTESIAN_POINT('',(90.625,83.725,0.));
#2786 = LINE('',#2787,#2788);
#2787 = CARTESIAN_POINT('',(90.625,97.725,0.));
#2788 = VECTOR('',#2789,1.);
#2789 = DIRECTION('',(0.,-1.,0.));
#2790 = ORIENTED_EDGE('',*,*,#2791,.F.);
#2791 = EDGE_CURVE('',#2792,#2782,#2794,.T.);
#2792 = VERTEX_POINT('',#2793);
#2793 = CARTESIAN_POINT('',(104.625,97.725,0.));
#2794 = LINE('',#2795,#2796);
#2795 = CARTESIAN_POINT('',(104.625,97.725,0.));
#2796 = VECTOR('',#2797,1.);
#2797 = DIRECTION('',(-1.,0.,0.));
#2798 = ORIENTED_EDGE('',*,*,#2799,.F.);
#2799 = EDGE_CURVE('',#2800,#2792,#2802,.T.);
#2800 = VERTEX_POINT('',#2801);
#2801 = CARTESIAN_POINT('',(104.625,83.725,0.));
#2802 = LINE('',#2803,#2804);
#2803 = CARTESIAN_POINT('',(104.625,83.725,0.));
#2804 = VECTOR('',#2805,1.);
#2805 = DIRECTION('',(0.,1.,0.));
#2806 = ORIENTED_EDGE('',*,*,#2807,.F.);
#2807 = EDGE_CURVE('',#2784,#2800,#2808,.T.);
#2808 = LINE('',#2809,#2810);
#2809 = CARTESIAN_POINT('',(90.625,83.725,0.));
#2810 = VECTOR('',#2811,1.);
#2811 = DIRECTION('',(1.,0.,0.));
#2812 = FACE_BOUND('',#2813,.F.);
#2813 = EDGE_LOOP('',(#2814,#2824,#2832,#2840));
#2814 = ORIENTED_EDGE('',*,*,#2815,.F.);
#2815 = EDGE_CURVE('',#2816,#2818,#2820,.T.);
#2816 = VERTEX_POINT('',#2817);
#2817 = CARTESIAN_POINT('',(109.675,97.725,0.));
#2818 = VERTEX_POINT('',#2819);
#2819 = CARTESIAN_POINT('',(109.675,83.725,0.));
#2820 = LINE('',#2821,#2822);
#2821 = CARTESIAN_POINT('',(109.675,97.725,0.));
#2822 = VECTOR('',#2823,1.);
#2823 = DIRECTION('',(0.,-1.,0.));
#2824 = ORIENTED_EDGE('',*,*,#2825,.F.);
#2825 = EDGE_CURVE('',#2826,#2816,#2828,.T.);
#2826 = VERTEX_POINT('',#2827);
#2827 = CARTESIAN_POINT('',(123.675,97.725,0.));
#2828 = LINE('',#2829,#2830);
#2829 = CARTESIAN_POINT('',(123.675,97.725,0.));
#2830 = VECTOR('',#2831,1.);
#2831 = DIRECTION('',(-1.,0.,0.));
#2832 = ORIENTED_EDGE('',*,*,#2833,.F.);
#2833 = EDGE_CURVE('',#2834,#2826,#2836,.T.);
#2834 = VERTEX_POINT('',#2835);
#2835 = CARTESIAN_POINT('',(123.675,83.725,0.));
#2836 = LINE('',#2837,#2838);
#2837 = CARTESIAN_POINT('',(123.675,83.725,0.));
#2838 = VECTOR('',#2839,1.);
#2839 = DIRECTION('',(0.,1.,0.));
#2840 = ORIENTED_EDGE('',*,*,#2841,.F.);
#2841 = EDGE_CURVE('',#2818,#2834,#2842,.T.);
#2842 = LINE('',#2843,#2844);
#2843 = CARTESIAN_POINT('',(109.675,83.725,0.));
#2844 = VECTOR('',#2845,1.);
#2845 = DIRECTION('',(1.,0.,0.));
#2846 = FACE_BOUND('',#2847,.F.);
#2847 = EDGE_LOOP('',(#2848,#2858,#2866,#2874));
#2848 = ORIENTED_EDGE('',*,*,#2849,.F.);
#2849 = EDGE_CURVE('',#2850,#2852,#2854,.T.);
#2850 = VERTEX_POINT('',#2851);
#2851 = CARTESIAN_POINT('',(128.725,97.725,0.));
#2852 = VERTEX_POINT('',#2853);
#2853 = CARTESIAN_POINT('',(128.725,83.725,0.));
#2854 = LINE('',#2855,#2856);
#2855 = CARTESIAN_POINT('',(128.725,97.725,0.));
#2856 = VECTOR('',#2857,1.);
#2857 = DIRECTION('',(0.,-1.,0.));
#2858 = ORIENTED_EDGE('',*,*,#2859,.F.);
#2859 = EDGE_CURVE('',#2860,#2850,#2862,.T.);
#2860 = VERTEX_POINT('',#2861);
#2861 = CARTESIAN_POINT('',(142.725,97.725,0.));
#2862 = LINE('',#2863,#2864);
#2863 = CARTESIAN_POINT('',(142.725,97.725,0.));
#2864 = VECTOR('',#2865,1.);
#2865 = DIRECTION('',(-1.,0.,0.));
#2866 = ORIENTED_EDGE('',*,*,#2867,.F.);
#2867 = EDGE_CURVE('',#2868,#2860,#2870,.T.);
#2868 = VERTEX_POINT('',#2869);
#2869 = CARTESIAN_POINT('',(142.725,83.725,0.));
#2870 = LINE('',#2871,#2872);
#2871 = CARTESIAN_POINT('',(142.725,83.725,0.));
#2872 = VECTOR('',#2873,1.);
#2873 = DIRECTION('',(0.,1.,0.));
#2874 = ORIENTED_EDGE('',*,*,#2875,.F.);
#2875 = EDGE_CURVE('',#2852,#2868,#2876,.T.);
#2876 = LINE('',#2877,#2878);
#2877 = CARTESIAN_POINT('',(128.725,83.725,0.));
#2878 = VECTOR('',#2879,1.);
#2879 = DIRECTION('',(1.,0.,0.));
#2880 = FACE_BOUND('',#2881,.F.);
#2881 = EDGE_LOOP('',(#2882,#2892,#2900,#2908));
#2882 = ORIENTED_EDGE('',*,*,#2883,.F.);
#2883 = EDGE_CURVE('',#2884,#2886,#2888,.T.);
#2884 = VERTEX_POINT('',#2885);
#2885 = CARTESIAN_POINT('',(147.775,97.725,0.));
#2886 = VERTEX_POINT('',#2887);
#2887 = CARTESIAN_POINT('',(147.775,83.725,0.));
#2888 = LINE('',#2889,#2890);
#2889 = CARTESIAN_POINT('',(147.775,97.725,0.));
#2890 = VECTOR('',#2891,1.);
#2891 = DIRECTION('',(0.,-1.,0.));
#2892 = ORIENTED_EDGE('',*,*,#2893,.F.);
#2893 = EDGE_CURVE('',#2894,#2884,#2896,.T.);
#2894 = VERTEX_POINT('',#2895);
#2895 = CARTESIAN_POINT('',(161.775,97.725,0.));
#2896 = LINE('',#2897,#2898);
#2897 = CARTESIAN_POINT('',(161.775,97.725,0.));
#2898 = VECTOR('',#2899,1.);
#2899 = DIRECTION('',(-1.,0.,0.));
#2900 = ORIENTED_EDGE('',*,*,#2901,.F.);
#2901 = EDGE_CURVE('',#2902,#2894,#2904,.T.);
#2902 = VERTEX_POINT('',#2903);
#2903 = CARTESIAN_POINT('',(161.775,83.725,0.));
#2904 = LINE('',#2905,#2906);
#2905 = CARTESIAN_POINT('',(161.775,83.725,0.));
#2906 = VECTOR('',#2907,1.);
#2907 = DIRECTION('',(0.,1.,0.));
#2908 = ORIENTED_EDGE('',*,*,#2909,.F.);
#2909 = EDGE_CURVE('',#2886,#2902,#2910,.T.);
#2910 = LINE('',#2911,#2912);
#2911 = CARTESIAN_POINT('',(147.775,83.725,0.));
#2912 = VECTOR('',#2913,1.);
#2913 = DIRECTION('',(1.,0.,0.));
#2914 = FACE_BOUND('',#2915,.F.);
#2915 = EDGE_LOOP('',(#2916,#2926,#2934,#2942));
#2916 = ORIENTED_EDGE('',*,*,#2917,.F.);
#2917 = EDGE_CURVE('',#2918,#2920,#2922,.T.);
#2918 = VERTEX_POINT('',#2919);
#2919 = CARTESIAN_POINT('',(166.825,97.725,0.));
#2920 = VERTEX_POINT('',#2921);
#2921 = CARTESIAN_POINT('',(166.825,83.725,0.));
#2922 = LINE('',#2923,#2924);
#2923 = CARTESIAN_POINT('',(166.825,97.725,0.));
#2924 = VECTOR('',#2925,1.);
#2925 = DIRECTION('',(0.,-1.,0.));
#2926 = ORIENTED_EDGE('',*,*,#2927,.F.);
#2927 = EDGE_CURVE('',#2928,#2918,#2930,.T.);
#2928 = VERTEX_POINT('',#2929);
#2929 = CARTESIAN_POINT('',(180.825,97.725,0.));
#2930 = LINE('',#2931,#2932);
#2931 = CARTESIAN_POINT('',(180.825,97.725,0.));
#2932 = VECTOR('',#2933,1.);
#2933 = DIRECTION('',(-1.,0.,0.));
#2934 = ORIENTED_EDGE('',*,*,#2935,.F.);
#2935 = EDGE_CURVE('',#2936,#2928,#2938,.T.);
#2936 = VERTEX_POINT('',#2937);
#2937 = CARTESIAN_POINT('',(180.825,83.725,0.));
#2938 = LINE('',#2939,#2940);
#2939 = CARTESIAN_POINT('',(180.825,83.725,0.));
#2940 = VECTOR('',#2941,1.);
#2941 = DIRECTION('',(0.,1.,0.));
#2942 = ORIENTED_EDGE('',*,*,#2943,.F.);
#2943 = EDGE_CURVE('',#2920,#2936,#2944,.T.);
#2944 = LINE('',#2945,#2946);
#2945 = CARTESIAN_POINT('',(166.825,83.725,0.));
#2946 = VECTOR('',#2947,1.);
#2947 = DIRECTION('',(1.,0.,0.));
#2948 = FACE_BOUND('',#2949,.F.);
#2949 = EDGE_LOOP('',(#2950));
#2950 = ORIENTED_EDGE('',*,*,#2951,.F.);
#2951 = EDGE_CURVE('',#2952,#2952,#2954,.T.);
#2952 = VERTEX_POINT('',#2953);
#2953 = CARTESIAN_POINT('',(43.1,97.25,0.));
#2954 = CIRCLE('',#2955,1.1);
#2955 = AXIS2_PLACEMENT_3D('',#2956,#2957,#2958);
#2956 = CARTESIAN_POINT('',(42.,97.25,0.));
#2957 = DIRECTION('',(0.,0.,1.));
#2958 = DIRECTION('',(1.,0.,0.));
#2959 = FACE_BOUND('',#2960,.F.);
#2960 = EDGE_LOOP('',(#2961));
#2961 = ORIENTED_EDGE('',*,*,#2962,.F.);
#2962 = EDGE_CURVE('',#2963,#2963,#2965,.T.);
#2963 = VERTEX_POINT('',#2964);
#2964 = CARTESIAN_POINT('',(49.4,102.75,-2.E-15));
#2965 = CIRCLE('',#2966,1.9);
#2966 = AXIS2_PLACEMENT_3D('',#2967,#2968,#2969);
#2967 = CARTESIAN_POINT('',(47.5,102.75,0.));
#2968 = DIRECTION('',(0.,0.,1.));
#2969 = DIRECTION('',(1.,0.,0.));
#2970 = FACE_BOUND('',#2971,.F.);
#2971 = EDGE_LOOP('',(#2972,#2983,#2991,#3000));
#2972 = ORIENTED_EDGE('',*,*,#2973,.F.);
#2973 = EDGE_CURVE('',#2974,#2976,#2978,.T.);
#2974 = VERTEX_POINT('',#2975);
#2975 = CARTESIAN_POINT('',(9.,109.25,0.));
#2976 = VERTEX_POINT('',#2977);
#2977 = CARTESIAN_POINT('',(9.,107.25,0.));
#2978 = CIRCLE('',#2979,1.);
#2979 = AXIS2_PLACEMENT_3D('',#2980,#2981,#2982);
#2980 = CARTESIAN_POINT('',(9.,108.25,0.));
#2981 = DIRECTION('',(0.,0.,1.));
#2982 = DIRECTION('',(1.,0.,0.));
#2983 = ORIENTED_EDGE('',*,*,#2984,.T.);
#2984 = EDGE_CURVE('',#2974,#2985,#2987,.T.);
#2985 = VERTEX_POINT('',#2986);
#2986 = CARTESIAN_POINT('',(41.,109.25,0.));
#2987 = LINE('',#2988,#2989);
#2988 = CARTESIAN_POINT('',(9.,109.25,0.));
#2989 = VECTOR('',#2990,1.);
#2990 = DIRECTION('',(1.,0.,0.));
#2991 = ORIENTED_EDGE('',*,*,#2992,.F.);
#2992 = EDGE_CURVE('',#2993,#2985,#2995,.T.);
#2993 = VERTEX_POINT('',#2994);
#2994 = CARTESIAN_POINT('',(41.,107.25,0.));
#2995 = CIRCLE('',#2996,1.);
#2996 = AXIS2_PLACEMENT_3D('',#2997,#2998,#2999);
#2997 = CARTESIAN_POINT('',(41.,108.25,0.));
#2998 = DIRECTION('',(0.,0.,1.));
#2999 = DIRECTION('',(1.,0.,0.));
#3000 = ORIENTED_EDGE('',*,*,#3001,.F.);
#3001 = EDGE_CURVE('',#2976,#2993,#3002,.T.);
#3002 = LINE('',#3003,#3004);
#3003 = CARTESIAN_POINT('',(9.,107.25,0.));
#3004 = VECTOR('',#3005,1.);
#3005 = DIRECTION('',(1.,0.,0.));
#3006 = FACE_BOUND('',#3007,.F.);
#3007 = EDGE_LOOP('',(#3008,#3018,#3026,#3034));
#3008 = ORIENTED_EDGE('',*,*,#3009,.F.);
#3009 = EDGE_CURVE('',#3010,#3012,#3014,.T.);
#3010 = VERTEX_POINT('',#3011);
#3011 = CARTESIAN_POINT('',(52.525,121.775,0.));
#3012 = VERTEX_POINT('',#3013);
#3013 = CARTESIAN_POINT('',(52.525,107.775,0.));
#3014 = LINE('',#3015,#3016);
#3015 = CARTESIAN_POINT('',(52.525,121.775,0.));
#3016 = VECTOR('',#3017,1.);
#3017 = DIRECTION('',(0.,-1.,0.));
#3018 = ORIENTED_EDGE('',*,*,#3019,.F.);
#3019 = EDGE_CURVE('',#3020,#3010,#3022,.T.);
#3020 = VERTEX_POINT('',#3021);
#3021 = CARTESIAN_POINT('',(66.525,121.775,0.));
#3022 = LINE('',#3023,#3024);
#3023 = CARTESIAN_POINT('',(66.525,121.775,0.));
#3024 = VECTOR('',#3025,1.);
#3025 = DIRECTION('',(-1.,0.,0.));
#3026 = ORIENTED_EDGE('',*,*,#3027,.F.);
#3027 = EDGE_CURVE('',#3028,#3020,#3030,.T.);
#3028 = VERTEX_POINT('',#3029);
#3029 = CARTESIAN_POINT('',(66.525,107.775,0.));
#3030 = LINE('',#3031,#3032);
#3031 = CARTESIAN_POINT('',(66.525,107.775,0.));
#3032 = VECTOR('',#3033,1.);
#3033 = DIRECTION('',(0.,1.,0.));
#3034 = ORIENTED_EDGE('',*,*,#3035,.F.);
#3035 = EDGE_CURVE('',#3012,#3028,#3036,.T.);
#3036 = LINE('',#3037,#3038);
#3037 = CARTESIAN_POINT('',(52.525,107.775,0.));
#3038 = VECTOR('',#3039,1.);
#3039 = DIRECTION('',(1.,0.,0.));
#3040 = FACE_BOUND('',#3041,.F.);
#3041 = EDGE_LOOP('',(#3042,#3052,#3060,#3068));
#3042 = ORIENTED_EDGE('',*,*,#3043,.F.);
#3043 = EDGE_CURVE('',#3044,#3046,#3048,.T.);
#3044 = VERTEX_POINT('',#3045);
#3045 = CARTESIAN_POINT('',(81.1,121.775,0.));
#3046 = VERTEX_POINT('',#3047);
#3047 = CARTESIAN_POINT('',(81.1,107.775,0.));
#3048 = LINE('',#3049,#3050);
#3049 = CARTESIAN_POINT('',(81.1,121.775,0.));
#3050 = VECTOR('',#3051,1.);
#3051 = DIRECTION('',(0.,-1.,0.));
#3052 = ORIENTED_EDGE('',*,*,#3053,.F.);
#3053 = EDGE_CURVE('',#3054,#3044,#3056,.T.);
#3054 = VERTEX_POINT('',#3055);
#3055 = CARTESIAN_POINT('',(95.1,121.775,0.));
#3056 = LINE('',#3057,#3058);
#3057 = CARTESIAN_POINT('',(95.1,121.775,0.));
#3058 = VECTOR('',#3059,1.);
#3059 = DIRECTION('',(-1.,0.,0.));
#3060 = ORIENTED_EDGE('',*,*,#3061,.F.);
#3061 = EDGE_CURVE('',#3062,#3054,#3064,.T.);
#3062 = VERTEX_POINT('',#3063);
#3063 = CARTESIAN_POINT('',(95.1,107.775,0.));
#3064 = LINE('',#3065,#3066);
#3065 = CARTESIAN_POINT('',(95.1,107.775,0.));
#3066 = VECTOR('',#3067,1.);
#3067 = DIRECTION('',(0.,1.,0.));
#3068 = ORIENTED_EDGE('',*,*,#3069,.F.);
#3069 = EDGE_CURVE('',#3046,#3062,#3070,.T.);
#3070 = LINE('',#3071,#3072);
#3071 = CARTESIAN_POINT('',(81.1,107.775,0.));
#3072 = VECTOR('',#3073,1.);
#3073 = DIRECTION('',(1.,0.,0.));
#3074 = FACE_BOUND('',#3075,.F.);
#3075 = EDGE_LOOP('',(#3076,#3086,#3094,#3102));
#3076 = ORIENTED_EDGE('',*,*,#3077,.F.);
#3077 = EDGE_CURVE('',#3078,#3080,#3082,.T.);
#3078 = VERTEX_POINT('',#3079);
#3079 = CARTESIAN_POINT('',(100.15,121.775,0.));
#3080 = VERTEX_POINT('',#3081);
#3081 = CARTESIAN_POINT('',(100.15,107.775,0.));
#3082 = LINE('',#3083,#3084);
#3083 = CARTESIAN_POINT('',(100.15,121.775,0.));
#3084 = VECTOR('',#3085,1.);
#3085 = DIRECTION('',(0.,-1.,0.));
#3086 = ORIENTED_EDGE('',*,*,#3087,.F.);
#3087 = EDGE_CURVE('',#3088,#3078,#3090,.T.);
#3088 = VERTEX_POINT('',#3089);
#3089 = CARTESIAN_POINT('',(114.15,121.775,0.));
#3090 = LINE('',#3091,#3092);
#3091 = CARTESIAN_POINT('',(114.15,121.775,0.));
#3092 = VECTOR('',#3093,1.);
#3093 = DIRECTION('',(-1.,0.,0.));
#3094 = ORIENTED_EDGE('',*,*,#3095,.F.);
#3095 = EDGE_CURVE('',#3096,#3088,#3098,.T.);
#3096 = VERTEX_POINT('',#3097);
#3097 = CARTESIAN_POINT('',(114.15,107.775,0.));
#3098 = LINE('',#3099,#3100);
#3099 = CARTESIAN_POINT('',(114.15,107.775,0.));
#3100 = VECTOR('',#3101,1.);
#3101 = DIRECTION('',(0.,1.,0.));
#3102 = ORIENTED_EDGE('',*,*,#3103,.F.);
#3103 = EDGE_CURVE('',#3080,#3096,#3104,.T.);
#3104 = LINE('',#3105,#3106);
#3105 = CARTESIAN_POINT('',(100.15,107.775,0.));
#3106 = VECTOR('',#3107,1.);
#3107 = DIRECTION('',(1.,0.,0.));
#3108 = FACE_BOUND('',#3109,.F.);
#3109 = EDGE_LOOP('',(#3110,#3120,#3128,#3136));
#3110 = ORIENTED_EDGE('',*,*,#3111,.F.);
#3111 = EDGE_CURVE('',#3112,#3114,#3116,.T.);
#3112 = VERTEX_POINT('',#3113);
#3113 = CARTESIAN_POINT('',(119.2,121.775,0.));
#3114 = VERTEX_POINT('',#3115);
#3115 = CARTESIAN_POINT('',(119.2,107.775,0.));
#3116 = LINE('',#3117,#3118);
#3117 = CARTESIAN_POINT('',(119.2,121.775,0.));
#3118 = VECTOR('',#3119,1.);
#3119 = DIRECTION('',(0.,-1.,0.));
#3120 = ORIENTED_EDGE('',*,*,#3121,.F.);
#3121 = EDGE_CURVE('',#3122,#3112,#3124,.T.);
#3122 = VERTEX_POINT('',#3123);
#3123 = CARTESIAN_POINT('',(133.2,121.775,0.));
#3124 = LINE('',#3125,#3126);
#3125 = CARTESIAN_POINT('',(133.2,121.775,0.));
#3126 = VECTOR('',#3127,1.);
#3127 = DIRECTION('',(-1.,0.,0.));
#3128 = ORIENTED_EDGE('',*,*,#3129,.F.);
#3129 = EDGE_CURVE('',#3130,#3122,#3132,.T.);
#3130 = VERTEX_POINT('',#3131);
#3131 = CARTESIAN_POINT('',(133.2,107.775,0.));
#3132 = LINE('',#3133,#3134);
#3133 = CARTESIAN_POINT('',(133.2,107.775,0.));
#3134 = VECTOR('',#3135,1.);
#3135 = DIRECTION('',(0.,1.,0.));
#3136 = ORIENTED_EDGE('',*,*,#3137,.F.);
#3137 = EDGE_CURVE('',#3114,#3130,#3138,.T.);
#3138 = LINE('',#3139,#3140);
#3139 = CARTESIAN_POINT('',(119.2,107.775,0.));
#3140 = VECTOR('',#3141,1.);
#3141 = DIRECTION('',(1.,0.,0.));
#3142 = FACE_BOUND('',#3143,.F.);
#3143 = EDGE_LOOP('',(#3144,#3154,#3162,#3170));
#3144 = ORIENTED_EDGE('',*,*,#3145,.F.);
#3145 = EDGE_CURVE('',#3146,#3148,#3150,.T.);
#3146 = VERTEX_POINT('',#3147);
#3147 = CARTESIAN_POINT('',(138.25,121.775,0.));
#3148 = VERTEX_POINT('',#3149);
#3149 = CARTESIAN_POINT('',(138.25,107.775,0.));
#3150 = LINE('',#3151,#3152);
#3151 = CARTESIAN_POINT('',(138.25,121.775,0.));
#3152 = VECTOR('',#3153,1.);
#3153 = DIRECTION('',(0.,-1.,0.));
#3154 = ORIENTED_EDGE('',*,*,#3155,.F.);
#3155 = EDGE_CURVE('',#3156,#3146,#3158,.T.);
#3156 = VERTEX_POINT('',#3157);
#3157 = CARTESIAN_POINT('',(152.25,121.775,0.));
#3158 = LINE('',#3159,#3160);
#3159 = CARTESIAN_POINT('',(152.25,121.775,0.));
#3160 = VECTOR('',#3161,1.);
#3161 = DIRECTION('',(-1.,0.,0.));
#3162 = ORIENTED_EDGE('',*,*,#3163,.F.);
#3163 = EDGE_CURVE('',#3164,#3156,#3166,.T.);
#3164 = VERTEX_POINT('',#3165);
#3165 = CARTESIAN_POINT('',(152.25,107.775,0.));
#3166 = LINE('',#3167,#3168);
#3167 = CARTESIAN_POINT('',(152.25,107.775,0.));
#3168 = VECTOR('',#3169,1.);
#3169 = DIRECTION('',(0.,1.,0.));
#3170 = ORIENTED_EDGE('',*,*,#3171,.F.);
#3171 = EDGE_CURVE('',#3148,#3164,#3172,.T.);
#3172 = LINE('',#3173,#3174);
#3173 = CARTESIAN_POINT('',(138.25,107.775,0.));
#3174 = VECTOR('',#3175,1.);
#3175 = DIRECTION('',(1.,0.,0.));
#3176 = FACE_BOUND('',#3177,.F.);
#3177 = EDGE_LOOP('',(#3178,#3188,#3196,#3204));
#3178 = ORIENTED_EDGE('',*,*,#3179,.F.);
#3179 = EDGE_CURVE('',#3180,#3182,#3184,.T.);
#3180 = VERTEX_POINT('',#3181);
#3181 = CARTESIAN_POINT('',(166.825,121.775,0.));
#3182 = VERTEX_POINT('',#3183);
#3183 = CARTESIAN_POINT('',(166.825,107.775,0.));
#3184 = LINE('',#3185,#3186);
#3185 = CARTESIAN_POINT('',(166.825,121.775,0.));
#3186 = VECTOR('',#3187,1.);
#3187 = DIRECTION('',(0.,-1.,0.));
#3188 = ORIENTED_EDGE('',*,*,#3189,.F.);
#3189 = EDGE_CURVE('',#3190,#3180,#3192,.T.);
#3190 = VERTEX_POINT('',#3191);
#3191 = CARTESIAN_POINT('',(180.825,121.775,0.));
#3192 = LINE('',#3193,#3194);
#3193 = CARTESIAN_POINT('',(180.825,121.775,0.));
#3194 = VECTOR('',#3195,1.);
#3195 = DIRECTION('',(-1.,0.,0.));
#3196 = ORIENTED_EDGE('',*,*,#3197,.F.);
#3197 = EDGE_CURVE('',#3198,#3190,#3200,.T.);
#3198 = VERTEX_POINT('',#3199);
#3199 = CARTESIAN_POINT('',(180.825,107.775,0.));
#3200 = LINE('',#3201,#3202);
#3201 = CARTESIAN_POINT('',(180.825,107.775,0.));
#3202 = VECTOR('',#3203,1.);
#3203 = DIRECTION('',(0.,1.,0.));
#3204 = ORIENTED_EDGE('',*,*,#3205,.F.);
#3205 = EDGE_CURVE('',#3182,#3198,#3206,.T.);
#3206 = LINE('',#3207,#3208);
#3207 = CARTESIAN_POINT('',(166.825,107.775,0.));
#3208 = VECTOR('',#3209,1.);
#3209 = DIRECTION('',(1.,0.,0.));
#3210 = FACE_BOUND('',#3211,.F.);
#3211 = EDGE_LOOP('',(#3212,#3222,#3230,#3238));
#3212 = ORIENTED_EDGE('',*,*,#3213,.F.);
#3213 = EDGE_CURVE('',#3214,#3216,#3218,.T.);
#3214 = VERTEX_POINT('',#3215);
#3215 = CARTESIAN_POINT('',(176.35,78.675,0.));
#3216 = VERTEX_POINT('',#3217);
#3217 = CARTESIAN_POINT('',(176.35,64.675,0.));
#3218 = LINE('',#3219,#3220);
#3219 = CARTESIAN_POINT('',(176.35,78.675,0.));
#3220 = VECTOR('',#3221,1.);
#3221 = DIRECTION('',(0.,-1.,0.));
#3222 = ORIENTED_EDGE('',*,*,#3223,.F.);
#3223 = EDGE_CURVE('',#3224,#3214,#3226,.T.);
#3224 = VERTEX_POINT('',#3225);
#3225 = CARTESIAN_POINT('',(190.35,78.675,0.));
#3226 = LINE('',#3227,#3228);
#3227 = CARTESIAN_POINT('',(190.35,78.675,0.));
#3228 = VECTOR('',#3229,1.);
#3229 = DIRECTION('',(-1.,0.,0.));
#3230 = ORIENTED_EDGE('',*,*,#3231,.F.);
#3231 = EDGE_CURVE('',#3232,#3224,#3234,.T.);
#3232 = VERTEX_POINT('',#3233);
#3233 = CARTESIAN_POINT('',(190.35,64.675,0.));
#3234 = LINE('',#3235,#3236);
#3235 = CARTESIAN_POINT('',(190.35,64.675,0.));
#3236 = VECTOR('',#3237,1.);
#3237 = DIRECTION('',(0.,1.,0.));
#3238 = ORIENTED_EDGE('',*,*,#3239,.F.);
#3239 = EDGE_CURVE('',#3216,#3232,#3240,.T.);
#3240 = LINE('',#3241,#3242);
#3241 = CARTESIAN_POINT('',(176.35,64.675,0.));
#3242 = VECTOR('',#3243,1.);
#3243 = DIRECTION('',(1.,0.,0.));
#3244 = FACE_BOUND('',#3245,.F.);
#3245 = EDGE_LOOP('',(#3246,#3256,#3264,#3272));
#3246 = ORIENTED_EDGE('',*,*,#3247,.F.);
#3247 = EDGE_CURVE('',#3248,#3250,#3252,.T.);
#3248 = VERTEX_POINT('',#3249);
#3249 = CARTESIAN_POINT('',(195.4,78.675,0.));
#3250 = VERTEX_POINT('',#3251);
#3251 = CARTESIAN_POINT('',(195.4,64.675,0.));
#3252 = LINE('',#3253,#3254);
#3253 = CARTESIAN_POINT('',(195.4,78.675,0.));
#3254 = VECTOR('',#3255,1.);
#3255 = DIRECTION('',(0.,-1.,0.));
#3256 = ORIENTED_EDGE('',*,*,#3257,.F.);
#3257 = EDGE_CURVE('',#3258,#3248,#3260,.T.);
#3258 = VERTEX_POINT('',#3259);
#3259 = CARTESIAN_POINT('',(209.4,78.675,0.));
#3260 = LINE('',#3261,#3262);
#3261 = CARTESIAN_POINT('',(209.4,78.675,0.));
#3262 = VECTOR('',#3263,1.);
#3263 = DIRECTION('',(-1.,0.,0.));
#3264 = ORIENTED_EDGE('',*,*,#3265,.F.);
#3265 = EDGE_CURVE('',#3266,#3258,#3268,.T.);
#3266 = VERTEX_POINT('',#3267);
#3267 = CARTESIAN_POINT('',(209.4,64.675,0.));
#3268 = LINE('',#3269,#3270);
#3269 = CARTESIAN_POINT('',(209.4,64.675,0.));
#3270 = VECTOR('',#3271,1.);
#3271 = DIRECTION('',(0.,1.,0.));
#3272 = ORIENTED_EDGE('',*,*,#3273,.F.);
#3273 = EDGE_CURVE('',#3250,#3266,#3274,.T.);
#3274 = LINE('',#3275,#3276);
#3275 = CARTESIAN_POINT('',(195.4,64.675,0.));
#3276 = VECTOR('',#3277,1.);
#3277 = DIRECTION('',(1.,0.,0.));
#3278 = FACE_BOUND('',#3279,.F.);
#3279 = EDGE_LOOP('',(#3280,#3290,#3298,#3306));
#3280 = ORIENTED_EDGE('',*,*,#3281,.F.);
#3281 = EDGE_CURVE('',#3282,#3284,#3286,.T.);
#3282 = VERTEX_POINT('',#3283);
#3283 = CARTESIAN_POINT('',(214.45,78.675,0.));
#3284 = VERTEX_POINT('',#3285);
#3285 = CARTESIAN_POINT('',(214.45,64.675,0.));
#3286 = LINE('',#3287,#3288);
#3287 = CARTESIAN_POINT('',(214.45,78.675,0.));
#3288 = VECTOR('',#3289,1.);
#3289 = DIRECTION('',(0.,-1.,0.));
#3290 = ORIENTED_EDGE('',*,*,#3291,.F.);
#3291 = EDGE_CURVE('',#3292,#3282,#3294,.T.);
#3292 = VERTEX_POINT('',#3293);
#3293 = CARTESIAN_POINT('',(228.45,78.675,0.));
#3294 = LINE('',#3295,#3296);
#3295 = CARTESIAN_POINT('',(228.45,78.675,0.));
#3296 = VECTOR('',#3297,1.);
#3297 = DIRECTION('',(-1.,0.,0.));
#3298 = ORIENTED_EDGE('',*,*,#3299,.F.);
#3299 = EDGE_CURVE('',#3300,#3292,#3302,.T.);
#3300 = VERTEX_POINT('',#3301);
#3301 = CARTESIAN_POINT('',(228.45,64.675,0.));
#3302 = LINE('',#3303,#3304);
#3303 = CARTESIAN_POINT('',(228.45,64.675,0.));
#3304 = VECTOR('',#3305,1.);
#3305 = DIRECTION('',(0.,1.,0.));
#3306 = ORIENTED_EDGE('',*,*,#3307,.F.);
#3307 = EDGE_CURVE('',#3284,#3300,#3308,.T.);
#3308 = LINE('',#3309,#3310);
#3309 = CARTESIAN_POINT('',(214.45,64.675,0.));
#3310 = VECTOR('',#3311,1.);
#3311 = DIRECTION('',(1.,0.,0.));
#3312 = FACE_BOUND('',#3313,.F.);
#3313 = EDGE_LOOP('',(#3314,#3324,#3332,#3340));
#3314 = ORIENTED_EDGE('',*,*,#3315,.F.);
#3315 = EDGE_CURVE('',#3316,#3318,#3320,.T.);
#3316 = VERTEX_POINT('',#3317);
#3317 = CARTESIAN_POINT('',(233.5,78.675,0.));
#3318 = VERTEX_POINT('',#3319);
#3319 = CARTESIAN_POINT('',(233.5,64.675,0.));
#3320 = LINE('',#3321,#3322);
#3321 = CARTESIAN_POINT('',(233.5,78.675,0.));
#3322 = VECTOR('',#3323,1.);
#3323 = DIRECTION('',(0.,-1.,0.));
#3324 = ORIENTED_EDGE('',*,*,#3325,.F.);
#3325 = EDGE_CURVE('',#3326,#3316,#3328,.T.);
#3326 = VERTEX_POINT('',#3327);
#3327 = CARTESIAN_POINT('',(247.5,78.675,0.));
#3328 = LINE('',#3329,#3330);
#3329 = CARTESIAN_POINT('',(247.5,78.675,0.));
#3330 = VECTOR('',#3331,1.);
#3331 = DIRECTION('',(-1.,0.,0.));
#3332 = ORIENTED_EDGE('',*,*,#3333,.F.);
#3333 = EDGE_CURVE('',#3334,#3326,#3336,.T.);
#3334 = VERTEX_POINT('',#3335);
#3335 = CARTESIAN_POINT('',(247.5,64.675,0.));
#3336 = LINE('',#3337,#3338);
#3337 = CARTESIAN_POINT('',(247.5,64.675,0.));
#3338 = VECTOR('',#3339,1.);
#3339 = DIRECTION('',(0.,1.,0.));
#3340 = ORIENTED_EDGE('',*,*,#3341,.F.);
#3341 = EDGE_CURVE('',#3318,#3334,#3342,.T.);
#3342 = LINE('',#3343,#3344);
#3343 = CARTESIAN_POINT('',(233.5,64.675,0.));
#3344 = VECTOR('',#3345,1.);
#3345 = DIRECTION('',(1.,0.,0.));
#3346 = FACE_BOUND('',#3347,.F.);
#3347 = EDGE_LOOP('',(#3348,#3358,#3366,#3374));
#3348 = ORIENTED_EDGE('',*,*,#3349,.F.);
#3349 = EDGE_CURVE('',#3350,#3352,#3354,.T.);
#3350 = VERTEX_POINT('',#3351);
#3351 = CARTESIAN_POINT('',(252.55,78.675,0.));
#3352 = VERTEX_POINT('',#3353);
#3353 = CARTESIAN_POINT('',(252.55,64.675,0.));
#3354 = LINE('',#3355,#3356);
#3355 = CARTESIAN_POINT('',(252.55,78.675,0.));
#3356 = VECTOR('',#3357,1.);
#3357 = DIRECTION('',(0.,-1.,0.));
#3358 = ORIENTED_EDGE('',*,*,#3359,.F.);
#3359 = EDGE_CURVE('',#3360,#3350,#3362,.T.);
#3360 = VERTEX_POINT('',#3361);
#3361 = CARTESIAN_POINT('',(266.55,78.675,0.));
#3362 = LINE('',#3363,#3364);
#3363 = CARTESIAN_POINT('',(266.55,78.675,0.));
#3364 = VECTOR('',#3365,1.);
#3365 = DIRECTION('',(-1.,0.,0.));
#3366 = ORIENTED_EDGE('',*,*,#3367,.F.);
#3367 = EDGE_CURVE('',#3368,#3360,#3370,.T.);
#3368 = VERTEX_POINT('',#3369);
#3369 = CARTESIAN_POINT('',(266.55,64.675,0.));
#3370 = LINE('',#3371,#3372);
#3371 = CARTESIAN_POINT('',(266.55,64.675,0.));
#3372 = VECTOR('',#3373,1.);
#3373 = DIRECTION('',(0.,1.,0.));
#3374 = ORIENTED_EDGE('',*,*,#3375,.F.);
#3375 = EDGE_CURVE('',#3352,#3368,#3376,.T.);
#3376 = LINE('',#3377,#3378);
#3377 = CARTESIAN_POINT('',(252.55,64.675,0.));
#3378 = VECTOR('',#3379,1.);
#3379 = DIRECTION('',(1.,0.,0.));
#3380 = FACE_BOUND('',#3381,.F.);
#3381 = EDGE_LOOP('',(#3382,#3392,#3400,#3408));
#3382 = ORIENTED_EDGE('',*,*,#3383,.F.);
#3383 = EDGE_CURVE('',#3384,#3386,#3388,.T.);
#3384 = VERTEX_POINT('',#3385);
#3385 = CARTESIAN_POINT('',(185.875,97.725,0.));
#3386 = VERTEX_POINT('',#3387);
#3387 = CARTESIAN_POINT('',(185.875,83.725,0.));
#3388 = LINE('',#3389,#3390);
#3389 = CARTESIAN_POINT('',(185.875,97.725,0.));
#3390 = VECTOR('',#3391,1.);
#3391 = DIRECTION('',(0.,-1.,0.));
#3392 = ORIENTED_EDGE('',*,*,#3393,.F.);
#3393 = EDGE_CURVE('',#3394,#3384,#3396,.T.);
#3394 = VERTEX_POINT('',#3395);
#3395 = CARTESIAN_POINT('',(199.875,97.725,0.));
#3396 = LINE('',#3397,#3398);
#3397 = CARTESIAN_POINT('',(199.875,97.725,0.));
#3398 = VECTOR('',#3399,1.);
#3399 = DIRECTION('',(-1.,0.,0.));
#3400 = ORIENTED_EDGE('',*,*,#3401,.F.);
#3401 = EDGE_CURVE('',#3402,#3394,#3404,.T.);
#3402 = VERTEX_POINT('',#3403);
#3403 = CARTESIAN_POINT('',(199.875,83.725,0.));
#3404 = LINE('',#3405,#3406);
#3405 = CARTESIAN_POINT('',(199.875,83.725,0.));
#3406 = VECTOR('',#3407,1.);
#3407 = DIRECTION('',(0.,1.,0.));
#3408 = ORIENTED_EDGE('',*,*,#3409,.F.);
#3409 = EDGE_CURVE('',#3386,#3402,#3410,.T.);
#3410 = LINE('',#3411,#3412);
#3411 = CARTESIAN_POINT('',(185.875,83.725,0.));
#3412 = VECTOR('',#3413,1.);
#3413 = DIRECTION('',(1.,0.,0.));
#3414 = FACE_BOUND('',#3415,.F.);
#3415 = EDGE_LOOP('',(#3416,#3426,#3434,#3442));
#3416 = ORIENTED_EDGE('',*,*,#3417,.F.);
#3417 = EDGE_CURVE('',#3418,#3420,#3422,.T.);
#3418 = VERTEX_POINT('',#3419);
#3419 = CARTESIAN_POINT('',(204.925,97.725,0.));
#3420 = VERTEX_POINT('',#3421);
#3421 = CARTESIAN_POINT('',(204.925,83.725,0.));
#3422 = LINE('',#3423,#3424);
#3423 = CARTESIAN_POINT('',(204.925,97.725,0.));
#3424 = VECTOR('',#3425,1.);
#3425 = DIRECTION('',(0.,-1.,0.));
#3426 = ORIENTED_EDGE('',*,*,#3427,.F.);
#3427 = EDGE_CURVE('',#3428,#3418,#3430,.T.);
#3428 = VERTEX_POINT('',#3429);
#3429 = CARTESIAN_POINT('',(218.925,97.725,0.));
#3430 = LINE('',#3431,#3432);
#3431 = CARTESIAN_POINT('',(218.925,97.725,0.));
#3432 = VECTOR('',#3433,1.);
#3433 = DIRECTION('',(-1.,0.,0.));
#3434 = ORIENTED_EDGE('',*,*,#3435,.F.);
#3435 = EDGE_CURVE('',#3436,#3428,#3438,.T.);
#3436 = VERTEX_POINT('',#3437);
#3437 = CARTESIAN_POINT('',(218.925,83.725,0.));
#3438 = LINE('',#3439,#3440);
#3439 = CARTESIAN_POINT('',(218.925,83.725,0.));
#3440 = VECTOR('',#3441,1.);
#3441 = DIRECTION('',(0.,1.,0.));
#3442 = ORIENTED_EDGE('',*,*,#3443,.F.);
#3443 = EDGE_CURVE('',#3420,#3436,#3444,.T.);
#3444 = LINE('',#3445,#3446);
#3445 = CARTESIAN_POINT('',(204.925,83.725,0.));
#3446 = VECTOR('',#3447,1.);
#3447 = DIRECTION('',(1.,0.,0.));
#3448 = FACE_BOUND('',#3449,.F.);
#3449 = EDGE_LOOP('',(#3450,#3460,#3468,#3476));
#3450 = ORIENTED_EDGE('',*,*,#3451,.F.);
#3451 = EDGE_CURVE('',#3452,#3454,#3456,.T.);
#3452 = VERTEX_POINT('',#3453);
#3453 = CARTESIAN_POINT('',(223.975,97.725,0.));
#3454 = VERTEX_POINT('',#3455);
#3455 = CARTESIAN_POINT('',(223.975,83.725,0.));
#3456 = LINE('',#3457,#3458);
#3457 = CARTESIAN_POINT('',(223.975,97.725,0.));
#3458 = VECTOR('',#3459,1.);
#3459 = DIRECTION('',(0.,-1.,0.));
#3460 = ORIENTED_EDGE('',*,*,#3461,.F.);
#3461 = EDGE_CURVE('',#3462,#3452,#3464,.T.);
#3462 = VERTEX_POINT('',#3463);
#3463 = CARTESIAN_POINT('',(237.975,97.725,0.));
#3464 = LINE('',#3465,#3466);
#3465 = CARTESIAN_POINT('',(237.975,97.725,0.));
#3466 = VECTOR('',#3467,1.);
#3467 = DIRECTION('',(-1.,0.,0.));
#3468 = ORIENTED_EDGE('',*,*,#3469,.F.);
#3469 = EDGE_CURVE('',#3470,#3462,#3472,.T.);
#3470 = VERTEX_POINT('',#3471);
#3471 = CARTESIAN_POINT('',(237.975,83.725,0.));
#3472 = LINE('',#3473,#3474);
#3473 = CARTESIAN_POINT('',(237.975,83.725,0.));
#3474 = VECTOR('',#3475,1.);
#3475 = DIRECTION('',(0.,1.,0.));
#3476 = ORIENTED_EDGE('',*,*,#3477,.F.);
#3477 = EDGE_CURVE('',#3454,#3470,#3478,.T.);
#3478 = LINE('',#3479,#3480);
#3479 = CARTESIAN_POINT('',(223.975,83.725,0.));
#3480 = VECTOR('',#3481,1.);
#3481 = DIRECTION('',(1.,0.,0.));
#3482 = FACE_BOUND('',#3483,.F.);
#3483 = EDGE_LOOP('',(#3484,#3494,#3502,#3510));
#3484 = ORIENTED_EDGE('',*,*,#3485,.F.);
#3485 = EDGE_CURVE('',#3486,#3488,#3490,.T.);
#3486 = VERTEX_POINT('',#3487);
#3487 = CARTESIAN_POINT('',(243.025,97.725,0.));
#3488 = VERTEX_POINT('',#3489);
#3489 = CARTESIAN_POINT('',(243.025,83.725,0.));
#3490 = LINE('',#3491,#3492);
#3491 = CARTESIAN_POINT('',(243.025,97.725,0.));
#3492 = VECTOR('',#3493,1.);
#3493 = DIRECTION('',(0.,-1.,0.));
#3494 = ORIENTED_EDGE('',*,*,#3495,.F.);
#3495 = EDGE_CURVE('',#3496,#3486,#3498,.T.);
#3496 = VERTEX_POINT('',#3497);
#3497 = CARTESIAN_POINT('',(257.025,97.725,0.));
#3498 = LINE('',#3499,#3500);
#3499 = CARTESIAN_POINT('',(257.025,97.725,0.));
#3500 = VECTOR('',#3501,1.);
#3501 = DIRECTION('',(-1.,0.,0.));
#3502 = ORIENTED_EDGE('',*,*,#3503,.F.);
#3503 = EDGE_CURVE('',#3504,#3496,#3506,.T.);
#3504 = VERTEX_POINT('',#3505);
#3505 = CARTESIAN_POINT('',(257.025,83.725,0.));
#3506 = LINE('',#3507,#3508);
#3507 = CARTESIAN_POINT('',(257.025,83.725,0.));
#3508 = VECTOR('',#3509,1.);
#3509 = DIRECTION('',(0.,1.,0.));
#3510 = ORIENTED_EDGE('',*,*,#3511,.F.);
#3511 = EDGE_CURVE('',#3488,#3504,#3512,.T.);
#3512 = LINE('',#3513,#3514);
#3513 = CARTESIAN_POINT('',(243.025,83.725,0.));
#3514 = VECTOR('',#3515,1.);
#3515 = DIRECTION('',(1.,0.,0.));
#3516 = FACE_BOUND('',#3517,.F.);
#3517 = EDGE_LOOP('',(#3518,#3528,#3536,#3544));
#3518 = ORIENTED_EDGE('',*,*,#3519,.F.);
#3519 = EDGE_CURVE('',#3520,#3522,#3524,.T.);
#3520 = VERTEX_POINT('',#3521);
#3521 = CARTESIAN_POINT('',(271.6,78.675,0.));
#3522 = VERTEX_POINT('',#3523);
#3523 = CARTESIAN_POINT('',(271.6,64.675,0.));
#3524 = LINE('',#3525,#3526);
#3525 = CARTESIAN_POINT('',(271.6,78.675,0.));
#3526 = VECTOR('',#3527,1.);
#3527 = DIRECTION('',(0.,-1.,0.));
#3528 = ORIENTED_EDGE('',*,*,#3529,.F.);
#3529 = EDGE_CURVE('',#3530,#3520,#3532,.T.);
#3530 = VERTEX_POINT('',#3531);
#3531 = CARTESIAN_POINT('',(285.6,78.675,0.));
#3532 = LINE('',#3533,#3534);
#3533 = CARTESIAN_POINT('',(285.6,78.675,0.));
#3534 = VECTOR('',#3535,1.);
#3535 = DIRECTION('',(-1.,0.,0.));
#3536 = ORIENTED_EDGE('',*,*,#3537,.F.);
#3537 = EDGE_CURVE('',#3538,#3530,#3540,.T.);
#3538 = VERTEX_POINT('',#3539);
#3539 = CARTESIAN_POINT('',(285.6,64.675,0.));
#3540 = LINE('',#3541,#3542);
#3541 = CARTESIAN_POINT('',(285.6,64.675,0.));
#3542 = VECTOR('',#3543,1.);
#3543 = DIRECTION('',(0.,1.,0.));
#3544 = ORIENTED_EDGE('',*,*,#3545,.F.);
#3545 = EDGE_CURVE('',#3522,#3538,#3546,.T.);
#3546 = LINE('',#3547,#3548);
#3547 = CARTESIAN_POINT('',(271.6,64.675,0.));
#3548 = VECTOR('',#3549,1.);
#3549 = DIRECTION('',(1.,0.,0.));
#3550 = FACE_BOUND('',#3551,.F.);
#3551 = EDGE_LOOP('',(#3552,#3562,#3570,#3578));
#3552 = ORIENTED_EDGE('',*,*,#3553,.F.);
#3553 = EDGE_CURVE('',#3554,#3556,#3558,.T.);
#3554 = VERTEX_POINT('',#3555);
#3555 = CARTESIAN_POINT('',(290.65,78.675,0.));
#3556 = VERTEX_POINT('',#3557);
#3557 = CARTESIAN_POINT('',(290.65,64.675,0.));
#3558 = LINE('',#3559,#3560);
#3559 = CARTESIAN_POINT('',(290.65,78.675,0.));
#3560 = VECTOR('',#3561,1.);
#3561 = DIRECTION('',(0.,-1.,0.));
#3562 = ORIENTED_EDGE('',*,*,#3563,.F.);
#3563 = EDGE_CURVE('',#3564,#3554,#3566,.T.);
#3564 = VERTEX_POINT('',#3565);
#3565 = CARTESIAN_POINT('',(304.65,78.675,0.));
#3566 = LINE('',#3567,#3568);
#3567 = CARTESIAN_POINT('',(304.65,78.675,0.));
#3568 = VECTOR('',#3569,1.);
#3569 = DIRECTION('',(-1.,0.,0.));
#3570 = ORIENTED_EDGE('',*,*,#3571,.F.);
#3571 = EDGE_CURVE('',#3572,#3564,#3574,.T.);
#3572 = VERTEX_POINT('',#3573);
#3573 = CARTESIAN_POINT('',(304.65,64.675,0.));
#3574 = LINE('',#3575,#3576);
#3575 = CARTESIAN_POINT('',(304.65,64.675,0.));
#3576 = VECTOR('',#3577,1.);
#3577 = DIRECTION('',(0.,1.,0.));
#3578 = ORIENTED_EDGE('',*,*,#3579,.F.);
#3579 = EDGE_CURVE('',#3556,#3572,#3580,.T.);
#3580 = LINE('',#3581,#3582);
#3581 = CARTESIAN_POINT('',(290.65,64.675,0.));
#3582 = VECTOR('',#3583,1.);
#3583 = DIRECTION('',(1.,0.,0.));
#3584 = FACE_BOUND('',#3585,.F.);
#3585 = EDGE_LOOP('',(#3586,#3596,#3604,#3612));
#3586 = ORIENTED_EDGE('',*,*,#3587,.F.);
#3587 = EDGE_CURVE('',#3588,#3590,#3592,.T.);
#3588 = VERTEX_POINT('',#3589);
#3589 = CARTESIAN_POINT('',(314.4625,78.675,0.));
#3590 = VERTEX_POINT('',#3591);
#3591 = CARTESIAN_POINT('',(314.4625,64.675,0.));
#3592 = LINE('',#3593,#3594);
#3593 = CARTESIAN_POINT('',(314.4625,78.675,0.));
#3594 = VECTOR('',#3595,1.);
#3595 = DIRECTION('',(0.,-1.,0.));
#3596 = ORIENTED_EDGE('',*,*,#3597,.F.);
#3597 = EDGE_CURVE('',#3598,#3588,#3600,.T.);
#3598 = VERTEX_POINT('',#3599);
#3599 = CARTESIAN_POINT('',(328.4625,78.675,0.));
#3600 = LINE('',#3601,#3602);
#3601 = CARTESIAN_POINT('',(328.4625,78.675,0.));
#3602 = VECTOR('',#3603,1.);
#3603 = DIRECTION('',(-1.,0.,0.));
#3604 = ORIENTED_EDGE('',*,*,#3605,.F.);
#3605 = EDGE_CURVE('',#3606,#3598,#3608,.T.);
#3606 = VERTEX_POINT('',#3607);
#3607 = CARTESIAN_POINT('',(328.4625,64.675,0.));
#3608 = LINE('',#3609,#3610);
#3609 = CARTESIAN_POINT('',(328.4625,64.675,0.));
#3610 = VECTOR('',#3611,1.);
#3611 = DIRECTION('',(0.,1.,0.));
#3612 = ORIENTED_EDGE('',*,*,#3613,.F.);
#3613 = EDGE_CURVE('',#3590,#3606,#3614,.T.);
#3614 = LINE('',#3615,#3616);
#3615 = CARTESIAN_POINT('',(314.4625,64.675,0.));
#3616 = VECTOR('',#3617,1.);
#3617 = DIRECTION('',(1.,0.,0.));
#3618 = FACE_BOUND('',#3619,.F.);
#3619 = EDGE_LOOP('',(#3620,#3630,#3638,#3646));
#3620 = ORIENTED_EDGE('',*,*,#3621,.F.);
#3621 = EDGE_CURVE('',#3622,#3624,#3626,.T.);
#3622 = VERTEX_POINT('',#3623);
#3623 = CARTESIAN_POINT('',(262.075,97.725,0.));
#3624 = VERTEX_POINT('',#3625);
#3625 = CARTESIAN_POINT('',(262.075,83.725,0.));
#3626 = LINE('',#3627,#3628);
#3627 = CARTESIAN_POINT('',(262.075,97.725,0.));
#3628 = VECTOR('',#3629,1.);
#3629 = DIRECTION('',(0.,-1.,0.));
#3630 = ORIENTED_EDGE('',*,*,#3631,.F.);
#3631 = EDGE_CURVE('',#3632,#3622,#3634,.T.);
#3632 = VERTEX_POINT('',#3633);
#3633 = CARTESIAN_POINT('',(276.075,97.725,0.));
#3634 = LINE('',#3635,#3636);
#3635 = CARTESIAN_POINT('',(276.075,97.725,0.));
#3636 = VECTOR('',#3637,1.);
#3637 = DIRECTION('',(-1.,0.,0.));
#3638 = ORIENTED_EDGE('',*,*,#3639,.F.);
#3639 = EDGE_CURVE('',#3640,#3632,#3642,.T.);
#3640 = VERTEX_POINT('',#3641);
#3641 = CARTESIAN_POINT('',(276.075,83.725,0.));
#3642 = LINE('',#3643,#3644);
#3643 = CARTESIAN_POINT('',(276.075,83.725,0.));
#3644 = VECTOR('',#3645,1.);
#3645 = DIRECTION('',(0.,1.,0.));
#3646 = ORIENTED_EDGE('',*,*,#3647,.F.);
#3647 = EDGE_CURVE('',#3624,#3640,#3648,.T.);
#3648 = LINE('',#3649,#3650);
#3649 = CARTESIAN_POINT('',(262.075,83.725,0.));
#3650 = VECTOR('',#3651,1.);
#3651 = DIRECTION('',(1.,0.,0.));
#3652 = FACE_BOUND('',#3653,.F.);
#3653 = EDGE_LOOP('',(#3654,#3664,#3672,#3680));
#3654 = ORIENTED_EDGE('',*,*,#3655,.F.);
#3655 = EDGE_CURVE('',#3656,#3658,#3660,.T.);
#3656 = VERTEX_POINT('',#3657);
#3657 = CARTESIAN_POINT('',(281.125,97.725,0.));
#3658 = VERTEX_POINT('',#3659);
#3659 = CARTESIAN_POINT('',(281.125,83.725,0.));
#3660 = LINE('',#3661,#3662);
#3661 = CARTESIAN_POINT('',(281.125,97.725,0.));
#3662 = VECTOR('',#3663,1.);
#3663 = DIRECTION('',(0.,-1.,0.));
#3664 = ORIENTED_EDGE('',*,*,#3665,.F.);
#3665 = EDGE_CURVE('',#3666,#3656,#3668,.T.);
#3666 = VERTEX_POINT('',#3667);
#3667 = CARTESIAN_POINT('',(295.125,97.725,0.));
#3668 = LINE('',#3669,#3670);
#3669 = CARTESIAN_POINT('',(295.125,97.725,0.));
#3670 = VECTOR('',#3671,1.);
#3671 = DIRECTION('',(-1.,0.,0.));
#3672 = ORIENTED_EDGE('',*,*,#3673,.F.);
#3673 = EDGE_CURVE('',#3674,#3666,#3676,.T.);
#3674 = VERTEX_POINT('',#3675);
#3675 = CARTESIAN_POINT('',(295.125,83.725,0.));
#3676 = LINE('',#3677,#3678);
#3677 = CARTESIAN_POINT('',(295.125,83.725,0.));
#3678 = VECTOR('',#3679,1.);
#3679 = DIRECTION('',(0.,1.,0.));
#3680 = ORIENTED_EDGE('',*,*,#3681,.F.);
#3681 = EDGE_CURVE('',#3658,#3674,#3682,.T.);
#3682 = LINE('',#3683,#3684);
#3683 = CARTESIAN_POINT('',(281.125,83.725,0.));
#3684 = VECTOR('',#3685,1.);
#3685 = DIRECTION('',(1.,0.,0.));
#3686 = FACE_BOUND('',#3687,.F.);
#3687 = EDGE_LOOP('',(#3688,#3699,#3707,#3716));
#3688 = ORIENTED_EDGE('',*,*,#3689,.F.);
#3689 = EDGE_CURVE('',#3690,#3692,#3694,.T.);
#3690 = VERTEX_POINT('',#3691);
#3691 = CARTESIAN_POINT('',(346.98210666564,86.507105916341,0.));
#3692 = VERTEX_POINT('',#3693);
#3693 = CARTESIAN_POINT('',(345.56789333435,85.092892122889,0.));
#3694 = CIRCLE('',#3695,1.);
#3695 = AXIS2_PLACEMENT_3D('',#3696,#3697,#3698);
#3696 = CARTESIAN_POINT('',(346.275,85.799999019615,0.));
#3697 = DIRECTION('',(0.,0.,1.));
#3698 = DIRECTION('',(1.,0.,0.));
#3699 = ORIENTED_EDGE('',*,*,#3700,.T.);
#3700 = EDGE_CURVE('',#3690,#3701,#3703,.T.);
#3701 = VERTEX_POINT('',#3702);
#3702 = CARTESIAN_POINT('',(349.98210666564,83.507106896726,0.));
#3703 = LINE('',#3704,#3705);
#3704 = CARTESIAN_POINT('',(310.67584282792,122.81335788936,0.));
#3705 = VECTOR('',#3706,1.);
#3706 = DIRECTION('',(0.707106896726,-0.707106665647,0.));
#3707 = ORIENTED_EDGE('',*,*,#3708,.F.);
#3708 = EDGE_CURVE('',#3709,#3701,#3711,.T.);
#3709 = VERTEX_POINT('',#3710);
#3710 = CARTESIAN_POINT('',(348.56789333435,82.092893103274,0.));
#3711 = CIRCLE('',#3712,1.);
#3712 = AXIS2_PLACEMENT_3D('',#3713,#3714,#3715);
#3713 = CARTESIAN_POINT('',(349.275,82.8,0.));
#3714 = DIRECTION('',(0.,0.,1.));
#3715 = DIRECTION('',(1.,0.,0.));
#3716 = ORIENTED_EDGE('',*,*,#3717,.F.);
#3717 = EDGE_CURVE('',#3692,#3709,#3718,.T.);
#3718 = LINE('',#3719,#3720);
#3719 = CARTESIAN_POINT('',(309.26162949663,121.39914409591,-1.1E-16));
#3720 = VECTOR('',#3721,1.);
#3721 = DIRECTION('',(0.707106896726,-0.707106665647,0.));
#3722 = FACE_BOUND('',#3723,.F.);
#3723 = EDGE_LOOP('',(#3724,#3734,#3742,#3750,#3758,#3766,#3774,#3782,
    #3790,#3798,#3806,#3814,#3822,#3830,#3838,#3846,#3854,#3862,#3870,
    #3878,#3886,#3894,#3902,#3910,#3918,#3926,#3934,#3942,#3950,#3958,
    #3966,#3974,#3982,#3990,#3998,#4006));
#3724 = ORIENTED_EDGE('',*,*,#3725,.F.);
#3725 = EDGE_CURVE('',#3726,#3728,#3730,.T.);
#3726 = VERTEX_POINT('',#3727);
#3727 = CARTESIAN_POINT('',(309.7,97.725,0.));
#3728 = VERTEX_POINT('',#3729);
#3729 = CARTESIAN_POINT('',(309.7,93.025,0.));
#3730 = LINE('',#3731,#3732);
#3731 = CARTESIAN_POINT('',(309.7,97.725,0.));
#3732 = VECTOR('',#3733,1.);
#3733 = DIRECTION('',(0.,-1.,0.));
#3734 = ORIENTED_EDGE('',*,*,#3735,.T.);
#3735 = EDGE_CURVE('',#3726,#3736,#3738,.T.);
#3736 = VERTEX_POINT('',#3737);
#3737 = CARTESIAN_POINT('',(323.7,97.725,0.));
#3738 = LINE('',#3739,#3740);
#3739 = CARTESIAN_POINT('',(309.7,97.725,0.));
#3740 = VECTOR('',#3741,1.);
#3741 = DIRECTION('',(1.,0.,0.));
#3742 = ORIENTED_EDGE('',*,*,#3743,.T.);
#3743 = EDGE_CURVE('',#3736,#3744,#3746,.T.);
#3744 = VERTEX_POINT('',#3745);
#3745 = CARTESIAN_POINT('',(323.7,93.025,0.));
#3746 = LINE('',#3747,#3748);
#3747 = CARTESIAN_POINT('',(323.7,97.725,0.));
#3748 = VECTOR('',#3749,1.);
#3749 = DIRECTION('',(0.,-1.,0.));
#3750 = ORIENTED_EDGE('',*,*,#3751,.T.);
#3751 = EDGE_CURVE('',#3744,#3752,#3754,.T.);
#3752 = VERTEX_POINT('',#3753);
#3753 = CARTESIAN_POINT('',(325.225,93.025,0.));
#3754 = LINE('',#3755,#3756);
#3755 = CARTESIAN_POINT('',(323.7,93.025,0.));
#3756 = VECTOR('',#3757,1.);
#3757 = DIRECTION('',(1.,0.,0.));
#3758 = ORIENTED_EDGE('',*,*,#3759,.T.);
#3759 = EDGE_CURVE('',#3752,#3760,#3762,.T.);
#3760 = VERTEX_POINT('',#3761);
#3761 = CARTESIAN_POINT('',(325.225,96.255,0.));
#3762 = LINE('',#3763,#3764);
#3763 = CARTESIAN_POINT('',(325.225,93.025,0.));
#3764 = VECTOR('',#3765,1.);
#3765 = DIRECTION('',(0.,1.,0.));
#3766 = ORIENTED_EDGE('',*,*,#3767,.T.);
#3767 = EDGE_CURVE('',#3760,#3768,#3770,.T.);
#3768 = VERTEX_POINT('',#3769);
#3769 = CARTESIAN_POINT('',(331.975,96.255,0.));
#3770 = LINE('',#3771,#3772);
#3771 = CARTESIAN_POINT('',(325.225,96.255,0.));
#3772 = VECTOR('',#3773,1.);
#3773 = DIRECTION('',(1.,0.,0.));
#3774 = ORIENTED_EDGE('',*,*,#3775,.T.);
#3775 = EDGE_CURVE('',#3768,#3776,#3778,.T.);
#3776 = VERTEX_POINT('',#3777);
#3777 = CARTESIAN_POINT('',(331.975,93.025,0.));
#3778 = LINE('',#3779,#3780);
#3779 = CARTESIAN_POINT('',(331.975,96.255,0.));
#3780 = VECTOR('',#3781,1.);
#3781 = DIRECTION('',(0.,-1.,0.));
#3782 = ORIENTED_EDGE('',*,*,#3783,.T.);
#3783 = EDGE_CURVE('',#3776,#3784,#3786,.T.);
#3784 = VERTEX_POINT('',#3785);
#3785 = CARTESIAN_POINT('',(332.8,93.025,0.));
#3786 = LINE('',#3787,#3788);
#3787 = CARTESIAN_POINT('',(331.975,93.025,0.));
#3788 = VECTOR('',#3789,1.);
#3789 = DIRECTION('',(1.,0.,0.));
#3790 = ORIENTED_EDGE('',*,*,#3791,.T.);
#3791 = EDGE_CURVE('',#3784,#3792,#3794,.T.);
#3792 = VERTEX_POINT('',#3793);
#3793 = CARTESIAN_POINT('',(332.8,90.225,0.));
#3794 = LINE('',#3795,#3796);
#3795 = CARTESIAN_POINT('',(332.8,93.025,0.));
#3796 = VECTOR('',#3797,1.);
#3797 = DIRECTION('',(0.,-1.,0.));
#3798 = ORIENTED_EDGE('',*,*,#3799,.T.);
#3799 = EDGE_CURVE('',#3792,#3800,#3802,.T.);
#3800 = VERTEX_POINT('',#3801);
#3801 = CARTESIAN_POINT('',(331.975,90.225,0.));
#3802 = LINE('',#3803,#3804);
#3803 = CARTESIAN_POINT('',(332.8,90.225,0.));
#3804 = VECTOR('',#3805,1.);
#3805 = DIRECTION('',(-1.,0.,0.));
#3806 = ORIENTED_EDGE('',*,*,#3807,.T.);
#3807 = EDGE_CURVE('',#3800,#3808,#3810,.T.);
#3808 = VERTEX_POINT('',#3809);
#3809 = CARTESIAN_POINT('',(331.975,83.955,0.));
#3810 = LINE('',#3811,#3812);
#3811 = CARTESIAN_POINT('',(331.975,90.225,0.));
#3812 = VECTOR('',#3813,1.);
#3813 = DIRECTION('',(0.,-1.,0.));
#3814 = ORIENTED_EDGE('',*,*,#3815,.T.);
#3815 = EDGE_CURVE('',#3808,#3816,#3818,.T.);
#3816 = VERTEX_POINT('',#3817);
#3817 = CARTESIAN_POINT('',(330.25,83.955,0.));
#3818 = LINE('',#3819,#3820);
#3819 = CARTESIAN_POINT('',(331.975,83.955,0.));
#3820 = VECTOR('',#3821,1.);
#3821 = DIRECTION('',(-1.,0.,0.));
#3822 = ORIENTED_EDGE('',*,*,#3823,.T.);
#3823 = EDGE_CURVE('',#3816,#3824,#3826,.T.);
#3824 = VERTEX_POINT('',#3825);
#3825 = CARTESIAN_POINT('',(330.25,82.755,0.));
#3826 = LINE('',#3827,#3828);
#3827 = CARTESIAN_POINT('',(330.25,83.955,0.));
#3828 = VECTOR('',#3829,1.);
#3829 = DIRECTION('',(0.,-1.,0.));
#3830 = ORIENTED_EDGE('',*,*,#3831,.T.);
#3831 = EDGE_CURVE('',#3824,#3832,#3834,.T.);
#3832 = VERTEX_POINT('',#3833);
#3833 = CARTESIAN_POINT('',(326.95,82.755,0.));
#3834 = LINE('',#3835,#3836);
#3835 = CARTESIAN_POINT('',(330.25,82.755,0.));
#3836 = VECTOR('',#3837,1.);
#3837 = DIRECTION('',(-1.,0.,0.));
#3838 = ORIENTED_EDGE('',*,*,#3839,.T.);
#3839 = EDGE_CURVE('',#3832,#3840,#3842,.T.);
#3840 = VERTEX_POINT('',#3841);
#3841 = CARTESIAN_POINT('',(326.95,83.955,0.));
#3842 = LINE('',#3843,#3844);
#3843 = CARTESIAN_POINT('',(326.95,82.755,0.));
#3844 = VECTOR('',#3845,1.);
#3845 = DIRECTION('',(0.,1.,0.));
#3846 = ORIENTED_EDGE('',*,*,#3847,.T.);
#3847 = EDGE_CURVE('',#3840,#3848,#3850,.T.);
#3848 = VERTEX_POINT('',#3849);
#3849 = CARTESIAN_POINT('',(325.225,83.955,0.));
#3850 = LINE('',#3851,#3852);
#3851 = CARTESIAN_POINT('',(326.95,83.955,0.));
#3852 = VECTOR('',#3853,1.);
#3853 = DIRECTION('',(-1.,0.,0.));
#3854 = ORIENTED_EDGE('',*,*,#3855,.T.);
#3855 = EDGE_CURVE('',#3848,#3856,#3858,.T.);
#3856 = VERTEX_POINT('',#3857);
#3857 = CARTESIAN_POINT('',(325.225,88.425,0.));
#3858 = LINE('',#3859,#3860);
#3859 = CARTESIAN_POINT('',(325.225,83.955,0.));
#3860 = VECTOR('',#3861,1.);
#3861 = DIRECTION('',(0.,1.,0.));
#3862 = ORIENTED_EDGE('',*,*,#3863,.T.);
#3863 = EDGE_CURVE('',#3856,#3864,#3866,.T.);
#3864 = VERTEX_POINT('',#3865);
#3865 = CARTESIAN_POINT('',(323.7,88.425,0.));
#3866 = LINE('',#3867,#3868);
#3867 = CARTESIAN_POINT('',(325.225,88.425,0.));
#3868 = VECTOR('',#3869,1.);
#3869 = DIRECTION('',(-1.,0.,0.));
#3870 = ORIENTED_EDGE('',*,*,#3871,.T.);
#3871 = EDGE_CURVE('',#3864,#3872,#3874,.T.);
#3872 = VERTEX_POINT('',#3873);
#3873 = CARTESIAN_POINT('',(323.7,83.725,0.));
#3874 = LINE('',#3875,#3876);
#3875 = CARTESIAN_POINT('',(323.7,88.425,0.));
#3876 = VECTOR('',#3877,1.);
#3877 = DIRECTION('',(0.,-1.,0.));
#3878 = ORIENTED_EDGE('',*,*,#3879,.T.);
#3879 = EDGE_CURVE('',#3872,#3880,#3882,.T.);
#3880 = VERTEX_POINT('',#3881);
#3881 = CARTESIAN_POINT('',(309.7,83.725,0.));
#3882 = LINE('',#3883,#3884);
#3883 = CARTESIAN_POINT('',(323.7,83.725,0.));
#3884 = VECTOR('',#3885,1.);
#3885 = DIRECTION('',(-1.,0.,0.));
#3886 = ORIENTED_EDGE('',*,*,#3887,.T.);
#3887 = EDGE_CURVE('',#3880,#3888,#3890,.T.);
#3888 = VERTEX_POINT('',#3889);
#3889 = CARTESIAN_POINT('',(309.7,88.425,0.));
#3890 = LINE('',#3891,#3892);
#3891 = CARTESIAN_POINT('',(309.7,83.725,0.));
#3892 = VECTOR('',#3893,1.);
#3893 = DIRECTION('',(0.,1.,0.));
#3894 = ORIENTED_EDGE('',*,*,#3895,.F.);
#3895 = EDGE_CURVE('',#3896,#3888,#3898,.T.);
#3896 = VERTEX_POINT('',#3897);
#3897 = CARTESIAN_POINT('',(308.175,88.425,0.));
#3898 = LINE('',#3899,#3900);
#3899 = CARTESIAN_POINT('',(308.175,88.425,0.));
#3900 = VECTOR('',#3901,1.);
#3901 = DIRECTION('',(1.,0.,0.));
#3902 = ORIENTED_EDGE('',*,*,#3903,.F.);
#3903 = EDGE_CURVE('',#3904,#3896,#3906,.T.);
#3904 = VERTEX_POINT('',#3905);
#3905 = CARTESIAN_POINT('',(308.175,83.955,0.));
#3906 = LINE('',#3907,#3908);
#3907 = CARTESIAN_POINT('',(308.175,83.955,0.));
#3908 = VECTOR('',#3909,1.);
#3909 = DIRECTION('',(0.,1.,0.));
#3910 = ORIENTED_EDGE('',*,*,#3911,.F.);
#3911 = EDGE_CURVE('',#3912,#3904,#3914,.T.);
#3912 = VERTEX_POINT('',#3913);
#3913 = CARTESIAN_POINT('',(306.45,83.955,0.));
#3914 = LINE('',#3915,#3916);
#3915 = CARTESIAN_POINT('',(306.45,83.955,0.));
#3916 = VECTOR('',#3917,1.);
#3917 = DIRECTION('',(1.,0.,0.));
#3918 = ORIENTED_EDGE('',*,*,#3919,.F.);
#3919 = EDGE_CURVE('',#3920,#3912,#3922,.T.);
#3920 = VERTEX_POINT('',#3921);
#3921 = CARTESIAN_POINT('',(306.45,82.755,0.));
#3922 = LINE('',#3923,#3924);
#3923 = CARTESIAN_POINT('',(306.45,82.755,0.));
#3924 = VECTOR('',#3925,1.);
#3925 = DIRECTION('',(0.,1.,0.));
#3926 = ORIENTED_EDGE('',*,*,#3927,.F.);
#3927 = EDGE_CURVE('',#3928,#3920,#3930,.T.);
#3928 = VERTEX_POINT('',#3929);
#3929 = CARTESIAN_POINT('',(303.15,82.755,0.));
#3930 = LINE('',#3931,#3932);
#3931 = CARTESIAN_POINT('',(303.15,82.755,0.));
#3932 = VECTOR('',#3933,1.);
#3933 = DIRECTION('',(1.,0.,0.));
#3934 = ORIENTED_EDGE('',*,*,#3935,.F.);
#3935 = EDGE_CURVE('',#3936,#3928,#3938,.T.);
#3936 = VERTEX_POINT('',#3937);
#3937 = CARTESIAN_POINT('',(303.15,83.955,0.));
#3938 = LINE('',#3939,#3940);
#3939 = CARTESIAN_POINT('',(303.15,83.955,0.));
#3940 = VECTOR('',#3941,1.);
#3941 = DIRECTION('',(0.,-1.,0.));
#3942 = ORIENTED_EDGE('',*,*,#3943,.F.);
#3943 = EDGE_CURVE('',#3944,#3936,#3946,.T.);
#3944 = VERTEX_POINT('',#3945);
#3945 = CARTESIAN_POINT('',(301.425,83.955,0.));
#3946 = LINE('',#3947,#3948);
#3947 = CARTESIAN_POINT('',(301.425,83.955,0.));
#3948 = VECTOR('',#3949,1.);
#3949 = DIRECTION('',(1.,0.,0.));
#3950 = ORIENTED_EDGE('',*,*,#3951,.F.);
#3951 = EDGE_CURVE('',#3952,#3944,#3954,.T.);
#3952 = VERTEX_POINT('',#3953);
#3953 = CARTESIAN_POINT('',(301.425,90.225,0.));
#3954 = LINE('',#3955,#3956);
#3955 = CARTESIAN_POINT('',(301.425,90.225,0.));
#3956 = VECTOR('',#3957,1.);
#3957 = DIRECTION('',(0.,-1.,0.));
#3958 = ORIENTED_EDGE('',*,*,#3959,.F.);
#3959 = EDGE_CURVE('',#3960,#3952,#3962,.T.);
#3960 = VERTEX_POINT('',#3961);
#3961 = CARTESIAN_POINT('',(300.6,90.225,0.));
#3962 = LINE('',#3963,#3964);
#3963 = CARTESIAN_POINT('',(300.6,90.225,0.));
#3964 = VECTOR('',#3965,1.);
#3965 = DIRECTION('',(1.,0.,0.));
#3966 = ORIENTED_EDGE('',*,*,#3967,.F.);
#3967 = EDGE_CURVE('',#3968,#3960,#3970,.T.);
#3968 = VERTEX_POINT('',#3969);
#3969 = CARTESIAN_POINT('',(300.6,93.025,0.));
#3970 = LINE('',#3971,#3972);
#3971 = CARTESIAN_POINT('',(300.6,93.025,0.));
#3972 = VECTOR('',#3973,1.);
#3973 = DIRECTION('',(0.,-1.,0.));
#3974 = ORIENTED_EDGE('',*,*,#3975,.F.);
#3975 = EDGE_CURVE('',#3976,#3968,#3978,.T.);
#3976 = VERTEX_POINT('',#3977);
#3977 = CARTESIAN_POINT('',(301.425,93.025,0.));
#3978 = LINE('',#3979,#3980);
#3979 = CARTESIAN_POINT('',(301.425,93.025,0.));
#3980 = VECTOR('',#3981,1.);
#3981 = DIRECTION('',(-1.,0.,0.));
#3982 = ORIENTED_EDGE('',*,*,#3983,.F.);
#3983 = EDGE_CURVE('',#3984,#3976,#3986,.T.);
#3984 = VERTEX_POINT('',#3985);
#3985 = CARTESIAN_POINT('',(301.425,96.255,0.));
#3986 = LINE('',#3987,#3988);
#3987 = CARTESIAN_POINT('',(301.425,96.255,0.));
#3988 = VECTOR('',#3989,1.);
#3989 = DIRECTION('',(0.,-1.,0.));
#3990 = ORIENTED_EDGE('',*,*,#3991,.T.);
#3991 = EDGE_CURVE('',#3984,#3992,#3994,.T.);
#3992 = VERTEX_POINT('',#3993);
#3993 = CARTESIAN_POINT('',(308.175,96.255,0.));
#3994 = LINE('',#3995,#3996);
#3995 = CARTESIAN_POINT('',(301.425,96.255,0.));
#3996 = VECTOR('',#3997,1.);
#3997 = DIRECTION('',(1.,0.,0.));
#3998 = ORIENTED_EDGE('',*,*,#3999,.F.);
#3999 = EDGE_CURVE('',#4000,#3992,#4002,.T.);
#4000 = VERTEX_POINT('',#4001);
#4001 = CARTESIAN_POINT('',(308.175,93.025,0.));
#4002 = LINE('',#4003,#4004);
#4003 = CARTESIAN_POINT('',(308.175,93.025,0.));
#4004 = VECTOR('',#4005,1.);
#4005 = DIRECTION('',(0.,1.,0.));
#4006 = ORIENTED_EDGE('',*,*,#4007,.F.);
#4007 = EDGE_CURVE('',#3728,#4000,#4008,.T.);
#4008 = LINE('',#4009,#4010);
#4009 = CARTESIAN_POINT('',(309.7,93.025,0.));
#4010 = VECTOR('',#4011,1.);
#4011 = DIRECTION('',(-1.,0.,0.));
#4012 = FACE_BOUND('',#4013,.F.);
#4013 = EDGE_LOOP('',(#4014,#4025,#4033,#4042));
#4014 = ORIENTED_EDGE('',*,*,#4015,.F.);
#4015 = EDGE_CURVE('',#4016,#4018,#4020,.T.);
#4016 = VERTEX_POINT('',#4017);
#4017 = CARTESIAN_POINT('',(346.98210666564,91.007105916341,0.));
#4018 = VERTEX_POINT('',#4019);
#4019 = CARTESIAN_POINT('',(345.56789333435,89.592892122889,0.));
#4020 = CIRCLE('',#4021,1.);
#4021 = AXIS2_PLACEMENT_3D('',#4022,#4023,#4024);
#4022 = CARTESIAN_POINT('',(346.275,90.299999019615,0.));
#4023 = DIRECTION('',(0.,0.,1.));
#4024 = DIRECTION('',(1.,0.,0.));
#4025 = ORIENTED_EDGE('',*,*,#4026,.T.);
#4026 = EDGE_CURVE('',#4016,#4027,#4029,.T.);
#4027 = VERTEX_POINT('',#4028);
#4028 = CARTESIAN_POINT('',(349.98210666564,88.007106896726,0.));
#4029 = LINE('',#4030,#4031);
#4030 = CARTESIAN_POINT('',(311.80084282792,126.188358257,-1.1E-16));
#4031 = VECTOR('',#4032,1.);
#4032 = DIRECTION('',(0.707106896726,-0.707106665647,0.));
#4033 = ORIENTED_EDGE('',*,*,#4034,.F.);
#4034 = EDGE_CURVE('',#4035,#4027,#4037,.T.);
#4035 = VERTEX_POINT('',#4036);
#4036 = CARTESIAN_POINT('',(348.56789333435,86.592893103274,0.));
#4037 = CIRCLE('',#4038,1.);
#4038 = AXIS2_PLACEMENT_3D('',#4039,#4040,#4041);
#4039 = CARTESIAN_POINT('',(349.275,87.3,0.));
#4040 = DIRECTION('',(0.,0.,1.));
#4041 = DIRECTION('',(1.,0.,0.));
#4042 = ORIENTED_EDGE('',*,*,#4043,.F.);
#4043 = EDGE_CURVE('',#4018,#4035,#4044,.T.);
#4044 = LINE('',#4045,#4046);
#4045 = CARTESIAN_POINT('',(310.38662949663,124.77414446355,-1.1E-16));
#4046 = VECTOR('',#4047,1.);
#4047 = DIRECTION('',(0.707106896726,-0.707106665647,0.));
#4048 = FACE_BOUND('',#4049,.F.);
#4049 = EDGE_LOOP('',(#4050,#4060,#4068,#4076));
#4050 = ORIENTED_EDGE('',*,*,#4051,.F.);
#4051 = EDGE_CURVE('',#4052,#4054,#4056,.T.);
#4052 = VERTEX_POINT('',#4053);
#4053 = CARTESIAN_POINT('',(185.875,121.775,0.));
#4054 = VERTEX_POINT('',#4055);
#4055 = CARTESIAN_POINT('',(185.875,107.775,0.));
#4056 = LINE('',#4057,#4058);
#4057 = CARTESIAN_POINT('',(185.875,121.775,0.));
#4058 = VECTOR('',#4059,1.);
#4059 = DIRECTION('',(0.,-1.,0.));
#4060 = ORIENTED_EDGE('',*,*,#4061,.F.);
#4061 = EDGE_CURVE('',#4062,#4052,#4064,.T.);
#4062 = VERTEX_POINT('',#4063);
#4063 = CARTESIAN_POINT('',(199.875,121.775,0.));
#4064 = LINE('',#4065,#4066);
#4065 = CARTESIAN_POINT('',(199.875,121.775,0.));
#4066 = VECTOR('',#4067,1.);
#4067 = DIRECTION('',(-1.,0.,0.));
#4068 = ORIENTED_EDGE('',*,*,#4069,.F.);
#4069 = EDGE_CURVE('',#4070,#4062,#4072,.T.);
#4070 = VERTEX_POINT('',#4071);
#4071 = CARTESIAN_POINT('',(199.875,107.775,0.));
#4072 = LINE('',#4073,#4074);
#4073 = CARTESIAN_POINT('',(199.875,107.775,0.));
#4074 = VECTOR('',#4075,1.);
#4075 = DIRECTION('',(0.,1.,0.));
#4076 = ORIENTED_EDGE('',*,*,#4077,.F.);
#4077 = EDGE_CURVE('',#4054,#4070,#4078,.T.);
#4078 = LINE('',#4079,#4080);
#4079 = CARTESIAN_POINT('',(185.875,107.775,0.));
#4080 = VECTOR('',#4081,1.);
#4081 = DIRECTION('',(1.,0.,0.));
#4082 = FACE_BOUND('',#4083,.F.);
#4083 = EDGE_LOOP('',(#4084,#4094,#4102,#4110));
#4084 = ORIENTED_EDGE('',*,*,#4085,.F.);
#4085 = EDGE_CURVE('',#4086,#4088,#4090,.T.);
#4086 = VERTEX_POINT('',#4087);
#4087 = CARTESIAN_POINT('',(204.925,121.775,0.));
#4088 = VERTEX_POINT('',#4089);
#4089 = CARTESIAN_POINT('',(204.925,107.775,0.));
#4090 = LINE('',#4091,#4092);
#4091 = CARTESIAN_POINT('',(204.925,121.775,0.));
#4092 = VECTOR('',#4093,1.);
#4093 = DIRECTION('',(0.,-1.,0.));
#4094 = ORIENTED_EDGE('',*,*,#4095,.F.);
#4095 = EDGE_CURVE('',#4096,#4086,#4098,.T.);
#4096 = VERTEX_POINT('',#4097);
#4097 = CARTESIAN_POINT('',(218.925,121.775,0.));
#4098 = LINE('',#4099,#4100);
#4099 = CARTESIAN_POINT('',(218.925,121.775,0.));
#4100 = VECTOR('',#4101,1.);
#4101 = DIRECTION('',(-1.,0.,0.));
#4102 = ORIENTED_EDGE('',*,*,#4103,.F.);
#4103 = EDGE_CURVE('',#4104,#4096,#4106,.T.);
#4104 = VERTEX_POINT('',#4105);
#4105 = CARTESIAN_POINT('',(218.925,107.775,0.));
#4106 = LINE('',#4107,#4108);
#4107 = CARTESIAN_POINT('',(218.925,107.775,0.));
#4108 = VECTOR('',#4109,1.);
#4109 = DIRECTION('',(0.,1.,0.));
#4110 = ORIENTED_EDGE('',*,*,#4111,.F.);
#4111 = EDGE_CURVE('',#4088,#4104,#4112,.T.);
#4112 = LINE('',#4113,#4114);
#4113 = CARTESIAN_POINT('',(204.925,107.775,0.));
#4114 = VECTOR('',#4115,1.);
#4115 = DIRECTION('',(1.,0.,0.));
#4116 = FACE_BOUND('',#4117,.F.);
#4117 = EDGE_LOOP('',(#4118,#4128,#4136,#4144));
#4118 = ORIENTED_EDGE('',*,*,#4119,.F.);
#4119 = EDGE_CURVE('',#4120,#4122,#4124,.T.);
#4120 = VERTEX_POINT('',#4121);
#4121 = CARTESIAN_POINT('',(223.975,121.775,0.));
#4122 = VERTEX_POINT('',#4123);
#4123 = CARTESIAN_POINT('',(223.975,107.775,0.));
#4124 = LINE('',#4125,#4126);
#4125 = CARTESIAN_POINT('',(223.975,121.775,0.));
#4126 = VECTOR('',#4127,1.);
#4127 = DIRECTION('',(0.,-1.,0.));
#4128 = ORIENTED_EDGE('',*,*,#4129,.F.);
#4129 = EDGE_CURVE('',#4130,#4120,#4132,.T.);
#4130 = VERTEX_POINT('',#4131);
#4131 = CARTESIAN_POINT('',(237.975,121.775,0.));
#4132 = LINE('',#4133,#4134);
#4133 = CARTESIAN_POINT('',(237.975,121.775,0.));
#4134 = VECTOR('',#4135,1.);
#4135 = DIRECTION('',(-1.,0.,0.));
#4136 = ORIENTED_EDGE('',*,*,#4137,.F.);
#4137 = EDGE_CURVE('',#4138,#4130,#4140,.T.);
#4138 = VERTEX_POINT('',#4139);
#4139 = CARTESIAN_POINT('',(237.975,107.775,0.));
#4140 = LINE('',#4141,#4142);
#4141 = CARTESIAN_POINT('',(237.975,107.775,0.));
#4142 = VECTOR('',#4143,1.);
#4143 = DIRECTION('',(0.,1.,0.));
#4144 = ORIENTED_EDGE('',*,*,#4145,.F.);
#4145 = EDGE_CURVE('',#4122,#4138,#4146,.T.);
#4146 = LINE('',#4147,#4148);
#4147 = CARTESIAN_POINT('',(223.975,107.775,0.));
#4148 = VECTOR('',#4149,1.);
#4149 = DIRECTION('',(1.,0.,0.));
#4150 = FACE_BOUND('',#4151,.F.);
#4151 = EDGE_LOOP('',(#4152,#4162,#4170,#4178));
#4152 = ORIENTED_EDGE('',*,*,#4153,.F.);
#4153 = EDGE_CURVE('',#4154,#4156,#4158,.T.);
#4154 = VERTEX_POINT('',#4155);
#4155 = CARTESIAN_POINT('',(252.55,121.775,0.));
#4156 = VERTEX_POINT('',#4157);
#4157 = CARTESIAN_POINT('',(252.55,107.775,0.));
#4158 = LINE('',#4159,#4160);
#4159 = CARTESIAN_POINT('',(252.55,121.775,0.));
#4160 = VECTOR('',#4161,1.);
#4161 = DIRECTION('',(0.,-1.,0.));
#4162 = ORIENTED_EDGE('',*,*,#4163,.F.);
#4163 = EDGE_CURVE('',#4164,#4154,#4166,.T.);
#4164 = VERTEX_POINT('',#4165);
#4165 = CARTESIAN_POINT('',(266.55,121.775,0.));
#4166 = LINE('',#4167,#4168);
#4167 = CARTESIAN_POINT('',(266.55,121.775,0.));
#4168 = VECTOR('',#4169,1.);
#4169 = DIRECTION('',(-1.,0.,0.));
#4170 = ORIENTED_EDGE('',*,*,#4171,.F.);
#4171 = EDGE_CURVE('',#4172,#4164,#4174,.T.);
#4172 = VERTEX_POINT('',#4173);
#4173 = CARTESIAN_POINT('',(266.55,107.775,0.));
#4174 = LINE('',#4175,#4176);
#4175 = CARTESIAN_POINT('',(266.55,107.775,0.));
#4176 = VECTOR('',#4177,1.);
#4177 = DIRECTION('',(0.,1.,0.));
#4178 = ORIENTED_EDGE('',*,*,#4179,.F.);
#4179 = EDGE_CURVE('',#4156,#4172,#4180,.T.);
#4180 = LINE('',#4181,#4182);
#4181 = CARTESIAN_POINT('',(252.55,107.775,0.));
#4182 = VECTOR('',#4183,1.);
#4183 = DIRECTION('',(1.,0.,0.));
#4184 = FACE_BOUND('',#4185,.F.);
#4185 = EDGE_LOOP('',(#4186));
#4186 = ORIENTED_EDGE('',*,*,#4187,.F.);
#4187 = EDGE_CURVE('',#4188,#4188,#4190,.T.);
#4188 = VERTEX_POINT('',#4189);
#4189 = CARTESIAN_POINT('',(348.875,97.25,0.));
#4190 = CIRCLE('',#4191,1.1);
#4191 = AXIS2_PLACEMENT_3D('',#4192,#4193,#4194);
#4192 = CARTESIAN_POINT('',(347.775,97.25,0.));
#4193 = DIRECTION('',(0.,0.,1.));
#4194 = DIRECTION('',(1.,0.,0.));
#4195 = FACE_BOUND('',#4196,.F.);
#4196 = EDGE_LOOP('',(#4197));
#4197 = ORIENTED_EDGE('',*,*,#4198,.F.);
#4198 = EDGE_CURVE('',#4199,#4199,#4201,.T.);
#4199 = VERTEX_POINT('',#4200);
#4200 = CARTESIAN_POINT('',(340.15,102.75,6.E-15));
#4201 = CIRCLE('',#4202,1.9);
#4202 = AXIS2_PLACEMENT_3D('',#4203,#4204,#4205);
#4203 = CARTESIAN_POINT('',(338.25,102.75,0.));
#4204 = DIRECTION('',(0.,0.,1.));
#4205 = DIRECTION('',(1.,0.,0.));
#4206 = FACE_BOUND('',#4207,.F.);
#4207 = EDGE_LOOP('',(#4208,#4218,#4226,#4234));
#4208 = ORIENTED_EDGE('',*,*,#4209,.F.);
#4209 = EDGE_CURVE('',#4210,#4212,#4214,.T.);
#4210 = VERTEX_POINT('',#4211);
#4211 = CARTESIAN_POINT('',(271.6,121.775,0.));
#4212 = VERTEX_POINT('',#4213);
#4213 = CARTESIAN_POINT('',(271.6,107.775,0.));
#4214 = LINE('',#4215,#4216);
#4215 = CARTESIAN_POINT('',(271.6,121.775,0.));
#4216 = VECTOR('',#4217,1.);
#4217 = DIRECTION('',(0.,-1.,0.));
#4218 = ORIENTED_EDGE('',*,*,#4219,.F.);
#4219 = EDGE_CURVE('',#4220,#4210,#4222,.T.);
#4220 = VERTEX_POINT('',#4221);
#4221 = CARTESIAN_POINT('',(285.6,121.775,0.));
#4222 = LINE('',#4223,#4224);
#4223 = CARTESIAN_POINT('',(285.6,121.775,0.));
#4224 = VECTOR('',#4225,1.);
#4225 = DIRECTION('',(-1.,0.,0.));
#4226 = ORIENTED_EDGE('',*,*,#4227,.F.);
#4227 = EDGE_CURVE('',#4228,#4220,#4230,.T.);
#4228 = VERTEX_POINT('',#4229);
#4229 = CARTESIAN_POINT('',(285.6,107.775,0.));
#4230 = LINE('',#4231,#4232);
#4231 = CARTESIAN_POINT('',(285.6,107.775,0.));
#4232 = VECTOR('',#4233,1.);
#4233 = DIRECTION('',(0.,1.,0.));
#4234 = ORIENTED_EDGE('',*,*,#4235,.F.);
#4235 = EDGE_CURVE('',#4212,#4228,#4236,.T.);
#4236 = LINE('',#4237,#4238);
#4237 = CARTESIAN_POINT('',(271.6,107.775,0.));
#4238 = VECTOR('',#4239,1.);
#4239 = DIRECTION('',(1.,0.,0.));
#4240 = FACE_BOUND('',#4241,.F.);
#4241 = EDGE_LOOP('',(#4242,#4252,#4260,#4268));
#4242 = ORIENTED_EDGE('',*,*,#4243,.F.);
#4243 = EDGE_CURVE('',#4244,#4246,#4248,.T.);
#4244 = VERTEX_POINT('',#4245);
#4245 = CARTESIAN_POINT('',(290.65,121.775,0.));
#4246 = VERTEX_POINT('',#4247);
#4247 = CARTESIAN_POINT('',(290.65,107.775,0.));
#4248 = LINE('',#4249,#4250);
#4249 = CARTESIAN_POINT('',(290.65,121.775,0.));
#4250 = VECTOR('',#4251,1.);
#4251 = DIRECTION('',(0.,-1.,0.));
#4252 = ORIENTED_EDGE('',*,*,#4253,.F.);
#4253 = EDGE_CURVE('',#4254,#4244,#4256,.T.);
#4254 = VERTEX_POINT('',#4255);
#4255 = CARTESIAN_POINT('',(304.65,121.775,0.));
#4256 = LINE('',#4257,#4258);
#4257 = CARTESIAN_POINT('',(304.65,121.775,0.));
#4258 = VECTOR('',#4259,1.);
#4259 = DIRECTION('',(-1.,0.,0.));
#4260 = ORIENTED_EDGE('',*,*,#4261,.F.);
#4261 = EDGE_CURVE('',#4262,#4254,#4264,.T.);
#4262 = VERTEX_POINT('',#4263);
#4263 = CARTESIAN_POINT('',(304.65,107.775,0.));
#4264 = LINE('',#4265,#4266);
#4265 = CARTESIAN_POINT('',(304.65,107.775,0.));
#4266 = VECTOR('',#4267,1.);
#4267 = DIRECTION('',(0.,1.,0.));
#4268 = ORIENTED_EDGE('',*,*,#4269,.F.);
#4269 = EDGE_CURVE('',#4246,#4262,#4270,.T.);
#4270 = LINE('',#4271,#4272);
#4271 = CARTESIAN_POINT('',(290.65,107.775,0.));
#4272 = VECTOR('',#4273,1.);
#4273 = DIRECTION('',(1.,0.,0.));
#4274 = FACE_BOUND('',#4275,.F.);
#4275 = EDGE_LOOP('',(#4276,#4286,#4294,#4302));
#4276 = ORIENTED_EDGE('',*,*,#4277,.F.);
#4277 = EDGE_CURVE('',#4278,#4280,#4282,.T.);
#4278 = VERTEX_POINT('',#4279);
#4279 = CARTESIAN_POINT('',(309.7,121.775,0.));
#4280 = VERTEX_POINT('',#4281);
#4281 = CARTESIAN_POINT('',(309.7,107.775,0.));
#4282 = LINE('',#4283,#4284);
#4283 = CARTESIAN_POINT('',(309.7,121.775,0.));
#4284 = VECTOR('',#4285,1.);
#4285 = DIRECTION('',(0.,-1.,0.));
#4286 = ORIENTED_EDGE('',*,*,#4287,.F.);
#4287 = EDGE_CURVE('',#4288,#4278,#4290,.T.);
#4288 = VERTEX_POINT('',#4289);
#4289 = CARTESIAN_POINT('',(323.7,121.775,0.));
#4290 = LINE('',#4291,#4292);
#4291 = CARTESIAN_POINT('',(323.7,121.775,0.));
#4292 = VECTOR('',#4293,1.);
#4293 = DIRECTION('',(-1.,0.,0.));
#4294 = ORIENTED_EDGE('',*,*,#4295,.F.);
#4295 = EDGE_CURVE('',#4296,#4288,#4298,.T.);
#4296 = VERTEX_POINT('',#4297);
#4297 = CARTESIAN_POINT('',(323.7,107.775,0.));
#4298 = LINE('',#4299,#4300);
#4299 = CARTESIAN_POINT('',(323.7,107.775,0.));
#4300 = VECTOR('',#4301,1.);
#4301 = DIRECTION('',(0.,1.,0.));
#4302 = ORIENTED_EDGE('',*,*,#4303,.F.);
#4303 = EDGE_CURVE('',#4280,#4296,#4304,.T.);
#4304 = LINE('',#4305,#4306);
#4305 = CARTESIAN_POINT('',(309.7,107.775,0.));
#4306 = VECTOR('',#4307,1.);
#4307 = DIRECTION('',(1.,0.,0.));
#4308 = FACE_BOUND('',#4309,.F.);
#4309 = EDGE_LOOP('',(#4310,#4320,#4328,#4336));
#4310 = ORIENTED_EDGE('',*,*,#4311,.F.);
#4311 = EDGE_CURVE('',#4312,#4314,#4316,.T.);
#4312 = VERTEX_POINT('',#4313);
#4313 = CARTESIAN_POINT('',(338.275,121.775,0.));
#4314 = VERTEX_POINT('',#4315);
#4315 = CARTESIAN_POINT('',(338.275,107.775,0.));
#4316 = LINE('',#4317,#4318);
#4317 = CARTESIAN_POINT('',(338.275,121.775,0.));
#4318 = VECTOR('',#4319,1.);
#4319 = DIRECTION('',(0.,-1.,0.));
#4320 = ORIENTED_EDGE('',*,*,#4321,.F.);
#4321 = EDGE_CURVE('',#4322,#4312,#4324,.T.);
#4322 = VERTEX_POINT('',#4323);
#4323 = CARTESIAN_POINT('',(352.275,121.775,0.));
#4324 = LINE('',#4325,#4326);
#4325 = CARTESIAN_POINT('',(352.275,121.775,0.));
#4326 = VECTOR('',#4327,1.);
#4327 = DIRECTION('',(-1.,0.,0.));
#4328 = ORIENTED_EDGE('',*,*,#4329,.F.);
#4329 = EDGE_CURVE('',#4330,#4322,#4332,.T.);
#4330 = VERTEX_POINT('',#4331);
#4331 = CARTESIAN_POINT('',(352.275,107.775,0.));
#4332 = LINE('',#4333,#4334);
#4333 = CARTESIAN_POINT('',(352.275,107.775,0.));
#4334 = VECTOR('',#4335,1.);
#4335 = DIRECTION('',(0.,1.,0.));
#4336 = ORIENTED_EDGE('',*,*,#4337,.F.);
#4337 = EDGE_CURVE('',#4314,#4330,#4338,.T.);
#4338 = LINE('',#4339,#4340);
#4339 = CARTESIAN_POINT('',(338.275,107.775,0.));
#4340 = VECTOR('',#4341,1.);
#4341 = DIRECTION('',(1.,0.,0.));
#4342 = PLANE('',#4343);
#4343 = AXIS2_PLACEMENT_3D('',#4344,#4345,#4346);
#4344 = CARTESIAN_POINT('',(179.9,64.65,0.));
#4345 = DIRECTION('',(0.,0.,1.));
#4346 = DIRECTION('',(1.,0.,0.));
#4347 = ADVANCED_FACE('',(#4348),#4373,.F.);
#4348 = FACE_BOUND('',#4349,.F.);
#4349 = EDGE_LOOP('',(#4350,#4358,#4366,#4372));
#4350 = ORIENTED_EDGE('',*,*,#4351,.T.);
#4351 = EDGE_CURVE('',#40,#4352,#4354,.T.);
#4352 = VERTEX_POINT('',#4353);
#4353 = CARTESIAN_POINT('',(5.,123.3,1.));
#4354 = LINE('',#4355,#4356);
#4355 = CARTESIAN_POINT('',(5.,123.3,0.));
#4356 = VECTOR('',#4357,1.);
#4357 = DIRECTION('',(0.,0.,1.));
#4358 = ORIENTED_EDGE('',*,*,#4359,.T.);
#4359 = EDGE_CURVE('',#4352,#4360,#4362,.T.);
#4360 = VERTEX_POINT('',#4361);
#4361 = CARTESIAN_POINT('',(5.,6.,1.));
#4362 = LINE('',#4363,#4364);
#4363 = CARTESIAN_POINT('',(5.,123.3,1.));
#4364 = VECTOR('',#4365,1.);
#4365 = DIRECTION('',(0.,-1.,0.));
#4366 = ORIENTED_EDGE('',*,*,#4367,.F.);
#4367 = EDGE_CURVE('',#42,#4360,#4368,.T.);
#4368 = LINE('',#4369,#4370);
#4369 = CARTESIAN_POINT('',(5.,6.,0.));
#4370 = VECTOR('',#4371,1.);
#4371 = DIRECTION('',(0.,0.,1.));
#4372 = ORIENTED_EDGE('',*,*,#39,.F.);
#4373 = PLANE('',#4374);
#4374 = AXIS2_PLACEMENT_3D('',#4375,#4376,#4377);
#4375 = CARTESIAN_POINT('',(5.,123.3,0.));
#4376 = DIRECTION('',(1.,0.,0.));
#4377 = DIRECTION('',(0.,-1.,0.));
#4378 = ADVANCED_FACE('',(#4379),#4398,.T.);
#4379 = FACE_BOUND('',#4380,.F.);
#4380 = EDGE_LOOP('',(#4381,#4389,#4396,#4397));
#4381 = ORIENTED_EDGE('',*,*,#4382,.T.);
#4382 = EDGE_CURVE('',#93,#4383,#4385,.T.);
#4383 = VERTEX_POINT('',#4384);
#4384 = CARTESIAN_POINT('',(6.,124.3,1.));
#4385 = LINE('',#4386,#4387);
#4386 = CARTESIAN_POINT('',(6.,124.3,0.));
#4387 = VECTOR('',#4388,1.);
#4388 = DIRECTION('',(0.,0.,1.));
#4389 = ORIENTED_EDGE('',*,*,#4390,.T.);
#4390 = EDGE_CURVE('',#4383,#4352,#4391,.T.);
#4391 = CIRCLE('',#4392,1.);
#4392 = AXIS2_PLACEMENT_3D('',#4393,#4394,#4395);
#4393 = CARTESIAN_POINT('',(6.,123.3,1.));
#4394 = DIRECTION('',(0.,0.,1.));
#4395 = DIRECTION('',(1.,0.,0.));
#4396 = ORIENTED_EDGE('',*,*,#4351,.F.);
#4397 = ORIENTED_EDGE('',*,*,#100,.F.);
#4398 = CYLINDRICAL_SURFACE('',#4399,1.);
#4399 = AXIS2_PLACEMENT_3D('',#4400,#4401,#4402);
#4400 = CARTESIAN_POINT('',(6.,123.3,0.));
#4401 = DIRECTION('',(-0.,-0.,-1.));
#4402 = DIRECTION('',(1.,0.,0.));
#4403 = ADVANCED_FACE('',(#4404),#4423,.T.);
#4404 = FACE_BOUND('',#4405,.F.);
#4405 = EDGE_LOOP('',(#4406,#4407,#4416,#4422));
#4406 = ORIENTED_EDGE('',*,*,#4367,.T.);
#4407 = ORIENTED_EDGE('',*,*,#4408,.T.);
#4408 = EDGE_CURVE('',#4360,#4409,#4411,.T.);
#4409 = VERTEX_POINT('',#4410);
#4410 = CARTESIAN_POINT('',(6.,5.,1.));
#4411 = CIRCLE('',#4412,1.);
#4412 = AXIS2_PLACEMENT_3D('',#4413,#4414,#4415);
#4413 = CARTESIAN_POINT('',(6.,6.,1.));
#4414 = DIRECTION('',(0.,0.,1.));
#4415 = DIRECTION('',(1.,0.,0.));
#4416 = ORIENTED_EDGE('',*,*,#4417,.F.);
#4417 = EDGE_CURVE('',#50,#4409,#4418,.T.);
#4418 = LINE('',#4419,#4420);
#4419 = CARTESIAN_POINT('',(6.,5.,0.));
#4420 = VECTOR('',#4421,1.);
#4421 = DIRECTION('',(0.,0.,1.));
#4422 = ORIENTED_EDGE('',*,*,#49,.F.);
#4423 = CYLINDRICAL_SURFACE('',#4424,1.);
#4424 = AXIS2_PLACEMENT_3D('',#4425,#4426,#4427);
#4425 = CARTESIAN_POINT('',(6.,6.,0.));
#4426 = DIRECTION('',(-0.,-0.,-1.));
#4427 = DIRECTION('',(1.,0.,0.));
#4428 = ADVANCED_FACE('',(#4429),#4447,.F.);
#4429 = FACE_BOUND('',#4430,.F.);
#4430 = EDGE_LOOP('',(#4431,#4439,#4445,#4446));
#4431 = ORIENTED_EDGE('',*,*,#4432,.T.);
#4432 = EDGE_CURVE('',#84,#4433,#4435,.T.);
#4433 = VERTEX_POINT('',#4434);
#4434 = CARTESIAN_POINT('',(353.8,124.3,1.));
#4435 = LINE('',#4436,#4437);
#4436 = CARTESIAN_POINT('',(353.8,124.3,0.));
#4437 = VECTOR('',#4438,1.);
#4438 = DIRECTION('',(0.,0.,1.));
#4439 = ORIENTED_EDGE('',*,*,#4440,.T.);
#4440 = EDGE_CURVE('',#4433,#4383,#4441,.T.);
#4441 = LINE('',#4442,#4443);
#4442 = CARTESIAN_POINT('',(353.8,124.3,1.));
#4443 = VECTOR('',#4444,1.);
#4444 = DIRECTION('',(-1.,0.,0.));
#4445 = ORIENTED_EDGE('',*,*,#4382,.F.);
#4446 = ORIENTED_EDGE('',*,*,#92,.F.);
#4447 = PLANE('',#4448);
#4448 = AXIS2_PLACEMENT_3D('',#4449,#4450,#4451);
#4449 = CARTESIAN_POINT('',(353.8,124.3,0.));
#4450 = DIRECTION('',(0.,-1.,0.));
#4451 = DIRECTION('',(-1.,0.,0.));
#4452 = ADVANCED_FACE('',(#4453),#4471,.F.);
#4453 = FACE_BOUND('',#4454,.F.);
#4454 = EDGE_LOOP('',(#4455,#4456,#4464,#4470));
#4455 = ORIENTED_EDGE('',*,*,#4417,.T.);
#4456 = ORIENTED_EDGE('',*,*,#4457,.T.);
#4457 = EDGE_CURVE('',#4409,#4458,#4460,.T.);
#4458 = VERTEX_POINT('',#4459);
#4459 = CARTESIAN_POINT('',(353.8,5.,1.));
#4460 = LINE('',#4461,#4462);
#4461 = CARTESIAN_POINT('',(6.,5.,1.));
#4462 = VECTOR('',#4463,1.);
#4463 = DIRECTION('',(1.,0.,0.));
#4464 = ORIENTED_EDGE('',*,*,#4465,.F.);
#4465 = EDGE_CURVE('',#59,#4458,#4466,.T.);
#4466 = LINE('',#4467,#4468);
#4467 = CARTESIAN_POINT('',(353.8,5.,0.));
#4468 = VECTOR('',#4469,1.);
#4469 = DIRECTION('',(0.,0.,1.));
#4470 = ORIENTED_EDGE('',*,*,#58,.F.);
#4471 = PLANE('',#4472);
#4472 = AXIS2_PLACEMENT_3D('',#4473,#4474,#4475);
#4473 = CARTESIAN_POINT('',(6.,5.,0.));
#4474 = DIRECTION('',(0.,1.,0.));
#4475 = DIRECTION('',(1.,0.,0.));
#4476 = ADVANCED_FACE('',(#4477),#4496,.T.);
#4477 = FACE_BOUND('',#4478,.F.);
#4478 = EDGE_LOOP('',(#4479,#4487,#4494,#4495));
#4479 = ORIENTED_EDGE('',*,*,#4480,.T.);
#4480 = EDGE_CURVE('',#76,#4481,#4483,.T.);
#4481 = VERTEX_POINT('',#4482);
#4482 = CARTESIAN_POINT('',(354.8,123.3,1.));
#4483 = LINE('',#4484,#4485);
#4484 = CARTESIAN_POINT('',(354.8,123.3,0.));
#4485 = VECTOR('',#4486,1.);
#4486 = DIRECTION('',(0.,0.,1.));
#4487 = ORIENTED_EDGE('',*,*,#4488,.T.);
#4488 = EDGE_CURVE('',#4481,#4433,#4489,.T.);
#4489 = CIRCLE('',#4490,1.);
#4490 = AXIS2_PLACEMENT_3D('',#4491,#4492,#4493);
#4491 = CARTESIAN_POINT('',(353.8,123.3,1.));
#4492 = DIRECTION('',(0.,0.,1.));
#4493 = DIRECTION('',(1.,0.,0.));
#4494 = ORIENTED_EDGE('',*,*,#4432,.F.);
#4495 = ORIENTED_EDGE('',*,*,#83,.F.);
#4496 = CYLINDRICAL_SURFACE('',#4497,1.);
#4497 = AXIS2_PLACEMENT_3D('',#4498,#4499,#4500);
#4498 = CARTESIAN_POINT('',(353.8,123.3,0.));
#4499 = DIRECTION('',(-0.,-0.,-1.));
#4500 = DIRECTION('',(1.,0.,0.));
#4501 = ADVANCED_FACE('',(#4502),#4521,.T.);
#4502 = FACE_BOUND('',#4503,.F.);
#4503 = EDGE_LOOP('',(#4504,#4505,#4514,#4520));
#4504 = ORIENTED_EDGE('',*,*,#4465,.T.);
#4505 = ORIENTED_EDGE('',*,*,#4506,.T.);
#4506 = EDGE_CURVE('',#4458,#4507,#4509,.T.);
#4507 = VERTEX_POINT('',#4508);
#4508 = CARTESIAN_POINT('',(354.8,6.,1.));
#4509 = CIRCLE('',#4510,1.);
#4510 = AXIS2_PLACEMENT_3D('',#4511,#4512,#4513);
#4511 = CARTESIAN_POINT('',(353.8,6.,1.));
#4512 = DIRECTION('',(0.,0.,1.));
#4513 = DIRECTION('',(1.,0.,0.));
#4514 = ORIENTED_EDGE('',*,*,#4515,.F.);
#4515 = EDGE_CURVE('',#67,#4507,#4516,.T.);
#4516 = LINE('',#4517,#4518);
#4517 = CARTESIAN_POINT('',(354.8,6.,0.));
#4518 = VECTOR('',#4519,1.);
#4519 = DIRECTION('',(0.,0.,1.));
#4520 = ORIENTED_EDGE('',*,*,#66,.F.);
#4521 = CYLINDRICAL_SURFACE('',#4522,1.);
#4522 = AXIS2_PLACEMENT_3D('',#4523,#4524,#4525);
#4523 = CARTESIAN_POINT('',(353.8,6.,0.));
#4524 = DIRECTION('',(-0.,-0.,-1.));
#4525 = DIRECTION('',(1.,0.,0.));
#4526 = ADVANCED_FACE('',(#4527),#4538,.F.);
#4527 = FACE_BOUND('',#4528,.F.);
#4528 = EDGE_LOOP('',(#4529,#4530,#4536,#4537));
#4529 = ORIENTED_EDGE('',*,*,#4515,.T.);
#4530 = ORIENTED_EDGE('',*,*,#4531,.T.);
#4531 = EDGE_CURVE('',#4507,#4481,#4532,.T.);
#4532 = LINE('',#4533,#4534);
#4533 = CARTESIAN_POINT('',(354.8,6.,1.));
#4534 = VECTOR('',#4535,1.);
#4535 = DIRECTION('',(0.,1.,0.));
#4536 = ORIENTED_EDGE('',*,*,#4480,.F.);
#4537 = ORIENTED_EDGE('',*,*,#75,.F.);
#4538 = PLANE('',#4539);
#4539 = AXIS2_PLACEMENT_3D('',#4540,#4541,#4542);
#4540 = CARTESIAN_POINT('',(354.8,6.,0.));
#4541 = DIRECTION('',(-1.,0.,0.));
#4542 = DIRECTION('',(0.,1.,0.));
#4543 = ADVANCED_FACE('',(#4544),#4563,.F.);
#4544 = FACE_BOUND('',#4545,.F.);
#4545 = EDGE_LOOP('',(#4546,#4554,#4555,#4556));
#4546 = ORIENTED_EDGE('',*,*,#4547,.T.);
#4547 = EDGE_CURVE('',#4548,#110,#4550,.T.);
#4548 = VERTEX_POINT('',#4549);
#4549 = CARTESIAN_POINT('',(9.1,8.,1.));
#4550 = LINE('',#4551,#4552);
#4551 = CARTESIAN_POINT('',(9.1,8.,1.));
#4552 = VECTOR('',#4553,1.);
#4553 = DIRECTION('',(-0.,-0.,-1.));
#4554 = ORIENTED_EDGE('',*,*,#109,.T.);
#4555 = ORIENTED_EDGE('',*,*,#4547,.F.);
#4556 = ORIENTED_EDGE('',*,*,#4557,.F.);
#4557 = EDGE_CURVE('',#4548,#4548,#4558,.T.);
#4558 = CIRCLE('',#4559,1.1);
#4559 = AXIS2_PLACEMENT_3D('',#4560,#4561,#4562);
#4560 = CARTESIAN_POINT('',(8.,8.,1.));
#4561 = DIRECTION('',(0.,0.,1.));
#4562 = DIRECTION('',(1.,0.,0.));
#4563 = CYLINDRICAL_SURFACE('',#4564,1.1);
#4564 = AXIS2_PLACEMENT_3D('',#4565,#4566,#4567);
#4565 = CARTESIAN_POINT('',(8.,8.,1.));
#4566 = DIRECTION('',(0.,0.,1.));
#4567 = DIRECTION('',(1.,0.,0.));
#4568 = ADVANCED_FACE('',(#4569),#4594,.F.);
#4569 = FACE_BOUND('',#4570,.F.);
#4570 = EDGE_LOOP('',(#4571,#4579,#4580,#4588));
#4571 = ORIENTED_EDGE('',*,*,#4572,.T.);
#4572 = EDGE_CURVE('',#4573,#121,#4575,.T.);
#4573 = VERTEX_POINT('',#4574);
#4574 = CARTESIAN_POINT('',(54.90625,21.525,1.));
#4575 = LINE('',#4576,#4577);
#4576 = CARTESIAN_POINT('',(54.90625,21.525,1.));
#4577 = VECTOR('',#4578,1.);
#4578 = DIRECTION('',(-0.,-0.,-1.));
#4579 = ORIENTED_EDGE('',*,*,#120,.T.);
#4580 = ORIENTED_EDGE('',*,*,#4581,.F.);
#4581 = EDGE_CURVE('',#4582,#123,#4584,.T.);
#4582 = VERTEX_POINT('',#4583);
#4583 = CARTESIAN_POINT('',(54.90625,7.525,1.));
#4584 = LINE('',#4585,#4586);
#4585 = CARTESIAN_POINT('',(54.90625,7.525,1.));
#4586 = VECTOR('',#4587,1.);
#4587 = DIRECTION('',(-0.,-0.,-1.));
#4588 = ORIENTED_EDGE('',*,*,#4589,.F.);
#4589 = EDGE_CURVE('',#4573,#4582,#4590,.T.);
#4590 = LINE('',#4591,#4592);
#4591 = CARTESIAN_POINT('',(54.90625,21.525,1.));
#4592 = VECTOR('',#4593,1.);
#4593 = DIRECTION('',(0.,-1.,0.));
#4594 = PLANE('',#4595);
#4595 = AXIS2_PLACEMENT_3D('',#4596,#4597,#4598);
#4596 = CARTESIAN_POINT('',(54.90625,21.525,1.));
#4597 = DIRECTION('',(-1.,0.,0.));
#4598 = DIRECTION('',(0.,-1.,0.));
#4599 = ADVANCED_FACE('',(#4600),#4618,.F.);
#4600 = FACE_BOUND('',#4601,.F.);
#4601 = EDGE_LOOP('',(#4602,#4610,#4611,#4612));
#4602 = ORIENTED_EDGE('',*,*,#4603,.T.);
#4603 = EDGE_CURVE('',#4604,#131,#4606,.T.);
#4604 = VERTEX_POINT('',#4605);
#4605 = CARTESIAN_POINT('',(68.90625,21.525,1.));
#4606 = LINE('',#4607,#4608);
#4607 = CARTESIAN_POINT('',(68.90625,21.525,1.));
#4608 = VECTOR('',#4609,1.);
#4609 = DIRECTION('',(-0.,-0.,-1.));
#4610 = ORIENTED_EDGE('',*,*,#130,.T.);
#4611 = ORIENTED_EDGE('',*,*,#4572,.F.);
#4612 = ORIENTED_EDGE('',*,*,#4613,.F.);
#4613 = EDGE_CURVE('',#4604,#4573,#4614,.T.);
#4614 = LINE('',#4615,#4616);
#4615 = CARTESIAN_POINT('',(68.90625,21.525,1.));
#4616 = VECTOR('',#4617,1.);
#4617 = DIRECTION('',(-1.,0.,0.));
#4618 = PLANE('',#4619);
#4619 = AXIS2_PLACEMENT_3D('',#4620,#4621,#4622);
#4620 = CARTESIAN_POINT('',(68.90625,21.525,1.));
#4621 = DIRECTION('',(0.,1.,0.));
#4622 = DIRECTION('',(-1.,0.,0.));
#4623 = ADVANCED_FACE('',(#4624),#4642,.F.);
#4624 = FACE_BOUND('',#4625,.F.);
#4625 = EDGE_LOOP('',(#4626,#4627,#4628,#4636));
#4626 = ORIENTED_EDGE('',*,*,#4581,.T.);
#4627 = ORIENTED_EDGE('',*,*,#146,.T.);
#4628 = ORIENTED_EDGE('',*,*,#4629,.F.);
#4629 = EDGE_CURVE('',#4630,#139,#4632,.T.);
#4630 = VERTEX_POINT('',#4631);
#4631 = CARTESIAN_POINT('',(68.90625,7.525,1.));
#4632 = LINE('',#4633,#4634);
#4633 = CARTESIAN_POINT('',(68.90625,7.525,1.));
#4634 = VECTOR('',#4635,1.);
#4635 = DIRECTION('',(-0.,-0.,-1.));
#4636 = ORIENTED_EDGE('',*,*,#4637,.F.);
#4637 = EDGE_CURVE('',#4582,#4630,#4638,.T.);
#4638 = LINE('',#4639,#4640);
#4639 = CARTESIAN_POINT('',(54.90625,7.525,1.));
#4640 = VECTOR('',#4641,1.);
#4641 = DIRECTION('',(1.,0.,0.));
#4642 = PLANE('',#4643);
#4643 = AXIS2_PLACEMENT_3D('',#4644,#4645,#4646);
#4644 = CARTESIAN_POINT('',(54.90625,7.525,1.));
#4645 = DIRECTION('',(0.,-1.,0.));
#4646 = DIRECTION('',(1.,0.,0.));
#4647 = ADVANCED_FACE('',(#4648),#4659,.F.);
#4648 = FACE_BOUND('',#4649,.F.);
#4649 = EDGE_LOOP('',(#4650,#4651,#4652,#4653));
#4650 = ORIENTED_EDGE('',*,*,#4629,.T.);
#4651 = ORIENTED_EDGE('',*,*,#138,.T.);
#4652 = ORIENTED_EDGE('',*,*,#4603,.F.);
#4653 = ORIENTED_EDGE('',*,*,#4654,.F.);
#4654 = EDGE_CURVE('',#4630,#4604,#4655,.T.);
#4655 = LINE('',#4656,#4657);
#4656 = CARTESIAN_POINT('',(68.90625,7.525,1.));
#4657 = VECTOR('',#4658,1.);
#4658 = DIRECTION('',(0.,1.,0.));
#4659 = PLANE('',#4660);
#4660 = AXIS2_PLACEMENT_3D('',#4661,#4662,#4663);
#4661 = CARTESIAN_POINT('',(68.90625,7.525,1.));
#4662 = DIRECTION('',(1.,0.,0.));
#4663 = DIRECTION('',(0.,1.,0.));
#4664 = ADVANCED_FACE('',(#4665),#4690,.F.);
#4665 = FACE_BOUND('',#4666,.F.);
#4666 = EDGE_LOOP('',(#4667,#4675,#4676,#4684));
#4667 = ORIENTED_EDGE('',*,*,#4668,.T.);
#4668 = EDGE_CURVE('',#4669,#155,#4671,.T.);
#4669 = VERTEX_POINT('',#4670);
#4670 = CARTESIAN_POINT('',(78.71875,21.525,1.));
#4671 = LINE('',#4672,#4673);
#4672 = CARTESIAN_POINT('',(78.71875,21.525,1.));
#4673 = VECTOR('',#4674,1.);
#4674 = DIRECTION('',(-0.,-0.,-1.));
#4675 = ORIENTED_EDGE('',*,*,#154,.T.);
#4676 = ORIENTED_EDGE('',*,*,#4677,.F.);
#4677 = EDGE_CURVE('',#4678,#157,#4680,.T.);
#4678 = VERTEX_POINT('',#4679);
#4679 = CARTESIAN_POINT('',(78.71875,7.525,1.));
#4680 = LINE('',#4681,#4682);
#4681 = CARTESIAN_POINT('',(78.71875,7.525,1.));
#4682 = VECTOR('',#4683,1.);
#4683 = DIRECTION('',(-0.,-0.,-1.));
#4684 = ORIENTED_EDGE('',*,*,#4685,.F.);
#4685 = EDGE_CURVE('',#4669,#4678,#4686,.T.);
#4686 = LINE('',#4687,#4688);
#4687 = CARTESIAN_POINT('',(78.71875,21.525,1.));
#4688 = VECTOR('',#4689,1.);
#4689 = DIRECTION('',(0.,-1.,0.));
#4690 = PLANE('',#4691);
#4691 = AXIS2_PLACEMENT_3D('',#4692,#4693,#4694);
#4692 = CARTESIAN_POINT('',(78.71875,21.525,1.));
#4693 = DIRECTION('',(-1.,0.,0.));
#4694 = DIRECTION('',(0.,-1.,0.));
#4695 = ADVANCED_FACE('',(#4696),#4714,.F.);
#4696 = FACE_BOUND('',#4697,.F.);
#4697 = EDGE_LOOP('',(#4698,#4706,#4707,#4708));
#4698 = ORIENTED_EDGE('',*,*,#4699,.T.);
#4699 = EDGE_CURVE('',#4700,#165,#4702,.T.);
#4700 = VERTEX_POINT('',#4701);
#4701 = CARTESIAN_POINT('',(92.71875,21.525,1.));
#4702 = LINE('',#4703,#4704);
#4703 = CARTESIAN_POINT('',(92.71875,21.525,1.));
#4704 = VECTOR('',#4705,1.);
#4705 = DIRECTION('',(-0.,-0.,-1.));
#4706 = ORIENTED_EDGE('',*,*,#164,.T.);
#4707 = ORIENTED_EDGE('',*,*,#4668,.F.);
#4708 = ORIENTED_EDGE('',*,*,#4709,.F.);
#4709 = EDGE_CURVE('',#4700,#4669,#4710,.T.);
#4710 = LINE('',#4711,#4712);
#4711 = CARTESIAN_POINT('',(92.71875,21.525,1.));
#4712 = VECTOR('',#4713,1.);
#4713 = DIRECTION('',(-1.,0.,0.));
#4714 = PLANE('',#4715);
#4715 = AXIS2_PLACEMENT_3D('',#4716,#4717,#4718);
#4716 = CARTESIAN_POINT('',(92.71875,21.525,1.));
#4717 = DIRECTION('',(0.,1.,0.));
#4718 = DIRECTION('',(-1.,0.,0.));
#4719 = ADVANCED_FACE('',(#4720),#4738,.F.);
#4720 = FACE_BOUND('',#4721,.F.);
#4721 = EDGE_LOOP('',(#4722,#4723,#4724,#4732));
#4722 = ORIENTED_EDGE('',*,*,#4677,.T.);
#4723 = ORIENTED_EDGE('',*,*,#180,.T.);
#4724 = ORIENTED_EDGE('',*,*,#4725,.F.);
#4725 = EDGE_CURVE('',#4726,#173,#4728,.T.);
#4726 = VERTEX_POINT('',#4727);
#4727 = CARTESIAN_POINT('',(92.71875,7.525,1.));
#4728 = LINE('',#4729,#4730);
#4729 = CARTESIAN_POINT('',(92.71875,7.525,1.));
#4730 = VECTOR('',#4731,1.);
#4731 = DIRECTION('',(-0.,-0.,-1.));
#4732 = ORIENTED_EDGE('',*,*,#4733,.F.);
#4733 = EDGE_CURVE('',#4678,#4726,#4734,.T.);
#4734 = LINE('',#4735,#4736);
#4735 = CARTESIAN_POINT('',(78.71875,7.525,1.));
#4736 = VECTOR('',#4737,1.);
#4737 = DIRECTION('',(1.,0.,0.));
#4738 = PLANE('',#4739);
#4739 = AXIS2_PLACEMENT_3D('',#4740,#4741,#4742);
#4740 = CARTESIAN_POINT('',(78.71875,7.525,1.));
#4741 = DIRECTION('',(0.,-1.,0.));
#4742 = DIRECTION('',(1.,0.,0.));
#4743 = ADVANCED_FACE('',(#4744),#4755,.F.);
#4744 = FACE_BOUND('',#4745,.F.);
#4745 = EDGE_LOOP('',(#4746,#4747,#4748,#4749));
#4746 = ORIENTED_EDGE('',*,*,#4725,.T.);
#4747 = ORIENTED_EDGE('',*,*,#172,.T.);
#4748 = ORIENTED_EDGE('',*,*,#4699,.F.);
#4749 = ORIENTED_EDGE('',*,*,#4750,.F.);
#4750 = EDGE_CURVE('',#4726,#4700,#4751,.T.);
#4751 = LINE('',#4752,#4753);
#4752 = CARTESIAN_POINT('',(92.71875,7.525,1.));
#4753 = VECTOR('',#4754,1.);
#4754 = DIRECTION('',(0.,1.,0.));
#4755 = PLANE('',#4756);
#4756 = AXIS2_PLACEMENT_3D('',#4757,#4758,#4759);
#4757 = CARTESIAN_POINT('',(92.71875,7.525,1.));
#4758 = DIRECTION('',(1.,0.,0.));
#4759 = DIRECTION('',(0.,1.,0.));
#4760 = ADVANCED_FACE('',(#4761),#4780,.F.);
#4761 = FACE_BOUND('',#4762,.F.);
#4762 = EDGE_LOOP('',(#4763,#4771,#4772,#4773));
#4763 = ORIENTED_EDGE('',*,*,#4764,.F.);
#4764 = EDGE_CURVE('',#189,#4765,#4767,.T.);
#4765 = VERTEX_POINT('',#4766);
#4766 = CARTESIAN_POINT('',(48.6,26.55,0.8));
#4767 = LINE('',#4768,#4769);
#4768 = CARTESIAN_POINT('',(48.6,26.55,0.8));
#4769 = VECTOR('',#4770,1.);
#4770 = DIRECTION('',(-0.707106781187,-2.28E-15,0.707106781187));
#4771 = ORIENTED_EDGE('',*,*,#188,.T.);
#4772 = ORIENTED_EDGE('',*,*,#4764,.T.);
#4773 = ORIENTED_EDGE('',*,*,#4774,.F.);
#4774 = EDGE_CURVE('',#4765,#4765,#4775,.T.);
#4775 = CIRCLE('',#4776,1.1);
#4776 = AXIS2_PLACEMENT_3D('',#4777,#4778,#4779);
#4777 = CARTESIAN_POINT('',(47.5,26.55,0.8));
#4778 = DIRECTION('',(0.,-0.,1.));
#4779 = DIRECTION('',(1.,3.23E-15,0.));
#4780 = CONICAL_SURFACE('',#4781,1.1,0.785398163397);
#4781 = AXIS2_PLACEMENT_3D('',#4782,#4783,#4784);
#4782 = CARTESIAN_POINT('',(47.5,26.55,0.8));
#4783 = DIRECTION('',(-0.,-0.,-1.));
#4784 = DIRECTION('',(1.,3.23E-15,0.));
#4785 = ADVANCED_FACE('',(#4786),#4811,.F.);
#4786 = FACE_BOUND('',#4787,.F.);
#4787 = EDGE_LOOP('',(#4788,#4796,#4797,#4805));
#4788 = ORIENTED_EDGE('',*,*,#4789,.T.);
#4789 = EDGE_CURVE('',#4790,#200,#4792,.T.);
#4790 = VERTEX_POINT('',#4791);
#4791 = CARTESIAN_POINT('',(62.05,40.575,1.));
#4792 = LINE('',#4793,#4794);
#4793 = CARTESIAN_POINT('',(62.05,40.575,1.));
#4794 = VECTOR('',#4795,1.);
#4795 = DIRECTION('',(-0.,-0.,-1.));
#4796 = ORIENTED_EDGE('',*,*,#199,.T.);
#4797 = ORIENTED_EDGE('',*,*,#4798,.F.);
#4798 = EDGE_CURVE('',#4799,#202,#4801,.T.);
#4799 = VERTEX_POINT('',#4800);
#4800 = CARTESIAN_POINT('',(62.05,35.875,1.));
#4801 = LINE('',#4802,#4803);
#4802 = CARTESIAN_POINT('',(62.05,35.875,1.));
#4803 = VECTOR('',#4804,1.);
#4804 = DIRECTION('',(-0.,-0.,-1.));
#4805 = ORIENTED_EDGE('',*,*,#4806,.F.);
#4806 = EDGE_CURVE('',#4790,#4799,#4807,.T.);
#4807 = LINE('',#4808,#4809);
#4808 = CARTESIAN_POINT('',(62.05,40.575,1.));
#4809 = VECTOR('',#4810,1.);
#4810 = DIRECTION('',(0.,-1.,0.));
#4811 = PLANE('',#4812);
#4812 = AXIS2_PLACEMENT_3D('',#4813,#4814,#4815);
#4813 = CARTESIAN_POINT('',(62.05,40.575,1.));
#4814 = DIRECTION('',(-1.,0.,0.));
#4815 = DIRECTION('',(0.,-1.,0.));
#4816 = ADVANCED_FACE('',(#4817),#4835,.T.);
#4817 = FACE_BOUND('',#4818,.T.);
#4818 = EDGE_LOOP('',(#4819,#4820,#4821,#4829));
#4819 = ORIENTED_EDGE('',*,*,#4789,.T.);
#4820 = ORIENTED_EDGE('',*,*,#209,.T.);
#4821 = ORIENTED_EDGE('',*,*,#4822,.F.);
#4822 = EDGE_CURVE('',#4823,#210,#4825,.T.);
#4823 = VERTEX_POINT('',#4824);
#4824 = CARTESIAN_POINT('',(76.05,40.575,1.));
#4825 = LINE('',#4826,#4827);
#4826 = CARTESIAN_POINT('',(76.05,40.575,1.));
#4827 = VECTOR('',#4828,1.);
#4828 = DIRECTION('',(-0.,-0.,-1.));
#4829 = ORIENTED_EDGE('',*,*,#4830,.F.);
#4830 = EDGE_CURVE('',#4790,#4823,#4831,.T.);
#4831 = LINE('',#4832,#4833);
#4832 = CARTESIAN_POINT('',(62.05,40.575,1.));
#4833 = VECTOR('',#4834,1.);
#4834 = DIRECTION('',(1.,0.,0.));
#4835 = PLANE('',#4836);
#4836 = AXIS2_PLACEMENT_3D('',#4837,#4838,#4839);
#4837 = CARTESIAN_POINT('',(62.05,40.575,1.));
#4838 = DIRECTION('',(0.,-1.,0.));
#4839 = DIRECTION('',(1.,0.,0.));
#4840 = ADVANCED_FACE('',(#4841),#4859,.F.);
#4841 = FACE_BOUND('',#4842,.F.);
#4842 = EDGE_LOOP('',(#4843,#4844,#4845,#4853));
#4843 = ORIENTED_EDGE('',*,*,#4798,.T.);
#4844 = ORIENTED_EDGE('',*,*,#481,.T.);
#4845 = ORIENTED_EDGE('',*,*,#4846,.F.);
#4846 = EDGE_CURVE('',#4847,#474,#4849,.T.);
#4847 = VERTEX_POINT('',#4848);
#4848 = CARTESIAN_POINT('',(60.525,35.875,1.));
#4849 = LINE('',#4850,#4851);
#4850 = CARTESIAN_POINT('',(60.525,35.875,1.));
#4851 = VECTOR('',#4852,1.);
#4852 = DIRECTION('',(-0.,-0.,-1.));
#4853 = ORIENTED_EDGE('',*,*,#4854,.F.);
#4854 = EDGE_CURVE('',#4799,#4847,#4855,.T.);
#4855 = LINE('',#4856,#4857);
#4856 = CARTESIAN_POINT('',(62.05,35.875,1.));
#4857 = VECTOR('',#4858,1.);
#4858 = DIRECTION('',(-1.,0.,0.));
#4859 = PLANE('',#4860);
#4860 = AXIS2_PLACEMENT_3D('',#4861,#4862,#4863);
#4861 = CARTESIAN_POINT('',(62.05,35.875,1.));
#4862 = DIRECTION('',(0.,1.,0.));
#4863 = DIRECTION('',(-1.,0.,0.));
#4864 = ADVANCED_FACE('',(#4865),#4883,.T.);
#4865 = FACE_BOUND('',#4866,.T.);
#4866 = EDGE_LOOP('',(#4867,#4868,#4869,#4877));
#4867 = ORIENTED_EDGE('',*,*,#4822,.T.);
#4868 = ORIENTED_EDGE('',*,*,#217,.T.);
#4869 = ORIENTED_EDGE('',*,*,#4870,.F.);
#4870 = EDGE_CURVE('',#4871,#218,#4873,.T.);
#4871 = VERTEX_POINT('',#4872);
#4872 = CARTESIAN_POINT('',(76.05,35.875,1.));
#4873 = LINE('',#4874,#4875);
#4874 = CARTESIAN_POINT('',(76.05,35.875,1.));
#4875 = VECTOR('',#4876,1.);
#4876 = DIRECTION('',(-0.,-0.,-1.));
#4877 = ORIENTED_EDGE('',*,*,#4878,.F.);
#4878 = EDGE_CURVE('',#4823,#4871,#4879,.T.);
#4879 = LINE('',#4880,#4881);
#4880 = CARTESIAN_POINT('',(76.05,40.575,1.));
#4881 = VECTOR('',#4882,1.);
#4882 = DIRECTION('',(0.,-1.,0.));
#4883 = PLANE('',#4884);
#4884 = AXIS2_PLACEMENT_3D('',#4885,#4886,#4887);
#4885 = CARTESIAN_POINT('',(76.05,40.575,1.));
#4886 = DIRECTION('',(-1.,0.,0.));
#4887 = DIRECTION('',(0.,-1.,0.));
#4888 = ADVANCED_FACE('',(#4889),#4907,.F.);
#4889 = FACE_BOUND('',#4890,.F.);
#4890 = EDGE_LOOP('',(#4891,#4892,#4893,#4901));
#4891 = ORIENTED_EDGE('',*,*,#4846,.T.);
#4892 = ORIENTED_EDGE('',*,*,#473,.T.);
#4893 = ORIENTED_EDGE('',*,*,#4894,.F.);
#4894 = EDGE_CURVE('',#4895,#466,#4897,.T.);
#4895 = VERTEX_POINT('',#4896);
#4896 = CARTESIAN_POINT('',(60.525,39.105,1.));
#4897 = LINE('',#4898,#4899);
#4898 = CARTESIAN_POINT('',(60.525,39.105,1.));
#4899 = VECTOR('',#4900,1.);
#4900 = DIRECTION('',(-0.,-0.,-1.));
#4901 = ORIENTED_EDGE('',*,*,#4902,.F.);
#4902 = EDGE_CURVE('',#4847,#4895,#4903,.T.);
#4903 = LINE('',#4904,#4905);
#4904 = CARTESIAN_POINT('',(60.525,35.875,1.));
#4905 = VECTOR('',#4906,1.);
#4906 = DIRECTION('',(0.,1.,0.));
#4907 = PLANE('',#4908);
#4908 = AXIS2_PLACEMENT_3D('',#4909,#4910,#4911);
#4909 = CARTESIAN_POINT('',(60.525,35.875,1.));
#4910 = DIRECTION('',(1.,0.,0.));
#4911 = DIRECTION('',(0.,1.,0.));
#4912 = ADVANCED_FACE('',(#4913),#4931,.T.);
#4913 = FACE_BOUND('',#4914,.T.);
#4914 = EDGE_LOOP('',(#4915,#4916,#4917,#4925));
#4915 = ORIENTED_EDGE('',*,*,#4870,.T.);
#4916 = ORIENTED_EDGE('',*,*,#225,.T.);
#4917 = ORIENTED_EDGE('',*,*,#4918,.F.);
#4918 = EDGE_CURVE('',#4919,#226,#4921,.T.);
#4919 = VERTEX_POINT('',#4920);
#4920 = CARTESIAN_POINT('',(77.575,35.875,1.));
#4921 = LINE('',#4922,#4923);
#4922 = CARTESIAN_POINT('',(77.575,35.875,1.));
#4923 = VECTOR('',#4924,1.);
#4924 = DIRECTION('',(-0.,-0.,-1.));
#4925 = ORIENTED_EDGE('',*,*,#4926,.F.);
#4926 = EDGE_CURVE('',#4871,#4919,#4927,.T.);
#4927 = LINE('',#4928,#4929);
#4928 = CARTESIAN_POINT('',(76.05,35.875,1.));
#4929 = VECTOR('',#4930,1.);
#4930 = DIRECTION('',(1.,0.,0.));
#4931 = PLANE('',#4932);
#4932 = AXIS2_PLACEMENT_3D('',#4933,#4934,#4935);
#4933 = CARTESIAN_POINT('',(76.05,35.875,1.));
#4934 = DIRECTION('',(0.,-1.,0.));
#4935 = DIRECTION('',(1.,0.,0.));
#4936 = ADVANCED_FACE('',(#4937),#4955,.T.);
#4937 = FACE_BOUND('',#4938,.T.);
#4938 = EDGE_LOOP('',(#4939,#4947,#4948,#4949));
#4939 = ORIENTED_EDGE('',*,*,#4940,.T.);
#4940 = EDGE_CURVE('',#4941,#458,#4943,.T.);
#4941 = VERTEX_POINT('',#4942);
#4942 = CARTESIAN_POINT('',(53.775,39.105,1.));
#4943 = LINE('',#4944,#4945);
#4944 = CARTESIAN_POINT('',(53.775,39.105,1.));
#4945 = VECTOR('',#4946,1.);
#4946 = DIRECTION('',(-0.,-0.,-1.));
#4947 = ORIENTED_EDGE('',*,*,#465,.T.);
#4948 = ORIENTED_EDGE('',*,*,#4894,.F.);
#4949 = ORIENTED_EDGE('',*,*,#4950,.F.);
#4950 = EDGE_CURVE('',#4941,#4895,#4951,.T.);
#4951 = LINE('',#4952,#4953);
#4952 = CARTESIAN_POINT('',(53.775,39.105,1.));
#4953 = VECTOR('',#4954,1.);
#4954 = DIRECTION('',(1.,0.,0.));
#4955 = PLANE('',#4956);
#4956 = AXIS2_PLACEMENT_3D('',#4957,#4958,#4959);
#4957 = CARTESIAN_POINT('',(53.775,39.105,1.));
#4958 = DIRECTION('',(0.,-1.,0.));
#4959 = DIRECTION('',(1.,0.,0.));
#4960 = ADVANCED_FACE('',(#4961),#4979,.T.);
#4961 = FACE_BOUND('',#4962,.T.);
#4962 = EDGE_LOOP('',(#4963,#4964,#4965,#4973));
#4963 = ORIENTED_EDGE('',*,*,#4918,.T.);
#4964 = ORIENTED_EDGE('',*,*,#233,.T.);
#4965 = ORIENTED_EDGE('',*,*,#4966,.F.);
#4966 = EDGE_CURVE('',#4967,#234,#4969,.T.);
#4967 = VERTEX_POINT('',#4968);
#4968 = CARTESIAN_POINT('',(77.575,39.105,1.));
#4969 = LINE('',#4970,#4971);
#4970 = CARTESIAN_POINT('',(77.575,39.105,1.));
#4971 = VECTOR('',#4972,1.);
#4972 = DIRECTION('',(-0.,-0.,-1.));
#4973 = ORIENTED_EDGE('',*,*,#4974,.F.);
#4974 = EDGE_CURVE('',#4919,#4967,#4975,.T.);
#4975 = LINE('',#4976,#4977);
#4976 = CARTESIAN_POINT('',(77.575,35.875,1.));
#4977 = VECTOR('',#4978,1.);
#4978 = DIRECTION('',(0.,1.,0.));
#4979 = PLANE('',#4980);
#4980 = AXIS2_PLACEMENT_3D('',#4981,#4982,#4983);
#4981 = CARTESIAN_POINT('',(77.575,35.875,1.));
#4982 = DIRECTION('',(1.,0.,0.));
#4983 = DIRECTION('',(0.,1.,0.));
#4984 = ADVANCED_FACE('',(#4985),#5003,.F.);
#4985 = FACE_BOUND('',#4986,.F.);
#4986 = EDGE_LOOP('',(#4987,#4988,#4989,#4997));
#4987 = ORIENTED_EDGE('',*,*,#4940,.T.);
#4988 = ORIENTED_EDGE('',*,*,#457,.T.);
#4989 = ORIENTED_EDGE('',*,*,#4990,.F.);
#4990 = EDGE_CURVE('',#4991,#450,#4993,.T.);
#4991 = VERTEX_POINT('',#4992);
#4992 = CARTESIAN_POINT('',(53.775,35.875,1.));
#4993 = LINE('',#4994,#4995);
#4994 = CARTESIAN_POINT('',(53.775,35.875,1.));
#4995 = VECTOR('',#4996,1.);
#4996 = DIRECTION('',(-0.,-0.,-1.));
#4997 = ORIENTED_EDGE('',*,*,#4998,.F.);
#4998 = EDGE_CURVE('',#4941,#4991,#4999,.T.);
#4999 = LINE('',#5000,#5001);
#5000 = CARTESIAN_POINT('',(53.775,39.105,1.));
#5001 = VECTOR('',#5002,1.);
#5002 = DIRECTION('',(0.,-1.,0.));
#5003 = PLANE('',#5004);
#5004 = AXIS2_PLACEMENT_3D('',#5005,#5006,#5007);
#5005 = CARTESIAN_POINT('',(53.775,39.105,1.));
#5006 = DIRECTION('',(-1.,0.,0.));
#5007 = DIRECTION('',(0.,-1.,0.));
#5008 = ADVANCED_FACE('',(#5009),#5027,.T.);
#5009 = FACE_BOUND('',#5010,.T.);
#5010 = EDGE_LOOP('',(#5011,#5012,#5013,#5021));
#5011 = ORIENTED_EDGE('',*,*,#4966,.T.);
#5012 = ORIENTED_EDGE('',*,*,#241,.T.);
#5013 = ORIENTED_EDGE('',*,*,#5014,.F.);
#5014 = EDGE_CURVE('',#5015,#242,#5017,.T.);
#5015 = VERTEX_POINT('',#5016);
#5016 = CARTESIAN_POINT('',(84.325,39.105,1.));
#5017 = LINE('',#5018,#5019);
#5018 = CARTESIAN_POINT('',(84.325,39.105,1.));
#5019 = VECTOR('',#5020,1.);
#5020 = DIRECTION('',(-0.,-0.,-1.));
#5021 = ORIENTED_EDGE('',*,*,#5022,.F.);
#5022 = EDGE_CURVE('',#4967,#5015,#5023,.T.);
#5023 = LINE('',#5024,#5025);
#5024 = CARTESIAN_POINT('',(77.575,39.105,1.));
#5025 = VECTOR('',#5026,1.);
#5026 = DIRECTION('',(1.,0.,0.));
#5027 = PLANE('',#5028);
#5028 = AXIS2_PLACEMENT_3D('',#5029,#5030,#5031);
#5029 = CARTESIAN_POINT('',(77.575,39.105,1.));
#5030 = DIRECTION('',(0.,-1.,0.));
#5031 = DIRECTION('',(1.,0.,0.));
#5032 = ADVANCED_FACE('',(#5033),#5051,.F.);
#5033 = FACE_BOUND('',#5034,.F.);
#5034 = EDGE_LOOP('',(#5035,#5036,#5037,#5045));
#5035 = ORIENTED_EDGE('',*,*,#4990,.T.);
#5036 = ORIENTED_EDGE('',*,*,#449,.T.);
#5037 = ORIENTED_EDGE('',*,*,#5038,.F.);
#5038 = EDGE_CURVE('',#5039,#442,#5041,.T.);
#5039 = VERTEX_POINT('',#5040);
#5040 = CARTESIAN_POINT('',(52.95,35.875,1.));
#5041 = LINE('',#5042,#5043);
#5042 = CARTESIAN_POINT('',(52.95,35.875,1.));
#5043 = VECTOR('',#5044,1.);
#5044 = DIRECTION('',(-0.,-0.,-1.));
#5045 = ORIENTED_EDGE('',*,*,#5046,.F.);
#5046 = EDGE_CURVE('',#4991,#5039,#5047,.T.);
#5047 = LINE('',#5048,#5049);
#5048 = CARTESIAN_POINT('',(53.775,35.875,1.));
#5049 = VECTOR('',#5050,1.);
#5050 = DIRECTION('',(-1.,0.,0.));
#5051 = PLANE('',#5052);
#5052 = AXIS2_PLACEMENT_3D('',#5053,#5054,#5055);
#5053 = CARTESIAN_POINT('',(53.775,35.875,1.));
#5054 = DIRECTION('',(0.,1.,0.));
#5055 = DIRECTION('',(-1.,0.,0.));
#5056 = ADVANCED_FACE('',(#5057),#5075,.T.);
#5057 = FACE_BOUND('',#5058,.T.);
#5058 = EDGE_LOOP('',(#5059,#5060,#5061,#5069));
#5059 = ORIENTED_EDGE('',*,*,#5014,.T.);
#5060 = ORIENTED_EDGE('',*,*,#249,.T.);
#5061 = ORIENTED_EDGE('',*,*,#5062,.F.);
#5062 = EDGE_CURVE('',#5063,#250,#5065,.T.);
#5063 = VERTEX_POINT('',#5064);
#5064 = CARTESIAN_POINT('',(84.325,35.875,1.));
#5065 = LINE('',#5066,#5067);
#5066 = CARTESIAN_POINT('',(84.325,35.875,1.));
#5067 = VECTOR('',#5068,1.);
#5068 = DIRECTION('',(-0.,-0.,-1.));
#5069 = ORIENTED_EDGE('',*,*,#5070,.F.);
#5070 = EDGE_CURVE('',#5015,#5063,#5071,.T.);
#5071 = LINE('',#5072,#5073);
#5072 = CARTESIAN_POINT('',(84.325,39.105,1.));
#5073 = VECTOR('',#5074,1.);
#5074 = DIRECTION('',(0.,-1.,0.));
#5075 = PLANE('',#5076);
#5076 = AXIS2_PLACEMENT_3D('',#5077,#5078,#5079);
#5077 = CARTESIAN_POINT('',(84.325,39.105,1.));
#5078 = DIRECTION('',(-1.,0.,0.));
#5079 = DIRECTION('',(0.,-1.,0.));
#5080 = ADVANCED_FACE('',(#5081),#5099,.F.);
#5081 = FACE_BOUND('',#5082,.F.);
#5082 = EDGE_LOOP('',(#5083,#5084,#5085,#5093));
#5083 = ORIENTED_EDGE('',*,*,#5038,.T.);
#5084 = ORIENTED_EDGE('',*,*,#441,.T.);
#5085 = ORIENTED_EDGE('',*,*,#5086,.F.);
#5086 = EDGE_CURVE('',#5087,#434,#5089,.T.);
#5087 = VERTEX_POINT('',#5088);
#5088 = CARTESIAN_POINT('',(52.95,33.075,1.));
#5089 = LINE('',#5090,#5091);
#5090 = CARTESIAN_POINT('',(52.95,33.075,1.));
#5091 = VECTOR('',#5092,1.);
#5092 = DIRECTION('',(-0.,-0.,-1.));
#5093 = ORIENTED_EDGE('',*,*,#5094,.F.);
#5094 = EDGE_CURVE('',#5039,#5087,#5095,.T.);
#5095 = LINE('',#5096,#5097);
#5096 = CARTESIAN_POINT('',(52.95,35.875,1.));
#5097 = VECTOR('',#5098,1.);
#5098 = DIRECTION('',(0.,-1.,0.));
#5099 = PLANE('',#5100);
#5100 = AXIS2_PLACEMENT_3D('',#5101,#5102,#5103);
#5101 = CARTESIAN_POINT('',(52.95,35.875,1.));
#5102 = DIRECTION('',(-1.,0.,0.));
#5103 = DIRECTION('',(0.,-1.,0.));
#5104 = ADVANCED_FACE('',(#5105),#5123,.T.);
#5105 = FACE_BOUND('',#5106,.T.);
#5106 = EDGE_LOOP('',(#5107,#5108,#5109,#5117));
#5107 = ORIENTED_EDGE('',*,*,#5062,.T.);
#5108 = ORIENTED_EDGE('',*,*,#257,.T.);
#5109 = ORIENTED_EDGE('',*,*,#5110,.F.);
#5110 = EDGE_CURVE('',#5111,#258,#5113,.T.);
#5111 = VERTEX_POINT('',#5112);
#5112 = CARTESIAN_POINT('',(85.15,35.875,1.));
#5113 = LINE('',#5114,#5115);
#5114 = CARTESIAN_POINT('',(85.15,35.875,1.));
#5115 = VECTOR('',#5116,1.);
#5116 = DIRECTION('',(-0.,-0.,-1.));
#5117 = ORIENTED_EDGE('',*,*,#5118,.F.);
#5118 = EDGE_CURVE('',#5063,#5111,#5119,.T.);
#5119 = LINE('',#5120,#5121);
#5120 = CARTESIAN_POINT('',(84.325,35.875,1.));
#5121 = VECTOR('',#5122,1.);
#5122 = DIRECTION('',(1.,0.,0.));
#5123 = PLANE('',#5124);
#5124 = AXIS2_PLACEMENT_3D('',#5125,#5126,#5127);
#5125 = CARTESIAN_POINT('',(84.325,35.875,1.));
#5126 = DIRECTION('',(0.,-1.,0.));
#5127 = DIRECTION('',(1.,0.,0.));
#5128 = ADVANCED_FACE('',(#5129),#5147,.F.);
#5129 = FACE_BOUND('',#5130,.F.);
#5130 = EDGE_LOOP('',(#5131,#5132,#5133,#5141));
#5131 = ORIENTED_EDGE('',*,*,#5086,.T.);
#5132 = ORIENTED_EDGE('',*,*,#433,.T.);
#5133 = ORIENTED_EDGE('',*,*,#5134,.F.);
#5134 = EDGE_CURVE('',#5135,#426,#5137,.T.);
#5135 = VERTEX_POINT('',#5136);
#5136 = CARTESIAN_POINT('',(53.775,33.075,1.));
#5137 = LINE('',#5138,#5139);
#5138 = CARTESIAN_POINT('',(53.775,33.075,1.));
#5139 = VECTOR('',#5140,1.);
#5140 = DIRECTION('',(-0.,-0.,-1.));
#5141 = ORIENTED_EDGE('',*,*,#5142,.F.);
#5142 = EDGE_CURVE('',#5087,#5135,#5143,.T.);
#5143 = LINE('',#5144,#5145);
#5144 = CARTESIAN_POINT('',(52.95,33.075,1.));
#5145 = VECTOR('',#5146,1.);
#5146 = DIRECTION('',(1.,0.,0.));
#5147 = PLANE('',#5148);
#5148 = AXIS2_PLACEMENT_3D('',#5149,#5150,#5151);
#5149 = CARTESIAN_POINT('',(52.95,33.075,1.));
#5150 = DIRECTION('',(0.,-1.,0.));
#5151 = DIRECTION('',(1.,0.,0.));
#5152 = ADVANCED_FACE('',(#5153),#5171,.T.);
#5153 = FACE_BOUND('',#5154,.T.);
#5154 = EDGE_LOOP('',(#5155,#5156,#5157,#5165));
#5155 = ORIENTED_EDGE('',*,*,#5110,.T.);
#5156 = ORIENTED_EDGE('',*,*,#265,.T.);
#5157 = ORIENTED_EDGE('',*,*,#5158,.F.);
#5158 = EDGE_CURVE('',#5159,#266,#5161,.T.);
#5159 = VERTEX_POINT('',#5160);
#5160 = CARTESIAN_POINT('',(85.15,33.075,1.));
#5161 = LINE('',#5162,#5163);
#5162 = CARTESIAN_POINT('',(85.15,33.075,1.));
#5163 = VECTOR('',#5164,1.);
#5164 = DIRECTION('',(-0.,-0.,-1.));
#5165 = ORIENTED_EDGE('',*,*,#5166,.F.);
#5166 = EDGE_CURVE('',#5111,#5159,#5167,.T.);
#5167 = LINE('',#5168,#5169);
#5168 = CARTESIAN_POINT('',(85.15,35.875,1.));
#5169 = VECTOR('',#5170,1.);
#5170 = DIRECTION('',(0.,-1.,0.));
#5171 = PLANE('',#5172);
#5172 = AXIS2_PLACEMENT_3D('',#5173,#5174,#5175);
#5173 = CARTESIAN_POINT('',(85.15,35.875,1.));
#5174 = DIRECTION('',(-1.,0.,0.));
#5175 = DIRECTION('',(0.,-1.,0.));
#5176 = ADVANCED_FACE('',(#5177),#5195,.F.);
#5177 = FACE_BOUND('',#5178,.F.);
#5178 = EDGE_LOOP('',(#5179,#5180,#5181,#5189));
#5179 = ORIENTED_EDGE('',*,*,#5134,.T.);
#5180 = ORIENTED_EDGE('',*,*,#425,.T.);
#5181 = ORIENTED_EDGE('',*,*,#5182,.F.);
#5182 = EDGE_CURVE('',#5183,#418,#5185,.T.);
#5183 = VERTEX_POINT('',#5184);
#5184 = CARTESIAN_POINT('',(53.775,26.805,1.));
#5185 = LINE('',#5186,#5187);
#5186 = CARTESIAN_POINT('',(53.775,26.805,1.));
#5187 = VECTOR('',#5188,1.);
#5188 = DIRECTION('',(-0.,-0.,-1.));
#5189 = ORIENTED_EDGE('',*,*,#5190,.F.);
#5190 = EDGE_CURVE('',#5135,#5183,#5191,.T.);
#5191 = LINE('',#5192,#5193);
#5192 = CARTESIAN_POINT('',(53.775,33.075,1.));
#5193 = VECTOR('',#5194,1.);
#5194 = DIRECTION('',(0.,-1.,0.));
#5195 = PLANE('',#5196);
#5196 = AXIS2_PLACEMENT_3D('',#5197,#5198,#5199);
#5197 = CARTESIAN_POINT('',(53.775,33.075,1.));
#5198 = DIRECTION('',(-1.,0.,0.));
#5199 = DIRECTION('',(0.,-1.,0.));
#5200 = ADVANCED_FACE('',(#5201),#5219,.T.);
#5201 = FACE_BOUND('',#5202,.T.);
#5202 = EDGE_LOOP('',(#5203,#5204,#5205,#5213));
#5203 = ORIENTED_EDGE('',*,*,#5158,.T.);
#5204 = ORIENTED_EDGE('',*,*,#273,.T.);
#5205 = ORIENTED_EDGE('',*,*,#5206,.F.);
#5206 = EDGE_CURVE('',#5207,#274,#5209,.T.);
#5207 = VERTEX_POINT('',#5208);
#5208 = CARTESIAN_POINT('',(84.325,33.075,1.));
#5209 = LINE('',#5210,#5211);
#5210 = CARTESIAN_POINT('',(84.325,33.075,1.));
#5211 = VECTOR('',#5212,1.);
#5212 = DIRECTION('',(-0.,-0.,-1.));
#5213 = ORIENTED_EDGE('',*,*,#5214,.F.);
#5214 = EDGE_CURVE('',#5159,#5207,#5215,.T.);
#5215 = LINE('',#5216,#5217);
#5216 = CARTESIAN_POINT('',(85.15,33.075,1.));
#5217 = VECTOR('',#5218,1.);
#5218 = DIRECTION('',(-1.,0.,0.));
#5219 = PLANE('',#5220);
#5220 = AXIS2_PLACEMENT_3D('',#5221,#5222,#5223);
#5221 = CARTESIAN_POINT('',(85.15,33.075,1.));
#5222 = DIRECTION('',(0.,1.,0.));
#5223 = DIRECTION('',(-1.,0.,0.));
#5224 = ADVANCED_FACE('',(#5225),#5243,.F.);
#5225 = FACE_BOUND('',#5226,.F.);
#5226 = EDGE_LOOP('',(#5227,#5228,#5229,#5237));
#5227 = ORIENTED_EDGE('',*,*,#5182,.T.);
#5228 = ORIENTED_EDGE('',*,*,#417,.T.);
#5229 = ORIENTED_EDGE('',*,*,#5230,.F.);
#5230 = EDGE_CURVE('',#5231,#410,#5233,.T.);
#5231 = VERTEX_POINT('',#5232);
#5232 = CARTESIAN_POINT('',(55.5,26.805,1.));
#5233 = LINE('',#5234,#5235);
#5234 = CARTESIAN_POINT('',(55.5,26.805,1.));
#5235 = VECTOR('',#5236,1.);
#5236 = DIRECTION('',(-0.,-0.,-1.));
#5237 = ORIENTED_EDGE('',*,*,#5238,.F.);
#5238 = EDGE_CURVE('',#5183,#5231,#5239,.T.);
#5239 = LINE('',#5240,#5241);
#5240 = CARTESIAN_POINT('',(53.775,26.805,1.));
#5241 = VECTOR('',#5242,1.);
#5242 = DIRECTION('',(1.,0.,0.));
#5243 = PLANE('',#5244);
#5244 = AXIS2_PLACEMENT_3D('',#5245,#5246,#5247);
#5245 = CARTESIAN_POINT('',(53.775,26.805,1.));
#5246 = DIRECTION('',(0.,-1.,0.));
#5247 = DIRECTION('',(1.,0.,0.));
#5248 = ADVANCED_FACE('',(#5249),#5267,.T.);
#5249 = FACE_BOUND('',#5250,.T.);
#5250 = EDGE_LOOP('',(#5251,#5252,#5253,#5261));
#5251 = ORIENTED_EDGE('',*,*,#5206,.T.);
#5252 = ORIENTED_EDGE('',*,*,#281,.T.);
#5253 = ORIENTED_EDGE('',*,*,#5254,.F.);
#5254 = EDGE_CURVE('',#5255,#282,#5257,.T.);
#5255 = VERTEX_POINT('',#5256);
#5256 = CARTESIAN_POINT('',(84.325,26.805,1.));
#5257 = LINE('',#5258,#5259);
#5258 = CARTESIAN_POINT('',(84.325,26.805,1.));
#5259 = VECTOR('',#5260,1.);
#5260 = DIRECTION('',(-0.,-0.,-1.));
#5261 = ORIENTED_EDGE('',*,*,#5262,.F.);
#5262 = EDGE_CURVE('',#5207,#5255,#5263,.T.);
#5263 = LINE('',#5264,#5265);
#5264 = CARTESIAN_POINT('',(84.325,33.075,1.));
#5265 = VECTOR('',#5266,1.);
#5266 = DIRECTION('',(0.,-1.,0.));
#5267 = PLANE('',#5268);
#5268 = AXIS2_PLACEMENT_3D('',#5269,#5270,#5271);
#5269 = CARTESIAN_POINT('',(84.325,33.075,1.));
#5270 = DIRECTION('',(-1.,0.,0.));
#5271 = DIRECTION('',(0.,-1.,0.));
#5272 = ADVANCED_FACE('',(#5273),#5291,.F.);
#5273 = FACE_BOUND('',#5274,.F.);
#5274 = EDGE_LOOP('',(#5275,#5276,#5277,#5285));
#5275 = ORIENTED_EDGE('',*,*,#5230,.T.);
#5276 = ORIENTED_EDGE('',*,*,#409,.T.);
#5277 = ORIENTED_EDGE('',*,*,#5278,.F.);
#5278 = EDGE_CURVE('',#5279,#402,#5281,.T.);
#5279 = VERTEX_POINT('',#5280);
#5280 = CARTESIAN_POINT('',(55.5,25.605,1.));
#5281 = LINE('',#5282,#5283);
#5282 = CARTESIAN_POINT('',(55.5,25.605,1.));
#5283 = VECTOR('',#5284,1.);
#5284 = DIRECTION('',(-0.,-0.,-1.));
#5285 = ORIENTED_EDGE('',*,*,#5286,.F.);
#5286 = EDGE_CURVE('',#5231,#5279,#5287,.T.);
#5287 = LINE('',#5288,#5289);
#5288 = CARTESIAN_POINT('',(55.5,26.805,1.));
#5289 = VECTOR('',#5290,1.);
#5290 = DIRECTION('',(0.,-1.,0.));
#5291 = PLANE('',#5292);
#5292 = AXIS2_PLACEMENT_3D('',#5293,#5294,#5295);
#5293 = CARTESIAN_POINT('',(55.5,26.805,1.));
#5294 = DIRECTION('',(-1.,0.,0.));
#5295 = DIRECTION('',(0.,-1.,0.));
#5296 = ADVANCED_FACE('',(#5297),#5315,.T.);
#5297 = FACE_BOUND('',#5298,.T.);
#5298 = EDGE_LOOP('',(#5299,#5300,#5301,#5309));
#5299 = ORIENTED_EDGE('',*,*,#5254,.T.);
#5300 = ORIENTED_EDGE('',*,*,#289,.T.);
#5301 = ORIENTED_EDGE('',*,*,#5302,.F.);
#5302 = EDGE_CURVE('',#5303,#290,#5305,.T.);
#5303 = VERTEX_POINT('',#5304);
#5304 = CARTESIAN_POINT('',(82.6,26.805,1.));
#5305 = LINE('',#5306,#5307);
#5306 = CARTESIAN_POINT('',(82.6,26.805,1.));
#5307 = VECTOR('',#5308,1.);
#5308 = DIRECTION('',(-0.,-0.,-1.));
#5309 = ORIENTED_EDGE('',*,*,#5310,.F.);
#5310 = EDGE_CURVE('',#5255,#5303,#5311,.T.);
#5311 = LINE('',#5312,#5313);
#5312 = CARTESIAN_POINT('',(84.325,26.805,1.));
#5313 = VECTOR('',#5314,1.);
#5314 = DIRECTION('',(-1.,0.,0.));
#5315 = PLANE('',#5316);
#5316 = AXIS2_PLACEMENT_3D('',#5317,#5318,#5319);
#5317 = CARTESIAN_POINT('',(84.325,26.805,1.));
#5318 = DIRECTION('',(0.,1.,0.));
#5319 = DIRECTION('',(-1.,0.,0.));
#5320 = ADVANCED_FACE('',(#5321),#5339,.F.);
#5321 = FACE_BOUND('',#5322,.F.);
#5322 = EDGE_LOOP('',(#5323,#5324,#5325,#5333));
#5323 = ORIENTED_EDGE('',*,*,#5278,.T.);
#5324 = ORIENTED_EDGE('',*,*,#401,.T.);
#5325 = ORIENTED_EDGE('',*,*,#5326,.F.);
#5326 = EDGE_CURVE('',#5327,#394,#5329,.T.);
#5327 = VERTEX_POINT('',#5328);
#5328 = CARTESIAN_POINT('',(58.8,25.605,1.));
#5329 = LINE('',#5330,#5331);
#5330 = CARTESIAN_POINT('',(58.8,25.605,1.));
#5331 = VECTOR('',#5332,1.);
#5332 = DIRECTION('',(-0.,-0.,-1.));
#5333 = ORIENTED_EDGE('',*,*,#5334,.F.);
#5334 = EDGE_CURVE('',#5279,#5327,#5335,.T.);
#5335 = LINE('',#5336,#5337);
#5336 = CARTESIAN_POINT('',(55.5,25.605,1.));
#5337 = VECTOR('',#5338,1.);
#5338 = DIRECTION('',(1.,0.,0.));
#5339 = PLANE('',#5340);
#5340 = AXIS2_PLACEMENT_3D('',#5341,#5342,#5343);
#5341 = CARTESIAN_POINT('',(55.5,25.605,1.));
#5342 = DIRECTION('',(0.,-1.,0.));
#5343 = DIRECTION('',(1.,0.,0.));
#5344 = ADVANCED_FACE('',(#5345),#5363,.T.);
#5345 = FACE_BOUND('',#5346,.T.);
#5346 = EDGE_LOOP('',(#5347,#5348,#5349,#5357));
#5347 = ORIENTED_EDGE('',*,*,#5302,.T.);
#5348 = ORIENTED_EDGE('',*,*,#297,.T.);
#5349 = ORIENTED_EDGE('',*,*,#5350,.F.);
#5350 = EDGE_CURVE('',#5351,#298,#5353,.T.);
#5351 = VERTEX_POINT('',#5352);
#5352 = CARTESIAN_POINT('',(82.6,25.605,1.));
#5353 = LINE('',#5354,#5355);
#5354 = CARTESIAN_POINT('',(82.6,25.605,1.));
#5355 = VECTOR('',#5356,1.);
#5356 = DIRECTION('',(-0.,-0.,-1.));
#5357 = ORIENTED_EDGE('',*,*,#5358,.F.);
#5358 = EDGE_CURVE('',#5303,#5351,#5359,.T.);
#5359 = LINE('',#5360,#5361);
#5360 = CARTESIAN_POINT('',(82.6,26.805,1.));
#5361 = VECTOR('',#5362,1.);
#5362 = DIRECTION('',(0.,-1.,0.));
#5363 = PLANE('',#5364);
#5364 = AXIS2_PLACEMENT_3D('',#5365,#5366,#5367);
#5365 = CARTESIAN_POINT('',(82.6,26.805,1.));
#5366 = DIRECTION('',(-1.,0.,0.));
#5367 = DIRECTION('',(0.,-1.,0.));
#5368 = ADVANCED_FACE('',(#5369),#5387,.F.);
#5369 = FACE_BOUND('',#5370,.F.);
#5370 = EDGE_LOOP('',(#5371,#5372,#5373,#5381));
#5371 = ORIENTED_EDGE('',*,*,#5326,.T.);
#5372 = ORIENTED_EDGE('',*,*,#393,.T.);
#5373 = ORIENTED_EDGE('',*,*,#5374,.F.);
#5374 = EDGE_CURVE('',#5375,#386,#5377,.T.);
#5375 = VERTEX_POINT('',#5376);
#5376 = CARTESIAN_POINT('',(58.8,26.805,1.));
#5377 = LINE('',#5378,#5379);
#5378 = CARTESIAN_POINT('',(58.8,26.805,1.));
#5379 = VECTOR('',#5380,1.);
#5380 = DIRECTION('',(-0.,-0.,-1.));
#5381 = ORIENTED_EDGE('',*,*,#5382,.F.);
#5382 = EDGE_CURVE('',#5327,#5375,#5383,.T.);
#5383 = LINE('',#5384,#5385);
#5384 = CARTESIAN_POINT('',(58.8,25.605,1.));
#5385 = VECTOR('',#5386,1.);
#5386 = DIRECTION('',(0.,1.,0.));
#5387 = PLANE('',#5388);
#5388 = AXIS2_PLACEMENT_3D('',#5389,#5390,#5391);
#5389 = CARTESIAN_POINT('',(58.8,25.605,1.));
#5390 = DIRECTION('',(1.,0.,0.));
#5391 = DIRECTION('',(0.,1.,0.));
#5392 = ADVANCED_FACE('',(#5393),#5411,.T.);
#5393 = FACE_BOUND('',#5394,.T.);
#5394 = EDGE_LOOP('',(#5395,#5396,#5397,#5405));
#5395 = ORIENTED_EDGE('',*,*,#5350,.T.);
#5396 = ORIENTED_EDGE('',*,*,#305,.T.);
#5397 = ORIENTED_EDGE('',*,*,#5398,.F.);
#5398 = EDGE_CURVE('',#5399,#306,#5401,.T.);
#5399 = VERTEX_POINT('',#5400);
#5400 = CARTESIAN_POINT('',(79.3,25.605,1.));
#5401 = LINE('',#5402,#5403);
#5402 = CARTESIAN_POINT('',(79.3,25.605,1.));
#5403 = VECTOR('',#5404,1.);
#5404 = DIRECTION('',(-0.,-0.,-1.));
#5405 = ORIENTED_EDGE('',*,*,#5406,.F.);
#5406 = EDGE_CURVE('',#5351,#5399,#5407,.T.);
#5407 = LINE('',#5408,#5409);
#5408 = CARTESIAN_POINT('',(82.6,25.605,1.));
#5409 = VECTOR('',#5410,1.);
#5410 = DIRECTION('',(-1.,0.,0.));
#5411 = PLANE('',#5412);
#5412 = AXIS2_PLACEMENT_3D('',#5413,#5414,#5415);
#5413 = CARTESIAN_POINT('',(82.6,25.605,1.));
#5414 = DIRECTION('',(0.,1.,0.));
#5415 = DIRECTION('',(-1.,0.,0.));
#5416 = ADVANCED_FACE('',(#5417),#5435,.F.);
#5417 = FACE_BOUND('',#5418,.F.);
#5418 = EDGE_LOOP('',(#5419,#5420,#5421,#5429));
#5419 = ORIENTED_EDGE('',*,*,#5374,.T.);
#5420 = ORIENTED_EDGE('',*,*,#385,.T.);
#5421 = ORIENTED_EDGE('',*,*,#5422,.F.);
#5422 = EDGE_CURVE('',#5423,#378,#5425,.T.);
#5423 = VERTEX_POINT('',#5424);
#5424 = CARTESIAN_POINT('',(60.525,26.805,1.));
#5425 = LINE('',#5426,#5427);
#5426 = CARTESIAN_POINT('',(60.525,26.805,1.));
#5427 = VECTOR('',#5428,1.);
#5428 = DIRECTION('',(-0.,-0.,-1.));
#5429 = ORIENTED_EDGE('',*,*,#5430,.F.);
#5430 = EDGE_CURVE('',#5375,#5423,#5431,.T.);
#5431 = LINE('',#5432,#5433);
#5432 = CARTESIAN_POINT('',(58.8,26.805,1.));
#5433 = VECTOR('',#5434,1.);
#5434 = DIRECTION('',(1.,0.,0.));
#5435 = PLANE('',#5436);
#5436 = AXIS2_PLACEMENT_3D('',#5437,#5438,#5439);
#5437 = CARTESIAN_POINT('',(58.8,26.805,1.));
#5438 = DIRECTION('',(0.,-1.,0.));
#5439 = DIRECTION('',(1.,0.,0.));
#5440 = ADVANCED_FACE('',(#5441),#5459,.T.);
#5441 = FACE_BOUND('',#5442,.T.);
#5442 = EDGE_LOOP('',(#5443,#5444,#5445,#5453));
#5443 = ORIENTED_EDGE('',*,*,#5398,.T.);
#5444 = ORIENTED_EDGE('',*,*,#313,.T.);
#5445 = ORIENTED_EDGE('',*,*,#5446,.F.);
#5446 = EDGE_CURVE('',#5447,#314,#5449,.T.);
#5447 = VERTEX_POINT('',#5448);
#5448 = CARTESIAN_POINT('',(79.3,26.805,1.));
#5449 = LINE('',#5450,#5451);
#5450 = CARTESIAN_POINT('',(79.3,26.805,1.));
#5451 = VECTOR('',#5452,1.);
#5452 = DIRECTION('',(-0.,-0.,-1.));
#5453 = ORIENTED_EDGE('',*,*,#5454,.F.);
#5454 = EDGE_CURVE('',#5399,#5447,#5455,.T.);
#5455 = LINE('',#5456,#5457);
#5456 = CARTESIAN_POINT('',(79.3,25.605,1.));
#5457 = VECTOR('',#5458,1.);
#5458 = DIRECTION('',(0.,1.,0.));
#5459 = PLANE('',#5460);
#5460 = AXIS2_PLACEMENT_3D('',#5461,#5462,#5463);
#5461 = CARTESIAN_POINT('',(79.3,25.605,1.));
#5462 = DIRECTION('',(1.,0.,0.));
#5463 = DIRECTION('',(0.,1.,0.));
#5464 = ADVANCED_FACE('',(#5465),#5483,.F.);
#5465 = FACE_BOUND('',#5466,.F.);
#5466 = EDGE_LOOP('',(#5467,#5468,#5469,#5477));
#5467 = ORIENTED_EDGE('',*,*,#5422,.T.);
#5468 = ORIENTED_EDGE('',*,*,#377,.T.);
#5469 = ORIENTED_EDGE('',*,*,#5470,.F.);
#5470 = EDGE_CURVE('',#5471,#370,#5473,.T.);
#5471 = VERTEX_POINT('',#5472);
#5472 = CARTESIAN_POINT('',(60.525,31.275,1.));
#5473 = LINE('',#5474,#5475);
#5474 = CARTESIAN_POINT('',(60.525,31.275,1.));
#5475 = VECTOR('',#5476,1.);
#5476 = DIRECTION('',(-0.,-0.,-1.));
#5477 = ORIENTED_EDGE('',*,*,#5478,.F.);
#5478 = EDGE_CURVE('',#5423,#5471,#5479,.T.);
#5479 = LINE('',#5480,#5481);
#5480 = CARTESIAN_POINT('',(60.525,26.805,1.));
#5481 = VECTOR('',#5482,1.);
#5482 = DIRECTION('',(0.,1.,0.));
#5483 = PLANE('',#5484);
#5484 = AXIS2_PLACEMENT_3D('',#5485,#5486,#5487);
#5485 = CARTESIAN_POINT('',(60.525,26.805,1.));
#5486 = DIRECTION('',(1.,0.,0.));
#5487 = DIRECTION('',(0.,1.,0.));
#5488 = ADVANCED_FACE('',(#5489),#5507,.T.);
#5489 = FACE_BOUND('',#5490,.T.);
#5490 = EDGE_LOOP('',(#5491,#5492,#5493,#5501));
#5491 = ORIENTED_EDGE('',*,*,#5446,.T.);
#5492 = ORIENTED_EDGE('',*,*,#321,.T.);
#5493 = ORIENTED_EDGE('',*,*,#5494,.F.);
#5494 = EDGE_CURVE('',#5495,#322,#5497,.T.);
#5495 = VERTEX_POINT('',#5496);
#5496 = CARTESIAN_POINT('',(77.575,26.805,1.));
#5497 = LINE('',#5498,#5499);
#5498 = CARTESIAN_POINT('',(77.575,26.805,1.));
#5499 = VECTOR('',#5500,1.);
#5500 = DIRECTION('',(-0.,-0.,-1.));
#5501 = ORIENTED_EDGE('',*,*,#5502,.F.);
#5502 = EDGE_CURVE('',#5447,#5495,#5503,.T.);
#5503 = LINE('',#5504,#5505);
#5504 = CARTESIAN_POINT('',(79.3,26.805,1.));
#5505 = VECTOR('',#5506,1.);
#5506 = DIRECTION('',(-1.,0.,0.));
#5507 = PLANE('',#5508);
#5508 = AXIS2_PLACEMENT_3D('',#5509,#5510,#5511);
#5509 = CARTESIAN_POINT('',(79.3,26.805,1.));
#5510 = DIRECTION('',(0.,1.,0.));
#5511 = DIRECTION('',(-1.,0.,0.));
#5512 = ADVANCED_FACE('',(#5513),#5531,.F.);
#5513 = FACE_BOUND('',#5514,.F.);
#5514 = EDGE_LOOP('',(#5515,#5516,#5517,#5525));
#5515 = ORIENTED_EDGE('',*,*,#5470,.T.);
#5516 = ORIENTED_EDGE('',*,*,#369,.T.);
#5517 = ORIENTED_EDGE('',*,*,#5518,.F.);
#5518 = EDGE_CURVE('',#5519,#362,#5521,.T.);
#5519 = VERTEX_POINT('',#5520);
#5520 = CARTESIAN_POINT('',(62.05,31.275,1.));
#5521 = LINE('',#5522,#5523);
#5522 = CARTESIAN_POINT('',(62.05,31.275,1.));
#5523 = VECTOR('',#5524,1.);
#5524 = DIRECTION('',(-0.,-0.,-1.));
#5525 = ORIENTED_EDGE('',*,*,#5526,.F.);
#5526 = EDGE_CURVE('',#5471,#5519,#5527,.T.);
#5527 = LINE('',#5528,#5529);
#5528 = CARTESIAN_POINT('',(60.525,31.275,1.));
#5529 = VECTOR('',#5530,1.);
#5530 = DIRECTION('',(1.,0.,0.));
#5531 = PLANE('',#5532);
#5532 = AXIS2_PLACEMENT_3D('',#5533,#5534,#5535);
#5533 = CARTESIAN_POINT('',(60.525,31.275,1.));
#5534 = DIRECTION('',(0.,-1.,0.));
#5535 = DIRECTION('',(1.,0.,0.));
#5536 = ADVANCED_FACE('',(#5537),#5555,.T.);
#5537 = FACE_BOUND('',#5538,.T.);
#5538 = EDGE_LOOP('',(#5539,#5540,#5541,#5549));
#5539 = ORIENTED_EDGE('',*,*,#5494,.T.);
#5540 = ORIENTED_EDGE('',*,*,#329,.T.);
#5541 = ORIENTED_EDGE('',*,*,#5542,.F.);
#5542 = EDGE_CURVE('',#5543,#330,#5545,.T.);
#5543 = VERTEX_POINT('',#5544);
#5544 = CARTESIAN_POINT('',(77.575,31.275,1.));
#5545 = LINE('',#5546,#5547);
#5546 = CARTESIAN_POINT('',(77.575,31.275,1.));
#5547 = VECTOR('',#5548,1.);
#5548 = DIRECTION('',(-0.,-0.,-1.));
#5549 = ORIENTED_EDGE('',*,*,#5550,.F.);
#5550 = EDGE_CURVE('',#5495,#5543,#5551,.T.);
#5551 = LINE('',#5552,#5553);
#5552 = CARTESIAN_POINT('',(77.575,26.805,1.));
#5553 = VECTOR('',#5554,1.);
#5554 = DIRECTION('',(0.,1.,0.));
#5555 = PLANE('',#5556);
#5556 = AXIS2_PLACEMENT_3D('',#5557,#5558,#5559);
#5557 = CARTESIAN_POINT('',(77.575,26.805,1.));
#5558 = DIRECTION('',(1.,0.,0.));
#5559 = DIRECTION('',(0.,1.,0.));
#5560 = ADVANCED_FACE('',(#5561),#5579,.T.);
#5561 = FACE_BOUND('',#5562,.T.);
#5562 = EDGE_LOOP('',(#5563,#5571,#5572,#5573));
#5563 = ORIENTED_EDGE('',*,*,#5564,.T.);
#5564 = EDGE_CURVE('',#5565,#354,#5567,.T.);
#5565 = VERTEX_POINT('',#5566);
#5566 = CARTESIAN_POINT('',(62.05,26.575,1.));
#5567 = LINE('',#5568,#5569);
#5568 = CARTESIAN_POINT('',(62.05,26.575,1.));
#5569 = VECTOR('',#5570,1.);
#5570 = DIRECTION('',(-0.,-0.,-1.));
#5571 = ORIENTED_EDGE('',*,*,#361,.T.);
#5572 = ORIENTED_EDGE('',*,*,#5518,.F.);
#5573 = ORIENTED_EDGE('',*,*,#5574,.F.);
#5574 = EDGE_CURVE('',#5565,#5519,#5575,.T.);
#5575 = LINE('',#5576,#5577);
#5576 = CARTESIAN_POINT('',(62.05,26.575,1.));
#5577 = VECTOR('',#5578,1.);
#5578 = DIRECTION('',(0.,1.,0.));
#5579 = PLANE('',#5580);
#5580 = AXIS2_PLACEMENT_3D('',#5581,#5582,#5583);
#5581 = CARTESIAN_POINT('',(62.05,26.575,1.));
#5582 = DIRECTION('',(1.,0.,0.));
#5583 = DIRECTION('',(0.,1.,0.));
#5584 = ADVANCED_FACE('',(#5585),#5603,.T.);
#5585 = FACE_BOUND('',#5586,.T.);
#5586 = EDGE_LOOP('',(#5587,#5588,#5589,#5597));
#5587 = ORIENTED_EDGE('',*,*,#5542,.T.);
#5588 = ORIENTED_EDGE('',*,*,#337,.T.);
#5589 = ORIENTED_EDGE('',*,*,#5590,.F.);
#5590 = EDGE_CURVE('',#5591,#338,#5593,.T.);
#5591 = VERTEX_POINT('',#5592);
#5592 = CARTESIAN_POINT('',(76.05,31.275,1.));
#5593 = LINE('',#5594,#5595);
#5594 = CARTESIAN_POINT('',(76.05,31.275,1.));
#5595 = VECTOR('',#5596,1.);
#5596 = DIRECTION('',(-0.,-0.,-1.));
#5597 = ORIENTED_EDGE('',*,*,#5598,.F.);
#5598 = EDGE_CURVE('',#5543,#5591,#5599,.T.);
#5599 = LINE('',#5600,#5601);
#5600 = CARTESIAN_POINT('',(77.575,31.275,1.));
#5601 = VECTOR('',#5602,1.);
#5602 = DIRECTION('',(-1.,0.,0.));
#5603 = PLANE('',#5604);
#5604 = AXIS2_PLACEMENT_3D('',#5605,#5606,#5607);
#5605 = CARTESIAN_POINT('',(77.575,31.275,1.));
#5606 = DIRECTION('',(0.,1.,0.));
#5607 = DIRECTION('',(-1.,0.,0.));
#5608 = ADVANCED_FACE('',(#5609),#5627,.T.);
#5609 = FACE_BOUND('',#5610,.T.);
#5610 = EDGE_LOOP('',(#5611,#5619,#5620,#5621));
#5611 = ORIENTED_EDGE('',*,*,#5612,.T.);
#5612 = EDGE_CURVE('',#5613,#346,#5615,.T.);
#5613 = VERTEX_POINT('',#5614);
#5614 = CARTESIAN_POINT('',(76.05,26.575,1.));
#5615 = LINE('',#5616,#5617);
#5616 = CARTESIAN_POINT('',(76.05,26.575,1.));
#5617 = VECTOR('',#5618,1.);
#5618 = DIRECTION('',(-0.,-0.,-1.));
#5619 = ORIENTED_EDGE('',*,*,#353,.T.);
#5620 = ORIENTED_EDGE('',*,*,#5564,.F.);
#5621 = ORIENTED_EDGE('',*,*,#5622,.F.);
#5622 = EDGE_CURVE('',#5613,#5565,#5623,.T.);
#5623 = LINE('',#5624,#5625);
#5624 = CARTESIAN_POINT('',(76.05,26.575,1.));
#5625 = VECTOR('',#5626,1.);
#5626 = DIRECTION('',(-1.,0.,0.));
#5627 = PLANE('',#5628);
#5628 = AXIS2_PLACEMENT_3D('',#5629,#5630,#5631);
#5629 = CARTESIAN_POINT('',(76.05,26.575,1.));
#5630 = DIRECTION('',(0.,1.,0.));
#5631 = DIRECTION('',(-1.,0.,0.));
#5632 = ADVANCED_FACE('',(#5633),#5644,.T.);
#5633 = FACE_BOUND('',#5634,.T.);
#5634 = EDGE_LOOP('',(#5635,#5636,#5637,#5638));
#5635 = ORIENTED_EDGE('',*,*,#5590,.T.);
#5636 = ORIENTED_EDGE('',*,*,#345,.T.);
#5637 = ORIENTED_EDGE('',*,*,#5612,.F.);
#5638 = ORIENTED_EDGE('',*,*,#5639,.F.);
#5639 = EDGE_CURVE('',#5591,#5613,#5640,.T.);
#5640 = LINE('',#5641,#5642);
#5641 = CARTESIAN_POINT('',(76.05,31.275,1.));
#5642 = VECTOR('',#5643,1.);
#5643 = DIRECTION('',(0.,-1.,0.));
#5644 = PLANE('',#5645);
#5645 = AXIS2_PLACEMENT_3D('',#5646,#5647,#5648);
#5646 = CARTESIAN_POINT('',(76.05,31.275,1.));
#5647 = DIRECTION('',(-1.,0.,0.));
#5648 = DIRECTION('',(0.,-1.,0.));
#5649 = ADVANCED_FACE('',(#5650),#5675,.F.);
#5650 = FACE_BOUND('',#5651,.F.);
#5651 = EDGE_LOOP('',(#5652,#5660,#5661,#5669));
#5652 = ORIENTED_EDGE('',*,*,#5653,.T.);
#5653 = EDGE_CURVE('',#5654,#490,#5656,.T.);
#5654 = VERTEX_POINT('',#5655);
#5655 = CARTESIAN_POINT('',(102.53125,21.525,1.));
#5656 = LINE('',#5657,#5658);
#5657 = CARTESIAN_POINT('',(102.53125,21.525,1.));
#5658 = VECTOR('',#5659,1.);
#5659 = DIRECTION('',(-0.,-0.,-1.));
#5660 = ORIENTED_EDGE('',*,*,#489,.T.);
#5661 = ORIENTED_EDGE('',*,*,#5662,.F.);
#5662 = EDGE_CURVE('',#5663,#492,#5665,.T.);
#5663 = VERTEX_POINT('',#5664);
#5664 = CARTESIAN_POINT('',(102.53125,7.525,1.));
#5665 = LINE('',#5666,#5667);
#5666 = CARTESIAN_POINT('',(102.53125,7.525,1.));
#5667 = VECTOR('',#5668,1.);
#5668 = DIRECTION('',(-0.,-0.,-1.));
#5669 = ORIENTED_EDGE('',*,*,#5670,.F.);
#5670 = EDGE_CURVE('',#5654,#5663,#5671,.T.);
#5671 = LINE('',#5672,#5673);
#5672 = CARTESIAN_POINT('',(102.53125,21.525,1.));
#5673 = VECTOR('',#5674,1.);
#5674 = DIRECTION('',(0.,-1.,0.));
#5675 = PLANE('',#5676);
#5676 = AXIS2_PLACEMENT_3D('',#5677,#5678,#5679);
#5677 = CARTESIAN_POINT('',(102.53125,21.525,1.));
#5678 = DIRECTION('',(-1.,0.,0.));
#5679 = DIRECTION('',(0.,-1.,0.));
#5680 = ADVANCED_FACE('',(#5681),#5699,.F.);
#5681 = FACE_BOUND('',#5682,.F.);
#5682 = EDGE_LOOP('',(#5683,#5691,#5692,#5693));
#5683 = ORIENTED_EDGE('',*,*,#5684,.T.);
#5684 = EDGE_CURVE('',#5685,#500,#5687,.T.);
#5685 = VERTEX_POINT('',#5686);
#5686 = CARTESIAN_POINT('',(116.53125,21.525,1.));
#5687 = LINE('',#5688,#5689);
#5688 = CARTESIAN_POINT('',(116.53125,21.525,1.));
#5689 = VECTOR('',#5690,1.);
#5690 = DIRECTION('',(-0.,-0.,-1.));
#5691 = ORIENTED_EDGE('',*,*,#499,.T.);
#5692 = ORIENTED_EDGE('',*,*,#5653,.F.);
#5693 = ORIENTED_EDGE('',*,*,#5694,.F.);
#5694 = EDGE_CURVE('',#5685,#5654,#5695,.T.);
#5695 = LINE('',#5696,#5697);
#5696 = CARTESIAN_POINT('',(116.53125,21.525,1.));
#5697 = VECTOR('',#5698,1.);
#5698 = DIRECTION('',(-1.,0.,0.));
#5699 = PLANE('',#5700);
#5700 = AXIS2_PLACEMENT_3D('',#5701,#5702,#5703);
#5701 = CARTESIAN_POINT('',(116.53125,21.525,1.));
#5702 = DIRECTION('',(0.,1.,0.));
#5703 = DIRECTION('',(-1.,0.,0.));
#5704 = ADVANCED_FACE('',(#5705),#5723,.F.);
#5705 = FACE_BOUND('',#5706,.F.);
#5706 = EDGE_LOOP('',(#5707,#5708,#5709,#5717));
#5707 = ORIENTED_EDGE('',*,*,#5662,.T.);
#5708 = ORIENTED_EDGE('',*,*,#515,.T.);
#5709 = ORIENTED_EDGE('',*,*,#5710,.F.);
#5710 = EDGE_CURVE('',#5711,#508,#5713,.T.);
#5711 = VERTEX_POINT('',#5712);
#5712 = CARTESIAN_POINT('',(116.53125,7.525,1.));
#5713 = LINE('',#5714,#5715);
#5714 = CARTESIAN_POINT('',(116.53125,7.525,1.));
#5715 = VECTOR('',#5716,1.);
#5716 = DIRECTION('',(-0.,-0.,-1.));
#5717 = ORIENTED_EDGE('',*,*,#5718,.F.);
#5718 = EDGE_CURVE('',#5663,#5711,#5719,.T.);
#5719 = LINE('',#5720,#5721);
#5720 = CARTESIAN_POINT('',(102.53125,7.525,1.));
#5721 = VECTOR('',#5722,1.);
#5722 = DIRECTION('',(1.,0.,0.));
#5723 = PLANE('',#5724);
#5724 = AXIS2_PLACEMENT_3D('',#5725,#5726,#5727);
#5725 = CARTESIAN_POINT('',(102.53125,7.525,1.));
#5726 = DIRECTION('',(0.,-1.,0.));
#5727 = DIRECTION('',(1.,0.,0.));
#5728 = ADVANCED_FACE('',(#5729),#5740,.F.);
#5729 = FACE_BOUND('',#5730,.F.);
#5730 = EDGE_LOOP('',(#5731,#5732,#5733,#5734));
#5731 = ORIENTED_EDGE('',*,*,#5710,.T.);
#5732 = ORIENTED_EDGE('',*,*,#507,.T.);
#5733 = ORIENTED_EDGE('',*,*,#5684,.F.);
#5734 = ORIENTED_EDGE('',*,*,#5735,.F.);
#5735 = EDGE_CURVE('',#5711,#5685,#5736,.T.);
#5736 = LINE('',#5737,#5738);
#5737 = CARTESIAN_POINT('',(116.53125,7.525,1.));
#5738 = VECTOR('',#5739,1.);
#5739 = DIRECTION('',(0.,1.,0.));
#5740 = PLANE('',#5741);
#5741 = AXIS2_PLACEMENT_3D('',#5742,#5743,#5744);
#5742 = CARTESIAN_POINT('',(116.53125,7.525,1.));
#5743 = DIRECTION('',(1.,0.,0.));
#5744 = DIRECTION('',(0.,1.,0.));
#5745 = ADVANCED_FACE('',(#5746),#5771,.F.);
#5746 = FACE_BOUND('',#5747,.F.);
#5747 = EDGE_LOOP('',(#5748,#5756,#5757,#5765));
#5748 = ORIENTED_EDGE('',*,*,#5749,.T.);
#5749 = EDGE_CURVE('',#5750,#524,#5752,.T.);
#5750 = VERTEX_POINT('',#5751);
#5751 = CARTESIAN_POINT('',(90.625,40.575,1.));
#5752 = LINE('',#5753,#5754);
#5753 = CARTESIAN_POINT('',(90.625,40.575,1.));
#5754 = VECTOR('',#5755,1.);
#5755 = DIRECTION('',(-0.,-0.,-1.));
#5756 = ORIENTED_EDGE('',*,*,#523,.T.);
#5757 = ORIENTED_EDGE('',*,*,#5758,.F.);
#5758 = EDGE_CURVE('',#5759,#526,#5761,.T.);
#5759 = VERTEX_POINT('',#5760);
#5760 = CARTESIAN_POINT('',(90.625,26.575,1.));
#5761 = LINE('',#5762,#5763);
#5762 = CARTESIAN_POINT('',(90.625,26.575,1.));
#5763 = VECTOR('',#5764,1.);
#5764 = DIRECTION('',(-0.,-0.,-1.));
#5765 = ORIENTED_EDGE('',*,*,#5766,.F.);
#5766 = EDGE_CURVE('',#5750,#5759,#5767,.T.);
#5767 = LINE('',#5768,#5769);
#5768 = CARTESIAN_POINT('',(90.625,40.575,1.));
#5769 = VECTOR('',#5770,1.);
#5770 = DIRECTION('',(0.,-1.,0.));
#5771 = PLANE('',#5772);
#5772 = AXIS2_PLACEMENT_3D('',#5773,#5774,#5775);
#5773 = CARTESIAN_POINT('',(90.625,40.575,1.));
#5774 = DIRECTION('',(-1.,0.,0.));
#5775 = DIRECTION('',(0.,-1.,0.));
#5776 = ADVANCED_FACE('',(#5777),#5795,.F.);
#5777 = FACE_BOUND('',#5778,.F.);
#5778 = EDGE_LOOP('',(#5779,#5787,#5788,#5789));
#5779 = ORIENTED_EDGE('',*,*,#5780,.T.);
#5780 = EDGE_CURVE('',#5781,#534,#5783,.T.);
#5781 = VERTEX_POINT('',#5782);
#5782 = CARTESIAN_POINT('',(104.625,40.575,1.));
#5783 = LINE('',#5784,#5785);
#5784 = CARTESIAN_POINT('',(104.625,40.575,1.));
#5785 = VECTOR('',#5786,1.);
#5786 = DIRECTION('',(-0.,-0.,-1.));
#5787 = ORIENTED_EDGE('',*,*,#533,.T.);
#5788 = ORIENTED_EDGE('',*,*,#5749,.F.);
#5789 = ORIENTED_EDGE('',*,*,#5790,.F.);
#5790 = EDGE_CURVE('',#5781,#5750,#5791,.T.);
#5791 = LINE('',#5792,#5793);
#5792 = CARTESIAN_POINT('',(104.625,40.575,1.));
#5793 = VECTOR('',#5794,1.);
#5794 = DIRECTION('',(-1.,0.,0.));
#5795 = PLANE('',#5796);
#5796 = AXIS2_PLACEMENT_3D('',#5797,#5798,#5799);
#5797 = CARTESIAN_POINT('',(104.625,40.575,1.));
#5798 = DIRECTION('',(0.,1.,0.));
#5799 = DIRECTION('',(-1.,0.,0.));
#5800 = ADVANCED_FACE('',(#5801),#5819,.F.);
#5801 = FACE_BOUND('',#5802,.F.);
#5802 = EDGE_LOOP('',(#5803,#5804,#5805,#5813));
#5803 = ORIENTED_EDGE('',*,*,#5758,.T.);
#5804 = ORIENTED_EDGE('',*,*,#549,.T.);
#5805 = ORIENTED_EDGE('',*,*,#5806,.F.);
#5806 = EDGE_CURVE('',#5807,#542,#5809,.T.);
#5807 = VERTEX_POINT('',#5808);
#5808 = CARTESIAN_POINT('',(104.625,26.575,1.));
#5809 = LINE('',#5810,#5811);
#5810 = CARTESIAN_POINT('',(104.625,26.575,1.));
#5811 = VECTOR('',#5812,1.);
#5812 = DIRECTION('',(-0.,-0.,-1.));
#5813 = ORIENTED_EDGE('',*,*,#5814,.F.);
#5814 = EDGE_CURVE('',#5759,#5807,#5815,.T.);
#5815 = LINE('',#5816,#5817);
#5816 = CARTESIAN_POINT('',(90.625,26.575,1.));
#5817 = VECTOR('',#5818,1.);
#5818 = DIRECTION('',(1.,0.,0.));
#5819 = PLANE('',#5820);
#5820 = AXIS2_PLACEMENT_3D('',#5821,#5822,#5823);
#5821 = CARTESIAN_POINT('',(90.625,26.575,1.));
#5822 = DIRECTION('',(0.,-1.,0.));
#5823 = DIRECTION('',(1.,0.,0.));
#5824 = ADVANCED_FACE('',(#5825),#5836,.F.);
#5825 = FACE_BOUND('',#5826,.F.);
#5826 = EDGE_LOOP('',(#5827,#5828,#5829,#5830));
#5827 = ORIENTED_EDGE('',*,*,#5806,.T.);
#5828 = ORIENTED_EDGE('',*,*,#541,.T.);
#5829 = ORIENTED_EDGE('',*,*,#5780,.F.);
#5830 = ORIENTED_EDGE('',*,*,#5831,.F.);
#5831 = EDGE_CURVE('',#5807,#5781,#5832,.T.);
#5832 = LINE('',#5833,#5834);
#5833 = CARTESIAN_POINT('',(104.625,26.575,1.));
#5834 = VECTOR('',#5835,1.);
#5835 = DIRECTION('',(0.,1.,0.));
#5836 = PLANE('',#5837);
#5837 = AXIS2_PLACEMENT_3D('',#5838,#5839,#5840);
#5838 = CARTESIAN_POINT('',(104.625,26.575,1.));
#5839 = DIRECTION('',(1.,0.,0.));
#5840 = DIRECTION('',(0.,1.,0.));
#5841 = ADVANCED_FACE('',(#5842),#5867,.F.);
#5842 = FACE_BOUND('',#5843,.F.);
#5843 = EDGE_LOOP('',(#5844,#5852,#5853,#5861));
#5844 = ORIENTED_EDGE('',*,*,#5845,.T.);
#5845 = EDGE_CURVE('',#5846,#558,#5848,.T.);
#5846 = VERTEX_POINT('',#5847);
#5847 = CARTESIAN_POINT('',(109.675,40.575,1.));
#5848 = LINE('',#5849,#5850);
#5849 = CARTESIAN_POINT('',(109.675,40.575,1.));
#5850 = VECTOR('',#5851,1.);
#5851 = DIRECTION('',(-0.,-0.,-1.));
#5852 = ORIENTED_EDGE('',*,*,#557,.T.);
#5853 = ORIENTED_EDGE('',*,*,#5854,.F.);
#5854 = EDGE_CURVE('',#5855,#560,#5857,.T.);
#5855 = VERTEX_POINT('',#5856);
#5856 = CARTESIAN_POINT('',(109.675,26.575,1.));
#5857 = LINE('',#5858,#5859);
#5858 = CARTESIAN_POINT('',(109.675,26.575,1.));
#5859 = VECTOR('',#5860,1.);
#5860 = DIRECTION('',(-0.,-0.,-1.));
#5861 = ORIENTED_EDGE('',*,*,#5862,.F.);
#5862 = EDGE_CURVE('',#5846,#5855,#5863,.T.);
#5863 = LINE('',#5864,#5865);
#5864 = CARTESIAN_POINT('',(109.675,40.575,1.));
#5865 = VECTOR('',#5866,1.);
#5866 = DIRECTION('',(0.,-1.,0.));
#5867 = PLANE('',#5868);
#5868 = AXIS2_PLACEMENT_3D('',#5869,#5870,#5871);
#5869 = CARTESIAN_POINT('',(109.675,40.575,1.));
#5870 = DIRECTION('',(-1.,0.,0.));
#5871 = DIRECTION('',(0.,-1.,0.));
#5872 = ADVANCED_FACE('',(#5873),#5891,.F.);
#5873 = FACE_BOUND('',#5874,.F.);
#5874 = EDGE_LOOP('',(#5875,#5883,#5884,#5885));
#5875 = ORIENTED_EDGE('',*,*,#5876,.T.);
#5876 = EDGE_CURVE('',#5877,#568,#5879,.T.);
#5877 = VERTEX_POINT('',#5878);
#5878 = CARTESIAN_POINT('',(123.675,40.575,1.));
#5879 = LINE('',#5880,#5881);
#5880 = CARTESIAN_POINT('',(123.675,40.575,1.));
#5881 = VECTOR('',#5882,1.);
#5882 = DIRECTION('',(-0.,-0.,-1.));
#5883 = ORIENTED_EDGE('',*,*,#567,.T.);
#5884 = ORIENTED_EDGE('',*,*,#5845,.F.);
#5885 = ORIENTED_EDGE('',*,*,#5886,.F.);
#5886 = EDGE_CURVE('',#5877,#5846,#5887,.T.);
#5887 = LINE('',#5888,#5889);
#5888 = CARTESIAN_POINT('',(123.675,40.575,1.));
#5889 = VECTOR('',#5890,1.);
#5890 = DIRECTION('',(-1.,0.,0.));
#5891 = PLANE('',#5892);
#5892 = AXIS2_PLACEMENT_3D('',#5893,#5894,#5895);
#5893 = CARTESIAN_POINT('',(123.675,40.575,1.));
#5894 = DIRECTION('',(0.,1.,0.));
#5895 = DIRECTION('',(-1.,0.,0.));
#5896 = ADVANCED_FACE('',(#5897),#5915,.F.);
#5897 = FACE_BOUND('',#5898,.F.);
#5898 = EDGE_LOOP('',(#5899,#5900,#5901,#5909));
#5899 = ORIENTED_EDGE('',*,*,#5854,.T.);
#5900 = ORIENTED_EDGE('',*,*,#583,.T.);
#5901 = ORIENTED_EDGE('',*,*,#5902,.F.);
#5902 = EDGE_CURVE('',#5903,#576,#5905,.T.);
#5903 = VERTEX_POINT('',#5904);
#5904 = CARTESIAN_POINT('',(123.675,26.575,1.));
#5905 = LINE('',#5906,#5907);
#5906 = CARTESIAN_POINT('',(123.675,26.575,1.));
#5907 = VECTOR('',#5908,1.);
#5908 = DIRECTION('',(-0.,-0.,-1.));
#5909 = ORIENTED_EDGE('',*,*,#5910,.F.);
#5910 = EDGE_CURVE('',#5855,#5903,#5911,.T.);
#5911 = LINE('',#5912,#5913);
#5912 = CARTESIAN_POINT('',(109.675,26.575,1.));
#5913 = VECTOR('',#5914,1.);
#5914 = DIRECTION('',(1.,0.,0.));
#5915 = PLANE('',#5916);
#5916 = AXIS2_PLACEMENT_3D('',#5917,#5918,#5919);
#5917 = CARTESIAN_POINT('',(109.675,26.575,1.));
#5918 = DIRECTION('',(0.,-1.,0.));
#5919 = DIRECTION('',(1.,0.,0.));
#5920 = ADVANCED_FACE('',(#5921),#5932,.F.);
#5921 = FACE_BOUND('',#5922,.F.);
#5922 = EDGE_LOOP('',(#5923,#5924,#5925,#5926));
#5923 = ORIENTED_EDGE('',*,*,#5902,.T.);
#5924 = ORIENTED_EDGE('',*,*,#575,.T.);
#5925 = ORIENTED_EDGE('',*,*,#5876,.F.);
#5926 = ORIENTED_EDGE('',*,*,#5927,.F.);
#5927 = EDGE_CURVE('',#5903,#5877,#5928,.T.);
#5928 = LINE('',#5929,#5930);
#5929 = CARTESIAN_POINT('',(123.675,26.575,1.));
#5930 = VECTOR('',#5931,1.);
#5931 = DIRECTION('',(0.,1.,0.));
#5932 = PLANE('',#5933);
#5933 = AXIS2_PLACEMENT_3D('',#5934,#5935,#5936);
#5934 = CARTESIAN_POINT('',(123.675,26.575,1.));
#5935 = DIRECTION('',(1.,0.,0.));
#5936 = DIRECTION('',(0.,1.,0.));
#5937 = ADVANCED_FACE('',(#5938),#5963,.F.);
#5938 = FACE_BOUND('',#5939,.F.);
#5939 = EDGE_LOOP('',(#5940,#5948,#5949,#5957));
#5940 = ORIENTED_EDGE('',*,*,#5941,.T.);
#5941 = EDGE_CURVE('',#5942,#592,#5944,.T.);
#5942 = VERTEX_POINT('',#5943);
#5943 = CARTESIAN_POINT('',(128.725,40.575,1.));
#5944 = LINE('',#5945,#5946);
#5945 = CARTESIAN_POINT('',(128.725,40.575,1.));
#5946 = VECTOR('',#5947,1.);
#5947 = DIRECTION('',(-0.,-0.,-1.));
#5948 = ORIENTED_EDGE('',*,*,#591,.T.);
#5949 = ORIENTED_EDGE('',*,*,#5950,.F.);
#5950 = EDGE_CURVE('',#5951,#594,#5953,.T.);
#5951 = VERTEX_POINT('',#5952);
#5952 = CARTESIAN_POINT('',(128.725,26.575,1.));
#5953 = LINE('',#5954,#5955);
#5954 = CARTESIAN_POINT('',(128.725,26.575,1.));
#5955 = VECTOR('',#5956,1.);
#5956 = DIRECTION('',(-0.,-0.,-1.));
#5957 = ORIENTED_EDGE('',*,*,#5958,.F.);
#5958 = EDGE_CURVE('',#5942,#5951,#5959,.T.);
#5959 = LINE('',#5960,#5961);
#5960 = CARTESIAN_POINT('',(128.725,40.575,1.));
#5961 = VECTOR('',#5962,1.);
#5962 = DIRECTION('',(0.,-1.,0.));
#5963 = PLANE('',#5964);
#5964 = AXIS2_PLACEMENT_3D('',#5965,#5966,#5967);
#5965 = CARTESIAN_POINT('',(128.725,40.575,1.));
#5966 = DIRECTION('',(-1.,0.,0.));
#5967 = DIRECTION('',(0.,-1.,0.));
#5968 = ADVANCED_FACE('',(#5969),#5987,.F.);
#5969 = FACE_BOUND('',#5970,.F.);
#5970 = EDGE_LOOP('',(#5971,#5979,#5980,#5981));
#5971 = ORIENTED_EDGE('',*,*,#5972,.T.);
#5972 = EDGE_CURVE('',#5973,#602,#5975,.T.);
#5973 = VERTEX_POINT('',#5974);
#5974 = CARTESIAN_POINT('',(142.725,40.575,1.));
#5975 = LINE('',#5976,#5977);
#5976 = CARTESIAN_POINT('',(142.725,40.575,1.));
#5977 = VECTOR('',#5978,1.);
#5978 = DIRECTION('',(-0.,-0.,-1.));
#5979 = ORIENTED_EDGE('',*,*,#601,.T.);
#5980 = ORIENTED_EDGE('',*,*,#5941,.F.);
#5981 = ORIENTED_EDGE('',*,*,#5982,.F.);
#5982 = EDGE_CURVE('',#5973,#5942,#5983,.T.);
#5983 = LINE('',#5984,#5985);
#5984 = CARTESIAN_POINT('',(142.725,40.575,1.));
#5985 = VECTOR('',#5986,1.);
#5986 = DIRECTION('',(-1.,0.,0.));
#5987 = PLANE('',#5988);
#5988 = AXIS2_PLACEMENT_3D('',#5989,#5990,#5991);
#5989 = CARTESIAN_POINT('',(142.725,40.575,1.));
#5990 = DIRECTION('',(0.,1.,0.));
#5991 = DIRECTION('',(-1.,0.,0.));
#5992 = ADVANCED_FACE('',(#5993),#6011,.F.);
#5993 = FACE_BOUND('',#5994,.F.);
#5994 = EDGE_LOOP('',(#5995,#5996,#5997,#6005));
#5995 = ORIENTED_EDGE('',*,*,#5950,.T.);
#5996 = ORIENTED_EDGE('',*,*,#617,.T.);
#5997 = ORIENTED_EDGE('',*,*,#5998,.F.);
#5998 = EDGE_CURVE('',#5999,#610,#6001,.T.);
#5999 = VERTEX_POINT('',#6000);
#6000 = CARTESIAN_POINT('',(142.725,26.575,1.));
#6001 = LINE('',#6002,#6003);
#6002 = CARTESIAN_POINT('',(142.725,26.575,1.));
#6003 = VECTOR('',#6004,1.);
#6004 = DIRECTION('',(-0.,-0.,-1.));
#6005 = ORIENTED_EDGE('',*,*,#6006,.F.);
#6006 = EDGE_CURVE('',#5951,#5999,#6007,.T.);
#6007 = LINE('',#6008,#6009);
#6008 = CARTESIAN_POINT('',(128.725,26.575,1.));
#6009 = VECTOR('',#6010,1.);
#6010 = DIRECTION('',(1.,0.,0.));
#6011 = PLANE('',#6012);
#6012 = AXIS2_PLACEMENT_3D('',#6013,#6014,#6015);
#6013 = CARTESIAN_POINT('',(128.725,26.575,1.));
#6014 = DIRECTION('',(0.,-1.,0.));
#6015 = DIRECTION('',(1.,0.,0.));
#6016 = ADVANCED_FACE('',(#6017),#6028,.F.);
#6017 = FACE_BOUND('',#6018,.F.);
#6018 = EDGE_LOOP('',(#6019,#6020,#6021,#6022));
#6019 = ORIENTED_EDGE('',*,*,#5998,.T.);
#6020 = ORIENTED_EDGE('',*,*,#609,.T.);
#6021 = ORIENTED_EDGE('',*,*,#5972,.F.);
#6022 = ORIENTED_EDGE('',*,*,#6023,.F.);
#6023 = EDGE_CURVE('',#5999,#5973,#6024,.T.);
#6024 = LINE('',#6025,#6026);
#6025 = CARTESIAN_POINT('',(142.725,26.575,1.));
#6026 = VECTOR('',#6027,1.);
#6027 = DIRECTION('',(0.,1.,0.));
#6028 = PLANE('',#6029);
#6029 = AXIS2_PLACEMENT_3D('',#6030,#6031,#6032);
#6030 = CARTESIAN_POINT('',(142.725,26.575,1.));
#6031 = DIRECTION('',(1.,0.,0.));
#6032 = DIRECTION('',(0.,1.,0.));
#6033 = ADVANCED_FACE('',(#6034),#6059,.F.);
#6034 = FACE_BOUND('',#6035,.F.);
#6035 = EDGE_LOOP('',(#6036,#6044,#6045,#6053));
#6036 = ORIENTED_EDGE('',*,*,#6037,.T.);
#6037 = EDGE_CURVE('',#6038,#626,#6040,.T.);
#6038 = VERTEX_POINT('',#6039);
#6039 = CARTESIAN_POINT('',(147.775,40.575,1.));
#6040 = LINE('',#6041,#6042);
#6041 = CARTESIAN_POINT('',(147.775,40.575,1.));
#6042 = VECTOR('',#6043,1.);
#6043 = DIRECTION('',(-0.,-0.,-1.));
#6044 = ORIENTED_EDGE('',*,*,#625,.T.);
#6045 = ORIENTED_EDGE('',*,*,#6046,.F.);
#6046 = EDGE_CURVE('',#6047,#628,#6049,.T.);
#6047 = VERTEX_POINT('',#6048);
#6048 = CARTESIAN_POINT('',(147.775,26.575,1.));
#6049 = LINE('',#6050,#6051);
#6050 = CARTESIAN_POINT('',(147.775,26.575,1.));
#6051 = VECTOR('',#6052,1.);
#6052 = DIRECTION('',(-0.,-0.,-1.));
#6053 = ORIENTED_EDGE('',*,*,#6054,.F.);
#6054 = EDGE_CURVE('',#6038,#6047,#6055,.T.);
#6055 = LINE('',#6056,#6057);
#6056 = CARTESIAN_POINT('',(147.775,40.575,1.));
#6057 = VECTOR('',#6058,1.);
#6058 = DIRECTION('',(0.,-1.,0.));
#6059 = PLANE('',#6060);
#6060 = AXIS2_PLACEMENT_3D('',#6061,#6062,#6063);
#6061 = CARTESIAN_POINT('',(147.775,40.575,1.));
#6062 = DIRECTION('',(-1.,0.,0.));
#6063 = DIRECTION('',(0.,-1.,0.));
#6064 = ADVANCED_FACE('',(#6065),#6083,.F.);
#6065 = FACE_BOUND('',#6066,.F.);
#6066 = EDGE_LOOP('',(#6067,#6075,#6076,#6077));
#6067 = ORIENTED_EDGE('',*,*,#6068,.T.);
#6068 = EDGE_CURVE('',#6069,#636,#6071,.T.);
#6069 = VERTEX_POINT('',#6070);
#6070 = CARTESIAN_POINT('',(161.775,40.575,1.));
#6071 = LINE('',#6072,#6073);
#6072 = CARTESIAN_POINT('',(161.775,40.575,1.));
#6073 = VECTOR('',#6074,1.);
#6074 = DIRECTION('',(-0.,-0.,-1.));
#6075 = ORIENTED_EDGE('',*,*,#635,.T.);
#6076 = ORIENTED_EDGE('',*,*,#6037,.F.);
#6077 = ORIENTED_EDGE('',*,*,#6078,.F.);
#6078 = EDGE_CURVE('',#6069,#6038,#6079,.T.);
#6079 = LINE('',#6080,#6081);
#6080 = CARTESIAN_POINT('',(161.775,40.575,1.));
#6081 = VECTOR('',#6082,1.);
#6082 = DIRECTION('',(-1.,0.,0.));
#6083 = PLANE('',#6084);
#6084 = AXIS2_PLACEMENT_3D('',#6085,#6086,#6087);
#6085 = CARTESIAN_POINT('',(161.775,40.575,1.));
#6086 = DIRECTION('',(0.,1.,0.));
#6087 = DIRECTION('',(-1.,0.,0.));
#6088 = ADVANCED_FACE('',(#6089),#6107,.F.);
#6089 = FACE_BOUND('',#6090,.F.);
#6090 = EDGE_LOOP('',(#6091,#6092,#6093,#6101));
#6091 = ORIENTED_EDGE('',*,*,#6046,.T.);
#6092 = ORIENTED_EDGE('',*,*,#651,.T.);
#6093 = ORIENTED_EDGE('',*,*,#6094,.F.);
#6094 = EDGE_CURVE('',#6095,#644,#6097,.T.);
#6095 = VERTEX_POINT('',#6096);
#6096 = CARTESIAN_POINT('',(161.775,26.575,1.));
#6097 = LINE('',#6098,#6099);
#6098 = CARTESIAN_POINT('',(161.775,26.575,1.));
#6099 = VECTOR('',#6100,1.);
#6100 = DIRECTION('',(-0.,-0.,-1.));
#6101 = ORIENTED_EDGE('',*,*,#6102,.F.);
#6102 = EDGE_CURVE('',#6047,#6095,#6103,.T.);
#6103 = LINE('',#6104,#6105);
#6104 = CARTESIAN_POINT('',(147.775,26.575,1.));
#6105 = VECTOR('',#6106,1.);
#6106 = DIRECTION('',(1.,0.,0.));
#6107 = PLANE('',#6108);
#6108 = AXIS2_PLACEMENT_3D('',#6109,#6110,#6111);
#6109 = CARTESIAN_POINT('',(147.775,26.575,1.));
#6110 = DIRECTION('',(0.,-1.,0.));
#6111 = DIRECTION('',(1.,0.,0.));
#6112 = ADVANCED_FACE('',(#6113),#6124,.F.);
#6113 = FACE_BOUND('',#6114,.F.);
#6114 = EDGE_LOOP('',(#6115,#6116,#6117,#6118));
#6115 = ORIENTED_EDGE('',*,*,#6094,.T.);
#6116 = ORIENTED_EDGE('',*,*,#643,.T.);
#6117 = ORIENTED_EDGE('',*,*,#6068,.F.);
#6118 = ORIENTED_EDGE('',*,*,#6119,.F.);
#6119 = EDGE_CURVE('',#6095,#6069,#6120,.T.);
#6120 = LINE('',#6121,#6122);
#6121 = CARTESIAN_POINT('',(161.775,26.575,1.));
#6122 = VECTOR('',#6123,1.);
#6123 = DIRECTION('',(0.,1.,0.));
#6124 = PLANE('',#6125);
#6125 = AXIS2_PLACEMENT_3D('',#6126,#6127,#6128);
#6126 = CARTESIAN_POINT('',(161.775,26.575,1.));
#6127 = DIRECTION('',(1.,0.,0.));
#6128 = DIRECTION('',(0.,1.,0.));
#6129 = ADVANCED_FACE('',(#6130),#6155,.F.);
#6130 = FACE_BOUND('',#6131,.F.);
#6131 = EDGE_LOOP('',(#6132,#6140,#6141,#6149));
#6132 = ORIENTED_EDGE('',*,*,#6133,.T.);
#6133 = EDGE_CURVE('',#6134,#660,#6136,.T.);
#6134 = VERTEX_POINT('',#6135);
#6135 = CARTESIAN_POINT('',(166.825,40.575,1.));
#6136 = LINE('',#6137,#6138);
#6137 = CARTESIAN_POINT('',(166.825,40.575,1.));
#6138 = VECTOR('',#6139,1.);
#6139 = DIRECTION('',(-0.,-0.,-1.));
#6140 = ORIENTED_EDGE('',*,*,#659,.T.);
#6141 = ORIENTED_EDGE('',*,*,#6142,.F.);
#6142 = EDGE_CURVE('',#6143,#662,#6145,.T.);
#6143 = VERTEX_POINT('',#6144);
#6144 = CARTESIAN_POINT('',(166.825,26.575,1.));
#6145 = LINE('',#6146,#6147);
#6146 = CARTESIAN_POINT('',(166.825,26.575,1.));
#6147 = VECTOR('',#6148,1.);
#6148 = DIRECTION('',(-0.,-0.,-1.));
#6149 = ORIENTED_EDGE('',*,*,#6150,.F.);
#6150 = EDGE_CURVE('',#6134,#6143,#6151,.T.);
#6151 = LINE('',#6152,#6153);
#6152 = CARTESIAN_POINT('',(166.825,40.575,1.));
#6153 = VECTOR('',#6154,1.);
#6154 = DIRECTION('',(0.,-1.,0.));
#6155 = PLANE('',#6156);
#6156 = AXIS2_PLACEMENT_3D('',#6157,#6158,#6159);
#6157 = CARTESIAN_POINT('',(166.825,40.575,1.));
#6158 = DIRECTION('',(-1.,0.,0.));
#6159 = DIRECTION('',(0.,-1.,0.));
#6160 = ADVANCED_FACE('',(#6161),#6179,.F.);
#6161 = FACE_BOUND('',#6162,.F.);
#6162 = EDGE_LOOP('',(#6163,#6171,#6172,#6173));
#6163 = ORIENTED_EDGE('',*,*,#6164,.T.);
#6164 = EDGE_CURVE('',#6165,#670,#6167,.T.);
#6165 = VERTEX_POINT('',#6166);
#6166 = CARTESIAN_POINT('',(180.825,40.575,1.));
#6167 = LINE('',#6168,#6169);
#6168 = CARTESIAN_POINT('',(180.825,40.575,1.));
#6169 = VECTOR('',#6170,1.);
#6170 = DIRECTION('',(-0.,-0.,-1.));
#6171 = ORIENTED_EDGE('',*,*,#669,.T.);
#6172 = ORIENTED_EDGE('',*,*,#6133,.F.);
#6173 = ORIENTED_EDGE('',*,*,#6174,.F.);
#6174 = EDGE_CURVE('',#6165,#6134,#6175,.T.);
#6175 = LINE('',#6176,#6177);
#6176 = CARTESIAN_POINT('',(180.825,40.575,1.));
#6177 = VECTOR('',#6178,1.);
#6178 = DIRECTION('',(-1.,0.,0.));
#6179 = PLANE('',#6180);
#6180 = AXIS2_PLACEMENT_3D('',#6181,#6182,#6183);
#6181 = CARTESIAN_POINT('',(180.825,40.575,1.));
#6182 = DIRECTION('',(0.,1.,0.));
#6183 = DIRECTION('',(-1.,0.,0.));
#6184 = ADVANCED_FACE('',(#6185),#6203,.F.);
#6185 = FACE_BOUND('',#6186,.F.);
#6186 = EDGE_LOOP('',(#6187,#6188,#6189,#6197));
#6187 = ORIENTED_EDGE('',*,*,#6142,.T.);
#6188 = ORIENTED_EDGE('',*,*,#685,.T.);
#6189 = ORIENTED_EDGE('',*,*,#6190,.F.);
#6190 = EDGE_CURVE('',#6191,#678,#6193,.T.);
#6191 = VERTEX_POINT('',#6192);
#6192 = CARTESIAN_POINT('',(180.825,26.575,1.));
#6193 = LINE('',#6194,#6195);
#6194 = CARTESIAN_POINT('',(180.825,26.575,1.));
#6195 = VECTOR('',#6196,1.);
#6196 = DIRECTION('',(-0.,-0.,-1.));
#6197 = ORIENTED_EDGE('',*,*,#6198,.F.);
#6198 = EDGE_CURVE('',#6143,#6191,#6199,.T.);
#6199 = LINE('',#6200,#6201);
#6200 = CARTESIAN_POINT('',(166.825,26.575,1.));
#6201 = VECTOR('',#6202,1.);
#6202 = DIRECTION('',(1.,0.,0.));
#6203 = PLANE('',#6204);
#6204 = AXIS2_PLACEMENT_3D('',#6205,#6206,#6207);
#6205 = CARTESIAN_POINT('',(166.825,26.575,1.));
#6206 = DIRECTION('',(0.,-1.,0.));
#6207 = DIRECTION('',(1.,0.,0.));
#6208 = ADVANCED_FACE('',(#6209),#6220,.F.);
#6209 = FACE_BOUND('',#6210,.F.);
#6210 = EDGE_LOOP('',(#6211,#6212,#6213,#6214));
#6211 = ORIENTED_EDGE('',*,*,#6190,.T.);
#6212 = ORIENTED_EDGE('',*,*,#677,.T.);
#6213 = ORIENTED_EDGE('',*,*,#6164,.F.);
#6214 = ORIENTED_EDGE('',*,*,#6215,.F.);
#6215 = EDGE_CURVE('',#6191,#6165,#6216,.T.);
#6216 = LINE('',#6217,#6218);
#6217 = CARTESIAN_POINT('',(180.825,26.575,1.));
#6218 = VECTOR('',#6219,1.);
#6219 = DIRECTION('',(0.,1.,0.));
#6220 = PLANE('',#6221);
#6221 = AXIS2_PLACEMENT_3D('',#6222,#6223,#6224);
#6222 = CARTESIAN_POINT('',(180.825,26.575,1.));
#6223 = DIRECTION('',(1.,0.,0.));
#6224 = DIRECTION('',(0.,1.,0.));
#6225 = ADVANCED_FACE('',(#6226),#6251,.F.);
#6226 = FACE_BOUND('',#6227,.F.);
#6227 = EDGE_LOOP('',(#6228,#6236,#6237,#6245));
#6228 = ORIENTED_EDGE('',*,*,#6229,.T.);
#6229 = EDGE_CURVE('',#6230,#694,#6232,.T.);
#6230 = VERTEX_POINT('',#6231);
#6231 = CARTESIAN_POINT('',(59.66875,59.625,1.));
#6232 = LINE('',#6233,#6234);
#6233 = CARTESIAN_POINT('',(59.66875,59.625,1.));
#6234 = VECTOR('',#6235,1.);
#6235 = DIRECTION('',(-0.,-0.,-1.));
#6236 = ORIENTED_EDGE('',*,*,#693,.T.);
#6237 = ORIENTED_EDGE('',*,*,#6238,.F.);
#6238 = EDGE_CURVE('',#6239,#696,#6241,.T.);
#6239 = VERTEX_POINT('',#6240);
#6240 = CARTESIAN_POINT('',(59.66875,45.625,1.));
#6241 = LINE('',#6242,#6243);
#6242 = CARTESIAN_POINT('',(59.66875,45.625,1.));
#6243 = VECTOR('',#6244,1.);
#6244 = DIRECTION('',(-0.,-0.,-1.));
#6245 = ORIENTED_EDGE('',*,*,#6246,.F.);
#6246 = EDGE_CURVE('',#6230,#6239,#6247,.T.);
#6247 = LINE('',#6248,#6249);
#6248 = CARTESIAN_POINT('',(59.66875,59.625,1.));
#6249 = VECTOR('',#6250,1.);
#6250 = DIRECTION('',(0.,-1.,0.));
#6251 = PLANE('',#6252);
#6252 = AXIS2_PLACEMENT_3D('',#6253,#6254,#6255);
#6253 = CARTESIAN_POINT('',(59.66875,59.625,1.));
#6254 = DIRECTION('',(-1.,0.,0.));
#6255 = DIRECTION('',(0.,-1.,0.));
#6256 = ADVANCED_FACE('',(#6257),#6275,.F.);
#6257 = FACE_BOUND('',#6258,.F.);
#6258 = EDGE_LOOP('',(#6259,#6267,#6268,#6269));
#6259 = ORIENTED_EDGE('',*,*,#6260,.T.);
#6260 = EDGE_CURVE('',#6261,#704,#6263,.T.);
#6261 = VERTEX_POINT('',#6262);
#6262 = CARTESIAN_POINT('',(73.66875,59.625,1.));
#6263 = LINE('',#6264,#6265);
#6264 = CARTESIAN_POINT('',(73.66875,59.625,1.));
#6265 = VECTOR('',#6266,1.);
#6266 = DIRECTION('',(-0.,-0.,-1.));
#6267 = ORIENTED_EDGE('',*,*,#703,.T.);
#6268 = ORIENTED_EDGE('',*,*,#6229,.F.);
#6269 = ORIENTED_EDGE('',*,*,#6270,.F.);
#6270 = EDGE_CURVE('',#6261,#6230,#6271,.T.);
#6271 = LINE('',#6272,#6273);
#6272 = CARTESIAN_POINT('',(73.66875,59.625,1.));
#6273 = VECTOR('',#6274,1.);
#6274 = DIRECTION('',(-1.,0.,0.));
#6275 = PLANE('',#6276);
#6276 = AXIS2_PLACEMENT_3D('',#6277,#6278,#6279);
#6277 = CARTESIAN_POINT('',(73.66875,59.625,1.));
#6278 = DIRECTION('',(0.,1.,0.));
#6279 = DIRECTION('',(-1.,0.,0.));
#6280 = ADVANCED_FACE('',(#6281),#6299,.F.);
#6281 = FACE_BOUND('',#6282,.F.);
#6282 = EDGE_LOOP('',(#6283,#6284,#6285,#6293));
#6283 = ORIENTED_EDGE('',*,*,#6238,.T.);
#6284 = ORIENTED_EDGE('',*,*,#719,.T.);
#6285 = ORIENTED_EDGE('',*,*,#6286,.F.);
#6286 = EDGE_CURVE('',#6287,#712,#6289,.T.);
#6287 = VERTEX_POINT('',#6288);
#6288 = CARTESIAN_POINT('',(73.66875,45.625,1.));
#6289 = LINE('',#6290,#6291);
#6290 = CARTESIAN_POINT('',(73.66875,45.625,1.));
#6291 = VECTOR('',#6292,1.);
#6292 = DIRECTION('',(-0.,-0.,-1.));
#6293 = ORIENTED_EDGE('',*,*,#6294,.F.);
#6294 = EDGE_CURVE('',#6239,#6287,#6295,.T.);
#6295 = LINE('',#6296,#6297);
#6296 = CARTESIAN_POINT('',(59.66875,45.625,1.));
#6297 = VECTOR('',#6298,1.);
#6298 = DIRECTION('',(1.,0.,0.));
#6299 = PLANE('',#6300);
#6300 = AXIS2_PLACEMENT_3D('',#6301,#6302,#6303);
#6301 = CARTESIAN_POINT('',(59.66875,45.625,1.));
#6302 = DIRECTION('',(0.,-1.,0.));
#6303 = DIRECTION('',(1.,0.,0.));
#6304 = ADVANCED_FACE('',(#6305),#6316,.F.);
#6305 = FACE_BOUND('',#6306,.F.);
#6306 = EDGE_LOOP('',(#6307,#6308,#6309,#6310));
#6307 = ORIENTED_EDGE('',*,*,#6286,.T.);
#6308 = ORIENTED_EDGE('',*,*,#711,.T.);
#6309 = ORIENTED_EDGE('',*,*,#6260,.F.);
#6310 = ORIENTED_EDGE('',*,*,#6311,.F.);
#6311 = EDGE_CURVE('',#6287,#6261,#6312,.T.);
#6312 = LINE('',#6313,#6314);
#6313 = CARTESIAN_POINT('',(73.66875,45.625,1.));
#6314 = VECTOR('',#6315,1.);
#6315 = DIRECTION('',(0.,1.,0.));
#6316 = PLANE('',#6317);
#6317 = AXIS2_PLACEMENT_3D('',#6318,#6319,#6320);
#6318 = CARTESIAN_POINT('',(73.66875,45.625,1.));
#6319 = DIRECTION('',(1.,0.,0.));
#6320 = DIRECTION('',(0.,1.,0.));
#6321 = ADVANCED_FACE('',(#6322),#6347,.F.);
#6322 = FACE_BOUND('',#6323,.F.);
#6323 = EDGE_LOOP('',(#6324,#6332,#6333,#6341));
#6324 = ORIENTED_EDGE('',*,*,#6325,.T.);
#6325 = EDGE_CURVE('',#6326,#728,#6328,.T.);
#6326 = VERTEX_POINT('',#6327);
#6327 = CARTESIAN_POINT('',(85.8625,59.625,1.));
#6328 = LINE('',#6329,#6330);
#6329 = CARTESIAN_POINT('',(85.8625,59.625,1.));
#6330 = VECTOR('',#6331,1.);
#6331 = DIRECTION('',(-0.,-0.,-1.));
#6332 = ORIENTED_EDGE('',*,*,#727,.T.);
#6333 = ORIENTED_EDGE('',*,*,#6334,.F.);
#6334 = EDGE_CURVE('',#6335,#730,#6337,.T.);
#6335 = VERTEX_POINT('',#6336);
#6336 = CARTESIAN_POINT('',(85.8625,45.625,1.));
#6337 = LINE('',#6338,#6339);
#6338 = CARTESIAN_POINT('',(85.8625,45.625,1.));
#6339 = VECTOR('',#6340,1.);
#6340 = DIRECTION('',(-0.,-0.,-1.));
#6341 = ORIENTED_EDGE('',*,*,#6342,.F.);
#6342 = EDGE_CURVE('',#6326,#6335,#6343,.T.);
#6343 = LINE('',#6344,#6345);
#6344 = CARTESIAN_POINT('',(85.8625,59.625,1.));
#6345 = VECTOR('',#6346,1.);
#6346 = DIRECTION('',(0.,-1.,0.));
#6347 = PLANE('',#6348);
#6348 = AXIS2_PLACEMENT_3D('',#6349,#6350,#6351);
#6349 = CARTESIAN_POINT('',(85.8625,59.625,1.));
#6350 = DIRECTION('',(-1.,0.,0.));
#6351 = DIRECTION('',(0.,-1.,0.));
#6352 = ADVANCED_FACE('',(#6353),#6371,.F.);
#6353 = FACE_BOUND('',#6354,.F.);
#6354 = EDGE_LOOP('',(#6355,#6363,#6364,#6365));
#6355 = ORIENTED_EDGE('',*,*,#6356,.T.);
#6356 = EDGE_CURVE('',#6357,#738,#6359,.T.);
#6357 = VERTEX_POINT('',#6358);
#6358 = CARTESIAN_POINT('',(99.8625,59.625,1.));
#6359 = LINE('',#6360,#6361);
#6360 = CARTESIAN_POINT('',(99.8625,59.625,1.));
#6361 = VECTOR('',#6362,1.);
#6362 = DIRECTION('',(-0.,-0.,-1.));
#6363 = ORIENTED_EDGE('',*,*,#737,.T.);
#6364 = ORIENTED_EDGE('',*,*,#6325,.F.);
#6365 = ORIENTED_EDGE('',*,*,#6366,.F.);
#6366 = EDGE_CURVE('',#6357,#6326,#6367,.T.);
#6367 = LINE('',#6368,#6369);
#6368 = CARTESIAN_POINT('',(99.8625,59.625,1.));
#6369 = VECTOR('',#6370,1.);
#6370 = DIRECTION('',(-1.,0.,0.));
#6371 = PLANE('',#6372);
#6372 = AXIS2_PLACEMENT_3D('',#6373,#6374,#6375);
#6373 = CARTESIAN_POINT('',(99.8625,59.625,1.));
#6374 = DIRECTION('',(0.,1.,0.));
#6375 = DIRECTION('',(-1.,0.,0.));
#6376 = ADVANCED_FACE('',(#6377),#6395,.F.);
#6377 = FACE_BOUND('',#6378,.F.);
#6378 = EDGE_LOOP('',(#6379,#6380,#6381,#6389));
#6379 = ORIENTED_EDGE('',*,*,#6334,.T.);
#6380 = ORIENTED_EDGE('',*,*,#753,.T.);
#6381 = ORIENTED_EDGE('',*,*,#6382,.F.);
#6382 = EDGE_CURVE('',#6383,#746,#6385,.T.);
#6383 = VERTEX_POINT('',#6384);
#6384 = CARTESIAN_POINT('',(99.8625,45.625,1.));
#6385 = LINE('',#6386,#6387);
#6386 = CARTESIAN_POINT('',(99.8625,45.625,1.));
#6387 = VECTOR('',#6388,1.);
#6388 = DIRECTION('',(-0.,-0.,-1.));
#6389 = ORIENTED_EDGE('',*,*,#6390,.F.);
#6390 = EDGE_CURVE('',#6335,#6383,#6391,.T.);
#6391 = LINE('',#6392,#6393);
#6392 = CARTESIAN_POINT('',(85.8625,45.625,1.));
#6393 = VECTOR('',#6394,1.);
#6394 = DIRECTION('',(1.,0.,0.));
#6395 = PLANE('',#6396);
#6396 = AXIS2_PLACEMENT_3D('',#6397,#6398,#6399);
#6397 = CARTESIAN_POINT('',(85.8625,45.625,1.));
#6398 = DIRECTION('',(0.,-1.,0.));
#6399 = DIRECTION('',(1.,0.,0.));
#6400 = ADVANCED_FACE('',(#6401),#6412,.F.);
#6401 = FACE_BOUND('',#6402,.F.);
#6402 = EDGE_LOOP('',(#6403,#6404,#6405,#6406));
#6403 = ORIENTED_EDGE('',*,*,#6382,.T.);
#6404 = ORIENTED_EDGE('',*,*,#745,.T.);
#6405 = ORIENTED_EDGE('',*,*,#6356,.F.);
#6406 = ORIENTED_EDGE('',*,*,#6407,.F.);
#6407 = EDGE_CURVE('',#6383,#6357,#6408,.T.);
#6408 = LINE('',#6409,#6410);
#6409 = CARTESIAN_POINT('',(99.8625,45.625,1.));
#6410 = VECTOR('',#6411,1.);
#6411 = DIRECTION('',(0.,1.,0.));
#6412 = PLANE('',#6413);
#6413 = AXIS2_PLACEMENT_3D('',#6414,#6415,#6416);
#6414 = CARTESIAN_POINT('',(99.8625,45.625,1.));
#6415 = DIRECTION('',(1.,0.,0.));
#6416 = DIRECTION('',(0.,1.,0.));
#6417 = ADVANCED_FACE('',(#6418),#6443,.F.);
#6418 = FACE_BOUND('',#6419,.F.);
#6419 = EDGE_LOOP('',(#6420,#6428,#6429,#6437));
#6420 = ORIENTED_EDGE('',*,*,#6421,.T.);
#6421 = EDGE_CURVE('',#6422,#762,#6424,.T.);
#6422 = VERTEX_POINT('',#6423);
#6423 = CARTESIAN_POINT('',(104.9125,59.625,1.));
#6424 = LINE('',#6425,#6426);
#6425 = CARTESIAN_POINT('',(104.9125,59.625,1.));
#6426 = VECTOR('',#6427,1.);
#6427 = DIRECTION('',(-0.,-0.,-1.));
#6428 = ORIENTED_EDGE('',*,*,#761,.T.);
#6429 = ORIENTED_EDGE('',*,*,#6430,.F.);
#6430 = EDGE_CURVE('',#6431,#764,#6433,.T.);
#6431 = VERTEX_POINT('',#6432);
#6432 = CARTESIAN_POINT('',(104.9125,45.625,1.));
#6433 = LINE('',#6434,#6435);
#6434 = CARTESIAN_POINT('',(104.9125,45.625,1.));
#6435 = VECTOR('',#6436,1.);
#6436 = DIRECTION('',(-0.,-0.,-1.));
#6437 = ORIENTED_EDGE('',*,*,#6438,.F.);
#6438 = EDGE_CURVE('',#6422,#6431,#6439,.T.);
#6439 = LINE('',#6440,#6441);
#6440 = CARTESIAN_POINT('',(104.9125,59.625,1.));
#6441 = VECTOR('',#6442,1.);
#6442 = DIRECTION('',(0.,-1.,0.));
#6443 = PLANE('',#6444);
#6444 = AXIS2_PLACEMENT_3D('',#6445,#6446,#6447);
#6445 = CARTESIAN_POINT('',(104.9125,59.625,1.));
#6446 = DIRECTION('',(-1.,0.,0.));
#6447 = DIRECTION('',(0.,-1.,0.));
#6448 = ADVANCED_FACE('',(#6449),#6467,.F.);
#6449 = FACE_BOUND('',#6450,.F.);
#6450 = EDGE_LOOP('',(#6451,#6459,#6460,#6461));
#6451 = ORIENTED_EDGE('',*,*,#6452,.T.);
#6452 = EDGE_CURVE('',#6453,#772,#6455,.T.);
#6453 = VERTEX_POINT('',#6454);
#6454 = CARTESIAN_POINT('',(118.9125,59.625,1.));
#6455 = LINE('',#6456,#6457);
#6456 = CARTESIAN_POINT('',(118.9125,59.625,1.));
#6457 = VECTOR('',#6458,1.);
#6458 = DIRECTION('',(-0.,-0.,-1.));
#6459 = ORIENTED_EDGE('',*,*,#771,.T.);
#6460 = ORIENTED_EDGE('',*,*,#6421,.F.);
#6461 = ORIENTED_EDGE('',*,*,#6462,.F.);
#6462 = EDGE_CURVE('',#6453,#6422,#6463,.T.);
#6463 = LINE('',#6464,#6465);
#6464 = CARTESIAN_POINT('',(118.9125,59.625,1.));
#6465 = VECTOR('',#6466,1.);
#6466 = DIRECTION('',(-1.,0.,0.));
#6467 = PLANE('',#6468);
#6468 = AXIS2_PLACEMENT_3D('',#6469,#6470,#6471);
#6469 = CARTESIAN_POINT('',(118.9125,59.625,1.));
#6470 = DIRECTION('',(0.,1.,0.));
#6471 = DIRECTION('',(-1.,0.,0.));
#6472 = ADVANCED_FACE('',(#6473),#6491,.F.);
#6473 = FACE_BOUND('',#6474,.F.);
#6474 = EDGE_LOOP('',(#6475,#6476,#6477,#6485));
#6475 = ORIENTED_EDGE('',*,*,#6430,.T.);
#6476 = ORIENTED_EDGE('',*,*,#787,.T.);
#6477 = ORIENTED_EDGE('',*,*,#6478,.F.);
#6478 = EDGE_CURVE('',#6479,#780,#6481,.T.);
#6479 = VERTEX_POINT('',#6480);
#6480 = CARTESIAN_POINT('',(118.9125,45.625,1.));
#6481 = LINE('',#6482,#6483);
#6482 = CARTESIAN_POINT('',(118.9125,45.625,1.));
#6483 = VECTOR('',#6484,1.);
#6484 = DIRECTION('',(-0.,-0.,-1.));
#6485 = ORIENTED_EDGE('',*,*,#6486,.F.);
#6486 = EDGE_CURVE('',#6431,#6479,#6487,.T.);
#6487 = LINE('',#6488,#6489);
#6488 = CARTESIAN_POINT('',(104.9125,45.625,1.));
#6489 = VECTOR('',#6490,1.);
#6490 = DIRECTION('',(1.,0.,0.));
#6491 = PLANE('',#6492);
#6492 = AXIS2_PLACEMENT_3D('',#6493,#6494,#6495);
#6493 = CARTESIAN_POINT('',(104.9125,45.625,1.));
#6494 = DIRECTION('',(0.,-1.,0.));
#6495 = DIRECTION('',(1.,0.,0.));
#6496 = ADVANCED_FACE('',(#6497),#6508,.F.);
#6497 = FACE_BOUND('',#6498,.F.);
#6498 = EDGE_LOOP('',(#6499,#6500,#6501,#6502));
#6499 = ORIENTED_EDGE('',*,*,#6478,.T.);
#6500 = ORIENTED_EDGE('',*,*,#779,.T.);
#6501 = ORIENTED_EDGE('',*,*,#6452,.F.);
#6502 = ORIENTED_EDGE('',*,*,#6503,.F.);
#6503 = EDGE_CURVE('',#6479,#6453,#6504,.T.);
#6504 = LINE('',#6505,#6506);
#6505 = CARTESIAN_POINT('',(118.9125,45.625,1.));
#6506 = VECTOR('',#6507,1.);
#6507 = DIRECTION('',(0.,1.,0.));
#6508 = PLANE('',#6509);
#6509 = AXIS2_PLACEMENT_3D('',#6510,#6511,#6512);
#6510 = CARTESIAN_POINT('',(118.9125,45.625,1.));
#6511 = DIRECTION('',(1.,0.,0.));
#6512 = DIRECTION('',(0.,1.,0.));
#6513 = ADVANCED_FACE('',(#6514),#6539,.F.);
#6514 = FACE_BOUND('',#6515,.F.);
#6515 = EDGE_LOOP('',(#6516,#6524,#6525,#6533));
#6516 = ORIENTED_EDGE('',*,*,#6517,.T.);
#6517 = EDGE_CURVE('',#6518,#796,#6520,.T.);
#6518 = VERTEX_POINT('',#6519);
#6519 = CARTESIAN_POINT('',(123.9625,59.625,1.));
#6520 = LINE('',#6521,#6522);
#6521 = CARTESIAN_POINT('',(123.9625,59.625,1.));
#6522 = VECTOR('',#6523,1.);
#6523 = DIRECTION('',(-0.,-0.,-1.));
#6524 = ORIENTED_EDGE('',*,*,#795,.T.);
#6525 = ORIENTED_EDGE('',*,*,#6526,.F.);
#6526 = EDGE_CURVE('',#6527,#798,#6529,.T.);
#6527 = VERTEX_POINT('',#6528);
#6528 = CARTESIAN_POINT('',(123.9625,45.625,1.));
#6529 = LINE('',#6530,#6531);
#6530 = CARTESIAN_POINT('',(123.9625,45.625,1.));
#6531 = VECTOR('',#6532,1.);
#6532 = DIRECTION('',(-0.,-0.,-1.));
#6533 = ORIENTED_EDGE('',*,*,#6534,.F.);
#6534 = EDGE_CURVE('',#6518,#6527,#6535,.T.);
#6535 = LINE('',#6536,#6537);
#6536 = CARTESIAN_POINT('',(123.9625,59.625,1.));
#6537 = VECTOR('',#6538,1.);
#6538 = DIRECTION('',(0.,-1.,0.));
#6539 = PLANE('',#6540);
#6540 = AXIS2_PLACEMENT_3D('',#6541,#6542,#6543);
#6541 = CARTESIAN_POINT('',(123.9625,59.625,1.));
#6542 = DIRECTION('',(-1.,0.,0.));
#6543 = DIRECTION('',(0.,-1.,0.));
#6544 = ADVANCED_FACE('',(#6545),#6563,.F.);
#6545 = FACE_BOUND('',#6546,.F.);
#6546 = EDGE_LOOP('',(#6547,#6555,#6556,#6557));
#6547 = ORIENTED_EDGE('',*,*,#6548,.T.);
#6548 = EDGE_CURVE('',#6549,#806,#6551,.T.);
#6549 = VERTEX_POINT('',#6550);
#6550 = CARTESIAN_POINT('',(137.9625,59.625,1.));
#6551 = LINE('',#6552,#6553);
#6552 = CARTESIAN_POINT('',(137.9625,59.625,1.));
#6553 = VECTOR('',#6554,1.);
#6554 = DIRECTION('',(-0.,-0.,-1.));
#6555 = ORIENTED_EDGE('',*,*,#805,.T.);
#6556 = ORIENTED_EDGE('',*,*,#6517,.F.);
#6557 = ORIENTED_EDGE('',*,*,#6558,.F.);
#6558 = EDGE_CURVE('',#6549,#6518,#6559,.T.);
#6559 = LINE('',#6560,#6561);
#6560 = CARTESIAN_POINT('',(137.9625,59.625,1.));
#6561 = VECTOR('',#6562,1.);
#6562 = DIRECTION('',(-1.,0.,0.));
#6563 = PLANE('',#6564);
#6564 = AXIS2_PLACEMENT_3D('',#6565,#6566,#6567);
#6565 = CARTESIAN_POINT('',(137.9625,59.625,1.));
#6566 = DIRECTION('',(0.,1.,0.));
#6567 = DIRECTION('',(-1.,0.,0.));
#6568 = ADVANCED_FACE('',(#6569),#6587,.F.);
#6569 = FACE_BOUND('',#6570,.F.);
#6570 = EDGE_LOOP('',(#6571,#6572,#6573,#6581));
#6571 = ORIENTED_EDGE('',*,*,#6526,.T.);
#6572 = ORIENTED_EDGE('',*,*,#821,.T.);
#6573 = ORIENTED_EDGE('',*,*,#6574,.F.);
#6574 = EDGE_CURVE('',#6575,#814,#6577,.T.);
#6575 = VERTEX_POINT('',#6576);
#6576 = CARTESIAN_POINT('',(137.9625,45.625,1.));
#6577 = LINE('',#6578,#6579);
#6578 = CARTESIAN_POINT('',(137.9625,45.625,1.));
#6579 = VECTOR('',#6580,1.);
#6580 = DIRECTION('',(-0.,-0.,-1.));
#6581 = ORIENTED_EDGE('',*,*,#6582,.F.);
#6582 = EDGE_CURVE('',#6527,#6575,#6583,.T.);
#6583 = LINE('',#6584,#6585);
#6584 = CARTESIAN_POINT('',(123.9625,45.625,1.));
#6585 = VECTOR('',#6586,1.);
#6586 = DIRECTION('',(1.,0.,0.));
#6587 = PLANE('',#6588);
#6588 = AXIS2_PLACEMENT_3D('',#6589,#6590,#6591);
#6589 = CARTESIAN_POINT('',(123.9625,45.625,1.));
#6590 = DIRECTION('',(0.,-1.,0.));
#6591 = DIRECTION('',(1.,0.,0.));
#6592 = ADVANCED_FACE('',(#6593),#6604,.F.);
#6593 = FACE_BOUND('',#6594,.F.);
#6594 = EDGE_LOOP('',(#6595,#6596,#6597,#6598));
#6595 = ORIENTED_EDGE('',*,*,#6574,.T.);
#6596 = ORIENTED_EDGE('',*,*,#813,.T.);
#6597 = ORIENTED_EDGE('',*,*,#6548,.F.);
#6598 = ORIENTED_EDGE('',*,*,#6599,.F.);
#6599 = EDGE_CURVE('',#6575,#6549,#6600,.T.);
#6600 = LINE('',#6601,#6602);
#6601 = CARTESIAN_POINT('',(137.9625,45.625,1.));
#6602 = VECTOR('',#6603,1.);
#6603 = DIRECTION('',(0.,1.,0.));
#6604 = PLANE('',#6605);
#6605 = AXIS2_PLACEMENT_3D('',#6606,#6607,#6608);
#6606 = CARTESIAN_POINT('',(137.9625,45.625,1.));
#6607 = DIRECTION('',(1.,0.,0.));
#6608 = DIRECTION('',(0.,1.,0.));
#6609 = ADVANCED_FACE('',(#6610),#6635,.F.);
#6610 = FACE_BOUND('',#6611,.F.);
#6611 = EDGE_LOOP('',(#6612,#6620,#6621,#6629));
#6612 = ORIENTED_EDGE('',*,*,#6613,.T.);
#6613 = EDGE_CURVE('',#6614,#830,#6616,.T.);
#6614 = VERTEX_POINT('',#6615);
#6615 = CARTESIAN_POINT('',(143.0125,59.625,1.));
#6616 = LINE('',#6617,#6618);
#6617 = CARTESIAN_POINT('',(143.0125,59.625,1.));
#6618 = VECTOR('',#6619,1.);
#6619 = DIRECTION('',(-0.,-0.,-1.));
#6620 = ORIENTED_EDGE('',*,*,#829,.T.);
#6621 = ORIENTED_EDGE('',*,*,#6622,.F.);
#6622 = EDGE_CURVE('',#6623,#832,#6625,.T.);
#6623 = VERTEX_POINT('',#6624);
#6624 = CARTESIAN_POINT('',(143.0125,45.625,1.));
#6625 = LINE('',#6626,#6627);
#6626 = CARTESIAN_POINT('',(143.0125,45.625,1.));
#6627 = VECTOR('',#6628,1.);
#6628 = DIRECTION('',(-0.,-0.,-1.));
#6629 = ORIENTED_EDGE('',*,*,#6630,.F.);
#6630 = EDGE_CURVE('',#6614,#6623,#6631,.T.);
#6631 = LINE('',#6632,#6633);
#6632 = CARTESIAN_POINT('',(143.0125,59.625,1.));
#6633 = VECTOR('',#6634,1.);
#6634 = DIRECTION('',(0.,-1.,0.));
#6635 = PLANE('',#6636);
#6636 = AXIS2_PLACEMENT_3D('',#6637,#6638,#6639);
#6637 = CARTESIAN_POINT('',(143.0125,59.625,1.));
#6638 = DIRECTION('',(-1.,0.,0.));
#6639 = DIRECTION('',(0.,-1.,0.));
#6640 = ADVANCED_FACE('',(#6641),#6659,.F.);
#6641 = FACE_BOUND('',#6642,.F.);
#6642 = EDGE_LOOP('',(#6643,#6651,#6652,#6653));
#6643 = ORIENTED_EDGE('',*,*,#6644,.T.);
#6644 = EDGE_CURVE('',#6645,#840,#6647,.T.);
#6645 = VERTEX_POINT('',#6646);
#6646 = CARTESIAN_POINT('',(157.0125,59.625,1.));
#6647 = LINE('',#6648,#6649);
#6648 = CARTESIAN_POINT('',(157.0125,59.625,1.));
#6649 = VECTOR('',#6650,1.);
#6650 = DIRECTION('',(-0.,-0.,-1.));
#6651 = ORIENTED_EDGE('',*,*,#839,.T.);
#6652 = ORIENTED_EDGE('',*,*,#6613,.F.);
#6653 = ORIENTED_EDGE('',*,*,#6654,.F.);
#6654 = EDGE_CURVE('',#6645,#6614,#6655,.T.);
#6655 = LINE('',#6656,#6657);
#6656 = CARTESIAN_POINT('',(157.0125,59.625,1.));
#6657 = VECTOR('',#6658,1.);
#6658 = DIRECTION('',(-1.,0.,0.));
#6659 = PLANE('',#6660);
#6660 = AXIS2_PLACEMENT_3D('',#6661,#6662,#6663);
#6661 = CARTESIAN_POINT('',(157.0125,59.625,1.));
#6662 = DIRECTION('',(0.,1.,0.));
#6663 = DIRECTION('',(-1.,0.,0.));
#6664 = ADVANCED_FACE('',(#6665),#6683,.F.);
#6665 = FACE_BOUND('',#6666,.F.);
#6666 = EDGE_LOOP('',(#6667,#6668,#6669,#6677));
#6667 = ORIENTED_EDGE('',*,*,#6622,.T.);
#6668 = ORIENTED_EDGE('',*,*,#855,.T.);
#6669 = ORIENTED_EDGE('',*,*,#6670,.F.);
#6670 = EDGE_CURVE('',#6671,#848,#6673,.T.);
#6671 = VERTEX_POINT('',#6672);
#6672 = CARTESIAN_POINT('',(157.0125,45.625,1.));
#6673 = LINE('',#6674,#6675);
#6674 = CARTESIAN_POINT('',(157.0125,45.625,1.));
#6675 = VECTOR('',#6676,1.);
#6676 = DIRECTION('',(-0.,-0.,-1.));
#6677 = ORIENTED_EDGE('',*,*,#6678,.F.);
#6678 = EDGE_CURVE('',#6623,#6671,#6679,.T.);
#6679 = LINE('',#6680,#6681);
#6680 = CARTESIAN_POINT('',(143.0125,45.625,1.));
#6681 = VECTOR('',#6682,1.);
#6682 = DIRECTION('',(1.,0.,0.));
#6683 = PLANE('',#6684);
#6684 = AXIS2_PLACEMENT_3D('',#6685,#6686,#6687);
#6685 = CARTESIAN_POINT('',(143.0125,45.625,1.));
#6686 = DIRECTION('',(0.,-1.,0.));
#6687 = DIRECTION('',(1.,0.,0.));
#6688 = ADVANCED_FACE('',(#6689),#6700,.F.);
#6689 = FACE_BOUND('',#6690,.F.);
#6690 = EDGE_LOOP('',(#6691,#6692,#6693,#6694));
#6691 = ORIENTED_EDGE('',*,*,#6670,.T.);
#6692 = ORIENTED_EDGE('',*,*,#847,.T.);
#6693 = ORIENTED_EDGE('',*,*,#6644,.F.);
#6694 = ORIENTED_EDGE('',*,*,#6695,.F.);
#6695 = EDGE_CURVE('',#6671,#6645,#6696,.T.);
#6696 = LINE('',#6697,#6698);
#6697 = CARTESIAN_POINT('',(157.0125,45.625,1.));
#6698 = VECTOR('',#6699,1.);
#6699 = DIRECTION('',(0.,1.,0.));
#6700 = PLANE('',#6701);
#6701 = AXIS2_PLACEMENT_3D('',#6702,#6703,#6704);
#6702 = CARTESIAN_POINT('',(157.0125,45.625,1.));
#6703 = DIRECTION('',(1.,0.,0.));
#6704 = DIRECTION('',(0.,1.,0.));
#6705 = ADVANCED_FACE('',(#6706),#6731,.F.);
#6706 = FACE_BOUND('',#6707,.F.);
#6707 = EDGE_LOOP('',(#6708,#6716,#6717,#6725));
#6708 = ORIENTED_EDGE('',*,*,#6709,.T.);
#6709 = EDGE_CURVE('',#6710,#864,#6712,.T.);
#6710 = VERTEX_POINT('',#6711);
#6711 = CARTESIAN_POINT('',(162.0625,59.625,1.));
#6712 = LINE('',#6713,#6714);
#6713 = CARTESIAN_POINT('',(162.0625,59.625,1.));
#6714 = VECTOR('',#6715,1.);
#6715 = DIRECTION('',(-0.,-0.,-1.));
#6716 = ORIENTED_EDGE('',*,*,#863,.T.);
#6717 = ORIENTED_EDGE('',*,*,#6718,.F.);
#6718 = EDGE_CURVE('',#6719,#866,#6721,.T.);
#6719 = VERTEX_POINT('',#6720);
#6720 = CARTESIAN_POINT('',(162.0625,45.625,1.));
#6721 = LINE('',#6722,#6723);
#6722 = CARTESIAN_POINT('',(162.0625,45.625,1.));
#6723 = VECTOR('',#6724,1.);
#6724 = DIRECTION('',(-0.,-0.,-1.));
#6725 = ORIENTED_EDGE('',*,*,#6726,.F.);
#6726 = EDGE_CURVE('',#6710,#6719,#6727,.T.);
#6727 = LINE('',#6728,#6729);
#6728 = CARTESIAN_POINT('',(162.0625,59.625,1.));
#6729 = VECTOR('',#6730,1.);
#6730 = DIRECTION('',(0.,-1.,0.));
#6731 = PLANE('',#6732);
#6732 = AXIS2_PLACEMENT_3D('',#6733,#6734,#6735);
#6733 = CARTESIAN_POINT('',(162.0625,59.625,1.));
#6734 = DIRECTION('',(-1.,0.,0.));
#6735 = DIRECTION('',(0.,-1.,0.));
#6736 = ADVANCED_FACE('',(#6737),#6755,.F.);
#6737 = FACE_BOUND('',#6738,.F.);
#6738 = EDGE_LOOP('',(#6739,#6747,#6748,#6749));
#6739 = ORIENTED_EDGE('',*,*,#6740,.T.);
#6740 = EDGE_CURVE('',#6741,#874,#6743,.T.);
#6741 = VERTEX_POINT('',#6742);
#6742 = CARTESIAN_POINT('',(176.0625,59.625,1.));
#6743 = LINE('',#6744,#6745);
#6744 = CARTESIAN_POINT('',(176.0625,59.625,1.));
#6745 = VECTOR('',#6746,1.);
#6746 = DIRECTION('',(-0.,-0.,-1.));
#6747 = ORIENTED_EDGE('',*,*,#873,.T.);
#6748 = ORIENTED_EDGE('',*,*,#6709,.F.);
#6749 = ORIENTED_EDGE('',*,*,#6750,.F.);
#6750 = EDGE_CURVE('',#6741,#6710,#6751,.T.);
#6751 = LINE('',#6752,#6753);
#6752 = CARTESIAN_POINT('',(176.0625,59.625,1.));
#6753 = VECTOR('',#6754,1.);
#6754 = DIRECTION('',(-1.,0.,0.));
#6755 = PLANE('',#6756);
#6756 = AXIS2_PLACEMENT_3D('',#6757,#6758,#6759);
#6757 = CARTESIAN_POINT('',(176.0625,59.625,1.));
#6758 = DIRECTION('',(0.,1.,0.));
#6759 = DIRECTION('',(-1.,0.,0.));
#6760 = ADVANCED_FACE('',(#6761),#6779,.F.);
#6761 = FACE_BOUND('',#6762,.F.);
#6762 = EDGE_LOOP('',(#6763,#6764,#6765,#6773));
#6763 = ORIENTED_EDGE('',*,*,#6718,.T.);
#6764 = ORIENTED_EDGE('',*,*,#889,.T.);
#6765 = ORIENTED_EDGE('',*,*,#6766,.F.);
#6766 = EDGE_CURVE('',#6767,#882,#6769,.T.);
#6767 = VERTEX_POINT('',#6768);
#6768 = CARTESIAN_POINT('',(176.0625,45.625,1.));
#6769 = LINE('',#6770,#6771);
#6770 = CARTESIAN_POINT('',(176.0625,45.625,1.));
#6771 = VECTOR('',#6772,1.);
#6772 = DIRECTION('',(-0.,-0.,-1.));
#6773 = ORIENTED_EDGE('',*,*,#6774,.F.);
#6774 = EDGE_CURVE('',#6719,#6767,#6775,.T.);
#6775 = LINE('',#6776,#6777);
#6776 = CARTESIAN_POINT('',(162.0625,45.625,1.));
#6777 = VECTOR('',#6778,1.);
#6778 = DIRECTION('',(1.,0.,0.));
#6779 = PLANE('',#6780);
#6780 = AXIS2_PLACEMENT_3D('',#6781,#6782,#6783);
#6781 = CARTESIAN_POINT('',(162.0625,45.625,1.));
#6782 = DIRECTION('',(0.,-1.,0.));
#6783 = DIRECTION('',(1.,0.,0.));
#6784 = ADVANCED_FACE('',(#6785),#6796,.F.);
#6785 = FACE_BOUND('',#6786,.F.);
#6786 = EDGE_LOOP('',(#6787,#6788,#6789,#6790));
#6787 = ORIENTED_EDGE('',*,*,#6766,.T.);
#6788 = ORIENTED_EDGE('',*,*,#881,.T.);
#6789 = ORIENTED_EDGE('',*,*,#6740,.F.);
#6790 = ORIENTED_EDGE('',*,*,#6791,.F.);
#6791 = EDGE_CURVE('',#6767,#6741,#6792,.T.);
#6792 = LINE('',#6793,#6794);
#6793 = CARTESIAN_POINT('',(176.0625,45.625,1.));
#6794 = VECTOR('',#6795,1.);
#6795 = DIRECTION('',(0.,1.,0.));
#6796 = PLANE('',#6797);
#6797 = AXIS2_PLACEMENT_3D('',#6798,#6799,#6800);
#6798 = CARTESIAN_POINT('',(176.0625,45.625,1.));
#6799 = DIRECTION('',(1.,0.,0.));
#6800 = DIRECTION('',(0.,1.,0.));
#6801 = ADVANCED_FACE('',(#6802),#6827,.F.);
#6802 = FACE_BOUND('',#6803,.F.);
#6803 = EDGE_LOOP('',(#6804,#6812,#6813,#6821));
#6804 = ORIENTED_EDGE('',*,*,#6805,.T.);
#6805 = EDGE_CURVE('',#6806,#898,#6808,.T.);
#6806 = VERTEX_POINT('',#6807);
#6807 = CARTESIAN_POINT('',(173.96875,21.525,1.));
#6808 = LINE('',#6809,#6810);
#6809 = CARTESIAN_POINT('',(173.96875,21.525,1.));
#6810 = VECTOR('',#6811,1.);
#6811 = DIRECTION('',(-0.,-0.,-1.));
#6812 = ORIENTED_EDGE('',*,*,#897,.T.);
#6813 = ORIENTED_EDGE('',*,*,#6814,.F.);
#6814 = EDGE_CURVE('',#6815,#900,#6817,.T.);
#6815 = VERTEX_POINT('',#6816);
#6816 = CARTESIAN_POINT('',(173.96875,16.825,1.));
#6817 = LINE('',#6818,#6819);
#6818 = CARTESIAN_POINT('',(173.96875,16.825,1.));
#6819 = VECTOR('',#6820,1.);
#6820 = DIRECTION('',(-0.,-0.,-1.));
#6821 = ORIENTED_EDGE('',*,*,#6822,.F.);
#6822 = EDGE_CURVE('',#6806,#6815,#6823,.T.);
#6823 = LINE('',#6824,#6825);
#6824 = CARTESIAN_POINT('',(173.96875,21.525,1.));
#6825 = VECTOR('',#6826,1.);
#6826 = DIRECTION('',(0.,-1.,0.));
#6827 = PLANE('',#6828);
#6828 = AXIS2_PLACEMENT_3D('',#6829,#6830,#6831);
#6829 = CARTESIAN_POINT('',(173.96875,21.525,1.));
#6830 = DIRECTION('',(-1.,0.,0.));
#6831 = DIRECTION('',(0.,-1.,0.));
#6832 = ADVANCED_FACE('',(#6833),#6851,.T.);
#6833 = FACE_BOUND('',#6834,.T.);
#6834 = EDGE_LOOP('',(#6835,#6836,#6837,#6845));
#6835 = ORIENTED_EDGE('',*,*,#6805,.T.);
#6836 = ORIENTED_EDGE('',*,*,#907,.T.);
#6837 = ORIENTED_EDGE('',*,*,#6838,.F.);
#6838 = EDGE_CURVE('',#6839,#908,#6841,.T.);
#6839 = VERTEX_POINT('',#6840);
#6840 = CARTESIAN_POINT('',(187.96875,21.525,1.));
#6841 = LINE('',#6842,#6843);
#6842 = CARTESIAN_POINT('',(187.96875,21.525,1.));
#6843 = VECTOR('',#6844,1.);
#6844 = DIRECTION('',(-0.,-0.,-1.));
#6845 = ORIENTED_EDGE('',*,*,#6846,.F.);
#6846 = EDGE_CURVE('',#6806,#6839,#6847,.T.);
#6847 = LINE('',#6848,#6849);
#6848 = CARTESIAN_POINT('',(173.96875,21.525,1.));
#6849 = VECTOR('',#6850,1.);
#6850 = DIRECTION('',(1.,0.,0.));
#6851 = PLANE('',#6852);
#6852 = AXIS2_PLACEMENT_3D('',#6853,#6854,#6855);
#6853 = CARTESIAN_POINT('',(173.96875,21.525,1.));
#6854 = DIRECTION('',(0.,-1.,0.));
#6855 = DIRECTION('',(1.,0.,0.));
#6856 = ADVANCED_FACE('',(#6857),#6875,.F.);
#6857 = FACE_BOUND('',#6858,.F.);
#6858 = EDGE_LOOP('',(#6859,#6860,#6861,#6869));
#6859 = ORIENTED_EDGE('',*,*,#6814,.T.);
#6860 = ORIENTED_EDGE('',*,*,#1179,.T.);
#6861 = ORIENTED_EDGE('',*,*,#6862,.F.);
#6862 = EDGE_CURVE('',#6863,#1172,#6865,.T.);
#6863 = VERTEX_POINT('',#6864);
#6864 = CARTESIAN_POINT('',(134.34375,16.825,1.));
#6865 = LINE('',#6866,#6867);
#6866 = CARTESIAN_POINT('',(134.34375,16.825,1.));
#6867 = VECTOR('',#6868,1.);
#6868 = DIRECTION('',(-0.,-0.,-1.));
#6869 = ORIENTED_EDGE('',*,*,#6870,.F.);
#6870 = EDGE_CURVE('',#6815,#6863,#6871,.T.);
#6871 = LINE('',#6872,#6873);
#6872 = CARTESIAN_POINT('',(173.96875,16.825,1.));
#6873 = VECTOR('',#6874,1.);
#6874 = DIRECTION('',(-1.,0.,0.));
#6875 = PLANE('',#6876);
#6876 = AXIS2_PLACEMENT_3D('',#6877,#6878,#6879);
#6877 = CARTESIAN_POINT('',(173.96875,16.825,1.));
#6878 = DIRECTION('',(0.,1.,0.));
#6879 = DIRECTION('',(-1.,0.,0.));
#6880 = ADVANCED_FACE('',(#6881),#6899,.T.);
#6881 = FACE_BOUND('',#6882,.T.);
#6882 = EDGE_LOOP('',(#6883,#6884,#6885,#6893));
#6883 = ORIENTED_EDGE('',*,*,#6838,.T.);
#6884 = ORIENTED_EDGE('',*,*,#915,.T.);
#6885 = ORIENTED_EDGE('',*,*,#6886,.F.);
#6886 = EDGE_CURVE('',#6887,#916,#6889,.T.);
#6887 = VERTEX_POINT('',#6888);
#6888 = CARTESIAN_POINT('',(187.96875,16.825,1.));
#6889 = LINE('',#6890,#6891);
#6890 = CARTESIAN_POINT('',(187.96875,16.825,1.));
#6891 = VECTOR('',#6892,1.);
#6892 = DIRECTION('',(-0.,-0.,-1.));
#6893 = ORIENTED_EDGE('',*,*,#6894,.F.);
#6894 = EDGE_CURVE('',#6839,#6887,#6895,.T.);
#6895 = LINE('',#6896,#6897);
#6896 = CARTESIAN_POINT('',(187.96875,21.525,1.));
#6897 = VECTOR('',#6898,1.);
#6898 = DIRECTION('',(0.,-1.,0.));
#6899 = PLANE('',#6900);
#6900 = AXIS2_PLACEMENT_3D('',#6901,#6902,#6903);
#6901 = CARTESIAN_POINT('',(187.96875,21.525,1.));
#6902 = DIRECTION('',(-1.,0.,0.));
#6903 = DIRECTION('',(0.,-1.,0.));
#6904 = ADVANCED_FACE('',(#6905),#6923,.F.);
#6905 = FACE_BOUND('',#6906,.F.);
#6906 = EDGE_LOOP('',(#6907,#6908,#6909,#6917));
#6907 = ORIENTED_EDGE('',*,*,#6862,.T.);
#6908 = ORIENTED_EDGE('',*,*,#1171,.T.);
#6909 = ORIENTED_EDGE('',*,*,#6910,.F.);
#6910 = EDGE_CURVE('',#6911,#1164,#6913,.T.);
#6911 = VERTEX_POINT('',#6912);
#6912 = CARTESIAN_POINT('',(134.34375,20.055,1.));
#6913 = LINE('',#6914,#6915);
#6914 = CARTESIAN_POINT('',(134.34375,20.055,1.));
#6915 = VECTOR('',#6916,1.);
#6916 = DIRECTION('',(-0.,-0.,-1.));
#6917 = ORIENTED_EDGE('',*,*,#6918,.F.);
#6918 = EDGE_CURVE('',#6863,#6911,#6919,.T.);
#6919 = LINE('',#6920,#6921);
#6920 = CARTESIAN_POINT('',(134.34375,16.825,1.));
#6921 = VECTOR('',#6922,1.);
#6922 = DIRECTION('',(0.,1.,0.));
#6923 = PLANE('',#6924);
#6924 = AXIS2_PLACEMENT_3D('',#6925,#6926,#6927);
#6925 = CARTESIAN_POINT('',(134.34375,16.825,1.));
#6926 = DIRECTION('',(1.,0.,0.));
#6927 = DIRECTION('',(0.,1.,0.));
#6928 = ADVANCED_FACE('',(#6929),#6947,.T.);
#6929 = FACE_BOUND('',#6930,.T.);
#6930 = EDGE_LOOP('',(#6931,#6932,#6933,#6941));
#6931 = ORIENTED_EDGE('',*,*,#6886,.T.);
#6932 = ORIENTED_EDGE('',*,*,#923,.T.);
#6933 = ORIENTED_EDGE('',*,*,#6934,.F.);
#6934 = EDGE_CURVE('',#6935,#924,#6937,.T.);
#6935 = VERTEX_POINT('',#6936);
#6936 = CARTESIAN_POINT('',(227.59375,16.825,1.));
#6937 = LINE('',#6938,#6939);
#6938 = CARTESIAN_POINT('',(227.59375,16.825,1.));
#6939 = VECTOR('',#6940,1.);
#6940 = DIRECTION('',(-0.,-0.,-1.));
#6941 = ORIENTED_EDGE('',*,*,#6942,.F.);
#6942 = EDGE_CURVE('',#6887,#6935,#6943,.T.);
#6943 = LINE('',#6944,#6945);
#6944 = CARTESIAN_POINT('',(187.96875,16.825,1.));
#6945 = VECTOR('',#6946,1.);
#6946 = DIRECTION('',(1.,0.,0.));
#6947 = PLANE('',#6948);
#6948 = AXIS2_PLACEMENT_3D('',#6949,#6950,#6951);
#6949 = CARTESIAN_POINT('',(187.96875,16.825,1.));
#6950 = DIRECTION('',(0.,-1.,0.));
#6951 = DIRECTION('',(1.,0.,0.));
#6952 = ADVANCED_FACE('',(#6953),#6971,.T.);
#6953 = FACE_BOUND('',#6954,.T.);
#6954 = EDGE_LOOP('',(#6955,#6963,#6964,#6965));
#6955 = ORIENTED_EDGE('',*,*,#6956,.T.);
#6956 = EDGE_CURVE('',#6957,#1156,#6959,.T.);
#6957 = VERTEX_POINT('',#6958);
#6958 = CARTESIAN_POINT('',(127.59375,20.055,1.));
#6959 = LINE('',#6960,#6961);
#6960 = CARTESIAN_POINT('',(127.59375,20.055,1.));
#6961 = VECTOR('',#6962,1.);
#6962 = DIRECTION('',(-0.,-0.,-1.));
#6963 = ORIENTED_EDGE('',*,*,#1163,.T.);
#6964 = ORIENTED_EDGE('',*,*,#6910,.F.);
#6965 = ORIENTED_EDGE('',*,*,#6966,.F.);
#6966 = EDGE_CURVE('',#6957,#6911,#6967,.T.);
#6967 = LINE('',#6968,#6969);
#6968 = CARTESIAN_POINT('',(127.59375,20.055,1.));
#6969 = VECTOR('',#6970,1.);
#6970 = DIRECTION('',(1.,0.,0.));
#6971 = PLANE('',#6972);
#6972 = AXIS2_PLACEMENT_3D('',#6973,#6974,#6975);
#6973 = CARTESIAN_POINT('',(127.59375,20.055,1.));
#6974 = DIRECTION('',(0.,-1.,0.));
#6975 = DIRECTION('',(1.,0.,0.));
#6976 = ADVANCED_FACE('',(#6977),#6995,.T.);
#6977 = FACE_BOUND('',#6978,.T.);
#6978 = EDGE_LOOP('',(#6979,#6980,#6981,#6989));
#6979 = ORIENTED_EDGE('',*,*,#6934,.T.);
#6980 = ORIENTED_EDGE('',*,*,#931,.T.);
#6981 = ORIENTED_EDGE('',*,*,#6982,.F.);
#6982 = EDGE_CURVE('',#6983,#932,#6985,.T.);
#6983 = VERTEX_POINT('',#6984);
#6984 = CARTESIAN_POINT('',(227.59375,20.055,1.));
#6985 = LINE('',#6986,#6987);
#6986 = CARTESIAN_POINT('',(227.59375,20.055,1.));
#6987 = VECTOR('',#6988,1.);
#6988 = DIRECTION('',(-0.,-0.,-1.));
#6989 = ORIENTED_EDGE('',*,*,#6990,.F.);
#6990 = EDGE_CURVE('',#6935,#6983,#6991,.T.);
#6991 = LINE('',#6992,#6993);
#6992 = CARTESIAN_POINT('',(227.59375,16.825,1.));
#6993 = VECTOR('',#6994,1.);
#6994 = DIRECTION('',(0.,1.,0.));
#6995 = PLANE('',#6996);
#6996 = AXIS2_PLACEMENT_3D('',#6997,#6998,#6999);
#6997 = CARTESIAN_POINT('',(227.59375,16.825,1.));
#6998 = DIRECTION('',(1.,0.,0.));
#6999 = DIRECTION('',(0.,1.,0.));
#7000 = ADVANCED_FACE('',(#7001),#7019,.F.);
#7001 = FACE_BOUND('',#7002,.F.);
#7002 = EDGE_LOOP('',(#7003,#7004,#7005,#7013));
#7003 = ORIENTED_EDGE('',*,*,#6956,.T.);
#7004 = ORIENTED_EDGE('',*,*,#1155,.T.);
#7005 = ORIENTED_EDGE('',*,*,#7006,.F.);
#7006 = EDGE_CURVE('',#7007,#1148,#7009,.T.);
#7007 = VERTEX_POINT('',#7008);
#7008 = CARTESIAN_POINT('',(127.59375,16.825,1.));
#7009 = LINE('',#7010,#7011);
#7010 = CARTESIAN_POINT('',(127.59375,16.825,1.));
#7011 = VECTOR('',#7012,1.);
#7012 = DIRECTION('',(-0.,-0.,-1.));
#7013 = ORIENTED_EDGE('',*,*,#7014,.F.);
#7014 = EDGE_CURVE('',#6957,#7007,#7015,.T.);
#7015 = LINE('',#7016,#7017);
#7016 = CARTESIAN_POINT('',(127.59375,20.055,1.));
#7017 = VECTOR('',#7018,1.);
#7018 = DIRECTION('',(0.,-1.,0.));
#7019 = PLANE('',#7020);
#7020 = AXIS2_PLACEMENT_3D('',#7021,#7022,#7023);
#7021 = CARTESIAN_POINT('',(127.59375,20.055,1.));
#7022 = DIRECTION('',(-1.,0.,0.));
#7023 = DIRECTION('',(0.,-1.,0.));
#7024 = ADVANCED_FACE('',(#7025),#7043,.T.);
#7025 = FACE_BOUND('',#7026,.T.);
#7026 = EDGE_LOOP('',(#7027,#7028,#7029,#7037));
#7027 = ORIENTED_EDGE('',*,*,#6982,.T.);
#7028 = ORIENTED_EDGE('',*,*,#939,.T.);
#7029 = ORIENTED_EDGE('',*,*,#7030,.F.);
#7030 = EDGE_CURVE('',#7031,#940,#7033,.T.);
#7031 = VERTEX_POINT('',#7032);
#7032 = CARTESIAN_POINT('',(234.34375,20.055,1.));
#7033 = LINE('',#7034,#7035);
#7034 = CARTESIAN_POINT('',(234.34375,20.055,1.));
#7035 = VECTOR('',#7036,1.);
#7036 = DIRECTION('',(-0.,-0.,-1.));
#7037 = ORIENTED_EDGE('',*,*,#7038,.F.);
#7038 = EDGE_CURVE('',#6983,#7031,#7039,.T.);
#7039 = LINE('',#7040,#7041);
#7040 = CARTESIAN_POINT('',(227.59375,20.055,1.));
#7041 = VECTOR('',#7042,1.);
#7042 = DIRECTION('',(1.,0.,0.));
#7043 = PLANE('',#7044);
#7044 = AXIS2_PLACEMENT_3D('',#7045,#7046,#7047);
#7045 = CARTESIAN_POINT('',(227.59375,20.055,1.));
#7046 = DIRECTION('',(0.,-1.,0.));
#7047 = DIRECTION('',(1.,0.,0.));
#7048 = ADVANCED_FACE('',(#7049),#7067,.F.);
#7049 = FACE_BOUND('',#7050,.F.);
#7050 = EDGE_LOOP('',(#7051,#7052,#7053,#7061));
#7051 = ORIENTED_EDGE('',*,*,#7006,.T.);
#7052 = ORIENTED_EDGE('',*,*,#1147,.T.);
#7053 = ORIENTED_EDGE('',*,*,#7054,.F.);
#7054 = EDGE_CURVE('',#7055,#1140,#7057,.T.);
#7055 = VERTEX_POINT('',#7056);
#7056 = CARTESIAN_POINT('',(126.76875,16.825,1.));
#7057 = LINE('',#7058,#7059);
#7058 = CARTESIAN_POINT('',(126.76875,16.825,1.));
#7059 = VECTOR('',#7060,1.);
#7060 = DIRECTION('',(-0.,-0.,-1.));
#7061 = ORIENTED_EDGE('',*,*,#7062,.F.);
#7062 = EDGE_CURVE('',#7007,#7055,#7063,.T.);
#7063 = LINE('',#7064,#7065);
#7064 = CARTESIAN_POINT('',(127.59375,16.825,1.));
#7065 = VECTOR('',#7066,1.);
#7066 = DIRECTION('',(-1.,0.,0.));
#7067 = PLANE('',#7068);
#7068 = AXIS2_PLACEMENT_3D('',#7069,#7070,#7071);
#7069 = CARTESIAN_POINT('',(127.59375,16.825,1.));
#7070 = DIRECTION('',(0.,1.,0.));
#7071 = DIRECTION('',(-1.,0.,0.));
#7072 = ADVANCED_FACE('',(#7073),#7091,.T.);
#7073 = FACE_BOUND('',#7074,.T.);
#7074 = EDGE_LOOP('',(#7075,#7076,#7077,#7085));
#7075 = ORIENTED_EDGE('',*,*,#7030,.T.);
#7076 = ORIENTED_EDGE('',*,*,#947,.T.);
#7077 = ORIENTED_EDGE('',*,*,#7078,.F.);
#7078 = EDGE_CURVE('',#7079,#948,#7081,.T.);
#7079 = VERTEX_POINT('',#7080);
#7080 = CARTESIAN_POINT('',(234.34375,16.825,1.));
#7081 = LINE('',#7082,#7083);
#7082 = CARTESIAN_POINT('',(234.34375,16.825,1.));
#7083 = VECTOR('',#7084,1.);
#7084 = DIRECTION('',(-0.,-0.,-1.));
#7085 = ORIENTED_EDGE('',*,*,#7086,.F.);
#7086 = EDGE_CURVE('',#7031,#7079,#7087,.T.);
#7087 = LINE('',#7088,#7089);
#7088 = CARTESIAN_POINT('',(234.34375,20.055,1.));
#7089 = VECTOR('',#7090,1.);
#7090 = DIRECTION('',(0.,-1.,0.));
#7091 = PLANE('',#7092);
#7092 = AXIS2_PLACEMENT_3D('',#7093,#7094,#7095);
#7093 = CARTESIAN_POINT('',(234.34375,20.055,1.));
#7094 = DIRECTION('',(-1.,0.,0.));
#7095 = DIRECTION('',(0.,-1.,0.));
#7096 = ADVANCED_FACE('',(#7097),#7115,.F.);
#7097 = FACE_BOUND('',#7098,.F.);
#7098 = EDGE_LOOP('',(#7099,#7100,#7101,#7109));
#7099 = ORIENTED_EDGE('',*,*,#7054,.T.);
#7100 = ORIENTED_EDGE('',*,*,#1139,.T.);
#7101 = ORIENTED_EDGE('',*,*,#7102,.F.);
#7102 = EDGE_CURVE('',#7103,#1132,#7105,.T.);
#7103 = VERTEX_POINT('',#7104);
#7104 = CARTESIAN_POINT('',(126.76875,14.025,1.));
#7105 = LINE('',#7106,#7107);
#7106 = CARTESIAN_POINT('',(126.76875,14.025,1.));
#7107 = VECTOR('',#7108,1.);
#7108 = DIRECTION('',(-0.,-0.,-1.));
#7109 = ORIENTED_EDGE('',*,*,#7110,.F.);
#7110 = EDGE_CURVE('',#7055,#7103,#7111,.T.);
#7111 = LINE('',#7112,#7113);
#7112 = CARTESIAN_POINT('',(126.76875,16.825,1.));
#7113 = VECTOR('',#7114,1.);
#7114 = DIRECTION('',(0.,-1.,0.));
#7115 = PLANE('',#7116);
#7116 = AXIS2_PLACEMENT_3D('',#7117,#7118,#7119);
#7117 = CARTESIAN_POINT('',(126.76875,16.825,1.));
#7118 = DIRECTION('',(-1.,0.,0.));
#7119 = DIRECTION('',(0.,-1.,0.));
#7120 = ADVANCED_FACE('',(#7121),#7139,.T.);
#7121 = FACE_BOUND('',#7122,.T.);
#7122 = EDGE_LOOP('',(#7123,#7124,#7125,#7133));
#7123 = ORIENTED_EDGE('',*,*,#7078,.T.);
#7124 = ORIENTED_EDGE('',*,*,#955,.T.);
#7125 = ORIENTED_EDGE('',*,*,#7126,.F.);
#7126 = EDGE_CURVE('',#7127,#956,#7129,.T.);
#7127 = VERTEX_POINT('',#7128);
#7128 = CARTESIAN_POINT('',(235.16875,16.825,1.));
#7129 = LINE('',#7130,#7131);
#7130 = CARTESIAN_POINT('',(235.16875,16.825,1.));
#7131 = VECTOR('',#7132,1.);
#7132 = DIRECTION('',(-0.,-0.,-1.));
#7133 = ORIENTED_EDGE('',*,*,#7134,.F.);
#7134 = EDGE_CURVE('',#7079,#7127,#7135,.T.);
#7135 = LINE('',#7136,#7137);
#7136 = CARTESIAN_POINT('',(234.34375,16.825,1.));
#7137 = VECTOR('',#7138,1.);
#7138 = DIRECTION('',(1.,0.,0.));
#7139 = PLANE('',#7140);
#7140 = AXIS2_PLACEMENT_3D('',#7141,#7142,#7143);
#7141 = CARTESIAN_POINT('',(234.34375,16.825,1.));
#7142 = DIRECTION('',(0.,-1.,0.));
#7143 = DIRECTION('',(1.,0.,0.));
#7144 = ADVANCED_FACE('',(#7145),#7163,.F.);
#7145 = FACE_BOUND('',#7146,.F.);
#7146 = EDGE_LOOP('',(#7147,#7148,#7149,#7157));
#7147 = ORIENTED_EDGE('',*,*,#7102,.T.);
#7148 = ORIENTED_EDGE('',*,*,#1131,.T.);
#7149 = ORIENTED_EDGE('',*,*,#7150,.F.);
#7150 = EDGE_CURVE('',#7151,#1124,#7153,.T.);
#7151 = VERTEX_POINT('',#7152);
#7152 = CARTESIAN_POINT('',(127.59375,14.025,1.));
#7153 = LINE('',#7154,#7155);
#7154 = CARTESIAN_POINT('',(127.59375,14.025,1.));
#7155 = VECTOR('',#7156,1.);
#7156 = DIRECTION('',(-0.,-0.,-1.));
#7157 = ORIENTED_EDGE('',*,*,#7158,.F.);
#7158 = EDGE_CURVE('',#7103,#7151,#7159,.T.);
#7159 = LINE('',#7160,#7161);
#7160 = CARTESIAN_POINT('',(126.76875,14.025,1.));
#7161 = VECTOR('',#7162,1.);
#7162 = DIRECTION('',(1.,0.,0.));
#7163 = PLANE('',#7164);
#7164 = AXIS2_PLACEMENT_3D('',#7165,#7166,#7167);
#7165 = CARTESIAN_POINT('',(126.76875,14.025,1.));
#7166 = DIRECTION('',(0.,-1.,0.));
#7167 = DIRECTION('',(1.,0.,0.));
#7168 = ADVANCED_FACE('',(#7169),#7187,.T.);
#7169 = FACE_BOUND('',#7170,.T.);
#7170 = EDGE_LOOP('',(#7171,#7172,#7173,#7181));
#7171 = ORIENTED_EDGE('',*,*,#7126,.T.);
#7172 = ORIENTED_EDGE('',*,*,#963,.T.);
#7173 = ORIENTED_EDGE('',*,*,#7174,.F.);
#7174 = EDGE_CURVE('',#7175,#964,#7177,.T.);
#7175 = VERTEX_POINT('',#7176);
#7176 = CARTESIAN_POINT('',(235.16875,14.025,1.));
#7177 = LINE('',#7178,#7179);
#7178 = CARTESIAN_POINT('',(235.16875,14.025,1.));
#7179 = VECTOR('',#7180,1.);
#7180 = DIRECTION('',(-0.,-0.,-1.));
#7181 = ORIENTED_EDGE('',*,*,#7182,.F.);
#7182 = EDGE_CURVE('',#7127,#7175,#7183,.T.);
#7183 = LINE('',#7184,#7185);
#7184 = CARTESIAN_POINT('',(235.16875,16.825,1.));
#7185 = VECTOR('',#7186,1.);
#7186 = DIRECTION('',(0.,-1.,0.));
#7187 = PLANE('',#7188);
#7188 = AXIS2_PLACEMENT_3D('',#7189,#7190,#7191);
#7189 = CARTESIAN_POINT('',(235.16875,16.825,1.));
#7190 = DIRECTION('',(-1.,0.,0.));
#7191 = DIRECTION('',(0.,-1.,0.));
#7192 = ADVANCED_FACE('',(#7193),#7211,.F.);
#7193 = FACE_BOUND('',#7194,.F.);
#7194 = EDGE_LOOP('',(#7195,#7196,#7197,#7205));
#7195 = ORIENTED_EDGE('',*,*,#7150,.T.);
#7196 = ORIENTED_EDGE('',*,*,#1123,.T.);
#7197 = ORIENTED_EDGE('',*,*,#7198,.F.);
#7198 = EDGE_CURVE('',#7199,#1116,#7201,.T.);
#7199 = VERTEX_POINT('',#7200);
#7200 = CARTESIAN_POINT('',(127.59375,7.755,1.));
#7201 = LINE('',#7202,#7203);
#7202 = CARTESIAN_POINT('',(127.59375,7.755,1.));
#7203 = VECTOR('',#7204,1.);
#7204 = DIRECTION('',(-0.,-0.,-1.));
#7205 = ORIENTED_EDGE('',*,*,#7206,.F.);
#7206 = EDGE_CURVE('',#7151,#7199,#7207,.T.);
#7207 = LINE('',#7208,#7209);
#7208 = CARTESIAN_POINT('',(127.59375,14.025,1.));
#7209 = VECTOR('',#7210,1.);
#7210 = DIRECTION('',(0.,-1.,0.));
#7211 = PLANE('',#7212);
#7212 = AXIS2_PLACEMENT_3D('',#7213,#7214,#7215);
#7213 = CARTESIAN_POINT('',(127.59375,14.025,1.));
#7214 = DIRECTION('',(-1.,0.,0.));
#7215 = DIRECTION('',(0.,-1.,0.));
#7216 = ADVANCED_FACE('',(#7217),#7235,.T.);
#7217 = FACE_BOUND('',#7218,.T.);
#7218 = EDGE_LOOP('',(#7219,#7220,#7221,#7229));
#7219 = ORIENTED_EDGE('',*,*,#7174,.T.);
#7220 = ORIENTED_EDGE('',*,*,#971,.T.);
#7221 = ORIENTED_EDGE('',*,*,#7222,.F.);
#7222 = EDGE_CURVE('',#7223,#972,#7225,.T.);
#7223 = VERTEX_POINT('',#7224);
#7224 = CARTESIAN_POINT('',(234.34375,14.025,1.));
#7225 = LINE('',#7226,#7227);
#7226 = CARTESIAN_POINT('',(234.34375,14.025,1.));
#7227 = VECTOR('',#7228,1.);
#7228 = DIRECTION('',(-0.,-0.,-1.));
#7229 = ORIENTED_EDGE('',*,*,#7230,.F.);
#7230 = EDGE_CURVE('',#7175,#7223,#7231,.T.);
#7231 = LINE('',#7232,#7233);
#7232 = CARTESIAN_POINT('',(235.16875,14.025,1.));
#7233 = VECTOR('',#7234,1.);
#7234 = DIRECTION('',(-1.,0.,0.));
#7235 = PLANE('',#7236);
#7236 = AXIS2_PLACEMENT_3D('',#7237,#7238,#7239);
#7237 = CARTESIAN_POINT('',(235.16875,14.025,1.));
#7238 = DIRECTION('',(0.,1.,0.));
#7239 = DIRECTION('',(-1.,0.,0.));
#7240 = ADVANCED_FACE('',(#7241),#7259,.F.);
#7241 = FACE_BOUND('',#7242,.F.);
#7242 = EDGE_LOOP('',(#7243,#7244,#7245,#7253));
#7243 = ORIENTED_EDGE('',*,*,#7198,.T.);
#7244 = ORIENTED_EDGE('',*,*,#1115,.T.);
#7245 = ORIENTED_EDGE('',*,*,#7246,.F.);
#7246 = EDGE_CURVE('',#7247,#1108,#7249,.T.);
#7247 = VERTEX_POINT('',#7248);
#7248 = CARTESIAN_POINT('',(129.31875,7.755,1.));
#7249 = LINE('',#7250,#7251);
#7250 = CARTESIAN_POINT('',(129.31875,7.755,1.));
#7251 = VECTOR('',#7252,1.);
#7252 = DIRECTION('',(-0.,-0.,-1.));
#7253 = ORIENTED_EDGE('',*,*,#7254,.F.);
#7254 = EDGE_CURVE('',#7199,#7247,#7255,.T.);
#7255 = LINE('',#7256,#7257);
#7256 = CARTESIAN_POINT('',(127.59375,7.755,1.));
#7257 = VECTOR('',#7258,1.);
#7258 = DIRECTION('',(1.,0.,0.));
#7259 = PLANE('',#7260);
#7260 = AXIS2_PLACEMENT_3D('',#7261,#7262,#7263);
#7261 = CARTESIAN_POINT('',(127.59375,7.755,1.));
#7262 = DIRECTION('',(0.,-1.,0.));
#7263 = DIRECTION('',(1.,0.,0.));
#7264 = ADVANCED_FACE('',(#7265),#7283,.T.);
#7265 = FACE_BOUND('',#7266,.T.);
#7266 = EDGE_LOOP('',(#7267,#7268,#7269,#7277));
#7267 = ORIENTED_EDGE('',*,*,#7222,.T.);
#7268 = ORIENTED_EDGE('',*,*,#979,.T.);
#7269 = ORIENTED_EDGE('',*,*,#7270,.F.);
#7270 = EDGE_CURVE('',#7271,#980,#7273,.T.);
#7271 = VERTEX_POINT('',#7272);
#7272 = CARTESIAN_POINT('',(234.34375,7.755,1.));
#7273 = LINE('',#7274,#7275);
#7274 = CARTESIAN_POINT('',(234.34375,7.755,1.));
#7275 = VECTOR('',#7276,1.);
#7276 = DIRECTION('',(-0.,-0.,-1.));
#7277 = ORIENTED_EDGE('',*,*,#7278,.F.);
#7278 = EDGE_CURVE('',#7223,#7271,#7279,.T.);
#7279 = LINE('',#7280,#7281);
#7280 = CARTESIAN_POINT('',(234.34375,14.025,1.));
#7281 = VECTOR('',#7282,1.);
#7282 = DIRECTION('',(0.,-1.,0.));
#7283 = PLANE('',#7284);
#7284 = AXIS2_PLACEMENT_3D('',#7285,#7286,#7287);
#7285 = CARTESIAN_POINT('',(234.34375,14.025,1.));
#7286 = DIRECTION('',(-1.,0.,0.));
#7287 = DIRECTION('',(0.,-1.,0.));
#7288 = ADVANCED_FACE('',(#7289),#7307,.F.);
#7289 = FACE_BOUND('',#7290,.F.);
#7290 = EDGE_LOOP('',(#7291,#7292,#7293,#7301));
#7291 = ORIENTED_EDGE('',*,*,#7246,.T.);
#7292 = ORIENTED_EDGE('',*,*,#1107,.T.);
#7293 = ORIENTED_EDGE('',*,*,#7294,.F.);
#7294 = EDGE_CURVE('',#7295,#1100,#7297,.T.);
#7295 = VERTEX_POINT('',#7296);
#7296 = CARTESIAN_POINT('',(129.31875,6.555,1.));
#7297 = LINE('',#7298,#7299);
#7298 = CARTESIAN_POINT('',(129.31875,6.555,1.));
#7299 = VECTOR('',#7300,1.);
#7300 = DIRECTION('',(-0.,-0.,-1.));
#7301 = ORIENTED_EDGE('',*,*,#7302,.F.);
#7302 = EDGE_CURVE('',#7247,#7295,#7303,.T.);
#7303 = LINE('',#7304,#7305);
#7304 = CARTESIAN_POINT('',(129.31875,7.755,1.));
#7305 = VECTOR('',#7306,1.);
#7306 = DIRECTION('',(0.,-1.,0.));
#7307 = PLANE('',#7308);
#7308 = AXIS2_PLACEMENT_3D('',#7309,#7310,#7311);
#7309 = CARTESIAN_POINT('',(129.31875,7.755,1.));
#7310 = DIRECTION('',(-1.,0.,0.));
#7311 = DIRECTION('',(0.,-1.,0.));
#7312 = ADVANCED_FACE('',(#7313),#7331,.T.);
#7313 = FACE_BOUND('',#7314,.T.);
#7314 = EDGE_LOOP('',(#7315,#7316,#7317,#7325));
#7315 = ORIENTED_EDGE('',*,*,#7270,.T.);
#7316 = ORIENTED_EDGE('',*,*,#987,.T.);
#7317 = ORIENTED_EDGE('',*,*,#7318,.F.);
#7318 = EDGE_CURVE('',#7319,#988,#7321,.T.);
#7319 = VERTEX_POINT('',#7320);
#7320 = CARTESIAN_POINT('',(232.61875,7.755,1.));
#7321 = LINE('',#7322,#7323);
#7322 = CARTESIAN_POINT('',(232.61875,7.755,1.));
#7323 = VECTOR('',#7324,1.);
#7324 = DIRECTION('',(-0.,-0.,-1.));
#7325 = ORIENTED_EDGE('',*,*,#7326,.F.);
#7326 = EDGE_CURVE('',#7271,#7319,#7327,.T.);
#7327 = LINE('',#7328,#7329);
#7328 = CARTESIAN_POINT('',(234.34375,7.755,1.));
#7329 = VECTOR('',#7330,1.);
#7330 = DIRECTION('',(-1.,0.,0.));
#7331 = PLANE('',#7332);
#7332 = AXIS2_PLACEMENT_3D('',#7333,#7334,#7335);
#7333 = CARTESIAN_POINT('',(234.34375,7.755,1.));
#7334 = DIRECTION('',(0.,1.,0.));
#7335 = DIRECTION('',(-1.,0.,0.));
#7336 = ADVANCED_FACE('',(#7337),#7355,.F.);
#7337 = FACE_BOUND('',#7338,.F.);
#7338 = EDGE_LOOP('',(#7339,#7340,#7341,#7349));
#7339 = ORIENTED_EDGE('',*,*,#7294,.T.);
#7340 = ORIENTED_EDGE('',*,*,#1099,.T.);
#7341 = ORIENTED_EDGE('',*,*,#7342,.F.);
#7342 = EDGE_CURVE('',#7343,#1092,#7345,.T.);
#7343 = VERTEX_POINT('',#7344);
#7344 = CARTESIAN_POINT('',(132.61875,6.555,1.));
#7345 = LINE('',#7346,#7347);
#7346 = CARTESIAN_POINT('',(132.61875,6.555,1.));
#7347 = VECTOR('',#7348,1.);
#7348 = DIRECTION('',(-0.,-0.,-1.));
#7349 = ORIENTED_EDGE('',*,*,#7350,.F.);
#7350 = EDGE_CURVE('',#7295,#7343,#7351,.T.);
#7351 = LINE('',#7352,#7353);
#7352 = CARTESIAN_POINT('',(129.31875,6.555,1.));
#7353 = VECTOR('',#7354,1.);
#7354 = DIRECTION('',(1.,0.,0.));
#7355 = PLANE('',#7356);
#7356 = AXIS2_PLACEMENT_3D('',#7357,#7358,#7359);
#7357 = CARTESIAN_POINT('',(129.31875,6.555,1.));
#7358 = DIRECTION('',(0.,-1.,0.));
#7359 = DIRECTION('',(1.,0.,0.));
#7360 = ADVANCED_FACE('',(#7361),#7379,.T.);
#7361 = FACE_BOUND('',#7362,.T.);
#7362 = EDGE_LOOP('',(#7363,#7364,#7365,#7373));
#7363 = ORIENTED_EDGE('',*,*,#7318,.T.);
#7364 = ORIENTED_EDGE('',*,*,#995,.T.);
#7365 = ORIENTED_EDGE('',*,*,#7366,.F.);
#7366 = EDGE_CURVE('',#7367,#996,#7369,.T.);
#7367 = VERTEX_POINT('',#7368);
#7368 = CARTESIAN_POINT('',(232.61875,6.555,1.));
#7369 = LINE('',#7370,#7371);
#7370 = CARTESIAN_POINT('',(232.61875,6.555,1.));
#7371 = VECTOR('',#7372,1.);
#7372 = DIRECTION('',(-0.,-0.,-1.));
#7373 = ORIENTED_EDGE('',*,*,#7374,.F.);
#7374 = EDGE_CURVE('',#7319,#7367,#7375,.T.);
#7375 = LINE('',#7376,#7377);
#7376 = CARTESIAN_POINT('',(232.61875,7.755,1.));
#7377 = VECTOR('',#7378,1.);
#7378 = DIRECTION('',(0.,-1.,0.));
#7379 = PLANE('',#7380);
#7380 = AXIS2_PLACEMENT_3D('',#7381,#7382,#7383);
#7381 = CARTESIAN_POINT('',(232.61875,7.755,1.));
#7382 = DIRECTION('',(-1.,0.,0.));
#7383 = DIRECTION('',(0.,-1.,0.));
#7384 = ADVANCED_FACE('',(#7385),#7403,.F.);
#7385 = FACE_BOUND('',#7386,.F.);
#7386 = EDGE_LOOP('',(#7387,#7388,#7389,#7397));
#7387 = ORIENTED_EDGE('',*,*,#7342,.T.);
#7388 = ORIENTED_EDGE('',*,*,#1091,.T.);
#7389 = ORIENTED_EDGE('',*,*,#7390,.F.);
#7390 = EDGE_CURVE('',#7391,#1084,#7393,.T.);
#7391 = VERTEX_POINT('',#7392);
#7392 = CARTESIAN_POINT('',(132.61875,7.755,1.));
#7393 = LINE('',#7394,#7395);
#7394 = CARTESIAN_POINT('',(132.61875,7.755,1.));
#7395 = VECTOR('',#7396,1.);
#7396 = DIRECTION('',(-0.,-0.,-1.));
#7397 = ORIENTED_EDGE('',*,*,#7398,.F.);
#7398 = EDGE_CURVE('',#7343,#7391,#7399,.T.);
#7399 = LINE('',#7400,#7401);
#7400 = CARTESIAN_POINT('',(132.61875,6.555,1.));
#7401 = VECTOR('',#7402,1.);
#7402 = DIRECTION('',(0.,1.,0.));
#7403 = PLANE('',#7404);
#7404 = AXIS2_PLACEMENT_3D('',#7405,#7406,#7407);
#7405 = CARTESIAN_POINT('',(132.61875,6.555,1.));
#7406 = DIRECTION('',(1.,0.,0.));
#7407 = DIRECTION('',(0.,1.,0.));
#7408 = ADVANCED_FACE('',(#7409),#7427,.T.);
#7409 = FACE_BOUND('',#7410,.T.);
#7410 = EDGE_LOOP('',(#7411,#7412,#7413,#7421));
#7411 = ORIENTED_EDGE('',*,*,#7366,.T.);
#7412 = ORIENTED_EDGE('',*,*,#1003,.T.);
#7413 = ORIENTED_EDGE('',*,*,#7414,.F.);
#7414 = EDGE_CURVE('',#7415,#1004,#7417,.T.);
#7415 = VERTEX_POINT('',#7416);
#7416 = CARTESIAN_POINT('',(229.31875,6.555,1.));
#7417 = LINE('',#7418,#7419);
#7418 = CARTESIAN_POINT('',(229.31875,6.555,1.));
#7419 = VECTOR('',#7420,1.);
#7420 = DIRECTION('',(-0.,-0.,-1.));
#7421 = ORIENTED_EDGE('',*,*,#7422,.F.);
#7422 = EDGE_CURVE('',#7367,#7415,#7423,.T.);
#7423 = LINE('',#7424,#7425);
#7424 = CARTESIAN_POINT('',(232.61875,6.555,1.));
#7425 = VECTOR('',#7426,1.);
#7426 = DIRECTION('',(-1.,0.,0.));
#7427 = PLANE('',#7428);
#7428 = AXIS2_PLACEMENT_3D('',#7429,#7430,#7431);
#7429 = CARTESIAN_POINT('',(232.61875,6.555,1.));
#7430 = DIRECTION('',(0.,1.,0.));
#7431 = DIRECTION('',(-1.,0.,0.));
#7432 = ADVANCED_FACE('',(#7433),#7451,.F.);
#7433 = FACE_BOUND('',#7434,.F.);
#7434 = EDGE_LOOP('',(#7435,#7436,#7437,#7445));
#7435 = ORIENTED_EDGE('',*,*,#7390,.T.);
#7436 = ORIENTED_EDGE('',*,*,#1083,.T.);
#7437 = ORIENTED_EDGE('',*,*,#7438,.F.);
#7438 = EDGE_CURVE('',#7439,#1076,#7441,.T.);
#7439 = VERTEX_POINT('',#7440);
#7440 = CARTESIAN_POINT('',(134.34375,7.755,1.));
#7441 = LINE('',#7442,#7443);
#7442 = CARTESIAN_POINT('',(134.34375,7.755,1.));
#7443 = VECTOR('',#7444,1.);
#7444 = DIRECTION('',(-0.,-0.,-1.));
#7445 = ORIENTED_EDGE('',*,*,#7446,.F.);
#7446 = EDGE_CURVE('',#7391,#7439,#7447,.T.);
#7447 = LINE('',#7448,#7449);
#7448 = CARTESIAN_POINT('',(132.61875,7.755,1.));
#7449 = VECTOR('',#7450,1.);
#7450 = DIRECTION('',(1.,0.,0.));
#7451 = PLANE('',#7452);
#7452 = AXIS2_PLACEMENT_3D('',#7453,#7454,#7455);
#7453 = CARTESIAN_POINT('',(132.61875,7.755,1.));
#7454 = DIRECTION('',(0.,-1.,0.));
#7455 = DIRECTION('',(1.,0.,0.));
#7456 = ADVANCED_FACE('',(#7457),#7475,.T.);
#7457 = FACE_BOUND('',#7458,.T.);
#7458 = EDGE_LOOP('',(#7459,#7460,#7461,#7469));
#7459 = ORIENTED_EDGE('',*,*,#7414,.T.);
#7460 = ORIENTED_EDGE('',*,*,#1011,.T.);
#7461 = ORIENTED_EDGE('',*,*,#7462,.F.);
#7462 = EDGE_CURVE('',#7463,#1012,#7465,.T.);
#7463 = VERTEX_POINT('',#7464);
#7464 = CARTESIAN_POINT('',(229.31875,7.755,1.));
#7465 = LINE('',#7466,#7467);
#7466 = CARTESIAN_POINT('',(229.31875,7.755,1.));
#7467 = VECTOR('',#7468,1.);
#7468 = DIRECTION('',(-0.,-0.,-1.));
#7469 = ORIENTED_EDGE('',*,*,#7470,.F.);
#7470 = EDGE_CURVE('',#7415,#7463,#7471,.T.);
#7471 = LINE('',#7472,#7473);
#7472 = CARTESIAN_POINT('',(229.31875,6.555,1.));
#7473 = VECTOR('',#7474,1.);
#7474 = DIRECTION('',(0.,1.,0.));
#7475 = PLANE('',#7476);
#7476 = AXIS2_PLACEMENT_3D('',#7477,#7478,#7479);
#7477 = CARTESIAN_POINT('',(229.31875,6.555,1.));
#7478 = DIRECTION('',(1.,0.,0.));
#7479 = DIRECTION('',(0.,1.,0.));
#7480 = ADVANCED_FACE('',(#7481),#7499,.F.);
#7481 = FACE_BOUND('',#7482,.F.);
#7482 = EDGE_LOOP('',(#7483,#7484,#7485,#7493));
#7483 = ORIENTED_EDGE('',*,*,#7438,.T.);
#7484 = ORIENTED_EDGE('',*,*,#1075,.T.);
#7485 = ORIENTED_EDGE('',*,*,#7486,.F.);
#7486 = EDGE_CURVE('',#7487,#1068,#7489,.T.);
#7487 = VERTEX_POINT('',#7488);
#7488 = CARTESIAN_POINT('',(134.34375,12.225,1.));
#7489 = LINE('',#7490,#7491);
#7490 = CARTESIAN_POINT('',(134.34375,12.225,1.));
#7491 = VECTOR('',#7492,1.);
#7492 = DIRECTION('',(-0.,-0.,-1.));
#7493 = ORIENTED_EDGE('',*,*,#7494,.F.);
#7494 = EDGE_CURVE('',#7439,#7487,#7495,.T.);
#7495 = LINE('',#7496,#7497);
#7496 = CARTESIAN_POINT('',(134.34375,7.755,1.));
#7497 = VECTOR('',#7498,1.);
#7498 = DIRECTION('',(0.,1.,0.));
#7499 = PLANE('',#7500);
#7500 = AXIS2_PLACEMENT_3D('',#7501,#7502,#7503);
#7501 = CARTESIAN_POINT('',(134.34375,7.755,1.));
#7502 = DIRECTION('',(1.,0.,0.));
#7503 = DIRECTION('',(0.,1.,0.));
#7504 = ADVANCED_FACE('',(#7505),#7523,.T.);
#7505 = FACE_BOUND('',#7506,.T.);
#7506 = EDGE_LOOP('',(#7507,#7508,#7509,#7517));
#7507 = ORIENTED_EDGE('',*,*,#7462,.T.);
#7508 = ORIENTED_EDGE('',*,*,#1019,.T.);
#7509 = ORIENTED_EDGE('',*,*,#7510,.F.);
#7510 = EDGE_CURVE('',#7511,#1020,#7513,.T.);
#7511 = VERTEX_POINT('',#7512);
#7512 = CARTESIAN_POINT('',(227.59375,7.755,1.));
#7513 = LINE('',#7514,#7515);
#7514 = CARTESIAN_POINT('',(227.59375,7.755,1.));
#7515 = VECTOR('',#7516,1.);
#7516 = DIRECTION('',(-0.,-0.,-1.));
#7517 = ORIENTED_EDGE('',*,*,#7518,.F.);
#7518 = EDGE_CURVE('',#7463,#7511,#7519,.T.);
#7519 = LINE('',#7520,#7521);
#7520 = CARTESIAN_POINT('',(229.31875,7.755,1.));
#7521 = VECTOR('',#7522,1.);
#7522 = DIRECTION('',(-1.,0.,0.));
#7523 = PLANE('',#7524);
#7524 = AXIS2_PLACEMENT_3D('',#7525,#7526,#7527);
#7525 = CARTESIAN_POINT('',(229.31875,7.755,1.));
#7526 = DIRECTION('',(0.,1.,0.));
#7527 = DIRECTION('',(-1.,0.,0.));
#7528 = ADVANCED_FACE('',(#7529),#7547,.F.);
#7529 = FACE_BOUND('',#7530,.F.);
#7530 = EDGE_LOOP('',(#7531,#7532,#7533,#7541));
#7531 = ORIENTED_EDGE('',*,*,#7486,.T.);
#7532 = ORIENTED_EDGE('',*,*,#1067,.T.);
#7533 = ORIENTED_EDGE('',*,*,#7534,.F.);
#7534 = EDGE_CURVE('',#7535,#1060,#7537,.T.);
#7535 = VERTEX_POINT('',#7536);
#7536 = CARTESIAN_POINT('',(173.96875,12.225,1.));
#7537 = LINE('',#7538,#7539);
#7538 = CARTESIAN_POINT('',(173.96875,12.225,1.));
#7539 = VECTOR('',#7540,1.);
#7540 = DIRECTION('',(-0.,-0.,-1.));
#7541 = ORIENTED_EDGE('',*,*,#7542,.F.);
#7542 = EDGE_CURVE('',#7487,#7535,#7543,.T.);
#7543 = LINE('',#7544,#7545);
#7544 = CARTESIAN_POINT('',(134.34375,12.225,1.));
#7545 = VECTOR('',#7546,1.);
#7546 = DIRECTION('',(1.,0.,0.));
#7547 = PLANE('',#7548);
#7548 = AXIS2_PLACEMENT_3D('',#7549,#7550,#7551);
#7549 = CARTESIAN_POINT('',(134.34375,12.225,1.));
#7550 = DIRECTION('',(0.,-1.,0.));
#7551 = DIRECTION('',(1.,0.,0.));
#7552 = ADVANCED_FACE('',(#7553),#7571,.T.);
#7553 = FACE_BOUND('',#7554,.T.);
#7554 = EDGE_LOOP('',(#7555,#7556,#7557,#7565));
#7555 = ORIENTED_EDGE('',*,*,#7510,.T.);
#7556 = ORIENTED_EDGE('',*,*,#1027,.T.);
#7557 = ORIENTED_EDGE('',*,*,#7558,.F.);
#7558 = EDGE_CURVE('',#7559,#1028,#7561,.T.);
#7559 = VERTEX_POINT('',#7560);
#7560 = CARTESIAN_POINT('',(227.59375,12.225,1.));
#7561 = LINE('',#7562,#7563);
#7562 = CARTESIAN_POINT('',(227.59375,12.225,1.));
#7563 = VECTOR('',#7564,1.);
#7564 = DIRECTION('',(-0.,-0.,-1.));
#7565 = ORIENTED_EDGE('',*,*,#7566,.F.);
#7566 = EDGE_CURVE('',#7511,#7559,#7567,.T.);
#7567 = LINE('',#7568,#7569);
#7568 = CARTESIAN_POINT('',(227.59375,7.755,1.));
#7569 = VECTOR('',#7570,1.);
#7570 = DIRECTION('',(0.,1.,0.));
#7571 = PLANE('',#7572);
#7572 = AXIS2_PLACEMENT_3D('',#7573,#7574,#7575);
#7573 = CARTESIAN_POINT('',(227.59375,7.755,1.));
#7574 = DIRECTION('',(1.,0.,0.));
#7575 = DIRECTION('',(0.,1.,0.));
#7576 = ADVANCED_FACE('',(#7577),#7595,.T.);
#7577 = FACE_BOUND('',#7578,.T.);
#7578 = EDGE_LOOP('',(#7579,#7587,#7588,#7589));
#7579 = ORIENTED_EDGE('',*,*,#7580,.T.);
#7580 = EDGE_CURVE('',#7581,#1052,#7583,.T.);
#7581 = VERTEX_POINT('',#7582);
#7582 = CARTESIAN_POINT('',(173.96875,7.525,1.));
#7583 = LINE('',#7584,#7585);
#7584 = CARTESIAN_POINT('',(173.96875,7.525,1.));
#7585 = VECTOR('',#7586,1.);
#7586 = DIRECTION('',(-0.,-0.,-1.));
#7587 = ORIENTED_EDGE('',*,*,#1059,.T.);
#7588 = ORIENTED_EDGE('',*,*,#7534,.F.);
#7589 = ORIENTED_EDGE('',*,*,#7590,.F.);
#7590 = EDGE_CURVE('',#7581,#7535,#7591,.T.);
#7591 = LINE('',#7592,#7593);
#7592 = CARTESIAN_POINT('',(173.96875,7.525,1.));
#7593 = VECTOR('',#7594,1.);
#7594 = DIRECTION('',(0.,1.,0.));
#7595 = PLANE('',#7596);
#7596 = AXIS2_PLACEMENT_3D('',#7597,#7598,#7599);
#7597 = CARTESIAN_POINT('',(173.96875,7.525,1.));
#7598 = DIRECTION('',(1.,0.,0.));
#7599 = DIRECTION('',(0.,1.,0.));
#7600 = ADVANCED_FACE('',(#7601),#7619,.T.);
#7601 = FACE_BOUND('',#7602,.T.);
#7602 = EDGE_LOOP('',(#7603,#7604,#7605,#7613));
#7603 = ORIENTED_EDGE('',*,*,#7558,.T.);
#7604 = ORIENTED_EDGE('',*,*,#1035,.T.);
#7605 = ORIENTED_EDGE('',*,*,#7606,.F.);
#7606 = EDGE_CURVE('',#7607,#1036,#7609,.T.);
#7607 = VERTEX_POINT('',#7608);
#7608 = CARTESIAN_POINT('',(187.96875,12.225,1.));
#7609 = LINE('',#7610,#7611);
#7610 = CARTESIAN_POINT('',(187.96875,12.225,1.));
#7611 = VECTOR('',#7612,1.);
#7612 = DIRECTION('',(-0.,-0.,-1.));
#7613 = ORIENTED_EDGE('',*,*,#7614,.F.);
#7614 = EDGE_CURVE('',#7559,#7607,#7615,.T.);
#7615 = LINE('',#7616,#7617);
#7616 = CARTESIAN_POINT('',(227.59375,12.225,1.));
#7617 = VECTOR('',#7618,1.);
#7618 = DIRECTION('',(-1.,0.,0.));
#7619 = PLANE('',#7620);
#7620 = AXIS2_PLACEMENT_3D('',#7621,#7622,#7623);
#7621 = CARTESIAN_POINT('',(227.59375,12.225,1.));
#7622 = DIRECTION('',(0.,1.,0.));
#7623 = DIRECTION('',(-1.,0.,0.));
#7624 = ADVANCED_FACE('',(#7625),#7643,.T.);
#7625 = FACE_BOUND('',#7626,.T.);
#7626 = EDGE_LOOP('',(#7627,#7635,#7636,#7637));
#7627 = ORIENTED_EDGE('',*,*,#7628,.T.);
#7628 = EDGE_CURVE('',#7629,#1044,#7631,.T.);
#7629 = VERTEX_POINT('',#7630);
#7630 = CARTESIAN_POINT('',(187.96875,7.525,1.));
#7631 = LINE('',#7632,#7633);
#7632 = CARTESIAN_POINT('',(187.96875,7.525,1.));
#7633 = VECTOR('',#7634,1.);
#7634 = DIRECTION('',(-0.,-0.,-1.));
#7635 = ORIENTED_EDGE('',*,*,#1051,.T.);
#7636 = ORIENTED_EDGE('',*,*,#7580,.F.);
#7637 = ORIENTED_EDGE('',*,*,#7638,.F.);
#7638 = EDGE_CURVE('',#7629,#7581,#7639,.T.);
#7639 = LINE('',#7640,#7641);
#7640 = CARTESIAN_POINT('',(187.96875,7.525,1.));
#7641 = VECTOR('',#7642,1.);
#7642 = DIRECTION('',(-1.,0.,0.));
#7643 = PLANE('',#7644);
#7644 = AXIS2_PLACEMENT_3D('',#7645,#7646,#7647);
#7645 = CARTESIAN_POINT('',(187.96875,7.525,1.));
#7646 = DIRECTION('',(0.,1.,0.));
#7647 = DIRECTION('',(-1.,0.,0.));
#7648 = ADVANCED_FACE('',(#7649),#7660,.T.);
#7649 = FACE_BOUND('',#7650,.T.);
#7650 = EDGE_LOOP('',(#7651,#7652,#7653,#7654));
#7651 = ORIENTED_EDGE('',*,*,#7606,.T.);
#7652 = ORIENTED_EDGE('',*,*,#1043,.T.);
#7653 = ORIENTED_EDGE('',*,*,#7628,.F.);
#7654 = ORIENTED_EDGE('',*,*,#7655,.F.);
#7655 = EDGE_CURVE('',#7607,#7629,#7656,.T.);
#7656 = LINE('',#7657,#7658);
#7657 = CARTESIAN_POINT('',(187.96875,12.225,1.));
#7658 = VECTOR('',#7659,1.);
#7659 = DIRECTION('',(0.,-1.,0.));
#7660 = PLANE('',#7661);
#7661 = AXIS2_PLACEMENT_3D('',#7662,#7663,#7664);
#7662 = CARTESIAN_POINT('',(187.96875,12.225,1.));
#7663 = DIRECTION('',(-1.,0.,0.));
#7664 = DIRECTION('',(0.,-1.,0.));
#7665 = ADVANCED_FACE('',(#7666),#7691,.F.);
#7666 = FACE_BOUND('',#7667,.F.);
#7667 = EDGE_LOOP('',(#7668,#7676,#7677,#7685));
#7668 = ORIENTED_EDGE('',*,*,#7669,.T.);
#7669 = EDGE_CURVE('',#7670,#1188,#7672,.T.);
#7670 = VERTEX_POINT('',#7671);
#7671 = CARTESIAN_POINT('',(243.025,21.525,1.));
#7672 = LINE('',#7673,#7674);
#7673 = CARTESIAN_POINT('',(243.025,21.525,1.));
#7674 = VECTOR('',#7675,1.);
#7675 = DIRECTION('',(-0.,-0.,-1.));
#7676 = ORIENTED_EDGE('',*,*,#1187,.T.);
#7677 = ORIENTED_EDGE('',*,*,#7678,.F.);
#7678 = EDGE_CURVE('',#7679,#1190,#7681,.T.);
#7679 = VERTEX_POINT('',#7680);
#7680 = CARTESIAN_POINT('',(243.025,7.525,1.));
#7681 = LINE('',#7682,#7683);
#7682 = CARTESIAN_POINT('',(243.025,7.525,1.));
#7683 = VECTOR('',#7684,1.);
#7684 = DIRECTION('',(-0.,-0.,-1.));
#7685 = ORIENTED_EDGE('',*,*,#7686,.F.);
#7686 = EDGE_CURVE('',#7670,#7679,#7687,.T.);
#7687 = LINE('',#7688,#7689);
#7688 = CARTESIAN_POINT('',(243.025,21.525,1.));
#7689 = VECTOR('',#7690,1.);
#7690 = DIRECTION('',(0.,-1.,0.));
#7691 = PLANE('',#7692);
#7692 = AXIS2_PLACEMENT_3D('',#7693,#7694,#7695);
#7693 = CARTESIAN_POINT('',(243.025,21.525,1.));
#7694 = DIRECTION('',(-1.,0.,0.));
#7695 = DIRECTION('',(0.,-1.,0.));
#7696 = ADVANCED_FACE('',(#7697),#7715,.F.);
#7697 = FACE_BOUND('',#7698,.F.);
#7698 = EDGE_LOOP('',(#7699,#7707,#7708,#7709));
#7699 = ORIENTED_EDGE('',*,*,#7700,.T.);
#7700 = EDGE_CURVE('',#7701,#1198,#7703,.T.);
#7701 = VERTEX_POINT('',#7702);
#7702 = CARTESIAN_POINT('',(257.025,21.525,1.));
#7703 = LINE('',#7704,#7705);
#7704 = CARTESIAN_POINT('',(257.025,21.525,1.));
#7705 = VECTOR('',#7706,1.);
#7706 = DIRECTION('',(-0.,-0.,-1.));
#7707 = ORIENTED_EDGE('',*,*,#1197,.T.);
#7708 = ORIENTED_EDGE('',*,*,#7669,.F.);
#7709 = ORIENTED_EDGE('',*,*,#7710,.F.);
#7710 = EDGE_CURVE('',#7701,#7670,#7711,.T.);
#7711 = LINE('',#7712,#7713);
#7712 = CARTESIAN_POINT('',(257.025,21.525,1.));
#7713 = VECTOR('',#7714,1.);
#7714 = DIRECTION('',(-1.,0.,0.));
#7715 = PLANE('',#7716);
#7716 = AXIS2_PLACEMENT_3D('',#7717,#7718,#7719);
#7717 = CARTESIAN_POINT('',(257.025,21.525,1.));
#7718 = DIRECTION('',(0.,1.,0.));
#7719 = DIRECTION('',(-1.,0.,0.));
#7720 = ADVANCED_FACE('',(#7721),#7739,.F.);
#7721 = FACE_BOUND('',#7722,.F.);
#7722 = EDGE_LOOP('',(#7723,#7724,#7725,#7733));
#7723 = ORIENTED_EDGE('',*,*,#7678,.T.);
#7724 = ORIENTED_EDGE('',*,*,#1213,.T.);
#7725 = ORIENTED_EDGE('',*,*,#7726,.F.);
#7726 = EDGE_CURVE('',#7727,#1206,#7729,.T.);
#7727 = VERTEX_POINT('',#7728);
#7728 = CARTESIAN_POINT('',(257.025,7.525,1.));
#7729 = LINE('',#7730,#7731);
#7730 = CARTESIAN_POINT('',(257.025,7.525,1.));
#7731 = VECTOR('',#7732,1.);
#7732 = DIRECTION('',(-0.,-0.,-1.));
#7733 = ORIENTED_EDGE('',*,*,#7734,.F.);
#7734 = EDGE_CURVE('',#7679,#7727,#7735,.T.);
#7735 = LINE('',#7736,#7737);
#7736 = CARTESIAN_POINT('',(243.025,7.525,1.));
#7737 = VECTOR('',#7738,1.);
#7738 = DIRECTION('',(1.,0.,0.));
#7739 = PLANE('',#7740);
#7740 = AXIS2_PLACEMENT_3D('',#7741,#7742,#7743);
#7741 = CARTESIAN_POINT('',(243.025,7.525,1.));
#7742 = DIRECTION('',(0.,-1.,0.));
#7743 = DIRECTION('',(1.,0.,0.));
#7744 = ADVANCED_FACE('',(#7745),#7756,.F.);
#7745 = FACE_BOUND('',#7746,.F.);
#7746 = EDGE_LOOP('',(#7747,#7748,#7749,#7750));
#7747 = ORIENTED_EDGE('',*,*,#7726,.T.);
#7748 = ORIENTED_EDGE('',*,*,#1205,.T.);
#7749 = ORIENTED_EDGE('',*,*,#7700,.F.);
#7750 = ORIENTED_EDGE('',*,*,#7751,.F.);
#7751 = EDGE_CURVE('',#7727,#7701,#7752,.T.);
#7752 = LINE('',#7753,#7754);
#7753 = CARTESIAN_POINT('',(257.025,7.525,1.));
#7754 = VECTOR('',#7755,1.);
#7755 = DIRECTION('',(0.,1.,0.));
#7756 = PLANE('',#7757);
#7757 = AXIS2_PLACEMENT_3D('',#7758,#7759,#7760);
#7758 = CARTESIAN_POINT('',(257.025,7.525,1.));
#7759 = DIRECTION('',(1.,0.,0.));
#7760 = DIRECTION('',(0.,1.,0.));
#7761 = ADVANCED_FACE('',(#7762),#7787,.F.);
#7762 = FACE_BOUND('',#7763,.F.);
#7763 = EDGE_LOOP('',(#7764,#7772,#7773,#7781));
#7764 = ORIENTED_EDGE('',*,*,#7765,.T.);
#7765 = EDGE_CURVE('',#7766,#1222,#7768,.T.);
#7766 = VERTEX_POINT('',#7767);
#7767 = CARTESIAN_POINT('',(185.875,40.575,1.));
#7768 = LINE('',#7769,#7770);
#7769 = CARTESIAN_POINT('',(185.875,40.575,1.));
#7770 = VECTOR('',#7771,1.);
#7771 = DIRECTION('',(-0.,-0.,-1.));
#7772 = ORIENTED_EDGE('',*,*,#1221,.T.);
#7773 = ORIENTED_EDGE('',*,*,#7774,.F.);
#7774 = EDGE_CURVE('',#7775,#1224,#7777,.T.);
#7775 = VERTEX_POINT('',#7776);
#7776 = CARTESIAN_POINT('',(185.875,26.575,1.));
#7777 = LINE('',#7778,#7779);
#7778 = CARTESIAN_POINT('',(185.875,26.575,1.));
#7779 = VECTOR('',#7780,1.);
#7780 = DIRECTION('',(-0.,-0.,-1.));
#7781 = ORIENTED_EDGE('',*,*,#7782,.F.);
#7782 = EDGE_CURVE('',#7766,#7775,#7783,.T.);
#7783 = LINE('',#7784,#7785);
#7784 = CARTESIAN_POINT('',(185.875,40.575,1.));
#7785 = VECTOR('',#7786,1.);
#7786 = DIRECTION('',(0.,-1.,0.));
#7787 = PLANE('',#7788);
#7788 = AXIS2_PLACEMENT_3D('',#7789,#7790,#7791);
#7789 = CARTESIAN_POINT('',(185.875,40.575,1.));
#7790 = DIRECTION('',(-1.,0.,0.));
#7791 = DIRECTION('',(0.,-1.,0.));
#7792 = ADVANCED_FACE('',(#7793),#7811,.F.);
#7793 = FACE_BOUND('',#7794,.F.);
#7794 = EDGE_LOOP('',(#7795,#7803,#7804,#7805));
#7795 = ORIENTED_EDGE('',*,*,#7796,.T.);
#7796 = EDGE_CURVE('',#7797,#1232,#7799,.T.);
#7797 = VERTEX_POINT('',#7798);
#7798 = CARTESIAN_POINT('',(199.875,40.575,1.));
#7799 = LINE('',#7800,#7801);
#7800 = CARTESIAN_POINT('',(199.875,40.575,1.));
#7801 = VECTOR('',#7802,1.);
#7802 = DIRECTION('',(-0.,-0.,-1.));
#7803 = ORIENTED_EDGE('',*,*,#1231,.T.);
#7804 = ORIENTED_EDGE('',*,*,#7765,.F.);
#7805 = ORIENTED_EDGE('',*,*,#7806,.F.);
#7806 = EDGE_CURVE('',#7797,#7766,#7807,.T.);
#7807 = LINE('',#7808,#7809);
#7808 = CARTESIAN_POINT('',(199.875,40.575,1.));
#7809 = VECTOR('',#7810,1.);
#7810 = DIRECTION('',(-1.,0.,0.));
#7811 = PLANE('',#7812);
#7812 = AXIS2_PLACEMENT_3D('',#7813,#7814,#7815);
#7813 = CARTESIAN_POINT('',(199.875,40.575,1.));
#7814 = DIRECTION('',(0.,1.,0.));
#7815 = DIRECTION('',(-1.,0.,0.));
#7816 = ADVANCED_FACE('',(#7817),#7835,.F.);
#7817 = FACE_BOUND('',#7818,.F.);
#7818 = EDGE_LOOP('',(#7819,#7820,#7821,#7829));
#7819 = ORIENTED_EDGE('',*,*,#7774,.T.);
#7820 = ORIENTED_EDGE('',*,*,#1247,.T.);
#7821 = ORIENTED_EDGE('',*,*,#7822,.F.);
#7822 = EDGE_CURVE('',#7823,#1240,#7825,.T.);
#7823 = VERTEX_POINT('',#7824);
#7824 = CARTESIAN_POINT('',(199.875,26.575,1.));
#7825 = LINE('',#7826,#7827);
#7826 = CARTESIAN_POINT('',(199.875,26.575,1.));
#7827 = VECTOR('',#7828,1.);
#7828 = DIRECTION('',(-0.,-0.,-1.));
#7829 = ORIENTED_EDGE('',*,*,#7830,.F.);
#7830 = EDGE_CURVE('',#7775,#7823,#7831,.T.);
#7831 = LINE('',#7832,#7833);
#7832 = CARTESIAN_POINT('',(185.875,26.575,1.));
#7833 = VECTOR('',#7834,1.);
#7834 = DIRECTION('',(1.,0.,0.));
#7835 = PLANE('',#7836);
#7836 = AXIS2_PLACEMENT_3D('',#7837,#7838,#7839);
#7837 = CARTESIAN_POINT('',(185.875,26.575,1.));
#7838 = DIRECTION('',(0.,-1.,0.));
#7839 = DIRECTION('',(1.,0.,0.));
#7840 = ADVANCED_FACE('',(#7841),#7852,.F.);
#7841 = FACE_BOUND('',#7842,.F.);
#7842 = EDGE_LOOP('',(#7843,#7844,#7845,#7846));
#7843 = ORIENTED_EDGE('',*,*,#7822,.T.);
#7844 = ORIENTED_EDGE('',*,*,#1239,.T.);
#7845 = ORIENTED_EDGE('',*,*,#7796,.F.);
#7846 = ORIENTED_EDGE('',*,*,#7847,.F.);
#7847 = EDGE_CURVE('',#7823,#7797,#7848,.T.);
#7848 = LINE('',#7849,#7850);
#7849 = CARTESIAN_POINT('',(199.875,26.575,1.));
#7850 = VECTOR('',#7851,1.);
#7851 = DIRECTION('',(0.,1.,0.));
#7852 = PLANE('',#7853);
#7853 = AXIS2_PLACEMENT_3D('',#7854,#7855,#7856);
#7854 = CARTESIAN_POINT('',(199.875,26.575,1.));
#7855 = DIRECTION('',(1.,0.,0.));
#7856 = DIRECTION('',(0.,1.,0.));
#7857 = ADVANCED_FACE('',(#7858),#7883,.F.);
#7858 = FACE_BOUND('',#7859,.F.);
#7859 = EDGE_LOOP('',(#7860,#7868,#7869,#7877));
#7860 = ORIENTED_EDGE('',*,*,#7861,.T.);
#7861 = EDGE_CURVE('',#7862,#1256,#7864,.T.);
#7862 = VERTEX_POINT('',#7863);
#7863 = CARTESIAN_POINT('',(204.925,40.575,1.));
#7864 = LINE('',#7865,#7866);
#7865 = CARTESIAN_POINT('',(204.925,40.575,1.));
#7866 = VECTOR('',#7867,1.);
#7867 = DIRECTION('',(-0.,-0.,-1.));
#7868 = ORIENTED_EDGE('',*,*,#1255,.T.);
#7869 = ORIENTED_EDGE('',*,*,#7870,.F.);
#7870 = EDGE_CURVE('',#7871,#1258,#7873,.T.);
#7871 = VERTEX_POINT('',#7872);
#7872 = CARTESIAN_POINT('',(204.925,26.575,1.));
#7873 = LINE('',#7874,#7875);
#7874 = CARTESIAN_POINT('',(204.925,26.575,1.));
#7875 = VECTOR('',#7876,1.);
#7876 = DIRECTION('',(-0.,-0.,-1.));
#7877 = ORIENTED_EDGE('',*,*,#7878,.F.);
#7878 = EDGE_CURVE('',#7862,#7871,#7879,.T.);
#7879 = LINE('',#7880,#7881);
#7880 = CARTESIAN_POINT('',(204.925,40.575,1.));
#7881 = VECTOR('',#7882,1.);
#7882 = DIRECTION('',(0.,-1.,0.));
#7883 = PLANE('',#7884);
#7884 = AXIS2_PLACEMENT_3D('',#7885,#7886,#7887);
#7885 = CARTESIAN_POINT('',(204.925,40.575,1.));
#7886 = DIRECTION('',(-1.,0.,0.));
#7887 = DIRECTION('',(0.,-1.,0.));
#7888 = ADVANCED_FACE('',(#7889),#7907,.F.);
#7889 = FACE_BOUND('',#7890,.F.);
#7890 = EDGE_LOOP('',(#7891,#7899,#7900,#7901));
#7891 = ORIENTED_EDGE('',*,*,#7892,.T.);
#7892 = EDGE_CURVE('',#7893,#1266,#7895,.T.);
#7893 = VERTEX_POINT('',#7894);
#7894 = CARTESIAN_POINT('',(218.925,40.575,1.));
#7895 = LINE('',#7896,#7897);
#7896 = CARTESIAN_POINT('',(218.925,40.575,1.));
#7897 = VECTOR('',#7898,1.);
#7898 = DIRECTION('',(-0.,-0.,-1.));
#7899 = ORIENTED_EDGE('',*,*,#1265,.T.);
#7900 = ORIENTED_EDGE('',*,*,#7861,.F.);
#7901 = ORIENTED_EDGE('',*,*,#7902,.F.);
#7902 = EDGE_CURVE('',#7893,#7862,#7903,.T.);
#7903 = LINE('',#7904,#7905);
#7904 = CARTESIAN_POINT('',(218.925,40.575,1.));
#7905 = VECTOR('',#7906,1.);
#7906 = DIRECTION('',(-1.,0.,0.));
#7907 = PLANE('',#7908);
#7908 = AXIS2_PLACEMENT_3D('',#7909,#7910,#7911);
#7909 = CARTESIAN_POINT('',(218.925,40.575,1.));
#7910 = DIRECTION('',(0.,1.,0.));
#7911 = DIRECTION('',(-1.,0.,0.));
#7912 = ADVANCED_FACE('',(#7913),#7931,.F.);
#7913 = FACE_BOUND('',#7914,.F.);
#7914 = EDGE_LOOP('',(#7915,#7916,#7917,#7925));
#7915 = ORIENTED_EDGE('',*,*,#7870,.T.);
#7916 = ORIENTED_EDGE('',*,*,#1281,.T.);
#7917 = ORIENTED_EDGE('',*,*,#7918,.F.);
#7918 = EDGE_CURVE('',#7919,#1274,#7921,.T.);
#7919 = VERTEX_POINT('',#7920);
#7920 = CARTESIAN_POINT('',(218.925,26.575,1.));
#7921 = LINE('',#7922,#7923);
#7922 = CARTESIAN_POINT('',(218.925,26.575,1.));
#7923 = VECTOR('',#7924,1.);
#7924 = DIRECTION('',(-0.,-0.,-1.));
#7925 = ORIENTED_EDGE('',*,*,#7926,.F.);
#7926 = EDGE_CURVE('',#7871,#7919,#7927,.T.);
#7927 = LINE('',#7928,#7929);
#7928 = CARTESIAN_POINT('',(204.925,26.575,1.));
#7929 = VECTOR('',#7930,1.);
#7930 = DIRECTION('',(1.,0.,0.));
#7931 = PLANE('',#7932);
#7932 = AXIS2_PLACEMENT_3D('',#7933,#7934,#7935);
#7933 = CARTESIAN_POINT('',(204.925,26.575,1.));
#7934 = DIRECTION('',(0.,-1.,0.));
#7935 = DIRECTION('',(1.,0.,0.));
#7936 = ADVANCED_FACE('',(#7937),#7948,.F.);
#7937 = FACE_BOUND('',#7938,.F.);
#7938 = EDGE_LOOP('',(#7939,#7940,#7941,#7942));
#7939 = ORIENTED_EDGE('',*,*,#7918,.T.);
#7940 = ORIENTED_EDGE('',*,*,#1273,.T.);
#7941 = ORIENTED_EDGE('',*,*,#7892,.F.);
#7942 = ORIENTED_EDGE('',*,*,#7943,.F.);
#7943 = EDGE_CURVE('',#7919,#7893,#7944,.T.);
#7944 = LINE('',#7945,#7946);
#7945 = CARTESIAN_POINT('',(218.925,26.575,1.));
#7946 = VECTOR('',#7947,1.);
#7947 = DIRECTION('',(0.,1.,0.));
#7948 = PLANE('',#7949);
#7949 = AXIS2_PLACEMENT_3D('',#7950,#7951,#7952);
#7950 = CARTESIAN_POINT('',(218.925,26.575,1.));
#7951 = DIRECTION('',(1.,0.,0.));
#7952 = DIRECTION('',(0.,1.,0.));
#7953 = ADVANCED_FACE('',(#7954),#7979,.F.);
#7954 = FACE_BOUND('',#7955,.F.);
#7955 = EDGE_LOOP('',(#7956,#7964,#7965,#7973));
#7956 = ORIENTED_EDGE('',*,*,#7957,.T.);
#7957 = EDGE_CURVE('',#7958,#1290,#7960,.T.);
#7958 = VERTEX_POINT('',#7959);
#7959 = CARTESIAN_POINT('',(223.975,40.575,1.));
#7960 = LINE('',#7961,#7962);
#7961 = CARTESIAN_POINT('',(223.975,40.575,1.));
#7962 = VECTOR('',#7963,1.);
#7963 = DIRECTION('',(-0.,-0.,-1.));
#7964 = ORIENTED_EDGE('',*,*,#1289,.T.);
#7965 = ORIENTED_EDGE('',*,*,#7966,.F.);
#7966 = EDGE_CURVE('',#7967,#1292,#7969,.T.);
#7967 = VERTEX_POINT('',#7968);
#7968 = CARTESIAN_POINT('',(223.975,26.575,1.));
#7969 = LINE('',#7970,#7971);
#7970 = CARTESIAN_POINT('',(223.975,26.575,1.));
#7971 = VECTOR('',#7972,1.);
#7972 = DIRECTION('',(-0.,-0.,-1.));
#7973 = ORIENTED_EDGE('',*,*,#7974,.F.);
#7974 = EDGE_CURVE('',#7958,#7967,#7975,.T.);
#7975 = LINE('',#7976,#7977);
#7976 = CARTESIAN_POINT('',(223.975,40.575,1.));
#7977 = VECTOR('',#7978,1.);
#7978 = DIRECTION('',(0.,-1.,0.));
#7979 = PLANE('',#7980);
#7980 = AXIS2_PLACEMENT_3D('',#7981,#7982,#7983);
#7981 = CARTESIAN_POINT('',(223.975,40.575,1.));
#7982 = DIRECTION('',(-1.,0.,0.));
#7983 = DIRECTION('',(0.,-1.,0.));
#7984 = ADVANCED_FACE('',(#7985),#8003,.F.);
#7985 = FACE_BOUND('',#7986,.F.);
#7986 = EDGE_LOOP('',(#7987,#7995,#7996,#7997));
#7987 = ORIENTED_EDGE('',*,*,#7988,.T.);
#7988 = EDGE_CURVE('',#7989,#1300,#7991,.T.);
#7989 = VERTEX_POINT('',#7990);
#7990 = CARTESIAN_POINT('',(237.975,40.575,1.));
#7991 = LINE('',#7992,#7993);
#7992 = CARTESIAN_POINT('',(237.975,40.575,1.));
#7993 = VECTOR('',#7994,1.);
#7994 = DIRECTION('',(-0.,-0.,-1.));
#7995 = ORIENTED_EDGE('',*,*,#1299,.T.);
#7996 = ORIENTED_EDGE('',*,*,#7957,.F.);
#7997 = ORIENTED_EDGE('',*,*,#7998,.F.);
#7998 = EDGE_CURVE('',#7989,#7958,#7999,.T.);
#7999 = LINE('',#8000,#8001);
#8000 = CARTESIAN_POINT('',(237.975,40.575,1.));
#8001 = VECTOR('',#8002,1.);
#8002 = DIRECTION('',(-1.,0.,0.));
#8003 = PLANE('',#8004);
#8004 = AXIS2_PLACEMENT_3D('',#8005,#8006,#8007);
#8005 = CARTESIAN_POINT('',(237.975,40.575,1.));
#8006 = DIRECTION('',(0.,1.,0.));
#8007 = DIRECTION('',(-1.,0.,0.));
#8008 = ADVANCED_FACE('',(#8009),#8027,.F.);
#8009 = FACE_BOUND('',#8010,.F.);
#8010 = EDGE_LOOP('',(#8011,#8012,#8013,#8021));
#8011 = ORIENTED_EDGE('',*,*,#7966,.T.);
#8012 = ORIENTED_EDGE('',*,*,#1315,.T.);
#8013 = ORIENTED_EDGE('',*,*,#8014,.F.);
#8014 = EDGE_CURVE('',#8015,#1308,#8017,.T.);
#8015 = VERTEX_POINT('',#8016);
#8016 = CARTESIAN_POINT('',(237.975,26.575,1.));
#8017 = LINE('',#8018,#8019);
#8018 = CARTESIAN_POINT('',(237.975,26.575,1.));
#8019 = VECTOR('',#8020,1.);
#8020 = DIRECTION('',(-0.,-0.,-1.));
#8021 = ORIENTED_EDGE('',*,*,#8022,.F.);
#8022 = EDGE_CURVE('',#7967,#8015,#8023,.T.);
#8023 = LINE('',#8024,#8025);
#8024 = CARTESIAN_POINT('',(223.975,26.575,1.));
#8025 = VECTOR('',#8026,1.);
#8026 = DIRECTION('',(1.,0.,0.));
#8027 = PLANE('',#8028);
#8028 = AXIS2_PLACEMENT_3D('',#8029,#8030,#8031);
#8029 = CARTESIAN_POINT('',(223.975,26.575,1.));
#8030 = DIRECTION('',(0.,-1.,0.));
#8031 = DIRECTION('',(1.,0.,0.));
#8032 = ADVANCED_FACE('',(#8033),#8044,.F.);
#8033 = FACE_BOUND('',#8034,.F.);
#8034 = EDGE_LOOP('',(#8035,#8036,#8037,#8038));
#8035 = ORIENTED_EDGE('',*,*,#8014,.T.);
#8036 = ORIENTED_EDGE('',*,*,#1307,.T.);
#8037 = ORIENTED_EDGE('',*,*,#7988,.F.);
#8038 = ORIENTED_EDGE('',*,*,#8039,.F.);
#8039 = EDGE_CURVE('',#8015,#7989,#8040,.T.);
#8040 = LINE('',#8041,#8042);
#8041 = CARTESIAN_POINT('',(237.975,26.575,1.));
#8042 = VECTOR('',#8043,1.);
#8043 = DIRECTION('',(0.,1.,0.));
#8044 = PLANE('',#8045);
#8045 = AXIS2_PLACEMENT_3D('',#8046,#8047,#8048);
#8046 = CARTESIAN_POINT('',(237.975,26.575,1.));
#8047 = DIRECTION('',(1.,0.,0.));
#8048 = DIRECTION('',(0.,1.,0.));
#8049 = ADVANCED_FACE('',(#8050),#8075,.F.);
#8050 = FACE_BOUND('',#8051,.F.);
#8051 = EDGE_LOOP('',(#8052,#8060,#8061,#8069));
#8052 = ORIENTED_EDGE('',*,*,#8053,.T.);
#8053 = EDGE_CURVE('',#8054,#1324,#8056,.T.);
#8054 = VERTEX_POINT('',#8055);
#8055 = CARTESIAN_POINT('',(243.025,40.575,1.));
#8056 = LINE('',#8057,#8058);
#8057 = CARTESIAN_POINT('',(243.025,40.575,1.));
#8058 = VECTOR('',#8059,1.);
#8059 = DIRECTION('',(-0.,-0.,-1.));
#8060 = ORIENTED_EDGE('',*,*,#1323,.T.);
#8061 = ORIENTED_EDGE('',*,*,#8062,.F.);
#8062 = EDGE_CURVE('',#8063,#1326,#8065,.T.);
#8063 = VERTEX_POINT('',#8064);
#8064 = CARTESIAN_POINT('',(243.025,26.575,1.));
#8065 = LINE('',#8066,#8067);
#8066 = CARTESIAN_POINT('',(243.025,26.575,1.));
#8067 = VECTOR('',#8068,1.);
#8068 = DIRECTION('',(-0.,-0.,-1.));
#8069 = ORIENTED_EDGE('',*,*,#8070,.F.);
#8070 = EDGE_CURVE('',#8054,#8063,#8071,.T.);
#8071 = LINE('',#8072,#8073);
#8072 = CARTESIAN_POINT('',(243.025,40.575,1.));
#8073 = VECTOR('',#8074,1.);
#8074 = DIRECTION('',(0.,-1.,0.));
#8075 = PLANE('',#8076);
#8076 = AXIS2_PLACEMENT_3D('',#8077,#8078,#8079);
#8077 = CARTESIAN_POINT('',(243.025,40.575,1.));
#8078 = DIRECTION('',(-1.,0.,0.));
#8079 = DIRECTION('',(0.,-1.,0.));
#8080 = ADVANCED_FACE('',(#8081),#8099,.F.);
#8081 = FACE_BOUND('',#8082,.F.);
#8082 = EDGE_LOOP('',(#8083,#8091,#8092,#8093));
#8083 = ORIENTED_EDGE('',*,*,#8084,.T.);
#8084 = EDGE_CURVE('',#8085,#1334,#8087,.T.);
#8085 = VERTEX_POINT('',#8086);
#8086 = CARTESIAN_POINT('',(257.025,40.575,1.));
#8087 = LINE('',#8088,#8089);
#8088 = CARTESIAN_POINT('',(257.025,40.575,1.));
#8089 = VECTOR('',#8090,1.);
#8090 = DIRECTION('',(-0.,-0.,-1.));
#8091 = ORIENTED_EDGE('',*,*,#1333,.T.);
#8092 = ORIENTED_EDGE('',*,*,#8053,.F.);
#8093 = ORIENTED_EDGE('',*,*,#8094,.F.);
#8094 = EDGE_CURVE('',#8085,#8054,#8095,.T.);
#8095 = LINE('',#8096,#8097);
#8096 = CARTESIAN_POINT('',(257.025,40.575,1.));
#8097 = VECTOR('',#8098,1.);
#8098 = DIRECTION('',(-1.,0.,0.));
#8099 = PLANE('',#8100);
#8100 = AXIS2_PLACEMENT_3D('',#8101,#8102,#8103);
#8101 = CARTESIAN_POINT('',(257.025,40.575,1.));
#8102 = DIRECTION('',(0.,1.,0.));
#8103 = DIRECTION('',(-1.,0.,0.));
#8104 = ADVANCED_FACE('',(#8105),#8123,.F.);
#8105 = FACE_BOUND('',#8106,.F.);
#8106 = EDGE_LOOP('',(#8107,#8108,#8109,#8117));
#8107 = ORIENTED_EDGE('',*,*,#8062,.T.);
#8108 = ORIENTED_EDGE('',*,*,#1349,.T.);
#8109 = ORIENTED_EDGE('',*,*,#8110,.F.);
#8110 = EDGE_CURVE('',#8111,#1342,#8113,.T.);
#8111 = VERTEX_POINT('',#8112);
#8112 = CARTESIAN_POINT('',(257.025,26.575,1.));
#8113 = LINE('',#8114,#8115);
#8114 = CARTESIAN_POINT('',(257.025,26.575,1.));
#8115 = VECTOR('',#8116,1.);
#8116 = DIRECTION('',(-0.,-0.,-1.));
#8117 = ORIENTED_EDGE('',*,*,#8118,.F.);
#8118 = EDGE_CURVE('',#8063,#8111,#8119,.T.);
#8119 = LINE('',#8120,#8121);
#8120 = CARTESIAN_POINT('',(243.025,26.575,1.));
#8121 = VECTOR('',#8122,1.);
#8122 = DIRECTION('',(1.,0.,0.));
#8123 = PLANE('',#8124);
#8124 = AXIS2_PLACEMENT_3D('',#8125,#8126,#8127);
#8125 = CARTESIAN_POINT('',(243.025,26.575,1.));
#8126 = DIRECTION('',(0.,-1.,0.));
#8127 = DIRECTION('',(1.,0.,0.));
#8128 = ADVANCED_FACE('',(#8129),#8140,.F.);
#8129 = FACE_BOUND('',#8130,.F.);
#8130 = EDGE_LOOP('',(#8131,#8132,#8133,#8134));
#8131 = ORIENTED_EDGE('',*,*,#8110,.T.);
#8132 = ORIENTED_EDGE('',*,*,#1341,.T.);
#8133 = ORIENTED_EDGE('',*,*,#8084,.F.);
#8134 = ORIENTED_EDGE('',*,*,#8135,.F.);
#8135 = EDGE_CURVE('',#8111,#8085,#8136,.T.);
#8136 = LINE('',#8137,#8138);
#8137 = CARTESIAN_POINT('',(257.025,26.575,1.));
#8138 = VECTOR('',#8139,1.);
#8139 = DIRECTION('',(0.,1.,0.));
#8140 = PLANE('',#8141);
#8141 = AXIS2_PLACEMENT_3D('',#8142,#8143,#8144);
#8142 = CARTESIAN_POINT('',(257.025,26.575,1.));
#8143 = DIRECTION('',(1.,0.,0.));
#8144 = DIRECTION('',(0.,1.,0.));
#8145 = ADVANCED_FACE('',(#8146),#8171,.F.);
#8146 = FACE_BOUND('',#8147,.F.);
#8147 = EDGE_LOOP('',(#8148,#8156,#8157,#8165));
#8148 = ORIENTED_EDGE('',*,*,#8149,.T.);
#8149 = EDGE_CURVE('',#8150,#1358,#8152,.T.);
#8150 = VERTEX_POINT('',#8151);
#8151 = CARTESIAN_POINT('',(262.075,21.525,1.));
#8152 = LINE('',#8153,#8154);
#8153 = CARTESIAN_POINT('',(262.075,21.525,1.));
#8154 = VECTOR('',#8155,1.);
#8155 = DIRECTION('',(-0.,-0.,-1.));
#8156 = ORIENTED_EDGE('',*,*,#1357,.T.);
#8157 = ORIENTED_EDGE('',*,*,#8158,.F.);
#8158 = EDGE_CURVE('',#8159,#1360,#8161,.T.);
#8159 = VERTEX_POINT('',#8160);
#8160 = CARTESIAN_POINT('',(262.075,7.525,1.));
#8161 = LINE('',#8162,#8163);
#8162 = CARTESIAN_POINT('',(262.075,7.525,1.));
#8163 = VECTOR('',#8164,1.);
#8164 = DIRECTION('',(-0.,-0.,-1.));
#8165 = ORIENTED_EDGE('',*,*,#8166,.F.);
#8166 = EDGE_CURVE('',#8150,#8159,#8167,.T.);
#8167 = LINE('',#8168,#8169);
#8168 = CARTESIAN_POINT('',(262.075,21.525,1.));
#8169 = VECTOR('',#8170,1.);
#8170 = DIRECTION('',(0.,-1.,0.));
#8171 = PLANE('',#8172);
#8172 = AXIS2_PLACEMENT_3D('',#8173,#8174,#8175);
#8173 = CARTESIAN_POINT('',(262.075,21.525,1.));
#8174 = DIRECTION('',(-1.,0.,0.));
#8175 = DIRECTION('',(0.,-1.,0.));
#8176 = ADVANCED_FACE('',(#8177),#8195,.F.);
#8177 = FACE_BOUND('',#8178,.F.);
#8178 = EDGE_LOOP('',(#8179,#8187,#8188,#8189));
#8179 = ORIENTED_EDGE('',*,*,#8180,.T.);
#8180 = EDGE_CURVE('',#8181,#1368,#8183,.T.);
#8181 = VERTEX_POINT('',#8182);
#8182 = CARTESIAN_POINT('',(276.075,21.525,1.));
#8183 = LINE('',#8184,#8185);
#8184 = CARTESIAN_POINT('',(276.075,21.525,1.));
#8185 = VECTOR('',#8186,1.);
#8186 = DIRECTION('',(-0.,-0.,-1.));
#8187 = ORIENTED_EDGE('',*,*,#1367,.T.);
#8188 = ORIENTED_EDGE('',*,*,#8149,.F.);
#8189 = ORIENTED_EDGE('',*,*,#8190,.F.);
#8190 = EDGE_CURVE('',#8181,#8150,#8191,.T.);
#8191 = LINE('',#8192,#8193);
#8192 = CARTESIAN_POINT('',(276.075,21.525,1.));
#8193 = VECTOR('',#8194,1.);
#8194 = DIRECTION('',(-1.,0.,0.));
#8195 = PLANE('',#8196);
#8196 = AXIS2_PLACEMENT_3D('',#8197,#8198,#8199);
#8197 = CARTESIAN_POINT('',(276.075,21.525,1.));
#8198 = DIRECTION('',(0.,1.,0.));
#8199 = DIRECTION('',(-1.,0.,0.));
#8200 = ADVANCED_FACE('',(#8201),#8219,.F.);
#8201 = FACE_BOUND('',#8202,.F.);
#8202 = EDGE_LOOP('',(#8203,#8204,#8205,#8213));
#8203 = ORIENTED_EDGE('',*,*,#8158,.T.);
#8204 = ORIENTED_EDGE('',*,*,#1383,.T.);
#8205 = ORIENTED_EDGE('',*,*,#8206,.F.);
#8206 = EDGE_CURVE('',#8207,#1376,#8209,.T.);
#8207 = VERTEX_POINT('',#8208);
#8208 = CARTESIAN_POINT('',(276.075,7.525,1.));
#8209 = LINE('',#8210,#8211);
#8210 = CARTESIAN_POINT('',(276.075,7.525,1.));
#8211 = VECTOR('',#8212,1.);
#8212 = DIRECTION('',(-0.,-0.,-1.));
#8213 = ORIENTED_EDGE('',*,*,#8214,.F.);
#8214 = EDGE_CURVE('',#8159,#8207,#8215,.T.);
#8215 = LINE('',#8216,#8217);
#8216 = CARTESIAN_POINT('',(262.075,7.525,1.));
#8217 = VECTOR('',#8218,1.);
#8218 = DIRECTION('',(1.,0.,0.));
#8219 = PLANE('',#8220);
#8220 = AXIS2_PLACEMENT_3D('',#8221,#8222,#8223);
#8221 = CARTESIAN_POINT('',(262.075,7.525,1.));
#8222 = DIRECTION('',(0.,-1.,0.));
#8223 = DIRECTION('',(1.,0.,0.));
#8224 = ADVANCED_FACE('',(#8225),#8236,.F.);
#8225 = FACE_BOUND('',#8226,.F.);
#8226 = EDGE_LOOP('',(#8227,#8228,#8229,#8230));
#8227 = ORIENTED_EDGE('',*,*,#8206,.T.);
#8228 = ORIENTED_EDGE('',*,*,#1375,.T.);
#8229 = ORIENTED_EDGE('',*,*,#8180,.F.);
#8230 = ORIENTED_EDGE('',*,*,#8231,.F.);
#8231 = EDGE_CURVE('',#8207,#8181,#8232,.T.);
#8232 = LINE('',#8233,#8234);
#8233 = CARTESIAN_POINT('',(276.075,7.525,1.));
#8234 = VECTOR('',#8235,1.);
#8235 = DIRECTION('',(0.,1.,0.));
#8236 = PLANE('',#8237);
#8237 = AXIS2_PLACEMENT_3D('',#8238,#8239,#8240);
#8238 = CARTESIAN_POINT('',(276.075,7.525,1.));
#8239 = DIRECTION('',(1.,0.,0.));
#8240 = DIRECTION('',(0.,1.,0.));
#8241 = ADVANCED_FACE('',(#8242),#8267,.F.);
#8242 = FACE_BOUND('',#8243,.F.);
#8243 = EDGE_LOOP('',(#8244,#8252,#8253,#8261));
#8244 = ORIENTED_EDGE('',*,*,#8245,.T.);
#8245 = EDGE_CURVE('',#8246,#1392,#8248,.T.);
#8246 = VERTEX_POINT('',#8247);
#8247 = CARTESIAN_POINT('',(281.125,21.525,1.));
#8248 = LINE('',#8249,#8250);
#8249 = CARTESIAN_POINT('',(281.125,21.525,1.));
#8250 = VECTOR('',#8251,1.);
#8251 = DIRECTION('',(-0.,-0.,-1.));
#8252 = ORIENTED_EDGE('',*,*,#1391,.T.);
#8253 = ORIENTED_EDGE('',*,*,#8254,.F.);
#8254 = EDGE_CURVE('',#8255,#1394,#8257,.T.);
#8255 = VERTEX_POINT('',#8256);
#8256 = CARTESIAN_POINT('',(281.125,7.525,1.));
#8257 = LINE('',#8258,#8259);
#8258 = CARTESIAN_POINT('',(281.125,7.525,1.));
#8259 = VECTOR('',#8260,1.);
#8260 = DIRECTION('',(-0.,-0.,-1.));
#8261 = ORIENTED_EDGE('',*,*,#8262,.F.);
#8262 = EDGE_CURVE('',#8246,#8255,#8263,.T.);
#8263 = LINE('',#8264,#8265);
#8264 = CARTESIAN_POINT('',(281.125,21.525,1.));
#8265 = VECTOR('',#8266,1.);
#8266 = DIRECTION('',(0.,-1.,0.));
#8267 = PLANE('',#8268);
#8268 = AXIS2_PLACEMENT_3D('',#8269,#8270,#8271);
#8269 = CARTESIAN_POINT('',(281.125,21.525,1.));
#8270 = DIRECTION('',(-1.,0.,0.));
#8271 = DIRECTION('',(0.,-1.,0.));
#8272 = ADVANCED_FACE('',(#8273),#8291,.F.);
#8273 = FACE_BOUND('',#8274,.F.);
#8274 = EDGE_LOOP('',(#8275,#8283,#8284,#8285));
#8275 = ORIENTED_EDGE('',*,*,#8276,.T.);
#8276 = EDGE_CURVE('',#8277,#1402,#8279,.T.);
#8277 = VERTEX_POINT('',#8278);
#8278 = CARTESIAN_POINT('',(295.125,21.525,1.));
#8279 = LINE('',#8280,#8281);
#8280 = CARTESIAN_POINT('',(295.125,21.525,1.));
#8281 = VECTOR('',#8282,1.);
#8282 = DIRECTION('',(-0.,-0.,-1.));
#8283 = ORIENTED_EDGE('',*,*,#1401,.T.);
#8284 = ORIENTED_EDGE('',*,*,#8245,.F.);
#8285 = ORIENTED_EDGE('',*,*,#8286,.F.);
#8286 = EDGE_CURVE('',#8277,#8246,#8287,.T.);
#8287 = LINE('',#8288,#8289);
#8288 = CARTESIAN_POINT('',(295.125,21.525,1.));
#8289 = VECTOR('',#8290,1.);
#8290 = DIRECTION('',(-1.,0.,0.));
#8291 = PLANE('',#8292);
#8292 = AXIS2_PLACEMENT_3D('',#8293,#8294,#8295);
#8293 = CARTESIAN_POINT('',(295.125,21.525,1.));
#8294 = DIRECTION('',(0.,1.,0.));
#8295 = DIRECTION('',(-1.,0.,0.));
#8296 = ADVANCED_FACE('',(#8297),#8315,.F.);
#8297 = FACE_BOUND('',#8298,.F.);
#8298 = EDGE_LOOP('',(#8299,#8300,#8301,#8309));
#8299 = ORIENTED_EDGE('',*,*,#8254,.T.);
#8300 = ORIENTED_EDGE('',*,*,#1417,.T.);
#8301 = ORIENTED_EDGE('',*,*,#8302,.F.);
#8302 = EDGE_CURVE('',#8303,#1410,#8305,.T.);
#8303 = VERTEX_POINT('',#8304);
#8304 = CARTESIAN_POINT('',(295.125,7.525,1.));
#8305 = LINE('',#8306,#8307);
#8306 = CARTESIAN_POINT('',(295.125,7.525,1.));
#8307 = VECTOR('',#8308,1.);
#8308 = DIRECTION('',(-0.,-0.,-1.));
#8309 = ORIENTED_EDGE('',*,*,#8310,.F.);
#8310 = EDGE_CURVE('',#8255,#8303,#8311,.T.);
#8311 = LINE('',#8312,#8313);
#8312 = CARTESIAN_POINT('',(281.125,7.525,1.));
#8313 = VECTOR('',#8314,1.);
#8314 = DIRECTION('',(1.,0.,0.));
#8315 = PLANE('',#8316);
#8316 = AXIS2_PLACEMENT_3D('',#8317,#8318,#8319);
#8317 = CARTESIAN_POINT('',(281.125,7.525,1.));
#8318 = DIRECTION('',(0.,-1.,0.));
#8319 = DIRECTION('',(1.,0.,0.));
#8320 = ADVANCED_FACE('',(#8321),#8332,.F.);
#8321 = FACE_BOUND('',#8322,.F.);
#8322 = EDGE_LOOP('',(#8323,#8324,#8325,#8326));
#8323 = ORIENTED_EDGE('',*,*,#8302,.T.);
#8324 = ORIENTED_EDGE('',*,*,#1409,.T.);
#8325 = ORIENTED_EDGE('',*,*,#8276,.F.);
#8326 = ORIENTED_EDGE('',*,*,#8327,.F.);
#8327 = EDGE_CURVE('',#8303,#8277,#8328,.T.);
#8328 = LINE('',#8329,#8330);
#8329 = CARTESIAN_POINT('',(295.125,7.525,1.));
#8330 = VECTOR('',#8331,1.);
#8331 = DIRECTION('',(0.,1.,0.));
#8332 = PLANE('',#8333);
#8333 = AXIS2_PLACEMENT_3D('',#8334,#8335,#8336);
#8334 = CARTESIAN_POINT('',(295.125,7.525,1.));
#8335 = DIRECTION('',(1.,0.,0.));
#8336 = DIRECTION('',(0.,1.,0.));
#8337 = ADVANCED_FACE('',(#8338),#8363,.F.);
#8338 = FACE_BOUND('',#8339,.F.);
#8339 = EDGE_LOOP('',(#8340,#8348,#8349,#8357));
#8340 = ORIENTED_EDGE('',*,*,#8341,.T.);
#8341 = EDGE_CURVE('',#8342,#1426,#8344,.T.);
#8342 = VERTEX_POINT('',#8343);
#8343 = CARTESIAN_POINT('',(300.175,21.525,1.));
#8344 = LINE('',#8345,#8346);
#8345 = CARTESIAN_POINT('',(300.175,21.525,1.));
#8346 = VECTOR('',#8347,1.);
#8347 = DIRECTION('',(-0.,-0.,-1.));
#8348 = ORIENTED_EDGE('',*,*,#1425,.T.);
#8349 = ORIENTED_EDGE('',*,*,#8350,.F.);
#8350 = EDGE_CURVE('',#8351,#1428,#8353,.T.);
#8351 = VERTEX_POINT('',#8352);
#8352 = CARTESIAN_POINT('',(300.175,7.525,1.));
#8353 = LINE('',#8354,#8355);
#8354 = CARTESIAN_POINT('',(300.175,7.525,1.));
#8355 = VECTOR('',#8356,1.);
#8356 = DIRECTION('',(-0.,-0.,-1.));
#8357 = ORIENTED_EDGE('',*,*,#8358,.F.);
#8358 = EDGE_CURVE('',#8342,#8351,#8359,.T.);
#8359 = LINE('',#8360,#8361);
#8360 = CARTESIAN_POINT('',(300.175,21.525,1.));
#8361 = VECTOR('',#8362,1.);
#8362 = DIRECTION('',(0.,-1.,0.));
#8363 = PLANE('',#8364);
#8364 = AXIS2_PLACEMENT_3D('',#8365,#8366,#8367);
#8365 = CARTESIAN_POINT('',(300.175,21.525,1.));
#8366 = DIRECTION('',(-1.,0.,0.));
#8367 = DIRECTION('',(0.,-1.,0.));
#8368 = ADVANCED_FACE('',(#8369),#8387,.F.);
#8369 = FACE_BOUND('',#8370,.F.);
#8370 = EDGE_LOOP('',(#8371,#8379,#8380,#8381));
#8371 = ORIENTED_EDGE('',*,*,#8372,.T.);
#8372 = EDGE_CURVE('',#8373,#1436,#8375,.T.);
#8373 = VERTEX_POINT('',#8374);
#8374 = CARTESIAN_POINT('',(314.175,21.525,1.));
#8375 = LINE('',#8376,#8377);
#8376 = CARTESIAN_POINT('',(314.175,21.525,1.));
#8377 = VECTOR('',#8378,1.);
#8378 = DIRECTION('',(-0.,-0.,-1.));
#8379 = ORIENTED_EDGE('',*,*,#1435,.T.);
#8380 = ORIENTED_EDGE('',*,*,#8341,.F.);
#8381 = ORIENTED_EDGE('',*,*,#8382,.F.);
#8382 = EDGE_CURVE('',#8373,#8342,#8383,.T.);
#8383 = LINE('',#8384,#8385);
#8384 = CARTESIAN_POINT('',(314.175,21.525,1.));
#8385 = VECTOR('',#8386,1.);
#8386 = DIRECTION('',(-1.,0.,0.));
#8387 = PLANE('',#8388);
#8388 = AXIS2_PLACEMENT_3D('',#8389,#8390,#8391);
#8389 = CARTESIAN_POINT('',(314.175,21.525,1.));
#8390 = DIRECTION('',(0.,1.,0.));
#8391 = DIRECTION('',(-1.,0.,0.));
#8392 = ADVANCED_FACE('',(#8393),#8411,.F.);
#8393 = FACE_BOUND('',#8394,.F.);
#8394 = EDGE_LOOP('',(#8395,#8396,#8397,#8405));
#8395 = ORIENTED_EDGE('',*,*,#8350,.T.);
#8396 = ORIENTED_EDGE('',*,*,#1451,.T.);
#8397 = ORIENTED_EDGE('',*,*,#8398,.F.);
#8398 = EDGE_CURVE('',#8399,#1444,#8401,.T.);
#8399 = VERTEX_POINT('',#8400);
#8400 = CARTESIAN_POINT('',(314.175,7.525,1.));
#8401 = LINE('',#8402,#8403);
#8402 = CARTESIAN_POINT('',(314.175,7.525,1.));
#8403 = VECTOR('',#8404,1.);
#8404 = DIRECTION('',(-0.,-0.,-1.));
#8405 = ORIENTED_EDGE('',*,*,#8406,.F.);
#8406 = EDGE_CURVE('',#8351,#8399,#8407,.T.);
#8407 = LINE('',#8408,#8409);
#8408 = CARTESIAN_POINT('',(300.175,7.525,1.));
#8409 = VECTOR('',#8410,1.);
#8410 = DIRECTION('',(1.,0.,0.));
#8411 = PLANE('',#8412);
#8412 = AXIS2_PLACEMENT_3D('',#8413,#8414,#8415);
#8413 = CARTESIAN_POINT('',(300.175,7.525,1.));
#8414 = DIRECTION('',(0.,-1.,0.));
#8415 = DIRECTION('',(1.,0.,0.));
#8416 = ADVANCED_FACE('',(#8417),#8428,.F.);
#8417 = FACE_BOUND('',#8418,.F.);
#8418 = EDGE_LOOP('',(#8419,#8420,#8421,#8422));
#8419 = ORIENTED_EDGE('',*,*,#8398,.T.);
#8420 = ORIENTED_EDGE('',*,*,#1443,.T.);
#8421 = ORIENTED_EDGE('',*,*,#8372,.F.);
#8422 = ORIENTED_EDGE('',*,*,#8423,.F.);
#8423 = EDGE_CURVE('',#8399,#8373,#8424,.T.);
#8424 = LINE('',#8425,#8426);
#8425 = CARTESIAN_POINT('',(314.175,7.525,1.));
#8426 = VECTOR('',#8427,1.);
#8427 = DIRECTION('',(0.,1.,0.));
#8428 = PLANE('',#8429);
#8429 = AXIS2_PLACEMENT_3D('',#8430,#8431,#8432);
#8430 = CARTESIAN_POINT('',(314.175,7.525,1.));
#8431 = DIRECTION('',(1.,0.,0.));
#8432 = DIRECTION('',(0.,1.,0.));
#8433 = ADVANCED_FACE('',(#8434),#8459,.F.);
#8434 = FACE_BOUND('',#8435,.F.);
#8435 = EDGE_LOOP('',(#8436,#8444,#8445,#8453));
#8436 = ORIENTED_EDGE('',*,*,#8437,.T.);
#8437 = EDGE_CURVE('',#8438,#1460,#8440,.T.);
#8438 = VERTEX_POINT('',#8439);
#8439 = CARTESIAN_POINT('',(319.225,21.525,1.));
#8440 = LINE('',#8441,#8442);
#8441 = CARTESIAN_POINT('',(319.225,21.525,1.));
#8442 = VECTOR('',#8443,1.);
#8443 = DIRECTION('',(-0.,-0.,-1.));
#8444 = ORIENTED_EDGE('',*,*,#1459,.T.);
#8445 = ORIENTED_EDGE('',*,*,#8446,.F.);
#8446 = EDGE_CURVE('',#8447,#1462,#8449,.T.);
#8447 = VERTEX_POINT('',#8448);
#8448 = CARTESIAN_POINT('',(319.225,7.525,1.));
#8449 = LINE('',#8450,#8451);
#8450 = CARTESIAN_POINT('',(319.225,7.525,1.));
#8451 = VECTOR('',#8452,1.);
#8452 = DIRECTION('',(-0.,-0.,-1.));
#8453 = ORIENTED_EDGE('',*,*,#8454,.F.);
#8454 = EDGE_CURVE('',#8438,#8447,#8455,.T.);
#8455 = LINE('',#8456,#8457);
#8456 = CARTESIAN_POINT('',(319.225,21.525,1.));
#8457 = VECTOR('',#8458,1.);
#8458 = DIRECTION('',(0.,-1.,0.));
#8459 = PLANE('',#8460);
#8460 = AXIS2_PLACEMENT_3D('',#8461,#8462,#8463);
#8461 = CARTESIAN_POINT('',(319.225,21.525,1.));
#8462 = DIRECTION('',(-1.,0.,0.));
#8463 = DIRECTION('',(0.,-1.,0.));
#8464 = ADVANCED_FACE('',(#8465),#8483,.F.);
#8465 = FACE_BOUND('',#8466,.F.);
#8466 = EDGE_LOOP('',(#8467,#8475,#8476,#8477));
#8467 = ORIENTED_EDGE('',*,*,#8468,.T.);
#8468 = EDGE_CURVE('',#8469,#1470,#8471,.T.);
#8469 = VERTEX_POINT('',#8470);
#8470 = CARTESIAN_POINT('',(333.225,21.525,1.));
#8471 = LINE('',#8472,#8473);
#8472 = CARTESIAN_POINT('',(333.225,21.525,1.));
#8473 = VECTOR('',#8474,1.);
#8474 = DIRECTION('',(-0.,-0.,-1.));
#8475 = ORIENTED_EDGE('',*,*,#1469,.T.);
#8476 = ORIENTED_EDGE('',*,*,#8437,.F.);
#8477 = ORIENTED_EDGE('',*,*,#8478,.F.);
#8478 = EDGE_CURVE('',#8469,#8438,#8479,.T.);
#8479 = LINE('',#8480,#8481);
#8480 = CARTESIAN_POINT('',(333.225,21.525,1.));
#8481 = VECTOR('',#8482,1.);
#8482 = DIRECTION('',(-1.,0.,0.));
#8483 = PLANE('',#8484);
#8484 = AXIS2_PLACEMENT_3D('',#8485,#8486,#8487);
#8485 = CARTESIAN_POINT('',(333.225,21.525,1.));
#8486 = DIRECTION('',(0.,1.,0.));
#8487 = DIRECTION('',(-1.,0.,0.));
#8488 = ADVANCED_FACE('',(#8489),#8507,.F.);
#8489 = FACE_BOUND('',#8490,.F.);
#8490 = EDGE_LOOP('',(#8491,#8492,#8493,#8501));
#8491 = ORIENTED_EDGE('',*,*,#8446,.T.);
#8492 = ORIENTED_EDGE('',*,*,#1485,.T.);
#8493 = ORIENTED_EDGE('',*,*,#8494,.F.);
#8494 = EDGE_CURVE('',#8495,#1478,#8497,.T.);
#8495 = VERTEX_POINT('',#8496);
#8496 = CARTESIAN_POINT('',(333.225,7.525,1.));
#8497 = LINE('',#8498,#8499);
#8498 = CARTESIAN_POINT('',(333.225,7.525,1.));
#8499 = VECTOR('',#8500,1.);
#8500 = DIRECTION('',(-0.,-0.,-1.));
#8501 = ORIENTED_EDGE('',*,*,#8502,.F.);
#8502 = EDGE_CURVE('',#8447,#8495,#8503,.T.);
#8503 = LINE('',#8504,#8505);
#8504 = CARTESIAN_POINT('',(319.225,7.525,1.));
#8505 = VECTOR('',#8506,1.);
#8506 = DIRECTION('',(1.,0.,0.));
#8507 = PLANE('',#8508);
#8508 = AXIS2_PLACEMENT_3D('',#8509,#8510,#8511);
#8509 = CARTESIAN_POINT('',(319.225,7.525,1.));
#8510 = DIRECTION('',(0.,-1.,0.));
#8511 = DIRECTION('',(1.,0.,0.));
#8512 = ADVANCED_FACE('',(#8513),#8524,.F.);
#8513 = FACE_BOUND('',#8514,.F.);
#8514 = EDGE_LOOP('',(#8515,#8516,#8517,#8518));
#8515 = ORIENTED_EDGE('',*,*,#8494,.T.);
#8516 = ORIENTED_EDGE('',*,*,#1477,.T.);
#8517 = ORIENTED_EDGE('',*,*,#8468,.F.);
#8518 = ORIENTED_EDGE('',*,*,#8519,.F.);
#8519 = EDGE_CURVE('',#8495,#8469,#8520,.T.);
#8520 = LINE('',#8521,#8522);
#8521 = CARTESIAN_POINT('',(333.225,7.525,1.));
#8522 = VECTOR('',#8523,1.);
#8523 = DIRECTION('',(0.,1.,0.));
#8524 = PLANE('',#8525);
#8525 = AXIS2_PLACEMENT_3D('',#8526,#8527,#8528);
#8526 = CARTESIAN_POINT('',(333.225,7.525,1.));
#8527 = DIRECTION('',(1.,0.,0.));
#8528 = DIRECTION('',(0.,1.,0.));
#8529 = ADVANCED_FACE('',(#8530),#8555,.F.);
#8530 = FACE_BOUND('',#8531,.F.);
#8531 = EDGE_LOOP('',(#8532,#8540,#8541,#8549));
#8532 = ORIENTED_EDGE('',*,*,#8533,.T.);
#8533 = EDGE_CURVE('',#8534,#1494,#8536,.T.);
#8534 = VERTEX_POINT('',#8535);
#8535 = CARTESIAN_POINT('',(338.275,21.525,1.));
#8536 = LINE('',#8537,#8538);
#8537 = CARTESIAN_POINT('',(338.275,21.525,1.));
#8538 = VECTOR('',#8539,1.);
#8539 = DIRECTION('',(-0.,-0.,-1.));
#8540 = ORIENTED_EDGE('',*,*,#1493,.T.);
#8541 = ORIENTED_EDGE('',*,*,#8542,.F.);
#8542 = EDGE_CURVE('',#8543,#1496,#8545,.T.);
#8543 = VERTEX_POINT('',#8544);
#8544 = CARTESIAN_POINT('',(338.275,7.525,1.));
#8545 = LINE('',#8546,#8547);
#8546 = CARTESIAN_POINT('',(338.275,7.525,1.));
#8547 = VECTOR('',#8548,1.);
#8548 = DIRECTION('',(-0.,-0.,-1.));
#8549 = ORIENTED_EDGE('',*,*,#8550,.F.);
#8550 = EDGE_CURVE('',#8534,#8543,#8551,.T.);
#8551 = LINE('',#8552,#8553);
#8552 = CARTESIAN_POINT('',(338.275,21.525,1.));
#8553 = VECTOR('',#8554,1.);
#8554 = DIRECTION('',(0.,-1.,0.));
#8555 = PLANE('',#8556);
#8556 = AXIS2_PLACEMENT_3D('',#8557,#8558,#8559);
#8557 = CARTESIAN_POINT('',(338.275,21.525,1.));
#8558 = DIRECTION('',(-1.,0.,0.));
#8559 = DIRECTION('',(0.,-1.,0.));
#8560 = ADVANCED_FACE('',(#8561),#8579,.F.);
#8561 = FACE_BOUND('',#8562,.F.);
#8562 = EDGE_LOOP('',(#8563,#8571,#8572,#8573));
#8563 = ORIENTED_EDGE('',*,*,#8564,.T.);
#8564 = EDGE_CURVE('',#8565,#1504,#8567,.T.);
#8565 = VERTEX_POINT('',#8566);
#8566 = CARTESIAN_POINT('',(352.275,21.525,1.));
#8567 = LINE('',#8568,#8569);
#8568 = CARTESIAN_POINT('',(352.275,21.525,1.));
#8569 = VECTOR('',#8570,1.);
#8570 = DIRECTION('',(-0.,-0.,-1.));
#8571 = ORIENTED_EDGE('',*,*,#1503,.T.);
#8572 = ORIENTED_EDGE('',*,*,#8533,.F.);
#8573 = ORIENTED_EDGE('',*,*,#8574,.F.);
#8574 = EDGE_CURVE('',#8565,#8534,#8575,.T.);
#8575 = LINE('',#8576,#8577);
#8576 = CARTESIAN_POINT('',(352.275,21.525,1.));
#8577 = VECTOR('',#8578,1.);
#8578 = DIRECTION('',(-1.,0.,0.));
#8579 = PLANE('',#8580);
#8580 = AXIS2_PLACEMENT_3D('',#8581,#8582,#8583);
#8581 = CARTESIAN_POINT('',(352.275,21.525,1.));
#8582 = DIRECTION('',(0.,1.,0.));
#8583 = DIRECTION('',(-1.,0.,0.));
#8584 = ADVANCED_FACE('',(#8585),#8603,.F.);
#8585 = FACE_BOUND('',#8586,.F.);
#8586 = EDGE_LOOP('',(#8587,#8588,#8589,#8597));
#8587 = ORIENTED_EDGE('',*,*,#8542,.T.);
#8588 = ORIENTED_EDGE('',*,*,#1519,.T.);
#8589 = ORIENTED_EDGE('',*,*,#8590,.F.);
#8590 = EDGE_CURVE('',#8591,#1512,#8593,.T.);
#8591 = VERTEX_POINT('',#8592);
#8592 = CARTESIAN_POINT('',(352.275,7.525,1.));
#8593 = LINE('',#8594,#8595);
#8594 = CARTESIAN_POINT('',(352.275,7.525,1.));
#8595 = VECTOR('',#8596,1.);
#8596 = DIRECTION('',(-0.,-0.,-1.));
#8597 = ORIENTED_EDGE('',*,*,#8598,.F.);
#8598 = EDGE_CURVE('',#8543,#8591,#8599,.T.);
#8599 = LINE('',#8600,#8601);
#8600 = CARTESIAN_POINT('',(338.275,7.525,1.));
#8601 = VECTOR('',#8602,1.);
#8602 = DIRECTION('',(1.,0.,0.));
#8603 = PLANE('',#8604);
#8604 = AXIS2_PLACEMENT_3D('',#8605,#8606,#8607);
#8605 = CARTESIAN_POINT('',(338.275,7.525,1.));
#8606 = DIRECTION('',(0.,-1.,0.));
#8607 = DIRECTION('',(1.,0.,0.));
#8608 = ADVANCED_FACE('',(#8609),#8620,.F.);
#8609 = FACE_BOUND('',#8610,.F.);
#8610 = EDGE_LOOP('',(#8611,#8612,#8613,#8614));
#8611 = ORIENTED_EDGE('',*,*,#8590,.T.);
#8612 = ORIENTED_EDGE('',*,*,#1511,.T.);
#8613 = ORIENTED_EDGE('',*,*,#8564,.F.);
#8614 = ORIENTED_EDGE('',*,*,#8615,.F.);
#8615 = EDGE_CURVE('',#8591,#8565,#8616,.T.);
#8616 = LINE('',#8617,#8618);
#8617 = CARTESIAN_POINT('',(352.275,7.525,1.));
#8618 = VECTOR('',#8619,1.);
#8619 = DIRECTION('',(0.,1.,0.));
#8620 = PLANE('',#8621);
#8621 = AXIS2_PLACEMENT_3D('',#8622,#8623,#8624);
#8622 = CARTESIAN_POINT('',(352.275,7.525,1.));
#8623 = DIRECTION('',(1.,0.,0.));
#8624 = DIRECTION('',(0.,1.,0.));
#8625 = ADVANCED_FACE('',(#8626),#8651,.F.);
#8626 = FACE_BOUND('',#8627,.F.);
#8627 = EDGE_LOOP('',(#8628,#8636,#8637,#8645));
#8628 = ORIENTED_EDGE('',*,*,#8629,.T.);
#8629 = EDGE_CURVE('',#8630,#1528,#8632,.T.);
#8630 = VERTEX_POINT('',#8631);
#8631 = CARTESIAN_POINT('',(262.075,40.575,1.));
#8632 = LINE('',#8633,#8634);
#8633 = CARTESIAN_POINT('',(262.075,40.575,1.));
#8634 = VECTOR('',#8635,1.);
#8635 = DIRECTION('',(-0.,-0.,-1.));
#8636 = ORIENTED_EDGE('',*,*,#1527,.T.);
#8637 = ORIENTED_EDGE('',*,*,#8638,.F.);
#8638 = EDGE_CURVE('',#8639,#1530,#8641,.T.);
#8639 = VERTEX_POINT('',#8640);
#8640 = CARTESIAN_POINT('',(262.075,26.575,1.));
#8641 = LINE('',#8642,#8643);
#8642 = CARTESIAN_POINT('',(262.075,26.575,1.));
#8643 = VECTOR('',#8644,1.);
#8644 = DIRECTION('',(-0.,-0.,-1.));
#8645 = ORIENTED_EDGE('',*,*,#8646,.F.);
#8646 = EDGE_CURVE('',#8630,#8639,#8647,.T.);
#8647 = LINE('',#8648,#8649);
#8648 = CARTESIAN_POINT('',(262.075,40.575,1.));
#8649 = VECTOR('',#8650,1.);
#8650 = DIRECTION('',(0.,-1.,0.));
#8651 = PLANE('',#8652);
#8652 = AXIS2_PLACEMENT_3D('',#8653,#8654,#8655);
#8653 = CARTESIAN_POINT('',(262.075,40.575,1.));
#8654 = DIRECTION('',(-1.,0.,0.));
#8655 = DIRECTION('',(0.,-1.,0.));
#8656 = ADVANCED_FACE('',(#8657),#8675,.F.);
#8657 = FACE_BOUND('',#8658,.F.);
#8658 = EDGE_LOOP('',(#8659,#8667,#8668,#8669));
#8659 = ORIENTED_EDGE('',*,*,#8660,.T.);
#8660 = EDGE_CURVE('',#8661,#1538,#8663,.T.);
#8661 = VERTEX_POINT('',#8662);
#8662 = CARTESIAN_POINT('',(276.075,40.575,1.));
#8663 = LINE('',#8664,#8665);
#8664 = CARTESIAN_POINT('',(276.075,40.575,1.));
#8665 = VECTOR('',#8666,1.);
#8666 = DIRECTION('',(-0.,-0.,-1.));
#8667 = ORIENTED_EDGE('',*,*,#1537,.T.);
#8668 = ORIENTED_EDGE('',*,*,#8629,.F.);
#8669 = ORIENTED_EDGE('',*,*,#8670,.F.);
#8670 = EDGE_CURVE('',#8661,#8630,#8671,.T.);
#8671 = LINE('',#8672,#8673);
#8672 = CARTESIAN_POINT('',(276.075,40.575,1.));
#8673 = VECTOR('',#8674,1.);
#8674 = DIRECTION('',(-1.,0.,0.));
#8675 = PLANE('',#8676);
#8676 = AXIS2_PLACEMENT_3D('',#8677,#8678,#8679);
#8677 = CARTESIAN_POINT('',(276.075,40.575,1.));
#8678 = DIRECTION('',(0.,1.,0.));
#8679 = DIRECTION('',(-1.,0.,0.));
#8680 = ADVANCED_FACE('',(#8681),#8699,.F.);
#8681 = FACE_BOUND('',#8682,.F.);
#8682 = EDGE_LOOP('',(#8683,#8684,#8685,#8693));
#8683 = ORIENTED_EDGE('',*,*,#8638,.T.);
#8684 = ORIENTED_EDGE('',*,*,#1553,.T.);
#8685 = ORIENTED_EDGE('',*,*,#8686,.F.);
#8686 = EDGE_CURVE('',#8687,#1546,#8689,.T.);
#8687 = VERTEX_POINT('',#8688);
#8688 = CARTESIAN_POINT('',(276.075,26.575,1.));
#8689 = LINE('',#8690,#8691);
#8690 = CARTESIAN_POINT('',(276.075,26.575,1.));
#8691 = VECTOR('',#8692,1.);
#8692 = DIRECTION('',(-0.,-0.,-1.));
#8693 = ORIENTED_EDGE('',*,*,#8694,.F.);
#8694 = EDGE_CURVE('',#8639,#8687,#8695,.T.);
#8695 = LINE('',#8696,#8697);
#8696 = CARTESIAN_POINT('',(262.075,26.575,1.));
#8697 = VECTOR('',#8698,1.);
#8698 = DIRECTION('',(1.,0.,0.));
#8699 = PLANE('',#8700);
#8700 = AXIS2_PLACEMENT_3D('',#8701,#8702,#8703);
#8701 = CARTESIAN_POINT('',(262.075,26.575,1.));
#8702 = DIRECTION('',(0.,-1.,0.));
#8703 = DIRECTION('',(1.,0.,0.));
#8704 = ADVANCED_FACE('',(#8705),#8716,.F.);
#8705 = FACE_BOUND('',#8706,.F.);
#8706 = EDGE_LOOP('',(#8707,#8708,#8709,#8710));
#8707 = ORIENTED_EDGE('',*,*,#8686,.T.);
#8708 = ORIENTED_EDGE('',*,*,#1545,.T.);
#8709 = ORIENTED_EDGE('',*,*,#8660,.F.);
#8710 = ORIENTED_EDGE('',*,*,#8711,.F.);
#8711 = EDGE_CURVE('',#8687,#8661,#8712,.T.);
#8712 = LINE('',#8713,#8714);
#8713 = CARTESIAN_POINT('',(276.075,26.575,1.));
#8714 = VECTOR('',#8715,1.);
#8715 = DIRECTION('',(0.,1.,0.));
#8716 = PLANE('',#8717);
#8717 = AXIS2_PLACEMENT_3D('',#8718,#8719,#8720);
#8718 = CARTESIAN_POINT('',(276.075,26.575,1.));
#8719 = DIRECTION('',(1.,0.,0.));
#8720 = DIRECTION('',(0.,1.,0.));
#8721 = ADVANCED_FACE('',(#8722),#8747,.F.);
#8722 = FACE_BOUND('',#8723,.F.);
#8723 = EDGE_LOOP('',(#8724,#8732,#8733,#8741));
#8724 = ORIENTED_EDGE('',*,*,#8725,.T.);
#8725 = EDGE_CURVE('',#8726,#1562,#8728,.T.);
#8726 = VERTEX_POINT('',#8727);
#8727 = CARTESIAN_POINT('',(290.65,40.575,1.));
#8728 = LINE('',#8729,#8730);
#8729 = CARTESIAN_POINT('',(290.65,40.575,1.));
#8730 = VECTOR('',#8731,1.);
#8731 = DIRECTION('',(-0.,-0.,-1.));
#8732 = ORIENTED_EDGE('',*,*,#1561,.T.);
#8733 = ORIENTED_EDGE('',*,*,#8734,.F.);
#8734 = EDGE_CURVE('',#8735,#1564,#8737,.T.);
#8735 = VERTEX_POINT('',#8736);
#8736 = CARTESIAN_POINT('',(290.65,35.875,1.));
#8737 = LINE('',#8738,#8739);
#8738 = CARTESIAN_POINT('',(290.65,35.875,1.));
#8739 = VECTOR('',#8740,1.);
#8740 = DIRECTION('',(-0.,-0.,-1.));
#8741 = ORIENTED_EDGE('',*,*,#8742,.F.);
#8742 = EDGE_CURVE('',#8726,#8735,#8743,.T.);
#8743 = LINE('',#8744,#8745);
#8744 = CARTESIAN_POINT('',(290.65,40.575,1.));
#8745 = VECTOR('',#8746,1.);
#8746 = DIRECTION('',(0.,-1.,0.));
#8747 = PLANE('',#8748);
#8748 = AXIS2_PLACEMENT_3D('',#8749,#8750,#8751);
#8749 = CARTESIAN_POINT('',(290.65,40.575,1.));
#8750 = DIRECTION('',(-1.,0.,0.));
#8751 = DIRECTION('',(0.,-1.,0.));
#8752 = ADVANCED_FACE('',(#8753),#8771,.T.);
#8753 = FACE_BOUND('',#8754,.T.);
#8754 = EDGE_LOOP('',(#8755,#8756,#8757,#8765));
#8755 = ORIENTED_EDGE('',*,*,#8725,.T.);
#8756 = ORIENTED_EDGE('',*,*,#1571,.T.);
#8757 = ORIENTED_EDGE('',*,*,#8758,.F.);
#8758 = EDGE_CURVE('',#8759,#1572,#8761,.T.);
#8759 = VERTEX_POINT('',#8760);
#8760 = CARTESIAN_POINT('',(304.65,40.575,1.));
#8761 = LINE('',#8762,#8763);
#8762 = CARTESIAN_POINT('',(304.65,40.575,1.));
#8763 = VECTOR('',#8764,1.);
#8764 = DIRECTION('',(-0.,-0.,-1.));
#8765 = ORIENTED_EDGE('',*,*,#8766,.F.);
#8766 = EDGE_CURVE('',#8726,#8759,#8767,.T.);
#8767 = LINE('',#8768,#8769);
#8768 = CARTESIAN_POINT('',(290.65,40.575,1.));
#8769 = VECTOR('',#8770,1.);
#8770 = DIRECTION('',(1.,0.,0.));
#8771 = PLANE('',#8772);
#8772 = AXIS2_PLACEMENT_3D('',#8773,#8774,#8775);
#8773 = CARTESIAN_POINT('',(290.65,40.575,1.));
#8774 = DIRECTION('',(0.,-1.,0.));
#8775 = DIRECTION('',(1.,0.,0.));
#8776 = ADVANCED_FACE('',(#8777),#8795,.F.);
#8777 = FACE_BOUND('',#8778,.F.);
#8778 = EDGE_LOOP('',(#8779,#8780,#8781,#8789));
#8779 = ORIENTED_EDGE('',*,*,#8734,.T.);
#8780 = ORIENTED_EDGE('',*,*,#1843,.T.);
#8781 = ORIENTED_EDGE('',*,*,#8782,.F.);
#8782 = EDGE_CURVE('',#8783,#1836,#8785,.T.);
#8783 = VERTEX_POINT('',#8784);
#8784 = CARTESIAN_POINT('',(289.125,35.875,1.));
#8785 = LINE('',#8786,#8787);
#8786 = CARTESIAN_POINT('',(289.125,35.875,1.));
#8787 = VECTOR('',#8788,1.);
#8788 = DIRECTION('',(-0.,-0.,-1.));
#8789 = ORIENTED_EDGE('',*,*,#8790,.F.);
#8790 = EDGE_CURVE('',#8735,#8783,#8791,.T.);
#8791 = LINE('',#8792,#8793);
#8792 = CARTESIAN_POINT('',(290.65,35.875,1.));
#8793 = VECTOR('',#8794,1.);
#8794 = DIRECTION('',(-1.,0.,0.));
#8795 = PLANE('',#8796);
#8796 = AXIS2_PLACEMENT_3D('',#8797,#8798,#8799);
#8797 = CARTESIAN_POINT('',(290.65,35.875,1.));
#8798 = DIRECTION('',(0.,1.,0.));
#8799 = DIRECTION('',(-1.,0.,0.));
#8800 = ADVANCED_FACE('',(#8801),#8819,.T.);
#8801 = FACE_BOUND('',#8802,.T.);
#8802 = EDGE_LOOP('',(#8803,#8804,#8805,#8813));
#8803 = ORIENTED_EDGE('',*,*,#8758,.T.);
#8804 = ORIENTED_EDGE('',*,*,#1579,.T.);
#8805 = ORIENTED_EDGE('',*,*,#8806,.F.);
#8806 = EDGE_CURVE('',#8807,#1580,#8809,.T.);
#8807 = VERTEX_POINT('',#8808);
#8808 = CARTESIAN_POINT('',(304.65,35.875,1.));
#8809 = LINE('',#8810,#8811);
#8810 = CARTESIAN_POINT('',(304.65,35.875,1.));
#8811 = VECTOR('',#8812,1.);
#8812 = DIRECTION('',(-0.,-0.,-1.));
#8813 = ORIENTED_EDGE('',*,*,#8814,.F.);
#8814 = EDGE_CURVE('',#8759,#8807,#8815,.T.);
#8815 = LINE('',#8816,#8817);
#8816 = CARTESIAN_POINT('',(304.65,40.575,1.));
#8817 = VECTOR('',#8818,1.);
#8818 = DIRECTION('',(0.,-1.,0.));
#8819 = PLANE('',#8820);
#8820 = AXIS2_PLACEMENT_3D('',#8821,#8822,#8823);
#8821 = CARTESIAN_POINT('',(304.65,40.575,1.));
#8822 = DIRECTION('',(-1.,0.,0.));
#8823 = DIRECTION('',(0.,-1.,0.));
#8824 = ADVANCED_FACE('',(#8825),#8843,.F.);
#8825 = FACE_BOUND('',#8826,.F.);
#8826 = EDGE_LOOP('',(#8827,#8828,#8829,#8837));
#8827 = ORIENTED_EDGE('',*,*,#8782,.T.);
#8828 = ORIENTED_EDGE('',*,*,#1835,.T.);
#8829 = ORIENTED_EDGE('',*,*,#8830,.F.);
#8830 = EDGE_CURVE('',#8831,#1828,#8833,.T.);
#8831 = VERTEX_POINT('',#8832);
#8832 = CARTESIAN_POINT('',(289.125,39.105,1.));
#8833 = LINE('',#8834,#8835);
#8834 = CARTESIAN_POINT('',(289.125,39.105,1.));
#8835 = VECTOR('',#8836,1.);
#8836 = DIRECTION('',(-0.,-0.,-1.));
#8837 = ORIENTED_EDGE('',*,*,#8838,.F.);
#8838 = EDGE_CURVE('',#8783,#8831,#8839,.T.);
#8839 = LINE('',#8840,#8841);
#8840 = CARTESIAN_POINT('',(289.125,35.875,1.));
#8841 = VECTOR('',#8842,1.);
#8842 = DIRECTION('',(0.,1.,0.));
#8843 = PLANE('',#8844);
#8844 = AXIS2_PLACEMENT_3D('',#8845,#8846,#8847);
#8845 = CARTESIAN_POINT('',(289.125,35.875,1.));
#8846 = DIRECTION('',(1.,0.,0.));
#8847 = DIRECTION('',(0.,1.,0.));
#8848 = ADVANCED_FACE('',(#8849),#8867,.T.);
#8849 = FACE_BOUND('',#8850,.T.);
#8850 = EDGE_LOOP('',(#8851,#8852,#8853,#8861));
#8851 = ORIENTED_EDGE('',*,*,#8806,.T.);
#8852 = ORIENTED_EDGE('',*,*,#1587,.T.);
#8853 = ORIENTED_EDGE('',*,*,#8854,.F.);
#8854 = EDGE_CURVE('',#8855,#1588,#8857,.T.);
#8855 = VERTEX_POINT('',#8856);
#8856 = CARTESIAN_POINT('',(306.175,35.875,1.));
#8857 = LINE('',#8858,#8859);
#8858 = CARTESIAN_POINT('',(306.175,35.875,1.));
#8859 = VECTOR('',#8860,1.);
#8860 = DIRECTION('',(-0.,-0.,-1.));
#8861 = ORIENTED_EDGE('',*,*,#8862,.F.);
#8862 = EDGE_CURVE('',#8807,#8855,#8863,.T.);
#8863 = LINE('',#8864,#8865);
#8864 = CARTESIAN_POINT('',(304.65,35.875,1.));
#8865 = VECTOR('',#8866,1.);
#8866 = DIRECTION('',(1.,0.,0.));
#8867 = PLANE('',#8868);
#8868 = AXIS2_PLACEMENT_3D('',#8869,#8870,#8871);
#8869 = CARTESIAN_POINT('',(304.65,35.875,1.));
#8870 = DIRECTION('',(0.,-1.,0.));
#8871 = DIRECTION('',(1.,0.,0.));
#8872 = ADVANCED_FACE('',(#8873),#8891,.T.);
#8873 = FACE_BOUND('',#8874,.T.);
#8874 = EDGE_LOOP('',(#8875,#8883,#8884,#8885));
#8875 = ORIENTED_EDGE('',*,*,#8876,.T.);
#8876 = EDGE_CURVE('',#8877,#1820,#8879,.T.);
#8877 = VERTEX_POINT('',#8878);
#8878 = CARTESIAN_POINT('',(282.375,39.105,1.));
#8879 = LINE('',#8880,#8881);
#8880 = CARTESIAN_POINT('',(282.375,39.105,1.));
#8881 = VECTOR('',#8882,1.);
#8882 = DIRECTION('',(-0.,-0.,-1.));
#8883 = ORIENTED_EDGE('',*,*,#1827,.T.);
#8884 = ORIENTED_EDGE('',*,*,#8830,.F.);
#8885 = ORIENTED_EDGE('',*,*,#8886,.F.);
#8886 = EDGE_CURVE('',#8877,#8831,#8887,.T.);
#8887 = LINE('',#8888,#8889);
#8888 = CARTESIAN_POINT('',(282.375,39.105,1.));
#8889 = VECTOR('',#8890,1.);
#8890 = DIRECTION('',(1.,0.,0.));
#8891 = PLANE('',#8892);
#8892 = AXIS2_PLACEMENT_3D('',#8893,#8894,#8895);
#8893 = CARTESIAN_POINT('',(282.375,39.105,1.));
#8894 = DIRECTION('',(0.,-1.,0.));
#8895 = DIRECTION('',(1.,0.,0.));
#8896 = ADVANCED_FACE('',(#8897),#8915,.T.);
#8897 = FACE_BOUND('',#8898,.T.);
#8898 = EDGE_LOOP('',(#8899,#8900,#8901,#8909));
#8899 = ORIENTED_EDGE('',*,*,#8854,.T.);
#8900 = ORIENTED_EDGE('',*,*,#1595,.T.);
#8901 = ORIENTED_EDGE('',*,*,#8902,.F.);
#8902 = EDGE_CURVE('',#8903,#1596,#8905,.T.);
#8903 = VERTEX_POINT('',#8904);
#8904 = CARTESIAN_POINT('',(306.175,39.105,1.));
#8905 = LINE('',#8906,#8907);
#8906 = CARTESIAN_POINT('',(306.175,39.105,1.));
#8907 = VECTOR('',#8908,1.);
#8908 = DIRECTION('',(-0.,-0.,-1.));
#8909 = ORIENTED_EDGE('',*,*,#8910,.F.);
#8910 = EDGE_CURVE('',#8855,#8903,#8911,.T.);
#8911 = LINE('',#8912,#8913);
#8912 = CARTESIAN_POINT('',(306.175,35.875,1.));
#8913 = VECTOR('',#8914,1.);
#8914 = DIRECTION('',(0.,1.,0.));
#8915 = PLANE('',#8916);
#8916 = AXIS2_PLACEMENT_3D('',#8917,#8918,#8919);
#8917 = CARTESIAN_POINT('',(306.175,35.875,1.));
#8918 = DIRECTION('',(1.,0.,0.));
#8919 = DIRECTION('',(0.,1.,0.));
#8920 = ADVANCED_FACE('',(#8921),#8939,.F.);
#8921 = FACE_BOUND('',#8922,.F.);
#8922 = EDGE_LOOP('',(#8923,#8924,#8925,#8933));
#8923 = ORIENTED_EDGE('',*,*,#8876,.T.);
#8924 = ORIENTED_EDGE('',*,*,#1819,.T.);
#8925 = ORIENTED_EDGE('',*,*,#8926,.F.);
#8926 = EDGE_CURVE('',#8927,#1812,#8929,.T.);
#8927 = VERTEX_POINT('',#8928);
#8928 = CARTESIAN_POINT('',(282.375,35.875,1.));
#8929 = LINE('',#8930,#8931);
#8930 = CARTESIAN_POINT('',(282.375,35.875,1.));
#8931 = VECTOR('',#8932,1.);
#8932 = DIRECTION('',(-0.,-0.,-1.));
#8933 = ORIENTED_EDGE('',*,*,#8934,.F.);
#8934 = EDGE_CURVE('',#8877,#8927,#8935,.T.);
#8935 = LINE('',#8936,#8937);
#8936 = CARTESIAN_POINT('',(282.375,39.105,1.));
#8937 = VECTOR('',#8938,1.);
#8938 = DIRECTION('',(0.,-1.,0.));
#8939 = PLANE('',#8940);
#8940 = AXIS2_PLACEMENT_3D('',#8941,#8942,#8943);
#8941 = CARTESIAN_POINT('',(282.375,39.105,1.));
#8942 = DIRECTION('',(-1.,0.,0.));
#8943 = DIRECTION('',(0.,-1.,0.));
#8944 = ADVANCED_FACE('',(#8945),#8963,.T.);
#8945 = FACE_BOUND('',#8946,.T.);
#8946 = EDGE_LOOP('',(#8947,#8948,#8949,#8957));
#8947 = ORIENTED_EDGE('',*,*,#8902,.T.);
#8948 = ORIENTED_EDGE('',*,*,#1603,.T.);
#8949 = ORIENTED_EDGE('',*,*,#8950,.F.);
#8950 = EDGE_CURVE('',#8951,#1604,#8953,.T.);
#8951 = VERTEX_POINT('',#8952);
#8952 = CARTESIAN_POINT('',(312.925,39.105,1.));
#8953 = LINE('',#8954,#8955);
#8954 = CARTESIAN_POINT('',(312.925,39.105,1.));
#8955 = VECTOR('',#8956,1.);
#8956 = DIRECTION('',(-0.,-0.,-1.));
#8957 = ORIENTED_EDGE('',*,*,#8958,.F.);
#8958 = EDGE_CURVE('',#8903,#8951,#8959,.T.);
#8959 = LINE('',#8960,#8961);
#8960 = CARTESIAN_POINT('',(306.175,39.105,1.));
#8961 = VECTOR('',#8962,1.);
#8962 = DIRECTION('',(1.,0.,0.));
#8963 = PLANE('',#8964);
#8964 = AXIS2_PLACEMENT_3D('',#8965,#8966,#8967);
#8965 = CARTESIAN_POINT('',(306.175,39.105,1.));
#8966 = DIRECTION('',(0.,-1.,0.));
#8967 = DIRECTION('',(1.,0.,0.));
#8968 = ADVANCED_FACE('',(#8969),#8987,.F.);
#8969 = FACE_BOUND('',#8970,.F.);
#8970 = EDGE_LOOP('',(#8971,#8972,#8973,#8981));
#8971 = ORIENTED_EDGE('',*,*,#8926,.T.);
#8972 = ORIENTED_EDGE('',*,*,#1811,.T.);
#8973 = ORIENTED_EDGE('',*,*,#8974,.F.);
#8974 = EDGE_CURVE('',#8975,#1804,#8977,.T.);
#8975 = VERTEX_POINT('',#8976);
#8976 = CARTESIAN_POINT('',(281.55,35.875,1.));
#8977 = LINE('',#8978,#8979);
#8978 = CARTESIAN_POINT('',(281.55,35.875,1.));
#8979 = VECTOR('',#8980,1.);
#8980 = DIRECTION('',(-0.,-0.,-1.));
#8981 = ORIENTED_EDGE('',*,*,#8982,.F.);
#8982 = EDGE_CURVE('',#8927,#8975,#8983,.T.);
#8983 = LINE('',#8984,#8985);
#8984 = CARTESIAN_POINT('',(282.375,35.875,1.));
#8985 = VECTOR('',#8986,1.);
#8986 = DIRECTION('',(-1.,0.,0.));
#8987 = PLANE('',#8988);
#8988 = AXIS2_PLACEMENT_3D('',#8989,#8990,#8991);
#8989 = CARTESIAN_POINT('',(282.375,35.875,1.));
#8990 = DIRECTION('',(0.,1.,0.));
#8991 = DIRECTION('',(-1.,0.,0.));
#8992 = ADVANCED_FACE('',(#8993),#9011,.T.);
#8993 = FACE_BOUND('',#8994,.T.);
#8994 = EDGE_LOOP('',(#8995,#8996,#8997,#9005));
#8995 = ORIENTED_EDGE('',*,*,#8950,.T.);
#8996 = ORIENTED_EDGE('',*,*,#1611,.T.);
#8997 = ORIENTED_EDGE('',*,*,#8998,.F.);
#8998 = EDGE_CURVE('',#8999,#1612,#9001,.T.);
#8999 = VERTEX_POINT('',#9000);
#9000 = CARTESIAN_POINT('',(312.925,35.875,1.));
#9001 = LINE('',#9002,#9003);
#9002 = CARTESIAN_POINT('',(312.925,35.875,1.));
#9003 = VECTOR('',#9004,1.);
#9004 = DIRECTION('',(-0.,-0.,-1.));
#9005 = ORIENTED_EDGE('',*,*,#9006,.F.);
#9006 = EDGE_CURVE('',#8951,#8999,#9007,.T.);
#9007 = LINE('',#9008,#9009);
#9008 = CARTESIAN_POINT('',(312.925,39.105,1.));
#9009 = VECTOR('',#9010,1.);
#9010 = DIRECTION('',(0.,-1.,0.));
#9011 = PLANE('',#9012);
#9012 = AXIS2_PLACEMENT_3D('',#9013,#9014,#9015);
#9013 = CARTESIAN_POINT('',(312.925,39.105,1.));
#9014 = DIRECTION('',(-1.,0.,0.));
#9015 = DIRECTION('',(0.,-1.,0.));
#9016 = ADVANCED_FACE('',(#9017),#9035,.F.);
#9017 = FACE_BOUND('',#9018,.F.);
#9018 = EDGE_LOOP('',(#9019,#9020,#9021,#9029));
#9019 = ORIENTED_EDGE('',*,*,#8974,.T.);
#9020 = ORIENTED_EDGE('',*,*,#1803,.T.);
#9021 = ORIENTED_EDGE('',*,*,#9022,.F.);
#9022 = EDGE_CURVE('',#9023,#1796,#9025,.T.);
#9023 = VERTEX_POINT('',#9024);
#9024 = CARTESIAN_POINT('',(281.55,33.075,1.));
#9025 = LINE('',#9026,#9027);
#9026 = CARTESIAN_POINT('',(281.55,33.075,1.));
#9027 = VECTOR('',#9028,1.);
#9028 = DIRECTION('',(-0.,-0.,-1.));
#9029 = ORIENTED_EDGE('',*,*,#9030,.F.);
#9030 = EDGE_CURVE('',#8975,#9023,#9031,.T.);
#9031 = LINE('',#9032,#9033);
#9032 = CARTESIAN_POINT('',(281.55,35.875,1.));
#9033 = VECTOR('',#9034,1.);
#9034 = DIRECTION('',(0.,-1.,0.));
#9035 = PLANE('',#9036);
#9036 = AXIS2_PLACEMENT_3D('',#9037,#9038,#9039);
#9037 = CARTESIAN_POINT('',(281.55,35.875,1.));
#9038 = DIRECTION('',(-1.,0.,0.));
#9039 = DIRECTION('',(0.,-1.,0.));
#9040 = ADVANCED_FACE('',(#9041),#9059,.T.);
#9041 = FACE_BOUND('',#9042,.T.);
#9042 = EDGE_LOOP('',(#9043,#9044,#9045,#9053));
#9043 = ORIENTED_EDGE('',*,*,#8998,.T.);
#9044 = ORIENTED_EDGE('',*,*,#1619,.T.);
#9045 = ORIENTED_EDGE('',*,*,#9046,.F.);
#9046 = EDGE_CURVE('',#9047,#1620,#9049,.T.);
#9047 = VERTEX_POINT('',#9048);
#9048 = CARTESIAN_POINT('',(313.75,35.875,1.));
#9049 = LINE('',#9050,#9051);
#9050 = CARTESIAN_POINT('',(313.75,35.875,1.));
#9051 = VECTOR('',#9052,1.);
#9052 = DIRECTION('',(-0.,-0.,-1.));
#9053 = ORIENTED_EDGE('',*,*,#9054,.F.);
#9054 = EDGE_CURVE('',#8999,#9047,#9055,.T.);
#9055 = LINE('',#9056,#9057);
#9056 = CARTESIAN_POINT('',(312.925,35.875,1.));
#9057 = VECTOR('',#9058,1.);
#9058 = DIRECTION('',(1.,0.,0.));
#9059 = PLANE('',#9060);
#9060 = AXIS2_PLACEMENT_3D('',#9061,#9062,#9063);
#9061 = CARTESIAN_POINT('',(312.925,35.875,1.));
#9062 = DIRECTION('',(0.,-1.,0.));
#9063 = DIRECTION('',(1.,0.,0.));
#9064 = ADVANCED_FACE('',(#9065),#9083,.F.);
#9065 = FACE_BOUND('',#9066,.F.);
#9066 = EDGE_LOOP('',(#9067,#9068,#9069,#9077));
#9067 = ORIENTED_EDGE('',*,*,#9022,.T.);
#9068 = ORIENTED_EDGE('',*,*,#1795,.T.);
#9069 = ORIENTED_EDGE('',*,*,#9070,.F.);
#9070 = EDGE_CURVE('',#9071,#1788,#9073,.T.);
#9071 = VERTEX_POINT('',#9072);
#9072 = CARTESIAN_POINT('',(282.375,33.075,1.));
#9073 = LINE('',#9074,#9075);
#9074 = CARTESIAN_POINT('',(282.375,33.075,1.));
#9075 = VECTOR('',#9076,1.);
#9076 = DIRECTION('',(-0.,-0.,-1.));
#9077 = ORIENTED_EDGE('',*,*,#9078,.F.);
#9078 = EDGE_CURVE('',#9023,#9071,#9079,.T.);
#9079 = LINE('',#9080,#9081);
#9080 = CARTESIAN_POINT('',(281.55,33.075,1.));
#9081 = VECTOR('',#9082,1.);
#9082 = DIRECTION('',(1.,0.,0.));
#9083 = PLANE('',#9084);
#9084 = AXIS2_PLACEMENT_3D('',#9085,#9086,#9087);
#9085 = CARTESIAN_POINT('',(281.55,33.075,1.));
#9086 = DIRECTION('',(0.,-1.,0.));
#9087 = DIRECTION('',(1.,0.,0.));
#9088 = ADVANCED_FACE('',(#9089),#9107,.T.);
#9089 = FACE_BOUND('',#9090,.T.);
#9090 = EDGE_LOOP('',(#9091,#9092,#9093,#9101));
#9091 = ORIENTED_EDGE('',*,*,#9046,.T.);
#9092 = ORIENTED_EDGE('',*,*,#1627,.T.);
#9093 = ORIENTED_EDGE('',*,*,#9094,.F.);
#9094 = EDGE_CURVE('',#9095,#1628,#9097,.T.);
#9095 = VERTEX_POINT('',#9096);
#9096 = CARTESIAN_POINT('',(313.75,33.075,1.));
#9097 = LINE('',#9098,#9099);
#9098 = CARTESIAN_POINT('',(313.75,33.075,1.));
#9099 = VECTOR('',#9100,1.);
#9100 = DIRECTION('',(-0.,-0.,-1.));
#9101 = ORIENTED_EDGE('',*,*,#9102,.F.);
#9102 = EDGE_CURVE('',#9047,#9095,#9103,.T.);
#9103 = LINE('',#9104,#9105);
#9104 = CARTESIAN_POINT('',(313.75,35.875,1.));
#9105 = VECTOR('',#9106,1.);
#9106 = DIRECTION('',(0.,-1.,0.));
#9107 = PLANE('',#9108);
#9108 = AXIS2_PLACEMENT_3D('',#9109,#9110,#9111);
#9109 = CARTESIAN_POINT('',(313.75,35.875,1.));
#9110 = DIRECTION('',(-1.,0.,0.));
#9111 = DIRECTION('',(0.,-1.,0.));
#9112 = ADVANCED_FACE('',(#9113),#9131,.F.);
#9113 = FACE_BOUND('',#9114,.F.);
#9114 = EDGE_LOOP('',(#9115,#9116,#9117,#9125));
#9115 = ORIENTED_EDGE('',*,*,#9070,.T.);
#9116 = ORIENTED_EDGE('',*,*,#1787,.T.);
#9117 = ORIENTED_EDGE('',*,*,#9118,.F.);
#9118 = EDGE_CURVE('',#9119,#1780,#9121,.T.);
#9119 = VERTEX_POINT('',#9120);
#9120 = CARTESIAN_POINT('',(282.375,26.805,1.));
#9121 = LINE('',#9122,#9123);
#9122 = CARTESIAN_POINT('',(282.375,26.805,1.));
#9123 = VECTOR('',#9124,1.);
#9124 = DIRECTION('',(-0.,-0.,-1.));
#9125 = ORIENTED_EDGE('',*,*,#9126,.F.);
#9126 = EDGE_CURVE('',#9071,#9119,#9127,.T.);
#9127 = LINE('',#9128,#9129);
#9128 = CARTESIAN_POINT('',(282.375,33.075,1.));
#9129 = VECTOR('',#9130,1.);
#9130 = DIRECTION('',(0.,-1.,0.));
#9131 = PLANE('',#9132);
#9132 = AXIS2_PLACEMENT_3D('',#9133,#9134,#9135);
#9133 = CARTESIAN_POINT('',(282.375,33.075,1.));
#9134 = DIRECTION('',(-1.,0.,0.));
#9135 = DIRECTION('',(0.,-1.,0.));
#9136 = ADVANCED_FACE('',(#9137),#9155,.T.);
#9137 = FACE_BOUND('',#9138,.T.);
#9138 = EDGE_LOOP('',(#9139,#9140,#9141,#9149));
#9139 = ORIENTED_EDGE('',*,*,#9094,.T.);
#9140 = ORIENTED_EDGE('',*,*,#1635,.T.);
#9141 = ORIENTED_EDGE('',*,*,#9142,.F.);
#9142 = EDGE_CURVE('',#9143,#1636,#9145,.T.);
#9143 = VERTEX_POINT('',#9144);
#9144 = CARTESIAN_POINT('',(312.925,33.075,1.));
#9145 = LINE('',#9146,#9147);
#9146 = CARTESIAN_POINT('',(312.925,33.075,1.));
#9147 = VECTOR('',#9148,1.);
#9148 = DIRECTION('',(-0.,-0.,-1.));
#9149 = ORIENTED_EDGE('',*,*,#9150,.F.);
#9150 = EDGE_CURVE('',#9095,#9143,#9151,.T.);
#9151 = LINE('',#9152,#9153);
#9152 = CARTESIAN_POINT('',(313.75,33.075,1.));
#9153 = VECTOR('',#9154,1.);
#9154 = DIRECTION('',(-1.,0.,0.));
#9155 = PLANE('',#9156);
#9156 = AXIS2_PLACEMENT_3D('',#9157,#9158,#9159);
#9157 = CARTESIAN_POINT('',(313.75,33.075,1.));
#9158 = DIRECTION('',(0.,1.,0.));
#9159 = DIRECTION('',(-1.,0.,0.));
#9160 = ADVANCED_FACE('',(#9161),#9179,.F.);
#9161 = FACE_BOUND('',#9162,.F.);
#9162 = EDGE_LOOP('',(#9163,#9164,#9165,#9173));
#9163 = ORIENTED_EDGE('',*,*,#9118,.T.);
#9164 = ORIENTED_EDGE('',*,*,#1779,.T.);
#9165 = ORIENTED_EDGE('',*,*,#9166,.F.);
#9166 = EDGE_CURVE('',#9167,#1772,#9169,.T.);
#9167 = VERTEX_POINT('',#9168);
#9168 = CARTESIAN_POINT('',(284.1,26.805,1.));
#9169 = LINE('',#9170,#9171);
#9170 = CARTESIAN_POINT('',(284.1,26.805,1.));
#9171 = VECTOR('',#9172,1.);
#9172 = DIRECTION('',(-0.,-0.,-1.));
#9173 = ORIENTED_EDGE('',*,*,#9174,.F.);
#9174 = EDGE_CURVE('',#9119,#9167,#9175,.T.);
#9175 = LINE('',#9176,#9177);
#9176 = CARTESIAN_POINT('',(282.375,26.805,1.));
#9177 = VECTOR('',#9178,1.);
#9178 = DIRECTION('',(1.,0.,0.));
#9179 = PLANE('',#9180);
#9180 = AXIS2_PLACEMENT_3D('',#9181,#9182,#9183);
#9181 = CARTESIAN_POINT('',(282.375,26.805,1.));
#9182 = DIRECTION('',(0.,-1.,0.));
#9183 = DIRECTION('',(1.,0.,0.));
#9184 = ADVANCED_FACE('',(#9185),#9203,.T.);
#9185 = FACE_BOUND('',#9186,.T.);
#9186 = EDGE_LOOP('',(#9187,#9188,#9189,#9197));
#9187 = ORIENTED_EDGE('',*,*,#9142,.T.);
#9188 = ORIENTED_EDGE('',*,*,#1643,.T.);
#9189 = ORIENTED_EDGE('',*,*,#9190,.F.);
#9190 = EDGE_CURVE('',#9191,#1644,#9193,.T.);
#9191 = VERTEX_POINT('',#9192);
#9192 = CARTESIAN_POINT('',(312.925,26.805,1.));
#9193 = LINE('',#9194,#9195);
#9194 = CARTESIAN_POINT('',(312.925,26.805,1.));
#9195 = VECTOR('',#9196,1.);
#9196 = DIRECTION('',(-0.,-0.,-1.));
#9197 = ORIENTED_EDGE('',*,*,#9198,.F.);
#9198 = EDGE_CURVE('',#9143,#9191,#9199,.T.);
#9199 = LINE('',#9200,#9201);
#9200 = CARTESIAN_POINT('',(312.925,33.075,1.));
#9201 = VECTOR('',#9202,1.);
#9202 = DIRECTION('',(0.,-1.,0.));
#9203 = PLANE('',#9204);
#9204 = AXIS2_PLACEMENT_3D('',#9205,#9206,#9207);
#9205 = CARTESIAN_POINT('',(312.925,33.075,1.));
#9206 = DIRECTION('',(-1.,0.,0.));
#9207 = DIRECTION('',(0.,-1.,0.));
#9208 = ADVANCED_FACE('',(#9209),#9227,.F.);
#9209 = FACE_BOUND('',#9210,.F.);
#9210 = EDGE_LOOP('',(#9211,#9212,#9213,#9221));
#9211 = ORIENTED_EDGE('',*,*,#9166,.T.);
#9212 = ORIENTED_EDGE('',*,*,#1771,.T.);
#9213 = ORIENTED_EDGE('',*,*,#9214,.F.);
#9214 = EDGE_CURVE('',#9215,#1764,#9217,.T.);
#9215 = VERTEX_POINT('',#9216);
#9216 = CARTESIAN_POINT('',(284.1,25.605,1.));
#9217 = LINE('',#9218,#9219);
#9218 = CARTESIAN_POINT('',(284.1,25.605,1.));
#9219 = VECTOR('',#9220,1.);
#9220 = DIRECTION('',(-0.,-0.,-1.));
#9221 = ORIENTED_EDGE('',*,*,#9222,.F.);
#9222 = EDGE_CURVE('',#9167,#9215,#9223,.T.);
#9223 = LINE('',#9224,#9225);
#9224 = CARTESIAN_POINT('',(284.1,26.805,1.));
#9225 = VECTOR('',#9226,1.);
#9226 = DIRECTION('',(0.,-1.,0.));
#9227 = PLANE('',#9228);
#9228 = AXIS2_PLACEMENT_3D('',#9229,#9230,#9231);
#9229 = CARTESIAN_POINT('',(284.1,26.805,1.));
#9230 = DIRECTION('',(-1.,0.,0.));
#9231 = DIRECTION('',(0.,-1.,0.));
#9232 = ADVANCED_FACE('',(#9233),#9251,.T.);
#9233 = FACE_BOUND('',#9234,.T.);
#9234 = EDGE_LOOP('',(#9235,#9236,#9237,#9245));
#9235 = ORIENTED_EDGE('',*,*,#9190,.T.);
#9236 = ORIENTED_EDGE('',*,*,#1651,.T.);
#9237 = ORIENTED_EDGE('',*,*,#9238,.F.);
#9238 = EDGE_CURVE('',#9239,#1652,#9241,.T.);
#9239 = VERTEX_POINT('',#9240);
#9240 = CARTESIAN_POINT('',(311.2,26.805,1.));
#9241 = LINE('',#9242,#9243);
#9242 = CARTESIAN_POINT('',(311.2,26.805,1.));
#9243 = VECTOR('',#9244,1.);
#9244 = DIRECTION('',(-0.,-0.,-1.));
#9245 = ORIENTED_EDGE('',*,*,#9246,.F.);
#9246 = EDGE_CURVE('',#9191,#9239,#9247,.T.);
#9247 = LINE('',#9248,#9249);
#9248 = CARTESIAN_POINT('',(312.925,26.805,1.));
#9249 = VECTOR('',#9250,1.);
#9250 = DIRECTION('',(-1.,0.,0.));
#9251 = PLANE('',#9252);
#9252 = AXIS2_PLACEMENT_3D('',#9253,#9254,#9255);
#9253 = CARTESIAN_POINT('',(312.925,26.805,1.));
#9254 = DIRECTION('',(0.,1.,0.));
#9255 = DIRECTION('',(-1.,0.,0.));
#9256 = ADVANCED_FACE('',(#9257),#9275,.F.);
#9257 = FACE_BOUND('',#9258,.F.);
#9258 = EDGE_LOOP('',(#9259,#9260,#9261,#9269));
#9259 = ORIENTED_EDGE('',*,*,#9214,.T.);
#9260 = ORIENTED_EDGE('',*,*,#1763,.T.);
#9261 = ORIENTED_EDGE('',*,*,#9262,.F.);
#9262 = EDGE_CURVE('',#9263,#1756,#9265,.T.);
#9263 = VERTEX_POINT('',#9264);
#9264 = CARTESIAN_POINT('',(287.4,25.605,1.));
#9265 = LINE('',#9266,#9267);
#9266 = CARTESIAN_POINT('',(287.4,25.605,1.));
#9267 = VECTOR('',#9268,1.);
#9268 = DIRECTION('',(-0.,-0.,-1.));
#9269 = ORIENTED_EDGE('',*,*,#9270,.F.);
#9270 = EDGE_CURVE('',#9215,#9263,#9271,.T.);
#9271 = LINE('',#9272,#9273);
#9272 = CARTESIAN_POINT('',(284.1,25.605,1.));
#9273 = VECTOR('',#9274,1.);
#9274 = DIRECTION('',(1.,0.,0.));
#9275 = PLANE('',#9276);
#9276 = AXIS2_PLACEMENT_3D('',#9277,#9278,#9279);
#9277 = CARTESIAN_POINT('',(284.1,25.605,1.));
#9278 = DIRECTION('',(0.,-1.,0.));
#9279 = DIRECTION('',(1.,0.,0.));
#9280 = ADVANCED_FACE('',(#9281),#9299,.T.);
#9281 = FACE_BOUND('',#9282,.T.);
#9282 = EDGE_LOOP('',(#9283,#9284,#9285,#9293));
#9283 = ORIENTED_EDGE('',*,*,#9238,.T.);
#9284 = ORIENTED_EDGE('',*,*,#1659,.T.);
#9285 = ORIENTED_EDGE('',*,*,#9286,.F.);
#9286 = EDGE_CURVE('',#9287,#1660,#9289,.T.);
#9287 = VERTEX_POINT('',#9288);
#9288 = CARTESIAN_POINT('',(311.2,25.605,1.));
#9289 = LINE('',#9290,#9291);
#9290 = CARTESIAN_POINT('',(311.2,25.605,1.));
#9291 = VECTOR('',#9292,1.);
#9292 = DIRECTION('',(-0.,-0.,-1.));
#9293 = ORIENTED_EDGE('',*,*,#9294,.F.);
#9294 = EDGE_CURVE('',#9239,#9287,#9295,.T.);
#9295 = LINE('',#9296,#9297);
#9296 = CARTESIAN_POINT('',(311.2,26.805,1.));
#9297 = VECTOR('',#9298,1.);
#9298 = DIRECTION('',(0.,-1.,0.));
#9299 = PLANE('',#9300);
#9300 = AXIS2_PLACEMENT_3D('',#9301,#9302,#9303);
#9301 = CARTESIAN_POINT('',(311.2,26.805,1.));
#9302 = DIRECTION('',(-1.,0.,0.));
#9303 = DIRECTION('',(0.,-1.,0.));
#9304 = ADVANCED_FACE('',(#9305),#9323,.F.);
#9305 = FACE_BOUND('',#9306,.F.);
#9306 = EDGE_LOOP('',(#9307,#9308,#9309,#9317));
#9307 = ORIENTED_EDGE('',*,*,#9262,.T.);
#9308 = ORIENTED_EDGE('',*,*,#1755,.T.);
#9309 = ORIENTED_EDGE('',*,*,#9310,.F.);
#9310 = EDGE_CURVE('',#9311,#1748,#9313,.T.);
#9311 = VERTEX_POINT('',#9312);
#9312 = CARTESIAN_POINT('',(287.4,26.805,1.));
#9313 = LINE('',#9314,#9315);
#9314 = CARTESIAN_POINT('',(287.4,26.805,1.));
#9315 = VECTOR('',#9316,1.);
#9316 = DIRECTION('',(-0.,-0.,-1.));
#9317 = ORIENTED_EDGE('',*,*,#9318,.F.);
#9318 = EDGE_CURVE('',#9263,#9311,#9319,.T.);
#9319 = LINE('',#9320,#9321);
#9320 = CARTESIAN_POINT('',(287.4,25.605,1.));
#9321 = VECTOR('',#9322,1.);
#9322 = DIRECTION('',(0.,1.,0.));
#9323 = PLANE('',#9324);
#9324 = AXIS2_PLACEMENT_3D('',#9325,#9326,#9327);
#9325 = CARTESIAN_POINT('',(287.4,25.605,1.));
#9326 = DIRECTION('',(1.,0.,0.));
#9327 = DIRECTION('',(0.,1.,0.));
#9328 = ADVANCED_FACE('',(#9329),#9347,.T.);
#9329 = FACE_BOUND('',#9330,.T.);
#9330 = EDGE_LOOP('',(#9331,#9332,#9333,#9341));
#9331 = ORIENTED_EDGE('',*,*,#9286,.T.);
#9332 = ORIENTED_EDGE('',*,*,#1667,.T.);
#9333 = ORIENTED_EDGE('',*,*,#9334,.F.);
#9334 = EDGE_CURVE('',#9335,#1668,#9337,.T.);
#9335 = VERTEX_POINT('',#9336);
#9336 = CARTESIAN_POINT('',(307.9,25.605,1.));
#9337 = LINE('',#9338,#9339);
#9338 = CARTESIAN_POINT('',(307.9,25.605,1.));
#9339 = VECTOR('',#9340,1.);
#9340 = DIRECTION('',(-0.,-0.,-1.));
#9341 = ORIENTED_EDGE('',*,*,#9342,.F.);
#9342 = EDGE_CURVE('',#9287,#9335,#9343,.T.);
#9343 = LINE('',#9344,#9345);
#9344 = CARTESIAN_POINT('',(311.2,25.605,1.));
#9345 = VECTOR('',#9346,1.);
#9346 = DIRECTION('',(-1.,0.,0.));
#9347 = PLANE('',#9348);
#9348 = AXIS2_PLACEMENT_3D('',#9349,#9350,#9351);
#9349 = CARTESIAN_POINT('',(311.2,25.605,1.));
#9350 = DIRECTION('',(0.,1.,0.));
#9351 = DIRECTION('',(-1.,0.,0.));
#9352 = ADVANCED_FACE('',(#9353),#9371,.F.);
#9353 = FACE_BOUND('',#9354,.F.);
#9354 = EDGE_LOOP('',(#9355,#9356,#9357,#9365));
#9355 = ORIENTED_EDGE('',*,*,#9310,.T.);
#9356 = ORIENTED_EDGE('',*,*,#1747,.T.);
#9357 = ORIENTED_EDGE('',*,*,#9358,.F.);
#9358 = EDGE_CURVE('',#9359,#1740,#9361,.T.);
#9359 = VERTEX_POINT('',#9360);
#9360 = CARTESIAN_POINT('',(289.125,26.805,1.));
#9361 = LINE('',#9362,#9363);
#9362 = CARTESIAN_POINT('',(289.125,26.805,1.));
#9363 = VECTOR('',#9364,1.);
#9364 = DIRECTION('',(-0.,-0.,-1.));
#9365 = ORIENTED_EDGE('',*,*,#9366,.F.);
#9366 = EDGE_CURVE('',#9311,#9359,#9367,.T.);
#9367 = LINE('',#9368,#9369);
#9368 = CARTESIAN_POINT('',(287.4,26.805,1.));
#9369 = VECTOR('',#9370,1.);
#9370 = DIRECTION('',(1.,0.,0.));
#9371 = PLANE('',#9372);
#9372 = AXIS2_PLACEMENT_3D('',#9373,#9374,#9375);
#9373 = CARTESIAN_POINT('',(287.4,26.805,1.));
#9374 = DIRECTION('',(0.,-1.,0.));
#9375 = DIRECTION('',(1.,0.,0.));
#9376 = ADVANCED_FACE('',(#9377),#9395,.T.);
#9377 = FACE_BOUND('',#9378,.T.);
#9378 = EDGE_LOOP('',(#9379,#9380,#9381,#9389));
#9379 = ORIENTED_EDGE('',*,*,#9334,.T.);
#9380 = ORIENTED_EDGE('',*,*,#1675,.T.);
#9381 = ORIENTED_EDGE('',*,*,#9382,.F.);
#9382 = EDGE_CURVE('',#9383,#1676,#9385,.T.);
#9383 = VERTEX_POINT('',#9384);
#9384 = CARTESIAN_POINT('',(307.9,26.805,1.));
#9385 = LINE('',#9386,#9387);
#9386 = CARTESIAN_POINT('',(307.9,26.805,1.));
#9387 = VECTOR('',#9388,1.);
#9388 = DIRECTION('',(-0.,-0.,-1.));
#9389 = ORIENTED_EDGE('',*,*,#9390,.F.);
#9390 = EDGE_CURVE('',#9335,#9383,#9391,.T.);
#9391 = LINE('',#9392,#9393);
#9392 = CARTESIAN_POINT('',(307.9,25.605,1.));
#9393 = VECTOR('',#9394,1.);
#9394 = DIRECTION('',(0.,1.,0.));
#9395 = PLANE('',#9396);
#9396 = AXIS2_PLACEMENT_3D('',#9397,#9398,#9399);
#9397 = CARTESIAN_POINT('',(307.9,25.605,1.));
#9398 = DIRECTION('',(1.,0.,0.));
#9399 = DIRECTION('',(0.,1.,0.));
#9400 = ADVANCED_FACE('',(#9401),#9419,.F.);
#9401 = FACE_BOUND('',#9402,.F.);
#9402 = EDGE_LOOP('',(#9403,#9404,#9405,#9413));
#9403 = ORIENTED_EDGE('',*,*,#9358,.T.);
#9404 = ORIENTED_EDGE('',*,*,#1739,.T.);
#9405 = ORIENTED_EDGE('',*,*,#9406,.F.);
#9406 = EDGE_CURVE('',#9407,#1732,#9409,.T.);
#9407 = VERTEX_POINT('',#9408);
#9408 = CARTESIAN_POINT('',(289.125,31.275,1.));
#9409 = LINE('',#9410,#9411);
#9410 = CARTESIAN_POINT('',(289.125,31.275,1.));
#9411 = VECTOR('',#9412,1.);
#9412 = DIRECTION('',(-0.,-0.,-1.));
#9413 = ORIENTED_EDGE('',*,*,#9414,.F.);
#9414 = EDGE_CURVE('',#9359,#9407,#9415,.T.);
#9415 = LINE('',#9416,#9417);
#9416 = CARTESIAN_POINT('',(289.125,26.805,1.));
#9417 = VECTOR('',#9418,1.);
#9418 = DIRECTION('',(0.,1.,0.));
#9419 = PLANE('',#9420);
#9420 = AXIS2_PLACEMENT_3D('',#9421,#9422,#9423);
#9421 = CARTESIAN_POINT('',(289.125,26.805,1.));
#9422 = DIRECTION('',(1.,0.,0.));
#9423 = DIRECTION('',(0.,1.,0.));
#9424 = ADVANCED_FACE('',(#9425),#9443,.T.);
#9425 = FACE_BOUND('',#9426,.T.);
#9426 = EDGE_LOOP('',(#9427,#9428,#9429,#9437));
#9427 = ORIENTED_EDGE('',*,*,#9382,.T.);
#9428 = ORIENTED_EDGE('',*,*,#1683,.T.);
#9429 = ORIENTED_EDGE('',*,*,#9430,.F.);
#9430 = EDGE_CURVE('',#9431,#1684,#9433,.T.);
#9431 = VERTEX_POINT('',#9432);
#9432 = CARTESIAN_POINT('',(306.175,26.805,1.));
#9433 = LINE('',#9434,#9435);
#9434 = CARTESIAN_POINT('',(306.175,26.805,1.));
#9435 = VECTOR('',#9436,1.);
#9436 = DIRECTION('',(-0.,-0.,-1.));
#9437 = ORIENTED_EDGE('',*,*,#9438,.F.);
#9438 = EDGE_CURVE('',#9383,#9431,#9439,.T.);
#9439 = LINE('',#9440,#9441);
#9440 = CARTESIAN_POINT('',(307.9,26.805,1.));
#9441 = VECTOR('',#9442,1.);
#9442 = DIRECTION('',(-1.,0.,0.));
#9443 = PLANE('',#9444);
#9444 = AXIS2_PLACEMENT_3D('',#9445,#9446,#9447);
#9445 = CARTESIAN_POINT('',(307.9,26.805,1.));
#9446 = DIRECTION('',(0.,1.,0.));
#9447 = DIRECTION('',(-1.,0.,0.));
#9448 = ADVANCED_FACE('',(#9449),#9467,.F.);
#9449 = FACE_BOUND('',#9450,.F.);
#9450 = EDGE_LOOP('',(#9451,#9452,#9453,#9461));
#9451 = ORIENTED_EDGE('',*,*,#9406,.T.);
#9452 = ORIENTED_EDGE('',*,*,#1731,.T.);
#9453 = ORIENTED_EDGE('',*,*,#9454,.F.);
#9454 = EDGE_CURVE('',#9455,#1724,#9457,.T.);
#9455 = VERTEX_POINT('',#9456);
#9456 = CARTESIAN_POINT('',(290.65,31.275,1.));
#9457 = LINE('',#9458,#9459);
#9458 = CARTESIAN_POINT('',(290.65,31.275,1.));
#9459 = VECTOR('',#9460,1.);
#9460 = DIRECTION('',(-0.,-0.,-1.));
#9461 = ORIENTED_EDGE('',*,*,#9462,.F.);
#9462 = EDGE_CURVE('',#9407,#9455,#9463,.T.);
#9463 = LINE('',#9464,#9465);
#9464 = CARTESIAN_POINT('',(289.125,31.275,1.));
#9465 = VECTOR('',#9466,1.);
#9466 = DIRECTION('',(1.,0.,0.));
#9467 = PLANE('',#9468);
#9468 = AXIS2_PLACEMENT_3D('',#9469,#9470,#9471);
#9469 = CARTESIAN_POINT('',(289.125,31.275,1.));
#9470 = DIRECTION('',(0.,-1.,0.));
#9471 = DIRECTION('',(1.,0.,0.));
#9472 = ADVANCED_FACE('',(#9473),#9491,.T.);
#9473 = FACE_BOUND('',#9474,.T.);
#9474 = EDGE_LOOP('',(#9475,#9476,#9477,#9485));
#9475 = ORIENTED_EDGE('',*,*,#9430,.T.);
#9476 = ORIENTED_EDGE('',*,*,#1691,.T.);
#9477 = ORIENTED_EDGE('',*,*,#9478,.F.);
#9478 = EDGE_CURVE('',#9479,#1692,#9481,.T.);
#9479 = VERTEX_POINT('',#9480);
#9480 = CARTESIAN_POINT('',(306.175,31.275,1.));
#9481 = LINE('',#9482,#9483);
#9482 = CARTESIAN_POINT('',(306.175,31.275,1.));
#9483 = VECTOR('',#9484,1.);
#9484 = DIRECTION('',(-0.,-0.,-1.));
#9485 = ORIENTED_EDGE('',*,*,#9486,.F.);
#9486 = EDGE_CURVE('',#9431,#9479,#9487,.T.);
#9487 = LINE('',#9488,#9489);
#9488 = CARTESIAN_POINT('',(306.175,26.805,1.));
#9489 = VECTOR('',#9490,1.);
#9490 = DIRECTION('',(0.,1.,0.));
#9491 = PLANE('',#9492);
#9492 = AXIS2_PLACEMENT_3D('',#9493,#9494,#9495);
#9493 = CARTESIAN_POINT('',(306.175,26.805,1.));
#9494 = DIRECTION('',(1.,0.,0.));
#9495 = DIRECTION('',(0.,1.,0.));
#9496 = ADVANCED_FACE('',(#9497),#9515,.T.);
#9497 = FACE_BOUND('',#9498,.T.);
#9498 = EDGE_LOOP('',(#9499,#9507,#9508,#9509));
#9499 = ORIENTED_EDGE('',*,*,#9500,.T.);
#9500 = EDGE_CURVE('',#9501,#1716,#9503,.T.);
#9501 = VERTEX_POINT('',#9502);
#9502 = CARTESIAN_POINT('',(290.65,26.575,1.));
#9503 = LINE('',#9504,#9505);
#9504 = CARTESIAN_POINT('',(290.65,26.575,1.));
#9505 = VECTOR('',#9506,1.);
#9506 = DIRECTION('',(-0.,-0.,-1.));
#9507 = ORIENTED_EDGE('',*,*,#1723,.T.);
#9508 = ORIENTED_EDGE('',*,*,#9454,.F.);
#9509 = ORIENTED_EDGE('',*,*,#9510,.F.);
#9510 = EDGE_CURVE('',#9501,#9455,#9511,.T.);
#9511 = LINE('',#9512,#9513);
#9512 = CARTESIAN_POINT('',(290.65,26.575,1.));
#9513 = VECTOR('',#9514,1.);
#9514 = DIRECTION('',(0.,1.,0.));
#9515 = PLANE('',#9516);
#9516 = AXIS2_PLACEMENT_3D('',#9517,#9518,#9519);
#9517 = CARTESIAN_POINT('',(290.65,26.575,1.));
#9518 = DIRECTION('',(1.,0.,0.));
#9519 = DIRECTION('',(0.,1.,0.));
#9520 = ADVANCED_FACE('',(#9521),#9539,.T.);
#9521 = FACE_BOUND('',#9522,.T.);
#9522 = EDGE_LOOP('',(#9523,#9524,#9525,#9533));
#9523 = ORIENTED_EDGE('',*,*,#9478,.T.);
#9524 = ORIENTED_EDGE('',*,*,#1699,.T.);
#9525 = ORIENTED_EDGE('',*,*,#9526,.F.);
#9526 = EDGE_CURVE('',#9527,#1700,#9529,.T.);
#9527 = VERTEX_POINT('',#9528);
#9528 = CARTESIAN_POINT('',(304.65,31.275,1.));
#9529 = LINE('',#9530,#9531);
#9530 = CARTESIAN_POINT('',(304.65,31.275,1.));
#9531 = VECTOR('',#9532,1.);
#9532 = DIRECTION('',(-0.,-0.,-1.));
#9533 = ORIENTED_EDGE('',*,*,#9534,.F.);
#9534 = EDGE_CURVE('',#9479,#9527,#9535,.T.);
#9535 = LINE('',#9536,#9537);
#9536 = CARTESIAN_POINT('',(306.175,31.275,1.));
#9537 = VECTOR('',#9538,1.);
#9538 = DIRECTION('',(-1.,0.,0.));
#9539 = PLANE('',#9540);
#9540 = AXIS2_PLACEMENT_3D('',#9541,#9542,#9543);
#9541 = CARTESIAN_POINT('',(306.175,31.275,1.));
#9542 = DIRECTION('',(0.,1.,0.));
#9543 = DIRECTION('',(-1.,0.,0.));
#9544 = ADVANCED_FACE('',(#9545),#9563,.T.);
#9545 = FACE_BOUND('',#9546,.T.);
#9546 = EDGE_LOOP('',(#9547,#9555,#9556,#9557));
#9547 = ORIENTED_EDGE('',*,*,#9548,.T.);
#9548 = EDGE_CURVE('',#9549,#1708,#9551,.T.);
#9549 = VERTEX_POINT('',#9550);
#9550 = CARTESIAN_POINT('',(304.65,26.575,1.));
#9551 = LINE('',#9552,#9553);
#9552 = CARTESIAN_POINT('',(304.65,26.575,1.));
#9553 = VECTOR('',#9554,1.);
#9554 = DIRECTION('',(-0.,-0.,-1.));
#9555 = ORIENTED_EDGE('',*,*,#1715,.T.);
#9556 = ORIENTED_EDGE('',*,*,#9500,.F.);
#9557 = ORIENTED_EDGE('',*,*,#9558,.F.);
#9558 = EDGE_CURVE('',#9549,#9501,#9559,.T.);
#9559 = LINE('',#9560,#9561);
#9560 = CARTESIAN_POINT('',(304.65,26.575,1.));
#9561 = VECTOR('',#9562,1.);
#9562 = DIRECTION('',(-1.,0.,0.));
#9563 = PLANE('',#9564);
#9564 = AXIS2_PLACEMENT_3D('',#9565,#9566,#9567);
#9565 = CARTESIAN_POINT('',(304.65,26.575,1.));
#9566 = DIRECTION('',(0.,1.,0.));
#9567 = DIRECTION('',(-1.,0.,0.));
#9568 = ADVANCED_FACE('',(#9569),#9580,.T.);
#9569 = FACE_BOUND('',#9570,.T.);
#9570 = EDGE_LOOP('',(#9571,#9572,#9573,#9574));
#9571 = ORIENTED_EDGE('',*,*,#9526,.T.);
#9572 = ORIENTED_EDGE('',*,*,#1707,.T.);
#9573 = ORIENTED_EDGE('',*,*,#9548,.F.);
#9574 = ORIENTED_EDGE('',*,*,#9575,.F.);
#9575 = EDGE_CURVE('',#9527,#9549,#9576,.T.);
#9576 = LINE('',#9577,#9578);
#9577 = CARTESIAN_POINT('',(304.65,31.275,1.));
#9578 = VECTOR('',#9579,1.);
#9579 = DIRECTION('',(0.,-1.,0.));
#9580 = PLANE('',#9581);
#9581 = AXIS2_PLACEMENT_3D('',#9582,#9583,#9584);
#9582 = CARTESIAN_POINT('',(304.65,31.275,1.));
#9583 = DIRECTION('',(-1.,0.,0.));
#9584 = DIRECTION('',(0.,-1.,0.));
#9585 = ADVANCED_FACE('',(#9586),#9605,.F.);
#9586 = FACE_BOUND('',#9587,.F.);
#9587 = EDGE_LOOP('',(#9588,#9596,#9597,#9598));
#9588 = ORIENTED_EDGE('',*,*,#9589,.F.);
#9589 = EDGE_CURVE('',#1852,#9590,#9592,.T.);
#9590 = VERTEX_POINT('',#9591);
#9591 = CARTESIAN_POINT('',(339.35,26.55,0.8));
#9592 = LINE('',#9593,#9594);
#9593 = CARTESIAN_POINT('',(339.35,26.55,0.8));
#9594 = VECTOR('',#9595,1.);
#9595 = DIRECTION('',(-0.707106781187,-2.28E-15,0.707106781187));
#9596 = ORIENTED_EDGE('',*,*,#1851,.T.);
#9597 = ORIENTED_EDGE('',*,*,#9589,.T.);
#9598 = ORIENTED_EDGE('',*,*,#9599,.F.);
#9599 = EDGE_CURVE('',#9590,#9590,#9600,.T.);
#9600 = CIRCLE('',#9601,1.1);
#9601 = AXIS2_PLACEMENT_3D('',#9602,#9603,#9604);
#9602 = CARTESIAN_POINT('',(338.25,26.55,0.8));
#9603 = DIRECTION('',(0.,-0.,1.));
#9604 = DIRECTION('',(1.,3.23E-15,0.));
#9605 = CONICAL_SURFACE('',#9606,1.1,0.785398163397);
#9606 = AXIS2_PLACEMENT_3D('',#9607,#9608,#9609);
#9607 = CARTESIAN_POINT('',(338.25,26.55,0.8));
#9608 = DIRECTION('',(-0.,-0.,-1.));
#9609 = DIRECTION('',(1.,3.23E-15,0.));
#9610 = ADVANCED_FACE('',(#9611),#9636,.F.);
#9611 = FACE_BOUND('',#9612,.F.);
#9612 = EDGE_LOOP('',(#9613,#9621,#9622,#9630));
#9613 = ORIENTED_EDGE('',*,*,#9614,.T.);
#9614 = EDGE_CURVE('',#9615,#1863,#9617,.T.);
#9615 = VERTEX_POINT('',#9616);
#9616 = CARTESIAN_POINT('',(319.225,40.575,1.));
#9617 = LINE('',#9618,#9619);
#9618 = CARTESIAN_POINT('',(319.225,40.575,1.));
#9619 = VECTOR('',#9620,1.);
#9620 = DIRECTION('',(-0.,-0.,-1.));
#9621 = ORIENTED_EDGE('',*,*,#1862,.T.);
#9622 = ORIENTED_EDGE('',*,*,#9623,.F.);
#9623 = EDGE_CURVE('',#9624,#1865,#9626,.T.);
#9624 = VERTEX_POINT('',#9625);
#9625 = CARTESIAN_POINT('',(319.225,26.575,1.));
#9626 = LINE('',#9627,#9628);
#9627 = CARTESIAN_POINT('',(319.225,26.575,1.));
#9628 = VECTOR('',#9629,1.);
#9629 = DIRECTION('',(-0.,-0.,-1.));
#9630 = ORIENTED_EDGE('',*,*,#9631,.F.);
#9631 = EDGE_CURVE('',#9615,#9624,#9632,.T.);
#9632 = LINE('',#9633,#9634);
#9633 = CARTESIAN_POINT('',(319.225,40.575,1.));
#9634 = VECTOR('',#9635,1.);
#9635 = DIRECTION('',(0.,-1.,0.));
#9636 = PLANE('',#9637);
#9637 = AXIS2_PLACEMENT_3D('',#9638,#9639,#9640);
#9638 = CARTESIAN_POINT('',(319.225,40.575,1.));
#9639 = DIRECTION('',(-1.,0.,0.));
#9640 = DIRECTION('',(0.,-1.,0.));
#9641 = ADVANCED_FACE('',(#9642),#9660,.F.);
#9642 = FACE_BOUND('',#9643,.F.);
#9643 = EDGE_LOOP('',(#9644,#9652,#9653,#9654));
#9644 = ORIENTED_EDGE('',*,*,#9645,.T.);
#9645 = EDGE_CURVE('',#9646,#1873,#9648,.T.);
#9646 = VERTEX_POINT('',#9647);
#9647 = CARTESIAN_POINT('',(333.225,40.575,1.));
#9648 = LINE('',#9649,#9650);
#9649 = CARTESIAN_POINT('',(333.225,40.575,1.));
#9650 = VECTOR('',#9651,1.);
#9651 = DIRECTION('',(-0.,-0.,-1.));
#9652 = ORIENTED_EDGE('',*,*,#1872,.T.);
#9653 = ORIENTED_EDGE('',*,*,#9614,.F.);
#9654 = ORIENTED_EDGE('',*,*,#9655,.F.);
#9655 = EDGE_CURVE('',#9646,#9615,#9656,.T.);
#9656 = LINE('',#9657,#9658);
#9657 = CARTESIAN_POINT('',(333.225,40.575,1.));
#9658 = VECTOR('',#9659,1.);
#9659 = DIRECTION('',(-1.,0.,0.));
#9660 = PLANE('',#9661);
#9661 = AXIS2_PLACEMENT_3D('',#9662,#9663,#9664);
#9662 = CARTESIAN_POINT('',(333.225,40.575,1.));
#9663 = DIRECTION('',(0.,1.,0.));
#9664 = DIRECTION('',(-1.,0.,0.));
#9665 = ADVANCED_FACE('',(#9666),#9684,.F.);
#9666 = FACE_BOUND('',#9667,.F.);
#9667 = EDGE_LOOP('',(#9668,#9669,#9670,#9678));
#9668 = ORIENTED_EDGE('',*,*,#9623,.T.);
#9669 = ORIENTED_EDGE('',*,*,#1888,.T.);
#9670 = ORIENTED_EDGE('',*,*,#9671,.F.);
#9671 = EDGE_CURVE('',#9672,#1881,#9674,.T.);
#9672 = VERTEX_POINT('',#9673);
#9673 = CARTESIAN_POINT('',(333.225,26.575,1.));
#9674 = LINE('',#9675,#9676);
#9675 = CARTESIAN_POINT('',(333.225,26.575,1.));
#9676 = VECTOR('',#9677,1.);
#9677 = DIRECTION('',(-0.,-0.,-1.));
#9678 = ORIENTED_EDGE('',*,*,#9679,.F.);
#9679 = EDGE_CURVE('',#9624,#9672,#9680,.T.);
#9680 = LINE('',#9681,#9682);
#9681 = CARTESIAN_POINT('',(319.225,26.575,1.));
#9682 = VECTOR('',#9683,1.);
#9683 = DIRECTION('',(1.,0.,0.));
#9684 = PLANE('',#9685);
#9685 = AXIS2_PLACEMENT_3D('',#9686,#9687,#9688);
#9686 = CARTESIAN_POINT('',(319.225,26.575,1.));
#9687 = DIRECTION('',(0.,-1.,0.));
#9688 = DIRECTION('',(1.,0.,0.));
#9689 = ADVANCED_FACE('',(#9690),#9701,.F.);
#9690 = FACE_BOUND('',#9691,.F.);
#9691 = EDGE_LOOP('',(#9692,#9693,#9694,#9695));
#9692 = ORIENTED_EDGE('',*,*,#9671,.T.);
#9693 = ORIENTED_EDGE('',*,*,#1880,.T.);
#9694 = ORIENTED_EDGE('',*,*,#9645,.F.);
#9695 = ORIENTED_EDGE('',*,*,#9696,.F.);
#9696 = EDGE_CURVE('',#9672,#9646,#9697,.T.);
#9697 = LINE('',#9698,#9699);
#9698 = CARTESIAN_POINT('',(333.225,26.575,1.));
#9699 = VECTOR('',#9700,1.);
#9700 = DIRECTION('',(0.,1.,0.));
#9701 = PLANE('',#9702);
#9702 = AXIS2_PLACEMENT_3D('',#9703,#9704,#9705);
#9703 = CARTESIAN_POINT('',(333.225,26.575,1.));
#9704 = DIRECTION('',(1.,0.,0.));
#9705 = DIRECTION('',(0.,1.,0.));
#9706 = ADVANCED_FACE('',(#9707),#9726,.F.);
#9707 = FACE_BOUND('',#9708,.F.);
#9708 = EDGE_LOOP('',(#9709,#9717,#9718,#9719));
#9709 = ORIENTED_EDGE('',*,*,#9710,.T.);
#9710 = EDGE_CURVE('',#9711,#1897,#9713,.T.);
#9711 = VERTEX_POINT('',#9712);
#9712 = CARTESIAN_POINT('',(348.875,32.05,1.));
#9713 = LINE('',#9714,#9715);
#9714 = CARTESIAN_POINT('',(348.875,32.05,1.));
#9715 = VECTOR('',#9716,1.);
#9716 = DIRECTION('',(-0.,-0.,-1.));
#9717 = ORIENTED_EDGE('',*,*,#1896,.T.);
#9718 = ORIENTED_EDGE('',*,*,#9710,.F.);
#9719 = ORIENTED_EDGE('',*,*,#9720,.F.);
#9720 = EDGE_CURVE('',#9711,#9711,#9721,.T.);
#9721 = CIRCLE('',#9722,1.1);
#9722 = AXIS2_PLACEMENT_3D('',#9723,#9724,#9725);
#9723 = CARTESIAN_POINT('',(347.775,32.05,1.));
#9724 = DIRECTION('',(0.,0.,1.));
#9725 = DIRECTION('',(1.,0.,0.));
#9726 = CYLINDRICAL_SURFACE('',#9727,1.1);
#9727 = AXIS2_PLACEMENT_3D('',#9728,#9729,#9730);
#9728 = CARTESIAN_POINT('',(347.775,32.05,1.));
#9729 = DIRECTION('',(0.,0.,1.));
#9730 = DIRECTION('',(1.,0.,0.));
#9731 = ADVANCED_FACE('',(#9732),#9757,.F.);
#9732 = FACE_BOUND('',#9733,.F.);
#9733 = EDGE_LOOP('',(#9734,#9742,#9743,#9751));
#9734 = ORIENTED_EDGE('',*,*,#9735,.T.);
#9735 = EDGE_CURVE('',#9736,#1908,#9738,.T.);
#9736 = VERTEX_POINT('',#9737);
#9737 = CARTESIAN_POINT('',(181.1125,59.625,1.));
#9738 = LINE('',#9739,#9740);
#9739 = CARTESIAN_POINT('',(181.1125,59.625,1.));
#9740 = VECTOR('',#9741,1.);
#9741 = DIRECTION('',(-0.,-0.,-1.));
#9742 = ORIENTED_EDGE('',*,*,#1907,.T.);
#9743 = ORIENTED_EDGE('',*,*,#9744,.F.);
#9744 = EDGE_CURVE('',#9745,#1910,#9747,.T.);
#9745 = VERTEX_POINT('',#9746);
#9746 = CARTESIAN_POINT('',(181.1125,45.625,1.));
#9747 = LINE('',#9748,#9749);
#9748 = CARTESIAN_POINT('',(181.1125,45.625,1.));
#9749 = VECTOR('',#9750,1.);
#9750 = DIRECTION('',(-0.,-0.,-1.));
#9751 = ORIENTED_EDGE('',*,*,#9752,.F.);
#9752 = EDGE_CURVE('',#9736,#9745,#9753,.T.);
#9753 = LINE('',#9754,#9755);
#9754 = CARTESIAN_POINT('',(181.1125,59.625,1.));
#9755 = VECTOR('',#9756,1.);
#9756 = DIRECTION('',(0.,-1.,0.));
#9757 = PLANE('',#9758);
#9758 = AXIS2_PLACEMENT_3D('',#9759,#9760,#9761);
#9759 = CARTESIAN_POINT('',(181.1125,59.625,1.));
#9760 = DIRECTION('',(-1.,0.,0.));
#9761 = DIRECTION('',(0.,-1.,0.));
#9762 = ADVANCED_FACE('',(#9763),#9781,.F.);
#9763 = FACE_BOUND('',#9764,.F.);
#9764 = EDGE_LOOP('',(#9765,#9773,#9774,#9775));
#9765 = ORIENTED_EDGE('',*,*,#9766,.T.);
#9766 = EDGE_CURVE('',#9767,#1918,#9769,.T.);
#9767 = VERTEX_POINT('',#9768);
#9768 = CARTESIAN_POINT('',(195.1125,59.625,1.));
#9769 = LINE('',#9770,#9771);
#9770 = CARTESIAN_POINT('',(195.1125,59.625,1.));
#9771 = VECTOR('',#9772,1.);
#9772 = DIRECTION('',(-0.,-0.,-1.));
#9773 = ORIENTED_EDGE('',*,*,#1917,.T.);
#9774 = ORIENTED_EDGE('',*,*,#9735,.F.);
#9775 = ORIENTED_EDGE('',*,*,#9776,.F.);
#9776 = EDGE_CURVE('',#9767,#9736,#9777,.T.);
#9777 = LINE('',#9778,#9779);
#9778 = CARTESIAN_POINT('',(195.1125,59.625,1.));
#9779 = VECTOR('',#9780,1.);
#9780 = DIRECTION('',(-1.,0.,0.));
#9781 = PLANE('',#9782);
#9782 = AXIS2_PLACEMENT_3D('',#9783,#9784,#9785);
#9783 = CARTESIAN_POINT('',(195.1125,59.625,1.));
#9784 = DIRECTION('',(0.,1.,0.));
#9785 = DIRECTION('',(-1.,0.,0.));
#9786 = ADVANCED_FACE('',(#9787),#9805,.F.);
#9787 = FACE_BOUND('',#9788,.F.);
#9788 = EDGE_LOOP('',(#9789,#9790,#9791,#9799));
#9789 = ORIENTED_EDGE('',*,*,#9744,.T.);
#9790 = ORIENTED_EDGE('',*,*,#1933,.T.);
#9791 = ORIENTED_EDGE('',*,*,#9792,.F.);
#9792 = EDGE_CURVE('',#9793,#1926,#9795,.T.);
#9793 = VERTEX_POINT('',#9794);
#9794 = CARTESIAN_POINT('',(195.1125,45.625,1.));
#9795 = LINE('',#9796,#9797);
#9796 = CARTESIAN_POINT('',(195.1125,45.625,1.));
#9797 = VECTOR('',#9798,1.);
#9798 = DIRECTION('',(-0.,-0.,-1.));
#9799 = ORIENTED_EDGE('',*,*,#9800,.F.);
#9800 = EDGE_CURVE('',#9745,#9793,#9801,.T.);
#9801 = LINE('',#9802,#9803);
#9802 = CARTESIAN_POINT('',(181.1125,45.625,1.));
#9803 = VECTOR('',#9804,1.);
#9804 = DIRECTION('',(1.,0.,0.));
#9805 = PLANE('',#9806);
#9806 = AXIS2_PLACEMENT_3D('',#9807,#9808,#9809);
#9807 = CARTESIAN_POINT('',(181.1125,45.625,1.));
#9808 = DIRECTION('',(0.,-1.,0.));
#9809 = DIRECTION('',(1.,0.,0.));
#9810 = ADVANCED_FACE('',(#9811),#9822,.F.);
#9811 = FACE_BOUND('',#9812,.F.);
#9812 = EDGE_LOOP('',(#9813,#9814,#9815,#9816));
#9813 = ORIENTED_EDGE('',*,*,#9792,.T.);
#9814 = ORIENTED_EDGE('',*,*,#1925,.T.);
#9815 = ORIENTED_EDGE('',*,*,#9766,.F.);
#9816 = ORIENTED_EDGE('',*,*,#9817,.F.);
#9817 = EDGE_CURVE('',#9793,#9767,#9818,.T.);
#9818 = LINE('',#9819,#9820);
#9819 = CARTESIAN_POINT('',(195.1125,45.625,1.));
#9820 = VECTOR('',#9821,1.);
#9821 = DIRECTION('',(0.,1.,0.));
#9822 = PLANE('',#9823);
#9823 = AXIS2_PLACEMENT_3D('',#9824,#9825,#9826);
#9824 = CARTESIAN_POINT('',(195.1125,45.625,1.));
#9825 = DIRECTION('',(1.,0.,0.));
#9826 = DIRECTION('',(0.,1.,0.));
#9827 = ADVANCED_FACE('',(#9828),#9853,.F.);
#9828 = FACE_BOUND('',#9829,.F.);
#9829 = EDGE_LOOP('',(#9830,#9838,#9839,#9847));
#9830 = ORIENTED_EDGE('',*,*,#9831,.T.);
#9831 = EDGE_CURVE('',#9832,#1942,#9834,.T.);
#9832 = VERTEX_POINT('',#9833);
#9833 = CARTESIAN_POINT('',(200.1625,59.625,1.));
#9834 = LINE('',#9835,#9836);
#9835 = CARTESIAN_POINT('',(200.1625,59.625,1.));
#9836 = VECTOR('',#9837,1.);
#9837 = DIRECTION('',(-0.,-0.,-1.));
#9838 = ORIENTED_EDGE('',*,*,#1941,.T.);
#9839 = ORIENTED_EDGE('',*,*,#9840,.F.);
#9840 = EDGE_CURVE('',#9841,#1944,#9843,.T.);
#9841 = VERTEX_POINT('',#9842);
#9842 = CARTESIAN_POINT('',(200.1625,45.625,1.));
#9843 = LINE('',#9844,#9845);
#9844 = CARTESIAN_POINT('',(200.1625,45.625,1.));
#9845 = VECTOR('',#9846,1.);
#9846 = DIRECTION('',(-0.,-0.,-1.));
#9847 = ORIENTED_EDGE('',*,*,#9848,.F.);
#9848 = EDGE_CURVE('',#9832,#9841,#9849,.T.);
#9849 = LINE('',#9850,#9851);
#9850 = CARTESIAN_POINT('',(200.1625,59.625,1.));
#9851 = VECTOR('',#9852,1.);
#9852 = DIRECTION('',(0.,-1.,0.));
#9853 = PLANE('',#9854);
#9854 = AXIS2_PLACEMENT_3D('',#9855,#9856,#9857);
#9855 = CARTESIAN_POINT('',(200.1625,59.625,1.));
#9856 = DIRECTION('',(-1.,0.,0.));
#9857 = DIRECTION('',(0.,-1.,0.));
#9858 = ADVANCED_FACE('',(#9859),#9877,.F.);
#9859 = FACE_BOUND('',#9860,.F.);
#9860 = EDGE_LOOP('',(#9861,#9869,#9870,#9871));
#9861 = ORIENTED_EDGE('',*,*,#9862,.T.);
#9862 = EDGE_CURVE('',#9863,#1952,#9865,.T.);
#9863 = VERTEX_POINT('',#9864);
#9864 = CARTESIAN_POINT('',(214.1625,59.625,1.));
#9865 = LINE('',#9866,#9867);
#9866 = CARTESIAN_POINT('',(214.1625,59.625,1.));
#9867 = VECTOR('',#9868,1.);
#9868 = DIRECTION('',(-0.,-0.,-1.));
#9869 = ORIENTED_EDGE('',*,*,#1951,.T.);
#9870 = ORIENTED_EDGE('',*,*,#9831,.F.);
#9871 = ORIENTED_EDGE('',*,*,#9872,.F.);
#9872 = EDGE_CURVE('',#9863,#9832,#9873,.T.);
#9873 = LINE('',#9874,#9875);
#9874 = CARTESIAN_POINT('',(214.1625,59.625,1.));
#9875 = VECTOR('',#9876,1.);
#9876 = DIRECTION('',(-1.,0.,0.));
#9877 = PLANE('',#9878);
#9878 = AXIS2_PLACEMENT_3D('',#9879,#9880,#9881);
#9879 = CARTESIAN_POINT('',(214.1625,59.625,1.));
#9880 = DIRECTION('',(0.,1.,0.));
#9881 = DIRECTION('',(-1.,0.,0.));
#9882 = ADVANCED_FACE('',(#9883),#9901,.F.);
#9883 = FACE_BOUND('',#9884,.F.);
#9884 = EDGE_LOOP('',(#9885,#9886,#9887,#9895));
#9885 = ORIENTED_EDGE('',*,*,#9840,.T.);
#9886 = ORIENTED_EDGE('',*,*,#1967,.T.);
#9887 = ORIENTED_EDGE('',*,*,#9888,.F.);
#9888 = EDGE_CURVE('',#9889,#1960,#9891,.T.);
#9889 = VERTEX_POINT('',#9890);
#9890 = CARTESIAN_POINT('',(214.1625,45.625,1.));
#9891 = LINE('',#9892,#9893);
#9892 = CARTESIAN_POINT('',(214.1625,45.625,1.));
#9893 = VECTOR('',#9894,1.);
#9894 = DIRECTION('',(-0.,-0.,-1.));
#9895 = ORIENTED_EDGE('',*,*,#9896,.F.);
#9896 = EDGE_CURVE('',#9841,#9889,#9897,.T.);
#9897 = LINE('',#9898,#9899);
#9898 = CARTESIAN_POINT('',(200.1625,45.625,1.));
#9899 = VECTOR('',#9900,1.);
#9900 = DIRECTION('',(1.,0.,0.));
#9901 = PLANE('',#9902);
#9902 = AXIS2_PLACEMENT_3D('',#9903,#9904,#9905);
#9903 = CARTESIAN_POINT('',(200.1625,45.625,1.));
#9904 = DIRECTION('',(0.,-1.,0.));
#9905 = DIRECTION('',(1.,0.,0.));
#9906 = ADVANCED_FACE('',(#9907),#9918,.F.);
#9907 = FACE_BOUND('',#9908,.F.);
#9908 = EDGE_LOOP('',(#9909,#9910,#9911,#9912));
#9909 = ORIENTED_EDGE('',*,*,#9888,.T.);
#9910 = ORIENTED_EDGE('',*,*,#1959,.T.);
#9911 = ORIENTED_EDGE('',*,*,#9862,.F.);
#9912 = ORIENTED_EDGE('',*,*,#9913,.F.);
#9913 = EDGE_CURVE('',#9889,#9863,#9914,.T.);
#9914 = LINE('',#9915,#9916);
#9915 = CARTESIAN_POINT('',(214.1625,45.625,1.));
#9916 = VECTOR('',#9917,1.);
#9917 = DIRECTION('',(0.,1.,0.));
#9918 = PLANE('',#9919);
#9919 = AXIS2_PLACEMENT_3D('',#9920,#9921,#9922);
#9920 = CARTESIAN_POINT('',(214.1625,45.625,1.));
#9921 = DIRECTION('',(1.,0.,0.));
#9922 = DIRECTION('',(0.,1.,0.));
#9923 = ADVANCED_FACE('',(#9924),#9949,.F.);
#9924 = FACE_BOUND('',#9925,.F.);
#9925 = EDGE_LOOP('',(#9926,#9934,#9935,#9943));
#9926 = ORIENTED_EDGE('',*,*,#9927,.T.);
#9927 = EDGE_CURVE('',#9928,#1976,#9930,.T.);
#9928 = VERTEX_POINT('',#9929);
#9929 = CARTESIAN_POINT('',(219.2125,59.625,1.));
#9930 = LINE('',#9931,#9932);
#9931 = CARTESIAN_POINT('',(219.2125,59.625,1.));
#9932 = VECTOR('',#9933,1.);
#9933 = DIRECTION('',(-0.,-0.,-1.));
#9934 = ORIENTED_EDGE('',*,*,#1975,.T.);
#9935 = ORIENTED_EDGE('',*,*,#9936,.F.);
#9936 = EDGE_CURVE('',#9937,#1978,#9939,.T.);
#9937 = VERTEX_POINT('',#9938);
#9938 = CARTESIAN_POINT('',(219.2125,45.625,1.));
#9939 = LINE('',#9940,#9941);
#9940 = CARTESIAN_POINT('',(219.2125,45.625,1.));
#9941 = VECTOR('',#9942,1.);
#9942 = DIRECTION('',(-0.,-0.,-1.));
#9943 = ORIENTED_EDGE('',*,*,#9944,.F.);
#9944 = EDGE_CURVE('',#9928,#9937,#9945,.T.);
#9945 = LINE('',#9946,#9947);
#9946 = CARTESIAN_POINT('',(219.2125,59.625,1.));
#9947 = VECTOR('',#9948,1.);
#9948 = DIRECTION('',(0.,-1.,0.));
#9949 = PLANE('',#9950);
#9950 = AXIS2_PLACEMENT_3D('',#9951,#9952,#9953);
#9951 = CARTESIAN_POINT('',(219.2125,59.625,1.));
#9952 = DIRECTION('',(-1.,0.,0.));
#9953 = DIRECTION('',(0.,-1.,0.));
#9954 = ADVANCED_FACE('',(#9955),#9973,.F.);
#9955 = FACE_BOUND('',#9956,.F.);
#9956 = EDGE_LOOP('',(#9957,#9965,#9966,#9967));
#9957 = ORIENTED_EDGE('',*,*,#9958,.T.);
#9958 = EDGE_CURVE('',#9959,#1986,#9961,.T.);
#9959 = VERTEX_POINT('',#9960);
#9960 = CARTESIAN_POINT('',(233.2125,59.625,1.));
#9961 = LINE('',#9962,#9963);
#9962 = CARTESIAN_POINT('',(233.2125,59.625,1.));
#9963 = VECTOR('',#9964,1.);
#9964 = DIRECTION('',(-0.,-0.,-1.));
#9965 = ORIENTED_EDGE('',*,*,#1985,.T.);
#9966 = ORIENTED_EDGE('',*,*,#9927,.F.);
#9967 = ORIENTED_EDGE('',*,*,#9968,.F.);
#9968 = EDGE_CURVE('',#9959,#9928,#9969,.T.);
#9969 = LINE('',#9970,#9971);
#9970 = CARTESIAN_POINT('',(233.2125,59.625,1.));
#9971 = VECTOR('',#9972,1.);
#9972 = DIRECTION('',(-1.,0.,0.));
#9973 = PLANE('',#9974);
#9974 = AXIS2_PLACEMENT_3D('',#9975,#9976,#9977);
#9975 = CARTESIAN_POINT('',(233.2125,59.625,1.));
#9976 = DIRECTION('',(0.,1.,0.));
#9977 = DIRECTION('',(-1.,0.,0.));
#9978 = ADVANCED_FACE('',(#9979),#9997,.F.);
#9979 = FACE_BOUND('',#9980,.F.);
#9980 = EDGE_LOOP('',(#9981,#9982,#9983,#9991));
#9981 = ORIENTED_EDGE('',*,*,#9936,.T.);
#9982 = ORIENTED_EDGE('',*,*,#2001,.T.);
#9983 = ORIENTED_EDGE('',*,*,#9984,.F.);
#9984 = EDGE_CURVE('',#9985,#1994,#9987,.T.);
#9985 = VERTEX_POINT('',#9986);
#9986 = CARTESIAN_POINT('',(233.2125,45.625,1.));
#9987 = LINE('',#9988,#9989);
#9988 = CARTESIAN_POINT('',(233.2125,45.625,1.));
#9989 = VECTOR('',#9990,1.);
#9990 = DIRECTION('',(-0.,-0.,-1.));
#9991 = ORIENTED_EDGE('',*,*,#9992,.F.);
#9992 = EDGE_CURVE('',#9937,#9985,#9993,.T.);
#9993 = LINE('',#9994,#9995);
#9994 = CARTESIAN_POINT('',(219.2125,45.625,1.));
#9995 = VECTOR('',#9996,1.);
#9996 = DIRECTION('',(1.,0.,0.));
#9997 = PLANE('',#9998);
#9998 = AXIS2_PLACEMENT_3D('',#9999,#10000,#10001);
#9999 = CARTESIAN_POINT('',(219.2125,45.625,1.));
#10000 = DIRECTION('',(0.,-1.,0.));
#10001 = DIRECTION('',(1.,0.,0.));
#10002 = ADVANCED_FACE('',(#10003),#10014,.F.);
#10003 = FACE_BOUND('',#10004,.F.);
#10004 = EDGE_LOOP('',(#10005,#10006,#10007,#10008));
#10005 = ORIENTED_EDGE('',*,*,#9984,.T.);
#10006 = ORIENTED_EDGE('',*,*,#1993,.T.);
#10007 = ORIENTED_EDGE('',*,*,#9958,.F.);
#10008 = ORIENTED_EDGE('',*,*,#10009,.F.);
#10009 = EDGE_CURVE('',#9985,#9959,#10010,.T.);
#10010 = LINE('',#10011,#10012);
#10011 = CARTESIAN_POINT('',(233.2125,45.625,1.));
#10012 = VECTOR('',#10013,1.);
#10013 = DIRECTION('',(0.,1.,0.));
#10014 = PLANE('',#10015);
#10015 = AXIS2_PLACEMENT_3D('',#10016,#10017,#10018);
#10016 = CARTESIAN_POINT('',(233.2125,45.625,1.));
#10017 = DIRECTION('',(1.,0.,0.));
#10018 = DIRECTION('',(0.,1.,0.));
#10019 = ADVANCED_FACE('',(#10020),#10045,.F.);
#10020 = FACE_BOUND('',#10021,.F.);
#10021 = EDGE_LOOP('',(#10022,#10030,#10031,#10039));
#10022 = ORIENTED_EDGE('',*,*,#10023,.T.);
#10023 = EDGE_CURVE('',#10024,#2010,#10026,.T.);
#10024 = VERTEX_POINT('',#10025);
#10025 = CARTESIAN_POINT('',(238.2625,59.625,1.));
#10026 = LINE('',#10027,#10028);
#10027 = CARTESIAN_POINT('',(238.2625,59.625,1.));
#10028 = VECTOR('',#10029,1.);
#10029 = DIRECTION('',(-0.,-0.,-1.));
#10030 = ORIENTED_EDGE('',*,*,#2009,.T.);
#10031 = ORIENTED_EDGE('',*,*,#10032,.F.);
#10032 = EDGE_CURVE('',#10033,#2012,#10035,.T.);
#10033 = VERTEX_POINT('',#10034);
#10034 = CARTESIAN_POINT('',(238.2625,45.625,1.));
#10035 = LINE('',#10036,#10037);
#10036 = CARTESIAN_POINT('',(238.2625,45.625,1.));
#10037 = VECTOR('',#10038,1.);
#10038 = DIRECTION('',(-0.,-0.,-1.));
#10039 = ORIENTED_EDGE('',*,*,#10040,.F.);
#10040 = EDGE_CURVE('',#10024,#10033,#10041,.T.);
#10041 = LINE('',#10042,#10043);
#10042 = CARTESIAN_POINT('',(238.2625,59.625,1.));
#10043 = VECTOR('',#10044,1.);
#10044 = DIRECTION('',(0.,-1.,0.));
#10045 = PLANE('',#10046);
#10046 = AXIS2_PLACEMENT_3D('',#10047,#10048,#10049);
#10047 = CARTESIAN_POINT('',(238.2625,59.625,1.));
#10048 = DIRECTION('',(-1.,0.,0.));
#10049 = DIRECTION('',(0.,-1.,0.));
#10050 = ADVANCED_FACE('',(#10051),#10069,.F.);
#10051 = FACE_BOUND('',#10052,.F.);
#10052 = EDGE_LOOP('',(#10053,#10061,#10062,#10063));
#10053 = ORIENTED_EDGE('',*,*,#10054,.T.);
#10054 = EDGE_CURVE('',#10055,#2020,#10057,.T.);
#10055 = VERTEX_POINT('',#10056);
#10056 = CARTESIAN_POINT('',(252.2625,59.625,1.));
#10057 = LINE('',#10058,#10059);
#10058 = CARTESIAN_POINT('',(252.2625,59.625,1.));
#10059 = VECTOR('',#10060,1.);
#10060 = DIRECTION('',(-0.,-0.,-1.));
#10061 = ORIENTED_EDGE('',*,*,#2019,.T.);
#10062 = ORIENTED_EDGE('',*,*,#10023,.F.);
#10063 = ORIENTED_EDGE('',*,*,#10064,.F.);
#10064 = EDGE_CURVE('',#10055,#10024,#10065,.T.);
#10065 = LINE('',#10066,#10067);
#10066 = CARTESIAN_POINT('',(252.2625,59.625,1.));
#10067 = VECTOR('',#10068,1.);
#10068 = DIRECTION('',(-1.,0.,0.));
#10069 = PLANE('',#10070);
#10070 = AXIS2_PLACEMENT_3D('',#10071,#10072,#10073);
#10071 = CARTESIAN_POINT('',(252.2625,59.625,1.));
#10072 = DIRECTION('',(0.,1.,0.));
#10073 = DIRECTION('',(-1.,0.,0.));
#10074 = ADVANCED_FACE('',(#10075),#10093,.F.);
#10075 = FACE_BOUND('',#10076,.F.);
#10076 = EDGE_LOOP('',(#10077,#10078,#10079,#10087));
#10077 = ORIENTED_EDGE('',*,*,#10032,.T.);
#10078 = ORIENTED_EDGE('',*,*,#2035,.T.);
#10079 = ORIENTED_EDGE('',*,*,#10080,.F.);
#10080 = EDGE_CURVE('',#10081,#2028,#10083,.T.);
#10081 = VERTEX_POINT('',#10082);
#10082 = CARTESIAN_POINT('',(252.2625,45.625,1.));
#10083 = LINE('',#10084,#10085);
#10084 = CARTESIAN_POINT('',(252.2625,45.625,1.));
#10085 = VECTOR('',#10086,1.);
#10086 = DIRECTION('',(-0.,-0.,-1.));
#10087 = ORIENTED_EDGE('',*,*,#10088,.F.);
#10088 = EDGE_CURVE('',#10033,#10081,#10089,.T.);
#10089 = LINE('',#10090,#10091);
#10090 = CARTESIAN_POINT('',(238.2625,45.625,1.));
#10091 = VECTOR('',#10092,1.);
#10092 = DIRECTION('',(1.,0.,0.));
#10093 = PLANE('',#10094);
#10094 = AXIS2_PLACEMENT_3D('',#10095,#10096,#10097);
#10095 = CARTESIAN_POINT('',(238.2625,45.625,1.));
#10096 = DIRECTION('',(0.,-1.,0.));
#10097 = DIRECTION('',(1.,0.,0.));
#10098 = ADVANCED_FACE('',(#10099),#10110,.F.);
#10099 = FACE_BOUND('',#10100,.F.);
#10100 = EDGE_LOOP('',(#10101,#10102,#10103,#10104));
#10101 = ORIENTED_EDGE('',*,*,#10080,.T.);
#10102 = ORIENTED_EDGE('',*,*,#2027,.T.);
#10103 = ORIENTED_EDGE('',*,*,#10054,.F.);
#10104 = ORIENTED_EDGE('',*,*,#10105,.F.);
#10105 = EDGE_CURVE('',#10081,#10055,#10106,.T.);
#10106 = LINE('',#10107,#10108);
#10107 = CARTESIAN_POINT('',(252.2625,45.625,1.));
#10108 = VECTOR('',#10109,1.);
#10109 = DIRECTION('',(0.,1.,0.));
#10110 = PLANE('',#10111);
#10111 = AXIS2_PLACEMENT_3D('',#10112,#10113,#10114);
#10112 = CARTESIAN_POINT('',(252.2625,45.625,1.));
#10113 = DIRECTION('',(1.,0.,0.));
#10114 = DIRECTION('',(0.,1.,0.));
#10115 = ADVANCED_FACE('',(#10116),#10141,.F.);
#10116 = FACE_BOUND('',#10117,.F.);
#10117 = EDGE_LOOP('',(#10118,#10126,#10127,#10135));
#10118 = ORIENTED_EDGE('',*,*,#10119,.T.);
#10119 = EDGE_CURVE('',#10120,#2044,#10122,.T.);
#10120 = VERTEX_POINT('',#10121);
#10121 = CARTESIAN_POINT('',(257.3125,59.625,1.));
#10122 = LINE('',#10123,#10124);
#10123 = CARTESIAN_POINT('',(257.3125,59.625,1.));
#10124 = VECTOR('',#10125,1.);
#10125 = DIRECTION('',(-0.,-0.,-1.));
#10126 = ORIENTED_EDGE('',*,*,#2043,.T.);
#10127 = ORIENTED_EDGE('',*,*,#10128,.F.);
#10128 = EDGE_CURVE('',#10129,#2046,#10131,.T.);
#10129 = VERTEX_POINT('',#10130);
#10130 = CARTESIAN_POINT('',(257.3125,45.625,1.));
#10131 = LINE('',#10132,#10133);
#10132 = CARTESIAN_POINT('',(257.3125,45.625,1.));
#10133 = VECTOR('',#10134,1.);
#10134 = DIRECTION('',(-0.,-0.,-1.));
#10135 = ORIENTED_EDGE('',*,*,#10136,.F.);
#10136 = EDGE_CURVE('',#10120,#10129,#10137,.T.);
#10137 = LINE('',#10138,#10139);
#10138 = CARTESIAN_POINT('',(257.3125,59.625,1.));
#10139 = VECTOR('',#10140,1.);
#10140 = DIRECTION('',(0.,-1.,0.));
#10141 = PLANE('',#10142);
#10142 = AXIS2_PLACEMENT_3D('',#10143,#10144,#10145);
#10143 = CARTESIAN_POINT('',(257.3125,59.625,1.));
#10144 = DIRECTION('',(-1.,0.,0.));
#10145 = DIRECTION('',(0.,-1.,0.));
#10146 = ADVANCED_FACE('',(#10147),#10165,.F.);
#10147 = FACE_BOUND('',#10148,.F.);
#10148 = EDGE_LOOP('',(#10149,#10157,#10158,#10159));
#10149 = ORIENTED_EDGE('',*,*,#10150,.T.);
#10150 = EDGE_CURVE('',#10151,#2054,#10153,.T.);
#10151 = VERTEX_POINT('',#10152);
#10152 = CARTESIAN_POINT('',(271.3125,59.625,1.));
#10153 = LINE('',#10154,#10155);
#10154 = CARTESIAN_POINT('',(271.3125,59.625,1.));
#10155 = VECTOR('',#10156,1.);
#10156 = DIRECTION('',(-0.,-0.,-1.));
#10157 = ORIENTED_EDGE('',*,*,#2053,.T.);
#10158 = ORIENTED_EDGE('',*,*,#10119,.F.);
#10159 = ORIENTED_EDGE('',*,*,#10160,.F.);
#10160 = EDGE_CURVE('',#10151,#10120,#10161,.T.);
#10161 = LINE('',#10162,#10163);
#10162 = CARTESIAN_POINT('',(271.3125,59.625,1.));
#10163 = VECTOR('',#10164,1.);
#10164 = DIRECTION('',(-1.,0.,0.));
#10165 = PLANE('',#10166);
#10166 = AXIS2_PLACEMENT_3D('',#10167,#10168,#10169);
#10167 = CARTESIAN_POINT('',(271.3125,59.625,1.));
#10168 = DIRECTION('',(0.,1.,0.));
#10169 = DIRECTION('',(-1.,0.,0.));
#10170 = ADVANCED_FACE('',(#10171),#10189,.F.);
#10171 = FACE_BOUND('',#10172,.F.);
#10172 = EDGE_LOOP('',(#10173,#10174,#10175,#10183));
#10173 = ORIENTED_EDGE('',*,*,#10128,.T.);
#10174 = ORIENTED_EDGE('',*,*,#2069,.T.);
#10175 = ORIENTED_EDGE('',*,*,#10176,.F.);
#10176 = EDGE_CURVE('',#10177,#2062,#10179,.T.);
#10177 = VERTEX_POINT('',#10178);
#10178 = CARTESIAN_POINT('',(271.3125,45.625,1.));
#10179 = LINE('',#10180,#10181);
#10180 = CARTESIAN_POINT('',(271.3125,45.625,1.));
#10181 = VECTOR('',#10182,1.);
#10182 = DIRECTION('',(-0.,-0.,-1.));
#10183 = ORIENTED_EDGE('',*,*,#10184,.F.);
#10184 = EDGE_CURVE('',#10129,#10177,#10185,.T.);
#10185 = LINE('',#10186,#10187);
#10186 = CARTESIAN_POINT('',(257.3125,45.625,1.));
#10187 = VECTOR('',#10188,1.);
#10188 = DIRECTION('',(1.,0.,0.));
#10189 = PLANE('',#10190);
#10190 = AXIS2_PLACEMENT_3D('',#10191,#10192,#10193);
#10191 = CARTESIAN_POINT('',(257.3125,45.625,1.));
#10192 = DIRECTION('',(0.,-1.,0.));
#10193 = DIRECTION('',(1.,0.,0.));
#10194 = ADVANCED_FACE('',(#10195),#10206,.F.);
#10195 = FACE_BOUND('',#10196,.F.);
#10196 = EDGE_LOOP('',(#10197,#10198,#10199,#10200));
#10197 = ORIENTED_EDGE('',*,*,#10176,.T.);
#10198 = ORIENTED_EDGE('',*,*,#2061,.T.);
#10199 = ORIENTED_EDGE('',*,*,#10150,.F.);
#10200 = ORIENTED_EDGE('',*,*,#10201,.F.);
#10201 = EDGE_CURVE('',#10177,#10151,#10202,.T.);
#10202 = LINE('',#10203,#10204);
#10203 = CARTESIAN_POINT('',(271.3125,45.625,1.));
#10204 = VECTOR('',#10205,1.);
#10205 = DIRECTION('',(0.,1.,0.));
#10206 = PLANE('',#10207);
#10207 = AXIS2_PLACEMENT_3D('',#10208,#10209,#10210);
#10208 = CARTESIAN_POINT('',(271.3125,45.625,1.));
#10209 = DIRECTION('',(1.,0.,0.));
#10210 = DIRECTION('',(0.,1.,0.));
#10211 = ADVANCED_FACE('',(#10212),#10237,.F.);
#10212 = FACE_BOUND('',#10213,.F.);
#10213 = EDGE_LOOP('',(#10214,#10222,#10223,#10231));
#10214 = ORIENTED_EDGE('',*,*,#10215,.T.);
#10215 = EDGE_CURVE('',#10216,#2078,#10218,.T.);
#10216 = VERTEX_POINT('',#10217);
#10217 = CARTESIAN_POINT('',(276.3625,59.625,1.));
#10218 = LINE('',#10219,#10220);
#10219 = CARTESIAN_POINT('',(276.3625,59.625,1.));
#10220 = VECTOR('',#10221,1.);
#10221 = DIRECTION('',(-0.,-0.,-1.));
#10222 = ORIENTED_EDGE('',*,*,#2077,.T.);
#10223 = ORIENTED_EDGE('',*,*,#10224,.F.);
#10224 = EDGE_CURVE('',#10225,#2080,#10227,.T.);
#10225 = VERTEX_POINT('',#10226);
#10226 = CARTESIAN_POINT('',(276.3625,45.625,1.));
#10227 = LINE('',#10228,#10229);
#10228 = CARTESIAN_POINT('',(276.3625,45.625,1.));
#10229 = VECTOR('',#10230,1.);
#10230 = DIRECTION('',(-0.,-0.,-1.));
#10231 = ORIENTED_EDGE('',*,*,#10232,.F.);
#10232 = EDGE_CURVE('',#10216,#10225,#10233,.T.);
#10233 = LINE('',#10234,#10235);
#10234 = CARTESIAN_POINT('',(276.3625,59.625,1.));
#10235 = VECTOR('',#10236,1.);
#10236 = DIRECTION('',(0.,-1.,0.));
#10237 = PLANE('',#10238);
#10238 = AXIS2_PLACEMENT_3D('',#10239,#10240,#10241);
#10239 = CARTESIAN_POINT('',(276.3625,59.625,1.));
#10240 = DIRECTION('',(-1.,0.,0.));
#10241 = DIRECTION('',(0.,-1.,0.));
#10242 = ADVANCED_FACE('',(#10243),#10261,.F.);
#10243 = FACE_BOUND('',#10244,.F.);
#10244 = EDGE_LOOP('',(#10245,#10253,#10254,#10255));
#10245 = ORIENTED_EDGE('',*,*,#10246,.T.);
#10246 = EDGE_CURVE('',#10247,#2088,#10249,.T.);
#10247 = VERTEX_POINT('',#10248);
#10248 = CARTESIAN_POINT('',(290.3625,59.625,1.));
#10249 = LINE('',#10250,#10251);
#10250 = CARTESIAN_POINT('',(290.3625,59.625,1.));
#10251 = VECTOR('',#10252,1.);
#10252 = DIRECTION('',(-0.,-0.,-1.));
#10253 = ORIENTED_EDGE('',*,*,#2087,.T.);
#10254 = ORIENTED_EDGE('',*,*,#10215,.F.);
#10255 = ORIENTED_EDGE('',*,*,#10256,.F.);
#10256 = EDGE_CURVE('',#10247,#10216,#10257,.T.);
#10257 = LINE('',#10258,#10259);
#10258 = CARTESIAN_POINT('',(290.3625,59.625,1.));
#10259 = VECTOR('',#10260,1.);
#10260 = DIRECTION('',(-1.,0.,0.));
#10261 = PLANE('',#10262);
#10262 = AXIS2_PLACEMENT_3D('',#10263,#10264,#10265);
#10263 = CARTESIAN_POINT('',(290.3625,59.625,1.));
#10264 = DIRECTION('',(0.,1.,0.));
#10265 = DIRECTION('',(-1.,0.,0.));
#10266 = ADVANCED_FACE('',(#10267),#10285,.F.);
#10267 = FACE_BOUND('',#10268,.F.);
#10268 = EDGE_LOOP('',(#10269,#10270,#10271,#10279));
#10269 = ORIENTED_EDGE('',*,*,#10224,.T.);
#10270 = ORIENTED_EDGE('',*,*,#2103,.T.);
#10271 = ORIENTED_EDGE('',*,*,#10272,.F.);
#10272 = EDGE_CURVE('',#10273,#2096,#10275,.T.);
#10273 = VERTEX_POINT('',#10274);
#10274 = CARTESIAN_POINT('',(290.3625,45.625,1.));
#10275 = LINE('',#10276,#10277);
#10276 = CARTESIAN_POINT('',(290.3625,45.625,1.));
#10277 = VECTOR('',#10278,1.);
#10278 = DIRECTION('',(-0.,-0.,-1.));
#10279 = ORIENTED_EDGE('',*,*,#10280,.F.);
#10280 = EDGE_CURVE('',#10225,#10273,#10281,.T.);
#10281 = LINE('',#10282,#10283);
#10282 = CARTESIAN_POINT('',(276.3625,45.625,1.));
#10283 = VECTOR('',#10284,1.);
#10284 = DIRECTION('',(1.,0.,0.));
#10285 = PLANE('',#10286);
#10286 = AXIS2_PLACEMENT_3D('',#10287,#10288,#10289);
#10287 = CARTESIAN_POINT('',(276.3625,45.625,1.));
#10288 = DIRECTION('',(0.,-1.,0.));
#10289 = DIRECTION('',(1.,0.,0.));
#10290 = ADVANCED_FACE('',(#10291),#10302,.F.);
#10291 = FACE_BOUND('',#10292,.F.);
#10292 = EDGE_LOOP('',(#10293,#10294,#10295,#10296));
#10293 = ORIENTED_EDGE('',*,*,#10272,.T.);
#10294 = ORIENTED_EDGE('',*,*,#2095,.T.);
#10295 = ORIENTED_EDGE('',*,*,#10246,.F.);
#10296 = ORIENTED_EDGE('',*,*,#10297,.F.);
#10297 = EDGE_CURVE('',#10273,#10247,#10298,.T.);
#10298 = LINE('',#10299,#10300);
#10299 = CARTESIAN_POINT('',(290.3625,45.625,1.));
#10300 = VECTOR('',#10301,1.);
#10301 = DIRECTION('',(0.,1.,0.));
#10302 = PLANE('',#10303);
#10303 = AXIS2_PLACEMENT_3D('',#10304,#10305,#10306);
#10304 = CARTESIAN_POINT('',(290.3625,45.625,1.));
#10305 = DIRECTION('',(1.,0.,0.));
#10306 = DIRECTION('',(0.,1.,0.));
#10307 = ADVANCED_FACE('',(#10308),#10333,.F.);
#10308 = FACE_BOUND('',#10309,.F.);
#10309 = EDGE_LOOP('',(#10310,#10318,#10319,#10327));
#10310 = ORIENTED_EDGE('',*,*,#10311,.T.);
#10311 = EDGE_CURVE('',#10312,#2112,#10314,.T.);
#10312 = VERTEX_POINT('',#10313);
#10313 = CARTESIAN_POINT('',(307.31875,59.625,1.));
#10314 = LINE('',#10315,#10316);
#10315 = CARTESIAN_POINT('',(307.31875,59.625,1.));
#10316 = VECTOR('',#10317,1.);
#10317 = DIRECTION('',(-0.,-0.,-1.));
#10318 = ORIENTED_EDGE('',*,*,#2111,.T.);
#10319 = ORIENTED_EDGE('',*,*,#10320,.F.);
#10320 = EDGE_CURVE('',#10321,#2114,#10323,.T.);
#10321 = VERTEX_POINT('',#10322);
#10322 = CARTESIAN_POINT('',(307.31875,54.925,1.));
#10323 = LINE('',#10324,#10325);
#10324 = CARTESIAN_POINT('',(307.31875,54.925,1.));
#10325 = VECTOR('',#10326,1.);
#10326 = DIRECTION('',(-0.,-0.,-1.));
#10327 = ORIENTED_EDGE('',*,*,#10328,.F.);
#10328 = EDGE_CURVE('',#10312,#10321,#10329,.T.);
#10329 = LINE('',#10330,#10331);
#10330 = CARTESIAN_POINT('',(307.31875,59.625,1.));
#10331 = VECTOR('',#10332,1.);
#10332 = DIRECTION('',(0.,-1.,0.));
#10333 = PLANE('',#10334);
#10334 = AXIS2_PLACEMENT_3D('',#10335,#10336,#10337);
#10335 = CARTESIAN_POINT('',(307.31875,59.625,1.));
#10336 = DIRECTION('',(-1.,0.,0.));
#10337 = DIRECTION('',(0.,-1.,0.));
#10338 = ADVANCED_FACE('',(#10339),#10357,.T.);
#10339 = FACE_BOUND('',#10340,.T.);
#10340 = EDGE_LOOP('',(#10341,#10342,#10343,#10351));
#10341 = ORIENTED_EDGE('',*,*,#10311,.T.);
#10342 = ORIENTED_EDGE('',*,*,#2121,.T.);
#10343 = ORIENTED_EDGE('',*,*,#10344,.F.);
#10344 = EDGE_CURVE('',#10345,#2122,#10347,.T.);
#10345 = VERTEX_POINT('',#10346);
#10346 = CARTESIAN_POINT('',(321.31875,59.625,1.));
#10347 = LINE('',#10348,#10349);
#10348 = CARTESIAN_POINT('',(321.31875,59.625,1.));
#10349 = VECTOR('',#10350,1.);
#10350 = DIRECTION('',(-0.,-0.,-1.));
#10351 = ORIENTED_EDGE('',*,*,#10352,.F.);
#10352 = EDGE_CURVE('',#10312,#10345,#10353,.T.);
#10353 = LINE('',#10354,#10355);
#10354 = CARTESIAN_POINT('',(307.31875,59.625,1.));
#10355 = VECTOR('',#10356,1.);
#10356 = DIRECTION('',(1.,0.,0.));
#10357 = PLANE('',#10358);
#10358 = AXIS2_PLACEMENT_3D('',#10359,#10360,#10361);
#10359 = CARTESIAN_POINT('',(307.31875,59.625,1.));
#10360 = DIRECTION('',(0.,-1.,0.));
#10361 = DIRECTION('',(1.,0.,0.));
#10362 = ADVANCED_FACE('',(#10363),#10381,.F.);
#10363 = FACE_BOUND('',#10364,.F.);
#10364 = EDGE_LOOP('',(#10365,#10366,#10367,#10375));
#10365 = ORIENTED_EDGE('',*,*,#10320,.T.);
#10366 = ORIENTED_EDGE('',*,*,#2393,.T.);
#10367 = ORIENTED_EDGE('',*,*,#10368,.F.);
#10368 = EDGE_CURVE('',#10369,#2386,#10371,.T.);
#10369 = VERTEX_POINT('',#10370);
#10370 = CARTESIAN_POINT('',(305.79375,54.925,1.));
#10371 = LINE('',#10372,#10373);
#10372 = CARTESIAN_POINT('',(305.79375,54.925,1.));
#10373 = VECTOR('',#10374,1.);
#10374 = DIRECTION('',(-0.,-0.,-1.));
#10375 = ORIENTED_EDGE('',*,*,#10376,.F.);
#10376 = EDGE_CURVE('',#10321,#10369,#10377,.T.);
#10377 = LINE('',#10378,#10379);
#10378 = CARTESIAN_POINT('',(307.31875,54.925,1.));
#10379 = VECTOR('',#10380,1.);
#10380 = DIRECTION('',(-1.,0.,0.));
#10381 = PLANE('',#10382);
#10382 = AXIS2_PLACEMENT_3D('',#10383,#10384,#10385);
#10383 = CARTESIAN_POINT('',(307.31875,54.925,1.));
#10384 = DIRECTION('',(0.,1.,0.));
#10385 = DIRECTION('',(-1.,0.,0.));
#10386 = ADVANCED_FACE('',(#10387),#10405,.T.);
#10387 = FACE_BOUND('',#10388,.T.);
#10388 = EDGE_LOOP('',(#10389,#10390,#10391,#10399));
#10389 = ORIENTED_EDGE('',*,*,#10344,.T.);
#10390 = ORIENTED_EDGE('',*,*,#2129,.T.);
#10391 = ORIENTED_EDGE('',*,*,#10392,.F.);
#10392 = EDGE_CURVE('',#10393,#2130,#10395,.T.);
#10393 = VERTEX_POINT('',#10394);
#10394 = CARTESIAN_POINT('',(321.31875,54.925,1.));
#10395 = LINE('',#10396,#10397);
#10396 = CARTESIAN_POINT('',(321.31875,54.925,1.));
#10397 = VECTOR('',#10398,1.);
#10398 = DIRECTION('',(-0.,-0.,-1.));
#10399 = ORIENTED_EDGE('',*,*,#10400,.F.);
#10400 = EDGE_CURVE('',#10345,#10393,#10401,.T.);
#10401 = LINE('',#10402,#10403);
#10402 = CARTESIAN_POINT('',(321.31875,59.625,1.));
#10403 = VECTOR('',#10404,1.);
#10404 = DIRECTION('',(0.,-1.,0.));
#10405 = PLANE('',#10406);
#10406 = AXIS2_PLACEMENT_3D('',#10407,#10408,#10409);
#10407 = CARTESIAN_POINT('',(321.31875,59.625,1.));
#10408 = DIRECTION('',(-1.,0.,0.));
#10409 = DIRECTION('',(0.,-1.,0.));
#10410 = ADVANCED_FACE('',(#10411),#10429,.F.);
#10411 = FACE_BOUND('',#10412,.F.);
#10412 = EDGE_LOOP('',(#10413,#10414,#10415,#10423));
#10413 = ORIENTED_EDGE('',*,*,#10368,.T.);
#10414 = ORIENTED_EDGE('',*,*,#2385,.T.);
#10415 = ORIENTED_EDGE('',*,*,#10416,.F.);
#10416 = EDGE_CURVE('',#10417,#2378,#10419,.T.);
#10417 = VERTEX_POINT('',#10418);
#10418 = CARTESIAN_POINT('',(305.79375,58.155,1.));
#10419 = LINE('',#10420,#10421);
#10420 = CARTESIAN_POINT('',(305.79375,58.155,1.));
#10421 = VECTOR('',#10422,1.);
#10422 = DIRECTION('',(-0.,-0.,-1.));
#10423 = ORIENTED_EDGE('',*,*,#10424,.F.);
#10424 = EDGE_CURVE('',#10369,#10417,#10425,.T.);
#10425 = LINE('',#10426,#10427);
#10426 = CARTESIAN_POINT('',(305.79375,54.925,1.));
#10427 = VECTOR('',#10428,1.);
#10428 = DIRECTION('',(0.,1.,0.));
#10429 = PLANE('',#10430);
#10430 = AXIS2_PLACEMENT_3D('',#10431,#10432,#10433);
#10431 = CARTESIAN_POINT('',(305.79375,54.925,1.));
#10432 = DIRECTION('',(1.,0.,0.));
#10433 = DIRECTION('',(0.,1.,0.));
#10434 = ADVANCED_FACE('',(#10435),#10453,.T.);
#10435 = FACE_BOUND('',#10436,.T.);
#10436 = EDGE_LOOP('',(#10437,#10438,#10439,#10447));
#10437 = ORIENTED_EDGE('',*,*,#10392,.T.);
#10438 = ORIENTED_EDGE('',*,*,#2137,.T.);
#10439 = ORIENTED_EDGE('',*,*,#10440,.F.);
#10440 = EDGE_CURVE('',#10441,#2138,#10443,.T.);
#10441 = VERTEX_POINT('',#10442);
#10442 = CARTESIAN_POINT('',(322.84375,54.925,1.));
#10443 = LINE('',#10444,#10445);
#10444 = CARTESIAN_POINT('',(322.84375,54.925,1.));
#10445 = VECTOR('',#10446,1.);
#10446 = DIRECTION('',(-0.,-0.,-1.));
#10447 = ORIENTED_EDGE('',*,*,#10448,.F.);
#10448 = EDGE_CURVE('',#10393,#10441,#10449,.T.);
#10449 = LINE('',#10450,#10451);
#10450 = CARTESIAN_POINT('',(321.31875,54.925,1.));
#10451 = VECTOR('',#10452,1.);
#10452 = DIRECTION('',(1.,0.,0.));
#10453 = PLANE('',#10454);
#10454 = AXIS2_PLACEMENT_3D('',#10455,#10456,#10457);
#10455 = CARTESIAN_POINT('',(321.31875,54.925,1.));
#10456 = DIRECTION('',(0.,-1.,0.));
#10457 = DIRECTION('',(1.,0.,0.));
#10458 = ADVANCED_FACE('',(#10459),#10477,.T.);
#10459 = FACE_BOUND('',#10460,.T.);
#10460 = EDGE_LOOP('',(#10461,#10469,#10470,#10471));
#10461 = ORIENTED_EDGE('',*,*,#10462,.T.);
#10462 = EDGE_CURVE('',#10463,#2370,#10465,.T.);
#10463 = VERTEX_POINT('',#10464);
#10464 = CARTESIAN_POINT('',(299.04375,58.155,1.));
#10465 = LINE('',#10466,#10467);
#10466 = CARTESIAN_POINT('',(299.04375,58.155,1.));
#10467 = VECTOR('',#10468,1.);
#10468 = DIRECTION('',(-0.,-0.,-1.));
#10469 = ORIENTED_EDGE('',*,*,#2377,.T.);
#10470 = ORIENTED_EDGE('',*,*,#10416,.F.);
#10471 = ORIENTED_EDGE('',*,*,#10472,.F.);
#10472 = EDGE_CURVE('',#10463,#10417,#10473,.T.);
#10473 = LINE('',#10474,#10475);
#10474 = CARTESIAN_POINT('',(299.04375,58.155,1.));
#10475 = VECTOR('',#10476,1.);
#10476 = DIRECTION('',(1.,0.,0.));
#10477 = PLANE('',#10478);
#10478 = AXIS2_PLACEMENT_3D('',#10479,#10480,#10481);
#10479 = CARTESIAN_POINT('',(299.04375,58.155,1.));
#10480 = DIRECTION('',(0.,-1.,0.));
#10481 = DIRECTION('',(1.,0.,0.));
#10482 = ADVANCED_FACE('',(#10483),#10501,.T.);
#10483 = FACE_BOUND('',#10484,.T.);
#10484 = EDGE_LOOP('',(#10485,#10486,#10487,#10495));
#10485 = ORIENTED_EDGE('',*,*,#10440,.T.);
#10486 = ORIENTED_EDGE('',*,*,#2145,.T.);
#10487 = ORIENTED_EDGE('',*,*,#10488,.F.);
#10488 = EDGE_CURVE('',#10489,#2146,#10491,.T.);
#10489 = VERTEX_POINT('',#10490);
#10490 = CARTESIAN_POINT('',(322.84375,58.155,1.));
#10491 = LINE('',#10492,#10493);
#10492 = CARTESIAN_POINT('',(322.84375,58.155,1.));
#10493 = VECTOR('',#10494,1.);
#10494 = DIRECTION('',(-0.,-0.,-1.));
#10495 = ORIENTED_EDGE('',*,*,#10496,.F.);
#10496 = EDGE_CURVE('',#10441,#10489,#10497,.T.);
#10497 = LINE('',#10498,#10499);
#10498 = CARTESIAN_POINT('',(322.84375,54.925,1.));
#10499 = VECTOR('',#10500,1.);
#10500 = DIRECTION('',(0.,1.,0.));
#10501 = PLANE('',#10502);
#10502 = AXIS2_PLACEMENT_3D('',#10503,#10504,#10505);
#10503 = CARTESIAN_POINT('',(322.84375,54.925,1.));
#10504 = DIRECTION('',(1.,0.,0.));
#10505 = DIRECTION('',(0.,1.,0.));
#10506 = ADVANCED_FACE('',(#10507),#10525,.F.);
#10507 = FACE_BOUND('',#10508,.F.);
#10508 = EDGE_LOOP('',(#10509,#10510,#10511,#10519));
#10509 = ORIENTED_EDGE('',*,*,#10462,.T.);
#10510 = ORIENTED_EDGE('',*,*,#2369,.T.);
#10511 = ORIENTED_EDGE('',*,*,#10512,.F.);
#10512 = EDGE_CURVE('',#10513,#2362,#10515,.T.);
#10513 = VERTEX_POINT('',#10514);
#10514 = CARTESIAN_POINT('',(299.04375,54.925,1.));
#10515 = LINE('',#10516,#10517);
#10516 = CARTESIAN_POINT('',(299.04375,54.925,1.));
#10517 = VECTOR('',#10518,1.);
#10518 = DIRECTION('',(-0.,-0.,-1.));
#10519 = ORIENTED_EDGE('',*,*,#10520,.F.);
#10520 = EDGE_CURVE('',#10463,#10513,#10521,.T.);
#10521 = LINE('',#10522,#10523);
#10522 = CARTESIAN_POINT('',(299.04375,58.155,1.));
#10523 = VECTOR('',#10524,1.);
#10524 = DIRECTION('',(0.,-1.,0.));
#10525 = PLANE('',#10526);
#10526 = AXIS2_PLACEMENT_3D('',#10527,#10528,#10529);
#10527 = CARTESIAN_POINT('',(299.04375,58.155,1.));
#10528 = DIRECTION('',(-1.,0.,0.));
#10529 = DIRECTION('',(0.,-1.,0.));
#10530 = ADVANCED_FACE('',(#10531),#10549,.T.);
#10531 = FACE_BOUND('',#10532,.T.);
#10532 = EDGE_LOOP('',(#10533,#10534,#10535,#10543));
#10533 = ORIENTED_EDGE('',*,*,#10488,.T.);
#10534 = ORIENTED_EDGE('',*,*,#2153,.T.);
#10535 = ORIENTED_EDGE('',*,*,#10536,.F.);
#10536 = EDGE_CURVE('',#10537,#2154,#10539,.T.);
#10537 = VERTEX_POINT('',#10538);
#10538 = CARTESIAN_POINT('',(329.59375,58.155,1.));
#10539 = LINE('',#10540,#10541);
#10540 = CARTESIAN_POINT('',(329.59375,58.155,1.));
#10541 = VECTOR('',#10542,1.);
#10542 = DIRECTION('',(-0.,-0.,-1.));
#10543 = ORIENTED_EDGE('',*,*,#10544,.F.);
#10544 = EDGE_CURVE('',#10489,#10537,#10545,.T.);
#10545 = LINE('',#10546,#10547);
#10546 = CARTESIAN_POINT('',(322.84375,58.155,1.));
#10547 = VECTOR('',#10548,1.);
#10548 = DIRECTION('',(1.,0.,0.));
#10549 = PLANE('',#10550);
#10550 = AXIS2_PLACEMENT_3D('',#10551,#10552,#10553);
#10551 = CARTESIAN_POINT('',(322.84375,58.155,1.));
#10552 = DIRECTION('',(0.,-1.,0.));
#10553 = DIRECTION('',(1.,0.,0.));
#10554 = ADVANCED_FACE('',(#10555),#10573,.F.);
#10555 = FACE_BOUND('',#10556,.F.);
#10556 = EDGE_LOOP('',(#10557,#10558,#10559,#10567));
#10557 = ORIENTED_EDGE('',*,*,#10512,.T.);
#10558 = ORIENTED_EDGE('',*,*,#2361,.T.);
#10559 = ORIENTED_EDGE('',*,*,#10560,.F.);
#10560 = EDGE_CURVE('',#10561,#2354,#10563,.T.);
#10561 = VERTEX_POINT('',#10562);
#10562 = CARTESIAN_POINT('',(298.21875,54.925,1.));
#10563 = LINE('',#10564,#10565);
#10564 = CARTESIAN_POINT('',(298.21875,54.925,1.));
#10565 = VECTOR('',#10566,1.);
#10566 = DIRECTION('',(-0.,-0.,-1.));
#10567 = ORIENTED_EDGE('',*,*,#10568,.F.);
#10568 = EDGE_CURVE('',#10513,#10561,#10569,.T.);
#10569 = LINE('',#10570,#10571);
#10570 = CARTESIAN_POINT('',(299.04375,54.925,1.));
#10571 = VECTOR('',#10572,1.);
#10572 = DIRECTION('',(-1.,0.,0.));
#10573 = PLANE('',#10574);
#10574 = AXIS2_PLACEMENT_3D('',#10575,#10576,#10577);
#10575 = CARTESIAN_POINT('',(299.04375,54.925,1.));
#10576 = DIRECTION('',(0.,1.,0.));
#10577 = DIRECTION('',(-1.,0.,0.));
#10578 = ADVANCED_FACE('',(#10579),#10597,.T.);
#10579 = FACE_BOUND('',#10580,.T.);
#10580 = EDGE_LOOP('',(#10581,#10582,#10583,#10591));
#10581 = ORIENTED_EDGE('',*,*,#10536,.T.);
#10582 = ORIENTED_EDGE('',*,*,#2161,.T.);
#10583 = ORIENTED_EDGE('',*,*,#10584,.F.);
#10584 = EDGE_CURVE('',#10585,#2162,#10587,.T.);
#10585 = VERTEX_POINT('',#10586);
#10586 = CARTESIAN_POINT('',(329.59375,54.925,1.));
#10587 = LINE('',#10588,#10589);
#10588 = CARTESIAN_POINT('',(329.59375,54.925,1.));
#10589 = VECTOR('',#10590,1.);
#10590 = DIRECTION('',(-0.,-0.,-1.));
#10591 = ORIENTED_EDGE('',*,*,#10592,.F.);
#10592 = EDGE_CURVE('',#10537,#10585,#10593,.T.);
#10593 = LINE('',#10594,#10595);
#10594 = CARTESIAN_POINT('',(329.59375,58.155,1.));
#10595 = VECTOR('',#10596,1.);
#10596 = DIRECTION('',(0.,-1.,0.));
#10597 = PLANE('',#10598);
#10598 = AXIS2_PLACEMENT_3D('',#10599,#10600,#10601);
#10599 = CARTESIAN_POINT('',(329.59375,58.155,1.));
#10600 = DIRECTION('',(-1.,0.,0.));
#10601 = DIRECTION('',(0.,-1.,0.));
#10602 = ADVANCED_FACE('',(#10603),#10621,.F.);
#10603 = FACE_BOUND('',#10604,.F.);
#10604 = EDGE_LOOP('',(#10605,#10606,#10607,#10615));
#10605 = ORIENTED_EDGE('',*,*,#10560,.T.);
#10606 = ORIENTED_EDGE('',*,*,#2353,.T.);
#10607 = ORIENTED_EDGE('',*,*,#10608,.F.);
#10608 = EDGE_CURVE('',#10609,#2346,#10611,.T.);
#10609 = VERTEX_POINT('',#10610);
#10610 = CARTESIAN_POINT('',(298.21875,52.125,1.));
#10611 = LINE('',#10612,#10613);
#10612 = CARTESIAN_POINT('',(298.21875,52.125,1.));
#10613 = VECTOR('',#10614,1.);
#10614 = DIRECTION('',(-0.,-0.,-1.));
#10615 = ORIENTED_EDGE('',*,*,#10616,.F.);
#10616 = EDGE_CURVE('',#10561,#10609,#10617,.T.);
#10617 = LINE('',#10618,#10619);
#10618 = CARTESIAN_POINT('',(298.21875,54.925,1.));
#10619 = VECTOR('',#10620,1.);
#10620 = DIRECTION('',(0.,-1.,0.));
#10621 = PLANE('',#10622);
#10622 = AXIS2_PLACEMENT_3D('',#10623,#10624,#10625);
#10623 = CARTESIAN_POINT('',(298.21875,54.925,1.));
#10624 = DIRECTION('',(-1.,0.,0.));
#10625 = DIRECTION('',(0.,-1.,0.));
#10626 = ADVANCED_FACE('',(#10627),#10645,.T.);
#10627 = FACE_BOUND('',#10628,.T.);
#10628 = EDGE_LOOP('',(#10629,#10630,#10631,#10639));
#10629 = ORIENTED_EDGE('',*,*,#10584,.T.);
#10630 = ORIENTED_EDGE('',*,*,#2169,.T.);
#10631 = ORIENTED_EDGE('',*,*,#10632,.F.);
#10632 = EDGE_CURVE('',#10633,#2170,#10635,.T.);
#10633 = VERTEX_POINT('',#10634);
#10634 = CARTESIAN_POINT('',(330.41875,54.925,1.));
#10635 = LINE('',#10636,#10637);
#10636 = CARTESIAN_POINT('',(330.41875,54.925,1.));
#10637 = VECTOR('',#10638,1.);
#10638 = DIRECTION('',(-0.,-0.,-1.));
#10639 = ORIENTED_EDGE('',*,*,#10640,.F.);
#10640 = EDGE_CURVE('',#10585,#10633,#10641,.T.);
#10641 = LINE('',#10642,#10643);
#10642 = CARTESIAN_POINT('',(329.59375,54.925,1.));
#10643 = VECTOR('',#10644,1.);
#10644 = DIRECTION('',(1.,0.,0.));
#10645 = PLANE('',#10646);
#10646 = AXIS2_PLACEMENT_3D('',#10647,#10648,#10649);
#10647 = CARTESIAN_POINT('',(329.59375,54.925,1.));
#10648 = DIRECTION('',(0.,-1.,0.));
#10649 = DIRECTION('',(1.,0.,0.));
#10650 = ADVANCED_FACE('',(#10651),#10669,.F.);
#10651 = FACE_BOUND('',#10652,.F.);
#10652 = EDGE_LOOP('',(#10653,#10654,#10655,#10663));
#10653 = ORIENTED_EDGE('',*,*,#10608,.T.);
#10654 = ORIENTED_EDGE('',*,*,#2345,.T.);
#10655 = ORIENTED_EDGE('',*,*,#10656,.F.);
#10656 = EDGE_CURVE('',#10657,#2338,#10659,.T.);
#10657 = VERTEX_POINT('',#10658);
#10658 = CARTESIAN_POINT('',(299.04375,52.125,1.));
#10659 = LINE('',#10660,#10661);
#10660 = CARTESIAN_POINT('',(299.04375,52.125,1.));
#10661 = VECTOR('',#10662,1.);
#10662 = DIRECTION('',(-0.,-0.,-1.));
#10663 = ORIENTED_EDGE('',*,*,#10664,.F.);
#10664 = EDGE_CURVE('',#10609,#10657,#10665,.T.);
#10665 = LINE('',#10666,#10667);
#10666 = CARTESIAN_POINT('',(298.21875,52.125,1.));
#10667 = VECTOR('',#10668,1.);
#10668 = DIRECTION('',(1.,0.,0.));
#10669 = PLANE('',#10670);
#10670 = AXIS2_PLACEMENT_3D('',#10671,#10672,#10673);
#10671 = CARTESIAN_POINT('',(298.21875,52.125,1.));
#10672 = DIRECTION('',(0.,-1.,0.));
#10673 = DIRECTION('',(1.,0.,0.));
#10674 = ADVANCED_FACE('',(#10675),#10693,.T.);
#10675 = FACE_BOUND('',#10676,.T.);
#10676 = EDGE_LOOP('',(#10677,#10678,#10679,#10687));
#10677 = ORIENTED_EDGE('',*,*,#10632,.T.);
#10678 = ORIENTED_EDGE('',*,*,#2177,.T.);
#10679 = ORIENTED_EDGE('',*,*,#10680,.F.);
#10680 = EDGE_CURVE('',#10681,#2178,#10683,.T.);
#10681 = VERTEX_POINT('',#10682);
#10682 = CARTESIAN_POINT('',(330.41875,52.125,1.));
#10683 = LINE('',#10684,#10685);
#10684 = CARTESIAN_POINT('',(330.41875,52.125,1.));
#10685 = VECTOR('',#10686,1.);
#10686 = DIRECTION('',(-0.,-0.,-1.));
#10687 = ORIENTED_EDGE('',*,*,#10688,.F.);
#10688 = EDGE_CURVE('',#10633,#10681,#10689,.T.);
#10689 = LINE('',#10690,#10691);
#10690 = CARTESIAN_POINT('',(330.41875,54.925,1.));
#10691 = VECTOR('',#10692,1.);
#10692 = DIRECTION('',(0.,-1.,0.));
#10693 = PLANE('',#10694);
#10694 = AXIS2_PLACEMENT_3D('',#10695,#10696,#10697);
#10695 = CARTESIAN_POINT('',(330.41875,54.925,1.));
#10696 = DIRECTION('',(-1.,0.,0.));
#10697 = DIRECTION('',(0.,-1.,0.));
#10698 = ADVANCED_FACE('',(#10699),#10717,.F.);
#10699 = FACE_BOUND('',#10700,.F.);
#10700 = EDGE_LOOP('',(#10701,#10702,#10703,#10711));
#10701 = ORIENTED_EDGE('',*,*,#10656,.T.);
#10702 = ORIENTED_EDGE('',*,*,#2337,.T.);
#10703 = ORIENTED_EDGE('',*,*,#10704,.F.);
#10704 = EDGE_CURVE('',#10705,#2330,#10707,.T.);
#10705 = VERTEX_POINT('',#10706);
#10706 = CARTESIAN_POINT('',(299.04375,45.855,1.));
#10707 = LINE('',#10708,#10709);
#10708 = CARTESIAN_POINT('',(299.04375,45.855,1.));
#10709 = VECTOR('',#10710,1.);
#10710 = DIRECTION('',(-0.,-0.,-1.));
#10711 = ORIENTED_EDGE('',*,*,#10712,.F.);
#10712 = EDGE_CURVE('',#10657,#10705,#10713,.T.);
#10713 = LINE('',#10714,#10715);
#10714 = CARTESIAN_POINT('',(299.04375,52.125,1.));
#10715 = VECTOR('',#10716,1.);
#10716 = DIRECTION('',(0.,-1.,0.));
#10717 = PLANE('',#10718);
#10718 = AXIS2_PLACEMENT_3D('',#10719,#10720,#10721);
#10719 = CARTESIAN_POINT('',(299.04375,52.125,1.));
#10720 = DIRECTION('',(-1.,0.,0.));
#10721 = DIRECTION('',(0.,-1.,0.));
#10722 = ADVANCED_FACE('',(#10723),#10741,.T.);
#10723 = FACE_BOUND('',#10724,.T.);
#10724 = EDGE_LOOP('',(#10725,#10726,#10727,#10735));
#10725 = ORIENTED_EDGE('',*,*,#10680,.T.);
#10726 = ORIENTED_EDGE('',*,*,#2185,.T.);
#10727 = ORIENTED_EDGE('',*,*,#10728,.F.);
#10728 = EDGE_CURVE('',#10729,#2186,#10731,.T.);
#10729 = VERTEX_POINT('',#10730);
#10730 = CARTESIAN_POINT('',(329.59375,52.125,1.));
#10731 = LINE('',#10732,#10733);
#10732 = CARTESIAN_POINT('',(329.59375,52.125,1.));
#10733 = VECTOR('',#10734,1.);
#10734 = DIRECTION('',(-0.,-0.,-1.));
#10735 = ORIENTED_EDGE('',*,*,#10736,.F.);
#10736 = EDGE_CURVE('',#10681,#10729,#10737,.T.);
#10737 = LINE('',#10738,#10739);
#10738 = CARTESIAN_POINT('',(330.41875,52.125,1.));
#10739 = VECTOR('',#10740,1.);
#10740 = DIRECTION('',(-1.,0.,0.));
#10741 = PLANE('',#10742);
#10742 = AXIS2_PLACEMENT_3D('',#10743,#10744,#10745);
#10743 = CARTESIAN_POINT('',(330.41875,52.125,1.));
#10744 = DIRECTION('',(0.,1.,0.));
#10745 = DIRECTION('',(-1.,0.,0.));
#10746 = ADVANCED_FACE('',(#10747),#10765,.F.);
#10747 = FACE_BOUND('',#10748,.F.);
#10748 = EDGE_LOOP('',(#10749,#10750,#10751,#10759));
#10749 = ORIENTED_EDGE('',*,*,#10704,.T.);
#10750 = ORIENTED_EDGE('',*,*,#2329,.T.);
#10751 = ORIENTED_EDGE('',*,*,#10752,.F.);
#10752 = EDGE_CURVE('',#10753,#2322,#10755,.T.);
#10753 = VERTEX_POINT('',#10754);
#10754 = CARTESIAN_POINT('',(300.76875,45.855,1.));
#10755 = LINE('',#10756,#10757);
#10756 = CARTESIAN_POINT('',(300.76875,45.855,1.));
#10757 = VECTOR('',#10758,1.);
#10758 = DIRECTION('',(-0.,-0.,-1.));
#10759 = ORIENTED_EDGE('',*,*,#10760,.F.);
#10760 = EDGE_CURVE('',#10705,#10753,#10761,.T.);
#10761 = LINE('',#10762,#10763);
#10762 = CARTESIAN_POINT('',(299.04375,45.855,1.));
#10763 = VECTOR('',#10764,1.);
#10764 = DIRECTION('',(1.,0.,0.));
#10765 = PLANE('',#10766);
#10766 = AXIS2_PLACEMENT_3D('',#10767,#10768,#10769);
#10767 = CARTESIAN_POINT('',(299.04375,45.855,1.));
#10768 = DIRECTION('',(0.,-1.,0.));
#10769 = DIRECTION('',(1.,0.,0.));
#10770 = ADVANCED_FACE('',(#10771),#10789,.T.);
#10771 = FACE_BOUND('',#10772,.T.);
#10772 = EDGE_LOOP('',(#10773,#10774,#10775,#10783));
#10773 = ORIENTED_EDGE('',*,*,#10728,.T.);
#10774 = ORIENTED_EDGE('',*,*,#2193,.T.);
#10775 = ORIENTED_EDGE('',*,*,#10776,.F.);
#10776 = EDGE_CURVE('',#10777,#2194,#10779,.T.);
#10777 = VERTEX_POINT('',#10778);
#10778 = CARTESIAN_POINT('',(329.59375,45.855,1.));
#10779 = LINE('',#10780,#10781);
#10780 = CARTESIAN_POINT('',(329.59375,45.855,1.));
#10781 = VECTOR('',#10782,1.);
#10782 = DIRECTION('',(-0.,-0.,-1.));
#10783 = ORIENTED_EDGE('',*,*,#10784,.F.);
#10784 = EDGE_CURVE('',#10729,#10777,#10785,.T.);
#10785 = LINE('',#10786,#10787);
#10786 = CARTESIAN_POINT('',(329.59375,52.125,1.));
#10787 = VECTOR('',#10788,1.);
#10788 = DIRECTION('',(0.,-1.,0.));
#10789 = PLANE('',#10790);
#10790 = AXIS2_PLACEMENT_3D('',#10791,#10792,#10793);
#10791 = CARTESIAN_POINT('',(329.59375,52.125,1.));
#10792 = DIRECTION('',(-1.,0.,0.));
#10793 = DIRECTION('',(0.,-1.,0.));
#10794 = ADVANCED_FACE('',(#10795),#10813,.F.);
#10795 = FACE_BOUND('',#10796,.F.);
#10796 = EDGE_LOOP('',(#10797,#10798,#10799,#10807));
#10797 = ORIENTED_EDGE('',*,*,#10752,.T.);
#10798 = ORIENTED_EDGE('',*,*,#2321,.T.);
#10799 = ORIENTED_EDGE('',*,*,#10800,.F.);
#10800 = EDGE_CURVE('',#10801,#2314,#10803,.T.);
#10801 = VERTEX_POINT('',#10802);
#10802 = CARTESIAN_POINT('',(300.76875,44.655,1.));
#10803 = LINE('',#10804,#10805);
#10804 = CARTESIAN_POINT('',(300.76875,44.655,1.));
#10805 = VECTOR('',#10806,1.);
#10806 = DIRECTION('',(-0.,-0.,-1.));
#10807 = ORIENTED_EDGE('',*,*,#10808,.F.);
#10808 = EDGE_CURVE('',#10753,#10801,#10809,.T.);
#10809 = LINE('',#10810,#10811);
#10810 = CARTESIAN_POINT('',(300.76875,45.855,1.));
#10811 = VECTOR('',#10812,1.);
#10812 = DIRECTION('',(0.,-1.,0.));
#10813 = PLANE('',#10814);
#10814 = AXIS2_PLACEMENT_3D('',#10815,#10816,#10817);
#10815 = CARTESIAN_POINT('',(300.76875,45.855,1.));
#10816 = DIRECTION('',(-1.,0.,0.));
#10817 = DIRECTION('',(0.,-1.,0.));
#10818 = ADVANCED_FACE('',(#10819),#10837,.T.);
#10819 = FACE_BOUND('',#10820,.T.);
#10820 = EDGE_LOOP('',(#10821,#10822,#10823,#10831));
#10821 = ORIENTED_EDGE('',*,*,#10776,.T.);
#10822 = ORIENTED_EDGE('',*,*,#2201,.T.);
#10823 = ORIENTED_EDGE('',*,*,#10824,.F.);
#10824 = EDGE_CURVE('',#10825,#2202,#10827,.T.);
#10825 = VERTEX_POINT('',#10826);
#10826 = CARTESIAN_POINT('',(327.86875,45.855,1.));
#10827 = LINE('',#10828,#10829);
#10828 = CARTESIAN_POINT('',(327.86875,45.855,1.));
#10829 = VECTOR('',#10830,1.);
#10830 = DIRECTION('',(-0.,-0.,-1.));
#10831 = ORIENTED_EDGE('',*,*,#10832,.F.);
#10832 = EDGE_CURVE('',#10777,#10825,#10833,.T.);
#10833 = LINE('',#10834,#10835);
#10834 = CARTESIAN_POINT('',(329.59375,45.855,1.));
#10835 = VECTOR('',#10836,1.);
#10836 = DIRECTION('',(-1.,0.,0.));
#10837 = PLANE('',#10838);
#10838 = AXIS2_PLACEMENT_3D('',#10839,#10840,#10841);
#10839 = CARTESIAN_POINT('',(329.59375,45.855,1.));
#10840 = DIRECTION('',(0.,1.,0.));
#10841 = DIRECTION('',(-1.,0.,0.));
#10842 = ADVANCED_FACE('',(#10843),#10861,.F.);
#10843 = FACE_BOUND('',#10844,.F.);
#10844 = EDGE_LOOP('',(#10845,#10846,#10847,#10855));
#10845 = ORIENTED_EDGE('',*,*,#10800,.T.);
#10846 = ORIENTED_EDGE('',*,*,#2313,.T.);
#10847 = ORIENTED_EDGE('',*,*,#10848,.F.);
#10848 = EDGE_CURVE('',#10849,#2306,#10851,.T.);
#10849 = VERTEX_POINT('',#10850);
#10850 = CARTESIAN_POINT('',(304.06875,44.655,1.));
#10851 = LINE('',#10852,#10853);
#10852 = CARTESIAN_POINT('',(304.06875,44.655,1.));
#10853 = VECTOR('',#10854,1.);
#10854 = DIRECTION('',(-0.,-0.,-1.));
#10855 = ORIENTED_EDGE('',*,*,#10856,.F.);
#10856 = EDGE_CURVE('',#10801,#10849,#10857,.T.);
#10857 = LINE('',#10858,#10859);
#10858 = CARTESIAN_POINT('',(300.76875,44.655,1.));
#10859 = VECTOR('',#10860,1.);
#10860 = DIRECTION('',(1.,0.,0.));
#10861 = PLANE('',#10862);
#10862 = AXIS2_PLACEMENT_3D('',#10863,#10864,#10865);
#10863 = CARTESIAN_POINT('',(300.76875,44.655,1.));
#10864 = DIRECTION('',(0.,-1.,0.));
#10865 = DIRECTION('',(1.,0.,0.));
#10866 = ADVANCED_FACE('',(#10867),#10885,.T.);
#10867 = FACE_BOUND('',#10868,.T.);
#10868 = EDGE_LOOP('',(#10869,#10870,#10871,#10879));
#10869 = ORIENTED_EDGE('',*,*,#10824,.T.);
#10870 = ORIENTED_EDGE('',*,*,#2209,.T.);
#10871 = ORIENTED_EDGE('',*,*,#10872,.F.);
#10872 = EDGE_CURVE('',#10873,#2210,#10875,.T.);
#10873 = VERTEX_POINT('',#10874);
#10874 = CARTESIAN_POINT('',(327.86875,44.655,1.));
#10875 = LINE('',#10876,#10877);
#10876 = CARTESIAN_POINT('',(327.86875,44.655,1.));
#10877 = VECTOR('',#10878,1.);
#10878 = DIRECTION('',(-0.,-0.,-1.));
#10879 = ORIENTED_EDGE('',*,*,#10880,.F.);
#10880 = EDGE_CURVE('',#10825,#10873,#10881,.T.);
#10881 = LINE('',#10882,#10883);
#10882 = CARTESIAN_POINT('',(327.86875,45.855,1.));
#10883 = VECTOR('',#10884,1.);
#10884 = DIRECTION('',(0.,-1.,0.));
#10885 = PLANE('',#10886);
#10886 = AXIS2_PLACEMENT_3D('',#10887,#10888,#10889);
#10887 = CARTESIAN_POINT('',(327.86875,45.855,1.));
#10888 = DIRECTION('',(-1.,0.,0.));
#10889 = DIRECTION('',(0.,-1.,0.));
#10890 = ADVANCED_FACE('',(#10891),#10909,.F.);
#10891 = FACE_BOUND('',#10892,.F.);
#10892 = EDGE_LOOP('',(#10893,#10894,#10895,#10903));
#10893 = ORIENTED_EDGE('',*,*,#10848,.T.);
#10894 = ORIENTED_EDGE('',*,*,#2305,.T.);
#10895 = ORIENTED_EDGE('',*,*,#10896,.F.);
#10896 = EDGE_CURVE('',#10897,#2298,#10899,.T.);
#10897 = VERTEX_POINT('',#10898);
#10898 = CARTESIAN_POINT('',(304.06875,45.855,1.));
#10899 = LINE('',#10900,#10901);
#10900 = CARTESIAN_POINT('',(304.06875,45.855,1.));
#10901 = VECTOR('',#10902,1.);
#10902 = DIRECTION('',(-0.,-0.,-1.));
#10903 = ORIENTED_EDGE('',*,*,#10904,.F.);
#10904 = EDGE_CURVE('',#10849,#10897,#10905,.T.);
#10905 = LINE('',#10906,#10907);
#10906 = CARTESIAN_POINT('',(304.06875,44.655,1.));
#10907 = VECTOR('',#10908,1.);
#10908 = DIRECTION('',(0.,1.,0.));
#10909 = PLANE('',#10910);
#10910 = AXIS2_PLACEMENT_3D('',#10911,#10912,#10913);
#10911 = CARTESIAN_POINT('',(304.06875,44.655,1.));
#10912 = DIRECTION('',(1.,0.,0.));
#10913 = DIRECTION('',(0.,1.,0.));
#10914 = ADVANCED_FACE('',(#10915),#10933,.T.);
#10915 = FACE_BOUND('',#10916,.T.);
#10916 = EDGE_LOOP('',(#10917,#10918,#10919,#10927));
#10917 = ORIENTED_EDGE('',*,*,#10872,.T.);
#10918 = ORIENTED_EDGE('',*,*,#2217,.T.);
#10919 = ORIENTED_EDGE('',*,*,#10920,.F.);
#10920 = EDGE_CURVE('',#10921,#2218,#10923,.T.);
#10921 = VERTEX_POINT('',#10922);
#10922 = CARTESIAN_POINT('',(324.56875,44.655,1.));
#10923 = LINE('',#10924,#10925);
#10924 = CARTESIAN_POINT('',(324.56875,44.655,1.));
#10925 = VECTOR('',#10926,1.);
#10926 = DIRECTION('',(-0.,-0.,-1.));
#10927 = ORIENTED_EDGE('',*,*,#10928,.F.);
#10928 = EDGE_CURVE('',#10873,#10921,#10929,.T.);
#10929 = LINE('',#10930,#10931);
#10930 = CARTESIAN_POINT('',(327.86875,44.655,1.));
#10931 = VECTOR('',#10932,1.);
#10932 = DIRECTION('',(-1.,0.,0.));
#10933 = PLANE('',#10934);
#10934 = AXIS2_PLACEMENT_3D('',#10935,#10936,#10937);
#10935 = CARTESIAN_POINT('',(327.86875,44.655,1.));
#10936 = DIRECTION('',(0.,1.,0.));
#10937 = DIRECTION('',(-1.,0.,0.));
#10938 = ADVANCED_FACE('',(#10939),#10957,.F.);
#10939 = FACE_BOUND('',#10940,.F.);
#10940 = EDGE_LOOP('',(#10941,#10942,#10943,#10951));
#10941 = ORIENTED_EDGE('',*,*,#10896,.T.);
#10942 = ORIENTED_EDGE('',*,*,#2297,.T.);
#10943 = ORIENTED_EDGE('',*,*,#10944,.F.);
#10944 = EDGE_CURVE('',#10945,#2290,#10947,.T.);
#10945 = VERTEX_POINT('',#10946);
#10946 = CARTESIAN_POINT('',(305.79375,45.855,1.));
#10947 = LINE('',#10948,#10949);
#10948 = CARTESIAN_POINT('',(305.79375,45.855,1.));
#10949 = VECTOR('',#10950,1.);
#10950 = DIRECTION('',(-0.,-0.,-1.));
#10951 = ORIENTED_EDGE('',*,*,#10952,.F.);
#10952 = EDGE_CURVE('',#10897,#10945,#10953,.T.);
#10953 = LINE('',#10954,#10955);
#10954 = CARTESIAN_POINT('',(304.06875,45.855,1.));
#10955 = VECTOR('',#10956,1.);
#10956 = DIRECTION('',(1.,0.,0.));
#10957 = PLANE('',#10958);
#10958 = AXIS2_PLACEMENT_3D('',#10959,#10960,#10961);
#10959 = CARTESIAN_POINT('',(304.06875,45.855,1.));
#10960 = DIRECTION('',(0.,-1.,0.));
#10961 = DIRECTION('',(1.,0.,0.));
#10962 = ADVANCED_FACE('',(#10963),#10981,.T.);
#10963 = FACE_BOUND('',#10964,.T.);
#10964 = EDGE_LOOP('',(#10965,#10966,#10967,#10975));
#10965 = ORIENTED_EDGE('',*,*,#10920,.T.);
#10966 = ORIENTED_EDGE('',*,*,#2225,.T.);
#10967 = ORIENTED_EDGE('',*,*,#10968,.F.);
#10968 = EDGE_CURVE('',#10969,#2226,#10971,.T.);
#10969 = VERTEX_POINT('',#10970);
#10970 = CARTESIAN_POINT('',(324.56875,45.855,1.));
#10971 = LINE('',#10972,#10973);
#10972 = CARTESIAN_POINT('',(324.56875,45.855,1.));
#10973 = VECTOR('',#10974,1.);
#10974 = DIRECTION('',(-0.,-0.,-1.));
#10975 = ORIENTED_EDGE('',*,*,#10976,.F.);
#10976 = EDGE_CURVE('',#10921,#10969,#10977,.T.);
#10977 = LINE('',#10978,#10979);
#10978 = CARTESIAN_POINT('',(324.56875,44.655,1.));
#10979 = VECTOR('',#10980,1.);
#10980 = DIRECTION('',(0.,1.,0.));
#10981 = PLANE('',#10982);
#10982 = AXIS2_PLACEMENT_3D('',#10983,#10984,#10985);
#10983 = CARTESIAN_POINT('',(324.56875,44.655,1.));
#10984 = DIRECTION('',(1.,0.,0.));
#10985 = DIRECTION('',(0.,1.,0.));
#10986 = ADVANCED_FACE('',(#10987),#11005,.F.);
#10987 = FACE_BOUND('',#10988,.F.);
#10988 = EDGE_LOOP('',(#10989,#10990,#10991,#10999));
#10989 = ORIENTED_EDGE('',*,*,#10944,.T.);
#10990 = ORIENTED_EDGE('',*,*,#2289,.T.);
#10991 = ORIENTED_EDGE('',*,*,#10992,.F.);
#10992 = EDGE_CURVE('',#10993,#2282,#10995,.T.);
#10993 = VERTEX_POINT('',#10994);
#10994 = CARTESIAN_POINT('',(305.79375,50.325,1.));
#10995 = LINE('',#10996,#10997);
#10996 = CARTESIAN_POINT('',(305.79375,50.325,1.));
#10997 = VECTOR('',#10998,1.);
#10998 = DIRECTION('',(-0.,-0.,-1.));
#10999 = ORIENTED_EDGE('',*,*,#11000,.F.);
#11000 = EDGE_CURVE('',#10945,#10993,#11001,.T.);
#11001 = LINE('',#11002,#11003);
#11002 = CARTESIAN_POINT('',(305.79375,45.855,1.));
#11003 = VECTOR('',#11004,1.);
#11004 = DIRECTION('',(0.,1.,0.));
#11005 = PLANE('',#11006);
#11006 = AXIS2_PLACEMENT_3D('',#11007,#11008,#11009);
#11007 = CARTESIAN_POINT('',(305.79375,45.855,1.));
#11008 = DIRECTION('',(1.,0.,0.));
#11009 = DIRECTION('',(0.,1.,0.));
#11010 = ADVANCED_FACE('',(#11011),#11029,.T.);
#11011 = FACE_BOUND('',#11012,.T.);
#11012 = EDGE_LOOP('',(#11013,#11014,#11015,#11023));
#11013 = ORIENTED_EDGE('',*,*,#10968,.T.);
#11014 = ORIENTED_EDGE('',*,*,#2233,.T.);
#11015 = ORIENTED_EDGE('',*,*,#11016,.F.);
#11016 = EDGE_CURVE('',#11017,#2234,#11019,.T.);
#11017 = VERTEX_POINT('',#11018);
#11018 = CARTESIAN_POINT('',(322.84375,45.855,1.));
#11019 = LINE('',#11020,#11021);
#11020 = CARTESIAN_POINT('',(322.84375,45.855,1.));
#11021 = VECTOR('',#11022,1.);
#11022 = DIRECTION('',(-0.,-0.,-1.));
#11023 = ORIENTED_EDGE('',*,*,#11024,.F.);
#11024 = EDGE_CURVE('',#10969,#11017,#11025,.T.);
#11025 = LINE('',#11026,#11027);
#11026 = CARTESIAN_POINT('',(324.56875,45.855,1.));
#11027 = VECTOR('',#11028,1.);
#11028 = DIRECTION('',(-1.,0.,0.));
#11029 = PLANE('',#11030);
#11030 = AXIS2_PLACEMENT_3D('',#11031,#11032,#11033);
#11031 = CARTESIAN_POINT('',(324.56875,45.855,1.));
#11032 = DIRECTION('',(0.,1.,0.));
#11033 = DIRECTION('',(-1.,0.,0.));
#11034 = ADVANCED_FACE('',(#11035),#11053,.F.);
#11035 = FACE_BOUND('',#11036,.F.);
#11036 = EDGE_LOOP('',(#11037,#11038,#11039,#11047));
#11037 = ORIENTED_EDGE('',*,*,#10992,.T.);
#11038 = ORIENTED_EDGE('',*,*,#2281,.T.);
#11039 = ORIENTED_EDGE('',*,*,#11040,.F.);
#11040 = EDGE_CURVE('',#11041,#2274,#11043,.T.);
#11041 = VERTEX_POINT('',#11042);
#11042 = CARTESIAN_POINT('',(307.31875,50.325,1.));
#11043 = LINE('',#11044,#11045);
#11044 = CARTESIAN_POINT('',(307.31875,50.325,1.));
#11045 = VECTOR('',#11046,1.);
#11046 = DIRECTION('',(-0.,-0.,-1.));
#11047 = ORIENTED_EDGE('',*,*,#11048,.F.);
#11048 = EDGE_CURVE('',#10993,#11041,#11049,.T.);
#11049 = LINE('',#11050,#11051);
#11050 = CARTESIAN_POINT('',(305.79375,50.325,1.));
#11051 = VECTOR('',#11052,1.);
#11052 = DIRECTION('',(1.,0.,0.));
#11053 = PLANE('',#11054);
#11054 = AXIS2_PLACEMENT_3D('',#11055,#11056,#11057);
#11055 = CARTESIAN_POINT('',(305.79375,50.325,1.));
#11056 = DIRECTION('',(0.,-1.,0.));
#11057 = DIRECTION('',(1.,0.,0.));
#11058 = ADVANCED_FACE('',(#11059),#11077,.T.);
#11059 = FACE_BOUND('',#11060,.T.);
#11060 = EDGE_LOOP('',(#11061,#11062,#11063,#11071));
#11061 = ORIENTED_EDGE('',*,*,#11016,.T.);
#11062 = ORIENTED_EDGE('',*,*,#2241,.T.);
#11063 = ORIENTED_EDGE('',*,*,#11064,.F.);
#11064 = EDGE_CURVE('',#11065,#2242,#11067,.T.);
#11065 = VERTEX_POINT('',#11066);
#11066 = CARTESIAN_POINT('',(322.84375,50.325,1.));
#11067 = LINE('',#11068,#11069);
#11068 = CARTESIAN_POINT('',(322.84375,50.325,1.));
#11069 = VECTOR('',#11070,1.);
#11070 = DIRECTION('',(-0.,-0.,-1.));
#11071 = ORIENTED_EDGE('',*,*,#11072,.F.);
#11072 = EDGE_CURVE('',#11017,#11065,#11073,.T.);
#11073 = LINE('',#11074,#11075);
#11074 = CARTESIAN_POINT('',(322.84375,45.855,1.));
#11075 = VECTOR('',#11076,1.);
#11076 = DIRECTION('',(0.,1.,0.));
#11077 = PLANE('',#11078);
#11078 = AXIS2_PLACEMENT_3D('',#11079,#11080,#11081);
#11079 = CARTESIAN_POINT('',(322.84375,45.855,1.));
#11080 = DIRECTION('',(1.,0.,0.));
#11081 = DIRECTION('',(0.,1.,0.));
#11082 = ADVANCED_FACE('',(#11083),#11101,.T.);
#11083 = FACE_BOUND('',#11084,.T.);
#11084 = EDGE_LOOP('',(#11085,#11093,#11094,#11095));
#11085 = ORIENTED_EDGE('',*,*,#11086,.T.);
#11086 = EDGE_CURVE('',#11087,#2266,#11089,.T.);
#11087 = VERTEX_POINT('',#11088);
#11088 = CARTESIAN_POINT('',(307.31875,45.625,1.));
#11089 = LINE('',#11090,#11091);
#11090 = CARTESIAN_POINT('',(307.31875,45.625,1.));
#11091 = VECTOR('',#11092,1.);
#11092 = DIRECTION('',(-0.,-0.,-1.));
#11093 = ORIENTED_EDGE('',*,*,#2273,.T.);
#11094 = ORIENTED_EDGE('',*,*,#11040,.F.);
#11095 = ORIENTED_EDGE('',*,*,#11096,.F.);
#11096 = EDGE_CURVE('',#11087,#11041,#11097,.T.);
#11097 = LINE('',#11098,#11099);
#11098 = CARTESIAN_POINT('',(307.31875,45.625,1.));
#11099 = VECTOR('',#11100,1.);
#11100 = DIRECTION('',(0.,1.,0.));
#11101 = PLANE('',#11102);
#11102 = AXIS2_PLACEMENT_3D('',#11103,#11104,#11105);
#11103 = CARTESIAN_POINT('',(307.31875,45.625,1.));
#11104 = DIRECTION('',(1.,0.,0.));
#11105 = DIRECTION('',(0.,1.,0.));
#11106 = ADVANCED_FACE('',(#11107),#11125,.T.);
#11107 = FACE_BOUND('',#11108,.T.);
#11108 = EDGE_LOOP('',(#11109,#11110,#11111,#11119));
#11109 = ORIENTED_EDGE('',*,*,#11064,.T.);
#11110 = ORIENTED_EDGE('',*,*,#2249,.T.);
#11111 = ORIENTED_EDGE('',*,*,#11112,.F.);
#11112 = EDGE_CURVE('',#11113,#2250,#11115,.T.);
#11113 = VERTEX_POINT('',#11114);
#11114 = CARTESIAN_POINT('',(321.31875,50.325,1.));
#11115 = LINE('',#11116,#11117);
#11116 = CARTESIAN_POINT('',(321.31875,50.325,1.));
#11117 = VECTOR('',#11118,1.);
#11118 = DIRECTION('',(-0.,-0.,-1.));
#11119 = ORIENTED_EDGE('',*,*,#11120,.F.);
#11120 = EDGE_CURVE('',#11065,#11113,#11121,.T.);
#11121 = LINE('',#11122,#11123);
#11122 = CARTESIAN_POINT('',(322.84375,50.325,1.));
#11123 = VECTOR('',#11124,1.);
#11124 = DIRECTION('',(-1.,0.,0.));
#11125 = PLANE('',#11126);
#11126 = AXIS2_PLACEMENT_3D('',#11127,#11128,#11129);
#11127 = CARTESIAN_POINT('',(322.84375,50.325,1.));
#11128 = DIRECTION('',(0.,1.,0.));
#11129 = DIRECTION('',(-1.,0.,0.));
#11130 = ADVANCED_FACE('',(#11131),#11149,.T.);
#11131 = FACE_BOUND('',#11132,.T.);
#11132 = EDGE_LOOP('',(#11133,#11141,#11142,#11143));
#11133 = ORIENTED_EDGE('',*,*,#11134,.T.);
#11134 = EDGE_CURVE('',#11135,#2258,#11137,.T.);
#11135 = VERTEX_POINT('',#11136);
#11136 = CARTESIAN_POINT('',(321.31875,45.625,1.));
#11137 = LINE('',#11138,#11139);
#11138 = CARTESIAN_POINT('',(321.31875,45.625,1.));
#11139 = VECTOR('',#11140,1.);
#11140 = DIRECTION('',(-0.,-0.,-1.));
#11141 = ORIENTED_EDGE('',*,*,#2265,.T.);
#11142 = ORIENTED_EDGE('',*,*,#11086,.F.);
#11143 = ORIENTED_EDGE('',*,*,#11144,.F.);
#11144 = EDGE_CURVE('',#11135,#11087,#11145,.T.);
#11145 = LINE('',#11146,#11147);
#11146 = CARTESIAN_POINT('',(321.31875,45.625,1.));
#11147 = VECTOR('',#11148,1.);
#11148 = DIRECTION('',(-1.,0.,0.));
#11149 = PLANE('',#11150);
#11150 = AXIS2_PLACEMENT_3D('',#11151,#11152,#11153);
#11151 = CARTESIAN_POINT('',(321.31875,45.625,1.));
#11152 = DIRECTION('',(0.,1.,0.));
#11153 = DIRECTION('',(-1.,0.,0.));
#11154 = ADVANCED_FACE('',(#11155),#11166,.T.);
#11155 = FACE_BOUND('',#11156,.T.);
#11156 = EDGE_LOOP('',(#11157,#11158,#11159,#11160));
#11157 = ORIENTED_EDGE('',*,*,#11112,.T.);
#11158 = ORIENTED_EDGE('',*,*,#2257,.T.);
#11159 = ORIENTED_EDGE('',*,*,#11134,.F.);
#11160 = ORIENTED_EDGE('',*,*,#11161,.F.);
#11161 = EDGE_CURVE('',#11113,#11135,#11162,.T.);
#11162 = LINE('',#11163,#11164);
#11163 = CARTESIAN_POINT('',(321.31875,50.325,1.));
#11164 = VECTOR('',#11165,1.);
#11165 = DIRECTION('',(0.,-1.,0.));
#11166 = PLANE('',#11167);
#11167 = AXIS2_PLACEMENT_3D('',#11168,#11169,#11170);
#11168 = CARTESIAN_POINT('',(321.31875,50.325,1.));
#11169 = DIRECTION('',(-1.,0.,0.));
#11170 = DIRECTION('',(0.,-1.,0.));
#11171 = ADVANCED_FACE('',(#11172),#11197,.F.);
#11172 = FACE_BOUND('',#11173,.F.);
#11173 = EDGE_LOOP('',(#11174,#11182,#11183,#11191));
#11174 = ORIENTED_EDGE('',*,*,#11175,.T.);
#11175 = EDGE_CURVE('',#11176,#2402,#11178,.T.);
#11176 = VERTEX_POINT('',#11177);
#11177 = CARTESIAN_POINT('',(57.2875,78.675,1.));
#11178 = LINE('',#11179,#11180);
#11179 = CARTESIAN_POINT('',(57.2875,78.675,1.));
#11180 = VECTOR('',#11181,1.);
#11181 = DIRECTION('',(-0.,-0.,-1.));
#11182 = ORIENTED_EDGE('',*,*,#2401,.T.);
#11183 = ORIENTED_EDGE('',*,*,#11184,.F.);
#11184 = EDGE_CURVE('',#11185,#2404,#11187,.T.);
#11185 = VERTEX_POINT('',#11186);
#11186 = CARTESIAN_POINT('',(57.2875,64.675,1.));
#11187 = LINE('',#11188,#11189);
#11188 = CARTESIAN_POINT('',(57.2875,64.675,1.));
#11189 = VECTOR('',#11190,1.);
#11190 = DIRECTION('',(-0.,-0.,-1.));
#11191 = ORIENTED_EDGE('',*,*,#11192,.F.);
#11192 = EDGE_CURVE('',#11176,#11185,#11193,.T.);
#11193 = LINE('',#11194,#11195);
#11194 = CARTESIAN_POINT('',(57.2875,78.675,1.));
#11195 = VECTOR('',#11196,1.);
#11196 = DIRECTION('',(0.,-1.,0.));
#11197 = PLANE('',#11198);
#11198 = AXIS2_PLACEMENT_3D('',#11199,#11200,#11201);
#11199 = CARTESIAN_POINT('',(57.2875,78.675,1.));
#11200 = DIRECTION('',(-1.,0.,0.));
#11201 = DIRECTION('',(0.,-1.,0.));
#11202 = ADVANCED_FACE('',(#11203),#11221,.F.);
#11203 = FACE_BOUND('',#11204,.F.);
#11204 = EDGE_LOOP('',(#11205,#11213,#11214,#11215));
#11205 = ORIENTED_EDGE('',*,*,#11206,.T.);
#11206 = EDGE_CURVE('',#11207,#2412,#11209,.T.);
#11207 = VERTEX_POINT('',#11208);
#11208 = CARTESIAN_POINT('',(71.2875,78.675,1.));
#11209 = LINE('',#11210,#11211);
#11210 = CARTESIAN_POINT('',(71.2875,78.675,1.));
#11211 = VECTOR('',#11212,1.);
#11212 = DIRECTION('',(-0.,-0.,-1.));
#11213 = ORIENTED_EDGE('',*,*,#2411,.T.);
#11214 = ORIENTED_EDGE('',*,*,#11175,.F.);
#11215 = ORIENTED_EDGE('',*,*,#11216,.F.);
#11216 = EDGE_CURVE('',#11207,#11176,#11217,.T.);
#11217 = LINE('',#11218,#11219);
#11218 = CARTESIAN_POINT('',(71.2875,78.675,1.));
#11219 = VECTOR('',#11220,1.);
#11220 = DIRECTION('',(-1.,0.,0.));
#11221 = PLANE('',#11222);
#11222 = AXIS2_PLACEMENT_3D('',#11223,#11224,#11225);
#11223 = CARTESIAN_POINT('',(71.2875,78.675,1.));
#11224 = DIRECTION('',(0.,1.,0.));
#11225 = DIRECTION('',(-1.,0.,0.));
#11226 = ADVANCED_FACE('',(#11227),#11245,.F.);
#11227 = FACE_BOUND('',#11228,.F.);
#11228 = EDGE_LOOP('',(#11229,#11230,#11231,#11239));
#11229 = ORIENTED_EDGE('',*,*,#11184,.T.);
#11230 = ORIENTED_EDGE('',*,*,#2427,.T.);
#11231 = ORIENTED_EDGE('',*,*,#11232,.F.);
#11232 = EDGE_CURVE('',#11233,#2420,#11235,.T.);
#11233 = VERTEX_POINT('',#11234);
#11234 = CARTESIAN_POINT('',(71.2875,64.675,1.));
#11235 = LINE('',#11236,#11237);
#11236 = CARTESIAN_POINT('',(71.2875,64.675,1.));
#11237 = VECTOR('',#11238,1.);
#11238 = DIRECTION('',(-0.,-0.,-1.));
#11239 = ORIENTED_EDGE('',*,*,#11240,.F.);
#11240 = EDGE_CURVE('',#11185,#11233,#11241,.T.);
#11241 = LINE('',#11242,#11243);
#11242 = CARTESIAN_POINT('',(57.2875,64.675,1.));
#11243 = VECTOR('',#11244,1.);
#11244 = DIRECTION('',(1.,0.,0.));
#11245 = PLANE('',#11246);
#11246 = AXIS2_PLACEMENT_3D('',#11247,#11248,#11249);
#11247 = CARTESIAN_POINT('',(57.2875,64.675,1.));
#11248 = DIRECTION('',(0.,-1.,0.));
#11249 = DIRECTION('',(1.,0.,0.));
#11250 = ADVANCED_FACE('',(#11251),#11262,.F.);
#11251 = FACE_BOUND('',#11252,.F.);
#11252 = EDGE_LOOP('',(#11253,#11254,#11255,#11256));
#11253 = ORIENTED_EDGE('',*,*,#11232,.T.);
#11254 = ORIENTED_EDGE('',*,*,#2419,.T.);
#11255 = ORIENTED_EDGE('',*,*,#11206,.F.);
#11256 = ORIENTED_EDGE('',*,*,#11257,.F.);
#11257 = EDGE_CURVE('',#11233,#11207,#11258,.T.);
#11258 = LINE('',#11259,#11260);
#11259 = CARTESIAN_POINT('',(71.2875,64.675,1.));
#11260 = VECTOR('',#11261,1.);
#11261 = DIRECTION('',(0.,1.,0.));
#11262 = PLANE('',#11263);
#11263 = AXIS2_PLACEMENT_3D('',#11264,#11265,#11266);
#11264 = CARTESIAN_POINT('',(71.2875,64.675,1.));
#11265 = DIRECTION('',(1.,0.,0.));
#11266 = DIRECTION('',(0.,1.,0.));
#11267 = ADVANCED_FACE('',(#11268),#11293,.F.);
#11268 = FACE_BOUND('',#11269,.F.);
#11269 = EDGE_LOOP('',(#11270,#11278,#11279,#11287));
#11270 = ORIENTED_EDGE('',*,*,#11271,.T.);
#11271 = EDGE_CURVE('',#11272,#2436,#11274,.T.);
#11272 = VERTEX_POINT('',#11273);
#11273 = CARTESIAN_POINT('',(81.1,78.675,1.));
#11274 = LINE('',#11275,#11276);
#11275 = CARTESIAN_POINT('',(81.1,78.675,1.));
#11276 = VECTOR('',#11277,1.);
#11277 = DIRECTION('',(-0.,-0.,-1.));
#11278 = ORIENTED_EDGE('',*,*,#2435,.T.);
#11279 = ORIENTED_EDGE('',*,*,#11280,.F.);
#11280 = EDGE_CURVE('',#11281,#2438,#11283,.T.);
#11281 = VERTEX_POINT('',#11282);
#11282 = CARTESIAN_POINT('',(81.1,64.675,1.));
#11283 = LINE('',#11284,#11285);
#11284 = CARTESIAN_POINT('',(81.1,64.675,1.));
#11285 = VECTOR('',#11286,1.);
#11286 = DIRECTION('',(-0.,-0.,-1.));
#11287 = ORIENTED_EDGE('',*,*,#11288,.F.);
#11288 = EDGE_CURVE('',#11272,#11281,#11289,.T.);
#11289 = LINE('',#11290,#11291);
#11290 = CARTESIAN_POINT('',(81.1,78.675,1.));
#11291 = VECTOR('',#11292,1.);
#11292 = DIRECTION('',(0.,-1.,0.));
#11293 = PLANE('',#11294);
#11294 = AXIS2_PLACEMENT_3D('',#11295,#11296,#11297);
#11295 = CARTESIAN_POINT('',(81.1,78.675,1.));
#11296 = DIRECTION('',(-1.,0.,0.));
#11297 = DIRECTION('',(0.,-1.,0.));
#11298 = ADVANCED_FACE('',(#11299),#11317,.F.);
#11299 = FACE_BOUND('',#11300,.F.);
#11300 = EDGE_LOOP('',(#11301,#11309,#11310,#11311));
#11301 = ORIENTED_EDGE('',*,*,#11302,.T.);
#11302 = EDGE_CURVE('',#11303,#2446,#11305,.T.);
#11303 = VERTEX_POINT('',#11304);
#11304 = CARTESIAN_POINT('',(95.1,78.675,1.));
#11305 = LINE('',#11306,#11307);
#11306 = CARTESIAN_POINT('',(95.1,78.675,1.));
#11307 = VECTOR('',#11308,1.);
#11308 = DIRECTION('',(-0.,-0.,-1.));
#11309 = ORIENTED_EDGE('',*,*,#2445,.T.);
#11310 = ORIENTED_EDGE('',*,*,#11271,.F.);
#11311 = ORIENTED_EDGE('',*,*,#11312,.F.);
#11312 = EDGE_CURVE('',#11303,#11272,#11313,.T.);
#11313 = LINE('',#11314,#11315);
#11314 = CARTESIAN_POINT('',(95.1,78.675,1.));
#11315 = VECTOR('',#11316,1.);
#11316 = DIRECTION('',(-1.,0.,0.));
#11317 = PLANE('',#11318);
#11318 = AXIS2_PLACEMENT_3D('',#11319,#11320,#11321);
#11319 = CARTESIAN_POINT('',(95.1,78.675,1.));
#11320 = DIRECTION('',(0.,1.,0.));
#11321 = DIRECTION('',(-1.,0.,0.));
#11322 = ADVANCED_FACE('',(#11323),#11341,.F.);
#11323 = FACE_BOUND('',#11324,.F.);
#11324 = EDGE_LOOP('',(#11325,#11326,#11327,#11335));
#11325 = ORIENTED_EDGE('',*,*,#11280,.T.);
#11326 = ORIENTED_EDGE('',*,*,#2461,.T.);
#11327 = ORIENTED_EDGE('',*,*,#11328,.F.);
#11328 = EDGE_CURVE('',#11329,#2454,#11331,.T.);
#11329 = VERTEX_POINT('',#11330);
#11330 = CARTESIAN_POINT('',(95.1,64.675,1.));
#11331 = LINE('',#11332,#11333);
#11332 = CARTESIAN_POINT('',(95.1,64.675,1.));
#11333 = VECTOR('',#11334,1.);
#11334 = DIRECTION('',(-0.,-0.,-1.));
#11335 = ORIENTED_EDGE('',*,*,#11336,.F.);
#11336 = EDGE_CURVE('',#11281,#11329,#11337,.T.);
#11337 = LINE('',#11338,#11339);
#11338 = CARTESIAN_POINT('',(81.1,64.675,1.));
#11339 = VECTOR('',#11340,1.);
#11340 = DIRECTION('',(1.,0.,0.));
#11341 = PLANE('',#11342);
#11342 = AXIS2_PLACEMENT_3D('',#11343,#11344,#11345);
#11343 = CARTESIAN_POINT('',(81.1,64.675,1.));
#11344 = DIRECTION('',(0.,-1.,0.));
#11345 = DIRECTION('',(1.,0.,0.));
#11346 = ADVANCED_FACE('',(#11347),#11358,.F.);
#11347 = FACE_BOUND('',#11348,.F.);
#11348 = EDGE_LOOP('',(#11349,#11350,#11351,#11352));
#11349 = ORIENTED_EDGE('',*,*,#11328,.T.);
#11350 = ORIENTED_EDGE('',*,*,#2453,.T.);
#11351 = ORIENTED_EDGE('',*,*,#11302,.F.);
#11352 = ORIENTED_EDGE('',*,*,#11353,.F.);
#11353 = EDGE_CURVE('',#11329,#11303,#11354,.T.);
#11354 = LINE('',#11355,#11356);
#11355 = CARTESIAN_POINT('',(95.1,64.675,1.));
#11356 = VECTOR('',#11357,1.);
#11357 = DIRECTION('',(0.,1.,0.));
#11358 = PLANE('',#11359);
#11359 = AXIS2_PLACEMENT_3D('',#11360,#11361,#11362);
#11360 = CARTESIAN_POINT('',(95.1,64.675,1.));
#11361 = DIRECTION('',(1.,0.,0.));
#11362 = DIRECTION('',(0.,1.,0.));
#11363 = ADVANCED_FACE('',(#11364),#11390,.F.);
#11364 = FACE_BOUND('',#11365,.F.);
#11365 = EDGE_LOOP('',(#11366,#11377,#11383,#11384));
#11366 = ORIENTED_EDGE('',*,*,#11367,.F.);
#11367 = EDGE_CURVE('',#11368,#11370,#11372,.T.);
#11368 = VERTEX_POINT('',#11369);
#11369 = CARTESIAN_POINT('',(28.957106665647,85.757106896726,1.));
#11370 = VERTEX_POINT('',#11371);
#11371 = CARTESIAN_POINT('',(27.542893334353,84.342893103274,1.));
#11372 = CIRCLE('',#11373,1.);
#11373 = AXIS2_PLACEMENT_3D('',#11374,#11375,#11376);
#11374 = CARTESIAN_POINT('',(28.25,85.05,1.));
#11375 = DIRECTION('',(0.,0.,1.));
#11376 = DIRECTION('',(1.,0.,0.));
#11377 = ORIENTED_EDGE('',*,*,#11378,.T.);
#11378 = EDGE_CURVE('',#11368,#2470,#11379,.T.);
#11379 = LINE('',#11380,#11381);
#11380 = CARTESIAN_POINT('',(28.957106665647,85.757106896726,1.));
#11381 = VECTOR('',#11382,1.);
#11382 = DIRECTION('',(-0.,-0.,-1.));
#11383 = ORIENTED_EDGE('',*,*,#2469,.T.);
#11384 = ORIENTED_EDGE('',*,*,#11385,.F.);
#11385 = EDGE_CURVE('',#11370,#2472,#11386,.T.);
#11386 = LINE('',#11387,#11388);
#11387 = CARTESIAN_POINT('',(27.542893334353,84.342893103274,1.));
#11388 = VECTOR('',#11389,1.);
#11389 = DIRECTION('',(-0.,-0.,-1.));
#11390 = CYLINDRICAL_SURFACE('',#11391,1.);
#11391 = AXIS2_PLACEMENT_3D('',#11392,#11393,#11394);
#11392 = CARTESIAN_POINT('',(28.25,85.05,1.));
#11393 = DIRECTION('',(0.,0.,1.));
#11394 = DIRECTION('',(1.,0.,-0.));
#11395 = ADVANCED_FACE('',(#11396),#11414,.F.);
#11396 = FACE_BOUND('',#11397,.F.);
#11397 = EDGE_LOOP('',(#11398,#11406,#11407,#11408));
#11398 = ORIENTED_EDGE('',*,*,#11399,.F.);
#11399 = EDGE_CURVE('',#11370,#11400,#11402,.T.);
#11400 = VERTEX_POINT('',#11401);
#11401 = CARTESIAN_POINT('',(30.542893334353,81.342894083659,1.));
#11402 = LINE('',#11403,#11404);
#11403 = CARTESIAN_POINT('',(27.542893334353,84.342893103274,1.));
#11404 = VECTOR('',#11405,1.);
#11405 = DIRECTION('',(0.707106896726,-0.707106665647,0.));
#11406 = ORIENTED_EDGE('',*,*,#11385,.T.);
#11407 = ORIENTED_EDGE('',*,*,#2497,.T.);
#11408 = ORIENTED_EDGE('',*,*,#11409,.F.);
#11409 = EDGE_CURVE('',#11400,#2489,#11410,.T.);
#11410 = LINE('',#11411,#11412);
#11411 = CARTESIAN_POINT('',(30.542893334353,81.342894083659,1.));
#11412 = VECTOR('',#11413,1.);
#11413 = DIRECTION('',(-0.,-0.,-1.));
#11414 = PLANE('',#11415);
#11415 = AXIS2_PLACEMENT_3D('',#11416,#11417,#11418);
#11416 = CARTESIAN_POINT('',(27.542893334353,84.342893103274,1.));
#11417 = DIRECTION('',(-0.707106665647,-0.707106896726,0.));
#11418 = DIRECTION('',(0.707106896726,-0.707106665647,0.));
#11419 = ADVANCED_FACE('',(#11420),#11439,.F.);
#11420 = FACE_BOUND('',#11421,.F.);
#11421 = EDGE_LOOP('',(#11422,#11431,#11432,#11433));
#11422 = ORIENTED_EDGE('',*,*,#11423,.F.);
#11423 = EDGE_CURVE('',#11400,#11424,#11426,.T.);
#11424 = VERTEX_POINT('',#11425);
#11425 = CARTESIAN_POINT('',(31.957106665647,82.757107877111,1.));
#11426 = CIRCLE('',#11427,1.);
#11427 = AXIS2_PLACEMENT_3D('',#11428,#11429,#11430);
#11428 = CARTESIAN_POINT('',(31.25,82.050000980385,1.));
#11429 = DIRECTION('',(0.,0.,1.));
#11430 = DIRECTION('',(1.,0.,0.));
#11431 = ORIENTED_EDGE('',*,*,#11409,.T.);
#11432 = ORIENTED_EDGE('',*,*,#2488,.T.);
#11433 = ORIENTED_EDGE('',*,*,#11434,.F.);
#11434 = EDGE_CURVE('',#11424,#2481,#11435,.T.);
#11435 = LINE('',#11436,#11437);
#11436 = CARTESIAN_POINT('',(31.957106665647,82.757107877111,1.));
#11437 = VECTOR('',#11438,1.);
#11438 = DIRECTION('',(-0.,-0.,-1.));
#11439 = CYLINDRICAL_SURFACE('',#11440,1.);
#11440 = AXIS2_PLACEMENT_3D('',#11441,#11442,#11443);
#11441 = CARTESIAN_POINT('',(31.25,82.050000980385,1.));
#11442 = DIRECTION('',(0.,0.,1.));
#11443 = DIRECTION('',(1.,0.,-0.));
#11444 = ADVANCED_FACE('',(#11445),#11456,.T.);
#11445 = FACE_BOUND('',#11446,.T.);
#11446 = EDGE_LOOP('',(#11447,#11453,#11454,#11455));
#11447 = ORIENTED_EDGE('',*,*,#11448,.F.);
#11448 = EDGE_CURVE('',#11368,#11424,#11449,.T.);
#11449 = LINE('',#11450,#11451);
#11450 = CARTESIAN_POINT('',(28.957106665647,85.757106896726,1.));
#11451 = VECTOR('',#11452,1.);
#11452 = DIRECTION('',(0.707106896726,-0.707106665647,0.));
#11453 = ORIENTED_EDGE('',*,*,#11378,.T.);
#11454 = ORIENTED_EDGE('',*,*,#2480,.T.);
#11455 = ORIENTED_EDGE('',*,*,#11434,.F.);
#11456 = PLANE('',#11457);
#11457 = AXIS2_PLACEMENT_3D('',#11458,#11459,#11460);
#11458 = CARTESIAN_POINT('',(28.957106665647,85.757106896726,1.));
#11459 = DIRECTION('',(-0.707106665647,-0.707106896726,0.));
#11460 = DIRECTION('',(0.707106896726,-0.707106665647,0.));
#11461 = ADVANCED_FACE('',(#11462),#11488,.F.);
#11462 = FACE_BOUND('',#11463,.F.);
#11463 = EDGE_LOOP('',(#11464,#11475,#11481,#11482));
#11464 = ORIENTED_EDGE('',*,*,#11465,.F.);
#11465 = EDGE_CURVE('',#11466,#11468,#11470,.T.);
#11466 = VERTEX_POINT('',#11467);
#11467 = CARTESIAN_POINT('',(33.457106665647,85.757106896726,1.));
#11468 = VERTEX_POINT('',#11469);
#11469 = CARTESIAN_POINT('',(32.042893334353,84.342893103274,1.));
#11470 = CIRCLE('',#11471,1.);
#11471 = AXIS2_PLACEMENT_3D('',#11472,#11473,#11474);
#11472 = CARTESIAN_POINT('',(32.75,85.05,1.));
#11473 = DIRECTION('',(0.,0.,1.));
#11474 = DIRECTION('',(1.,0.,0.));
#11475 = ORIENTED_EDGE('',*,*,#11476,.T.);
#11476 = EDGE_CURVE('',#11466,#2506,#11477,.T.);
#11477 = LINE('',#11478,#11479);
#11478 = CARTESIAN_POINT('',(33.457106665647,85.757106896726,1.));
#11479 = VECTOR('',#11480,1.);
#11480 = DIRECTION('',(-0.,-0.,-1.));
#11481 = ORIENTED_EDGE('',*,*,#2505,.T.);
#11482 = ORIENTED_EDGE('',*,*,#11483,.F.);
#11483 = EDGE_CURVE('',#11468,#2508,#11484,.T.);
#11484 = LINE('',#11485,#11486);
#11485 = CARTESIAN_POINT('',(32.042893334353,84.342893103274,1.));
#11486 = VECTOR('',#11487,1.);
#11487 = DIRECTION('',(-0.,-0.,-1.));
#11488 = CYLINDRICAL_SURFACE('',#11489,1.);
#11489 = AXIS2_PLACEMENT_3D('',#11490,#11491,#11492);
#11490 = CARTESIAN_POINT('',(32.75,85.05,1.));
#11491 = DIRECTION('',(0.,0.,1.));
#11492 = DIRECTION('',(1.,0.,-0.));
#11493 = ADVANCED_FACE('',(#11494),#11512,.F.);
#11494 = FACE_BOUND('',#11495,.F.);
#11495 = EDGE_LOOP('',(#11496,#11504,#11505,#11506));
#11496 = ORIENTED_EDGE('',*,*,#11497,.F.);
#11497 = EDGE_CURVE('',#11468,#11498,#11500,.T.);
#11498 = VERTEX_POINT('',#11499);
#11499 = CARTESIAN_POINT('',(35.042893334353,81.342894083659,1.));
#11500 = LINE('',#11501,#11502);
#11501 = CARTESIAN_POINT('',(32.042893334353,84.342893103274,1.));
#11502 = VECTOR('',#11503,1.);
#11503 = DIRECTION('',(0.707106896726,-0.707106665647,0.));
#11504 = ORIENTED_EDGE('',*,*,#11483,.T.);
#11505 = ORIENTED_EDGE('',*,*,#2533,.T.);
#11506 = ORIENTED_EDGE('',*,*,#11507,.F.);
#11507 = EDGE_CURVE('',#11498,#2525,#11508,.T.);
#11508 = LINE('',#11509,#11510);
#11509 = CARTESIAN_POINT('',(35.042893334353,81.342894083659,1.));
#11510 = VECTOR('',#11511,1.);
#11511 = DIRECTION('',(-0.,-0.,-1.));
#11512 = PLANE('',#11513);
#11513 = AXIS2_PLACEMENT_3D('',#11514,#11515,#11516);
#11514 = CARTESIAN_POINT('',(32.042893334353,84.342893103274,1.));
#11515 = DIRECTION('',(-0.707106665647,-0.707106896726,0.));
#11516 = DIRECTION('',(0.707106896726,-0.707106665647,0.));
#11517 = ADVANCED_FACE('',(#11518),#11537,.F.);
#11518 = FACE_BOUND('',#11519,.F.);
#11519 = EDGE_LOOP('',(#11520,#11529,#11530,#11531));
#11520 = ORIENTED_EDGE('',*,*,#11521,.F.);
#11521 = EDGE_CURVE('',#11498,#11522,#11524,.T.);
#11522 = VERTEX_POINT('',#11523);
#11523 = CARTESIAN_POINT('',(36.457106665647,82.75710787711,1.));
#11524 = CIRCLE('',#11525,1.);
#11525 = AXIS2_PLACEMENT_3D('',#11526,#11527,#11528);
#11526 = CARTESIAN_POINT('',(35.75,82.050000980385,1.));
#11527 = DIRECTION('',(0.,0.,1.));
#11528 = DIRECTION('',(1.,0.,0.));
#11529 = ORIENTED_EDGE('',*,*,#11507,.T.);
#11530 = ORIENTED_EDGE('',*,*,#2524,.T.);
#11531 = ORIENTED_EDGE('',*,*,#11532,.F.);
#11532 = EDGE_CURVE('',#11522,#2517,#11533,.T.);
#11533 = LINE('',#11534,#11535);
#11534 = CARTESIAN_POINT('',(36.457106665647,82.75710787711,1.));
#11535 = VECTOR('',#11536,1.);
#11536 = DIRECTION('',(-0.,-0.,-1.));
#11537 = CYLINDRICAL_SURFACE('',#11538,1.);
#11538 = AXIS2_PLACEMENT_3D('',#11539,#11540,#11541);
#11539 = CARTESIAN_POINT('',(35.75,82.050000980385,1.));
#11540 = DIRECTION('',(0.,0.,1.));
#11541 = DIRECTION('',(1.,0.,-0.));
#11542 = ADVANCED_FACE('',(#11543),#11554,.T.);
#11543 = FACE_BOUND('',#11544,.T.);
#11544 = EDGE_LOOP('',(#11545,#11551,#11552,#11553));
#11545 = ORIENTED_EDGE('',*,*,#11546,.F.);
#11546 = EDGE_CURVE('',#11466,#11522,#11547,.T.);
#11547 = LINE('',#11548,#11549);
#11548 = CARTESIAN_POINT('',(33.457106665647,85.757106896726,1.));
#11549 = VECTOR('',#11550,1.);
#11550 = DIRECTION('',(0.707106896726,-0.707106665647,0.));
#11551 = ORIENTED_EDGE('',*,*,#11476,.T.);
#11552 = ORIENTED_EDGE('',*,*,#2516,.T.);
#11553 = ORIENTED_EDGE('',*,*,#11532,.F.);
#11554 = PLANE('',#11555);
#11555 = AXIS2_PLACEMENT_3D('',#11556,#11557,#11558);
#11556 = CARTESIAN_POINT('',(33.457106665647,85.757106896726,1.));
#11557 = DIRECTION('',(-0.707106665647,-0.707106896726,0.));
#11558 = DIRECTION('',(0.707106896726,-0.707106665647,0.));
#11559 = ADVANCED_FACE('',(#11560),#11586,.F.);
#11560 = FACE_BOUND('',#11561,.F.);
#11561 = EDGE_LOOP('',(#11562,#11573,#11579,#11580));
#11562 = ORIENTED_EDGE('',*,*,#11563,.F.);
#11563 = EDGE_CURVE('',#11564,#11566,#11568,.T.);
#11564 = VERTEX_POINT('',#11565);
#11565 = CARTESIAN_POINT('',(37.957106665647,85.757106896726,1.));
#11566 = VERTEX_POINT('',#11567);
#11567 = CARTESIAN_POINT('',(36.542893334353,84.342893103274,1.));
#11568 = CIRCLE('',#11569,1.);
#11569 = AXIS2_PLACEMENT_3D('',#11570,#11571,#11572);
#11570 = CARTESIAN_POINT('',(37.25,85.05,1.));
#11571 = DIRECTION('',(0.,0.,1.));
#11572 = DIRECTION('',(1.,0.,0.));
#11573 = ORIENTED_EDGE('',*,*,#11574,.T.);
#11574 = EDGE_CURVE('',#11564,#2542,#11575,.T.);
#11575 = LINE('',#11576,#11577);
#11576 = CARTESIAN_POINT('',(37.957106665647,85.757106896726,1.));
#11577 = VECTOR('',#11578,1.);
#11578 = DIRECTION('',(-0.,-0.,-1.));
#11579 = ORIENTED_EDGE('',*,*,#2541,.T.);
#11580 = ORIENTED_EDGE('',*,*,#11581,.F.);
#11581 = EDGE_CURVE('',#11566,#2544,#11582,.T.);
#11582 = LINE('',#11583,#11584);
#11583 = CARTESIAN_POINT('',(36.542893334353,84.342893103274,1.));
#11584 = VECTOR('',#11585,1.);
#11585 = DIRECTION('',(-0.,-0.,-1.));
#11586 = CYLINDRICAL_SURFACE('',#11587,1.);
#11587 = AXIS2_PLACEMENT_3D('',#11588,#11589,#11590);
#11588 = CARTESIAN_POINT('',(37.25,85.05,1.));
#11589 = DIRECTION('',(0.,0.,1.));
#11590 = DIRECTION('',(1.,0.,-0.));
#11591 = ADVANCED_FACE('',(#11592),#11610,.F.);
#11592 = FACE_BOUND('',#11593,.F.);
#11593 = EDGE_LOOP('',(#11594,#11602,#11603,#11604));
#11594 = ORIENTED_EDGE('',*,*,#11595,.F.);
#11595 = EDGE_CURVE('',#11566,#11596,#11598,.T.);
#11596 = VERTEX_POINT('',#11597);
#11597 = CARTESIAN_POINT('',(39.542893334353,81.342894083659,1.));
#11598 = LINE('',#11599,#11600);
#11599 = CARTESIAN_POINT('',(36.542893334353,84.342893103274,1.));
#11600 = VECTOR('',#11601,1.);
#11601 = DIRECTION('',(0.707106896726,-0.707106665647,0.));
#11602 = ORIENTED_EDGE('',*,*,#11581,.T.);
#11603 = ORIENTED_EDGE('',*,*,#2569,.T.);
#11604 = ORIENTED_EDGE('',*,*,#11605,.F.);
#11605 = EDGE_CURVE('',#11596,#2561,#11606,.T.);
#11606 = LINE('',#11607,#11608);
#11607 = CARTESIAN_POINT('',(39.542893334353,81.342894083659,1.));
#11608 = VECTOR('',#11609,1.);
#11609 = DIRECTION('',(-0.,-0.,-1.));
#11610 = PLANE('',#11611);
#11611 = AXIS2_PLACEMENT_3D('',#11612,#11613,#11614);
#11612 = CARTESIAN_POINT('',(36.542893334353,84.342893103274,1.));
#11613 = DIRECTION('',(-0.707106665647,-0.707106896726,0.));
#11614 = DIRECTION('',(0.707106896726,-0.707106665647,0.));
#11615 = ADVANCED_FACE('',(#11616),#11635,.F.);
#11616 = FACE_BOUND('',#11617,.F.);
#11617 = EDGE_LOOP('',(#11618,#11627,#11628,#11629));
#11618 = ORIENTED_EDGE('',*,*,#11619,.F.);
#11619 = EDGE_CURVE('',#11596,#11620,#11622,.T.);
#11620 = VERTEX_POINT('',#11621);
#11621 = CARTESIAN_POINT('',(40.957106665647,82.757107877111,1.));
#11622 = CIRCLE('',#11623,1.);
#11623 = AXIS2_PLACEMENT_3D('',#11624,#11625,#11626);
#11624 = CARTESIAN_POINT('',(40.25,82.050000980385,1.));
#11625 = DIRECTION('',(0.,0.,1.));
#11626 = DIRECTION('',(1.,0.,0.));
#11627 = ORIENTED_EDGE('',*,*,#11605,.T.);
#11628 = ORIENTED_EDGE('',*,*,#2560,.T.);
#11629 = ORIENTED_EDGE('',*,*,#11630,.F.);
#11630 = EDGE_CURVE('',#11620,#2553,#11631,.T.);
#11631 = LINE('',#11632,#11633);
#11632 = CARTESIAN_POINT('',(40.957106665647,82.757107877111,1.));
#11633 = VECTOR('',#11634,1.);
#11634 = DIRECTION('',(-0.,-0.,-1.));
#11635 = CYLINDRICAL_SURFACE('',#11636,1.);
#11636 = AXIS2_PLACEMENT_3D('',#11637,#11638,#11639);
#11637 = CARTESIAN_POINT('',(40.25,82.050000980385,1.));
#11638 = DIRECTION('',(0.,0.,1.));
#11639 = DIRECTION('',(1.,0.,-0.));
#11640 = ADVANCED_FACE('',(#11641),#11652,.T.);
#11641 = FACE_BOUND('',#11642,.T.);
#11642 = EDGE_LOOP('',(#11643,#11649,#11650,#11651));
#11643 = ORIENTED_EDGE('',*,*,#11644,.F.);
#11644 = EDGE_CURVE('',#11564,#11620,#11645,.T.);
#11645 = LINE('',#11646,#11647);
#11646 = CARTESIAN_POINT('',(37.957106665647,85.757106896726,1.));
#11647 = VECTOR('',#11648,1.);
#11648 = DIRECTION('',(0.707106896726,-0.707106665647,0.));
#11649 = ORIENTED_EDGE('',*,*,#11574,.T.);
#11650 = ORIENTED_EDGE('',*,*,#2552,.T.);
#11651 = ORIENTED_EDGE('',*,*,#11630,.F.);
#11652 = PLANE('',#11653);
#11653 = AXIS2_PLACEMENT_3D('',#11654,#11655,#11656);
#11654 = CARTESIAN_POINT('',(37.957106665647,85.757106896726,1.));
#11655 = DIRECTION('',(-0.707106665647,-0.707106896726,0.));
#11656 = DIRECTION('',(0.707106896726,-0.707106665647,0.));
#11657 = ADVANCED_FACE('',(#11658),#11683,.F.);
#11658 = FACE_BOUND('',#11659,.F.);
#11659 = EDGE_LOOP('',(#11660,#11668,#11669,#11677));
#11660 = ORIENTED_EDGE('',*,*,#11661,.T.);
#11661 = EDGE_CURVE('',#11662,#2578,#11664,.T.);
#11662 = VERTEX_POINT('',#11663);
#11663 = CARTESIAN_POINT('',(52.525,97.725,1.));
#11664 = LINE('',#11665,#11666);
#11665 = CARTESIAN_POINT('',(52.525,97.725,1.));
#11666 = VECTOR('',#11667,1.);
#11667 = DIRECTION('',(-0.,-0.,-1.));
#11668 = ORIENTED_EDGE('',*,*,#2577,.T.);
#11669 = ORIENTED_EDGE('',*,*,#11670,.F.);
#11670 = EDGE_CURVE('',#11671,#2580,#11673,.T.);
#11671 = VERTEX_POINT('',#11672);
#11672 = CARTESIAN_POINT('',(52.525,83.725,1.));
#11673 = LINE('',#11674,#11675);
#11674 = CARTESIAN_POINT('',(52.525,83.725,1.));
#11675 = VECTOR('',#11676,1.);
#11676 = DIRECTION('',(-0.,-0.,-1.));
#11677 = ORIENTED_EDGE('',*,*,#11678,.F.);
#11678 = EDGE_CURVE('',#11662,#11671,#11679,.T.);
#11679 = LINE('',#11680,#11681);
#11680 = CARTESIAN_POINT('',(52.525,97.725,1.));
#11681 = VECTOR('',#11682,1.);
#11682 = DIRECTION('',(0.,-1.,0.));
#11683 = PLANE('',#11684);
#11684 = AXIS2_PLACEMENT_3D('',#11685,#11686,#11687);
#11685 = CARTESIAN_POINT('',(52.525,97.725,1.));
#11686 = DIRECTION('',(-1.,0.,0.));
#11687 = DIRECTION('',(0.,-1.,0.));
#11688 = ADVANCED_FACE('',(#11689),#11707,.F.);
#11689 = FACE_BOUND('',#11690,.F.);
#11690 = EDGE_LOOP('',(#11691,#11699,#11700,#11701));
#11691 = ORIENTED_EDGE('',*,*,#11692,.T.);
#11692 = EDGE_CURVE('',#11693,#2588,#11695,.T.);
#11693 = VERTEX_POINT('',#11694);
#11694 = CARTESIAN_POINT('',(66.525,97.725,1.));
#11695 = LINE('',#11696,#11697);
#11696 = CARTESIAN_POINT('',(66.525,97.725,1.));
#11697 = VECTOR('',#11698,1.);
#11698 = DIRECTION('',(-0.,-0.,-1.));
#11699 = ORIENTED_EDGE('',*,*,#2587,.T.);
#11700 = ORIENTED_EDGE('',*,*,#11661,.F.);
#11701 = ORIENTED_EDGE('',*,*,#11702,.F.);
#11702 = EDGE_CURVE('',#11693,#11662,#11703,.T.);
#11703 = LINE('',#11704,#11705);
#11704 = CARTESIAN_POINT('',(66.525,97.725,1.));
#11705 = VECTOR('',#11706,1.);
#11706 = DIRECTION('',(-1.,0.,0.));
#11707 = PLANE('',#11708);
#11708 = AXIS2_PLACEMENT_3D('',#11709,#11710,#11711);
#11709 = CARTESIAN_POINT('',(66.525,97.725,1.));
#11710 = DIRECTION('',(0.,1.,0.));
#11711 = DIRECTION('',(-1.,0.,0.));
#11712 = ADVANCED_FACE('',(#11713),#11731,.F.);
#11713 = FACE_BOUND('',#11714,.F.);
#11714 = EDGE_LOOP('',(#11715,#11716,#11717,#11725));
#11715 = ORIENTED_EDGE('',*,*,#11670,.T.);
#11716 = ORIENTED_EDGE('',*,*,#2603,.T.);
#11717 = ORIENTED_EDGE('',*,*,#11718,.F.);
#11718 = EDGE_CURVE('',#11719,#2596,#11721,.T.);
#11719 = VERTEX_POINT('',#11720);
#11720 = CARTESIAN_POINT('',(66.525,83.725,1.));
#11721 = LINE('',#11722,#11723);
#11722 = CARTESIAN_POINT('',(66.525,83.725,1.));
#11723 = VECTOR('',#11724,1.);
#11724 = DIRECTION('',(-0.,-0.,-1.));
#11725 = ORIENTED_EDGE('',*,*,#11726,.F.);
#11726 = EDGE_CURVE('',#11671,#11719,#11727,.T.);
#11727 = LINE('',#11728,#11729);
#11728 = CARTESIAN_POINT('',(52.525,83.725,1.));
#11729 = VECTOR('',#11730,1.);
#11730 = DIRECTION('',(1.,0.,0.));
#11731 = PLANE('',#11732);
#11732 = AXIS2_PLACEMENT_3D('',#11733,#11734,#11735);
#11733 = CARTESIAN_POINT('',(52.525,83.725,1.));
#11734 = DIRECTION('',(0.,-1.,0.));
#11735 = DIRECTION('',(1.,0.,0.));
#11736 = ADVANCED_FACE('',(#11737),#11748,.F.);
#11737 = FACE_BOUND('',#11738,.F.);
#11738 = EDGE_LOOP('',(#11739,#11740,#11741,#11742));
#11739 = ORIENTED_EDGE('',*,*,#11718,.T.);
#11740 = ORIENTED_EDGE('',*,*,#2595,.T.);
#11741 = ORIENTED_EDGE('',*,*,#11692,.F.);
#11742 = ORIENTED_EDGE('',*,*,#11743,.F.);
#11743 = EDGE_CURVE('',#11719,#11693,#11744,.T.);
#11744 = LINE('',#11745,#11746);
#11745 = CARTESIAN_POINT('',(66.525,83.725,1.));
#11746 = VECTOR('',#11747,1.);
#11747 = DIRECTION('',(0.,1.,0.));
#11748 = PLANE('',#11749);
#11749 = AXIS2_PLACEMENT_3D('',#11750,#11751,#11752);
#11750 = CARTESIAN_POINT('',(66.525,83.725,1.));
#11751 = DIRECTION('',(1.,0.,0.));
#11752 = DIRECTION('',(0.,1.,0.));
#11753 = ADVANCED_FACE('',(#11754),#11779,.F.);
#11754 = FACE_BOUND('',#11755,.F.);
#11755 = EDGE_LOOP('',(#11756,#11764,#11765,#11773));
#11756 = ORIENTED_EDGE('',*,*,#11757,.T.);
#11757 = EDGE_CURVE('',#11758,#2612,#11760,.T.);
#11758 = VERTEX_POINT('',#11759);
#11759 = CARTESIAN_POINT('',(71.575,97.725,1.));
#11760 = LINE('',#11761,#11762);
#11761 = CARTESIAN_POINT('',(71.575,97.725,1.));
#11762 = VECTOR('',#11763,1.);
#11763 = DIRECTION('',(-0.,-0.,-1.));
#11764 = ORIENTED_EDGE('',*,*,#2611,.T.);
#11765 = ORIENTED_EDGE('',*,*,#11766,.F.);
#11766 = EDGE_CURVE('',#11767,#2614,#11769,.T.);
#11767 = VERTEX_POINT('',#11768);
#11768 = CARTESIAN_POINT('',(71.575,83.725,1.));
#11769 = LINE('',#11770,#11771);
#11770 = CARTESIAN_POINT('',(71.575,83.725,1.));
#11771 = VECTOR('',#11772,1.);
#11772 = DIRECTION('',(-0.,-0.,-1.));
#11773 = ORIENTED_EDGE('',*,*,#11774,.F.);
#11774 = EDGE_CURVE('',#11758,#11767,#11775,.T.);
#11775 = LINE('',#11776,#11777);
#11776 = CARTESIAN_POINT('',(71.575,97.725,1.));
#11777 = VECTOR('',#11778,1.);
#11778 = DIRECTION('',(0.,-1.,0.));
#11779 = PLANE('',#11780);
#11780 = AXIS2_PLACEMENT_3D('',#11781,#11782,#11783);
#11781 = CARTESIAN_POINT('',(71.575,97.725,1.));
#11782 = DIRECTION('',(-1.,0.,0.));
#11783 = DIRECTION('',(0.,-1.,0.));
#11784 = ADVANCED_FACE('',(#11785),#11803,.F.);
#11785 = FACE_BOUND('',#11786,.F.);
#11786 = EDGE_LOOP('',(#11787,#11795,#11796,#11797));
#11787 = ORIENTED_EDGE('',*,*,#11788,.T.);
#11788 = EDGE_CURVE('',#11789,#2622,#11791,.T.);
#11789 = VERTEX_POINT('',#11790);
#11790 = CARTESIAN_POINT('',(85.575,97.725,1.));
#11791 = LINE('',#11792,#11793);
#11792 = CARTESIAN_POINT('',(85.575,97.725,1.));
#11793 = VECTOR('',#11794,1.);
#11794 = DIRECTION('',(-0.,-0.,-1.));
#11795 = ORIENTED_EDGE('',*,*,#2621,.T.);
#11796 = ORIENTED_EDGE('',*,*,#11757,.F.);
#11797 = ORIENTED_EDGE('',*,*,#11798,.F.);
#11798 = EDGE_CURVE('',#11789,#11758,#11799,.T.);
#11799 = LINE('',#11800,#11801);
#11800 = CARTESIAN_POINT('',(85.575,97.725,1.));
#11801 = VECTOR('',#11802,1.);
#11802 = DIRECTION('',(-1.,0.,0.));
#11803 = PLANE('',#11804);
#11804 = AXIS2_PLACEMENT_3D('',#11805,#11806,#11807);
#11805 = CARTESIAN_POINT('',(85.575,97.725,1.));
#11806 = DIRECTION('',(0.,1.,0.));
#11807 = DIRECTION('',(-1.,0.,0.));
#11808 = ADVANCED_FACE('',(#11809),#11827,.F.);
#11809 = FACE_BOUND('',#11810,.F.);
#11810 = EDGE_LOOP('',(#11811,#11812,#11813,#11821));
#11811 = ORIENTED_EDGE('',*,*,#11766,.T.);
#11812 = ORIENTED_EDGE('',*,*,#2637,.T.);
#11813 = ORIENTED_EDGE('',*,*,#11814,.F.);
#11814 = EDGE_CURVE('',#11815,#2630,#11817,.T.);
#11815 = VERTEX_POINT('',#11816);
#11816 = CARTESIAN_POINT('',(85.575,83.725,1.));
#11817 = LINE('',#11818,#11819);
#11818 = CARTESIAN_POINT('',(85.575,83.725,1.));
#11819 = VECTOR('',#11820,1.);
#11820 = DIRECTION('',(-0.,-0.,-1.));
#11821 = ORIENTED_EDGE('',*,*,#11822,.F.);
#11822 = EDGE_CURVE('',#11767,#11815,#11823,.T.);
#11823 = LINE('',#11824,#11825);
#11824 = CARTESIAN_POINT('',(71.575,83.725,1.));
#11825 = VECTOR('',#11826,1.);
#11826 = DIRECTION('',(1.,0.,0.));
#11827 = PLANE('',#11828);
#11828 = AXIS2_PLACEMENT_3D('',#11829,#11830,#11831);
#11829 = CARTESIAN_POINT('',(71.575,83.725,1.));
#11830 = DIRECTION('',(0.,-1.,0.));
#11831 = DIRECTION('',(1.,0.,0.));
#11832 = ADVANCED_FACE('',(#11833),#11844,.F.);
#11833 = FACE_BOUND('',#11834,.F.);
#11834 = EDGE_LOOP('',(#11835,#11836,#11837,#11838));
#11835 = ORIENTED_EDGE('',*,*,#11814,.T.);
#11836 = ORIENTED_EDGE('',*,*,#2629,.T.);
#11837 = ORIENTED_EDGE('',*,*,#11788,.F.);
#11838 = ORIENTED_EDGE('',*,*,#11839,.F.);
#11839 = EDGE_CURVE('',#11815,#11789,#11840,.T.);
#11840 = LINE('',#11841,#11842);
#11841 = CARTESIAN_POINT('',(85.575,83.725,1.));
#11842 = VECTOR('',#11843,1.);
#11843 = DIRECTION('',(0.,1.,0.));
#11844 = PLANE('',#11845);
#11845 = AXIS2_PLACEMENT_3D('',#11846,#11847,#11848);
#11846 = CARTESIAN_POINT('',(85.575,83.725,1.));
#11847 = DIRECTION('',(1.,0.,0.));
#11848 = DIRECTION('',(0.,1.,0.));
#11849 = ADVANCED_FACE('',(#11850),#11875,.F.);
#11850 = FACE_BOUND('',#11851,.F.);
#11851 = EDGE_LOOP('',(#11852,#11860,#11861,#11869));
#11852 = ORIENTED_EDGE('',*,*,#11853,.T.);
#11853 = EDGE_CURVE('',#11854,#2646,#11856,.T.);
#11854 = VERTEX_POINT('',#11855);
#11855 = CARTESIAN_POINT('',(100.15,78.675,1.));
#11856 = LINE('',#11857,#11858);
#11857 = CARTESIAN_POINT('',(100.15,78.675,1.));
#11858 = VECTOR('',#11859,1.);
#11859 = DIRECTION('',(-0.,-0.,-1.));
#11860 = ORIENTED_EDGE('',*,*,#2645,.T.);
#11861 = ORIENTED_EDGE('',*,*,#11862,.F.);
#11862 = EDGE_CURVE('',#11863,#2648,#11865,.T.);
#11863 = VERTEX_POINT('',#11864);
#11864 = CARTESIAN_POINT('',(100.15,64.675,1.));
#11865 = LINE('',#11866,#11867);
#11866 = CARTESIAN_POINT('',(100.15,64.675,1.));
#11867 = VECTOR('',#11868,1.);
#11868 = DIRECTION('',(-0.,-0.,-1.));
#11869 = ORIENTED_EDGE('',*,*,#11870,.F.);
#11870 = EDGE_CURVE('',#11854,#11863,#11871,.T.);
#11871 = LINE('',#11872,#11873);
#11872 = CARTESIAN_POINT('',(100.15,78.675,1.));
#11873 = VECTOR('',#11874,1.);
#11874 = DIRECTION('',(0.,-1.,0.));
#11875 = PLANE('',#11876);
#11876 = AXIS2_PLACEMENT_3D('',#11877,#11878,#11879);
#11877 = CARTESIAN_POINT('',(100.15,78.675,1.));
#11878 = DIRECTION('',(-1.,0.,0.));
#11879 = DIRECTION('',(0.,-1.,0.));
#11880 = ADVANCED_FACE('',(#11881),#11899,.F.);
#11881 = FACE_BOUND('',#11882,.F.);
#11882 = EDGE_LOOP('',(#11883,#11891,#11892,#11893));
#11883 = ORIENTED_EDGE('',*,*,#11884,.T.);
#11884 = EDGE_CURVE('',#11885,#2656,#11887,.T.);
#11885 = VERTEX_POINT('',#11886);
#11886 = CARTESIAN_POINT('',(114.15,78.675,1.));
#11887 = LINE('',#11888,#11889);
#11888 = CARTESIAN_POINT('',(114.15,78.675,1.));
#11889 = VECTOR('',#11890,1.);
#11890 = DIRECTION('',(-0.,-0.,-1.));
#11891 = ORIENTED_EDGE('',*,*,#2655,.T.);
#11892 = ORIENTED_EDGE('',*,*,#11853,.F.);
#11893 = ORIENTED_EDGE('',*,*,#11894,.F.);
#11894 = EDGE_CURVE('',#11885,#11854,#11895,.T.);
#11895 = LINE('',#11896,#11897);
#11896 = CARTESIAN_POINT('',(114.15,78.675,1.));
#11897 = VECTOR('',#11898,1.);
#11898 = DIRECTION('',(-1.,0.,0.));
#11899 = PLANE('',#11900);
#11900 = AXIS2_PLACEMENT_3D('',#11901,#11902,#11903);
#11901 = CARTESIAN_POINT('',(114.15,78.675,1.));
#11902 = DIRECTION('',(0.,1.,0.));
#11903 = DIRECTION('',(-1.,0.,0.));
#11904 = ADVANCED_FACE('',(#11905),#11923,.F.);
#11905 = FACE_BOUND('',#11906,.F.);
#11906 = EDGE_LOOP('',(#11907,#11908,#11909,#11917));
#11907 = ORIENTED_EDGE('',*,*,#11862,.T.);
#11908 = ORIENTED_EDGE('',*,*,#2671,.T.);
#11909 = ORIENTED_EDGE('',*,*,#11910,.F.);
#11910 = EDGE_CURVE('',#11911,#2664,#11913,.T.);
#11911 = VERTEX_POINT('',#11912);
#11912 = CARTESIAN_POINT('',(114.15,64.675,1.));
#11913 = LINE('',#11914,#11915);
#11914 = CARTESIAN_POINT('',(114.15,64.675,1.));
#11915 = VECTOR('',#11916,1.);
#11916 = DIRECTION('',(-0.,-0.,-1.));
#11917 = ORIENTED_EDGE('',*,*,#11918,.F.);
#11918 = EDGE_CURVE('',#11863,#11911,#11919,.T.);
#11919 = LINE('',#11920,#11921);
#11920 = CARTESIAN_POINT('',(100.15,64.675,1.));
#11921 = VECTOR('',#11922,1.);
#11922 = DIRECTION('',(1.,0.,0.));
#11923 = PLANE('',#11924);
#11924 = AXIS2_PLACEMENT_3D('',#11925,#11926,#11927);
#11925 = CARTESIAN_POINT('',(100.15,64.675,1.));
#11926 = DIRECTION('',(0.,-1.,0.));
#11927 = DIRECTION('',(1.,0.,0.));
#11928 = ADVANCED_FACE('',(#11929),#11940,.F.);
#11929 = FACE_BOUND('',#11930,.F.);
#11930 = EDGE_LOOP('',(#11931,#11932,#11933,#11934));
#11931 = ORIENTED_EDGE('',*,*,#11910,.T.);
#11932 = ORIENTED_EDGE('',*,*,#2663,.T.);
#11933 = ORIENTED_EDGE('',*,*,#11884,.F.);
#11934 = ORIENTED_EDGE('',*,*,#11935,.F.);
#11935 = EDGE_CURVE('',#11911,#11885,#11936,.T.);
#11936 = LINE('',#11937,#11938);
#11937 = CARTESIAN_POINT('',(114.15,64.675,1.));
#11938 = VECTOR('',#11939,1.);
#11939 = DIRECTION('',(0.,1.,0.));
#11940 = PLANE('',#11941);
#11941 = AXIS2_PLACEMENT_3D('',#11942,#11943,#11944);
#11942 = CARTESIAN_POINT('',(114.15,64.675,1.));
#11943 = DIRECTION('',(1.,0.,0.));
#11944 = DIRECTION('',(0.,1.,0.));
#11945 = ADVANCED_FACE('',(#11946),#11971,.F.);
#11946 = FACE_BOUND('',#11947,.F.);
#11947 = EDGE_LOOP('',(#11948,#11956,#11957,#11965));
#11948 = ORIENTED_EDGE('',*,*,#11949,.T.);
#11949 = EDGE_CURVE('',#11950,#2680,#11952,.T.);
#11950 = VERTEX_POINT('',#11951);
#11951 = CARTESIAN_POINT('',(119.2,78.675,1.));
#11952 = LINE('',#11953,#11954);
#11953 = CARTESIAN_POINT('',(119.2,78.675,1.));
#11954 = VECTOR('',#11955,1.);
#11955 = DIRECTION('',(-0.,-0.,-1.));
#11956 = ORIENTED_EDGE('',*,*,#2679,.T.);
#11957 = ORIENTED_EDGE('',*,*,#11958,.F.);
#11958 = EDGE_CURVE('',#11959,#2682,#11961,.T.);
#11959 = VERTEX_POINT('',#11960);
#11960 = CARTESIAN_POINT('',(119.2,64.675,1.));
#11961 = LINE('',#11962,#11963);
#11962 = CARTESIAN_POINT('',(119.2,64.675,1.));
#11963 = VECTOR('',#11964,1.);
#11964 = DIRECTION('',(-0.,-0.,-1.));
#11965 = ORIENTED_EDGE('',*,*,#11966,.F.);
#11966 = EDGE_CURVE('',#11950,#11959,#11967,.T.);
#11967 = LINE('',#11968,#11969);
#11968 = CARTESIAN_POINT('',(119.2,78.675,1.));
#11969 = VECTOR('',#11970,1.);
#11970 = DIRECTION('',(0.,-1.,0.));
#11971 = PLANE('',#11972);
#11972 = AXIS2_PLACEMENT_3D('',#11973,#11974,#11975);
#11973 = CARTESIAN_POINT('',(119.2,78.675,1.));
#11974 = DIRECTION('',(-1.,0.,0.));
#11975 = DIRECTION('',(0.,-1.,0.));
#11976 = ADVANCED_FACE('',(#11977),#11995,.F.);
#11977 = FACE_BOUND('',#11978,.F.);
#11978 = EDGE_LOOP('',(#11979,#11987,#11988,#11989));
#11979 = ORIENTED_EDGE('',*,*,#11980,.T.);
#11980 = EDGE_CURVE('',#11981,#2690,#11983,.T.);
#11981 = VERTEX_POINT('',#11982);
#11982 = CARTESIAN_POINT('',(133.2,78.675,1.));
#11983 = LINE('',#11984,#11985);
#11984 = CARTESIAN_POINT('',(133.2,78.675,1.));
#11985 = VECTOR('',#11986,1.);
#11986 = DIRECTION('',(-0.,-0.,-1.));
#11987 = ORIENTED_EDGE('',*,*,#2689,.T.);
#11988 = ORIENTED_EDGE('',*,*,#11949,.F.);
#11989 = ORIENTED_EDGE('',*,*,#11990,.F.);
#11990 = EDGE_CURVE('',#11981,#11950,#11991,.T.);
#11991 = LINE('',#11992,#11993);
#11992 = CARTESIAN_POINT('',(133.2,78.675,1.));
#11993 = VECTOR('',#11994,1.);
#11994 = DIRECTION('',(-1.,0.,0.));
#11995 = PLANE('',#11996);
#11996 = AXIS2_PLACEMENT_3D('',#11997,#11998,#11999);
#11997 = CARTESIAN_POINT('',(133.2,78.675,1.));
#11998 = DIRECTION('',(0.,1.,0.));
#11999 = DIRECTION('',(-1.,0.,0.));
#12000 = ADVANCED_FACE('',(#12001),#12019,.F.);
#12001 = FACE_BOUND('',#12002,.F.);
#12002 = EDGE_LOOP('',(#12003,#12004,#12005,#12013));
#12003 = ORIENTED_EDGE('',*,*,#11958,.T.);
#12004 = ORIENTED_EDGE('',*,*,#2705,.T.);
#12005 = ORIENTED_EDGE('',*,*,#12006,.F.);
#12006 = EDGE_CURVE('',#12007,#2698,#12009,.T.);
#12007 = VERTEX_POINT('',#12008);
#12008 = CARTESIAN_POINT('',(133.2,64.675,1.));
#12009 = LINE('',#12010,#12011);
#12010 = CARTESIAN_POINT('',(133.2,64.675,1.));
#12011 = VECTOR('',#12012,1.);
#12012 = DIRECTION('',(-0.,-0.,-1.));
#12013 = ORIENTED_EDGE('',*,*,#12014,.F.);
#12014 = EDGE_CURVE('',#11959,#12007,#12015,.T.);
#12015 = LINE('',#12016,#12017);
#12016 = CARTESIAN_POINT('',(119.2,64.675,1.));
#12017 = VECTOR('',#12018,1.);
#12018 = DIRECTION('',(1.,0.,0.));
#12019 = PLANE('',#12020);
#12020 = AXIS2_PLACEMENT_3D('',#12021,#12022,#12023);
#12021 = CARTESIAN_POINT('',(119.2,64.675,1.));
#12022 = DIRECTION('',(0.,-1.,0.));
#12023 = DIRECTION('',(1.,0.,0.));
#12024 = ADVANCED_FACE('',(#12025),#12036,.F.);
#12025 = FACE_BOUND('',#12026,.F.);
#12026 = EDGE_LOOP('',(#12027,#12028,#12029,#12030));
#12027 = ORIENTED_EDGE('',*,*,#12006,.T.);
#12028 = ORIENTED_EDGE('',*,*,#2697,.T.);
#12029 = ORIENTED_EDGE('',*,*,#11980,.F.);
#12030 = ORIENTED_EDGE('',*,*,#12031,.F.);
#12031 = EDGE_CURVE('',#12007,#11981,#12032,.T.);
#12032 = LINE('',#12033,#12034);
#12033 = CARTESIAN_POINT('',(133.2,64.675,1.));
#12034 = VECTOR('',#12035,1.);
#12035 = DIRECTION('',(0.,1.,0.));
#12036 = PLANE('',#12037);
#12037 = AXIS2_PLACEMENT_3D('',#12038,#12039,#12040);
#12038 = CARTESIAN_POINT('',(133.2,64.675,1.));
#12039 = DIRECTION('',(1.,0.,0.));
#12040 = DIRECTION('',(0.,1.,0.));
#12041 = ADVANCED_FACE('',(#12042),#12067,.F.);
#12042 = FACE_BOUND('',#12043,.F.);
#12043 = EDGE_LOOP('',(#12044,#12052,#12053,#12061));
#12044 = ORIENTED_EDGE('',*,*,#12045,.T.);
#12045 = EDGE_CURVE('',#12046,#2714,#12048,.T.);
#12046 = VERTEX_POINT('',#12047);
#12047 = CARTESIAN_POINT('',(138.25,78.675,1.));
#12048 = LINE('',#12049,#12050);
#12049 = CARTESIAN_POINT('',(138.25,78.675,1.));
#12050 = VECTOR('',#12051,1.);
#12051 = DIRECTION('',(-0.,-0.,-1.));
#12052 = ORIENTED_EDGE('',*,*,#2713,.T.);
#12053 = ORIENTED_EDGE('',*,*,#12054,.F.);
#12054 = EDGE_CURVE('',#12055,#2716,#12057,.T.);
#12055 = VERTEX_POINT('',#12056);
#12056 = CARTESIAN_POINT('',(138.25,64.675,1.));
#12057 = LINE('',#12058,#12059);
#12058 = CARTESIAN_POINT('',(138.25,64.675,1.));
#12059 = VECTOR('',#12060,1.);
#12060 = DIRECTION('',(-0.,-0.,-1.));
#12061 = ORIENTED_EDGE('',*,*,#12062,.F.);
#12062 = EDGE_CURVE('',#12046,#12055,#12063,.T.);
#12063 = LINE('',#12064,#12065);
#12064 = CARTESIAN_POINT('',(138.25,78.675,1.));
#12065 = VECTOR('',#12066,1.);
#12066 = DIRECTION('',(0.,-1.,0.));
#12067 = PLANE('',#12068);
#12068 = AXIS2_PLACEMENT_3D('',#12069,#12070,#12071);
#12069 = CARTESIAN_POINT('',(138.25,78.675,1.));
#12070 = DIRECTION('',(-1.,0.,0.));
#12071 = DIRECTION('',(0.,-1.,0.));
#12072 = ADVANCED_FACE('',(#12073),#12091,.F.);
#12073 = FACE_BOUND('',#12074,.F.);
#12074 = EDGE_LOOP('',(#12075,#12083,#12084,#12085));
#12075 = ORIENTED_EDGE('',*,*,#12076,.T.);
#12076 = EDGE_CURVE('',#12077,#2724,#12079,.T.);
#12077 = VERTEX_POINT('',#12078);
#12078 = CARTESIAN_POINT('',(152.25,78.675,1.));
#12079 = LINE('',#12080,#12081);
#12080 = CARTESIAN_POINT('',(152.25,78.675,1.));
#12081 = VECTOR('',#12082,1.);
#12082 = DIRECTION('',(-0.,-0.,-1.));
#12083 = ORIENTED_EDGE('',*,*,#2723,.T.);
#12084 = ORIENTED_EDGE('',*,*,#12045,.F.);
#12085 = ORIENTED_EDGE('',*,*,#12086,.F.);
#12086 = EDGE_CURVE('',#12077,#12046,#12087,.T.);
#12087 = LINE('',#12088,#12089);
#12088 = CARTESIAN_POINT('',(152.25,78.675,1.));
#12089 = VECTOR('',#12090,1.);
#12090 = DIRECTION('',(-1.,0.,0.));
#12091 = PLANE('',#12092);
#12092 = AXIS2_PLACEMENT_3D('',#12093,#12094,#12095);
#12093 = CARTESIAN_POINT('',(152.25,78.675,1.));
#12094 = DIRECTION('',(0.,1.,0.));
#12095 = DIRECTION('',(-1.,0.,0.));
#12096 = ADVANCED_FACE('',(#12097),#12115,.F.);
#12097 = FACE_BOUND('',#12098,.F.);
#12098 = EDGE_LOOP('',(#12099,#12100,#12101,#12109));
#12099 = ORIENTED_EDGE('',*,*,#12054,.T.);
#12100 = ORIENTED_EDGE('',*,*,#2739,.T.);
#12101 = ORIENTED_EDGE('',*,*,#12102,.F.);
#12102 = EDGE_CURVE('',#12103,#2732,#12105,.T.);
#12103 = VERTEX_POINT('',#12104);
#12104 = CARTESIAN_POINT('',(152.25,64.675,1.));
#12105 = LINE('',#12106,#12107);
#12106 = CARTESIAN_POINT('',(152.25,64.675,1.));
#12107 = VECTOR('',#12108,1.);
#12108 = DIRECTION('',(-0.,-0.,-1.));
#12109 = ORIENTED_EDGE('',*,*,#12110,.F.);
#12110 = EDGE_CURVE('',#12055,#12103,#12111,.T.);
#12111 = LINE('',#12112,#12113);
#12112 = CARTESIAN_POINT('',(138.25,64.675,1.));
#12113 = VECTOR('',#12114,1.);
#12114 = DIRECTION('',(1.,0.,0.));
#12115 = PLANE('',#12116);
#12116 = AXIS2_PLACEMENT_3D('',#12117,#12118,#12119);
#12117 = CARTESIAN_POINT('',(138.25,64.675,1.));
#12118 = DIRECTION('',(0.,-1.,0.));
#12119 = DIRECTION('',(1.,0.,0.));
#12120 = ADVANCED_FACE('',(#12121),#12132,.F.);
#12121 = FACE_BOUND('',#12122,.F.);
#12122 = EDGE_LOOP('',(#12123,#12124,#12125,#12126));
#12123 = ORIENTED_EDGE('',*,*,#12102,.T.);
#12124 = ORIENTED_EDGE('',*,*,#2731,.T.);
#12125 = ORIENTED_EDGE('',*,*,#12076,.F.);
#12126 = ORIENTED_EDGE('',*,*,#12127,.F.);
#12127 = EDGE_CURVE('',#12103,#12077,#12128,.T.);
#12128 = LINE('',#12129,#12130);
#12129 = CARTESIAN_POINT('',(152.25,64.675,1.));
#12130 = VECTOR('',#12131,1.);
#12131 = DIRECTION('',(0.,1.,0.));
#12132 = PLANE('',#12133);
#12133 = AXIS2_PLACEMENT_3D('',#12134,#12135,#12136);
#12134 = CARTESIAN_POINT('',(152.25,64.675,1.));
#12135 = DIRECTION('',(1.,0.,0.));
#12136 = DIRECTION('',(0.,1.,0.));
#12137 = ADVANCED_FACE('',(#12138),#12163,.F.);
#12138 = FACE_BOUND('',#12139,.F.);
#12139 = EDGE_LOOP('',(#12140,#12148,#12149,#12157));
#12140 = ORIENTED_EDGE('',*,*,#12141,.T.);
#12141 = EDGE_CURVE('',#12142,#2748,#12144,.T.);
#12142 = VERTEX_POINT('',#12143);
#12143 = CARTESIAN_POINT('',(157.3,78.675,1.));
#12144 = LINE('',#12145,#12146);
#12145 = CARTESIAN_POINT('',(157.3,78.675,1.));
#12146 = VECTOR('',#12147,1.);
#12147 = DIRECTION('',(-0.,-0.,-1.));
#12148 = ORIENTED_EDGE('',*,*,#2747,.T.);
#12149 = ORIENTED_EDGE('',*,*,#12150,.F.);
#12150 = EDGE_CURVE('',#12151,#2750,#12153,.T.);
#12151 = VERTEX_POINT('',#12152);
#12152 = CARTESIAN_POINT('',(157.3,64.675,1.));
#12153 = LINE('',#12154,#12155);
#12154 = CARTESIAN_POINT('',(157.3,64.675,1.));
#12155 = VECTOR('',#12156,1.);
#12156 = DIRECTION('',(-0.,-0.,-1.));
#12157 = ORIENTED_EDGE('',*,*,#12158,.F.);
#12158 = EDGE_CURVE('',#12142,#12151,#12159,.T.);
#12159 = LINE('',#12160,#12161);
#12160 = CARTESIAN_POINT('',(157.3,78.675,1.));
#12161 = VECTOR('',#12162,1.);
#12162 = DIRECTION('',(0.,-1.,0.));
#12163 = PLANE('',#12164);
#12164 = AXIS2_PLACEMENT_3D('',#12165,#12166,#12167);
#12165 = CARTESIAN_POINT('',(157.3,78.675,1.));
#12166 = DIRECTION('',(-1.,0.,0.));
#12167 = DIRECTION('',(0.,-1.,0.));
#12168 = ADVANCED_FACE('',(#12169),#12187,.F.);
#12169 = FACE_BOUND('',#12170,.F.);
#12170 = EDGE_LOOP('',(#12171,#12179,#12180,#12181));
#12171 = ORIENTED_EDGE('',*,*,#12172,.T.);
#12172 = EDGE_CURVE('',#12173,#2758,#12175,.T.);
#12173 = VERTEX_POINT('',#12174);
#12174 = CARTESIAN_POINT('',(171.3,78.675,1.));
#12175 = LINE('',#12176,#12177);
#12176 = CARTESIAN_POINT('',(171.3,78.675,1.));
#12177 = VECTOR('',#12178,1.);
#12178 = DIRECTION('',(-0.,-0.,-1.));
#12179 = ORIENTED_EDGE('',*,*,#2757,.T.);
#12180 = ORIENTED_EDGE('',*,*,#12141,.F.);
#12181 = ORIENTED_EDGE('',*,*,#12182,.F.);
#12182 = EDGE_CURVE('',#12173,#12142,#12183,.T.);
#12183 = LINE('',#12184,#12185);
#12184 = CARTESIAN_POINT('',(171.3,78.675,1.));
#12185 = VECTOR('',#12186,1.);
#12186 = DIRECTION('',(-1.,0.,0.));
#12187 = PLANE('',#12188);
#12188 = AXIS2_PLACEMENT_3D('',#12189,#12190,#12191);
#12189 = CARTESIAN_POINT('',(171.3,78.675,1.));
#12190 = DIRECTION('',(0.,1.,0.));
#12191 = DIRECTION('',(-1.,0.,0.));
#12192 = ADVANCED_FACE('',(#12193),#12211,.F.);
#12193 = FACE_BOUND('',#12194,.F.);
#12194 = EDGE_LOOP('',(#12195,#12196,#12197,#12205));
#12195 = ORIENTED_EDGE('',*,*,#12150,.T.);
#12196 = ORIENTED_EDGE('',*,*,#2773,.T.);
#12197 = ORIENTED_EDGE('',*,*,#12198,.F.);
#12198 = EDGE_CURVE('',#12199,#2766,#12201,.T.);
#12199 = VERTEX_POINT('',#12200);
#12200 = CARTESIAN_POINT('',(171.3,64.675,1.));
#12201 = LINE('',#12202,#12203);
#12202 = CARTESIAN_POINT('',(171.3,64.675,1.));
#12203 = VECTOR('',#12204,1.);
#12204 = DIRECTION('',(-0.,-0.,-1.));
#12205 = ORIENTED_EDGE('',*,*,#12206,.F.);
#12206 = EDGE_CURVE('',#12151,#12199,#12207,.T.);
#12207 = LINE('',#12208,#12209);
#12208 = CARTESIAN_POINT('',(157.3,64.675,1.));
#12209 = VECTOR('',#12210,1.);
#12210 = DIRECTION('',(1.,0.,0.));
#12211 = PLANE('',#12212);
#12212 = AXIS2_PLACEMENT_3D('',#12213,#12214,#12215);
#12213 = CARTESIAN_POINT('',(157.3,64.675,1.));
#12214 = DIRECTION('',(0.,-1.,0.));
#12215 = DIRECTION('',(1.,0.,0.));
#12216 = ADVANCED_FACE('',(#12217),#12228,.F.);
#12217 = FACE_BOUND('',#12218,.F.);
#12218 = EDGE_LOOP('',(#12219,#12220,#12221,#12222));
#12219 = ORIENTED_EDGE('',*,*,#12198,.T.);
#12220 = ORIENTED_EDGE('',*,*,#2765,.T.);
#12221 = ORIENTED_EDGE('',*,*,#12172,.F.);
#12222 = ORIENTED_EDGE('',*,*,#12223,.F.);
#12223 = EDGE_CURVE('',#12199,#12173,#12224,.T.);
#12224 = LINE('',#12225,#12226);
#12225 = CARTESIAN_POINT('',(171.3,64.675,1.));
#12226 = VECTOR('',#12227,1.);
#12227 = DIRECTION('',(0.,1.,0.));
#12228 = PLANE('',#12229);
#12229 = AXIS2_PLACEMENT_3D('',#12230,#12231,#12232);
#12230 = CARTESIAN_POINT('',(171.3,64.675,1.));
#12231 = DIRECTION('',(1.,0.,0.));
#12232 = DIRECTION('',(0.,1.,0.));
#12233 = ADVANCED_FACE('',(#12234),#12259,.F.);
#12234 = FACE_BOUND('',#12235,.F.);
#12235 = EDGE_LOOP('',(#12236,#12244,#12245,#12253));
#12236 = ORIENTED_EDGE('',*,*,#12237,.T.);
#12237 = EDGE_CURVE('',#12238,#2782,#12240,.T.);
#12238 = VERTEX_POINT('',#12239);
#12239 = CARTESIAN_POINT('',(90.625,97.725,1.));
#12240 = LINE('',#12241,#12242);
#12241 = CARTESIAN_POINT('',(90.625,97.725,1.));
#12242 = VECTOR('',#12243,1.);
#12243 = DIRECTION('',(-0.,-0.,-1.));
#12244 = ORIENTED_EDGE('',*,*,#2781,.T.);
#12245 = ORIENTED_EDGE('',*,*,#12246,.F.);
#12246 = EDGE_CURVE('',#12247,#2784,#12249,.T.);
#12247 = VERTEX_POINT('',#12248);
#12248 = CARTESIAN_POINT('',(90.625,83.725,1.));
#12249 = LINE('',#12250,#12251);
#12250 = CARTESIAN_POINT('',(90.625,83.725,1.));
#12251 = VECTOR('',#12252,1.);
#12252 = DIRECTION('',(-0.,-0.,-1.));
#12253 = ORIENTED_EDGE('',*,*,#12254,.F.);
#12254 = EDGE_CURVE('',#12238,#12247,#12255,.T.);
#12255 = LINE('',#12256,#12257);
#12256 = CARTESIAN_POINT('',(90.625,97.725,1.));
#12257 = VECTOR('',#12258,1.);
#12258 = DIRECTION('',(0.,-1.,0.));
#12259 = PLANE('',#12260);
#12260 = AXIS2_PLACEMENT_3D('',#12261,#12262,#12263);
#12261 = CARTESIAN_POINT('',(90.625,97.725,1.));
#12262 = DIRECTION('',(-1.,0.,0.));
#12263 = DIRECTION('',(0.,-1.,0.));
#12264 = ADVANCED_FACE('',(#12265),#12283,.F.);
#12265 = FACE_BOUND('',#12266,.F.);
#12266 = EDGE_LOOP('',(#12267,#12275,#12276,#12277));
#12267 = ORIENTED_EDGE('',*,*,#12268,.T.);
#12268 = EDGE_CURVE('',#12269,#2792,#12271,.T.);
#12269 = VERTEX_POINT('',#12270);
#12270 = CARTESIAN_POINT('',(104.625,97.725,1.));
#12271 = LINE('',#12272,#12273);
#12272 = CARTESIAN_POINT('',(104.625,97.725,1.));
#12273 = VECTOR('',#12274,1.);
#12274 = DIRECTION('',(-0.,-0.,-1.));
#12275 = ORIENTED_EDGE('',*,*,#2791,.T.);
#12276 = ORIENTED_EDGE('',*,*,#12237,.F.);
#12277 = ORIENTED_EDGE('',*,*,#12278,.F.);
#12278 = EDGE_CURVE('',#12269,#12238,#12279,.T.);
#12279 = LINE('',#12280,#12281);
#12280 = CARTESIAN_POINT('',(104.625,97.725,1.));
#12281 = VECTOR('',#12282,1.);
#12282 = DIRECTION('',(-1.,0.,0.));
#12283 = PLANE('',#12284);
#12284 = AXIS2_PLACEMENT_3D('',#12285,#12286,#12287);
#12285 = CARTESIAN_POINT('',(104.625,97.725,1.));
#12286 = DIRECTION('',(0.,1.,0.));
#12287 = DIRECTION('',(-1.,0.,0.));
#12288 = ADVANCED_FACE('',(#12289),#12307,.F.);
#12289 = FACE_BOUND('',#12290,.F.);
#12290 = EDGE_LOOP('',(#12291,#12292,#12293,#12301));
#12291 = ORIENTED_EDGE('',*,*,#12246,.T.);
#12292 = ORIENTED_EDGE('',*,*,#2807,.T.);
#12293 = ORIENTED_EDGE('',*,*,#12294,.F.);
#12294 = EDGE_CURVE('',#12295,#2800,#12297,.T.);
#12295 = VERTEX_POINT('',#12296);
#12296 = CARTESIAN_POINT('',(104.625,83.725,1.));
#12297 = LINE('',#12298,#12299);
#12298 = CARTESIAN_POINT('',(104.625,83.725,1.));
#12299 = VECTOR('',#12300,1.);
#12300 = DIRECTION('',(-0.,-0.,-1.));
#12301 = ORIENTED_EDGE('',*,*,#12302,.F.);
#12302 = EDGE_CURVE('',#12247,#12295,#12303,.T.);
#12303 = LINE('',#12304,#12305);
#12304 = CARTESIAN_POINT('',(90.625,83.725,1.));
#12305 = VECTOR('',#12306,1.);
#12306 = DIRECTION('',(1.,0.,0.));
#12307 = PLANE('',#12308);
#12308 = AXIS2_PLACEMENT_3D('',#12309,#12310,#12311);
#12309 = CARTESIAN_POINT('',(90.625,83.725,1.));
#12310 = DIRECTION('',(0.,-1.,0.));
#12311 = DIRECTION('',(1.,0.,0.));
#12312 = ADVANCED_FACE('',(#12313),#12324,.F.);
#12313 = FACE_BOUND('',#12314,.F.);
#12314 = EDGE_LOOP('',(#12315,#12316,#12317,#12318));
#12315 = ORIENTED_EDGE('',*,*,#12294,.T.);
#12316 = ORIENTED_EDGE('',*,*,#2799,.T.);
#12317 = ORIENTED_EDGE('',*,*,#12268,.F.);
#12318 = ORIENTED_EDGE('',*,*,#12319,.F.);
#12319 = EDGE_CURVE('',#12295,#12269,#12320,.T.);
#12320 = LINE('',#12321,#12322);
#12321 = CARTESIAN_POINT('',(104.625,83.725,1.));
#12322 = VECTOR('',#12323,1.);
#12323 = DIRECTION('',(0.,1.,0.));
#12324 = PLANE('',#12325);
#12325 = AXIS2_PLACEMENT_3D('',#12326,#12327,#12328);
#12326 = CARTESIAN_POINT('',(104.625,83.725,1.));
#12327 = DIRECTION('',(1.,0.,0.));
#12328 = DIRECTION('',(0.,1.,0.));
#12329 = ADVANCED_FACE('',(#12330),#12355,.F.);
#12330 = FACE_BOUND('',#12331,.F.);
#12331 = EDGE_LOOP('',(#12332,#12340,#12341,#12349));
#12332 = ORIENTED_EDGE('',*,*,#12333,.T.);
#12333 = EDGE_CURVE('',#12334,#2816,#12336,.T.);
#12334 = VERTEX_POINT('',#12335);
#12335 = CARTESIAN_POINT('',(109.675,97.725,1.));
#12336 = LINE('',#12337,#12338);
#12337 = CARTESIAN_POINT('',(109.675,97.725,1.));
#12338 = VECTOR('',#12339,1.);
#12339 = DIRECTION('',(-0.,-0.,-1.));
#12340 = ORIENTED_EDGE('',*,*,#2815,.T.);
#12341 = ORIENTED_EDGE('',*,*,#12342,.F.);
#12342 = EDGE_CURVE('',#12343,#2818,#12345,.T.);
#12343 = VERTEX_POINT('',#12344);
#12344 = CARTESIAN_POINT('',(109.675,83.725,1.));
#12345 = LINE('',#12346,#12347);
#12346 = CARTESIAN_POINT('',(109.675,83.725,1.));
#12347 = VECTOR('',#12348,1.);
#12348 = DIRECTION('',(-0.,-0.,-1.));
#12349 = ORIENTED_EDGE('',*,*,#12350,.F.);
#12350 = EDGE_CURVE('',#12334,#12343,#12351,.T.);
#12351 = LINE('',#12352,#12353);
#12352 = CARTESIAN_POINT('',(109.675,97.725,1.));
#12353 = VECTOR('',#12354,1.);
#12354 = DIRECTION('',(0.,-1.,0.));
#12355 = PLANE('',#12356);
#12356 = AXIS2_PLACEMENT_3D('',#12357,#12358,#12359);
#12357 = CARTESIAN_POINT('',(109.675,97.725,1.));
#12358 = DIRECTION('',(-1.,0.,0.));
#12359 = DIRECTION('',(0.,-1.,0.));
#12360 = ADVANCED_FACE('',(#12361),#12379,.F.);
#12361 = FACE_BOUND('',#12362,.F.);
#12362 = EDGE_LOOP('',(#12363,#12371,#12372,#12373));
#12363 = ORIENTED_EDGE('',*,*,#12364,.T.);
#12364 = EDGE_CURVE('',#12365,#2826,#12367,.T.);
#12365 = VERTEX_POINT('',#12366);
#12366 = CARTESIAN_POINT('',(123.675,97.725,1.));
#12367 = LINE('',#12368,#12369);
#12368 = CARTESIAN_POINT('',(123.675,97.725,1.));
#12369 = VECTOR('',#12370,1.);
#12370 = DIRECTION('',(-0.,-0.,-1.));
#12371 = ORIENTED_EDGE('',*,*,#2825,.T.);
#12372 = ORIENTED_EDGE('',*,*,#12333,.F.);
#12373 = ORIENTED_EDGE('',*,*,#12374,.F.);
#12374 = EDGE_CURVE('',#12365,#12334,#12375,.T.);
#12375 = LINE('',#12376,#12377);
#12376 = CARTESIAN_POINT('',(123.675,97.725,1.));
#12377 = VECTOR('',#12378,1.);
#12378 = DIRECTION('',(-1.,0.,0.));
#12379 = PLANE('',#12380);
#12380 = AXIS2_PLACEMENT_3D('',#12381,#12382,#12383);
#12381 = CARTESIAN_POINT('',(123.675,97.725,1.));
#12382 = DIRECTION('',(0.,1.,0.));
#12383 = DIRECTION('',(-1.,0.,0.));
#12384 = ADVANCED_FACE('',(#12385),#12403,.F.);
#12385 = FACE_BOUND('',#12386,.F.);
#12386 = EDGE_LOOP('',(#12387,#12388,#12389,#12397));
#12387 = ORIENTED_EDGE('',*,*,#12342,.T.);
#12388 = ORIENTED_EDGE('',*,*,#2841,.T.);
#12389 = ORIENTED_EDGE('',*,*,#12390,.F.);
#12390 = EDGE_CURVE('',#12391,#2834,#12393,.T.);
#12391 = VERTEX_POINT('',#12392);
#12392 = CARTESIAN_POINT('',(123.675,83.725,1.));
#12393 = LINE('',#12394,#12395);
#12394 = CARTESIAN_POINT('',(123.675,83.725,1.));
#12395 = VECTOR('',#12396,1.);
#12396 = DIRECTION('',(-0.,-0.,-1.));
#12397 = ORIENTED_EDGE('',*,*,#12398,.F.);
#12398 = EDGE_CURVE('',#12343,#12391,#12399,.T.);
#12399 = LINE('',#12400,#12401);
#12400 = CARTESIAN_POINT('',(109.675,83.725,1.));
#12401 = VECTOR('',#12402,1.);
#12402 = DIRECTION('',(1.,0.,0.));
#12403 = PLANE('',#12404);
#12404 = AXIS2_PLACEMENT_3D('',#12405,#12406,#12407);
#12405 = CARTESIAN_POINT('',(109.675,83.725,1.));
#12406 = DIRECTION('',(0.,-1.,0.));
#12407 = DIRECTION('',(1.,0.,0.));
#12408 = ADVANCED_FACE('',(#12409),#12420,.F.);
#12409 = FACE_BOUND('',#12410,.F.);
#12410 = EDGE_LOOP('',(#12411,#12412,#12413,#12414));
#12411 = ORIENTED_EDGE('',*,*,#12390,.T.);
#12412 = ORIENTED_EDGE('',*,*,#2833,.T.);
#12413 = ORIENTED_EDGE('',*,*,#12364,.F.);
#12414 = ORIENTED_EDGE('',*,*,#12415,.F.);
#12415 = EDGE_CURVE('',#12391,#12365,#12416,.T.);
#12416 = LINE('',#12417,#12418);
#12417 = CARTESIAN_POINT('',(123.675,83.725,1.));
#12418 = VECTOR('',#12419,1.);
#12419 = DIRECTION('',(0.,1.,0.));
#12420 = PLANE('',#12421);
#12421 = AXIS2_PLACEMENT_3D('',#12422,#12423,#12424);
#12422 = CARTESIAN_POINT('',(123.675,83.725,1.));
#12423 = DIRECTION('',(1.,0.,0.));
#12424 = DIRECTION('',(0.,1.,0.));
#12425 = ADVANCED_FACE('',(#12426),#12451,.F.);
#12426 = FACE_BOUND('',#12427,.F.);
#12427 = EDGE_LOOP('',(#12428,#12436,#12437,#12445));
#12428 = ORIENTED_EDGE('',*,*,#12429,.T.);
#12429 = EDGE_CURVE('',#12430,#2850,#12432,.T.);
#12430 = VERTEX_POINT('',#12431);
#12431 = CARTESIAN_POINT('',(128.725,97.725,1.));
#12432 = LINE('',#12433,#12434);
#12433 = CARTESIAN_POINT('',(128.725,97.725,1.));
#12434 = VECTOR('',#12435,1.);
#12435 = DIRECTION('',(-0.,-0.,-1.));
#12436 = ORIENTED_EDGE('',*,*,#2849,.T.);
#12437 = ORIENTED_EDGE('',*,*,#12438,.F.);
#12438 = EDGE_CURVE('',#12439,#2852,#12441,.T.);
#12439 = VERTEX_POINT('',#12440);
#12440 = CARTESIAN_POINT('',(128.725,83.725,1.));
#12441 = LINE('',#12442,#12443);
#12442 = CARTESIAN_POINT('',(128.725,83.725,1.));
#12443 = VECTOR('',#12444,1.);
#12444 = DIRECTION('',(-0.,-0.,-1.));
#12445 = ORIENTED_EDGE('',*,*,#12446,.F.);
#12446 = EDGE_CURVE('',#12430,#12439,#12447,.T.);
#12447 = LINE('',#12448,#12449);
#12448 = CARTESIAN_POINT('',(128.725,97.725,1.));
#12449 = VECTOR('',#12450,1.);
#12450 = DIRECTION('',(0.,-1.,0.));
#12451 = PLANE('',#12452);
#12452 = AXIS2_PLACEMENT_3D('',#12453,#12454,#12455);
#12453 = CARTESIAN_POINT('',(128.725,97.725,1.));
#12454 = DIRECTION('',(-1.,0.,0.));
#12455 = DIRECTION('',(0.,-1.,0.));
#12456 = ADVANCED_FACE('',(#12457),#12475,.F.);
#12457 = FACE_BOUND('',#12458,.F.);
#12458 = EDGE_LOOP('',(#12459,#12467,#12468,#12469));
#12459 = ORIENTED_EDGE('',*,*,#12460,.T.);
#12460 = EDGE_CURVE('',#12461,#2860,#12463,.T.);
#12461 = VERTEX_POINT('',#12462);
#12462 = CARTESIAN_POINT('',(142.725,97.725,1.));
#12463 = LINE('',#12464,#12465);
#12464 = CARTESIAN_POINT('',(142.725,97.725,1.));
#12465 = VECTOR('',#12466,1.);
#12466 = DIRECTION('',(-0.,-0.,-1.));
#12467 = ORIENTED_EDGE('',*,*,#2859,.T.);
#12468 = ORIENTED_EDGE('',*,*,#12429,.F.);
#12469 = ORIENTED_EDGE('',*,*,#12470,.F.);
#12470 = EDGE_CURVE('',#12461,#12430,#12471,.T.);
#12471 = LINE('',#12472,#12473);
#12472 = CARTESIAN_POINT('',(142.725,97.725,1.));
#12473 = VECTOR('',#12474,1.);
#12474 = DIRECTION('',(-1.,0.,0.));
#12475 = PLANE('',#12476);
#12476 = AXIS2_PLACEMENT_3D('',#12477,#12478,#12479);
#12477 = CARTESIAN_POINT('',(142.725,97.725,1.));
#12478 = DIRECTION('',(0.,1.,0.));
#12479 = DIRECTION('',(-1.,0.,0.));
#12480 = ADVANCED_FACE('',(#12481),#12499,.F.);
#12481 = FACE_BOUND('',#12482,.F.);
#12482 = EDGE_LOOP('',(#12483,#12484,#12485,#12493));
#12483 = ORIENTED_EDGE('',*,*,#12438,.T.);
#12484 = ORIENTED_EDGE('',*,*,#2875,.T.);
#12485 = ORIENTED_EDGE('',*,*,#12486,.F.);
#12486 = EDGE_CURVE('',#12487,#2868,#12489,.T.);
#12487 = VERTEX_POINT('',#12488);
#12488 = CARTESIAN_POINT('',(142.725,83.725,1.));
#12489 = LINE('',#12490,#12491);
#12490 = CARTESIAN_POINT('',(142.725,83.725,1.));
#12491 = VECTOR('',#12492,1.);
#12492 = DIRECTION('',(-0.,-0.,-1.));
#12493 = ORIENTED_EDGE('',*,*,#12494,.F.);
#12494 = EDGE_CURVE('',#12439,#12487,#12495,.T.);
#12495 = LINE('',#12496,#12497);
#12496 = CARTESIAN_POINT('',(128.725,83.725,1.));
#12497 = VECTOR('',#12498,1.);
#12498 = DIRECTION('',(1.,0.,0.));
#12499 = PLANE('',#12500);
#12500 = AXIS2_PLACEMENT_3D('',#12501,#12502,#12503);
#12501 = CARTESIAN_POINT('',(128.725,83.725,1.));
#12502 = DIRECTION('',(0.,-1.,0.));
#12503 = DIRECTION('',(1.,0.,0.));
#12504 = ADVANCED_FACE('',(#12505),#12516,.F.);
#12505 = FACE_BOUND('',#12506,.F.);
#12506 = EDGE_LOOP('',(#12507,#12508,#12509,#12510));
#12507 = ORIENTED_EDGE('',*,*,#12486,.T.);
#12508 = ORIENTED_EDGE('',*,*,#2867,.T.);
#12509 = ORIENTED_EDGE('',*,*,#12460,.F.);
#12510 = ORIENTED_EDGE('',*,*,#12511,.F.);
#12511 = EDGE_CURVE('',#12487,#12461,#12512,.T.);
#12512 = LINE('',#12513,#12514);
#12513 = CARTESIAN_POINT('',(142.725,83.725,1.));
#12514 = VECTOR('',#12515,1.);
#12515 = DIRECTION('',(0.,1.,0.));
#12516 = PLANE('',#12517);
#12517 = AXIS2_PLACEMENT_3D('',#12518,#12519,#12520);
#12518 = CARTESIAN_POINT('',(142.725,83.725,1.));
#12519 = DIRECTION('',(1.,0.,0.));
#12520 = DIRECTION('',(0.,1.,0.));
#12521 = ADVANCED_FACE('',(#12522),#12547,.F.);
#12522 = FACE_BOUND('',#12523,.F.);
#12523 = EDGE_LOOP('',(#12524,#12532,#12533,#12541));
#12524 = ORIENTED_EDGE('',*,*,#12525,.T.);
#12525 = EDGE_CURVE('',#12526,#2884,#12528,.T.);
#12526 = VERTEX_POINT('',#12527);
#12527 = CARTESIAN_POINT('',(147.775,97.725,1.));
#12528 = LINE('',#12529,#12530);
#12529 = CARTESIAN_POINT('',(147.775,97.725,1.));
#12530 = VECTOR('',#12531,1.);
#12531 = DIRECTION('',(-0.,-0.,-1.));
#12532 = ORIENTED_EDGE('',*,*,#2883,.T.);
#12533 = ORIENTED_EDGE('',*,*,#12534,.F.);
#12534 = EDGE_CURVE('',#12535,#2886,#12537,.T.);
#12535 = VERTEX_POINT('',#12536);
#12536 = CARTESIAN_POINT('',(147.775,83.725,1.));
#12537 = LINE('',#12538,#12539);
#12538 = CARTESIAN_POINT('',(147.775,83.725,1.));
#12539 = VECTOR('',#12540,1.);
#12540 = DIRECTION('',(-0.,-0.,-1.));
#12541 = ORIENTED_EDGE('',*,*,#12542,.F.);
#12542 = EDGE_CURVE('',#12526,#12535,#12543,.T.);
#12543 = LINE('',#12544,#12545);
#12544 = CARTESIAN_POINT('',(147.775,97.725,1.));
#12545 = VECTOR('',#12546,1.);
#12546 = DIRECTION('',(0.,-1.,0.));
#12547 = PLANE('',#12548);
#12548 = AXIS2_PLACEMENT_3D('',#12549,#12550,#12551);
#12549 = CARTESIAN_POINT('',(147.775,97.725,1.));
#12550 = DIRECTION('',(-1.,0.,0.));
#12551 = DIRECTION('',(0.,-1.,0.));
#12552 = ADVANCED_FACE('',(#12553),#12571,.F.);
#12553 = FACE_BOUND('',#12554,.F.);
#12554 = EDGE_LOOP('',(#12555,#12563,#12564,#12565));
#12555 = ORIENTED_EDGE('',*,*,#12556,.T.);
#12556 = EDGE_CURVE('',#12557,#2894,#12559,.T.);
#12557 = VERTEX_POINT('',#12558);
#12558 = CARTESIAN_POINT('',(161.775,97.725,1.));
#12559 = LINE('',#12560,#12561);
#12560 = CARTESIAN_POINT('',(161.775,97.725,1.));
#12561 = VECTOR('',#12562,1.);
#12562 = DIRECTION('',(-0.,-0.,-1.));
#12563 = ORIENTED_EDGE('',*,*,#2893,.T.);
#12564 = ORIENTED_EDGE('',*,*,#12525,.F.);
#12565 = ORIENTED_EDGE('',*,*,#12566,.F.);
#12566 = EDGE_CURVE('',#12557,#12526,#12567,.T.);
#12567 = LINE('',#12568,#12569);
#12568 = CARTESIAN_POINT('',(161.775,97.725,1.));
#12569 = VECTOR('',#12570,1.);
#12570 = DIRECTION('',(-1.,0.,0.));
#12571 = PLANE('',#12572);
#12572 = AXIS2_PLACEMENT_3D('',#12573,#12574,#12575);
#12573 = CARTESIAN_POINT('',(161.775,97.725,1.));
#12574 = DIRECTION('',(0.,1.,0.));
#12575 = DIRECTION('',(-1.,0.,0.));
#12576 = ADVANCED_FACE('',(#12577),#12595,.F.);
#12577 = FACE_BOUND('',#12578,.F.);
#12578 = EDGE_LOOP('',(#12579,#12580,#12581,#12589));
#12579 = ORIENTED_EDGE('',*,*,#12534,.T.);
#12580 = ORIENTED_EDGE('',*,*,#2909,.T.);
#12581 = ORIENTED_EDGE('',*,*,#12582,.F.);
#12582 = EDGE_CURVE('',#12583,#2902,#12585,.T.);
#12583 = VERTEX_POINT('',#12584);
#12584 = CARTESIAN_POINT('',(161.775,83.725,1.));
#12585 = LINE('',#12586,#12587);
#12586 = CARTESIAN_POINT('',(161.775,83.725,1.));
#12587 = VECTOR('',#12588,1.);
#12588 = DIRECTION('',(-0.,-0.,-1.));
#12589 = ORIENTED_EDGE('',*,*,#12590,.F.);
#12590 = EDGE_CURVE('',#12535,#12583,#12591,.T.);
#12591 = LINE('',#12592,#12593);
#12592 = CARTESIAN_POINT('',(147.775,83.725,1.));
#12593 = VECTOR('',#12594,1.);
#12594 = DIRECTION('',(1.,0.,0.));
#12595 = PLANE('',#12596);
#12596 = AXIS2_PLACEMENT_3D('',#12597,#12598,#12599);
#12597 = CARTESIAN_POINT('',(147.775,83.725,1.));
#12598 = DIRECTION('',(0.,-1.,0.));
#12599 = DIRECTION('',(1.,0.,0.));
#12600 = ADVANCED_FACE('',(#12601),#12612,.F.);
#12601 = FACE_BOUND('',#12602,.F.);
#12602 = EDGE_LOOP('',(#12603,#12604,#12605,#12606));
#12603 = ORIENTED_EDGE('',*,*,#12582,.T.);
#12604 = ORIENTED_EDGE('',*,*,#2901,.T.);
#12605 = ORIENTED_EDGE('',*,*,#12556,.F.);
#12606 = ORIENTED_EDGE('',*,*,#12607,.F.);
#12607 = EDGE_CURVE('',#12583,#12557,#12608,.T.);
#12608 = LINE('',#12609,#12610);
#12609 = CARTESIAN_POINT('',(161.775,83.725,1.));
#12610 = VECTOR('',#12611,1.);
#12611 = DIRECTION('',(0.,1.,0.));
#12612 = PLANE('',#12613);
#12613 = AXIS2_PLACEMENT_3D('',#12614,#12615,#12616);
#12614 = CARTESIAN_POINT('',(161.775,83.725,1.));
#12615 = DIRECTION('',(1.,0.,0.));
#12616 = DIRECTION('',(0.,1.,0.));
#12617 = ADVANCED_FACE('',(#12618),#12643,.F.);
#12618 = FACE_BOUND('',#12619,.F.);
#12619 = EDGE_LOOP('',(#12620,#12628,#12629,#12637));
#12620 = ORIENTED_EDGE('',*,*,#12621,.T.);
#12621 = EDGE_CURVE('',#12622,#2918,#12624,.T.);
#12622 = VERTEX_POINT('',#12623);
#12623 = CARTESIAN_POINT('',(166.825,97.725,1.));
#12624 = LINE('',#12625,#12626);
#12625 = CARTESIAN_POINT('',(166.825,97.725,1.));
#12626 = VECTOR('',#12627,1.);
#12627 = DIRECTION('',(-0.,-0.,-1.));
#12628 = ORIENTED_EDGE('',*,*,#2917,.T.);
#12629 = ORIENTED_EDGE('',*,*,#12630,.F.);
#12630 = EDGE_CURVE('',#12631,#2920,#12633,.T.);
#12631 = VERTEX_POINT('',#12632);
#12632 = CARTESIAN_POINT('',(166.825,83.725,1.));
#12633 = LINE('',#12634,#12635);
#12634 = CARTESIAN_POINT('',(166.825,83.725,1.));
#12635 = VECTOR('',#12636,1.);
#12636 = DIRECTION('',(-0.,-0.,-1.));
#12637 = ORIENTED_EDGE('',*,*,#12638,.F.);
#12638 = EDGE_CURVE('',#12622,#12631,#12639,.T.);
#12639 = LINE('',#12640,#12641);
#12640 = CARTESIAN_POINT('',(166.825,97.725,1.));
#12641 = VECTOR('',#12642,1.);
#12642 = DIRECTION('',(0.,-1.,0.));
#12643 = PLANE('',#12644);
#12644 = AXIS2_PLACEMENT_3D('',#12645,#12646,#12647);
#12645 = CARTESIAN_POINT('',(166.825,97.725,1.));
#12646 = DIRECTION('',(-1.,0.,0.));
#12647 = DIRECTION('',(0.,-1.,0.));
#12648 = ADVANCED_FACE('',(#12649),#12667,.F.);
#12649 = FACE_BOUND('',#12650,.F.);
#12650 = EDGE_LOOP('',(#12651,#12659,#12660,#12661));
#12651 = ORIENTED_EDGE('',*,*,#12652,.T.);
#12652 = EDGE_CURVE('',#12653,#2928,#12655,.T.);
#12653 = VERTEX_POINT('',#12654);
#12654 = CARTESIAN_POINT('',(180.825,97.725,1.));
#12655 = LINE('',#12656,#12657);
#12656 = CARTESIAN_POINT('',(180.825,97.725,1.));
#12657 = VECTOR('',#12658,1.);
#12658 = DIRECTION('',(-0.,-0.,-1.));
#12659 = ORIENTED_EDGE('',*,*,#2927,.T.);
#12660 = ORIENTED_EDGE('',*,*,#12621,.F.);
#12661 = ORIENTED_EDGE('',*,*,#12662,.F.);
#12662 = EDGE_CURVE('',#12653,#12622,#12663,.T.);
#12663 = LINE('',#12664,#12665);
#12664 = CARTESIAN_POINT('',(180.825,97.725,1.));
#12665 = VECTOR('',#12666,1.);
#12666 = DIRECTION('',(-1.,0.,0.));
#12667 = PLANE('',#12668);
#12668 = AXIS2_PLACEMENT_3D('',#12669,#12670,#12671);
#12669 = CARTESIAN_POINT('',(180.825,97.725,1.));
#12670 = DIRECTION('',(0.,1.,0.));
#12671 = DIRECTION('',(-1.,0.,0.));
#12672 = ADVANCED_FACE('',(#12673),#12691,.F.);
#12673 = FACE_BOUND('',#12674,.F.);
#12674 = EDGE_LOOP('',(#12675,#12676,#12677,#12685));
#12675 = ORIENTED_EDGE('',*,*,#12630,.T.);
#12676 = ORIENTED_EDGE('',*,*,#2943,.T.);
#12677 = ORIENTED_EDGE('',*,*,#12678,.F.);
#12678 = EDGE_CURVE('',#12679,#2936,#12681,.T.);
#12679 = VERTEX_POINT('',#12680);
#12680 = CARTESIAN_POINT('',(180.825,83.725,1.));
#12681 = LINE('',#12682,#12683);
#12682 = CARTESIAN_POINT('',(180.825,83.725,1.));
#12683 = VECTOR('',#12684,1.);
#12684 = DIRECTION('',(-0.,-0.,-1.));
#12685 = ORIENTED_EDGE('',*,*,#12686,.F.);
#12686 = EDGE_CURVE('',#12631,#12679,#12687,.T.);
#12687 = LINE('',#12688,#12689);
#12688 = CARTESIAN_POINT('',(166.825,83.725,1.));
#12689 = VECTOR('',#12690,1.);
#12690 = DIRECTION('',(1.,0.,0.));
#12691 = PLANE('',#12692);
#12692 = AXIS2_PLACEMENT_3D('',#12693,#12694,#12695);
#12693 = CARTESIAN_POINT('',(166.825,83.725,1.));
#12694 = DIRECTION('',(0.,-1.,0.));
#12695 = DIRECTION('',(1.,0.,0.));
#12696 = ADVANCED_FACE('',(#12697),#12708,.F.);
#12697 = FACE_BOUND('',#12698,.F.);
#12698 = EDGE_LOOP('',(#12699,#12700,#12701,#12702));
#12699 = ORIENTED_EDGE('',*,*,#12678,.T.);
#12700 = ORIENTED_EDGE('',*,*,#2935,.T.);
#12701 = ORIENTED_EDGE('',*,*,#12652,.F.);
#12702 = ORIENTED_EDGE('',*,*,#12703,.F.);
#12703 = EDGE_CURVE('',#12679,#12653,#12704,.T.);
#12704 = LINE('',#12705,#12706);
#12705 = CARTESIAN_POINT('',(180.825,83.725,1.));
#12706 = VECTOR('',#12707,1.);
#12707 = DIRECTION('',(0.,1.,0.));
#12708 = PLANE('',#12709);
#12709 = AXIS2_PLACEMENT_3D('',#12710,#12711,#12712);
#12710 = CARTESIAN_POINT('',(180.825,83.725,1.));
#12711 = DIRECTION('',(1.,0.,0.));
#12712 = DIRECTION('',(0.,1.,0.));
#12713 = ADVANCED_FACE('',(#12714),#12733,.F.);
#12714 = FACE_BOUND('',#12715,.F.);
#12715 = EDGE_LOOP('',(#12716,#12724,#12725,#12726));
#12716 = ORIENTED_EDGE('',*,*,#12717,.T.);
#12717 = EDGE_CURVE('',#12718,#2952,#12720,.T.);
#12718 = VERTEX_POINT('',#12719);
#12719 = CARTESIAN_POINT('',(43.1,97.25,1.));
#12720 = LINE('',#12721,#12722);
#12721 = CARTESIAN_POINT('',(43.1,97.25,1.));
#12722 = VECTOR('',#12723,1.);
#12723 = DIRECTION('',(-0.,-0.,-1.));
#12724 = ORIENTED_EDGE('',*,*,#2951,.T.);
#12725 = ORIENTED_EDGE('',*,*,#12717,.F.);
#12726 = ORIENTED_EDGE('',*,*,#12727,.F.);
#12727 = EDGE_CURVE('',#12718,#12718,#12728,.T.);
#12728 = CIRCLE('',#12729,1.1);
#12729 = AXIS2_PLACEMENT_3D('',#12730,#12731,#12732);
#12730 = CARTESIAN_POINT('',(42.,97.25,1.));
#12731 = DIRECTION('',(0.,0.,1.));
#12732 = DIRECTION('',(1.,0.,0.));
#12733 = CYLINDRICAL_SURFACE('',#12734,1.1);
#12734 = AXIS2_PLACEMENT_3D('',#12735,#12736,#12737);
#12735 = CARTESIAN_POINT('',(42.,97.25,1.));
#12736 = DIRECTION('',(0.,0.,1.));
#12737 = DIRECTION('',(1.,0.,0.));
#12738 = ADVANCED_FACE('',(#12739),#12758,.F.);
#12739 = FACE_BOUND('',#12740,.F.);
#12740 = EDGE_LOOP('',(#12741,#12749,#12750,#12751));
#12741 = ORIENTED_EDGE('',*,*,#12742,.F.);
#12742 = EDGE_CURVE('',#2963,#12743,#12745,.T.);
#12743 = VERTEX_POINT('',#12744);
#12744 = CARTESIAN_POINT('',(48.6,102.75,0.8));
#12745 = LINE('',#12746,#12747);
#12746 = CARTESIAN_POINT('',(48.6,102.75,0.8));
#12747 = VECTOR('',#12748,1.);
#12748 = DIRECTION('',(-0.707106781187,0.,0.707106781187));
#12749 = ORIENTED_EDGE('',*,*,#2962,.T.);
#12750 = ORIENTED_EDGE('',*,*,#12742,.T.);
#12751 = ORIENTED_EDGE('',*,*,#12752,.F.);
#12752 = EDGE_CURVE('',#12743,#12743,#12753,.T.);
#12753 = CIRCLE('',#12754,1.1);
#12754 = AXIS2_PLACEMENT_3D('',#12755,#12756,#12757);
#12755 = CARTESIAN_POINT('',(47.5,102.75,0.8));
#12756 = DIRECTION('',(0.,0.,1.));
#12757 = DIRECTION('',(1.,0.,0.));
#12758 = CONICAL_SURFACE('',#12759,1.1,0.785398163397);
#12759 = AXIS2_PLACEMENT_3D('',#12760,#12761,#12762);
#12760 = CARTESIAN_POINT('',(47.5,102.75,0.8));
#12761 = DIRECTION('',(-0.,-0.,-1.));
#12762 = DIRECTION('',(1.,0.,0.));
#12763 = ADVANCED_FACE('',(#12764),#12790,.F.);
#12764 = FACE_BOUND('',#12765,.F.);
#12765 = EDGE_LOOP('',(#12766,#12774,#12775,#12783));
#12766 = ORIENTED_EDGE('',*,*,#12767,.T.);
#12767 = EDGE_CURVE('',#12768,#2974,#12770,.T.);
#12768 = VERTEX_POINT('',#12769);
#12769 = CARTESIAN_POINT('',(9.,109.25,1.));
#12770 = LINE('',#12771,#12772);
#12771 = CARTESIAN_POINT('',(9.,109.25,1.));
#12772 = VECTOR('',#12773,1.);
#12773 = DIRECTION('',(-0.,-0.,-1.));
#12774 = ORIENTED_EDGE('',*,*,#2973,.T.);
#12775 = ORIENTED_EDGE('',*,*,#12776,.F.);
#12776 = EDGE_CURVE('',#12777,#2976,#12779,.T.);
#12777 = VERTEX_POINT('',#12778);
#12778 = CARTESIAN_POINT('',(9.,107.25,1.));
#12779 = LINE('',#12780,#12781);
#12780 = CARTESIAN_POINT('',(9.,107.25,1.));
#12781 = VECTOR('',#12782,1.);
#12782 = DIRECTION('',(-0.,-0.,-1.));
#12783 = ORIENTED_EDGE('',*,*,#12784,.F.);
#12784 = EDGE_CURVE('',#12768,#12777,#12785,.T.);
#12785 = CIRCLE('',#12786,1.);
#12786 = AXIS2_PLACEMENT_3D('',#12787,#12788,#12789);
#12787 = CARTESIAN_POINT('',(9.,108.25,1.));
#12788 = DIRECTION('',(0.,0.,1.));
#12789 = DIRECTION('',(1.,0.,0.));
#12790 = CYLINDRICAL_SURFACE('',#12791,1.);
#12791 = AXIS2_PLACEMENT_3D('',#12792,#12793,#12794);
#12792 = CARTESIAN_POINT('',(9.,108.25,1.));
#12793 = DIRECTION('',(0.,0.,1.));
#12794 = DIRECTION('',(1.,0.,0.));
#12795 = ADVANCED_FACE('',(#12796),#12814,.T.);
#12796 = FACE_BOUND('',#12797,.T.);
#12797 = EDGE_LOOP('',(#12798,#12799,#12800,#12808));
#12798 = ORIENTED_EDGE('',*,*,#12767,.T.);
#12799 = ORIENTED_EDGE('',*,*,#2984,.T.);
#12800 = ORIENTED_EDGE('',*,*,#12801,.F.);
#12801 = EDGE_CURVE('',#12802,#2985,#12804,.T.);
#12802 = VERTEX_POINT('',#12803);
#12803 = CARTESIAN_POINT('',(41.,109.25,1.));
#12804 = LINE('',#12805,#12806);
#12805 = CARTESIAN_POINT('',(41.,109.25,1.));
#12806 = VECTOR('',#12807,1.);
#12807 = DIRECTION('',(-0.,-0.,-1.));
#12808 = ORIENTED_EDGE('',*,*,#12809,.F.);
#12809 = EDGE_CURVE('',#12768,#12802,#12810,.T.);
#12810 = LINE('',#12811,#12812);
#12811 = CARTESIAN_POINT('',(9.,109.25,1.));
#12812 = VECTOR('',#12813,1.);
#12813 = DIRECTION('',(1.,0.,0.));
#12814 = PLANE('',#12815);
#12815 = AXIS2_PLACEMENT_3D('',#12816,#12817,#12818);
#12816 = CARTESIAN_POINT('',(9.,109.25,1.));
#12817 = DIRECTION('',(0.,-1.,0.));
#12818 = DIRECTION('',(1.,0.,0.));
#12819 = ADVANCED_FACE('',(#12820),#12838,.F.);
#12820 = FACE_BOUND('',#12821,.F.);
#12821 = EDGE_LOOP('',(#12822,#12823,#12824,#12832));
#12822 = ORIENTED_EDGE('',*,*,#12776,.T.);
#12823 = ORIENTED_EDGE('',*,*,#3001,.T.);
#12824 = ORIENTED_EDGE('',*,*,#12825,.F.);
#12825 = EDGE_CURVE('',#12826,#2993,#12828,.T.);
#12826 = VERTEX_POINT('',#12827);
#12827 = CARTESIAN_POINT('',(41.,107.25,1.));
#12828 = LINE('',#12829,#12830);
#12829 = CARTESIAN_POINT('',(41.,107.25,1.));
#12830 = VECTOR('',#12831,1.);
#12831 = DIRECTION('',(-0.,-0.,-1.));
#12832 = ORIENTED_EDGE('',*,*,#12833,.F.);
#12833 = EDGE_CURVE('',#12777,#12826,#12834,.T.);
#12834 = LINE('',#12835,#12836);
#12835 = CARTESIAN_POINT('',(9.,107.25,1.));
#12836 = VECTOR('',#12837,1.);
#12837 = DIRECTION('',(1.,0.,0.));
#12838 = PLANE('',#12839);
#12839 = AXIS2_PLACEMENT_3D('',#12840,#12841,#12842);
#12840 = CARTESIAN_POINT('',(9.,107.25,1.));
#12841 = DIRECTION('',(0.,-1.,0.));
#12842 = DIRECTION('',(1.,0.,0.));
#12843 = ADVANCED_FACE('',(#12844),#12856,.F.);
#12844 = FACE_BOUND('',#12845,.F.);
#12845 = EDGE_LOOP('',(#12846,#12847,#12848,#12849));
#12846 = ORIENTED_EDGE('',*,*,#12825,.T.);
#12847 = ORIENTED_EDGE('',*,*,#2992,.T.);
#12848 = ORIENTED_EDGE('',*,*,#12801,.F.);
#12849 = ORIENTED_EDGE('',*,*,#12850,.F.);
#12850 = EDGE_CURVE('',#12826,#12802,#12851,.T.);
#12851 = CIRCLE('',#12852,1.);
#12852 = AXIS2_PLACEMENT_3D('',#12853,#12854,#12855);
#12853 = CARTESIAN_POINT('',(41.,108.25,1.));
#12854 = DIRECTION('',(0.,0.,1.));
#12855 = DIRECTION('',(1.,0.,0.));
#12856 = CYLINDRICAL_SURFACE('',#12857,1.);
#12857 = AXIS2_PLACEMENT_3D('',#12858,#12859,#12860);
#12858 = CARTESIAN_POINT('',(41.,108.25,1.));
#12859 = DIRECTION('',(0.,0.,1.));
#12860 = DIRECTION('',(1.,0.,0.));
#12861 = ADVANCED_FACE('',(#12862),#12887,.F.);
#12862 = FACE_BOUND('',#12863,.F.);
#12863 = EDGE_LOOP('',(#12864,#12872,#12873,#12881));
#12864 = ORIENTED_EDGE('',*,*,#12865,.T.);
#12865 = EDGE_CURVE('',#12866,#3010,#12868,.T.);
#12866 = VERTEX_POINT('',#12867);
#12867 = CARTESIAN_POINT('',(52.525,121.775,1.));
#12868 = LINE('',#12869,#12870);
#12869 = CARTESIAN_POINT('',(52.525,121.775,1.));
#12870 = VECTOR('',#12871,1.);
#12871 = DIRECTION('',(-0.,-0.,-1.));
#12872 = ORIENTED_EDGE('',*,*,#3009,.T.);
#12873 = ORIENTED_EDGE('',*,*,#12874,.F.);
#12874 = EDGE_CURVE('',#12875,#3012,#12877,.T.);
#12875 = VERTEX_POINT('',#12876);
#12876 = CARTESIAN_POINT('',(52.525,107.775,1.));
#12877 = LINE('',#12878,#12879);
#12878 = CARTESIAN_POINT('',(52.525,107.775,1.));
#12879 = VECTOR('',#12880,1.);
#12880 = DIRECTION('',(-0.,-0.,-1.));
#12881 = ORIENTED_EDGE('',*,*,#12882,.F.);
#12882 = EDGE_CURVE('',#12866,#12875,#12883,.T.);
#12883 = LINE('',#12884,#12885);
#12884 = CARTESIAN_POINT('',(52.525,121.775,1.));
#12885 = VECTOR('',#12886,1.);
#12886 = DIRECTION('',(0.,-1.,0.));
#12887 = PLANE('',#12888);
#12888 = AXIS2_PLACEMENT_3D('',#12889,#12890,#12891);
#12889 = CARTESIAN_POINT('',(52.525,121.775,1.));
#12890 = DIRECTION('',(-1.,0.,0.));
#12891 = DIRECTION('',(0.,-1.,0.));
#12892 = ADVANCED_FACE('',(#12893),#12911,.F.);
#12893 = FACE_BOUND('',#12894,.F.);
#12894 = EDGE_LOOP('',(#12895,#12903,#12904,#12905));
#12895 = ORIENTED_EDGE('',*,*,#12896,.T.);
#12896 = EDGE_CURVE('',#12897,#3020,#12899,.T.);
#12897 = VERTEX_POINT('',#12898);
#12898 = CARTESIAN_POINT('',(66.525,121.775,1.));
#12899 = LINE('',#12900,#12901);
#12900 = CARTESIAN_POINT('',(66.525,121.775,1.));
#12901 = VECTOR('',#12902,1.);
#12902 = DIRECTION('',(-0.,-0.,-1.));
#12903 = ORIENTED_EDGE('',*,*,#3019,.T.);
#12904 = ORIENTED_EDGE('',*,*,#12865,.F.);
#12905 = ORIENTED_EDGE('',*,*,#12906,.F.);
#12906 = EDGE_CURVE('',#12897,#12866,#12907,.T.);
#12907 = LINE('',#12908,#12909);
#12908 = CARTESIAN_POINT('',(66.525,121.775,1.));
#12909 = VECTOR('',#12910,1.);
#12910 = DIRECTION('',(-1.,0.,0.));
#12911 = PLANE('',#12912);
#12912 = AXIS2_PLACEMENT_3D('',#12913,#12914,#12915);
#12913 = CARTESIAN_POINT('',(66.525,121.775,1.));
#12914 = DIRECTION('',(0.,1.,0.));
#12915 = DIRECTION('',(-1.,0.,0.));
#12916 = ADVANCED_FACE('',(#12917),#12935,.F.);
#12917 = FACE_BOUND('',#12918,.F.);
#12918 = EDGE_LOOP('',(#12919,#12920,#12921,#12929));
#12919 = ORIENTED_EDGE('',*,*,#12874,.T.);
#12920 = ORIENTED_EDGE('',*,*,#3035,.T.);
#12921 = ORIENTED_EDGE('',*,*,#12922,.F.);
#12922 = EDGE_CURVE('',#12923,#3028,#12925,.T.);
#12923 = VERTEX_POINT('',#12924);
#12924 = CARTESIAN_POINT('',(66.525,107.775,1.));
#12925 = LINE('',#12926,#12927);
#12926 = CARTESIAN_POINT('',(66.525,107.775,1.));
#12927 = VECTOR('',#12928,1.);
#12928 = DIRECTION('',(-0.,-0.,-1.));
#12929 = ORIENTED_EDGE('',*,*,#12930,.F.);
#12930 = EDGE_CURVE('',#12875,#12923,#12931,.T.);
#12931 = LINE('',#12932,#12933);
#12932 = CARTESIAN_POINT('',(52.525,107.775,1.));
#12933 = VECTOR('',#12934,1.);
#12934 = DIRECTION('',(1.,0.,0.));
#12935 = PLANE('',#12936);
#12936 = AXIS2_PLACEMENT_3D('',#12937,#12938,#12939);
#12937 = CARTESIAN_POINT('',(52.525,107.775,1.));
#12938 = DIRECTION('',(0.,-1.,0.));
#12939 = DIRECTION('',(1.,0.,0.));
#12940 = ADVANCED_FACE('',(#12941),#12952,.F.);
#12941 = FACE_BOUND('',#12942,.F.);
#12942 = EDGE_LOOP('',(#12943,#12944,#12945,#12946));
#12943 = ORIENTED_EDGE('',*,*,#12922,.T.);
#12944 = ORIENTED_EDGE('',*,*,#3027,.T.);
#12945 = ORIENTED_EDGE('',*,*,#12896,.F.);
#12946 = ORIENTED_EDGE('',*,*,#12947,.F.);
#12947 = EDGE_CURVE('',#12923,#12897,#12948,.T.);
#12948 = LINE('',#12949,#12950);
#12949 = CARTESIAN_POINT('',(66.525,107.775,1.));
#12950 = VECTOR('',#12951,1.);
#12951 = DIRECTION('',(0.,1.,0.));
#12952 = PLANE('',#12953);
#12953 = AXIS2_PLACEMENT_3D('',#12954,#12955,#12956);
#12954 = CARTESIAN_POINT('',(66.525,107.775,1.));
#12955 = DIRECTION('',(1.,0.,0.));
#12956 = DIRECTION('',(0.,1.,0.));
#12957 = ADVANCED_FACE('',(#12958),#12983,.F.);
#12958 = FACE_BOUND('',#12959,.F.);
#12959 = EDGE_LOOP('',(#12960,#12968,#12969,#12977));
#12960 = ORIENTED_EDGE('',*,*,#12961,.T.);
#12961 = EDGE_CURVE('',#12962,#3044,#12964,.T.);
#12962 = VERTEX_POINT('',#12963);
#12963 = CARTESIAN_POINT('',(81.1,121.775,1.));
#12964 = LINE('',#12965,#12966);
#12965 = CARTESIAN_POINT('',(81.1,121.775,1.));
#12966 = VECTOR('',#12967,1.);
#12967 = DIRECTION('',(-0.,-0.,-1.));
#12968 = ORIENTED_EDGE('',*,*,#3043,.T.);
#12969 = ORIENTED_EDGE('',*,*,#12970,.F.);
#12970 = EDGE_CURVE('',#12971,#3046,#12973,.T.);
#12971 = VERTEX_POINT('',#12972);
#12972 = CARTESIAN_POINT('',(81.1,107.775,1.));
#12973 = LINE('',#12974,#12975);
#12974 = CARTESIAN_POINT('',(81.1,107.775,1.));
#12975 = VECTOR('',#12976,1.);
#12976 = DIRECTION('',(-0.,-0.,-1.));
#12977 = ORIENTED_EDGE('',*,*,#12978,.F.);
#12978 = EDGE_CURVE('',#12962,#12971,#12979,.T.);
#12979 = LINE('',#12980,#12981);
#12980 = CARTESIAN_POINT('',(81.1,121.775,1.));
#12981 = VECTOR('',#12982,1.);
#12982 = DIRECTION('',(0.,-1.,0.));
#12983 = PLANE('',#12984);
#12984 = AXIS2_PLACEMENT_3D('',#12985,#12986,#12987);
#12985 = CARTESIAN_POINT('',(81.1,121.775,1.));
#12986 = DIRECTION('',(-1.,0.,0.));
#12987 = DIRECTION('',(0.,-1.,0.));
#12988 = ADVANCED_FACE('',(#12989),#13007,.F.);
#12989 = FACE_BOUND('',#12990,.F.);
#12990 = EDGE_LOOP('',(#12991,#12999,#13000,#13001));
#12991 = ORIENTED_EDGE('',*,*,#12992,.T.);
#12992 = EDGE_CURVE('',#12993,#3054,#12995,.T.);
#12993 = VERTEX_POINT('',#12994);
#12994 = CARTESIAN_POINT('',(95.1,121.775,1.));
#12995 = LINE('',#12996,#12997);
#12996 = CARTESIAN_POINT('',(95.1,121.775,1.));
#12997 = VECTOR('',#12998,1.);
#12998 = DIRECTION('',(-0.,-0.,-1.));
#12999 = ORIENTED_EDGE('',*,*,#3053,.T.);
#13000 = ORIENTED_EDGE('',*,*,#12961,.F.);
#13001 = ORIENTED_EDGE('',*,*,#13002,.F.);
#13002 = EDGE_CURVE('',#12993,#12962,#13003,.T.);
#13003 = LINE('',#13004,#13005);
#13004 = CARTESIAN_POINT('',(95.1,121.775,1.));
#13005 = VECTOR('',#13006,1.);
#13006 = DIRECTION('',(-1.,0.,0.));
#13007 = PLANE('',#13008);
#13008 = AXIS2_PLACEMENT_3D('',#13009,#13010,#13011);
#13009 = CARTESIAN_POINT('',(95.1,121.775,1.));
#13010 = DIRECTION('',(0.,1.,0.));
#13011 = DIRECTION('',(-1.,0.,0.));
#13012 = ADVANCED_FACE('',(#13013),#13031,.F.);
#13013 = FACE_BOUND('',#13014,.F.);
#13014 = EDGE_LOOP('',(#13015,#13016,#13017,#13025));
#13015 = ORIENTED_EDGE('',*,*,#12970,.T.);
#13016 = ORIENTED_EDGE('',*,*,#3069,.T.);
#13017 = ORIENTED_EDGE('',*,*,#13018,.F.);
#13018 = EDGE_CURVE('',#13019,#3062,#13021,.T.);
#13019 = VERTEX_POINT('',#13020);
#13020 = CARTESIAN_POINT('',(95.1,107.775,1.));
#13021 = LINE('',#13022,#13023);
#13022 = CARTESIAN_POINT('',(95.1,107.775,1.));
#13023 = VECTOR('',#13024,1.);
#13024 = DIRECTION('',(-0.,-0.,-1.));
#13025 = ORIENTED_EDGE('',*,*,#13026,.F.);
#13026 = EDGE_CURVE('',#12971,#13019,#13027,.T.);
#13027 = LINE('',#13028,#13029);
#13028 = CARTESIAN_POINT('',(81.1,107.775,1.));
#13029 = VECTOR('',#13030,1.);
#13030 = DIRECTION('',(1.,0.,0.));
#13031 = PLANE('',#13032);
#13032 = AXIS2_PLACEMENT_3D('',#13033,#13034,#13035);
#13033 = CARTESIAN_POINT('',(81.1,107.775,1.));
#13034 = DIRECTION('',(0.,-1.,0.));
#13035 = DIRECTION('',(1.,0.,0.));
#13036 = ADVANCED_FACE('',(#13037),#13048,.F.);
#13037 = FACE_BOUND('',#13038,.F.);
#13038 = EDGE_LOOP('',(#13039,#13040,#13041,#13042));
#13039 = ORIENTED_EDGE('',*,*,#13018,.T.);
#13040 = ORIENTED_EDGE('',*,*,#3061,.T.);
#13041 = ORIENTED_EDGE('',*,*,#12992,.F.);
#13042 = ORIENTED_EDGE('',*,*,#13043,.F.);
#13043 = EDGE_CURVE('',#13019,#12993,#13044,.T.);
#13044 = LINE('',#13045,#13046);
#13045 = CARTESIAN_POINT('',(95.1,107.775,1.));
#13046 = VECTOR('',#13047,1.);
#13047 = DIRECTION('',(0.,1.,0.));
#13048 = PLANE('',#13049);
#13049 = AXIS2_PLACEMENT_3D('',#13050,#13051,#13052);
#13050 = CARTESIAN_POINT('',(95.1,107.775,1.));
#13051 = DIRECTION('',(1.,0.,0.));
#13052 = DIRECTION('',(0.,1.,0.));
#13053 = ADVANCED_FACE('',(#13054),#13079,.F.);
#13054 = FACE_BOUND('',#13055,.F.);
#13055 = EDGE_LOOP('',(#13056,#13064,#13065,#13073));
#13056 = ORIENTED_EDGE('',*,*,#13057,.T.);
#13057 = EDGE_CURVE('',#13058,#3078,#13060,.T.);
#13058 = VERTEX_POINT('',#13059);
#13059 = CARTESIAN_POINT('',(100.15,121.775,1.));
#13060 = LINE('',#13061,#13062);
#13061 = CARTESIAN_POINT('',(100.15,121.775,1.));
#13062 = VECTOR('',#13063,1.);
#13063 = DIRECTION('',(-0.,-0.,-1.));
#13064 = ORIENTED_EDGE('',*,*,#3077,.T.);
#13065 = ORIENTED_EDGE('',*,*,#13066,.F.);
#13066 = EDGE_CURVE('',#13067,#3080,#13069,.T.);
#13067 = VERTEX_POINT('',#13068);
#13068 = CARTESIAN_POINT('',(100.15,107.775,1.));
#13069 = LINE('',#13070,#13071);
#13070 = CARTESIAN_POINT('',(100.15,107.775,1.));
#13071 = VECTOR('',#13072,1.);
#13072 = DIRECTION('',(-0.,-0.,-1.));
#13073 = ORIENTED_EDGE('',*,*,#13074,.F.);
#13074 = EDGE_CURVE('',#13058,#13067,#13075,.T.);
#13075 = LINE('',#13076,#13077);
#13076 = CARTESIAN_POINT('',(100.15,121.775,1.));
#13077 = VECTOR('',#13078,1.);
#13078 = DIRECTION('',(0.,-1.,0.));
#13079 = PLANE('',#13080);
#13080 = AXIS2_PLACEMENT_3D('',#13081,#13082,#13083);
#13081 = CARTESIAN_POINT('',(100.15,121.775,1.));
#13082 = DIRECTION('',(-1.,0.,0.));
#13083 = DIRECTION('',(0.,-1.,0.));
#13084 = ADVANCED_FACE('',(#13085),#13103,.F.);
#13085 = FACE_BOUND('',#13086,.F.);
#13086 = EDGE_LOOP('',(#13087,#13095,#13096,#13097));
#13087 = ORIENTED_EDGE('',*,*,#13088,.T.);
#13088 = EDGE_CURVE('',#13089,#3088,#13091,.T.);
#13089 = VERTEX_POINT('',#13090);
#13090 = CARTESIAN_POINT('',(114.15,121.775,1.));
#13091 = LINE('',#13092,#13093);
#13092 = CARTESIAN_POINT('',(114.15,121.775,1.));
#13093 = VECTOR('',#13094,1.);
#13094 = DIRECTION('',(-0.,-0.,-1.));
#13095 = ORIENTED_EDGE('',*,*,#3087,.T.);
#13096 = ORIENTED_EDGE('',*,*,#13057,.F.);
#13097 = ORIENTED_EDGE('',*,*,#13098,.F.);
#13098 = EDGE_CURVE('',#13089,#13058,#13099,.T.);
#13099 = LINE('',#13100,#13101);
#13100 = CARTESIAN_POINT('',(114.15,121.775,1.));
#13101 = VECTOR('',#13102,1.);
#13102 = DIRECTION('',(-1.,0.,0.));
#13103 = PLANE('',#13104);
#13104 = AXIS2_PLACEMENT_3D('',#13105,#13106,#13107);
#13105 = CARTESIAN_POINT('',(114.15,121.775,1.));
#13106 = DIRECTION('',(0.,1.,0.));
#13107 = DIRECTION('',(-1.,0.,0.));
#13108 = ADVANCED_FACE('',(#13109),#13127,.F.);
#13109 = FACE_BOUND('',#13110,.F.);
#13110 = EDGE_LOOP('',(#13111,#13112,#13113,#13121));
#13111 = ORIENTED_EDGE('',*,*,#13066,.T.);
#13112 = ORIENTED_EDGE('',*,*,#3103,.T.);
#13113 = ORIENTED_EDGE('',*,*,#13114,.F.);
#13114 = EDGE_CURVE('',#13115,#3096,#13117,.T.);
#13115 = VERTEX_POINT('',#13116);
#13116 = CARTESIAN_POINT('',(114.15,107.775,1.));
#13117 = LINE('',#13118,#13119);
#13118 = CARTESIAN_POINT('',(114.15,107.775,1.));
#13119 = VECTOR('',#13120,1.);
#13120 = DIRECTION('',(-0.,-0.,-1.));
#13121 = ORIENTED_EDGE('',*,*,#13122,.F.);
#13122 = EDGE_CURVE('',#13067,#13115,#13123,.T.);
#13123 = LINE('',#13124,#13125);
#13124 = CARTESIAN_POINT('',(100.15,107.775,1.));
#13125 = VECTOR('',#13126,1.);
#13126 = DIRECTION('',(1.,0.,0.));
#13127 = PLANE('',#13128);
#13128 = AXIS2_PLACEMENT_3D('',#13129,#13130,#13131);
#13129 = CARTESIAN_POINT('',(100.15,107.775,1.));
#13130 = DIRECTION('',(0.,-1.,0.));
#13131 = DIRECTION('',(1.,0.,0.));
#13132 = ADVANCED_FACE('',(#13133),#13144,.F.);
#13133 = FACE_BOUND('',#13134,.F.);
#13134 = EDGE_LOOP('',(#13135,#13136,#13137,#13138));
#13135 = ORIENTED_EDGE('',*,*,#13114,.T.);
#13136 = ORIENTED_EDGE('',*,*,#3095,.T.);
#13137 = ORIENTED_EDGE('',*,*,#13088,.F.);
#13138 = ORIENTED_EDGE('',*,*,#13139,.F.);
#13139 = EDGE_CURVE('',#13115,#13089,#13140,.T.);
#13140 = LINE('',#13141,#13142);
#13141 = CARTESIAN_POINT('',(114.15,107.775,1.));
#13142 = VECTOR('',#13143,1.);
#13143 = DIRECTION('',(0.,1.,0.));
#13144 = PLANE('',#13145);
#13145 = AXIS2_PLACEMENT_3D('',#13146,#13147,#13148);
#13146 = CARTESIAN_POINT('',(114.15,107.775,1.));
#13147 = DIRECTION('',(1.,0.,0.));
#13148 = DIRECTION('',(0.,1.,0.));
#13149 = ADVANCED_FACE('',(#13150),#13175,.F.);
#13150 = FACE_BOUND('',#13151,.F.);
#13151 = EDGE_LOOP('',(#13152,#13160,#13161,#13169));
#13152 = ORIENTED_EDGE('',*,*,#13153,.T.);
#13153 = EDGE_CURVE('',#13154,#3112,#13156,.T.);
#13154 = VERTEX_POINT('',#13155);
#13155 = CARTESIAN_POINT('',(119.2,121.775,1.));
#13156 = LINE('',#13157,#13158);
#13157 = CARTESIAN_POINT('',(119.2,121.775,1.));
#13158 = VECTOR('',#13159,1.);
#13159 = DIRECTION('',(-0.,-0.,-1.));
#13160 = ORIENTED_EDGE('',*,*,#3111,.T.);
#13161 = ORIENTED_EDGE('',*,*,#13162,.F.);
#13162 = EDGE_CURVE('',#13163,#3114,#13165,.T.);
#13163 = VERTEX_POINT('',#13164);
#13164 = CARTESIAN_POINT('',(119.2,107.775,1.));
#13165 = LINE('',#13166,#13167);
#13166 = CARTESIAN_POINT('',(119.2,107.775,1.));
#13167 = VECTOR('',#13168,1.);
#13168 = DIRECTION('',(-0.,-0.,-1.));
#13169 = ORIENTED_EDGE('',*,*,#13170,.F.);
#13170 = EDGE_CURVE('',#13154,#13163,#13171,.T.);
#13171 = LINE('',#13172,#13173);
#13172 = CARTESIAN_POINT('',(119.2,121.775,1.));
#13173 = VECTOR('',#13174,1.);
#13174 = DIRECTION('',(0.,-1.,0.));
#13175 = PLANE('',#13176);
#13176 = AXIS2_PLACEMENT_3D('',#13177,#13178,#13179);
#13177 = CARTESIAN_POINT('',(119.2,121.775,1.));
#13178 = DIRECTION('',(-1.,0.,0.));
#13179 = DIRECTION('',(0.,-1.,0.));
#13180 = ADVANCED_FACE('',(#13181),#13199,.F.);
#13181 = FACE_BOUND('',#13182,.F.);
#13182 = EDGE_LOOP('',(#13183,#13191,#13192,#13193));
#13183 = ORIENTED_EDGE('',*,*,#13184,.T.);
#13184 = EDGE_CURVE('',#13185,#3122,#13187,.T.);
#13185 = VERTEX_POINT('',#13186);
#13186 = CARTESIAN_POINT('',(133.2,121.775,1.));
#13187 = LINE('',#13188,#13189);
#13188 = CARTESIAN_POINT('',(133.2,121.775,1.));
#13189 = VECTOR('',#13190,1.);
#13190 = DIRECTION('',(-0.,-0.,-1.));
#13191 = ORIENTED_EDGE('',*,*,#3121,.T.);
#13192 = ORIENTED_EDGE('',*,*,#13153,.F.);
#13193 = ORIENTED_EDGE('',*,*,#13194,.F.);
#13194 = EDGE_CURVE('',#13185,#13154,#13195,.T.);
#13195 = LINE('',#13196,#13197);
#13196 = CARTESIAN_POINT('',(133.2,121.775,1.));
#13197 = VECTOR('',#13198,1.);
#13198 = DIRECTION('',(-1.,0.,0.));
#13199 = PLANE('',#13200);
#13200 = AXIS2_PLACEMENT_3D('',#13201,#13202,#13203);
#13201 = CARTESIAN_POINT('',(133.2,121.775,1.));
#13202 = DIRECTION('',(0.,1.,0.));
#13203 = DIRECTION('',(-1.,0.,0.));
#13204 = ADVANCED_FACE('',(#13205),#13223,.F.);
#13205 = FACE_BOUND('',#13206,.F.);
#13206 = EDGE_LOOP('',(#13207,#13208,#13209,#13217));
#13207 = ORIENTED_EDGE('',*,*,#13162,.T.);
#13208 = ORIENTED_EDGE('',*,*,#3137,.T.);
#13209 = ORIENTED_EDGE('',*,*,#13210,.F.);
#13210 = EDGE_CURVE('',#13211,#3130,#13213,.T.);
#13211 = VERTEX_POINT('',#13212);
#13212 = CARTESIAN_POINT('',(133.2,107.775,1.));
#13213 = LINE('',#13214,#13215);
#13214 = CARTESIAN_POINT('',(133.2,107.775,1.));
#13215 = VECTOR('',#13216,1.);
#13216 = DIRECTION('',(-0.,-0.,-1.));
#13217 = ORIENTED_EDGE('',*,*,#13218,.F.);
#13218 = EDGE_CURVE('',#13163,#13211,#13219,.T.);
#13219 = LINE('',#13220,#13221);
#13220 = CARTESIAN_POINT('',(119.2,107.775,1.));
#13221 = VECTOR('',#13222,1.);
#13222 = DIRECTION('',(1.,0.,0.));
#13223 = PLANE('',#13224);
#13224 = AXIS2_PLACEMENT_3D('',#13225,#13226,#13227);
#13225 = CARTESIAN_POINT('',(119.2,107.775,1.));
#13226 = DIRECTION('',(0.,-1.,0.));
#13227 = DIRECTION('',(1.,0.,0.));
#13228 = ADVANCED_FACE('',(#13229),#13240,.F.);
#13229 = FACE_BOUND('',#13230,.F.);
#13230 = EDGE_LOOP('',(#13231,#13232,#13233,#13234));
#13231 = ORIENTED_EDGE('',*,*,#13210,.T.);
#13232 = ORIENTED_EDGE('',*,*,#3129,.T.);
#13233 = ORIENTED_EDGE('',*,*,#13184,.F.);
#13234 = ORIENTED_EDGE('',*,*,#13235,.F.);
#13235 = EDGE_CURVE('',#13211,#13185,#13236,.T.);
#13236 = LINE('',#13237,#13238);
#13237 = CARTESIAN_POINT('',(133.2,107.775,1.));
#13238 = VECTOR('',#13239,1.);
#13239 = DIRECTION('',(0.,1.,0.));
#13240 = PLANE('',#13241);
#13241 = AXIS2_PLACEMENT_3D('',#13242,#13243,#13244);
#13242 = CARTESIAN_POINT('',(133.2,107.775,1.));
#13243 = DIRECTION('',(1.,0.,0.));
#13244 = DIRECTION('',(0.,1.,0.));
#13245 = ADVANCED_FACE('',(#13246),#13271,.F.);
#13246 = FACE_BOUND('',#13247,.F.);
#13247 = EDGE_LOOP('',(#13248,#13256,#13257,#13265));
#13248 = ORIENTED_EDGE('',*,*,#13249,.T.);
#13249 = EDGE_CURVE('',#13250,#3146,#13252,.T.);
#13250 = VERTEX_POINT('',#13251);
#13251 = CARTESIAN_POINT('',(138.25,121.775,1.));
#13252 = LINE('',#13253,#13254);
#13253 = CARTESIAN_POINT('',(138.25,121.775,1.));
#13254 = VECTOR('',#13255,1.);
#13255 = DIRECTION('',(-0.,-0.,-1.));
#13256 = ORIENTED_EDGE('',*,*,#3145,.T.);
#13257 = ORIENTED_EDGE('',*,*,#13258,.F.);
#13258 = EDGE_CURVE('',#13259,#3148,#13261,.T.);
#13259 = VERTEX_POINT('',#13260);
#13260 = CARTESIAN_POINT('',(138.25,107.775,1.));
#13261 = LINE('',#13262,#13263);
#13262 = CARTESIAN_POINT('',(138.25,107.775,1.));
#13263 = VECTOR('',#13264,1.);
#13264 = DIRECTION('',(-0.,-0.,-1.));
#13265 = ORIENTED_EDGE('',*,*,#13266,.F.);
#13266 = EDGE_CURVE('',#13250,#13259,#13267,.T.);
#13267 = LINE('',#13268,#13269);
#13268 = CARTESIAN_POINT('',(138.25,121.775,1.));
#13269 = VECTOR('',#13270,1.);
#13270 = DIRECTION('',(0.,-1.,0.));
#13271 = PLANE('',#13272);
#13272 = AXIS2_PLACEMENT_3D('',#13273,#13274,#13275);
#13273 = CARTESIAN_POINT('',(138.25,121.775,1.));
#13274 = DIRECTION('',(-1.,0.,0.));
#13275 = DIRECTION('',(0.,-1.,0.));
#13276 = ADVANCED_FACE('',(#13277),#13295,.F.);
#13277 = FACE_BOUND('',#13278,.F.);
#13278 = EDGE_LOOP('',(#13279,#13287,#13288,#13289));
#13279 = ORIENTED_EDGE('',*,*,#13280,.T.);
#13280 = EDGE_CURVE('',#13281,#3156,#13283,.T.);
#13281 = VERTEX_POINT('',#13282);
#13282 = CARTESIAN_POINT('',(152.25,121.775,1.));
#13283 = LINE('',#13284,#13285);
#13284 = CARTESIAN_POINT('',(152.25,121.775,1.));
#13285 = VECTOR('',#13286,1.);
#13286 = DIRECTION('',(-0.,-0.,-1.));
#13287 = ORIENTED_EDGE('',*,*,#3155,.T.);
#13288 = ORIENTED_EDGE('',*,*,#13249,.F.);
#13289 = ORIENTED_EDGE('',*,*,#13290,.F.);
#13290 = EDGE_CURVE('',#13281,#13250,#13291,.T.);
#13291 = LINE('',#13292,#13293);
#13292 = CARTESIAN_POINT('',(152.25,121.775,1.));
#13293 = VECTOR('',#13294,1.);
#13294 = DIRECTION('',(-1.,0.,0.));
#13295 = PLANE('',#13296);
#13296 = AXIS2_PLACEMENT_3D('',#13297,#13298,#13299);
#13297 = CARTESIAN_POINT('',(152.25,121.775,1.));
#13298 = DIRECTION('',(0.,1.,0.));
#13299 = DIRECTION('',(-1.,0.,0.));
#13300 = ADVANCED_FACE('',(#13301),#13319,.F.);
#13301 = FACE_BOUND('',#13302,.F.);
#13302 = EDGE_LOOP('',(#13303,#13304,#13305,#13313));
#13303 = ORIENTED_EDGE('',*,*,#13258,.T.);
#13304 = ORIENTED_EDGE('',*,*,#3171,.T.);
#13305 = ORIENTED_EDGE('',*,*,#13306,.F.);
#13306 = EDGE_CURVE('',#13307,#3164,#13309,.T.);
#13307 = VERTEX_POINT('',#13308);
#13308 = CARTESIAN_POINT('',(152.25,107.775,1.));
#13309 = LINE('',#13310,#13311);
#13310 = CARTESIAN_POINT('',(152.25,107.775,1.));
#13311 = VECTOR('',#13312,1.);
#13312 = DIRECTION('',(-0.,-0.,-1.));
#13313 = ORIENTED_EDGE('',*,*,#13314,.F.);
#13314 = EDGE_CURVE('',#13259,#13307,#13315,.T.);
#13315 = LINE('',#13316,#13317);
#13316 = CARTESIAN_POINT('',(138.25,107.775,1.));
#13317 = VECTOR('',#13318,1.);
#13318 = DIRECTION('',(1.,0.,0.));
#13319 = PLANE('',#13320);
#13320 = AXIS2_PLACEMENT_3D('',#13321,#13322,#13323);
#13321 = CARTESIAN_POINT('',(138.25,107.775,1.));
#13322 = DIRECTION('',(0.,-1.,0.));
#13323 = DIRECTION('',(1.,0.,0.));
#13324 = ADVANCED_FACE('',(#13325),#13336,.F.);
#13325 = FACE_BOUND('',#13326,.F.);
#13326 = EDGE_LOOP('',(#13327,#13328,#13329,#13330));
#13327 = ORIENTED_EDGE('',*,*,#13306,.T.);
#13328 = ORIENTED_EDGE('',*,*,#3163,.T.);
#13329 = ORIENTED_EDGE('',*,*,#13280,.F.);
#13330 = ORIENTED_EDGE('',*,*,#13331,.F.);
#13331 = EDGE_CURVE('',#13307,#13281,#13332,.T.);
#13332 = LINE('',#13333,#13334);
#13333 = CARTESIAN_POINT('',(152.25,107.775,1.));
#13334 = VECTOR('',#13335,1.);
#13335 = DIRECTION('',(0.,1.,0.));
#13336 = PLANE('',#13337);
#13337 = AXIS2_PLACEMENT_3D('',#13338,#13339,#13340);
#13338 = CARTESIAN_POINT('',(152.25,107.775,1.));
#13339 = DIRECTION('',(1.,0.,0.));
#13340 = DIRECTION('',(0.,1.,0.));
#13341 = ADVANCED_FACE('',(#13342),#13367,.F.);
#13342 = FACE_BOUND('',#13343,.F.);
#13343 = EDGE_LOOP('',(#13344,#13352,#13353,#13361));
#13344 = ORIENTED_EDGE('',*,*,#13345,.T.);
#13345 = EDGE_CURVE('',#13346,#3180,#13348,.T.);
#13346 = VERTEX_POINT('',#13347);
#13347 = CARTESIAN_POINT('',(166.825,121.775,1.));
#13348 = LINE('',#13349,#13350);
#13349 = CARTESIAN_POINT('',(166.825,121.775,1.));
#13350 = VECTOR('',#13351,1.);
#13351 = DIRECTION('',(-0.,-0.,-1.));
#13352 = ORIENTED_EDGE('',*,*,#3179,.T.);
#13353 = ORIENTED_EDGE('',*,*,#13354,.F.);
#13354 = EDGE_CURVE('',#13355,#3182,#13357,.T.);
#13355 = VERTEX_POINT('',#13356);
#13356 = CARTESIAN_POINT('',(166.825,107.775,1.));
#13357 = LINE('',#13358,#13359);
#13358 = CARTESIAN_POINT('',(166.825,107.775,1.));
#13359 = VECTOR('',#13360,1.);
#13360 = DIRECTION('',(-0.,-0.,-1.));
#13361 = ORIENTED_EDGE('',*,*,#13362,.F.);
#13362 = EDGE_CURVE('',#13346,#13355,#13363,.T.);
#13363 = LINE('',#13364,#13365);
#13364 = CARTESIAN_POINT('',(166.825,121.775,1.));
#13365 = VECTOR('',#13366,1.);
#13366 = DIRECTION('',(0.,-1.,0.));
#13367 = PLANE('',#13368);
#13368 = AXIS2_PLACEMENT_3D('',#13369,#13370,#13371);
#13369 = CARTESIAN_POINT('',(166.825,121.775,1.));
#13370 = DIRECTION('',(-1.,0.,0.));
#13371 = DIRECTION('',(0.,-1.,0.));
#13372 = ADVANCED_FACE('',(#13373),#13391,.F.);
#13373 = FACE_BOUND('',#13374,.F.);
#13374 = EDGE_LOOP('',(#13375,#13383,#13384,#13385));
#13375 = ORIENTED_EDGE('',*,*,#13376,.T.);
#13376 = EDGE_CURVE('',#13377,#3190,#13379,.T.);
#13377 = VERTEX_POINT('',#13378);
#13378 = CARTESIAN_POINT('',(180.825,121.775,1.));
#13379 = LINE('',#13380,#13381);
#13380 = CARTESIAN_POINT('',(180.825,121.775,1.));
#13381 = VECTOR('',#13382,1.);
#13382 = DIRECTION('',(-0.,-0.,-1.));
#13383 = ORIENTED_EDGE('',*,*,#3189,.T.);
#13384 = ORIENTED_EDGE('',*,*,#13345,.F.);
#13385 = ORIENTED_EDGE('',*,*,#13386,.F.);
#13386 = EDGE_CURVE('',#13377,#13346,#13387,.T.);
#13387 = LINE('',#13388,#13389);
#13388 = CARTESIAN_POINT('',(180.825,121.775,1.));
#13389 = VECTOR('',#13390,1.);
#13390 = DIRECTION('',(-1.,0.,0.));
#13391 = PLANE('',#13392);
#13392 = AXIS2_PLACEMENT_3D('',#13393,#13394,#13395);
#13393 = CARTESIAN_POINT('',(180.825,121.775,1.));
#13394 = DIRECTION('',(0.,1.,0.));
#13395 = DIRECTION('',(-1.,0.,0.));
#13396 = ADVANCED_FACE('',(#13397),#13415,.F.);
#13397 = FACE_BOUND('',#13398,.F.);
#13398 = EDGE_LOOP('',(#13399,#13400,#13401,#13409));
#13399 = ORIENTED_EDGE('',*,*,#13354,.T.);
#13400 = ORIENTED_EDGE('',*,*,#3205,.T.);
#13401 = ORIENTED_EDGE('',*,*,#13402,.F.);
#13402 = EDGE_CURVE('',#13403,#3198,#13405,.T.);
#13403 = VERTEX_POINT('',#13404);
#13404 = CARTESIAN_POINT('',(180.825,107.775,1.));
#13405 = LINE('',#13406,#13407);
#13406 = CARTESIAN_POINT('',(180.825,107.775,1.));
#13407 = VECTOR('',#13408,1.);
#13408 = DIRECTION('',(-0.,-0.,-1.));
#13409 = ORIENTED_EDGE('',*,*,#13410,.F.);
#13410 = EDGE_CURVE('',#13355,#13403,#13411,.T.);
#13411 = LINE('',#13412,#13413);
#13412 = CARTESIAN_POINT('',(166.825,107.775,1.));
#13413 = VECTOR('',#13414,1.);
#13414 = DIRECTION('',(1.,0.,0.));
#13415 = PLANE('',#13416);
#13416 = AXIS2_PLACEMENT_3D('',#13417,#13418,#13419);
#13417 = CARTESIAN_POINT('',(166.825,107.775,1.));
#13418 = DIRECTION('',(0.,-1.,0.));
#13419 = DIRECTION('',(1.,0.,0.));
#13420 = ADVANCED_FACE('',(#13421),#13432,.F.);
#13421 = FACE_BOUND('',#13422,.F.);
#13422 = EDGE_LOOP('',(#13423,#13424,#13425,#13426));
#13423 = ORIENTED_EDGE('',*,*,#13402,.T.);
#13424 = ORIENTED_EDGE('',*,*,#3197,.T.);
#13425 = ORIENTED_EDGE('',*,*,#13376,.F.);
#13426 = ORIENTED_EDGE('',*,*,#13427,.F.);
#13427 = EDGE_CURVE('',#13403,#13377,#13428,.T.);
#13428 = LINE('',#13429,#13430);
#13429 = CARTESIAN_POINT('',(180.825,107.775,1.));
#13430 = VECTOR('',#13431,1.);
#13431 = DIRECTION('',(0.,1.,0.));
#13432 = PLANE('',#13433);
#13433 = AXIS2_PLACEMENT_3D('',#13434,#13435,#13436);
#13434 = CARTESIAN_POINT('',(180.825,107.775,1.));
#13435 = DIRECTION('',(1.,0.,0.));
#13436 = DIRECTION('',(0.,1.,0.));
#13437 = ADVANCED_FACE('',(#13438),#13463,.F.);
#13438 = FACE_BOUND('',#13439,.F.);
#13439 = EDGE_LOOP('',(#13440,#13448,#13449,#13457));
#13440 = ORIENTED_EDGE('',*,*,#13441,.T.);
#13441 = EDGE_CURVE('',#13442,#3214,#13444,.T.);
#13442 = VERTEX_POINT('',#13443);
#13443 = CARTESIAN_POINT('',(176.35,78.675,1.));
#13444 = LINE('',#13445,#13446);
#13445 = CARTESIAN_POINT('',(176.35,78.675,1.));
#13446 = VECTOR('',#13447,1.);
#13447 = DIRECTION('',(-0.,-0.,-1.));
#13448 = ORIENTED_EDGE('',*,*,#3213,.T.);
#13449 = ORIENTED_EDGE('',*,*,#13450,.F.);
#13450 = EDGE_CURVE('',#13451,#3216,#13453,.T.);
#13451 = VERTEX_POINT('',#13452);
#13452 = CARTESIAN_POINT('',(176.35,64.675,1.));
#13453 = LINE('',#13454,#13455);
#13454 = CARTESIAN_POINT('',(176.35,64.675,1.));
#13455 = VECTOR('',#13456,1.);
#13456 = DIRECTION('',(-0.,-0.,-1.));
#13457 = ORIENTED_EDGE('',*,*,#13458,.F.);
#13458 = EDGE_CURVE('',#13442,#13451,#13459,.T.);
#13459 = LINE('',#13460,#13461);
#13460 = CARTESIAN_POINT('',(176.35,78.675,1.));
#13461 = VECTOR('',#13462,1.);
#13462 = DIRECTION('',(0.,-1.,0.));
#13463 = PLANE('',#13464);
#13464 = AXIS2_PLACEMENT_3D('',#13465,#13466,#13467);
#13465 = CARTESIAN_POINT('',(176.35,78.675,1.));
#13466 = DIRECTION('',(-1.,0.,0.));
#13467 = DIRECTION('',(0.,-1.,0.));
#13468 = ADVANCED_FACE('',(#13469),#13487,.F.);
#13469 = FACE_BOUND('',#13470,.F.);
#13470 = EDGE_LOOP('',(#13471,#13479,#13480,#13481));
#13471 = ORIENTED_EDGE('',*,*,#13472,.T.);
#13472 = EDGE_CURVE('',#13473,#3224,#13475,.T.);
#13473 = VERTEX_POINT('',#13474);
#13474 = CARTESIAN_POINT('',(190.35,78.675,1.));
#13475 = LINE('',#13476,#13477);
#13476 = CARTESIAN_POINT('',(190.35,78.675,1.));
#13477 = VECTOR('',#13478,1.);
#13478 = DIRECTION('',(-0.,-0.,-1.));
#13479 = ORIENTED_EDGE('',*,*,#3223,.T.);
#13480 = ORIENTED_EDGE('',*,*,#13441,.F.);
#13481 = ORIENTED_EDGE('',*,*,#13482,.F.);
#13482 = EDGE_CURVE('',#13473,#13442,#13483,.T.);
#13483 = LINE('',#13484,#13485);
#13484 = CARTESIAN_POINT('',(190.35,78.675,1.));
#13485 = VECTOR('',#13486,1.);
#13486 = DIRECTION('',(-1.,0.,0.));
#13487 = PLANE('',#13488);
#13488 = AXIS2_PLACEMENT_3D('',#13489,#13490,#13491);
#13489 = CARTESIAN_POINT('',(190.35,78.675,1.));
#13490 = DIRECTION('',(0.,1.,0.));
#13491 = DIRECTION('',(-1.,0.,0.));
#13492 = ADVANCED_FACE('',(#13493),#13511,.F.);
#13493 = FACE_BOUND('',#13494,.F.);
#13494 = EDGE_LOOP('',(#13495,#13496,#13497,#13505));
#13495 = ORIENTED_EDGE('',*,*,#13450,.T.);
#13496 = ORIENTED_EDGE('',*,*,#3239,.T.);
#13497 = ORIENTED_EDGE('',*,*,#13498,.F.);
#13498 = EDGE_CURVE('',#13499,#3232,#13501,.T.);
#13499 = VERTEX_POINT('',#13500);
#13500 = CARTESIAN_POINT('',(190.35,64.675,1.));
#13501 = LINE('',#13502,#13503);
#13502 = CARTESIAN_POINT('',(190.35,64.675,1.));
#13503 = VECTOR('',#13504,1.);
#13504 = DIRECTION('',(-0.,-0.,-1.));
#13505 = ORIENTED_EDGE('',*,*,#13506,.F.);
#13506 = EDGE_CURVE('',#13451,#13499,#13507,.T.);
#13507 = LINE('',#13508,#13509);
#13508 = CARTESIAN_POINT('',(176.35,64.675,1.));
#13509 = VECTOR('',#13510,1.);
#13510 = DIRECTION('',(1.,0.,0.));
#13511 = PLANE('',#13512);
#13512 = AXIS2_PLACEMENT_3D('',#13513,#13514,#13515);
#13513 = CARTESIAN_POINT('',(176.35,64.675,1.));
#13514 = DIRECTION('',(0.,-1.,0.));
#13515 = DIRECTION('',(1.,0.,0.));
#13516 = ADVANCED_FACE('',(#13517),#13528,.F.);
#13517 = FACE_BOUND('',#13518,.F.);
#13518 = EDGE_LOOP('',(#13519,#13520,#13521,#13522));
#13519 = ORIENTED_EDGE('',*,*,#13498,.T.);
#13520 = ORIENTED_EDGE('',*,*,#3231,.T.);
#13521 = ORIENTED_EDGE('',*,*,#13472,.F.);
#13522 = ORIENTED_EDGE('',*,*,#13523,.F.);
#13523 = EDGE_CURVE('',#13499,#13473,#13524,.T.);
#13524 = LINE('',#13525,#13526);
#13525 = CARTESIAN_POINT('',(190.35,64.675,1.));
#13526 = VECTOR('',#13527,1.);
#13527 = DIRECTION('',(0.,1.,0.));
#13528 = PLANE('',#13529);
#13529 = AXIS2_PLACEMENT_3D('',#13530,#13531,#13532);
#13530 = CARTESIAN_POINT('',(190.35,64.675,1.));
#13531 = DIRECTION('',(1.,0.,0.));
#13532 = DIRECTION('',(0.,1.,0.));
#13533 = ADVANCED_FACE('',(#13534),#13559,.F.);
#13534 = FACE_BOUND('',#13535,.F.);
#13535 = EDGE_LOOP('',(#13536,#13544,#13545,#13553));
#13536 = ORIENTED_EDGE('',*,*,#13537,.T.);
#13537 = EDGE_CURVE('',#13538,#3248,#13540,.T.);
#13538 = VERTEX_POINT('',#13539);
#13539 = CARTESIAN_POINT('',(195.4,78.675,1.));
#13540 = LINE('',#13541,#13542);
#13541 = CARTESIAN_POINT('',(195.4,78.675,1.));
#13542 = VECTOR('',#13543,1.);
#13543 = DIRECTION('',(-0.,-0.,-1.));
#13544 = ORIENTED_EDGE('',*,*,#3247,.T.);
#13545 = ORIENTED_EDGE('',*,*,#13546,.F.);
#13546 = EDGE_CURVE('',#13547,#3250,#13549,.T.);
#13547 = VERTEX_POINT('',#13548);
#13548 = CARTESIAN_POINT('',(195.4,64.675,1.));
#13549 = LINE('',#13550,#13551);
#13550 = CARTESIAN_POINT('',(195.4,64.675,1.));
#13551 = VECTOR('',#13552,1.);
#13552 = DIRECTION('',(-0.,-0.,-1.));
#13553 = ORIENTED_EDGE('',*,*,#13554,.F.);
#13554 = EDGE_CURVE('',#13538,#13547,#13555,.T.);
#13555 = LINE('',#13556,#13557);
#13556 = CARTESIAN_POINT('',(195.4,78.675,1.));
#13557 = VECTOR('',#13558,1.);
#13558 = DIRECTION('',(0.,-1.,0.));
#13559 = PLANE('',#13560);
#13560 = AXIS2_PLACEMENT_3D('',#13561,#13562,#13563);
#13561 = CARTESIAN_POINT('',(195.4,78.675,1.));
#13562 = DIRECTION('',(-1.,0.,0.));
#13563 = DIRECTION('',(0.,-1.,0.));
#13564 = ADVANCED_FACE('',(#13565),#13583,.F.);
#13565 = FACE_BOUND('',#13566,.F.);
#13566 = EDGE_LOOP('',(#13567,#13575,#13576,#13577));
#13567 = ORIENTED_EDGE('',*,*,#13568,.T.);
#13568 = EDGE_CURVE('',#13569,#3258,#13571,.T.);
#13569 = VERTEX_POINT('',#13570);
#13570 = CARTESIAN_POINT('',(209.4,78.675,1.));
#13571 = LINE('',#13572,#13573);
#13572 = CARTESIAN_POINT('',(209.4,78.675,1.));
#13573 = VECTOR('',#13574,1.);
#13574 = DIRECTION('',(-0.,-0.,-1.));
#13575 = ORIENTED_EDGE('',*,*,#3257,.T.);
#13576 = ORIENTED_EDGE('',*,*,#13537,.F.);
#13577 = ORIENTED_EDGE('',*,*,#13578,.F.);
#13578 = EDGE_CURVE('',#13569,#13538,#13579,.T.);
#13579 = LINE('',#13580,#13581);
#13580 = CARTESIAN_POINT('',(209.4,78.675,1.));
#13581 = VECTOR('',#13582,1.);
#13582 = DIRECTION('',(-1.,0.,0.));
#13583 = PLANE('',#13584);
#13584 = AXIS2_PLACEMENT_3D('',#13585,#13586,#13587);
#13585 = CARTESIAN_POINT('',(209.4,78.675,1.));
#13586 = DIRECTION('',(0.,1.,0.));
#13587 = DIRECTION('',(-1.,0.,0.));
#13588 = ADVANCED_FACE('',(#13589),#13607,.F.);
#13589 = FACE_BOUND('',#13590,.F.);
#13590 = EDGE_LOOP('',(#13591,#13592,#13593,#13601));
#13591 = ORIENTED_EDGE('',*,*,#13546,.T.);
#13592 = ORIENTED_EDGE('',*,*,#3273,.T.);
#13593 = ORIENTED_EDGE('',*,*,#13594,.F.);
#13594 = EDGE_CURVE('',#13595,#3266,#13597,.T.);
#13595 = VERTEX_POINT('',#13596);
#13596 = CARTESIAN_POINT('',(209.4,64.675,1.));
#13597 = LINE('',#13598,#13599);
#13598 = CARTESIAN_POINT('',(209.4,64.675,1.));
#13599 = VECTOR('',#13600,1.);
#13600 = DIRECTION('',(-0.,-0.,-1.));
#13601 = ORIENTED_EDGE('',*,*,#13602,.F.);
#13602 = EDGE_CURVE('',#13547,#13595,#13603,.T.);
#13603 = LINE('',#13604,#13605);
#13604 = CARTESIAN_POINT('',(195.4,64.675,1.));
#13605 = VECTOR('',#13606,1.);
#13606 = DIRECTION('',(1.,0.,0.));
#13607 = PLANE('',#13608);
#13608 = AXIS2_PLACEMENT_3D('',#13609,#13610,#13611);
#13609 = CARTESIAN_POINT('',(195.4,64.675,1.));
#13610 = DIRECTION('',(0.,-1.,0.));
#13611 = DIRECTION('',(1.,0.,0.));
#13612 = ADVANCED_FACE('',(#13613),#13624,.F.);
#13613 = FACE_BOUND('',#13614,.F.);
#13614 = EDGE_LOOP('',(#13615,#13616,#13617,#13618));
#13615 = ORIENTED_EDGE('',*,*,#13594,.T.);
#13616 = ORIENTED_EDGE('',*,*,#3265,.T.);
#13617 = ORIENTED_EDGE('',*,*,#13568,.F.);
#13618 = ORIENTED_EDGE('',*,*,#13619,.F.);
#13619 = EDGE_CURVE('',#13595,#13569,#13620,.T.);
#13620 = LINE('',#13621,#13622);
#13621 = CARTESIAN_POINT('',(209.4,64.675,1.));
#13622 = VECTOR('',#13623,1.);
#13623 = DIRECTION('',(0.,1.,0.));
#13624 = PLANE('',#13625);
#13625 = AXIS2_PLACEMENT_3D('',#13626,#13627,#13628);
#13626 = CARTESIAN_POINT('',(209.4,64.675,1.));
#13627 = DIRECTION('',(1.,0.,0.));
#13628 = DIRECTION('',(0.,1.,0.));
#13629 = ADVANCED_FACE('',(#13630),#13655,.F.);
#13630 = FACE_BOUND('',#13631,.F.);
#13631 = EDGE_LOOP('',(#13632,#13640,#13641,#13649));
#13632 = ORIENTED_EDGE('',*,*,#13633,.T.);
#13633 = EDGE_CURVE('',#13634,#3282,#13636,.T.);
#13634 = VERTEX_POINT('',#13635);
#13635 = CARTESIAN_POINT('',(214.45,78.675,1.));
#13636 = LINE('',#13637,#13638);
#13637 = CARTESIAN_POINT('',(214.45,78.675,1.));
#13638 = VECTOR('',#13639,1.);
#13639 = DIRECTION('',(-0.,-0.,-1.));
#13640 = ORIENTED_EDGE('',*,*,#3281,.T.);
#13641 = ORIENTED_EDGE('',*,*,#13642,.F.);
#13642 = EDGE_CURVE('',#13643,#3284,#13645,.T.);
#13643 = VERTEX_POINT('',#13644);
#13644 = CARTESIAN_POINT('',(214.45,64.675,1.));
#13645 = LINE('',#13646,#13647);
#13646 = CARTESIAN_POINT('',(214.45,64.675,1.));
#13647 = VECTOR('',#13648,1.);
#13648 = DIRECTION('',(-0.,-0.,-1.));
#13649 = ORIENTED_EDGE('',*,*,#13650,.F.);
#13650 = EDGE_CURVE('',#13634,#13643,#13651,.T.);
#13651 = LINE('',#13652,#13653);
#13652 = CARTESIAN_POINT('',(214.45,78.675,1.));
#13653 = VECTOR('',#13654,1.);
#13654 = DIRECTION('',(0.,-1.,0.));
#13655 = PLANE('',#13656);
#13656 = AXIS2_PLACEMENT_3D('',#13657,#13658,#13659);
#13657 = CARTESIAN_POINT('',(214.45,78.675,1.));
#13658 = DIRECTION('',(-1.,0.,0.));
#13659 = DIRECTION('',(0.,-1.,0.));
#13660 = ADVANCED_FACE('',(#13661),#13679,.F.);
#13661 = FACE_BOUND('',#13662,.F.);
#13662 = EDGE_LOOP('',(#13663,#13671,#13672,#13673));
#13663 = ORIENTED_EDGE('',*,*,#13664,.T.);
#13664 = EDGE_CURVE('',#13665,#3292,#13667,.T.);
#13665 = VERTEX_POINT('',#13666);
#13666 = CARTESIAN_POINT('',(228.45,78.675,1.));
#13667 = LINE('',#13668,#13669);
#13668 = CARTESIAN_POINT('',(228.45,78.675,1.));
#13669 = VECTOR('',#13670,1.);
#13670 = DIRECTION('',(-0.,-0.,-1.));
#13671 = ORIENTED_EDGE('',*,*,#3291,.T.);
#13672 = ORIENTED_EDGE('',*,*,#13633,.F.);
#13673 = ORIENTED_EDGE('',*,*,#13674,.F.);
#13674 = EDGE_CURVE('',#13665,#13634,#13675,.T.);
#13675 = LINE('',#13676,#13677);
#13676 = CARTESIAN_POINT('',(228.45,78.675,1.));
#13677 = VECTOR('',#13678,1.);
#13678 = DIRECTION('',(-1.,0.,0.));
#13679 = PLANE('',#13680);
#13680 = AXIS2_PLACEMENT_3D('',#13681,#13682,#13683);
#13681 = CARTESIAN_POINT('',(228.45,78.675,1.));
#13682 = DIRECTION('',(0.,1.,0.));
#13683 = DIRECTION('',(-1.,0.,0.));
#13684 = ADVANCED_FACE('',(#13685),#13703,.F.);
#13685 = FACE_BOUND('',#13686,.F.);
#13686 = EDGE_LOOP('',(#13687,#13688,#13689,#13697));
#13687 = ORIENTED_EDGE('',*,*,#13642,.T.);
#13688 = ORIENTED_EDGE('',*,*,#3307,.T.);
#13689 = ORIENTED_EDGE('',*,*,#13690,.F.);
#13690 = EDGE_CURVE('',#13691,#3300,#13693,.T.);
#13691 = VERTEX_POINT('',#13692);
#13692 = CARTESIAN_POINT('',(228.45,64.675,1.));
#13693 = LINE('',#13694,#13695);
#13694 = CARTESIAN_POINT('',(228.45,64.675,1.));
#13695 = VECTOR('',#13696,1.);
#13696 = DIRECTION('',(-0.,-0.,-1.));
#13697 = ORIENTED_EDGE('',*,*,#13698,.F.);
#13698 = EDGE_CURVE('',#13643,#13691,#13699,.T.);
#13699 = LINE('',#13700,#13701);
#13700 = CARTESIAN_POINT('',(214.45,64.675,1.));
#13701 = VECTOR('',#13702,1.);
#13702 = DIRECTION('',(1.,0.,0.));
#13703 = PLANE('',#13704);
#13704 = AXIS2_PLACEMENT_3D('',#13705,#13706,#13707);
#13705 = CARTESIAN_POINT('',(214.45,64.675,1.));
#13706 = DIRECTION('',(0.,-1.,0.));
#13707 = DIRECTION('',(1.,0.,0.));
#13708 = ADVANCED_FACE('',(#13709),#13720,.F.);
#13709 = FACE_BOUND('',#13710,.F.);
#13710 = EDGE_LOOP('',(#13711,#13712,#13713,#13714));
#13711 = ORIENTED_EDGE('',*,*,#13690,.T.);
#13712 = ORIENTED_EDGE('',*,*,#3299,.T.);
#13713 = ORIENTED_EDGE('',*,*,#13664,.F.);
#13714 = ORIENTED_EDGE('',*,*,#13715,.F.);
#13715 = EDGE_CURVE('',#13691,#13665,#13716,.T.);
#13716 = LINE('',#13717,#13718);
#13717 = CARTESIAN_POINT('',(228.45,64.675,1.));
#13718 = VECTOR('',#13719,1.);
#13719 = DIRECTION('',(0.,1.,0.));
#13720 = PLANE('',#13721);
#13721 = AXIS2_PLACEMENT_3D('',#13722,#13723,#13724);
#13722 = CARTESIAN_POINT('',(228.45,64.675,1.));
#13723 = DIRECTION('',(1.,0.,0.));
#13724 = DIRECTION('',(0.,1.,0.));
#13725 = ADVANCED_FACE('',(#13726),#13751,.F.);
#13726 = FACE_BOUND('',#13727,.F.);
#13727 = EDGE_LOOP('',(#13728,#13736,#13737,#13745));
#13728 = ORIENTED_EDGE('',*,*,#13729,.T.);
#13729 = EDGE_CURVE('',#13730,#3316,#13732,.T.);
#13730 = VERTEX_POINT('',#13731);
#13731 = CARTESIAN_POINT('',(233.5,78.675,1.));
#13732 = LINE('',#13733,#13734);
#13733 = CARTESIAN_POINT('',(233.5,78.675,1.));
#13734 = VECTOR('',#13735,1.);
#13735 = DIRECTION('',(-0.,-0.,-1.));
#13736 = ORIENTED_EDGE('',*,*,#3315,.T.);
#13737 = ORIENTED_EDGE('',*,*,#13738,.F.);
#13738 = EDGE_CURVE('',#13739,#3318,#13741,.T.);
#13739 = VERTEX_POINT('',#13740);
#13740 = CARTESIAN_POINT('',(233.5,64.675,1.));
#13741 = LINE('',#13742,#13743);
#13742 = CARTESIAN_POINT('',(233.5,64.675,1.));
#13743 = VECTOR('',#13744,1.);
#13744 = DIRECTION('',(-0.,-0.,-1.));
#13745 = ORIENTED_EDGE('',*,*,#13746,.F.);
#13746 = EDGE_CURVE('',#13730,#13739,#13747,.T.);
#13747 = LINE('',#13748,#13749);
#13748 = CARTESIAN_POINT('',(233.5,78.675,1.));
#13749 = VECTOR('',#13750,1.);
#13750 = DIRECTION('',(0.,-1.,0.));
#13751 = PLANE('',#13752);
#13752 = AXIS2_PLACEMENT_3D('',#13753,#13754,#13755);
#13753 = CARTESIAN_POINT('',(233.5,78.675,1.));
#13754 = DIRECTION('',(-1.,0.,0.));
#13755 = DIRECTION('',(0.,-1.,0.));
#13756 = ADVANCED_FACE('',(#13757),#13775,.F.);
#13757 = FACE_BOUND('',#13758,.F.);
#13758 = EDGE_LOOP('',(#13759,#13767,#13768,#13769));
#13759 = ORIENTED_EDGE('',*,*,#13760,.T.);
#13760 = EDGE_CURVE('',#13761,#3326,#13763,.T.);
#13761 = VERTEX_POINT('',#13762);
#13762 = CARTESIAN_POINT('',(247.5,78.675,1.));
#13763 = LINE('',#13764,#13765);
#13764 = CARTESIAN_POINT('',(247.5,78.675,1.));
#13765 = VECTOR('',#13766,1.);
#13766 = DIRECTION('',(-0.,-0.,-1.));
#13767 = ORIENTED_EDGE('',*,*,#3325,.T.);
#13768 = ORIENTED_EDGE('',*,*,#13729,.F.);
#13769 = ORIENTED_EDGE('',*,*,#13770,.F.);
#13770 = EDGE_CURVE('',#13761,#13730,#13771,.T.);
#13771 = LINE('',#13772,#13773);
#13772 = CARTESIAN_POINT('',(247.5,78.675,1.));
#13773 = VECTOR('',#13774,1.);
#13774 = DIRECTION('',(-1.,0.,0.));
#13775 = PLANE('',#13776);
#13776 = AXIS2_PLACEMENT_3D('',#13777,#13778,#13779);
#13777 = CARTESIAN_POINT('',(247.5,78.675,1.));
#13778 = DIRECTION('',(0.,1.,0.));
#13779 = DIRECTION('',(-1.,0.,0.));
#13780 = ADVANCED_FACE('',(#13781),#13799,.F.);
#13781 = FACE_BOUND('',#13782,.F.);
#13782 = EDGE_LOOP('',(#13783,#13784,#13785,#13793));
#13783 = ORIENTED_EDGE('',*,*,#13738,.T.);
#13784 = ORIENTED_EDGE('',*,*,#3341,.T.);
#13785 = ORIENTED_EDGE('',*,*,#13786,.F.);
#13786 = EDGE_CURVE('',#13787,#3334,#13789,.T.);
#13787 = VERTEX_POINT('',#13788);
#13788 = CARTESIAN_POINT('',(247.5,64.675,1.));
#13789 = LINE('',#13790,#13791);
#13790 = CARTESIAN_POINT('',(247.5,64.675,1.));
#13791 = VECTOR('',#13792,1.);
#13792 = DIRECTION('',(-0.,-0.,-1.));
#13793 = ORIENTED_EDGE('',*,*,#13794,.F.);
#13794 = EDGE_CURVE('',#13739,#13787,#13795,.T.);
#13795 = LINE('',#13796,#13797);
#13796 = CARTESIAN_POINT('',(233.5,64.675,1.));
#13797 = VECTOR('',#13798,1.);
#13798 = DIRECTION('',(1.,0.,0.));
#13799 = PLANE('',#13800);
#13800 = AXIS2_PLACEMENT_3D('',#13801,#13802,#13803);
#13801 = CARTESIAN_POINT('',(233.5,64.675,1.));
#13802 = DIRECTION('',(0.,-1.,0.));
#13803 = DIRECTION('',(1.,0.,0.));
#13804 = ADVANCED_FACE('',(#13805),#13816,.F.);
#13805 = FACE_BOUND('',#13806,.F.);
#13806 = EDGE_LOOP('',(#13807,#13808,#13809,#13810));
#13807 = ORIENTED_EDGE('',*,*,#13786,.T.);
#13808 = ORIENTED_EDGE('',*,*,#3333,.T.);
#13809 = ORIENTED_EDGE('',*,*,#13760,.F.);
#13810 = ORIENTED_EDGE('',*,*,#13811,.F.);
#13811 = EDGE_CURVE('',#13787,#13761,#13812,.T.);
#13812 = LINE('',#13813,#13814);
#13813 = CARTESIAN_POINT('',(247.5,64.675,1.));
#13814 = VECTOR('',#13815,1.);
#13815 = DIRECTION('',(0.,1.,0.));
#13816 = PLANE('',#13817);
#13817 = AXIS2_PLACEMENT_3D('',#13818,#13819,#13820);
#13818 = CARTESIAN_POINT('',(247.5,64.675,1.));
#13819 = DIRECTION('',(1.,0.,0.));
#13820 = DIRECTION('',(0.,1.,0.));
#13821 = ADVANCED_FACE('',(#13822),#13847,.F.);
#13822 = FACE_BOUND('',#13823,.F.);
#13823 = EDGE_LOOP('',(#13824,#13832,#13833,#13841));
#13824 = ORIENTED_EDGE('',*,*,#13825,.T.);
#13825 = EDGE_CURVE('',#13826,#3350,#13828,.T.);
#13826 = VERTEX_POINT('',#13827);
#13827 = CARTESIAN_POINT('',(252.55,78.675,1.));
#13828 = LINE('',#13829,#13830);
#13829 = CARTESIAN_POINT('',(252.55,78.675,1.));
#13830 = VECTOR('',#13831,1.);
#13831 = DIRECTION('',(-0.,-0.,-1.));
#13832 = ORIENTED_EDGE('',*,*,#3349,.T.);
#13833 = ORIENTED_EDGE('',*,*,#13834,.F.);
#13834 = EDGE_CURVE('',#13835,#3352,#13837,.T.);
#13835 = VERTEX_POINT('',#13836);
#13836 = CARTESIAN_POINT('',(252.55,64.675,1.));
#13837 = LINE('',#13838,#13839);
#13838 = CARTESIAN_POINT('',(252.55,64.675,1.));
#13839 = VECTOR('',#13840,1.);
#13840 = DIRECTION('',(-0.,-0.,-1.));
#13841 = ORIENTED_EDGE('',*,*,#13842,.F.);
#13842 = EDGE_CURVE('',#13826,#13835,#13843,.T.);
#13843 = LINE('',#13844,#13845);
#13844 = CARTESIAN_POINT('',(252.55,78.675,1.));
#13845 = VECTOR('',#13846,1.);
#13846 = DIRECTION('',(0.,-1.,0.));
#13847 = PLANE('',#13848);
#13848 = AXIS2_PLACEMENT_3D('',#13849,#13850,#13851);
#13849 = CARTESIAN_POINT('',(252.55,78.675,1.));
#13850 = DIRECTION('',(-1.,0.,0.));
#13851 = DIRECTION('',(0.,-1.,0.));
#13852 = ADVANCED_FACE('',(#13853),#13871,.F.);
#13853 = FACE_BOUND('',#13854,.F.);
#13854 = EDGE_LOOP('',(#13855,#13863,#13864,#13865));
#13855 = ORIENTED_EDGE('',*,*,#13856,.T.);
#13856 = EDGE_CURVE('',#13857,#3360,#13859,.T.);
#13857 = VERTEX_POINT('',#13858);
#13858 = CARTESIAN_POINT('',(266.55,78.675,1.));
#13859 = LINE('',#13860,#13861);
#13860 = CARTESIAN_POINT('',(266.55,78.675,1.));
#13861 = VECTOR('',#13862,1.);
#13862 = DIRECTION('',(-0.,-0.,-1.));
#13863 = ORIENTED_EDGE('',*,*,#3359,.T.);
#13864 = ORIENTED_EDGE('',*,*,#13825,.F.);
#13865 = ORIENTED_EDGE('',*,*,#13866,.F.);
#13866 = EDGE_CURVE('',#13857,#13826,#13867,.T.);
#13867 = LINE('',#13868,#13869);
#13868 = CARTESIAN_POINT('',(266.55,78.675,1.));
#13869 = VECTOR('',#13870,1.);
#13870 = DIRECTION('',(-1.,0.,0.));
#13871 = PLANE('',#13872);
#13872 = AXIS2_PLACEMENT_3D('',#13873,#13874,#13875);
#13873 = CARTESIAN_POINT('',(266.55,78.675,1.));
#13874 = DIRECTION('',(0.,1.,0.));
#13875 = DIRECTION('',(-1.,0.,0.));
#13876 = ADVANCED_FACE('',(#13877),#13895,.F.);
#13877 = FACE_BOUND('',#13878,.F.);
#13878 = EDGE_LOOP('',(#13879,#13880,#13881,#13889));
#13879 = ORIENTED_EDGE('',*,*,#13834,.T.);
#13880 = ORIENTED_EDGE('',*,*,#3375,.T.);
#13881 = ORIENTED_EDGE('',*,*,#13882,.F.);
#13882 = EDGE_CURVE('',#13883,#3368,#13885,.T.);
#13883 = VERTEX_POINT('',#13884);
#13884 = CARTESIAN_POINT('',(266.55,64.675,1.));
#13885 = LINE('',#13886,#13887);
#13886 = CARTESIAN_POINT('',(266.55,64.675,1.));
#13887 = VECTOR('',#13888,1.);
#13888 = DIRECTION('',(-0.,-0.,-1.));
#13889 = ORIENTED_EDGE('',*,*,#13890,.F.);
#13890 = EDGE_CURVE('',#13835,#13883,#13891,.T.);
#13891 = LINE('',#13892,#13893);
#13892 = CARTESIAN_POINT('',(252.55,64.675,1.));
#13893 = VECTOR('',#13894,1.);
#13894 = DIRECTION('',(1.,0.,0.));
#13895 = PLANE('',#13896);
#13896 = AXIS2_PLACEMENT_3D('',#13897,#13898,#13899);
#13897 = CARTESIAN_POINT('',(252.55,64.675,1.));
#13898 = DIRECTION('',(0.,-1.,0.));
#13899 = DIRECTION('',(1.,0.,0.));
#13900 = ADVANCED_FACE('',(#13901),#13912,.F.);
#13901 = FACE_BOUND('',#13902,.F.);
#13902 = EDGE_LOOP('',(#13903,#13904,#13905,#13906));
#13903 = ORIENTED_EDGE('',*,*,#13882,.T.);
#13904 = ORIENTED_EDGE('',*,*,#3367,.T.);
#13905 = ORIENTED_EDGE('',*,*,#13856,.F.);
#13906 = ORIENTED_EDGE('',*,*,#13907,.F.);
#13907 = EDGE_CURVE('',#13883,#13857,#13908,.T.);
#13908 = LINE('',#13909,#13910);
#13909 = CARTESIAN_POINT('',(266.55,64.675,1.));
#13910 = VECTOR('',#13911,1.);
#13911 = DIRECTION('',(0.,1.,0.));
#13912 = PLANE('',#13913);
#13913 = AXIS2_PLACEMENT_3D('',#13914,#13915,#13916);
#13914 = CARTESIAN_POINT('',(266.55,64.675,1.));
#13915 = DIRECTION('',(1.,0.,0.));
#13916 = DIRECTION('',(0.,1.,0.));
#13917 = ADVANCED_FACE('',(#13918),#13943,.F.);
#13918 = FACE_BOUND('',#13919,.F.);
#13919 = EDGE_LOOP('',(#13920,#13928,#13929,#13937));
#13920 = ORIENTED_EDGE('',*,*,#13921,.T.);
#13921 = EDGE_CURVE('',#13922,#3384,#13924,.T.);
#13922 = VERTEX_POINT('',#13923);
#13923 = CARTESIAN_POINT('',(185.875,97.725,1.));
#13924 = LINE('',#13925,#13926);
#13925 = CARTESIAN_POINT('',(185.875,97.725,1.));
#13926 = VECTOR('',#13927,1.);
#13927 = DIRECTION('',(-0.,-0.,-1.));
#13928 = ORIENTED_EDGE('',*,*,#3383,.T.);
#13929 = ORIENTED_EDGE('',*,*,#13930,.F.);
#13930 = EDGE_CURVE('',#13931,#3386,#13933,.T.);
#13931 = VERTEX_POINT('',#13932);
#13932 = CARTESIAN_POINT('',(185.875,83.725,1.));
#13933 = LINE('',#13934,#13935);
#13934 = CARTESIAN_POINT('',(185.875,83.725,1.));
#13935 = VECTOR('',#13936,1.);
#13936 = DIRECTION('',(-0.,-0.,-1.));
#13937 = ORIENTED_EDGE('',*,*,#13938,.F.);
#13938 = EDGE_CURVE('',#13922,#13931,#13939,.T.);
#13939 = LINE('',#13940,#13941);
#13940 = CARTESIAN_POINT('',(185.875,97.725,1.));
#13941 = VECTOR('',#13942,1.);
#13942 = DIRECTION('',(0.,-1.,0.));
#13943 = PLANE('',#13944);
#13944 = AXIS2_PLACEMENT_3D('',#13945,#13946,#13947);
#13945 = CARTESIAN_POINT('',(185.875,97.725,1.));
#13946 = DIRECTION('',(-1.,0.,0.));
#13947 = DIRECTION('',(0.,-1.,0.));
#13948 = ADVANCED_FACE('',(#13949),#13967,.F.);
#13949 = FACE_BOUND('',#13950,.F.);
#13950 = EDGE_LOOP('',(#13951,#13959,#13960,#13961));
#13951 = ORIENTED_EDGE('',*,*,#13952,.T.);
#13952 = EDGE_CURVE('',#13953,#3394,#13955,.T.);
#13953 = VERTEX_POINT('',#13954);
#13954 = CARTESIAN_POINT('',(199.875,97.725,1.));
#13955 = LINE('',#13956,#13957);
#13956 = CARTESIAN_POINT('',(199.875,97.725,1.));
#13957 = VECTOR('',#13958,1.);
#13958 = DIRECTION('',(-0.,-0.,-1.));
#13959 = ORIENTED_EDGE('',*,*,#3393,.T.);
#13960 = ORIENTED_EDGE('',*,*,#13921,.F.);
#13961 = ORIENTED_EDGE('',*,*,#13962,.F.);
#13962 = EDGE_CURVE('',#13953,#13922,#13963,.T.);
#13963 = LINE('',#13964,#13965);
#13964 = CARTESIAN_POINT('',(199.875,97.725,1.));
#13965 = VECTOR('',#13966,1.);
#13966 = DIRECTION('',(-1.,0.,0.));
#13967 = PLANE('',#13968);
#13968 = AXIS2_PLACEMENT_3D('',#13969,#13970,#13971);
#13969 = CARTESIAN_POINT('',(199.875,97.725,1.));
#13970 = DIRECTION('',(0.,1.,0.));
#13971 = DIRECTION('',(-1.,0.,0.));
#13972 = ADVANCED_FACE('',(#13973),#13991,.F.);
#13973 = FACE_BOUND('',#13974,.F.);
#13974 = EDGE_LOOP('',(#13975,#13976,#13977,#13985));
#13975 = ORIENTED_EDGE('',*,*,#13930,.T.);
#13976 = ORIENTED_EDGE('',*,*,#3409,.T.);
#13977 = ORIENTED_EDGE('',*,*,#13978,.F.);
#13978 = EDGE_CURVE('',#13979,#3402,#13981,.T.);
#13979 = VERTEX_POINT('',#13980);
#13980 = CARTESIAN_POINT('',(199.875,83.725,1.));
#13981 = LINE('',#13982,#13983);
#13982 = CARTESIAN_POINT('',(199.875,83.725,1.));
#13983 = VECTOR('',#13984,1.);
#13984 = DIRECTION('',(-0.,-0.,-1.));
#13985 = ORIENTED_EDGE('',*,*,#13986,.F.);
#13986 = EDGE_CURVE('',#13931,#13979,#13987,.T.);
#13987 = LINE('',#13988,#13989);
#13988 = CARTESIAN_POINT('',(185.875,83.725,1.));
#13989 = VECTOR('',#13990,1.);
#13990 = DIRECTION('',(1.,0.,0.));
#13991 = PLANE('',#13992);
#13992 = AXIS2_PLACEMENT_3D('',#13993,#13994,#13995);
#13993 = CARTESIAN_POINT('',(185.875,83.725,1.));
#13994 = DIRECTION('',(0.,-1.,0.));
#13995 = DIRECTION('',(1.,0.,0.));
#13996 = ADVANCED_FACE('',(#13997),#14008,.F.);
#13997 = FACE_BOUND('',#13998,.F.);
#13998 = EDGE_LOOP('',(#13999,#14000,#14001,#14002));
#13999 = ORIENTED_EDGE('',*,*,#13978,.T.);
#14000 = ORIENTED_EDGE('',*,*,#3401,.T.);
#14001 = ORIENTED_EDGE('',*,*,#13952,.F.);
#14002 = ORIENTED_EDGE('',*,*,#14003,.F.);
#14003 = EDGE_CURVE('',#13979,#13953,#14004,.T.);
#14004 = LINE('',#14005,#14006);
#14005 = CARTESIAN_POINT('',(199.875,83.725,1.));
#14006 = VECTOR('',#14007,1.);
#14007 = DIRECTION('',(0.,1.,0.));
#14008 = PLANE('',#14009);
#14009 = AXIS2_PLACEMENT_3D('',#14010,#14011,#14012);
#14010 = CARTESIAN_POINT('',(199.875,83.725,1.));
#14011 = DIRECTION('',(1.,0.,0.));
#14012 = DIRECTION('',(0.,1.,0.));
#14013 = ADVANCED_FACE('',(#14014),#14039,.F.);
#14014 = FACE_BOUND('',#14015,.F.);
#14015 = EDGE_LOOP('',(#14016,#14024,#14025,#14033));
#14016 = ORIENTED_EDGE('',*,*,#14017,.T.);
#14017 = EDGE_CURVE('',#14018,#3418,#14020,.T.);
#14018 = VERTEX_POINT('',#14019);
#14019 = CARTESIAN_POINT('',(204.925,97.725,1.));
#14020 = LINE('',#14021,#14022);
#14021 = CARTESIAN_POINT('',(204.925,97.725,1.));
#14022 = VECTOR('',#14023,1.);
#14023 = DIRECTION('',(-0.,-0.,-1.));
#14024 = ORIENTED_EDGE('',*,*,#3417,.T.);
#14025 = ORIENTED_EDGE('',*,*,#14026,.F.);
#14026 = EDGE_CURVE('',#14027,#3420,#14029,.T.);
#14027 = VERTEX_POINT('',#14028);
#14028 = CARTESIAN_POINT('',(204.925,83.725,1.));
#14029 = LINE('',#14030,#14031);
#14030 = CARTESIAN_POINT('',(204.925,83.725,1.));
#14031 = VECTOR('',#14032,1.);
#14032 = DIRECTION('',(-0.,-0.,-1.));
#14033 = ORIENTED_EDGE('',*,*,#14034,.F.);
#14034 = EDGE_CURVE('',#14018,#14027,#14035,.T.);
#14035 = LINE('',#14036,#14037);
#14036 = CARTESIAN_POINT('',(204.925,97.725,1.));
#14037 = VECTOR('',#14038,1.);
#14038 = DIRECTION('',(0.,-1.,0.));
#14039 = PLANE('',#14040);
#14040 = AXIS2_PLACEMENT_3D('',#14041,#14042,#14043);
#14041 = CARTESIAN_POINT('',(204.925,97.725,1.));
#14042 = DIRECTION('',(-1.,0.,0.));
#14043 = DIRECTION('',(0.,-1.,0.));
#14044 = ADVANCED_FACE('',(#14045),#14063,.F.);
#14045 = FACE_BOUND('',#14046,.F.);
#14046 = EDGE_LOOP('',(#14047,#14055,#14056,#14057));
#14047 = ORIENTED_EDGE('',*,*,#14048,.T.);
#14048 = EDGE_CURVE('',#14049,#3428,#14051,.T.);
#14049 = VERTEX_POINT('',#14050);
#14050 = CARTESIAN_POINT('',(218.925,97.725,1.));
#14051 = LINE('',#14052,#14053);
#14052 = CARTESIAN_POINT('',(218.925,97.725,1.));
#14053 = VECTOR('',#14054,1.);
#14054 = DIRECTION('',(-0.,-0.,-1.));
#14055 = ORIENTED_EDGE('',*,*,#3427,.T.);
#14056 = ORIENTED_EDGE('',*,*,#14017,.F.);
#14057 = ORIENTED_EDGE('',*,*,#14058,.F.);
#14058 = EDGE_CURVE('',#14049,#14018,#14059,.T.);
#14059 = LINE('',#14060,#14061);
#14060 = CARTESIAN_POINT('',(218.925,97.725,1.));
#14061 = VECTOR('',#14062,1.);
#14062 = DIRECTION('',(-1.,0.,0.));
#14063 = PLANE('',#14064);
#14064 = AXIS2_PLACEMENT_3D('',#14065,#14066,#14067);
#14065 = CARTESIAN_POINT('',(218.925,97.725,1.));
#14066 = DIRECTION('',(0.,1.,0.));
#14067 = DIRECTION('',(-1.,0.,0.));
#14068 = ADVANCED_FACE('',(#14069),#14087,.F.);
#14069 = FACE_BOUND('',#14070,.F.);
#14070 = EDGE_LOOP('',(#14071,#14072,#14073,#14081));
#14071 = ORIENTED_EDGE('',*,*,#14026,.T.);
#14072 = ORIENTED_EDGE('',*,*,#3443,.T.);
#14073 = ORIENTED_EDGE('',*,*,#14074,.F.);
#14074 = EDGE_CURVE('',#14075,#3436,#14077,.T.);
#14075 = VERTEX_POINT('',#14076);
#14076 = CARTESIAN_POINT('',(218.925,83.725,1.));
#14077 = LINE('',#14078,#14079);
#14078 = CARTESIAN_POINT('',(218.925,83.725,1.));
#14079 = VECTOR('',#14080,1.);
#14080 = DIRECTION('',(-0.,-0.,-1.));
#14081 = ORIENTED_EDGE('',*,*,#14082,.F.);
#14082 = EDGE_CURVE('',#14027,#14075,#14083,.T.);
#14083 = LINE('',#14084,#14085);
#14084 = CARTESIAN_POINT('',(204.925,83.725,1.));
#14085 = VECTOR('',#14086,1.);
#14086 = DIRECTION('',(1.,0.,0.));
#14087 = PLANE('',#14088);
#14088 = AXIS2_PLACEMENT_3D('',#14089,#14090,#14091);
#14089 = CARTESIAN_POINT('',(204.925,83.725,1.));
#14090 = DIRECTION('',(0.,-1.,0.));
#14091 = DIRECTION('',(1.,0.,0.));
#14092 = ADVANCED_FACE('',(#14093),#14104,.F.);
#14093 = FACE_BOUND('',#14094,.F.);
#14094 = EDGE_LOOP('',(#14095,#14096,#14097,#14098));
#14095 = ORIENTED_EDGE('',*,*,#14074,.T.);
#14096 = ORIENTED_EDGE('',*,*,#3435,.T.);
#14097 = ORIENTED_EDGE('',*,*,#14048,.F.);
#14098 = ORIENTED_EDGE('',*,*,#14099,.F.);
#14099 = EDGE_CURVE('',#14075,#14049,#14100,.T.);
#14100 = LINE('',#14101,#14102);
#14101 = CARTESIAN_POINT('',(218.925,83.725,1.));
#14102 = VECTOR('',#14103,1.);
#14103 = DIRECTION('',(0.,1.,0.));
#14104 = PLANE('',#14105);
#14105 = AXIS2_PLACEMENT_3D('',#14106,#14107,#14108);
#14106 = CARTESIAN_POINT('',(218.925,83.725,1.));
#14107 = DIRECTION('',(1.,0.,0.));
#14108 = DIRECTION('',(0.,1.,0.));
#14109 = ADVANCED_FACE('',(#14110),#14135,.F.);
#14110 = FACE_BOUND('',#14111,.F.);
#14111 = EDGE_LOOP('',(#14112,#14120,#14121,#14129));
#14112 = ORIENTED_EDGE('',*,*,#14113,.T.);
#14113 = EDGE_CURVE('',#14114,#3452,#14116,.T.);
#14114 = VERTEX_POINT('',#14115);
#14115 = CARTESIAN_POINT('',(223.975,97.725,1.));
#14116 = LINE('',#14117,#14118);
#14117 = CARTESIAN_POINT('',(223.975,97.725,1.));
#14118 = VECTOR('',#14119,1.);
#14119 = DIRECTION('',(-0.,-0.,-1.));
#14120 = ORIENTED_EDGE('',*,*,#3451,.T.);
#14121 = ORIENTED_EDGE('',*,*,#14122,.F.);
#14122 = EDGE_CURVE('',#14123,#3454,#14125,.T.);
#14123 = VERTEX_POINT('',#14124);
#14124 = CARTESIAN_POINT('',(223.975,83.725,1.));
#14125 = LINE('',#14126,#14127);
#14126 = CARTESIAN_POINT('',(223.975,83.725,1.));
#14127 = VECTOR('',#14128,1.);
#14128 = DIRECTION('',(-0.,-0.,-1.));
#14129 = ORIENTED_EDGE('',*,*,#14130,.F.);
#14130 = EDGE_CURVE('',#14114,#14123,#14131,.T.);
#14131 = LINE('',#14132,#14133);
#14132 = CARTESIAN_POINT('',(223.975,97.725,1.));
#14133 = VECTOR('',#14134,1.);
#14134 = DIRECTION('',(0.,-1.,0.));
#14135 = PLANE('',#14136);
#14136 = AXIS2_PLACEMENT_3D('',#14137,#14138,#14139);
#14137 = CARTESIAN_POINT('',(223.975,97.725,1.));
#14138 = DIRECTION('',(-1.,0.,0.));
#14139 = DIRECTION('',(0.,-1.,0.));
#14140 = ADVANCED_FACE('',(#14141),#14159,.F.);
#14141 = FACE_BOUND('',#14142,.F.);
#14142 = EDGE_LOOP('',(#14143,#14151,#14152,#14153));
#14143 = ORIENTED_EDGE('',*,*,#14144,.T.);
#14144 = EDGE_CURVE('',#14145,#3462,#14147,.T.);
#14145 = VERTEX_POINT('',#14146);
#14146 = CARTESIAN_POINT('',(237.975,97.725,1.));
#14147 = LINE('',#14148,#14149);
#14148 = CARTESIAN_POINT('',(237.975,97.725,1.));
#14149 = VECTOR('',#14150,1.);
#14150 = DIRECTION('',(-0.,-0.,-1.));
#14151 = ORIENTED_EDGE('',*,*,#3461,.T.);
#14152 = ORIENTED_EDGE('',*,*,#14113,.F.);
#14153 = ORIENTED_EDGE('',*,*,#14154,.F.);
#14154 = EDGE_CURVE('',#14145,#14114,#14155,.T.);
#14155 = LINE('',#14156,#14157);
#14156 = CARTESIAN_POINT('',(237.975,97.725,1.));
#14157 = VECTOR('',#14158,1.);
#14158 = DIRECTION('',(-1.,0.,0.));
#14159 = PLANE('',#14160);
#14160 = AXIS2_PLACEMENT_3D('',#14161,#14162,#14163);
#14161 = CARTESIAN_POINT('',(237.975,97.725,1.));
#14162 = DIRECTION('',(0.,1.,0.));
#14163 = DIRECTION('',(-1.,0.,0.));
#14164 = ADVANCED_FACE('',(#14165),#14183,.F.);
#14165 = FACE_BOUND('',#14166,.F.);
#14166 = EDGE_LOOP('',(#14167,#14168,#14169,#14177));
#14167 = ORIENTED_EDGE('',*,*,#14122,.T.);
#14168 = ORIENTED_EDGE('',*,*,#3477,.T.);
#14169 = ORIENTED_EDGE('',*,*,#14170,.F.);
#14170 = EDGE_CURVE('',#14171,#3470,#14173,.T.);
#14171 = VERTEX_POINT('',#14172);
#14172 = CARTESIAN_POINT('',(237.975,83.725,1.));
#14173 = LINE('',#14174,#14175);
#14174 = CARTESIAN_POINT('',(237.975,83.725,1.));
#14175 = VECTOR('',#14176,1.);
#14176 = DIRECTION('',(-0.,-0.,-1.));
#14177 = ORIENTED_EDGE('',*,*,#14178,.F.);
#14178 = EDGE_CURVE('',#14123,#14171,#14179,.T.);
#14179 = LINE('',#14180,#14181);
#14180 = CARTESIAN_POINT('',(223.975,83.725,1.));
#14181 = VECTOR('',#14182,1.);
#14182 = DIRECTION('',(1.,0.,0.));
#14183 = PLANE('',#14184);
#14184 = AXIS2_PLACEMENT_3D('',#14185,#14186,#14187);
#14185 = CARTESIAN_POINT('',(223.975,83.725,1.));
#14186 = DIRECTION('',(0.,-1.,0.));
#14187 = DIRECTION('',(1.,0.,0.));
#14188 = ADVANCED_FACE('',(#14189),#14200,.F.);
#14189 = FACE_BOUND('',#14190,.F.);
#14190 = EDGE_LOOP('',(#14191,#14192,#14193,#14194));
#14191 = ORIENTED_EDGE('',*,*,#14170,.T.);
#14192 = ORIENTED_EDGE('',*,*,#3469,.T.);
#14193 = ORIENTED_EDGE('',*,*,#14144,.F.);
#14194 = ORIENTED_EDGE('',*,*,#14195,.F.);
#14195 = EDGE_CURVE('',#14171,#14145,#14196,.T.);
#14196 = LINE('',#14197,#14198);
#14197 = CARTESIAN_POINT('',(237.975,83.725,1.));
#14198 = VECTOR('',#14199,1.);
#14199 = DIRECTION('',(0.,1.,0.));
#14200 = PLANE('',#14201);
#14201 = AXIS2_PLACEMENT_3D('',#14202,#14203,#14204);
#14202 = CARTESIAN_POINT('',(237.975,83.725,1.));
#14203 = DIRECTION('',(1.,0.,0.));
#14204 = DIRECTION('',(0.,1.,0.));
#14205 = ADVANCED_FACE('',(#14206),#14231,.F.);
#14206 = FACE_BOUND('',#14207,.F.);
#14207 = EDGE_LOOP('',(#14208,#14216,#14217,#14225));
#14208 = ORIENTED_EDGE('',*,*,#14209,.T.);
#14209 = EDGE_CURVE('',#14210,#3486,#14212,.T.);
#14210 = VERTEX_POINT('',#14211);
#14211 = CARTESIAN_POINT('',(243.025,97.725,1.));
#14212 = LINE('',#14213,#14214);
#14213 = CARTESIAN_POINT('',(243.025,97.725,1.));
#14214 = VECTOR('',#14215,1.);
#14215 = DIRECTION('',(-0.,-0.,-1.));
#14216 = ORIENTED_EDGE('',*,*,#3485,.T.);
#14217 = ORIENTED_EDGE('',*,*,#14218,.F.);
#14218 = EDGE_CURVE('',#14219,#3488,#14221,.T.);
#14219 = VERTEX_POINT('',#14220);
#14220 = CARTESIAN_POINT('',(243.025,83.725,1.));
#14221 = LINE('',#14222,#14223);
#14222 = CARTESIAN_POINT('',(243.025,83.725,1.));
#14223 = VECTOR('',#14224,1.);
#14224 = DIRECTION('',(-0.,-0.,-1.));
#14225 = ORIENTED_EDGE('',*,*,#14226,.F.);
#14226 = EDGE_CURVE('',#14210,#14219,#14227,.T.);
#14227 = LINE('',#14228,#14229);
#14228 = CARTESIAN_POINT('',(243.025,97.725,1.));
#14229 = VECTOR('',#14230,1.);
#14230 = DIRECTION('',(0.,-1.,0.));
#14231 = PLANE('',#14232);
#14232 = AXIS2_PLACEMENT_3D('',#14233,#14234,#14235);
#14233 = CARTESIAN_POINT('',(243.025,97.725,1.));
#14234 = DIRECTION('',(-1.,0.,0.));
#14235 = DIRECTION('',(0.,-1.,0.));
#14236 = ADVANCED_FACE('',(#14237),#14255,.F.);
#14237 = FACE_BOUND('',#14238,.F.);
#14238 = EDGE_LOOP('',(#14239,#14247,#14248,#14249));
#14239 = ORIENTED_EDGE('',*,*,#14240,.T.);
#14240 = EDGE_CURVE('',#14241,#3496,#14243,.T.);
#14241 = VERTEX_POINT('',#14242);
#14242 = CARTESIAN_POINT('',(257.025,97.725,1.));
#14243 = LINE('',#14244,#14245);
#14244 = CARTESIAN_POINT('',(257.025,97.725,1.));
#14245 = VECTOR('',#14246,1.);
#14246 = DIRECTION('',(-0.,-0.,-1.));
#14247 = ORIENTED_EDGE('',*,*,#3495,.T.);
#14248 = ORIENTED_EDGE('',*,*,#14209,.F.);
#14249 = ORIENTED_EDGE('',*,*,#14250,.F.);
#14250 = EDGE_CURVE('',#14241,#14210,#14251,.T.);
#14251 = LINE('',#14252,#14253);
#14252 = CARTESIAN_POINT('',(257.025,97.725,1.));
#14253 = VECTOR('',#14254,1.);
#14254 = DIRECTION('',(-1.,0.,0.));
#14255 = PLANE('',#14256);
#14256 = AXIS2_PLACEMENT_3D('',#14257,#14258,#14259);
#14257 = CARTESIAN_POINT('',(257.025,97.725,1.));
#14258 = DIRECTION('',(0.,1.,0.));
#14259 = DIRECTION('',(-1.,0.,0.));
#14260 = ADVANCED_FACE('',(#14261),#14279,.F.);
#14261 = FACE_BOUND('',#14262,.F.);
#14262 = EDGE_LOOP('',(#14263,#14264,#14265,#14273));
#14263 = ORIENTED_EDGE('',*,*,#14218,.T.);
#14264 = ORIENTED_EDGE('',*,*,#3511,.T.);
#14265 = ORIENTED_EDGE('',*,*,#14266,.F.);
#14266 = EDGE_CURVE('',#14267,#3504,#14269,.T.);
#14267 = VERTEX_POINT('',#14268);
#14268 = CARTESIAN_POINT('',(257.025,83.725,1.));
#14269 = LINE('',#14270,#14271);
#14270 = CARTESIAN_POINT('',(257.025,83.725,1.));
#14271 = VECTOR('',#14272,1.);
#14272 = DIRECTION('',(-0.,-0.,-1.));
#14273 = ORIENTED_EDGE('',*,*,#14274,.F.);
#14274 = EDGE_CURVE('',#14219,#14267,#14275,.T.);
#14275 = LINE('',#14276,#14277);
#14276 = CARTESIAN_POINT('',(243.025,83.725,1.));
#14277 = VECTOR('',#14278,1.);
#14278 = DIRECTION('',(1.,0.,0.));
#14279 = PLANE('',#14280);
#14280 = AXIS2_PLACEMENT_3D('',#14281,#14282,#14283);
#14281 = CARTESIAN_POINT('',(243.025,83.725,1.));
#14282 = DIRECTION('',(0.,-1.,0.));
#14283 = DIRECTION('',(1.,0.,0.));
#14284 = ADVANCED_FACE('',(#14285),#14296,.F.);
#14285 = FACE_BOUND('',#14286,.F.);
#14286 = EDGE_LOOP('',(#14287,#14288,#14289,#14290));
#14287 = ORIENTED_EDGE('',*,*,#14266,.T.);
#14288 = ORIENTED_EDGE('',*,*,#3503,.T.);
#14289 = ORIENTED_EDGE('',*,*,#14240,.F.);
#14290 = ORIENTED_EDGE('',*,*,#14291,.F.);
#14291 = EDGE_CURVE('',#14267,#14241,#14292,.T.);
#14292 = LINE('',#14293,#14294);
#14293 = CARTESIAN_POINT('',(257.025,83.725,1.));
#14294 = VECTOR('',#14295,1.);
#14295 = DIRECTION('',(0.,1.,0.));
#14296 = PLANE('',#14297);
#14297 = AXIS2_PLACEMENT_3D('',#14298,#14299,#14300);
#14298 = CARTESIAN_POINT('',(257.025,83.725,1.));
#14299 = DIRECTION('',(1.,0.,0.));
#14300 = DIRECTION('',(0.,1.,0.));
#14301 = ADVANCED_FACE('',(#14302),#14327,.F.);
#14302 = FACE_BOUND('',#14303,.F.);
#14303 = EDGE_LOOP('',(#14304,#14312,#14313,#14321));
#14304 = ORIENTED_EDGE('',*,*,#14305,.T.);
#14305 = EDGE_CURVE('',#14306,#3520,#14308,.T.);
#14306 = VERTEX_POINT('',#14307);
#14307 = CARTESIAN_POINT('',(271.6,78.675,1.));
#14308 = LINE('',#14309,#14310);
#14309 = CARTESIAN_POINT('',(271.6,78.675,1.));
#14310 = VECTOR('',#14311,1.);
#14311 = DIRECTION('',(-0.,-0.,-1.));
#14312 = ORIENTED_EDGE('',*,*,#3519,.T.);
#14313 = ORIENTED_EDGE('',*,*,#14314,.F.);
#14314 = EDGE_CURVE('',#14315,#3522,#14317,.T.);
#14315 = VERTEX_POINT('',#14316);
#14316 = CARTESIAN_POINT('',(271.6,64.675,1.));
#14317 = LINE('',#14318,#14319);
#14318 = CARTESIAN_POINT('',(271.6,64.675,1.));
#14319 = VECTOR('',#14320,1.);
#14320 = DIRECTION('',(-0.,-0.,-1.));
#14321 = ORIENTED_EDGE('',*,*,#14322,.F.);
#14322 = EDGE_CURVE('',#14306,#14315,#14323,.T.);
#14323 = LINE('',#14324,#14325);
#14324 = CARTESIAN_POINT('',(271.6,78.675,1.));
#14325 = VECTOR('',#14326,1.);
#14326 = DIRECTION('',(0.,-1.,0.));
#14327 = PLANE('',#14328);
#14328 = AXIS2_PLACEMENT_3D('',#14329,#14330,#14331);
#14329 = CARTESIAN_POINT('',(271.6,78.675,1.));
#14330 = DIRECTION('',(-1.,0.,0.));
#14331 = DIRECTION('',(0.,-1.,0.));
#14332 = ADVANCED_FACE('',(#14333),#14351,.F.);
#14333 = FACE_BOUND('',#14334,.F.);
#14334 = EDGE_LOOP('',(#14335,#14343,#14344,#14345));
#14335 = ORIENTED_EDGE('',*,*,#14336,.T.);
#14336 = EDGE_CURVE('',#14337,#3530,#14339,.T.);
#14337 = VERTEX_POINT('',#14338);
#14338 = CARTESIAN_POINT('',(285.6,78.675,1.));
#14339 = LINE('',#14340,#14341);
#14340 = CARTESIAN_POINT('',(285.6,78.675,1.));
#14341 = VECTOR('',#14342,1.);
#14342 = DIRECTION('',(-0.,-0.,-1.));
#14343 = ORIENTED_EDGE('',*,*,#3529,.T.);
#14344 = ORIENTED_EDGE('',*,*,#14305,.F.);
#14345 = ORIENTED_EDGE('',*,*,#14346,.F.);
#14346 = EDGE_CURVE('',#14337,#14306,#14347,.T.);
#14347 = LINE('',#14348,#14349);
#14348 = CARTESIAN_POINT('',(285.6,78.675,1.));
#14349 = VECTOR('',#14350,1.);
#14350 = DIRECTION('',(-1.,0.,0.));
#14351 = PLANE('',#14352);
#14352 = AXIS2_PLACEMENT_3D('',#14353,#14354,#14355);
#14353 = CARTESIAN_POINT('',(285.6,78.675,1.));
#14354 = DIRECTION('',(0.,1.,0.));
#14355 = DIRECTION('',(-1.,0.,0.));
#14356 = ADVANCED_FACE('',(#14357),#14375,.F.);
#14357 = FACE_BOUND('',#14358,.F.);
#14358 = EDGE_LOOP('',(#14359,#14360,#14361,#14369));
#14359 = ORIENTED_EDGE('',*,*,#14314,.T.);
#14360 = ORIENTED_EDGE('',*,*,#3545,.T.);
#14361 = ORIENTED_EDGE('',*,*,#14362,.F.);
#14362 = EDGE_CURVE('',#14363,#3538,#14365,.T.);
#14363 = VERTEX_POINT('',#14364);
#14364 = CARTESIAN_POINT('',(285.6,64.675,1.));
#14365 = LINE('',#14366,#14367);
#14366 = CARTESIAN_POINT('',(285.6,64.675,1.));
#14367 = VECTOR('',#14368,1.);
#14368 = DIRECTION('',(-0.,-0.,-1.));
#14369 = ORIENTED_EDGE('',*,*,#14370,.F.);
#14370 = EDGE_CURVE('',#14315,#14363,#14371,.T.);
#14371 = LINE('',#14372,#14373);
#14372 = CARTESIAN_POINT('',(271.6,64.675,1.));
#14373 = VECTOR('',#14374,1.);
#14374 = DIRECTION('',(1.,0.,0.));
#14375 = PLANE('',#14376);
#14376 = AXIS2_PLACEMENT_3D('',#14377,#14378,#14379);
#14377 = CARTESIAN_POINT('',(271.6,64.675,1.));
#14378 = DIRECTION('',(0.,-1.,0.));
#14379 = DIRECTION('',(1.,0.,0.));
#14380 = ADVANCED_FACE('',(#14381),#14392,.F.);
#14381 = FACE_BOUND('',#14382,.F.);
#14382 = EDGE_LOOP('',(#14383,#14384,#14385,#14386));
#14383 = ORIENTED_EDGE('',*,*,#14362,.T.);
#14384 = ORIENTED_EDGE('',*,*,#3537,.T.);
#14385 = ORIENTED_EDGE('',*,*,#14336,.F.);
#14386 = ORIENTED_EDGE('',*,*,#14387,.F.);
#14387 = EDGE_CURVE('',#14363,#14337,#14388,.T.);
#14388 = LINE('',#14389,#14390);
#14389 = CARTESIAN_POINT('',(285.6,64.675,1.));
#14390 = VECTOR('',#14391,1.);
#14391 = DIRECTION('',(0.,1.,0.));
#14392 = PLANE('',#14393);
#14393 = AXIS2_PLACEMENT_3D('',#14394,#14395,#14396);
#14394 = CARTESIAN_POINT('',(285.6,64.675,1.));
#14395 = DIRECTION('',(1.,0.,0.));
#14396 = DIRECTION('',(0.,1.,0.));
#14397 = ADVANCED_FACE('',(#14398),#14423,.F.);
#14398 = FACE_BOUND('',#14399,.F.);
#14399 = EDGE_LOOP('',(#14400,#14408,#14409,#14417));
#14400 = ORIENTED_EDGE('',*,*,#14401,.T.);
#14401 = EDGE_CURVE('',#14402,#3554,#14404,.T.);
#14402 = VERTEX_POINT('',#14403);
#14403 = CARTESIAN_POINT('',(290.65,78.675,1.));
#14404 = LINE('',#14405,#14406);
#14405 = CARTESIAN_POINT('',(290.65,78.675,1.));
#14406 = VECTOR('',#14407,1.);
#14407 = DIRECTION('',(-0.,-0.,-1.));
#14408 = ORIENTED_EDGE('',*,*,#3553,.T.);
#14409 = ORIENTED_EDGE('',*,*,#14410,.F.);
#14410 = EDGE_CURVE('',#14411,#3556,#14413,.T.);
#14411 = VERTEX_POINT('',#14412);
#14412 = CARTESIAN_POINT('',(290.65,64.675,1.));
#14413 = LINE('',#14414,#14415);
#14414 = CARTESIAN_POINT('',(290.65,64.675,1.));
#14415 = VECTOR('',#14416,1.);
#14416 = DIRECTION('',(-0.,-0.,-1.));
#14417 = ORIENTED_EDGE('',*,*,#14418,.F.);
#14418 = EDGE_CURVE('',#14402,#14411,#14419,.T.);
#14419 = LINE('',#14420,#14421);
#14420 = CARTESIAN_POINT('',(290.65,78.675,1.));
#14421 = VECTOR('',#14422,1.);
#14422 = DIRECTION('',(0.,-1.,0.));
#14423 = PLANE('',#14424);
#14424 = AXIS2_PLACEMENT_3D('',#14425,#14426,#14427);
#14425 = CARTESIAN_POINT('',(290.65,78.675,1.));
#14426 = DIRECTION('',(-1.,0.,0.));
#14427 = DIRECTION('',(0.,-1.,0.));
#14428 = ADVANCED_FACE('',(#14429),#14447,.F.);
#14429 = FACE_BOUND('',#14430,.F.);
#14430 = EDGE_LOOP('',(#14431,#14439,#14440,#14441));
#14431 = ORIENTED_EDGE('',*,*,#14432,.T.);
#14432 = EDGE_CURVE('',#14433,#3564,#14435,.T.);
#14433 = VERTEX_POINT('',#14434);
#14434 = CARTESIAN_POINT('',(304.65,78.675,1.));
#14435 = LINE('',#14436,#14437);
#14436 = CARTESIAN_POINT('',(304.65,78.675,1.));
#14437 = VECTOR('',#14438,1.);
#14438 = DIRECTION('',(-0.,-0.,-1.));
#14439 = ORIENTED_EDGE('',*,*,#3563,.T.);
#14440 = ORIENTED_EDGE('',*,*,#14401,.F.);
#14441 = ORIENTED_EDGE('',*,*,#14442,.F.);
#14442 = EDGE_CURVE('',#14433,#14402,#14443,.T.);
#14443 = LINE('',#14444,#14445);
#14444 = CARTESIAN_POINT('',(304.65,78.675,1.));
#14445 = VECTOR('',#14446,1.);
#14446 = DIRECTION('',(-1.,0.,0.));
#14447 = PLANE('',#14448);
#14448 = AXIS2_PLACEMENT_3D('',#14449,#14450,#14451);
#14449 = CARTESIAN_POINT('',(304.65,78.675,1.));
#14450 = DIRECTION('',(0.,1.,0.));
#14451 = DIRECTION('',(-1.,0.,0.));
#14452 = ADVANCED_FACE('',(#14453),#14471,.F.);
#14453 = FACE_BOUND('',#14454,.F.);
#14454 = EDGE_LOOP('',(#14455,#14456,#14457,#14465));
#14455 = ORIENTED_EDGE('',*,*,#14410,.T.);
#14456 = ORIENTED_EDGE('',*,*,#3579,.T.);
#14457 = ORIENTED_EDGE('',*,*,#14458,.F.);
#14458 = EDGE_CURVE('',#14459,#3572,#14461,.T.);
#14459 = VERTEX_POINT('',#14460);
#14460 = CARTESIAN_POINT('',(304.65,64.675,1.));
#14461 = LINE('',#14462,#14463);
#14462 = CARTESIAN_POINT('',(304.65,64.675,1.));
#14463 = VECTOR('',#14464,1.);
#14464 = DIRECTION('',(-0.,-0.,-1.));
#14465 = ORIENTED_EDGE('',*,*,#14466,.F.);
#14466 = EDGE_CURVE('',#14411,#14459,#14467,.T.);
#14467 = LINE('',#14468,#14469);
#14468 = CARTESIAN_POINT('',(290.65,64.675,1.));
#14469 = VECTOR('',#14470,1.);
#14470 = DIRECTION('',(1.,0.,0.));
#14471 = PLANE('',#14472);
#14472 = AXIS2_PLACEMENT_3D('',#14473,#14474,#14475);
#14473 = CARTESIAN_POINT('',(290.65,64.675,1.));
#14474 = DIRECTION('',(0.,-1.,0.));
#14475 = DIRECTION('',(1.,0.,0.));
#14476 = ADVANCED_FACE('',(#14477),#14488,.F.);
#14477 = FACE_BOUND('',#14478,.F.);
#14478 = EDGE_LOOP('',(#14479,#14480,#14481,#14482));
#14479 = ORIENTED_EDGE('',*,*,#14458,.T.);
#14480 = ORIENTED_EDGE('',*,*,#3571,.T.);
#14481 = ORIENTED_EDGE('',*,*,#14432,.F.);
#14482 = ORIENTED_EDGE('',*,*,#14483,.F.);
#14483 = EDGE_CURVE('',#14459,#14433,#14484,.T.);
#14484 = LINE('',#14485,#14486);
#14485 = CARTESIAN_POINT('',(304.65,64.675,1.));
#14486 = VECTOR('',#14487,1.);
#14487 = DIRECTION('',(0.,1.,0.));
#14488 = PLANE('',#14489);
#14489 = AXIS2_PLACEMENT_3D('',#14490,#14491,#14492);
#14490 = CARTESIAN_POINT('',(304.65,64.675,1.));
#14491 = DIRECTION('',(1.,0.,0.));
#14492 = DIRECTION('',(0.,1.,0.));
#14493 = ADVANCED_FACE('',(#14494),#14519,.F.);
#14494 = FACE_BOUND('',#14495,.F.);
#14495 = EDGE_LOOP('',(#14496,#14504,#14505,#14513));
#14496 = ORIENTED_EDGE('',*,*,#14497,.T.);
#14497 = EDGE_CURVE('',#14498,#3588,#14500,.T.);
#14498 = VERTEX_POINT('',#14499);
#14499 = CARTESIAN_POINT('',(314.4625,78.675,1.));
#14500 = LINE('',#14501,#14502);
#14501 = CARTESIAN_POINT('',(314.4625,78.675,1.));
#14502 = VECTOR('',#14503,1.);
#14503 = DIRECTION('',(-0.,-0.,-1.));
#14504 = ORIENTED_EDGE('',*,*,#3587,.T.);
#14505 = ORIENTED_EDGE('',*,*,#14506,.F.);
#14506 = EDGE_CURVE('',#14507,#3590,#14509,.T.);
#14507 = VERTEX_POINT('',#14508);
#14508 = CARTESIAN_POINT('',(314.4625,64.675,1.));
#14509 = LINE('',#14510,#14511);
#14510 = CARTESIAN_POINT('',(314.4625,64.675,1.));
#14511 = VECTOR('',#14512,1.);
#14512 = DIRECTION('',(-0.,-0.,-1.));
#14513 = ORIENTED_EDGE('',*,*,#14514,.F.);
#14514 = EDGE_CURVE('',#14498,#14507,#14515,.T.);
#14515 = LINE('',#14516,#14517);
#14516 = CARTESIAN_POINT('',(314.4625,78.675,1.));
#14517 = VECTOR('',#14518,1.);
#14518 = DIRECTION('',(0.,-1.,0.));
#14519 = PLANE('',#14520);
#14520 = AXIS2_PLACEMENT_3D('',#14521,#14522,#14523);
#14521 = CARTESIAN_POINT('',(314.4625,78.675,1.));
#14522 = DIRECTION('',(-1.,0.,0.));
#14523 = DIRECTION('',(0.,-1.,0.));
#14524 = ADVANCED_FACE('',(#14525),#14543,.F.);
#14525 = FACE_BOUND('',#14526,.F.);
#14526 = EDGE_LOOP('',(#14527,#14535,#14536,#14537));
#14527 = ORIENTED_EDGE('',*,*,#14528,.T.);
#14528 = EDGE_CURVE('',#14529,#3598,#14531,.T.);
#14529 = VERTEX_POINT('',#14530);
#14530 = CARTESIAN_POINT('',(328.4625,78.675,1.));
#14531 = LINE('',#14532,#14533);
#14532 = CARTESIAN_POINT('',(328.4625,78.675,1.));
#14533 = VECTOR('',#14534,1.);
#14534 = DIRECTION('',(-0.,-0.,-1.));
#14535 = ORIENTED_EDGE('',*,*,#3597,.T.);
#14536 = ORIENTED_EDGE('',*,*,#14497,.F.);
#14537 = ORIENTED_EDGE('',*,*,#14538,.F.);
#14538 = EDGE_CURVE('',#14529,#14498,#14539,.T.);
#14539 = LINE('',#14540,#14541);
#14540 = CARTESIAN_POINT('',(328.4625,78.675,1.));
#14541 = VECTOR('',#14542,1.);
#14542 = DIRECTION('',(-1.,0.,0.));
#14543 = PLANE('',#14544);
#14544 = AXIS2_PLACEMENT_3D('',#14545,#14546,#14547);
#14545 = CARTESIAN_POINT('',(328.4625,78.675,1.));
#14546 = DIRECTION('',(0.,1.,0.));
#14547 = DIRECTION('',(-1.,0.,0.));
#14548 = ADVANCED_FACE('',(#14549),#14567,.F.);
#14549 = FACE_BOUND('',#14550,.F.);
#14550 = EDGE_LOOP('',(#14551,#14552,#14553,#14561));
#14551 = ORIENTED_EDGE('',*,*,#14506,.T.);
#14552 = ORIENTED_EDGE('',*,*,#3613,.T.);
#14553 = ORIENTED_EDGE('',*,*,#14554,.F.);
#14554 = EDGE_CURVE('',#14555,#3606,#14557,.T.);
#14555 = VERTEX_POINT('',#14556);
#14556 = CARTESIAN_POINT('',(328.4625,64.675,1.));
#14557 = LINE('',#14558,#14559);
#14558 = CARTESIAN_POINT('',(328.4625,64.675,1.));
#14559 = VECTOR('',#14560,1.);
#14560 = DIRECTION('',(-0.,-0.,-1.));
#14561 = ORIENTED_EDGE('',*,*,#14562,.F.);
#14562 = EDGE_CURVE('',#14507,#14555,#14563,.T.);
#14563 = LINE('',#14564,#14565);
#14564 = CARTESIAN_POINT('',(314.4625,64.675,1.));
#14565 = VECTOR('',#14566,1.);
#14566 = DIRECTION('',(1.,0.,0.));
#14567 = PLANE('',#14568);
#14568 = AXIS2_PLACEMENT_3D('',#14569,#14570,#14571);
#14569 = CARTESIAN_POINT('',(314.4625,64.675,1.));
#14570 = DIRECTION('',(0.,-1.,0.));
#14571 = DIRECTION('',(1.,0.,0.));
#14572 = ADVANCED_FACE('',(#14573),#14584,.F.);
#14573 = FACE_BOUND('',#14574,.F.);
#14574 = EDGE_LOOP('',(#14575,#14576,#14577,#14578));
#14575 = ORIENTED_EDGE('',*,*,#14554,.T.);
#14576 = ORIENTED_EDGE('',*,*,#3605,.T.);
#14577 = ORIENTED_EDGE('',*,*,#14528,.F.);
#14578 = ORIENTED_EDGE('',*,*,#14579,.F.);
#14579 = EDGE_CURVE('',#14555,#14529,#14580,.T.);
#14580 = LINE('',#14581,#14582);
#14581 = CARTESIAN_POINT('',(328.4625,64.675,1.));
#14582 = VECTOR('',#14583,1.);
#14583 = DIRECTION('',(0.,1.,0.));
#14584 = PLANE('',#14585);
#14585 = AXIS2_PLACEMENT_3D('',#14586,#14587,#14588);
#14586 = CARTESIAN_POINT('',(328.4625,64.675,1.));
#14587 = DIRECTION('',(1.,0.,0.));
#14588 = DIRECTION('',(0.,1.,0.));
#14589 = ADVANCED_FACE('',(#14590),#14615,.F.);
#14590 = FACE_BOUND('',#14591,.F.);
#14591 = EDGE_LOOP('',(#14592,#14600,#14601,#14609));
#14592 = ORIENTED_EDGE('',*,*,#14593,.T.);
#14593 = EDGE_CURVE('',#14594,#3622,#14596,.T.);
#14594 = VERTEX_POINT('',#14595);
#14595 = CARTESIAN_POINT('',(262.075,97.725,1.));
#14596 = LINE('',#14597,#14598);
#14597 = CARTESIAN_POINT('',(262.075,97.725,1.));
#14598 = VECTOR('',#14599,1.);
#14599 = DIRECTION('',(-0.,-0.,-1.));
#14600 = ORIENTED_EDGE('',*,*,#3621,.T.);
#14601 = ORIENTED_EDGE('',*,*,#14602,.F.);
#14602 = EDGE_CURVE('',#14603,#3624,#14605,.T.);
#14603 = VERTEX_POINT('',#14604);
#14604 = CARTESIAN_POINT('',(262.075,83.725,1.));
#14605 = LINE('',#14606,#14607);
#14606 = CARTESIAN_POINT('',(262.075,83.725,1.));
#14607 = VECTOR('',#14608,1.);
#14608 = DIRECTION('',(-0.,-0.,-1.));
#14609 = ORIENTED_EDGE('',*,*,#14610,.F.);
#14610 = EDGE_CURVE('',#14594,#14603,#14611,.T.);
#14611 = LINE('',#14612,#14613);
#14612 = CARTESIAN_POINT('',(262.075,97.725,1.));
#14613 = VECTOR('',#14614,1.);
#14614 = DIRECTION('',(0.,-1.,0.));
#14615 = PLANE('',#14616);
#14616 = AXIS2_PLACEMENT_3D('',#14617,#14618,#14619);
#14617 = CARTESIAN_POINT('',(262.075,97.725,1.));
#14618 = DIRECTION('',(-1.,0.,0.));
#14619 = DIRECTION('',(0.,-1.,0.));
#14620 = ADVANCED_FACE('',(#14621),#14639,.F.);
#14621 = FACE_BOUND('',#14622,.F.);
#14622 = EDGE_LOOP('',(#14623,#14631,#14632,#14633));
#14623 = ORIENTED_EDGE('',*,*,#14624,.T.);
#14624 = EDGE_CURVE('',#14625,#3632,#14627,.T.);
#14625 = VERTEX_POINT('',#14626);
#14626 = CARTESIAN_POINT('',(276.075,97.725,1.));
#14627 = LINE('',#14628,#14629);
#14628 = CARTESIAN_POINT('',(276.075,97.725,1.));
#14629 = VECTOR('',#14630,1.);
#14630 = DIRECTION('',(-0.,-0.,-1.));
#14631 = ORIENTED_EDGE('',*,*,#3631,.T.);
#14632 = ORIENTED_EDGE('',*,*,#14593,.F.);
#14633 = ORIENTED_EDGE('',*,*,#14634,.F.);
#14634 = EDGE_CURVE('',#14625,#14594,#14635,.T.);
#14635 = LINE('',#14636,#14637);
#14636 = CARTESIAN_POINT('',(276.075,97.725,1.));
#14637 = VECTOR('',#14638,1.);
#14638 = DIRECTION('',(-1.,0.,0.));
#14639 = PLANE('',#14640);
#14640 = AXIS2_PLACEMENT_3D('',#14641,#14642,#14643);
#14641 = CARTESIAN_POINT('',(276.075,97.725,1.));
#14642 = DIRECTION('',(0.,1.,0.));
#14643 = DIRECTION('',(-1.,0.,0.));
#14644 = ADVANCED_FACE('',(#14645),#14663,.F.);
#14645 = FACE_BOUND('',#14646,.F.);
#14646 = EDGE_LOOP('',(#14647,#14648,#14649,#14657));
#14647 = ORIENTED_EDGE('',*,*,#14602,.T.);
#14648 = ORIENTED_EDGE('',*,*,#3647,.T.);
#14649 = ORIENTED_EDGE('',*,*,#14650,.F.);
#14650 = EDGE_CURVE('',#14651,#3640,#14653,.T.);
#14651 = VERTEX_POINT('',#14652);
#14652 = CARTESIAN_POINT('',(276.075,83.725,1.));
#14653 = LINE('',#14654,#14655);
#14654 = CARTESIAN_POINT('',(276.075,83.725,1.));
#14655 = VECTOR('',#14656,1.);
#14656 = DIRECTION('',(-0.,-0.,-1.));
#14657 = ORIENTED_EDGE('',*,*,#14658,.F.);
#14658 = EDGE_CURVE('',#14603,#14651,#14659,.T.);
#14659 = LINE('',#14660,#14661);
#14660 = CARTESIAN_POINT('',(262.075,83.725,1.));
#14661 = VECTOR('',#14662,1.);
#14662 = DIRECTION('',(1.,0.,0.));
#14663 = PLANE('',#14664);
#14664 = AXIS2_PLACEMENT_3D('',#14665,#14666,#14667);
#14665 = CARTESIAN_POINT('',(262.075,83.725,1.));
#14666 = DIRECTION('',(0.,-1.,0.));
#14667 = DIRECTION('',(1.,0.,0.));
#14668 = ADVANCED_FACE('',(#14669),#14680,.F.);
#14669 = FACE_BOUND('',#14670,.F.);
#14670 = EDGE_LOOP('',(#14671,#14672,#14673,#14674));
#14671 = ORIENTED_EDGE('',*,*,#14650,.T.);
#14672 = ORIENTED_EDGE('',*,*,#3639,.T.);
#14673 = ORIENTED_EDGE('',*,*,#14624,.F.);
#14674 = ORIENTED_EDGE('',*,*,#14675,.F.);
#14675 = EDGE_CURVE('',#14651,#14625,#14676,.T.);
#14676 = LINE('',#14677,#14678);
#14677 = CARTESIAN_POINT('',(276.075,83.725,1.));
#14678 = VECTOR('',#14679,1.);
#14679 = DIRECTION('',(0.,1.,0.));
#14680 = PLANE('',#14681);
#14681 = AXIS2_PLACEMENT_3D('',#14682,#14683,#14684);
#14682 = CARTESIAN_POINT('',(276.075,83.725,1.));
#14683 = DIRECTION('',(1.,0.,0.));
#14684 = DIRECTION('',(0.,1.,0.));
#14685 = ADVANCED_FACE('',(#14686),#14711,.F.);
#14686 = FACE_BOUND('',#14687,.F.);
#14687 = EDGE_LOOP('',(#14688,#14696,#14697,#14705));
#14688 = ORIENTED_EDGE('',*,*,#14689,.T.);
#14689 = EDGE_CURVE('',#14690,#3656,#14692,.T.);
#14690 = VERTEX_POINT('',#14691);
#14691 = CARTESIAN_POINT('',(281.125,97.725,1.));
#14692 = LINE('',#14693,#14694);
#14693 = CARTESIAN_POINT('',(281.125,97.725,1.));
#14694 = VECTOR('',#14695,1.);
#14695 = DIRECTION('',(-0.,-0.,-1.));
#14696 = ORIENTED_EDGE('',*,*,#3655,.T.);
#14697 = ORIENTED_EDGE('',*,*,#14698,.F.);
#14698 = EDGE_CURVE('',#14699,#3658,#14701,.T.);
#14699 = VERTEX_POINT('',#14700);
#14700 = CARTESIAN_POINT('',(281.125,83.725,1.));
#14701 = LINE('',#14702,#14703);
#14702 = CARTESIAN_POINT('',(281.125,83.725,1.));
#14703 = VECTOR('',#14704,1.);
#14704 = DIRECTION('',(-0.,-0.,-1.));
#14705 = ORIENTED_EDGE('',*,*,#14706,.F.);
#14706 = EDGE_CURVE('',#14690,#14699,#14707,.T.);
#14707 = LINE('',#14708,#14709);
#14708 = CARTESIAN_POINT('',(281.125,97.725,1.));
#14709 = VECTOR('',#14710,1.);
#14710 = DIRECTION('',(0.,-1.,0.));
#14711 = PLANE('',#14712);
#14712 = AXIS2_PLACEMENT_3D('',#14713,#14714,#14715);
#14713 = CARTESIAN_POINT('',(281.125,97.725,1.));
#14714 = DIRECTION('',(-1.,0.,0.));
#14715 = DIRECTION('',(0.,-1.,0.));
#14716 = ADVANCED_FACE('',(#14717),#14735,.F.);
#14717 = FACE_BOUND('',#14718,.F.);
#14718 = EDGE_LOOP('',(#14719,#14727,#14728,#14729));
#14719 = ORIENTED_EDGE('',*,*,#14720,.T.);
#14720 = EDGE_CURVE('',#14721,#3666,#14723,.T.);
#14721 = VERTEX_POINT('',#14722);
#14722 = CARTESIAN_POINT('',(295.125,97.725,1.));
#14723 = LINE('',#14724,#14725);
#14724 = CARTESIAN_POINT('',(295.125,97.725,1.));
#14725 = VECTOR('',#14726,1.);
#14726 = DIRECTION('',(-0.,-0.,-1.));
#14727 = ORIENTED_EDGE('',*,*,#3665,.T.);
#14728 = ORIENTED_EDGE('',*,*,#14689,.F.);
#14729 = ORIENTED_EDGE('',*,*,#14730,.F.);
#14730 = EDGE_CURVE('',#14721,#14690,#14731,.T.);
#14731 = LINE('',#14732,#14733);
#14732 = CARTESIAN_POINT('',(295.125,97.725,1.));
#14733 = VECTOR('',#14734,1.);
#14734 = DIRECTION('',(-1.,0.,0.));
#14735 = PLANE('',#14736);
#14736 = AXIS2_PLACEMENT_3D('',#14737,#14738,#14739);
#14737 = CARTESIAN_POINT('',(295.125,97.725,1.));
#14738 = DIRECTION('',(0.,1.,0.));
#14739 = DIRECTION('',(-1.,0.,0.));
#14740 = ADVANCED_FACE('',(#14741),#14759,.F.);
#14741 = FACE_BOUND('',#14742,.F.);
#14742 = EDGE_LOOP('',(#14743,#14744,#14745,#14753));
#14743 = ORIENTED_EDGE('',*,*,#14698,.T.);
#14744 = ORIENTED_EDGE('',*,*,#3681,.T.);
#14745 = ORIENTED_EDGE('',*,*,#14746,.F.);
#14746 = EDGE_CURVE('',#14747,#3674,#14749,.T.);
#14747 = VERTEX_POINT('',#14748);
#14748 = CARTESIAN_POINT('',(295.125,83.725,1.));
#14749 = LINE('',#14750,#14751);
#14750 = CARTESIAN_POINT('',(295.125,83.725,1.));
#14751 = VECTOR('',#14752,1.);
#14752 = DIRECTION('',(-0.,-0.,-1.));
#14753 = ORIENTED_EDGE('',*,*,#14754,.F.);
#14754 = EDGE_CURVE('',#14699,#14747,#14755,.T.);
#14755 = LINE('',#14756,#14757);
#14756 = CARTESIAN_POINT('',(281.125,83.725,1.));
#14757 = VECTOR('',#14758,1.);
#14758 = DIRECTION('',(1.,0.,0.));
#14759 = PLANE('',#14760);
#14760 = AXIS2_PLACEMENT_3D('',#14761,#14762,#14763);
#14761 = CARTESIAN_POINT('',(281.125,83.725,1.));
#14762 = DIRECTION('',(0.,-1.,0.));
#14763 = DIRECTION('',(1.,0.,0.));
#14764 = ADVANCED_FACE('',(#14765),#14776,.F.);
#14765 = FACE_BOUND('',#14766,.F.);
#14766 = EDGE_LOOP('',(#14767,#14768,#14769,#14770));
#14767 = ORIENTED_EDGE('',*,*,#14746,.T.);
#14768 = ORIENTED_EDGE('',*,*,#3673,.T.);
#14769 = ORIENTED_EDGE('',*,*,#14720,.F.);
#14770 = ORIENTED_EDGE('',*,*,#14771,.F.);
#14771 = EDGE_CURVE('',#14747,#14721,#14772,.T.);
#14772 = LINE('',#14773,#14774);
#14773 = CARTESIAN_POINT('',(295.125,83.725,1.));
#14774 = VECTOR('',#14775,1.);
#14775 = DIRECTION('',(0.,1.,0.));
#14776 = PLANE('',#14777);
#14777 = AXIS2_PLACEMENT_3D('',#14778,#14779,#14780);
#14778 = CARTESIAN_POINT('',(295.125,83.725,1.));
#14779 = DIRECTION('',(1.,0.,0.));
#14780 = DIRECTION('',(0.,1.,0.));
#14781 = ADVANCED_FACE('',(#14782),#14808,.F.);
#14782 = FACE_BOUND('',#14783,.F.);
#14783 = EDGE_LOOP('',(#14784,#14795,#14801,#14802));
#14784 = ORIENTED_EDGE('',*,*,#14785,.F.);
#14785 = EDGE_CURVE('',#14786,#14788,#14790,.T.);
#14786 = VERTEX_POINT('',#14787);
#14787 = CARTESIAN_POINT('',(346.98210666564,86.507105916341,1.));
#14788 = VERTEX_POINT('',#14789);
#14789 = CARTESIAN_POINT('',(345.56789333435,85.092892122889,1.));
#14790 = CIRCLE('',#14791,1.);
#14791 = AXIS2_PLACEMENT_3D('',#14792,#14793,#14794);
#14792 = CARTESIAN_POINT('',(346.275,85.799999019615,1.));
#14793 = DIRECTION('',(0.,0.,1.));
#14794 = DIRECTION('',(1.,0.,0.));
#14795 = ORIENTED_EDGE('',*,*,#14796,.T.);
#14796 = EDGE_CURVE('',#14786,#3690,#14797,.T.);
#14797 = LINE('',#14798,#14799);
#14798 = CARTESIAN_POINT('',(346.98210666564,86.507105916341,1.));
#14799 = VECTOR('',#14800,1.);
#14800 = DIRECTION('',(-0.,-0.,-1.));
#14801 = ORIENTED_EDGE('',*,*,#3689,.T.);
#14802 = ORIENTED_EDGE('',*,*,#14803,.F.);
#14803 = EDGE_CURVE('',#14788,#3692,#14804,.T.);
#14804 = LINE('',#14805,#14806);
#14805 = CARTESIAN_POINT('',(345.56789333435,85.092892122889,1.));
#14806 = VECTOR('',#14807,1.);
#14807 = DIRECTION('',(-0.,-0.,-1.));
#14808 = CYLINDRICAL_SURFACE('',#14809,1.);
#14809 = AXIS2_PLACEMENT_3D('',#14810,#14811,#14812);
#14810 = CARTESIAN_POINT('',(346.275,85.799999019615,1.));
#14811 = DIRECTION('',(0.,0.,1.));
#14812 = DIRECTION('',(1.,0.,0.));
#14813 = ADVANCED_FACE('',(#14814),#14832,.T.);
#14814 = FACE_BOUND('',#14815,.T.);
#14815 = EDGE_LOOP('',(#14816,#14824,#14825,#14826));
#14816 = ORIENTED_EDGE('',*,*,#14817,.F.);
#14817 = EDGE_CURVE('',#14786,#14818,#14820,.T.);
#14818 = VERTEX_POINT('',#14819);
#14819 = CARTESIAN_POINT('',(349.98210666564,83.507106896726,1.));
#14820 = LINE('',#14821,#14822);
#14821 = CARTESIAN_POINT('',(346.98210666564,86.507105916341,1.));
#14822 = VECTOR('',#14823,1.);
#14823 = DIRECTION('',(0.707106896726,-0.707106665647,0.));
#14824 = ORIENTED_EDGE('',*,*,#14796,.T.);
#14825 = ORIENTED_EDGE('',*,*,#3700,.T.);
#14826 = ORIENTED_EDGE('',*,*,#14827,.F.);
#14827 = EDGE_CURVE('',#14818,#3701,#14828,.T.);
#14828 = LINE('',#14829,#14830);
#14829 = CARTESIAN_POINT('',(349.98210666564,83.507106896726,1.));
#14830 = VECTOR('',#14831,1.);
#14831 = DIRECTION('',(-0.,-0.,-1.));
#14832 = PLANE('',#14833);
#14833 = AXIS2_PLACEMENT_3D('',#14834,#14835,#14836);
#14834 = CARTESIAN_POINT('',(346.98210666564,86.507105916341,1.));
#14835 = DIRECTION('',(-0.707106665647,-0.707106896726,0.));
#14836 = DIRECTION('',(0.707106896726,-0.707106665647,0.));
#14837 = ADVANCED_FACE('',(#14838),#14856,.F.);
#14838 = FACE_BOUND('',#14839,.F.);
#14839 = EDGE_LOOP('',(#14840,#14848,#14849,#14850));
#14840 = ORIENTED_EDGE('',*,*,#14841,.F.);
#14841 = EDGE_CURVE('',#14788,#14842,#14844,.T.);
#14842 = VERTEX_POINT('',#14843);
#14843 = CARTESIAN_POINT('',(348.56789333435,82.092893103274,1.));
#14844 = LINE('',#14845,#14846);
#14845 = CARTESIAN_POINT('',(345.56789333435,85.092892122889,1.));
#14846 = VECTOR('',#14847,1.);
#14847 = DIRECTION('',(0.707106896726,-0.707106665647,0.));
#14848 = ORIENTED_EDGE('',*,*,#14803,.T.);
#14849 = ORIENTED_EDGE('',*,*,#3717,.T.);
#14850 = ORIENTED_EDGE('',*,*,#14851,.F.);
#14851 = EDGE_CURVE('',#14842,#3709,#14852,.T.);
#14852 = LINE('',#14853,#14854);
#14853 = CARTESIAN_POINT('',(348.56789333435,82.092893103274,1.));
#14854 = VECTOR('',#14855,1.);
#14855 = DIRECTION('',(-0.,-0.,-1.));
#14856 = PLANE('',#14857);
#14857 = AXIS2_PLACEMENT_3D('',#14858,#14859,#14860);
#14858 = CARTESIAN_POINT('',(345.56789333435,85.092892122889,1.));
#14859 = DIRECTION('',(-0.707106665647,-0.707106896726,0.));
#14860 = DIRECTION('',(0.707106896726,-0.707106665647,0.));
#14861 = ADVANCED_FACE('',(#14862),#14874,.F.);
#14862 = FACE_BOUND('',#14863,.F.);
#14863 = EDGE_LOOP('',(#14864,#14871,#14872,#14873));
#14864 = ORIENTED_EDGE('',*,*,#14865,.F.);
#14865 = EDGE_CURVE('',#14842,#14818,#14866,.T.);
#14866 = CIRCLE('',#14867,1.);
#14867 = AXIS2_PLACEMENT_3D('',#14868,#14869,#14870);
#14868 = CARTESIAN_POINT('',(349.275,82.8,1.));
#14869 = DIRECTION('',(0.,0.,1.));
#14870 = DIRECTION('',(1.,0.,0.));
#14871 = ORIENTED_EDGE('',*,*,#14851,.T.);
#14872 = ORIENTED_EDGE('',*,*,#3708,.T.);
#14873 = ORIENTED_EDGE('',*,*,#14827,.F.);
#14874 = CYLINDRICAL_SURFACE('',#14875,1.);
#14875 = AXIS2_PLACEMENT_3D('',#14876,#14877,#14878);
#14876 = CARTESIAN_POINT('',(349.275,82.8,1.));
#14877 = DIRECTION('',(0.,0.,1.));
#14878 = DIRECTION('',(1.,0.,0.));
#14879 = ADVANCED_FACE('',(#14880),#14905,.F.);
#14880 = FACE_BOUND('',#14881,.F.);
#14881 = EDGE_LOOP('',(#14882,#14890,#14891,#14899));
#14882 = ORIENTED_EDGE('',*,*,#14883,.T.);
#14883 = EDGE_CURVE('',#14884,#3726,#14886,.T.);
#14884 = VERTEX_POINT('',#14885);
#14885 = CARTESIAN_POINT('',(309.7,97.725,1.));
#14886 = LINE('',#14887,#14888);
#14887 = CARTESIAN_POINT('',(309.7,97.725,1.));
#14888 = VECTOR('',#14889,1.);
#14889 = DIRECTION('',(-0.,-0.,-1.));
#14890 = ORIENTED_EDGE('',*,*,#3725,.T.);
#14891 = ORIENTED_EDGE('',*,*,#14892,.F.);
#14892 = EDGE_CURVE('',#14893,#3728,#14895,.T.);
#14893 = VERTEX_POINT('',#14894);
#14894 = CARTESIAN_POINT('',(309.7,93.025,1.));
#14895 = LINE('',#14896,#14897);
#14896 = CARTESIAN_POINT('',(309.7,93.025,1.));
#14897 = VECTOR('',#14898,1.);
#14898 = DIRECTION('',(-0.,-0.,-1.));
#14899 = ORIENTED_EDGE('',*,*,#14900,.F.);
#14900 = EDGE_CURVE('',#14884,#14893,#14901,.T.);
#14901 = LINE('',#14902,#14903);
#14902 = CARTESIAN_POINT('',(309.7,97.725,1.));
#14903 = VECTOR('',#14904,1.);
#14904 = DIRECTION('',(0.,-1.,0.));
#14905 = PLANE('',#14906);
#14906 = AXIS2_PLACEMENT_3D('',#14907,#14908,#14909);
#14907 = CARTESIAN_POINT('',(309.7,97.725,1.));
#14908 = DIRECTION('',(-1.,0.,0.));
#14909 = DIRECTION('',(0.,-1.,0.));
#14910 = ADVANCED_FACE('',(#14911),#14929,.T.);
#14911 = FACE_BOUND('',#14912,.T.);
#14912 = EDGE_LOOP('',(#14913,#14914,#14915,#14923));
#14913 = ORIENTED_EDGE('',*,*,#14883,.T.);
#14914 = ORIENTED_EDGE('',*,*,#3735,.T.);
#14915 = ORIENTED_EDGE('',*,*,#14916,.F.);
#14916 = EDGE_CURVE('',#14917,#3736,#14919,.T.);
#14917 = VERTEX_POINT('',#14918);
#14918 = CARTESIAN_POINT('',(323.7,97.725,1.));
#14919 = LINE('',#14920,#14921);
#14920 = CARTESIAN_POINT('',(323.7,97.725,1.));
#14921 = VECTOR('',#14922,1.);
#14922 = DIRECTION('',(-0.,-0.,-1.));
#14923 = ORIENTED_EDGE('',*,*,#14924,.F.);
#14924 = EDGE_CURVE('',#14884,#14917,#14925,.T.);
#14925 = LINE('',#14926,#14927);
#14926 = CARTESIAN_POINT('',(309.7,97.725,1.));
#14927 = VECTOR('',#14928,1.);
#14928 = DIRECTION('',(1.,0.,0.));
#14929 = PLANE('',#14930);
#14930 = AXIS2_PLACEMENT_3D('',#14931,#14932,#14933);
#14931 = CARTESIAN_POINT('',(309.7,97.725,1.));
#14932 = DIRECTION('',(0.,-1.,0.));
#14933 = DIRECTION('',(1.,0.,0.));
#14934 = ADVANCED_FACE('',(#14935),#14953,.F.);
#14935 = FACE_BOUND('',#14936,.F.);
#14936 = EDGE_LOOP('',(#14937,#14938,#14939,#14947));
#14937 = ORIENTED_EDGE('',*,*,#14892,.T.);
#14938 = ORIENTED_EDGE('',*,*,#4007,.T.);
#14939 = ORIENTED_EDGE('',*,*,#14940,.F.);
#14940 = EDGE_CURVE('',#14941,#4000,#14943,.T.);
#14941 = VERTEX_POINT('',#14942);
#14942 = CARTESIAN_POINT('',(308.175,93.025,1.));
#14943 = LINE('',#14944,#14945);
#14944 = CARTESIAN_POINT('',(308.175,93.025,1.));
#14945 = VECTOR('',#14946,1.);
#14946 = DIRECTION('',(-0.,-0.,-1.));
#14947 = ORIENTED_EDGE('',*,*,#14948,.F.);
#14948 = EDGE_CURVE('',#14893,#14941,#14949,.T.);
#14949 = LINE('',#14950,#14951);
#14950 = CARTESIAN_POINT('',(309.7,93.025,1.));
#14951 = VECTOR('',#14952,1.);
#14952 = DIRECTION('',(-1.,0.,0.));
#14953 = PLANE('',#14954);
#14954 = AXIS2_PLACEMENT_3D('',#14955,#14956,#14957);
#14955 = CARTESIAN_POINT('',(309.7,93.025,1.));
#14956 = DIRECTION('',(0.,1.,0.));
#14957 = DIRECTION('',(-1.,0.,0.));
#14958 = ADVANCED_FACE('',(#14959),#14977,.T.);
#14959 = FACE_BOUND('',#14960,.T.);
#14960 = EDGE_LOOP('',(#14961,#14962,#14963,#14971));
#14961 = ORIENTED_EDGE('',*,*,#14916,.T.);
#14962 = ORIENTED_EDGE('',*,*,#3743,.T.);
#14963 = ORIENTED_EDGE('',*,*,#14964,.F.);
#14964 = EDGE_CURVE('',#14965,#3744,#14967,.T.);
#14965 = VERTEX_POINT('',#14966);
#14966 = CARTESIAN_POINT('',(323.7,93.025,1.));
#14967 = LINE('',#14968,#14969);
#14968 = CARTESIAN_POINT('',(323.7,93.025,1.));
#14969 = VECTOR('',#14970,1.);
#14970 = DIRECTION('',(-0.,-0.,-1.));
#14971 = ORIENTED_EDGE('',*,*,#14972,.F.);
#14972 = EDGE_CURVE('',#14917,#14965,#14973,.T.);
#14973 = LINE('',#14974,#14975);
#14974 = CARTESIAN_POINT('',(323.7,97.725,1.));
#14975 = VECTOR('',#14976,1.);
#14976 = DIRECTION('',(0.,-1.,0.));
#14977 = PLANE('',#14978);
#14978 = AXIS2_PLACEMENT_3D('',#14979,#14980,#14981);
#14979 = CARTESIAN_POINT('',(323.7,97.725,1.));
#14980 = DIRECTION('',(-1.,0.,0.));
#14981 = DIRECTION('',(0.,-1.,0.));
#14982 = ADVANCED_FACE('',(#14983),#15001,.F.);
#14983 = FACE_BOUND('',#14984,.F.);
#14984 = EDGE_LOOP('',(#14985,#14986,#14987,#14995));
#14985 = ORIENTED_EDGE('',*,*,#14940,.T.);
#14986 = ORIENTED_EDGE('',*,*,#3999,.T.);
#14987 = ORIENTED_EDGE('',*,*,#14988,.F.);
#14988 = EDGE_CURVE('',#14989,#3992,#14991,.T.);
#14989 = VERTEX_POINT('',#14990);
#14990 = CARTESIAN_POINT('',(308.175,96.255,1.));
#14991 = LINE('',#14992,#14993);
#14992 = CARTESIAN_POINT('',(308.175,96.255,1.));
#14993 = VECTOR('',#14994,1.);
#14994 = DIRECTION('',(-0.,-0.,-1.));
#14995 = ORIENTED_EDGE('',*,*,#14996,.F.);
#14996 = EDGE_CURVE('',#14941,#14989,#14997,.T.);
#14997 = LINE('',#14998,#14999);
#14998 = CARTESIAN_POINT('',(308.175,93.025,1.));
#14999 = VECTOR('',#15000,1.);
#15000 = DIRECTION('',(0.,1.,0.));
#15001 = PLANE('',#15002);
#15002 = AXIS2_PLACEMENT_3D('',#15003,#15004,#15005);
#15003 = CARTESIAN_POINT('',(308.175,93.025,1.));
#15004 = DIRECTION('',(1.,0.,0.));
#15005 = DIRECTION('',(0.,1.,0.));
#15006 = ADVANCED_FACE('',(#15007),#15025,.T.);
#15007 = FACE_BOUND('',#15008,.T.);
#15008 = EDGE_LOOP('',(#15009,#15010,#15011,#15019));
#15009 = ORIENTED_EDGE('',*,*,#14964,.T.);
#15010 = ORIENTED_EDGE('',*,*,#3751,.T.);
#15011 = ORIENTED_EDGE('',*,*,#15012,.F.);
#15012 = EDGE_CURVE('',#15013,#3752,#15015,.T.);
#15013 = VERTEX_POINT('',#15014);
#15014 = CARTESIAN_POINT('',(325.225,93.025,1.));
#15015 = LINE('',#15016,#15017);
#15016 = CARTESIAN_POINT('',(325.225,93.025,1.));
#15017 = VECTOR('',#15018,1.);
#15018 = DIRECTION('',(-0.,-0.,-1.));
#15019 = ORIENTED_EDGE('',*,*,#15020,.F.);
#15020 = EDGE_CURVE('',#14965,#15013,#15021,.T.);
#15021 = LINE('',#15022,#15023);
#15022 = CARTESIAN_POINT('',(323.7,93.025,1.));
#15023 = VECTOR('',#15024,1.);
#15024 = DIRECTION('',(1.,0.,0.));
#15025 = PLANE('',#15026);
#15026 = AXIS2_PLACEMENT_3D('',#15027,#15028,#15029);
#15027 = CARTESIAN_POINT('',(323.7,93.025,1.));
#15028 = DIRECTION('',(0.,-1.,0.));
#15029 = DIRECTION('',(1.,0.,0.));
#15030 = ADVANCED_FACE('',(#15031),#15049,.T.);
#15031 = FACE_BOUND('',#15032,.T.);
#15032 = EDGE_LOOP('',(#15033,#15041,#15042,#15043));
#15033 = ORIENTED_EDGE('',*,*,#15034,.T.);
#15034 = EDGE_CURVE('',#15035,#3984,#15037,.T.);
#15035 = VERTEX_POINT('',#15036);
#15036 = CARTESIAN_POINT('',(301.425,96.255,1.));
#15037 = LINE('',#15038,#15039);
#15038 = CARTESIAN_POINT('',(301.425,96.255,1.));
#15039 = VECTOR('',#15040,1.);
#15040 = DIRECTION('',(-0.,-0.,-1.));
#15041 = ORIENTED_EDGE('',*,*,#3991,.T.);
#15042 = ORIENTED_EDGE('',*,*,#14988,.F.);
#15043 = ORIENTED_EDGE('',*,*,#15044,.F.);
#15044 = EDGE_CURVE('',#15035,#14989,#15045,.T.);
#15045 = LINE('',#15046,#15047);
#15046 = CARTESIAN_POINT('',(301.425,96.255,1.));
#15047 = VECTOR('',#15048,1.);
#15048 = DIRECTION('',(1.,0.,0.));
#15049 = PLANE('',#15050);
#15050 = AXIS2_PLACEMENT_3D('',#15051,#15052,#15053);
#15051 = CARTESIAN_POINT('',(301.425,96.255,1.));
#15052 = DIRECTION('',(0.,-1.,0.));
#15053 = DIRECTION('',(1.,0.,0.));
#15054 = ADVANCED_FACE('',(#15055),#15073,.T.);
#15055 = FACE_BOUND('',#15056,.T.);
#15056 = EDGE_LOOP('',(#15057,#15058,#15059,#15067));
#15057 = ORIENTED_EDGE('',*,*,#15012,.T.);
#15058 = ORIENTED_EDGE('',*,*,#3759,.T.);
#15059 = ORIENTED_EDGE('',*,*,#15060,.F.);
#15060 = EDGE_CURVE('',#15061,#3760,#15063,.T.);
#15061 = VERTEX_POINT('',#15062);
#15062 = CARTESIAN_POINT('',(325.225,96.255,1.));
#15063 = LINE('',#15064,#15065);
#15064 = CARTESIAN_POINT('',(325.225,96.255,1.));
#15065 = VECTOR('',#15066,1.);
#15066 = DIRECTION('',(-0.,-0.,-1.));
#15067 = ORIENTED_EDGE('',*,*,#15068,.F.);
#15068 = EDGE_CURVE('',#15013,#15061,#15069,.T.);
#15069 = LINE('',#15070,#15071);
#15070 = CARTESIAN_POINT('',(325.225,93.025,1.));
#15071 = VECTOR('',#15072,1.);
#15072 = DIRECTION('',(0.,1.,0.));
#15073 = PLANE('',#15074);
#15074 = AXIS2_PLACEMENT_3D('',#15075,#15076,#15077);
#15075 = CARTESIAN_POINT('',(325.225,93.025,1.));
#15076 = DIRECTION('',(1.,0.,0.));
#15077 = DIRECTION('',(0.,1.,0.));
#15078 = ADVANCED_FACE('',(#15079),#15097,.F.);
#15079 = FACE_BOUND('',#15080,.F.);
#15080 = EDGE_LOOP('',(#15081,#15082,#15083,#15091));
#15081 = ORIENTED_EDGE('',*,*,#15034,.T.);
#15082 = ORIENTED_EDGE('',*,*,#3983,.T.);
#15083 = ORIENTED_EDGE('',*,*,#15084,.F.);
#15084 = EDGE_CURVE('',#15085,#3976,#15087,.T.);
#15085 = VERTEX_POINT('',#15086);
#15086 = CARTESIAN_POINT('',(301.425,93.025,1.));
#15087 = LINE('',#15088,#15089);
#15088 = CARTESIAN_POINT('',(301.425,93.025,1.));
#15089 = VECTOR('',#15090,1.);
#15090 = DIRECTION('',(-0.,-0.,-1.));
#15091 = ORIENTED_EDGE('',*,*,#15092,.F.);
#15092 = EDGE_CURVE('',#15035,#15085,#15093,.T.);
#15093 = LINE('',#15094,#15095);
#15094 = CARTESIAN_POINT('',(301.425,96.255,1.));
#15095 = VECTOR('',#15096,1.);
#15096 = DIRECTION('',(0.,-1.,0.));
#15097 = PLANE('',#15098);
#15098 = AXIS2_PLACEMENT_3D('',#15099,#15100,#15101);
#15099 = CARTESIAN_POINT('',(301.425,96.255,1.));
#15100 = DIRECTION('',(-1.,0.,0.));
#15101 = DIRECTION('',(0.,-1.,0.));
#15102 = ADVANCED_FACE('',(#15103),#15121,.T.);
#15103 = FACE_BOUND('',#15104,.T.);
#15104 = EDGE_LOOP('',(#15105,#15106,#15107,#15115));
#15105 = ORIENTED_EDGE('',*,*,#15060,.T.);
#15106 = ORIENTED_EDGE('',*,*,#3767,.T.);
#15107 = ORIENTED_EDGE('',*,*,#15108,.F.);
#15108 = EDGE_CURVE('',#15109,#3768,#15111,.T.);
#15109 = VERTEX_POINT('',#15110);
#15110 = CARTESIAN_POINT('',(331.975,96.255,1.));
#15111 = LINE('',#15112,#15113);
#15112 = CARTESIAN_POINT('',(331.975,96.255,1.));
#15113 = VECTOR('',#15114,1.);
#15114 = DIRECTION('',(-0.,-0.,-1.));
#15115 = ORIENTED_EDGE('',*,*,#15116,.F.);
#15116 = EDGE_CURVE('',#15061,#15109,#15117,.T.);
#15117 = LINE('',#15118,#15119);
#15118 = CARTESIAN_POINT('',(325.225,96.255,1.));
#15119 = VECTOR('',#15120,1.);
#15120 = DIRECTION('',(1.,0.,0.));
#15121 = PLANE('',#15122);
#15122 = AXIS2_PLACEMENT_3D('',#15123,#15124,#15125);
#15123 = CARTESIAN_POINT('',(325.225,96.255,1.));
#15124 = DIRECTION('',(0.,-1.,0.));
#15125 = DIRECTION('',(1.,0.,0.));
#15126 = ADVANCED_FACE('',(#15127),#15145,.F.);
#15127 = FACE_BOUND('',#15128,.F.);
#15128 = EDGE_LOOP('',(#15129,#15130,#15131,#15139));
#15129 = ORIENTED_EDGE('',*,*,#15084,.T.);
#15130 = ORIENTED_EDGE('',*,*,#3975,.T.);
#15131 = ORIENTED_EDGE('',*,*,#15132,.F.);
#15132 = EDGE_CURVE('',#15133,#3968,#15135,.T.);
#15133 = VERTEX_POINT('',#15134);
#15134 = CARTESIAN_POINT('',(300.6,93.025,1.));
#15135 = LINE('',#15136,#15137);
#15136 = CARTESIAN_POINT('',(300.6,93.025,1.));
#15137 = VECTOR('',#15138,1.);
#15138 = DIRECTION('',(-0.,-0.,-1.));
#15139 = ORIENTED_EDGE('',*,*,#15140,.F.);
#15140 = EDGE_CURVE('',#15085,#15133,#15141,.T.);
#15141 = LINE('',#15142,#15143);
#15142 = CARTESIAN_POINT('',(301.425,93.025,1.));
#15143 = VECTOR('',#15144,1.);
#15144 = DIRECTION('',(-1.,0.,0.));
#15145 = PLANE('',#15146);
#15146 = AXIS2_PLACEMENT_3D('',#15147,#15148,#15149);
#15147 = CARTESIAN_POINT('',(301.425,93.025,1.));
#15148 = DIRECTION('',(0.,1.,0.));
#15149 = DIRECTION('',(-1.,0.,0.));
#15150 = ADVANCED_FACE('',(#15151),#15169,.T.);
#15151 = FACE_BOUND('',#15152,.T.);
#15152 = EDGE_LOOP('',(#15153,#15154,#15155,#15163));
#15153 = ORIENTED_EDGE('',*,*,#15108,.T.);
#15154 = ORIENTED_EDGE('',*,*,#3775,.T.);
#15155 = ORIENTED_EDGE('',*,*,#15156,.F.);
#15156 = EDGE_CURVE('',#15157,#3776,#15159,.T.);
#15157 = VERTEX_POINT('',#15158);
#15158 = CARTESIAN_POINT('',(331.975,93.025,1.));
#15159 = LINE('',#15160,#15161);
#15160 = CARTESIAN_POINT('',(331.975,93.025,1.));
#15161 = VECTOR('',#15162,1.);
#15162 = DIRECTION('',(-0.,-0.,-1.));
#15163 = ORIENTED_EDGE('',*,*,#15164,.F.);
#15164 = EDGE_CURVE('',#15109,#15157,#15165,.T.);
#15165 = LINE('',#15166,#15167);
#15166 = CARTESIAN_POINT('',(331.975,96.255,1.));
#15167 = VECTOR('',#15168,1.);
#15168 = DIRECTION('',(0.,-1.,0.));
#15169 = PLANE('',#15170);
#15170 = AXIS2_PLACEMENT_3D('',#15171,#15172,#15173);
#15171 = CARTESIAN_POINT('',(331.975,96.255,1.));
#15172 = DIRECTION('',(-1.,0.,0.));
#15173 = DIRECTION('',(0.,-1.,0.));
#15174 = ADVANCED_FACE('',(#15175),#15193,.F.);
#15175 = FACE_BOUND('',#15176,.F.);
#15176 = EDGE_LOOP('',(#15177,#15178,#15179,#15187));
#15177 = ORIENTED_EDGE('',*,*,#15132,.T.);
#15178 = ORIENTED_EDGE('',*,*,#3967,.T.);
#15179 = ORIENTED_EDGE('',*,*,#15180,.F.);
#15180 = EDGE_CURVE('',#15181,#3960,#15183,.T.);
#15181 = VERTEX_POINT('',#15182);
#15182 = CARTESIAN_POINT('',(300.6,90.225,1.));
#15183 = LINE('',#15184,#15185);
#15184 = CARTESIAN_POINT('',(300.6,90.225,1.));
#15185 = VECTOR('',#15186,1.);
#15186 = DIRECTION('',(-0.,-0.,-1.));
#15187 = ORIENTED_EDGE('',*,*,#15188,.F.);
#15188 = EDGE_CURVE('',#15133,#15181,#15189,.T.);
#15189 = LINE('',#15190,#15191);
#15190 = CARTESIAN_POINT('',(300.6,93.025,1.));
#15191 = VECTOR('',#15192,1.);
#15192 = DIRECTION('',(0.,-1.,0.));
#15193 = PLANE('',#15194);
#15194 = AXIS2_PLACEMENT_3D('',#15195,#15196,#15197);
#15195 = CARTESIAN_POINT('',(300.6,93.025,1.));
#15196 = DIRECTION('',(-1.,0.,0.));
#15197 = DIRECTION('',(0.,-1.,0.));
#15198 = ADVANCED_FACE('',(#15199),#15217,.T.);
#15199 = FACE_BOUND('',#15200,.T.);
#15200 = EDGE_LOOP('',(#15201,#15202,#15203,#15211));
#15201 = ORIENTED_EDGE('',*,*,#15156,.T.);
#15202 = ORIENTED_EDGE('',*,*,#3783,.T.);
#15203 = ORIENTED_EDGE('',*,*,#15204,.F.);
#15204 = EDGE_CURVE('',#15205,#3784,#15207,.T.);
#15205 = VERTEX_POINT('',#15206);
#15206 = CARTESIAN_POINT('',(332.8,93.025,1.));
#15207 = LINE('',#15208,#15209);
#15208 = CARTESIAN_POINT('',(332.8,93.025,1.));
#15209 = VECTOR('',#15210,1.);
#15210 = DIRECTION('',(-0.,-0.,-1.));
#15211 = ORIENTED_EDGE('',*,*,#15212,.F.);
#15212 = EDGE_CURVE('',#15157,#15205,#15213,.T.);
#15213 = LINE('',#15214,#15215);
#15214 = CARTESIAN_POINT('',(331.975,93.025,1.));
#15215 = VECTOR('',#15216,1.);
#15216 = DIRECTION('',(1.,0.,0.));
#15217 = PLANE('',#15218);
#15218 = AXIS2_PLACEMENT_3D('',#15219,#15220,#15221);
#15219 = CARTESIAN_POINT('',(331.975,93.025,1.));
#15220 = DIRECTION('',(0.,-1.,0.));
#15221 = DIRECTION('',(1.,0.,0.));
#15222 = ADVANCED_FACE('',(#15223),#15241,.F.);
#15223 = FACE_BOUND('',#15224,.F.);
#15224 = EDGE_LOOP('',(#15225,#15226,#15227,#15235));
#15225 = ORIENTED_EDGE('',*,*,#15180,.T.);
#15226 = ORIENTED_EDGE('',*,*,#3959,.T.);
#15227 = ORIENTED_EDGE('',*,*,#15228,.F.);
#15228 = EDGE_CURVE('',#15229,#3952,#15231,.T.);
#15229 = VERTEX_POINT('',#15230);
#15230 = CARTESIAN_POINT('',(301.425,90.225,1.));
#15231 = LINE('',#15232,#15233);
#15232 = CARTESIAN_POINT('',(301.425,90.225,1.));
#15233 = VECTOR('',#15234,1.);
#15234 = DIRECTION('',(-0.,-0.,-1.));
#15235 = ORIENTED_EDGE('',*,*,#15236,.F.);
#15236 = EDGE_CURVE('',#15181,#15229,#15237,.T.);
#15237 = LINE('',#15238,#15239);
#15238 = CARTESIAN_POINT('',(300.6,90.225,1.));
#15239 = VECTOR('',#15240,1.);
#15240 = DIRECTION('',(1.,0.,0.));
#15241 = PLANE('',#15242);
#15242 = AXIS2_PLACEMENT_3D('',#15243,#15244,#15245);
#15243 = CARTESIAN_POINT('',(300.6,90.225,1.));
#15244 = DIRECTION('',(0.,-1.,0.));
#15245 = DIRECTION('',(1.,0.,0.));
#15246 = ADVANCED_FACE('',(#15247),#15265,.T.);
#15247 = FACE_BOUND('',#15248,.T.);
#15248 = EDGE_LOOP('',(#15249,#15250,#15251,#15259));
#15249 = ORIENTED_EDGE('',*,*,#15204,.T.);
#15250 = ORIENTED_EDGE('',*,*,#3791,.T.);
#15251 = ORIENTED_EDGE('',*,*,#15252,.F.);
#15252 = EDGE_CURVE('',#15253,#3792,#15255,.T.);
#15253 = VERTEX_POINT('',#15254);
#15254 = CARTESIAN_POINT('',(332.8,90.225,1.));
#15255 = LINE('',#15256,#15257);
#15256 = CARTESIAN_POINT('',(332.8,90.225,1.));
#15257 = VECTOR('',#15258,1.);
#15258 = DIRECTION('',(-0.,-0.,-1.));
#15259 = ORIENTED_EDGE('',*,*,#15260,.F.);
#15260 = EDGE_CURVE('',#15205,#15253,#15261,.T.);
#15261 = LINE('',#15262,#15263);
#15262 = CARTESIAN_POINT('',(332.8,93.025,1.));
#15263 = VECTOR('',#15264,1.);
#15264 = DIRECTION('',(0.,-1.,0.));
#15265 = PLANE('',#15266);
#15266 = AXIS2_PLACEMENT_3D('',#15267,#15268,#15269);
#15267 = CARTESIAN_POINT('',(332.8,93.025,1.));
#15268 = DIRECTION('',(-1.,0.,0.));
#15269 = DIRECTION('',(0.,-1.,0.));
#15270 = ADVANCED_FACE('',(#15271),#15289,.F.);
#15271 = FACE_BOUND('',#15272,.F.);
#15272 = EDGE_LOOP('',(#15273,#15274,#15275,#15283));
#15273 = ORIENTED_EDGE('',*,*,#15228,.T.);
#15274 = ORIENTED_EDGE('',*,*,#3951,.T.);
#15275 = ORIENTED_EDGE('',*,*,#15276,.F.);
#15276 = EDGE_CURVE('',#15277,#3944,#15279,.T.);
#15277 = VERTEX_POINT('',#15278);
#15278 = CARTESIAN_POINT('',(301.425,83.955,1.));
#15279 = LINE('',#15280,#15281);
#15280 = CARTESIAN_POINT('',(301.425,83.955,1.));
#15281 = VECTOR('',#15282,1.);
#15282 = DIRECTION('',(-0.,-0.,-1.));
#15283 = ORIENTED_EDGE('',*,*,#15284,.F.);
#15284 = EDGE_CURVE('',#15229,#15277,#15285,.T.);
#15285 = LINE('',#15286,#15287);
#15286 = CARTESIAN_POINT('',(301.425,90.225,1.));
#15287 = VECTOR('',#15288,1.);
#15288 = DIRECTION('',(0.,-1.,0.));
#15289 = PLANE('',#15290);
#15290 = AXIS2_PLACEMENT_3D('',#15291,#15292,#15293);
#15291 = CARTESIAN_POINT('',(301.425,90.225,1.));
#15292 = DIRECTION('',(-1.,0.,0.));
#15293 = DIRECTION('',(0.,-1.,0.));
#15294 = ADVANCED_FACE('',(#15295),#15313,.T.);
#15295 = FACE_BOUND('',#15296,.T.);
#15296 = EDGE_LOOP('',(#15297,#15298,#15299,#15307));
#15297 = ORIENTED_EDGE('',*,*,#15252,.T.);
#15298 = ORIENTED_EDGE('',*,*,#3799,.T.);
#15299 = ORIENTED_EDGE('',*,*,#15300,.F.);
#15300 = EDGE_CURVE('',#15301,#3800,#15303,.T.);
#15301 = VERTEX_POINT('',#15302);
#15302 = CARTESIAN_POINT('',(331.975,90.225,1.));
#15303 = LINE('',#15304,#15305);
#15304 = CARTESIAN_POINT('',(331.975,90.225,1.));
#15305 = VECTOR('',#15306,1.);
#15306 = DIRECTION('',(-0.,-0.,-1.));
#15307 = ORIENTED_EDGE('',*,*,#15308,.F.);
#15308 = EDGE_CURVE('',#15253,#15301,#15309,.T.);
#15309 = LINE('',#15310,#15311);
#15310 = CARTESIAN_POINT('',(332.8,90.225,1.));
#15311 = VECTOR('',#15312,1.);
#15312 = DIRECTION('',(-1.,0.,0.));
#15313 = PLANE('',#15314);
#15314 = AXIS2_PLACEMENT_3D('',#15315,#15316,#15317);
#15315 = CARTESIAN_POINT('',(332.8,90.225,1.));
#15316 = DIRECTION('',(0.,1.,0.));
#15317 = DIRECTION('',(-1.,0.,0.));
#15318 = ADVANCED_FACE('',(#15319),#15337,.F.);
#15319 = FACE_BOUND('',#15320,.F.);
#15320 = EDGE_LOOP('',(#15321,#15322,#15323,#15331));
#15321 = ORIENTED_EDGE('',*,*,#15276,.T.);
#15322 = ORIENTED_EDGE('',*,*,#3943,.T.);
#15323 = ORIENTED_EDGE('',*,*,#15324,.F.);
#15324 = EDGE_CURVE('',#15325,#3936,#15327,.T.);
#15325 = VERTEX_POINT('',#15326);
#15326 = CARTESIAN_POINT('',(303.15,83.955,1.));
#15327 = LINE('',#15328,#15329);
#15328 = CARTESIAN_POINT('',(303.15,83.955,1.));
#15329 = VECTOR('',#15330,1.);
#15330 = DIRECTION('',(-0.,-0.,-1.));
#15331 = ORIENTED_EDGE('',*,*,#15332,.F.);
#15332 = EDGE_CURVE('',#15277,#15325,#15333,.T.);
#15333 = LINE('',#15334,#15335);
#15334 = CARTESIAN_POINT('',(301.425,83.955,1.));
#15335 = VECTOR('',#15336,1.);
#15336 = DIRECTION('',(1.,0.,0.));
#15337 = PLANE('',#15338);
#15338 = AXIS2_PLACEMENT_3D('',#15339,#15340,#15341);
#15339 = CARTESIAN_POINT('',(301.425,83.955,1.));
#15340 = DIRECTION('',(0.,-1.,0.));
#15341 = DIRECTION('',(1.,0.,0.));
#15342 = ADVANCED_FACE('',(#15343),#15361,.T.);
#15343 = FACE_BOUND('',#15344,.T.);
#15344 = EDGE_LOOP('',(#15345,#15346,#15347,#15355));
#15345 = ORIENTED_EDGE('',*,*,#15300,.T.);
#15346 = ORIENTED_EDGE('',*,*,#3807,.T.);
#15347 = ORIENTED_EDGE('',*,*,#15348,.F.);
#15348 = EDGE_CURVE('',#15349,#3808,#15351,.T.);
#15349 = VERTEX_POINT('',#15350);
#15350 = CARTESIAN_POINT('',(331.975,83.955,1.));
#15351 = LINE('',#15352,#15353);
#15352 = CARTESIAN_POINT('',(331.975,83.955,1.));
#15353 = VECTOR('',#15354,1.);
#15354 = DIRECTION('',(-0.,-0.,-1.));
#15355 = ORIENTED_EDGE('',*,*,#15356,.F.);
#15356 = EDGE_CURVE('',#15301,#15349,#15357,.T.);
#15357 = LINE('',#15358,#15359);
#15358 = CARTESIAN_POINT('',(331.975,90.225,1.));
#15359 = VECTOR('',#15360,1.);
#15360 = DIRECTION('',(0.,-1.,0.));
#15361 = PLANE('',#15362);
#15362 = AXIS2_PLACEMENT_3D('',#15363,#15364,#15365);
#15363 = CARTESIAN_POINT('',(331.975,90.225,1.));
#15364 = DIRECTION('',(-1.,0.,0.));
#15365 = DIRECTION('',(0.,-1.,0.));
#15366 = ADVANCED_FACE('',(#15367),#15385,.F.);
#15367 = FACE_BOUND('',#15368,.F.);
#15368 = EDGE_LOOP('',(#15369,#15370,#15371,#15379));
#15369 = ORIENTED_EDGE('',*,*,#15324,.T.);
#15370 = ORIENTED_EDGE('',*,*,#3935,.T.);
#15371 = ORIENTED_EDGE('',*,*,#15372,.F.);
#15372 = EDGE_CURVE('',#15373,#3928,#15375,.T.);
#15373 = VERTEX_POINT('',#15374);
#15374 = CARTESIAN_POINT('',(303.15,82.755,1.));
#15375 = LINE('',#15376,#15377);
#15376 = CARTESIAN_POINT('',(303.15,82.755,1.));
#15377 = VECTOR('',#15378,1.);
#15378 = DIRECTION('',(-0.,-0.,-1.));
#15379 = ORIENTED_EDGE('',*,*,#15380,.F.);
#15380 = EDGE_CURVE('',#15325,#15373,#15381,.T.);
#15381 = LINE('',#15382,#15383);
#15382 = CARTESIAN_POINT('',(303.15,83.955,1.));
#15383 = VECTOR('',#15384,1.);
#15384 = DIRECTION('',(0.,-1.,0.));
#15385 = PLANE('',#15386);
#15386 = AXIS2_PLACEMENT_3D('',#15387,#15388,#15389);
#15387 = CARTESIAN_POINT('',(303.15,83.955,1.));
#15388 = DIRECTION('',(-1.,0.,0.));
#15389 = DIRECTION('',(0.,-1.,0.));
#15390 = ADVANCED_FACE('',(#15391),#15409,.T.);
#15391 = FACE_BOUND('',#15392,.T.);
#15392 = EDGE_LOOP('',(#15393,#15394,#15395,#15403));
#15393 = ORIENTED_EDGE('',*,*,#15348,.T.);
#15394 = ORIENTED_EDGE('',*,*,#3815,.T.);
#15395 = ORIENTED_EDGE('',*,*,#15396,.F.);
#15396 = EDGE_CURVE('',#15397,#3816,#15399,.T.);
#15397 = VERTEX_POINT('',#15398);
#15398 = CARTESIAN_POINT('',(330.25,83.955,1.));
#15399 = LINE('',#15400,#15401);
#15400 = CARTESIAN_POINT('',(330.25,83.955,1.));
#15401 = VECTOR('',#15402,1.);
#15402 = DIRECTION('',(-0.,-0.,-1.));
#15403 = ORIENTED_EDGE('',*,*,#15404,.F.);
#15404 = EDGE_CURVE('',#15349,#15397,#15405,.T.);
#15405 = LINE('',#15406,#15407);
#15406 = CARTESIAN_POINT('',(331.975,83.955,1.));
#15407 = VECTOR('',#15408,1.);
#15408 = DIRECTION('',(-1.,0.,0.));
#15409 = PLANE('',#15410);
#15410 = AXIS2_PLACEMENT_3D('',#15411,#15412,#15413);
#15411 = CARTESIAN_POINT('',(331.975,83.955,1.));
#15412 = DIRECTION('',(0.,1.,0.));
#15413 = DIRECTION('',(-1.,0.,0.));
#15414 = ADVANCED_FACE('',(#15415),#15433,.F.);
#15415 = FACE_BOUND('',#15416,.F.);
#15416 = EDGE_LOOP('',(#15417,#15418,#15419,#15427));
#15417 = ORIENTED_EDGE('',*,*,#15372,.T.);
#15418 = ORIENTED_EDGE('',*,*,#3927,.T.);
#15419 = ORIENTED_EDGE('',*,*,#15420,.F.);
#15420 = EDGE_CURVE('',#15421,#3920,#15423,.T.);
#15421 = VERTEX_POINT('',#15422);
#15422 = CARTESIAN_POINT('',(306.45,82.755,1.));
#15423 = LINE('',#15424,#15425);
#15424 = CARTESIAN_POINT('',(306.45,82.755,1.));
#15425 = VECTOR('',#15426,1.);
#15426 = DIRECTION('',(-0.,-0.,-1.));
#15427 = ORIENTED_EDGE('',*,*,#15428,.F.);
#15428 = EDGE_CURVE('',#15373,#15421,#15429,.T.);
#15429 = LINE('',#15430,#15431);
#15430 = CARTESIAN_POINT('',(303.15,82.755,1.));
#15431 = VECTOR('',#15432,1.);
#15432 = DIRECTION('',(1.,0.,0.));
#15433 = PLANE('',#15434);
#15434 = AXIS2_PLACEMENT_3D('',#15435,#15436,#15437);
#15435 = CARTESIAN_POINT('',(303.15,82.755,1.));
#15436 = DIRECTION('',(0.,-1.,0.));
#15437 = DIRECTION('',(1.,0.,0.));
#15438 = ADVANCED_FACE('',(#15439),#15457,.T.);
#15439 = FACE_BOUND('',#15440,.T.);
#15440 = EDGE_LOOP('',(#15441,#15442,#15443,#15451));
#15441 = ORIENTED_EDGE('',*,*,#15396,.T.);
#15442 = ORIENTED_EDGE('',*,*,#3823,.T.);
#15443 = ORIENTED_EDGE('',*,*,#15444,.F.);
#15444 = EDGE_CURVE('',#15445,#3824,#15447,.T.);
#15445 = VERTEX_POINT('',#15446);
#15446 = CARTESIAN_POINT('',(330.25,82.755,1.));
#15447 = LINE('',#15448,#15449);
#15448 = CARTESIAN_POINT('',(330.25,82.755,1.));
#15449 = VECTOR('',#15450,1.);
#15450 = DIRECTION('',(-0.,-0.,-1.));
#15451 = ORIENTED_EDGE('',*,*,#15452,.F.);
#15452 = EDGE_CURVE('',#15397,#15445,#15453,.T.);
#15453 = LINE('',#15454,#15455);
#15454 = CARTESIAN_POINT('',(330.25,83.955,1.));
#15455 = VECTOR('',#15456,1.);
#15456 = DIRECTION('',(0.,-1.,0.));
#15457 = PLANE('',#15458);
#15458 = AXIS2_PLACEMENT_3D('',#15459,#15460,#15461);
#15459 = CARTESIAN_POINT('',(330.25,83.955,1.));
#15460 = DIRECTION('',(-1.,0.,0.));
#15461 = DIRECTION('',(0.,-1.,0.));
#15462 = ADVANCED_FACE('',(#15463),#15481,.F.);
#15463 = FACE_BOUND('',#15464,.F.);
#15464 = EDGE_LOOP('',(#15465,#15466,#15467,#15475));
#15465 = ORIENTED_EDGE('',*,*,#15420,.T.);
#15466 = ORIENTED_EDGE('',*,*,#3919,.T.);
#15467 = ORIENTED_EDGE('',*,*,#15468,.F.);
#15468 = EDGE_CURVE('',#15469,#3912,#15471,.T.);
#15469 = VERTEX_POINT('',#15470);
#15470 = CARTESIAN_POINT('',(306.45,83.955,1.));
#15471 = LINE('',#15472,#15473);
#15472 = CARTESIAN_POINT('',(306.45,83.955,1.));
#15473 = VECTOR('',#15474,1.);
#15474 = DIRECTION('',(-0.,-0.,-1.));
#15475 = ORIENTED_EDGE('',*,*,#15476,.F.);
#15476 = EDGE_CURVE('',#15421,#15469,#15477,.T.);
#15477 = LINE('',#15478,#15479);
#15478 = CARTESIAN_POINT('',(306.45,82.755,1.));
#15479 = VECTOR('',#15480,1.);
#15480 = DIRECTION('',(0.,1.,0.));
#15481 = PLANE('',#15482);
#15482 = AXIS2_PLACEMENT_3D('',#15483,#15484,#15485);
#15483 = CARTESIAN_POINT('',(306.45,82.755,1.));
#15484 = DIRECTION('',(1.,0.,0.));
#15485 = DIRECTION('',(0.,1.,0.));
#15486 = ADVANCED_FACE('',(#15487),#15505,.T.);
#15487 = FACE_BOUND('',#15488,.T.);
#15488 = EDGE_LOOP('',(#15489,#15490,#15491,#15499));
#15489 = ORIENTED_EDGE('',*,*,#15444,.T.);
#15490 = ORIENTED_EDGE('',*,*,#3831,.T.);
#15491 = ORIENTED_EDGE('',*,*,#15492,.F.);
#15492 = EDGE_CURVE('',#15493,#3832,#15495,.T.);
#15493 = VERTEX_POINT('',#15494);
#15494 = CARTESIAN_POINT('',(326.95,82.755,1.));
#15495 = LINE('',#15496,#15497);
#15496 = CARTESIAN_POINT('',(326.95,82.755,1.));
#15497 = VECTOR('',#15498,1.);
#15498 = DIRECTION('',(-0.,-0.,-1.));
#15499 = ORIENTED_EDGE('',*,*,#15500,.F.);
#15500 = EDGE_CURVE('',#15445,#15493,#15501,.T.);
#15501 = LINE('',#15502,#15503);
#15502 = CARTESIAN_POINT('',(330.25,82.755,1.));
#15503 = VECTOR('',#15504,1.);
#15504 = DIRECTION('',(-1.,0.,0.));
#15505 = PLANE('',#15506);
#15506 = AXIS2_PLACEMENT_3D('',#15507,#15508,#15509);
#15507 = CARTESIAN_POINT('',(330.25,82.755,1.));
#15508 = DIRECTION('',(0.,1.,0.));
#15509 = DIRECTION('',(-1.,0.,0.));
#15510 = ADVANCED_FACE('',(#15511),#15529,.F.);
#15511 = FACE_BOUND('',#15512,.F.);
#15512 = EDGE_LOOP('',(#15513,#15514,#15515,#15523));
#15513 = ORIENTED_EDGE('',*,*,#15468,.T.);
#15514 = ORIENTED_EDGE('',*,*,#3911,.T.);
#15515 = ORIENTED_EDGE('',*,*,#15516,.F.);
#15516 = EDGE_CURVE('',#15517,#3904,#15519,.T.);
#15517 = VERTEX_POINT('',#15518);
#15518 = CARTESIAN_POINT('',(308.175,83.955,1.));
#15519 = LINE('',#15520,#15521);
#15520 = CARTESIAN_POINT('',(308.175,83.955,1.));
#15521 = VECTOR('',#15522,1.);
#15522 = DIRECTION('',(-0.,-0.,-1.));
#15523 = ORIENTED_EDGE('',*,*,#15524,.F.);
#15524 = EDGE_CURVE('',#15469,#15517,#15525,.T.);
#15525 = LINE('',#15526,#15527);
#15526 = CARTESIAN_POINT('',(306.45,83.955,1.));
#15527 = VECTOR('',#15528,1.);
#15528 = DIRECTION('',(1.,0.,0.));
#15529 = PLANE('',#15530);
#15530 = AXIS2_PLACEMENT_3D('',#15531,#15532,#15533);
#15531 = CARTESIAN_POINT('',(306.45,83.955,1.));
#15532 = DIRECTION('',(0.,-1.,0.));
#15533 = DIRECTION('',(1.,0.,0.));
#15534 = ADVANCED_FACE('',(#15535),#15553,.T.);
#15535 = FACE_BOUND('',#15536,.T.);
#15536 = EDGE_LOOP('',(#15537,#15538,#15539,#15547));
#15537 = ORIENTED_EDGE('',*,*,#15492,.T.);
#15538 = ORIENTED_EDGE('',*,*,#3839,.T.);
#15539 = ORIENTED_EDGE('',*,*,#15540,.F.);
#15540 = EDGE_CURVE('',#15541,#3840,#15543,.T.);
#15541 = VERTEX_POINT('',#15542);
#15542 = CARTESIAN_POINT('',(326.95,83.955,1.));
#15543 = LINE('',#15544,#15545);
#15544 = CARTESIAN_POINT('',(326.95,83.955,1.));
#15545 = VECTOR('',#15546,1.);
#15546 = DIRECTION('',(-0.,-0.,-1.));
#15547 = ORIENTED_EDGE('',*,*,#15548,.F.);
#15548 = EDGE_CURVE('',#15493,#15541,#15549,.T.);
#15549 = LINE('',#15550,#15551);
#15550 = CARTESIAN_POINT('',(326.95,82.755,1.));
#15551 = VECTOR('',#15552,1.);
#15552 = DIRECTION('',(0.,1.,0.));
#15553 = PLANE('',#15554);
#15554 = AXIS2_PLACEMENT_3D('',#15555,#15556,#15557);
#15555 = CARTESIAN_POINT('',(326.95,82.755,1.));
#15556 = DIRECTION('',(1.,0.,0.));
#15557 = DIRECTION('',(0.,1.,0.));
#15558 = ADVANCED_FACE('',(#15559),#15577,.F.);
#15559 = FACE_BOUND('',#15560,.F.);
#15560 = EDGE_LOOP('',(#15561,#15562,#15563,#15571));
#15561 = ORIENTED_EDGE('',*,*,#15516,.T.);
#15562 = ORIENTED_EDGE('',*,*,#3903,.T.);
#15563 = ORIENTED_EDGE('',*,*,#15564,.F.);
#15564 = EDGE_CURVE('',#15565,#3896,#15567,.T.);
#15565 = VERTEX_POINT('',#15566);
#15566 = CARTESIAN_POINT('',(308.175,88.425,1.));
#15567 = LINE('',#15568,#15569);
#15568 = CARTESIAN_POINT('',(308.175,88.425,1.));
#15569 = VECTOR('',#15570,1.);
#15570 = DIRECTION('',(-0.,-0.,-1.));
#15571 = ORIENTED_EDGE('',*,*,#15572,.F.);
#15572 = EDGE_CURVE('',#15517,#15565,#15573,.T.);
#15573 = LINE('',#15574,#15575);
#15574 = CARTESIAN_POINT('',(308.175,83.955,1.));
#15575 = VECTOR('',#15576,1.);
#15576 = DIRECTION('',(0.,1.,0.));
#15577 = PLANE('',#15578);
#15578 = AXIS2_PLACEMENT_3D('',#15579,#15580,#15581);
#15579 = CARTESIAN_POINT('',(308.175,83.955,1.));
#15580 = DIRECTION('',(1.,0.,0.));
#15581 = DIRECTION('',(0.,1.,0.));
#15582 = ADVANCED_FACE('',(#15583),#15601,.T.);
#15583 = FACE_BOUND('',#15584,.T.);
#15584 = EDGE_LOOP('',(#15585,#15586,#15587,#15595));
#15585 = ORIENTED_EDGE('',*,*,#15540,.T.);
#15586 = ORIENTED_EDGE('',*,*,#3847,.T.);
#15587 = ORIENTED_EDGE('',*,*,#15588,.F.);
#15588 = EDGE_CURVE('',#15589,#3848,#15591,.T.);
#15589 = VERTEX_POINT('',#15590);
#15590 = CARTESIAN_POINT('',(325.225,83.955,1.));
#15591 = LINE('',#15592,#15593);
#15592 = CARTESIAN_POINT('',(325.225,83.955,1.));
#15593 = VECTOR('',#15594,1.);
#15594 = DIRECTION('',(-0.,-0.,-1.));
#15595 = ORIENTED_EDGE('',*,*,#15596,.F.);
#15596 = EDGE_CURVE('',#15541,#15589,#15597,.T.);
#15597 = LINE('',#15598,#15599);
#15598 = CARTESIAN_POINT('',(326.95,83.955,1.));
#15599 = VECTOR('',#15600,1.);
#15600 = DIRECTION('',(-1.,0.,0.));
#15601 = PLANE('',#15602);
#15602 = AXIS2_PLACEMENT_3D('',#15603,#15604,#15605);
#15603 = CARTESIAN_POINT('',(326.95,83.955,1.));
#15604 = DIRECTION('',(0.,1.,0.));
#15605 = DIRECTION('',(-1.,0.,0.));
#15606 = ADVANCED_FACE('',(#15607),#15625,.F.);
#15607 = FACE_BOUND('',#15608,.F.);
#15608 = EDGE_LOOP('',(#15609,#15610,#15611,#15619));
#15609 = ORIENTED_EDGE('',*,*,#15564,.T.);
#15610 = ORIENTED_EDGE('',*,*,#3895,.T.);
#15611 = ORIENTED_EDGE('',*,*,#15612,.F.);
#15612 = EDGE_CURVE('',#15613,#3888,#15615,.T.);
#15613 = VERTEX_POINT('',#15614);
#15614 = CARTESIAN_POINT('',(309.7,88.425,1.));
#15615 = LINE('',#15616,#15617);
#15616 = CARTESIAN_POINT('',(309.7,88.425,1.));
#15617 = VECTOR('',#15618,1.);
#15618 = DIRECTION('',(-0.,-0.,-1.));
#15619 = ORIENTED_EDGE('',*,*,#15620,.F.);
#15620 = EDGE_CURVE('',#15565,#15613,#15621,.T.);
#15621 = LINE('',#15622,#15623);
#15622 = CARTESIAN_POINT('',(308.175,88.425,1.));
#15623 = VECTOR('',#15624,1.);
#15624 = DIRECTION('',(1.,0.,0.));
#15625 = PLANE('',#15626);
#15626 = AXIS2_PLACEMENT_3D('',#15627,#15628,#15629);
#15627 = CARTESIAN_POINT('',(308.175,88.425,1.));
#15628 = DIRECTION('',(0.,-1.,0.));
#15629 = DIRECTION('',(1.,0.,0.));
#15630 = ADVANCED_FACE('',(#15631),#15649,.T.);
#15631 = FACE_BOUND('',#15632,.T.);
#15632 = EDGE_LOOP('',(#15633,#15634,#15635,#15643));
#15633 = ORIENTED_EDGE('',*,*,#15588,.T.);
#15634 = ORIENTED_EDGE('',*,*,#3855,.T.);
#15635 = ORIENTED_EDGE('',*,*,#15636,.F.);
#15636 = EDGE_CURVE('',#15637,#3856,#15639,.T.);
#15637 = VERTEX_POINT('',#15638);
#15638 = CARTESIAN_POINT('',(325.225,88.425,1.));
#15639 = LINE('',#15640,#15641);
#15640 = CARTESIAN_POINT('',(325.225,88.425,1.));
#15641 = VECTOR('',#15642,1.);
#15642 = DIRECTION('',(-0.,-0.,-1.));
#15643 = ORIENTED_EDGE('',*,*,#15644,.F.);
#15644 = EDGE_CURVE('',#15589,#15637,#15645,.T.);
#15645 = LINE('',#15646,#15647);
#15646 = CARTESIAN_POINT('',(325.225,83.955,1.));
#15647 = VECTOR('',#15648,1.);
#15648 = DIRECTION('',(0.,1.,0.));
#15649 = PLANE('',#15650);
#15650 = AXIS2_PLACEMENT_3D('',#15651,#15652,#15653);
#15651 = CARTESIAN_POINT('',(325.225,83.955,1.));
#15652 = DIRECTION('',(1.,0.,0.));
#15653 = DIRECTION('',(0.,1.,0.));
#15654 = ADVANCED_FACE('',(#15655),#15673,.T.);
#15655 = FACE_BOUND('',#15656,.T.);
#15656 = EDGE_LOOP('',(#15657,#15665,#15666,#15667));
#15657 = ORIENTED_EDGE('',*,*,#15658,.T.);
#15658 = EDGE_CURVE('',#15659,#3880,#15661,.T.);
#15659 = VERTEX_POINT('',#15660);
#15660 = CARTESIAN_POINT('',(309.7,83.725,1.));
#15661 = LINE('',#15662,#15663);
#15662 = CARTESIAN_POINT('',(309.7,83.725,1.));
#15663 = VECTOR('',#15664,1.);
#15664 = DIRECTION('',(-0.,-0.,-1.));
#15665 = ORIENTED_EDGE('',*,*,#3887,.T.);
#15666 = ORIENTED_EDGE('',*,*,#15612,.F.);
#15667 = ORIENTED_EDGE('',*,*,#15668,.F.);
#15668 = EDGE_CURVE('',#15659,#15613,#15669,.T.);
#15669 = LINE('',#15670,#15671);
#15670 = CARTESIAN_POINT('',(309.7,83.725,1.));
#15671 = VECTOR('',#15672,1.);
#15672 = DIRECTION('',(0.,1.,0.));
#15673 = PLANE('',#15674);
#15674 = AXIS2_PLACEMENT_3D('',#15675,#15676,#15677);
#15675 = CARTESIAN_POINT('',(309.7,83.725,1.));
#15676 = DIRECTION('',(1.,0.,0.));
#15677 = DIRECTION('',(0.,1.,0.));
#15678 = ADVANCED_FACE('',(#15679),#15697,.T.);
#15679 = FACE_BOUND('',#15680,.T.);
#15680 = EDGE_LOOP('',(#15681,#15682,#15683,#15691));
#15681 = ORIENTED_EDGE('',*,*,#15636,.T.);
#15682 = ORIENTED_EDGE('',*,*,#3863,.T.);
#15683 = ORIENTED_EDGE('',*,*,#15684,.F.);
#15684 = EDGE_CURVE('',#15685,#3864,#15687,.T.);
#15685 = VERTEX_POINT('',#15686);
#15686 = CARTESIAN_POINT('',(323.7,88.425,1.));
#15687 = LINE('',#15688,#15689);
#15688 = CARTESIAN_POINT('',(323.7,88.425,1.));
#15689 = VECTOR('',#15690,1.);
#15690 = DIRECTION('',(-0.,-0.,-1.));
#15691 = ORIENTED_EDGE('',*,*,#15692,.F.);
#15692 = EDGE_CURVE('',#15637,#15685,#15693,.T.);
#15693 = LINE('',#15694,#15695);
#15694 = CARTESIAN_POINT('',(325.225,88.425,1.));
#15695 = VECTOR('',#15696,1.);
#15696 = DIRECTION('',(-1.,0.,0.));
#15697 = PLANE('',#15698);
#15698 = AXIS2_PLACEMENT_3D('',#15699,#15700,#15701);
#15699 = CARTESIAN_POINT('',(325.225,88.425,1.));
#15700 = DIRECTION('',(0.,1.,0.));
#15701 = DIRECTION('',(-1.,0.,0.));
#15702 = ADVANCED_FACE('',(#15703),#15721,.T.);
#15703 = FACE_BOUND('',#15704,.T.);
#15704 = EDGE_LOOP('',(#15705,#15713,#15714,#15715));
#15705 = ORIENTED_EDGE('',*,*,#15706,.T.);
#15706 = EDGE_CURVE('',#15707,#3872,#15709,.T.);
#15707 = VERTEX_POINT('',#15708);
#15708 = CARTESIAN_POINT('',(323.7,83.725,1.));
#15709 = LINE('',#15710,#15711);
#15710 = CARTESIAN_POINT('',(323.7,83.725,1.));
#15711 = VECTOR('',#15712,1.);
#15712 = DIRECTION('',(-0.,-0.,-1.));
#15713 = ORIENTED_EDGE('',*,*,#3879,.T.);
#15714 = ORIENTED_EDGE('',*,*,#15658,.F.);
#15715 = ORIENTED_EDGE('',*,*,#15716,.F.);
#15716 = EDGE_CURVE('',#15707,#15659,#15717,.T.);
#15717 = LINE('',#15718,#15719);
#15718 = CARTESIAN_POINT('',(323.7,83.725,1.));
#15719 = VECTOR('',#15720,1.);
#15720 = DIRECTION('',(-1.,0.,0.));
#15721 = PLANE('',#15722);
#15722 = AXIS2_PLACEMENT_3D('',#15723,#15724,#15725);
#15723 = CARTESIAN_POINT('',(323.7,83.725,1.));
#15724 = DIRECTION('',(0.,1.,0.));
#15725 = DIRECTION('',(-1.,0.,0.));
#15726 = ADVANCED_FACE('',(#15727),#15738,.T.);
#15727 = FACE_BOUND('',#15728,.T.);
#15728 = EDGE_LOOP('',(#15729,#15730,#15731,#15732));
#15729 = ORIENTED_EDGE('',*,*,#15684,.T.);
#15730 = ORIENTED_EDGE('',*,*,#3871,.T.);
#15731 = ORIENTED_EDGE('',*,*,#15706,.F.);
#15732 = ORIENTED_EDGE('',*,*,#15733,.F.);
#15733 = EDGE_CURVE('',#15685,#15707,#15734,.T.);
#15734 = LINE('',#15735,#15736);
#15735 = CARTESIAN_POINT('',(323.7,88.425,1.));
#15736 = VECTOR('',#15737,1.);
#15737 = DIRECTION('',(0.,-1.,0.));
#15738 = PLANE('',#15739);
#15739 = AXIS2_PLACEMENT_3D('',#15740,#15741,#15742);
#15740 = CARTESIAN_POINT('',(323.7,88.425,1.));
#15741 = DIRECTION('',(-1.,0.,0.));
#15742 = DIRECTION('',(0.,-1.,0.));
#15743 = ADVANCED_FACE('',(#15744),#15770,.F.);
#15744 = FACE_BOUND('',#15745,.F.);
#15745 = EDGE_LOOP('',(#15746,#15757,#15763,#15764));
#15746 = ORIENTED_EDGE('',*,*,#15747,.F.);
#15747 = EDGE_CURVE('',#15748,#15750,#15752,.T.);
#15748 = VERTEX_POINT('',#15749);
#15749 = CARTESIAN_POINT('',(346.98210666564,91.007105916341,1.));
#15750 = VERTEX_POINT('',#15751);
#15751 = CARTESIAN_POINT('',(345.56789333435,89.592892122889,1.));
#15752 = CIRCLE('',#15753,1.);
#15753 = AXIS2_PLACEMENT_3D('',#15754,#15755,#15756);
#15754 = CARTESIAN_POINT('',(346.275,90.299999019615,1.));
#15755 = DIRECTION('',(0.,0.,1.));
#15756 = DIRECTION('',(1.,0.,0.));
#15757 = ORIENTED_EDGE('',*,*,#15758,.T.);
#15758 = EDGE_CURVE('',#15748,#4016,#15759,.T.);
#15759 = LINE('',#15760,#15761);
#15760 = CARTESIAN_POINT('',(346.98210666564,91.007105916341,1.));
#15761 = VECTOR('',#15762,1.);
#15762 = DIRECTION('',(-0.,-0.,-1.));
#15763 = ORIENTED_EDGE('',*,*,#4015,.T.);
#15764 = ORIENTED_EDGE('',*,*,#15765,.F.);
#15765 = EDGE_CURVE('',#15750,#4018,#15766,.T.);
#15766 = LINE('',#15767,#15768);
#15767 = CARTESIAN_POINT('',(345.56789333435,89.592892122889,1.));
#15768 = VECTOR('',#15769,1.);
#15769 = DIRECTION('',(-0.,-0.,-1.));
#15770 = CYLINDRICAL_SURFACE('',#15771,1.);
#15771 = AXIS2_PLACEMENT_3D('',#15772,#15773,#15774);
#15772 = CARTESIAN_POINT('',(346.275,90.299999019615,1.));
#15773 = DIRECTION('',(0.,0.,1.));
#15774 = DIRECTION('',(1.,0.,0.));
#15775 = ADVANCED_FACE('',(#15776),#15794,.T.);
#15776 = FACE_BOUND('',#15777,.T.);
#15777 = EDGE_LOOP('',(#15778,#15786,#15787,#15788));
#15778 = ORIENTED_EDGE('',*,*,#15779,.F.);
#15779 = EDGE_CURVE('',#15748,#15780,#15782,.T.);
#15780 = VERTEX_POINT('',#15781);
#15781 = CARTESIAN_POINT('',(349.98210666564,88.007106896726,1.));
#15782 = LINE('',#15783,#15784);
#15783 = CARTESIAN_POINT('',(346.98210666564,91.007105916341,1.));
#15784 = VECTOR('',#15785,1.);
#15785 = DIRECTION('',(0.707106896726,-0.707106665647,0.));
#15786 = ORIENTED_EDGE('',*,*,#15758,.T.);
#15787 = ORIENTED_EDGE('',*,*,#4026,.T.);
#15788 = ORIENTED_EDGE('',*,*,#15789,.F.);
#15789 = EDGE_CURVE('',#15780,#4027,#15790,.T.);
#15790 = LINE('',#15791,#15792);
#15791 = CARTESIAN_POINT('',(349.98210666564,88.007106896726,1.));
#15792 = VECTOR('',#15793,1.);
#15793 = DIRECTION('',(-0.,-0.,-1.));
#15794 = PLANE('',#15795);
#15795 = AXIS2_PLACEMENT_3D('',#15796,#15797,#15798);
#15796 = CARTESIAN_POINT('',(346.98210666564,91.007105916341,1.));
#15797 = DIRECTION('',(-0.707106665647,-0.707106896726,0.));
#15798 = DIRECTION('',(0.707106896726,-0.707106665647,0.));
#15799 = ADVANCED_FACE('',(#15800),#15818,.F.);
#15800 = FACE_BOUND('',#15801,.F.);
#15801 = EDGE_LOOP('',(#15802,#15810,#15811,#15812));
#15802 = ORIENTED_EDGE('',*,*,#15803,.F.);
#15803 = EDGE_CURVE('',#15750,#15804,#15806,.T.);
#15804 = VERTEX_POINT('',#15805);
#15805 = CARTESIAN_POINT('',(348.56789333435,86.592893103274,1.));
#15806 = LINE('',#15807,#15808);
#15807 = CARTESIAN_POINT('',(345.56789333435,89.592892122889,1.));
#15808 = VECTOR('',#15809,1.);
#15809 = DIRECTION('',(0.707106896726,-0.707106665647,0.));
#15810 = ORIENTED_EDGE('',*,*,#15765,.T.);
#15811 = ORIENTED_EDGE('',*,*,#4043,.T.);
#15812 = ORIENTED_EDGE('',*,*,#15813,.F.);
#15813 = EDGE_CURVE('',#15804,#4035,#15814,.T.);
#15814 = LINE('',#15815,#15816);
#15815 = CARTESIAN_POINT('',(348.56789333435,86.592893103274,1.));
#15816 = VECTOR('',#15817,1.);
#15817 = DIRECTION('',(-0.,-0.,-1.));
#15818 = PLANE('',#15819);
#15819 = AXIS2_PLACEMENT_3D('',#15820,#15821,#15822);
#15820 = CARTESIAN_POINT('',(345.56789333435,89.592892122889,1.));
#15821 = DIRECTION('',(-0.707106665647,-0.707106896726,0.));
#15822 = DIRECTION('',(0.707106896726,-0.707106665647,0.));
#15823 = ADVANCED_FACE('',(#15824),#15836,.F.);
#15824 = FACE_BOUND('',#15825,.F.);
#15825 = EDGE_LOOP('',(#15826,#15833,#15834,#15835));
#15826 = ORIENTED_EDGE('',*,*,#15827,.F.);
#15827 = EDGE_CURVE('',#15804,#15780,#15828,.T.);
#15828 = CIRCLE('',#15829,1.);
#15829 = AXIS2_PLACEMENT_3D('',#15830,#15831,#15832);
#15830 = CARTESIAN_POINT('',(349.275,87.3,1.));
#15831 = DIRECTION('',(0.,0.,1.));
#15832 = DIRECTION('',(1.,0.,0.));
#15833 = ORIENTED_EDGE('',*,*,#15813,.T.);
#15834 = ORIENTED_EDGE('',*,*,#4034,.T.);
#15835 = ORIENTED_EDGE('',*,*,#15789,.F.);
#15836 = CYLINDRICAL_SURFACE('',#15837,1.);
#15837 = AXIS2_PLACEMENT_3D('',#15838,#15839,#15840);
#15838 = CARTESIAN_POINT('',(349.275,87.3,1.));
#15839 = DIRECTION('',(0.,0.,1.));
#15840 = DIRECTION('',(1.,0.,0.));
#15841 = ADVANCED_FACE('',(#15842),#15867,.F.);
#15842 = FACE_BOUND('',#15843,.F.);
#15843 = EDGE_LOOP('',(#15844,#15852,#15853,#15861));
#15844 = ORIENTED_EDGE('',*,*,#15845,.T.);
#15845 = EDGE_CURVE('',#15846,#4052,#15848,.T.);
#15846 = VERTEX_POINT('',#15847);
#15847 = CARTESIAN_POINT('',(185.875,121.775,1.));
#15848 = LINE('',#15849,#15850);
#15849 = CARTESIAN_POINT('',(185.875,121.775,1.));
#15850 = VECTOR('',#15851,1.);
#15851 = DIRECTION('',(-0.,-0.,-1.));
#15852 = ORIENTED_EDGE('',*,*,#4051,.T.);
#15853 = ORIENTED_EDGE('',*,*,#15854,.F.);
#15854 = EDGE_CURVE('',#15855,#4054,#15857,.T.);
#15855 = VERTEX_POINT('',#15856);
#15856 = CARTESIAN_POINT('',(185.875,107.775,1.));
#15857 = LINE('',#15858,#15859);
#15858 = CARTESIAN_POINT('',(185.875,107.775,1.));
#15859 = VECTOR('',#15860,1.);
#15860 = DIRECTION('',(-0.,-0.,-1.));
#15861 = ORIENTED_EDGE('',*,*,#15862,.F.);
#15862 = EDGE_CURVE('',#15846,#15855,#15863,.T.);
#15863 = LINE('',#15864,#15865);
#15864 = CARTESIAN_POINT('',(185.875,121.775,1.));
#15865 = VECTOR('',#15866,1.);
#15866 = DIRECTION('',(0.,-1.,0.));
#15867 = PLANE('',#15868);
#15868 = AXIS2_PLACEMENT_3D('',#15869,#15870,#15871);
#15869 = CARTESIAN_POINT('',(185.875,121.775,1.));
#15870 = DIRECTION('',(-1.,0.,0.));
#15871 = DIRECTION('',(0.,-1.,0.));
#15872 = ADVANCED_FACE('',(#15873),#15891,.F.);
#15873 = FACE_BOUND('',#15874,.F.);
#15874 = EDGE_LOOP('',(#15875,#15883,#15884,#15885));
#15875 = ORIENTED_EDGE('',*,*,#15876,.T.);
#15876 = EDGE_CURVE('',#15877,#4062,#15879,.T.);
#15877 = VERTEX_POINT('',#15878);
#15878 = CARTESIAN_POINT('',(199.875,121.775,1.));
#15879 = LINE('',#15880,#15881);
#15880 = CARTESIAN_POINT('',(199.875,121.775,1.));
#15881 = VECTOR('',#15882,1.);
#15882 = DIRECTION('',(-0.,-0.,-1.));
#15883 = ORIENTED_EDGE('',*,*,#4061,.T.);
#15884 = ORIENTED_EDGE('',*,*,#15845,.F.);
#15885 = ORIENTED_EDGE('',*,*,#15886,.F.);
#15886 = EDGE_CURVE('',#15877,#15846,#15887,.T.);
#15887 = LINE('',#15888,#15889);
#15888 = CARTESIAN_POINT('',(199.875,121.775,1.));
#15889 = VECTOR('',#15890,1.);
#15890 = DIRECTION('',(-1.,0.,0.));
#15891 = PLANE('',#15892);
#15892 = AXIS2_PLACEMENT_3D('',#15893,#15894,#15895);
#15893 = CARTESIAN_POINT('',(199.875,121.775,1.));
#15894 = DIRECTION('',(0.,1.,0.));
#15895 = DIRECTION('',(-1.,0.,0.));
#15896 = ADVANCED_FACE('',(#15897),#15915,.F.);
#15897 = FACE_BOUND('',#15898,.F.);
#15898 = EDGE_LOOP('',(#15899,#15900,#15901,#15909));
#15899 = ORIENTED_EDGE('',*,*,#15854,.T.);
#15900 = ORIENTED_EDGE('',*,*,#4077,.T.);
#15901 = ORIENTED_EDGE('',*,*,#15902,.F.);
#15902 = EDGE_CURVE('',#15903,#4070,#15905,.T.);
#15903 = VERTEX_POINT('',#15904);
#15904 = CARTESIAN_POINT('',(199.875,107.775,1.));
#15905 = LINE('',#15906,#15907);
#15906 = CARTESIAN_POINT('',(199.875,107.775,1.));
#15907 = VECTOR('',#15908,1.);
#15908 = DIRECTION('',(-0.,-0.,-1.));
#15909 = ORIENTED_EDGE('',*,*,#15910,.F.);
#15910 = EDGE_CURVE('',#15855,#15903,#15911,.T.);
#15911 = LINE('',#15912,#15913);
#15912 = CARTESIAN_POINT('',(185.875,107.775,1.));
#15913 = VECTOR('',#15914,1.);
#15914 = DIRECTION('',(1.,0.,0.));
#15915 = PLANE('',#15916);
#15916 = AXIS2_PLACEMENT_3D('',#15917,#15918,#15919);
#15917 = CARTESIAN_POINT('',(185.875,107.775,1.));
#15918 = DIRECTION('',(0.,-1.,0.));
#15919 = DIRECTION('',(1.,0.,0.));
#15920 = ADVANCED_FACE('',(#15921),#15932,.F.);
#15921 = FACE_BOUND('',#15922,.F.);
#15922 = EDGE_LOOP('',(#15923,#15924,#15925,#15926));
#15923 = ORIENTED_EDGE('',*,*,#15902,.T.);
#15924 = ORIENTED_EDGE('',*,*,#4069,.T.);
#15925 = ORIENTED_EDGE('',*,*,#15876,.F.);
#15926 = ORIENTED_EDGE('',*,*,#15927,.F.);
#15927 = EDGE_CURVE('',#15903,#15877,#15928,.T.);
#15928 = LINE('',#15929,#15930);
#15929 = CARTESIAN_POINT('',(199.875,107.775,1.));
#15930 = VECTOR('',#15931,1.);
#15931 = DIRECTION('',(0.,1.,0.));
#15932 = PLANE('',#15933);
#15933 = AXIS2_PLACEMENT_3D('',#15934,#15935,#15936);
#15934 = CARTESIAN_POINT('',(199.875,107.775,1.));
#15935 = DIRECTION('',(1.,0.,0.));
#15936 = DIRECTION('',(0.,1.,0.));
#15937 = ADVANCED_FACE('',(#15938),#15963,.F.);
#15938 = FACE_BOUND('',#15939,.F.);
#15939 = EDGE_LOOP('',(#15940,#15948,#15949,#15957));
#15940 = ORIENTED_EDGE('',*,*,#15941,.T.);
#15941 = EDGE_CURVE('',#15942,#4086,#15944,.T.);
#15942 = VERTEX_POINT('',#15943);
#15943 = CARTESIAN_POINT('',(204.925,121.775,1.));
#15944 = LINE('',#15945,#15946);
#15945 = CARTESIAN_POINT('',(204.925,121.775,1.));
#15946 = VECTOR('',#15947,1.);
#15947 = DIRECTION('',(-0.,-0.,-1.));
#15948 = ORIENTED_EDGE('',*,*,#4085,.T.);
#15949 = ORIENTED_EDGE('',*,*,#15950,.F.);
#15950 = EDGE_CURVE('',#15951,#4088,#15953,.T.);
#15951 = VERTEX_POINT('',#15952);
#15952 = CARTESIAN_POINT('',(204.925,107.775,1.));
#15953 = LINE('',#15954,#15955);
#15954 = CARTESIAN_POINT('',(204.925,107.775,1.));
#15955 = VECTOR('',#15956,1.);
#15956 = DIRECTION('',(-0.,-0.,-1.));
#15957 = ORIENTED_EDGE('',*,*,#15958,.F.);
#15958 = EDGE_CURVE('',#15942,#15951,#15959,.T.);
#15959 = LINE('',#15960,#15961);
#15960 = CARTESIAN_POINT('',(204.925,121.775,1.));
#15961 = VECTOR('',#15962,1.);
#15962 = DIRECTION('',(0.,-1.,0.));
#15963 = PLANE('',#15964);
#15964 = AXIS2_PLACEMENT_3D('',#15965,#15966,#15967);
#15965 = CARTESIAN_POINT('',(204.925,121.775,1.));
#15966 = DIRECTION('',(-1.,0.,0.));
#15967 = DIRECTION('',(0.,-1.,0.));
#15968 = ADVANCED_FACE('',(#15969),#15987,.F.);
#15969 = FACE_BOUND('',#15970,.F.);
#15970 = EDGE_LOOP('',(#15971,#15979,#15980,#15981));
#15971 = ORIENTED_EDGE('',*,*,#15972,.T.);
#15972 = EDGE_CURVE('',#15973,#4096,#15975,.T.);
#15973 = VERTEX_POINT('',#15974);
#15974 = CARTESIAN_POINT('',(218.925,121.775,1.));
#15975 = LINE('',#15976,#15977);
#15976 = CARTESIAN_POINT('',(218.925,121.775,1.));
#15977 = VECTOR('',#15978,1.);
#15978 = DIRECTION('',(-0.,-0.,-1.));
#15979 = ORIENTED_EDGE('',*,*,#4095,.T.);
#15980 = ORIENTED_EDGE('',*,*,#15941,.F.);
#15981 = ORIENTED_EDGE('',*,*,#15982,.F.);
#15982 = EDGE_CURVE('',#15973,#15942,#15983,.T.);
#15983 = LINE('',#15984,#15985);
#15984 = CARTESIAN_POINT('',(218.925,121.775,1.));
#15985 = VECTOR('',#15986,1.);
#15986 = DIRECTION('',(-1.,0.,0.));
#15987 = PLANE('',#15988);
#15988 = AXIS2_PLACEMENT_3D('',#15989,#15990,#15991);
#15989 = CARTESIAN_POINT('',(218.925,121.775,1.));
#15990 = DIRECTION('',(0.,1.,0.));
#15991 = DIRECTION('',(-1.,0.,0.));
#15992 = ADVANCED_FACE('',(#15993),#16011,.F.);
#15993 = FACE_BOUND('',#15994,.F.);
#15994 = EDGE_LOOP('',(#15995,#15996,#15997,#16005));
#15995 = ORIENTED_EDGE('',*,*,#15950,.T.);
#15996 = ORIENTED_EDGE('',*,*,#4111,.T.);
#15997 = ORIENTED_EDGE('',*,*,#15998,.F.);
#15998 = EDGE_CURVE('',#15999,#4104,#16001,.T.);
#15999 = VERTEX_POINT('',#16000);
#16000 = CARTESIAN_POINT('',(218.925,107.775,1.));
#16001 = LINE('',#16002,#16003);
#16002 = CARTESIAN_POINT('',(218.925,107.775,1.));
#16003 = VECTOR('',#16004,1.);
#16004 = DIRECTION('',(-0.,-0.,-1.));
#16005 = ORIENTED_EDGE('',*,*,#16006,.F.);
#16006 = EDGE_CURVE('',#15951,#15999,#16007,.T.);
#16007 = LINE('',#16008,#16009);
#16008 = CARTESIAN_POINT('',(204.925,107.775,1.));
#16009 = VECTOR('',#16010,1.);
#16010 = DIRECTION('',(1.,0.,0.));
#16011 = PLANE('',#16012);
#16012 = AXIS2_PLACEMENT_3D('',#16013,#16014,#16015);
#16013 = CARTESIAN_POINT('',(204.925,107.775,1.));
#16014 = DIRECTION('',(0.,-1.,0.));
#16015 = DIRECTION('',(1.,0.,0.));
#16016 = ADVANCED_FACE('',(#16017),#16028,.F.);
#16017 = FACE_BOUND('',#16018,.F.);
#16018 = EDGE_LOOP('',(#16019,#16020,#16021,#16022));
#16019 = ORIENTED_EDGE('',*,*,#15998,.T.);
#16020 = ORIENTED_EDGE('',*,*,#4103,.T.);
#16021 = ORIENTED_EDGE('',*,*,#15972,.F.);
#16022 = ORIENTED_EDGE('',*,*,#16023,.F.);
#16023 = EDGE_CURVE('',#15999,#15973,#16024,.T.);
#16024 = LINE('',#16025,#16026);
#16025 = CARTESIAN_POINT('',(218.925,107.775,1.));
#16026 = VECTOR('',#16027,1.);
#16027 = DIRECTION('',(0.,1.,0.));
#16028 = PLANE('',#16029);
#16029 = AXIS2_PLACEMENT_3D('',#16030,#16031,#16032);
#16030 = CARTESIAN_POINT('',(218.925,107.775,1.));
#16031 = DIRECTION('',(1.,0.,0.));
#16032 = DIRECTION('',(0.,1.,0.));
#16033 = ADVANCED_FACE('',(#16034),#16059,.F.);
#16034 = FACE_BOUND('',#16035,.F.);
#16035 = EDGE_LOOP('',(#16036,#16044,#16045,#16053));
#16036 = ORIENTED_EDGE('',*,*,#16037,.T.);
#16037 = EDGE_CURVE('',#16038,#4120,#16040,.T.);
#16038 = VERTEX_POINT('',#16039);
#16039 = CARTESIAN_POINT('',(223.975,121.775,1.));
#16040 = LINE('',#16041,#16042);
#16041 = CARTESIAN_POINT('',(223.975,121.775,1.));
#16042 = VECTOR('',#16043,1.);
#16043 = DIRECTION('',(-0.,-0.,-1.));
#16044 = ORIENTED_EDGE('',*,*,#4119,.T.);
#16045 = ORIENTED_EDGE('',*,*,#16046,.F.);
#16046 = EDGE_CURVE('',#16047,#4122,#16049,.T.);
#16047 = VERTEX_POINT('',#16048);
#16048 = CARTESIAN_POINT('',(223.975,107.775,1.));
#16049 = LINE('',#16050,#16051);
#16050 = CARTESIAN_POINT('',(223.975,107.775,1.));
#16051 = VECTOR('',#16052,1.);
#16052 = DIRECTION('',(-0.,-0.,-1.));
#16053 = ORIENTED_EDGE('',*,*,#16054,.F.);
#16054 = EDGE_CURVE('',#16038,#16047,#16055,.T.);
#16055 = LINE('',#16056,#16057);
#16056 = CARTESIAN_POINT('',(223.975,121.775,1.));
#16057 = VECTOR('',#16058,1.);
#16058 = DIRECTION('',(0.,-1.,0.));
#16059 = PLANE('',#16060);
#16060 = AXIS2_PLACEMENT_3D('',#16061,#16062,#16063);
#16061 = CARTESIAN_POINT('',(223.975,121.775,1.));
#16062 = DIRECTION('',(-1.,0.,0.));
#16063 = DIRECTION('',(0.,-1.,0.));
#16064 = ADVANCED_FACE('',(#16065),#16083,.F.);
#16065 = FACE_BOUND('',#16066,.F.);
#16066 = EDGE_LOOP('',(#16067,#16075,#16076,#16077));
#16067 = ORIENTED_EDGE('',*,*,#16068,.T.);
#16068 = EDGE_CURVE('',#16069,#4130,#16071,.T.);
#16069 = VERTEX_POINT('',#16070);
#16070 = CARTESIAN_POINT('',(237.975,121.775,1.));
#16071 = LINE('',#16072,#16073);
#16072 = CARTESIAN_POINT('',(237.975,121.775,1.));
#16073 = VECTOR('',#16074,1.);
#16074 = DIRECTION('',(-0.,-0.,-1.));
#16075 = ORIENTED_EDGE('',*,*,#4129,.T.);
#16076 = ORIENTED_EDGE('',*,*,#16037,.F.);
#16077 = ORIENTED_EDGE('',*,*,#16078,.F.);
#16078 = EDGE_CURVE('',#16069,#16038,#16079,.T.);
#16079 = LINE('',#16080,#16081);
#16080 = CARTESIAN_POINT('',(237.975,121.775,1.));
#16081 = VECTOR('',#16082,1.);
#16082 = DIRECTION('',(-1.,0.,0.));
#16083 = PLANE('',#16084);
#16084 = AXIS2_PLACEMENT_3D('',#16085,#16086,#16087);
#16085 = CARTESIAN_POINT('',(237.975,121.775,1.));
#16086 = DIRECTION('',(0.,1.,0.));
#16087 = DIRECTION('',(-1.,0.,0.));
#16088 = ADVANCED_FACE('',(#16089),#16107,.F.);
#16089 = FACE_BOUND('',#16090,.F.);
#16090 = EDGE_LOOP('',(#16091,#16092,#16093,#16101));
#16091 = ORIENTED_EDGE('',*,*,#16046,.T.);
#16092 = ORIENTED_EDGE('',*,*,#4145,.T.);
#16093 = ORIENTED_EDGE('',*,*,#16094,.F.);
#16094 = EDGE_CURVE('',#16095,#4138,#16097,.T.);
#16095 = VERTEX_POINT('',#16096);
#16096 = CARTESIAN_POINT('',(237.975,107.775,1.));
#16097 = LINE('',#16098,#16099);
#16098 = CARTESIAN_POINT('',(237.975,107.775,1.));
#16099 = VECTOR('',#16100,1.);
#16100 = DIRECTION('',(-0.,-0.,-1.));
#16101 = ORIENTED_EDGE('',*,*,#16102,.F.);
#16102 = EDGE_CURVE('',#16047,#16095,#16103,.T.);
#16103 = LINE('',#16104,#16105);
#16104 = CARTESIAN_POINT('',(223.975,107.775,1.));
#16105 = VECTOR('',#16106,1.);
#16106 = DIRECTION('',(1.,0.,0.));
#16107 = PLANE('',#16108);
#16108 = AXIS2_PLACEMENT_3D('',#16109,#16110,#16111);
#16109 = CARTESIAN_POINT('',(223.975,107.775,1.));
#16110 = DIRECTION('',(0.,-1.,0.));
#16111 = DIRECTION('',(1.,0.,0.));
#16112 = ADVANCED_FACE('',(#16113),#16124,.F.);
#16113 = FACE_BOUND('',#16114,.F.);
#16114 = EDGE_LOOP('',(#16115,#16116,#16117,#16118));
#16115 = ORIENTED_EDGE('',*,*,#16094,.T.);
#16116 = ORIENTED_EDGE('',*,*,#4137,.T.);
#16117 = ORIENTED_EDGE('',*,*,#16068,.F.);
#16118 = ORIENTED_EDGE('',*,*,#16119,.F.);
#16119 = EDGE_CURVE('',#16095,#16069,#16120,.T.);
#16120 = LINE('',#16121,#16122);
#16121 = CARTESIAN_POINT('',(237.975,107.775,1.));
#16122 = VECTOR('',#16123,1.);
#16123 = DIRECTION('',(0.,1.,0.));
#16124 = PLANE('',#16125);
#16125 = AXIS2_PLACEMENT_3D('',#16126,#16127,#16128);
#16126 = CARTESIAN_POINT('',(237.975,107.775,1.));
#16127 = DIRECTION('',(1.,0.,0.));
#16128 = DIRECTION('',(0.,1.,0.));
#16129 = ADVANCED_FACE('',(#16130),#16155,.F.);
#16130 = FACE_BOUND('',#16131,.F.);
#16131 = EDGE_LOOP('',(#16132,#16140,#16141,#16149));
#16132 = ORIENTED_EDGE('',*,*,#16133,.T.);
#16133 = EDGE_CURVE('',#16134,#4154,#16136,.T.);
#16134 = VERTEX_POINT('',#16135);
#16135 = CARTESIAN_POINT('',(252.55,121.775,1.));
#16136 = LINE('',#16137,#16138);
#16137 = CARTESIAN_POINT('',(252.55,121.775,1.));
#16138 = VECTOR('',#16139,1.);
#16139 = DIRECTION('',(-0.,-0.,-1.));
#16140 = ORIENTED_EDGE('',*,*,#4153,.T.);
#16141 = ORIENTED_EDGE('',*,*,#16142,.F.);
#16142 = EDGE_CURVE('',#16143,#4156,#16145,.T.);
#16143 = VERTEX_POINT('',#16144);
#16144 = CARTESIAN_POINT('',(252.55,107.775,1.));
#16145 = LINE('',#16146,#16147);
#16146 = CARTESIAN_POINT('',(252.55,107.775,1.));
#16147 = VECTOR('',#16148,1.);
#16148 = DIRECTION('',(-0.,-0.,-1.));
#16149 = ORIENTED_EDGE('',*,*,#16150,.F.);
#16150 = EDGE_CURVE('',#16134,#16143,#16151,.T.);
#16151 = LINE('',#16152,#16153);
#16152 = CARTESIAN_POINT('',(252.55,121.775,1.));
#16153 = VECTOR('',#16154,1.);
#16154 = DIRECTION('',(0.,-1.,0.));
#16155 = PLANE('',#16156);
#16156 = AXIS2_PLACEMENT_3D('',#16157,#16158,#16159);
#16157 = CARTESIAN_POINT('',(252.55,121.775,1.));
#16158 = DIRECTION('',(-1.,0.,0.));
#16159 = DIRECTION('',(0.,-1.,0.));
#16160 = ADVANCED_FACE('',(#16161),#16179,.F.);
#16161 = FACE_BOUND('',#16162,.F.);
#16162 = EDGE_LOOP('',(#16163,#16171,#16172,#16173));
#16163 = ORIENTED_EDGE('',*,*,#16164,.T.);
#16164 = EDGE_CURVE('',#16165,#4164,#16167,.T.);
#16165 = VERTEX_POINT('',#16166);
#16166 = CARTESIAN_POINT('',(266.55,121.775,1.));
#16167 = LINE('',#16168,#16169);
#16168 = CARTESIAN_POINT('',(266.55,121.775,1.));
#16169 = VECTOR('',#16170,1.);
#16170 = DIRECTION('',(-0.,-0.,-1.));
#16171 = ORIENTED_EDGE('',*,*,#4163,.T.);
#16172 = ORIENTED_EDGE('',*,*,#16133,.F.);
#16173 = ORIENTED_EDGE('',*,*,#16174,.F.);
#16174 = EDGE_CURVE('',#16165,#16134,#16175,.T.);
#16175 = LINE('',#16176,#16177);
#16176 = CARTESIAN_POINT('',(266.55,121.775,1.));
#16177 = VECTOR('',#16178,1.);
#16178 = DIRECTION('',(-1.,0.,0.));
#16179 = PLANE('',#16180);
#16180 = AXIS2_PLACEMENT_3D('',#16181,#16182,#16183);
#16181 = CARTESIAN_POINT('',(266.55,121.775,1.));
#16182 = DIRECTION('',(0.,1.,0.));
#16183 = DIRECTION('',(-1.,0.,0.));
#16184 = ADVANCED_FACE('',(#16185),#16203,.F.);
#16185 = FACE_BOUND('',#16186,.F.);
#16186 = EDGE_LOOP('',(#16187,#16188,#16189,#16197));
#16187 = ORIENTED_EDGE('',*,*,#16142,.T.);
#16188 = ORIENTED_EDGE('',*,*,#4179,.T.);
#16189 = ORIENTED_EDGE('',*,*,#16190,.F.);
#16190 = EDGE_CURVE('',#16191,#4172,#16193,.T.);
#16191 = VERTEX_POINT('',#16192);
#16192 = CARTESIAN_POINT('',(266.55,107.775,1.));
#16193 = LINE('',#16194,#16195);
#16194 = CARTESIAN_POINT('',(266.55,107.775,1.));
#16195 = VECTOR('',#16196,1.);
#16196 = DIRECTION('',(-0.,-0.,-1.));
#16197 = ORIENTED_EDGE('',*,*,#16198,.F.);
#16198 = EDGE_CURVE('',#16143,#16191,#16199,.T.);
#16199 = LINE('',#16200,#16201);
#16200 = CARTESIAN_POINT('',(252.55,107.775,1.));
#16201 = VECTOR('',#16202,1.);
#16202 = DIRECTION('',(1.,0.,0.));
#16203 = PLANE('',#16204);
#16204 = AXIS2_PLACEMENT_3D('',#16205,#16206,#16207);
#16205 = CARTESIAN_POINT('',(252.55,107.775,1.));
#16206 = DIRECTION('',(0.,-1.,0.));
#16207 = DIRECTION('',(1.,0.,0.));
#16208 = ADVANCED_FACE('',(#16209),#16220,.F.);
#16209 = FACE_BOUND('',#16210,.F.);
#16210 = EDGE_LOOP('',(#16211,#16212,#16213,#16214));
#16211 = ORIENTED_EDGE('',*,*,#16190,.T.);
#16212 = ORIENTED_EDGE('',*,*,#4171,.T.);
#16213 = ORIENTED_EDGE('',*,*,#16164,.F.);
#16214 = ORIENTED_EDGE('',*,*,#16215,.F.);
#16215 = EDGE_CURVE('',#16191,#16165,#16216,.T.);
#16216 = LINE('',#16217,#16218);
#16217 = CARTESIAN_POINT('',(266.55,107.775,1.));
#16218 = VECTOR('',#16219,1.);
#16219 = DIRECTION('',(0.,1.,0.));
#16220 = PLANE('',#16221);
#16221 = AXIS2_PLACEMENT_3D('',#16222,#16223,#16224);
#16222 = CARTESIAN_POINT('',(266.55,107.775,1.));
#16223 = DIRECTION('',(1.,0.,0.));
#16224 = DIRECTION('',(0.,1.,0.));
#16225 = ADVANCED_FACE('',(#16226),#16245,.F.);
#16226 = FACE_BOUND('',#16227,.F.);
#16227 = EDGE_LOOP('',(#16228,#16236,#16237,#16238));
#16228 = ORIENTED_EDGE('',*,*,#16229,.T.);
#16229 = EDGE_CURVE('',#16230,#4188,#16232,.T.);
#16230 = VERTEX_POINT('',#16231);
#16231 = CARTESIAN_POINT('',(348.875,97.25,1.));
#16232 = LINE('',#16233,#16234);
#16233 = CARTESIAN_POINT('',(348.875,97.25,1.));
#16234 = VECTOR('',#16235,1.);
#16235 = DIRECTION('',(-0.,-0.,-1.));
#16236 = ORIENTED_EDGE('',*,*,#4187,.T.);
#16237 = ORIENTED_EDGE('',*,*,#16229,.F.);
#16238 = ORIENTED_EDGE('',*,*,#16239,.F.);
#16239 = EDGE_CURVE('',#16230,#16230,#16240,.T.);
#16240 = CIRCLE('',#16241,1.1);
#16241 = AXIS2_PLACEMENT_3D('',#16242,#16243,#16244);
#16242 = CARTESIAN_POINT('',(347.775,97.25,1.));
#16243 = DIRECTION('',(0.,0.,1.));
#16244 = DIRECTION('',(1.,0.,0.));
#16245 = CYLINDRICAL_SURFACE('',#16246,1.1);
#16246 = AXIS2_PLACEMENT_3D('',#16247,#16248,#16249);
#16247 = CARTESIAN_POINT('',(347.775,97.25,1.));
#16248 = DIRECTION('',(0.,0.,1.));
#16249 = DIRECTION('',(1.,0.,0.));
#16250 = ADVANCED_FACE('',(#16251),#16270,.F.);
#16251 = FACE_BOUND('',#16252,.F.);
#16252 = EDGE_LOOP('',(#16253,#16261,#16262,#16263));
#16253 = ORIENTED_EDGE('',*,*,#16254,.F.);
#16254 = EDGE_CURVE('',#4199,#16255,#16257,.T.);
#16255 = VERTEX_POINT('',#16256);
#16256 = CARTESIAN_POINT('',(339.35,102.75,0.8));
#16257 = LINE('',#16258,#16259);
#16258 = CARTESIAN_POINT('',(339.35,102.75,0.8));
#16259 = VECTOR('',#16260,1.);
#16260 = DIRECTION('',(-0.707106781187,0.,0.707106781187));
#16261 = ORIENTED_EDGE('',*,*,#4198,.T.);
#16262 = ORIENTED_EDGE('',*,*,#16254,.T.);
#16263 = ORIENTED_EDGE('',*,*,#16264,.F.);
#16264 = EDGE_CURVE('',#16255,#16255,#16265,.T.);
#16265 = CIRCLE('',#16266,1.1);
#16266 = AXIS2_PLACEMENT_3D('',#16267,#16268,#16269);
#16267 = CARTESIAN_POINT('',(338.25,102.75,0.8));
#16268 = DIRECTION('',(0.,0.,1.));
#16269 = DIRECTION('',(1.,0.,0.));
#16270 = CONICAL_SURFACE('',#16271,1.1,0.785398163397);
#16271 = AXIS2_PLACEMENT_3D('',#16272,#16273,#16274);
#16272 = CARTESIAN_POINT('',(338.25,102.75,0.8));
#16273 = DIRECTION('',(-0.,-0.,-1.));
#16274 = DIRECTION('',(1.,0.,0.));
#16275 = ADVANCED_FACE('',(#16276),#16301,.F.);
#16276 = FACE_BOUND('',#16277,.F.);
#16277 = EDGE_LOOP('',(#16278,#16286,#16287,#16295));
#16278 = ORIENTED_EDGE('',*,*,#16279,.T.);
#16279 = EDGE_CURVE('',#16280,#4210,#16282,.T.);
#16280 = VERTEX_POINT('',#16281);
#16281 = CARTESIAN_POINT('',(271.6,121.775,1.));
#16282 = LINE('',#16283,#16284);
#16283 = CARTESIAN_POINT('',(271.6,121.775,1.));
#16284 = VECTOR('',#16285,1.);
#16285 = DIRECTION('',(-0.,-0.,-1.));
#16286 = ORIENTED_EDGE('',*,*,#4209,.T.);
#16287 = ORIENTED_EDGE('',*,*,#16288,.F.);
#16288 = EDGE_CURVE('',#16289,#4212,#16291,.T.);
#16289 = VERTEX_POINT('',#16290);
#16290 = CARTESIAN_POINT('',(271.6,107.775,1.));
#16291 = LINE('',#16292,#16293);
#16292 = CARTESIAN_POINT('',(271.6,107.775,1.));
#16293 = VECTOR('',#16294,1.);
#16294 = DIRECTION('',(-0.,-0.,-1.));
#16295 = ORIENTED_EDGE('',*,*,#16296,.F.);
#16296 = EDGE_CURVE('',#16280,#16289,#16297,.T.);
#16297 = LINE('',#16298,#16299);
#16298 = CARTESIAN_POINT('',(271.6,121.775,1.));
#16299 = VECTOR('',#16300,1.);
#16300 = DIRECTION('',(0.,-1.,0.));
#16301 = PLANE('',#16302);
#16302 = AXIS2_PLACEMENT_3D('',#16303,#16304,#16305);
#16303 = CARTESIAN_POINT('',(271.6,121.775,1.));
#16304 = DIRECTION('',(-1.,0.,0.));
#16305 = DIRECTION('',(0.,-1.,0.));
#16306 = ADVANCED_FACE('',(#16307),#16325,.F.);
#16307 = FACE_BOUND('',#16308,.F.);
#16308 = EDGE_LOOP('',(#16309,#16317,#16318,#16319));
#16309 = ORIENTED_EDGE('',*,*,#16310,.T.);
#16310 = EDGE_CURVE('',#16311,#4220,#16313,.T.);
#16311 = VERTEX_POINT('',#16312);
#16312 = CARTESIAN_POINT('',(285.6,121.775,1.));
#16313 = LINE('',#16314,#16315);
#16314 = CARTESIAN_POINT('',(285.6,121.775,1.));
#16315 = VECTOR('',#16316,1.);
#16316 = DIRECTION('',(-0.,-0.,-1.));
#16317 = ORIENTED_EDGE('',*,*,#4219,.T.);
#16318 = ORIENTED_EDGE('',*,*,#16279,.F.);
#16319 = ORIENTED_EDGE('',*,*,#16320,.F.);
#16320 = EDGE_CURVE('',#16311,#16280,#16321,.T.);
#16321 = LINE('',#16322,#16323);
#16322 = CARTESIAN_POINT('',(285.6,121.775,1.));
#16323 = VECTOR('',#16324,1.);
#16324 = DIRECTION('',(-1.,0.,0.));
#16325 = PLANE('',#16326);
#16326 = AXIS2_PLACEMENT_3D('',#16327,#16328,#16329);
#16327 = CARTESIAN_POINT('',(285.6,121.775,1.));
#16328 = DIRECTION('',(0.,1.,0.));
#16329 = DIRECTION('',(-1.,0.,0.));
#16330 = ADVANCED_FACE('',(#16331),#16349,.F.);
#16331 = FACE_BOUND('',#16332,.F.);
#16332 = EDGE_LOOP('',(#16333,#16334,#16335,#16343));
#16333 = ORIENTED_EDGE('',*,*,#16288,.T.);
#16334 = ORIENTED_EDGE('',*,*,#4235,.T.);
#16335 = ORIENTED_EDGE('',*,*,#16336,.F.);
#16336 = EDGE_CURVE('',#16337,#4228,#16339,.T.);
#16337 = VERTEX_POINT('',#16338);
#16338 = CARTESIAN_POINT('',(285.6,107.775,1.));
#16339 = LINE('',#16340,#16341);
#16340 = CARTESIAN_POINT('',(285.6,107.775,1.));
#16341 = VECTOR('',#16342,1.);
#16342 = DIRECTION('',(-0.,-0.,-1.));
#16343 = ORIENTED_EDGE('',*,*,#16344,.F.);
#16344 = EDGE_CURVE('',#16289,#16337,#16345,.T.);
#16345 = LINE('',#16346,#16347);
#16346 = CARTESIAN_POINT('',(271.6,107.775,1.));
#16347 = VECTOR('',#16348,1.);
#16348 = DIRECTION('',(1.,0.,0.));
#16349 = PLANE('',#16350);
#16350 = AXIS2_PLACEMENT_3D('',#16351,#16352,#16353);
#16351 = CARTESIAN_POINT('',(271.6,107.775,1.));
#16352 = DIRECTION('',(0.,-1.,0.));
#16353 = DIRECTION('',(1.,0.,0.));
#16354 = ADVANCED_FACE('',(#16355),#16366,.F.);
#16355 = FACE_BOUND('',#16356,.F.);
#16356 = EDGE_LOOP('',(#16357,#16358,#16359,#16360));
#16357 = ORIENTED_EDGE('',*,*,#16336,.T.);
#16358 = ORIENTED_EDGE('',*,*,#4227,.T.);
#16359 = ORIENTED_EDGE('',*,*,#16310,.F.);
#16360 = ORIENTED_EDGE('',*,*,#16361,.F.);
#16361 = EDGE_CURVE('',#16337,#16311,#16362,.T.);
#16362 = LINE('',#16363,#16364);
#16363 = CARTESIAN_POINT('',(285.6,107.775,1.));
#16364 = VECTOR('',#16365,1.);
#16365 = DIRECTION('',(0.,1.,0.));
#16366 = PLANE('',#16367);
#16367 = AXIS2_PLACEMENT_3D('',#16368,#16369,#16370);
#16368 = CARTESIAN_POINT('',(285.6,107.775,1.));
#16369 = DIRECTION('',(1.,0.,0.));
#16370 = DIRECTION('',(0.,1.,0.));
#16371 = ADVANCED_FACE('',(#16372),#16397,.F.);
#16372 = FACE_BOUND('',#16373,.F.);
#16373 = EDGE_LOOP('',(#16374,#16382,#16383,#16391));
#16374 = ORIENTED_EDGE('',*,*,#16375,.T.);
#16375 = EDGE_CURVE('',#16376,#4244,#16378,.T.);
#16376 = VERTEX_POINT('',#16377);
#16377 = CARTESIAN_POINT('',(290.65,121.775,1.));
#16378 = LINE('',#16379,#16380);
#16379 = CARTESIAN_POINT('',(290.65,121.775,1.));
#16380 = VECTOR('',#16381,1.);
#16381 = DIRECTION('',(-0.,-0.,-1.));
#16382 = ORIENTED_EDGE('',*,*,#4243,.T.);
#16383 = ORIENTED_EDGE('',*,*,#16384,.F.);
#16384 = EDGE_CURVE('',#16385,#4246,#16387,.T.);
#16385 = VERTEX_POINT('',#16386);
#16386 = CARTESIAN_POINT('',(290.65,107.775,1.));
#16387 = LINE('',#16388,#16389);
#16388 = CARTESIAN_POINT('',(290.65,107.775,1.));
#16389 = VECTOR('',#16390,1.);
#16390 = DIRECTION('',(-0.,-0.,-1.));
#16391 = ORIENTED_EDGE('',*,*,#16392,.F.);
#16392 = EDGE_CURVE('',#16376,#16385,#16393,.T.);
#16393 = LINE('',#16394,#16395);
#16394 = CARTESIAN_POINT('',(290.65,121.775,1.));
#16395 = VECTOR('',#16396,1.);
#16396 = DIRECTION('',(0.,-1.,0.));
#16397 = PLANE('',#16398);
#16398 = AXIS2_PLACEMENT_3D('',#16399,#16400,#16401);
#16399 = CARTESIAN_POINT('',(290.65,121.775,1.));
#16400 = DIRECTION('',(-1.,0.,0.));
#16401 = DIRECTION('',(0.,-1.,0.));
#16402 = ADVANCED_FACE('',(#16403),#16421,.F.);
#16403 = FACE_BOUND('',#16404,.F.);
#16404 = EDGE_LOOP('',(#16405,#16413,#16414,#16415));
#16405 = ORIENTED_EDGE('',*,*,#16406,.T.);
#16406 = EDGE_CURVE('',#16407,#4254,#16409,.T.);
#16407 = VERTEX_POINT('',#16408);
#16408 = CARTESIAN_POINT('',(304.65,121.775,1.));
#16409 = LINE('',#16410,#16411);
#16410 = CARTESIAN_POINT('',(304.65,121.775,1.));
#16411 = VECTOR('',#16412,1.);
#16412 = DIRECTION('',(-0.,-0.,-1.));
#16413 = ORIENTED_EDGE('',*,*,#4253,.T.);
#16414 = ORIENTED_EDGE('',*,*,#16375,.F.);
#16415 = ORIENTED_EDGE('',*,*,#16416,.F.);
#16416 = EDGE_CURVE('',#16407,#16376,#16417,.T.);
#16417 = LINE('',#16418,#16419);
#16418 = CARTESIAN_POINT('',(304.65,121.775,1.));
#16419 = VECTOR('',#16420,1.);
#16420 = DIRECTION('',(-1.,0.,0.));
#16421 = PLANE('',#16422);
#16422 = AXIS2_PLACEMENT_3D('',#16423,#16424,#16425);
#16423 = CARTESIAN_POINT('',(304.65,121.775,1.));
#16424 = DIRECTION('',(0.,1.,0.));
#16425 = DIRECTION('',(-1.,0.,0.));
#16426 = ADVANCED_FACE('',(#16427),#16445,.F.);
#16427 = FACE_BOUND('',#16428,.F.);
#16428 = EDGE_LOOP('',(#16429,#16430,#16431,#16439));
#16429 = ORIENTED_EDGE('',*,*,#16384,.T.);
#16430 = ORIENTED_EDGE('',*,*,#4269,.T.);
#16431 = ORIENTED_EDGE('',*,*,#16432,.F.);
#16432 = EDGE_CURVE('',#16433,#4262,#16435,.T.);
#16433 = VERTEX_POINT('',#16434);
#16434 = CARTESIAN_POINT('',(304.65,107.775,1.));
#16435 = LINE('',#16436,#16437);
#16436 = CARTESIAN_POINT('',(304.65,107.775,1.));
#16437 = VECTOR('',#16438,1.);
#16438 = DIRECTION('',(-0.,-0.,-1.));
#16439 = ORIENTED_EDGE('',*,*,#16440,.F.);
#16440 = EDGE_CURVE('',#16385,#16433,#16441,.T.);
#16441 = LINE('',#16442,#16443);
#16442 = CARTESIAN_POINT('',(290.65,107.775,1.));
#16443 = VECTOR('',#16444,1.);
#16444 = DIRECTION('',(1.,0.,0.));
#16445 = PLANE('',#16446);
#16446 = AXIS2_PLACEMENT_3D('',#16447,#16448,#16449);
#16447 = CARTESIAN_POINT('',(290.65,107.775,1.));
#16448 = DIRECTION('',(0.,-1.,0.));
#16449 = DIRECTION('',(1.,0.,0.));
#16450 = ADVANCED_FACE('',(#16451),#16462,.F.);
#16451 = FACE_BOUND('',#16452,.F.);
#16452 = EDGE_LOOP('',(#16453,#16454,#16455,#16456));
#16453 = ORIENTED_EDGE('',*,*,#16432,.T.);
#16454 = ORIENTED_EDGE('',*,*,#4261,.T.);
#16455 = ORIENTED_EDGE('',*,*,#16406,.F.);
#16456 = ORIENTED_EDGE('',*,*,#16457,.F.);
#16457 = EDGE_CURVE('',#16433,#16407,#16458,.T.);
#16458 = LINE('',#16459,#16460);
#16459 = CARTESIAN_POINT('',(304.65,107.775,1.));
#16460 = VECTOR('',#16461,1.);
#16461 = DIRECTION('',(0.,1.,0.));
#16462 = PLANE('',#16463);
#16463 = AXIS2_PLACEMENT_3D('',#16464,#16465,#16466);
#16464 = CARTESIAN_POINT('',(304.65,107.775,1.));
#16465 = DIRECTION('',(1.,0.,0.));
#16466 = DIRECTION('',(0.,1.,0.));
#16467 = ADVANCED_FACE('',(#16468),#16493,.F.);
#16468 = FACE_BOUND('',#16469,.F.);
#16469 = EDGE_LOOP('',(#16470,#16478,#16479,#16487));
#16470 = ORIENTED_EDGE('',*,*,#16471,.T.);
#16471 = EDGE_CURVE('',#16472,#4278,#16474,.T.);
#16472 = VERTEX_POINT('',#16473);
#16473 = CARTESIAN_POINT('',(309.7,121.775,1.));
#16474 = LINE('',#16475,#16476);
#16475 = CARTESIAN_POINT('',(309.7,121.775,1.));
#16476 = VECTOR('',#16477,1.);
#16477 = DIRECTION('',(-0.,-0.,-1.));
#16478 = ORIENTED_EDGE('',*,*,#4277,.T.);
#16479 = ORIENTED_EDGE('',*,*,#16480,.F.);
#16480 = EDGE_CURVE('',#16481,#4280,#16483,.T.);
#16481 = VERTEX_POINT('',#16482);
#16482 = CARTESIAN_POINT('',(309.7,107.775,1.));
#16483 = LINE('',#16484,#16485);
#16484 = CARTESIAN_POINT('',(309.7,107.775,1.));
#16485 = VECTOR('',#16486,1.);
#16486 = DIRECTION('',(-0.,-0.,-1.));
#16487 = ORIENTED_EDGE('',*,*,#16488,.F.);
#16488 = EDGE_CURVE('',#16472,#16481,#16489,.T.);
#16489 = LINE('',#16490,#16491);
#16490 = CARTESIAN_POINT('',(309.7,121.775,1.));
#16491 = VECTOR('',#16492,1.);
#16492 = DIRECTION('',(0.,-1.,0.));
#16493 = PLANE('',#16494);
#16494 = AXIS2_PLACEMENT_3D('',#16495,#16496,#16497);
#16495 = CARTESIAN_POINT('',(309.7,121.775,1.));
#16496 = DIRECTION('',(-1.,0.,0.));
#16497 = DIRECTION('',(0.,-1.,0.));
#16498 = ADVANCED_FACE('',(#16499),#16517,.F.);
#16499 = FACE_BOUND('',#16500,.F.);
#16500 = EDGE_LOOP('',(#16501,#16509,#16510,#16511));
#16501 = ORIENTED_EDGE('',*,*,#16502,.T.);
#16502 = EDGE_CURVE('',#16503,#4288,#16505,.T.);
#16503 = VERTEX_POINT('',#16504);
#16504 = CARTESIAN_POINT('',(323.7,121.775,1.));
#16505 = LINE('',#16506,#16507);
#16506 = CARTESIAN_POINT('',(323.7,121.775,1.));
#16507 = VECTOR('',#16508,1.);
#16508 = DIRECTION('',(-0.,-0.,-1.));
#16509 = ORIENTED_EDGE('',*,*,#4287,.T.);
#16510 = ORIENTED_EDGE('',*,*,#16471,.F.);
#16511 = ORIENTED_EDGE('',*,*,#16512,.F.);
#16512 = EDGE_CURVE('',#16503,#16472,#16513,.T.);
#16513 = LINE('',#16514,#16515);
#16514 = CARTESIAN_POINT('',(323.7,121.775,1.));
#16515 = VECTOR('',#16516,1.);
#16516 = DIRECTION('',(-1.,0.,0.));
#16517 = PLANE('',#16518);
#16518 = AXIS2_PLACEMENT_3D('',#16519,#16520,#16521);
#16519 = CARTESIAN_POINT('',(323.7,121.775,1.));
#16520 = DIRECTION('',(0.,1.,0.));
#16521 = DIRECTION('',(-1.,0.,0.));
#16522 = ADVANCED_FACE('',(#16523),#16541,.F.);
#16523 = FACE_BOUND('',#16524,.F.);
#16524 = EDGE_LOOP('',(#16525,#16526,#16527,#16535));
#16525 = ORIENTED_EDGE('',*,*,#16480,.T.);
#16526 = ORIENTED_EDGE('',*,*,#4303,.T.);
#16527 = ORIENTED_EDGE('',*,*,#16528,.F.);
#16528 = EDGE_CURVE('',#16529,#4296,#16531,.T.);
#16529 = VERTEX_POINT('',#16530);
#16530 = CARTESIAN_POINT('',(323.7,107.775,1.));
#16531 = LINE('',#16532,#16533);
#16532 = CARTESIAN_POINT('',(323.7,107.775,1.));
#16533 = VECTOR('',#16534,1.);
#16534 = DIRECTION('',(-0.,-0.,-1.));
#16535 = ORIENTED_EDGE('',*,*,#16536,.F.);
#16536 = EDGE_CURVE('',#16481,#16529,#16537,.T.);
#16537 = LINE('',#16538,#16539);
#16538 = CARTESIAN_POINT('',(309.7,107.775,1.));
#16539 = VECTOR('',#16540,1.);
#16540 = DIRECTION('',(1.,0.,0.));
#16541 = PLANE('',#16542);
#16542 = AXIS2_PLACEMENT_3D('',#16543,#16544,#16545);
#16543 = CARTESIAN_POINT('',(309.7,107.775,1.));
#16544 = DIRECTION('',(0.,-1.,0.));
#16545 = DIRECTION('',(1.,0.,0.));
#16546 = ADVANCED_FACE('',(#16547),#16558,.F.);
#16547 = FACE_BOUND('',#16548,.F.);
#16548 = EDGE_LOOP('',(#16549,#16550,#16551,#16552));
#16549 = ORIENTED_EDGE('',*,*,#16528,.T.);
#16550 = ORIENTED_EDGE('',*,*,#4295,.T.);
#16551 = ORIENTED_EDGE('',*,*,#16502,.F.);
#16552 = ORIENTED_EDGE('',*,*,#16553,.F.);
#16553 = EDGE_CURVE('',#16529,#16503,#16554,.T.);
#16554 = LINE('',#16555,#16556);
#16555 = CARTESIAN_POINT('',(323.7,107.775,1.));
#16556 = VECTOR('',#16557,1.);
#16557 = DIRECTION('',(0.,1.,0.));
#16558 = PLANE('',#16559);
#16559 = AXIS2_PLACEMENT_3D('',#16560,#16561,#16562);
#16560 = CARTESIAN_POINT('',(323.7,107.775,1.));
#16561 = DIRECTION('',(1.,0.,0.));
#16562 = DIRECTION('',(0.,1.,0.));
#16563 = ADVANCED_FACE('',(#16564),#16589,.F.);
#16564 = FACE_BOUND('',#16565,.F.);
#16565 = EDGE_LOOP('',(#16566,#16574,#16575,#16583));
#16566 = ORIENTED_EDGE('',*,*,#16567,.T.);
#16567 = EDGE_CURVE('',#16568,#4312,#16570,.T.);
#16568 = VERTEX_POINT('',#16569);
#16569 = CARTESIAN_POINT('',(338.275,121.775,1.));
#16570 = LINE('',#16571,#16572);
#16571 = CARTESIAN_POINT('',(338.275,121.775,1.));
#16572 = VECTOR('',#16573,1.);
#16573 = DIRECTION('',(-0.,-0.,-1.));
#16574 = ORIENTED_EDGE('',*,*,#4311,.T.);
#16575 = ORIENTED_EDGE('',*,*,#16576,.F.);
#16576 = EDGE_CURVE('',#16577,#4314,#16579,.T.);
#16577 = VERTEX_POINT('',#16578);
#16578 = CARTESIAN_POINT('',(338.275,107.775,1.));
#16579 = LINE('',#16580,#16581);
#16580 = CARTESIAN_POINT('',(338.275,107.775,1.));
#16581 = VECTOR('',#16582,1.);
#16582 = DIRECTION('',(-0.,-0.,-1.));
#16583 = ORIENTED_EDGE('',*,*,#16584,.F.);
#16584 = EDGE_CURVE('',#16568,#16577,#16585,.T.);
#16585 = LINE('',#16586,#16587);
#16586 = CARTESIAN_POINT('',(338.275,121.775,1.));
#16587 = VECTOR('',#16588,1.);
#16588 = DIRECTION('',(0.,-1.,0.));
#16589 = PLANE('',#16590);
#16590 = AXIS2_PLACEMENT_3D('',#16591,#16592,#16593);
#16591 = CARTESIAN_POINT('',(338.275,121.775,1.));
#16592 = DIRECTION('',(-1.,0.,0.));
#16593 = DIRECTION('',(0.,-1.,0.));
#16594 = ADVANCED_FACE('',(#16595),#16613,.F.);
#16595 = FACE_BOUND('',#16596,.F.);
#16596 = EDGE_LOOP('',(#16597,#16605,#16606,#16607));
#16597 = ORIENTED_EDGE('',*,*,#16598,.T.);
#16598 = EDGE_CURVE('',#16599,#4322,#16601,.T.);
#16599 = VERTEX_POINT('',#16600);
#16600 = CARTESIAN_POINT('',(352.275,121.775,1.));
#16601 = LINE('',#16602,#16603);
#16602 = CARTESIAN_POINT('',(352.275,121.775,1.));
#16603 = VECTOR('',#16604,1.);
#16604 = DIRECTION('',(-0.,-0.,-1.));
#16605 = ORIENTED_EDGE('',*,*,#4321,.T.);
#16606 = ORIENTED_EDGE('',*,*,#16567,.F.);
#16607 = ORIENTED_EDGE('',*,*,#16608,.F.);
#16608 = EDGE_CURVE('',#16599,#16568,#16609,.T.);
#16609 = LINE('',#16610,#16611);
#16610 = CARTESIAN_POINT('',(352.275,121.775,1.));
#16611 = VECTOR('',#16612,1.);
#16612 = DIRECTION('',(-1.,0.,0.));
#16613 = PLANE('',#16614);
#16614 = AXIS2_PLACEMENT_3D('',#16615,#16616,#16617);
#16615 = CARTESIAN_POINT('',(352.275,121.775,1.));
#16616 = DIRECTION('',(0.,1.,0.));
#16617 = DIRECTION('',(-1.,0.,0.));
#16618 = ADVANCED_FACE('',(#16619),#16637,.F.);
#16619 = FACE_BOUND('',#16620,.F.);
#16620 = EDGE_LOOP('',(#16621,#16622,#16623,#16631));
#16621 = ORIENTED_EDGE('',*,*,#16576,.T.);
#16622 = ORIENTED_EDGE('',*,*,#4337,.T.);
#16623 = ORIENTED_EDGE('',*,*,#16624,.F.);
#16624 = EDGE_CURVE('',#16625,#4330,#16627,.T.);
#16625 = VERTEX_POINT('',#16626);
#16626 = CARTESIAN_POINT('',(352.275,107.775,1.));
#16627 = LINE('',#16628,#16629);
#16628 = CARTESIAN_POINT('',(352.275,107.775,1.));
#16629 = VECTOR('',#16630,1.);
#16630 = DIRECTION('',(-0.,-0.,-1.));
#16631 = ORIENTED_EDGE('',*,*,#16632,.F.);
#16632 = EDGE_CURVE('',#16577,#16625,#16633,.T.);
#16633 = LINE('',#16634,#16635);
#16634 = CARTESIAN_POINT('',(338.275,107.775,1.));
#16635 = VECTOR('',#16636,1.);
#16636 = DIRECTION('',(1.,0.,0.));
#16637 = PLANE('',#16638);
#16638 = AXIS2_PLACEMENT_3D('',#16639,#16640,#16641);
#16639 = CARTESIAN_POINT('',(338.275,107.775,1.));
#16640 = DIRECTION('',(0.,-1.,0.));
#16641 = DIRECTION('',(1.,0.,0.));
#16642 = ADVANCED_FACE('',(#16643),#16654,.F.);
#16643 = FACE_BOUND('',#16644,.F.);
#16644 = EDGE_LOOP('',(#16645,#16646,#16647,#16648));
#16645 = ORIENTED_EDGE('',*,*,#16624,.T.);
#16646 = ORIENTED_EDGE('',*,*,#4329,.T.);
#16647 = ORIENTED_EDGE('',*,*,#16598,.F.);
#16648 = ORIENTED_EDGE('',*,*,#16649,.F.);
#16649 = EDGE_CURVE('',#16625,#16599,#16650,.T.);
#16650 = LINE('',#16651,#16652);
#16651 = CARTESIAN_POINT('',(352.275,107.775,1.));
#16652 = VECTOR('',#16653,1.);
#16653 = DIRECTION('',(0.,1.,0.));
#16654 = PLANE('',#16655);
#16655 = AXIS2_PLACEMENT_3D('',#16656,#16657,#16658);
#16656 = CARTESIAN_POINT('',(352.275,107.775,1.));
#16657 = DIRECTION('',(1.,0.,0.));
#16658 = DIRECTION('',(0.,1.,0.));
#16659 = ADVANCED_FACE('',(#16660,#16670,#16673,#16679,#16685,#16696,
    #16734,#16740,#16746,#16752,#16758,#16764,#16770,#16776,#16782,
    #16788,#16794,#16800,#16806,#16844,#16850,#16856,#16862,#16868,
    #16874,#16880,#16886,#16892,#16898,#16904,#16910,#16948,#16959,
    #16965,#16968,#16974,#16980,#16986,#16992,#16998,#17004,#17042,
    #17048,#17054,#17060,#17066,#17072,#17078,#17084,#17090,#17096,
    #17102,#17108,#17114,#17120,#17126,#17132,#17138,#17141,#17152,
    #17158,#17164,#17170,#17176,#17182,#17188,#17194,#17200,#17206,
    #17212,#17218,#17224,#17230,#17236,#17242,#17248,#17254,#17260,
    #17266,#17272,#17278,#17284,#17322,#17328,#17334,#17340,#17346,
    #17352,#17355,#17366,#17372,#17378,#17384),#17390,.T.);
#16660 = FACE_BOUND('',#16661,.T.);
#16661 = EDGE_LOOP('',(#16662,#16663,#16664,#16665,#16666,#16667,#16668,
    #16669));
#16662 = ORIENTED_EDGE('',*,*,#4359,.T.);
#16663 = ORIENTED_EDGE('',*,*,#4408,.T.);
#16664 = ORIENTED_EDGE('',*,*,#4457,.T.);
#16665 = ORIENTED_EDGE('',*,*,#4506,.T.);
#16666 = ORIENTED_EDGE('',*,*,#4531,.T.);
#16667 = ORIENTED_EDGE('',*,*,#4488,.T.);
#16668 = ORIENTED_EDGE('',*,*,#4440,.T.);
#16669 = ORIENTED_EDGE('',*,*,#4390,.T.);
#16670 = FACE_BOUND('',#16671,.T.);
#16671 = EDGE_LOOP('',(#16672));
#16672 = ORIENTED_EDGE('',*,*,#4557,.F.);
#16673 = FACE_BOUND('',#16674,.T.);
#16674 = EDGE_LOOP('',(#16675,#16676,#16677,#16678));
#16675 = ORIENTED_EDGE('',*,*,#4589,.F.);
#16676 = ORIENTED_EDGE('',*,*,#4613,.F.);
#16677 = ORIENTED_EDGE('',*,*,#4654,.F.);
#16678 = ORIENTED_EDGE('',*,*,#4637,.F.);
#16679 = FACE_BOUND('',#16680,.T.);
#16680 = EDGE_LOOP('',(#16681,#16682,#16683,#16684));
#16681 = ORIENTED_EDGE('',*,*,#4685,.F.);
#16682 = ORIENTED_EDGE('',*,*,#4709,.F.);
#16683 = ORIENTED_EDGE('',*,*,#4750,.F.);
#16684 = ORIENTED_EDGE('',*,*,#4733,.F.);
#16685 = FACE_BOUND('',#16686,.T.);
#16686 = EDGE_LOOP('',(#16687));
#16687 = ORIENTED_EDGE('',*,*,#16688,.F.);
#16688 = EDGE_CURVE('',#16689,#16689,#16691,.T.);
#16689 = VERTEX_POINT('',#16690);
#16690 = CARTESIAN_POINT('',(48.6,26.55,1.));
#16691 = CIRCLE('',#16692,1.1);
#16692 = AXIS2_PLACEMENT_3D('',#16693,#16694,#16695);
#16693 = CARTESIAN_POINT('',(47.5,26.55,1.));
#16694 = DIRECTION('',(0.,0.,1.));
#16695 = DIRECTION('',(1.,0.,0.));
#16696 = FACE_BOUND('',#16697,.T.);
#16697 = EDGE_LOOP('',(#16698,#16699,#16700,#16701,#16702,#16703,#16704,
    #16705,#16706,#16707,#16708,#16709,#16710,#16711,#16712,#16713,
    #16714,#16715,#16716,#16717,#16718,#16719,#16720,#16721,#16722,
    #16723,#16724,#16725,#16726,#16727,#16728,#16729,#16730,#16731,
    #16732,#16733));
#16698 = ORIENTED_EDGE('',*,*,#4806,.F.);
#16699 = ORIENTED_EDGE('',*,*,#4830,.T.);
#16700 = ORIENTED_EDGE('',*,*,#4878,.T.);
#16701 = ORIENTED_EDGE('',*,*,#4926,.T.);
#16702 = ORIENTED_EDGE('',*,*,#4974,.T.);
#16703 = ORIENTED_EDGE('',*,*,#5022,.T.);
#16704 = ORIENTED_EDGE('',*,*,#5070,.T.);
#16705 = ORIENTED_EDGE('',*,*,#5118,.T.);
#16706 = ORIENTED_EDGE('',*,*,#5166,.T.);
#16707 = ORIENTED_EDGE('',*,*,#5214,.T.);
#16708 = ORIENTED_EDGE('',*,*,#5262,.T.);
#16709 = ORIENTED_EDGE('',*,*,#5310,.T.);
#16710 = ORIENTED_EDGE('',*,*,#5358,.T.);
#16711 = ORIENTED_EDGE('',*,*,#5406,.T.);
#16712 = ORIENTED_EDGE('',*,*,#5454,.T.);
#16713 = ORIENTED_EDGE('',*,*,#5502,.T.);
#16714 = ORIENTED_EDGE('',*,*,#5550,.T.);
#16715 = ORIENTED_EDGE('',*,*,#5598,.T.);
#16716 = ORIENTED_EDGE('',*,*,#5639,.T.);
#16717 = ORIENTED_EDGE('',*,*,#5622,.T.);
#16718 = ORIENTED_EDGE('',*,*,#5574,.T.);
#16719 = ORIENTED_EDGE('',*,*,#5526,.F.);
#16720 = ORIENTED_EDGE('',*,*,#5478,.F.);
#16721 = ORIENTED_EDGE('',*,*,#5430,.F.);
#16722 = ORIENTED_EDGE('',*,*,#5382,.F.);
#16723 = ORIENTED_EDGE('',*,*,#5334,.F.);
#16724 = ORIENTED_EDGE('',*,*,#5286,.F.);
#16725 = ORIENTED_EDGE('',*,*,#5238,.F.);
#16726 = ORIENTED_EDGE('',*,*,#5190,.F.);
#16727 = ORIENTED_EDGE('',*,*,#5142,.F.);
#16728 = ORIENTED_EDGE('',*,*,#5094,.F.);
#16729 = ORIENTED_EDGE('',*,*,#5046,.F.);
#16730 = ORIENTED_EDGE('',*,*,#4998,.F.);
#16731 = ORIENTED_EDGE('',*,*,#4950,.T.);
#16732 = ORIENTED_EDGE('',*,*,#4902,.F.);
#16733 = ORIENTED_EDGE('',*,*,#4854,.F.);
#16734 = FACE_BOUND('',#16735,.T.);
#16735 = EDGE_LOOP('',(#16736,#16737,#16738,#16739));
#16736 = ORIENTED_EDGE('',*,*,#5670,.F.);
#16737 = ORIENTED_EDGE('',*,*,#5694,.F.);
#16738 = ORIENTED_EDGE('',*,*,#5735,.F.);
#16739 = ORIENTED_EDGE('',*,*,#5718,.F.);
#16740 = FACE_BOUND('',#16741,.T.);
#16741 = EDGE_LOOP('',(#16742,#16743,#16744,#16745));
#16742 = ORIENTED_EDGE('',*,*,#5766,.F.);
#16743 = ORIENTED_EDGE('',*,*,#5790,.F.);
#16744 = ORIENTED_EDGE('',*,*,#5831,.F.);
#16745 = ORIENTED_EDGE('',*,*,#5814,.F.);
#16746 = FACE_BOUND('',#16747,.T.);
#16747 = EDGE_LOOP('',(#16748,#16749,#16750,#16751));
#16748 = ORIENTED_EDGE('',*,*,#5862,.F.);
#16749 = ORIENTED_EDGE('',*,*,#5886,.F.);
#16750 = ORIENTED_EDGE('',*,*,#5927,.F.);
#16751 = ORIENTED_EDGE('',*,*,#5910,.F.);
#16752 = FACE_BOUND('',#16753,.T.);
#16753 = EDGE_LOOP('',(#16754,#16755,#16756,#16757));
#16754 = ORIENTED_EDGE('',*,*,#5958,.F.);
#16755 = ORIENTED_EDGE('',*,*,#5982,.F.);
#16756 = ORIENTED_EDGE('',*,*,#6023,.F.);
#16757 = ORIENTED_EDGE('',*,*,#6006,.F.);
#16758 = FACE_BOUND('',#16759,.T.);
#16759 = EDGE_LOOP('',(#16760,#16761,#16762,#16763));
#16760 = ORIENTED_EDGE('',*,*,#6054,.F.);
#16761 = ORIENTED_EDGE('',*,*,#6078,.F.);
#16762 = ORIENTED_EDGE('',*,*,#6119,.F.);
#16763 = ORIENTED_EDGE('',*,*,#6102,.F.);
#16764 = FACE_BOUND('',#16765,.T.);
#16765 = EDGE_LOOP('',(#16766,#16767,#16768,#16769));
#16766 = ORIENTED_EDGE('',*,*,#6150,.F.);
#16767 = ORIENTED_EDGE('',*,*,#6174,.F.);
#16768 = ORIENTED_EDGE('',*,*,#6215,.F.);
#16769 = ORIENTED_EDGE('',*,*,#6198,.F.);
#16770 = FACE_BOUND('',#16771,.T.);
#16771 = EDGE_LOOP('',(#16772,#16773,#16774,#16775));
#16772 = ORIENTED_EDGE('',*,*,#6246,.F.);
#16773 = ORIENTED_EDGE('',*,*,#6270,.F.);
#16774 = ORIENTED_EDGE('',*,*,#6311,.F.);
#16775 = ORIENTED_EDGE('',*,*,#6294,.F.);
#16776 = FACE_BOUND('',#16777,.T.);
#16777 = EDGE_LOOP('',(#16778,#16779,#16780,#16781));
#16778 = ORIENTED_EDGE('',*,*,#6342,.F.);
#16779 = ORIENTED_EDGE('',*,*,#6366,.F.);
#16780 = ORIENTED_EDGE('',*,*,#6407,.F.);
#16781 = ORIENTED_EDGE('',*,*,#6390,.F.);
#16782 = FACE_BOUND('',#16783,.T.);
#16783 = EDGE_LOOP('',(#16784,#16785,#16786,#16787));
#16784 = ORIENTED_EDGE('',*,*,#6438,.F.);
#16785 = ORIENTED_EDGE('',*,*,#6462,.F.);
#16786 = ORIENTED_EDGE('',*,*,#6503,.F.);
#16787 = ORIENTED_EDGE('',*,*,#6486,.F.);
#16788 = FACE_BOUND('',#16789,.T.);
#16789 = EDGE_LOOP('',(#16790,#16791,#16792,#16793));
#16790 = ORIENTED_EDGE('',*,*,#6534,.F.);
#16791 = ORIENTED_EDGE('',*,*,#6558,.F.);
#16792 = ORIENTED_EDGE('',*,*,#6599,.F.);
#16793 = ORIENTED_EDGE('',*,*,#6582,.F.);
#16794 = FACE_BOUND('',#16795,.T.);
#16795 = EDGE_LOOP('',(#16796,#16797,#16798,#16799));
#16796 = ORIENTED_EDGE('',*,*,#6630,.F.);
#16797 = ORIENTED_EDGE('',*,*,#6654,.F.);
#16798 = ORIENTED_EDGE('',*,*,#6695,.F.);
#16799 = ORIENTED_EDGE('',*,*,#6678,.F.);
#16800 = FACE_BOUND('',#16801,.T.);
#16801 = EDGE_LOOP('',(#16802,#16803,#16804,#16805));
#16802 = ORIENTED_EDGE('',*,*,#6726,.F.);
#16803 = ORIENTED_EDGE('',*,*,#6750,.F.);
#16804 = ORIENTED_EDGE('',*,*,#6791,.F.);
#16805 = ORIENTED_EDGE('',*,*,#6774,.F.);
#16806 = FACE_BOUND('',#16807,.T.);
#16807 = EDGE_LOOP('',(#16808,#16809,#16810,#16811,#16812,#16813,#16814,
    #16815,#16816,#16817,#16818,#16819,#16820,#16821,#16822,#16823,
    #16824,#16825,#16826,#16827,#16828,#16829,#16830,#16831,#16832,
    #16833,#16834,#16835,#16836,#16837,#16838,#16839,#16840,#16841,
    #16842,#16843));
#16808 = ORIENTED_EDGE('',*,*,#6822,.F.);
#16809 = ORIENTED_EDGE('',*,*,#6846,.T.);
#16810 = ORIENTED_EDGE('',*,*,#6894,.T.);
#16811 = ORIENTED_EDGE('',*,*,#6942,.T.);
#16812 = ORIENTED_EDGE('',*,*,#6990,.T.);
#16813 = ORIENTED_EDGE('',*,*,#7038,.T.);
#16814 = ORIENTED_EDGE('',*,*,#7086,.T.);
#16815 = ORIENTED_EDGE('',*,*,#7134,.T.);
#16816 = ORIENTED_EDGE('',*,*,#7182,.T.);
#16817 = ORIENTED_EDGE('',*,*,#7230,.T.);
#16818 = ORIENTED_EDGE('',*,*,#7278,.T.);
#16819 = ORIENTED_EDGE('',*,*,#7326,.T.);
#16820 = ORIENTED_EDGE('',*,*,#7374,.T.);
#16821 = ORIENTED_EDGE('',*,*,#7422,.T.);
#16822 = ORIENTED_EDGE('',*,*,#7470,.T.);
#16823 = ORIENTED_EDGE('',*,*,#7518,.T.);
#16824 = ORIENTED_EDGE('',*,*,#7566,.T.);
#16825 = ORIENTED_EDGE('',*,*,#7614,.T.);
#16826 = ORIENTED_EDGE('',*,*,#7655,.T.);
#16827 = ORIENTED_EDGE('',*,*,#7638,.T.);
#16828 = ORIENTED_EDGE('',*,*,#7590,.T.);
#16829 = ORIENTED_EDGE('',*,*,#7542,.F.);
#16830 = ORIENTED_EDGE('',*,*,#7494,.F.);
#16831 = ORIENTED_EDGE('',*,*,#7446,.F.);
#16832 = ORIENTED_EDGE('',*,*,#7398,.F.);
#16833 = ORIENTED_EDGE('',*,*,#7350,.F.);
#16834 = ORIENTED_EDGE('',*,*,#7302,.F.);
#16835 = ORIENTED_EDGE('',*,*,#7254,.F.);
#16836 = ORIENTED_EDGE('',*,*,#7206,.F.);
#16837 = ORIENTED_EDGE('',*,*,#7158,.F.);
#16838 = ORIENTED_EDGE('',*,*,#7110,.F.);
#16839 = ORIENTED_EDGE('',*,*,#7062,.F.);
#16840 = ORIENTED_EDGE('',*,*,#7014,.F.);
#16841 = ORIENTED_EDGE('',*,*,#6966,.T.);
#16842 = ORIENTED_EDGE('',*,*,#6918,.F.);
#16843 = ORIENTED_EDGE('',*,*,#6870,.F.);
#16844 = FACE_BOUND('',#16845,.T.);
#16845 = EDGE_LOOP('',(#16846,#16847,#16848,#16849));
#16846 = ORIENTED_EDGE('',*,*,#7686,.F.);
#16847 = ORIENTED_EDGE('',*,*,#7710,.F.);
#16848 = ORIENTED_EDGE('',*,*,#7751,.F.);
#16849 = ORIENTED_EDGE('',*,*,#7734,.F.);
#16850 = FACE_BOUND('',#16851,.T.);
#16851 = EDGE_LOOP('',(#16852,#16853,#16854,#16855));
#16852 = ORIENTED_EDGE('',*,*,#7782,.F.);
#16853 = ORIENTED_EDGE('',*,*,#7806,.F.);
#16854 = ORIENTED_EDGE('',*,*,#7847,.F.);
#16855 = ORIENTED_EDGE('',*,*,#7830,.F.);
#16856 = FACE_BOUND('',#16857,.T.);
#16857 = EDGE_LOOP('',(#16858,#16859,#16860,#16861));
#16858 = ORIENTED_EDGE('',*,*,#7878,.F.);
#16859 = ORIENTED_EDGE('',*,*,#7902,.F.);
#16860 = ORIENTED_EDGE('',*,*,#7943,.F.);
#16861 = ORIENTED_EDGE('',*,*,#7926,.F.);
#16862 = FACE_BOUND('',#16863,.T.);
#16863 = EDGE_LOOP('',(#16864,#16865,#16866,#16867));
#16864 = ORIENTED_EDGE('',*,*,#7974,.F.);
#16865 = ORIENTED_EDGE('',*,*,#7998,.F.);
#16866 = ORIENTED_EDGE('',*,*,#8039,.F.);
#16867 = ORIENTED_EDGE('',*,*,#8022,.F.);
#16868 = FACE_BOUND('',#16869,.T.);
#16869 = EDGE_LOOP('',(#16870,#16871,#16872,#16873));
#16870 = ORIENTED_EDGE('',*,*,#8070,.F.);
#16871 = ORIENTED_EDGE('',*,*,#8094,.F.);
#16872 = ORIENTED_EDGE('',*,*,#8135,.F.);
#16873 = ORIENTED_EDGE('',*,*,#8118,.F.);
#16874 = FACE_BOUND('',#16875,.T.);
#16875 = EDGE_LOOP('',(#16876,#16877,#16878,#16879));
#16876 = ORIENTED_EDGE('',*,*,#8166,.F.);
#16877 = ORIENTED_EDGE('',*,*,#8190,.F.);
#16878 = ORIENTED_EDGE('',*,*,#8231,.F.);
#16879 = ORIENTED_EDGE('',*,*,#8214,.F.);
#16880 = FACE_BOUND('',#16881,.T.);
#16881 = EDGE_LOOP('',(#16882,#16883,#16884,#16885));
#16882 = ORIENTED_EDGE('',*,*,#8262,.F.);
#16883 = ORIENTED_EDGE('',*,*,#8286,.F.);
#16884 = ORIENTED_EDGE('',*,*,#8327,.F.);
#16885 = ORIENTED_EDGE('',*,*,#8310,.F.);
#16886 = FACE_BOUND('',#16887,.T.);
#16887 = EDGE_LOOP('',(#16888,#16889,#16890,#16891));
#16888 = ORIENTED_EDGE('',*,*,#8358,.F.);
#16889 = ORIENTED_EDGE('',*,*,#8382,.F.);
#16890 = ORIENTED_EDGE('',*,*,#8423,.F.);
#16891 = ORIENTED_EDGE('',*,*,#8406,.F.);
#16892 = FACE_BOUND('',#16893,.T.);
#16893 = EDGE_LOOP('',(#16894,#16895,#16896,#16897));
#16894 = ORIENTED_EDGE('',*,*,#8454,.F.);
#16895 = ORIENTED_EDGE('',*,*,#8478,.F.);
#16896 = ORIENTED_EDGE('',*,*,#8519,.F.);
#16897 = ORIENTED_EDGE('',*,*,#8502,.F.);
#16898 = FACE_BOUND('',#16899,.T.);
#16899 = EDGE_LOOP('',(#16900,#16901,#16902,#16903));
#16900 = ORIENTED_EDGE('',*,*,#8550,.F.);
#16901 = ORIENTED_EDGE('',*,*,#8574,.F.);
#16902 = ORIENTED_EDGE('',*,*,#8615,.F.);
#16903 = ORIENTED_EDGE('',*,*,#8598,.F.);
#16904 = FACE_BOUND('',#16905,.T.);
#16905 = EDGE_LOOP('',(#16906,#16907,#16908,#16909));
#16906 = ORIENTED_EDGE('',*,*,#8646,.F.);
#16907 = ORIENTED_EDGE('',*,*,#8670,.F.);
#16908 = ORIENTED_EDGE('',*,*,#8711,.F.);
#16909 = ORIENTED_EDGE('',*,*,#8694,.F.);
#16910 = FACE_BOUND('',#16911,.T.);
#16911 = EDGE_LOOP('',(#16912,#16913,#16914,#16915,#16916,#16917,#16918,
    #16919,#16920,#16921,#16922,#16923,#16924,#16925,#16926,#16927,
    #16928,#16929,#16930,#16931,#16932,#16933,#16934,#16935,#16936,
    #16937,#16938,#16939,#16940,#16941,#16942,#16943,#16944,#16945,
    #16946,#16947));
#16912 = ORIENTED_EDGE('',*,*,#8742,.F.);
#16913 = ORIENTED_EDGE('',*,*,#8766,.T.);
#16914 = ORIENTED_EDGE('',*,*,#8814,.T.);
#16915 = ORIENTED_EDGE('',*,*,#8862,.T.);
#16916 = ORIENTED_EDGE('',*,*,#8910,.T.);
#16917 = ORIENTED_EDGE('',*,*,#8958,.T.);
#16918 = ORIENTED_EDGE('',*,*,#9006,.T.);
#16919 = ORIENTED_EDGE('',*,*,#9054,.T.);
#16920 = ORIENTED_EDGE('',*,*,#9102,.T.);
#16921 = ORIENTED_EDGE('',*,*,#9150,.T.);
#16922 = ORIENTED_EDGE('',*,*,#9198,.T.);
#16923 = ORIENTED_EDGE('',*,*,#9246,.T.);
#16924 = ORIENTED_EDGE('',*,*,#9294,.T.);
#16925 = ORIENTED_EDGE('',*,*,#9342,.T.);
#16926 = ORIENTED_EDGE('',*,*,#9390,.T.);
#16927 = ORIENTED_EDGE('',*,*,#9438,.T.);
#16928 = ORIENTED_EDGE('',*,*,#9486,.T.);
#16929 = ORIENTED_EDGE('',*,*,#9534,.T.);
#16930 = ORIENTED_EDGE('',*,*,#9575,.T.);
#16931 = ORIENTED_EDGE('',*,*,#9558,.T.);
#16932 = ORIENTED_EDGE('',*,*,#9510,.T.);
#16933 = ORIENTED_EDGE('',*,*,#9462,.F.);
#16934 = ORIENTED_EDGE('',*,*,#9414,.F.);
#16935 = ORIENTED_EDGE('',*,*,#9366,.F.);
#16936 = ORIENTED_EDGE('',*,*,#9318,.F.);
#16937 = ORIENTED_EDGE('',*,*,#9270,.F.);
#16938 = ORIENTED_EDGE('',*,*,#9222,.F.);
#16939 = ORIENTED_EDGE('',*,*,#9174,.F.);
#16940 = ORIENTED_EDGE('',*,*,#9126,.F.);
#16941 = ORIENTED_EDGE('',*,*,#9078,.F.);
#16942 = ORIENTED_EDGE('',*,*,#9030,.F.);
#16943 = ORIENTED_EDGE('',*,*,#8982,.F.);
#16944 = ORIENTED_EDGE('',*,*,#8934,.F.);
#16945 = ORIENTED_EDGE('',*,*,#8886,.T.);
#16946 = ORIENTED_EDGE('',*,*,#8838,.F.);
#16947 = ORIENTED_EDGE('',*,*,#8790,.F.);
#16948 = FACE_BOUND('',#16949,.T.);
#16949 = EDGE_LOOP('',(#16950));
#16950 = ORIENTED_EDGE('',*,*,#16951,.F.);
#16951 = EDGE_CURVE('',#16952,#16952,#16954,.T.);
#16952 = VERTEX_POINT('',#16953);
#16953 = CARTESIAN_POINT('',(339.35,26.55,1.));
#16954 = CIRCLE('',#16955,1.1);
#16955 = AXIS2_PLACEMENT_3D('',#16956,#16957,#16958);
#16956 = CARTESIAN_POINT('',(338.25,26.55,1.));
#16957 = DIRECTION('',(0.,0.,1.));
#16958 = DIRECTION('',(1.,0.,0.));
#16959 = FACE_BOUND('',#16960,.T.);
#16960 = EDGE_LOOP('',(#16961,#16962,#16963,#16964));
#16961 = ORIENTED_EDGE('',*,*,#9631,.F.);
#16962 = ORIENTED_EDGE('',*,*,#9655,.F.);
#16963 = ORIENTED_EDGE('',*,*,#9696,.F.);
#16964 = ORIENTED_EDGE('',*,*,#9679,.F.);
#16965 = FACE_BOUND('',#16966,.T.);
#16966 = EDGE_LOOP('',(#16967));
#16967 = ORIENTED_EDGE('',*,*,#9720,.F.);
#16968 = FACE_BOUND('',#16969,.T.);
#16969 = EDGE_LOOP('',(#16970,#16971,#16972,#16973));
#16970 = ORIENTED_EDGE('',*,*,#9752,.F.);
#16971 = ORIENTED_EDGE('',*,*,#9776,.F.);
#16972 = ORIENTED_EDGE('',*,*,#9817,.F.);
#16973 = ORIENTED_EDGE('',*,*,#9800,.F.);
#16974 = FACE_BOUND('',#16975,.T.);
#16975 = EDGE_LOOP('',(#16976,#16977,#16978,#16979));
#16976 = ORIENTED_EDGE('',*,*,#9848,.F.);
#16977 = ORIENTED_EDGE('',*,*,#9872,.F.);
#16978 = ORIENTED_EDGE('',*,*,#9913,.F.);
#16979 = ORIENTED_EDGE('',*,*,#9896,.F.);
#16980 = FACE_BOUND('',#16981,.T.);
#16981 = EDGE_LOOP('',(#16982,#16983,#16984,#16985));
#16982 = ORIENTED_EDGE('',*,*,#9944,.F.);
#16983 = ORIENTED_EDGE('',*,*,#9968,.F.);
#16984 = ORIENTED_EDGE('',*,*,#10009,.F.);
#16985 = ORIENTED_EDGE('',*,*,#9992,.F.);
#16986 = FACE_BOUND('',#16987,.T.);
#16987 = EDGE_LOOP('',(#16988,#16989,#16990,#16991));
#16988 = ORIENTED_EDGE('',*,*,#10040,.F.);
#16989 = ORIENTED_EDGE('',*,*,#10064,.F.);
#16990 = ORIENTED_EDGE('',*,*,#10105,.F.);
#16991 = ORIENTED_EDGE('',*,*,#10088,.F.);
#16992 = FACE_BOUND('',#16993,.T.);
#16993 = EDGE_LOOP('',(#16994,#16995,#16996,#16997));
#16994 = ORIENTED_EDGE('',*,*,#10136,.F.);
#16995 = ORIENTED_EDGE('',*,*,#10160,.F.);
#16996 = ORIENTED_EDGE('',*,*,#10201,.F.);
#16997 = ORIENTED_EDGE('',*,*,#10184,.F.);
#16998 = FACE_BOUND('',#16999,.T.);
#16999 = EDGE_LOOP('',(#17000,#17001,#17002,#17003));
#17000 = ORIENTED_EDGE('',*,*,#10232,.F.);
#17001 = ORIENTED_EDGE('',*,*,#10256,.F.);
#17002 = ORIENTED_EDGE('',*,*,#10297,.F.);
#17003 = ORIENTED_EDGE('',*,*,#10280,.F.);
#17004 = FACE_BOUND('',#17005,.T.);
#17005 = EDGE_LOOP('',(#17006,#17007,#17008,#17009,#17010,#17011,#17012,
    #17013,#17014,#17015,#17016,#17017,#17018,#17019,#17020,#17021,
    #17022,#17023,#17024,#17025,#17026,#17027,#17028,#17029,#17030,
    #17031,#17032,#17033,#17034,#17035,#17036,#17037,#17038,#17039,
    #17040,#17041));
#17006 = ORIENTED_EDGE('',*,*,#10328,.F.);
#17007 = ORIENTED_EDGE('',*,*,#10352,.T.);
#17008 = ORIENTED_EDGE('',*,*,#10400,.T.);
#17009 = ORIENTED_EDGE('',*,*,#10448,.T.);
#17010 = ORIENTED_EDGE('',*,*,#10496,.T.);
#17011 = ORIENTED_EDGE('',*,*,#10544,.T.);
#17012 = ORIENTED_EDGE('',*,*,#10592,.T.);
#17013 = ORIENTED_EDGE('',*,*,#10640,.T.);
#17014 = ORIENTED_EDGE('',*,*,#10688,.T.);
#17015 = ORIENTED_EDGE('',*,*,#10736,.T.);
#17016 = ORIENTED_EDGE('',*,*,#10784,.T.);
#17017 = ORIENTED_EDGE('',*,*,#10832,.T.);
#17018 = ORIENTED_EDGE('',*,*,#10880,.T.);
#17019 = ORIENTED_EDGE('',*,*,#10928,.T.);
#17020 = ORIENTED_EDGE('',*,*,#10976,.T.);
#17021 = ORIENTED_EDGE('',*,*,#11024,.T.);
#17022 = ORIENTED_EDGE('',*,*,#11072,.T.);
#17023 = ORIENTED_EDGE('',*,*,#11120,.T.);
#17024 = ORIENTED_EDGE('',*,*,#11161,.T.);
#17025 = ORIENTED_EDGE('',*,*,#11144,.T.);
#17026 = ORIENTED_EDGE('',*,*,#11096,.T.);
#17027 = ORIENTED_EDGE('',*,*,#11048,.F.);
#17028 = ORIENTED_EDGE('',*,*,#11000,.F.);
#17029 = ORIENTED_EDGE('',*,*,#10952,.F.);
#17030 = ORIENTED_EDGE('',*,*,#10904,.F.);
#17031 = ORIENTED_EDGE('',*,*,#10856,.F.);
#17032 = ORIENTED_EDGE('',*,*,#10808,.F.);
#17033 = ORIENTED_EDGE('',*,*,#10760,.F.);
#17034 = ORIENTED_EDGE('',*,*,#10712,.F.);
#17035 = ORIENTED_EDGE('',*,*,#10664,.F.);
#17036 = ORIENTED_EDGE('',*,*,#10616,.F.);
#17037 = ORIENTED_EDGE('',*,*,#10568,.F.);
#17038 = ORIENTED_EDGE('',*,*,#10520,.F.);
#17039 = ORIENTED_EDGE('',*,*,#10472,.T.);
#17040 = ORIENTED_EDGE('',*,*,#10424,.F.);
#17041 = ORIENTED_EDGE('',*,*,#10376,.F.);
#17042 = FACE_BOUND('',#17043,.T.);
#17043 = EDGE_LOOP('',(#17044,#17045,#17046,#17047));
#17044 = ORIENTED_EDGE('',*,*,#11192,.F.);
#17045 = ORIENTED_EDGE('',*,*,#11216,.F.);
#17046 = ORIENTED_EDGE('',*,*,#11257,.F.);
#17047 = ORIENTED_EDGE('',*,*,#11240,.F.);
#17048 = FACE_BOUND('',#17049,.T.);
#17049 = EDGE_LOOP('',(#17050,#17051,#17052,#17053));
#17050 = ORIENTED_EDGE('',*,*,#11288,.F.);
#17051 = ORIENTED_EDGE('',*,*,#11312,.F.);
#17052 = ORIENTED_EDGE('',*,*,#11353,.F.);
#17053 = ORIENTED_EDGE('',*,*,#11336,.F.);
#17054 = FACE_BOUND('',#17055,.T.);
#17055 = EDGE_LOOP('',(#17056,#17057,#17058,#17059));
#17056 = ORIENTED_EDGE('',*,*,#11367,.F.);
#17057 = ORIENTED_EDGE('',*,*,#11448,.T.);
#17058 = ORIENTED_EDGE('',*,*,#11423,.F.);
#17059 = ORIENTED_EDGE('',*,*,#11399,.F.);
#17060 = FACE_BOUND('',#17061,.T.);
#17061 = EDGE_LOOP('',(#17062,#17063,#17064,#17065));
#17062 = ORIENTED_EDGE('',*,*,#11465,.F.);
#17063 = ORIENTED_EDGE('',*,*,#11546,.T.);
#17064 = ORIENTED_EDGE('',*,*,#11521,.F.);
#17065 = ORIENTED_EDGE('',*,*,#11497,.F.);
#17066 = FACE_BOUND('',#17067,.T.);
#17067 = EDGE_LOOP('',(#17068,#17069,#17070,#17071));
#17068 = ORIENTED_EDGE('',*,*,#11563,.F.);
#17069 = ORIENTED_EDGE('',*,*,#11644,.T.);
#17070 = ORIENTED_EDGE('',*,*,#11619,.F.);
#17071 = ORIENTED_EDGE('',*,*,#11595,.F.);
#17072 = FACE_BOUND('',#17073,.T.);
#17073 = EDGE_LOOP('',(#17074,#17075,#17076,#17077));
#17074 = ORIENTED_EDGE('',*,*,#11678,.F.);
#17075 = ORIENTED_EDGE('',*,*,#11702,.F.);
#17076 = ORIENTED_EDGE('',*,*,#11743,.F.);
#17077 = ORIENTED_EDGE('',*,*,#11726,.F.);
#17078 = FACE_BOUND('',#17079,.T.);
#17079 = EDGE_LOOP('',(#17080,#17081,#17082,#17083));
#17080 = ORIENTED_EDGE('',*,*,#11774,.F.);
#17081 = ORIENTED_EDGE('',*,*,#11798,.F.);
#17082 = ORIENTED_EDGE('',*,*,#11839,.F.);
#17083 = ORIENTED_EDGE('',*,*,#11822,.F.);
#17084 = FACE_BOUND('',#17085,.T.);
#17085 = EDGE_LOOP('',(#17086,#17087,#17088,#17089));
#17086 = ORIENTED_EDGE('',*,*,#11870,.F.);
#17087 = ORIENTED_EDGE('',*,*,#11894,.F.);
#17088 = ORIENTED_EDGE('',*,*,#11935,.F.);
#17089 = ORIENTED_EDGE('',*,*,#11918,.F.);
#17090 = FACE_BOUND('',#17091,.T.);
#17091 = EDGE_LOOP('',(#17092,#17093,#17094,#17095));
#17092 = ORIENTED_EDGE('',*,*,#11966,.F.);
#17093 = ORIENTED_EDGE('',*,*,#11990,.F.);
#17094 = ORIENTED_EDGE('',*,*,#12031,.F.);
#17095 = ORIENTED_EDGE('',*,*,#12014,.F.);
#17096 = FACE_BOUND('',#17097,.T.);
#17097 = EDGE_LOOP('',(#17098,#17099,#17100,#17101));
#17098 = ORIENTED_EDGE('',*,*,#12062,.F.);
#17099 = ORIENTED_EDGE('',*,*,#12086,.F.);
#17100 = ORIENTED_EDGE('',*,*,#12127,.F.);
#17101 = ORIENTED_EDGE('',*,*,#12110,.F.);
#17102 = FACE_BOUND('',#17103,.T.);
#17103 = EDGE_LOOP('',(#17104,#17105,#17106,#17107));
#17104 = ORIENTED_EDGE('',*,*,#12158,.F.);
#17105 = ORIENTED_EDGE('',*,*,#12182,.F.);
#17106 = ORIENTED_EDGE('',*,*,#12223,.F.);
#17107 = ORIENTED_EDGE('',*,*,#12206,.F.);
#17108 = FACE_BOUND('',#17109,.T.);
#17109 = EDGE_LOOP('',(#17110,#17111,#17112,#17113));
#17110 = ORIENTED_EDGE('',*,*,#12254,.F.);
#17111 = ORIENTED_EDGE('',*,*,#12278,.F.);
#17112 = ORIENTED_EDGE('',*,*,#12319,.F.);
#17113 = ORIENTED_EDGE('',*,*,#12302,.F.);
#17114 = FACE_BOUND('',#17115,.T.);
#17115 = EDGE_LOOP('',(#17116,#17117,#17118,#17119));
#17116 = ORIENTED_EDGE('',*,*,#12350,.F.);
#17117 = ORIENTED_EDGE('',*,*,#12374,.F.);
#17118 = ORIENTED_EDGE('',*,*,#12415,.F.);
#17119 = ORIENTED_EDGE('',*,*,#12398,.F.);
#17120 = FACE_BOUND('',#17121,.T.);
#17121 = EDGE_LOOP('',(#17122,#17123,#17124,#17125));
#17122 = ORIENTED_EDGE('',*,*,#12446,.F.);
#17123 = ORIENTED_EDGE('',*,*,#12470,.F.);
#17124 = ORIENTED_EDGE('',*,*,#12511,.F.);
#17125 = ORIENTED_EDGE('',*,*,#12494,.F.);
#17126 = FACE_BOUND('',#17127,.T.);
#17127 = EDGE_LOOP('',(#17128,#17129,#17130,#17131));
#17128 = ORIENTED_EDGE('',*,*,#12542,.F.);
#17129 = ORIENTED_EDGE('',*,*,#12566,.F.);
#17130 = ORIENTED_EDGE('',*,*,#12607,.F.);
#17131 = ORIENTED_EDGE('',*,*,#12590,.F.);
#17132 = FACE_BOUND('',#17133,.T.);
#17133 = EDGE_LOOP('',(#17134,#17135,#17136,#17137));
#17134 = ORIENTED_EDGE('',*,*,#12638,.F.);
#17135 = ORIENTED_EDGE('',*,*,#12662,.F.);
#17136 = ORIENTED_EDGE('',*,*,#12703,.F.);
#17137 = ORIENTED_EDGE('',*,*,#12686,.F.);
#17138 = FACE_BOUND('',#17139,.T.);
#17139 = EDGE_LOOP('',(#17140));
#17140 = ORIENTED_EDGE('',*,*,#12727,.F.);
#17141 = FACE_BOUND('',#17142,.T.);
#17142 = EDGE_LOOP('',(#17143));
#17143 = ORIENTED_EDGE('',*,*,#17144,.F.);
#17144 = EDGE_CURVE('',#17145,#17145,#17147,.T.);
#17145 = VERTEX_POINT('',#17146);
#17146 = CARTESIAN_POINT('',(48.6,102.75,1.));
#17147 = CIRCLE('',#17148,1.1);
#17148 = AXIS2_PLACEMENT_3D('',#17149,#17150,#17151);
#17149 = CARTESIAN_POINT('',(47.5,102.75,1.));
#17150 = DIRECTION('',(0.,0.,1.));
#17151 = DIRECTION('',(1.,0.,0.));
#17152 = FACE_BOUND('',#17153,.T.);
#17153 = EDGE_LOOP('',(#17154,#17155,#17156,#17157));
#17154 = ORIENTED_EDGE('',*,*,#12784,.F.);
#17155 = ORIENTED_EDGE('',*,*,#12809,.T.);
#17156 = ORIENTED_EDGE('',*,*,#12850,.F.);
#17157 = ORIENTED_EDGE('',*,*,#12833,.F.);
#17158 = FACE_BOUND('',#17159,.T.);
#17159 = EDGE_LOOP('',(#17160,#17161,#17162,#17163));
#17160 = ORIENTED_EDGE('',*,*,#12882,.F.);
#17161 = ORIENTED_EDGE('',*,*,#12906,.F.);
#17162 = ORIENTED_EDGE('',*,*,#12947,.F.);
#17163 = ORIENTED_EDGE('',*,*,#12930,.F.);
#17164 = FACE_BOUND('',#17165,.T.);
#17165 = EDGE_LOOP('',(#17166,#17167,#17168,#17169));
#17166 = ORIENTED_EDGE('',*,*,#12978,.F.);
#17167 = ORIENTED_EDGE('',*,*,#13002,.F.);
#17168 = ORIENTED_EDGE('',*,*,#13043,.F.);
#17169 = ORIENTED_EDGE('',*,*,#13026,.F.);
#17170 = FACE_BOUND('',#17171,.T.);
#17171 = EDGE_LOOP('',(#17172,#17173,#17174,#17175));
#17172 = ORIENTED_EDGE('',*,*,#13074,.F.);
#17173 = ORIENTED_EDGE('',*,*,#13098,.F.);
#17174 = ORIENTED_EDGE('',*,*,#13139,.F.);
#17175 = ORIENTED_EDGE('',*,*,#13122,.F.);
#17176 = FACE_BOUND('',#17177,.T.);
#17177 = EDGE_LOOP('',(#17178,#17179,#17180,#17181));
#17178 = ORIENTED_EDGE('',*,*,#13170,.F.);
#17179 = ORIENTED_EDGE('',*,*,#13194,.F.);
#17180 = ORIENTED_EDGE('',*,*,#13235,.F.);
#17181 = ORIENTED_EDGE('',*,*,#13218,.F.);
#17182 = FACE_BOUND('',#17183,.T.);
#17183 = EDGE_LOOP('',(#17184,#17185,#17186,#17187));
#17184 = ORIENTED_EDGE('',*,*,#13266,.F.);
#17185 = ORIENTED_EDGE('',*,*,#13290,.F.);
#17186 = ORIENTED_EDGE('',*,*,#13331,.F.);
#17187 = ORIENTED_EDGE('',*,*,#13314,.F.);
#17188 = FACE_BOUND('',#17189,.T.);
#17189 = EDGE_LOOP('',(#17190,#17191,#17192,#17193));
#17190 = ORIENTED_EDGE('',*,*,#13362,.F.);
#17191 = ORIENTED_EDGE('',*,*,#13386,.F.);
#17192 = ORIENTED_EDGE('',*,*,#13427,.F.);
#17193 = ORIENTED_EDGE('',*,*,#13410,.F.);
#17194 = FACE_BOUND('',#17195,.T.);
#17195 = EDGE_LOOP('',(#17196,#17197,#17198,#17199));
#17196 = ORIENTED_EDGE('',*,*,#13458,.F.);
#17197 = ORIENTED_EDGE('',*,*,#13482,.F.);
#17198 = ORIENTED_EDGE('',*,*,#13523,.F.);
#17199 = ORIENTED_EDGE('',*,*,#13506,.F.);
#17200 = FACE_BOUND('',#17201,.T.);
#17201 = EDGE_LOOP('',(#17202,#17203,#17204,#17205));
#17202 = ORIENTED_EDGE('',*,*,#13554,.F.);
#17203 = ORIENTED_EDGE('',*,*,#13578,.F.);
#17204 = ORIENTED_EDGE('',*,*,#13619,.F.);
#17205 = ORIENTED_EDGE('',*,*,#13602,.F.);
#17206 = FACE_BOUND('',#17207,.T.);
#17207 = EDGE_LOOP('',(#17208,#17209,#17210,#17211));
#17208 = ORIENTED_EDGE('',*,*,#13650,.F.);
#17209 = ORIENTED_EDGE('',*,*,#13674,.F.);
#17210 = ORIENTED_EDGE('',*,*,#13715,.F.);
#17211 = ORIENTED_EDGE('',*,*,#13698,.F.);
#17212 = FACE_BOUND('',#17213,.T.);
#17213 = EDGE_LOOP('',(#17214,#17215,#17216,#17217));
#17214 = ORIENTED_EDGE('',*,*,#13746,.F.);
#17215 = ORIENTED_EDGE('',*,*,#13770,.F.);
#17216 = ORIENTED_EDGE('',*,*,#13811,.F.);
#17217 = ORIENTED_EDGE('',*,*,#13794,.F.);
#17218 = FACE_BOUND('',#17219,.T.);
#17219 = EDGE_LOOP('',(#17220,#17221,#17222,#17223));
#17220 = ORIENTED_EDGE('',*,*,#13842,.F.);
#17221 = ORIENTED_EDGE('',*,*,#13866,.F.);
#17222 = ORIENTED_EDGE('',*,*,#13907,.F.);
#17223 = ORIENTED_EDGE('',*,*,#13890,.F.);
#17224 = FACE_BOUND('',#17225,.T.);
#17225 = EDGE_LOOP('',(#17226,#17227,#17228,#17229));
#17226 = ORIENTED_EDGE('',*,*,#13938,.F.);
#17227 = ORIENTED_EDGE('',*,*,#13962,.F.);
#17228 = ORIENTED_EDGE('',*,*,#14003,.F.);
#17229 = ORIENTED_EDGE('',*,*,#13986,.F.);
#17230 = FACE_BOUND('',#17231,.T.);
#17231 = EDGE_LOOP('',(#17232,#17233,#17234,#17235));
#17232 = ORIENTED_EDGE('',*,*,#14034,.F.);
#17233 = ORIENTED_EDGE('',*,*,#14058,.F.);
#17234 = ORIENTED_EDGE('',*,*,#14099,.F.);
#17235 = ORIENTED_EDGE('',*,*,#14082,.F.);
#17236 = FACE_BOUND('',#17237,.T.);
#17237 = EDGE_LOOP('',(#17238,#17239,#17240,#17241));
#17238 = ORIENTED_EDGE('',*,*,#14130,.F.);
#17239 = ORIENTED_EDGE('',*,*,#14154,.F.);
#17240 = ORIENTED_EDGE('',*,*,#14195,.F.);
#17241 = ORIENTED_EDGE('',*,*,#14178,.F.);
#17242 = FACE_BOUND('',#17243,.T.);
#17243 = EDGE_LOOP('',(#17244,#17245,#17246,#17247));
#17244 = ORIENTED_EDGE('',*,*,#14226,.F.);
#17245 = ORIENTED_EDGE('',*,*,#14250,.F.);
#17246 = ORIENTED_EDGE('',*,*,#14291,.F.);
#17247 = ORIENTED_EDGE('',*,*,#14274,.F.);
#17248 = FACE_BOUND('',#17249,.T.);
#17249 = EDGE_LOOP('',(#17250,#17251,#17252,#17253));
#17250 = ORIENTED_EDGE('',*,*,#14322,.F.);
#17251 = ORIENTED_EDGE('',*,*,#14346,.F.);
#17252 = ORIENTED_EDGE('',*,*,#14387,.F.);
#17253 = ORIENTED_EDGE('',*,*,#14370,.F.);
#17254 = FACE_BOUND('',#17255,.T.);
#17255 = EDGE_LOOP('',(#17256,#17257,#17258,#17259));
#17256 = ORIENTED_EDGE('',*,*,#14418,.F.);
#17257 = ORIENTED_EDGE('',*,*,#14442,.F.);
#17258 = ORIENTED_EDGE('',*,*,#14483,.F.);
#17259 = ORIENTED_EDGE('',*,*,#14466,.F.);
#17260 = FACE_BOUND('',#17261,.T.);
#17261 = EDGE_LOOP('',(#17262,#17263,#17264,#17265));
#17262 = ORIENTED_EDGE('',*,*,#14514,.F.);
#17263 = ORIENTED_EDGE('',*,*,#14538,.F.);
#17264 = ORIENTED_EDGE('',*,*,#14579,.F.);
#17265 = ORIENTED_EDGE('',*,*,#14562,.F.);
#17266 = FACE_BOUND('',#17267,.T.);
#17267 = EDGE_LOOP('',(#17268,#17269,#17270,#17271));
#17268 = ORIENTED_EDGE('',*,*,#14610,.F.);
#17269 = ORIENTED_EDGE('',*,*,#14634,.F.);
#17270 = ORIENTED_EDGE('',*,*,#14675,.F.);
#17271 = ORIENTED_EDGE('',*,*,#14658,.F.);
#17272 = FACE_BOUND('',#17273,.T.);
#17273 = EDGE_LOOP('',(#17274,#17275,#17276,#17277));
#17274 = ORIENTED_EDGE('',*,*,#14706,.F.);
#17275 = ORIENTED_EDGE('',*,*,#14730,.F.);
#17276 = ORIENTED_EDGE('',*,*,#14771,.F.);
#17277 = ORIENTED_EDGE('',*,*,#14754,.F.);
#17278 = FACE_BOUND('',#17279,.T.);
#17279 = EDGE_LOOP('',(#17280,#17281,#17282,#17283));
#17280 = ORIENTED_EDGE('',*,*,#14785,.F.);
#17281 = ORIENTED_EDGE('',*,*,#14817,.T.);
#17282 = ORIENTED_EDGE('',*,*,#14865,.F.);
#17283 = ORIENTED_EDGE('',*,*,#14841,.F.);
#17284 = FACE_BOUND('',#17285,.T.);
#17285 = EDGE_LOOP('',(#17286,#17287,#17288,#17289,#17290,#17291,#17292,
    #17293,#17294,#17295,#17296,#17297,#17298,#17299,#17300,#17301,
    #17302,#17303,#17304,#17305,#17306,#17307,#17308,#17309,#17310,
    #17311,#17312,#17313,#17314,#17315,#17316,#17317,#17318,#17319,
    #17320,#17321));
#17286 = ORIENTED_EDGE('',*,*,#14900,.F.);
#17287 = ORIENTED_EDGE('',*,*,#14924,.T.);
#17288 = ORIENTED_EDGE('',*,*,#14972,.T.);
#17289 = ORIENTED_EDGE('',*,*,#15020,.T.);
#17290 = ORIENTED_EDGE('',*,*,#15068,.T.);
#17291 = ORIENTED_EDGE('',*,*,#15116,.T.);
#17292 = ORIENTED_EDGE('',*,*,#15164,.T.);
#17293 = ORIENTED_EDGE('',*,*,#15212,.T.);
#17294 = ORIENTED_EDGE('',*,*,#15260,.T.);
#17295 = ORIENTED_EDGE('',*,*,#15308,.T.);
#17296 = ORIENTED_EDGE('',*,*,#15356,.T.);
#17297 = ORIENTED_EDGE('',*,*,#15404,.T.);
#17298 = ORIENTED_EDGE('',*,*,#15452,.T.);
#17299 = ORIENTED_EDGE('',*,*,#15500,.T.);
#17300 = ORIENTED_EDGE('',*,*,#15548,.T.);
#17301 = ORIENTED_EDGE('',*,*,#15596,.T.);
#17302 = ORIENTED_EDGE('',*,*,#15644,.T.);
#17303 = ORIENTED_EDGE('',*,*,#15692,.T.);
#17304 = ORIENTED_EDGE('',*,*,#15733,.T.);
#17305 = ORIENTED_EDGE('',*,*,#15716,.T.);
#17306 = ORIENTED_EDGE('',*,*,#15668,.T.);
#17307 = ORIENTED_EDGE('',*,*,#15620,.F.);
#17308 = ORIENTED_EDGE('',*,*,#15572,.F.);
#17309 = ORIENTED_EDGE('',*,*,#15524,.F.);
#17310 = ORIENTED_EDGE('',*,*,#15476,.F.);
#17311 = ORIENTED_EDGE('',*,*,#15428,.F.);
#17312 = ORIENTED_EDGE('',*,*,#15380,.F.);
#17313 = ORIENTED_EDGE('',*,*,#15332,.F.);
#17314 = ORIENTED_EDGE('',*,*,#15284,.F.);
#17315 = ORIENTED_EDGE('',*,*,#15236,.F.);
#17316 = ORIENTED_EDGE('',*,*,#15188,.F.);
#17317 = ORIENTED_EDGE('',*,*,#15140,.F.);
#17318 = ORIENTED_EDGE('',*,*,#15092,.F.);
#17319 = ORIENTED_EDGE('',*,*,#15044,.T.);
#17320 = ORIENTED_EDGE('',*,*,#14996,.F.);
#17321 = ORIENTED_EDGE('',*,*,#14948,.F.);
#17322 = FACE_BOUND('',#17323,.T.);
#17323 = EDGE_LOOP('',(#17324,#17325,#17326,#17327));
#17324 = ORIENTED_EDGE('',*,*,#15747,.F.);
#17325 = ORIENTED_EDGE('',*,*,#15779,.T.);
#17326 = ORIENTED_EDGE('',*,*,#15827,.F.);
#17327 = ORIENTED_EDGE('',*,*,#15803,.F.);
#17328 = FACE_BOUND('',#17329,.T.);
#17329 = EDGE_LOOP('',(#17330,#17331,#17332,#17333));
#17330 = ORIENTED_EDGE('',*,*,#15862,.F.);
#17331 = ORIENTED_EDGE('',*,*,#15886,.F.);
#17332 = ORIENTED_EDGE('',*,*,#15927,.F.);
#17333 = ORIENTED_EDGE('',*,*,#15910,.F.);
#17334 = FACE_BOUND('',#17335,.T.);
#17335 = EDGE_LOOP('',(#17336,#17337,#17338,#17339));
#17336 = ORIENTED_EDGE('',*,*,#15958,.F.);
#17337 = ORIENTED_EDGE('',*,*,#15982,.F.);
#17338 = ORIENTED_EDGE('',*,*,#16023,.F.);
#17339 = ORIENTED_EDGE('',*,*,#16006,.F.);
#17340 = FACE_BOUND('',#17341,.T.);
#17341 = EDGE_LOOP('',(#17342,#17343,#17344,#17345));
#17342 = ORIENTED_EDGE('',*,*,#16054,.F.);
#17343 = ORIENTED_EDGE('',*,*,#16078,.F.);
#17344 = ORIENTED_EDGE('',*,*,#16119,.F.);
#17345 = ORIENTED_EDGE('',*,*,#16102,.F.);
#17346 = FACE_BOUND('',#17347,.T.);
#17347 = EDGE_LOOP('',(#17348,#17349,#17350,#17351));
#17348 = ORIENTED_EDGE('',*,*,#16150,.F.);
#17349 = ORIENTED_EDGE('',*,*,#16174,.F.);
#17350 = ORIENTED_EDGE('',*,*,#16215,.F.);
#17351 = ORIENTED_EDGE('',*,*,#16198,.F.);
#17352 = FACE_BOUND('',#17353,.T.);
#17353 = EDGE_LOOP('',(#17354));
#17354 = ORIENTED_EDGE('',*,*,#16239,.F.);
#17355 = FACE_BOUND('',#17356,.T.);
#17356 = EDGE_LOOP('',(#17357));
#17357 = ORIENTED_EDGE('',*,*,#17358,.F.);
#17358 = EDGE_CURVE('',#17359,#17359,#17361,.T.);
#17359 = VERTEX_POINT('',#17360);
#17360 = CARTESIAN_POINT('',(339.35,102.75,1.));
#17361 = CIRCLE('',#17362,1.1);
#17362 = AXIS2_PLACEMENT_3D('',#17363,#17364,#17365);
#17363 = CARTESIAN_POINT('',(338.25,102.75,1.));
#17364 = DIRECTION('',(0.,0.,1.));
#17365 = DIRECTION('',(1.,0.,0.));
#17366 = FACE_BOUND('',#17367,.T.);
#17367 = EDGE_LOOP('',(#17368,#17369,#17370,#17371));
#17368 = ORIENTED_EDGE('',*,*,#16296,.F.);
#17369 = ORIENTED_EDGE('',*,*,#16320,.F.);
#17370 = ORIENTED_EDGE('',*,*,#16361,.F.);
#17371 = ORIENTED_EDGE('',*,*,#16344,.F.);
#17372 = FACE_BOUND('',#17373,.T.);
#17373 = EDGE_LOOP('',(#17374,#17375,#17376,#17377));
#17374 = ORIENTED_EDGE('',*,*,#16392,.F.);
#17375 = ORIENTED_EDGE('',*,*,#16416,.F.);
#17376 = ORIENTED_EDGE('',*,*,#16457,.F.);
#17377 = ORIENTED_EDGE('',*,*,#16440,.F.);
#17378 = FACE_BOUND('',#17379,.T.);
#17379 = EDGE_LOOP('',(#17380,#17381,#17382,#17383));
#17380 = ORIENTED_EDGE('',*,*,#16488,.F.);
#17381 = ORIENTED_EDGE('',*,*,#16512,.F.);
#17382 = ORIENTED_EDGE('',*,*,#16553,.F.);
#17383 = ORIENTED_EDGE('',*,*,#16536,.F.);
#17384 = FACE_BOUND('',#17385,.T.);
#17385 = EDGE_LOOP('',(#17386,#17387,#17388,#17389));
#17386 = ORIENTED_EDGE('',*,*,#16584,.F.);
#17387 = ORIENTED_EDGE('',*,*,#16608,.F.);
#17388 = ORIENTED_EDGE('',*,*,#16649,.F.);
#17389 = ORIENTED_EDGE('',*,*,#16632,.F.);
#17390 = PLANE('',#17391);
#17391 = AXIS2_PLACEMENT_3D('',#17392,#17393,#17394);
#17392 = CARTESIAN_POINT('',(179.9,64.65,1.));
#17393 = DIRECTION('',(0.,0.,1.));
#17394 = DIRECTION('',(1.,0.,0.));
#17395 = ADVANCED_FACE('',(#17396),#17407,.F.);
#17396 = FACE_BOUND('',#17397,.F.);
#17397 = EDGE_LOOP('',(#17398,#17404,#17405,#17406));
#17398 = ORIENTED_EDGE('',*,*,#17399,.T.);
#17399 = EDGE_CURVE('',#16689,#4765,#17400,.T.);
#17400 = LINE('',#17401,#17402);
#17401 = CARTESIAN_POINT('',(48.6,26.55,1.));
#17402 = VECTOR('',#17403,1.);
#17403 = DIRECTION('',(-0.,-0.,-1.));
#17404 = ORIENTED_EDGE('',*,*,#4774,.T.);
#17405 = ORIENTED_EDGE('',*,*,#17399,.F.);
#17406 = ORIENTED_EDGE('',*,*,#16688,.F.);
#17407 = CYLINDRICAL_SURFACE('',#17408,1.1);
#17408 = AXIS2_PLACEMENT_3D('',#17409,#17410,#17411);
#17409 = CARTESIAN_POINT('',(47.5,26.55,1.));
#17410 = DIRECTION('',(0.,0.,1.));
#17411 = DIRECTION('',(1.,0.,0.));
#17412 = ADVANCED_FACE('',(#17413),#17424,.F.);
#17413 = FACE_BOUND('',#17414,.F.);
#17414 = EDGE_LOOP('',(#17415,#17421,#17422,#17423));
#17415 = ORIENTED_EDGE('',*,*,#17416,.T.);
#17416 = EDGE_CURVE('',#16952,#9590,#17417,.T.);
#17417 = LINE('',#17418,#17419);
#17418 = CARTESIAN_POINT('',(339.35,26.55,1.));
#17419 = VECTOR('',#17420,1.);
#17420 = DIRECTION('',(-0.,-0.,-1.));
#17421 = ORIENTED_EDGE('',*,*,#9599,.T.);
#17422 = ORIENTED_EDGE('',*,*,#17416,.F.);
#17423 = ORIENTED_EDGE('',*,*,#16951,.F.);
#17424 = CYLINDRICAL_SURFACE('',#17425,1.1);
#17425 = AXIS2_PLACEMENT_3D('',#17426,#17427,#17428);
#17426 = CARTESIAN_POINT('',(338.25,26.55,1.));
#17427 = DIRECTION('',(0.,0.,1.));
#17428 = DIRECTION('',(1.,0.,0.));
#17429 = ADVANCED_FACE('',(#17430),#17441,.F.);
#17430 = FACE_BOUND('',#17431,.F.);
#17431 = EDGE_LOOP('',(#17432,#17438,#17439,#17440));
#17432 = ORIENTED_EDGE('',*,*,#17433,.T.);
#17433 = EDGE_CURVE('',#17145,#12743,#17434,.T.);
#17434 = LINE('',#17435,#17436);
#17435 = CARTESIAN_POINT('',(48.6,102.75,1.));
#17436 = VECTOR('',#17437,1.);
#17437 = DIRECTION('',(-0.,-0.,-1.));
#17438 = ORIENTED_EDGE('',*,*,#12752,.T.);
#17439 = ORIENTED_EDGE('',*,*,#17433,.F.);
#17440 = ORIENTED_EDGE('',*,*,#17144,.F.);
#17441 = CYLINDRICAL_SURFACE('',#17442,1.1);
#17442 = AXIS2_PLACEMENT_3D('',#17443,#17444,#17445);
#17443 = CARTESIAN_POINT('',(47.5,102.75,1.));
#17444 = DIRECTION('',(0.,0.,1.));
#17445 = DIRECTION('',(1.,0.,0.));
#17446 = ADVANCED_FACE('',(#17447),#17458,.F.);
#17447 = FACE_BOUND('',#17448,.F.);
#17448 = EDGE_LOOP('',(#17449,#17455,#17456,#17457));
#17449 = ORIENTED_EDGE('',*,*,#17450,.T.);
#17450 = EDGE_CURVE('',#17359,#16255,#17451,.T.);
#17451 = LINE('',#17452,#17453);
#17452 = CARTESIAN_POINT('',(339.35,102.75,1.));
#17453 = VECTOR('',#17454,1.);
#17454 = DIRECTION('',(-0.,-0.,-1.));
#17455 = ORIENTED_EDGE('',*,*,#16264,.T.);
#17456 = ORIENTED_EDGE('',*,*,#17450,.F.);
#17457 = ORIENTED_EDGE('',*,*,#17358,.F.);
#17458 = CYLINDRICAL_SURFACE('',#17459,1.1);
#17459 = AXIS2_PLACEMENT_3D('',#17460,#17461,#17462);
#17460 = CARTESIAN_POINT('',(338.25,102.75,1.));
#17461 = DIRECTION('',(0.,0.,1.));
#17462 = DIRECTION('',(1.,0.,0.));
#17463 = ( GEOMETRIC_REPRESENTATION_CONTEXT(3) 
GLOBAL_UNCERTAINTY_ASSIGNED_CONTEXT((#17467)) 
GLOBAL_UNIT_ASSIGNED_CONTEXT((#17464,#17465,#17466)) 
REPRESENTATION_CONTEXT('Context #1',
  '3D Context with UNIT and UNCERTAINTY') );
#17464 = ( LENGTH_UNIT() NAMED_UNIT(*) SI_UNIT(.MILLI.,.METRE.) );
#17465 = ( NAMED_UNIT(*) PLANE_ANGLE_UNIT() SI_UNIT($,.RADIAN.) );
#17466 = ( NAMED_UNIT(*) SI_UNIT($,.STERADIAN.) SOLID_ANGLE_UNIT() );
#17467 = UNCERTAINTY_MEASURE_WITH_UNIT(LENGTH_MEASURE(2.E-06),#17464,
  'distance_accuracy_value','confusion accuracy');
#17468 = CONTEXT_DEPENDENT_SHAPE_REPRESENTATION(#17469,#17471);
#17469 = ( REPRESENTATION_RELATIONSHIP('','',#32,#10) 
REPRESENTATION_RELATIONSHIP_WITH_TRANSFORMATION(#17470) 
SHAPE_REPRESENTATION_RELATIONSHIP() );
#17470 = ITEM_DEFINED_TRANSFORMATION('','',#11,#15);
#17471 = PRODUCT_DEFINITION_SHAPE('Placement','Placement of an item',
  #17472);
#17472 = NEXT_ASSEMBLY_USAGE_OCCURRENCE('4','PlateBody','',#5,#27,$);
#17473 = PRODUCT_RELATED_PRODUCT_CATEGORY('part',$,(#29));
#17474 = MECHANICAL_DESIGN_GEOMETRIC_PRESENTATION_REPRESENTATION('',(
    #17475),#17463);
#17475 = STYLED_ITEM('color',(#17476),#33);
#17476 = PRESENTATION_STYLE_ASSIGNMENT((#17477,#17483));
#17477 = SURFACE_STYLE_USAGE(.BOTH.,#17478);
#17478 = SURFACE_SIDE_STYLE('',(#17479));
#17479 = SURFACE_STYLE_FILL_AREA(#17480);
#17480 = FILL_AREA_STYLE('',(#17481));
#17481 = FILL_AREA_STYLE_COLOUR('',#17482);
#17482 = DRAUGHTING_PRE_DEFINED_COLOUR('black');
#17483 = CURVE_STYLE('',#17484,POSITIVE_LENGTH_MEASURE(0.1),#17485);
#17484 = DRAUGHTING_PRE_DEFINED_CURVE_FONT('continuous');
#17485 = COLOUR_RGB('',9.803921802644E-02,9.803921802644E-02,
  9.803921802644E-02);
ENDSEC;
END-ISO-10303-21;
