ISO-10303-21;
HEADER;
FILE_DESCRIPTION(('FreeCAD Model'),'2;1');
FILE_NAME('Open CASCADE Shape Model','2026-06-20T00:21:49',(''),(''),
  'Open CASCADE STEP processor 7.9','FreeCAD','Unknown');
FILE_SCHEMA(('AUTOMOTIVE_DESIGN { 1 0 10303 214 1 1 1 1 }'));
ENDSEC;
DATA;
#1 = APPLICATION_PROTOCOL_DEFINITION('international standard',
  'automotive_design',2000,#2);
#2 = APPLICATION_CONTEXT(
  'core data for automotive mechanical design processes');
#3 = SHAPE_DEFINITION_REPRESENTATION(#4,#10);
#4 = PRODUCT_DEFINITION_SHAPE('','',#5);
#5 = PRODUCT_DEFINITION('design','',#6,#9);
#6 = PRODUCT_DEFINITION_FORMATION('','',#7);
#7 = PRODUCT('Document003','Document003','',(#8));
#8 = PRODUCT_CONTEXT('',#2,'mechanical');
#9 = PRODUCT_DEFINITION_CONTEXT('part definition',#2,'design');
#10 = ADVANCED_BREP_SHAPE_REPRESENTATION('',(#11,#15),#2841);
#11 = AXIS2_PLACEMENT_3D('',#12,#13,#14);
#12 = CARTESIAN_POINT('',(0.,0.,0.));
#13 = DIRECTION('',(0.,0.,1.));
#14 = DIRECTION('',(1.,0.,-0.));
#15 = MANIFOLD_SOLID_BREP('',#16);
#16 = CLOSED_SHELL('',(#17,#158,#299,#357,#377,#435,#455,#490,#512,#547,
    #569,#661,#695,#729,#742,#755,#825,#895,#957,#989,#1025,#1061,#1077,
    #1100,#1123,#1139,#1155,#1175,#1187,#1207,#1227,#1240,#1253,#1303,
    #1348,#1393,#1421,#1446,#1468,#1496,#1521,#1543,#1587,#1615,#1661,
    #1681,#1703,#1725,#1771,#1791,#1825,#1859,#1875,#1893,#1909,#1927,
    #1939,#1951,#1971,#1991,#2037,#2049,#2069,#2089,#2101,#2113,#2141,
    #2169,#2191,#2219,#2254,#2278,#2300,#2320,#2338,#2360,#2381,#2403,
    #2432,#2453,#2465,#2500,#2526,#2542,#2566,#2587,#2599,#2615,#2627,
    #2643,#2655,#2681,#2697,#2715,#2727,#2739,#2763,#2787,#2809));
#17 = ADVANCED_FACE('',(#18),#153,.T.);
#18 = FACE_BOUND('',#19,.T.);
#19 = EDGE_LOOP('',(#20,#29,#36,#43,#50,#57,#64,#71,#78,#85,#92,#99,#106
    ,#113,#120,#127,#134,#141,#148));
#20 = ORIENTED_EDGE('',*,*,#21,.F.);
#21 = EDGE_CURVE('',#22,#24,#26,.T.);
#22 = VERTEX_POINT('',#23);
#23 = CARTESIAN_POINT('',(52.225,65.9,10.));
#24 = VERTEX_POINT('',#25);
#25 = CARTESIAN_POINT('',(52.225,64.6,10.));
#26 = B_SPLINE_CURVE_WITH_KNOTS('',1,(#27,#28),.UNSPECIFIED.,.F.,.F.,(2,
    2),(0.,1.3),.PIECEWISE_BEZIER_KNOTS.);
#27 = CARTESIAN_POINT('',(52.225,65.9,10.));
#28 = CARTESIAN_POINT('',(52.225,64.6,10.));
#29 = ORIENTED_EDGE('',*,*,#30,.F.);
#30 = EDGE_CURVE('',#31,#22,#33,.T.);
#31 = VERTEX_POINT('',#32);
#32 = CARTESIAN_POINT('',(52.225,65.9,8.000000000001));
#33 = B_SPLINE_CURVE_WITH_KNOTS('',1,(#34,#35),.UNSPECIFIED.,.F.,.F.,(2,
    2),(0.,2.),.PIECEWISE_BEZIER_KNOTS.);
#34 = CARTESIAN_POINT('',(52.225,65.9,8.000000000001));
#35 = CARTESIAN_POINT('',(52.225,65.9,10.));
#36 = ORIENTED_EDGE('',*,*,#37,.F.);
#37 = EDGE_CURVE('',#38,#31,#40,.T.);
#38 = VERTEX_POINT('',#39);
#39 = CARTESIAN_POINT('',(52.225,70.5,8.000000000001));
#40 = B_SPLINE_CURVE_WITH_KNOTS('',1,(#41,#42),.UNSPECIFIED.,.F.,.F.,(2,
    2),(0.,4.6),.PIECEWISE_BEZIER_KNOTS.);
#41 = CARTESIAN_POINT('',(52.225,70.5,8.000000000001));
#42 = CARTESIAN_POINT('',(52.225,65.9,8.000000000001));
#43 = ORIENTED_EDGE('',*,*,#44,.F.);
#44 = EDGE_CURVE('',#45,#38,#47,.T.);
#45 = VERTEX_POINT('',#46);
#46 = CARTESIAN_POINT('',(52.225,70.5,10.));
#47 = B_SPLINE_CURVE_WITH_KNOTS('',1,(#48,#49),.UNSPECIFIED.,.F.,.F.,(2,
    2),(0.,2.),.PIECEWISE_BEZIER_KNOTS.);
#48 = CARTESIAN_POINT('',(52.225,70.5,10.));
#49 = CARTESIAN_POINT('',(52.225,70.5,8.000000000001));
#50 = ORIENTED_EDGE('',*,*,#51,.F.);
#51 = EDGE_CURVE('',#52,#45,#54,.T.);
#52 = VERTEX_POINT('',#53);
#53 = CARTESIAN_POINT('',(52.225,72.4,10.));
#54 = B_SPLINE_CURVE_WITH_KNOTS('',1,(#55,#56),.UNSPECIFIED.,.F.,.F.,(2,
    2),(0.,1.9),.PIECEWISE_BEZIER_KNOTS.);
#55 = CARTESIAN_POINT('',(52.225,72.4,10.));
#56 = CARTESIAN_POINT('',(52.225,70.5,10.));
#57 = ORIENTED_EDGE('',*,*,#58,.F.);
#58 = EDGE_CURVE('',#59,#52,#61,.T.);
#59 = VERTEX_POINT('',#60);
#60 = CARTESIAN_POINT('',(52.225,72.4,8.800000000001));
#61 = B_SPLINE_CURVE_WITH_KNOTS('',1,(#62,#63),.UNSPECIFIED.,.F.,.F.,(2,
    2),(0.,1.2),.PIECEWISE_BEZIER_KNOTS.);
#62 = CARTESIAN_POINT('',(52.225,72.4,8.800000000001));
#63 = CARTESIAN_POINT('',(52.225,72.4,10.));
#64 = ORIENTED_EDGE('',*,*,#65,.F.);
#65 = EDGE_CURVE('',#66,#59,#68,.T.);
#66 = VERTEX_POINT('',#67);
#67 = CARTESIAN_POINT('',(52.225,73.7,8.800000000001));
#68 = B_SPLINE_CURVE_WITH_KNOTS('',1,(#69,#70),.UNSPECIFIED.,.F.,.F.,(2,
    2),(0.,1.3),.PIECEWISE_BEZIER_KNOTS.);
#69 = CARTESIAN_POINT('',(52.225,73.7,8.800000000001));
#70 = CARTESIAN_POINT('',(52.225,72.4,8.800000000001));
#71 = ORIENTED_EDGE('',*,*,#72,.F.);
#72 = EDGE_CURVE('',#73,#66,#75,.T.);
#73 = VERTEX_POINT('',#74);
#74 = CARTESIAN_POINT('',(52.225,74.1,8.400000000001));
#75 = B_SPLINE_CURVE_WITH_KNOTS('',1,(#76,#77),.UNSPECIFIED.,.F.,.F.,(2,
    2),(-0.565685424949,0.),.PIECEWISE_BEZIER_KNOTS.);
#76 = CARTESIAN_POINT('',(52.225,74.1,8.400000000001));
#77 = CARTESIAN_POINT('',(52.225,73.7,8.800000000001));
#78 = ORIENTED_EDGE('',*,*,#79,.F.);
#79 = EDGE_CURVE('',#80,#73,#82,.T.);
#80 = VERTEX_POINT('',#81);
#81 = CARTESIAN_POINT('',(52.225,74.1,8.050000000001));
#82 = B_SPLINE_CURVE_WITH_KNOTS('',1,(#83,#84),.UNSPECIFIED.,.F.,.F.,(2,
    2),(0.,0.35),.PIECEWISE_BEZIER_KNOTS.);
#83 = CARTESIAN_POINT('',(52.225,74.1,8.050000000001));
#84 = CARTESIAN_POINT('',(52.225,74.1,8.400000000001));
#85 = ORIENTED_EDGE('',*,*,#86,.F.);
#86 = EDGE_CURVE('',#87,#80,#89,.T.);
#87 = VERTEX_POINT('',#88);
#88 = CARTESIAN_POINT('',(52.225,73.1,8.05));
#89 = B_SPLINE_CURVE_WITH_KNOTS('',1,(#90,#91),.UNSPECIFIED.,.F.,.F.,(2,
    2),(0.,1.),.PIECEWISE_BEZIER_KNOTS.);
#90 = CARTESIAN_POINT('',(52.225,73.1,8.050000000001));
#91 = CARTESIAN_POINT('',(52.225,74.1,8.050000000001));
#92 = ORIENTED_EDGE('',*,*,#93,.F.);
#93 = EDGE_CURVE('',#94,#87,#96,.T.);
#94 = VERTEX_POINT('',#95);
#95 = CARTESIAN_POINT('',(52.225000000001,73.100000000002,4.8));
#96 = B_SPLINE_CURVE_WITH_KNOTS('',1,(#97,#98),.UNSPECIFIED.,.F.,.F.,(2,
    2),(0.,3.250000000001),.PIECEWISE_BEZIER_KNOTS.);
#97 = CARTESIAN_POINT('',(52.225,73.100000000003,4.8));
#98 = CARTESIAN_POINT('',(52.225,73.1,8.050000000001));
#99 = ORIENTED_EDGE('',*,*,#100,.F.);
#100 = EDGE_CURVE('',#101,#94,#103,.T.);
#101 = VERTEX_POINT('',#102);
#102 = CARTESIAN_POINT('',(52.225,65.80318329411,4.8));
#103 = B_SPLINE_CURVE_WITH_KNOTS('',1,(#104,#105),.UNSPECIFIED.,.F.,.F.,
  (2,2),(1.90318329411,9.200000000003),.PIECEWISE_BEZIER_KNOTS.);
#104 = CARTESIAN_POINT('',(52.225,65.80318329411,4.8));
#105 = CARTESIAN_POINT('',(52.225,73.100000000003,4.8));
#106 = ORIENTED_EDGE('',*,*,#107,.T.);
#107 = EDGE_CURVE('',#101,#108,#110,.T.);
#108 = VERTEX_POINT('',#109);
#109 = CARTESIAN_POINT('',(52.224999999999,64.899999999999,
    6.364359353945));
#110 = B_SPLINE_CURVE_WITH_KNOTS('',1,(#111,#112),.UNSPECIFIED.,.F.,.F.,
  (2,2),(-0.230940107676,1.575426480544),.PIECEWISE_BEZIER_KNOTS.);
#111 = CARTESIAN_POINT('',(52.225,65.80318329411,4.8));
#112 = CARTESIAN_POINT('',(52.225,64.9,6.364359353945));
#113 = ORIENTED_EDGE('',*,*,#114,.F.);
#114 = EDGE_CURVE('',#115,#108,#117,.T.);
#115 = VERTEX_POINT('',#116);
#116 = CARTESIAN_POINT('',(52.225,64.9,8.050000000001));
#117 = B_SPLINE_CURVE_WITH_KNOTS('',1,(#118,#119),.UNSPECIFIED.,.F.,.F.,
  (2,2),(0.,1.685640646055),.PIECEWISE_BEZIER_KNOTS.);
#118 = CARTESIAN_POINT('',(52.225,64.899999999999,8.050000000001));
#119 = CARTESIAN_POINT('',(52.225,64.9,6.364359353945));
#120 = ORIENTED_EDGE('',*,*,#121,.F.);
#121 = EDGE_CURVE('',#122,#115,#124,.T.);
#122 = VERTEX_POINT('',#123);
#123 = CARTESIAN_POINT('',(52.225,63.9,8.050000000001));
#124 = B_SPLINE_CURVE_WITH_KNOTS('',1,(#125,#126),.UNSPECIFIED.,.F.,.F.,
  (2,2),(0.,1.),.PIECEWISE_BEZIER_KNOTS.);
#125 = CARTESIAN_POINT('',(52.225,63.9,8.050000000001));
#126 = CARTESIAN_POINT('',(52.225,64.899999999999,8.050000000001));
#127 = ORIENTED_EDGE('',*,*,#128,.F.);
#128 = EDGE_CURVE('',#129,#122,#131,.T.);
#129 = VERTEX_POINT('',#130);
#130 = CARTESIAN_POINT('',(52.225,63.9,8.400000000001));
#131 = B_SPLINE_CURVE_WITH_KNOTS('',1,(#132,#133),.UNSPECIFIED.,.F.,.F.,
  (2,2),(1.6,1.95),.PIECEWISE_BEZIER_KNOTS.);
#132 = CARTESIAN_POINT('',(52.225,63.9,8.400000000001));
#133 = CARTESIAN_POINT('',(52.225,63.9,8.050000000001));
#134 = ORIENTED_EDGE('',*,*,#135,.F.);
#135 = EDGE_CURVE('',#136,#129,#138,.T.);
#136 = VERTEX_POINT('',#137);
#137 = CARTESIAN_POINT('',(52.225,64.3,8.8));
#138 = B_SPLINE_CURVE_WITH_KNOTS('',1,(#139,#140),.UNSPECIFIED.,.F.,.F.,
  (2,2),(0.,0.565685424949),.PIECEWISE_BEZIER_KNOTS.);
#139 = CARTESIAN_POINT('',(52.225,64.3,8.800000000001));
#140 = CARTESIAN_POINT('',(52.225,63.9,8.400000000001));
#141 = ORIENTED_EDGE('',*,*,#142,.F.);
#142 = EDGE_CURVE('',#143,#136,#145,.T.);
#143 = VERTEX_POINT('',#144);
#144 = CARTESIAN_POINT('',(52.225,64.6,8.800000000001));
#145 = B_SPLINE_CURVE_WITH_KNOTS('',1,(#146,#147),.UNSPECIFIED.,.F.,.F.,
  (2,2),(0.,0.3),.PIECEWISE_BEZIER_KNOTS.);
#146 = CARTESIAN_POINT('',(52.225,64.6,8.800000000001));
#147 = CARTESIAN_POINT('',(52.225,64.3,8.8));
#148 = ORIENTED_EDGE('',*,*,#149,.F.);
#149 = EDGE_CURVE('',#24,#143,#150,.T.);
#150 = B_SPLINE_CURVE_WITH_KNOTS('',1,(#151,#152),.UNSPECIFIED.,.F.,.F.,
  (2,2),(2.713385072184E-13,1.2),.PIECEWISE_BEZIER_KNOTS.);
#151 = CARTESIAN_POINT('',(52.225,64.6,10.));
#152 = CARTESIAN_POINT('',(52.225,64.6,8.800000000001));
#153 = PLANE('',#154);
#154 = AXIS2_PLACEMENT_3D('',#155,#156,#157);
#155 = CARTESIAN_POINT('',(52.225,63.798,4.747999999991));
#156 = DIRECTION('',(-1.,0.,0.));
#157 = DIRECTION('',(0.,0.,-1.));
#158 = ADVANCED_FACE('',(#159),#294,.T.);
#159 = FACE_BOUND('',#160,.T.);
#160 = EDGE_LOOP('',(#161,#170,#177,#184,#191,#198,#205,#212,#219,#226,
    #233,#240,#247,#254,#261,#268,#275,#282,#289));
#161 = ORIENTED_EDGE('',*,*,#162,.T.);
#162 = EDGE_CURVE('',#163,#165,#167,.T.);
#163 = VERTEX_POINT('',#164);
#164 = CARTESIAN_POINT('',(58.025,64.6,10.));
#165 = VERTEX_POINT('',#166);
#166 = CARTESIAN_POINT('',(58.025,64.6,8.800000000001));
#167 = B_SPLINE_CURVE_WITH_KNOTS('',1,(#168,#169),.UNSPECIFIED.,.F.,.F.,
  (2,2),(2.713385072184E-13,1.2),.PIECEWISE_BEZIER_KNOTS.);
#168 = CARTESIAN_POINT('',(58.025,64.6,10.));
#169 = CARTESIAN_POINT('',(58.025,64.6,8.800000000001));
#170 = ORIENTED_EDGE('',*,*,#171,.T.);
#171 = EDGE_CURVE('',#165,#172,#174,.T.);
#172 = VERTEX_POINT('',#173);
#173 = CARTESIAN_POINT('',(58.025,64.3,8.8));
#174 = B_SPLINE_CURVE_WITH_KNOTS('',1,(#175,#176),.UNSPECIFIED.,.F.,.F.,
  (2,2),(0.,0.3),.PIECEWISE_BEZIER_KNOTS.);
#175 = CARTESIAN_POINT('',(58.025,64.6,8.800000000001));
#176 = CARTESIAN_POINT('',(58.025,64.3,8.8));
#177 = ORIENTED_EDGE('',*,*,#178,.T.);
#178 = EDGE_CURVE('',#172,#179,#181,.T.);
#179 = VERTEX_POINT('',#180);
#180 = CARTESIAN_POINT('',(58.025,63.9,8.400000000001));
#181 = B_SPLINE_CURVE_WITH_KNOTS('',1,(#182,#183),.UNSPECIFIED.,.F.,.F.,
  (2,2),(0.,0.565685424949),.PIECEWISE_BEZIER_KNOTS.);
#182 = CARTESIAN_POINT('',(58.025,64.3,8.800000000001));
#183 = CARTESIAN_POINT('',(58.025,63.9,8.400000000001));
#184 = ORIENTED_EDGE('',*,*,#185,.T.);
#185 = EDGE_CURVE('',#179,#186,#188,.T.);
#186 = VERTEX_POINT('',#187);
#187 = CARTESIAN_POINT('',(58.025,63.9,8.050000000001));
#188 = B_SPLINE_CURVE_WITH_KNOTS('',1,(#189,#190),.UNSPECIFIED.,.F.,.F.,
  (2,2),(1.6,1.95),.PIECEWISE_BEZIER_KNOTS.);
#189 = CARTESIAN_POINT('',(58.025,63.9,8.400000000001));
#190 = CARTESIAN_POINT('',(58.025,63.9,8.050000000001));
#191 = ORIENTED_EDGE('',*,*,#192,.T.);
#192 = EDGE_CURVE('',#186,#193,#195,.T.);
#193 = VERTEX_POINT('',#194);
#194 = CARTESIAN_POINT('',(58.025,64.9,8.050000000001));
#195 = B_SPLINE_CURVE_WITH_KNOTS('',1,(#196,#197),.UNSPECIFIED.,.F.,.F.,
  (2,2),(0.,1.),.PIECEWISE_BEZIER_KNOTS.);
#196 = CARTESIAN_POINT('',(58.025,63.9,8.050000000001));
#197 = CARTESIAN_POINT('',(58.025,64.899999999999,8.050000000001));
#198 = ORIENTED_EDGE('',*,*,#199,.T.);
#199 = EDGE_CURVE('',#193,#200,#202,.T.);
#200 = VERTEX_POINT('',#201);
#201 = CARTESIAN_POINT('',(58.024999999999,64.899999999999,
    6.364359353945));
#202 = B_SPLINE_CURVE_WITH_KNOTS('',1,(#203,#204),.UNSPECIFIED.,.F.,.F.,
  (2,2),(0.,1.685640646055),.PIECEWISE_BEZIER_KNOTS.);
#203 = CARTESIAN_POINT('',(58.025,64.899999999999,8.050000000001));
#204 = CARTESIAN_POINT('',(58.025,64.9,6.364359353945));
#205 = ORIENTED_EDGE('',*,*,#206,.F.);
#206 = EDGE_CURVE('',#207,#200,#209,.T.);
#207 = VERTEX_POINT('',#208);
#208 = CARTESIAN_POINT('',(58.025,65.80318329411,4.8));
#209 = B_SPLINE_CURVE_WITH_KNOTS('',1,(#210,#211),.UNSPECIFIED.,.F.,.F.,
  (2,2),(-0.230940107676,1.575426480544),.PIECEWISE_BEZIER_KNOTS.);
#210 = CARTESIAN_POINT('',(58.025,65.80318329411,4.8));
#211 = CARTESIAN_POINT('',(58.025,64.9,6.364359353945));
#212 = ORIENTED_EDGE('',*,*,#213,.T.);
#213 = EDGE_CURVE('',#207,#214,#216,.T.);
#214 = VERTEX_POINT('',#215);
#215 = CARTESIAN_POINT('',(58.025000000001,73.100000000004,4.8));
#216 = B_SPLINE_CURVE_WITH_KNOTS('',1,(#217,#218),.UNSPECIFIED.,.F.,.F.,
  (2,2),(1.90318329411,9.200000000003),.PIECEWISE_BEZIER_KNOTS.);
#217 = CARTESIAN_POINT('',(58.025,65.80318329411,4.8));
#218 = CARTESIAN_POINT('',(58.025,73.100000000003,4.8));
#219 = ORIENTED_EDGE('',*,*,#220,.T.);
#220 = EDGE_CURVE('',#214,#221,#223,.T.);
#221 = VERTEX_POINT('',#222);
#222 = CARTESIAN_POINT('',(58.025,73.1,8.050000000001));
#223 = B_SPLINE_CURVE_WITH_KNOTS('',1,(#224,#225),.UNSPECIFIED.,.F.,.F.,
  (2,2),(0.,3.250000000001),.PIECEWISE_BEZIER_KNOTS.);
#224 = CARTESIAN_POINT('',(58.025,73.100000000003,4.8));
#225 = CARTESIAN_POINT('',(58.025,73.1,8.050000000001));
#226 = ORIENTED_EDGE('',*,*,#227,.T.);
#227 = EDGE_CURVE('',#221,#228,#230,.T.);
#228 = VERTEX_POINT('',#229);
#229 = CARTESIAN_POINT('',(58.025,74.1,8.050000000001));
#230 = B_SPLINE_CURVE_WITH_KNOTS('',1,(#231,#232),.UNSPECIFIED.,.F.,.F.,
  (2,2),(0.,1.),.PIECEWISE_BEZIER_KNOTS.);
#231 = CARTESIAN_POINT('',(58.025,73.1,8.050000000001));
#232 = CARTESIAN_POINT('',(58.025,74.1,8.050000000001));
#233 = ORIENTED_EDGE('',*,*,#234,.T.);
#234 = EDGE_CURVE('',#228,#235,#237,.T.);
#235 = VERTEX_POINT('',#236);
#236 = CARTESIAN_POINT('',(58.025,74.1,8.400000000001));
#237 = B_SPLINE_CURVE_WITH_KNOTS('',1,(#238,#239),.UNSPECIFIED.,.F.,.F.,
  (2,2),(0.,0.35),.PIECEWISE_BEZIER_KNOTS.);
#238 = CARTESIAN_POINT('',(58.025,74.1,8.050000000001));
#239 = CARTESIAN_POINT('',(58.025,74.1,8.400000000001));
#240 = ORIENTED_EDGE('',*,*,#241,.T.);
#241 = EDGE_CURVE('',#235,#242,#244,.T.);
#242 = VERTEX_POINT('',#243);
#243 = CARTESIAN_POINT('',(58.025,73.7,8.800000000001));
#244 = B_SPLINE_CURVE_WITH_KNOTS('',1,(#245,#246),.UNSPECIFIED.,.F.,.F.,
  (2,2),(-0.565685424949,0.),.PIECEWISE_BEZIER_KNOTS.);
#245 = CARTESIAN_POINT('',(58.025,74.1,8.400000000001));
#246 = CARTESIAN_POINT('',(58.025,73.7,8.800000000001));
#247 = ORIENTED_EDGE('',*,*,#248,.T.);
#248 = EDGE_CURVE('',#242,#249,#251,.T.);
#249 = VERTEX_POINT('',#250);
#250 = CARTESIAN_POINT('',(58.025,72.4,8.800000000001));
#251 = B_SPLINE_CURVE_WITH_KNOTS('',1,(#252,#253),.UNSPECIFIED.,.F.,.F.,
  (2,2),(0.,1.3),.PIECEWISE_BEZIER_KNOTS.);
#252 = CARTESIAN_POINT('',(58.025,73.7,8.800000000001));
#253 = CARTESIAN_POINT('',(58.025,72.4,8.800000000001));
#254 = ORIENTED_EDGE('',*,*,#255,.T.);
#255 = EDGE_CURVE('',#249,#256,#258,.T.);
#256 = VERTEX_POINT('',#257);
#257 = CARTESIAN_POINT('',(58.025,72.4,10.));
#258 = B_SPLINE_CURVE_WITH_KNOTS('',1,(#259,#260),.UNSPECIFIED.,.F.,.F.,
  (2,2),(0.,1.2),.PIECEWISE_BEZIER_KNOTS.);
#259 = CARTESIAN_POINT('',(58.025,72.4,8.800000000001));
#260 = CARTESIAN_POINT('',(58.025,72.4,10.));
#261 = ORIENTED_EDGE('',*,*,#262,.T.);
#262 = EDGE_CURVE('',#256,#263,#265,.T.);
#263 = VERTEX_POINT('',#264);
#264 = CARTESIAN_POINT('',(58.025,70.5,10.));
#265 = B_SPLINE_CURVE_WITH_KNOTS('',1,(#266,#267),.UNSPECIFIED.,.F.,.F.,
  (2,2),(0.,1.9),.PIECEWISE_BEZIER_KNOTS.);
#266 = CARTESIAN_POINT('',(58.025,72.4,10.));
#267 = CARTESIAN_POINT('',(58.025,70.5,10.));
#268 = ORIENTED_EDGE('',*,*,#269,.T.);
#269 = EDGE_CURVE('',#263,#270,#272,.T.);
#270 = VERTEX_POINT('',#271);
#271 = CARTESIAN_POINT('',(58.025,70.5,8.000000000001));
#272 = B_SPLINE_CURVE_WITH_KNOTS('',1,(#273,#274),.UNSPECIFIED.,.F.,.F.,
  (2,2),(0.,2.),.PIECEWISE_BEZIER_KNOTS.);
#273 = CARTESIAN_POINT('',(58.025,70.5,10.));
#274 = CARTESIAN_POINT('',(58.025,70.5,8.000000000001));
#275 = ORIENTED_EDGE('',*,*,#276,.T.);
#276 = EDGE_CURVE('',#270,#277,#279,.T.);
#277 = VERTEX_POINT('',#278);
#278 = CARTESIAN_POINT('',(58.025,65.9,8.000000000001));
#279 = B_SPLINE_CURVE_WITH_KNOTS('',1,(#280,#281),.UNSPECIFIED.,.F.,.F.,
  (2,2),(0.,4.6),.PIECEWISE_BEZIER_KNOTS.);
#280 = CARTESIAN_POINT('',(58.025,70.5,8.000000000001));
#281 = CARTESIAN_POINT('',(58.025,65.9,8.000000000001));
#282 = ORIENTED_EDGE('',*,*,#283,.T.);
#283 = EDGE_CURVE('',#277,#284,#286,.T.);
#284 = VERTEX_POINT('',#285);
#285 = CARTESIAN_POINT('',(58.025,65.9,10.));
#286 = B_SPLINE_CURVE_WITH_KNOTS('',1,(#287,#288),.UNSPECIFIED.,.F.,.F.,
  (2,2),(0.,2.),.PIECEWISE_BEZIER_KNOTS.);
#287 = CARTESIAN_POINT('',(58.025,65.9,8.000000000001));
#288 = CARTESIAN_POINT('',(58.025,65.9,10.));
#289 = ORIENTED_EDGE('',*,*,#290,.T.);
#290 = EDGE_CURVE('',#284,#163,#291,.T.);
#291 = B_SPLINE_CURVE_WITH_KNOTS('',1,(#292,#293),.UNSPECIFIED.,.F.,.F.,
  (2,2),(0.,1.3),.PIECEWISE_BEZIER_KNOTS.);
#292 = CARTESIAN_POINT('',(58.025,65.9,10.));
#293 = CARTESIAN_POINT('',(58.025,64.6,10.));
#294 = PLANE('',#295);
#295 = AXIS2_PLACEMENT_3D('',#296,#297,#298);
#296 = CARTESIAN_POINT('',(58.025,63.798,4.747999999991));
#297 = DIRECTION('',(1.,0.,0.));
#298 = DIRECTION('',(-0.,0.,1.));
#299 = ADVANCED_FACE('',(#300),#352,.T.);
#300 = FACE_BOUND('',#301,.T.);
#301 = EDGE_LOOP('',(#302,#311,#319,#326,#333,#340,#347));
#302 = ORIENTED_EDGE('',*,*,#303,.T.);
#303 = EDGE_CURVE('',#304,#306,#308,.T.);
#304 = VERTEX_POINT('',#305);
#305 = CARTESIAN_POINT('',(56.625,74.1,8.050000000001));
#306 = VERTEX_POINT('',#307);
#307 = CARTESIAN_POINT('',(56.625,73.6,8.05));
#308 = B_SPLINE_CURVE_WITH_KNOTS('',1,(#309,#310),.UNSPECIFIED.,.F.,.F.,
  (2,2),(0.965685424949,1.465685424949),.PIECEWISE_BEZIER_KNOTS.);
#309 = CARTESIAN_POINT('',(56.625,74.1,8.050000000001));
#310 = CARTESIAN_POINT('',(56.625,73.6,8.05));
#311 = ORIENTED_EDGE('',*,*,#312,.T.);
#312 = EDGE_CURVE('',#306,#313,#315,.T.);
#313 = VERTEX_POINT('',#314);
#314 = CARTESIAN_POINT('',(56.625,73.6,5.6));
#315 = B_SPLINE_CURVE_WITH_KNOTS('',1,(#316,#317,#318),.UNSPECIFIED.,.F.
  ,.F.,(2,1,2),(0.,4.999999999912E-02,2.45),.UNSPECIFIED.);
#316 = CARTESIAN_POINT('',(56.625,73.6,8.05));
#317 = CARTESIAN_POINT('',(56.625,73.6,8.000000000001));
#318 = CARTESIAN_POINT('',(56.625,73.6,5.6));
#319 = ORIENTED_EDGE('',*,*,#320,.F.);
#320 = EDGE_CURVE('',#321,#313,#323,.T.);
#321 = VERTEX_POINT('',#322);
#322 = CARTESIAN_POINT('',(56.625,72.4,5.6));
#323 = B_SPLINE_CURVE_WITH_KNOTS('',1,(#324,#325),.UNSPECIFIED.,.F.,.F.,
  (2,2),(1.5,2.7),.PIECEWISE_BEZIER_KNOTS.);
#324 = CARTESIAN_POINT('',(56.625,72.4,5.6));
#325 = CARTESIAN_POINT('',(56.625,73.6,5.6));
#326 = ORIENTED_EDGE('',*,*,#327,.T.);
#327 = EDGE_CURVE('',#321,#328,#330,.T.);
#328 = VERTEX_POINT('',#329);
#329 = CARTESIAN_POINT('',(56.625,72.4,8.800000000001));
#330 = B_SPLINE_CURVE_WITH_KNOTS('',1,(#331,#332),.UNSPECIFIED.,.F.,.F.,
  (2,2),(0.8,4.000000000001),.PIECEWISE_BEZIER_KNOTS.);
#331 = CARTESIAN_POINT('',(56.625,72.4,5.6));
#332 = CARTESIAN_POINT('',(56.625,72.4,8.800000000001));
#333 = ORIENTED_EDGE('',*,*,#334,.T.);
#334 = EDGE_CURVE('',#328,#335,#337,.T.);
#335 = VERTEX_POINT('',#336);
#336 = CARTESIAN_POINT('',(56.625,73.7,8.800000000001));
#337 = B_SPLINE_CURVE_WITH_KNOTS('',1,(#338,#339),.UNSPECIFIED.,.F.,.F.,
  (2,2),(9.86568542495,11.16568542495),.PIECEWISE_BEZIER_KNOTS.);
#338 = CARTESIAN_POINT('',(56.625,72.4,8.800000000001));
#339 = CARTESIAN_POINT('',(56.625,73.7,8.800000000001));
#340 = ORIENTED_EDGE('',*,*,#341,.T.);
#341 = EDGE_CURVE('',#335,#342,#344,.T.);
#342 = VERTEX_POINT('',#343);
#343 = CARTESIAN_POINT('',(56.625,74.1,8.400000000001));
#344 = B_SPLINE_CURVE_WITH_KNOTS('',1,(#345,#346),.UNSPECIFIED.,.F.,.F.,
  (2,2),(0.,0.565685424949),.PIECEWISE_BEZIER_KNOTS.);
#345 = CARTESIAN_POINT('',(56.625,73.7,8.800000000001));
#346 = CARTESIAN_POINT('',(56.625,74.1,8.400000000001));
#347 = ORIENTED_EDGE('',*,*,#348,.T.);
#348 = EDGE_CURVE('',#342,#304,#349,.T.);
#349 = B_SPLINE_CURVE_WITH_KNOTS('',1,(#350,#351),.UNSPECIFIED.,.F.,.F.,
  (2,2),(0.565685424949,0.915685424949),.PIECEWISE_BEZIER_KNOTS.);
#350 = CARTESIAN_POINT('',(56.625,74.1,8.400000000001));
#351 = CARTESIAN_POINT('',(56.625,74.1,8.050000000001));
#352 = PLANE('',#353);
#353 = AXIS2_PLACEMENT_3D('',#354,#355,#356);
#354 = CARTESIAN_POINT('',(56.625,72.4,4.8));
#355 = DIRECTION('',(-1.,0.,0.));
#356 = DIRECTION('',(0.,0.,-1.));
#357 = ADVANCED_FACE('',(#358),#372,.T.);
#358 = FACE_BOUND('',#359,.T.);
#359 = EDGE_LOOP('',(#360,#365,#366,#371));
#360 = ORIENTED_EDGE('',*,*,#361,.T.);
#361 = EDGE_CURVE('',#228,#304,#362,.T.);
#362 = B_SPLINE_CURVE_WITH_KNOTS('',1,(#363,#364),.UNSPECIFIED.,.F.,.F.,
  (2,2),(0.,1.4),.PIECEWISE_BEZIER_KNOTS.);
#363 = CARTESIAN_POINT('',(58.025,74.1,8.050000000001));
#364 = CARTESIAN_POINT('',(56.625,74.1,8.050000000001));
#365 = ORIENTED_EDGE('',*,*,#348,.F.);
#366 = ORIENTED_EDGE('',*,*,#367,.F.);
#367 = EDGE_CURVE('',#235,#342,#368,.T.);
#368 = B_SPLINE_CURVE_WITH_KNOTS('',1,(#369,#370),.UNSPECIFIED.,.F.,.F.,
  (2,2),(0.,1.4),.PIECEWISE_BEZIER_KNOTS.);
#369 = CARTESIAN_POINT('',(58.025,74.1,8.400000000001));
#370 = CARTESIAN_POINT('',(56.625,74.1,8.400000000001));
#371 = ORIENTED_EDGE('',*,*,#234,.F.);
#372 = PLANE('',#373);
#373 = AXIS2_PLACEMENT_3D('',#374,#375,#376);
#374 = CARTESIAN_POINT('',(58.025,74.1,8.400000000001));
#375 = DIRECTION('',(0.,1.,0.));
#376 = DIRECTION('',(0.,-0.,1.));
#377 = ADVANCED_FACE('',(#378),#430,.T.);
#378 = FACE_BOUND('',#379,.T.);
#379 = EDGE_LOOP('',(#380,#389,#396,#403,#410,#417,#425));
#380 = ORIENTED_EDGE('',*,*,#381,.F.);
#381 = EDGE_CURVE('',#382,#384,#386,.T.);
#382 = VERTEX_POINT('',#383);
#383 = CARTESIAN_POINT('',(53.625,74.1,8.400000000001));
#384 = VERTEX_POINT('',#385);
#385 = CARTESIAN_POINT('',(53.625,74.1,8.050000000001));
#386 = B_SPLINE_CURVE_WITH_KNOTS('',1,(#387,#388),.UNSPECIFIED.,.F.,.F.,
  (2,2),(0.565685424949,0.915685424949),.PIECEWISE_BEZIER_KNOTS.);
#387 = CARTESIAN_POINT('',(53.625,74.1,8.400000000001));
#388 = CARTESIAN_POINT('',(53.625,74.1,8.050000000001));
#389 = ORIENTED_EDGE('',*,*,#390,.F.);
#390 = EDGE_CURVE('',#391,#382,#393,.T.);
#391 = VERTEX_POINT('',#392);
#392 = CARTESIAN_POINT('',(53.625,73.7,8.800000000001));
#393 = B_SPLINE_CURVE_WITH_KNOTS('',1,(#394,#395),.UNSPECIFIED.,.F.,.F.,
  (2,2),(0.,0.565685424949),.PIECEWISE_BEZIER_KNOTS.);
#394 = CARTESIAN_POINT('',(53.625,73.7,8.800000000001));
#395 = CARTESIAN_POINT('',(53.625,74.1,8.400000000001));
#396 = ORIENTED_EDGE('',*,*,#397,.F.);
#397 = EDGE_CURVE('',#398,#391,#400,.T.);
#398 = VERTEX_POINT('',#399);
#399 = CARTESIAN_POINT('',(53.625,72.4,8.800000000001));
#400 = B_SPLINE_CURVE_WITH_KNOTS('',1,(#401,#402),.UNSPECIFIED.,.F.,.F.,
  (2,2),(9.86568542495,11.16568542495),.PIECEWISE_BEZIER_KNOTS.);
#401 = CARTESIAN_POINT('',(53.625,72.4,8.800000000001));
#402 = CARTESIAN_POINT('',(53.625,73.7,8.800000000001));
#403 = ORIENTED_EDGE('',*,*,#404,.F.);
#404 = EDGE_CURVE('',#405,#398,#407,.T.);
#405 = VERTEX_POINT('',#406);
#406 = CARTESIAN_POINT('',(53.625,72.4,5.6));
#407 = B_SPLINE_CURVE_WITH_KNOTS('',1,(#408,#409),.UNSPECIFIED.,.F.,.F.,
  (2,2),(0.8,4.000000000001),.PIECEWISE_BEZIER_KNOTS.);
#408 = CARTESIAN_POINT('',(53.625,72.4,5.6));
#409 = CARTESIAN_POINT('',(53.625,72.4,8.800000000001));
#410 = ORIENTED_EDGE('',*,*,#411,.T.);
#411 = EDGE_CURVE('',#405,#412,#414,.T.);
#412 = VERTEX_POINT('',#413);
#413 = CARTESIAN_POINT('',(53.625,73.6,5.6));
#414 = B_SPLINE_CURVE_WITH_KNOTS('',1,(#415,#416),.UNSPECIFIED.,.F.,.F.,
  (2,2),(1.5,2.7),.PIECEWISE_BEZIER_KNOTS.);
#415 = CARTESIAN_POINT('',(53.625,72.4,5.6));
#416 = CARTESIAN_POINT('',(53.625,73.6,5.6));
#417 = ORIENTED_EDGE('',*,*,#418,.F.);
#418 = EDGE_CURVE('',#419,#412,#421,.T.);
#419 = VERTEX_POINT('',#420);
#420 = CARTESIAN_POINT('',(53.625,73.6,8.050000000001));
#421 = B_SPLINE_CURVE_WITH_KNOTS('',1,(#422,#423,#424),.UNSPECIFIED.,.F.
  ,.F.,(2,1,2),(0.,5.E-02,2.450000000001),.UNSPECIFIED.);
#422 = CARTESIAN_POINT('',(53.625,73.6,8.050000000001));
#423 = CARTESIAN_POINT('',(53.625,73.6,8.000000000001));
#424 = CARTESIAN_POINT('',(53.625,73.6,5.6));
#425 = ORIENTED_EDGE('',*,*,#426,.F.);
#426 = EDGE_CURVE('',#384,#419,#427,.T.);
#427 = B_SPLINE_CURVE_WITH_KNOTS('',1,(#428,#429),.UNSPECIFIED.,.F.,.F.,
  (2,2),(0.965685424949,1.465685424949),.PIECEWISE_BEZIER_KNOTS.);
#428 = CARTESIAN_POINT('',(53.625,74.1,8.050000000001));
#429 = CARTESIAN_POINT('',(53.625,73.6,8.050000000001));
#430 = PLANE('',#431);
#431 = AXIS2_PLACEMENT_3D('',#432,#433,#434);
#432 = CARTESIAN_POINT('',(53.625,72.4,4.8));
#433 = DIRECTION('',(1.,0.,0.));
#434 = DIRECTION('',(-0.,0.,1.));
#435 = ADVANCED_FACE('',(#436),#450,.T.);
#436 = FACE_BOUND('',#437,.T.);
#437 = EDGE_LOOP('',(#438,#443,#444,#449));
#438 = ORIENTED_EDGE('',*,*,#439,.T.);
#439 = EDGE_CURVE('',#384,#80,#440,.T.);
#440 = B_SPLINE_CURVE_WITH_KNOTS('',1,(#441,#442),.UNSPECIFIED.,.F.,.F.,
  (2,2),(0.,1.4),.PIECEWISE_BEZIER_KNOTS.);
#441 = CARTESIAN_POINT('',(53.625,74.1,8.050000000001));
#442 = CARTESIAN_POINT('',(52.225,74.1,8.050000000001));
#443 = ORIENTED_EDGE('',*,*,#79,.T.);
#444 = ORIENTED_EDGE('',*,*,#445,.F.);
#445 = EDGE_CURVE('',#382,#73,#446,.T.);
#446 = B_SPLINE_CURVE_WITH_KNOTS('',1,(#447,#448),.UNSPECIFIED.,.F.,.F.,
  (2,2),(0.,1.4),.PIECEWISE_BEZIER_KNOTS.);
#447 = CARTESIAN_POINT('',(53.625,74.1,8.400000000001));
#448 = CARTESIAN_POINT('',(52.225,74.1,8.400000000001));
#449 = ORIENTED_EDGE('',*,*,#381,.T.);
#450 = PLANE('',#451);
#451 = AXIS2_PLACEMENT_3D('',#452,#453,#454);
#452 = CARTESIAN_POINT('',(53.625,74.1,8.400000000001));
#453 = DIRECTION('',(0.,1.,0.));
#454 = DIRECTION('',(0.,-0.,1.));
#455 = ADVANCED_FACE('',(#456),#485,.T.);
#456 = FACE_BOUND('',#457,.T.);
#457 = EDGE_LOOP('',(#458,#459,#466,#473,#480));
#458 = ORIENTED_EDGE('',*,*,#418,.T.);
#459 = ORIENTED_EDGE('',*,*,#460,.T.);
#460 = EDGE_CURVE('',#412,#461,#463,.T.);
#461 = VERTEX_POINT('',#462);
#462 = CARTESIAN_POINT('',(53.625000000001,73.600000000002,4.8));
#463 = B_SPLINE_CURVE_WITH_KNOTS('',1,(#464,#465),.UNSPECIFIED.,.F.,.F.,
  (2,2),(2.450000000001,3.250000000001),.PIECEWISE_BEZIER_KNOTS.);
#464 = CARTESIAN_POINT('',(53.625000000002,73.600000000002,5.6));
#465 = CARTESIAN_POINT('',(53.625000000003,73.600000000003,4.8));
#466 = ORIENTED_EDGE('',*,*,#467,.T.);
#467 = EDGE_CURVE('',#461,#468,#470,.T.);
#468 = VERTEX_POINT('',#469);
#469 = CARTESIAN_POINT('',(52.725000000003,73.600000000003,4.8));
#470 = B_SPLINE_CURVE_WITH_KNOTS('',1,(#471,#472),.UNSPECIFIED.,.F.,.F.,
  (2,2),(0.,0.9),.PIECEWISE_BEZIER_KNOTS.);
#471 = CARTESIAN_POINT('',(53.625000000003,73.600000000003,4.8));
#472 = CARTESIAN_POINT('',(52.725000000003,73.600000000003,
    4.799999999999));
#473 = ORIENTED_EDGE('',*,*,#474,.F.);
#474 = EDGE_CURVE('',#475,#468,#477,.T.);
#475 = VERTEX_POINT('',#476);
#476 = CARTESIAN_POINT('',(52.725,73.6,8.05));
#477 = B_SPLINE_CURVE_WITH_KNOTS('',1,(#478,#479),.UNSPECIFIED.,.F.,.F.,
  (2,2),(0.,3.250000000001),.PIECEWISE_BEZIER_KNOTS.);
#478 = CARTESIAN_POINT('',(52.725,73.6,8.05));
#479 = CARTESIAN_POINT('',(52.725000000003,73.600000000003,
    4.799999999999));
#480 = ORIENTED_EDGE('',*,*,#481,.F.);
#481 = EDGE_CURVE('',#419,#475,#482,.T.);
#482 = B_SPLINE_CURVE_WITH_KNOTS('',1,(#483,#484),.UNSPECIFIED.,.F.,.F.,
  (2,2),(0.,0.9),.PIECEWISE_BEZIER_KNOTS.);
#483 = CARTESIAN_POINT('',(53.625,73.6,8.050000000001));
#484 = CARTESIAN_POINT('',(52.725,73.6,8.05));
#485 = PLANE('',#486);
#486 = AXIS2_PLACEMENT_3D('',#487,#488,#489);
#487 = CARTESIAN_POINT('',(53.625,73.6,8.050000000001));
#488 = DIRECTION('',(0.,1.,0.));
#489 = DIRECTION('',(0.,-0.,1.));
#490 = ADVANCED_FACE('',(#491),#507,.T.);
#491 = FACE_BOUND('',#492,.T.);
#492 = EDGE_LOOP('',(#493,#494,#500,#501));
#493 = ORIENTED_EDGE('',*,*,#474,.T.);
#494 = ORIENTED_EDGE('',*,*,#495,.T.);
#495 = EDGE_CURVE('',#468,#94,#496,.T.);
#496 = ( BOUNDED_CURVE() B_SPLINE_CURVE(2,(#497,#498,#499),
.UNSPECIFIED.,.F.,.F.) B_SPLINE_CURVE_WITH_KNOTS((3,3),(0.,1.),
.PIECEWISE_BEZIER_KNOTS.) CURVE() GEOMETRIC_REPRESENTATION_ITEM() 
RATIONAL_B_SPLINE_CURVE((1.,0.707106781186,1.)) REPRESENTATION_ITEM('') 
  );
#497 = CARTESIAN_POINT('',(52.725000000003,73.600000000003,4.8));
#498 = CARTESIAN_POINT('',(52.225000000003,73.600000000003,4.8));
#499 = CARTESIAN_POINT('',(52.225000000003,73.100000000003,
    4.799999999999));
#500 = ORIENTED_EDGE('',*,*,#93,.T.);
#501 = ORIENTED_EDGE('',*,*,#502,.F.);
#502 = EDGE_CURVE('',#475,#87,#503,.T.);
#503 = ( BOUNDED_CURVE() B_SPLINE_CURVE(2,(#504,#505,#506),
.UNSPECIFIED.,.F.,.F.) B_SPLINE_CURVE_WITH_KNOTS((3,3),(0.,1.),
.PIECEWISE_BEZIER_KNOTS.) CURVE() GEOMETRIC_REPRESENTATION_ITEM() 
RATIONAL_B_SPLINE_CURVE((1.,0.707106781186,1.)) REPRESENTATION_ITEM('') 
  );
#504 = CARTESIAN_POINT('',(52.725,73.6,8.050000000001));
#505 = CARTESIAN_POINT('',(52.225,73.6,8.05));
#506 = CARTESIAN_POINT('',(52.225,73.1,8.05));
#507 = CYLINDRICAL_SURFACE('',#508,0.5);
#508 = AXIS2_PLACEMENT_3D('',#509,#510,#511);
#509 = CARTESIAN_POINT('',(52.725000000002,73.100000000002,6.425));
#510 = DIRECTION('',(-9.848374801223E-13,-9.762604705757E-13,1.));
#511 = DIRECTION('',(1.,0.,9.848374801223E-13));
#512 = ADVANCED_FACE('',(#513),#542,.T.);
#513 = FACE_BOUND('',#514,.T.);
#514 = EDGE_LOOP('',(#515,#524,#531,#536,#537));
#515 = ORIENTED_EDGE('',*,*,#516,.T.);
#516 = EDGE_CURVE('',#517,#519,#521,.T.);
#517 = VERTEX_POINT('',#518);
#518 = CARTESIAN_POINT('',(57.525,73.6,8.050000000001));
#519 = VERTEX_POINT('',#520);
#520 = CARTESIAN_POINT('',(57.525000000003,73.600000000003,4.8));
#521 = B_SPLINE_CURVE_WITH_KNOTS('',1,(#522,#523),.UNSPECIFIED.,.F.,.F.,
  (2,2),(0.,3.250000000001),.PIECEWISE_BEZIER_KNOTS.);
#522 = CARTESIAN_POINT('',(57.525,73.6,8.050000000001));
#523 = CARTESIAN_POINT('',(57.525000000003,73.600000000003,4.8));
#524 = ORIENTED_EDGE('',*,*,#525,.T.);
#525 = EDGE_CURVE('',#519,#526,#528,.T.);
#526 = VERTEX_POINT('',#527);
#527 = CARTESIAN_POINT('',(56.625000000001,73.600000000002,4.8));
#528 = B_SPLINE_CURVE_WITH_KNOTS('',1,(#529,#530),.UNSPECIFIED.,.F.,.F.,
  (2,2),(0.5,1.4),.PIECEWISE_BEZIER_KNOTS.);
#529 = CARTESIAN_POINT('',(57.525000000003,73.600000000003,4.8));
#530 = CARTESIAN_POINT('',(56.625000000003,73.600000000003,
    4.799999999999));
#531 = ORIENTED_EDGE('',*,*,#532,.F.);
#532 = EDGE_CURVE('',#313,#526,#533,.T.);
#533 = B_SPLINE_CURVE_WITH_KNOTS('',1,(#534,#535),.UNSPECIFIED.,.F.,.F.,
  (2,2),(2.45,3.250000000001),.PIECEWISE_BEZIER_KNOTS.);
#534 = CARTESIAN_POINT('',(56.625000000002,73.600000000002,5.6));
#535 = CARTESIAN_POINT('',(56.625000000003,73.600000000003,
    4.799999999999));
#536 = ORIENTED_EDGE('',*,*,#312,.F.);
#537 = ORIENTED_EDGE('',*,*,#538,.F.);
#538 = EDGE_CURVE('',#517,#306,#539,.T.);
#539 = B_SPLINE_CURVE_WITH_KNOTS('',1,(#540,#541),.UNSPECIFIED.,.F.,.F.,
  (2,2),(0.5,1.4),.PIECEWISE_BEZIER_KNOTS.);
#540 = CARTESIAN_POINT('',(57.525,73.6,8.050000000001));
#541 = CARTESIAN_POINT('',(56.625,73.6,8.05));
#542 = PLANE('',#543);
#543 = AXIS2_PLACEMENT_3D('',#544,#545,#546);
#544 = CARTESIAN_POINT('',(57.525,73.6,8.050000000001));
#545 = DIRECTION('',(0.,1.,0.));
#546 = DIRECTION('',(0.,-0.,1.));
#547 = ADVANCED_FACE('',(#548),#564,.T.);
#548 = FACE_BOUND('',#549,.T.);
#549 = EDGE_LOOP('',(#550,#551,#557,#558));
#550 = ORIENTED_EDGE('',*,*,#220,.F.);
#551 = ORIENTED_EDGE('',*,*,#552,.T.);
#552 = EDGE_CURVE('',#214,#519,#553,.T.);
#553 = ( BOUNDED_CURVE() B_SPLINE_CURVE(2,(#554,#555,#556),
.UNSPECIFIED.,.F.,.F.) B_SPLINE_CURVE_WITH_KNOTS((3,3),(-1.,0.),
.PIECEWISE_BEZIER_KNOTS.) CURVE() GEOMETRIC_REPRESENTATION_ITEM() 
RATIONAL_B_SPLINE_CURVE((1.,0.707106781187,1.)) REPRESENTATION_ITEM('') 
  );
#554 = CARTESIAN_POINT('',(58.025000000003,73.100000000003,4.8));
#555 = CARTESIAN_POINT('',(58.025000000003,73.600000000003,4.8));
#556 = CARTESIAN_POINT('',(57.525000000003,73.600000000003,4.8));
#557 = ORIENTED_EDGE('',*,*,#516,.F.);
#558 = ORIENTED_EDGE('',*,*,#559,.F.);
#559 = EDGE_CURVE('',#221,#517,#560,.T.);
#560 = ( BOUNDED_CURVE() B_SPLINE_CURVE(2,(#561,#562,#563),
.UNSPECIFIED.,.F.,.F.) B_SPLINE_CURVE_WITH_KNOTS((3,3),(-1.,0.),
.PIECEWISE_BEZIER_KNOTS.) CURVE() GEOMETRIC_REPRESENTATION_ITEM() 
RATIONAL_B_SPLINE_CURVE((1.,0.707106781187,1.)) REPRESENTATION_ITEM('') 
  );
#561 = CARTESIAN_POINT('',(58.025,73.1,8.050000000001));
#562 = CARTESIAN_POINT('',(58.025,73.6,8.050000000001));
#563 = CARTESIAN_POINT('',(57.525,73.6,8.050000000001));
#564 = CYLINDRICAL_SURFACE('',#565,0.5);
#565 = AXIS2_PLACEMENT_3D('',#566,#567,#568);
#566 = CARTESIAN_POINT('',(57.525000000001,73.100000000002,6.425));
#567 = DIRECTION('',(-9.765230143442E-13,-9.747466575048E-13,1.));
#568 = DIRECTION('',(1.,0.,9.765230143442E-13));
#569 = ADVANCED_FACE('',(#570),#656,.T.);
#570 = FACE_BOUND('',#571,.T.);
#571 = EDGE_LOOP('',(#572,#581,#588,#595,#602,#609,#616,#623,#630,#637,
    #644,#651));
#572 = ORIENTED_EDGE('',*,*,#573,.T.);
#573 = EDGE_CURVE('',#574,#576,#578,.T.);
#574 = VERTEX_POINT('',#575);
#575 = CARTESIAN_POINT('',(57.525,65.22583302492,4.8));
#576 = VERTEX_POINT('',#577);
#577 = CARTESIAN_POINT('',(57.524999999999,64.399999999999,
    6.230384757733));
#578 = B_SPLINE_CURVE_WITH_KNOTS('',1,(#579,#580),.UNSPECIFIED.,.F.,.F.,
  (2,2),(5.773502691897E-02,1.709401076759),.PIECEWISE_BEZIER_KNOTS.);
#579 = CARTESIAN_POINT('',(57.525,65.22583302492,4.8));
#580 = CARTESIAN_POINT('',(57.525,64.4,6.23038475773));
#581 = ORIENTED_EDGE('',*,*,#582,.T.);
#582 = EDGE_CURVE('',#576,#583,#585,.T.);
#583 = VERTEX_POINT('',#584);
#584 = CARTESIAN_POINT('',(56.624999999999,64.399999999999,
    6.230384757733));
#585 = B_SPLINE_CURVE_WITH_KNOTS('',1,(#586,#587),.UNSPECIFIED.,.F.,.F.,
  (2,2),(0.5,1.4),.PIECEWISE_BEZIER_KNOTS.);
#586 = CARTESIAN_POINT('',(57.525,64.4,6.23038475773));
#587 = CARTESIAN_POINT('',(56.625,64.4,6.23038475773));
#588 = ORIENTED_EDGE('',*,*,#589,.T.);
#589 = EDGE_CURVE('',#583,#590,#592,.T.);
#590 = VERTEX_POINT('',#591);
#591 = CARTESIAN_POINT('',(56.625,64.792820323028,5.55));
#592 = B_SPLINE_CURVE_WITH_KNOTS('',1,(#593,#594),.UNSPECIFIED.,.F.,.F.,
  (2,2),(0.9,1.685640646056),.PIECEWISE_BEZIER_KNOTS.);
#593 = CARTESIAN_POINT('',(56.625,64.4,6.23038475773));
#594 = CARTESIAN_POINT('',(56.625,64.792820323028,5.55));
#595 = ORIENTED_EDGE('',*,*,#596,.F.);
#596 = EDGE_CURVE('',#597,#590,#599,.T.);
#597 = VERTEX_POINT('',#598);
#598 = CARTESIAN_POINT('',(56.125,64.792820323028,5.55));
#599 = B_SPLINE_CURVE_WITH_KNOTS('',1,(#600,#601),.UNSPECIFIED.,.F.,.F.,
  (2,2),(-0.5,0.),.PIECEWISE_BEZIER_KNOTS.);
#600 = CARTESIAN_POINT('',(56.125,64.792820323028,5.55));
#601 = CARTESIAN_POINT('',(56.625,64.792820323028,5.55));
#602 = ORIENTED_EDGE('',*,*,#603,.F.);
#603 = EDGE_CURVE('',#604,#597,#606,.T.);
#604 = VERTEX_POINT('',#605);
#605 = CARTESIAN_POINT('',(56.125,64.1,6.750000000001));
#606 = B_SPLINE_CURVE_WITH_KNOTS('',1,(#607,#608),.UNSPECIFIED.,.F.,.F.,
  (2,2),(0.3,1.685640646056),.PIECEWISE_BEZIER_KNOTS.);
#607 = CARTESIAN_POINT('',(56.125,64.1,6.750000000001));
#608 = CARTESIAN_POINT('',(56.125,64.792820323028,5.55));
#609 = ORIENTED_EDGE('',*,*,#610,.T.);
#610 = EDGE_CURVE('',#604,#611,#613,.T.);
#611 = VERTEX_POINT('',#612);
#612 = CARTESIAN_POINT('',(54.125,64.1,6.750000000001));
#613 = B_SPLINE_CURVE_WITH_KNOTS('',1,(#614,#615),.UNSPECIFIED.,.F.,.F.,
  (2,2),(0.,2.),.PIECEWISE_BEZIER_KNOTS.);
#614 = CARTESIAN_POINT('',(56.125,64.1,6.750000000001));
#615 = CARTESIAN_POINT('',(54.125,64.1,6.750000000001));
#616 = ORIENTED_EDGE('',*,*,#617,.T.);
#617 = EDGE_CURVE('',#611,#618,#620,.T.);
#618 = VERTEX_POINT('',#619);
#619 = CARTESIAN_POINT('',(54.125,64.792820323028,5.55));
#620 = B_SPLINE_CURVE_WITH_KNOTS('',1,(#621,#622),.UNSPECIFIED.,.F.,.F.,
  (2,2),(0.,1.385640646056),.PIECEWISE_BEZIER_KNOTS.);
#621 = CARTESIAN_POINT('',(54.125,64.1,6.750000000001));
#622 = CARTESIAN_POINT('',(54.125,64.792820323028,5.55));
#623 = ORIENTED_EDGE('',*,*,#624,.F.);
#624 = EDGE_CURVE('',#625,#618,#627,.T.);
#625 = VERTEX_POINT('',#626);
#626 = CARTESIAN_POINT('',(53.625,64.792820323028,5.55));
#627 = B_SPLINE_CURVE_WITH_KNOTS('',1,(#628,#629),.UNSPECIFIED.,.F.,.F.,
  (2,2),(-0.5,0.),.PIECEWISE_BEZIER_KNOTS.);
#628 = CARTESIAN_POINT('',(53.625,64.792820323028,5.55));
#629 = CARTESIAN_POINT('',(54.125,64.792820323028,5.55));
#630 = ORIENTED_EDGE('',*,*,#631,.F.);
#631 = EDGE_CURVE('',#632,#625,#634,.T.);
#632 = VERTEX_POINT('',#633);
#633 = CARTESIAN_POINT('',(53.624999999999,64.399999999999,
    6.230384757732));
#634 = B_SPLINE_CURVE_WITH_KNOTS('',1,(#635,#636),.UNSPECIFIED.,.F.,.F.,
  (2,2),(0.9,1.685640646056),.PIECEWISE_BEZIER_KNOTS.);
#635 = CARTESIAN_POINT('',(53.625,64.4,6.23038475773));
#636 = CARTESIAN_POINT('',(53.625,64.792820323028,5.55));
#637 = ORIENTED_EDGE('',*,*,#638,.T.);
#638 = EDGE_CURVE('',#632,#639,#641,.T.);
#639 = VERTEX_POINT('',#640);
#640 = CARTESIAN_POINT('',(52.724999999999,64.399999999999,
    6.230384757733));
#641 = B_SPLINE_CURVE_WITH_KNOTS('',1,(#642,#643),.UNSPECIFIED.,.F.,.F.,
  (2,2),(4.4,5.3),.PIECEWISE_BEZIER_KNOTS.);
#642 = CARTESIAN_POINT('',(53.625,64.4,6.23038475773));
#643 = CARTESIAN_POINT('',(52.725,64.4,6.23038475773));
#644 = ORIENTED_EDGE('',*,*,#645,.F.);
#645 = EDGE_CURVE('',#646,#639,#648,.T.);
#646 = VERTEX_POINT('',#647);
#647 = CARTESIAN_POINT('',(52.725,65.22583302492,4.8));
#648 = B_SPLINE_CURVE_WITH_KNOTS('',1,(#649,#650),.UNSPECIFIED.,.F.,.F.,
  (2,2),(5.773502691896E-02,1.709401076759),.PIECEWISE_BEZIER_KNOTS.);
#649 = CARTESIAN_POINT('',(52.725,65.22583302492,4.8));
#650 = CARTESIAN_POINT('',(52.725,64.4,6.23038475773));
#651 = ORIENTED_EDGE('',*,*,#652,.F.);
#652 = EDGE_CURVE('',#574,#646,#653,.T.);
#653 = B_SPLINE_CURVE_WITH_KNOTS('',1,(#654,#655),.UNSPECIFIED.,.F.,.F.,
  (2,2),(-9.16,-4.36),.PIECEWISE_BEZIER_KNOTS.);
#654 = CARTESIAN_POINT('',(57.525,65.22583302492,4.8));
#655 = CARTESIAN_POINT('',(52.725,65.22583302492,4.8));
#656 = PLANE('',#657);
#657 = AXIS2_PLACEMENT_3D('',#658,#659,#660);
#658 = CARTESIAN_POINT('',(58.025,64.1,6.750000000001));
#659 = DIRECTION('',(-2.775557561563E-17,-0.866025403784,-0.5));
#660 = DIRECTION('',(0.,0.5,-0.866025403784));
#661 = ADVANCED_FACE('',(#662),#690,.T.);
#662 = FACE_BOUND('',#663,.T.);
#663 = EDGE_LOOP('',(#664,#673,#674,#689));
#664 = ORIENTED_EDGE('',*,*,#665,.T.);
#665 = EDGE_CURVE('',#101,#646,#666,.T.);
#666 = B_SPLINE_CURVE_WITH_KNOTS('',3,(#667,#668,#669,#670,#671,#672),
  .UNSPECIFIED.,.F.,.F.,(4,2,4),(0.,0.430006855803,0.869949164673),
  .UNSPECIFIED.);
#667 = CARTESIAN_POINT('',(52.225,65.80318329411,4.8));
#668 = CARTESIAN_POINT('',(52.225,65.663370056018,4.8));
#669 = CARTESIAN_POINT('',(52.269240895345,65.522494334859,4.8));
#670 = CARTESIAN_POINT('',(52.446796974715,65.29960311261,4.8));
#671 = CARTESIAN_POINT('',(52.578085845688,65.22583302492,4.8));
#672 = CARTESIAN_POINT('',(52.725,65.22583302492,4.8));
#673 = ORIENTED_EDGE('',*,*,#645,.T.);
#674 = ORIENTED_EDGE('',*,*,#675,.T.);
#675 = EDGE_CURVE('',#639,#108,#676,.T.);
#676 = B_SPLINE_CURVE_WITH_KNOTS('',3,(#677,#678,#679,#680,#681,#682,
    #683,#684,#685,#686,#687,#688),.UNSPECIFIED.,.F.,.F.,(4,1,1,1,1,1,1,
    1,1,4),(0.,8.096286090352E-02,0.166528143681,0.25592172113,
    0.348050970302,0.44153801611,0.53481822297,0.62629446618,
    0.714509920191,0.79829074258),.UNSPECIFIED.);
#677 = CARTESIAN_POINT('',(52.725,64.4,6.23038475773));
#678 = CARTESIAN_POINT('',(52.698012379699,64.4,6.23038475773));
#679 = CARTESIAN_POINT('',(52.642393903805,64.404516580086,
    6.231594971717));
#680 = CARTESIAN_POINT('',(52.559459323424,64.425502216253,6.23721805598
    ));
#681 = CARTESIAN_POINT('',(52.478287928875,64.461985194501,
    6.246993640539));
#682 = CARTESIAN_POINT('',(52.403203769307,64.513657547579,
    6.260839205817));
#683 = CARTESIAN_POINT('',(52.33829082739,64.578648023616,6.278253351387
    ));
#684 = CARTESIAN_POINT('',(52.286751553629,64.653712844889,
    6.298366909628));
#685 = CARTESIAN_POINT('',(52.250403106571,64.7347724678,6.320086770125)
  );
#686 = CARTESIAN_POINT('',(52.229486698868,64.817550836609,
    6.342267167199));
#687 = CARTESIAN_POINT('',(52.225021429379,64.873024654577,
    6.357131331924));
#688 = CARTESIAN_POINT('',(52.225,64.9,6.364359353945));
#689 = ORIENTED_EDGE('',*,*,#107,.F.);
#690 = CYLINDRICAL_SURFACE('',#691,0.5);
#691 = AXIS2_PLACEMENT_3D('',#692,#693,#694);
#692 = CARTESIAN_POINT('',(52.725,65.33253175473,5.615192378867));
#693 = DIRECTION('',(4.2433414574E-12,0.500000000004,-0.866025403782));
#694 = DIRECTION('',(0.,-0.866025403782,-0.500000000004));
#695 = ADVANCED_FACE('',(#696),#724,.T.);
#696 = FACE_BOUND('',#697,.T.);
#697 = EDGE_LOOP('',(#698,#699,#714,#715));
#698 = ORIENTED_EDGE('',*,*,#206,.T.);
#699 = ORIENTED_EDGE('',*,*,#700,.F.);
#700 = EDGE_CURVE('',#576,#200,#701,.T.);
#701 = B_SPLINE_CURVE_WITH_KNOTS('',3,(#702,#703,#704,#705,#706,#707,
    #708,#709,#710,#711,#712,#713),.UNSPECIFIED.,.F.,.F.,(4,1,1,1,1,1,1,
    1,1,4),(0.,8.096286090346E-02,0.166528143681,0.25592172113,
    0.348050970302,0.44153801611,0.53481822297,0.62629446618,
    0.71450992019,0.79829074258),.UNSPECIFIED.);
#702 = CARTESIAN_POINT('',(57.525,64.4,6.23038475773));
#703 = CARTESIAN_POINT('',(57.551987620301,64.4,6.23038475773));
#704 = CARTESIAN_POINT('',(57.607606096195,64.404516580086,
    6.231594971717));
#705 = CARTESIAN_POINT('',(57.690540676576,64.425502216253,6.23721805598
    ));
#706 = CARTESIAN_POINT('',(57.771712071125,64.461985194501,
    6.246993640539));
#707 = CARTESIAN_POINT('',(57.846796230693,64.513657547579,
    6.260839205817));
#708 = CARTESIAN_POINT('',(57.91170917261,64.578648023616,6.278253351387
    ));
#709 = CARTESIAN_POINT('',(57.963248446371,64.653712844889,
    6.298366909627));
#710 = CARTESIAN_POINT('',(57.999596893429,64.7347724678,6.320086770125)
  );
#711 = CARTESIAN_POINT('',(58.020513301132,64.817550836609,
    6.342267167198));
#712 = CARTESIAN_POINT('',(58.024978570621,64.873024654577,
    6.357131331924));
#713 = CARTESIAN_POINT('',(58.025,64.9,6.364359353945));
#714 = ORIENTED_EDGE('',*,*,#573,.F.);
#715 = ORIENTED_EDGE('',*,*,#716,.F.);
#716 = EDGE_CURVE('',#207,#574,#717,.T.);
#717 = B_SPLINE_CURVE_WITH_KNOTS('',3,(#718,#719,#720,#721,#722,#723),
  .UNSPECIFIED.,.F.,.F.,(4,2,4),(0.,0.430006855803,0.869949164673),
  .UNSPECIFIED.);
#718 = CARTESIAN_POINT('',(58.025,65.80318329411,4.8));
#719 = CARTESIAN_POINT('',(58.025,65.663370056018,4.8));
#720 = CARTESIAN_POINT('',(57.980759104655,65.522494334859,4.8));
#721 = CARTESIAN_POINT('',(57.803203025285,65.29960311261,4.8));
#722 = CARTESIAN_POINT('',(57.671914154312,65.22583302492,4.8));
#723 = CARTESIAN_POINT('',(57.525,65.22583302492,4.8));
#724 = CYLINDRICAL_SURFACE('',#725,0.5);
#725 = AXIS2_PLACEMENT_3D('',#726,#727,#728);
#726 = CARTESIAN_POINT('',(57.525,65.332531754731,5.615192378865));
#727 = DIRECTION('',(-2.582148928733E-13,-0.5,0.866025403785));
#728 = DIRECTION('',(-1.262177448354E-29,0.866025403785,0.5));
#729 = ADVANCED_FACE('',(#730),#737,.T.);
#730 = FACE_BOUND('',#731,.T.);
#731 = EDGE_LOOP('',(#732,#733,#734,#735,#736));
#732 = ORIENTED_EDGE('',*,*,#538,.T.);
#733 = ORIENTED_EDGE('',*,*,#303,.F.);
#734 = ORIENTED_EDGE('',*,*,#361,.F.);
#735 = ORIENTED_EDGE('',*,*,#227,.F.);
#736 = ORIENTED_EDGE('',*,*,#559,.T.);
#737 = PLANE('',#738);
#738 = AXIS2_PLACEMENT_3D('',#739,#740,#741);
#739 = CARTESIAN_POINT('',(58.025,74.1,8.050000000001));
#740 = DIRECTION('',(0.,0.,-1.));
#741 = DIRECTION('',(-1.,0.,-0.));
#742 = ADVANCED_FACE('',(#743),#750,.T.);
#743 = FACE_BOUND('',#744,.T.);
#744 = EDGE_LOOP('',(#745,#746,#747,#748,#749));
#745 = ORIENTED_EDGE('',*,*,#86,.T.);
#746 = ORIENTED_EDGE('',*,*,#439,.F.);
#747 = ORIENTED_EDGE('',*,*,#426,.T.);
#748 = ORIENTED_EDGE('',*,*,#481,.T.);
#749 = ORIENTED_EDGE('',*,*,#502,.T.);
#750 = PLANE('',#751);
#751 = AXIS2_PLACEMENT_3D('',#752,#753,#754);
#752 = CARTESIAN_POINT('',(53.625,74.1,8.050000000001));
#753 = DIRECTION('',(0.,0.,-1.));
#754 = DIRECTION('',(-1.,0.,-0.));
#755 = ADVANCED_FACE('',(#756),#820,.T.);
#756 = FACE_BOUND('',#757,.T.);
#757 = EDGE_LOOP('',(#758,#767,#774,#781,#788,#793,#794,#801,#808,#815)
  );
#758 = ORIENTED_EDGE('',*,*,#759,.F.);
#759 = EDGE_CURVE('',#760,#762,#764,.T.);
#760 = VERTEX_POINT('',#761);
#761 = CARTESIAN_POINT('',(53.625,64.3,8.800000000001));
#762 = VERTEX_POINT('',#763);
#763 = CARTESIAN_POINT('',(53.625,64.6,8.800000000001));
#764 = B_SPLINE_CURVE_WITH_KNOTS('',1,(#765,#766),.UNSPECIFIED.,.F.,.F.,
  (2,2),(1.,1.3),.PIECEWISE_BEZIER_KNOTS.);
#765 = CARTESIAN_POINT('',(53.625,64.3,8.800000000001));
#766 = CARTESIAN_POINT('',(53.625,64.6,8.800000000001));
#767 = ORIENTED_EDGE('',*,*,#768,.F.);
#768 = EDGE_CURVE('',#769,#760,#771,.T.);
#769 = VERTEX_POINT('',#770);
#770 = CARTESIAN_POINT('',(53.625,63.9,8.400000000001));
#771 = B_SPLINE_CURVE_WITH_KNOTS('',1,(#772,#773),.UNSPECIFIED.,.F.,.F.,
  (2,2),(-0.565685424949,0.),.PIECEWISE_BEZIER_KNOTS.);
#772 = CARTESIAN_POINT('',(53.625,63.9,8.400000000001));
#773 = CARTESIAN_POINT('',(53.625,64.3,8.800000000001));
#774 = ORIENTED_EDGE('',*,*,#775,.T.);
#775 = EDGE_CURVE('',#769,#776,#778,.T.);
#776 = VERTEX_POINT('',#777);
#777 = CARTESIAN_POINT('',(53.625,63.9,8.050000000001));
#778 = B_SPLINE_CURVE_WITH_KNOTS('',1,(#779,#780),.UNSPECIFIED.,.F.,.F.,
  (2,2),(1.6,1.95),.PIECEWISE_BEZIER_KNOTS.);
#779 = CARTESIAN_POINT('',(53.625,63.9,8.400000000001));
#780 = CARTESIAN_POINT('',(53.625,63.9,8.050000000001));
#781 = ORIENTED_EDGE('',*,*,#782,.F.);
#782 = EDGE_CURVE('',#783,#776,#785,.T.);
#783 = VERTEX_POINT('',#784);
#784 = CARTESIAN_POINT('',(53.625,64.4,8.050000000001));
#785 = B_SPLINE_CURVE_WITH_KNOTS('',1,(#786,#787),.UNSPECIFIED.,.F.,.F.,
  (2,2),(0.,0.5),.PIECEWISE_BEZIER_KNOTS.);
#786 = CARTESIAN_POINT('',(53.625,64.399999999999,8.050000000001));
#787 = CARTESIAN_POINT('',(53.625,63.9,8.050000000001));
#788 = ORIENTED_EDGE('',*,*,#789,.T.);
#789 = EDGE_CURVE('',#783,#632,#790,.T.);
#790 = B_SPLINE_CURVE_WITH_KNOTS('',1,(#791,#792),.UNSPECIFIED.,.F.,.F.,
  (2,2),(0.,1.819615242266),.PIECEWISE_BEZIER_KNOTS.);
#791 = CARTESIAN_POINT('',(53.625,64.399999999999,8.050000000001));
#792 = CARTESIAN_POINT('',(53.625,64.399999999999,6.230384757732));
#793 = ORIENTED_EDGE('',*,*,#631,.T.);
#794 = ORIENTED_EDGE('',*,*,#795,.F.);
#795 = EDGE_CURVE('',#796,#625,#798,.T.);
#796 = VERTEX_POINT('',#797);
#797 = CARTESIAN_POINT('',(53.625,65.3,5.55));
#798 = B_SPLINE_CURVE_WITH_KNOTS('',1,(#799,#800),.UNSPECIFIED.,.F.,.F.,
  (2,2),(0.,0.507179676972),.PIECEWISE_BEZIER_KNOTS.);
#799 = CARTESIAN_POINT('',(53.625,65.3,5.55));
#800 = CARTESIAN_POINT('',(53.625,64.792820323028,5.55));
#801 = ORIENTED_EDGE('',*,*,#802,.F.);
#802 = EDGE_CURVE('',#803,#796,#805,.T.);
#803 = VERTEX_POINT('',#804);
#804 = CARTESIAN_POINT('',(53.625,65.3,10.));
#805 = B_SPLINE_CURVE_WITH_KNOTS('',1,(#806,#807),.UNSPECIFIED.,.F.,.F.,
  (2,2),(0.,4.450000000001),.PIECEWISE_BEZIER_KNOTS.);
#806 = CARTESIAN_POINT('',(53.625,65.3,10.));
#807 = CARTESIAN_POINT('',(53.625,65.3,5.55));
#808 = ORIENTED_EDGE('',*,*,#809,.T.);
#809 = EDGE_CURVE('',#803,#810,#812,.T.);
#810 = VERTEX_POINT('',#811);
#811 = CARTESIAN_POINT('',(53.625,64.6,10.));
#812 = B_SPLINE_CURVE_WITH_KNOTS('',1,(#813,#814),.UNSPECIFIED.,.F.,.F.,
  (2,2),(0.,0.7),.PIECEWISE_BEZIER_KNOTS.);
#813 = CARTESIAN_POINT('',(53.625,65.3,10.));
#814 = CARTESIAN_POINT('',(53.625,64.6,10.));
#815 = ORIENTED_EDGE('',*,*,#816,.F.);
#816 = EDGE_CURVE('',#762,#810,#817,.T.);
#817 = B_SPLINE_CURVE_WITH_KNOTS('',1,(#818,#819),.UNSPECIFIED.,.F.,.F.,
  (2,2),(0.,1.2),.PIECEWISE_BEZIER_KNOTS.);
#818 = CARTESIAN_POINT('',(53.625,64.6,8.800000000001));
#819 = CARTESIAN_POINT('',(53.625,64.6,10.));
#820 = PLANE('',#821);
#821 = AXIS2_PLACEMENT_3D('',#822,#823,#824);
#822 = CARTESIAN_POINT('',(53.625,65.3,10.));
#823 = DIRECTION('',(1.,0.,0.));
#824 = DIRECTION('',(-0.,0.,1.));
#825 = ADVANCED_FACE('',(#826),#890,.T.);
#826 = FACE_BOUND('',#827,.T.);
#827 = EDGE_LOOP('',(#828,#837,#844,#851,#856,#857,#864,#871,#878,#885)
  );
#828 = ORIENTED_EDGE('',*,*,#829,.T.);
#829 = EDGE_CURVE('',#830,#832,#834,.T.);
#830 = VERTEX_POINT('',#831);
#831 = CARTESIAN_POINT('',(56.625,64.6,8.800000000001));
#832 = VERTEX_POINT('',#833);
#833 = CARTESIAN_POINT('',(56.625,64.6,10.));
#834 = B_SPLINE_CURVE_WITH_KNOTS('',1,(#835,#836),.UNSPECIFIED.,.F.,.F.,
  (2,2),(0.,1.2),.PIECEWISE_BEZIER_KNOTS.);
#835 = CARTESIAN_POINT('',(56.625,64.6,8.800000000001));
#836 = CARTESIAN_POINT('',(56.625,64.6,10.));
#837 = ORIENTED_EDGE('',*,*,#838,.F.);
#838 = EDGE_CURVE('',#839,#832,#841,.T.);
#839 = VERTEX_POINT('',#840);
#840 = CARTESIAN_POINT('',(56.625,65.3,10.));
#841 = B_SPLINE_CURVE_WITH_KNOTS('',1,(#842,#843),.UNSPECIFIED.,.F.,.F.,
  (2,2),(0.,0.7),.PIECEWISE_BEZIER_KNOTS.);
#842 = CARTESIAN_POINT('',(56.625,65.3,10.));
#843 = CARTESIAN_POINT('',(56.625,64.6,10.));
#844 = ORIENTED_EDGE('',*,*,#845,.T.);
#845 = EDGE_CURVE('',#839,#846,#848,.T.);
#846 = VERTEX_POINT('',#847);
#847 = CARTESIAN_POINT('',(56.625,65.3,5.55));
#848 = B_SPLINE_CURVE_WITH_KNOTS('',1,(#849,#850),.UNSPECIFIED.,.F.,.F.,
  (2,2),(0.,4.450000000001),.PIECEWISE_BEZIER_KNOTS.);
#849 = CARTESIAN_POINT('',(56.625,65.3,10.));
#850 = CARTESIAN_POINT('',(56.625,65.3,5.55));
#851 = ORIENTED_EDGE('',*,*,#852,.T.);
#852 = EDGE_CURVE('',#846,#590,#853,.T.);
#853 = B_SPLINE_CURVE_WITH_KNOTS('',1,(#854,#855),.UNSPECIFIED.,.F.,.F.,
  (2,2),(0.,0.507179676972),.PIECEWISE_BEZIER_KNOTS.);
#854 = CARTESIAN_POINT('',(56.625,65.3,5.55));
#855 = CARTESIAN_POINT('',(56.625,64.792820323028,5.55));
#856 = ORIENTED_EDGE('',*,*,#589,.F.);
#857 = ORIENTED_EDGE('',*,*,#858,.F.);
#858 = EDGE_CURVE('',#859,#583,#861,.T.);
#859 = VERTEX_POINT('',#860);
#860 = CARTESIAN_POINT('',(56.625,64.4,8.050000000001));
#861 = B_SPLINE_CURVE_WITH_KNOTS('',1,(#862,#863),.UNSPECIFIED.,.F.,.F.,
  (2,2),(0.,1.819615242266),.PIECEWISE_BEZIER_KNOTS.);
#862 = CARTESIAN_POINT('',(56.625,64.399999999999,8.050000000001));
#863 = CARTESIAN_POINT('',(56.625,64.399999999999,6.230384757733));
#864 = ORIENTED_EDGE('',*,*,#865,.T.);
#865 = EDGE_CURVE('',#859,#866,#868,.T.);
#866 = VERTEX_POINT('',#867);
#867 = CARTESIAN_POINT('',(56.625,63.9,8.050000000001));
#868 = B_SPLINE_CURVE_WITH_KNOTS('',1,(#869,#870),.UNSPECIFIED.,.F.,.F.,
  (2,2),(0.,0.5),.PIECEWISE_BEZIER_KNOTS.);
#869 = CARTESIAN_POINT('',(56.625,64.399999999999,8.050000000001));
#870 = CARTESIAN_POINT('',(56.625,63.9,8.050000000001));
#871 = ORIENTED_EDGE('',*,*,#872,.F.);
#872 = EDGE_CURVE('',#873,#866,#875,.T.);
#873 = VERTEX_POINT('',#874);
#874 = CARTESIAN_POINT('',(56.625,63.9,8.400000000001));
#875 = B_SPLINE_CURVE_WITH_KNOTS('',1,(#876,#877),.UNSPECIFIED.,.F.,.F.,
  (2,2),(1.6,1.95),.PIECEWISE_BEZIER_KNOTS.);
#876 = CARTESIAN_POINT('',(56.625,63.9,8.400000000001));
#877 = CARTESIAN_POINT('',(56.625,63.9,8.050000000001));
#878 = ORIENTED_EDGE('',*,*,#879,.T.);
#879 = EDGE_CURVE('',#873,#880,#882,.T.);
#880 = VERTEX_POINT('',#881);
#881 = CARTESIAN_POINT('',(56.625,64.3,8.800000000001));
#882 = B_SPLINE_CURVE_WITH_KNOTS('',1,(#883,#884),.UNSPECIFIED.,.F.,.F.,
  (2,2),(-0.565685424949,0.),.PIECEWISE_BEZIER_KNOTS.);
#883 = CARTESIAN_POINT('',(56.625,63.9,8.400000000001));
#884 = CARTESIAN_POINT('',(56.625,64.3,8.800000000001));
#885 = ORIENTED_EDGE('',*,*,#886,.T.);
#886 = EDGE_CURVE('',#880,#830,#887,.T.);
#887 = B_SPLINE_CURVE_WITH_KNOTS('',1,(#888,#889),.UNSPECIFIED.,.F.,.F.,
  (2,2),(1.,1.3),.PIECEWISE_BEZIER_KNOTS.);
#888 = CARTESIAN_POINT('',(56.625,64.3,8.800000000001));
#889 = CARTESIAN_POINT('',(56.625,64.6,8.800000000001));
#890 = PLANE('',#891);
#891 = AXIS2_PLACEMENT_3D('',#892,#893,#894);
#892 = CARTESIAN_POINT('',(56.625,65.3,10.));
#893 = DIRECTION('',(-1.,0.,0.));
#894 = DIRECTION('',(0.,0.,-1.));
#895 = ADVANCED_FACE('',(#896),#952,.T.);
#896 = FACE_BOUND('',#897,.T.);
#897 = EDGE_LOOP('',(#898,#903,#904,#911,#918,#925,#932,#939,#946,#951)
  );
#898 = ORIENTED_EDGE('',*,*,#899,.T.);
#899 = EDGE_CURVE('',#796,#846,#900,.T.);
#900 = B_SPLINE_CURVE_WITH_KNOTS('',1,(#901,#902),.UNSPECIFIED.,.F.,.F.,
  (2,2),(0.,3.),.PIECEWISE_BEZIER_KNOTS.);
#901 = CARTESIAN_POINT('',(53.625,65.3,5.55));
#902 = CARTESIAN_POINT('',(56.625,65.3,5.55));
#903 = ORIENTED_EDGE('',*,*,#845,.F.);
#904 = ORIENTED_EDGE('',*,*,#905,.T.);
#905 = EDGE_CURVE('',#839,#906,#908,.T.);
#906 = VERTEX_POINT('',#907);
#907 = CARTESIAN_POINT('',(57.325,65.3,10.));
#908 = B_SPLINE_CURVE_WITH_KNOTS('',1,(#909,#910),.UNSPECIFIED.,.F.,.F.,
  (2,2),(3.7,4.4),.PIECEWISE_BEZIER_KNOTS.);
#909 = CARTESIAN_POINT('',(56.625,65.3,10.));
#910 = CARTESIAN_POINT('',(57.325,65.3,10.));
#911 = ORIENTED_EDGE('',*,*,#912,.T.);
#912 = EDGE_CURVE('',#906,#913,#915,.T.);
#913 = VERTEX_POINT('',#914);
#914 = CARTESIAN_POINT('',(57.325,65.3,8.000000000001));
#915 = B_SPLINE_CURVE_WITH_KNOTS('',1,(#916,#917),.UNSPECIFIED.,.F.,.F.,
  (2,2),(0.,2.),.PIECEWISE_BEZIER_KNOTS.);
#916 = CARTESIAN_POINT('',(57.325,65.3,10.));
#917 = CARTESIAN_POINT('',(57.325,65.3,8.000000000001));
#918 = ORIENTED_EDGE('',*,*,#919,.T.);
#919 = EDGE_CURVE('',#913,#920,#922,.T.);
#920 = VERTEX_POINT('',#921);
#921 = CARTESIAN_POINT('',(57.325,65.3,4.8));
#922 = B_SPLINE_CURVE_WITH_KNOTS('',1,(#923,#924),.UNSPECIFIED.,.F.,.F.,
  (2,2),(0.,3.200000000001),.PIECEWISE_BEZIER_KNOTS.);
#923 = CARTESIAN_POINT('',(57.325,65.3,8.000000000001));
#924 = CARTESIAN_POINT('',(57.325,65.3,4.8));
#925 = ORIENTED_EDGE('',*,*,#926,.F.);
#926 = EDGE_CURVE('',#927,#920,#929,.T.);
#927 = VERTEX_POINT('',#928);
#928 = CARTESIAN_POINT('',(52.925,65.3,4.8));
#929 = B_SPLINE_CURVE_WITH_KNOTS('',1,(#930,#931),.UNSPECIFIED.,.F.,.F.,
  (2,2),(0.,4.4),.PIECEWISE_BEZIER_KNOTS.);
#930 = CARTESIAN_POINT('',(52.925,65.3,4.8));
#931 = CARTESIAN_POINT('',(57.325,65.3,4.8));
#932 = ORIENTED_EDGE('',*,*,#933,.F.);
#933 = EDGE_CURVE('',#934,#927,#936,.T.);
#934 = VERTEX_POINT('',#935);
#935 = CARTESIAN_POINT('',(52.925,65.3,8.000000000001));
#936 = B_SPLINE_CURVE_WITH_KNOTS('',1,(#937,#938),.UNSPECIFIED.,.F.,.F.,
  (2,2),(0.,3.200000000001),.PIECEWISE_BEZIER_KNOTS.);
#937 = CARTESIAN_POINT('',(52.925,65.3,8.000000000001));
#938 = CARTESIAN_POINT('',(52.925,65.3,4.8));
#939 = ORIENTED_EDGE('',*,*,#940,.F.);
#940 = EDGE_CURVE('',#941,#934,#943,.T.);
#941 = VERTEX_POINT('',#942);
#942 = CARTESIAN_POINT('',(52.925,65.3,10.));
#943 = B_SPLINE_CURVE_WITH_KNOTS('',1,(#944,#945),.UNSPECIFIED.,.F.,.F.,
  (2,2),(0.,2.),.PIECEWISE_BEZIER_KNOTS.);
#944 = CARTESIAN_POINT('',(52.925,65.3,10.));
#945 = CARTESIAN_POINT('',(52.925,65.3,8.000000000001));
#946 = ORIENTED_EDGE('',*,*,#947,.T.);
#947 = EDGE_CURVE('',#941,#803,#948,.T.);
#948 = B_SPLINE_CURVE_WITH_KNOTS('',1,(#949,#950),.UNSPECIFIED.,.F.,.F.,
  (2,2),(0.,0.7),.PIECEWISE_BEZIER_KNOTS.);
#949 = CARTESIAN_POINT('',(52.925,65.3,10.));
#950 = CARTESIAN_POINT('',(53.625,65.3,10.));
#951 = ORIENTED_EDGE('',*,*,#802,.T.);
#952 = PLANE('',#953);
#953 = AXIS2_PLACEMENT_3D('',#954,#955,#956);
#954 = CARTESIAN_POINT('',(52.925,65.3,4.8));
#955 = DIRECTION('',(0.,1.,0.));
#956 = DIRECTION('',(0.,-0.,1.));
#957 = ADVANCED_FACE('',(#958),#984,.T.);
#958 = FACE_BOUND('',#959,.T.);
#959 = EDGE_LOOP('',(#960,#967,#974,#979,#980,#981,#982,#983));
#960 = ORIENTED_EDGE('',*,*,#961,.F.);
#961 = EDGE_CURVE('',#962,#618,#964,.T.);
#962 = VERTEX_POINT('',#963);
#963 = CARTESIAN_POINT('',(54.125,65.1,5.55));
#964 = B_SPLINE_CURVE_WITH_KNOTS('',1,(#965,#966),.UNSPECIFIED.,.F.,.F.,
  (2,2),(0.,0.307179676972),.PIECEWISE_BEZIER_KNOTS.);
#965 = CARTESIAN_POINT('',(54.125,65.1,5.55));
#966 = CARTESIAN_POINT('',(54.125,64.792820323028,5.55));
#967 = ORIENTED_EDGE('',*,*,#968,.F.);
#968 = EDGE_CURVE('',#969,#962,#971,.T.);
#969 = VERTEX_POINT('',#970);
#970 = CARTESIAN_POINT('',(56.125,65.1,5.55));
#971 = B_SPLINE_CURVE_WITH_KNOTS('',1,(#972,#973),.UNSPECIFIED.,.F.,.F.,
  (2,2),(0.,2.),.PIECEWISE_BEZIER_KNOTS.);
#972 = CARTESIAN_POINT('',(56.125,65.1,5.55));
#973 = CARTESIAN_POINT('',(54.125,65.1,5.55));
#974 = ORIENTED_EDGE('',*,*,#975,.F.);
#975 = EDGE_CURVE('',#597,#969,#976,.T.);
#976 = B_SPLINE_CURVE_WITH_KNOTS('',1,(#977,#978),.UNSPECIFIED.,.F.,.F.,
  (2,2),(0.,0.307179676972),.PIECEWISE_BEZIER_KNOTS.);
#977 = CARTESIAN_POINT('',(56.125,64.792820323028,5.55));
#978 = CARTESIAN_POINT('',(56.125,65.1,5.55));
#979 = ORIENTED_EDGE('',*,*,#596,.T.);
#980 = ORIENTED_EDGE('',*,*,#852,.F.);
#981 = ORIENTED_EDGE('',*,*,#899,.F.);
#982 = ORIENTED_EDGE('',*,*,#795,.T.);
#983 = ORIENTED_EDGE('',*,*,#624,.T.);
#984 = PLANE('',#985);
#985 = AXIS2_PLACEMENT_3D('',#986,#987,#988);
#986 = CARTESIAN_POINT('',(53.595,65.31,5.55));
#987 = DIRECTION('',(0.,0.,1.));
#988 = DIRECTION('',(1.,0.,-0.));
#989 = ADVANCED_FACE('',(#990),#1020,.T.);
#990 = FACE_BOUND('',#991,.T.);
#991 = EDGE_LOOP('',(#992,#999,#1000,#1001,#1008,#1015));
#992 = ORIENTED_EDGE('',*,*,#993,.T.);
#993 = EDGE_CURVE('',#994,#604,#996,.T.);
#994 = VERTEX_POINT('',#995);
#995 = CARTESIAN_POINT('',(56.125,64.6,6.750000000001));
#996 = B_SPLINE_CURVE_WITH_KNOTS('',1,(#997,#998),.UNSPECIFIED.,.F.,.F.,
  (2,2),(0.,0.5),.PIECEWISE_BEZIER_KNOTS.);
#997 = CARTESIAN_POINT('',(56.125,64.6,6.750000000001));
#998 = CARTESIAN_POINT('',(56.125,64.1,6.750000000001));
#999 = ORIENTED_EDGE('',*,*,#603,.T.);
#1000 = ORIENTED_EDGE('',*,*,#975,.T.);
#1001 = ORIENTED_EDGE('',*,*,#1002,.T.);
#1002 = EDGE_CURVE('',#969,#1003,#1005,.T.);
#1003 = VERTEX_POINT('',#1004);
#1004 = CARTESIAN_POINT('',(56.125,65.1,9.800000000001));
#1005 = B_SPLINE_CURVE_WITH_KNOTS('',1,(#1006,#1007),.UNSPECIFIED.,.F.,
  .F.,(2,2),(0.,4.250000000001),.PIECEWISE_BEZIER_KNOTS.);
#1006 = CARTESIAN_POINT('',(56.125,65.1,5.55));
#1007 = CARTESIAN_POINT('',(56.125,65.1,9.800000000001));
#1008 = ORIENTED_EDGE('',*,*,#1009,.T.);
#1009 = EDGE_CURVE('',#1003,#1010,#1012,.T.);
#1010 = VERTEX_POINT('',#1011);
#1011 = CARTESIAN_POINT('',(56.125,64.6,9.800000000001));
#1012 = B_SPLINE_CURVE_WITH_KNOTS('',1,(#1013,#1014),.UNSPECIFIED.,.F.,
  .F.,(2,2),(0.,0.5),.PIECEWISE_BEZIER_KNOTS.);
#1013 = CARTESIAN_POINT('',(56.125,65.1,9.800000000001));
#1014 = CARTESIAN_POINT('',(56.125,64.6,9.800000000001));
#1015 = ORIENTED_EDGE('',*,*,#1016,.T.);
#1016 = EDGE_CURVE('',#1010,#994,#1017,.T.);
#1017 = B_SPLINE_CURVE_WITH_KNOTS('',1,(#1018,#1019),.UNSPECIFIED.,.F.,
  .F.,(2,2),(0.,3.05),.PIECEWISE_BEZIER_KNOTS.);
#1018 = CARTESIAN_POINT('',(56.125,64.6,9.800000000001));
#1019 = CARTESIAN_POINT('',(56.125,64.6,6.750000000001));
#1020 = PLANE('',#1021);
#1021 = AXIS2_PLACEMENT_3D('',#1022,#1023,#1024);
#1022 = CARTESIAN_POINT('',(56.125,64.09,5.5075));
#1023 = DIRECTION('',(1.,0.,0.));
#1024 = DIRECTION('',(-0.,0.,1.));
#1025 = ADVANCED_FACE('',(#1026),#1056,.T.);
#1026 = FACE_BOUND('',#1027,.T.);
#1027 = EDGE_LOOP('',(#1028,#1037,#1044,#1049,#1050,#1051));
#1028 = ORIENTED_EDGE('',*,*,#1029,.F.);
#1029 = EDGE_CURVE('',#1030,#1032,#1034,.T.);
#1030 = VERTEX_POINT('',#1031);
#1031 = CARTESIAN_POINT('',(54.125,64.6,9.800000000001));
#1032 = VERTEX_POINT('',#1033);
#1033 = CARTESIAN_POINT('',(54.125,64.6,6.750000000001));
#1034 = B_SPLINE_CURVE_WITH_KNOTS('',1,(#1035,#1036),.UNSPECIFIED.,.F.,
  .F.,(2,2),(0.,3.05),.PIECEWISE_BEZIER_KNOTS.);
#1035 = CARTESIAN_POINT('',(54.125,64.6,9.800000000001));
#1036 = CARTESIAN_POINT('',(54.125,64.6,6.750000000001));
#1037 = ORIENTED_EDGE('',*,*,#1038,.F.);
#1038 = EDGE_CURVE('',#1039,#1030,#1041,.T.);
#1039 = VERTEX_POINT('',#1040);
#1040 = CARTESIAN_POINT('',(54.125,65.1,9.800000000001));
#1041 = B_SPLINE_CURVE_WITH_KNOTS('',1,(#1042,#1043),.UNSPECIFIED.,.F.,
  .F.,(2,2),(0.,0.5),.PIECEWISE_BEZIER_KNOTS.);
#1042 = CARTESIAN_POINT('',(54.125,65.1,9.800000000001));
#1043 = CARTESIAN_POINT('',(54.125,64.6,9.800000000001));
#1044 = ORIENTED_EDGE('',*,*,#1045,.F.);
#1045 = EDGE_CURVE('',#962,#1039,#1046,.T.);
#1046 = B_SPLINE_CURVE_WITH_KNOTS('',1,(#1047,#1048),.UNSPECIFIED.,.F.,
  .F.,(2,2),(0.,4.250000000001),.PIECEWISE_BEZIER_KNOTS.);
#1047 = CARTESIAN_POINT('',(54.125,65.1,5.55));
#1048 = CARTESIAN_POINT('',(54.125,65.1,9.800000000001));
#1049 = ORIENTED_EDGE('',*,*,#961,.T.);
#1050 = ORIENTED_EDGE('',*,*,#617,.F.);
#1051 = ORIENTED_EDGE('',*,*,#1052,.F.);
#1052 = EDGE_CURVE('',#1032,#611,#1053,.T.);
#1053 = B_SPLINE_CURVE_WITH_KNOTS('',1,(#1054,#1055),.UNSPECIFIED.,.F.,
  .F.,(2,2),(0.,0.5),.PIECEWISE_BEZIER_KNOTS.);
#1054 = CARTESIAN_POINT('',(54.125,64.6,6.750000000001));
#1055 = CARTESIAN_POINT('',(54.125,64.1,6.750000000001));
#1056 = PLANE('',#1057);
#1057 = AXIS2_PLACEMENT_3D('',#1058,#1059,#1060);
#1058 = CARTESIAN_POINT('',(54.125,64.09,5.5075));
#1059 = DIRECTION('',(-1.,0.,0.));
#1060 = DIRECTION('',(0.,0.,-1.));
#1061 = ADVANCED_FACE('',(#1062),#1072,.T.);
#1062 = FACE_BOUND('',#1063,.T.);
#1063 = EDGE_LOOP('',(#1064,#1065,#1066,#1067));
#1064 = ORIENTED_EDGE('',*,*,#1002,.F.);
#1065 = ORIENTED_EDGE('',*,*,#968,.T.);
#1066 = ORIENTED_EDGE('',*,*,#1045,.T.);
#1067 = ORIENTED_EDGE('',*,*,#1068,.F.);
#1068 = EDGE_CURVE('',#1003,#1039,#1069,.T.);
#1069 = B_SPLINE_CURVE_WITH_KNOTS('',1,(#1070,#1071),.UNSPECIFIED.,.F.,
  .F.,(2,2),(0.,2.),.PIECEWISE_BEZIER_KNOTS.);
#1070 = CARTESIAN_POINT('',(56.125,65.1,9.800000000001));
#1071 = CARTESIAN_POINT('',(54.125,65.1,9.800000000001));
#1072 = PLANE('',#1073);
#1073 = AXIS2_PLACEMENT_3D('',#1074,#1075,#1076);
#1074 = CARTESIAN_POINT('',(56.125,65.1,9.800000000001));
#1075 = DIRECTION('',(0.,1.,0.));
#1076 = DIRECTION('',(0.,-0.,1.));
#1077 = ADVANCED_FACE('',(#1078),#1095,.T.);
#1078 = FACE_BOUND('',#1079,.T.);
#1079 = EDGE_LOOP('',(#1080,#1081,#1082,#1090));
#1080 = ORIENTED_EDGE('',*,*,#700,.T.);
#1081 = ORIENTED_EDGE('',*,*,#199,.F.);
#1082 = ORIENTED_EDGE('',*,*,#1083,.T.);
#1083 = EDGE_CURVE('',#193,#1084,#1086,.T.);
#1084 = VERTEX_POINT('',#1085);
#1085 = CARTESIAN_POINT('',(57.525,64.4,8.050000000001));
#1086 = ( BOUNDED_CURVE() B_SPLINE_CURVE(2,(#1087,#1088,#1089),
.UNSPECIFIED.,.F.,.F.) B_SPLINE_CURVE_WITH_KNOTS((3,3),(-1.,0.),
.PIECEWISE_BEZIER_KNOTS.) CURVE() GEOMETRIC_REPRESENTATION_ITEM() 
RATIONAL_B_SPLINE_CURVE((1.,0.707106781187,1.)) REPRESENTATION_ITEM('') 
  );
#1087 = CARTESIAN_POINT('',(58.025,64.9,8.050000000001));
#1088 = CARTESIAN_POINT('',(58.025,64.4,8.050000000001));
#1089 = CARTESIAN_POINT('',(57.525,64.4,8.050000000002));
#1090 = ORIENTED_EDGE('',*,*,#1091,.T.);
#1091 = EDGE_CURVE('',#1084,#576,#1092,.T.);
#1092 = B_SPLINE_CURVE_WITH_KNOTS('',1,(#1093,#1094),.UNSPECIFIED.,.F.,
  .F.,(2,2),(0.,1.819615242266),.PIECEWISE_BEZIER_KNOTS.);
#1093 = CARTESIAN_POINT('',(57.525,64.4,8.050000000002));
#1094 = CARTESIAN_POINT('',(57.524999999998,64.399999999998,
    6.230384757736));
#1095 = CYLINDRICAL_SURFACE('',#1096,0.5);
#1096 = AXIS2_PLACEMENT_3D('',#1097,#1098,#1099);
#1097 = CARTESIAN_POINT('',(57.524999999999,64.899999999999,
    7.140192378868));
#1098 = DIRECTION('',(-1.054851187953E-12,-1.03769716886E-12,-1.));
#1099 = DIRECTION('',(-1.,0.,1.054851187953E-12));
#1100 = ADVANCED_FACE('',(#1101),#1118,.T.);
#1101 = FACE_BOUND('',#1102,.T.);
#1102 = EDGE_LOOP('',(#1103,#1110,#1116,#1117));
#1103 = ORIENTED_EDGE('',*,*,#1104,.F.);
#1104 = EDGE_CURVE('',#1105,#639,#1107,.T.);
#1105 = VERTEX_POINT('',#1106);
#1106 = CARTESIAN_POINT('',(52.725,64.4,8.050000000001));
#1107 = B_SPLINE_CURVE_WITH_KNOTS('',1,(#1108,#1109),.UNSPECIFIED.,.F.,
  .F.,(2,2),(0.,1.819615242266),.PIECEWISE_BEZIER_KNOTS.);
#1108 = CARTESIAN_POINT('',(52.725,64.4,8.050000000001));
#1109 = CARTESIAN_POINT('',(52.724999999998,64.399999999998,
    6.230384757735));
#1110 = ORIENTED_EDGE('',*,*,#1111,.T.);
#1111 = EDGE_CURVE('',#1105,#115,#1112,.T.);
#1112 = ( BOUNDED_CURVE() B_SPLINE_CURVE(2,(#1113,#1114,#1115),
.UNSPECIFIED.,.F.,.F.) B_SPLINE_CURVE_WITH_KNOTS((3,3),(0.,1.),
.PIECEWISE_BEZIER_KNOTS.) CURVE() GEOMETRIC_REPRESENTATION_ITEM() 
RATIONAL_B_SPLINE_CURVE((1.,0.707106781187,1.)) REPRESENTATION_ITEM('') 
  );
#1113 = CARTESIAN_POINT('',(52.725,64.4,8.050000000001));
#1114 = CARTESIAN_POINT('',(52.225,64.4,8.050000000001));
#1115 = CARTESIAN_POINT('',(52.225,64.9,8.050000000001));
#1116 = ORIENTED_EDGE('',*,*,#114,.T.);
#1117 = ORIENTED_EDGE('',*,*,#675,.F.);
#1118 = CYLINDRICAL_SURFACE('',#1119,0.5);
#1119 = AXIS2_PLACEMENT_3D('',#1120,#1121,#1122);
#1120 = CARTESIAN_POINT('',(52.724999999999,64.899999999999,
    7.140192378867));
#1121 = DIRECTION('',(-1.052244518074E-12,-1.03625730652E-12,-1.));
#1122 = DIRECTION('',(-1.,0.,1.052244518074E-12));
#1123 = ADVANCED_FACE('',(#1124),#1134,.T.);
#1124 = FACE_BOUND('',#1125,.T.);
#1125 = EDGE_LOOP('',(#1126,#1131,#1132,#1133));
#1126 = ORIENTED_EDGE('',*,*,#1127,.T.);
#1127 = EDGE_CURVE('',#1084,#859,#1128,.T.);
#1128 = B_SPLINE_CURVE_WITH_KNOTS('',1,(#1129,#1130),.UNSPECIFIED.,.F.,
  .F.,(2,2),(0.5,1.4),.PIECEWISE_BEZIER_KNOTS.);
#1129 = CARTESIAN_POINT('',(57.525,64.4,8.050000000001));
#1130 = CARTESIAN_POINT('',(56.625,64.4,8.050000000001));
#1131 = ORIENTED_EDGE('',*,*,#858,.T.);
#1132 = ORIENTED_EDGE('',*,*,#582,.F.);
#1133 = ORIENTED_EDGE('',*,*,#1091,.F.);
#1134 = PLANE('',#1135);
#1135 = AXIS2_PLACEMENT_3D('',#1136,#1137,#1138);
#1136 = CARTESIAN_POINT('',(57.525,64.4,8.050000000001));
#1137 = DIRECTION('',(0.,-1.,0.));
#1138 = DIRECTION('',(0.,-0.,-1.));
#1139 = ADVANCED_FACE('',(#1140),#1150,.T.);
#1140 = FACE_BOUND('',#1141,.T.);
#1141 = EDGE_LOOP('',(#1142,#1147,#1148,#1149));
#1142 = ORIENTED_EDGE('',*,*,#1143,.T.);
#1143 = EDGE_CURVE('',#783,#1105,#1144,.T.);
#1144 = B_SPLINE_CURVE_WITH_KNOTS('',1,(#1145,#1146),.UNSPECIFIED.,.F.,
  .F.,(2,2),(0.,0.9),.PIECEWISE_BEZIER_KNOTS.);
#1145 = CARTESIAN_POINT('',(53.625,64.4,8.050000000001));
#1146 = CARTESIAN_POINT('',(52.725,64.4,8.050000000001));
#1147 = ORIENTED_EDGE('',*,*,#1104,.T.);
#1148 = ORIENTED_EDGE('',*,*,#638,.F.);
#1149 = ORIENTED_EDGE('',*,*,#789,.F.);
#1150 = PLANE('',#1151);
#1151 = AXIS2_PLACEMENT_3D('',#1152,#1153,#1154);
#1152 = CARTESIAN_POINT('',(53.625,64.4,8.050000000001));
#1153 = DIRECTION('',(0.,-1.,0.));
#1154 = DIRECTION('',(0.,-0.,-1.));
#1155 = ADVANCED_FACE('',(#1156),#1170,.T.);
#1156 = FACE_BOUND('',#1157,.T.);
#1157 = EDGE_LOOP('',(#1158,#1163,#1164,#1169));
#1158 = ORIENTED_EDGE('',*,*,#1159,.T.);
#1159 = EDGE_CURVE('',#1010,#1030,#1160,.T.);
#1160 = B_SPLINE_CURVE_WITH_KNOTS('',1,(#1161,#1162),.UNSPECIFIED.,.F.,
  .F.,(2,2),(0.,2.),.PIECEWISE_BEZIER_KNOTS.);
#1161 = CARTESIAN_POINT('',(56.125,64.6,9.800000000001));
#1162 = CARTESIAN_POINT('',(54.125,64.6,9.800000000001));
#1163 = ORIENTED_EDGE('',*,*,#1029,.T.);
#1164 = ORIENTED_EDGE('',*,*,#1165,.F.);
#1165 = EDGE_CURVE('',#994,#1032,#1166,.T.);
#1166 = B_SPLINE_CURVE_WITH_KNOTS('',1,(#1167,#1168),.UNSPECIFIED.,.F.,
  .F.,(2,2),(0.,2.),.PIECEWISE_BEZIER_KNOTS.);
#1167 = CARTESIAN_POINT('',(56.125,64.6,6.750000000001));
#1168 = CARTESIAN_POINT('',(54.125,64.6,6.750000000001));
#1169 = ORIENTED_EDGE('',*,*,#1016,.F.);
#1170 = PLANE('',#1171);
#1171 = AXIS2_PLACEMENT_3D('',#1172,#1173,#1174);
#1172 = CARTESIAN_POINT('',(56.125,64.6,9.800000000001));
#1173 = DIRECTION('',(0.,-1.,0.));
#1174 = DIRECTION('',(0.,-0.,-1.));
#1175 = ADVANCED_FACE('',(#1176),#1182,.T.);
#1176 = FACE_BOUND('',#1177,.T.);
#1177 = EDGE_LOOP('',(#1178,#1179,#1180,#1181));
#1178 = ORIENTED_EDGE('',*,*,#1052,.T.);
#1179 = ORIENTED_EDGE('',*,*,#610,.F.);
#1180 = ORIENTED_EDGE('',*,*,#993,.F.);
#1181 = ORIENTED_EDGE('',*,*,#1165,.T.);
#1182 = PLANE('',#1183);
#1183 = AXIS2_PLACEMENT_3D('',#1184,#1185,#1186);
#1184 = CARTESIAN_POINT('',(54.125,64.1,6.750000000001));
#1185 = DIRECTION('',(0.,0.,1.));
#1186 = DIRECTION('',(1.,0.,-0.));
#1187 = ADVANCED_FACE('',(#1188),#1202,.T.);
#1188 = FACE_BOUND('',#1189,.T.);
#1189 = EDGE_LOOP('',(#1190,#1191,#1196,#1197));
#1190 = ORIENTED_EDGE('',*,*,#185,.F.);
#1191 = ORIENTED_EDGE('',*,*,#1192,.T.);
#1192 = EDGE_CURVE('',#179,#873,#1193,.T.);
#1193 = B_SPLINE_CURVE_WITH_KNOTS('',1,(#1194,#1195),.UNSPECIFIED.,.F.,
  .F.,(2,2),(0.,1.4),.PIECEWISE_BEZIER_KNOTS.);
#1194 = CARTESIAN_POINT('',(58.025,63.9,8.400000000001));
#1195 = CARTESIAN_POINT('',(56.625,63.9,8.400000000001));
#1196 = ORIENTED_EDGE('',*,*,#872,.T.);
#1197 = ORIENTED_EDGE('',*,*,#1198,.F.);
#1198 = EDGE_CURVE('',#186,#866,#1199,.T.);
#1199 = B_SPLINE_CURVE_WITH_KNOTS('',1,(#1200,#1201),.UNSPECIFIED.,.F.,
  .F.,(2,2),(0.,1.4),.PIECEWISE_BEZIER_KNOTS.);
#1200 = CARTESIAN_POINT('',(58.025,63.9,8.050000000001));
#1201 = CARTESIAN_POINT('',(56.625,63.9,8.050000000001));
#1202 = PLANE('',#1203);
#1203 = AXIS2_PLACEMENT_3D('',#1204,#1205,#1206);
#1204 = CARTESIAN_POINT('',(58.025,63.9,8.400000000001));
#1205 = DIRECTION('',(0.,-1.,0.));
#1206 = DIRECTION('',(0.,-0.,-1.));
#1207 = ADVANCED_FACE('',(#1208),#1222,.T.);
#1208 = FACE_BOUND('',#1209,.T.);
#1209 = EDGE_LOOP('',(#1210,#1211,#1216,#1217));
#1210 = ORIENTED_EDGE('',*,*,#775,.F.);
#1211 = ORIENTED_EDGE('',*,*,#1212,.T.);
#1212 = EDGE_CURVE('',#769,#129,#1213,.T.);
#1213 = B_SPLINE_CURVE_WITH_KNOTS('',1,(#1214,#1215),.UNSPECIFIED.,.F.,
  .F.,(2,2),(0.,1.4),.PIECEWISE_BEZIER_KNOTS.);
#1214 = CARTESIAN_POINT('',(53.625,63.9,8.400000000001));
#1215 = CARTESIAN_POINT('',(52.225,63.9,8.400000000001));
#1216 = ORIENTED_EDGE('',*,*,#128,.T.);
#1217 = ORIENTED_EDGE('',*,*,#1218,.F.);
#1218 = EDGE_CURVE('',#776,#122,#1219,.T.);
#1219 = B_SPLINE_CURVE_WITH_KNOTS('',1,(#1220,#1221),.UNSPECIFIED.,.F.,
  .F.,(2,2),(0.,1.4),.PIECEWISE_BEZIER_KNOTS.);
#1220 = CARTESIAN_POINT('',(53.625,63.9,8.050000000001));
#1221 = CARTESIAN_POINT('',(52.225,63.9,8.050000000001));
#1222 = PLANE('',#1223);
#1223 = AXIS2_PLACEMENT_3D('',#1224,#1225,#1226);
#1224 = CARTESIAN_POINT('',(53.625,63.9,8.400000000001));
#1225 = DIRECTION('',(0.,-1.,0.));
#1226 = DIRECTION('',(0.,-0.,-1.));
#1227 = ADVANCED_FACE('',(#1228),#1235,.T.);
#1228 = FACE_BOUND('',#1229,.T.);
#1229 = EDGE_LOOP('',(#1230,#1231,#1232,#1233,#1234));
#1230 = ORIENTED_EDGE('',*,*,#1111,.F.);
#1231 = ORIENTED_EDGE('',*,*,#1143,.F.);
#1232 = ORIENTED_EDGE('',*,*,#782,.T.);
#1233 = ORIENTED_EDGE('',*,*,#1218,.T.);
#1234 = ORIENTED_EDGE('',*,*,#121,.T.);
#1235 = PLANE('',#1236);
#1236 = AXIS2_PLACEMENT_3D('',#1237,#1238,#1239);
#1237 = CARTESIAN_POINT('',(53.625,63.9,8.050000000001));
#1238 = DIRECTION('',(0.,0.,-1.));
#1239 = DIRECTION('',(-1.,0.,-0.));
#1240 = ADVANCED_FACE('',(#1241),#1248,.T.);
#1241 = FACE_BOUND('',#1242,.T.);
#1242 = EDGE_LOOP('',(#1243,#1244,#1245,#1246,#1247));
#1243 = ORIENTED_EDGE('',*,*,#1083,.F.);
#1244 = ORIENTED_EDGE('',*,*,#192,.F.);
#1245 = ORIENTED_EDGE('',*,*,#1198,.T.);
#1246 = ORIENTED_EDGE('',*,*,#865,.F.);
#1247 = ORIENTED_EDGE('',*,*,#1127,.F.);
#1248 = PLANE('',#1249);
#1249 = AXIS2_PLACEMENT_3D('',#1250,#1251,#1252);
#1250 = CARTESIAN_POINT('',(58.0264,63.9,8.050000000001));
#1251 = DIRECTION('',(0.,0.,-1.));
#1252 = DIRECTION('',(-1.,0.,-0.));
#1253 = ADVANCED_FACE('',(#1254),#1298,.T.);
#1254 = FACE_BOUND('',#1255,.T.);
#1255 = EDGE_LOOP('',(#1256,#1265,#1272,#1279,#1286,#1293));
#1256 = ORIENTED_EDGE('',*,*,#1257,.T.);
#1257 = EDGE_CURVE('',#1258,#1260,#1262,.T.);
#1258 = VERTEX_POINT('',#1259);
#1259 = CARTESIAN_POINT('',(53.625,76.55,5.6));
#1260 = VERTEX_POINT('',#1261);
#1261 = CARTESIAN_POINT('',(56.625,76.55,5.6));
#1262 = B_SPLINE_CURVE_WITH_KNOTS('',1,(#1263,#1264),.UNSPECIFIED.,.F.,
  .F.,(2,2),(-10.8,-7.8),.PIECEWISE_BEZIER_KNOTS.);
#1263 = CARTESIAN_POINT('',(53.625,76.55,5.6));
#1264 = CARTESIAN_POINT('',(56.625,76.55,5.6));
#1265 = ORIENTED_EDGE('',*,*,#1266,.F.);
#1266 = EDGE_CURVE('',#1267,#1260,#1269,.T.);
#1267 = VERTEX_POINT('',#1268);
#1268 = CARTESIAN_POINT('',(56.625,76.55,6.3));
#1269 = B_SPLINE_CURVE_WITH_KNOTS('',1,(#1270,#1271),.UNSPECIFIED.,.F.,
  .F.,(2,2),(0.5,1.2),.PIECEWISE_BEZIER_KNOTS.);
#1270 = CARTESIAN_POINT('',(56.625,76.55,6.3));
#1271 = CARTESIAN_POINT('',(56.625,76.55,5.6));
#1272 = ORIENTED_EDGE('',*,*,#1273,.F.);
#1273 = EDGE_CURVE('',#1274,#1267,#1276,.T.);
#1274 = VERTEX_POINT('',#1275);
#1275 = CARTESIAN_POINT('',(56.625,76.55,6.8));
#1276 = B_SPLINE_CURVE_WITH_KNOTS('',1,(#1277,#1278),.UNSPECIFIED.,.F.,
  .F.,(2,2),(4.165250519973E-14,0.5),.PIECEWISE_BEZIER_KNOTS.);
#1277 = CARTESIAN_POINT('',(56.625,76.55,6.8));
#1278 = CARTESIAN_POINT('',(56.625,76.55,6.3));
#1279 = ORIENTED_EDGE('',*,*,#1280,.F.);
#1280 = EDGE_CURVE('',#1281,#1274,#1283,.T.);
#1281 = VERTEX_POINT('',#1282);
#1282 = CARTESIAN_POINT('',(53.625,76.55,6.8));
#1283 = B_SPLINE_CURVE_WITH_KNOTS('',1,(#1284,#1285),.UNSPECIFIED.,.F.,
  .F.,(2,2),(0.,3.),.PIECEWISE_BEZIER_KNOTS.);
#1284 = CARTESIAN_POINT('',(53.625,76.55,6.8));
#1285 = CARTESIAN_POINT('',(56.625,76.55,6.8));
#1286 = ORIENTED_EDGE('',*,*,#1287,.T.);
#1287 = EDGE_CURVE('',#1281,#1288,#1290,.T.);
#1288 = VERTEX_POINT('',#1289);
#1289 = CARTESIAN_POINT('',(53.625,76.55,6.3));
#1290 = B_SPLINE_CURVE_WITH_KNOTS('',1,(#1291,#1292),.UNSPECIFIED.,.F.,
  .F.,(2,2),(1.271013945433E-13,0.5),.PIECEWISE_BEZIER_KNOTS.);
#1291 = CARTESIAN_POINT('',(53.625,76.55,6.8));
#1292 = CARTESIAN_POINT('',(53.625,76.55,6.3));
#1293 = ORIENTED_EDGE('',*,*,#1294,.T.);
#1294 = EDGE_CURVE('',#1288,#1258,#1295,.T.);
#1295 = B_SPLINE_CURVE_WITH_KNOTS('',1,(#1296,#1297),.UNSPECIFIED.,.F.,
  .F.,(2,2),(0.5,1.2),.PIECEWISE_BEZIER_KNOTS.);
#1296 = CARTESIAN_POINT('',(53.625,76.55,6.3));
#1297 = CARTESIAN_POINT('',(53.625,76.55,5.6));
#1298 = PLANE('',#1299);
#1299 = AXIS2_PLACEMENT_3D('',#1300,#1301,#1302);
#1300 = CARTESIAN_POINT('',(58.025,76.55,6.8));
#1301 = DIRECTION('',(0.,-1.,0.));
#1302 = DIRECTION('',(0.,-0.,-1.));
#1303 = ADVANCED_FACE('',(#1304),#1343,.T.);
#1304 = FACE_BOUND('',#1305,.T.);
#1305 = EDGE_LOOP('',(#1306,#1315,#1322,#1329,#1337,#1338));
#1306 = ORIENTED_EDGE('',*,*,#1307,.T.);
#1307 = EDGE_CURVE('',#1308,#1310,#1312,.T.);
#1308 = VERTEX_POINT('',#1309);
#1309 = CARTESIAN_POINT('',(56.625,74.65,5.6));
#1310 = VERTEX_POINT('',#1311);
#1311 = CARTESIAN_POINT('',(56.625,74.65,6.8));
#1312 = B_SPLINE_CURVE_WITH_KNOTS('',1,(#1313,#1314),.UNSPECIFIED.,.F.,
  .F.,(2,2),(0.8,2.),.PIECEWISE_BEZIER_KNOTS.);
#1313 = CARTESIAN_POINT('',(56.625,74.65,5.6));
#1314 = CARTESIAN_POINT('',(56.625,74.65,6.8));
#1315 = ORIENTED_EDGE('',*,*,#1316,.F.);
#1316 = EDGE_CURVE('',#1317,#1310,#1319,.T.);
#1317 = VERTEX_POINT('',#1318);
#1318 = CARTESIAN_POINT('',(56.625,75.45,6.8));
#1319 = B_SPLINE_CURVE_WITH_KNOTS('',1,(#1320,#1321),.UNSPECIFIED.,.F.,
  .F.,(2,2),(0.,0.8),.PIECEWISE_BEZIER_KNOTS.);
#1320 = CARTESIAN_POINT('',(56.625,75.45,6.8));
#1321 = CARTESIAN_POINT('',(56.625,74.65,6.8));
#1322 = ORIENTED_EDGE('',*,*,#1323,.F.);
#1323 = EDGE_CURVE('',#1324,#1317,#1326,.T.);
#1324 = VERTEX_POINT('',#1325);
#1325 = CARTESIAN_POINT('',(56.625,75.45,6.3));
#1326 = B_SPLINE_CURVE_WITH_KNOTS('',1,(#1327,#1328),.UNSPECIFIED.,.F.,
  .F.,(2,2),(0.,0.5),.PIECEWISE_BEZIER_KNOTS.);
#1327 = CARTESIAN_POINT('',(56.625,75.45,6.3));
#1328 = CARTESIAN_POINT('',(56.625,75.45,6.8));
#1329 = ORIENTED_EDGE('',*,*,#1330,.F.);
#1330 = EDGE_CURVE('',#1267,#1324,#1331,.T.);
#1331 = ( BOUNDED_CURVE() B_SPLINE_CURVE(2,(#1332,#1333,#1334,#1335,
#1336),.UNSPECIFIED.,.F.,.F.) B_SPLINE_CURVE_WITH_KNOTS((3,2,3),(
-1.727875959474,-0.863937979737,0.),.UNSPECIFIED.) CURVE() 
GEOMETRIC_REPRESENTATION_ITEM() RATIONAL_B_SPLINE_CURVE((1.,
0.707106781187,1.,0.707106781187,1.)) REPRESENTATION_ITEM('') );
#1332 = CARTESIAN_POINT('',(56.625,76.55,6.3));
#1333 = CARTESIAN_POINT('',(56.625,76.55,5.75));
#1334 = CARTESIAN_POINT('',(56.625,76.,5.75));
#1335 = CARTESIAN_POINT('',(56.625,75.45,5.75));
#1336 = CARTESIAN_POINT('',(56.625,75.45,6.3));
#1337 = ORIENTED_EDGE('',*,*,#1266,.T.);
#1338 = ORIENTED_EDGE('',*,*,#1339,.F.);
#1339 = EDGE_CURVE('',#1308,#1260,#1340,.T.);
#1340 = B_SPLINE_CURVE_WITH_KNOTS('',1,(#1341,#1342),.UNSPECIFIED.,.F.,
  .F.,(2,2),(4.25,6.15),.PIECEWISE_BEZIER_KNOTS.);
#1341 = CARTESIAN_POINT('',(56.625,74.65,5.6));
#1342 = CARTESIAN_POINT('',(56.625,76.55,5.6));
#1343 = PLANE('',#1344);
#1344 = AXIS2_PLACEMENT_3D('',#1345,#1346,#1347);
#1345 = CARTESIAN_POINT('',(56.625,77.3,6.8));
#1346 = DIRECTION('',(-1.,0.,0.));
#1347 = DIRECTION('',(0.,0.,-1.));
#1348 = ADVANCED_FACE('',(#1349),#1388,.T.);
#1349 = FACE_BOUND('',#1350,.T.);
#1350 = EDGE_LOOP('',(#1351,#1358,#1359,#1369,#1376,#1383));
#1351 = ORIENTED_EDGE('',*,*,#1352,.T.);
#1352 = EDGE_CURVE('',#1353,#1258,#1355,.T.);
#1353 = VERTEX_POINT('',#1354);
#1354 = CARTESIAN_POINT('',(53.625,74.65,5.6));
#1355 = B_SPLINE_CURVE_WITH_KNOTS('',1,(#1356,#1357),.UNSPECIFIED.,.F.,
  .F.,(2,2),(4.25,6.15),.PIECEWISE_BEZIER_KNOTS.);
#1356 = CARTESIAN_POINT('',(53.625,74.65,5.6));
#1357 = CARTESIAN_POINT('',(53.625,76.55,5.6));
#1358 = ORIENTED_EDGE('',*,*,#1294,.F.);
#1359 = ORIENTED_EDGE('',*,*,#1360,.T.);
#1360 = EDGE_CURVE('',#1288,#1361,#1363,.T.);
#1361 = VERTEX_POINT('',#1362);
#1362 = CARTESIAN_POINT('',(53.625,75.45,6.3));
#1363 = ( BOUNDED_CURVE() B_SPLINE_CURVE(2,(#1364,#1365,#1366,#1367,
#1368),.UNSPECIFIED.,.F.,.F.) B_SPLINE_CURVE_WITH_KNOTS((3,2,3),(
-1.727875959474,-0.863937979737,0.),.UNSPECIFIED.) CURVE() 
GEOMETRIC_REPRESENTATION_ITEM() RATIONAL_B_SPLINE_CURVE((1.,
0.707106781187,1.,0.707106781187,1.)) REPRESENTATION_ITEM('') );
#1364 = CARTESIAN_POINT('',(53.625,76.55,6.3));
#1365 = CARTESIAN_POINT('',(53.625,76.55,5.75));
#1366 = CARTESIAN_POINT('',(53.625,76.,5.75));
#1367 = CARTESIAN_POINT('',(53.625,75.45,5.75));
#1368 = CARTESIAN_POINT('',(53.625,75.45,6.3));
#1369 = ORIENTED_EDGE('',*,*,#1370,.T.);
#1370 = EDGE_CURVE('',#1361,#1371,#1373,.T.);
#1371 = VERTEX_POINT('',#1372);
#1372 = CARTESIAN_POINT('',(53.625,75.45,6.8));
#1373 = B_SPLINE_CURVE_WITH_KNOTS('',1,(#1374,#1375),.UNSPECIFIED.,.F.,
  .F.,(2,2),(-0.5,-1.253441794802E-13),.PIECEWISE_BEZIER_KNOTS.);
#1374 = CARTESIAN_POINT('',(53.625,75.45,6.3));
#1375 = CARTESIAN_POINT('',(53.625,75.45,6.8));
#1376 = ORIENTED_EDGE('',*,*,#1377,.F.);
#1377 = EDGE_CURVE('',#1378,#1371,#1380,.T.);
#1378 = VERTEX_POINT('',#1379);
#1379 = CARTESIAN_POINT('',(53.625,74.65,6.8));
#1380 = B_SPLINE_CURVE_WITH_KNOTS('',1,(#1381,#1382),.UNSPECIFIED.,.F.,
  .F.,(2,2),(0.,0.8),.PIECEWISE_BEZIER_KNOTS.);
#1381 = CARTESIAN_POINT('',(53.625,74.65,6.8));
#1382 = CARTESIAN_POINT('',(53.625,75.45,6.8));
#1383 = ORIENTED_EDGE('',*,*,#1384,.F.);
#1384 = EDGE_CURVE('',#1353,#1378,#1385,.T.);
#1385 = B_SPLINE_CURVE_WITH_KNOTS('',1,(#1386,#1387),.UNSPECIFIED.,.F.,
  .F.,(2,2),(0.8,2.),.PIECEWISE_BEZIER_KNOTS.);
#1386 = CARTESIAN_POINT('',(53.625,74.65,5.6));
#1387 = CARTESIAN_POINT('',(53.625,74.65,6.8));
#1388 = PLANE('',#1389);
#1389 = AXIS2_PLACEMENT_3D('',#1390,#1391,#1392);
#1390 = CARTESIAN_POINT('',(53.625,77.3,6.8));
#1391 = DIRECTION('',(1.,0.,0.));
#1392 = DIRECTION('',(-0.,0.,1.));
#1393 = ADVANCED_FACE('',(#1394),#1416,.T.);
#1394 = FACE_BOUND('',#1395,.T.);
#1395 = EDGE_LOOP('',(#1396,#1397,#1404,#1411));
#1396 = ORIENTED_EDGE('',*,*,#1273,.T.);
#1397 = ORIENTED_EDGE('',*,*,#1398,.F.);
#1398 = EDGE_CURVE('',#1399,#1267,#1401,.T.);
#1399 = VERTEX_POINT('',#1400);
#1400 = CARTESIAN_POINT('',(58.025,76.55,6.3));
#1401 = B_SPLINE_CURVE_WITH_KNOTS('',1,(#1402,#1403),.UNSPECIFIED.,.F.,
  .F.,(2,2),(0.,1.4),.PIECEWISE_BEZIER_KNOTS.);
#1402 = CARTESIAN_POINT('',(58.025,76.55,6.3));
#1403 = CARTESIAN_POINT('',(56.625,76.55,6.3));
#1404 = ORIENTED_EDGE('',*,*,#1405,.T.);
#1405 = EDGE_CURVE('',#1399,#1406,#1408,.T.);
#1406 = VERTEX_POINT('',#1407);
#1407 = CARTESIAN_POINT('',(58.025,76.55,6.8));
#1408 = B_SPLINE_CURVE_WITH_KNOTS('',1,(#1409,#1410),.UNSPECIFIED.,.F.,
  .F.,(2,2),(1.727875959474,2.227875959474),.PIECEWISE_BEZIER_KNOTS.);
#1409 = CARTESIAN_POINT('',(58.025,76.55,6.3));
#1410 = CARTESIAN_POINT('',(58.025,76.55,6.8));
#1411 = ORIENTED_EDGE('',*,*,#1412,.F.);
#1412 = EDGE_CURVE('',#1274,#1406,#1413,.T.);
#1413 = B_SPLINE_CURVE_WITH_KNOTS('',1,(#1414,#1415),.UNSPECIFIED.,.F.,
  .F.,(2,2),(0.,1.4),.PIECEWISE_BEZIER_KNOTS.);
#1414 = CARTESIAN_POINT('',(56.625,76.55,6.8));
#1415 = CARTESIAN_POINT('',(58.025,76.55,6.8));
#1416 = PLANE('',#1417);
#1417 = AXIS2_PLACEMENT_3D('',#1418,#1419,#1420);
#1418 = CARTESIAN_POINT('',(58.025,76.55,6.3));
#1419 = DIRECTION('',(0.,-1.,0.));
#1420 = DIRECTION('',(0.,-0.,-1.));
#1421 = ADVANCED_FACE('',(#1422),#1441,.F.);
#1422 = FACE_BOUND('',#1423,.F.);
#1423 = EDGE_LOOP('',(#1424,#1425,#1435,#1440));
#1424 = ORIENTED_EDGE('',*,*,#1398,.F.);
#1425 = ORIENTED_EDGE('',*,*,#1426,.F.);
#1426 = EDGE_CURVE('',#1427,#1399,#1429,.T.);
#1427 = VERTEX_POINT('',#1428);
#1428 = CARTESIAN_POINT('',(58.025,75.45,6.3));
#1429 = ( BOUNDED_CURVE() B_SPLINE_CURVE(2,(#1430,#1431,#1432,#1433,
#1434),.UNSPECIFIED.,.F.,.F.) B_SPLINE_CURVE_WITH_KNOTS((3,2,3),(0.,
0.863937979737,1.727875959474),.UNSPECIFIED.) CURVE() 
GEOMETRIC_REPRESENTATION_ITEM() RATIONAL_B_SPLINE_CURVE((1.,
0.707106781187,1.,0.707106781187,1.)) REPRESENTATION_ITEM('') );
#1430 = CARTESIAN_POINT('',(58.025,75.45,6.3));
#1431 = CARTESIAN_POINT('',(58.025,75.45,5.75));
#1432 = CARTESIAN_POINT('',(58.025,76.,5.75));
#1433 = CARTESIAN_POINT('',(58.025,76.55,5.75));
#1434 = CARTESIAN_POINT('',(58.025,76.55,6.3));
#1435 = ORIENTED_EDGE('',*,*,#1436,.T.);
#1436 = EDGE_CURVE('',#1427,#1324,#1437,.T.);
#1437 = B_SPLINE_CURVE_WITH_KNOTS('',1,(#1438,#1439),.UNSPECIFIED.,.F.,
  .F.,(2,2),(0.,1.4),.PIECEWISE_BEZIER_KNOTS.);
#1438 = CARTESIAN_POINT('',(58.025,75.45,6.3));
#1439 = CARTESIAN_POINT('',(56.625,75.45,6.3));
#1440 = ORIENTED_EDGE('',*,*,#1330,.F.);
#1441 = CYLINDRICAL_SURFACE('',#1442,0.55);
#1442 = AXIS2_PLACEMENT_3D('',#1443,#1444,#1445);
#1443 = CARTESIAN_POINT('',(55.125,76.,6.3));
#1444 = DIRECTION('',(1.,3.229739708E-14,3.229739708E-14));
#1445 = DIRECTION('',(-3.229739708E-14,0.,1.));
#1446 = ADVANCED_FACE('',(#1447),#1463,.T.);
#1447 = FACE_BOUND('',#1448,.T.);
#1448 = EDGE_LOOP('',(#1449,#1450,#1457,#1462));
#1449 = ORIENTED_EDGE('',*,*,#1323,.T.);
#1450 = ORIENTED_EDGE('',*,*,#1451,.F.);
#1451 = EDGE_CURVE('',#1452,#1317,#1454,.T.);
#1452 = VERTEX_POINT('',#1453);
#1453 = CARTESIAN_POINT('',(58.025,75.45,6.8));
#1454 = B_SPLINE_CURVE_WITH_KNOTS('',1,(#1455,#1456),.UNSPECIFIED.,.F.,
  .F.,(2,2),(0.,1.4),.PIECEWISE_BEZIER_KNOTS.);
#1455 = CARTESIAN_POINT('',(58.025,75.45,6.8));
#1456 = CARTESIAN_POINT('',(56.625,75.45,6.8));
#1457 = ORIENTED_EDGE('',*,*,#1458,.T.);
#1458 = EDGE_CURVE('',#1452,#1427,#1459,.T.);
#1459 = B_SPLINE_CURVE_WITH_KNOTS('',1,(#1460,#1461),.UNSPECIFIED.,.F.,
  .F.,(2,2),(-0.5,0.),.PIECEWISE_BEZIER_KNOTS.);
#1460 = CARTESIAN_POINT('',(58.025,75.45,6.8));
#1461 = CARTESIAN_POINT('',(58.025,75.45,6.3));
#1462 = ORIENTED_EDGE('',*,*,#1436,.T.);
#1463 = PLANE('',#1464);
#1464 = AXIS2_PLACEMENT_3D('',#1465,#1466,#1467);
#1465 = CARTESIAN_POINT('',(58.025,75.45,6.8));
#1466 = DIRECTION('',(0.,1.,0.));
#1467 = DIRECTION('',(0.,-0.,1.));
#1468 = ADVANCED_FACE('',(#1469),#1491,.T.);
#1469 = FACE_BOUND('',#1470,.T.);
#1470 = EDGE_LOOP('',(#1471,#1478,#1485,#1490));
#1471 = ORIENTED_EDGE('',*,*,#1472,.F.);
#1472 = EDGE_CURVE('',#1473,#1281,#1475,.T.);
#1473 = VERTEX_POINT('',#1474);
#1474 = CARTESIAN_POINT('',(52.225,76.55,6.8));
#1475 = B_SPLINE_CURVE_WITH_KNOTS('',1,(#1476,#1477),.UNSPECIFIED.,.F.,
  .F.,(2,2),(0.,1.4),.PIECEWISE_BEZIER_KNOTS.);
#1476 = CARTESIAN_POINT('',(52.225,76.55,6.8));
#1477 = CARTESIAN_POINT('',(53.625,76.55,6.8));
#1478 = ORIENTED_EDGE('',*,*,#1479,.F.);
#1479 = EDGE_CURVE('',#1480,#1473,#1482,.T.);
#1480 = VERTEX_POINT('',#1481);
#1481 = CARTESIAN_POINT('',(52.225,76.55,6.3));
#1482 = B_SPLINE_CURVE_WITH_KNOTS('',1,(#1483,#1484),.UNSPECIFIED.,.F.,
  .F.,(2,2),(1.727875959474,2.227875959474),.PIECEWISE_BEZIER_KNOTS.);
#1483 = CARTESIAN_POINT('',(52.225,76.55,6.3));
#1484 = CARTESIAN_POINT('',(52.225,76.55,6.8));
#1485 = ORIENTED_EDGE('',*,*,#1486,.F.);
#1486 = EDGE_CURVE('',#1288,#1480,#1487,.T.);
#1487 = B_SPLINE_CURVE_WITH_KNOTS('',1,(#1488,#1489),.UNSPECIFIED.,.F.,
  .F.,(2,2),(4.4,5.8),.PIECEWISE_BEZIER_KNOTS.);
#1488 = CARTESIAN_POINT('',(53.625,76.55,6.3));
#1489 = CARTESIAN_POINT('',(52.225,76.55,6.3));
#1490 = ORIENTED_EDGE('',*,*,#1287,.F.);
#1491 = PLANE('',#1492);
#1492 = AXIS2_PLACEMENT_3D('',#1493,#1494,#1495);
#1493 = CARTESIAN_POINT('',(58.025,76.55,6.3));
#1494 = DIRECTION('',(0.,-1.,0.));
#1495 = DIRECTION('',(0.,-0.,-1.));
#1496 = ADVANCED_FACE('',(#1497),#1516,.F.);
#1497 = FACE_BOUND('',#1498,.F.);
#1498 = EDGE_LOOP('',(#1499,#1500,#1507,#1515));
#1499 = ORIENTED_EDGE('',*,*,#1360,.T.);
#1500 = ORIENTED_EDGE('',*,*,#1501,.T.);
#1501 = EDGE_CURVE('',#1361,#1502,#1504,.T.);
#1502 = VERTEX_POINT('',#1503);
#1503 = CARTESIAN_POINT('',(52.225,75.45,6.3));
#1504 = B_SPLINE_CURVE_WITH_KNOTS('',1,(#1505,#1506),.UNSPECIFIED.,.F.,
  .F.,(2,2),(4.4,5.8),.PIECEWISE_BEZIER_KNOTS.);
#1505 = CARTESIAN_POINT('',(53.625,75.45,6.3));
#1506 = CARTESIAN_POINT('',(52.225,75.45,6.3));
#1507 = ORIENTED_EDGE('',*,*,#1508,.T.);
#1508 = EDGE_CURVE('',#1502,#1480,#1509,.T.);
#1509 = ( BOUNDED_CURVE() B_SPLINE_CURVE(2,(#1510,#1511,#1512,#1513,
#1514),.UNSPECIFIED.,.F.,.F.) B_SPLINE_CURVE_WITH_KNOTS((3,2,3),(0.,
0.863937979737,1.727875959474),.UNSPECIFIED.) CURVE() 
GEOMETRIC_REPRESENTATION_ITEM() RATIONAL_B_SPLINE_CURVE((1.,
0.707106781187,1.,0.707106781187,1.)) REPRESENTATION_ITEM('') );
#1510 = CARTESIAN_POINT('',(52.225,75.45,6.3));
#1511 = CARTESIAN_POINT('',(52.225,75.45,5.75));
#1512 = CARTESIAN_POINT('',(52.225,76.,5.75));
#1513 = CARTESIAN_POINT('',(52.225,76.55,5.75));
#1514 = CARTESIAN_POINT('',(52.225,76.55,6.3));
#1515 = ORIENTED_EDGE('',*,*,#1486,.F.);
#1516 = CYLINDRICAL_SURFACE('',#1517,0.55);
#1517 = AXIS2_PLACEMENT_3D('',#1518,#1519,#1520);
#1518 = CARTESIAN_POINT('',(55.125,76.,6.3));
#1519 = DIRECTION('',(1.,3.229739708E-14,3.229739708E-14));
#1520 = DIRECTION('',(-3.229739708E-14,0.,1.));
#1521 = ADVANCED_FACE('',(#1522),#1538,.T.);
#1522 = FACE_BOUND('',#1523,.T.);
#1523 = EDGE_LOOP('',(#1524,#1525,#1532,#1537));
#1524 = ORIENTED_EDGE('',*,*,#1501,.T.);
#1525 = ORIENTED_EDGE('',*,*,#1526,.F.);
#1526 = EDGE_CURVE('',#1527,#1502,#1529,.T.);
#1527 = VERTEX_POINT('',#1528);
#1528 = CARTESIAN_POINT('',(52.225,75.45,6.8));
#1529 = B_SPLINE_CURVE_WITH_KNOTS('',1,(#1530,#1531),.UNSPECIFIED.,.F.,
  .F.,(2,2),(-0.5,0.),.PIECEWISE_BEZIER_KNOTS.);
#1530 = CARTESIAN_POINT('',(52.225,75.45,6.8));
#1531 = CARTESIAN_POINT('',(52.225,75.45,6.3));
#1532 = ORIENTED_EDGE('',*,*,#1533,.F.);
#1533 = EDGE_CURVE('',#1371,#1527,#1534,.T.);
#1534 = B_SPLINE_CURVE_WITH_KNOTS('',1,(#1535,#1536),.UNSPECIFIED.,.F.,
  .F.,(2,2),(0.,1.4),.PIECEWISE_BEZIER_KNOTS.);
#1535 = CARTESIAN_POINT('',(53.625,75.45,6.8));
#1536 = CARTESIAN_POINT('',(52.225,75.45,6.8));
#1537 = ORIENTED_EDGE('',*,*,#1370,.F.);
#1538 = PLANE('',#1539);
#1539 = AXIS2_PLACEMENT_3D('',#1540,#1541,#1542);
#1540 = CARTESIAN_POINT('',(58.025,75.45,6.8));
#1541 = DIRECTION('',(0.,1.,0.));
#1542 = DIRECTION('',(0.,-0.,1.));
#1543 = ADVANCED_FACE('',(#1544),#1582,.T.);
#1544 = FACE_BOUND('',#1545,.T.);
#1545 = EDGE_LOOP('',(#1546,#1553,#1554,#1555,#1556,#1563,#1570,#1577));
#1546 = ORIENTED_EDGE('',*,*,#1547,.T.);
#1547 = EDGE_CURVE('',#1548,#1473,#1550,.T.);
#1548 = VERTEX_POINT('',#1549);
#1549 = CARTESIAN_POINT('',(52.225,77.3,6.8));
#1550 = B_SPLINE_CURVE_WITH_KNOTS('',1,(#1551,#1552),.UNSPECIFIED.,.F.,
  .F.,(2,2),(12.2,12.95),.PIECEWISE_BEZIER_KNOTS.);
#1551 = CARTESIAN_POINT('',(52.225,77.3,6.8));
#1552 = CARTESIAN_POINT('',(52.225,76.55,6.8));
#1553 = ORIENTED_EDGE('',*,*,#1472,.T.);
#1554 = ORIENTED_EDGE('',*,*,#1280,.T.);
#1555 = ORIENTED_EDGE('',*,*,#1412,.T.);
#1556 = ORIENTED_EDGE('',*,*,#1557,.T.);
#1557 = EDGE_CURVE('',#1406,#1558,#1560,.T.);
#1558 = VERTEX_POINT('',#1559);
#1559 = CARTESIAN_POINT('',(58.025,77.3,6.8));
#1560 = B_SPLINE_CURVE_WITH_KNOTS('',1,(#1561,#1562),.UNSPECIFIED.,.F.,
  .F.,(2,2),(5.65,6.4),.PIECEWISE_BEZIER_KNOTS.);
#1561 = CARTESIAN_POINT('',(58.025,76.55,6.8));
#1562 = CARTESIAN_POINT('',(58.025,77.3,6.8));
#1563 = ORIENTED_EDGE('',*,*,#1564,.T.);
#1564 = EDGE_CURVE('',#1558,#1565,#1567,.T.);
#1565 = VERTEX_POINT('',#1566);
#1566 = CARTESIAN_POINT('',(56.625,77.3,6.8));
#1567 = B_SPLINE_CURVE_WITH_KNOTS('',1,(#1568,#1569),.UNSPECIFIED.,.F.,
  .F.,(2,2),(6.4,7.8),.PIECEWISE_BEZIER_KNOTS.);
#1568 = CARTESIAN_POINT('',(58.025,77.3,6.8));
#1569 = CARTESIAN_POINT('',(56.625,77.3,6.8));
#1570 = ORIENTED_EDGE('',*,*,#1571,.T.);
#1571 = EDGE_CURVE('',#1565,#1572,#1574,.T.);
#1572 = VERTEX_POINT('',#1573);
#1573 = CARTESIAN_POINT('',(53.625,77.3,6.8));
#1574 = B_SPLINE_CURVE_WITH_KNOTS('',1,(#1575,#1576),.UNSPECIFIED.,.F.,
  .F.,(2,2),(7.8,10.8),.PIECEWISE_BEZIER_KNOTS.);
#1575 = CARTESIAN_POINT('',(56.625,77.3,6.8));
#1576 = CARTESIAN_POINT('',(53.625,77.3,6.8));
#1577 = ORIENTED_EDGE('',*,*,#1578,.T.);
#1578 = EDGE_CURVE('',#1572,#1548,#1579,.T.);
#1579 = B_SPLINE_CURVE_WITH_KNOTS('',1,(#1580,#1581),.UNSPECIFIED.,.F.,
  .F.,(2,2),(10.8,12.2),.PIECEWISE_BEZIER_KNOTS.);
#1580 = CARTESIAN_POINT('',(53.625,77.3,6.8));
#1581 = CARTESIAN_POINT('',(52.225,77.3,6.8));
#1582 = PLANE('',#1583);
#1583 = AXIS2_PLACEMENT_3D('',#1584,#1585,#1586);
#1584 = CARTESIAN_POINT('',(52.167,76.54,6.8));
#1585 = DIRECTION('',(0.,0.,1.));
#1586 = DIRECTION('',(1.,0.,-0.));
#1587 = ADVANCED_FACE('',(#1588),#1610,.T.);
#1588 = FACE_BOUND('',#1589,.T.);
#1589 = EDGE_LOOP('',(#1590,#1599,#1604,#1605));
#1590 = ORIENTED_EDGE('',*,*,#1591,.T.);
#1591 = EDGE_CURVE('',#1592,#1594,#1596,.T.);
#1592 = VERTEX_POINT('',#1593);
#1593 = CARTESIAN_POINT('',(58.025,77.3,5.6));
#1594 = VERTEX_POINT('',#1595);
#1595 = CARTESIAN_POINT('',(56.625,77.3,5.6));
#1596 = B_SPLINE_CURVE_WITH_KNOTS('',1,(#1597,#1598),.UNSPECIFIED.,.F.,
  .F.,(2,2),(0.,1.4),.PIECEWISE_BEZIER_KNOTS.);
#1597 = CARTESIAN_POINT('',(58.025,77.3,5.6));
#1598 = CARTESIAN_POINT('',(56.625,77.3,5.6));
#1599 = ORIENTED_EDGE('',*,*,#1600,.F.);
#1600 = EDGE_CURVE('',#1565,#1594,#1601,.T.);
#1601 = B_SPLINE_CURVE_WITH_KNOTS('',1,(#1602,#1603),.UNSPECIFIED.,.F.,
  .F.,(2,2),(0.,1.2),.PIECEWISE_BEZIER_KNOTS.);
#1602 = CARTESIAN_POINT('',(56.625,77.3,6.8));
#1603 = CARTESIAN_POINT('',(56.625,77.3,5.6));
#1604 = ORIENTED_EDGE('',*,*,#1564,.F.);
#1605 = ORIENTED_EDGE('',*,*,#1606,.T.);
#1606 = EDGE_CURVE('',#1558,#1592,#1607,.T.);
#1607 = B_SPLINE_CURVE_WITH_KNOTS('',1,(#1608,#1609),.UNSPECIFIED.,.F.,
  .F.,(2,2),(0.,1.2),.PIECEWISE_BEZIER_KNOTS.);
#1608 = CARTESIAN_POINT('',(58.025,77.3,6.8));
#1609 = CARTESIAN_POINT('',(58.025,77.3,5.6));
#1610 = PLANE('',#1611);
#1611 = AXIS2_PLACEMENT_3D('',#1612,#1613,#1614);
#1612 = CARTESIAN_POINT('',(58.025,77.3,6.8));
#1613 = DIRECTION('',(0.,1.,0.));
#1614 = DIRECTION('',(0.,-0.,1.));
#1615 = ADVANCED_FACE('',(#1616),#1656,.T.);
#1616 = FACE_BOUND('',#1617,.T.);
#1617 = EDGE_LOOP('',(#1618,#1627,#1634,#1639,#1640,#1641,#1642,#1643,
    #1644,#1651));
#1618 = ORIENTED_EDGE('',*,*,#1619,.T.);
#1619 = EDGE_CURVE('',#1620,#1622,#1624,.T.);
#1620 = VERTEX_POINT('',#1621);
#1621 = CARTESIAN_POINT('',(58.025,74.65,5.6));
#1622 = VERTEX_POINT('',#1623);
#1623 = CARTESIAN_POINT('',(58.025,75.45,4.8));
#1624 = B_SPLINE_CURVE_WITH_KNOTS('',1,(#1625,#1626),.UNSPECIFIED.,.F.,
  .F.,(2,2),(0.,1.131370849898),.PIECEWISE_BEZIER_KNOTS.);
#1625 = CARTESIAN_POINT('',(58.025,74.65,5.6));
#1626 = CARTESIAN_POINT('',(58.025,75.45,4.8));
#1627 = ORIENTED_EDGE('',*,*,#1628,.T.);
#1628 = EDGE_CURVE('',#1622,#1629,#1631,.T.);
#1629 = VERTEX_POINT('',#1630);
#1630 = CARTESIAN_POINT('',(58.025,76.55,4.8));
#1631 = B_SPLINE_CURVE_WITH_KNOTS('',1,(#1632,#1633),.UNSPECIFIED.,.F.,
  .F.,(2,2),(1.131370849898,2.231370849898),.PIECEWISE_BEZIER_KNOTS.);
#1632 = CARTESIAN_POINT('',(58.025,75.45,4.8));
#1633 = CARTESIAN_POINT('',(58.025,76.55,4.8));
#1634 = ORIENTED_EDGE('',*,*,#1635,.T.);
#1635 = EDGE_CURVE('',#1629,#1592,#1636,.T.);
#1636 = B_SPLINE_CURVE_WITH_KNOTS('',1,(#1637,#1638),.UNSPECIFIED.,.F.,
  .F.,(2,2),(2.231370849898,3.327956459871),.PIECEWISE_BEZIER_KNOTS.);
#1637 = CARTESIAN_POINT('',(58.025,76.55,4.8));
#1638 = CARTESIAN_POINT('',(58.025,77.3,5.6));
#1639 = ORIENTED_EDGE('',*,*,#1606,.F.);
#1640 = ORIENTED_EDGE('',*,*,#1557,.F.);
#1641 = ORIENTED_EDGE('',*,*,#1405,.F.);
#1642 = ORIENTED_EDGE('',*,*,#1426,.F.);
#1643 = ORIENTED_EDGE('',*,*,#1458,.F.);
#1644 = ORIENTED_EDGE('',*,*,#1645,.F.);
#1645 = EDGE_CURVE('',#1646,#1452,#1648,.T.);
#1646 = VERTEX_POINT('',#1647);
#1647 = CARTESIAN_POINT('',(58.025,74.65,6.8));
#1648 = B_SPLINE_CURVE_WITH_KNOTS('',1,(#1649,#1650),.UNSPECIFIED.,.F.,
  .F.,(2,2),(0.,0.8),.PIECEWISE_BEZIER_KNOTS.);
#1649 = CARTESIAN_POINT('',(58.025,74.65,6.8));
#1650 = CARTESIAN_POINT('',(58.025,75.45,6.8));
#1651 = ORIENTED_EDGE('',*,*,#1652,.F.);
#1652 = EDGE_CURVE('',#1620,#1646,#1653,.T.);
#1653 = B_SPLINE_CURVE_WITH_KNOTS('',1,(#1654,#1655),.UNSPECIFIED.,.F.,
  .F.,(2,2),(0.8,2.),.PIECEWISE_BEZIER_KNOTS.);
#1654 = CARTESIAN_POINT('',(58.025,74.65,5.6));
#1655 = CARTESIAN_POINT('',(58.025,74.65,6.8));
#1656 = PLANE('',#1657);
#1657 = AXIS2_PLACEMENT_3D('',#1658,#1659,#1660);
#1658 = CARTESIAN_POINT('',(58.025,70.9,6.8));
#1659 = DIRECTION('',(1.,0.,0.));
#1660 = DIRECTION('',(-0.,0.,1.));
#1661 = ADVANCED_FACE('',(#1662),#1676,.T.);
#1662 = FACE_BOUND('',#1663,.T.);
#1663 = EDGE_LOOP('',(#1664,#1665,#1670,#1671));
#1664 = ORIENTED_EDGE('',*,*,#1652,.T.);
#1665 = ORIENTED_EDGE('',*,*,#1666,.F.);
#1666 = EDGE_CURVE('',#1310,#1646,#1667,.T.);
#1667 = B_SPLINE_CURVE_WITH_KNOTS('',1,(#1668,#1669),.UNSPECIFIED.,.F.,
  .F.,(2,2),(0.,1.4),.PIECEWISE_BEZIER_KNOTS.);
#1668 = CARTESIAN_POINT('',(56.625,74.65,6.8));
#1669 = CARTESIAN_POINT('',(58.025,74.65,6.8));
#1670 = ORIENTED_EDGE('',*,*,#1307,.F.);
#1671 = ORIENTED_EDGE('',*,*,#1672,.F.);
#1672 = EDGE_CURVE('',#1620,#1308,#1673,.T.);
#1673 = B_SPLINE_CURVE_WITH_KNOTS('',1,(#1674,#1675),.UNSPECIFIED.,.F.,
  .F.,(2,2),(0.,1.4),.PIECEWISE_BEZIER_KNOTS.);
#1674 = CARTESIAN_POINT('',(58.025,74.65,5.6));
#1675 = CARTESIAN_POINT('',(56.625,74.65,5.6));
#1676 = PLANE('',#1677);
#1677 = AXIS2_PLACEMENT_3D('',#1678,#1679,#1680);
#1678 = CARTESIAN_POINT('',(56.625,74.65,4.8));
#1679 = DIRECTION('',(0.,-1.,0.));
#1680 = DIRECTION('',(0.,-0.,-1.));
#1681 = ADVANCED_FACE('',(#1682),#1698,.T.);
#1682 = FACE_BOUND('',#1683,.T.);
#1683 = EDGE_LOOP('',(#1684,#1691,#1696,#1697));
#1684 = ORIENTED_EDGE('',*,*,#1685,.T.);
#1685 = EDGE_CURVE('',#1594,#1686,#1688,.T.);
#1686 = VERTEX_POINT('',#1687);
#1687 = CARTESIAN_POINT('',(53.625,77.3,5.6));
#1688 = B_SPLINE_CURVE_WITH_KNOTS('',1,(#1689,#1690),.UNSPECIFIED.,.F.,
  .F.,(2,2),(1.4,4.4),.PIECEWISE_BEZIER_KNOTS.);
#1689 = CARTESIAN_POINT('',(56.625,77.3,5.6));
#1690 = CARTESIAN_POINT('',(53.625,77.3,5.6));
#1691 = ORIENTED_EDGE('',*,*,#1692,.F.);
#1692 = EDGE_CURVE('',#1572,#1686,#1693,.T.);
#1693 = B_SPLINE_CURVE_WITH_KNOTS('',1,(#1694,#1695),.UNSPECIFIED.,.F.,
  .F.,(2,2),(0.,1.2),.PIECEWISE_BEZIER_KNOTS.);
#1694 = CARTESIAN_POINT('',(53.625,77.3,6.8));
#1695 = CARTESIAN_POINT('',(53.625,77.3,5.6));
#1696 = ORIENTED_EDGE('',*,*,#1571,.F.);
#1697 = ORIENTED_EDGE('',*,*,#1600,.T.);
#1698 = PLANE('',#1699);
#1699 = AXIS2_PLACEMENT_3D('',#1700,#1701,#1702);
#1700 = CARTESIAN_POINT('',(58.025,77.3,6.8));
#1701 = DIRECTION('',(0.,1.,0.));
#1702 = DIRECTION('',(0.,-0.,1.));
#1703 = ADVANCED_FACE('',(#1704),#1720,.T.);
#1704 = FACE_BOUND('',#1705,.T.);
#1705 = EDGE_LOOP('',(#1706,#1713,#1718,#1719));
#1706 = ORIENTED_EDGE('',*,*,#1707,.T.);
#1707 = EDGE_CURVE('',#1686,#1708,#1710,.T.);
#1708 = VERTEX_POINT('',#1709);
#1709 = CARTESIAN_POINT('',(52.225,77.3,5.6));
#1710 = B_SPLINE_CURVE_WITH_KNOTS('',1,(#1711,#1712),.UNSPECIFIED.,.F.,
  .F.,(2,2),(4.4,5.8),.PIECEWISE_BEZIER_KNOTS.);
#1711 = CARTESIAN_POINT('',(53.625,77.3,5.6));
#1712 = CARTESIAN_POINT('',(52.225,77.3,5.6));
#1713 = ORIENTED_EDGE('',*,*,#1714,.F.);
#1714 = EDGE_CURVE('',#1548,#1708,#1715,.T.);
#1715 = B_SPLINE_CURVE_WITH_KNOTS('',1,(#1716,#1717),.UNSPECIFIED.,.F.,
  .F.,(2,2),(0.,1.2),.PIECEWISE_BEZIER_KNOTS.);
#1716 = CARTESIAN_POINT('',(52.225,77.3,6.8));
#1717 = CARTESIAN_POINT('',(52.225,77.3,5.6));
#1718 = ORIENTED_EDGE('',*,*,#1578,.F.);
#1719 = ORIENTED_EDGE('',*,*,#1692,.T.);
#1720 = PLANE('',#1721);
#1721 = AXIS2_PLACEMENT_3D('',#1722,#1723,#1724);
#1722 = CARTESIAN_POINT('',(58.025,77.3,6.8));
#1723 = DIRECTION('',(0.,1.,0.));
#1724 = DIRECTION('',(0.,-0.,1.));
#1725 = ADVANCED_FACE('',(#1726),#1766,.T.);
#1726 = FACE_BOUND('',#1727,.T.);
#1727 = EDGE_LOOP('',(#1728,#1737,#1742,#1743,#1744,#1745,#1746,#1747,
    #1754,#1761));
#1728 = ORIENTED_EDGE('',*,*,#1729,.T.);
#1729 = EDGE_CURVE('',#1730,#1732,#1734,.T.);
#1730 = VERTEX_POINT('',#1731);
#1731 = CARTESIAN_POINT('',(52.225,74.65,5.6));
#1732 = VERTEX_POINT('',#1733);
#1733 = CARTESIAN_POINT('',(52.225,74.65,6.8));
#1734 = B_SPLINE_CURVE_WITH_KNOTS('',1,(#1735,#1736),.UNSPECIFIED.,.F.,
  .F.,(2,2),(0.8,2.),.PIECEWISE_BEZIER_KNOTS.);
#1735 = CARTESIAN_POINT('',(52.225,74.65,5.6));
#1736 = CARTESIAN_POINT('',(52.225,74.65,6.8));
#1737 = ORIENTED_EDGE('',*,*,#1738,.F.);
#1738 = EDGE_CURVE('',#1527,#1732,#1739,.T.);
#1739 = B_SPLINE_CURVE_WITH_KNOTS('',1,(#1740,#1741),.UNSPECIFIED.,.F.,
  .F.,(2,2),(0.,0.8),.PIECEWISE_BEZIER_KNOTS.);
#1740 = CARTESIAN_POINT('',(52.225,75.45,6.8));
#1741 = CARTESIAN_POINT('',(52.225,74.65,6.8));
#1742 = ORIENTED_EDGE('',*,*,#1526,.T.);
#1743 = ORIENTED_EDGE('',*,*,#1508,.T.);
#1744 = ORIENTED_EDGE('',*,*,#1479,.T.);
#1745 = ORIENTED_EDGE('',*,*,#1547,.F.);
#1746 = ORIENTED_EDGE('',*,*,#1714,.T.);
#1747 = ORIENTED_EDGE('',*,*,#1748,.F.);
#1748 = EDGE_CURVE('',#1749,#1708,#1751,.T.);
#1749 = VERTEX_POINT('',#1750);
#1750 = CARTESIAN_POINT('',(52.225,76.55,4.8));
#1751 = B_SPLINE_CURVE_WITH_KNOTS('',1,(#1752,#1753),.UNSPECIFIED.,.F.,
  .F.,(2,2),(2.231370849898,3.327956459871),.PIECEWISE_BEZIER_KNOTS.);
#1752 = CARTESIAN_POINT('',(52.225,76.55,4.8));
#1753 = CARTESIAN_POINT('',(52.225,77.3,5.6));
#1754 = ORIENTED_EDGE('',*,*,#1755,.F.);
#1755 = EDGE_CURVE('',#1756,#1749,#1758,.T.);
#1756 = VERTEX_POINT('',#1757);
#1757 = CARTESIAN_POINT('',(52.225,75.45,4.8));
#1758 = B_SPLINE_CURVE_WITH_KNOTS('',1,(#1759,#1760),.UNSPECIFIED.,.F.,
  .F.,(2,2),(1.131370849898,2.231370849898),.PIECEWISE_BEZIER_KNOTS.);
#1759 = CARTESIAN_POINT('',(52.225,75.45,4.8));
#1760 = CARTESIAN_POINT('',(52.225,76.55,4.8));
#1761 = ORIENTED_EDGE('',*,*,#1762,.F.);
#1762 = EDGE_CURVE('',#1730,#1756,#1763,.T.);
#1763 = B_SPLINE_CURVE_WITH_KNOTS('',1,(#1764,#1765),.UNSPECIFIED.,.F.,
  .F.,(2,2),(0.,1.131370849898),.PIECEWISE_BEZIER_KNOTS.);
#1764 = CARTESIAN_POINT('',(52.225,74.65,5.6));
#1765 = CARTESIAN_POINT('',(52.225,75.45,4.8));
#1766 = PLANE('',#1767);
#1767 = AXIS2_PLACEMENT_3D('',#1768,#1769,#1770);
#1768 = CARTESIAN_POINT('',(52.225,77.3,6.8));
#1769 = DIRECTION('',(-1.,0.,0.));
#1770 = DIRECTION('',(0.,0.,-1.));
#1771 = ADVANCED_FACE('',(#1772),#1786,.T.);
#1772 = FACE_BOUND('',#1773,.T.);
#1773 = EDGE_LOOP('',(#1774,#1775,#1780,#1781));
#1774 = ORIENTED_EDGE('',*,*,#1384,.T.);
#1775 = ORIENTED_EDGE('',*,*,#1776,.F.);
#1776 = EDGE_CURVE('',#1732,#1378,#1777,.T.);
#1777 = B_SPLINE_CURVE_WITH_KNOTS('',1,(#1778,#1779),.UNSPECIFIED.,.F.,
  .F.,(2,2),(0.,1.4),.PIECEWISE_BEZIER_KNOTS.);
#1778 = CARTESIAN_POINT('',(52.225,74.65,6.8));
#1779 = CARTESIAN_POINT('',(53.625,74.65,6.8));
#1780 = ORIENTED_EDGE('',*,*,#1729,.F.);
#1781 = ORIENTED_EDGE('',*,*,#1782,.F.);
#1782 = EDGE_CURVE('',#1353,#1730,#1783,.T.);
#1783 = B_SPLINE_CURVE_WITH_KNOTS('',1,(#1784,#1785),.UNSPECIFIED.,.F.,
  .F.,(2,2),(4.4,5.8),.PIECEWISE_BEZIER_KNOTS.);
#1784 = CARTESIAN_POINT('',(53.625,74.65,5.6));
#1785 = CARTESIAN_POINT('',(52.225,74.65,5.6));
#1786 = PLANE('',#1787);
#1787 = AXIS2_PLACEMENT_3D('',#1788,#1789,#1790);
#1788 = CARTESIAN_POINT('',(52.225,74.65,4.8));
#1789 = DIRECTION('',(0.,-1.,0.));
#1790 = DIRECTION('',(0.,-0.,-1.));
#1791 = ADVANCED_FACE('',(#1792),#1820,.T.);
#1792 = FACE_BOUND('',#1793,.T.);
#1793 = EDGE_LOOP('',(#1794,#1803,#1808,#1815));
#1794 = ORIENTED_EDGE('',*,*,#1795,.T.);
#1795 = EDGE_CURVE('',#1796,#1798,#1800,.T.);
#1796 = VERTEX_POINT('',#1797);
#1797 = CARTESIAN_POINT('',(56.625,74.45,4.8));
#1798 = VERTEX_POINT('',#1799);
#1799 = CARTESIAN_POINT('',(56.625,75.45,4.8));
#1800 = B_SPLINE_CURVE_WITH_KNOTS('',1,(#1801,#1802),.UNSPECIFIED.,.F.,
  .F.,(2,2),(3.25,4.25),.PIECEWISE_BEZIER_KNOTS.);
#1801 = CARTESIAN_POINT('',(56.625,74.45,4.8));
#1802 = CARTESIAN_POINT('',(56.625,75.45,4.8));
#1803 = ORIENTED_EDGE('',*,*,#1804,.F.);
#1804 = EDGE_CURVE('',#1308,#1798,#1805,.T.);
#1805 = B_SPLINE_CURVE_WITH_KNOTS('',1,(#1806,#1807),.UNSPECIFIED.,.F.,
  .F.,(2,2),(0.,1.131370849898),.PIECEWISE_BEZIER_KNOTS.);
#1806 = CARTESIAN_POINT('',(56.625,74.65,5.6));
#1807 = CARTESIAN_POINT('',(56.625,75.45,4.8));
#1808 = ORIENTED_EDGE('',*,*,#1809,.F.);
#1809 = EDGE_CURVE('',#1810,#1308,#1812,.T.);
#1810 = VERTEX_POINT('',#1811);
#1811 = CARTESIAN_POINT('',(56.625,74.45,5.6));
#1812 = B_SPLINE_CURVE_WITH_KNOTS('',1,(#1813,#1814),.UNSPECIFIED.,.F.,
  .F.,(2,2),(3.25,3.45),.PIECEWISE_BEZIER_KNOTS.);
#1813 = CARTESIAN_POINT('',(56.625,74.45,5.6));
#1814 = CARTESIAN_POINT('',(56.625,74.65,5.6));
#1815 = ORIENTED_EDGE('',*,*,#1816,.F.);
#1816 = EDGE_CURVE('',#1796,#1810,#1817,.T.);
#1817 = B_SPLINE_CURVE_WITH_KNOTS('',1,(#1818,#1819),.UNSPECIFIED.,.F.,
  .F.,(2,2),(4.260558168671,5.060558168671),.PIECEWISE_BEZIER_KNOTS.);
#1818 = CARTESIAN_POINT('',(56.625,74.45,4.8));
#1819 = CARTESIAN_POINT('',(56.625,74.45,5.6));
#1820 = PLANE('',#1821);
#1821 = AXIS2_PLACEMENT_3D('',#1822,#1823,#1824);
#1822 = CARTESIAN_POINT('',(56.625,71.2,4.8));
#1823 = DIRECTION('',(1.,0.,0.));
#1824 = DIRECTION('',(-0.,0.,1.));
#1825 = ADVANCED_FACE('',(#1826),#1854,.T.);
#1826 = FACE_BOUND('',#1827,.T.);
#1827 = EDGE_LOOP('',(#1828,#1837,#1842,#1849));
#1828 = ORIENTED_EDGE('',*,*,#1829,.T.);
#1829 = EDGE_CURVE('',#1830,#1832,#1834,.T.);
#1830 = VERTEX_POINT('',#1831);
#1831 = CARTESIAN_POINT('',(53.625,74.45,4.8));
#1832 = VERTEX_POINT('',#1833);
#1833 = CARTESIAN_POINT('',(53.625,74.45,5.6));
#1834 = B_SPLINE_CURVE_WITH_KNOTS('',1,(#1835,#1836),.UNSPECIFIED.,.F.,
  .F.,(2,2),(0.,0.8),.PIECEWISE_BEZIER_KNOTS.);
#1835 = CARTESIAN_POINT('',(53.625,74.45,4.8));
#1836 = CARTESIAN_POINT('',(53.625,74.45,5.6));
#1837 = ORIENTED_EDGE('',*,*,#1838,.T.);
#1838 = EDGE_CURVE('',#1832,#1353,#1839,.T.);
#1839 = B_SPLINE_CURVE_WITH_KNOTS('',1,(#1840,#1841),.UNSPECIFIED.,.F.,
  .F.,(2,2),(3.25,3.45),.PIECEWISE_BEZIER_KNOTS.);
#1840 = CARTESIAN_POINT('',(53.625,74.45,5.6));
#1841 = CARTESIAN_POINT('',(53.625,74.65,5.6));
#1842 = ORIENTED_EDGE('',*,*,#1843,.T.);
#1843 = EDGE_CURVE('',#1353,#1844,#1846,.T.);
#1844 = VERTEX_POINT('',#1845);
#1845 = CARTESIAN_POINT('',(53.625,75.45,4.8));
#1846 = B_SPLINE_CURVE_WITH_KNOTS('',1,(#1847,#1848),.UNSPECIFIED.,.F.,
  .F.,(2,2),(0.,1.131370849898),.PIECEWISE_BEZIER_KNOTS.);
#1847 = CARTESIAN_POINT('',(53.625,74.65,5.6));
#1848 = CARTESIAN_POINT('',(53.625,75.45,4.8));
#1849 = ORIENTED_EDGE('',*,*,#1850,.F.);
#1850 = EDGE_CURVE('',#1830,#1844,#1851,.T.);
#1851 = B_SPLINE_CURVE_WITH_KNOTS('',1,(#1852,#1853),.UNSPECIFIED.,.F.,
  .F.,(2,2),(3.25,4.25),.PIECEWISE_BEZIER_KNOTS.);
#1852 = CARTESIAN_POINT('',(53.625,74.45,4.8));
#1853 = CARTESIAN_POINT('',(53.625,75.45,4.8));
#1854 = PLANE('',#1855);
#1855 = AXIS2_PLACEMENT_3D('',#1856,#1857,#1858);
#1856 = CARTESIAN_POINT('',(53.625,71.2,4.8));
#1857 = DIRECTION('',(-1.,0.,0.));
#1858 = DIRECTION('',(0.,0.,-1.));
#1859 = ADVANCED_FACE('',(#1860),#1870,.T.);
#1860 = FACE_BOUND('',#1861,.T.);
#1861 = EDGE_LOOP('',(#1862,#1863,#1868,#1869));
#1862 = ORIENTED_EDGE('',*,*,#1804,.T.);
#1863 = ORIENTED_EDGE('',*,*,#1864,.F.);
#1864 = EDGE_CURVE('',#1622,#1798,#1865,.T.);
#1865 = B_SPLINE_CURVE_WITH_KNOTS('',1,(#1866,#1867),.UNSPECIFIED.,.F.,
  .F.,(2,2),(0.,1.4),.PIECEWISE_BEZIER_KNOTS.);
#1866 = CARTESIAN_POINT('',(58.025,75.45,4.8));
#1867 = CARTESIAN_POINT('',(56.625,75.45,4.8));
#1868 = ORIENTED_EDGE('',*,*,#1619,.F.);
#1869 = ORIENTED_EDGE('',*,*,#1672,.T.);
#1870 = PLANE('',#1871);
#1871 = AXIS2_PLACEMENT_3D('',#1872,#1873,#1874);
#1872 = CARTESIAN_POINT('',(58.025,74.65,5.6));
#1873 = DIRECTION('',(3.925231146709E-17,-0.707106781187,-0.707106781187
    ));
#1874 = DIRECTION('',(0.,-0.707106781187,0.707106781187));
#1875 = ADVANCED_FACE('',(#1876),#1888,.T.);
#1876 = FACE_BOUND('',#1877,.T.);
#1877 = EDGE_LOOP('',(#1878,#1883,#1884,#1885,#1886,#1887));
#1878 = ORIENTED_EDGE('',*,*,#1879,.T.);
#1879 = EDGE_CURVE('',#1629,#1749,#1880,.T.);
#1880 = B_SPLINE_CURVE_WITH_KNOTS('',1,(#1881,#1882),.UNSPECIFIED.,.F.,
  .F.,(2,2),(0.,5.8),.PIECEWISE_BEZIER_KNOTS.);
#1881 = CARTESIAN_POINT('',(58.025,76.55,4.8));
#1882 = CARTESIAN_POINT('',(52.225,76.55,4.8));
#1883 = ORIENTED_EDGE('',*,*,#1748,.T.);
#1884 = ORIENTED_EDGE('',*,*,#1707,.F.);
#1885 = ORIENTED_EDGE('',*,*,#1685,.F.);
#1886 = ORIENTED_EDGE('',*,*,#1591,.F.);
#1887 = ORIENTED_EDGE('',*,*,#1635,.F.);
#1888 = PLANE('',#1889);
#1889 = AXIS2_PLACEMENT_3D('',#1890,#1891,#1892);
#1890 = CARTESIAN_POINT('',(58.025,76.55,4.8));
#1891 = DIRECTION('',(-6.099928416469E-16,0.72953720414,-0.683941128881)
  );
#1892 = DIRECTION('',(0.,0.683941128881,0.72953720414));
#1893 = ADVANCED_FACE('',(#1894),#1904,.T.);
#1894 = FACE_BOUND('',#1895,.T.);
#1895 = EDGE_LOOP('',(#1896,#1897,#1898,#1903));
#1896 = ORIENTED_EDGE('',*,*,#1782,.T.);
#1897 = ORIENTED_EDGE('',*,*,#1762,.T.);
#1898 = ORIENTED_EDGE('',*,*,#1899,.F.);
#1899 = EDGE_CURVE('',#1844,#1756,#1900,.T.);
#1900 = B_SPLINE_CURVE_WITH_KNOTS('',1,(#1901,#1902),.UNSPECIFIED.,.F.,
  .F.,(2,2),(4.4,5.8),.PIECEWISE_BEZIER_KNOTS.);
#1901 = CARTESIAN_POINT('',(53.625,75.45,4.8));
#1902 = CARTESIAN_POINT('',(52.225,75.45,4.8));
#1903 = ORIENTED_EDGE('',*,*,#1843,.F.);
#1904 = PLANE('',#1905);
#1905 = AXIS2_PLACEMENT_3D('',#1906,#1907,#1908);
#1906 = CARTESIAN_POINT('',(58.025,74.65,5.6));
#1907 = DIRECTION('',(3.925231146709E-17,-0.707106781187,-0.707106781187
    ));
#1908 = DIRECTION('',(0.,-0.707106781187,0.707106781187));
#1909 = ADVANCED_FACE('',(#1910),#1922,.T.);
#1910 = FACE_BOUND('',#1911,.T.);
#1911 = EDGE_LOOP('',(#1912,#1917,#1918,#1919,#1920,#1921));
#1912 = ORIENTED_EDGE('',*,*,#1913,.T.);
#1913 = EDGE_CURVE('',#1832,#1810,#1914,.T.);
#1914 = B_SPLINE_CURVE_WITH_KNOTS('',1,(#1915,#1916),.UNSPECIFIED.,.F.,
  .F.,(2,2),(-3.,0.),.PIECEWISE_BEZIER_KNOTS.);
#1915 = CARTESIAN_POINT('',(53.625,74.45,5.6));
#1916 = CARTESIAN_POINT('',(56.625,74.45,5.6));
#1917 = ORIENTED_EDGE('',*,*,#1809,.T.);
#1918 = ORIENTED_EDGE('',*,*,#1339,.T.);
#1919 = ORIENTED_EDGE('',*,*,#1257,.F.);
#1920 = ORIENTED_EDGE('',*,*,#1352,.F.);
#1921 = ORIENTED_EDGE('',*,*,#1838,.F.);
#1922 = PLANE('',#1923);
#1923 = AXIS2_PLACEMENT_3D('',#1924,#1925,#1926);
#1924 = CARTESIAN_POINT('',(56.625,71.2,5.6));
#1925 = DIRECTION('',(0.,0.,1.));
#1926 = DIRECTION('',(1.,0.,-0.));
#1927 = ADVANCED_FACE('',(#1928),#1934,.T.);
#1928 = FACE_BOUND('',#1929,.T.);
#1929 = EDGE_LOOP('',(#1930,#1931,#1932,#1933));
#1930 = ORIENTED_EDGE('',*,*,#1316,.T.);
#1931 = ORIENTED_EDGE('',*,*,#1666,.T.);
#1932 = ORIENTED_EDGE('',*,*,#1645,.T.);
#1933 = ORIENTED_EDGE('',*,*,#1451,.T.);
#1934 = PLANE('',#1935);
#1935 = AXIS2_PLACEMENT_3D('',#1936,#1937,#1938);
#1936 = CARTESIAN_POINT('',(56.625,74.65,6.8));
#1937 = DIRECTION('',(0.,0.,1.));
#1938 = DIRECTION('',(1.,0.,-0.));
#1939 = ADVANCED_FACE('',(#1940),#1946,.T.);
#1940 = FACE_BOUND('',#1941,.T.);
#1941 = EDGE_LOOP('',(#1942,#1943,#1944,#1945));
#1942 = ORIENTED_EDGE('',*,*,#1776,.T.);
#1943 = ORIENTED_EDGE('',*,*,#1377,.T.);
#1944 = ORIENTED_EDGE('',*,*,#1533,.T.);
#1945 = ORIENTED_EDGE('',*,*,#1738,.T.);
#1946 = PLANE('',#1947);
#1947 = AXIS2_PLACEMENT_3D('',#1948,#1949,#1950);
#1948 = CARTESIAN_POINT('',(52.225,74.65,6.8));
#1949 = DIRECTION('',(0.,0.,1.));
#1950 = DIRECTION('',(1.,0.,-0.));
#1951 = ADVANCED_FACE('',(#1952),#1966,.T.);
#1952 = FACE_BOUND('',#1953,.T.);
#1953 = EDGE_LOOP('',(#1954,#1955,#1960,#1961));
#1954 = ORIENTED_EDGE('',*,*,#1816,.T.);
#1955 = ORIENTED_EDGE('',*,*,#1956,.F.);
#1956 = EDGE_CURVE('',#313,#1810,#1957,.T.);
#1957 = B_SPLINE_CURVE_WITH_KNOTS('',1,(#1958,#1959),.UNSPECIFIED.,.F.,
  .F.,(2,2),(1.9,2.75),.PIECEWISE_BEZIER_KNOTS.);
#1958 = CARTESIAN_POINT('',(56.625,73.6,5.6));
#1959 = CARTESIAN_POINT('',(56.625,74.45,5.6));
#1960 = ORIENTED_EDGE('',*,*,#532,.T.);
#1961 = ORIENTED_EDGE('',*,*,#1962,.T.);
#1962 = EDGE_CURVE('',#526,#1796,#1963,.T.);
#1963 = B_SPLINE_CURVE_WITH_KNOTS('',1,(#1964,#1965),.UNSPECIFIED.,.F.,
  .F.,(2,2),(1.9,2.75),.PIECEWISE_BEZIER_KNOTS.);
#1964 = CARTESIAN_POINT('',(56.625,73.6,4.8));
#1965 = CARTESIAN_POINT('',(56.625,74.45,4.8));
#1966 = PLANE('',#1967);
#1967 = AXIS2_PLACEMENT_3D('',#1968,#1969,#1970);
#1968 = CARTESIAN_POINT('',(56.625,71.7,4.8));
#1969 = DIRECTION('',(1.,0.,0.));
#1970 = DIRECTION('',(-0.,0.,1.));
#1971 = ADVANCED_FACE('',(#1972),#1986,.T.);
#1972 = FACE_BOUND('',#1973,.T.);
#1973 = EDGE_LOOP('',(#1974,#1979,#1980,#1985));
#1974 = ORIENTED_EDGE('',*,*,#1975,.F.);
#1975 = EDGE_CURVE('',#461,#1830,#1976,.T.);
#1976 = B_SPLINE_CURVE_WITH_KNOTS('',1,(#1977,#1978),.UNSPECIFIED.,.F.,
  .F.,(2,2),(1.9,2.75),.PIECEWISE_BEZIER_KNOTS.);
#1977 = CARTESIAN_POINT('',(53.625,73.6,4.8));
#1978 = CARTESIAN_POINT('',(53.625,74.45,4.8));
#1979 = ORIENTED_EDGE('',*,*,#460,.F.);
#1980 = ORIENTED_EDGE('',*,*,#1981,.T.);
#1981 = EDGE_CURVE('',#412,#1832,#1982,.T.);
#1982 = B_SPLINE_CURVE_WITH_KNOTS('',1,(#1983,#1984),.UNSPECIFIED.,.F.,
  .F.,(2,2),(1.9,2.75),.PIECEWISE_BEZIER_KNOTS.);
#1983 = CARTESIAN_POINT('',(53.625,73.6,5.6));
#1984 = CARTESIAN_POINT('',(53.625,74.45,5.6));
#1985 = ORIENTED_EDGE('',*,*,#1829,.F.);
#1986 = PLANE('',#1987);
#1987 = AXIS2_PLACEMENT_3D('',#1988,#1989,#1990);
#1988 = CARTESIAN_POINT('',(53.625,71.7,4.8));
#1989 = DIRECTION('',(-1.,0.,0.));
#1990 = DIRECTION('',(0.,0.,-1.));
#1991 = ADVANCED_FACE('',(#1992),#2032,.T.);
#1992 = FACE_BOUND('',#1993,.T.);
#1993 = EDGE_LOOP('',(#1994,#1995,#1996,#2003,#2010,#2017,#2024,#2029,
    #2030,#2031));
#1994 = ORIENTED_EDGE('',*,*,#1981,.F.);
#1995 = ORIENTED_EDGE('',*,*,#411,.F.);
#1996 = ORIENTED_EDGE('',*,*,#1997,.F.);
#1997 = EDGE_CURVE('',#1998,#405,#2000,.T.);
#1998 = VERTEX_POINT('',#1999);
#1999 = CARTESIAN_POINT('',(54.125,72.4,5.6));
#2000 = B_SPLINE_CURVE_WITH_KNOTS('',1,(#2001,#2002),.UNSPECIFIED.,.F.,
  .F.,(2,2),(0.7,1.2),.PIECEWISE_BEZIER_KNOTS.);
#2001 = CARTESIAN_POINT('',(54.125,72.4,5.6));
#2002 = CARTESIAN_POINT('',(53.625,72.4,5.6));
#2003 = ORIENTED_EDGE('',*,*,#2004,.F.);
#2004 = EDGE_CURVE('',#2005,#1998,#2007,.T.);
#2005 = VERTEX_POINT('',#2006);
#2006 = CARTESIAN_POINT('',(54.125,71.7,5.6));
#2007 = B_SPLINE_CURVE_WITH_KNOTS('',1,(#2008,#2009),.UNSPECIFIED.,.F.,
  .F.,(2,2),(0.,0.7),.PIECEWISE_BEZIER_KNOTS.);
#2008 = CARTESIAN_POINT('',(54.125,71.7,5.6));
#2009 = CARTESIAN_POINT('',(54.125,72.4,5.6));
#2010 = ORIENTED_EDGE('',*,*,#2011,.F.);
#2011 = EDGE_CURVE('',#2012,#2005,#2014,.T.);
#2012 = VERTEX_POINT('',#2013);
#2013 = CARTESIAN_POINT('',(56.125,71.7,5.6));
#2014 = B_SPLINE_CURVE_WITH_KNOTS('',1,(#2015,#2016),.UNSPECIFIED.,.F.,
  .F.,(2,2),(0.5,2.5),.PIECEWISE_BEZIER_KNOTS.);
#2015 = CARTESIAN_POINT('',(56.125,71.7,5.6));
#2016 = CARTESIAN_POINT('',(54.125,71.7,5.6));
#2017 = ORIENTED_EDGE('',*,*,#2018,.T.);
#2018 = EDGE_CURVE('',#2012,#2019,#2021,.T.);
#2019 = VERTEX_POINT('',#2020);
#2020 = CARTESIAN_POINT('',(56.125,72.4,5.6));
#2021 = B_SPLINE_CURVE_WITH_KNOTS('',1,(#2022,#2023),.UNSPECIFIED.,.F.,
  .F.,(2,2),(0.8,1.5),.PIECEWISE_BEZIER_KNOTS.);
#2022 = CARTESIAN_POINT('',(56.125,71.7,5.6));
#2023 = CARTESIAN_POINT('',(56.125,72.4,5.6));
#2024 = ORIENTED_EDGE('',*,*,#2025,.T.);
#2025 = EDGE_CURVE('',#2019,#321,#2026,.T.);
#2026 = B_SPLINE_CURVE_WITH_KNOTS('',1,(#2027,#2028),.UNSPECIFIED.,.F.,
  .F.,(2,2),(0.7,1.2),.PIECEWISE_BEZIER_KNOTS.);
#2027 = CARTESIAN_POINT('',(56.125,72.4,5.6));
#2028 = CARTESIAN_POINT('',(56.625,72.4,5.6));
#2029 = ORIENTED_EDGE('',*,*,#320,.T.);
#2030 = ORIENTED_EDGE('',*,*,#1956,.T.);
#2031 = ORIENTED_EDGE('',*,*,#1913,.F.);
#2032 = PLANE('',#2033);
#2033 = AXIS2_PLACEMENT_3D('',#2034,#2035,#2036);
#2034 = CARTESIAN_POINT('',(56.625,71.7,5.6));
#2035 = DIRECTION('',(0.,0.,1.));
#2036 = DIRECTION('',(1.,0.,-0.));
#2037 = ADVANCED_FACE('',(#2038),#2044,.T.);
#2038 = FACE_BOUND('',#2039,.T.);
#2039 = EDGE_LOOP('',(#2040,#2041,#2042,#2043));
#2040 = ORIENTED_EDGE('',*,*,#1068,.T.);
#2041 = ORIENTED_EDGE('',*,*,#1038,.T.);
#2042 = ORIENTED_EDGE('',*,*,#1159,.F.);
#2043 = ORIENTED_EDGE('',*,*,#1009,.F.);
#2044 = PLANE('',#2045);
#2045 = AXIS2_PLACEMENT_3D('',#2046,#2047,#2048);
#2046 = CARTESIAN_POINT('',(56.125,64.6,9.800000000001));
#2047 = DIRECTION('',(0.,0.,1.));
#2048 = DIRECTION('',(1.,0.,-0.));
#2049 = ADVANCED_FACE('',(#2050),#2064,.T.);
#2050 = FACE_BOUND('',#2051,.T.);
#2051 = EDGE_LOOP('',(#2052,#2053,#2058,#2059));
#2052 = ORIENTED_EDGE('',*,*,#171,.F.);
#2053 = ORIENTED_EDGE('',*,*,#2054,.T.);
#2054 = EDGE_CURVE('',#165,#830,#2055,.T.);
#2055 = B_SPLINE_CURVE_WITH_KNOTS('',1,(#2056,#2057),.UNSPECIFIED.,.F.,
  .F.,(2,2),(0.,1.4),.PIECEWISE_BEZIER_KNOTS.);
#2056 = CARTESIAN_POINT('',(58.025,64.6,8.800000000001));
#2057 = CARTESIAN_POINT('',(56.625,64.6,8.800000000001));
#2058 = ORIENTED_EDGE('',*,*,#886,.F.);
#2059 = ORIENTED_EDGE('',*,*,#2060,.F.);
#2060 = EDGE_CURVE('',#172,#880,#2061,.T.);
#2061 = B_SPLINE_CURVE_WITH_KNOTS('',1,(#2062,#2063),.UNSPECIFIED.,.F.,
  .F.,(2,2),(0.,1.4),.PIECEWISE_BEZIER_KNOTS.);
#2062 = CARTESIAN_POINT('',(58.025,64.3,8.800000000001));
#2063 = CARTESIAN_POINT('',(56.625,64.3,8.800000000001));
#2064 = PLANE('',#2065);
#2065 = AXIS2_PLACEMENT_3D('',#2066,#2067,#2068);
#2066 = CARTESIAN_POINT('',(58.025,64.6,8.800000000001));
#2067 = DIRECTION('',(0.,0.,1.));
#2068 = DIRECTION('',(1.,0.,-0.));
#2069 = ADVANCED_FACE('',(#2070),#2084,.T.);
#2070 = FACE_BOUND('',#2071,.T.);
#2071 = EDGE_LOOP('',(#2072,#2073,#2078,#2079));
#2072 = ORIENTED_EDGE('',*,*,#759,.T.);
#2073 = ORIENTED_EDGE('',*,*,#2074,.T.);
#2074 = EDGE_CURVE('',#762,#143,#2075,.T.);
#2075 = B_SPLINE_CURVE_WITH_KNOTS('',1,(#2076,#2077),.UNSPECIFIED.,.F.,
  .F.,(2,2),(0.,1.4),.PIECEWISE_BEZIER_KNOTS.);
#2076 = CARTESIAN_POINT('',(53.625,64.6,8.800000000001));
#2077 = CARTESIAN_POINT('',(52.225,64.6,8.800000000001));
#2078 = ORIENTED_EDGE('',*,*,#142,.T.);
#2079 = ORIENTED_EDGE('',*,*,#2080,.F.);
#2080 = EDGE_CURVE('',#760,#136,#2081,.T.);
#2081 = B_SPLINE_CURVE_WITH_KNOTS('',1,(#2082,#2083),.UNSPECIFIED.,.F.,
  .F.,(2,2),(0.,1.4),.PIECEWISE_BEZIER_KNOTS.);
#2082 = CARTESIAN_POINT('',(53.625,64.3,8.800000000001));
#2083 = CARTESIAN_POINT('',(52.225,64.3,8.800000000001));
#2084 = PLANE('',#2085);
#2085 = AXIS2_PLACEMENT_3D('',#2086,#2087,#2088);
#2086 = CARTESIAN_POINT('',(53.625,64.6,8.800000000001));
#2087 = DIRECTION('',(0.,0.,1.));
#2088 = DIRECTION('',(1.,0.,-0.));
#2089 = ADVANCED_FACE('',(#2090),#2096,.T.);
#2090 = FACE_BOUND('',#2091,.T.);
#2091 = EDGE_LOOP('',(#2092,#2093,#2094,#2095));
#2092 = ORIENTED_EDGE('',*,*,#2060,.T.);
#2093 = ORIENTED_EDGE('',*,*,#879,.F.);
#2094 = ORIENTED_EDGE('',*,*,#1192,.F.);
#2095 = ORIENTED_EDGE('',*,*,#178,.F.);
#2096 = PLANE('',#2097);
#2097 = AXIS2_PLACEMENT_3D('',#2098,#2099,#2100);
#2098 = CARTESIAN_POINT('',(58.025,64.3,8.800000000001));
#2099 = DIRECTION('',(0.,-0.707106781187,0.707106781187));
#2100 = DIRECTION('',(0.,0.707106781187,0.707106781187));
#2101 = ADVANCED_FACE('',(#2102),#2108,.T.);
#2102 = FACE_BOUND('',#2103,.T.);
#2103 = EDGE_LOOP('',(#2104,#2105,#2106,#2107));
#2104 = ORIENTED_EDGE('',*,*,#2080,.T.);
#2105 = ORIENTED_EDGE('',*,*,#135,.T.);
#2106 = ORIENTED_EDGE('',*,*,#1212,.F.);
#2107 = ORIENTED_EDGE('',*,*,#768,.T.);
#2108 = PLANE('',#2109);
#2109 = AXIS2_PLACEMENT_3D('',#2110,#2111,#2112);
#2110 = CARTESIAN_POINT('',(53.625,64.3,8.800000000001));
#2111 = DIRECTION('',(0.,-0.707106781187,0.707106781187));
#2112 = DIRECTION('',(0.,0.707106781187,0.707106781187));
#2113 = ADVANCED_FACE('',(#2114),#2136,.T.);
#2114 = FACE_BOUND('',#2115,.T.);
#2115 = EDGE_LOOP('',(#2116,#2123,#2124,#2131));
#2116 = ORIENTED_EDGE('',*,*,#2117,.T.);
#2117 = EDGE_CURVE('',#2118,#277,#2120,.T.);
#2118 = VERTEX_POINT('',#2119);
#2119 = CARTESIAN_POINT('',(57.325,65.9,8.000000000001));
#2120 = B_SPLINE_CURVE_WITH_KNOTS('',1,(#2121,#2122),.UNSPECIFIED.,.F.,
  .F.,(2,2),(-5.,-4.3),.PIECEWISE_BEZIER_KNOTS.);
#2121 = CARTESIAN_POINT('',(57.325,65.9,8.000000000001));
#2122 = CARTESIAN_POINT('',(58.025,65.9,8.000000000001));
#2123 = ORIENTED_EDGE('',*,*,#276,.F.);
#2124 = ORIENTED_EDGE('',*,*,#2125,.T.);
#2125 = EDGE_CURVE('',#270,#2126,#2128,.T.);
#2126 = VERTEX_POINT('',#2127);
#2127 = CARTESIAN_POINT('',(57.325,70.5,8.000000000001));
#2128 = B_SPLINE_CURVE_WITH_KNOTS('',1,(#2129,#2130),.UNSPECIFIED.,.F.,
  .F.,(2,2),(4.5,5.2),.PIECEWISE_BEZIER_KNOTS.);
#2129 = CARTESIAN_POINT('',(58.025,70.5,8.000000000001));
#2130 = CARTESIAN_POINT('',(57.325,70.5,8.000000000001));
#2131 = ORIENTED_EDGE('',*,*,#2132,.T.);
#2132 = EDGE_CURVE('',#2126,#2118,#2133,.T.);
#2133 = B_SPLINE_CURVE_WITH_KNOTS('',1,(#2134,#2135),.UNSPECIFIED.,.F.,
  .F.,(2,2),(4.0375,4.18125),.PIECEWISE_BEZIER_KNOTS.);
#2134 = CARTESIAN_POINT('',(57.325,70.5,8.000000000001));
#2135 = CARTESIAN_POINT('',(57.325,65.9,8.000000000001));
#2136 = PLANE('',#2137);
#2137 = AXIS2_PLACEMENT_3D('',#2138,#2139,#2140);
#2138 = CARTESIAN_POINT('',(52.225,64.6,8.000000000001));
#2139 = DIRECTION('',(0.,0.,1.));
#2140 = DIRECTION('',(1.,0.,-0.));
#2141 = ADVANCED_FACE('',(#2142),#2164,.T.);
#2142 = FACE_BOUND('',#2143,.T.);
#2143 = EDGE_LOOP('',(#2144,#2151,#2158,#2163));
#2144 = ORIENTED_EDGE('',*,*,#2145,.T.);
#2145 = EDGE_CURVE('',#31,#2146,#2148,.T.);
#2146 = VERTEX_POINT('',#2147);
#2147 = CARTESIAN_POINT('',(52.925,65.9,8.000000000001));
#2148 = B_SPLINE_CURVE_WITH_KNOTS('',1,(#2149,#2150),.UNSPECIFIED.,.F.,
  .F.,(2,2),(-0.7,0.),.PIECEWISE_BEZIER_KNOTS.);
#2149 = CARTESIAN_POINT('',(52.225,65.9,8.000000000001));
#2150 = CARTESIAN_POINT('',(52.925,65.9,8.000000000001));
#2151 = ORIENTED_EDGE('',*,*,#2152,.T.);
#2152 = EDGE_CURVE('',#2146,#2153,#2155,.T.);
#2153 = VERTEX_POINT('',#2154);
#2154 = CARTESIAN_POINT('',(52.925,70.5,8.000000000001));
#2155 = B_SPLINE_CURVE_WITH_KNOTS('',1,(#2156,#2157),.UNSPECIFIED.,.F.,
  .F.,(2,2),(4.41875,4.5625),.PIECEWISE_BEZIER_KNOTS.);
#2156 = CARTESIAN_POINT('',(52.925,65.9,8.000000000001));
#2157 = CARTESIAN_POINT('',(52.925,70.5,8.000000000001));
#2158 = ORIENTED_EDGE('',*,*,#2159,.T.);
#2159 = EDGE_CURVE('',#2153,#38,#2160,.T.);
#2160 = B_SPLINE_CURVE_WITH_KNOTS('',1,(#2161,#2162),.UNSPECIFIED.,.F.,
  .F.,(2,2),(2.4,3.1),.PIECEWISE_BEZIER_KNOTS.);
#2161 = CARTESIAN_POINT('',(52.925,70.5,8.000000000001));
#2162 = CARTESIAN_POINT('',(52.225,70.5,8.000000000001));
#2163 = ORIENTED_EDGE('',*,*,#37,.T.);
#2164 = PLANE('',#2165);
#2165 = AXIS2_PLACEMENT_3D('',#2166,#2167,#2168);
#2166 = CARTESIAN_POINT('',(52.225,64.6,8.000000000001));
#2167 = DIRECTION('',(0.,0.,1.));
#2168 = DIRECTION('',(1.,0.,-0.));
#2169 = ADVANCED_FACE('',(#2170),#2186,.T.);
#2170 = FACE_BOUND('',#2171,.T.);
#2171 = EDGE_LOOP('',(#2172,#2179,#2184,#2185));
#2172 = ORIENTED_EDGE('',*,*,#2173,.T.);
#2173 = EDGE_CURVE('',#263,#2174,#2176,.T.);
#2174 = VERTEX_POINT('',#2175);
#2175 = CARTESIAN_POINT('',(57.325,70.5,10.));
#2176 = B_SPLINE_CURVE_WITH_KNOTS('',1,(#2177,#2178),.UNSPECIFIED.,.F.,
  .F.,(2,2),(4.5,5.2),.PIECEWISE_BEZIER_KNOTS.);
#2177 = CARTESIAN_POINT('',(58.025,70.5,10.));
#2178 = CARTESIAN_POINT('',(57.325,70.5,10.));
#2179 = ORIENTED_EDGE('',*,*,#2180,.T.);
#2180 = EDGE_CURVE('',#2174,#2126,#2181,.T.);
#2181 = B_SPLINE_CURVE_WITH_KNOTS('',1,(#2182,#2183),.UNSPECIFIED.,.F.,
  .F.,(2,2),(0.,2.),.PIECEWISE_BEZIER_KNOTS.);
#2182 = CARTESIAN_POINT('',(57.325,70.5,10.));
#2183 = CARTESIAN_POINT('',(57.325,70.5,8.000000000001));
#2184 = ORIENTED_EDGE('',*,*,#2125,.F.);
#2185 = ORIENTED_EDGE('',*,*,#269,.F.);
#2186 = PLANE('',#2187);
#2187 = AXIS2_PLACEMENT_3D('',#2188,#2189,#2190);
#2188 = CARTESIAN_POINT('',(58.025,70.5,10.));
#2189 = DIRECTION('',(0.,-1.,0.));
#2190 = DIRECTION('',(0.,-0.,-1.));
#2191 = ADVANCED_FACE('',(#2192),#2214,.T.);
#2192 = FACE_BOUND('',#2193,.T.);
#2193 = EDGE_LOOP('',(#2194,#2201,#2208,#2213));
#2194 = ORIENTED_EDGE('',*,*,#2195,.T.);
#2195 = EDGE_CURVE('',#2174,#2196,#2198,.T.);
#2196 = VERTEX_POINT('',#2197);
#2197 = CARTESIAN_POINT('',(57.325,71.7,10.));
#2198 = B_SPLINE_CURVE_WITH_KNOTS('',1,(#2199,#2200),.UNSPECIFIED.,.F.,
  .F.,(2,2),(5.2,6.4),.PIECEWISE_BEZIER_KNOTS.);
#2199 = CARTESIAN_POINT('',(57.325,70.5,10.));
#2200 = CARTESIAN_POINT('',(57.325,71.7,10.));
#2201 = ORIENTED_EDGE('',*,*,#2202,.T.);
#2202 = EDGE_CURVE('',#2196,#2203,#2205,.T.);
#2203 = VERTEX_POINT('',#2204);
#2204 = CARTESIAN_POINT('',(57.325,71.7,8.000000000001));
#2205 = B_SPLINE_CURVE_WITH_KNOTS('',1,(#2206,#2207),.UNSPECIFIED.,.F.,
  .F.,(2,2),(0.,2.),.PIECEWISE_BEZIER_KNOTS.);
#2206 = CARTESIAN_POINT('',(57.325,71.7,10.));
#2207 = CARTESIAN_POINT('',(57.325,71.7,8.000000000001));
#2208 = ORIENTED_EDGE('',*,*,#2209,.F.);
#2209 = EDGE_CURVE('',#2126,#2203,#2210,.T.);
#2210 = B_SPLINE_CURVE_WITH_KNOTS('',1,(#2211,#2212),.UNSPECIFIED.,.F.,
  .F.,(2,2),(5.2,6.4),.PIECEWISE_BEZIER_KNOTS.);
#2211 = CARTESIAN_POINT('',(57.325,70.5,8.000000000001));
#2212 = CARTESIAN_POINT('',(57.325,71.7,8.000000000001));
#2213 = ORIENTED_EDGE('',*,*,#2180,.F.);
#2214 = PLANE('',#2215);
#2215 = AXIS2_PLACEMENT_3D('',#2216,#2217,#2218);
#2216 = CARTESIAN_POINT('',(57.325,70.5,10.));
#2217 = DIRECTION('',(-1.,0.,0.));
#2218 = DIRECTION('',(0.,0.,-1.));
#2219 = ADVANCED_FACE('',(#2220),#2249,.T.);
#2220 = FACE_BOUND('',#2221,.T.);
#2221 = EDGE_LOOP('',(#2222,#2229,#2236,#2243,#2248));
#2222 = ORIENTED_EDGE('',*,*,#2223,.T.);
#2223 = EDGE_CURVE('',#2196,#2224,#2226,.T.);
#2224 = VERTEX_POINT('',#2225);
#2225 = CARTESIAN_POINT('',(56.125,71.7,10.));
#2226 = B_SPLINE_CURVE_WITH_KNOTS('',1,(#2227,#2228),.UNSPECIFIED.,.F.,
  .F.,(2,2),(6.4,7.6),.PIECEWISE_BEZIER_KNOTS.);
#2227 = CARTESIAN_POINT('',(57.325,71.7,10.));
#2228 = CARTESIAN_POINT('',(56.125,71.7,10.));
#2229 = ORIENTED_EDGE('',*,*,#2230,.T.);
#2230 = EDGE_CURVE('',#2224,#2231,#2233,.T.);
#2231 = VERTEX_POINT('',#2232);
#2232 = CARTESIAN_POINT('',(56.125,71.7,8.800000000001));
#2233 = B_SPLINE_CURVE_WITH_KNOTS('',1,(#2234,#2235),.UNSPECIFIED.,.F.,
  .F.,(2,2),(0.,1.2),.PIECEWISE_BEZIER_KNOTS.);
#2234 = CARTESIAN_POINT('',(56.125,71.7,10.));
#2235 = CARTESIAN_POINT('',(56.125,71.7,8.800000000001));
#2236 = ORIENTED_EDGE('',*,*,#2237,.F.);
#2237 = EDGE_CURVE('',#2238,#2231,#2240,.T.);
#2238 = VERTEX_POINT('',#2239);
#2239 = CARTESIAN_POINT('',(56.125,71.7,8.000000000001));
#2240 = B_SPLINE_CURVE_WITH_KNOTS('',1,(#2241,#2242),.UNSPECIFIED.,.F.,
  .F.,(2,2),(3.200000000001,4.000000000001),.PIECEWISE_BEZIER_KNOTS.);
#2241 = CARTESIAN_POINT('',(56.125,71.7,8.000000000001));
#2242 = CARTESIAN_POINT('',(56.125,71.7,8.800000000001));
#2243 = ORIENTED_EDGE('',*,*,#2244,.T.);
#2244 = EDGE_CURVE('',#2238,#2203,#2245,.T.);
#2245 = B_SPLINE_CURVE_WITH_KNOTS('',1,(#2246,#2247),.UNSPECIFIED.,.F.,
  .F.,(2,2),(2.909090909091,4.),.PIECEWISE_BEZIER_KNOTS.);
#2246 = CARTESIAN_POINT('',(56.125,71.7,8.000000000001));
#2247 = CARTESIAN_POINT('',(57.325,71.7,8.000000000001));
#2248 = ORIENTED_EDGE('',*,*,#2202,.F.);
#2249 = PLANE('',#2250);
#2250 = AXIS2_PLACEMENT_3D('',#2251,#2252,#2253);
#2251 = CARTESIAN_POINT('',(57.325,71.7,10.));
#2252 = DIRECTION('',(0.,-1.,0.));
#2253 = DIRECTION('',(0.,-0.,-1.));
#2254 = ADVANCED_FACE('',(#2255),#2273,.T.);
#2255 = FACE_BOUND('',#2256,.T.);
#2256 = EDGE_LOOP('',(#2257,#2258,#2259,#2260,#2261,#2268));
#2257 = ORIENTED_EDGE('',*,*,#2223,.F.);
#2258 = ORIENTED_EDGE('',*,*,#2195,.F.);
#2259 = ORIENTED_EDGE('',*,*,#2173,.F.);
#2260 = ORIENTED_EDGE('',*,*,#262,.F.);
#2261 = ORIENTED_EDGE('',*,*,#2262,.F.);
#2262 = EDGE_CURVE('',#2263,#256,#2265,.T.);
#2263 = VERTEX_POINT('',#2264);
#2264 = CARTESIAN_POINT('',(56.125,72.4,10.));
#2265 = B_SPLINE_CURVE_WITH_KNOTS('',1,(#2266,#2267),.UNSPECIFIED.,.F.,
  .F.,(2,2),(0.7,2.6),.PIECEWISE_BEZIER_KNOTS.);
#2266 = CARTESIAN_POINT('',(56.125,72.4,10.));
#2267 = CARTESIAN_POINT('',(58.025,72.4,10.));
#2268 = ORIENTED_EDGE('',*,*,#2269,.F.);
#2269 = EDGE_CURVE('',#2224,#2263,#2270,.T.);
#2270 = B_SPLINE_CURVE_WITH_KNOTS('',1,(#2271,#2272),.UNSPECIFIED.,.F.,
  .F.,(2,2),(0.,0.7),.PIECEWISE_BEZIER_KNOTS.);
#2271 = CARTESIAN_POINT('',(56.125,71.7,10.));
#2272 = CARTESIAN_POINT('',(56.125,72.4,10.));
#2273 = PLANE('',#2274);
#2274 = AXIS2_PLACEMENT_3D('',#2275,#2276,#2277);
#2275 = CARTESIAN_POINT('',(56.106,72.419,10.));
#2276 = DIRECTION('',(0.,0.,1.));
#2277 = DIRECTION('',(1.,0.,-0.));
#2278 = ADVANCED_FACE('',(#2279),#2295,.T.);
#2279 = FACE_BOUND('',#2280,.T.);
#2280 = EDGE_LOOP('',(#2281,#2288,#2289,#2290));
#2281 = ORIENTED_EDGE('',*,*,#2282,.T.);
#2282 = EDGE_CURVE('',#2283,#284,#2285,.T.);
#2283 = VERTEX_POINT('',#2284);
#2284 = CARTESIAN_POINT('',(57.325,65.9,10.));
#2285 = B_SPLINE_CURVE_WITH_KNOTS('',1,(#2286,#2287),.UNSPECIFIED.,.F.,
  .F.,(2,2),(-5.,-4.3),.PIECEWISE_BEZIER_KNOTS.);
#2286 = CARTESIAN_POINT('',(57.325,65.9,10.));
#2287 = CARTESIAN_POINT('',(58.025,65.9,10.));
#2288 = ORIENTED_EDGE('',*,*,#283,.F.);
#2289 = ORIENTED_EDGE('',*,*,#2117,.F.);
#2290 = ORIENTED_EDGE('',*,*,#2291,.F.);
#2291 = EDGE_CURVE('',#2283,#2118,#2292,.T.);
#2292 = B_SPLINE_CURVE_WITH_KNOTS('',1,(#2293,#2294),.UNSPECIFIED.,.F.,
  .F.,(2,2),(0.,2.),.PIECEWISE_BEZIER_KNOTS.);
#2293 = CARTESIAN_POINT('',(57.325,65.9,10.));
#2294 = CARTESIAN_POINT('',(57.325,65.9,8.000000000001));
#2295 = PLANE('',#2296);
#2296 = AXIS2_PLACEMENT_3D('',#2297,#2298,#2299);
#2297 = CARTESIAN_POINT('',(57.325,65.9,10.));
#2298 = DIRECTION('',(0.,1.,0.));
#2299 = DIRECTION('',(0.,-0.,1.));
#2300 = ADVANCED_FACE('',(#2301),#2315,.T.);
#2301 = FACE_BOUND('',#2302,.T.);
#2302 = EDGE_LOOP('',(#2303,#2308,#2309,#2314));
#2303 = ORIENTED_EDGE('',*,*,#2304,.T.);
#2304 = EDGE_CURVE('',#906,#2283,#2305,.T.);
#2305 = B_SPLINE_CURVE_WITH_KNOTS('',1,(#2306,#2307),.UNSPECIFIED.,.F.,
  .F.,(2,2),(-0.4,0.),.PIECEWISE_BEZIER_KNOTS.);
#2306 = CARTESIAN_POINT('',(57.325,65.3,10.));
#2307 = CARTESIAN_POINT('',(57.325,65.9,10.));
#2308 = ORIENTED_EDGE('',*,*,#2291,.T.);
#2309 = ORIENTED_EDGE('',*,*,#2310,.F.);
#2310 = EDGE_CURVE('',#913,#2118,#2311,.T.);
#2311 = B_SPLINE_CURVE_WITH_KNOTS('',1,(#2312,#2313),.UNSPECIFIED.,.F.,
  .F.,(2,2),(-0.4,0.),.PIECEWISE_BEZIER_KNOTS.);
#2312 = CARTESIAN_POINT('',(57.325,65.3,8.000000000001));
#2313 = CARTESIAN_POINT('',(57.325,65.9,8.000000000001));
#2314 = ORIENTED_EDGE('',*,*,#912,.F.);
#2315 = PLANE('',#2316);
#2316 = AXIS2_PLACEMENT_3D('',#2317,#2318,#2319);
#2317 = CARTESIAN_POINT('',(57.325,65.3,10.));
#2318 = DIRECTION('',(-1.,0.,0.));
#2319 = DIRECTION('',(0.,0.,-1.));
#2320 = ADVANCED_FACE('',(#2321),#2333,.T.);
#2321 = FACE_BOUND('',#2322,.T.);
#2322 = EDGE_LOOP('',(#2323,#2324,#2325,#2326,#2331,#2332));
#2323 = ORIENTED_EDGE('',*,*,#2304,.F.);
#2324 = ORIENTED_EDGE('',*,*,#905,.F.);
#2325 = ORIENTED_EDGE('',*,*,#838,.T.);
#2326 = ORIENTED_EDGE('',*,*,#2327,.F.);
#2327 = EDGE_CURVE('',#163,#832,#2328,.T.);
#2328 = B_SPLINE_CURVE_WITH_KNOTS('',1,(#2329,#2330),.UNSPECIFIED.,.F.,
  .F.,(2,2),(-3.2,-1.8),.PIECEWISE_BEZIER_KNOTS.);
#2329 = CARTESIAN_POINT('',(58.025,64.6,10.));
#2330 = CARTESIAN_POINT('',(56.625,64.6,10.));
#2331 = ORIENTED_EDGE('',*,*,#290,.F.);
#2332 = ORIENTED_EDGE('',*,*,#2282,.F.);
#2333 = PLANE('',#2334);
#2334 = AXIS2_PLACEMENT_3D('',#2335,#2336,#2337);
#2335 = CARTESIAN_POINT('',(56.611,64.587,10.));
#2336 = DIRECTION('',(0.,0.,1.));
#2337 = DIRECTION('',(1.,0.,-0.));
#2338 = ADVANCED_FACE('',(#2339),#2355,.T.);
#2339 = FACE_BOUND('',#2340,.T.);
#2340 = EDGE_LOOP('',(#2341,#2348,#2353,#2354));
#2341 = ORIENTED_EDGE('',*,*,#2342,.T.);
#2342 = EDGE_CURVE('',#2019,#2343,#2345,.T.);
#2343 = VERTEX_POINT('',#2344);
#2344 = CARTESIAN_POINT('',(56.125,72.4,8.800000000001));
#2345 = B_SPLINE_CURVE_WITH_KNOTS('',1,(#2346,#2347),.UNSPECIFIED.,.F.,
  .F.,(2,2),(0.8,4.000000000001),.PIECEWISE_BEZIER_KNOTS.);
#2346 = CARTESIAN_POINT('',(56.125,72.4,5.6));
#2347 = CARTESIAN_POINT('',(56.125,72.4,8.800000000001));
#2348 = ORIENTED_EDGE('',*,*,#2349,.T.);
#2349 = EDGE_CURVE('',#2343,#328,#2350,.T.);
#2350 = B_SPLINE_CURVE_WITH_KNOTS('',1,(#2351,#2352),.UNSPECIFIED.,.F.,
  .F.,(2,2),(0.7,1.2),.PIECEWISE_BEZIER_KNOTS.);
#2351 = CARTESIAN_POINT('',(56.125,72.4,8.800000000001));
#2352 = CARTESIAN_POINT('',(56.625,72.4,8.800000000001));
#2353 = ORIENTED_EDGE('',*,*,#327,.F.);
#2354 = ORIENTED_EDGE('',*,*,#2025,.F.);
#2355 = PLANE('',#2356);
#2356 = AXIS2_PLACEMENT_3D('',#2357,#2358,#2359);
#2357 = CARTESIAN_POINT('',(56.125,72.4,4.8));
#2358 = DIRECTION('',(0.,1.,0.));
#2359 = DIRECTION('',(0.,-0.,1.));
#2360 = ADVANCED_FACE('',(#2361),#2376,.T.);
#2361 = FACE_BOUND('',#2362,.T.);
#2362 = EDGE_LOOP('',(#2363,#2368,#2369,#2374,#2375));
#2363 = ORIENTED_EDGE('',*,*,#2364,.T.);
#2364 = EDGE_CURVE('',#2012,#2238,#2365,.T.);
#2365 = B_SPLINE_CURVE_WITH_KNOTS('',1,(#2366,#2367),.UNSPECIFIED.,.F.,
  .F.,(2,2),(0.8,3.200000000001),.PIECEWISE_BEZIER_KNOTS.);
#2366 = CARTESIAN_POINT('',(56.125,71.7,5.6));
#2367 = CARTESIAN_POINT('',(56.125,71.7,8.000000000001));
#2368 = ORIENTED_EDGE('',*,*,#2237,.T.);
#2369 = ORIENTED_EDGE('',*,*,#2370,.T.);
#2370 = EDGE_CURVE('',#2231,#2343,#2371,.T.);
#2371 = B_SPLINE_CURVE_WITH_KNOTS('',1,(#2372,#2373),.UNSPECIFIED.,.F.,
  .F.,(2,2),(0.,0.7),.PIECEWISE_BEZIER_KNOTS.);
#2372 = CARTESIAN_POINT('',(56.125,71.7,8.800000000001));
#2373 = CARTESIAN_POINT('',(56.125,72.4,8.800000000001));
#2374 = ORIENTED_EDGE('',*,*,#2342,.F.);
#2375 = ORIENTED_EDGE('',*,*,#2018,.F.);
#2376 = PLANE('',#2377);
#2377 = AXIS2_PLACEMENT_3D('',#2378,#2379,#2380);
#2378 = CARTESIAN_POINT('',(56.125,71.7,4.8));
#2379 = DIRECTION('',(-1.,0.,0.));
#2380 = DIRECTION('',(0.,0.,-1.));
#2381 = ADVANCED_FACE('',(#2382),#2398,.T.);
#2382 = FACE_BOUND('',#2383,.T.);
#2383 = EDGE_LOOP('',(#2384,#2385,#2386,#2393));
#2384 = ORIENTED_EDGE('',*,*,#1997,.T.);
#2385 = ORIENTED_EDGE('',*,*,#404,.T.);
#2386 = ORIENTED_EDGE('',*,*,#2387,.F.);
#2387 = EDGE_CURVE('',#2388,#398,#2390,.T.);
#2388 = VERTEX_POINT('',#2389);
#2389 = CARTESIAN_POINT('',(54.125,72.4,8.800000000001));
#2390 = B_SPLINE_CURVE_WITH_KNOTS('',1,(#2391,#2392),.UNSPECIFIED.,.F.,
  .F.,(2,2),(0.7,1.2),.PIECEWISE_BEZIER_KNOTS.);
#2391 = CARTESIAN_POINT('',(54.125,72.4,8.800000000001));
#2392 = CARTESIAN_POINT('',(53.625,72.4,8.800000000001));
#2393 = ORIENTED_EDGE('',*,*,#2394,.F.);
#2394 = EDGE_CURVE('',#1998,#2388,#2395,.T.);
#2395 = B_SPLINE_CURVE_WITH_KNOTS('',1,(#2396,#2397),.UNSPECIFIED.,.F.,
  .F.,(2,2),(0.8,4.000000000001),.PIECEWISE_BEZIER_KNOTS.);
#2396 = CARTESIAN_POINT('',(54.125,72.4,5.6));
#2397 = CARTESIAN_POINT('',(54.125,72.4,8.800000000001));
#2398 = PLANE('',#2399);
#2399 = AXIS2_PLACEMENT_3D('',#2400,#2401,#2402);
#2400 = CARTESIAN_POINT('',(54.125,72.4,4.8));
#2401 = DIRECTION('',(0.,1.,0.));
#2402 = DIRECTION('',(0.,-0.,1.));
#2403 = ADVANCED_FACE('',(#2404),#2427,.T.);
#2404 = FACE_BOUND('',#2405,.T.);
#2405 = EDGE_LOOP('',(#2406,#2407,#2408,#2415,#2422));
#2406 = ORIENTED_EDGE('',*,*,#2004,.T.);
#2407 = ORIENTED_EDGE('',*,*,#2394,.T.);
#2408 = ORIENTED_EDGE('',*,*,#2409,.F.);
#2409 = EDGE_CURVE('',#2410,#2388,#2412,.T.);
#2410 = VERTEX_POINT('',#2411);
#2411 = CARTESIAN_POINT('',(54.125,71.7,8.800000000001));
#2412 = B_SPLINE_CURVE_WITH_KNOTS('',1,(#2413,#2414),.UNSPECIFIED.,.F.,
  .F.,(2,2),(0.,0.7),.PIECEWISE_BEZIER_KNOTS.);
#2413 = CARTESIAN_POINT('',(54.125,71.7,8.800000000001));
#2414 = CARTESIAN_POINT('',(54.125,72.4,8.800000000001));
#2415 = ORIENTED_EDGE('',*,*,#2416,.F.);
#2416 = EDGE_CURVE('',#2417,#2410,#2419,.T.);
#2417 = VERTEX_POINT('',#2418);
#2418 = CARTESIAN_POINT('',(54.125,71.7,8.000000000001));
#2419 = B_SPLINE_CURVE_WITH_KNOTS('',1,(#2420,#2421),.UNSPECIFIED.,.F.,
  .F.,(2,2),(3.200000000001,4.000000000001),.PIECEWISE_BEZIER_KNOTS.);
#2420 = CARTESIAN_POINT('',(54.125,71.7,8.000000000001));
#2421 = CARTESIAN_POINT('',(54.125,71.7,8.800000000001));
#2422 = ORIENTED_EDGE('',*,*,#2423,.F.);
#2423 = EDGE_CURVE('',#2005,#2417,#2424,.T.);
#2424 = B_SPLINE_CURVE_WITH_KNOTS('',1,(#2425,#2426),.UNSPECIFIED.,.F.,
  .F.,(2,2),(0.8,3.200000000001),.PIECEWISE_BEZIER_KNOTS.);
#2425 = CARTESIAN_POINT('',(54.125,71.7,5.6));
#2426 = CARTESIAN_POINT('',(54.125,71.7,8.000000000001));
#2427 = PLANE('',#2428);
#2428 = AXIS2_PLACEMENT_3D('',#2429,#2430,#2431);
#2429 = CARTESIAN_POINT('',(54.125,71.7,4.8));
#2430 = DIRECTION('',(1.,0.,0.));
#2431 = DIRECTION('',(-0.,0.,1.));
#2432 = ADVANCED_FACE('',(#2433),#2448,.T.);
#2433 = FACE_BOUND('',#2434,.T.);
#2434 = EDGE_LOOP('',(#2435,#2440,#2441,#2446,#2447));
#2435 = ORIENTED_EDGE('',*,*,#2436,.T.);
#2436 = EDGE_CURVE('',#249,#328,#2437,.T.);
#2437 = B_SPLINE_CURVE_WITH_KNOTS('',1,(#2438,#2439),.UNSPECIFIED.,.F.,
  .F.,(2,2),(0.,1.4),.PIECEWISE_BEZIER_KNOTS.);
#2438 = CARTESIAN_POINT('',(58.025,72.4,8.800000000001));
#2439 = CARTESIAN_POINT('',(56.625,72.4,8.800000000001));
#2440 = ORIENTED_EDGE('',*,*,#2349,.F.);
#2441 = ORIENTED_EDGE('',*,*,#2442,.F.);
#2442 = EDGE_CURVE('',#2263,#2343,#2443,.T.);
#2443 = B_SPLINE_CURVE_WITH_KNOTS('',1,(#2444,#2445),.UNSPECIFIED.,.F.,
  .F.,(2,2),(0.,1.2),.PIECEWISE_BEZIER_KNOTS.);
#2444 = CARTESIAN_POINT('',(56.125,72.4,10.));
#2445 = CARTESIAN_POINT('',(56.125,72.4,8.800000000001));
#2446 = ORIENTED_EDGE('',*,*,#2262,.T.);
#2447 = ORIENTED_EDGE('',*,*,#255,.F.);
#2448 = PLANE('',#2449);
#2449 = AXIS2_PLACEMENT_3D('',#2450,#2451,#2452);
#2450 = CARTESIAN_POINT('',(56.125,72.4,10.));
#2451 = DIRECTION('',(0.,1.,0.));
#2452 = DIRECTION('',(0.,-0.,1.));
#2453 = ADVANCED_FACE('',(#2454),#2460,.T.);
#2454 = FACE_BOUND('',#2455,.T.);
#2455 = EDGE_LOOP('',(#2456,#2457,#2458,#2459));
#2456 = ORIENTED_EDGE('',*,*,#2230,.F.);
#2457 = ORIENTED_EDGE('',*,*,#2269,.T.);
#2458 = ORIENTED_EDGE('',*,*,#2442,.T.);
#2459 = ORIENTED_EDGE('',*,*,#2370,.F.);
#2460 = PLANE('',#2461);
#2461 = AXIS2_PLACEMENT_3D('',#2462,#2463,#2464);
#2462 = CARTESIAN_POINT('',(56.125,71.7,10.));
#2463 = DIRECTION('',(-1.,0.,0.));
#2464 = DIRECTION('',(0.,0.,-1.));
#2465 = ADVANCED_FACE('',(#2466),#2495,.T.);
#2466 = FACE_BOUND('',#2467,.T.);
#2467 = EDGE_LOOP('',(#2468,#2477,#2484,#2489,#2490));
#2468 = ORIENTED_EDGE('',*,*,#2469,.T.);
#2469 = EDGE_CURVE('',#2470,#2472,#2474,.T.);
#2470 = VERTEX_POINT('',#2471);
#2471 = CARTESIAN_POINT('',(54.125,71.7,10.));
#2472 = VERTEX_POINT('',#2473);
#2473 = CARTESIAN_POINT('',(52.925,71.7,10.));
#2474 = B_SPLINE_CURVE_WITH_KNOTS('',1,(#2475,#2476),.UNSPECIFIED.,.F.,
  .F.,(2,2),(0.,1.2),.PIECEWISE_BEZIER_KNOTS.);
#2475 = CARTESIAN_POINT('',(54.125,71.7,10.));
#2476 = CARTESIAN_POINT('',(52.925,71.7,10.));
#2477 = ORIENTED_EDGE('',*,*,#2478,.T.);
#2478 = EDGE_CURVE('',#2472,#2479,#2481,.T.);
#2479 = VERTEX_POINT('',#2480);
#2480 = CARTESIAN_POINT('',(52.925,71.7,8.000000000001));
#2481 = B_SPLINE_CURVE_WITH_KNOTS('',1,(#2482,#2483),.UNSPECIFIED.,.F.,
  .F.,(2,2),(0.,2.),.PIECEWISE_BEZIER_KNOTS.);
#2482 = CARTESIAN_POINT('',(52.925,71.7,10.));
#2483 = CARTESIAN_POINT('',(52.925,71.7,8.000000000001));
#2484 = ORIENTED_EDGE('',*,*,#2485,.T.);
#2485 = EDGE_CURVE('',#2479,#2417,#2486,.T.);
#2486 = B_SPLINE_CURVE_WITH_KNOTS('',1,(#2487,#2488),.UNSPECIFIED.,.F.,
  .F.,(2,2),(0.,1.090909090909),.PIECEWISE_BEZIER_KNOTS.);
#2487 = CARTESIAN_POINT('',(52.925,71.7,8.000000000001));
#2488 = CARTESIAN_POINT('',(54.125,71.7,8.000000000001));
#2489 = ORIENTED_EDGE('',*,*,#2416,.T.);
#2490 = ORIENTED_EDGE('',*,*,#2491,.F.);
#2491 = EDGE_CURVE('',#2470,#2410,#2492,.T.);
#2492 = B_SPLINE_CURVE_WITH_KNOTS('',1,(#2493,#2494),.UNSPECIFIED.,.F.,
  .F.,(2,2),(0.,1.2),.PIECEWISE_BEZIER_KNOTS.);
#2493 = CARTESIAN_POINT('',(54.125,71.7,10.));
#2494 = CARTESIAN_POINT('',(54.125,71.7,8.800000000001));
#2495 = PLANE('',#2496);
#2496 = AXIS2_PLACEMENT_3D('',#2497,#2498,#2499);
#2497 = CARTESIAN_POINT('',(54.125,71.7,10.));
#2498 = DIRECTION('',(0.,-1.,0.));
#2499 = DIRECTION('',(0.,-0.,-1.));
#2500 = ADVANCED_FACE('',(#2501),#2521,.T.);
#2501 = FACE_BOUND('',#2502,.T.);
#2502 = EDGE_LOOP('',(#2503,#2510,#2515,#2520));
#2503 = ORIENTED_EDGE('',*,*,#2504,.T.);
#2504 = EDGE_CURVE('',#2472,#2505,#2507,.T.);
#2505 = VERTEX_POINT('',#2506);
#2506 = CARTESIAN_POINT('',(52.925,70.5,10.));
#2507 = B_SPLINE_CURVE_WITH_KNOTS('',1,(#2508,#2509),.UNSPECIFIED.,.F.,
  .F.,(2,2),(1.2,2.4),.PIECEWISE_BEZIER_KNOTS.);
#2508 = CARTESIAN_POINT('',(52.925,71.7,10.));
#2509 = CARTESIAN_POINT('',(52.925,70.5,10.));
#2510 = ORIENTED_EDGE('',*,*,#2511,.T.);
#2511 = EDGE_CURVE('',#2505,#2153,#2512,.T.);
#2512 = B_SPLINE_CURVE_WITH_KNOTS('',1,(#2513,#2514),.UNSPECIFIED.,.F.,
  .F.,(2,2),(0.,2.),.PIECEWISE_BEZIER_KNOTS.);
#2513 = CARTESIAN_POINT('',(52.925,70.5,10.));
#2514 = CARTESIAN_POINT('',(52.925,70.5,8.000000000001));
#2515 = ORIENTED_EDGE('',*,*,#2516,.F.);
#2516 = EDGE_CURVE('',#2479,#2153,#2517,.T.);
#2517 = B_SPLINE_CURVE_WITH_KNOTS('',1,(#2518,#2519),.UNSPECIFIED.,.F.,
  .F.,(2,2),(1.2,2.4),.PIECEWISE_BEZIER_KNOTS.);
#2518 = CARTESIAN_POINT('',(52.925,71.7,8.000000000001));
#2519 = CARTESIAN_POINT('',(52.925,70.5,8.000000000001));
#2520 = ORIENTED_EDGE('',*,*,#2478,.F.);
#2521 = PLANE('',#2522);
#2522 = AXIS2_PLACEMENT_3D('',#2523,#2524,#2525);
#2523 = CARTESIAN_POINT('',(52.925,71.7,10.));
#2524 = DIRECTION('',(1.,0.,0.));
#2525 = DIRECTION('',(-0.,0.,1.));
#2526 = ADVANCED_FACE('',(#2527),#2537,.T.);
#2527 = FACE_BOUND('',#2528,.T.);
#2528 = EDGE_LOOP('',(#2529,#2534,#2535,#2536));
#2529 = ORIENTED_EDGE('',*,*,#2530,.T.);
#2530 = EDGE_CURVE('',#2505,#45,#2531,.T.);
#2531 = B_SPLINE_CURVE_WITH_KNOTS('',1,(#2532,#2533),.UNSPECIFIED.,.F.,
  .F.,(2,2),(2.4,3.1),.PIECEWISE_BEZIER_KNOTS.);
#2532 = CARTESIAN_POINT('',(52.925,70.5,10.));
#2533 = CARTESIAN_POINT('',(52.225,70.5,10.));
#2534 = ORIENTED_EDGE('',*,*,#44,.T.);
#2535 = ORIENTED_EDGE('',*,*,#2159,.F.);
#2536 = ORIENTED_EDGE('',*,*,#2511,.F.);
#2537 = PLANE('',#2538);
#2538 = AXIS2_PLACEMENT_3D('',#2539,#2540,#2541);
#2539 = CARTESIAN_POINT('',(52.925,70.5,10.));
#2540 = DIRECTION('',(0.,-1.,0.));
#2541 = DIRECTION('',(0.,-0.,-1.));
#2542 = ADVANCED_FACE('',(#2543),#2561,.T.);
#2543 = FACE_BOUND('',#2544,.T.);
#2544 = EDGE_LOOP('',(#2545,#2552,#2557,#2558,#2559,#2560));
#2545 = ORIENTED_EDGE('',*,*,#2546,.F.);
#2546 = EDGE_CURVE('',#2547,#2470,#2549,.T.);
#2547 = VERTEX_POINT('',#2548);
#2548 = CARTESIAN_POINT('',(54.125,72.4,10.));
#2549 = B_SPLINE_CURVE_WITH_KNOTS('',1,(#2550,#2551),.UNSPECIFIED.,.F.,
  .F.,(2,2),(6.9,7.6),.PIECEWISE_BEZIER_KNOTS.);
#2550 = CARTESIAN_POINT('',(54.125,72.4,10.));
#2551 = CARTESIAN_POINT('',(54.125,71.7,10.));
#2552 = ORIENTED_EDGE('',*,*,#2553,.F.);
#2553 = EDGE_CURVE('',#52,#2547,#2554,.T.);
#2554 = B_SPLINE_CURVE_WITH_KNOTS('',1,(#2555,#2556),.UNSPECIFIED.,.F.,
  .F.,(2,2),(5.,6.9),.PIECEWISE_BEZIER_KNOTS.);
#2555 = CARTESIAN_POINT('',(52.225,72.4,10.));
#2556 = CARTESIAN_POINT('',(54.125,72.4,10.));
#2557 = ORIENTED_EDGE('',*,*,#51,.T.);
#2558 = ORIENTED_EDGE('',*,*,#2530,.F.);
#2559 = ORIENTED_EDGE('',*,*,#2504,.F.);
#2560 = ORIENTED_EDGE('',*,*,#2469,.F.);
#2561 = PLANE('',#2562);
#2562 = AXIS2_PLACEMENT_3D('',#2563,#2564,#2565);
#2563 = CARTESIAN_POINT('',(52.206,72.419,10.));
#2564 = DIRECTION('',(0.,0.,1.));
#2565 = DIRECTION('',(1.,0.,-0.));
#2566 = ADVANCED_FACE('',(#2567),#2582,.T.);
#2567 = FACE_BOUND('',#2568,.T.);
#2568 = EDGE_LOOP('',(#2569,#2574,#2575,#2576,#2581));
#2569 = ORIENTED_EDGE('',*,*,#2570,.T.);
#2570 = EDGE_CURVE('',#398,#59,#2571,.T.);
#2571 = B_SPLINE_CURVE_WITH_KNOTS('',1,(#2572,#2573),.UNSPECIFIED.,.F.,
  .F.,(2,2),(0.,1.4),.PIECEWISE_BEZIER_KNOTS.);
#2572 = CARTESIAN_POINT('',(53.625,72.4,8.800000000001));
#2573 = CARTESIAN_POINT('',(52.225,72.4,8.800000000001));
#2574 = ORIENTED_EDGE('',*,*,#58,.T.);
#2575 = ORIENTED_EDGE('',*,*,#2553,.T.);
#2576 = ORIENTED_EDGE('',*,*,#2577,.T.);
#2577 = EDGE_CURVE('',#2547,#2388,#2578,.T.);
#2578 = B_SPLINE_CURVE_WITH_KNOTS('',1,(#2579,#2580),.UNSPECIFIED.,.F.,
  .F.,(2,2),(0.,1.2),.PIECEWISE_BEZIER_KNOTS.);
#2579 = CARTESIAN_POINT('',(54.125,72.4,10.));
#2580 = CARTESIAN_POINT('',(54.125,72.4,8.800000000001));
#2581 = ORIENTED_EDGE('',*,*,#2387,.T.);
#2582 = PLANE('',#2583);
#2583 = AXIS2_PLACEMENT_3D('',#2584,#2585,#2586);
#2584 = CARTESIAN_POINT('',(52.225,72.4,10.));
#2585 = DIRECTION('',(0.,1.,0.));
#2586 = DIRECTION('',(0.,-0.,1.));
#2587 = ADVANCED_FACE('',(#2588),#2594,.T.);
#2588 = FACE_BOUND('',#2589,.T.);
#2589 = EDGE_LOOP('',(#2590,#2591,#2592,#2593));
#2590 = ORIENTED_EDGE('',*,*,#2409,.T.);
#2591 = ORIENTED_EDGE('',*,*,#2577,.F.);
#2592 = ORIENTED_EDGE('',*,*,#2546,.T.);
#2593 = ORIENTED_EDGE('',*,*,#2491,.T.);
#2594 = PLANE('',#2595);
#2595 = AXIS2_PLACEMENT_3D('',#2596,#2597,#2598);
#2596 = CARTESIAN_POINT('',(54.125,72.4,10.));
#2597 = DIRECTION('',(1.,0.,0.));
#2598 = DIRECTION('',(-0.,0.,1.));
#2599 = ADVANCED_FACE('',(#2600),#2610,.T.);
#2600 = FACE_BOUND('',#2601,.T.);
#2601 = EDGE_LOOP('',(#2602,#2603,#2608,#2609));
#2602 = ORIENTED_EDGE('',*,*,#248,.F.);
#2603 = ORIENTED_EDGE('',*,*,#2604,.T.);
#2604 = EDGE_CURVE('',#242,#335,#2605,.T.);
#2605 = B_SPLINE_CURVE_WITH_KNOTS('',1,(#2606,#2607),.UNSPECIFIED.,.F.,
  .F.,(2,2),(0.,1.4),.PIECEWISE_BEZIER_KNOTS.);
#2606 = CARTESIAN_POINT('',(58.025,73.7,8.800000000001));
#2607 = CARTESIAN_POINT('',(56.625,73.7,8.800000000001));
#2608 = ORIENTED_EDGE('',*,*,#334,.F.);
#2609 = ORIENTED_EDGE('',*,*,#2436,.F.);
#2610 = PLANE('',#2611);
#2611 = AXIS2_PLACEMENT_3D('',#2612,#2613,#2614);
#2612 = CARTESIAN_POINT('',(58.025,72.4,8.800000000001));
#2613 = DIRECTION('',(0.,0.,1.));
#2614 = DIRECTION('',(1.,0.,-0.));
#2615 = ADVANCED_FACE('',(#2616),#2622,.T.);
#2616 = FACE_BOUND('',#2617,.T.);
#2617 = EDGE_LOOP('',(#2618,#2619,#2620,#2621));
#2618 = ORIENTED_EDGE('',*,*,#241,.F.);
#2619 = ORIENTED_EDGE('',*,*,#367,.T.);
#2620 = ORIENTED_EDGE('',*,*,#341,.F.);
#2621 = ORIENTED_EDGE('',*,*,#2604,.F.);
#2622 = PLANE('',#2623);
#2623 = AXIS2_PLACEMENT_3D('',#2624,#2625,#2626);
#2624 = CARTESIAN_POINT('',(58.025,73.7,8.800000000001));
#2625 = DIRECTION('',(0.,0.707106781187,0.707106781187));
#2626 = DIRECTION('',(0.,-0.707106781187,0.707106781187));
#2627 = ADVANCED_FACE('',(#2628),#2638,.T.);
#2628 = FACE_BOUND('',#2629,.T.);
#2629 = EDGE_LOOP('',(#2630,#2631,#2636,#2637));
#2630 = ORIENTED_EDGE('',*,*,#397,.T.);
#2631 = ORIENTED_EDGE('',*,*,#2632,.T.);
#2632 = EDGE_CURVE('',#391,#66,#2633,.T.);
#2633 = B_SPLINE_CURVE_WITH_KNOTS('',1,(#2634,#2635),.UNSPECIFIED.,.F.,
  .F.,(2,2),(0.,1.4),.PIECEWISE_BEZIER_KNOTS.);
#2634 = CARTESIAN_POINT('',(53.625,73.7,8.800000000001));
#2635 = CARTESIAN_POINT('',(52.225,73.7,8.800000000001));
#2636 = ORIENTED_EDGE('',*,*,#65,.T.);
#2637 = ORIENTED_EDGE('',*,*,#2570,.F.);
#2638 = PLANE('',#2639);
#2639 = AXIS2_PLACEMENT_3D('',#2640,#2641,#2642);
#2640 = CARTESIAN_POINT('',(53.625,72.4,8.800000000001));
#2641 = DIRECTION('',(0.,0.,1.));
#2642 = DIRECTION('',(1.,0.,-0.));
#2643 = ADVANCED_FACE('',(#2644),#2650,.T.);
#2644 = FACE_BOUND('',#2645,.T.);
#2645 = EDGE_LOOP('',(#2646,#2647,#2648,#2649));
#2646 = ORIENTED_EDGE('',*,*,#390,.T.);
#2647 = ORIENTED_EDGE('',*,*,#445,.T.);
#2648 = ORIENTED_EDGE('',*,*,#72,.T.);
#2649 = ORIENTED_EDGE('',*,*,#2632,.F.);
#2650 = PLANE('',#2651);
#2651 = AXIS2_PLACEMENT_3D('',#2652,#2653,#2654);
#2652 = CARTESIAN_POINT('',(53.625,73.7,8.800000000001));
#2653 = DIRECTION('',(0.,0.707106781187,0.707106781187));
#2654 = DIRECTION('',(0.,-0.707106781187,0.707106781187));
#2655 = ADVANCED_FACE('',(#2656),#2676,.T.);
#2656 = FACE_BOUND('',#2657,.T.);
#2657 = EDGE_LOOP('',(#2658,#2665,#2666,#2671));
#2658 = ORIENTED_EDGE('',*,*,#2659,.T.);
#2659 = EDGE_CURVE('',#2660,#941,#2662,.T.);
#2660 = VERTEX_POINT('',#2661);
#2661 = CARTESIAN_POINT('',(52.925,65.9,10.));
#2662 = B_SPLINE_CURVE_WITH_KNOTS('',1,(#2663,#2664),.UNSPECIFIED.,.F.,
  .F.,(2,2),(-5.,-4.6),.PIECEWISE_BEZIER_KNOTS.);
#2663 = CARTESIAN_POINT('',(52.925,65.9,10.));
#2664 = CARTESIAN_POINT('',(52.925,65.3,10.));
#2665 = ORIENTED_EDGE('',*,*,#940,.T.);
#2666 = ORIENTED_EDGE('',*,*,#2667,.F.);
#2667 = EDGE_CURVE('',#2146,#934,#2668,.T.);
#2668 = B_SPLINE_CURVE_WITH_KNOTS('',1,(#2669,#2670),.UNSPECIFIED.,.F.,
  .F.,(2,2),(-5.,-4.6),.PIECEWISE_BEZIER_KNOTS.);
#2669 = CARTESIAN_POINT('',(52.925,65.9,8.000000000001));
#2670 = CARTESIAN_POINT('',(52.925,65.3,8.000000000001));
#2671 = ORIENTED_EDGE('',*,*,#2672,.F.);
#2672 = EDGE_CURVE('',#2660,#2146,#2673,.T.);
#2673 = B_SPLINE_CURVE_WITH_KNOTS('',1,(#2674,#2675),.UNSPECIFIED.,.F.,
  .F.,(2,2),(0.,2.),.PIECEWISE_BEZIER_KNOTS.);
#2674 = CARTESIAN_POINT('',(52.925,65.9,10.));
#2675 = CARTESIAN_POINT('',(52.925,65.9,8.000000000001));
#2676 = PLANE('',#2677);
#2677 = AXIS2_PLACEMENT_3D('',#2678,#2679,#2680);
#2678 = CARTESIAN_POINT('',(52.925,65.9,10.));
#2679 = DIRECTION('',(1.,0.,0.));
#2680 = DIRECTION('',(-0.,0.,1.));
#2681 = ADVANCED_FACE('',(#2682),#2692,.T.);
#2682 = FACE_BOUND('',#2683,.T.);
#2683 = EDGE_LOOP('',(#2684,#2689,#2690,#2691));
#2684 = ORIENTED_EDGE('',*,*,#2685,.T.);
#2685 = EDGE_CURVE('',#22,#2660,#2686,.T.);
#2686 = B_SPLINE_CURVE_WITH_KNOTS('',1,(#2687,#2688),.UNSPECIFIED.,.F.,
  .F.,(2,2),(-0.7,0.),.PIECEWISE_BEZIER_KNOTS.);
#2687 = CARTESIAN_POINT('',(52.225,65.9,10.));
#2688 = CARTESIAN_POINT('',(52.925,65.9,10.));
#2689 = ORIENTED_EDGE('',*,*,#2672,.T.);
#2690 = ORIENTED_EDGE('',*,*,#2145,.F.);
#2691 = ORIENTED_EDGE('',*,*,#30,.T.);
#2692 = PLANE('',#2693);
#2693 = AXIS2_PLACEMENT_3D('',#2694,#2695,#2696);
#2694 = CARTESIAN_POINT('',(52.225,65.9,10.));
#2695 = DIRECTION('',(0.,1.,0.));
#2696 = DIRECTION('',(0.,-0.,1.));
#2697 = ADVANCED_FACE('',(#2698),#2710,.T.);
#2698 = FACE_BOUND('',#2699,.T.);
#2699 = EDGE_LOOP('',(#2700,#2701,#2702,#2707,#2708,#2709));
#2700 = ORIENTED_EDGE('',*,*,#2685,.F.);
#2701 = ORIENTED_EDGE('',*,*,#21,.T.);
#2702 = ORIENTED_EDGE('',*,*,#2703,.F.);
#2703 = EDGE_CURVE('',#810,#24,#2704,.T.);
#2704 = B_SPLINE_CURVE_WITH_KNOTS('',1,(#2705,#2706),.UNSPECIFIED.,.F.,
  .F.,(2,2),(-3.2,-1.8),.PIECEWISE_BEZIER_KNOTS.);
#2705 = CARTESIAN_POINT('',(53.625,64.6,10.));
#2706 = CARTESIAN_POINT('',(52.225,64.6,10.));
#2707 = ORIENTED_EDGE('',*,*,#809,.F.);
#2708 = ORIENTED_EDGE('',*,*,#947,.F.);
#2709 = ORIENTED_EDGE('',*,*,#2659,.F.);
#2710 = PLANE('',#2711);
#2711 = AXIS2_PLACEMENT_3D('',#2712,#2713,#2714);
#2712 = CARTESIAN_POINT('',(52.211,64.587,10.));
#2713 = DIRECTION('',(0.,0.,1.));
#2714 = DIRECTION('',(1.,0.,-0.));
#2715 = ADVANCED_FACE('',(#2716),#2722,.T.);
#2716 = FACE_BOUND('',#2717,.T.);
#2717 = EDGE_LOOP('',(#2718,#2719,#2720,#2721));
#2718 = ORIENTED_EDGE('',*,*,#816,.T.);
#2719 = ORIENTED_EDGE('',*,*,#2703,.T.);
#2720 = ORIENTED_EDGE('',*,*,#149,.T.);
#2721 = ORIENTED_EDGE('',*,*,#2074,.F.);
#2722 = PLANE('',#2723);
#2723 = AXIS2_PLACEMENT_3D('',#2724,#2725,#2726);
#2724 = CARTESIAN_POINT('',(53.625,64.6,10.));
#2725 = DIRECTION('',(0.,-1.,0.));
#2726 = DIRECTION('',(0.,-0.,-1.));
#2727 = ADVANCED_FACE('',(#2728),#2734,.T.);
#2728 = FACE_BOUND('',#2729,.T.);
#2729 = EDGE_LOOP('',(#2730,#2731,#2732,#2733));
#2730 = ORIENTED_EDGE('',*,*,#162,.F.);
#2731 = ORIENTED_EDGE('',*,*,#2327,.T.);
#2732 = ORIENTED_EDGE('',*,*,#829,.F.);
#2733 = ORIENTED_EDGE('',*,*,#2054,.F.);
#2734 = PLANE('',#2735);
#2735 = AXIS2_PLACEMENT_3D('',#2736,#2737,#2738);
#2736 = CARTESIAN_POINT('',(58.025,64.6,10.));
#2737 = DIRECTION('',(0.,-1.,0.));
#2738 = DIRECTION('',(0.,-0.,-1.));
#2739 = ADVANCED_FACE('',(#2740),#2758,.T.);
#2740 = FACE_BOUND('',#2741,.T.);
#2741 = EDGE_LOOP('',(#2742,#2743,#2750,#2755,#2756,#2757));
#2742 = ORIENTED_EDGE('',*,*,#933,.T.);
#2743 = ORIENTED_EDGE('',*,*,#2744,.F.);
#2744 = EDGE_CURVE('',#2745,#927,#2747,.T.);
#2745 = VERTEX_POINT('',#2746);
#2746 = CARTESIAN_POINT('',(52.925,71.7,4.8));
#2747 = B_SPLINE_CURVE_WITH_KNOTS('',1,(#2748,#2749),.UNSPECIFIED.,.F.,
  .F.,(2,2),(0.,6.4),.PIECEWISE_BEZIER_KNOTS.);
#2748 = CARTESIAN_POINT('',(52.925,71.7,4.8));
#2749 = CARTESIAN_POINT('',(52.925,65.3,4.8));
#2750 = ORIENTED_EDGE('',*,*,#2751,.F.);
#2751 = EDGE_CURVE('',#2479,#2745,#2752,.T.);
#2752 = B_SPLINE_CURVE_WITH_KNOTS('',1,(#2753,#2754),.UNSPECIFIED.,.F.,
  .F.,(2,2),(0.,3.200000000001),.PIECEWISE_BEZIER_KNOTS.);
#2753 = CARTESIAN_POINT('',(52.925,71.7,8.000000000001));
#2754 = CARTESIAN_POINT('',(52.925,71.7,4.8));
#2755 = ORIENTED_EDGE('',*,*,#2516,.T.);
#2756 = ORIENTED_EDGE('',*,*,#2152,.F.);
#2757 = ORIENTED_EDGE('',*,*,#2667,.T.);
#2758 = PLANE('',#2759);
#2759 = AXIS2_PLACEMENT_3D('',#2760,#2761,#2762);
#2760 = CARTESIAN_POINT('',(52.925,65.3,8.000000000001));
#2761 = DIRECTION('',(1.,0.,0.));
#2762 = DIRECTION('',(-0.,0.,1.));
#2763 = ADVANCED_FACE('',(#2764),#2782,.T.);
#2764 = FACE_BOUND('',#2765,.T.);
#2765 = EDGE_LOOP('',(#2766,#2773,#2778,#2779,#2780,#2781));
#2766 = ORIENTED_EDGE('',*,*,#2767,.T.);
#2767 = EDGE_CURVE('',#2203,#2768,#2770,.T.);
#2768 = VERTEX_POINT('',#2769);
#2769 = CARTESIAN_POINT('',(57.325,71.7,4.8));
#2770 = B_SPLINE_CURVE_WITH_KNOTS('',1,(#2771,#2772),.UNSPECIFIED.,.F.,
  .F.,(2,2),(0.,3.200000000001),.PIECEWISE_BEZIER_KNOTS.);
#2771 = CARTESIAN_POINT('',(57.325,71.7,8.000000000001));
#2772 = CARTESIAN_POINT('',(57.325,71.7,4.8));
#2773 = ORIENTED_EDGE('',*,*,#2774,.F.);
#2774 = EDGE_CURVE('',#920,#2768,#2775,.T.);
#2775 = B_SPLINE_CURVE_WITH_KNOTS('',1,(#2776,#2777),.UNSPECIFIED.,.F.,
  .F.,(2,2),(0.,6.4),.PIECEWISE_BEZIER_KNOTS.);
#2776 = CARTESIAN_POINT('',(57.325,65.3,4.8));
#2777 = CARTESIAN_POINT('',(57.325,71.7,4.8));
#2778 = ORIENTED_EDGE('',*,*,#919,.F.);
#2779 = ORIENTED_EDGE('',*,*,#2310,.T.);
#2780 = ORIENTED_EDGE('',*,*,#2132,.F.);
#2781 = ORIENTED_EDGE('',*,*,#2209,.T.);
#2782 = PLANE('',#2783);
#2783 = AXIS2_PLACEMENT_3D('',#2784,#2785,#2786);
#2784 = CARTESIAN_POINT('',(57.325,71.7,8.000000000001));
#2785 = DIRECTION('',(-1.,0.,0.));
#2786 = DIRECTION('',(0.,0.,-1.));
#2787 = ADVANCED_FACE('',(#2788),#2804,.T.);
#2788 = FACE_BOUND('',#2789,.T.);
#2789 = EDGE_LOOP('',(#2790,#2791,#2792,#2793,#2794,#2801,#2802,#2803));
#2790 = ORIENTED_EDGE('',*,*,#2011,.T.);
#2791 = ORIENTED_EDGE('',*,*,#2423,.T.);
#2792 = ORIENTED_EDGE('',*,*,#2485,.F.);
#2793 = ORIENTED_EDGE('',*,*,#2751,.T.);
#2794 = ORIENTED_EDGE('',*,*,#2795,.F.);
#2795 = EDGE_CURVE('',#2768,#2745,#2796,.T.);
#2796 = B_SPLINE_CURVE_WITH_KNOTS('',1,(#2797,#2798,#2799,#2800),
  .UNSPECIFIED.,.F.,.F.,(2,1,1,2),(0.,0.7,3.7,4.4),.UNSPECIFIED.);
#2797 = CARTESIAN_POINT('',(57.325,71.7,4.8));
#2798 = CARTESIAN_POINT('',(56.625,71.7,4.8));
#2799 = CARTESIAN_POINT('',(53.625,71.7,4.8));
#2800 = CARTESIAN_POINT('',(52.925,71.7,4.8));
#2801 = ORIENTED_EDGE('',*,*,#2767,.F.);
#2802 = ORIENTED_EDGE('',*,*,#2244,.F.);
#2803 = ORIENTED_EDGE('',*,*,#2364,.F.);
#2804 = PLANE('',#2805);
#2805 = AXIS2_PLACEMENT_3D('',#2806,#2807,#2808);
#2806 = CARTESIAN_POINT('',(52.925,71.7,8.000000000001));
#2807 = DIRECTION('',(0.,-1.,0.));
#2808 = DIRECTION('',(0.,-0.,-1.));
#2809 = ADVANCED_FACE('',(#2810,#2830),#2836,.T.);
#2810 = FACE_BOUND('',#2811,.T.);
#2811 = EDGE_LOOP('',(#2812,#2813,#2814,#2815,#2816,#2817,#2818,#2819,
    #2820,#2821,#2822,#2823,#2824,#2825,#2826,#2827,#2828,#2829));
#2812 = ORIENTED_EDGE('',*,*,#1975,.T.);
#2813 = ORIENTED_EDGE('',*,*,#1850,.T.);
#2814 = ORIENTED_EDGE('',*,*,#1899,.T.);
#2815 = ORIENTED_EDGE('',*,*,#1755,.T.);
#2816 = ORIENTED_EDGE('',*,*,#1879,.F.);
#2817 = ORIENTED_EDGE('',*,*,#1628,.F.);
#2818 = ORIENTED_EDGE('',*,*,#1864,.T.);
#2819 = ORIENTED_EDGE('',*,*,#1795,.F.);
#2820 = ORIENTED_EDGE('',*,*,#1962,.F.);
#2821 = ORIENTED_EDGE('',*,*,#525,.F.);
#2822 = ORIENTED_EDGE('',*,*,#552,.F.);
#2823 = ORIENTED_EDGE('',*,*,#213,.F.);
#2824 = ORIENTED_EDGE('',*,*,#716,.T.);
#2825 = ORIENTED_EDGE('',*,*,#652,.T.);
#2826 = ORIENTED_EDGE('',*,*,#665,.F.);
#2827 = ORIENTED_EDGE('',*,*,#100,.T.);
#2828 = ORIENTED_EDGE('',*,*,#495,.F.);
#2829 = ORIENTED_EDGE('',*,*,#467,.F.);
#2830 = FACE_BOUND('',#2831,.T.);
#2831 = EDGE_LOOP('',(#2832,#2833,#2834,#2835));
#2832 = ORIENTED_EDGE('',*,*,#2795,.T.);
#2833 = ORIENTED_EDGE('',*,*,#2744,.T.);
#2834 = ORIENTED_EDGE('',*,*,#926,.T.);
#2835 = ORIENTED_EDGE('',*,*,#2774,.T.);
#2836 = PLANE('',#2837);
#2837 = AXIS2_PLACEMENT_3D('',#2838,#2839,#2840);
#2838 = CARTESIAN_POINT('',(58.025,76.55,4.8));
#2839 = DIRECTION('',(0.,0.,-1.));
#2840 = DIRECTION('',(-1.,0.,-0.));
#2841 = ( GEOMETRIC_REPRESENTATION_CONTEXT(3) 
GLOBAL_UNCERTAINTY_ASSIGNED_CONTEXT((#2845)) 
GLOBAL_UNIT_ASSIGNED_CONTEXT((#2842,#2843,#2844)) REPRESENTATION_CONTEXT
('Context #1','3D Context with UNIT and UNCERTAINTY') );
#2842 = ( LENGTH_UNIT() NAMED_UNIT(*) SI_UNIT(.MILLI.,.METRE.) );
#2843 = ( NAMED_UNIT(*) PLANE_ANGLE_UNIT() SI_UNIT($,.RADIAN.) );
#2844 = ( NAMED_UNIT(*) SI_UNIT($,.STERADIAN.) SOLID_ANGLE_UNIT() );
#2845 = UNCERTAINTY_MEASURE_WITH_UNIT(LENGTH_MEASURE(1.E-06),#2842,
  'distance_accuracy_value','confusion accuracy');
#2846 = PRODUCT_RELATED_PRODUCT_CATEGORY('part',$,(#7));
#2847 = MECHANICAL_DESIGN_GEOMETRIC_PRESENTATION_REPRESENTATION('',(
    #2848),#2841);
#2848 = STYLED_ITEM('color',(#2849),#15);
#2849 = PRESENTATION_STYLE_ASSIGNMENT((#2850,#2856));
#2850 = SURFACE_STYLE_USAGE(.BOTH.,#2851);
#2851 = SURFACE_SIDE_STYLE('',(#2852));
#2852 = SURFACE_STYLE_FILL_AREA(#2853);
#2853 = FILL_AREA_STYLE('',(#2854));
#2854 = FILL_AREA_STYLE_COLOUR('',#2855);
#2855 = COLOUR_RGB('',0.800000010877,0.800000010877,0.901960800373);
#2856 = CURVE_STYLE('',#2857,POSITIVE_LENGTH_MEASURE(0.1),#2858);
#2857 = DRAUGHTING_PRE_DEFINED_CURVE_FONT('continuous');
#2858 = COLOUR_RGB('',9.803921802644E-02,9.803921802644E-02,
  9.803921802644E-02);
ENDSEC;
END-ISO-10303-21;
