ISO-10303-21;
HEADER;
FILE_DESCRIPTION(('FreeCAD Model'),'2;1');
FILE_NAME('Open CASCADE Shape Model','2026-04-07T03:00:04',(''),(''),
  'Open CASCADE STEP processor 7.9','FreeCAD','Unknown');
FILE_SCHEMA(('AUTOMOTIVE_DESIGN { 1 0 10303 214 1 1 1 1 }'));
ENDSEC;
DATA;
#1 = APPLICATION_PROTOCOL_DEFINITION('international standard',
  'automotive_design',2000,#2);
#2 = APPLICATION_CONTEXT(
  'core data for automotive mechanical design processes');
#3 = SHAPE_DEFINITION_REPRESENTATION(#4,#10);
#4 = PRODUCT_DEFINITION_SHAPE('','',#5);
#5 = PRODUCT_DEFINITION('design','',#6,#9);
#6 = PRODUCT_DEFINITION_FORMATION('','',#7);
#7 = PRODUCT('Plate','Plate','',(#8));
#8 = PRODUCT_CONTEXT('',#2,'mechanical');
#9 = PRODUCT_DEFINITION_CONTEXT('part definition',#2,'design');
#10 = ADVANCED_BREP_SHAPE_REPRESENTATION('',(#11,#15),#16823);
#11 = AXIS2_PLACEMENT_3D('',#12,#13,#14);
#12 = CARTESIAN_POINT('',(0.,0.,0.));
#13 = DIRECTION('',(0.,0.,1.));
#14 = DIRECTION('',(1.,0.,-0.));
#15 = MANIFOLD_SOLID_BREP('',#16);
#16 = CLOSED_SHELL('',(#17,#4171,#4196,#4227,#4252,#4277,#4301,#4325,
    #4350,#4375,#4392,#4417,#4442,#4473,#4497,#4521,#4538,#4569,#4593,
    #4617,#4634,#4665,#4689,#4713,#4737,#4761,#4785,#4809,#4833,#4857,
    #4881,#4905,#4929,#4953,#4977,#5001,#5025,#5049,#5073,#5097,#5121,
    #5145,#5169,#5193,#5217,#5241,#5265,#5289,#5313,#5337,#5361,#5385,
    #5409,#5433,#5457,#5481,#5498,#5529,#5553,#5577,#5594,#5625,#5649,
    #5673,#5690,#5721,#5745,#5769,#5786,#5817,#5841,#5865,#5882,#5913,
    #5937,#5961,#5978,#6009,#6033,#6057,#6074,#6105,#6129,#6153,#6170,
    #6201,#6225,#6249,#6266,#6297,#6321,#6345,#6362,#6393,#6417,#6441,
    #6458,#6489,#6513,#6537,#6554,#6585,#6609,#6633,#6650,#6681,#6705,
    #6729,#6753,#6777,#6801,#6825,#6849,#6873,#6897,#6921,#6945,#6969,
    #6993,#7017,#7041,#7065,#7089,#7113,#7137,#7161,#7185,#7209,#7233,
    #7257,#7281,#7305,#7329,#7353,#7377,#7401,#7425,#7449,#7473,#7497,
    #7514,#7545,#7569,#7593,#7610,#7641,#7665,#7689,#7706,#7737,#7761,
    #7785,#7802,#7833,#7857,#7881,#7898,#7929,#7953,#7977,#7994,#8025,
    #8049,#8073,#8090,#8121,#8145,#8169,#8186,#8217,#8241,#8265,#8282,
    #8313,#8337,#8361,#8378,#8409,#8433,#8457,#8474,#8505,#8529,#8553,
    #8570,#8601,#8625,#8649,#8673,#8697,#8721,#8745,#8769,#8793,#8817,
    #8841,#8865,#8889,#8913,#8937,#8961,#8985,#9009,#9033,#9057,#9081,
    #9105,#9129,#9153,#9177,#9201,#9225,#9249,#9273,#9297,#9321,#9345,
    #9369,#9393,#9417,#9434,#9465,#9489,#9513,#9530,#9555,#9586,#9610,
    #9634,#9651,#9682,#9706,#9730,#9747,#9778,#9802,#9826,#9843,#9874,
    #9898,#9922,#9939,#9970,#9994,#10018,#10035,#10066,#10090,#10114,
    #10131,#10162,#10186,#10210,#10234,#10258,#10282,#10306,#10330,
    #10354,#10378,#10402,#10426,#10450,#10474,#10498,#10522,#10546,
    #10570,#10594,#10618,#10642,#10666,#10690,#10714,#10738,#10762,
    #10786,#10810,#10834,#10858,#10882,#10906,#10930,#10954,#10978,
    #10995,#11026,#11050,#11074,#11091,#11122,#11146,#11170,#11187,
    #11218,#11242,#11266,#11283,#11314,#11338,#11362,#11379,#11410,
    #11434,#11458,#11475,#11506,#11530,#11554,#11571,#11602,#11626,
    #11650,#11667,#11698,#11722,#11746,#11763,#11794,#11818,#11842,
    #11859,#11890,#11914,#11938,#11955,#11986,#12010,#12034,#12051,
    #12082,#12106,#12130,#12147,#12178,#12202,#12226,#12243,#12268,
    #12293,#12325,#12349,#12374,#12391,#12422,#12446,#12470,#12487,
    #12518,#12542,#12566,#12583,#12614,#12638,#12662,#12679,#12710,
    #12734,#12758,#12775,#12806,#12830,#12854,#12871,#12902,#12926,
    #12950,#12967,#12998,#13022,#13046,#13063,#13094,#13118,#13142,
    #13159,#13190,#13214,#13238,#13255,#13286,#13310,#13334,#13351,
    #13382,#13406,#13430,#13447,#13478,#13502,#13526,#13543,#13574,
    #13598,#13622,#13639,#13670,#13694,#13718,#13735,#13766,#13790,
    #13814,#13831,#13862,#13886,#13910,#13927,#13958,#13982,#14006,
    #14023,#14054,#14078,#14102,#14119,#14150,#14174,#14198,#14215,
    #14246,#14270,#14294,#14311,#14342,#14366,#14390,#14414,#14438,
    #14462,#14486,#14510,#14534,#14558,#14582,#14606,#14630,#14654,
    #14678,#14702,#14726,#14750,#14774,#14798,#14822,#14846,#14870,
    #14894,#14918,#14942,#14966,#14990,#15014,#15038,#15062,#15086,
    #15110,#15134,#15158,#15175,#15206,#15230,#15254,#15271,#15302,
    #15326,#15350,#15367,#15398,#15422,#15446,#15463,#15494,#15518,
    #15542,#15559,#15584,#15615,#15639,#15663,#15680,#15711,#15735,
    #15759,#15776,#15807,#15831,#15855,#15872,#15903,#15927,#15951,
    #15968,#15993,#16018,#16043,#16068,#16772,#16789,#16806));
#17 = ADVANCED_FACE('',(#18,#29,#99,#110,#121,#155,#189,#479,#513,#547,
    #581,#615,#649,#683,#717,#751,#785,#819,#853,#887,#1177,#1211,#1245,
    #1279,#1313,#1347,#1381,#1415,#1449,#1483,#1517,#1551,#1841,#1875,
    #1886,#1920,#1954,#1988,#2022,#2056,#2090,#2380,#2414,#2448,#2482,
    #2516,#2550,#2584,#2618,#2652,#2686,#2720,#2754,#2788,#2822,#2833,
    #2844,#2880,#2914,#2948,#2982,#3016,#3050,#3084,#3118,#3152,#3186,
    #3220,#3254,#3288,#3322,#3356,#3390,#3424,#3458,#3492,#3526,#3560,
    #3850,#3884,#3918,#3952,#3986,#3997,#4031,#4065,#4099,#4133,#4144,
    #4155),#4166,.F.);
#18 = FACE_BOUND('',#19,.F.);
#19 = EDGE_LOOP('',(#20));
#20 = ORIENTED_EDGE('',*,*,#21,.F.);
#21 = EDGE_CURVE('',#22,#22,#24,.T.);
#22 = VERTEX_POINT('',#23);
#23 = CARTESIAN_POINT('',(340.15,102.75,5.662137425588E-15));
#24 = CIRCLE('',#25,1.9);
#25 = AXIS2_PLACEMENT_3D('',#26,#27,#28);
#26 = CARTESIAN_POINT('',(338.25,102.75,0.));
#27 = DIRECTION('',(0.,0.,1.));
#28 = DIRECTION('',(1.,0.,0.));
#29 = FACE_BOUND('',#30,.F.);
#30 = EDGE_LOOP('',(#31,#41,#50,#58,#67,#75,#84,#92));
#31 = ORIENTED_EDGE('',*,*,#32,.T.);
#32 = EDGE_CURVE('',#33,#35,#37,.T.);
#33 = VERTEX_POINT('',#34);
#34 = CARTESIAN_POINT('',(5.,123.3,0.));
#35 = VERTEX_POINT('',#36);
#36 = CARTESIAN_POINT('',(5.,6.,0.));
#37 = LINE('',#38,#39);
#38 = CARTESIAN_POINT('',(5.,123.3,0.));
#39 = VECTOR('',#40,1.);
#40 = DIRECTION('',(0.,-1.,0.));
#41 = ORIENTED_EDGE('',*,*,#42,.T.);
#42 = EDGE_CURVE('',#35,#43,#45,.T.);
#43 = VERTEX_POINT('',#44);
#44 = CARTESIAN_POINT('',(6.,5.,0.));
#45 = CIRCLE('',#46,1.);
#46 = AXIS2_PLACEMENT_3D('',#47,#48,#49);
#47 = CARTESIAN_POINT('',(6.,6.,0.));
#48 = DIRECTION('',(0.,0.,1.));
#49 = DIRECTION('',(1.,0.,0.));
#50 = ORIENTED_EDGE('',*,*,#51,.T.);
#51 = EDGE_CURVE('',#43,#52,#54,.T.);
#52 = VERTEX_POINT('',#53);
#53 = CARTESIAN_POINT('',(353.8,5.,0.));
#54 = LINE('',#55,#56);
#55 = CARTESIAN_POINT('',(6.,5.,0.));
#56 = VECTOR('',#57,1.);
#57 = DIRECTION('',(1.,0.,0.));
#58 = ORIENTED_EDGE('',*,*,#59,.T.);
#59 = EDGE_CURVE('',#52,#60,#62,.T.);
#60 = VERTEX_POINT('',#61);
#61 = CARTESIAN_POINT('',(354.8,6.,0.));
#62 = CIRCLE('',#63,1.);
#63 = AXIS2_PLACEMENT_3D('',#64,#65,#66);
#64 = CARTESIAN_POINT('',(353.8,6.,0.));
#65 = DIRECTION('',(0.,0.,1.));
#66 = DIRECTION('',(1.,0.,0.));
#67 = ORIENTED_EDGE('',*,*,#68,.T.);
#68 = EDGE_CURVE('',#60,#69,#71,.T.);
#69 = VERTEX_POINT('',#70);
#70 = CARTESIAN_POINT('',(354.8,123.3,0.));
#71 = LINE('',#72,#73);
#72 = CARTESIAN_POINT('',(354.8,6.,0.));
#73 = VECTOR('',#74,1.);
#74 = DIRECTION('',(0.,1.,0.));
#75 = ORIENTED_EDGE('',*,*,#76,.T.);
#76 = EDGE_CURVE('',#69,#77,#79,.T.);
#77 = VERTEX_POINT('',#78);
#78 = CARTESIAN_POINT('',(353.8,124.3,0.));
#79 = CIRCLE('',#80,1.);
#80 = AXIS2_PLACEMENT_3D('',#81,#82,#83);
#81 = CARTESIAN_POINT('',(353.8,123.3,0.));
#82 = DIRECTION('',(0.,0.,1.));
#83 = DIRECTION('',(1.,0.,0.));
#84 = ORIENTED_EDGE('',*,*,#85,.T.);
#85 = EDGE_CURVE('',#77,#86,#88,.T.);
#86 = VERTEX_POINT('',#87);
#87 = CARTESIAN_POINT('',(6.,124.3,0.));
#88 = LINE('',#89,#90);
#89 = CARTESIAN_POINT('',(353.8,124.3,0.));
#90 = VECTOR('',#91,1.);
#91 = DIRECTION('',(-1.,0.,0.));
#92 = ORIENTED_EDGE('',*,*,#93,.T.);
#93 = EDGE_CURVE('',#86,#33,#94,.T.);
#94 = CIRCLE('',#95,1.);
#95 = AXIS2_PLACEMENT_3D('',#96,#97,#98);
#96 = CARTESIAN_POINT('',(6.,123.3,0.));
#97 = DIRECTION('',(0.,0.,1.));
#98 = DIRECTION('',(1.,0.,0.));
#99 = FACE_BOUND('',#100,.F.);
#100 = EDGE_LOOP('',(#101));
#101 = ORIENTED_EDGE('',*,*,#102,.F.);
#102 = EDGE_CURVE('',#103,#103,#105,.T.);
#103 = VERTEX_POINT('',#104);
#104 = CARTESIAN_POINT('',(9.1,8.,0.));
#105 = CIRCLE('',#106,1.1);
#106 = AXIS2_PLACEMENT_3D('',#107,#108,#109);
#107 = CARTESIAN_POINT('',(8.,8.,0.));
#108 = DIRECTION('',(0.,0.,1.));
#109 = DIRECTION('',(1.,0.,0.));
#110 = FACE_BOUND('',#111,.F.);
#111 = EDGE_LOOP('',(#112));
#112 = ORIENTED_EDGE('',*,*,#113,.F.);
#113 = EDGE_CURVE('',#114,#114,#116,.T.);
#114 = VERTEX_POINT('',#115);
#115 = CARTESIAN_POINT('',(43.1,8.,0.));
#116 = CIRCLE('',#117,1.1);
#117 = AXIS2_PLACEMENT_3D('',#118,#119,#120);
#118 = CARTESIAN_POINT('',(42.,8.,0.));
#119 = DIRECTION('',(0.,0.,1.));
#120 = DIRECTION('',(1.,0.,0.));
#121 = FACE_BOUND('',#122,.F.);
#122 = EDGE_LOOP('',(#123,#133,#141,#149));
#123 = ORIENTED_EDGE('',*,*,#124,.F.);
#124 = EDGE_CURVE('',#125,#127,#129,.T.);
#125 = VERTEX_POINT('',#126);
#126 = CARTESIAN_POINT('',(54.90625,21.525,0.));
#127 = VERTEX_POINT('',#128);
#128 = CARTESIAN_POINT('',(54.90625,7.525,0.));
#129 = LINE('',#130,#131);
#130 = CARTESIAN_POINT('',(54.90625,21.525,0.));
#131 = VECTOR('',#132,1.);
#132 = DIRECTION('',(0.,-1.,0.));
#133 = ORIENTED_EDGE('',*,*,#134,.F.);
#134 = EDGE_CURVE('',#135,#125,#137,.T.);
#135 = VERTEX_POINT('',#136);
#136 = CARTESIAN_POINT('',(68.90625,21.525,0.));
#137 = LINE('',#138,#139);
#138 = CARTESIAN_POINT('',(68.90625,21.525,0.));
#139 = VECTOR('',#140,1.);
#140 = DIRECTION('',(-1.,0.,0.));
#141 = ORIENTED_EDGE('',*,*,#142,.F.);
#142 = EDGE_CURVE('',#143,#135,#145,.T.);
#143 = VERTEX_POINT('',#144);
#144 = CARTESIAN_POINT('',(68.90625,7.525,0.));
#145 = LINE('',#146,#147);
#146 = CARTESIAN_POINT('',(68.90625,7.525,0.));
#147 = VECTOR('',#148,1.);
#148 = DIRECTION('',(0.,1.,0.));
#149 = ORIENTED_EDGE('',*,*,#150,.F.);
#150 = EDGE_CURVE('',#127,#143,#151,.T.);
#151 = LINE('',#152,#153);
#152 = CARTESIAN_POINT('',(54.90625,7.525,0.));
#153 = VECTOR('',#154,1.);
#154 = DIRECTION('',(1.,0.,0.));
#155 = FACE_BOUND('',#156,.F.);
#156 = EDGE_LOOP('',(#157,#167,#175,#183));
#157 = ORIENTED_EDGE('',*,*,#158,.F.);
#158 = EDGE_CURVE('',#159,#161,#163,.T.);
#159 = VERTEX_POINT('',#160);
#160 = CARTESIAN_POINT('',(78.71875,21.525,0.));
#161 = VERTEX_POINT('',#162);
#162 = CARTESIAN_POINT('',(78.71875,7.525,0.));
#163 = LINE('',#164,#165);
#164 = CARTESIAN_POINT('',(78.71875,21.525,0.));
#165 = VECTOR('',#166,1.);
#166 = DIRECTION('',(0.,-1.,0.));
#167 = ORIENTED_EDGE('',*,*,#168,.F.);
#168 = EDGE_CURVE('',#169,#159,#171,.T.);
#169 = VERTEX_POINT('',#170);
#170 = CARTESIAN_POINT('',(92.71875,21.525,0.));
#171 = LINE('',#172,#173);
#172 = CARTESIAN_POINT('',(92.71875,21.525,0.));
#173 = VECTOR('',#174,1.);
#174 = DIRECTION('',(-1.,0.,0.));
#175 = ORIENTED_EDGE('',*,*,#176,.F.);
#176 = EDGE_CURVE('',#177,#169,#179,.T.);
#177 = VERTEX_POINT('',#178);
#178 = CARTESIAN_POINT('',(92.71875,7.525,0.));
#179 = LINE('',#180,#181);
#180 = CARTESIAN_POINT('',(92.71875,7.525,0.));
#181 = VECTOR('',#182,1.);
#182 = DIRECTION('',(0.,1.,0.));
#183 = ORIENTED_EDGE('',*,*,#184,.F.);
#184 = EDGE_CURVE('',#161,#177,#185,.T.);
#185 = LINE('',#186,#187);
#186 = CARTESIAN_POINT('',(78.71875,7.525,0.));
#187 = VECTOR('',#188,1.);
#188 = DIRECTION('',(1.,0.,0.));
#189 = FACE_BOUND('',#190,.F.);
#190 = EDGE_LOOP('',(#191,#201,#209,#217,#225,#233,#241,#249,#257,#265,
    #273,#281,#289,#297,#305,#313,#321,#329,#337,#345,#353,#361,#369,
    #377,#385,#393,#401,#409,#417,#425,#433,#441,#449,#457,#465,#473));
#191 = ORIENTED_EDGE('',*,*,#192,.F.);
#192 = EDGE_CURVE('',#193,#195,#197,.T.);
#193 = VERTEX_POINT('',#194);
#194 = CARTESIAN_POINT('',(62.05,40.575,0.));
#195 = VERTEX_POINT('',#196);
#196 = CARTESIAN_POINT('',(62.05,35.875,0.));
#197 = LINE('',#198,#199);
#198 = CARTESIAN_POINT('',(62.05,40.575,0.));
#199 = VECTOR('',#200,1.);
#200 = DIRECTION('',(0.,-1.,0.));
#201 = ORIENTED_EDGE('',*,*,#202,.T.);
#202 = EDGE_CURVE('',#193,#203,#205,.T.);
#203 = VERTEX_POINT('',#204);
#204 = CARTESIAN_POINT('',(76.05,40.575,0.));
#205 = LINE('',#206,#207);
#206 = CARTESIAN_POINT('',(62.05,40.575,0.));
#207 = VECTOR('',#208,1.);
#208 = DIRECTION('',(1.,0.,0.));
#209 = ORIENTED_EDGE('',*,*,#210,.T.);
#210 = EDGE_CURVE('',#203,#211,#213,.T.);
#211 = VERTEX_POINT('',#212);
#212 = CARTESIAN_POINT('',(76.05,35.875,0.));
#213 = LINE('',#214,#215);
#214 = CARTESIAN_POINT('',(76.05,40.575,0.));
#215 = VECTOR('',#216,1.);
#216 = DIRECTION('',(0.,-1.,0.));
#217 = ORIENTED_EDGE('',*,*,#218,.T.);
#218 = EDGE_CURVE('',#211,#219,#221,.T.);
#219 = VERTEX_POINT('',#220);
#220 = CARTESIAN_POINT('',(77.575,35.875,0.));
#221 = LINE('',#222,#223);
#222 = CARTESIAN_POINT('',(76.05,35.875,0.));
#223 = VECTOR('',#224,1.);
#224 = DIRECTION('',(1.,0.,0.));
#225 = ORIENTED_EDGE('',*,*,#226,.T.);
#226 = EDGE_CURVE('',#219,#227,#229,.T.);
#227 = VERTEX_POINT('',#228);
#228 = CARTESIAN_POINT('',(77.575,39.105,0.));
#229 = LINE('',#230,#231);
#230 = CARTESIAN_POINT('',(77.575,35.875,0.));
#231 = VECTOR('',#232,1.);
#232 = DIRECTION('',(0.,1.,0.));
#233 = ORIENTED_EDGE('',*,*,#234,.T.);
#234 = EDGE_CURVE('',#227,#235,#237,.T.);
#235 = VERTEX_POINT('',#236);
#236 = CARTESIAN_POINT('',(84.325,39.105,0.));
#237 = LINE('',#238,#239);
#238 = CARTESIAN_POINT('',(77.575,39.105,0.));
#239 = VECTOR('',#240,1.);
#240 = DIRECTION('',(1.,0.,0.));
#241 = ORIENTED_EDGE('',*,*,#242,.T.);
#242 = EDGE_CURVE('',#235,#243,#245,.T.);
#243 = VERTEX_POINT('',#244);
#244 = CARTESIAN_POINT('',(84.325,35.875,0.));
#245 = LINE('',#246,#247);
#246 = CARTESIAN_POINT('',(84.325,39.105,0.));
#247 = VECTOR('',#248,1.);
#248 = DIRECTION('',(0.,-1.,0.));
#249 = ORIENTED_EDGE('',*,*,#250,.T.);
#250 = EDGE_CURVE('',#243,#251,#253,.T.);
#251 = VERTEX_POINT('',#252);
#252 = CARTESIAN_POINT('',(85.15,35.875,0.));
#253 = LINE('',#254,#255);
#254 = CARTESIAN_POINT('',(84.325,35.875,0.));
#255 = VECTOR('',#256,1.);
#256 = DIRECTION('',(1.,0.,0.));
#257 = ORIENTED_EDGE('',*,*,#258,.T.);
#258 = EDGE_CURVE('',#251,#259,#261,.T.);
#259 = VERTEX_POINT('',#260);
#260 = CARTESIAN_POINT('',(85.15,33.075,0.));
#261 = LINE('',#262,#263);
#262 = CARTESIAN_POINT('',(85.15,35.875,0.));
#263 = VECTOR('',#264,1.);
#264 = DIRECTION('',(0.,-1.,0.));
#265 = ORIENTED_EDGE('',*,*,#266,.T.);
#266 = EDGE_CURVE('',#259,#267,#269,.T.);
#267 = VERTEX_POINT('',#268);
#268 = CARTESIAN_POINT('',(84.325,33.075,0.));
#269 = LINE('',#270,#271);
#270 = CARTESIAN_POINT('',(85.15,33.075,0.));
#271 = VECTOR('',#272,1.);
#272 = DIRECTION('',(-1.,0.,0.));
#273 = ORIENTED_EDGE('',*,*,#274,.T.);
#274 = EDGE_CURVE('',#267,#275,#277,.T.);
#275 = VERTEX_POINT('',#276);
#276 = CARTESIAN_POINT('',(84.325,26.805,0.));
#277 = LINE('',#278,#279);
#278 = CARTESIAN_POINT('',(84.325,33.075,0.));
#279 = VECTOR('',#280,1.);
#280 = DIRECTION('',(0.,-1.,0.));
#281 = ORIENTED_EDGE('',*,*,#282,.T.);
#282 = EDGE_CURVE('',#275,#283,#285,.T.);
#283 = VERTEX_POINT('',#284);
#284 = CARTESIAN_POINT('',(82.6,26.805,0.));
#285 = LINE('',#286,#287);
#286 = CARTESIAN_POINT('',(84.325,26.805,0.));
#287 = VECTOR('',#288,1.);
#288 = DIRECTION('',(-1.,0.,0.));
#289 = ORIENTED_EDGE('',*,*,#290,.T.);
#290 = EDGE_CURVE('',#283,#291,#293,.T.);
#291 = VERTEX_POINT('',#292);
#292 = CARTESIAN_POINT('',(82.6,25.605,0.));
#293 = LINE('',#294,#295);
#294 = CARTESIAN_POINT('',(82.6,26.805,0.));
#295 = VECTOR('',#296,1.);
#296 = DIRECTION('',(0.,-1.,0.));
#297 = ORIENTED_EDGE('',*,*,#298,.T.);
#298 = EDGE_CURVE('',#291,#299,#301,.T.);
#299 = VERTEX_POINT('',#300);
#300 = CARTESIAN_POINT('',(79.3,25.605,0.));
#301 = LINE('',#302,#303);
#302 = CARTESIAN_POINT('',(82.6,25.605,0.));
#303 = VECTOR('',#304,1.);
#304 = DIRECTION('',(-1.,0.,0.));
#305 = ORIENTED_EDGE('',*,*,#306,.T.);
#306 = EDGE_CURVE('',#299,#307,#309,.T.);
#307 = VERTEX_POINT('',#308);
#308 = CARTESIAN_POINT('',(79.3,26.805,0.));
#309 = LINE('',#310,#311);
#310 = CARTESIAN_POINT('',(79.3,25.605,0.));
#311 = VECTOR('',#312,1.);
#312 = DIRECTION('',(0.,1.,0.));
#313 = ORIENTED_EDGE('',*,*,#314,.T.);
#314 = EDGE_CURVE('',#307,#315,#317,.T.);
#315 = VERTEX_POINT('',#316);
#316 = CARTESIAN_POINT('',(77.575,26.805,0.));
#317 = LINE('',#318,#319);
#318 = CARTESIAN_POINT('',(79.3,26.805,0.));
#319 = VECTOR('',#320,1.);
#320 = DIRECTION('',(-1.,0.,0.));
#321 = ORIENTED_EDGE('',*,*,#322,.T.);
#322 = EDGE_CURVE('',#315,#323,#325,.T.);
#323 = VERTEX_POINT('',#324);
#324 = CARTESIAN_POINT('',(77.575,31.275,0.));
#325 = LINE('',#326,#327);
#326 = CARTESIAN_POINT('',(77.575,26.805,0.));
#327 = VECTOR('',#328,1.);
#328 = DIRECTION('',(0.,1.,0.));
#329 = ORIENTED_EDGE('',*,*,#330,.T.);
#330 = EDGE_CURVE('',#323,#331,#333,.T.);
#331 = VERTEX_POINT('',#332);
#332 = CARTESIAN_POINT('',(76.05,31.275,0.));
#333 = LINE('',#334,#335);
#334 = CARTESIAN_POINT('',(77.575,31.275,0.));
#335 = VECTOR('',#336,1.);
#336 = DIRECTION('',(-1.,0.,0.));
#337 = ORIENTED_EDGE('',*,*,#338,.T.);
#338 = EDGE_CURVE('',#331,#339,#341,.T.);
#339 = VERTEX_POINT('',#340);
#340 = CARTESIAN_POINT('',(76.05,26.575,0.));
#341 = LINE('',#342,#343);
#342 = CARTESIAN_POINT('',(76.05,31.275,0.));
#343 = VECTOR('',#344,1.);
#344 = DIRECTION('',(0.,-1.,0.));
#345 = ORIENTED_EDGE('',*,*,#346,.T.);
#346 = EDGE_CURVE('',#339,#347,#349,.T.);
#347 = VERTEX_POINT('',#348);
#348 = CARTESIAN_POINT('',(62.05,26.575,0.));
#349 = LINE('',#350,#351);
#350 = CARTESIAN_POINT('',(76.05,26.575,0.));
#351 = VECTOR('',#352,1.);
#352 = DIRECTION('',(-1.,0.,0.));
#353 = ORIENTED_EDGE('',*,*,#354,.T.);
#354 = EDGE_CURVE('',#347,#355,#357,.T.);
#355 = VERTEX_POINT('',#356);
#356 = CARTESIAN_POINT('',(62.05,31.275,0.));
#357 = LINE('',#358,#359);
#358 = CARTESIAN_POINT('',(62.05,26.575,0.));
#359 = VECTOR('',#360,1.);
#360 = DIRECTION('',(0.,1.,0.));
#361 = ORIENTED_EDGE('',*,*,#362,.F.);
#362 = EDGE_CURVE('',#363,#355,#365,.T.);
#363 = VERTEX_POINT('',#364);
#364 = CARTESIAN_POINT('',(60.525,31.275,0.));
#365 = LINE('',#366,#367);
#366 = CARTESIAN_POINT('',(60.525,31.275,0.));
#367 = VECTOR('',#368,1.);
#368 = DIRECTION('',(1.,0.,0.));
#369 = ORIENTED_EDGE('',*,*,#370,.F.);
#370 = EDGE_CURVE('',#371,#363,#373,.T.);
#371 = VERTEX_POINT('',#372);
#372 = CARTESIAN_POINT('',(60.525,26.805,0.));
#373 = LINE('',#374,#375);
#374 = CARTESIAN_POINT('',(60.525,26.805,0.));
#375 = VECTOR('',#376,1.);
#376 = DIRECTION('',(0.,1.,0.));
#377 = ORIENTED_EDGE('',*,*,#378,.F.);
#378 = EDGE_CURVE('',#379,#371,#381,.T.);
#379 = VERTEX_POINT('',#380);
#380 = CARTESIAN_POINT('',(58.8,26.805,0.));
#381 = LINE('',#382,#383);
#382 = CARTESIAN_POINT('',(58.8,26.805,0.));
#383 = VECTOR('',#384,1.);
#384 = DIRECTION('',(1.,0.,0.));
#385 = ORIENTED_EDGE('',*,*,#386,.F.);
#386 = EDGE_CURVE('',#387,#379,#389,.T.);
#387 = VERTEX_POINT('',#388);
#388 = CARTESIAN_POINT('',(58.8,25.605,0.));
#389 = LINE('',#390,#391);
#390 = CARTESIAN_POINT('',(58.8,25.605,0.));
#391 = VECTOR('',#392,1.);
#392 = DIRECTION('',(0.,1.,0.));
#393 = ORIENTED_EDGE('',*,*,#394,.F.);
#394 = EDGE_CURVE('',#395,#387,#397,.T.);
#395 = VERTEX_POINT('',#396);
#396 = CARTESIAN_POINT('',(55.5,25.605,0.));
#397 = LINE('',#398,#399);
#398 = CARTESIAN_POINT('',(55.5,25.605,0.));
#399 = VECTOR('',#400,1.);
#400 = DIRECTION('',(1.,0.,0.));
#401 = ORIENTED_EDGE('',*,*,#402,.F.);
#402 = EDGE_CURVE('',#403,#395,#405,.T.);
#403 = VERTEX_POINT('',#404);
#404 = CARTESIAN_POINT('',(55.5,26.805,0.));
#405 = LINE('',#406,#407);
#406 = CARTESIAN_POINT('',(55.5,26.805,0.));
#407 = VECTOR('',#408,1.);
#408 = DIRECTION('',(0.,-1.,0.));
#409 = ORIENTED_EDGE('',*,*,#410,.F.);
#410 = EDGE_CURVE('',#411,#403,#413,.T.);
#411 = VERTEX_POINT('',#412);
#412 = CARTESIAN_POINT('',(53.775,26.805,0.));
#413 = LINE('',#414,#415);
#414 = CARTESIAN_POINT('',(53.775,26.805,0.));
#415 = VECTOR('',#416,1.);
#416 = DIRECTION('',(1.,0.,0.));
#417 = ORIENTED_EDGE('',*,*,#418,.F.);
#418 = EDGE_CURVE('',#419,#411,#421,.T.);
#419 = VERTEX_POINT('',#420);
#420 = CARTESIAN_POINT('',(53.775,33.075,0.));
#421 = LINE('',#422,#423);
#422 = CARTESIAN_POINT('',(53.775,33.075,0.));
#423 = VECTOR('',#424,1.);
#424 = DIRECTION('',(0.,-1.,0.));
#425 = ORIENTED_EDGE('',*,*,#426,.F.);
#426 = EDGE_CURVE('',#427,#419,#429,.T.);
#427 = VERTEX_POINT('',#428);
#428 = CARTESIAN_POINT('',(52.95,33.075,0.));
#429 = LINE('',#430,#431);
#430 = CARTESIAN_POINT('',(52.95,33.075,0.));
#431 = VECTOR('',#432,1.);
#432 = DIRECTION('',(1.,0.,0.));
#433 = ORIENTED_EDGE('',*,*,#434,.F.);
#434 = EDGE_CURVE('',#435,#427,#437,.T.);
#435 = VERTEX_POINT('',#436);
#436 = CARTESIAN_POINT('',(52.95,35.875,0.));
#437 = LINE('',#438,#439);
#438 = CARTESIAN_POINT('',(52.95,35.875,0.));
#439 = VECTOR('',#440,1.);
#440 = DIRECTION('',(0.,-1.,0.));
#441 = ORIENTED_EDGE('',*,*,#442,.F.);
#442 = EDGE_CURVE('',#443,#435,#445,.T.);
#443 = VERTEX_POINT('',#444);
#444 = CARTESIAN_POINT('',(53.775,35.875,0.));
#445 = LINE('',#446,#447);
#446 = CARTESIAN_POINT('',(53.775,35.875,0.));
#447 = VECTOR('',#448,1.);
#448 = DIRECTION('',(-1.,0.,0.));
#449 = ORIENTED_EDGE('',*,*,#450,.F.);
#450 = EDGE_CURVE('',#451,#443,#453,.T.);
#451 = VERTEX_POINT('',#452);
#452 = CARTESIAN_POINT('',(53.775,39.105,0.));
#453 = LINE('',#454,#455);
#454 = CARTESIAN_POINT('',(53.775,39.105,0.));
#455 = VECTOR('',#456,1.);
#456 = DIRECTION('',(0.,-1.,0.));
#457 = ORIENTED_EDGE('',*,*,#458,.T.);
#458 = EDGE_CURVE('',#451,#459,#461,.T.);
#459 = VERTEX_POINT('',#460);
#460 = CARTESIAN_POINT('',(60.525,39.105,0.));
#461 = LINE('',#462,#463);
#462 = CARTESIAN_POINT('',(53.775,39.105,0.));
#463 = VECTOR('',#464,1.);
#464 = DIRECTION('',(1.,0.,0.));
#465 = ORIENTED_EDGE('',*,*,#466,.F.);
#466 = EDGE_CURVE('',#467,#459,#469,.T.);
#467 = VERTEX_POINT('',#468);
#468 = CARTESIAN_POINT('',(60.525,35.875,0.));
#469 = LINE('',#470,#471);
#470 = CARTESIAN_POINT('',(60.525,35.875,0.));
#471 = VECTOR('',#472,1.);
#472 = DIRECTION('',(0.,1.,0.));
#473 = ORIENTED_EDGE('',*,*,#474,.F.);
#474 = EDGE_CURVE('',#195,#467,#475,.T.);
#475 = LINE('',#476,#477);
#476 = CARTESIAN_POINT('',(62.05,35.875,0.));
#477 = VECTOR('',#478,1.);
#478 = DIRECTION('',(-1.,0.,0.));
#479 = FACE_BOUND('',#480,.F.);
#480 = EDGE_LOOP('',(#481,#491,#499,#507));
#481 = ORIENTED_EDGE('',*,*,#482,.F.);
#482 = EDGE_CURVE('',#483,#485,#487,.T.);
#483 = VERTEX_POINT('',#484);
#484 = CARTESIAN_POINT('',(102.53125,21.525,0.));
#485 = VERTEX_POINT('',#486);
#486 = CARTESIAN_POINT('',(102.53125,7.525,0.));
#487 = LINE('',#488,#489);
#488 = CARTESIAN_POINT('',(102.53125,21.525,0.));
#489 = VECTOR('',#490,1.);
#490 = DIRECTION('',(0.,-1.,0.));
#491 = ORIENTED_EDGE('',*,*,#492,.F.);
#492 = EDGE_CURVE('',#493,#483,#495,.T.);
#493 = VERTEX_POINT('',#494);
#494 = CARTESIAN_POINT('',(116.53125,21.525,0.));
#495 = LINE('',#496,#497);
#496 = CARTESIAN_POINT('',(116.53125,21.525,0.));
#497 = VECTOR('',#498,1.);
#498 = DIRECTION('',(-1.,0.,0.));
#499 = ORIENTED_EDGE('',*,*,#500,.F.);
#500 = EDGE_CURVE('',#501,#493,#503,.T.);
#501 = VERTEX_POINT('',#502);
#502 = CARTESIAN_POINT('',(116.53125,7.525,0.));
#503 = LINE('',#504,#505);
#504 = CARTESIAN_POINT('',(116.53125,7.525,0.));
#505 = VECTOR('',#506,1.);
#506 = DIRECTION('',(0.,1.,0.));
#507 = ORIENTED_EDGE('',*,*,#508,.F.);
#508 = EDGE_CURVE('',#485,#501,#509,.T.);
#509 = LINE('',#510,#511);
#510 = CARTESIAN_POINT('',(102.53125,7.525,0.));
#511 = VECTOR('',#512,1.);
#512 = DIRECTION('',(1.,0.,0.));
#513 = FACE_BOUND('',#514,.F.);
#514 = EDGE_LOOP('',(#515,#525,#533,#541));
#515 = ORIENTED_EDGE('',*,*,#516,.F.);
#516 = EDGE_CURVE('',#517,#519,#521,.T.);
#517 = VERTEX_POINT('',#518);
#518 = CARTESIAN_POINT('',(90.625,40.575,0.));
#519 = VERTEX_POINT('',#520);
#520 = CARTESIAN_POINT('',(90.625,26.575,0.));
#521 = LINE('',#522,#523);
#522 = CARTESIAN_POINT('',(90.625,40.575,0.));
#523 = VECTOR('',#524,1.);
#524 = DIRECTION('',(0.,-1.,0.));
#525 = ORIENTED_EDGE('',*,*,#526,.F.);
#526 = EDGE_CURVE('',#527,#517,#529,.T.);
#527 = VERTEX_POINT('',#528);
#528 = CARTESIAN_POINT('',(104.625,40.575,0.));
#529 = LINE('',#530,#531);
#530 = CARTESIAN_POINT('',(104.625,40.575,0.));
#531 = VECTOR('',#532,1.);
#532 = DIRECTION('',(-1.,0.,0.));
#533 = ORIENTED_EDGE('',*,*,#534,.F.);
#534 = EDGE_CURVE('',#535,#527,#537,.T.);
#535 = VERTEX_POINT('',#536);
#536 = CARTESIAN_POINT('',(104.625,26.575,0.));
#537 = LINE('',#538,#539);
#538 = CARTESIAN_POINT('',(104.625,26.575,0.));
#539 = VECTOR('',#540,1.);
#540 = DIRECTION('',(0.,1.,0.));
#541 = ORIENTED_EDGE('',*,*,#542,.F.);
#542 = EDGE_CURVE('',#519,#535,#543,.T.);
#543 = LINE('',#544,#545);
#544 = CARTESIAN_POINT('',(90.625,26.575,0.));
#545 = VECTOR('',#546,1.);
#546 = DIRECTION('',(1.,0.,0.));
#547 = FACE_BOUND('',#548,.F.);
#548 = EDGE_LOOP('',(#549,#559,#567,#575));
#549 = ORIENTED_EDGE('',*,*,#550,.F.);
#550 = EDGE_CURVE('',#551,#553,#555,.T.);
#551 = VERTEX_POINT('',#552);
#552 = CARTESIAN_POINT('',(109.675,40.575,0.));
#553 = VERTEX_POINT('',#554);
#554 = CARTESIAN_POINT('',(109.675,26.575,0.));
#555 = LINE('',#556,#557);
#556 = CARTESIAN_POINT('',(109.675,40.575,0.));
#557 = VECTOR('',#558,1.);
#558 = DIRECTION('',(0.,-1.,0.));
#559 = ORIENTED_EDGE('',*,*,#560,.F.);
#560 = EDGE_CURVE('',#561,#551,#563,.T.);
#561 = VERTEX_POINT('',#562);
#562 = CARTESIAN_POINT('',(123.675,40.575,0.));
#563 = LINE('',#564,#565);
#564 = CARTESIAN_POINT('',(123.675,40.575,0.));
#565 = VECTOR('',#566,1.);
#566 = DIRECTION('',(-1.,0.,0.));
#567 = ORIENTED_EDGE('',*,*,#568,.F.);
#568 = EDGE_CURVE('',#569,#561,#571,.T.);
#569 = VERTEX_POINT('',#570);
#570 = CARTESIAN_POINT('',(123.675,26.575,0.));
#571 = LINE('',#572,#573);
#572 = CARTESIAN_POINT('',(123.675,26.575,0.));
#573 = VECTOR('',#574,1.);
#574 = DIRECTION('',(0.,1.,0.));
#575 = ORIENTED_EDGE('',*,*,#576,.F.);
#576 = EDGE_CURVE('',#553,#569,#577,.T.);
#577 = LINE('',#578,#579);
#578 = CARTESIAN_POINT('',(109.675,26.575,0.));
#579 = VECTOR('',#580,1.);
#580 = DIRECTION('',(1.,0.,0.));
#581 = FACE_BOUND('',#582,.F.);
#582 = EDGE_LOOP('',(#583,#593,#601,#609));
#583 = ORIENTED_EDGE('',*,*,#584,.F.);
#584 = EDGE_CURVE('',#585,#587,#589,.T.);
#585 = VERTEX_POINT('',#586);
#586 = CARTESIAN_POINT('',(128.725,40.575,0.));
#587 = VERTEX_POINT('',#588);
#588 = CARTESIAN_POINT('',(128.725,26.575,0.));
#589 = LINE('',#590,#591);
#590 = CARTESIAN_POINT('',(128.725,40.575,0.));
#591 = VECTOR('',#592,1.);
#592 = DIRECTION('',(0.,-1.,0.));
#593 = ORIENTED_EDGE('',*,*,#594,.F.);
#594 = EDGE_CURVE('',#595,#585,#597,.T.);
#595 = VERTEX_POINT('',#596);
#596 = CARTESIAN_POINT('',(142.725,40.575,0.));
#597 = LINE('',#598,#599);
#598 = CARTESIAN_POINT('',(142.725,40.575,0.));
#599 = VECTOR('',#600,1.);
#600 = DIRECTION('',(-1.,0.,0.));
#601 = ORIENTED_EDGE('',*,*,#602,.F.);
#602 = EDGE_CURVE('',#603,#595,#605,.T.);
#603 = VERTEX_POINT('',#604);
#604 = CARTESIAN_POINT('',(142.725,26.575,0.));
#605 = LINE('',#606,#607);
#606 = CARTESIAN_POINT('',(142.725,26.575,0.));
#607 = VECTOR('',#608,1.);
#608 = DIRECTION('',(0.,1.,0.));
#609 = ORIENTED_EDGE('',*,*,#610,.F.);
#610 = EDGE_CURVE('',#587,#603,#611,.T.);
#611 = LINE('',#612,#613);
#612 = CARTESIAN_POINT('',(128.725,26.575,0.));
#613 = VECTOR('',#614,1.);
#614 = DIRECTION('',(1.,0.,0.));
#615 = FACE_BOUND('',#616,.F.);
#616 = EDGE_LOOP('',(#617,#627,#635,#643));
#617 = ORIENTED_EDGE('',*,*,#618,.F.);
#618 = EDGE_CURVE('',#619,#621,#623,.T.);
#619 = VERTEX_POINT('',#620);
#620 = CARTESIAN_POINT('',(147.775,40.575,0.));
#621 = VERTEX_POINT('',#622);
#622 = CARTESIAN_POINT('',(147.775,26.575,0.));
#623 = LINE('',#624,#625);
#624 = CARTESIAN_POINT('',(147.775,40.575,0.));
#625 = VECTOR('',#626,1.);
#626 = DIRECTION('',(0.,-1.,0.));
#627 = ORIENTED_EDGE('',*,*,#628,.F.);
#628 = EDGE_CURVE('',#629,#619,#631,.T.);
#629 = VERTEX_POINT('',#630);
#630 = CARTESIAN_POINT('',(161.775,40.575,0.));
#631 = LINE('',#632,#633);
#632 = CARTESIAN_POINT('',(161.775,40.575,0.));
#633 = VECTOR('',#634,1.);
#634 = DIRECTION('',(-1.,0.,0.));
#635 = ORIENTED_EDGE('',*,*,#636,.F.);
#636 = EDGE_CURVE('',#637,#629,#639,.T.);
#637 = VERTEX_POINT('',#638);
#638 = CARTESIAN_POINT('',(161.775,26.575,0.));
#639 = LINE('',#640,#641);
#640 = CARTESIAN_POINT('',(161.775,26.575,0.));
#641 = VECTOR('',#642,1.);
#642 = DIRECTION('',(0.,1.,0.));
#643 = ORIENTED_EDGE('',*,*,#644,.F.);
#644 = EDGE_CURVE('',#621,#637,#645,.T.);
#645 = LINE('',#646,#647);
#646 = CARTESIAN_POINT('',(147.775,26.575,0.));
#647 = VECTOR('',#648,1.);
#648 = DIRECTION('',(1.,0.,0.));
#649 = FACE_BOUND('',#650,.F.);
#650 = EDGE_LOOP('',(#651,#661,#669,#677));
#651 = ORIENTED_EDGE('',*,*,#652,.F.);
#652 = EDGE_CURVE('',#653,#655,#657,.T.);
#653 = VERTEX_POINT('',#654);
#654 = CARTESIAN_POINT('',(166.825,40.575,0.));
#655 = VERTEX_POINT('',#656);
#656 = CARTESIAN_POINT('',(166.825,26.575,0.));
#657 = LINE('',#658,#659);
#658 = CARTESIAN_POINT('',(166.825,40.575,0.));
#659 = VECTOR('',#660,1.);
#660 = DIRECTION('',(0.,-1.,0.));
#661 = ORIENTED_EDGE('',*,*,#662,.F.);
#662 = EDGE_CURVE('',#663,#653,#665,.T.);
#663 = VERTEX_POINT('',#664);
#664 = CARTESIAN_POINT('',(180.825,40.575,0.));
#665 = LINE('',#666,#667);
#666 = CARTESIAN_POINT('',(180.825,40.575,0.));
#667 = VECTOR('',#668,1.);
#668 = DIRECTION('',(-1.,0.,0.));
#669 = ORIENTED_EDGE('',*,*,#670,.F.);
#670 = EDGE_CURVE('',#671,#663,#673,.T.);
#671 = VERTEX_POINT('',#672);
#672 = CARTESIAN_POINT('',(180.825,26.575,0.));
#673 = LINE('',#674,#675);
#674 = CARTESIAN_POINT('',(180.825,26.575,0.));
#675 = VECTOR('',#676,1.);
#676 = DIRECTION('',(0.,1.,0.));
#677 = ORIENTED_EDGE('',*,*,#678,.F.);
#678 = EDGE_CURVE('',#655,#671,#679,.T.);
#679 = LINE('',#680,#681);
#680 = CARTESIAN_POINT('',(166.825,26.575,0.));
#681 = VECTOR('',#682,1.);
#682 = DIRECTION('',(1.,0.,0.));
#683 = FACE_BOUND('',#684,.F.);
#684 = EDGE_LOOP('',(#685,#695,#703,#711));
#685 = ORIENTED_EDGE('',*,*,#686,.F.);
#686 = EDGE_CURVE('',#687,#689,#691,.T.);
#687 = VERTEX_POINT('',#688);
#688 = CARTESIAN_POINT('',(59.66875,59.625,0.));
#689 = VERTEX_POINT('',#690);
#690 = CARTESIAN_POINT('',(59.66875,45.625,0.));
#691 = LINE('',#692,#693);
#692 = CARTESIAN_POINT('',(59.66875,59.625,0.));
#693 = VECTOR('',#694,1.);
#694 = DIRECTION('',(0.,-1.,0.));
#695 = ORIENTED_EDGE('',*,*,#696,.F.);
#696 = EDGE_CURVE('',#697,#687,#699,.T.);
#697 = VERTEX_POINT('',#698);
#698 = CARTESIAN_POINT('',(73.66875,59.625,0.));
#699 = LINE('',#700,#701);
#700 = CARTESIAN_POINT('',(73.66875,59.625,0.));
#701 = VECTOR('',#702,1.);
#702 = DIRECTION('',(-1.,0.,0.));
#703 = ORIENTED_EDGE('',*,*,#704,.F.);
#704 = EDGE_CURVE('',#705,#697,#707,.T.);
#705 = VERTEX_POINT('',#706);
#706 = CARTESIAN_POINT('',(73.66875,45.625,0.));
#707 = LINE('',#708,#709);
#708 = CARTESIAN_POINT('',(73.66875,45.625,0.));
#709 = VECTOR('',#710,1.);
#710 = DIRECTION('',(0.,1.,0.));
#711 = ORIENTED_EDGE('',*,*,#712,.F.);
#712 = EDGE_CURVE('',#689,#705,#713,.T.);
#713 = LINE('',#714,#715);
#714 = CARTESIAN_POINT('',(59.66875,45.625,0.));
#715 = VECTOR('',#716,1.);
#716 = DIRECTION('',(1.,0.,0.));
#717 = FACE_BOUND('',#718,.F.);
#718 = EDGE_LOOP('',(#719,#729,#737,#745));
#719 = ORIENTED_EDGE('',*,*,#720,.F.);
#720 = EDGE_CURVE('',#721,#723,#725,.T.);
#721 = VERTEX_POINT('',#722);
#722 = CARTESIAN_POINT('',(85.8625,59.625,0.));
#723 = VERTEX_POINT('',#724);
#724 = CARTESIAN_POINT('',(85.8625,45.625,0.));
#725 = LINE('',#726,#727);
#726 = CARTESIAN_POINT('',(85.8625,59.625,0.));
#727 = VECTOR('',#728,1.);
#728 = DIRECTION('',(0.,-1.,0.));
#729 = ORIENTED_EDGE('',*,*,#730,.F.);
#730 = EDGE_CURVE('',#731,#721,#733,.T.);
#731 = VERTEX_POINT('',#732);
#732 = CARTESIAN_POINT('',(99.8625,59.625,0.));
#733 = LINE('',#734,#735);
#734 = CARTESIAN_POINT('',(99.8625,59.625,0.));
#735 = VECTOR('',#736,1.);
#736 = DIRECTION('',(-1.,0.,0.));
#737 = ORIENTED_EDGE('',*,*,#738,.F.);
#738 = EDGE_CURVE('',#739,#731,#741,.T.);
#739 = VERTEX_POINT('',#740);
#740 = CARTESIAN_POINT('',(99.8625,45.625,0.));
#741 = LINE('',#742,#743);
#742 = CARTESIAN_POINT('',(99.8625,45.625,0.));
#743 = VECTOR('',#744,1.);
#744 = DIRECTION('',(0.,1.,0.));
#745 = ORIENTED_EDGE('',*,*,#746,.F.);
#746 = EDGE_CURVE('',#723,#739,#747,.T.);
#747 = LINE('',#748,#749);
#748 = CARTESIAN_POINT('',(85.8625,45.625,0.));
#749 = VECTOR('',#750,1.);
#750 = DIRECTION('',(1.,0.,0.));
#751 = FACE_BOUND('',#752,.F.);
#752 = EDGE_LOOP('',(#753,#763,#771,#779));
#753 = ORIENTED_EDGE('',*,*,#754,.F.);
#754 = EDGE_CURVE('',#755,#757,#759,.T.);
#755 = VERTEX_POINT('',#756);
#756 = CARTESIAN_POINT('',(104.9125,59.625,0.));
#757 = VERTEX_POINT('',#758);
#758 = CARTESIAN_POINT('',(104.9125,45.625,0.));
#759 = LINE('',#760,#761);
#760 = CARTESIAN_POINT('',(104.9125,59.625,0.));
#761 = VECTOR('',#762,1.);
#762 = DIRECTION('',(0.,-1.,0.));
#763 = ORIENTED_EDGE('',*,*,#764,.F.);
#764 = EDGE_CURVE('',#765,#755,#767,.T.);
#765 = VERTEX_POINT('',#766);
#766 = CARTESIAN_POINT('',(118.9125,59.625,0.));
#767 = LINE('',#768,#769);
#768 = CARTESIAN_POINT('',(118.9125,59.625,0.));
#769 = VECTOR('',#770,1.);
#770 = DIRECTION('',(-1.,0.,0.));
#771 = ORIENTED_EDGE('',*,*,#772,.F.);
#772 = EDGE_CURVE('',#773,#765,#775,.T.);
#773 = VERTEX_POINT('',#774);
#774 = CARTESIAN_POINT('',(118.9125,45.625,0.));
#775 = LINE('',#776,#777);
#776 = CARTESIAN_POINT('',(118.9125,45.625,0.));
#777 = VECTOR('',#778,1.);
#778 = DIRECTION('',(0.,1.,0.));
#779 = ORIENTED_EDGE('',*,*,#780,.F.);
#780 = EDGE_CURVE('',#757,#773,#781,.T.);
#781 = LINE('',#782,#783);
#782 = CARTESIAN_POINT('',(104.9125,45.625,0.));
#783 = VECTOR('',#784,1.);
#784 = DIRECTION('',(1.,0.,0.));
#785 = FACE_BOUND('',#786,.F.);
#786 = EDGE_LOOP('',(#787,#797,#805,#813));
#787 = ORIENTED_EDGE('',*,*,#788,.F.);
#788 = EDGE_CURVE('',#789,#791,#793,.T.);
#789 = VERTEX_POINT('',#790);
#790 = CARTESIAN_POINT('',(123.9625,59.625,0.));
#791 = VERTEX_POINT('',#792);
#792 = CARTESIAN_POINT('',(123.9625,45.625,0.));
#793 = LINE('',#794,#795);
#794 = CARTESIAN_POINT('',(123.9625,59.625,0.));
#795 = VECTOR('',#796,1.);
#796 = DIRECTION('',(0.,-1.,0.));
#797 = ORIENTED_EDGE('',*,*,#798,.F.);
#798 = EDGE_CURVE('',#799,#789,#801,.T.);
#799 = VERTEX_POINT('',#800);
#800 = CARTESIAN_POINT('',(137.9625,59.625,0.));
#801 = LINE('',#802,#803);
#802 = CARTESIAN_POINT('',(137.9625,59.625,0.));
#803 = VECTOR('',#804,1.);
#804 = DIRECTION('',(-1.,0.,0.));
#805 = ORIENTED_EDGE('',*,*,#806,.F.);
#806 = EDGE_CURVE('',#807,#799,#809,.T.);
#807 = VERTEX_POINT('',#808);
#808 = CARTESIAN_POINT('',(137.9625,45.625,0.));
#809 = LINE('',#810,#811);
#810 = CARTESIAN_POINT('',(137.9625,45.625,0.));
#811 = VECTOR('',#812,1.);
#812 = DIRECTION('',(0.,1.,0.));
#813 = ORIENTED_EDGE('',*,*,#814,.F.);
#814 = EDGE_CURVE('',#791,#807,#815,.T.);
#815 = LINE('',#816,#817);
#816 = CARTESIAN_POINT('',(123.9625,45.625,0.));
#817 = VECTOR('',#818,1.);
#818 = DIRECTION('',(1.,0.,0.));
#819 = FACE_BOUND('',#820,.F.);
#820 = EDGE_LOOP('',(#821,#831,#839,#847));
#821 = ORIENTED_EDGE('',*,*,#822,.F.);
#822 = EDGE_CURVE('',#823,#825,#827,.T.);
#823 = VERTEX_POINT('',#824);
#824 = CARTESIAN_POINT('',(143.0125,59.625,0.));
#825 = VERTEX_POINT('',#826);
#826 = CARTESIAN_POINT('',(143.0125,45.625,0.));
#827 = LINE('',#828,#829);
#828 = CARTESIAN_POINT('',(143.0125,59.625,0.));
#829 = VECTOR('',#830,1.);
#830 = DIRECTION('',(0.,-1.,0.));
#831 = ORIENTED_EDGE('',*,*,#832,.F.);
#832 = EDGE_CURVE('',#833,#823,#835,.T.);
#833 = VERTEX_POINT('',#834);
#834 = CARTESIAN_POINT('',(157.0125,59.625,0.));
#835 = LINE('',#836,#837);
#836 = CARTESIAN_POINT('',(157.0125,59.625,0.));
#837 = VECTOR('',#838,1.);
#838 = DIRECTION('',(-1.,0.,0.));
#839 = ORIENTED_EDGE('',*,*,#840,.F.);
#840 = EDGE_CURVE('',#841,#833,#843,.T.);
#841 = VERTEX_POINT('',#842);
#842 = CARTESIAN_POINT('',(157.0125,45.625,0.));
#843 = LINE('',#844,#845);
#844 = CARTESIAN_POINT('',(157.0125,45.625,0.));
#845 = VECTOR('',#846,1.);
#846 = DIRECTION('',(0.,1.,0.));
#847 = ORIENTED_EDGE('',*,*,#848,.F.);
#848 = EDGE_CURVE('',#825,#841,#849,.T.);
#849 = LINE('',#850,#851);
#850 = CARTESIAN_POINT('',(143.0125,45.625,0.));
#851 = VECTOR('',#852,1.);
#852 = DIRECTION('',(1.,0.,0.));
#853 = FACE_BOUND('',#854,.F.);
#854 = EDGE_LOOP('',(#855,#865,#873,#881));
#855 = ORIENTED_EDGE('',*,*,#856,.F.);
#856 = EDGE_CURVE('',#857,#859,#861,.T.);
#857 = VERTEX_POINT('',#858);
#858 = CARTESIAN_POINT('',(162.0625,59.625,0.));
#859 = VERTEX_POINT('',#860);
#860 = CARTESIAN_POINT('',(162.0625,45.625,0.));
#861 = LINE('',#862,#863);
#862 = CARTESIAN_POINT('',(162.0625,59.625,0.));
#863 = VECTOR('',#864,1.);
#864 = DIRECTION('',(0.,-1.,0.));
#865 = ORIENTED_EDGE('',*,*,#866,.F.);
#866 = EDGE_CURVE('',#867,#857,#869,.T.);
#867 = VERTEX_POINT('',#868);
#868 = CARTESIAN_POINT('',(176.0625,59.625,0.));
#869 = LINE('',#870,#871);
#870 = CARTESIAN_POINT('',(176.0625,59.625,0.));
#871 = VECTOR('',#872,1.);
#872 = DIRECTION('',(-1.,0.,0.));
#873 = ORIENTED_EDGE('',*,*,#874,.F.);
#874 = EDGE_CURVE('',#875,#867,#877,.T.);
#875 = VERTEX_POINT('',#876);
#876 = CARTESIAN_POINT('',(176.0625,45.625,0.));
#877 = LINE('',#878,#879);
#878 = CARTESIAN_POINT('',(176.0625,45.625,0.));
#879 = VECTOR('',#880,1.);
#880 = DIRECTION('',(0.,1.,0.));
#881 = ORIENTED_EDGE('',*,*,#882,.F.);
#882 = EDGE_CURVE('',#859,#875,#883,.T.);
#883 = LINE('',#884,#885);
#884 = CARTESIAN_POINT('',(162.0625,45.625,0.));
#885 = VECTOR('',#886,1.);
#886 = DIRECTION('',(1.,0.,0.));
#887 = FACE_BOUND('',#888,.F.);
#888 = EDGE_LOOP('',(#889,#899,#907,#915,#923,#931,#939,#947,#955,#963,
    #971,#979,#987,#995,#1003,#1011,#1019,#1027,#1035,#1043,#1051,#1059,
    #1067,#1075,#1083,#1091,#1099,#1107,#1115,#1123,#1131,#1139,#1147,
    #1155,#1163,#1171));
#889 = ORIENTED_EDGE('',*,*,#890,.F.);
#890 = EDGE_CURVE('',#891,#893,#895,.T.);
#891 = VERTEX_POINT('',#892);
#892 = CARTESIAN_POINT('',(173.96875,21.525,0.));
#893 = VERTEX_POINT('',#894);
#894 = CARTESIAN_POINT('',(173.96875,16.825,0.));
#895 = LINE('',#896,#897);
#896 = CARTESIAN_POINT('',(173.96875,21.525,0.));
#897 = VECTOR('',#898,1.);
#898 = DIRECTION('',(0.,-1.,0.));
#899 = ORIENTED_EDGE('',*,*,#900,.T.);
#900 = EDGE_CURVE('',#891,#901,#903,.T.);
#901 = VERTEX_POINT('',#902);
#902 = CARTESIAN_POINT('',(187.96875,21.525,0.));
#903 = LINE('',#904,#905);
#904 = CARTESIAN_POINT('',(173.96875,21.525,0.));
#905 = VECTOR('',#906,1.);
#906 = DIRECTION('',(1.,0.,0.));
#907 = ORIENTED_EDGE('',*,*,#908,.T.);
#908 = EDGE_CURVE('',#901,#909,#911,.T.);
#909 = VERTEX_POINT('',#910);
#910 = CARTESIAN_POINT('',(187.96875,16.825,0.));
#911 = LINE('',#912,#913);
#912 = CARTESIAN_POINT('',(187.96875,21.525,0.));
#913 = VECTOR('',#914,1.);
#914 = DIRECTION('',(0.,-1.,0.));
#915 = ORIENTED_EDGE('',*,*,#916,.T.);
#916 = EDGE_CURVE('',#909,#917,#919,.T.);
#917 = VERTEX_POINT('',#918);
#918 = CARTESIAN_POINT('',(227.59375,16.825,0.));
#919 = LINE('',#920,#921);
#920 = CARTESIAN_POINT('',(187.96875,16.825,0.));
#921 = VECTOR('',#922,1.);
#922 = DIRECTION('',(1.,0.,0.));
#923 = ORIENTED_EDGE('',*,*,#924,.T.);
#924 = EDGE_CURVE('',#917,#925,#927,.T.);
#925 = VERTEX_POINT('',#926);
#926 = CARTESIAN_POINT('',(227.59375,20.055,0.));
#927 = LINE('',#928,#929);
#928 = CARTESIAN_POINT('',(227.59375,16.825,0.));
#929 = VECTOR('',#930,1.);
#930 = DIRECTION('',(0.,1.,0.));
#931 = ORIENTED_EDGE('',*,*,#932,.T.);
#932 = EDGE_CURVE('',#925,#933,#935,.T.);
#933 = VERTEX_POINT('',#934);
#934 = CARTESIAN_POINT('',(234.34375,20.055,0.));
#935 = LINE('',#936,#937);
#936 = CARTESIAN_POINT('',(227.59375,20.055,0.));
#937 = VECTOR('',#938,1.);
#938 = DIRECTION('',(1.,0.,0.));
#939 = ORIENTED_EDGE('',*,*,#940,.T.);
#940 = EDGE_CURVE('',#933,#941,#943,.T.);
#941 = VERTEX_POINT('',#942);
#942 = CARTESIAN_POINT('',(234.34375,16.825,0.));
#943 = LINE('',#944,#945);
#944 = CARTESIAN_POINT('',(234.34375,20.055,0.));
#945 = VECTOR('',#946,1.);
#946 = DIRECTION('',(0.,-1.,0.));
#947 = ORIENTED_EDGE('',*,*,#948,.T.);
#948 = EDGE_CURVE('',#941,#949,#951,.T.);
#949 = VERTEX_POINT('',#950);
#950 = CARTESIAN_POINT('',(235.16875,16.825,0.));
#951 = LINE('',#952,#953);
#952 = CARTESIAN_POINT('',(234.34375,16.825,0.));
#953 = VECTOR('',#954,1.);
#954 = DIRECTION('',(1.,0.,0.));
#955 = ORIENTED_EDGE('',*,*,#956,.T.);
#956 = EDGE_CURVE('',#949,#957,#959,.T.);
#957 = VERTEX_POINT('',#958);
#958 = CARTESIAN_POINT('',(235.16875,14.025,0.));
#959 = LINE('',#960,#961);
#960 = CARTESIAN_POINT('',(235.16875,16.825,0.));
#961 = VECTOR('',#962,1.);
#962 = DIRECTION('',(0.,-1.,0.));
#963 = ORIENTED_EDGE('',*,*,#964,.T.);
#964 = EDGE_CURVE('',#957,#965,#967,.T.);
#965 = VERTEX_POINT('',#966);
#966 = CARTESIAN_POINT('',(234.34375,14.025,0.));
#967 = LINE('',#968,#969);
#968 = CARTESIAN_POINT('',(235.16875,14.025,0.));
#969 = VECTOR('',#970,1.);
#970 = DIRECTION('',(-1.,0.,0.));
#971 = ORIENTED_EDGE('',*,*,#972,.T.);
#972 = EDGE_CURVE('',#965,#973,#975,.T.);
#973 = VERTEX_POINT('',#974);
#974 = CARTESIAN_POINT('',(234.34375,7.755,0.));
#975 = LINE('',#976,#977);
#976 = CARTESIAN_POINT('',(234.34375,14.025,0.));
#977 = VECTOR('',#978,1.);
#978 = DIRECTION('',(0.,-1.,0.));
#979 = ORIENTED_EDGE('',*,*,#980,.T.);
#980 = EDGE_CURVE('',#973,#981,#983,.T.);
#981 = VERTEX_POINT('',#982);
#982 = CARTESIAN_POINT('',(232.61875,7.755,0.));
#983 = LINE('',#984,#985);
#984 = CARTESIAN_POINT('',(234.34375,7.755,0.));
#985 = VECTOR('',#986,1.);
#986 = DIRECTION('',(-1.,0.,0.));
#987 = ORIENTED_EDGE('',*,*,#988,.T.);
#988 = EDGE_CURVE('',#981,#989,#991,.T.);
#989 = VERTEX_POINT('',#990);
#990 = CARTESIAN_POINT('',(232.61875,6.555,0.));
#991 = LINE('',#992,#993);
#992 = CARTESIAN_POINT('',(232.61875,7.755,0.));
#993 = VECTOR('',#994,1.);
#994 = DIRECTION('',(0.,-1.,0.));
#995 = ORIENTED_EDGE('',*,*,#996,.T.);
#996 = EDGE_CURVE('',#989,#997,#999,.T.);
#997 = VERTEX_POINT('',#998);
#998 = CARTESIAN_POINT('',(229.31875,6.555,0.));
#999 = LINE('',#1000,#1001);
#1000 = CARTESIAN_POINT('',(232.61875,6.555,0.));
#1001 = VECTOR('',#1002,1.);
#1002 = DIRECTION('',(-1.,0.,0.));
#1003 = ORIENTED_EDGE('',*,*,#1004,.T.);
#1004 = EDGE_CURVE('',#997,#1005,#1007,.T.);
#1005 = VERTEX_POINT('',#1006);
#1006 = CARTESIAN_POINT('',(229.31875,7.755,0.));
#1007 = LINE('',#1008,#1009);
#1008 = CARTESIAN_POINT('',(229.31875,6.555,0.));
#1009 = VECTOR('',#1010,1.);
#1010 = DIRECTION('',(0.,1.,0.));
#1011 = ORIENTED_EDGE('',*,*,#1012,.T.);
#1012 = EDGE_CURVE('',#1005,#1013,#1015,.T.);
#1013 = VERTEX_POINT('',#1014);
#1014 = CARTESIAN_POINT('',(227.59375,7.755,0.));
#1015 = LINE('',#1016,#1017);
#1016 = CARTESIAN_POINT('',(229.31875,7.755,0.));
#1017 = VECTOR('',#1018,1.);
#1018 = DIRECTION('',(-1.,0.,0.));
#1019 = ORIENTED_EDGE('',*,*,#1020,.T.);
#1020 = EDGE_CURVE('',#1013,#1021,#1023,.T.);
#1021 = VERTEX_POINT('',#1022);
#1022 = CARTESIAN_POINT('',(227.59375,12.225,0.));
#1023 = LINE('',#1024,#1025);
#1024 = CARTESIAN_POINT('',(227.59375,7.755,0.));
#1025 = VECTOR('',#1026,1.);
#1026 = DIRECTION('',(0.,1.,0.));
#1027 = ORIENTED_EDGE('',*,*,#1028,.T.);
#1028 = EDGE_CURVE('',#1021,#1029,#1031,.T.);
#1029 = VERTEX_POINT('',#1030);
#1030 = CARTESIAN_POINT('',(187.96875,12.225,0.));
#1031 = LINE('',#1032,#1033);
#1032 = CARTESIAN_POINT('',(227.59375,12.225,0.));
#1033 = VECTOR('',#1034,1.);
#1034 = DIRECTION('',(-1.,0.,0.));
#1035 = ORIENTED_EDGE('',*,*,#1036,.T.);
#1036 = EDGE_CURVE('',#1029,#1037,#1039,.T.);
#1037 = VERTEX_POINT('',#1038);
#1038 = CARTESIAN_POINT('',(187.96875,7.525,0.));
#1039 = LINE('',#1040,#1041);
#1040 = CARTESIAN_POINT('',(187.96875,12.225,0.));
#1041 = VECTOR('',#1042,1.);
#1042 = DIRECTION('',(0.,-1.,0.));
#1043 = ORIENTED_EDGE('',*,*,#1044,.T.);
#1044 = EDGE_CURVE('',#1037,#1045,#1047,.T.);
#1045 = VERTEX_POINT('',#1046);
#1046 = CARTESIAN_POINT('',(173.96875,7.525,0.));
#1047 = LINE('',#1048,#1049);
#1048 = CARTESIAN_POINT('',(187.96875,7.525,0.));
#1049 = VECTOR('',#1050,1.);
#1050 = DIRECTION('',(-1.,0.,0.));
#1051 = ORIENTED_EDGE('',*,*,#1052,.T.);
#1052 = EDGE_CURVE('',#1045,#1053,#1055,.T.);
#1053 = VERTEX_POINT('',#1054);
#1054 = CARTESIAN_POINT('',(173.96875,12.225,0.));
#1055 = LINE('',#1056,#1057);
#1056 = CARTESIAN_POINT('',(173.96875,7.525,0.));
#1057 = VECTOR('',#1058,1.);
#1058 = DIRECTION('',(0.,1.,0.));
#1059 = ORIENTED_EDGE('',*,*,#1060,.F.);
#1060 = EDGE_CURVE('',#1061,#1053,#1063,.T.);
#1061 = VERTEX_POINT('',#1062);
#1062 = CARTESIAN_POINT('',(134.34375,12.225,0.));
#1063 = LINE('',#1064,#1065);
#1064 = CARTESIAN_POINT('',(134.34375,12.225,0.));
#1065 = VECTOR('',#1066,1.);
#1066 = DIRECTION('',(1.,0.,0.));
#1067 = ORIENTED_EDGE('',*,*,#1068,.F.);
#1068 = EDGE_CURVE('',#1069,#1061,#1071,.T.);
#1069 = VERTEX_POINT('',#1070);
#1070 = CARTESIAN_POINT('',(134.34375,7.755,0.));
#1071 = LINE('',#1072,#1073);
#1072 = CARTESIAN_POINT('',(134.34375,7.755,0.));
#1073 = VECTOR('',#1074,1.);
#1074 = DIRECTION('',(0.,1.,0.));
#1075 = ORIENTED_EDGE('',*,*,#1076,.F.);
#1076 = EDGE_CURVE('',#1077,#1069,#1079,.T.);
#1077 = VERTEX_POINT('',#1078);
#1078 = CARTESIAN_POINT('',(132.61875,7.755,0.));
#1079 = LINE('',#1080,#1081);
#1080 = CARTESIAN_POINT('',(132.61875,7.755,0.));
#1081 = VECTOR('',#1082,1.);
#1082 = DIRECTION('',(1.,0.,0.));
#1083 = ORIENTED_EDGE('',*,*,#1084,.F.);
#1084 = EDGE_CURVE('',#1085,#1077,#1087,.T.);
#1085 = VERTEX_POINT('',#1086);
#1086 = CARTESIAN_POINT('',(132.61875,6.555,0.));
#1087 = LINE('',#1088,#1089);
#1088 = CARTESIAN_POINT('',(132.61875,6.555,0.));
#1089 = VECTOR('',#1090,1.);
#1090 = DIRECTION('',(0.,1.,0.));
#1091 = ORIENTED_EDGE('',*,*,#1092,.F.);
#1092 = EDGE_CURVE('',#1093,#1085,#1095,.T.);
#1093 = VERTEX_POINT('',#1094);
#1094 = CARTESIAN_POINT('',(129.31875,6.555,0.));
#1095 = LINE('',#1096,#1097);
#1096 = CARTESIAN_POINT('',(129.31875,6.555,0.));
#1097 = VECTOR('',#1098,1.);
#1098 = DIRECTION('',(1.,0.,0.));
#1099 = ORIENTED_EDGE('',*,*,#1100,.F.);
#1100 = EDGE_CURVE('',#1101,#1093,#1103,.T.);
#1101 = VERTEX_POINT('',#1102);
#1102 = CARTESIAN_POINT('',(129.31875,7.755,0.));
#1103 = LINE('',#1104,#1105);
#1104 = CARTESIAN_POINT('',(129.31875,7.755,0.));
#1105 = VECTOR('',#1106,1.);
#1106 = DIRECTION('',(0.,-1.,0.));
#1107 = ORIENTED_EDGE('',*,*,#1108,.F.);
#1108 = EDGE_CURVE('',#1109,#1101,#1111,.T.);
#1109 = VERTEX_POINT('',#1110);
#1110 = CARTESIAN_POINT('',(127.59375,7.755,0.));
#1111 = LINE('',#1112,#1113);
#1112 = CARTESIAN_POINT('',(127.59375,7.755,0.));
#1113 = VECTOR('',#1114,1.);
#1114 = DIRECTION('',(1.,0.,0.));
#1115 = ORIENTED_EDGE('',*,*,#1116,.F.);
#1116 = EDGE_CURVE('',#1117,#1109,#1119,.T.);
#1117 = VERTEX_POINT('',#1118);
#1118 = CARTESIAN_POINT('',(127.59375,14.025,0.));
#1119 = LINE('',#1120,#1121);
#1120 = CARTESIAN_POINT('',(127.59375,14.025,0.));
#1121 = VECTOR('',#1122,1.);
#1122 = DIRECTION('',(0.,-1.,0.));
#1123 = ORIENTED_EDGE('',*,*,#1124,.F.);
#1124 = EDGE_CURVE('',#1125,#1117,#1127,.T.);
#1125 = VERTEX_POINT('',#1126);
#1126 = CARTESIAN_POINT('',(126.76875,14.025,0.));
#1127 = LINE('',#1128,#1129);
#1128 = CARTESIAN_POINT('',(126.76875,14.025,0.));
#1129 = VECTOR('',#1130,1.);
#1130 = DIRECTION('',(1.,0.,0.));
#1131 = ORIENTED_EDGE('',*,*,#1132,.F.);
#1132 = EDGE_CURVE('',#1133,#1125,#1135,.T.);
#1133 = VERTEX_POINT('',#1134);
#1134 = CARTESIAN_POINT('',(126.76875,16.825,0.));
#1135 = LINE('',#1136,#1137);
#1136 = CARTESIAN_POINT('',(126.76875,16.825,0.));
#1137 = VECTOR('',#1138,1.);
#1138 = DIRECTION('',(0.,-1.,0.));
#1139 = ORIENTED_EDGE('',*,*,#1140,.F.);
#1140 = EDGE_CURVE('',#1141,#1133,#1143,.T.);
#1141 = VERTEX_POINT('',#1142);
#1142 = CARTESIAN_POINT('',(127.59375,16.825,0.));
#1143 = LINE('',#1144,#1145);
#1144 = CARTESIAN_POINT('',(127.59375,16.825,0.));
#1145 = VECTOR('',#1146,1.);
#1146 = DIRECTION('',(-1.,0.,0.));
#1147 = ORIENTED_EDGE('',*,*,#1148,.F.);
#1148 = EDGE_CURVE('',#1149,#1141,#1151,.T.);
#1149 = VERTEX_POINT('',#1150);
#1150 = CARTESIAN_POINT('',(127.59375,20.055,0.));
#1151 = LINE('',#1152,#1153);
#1152 = CARTESIAN_POINT('',(127.59375,20.055,0.));
#1153 = VECTOR('',#1154,1.);
#1154 = DIRECTION('',(0.,-1.,0.));
#1155 = ORIENTED_EDGE('',*,*,#1156,.T.);
#1156 = EDGE_CURVE('',#1149,#1157,#1159,.T.);
#1157 = VERTEX_POINT('',#1158);
#1158 = CARTESIAN_POINT('',(134.34375,20.055,0.));
#1159 = LINE('',#1160,#1161);
#1160 = CARTESIAN_POINT('',(127.59375,20.055,0.));
#1161 = VECTOR('',#1162,1.);
#1162 = DIRECTION('',(1.,0.,0.));
#1163 = ORIENTED_EDGE('',*,*,#1164,.F.);
#1164 = EDGE_CURVE('',#1165,#1157,#1167,.T.);
#1165 = VERTEX_POINT('',#1166);
#1166 = CARTESIAN_POINT('',(134.34375,16.825,0.));
#1167 = LINE('',#1168,#1169);
#1168 = CARTESIAN_POINT('',(134.34375,16.825,0.));
#1169 = VECTOR('',#1170,1.);
#1170 = DIRECTION('',(0.,1.,0.));
#1171 = ORIENTED_EDGE('',*,*,#1172,.F.);
#1172 = EDGE_CURVE('',#893,#1165,#1173,.T.);
#1173 = LINE('',#1174,#1175);
#1174 = CARTESIAN_POINT('',(173.96875,16.825,0.));
#1175 = VECTOR('',#1176,1.);
#1176 = DIRECTION('',(-1.,0.,0.));
#1177 = FACE_BOUND('',#1178,.F.);
#1178 = EDGE_LOOP('',(#1179,#1189,#1197,#1205));
#1179 = ORIENTED_EDGE('',*,*,#1180,.F.);
#1180 = EDGE_CURVE('',#1181,#1183,#1185,.T.);
#1181 = VERTEX_POINT('',#1182);
#1182 = CARTESIAN_POINT('',(243.025,21.525,0.));
#1183 = VERTEX_POINT('',#1184);
#1184 = CARTESIAN_POINT('',(243.025,7.525,0.));
#1185 = LINE('',#1186,#1187);
#1186 = CARTESIAN_POINT('',(243.025,21.525,0.));
#1187 = VECTOR('',#1188,1.);
#1188 = DIRECTION('',(0.,-1.,0.));
#1189 = ORIENTED_EDGE('',*,*,#1190,.F.);
#1190 = EDGE_CURVE('',#1191,#1181,#1193,.T.);
#1191 = VERTEX_POINT('',#1192);
#1192 = CARTESIAN_POINT('',(257.025,21.525,0.));
#1193 = LINE('',#1194,#1195);
#1194 = CARTESIAN_POINT('',(257.025,21.525,0.));
#1195 = VECTOR('',#1196,1.);
#1196 = DIRECTION('',(-1.,0.,0.));
#1197 = ORIENTED_EDGE('',*,*,#1198,.F.);
#1198 = EDGE_CURVE('',#1199,#1191,#1201,.T.);
#1199 = VERTEX_POINT('',#1200);
#1200 = CARTESIAN_POINT('',(257.025,7.525,0.));
#1201 = LINE('',#1202,#1203);
#1202 = CARTESIAN_POINT('',(257.025,7.525,0.));
#1203 = VECTOR('',#1204,1.);
#1204 = DIRECTION('',(0.,1.,0.));
#1205 = ORIENTED_EDGE('',*,*,#1206,.F.);
#1206 = EDGE_CURVE('',#1183,#1199,#1207,.T.);
#1207 = LINE('',#1208,#1209);
#1208 = CARTESIAN_POINT('',(243.025,7.525,0.));
#1209 = VECTOR('',#1210,1.);
#1210 = DIRECTION('',(1.,0.,0.));
#1211 = FACE_BOUND('',#1212,.F.);
#1212 = EDGE_LOOP('',(#1213,#1223,#1231,#1239));
#1213 = ORIENTED_EDGE('',*,*,#1214,.F.);
#1214 = EDGE_CURVE('',#1215,#1217,#1219,.T.);
#1215 = VERTEX_POINT('',#1216);
#1216 = CARTESIAN_POINT('',(185.875,40.575,0.));
#1217 = VERTEX_POINT('',#1218);
#1218 = CARTESIAN_POINT('',(185.875,26.575,0.));
#1219 = LINE('',#1220,#1221);
#1220 = CARTESIAN_POINT('',(185.875,40.575,0.));
#1221 = VECTOR('',#1222,1.);
#1222 = DIRECTION('',(0.,-1.,0.));
#1223 = ORIENTED_EDGE('',*,*,#1224,.F.);
#1224 = EDGE_CURVE('',#1225,#1215,#1227,.T.);
#1225 = VERTEX_POINT('',#1226);
#1226 = CARTESIAN_POINT('',(199.875,40.575,0.));
#1227 = LINE('',#1228,#1229);
#1228 = CARTESIAN_POINT('',(199.875,40.575,0.));
#1229 = VECTOR('',#1230,1.);
#1230 = DIRECTION('',(-1.,0.,0.));
#1231 = ORIENTED_EDGE('',*,*,#1232,.F.);
#1232 = EDGE_CURVE('',#1233,#1225,#1235,.T.);
#1233 = VERTEX_POINT('',#1234);
#1234 = CARTESIAN_POINT('',(199.875,26.575,0.));
#1235 = LINE('',#1236,#1237);
#1236 = CARTESIAN_POINT('',(199.875,26.575,0.));
#1237 = VECTOR('',#1238,1.);
#1238 = DIRECTION('',(0.,1.,0.));
#1239 = ORIENTED_EDGE('',*,*,#1240,.F.);
#1240 = EDGE_CURVE('',#1217,#1233,#1241,.T.);
#1241 = LINE('',#1242,#1243);
#1242 = CARTESIAN_POINT('',(185.875,26.575,0.));
#1243 = VECTOR('',#1244,1.);
#1244 = DIRECTION('',(1.,0.,0.));
#1245 = FACE_BOUND('',#1246,.F.);
#1246 = EDGE_LOOP('',(#1247,#1257,#1265,#1273));
#1247 = ORIENTED_EDGE('',*,*,#1248,.F.);
#1248 = EDGE_CURVE('',#1249,#1251,#1253,.T.);
#1249 = VERTEX_POINT('',#1250);
#1250 = CARTESIAN_POINT('',(204.925,40.575,0.));
#1251 = VERTEX_POINT('',#1252);
#1252 = CARTESIAN_POINT('',(204.925,26.575,0.));
#1253 = LINE('',#1254,#1255);
#1254 = CARTESIAN_POINT('',(204.925,40.575,0.));
#1255 = VECTOR('',#1256,1.);
#1256 = DIRECTION('',(0.,-1.,0.));
#1257 = ORIENTED_EDGE('',*,*,#1258,.F.);
#1258 = EDGE_CURVE('',#1259,#1249,#1261,.T.);
#1259 = VERTEX_POINT('',#1260);
#1260 = CARTESIAN_POINT('',(218.925,40.575,0.));
#1261 = LINE('',#1262,#1263);
#1262 = CARTESIAN_POINT('',(218.925,40.575,0.));
#1263 = VECTOR('',#1264,1.);
#1264 = DIRECTION('',(-1.,0.,0.));
#1265 = ORIENTED_EDGE('',*,*,#1266,.F.);
#1266 = EDGE_CURVE('',#1267,#1259,#1269,.T.);
#1267 = VERTEX_POINT('',#1268);
#1268 = CARTESIAN_POINT('',(218.925,26.575,0.));
#1269 = LINE('',#1270,#1271);
#1270 = CARTESIAN_POINT('',(218.925,26.575,0.));
#1271 = VECTOR('',#1272,1.);
#1272 = DIRECTION('',(0.,1.,0.));
#1273 = ORIENTED_EDGE('',*,*,#1274,.F.);
#1274 = EDGE_CURVE('',#1251,#1267,#1275,.T.);
#1275 = LINE('',#1276,#1277);
#1276 = CARTESIAN_POINT('',(204.925,26.575,0.));
#1277 = VECTOR('',#1278,1.);
#1278 = DIRECTION('',(1.,0.,0.));
#1279 = FACE_BOUND('',#1280,.F.);
#1280 = EDGE_LOOP('',(#1281,#1291,#1299,#1307));
#1281 = ORIENTED_EDGE('',*,*,#1282,.F.);
#1282 = EDGE_CURVE('',#1283,#1285,#1287,.T.);
#1283 = VERTEX_POINT('',#1284);
#1284 = CARTESIAN_POINT('',(223.975,40.575,0.));
#1285 = VERTEX_POINT('',#1286);
#1286 = CARTESIAN_POINT('',(223.975,26.575,0.));
#1287 = LINE('',#1288,#1289);
#1288 = CARTESIAN_POINT('',(223.975,40.575,0.));
#1289 = VECTOR('',#1290,1.);
#1290 = DIRECTION('',(0.,-1.,0.));
#1291 = ORIENTED_EDGE('',*,*,#1292,.F.);
#1292 = EDGE_CURVE('',#1293,#1283,#1295,.T.);
#1293 = VERTEX_POINT('',#1294);
#1294 = CARTESIAN_POINT('',(237.975,40.575,0.));
#1295 = LINE('',#1296,#1297);
#1296 = CARTESIAN_POINT('',(237.975,40.575,0.));
#1297 = VECTOR('',#1298,1.);
#1298 = DIRECTION('',(-1.,0.,0.));
#1299 = ORIENTED_EDGE('',*,*,#1300,.F.);
#1300 = EDGE_CURVE('',#1301,#1293,#1303,.T.);
#1301 = VERTEX_POINT('',#1302);
#1302 = CARTESIAN_POINT('',(237.975,26.575,0.));
#1303 = LINE('',#1304,#1305);
#1304 = CARTESIAN_POINT('',(237.975,26.575,0.));
#1305 = VECTOR('',#1306,1.);
#1306 = DIRECTION('',(0.,1.,0.));
#1307 = ORIENTED_EDGE('',*,*,#1308,.F.);
#1308 = EDGE_CURVE('',#1285,#1301,#1309,.T.);
#1309 = LINE('',#1310,#1311);
#1310 = CARTESIAN_POINT('',(223.975,26.575,0.));
#1311 = VECTOR('',#1312,1.);
#1312 = DIRECTION('',(1.,0.,0.));
#1313 = FACE_BOUND('',#1314,.F.);
#1314 = EDGE_LOOP('',(#1315,#1325,#1333,#1341));
#1315 = ORIENTED_EDGE('',*,*,#1316,.F.);
#1316 = EDGE_CURVE('',#1317,#1319,#1321,.T.);
#1317 = VERTEX_POINT('',#1318);
#1318 = CARTESIAN_POINT('',(243.025,40.575,0.));
#1319 = VERTEX_POINT('',#1320);
#1320 = CARTESIAN_POINT('',(243.025,26.575,0.));
#1321 = LINE('',#1322,#1323);
#1322 = CARTESIAN_POINT('',(243.025,40.575,0.));
#1323 = VECTOR('',#1324,1.);
#1324 = DIRECTION('',(0.,-1.,0.));
#1325 = ORIENTED_EDGE('',*,*,#1326,.F.);
#1326 = EDGE_CURVE('',#1327,#1317,#1329,.T.);
#1327 = VERTEX_POINT('',#1328);
#1328 = CARTESIAN_POINT('',(257.025,40.575,0.));
#1329 = LINE('',#1330,#1331);
#1330 = CARTESIAN_POINT('',(257.025,40.575,0.));
#1331 = VECTOR('',#1332,1.);
#1332 = DIRECTION('',(-1.,0.,0.));
#1333 = ORIENTED_EDGE('',*,*,#1334,.F.);
#1334 = EDGE_CURVE('',#1335,#1327,#1337,.T.);
#1335 = VERTEX_POINT('',#1336);
#1336 = CARTESIAN_POINT('',(257.025,26.575,0.));
#1337 = LINE('',#1338,#1339);
#1338 = CARTESIAN_POINT('',(257.025,26.575,0.));
#1339 = VECTOR('',#1340,1.);
#1340 = DIRECTION('',(0.,1.,0.));
#1341 = ORIENTED_EDGE('',*,*,#1342,.F.);
#1342 = EDGE_CURVE('',#1319,#1335,#1343,.T.);
#1343 = LINE('',#1344,#1345);
#1344 = CARTESIAN_POINT('',(243.025,26.575,0.));
#1345 = VECTOR('',#1346,1.);
#1346 = DIRECTION('',(1.,0.,0.));
#1347 = FACE_BOUND('',#1348,.F.);
#1348 = EDGE_LOOP('',(#1349,#1359,#1367,#1375));
#1349 = ORIENTED_EDGE('',*,*,#1350,.F.);
#1350 = EDGE_CURVE('',#1351,#1353,#1355,.T.);
#1351 = VERTEX_POINT('',#1352);
#1352 = CARTESIAN_POINT('',(262.075,21.525,0.));
#1353 = VERTEX_POINT('',#1354);
#1354 = CARTESIAN_POINT('',(262.075,7.525,0.));
#1355 = LINE('',#1356,#1357);
#1356 = CARTESIAN_POINT('',(262.075,21.525,0.));
#1357 = VECTOR('',#1358,1.);
#1358 = DIRECTION('',(0.,-1.,0.));
#1359 = ORIENTED_EDGE('',*,*,#1360,.F.);
#1360 = EDGE_CURVE('',#1361,#1351,#1363,.T.);
#1361 = VERTEX_POINT('',#1362);
#1362 = CARTESIAN_POINT('',(276.075,21.525,0.));
#1363 = LINE('',#1364,#1365);
#1364 = CARTESIAN_POINT('',(276.075,21.525,0.));
#1365 = VECTOR('',#1366,1.);
#1366 = DIRECTION('',(-1.,0.,0.));
#1367 = ORIENTED_EDGE('',*,*,#1368,.F.);
#1368 = EDGE_CURVE('',#1369,#1361,#1371,.T.);
#1369 = VERTEX_POINT('',#1370);
#1370 = CARTESIAN_POINT('',(276.075,7.525,0.));
#1371 = LINE('',#1372,#1373);
#1372 = CARTESIAN_POINT('',(276.075,7.525,0.));
#1373 = VECTOR('',#1374,1.);
#1374 = DIRECTION('',(0.,1.,0.));
#1375 = ORIENTED_EDGE('',*,*,#1376,.F.);
#1376 = EDGE_CURVE('',#1353,#1369,#1377,.T.);
#1377 = LINE('',#1378,#1379);
#1378 = CARTESIAN_POINT('',(262.075,7.525,0.));
#1379 = VECTOR('',#1380,1.);
#1380 = DIRECTION('',(1.,0.,0.));
#1381 = FACE_BOUND('',#1382,.F.);
#1382 = EDGE_LOOP('',(#1383,#1393,#1401,#1409));
#1383 = ORIENTED_EDGE('',*,*,#1384,.F.);
#1384 = EDGE_CURVE('',#1385,#1387,#1389,.T.);
#1385 = VERTEX_POINT('',#1386);
#1386 = CARTESIAN_POINT('',(281.125,21.525,0.));
#1387 = VERTEX_POINT('',#1388);
#1388 = CARTESIAN_POINT('',(281.125,7.525,0.));
#1389 = LINE('',#1390,#1391);
#1390 = CARTESIAN_POINT('',(281.125,21.525,0.));
#1391 = VECTOR('',#1392,1.);
#1392 = DIRECTION('',(0.,-1.,0.));
#1393 = ORIENTED_EDGE('',*,*,#1394,.F.);
#1394 = EDGE_CURVE('',#1395,#1385,#1397,.T.);
#1395 = VERTEX_POINT('',#1396);
#1396 = CARTESIAN_POINT('',(295.125,21.525,0.));
#1397 = LINE('',#1398,#1399);
#1398 = CARTESIAN_POINT('',(295.125,21.525,0.));
#1399 = VECTOR('',#1400,1.);
#1400 = DIRECTION('',(-1.,0.,0.));
#1401 = ORIENTED_EDGE('',*,*,#1402,.F.);
#1402 = EDGE_CURVE('',#1403,#1395,#1405,.T.);
#1403 = VERTEX_POINT('',#1404);
#1404 = CARTESIAN_POINT('',(295.125,7.525,0.));
#1405 = LINE('',#1406,#1407);
#1406 = CARTESIAN_POINT('',(295.125,7.525,0.));
#1407 = VECTOR('',#1408,1.);
#1408 = DIRECTION('',(0.,1.,0.));
#1409 = ORIENTED_EDGE('',*,*,#1410,.F.);
#1410 = EDGE_CURVE('',#1387,#1403,#1411,.T.);
#1411 = LINE('',#1412,#1413);
#1412 = CARTESIAN_POINT('',(281.125,7.525,0.));
#1413 = VECTOR('',#1414,1.);
#1414 = DIRECTION('',(1.,0.,0.));
#1415 = FACE_BOUND('',#1416,.F.);
#1416 = EDGE_LOOP('',(#1417,#1427,#1435,#1443));
#1417 = ORIENTED_EDGE('',*,*,#1418,.F.);
#1418 = EDGE_CURVE('',#1419,#1421,#1423,.T.);
#1419 = VERTEX_POINT('',#1420);
#1420 = CARTESIAN_POINT('',(300.175,21.525,0.));
#1421 = VERTEX_POINT('',#1422);
#1422 = CARTESIAN_POINT('',(300.175,7.525,0.));
#1423 = LINE('',#1424,#1425);
#1424 = CARTESIAN_POINT('',(300.175,21.525,0.));
#1425 = VECTOR('',#1426,1.);
#1426 = DIRECTION('',(0.,-1.,0.));
#1427 = ORIENTED_EDGE('',*,*,#1428,.F.);
#1428 = EDGE_CURVE('',#1429,#1419,#1431,.T.);
#1429 = VERTEX_POINT('',#1430);
#1430 = CARTESIAN_POINT('',(314.175,21.525,0.));
#1431 = LINE('',#1432,#1433);
#1432 = CARTESIAN_POINT('',(314.175,21.525,0.));
#1433 = VECTOR('',#1434,1.);
#1434 = DIRECTION('',(-1.,0.,0.));
#1435 = ORIENTED_EDGE('',*,*,#1436,.F.);
#1436 = EDGE_CURVE('',#1437,#1429,#1439,.T.);
#1437 = VERTEX_POINT('',#1438);
#1438 = CARTESIAN_POINT('',(314.175,7.525,0.));
#1439 = LINE('',#1440,#1441);
#1440 = CARTESIAN_POINT('',(314.175,7.525,0.));
#1441 = VECTOR('',#1442,1.);
#1442 = DIRECTION('',(0.,1.,0.));
#1443 = ORIENTED_EDGE('',*,*,#1444,.F.);
#1444 = EDGE_CURVE('',#1421,#1437,#1445,.T.);
#1445 = LINE('',#1446,#1447);
#1446 = CARTESIAN_POINT('',(300.175,7.525,0.));
#1447 = VECTOR('',#1448,1.);
#1448 = DIRECTION('',(1.,0.,0.));
#1449 = FACE_BOUND('',#1450,.F.);
#1450 = EDGE_LOOP('',(#1451,#1461,#1469,#1477));
#1451 = ORIENTED_EDGE('',*,*,#1452,.F.);
#1452 = EDGE_CURVE('',#1453,#1455,#1457,.T.);
#1453 = VERTEX_POINT('',#1454);
#1454 = CARTESIAN_POINT('',(319.225,21.525,0.));
#1455 = VERTEX_POINT('',#1456);
#1456 = CARTESIAN_POINT('',(319.225,7.525,0.));
#1457 = LINE('',#1458,#1459);
#1458 = CARTESIAN_POINT('',(319.225,21.525,0.));
#1459 = VECTOR('',#1460,1.);
#1460 = DIRECTION('',(0.,-1.,0.));
#1461 = ORIENTED_EDGE('',*,*,#1462,.F.);
#1462 = EDGE_CURVE('',#1463,#1453,#1465,.T.);
#1463 = VERTEX_POINT('',#1464);
#1464 = CARTESIAN_POINT('',(333.225,21.525,0.));
#1465 = LINE('',#1466,#1467);
#1466 = CARTESIAN_POINT('',(333.225,21.525,0.));
#1467 = VECTOR('',#1468,1.);
#1468 = DIRECTION('',(-1.,0.,0.));
#1469 = ORIENTED_EDGE('',*,*,#1470,.F.);
#1470 = EDGE_CURVE('',#1471,#1463,#1473,.T.);
#1471 = VERTEX_POINT('',#1472);
#1472 = CARTESIAN_POINT('',(333.225,7.525,0.));
#1473 = LINE('',#1474,#1475);
#1474 = CARTESIAN_POINT('',(333.225,7.525,0.));
#1475 = VECTOR('',#1476,1.);
#1476 = DIRECTION('',(0.,1.,0.));
#1477 = ORIENTED_EDGE('',*,*,#1478,.F.);
#1478 = EDGE_CURVE('',#1455,#1471,#1479,.T.);
#1479 = LINE('',#1480,#1481);
#1480 = CARTESIAN_POINT('',(319.225,7.525,0.));
#1481 = VECTOR('',#1482,1.);
#1482 = DIRECTION('',(1.,0.,0.));
#1483 = FACE_BOUND('',#1484,.F.);
#1484 = EDGE_LOOP('',(#1485,#1495,#1503,#1511));
#1485 = ORIENTED_EDGE('',*,*,#1486,.F.);
#1486 = EDGE_CURVE('',#1487,#1489,#1491,.T.);
#1487 = VERTEX_POINT('',#1488);
#1488 = CARTESIAN_POINT('',(338.275,21.525,0.));
#1489 = VERTEX_POINT('',#1490);
#1490 = CARTESIAN_POINT('',(338.275,7.525,0.));
#1491 = LINE('',#1492,#1493);
#1492 = CARTESIAN_POINT('',(338.275,21.525,0.));
#1493 = VECTOR('',#1494,1.);
#1494 = DIRECTION('',(0.,-1.,0.));
#1495 = ORIENTED_EDGE('',*,*,#1496,.F.);
#1496 = EDGE_CURVE('',#1497,#1487,#1499,.T.);
#1497 = VERTEX_POINT('',#1498);
#1498 = CARTESIAN_POINT('',(352.275,21.525,0.));
#1499 = LINE('',#1500,#1501);
#1500 = CARTESIAN_POINT('',(352.275,21.525,0.));
#1501 = VECTOR('',#1502,1.);
#1502 = DIRECTION('',(-1.,0.,0.));
#1503 = ORIENTED_EDGE('',*,*,#1504,.F.);
#1504 = EDGE_CURVE('',#1505,#1497,#1507,.T.);
#1505 = VERTEX_POINT('',#1506);
#1506 = CARTESIAN_POINT('',(352.275,7.525,0.));
#1507 = LINE('',#1508,#1509);
#1508 = CARTESIAN_POINT('',(352.275,7.525,0.));
#1509 = VECTOR('',#1510,1.);
#1510 = DIRECTION('',(0.,1.,0.));
#1511 = ORIENTED_EDGE('',*,*,#1512,.F.);
#1512 = EDGE_CURVE('',#1489,#1505,#1513,.T.);
#1513 = LINE('',#1514,#1515);
#1514 = CARTESIAN_POINT('',(338.275,7.525,0.));
#1515 = VECTOR('',#1516,1.);
#1516 = DIRECTION('',(1.,0.,0.));
#1517 = FACE_BOUND('',#1518,.F.);
#1518 = EDGE_LOOP('',(#1519,#1529,#1537,#1545));
#1519 = ORIENTED_EDGE('',*,*,#1520,.F.);
#1520 = EDGE_CURVE('',#1521,#1523,#1525,.T.);
#1521 = VERTEX_POINT('',#1522);
#1522 = CARTESIAN_POINT('',(262.075,40.575,0.));
#1523 = VERTEX_POINT('',#1524);
#1524 = CARTESIAN_POINT('',(262.075,26.575,0.));
#1525 = LINE('',#1526,#1527);
#1526 = CARTESIAN_POINT('',(262.075,40.575,0.));
#1527 = VECTOR('',#1528,1.);
#1528 = DIRECTION('',(0.,-1.,0.));
#1529 = ORIENTED_EDGE('',*,*,#1530,.F.);
#1530 = EDGE_CURVE('',#1531,#1521,#1533,.T.);
#1531 = VERTEX_POINT('',#1532);
#1532 = CARTESIAN_POINT('',(276.075,40.575,0.));
#1533 = LINE('',#1534,#1535);
#1534 = CARTESIAN_POINT('',(276.075,40.575,0.));
#1535 = VECTOR('',#1536,1.);
#1536 = DIRECTION('',(-1.,0.,0.));
#1537 = ORIENTED_EDGE('',*,*,#1538,.F.);
#1538 = EDGE_CURVE('',#1539,#1531,#1541,.T.);
#1539 = VERTEX_POINT('',#1540);
#1540 = CARTESIAN_POINT('',(276.075,26.575,0.));
#1541 = LINE('',#1542,#1543);
#1542 = CARTESIAN_POINT('',(276.075,26.575,0.));
#1543 = VECTOR('',#1544,1.);
#1544 = DIRECTION('',(0.,1.,0.));
#1545 = ORIENTED_EDGE('',*,*,#1546,.F.);
#1546 = EDGE_CURVE('',#1523,#1539,#1547,.T.);
#1547 = LINE('',#1548,#1549);
#1548 = CARTESIAN_POINT('',(262.075,26.575,0.));
#1549 = VECTOR('',#1550,1.);
#1550 = DIRECTION('',(1.,0.,0.));
#1551 = FACE_BOUND('',#1552,.F.);
#1552 = EDGE_LOOP('',(#1553,#1563,#1571,#1579,#1587,#1595,#1603,#1611,
    #1619,#1627,#1635,#1643,#1651,#1659,#1667,#1675,#1683,#1691,#1699,
    #1707,#1715,#1723,#1731,#1739,#1747,#1755,#1763,#1771,#1779,#1787,
    #1795,#1803,#1811,#1819,#1827,#1835));
#1553 = ORIENTED_EDGE('',*,*,#1554,.F.);
#1554 = EDGE_CURVE('',#1555,#1557,#1559,.T.);
#1555 = VERTEX_POINT('',#1556);
#1556 = CARTESIAN_POINT('',(290.65,40.575,0.));
#1557 = VERTEX_POINT('',#1558);
#1558 = CARTESIAN_POINT('',(290.65,35.875,0.));
#1559 = LINE('',#1560,#1561);
#1560 = CARTESIAN_POINT('',(290.65,40.575,0.));
#1561 = VECTOR('',#1562,1.);
#1562 = DIRECTION('',(0.,-1.,0.));
#1563 = ORIENTED_EDGE('',*,*,#1564,.T.);
#1564 = EDGE_CURVE('',#1555,#1565,#1567,.T.);
#1565 = VERTEX_POINT('',#1566);
#1566 = CARTESIAN_POINT('',(304.65,40.575,0.));
#1567 = LINE('',#1568,#1569);
#1568 = CARTESIAN_POINT('',(290.65,40.575,0.));
#1569 = VECTOR('',#1570,1.);
#1570 = DIRECTION('',(1.,0.,0.));
#1571 = ORIENTED_EDGE('',*,*,#1572,.T.);
#1572 = EDGE_CURVE('',#1565,#1573,#1575,.T.);
#1573 = VERTEX_POINT('',#1574);
#1574 = CARTESIAN_POINT('',(304.65,35.875,0.));
#1575 = LINE('',#1576,#1577);
#1576 = CARTESIAN_POINT('',(304.65,40.575,0.));
#1577 = VECTOR('',#1578,1.);
#1578 = DIRECTION('',(0.,-1.,0.));
#1579 = ORIENTED_EDGE('',*,*,#1580,.T.);
#1580 = EDGE_CURVE('',#1573,#1581,#1583,.T.);
#1581 = VERTEX_POINT('',#1582);
#1582 = CARTESIAN_POINT('',(306.175,35.875,0.));
#1583 = LINE('',#1584,#1585);
#1584 = CARTESIAN_POINT('',(304.65,35.875,0.));
#1585 = VECTOR('',#1586,1.);
#1586 = DIRECTION('',(1.,0.,0.));
#1587 = ORIENTED_EDGE('',*,*,#1588,.T.);
#1588 = EDGE_CURVE('',#1581,#1589,#1591,.T.);
#1589 = VERTEX_POINT('',#1590);
#1590 = CARTESIAN_POINT('',(306.175,39.105,0.));
#1591 = LINE('',#1592,#1593);
#1592 = CARTESIAN_POINT('',(306.175,35.875,0.));
#1593 = VECTOR('',#1594,1.);
#1594 = DIRECTION('',(0.,1.,0.));
#1595 = ORIENTED_EDGE('',*,*,#1596,.T.);
#1596 = EDGE_CURVE('',#1589,#1597,#1599,.T.);
#1597 = VERTEX_POINT('',#1598);
#1598 = CARTESIAN_POINT('',(312.925,39.105,0.));
#1599 = LINE('',#1600,#1601);
#1600 = CARTESIAN_POINT('',(306.175,39.105,0.));
#1601 = VECTOR('',#1602,1.);
#1602 = DIRECTION('',(1.,0.,0.));
#1603 = ORIENTED_EDGE('',*,*,#1604,.T.);
#1604 = EDGE_CURVE('',#1597,#1605,#1607,.T.);
#1605 = VERTEX_POINT('',#1606);
#1606 = CARTESIAN_POINT('',(312.925,35.875,0.));
#1607 = LINE('',#1608,#1609);
#1608 = CARTESIAN_POINT('',(312.925,39.105,0.));
#1609 = VECTOR('',#1610,1.);
#1610 = DIRECTION('',(0.,-1.,0.));
#1611 = ORIENTED_EDGE('',*,*,#1612,.T.);
#1612 = EDGE_CURVE('',#1605,#1613,#1615,.T.);
#1613 = VERTEX_POINT('',#1614);
#1614 = CARTESIAN_POINT('',(313.75,35.875,0.));
#1615 = LINE('',#1616,#1617);
#1616 = CARTESIAN_POINT('',(312.925,35.875,0.));
#1617 = VECTOR('',#1618,1.);
#1618 = DIRECTION('',(1.,0.,0.));
#1619 = ORIENTED_EDGE('',*,*,#1620,.T.);
#1620 = EDGE_CURVE('',#1613,#1621,#1623,.T.);
#1621 = VERTEX_POINT('',#1622);
#1622 = CARTESIAN_POINT('',(313.75,33.075,0.));
#1623 = LINE('',#1624,#1625);
#1624 = CARTESIAN_POINT('',(313.75,35.875,0.));
#1625 = VECTOR('',#1626,1.);
#1626 = DIRECTION('',(0.,-1.,0.));
#1627 = ORIENTED_EDGE('',*,*,#1628,.T.);
#1628 = EDGE_CURVE('',#1621,#1629,#1631,.T.);
#1629 = VERTEX_POINT('',#1630);
#1630 = CARTESIAN_POINT('',(312.925,33.075,0.));
#1631 = LINE('',#1632,#1633);
#1632 = CARTESIAN_POINT('',(313.75,33.075,0.));
#1633 = VECTOR('',#1634,1.);
#1634 = DIRECTION('',(-1.,0.,0.));
#1635 = ORIENTED_EDGE('',*,*,#1636,.T.);
#1636 = EDGE_CURVE('',#1629,#1637,#1639,.T.);
#1637 = VERTEX_POINT('',#1638);
#1638 = CARTESIAN_POINT('',(312.925,26.805,0.));
#1639 = LINE('',#1640,#1641);
#1640 = CARTESIAN_POINT('',(312.925,33.075,0.));
#1641 = VECTOR('',#1642,1.);
#1642 = DIRECTION('',(0.,-1.,0.));
#1643 = ORIENTED_EDGE('',*,*,#1644,.T.);
#1644 = EDGE_CURVE('',#1637,#1645,#1647,.T.);
#1645 = VERTEX_POINT('',#1646);
#1646 = CARTESIAN_POINT('',(311.2,26.805,0.));
#1647 = LINE('',#1648,#1649);
#1648 = CARTESIAN_POINT('',(312.925,26.805,0.));
#1649 = VECTOR('',#1650,1.);
#1650 = DIRECTION('',(-1.,0.,0.));
#1651 = ORIENTED_EDGE('',*,*,#1652,.T.);
#1652 = EDGE_CURVE('',#1645,#1653,#1655,.T.);
#1653 = VERTEX_POINT('',#1654);
#1654 = CARTESIAN_POINT('',(311.2,25.605,0.));
#1655 = LINE('',#1656,#1657);
#1656 = CARTESIAN_POINT('',(311.2,26.805,0.));
#1657 = VECTOR('',#1658,1.);
#1658 = DIRECTION('',(0.,-1.,0.));
#1659 = ORIENTED_EDGE('',*,*,#1660,.T.);
#1660 = EDGE_CURVE('',#1653,#1661,#1663,.T.);
#1661 = VERTEX_POINT('',#1662);
#1662 = CARTESIAN_POINT('',(307.9,25.605,0.));
#1663 = LINE('',#1664,#1665);
#1664 = CARTESIAN_POINT('',(311.2,25.605,0.));
#1665 = VECTOR('',#1666,1.);
#1666 = DIRECTION('',(-1.,0.,0.));
#1667 = ORIENTED_EDGE('',*,*,#1668,.T.);
#1668 = EDGE_CURVE('',#1661,#1669,#1671,.T.);
#1669 = VERTEX_POINT('',#1670);
#1670 = CARTESIAN_POINT('',(307.9,26.805,0.));
#1671 = LINE('',#1672,#1673);
#1672 = CARTESIAN_POINT('',(307.9,25.605,0.));
#1673 = VECTOR('',#1674,1.);
#1674 = DIRECTION('',(0.,1.,0.));
#1675 = ORIENTED_EDGE('',*,*,#1676,.T.);
#1676 = EDGE_CURVE('',#1669,#1677,#1679,.T.);
#1677 = VERTEX_POINT('',#1678);
#1678 = CARTESIAN_POINT('',(306.175,26.805,0.));
#1679 = LINE('',#1680,#1681);
#1680 = CARTESIAN_POINT('',(307.9,26.805,0.));
#1681 = VECTOR('',#1682,1.);
#1682 = DIRECTION('',(-1.,0.,0.));
#1683 = ORIENTED_EDGE('',*,*,#1684,.T.);
#1684 = EDGE_CURVE('',#1677,#1685,#1687,.T.);
#1685 = VERTEX_POINT('',#1686);
#1686 = CARTESIAN_POINT('',(306.175,31.275,0.));
#1687 = LINE('',#1688,#1689);
#1688 = CARTESIAN_POINT('',(306.175,26.805,0.));
#1689 = VECTOR('',#1690,1.);
#1690 = DIRECTION('',(0.,1.,0.));
#1691 = ORIENTED_EDGE('',*,*,#1692,.T.);
#1692 = EDGE_CURVE('',#1685,#1693,#1695,.T.);
#1693 = VERTEX_POINT('',#1694);
#1694 = CARTESIAN_POINT('',(304.65,31.275,0.));
#1695 = LINE('',#1696,#1697);
#1696 = CARTESIAN_POINT('',(306.175,31.275,0.));
#1697 = VECTOR('',#1698,1.);
#1698 = DIRECTION('',(-1.,0.,0.));
#1699 = ORIENTED_EDGE('',*,*,#1700,.T.);
#1700 = EDGE_CURVE('',#1693,#1701,#1703,.T.);
#1701 = VERTEX_POINT('',#1702);
#1702 = CARTESIAN_POINT('',(304.65,26.575,0.));
#1703 = LINE('',#1704,#1705);
#1704 = CARTESIAN_POINT('',(304.65,31.275,0.));
#1705 = VECTOR('',#1706,1.);
#1706 = DIRECTION('',(0.,-1.,0.));
#1707 = ORIENTED_EDGE('',*,*,#1708,.T.);
#1708 = EDGE_CURVE('',#1701,#1709,#1711,.T.);
#1709 = VERTEX_POINT('',#1710);
#1710 = CARTESIAN_POINT('',(290.65,26.575,0.));
#1711 = LINE('',#1712,#1713);
#1712 = CARTESIAN_POINT('',(304.65,26.575,0.));
#1713 = VECTOR('',#1714,1.);
#1714 = DIRECTION('',(-1.,0.,0.));
#1715 = ORIENTED_EDGE('',*,*,#1716,.T.);
#1716 = EDGE_CURVE('',#1709,#1717,#1719,.T.);
#1717 = VERTEX_POINT('',#1718);
#1718 = CARTESIAN_POINT('',(290.65,31.275,0.));
#1719 = LINE('',#1720,#1721);
#1720 = CARTESIAN_POINT('',(290.65,26.575,0.));
#1721 = VECTOR('',#1722,1.);
#1722 = DIRECTION('',(0.,1.,0.));
#1723 = ORIENTED_EDGE('',*,*,#1724,.F.);
#1724 = EDGE_CURVE('',#1725,#1717,#1727,.T.);
#1725 = VERTEX_POINT('',#1726);
#1726 = CARTESIAN_POINT('',(289.125,31.275,0.));
#1727 = LINE('',#1728,#1729);
#1728 = CARTESIAN_POINT('',(289.125,31.275,0.));
#1729 = VECTOR('',#1730,1.);
#1730 = DIRECTION('',(1.,0.,0.));
#1731 = ORIENTED_EDGE('',*,*,#1732,.F.);
#1732 = EDGE_CURVE('',#1733,#1725,#1735,.T.);
#1733 = VERTEX_POINT('',#1734);
#1734 = CARTESIAN_POINT('',(289.125,26.805,0.));
#1735 = LINE('',#1736,#1737);
#1736 = CARTESIAN_POINT('',(289.125,26.805,0.));
#1737 = VECTOR('',#1738,1.);
#1738 = DIRECTION('',(0.,1.,0.));
#1739 = ORIENTED_EDGE('',*,*,#1740,.F.);
#1740 = EDGE_CURVE('',#1741,#1733,#1743,.T.);
#1741 = VERTEX_POINT('',#1742);
#1742 = CARTESIAN_POINT('',(287.4,26.805,0.));
#1743 = LINE('',#1744,#1745);
#1744 = CARTESIAN_POINT('',(287.4,26.805,0.));
#1745 = VECTOR('',#1746,1.);
#1746 = DIRECTION('',(1.,0.,0.));
#1747 = ORIENTED_EDGE('',*,*,#1748,.F.);
#1748 = EDGE_CURVE('',#1749,#1741,#1751,.T.);
#1749 = VERTEX_POINT('',#1750);
#1750 = CARTESIAN_POINT('',(287.4,25.605,0.));
#1751 = LINE('',#1752,#1753);
#1752 = CARTESIAN_POINT('',(287.4,25.605,0.));
#1753 = VECTOR('',#1754,1.);
#1754 = DIRECTION('',(0.,1.,0.));
#1755 = ORIENTED_EDGE('',*,*,#1756,.F.);
#1756 = EDGE_CURVE('',#1757,#1749,#1759,.T.);
#1757 = VERTEX_POINT('',#1758);
#1758 = CARTESIAN_POINT('',(284.1,25.605,0.));
#1759 = LINE('',#1760,#1761);
#1760 = CARTESIAN_POINT('',(284.1,25.605,0.));
#1761 = VECTOR('',#1762,1.);
#1762 = DIRECTION('',(1.,0.,0.));
#1763 = ORIENTED_EDGE('',*,*,#1764,.F.);
#1764 = EDGE_CURVE('',#1765,#1757,#1767,.T.);
#1765 = VERTEX_POINT('',#1766);
#1766 = CARTESIAN_POINT('',(284.1,26.805,0.));
#1767 = LINE('',#1768,#1769);
#1768 = CARTESIAN_POINT('',(284.1,26.805,0.));
#1769 = VECTOR('',#1770,1.);
#1770 = DIRECTION('',(0.,-1.,0.));
#1771 = ORIENTED_EDGE('',*,*,#1772,.F.);
#1772 = EDGE_CURVE('',#1773,#1765,#1775,.T.);
#1773 = VERTEX_POINT('',#1774);
#1774 = CARTESIAN_POINT('',(282.375,26.805,0.));
#1775 = LINE('',#1776,#1777);
#1776 = CARTESIAN_POINT('',(282.375,26.805,0.));
#1777 = VECTOR('',#1778,1.);
#1778 = DIRECTION('',(1.,0.,0.));
#1779 = ORIENTED_EDGE('',*,*,#1780,.F.);
#1780 = EDGE_CURVE('',#1781,#1773,#1783,.T.);
#1781 = VERTEX_POINT('',#1782);
#1782 = CARTESIAN_POINT('',(282.375,33.075,0.));
#1783 = LINE('',#1784,#1785);
#1784 = CARTESIAN_POINT('',(282.375,33.075,0.));
#1785 = VECTOR('',#1786,1.);
#1786 = DIRECTION('',(0.,-1.,0.));
#1787 = ORIENTED_EDGE('',*,*,#1788,.F.);
#1788 = EDGE_CURVE('',#1789,#1781,#1791,.T.);
#1789 = VERTEX_POINT('',#1790);
#1790 = CARTESIAN_POINT('',(281.55,33.075,0.));
#1791 = LINE('',#1792,#1793);
#1792 = CARTESIAN_POINT('',(281.55,33.075,0.));
#1793 = VECTOR('',#1794,1.);
#1794 = DIRECTION('',(1.,0.,0.));
#1795 = ORIENTED_EDGE('',*,*,#1796,.F.);
#1796 = EDGE_CURVE('',#1797,#1789,#1799,.T.);
#1797 = VERTEX_POINT('',#1798);
#1798 = CARTESIAN_POINT('',(281.55,35.875,0.));
#1799 = LINE('',#1800,#1801);
#1800 = CARTESIAN_POINT('',(281.55,35.875,0.));
#1801 = VECTOR('',#1802,1.);
#1802 = DIRECTION('',(0.,-1.,0.));
#1803 = ORIENTED_EDGE('',*,*,#1804,.F.);
#1804 = EDGE_CURVE('',#1805,#1797,#1807,.T.);
#1805 = VERTEX_POINT('',#1806);
#1806 = CARTESIAN_POINT('',(282.375,35.875,0.));
#1807 = LINE('',#1808,#1809);
#1808 = CARTESIAN_POINT('',(282.375,35.875,0.));
#1809 = VECTOR('',#1810,1.);
#1810 = DIRECTION('',(-1.,0.,0.));
#1811 = ORIENTED_EDGE('',*,*,#1812,.F.);
#1812 = EDGE_CURVE('',#1813,#1805,#1815,.T.);
#1813 = VERTEX_POINT('',#1814);
#1814 = CARTESIAN_POINT('',(282.375,39.105,0.));
#1815 = LINE('',#1816,#1817);
#1816 = CARTESIAN_POINT('',(282.375,39.105,0.));
#1817 = VECTOR('',#1818,1.);
#1818 = DIRECTION('',(0.,-1.,0.));
#1819 = ORIENTED_EDGE('',*,*,#1820,.T.);
#1820 = EDGE_CURVE('',#1813,#1821,#1823,.T.);
#1821 = VERTEX_POINT('',#1822);
#1822 = CARTESIAN_POINT('',(289.125,39.105,0.));
#1823 = LINE('',#1824,#1825);
#1824 = CARTESIAN_POINT('',(282.375,39.105,0.));
#1825 = VECTOR('',#1826,1.);
#1826 = DIRECTION('',(1.,0.,0.));
#1827 = ORIENTED_EDGE('',*,*,#1828,.F.);
#1828 = EDGE_CURVE('',#1829,#1821,#1831,.T.);
#1829 = VERTEX_POINT('',#1830);
#1830 = CARTESIAN_POINT('',(289.125,35.875,0.));
#1831 = LINE('',#1832,#1833);
#1832 = CARTESIAN_POINT('',(289.125,35.875,0.));
#1833 = VECTOR('',#1834,1.);
#1834 = DIRECTION('',(0.,1.,0.));
#1835 = ORIENTED_EDGE('',*,*,#1836,.F.);
#1836 = EDGE_CURVE('',#1557,#1829,#1837,.T.);
#1837 = LINE('',#1838,#1839);
#1838 = CARTESIAN_POINT('',(290.65,35.875,0.));
#1839 = VECTOR('',#1840,1.);
#1840 = DIRECTION('',(-1.,0.,0.));
#1841 = FACE_BOUND('',#1842,.F.);
#1842 = EDGE_LOOP('',(#1843,#1853,#1861,#1869));
#1843 = ORIENTED_EDGE('',*,*,#1844,.F.);
#1844 = EDGE_CURVE('',#1845,#1847,#1849,.T.);
#1845 = VERTEX_POINT('',#1846);
#1846 = CARTESIAN_POINT('',(319.225,40.575,0.));
#1847 = VERTEX_POINT('',#1848);
#1848 = CARTESIAN_POINT('',(319.225,26.575,0.));
#1849 = LINE('',#1850,#1851);
#1850 = CARTESIAN_POINT('',(319.225,40.575,0.));
#1851 = VECTOR('',#1852,1.);
#1852 = DIRECTION('',(0.,-1.,0.));
#1853 = ORIENTED_EDGE('',*,*,#1854,.F.);
#1854 = EDGE_CURVE('',#1855,#1845,#1857,.T.);
#1855 = VERTEX_POINT('',#1856);
#1856 = CARTESIAN_POINT('',(333.225,40.575,0.));
#1857 = LINE('',#1858,#1859);
#1858 = CARTESIAN_POINT('',(333.225,40.575,0.));
#1859 = VECTOR('',#1860,1.);
#1860 = DIRECTION('',(-1.,0.,0.));
#1861 = ORIENTED_EDGE('',*,*,#1862,.F.);
#1862 = EDGE_CURVE('',#1863,#1855,#1865,.T.);
#1863 = VERTEX_POINT('',#1864);
#1864 = CARTESIAN_POINT('',(333.225,26.575,0.));
#1865 = LINE('',#1866,#1867);
#1866 = CARTESIAN_POINT('',(333.225,26.575,0.));
#1867 = VECTOR('',#1868,1.);
#1868 = DIRECTION('',(0.,1.,0.));
#1869 = ORIENTED_EDGE('',*,*,#1870,.F.);
#1870 = EDGE_CURVE('',#1847,#1863,#1871,.T.);
#1871 = LINE('',#1872,#1873);
#1872 = CARTESIAN_POINT('',(319.225,26.575,0.));
#1873 = VECTOR('',#1874,1.);
#1874 = DIRECTION('',(1.,0.,0.));
#1875 = FACE_BOUND('',#1876,.F.);
#1876 = EDGE_LOOP('',(#1877));
#1877 = ORIENTED_EDGE('',*,*,#1878,.F.);
#1878 = EDGE_CURVE('',#1879,#1879,#1881,.T.);
#1879 = VERTEX_POINT('',#1880);
#1880 = CARTESIAN_POINT('',(348.875,32.05,0.));
#1881 = CIRCLE('',#1882,1.1);
#1882 = AXIS2_PLACEMENT_3D('',#1883,#1884,#1885);
#1883 = CARTESIAN_POINT('',(347.775,32.05,0.));
#1884 = DIRECTION('',(0.,0.,1.));
#1885 = DIRECTION('',(1.,0.,0.));
#1886 = FACE_BOUND('',#1887,.F.);
#1887 = EDGE_LOOP('',(#1888,#1898,#1906,#1914));
#1888 = ORIENTED_EDGE('',*,*,#1889,.F.);
#1889 = EDGE_CURVE('',#1890,#1892,#1894,.T.);
#1890 = VERTEX_POINT('',#1891);
#1891 = CARTESIAN_POINT('',(181.1125,59.625,0.));
#1892 = VERTEX_POINT('',#1893);
#1893 = CARTESIAN_POINT('',(181.1125,45.625,0.));
#1894 = LINE('',#1895,#1896);
#1895 = CARTESIAN_POINT('',(181.1125,59.625,0.));
#1896 = VECTOR('',#1897,1.);
#1897 = DIRECTION('',(0.,-1.,0.));
#1898 = ORIENTED_EDGE('',*,*,#1899,.F.);
#1899 = EDGE_CURVE('',#1900,#1890,#1902,.T.);
#1900 = VERTEX_POINT('',#1901);
#1901 = CARTESIAN_POINT('',(195.1125,59.625,0.));
#1902 = LINE('',#1903,#1904);
#1903 = CARTESIAN_POINT('',(195.1125,59.625,0.));
#1904 = VECTOR('',#1905,1.);
#1905 = DIRECTION('',(-1.,0.,0.));
#1906 = ORIENTED_EDGE('',*,*,#1907,.F.);
#1907 = EDGE_CURVE('',#1908,#1900,#1910,.T.);
#1908 = VERTEX_POINT('',#1909);
#1909 = CARTESIAN_POINT('',(195.1125,45.625,0.));
#1910 = LINE('',#1911,#1912);
#1911 = CARTESIAN_POINT('',(195.1125,45.625,0.));
#1912 = VECTOR('',#1913,1.);
#1913 = DIRECTION('',(0.,1.,0.));
#1914 = ORIENTED_EDGE('',*,*,#1915,.F.);
#1915 = EDGE_CURVE('',#1892,#1908,#1916,.T.);
#1916 = LINE('',#1917,#1918);
#1917 = CARTESIAN_POINT('',(181.1125,45.625,0.));
#1918 = VECTOR('',#1919,1.);
#1919 = DIRECTION('',(1.,0.,0.));
#1920 = FACE_BOUND('',#1921,.F.);
#1921 = EDGE_LOOP('',(#1922,#1932,#1940,#1948));
#1922 = ORIENTED_EDGE('',*,*,#1923,.F.);
#1923 = EDGE_CURVE('',#1924,#1926,#1928,.T.);
#1924 = VERTEX_POINT('',#1925);
#1925 = CARTESIAN_POINT('',(200.1625,59.625,0.));
#1926 = VERTEX_POINT('',#1927);
#1927 = CARTESIAN_POINT('',(200.1625,45.625,0.));
#1928 = LINE('',#1929,#1930);
#1929 = CARTESIAN_POINT('',(200.1625,59.625,0.));
#1930 = VECTOR('',#1931,1.);
#1931 = DIRECTION('',(0.,-1.,0.));
#1932 = ORIENTED_EDGE('',*,*,#1933,.F.);
#1933 = EDGE_CURVE('',#1934,#1924,#1936,.T.);
#1934 = VERTEX_POINT('',#1935);
#1935 = CARTESIAN_POINT('',(214.1625,59.625,0.));
#1936 = LINE('',#1937,#1938);
#1937 = CARTESIAN_POINT('',(214.1625,59.625,0.));
#1938 = VECTOR('',#1939,1.);
#1939 = DIRECTION('',(-1.,0.,0.));
#1940 = ORIENTED_EDGE('',*,*,#1941,.F.);
#1941 = EDGE_CURVE('',#1942,#1934,#1944,.T.);
#1942 = VERTEX_POINT('',#1943);
#1943 = CARTESIAN_POINT('',(214.1625,45.625,0.));
#1944 = LINE('',#1945,#1946);
#1945 = CARTESIAN_POINT('',(214.1625,45.625,0.));
#1946 = VECTOR('',#1947,1.);
#1947 = DIRECTION('',(0.,1.,0.));
#1948 = ORIENTED_EDGE('',*,*,#1949,.F.);
#1949 = EDGE_CURVE('',#1926,#1942,#1950,.T.);
#1950 = LINE('',#1951,#1952);
#1951 = CARTESIAN_POINT('',(200.1625,45.625,0.));
#1952 = VECTOR('',#1953,1.);
#1953 = DIRECTION('',(1.,0.,0.));
#1954 = FACE_BOUND('',#1955,.F.);
#1955 = EDGE_LOOP('',(#1956,#1966,#1974,#1982));
#1956 = ORIENTED_EDGE('',*,*,#1957,.F.);
#1957 = EDGE_CURVE('',#1958,#1960,#1962,.T.);
#1958 = VERTEX_POINT('',#1959);
#1959 = CARTESIAN_POINT('',(219.2125,59.625,0.));
#1960 = VERTEX_POINT('',#1961);
#1961 = CARTESIAN_POINT('',(219.2125,45.625,0.));
#1962 = LINE('',#1963,#1964);
#1963 = CARTESIAN_POINT('',(219.2125,59.625,0.));
#1964 = VECTOR('',#1965,1.);
#1965 = DIRECTION('',(0.,-1.,0.));
#1966 = ORIENTED_EDGE('',*,*,#1967,.F.);
#1967 = EDGE_CURVE('',#1968,#1958,#1970,.T.);
#1968 = VERTEX_POINT('',#1969);
#1969 = CARTESIAN_POINT('',(233.2125,59.625,0.));
#1970 = LINE('',#1971,#1972);
#1971 = CARTESIAN_POINT('',(233.2125,59.625,0.));
#1972 = VECTOR('',#1973,1.);
#1973 = DIRECTION('',(-1.,0.,0.));
#1974 = ORIENTED_EDGE('',*,*,#1975,.F.);
#1975 = EDGE_CURVE('',#1976,#1968,#1978,.T.);
#1976 = VERTEX_POINT('',#1977);
#1977 = CARTESIAN_POINT('',(233.2125,45.625,0.));
#1978 = LINE('',#1979,#1980);
#1979 = CARTESIAN_POINT('',(233.2125,45.625,0.));
#1980 = VECTOR('',#1981,1.);
#1981 = DIRECTION('',(0.,1.,0.));
#1982 = ORIENTED_EDGE('',*,*,#1983,.F.);
#1983 = EDGE_CURVE('',#1960,#1976,#1984,.T.);
#1984 = LINE('',#1985,#1986);
#1985 = CARTESIAN_POINT('',(219.2125,45.625,0.));
#1986 = VECTOR('',#1987,1.);
#1987 = DIRECTION('',(1.,0.,0.));
#1988 = FACE_BOUND('',#1989,.F.);
#1989 = EDGE_LOOP('',(#1990,#2000,#2008,#2016));
#1990 = ORIENTED_EDGE('',*,*,#1991,.F.);
#1991 = EDGE_CURVE('',#1992,#1994,#1996,.T.);
#1992 = VERTEX_POINT('',#1993);
#1993 = CARTESIAN_POINT('',(238.2625,59.625,0.));
#1994 = VERTEX_POINT('',#1995);
#1995 = CARTESIAN_POINT('',(238.2625,45.625,0.));
#1996 = LINE('',#1997,#1998);
#1997 = CARTESIAN_POINT('',(238.2625,59.625,0.));
#1998 = VECTOR('',#1999,1.);
#1999 = DIRECTION('',(0.,-1.,0.));
#2000 = ORIENTED_EDGE('',*,*,#2001,.F.);
#2001 = EDGE_CURVE('',#2002,#1992,#2004,.T.);
#2002 = VERTEX_POINT('',#2003);
#2003 = CARTESIAN_POINT('',(252.2625,59.625,0.));
#2004 = LINE('',#2005,#2006);
#2005 = CARTESIAN_POINT('',(252.2625,59.625,0.));
#2006 = VECTOR('',#2007,1.);
#2007 = DIRECTION('',(-1.,0.,0.));
#2008 = ORIENTED_EDGE('',*,*,#2009,.F.);
#2009 = EDGE_CURVE('',#2010,#2002,#2012,.T.);
#2010 = VERTEX_POINT('',#2011);
#2011 = CARTESIAN_POINT('',(252.2625,45.625,0.));
#2012 = LINE('',#2013,#2014);
#2013 = CARTESIAN_POINT('',(252.2625,45.625,0.));
#2014 = VECTOR('',#2015,1.);
#2015 = DIRECTION('',(0.,1.,0.));
#2016 = ORIENTED_EDGE('',*,*,#2017,.F.);
#2017 = EDGE_CURVE('',#1994,#2010,#2018,.T.);
#2018 = LINE('',#2019,#2020);
#2019 = CARTESIAN_POINT('',(238.2625,45.625,0.));
#2020 = VECTOR('',#2021,1.);
#2021 = DIRECTION('',(1.,0.,0.));
#2022 = FACE_BOUND('',#2023,.F.);
#2023 = EDGE_LOOP('',(#2024,#2034,#2042,#2050));
#2024 = ORIENTED_EDGE('',*,*,#2025,.F.);
#2025 = EDGE_CURVE('',#2026,#2028,#2030,.T.);
#2026 = VERTEX_POINT('',#2027);
#2027 = CARTESIAN_POINT('',(257.3125,59.625,0.));
#2028 = VERTEX_POINT('',#2029);
#2029 = CARTESIAN_POINT('',(257.3125,45.625,0.));
#2030 = LINE('',#2031,#2032);
#2031 = CARTESIAN_POINT('',(257.3125,59.625,0.));
#2032 = VECTOR('',#2033,1.);
#2033 = DIRECTION('',(0.,-1.,0.));
#2034 = ORIENTED_EDGE('',*,*,#2035,.F.);
#2035 = EDGE_CURVE('',#2036,#2026,#2038,.T.);
#2036 = VERTEX_POINT('',#2037);
#2037 = CARTESIAN_POINT('',(271.3125,59.625,0.));
#2038 = LINE('',#2039,#2040);
#2039 = CARTESIAN_POINT('',(271.3125,59.625,0.));
#2040 = VECTOR('',#2041,1.);
#2041 = DIRECTION('',(-1.,0.,0.));
#2042 = ORIENTED_EDGE('',*,*,#2043,.F.);
#2043 = EDGE_CURVE('',#2044,#2036,#2046,.T.);
#2044 = VERTEX_POINT('',#2045);
#2045 = CARTESIAN_POINT('',(271.3125,45.625,0.));
#2046 = LINE('',#2047,#2048);
#2047 = CARTESIAN_POINT('',(271.3125,45.625,0.));
#2048 = VECTOR('',#2049,1.);
#2049 = DIRECTION('',(0.,1.,0.));
#2050 = ORIENTED_EDGE('',*,*,#2051,.F.);
#2051 = EDGE_CURVE('',#2028,#2044,#2052,.T.);
#2052 = LINE('',#2053,#2054);
#2053 = CARTESIAN_POINT('',(257.3125,45.625,0.));
#2054 = VECTOR('',#2055,1.);
#2055 = DIRECTION('',(1.,0.,0.));
#2056 = FACE_BOUND('',#2057,.F.);
#2057 = EDGE_LOOP('',(#2058,#2068,#2076,#2084));
#2058 = ORIENTED_EDGE('',*,*,#2059,.F.);
#2059 = EDGE_CURVE('',#2060,#2062,#2064,.T.);
#2060 = VERTEX_POINT('',#2061);
#2061 = CARTESIAN_POINT('',(276.3625,59.625,0.));
#2062 = VERTEX_POINT('',#2063);
#2063 = CARTESIAN_POINT('',(276.3625,45.625,0.));
#2064 = LINE('',#2065,#2066);
#2065 = CARTESIAN_POINT('',(276.3625,59.625,0.));
#2066 = VECTOR('',#2067,1.);
#2067 = DIRECTION('',(0.,-1.,0.));
#2068 = ORIENTED_EDGE('',*,*,#2069,.F.);
#2069 = EDGE_CURVE('',#2070,#2060,#2072,.T.);
#2070 = VERTEX_POINT('',#2071);
#2071 = CARTESIAN_POINT('',(290.3625,59.625,0.));
#2072 = LINE('',#2073,#2074);
#2073 = CARTESIAN_POINT('',(290.3625,59.625,0.));
#2074 = VECTOR('',#2075,1.);
#2075 = DIRECTION('',(-1.,0.,0.));
#2076 = ORIENTED_EDGE('',*,*,#2077,.F.);
#2077 = EDGE_CURVE('',#2078,#2070,#2080,.T.);
#2078 = VERTEX_POINT('',#2079);
#2079 = CARTESIAN_POINT('',(290.3625,45.625,0.));
#2080 = LINE('',#2081,#2082);
#2081 = CARTESIAN_POINT('',(290.3625,45.625,0.));
#2082 = VECTOR('',#2083,1.);
#2083 = DIRECTION('',(0.,1.,0.));
#2084 = ORIENTED_EDGE('',*,*,#2085,.F.);
#2085 = EDGE_CURVE('',#2062,#2078,#2086,.T.);
#2086 = LINE('',#2087,#2088);
#2087 = CARTESIAN_POINT('',(276.3625,45.625,0.));
#2088 = VECTOR('',#2089,1.);
#2089 = DIRECTION('',(1.,0.,0.));
#2090 = FACE_BOUND('',#2091,.F.);
#2091 = EDGE_LOOP('',(#2092,#2102,#2110,#2118,#2126,#2134,#2142,#2150,
    #2158,#2166,#2174,#2182,#2190,#2198,#2206,#2214,#2222,#2230,#2238,
    #2246,#2254,#2262,#2270,#2278,#2286,#2294,#2302,#2310,#2318,#2326,
    #2334,#2342,#2350,#2358,#2366,#2374));
#2092 = ORIENTED_EDGE('',*,*,#2093,.F.);
#2093 = EDGE_CURVE('',#2094,#2096,#2098,.T.);
#2094 = VERTEX_POINT('',#2095);
#2095 = CARTESIAN_POINT('',(307.31875,59.625,0.));
#2096 = VERTEX_POINT('',#2097);
#2097 = CARTESIAN_POINT('',(307.31875,54.925,0.));
#2098 = LINE('',#2099,#2100);
#2099 = CARTESIAN_POINT('',(307.31875,59.625,0.));
#2100 = VECTOR('',#2101,1.);
#2101 = DIRECTION('',(0.,-1.,0.));
#2102 = ORIENTED_EDGE('',*,*,#2103,.T.);
#2103 = EDGE_CURVE('',#2094,#2104,#2106,.T.);
#2104 = VERTEX_POINT('',#2105);
#2105 = CARTESIAN_POINT('',(321.31875,59.625,0.));
#2106 = LINE('',#2107,#2108);
#2107 = CARTESIAN_POINT('',(307.31875,59.625,0.));
#2108 = VECTOR('',#2109,1.);
#2109 = DIRECTION('',(1.,0.,0.));
#2110 = ORIENTED_EDGE('',*,*,#2111,.T.);
#2111 = EDGE_CURVE('',#2104,#2112,#2114,.T.);
#2112 = VERTEX_POINT('',#2113);
#2113 = CARTESIAN_POINT('',(321.31875,54.925,0.));
#2114 = LINE('',#2115,#2116);
#2115 = CARTESIAN_POINT('',(321.31875,59.625,0.));
#2116 = VECTOR('',#2117,1.);
#2117 = DIRECTION('',(0.,-1.,0.));
#2118 = ORIENTED_EDGE('',*,*,#2119,.T.);
#2119 = EDGE_CURVE('',#2112,#2120,#2122,.T.);
#2120 = VERTEX_POINT('',#2121);
#2121 = CARTESIAN_POINT('',(322.84375,54.925,0.));
#2122 = LINE('',#2123,#2124);
#2123 = CARTESIAN_POINT('',(321.31875,54.925,0.));
#2124 = VECTOR('',#2125,1.);
#2125 = DIRECTION('',(1.,0.,0.));
#2126 = ORIENTED_EDGE('',*,*,#2127,.T.);
#2127 = EDGE_CURVE('',#2120,#2128,#2130,.T.);
#2128 = VERTEX_POINT('',#2129);
#2129 = CARTESIAN_POINT('',(322.84375,58.155,0.));
#2130 = LINE('',#2131,#2132);
#2131 = CARTESIAN_POINT('',(322.84375,54.925,0.));
#2132 = VECTOR('',#2133,1.);
#2133 = DIRECTION('',(0.,1.,0.));
#2134 = ORIENTED_EDGE('',*,*,#2135,.T.);
#2135 = EDGE_CURVE('',#2128,#2136,#2138,.T.);
#2136 = VERTEX_POINT('',#2137);
#2137 = CARTESIAN_POINT('',(329.59375,58.155,0.));
#2138 = LINE('',#2139,#2140);
#2139 = CARTESIAN_POINT('',(322.84375,58.155,0.));
#2140 = VECTOR('',#2141,1.);
#2141 = DIRECTION('',(1.,0.,0.));
#2142 = ORIENTED_EDGE('',*,*,#2143,.T.);
#2143 = EDGE_CURVE('',#2136,#2144,#2146,.T.);
#2144 = VERTEX_POINT('',#2145);
#2145 = CARTESIAN_POINT('',(329.59375,54.925,0.));
#2146 = LINE('',#2147,#2148);
#2147 = CARTESIAN_POINT('',(329.59375,58.155,0.));
#2148 = VECTOR('',#2149,1.);
#2149 = DIRECTION('',(0.,-1.,0.));
#2150 = ORIENTED_EDGE('',*,*,#2151,.T.);
#2151 = EDGE_CURVE('',#2144,#2152,#2154,.T.);
#2152 = VERTEX_POINT('',#2153);
#2153 = CARTESIAN_POINT('',(330.41875,54.925,0.));
#2154 = LINE('',#2155,#2156);
#2155 = CARTESIAN_POINT('',(329.59375,54.925,0.));
#2156 = VECTOR('',#2157,1.);
#2157 = DIRECTION('',(1.,0.,0.));
#2158 = ORIENTED_EDGE('',*,*,#2159,.T.);
#2159 = EDGE_CURVE('',#2152,#2160,#2162,.T.);
#2160 = VERTEX_POINT('',#2161);
#2161 = CARTESIAN_POINT('',(330.41875,52.125,0.));
#2162 = LINE('',#2163,#2164);
#2163 = CARTESIAN_POINT('',(330.41875,54.925,0.));
#2164 = VECTOR('',#2165,1.);
#2165 = DIRECTION('',(0.,-1.,0.));
#2166 = ORIENTED_EDGE('',*,*,#2167,.T.);
#2167 = EDGE_CURVE('',#2160,#2168,#2170,.T.);
#2168 = VERTEX_POINT('',#2169);
#2169 = CARTESIAN_POINT('',(329.59375,52.125,0.));
#2170 = LINE('',#2171,#2172);
#2171 = CARTESIAN_POINT('',(330.41875,52.125,0.));
#2172 = VECTOR('',#2173,1.);
#2173 = DIRECTION('',(-1.,0.,0.));
#2174 = ORIENTED_EDGE('',*,*,#2175,.T.);
#2175 = EDGE_CURVE('',#2168,#2176,#2178,.T.);
#2176 = VERTEX_POINT('',#2177);
#2177 = CARTESIAN_POINT('',(329.59375,45.855,0.));
#2178 = LINE('',#2179,#2180);
#2179 = CARTESIAN_POINT('',(329.59375,52.125,0.));
#2180 = VECTOR('',#2181,1.);
#2181 = DIRECTION('',(0.,-1.,0.));
#2182 = ORIENTED_EDGE('',*,*,#2183,.T.);
#2183 = EDGE_CURVE('',#2176,#2184,#2186,.T.);
#2184 = VERTEX_POINT('',#2185);
#2185 = CARTESIAN_POINT('',(327.86875,45.855,0.));
#2186 = LINE('',#2187,#2188);
#2187 = CARTESIAN_POINT('',(329.59375,45.855,0.));
#2188 = VECTOR('',#2189,1.);
#2189 = DIRECTION('',(-1.,0.,0.));
#2190 = ORIENTED_EDGE('',*,*,#2191,.T.);
#2191 = EDGE_CURVE('',#2184,#2192,#2194,.T.);
#2192 = VERTEX_POINT('',#2193);
#2193 = CARTESIAN_POINT('',(327.86875,44.655,0.));
#2194 = LINE('',#2195,#2196);
#2195 = CARTESIAN_POINT('',(327.86875,45.855,0.));
#2196 = VECTOR('',#2197,1.);
#2197 = DIRECTION('',(0.,-1.,0.));
#2198 = ORIENTED_EDGE('',*,*,#2199,.T.);
#2199 = EDGE_CURVE('',#2192,#2200,#2202,.T.);
#2200 = VERTEX_POINT('',#2201);
#2201 = CARTESIAN_POINT('',(324.56875,44.655,0.));
#2202 = LINE('',#2203,#2204);
#2203 = CARTESIAN_POINT('',(327.86875,44.655,0.));
#2204 = VECTOR('',#2205,1.);
#2205 = DIRECTION('',(-1.,0.,0.));
#2206 = ORIENTED_EDGE('',*,*,#2207,.T.);
#2207 = EDGE_CURVE('',#2200,#2208,#2210,.T.);
#2208 = VERTEX_POINT('',#2209);
#2209 = CARTESIAN_POINT('',(324.56875,45.855,0.));
#2210 = LINE('',#2211,#2212);
#2211 = CARTESIAN_POINT('',(324.56875,44.655,0.));
#2212 = VECTOR('',#2213,1.);
#2213 = DIRECTION('',(0.,1.,0.));
#2214 = ORIENTED_EDGE('',*,*,#2215,.T.);
#2215 = EDGE_CURVE('',#2208,#2216,#2218,.T.);
#2216 = VERTEX_POINT('',#2217);
#2217 = CARTESIAN_POINT('',(322.84375,45.855,0.));
#2218 = LINE('',#2219,#2220);
#2219 = CARTESIAN_POINT('',(324.56875,45.855,0.));
#2220 = VECTOR('',#2221,1.);
#2221 = DIRECTION('',(-1.,0.,0.));
#2222 = ORIENTED_EDGE('',*,*,#2223,.T.);
#2223 = EDGE_CURVE('',#2216,#2224,#2226,.T.);
#2224 = VERTEX_POINT('',#2225);
#2225 = CARTESIAN_POINT('',(322.84375,50.325,0.));
#2226 = LINE('',#2227,#2228);
#2227 = CARTESIAN_POINT('',(322.84375,45.855,0.));
#2228 = VECTOR('',#2229,1.);
#2229 = DIRECTION('',(0.,1.,0.));
#2230 = ORIENTED_EDGE('',*,*,#2231,.T.);
#2231 = EDGE_CURVE('',#2224,#2232,#2234,.T.);
#2232 = VERTEX_POINT('',#2233);
#2233 = CARTESIAN_POINT('',(321.31875,50.325,0.));
#2234 = LINE('',#2235,#2236);
#2235 = CARTESIAN_POINT('',(322.84375,50.325,0.));
#2236 = VECTOR('',#2237,1.);
#2237 = DIRECTION('',(-1.,0.,0.));
#2238 = ORIENTED_EDGE('',*,*,#2239,.T.);
#2239 = EDGE_CURVE('',#2232,#2240,#2242,.T.);
#2240 = VERTEX_POINT('',#2241);
#2241 = CARTESIAN_POINT('',(321.31875,45.625,0.));
#2242 = LINE('',#2243,#2244);
#2243 = CARTESIAN_POINT('',(321.31875,50.325,0.));
#2244 = VECTOR('',#2245,1.);
#2245 = DIRECTION('',(0.,-1.,0.));
#2246 = ORIENTED_EDGE('',*,*,#2247,.T.);
#2247 = EDGE_CURVE('',#2240,#2248,#2250,.T.);
#2248 = VERTEX_POINT('',#2249);
#2249 = CARTESIAN_POINT('',(307.31875,45.625,0.));
#2250 = LINE('',#2251,#2252);
#2251 = CARTESIAN_POINT('',(321.31875,45.625,0.));
#2252 = VECTOR('',#2253,1.);
#2253 = DIRECTION('',(-1.,0.,0.));
#2254 = ORIENTED_EDGE('',*,*,#2255,.T.);
#2255 = EDGE_CURVE('',#2248,#2256,#2258,.T.);
#2256 = VERTEX_POINT('',#2257);
#2257 = CARTESIAN_POINT('',(307.31875,50.325,0.));
#2258 = LINE('',#2259,#2260);
#2259 = CARTESIAN_POINT('',(307.31875,45.625,0.));
#2260 = VECTOR('',#2261,1.);
#2261 = DIRECTION('',(0.,1.,0.));
#2262 = ORIENTED_EDGE('',*,*,#2263,.F.);
#2263 = EDGE_CURVE('',#2264,#2256,#2266,.T.);
#2264 = VERTEX_POINT('',#2265);
#2265 = CARTESIAN_POINT('',(305.79375,50.325,0.));
#2266 = LINE('',#2267,#2268);
#2267 = CARTESIAN_POINT('',(305.79375,50.325,0.));
#2268 = VECTOR('',#2269,1.);
#2269 = DIRECTION('',(1.,0.,0.));
#2270 = ORIENTED_EDGE('',*,*,#2271,.F.);
#2271 = EDGE_CURVE('',#2272,#2264,#2274,.T.);
#2272 = VERTEX_POINT('',#2273);
#2273 = CARTESIAN_POINT('',(305.79375,45.855,0.));
#2274 = LINE('',#2275,#2276);
#2275 = CARTESIAN_POINT('',(305.79375,45.855,0.));
#2276 = VECTOR('',#2277,1.);
#2277 = DIRECTION('',(0.,1.,0.));
#2278 = ORIENTED_EDGE('',*,*,#2279,.F.);
#2279 = EDGE_CURVE('',#2280,#2272,#2282,.T.);
#2280 = VERTEX_POINT('',#2281);
#2281 = CARTESIAN_POINT('',(304.06875,45.855,0.));
#2282 = LINE('',#2283,#2284);
#2283 = CARTESIAN_POINT('',(304.06875,45.855,0.));
#2284 = VECTOR('',#2285,1.);
#2285 = DIRECTION('',(1.,0.,0.));
#2286 = ORIENTED_EDGE('',*,*,#2287,.F.);
#2287 = EDGE_CURVE('',#2288,#2280,#2290,.T.);
#2288 = VERTEX_POINT('',#2289);
#2289 = CARTESIAN_POINT('',(304.06875,44.655,0.));
#2290 = LINE('',#2291,#2292);
#2291 = CARTESIAN_POINT('',(304.06875,44.655,0.));
#2292 = VECTOR('',#2293,1.);
#2293 = DIRECTION('',(0.,1.,0.));
#2294 = ORIENTED_EDGE('',*,*,#2295,.F.);
#2295 = EDGE_CURVE('',#2296,#2288,#2298,.T.);
#2296 = VERTEX_POINT('',#2297);
#2297 = CARTESIAN_POINT('',(300.76875,44.655,0.));
#2298 = LINE('',#2299,#2300);
#2299 = CARTESIAN_POINT('',(300.76875,44.655,0.));
#2300 = VECTOR('',#2301,1.);
#2301 = DIRECTION('',(1.,0.,0.));
#2302 = ORIENTED_EDGE('',*,*,#2303,.F.);
#2303 = EDGE_CURVE('',#2304,#2296,#2306,.T.);
#2304 = VERTEX_POINT('',#2305);
#2305 = CARTESIAN_POINT('',(300.76875,45.855,0.));
#2306 = LINE('',#2307,#2308);
#2307 = CARTESIAN_POINT('',(300.76875,45.855,0.));
#2308 = VECTOR('',#2309,1.);
#2309 = DIRECTION('',(0.,-1.,0.));
#2310 = ORIENTED_EDGE('',*,*,#2311,.F.);
#2311 = EDGE_CURVE('',#2312,#2304,#2314,.T.);
#2312 = VERTEX_POINT('',#2313);
#2313 = CARTESIAN_POINT('',(299.04375,45.855,0.));
#2314 = LINE('',#2315,#2316);
#2315 = CARTESIAN_POINT('',(299.04375,45.855,0.));
#2316 = VECTOR('',#2317,1.);
#2317 = DIRECTION('',(1.,0.,0.));
#2318 = ORIENTED_EDGE('',*,*,#2319,.F.);
#2319 = EDGE_CURVE('',#2320,#2312,#2322,.T.);
#2320 = VERTEX_POINT('',#2321);
#2321 = CARTESIAN_POINT('',(299.04375,52.125,0.));
#2322 = LINE('',#2323,#2324);
#2323 = CARTESIAN_POINT('',(299.04375,52.125,0.));
#2324 = VECTOR('',#2325,1.);
#2325 = DIRECTION('',(0.,-1.,0.));
#2326 = ORIENTED_EDGE('',*,*,#2327,.F.);
#2327 = EDGE_CURVE('',#2328,#2320,#2330,.T.);
#2328 = VERTEX_POINT('',#2329);
#2329 = CARTESIAN_POINT('',(298.21875,52.125,0.));
#2330 = LINE('',#2331,#2332);
#2331 = CARTESIAN_POINT('',(298.21875,52.125,0.));
#2332 = VECTOR('',#2333,1.);
#2333 = DIRECTION('',(1.,0.,0.));
#2334 = ORIENTED_EDGE('',*,*,#2335,.F.);
#2335 = EDGE_CURVE('',#2336,#2328,#2338,.T.);
#2336 = VERTEX_POINT('',#2337);
#2337 = CARTESIAN_POINT('',(298.21875,54.925,0.));
#2338 = LINE('',#2339,#2340);
#2339 = CARTESIAN_POINT('',(298.21875,54.925,0.));
#2340 = VECTOR('',#2341,1.);
#2341 = DIRECTION('',(0.,-1.,0.));
#2342 = ORIENTED_EDGE('',*,*,#2343,.F.);
#2343 = EDGE_CURVE('',#2344,#2336,#2346,.T.);
#2344 = VERTEX_POINT('',#2345);
#2345 = CARTESIAN_POINT('',(299.04375,54.925,0.));
#2346 = LINE('',#2347,#2348);
#2347 = CARTESIAN_POINT('',(299.04375,54.925,0.));
#2348 = VECTOR('',#2349,1.);
#2349 = DIRECTION('',(-1.,0.,0.));
#2350 = ORIENTED_EDGE('',*,*,#2351,.F.);
#2351 = EDGE_CURVE('',#2352,#2344,#2354,.T.);
#2352 = VERTEX_POINT('',#2353);
#2353 = CARTESIAN_POINT('',(299.04375,58.155,0.));
#2354 = LINE('',#2355,#2356);
#2355 = CARTESIAN_POINT('',(299.04375,58.155,0.));
#2356 = VECTOR('',#2357,1.);
#2357 = DIRECTION('',(0.,-1.,0.));
#2358 = ORIENTED_EDGE('',*,*,#2359,.T.);
#2359 = EDGE_CURVE('',#2352,#2360,#2362,.T.);
#2360 = VERTEX_POINT('',#2361);
#2361 = CARTESIAN_POINT('',(305.79375,58.155,0.));
#2362 = LINE('',#2363,#2364);
#2363 = CARTESIAN_POINT('',(299.04375,58.155,0.));
#2364 = VECTOR('',#2365,1.);
#2365 = DIRECTION('',(1.,0.,0.));
#2366 = ORIENTED_EDGE('',*,*,#2367,.F.);
#2367 = EDGE_CURVE('',#2368,#2360,#2370,.T.);
#2368 = VERTEX_POINT('',#2369);
#2369 = CARTESIAN_POINT('',(305.79375,54.925,0.));
#2370 = LINE('',#2371,#2372);
#2371 = CARTESIAN_POINT('',(305.79375,54.925,0.));
#2372 = VECTOR('',#2373,1.);
#2373 = DIRECTION('',(0.,1.,0.));
#2374 = ORIENTED_EDGE('',*,*,#2375,.F.);
#2375 = EDGE_CURVE('',#2096,#2368,#2376,.T.);
#2376 = LINE('',#2377,#2378);
#2377 = CARTESIAN_POINT('',(307.31875,54.925,0.));
#2378 = VECTOR('',#2379,1.);
#2379 = DIRECTION('',(-1.,0.,0.));
#2380 = FACE_BOUND('',#2381,.F.);
#2381 = EDGE_LOOP('',(#2382,#2392,#2400,#2408));
#2382 = ORIENTED_EDGE('',*,*,#2383,.F.);
#2383 = EDGE_CURVE('',#2384,#2386,#2388,.T.);
#2384 = VERTEX_POINT('',#2385);
#2385 = CARTESIAN_POINT('',(57.2875,78.675,0.));
#2386 = VERTEX_POINT('',#2387);
#2387 = CARTESIAN_POINT('',(57.2875,64.675,0.));
#2388 = LINE('',#2389,#2390);
#2389 = CARTESIAN_POINT('',(57.2875,78.675,0.));
#2390 = VECTOR('',#2391,1.);
#2391 = DIRECTION('',(0.,-1.,0.));
#2392 = ORIENTED_EDGE('',*,*,#2393,.F.);
#2393 = EDGE_CURVE('',#2394,#2384,#2396,.T.);
#2394 = VERTEX_POINT('',#2395);
#2395 = CARTESIAN_POINT('',(71.2875,78.675,0.));
#2396 = LINE('',#2397,#2398);
#2397 = CARTESIAN_POINT('',(71.2875,78.675,0.));
#2398 = VECTOR('',#2399,1.);
#2399 = DIRECTION('',(-1.,0.,0.));
#2400 = ORIENTED_EDGE('',*,*,#2401,.F.);
#2401 = EDGE_CURVE('',#2402,#2394,#2404,.T.);
#2402 = VERTEX_POINT('',#2403);
#2403 = CARTESIAN_POINT('',(71.2875,64.675,0.));
#2404 = LINE('',#2405,#2406);
#2405 = CARTESIAN_POINT('',(71.2875,64.675,0.));
#2406 = VECTOR('',#2407,1.);
#2407 = DIRECTION('',(0.,1.,0.));
#2408 = ORIENTED_EDGE('',*,*,#2409,.F.);
#2409 = EDGE_CURVE('',#2386,#2402,#2410,.T.);
#2410 = LINE('',#2411,#2412);
#2411 = CARTESIAN_POINT('',(57.2875,64.675,0.));
#2412 = VECTOR('',#2413,1.);
#2413 = DIRECTION('',(1.,0.,0.));
#2414 = FACE_BOUND('',#2415,.F.);
#2415 = EDGE_LOOP('',(#2416,#2426,#2434,#2442));
#2416 = ORIENTED_EDGE('',*,*,#2417,.F.);
#2417 = EDGE_CURVE('',#2418,#2420,#2422,.T.);
#2418 = VERTEX_POINT('',#2419);
#2419 = CARTESIAN_POINT('',(81.1,78.675,0.));
#2420 = VERTEX_POINT('',#2421);
#2421 = CARTESIAN_POINT('',(81.1,64.675,0.));
#2422 = LINE('',#2423,#2424);
#2423 = CARTESIAN_POINT('',(81.1,78.675,0.));
#2424 = VECTOR('',#2425,1.);
#2425 = DIRECTION('',(0.,-1.,0.));
#2426 = ORIENTED_EDGE('',*,*,#2427,.F.);
#2427 = EDGE_CURVE('',#2428,#2418,#2430,.T.);
#2428 = VERTEX_POINT('',#2429);
#2429 = CARTESIAN_POINT('',(95.1,78.675,0.));
#2430 = LINE('',#2431,#2432);
#2431 = CARTESIAN_POINT('',(95.1,78.675,0.));
#2432 = VECTOR('',#2433,1.);
#2433 = DIRECTION('',(-1.,0.,0.));
#2434 = ORIENTED_EDGE('',*,*,#2435,.F.);
#2435 = EDGE_CURVE('',#2436,#2428,#2438,.T.);
#2436 = VERTEX_POINT('',#2437);
#2437 = CARTESIAN_POINT('',(95.1,64.675,0.));
#2438 = LINE('',#2439,#2440);
#2439 = CARTESIAN_POINT('',(95.1,64.675,0.));
#2440 = VECTOR('',#2441,1.);
#2441 = DIRECTION('',(0.,1.,0.));
#2442 = ORIENTED_EDGE('',*,*,#2443,.F.);
#2443 = EDGE_CURVE('',#2420,#2436,#2444,.T.);
#2444 = LINE('',#2445,#2446);
#2445 = CARTESIAN_POINT('',(81.1,64.675,0.));
#2446 = VECTOR('',#2447,1.);
#2447 = DIRECTION('',(1.,0.,0.));
#2448 = FACE_BOUND('',#2449,.F.);
#2449 = EDGE_LOOP('',(#2450,#2460,#2468,#2476));
#2450 = ORIENTED_EDGE('',*,*,#2451,.F.);
#2451 = EDGE_CURVE('',#2452,#2454,#2456,.T.);
#2452 = VERTEX_POINT('',#2453);
#2453 = CARTESIAN_POINT('',(52.525,97.725,0.));
#2454 = VERTEX_POINT('',#2455);
#2455 = CARTESIAN_POINT('',(52.525,83.725,0.));
#2456 = LINE('',#2457,#2458);
#2457 = CARTESIAN_POINT('',(52.525,97.725,0.));
#2458 = VECTOR('',#2459,1.);
#2459 = DIRECTION('',(0.,-1.,0.));
#2460 = ORIENTED_EDGE('',*,*,#2461,.F.);
#2461 = EDGE_CURVE('',#2462,#2452,#2464,.T.);
#2462 = VERTEX_POINT('',#2463);
#2463 = CARTESIAN_POINT('',(66.525,97.725,0.));
#2464 = LINE('',#2465,#2466);
#2465 = CARTESIAN_POINT('',(66.525,97.725,0.));
#2466 = VECTOR('',#2467,1.);
#2467 = DIRECTION('',(-1.,0.,0.));
#2468 = ORIENTED_EDGE('',*,*,#2469,.F.);
#2469 = EDGE_CURVE('',#2470,#2462,#2472,.T.);
#2470 = VERTEX_POINT('',#2471);
#2471 = CARTESIAN_POINT('',(66.525,83.725,0.));
#2472 = LINE('',#2473,#2474);
#2473 = CARTESIAN_POINT('',(66.525,83.725,0.));
#2474 = VECTOR('',#2475,1.);
#2475 = DIRECTION('',(0.,1.,0.));
#2476 = ORIENTED_EDGE('',*,*,#2477,.F.);
#2477 = EDGE_CURVE('',#2454,#2470,#2478,.T.);
#2478 = LINE('',#2479,#2480);
#2479 = CARTESIAN_POINT('',(52.525,83.725,0.));
#2480 = VECTOR('',#2481,1.);
#2481 = DIRECTION('',(1.,0.,0.));
#2482 = FACE_BOUND('',#2483,.F.);
#2483 = EDGE_LOOP('',(#2484,#2494,#2502,#2510));
#2484 = ORIENTED_EDGE('',*,*,#2485,.F.);
#2485 = EDGE_CURVE('',#2486,#2488,#2490,.T.);
#2486 = VERTEX_POINT('',#2487);
#2487 = CARTESIAN_POINT('',(71.575,97.725,0.));
#2488 = VERTEX_POINT('',#2489);
#2489 = CARTESIAN_POINT('',(71.575,83.725,0.));
#2490 = LINE('',#2491,#2492);
#2491 = CARTESIAN_POINT('',(71.575,97.725,0.));
#2492 = VECTOR('',#2493,1.);
#2493 = DIRECTION('',(0.,-1.,0.));
#2494 = ORIENTED_EDGE('',*,*,#2495,.F.);
#2495 = EDGE_CURVE('',#2496,#2486,#2498,.T.);
#2496 = VERTEX_POINT('',#2497);
#2497 = CARTESIAN_POINT('',(85.575,97.725,0.));
#2498 = LINE('',#2499,#2500);
#2499 = CARTESIAN_POINT('',(85.575,97.725,0.));
#2500 = VECTOR('',#2501,1.);
#2501 = DIRECTION('',(-1.,0.,0.));
#2502 = ORIENTED_EDGE('',*,*,#2503,.F.);
#2503 = EDGE_CURVE('',#2504,#2496,#2506,.T.);
#2504 = VERTEX_POINT('',#2505);
#2505 = CARTESIAN_POINT('',(85.575,83.725,0.));
#2506 = LINE('',#2507,#2508);
#2507 = CARTESIAN_POINT('',(85.575,83.725,0.));
#2508 = VECTOR('',#2509,1.);
#2509 = DIRECTION('',(0.,1.,0.));
#2510 = ORIENTED_EDGE('',*,*,#2511,.F.);
#2511 = EDGE_CURVE('',#2488,#2504,#2512,.T.);
#2512 = LINE('',#2513,#2514);
#2513 = CARTESIAN_POINT('',(71.575,83.725,0.));
#2514 = VECTOR('',#2515,1.);
#2515 = DIRECTION('',(1.,0.,0.));
#2516 = FACE_BOUND('',#2517,.F.);
#2517 = EDGE_LOOP('',(#2518,#2528,#2536,#2544));
#2518 = ORIENTED_EDGE('',*,*,#2519,.F.);
#2519 = EDGE_CURVE('',#2520,#2522,#2524,.T.);
#2520 = VERTEX_POINT('',#2521);
#2521 = CARTESIAN_POINT('',(100.15,78.675,0.));
#2522 = VERTEX_POINT('',#2523);
#2523 = CARTESIAN_POINT('',(100.15,64.675,0.));
#2524 = LINE('',#2525,#2526);
#2525 = CARTESIAN_POINT('',(100.15,78.675,0.));
#2526 = VECTOR('',#2527,1.);
#2527 = DIRECTION('',(0.,-1.,0.));
#2528 = ORIENTED_EDGE('',*,*,#2529,.F.);
#2529 = EDGE_CURVE('',#2530,#2520,#2532,.T.);
#2530 = VERTEX_POINT('',#2531);
#2531 = CARTESIAN_POINT('',(114.15,78.675,0.));
#2532 = LINE('',#2533,#2534);
#2533 = CARTESIAN_POINT('',(114.15,78.675,0.));
#2534 = VECTOR('',#2535,1.);
#2535 = DIRECTION('',(-1.,0.,0.));
#2536 = ORIENTED_EDGE('',*,*,#2537,.F.);
#2537 = EDGE_CURVE('',#2538,#2530,#2540,.T.);
#2538 = VERTEX_POINT('',#2539);
#2539 = CARTESIAN_POINT('',(114.15,64.675,0.));
#2540 = LINE('',#2541,#2542);
#2541 = CARTESIAN_POINT('',(114.15,64.675,0.));
#2542 = VECTOR('',#2543,1.);
#2543 = DIRECTION('',(0.,1.,0.));
#2544 = ORIENTED_EDGE('',*,*,#2545,.F.);
#2545 = EDGE_CURVE('',#2522,#2538,#2546,.T.);
#2546 = LINE('',#2547,#2548);
#2547 = CARTESIAN_POINT('',(100.15,64.675,0.));
#2548 = VECTOR('',#2549,1.);
#2549 = DIRECTION('',(1.,0.,0.));
#2550 = FACE_BOUND('',#2551,.F.);
#2551 = EDGE_LOOP('',(#2552,#2562,#2570,#2578));
#2552 = ORIENTED_EDGE('',*,*,#2553,.F.);
#2553 = EDGE_CURVE('',#2554,#2556,#2558,.T.);
#2554 = VERTEX_POINT('',#2555);
#2555 = CARTESIAN_POINT('',(119.2,78.675,0.));
#2556 = VERTEX_POINT('',#2557);
#2557 = CARTESIAN_POINT('',(119.2,64.675,0.));
#2558 = LINE('',#2559,#2560);
#2559 = CARTESIAN_POINT('',(119.2,78.675,0.));
#2560 = VECTOR('',#2561,1.);
#2561 = DIRECTION('',(0.,-1.,0.));
#2562 = ORIENTED_EDGE('',*,*,#2563,.F.);
#2563 = EDGE_CURVE('',#2564,#2554,#2566,.T.);
#2564 = VERTEX_POINT('',#2565);
#2565 = CARTESIAN_POINT('',(133.2,78.675,0.));
#2566 = LINE('',#2567,#2568);
#2567 = CARTESIAN_POINT('',(133.2,78.675,0.));
#2568 = VECTOR('',#2569,1.);
#2569 = DIRECTION('',(-1.,0.,0.));
#2570 = ORIENTED_EDGE('',*,*,#2571,.F.);
#2571 = EDGE_CURVE('',#2572,#2564,#2574,.T.);
#2572 = VERTEX_POINT('',#2573);
#2573 = CARTESIAN_POINT('',(133.2,64.675,0.));
#2574 = LINE('',#2575,#2576);
#2575 = CARTESIAN_POINT('',(133.2,64.675,0.));
#2576 = VECTOR('',#2577,1.);
#2577 = DIRECTION('',(0.,1.,0.));
#2578 = ORIENTED_EDGE('',*,*,#2579,.F.);
#2579 = EDGE_CURVE('',#2556,#2572,#2580,.T.);
#2580 = LINE('',#2581,#2582);
#2581 = CARTESIAN_POINT('',(119.2,64.675,0.));
#2582 = VECTOR('',#2583,1.);
#2583 = DIRECTION('',(1.,0.,0.));
#2584 = FACE_BOUND('',#2585,.F.);
#2585 = EDGE_LOOP('',(#2586,#2596,#2604,#2612));
#2586 = ORIENTED_EDGE('',*,*,#2587,.F.);
#2587 = EDGE_CURVE('',#2588,#2590,#2592,.T.);
#2588 = VERTEX_POINT('',#2589);
#2589 = CARTESIAN_POINT('',(138.25,78.675,0.));
#2590 = VERTEX_POINT('',#2591);
#2591 = CARTESIAN_POINT('',(138.25,64.675,0.));
#2592 = LINE('',#2593,#2594);
#2593 = CARTESIAN_POINT('',(138.25,78.675,0.));
#2594 = VECTOR('',#2595,1.);
#2595 = DIRECTION('',(0.,-1.,0.));
#2596 = ORIENTED_EDGE('',*,*,#2597,.F.);
#2597 = EDGE_CURVE('',#2598,#2588,#2600,.T.);
#2598 = VERTEX_POINT('',#2599);
#2599 = CARTESIAN_POINT('',(152.25,78.675,0.));
#2600 = LINE('',#2601,#2602);
#2601 = CARTESIAN_POINT('',(152.25,78.675,0.));
#2602 = VECTOR('',#2603,1.);
#2603 = DIRECTION('',(-1.,0.,0.));
#2604 = ORIENTED_EDGE('',*,*,#2605,.F.);
#2605 = EDGE_CURVE('',#2606,#2598,#2608,.T.);
#2606 = VERTEX_POINT('',#2607);
#2607 = CARTESIAN_POINT('',(152.25,64.675,0.));
#2608 = LINE('',#2609,#2610);
#2609 = CARTESIAN_POINT('',(152.25,64.675,0.));
#2610 = VECTOR('',#2611,1.);
#2611 = DIRECTION('',(0.,1.,0.));
#2612 = ORIENTED_EDGE('',*,*,#2613,.F.);
#2613 = EDGE_CURVE('',#2590,#2606,#2614,.T.);
#2614 = LINE('',#2615,#2616);
#2615 = CARTESIAN_POINT('',(138.25,64.675,0.));
#2616 = VECTOR('',#2617,1.);
#2617 = DIRECTION('',(1.,0.,0.));
#2618 = FACE_BOUND('',#2619,.F.);
#2619 = EDGE_LOOP('',(#2620,#2630,#2638,#2646));
#2620 = ORIENTED_EDGE('',*,*,#2621,.F.);
#2621 = EDGE_CURVE('',#2622,#2624,#2626,.T.);
#2622 = VERTEX_POINT('',#2623);
#2623 = CARTESIAN_POINT('',(157.3,78.675,0.));
#2624 = VERTEX_POINT('',#2625);
#2625 = CARTESIAN_POINT('',(157.3,64.675,0.));
#2626 = LINE('',#2627,#2628);
#2627 = CARTESIAN_POINT('',(157.3,78.675,0.));
#2628 = VECTOR('',#2629,1.);
#2629 = DIRECTION('',(0.,-1.,0.));
#2630 = ORIENTED_EDGE('',*,*,#2631,.F.);
#2631 = EDGE_CURVE('',#2632,#2622,#2634,.T.);
#2632 = VERTEX_POINT('',#2633);
#2633 = CARTESIAN_POINT('',(171.3,78.675,0.));
#2634 = LINE('',#2635,#2636);
#2635 = CARTESIAN_POINT('',(171.3,78.675,0.));
#2636 = VECTOR('',#2637,1.);
#2637 = DIRECTION('',(-1.,0.,0.));
#2638 = ORIENTED_EDGE('',*,*,#2639,.F.);
#2639 = EDGE_CURVE('',#2640,#2632,#2642,.T.);
#2640 = VERTEX_POINT('',#2641);
#2641 = CARTESIAN_POINT('',(171.3,64.675,0.));
#2642 = LINE('',#2643,#2644);
#2643 = CARTESIAN_POINT('',(171.3,64.675,0.));
#2644 = VECTOR('',#2645,1.);
#2645 = DIRECTION('',(0.,1.,0.));
#2646 = ORIENTED_EDGE('',*,*,#2647,.F.);
#2647 = EDGE_CURVE('',#2624,#2640,#2648,.T.);
#2648 = LINE('',#2649,#2650);
#2649 = CARTESIAN_POINT('',(157.3,64.675,0.));
#2650 = VECTOR('',#2651,1.);
#2651 = DIRECTION('',(1.,0.,0.));
#2652 = FACE_BOUND('',#2653,.F.);
#2653 = EDGE_LOOP('',(#2654,#2664,#2672,#2680));
#2654 = ORIENTED_EDGE('',*,*,#2655,.F.);
#2655 = EDGE_CURVE('',#2656,#2658,#2660,.T.);
#2656 = VERTEX_POINT('',#2657);
#2657 = CARTESIAN_POINT('',(90.625,97.725,0.));
#2658 = VERTEX_POINT('',#2659);
#2659 = CARTESIAN_POINT('',(90.625,83.725,0.));
#2660 = LINE('',#2661,#2662);
#2661 = CARTESIAN_POINT('',(90.625,97.725,0.));
#2662 = VECTOR('',#2663,1.);
#2663 = DIRECTION('',(0.,-1.,0.));
#2664 = ORIENTED_EDGE('',*,*,#2665,.F.);
#2665 = EDGE_CURVE('',#2666,#2656,#2668,.T.);
#2666 = VERTEX_POINT('',#2667);
#2667 = CARTESIAN_POINT('',(104.625,97.725,0.));
#2668 = LINE('',#2669,#2670);
#2669 = CARTESIAN_POINT('',(104.625,97.725,0.));
#2670 = VECTOR('',#2671,1.);
#2671 = DIRECTION('',(-1.,0.,0.));
#2672 = ORIENTED_EDGE('',*,*,#2673,.F.);
#2673 = EDGE_CURVE('',#2674,#2666,#2676,.T.);
#2674 = VERTEX_POINT('',#2675);
#2675 = CARTESIAN_POINT('',(104.625,83.725,0.));
#2676 = LINE('',#2677,#2678);
#2677 = CARTESIAN_POINT('',(104.625,83.725,0.));
#2678 = VECTOR('',#2679,1.);
#2679 = DIRECTION('',(0.,1.,0.));
#2680 = ORIENTED_EDGE('',*,*,#2681,.F.);
#2681 = EDGE_CURVE('',#2658,#2674,#2682,.T.);
#2682 = LINE('',#2683,#2684);
#2683 = CARTESIAN_POINT('',(90.625,83.725,0.));
#2684 = VECTOR('',#2685,1.);
#2685 = DIRECTION('',(1.,0.,0.));
#2686 = FACE_BOUND('',#2687,.F.);
#2687 = EDGE_LOOP('',(#2688,#2698,#2706,#2714));
#2688 = ORIENTED_EDGE('',*,*,#2689,.F.);
#2689 = EDGE_CURVE('',#2690,#2692,#2694,.T.);
#2690 = VERTEX_POINT('',#2691);
#2691 = CARTESIAN_POINT('',(109.675,97.725,0.));
#2692 = VERTEX_POINT('',#2693);
#2693 = CARTESIAN_POINT('',(109.675,83.725,0.));
#2694 = LINE('',#2695,#2696);
#2695 = CARTESIAN_POINT('',(109.675,97.725,0.));
#2696 = VECTOR('',#2697,1.);
#2697 = DIRECTION('',(0.,-1.,0.));
#2698 = ORIENTED_EDGE('',*,*,#2699,.F.);
#2699 = EDGE_CURVE('',#2700,#2690,#2702,.T.);
#2700 = VERTEX_POINT('',#2701);
#2701 = CARTESIAN_POINT('',(123.675,97.725,0.));
#2702 = LINE('',#2703,#2704);
#2703 = CARTESIAN_POINT('',(123.675,97.725,0.));
#2704 = VECTOR('',#2705,1.);
#2705 = DIRECTION('',(-1.,0.,0.));
#2706 = ORIENTED_EDGE('',*,*,#2707,.F.);
#2707 = EDGE_CURVE('',#2708,#2700,#2710,.T.);
#2708 = VERTEX_POINT('',#2709);
#2709 = CARTESIAN_POINT('',(123.675,83.725,0.));
#2710 = LINE('',#2711,#2712);
#2711 = CARTESIAN_POINT('',(123.675,83.725,0.));
#2712 = VECTOR('',#2713,1.);
#2713 = DIRECTION('',(0.,1.,0.));
#2714 = ORIENTED_EDGE('',*,*,#2715,.F.);
#2715 = EDGE_CURVE('',#2692,#2708,#2716,.T.);
#2716 = LINE('',#2717,#2718);
#2717 = CARTESIAN_POINT('',(109.675,83.725,0.));
#2718 = VECTOR('',#2719,1.);
#2719 = DIRECTION('',(1.,0.,0.));
#2720 = FACE_BOUND('',#2721,.F.);
#2721 = EDGE_LOOP('',(#2722,#2732,#2740,#2748));
#2722 = ORIENTED_EDGE('',*,*,#2723,.F.);
#2723 = EDGE_CURVE('',#2724,#2726,#2728,.T.);
#2724 = VERTEX_POINT('',#2725);
#2725 = CARTESIAN_POINT('',(128.725,97.725,0.));
#2726 = VERTEX_POINT('',#2727);
#2727 = CARTESIAN_POINT('',(128.725,83.725,0.));
#2728 = LINE('',#2729,#2730);
#2729 = CARTESIAN_POINT('',(128.725,97.725,0.));
#2730 = VECTOR('',#2731,1.);
#2731 = DIRECTION('',(0.,-1.,0.));
#2732 = ORIENTED_EDGE('',*,*,#2733,.F.);
#2733 = EDGE_CURVE('',#2734,#2724,#2736,.T.);
#2734 = VERTEX_POINT('',#2735);
#2735 = CARTESIAN_POINT('',(142.725,97.725,0.));
#2736 = LINE('',#2737,#2738);
#2737 = CARTESIAN_POINT('',(142.725,97.725,0.));
#2738 = VECTOR('',#2739,1.);
#2739 = DIRECTION('',(-1.,0.,0.));
#2740 = ORIENTED_EDGE('',*,*,#2741,.F.);
#2741 = EDGE_CURVE('',#2742,#2734,#2744,.T.);
#2742 = VERTEX_POINT('',#2743);
#2743 = CARTESIAN_POINT('',(142.725,83.725,0.));
#2744 = LINE('',#2745,#2746);
#2745 = CARTESIAN_POINT('',(142.725,83.725,0.));
#2746 = VECTOR('',#2747,1.);
#2747 = DIRECTION('',(0.,1.,0.));
#2748 = ORIENTED_EDGE('',*,*,#2749,.F.);
#2749 = EDGE_CURVE('',#2726,#2742,#2750,.T.);
#2750 = LINE('',#2751,#2752);
#2751 = CARTESIAN_POINT('',(128.725,83.725,0.));
#2752 = VECTOR('',#2753,1.);
#2753 = DIRECTION('',(1.,0.,0.));
#2754 = FACE_BOUND('',#2755,.F.);
#2755 = EDGE_LOOP('',(#2756,#2766,#2774,#2782));
#2756 = ORIENTED_EDGE('',*,*,#2757,.F.);
#2757 = EDGE_CURVE('',#2758,#2760,#2762,.T.);
#2758 = VERTEX_POINT('',#2759);
#2759 = CARTESIAN_POINT('',(147.775,97.725,0.));
#2760 = VERTEX_POINT('',#2761);
#2761 = CARTESIAN_POINT('',(147.775,83.725,0.));
#2762 = LINE('',#2763,#2764);
#2763 = CARTESIAN_POINT('',(147.775,97.725,0.));
#2764 = VECTOR('',#2765,1.);
#2765 = DIRECTION('',(0.,-1.,0.));
#2766 = ORIENTED_EDGE('',*,*,#2767,.F.);
#2767 = EDGE_CURVE('',#2768,#2758,#2770,.T.);
#2768 = VERTEX_POINT('',#2769);
#2769 = CARTESIAN_POINT('',(161.775,97.725,0.));
#2770 = LINE('',#2771,#2772);
#2771 = CARTESIAN_POINT('',(161.775,97.725,0.));
#2772 = VECTOR('',#2773,1.);
#2773 = DIRECTION('',(-1.,0.,0.));
#2774 = ORIENTED_EDGE('',*,*,#2775,.F.);
#2775 = EDGE_CURVE('',#2776,#2768,#2778,.T.);
#2776 = VERTEX_POINT('',#2777);
#2777 = CARTESIAN_POINT('',(161.775,83.725,0.));
#2778 = LINE('',#2779,#2780);
#2779 = CARTESIAN_POINT('',(161.775,83.725,0.));
#2780 = VECTOR('',#2781,1.);
#2781 = DIRECTION('',(0.,1.,0.));
#2782 = ORIENTED_EDGE('',*,*,#2783,.F.);
#2783 = EDGE_CURVE('',#2760,#2776,#2784,.T.);
#2784 = LINE('',#2785,#2786);
#2785 = CARTESIAN_POINT('',(147.775,83.725,0.));
#2786 = VECTOR('',#2787,1.);
#2787 = DIRECTION('',(1.,0.,0.));
#2788 = FACE_BOUND('',#2789,.F.);
#2789 = EDGE_LOOP('',(#2790,#2800,#2808,#2816));
#2790 = ORIENTED_EDGE('',*,*,#2791,.F.);
#2791 = EDGE_CURVE('',#2792,#2794,#2796,.T.);
#2792 = VERTEX_POINT('',#2793);
#2793 = CARTESIAN_POINT('',(166.825,97.725,0.));
#2794 = VERTEX_POINT('',#2795);
#2795 = CARTESIAN_POINT('',(166.825,83.725,0.));
#2796 = LINE('',#2797,#2798);
#2797 = CARTESIAN_POINT('',(166.825,97.725,0.));
#2798 = VECTOR('',#2799,1.);
#2799 = DIRECTION('',(0.,-1.,0.));
#2800 = ORIENTED_EDGE('',*,*,#2801,.F.);
#2801 = EDGE_CURVE('',#2802,#2792,#2804,.T.);
#2802 = VERTEX_POINT('',#2803);
#2803 = CARTESIAN_POINT('',(180.825,97.725,0.));
#2804 = LINE('',#2805,#2806);
#2805 = CARTESIAN_POINT('',(180.825,97.725,0.));
#2806 = VECTOR('',#2807,1.);
#2807 = DIRECTION('',(-1.,0.,0.));
#2808 = ORIENTED_EDGE('',*,*,#2809,.F.);
#2809 = EDGE_CURVE('',#2810,#2802,#2812,.T.);
#2810 = VERTEX_POINT('',#2811);
#2811 = CARTESIAN_POINT('',(180.825,83.725,0.));
#2812 = LINE('',#2813,#2814);
#2813 = CARTESIAN_POINT('',(180.825,83.725,0.));
#2814 = VECTOR('',#2815,1.);
#2815 = DIRECTION('',(0.,1.,0.));
#2816 = ORIENTED_EDGE('',*,*,#2817,.F.);
#2817 = EDGE_CURVE('',#2794,#2810,#2818,.T.);
#2818 = LINE('',#2819,#2820);
#2819 = CARTESIAN_POINT('',(166.825,83.725,0.));
#2820 = VECTOR('',#2821,1.);
#2821 = DIRECTION('',(1.,0.,0.));
#2822 = FACE_BOUND('',#2823,.F.);
#2823 = EDGE_LOOP('',(#2824));
#2824 = ORIENTED_EDGE('',*,*,#2825,.F.);
#2825 = EDGE_CURVE('',#2826,#2826,#2828,.T.);
#2826 = VERTEX_POINT('',#2827);
#2827 = CARTESIAN_POINT('',(9.1,97.25,0.));
#2828 = CIRCLE('',#2829,1.1);
#2829 = AXIS2_PLACEMENT_3D('',#2830,#2831,#2832);
#2830 = CARTESIAN_POINT('',(8.,97.25,0.));
#2831 = DIRECTION('',(0.,0.,1.));
#2832 = DIRECTION('',(1.,0.,0.));
#2833 = FACE_BOUND('',#2834,.F.);
#2834 = EDGE_LOOP('',(#2835));
#2835 = ORIENTED_EDGE('',*,*,#2836,.F.);
#2836 = EDGE_CURVE('',#2837,#2837,#2839,.T.);
#2837 = VERTEX_POINT('',#2838);
#2838 = CARTESIAN_POINT('',(43.1,97.25,0.));
#2839 = CIRCLE('',#2840,1.1);
#2840 = AXIS2_PLACEMENT_3D('',#2841,#2842,#2843);
#2841 = CARTESIAN_POINT('',(42.,97.25,0.));
#2842 = DIRECTION('',(0.,0.,1.));
#2843 = DIRECTION('',(1.,0.,0.));
#2844 = FACE_BOUND('',#2845,.F.);
#2845 = EDGE_LOOP('',(#2846,#2857,#2865,#2874));
#2846 = ORIENTED_EDGE('',*,*,#2847,.F.);
#2847 = EDGE_CURVE('',#2848,#2850,#2852,.T.);
#2848 = VERTEX_POINT('',#2849);
#2849 = CARTESIAN_POINT('',(9.,109.05,0.));
#2850 = VERTEX_POINT('',#2851);
#2851 = CARTESIAN_POINT('',(9.,107.45,0.));
#2852 = CIRCLE('',#2853,0.8);
#2853 = AXIS2_PLACEMENT_3D('',#2854,#2855,#2856);
#2854 = CARTESIAN_POINT('',(9.,108.25,0.));
#2855 = DIRECTION('',(0.,0.,1.));
#2856 = DIRECTION('',(1.,0.,0.));
#2857 = ORIENTED_EDGE('',*,*,#2858,.T.);
#2858 = EDGE_CURVE('',#2848,#2859,#2861,.T.);
#2859 = VERTEX_POINT('',#2860);
#2860 = CARTESIAN_POINT('',(41.,109.05,0.));
#2861 = LINE('',#2862,#2863);
#2862 = CARTESIAN_POINT('',(9.,109.05,0.));
#2863 = VECTOR('',#2864,1.);
#2864 = DIRECTION('',(1.,0.,0.));
#2865 = ORIENTED_EDGE('',*,*,#2866,.F.);
#2866 = EDGE_CURVE('',#2867,#2859,#2869,.T.);
#2867 = VERTEX_POINT('',#2868);
#2868 = CARTESIAN_POINT('',(41.,107.45,0.));
#2869 = CIRCLE('',#2870,0.8);
#2870 = AXIS2_PLACEMENT_3D('',#2871,#2872,#2873);
#2871 = CARTESIAN_POINT('',(41.,108.25,0.));
#2872 = DIRECTION('',(0.,0.,1.));
#2873 = DIRECTION('',(1.,0.,0.));
#2874 = ORIENTED_EDGE('',*,*,#2875,.F.);
#2875 = EDGE_CURVE('',#2850,#2867,#2876,.T.);
#2876 = LINE('',#2877,#2878);
#2877 = CARTESIAN_POINT('',(9.,107.45,0.));
#2878 = VECTOR('',#2879,1.);
#2879 = DIRECTION('',(1.,0.,0.));
#2880 = FACE_BOUND('',#2881,.F.);
#2881 = EDGE_LOOP('',(#2882,#2892,#2900,#2908));
#2882 = ORIENTED_EDGE('',*,*,#2883,.F.);
#2883 = EDGE_CURVE('',#2884,#2886,#2888,.T.);
#2884 = VERTEX_POINT('',#2885);
#2885 = CARTESIAN_POINT('',(52.525,121.775,0.));
#2886 = VERTEX_POINT('',#2887);
#2887 = CARTESIAN_POINT('',(52.525,107.775,0.));
#2888 = LINE('',#2889,#2890);
#2889 = CARTESIAN_POINT('',(52.525,121.775,0.));
#2890 = VECTOR('',#2891,1.);
#2891 = DIRECTION('',(0.,-1.,0.));
#2892 = ORIENTED_EDGE('',*,*,#2893,.F.);
#2893 = EDGE_CURVE('',#2894,#2884,#2896,.T.);
#2894 = VERTEX_POINT('',#2895);
#2895 = CARTESIAN_POINT('',(66.525,121.775,0.));
#2896 = LINE('',#2897,#2898);
#2897 = CARTESIAN_POINT('',(66.525,121.775,0.));
#2898 = VECTOR('',#2899,1.);
#2899 = DIRECTION('',(-1.,0.,0.));
#2900 = ORIENTED_EDGE('',*,*,#2901,.F.);
#2901 = EDGE_CURVE('',#2902,#2894,#2904,.T.);
#2902 = VERTEX_POINT('',#2903);
#2903 = CARTESIAN_POINT('',(66.525,107.775,0.));
#2904 = LINE('',#2905,#2906);
#2905 = CARTESIAN_POINT('',(66.525,107.775,0.));
#2906 = VECTOR('',#2907,1.);
#2907 = DIRECTION('',(0.,1.,0.));
#2908 = ORIENTED_EDGE('',*,*,#2909,.F.);
#2909 = EDGE_CURVE('',#2886,#2902,#2910,.T.);
#2910 = LINE('',#2911,#2912);
#2911 = CARTESIAN_POINT('',(52.525,107.775,0.));
#2912 = VECTOR('',#2913,1.);
#2913 = DIRECTION('',(1.,0.,0.));
#2914 = FACE_BOUND('',#2915,.F.);
#2915 = EDGE_LOOP('',(#2916,#2926,#2934,#2942));
#2916 = ORIENTED_EDGE('',*,*,#2917,.F.);
#2917 = EDGE_CURVE('',#2918,#2920,#2922,.T.);
#2918 = VERTEX_POINT('',#2919);
#2919 = CARTESIAN_POINT('',(81.1,121.775,0.));
#2920 = VERTEX_POINT('',#2921);
#2921 = CARTESIAN_POINT('',(81.1,107.775,0.));
#2922 = LINE('',#2923,#2924);
#2923 = CARTESIAN_POINT('',(81.1,121.775,0.));
#2924 = VECTOR('',#2925,1.);
#2925 = DIRECTION('',(0.,-1.,0.));
#2926 = ORIENTED_EDGE('',*,*,#2927,.F.);
#2927 = EDGE_CURVE('',#2928,#2918,#2930,.T.);
#2928 = VERTEX_POINT('',#2929);
#2929 = CARTESIAN_POINT('',(95.1,121.775,0.));
#2930 = LINE('',#2931,#2932);
#2931 = CARTESIAN_POINT('',(95.1,121.775,0.));
#2932 = VECTOR('',#2933,1.);
#2933 = DIRECTION('',(-1.,0.,0.));
#2934 = ORIENTED_EDGE('',*,*,#2935,.F.);
#2935 = EDGE_CURVE('',#2936,#2928,#2938,.T.);
#2936 = VERTEX_POINT('',#2937);
#2937 = CARTESIAN_POINT('',(95.1,107.775,0.));
#2938 = LINE('',#2939,#2940);
#2939 = CARTESIAN_POINT('',(95.1,107.775,0.));
#2940 = VECTOR('',#2941,1.);
#2941 = DIRECTION('',(0.,1.,0.));
#2942 = ORIENTED_EDGE('',*,*,#2943,.F.);
#2943 = EDGE_CURVE('',#2920,#2936,#2944,.T.);
#2944 = LINE('',#2945,#2946);
#2945 = CARTESIAN_POINT('',(81.1,107.775,0.));
#2946 = VECTOR('',#2947,1.);
#2947 = DIRECTION('',(1.,0.,0.));
#2948 = FACE_BOUND('',#2949,.F.);
#2949 = EDGE_LOOP('',(#2950,#2960,#2968,#2976));
#2950 = ORIENTED_EDGE('',*,*,#2951,.F.);
#2951 = EDGE_CURVE('',#2952,#2954,#2956,.T.);
#2952 = VERTEX_POINT('',#2953);
#2953 = CARTESIAN_POINT('',(100.15,121.775,0.));
#2954 = VERTEX_POINT('',#2955);
#2955 = CARTESIAN_POINT('',(100.15,107.775,0.));
#2956 = LINE('',#2957,#2958);
#2957 = CARTESIAN_POINT('',(100.15,121.775,0.));
#2958 = VECTOR('',#2959,1.);
#2959 = DIRECTION('',(0.,-1.,0.));
#2960 = ORIENTED_EDGE('',*,*,#2961,.F.);
#2961 = EDGE_CURVE('',#2962,#2952,#2964,.T.);
#2962 = VERTEX_POINT('',#2963);
#2963 = CARTESIAN_POINT('',(114.15,121.775,0.));
#2964 = LINE('',#2965,#2966);
#2965 = CARTESIAN_POINT('',(114.15,121.775,0.));
#2966 = VECTOR('',#2967,1.);
#2967 = DIRECTION('',(-1.,0.,0.));
#2968 = ORIENTED_EDGE('',*,*,#2969,.F.);
#2969 = EDGE_CURVE('',#2970,#2962,#2972,.T.);
#2970 = VERTEX_POINT('',#2971);
#2971 = CARTESIAN_POINT('',(114.15,107.775,0.));
#2972 = LINE('',#2973,#2974);
#2973 = CARTESIAN_POINT('',(114.15,107.775,0.));
#2974 = VECTOR('',#2975,1.);
#2975 = DIRECTION('',(0.,1.,0.));
#2976 = ORIENTED_EDGE('',*,*,#2977,.F.);
#2977 = EDGE_CURVE('',#2954,#2970,#2978,.T.);
#2978 = LINE('',#2979,#2980);
#2979 = CARTESIAN_POINT('',(100.15,107.775,0.));
#2980 = VECTOR('',#2981,1.);
#2981 = DIRECTION('',(1.,0.,0.));
#2982 = FACE_BOUND('',#2983,.F.);
#2983 = EDGE_LOOP('',(#2984,#2994,#3002,#3010));
#2984 = ORIENTED_EDGE('',*,*,#2985,.F.);
#2985 = EDGE_CURVE('',#2986,#2988,#2990,.T.);
#2986 = VERTEX_POINT('',#2987);
#2987 = CARTESIAN_POINT('',(119.2,121.775,0.));
#2988 = VERTEX_POINT('',#2989);
#2989 = CARTESIAN_POINT('',(119.2,107.775,0.));
#2990 = LINE('',#2991,#2992);
#2991 = CARTESIAN_POINT('',(119.2,121.775,0.));
#2992 = VECTOR('',#2993,1.);
#2993 = DIRECTION('',(0.,-1.,0.));
#2994 = ORIENTED_EDGE('',*,*,#2995,.F.);
#2995 = EDGE_CURVE('',#2996,#2986,#2998,.T.);
#2996 = VERTEX_POINT('',#2997);
#2997 = CARTESIAN_POINT('',(133.2,121.775,0.));
#2998 = LINE('',#2999,#3000);
#2999 = CARTESIAN_POINT('',(133.2,121.775,0.));
#3000 = VECTOR('',#3001,1.);
#3001 = DIRECTION('',(-1.,0.,0.));
#3002 = ORIENTED_EDGE('',*,*,#3003,.F.);
#3003 = EDGE_CURVE('',#3004,#2996,#3006,.T.);
#3004 = VERTEX_POINT('',#3005);
#3005 = CARTESIAN_POINT('',(133.2,107.775,0.));
#3006 = LINE('',#3007,#3008);
#3007 = CARTESIAN_POINT('',(133.2,107.775,0.));
#3008 = VECTOR('',#3009,1.);
#3009 = DIRECTION('',(0.,1.,0.));
#3010 = ORIENTED_EDGE('',*,*,#3011,.F.);
#3011 = EDGE_CURVE('',#2988,#3004,#3012,.T.);
#3012 = LINE('',#3013,#3014);
#3013 = CARTESIAN_POINT('',(119.2,107.775,0.));
#3014 = VECTOR('',#3015,1.);
#3015 = DIRECTION('',(1.,0.,0.));
#3016 = FACE_BOUND('',#3017,.F.);
#3017 = EDGE_LOOP('',(#3018,#3028,#3036,#3044));
#3018 = ORIENTED_EDGE('',*,*,#3019,.F.);
#3019 = EDGE_CURVE('',#3020,#3022,#3024,.T.);
#3020 = VERTEX_POINT('',#3021);
#3021 = CARTESIAN_POINT('',(138.25,121.775,0.));
#3022 = VERTEX_POINT('',#3023);
#3023 = CARTESIAN_POINT('',(138.25,107.775,0.));
#3024 = LINE('',#3025,#3026);
#3025 = CARTESIAN_POINT('',(138.25,121.775,0.));
#3026 = VECTOR('',#3027,1.);
#3027 = DIRECTION('',(0.,-1.,0.));
#3028 = ORIENTED_EDGE('',*,*,#3029,.F.);
#3029 = EDGE_CURVE('',#3030,#3020,#3032,.T.);
#3030 = VERTEX_POINT('',#3031);
#3031 = CARTESIAN_POINT('',(152.25,121.775,0.));
#3032 = LINE('',#3033,#3034);
#3033 = CARTESIAN_POINT('',(152.25,121.775,0.));
#3034 = VECTOR('',#3035,1.);
#3035 = DIRECTION('',(-1.,0.,0.));
#3036 = ORIENTED_EDGE('',*,*,#3037,.F.);
#3037 = EDGE_CURVE('',#3038,#3030,#3040,.T.);
#3038 = VERTEX_POINT('',#3039);
#3039 = CARTESIAN_POINT('',(152.25,107.775,0.));
#3040 = LINE('',#3041,#3042);
#3041 = CARTESIAN_POINT('',(152.25,107.775,0.));
#3042 = VECTOR('',#3043,1.);
#3043 = DIRECTION('',(0.,1.,0.));
#3044 = ORIENTED_EDGE('',*,*,#3045,.F.);
#3045 = EDGE_CURVE('',#3022,#3038,#3046,.T.);
#3046 = LINE('',#3047,#3048);
#3047 = CARTESIAN_POINT('',(138.25,107.775,0.));
#3048 = VECTOR('',#3049,1.);
#3049 = DIRECTION('',(1.,0.,0.));
#3050 = FACE_BOUND('',#3051,.F.);
#3051 = EDGE_LOOP('',(#3052,#3062,#3070,#3078));
#3052 = ORIENTED_EDGE('',*,*,#3053,.F.);
#3053 = EDGE_CURVE('',#3054,#3056,#3058,.T.);
#3054 = VERTEX_POINT('',#3055);
#3055 = CARTESIAN_POINT('',(166.825,121.775,0.));
#3056 = VERTEX_POINT('',#3057);
#3057 = CARTESIAN_POINT('',(166.825,107.775,0.));
#3058 = LINE('',#3059,#3060);
#3059 = CARTESIAN_POINT('',(166.825,121.775,0.));
#3060 = VECTOR('',#3061,1.);
#3061 = DIRECTION('',(0.,-1.,0.));
#3062 = ORIENTED_EDGE('',*,*,#3063,.F.);
#3063 = EDGE_CURVE('',#3064,#3054,#3066,.T.);
#3064 = VERTEX_POINT('',#3065);
#3065 = CARTESIAN_POINT('',(180.825,121.775,0.));
#3066 = LINE('',#3067,#3068);
#3067 = CARTESIAN_POINT('',(180.825,121.775,0.));
#3068 = VECTOR('',#3069,1.);
#3069 = DIRECTION('',(-1.,0.,0.));
#3070 = ORIENTED_EDGE('',*,*,#3071,.F.);
#3071 = EDGE_CURVE('',#3072,#3064,#3074,.T.);
#3072 = VERTEX_POINT('',#3073);
#3073 = CARTESIAN_POINT('',(180.825,107.775,0.));
#3074 = LINE('',#3075,#3076);
#3075 = CARTESIAN_POINT('',(180.825,107.775,0.));
#3076 = VECTOR('',#3077,1.);
#3077 = DIRECTION('',(0.,1.,0.));
#3078 = ORIENTED_EDGE('',*,*,#3079,.F.);
#3079 = EDGE_CURVE('',#3056,#3072,#3080,.T.);
#3080 = LINE('',#3081,#3082);
#3081 = CARTESIAN_POINT('',(166.825,107.775,0.));
#3082 = VECTOR('',#3083,1.);
#3083 = DIRECTION('',(1.,0.,0.));
#3084 = FACE_BOUND('',#3085,.F.);
#3085 = EDGE_LOOP('',(#3086,#3096,#3104,#3112));
#3086 = ORIENTED_EDGE('',*,*,#3087,.F.);
#3087 = EDGE_CURVE('',#3088,#3090,#3092,.T.);
#3088 = VERTEX_POINT('',#3089);
#3089 = CARTESIAN_POINT('',(176.35,78.675,0.));
#3090 = VERTEX_POINT('',#3091);
#3091 = CARTESIAN_POINT('',(176.35,64.675,0.));
#3092 = LINE('',#3093,#3094);
#3093 = CARTESIAN_POINT('',(176.35,78.675,0.));
#3094 = VECTOR('',#3095,1.);
#3095 = DIRECTION('',(0.,-1.,0.));
#3096 = ORIENTED_EDGE('',*,*,#3097,.F.);
#3097 = EDGE_CURVE('',#3098,#3088,#3100,.T.);
#3098 = VERTEX_POINT('',#3099);
#3099 = CARTESIAN_POINT('',(190.35,78.675,0.));
#3100 = LINE('',#3101,#3102);
#3101 = CARTESIAN_POINT('',(190.35,78.675,0.));
#3102 = VECTOR('',#3103,1.);
#3103 = DIRECTION('',(-1.,0.,0.));
#3104 = ORIENTED_EDGE('',*,*,#3105,.F.);
#3105 = EDGE_CURVE('',#3106,#3098,#3108,.T.);
#3106 = VERTEX_POINT('',#3107);
#3107 = CARTESIAN_POINT('',(190.35,64.675,0.));
#3108 = LINE('',#3109,#3110);
#3109 = CARTESIAN_POINT('',(190.35,64.675,0.));
#3110 = VECTOR('',#3111,1.);
#3111 = DIRECTION('',(0.,1.,0.));
#3112 = ORIENTED_EDGE('',*,*,#3113,.F.);
#3113 = EDGE_CURVE('',#3090,#3106,#3114,.T.);
#3114 = LINE('',#3115,#3116);
#3115 = CARTESIAN_POINT('',(176.35,64.675,0.));
#3116 = VECTOR('',#3117,1.);
#3117 = DIRECTION('',(1.,0.,0.));
#3118 = FACE_BOUND('',#3119,.F.);
#3119 = EDGE_LOOP('',(#3120,#3130,#3138,#3146));
#3120 = ORIENTED_EDGE('',*,*,#3121,.F.);
#3121 = EDGE_CURVE('',#3122,#3124,#3126,.T.);
#3122 = VERTEX_POINT('',#3123);
#3123 = CARTESIAN_POINT('',(195.4,78.675,0.));
#3124 = VERTEX_POINT('',#3125);
#3125 = CARTESIAN_POINT('',(195.4,64.675,0.));
#3126 = LINE('',#3127,#3128);
#3127 = CARTESIAN_POINT('',(195.4,78.675,0.));
#3128 = VECTOR('',#3129,1.);
#3129 = DIRECTION('',(0.,-1.,0.));
#3130 = ORIENTED_EDGE('',*,*,#3131,.F.);
#3131 = EDGE_CURVE('',#3132,#3122,#3134,.T.);
#3132 = VERTEX_POINT('',#3133);
#3133 = CARTESIAN_POINT('',(209.4,78.675,0.));
#3134 = LINE('',#3135,#3136);
#3135 = CARTESIAN_POINT('',(209.4,78.675,0.));
#3136 = VECTOR('',#3137,1.);
#3137 = DIRECTION('',(-1.,0.,0.));
#3138 = ORIENTED_EDGE('',*,*,#3139,.F.);
#3139 = EDGE_CURVE('',#3140,#3132,#3142,.T.);
#3140 = VERTEX_POINT('',#3141);
#3141 = CARTESIAN_POINT('',(209.4,64.675,0.));
#3142 = LINE('',#3143,#3144);
#3143 = CARTESIAN_POINT('',(209.4,64.675,0.));
#3144 = VECTOR('',#3145,1.);
#3145 = DIRECTION('',(0.,1.,0.));
#3146 = ORIENTED_EDGE('',*,*,#3147,.F.);
#3147 = EDGE_CURVE('',#3124,#3140,#3148,.T.);
#3148 = LINE('',#3149,#3150);
#3149 = CARTESIAN_POINT('',(195.4,64.675,0.));
#3150 = VECTOR('',#3151,1.);
#3151 = DIRECTION('',(1.,0.,0.));
#3152 = FACE_BOUND('',#3153,.F.);
#3153 = EDGE_LOOP('',(#3154,#3164,#3172,#3180));
#3154 = ORIENTED_EDGE('',*,*,#3155,.F.);
#3155 = EDGE_CURVE('',#3156,#3158,#3160,.T.);
#3156 = VERTEX_POINT('',#3157);
#3157 = CARTESIAN_POINT('',(214.45,78.675,0.));
#3158 = VERTEX_POINT('',#3159);
#3159 = CARTESIAN_POINT('',(214.45,64.675,0.));
#3160 = LINE('',#3161,#3162);
#3161 = CARTESIAN_POINT('',(214.45,78.675,0.));
#3162 = VECTOR('',#3163,1.);
#3163 = DIRECTION('',(0.,-1.,0.));
#3164 = ORIENTED_EDGE('',*,*,#3165,.F.);
#3165 = EDGE_CURVE('',#3166,#3156,#3168,.T.);
#3166 = VERTEX_POINT('',#3167);
#3167 = CARTESIAN_POINT('',(228.45,78.675,0.));
#3168 = LINE('',#3169,#3170);
#3169 = CARTESIAN_POINT('',(228.45,78.675,0.));
#3170 = VECTOR('',#3171,1.);
#3171 = DIRECTION('',(-1.,0.,0.));
#3172 = ORIENTED_EDGE('',*,*,#3173,.F.);
#3173 = EDGE_CURVE('',#3174,#3166,#3176,.T.);
#3174 = VERTEX_POINT('',#3175);
#3175 = CARTESIAN_POINT('',(228.45,64.675,0.));
#3176 = LINE('',#3177,#3178);
#3177 = CARTESIAN_POINT('',(228.45,64.675,0.));
#3178 = VECTOR('',#3179,1.);
#3179 = DIRECTION('',(0.,1.,0.));
#3180 = ORIENTED_EDGE('',*,*,#3181,.F.);
#3181 = EDGE_CURVE('',#3158,#3174,#3182,.T.);
#3182 = LINE('',#3183,#3184);
#3183 = CARTESIAN_POINT('',(214.45,64.675,0.));
#3184 = VECTOR('',#3185,1.);
#3185 = DIRECTION('',(1.,0.,0.));
#3186 = FACE_BOUND('',#3187,.F.);
#3187 = EDGE_LOOP('',(#3188,#3198,#3206,#3214));
#3188 = ORIENTED_EDGE('',*,*,#3189,.F.);
#3189 = EDGE_CURVE('',#3190,#3192,#3194,.T.);
#3190 = VERTEX_POINT('',#3191);
#3191 = CARTESIAN_POINT('',(233.5,78.675,0.));
#3192 = VERTEX_POINT('',#3193);
#3193 = CARTESIAN_POINT('',(233.5,64.675,0.));
#3194 = LINE('',#3195,#3196);
#3195 = CARTESIAN_POINT('',(233.5,78.675,0.));
#3196 = VECTOR('',#3197,1.);
#3197 = DIRECTION('',(0.,-1.,0.));
#3198 = ORIENTED_EDGE('',*,*,#3199,.F.);
#3199 = EDGE_CURVE('',#3200,#3190,#3202,.T.);
#3200 = VERTEX_POINT('',#3201);
#3201 = CARTESIAN_POINT('',(247.5,78.675,0.));
#3202 = LINE('',#3203,#3204);
#3203 = CARTESIAN_POINT('',(247.5,78.675,0.));
#3204 = VECTOR('',#3205,1.);
#3205 = DIRECTION('',(-1.,0.,0.));
#3206 = ORIENTED_EDGE('',*,*,#3207,.F.);
#3207 = EDGE_CURVE('',#3208,#3200,#3210,.T.);
#3208 = VERTEX_POINT('',#3209);
#3209 = CARTESIAN_POINT('',(247.5,64.675,0.));
#3210 = LINE('',#3211,#3212);
#3211 = CARTESIAN_POINT('',(247.5,64.675,0.));
#3212 = VECTOR('',#3213,1.);
#3213 = DIRECTION('',(0.,1.,0.));
#3214 = ORIENTED_EDGE('',*,*,#3215,.F.);
#3215 = EDGE_CURVE('',#3192,#3208,#3216,.T.);
#3216 = LINE('',#3217,#3218);
#3217 = CARTESIAN_POINT('',(233.5,64.675,0.));
#3218 = VECTOR('',#3219,1.);
#3219 = DIRECTION('',(1.,0.,0.));
#3220 = FACE_BOUND('',#3221,.F.);
#3221 = EDGE_LOOP('',(#3222,#3232,#3240,#3248));
#3222 = ORIENTED_EDGE('',*,*,#3223,.F.);
#3223 = EDGE_CURVE('',#3224,#3226,#3228,.T.);
#3224 = VERTEX_POINT('',#3225);
#3225 = CARTESIAN_POINT('',(252.55,78.675,0.));
#3226 = VERTEX_POINT('',#3227);
#3227 = CARTESIAN_POINT('',(252.55,64.675,0.));
#3228 = LINE('',#3229,#3230);
#3229 = CARTESIAN_POINT('',(252.55,78.675,0.));
#3230 = VECTOR('',#3231,1.);
#3231 = DIRECTION('',(0.,-1.,0.));
#3232 = ORIENTED_EDGE('',*,*,#3233,.F.);
#3233 = EDGE_CURVE('',#3234,#3224,#3236,.T.);
#3234 = VERTEX_POINT('',#3235);
#3235 = CARTESIAN_POINT('',(266.55,78.675,0.));
#3236 = LINE('',#3237,#3238);
#3237 = CARTESIAN_POINT('',(266.55,78.675,0.));
#3238 = VECTOR('',#3239,1.);
#3239 = DIRECTION('',(-1.,0.,0.));
#3240 = ORIENTED_EDGE('',*,*,#3241,.F.);
#3241 = EDGE_CURVE('',#3242,#3234,#3244,.T.);
#3242 = VERTEX_POINT('',#3243);
#3243 = CARTESIAN_POINT('',(266.55,64.675,0.));
#3244 = LINE('',#3245,#3246);
#3245 = CARTESIAN_POINT('',(266.55,64.675,0.));
#3246 = VECTOR('',#3247,1.);
#3247 = DIRECTION('',(0.,1.,0.));
#3248 = ORIENTED_EDGE('',*,*,#3249,.F.);
#3249 = EDGE_CURVE('',#3226,#3242,#3250,.T.);
#3250 = LINE('',#3251,#3252);
#3251 = CARTESIAN_POINT('',(252.55,64.675,0.));
#3252 = VECTOR('',#3253,1.);
#3253 = DIRECTION('',(1.,0.,0.));
#3254 = FACE_BOUND('',#3255,.F.);
#3255 = EDGE_LOOP('',(#3256,#3266,#3274,#3282));
#3256 = ORIENTED_EDGE('',*,*,#3257,.F.);
#3257 = EDGE_CURVE('',#3258,#3260,#3262,.T.);
#3258 = VERTEX_POINT('',#3259);
#3259 = CARTESIAN_POINT('',(185.875,97.725,0.));
#3260 = VERTEX_POINT('',#3261);
#3261 = CARTESIAN_POINT('',(185.875,83.725,0.));
#3262 = LINE('',#3263,#3264);
#3263 = CARTESIAN_POINT('',(185.875,97.725,0.));
#3264 = VECTOR('',#3265,1.);
#3265 = DIRECTION('',(0.,-1.,0.));
#3266 = ORIENTED_EDGE('',*,*,#3267,.F.);
#3267 = EDGE_CURVE('',#3268,#3258,#3270,.T.);
#3268 = VERTEX_POINT('',#3269);
#3269 = CARTESIAN_POINT('',(199.875,97.725,0.));
#3270 = LINE('',#3271,#3272);
#3271 = CARTESIAN_POINT('',(199.875,97.725,0.));
#3272 = VECTOR('',#3273,1.);
#3273 = DIRECTION('',(-1.,0.,0.));
#3274 = ORIENTED_EDGE('',*,*,#3275,.F.);
#3275 = EDGE_CURVE('',#3276,#3268,#3278,.T.);
#3276 = VERTEX_POINT('',#3277);
#3277 = CARTESIAN_POINT('',(199.875,83.725,0.));
#3278 = LINE('',#3279,#3280);
#3279 = CARTESIAN_POINT('',(199.875,83.725,0.));
#3280 = VECTOR('',#3281,1.);
#3281 = DIRECTION('',(0.,1.,0.));
#3282 = ORIENTED_EDGE('',*,*,#3283,.F.);
#3283 = EDGE_CURVE('',#3260,#3276,#3284,.T.);
#3284 = LINE('',#3285,#3286);
#3285 = CARTESIAN_POINT('',(185.875,83.725,0.));
#3286 = VECTOR('',#3287,1.);
#3287 = DIRECTION('',(1.,0.,0.));
#3288 = FACE_BOUND('',#3289,.F.);
#3289 = EDGE_LOOP('',(#3290,#3300,#3308,#3316));
#3290 = ORIENTED_EDGE('',*,*,#3291,.F.);
#3291 = EDGE_CURVE('',#3292,#3294,#3296,.T.);
#3292 = VERTEX_POINT('',#3293);
#3293 = CARTESIAN_POINT('',(204.925,97.725,0.));
#3294 = VERTEX_POINT('',#3295);
#3295 = CARTESIAN_POINT('',(204.925,83.725,0.));
#3296 = LINE('',#3297,#3298);
#3297 = CARTESIAN_POINT('',(204.925,97.725,0.));
#3298 = VECTOR('',#3299,1.);
#3299 = DIRECTION('',(0.,-1.,0.));
#3300 = ORIENTED_EDGE('',*,*,#3301,.F.);
#3301 = EDGE_CURVE('',#3302,#3292,#3304,.T.);
#3302 = VERTEX_POINT('',#3303);
#3303 = CARTESIAN_POINT('',(218.925,97.725,0.));
#3304 = LINE('',#3305,#3306);
#3305 = CARTESIAN_POINT('',(218.925,97.725,0.));
#3306 = VECTOR('',#3307,1.);
#3307 = DIRECTION('',(-1.,0.,0.));
#3308 = ORIENTED_EDGE('',*,*,#3309,.F.);
#3309 = EDGE_CURVE('',#3310,#3302,#3312,.T.);
#3310 = VERTEX_POINT('',#3311);
#3311 = CARTESIAN_POINT('',(218.925,83.725,0.));
#3312 = LINE('',#3313,#3314);
#3313 = CARTESIAN_POINT('',(218.925,83.725,0.));
#3314 = VECTOR('',#3315,1.);
#3315 = DIRECTION('',(0.,1.,0.));
#3316 = ORIENTED_EDGE('',*,*,#3317,.F.);
#3317 = EDGE_CURVE('',#3294,#3310,#3318,.T.);
#3318 = LINE('',#3319,#3320);
#3319 = CARTESIAN_POINT('',(204.925,83.725,0.));
#3320 = VECTOR('',#3321,1.);
#3321 = DIRECTION('',(1.,0.,0.));
#3322 = FACE_BOUND('',#3323,.F.);
#3323 = EDGE_LOOP('',(#3324,#3334,#3342,#3350));
#3324 = ORIENTED_EDGE('',*,*,#3325,.F.);
#3325 = EDGE_CURVE('',#3326,#3328,#3330,.T.);
#3326 = VERTEX_POINT('',#3327);
#3327 = CARTESIAN_POINT('',(223.975,97.725,0.));
#3328 = VERTEX_POINT('',#3329);
#3329 = CARTESIAN_POINT('',(223.975,83.725,0.));
#3330 = LINE('',#3331,#3332);
#3331 = CARTESIAN_POINT('',(223.975,97.725,0.));
#3332 = VECTOR('',#3333,1.);
#3333 = DIRECTION('',(0.,-1.,0.));
#3334 = ORIENTED_EDGE('',*,*,#3335,.F.);
#3335 = EDGE_CURVE('',#3336,#3326,#3338,.T.);
#3336 = VERTEX_POINT('',#3337);
#3337 = CARTESIAN_POINT('',(237.975,97.725,0.));
#3338 = LINE('',#3339,#3340);
#3339 = CARTESIAN_POINT('',(237.975,97.725,0.));
#3340 = VECTOR('',#3341,1.);
#3341 = DIRECTION('',(-1.,0.,0.));
#3342 = ORIENTED_EDGE('',*,*,#3343,.F.);
#3343 = EDGE_CURVE('',#3344,#3336,#3346,.T.);
#3344 = VERTEX_POINT('',#3345);
#3345 = CARTESIAN_POINT('',(237.975,83.725,0.));
#3346 = LINE('',#3347,#3348);
#3347 = CARTESIAN_POINT('',(237.975,83.725,0.));
#3348 = VECTOR('',#3349,1.);
#3349 = DIRECTION('',(0.,1.,0.));
#3350 = ORIENTED_EDGE('',*,*,#3351,.F.);
#3351 = EDGE_CURVE('',#3328,#3344,#3352,.T.);
#3352 = LINE('',#3353,#3354);
#3353 = CARTESIAN_POINT('',(223.975,83.725,0.));
#3354 = VECTOR('',#3355,1.);
#3355 = DIRECTION('',(1.,0.,0.));
#3356 = FACE_BOUND('',#3357,.F.);
#3357 = EDGE_LOOP('',(#3358,#3368,#3376,#3384));
#3358 = ORIENTED_EDGE('',*,*,#3359,.F.);
#3359 = EDGE_CURVE('',#3360,#3362,#3364,.T.);
#3360 = VERTEX_POINT('',#3361);
#3361 = CARTESIAN_POINT('',(243.025,97.725,0.));
#3362 = VERTEX_POINT('',#3363);
#3363 = CARTESIAN_POINT('',(243.025,83.725,0.));
#3364 = LINE('',#3365,#3366);
#3365 = CARTESIAN_POINT('',(243.025,97.725,0.));
#3366 = VECTOR('',#3367,1.);
#3367 = DIRECTION('',(0.,-1.,0.));
#3368 = ORIENTED_EDGE('',*,*,#3369,.F.);
#3369 = EDGE_CURVE('',#3370,#3360,#3372,.T.);
#3370 = VERTEX_POINT('',#3371);
#3371 = CARTESIAN_POINT('',(257.025,97.725,0.));
#3372 = LINE('',#3373,#3374);
#3373 = CARTESIAN_POINT('',(257.025,97.725,0.));
#3374 = VECTOR('',#3375,1.);
#3375 = DIRECTION('',(-1.,0.,0.));
#3376 = ORIENTED_EDGE('',*,*,#3377,.F.);
#3377 = EDGE_CURVE('',#3378,#3370,#3380,.T.);
#3378 = VERTEX_POINT('',#3379);
#3379 = CARTESIAN_POINT('',(257.025,83.725,0.));
#3380 = LINE('',#3381,#3382);
#3381 = CARTESIAN_POINT('',(257.025,83.725,0.));
#3382 = VECTOR('',#3383,1.);
#3383 = DIRECTION('',(0.,1.,0.));
#3384 = ORIENTED_EDGE('',*,*,#3385,.F.);
#3385 = EDGE_CURVE('',#3362,#3378,#3386,.T.);
#3386 = LINE('',#3387,#3388);
#3387 = CARTESIAN_POINT('',(243.025,83.725,0.));
#3388 = VECTOR('',#3389,1.);
#3389 = DIRECTION('',(1.,0.,0.));
#3390 = FACE_BOUND('',#3391,.F.);
#3391 = EDGE_LOOP('',(#3392,#3402,#3410,#3418));
#3392 = ORIENTED_EDGE('',*,*,#3393,.F.);
#3393 = EDGE_CURVE('',#3394,#3396,#3398,.T.);
#3394 = VERTEX_POINT('',#3395);
#3395 = CARTESIAN_POINT('',(271.6,78.675,0.));
#3396 = VERTEX_POINT('',#3397);
#3397 = CARTESIAN_POINT('',(271.6,64.675,0.));
#3398 = LINE('',#3399,#3400);
#3399 = CARTESIAN_POINT('',(271.6,78.675,0.));
#3400 = VECTOR('',#3401,1.);
#3401 = DIRECTION('',(0.,-1.,0.));
#3402 = ORIENTED_EDGE('',*,*,#3403,.F.);
#3403 = EDGE_CURVE('',#3404,#3394,#3406,.T.);
#3404 = VERTEX_POINT('',#3405);
#3405 = CARTESIAN_POINT('',(285.6,78.675,0.));
#3406 = LINE('',#3407,#3408);
#3407 = CARTESIAN_POINT('',(285.6,78.675,0.));
#3408 = VECTOR('',#3409,1.);
#3409 = DIRECTION('',(-1.,0.,0.));
#3410 = ORIENTED_EDGE('',*,*,#3411,.F.);
#3411 = EDGE_CURVE('',#3412,#3404,#3414,.T.);
#3412 = VERTEX_POINT('',#3413);
#3413 = CARTESIAN_POINT('',(285.6,64.675,0.));
#3414 = LINE('',#3415,#3416);
#3415 = CARTESIAN_POINT('',(285.6,64.675,0.));
#3416 = VECTOR('',#3417,1.);
#3417 = DIRECTION('',(0.,1.,0.));
#3418 = ORIENTED_EDGE('',*,*,#3419,.F.);
#3419 = EDGE_CURVE('',#3396,#3412,#3420,.T.);
#3420 = LINE('',#3421,#3422);
#3421 = CARTESIAN_POINT('',(271.6,64.675,0.));
#3422 = VECTOR('',#3423,1.);
#3423 = DIRECTION('',(1.,0.,0.));
#3424 = FACE_BOUND('',#3425,.F.);
#3425 = EDGE_LOOP('',(#3426,#3436,#3444,#3452));
#3426 = ORIENTED_EDGE('',*,*,#3427,.F.);
#3427 = EDGE_CURVE('',#3428,#3430,#3432,.T.);
#3428 = VERTEX_POINT('',#3429);
#3429 = CARTESIAN_POINT('',(290.65,78.675,0.));
#3430 = VERTEX_POINT('',#3431);
#3431 = CARTESIAN_POINT('',(290.65,64.675,0.));
#3432 = LINE('',#3433,#3434);
#3433 = CARTESIAN_POINT('',(290.65,78.675,0.));
#3434 = VECTOR('',#3435,1.);
#3435 = DIRECTION('',(0.,-1.,0.));
#3436 = ORIENTED_EDGE('',*,*,#3437,.F.);
#3437 = EDGE_CURVE('',#3438,#3428,#3440,.T.);
#3438 = VERTEX_POINT('',#3439);
#3439 = CARTESIAN_POINT('',(304.65,78.675,0.));
#3440 = LINE('',#3441,#3442);
#3441 = CARTESIAN_POINT('',(304.65,78.675,0.));
#3442 = VECTOR('',#3443,1.);
#3443 = DIRECTION('',(-1.,0.,0.));
#3444 = ORIENTED_EDGE('',*,*,#3445,.F.);
#3445 = EDGE_CURVE('',#3446,#3438,#3448,.T.);
#3446 = VERTEX_POINT('',#3447);
#3447 = CARTESIAN_POINT('',(304.65,64.675,0.));
#3448 = LINE('',#3449,#3450);
#3449 = CARTESIAN_POINT('',(304.65,64.675,0.));
#3450 = VECTOR('',#3451,1.);
#3451 = DIRECTION('',(0.,1.,0.));
#3452 = ORIENTED_EDGE('',*,*,#3453,.F.);
#3453 = EDGE_CURVE('',#3430,#3446,#3454,.T.);
#3454 = LINE('',#3455,#3456);
#3455 = CARTESIAN_POINT('',(290.65,64.675,0.));
#3456 = VECTOR('',#3457,1.);
#3457 = DIRECTION('',(1.,0.,0.));
#3458 = FACE_BOUND('',#3459,.F.);
#3459 = EDGE_LOOP('',(#3460,#3470,#3478,#3486));
#3460 = ORIENTED_EDGE('',*,*,#3461,.F.);
#3461 = EDGE_CURVE('',#3462,#3464,#3466,.T.);
#3462 = VERTEX_POINT('',#3463);
#3463 = CARTESIAN_POINT('',(314.4625,78.675,0.));
#3464 = VERTEX_POINT('',#3465);
#3465 = CARTESIAN_POINT('',(314.4625,64.675,0.));
#3466 = LINE('',#3467,#3468);
#3467 = CARTESIAN_POINT('',(314.4625,78.675,0.));
#3468 = VECTOR('',#3469,1.);
#3469 = DIRECTION('',(0.,-1.,0.));
#3470 = ORIENTED_EDGE('',*,*,#3471,.F.);
#3471 = EDGE_CURVE('',#3472,#3462,#3474,.T.);
#3472 = VERTEX_POINT('',#3473);
#3473 = CARTESIAN_POINT('',(328.4625,78.675,0.));
#3474 = LINE('',#3475,#3476);
#3475 = CARTESIAN_POINT('',(328.4625,78.675,0.));
#3476 = VECTOR('',#3477,1.);
#3477 = DIRECTION('',(-1.,0.,0.));
#3478 = ORIENTED_EDGE('',*,*,#3479,.F.);
#3479 = EDGE_CURVE('',#3480,#3472,#3482,.T.);
#3480 = VERTEX_POINT('',#3481);
#3481 = CARTESIAN_POINT('',(328.4625,64.675,0.));
#3482 = LINE('',#3483,#3484);
#3483 = CARTESIAN_POINT('',(328.4625,64.675,0.));
#3484 = VECTOR('',#3485,1.);
#3485 = DIRECTION('',(0.,1.,0.));
#3486 = ORIENTED_EDGE('',*,*,#3487,.F.);
#3487 = EDGE_CURVE('',#3464,#3480,#3488,.T.);
#3488 = LINE('',#3489,#3490);
#3489 = CARTESIAN_POINT('',(314.4625,64.675,0.));
#3490 = VECTOR('',#3491,1.);
#3491 = DIRECTION('',(1.,0.,0.));
#3492 = FACE_BOUND('',#3493,.F.);
#3493 = EDGE_LOOP('',(#3494,#3504,#3512,#3520));
#3494 = ORIENTED_EDGE('',*,*,#3495,.F.);
#3495 = EDGE_CURVE('',#3496,#3498,#3500,.T.);
#3496 = VERTEX_POINT('',#3497);
#3497 = CARTESIAN_POINT('',(262.075,97.725,0.));
#3498 = VERTEX_POINT('',#3499);
#3499 = CARTESIAN_POINT('',(262.075,83.725,0.));
#3500 = LINE('',#3501,#3502);
#3501 = CARTESIAN_POINT('',(262.075,97.725,0.));
#3502 = VECTOR('',#3503,1.);
#3503 = DIRECTION('',(0.,-1.,0.));
#3504 = ORIENTED_EDGE('',*,*,#3505,.F.);
#3505 = EDGE_CURVE('',#3506,#3496,#3508,.T.);
#3506 = VERTEX_POINT('',#3507);
#3507 = CARTESIAN_POINT('',(276.075,97.725,0.));
#3508 = LINE('',#3509,#3510);
#3509 = CARTESIAN_POINT('',(276.075,97.725,0.));
#3510 = VECTOR('',#3511,1.);
#3511 = DIRECTION('',(-1.,0.,0.));
#3512 = ORIENTED_EDGE('',*,*,#3513,.F.);
#3513 = EDGE_CURVE('',#3514,#3506,#3516,.T.);
#3514 = VERTEX_POINT('',#3515);
#3515 = CARTESIAN_POINT('',(276.075,83.725,0.));
#3516 = LINE('',#3517,#3518);
#3517 = CARTESIAN_POINT('',(276.075,83.725,0.));
#3518 = VECTOR('',#3519,1.);
#3519 = DIRECTION('',(0.,1.,0.));
#3520 = ORIENTED_EDGE('',*,*,#3521,.F.);
#3521 = EDGE_CURVE('',#3498,#3514,#3522,.T.);
#3522 = LINE('',#3523,#3524);
#3523 = CARTESIAN_POINT('',(262.075,83.725,0.));
#3524 = VECTOR('',#3525,1.);
#3525 = DIRECTION('',(1.,0.,0.));
#3526 = FACE_BOUND('',#3527,.F.);
#3527 = EDGE_LOOP('',(#3528,#3538,#3546,#3554));
#3528 = ORIENTED_EDGE('',*,*,#3529,.F.);
#3529 = EDGE_CURVE('',#3530,#3532,#3534,.T.);
#3530 = VERTEX_POINT('',#3531);
#3531 = CARTESIAN_POINT('',(281.125,97.725,0.));
#3532 = VERTEX_POINT('',#3533);
#3533 = CARTESIAN_POINT('',(281.125,83.725,0.));
#3534 = LINE('',#3535,#3536);
#3535 = CARTESIAN_POINT('',(281.125,97.725,0.));
#3536 = VECTOR('',#3537,1.);
#3537 = DIRECTION('',(0.,-1.,0.));
#3538 = ORIENTED_EDGE('',*,*,#3539,.F.);
#3539 = EDGE_CURVE('',#3540,#3530,#3542,.T.);
#3540 = VERTEX_POINT('',#3541);
#3541 = CARTESIAN_POINT('',(295.125,97.725,0.));
#3542 = LINE('',#3543,#3544);
#3543 = CARTESIAN_POINT('',(295.125,97.725,0.));
#3544 = VECTOR('',#3545,1.);
#3545 = DIRECTION('',(-1.,0.,0.));
#3546 = ORIENTED_EDGE('',*,*,#3547,.F.);
#3547 = EDGE_CURVE('',#3548,#3540,#3550,.T.);
#3548 = VERTEX_POINT('',#3549);
#3549 = CARTESIAN_POINT('',(295.125,83.725,0.));
#3550 = LINE('',#3551,#3552);
#3551 = CARTESIAN_POINT('',(295.125,83.725,0.));
#3552 = VECTOR('',#3553,1.);
#3553 = DIRECTION('',(0.,1.,0.));
#3554 = ORIENTED_EDGE('',*,*,#3555,.F.);
#3555 = EDGE_CURVE('',#3532,#3548,#3556,.T.);
#3556 = LINE('',#3557,#3558);
#3557 = CARTESIAN_POINT('',(281.125,83.725,0.));
#3558 = VECTOR('',#3559,1.);
#3559 = DIRECTION('',(1.,0.,0.));
#3560 = FACE_BOUND('',#3561,.F.);
#3561 = EDGE_LOOP('',(#3562,#3572,#3580,#3588,#3596,#3604,#3612,#3620,
    #3628,#3636,#3644,#3652,#3660,#3668,#3676,#3684,#3692,#3700,#3708,
    #3716,#3724,#3732,#3740,#3748,#3756,#3764,#3772,#3780,#3788,#3796,
    #3804,#3812,#3820,#3828,#3836,#3844));
#3562 = ORIENTED_EDGE('',*,*,#3563,.F.);
#3563 = EDGE_CURVE('',#3564,#3566,#3568,.T.);
#3564 = VERTEX_POINT('',#3565);
#3565 = CARTESIAN_POINT('',(309.7,97.725,0.));
#3566 = VERTEX_POINT('',#3567);
#3567 = CARTESIAN_POINT('',(309.7,93.025,0.));
#3568 = LINE('',#3569,#3570);
#3569 = CARTESIAN_POINT('',(309.7,97.725,0.));
#3570 = VECTOR('',#3571,1.);
#3571 = DIRECTION('',(0.,-1.,0.));
#3572 = ORIENTED_EDGE('',*,*,#3573,.T.);
#3573 = EDGE_CURVE('',#3564,#3574,#3576,.T.);
#3574 = VERTEX_POINT('',#3575);
#3575 = CARTESIAN_POINT('',(323.7,97.725,0.));
#3576 = LINE('',#3577,#3578);
#3577 = CARTESIAN_POINT('',(309.7,97.725,0.));
#3578 = VECTOR('',#3579,1.);
#3579 = DIRECTION('',(1.,0.,0.));
#3580 = ORIENTED_EDGE('',*,*,#3581,.T.);
#3581 = EDGE_CURVE('',#3574,#3582,#3584,.T.);
#3582 = VERTEX_POINT('',#3583);
#3583 = CARTESIAN_POINT('',(323.7,93.025,0.));
#3584 = LINE('',#3585,#3586);
#3585 = CARTESIAN_POINT('',(323.7,97.725,0.));
#3586 = VECTOR('',#3587,1.);
#3587 = DIRECTION('',(0.,-1.,0.));
#3588 = ORIENTED_EDGE('',*,*,#3589,.T.);
#3589 = EDGE_CURVE('',#3582,#3590,#3592,.T.);
#3590 = VERTEX_POINT('',#3591);
#3591 = CARTESIAN_POINT('',(325.225,93.025,0.));
#3592 = LINE('',#3593,#3594);
#3593 = CARTESIAN_POINT('',(323.7,93.025,0.));
#3594 = VECTOR('',#3595,1.);
#3595 = DIRECTION('',(1.,0.,0.));
#3596 = ORIENTED_EDGE('',*,*,#3597,.T.);
#3597 = EDGE_CURVE('',#3590,#3598,#3600,.T.);
#3598 = VERTEX_POINT('',#3599);
#3599 = CARTESIAN_POINT('',(325.225,96.255,0.));
#3600 = LINE('',#3601,#3602);
#3601 = CARTESIAN_POINT('',(325.225,93.025,0.));
#3602 = VECTOR('',#3603,1.);
#3603 = DIRECTION('',(0.,1.,0.));
#3604 = ORIENTED_EDGE('',*,*,#3605,.T.);
#3605 = EDGE_CURVE('',#3598,#3606,#3608,.T.);
#3606 = VERTEX_POINT('',#3607);
#3607 = CARTESIAN_POINT('',(331.975,96.255,0.));
#3608 = LINE('',#3609,#3610);
#3609 = CARTESIAN_POINT('',(325.225,96.255,0.));
#3610 = VECTOR('',#3611,1.);
#3611 = DIRECTION('',(1.,0.,0.));
#3612 = ORIENTED_EDGE('',*,*,#3613,.T.);
#3613 = EDGE_CURVE('',#3606,#3614,#3616,.T.);
#3614 = VERTEX_POINT('',#3615);
#3615 = CARTESIAN_POINT('',(331.975,93.025,0.));
#3616 = LINE('',#3617,#3618);
#3617 = CARTESIAN_POINT('',(331.975,96.255,0.));
#3618 = VECTOR('',#3619,1.);
#3619 = DIRECTION('',(0.,-1.,0.));
#3620 = ORIENTED_EDGE('',*,*,#3621,.T.);
#3621 = EDGE_CURVE('',#3614,#3622,#3624,.T.);
#3622 = VERTEX_POINT('',#3623);
#3623 = CARTESIAN_POINT('',(332.8,93.025,0.));
#3624 = LINE('',#3625,#3626);
#3625 = CARTESIAN_POINT('',(331.975,93.025,0.));
#3626 = VECTOR('',#3627,1.);
#3627 = DIRECTION('',(1.,0.,0.));
#3628 = ORIENTED_EDGE('',*,*,#3629,.T.);
#3629 = EDGE_CURVE('',#3622,#3630,#3632,.T.);
#3630 = VERTEX_POINT('',#3631);
#3631 = CARTESIAN_POINT('',(332.8,90.225,0.));
#3632 = LINE('',#3633,#3634);
#3633 = CARTESIAN_POINT('',(332.8,93.025,0.));
#3634 = VECTOR('',#3635,1.);
#3635 = DIRECTION('',(0.,-1.,0.));
#3636 = ORIENTED_EDGE('',*,*,#3637,.T.);
#3637 = EDGE_CURVE('',#3630,#3638,#3640,.T.);
#3638 = VERTEX_POINT('',#3639);
#3639 = CARTESIAN_POINT('',(331.975,90.225,0.));
#3640 = LINE('',#3641,#3642);
#3641 = CARTESIAN_POINT('',(332.8,90.225,0.));
#3642 = VECTOR('',#3643,1.);
#3643 = DIRECTION('',(-1.,0.,0.));
#3644 = ORIENTED_EDGE('',*,*,#3645,.T.);
#3645 = EDGE_CURVE('',#3638,#3646,#3648,.T.);
#3646 = VERTEX_POINT('',#3647);
#3647 = CARTESIAN_POINT('',(331.975,83.955,0.));
#3648 = LINE('',#3649,#3650);
#3649 = CARTESIAN_POINT('',(331.975,90.225,0.));
#3650 = VECTOR('',#3651,1.);
#3651 = DIRECTION('',(0.,-1.,0.));
#3652 = ORIENTED_EDGE('',*,*,#3653,.T.);
#3653 = EDGE_CURVE('',#3646,#3654,#3656,.T.);
#3654 = VERTEX_POINT('',#3655);
#3655 = CARTESIAN_POINT('',(330.25,83.955,0.));
#3656 = LINE('',#3657,#3658);
#3657 = CARTESIAN_POINT('',(331.975,83.955,0.));
#3658 = VECTOR('',#3659,1.);
#3659 = DIRECTION('',(-1.,0.,0.));
#3660 = ORIENTED_EDGE('',*,*,#3661,.T.);
#3661 = EDGE_CURVE('',#3654,#3662,#3664,.T.);
#3662 = VERTEX_POINT('',#3663);
#3663 = CARTESIAN_POINT('',(330.25,82.755,0.));
#3664 = LINE('',#3665,#3666);
#3665 = CARTESIAN_POINT('',(330.25,83.955,0.));
#3666 = VECTOR('',#3667,1.);
#3667 = DIRECTION('',(0.,-1.,0.));
#3668 = ORIENTED_EDGE('',*,*,#3669,.T.);
#3669 = EDGE_CURVE('',#3662,#3670,#3672,.T.);
#3670 = VERTEX_POINT('',#3671);
#3671 = CARTESIAN_POINT('',(326.95,82.755,0.));
#3672 = LINE('',#3673,#3674);
#3673 = CARTESIAN_POINT('',(330.25,82.755,0.));
#3674 = VECTOR('',#3675,1.);
#3675 = DIRECTION('',(-1.,0.,0.));
#3676 = ORIENTED_EDGE('',*,*,#3677,.T.);
#3677 = EDGE_CURVE('',#3670,#3678,#3680,.T.);
#3678 = VERTEX_POINT('',#3679);
#3679 = CARTESIAN_POINT('',(326.95,83.955,0.));
#3680 = LINE('',#3681,#3682);
#3681 = CARTESIAN_POINT('',(326.95,82.755,0.));
#3682 = VECTOR('',#3683,1.);
#3683 = DIRECTION('',(0.,1.,0.));
#3684 = ORIENTED_EDGE('',*,*,#3685,.T.);
#3685 = EDGE_CURVE('',#3678,#3686,#3688,.T.);
#3686 = VERTEX_POINT('',#3687);
#3687 = CARTESIAN_POINT('',(325.225,83.955,0.));
#3688 = LINE('',#3689,#3690);
#3689 = CARTESIAN_POINT('',(326.95,83.955,0.));
#3690 = VECTOR('',#3691,1.);
#3691 = DIRECTION('',(-1.,0.,0.));
#3692 = ORIENTED_EDGE('',*,*,#3693,.T.);
#3693 = EDGE_CURVE('',#3686,#3694,#3696,.T.);
#3694 = VERTEX_POINT('',#3695);
#3695 = CARTESIAN_POINT('',(325.225,88.425,0.));
#3696 = LINE('',#3697,#3698);
#3697 = CARTESIAN_POINT('',(325.225,83.955,0.));
#3698 = VECTOR('',#3699,1.);
#3699 = DIRECTION('',(0.,1.,0.));
#3700 = ORIENTED_EDGE('',*,*,#3701,.T.);
#3701 = EDGE_CURVE('',#3694,#3702,#3704,.T.);
#3702 = VERTEX_POINT('',#3703);
#3703 = CARTESIAN_POINT('',(323.7,88.425,0.));
#3704 = LINE('',#3705,#3706);
#3705 = CARTESIAN_POINT('',(325.225,88.425,0.));
#3706 = VECTOR('',#3707,1.);
#3707 = DIRECTION('',(-1.,0.,0.));
#3708 = ORIENTED_EDGE('',*,*,#3709,.T.);
#3709 = EDGE_CURVE('',#3702,#3710,#3712,.T.);
#3710 = VERTEX_POINT('',#3711);
#3711 = CARTESIAN_POINT('',(323.7,83.725,0.));
#3712 = LINE('',#3713,#3714);
#3713 = CARTESIAN_POINT('',(323.7,88.425,0.));
#3714 = VECTOR('',#3715,1.);
#3715 = DIRECTION('',(0.,-1.,0.));
#3716 = ORIENTED_EDGE('',*,*,#3717,.T.);
#3717 = EDGE_CURVE('',#3710,#3718,#3720,.T.);
#3718 = VERTEX_POINT('',#3719);
#3719 = CARTESIAN_POINT('',(309.7,83.725,0.));
#3720 = LINE('',#3721,#3722);
#3721 = CARTESIAN_POINT('',(323.7,83.725,0.));
#3722 = VECTOR('',#3723,1.);
#3723 = DIRECTION('',(-1.,0.,0.));
#3724 = ORIENTED_EDGE('',*,*,#3725,.T.);
#3725 = EDGE_CURVE('',#3718,#3726,#3728,.T.);
#3726 = VERTEX_POINT('',#3727);
#3727 = CARTESIAN_POINT('',(309.7,88.425,0.));
#3728 = LINE('',#3729,#3730);
#3729 = CARTESIAN_POINT('',(309.7,83.725,0.));
#3730 = VECTOR('',#3731,1.);
#3731 = DIRECTION('',(0.,1.,0.));
#3732 = ORIENTED_EDGE('',*,*,#3733,.F.);
#3733 = EDGE_CURVE('',#3734,#3726,#3736,.T.);
#3734 = VERTEX_POINT('',#3735);
#3735 = CARTESIAN_POINT('',(308.175,88.425,0.));
#3736 = LINE('',#3737,#3738);
#3737 = CARTESIAN_POINT('',(308.175,88.425,0.));
#3738 = VECTOR('',#3739,1.);
#3739 = DIRECTION('',(1.,0.,0.));
#3740 = ORIENTED_EDGE('',*,*,#3741,.F.);
#3741 = EDGE_CURVE('',#3742,#3734,#3744,.T.);
#3742 = VERTEX_POINT('',#3743);
#3743 = CARTESIAN_POINT('',(308.175,83.955,0.));
#3744 = LINE('',#3745,#3746);
#3745 = CARTESIAN_POINT('',(308.175,83.955,0.));
#3746 = VECTOR('',#3747,1.);
#3747 = DIRECTION('',(0.,1.,0.));
#3748 = ORIENTED_EDGE('',*,*,#3749,.F.);
#3749 = EDGE_CURVE('',#3750,#3742,#3752,.T.);
#3750 = VERTEX_POINT('',#3751);
#3751 = CARTESIAN_POINT('',(306.45,83.955,0.));
#3752 = LINE('',#3753,#3754);
#3753 = CARTESIAN_POINT('',(306.45,83.955,0.));
#3754 = VECTOR('',#3755,1.);
#3755 = DIRECTION('',(1.,0.,0.));
#3756 = ORIENTED_EDGE('',*,*,#3757,.F.);
#3757 = EDGE_CURVE('',#3758,#3750,#3760,.T.);
#3758 = VERTEX_POINT('',#3759);
#3759 = CARTESIAN_POINT('',(306.45,82.755,0.));
#3760 = LINE('',#3761,#3762);
#3761 = CARTESIAN_POINT('',(306.45,82.755,0.));
#3762 = VECTOR('',#3763,1.);
#3763 = DIRECTION('',(0.,1.,0.));
#3764 = ORIENTED_EDGE('',*,*,#3765,.F.);
#3765 = EDGE_CURVE('',#3766,#3758,#3768,.T.);
#3766 = VERTEX_POINT('',#3767);
#3767 = CARTESIAN_POINT('',(303.15,82.755,0.));
#3768 = LINE('',#3769,#3770);
#3769 = CARTESIAN_POINT('',(303.15,82.755,0.));
#3770 = VECTOR('',#3771,1.);
#3771 = DIRECTION('',(1.,0.,0.));
#3772 = ORIENTED_EDGE('',*,*,#3773,.F.);
#3773 = EDGE_CURVE('',#3774,#3766,#3776,.T.);
#3774 = VERTEX_POINT('',#3775);
#3775 = CARTESIAN_POINT('',(303.15,83.955,0.));
#3776 = LINE('',#3777,#3778);
#3777 = CARTESIAN_POINT('',(303.15,83.955,0.));
#3778 = VECTOR('',#3779,1.);
#3779 = DIRECTION('',(0.,-1.,0.));
#3780 = ORIENTED_EDGE('',*,*,#3781,.F.);
#3781 = EDGE_CURVE('',#3782,#3774,#3784,.T.);
#3782 = VERTEX_POINT('',#3783);
#3783 = CARTESIAN_POINT('',(301.425,83.955,0.));
#3784 = LINE('',#3785,#3786);
#3785 = CARTESIAN_POINT('',(301.425,83.955,0.));
#3786 = VECTOR('',#3787,1.);
#3787 = DIRECTION('',(1.,0.,0.));
#3788 = ORIENTED_EDGE('',*,*,#3789,.F.);
#3789 = EDGE_CURVE('',#3790,#3782,#3792,.T.);
#3790 = VERTEX_POINT('',#3791);
#3791 = CARTESIAN_POINT('',(301.425,90.225,0.));
#3792 = LINE('',#3793,#3794);
#3793 = CARTESIAN_POINT('',(301.425,90.225,0.));
#3794 = VECTOR('',#3795,1.);
#3795 = DIRECTION('',(0.,-1.,0.));
#3796 = ORIENTED_EDGE('',*,*,#3797,.F.);
#3797 = EDGE_CURVE('',#3798,#3790,#3800,.T.);
#3798 = VERTEX_POINT('',#3799);
#3799 = CARTESIAN_POINT('',(300.6,90.225,0.));
#3800 = LINE('',#3801,#3802);
#3801 = CARTESIAN_POINT('',(300.6,90.225,0.));
#3802 = VECTOR('',#3803,1.);
#3803 = DIRECTION('',(1.,0.,0.));
#3804 = ORIENTED_EDGE('',*,*,#3805,.F.);
#3805 = EDGE_CURVE('',#3806,#3798,#3808,.T.);
#3806 = VERTEX_POINT('',#3807);
#3807 = CARTESIAN_POINT('',(300.6,93.025,0.));
#3808 = LINE('',#3809,#3810);
#3809 = CARTESIAN_POINT('',(300.6,93.025,0.));
#3810 = VECTOR('',#3811,1.);
#3811 = DIRECTION('',(0.,-1.,0.));
#3812 = ORIENTED_EDGE('',*,*,#3813,.F.);
#3813 = EDGE_CURVE('',#3814,#3806,#3816,.T.);
#3814 = VERTEX_POINT('',#3815);
#3815 = CARTESIAN_POINT('',(301.425,93.025,0.));
#3816 = LINE('',#3817,#3818);
#3817 = CARTESIAN_POINT('',(301.425,93.025,0.));
#3818 = VECTOR('',#3819,1.);
#3819 = DIRECTION('',(-1.,0.,0.));
#3820 = ORIENTED_EDGE('',*,*,#3821,.F.);
#3821 = EDGE_CURVE('',#3822,#3814,#3824,.T.);
#3822 = VERTEX_POINT('',#3823);
#3823 = CARTESIAN_POINT('',(301.425,96.255,0.));
#3824 = LINE('',#3825,#3826);
#3825 = CARTESIAN_POINT('',(301.425,96.255,0.));
#3826 = VECTOR('',#3827,1.);
#3827 = DIRECTION('',(0.,-1.,0.));
#3828 = ORIENTED_EDGE('',*,*,#3829,.T.);
#3829 = EDGE_CURVE('',#3822,#3830,#3832,.T.);
#3830 = VERTEX_POINT('',#3831);
#3831 = CARTESIAN_POINT('',(308.175,96.255,0.));
#3832 = LINE('',#3833,#3834);
#3833 = CARTESIAN_POINT('',(301.425,96.255,0.));
#3834 = VECTOR('',#3835,1.);
#3835 = DIRECTION('',(1.,0.,0.));
#3836 = ORIENTED_EDGE('',*,*,#3837,.F.);
#3837 = EDGE_CURVE('',#3838,#3830,#3840,.T.);
#3838 = VERTEX_POINT('',#3839);
#3839 = CARTESIAN_POINT('',(308.175,93.025,0.));
#3840 = LINE('',#3841,#3842);
#3841 = CARTESIAN_POINT('',(308.175,93.025,0.));
#3842 = VECTOR('',#3843,1.);
#3843 = DIRECTION('',(0.,1.,0.));
#3844 = ORIENTED_EDGE('',*,*,#3845,.F.);
#3845 = EDGE_CURVE('',#3566,#3838,#3846,.T.);
#3846 = LINE('',#3847,#3848);
#3847 = CARTESIAN_POINT('',(309.7,93.025,0.));
#3848 = VECTOR('',#3849,1.);
#3849 = DIRECTION('',(-1.,0.,0.));
#3850 = FACE_BOUND('',#3851,.F.);
#3851 = EDGE_LOOP('',(#3852,#3862,#3870,#3878));
#3852 = ORIENTED_EDGE('',*,*,#3853,.F.);
#3853 = EDGE_CURVE('',#3854,#3856,#3858,.T.);
#3854 = VERTEX_POINT('',#3855);
#3855 = CARTESIAN_POINT('',(185.875,121.775,0.));
#3856 = VERTEX_POINT('',#3857);
#3857 = CARTESIAN_POINT('',(185.875,107.775,0.));
#3858 = LINE('',#3859,#3860);
#3859 = CARTESIAN_POINT('',(185.875,121.775,0.));
#3860 = VECTOR('',#3861,1.);
#3861 = DIRECTION('',(0.,-1.,0.));
#3862 = ORIENTED_EDGE('',*,*,#3863,.F.);
#3863 = EDGE_CURVE('',#3864,#3854,#3866,.T.);
#3864 = VERTEX_POINT('',#3865);
#3865 = CARTESIAN_POINT('',(199.875,121.775,0.));
#3866 = LINE('',#3867,#3868);
#3867 = CARTESIAN_POINT('',(199.875,121.775,0.));
#3868 = VECTOR('',#3869,1.);
#3869 = DIRECTION('',(-1.,0.,0.));
#3870 = ORIENTED_EDGE('',*,*,#3871,.F.);
#3871 = EDGE_CURVE('',#3872,#3864,#3874,.T.);
#3872 = VERTEX_POINT('',#3873);
#3873 = CARTESIAN_POINT('',(199.875,107.775,0.));
#3874 = LINE('',#3875,#3876);
#3875 = CARTESIAN_POINT('',(199.875,107.775,0.));
#3876 = VECTOR('',#3877,1.);
#3877 = DIRECTION('',(0.,1.,0.));
#3878 = ORIENTED_EDGE('',*,*,#3879,.F.);
#3879 = EDGE_CURVE('',#3856,#3872,#3880,.T.);
#3880 = LINE('',#3881,#3882);
#3881 = CARTESIAN_POINT('',(185.875,107.775,0.));
#3882 = VECTOR('',#3883,1.);
#3883 = DIRECTION('',(1.,0.,0.));
#3884 = FACE_BOUND('',#3885,.F.);
#3885 = EDGE_LOOP('',(#3886,#3896,#3904,#3912));
#3886 = ORIENTED_EDGE('',*,*,#3887,.F.);
#3887 = EDGE_CURVE('',#3888,#3890,#3892,.T.);
#3888 = VERTEX_POINT('',#3889);
#3889 = CARTESIAN_POINT('',(204.925,121.775,0.));
#3890 = VERTEX_POINT('',#3891);
#3891 = CARTESIAN_POINT('',(204.925,107.775,0.));
#3892 = LINE('',#3893,#3894);
#3893 = CARTESIAN_POINT('',(204.925,121.775,0.));
#3894 = VECTOR('',#3895,1.);
#3895 = DIRECTION('',(0.,-1.,0.));
#3896 = ORIENTED_EDGE('',*,*,#3897,.F.);
#3897 = EDGE_CURVE('',#3898,#3888,#3900,.T.);
#3898 = VERTEX_POINT('',#3899);
#3899 = CARTESIAN_POINT('',(218.925,121.775,0.));
#3900 = LINE('',#3901,#3902);
#3901 = CARTESIAN_POINT('',(218.925,121.775,0.));
#3902 = VECTOR('',#3903,1.);
#3903 = DIRECTION('',(-1.,0.,0.));
#3904 = ORIENTED_EDGE('',*,*,#3905,.F.);
#3905 = EDGE_CURVE('',#3906,#3898,#3908,.T.);
#3906 = VERTEX_POINT('',#3907);
#3907 = CARTESIAN_POINT('',(218.925,107.775,0.));
#3908 = LINE('',#3909,#3910);
#3909 = CARTESIAN_POINT('',(218.925,107.775,0.));
#3910 = VECTOR('',#3911,1.);
#3911 = DIRECTION('',(0.,1.,0.));
#3912 = ORIENTED_EDGE('',*,*,#3913,.F.);
#3913 = EDGE_CURVE('',#3890,#3906,#3914,.T.);
#3914 = LINE('',#3915,#3916);
#3915 = CARTESIAN_POINT('',(204.925,107.775,0.));
#3916 = VECTOR('',#3917,1.);
#3917 = DIRECTION('',(1.,0.,0.));
#3918 = FACE_BOUND('',#3919,.F.);
#3919 = EDGE_LOOP('',(#3920,#3930,#3938,#3946));
#3920 = ORIENTED_EDGE('',*,*,#3921,.F.);
#3921 = EDGE_CURVE('',#3922,#3924,#3926,.T.);
#3922 = VERTEX_POINT('',#3923);
#3923 = CARTESIAN_POINT('',(223.975,121.775,0.));
#3924 = VERTEX_POINT('',#3925);
#3925 = CARTESIAN_POINT('',(223.975,107.775,0.));
#3926 = LINE('',#3927,#3928);
#3927 = CARTESIAN_POINT('',(223.975,121.775,0.));
#3928 = VECTOR('',#3929,1.);
#3929 = DIRECTION('',(0.,-1.,0.));
#3930 = ORIENTED_EDGE('',*,*,#3931,.F.);
#3931 = EDGE_CURVE('',#3932,#3922,#3934,.T.);
#3932 = VERTEX_POINT('',#3933);
#3933 = CARTESIAN_POINT('',(237.975,121.775,0.));
#3934 = LINE('',#3935,#3936);
#3935 = CARTESIAN_POINT('',(237.975,121.775,0.));
#3936 = VECTOR('',#3937,1.);
#3937 = DIRECTION('',(-1.,0.,0.));
#3938 = ORIENTED_EDGE('',*,*,#3939,.F.);
#3939 = EDGE_CURVE('',#3940,#3932,#3942,.T.);
#3940 = VERTEX_POINT('',#3941);
#3941 = CARTESIAN_POINT('',(237.975,107.775,0.));
#3942 = LINE('',#3943,#3944);
#3943 = CARTESIAN_POINT('',(237.975,107.775,0.));
#3944 = VECTOR('',#3945,1.);
#3945 = DIRECTION('',(0.,1.,0.));
#3946 = ORIENTED_EDGE('',*,*,#3947,.F.);
#3947 = EDGE_CURVE('',#3924,#3940,#3948,.T.);
#3948 = LINE('',#3949,#3950);
#3949 = CARTESIAN_POINT('',(223.975,107.775,0.));
#3950 = VECTOR('',#3951,1.);
#3951 = DIRECTION('',(1.,0.,0.));
#3952 = FACE_BOUND('',#3953,.F.);
#3953 = EDGE_LOOP('',(#3954,#3964,#3972,#3980));
#3954 = ORIENTED_EDGE('',*,*,#3955,.F.);
#3955 = EDGE_CURVE('',#3956,#3958,#3960,.T.);
#3956 = VERTEX_POINT('',#3957);
#3957 = CARTESIAN_POINT('',(252.55,121.775,0.));
#3958 = VERTEX_POINT('',#3959);
#3959 = CARTESIAN_POINT('',(252.55,107.775,0.));
#3960 = LINE('',#3961,#3962);
#3961 = CARTESIAN_POINT('',(252.55,121.775,0.));
#3962 = VECTOR('',#3963,1.);
#3963 = DIRECTION('',(0.,-1.,0.));
#3964 = ORIENTED_EDGE('',*,*,#3965,.F.);
#3965 = EDGE_CURVE('',#3966,#3956,#3968,.T.);
#3966 = VERTEX_POINT('',#3967);
#3967 = CARTESIAN_POINT('',(266.55,121.775,0.));
#3968 = LINE('',#3969,#3970);
#3969 = CARTESIAN_POINT('',(266.55,121.775,0.));
#3970 = VECTOR('',#3971,1.);
#3971 = DIRECTION('',(-1.,0.,0.));
#3972 = ORIENTED_EDGE('',*,*,#3973,.F.);
#3973 = EDGE_CURVE('',#3974,#3966,#3976,.T.);
#3974 = VERTEX_POINT('',#3975);
#3975 = CARTESIAN_POINT('',(266.55,107.775,0.));
#3976 = LINE('',#3977,#3978);
#3977 = CARTESIAN_POINT('',(266.55,107.775,0.));
#3978 = VECTOR('',#3979,1.);
#3979 = DIRECTION('',(0.,1.,0.));
#3980 = ORIENTED_EDGE('',*,*,#3981,.F.);
#3981 = EDGE_CURVE('',#3958,#3974,#3982,.T.);
#3982 = LINE('',#3983,#3984);
#3983 = CARTESIAN_POINT('',(252.55,107.775,0.));
#3984 = VECTOR('',#3985,1.);
#3985 = DIRECTION('',(1.,0.,0.));
#3986 = FACE_BOUND('',#3987,.F.);
#3987 = EDGE_LOOP('',(#3988));
#3988 = ORIENTED_EDGE('',*,*,#3989,.F.);
#3989 = EDGE_CURVE('',#3990,#3990,#3992,.T.);
#3990 = VERTEX_POINT('',#3991);
#3991 = CARTESIAN_POINT('',(348.875,97.25,0.));
#3992 = CIRCLE('',#3993,1.1);
#3993 = AXIS2_PLACEMENT_3D('',#3994,#3995,#3996);
#3994 = CARTESIAN_POINT('',(347.775,97.25,0.));
#3995 = DIRECTION('',(0.,0.,1.));
#3996 = DIRECTION('',(1.,0.,0.));
#3997 = FACE_BOUND('',#3998,.F.);
#3998 = EDGE_LOOP('',(#3999,#4009,#4017,#4025));
#3999 = ORIENTED_EDGE('',*,*,#4000,.F.);
#4000 = EDGE_CURVE('',#4001,#4003,#4005,.T.);
#4001 = VERTEX_POINT('',#4002);
#4002 = CARTESIAN_POINT('',(271.6,121.775,0.));
#4003 = VERTEX_POINT('',#4004);
#4004 = CARTESIAN_POINT('',(271.6,107.775,0.));
#4005 = LINE('',#4006,#4007);
#4006 = CARTESIAN_POINT('',(271.6,121.775,0.));
#4007 = VECTOR('',#4008,1.);
#4008 = DIRECTION('',(0.,-1.,0.));
#4009 = ORIENTED_EDGE('',*,*,#4010,.F.);
#4010 = EDGE_CURVE('',#4011,#4001,#4013,.T.);
#4011 = VERTEX_POINT('',#4012);
#4012 = CARTESIAN_POINT('',(285.6,121.775,0.));
#4013 = LINE('',#4014,#4015);
#4014 = CARTESIAN_POINT('',(285.6,121.775,0.));
#4015 = VECTOR('',#4016,1.);
#4016 = DIRECTION('',(-1.,0.,0.));
#4017 = ORIENTED_EDGE('',*,*,#4018,.F.);
#4018 = EDGE_CURVE('',#4019,#4011,#4021,.T.);
#4019 = VERTEX_POINT('',#4020);
#4020 = CARTESIAN_POINT('',(285.6,107.775,0.));
#4021 = LINE('',#4022,#4023);
#4022 = CARTESIAN_POINT('',(285.6,107.775,0.));
#4023 = VECTOR('',#4024,1.);
#4024 = DIRECTION('',(0.,1.,0.));
#4025 = ORIENTED_EDGE('',*,*,#4026,.F.);
#4026 = EDGE_CURVE('',#4003,#4019,#4027,.T.);
#4027 = LINE('',#4028,#4029);
#4028 = CARTESIAN_POINT('',(271.6,107.775,0.));
#4029 = VECTOR('',#4030,1.);
#4030 = DIRECTION('',(1.,0.,0.));
#4031 = FACE_BOUND('',#4032,.F.);
#4032 = EDGE_LOOP('',(#4033,#4043,#4051,#4059));
#4033 = ORIENTED_EDGE('',*,*,#4034,.F.);
#4034 = EDGE_CURVE('',#4035,#4037,#4039,.T.);
#4035 = VERTEX_POINT('',#4036);
#4036 = CARTESIAN_POINT('',(290.65,121.775,0.));
#4037 = VERTEX_POINT('',#4038);
#4038 = CARTESIAN_POINT('',(290.65,107.775,0.));
#4039 = LINE('',#4040,#4041);
#4040 = CARTESIAN_POINT('',(290.65,121.775,0.));
#4041 = VECTOR('',#4042,1.);
#4042 = DIRECTION('',(0.,-1.,0.));
#4043 = ORIENTED_EDGE('',*,*,#4044,.F.);
#4044 = EDGE_CURVE('',#4045,#4035,#4047,.T.);
#4045 = VERTEX_POINT('',#4046);
#4046 = CARTESIAN_POINT('',(304.65,121.775,0.));
#4047 = LINE('',#4048,#4049);
#4048 = CARTESIAN_POINT('',(304.65,121.775,0.));
#4049 = VECTOR('',#4050,1.);
#4050 = DIRECTION('',(-1.,0.,0.));
#4051 = ORIENTED_EDGE('',*,*,#4052,.F.);
#4052 = EDGE_CURVE('',#4053,#4045,#4055,.T.);
#4053 = VERTEX_POINT('',#4054);
#4054 = CARTESIAN_POINT('',(304.65,107.775,0.));
#4055 = LINE('',#4056,#4057);
#4056 = CARTESIAN_POINT('',(304.65,107.775,0.));
#4057 = VECTOR('',#4058,1.);
#4058 = DIRECTION('',(0.,1.,0.));
#4059 = ORIENTED_EDGE('',*,*,#4060,.F.);
#4060 = EDGE_CURVE('',#4037,#4053,#4061,.T.);
#4061 = LINE('',#4062,#4063);
#4062 = CARTESIAN_POINT('',(290.65,107.775,0.));
#4063 = VECTOR('',#4064,1.);
#4064 = DIRECTION('',(1.,0.,0.));
#4065 = FACE_BOUND('',#4066,.F.);
#4066 = EDGE_LOOP('',(#4067,#4077,#4085,#4093));
#4067 = ORIENTED_EDGE('',*,*,#4068,.F.);
#4068 = EDGE_CURVE('',#4069,#4071,#4073,.T.);
#4069 = VERTEX_POINT('',#4070);
#4070 = CARTESIAN_POINT('',(309.7,121.775,0.));
#4071 = VERTEX_POINT('',#4072);
#4072 = CARTESIAN_POINT('',(309.7,107.775,0.));
#4073 = LINE('',#4074,#4075);
#4074 = CARTESIAN_POINT('',(309.7,121.775,0.));
#4075 = VECTOR('',#4076,1.);
#4076 = DIRECTION('',(0.,-1.,0.));
#4077 = ORIENTED_EDGE('',*,*,#4078,.F.);
#4078 = EDGE_CURVE('',#4079,#4069,#4081,.T.);
#4079 = VERTEX_POINT('',#4080);
#4080 = CARTESIAN_POINT('',(323.7,121.775,0.));
#4081 = LINE('',#4082,#4083);
#4082 = CARTESIAN_POINT('',(323.7,121.775,0.));
#4083 = VECTOR('',#4084,1.);
#4084 = DIRECTION('',(-1.,0.,0.));
#4085 = ORIENTED_EDGE('',*,*,#4086,.F.);
#4086 = EDGE_CURVE('',#4087,#4079,#4089,.T.);
#4087 = VERTEX_POINT('',#4088);
#4088 = CARTESIAN_POINT('',(323.7,107.775,0.));
#4089 = LINE('',#4090,#4091);
#4090 = CARTESIAN_POINT('',(323.7,107.775,0.));
#4091 = VECTOR('',#4092,1.);
#4092 = DIRECTION('',(0.,1.,0.));
#4093 = ORIENTED_EDGE('',*,*,#4094,.F.);
#4094 = EDGE_CURVE('',#4071,#4087,#4095,.T.);
#4095 = LINE('',#4096,#4097);
#4096 = CARTESIAN_POINT('',(309.7,107.775,0.));
#4097 = VECTOR('',#4098,1.);
#4098 = DIRECTION('',(1.,0.,0.));
#4099 = FACE_BOUND('',#4100,.F.);
#4100 = EDGE_LOOP('',(#4101,#4111,#4119,#4127));
#4101 = ORIENTED_EDGE('',*,*,#4102,.F.);
#4102 = EDGE_CURVE('',#4103,#4105,#4107,.T.);
#4103 = VERTEX_POINT('',#4104);
#4104 = CARTESIAN_POINT('',(338.275,121.775,0.));
#4105 = VERTEX_POINT('',#4106);
#4106 = CARTESIAN_POINT('',(338.275,107.775,0.));
#4107 = LINE('',#4108,#4109);
#4108 = CARTESIAN_POINT('',(338.275,121.775,0.));
#4109 = VECTOR('',#4110,1.);
#4110 = DIRECTION('',(0.,-1.,0.));
#4111 = ORIENTED_EDGE('',*,*,#4112,.F.);
#4112 = EDGE_CURVE('',#4113,#4103,#4115,.T.);
#4113 = VERTEX_POINT('',#4114);
#4114 = CARTESIAN_POINT('',(352.275,121.775,0.));
#4115 = LINE('',#4116,#4117);
#4116 = CARTESIAN_POINT('',(352.275,121.775,0.));
#4117 = VECTOR('',#4118,1.);
#4118 = DIRECTION('',(-1.,0.,0.));
#4119 = ORIENTED_EDGE('',*,*,#4120,.F.);
#4120 = EDGE_CURVE('',#4121,#4113,#4123,.T.);
#4121 = VERTEX_POINT('',#4122);
#4122 = CARTESIAN_POINT('',(352.275,107.775,0.));
#4123 = LINE('',#4124,#4125);
#4124 = CARTESIAN_POINT('',(352.275,107.775,0.));
#4125 = VECTOR('',#4126,1.);
#4126 = DIRECTION('',(0.,1.,0.));
#4127 = ORIENTED_EDGE('',*,*,#4128,.F.);
#4128 = EDGE_CURVE('',#4105,#4121,#4129,.T.);
#4129 = LINE('',#4130,#4131);
#4130 = CARTESIAN_POINT('',(338.275,107.775,0.));
#4131 = VECTOR('',#4132,1.);
#4132 = DIRECTION('',(1.,0.,0.));
#4133 = FACE_BOUND('',#4134,.F.);
#4134 = EDGE_LOOP('',(#4135));
#4135 = ORIENTED_EDGE('',*,*,#4136,.F.);
#4136 = EDGE_CURVE('',#4137,#4137,#4139,.T.);
#4137 = VERTEX_POINT('',#4138);
#4138 = CARTESIAN_POINT('',(340.15,26.55,5.662137425588E-15));
#4139 = CIRCLE('',#4140,1.9);
#4140 = AXIS2_PLACEMENT_3D('',#4141,#4142,#4143);
#4141 = CARTESIAN_POINT('',(338.25,26.55,0.));
#4142 = DIRECTION('',(0.,-0.,1.));
#4143 = DIRECTION('',(1.,3.229739708E-15,0.));
#4144 = FACE_BOUND('',#4145,.F.);
#4145 = EDGE_LOOP('',(#4146));
#4146 = ORIENTED_EDGE('',*,*,#4147,.F.);
#4147 = EDGE_CURVE('',#4148,#4148,#4150,.T.);
#4148 = VERTEX_POINT('',#4149);
#4149 = CARTESIAN_POINT('',(49.4,102.75,-1.554312234475E-15));
#4150 = CIRCLE('',#4151,1.9);
#4151 = AXIS2_PLACEMENT_3D('',#4152,#4153,#4154);
#4152 = CARTESIAN_POINT('',(47.5,102.75,0.));
#4153 = DIRECTION('',(0.,0.,1.));
#4154 = DIRECTION('',(1.,0.,0.));
#4155 = FACE_BOUND('',#4156,.F.);
#4156 = EDGE_LOOP('',(#4157));
#4157 = ORIENTED_EDGE('',*,*,#4158,.F.);
#4158 = EDGE_CURVE('',#4159,#4159,#4161,.T.);
#4159 = VERTEX_POINT('',#4160);
#4160 = CARTESIAN_POINT('',(49.4,26.55,-1.554312234475E-15));
#4161 = CIRCLE('',#4162,1.9);
#4162 = AXIS2_PLACEMENT_3D('',#4163,#4164,#4165);
#4163 = CARTESIAN_POINT('',(47.5,26.55,0.));
#4164 = DIRECTION('',(0.,-0.,1.));
#4165 = DIRECTION('',(1.,3.229739708E-15,0.));
#4166 = PLANE('',#4167);
#4167 = AXIS2_PLACEMENT_3D('',#4168,#4169,#4170);
#4168 = CARTESIAN_POINT('',(179.9,64.65,0.));
#4169 = DIRECTION('',(0.,0.,1.));
#4170 = DIRECTION('',(1.,0.,0.));
#4171 = ADVANCED_FACE('',(#4172),#4191,.F.);
#4172 = FACE_BOUND('',#4173,.F.);
#4173 = EDGE_LOOP('',(#4174,#4182,#4183,#4184));
#4174 = ORIENTED_EDGE('',*,*,#4175,.F.);
#4175 = EDGE_CURVE('',#22,#4176,#4178,.T.);
#4176 = VERTEX_POINT('',#4177);
#4177 = CARTESIAN_POINT('',(339.35,102.75,0.8));
#4178 = LINE('',#4179,#4180);
#4179 = CARTESIAN_POINT('',(339.35,102.75,0.8));
#4180 = VECTOR('',#4181,1.);
#4181 = DIRECTION('',(-0.707106781187,0.,0.707106781187));
#4182 = ORIENTED_EDGE('',*,*,#21,.T.);
#4183 = ORIENTED_EDGE('',*,*,#4175,.T.);
#4184 = ORIENTED_EDGE('',*,*,#4185,.F.);
#4185 = EDGE_CURVE('',#4176,#4176,#4186,.T.);
#4186 = CIRCLE('',#4187,1.1);
#4187 = AXIS2_PLACEMENT_3D('',#4188,#4189,#4190);
#4188 = CARTESIAN_POINT('',(338.25,102.75,0.8));
#4189 = DIRECTION('',(0.,0.,1.));
#4190 = DIRECTION('',(1.,0.,0.));
#4191 = CONICAL_SURFACE('',#4192,1.1,0.785398163397);
#4192 = AXIS2_PLACEMENT_3D('',#4193,#4194,#4195);
#4193 = CARTESIAN_POINT('',(338.25,102.75,0.8));
#4194 = DIRECTION('',(-0.,-0.,-1.));
#4195 = DIRECTION('',(1.,0.,0.));
#4196 = ADVANCED_FACE('',(#4197),#4222,.F.);
#4197 = FACE_BOUND('',#4198,.F.);
#4198 = EDGE_LOOP('',(#4199,#4207,#4215,#4221));
#4199 = ORIENTED_EDGE('',*,*,#4200,.T.);
#4200 = EDGE_CURVE('',#33,#4201,#4203,.T.);
#4201 = VERTEX_POINT('',#4202);
#4202 = CARTESIAN_POINT('',(5.,123.3,1.));
#4203 = LINE('',#4204,#4205);
#4204 = CARTESIAN_POINT('',(5.,123.3,0.));
#4205 = VECTOR('',#4206,1.);
#4206 = DIRECTION('',(0.,0.,1.));
#4207 = ORIENTED_EDGE('',*,*,#4208,.T.);
#4208 = EDGE_CURVE('',#4201,#4209,#4211,.T.);
#4209 = VERTEX_POINT('',#4210);
#4210 = CARTESIAN_POINT('',(5.,6.,1.));
#4211 = LINE('',#4212,#4213);
#4212 = CARTESIAN_POINT('',(5.,123.3,1.));
#4213 = VECTOR('',#4214,1.);
#4214 = DIRECTION('',(0.,-1.,0.));
#4215 = ORIENTED_EDGE('',*,*,#4216,.F.);
#4216 = EDGE_CURVE('',#35,#4209,#4217,.T.);
#4217 = LINE('',#4218,#4219);
#4218 = CARTESIAN_POINT('',(5.,6.,0.));
#4219 = VECTOR('',#4220,1.);
#4220 = DIRECTION('',(0.,0.,1.));
#4221 = ORIENTED_EDGE('',*,*,#32,.F.);
#4222 = PLANE('',#4223);
#4223 = AXIS2_PLACEMENT_3D('',#4224,#4225,#4226);
#4224 = CARTESIAN_POINT('',(5.,123.3,0.));
#4225 = DIRECTION('',(1.,0.,0.));
#4226 = DIRECTION('',(0.,-1.,0.));
#4227 = ADVANCED_FACE('',(#4228),#4247,.T.);
#4228 = FACE_BOUND('',#4229,.F.);
#4229 = EDGE_LOOP('',(#4230,#4238,#4245,#4246));
#4230 = ORIENTED_EDGE('',*,*,#4231,.T.);
#4231 = EDGE_CURVE('',#86,#4232,#4234,.T.);
#4232 = VERTEX_POINT('',#4233);
#4233 = CARTESIAN_POINT('',(6.,124.3,1.));
#4234 = LINE('',#4235,#4236);
#4235 = CARTESIAN_POINT('',(6.,124.3,0.));
#4236 = VECTOR('',#4237,1.);
#4237 = DIRECTION('',(0.,0.,1.));
#4238 = ORIENTED_EDGE('',*,*,#4239,.T.);
#4239 = EDGE_CURVE('',#4232,#4201,#4240,.T.);
#4240 = CIRCLE('',#4241,1.);
#4241 = AXIS2_PLACEMENT_3D('',#4242,#4243,#4244);
#4242 = CARTESIAN_POINT('',(6.,123.3,1.));
#4243 = DIRECTION('',(0.,0.,1.));
#4244 = DIRECTION('',(1.,0.,0.));
#4245 = ORIENTED_EDGE('',*,*,#4200,.F.);
#4246 = ORIENTED_EDGE('',*,*,#93,.F.);
#4247 = CYLINDRICAL_SURFACE('',#4248,1.);
#4248 = AXIS2_PLACEMENT_3D('',#4249,#4250,#4251);
#4249 = CARTESIAN_POINT('',(6.,123.3,0.));
#4250 = DIRECTION('',(-0.,-0.,-1.));
#4251 = DIRECTION('',(1.,0.,0.));
#4252 = ADVANCED_FACE('',(#4253),#4272,.T.);
#4253 = FACE_BOUND('',#4254,.F.);
#4254 = EDGE_LOOP('',(#4255,#4256,#4265,#4271));
#4255 = ORIENTED_EDGE('',*,*,#4216,.T.);
#4256 = ORIENTED_EDGE('',*,*,#4257,.T.);
#4257 = EDGE_CURVE('',#4209,#4258,#4260,.T.);
#4258 = VERTEX_POINT('',#4259);
#4259 = CARTESIAN_POINT('',(6.,5.,1.));
#4260 = CIRCLE('',#4261,1.);
#4261 = AXIS2_PLACEMENT_3D('',#4262,#4263,#4264);
#4262 = CARTESIAN_POINT('',(6.,6.,1.));
#4263 = DIRECTION('',(0.,0.,1.));
#4264 = DIRECTION('',(1.,0.,0.));
#4265 = ORIENTED_EDGE('',*,*,#4266,.F.);
#4266 = EDGE_CURVE('',#43,#4258,#4267,.T.);
#4267 = LINE('',#4268,#4269);
#4268 = CARTESIAN_POINT('',(6.,5.,0.));
#4269 = VECTOR('',#4270,1.);
#4270 = DIRECTION('',(0.,0.,1.));
#4271 = ORIENTED_EDGE('',*,*,#42,.F.);
#4272 = CYLINDRICAL_SURFACE('',#4273,1.);
#4273 = AXIS2_PLACEMENT_3D('',#4274,#4275,#4276);
#4274 = CARTESIAN_POINT('',(6.,6.,0.));
#4275 = DIRECTION('',(-0.,-0.,-1.));
#4276 = DIRECTION('',(1.,0.,0.));
#4277 = ADVANCED_FACE('',(#4278),#4296,.F.);
#4278 = FACE_BOUND('',#4279,.F.);
#4279 = EDGE_LOOP('',(#4280,#4288,#4294,#4295));
#4280 = ORIENTED_EDGE('',*,*,#4281,.T.);
#4281 = EDGE_CURVE('',#77,#4282,#4284,.T.);
#4282 = VERTEX_POINT('',#4283);
#4283 = CARTESIAN_POINT('',(353.8,124.3,1.));
#4284 = LINE('',#4285,#4286);
#4285 = CARTESIAN_POINT('',(353.8,124.3,0.));
#4286 = VECTOR('',#4287,1.);
#4287 = DIRECTION('',(0.,0.,1.));
#4288 = ORIENTED_EDGE('',*,*,#4289,.T.);
#4289 = EDGE_CURVE('',#4282,#4232,#4290,.T.);
#4290 = LINE('',#4291,#4292);
#4291 = CARTESIAN_POINT('',(353.8,124.3,1.));
#4292 = VECTOR('',#4293,1.);
#4293 = DIRECTION('',(-1.,0.,0.));
#4294 = ORIENTED_EDGE('',*,*,#4231,.F.);
#4295 = ORIENTED_EDGE('',*,*,#85,.F.);
#4296 = PLANE('',#4297);
#4297 = AXIS2_PLACEMENT_3D('',#4298,#4299,#4300);
#4298 = CARTESIAN_POINT('',(353.8,124.3,0.));
#4299 = DIRECTION('',(0.,-1.,0.));
#4300 = DIRECTION('',(-1.,0.,0.));
#4301 = ADVANCED_FACE('',(#4302),#4320,.F.);
#4302 = FACE_BOUND('',#4303,.F.);
#4303 = EDGE_LOOP('',(#4304,#4305,#4313,#4319));
#4304 = ORIENTED_EDGE('',*,*,#4266,.T.);
#4305 = ORIENTED_EDGE('',*,*,#4306,.T.);
#4306 = EDGE_CURVE('',#4258,#4307,#4309,.T.);
#4307 = VERTEX_POINT('',#4308);
#4308 = CARTESIAN_POINT('',(353.8,5.,1.));
#4309 = LINE('',#4310,#4311);
#4310 = CARTESIAN_POINT('',(6.,5.,1.));
#4311 = VECTOR('',#4312,1.);
#4312 = DIRECTION('',(1.,0.,0.));
#4313 = ORIENTED_EDGE('',*,*,#4314,.F.);
#4314 = EDGE_CURVE('',#52,#4307,#4315,.T.);
#4315 = LINE('',#4316,#4317);
#4316 = CARTESIAN_POINT('',(353.8,5.,0.));
#4317 = VECTOR('',#4318,1.);
#4318 = DIRECTION('',(0.,0.,1.));
#4319 = ORIENTED_EDGE('',*,*,#51,.F.);
#4320 = PLANE('',#4321);
#4321 = AXIS2_PLACEMENT_3D('',#4322,#4323,#4324);
#4322 = CARTESIAN_POINT('',(6.,5.,0.));
#4323 = DIRECTION('',(0.,1.,0.));
#4324 = DIRECTION('',(1.,0.,0.));
#4325 = ADVANCED_FACE('',(#4326),#4345,.T.);
#4326 = FACE_BOUND('',#4327,.F.);
#4327 = EDGE_LOOP('',(#4328,#4336,#4343,#4344));
#4328 = ORIENTED_EDGE('',*,*,#4329,.T.);
#4329 = EDGE_CURVE('',#69,#4330,#4332,.T.);
#4330 = VERTEX_POINT('',#4331);
#4331 = CARTESIAN_POINT('',(354.8,123.3,1.));
#4332 = LINE('',#4333,#4334);
#4333 = CARTESIAN_POINT('',(354.8,123.3,0.));
#4334 = VECTOR('',#4335,1.);
#4335 = DIRECTION('',(0.,0.,1.));
#4336 = ORIENTED_EDGE('',*,*,#4337,.T.);
#4337 = EDGE_CURVE('',#4330,#4282,#4338,.T.);
#4338 = CIRCLE('',#4339,1.);
#4339 = AXIS2_PLACEMENT_3D('',#4340,#4341,#4342);
#4340 = CARTESIAN_POINT('',(353.8,123.3,1.));
#4341 = DIRECTION('',(0.,0.,1.));
#4342 = DIRECTION('',(1.,0.,0.));
#4343 = ORIENTED_EDGE('',*,*,#4281,.F.);
#4344 = ORIENTED_EDGE('',*,*,#76,.F.);
#4345 = CYLINDRICAL_SURFACE('',#4346,1.);
#4346 = AXIS2_PLACEMENT_3D('',#4347,#4348,#4349);
#4347 = CARTESIAN_POINT('',(353.8,123.3,0.));
#4348 = DIRECTION('',(-0.,-0.,-1.));
#4349 = DIRECTION('',(1.,0.,0.));
#4350 = ADVANCED_FACE('',(#4351),#4370,.T.);
#4351 = FACE_BOUND('',#4352,.F.);
#4352 = EDGE_LOOP('',(#4353,#4354,#4363,#4369));
#4353 = ORIENTED_EDGE('',*,*,#4314,.T.);
#4354 = ORIENTED_EDGE('',*,*,#4355,.T.);
#4355 = EDGE_CURVE('',#4307,#4356,#4358,.T.);
#4356 = VERTEX_POINT('',#4357);
#4357 = CARTESIAN_POINT('',(354.8,6.,1.));
#4358 = CIRCLE('',#4359,1.);
#4359 = AXIS2_PLACEMENT_3D('',#4360,#4361,#4362);
#4360 = CARTESIAN_POINT('',(353.8,6.,1.));
#4361 = DIRECTION('',(0.,0.,1.));
#4362 = DIRECTION('',(1.,0.,0.));
#4363 = ORIENTED_EDGE('',*,*,#4364,.F.);
#4364 = EDGE_CURVE('',#60,#4356,#4365,.T.);
#4365 = LINE('',#4366,#4367);
#4366 = CARTESIAN_POINT('',(354.8,6.,0.));
#4367 = VECTOR('',#4368,1.);
#4368 = DIRECTION('',(0.,0.,1.));
#4369 = ORIENTED_EDGE('',*,*,#59,.F.);
#4370 = CYLINDRICAL_SURFACE('',#4371,1.);
#4371 = AXIS2_PLACEMENT_3D('',#4372,#4373,#4374);
#4372 = CARTESIAN_POINT('',(353.8,6.,0.));
#4373 = DIRECTION('',(-0.,-0.,-1.));
#4374 = DIRECTION('',(1.,0.,0.));
#4375 = ADVANCED_FACE('',(#4376),#4387,.F.);
#4376 = FACE_BOUND('',#4377,.F.);
#4377 = EDGE_LOOP('',(#4378,#4379,#4385,#4386));
#4378 = ORIENTED_EDGE('',*,*,#4364,.T.);
#4379 = ORIENTED_EDGE('',*,*,#4380,.T.);
#4380 = EDGE_CURVE('',#4356,#4330,#4381,.T.);
#4381 = LINE('',#4382,#4383);
#4382 = CARTESIAN_POINT('',(354.8,6.,1.));
#4383 = VECTOR('',#4384,1.);
#4384 = DIRECTION('',(0.,1.,0.));
#4385 = ORIENTED_EDGE('',*,*,#4329,.F.);
#4386 = ORIENTED_EDGE('',*,*,#68,.F.);
#4387 = PLANE('',#4388);
#4388 = AXIS2_PLACEMENT_3D('',#4389,#4390,#4391);
#4389 = CARTESIAN_POINT('',(354.8,6.,0.));
#4390 = DIRECTION('',(-1.,0.,0.));
#4391 = DIRECTION('',(0.,1.,0.));
#4392 = ADVANCED_FACE('',(#4393),#4412,.F.);
#4393 = FACE_BOUND('',#4394,.F.);
#4394 = EDGE_LOOP('',(#4395,#4403,#4404,#4405));
#4395 = ORIENTED_EDGE('',*,*,#4396,.T.);
#4396 = EDGE_CURVE('',#4397,#103,#4399,.T.);
#4397 = VERTEX_POINT('',#4398);
#4398 = CARTESIAN_POINT('',(9.1,8.,1.));
#4399 = LINE('',#4400,#4401);
#4400 = CARTESIAN_POINT('',(9.1,8.,1.));
#4401 = VECTOR('',#4402,1.);
#4402 = DIRECTION('',(-0.,-0.,-1.));
#4403 = ORIENTED_EDGE('',*,*,#102,.T.);
#4404 = ORIENTED_EDGE('',*,*,#4396,.F.);
#4405 = ORIENTED_EDGE('',*,*,#4406,.F.);
#4406 = EDGE_CURVE('',#4397,#4397,#4407,.T.);
#4407 = CIRCLE('',#4408,1.1);
#4408 = AXIS2_PLACEMENT_3D('',#4409,#4410,#4411);
#4409 = CARTESIAN_POINT('',(8.,8.,1.));
#4410 = DIRECTION('',(0.,0.,1.));
#4411 = DIRECTION('',(1.,0.,0.));
#4412 = CYLINDRICAL_SURFACE('',#4413,1.1);
#4413 = AXIS2_PLACEMENT_3D('',#4414,#4415,#4416);
#4414 = CARTESIAN_POINT('',(8.,8.,1.));
#4415 = DIRECTION('',(0.,0.,1.));
#4416 = DIRECTION('',(1.,0.,0.));
#4417 = ADVANCED_FACE('',(#4418),#4437,.F.);
#4418 = FACE_BOUND('',#4419,.F.);
#4419 = EDGE_LOOP('',(#4420,#4428,#4429,#4430));
#4420 = ORIENTED_EDGE('',*,*,#4421,.T.);
#4421 = EDGE_CURVE('',#4422,#114,#4424,.T.);
#4422 = VERTEX_POINT('',#4423);
#4423 = CARTESIAN_POINT('',(43.1,8.,1.));
#4424 = LINE('',#4425,#4426);
#4425 = CARTESIAN_POINT('',(43.1,8.,1.));
#4426 = VECTOR('',#4427,1.);
#4427 = DIRECTION('',(-0.,-0.,-1.));
#4428 = ORIENTED_EDGE('',*,*,#113,.T.);
#4429 = ORIENTED_EDGE('',*,*,#4421,.F.);
#4430 = ORIENTED_EDGE('',*,*,#4431,.F.);
#4431 = EDGE_CURVE('',#4422,#4422,#4432,.T.);
#4432 = CIRCLE('',#4433,1.1);
#4433 = AXIS2_PLACEMENT_3D('',#4434,#4435,#4436);
#4434 = CARTESIAN_POINT('',(42.,8.,1.));
#4435 = DIRECTION('',(0.,0.,1.));
#4436 = DIRECTION('',(1.,0.,0.));
#4437 = CYLINDRICAL_SURFACE('',#4438,1.1);
#4438 = AXIS2_PLACEMENT_3D('',#4439,#4440,#4441);
#4439 = CARTESIAN_POINT('',(42.,8.,1.));
#4440 = DIRECTION('',(0.,0.,1.));
#4441 = DIRECTION('',(1.,0.,0.));
#4442 = ADVANCED_FACE('',(#4443),#4468,.F.);
#4443 = FACE_BOUND('',#4444,.F.);
#4444 = EDGE_LOOP('',(#4445,#4453,#4454,#4462));
#4445 = ORIENTED_EDGE('',*,*,#4446,.T.);
#4446 = EDGE_CURVE('',#4447,#125,#4449,.T.);
#4447 = VERTEX_POINT('',#4448);
#4448 = CARTESIAN_POINT('',(54.90625,21.525,1.));
#4449 = LINE('',#4450,#4451);
#4450 = CARTESIAN_POINT('',(54.90625,21.525,1.));
#4451 = VECTOR('',#4452,1.);
#4452 = DIRECTION('',(-0.,-0.,-1.));
#4453 = ORIENTED_EDGE('',*,*,#124,.T.);
#4454 = ORIENTED_EDGE('',*,*,#4455,.F.);
#4455 = EDGE_CURVE('',#4456,#127,#4458,.T.);
#4456 = VERTEX_POINT('',#4457);
#4457 = CARTESIAN_POINT('',(54.90625,7.525,1.));
#4458 = LINE('',#4459,#4460);
#4459 = CARTESIAN_POINT('',(54.90625,7.525,1.));
#4460 = VECTOR('',#4461,1.);
#4461 = DIRECTION('',(-0.,-0.,-1.));
#4462 = ORIENTED_EDGE('',*,*,#4463,.F.);
#4463 = EDGE_CURVE('',#4447,#4456,#4464,.T.);
#4464 = LINE('',#4465,#4466);
#4465 = CARTESIAN_POINT('',(54.90625,21.525,1.));
#4466 = VECTOR('',#4467,1.);
#4467 = DIRECTION('',(0.,-1.,0.));
#4468 = PLANE('',#4469);
#4469 = AXIS2_PLACEMENT_3D('',#4470,#4471,#4472);
#4470 = CARTESIAN_POINT('',(54.90625,21.525,1.));
#4471 = DIRECTION('',(-1.,0.,0.));
#4472 = DIRECTION('',(0.,-1.,0.));
#4473 = ADVANCED_FACE('',(#4474),#4492,.F.);
#4474 = FACE_BOUND('',#4475,.F.);
#4475 = EDGE_LOOP('',(#4476,#4484,#4485,#4486));
#4476 = ORIENTED_EDGE('',*,*,#4477,.T.);
#4477 = EDGE_CURVE('',#4478,#135,#4480,.T.);
#4478 = VERTEX_POINT('',#4479);
#4479 = CARTESIAN_POINT('',(68.90625,21.525,1.));
#4480 = LINE('',#4481,#4482);
#4481 = CARTESIAN_POINT('',(68.90625,21.525,1.));
#4482 = VECTOR('',#4483,1.);
#4483 = DIRECTION('',(-0.,-0.,-1.));
#4484 = ORIENTED_EDGE('',*,*,#134,.T.);
#4485 = ORIENTED_EDGE('',*,*,#4446,.F.);
#4486 = ORIENTED_EDGE('',*,*,#4487,.F.);
#4487 = EDGE_CURVE('',#4478,#4447,#4488,.T.);
#4488 = LINE('',#4489,#4490);
#4489 = CARTESIAN_POINT('',(68.90625,21.525,1.));
#4490 = VECTOR('',#4491,1.);
#4491 = DIRECTION('',(-1.,0.,0.));
#4492 = PLANE('',#4493);
#4493 = AXIS2_PLACEMENT_3D('',#4494,#4495,#4496);
#4494 = CARTESIAN_POINT('',(68.90625,21.525,1.));
#4495 = DIRECTION('',(0.,1.,0.));
#4496 = DIRECTION('',(-1.,0.,0.));
#4497 = ADVANCED_FACE('',(#4498),#4516,.F.);
#4498 = FACE_BOUND('',#4499,.F.);
#4499 = EDGE_LOOP('',(#4500,#4501,#4502,#4510));
#4500 = ORIENTED_EDGE('',*,*,#4455,.T.);
#4501 = ORIENTED_EDGE('',*,*,#150,.T.);
#4502 = ORIENTED_EDGE('',*,*,#4503,.F.);
#4503 = EDGE_CURVE('',#4504,#143,#4506,.T.);
#4504 = VERTEX_POINT('',#4505);
#4505 = CARTESIAN_POINT('',(68.90625,7.525,1.));
#4506 = LINE('',#4507,#4508);
#4507 = CARTESIAN_POINT('',(68.90625,7.525,1.));
#4508 = VECTOR('',#4509,1.);
#4509 = DIRECTION('',(-0.,-0.,-1.));
#4510 = ORIENTED_EDGE('',*,*,#4511,.F.);
#4511 = EDGE_CURVE('',#4456,#4504,#4512,.T.);
#4512 = LINE('',#4513,#4514);
#4513 = CARTESIAN_POINT('',(54.90625,7.525,1.));
#4514 = VECTOR('',#4515,1.);
#4515 = DIRECTION('',(1.,0.,0.));
#4516 = PLANE('',#4517);
#4517 = AXIS2_PLACEMENT_3D('',#4518,#4519,#4520);
#4518 = CARTESIAN_POINT('',(54.90625,7.525,1.));
#4519 = DIRECTION('',(0.,-1.,0.));
#4520 = DIRECTION('',(1.,0.,0.));
#4521 = ADVANCED_FACE('',(#4522),#4533,.F.);
#4522 = FACE_BOUND('',#4523,.F.);
#4523 = EDGE_LOOP('',(#4524,#4525,#4526,#4527));
#4524 = ORIENTED_EDGE('',*,*,#4503,.T.);
#4525 = ORIENTED_EDGE('',*,*,#142,.T.);
#4526 = ORIENTED_EDGE('',*,*,#4477,.F.);
#4527 = ORIENTED_EDGE('',*,*,#4528,.F.);
#4528 = EDGE_CURVE('',#4504,#4478,#4529,.T.);
#4529 = LINE('',#4530,#4531);
#4530 = CARTESIAN_POINT('',(68.90625,7.525,1.));
#4531 = VECTOR('',#4532,1.);
#4532 = DIRECTION('',(0.,1.,0.));
#4533 = PLANE('',#4534);
#4534 = AXIS2_PLACEMENT_3D('',#4535,#4536,#4537);
#4535 = CARTESIAN_POINT('',(68.90625,7.525,1.));
#4536 = DIRECTION('',(1.,0.,0.));
#4537 = DIRECTION('',(0.,1.,0.));
#4538 = ADVANCED_FACE('',(#4539),#4564,.F.);
#4539 = FACE_BOUND('',#4540,.F.);
#4540 = EDGE_LOOP('',(#4541,#4549,#4550,#4558));
#4541 = ORIENTED_EDGE('',*,*,#4542,.T.);
#4542 = EDGE_CURVE('',#4543,#159,#4545,.T.);
#4543 = VERTEX_POINT('',#4544);
#4544 = CARTESIAN_POINT('',(78.71875,21.525,1.));
#4545 = LINE('',#4546,#4547);
#4546 = CARTESIAN_POINT('',(78.71875,21.525,1.));
#4547 = VECTOR('',#4548,1.);
#4548 = DIRECTION('',(-0.,-0.,-1.));
#4549 = ORIENTED_EDGE('',*,*,#158,.T.);
#4550 = ORIENTED_EDGE('',*,*,#4551,.F.);
#4551 = EDGE_CURVE('',#4552,#161,#4554,.T.);
#4552 = VERTEX_POINT('',#4553);
#4553 = CARTESIAN_POINT('',(78.71875,7.525,1.));
#4554 = LINE('',#4555,#4556);
#4555 = CARTESIAN_POINT('',(78.71875,7.525,1.));
#4556 = VECTOR('',#4557,1.);
#4557 = DIRECTION('',(-0.,-0.,-1.));
#4558 = ORIENTED_EDGE('',*,*,#4559,.F.);
#4559 = EDGE_CURVE('',#4543,#4552,#4560,.T.);
#4560 = LINE('',#4561,#4562);
#4561 = CARTESIAN_POINT('',(78.71875,21.525,1.));
#4562 = VECTOR('',#4563,1.);
#4563 = DIRECTION('',(0.,-1.,0.));
#4564 = PLANE('',#4565);
#4565 = AXIS2_PLACEMENT_3D('',#4566,#4567,#4568);
#4566 = CARTESIAN_POINT('',(78.71875,21.525,1.));
#4567 = DIRECTION('',(-1.,0.,0.));
#4568 = DIRECTION('',(0.,-1.,0.));
#4569 = ADVANCED_FACE('',(#4570),#4588,.F.);
#4570 = FACE_BOUND('',#4571,.F.);
#4571 = EDGE_LOOP('',(#4572,#4580,#4581,#4582));
#4572 = ORIENTED_EDGE('',*,*,#4573,.T.);
#4573 = EDGE_CURVE('',#4574,#169,#4576,.T.);
#4574 = VERTEX_POINT('',#4575);
#4575 = CARTESIAN_POINT('',(92.71875,21.525,1.));
#4576 = LINE('',#4577,#4578);
#4577 = CARTESIAN_POINT('',(92.71875,21.525,1.));
#4578 = VECTOR('',#4579,1.);
#4579 = DIRECTION('',(-0.,-0.,-1.));
#4580 = ORIENTED_EDGE('',*,*,#168,.T.);
#4581 = ORIENTED_EDGE('',*,*,#4542,.F.);
#4582 = ORIENTED_EDGE('',*,*,#4583,.F.);
#4583 = EDGE_CURVE('',#4574,#4543,#4584,.T.);
#4584 = LINE('',#4585,#4586);
#4585 = CARTESIAN_POINT('',(92.71875,21.525,1.));
#4586 = VECTOR('',#4587,1.);
#4587 = DIRECTION('',(-1.,0.,0.));
#4588 = PLANE('',#4589);
#4589 = AXIS2_PLACEMENT_3D('',#4590,#4591,#4592);
#4590 = CARTESIAN_POINT('',(92.71875,21.525,1.));
#4591 = DIRECTION('',(0.,1.,0.));
#4592 = DIRECTION('',(-1.,0.,0.));
#4593 = ADVANCED_FACE('',(#4594),#4612,.F.);
#4594 = FACE_BOUND('',#4595,.F.);
#4595 = EDGE_LOOP('',(#4596,#4597,#4598,#4606));
#4596 = ORIENTED_EDGE('',*,*,#4551,.T.);
#4597 = ORIENTED_EDGE('',*,*,#184,.T.);
#4598 = ORIENTED_EDGE('',*,*,#4599,.F.);
#4599 = EDGE_CURVE('',#4600,#177,#4602,.T.);
#4600 = VERTEX_POINT('',#4601);
#4601 = CARTESIAN_POINT('',(92.71875,7.525,1.));
#4602 = LINE('',#4603,#4604);
#4603 = CARTESIAN_POINT('',(92.71875,7.525,1.));
#4604 = VECTOR('',#4605,1.);
#4605 = DIRECTION('',(-0.,-0.,-1.));
#4606 = ORIENTED_EDGE('',*,*,#4607,.F.);
#4607 = EDGE_CURVE('',#4552,#4600,#4608,.T.);
#4608 = LINE('',#4609,#4610);
#4609 = CARTESIAN_POINT('',(78.71875,7.525,1.));
#4610 = VECTOR('',#4611,1.);
#4611 = DIRECTION('',(1.,0.,0.));
#4612 = PLANE('',#4613);
#4613 = AXIS2_PLACEMENT_3D('',#4614,#4615,#4616);
#4614 = CARTESIAN_POINT('',(78.71875,7.525,1.));
#4615 = DIRECTION('',(0.,-1.,0.));
#4616 = DIRECTION('',(1.,0.,0.));
#4617 = ADVANCED_FACE('',(#4618),#4629,.F.);
#4618 = FACE_BOUND('',#4619,.F.);
#4619 = EDGE_LOOP('',(#4620,#4621,#4622,#4623));
#4620 = ORIENTED_EDGE('',*,*,#4599,.T.);
#4621 = ORIENTED_EDGE('',*,*,#176,.T.);
#4622 = ORIENTED_EDGE('',*,*,#4573,.F.);
#4623 = ORIENTED_EDGE('',*,*,#4624,.F.);
#4624 = EDGE_CURVE('',#4600,#4574,#4625,.T.);
#4625 = LINE('',#4626,#4627);
#4626 = CARTESIAN_POINT('',(92.71875,7.525,1.));
#4627 = VECTOR('',#4628,1.);
#4628 = DIRECTION('',(0.,1.,0.));
#4629 = PLANE('',#4630);
#4630 = AXIS2_PLACEMENT_3D('',#4631,#4632,#4633);
#4631 = CARTESIAN_POINT('',(92.71875,7.525,1.));
#4632 = DIRECTION('',(1.,0.,0.));
#4633 = DIRECTION('',(0.,1.,0.));
#4634 = ADVANCED_FACE('',(#4635),#4660,.F.);
#4635 = FACE_BOUND('',#4636,.F.);
#4636 = EDGE_LOOP('',(#4637,#4645,#4646,#4654));
#4637 = ORIENTED_EDGE('',*,*,#4638,.T.);
#4638 = EDGE_CURVE('',#4639,#193,#4641,.T.);
#4639 = VERTEX_POINT('',#4640);
#4640 = CARTESIAN_POINT('',(62.05,40.575,1.));
#4641 = LINE('',#4642,#4643);
#4642 = CARTESIAN_POINT('',(62.05,40.575,1.));
#4643 = VECTOR('',#4644,1.);
#4644 = DIRECTION('',(-0.,-0.,-1.));
#4645 = ORIENTED_EDGE('',*,*,#192,.T.);
#4646 = ORIENTED_EDGE('',*,*,#4647,.F.);
#4647 = EDGE_CURVE('',#4648,#195,#4650,.T.);
#4648 = VERTEX_POINT('',#4649);
#4649 = CARTESIAN_POINT('',(62.05,35.875,1.));
#4650 = LINE('',#4651,#4652);
#4651 = CARTESIAN_POINT('',(62.05,35.875,1.));
#4652 = VECTOR('',#4653,1.);
#4653 = DIRECTION('',(-0.,-0.,-1.));
#4654 = ORIENTED_EDGE('',*,*,#4655,.F.);
#4655 = EDGE_CURVE('',#4639,#4648,#4656,.T.);
#4656 = LINE('',#4657,#4658);
#4657 = CARTESIAN_POINT('',(62.05,40.575,1.));
#4658 = VECTOR('',#4659,1.);
#4659 = DIRECTION('',(0.,-1.,0.));
#4660 = PLANE('',#4661);
#4661 = AXIS2_PLACEMENT_3D('',#4662,#4663,#4664);
#4662 = CARTESIAN_POINT('',(62.05,40.575,1.));
#4663 = DIRECTION('',(-1.,0.,0.));
#4664 = DIRECTION('',(0.,-1.,0.));
#4665 = ADVANCED_FACE('',(#4666),#4684,.T.);
#4666 = FACE_BOUND('',#4667,.T.);
#4667 = EDGE_LOOP('',(#4668,#4669,#4670,#4678));
#4668 = ORIENTED_EDGE('',*,*,#4638,.T.);
#4669 = ORIENTED_EDGE('',*,*,#202,.T.);
#4670 = ORIENTED_EDGE('',*,*,#4671,.F.);
#4671 = EDGE_CURVE('',#4672,#203,#4674,.T.);
#4672 = VERTEX_POINT('',#4673);
#4673 = CARTESIAN_POINT('',(76.05,40.575,1.));
#4674 = LINE('',#4675,#4676);
#4675 = CARTESIAN_POINT('',(76.05,40.575,1.));
#4676 = VECTOR('',#4677,1.);
#4677 = DIRECTION('',(-0.,-0.,-1.));
#4678 = ORIENTED_EDGE('',*,*,#4679,.F.);
#4679 = EDGE_CURVE('',#4639,#4672,#4680,.T.);
#4680 = LINE('',#4681,#4682);
#4681 = CARTESIAN_POINT('',(62.05,40.575,1.));
#4682 = VECTOR('',#4683,1.);
#4683 = DIRECTION('',(1.,0.,0.));
#4684 = PLANE('',#4685);
#4685 = AXIS2_PLACEMENT_3D('',#4686,#4687,#4688);
#4686 = CARTESIAN_POINT('',(62.05,40.575,1.));
#4687 = DIRECTION('',(0.,-1.,0.));
#4688 = DIRECTION('',(1.,0.,0.));
#4689 = ADVANCED_FACE('',(#4690),#4708,.F.);
#4690 = FACE_BOUND('',#4691,.F.);
#4691 = EDGE_LOOP('',(#4692,#4693,#4694,#4702));
#4692 = ORIENTED_EDGE('',*,*,#4647,.T.);
#4693 = ORIENTED_EDGE('',*,*,#474,.T.);
#4694 = ORIENTED_EDGE('',*,*,#4695,.F.);
#4695 = EDGE_CURVE('',#4696,#467,#4698,.T.);
#4696 = VERTEX_POINT('',#4697);
#4697 = CARTESIAN_POINT('',(60.525,35.875,1.));
#4698 = LINE('',#4699,#4700);
#4699 = CARTESIAN_POINT('',(60.525,35.875,1.));
#4700 = VECTOR('',#4701,1.);
#4701 = DIRECTION('',(-0.,-0.,-1.));
#4702 = ORIENTED_EDGE('',*,*,#4703,.F.);
#4703 = EDGE_CURVE('',#4648,#4696,#4704,.T.);
#4704 = LINE('',#4705,#4706);
#4705 = CARTESIAN_POINT('',(62.05,35.875,1.));
#4706 = VECTOR('',#4707,1.);
#4707 = DIRECTION('',(-1.,0.,0.));
#4708 = PLANE('',#4709);
#4709 = AXIS2_PLACEMENT_3D('',#4710,#4711,#4712);
#4710 = CARTESIAN_POINT('',(62.05,35.875,1.));
#4711 = DIRECTION('',(0.,1.,0.));
#4712 = DIRECTION('',(-1.,0.,0.));
#4713 = ADVANCED_FACE('',(#4714),#4732,.T.);
#4714 = FACE_BOUND('',#4715,.T.);
#4715 = EDGE_LOOP('',(#4716,#4717,#4718,#4726));
#4716 = ORIENTED_EDGE('',*,*,#4671,.T.);
#4717 = ORIENTED_EDGE('',*,*,#210,.T.);
#4718 = ORIENTED_EDGE('',*,*,#4719,.F.);
#4719 = EDGE_CURVE('',#4720,#211,#4722,.T.);
#4720 = VERTEX_POINT('',#4721);
#4721 = CARTESIAN_POINT('',(76.05,35.875,1.));
#4722 = LINE('',#4723,#4724);
#4723 = CARTESIAN_POINT('',(76.05,35.875,1.));
#4724 = VECTOR('',#4725,1.);
#4725 = DIRECTION('',(-0.,-0.,-1.));
#4726 = ORIENTED_EDGE('',*,*,#4727,.F.);
#4727 = EDGE_CURVE('',#4672,#4720,#4728,.T.);
#4728 = LINE('',#4729,#4730);
#4729 = CARTESIAN_POINT('',(76.05,40.575,1.));
#4730 = VECTOR('',#4731,1.);
#4731 = DIRECTION('',(0.,-1.,0.));
#4732 = PLANE('',#4733);
#4733 = AXIS2_PLACEMENT_3D('',#4734,#4735,#4736);
#4734 = CARTESIAN_POINT('',(76.05,40.575,1.));
#4735 = DIRECTION('',(-1.,0.,0.));
#4736 = DIRECTION('',(0.,-1.,0.));
#4737 = ADVANCED_FACE('',(#4738),#4756,.F.);
#4738 = FACE_BOUND('',#4739,.F.);
#4739 = EDGE_LOOP('',(#4740,#4741,#4742,#4750));
#4740 = ORIENTED_EDGE('',*,*,#4695,.T.);
#4741 = ORIENTED_EDGE('',*,*,#466,.T.);
#4742 = ORIENTED_EDGE('',*,*,#4743,.F.);
#4743 = EDGE_CURVE('',#4744,#459,#4746,.T.);
#4744 = VERTEX_POINT('',#4745);
#4745 = CARTESIAN_POINT('',(60.525,39.105,1.));
#4746 = LINE('',#4747,#4748);
#4747 = CARTESIAN_POINT('',(60.525,39.105,1.));
#4748 = VECTOR('',#4749,1.);
#4749 = DIRECTION('',(-0.,-0.,-1.));
#4750 = ORIENTED_EDGE('',*,*,#4751,.F.);
#4751 = EDGE_CURVE('',#4696,#4744,#4752,.T.);
#4752 = LINE('',#4753,#4754);
#4753 = CARTESIAN_POINT('',(60.525,35.875,1.));
#4754 = VECTOR('',#4755,1.);
#4755 = DIRECTION('',(0.,1.,0.));
#4756 = PLANE('',#4757);
#4757 = AXIS2_PLACEMENT_3D('',#4758,#4759,#4760);
#4758 = CARTESIAN_POINT('',(60.525,35.875,1.));
#4759 = DIRECTION('',(1.,0.,0.));
#4760 = DIRECTION('',(0.,1.,0.));
#4761 = ADVANCED_FACE('',(#4762),#4780,.T.);
#4762 = FACE_BOUND('',#4763,.T.);
#4763 = EDGE_LOOP('',(#4764,#4765,#4766,#4774));
#4764 = ORIENTED_EDGE('',*,*,#4719,.T.);
#4765 = ORIENTED_EDGE('',*,*,#218,.T.);
#4766 = ORIENTED_EDGE('',*,*,#4767,.F.);
#4767 = EDGE_CURVE('',#4768,#219,#4770,.T.);
#4768 = VERTEX_POINT('',#4769);
#4769 = CARTESIAN_POINT('',(77.575,35.875,1.));
#4770 = LINE('',#4771,#4772);
#4771 = CARTESIAN_POINT('',(77.575,35.875,1.));
#4772 = VECTOR('',#4773,1.);
#4773 = DIRECTION('',(-0.,-0.,-1.));
#4774 = ORIENTED_EDGE('',*,*,#4775,.F.);
#4775 = EDGE_CURVE('',#4720,#4768,#4776,.T.);
#4776 = LINE('',#4777,#4778);
#4777 = CARTESIAN_POINT('',(76.05,35.875,1.));
#4778 = VECTOR('',#4779,1.);
#4779 = DIRECTION('',(1.,0.,0.));
#4780 = PLANE('',#4781);
#4781 = AXIS2_PLACEMENT_3D('',#4782,#4783,#4784);
#4782 = CARTESIAN_POINT('',(76.05,35.875,1.));
#4783 = DIRECTION('',(0.,-1.,0.));
#4784 = DIRECTION('',(1.,0.,0.));
#4785 = ADVANCED_FACE('',(#4786),#4804,.T.);
#4786 = FACE_BOUND('',#4787,.T.);
#4787 = EDGE_LOOP('',(#4788,#4796,#4797,#4798));
#4788 = ORIENTED_EDGE('',*,*,#4789,.T.);
#4789 = EDGE_CURVE('',#4790,#451,#4792,.T.);
#4790 = VERTEX_POINT('',#4791);
#4791 = CARTESIAN_POINT('',(53.775,39.105,1.));
#4792 = LINE('',#4793,#4794);
#4793 = CARTESIAN_POINT('',(53.775,39.105,1.));
#4794 = VECTOR('',#4795,1.);
#4795 = DIRECTION('',(-0.,-0.,-1.));
#4796 = ORIENTED_EDGE('',*,*,#458,.T.);
#4797 = ORIENTED_EDGE('',*,*,#4743,.F.);
#4798 = ORIENTED_EDGE('',*,*,#4799,.F.);
#4799 = EDGE_CURVE('',#4790,#4744,#4800,.T.);
#4800 = LINE('',#4801,#4802);
#4801 = CARTESIAN_POINT('',(53.775,39.105,1.));
#4802 = VECTOR('',#4803,1.);
#4803 = DIRECTION('',(1.,0.,0.));
#4804 = PLANE('',#4805);
#4805 = AXIS2_PLACEMENT_3D('',#4806,#4807,#4808);
#4806 = CARTESIAN_POINT('',(53.775,39.105,1.));
#4807 = DIRECTION('',(0.,-1.,0.));
#4808 = DIRECTION('',(1.,0.,0.));
#4809 = ADVANCED_FACE('',(#4810),#4828,.T.);
#4810 = FACE_BOUND('',#4811,.T.);
#4811 = EDGE_LOOP('',(#4812,#4813,#4814,#4822));
#4812 = ORIENTED_EDGE('',*,*,#4767,.T.);
#4813 = ORIENTED_EDGE('',*,*,#226,.T.);
#4814 = ORIENTED_EDGE('',*,*,#4815,.F.);
#4815 = EDGE_CURVE('',#4816,#227,#4818,.T.);
#4816 = VERTEX_POINT('',#4817);
#4817 = CARTESIAN_POINT('',(77.575,39.105,1.));
#4818 = LINE('',#4819,#4820);
#4819 = CARTESIAN_POINT('',(77.575,39.105,1.));
#4820 = VECTOR('',#4821,1.);
#4821 = DIRECTION('',(-0.,-0.,-1.));
#4822 = ORIENTED_EDGE('',*,*,#4823,.F.);
#4823 = EDGE_CURVE('',#4768,#4816,#4824,.T.);
#4824 = LINE('',#4825,#4826);
#4825 = CARTESIAN_POINT('',(77.575,35.875,1.));
#4826 = VECTOR('',#4827,1.);
#4827 = DIRECTION('',(0.,1.,0.));
#4828 = PLANE('',#4829);
#4829 = AXIS2_PLACEMENT_3D('',#4830,#4831,#4832);
#4830 = CARTESIAN_POINT('',(77.575,35.875,1.));
#4831 = DIRECTION('',(1.,0.,0.));
#4832 = DIRECTION('',(0.,1.,0.));
#4833 = ADVANCED_FACE('',(#4834),#4852,.F.);
#4834 = FACE_BOUND('',#4835,.F.);
#4835 = EDGE_LOOP('',(#4836,#4837,#4838,#4846));
#4836 = ORIENTED_EDGE('',*,*,#4789,.T.);
#4837 = ORIENTED_EDGE('',*,*,#450,.T.);
#4838 = ORIENTED_EDGE('',*,*,#4839,.F.);
#4839 = EDGE_CURVE('',#4840,#443,#4842,.T.);
#4840 = VERTEX_POINT('',#4841);
#4841 = CARTESIAN_POINT('',(53.775,35.875,1.));
#4842 = LINE('',#4843,#4844);
#4843 = CARTESIAN_POINT('',(53.775,35.875,1.));
#4844 = VECTOR('',#4845,1.);
#4845 = DIRECTION('',(-0.,-0.,-1.));
#4846 = ORIENTED_EDGE('',*,*,#4847,.F.);
#4847 = EDGE_CURVE('',#4790,#4840,#4848,.T.);
#4848 = LINE('',#4849,#4850);
#4849 = CARTESIAN_POINT('',(53.775,39.105,1.));
#4850 = VECTOR('',#4851,1.);
#4851 = DIRECTION('',(0.,-1.,0.));
#4852 = PLANE('',#4853);
#4853 = AXIS2_PLACEMENT_3D('',#4854,#4855,#4856);
#4854 = CARTESIAN_POINT('',(53.775,39.105,1.));
#4855 = DIRECTION('',(-1.,0.,0.));
#4856 = DIRECTION('',(0.,-1.,0.));
#4857 = ADVANCED_FACE('',(#4858),#4876,.T.);
#4858 = FACE_BOUND('',#4859,.T.);
#4859 = EDGE_LOOP('',(#4860,#4861,#4862,#4870));
#4860 = ORIENTED_EDGE('',*,*,#4815,.T.);
#4861 = ORIENTED_EDGE('',*,*,#234,.T.);
#4862 = ORIENTED_EDGE('',*,*,#4863,.F.);
#4863 = EDGE_CURVE('',#4864,#235,#4866,.T.);
#4864 = VERTEX_POINT('',#4865);
#4865 = CARTESIAN_POINT('',(84.325,39.105,1.));
#4866 = LINE('',#4867,#4868);
#4867 = CARTESIAN_POINT('',(84.325,39.105,1.));
#4868 = VECTOR('',#4869,1.);
#4869 = DIRECTION('',(-0.,-0.,-1.));
#4870 = ORIENTED_EDGE('',*,*,#4871,.F.);
#4871 = EDGE_CURVE('',#4816,#4864,#4872,.T.);
#4872 = LINE('',#4873,#4874);
#4873 = CARTESIAN_POINT('',(77.575,39.105,1.));
#4874 = VECTOR('',#4875,1.);
#4875 = DIRECTION('',(1.,0.,0.));
#4876 = PLANE('',#4877);
#4877 = AXIS2_PLACEMENT_3D('',#4878,#4879,#4880);
#4878 = CARTESIAN_POINT('',(77.575,39.105,1.));
#4879 = DIRECTION('',(0.,-1.,0.));
#4880 = DIRECTION('',(1.,0.,0.));
#4881 = ADVANCED_FACE('',(#4882),#4900,.F.);
#4882 = FACE_BOUND('',#4883,.F.);
#4883 = EDGE_LOOP('',(#4884,#4885,#4886,#4894));
#4884 = ORIENTED_EDGE('',*,*,#4839,.T.);
#4885 = ORIENTED_EDGE('',*,*,#442,.T.);
#4886 = ORIENTED_EDGE('',*,*,#4887,.F.);
#4887 = EDGE_CURVE('',#4888,#435,#4890,.T.);
#4888 = VERTEX_POINT('',#4889);
#4889 = CARTESIAN_POINT('',(52.95,35.875,1.));
#4890 = LINE('',#4891,#4892);
#4891 = CARTESIAN_POINT('',(52.95,35.875,1.));
#4892 = VECTOR('',#4893,1.);
#4893 = DIRECTION('',(-0.,-0.,-1.));
#4894 = ORIENTED_EDGE('',*,*,#4895,.F.);
#4895 = EDGE_CURVE('',#4840,#4888,#4896,.T.);
#4896 = LINE('',#4897,#4898);
#4897 = CARTESIAN_POINT('',(53.775,35.875,1.));
#4898 = VECTOR('',#4899,1.);
#4899 = DIRECTION('',(-1.,0.,0.));
#4900 = PLANE('',#4901);
#4901 = AXIS2_PLACEMENT_3D('',#4902,#4903,#4904);
#4902 = CARTESIAN_POINT('',(53.775,35.875,1.));
#4903 = DIRECTION('',(0.,1.,0.));
#4904 = DIRECTION('',(-1.,0.,0.));
#4905 = ADVANCED_FACE('',(#4906),#4924,.T.);
#4906 = FACE_BOUND('',#4907,.T.);
#4907 = EDGE_LOOP('',(#4908,#4909,#4910,#4918));
#4908 = ORIENTED_EDGE('',*,*,#4863,.T.);
#4909 = ORIENTED_EDGE('',*,*,#242,.T.);
#4910 = ORIENTED_EDGE('',*,*,#4911,.F.);
#4911 = EDGE_CURVE('',#4912,#243,#4914,.T.);
#4912 = VERTEX_POINT('',#4913);
#4913 = CARTESIAN_POINT('',(84.325,35.875,1.));
#4914 = LINE('',#4915,#4916);
#4915 = CARTESIAN_POINT('',(84.325,35.875,1.));
#4916 = VECTOR('',#4917,1.);
#4917 = DIRECTION('',(-0.,-0.,-1.));
#4918 = ORIENTED_EDGE('',*,*,#4919,.F.);
#4919 = EDGE_CURVE('',#4864,#4912,#4920,.T.);
#4920 = LINE('',#4921,#4922);
#4921 = CARTESIAN_POINT('',(84.325,39.105,1.));
#4922 = VECTOR('',#4923,1.);
#4923 = DIRECTION('',(0.,-1.,0.));
#4924 = PLANE('',#4925);
#4925 = AXIS2_PLACEMENT_3D('',#4926,#4927,#4928);
#4926 = CARTESIAN_POINT('',(84.325,39.105,1.));
#4927 = DIRECTION('',(-1.,0.,0.));
#4928 = DIRECTION('',(0.,-1.,0.));
#4929 = ADVANCED_FACE('',(#4930),#4948,.F.);
#4930 = FACE_BOUND('',#4931,.F.);
#4931 = EDGE_LOOP('',(#4932,#4933,#4934,#4942));
#4932 = ORIENTED_EDGE('',*,*,#4887,.T.);
#4933 = ORIENTED_EDGE('',*,*,#434,.T.);
#4934 = ORIENTED_EDGE('',*,*,#4935,.F.);
#4935 = EDGE_CURVE('',#4936,#427,#4938,.T.);
#4936 = VERTEX_POINT('',#4937);
#4937 = CARTESIAN_POINT('',(52.95,33.075,1.));
#4938 = LINE('',#4939,#4940);
#4939 = CARTESIAN_POINT('',(52.95,33.075,1.));
#4940 = VECTOR('',#4941,1.);
#4941 = DIRECTION('',(-0.,-0.,-1.));
#4942 = ORIENTED_EDGE('',*,*,#4943,.F.);
#4943 = EDGE_CURVE('',#4888,#4936,#4944,.T.);
#4944 = LINE('',#4945,#4946);
#4945 = CARTESIAN_POINT('',(52.95,35.875,1.));
#4946 = VECTOR('',#4947,1.);
#4947 = DIRECTION('',(0.,-1.,0.));
#4948 = PLANE('',#4949);
#4949 = AXIS2_PLACEMENT_3D('',#4950,#4951,#4952);
#4950 = CARTESIAN_POINT('',(52.95,35.875,1.));
#4951 = DIRECTION('',(-1.,0.,0.));
#4952 = DIRECTION('',(0.,-1.,0.));
#4953 = ADVANCED_FACE('',(#4954),#4972,.T.);
#4954 = FACE_BOUND('',#4955,.T.);
#4955 = EDGE_LOOP('',(#4956,#4957,#4958,#4966));
#4956 = ORIENTED_EDGE('',*,*,#4911,.T.);
#4957 = ORIENTED_EDGE('',*,*,#250,.T.);
#4958 = ORIENTED_EDGE('',*,*,#4959,.F.);
#4959 = EDGE_CURVE('',#4960,#251,#4962,.T.);
#4960 = VERTEX_POINT('',#4961);
#4961 = CARTESIAN_POINT('',(85.15,35.875,1.));
#4962 = LINE('',#4963,#4964);
#4963 = CARTESIAN_POINT('',(85.15,35.875,1.));
#4964 = VECTOR('',#4965,1.);
#4965 = DIRECTION('',(-0.,-0.,-1.));
#4966 = ORIENTED_EDGE('',*,*,#4967,.F.);
#4967 = EDGE_CURVE('',#4912,#4960,#4968,.T.);
#4968 = LINE('',#4969,#4970);
#4969 = CARTESIAN_POINT('',(84.325,35.875,1.));
#4970 = VECTOR('',#4971,1.);
#4971 = DIRECTION('',(1.,0.,0.));
#4972 = PLANE('',#4973);
#4973 = AXIS2_PLACEMENT_3D('',#4974,#4975,#4976);
#4974 = CARTESIAN_POINT('',(84.325,35.875,1.));
#4975 = DIRECTION('',(0.,-1.,0.));
#4976 = DIRECTION('',(1.,0.,0.));
#4977 = ADVANCED_FACE('',(#4978),#4996,.F.);
#4978 = FACE_BOUND('',#4979,.F.);
#4979 = EDGE_LOOP('',(#4980,#4981,#4982,#4990));
#4980 = ORIENTED_EDGE('',*,*,#4935,.T.);
#4981 = ORIENTED_EDGE('',*,*,#426,.T.);
#4982 = ORIENTED_EDGE('',*,*,#4983,.F.);
#4983 = EDGE_CURVE('',#4984,#419,#4986,.T.);
#4984 = VERTEX_POINT('',#4985);
#4985 = CARTESIAN_POINT('',(53.775,33.075,1.));
#4986 = LINE('',#4987,#4988);
#4987 = CARTESIAN_POINT('',(53.775,33.075,1.));
#4988 = VECTOR('',#4989,1.);
#4989 = DIRECTION('',(-0.,-0.,-1.));
#4990 = ORIENTED_EDGE('',*,*,#4991,.F.);
#4991 = EDGE_CURVE('',#4936,#4984,#4992,.T.);
#4992 = LINE('',#4993,#4994);
#4993 = CARTESIAN_POINT('',(52.95,33.075,1.));
#4994 = VECTOR('',#4995,1.);
#4995 = DIRECTION('',(1.,0.,0.));
#4996 = PLANE('',#4997);
#4997 = AXIS2_PLACEMENT_3D('',#4998,#4999,#5000);
#4998 = CARTESIAN_POINT('',(52.95,33.075,1.));
#4999 = DIRECTION('',(0.,-1.,0.));
#5000 = DIRECTION('',(1.,0.,0.));
#5001 = ADVANCED_FACE('',(#5002),#5020,.T.);
#5002 = FACE_BOUND('',#5003,.T.);
#5003 = EDGE_LOOP('',(#5004,#5005,#5006,#5014));
#5004 = ORIENTED_EDGE('',*,*,#4959,.T.);
#5005 = ORIENTED_EDGE('',*,*,#258,.T.);
#5006 = ORIENTED_EDGE('',*,*,#5007,.F.);
#5007 = EDGE_CURVE('',#5008,#259,#5010,.T.);
#5008 = VERTEX_POINT('',#5009);
#5009 = CARTESIAN_POINT('',(85.15,33.075,1.));
#5010 = LINE('',#5011,#5012);
#5011 = CARTESIAN_POINT('',(85.15,33.075,1.));
#5012 = VECTOR('',#5013,1.);
#5013 = DIRECTION('',(-0.,-0.,-1.));
#5014 = ORIENTED_EDGE('',*,*,#5015,.F.);
#5015 = EDGE_CURVE('',#4960,#5008,#5016,.T.);
#5016 = LINE('',#5017,#5018);
#5017 = CARTESIAN_POINT('',(85.15,35.875,1.));
#5018 = VECTOR('',#5019,1.);
#5019 = DIRECTION('',(0.,-1.,0.));
#5020 = PLANE('',#5021);
#5021 = AXIS2_PLACEMENT_3D('',#5022,#5023,#5024);
#5022 = CARTESIAN_POINT('',(85.15,35.875,1.));
#5023 = DIRECTION('',(-1.,0.,0.));
#5024 = DIRECTION('',(0.,-1.,0.));
#5025 = ADVANCED_FACE('',(#5026),#5044,.F.);
#5026 = FACE_BOUND('',#5027,.F.);
#5027 = EDGE_LOOP('',(#5028,#5029,#5030,#5038));
#5028 = ORIENTED_EDGE('',*,*,#4983,.T.);
#5029 = ORIENTED_EDGE('',*,*,#418,.T.);
#5030 = ORIENTED_EDGE('',*,*,#5031,.F.);
#5031 = EDGE_CURVE('',#5032,#411,#5034,.T.);
#5032 = VERTEX_POINT('',#5033);
#5033 = CARTESIAN_POINT('',(53.775,26.805,1.));
#5034 = LINE('',#5035,#5036);
#5035 = CARTESIAN_POINT('',(53.775,26.805,1.));
#5036 = VECTOR('',#5037,1.);
#5037 = DIRECTION('',(-0.,-0.,-1.));
#5038 = ORIENTED_EDGE('',*,*,#5039,.F.);
#5039 = EDGE_CURVE('',#4984,#5032,#5040,.T.);
#5040 = LINE('',#5041,#5042);
#5041 = CARTESIAN_POINT('',(53.775,33.075,1.));
#5042 = VECTOR('',#5043,1.);
#5043 = DIRECTION('',(0.,-1.,0.));
#5044 = PLANE('',#5045);
#5045 = AXIS2_PLACEMENT_3D('',#5046,#5047,#5048);
#5046 = CARTESIAN_POINT('',(53.775,33.075,1.));
#5047 = DIRECTION('',(-1.,0.,0.));
#5048 = DIRECTION('',(0.,-1.,0.));
#5049 = ADVANCED_FACE('',(#5050),#5068,.T.);
#5050 = FACE_BOUND('',#5051,.T.);
#5051 = EDGE_LOOP('',(#5052,#5053,#5054,#5062));
#5052 = ORIENTED_EDGE('',*,*,#5007,.T.);
#5053 = ORIENTED_EDGE('',*,*,#266,.T.);
#5054 = ORIENTED_EDGE('',*,*,#5055,.F.);
#5055 = EDGE_CURVE('',#5056,#267,#5058,.T.);
#5056 = VERTEX_POINT('',#5057);
#5057 = CARTESIAN_POINT('',(84.325,33.075,1.));
#5058 = LINE('',#5059,#5060);
#5059 = CARTESIAN_POINT('',(84.325,33.075,1.));
#5060 = VECTOR('',#5061,1.);
#5061 = DIRECTION('',(-0.,-0.,-1.));
#5062 = ORIENTED_EDGE('',*,*,#5063,.F.);
#5063 = EDGE_CURVE('',#5008,#5056,#5064,.T.);
#5064 = LINE('',#5065,#5066);
#5065 = CARTESIAN_POINT('',(85.15,33.075,1.));
#5066 = VECTOR('',#5067,1.);
#5067 = DIRECTION('',(-1.,0.,0.));
#5068 = PLANE('',#5069);
#5069 = AXIS2_PLACEMENT_3D('',#5070,#5071,#5072);
#5070 = CARTESIAN_POINT('',(85.15,33.075,1.));
#5071 = DIRECTION('',(0.,1.,0.));
#5072 = DIRECTION('',(-1.,0.,0.));
#5073 = ADVANCED_FACE('',(#5074),#5092,.F.);
#5074 = FACE_BOUND('',#5075,.F.);
#5075 = EDGE_LOOP('',(#5076,#5077,#5078,#5086));
#5076 = ORIENTED_EDGE('',*,*,#5031,.T.);
#5077 = ORIENTED_EDGE('',*,*,#410,.T.);
#5078 = ORIENTED_EDGE('',*,*,#5079,.F.);
#5079 = EDGE_CURVE('',#5080,#403,#5082,.T.);
#5080 = VERTEX_POINT('',#5081);
#5081 = CARTESIAN_POINT('',(55.5,26.805,1.));
#5082 = LINE('',#5083,#5084);
#5083 = CARTESIAN_POINT('',(55.5,26.805,1.));
#5084 = VECTOR('',#5085,1.);
#5085 = DIRECTION('',(-0.,-0.,-1.));
#5086 = ORIENTED_EDGE('',*,*,#5087,.F.);
#5087 = EDGE_CURVE('',#5032,#5080,#5088,.T.);
#5088 = LINE('',#5089,#5090);
#5089 = CARTESIAN_POINT('',(53.775,26.805,1.));
#5090 = VECTOR('',#5091,1.);
#5091 = DIRECTION('',(1.,0.,0.));
#5092 = PLANE('',#5093);
#5093 = AXIS2_PLACEMENT_3D('',#5094,#5095,#5096);
#5094 = CARTESIAN_POINT('',(53.775,26.805,1.));
#5095 = DIRECTION('',(0.,-1.,0.));
#5096 = DIRECTION('',(1.,0.,0.));
#5097 = ADVANCED_FACE('',(#5098),#5116,.T.);
#5098 = FACE_BOUND('',#5099,.T.);
#5099 = EDGE_LOOP('',(#5100,#5101,#5102,#5110));
#5100 = ORIENTED_EDGE('',*,*,#5055,.T.);
#5101 = ORIENTED_EDGE('',*,*,#274,.T.);
#5102 = ORIENTED_EDGE('',*,*,#5103,.F.);
#5103 = EDGE_CURVE('',#5104,#275,#5106,.T.);
#5104 = VERTEX_POINT('',#5105);
#5105 = CARTESIAN_POINT('',(84.325,26.805,1.));
#5106 = LINE('',#5107,#5108);
#5107 = CARTESIAN_POINT('',(84.325,26.805,1.));
#5108 = VECTOR('',#5109,1.);
#5109 = DIRECTION('',(-0.,-0.,-1.));
#5110 = ORIENTED_EDGE('',*,*,#5111,.F.);
#5111 = EDGE_CURVE('',#5056,#5104,#5112,.T.);
#5112 = LINE('',#5113,#5114);
#5113 = CARTESIAN_POINT('',(84.325,33.075,1.));
#5114 = VECTOR('',#5115,1.);
#5115 = DIRECTION('',(0.,-1.,0.));
#5116 = PLANE('',#5117);
#5117 = AXIS2_PLACEMENT_3D('',#5118,#5119,#5120);
#5118 = CARTESIAN_POINT('',(84.325,33.075,1.));
#5119 = DIRECTION('',(-1.,0.,0.));
#5120 = DIRECTION('',(0.,-1.,0.));
#5121 = ADVANCED_FACE('',(#5122),#5140,.F.);
#5122 = FACE_BOUND('',#5123,.F.);
#5123 = EDGE_LOOP('',(#5124,#5125,#5126,#5134));
#5124 = ORIENTED_EDGE('',*,*,#5079,.T.);
#5125 = ORIENTED_EDGE('',*,*,#402,.T.);
#5126 = ORIENTED_EDGE('',*,*,#5127,.F.);
#5127 = EDGE_CURVE('',#5128,#395,#5130,.T.);
#5128 = VERTEX_POINT('',#5129);
#5129 = CARTESIAN_POINT('',(55.5,25.605,1.));
#5130 = LINE('',#5131,#5132);
#5131 = CARTESIAN_POINT('',(55.5,25.605,1.));
#5132 = VECTOR('',#5133,1.);
#5133 = DIRECTION('',(-0.,-0.,-1.));
#5134 = ORIENTED_EDGE('',*,*,#5135,.F.);
#5135 = EDGE_CURVE('',#5080,#5128,#5136,.T.);
#5136 = LINE('',#5137,#5138);
#5137 = CARTESIAN_POINT('',(55.5,26.805,1.));
#5138 = VECTOR('',#5139,1.);
#5139 = DIRECTION('',(0.,-1.,0.));
#5140 = PLANE('',#5141);
#5141 = AXIS2_PLACEMENT_3D('',#5142,#5143,#5144);
#5142 = CARTESIAN_POINT('',(55.5,26.805,1.));
#5143 = DIRECTION('',(-1.,0.,0.));
#5144 = DIRECTION('',(0.,-1.,0.));
#5145 = ADVANCED_FACE('',(#5146),#5164,.T.);
#5146 = FACE_BOUND('',#5147,.T.);
#5147 = EDGE_LOOP('',(#5148,#5149,#5150,#5158));
#5148 = ORIENTED_EDGE('',*,*,#5103,.T.);
#5149 = ORIENTED_EDGE('',*,*,#282,.T.);
#5150 = ORIENTED_EDGE('',*,*,#5151,.F.);
#5151 = EDGE_CURVE('',#5152,#283,#5154,.T.);
#5152 = VERTEX_POINT('',#5153);
#5153 = CARTESIAN_POINT('',(82.6,26.805,1.));
#5154 = LINE('',#5155,#5156);
#5155 = CARTESIAN_POINT('',(82.6,26.805,1.));
#5156 = VECTOR('',#5157,1.);
#5157 = DIRECTION('',(-0.,-0.,-1.));
#5158 = ORIENTED_EDGE('',*,*,#5159,.F.);
#5159 = EDGE_CURVE('',#5104,#5152,#5160,.T.);
#5160 = LINE('',#5161,#5162);
#5161 = CARTESIAN_POINT('',(84.325,26.805,1.));
#5162 = VECTOR('',#5163,1.);
#5163 = DIRECTION('',(-1.,0.,0.));
#5164 = PLANE('',#5165);
#5165 = AXIS2_PLACEMENT_3D('',#5166,#5167,#5168);
#5166 = CARTESIAN_POINT('',(84.325,26.805,1.));
#5167 = DIRECTION('',(0.,1.,0.));
#5168 = DIRECTION('',(-1.,0.,0.));
#5169 = ADVANCED_FACE('',(#5170),#5188,.F.);
#5170 = FACE_BOUND('',#5171,.F.);
#5171 = EDGE_LOOP('',(#5172,#5173,#5174,#5182));
#5172 = ORIENTED_EDGE('',*,*,#5127,.T.);
#5173 = ORIENTED_EDGE('',*,*,#394,.T.);
#5174 = ORIENTED_EDGE('',*,*,#5175,.F.);
#5175 = EDGE_CURVE('',#5176,#387,#5178,.T.);
#5176 = VERTEX_POINT('',#5177);
#5177 = CARTESIAN_POINT('',(58.8,25.605,1.));
#5178 = LINE('',#5179,#5180);
#5179 = CARTESIAN_POINT('',(58.8,25.605,1.));
#5180 = VECTOR('',#5181,1.);
#5181 = DIRECTION('',(-0.,-0.,-1.));
#5182 = ORIENTED_EDGE('',*,*,#5183,.F.);
#5183 = EDGE_CURVE('',#5128,#5176,#5184,.T.);
#5184 = LINE('',#5185,#5186);
#5185 = CARTESIAN_POINT('',(55.5,25.605,1.));
#5186 = VECTOR('',#5187,1.);
#5187 = DIRECTION('',(1.,0.,0.));
#5188 = PLANE('',#5189);
#5189 = AXIS2_PLACEMENT_3D('',#5190,#5191,#5192);
#5190 = CARTESIAN_POINT('',(55.5,25.605,1.));
#5191 = DIRECTION('',(0.,-1.,0.));
#5192 = DIRECTION('',(1.,0.,0.));
#5193 = ADVANCED_FACE('',(#5194),#5212,.T.);
#5194 = FACE_BOUND('',#5195,.T.);
#5195 = EDGE_LOOP('',(#5196,#5197,#5198,#5206));
#5196 = ORIENTED_EDGE('',*,*,#5151,.T.);
#5197 = ORIENTED_EDGE('',*,*,#290,.T.);
#5198 = ORIENTED_EDGE('',*,*,#5199,.F.);
#5199 = EDGE_CURVE('',#5200,#291,#5202,.T.);
#5200 = VERTEX_POINT('',#5201);
#5201 = CARTESIAN_POINT('',(82.6,25.605,1.));
#5202 = LINE('',#5203,#5204);
#5203 = CARTESIAN_POINT('',(82.6,25.605,1.));
#5204 = VECTOR('',#5205,1.);
#5205 = DIRECTION('',(-0.,-0.,-1.));
#5206 = ORIENTED_EDGE('',*,*,#5207,.F.);
#5207 = EDGE_CURVE('',#5152,#5200,#5208,.T.);
#5208 = LINE('',#5209,#5210);
#5209 = CARTESIAN_POINT('',(82.6,26.805,1.));
#5210 = VECTOR('',#5211,1.);
#5211 = DIRECTION('',(0.,-1.,0.));
#5212 = PLANE('',#5213);
#5213 = AXIS2_PLACEMENT_3D('',#5214,#5215,#5216);
#5214 = CARTESIAN_POINT('',(82.6,26.805,1.));
#5215 = DIRECTION('',(-1.,0.,0.));
#5216 = DIRECTION('',(0.,-1.,0.));
#5217 = ADVANCED_FACE('',(#5218),#5236,.F.);
#5218 = FACE_BOUND('',#5219,.F.);
#5219 = EDGE_LOOP('',(#5220,#5221,#5222,#5230));
#5220 = ORIENTED_EDGE('',*,*,#5175,.T.);
#5221 = ORIENTED_EDGE('',*,*,#386,.T.);
#5222 = ORIENTED_EDGE('',*,*,#5223,.F.);
#5223 = EDGE_CURVE('',#5224,#379,#5226,.T.);
#5224 = VERTEX_POINT('',#5225);
#5225 = CARTESIAN_POINT('',(58.8,26.805,1.));
#5226 = LINE('',#5227,#5228);
#5227 = CARTESIAN_POINT('',(58.8,26.805,1.));
#5228 = VECTOR('',#5229,1.);
#5229 = DIRECTION('',(-0.,-0.,-1.));
#5230 = ORIENTED_EDGE('',*,*,#5231,.F.);
#5231 = EDGE_CURVE('',#5176,#5224,#5232,.T.);
#5232 = LINE('',#5233,#5234);
#5233 = CARTESIAN_POINT('',(58.8,25.605,1.));
#5234 = VECTOR('',#5235,1.);
#5235 = DIRECTION('',(0.,1.,0.));
#5236 = PLANE('',#5237);
#5237 = AXIS2_PLACEMENT_3D('',#5238,#5239,#5240);
#5238 = CARTESIAN_POINT('',(58.8,25.605,1.));
#5239 = DIRECTION('',(1.,0.,0.));
#5240 = DIRECTION('',(0.,1.,0.));
#5241 = ADVANCED_FACE('',(#5242),#5260,.T.);
#5242 = FACE_BOUND('',#5243,.T.);
#5243 = EDGE_LOOP('',(#5244,#5245,#5246,#5254));
#5244 = ORIENTED_EDGE('',*,*,#5199,.T.);
#5245 = ORIENTED_EDGE('',*,*,#298,.T.);
#5246 = ORIENTED_EDGE('',*,*,#5247,.F.);
#5247 = EDGE_CURVE('',#5248,#299,#5250,.T.);
#5248 = VERTEX_POINT('',#5249);
#5249 = CARTESIAN_POINT('',(79.3,25.605,1.));
#5250 = LINE('',#5251,#5252);
#5251 = CARTESIAN_POINT('',(79.3,25.605,1.));
#5252 = VECTOR('',#5253,1.);
#5253 = DIRECTION('',(-0.,-0.,-1.));
#5254 = ORIENTED_EDGE('',*,*,#5255,.F.);
#5255 = EDGE_CURVE('',#5200,#5248,#5256,.T.);
#5256 = LINE('',#5257,#5258);
#5257 = CARTESIAN_POINT('',(82.6,25.605,1.));
#5258 = VECTOR('',#5259,1.);
#5259 = DIRECTION('',(-1.,0.,0.));
#5260 = PLANE('',#5261);
#5261 = AXIS2_PLACEMENT_3D('',#5262,#5263,#5264);
#5262 = CARTESIAN_POINT('',(82.6,25.605,1.));
#5263 = DIRECTION('',(0.,1.,0.));
#5264 = DIRECTION('',(-1.,0.,0.));
#5265 = ADVANCED_FACE('',(#5266),#5284,.F.);
#5266 = FACE_BOUND('',#5267,.F.);
#5267 = EDGE_LOOP('',(#5268,#5269,#5270,#5278));
#5268 = ORIENTED_EDGE('',*,*,#5223,.T.);
#5269 = ORIENTED_EDGE('',*,*,#378,.T.);
#5270 = ORIENTED_EDGE('',*,*,#5271,.F.);
#5271 = EDGE_CURVE('',#5272,#371,#5274,.T.);
#5272 = VERTEX_POINT('',#5273);
#5273 = CARTESIAN_POINT('',(60.525,26.805,1.));
#5274 = LINE('',#5275,#5276);
#5275 = CARTESIAN_POINT('',(60.525,26.805,1.));
#5276 = VECTOR('',#5277,1.);
#5277 = DIRECTION('',(-0.,-0.,-1.));
#5278 = ORIENTED_EDGE('',*,*,#5279,.F.);
#5279 = EDGE_CURVE('',#5224,#5272,#5280,.T.);
#5280 = LINE('',#5281,#5282);
#5281 = CARTESIAN_POINT('',(58.8,26.805,1.));
#5282 = VECTOR('',#5283,1.);
#5283 = DIRECTION('',(1.,0.,0.));
#5284 = PLANE('',#5285);
#5285 = AXIS2_PLACEMENT_3D('',#5286,#5287,#5288);
#5286 = CARTESIAN_POINT('',(58.8,26.805,1.));
#5287 = DIRECTION('',(0.,-1.,0.));
#5288 = DIRECTION('',(1.,0.,0.));
#5289 = ADVANCED_FACE('',(#5290),#5308,.T.);
#5290 = FACE_BOUND('',#5291,.T.);
#5291 = EDGE_LOOP('',(#5292,#5293,#5294,#5302));
#5292 = ORIENTED_EDGE('',*,*,#5247,.T.);
#5293 = ORIENTED_EDGE('',*,*,#306,.T.);
#5294 = ORIENTED_EDGE('',*,*,#5295,.F.);
#5295 = EDGE_CURVE('',#5296,#307,#5298,.T.);
#5296 = VERTEX_POINT('',#5297);
#5297 = CARTESIAN_POINT('',(79.3,26.805,1.));
#5298 = LINE('',#5299,#5300);
#5299 = CARTESIAN_POINT('',(79.3,26.805,1.));
#5300 = VECTOR('',#5301,1.);
#5301 = DIRECTION('',(-0.,-0.,-1.));
#5302 = ORIENTED_EDGE('',*,*,#5303,.F.);
#5303 = EDGE_CURVE('',#5248,#5296,#5304,.T.);
#5304 = LINE('',#5305,#5306);
#5305 = CARTESIAN_POINT('',(79.3,25.605,1.));
#5306 = VECTOR('',#5307,1.);
#5307 = DIRECTION('',(0.,1.,0.));
#5308 = PLANE('',#5309);
#5309 = AXIS2_PLACEMENT_3D('',#5310,#5311,#5312);
#5310 = CARTESIAN_POINT('',(79.3,25.605,1.));
#5311 = DIRECTION('',(1.,0.,0.));
#5312 = DIRECTION('',(0.,1.,0.));
#5313 = ADVANCED_FACE('',(#5314),#5332,.F.);
#5314 = FACE_BOUND('',#5315,.F.);
#5315 = EDGE_LOOP('',(#5316,#5317,#5318,#5326));
#5316 = ORIENTED_EDGE('',*,*,#5271,.T.);
#5317 = ORIENTED_EDGE('',*,*,#370,.T.);
#5318 = ORIENTED_EDGE('',*,*,#5319,.F.);
#5319 = EDGE_CURVE('',#5320,#363,#5322,.T.);
#5320 = VERTEX_POINT('',#5321);
#5321 = CARTESIAN_POINT('',(60.525,31.275,1.));
#5322 = LINE('',#5323,#5324);
#5323 = CARTESIAN_POINT('',(60.525,31.275,1.));
#5324 = VECTOR('',#5325,1.);
#5325 = DIRECTION('',(-0.,-0.,-1.));
#5326 = ORIENTED_EDGE('',*,*,#5327,.F.);
#5327 = EDGE_CURVE('',#5272,#5320,#5328,.T.);
#5328 = LINE('',#5329,#5330);
#5329 = CARTESIAN_POINT('',(60.525,26.805,1.));
#5330 = VECTOR('',#5331,1.);
#5331 = DIRECTION('',(0.,1.,0.));
#5332 = PLANE('',#5333);
#5333 = AXIS2_PLACEMENT_3D('',#5334,#5335,#5336);
#5334 = CARTESIAN_POINT('',(60.525,26.805,1.));
#5335 = DIRECTION('',(1.,0.,0.));
#5336 = DIRECTION('',(0.,1.,0.));
#5337 = ADVANCED_FACE('',(#5338),#5356,.T.);
#5338 = FACE_BOUND('',#5339,.T.);
#5339 = EDGE_LOOP('',(#5340,#5341,#5342,#5350));
#5340 = ORIENTED_EDGE('',*,*,#5295,.T.);
#5341 = ORIENTED_EDGE('',*,*,#314,.T.);
#5342 = ORIENTED_EDGE('',*,*,#5343,.F.);
#5343 = EDGE_CURVE('',#5344,#315,#5346,.T.);
#5344 = VERTEX_POINT('',#5345);
#5345 = CARTESIAN_POINT('',(77.575,26.805,1.));
#5346 = LINE('',#5347,#5348);
#5347 = CARTESIAN_POINT('',(77.575,26.805,1.));
#5348 = VECTOR('',#5349,1.);
#5349 = DIRECTION('',(-0.,-0.,-1.));
#5350 = ORIENTED_EDGE('',*,*,#5351,.F.);
#5351 = EDGE_CURVE('',#5296,#5344,#5352,.T.);
#5352 = LINE('',#5353,#5354);
#5353 = CARTESIAN_POINT('',(79.3,26.805,1.));
#5354 = VECTOR('',#5355,1.);
#5355 = DIRECTION('',(-1.,0.,0.));
#5356 = PLANE('',#5357);
#5357 = AXIS2_PLACEMENT_3D('',#5358,#5359,#5360);
#5358 = CARTESIAN_POINT('',(79.3,26.805,1.));
#5359 = DIRECTION('',(0.,1.,0.));
#5360 = DIRECTION('',(-1.,0.,0.));
#5361 = ADVANCED_FACE('',(#5362),#5380,.F.);
#5362 = FACE_BOUND('',#5363,.F.);
#5363 = EDGE_LOOP('',(#5364,#5365,#5366,#5374));
#5364 = ORIENTED_EDGE('',*,*,#5319,.T.);
#5365 = ORIENTED_EDGE('',*,*,#362,.T.);
#5366 = ORIENTED_EDGE('',*,*,#5367,.F.);
#5367 = EDGE_CURVE('',#5368,#355,#5370,.T.);
#5368 = VERTEX_POINT('',#5369);
#5369 = CARTESIAN_POINT('',(62.05,31.275,1.));
#5370 = LINE('',#5371,#5372);
#5371 = CARTESIAN_POINT('',(62.05,31.275,1.));
#5372 = VECTOR('',#5373,1.);
#5373 = DIRECTION('',(-0.,-0.,-1.));
#5374 = ORIENTED_EDGE('',*,*,#5375,.F.);
#5375 = EDGE_CURVE('',#5320,#5368,#5376,.T.);
#5376 = LINE('',#5377,#5378);
#5377 = CARTESIAN_POINT('',(60.525,31.275,1.));
#5378 = VECTOR('',#5379,1.);
#5379 = DIRECTION('',(1.,0.,0.));
#5380 = PLANE('',#5381);
#5381 = AXIS2_PLACEMENT_3D('',#5382,#5383,#5384);
#5382 = CARTESIAN_POINT('',(60.525,31.275,1.));
#5383 = DIRECTION('',(0.,-1.,0.));
#5384 = DIRECTION('',(1.,0.,0.));
#5385 = ADVANCED_FACE('',(#5386),#5404,.T.);
#5386 = FACE_BOUND('',#5387,.T.);
#5387 = EDGE_LOOP('',(#5388,#5389,#5390,#5398));
#5388 = ORIENTED_EDGE('',*,*,#5343,.T.);
#5389 = ORIENTED_EDGE('',*,*,#322,.T.);
#5390 = ORIENTED_EDGE('',*,*,#5391,.F.);
#5391 = EDGE_CURVE('',#5392,#323,#5394,.T.);
#5392 = VERTEX_POINT('',#5393);
#5393 = CARTESIAN_POINT('',(77.575,31.275,1.));
#5394 = LINE('',#5395,#5396);
#5395 = CARTESIAN_POINT('',(77.575,31.275,1.));
#5396 = VECTOR('',#5397,1.);
#5397 = DIRECTION('',(-0.,-0.,-1.));
#5398 = ORIENTED_EDGE('',*,*,#5399,.F.);
#5399 = EDGE_CURVE('',#5344,#5392,#5400,.T.);
#5400 = LINE('',#5401,#5402);
#5401 = CARTESIAN_POINT('',(77.575,26.805,1.));
#5402 = VECTOR('',#5403,1.);
#5403 = DIRECTION('',(0.,1.,0.));
#5404 = PLANE('',#5405);
#5405 = AXIS2_PLACEMENT_3D('',#5406,#5407,#5408);
#5406 = CARTESIAN_POINT('',(77.575,26.805,1.));
#5407 = DIRECTION('',(1.,0.,0.));
#5408 = DIRECTION('',(0.,1.,0.));
#5409 = ADVANCED_FACE('',(#5410),#5428,.T.);
#5410 = FACE_BOUND('',#5411,.T.);
#5411 = EDGE_LOOP('',(#5412,#5420,#5421,#5422));
#5412 = ORIENTED_EDGE('',*,*,#5413,.T.);
#5413 = EDGE_CURVE('',#5414,#347,#5416,.T.);
#5414 = VERTEX_POINT('',#5415);
#5415 = CARTESIAN_POINT('',(62.05,26.575,1.));
#5416 = LINE('',#5417,#5418);
#5417 = CARTESIAN_POINT('',(62.05,26.575,1.));
#5418 = VECTOR('',#5419,1.);
#5419 = DIRECTION('',(-0.,-0.,-1.));
#5420 = ORIENTED_EDGE('',*,*,#354,.T.);
#5421 = ORIENTED_EDGE('',*,*,#5367,.F.);
#5422 = ORIENTED_EDGE('',*,*,#5423,.F.);
#5423 = EDGE_CURVE('',#5414,#5368,#5424,.T.);
#5424 = LINE('',#5425,#5426);
#5425 = CARTESIAN_POINT('',(62.05,26.575,1.));
#5426 = VECTOR('',#5427,1.);
#5427 = DIRECTION('',(0.,1.,0.));
#5428 = PLANE('',#5429);
#5429 = AXIS2_PLACEMENT_3D('',#5430,#5431,#5432);
#5430 = CARTESIAN_POINT('',(62.05,26.575,1.));
#5431 = DIRECTION('',(1.,0.,0.));
#5432 = DIRECTION('',(0.,1.,0.));
#5433 = ADVANCED_FACE('',(#5434),#5452,.T.);
#5434 = FACE_BOUND('',#5435,.T.);
#5435 = EDGE_LOOP('',(#5436,#5437,#5438,#5446));
#5436 = ORIENTED_EDGE('',*,*,#5391,.T.);
#5437 = ORIENTED_EDGE('',*,*,#330,.T.);
#5438 = ORIENTED_EDGE('',*,*,#5439,.F.);
#5439 = EDGE_CURVE('',#5440,#331,#5442,.T.);
#5440 = VERTEX_POINT('',#5441);
#5441 = CARTESIAN_POINT('',(76.05,31.275,1.));
#5442 = LINE('',#5443,#5444);
#5443 = CARTESIAN_POINT('',(76.05,31.275,1.));
#5444 = VECTOR('',#5445,1.);
#5445 = DIRECTION('',(-0.,-0.,-1.));
#5446 = ORIENTED_EDGE('',*,*,#5447,.F.);
#5447 = EDGE_CURVE('',#5392,#5440,#5448,.T.);
#5448 = LINE('',#5449,#5450);
#5449 = CARTESIAN_POINT('',(77.575,31.275,1.));
#5450 = VECTOR('',#5451,1.);
#5451 = DIRECTION('',(-1.,0.,0.));
#5452 = PLANE('',#5453);
#5453 = AXIS2_PLACEMENT_3D('',#5454,#5455,#5456);
#5454 = CARTESIAN_POINT('',(77.575,31.275,1.));
#5455 = DIRECTION('',(0.,1.,0.));
#5456 = DIRECTION('',(-1.,0.,0.));
#5457 = ADVANCED_FACE('',(#5458),#5476,.T.);
#5458 = FACE_BOUND('',#5459,.T.);
#5459 = EDGE_LOOP('',(#5460,#5468,#5469,#5470));
#5460 = ORIENTED_EDGE('',*,*,#5461,.T.);
#5461 = EDGE_CURVE('',#5462,#339,#5464,.T.);
#5462 = VERTEX_POINT('',#5463);
#5463 = CARTESIAN_POINT('',(76.05,26.575,1.));
#5464 = LINE('',#5465,#5466);
#5465 = CARTESIAN_POINT('',(76.05,26.575,1.));
#5466 = VECTOR('',#5467,1.);
#5467 = DIRECTION('',(-0.,-0.,-1.));
#5468 = ORIENTED_EDGE('',*,*,#346,.T.);
#5469 = ORIENTED_EDGE('',*,*,#5413,.F.);
#5470 = ORIENTED_EDGE('',*,*,#5471,.F.);
#5471 = EDGE_CURVE('',#5462,#5414,#5472,.T.);
#5472 = LINE('',#5473,#5474);
#5473 = CARTESIAN_POINT('',(76.05,26.575,1.));
#5474 = VECTOR('',#5475,1.);
#5475 = DIRECTION('',(-1.,0.,0.));
#5476 = PLANE('',#5477);
#5477 = AXIS2_PLACEMENT_3D('',#5478,#5479,#5480);
#5478 = CARTESIAN_POINT('',(76.05,26.575,1.));
#5479 = DIRECTION('',(0.,1.,0.));
#5480 = DIRECTION('',(-1.,0.,0.));
#5481 = ADVANCED_FACE('',(#5482),#5493,.T.);
#5482 = FACE_BOUND('',#5483,.T.);
#5483 = EDGE_LOOP('',(#5484,#5485,#5486,#5487));
#5484 = ORIENTED_EDGE('',*,*,#5439,.T.);
#5485 = ORIENTED_EDGE('',*,*,#338,.T.);
#5486 = ORIENTED_EDGE('',*,*,#5461,.F.);
#5487 = ORIENTED_EDGE('',*,*,#5488,.F.);
#5488 = EDGE_CURVE('',#5440,#5462,#5489,.T.);
#5489 = LINE('',#5490,#5491);
#5490 = CARTESIAN_POINT('',(76.05,31.275,1.));
#5491 = VECTOR('',#5492,1.);
#5492 = DIRECTION('',(0.,-1.,0.));
#5493 = PLANE('',#5494);
#5494 = AXIS2_PLACEMENT_3D('',#5495,#5496,#5497);
#5495 = CARTESIAN_POINT('',(76.05,31.275,1.));
#5496 = DIRECTION('',(-1.,0.,0.));
#5497 = DIRECTION('',(0.,-1.,0.));
#5498 = ADVANCED_FACE('',(#5499),#5524,.F.);
#5499 = FACE_BOUND('',#5500,.F.);
#5500 = EDGE_LOOP('',(#5501,#5509,#5510,#5518));
#5501 = ORIENTED_EDGE('',*,*,#5502,.T.);
#5502 = EDGE_CURVE('',#5503,#483,#5505,.T.);
#5503 = VERTEX_POINT('',#5504);
#5504 = CARTESIAN_POINT('',(102.53125,21.525,1.));
#5505 = LINE('',#5506,#5507);
#5506 = CARTESIAN_POINT('',(102.53125,21.525,1.));
#5507 = VECTOR('',#5508,1.);
#5508 = DIRECTION('',(-0.,-0.,-1.));
#5509 = ORIENTED_EDGE('',*,*,#482,.T.);
#5510 = ORIENTED_EDGE('',*,*,#5511,.F.);
#5511 = EDGE_CURVE('',#5512,#485,#5514,.T.);
#5512 = VERTEX_POINT('',#5513);
#5513 = CARTESIAN_POINT('',(102.53125,7.525,1.));
#5514 = LINE('',#5515,#5516);
#5515 = CARTESIAN_POINT('',(102.53125,7.525,1.));
#5516 = VECTOR('',#5517,1.);
#5517 = DIRECTION('',(-0.,-0.,-1.));
#5518 = ORIENTED_EDGE('',*,*,#5519,.F.);
#5519 = EDGE_CURVE('',#5503,#5512,#5520,.T.);
#5520 = LINE('',#5521,#5522);
#5521 = CARTESIAN_POINT('',(102.53125,21.525,1.));
#5522 = VECTOR('',#5523,1.);
#5523 = DIRECTION('',(0.,-1.,0.));
#5524 = PLANE('',#5525);
#5525 = AXIS2_PLACEMENT_3D('',#5526,#5527,#5528);
#5526 = CARTESIAN_POINT('',(102.53125,21.525,1.));
#5527 = DIRECTION('',(-1.,0.,0.));
#5528 = DIRECTION('',(0.,-1.,0.));
#5529 = ADVANCED_FACE('',(#5530),#5548,.F.);
#5530 = FACE_BOUND('',#5531,.F.);
#5531 = EDGE_LOOP('',(#5532,#5540,#5541,#5542));
#5532 = ORIENTED_EDGE('',*,*,#5533,.T.);
#5533 = EDGE_CURVE('',#5534,#493,#5536,.T.);
#5534 = VERTEX_POINT('',#5535);
#5535 = CARTESIAN_POINT('',(116.53125,21.525,1.));
#5536 = LINE('',#5537,#5538);
#5537 = CARTESIAN_POINT('',(116.53125,21.525,1.));
#5538 = VECTOR('',#5539,1.);
#5539 = DIRECTION('',(-0.,-0.,-1.));
#5540 = ORIENTED_EDGE('',*,*,#492,.T.);
#5541 = ORIENTED_EDGE('',*,*,#5502,.F.);
#5542 = ORIENTED_EDGE('',*,*,#5543,.F.);
#5543 = EDGE_CURVE('',#5534,#5503,#5544,.T.);
#5544 = LINE('',#5545,#5546);
#5545 = CARTESIAN_POINT('',(116.53125,21.525,1.));
#5546 = VECTOR('',#5547,1.);
#5547 = DIRECTION('',(-1.,0.,0.));
#5548 = PLANE('',#5549);
#5549 = AXIS2_PLACEMENT_3D('',#5550,#5551,#5552);
#5550 = CARTESIAN_POINT('',(116.53125,21.525,1.));
#5551 = DIRECTION('',(0.,1.,0.));
#5552 = DIRECTION('',(-1.,0.,0.));
#5553 = ADVANCED_FACE('',(#5554),#5572,.F.);
#5554 = FACE_BOUND('',#5555,.F.);
#5555 = EDGE_LOOP('',(#5556,#5557,#5558,#5566));
#5556 = ORIENTED_EDGE('',*,*,#5511,.T.);
#5557 = ORIENTED_EDGE('',*,*,#508,.T.);
#5558 = ORIENTED_EDGE('',*,*,#5559,.F.);
#5559 = EDGE_CURVE('',#5560,#501,#5562,.T.);
#5560 = VERTEX_POINT('',#5561);
#5561 = CARTESIAN_POINT('',(116.53125,7.525,1.));
#5562 = LINE('',#5563,#5564);
#5563 = CARTESIAN_POINT('',(116.53125,7.525,1.));
#5564 = VECTOR('',#5565,1.);
#5565 = DIRECTION('',(-0.,-0.,-1.));
#5566 = ORIENTED_EDGE('',*,*,#5567,.F.);
#5567 = EDGE_CURVE('',#5512,#5560,#5568,.T.);
#5568 = LINE('',#5569,#5570);
#5569 = CARTESIAN_POINT('',(102.53125,7.525,1.));
#5570 = VECTOR('',#5571,1.);
#5571 = DIRECTION('',(1.,0.,0.));
#5572 = PLANE('',#5573);
#5573 = AXIS2_PLACEMENT_3D('',#5574,#5575,#5576);
#5574 = CARTESIAN_POINT('',(102.53125,7.525,1.));
#5575 = DIRECTION('',(0.,-1.,0.));
#5576 = DIRECTION('',(1.,0.,0.));
#5577 = ADVANCED_FACE('',(#5578),#5589,.F.);
#5578 = FACE_BOUND('',#5579,.F.);
#5579 = EDGE_LOOP('',(#5580,#5581,#5582,#5583));
#5580 = ORIENTED_EDGE('',*,*,#5559,.T.);
#5581 = ORIENTED_EDGE('',*,*,#500,.T.);
#5582 = ORIENTED_EDGE('',*,*,#5533,.F.);
#5583 = ORIENTED_EDGE('',*,*,#5584,.F.);
#5584 = EDGE_CURVE('',#5560,#5534,#5585,.T.);
#5585 = LINE('',#5586,#5587);
#5586 = CARTESIAN_POINT('',(116.53125,7.525,1.));
#5587 = VECTOR('',#5588,1.);
#5588 = DIRECTION('',(0.,1.,0.));
#5589 = PLANE('',#5590);
#5590 = AXIS2_PLACEMENT_3D('',#5591,#5592,#5593);
#5591 = CARTESIAN_POINT('',(116.53125,7.525,1.));
#5592 = DIRECTION('',(1.,0.,0.));
#5593 = DIRECTION('',(0.,1.,0.));
#5594 = ADVANCED_FACE('',(#5595),#5620,.F.);
#5595 = FACE_BOUND('',#5596,.F.);
#5596 = EDGE_LOOP('',(#5597,#5605,#5606,#5614));
#5597 = ORIENTED_EDGE('',*,*,#5598,.T.);
#5598 = EDGE_CURVE('',#5599,#517,#5601,.T.);
#5599 = VERTEX_POINT('',#5600);
#5600 = CARTESIAN_POINT('',(90.625,40.575,1.));
#5601 = LINE('',#5602,#5603);
#5602 = CARTESIAN_POINT('',(90.625,40.575,1.));
#5603 = VECTOR('',#5604,1.);
#5604 = DIRECTION('',(-0.,-0.,-1.));
#5605 = ORIENTED_EDGE('',*,*,#516,.T.);
#5606 = ORIENTED_EDGE('',*,*,#5607,.F.);
#5607 = EDGE_CURVE('',#5608,#519,#5610,.T.);
#5608 = VERTEX_POINT('',#5609);
#5609 = CARTESIAN_POINT('',(90.625,26.575,1.));
#5610 = LINE('',#5611,#5612);
#5611 = CARTESIAN_POINT('',(90.625,26.575,1.));
#5612 = VECTOR('',#5613,1.);
#5613 = DIRECTION('',(-0.,-0.,-1.));
#5614 = ORIENTED_EDGE('',*,*,#5615,.F.);
#5615 = EDGE_CURVE('',#5599,#5608,#5616,.T.);
#5616 = LINE('',#5617,#5618);
#5617 = CARTESIAN_POINT('',(90.625,40.575,1.));
#5618 = VECTOR('',#5619,1.);
#5619 = DIRECTION('',(0.,-1.,0.));
#5620 = PLANE('',#5621);
#5621 = AXIS2_PLACEMENT_3D('',#5622,#5623,#5624);
#5622 = CARTESIAN_POINT('',(90.625,40.575,1.));
#5623 = DIRECTION('',(-1.,0.,0.));
#5624 = DIRECTION('',(0.,-1.,0.));
#5625 = ADVANCED_FACE('',(#5626),#5644,.F.);
#5626 = FACE_BOUND('',#5627,.F.);
#5627 = EDGE_LOOP('',(#5628,#5636,#5637,#5638));
#5628 = ORIENTED_EDGE('',*,*,#5629,.T.);
#5629 = EDGE_CURVE('',#5630,#527,#5632,.T.);
#5630 = VERTEX_POINT('',#5631);
#5631 = CARTESIAN_POINT('',(104.625,40.575,1.));
#5632 = LINE('',#5633,#5634);
#5633 = CARTESIAN_POINT('',(104.625,40.575,1.));
#5634 = VECTOR('',#5635,1.);
#5635 = DIRECTION('',(-0.,-0.,-1.));
#5636 = ORIENTED_EDGE('',*,*,#526,.T.);
#5637 = ORIENTED_EDGE('',*,*,#5598,.F.);
#5638 = ORIENTED_EDGE('',*,*,#5639,.F.);
#5639 = EDGE_CURVE('',#5630,#5599,#5640,.T.);
#5640 = LINE('',#5641,#5642);
#5641 = CARTESIAN_POINT('',(104.625,40.575,1.));
#5642 = VECTOR('',#5643,1.);
#5643 = DIRECTION('',(-1.,0.,0.));
#5644 = PLANE('',#5645);
#5645 = AXIS2_PLACEMENT_3D('',#5646,#5647,#5648);
#5646 = CARTESIAN_POINT('',(104.625,40.575,1.));
#5647 = DIRECTION('',(0.,1.,0.));
#5648 = DIRECTION('',(-1.,0.,0.));
#5649 = ADVANCED_FACE('',(#5650),#5668,.F.);
#5650 = FACE_BOUND('',#5651,.F.);
#5651 = EDGE_LOOP('',(#5652,#5653,#5654,#5662));
#5652 = ORIENTED_EDGE('',*,*,#5607,.T.);
#5653 = ORIENTED_EDGE('',*,*,#542,.T.);
#5654 = ORIENTED_EDGE('',*,*,#5655,.F.);
#5655 = EDGE_CURVE('',#5656,#535,#5658,.T.);
#5656 = VERTEX_POINT('',#5657);
#5657 = CARTESIAN_POINT('',(104.625,26.575,1.));
#5658 = LINE('',#5659,#5660);
#5659 = CARTESIAN_POINT('',(104.625,26.575,1.));
#5660 = VECTOR('',#5661,1.);
#5661 = DIRECTION('',(-0.,-0.,-1.));
#5662 = ORIENTED_EDGE('',*,*,#5663,.F.);
#5663 = EDGE_CURVE('',#5608,#5656,#5664,.T.);
#5664 = LINE('',#5665,#5666);
#5665 = CARTESIAN_POINT('',(90.625,26.575,1.));
#5666 = VECTOR('',#5667,1.);
#5667 = DIRECTION('',(1.,0.,0.));
#5668 = PLANE('',#5669);
#5669 = AXIS2_PLACEMENT_3D('',#5670,#5671,#5672);
#5670 = CARTESIAN_POINT('',(90.625,26.575,1.));
#5671 = DIRECTION('',(0.,-1.,0.));
#5672 = DIRECTION('',(1.,0.,0.));
#5673 = ADVANCED_FACE('',(#5674),#5685,.F.);
#5674 = FACE_BOUND('',#5675,.F.);
#5675 = EDGE_LOOP('',(#5676,#5677,#5678,#5679));
#5676 = ORIENTED_EDGE('',*,*,#5655,.T.);
#5677 = ORIENTED_EDGE('',*,*,#534,.T.);
#5678 = ORIENTED_EDGE('',*,*,#5629,.F.);
#5679 = ORIENTED_EDGE('',*,*,#5680,.F.);
#5680 = EDGE_CURVE('',#5656,#5630,#5681,.T.);
#5681 = LINE('',#5682,#5683);
#5682 = CARTESIAN_POINT('',(104.625,26.575,1.));
#5683 = VECTOR('',#5684,1.);
#5684 = DIRECTION('',(0.,1.,0.));
#5685 = PLANE('',#5686);
#5686 = AXIS2_PLACEMENT_3D('',#5687,#5688,#5689);
#5687 = CARTESIAN_POINT('',(104.625,26.575,1.));
#5688 = DIRECTION('',(1.,0.,0.));
#5689 = DIRECTION('',(0.,1.,0.));
#5690 = ADVANCED_FACE('',(#5691),#5716,.F.);
#5691 = FACE_BOUND('',#5692,.F.);
#5692 = EDGE_LOOP('',(#5693,#5701,#5702,#5710));
#5693 = ORIENTED_EDGE('',*,*,#5694,.T.);
#5694 = EDGE_CURVE('',#5695,#551,#5697,.T.);
#5695 = VERTEX_POINT('',#5696);
#5696 = CARTESIAN_POINT('',(109.675,40.575,1.));
#5697 = LINE('',#5698,#5699);
#5698 = CARTESIAN_POINT('',(109.675,40.575,1.));
#5699 = VECTOR('',#5700,1.);
#5700 = DIRECTION('',(-0.,-0.,-1.));
#5701 = ORIENTED_EDGE('',*,*,#550,.T.);
#5702 = ORIENTED_EDGE('',*,*,#5703,.F.);
#5703 = EDGE_CURVE('',#5704,#553,#5706,.T.);
#5704 = VERTEX_POINT('',#5705);
#5705 = CARTESIAN_POINT('',(109.675,26.575,1.));
#5706 = LINE('',#5707,#5708);
#5707 = CARTESIAN_POINT('',(109.675,26.575,1.));
#5708 = VECTOR('',#5709,1.);
#5709 = DIRECTION('',(-0.,-0.,-1.));
#5710 = ORIENTED_EDGE('',*,*,#5711,.F.);
#5711 = EDGE_CURVE('',#5695,#5704,#5712,.T.);
#5712 = LINE('',#5713,#5714);
#5713 = CARTESIAN_POINT('',(109.675,40.575,1.));
#5714 = VECTOR('',#5715,1.);
#5715 = DIRECTION('',(0.,-1.,0.));
#5716 = PLANE('',#5717);
#5717 = AXIS2_PLACEMENT_3D('',#5718,#5719,#5720);
#5718 = CARTESIAN_POINT('',(109.675,40.575,1.));
#5719 = DIRECTION('',(-1.,0.,0.));
#5720 = DIRECTION('',(0.,-1.,0.));
#5721 = ADVANCED_FACE('',(#5722),#5740,.F.);
#5722 = FACE_BOUND('',#5723,.F.);
#5723 = EDGE_LOOP('',(#5724,#5732,#5733,#5734));
#5724 = ORIENTED_EDGE('',*,*,#5725,.T.);
#5725 = EDGE_CURVE('',#5726,#561,#5728,.T.);
#5726 = VERTEX_POINT('',#5727);
#5727 = CARTESIAN_POINT('',(123.675,40.575,1.));
#5728 = LINE('',#5729,#5730);
#5729 = CARTESIAN_POINT('',(123.675,40.575,1.));
#5730 = VECTOR('',#5731,1.);
#5731 = DIRECTION('',(-0.,-0.,-1.));
#5732 = ORIENTED_EDGE('',*,*,#560,.T.);
#5733 = ORIENTED_EDGE('',*,*,#5694,.F.);
#5734 = ORIENTED_EDGE('',*,*,#5735,.F.);
#5735 = EDGE_CURVE('',#5726,#5695,#5736,.T.);
#5736 = LINE('',#5737,#5738);
#5737 = CARTESIAN_POINT('',(123.675,40.575,1.));
#5738 = VECTOR('',#5739,1.);
#5739 = DIRECTION('',(-1.,0.,0.));
#5740 = PLANE('',#5741);
#5741 = AXIS2_PLACEMENT_3D('',#5742,#5743,#5744);
#5742 = CARTESIAN_POINT('',(123.675,40.575,1.));
#5743 = DIRECTION('',(0.,1.,0.));
#5744 = DIRECTION('',(-1.,0.,0.));
#5745 = ADVANCED_FACE('',(#5746),#5764,.F.);
#5746 = FACE_BOUND('',#5747,.F.);
#5747 = EDGE_LOOP('',(#5748,#5749,#5750,#5758));
#5748 = ORIENTED_EDGE('',*,*,#5703,.T.);
#5749 = ORIENTED_EDGE('',*,*,#576,.T.);
#5750 = ORIENTED_EDGE('',*,*,#5751,.F.);
#5751 = EDGE_CURVE('',#5752,#569,#5754,.T.);
#5752 = VERTEX_POINT('',#5753);
#5753 = CARTESIAN_POINT('',(123.675,26.575,1.));
#5754 = LINE('',#5755,#5756);
#5755 = CARTESIAN_POINT('',(123.675,26.575,1.));
#5756 = VECTOR('',#5757,1.);
#5757 = DIRECTION('',(-0.,-0.,-1.));
#5758 = ORIENTED_EDGE('',*,*,#5759,.F.);
#5759 = EDGE_CURVE('',#5704,#5752,#5760,.T.);
#5760 = LINE('',#5761,#5762);
#5761 = CARTESIAN_POINT('',(109.675,26.575,1.));
#5762 = VECTOR('',#5763,1.);
#5763 = DIRECTION('',(1.,0.,0.));
#5764 = PLANE('',#5765);
#5765 = AXIS2_PLACEMENT_3D('',#5766,#5767,#5768);
#5766 = CARTESIAN_POINT('',(109.675,26.575,1.));
#5767 = DIRECTION('',(0.,-1.,0.));
#5768 = DIRECTION('',(1.,0.,0.));
#5769 = ADVANCED_FACE('',(#5770),#5781,.F.);
#5770 = FACE_BOUND('',#5771,.F.);
#5771 = EDGE_LOOP('',(#5772,#5773,#5774,#5775));
#5772 = ORIENTED_EDGE('',*,*,#5751,.T.);
#5773 = ORIENTED_EDGE('',*,*,#568,.T.);
#5774 = ORIENTED_EDGE('',*,*,#5725,.F.);
#5775 = ORIENTED_EDGE('',*,*,#5776,.F.);
#5776 = EDGE_CURVE('',#5752,#5726,#5777,.T.);
#5777 = LINE('',#5778,#5779);
#5778 = CARTESIAN_POINT('',(123.675,26.575,1.));
#5779 = VECTOR('',#5780,1.);
#5780 = DIRECTION('',(0.,1.,0.));
#5781 = PLANE('',#5782);
#5782 = AXIS2_PLACEMENT_3D('',#5783,#5784,#5785);
#5783 = CARTESIAN_POINT('',(123.675,26.575,1.));
#5784 = DIRECTION('',(1.,0.,0.));
#5785 = DIRECTION('',(0.,1.,0.));
#5786 = ADVANCED_FACE('',(#5787),#5812,.F.);
#5787 = FACE_BOUND('',#5788,.F.);
#5788 = EDGE_LOOP('',(#5789,#5797,#5798,#5806));
#5789 = ORIENTED_EDGE('',*,*,#5790,.T.);
#5790 = EDGE_CURVE('',#5791,#585,#5793,.T.);
#5791 = VERTEX_POINT('',#5792);
#5792 = CARTESIAN_POINT('',(128.725,40.575,1.));
#5793 = LINE('',#5794,#5795);
#5794 = CARTESIAN_POINT('',(128.725,40.575,1.));
#5795 = VECTOR('',#5796,1.);
#5796 = DIRECTION('',(-0.,-0.,-1.));
#5797 = ORIENTED_EDGE('',*,*,#584,.T.);
#5798 = ORIENTED_EDGE('',*,*,#5799,.F.);
#5799 = EDGE_CURVE('',#5800,#587,#5802,.T.);
#5800 = VERTEX_POINT('',#5801);
#5801 = CARTESIAN_POINT('',(128.725,26.575,1.));
#5802 = LINE('',#5803,#5804);
#5803 = CARTESIAN_POINT('',(128.725,26.575,1.));
#5804 = VECTOR('',#5805,1.);
#5805 = DIRECTION('',(-0.,-0.,-1.));
#5806 = ORIENTED_EDGE('',*,*,#5807,.F.);
#5807 = EDGE_CURVE('',#5791,#5800,#5808,.T.);
#5808 = LINE('',#5809,#5810);
#5809 = CARTESIAN_POINT('',(128.725,40.575,1.));
#5810 = VECTOR('',#5811,1.);
#5811 = DIRECTION('',(0.,-1.,0.));
#5812 = PLANE('',#5813);
#5813 = AXIS2_PLACEMENT_3D('',#5814,#5815,#5816);
#5814 = CARTESIAN_POINT('',(128.725,40.575,1.));
#5815 = DIRECTION('',(-1.,0.,0.));
#5816 = DIRECTION('',(0.,-1.,0.));
#5817 = ADVANCED_FACE('',(#5818),#5836,.F.);
#5818 = FACE_BOUND('',#5819,.F.);
#5819 = EDGE_LOOP('',(#5820,#5828,#5829,#5830));
#5820 = ORIENTED_EDGE('',*,*,#5821,.T.);
#5821 = EDGE_CURVE('',#5822,#595,#5824,.T.);
#5822 = VERTEX_POINT('',#5823);
#5823 = CARTESIAN_POINT('',(142.725,40.575,1.));
#5824 = LINE('',#5825,#5826);
#5825 = CARTESIAN_POINT('',(142.725,40.575,1.));
#5826 = VECTOR('',#5827,1.);
#5827 = DIRECTION('',(-0.,-0.,-1.));
#5828 = ORIENTED_EDGE('',*,*,#594,.T.);
#5829 = ORIENTED_EDGE('',*,*,#5790,.F.);
#5830 = ORIENTED_EDGE('',*,*,#5831,.F.);
#5831 = EDGE_CURVE('',#5822,#5791,#5832,.T.);
#5832 = LINE('',#5833,#5834);
#5833 = CARTESIAN_POINT('',(142.725,40.575,1.));
#5834 = VECTOR('',#5835,1.);
#5835 = DIRECTION('',(-1.,0.,0.));
#5836 = PLANE('',#5837);
#5837 = AXIS2_PLACEMENT_3D('',#5838,#5839,#5840);
#5838 = CARTESIAN_POINT('',(142.725,40.575,1.));
#5839 = DIRECTION('',(0.,1.,0.));
#5840 = DIRECTION('',(-1.,0.,0.));
#5841 = ADVANCED_FACE('',(#5842),#5860,.F.);
#5842 = FACE_BOUND('',#5843,.F.);
#5843 = EDGE_LOOP('',(#5844,#5845,#5846,#5854));
#5844 = ORIENTED_EDGE('',*,*,#5799,.T.);
#5845 = ORIENTED_EDGE('',*,*,#610,.T.);
#5846 = ORIENTED_EDGE('',*,*,#5847,.F.);
#5847 = EDGE_CURVE('',#5848,#603,#5850,.T.);
#5848 = VERTEX_POINT('',#5849);
#5849 = CARTESIAN_POINT('',(142.725,26.575,1.));
#5850 = LINE('',#5851,#5852);
#5851 = CARTESIAN_POINT('',(142.725,26.575,1.));
#5852 = VECTOR('',#5853,1.);
#5853 = DIRECTION('',(-0.,-0.,-1.));
#5854 = ORIENTED_EDGE('',*,*,#5855,.F.);
#5855 = EDGE_CURVE('',#5800,#5848,#5856,.T.);
#5856 = LINE('',#5857,#5858);
#5857 = CARTESIAN_POINT('',(128.725,26.575,1.));
#5858 = VECTOR('',#5859,1.);
#5859 = DIRECTION('',(1.,0.,0.));
#5860 = PLANE('',#5861);
#5861 = AXIS2_PLACEMENT_3D('',#5862,#5863,#5864);
#5862 = CARTESIAN_POINT('',(128.725,26.575,1.));
#5863 = DIRECTION('',(0.,-1.,0.));
#5864 = DIRECTION('',(1.,0.,0.));
#5865 = ADVANCED_FACE('',(#5866),#5877,.F.);
#5866 = FACE_BOUND('',#5867,.F.);
#5867 = EDGE_LOOP('',(#5868,#5869,#5870,#5871));
#5868 = ORIENTED_EDGE('',*,*,#5847,.T.);
#5869 = ORIENTED_EDGE('',*,*,#602,.T.);
#5870 = ORIENTED_EDGE('',*,*,#5821,.F.);
#5871 = ORIENTED_EDGE('',*,*,#5872,.F.);
#5872 = EDGE_CURVE('',#5848,#5822,#5873,.T.);
#5873 = LINE('',#5874,#5875);
#5874 = CARTESIAN_POINT('',(142.725,26.575,1.));
#5875 = VECTOR('',#5876,1.);
#5876 = DIRECTION('',(0.,1.,0.));
#5877 = PLANE('',#5878);
#5878 = AXIS2_PLACEMENT_3D('',#5879,#5880,#5881);
#5879 = CARTESIAN_POINT('',(142.725,26.575,1.));
#5880 = DIRECTION('',(1.,0.,0.));
#5881 = DIRECTION('',(0.,1.,0.));
#5882 = ADVANCED_FACE('',(#5883),#5908,.F.);
#5883 = FACE_BOUND('',#5884,.F.);
#5884 = EDGE_LOOP('',(#5885,#5893,#5894,#5902));
#5885 = ORIENTED_EDGE('',*,*,#5886,.T.);
#5886 = EDGE_CURVE('',#5887,#619,#5889,.T.);
#5887 = VERTEX_POINT('',#5888);
#5888 = CARTESIAN_POINT('',(147.775,40.575,1.));
#5889 = LINE('',#5890,#5891);
#5890 = CARTESIAN_POINT('',(147.775,40.575,1.));
#5891 = VECTOR('',#5892,1.);
#5892 = DIRECTION('',(-0.,-0.,-1.));
#5893 = ORIENTED_EDGE('',*,*,#618,.T.);
#5894 = ORIENTED_EDGE('',*,*,#5895,.F.);
#5895 = EDGE_CURVE('',#5896,#621,#5898,.T.);
#5896 = VERTEX_POINT('',#5897);
#5897 = CARTESIAN_POINT('',(147.775,26.575,1.));
#5898 = LINE('',#5899,#5900);
#5899 = CARTESIAN_POINT('',(147.775,26.575,1.));
#5900 = VECTOR('',#5901,1.);
#5901 = DIRECTION('',(-0.,-0.,-1.));
#5902 = ORIENTED_EDGE('',*,*,#5903,.F.);
#5903 = EDGE_CURVE('',#5887,#5896,#5904,.T.);
#5904 = LINE('',#5905,#5906);
#5905 = CARTESIAN_POINT('',(147.775,40.575,1.));
#5906 = VECTOR('',#5907,1.);
#5907 = DIRECTION('',(0.,-1.,0.));
#5908 = PLANE('',#5909);
#5909 = AXIS2_PLACEMENT_3D('',#5910,#5911,#5912);
#5910 = CARTESIAN_POINT('',(147.775,40.575,1.));
#5911 = DIRECTION('',(-1.,0.,0.));
#5912 = DIRECTION('',(0.,-1.,0.));
#5913 = ADVANCED_FACE('',(#5914),#5932,.F.);
#5914 = FACE_BOUND('',#5915,.F.);
#5915 = EDGE_LOOP('',(#5916,#5924,#5925,#5926));
#5916 = ORIENTED_EDGE('',*,*,#5917,.T.);
#5917 = EDGE_CURVE('',#5918,#629,#5920,.T.);
#5918 = VERTEX_POINT('',#5919);
#5919 = CARTESIAN_POINT('',(161.775,40.575,1.));
#5920 = LINE('',#5921,#5922);
#5921 = CARTESIAN_POINT('',(161.775,40.575,1.));
#5922 = VECTOR('',#5923,1.);
#5923 = DIRECTION('',(-0.,-0.,-1.));
#5924 = ORIENTED_EDGE('',*,*,#628,.T.);
#5925 = ORIENTED_EDGE('',*,*,#5886,.F.);
#5926 = ORIENTED_EDGE('',*,*,#5927,.F.);
#5927 = EDGE_CURVE('',#5918,#5887,#5928,.T.);
#5928 = LINE('',#5929,#5930);
#5929 = CARTESIAN_POINT('',(161.775,40.575,1.));
#5930 = VECTOR('',#5931,1.);
#5931 = DIRECTION('',(-1.,0.,0.));
#5932 = PLANE('',#5933);
#5933 = AXIS2_PLACEMENT_3D('',#5934,#5935,#5936);
#5934 = CARTESIAN_POINT('',(161.775,40.575,1.));
#5935 = DIRECTION('',(0.,1.,0.));
#5936 = DIRECTION('',(-1.,0.,0.));
#5937 = ADVANCED_FACE('',(#5938),#5956,.F.);
#5938 = FACE_BOUND('',#5939,.F.);
#5939 = EDGE_LOOP('',(#5940,#5941,#5942,#5950));
#5940 = ORIENTED_EDGE('',*,*,#5895,.T.);
#5941 = ORIENTED_EDGE('',*,*,#644,.T.);
#5942 = ORIENTED_EDGE('',*,*,#5943,.F.);
#5943 = EDGE_CURVE('',#5944,#637,#5946,.T.);
#5944 = VERTEX_POINT('',#5945);
#5945 = CARTESIAN_POINT('',(161.775,26.575,1.));
#5946 = LINE('',#5947,#5948);
#5947 = CARTESIAN_POINT('',(161.775,26.575,1.));
#5948 = VECTOR('',#5949,1.);
#5949 = DIRECTION('',(-0.,-0.,-1.));
#5950 = ORIENTED_EDGE('',*,*,#5951,.F.);
#5951 = EDGE_CURVE('',#5896,#5944,#5952,.T.);
#5952 = LINE('',#5953,#5954);
#5953 = CARTESIAN_POINT('',(147.775,26.575,1.));
#5954 = VECTOR('',#5955,1.);
#5955 = DIRECTION('',(1.,0.,0.));
#5956 = PLANE('',#5957);
#5957 = AXIS2_PLACEMENT_3D('',#5958,#5959,#5960);
#5958 = CARTESIAN_POINT('',(147.775,26.575,1.));
#5959 = DIRECTION('',(0.,-1.,0.));
#5960 = DIRECTION('',(1.,0.,0.));
#5961 = ADVANCED_FACE('',(#5962),#5973,.F.);
#5962 = FACE_BOUND('',#5963,.F.);
#5963 = EDGE_LOOP('',(#5964,#5965,#5966,#5967));
#5964 = ORIENTED_EDGE('',*,*,#5943,.T.);
#5965 = ORIENTED_EDGE('',*,*,#636,.T.);
#5966 = ORIENTED_EDGE('',*,*,#5917,.F.);
#5967 = ORIENTED_EDGE('',*,*,#5968,.F.);
#5968 = EDGE_CURVE('',#5944,#5918,#5969,.T.);
#5969 = LINE('',#5970,#5971);
#5970 = CARTESIAN_POINT('',(161.775,26.575,1.));
#5971 = VECTOR('',#5972,1.);
#5972 = DIRECTION('',(0.,1.,0.));
#5973 = PLANE('',#5974);
#5974 = AXIS2_PLACEMENT_3D('',#5975,#5976,#5977);
#5975 = CARTESIAN_POINT('',(161.775,26.575,1.));
#5976 = DIRECTION('',(1.,0.,0.));
#5977 = DIRECTION('',(0.,1.,0.));
#5978 = ADVANCED_FACE('',(#5979),#6004,.F.);
#5979 = FACE_BOUND('',#5980,.F.);
#5980 = EDGE_LOOP('',(#5981,#5989,#5990,#5998));
#5981 = ORIENTED_EDGE('',*,*,#5982,.T.);
#5982 = EDGE_CURVE('',#5983,#653,#5985,.T.);
#5983 = VERTEX_POINT('',#5984);
#5984 = CARTESIAN_POINT('',(166.825,40.575,1.));
#5985 = LINE('',#5986,#5987);
#5986 = CARTESIAN_POINT('',(166.825,40.575,1.));
#5987 = VECTOR('',#5988,1.);
#5988 = DIRECTION('',(-0.,-0.,-1.));
#5989 = ORIENTED_EDGE('',*,*,#652,.T.);
#5990 = ORIENTED_EDGE('',*,*,#5991,.F.);
#5991 = EDGE_CURVE('',#5992,#655,#5994,.T.);
#5992 = VERTEX_POINT('',#5993);
#5993 = CARTESIAN_POINT('',(166.825,26.575,1.));
#5994 = LINE('',#5995,#5996);
#5995 = CARTESIAN_POINT('',(166.825,26.575,1.));
#5996 = VECTOR('',#5997,1.);
#5997 = DIRECTION('',(-0.,-0.,-1.));
#5998 = ORIENTED_EDGE('',*,*,#5999,.F.);
#5999 = EDGE_CURVE('',#5983,#5992,#6000,.T.);
#6000 = LINE('',#6001,#6002);
#6001 = CARTESIAN_POINT('',(166.825,40.575,1.));
#6002 = VECTOR('',#6003,1.);
#6003 = DIRECTION('',(0.,-1.,0.));
#6004 = PLANE('',#6005);
#6005 = AXIS2_PLACEMENT_3D('',#6006,#6007,#6008);
#6006 = CARTESIAN_POINT('',(166.825,40.575,1.));
#6007 = DIRECTION('',(-1.,0.,0.));
#6008 = DIRECTION('',(0.,-1.,0.));
#6009 = ADVANCED_FACE('',(#6010),#6028,.F.);
#6010 = FACE_BOUND('',#6011,.F.);
#6011 = EDGE_LOOP('',(#6012,#6020,#6021,#6022));
#6012 = ORIENTED_EDGE('',*,*,#6013,.T.);
#6013 = EDGE_CURVE('',#6014,#663,#6016,.T.);
#6014 = VERTEX_POINT('',#6015);
#6015 = CARTESIAN_POINT('',(180.825,40.575,1.));
#6016 = LINE('',#6017,#6018);
#6017 = CARTESIAN_POINT('',(180.825,40.575,1.));
#6018 = VECTOR('',#6019,1.);
#6019 = DIRECTION('',(-0.,-0.,-1.));
#6020 = ORIENTED_EDGE('',*,*,#662,.T.);
#6021 = ORIENTED_EDGE('',*,*,#5982,.F.);
#6022 = ORIENTED_EDGE('',*,*,#6023,.F.);
#6023 = EDGE_CURVE('',#6014,#5983,#6024,.T.);
#6024 = LINE('',#6025,#6026);
#6025 = CARTESIAN_POINT('',(180.825,40.575,1.));
#6026 = VECTOR('',#6027,1.);
#6027 = DIRECTION('',(-1.,0.,0.));
#6028 = PLANE('',#6029);
#6029 = AXIS2_PLACEMENT_3D('',#6030,#6031,#6032);
#6030 = CARTESIAN_POINT('',(180.825,40.575,1.));
#6031 = DIRECTION('',(0.,1.,0.));
#6032 = DIRECTION('',(-1.,0.,0.));
#6033 = ADVANCED_FACE('',(#6034),#6052,.F.);
#6034 = FACE_BOUND('',#6035,.F.);
#6035 = EDGE_LOOP('',(#6036,#6037,#6038,#6046));
#6036 = ORIENTED_EDGE('',*,*,#5991,.T.);
#6037 = ORIENTED_EDGE('',*,*,#678,.T.);
#6038 = ORIENTED_EDGE('',*,*,#6039,.F.);
#6039 = EDGE_CURVE('',#6040,#671,#6042,.T.);
#6040 = VERTEX_POINT('',#6041);
#6041 = CARTESIAN_POINT('',(180.825,26.575,1.));
#6042 = LINE('',#6043,#6044);
#6043 = CARTESIAN_POINT('',(180.825,26.575,1.));
#6044 = VECTOR('',#6045,1.);
#6045 = DIRECTION('',(-0.,-0.,-1.));
#6046 = ORIENTED_EDGE('',*,*,#6047,.F.);
#6047 = EDGE_CURVE('',#5992,#6040,#6048,.T.);
#6048 = LINE('',#6049,#6050);
#6049 = CARTESIAN_POINT('',(166.825,26.575,1.));
#6050 = VECTOR('',#6051,1.);
#6051 = DIRECTION('',(1.,0.,0.));
#6052 = PLANE('',#6053);
#6053 = AXIS2_PLACEMENT_3D('',#6054,#6055,#6056);
#6054 = CARTESIAN_POINT('',(166.825,26.575,1.));
#6055 = DIRECTION('',(0.,-1.,0.));
#6056 = DIRECTION('',(1.,0.,0.));
#6057 = ADVANCED_FACE('',(#6058),#6069,.F.);
#6058 = FACE_BOUND('',#6059,.F.);
#6059 = EDGE_LOOP('',(#6060,#6061,#6062,#6063));
#6060 = ORIENTED_EDGE('',*,*,#6039,.T.);
#6061 = ORIENTED_EDGE('',*,*,#670,.T.);
#6062 = ORIENTED_EDGE('',*,*,#6013,.F.);
#6063 = ORIENTED_EDGE('',*,*,#6064,.F.);
#6064 = EDGE_CURVE('',#6040,#6014,#6065,.T.);
#6065 = LINE('',#6066,#6067);
#6066 = CARTESIAN_POINT('',(180.825,26.575,1.));
#6067 = VECTOR('',#6068,1.);
#6068 = DIRECTION('',(0.,1.,0.));
#6069 = PLANE('',#6070);
#6070 = AXIS2_PLACEMENT_3D('',#6071,#6072,#6073);
#6071 = CARTESIAN_POINT('',(180.825,26.575,1.));
#6072 = DIRECTION('',(1.,0.,0.));
#6073 = DIRECTION('',(0.,1.,0.));
#6074 = ADVANCED_FACE('',(#6075),#6100,.F.);
#6075 = FACE_BOUND('',#6076,.F.);
#6076 = EDGE_LOOP('',(#6077,#6085,#6086,#6094));
#6077 = ORIENTED_EDGE('',*,*,#6078,.T.);
#6078 = EDGE_CURVE('',#6079,#687,#6081,.T.);
#6079 = VERTEX_POINT('',#6080);
#6080 = CARTESIAN_POINT('',(59.66875,59.625,1.));
#6081 = LINE('',#6082,#6083);
#6082 = CARTESIAN_POINT('',(59.66875,59.625,1.));
#6083 = VECTOR('',#6084,1.);
#6084 = DIRECTION('',(-0.,-0.,-1.));
#6085 = ORIENTED_EDGE('',*,*,#686,.T.);
#6086 = ORIENTED_EDGE('',*,*,#6087,.F.);
#6087 = EDGE_CURVE('',#6088,#689,#6090,.T.);
#6088 = VERTEX_POINT('',#6089);
#6089 = CARTESIAN_POINT('',(59.66875,45.625,1.));
#6090 = LINE('',#6091,#6092);
#6091 = CARTESIAN_POINT('',(59.66875,45.625,1.));
#6092 = VECTOR('',#6093,1.);
#6093 = DIRECTION('',(-0.,-0.,-1.));
#6094 = ORIENTED_EDGE('',*,*,#6095,.F.);
#6095 = EDGE_CURVE('',#6079,#6088,#6096,.T.);
#6096 = LINE('',#6097,#6098);
#6097 = CARTESIAN_POINT('',(59.66875,59.625,1.));
#6098 = VECTOR('',#6099,1.);
#6099 = DIRECTION('',(0.,-1.,0.));
#6100 = PLANE('',#6101);
#6101 = AXIS2_PLACEMENT_3D('',#6102,#6103,#6104);
#6102 = CARTESIAN_POINT('',(59.66875,59.625,1.));
#6103 = DIRECTION('',(-1.,0.,0.));
#6104 = DIRECTION('',(0.,-1.,0.));
#6105 = ADVANCED_FACE('',(#6106),#6124,.F.);
#6106 = FACE_BOUND('',#6107,.F.);
#6107 = EDGE_LOOP('',(#6108,#6116,#6117,#6118));
#6108 = ORIENTED_EDGE('',*,*,#6109,.T.);
#6109 = EDGE_CURVE('',#6110,#697,#6112,.T.);
#6110 = VERTEX_POINT('',#6111);
#6111 = CARTESIAN_POINT('',(73.66875,59.625,1.));
#6112 = LINE('',#6113,#6114);
#6113 = CARTESIAN_POINT('',(73.66875,59.625,1.));
#6114 = VECTOR('',#6115,1.);
#6115 = DIRECTION('',(-0.,-0.,-1.));
#6116 = ORIENTED_EDGE('',*,*,#696,.T.);
#6117 = ORIENTED_EDGE('',*,*,#6078,.F.);
#6118 = ORIENTED_EDGE('',*,*,#6119,.F.);
#6119 = EDGE_CURVE('',#6110,#6079,#6120,.T.);
#6120 = LINE('',#6121,#6122);
#6121 = CARTESIAN_POINT('',(73.66875,59.625,1.));
#6122 = VECTOR('',#6123,1.);
#6123 = DIRECTION('',(-1.,0.,0.));
#6124 = PLANE('',#6125);
#6125 = AXIS2_PLACEMENT_3D('',#6126,#6127,#6128);
#6126 = CARTESIAN_POINT('',(73.66875,59.625,1.));
#6127 = DIRECTION('',(0.,1.,0.));
#6128 = DIRECTION('',(-1.,0.,0.));
#6129 = ADVANCED_FACE('',(#6130),#6148,.F.);
#6130 = FACE_BOUND('',#6131,.F.);
#6131 = EDGE_LOOP('',(#6132,#6133,#6134,#6142));
#6132 = ORIENTED_EDGE('',*,*,#6087,.T.);
#6133 = ORIENTED_EDGE('',*,*,#712,.T.);
#6134 = ORIENTED_EDGE('',*,*,#6135,.F.);
#6135 = EDGE_CURVE('',#6136,#705,#6138,.T.);
#6136 = VERTEX_POINT('',#6137);
#6137 = CARTESIAN_POINT('',(73.66875,45.625,1.));
#6138 = LINE('',#6139,#6140);
#6139 = CARTESIAN_POINT('',(73.66875,45.625,1.));
#6140 = VECTOR('',#6141,1.);
#6141 = DIRECTION('',(-0.,-0.,-1.));
#6142 = ORIENTED_EDGE('',*,*,#6143,.F.);
#6143 = EDGE_CURVE('',#6088,#6136,#6144,.T.);
#6144 = LINE('',#6145,#6146);
#6145 = CARTESIAN_POINT('',(59.66875,45.625,1.));
#6146 = VECTOR('',#6147,1.);
#6147 = DIRECTION('',(1.,0.,0.));
#6148 = PLANE('',#6149);
#6149 = AXIS2_PLACEMENT_3D('',#6150,#6151,#6152);
#6150 = CARTESIAN_POINT('',(59.66875,45.625,1.));
#6151 = DIRECTION('',(0.,-1.,0.));
#6152 = DIRECTION('',(1.,0.,0.));
#6153 = ADVANCED_FACE('',(#6154),#6165,.F.);
#6154 = FACE_BOUND('',#6155,.F.);
#6155 = EDGE_LOOP('',(#6156,#6157,#6158,#6159));
#6156 = ORIENTED_EDGE('',*,*,#6135,.T.);
#6157 = ORIENTED_EDGE('',*,*,#704,.T.);
#6158 = ORIENTED_EDGE('',*,*,#6109,.F.);
#6159 = ORIENTED_EDGE('',*,*,#6160,.F.);
#6160 = EDGE_CURVE('',#6136,#6110,#6161,.T.);
#6161 = LINE('',#6162,#6163);
#6162 = CARTESIAN_POINT('',(73.66875,45.625,1.));
#6163 = VECTOR('',#6164,1.);
#6164 = DIRECTION('',(0.,1.,0.));
#6165 = PLANE('',#6166);
#6166 = AXIS2_PLACEMENT_3D('',#6167,#6168,#6169);
#6167 = CARTESIAN_POINT('',(73.66875,45.625,1.));
#6168 = DIRECTION('',(1.,0.,0.));
#6169 = DIRECTION('',(0.,1.,0.));
#6170 = ADVANCED_FACE('',(#6171),#6196,.F.);
#6171 = FACE_BOUND('',#6172,.F.);
#6172 = EDGE_LOOP('',(#6173,#6181,#6182,#6190));
#6173 = ORIENTED_EDGE('',*,*,#6174,.T.);
#6174 = EDGE_CURVE('',#6175,#721,#6177,.T.);
#6175 = VERTEX_POINT('',#6176);
#6176 = CARTESIAN_POINT('',(85.8625,59.625,1.));
#6177 = LINE('',#6178,#6179);
#6178 = CARTESIAN_POINT('',(85.8625,59.625,1.));
#6179 = VECTOR('',#6180,1.);
#6180 = DIRECTION('',(-0.,-0.,-1.));
#6181 = ORIENTED_EDGE('',*,*,#720,.T.);
#6182 = ORIENTED_EDGE('',*,*,#6183,.F.);
#6183 = EDGE_CURVE('',#6184,#723,#6186,.T.);
#6184 = VERTEX_POINT('',#6185);
#6185 = CARTESIAN_POINT('',(85.8625,45.625,1.));
#6186 = LINE('',#6187,#6188);
#6187 = CARTESIAN_POINT('',(85.8625,45.625,1.));
#6188 = VECTOR('',#6189,1.);
#6189 = DIRECTION('',(-0.,-0.,-1.));
#6190 = ORIENTED_EDGE('',*,*,#6191,.F.);
#6191 = EDGE_CURVE('',#6175,#6184,#6192,.T.);
#6192 = LINE('',#6193,#6194);
#6193 = CARTESIAN_POINT('',(85.8625,59.625,1.));
#6194 = VECTOR('',#6195,1.);
#6195 = DIRECTION('',(0.,-1.,0.));
#6196 = PLANE('',#6197);
#6197 = AXIS2_PLACEMENT_3D('',#6198,#6199,#6200);
#6198 = CARTESIAN_POINT('',(85.8625,59.625,1.));
#6199 = DIRECTION('',(-1.,0.,0.));
#6200 = DIRECTION('',(0.,-1.,0.));
#6201 = ADVANCED_FACE('',(#6202),#6220,.F.);
#6202 = FACE_BOUND('',#6203,.F.);
#6203 = EDGE_LOOP('',(#6204,#6212,#6213,#6214));
#6204 = ORIENTED_EDGE('',*,*,#6205,.T.);
#6205 = EDGE_CURVE('',#6206,#731,#6208,.T.);
#6206 = VERTEX_POINT('',#6207);
#6207 = CARTESIAN_POINT('',(99.8625,59.625,1.));
#6208 = LINE('',#6209,#6210);
#6209 = CARTESIAN_POINT('',(99.8625,59.625,1.));
#6210 = VECTOR('',#6211,1.);
#6211 = DIRECTION('',(-0.,-0.,-1.));
#6212 = ORIENTED_EDGE('',*,*,#730,.T.);
#6213 = ORIENTED_EDGE('',*,*,#6174,.F.);
#6214 = ORIENTED_EDGE('',*,*,#6215,.F.);
#6215 = EDGE_CURVE('',#6206,#6175,#6216,.T.);
#6216 = LINE('',#6217,#6218);
#6217 = CARTESIAN_POINT('',(99.8625,59.625,1.));
#6218 = VECTOR('',#6219,1.);
#6219 = DIRECTION('',(-1.,0.,0.));
#6220 = PLANE('',#6221);
#6221 = AXIS2_PLACEMENT_3D('',#6222,#6223,#6224);
#6222 = CARTESIAN_POINT('',(99.8625,59.625,1.));
#6223 = DIRECTION('',(0.,1.,0.));
#6224 = DIRECTION('',(-1.,0.,0.));
#6225 = ADVANCED_FACE('',(#6226),#6244,.F.);
#6226 = FACE_BOUND('',#6227,.F.);
#6227 = EDGE_LOOP('',(#6228,#6229,#6230,#6238));
#6228 = ORIENTED_EDGE('',*,*,#6183,.T.);
#6229 = ORIENTED_EDGE('',*,*,#746,.T.);
#6230 = ORIENTED_EDGE('',*,*,#6231,.F.);
#6231 = EDGE_CURVE('',#6232,#739,#6234,.T.);
#6232 = VERTEX_POINT('',#6233);
#6233 = CARTESIAN_POINT('',(99.8625,45.625,1.));
#6234 = LINE('',#6235,#6236);
#6235 = CARTESIAN_POINT('',(99.8625,45.625,1.));
#6236 = VECTOR('',#6237,1.);
#6237 = DIRECTION('',(-0.,-0.,-1.));
#6238 = ORIENTED_EDGE('',*,*,#6239,.F.);
#6239 = EDGE_CURVE('',#6184,#6232,#6240,.T.);
#6240 = LINE('',#6241,#6242);
#6241 = CARTESIAN_POINT('',(85.8625,45.625,1.));
#6242 = VECTOR('',#6243,1.);
#6243 = DIRECTION('',(1.,0.,0.));
#6244 = PLANE('',#6245);
#6245 = AXIS2_PLACEMENT_3D('',#6246,#6247,#6248);
#6246 = CARTESIAN_POINT('',(85.8625,45.625,1.));
#6247 = DIRECTION('',(0.,-1.,0.));
#6248 = DIRECTION('',(1.,0.,0.));
#6249 = ADVANCED_FACE('',(#6250),#6261,.F.);
#6250 = FACE_BOUND('',#6251,.F.);
#6251 = EDGE_LOOP('',(#6252,#6253,#6254,#6255));
#6252 = ORIENTED_EDGE('',*,*,#6231,.T.);
#6253 = ORIENTED_EDGE('',*,*,#738,.T.);
#6254 = ORIENTED_EDGE('',*,*,#6205,.F.);
#6255 = ORIENTED_EDGE('',*,*,#6256,.F.);
#6256 = EDGE_CURVE('',#6232,#6206,#6257,.T.);
#6257 = LINE('',#6258,#6259);
#6258 = CARTESIAN_POINT('',(99.8625,45.625,1.));
#6259 = VECTOR('',#6260,1.);
#6260 = DIRECTION('',(0.,1.,0.));
#6261 = PLANE('',#6262);
#6262 = AXIS2_PLACEMENT_3D('',#6263,#6264,#6265);
#6263 = CARTESIAN_POINT('',(99.8625,45.625,1.));
#6264 = DIRECTION('',(1.,0.,0.));
#6265 = DIRECTION('',(0.,1.,0.));
#6266 = ADVANCED_FACE('',(#6267),#6292,.F.);
#6267 = FACE_BOUND('',#6268,.F.);
#6268 = EDGE_LOOP('',(#6269,#6277,#6278,#6286));
#6269 = ORIENTED_EDGE('',*,*,#6270,.T.);
#6270 = EDGE_CURVE('',#6271,#755,#6273,.T.);
#6271 = VERTEX_POINT('',#6272);
#6272 = CARTESIAN_POINT('',(104.9125,59.625,1.));
#6273 = LINE('',#6274,#6275);
#6274 = CARTESIAN_POINT('',(104.9125,59.625,1.));
#6275 = VECTOR('',#6276,1.);
#6276 = DIRECTION('',(-0.,-0.,-1.));
#6277 = ORIENTED_EDGE('',*,*,#754,.T.);
#6278 = ORIENTED_EDGE('',*,*,#6279,.F.);
#6279 = EDGE_CURVE('',#6280,#757,#6282,.T.);
#6280 = VERTEX_POINT('',#6281);
#6281 = CARTESIAN_POINT('',(104.9125,45.625,1.));
#6282 = LINE('',#6283,#6284);
#6283 = CARTESIAN_POINT('',(104.9125,45.625,1.));
#6284 = VECTOR('',#6285,1.);
#6285 = DIRECTION('',(-0.,-0.,-1.));
#6286 = ORIENTED_EDGE('',*,*,#6287,.F.);
#6287 = EDGE_CURVE('',#6271,#6280,#6288,.T.);
#6288 = LINE('',#6289,#6290);
#6289 = CARTESIAN_POINT('',(104.9125,59.625,1.));
#6290 = VECTOR('',#6291,1.);
#6291 = DIRECTION('',(0.,-1.,0.));
#6292 = PLANE('',#6293);
#6293 = AXIS2_PLACEMENT_3D('',#6294,#6295,#6296);
#6294 = CARTESIAN_POINT('',(104.9125,59.625,1.));
#6295 = DIRECTION('',(-1.,0.,0.));
#6296 = DIRECTION('',(0.,-1.,0.));
#6297 = ADVANCED_FACE('',(#6298),#6316,.F.);
#6298 = FACE_BOUND('',#6299,.F.);
#6299 = EDGE_LOOP('',(#6300,#6308,#6309,#6310));
#6300 = ORIENTED_EDGE('',*,*,#6301,.T.);
#6301 = EDGE_CURVE('',#6302,#765,#6304,.T.);
#6302 = VERTEX_POINT('',#6303);
#6303 = CARTESIAN_POINT('',(118.9125,59.625,1.));
#6304 = LINE('',#6305,#6306);
#6305 = CARTESIAN_POINT('',(118.9125,59.625,1.));
#6306 = VECTOR('',#6307,1.);
#6307 = DIRECTION('',(-0.,-0.,-1.));
#6308 = ORIENTED_EDGE('',*,*,#764,.T.);
#6309 = ORIENTED_EDGE('',*,*,#6270,.F.);
#6310 = ORIENTED_EDGE('',*,*,#6311,.F.);
#6311 = EDGE_CURVE('',#6302,#6271,#6312,.T.);
#6312 = LINE('',#6313,#6314);
#6313 = CARTESIAN_POINT('',(118.9125,59.625,1.));
#6314 = VECTOR('',#6315,1.);
#6315 = DIRECTION('',(-1.,0.,0.));
#6316 = PLANE('',#6317);
#6317 = AXIS2_PLACEMENT_3D('',#6318,#6319,#6320);
#6318 = CARTESIAN_POINT('',(118.9125,59.625,1.));
#6319 = DIRECTION('',(0.,1.,0.));
#6320 = DIRECTION('',(-1.,0.,0.));
#6321 = ADVANCED_FACE('',(#6322),#6340,.F.);
#6322 = FACE_BOUND('',#6323,.F.);
#6323 = EDGE_LOOP('',(#6324,#6325,#6326,#6334));
#6324 = ORIENTED_EDGE('',*,*,#6279,.T.);
#6325 = ORIENTED_EDGE('',*,*,#780,.T.);
#6326 = ORIENTED_EDGE('',*,*,#6327,.F.);
#6327 = EDGE_CURVE('',#6328,#773,#6330,.T.);
#6328 = VERTEX_POINT('',#6329);
#6329 = CARTESIAN_POINT('',(118.9125,45.625,1.));
#6330 = LINE('',#6331,#6332);
#6331 = CARTESIAN_POINT('',(118.9125,45.625,1.));
#6332 = VECTOR('',#6333,1.);
#6333 = DIRECTION('',(-0.,-0.,-1.));
#6334 = ORIENTED_EDGE('',*,*,#6335,.F.);
#6335 = EDGE_CURVE('',#6280,#6328,#6336,.T.);
#6336 = LINE('',#6337,#6338);
#6337 = CARTESIAN_POINT('',(104.9125,45.625,1.));
#6338 = VECTOR('',#6339,1.);
#6339 = DIRECTION('',(1.,0.,0.));
#6340 = PLANE('',#6341);
#6341 = AXIS2_PLACEMENT_3D('',#6342,#6343,#6344);
#6342 = CARTESIAN_POINT('',(104.9125,45.625,1.));
#6343 = DIRECTION('',(0.,-1.,0.));
#6344 = DIRECTION('',(1.,0.,0.));
#6345 = ADVANCED_FACE('',(#6346),#6357,.F.);
#6346 = FACE_BOUND('',#6347,.F.);
#6347 = EDGE_LOOP('',(#6348,#6349,#6350,#6351));
#6348 = ORIENTED_EDGE('',*,*,#6327,.T.);
#6349 = ORIENTED_EDGE('',*,*,#772,.T.);
#6350 = ORIENTED_EDGE('',*,*,#6301,.F.);
#6351 = ORIENTED_EDGE('',*,*,#6352,.F.);
#6352 = EDGE_CURVE('',#6328,#6302,#6353,.T.);
#6353 = LINE('',#6354,#6355);
#6354 = CARTESIAN_POINT('',(118.9125,45.625,1.));
#6355 = VECTOR('',#6356,1.);
#6356 = DIRECTION('',(0.,1.,0.));
#6357 = PLANE('',#6358);
#6358 = AXIS2_PLACEMENT_3D('',#6359,#6360,#6361);
#6359 = CARTESIAN_POINT('',(118.9125,45.625,1.));
#6360 = DIRECTION('',(1.,0.,0.));
#6361 = DIRECTION('',(0.,1.,0.));
#6362 = ADVANCED_FACE('',(#6363),#6388,.F.);
#6363 = FACE_BOUND('',#6364,.F.);
#6364 = EDGE_LOOP('',(#6365,#6373,#6374,#6382));
#6365 = ORIENTED_EDGE('',*,*,#6366,.T.);
#6366 = EDGE_CURVE('',#6367,#789,#6369,.T.);
#6367 = VERTEX_POINT('',#6368);
#6368 = CARTESIAN_POINT('',(123.9625,59.625,1.));
#6369 = LINE('',#6370,#6371);
#6370 = CARTESIAN_POINT('',(123.9625,59.625,1.));
#6371 = VECTOR('',#6372,1.);
#6372 = DIRECTION('',(-0.,-0.,-1.));
#6373 = ORIENTED_EDGE('',*,*,#788,.T.);
#6374 = ORIENTED_EDGE('',*,*,#6375,.F.);
#6375 = EDGE_CURVE('',#6376,#791,#6378,.T.);
#6376 = VERTEX_POINT('',#6377);
#6377 = CARTESIAN_POINT('',(123.9625,45.625,1.));
#6378 = LINE('',#6379,#6380);
#6379 = CARTESIAN_POINT('',(123.9625,45.625,1.));
#6380 = VECTOR('',#6381,1.);
#6381 = DIRECTION('',(-0.,-0.,-1.));
#6382 = ORIENTED_EDGE('',*,*,#6383,.F.);
#6383 = EDGE_CURVE('',#6367,#6376,#6384,.T.);
#6384 = LINE('',#6385,#6386);
#6385 = CARTESIAN_POINT('',(123.9625,59.625,1.));
#6386 = VECTOR('',#6387,1.);
#6387 = DIRECTION('',(0.,-1.,0.));
#6388 = PLANE('',#6389);
#6389 = AXIS2_PLACEMENT_3D('',#6390,#6391,#6392);
#6390 = CARTESIAN_POINT('',(123.9625,59.625,1.));
#6391 = DIRECTION('',(-1.,0.,0.));
#6392 = DIRECTION('',(0.,-1.,0.));
#6393 = ADVANCED_FACE('',(#6394),#6412,.F.);
#6394 = FACE_BOUND('',#6395,.F.);
#6395 = EDGE_LOOP('',(#6396,#6404,#6405,#6406));
#6396 = ORIENTED_EDGE('',*,*,#6397,.T.);
#6397 = EDGE_CURVE('',#6398,#799,#6400,.T.);
#6398 = VERTEX_POINT('',#6399);
#6399 = CARTESIAN_POINT('',(137.9625,59.625,1.));
#6400 = LINE('',#6401,#6402);
#6401 = CARTESIAN_POINT('',(137.9625,59.625,1.));
#6402 = VECTOR('',#6403,1.);
#6403 = DIRECTION('',(-0.,-0.,-1.));
#6404 = ORIENTED_EDGE('',*,*,#798,.T.);
#6405 = ORIENTED_EDGE('',*,*,#6366,.F.);
#6406 = ORIENTED_EDGE('',*,*,#6407,.F.);
#6407 = EDGE_CURVE('',#6398,#6367,#6408,.T.);
#6408 = LINE('',#6409,#6410);
#6409 = CARTESIAN_POINT('',(137.9625,59.625,1.));
#6410 = VECTOR('',#6411,1.);
#6411 = DIRECTION('',(-1.,0.,0.));
#6412 = PLANE('',#6413);
#6413 = AXIS2_PLACEMENT_3D('',#6414,#6415,#6416);
#6414 = CARTESIAN_POINT('',(137.9625,59.625,1.));
#6415 = DIRECTION('',(0.,1.,0.));
#6416 = DIRECTION('',(-1.,0.,0.));
#6417 = ADVANCED_FACE('',(#6418),#6436,.F.);
#6418 = FACE_BOUND('',#6419,.F.);
#6419 = EDGE_LOOP('',(#6420,#6421,#6422,#6430));
#6420 = ORIENTED_EDGE('',*,*,#6375,.T.);
#6421 = ORIENTED_EDGE('',*,*,#814,.T.);
#6422 = ORIENTED_EDGE('',*,*,#6423,.F.);
#6423 = EDGE_CURVE('',#6424,#807,#6426,.T.);
#6424 = VERTEX_POINT('',#6425);
#6425 = CARTESIAN_POINT('',(137.9625,45.625,1.));
#6426 = LINE('',#6427,#6428);
#6427 = CARTESIAN_POINT('',(137.9625,45.625,1.));
#6428 = VECTOR('',#6429,1.);
#6429 = DIRECTION('',(-0.,-0.,-1.));
#6430 = ORIENTED_EDGE('',*,*,#6431,.F.);
#6431 = EDGE_CURVE('',#6376,#6424,#6432,.T.);
#6432 = LINE('',#6433,#6434);
#6433 = CARTESIAN_POINT('',(123.9625,45.625,1.));
#6434 = VECTOR('',#6435,1.);
#6435 = DIRECTION('',(1.,0.,0.));
#6436 = PLANE('',#6437);
#6437 = AXIS2_PLACEMENT_3D('',#6438,#6439,#6440);
#6438 = CARTESIAN_POINT('',(123.9625,45.625,1.));
#6439 = DIRECTION('',(0.,-1.,0.));
#6440 = DIRECTION('',(1.,0.,0.));
#6441 = ADVANCED_FACE('',(#6442),#6453,.F.);
#6442 = FACE_BOUND('',#6443,.F.);
#6443 = EDGE_LOOP('',(#6444,#6445,#6446,#6447));
#6444 = ORIENTED_EDGE('',*,*,#6423,.T.);
#6445 = ORIENTED_EDGE('',*,*,#806,.T.);
#6446 = ORIENTED_EDGE('',*,*,#6397,.F.);
#6447 = ORIENTED_EDGE('',*,*,#6448,.F.);
#6448 = EDGE_CURVE('',#6424,#6398,#6449,.T.);
#6449 = LINE('',#6450,#6451);
#6450 = CARTESIAN_POINT('',(137.9625,45.625,1.));
#6451 = VECTOR('',#6452,1.);
#6452 = DIRECTION('',(0.,1.,0.));
#6453 = PLANE('',#6454);
#6454 = AXIS2_PLACEMENT_3D('',#6455,#6456,#6457);
#6455 = CARTESIAN_POINT('',(137.9625,45.625,1.));
#6456 = DIRECTION('',(1.,0.,0.));
#6457 = DIRECTION('',(0.,1.,0.));
#6458 = ADVANCED_FACE('',(#6459),#6484,.F.);
#6459 = FACE_BOUND('',#6460,.F.);
#6460 = EDGE_LOOP('',(#6461,#6469,#6470,#6478));
#6461 = ORIENTED_EDGE('',*,*,#6462,.T.);
#6462 = EDGE_CURVE('',#6463,#823,#6465,.T.);
#6463 = VERTEX_POINT('',#6464);
#6464 = CARTESIAN_POINT('',(143.0125,59.625,1.));
#6465 = LINE('',#6466,#6467);
#6466 = CARTESIAN_POINT('',(143.0125,59.625,1.));
#6467 = VECTOR('',#6468,1.);
#6468 = DIRECTION('',(-0.,-0.,-1.));
#6469 = ORIENTED_EDGE('',*,*,#822,.T.);
#6470 = ORIENTED_EDGE('',*,*,#6471,.F.);
#6471 = EDGE_CURVE('',#6472,#825,#6474,.T.);
#6472 = VERTEX_POINT('',#6473);
#6473 = CARTESIAN_POINT('',(143.0125,45.625,1.));
#6474 = LINE('',#6475,#6476);
#6475 = CARTESIAN_POINT('',(143.0125,45.625,1.));
#6476 = VECTOR('',#6477,1.);
#6477 = DIRECTION('',(-0.,-0.,-1.));
#6478 = ORIENTED_EDGE('',*,*,#6479,.F.);
#6479 = EDGE_CURVE('',#6463,#6472,#6480,.T.);
#6480 = LINE('',#6481,#6482);
#6481 = CARTESIAN_POINT('',(143.0125,59.625,1.));
#6482 = VECTOR('',#6483,1.);
#6483 = DIRECTION('',(0.,-1.,0.));
#6484 = PLANE('',#6485);
#6485 = AXIS2_PLACEMENT_3D('',#6486,#6487,#6488);
#6486 = CARTESIAN_POINT('',(143.0125,59.625,1.));
#6487 = DIRECTION('',(-1.,0.,0.));
#6488 = DIRECTION('',(0.,-1.,0.));
#6489 = ADVANCED_FACE('',(#6490),#6508,.F.);
#6490 = FACE_BOUND('',#6491,.F.);
#6491 = EDGE_LOOP('',(#6492,#6500,#6501,#6502));
#6492 = ORIENTED_EDGE('',*,*,#6493,.T.);
#6493 = EDGE_CURVE('',#6494,#833,#6496,.T.);
#6494 = VERTEX_POINT('',#6495);
#6495 = CARTESIAN_POINT('',(157.0125,59.625,1.));
#6496 = LINE('',#6497,#6498);
#6497 = CARTESIAN_POINT('',(157.0125,59.625,1.));
#6498 = VECTOR('',#6499,1.);
#6499 = DIRECTION('',(-0.,-0.,-1.));
#6500 = ORIENTED_EDGE('',*,*,#832,.T.);
#6501 = ORIENTED_EDGE('',*,*,#6462,.F.);
#6502 = ORIENTED_EDGE('',*,*,#6503,.F.);
#6503 = EDGE_CURVE('',#6494,#6463,#6504,.T.);
#6504 = LINE('',#6505,#6506);
#6505 = CARTESIAN_POINT('',(157.0125,59.625,1.));
#6506 = VECTOR('',#6507,1.);
#6507 = DIRECTION('',(-1.,0.,0.));
#6508 = PLANE('',#6509);
#6509 = AXIS2_PLACEMENT_3D('',#6510,#6511,#6512);
#6510 = CARTESIAN_POINT('',(157.0125,59.625,1.));
#6511 = DIRECTION('',(0.,1.,0.));
#6512 = DIRECTION('',(-1.,0.,0.));
#6513 = ADVANCED_FACE('',(#6514),#6532,.F.);
#6514 = FACE_BOUND('',#6515,.F.);
#6515 = EDGE_LOOP('',(#6516,#6517,#6518,#6526));
#6516 = ORIENTED_EDGE('',*,*,#6471,.T.);
#6517 = ORIENTED_EDGE('',*,*,#848,.T.);
#6518 = ORIENTED_EDGE('',*,*,#6519,.F.);
#6519 = EDGE_CURVE('',#6520,#841,#6522,.T.);
#6520 = VERTEX_POINT('',#6521);
#6521 = CARTESIAN_POINT('',(157.0125,45.625,1.));
#6522 = LINE('',#6523,#6524);
#6523 = CARTESIAN_POINT('',(157.0125,45.625,1.));
#6524 = VECTOR('',#6525,1.);
#6525 = DIRECTION('',(-0.,-0.,-1.));
#6526 = ORIENTED_EDGE('',*,*,#6527,.F.);
#6527 = EDGE_CURVE('',#6472,#6520,#6528,.T.);
#6528 = LINE('',#6529,#6530);
#6529 = CARTESIAN_POINT('',(143.0125,45.625,1.));
#6530 = VECTOR('',#6531,1.);
#6531 = DIRECTION('',(1.,0.,0.));
#6532 = PLANE('',#6533);
#6533 = AXIS2_PLACEMENT_3D('',#6534,#6535,#6536);
#6534 = CARTESIAN_POINT('',(143.0125,45.625,1.));
#6535 = DIRECTION('',(0.,-1.,0.));
#6536 = DIRECTION('',(1.,0.,0.));
#6537 = ADVANCED_FACE('',(#6538),#6549,.F.);
#6538 = FACE_BOUND('',#6539,.F.);
#6539 = EDGE_LOOP('',(#6540,#6541,#6542,#6543));
#6540 = ORIENTED_EDGE('',*,*,#6519,.T.);
#6541 = ORIENTED_EDGE('',*,*,#840,.T.);
#6542 = ORIENTED_EDGE('',*,*,#6493,.F.);
#6543 = ORIENTED_EDGE('',*,*,#6544,.F.);
#6544 = EDGE_CURVE('',#6520,#6494,#6545,.T.);
#6545 = LINE('',#6546,#6547);
#6546 = CARTESIAN_POINT('',(157.0125,45.625,1.));
#6547 = VECTOR('',#6548,1.);
#6548 = DIRECTION('',(0.,1.,0.));
#6549 = PLANE('',#6550);
#6550 = AXIS2_PLACEMENT_3D('',#6551,#6552,#6553);
#6551 = CARTESIAN_POINT('',(157.0125,45.625,1.));
#6552 = DIRECTION('',(1.,0.,0.));
#6553 = DIRECTION('',(0.,1.,0.));
#6554 = ADVANCED_FACE('',(#6555),#6580,.F.);
#6555 = FACE_BOUND('',#6556,.F.);
#6556 = EDGE_LOOP('',(#6557,#6565,#6566,#6574));
#6557 = ORIENTED_EDGE('',*,*,#6558,.T.);
#6558 = EDGE_CURVE('',#6559,#857,#6561,.T.);
#6559 = VERTEX_POINT('',#6560);
#6560 = CARTESIAN_POINT('',(162.0625,59.625,1.));
#6561 = LINE('',#6562,#6563);
#6562 = CARTESIAN_POINT('',(162.0625,59.625,1.));
#6563 = VECTOR('',#6564,1.);
#6564 = DIRECTION('',(-0.,-0.,-1.));
#6565 = ORIENTED_EDGE('',*,*,#856,.T.);
#6566 = ORIENTED_EDGE('',*,*,#6567,.F.);
#6567 = EDGE_CURVE('',#6568,#859,#6570,.T.);
#6568 = VERTEX_POINT('',#6569);
#6569 = CARTESIAN_POINT('',(162.0625,45.625,1.));
#6570 = LINE('',#6571,#6572);
#6571 = CARTESIAN_POINT('',(162.0625,45.625,1.));
#6572 = VECTOR('',#6573,1.);
#6573 = DIRECTION('',(-0.,-0.,-1.));
#6574 = ORIENTED_EDGE('',*,*,#6575,.F.);
#6575 = EDGE_CURVE('',#6559,#6568,#6576,.T.);
#6576 = LINE('',#6577,#6578);
#6577 = CARTESIAN_POINT('',(162.0625,59.625,1.));
#6578 = VECTOR('',#6579,1.);
#6579 = DIRECTION('',(0.,-1.,0.));
#6580 = PLANE('',#6581);
#6581 = AXIS2_PLACEMENT_3D('',#6582,#6583,#6584);
#6582 = CARTESIAN_POINT('',(162.0625,59.625,1.));
#6583 = DIRECTION('',(-1.,0.,0.));
#6584 = DIRECTION('',(0.,-1.,0.));
#6585 = ADVANCED_FACE('',(#6586),#6604,.F.);
#6586 = FACE_BOUND('',#6587,.F.);
#6587 = EDGE_LOOP('',(#6588,#6596,#6597,#6598));
#6588 = ORIENTED_EDGE('',*,*,#6589,.T.);
#6589 = EDGE_CURVE('',#6590,#867,#6592,.T.);
#6590 = VERTEX_POINT('',#6591);
#6591 = CARTESIAN_POINT('',(176.0625,59.625,1.));
#6592 = LINE('',#6593,#6594);
#6593 = CARTESIAN_POINT('',(176.0625,59.625,1.));
#6594 = VECTOR('',#6595,1.);
#6595 = DIRECTION('',(-0.,-0.,-1.));
#6596 = ORIENTED_EDGE('',*,*,#866,.T.);
#6597 = ORIENTED_EDGE('',*,*,#6558,.F.);
#6598 = ORIENTED_EDGE('',*,*,#6599,.F.);
#6599 = EDGE_CURVE('',#6590,#6559,#6600,.T.);
#6600 = LINE('',#6601,#6602);
#6601 = CARTESIAN_POINT('',(176.0625,59.625,1.));
#6602 = VECTOR('',#6603,1.);
#6603 = DIRECTION('',(-1.,0.,0.));
#6604 = PLANE('',#6605);
#6605 = AXIS2_PLACEMENT_3D('',#6606,#6607,#6608);
#6606 = CARTESIAN_POINT('',(176.0625,59.625,1.));
#6607 = DIRECTION('',(0.,1.,0.));
#6608 = DIRECTION('',(-1.,0.,0.));
#6609 = ADVANCED_FACE('',(#6610),#6628,.F.);
#6610 = FACE_BOUND('',#6611,.F.);
#6611 = EDGE_LOOP('',(#6612,#6613,#6614,#6622));
#6612 = ORIENTED_EDGE('',*,*,#6567,.T.);
#6613 = ORIENTED_EDGE('',*,*,#882,.T.);
#6614 = ORIENTED_EDGE('',*,*,#6615,.F.);
#6615 = EDGE_CURVE('',#6616,#875,#6618,.T.);
#6616 = VERTEX_POINT('',#6617);
#6617 = CARTESIAN_POINT('',(176.0625,45.625,1.));
#6618 = LINE('',#6619,#6620);
#6619 = CARTESIAN_POINT('',(176.0625,45.625,1.));
#6620 = VECTOR('',#6621,1.);
#6621 = DIRECTION('',(-0.,-0.,-1.));
#6622 = ORIENTED_EDGE('',*,*,#6623,.F.);
#6623 = EDGE_CURVE('',#6568,#6616,#6624,.T.);
#6624 = LINE('',#6625,#6626);
#6625 = CARTESIAN_POINT('',(162.0625,45.625,1.));
#6626 = VECTOR('',#6627,1.);
#6627 = DIRECTION('',(1.,0.,0.));
#6628 = PLANE('',#6629);
#6629 = AXIS2_PLACEMENT_3D('',#6630,#6631,#6632);
#6630 = CARTESIAN_POINT('',(162.0625,45.625,1.));
#6631 = DIRECTION('',(0.,-1.,0.));
#6632 = DIRECTION('',(1.,0.,0.));
#6633 = ADVANCED_FACE('',(#6634),#6645,.F.);
#6634 = FACE_BOUND('',#6635,.F.);
#6635 = EDGE_LOOP('',(#6636,#6637,#6638,#6639));
#6636 = ORIENTED_EDGE('',*,*,#6615,.T.);
#6637 = ORIENTED_EDGE('',*,*,#874,.T.);
#6638 = ORIENTED_EDGE('',*,*,#6589,.F.);
#6639 = ORIENTED_EDGE('',*,*,#6640,.F.);
#6640 = EDGE_CURVE('',#6616,#6590,#6641,.T.);
#6641 = LINE('',#6642,#6643);
#6642 = CARTESIAN_POINT('',(176.0625,45.625,1.));
#6643 = VECTOR('',#6644,1.);
#6644 = DIRECTION('',(0.,1.,0.));
#6645 = PLANE('',#6646);
#6646 = AXIS2_PLACEMENT_3D('',#6647,#6648,#6649);
#6647 = CARTESIAN_POINT('',(176.0625,45.625,1.));
#6648 = DIRECTION('',(1.,0.,0.));
#6649 = DIRECTION('',(0.,1.,0.));
#6650 = ADVANCED_FACE('',(#6651),#6676,.F.);
#6651 = FACE_BOUND('',#6652,.F.);
#6652 = EDGE_LOOP('',(#6653,#6661,#6662,#6670));
#6653 = ORIENTED_EDGE('',*,*,#6654,.T.);
#6654 = EDGE_CURVE('',#6655,#891,#6657,.T.);
#6655 = VERTEX_POINT('',#6656);
#6656 = CARTESIAN_POINT('',(173.96875,21.525,1.));
#6657 = LINE('',#6658,#6659);
#6658 = CARTESIAN_POINT('',(173.96875,21.525,1.));
#6659 = VECTOR('',#6660,1.);
#6660 = DIRECTION('',(-0.,-0.,-1.));
#6661 = ORIENTED_EDGE('',*,*,#890,.T.);
#6662 = ORIENTED_EDGE('',*,*,#6663,.F.);
#6663 = EDGE_CURVE('',#6664,#893,#6666,.T.);
#6664 = VERTEX_POINT('',#6665);
#6665 = CARTESIAN_POINT('',(173.96875,16.825,1.));
#6666 = LINE('',#6667,#6668);
#6667 = CARTESIAN_POINT('',(173.96875,16.825,1.));
#6668 = VECTOR('',#6669,1.);
#6669 = DIRECTION('',(-0.,-0.,-1.));
#6670 = ORIENTED_EDGE('',*,*,#6671,.F.);
#6671 = EDGE_CURVE('',#6655,#6664,#6672,.T.);
#6672 = LINE('',#6673,#6674);
#6673 = CARTESIAN_POINT('',(173.96875,21.525,1.));
#6674 = VECTOR('',#6675,1.);
#6675 = DIRECTION('',(0.,-1.,0.));
#6676 = PLANE('',#6677);
#6677 = AXIS2_PLACEMENT_3D('',#6678,#6679,#6680);
#6678 = CARTESIAN_POINT('',(173.96875,21.525,1.));
#6679 = DIRECTION('',(-1.,0.,0.));
#6680 = DIRECTION('',(0.,-1.,0.));
#6681 = ADVANCED_FACE('',(#6682),#6700,.T.);
#6682 = FACE_BOUND('',#6683,.T.);
#6683 = EDGE_LOOP('',(#6684,#6685,#6686,#6694));
#6684 = ORIENTED_EDGE('',*,*,#6654,.T.);
#6685 = ORIENTED_EDGE('',*,*,#900,.T.);
#6686 = ORIENTED_EDGE('',*,*,#6687,.F.);
#6687 = EDGE_CURVE('',#6688,#901,#6690,.T.);
#6688 = VERTEX_POINT('',#6689);
#6689 = CARTESIAN_POINT('',(187.96875,21.525,1.));
#6690 = LINE('',#6691,#6692);
#6691 = CARTESIAN_POINT('',(187.96875,21.525,1.));
#6692 = VECTOR('',#6693,1.);
#6693 = DIRECTION('',(-0.,-0.,-1.));
#6694 = ORIENTED_EDGE('',*,*,#6695,.F.);
#6695 = EDGE_CURVE('',#6655,#6688,#6696,.T.);
#6696 = LINE('',#6697,#6698);
#6697 = CARTESIAN_POINT('',(173.96875,21.525,1.));
#6698 = VECTOR('',#6699,1.);
#6699 = DIRECTION('',(1.,0.,0.));
#6700 = PLANE('',#6701);
#6701 = AXIS2_PLACEMENT_3D('',#6702,#6703,#6704);
#6702 = CARTESIAN_POINT('',(173.96875,21.525,1.));
#6703 = DIRECTION('',(0.,-1.,0.));
#6704 = DIRECTION('',(1.,0.,0.));
#6705 = ADVANCED_FACE('',(#6706),#6724,.F.);
#6706 = FACE_BOUND('',#6707,.F.);
#6707 = EDGE_LOOP('',(#6708,#6709,#6710,#6718));
#6708 = ORIENTED_EDGE('',*,*,#6663,.T.);
#6709 = ORIENTED_EDGE('',*,*,#1172,.T.);
#6710 = ORIENTED_EDGE('',*,*,#6711,.F.);
#6711 = EDGE_CURVE('',#6712,#1165,#6714,.T.);
#6712 = VERTEX_POINT('',#6713);
#6713 = CARTESIAN_POINT('',(134.34375,16.825,1.));
#6714 = LINE('',#6715,#6716);
#6715 = CARTESIAN_POINT('',(134.34375,16.825,1.));
#6716 = VECTOR('',#6717,1.);
#6717 = DIRECTION('',(-0.,-0.,-1.));
#6718 = ORIENTED_EDGE('',*,*,#6719,.F.);
#6719 = EDGE_CURVE('',#6664,#6712,#6720,.T.);
#6720 = LINE('',#6721,#6722);
#6721 = CARTESIAN_POINT('',(173.96875,16.825,1.));
#6722 = VECTOR('',#6723,1.);
#6723 = DIRECTION('',(-1.,0.,0.));
#6724 = PLANE('',#6725);
#6725 = AXIS2_PLACEMENT_3D('',#6726,#6727,#6728);
#6726 = CARTESIAN_POINT('',(173.96875,16.825,1.));
#6727 = DIRECTION('',(0.,1.,0.));
#6728 = DIRECTION('',(-1.,0.,0.));
#6729 = ADVANCED_FACE('',(#6730),#6748,.T.);
#6730 = FACE_BOUND('',#6731,.T.);
#6731 = EDGE_LOOP('',(#6732,#6733,#6734,#6742));
#6732 = ORIENTED_EDGE('',*,*,#6687,.T.);
#6733 = ORIENTED_EDGE('',*,*,#908,.T.);
#6734 = ORIENTED_EDGE('',*,*,#6735,.F.);
#6735 = EDGE_CURVE('',#6736,#909,#6738,.T.);
#6736 = VERTEX_POINT('',#6737);
#6737 = CARTESIAN_POINT('',(187.96875,16.825,1.));
#6738 = LINE('',#6739,#6740);
#6739 = CARTESIAN_POINT('',(187.96875,16.825,1.));
#6740 = VECTOR('',#6741,1.);
#6741 = DIRECTION('',(-0.,-0.,-1.));
#6742 = ORIENTED_EDGE('',*,*,#6743,.F.);
#6743 = EDGE_CURVE('',#6688,#6736,#6744,.T.);
#6744 = LINE('',#6745,#6746);
#6745 = CARTESIAN_POINT('',(187.96875,21.525,1.));
#6746 = VECTOR('',#6747,1.);
#6747 = DIRECTION('',(0.,-1.,0.));
#6748 = PLANE('',#6749);
#6749 = AXIS2_PLACEMENT_3D('',#6750,#6751,#6752);
#6750 = CARTESIAN_POINT('',(187.96875,21.525,1.));
#6751 = DIRECTION('',(-1.,0.,0.));
#6752 = DIRECTION('',(0.,-1.,0.));
#6753 = ADVANCED_FACE('',(#6754),#6772,.F.);
#6754 = FACE_BOUND('',#6755,.F.);
#6755 = EDGE_LOOP('',(#6756,#6757,#6758,#6766));
#6756 = ORIENTED_EDGE('',*,*,#6711,.T.);
#6757 = ORIENTED_EDGE('',*,*,#1164,.T.);
#6758 = ORIENTED_EDGE('',*,*,#6759,.F.);
#6759 = EDGE_CURVE('',#6760,#1157,#6762,.T.);
#6760 = VERTEX_POINT('',#6761);
#6761 = CARTESIAN_POINT('',(134.34375,20.055,1.));
#6762 = LINE('',#6763,#6764);
#6763 = CARTESIAN_POINT('',(134.34375,20.055,1.));
#6764 = VECTOR('',#6765,1.);
#6765 = DIRECTION('',(-0.,-0.,-1.));
#6766 = ORIENTED_EDGE('',*,*,#6767,.F.);
#6767 = EDGE_CURVE('',#6712,#6760,#6768,.T.);
#6768 = LINE('',#6769,#6770);
#6769 = CARTESIAN_POINT('',(134.34375,16.825,1.));
#6770 = VECTOR('',#6771,1.);
#6771 = DIRECTION('',(0.,1.,0.));
#6772 = PLANE('',#6773);
#6773 = AXIS2_PLACEMENT_3D('',#6774,#6775,#6776);
#6774 = CARTESIAN_POINT('',(134.34375,16.825,1.));
#6775 = DIRECTION('',(1.,0.,0.));
#6776 = DIRECTION('',(0.,1.,0.));
#6777 = ADVANCED_FACE('',(#6778),#6796,.T.);
#6778 = FACE_BOUND('',#6779,.T.);
#6779 = EDGE_LOOP('',(#6780,#6781,#6782,#6790));
#6780 = ORIENTED_EDGE('',*,*,#6735,.T.);
#6781 = ORIENTED_EDGE('',*,*,#916,.T.);
#6782 = ORIENTED_EDGE('',*,*,#6783,.F.);
#6783 = EDGE_CURVE('',#6784,#917,#6786,.T.);
#6784 = VERTEX_POINT('',#6785);
#6785 = CARTESIAN_POINT('',(227.59375,16.825,1.));
#6786 = LINE('',#6787,#6788);
#6787 = CARTESIAN_POINT('',(227.59375,16.825,1.));
#6788 = VECTOR('',#6789,1.);
#6789 = DIRECTION('',(-0.,-0.,-1.));
#6790 = ORIENTED_EDGE('',*,*,#6791,.F.);
#6791 = EDGE_CURVE('',#6736,#6784,#6792,.T.);
#6792 = LINE('',#6793,#6794);
#6793 = CARTESIAN_POINT('',(187.96875,16.825,1.));
#6794 = VECTOR('',#6795,1.);
#6795 = DIRECTION('',(1.,0.,0.));
#6796 = PLANE('',#6797);
#6797 = AXIS2_PLACEMENT_3D('',#6798,#6799,#6800);
#6798 = CARTESIAN_POINT('',(187.96875,16.825,1.));
#6799 = DIRECTION('',(0.,-1.,0.));
#6800 = DIRECTION('',(1.,0.,0.));
#6801 = ADVANCED_FACE('',(#6802),#6820,.T.);
#6802 = FACE_BOUND('',#6803,.T.);
#6803 = EDGE_LOOP('',(#6804,#6812,#6813,#6814));
#6804 = ORIENTED_EDGE('',*,*,#6805,.T.);
#6805 = EDGE_CURVE('',#6806,#1149,#6808,.T.);
#6806 = VERTEX_POINT('',#6807);
#6807 = CARTESIAN_POINT('',(127.59375,20.055,1.));
#6808 = LINE('',#6809,#6810);
#6809 = CARTESIAN_POINT('',(127.59375,20.055,1.));
#6810 = VECTOR('',#6811,1.);
#6811 = DIRECTION('',(-0.,-0.,-1.));
#6812 = ORIENTED_EDGE('',*,*,#1156,.T.);
#6813 = ORIENTED_EDGE('',*,*,#6759,.F.);
#6814 = ORIENTED_EDGE('',*,*,#6815,.F.);
#6815 = EDGE_CURVE('',#6806,#6760,#6816,.T.);
#6816 = LINE('',#6817,#6818);
#6817 = CARTESIAN_POINT('',(127.59375,20.055,1.));
#6818 = VECTOR('',#6819,1.);
#6819 = DIRECTION('',(1.,0.,0.));
#6820 = PLANE('',#6821);
#6821 = AXIS2_PLACEMENT_3D('',#6822,#6823,#6824);
#6822 = CARTESIAN_POINT('',(127.59375,20.055,1.));
#6823 = DIRECTION('',(0.,-1.,0.));
#6824 = DIRECTION('',(1.,0.,0.));
#6825 = ADVANCED_FACE('',(#6826),#6844,.T.);
#6826 = FACE_BOUND('',#6827,.T.);
#6827 = EDGE_LOOP('',(#6828,#6829,#6830,#6838));
#6828 = ORIENTED_EDGE('',*,*,#6783,.T.);
#6829 = ORIENTED_EDGE('',*,*,#924,.T.);
#6830 = ORIENTED_EDGE('',*,*,#6831,.F.);
#6831 = EDGE_CURVE('',#6832,#925,#6834,.T.);
#6832 = VERTEX_POINT('',#6833);
#6833 = CARTESIAN_POINT('',(227.59375,20.055,1.));
#6834 = LINE('',#6835,#6836);
#6835 = CARTESIAN_POINT('',(227.59375,20.055,1.));
#6836 = VECTOR('',#6837,1.);
#6837 = DIRECTION('',(-0.,-0.,-1.));
#6838 = ORIENTED_EDGE('',*,*,#6839,.F.);
#6839 = EDGE_CURVE('',#6784,#6832,#6840,.T.);
#6840 = LINE('',#6841,#6842);
#6841 = CARTESIAN_POINT('',(227.59375,16.825,1.));
#6842 = VECTOR('',#6843,1.);
#6843 = DIRECTION('',(0.,1.,0.));
#6844 = PLANE('',#6845);
#6845 = AXIS2_PLACEMENT_3D('',#6846,#6847,#6848);
#6846 = CARTESIAN_POINT('',(227.59375,16.825,1.));
#6847 = DIRECTION('',(1.,0.,0.));
#6848 = DIRECTION('',(0.,1.,0.));
#6849 = ADVANCED_FACE('',(#6850),#6868,.F.);
#6850 = FACE_BOUND('',#6851,.F.);
#6851 = EDGE_LOOP('',(#6852,#6853,#6854,#6862));
#6852 = ORIENTED_EDGE('',*,*,#6805,.T.);
#6853 = ORIENTED_EDGE('',*,*,#1148,.T.);
#6854 = ORIENTED_EDGE('',*,*,#6855,.F.);
#6855 = EDGE_CURVE('',#6856,#1141,#6858,.T.);
#6856 = VERTEX_POINT('',#6857);
#6857 = CARTESIAN_POINT('',(127.59375,16.825,1.));
#6858 = LINE('',#6859,#6860);
#6859 = CARTESIAN_POINT('',(127.59375,16.825,1.));
#6860 = VECTOR('',#6861,1.);
#6861 = DIRECTION('',(-0.,-0.,-1.));
#6862 = ORIENTED_EDGE('',*,*,#6863,.F.);
#6863 = EDGE_CURVE('',#6806,#6856,#6864,.T.);
#6864 = LINE('',#6865,#6866);
#6865 = CARTESIAN_POINT('',(127.59375,20.055,1.));
#6866 = VECTOR('',#6867,1.);
#6867 = DIRECTION('',(0.,-1.,0.));
#6868 = PLANE('',#6869);
#6869 = AXIS2_PLACEMENT_3D('',#6870,#6871,#6872);
#6870 = CARTESIAN_POINT('',(127.59375,20.055,1.));
#6871 = DIRECTION('',(-1.,0.,0.));
#6872 = DIRECTION('',(0.,-1.,0.));
#6873 = ADVANCED_FACE('',(#6874),#6892,.T.);
#6874 = FACE_BOUND('',#6875,.T.);
#6875 = EDGE_LOOP('',(#6876,#6877,#6878,#6886));
#6876 = ORIENTED_EDGE('',*,*,#6831,.T.);
#6877 = ORIENTED_EDGE('',*,*,#932,.T.);
#6878 = ORIENTED_EDGE('',*,*,#6879,.F.);
#6879 = EDGE_CURVE('',#6880,#933,#6882,.T.);
#6880 = VERTEX_POINT('',#6881);
#6881 = CARTESIAN_POINT('',(234.34375,20.055,1.));
#6882 = LINE('',#6883,#6884);
#6883 = CARTESIAN_POINT('',(234.34375,20.055,1.));
#6884 = VECTOR('',#6885,1.);
#6885 = DIRECTION('',(-0.,-0.,-1.));
#6886 = ORIENTED_EDGE('',*,*,#6887,.F.);
#6887 = EDGE_CURVE('',#6832,#6880,#6888,.T.);
#6888 = LINE('',#6889,#6890);
#6889 = CARTESIAN_POINT('',(227.59375,20.055,1.));
#6890 = VECTOR('',#6891,1.);
#6891 = DIRECTION('',(1.,0.,0.));
#6892 = PLANE('',#6893);
#6893 = AXIS2_PLACEMENT_3D('',#6894,#6895,#6896);
#6894 = CARTESIAN_POINT('',(227.59375,20.055,1.));
#6895 = DIRECTION('',(0.,-1.,0.));
#6896 = DIRECTION('',(1.,0.,0.));
#6897 = ADVANCED_FACE('',(#6898),#6916,.F.);
#6898 = FACE_BOUND('',#6899,.F.);
#6899 = EDGE_LOOP('',(#6900,#6901,#6902,#6910));
#6900 = ORIENTED_EDGE('',*,*,#6855,.T.);
#6901 = ORIENTED_EDGE('',*,*,#1140,.T.);
#6902 = ORIENTED_EDGE('',*,*,#6903,.F.);
#6903 = EDGE_CURVE('',#6904,#1133,#6906,.T.);
#6904 = VERTEX_POINT('',#6905);
#6905 = CARTESIAN_POINT('',(126.76875,16.825,1.));
#6906 = LINE('',#6907,#6908);
#6907 = CARTESIAN_POINT('',(126.76875,16.825,1.));
#6908 = VECTOR('',#6909,1.);
#6909 = DIRECTION('',(-0.,-0.,-1.));
#6910 = ORIENTED_EDGE('',*,*,#6911,.F.);
#6911 = EDGE_CURVE('',#6856,#6904,#6912,.T.);
#6912 = LINE('',#6913,#6914);
#6913 = CARTESIAN_POINT('',(127.59375,16.825,1.));
#6914 = VECTOR('',#6915,1.);
#6915 = DIRECTION('',(-1.,0.,0.));
#6916 = PLANE('',#6917);
#6917 = AXIS2_PLACEMENT_3D('',#6918,#6919,#6920);
#6918 = CARTESIAN_POINT('',(127.59375,16.825,1.));
#6919 = DIRECTION('',(0.,1.,0.));
#6920 = DIRECTION('',(-1.,0.,0.));
#6921 = ADVANCED_FACE('',(#6922),#6940,.T.);
#6922 = FACE_BOUND('',#6923,.T.);
#6923 = EDGE_LOOP('',(#6924,#6925,#6926,#6934));
#6924 = ORIENTED_EDGE('',*,*,#6879,.T.);
#6925 = ORIENTED_EDGE('',*,*,#940,.T.);
#6926 = ORIENTED_EDGE('',*,*,#6927,.F.);
#6927 = EDGE_CURVE('',#6928,#941,#6930,.T.);
#6928 = VERTEX_POINT('',#6929);
#6929 = CARTESIAN_POINT('',(234.34375,16.825,1.));
#6930 = LINE('',#6931,#6932);
#6931 = CARTESIAN_POINT('',(234.34375,16.825,1.));
#6932 = VECTOR('',#6933,1.);
#6933 = DIRECTION('',(-0.,-0.,-1.));
#6934 = ORIENTED_EDGE('',*,*,#6935,.F.);
#6935 = EDGE_CURVE('',#6880,#6928,#6936,.T.);
#6936 = LINE('',#6937,#6938);
#6937 = CARTESIAN_POINT('',(234.34375,20.055,1.));
#6938 = VECTOR('',#6939,1.);
#6939 = DIRECTION('',(0.,-1.,0.));
#6940 = PLANE('',#6941);
#6941 = AXIS2_PLACEMENT_3D('',#6942,#6943,#6944);
#6942 = CARTESIAN_POINT('',(234.34375,20.055,1.));
#6943 = DIRECTION('',(-1.,0.,0.));
#6944 = DIRECTION('',(0.,-1.,0.));
#6945 = ADVANCED_FACE('',(#6946),#6964,.F.);
#6946 = FACE_BOUND('',#6947,.F.);
#6947 = EDGE_LOOP('',(#6948,#6949,#6950,#6958));
#6948 = ORIENTED_EDGE('',*,*,#6903,.T.);
#6949 = ORIENTED_EDGE('',*,*,#1132,.T.);
#6950 = ORIENTED_EDGE('',*,*,#6951,.F.);
#6951 = EDGE_CURVE('',#6952,#1125,#6954,.T.);
#6952 = VERTEX_POINT('',#6953);
#6953 = CARTESIAN_POINT('',(126.76875,14.025,1.));
#6954 = LINE('',#6955,#6956);
#6955 = CARTESIAN_POINT('',(126.76875,14.025,1.));
#6956 = VECTOR('',#6957,1.);
#6957 = DIRECTION('',(-0.,-0.,-1.));
#6958 = ORIENTED_EDGE('',*,*,#6959,.F.);
#6959 = EDGE_CURVE('',#6904,#6952,#6960,.T.);
#6960 = LINE('',#6961,#6962);
#6961 = CARTESIAN_POINT('',(126.76875,16.825,1.));
#6962 = VECTOR('',#6963,1.);
#6963 = DIRECTION('',(0.,-1.,0.));
#6964 = PLANE('',#6965);
#6965 = AXIS2_PLACEMENT_3D('',#6966,#6967,#6968);
#6966 = CARTESIAN_POINT('',(126.76875,16.825,1.));
#6967 = DIRECTION('',(-1.,0.,0.));
#6968 = DIRECTION('',(0.,-1.,0.));
#6969 = ADVANCED_FACE('',(#6970),#6988,.T.);
#6970 = FACE_BOUND('',#6971,.T.);
#6971 = EDGE_LOOP('',(#6972,#6973,#6974,#6982));
#6972 = ORIENTED_EDGE('',*,*,#6927,.T.);
#6973 = ORIENTED_EDGE('',*,*,#948,.T.);
#6974 = ORIENTED_EDGE('',*,*,#6975,.F.);
#6975 = EDGE_CURVE('',#6976,#949,#6978,.T.);
#6976 = VERTEX_POINT('',#6977);
#6977 = CARTESIAN_POINT('',(235.16875,16.825,1.));
#6978 = LINE('',#6979,#6980);
#6979 = CARTESIAN_POINT('',(235.16875,16.825,1.));
#6980 = VECTOR('',#6981,1.);
#6981 = DIRECTION('',(-0.,-0.,-1.));
#6982 = ORIENTED_EDGE('',*,*,#6983,.F.);
#6983 = EDGE_CURVE('',#6928,#6976,#6984,.T.);
#6984 = LINE('',#6985,#6986);
#6985 = CARTESIAN_POINT('',(234.34375,16.825,1.));
#6986 = VECTOR('',#6987,1.);
#6987 = DIRECTION('',(1.,0.,0.));
#6988 = PLANE('',#6989);
#6989 = AXIS2_PLACEMENT_3D('',#6990,#6991,#6992);
#6990 = CARTESIAN_POINT('',(234.34375,16.825,1.));
#6991 = DIRECTION('',(0.,-1.,0.));
#6992 = DIRECTION('',(1.,0.,0.));
#6993 = ADVANCED_FACE('',(#6994),#7012,.F.);
#6994 = FACE_BOUND('',#6995,.F.);
#6995 = EDGE_LOOP('',(#6996,#6997,#6998,#7006));
#6996 = ORIENTED_EDGE('',*,*,#6951,.T.);
#6997 = ORIENTED_EDGE('',*,*,#1124,.T.);
#6998 = ORIENTED_EDGE('',*,*,#6999,.F.);
#6999 = EDGE_CURVE('',#7000,#1117,#7002,.T.);
#7000 = VERTEX_POINT('',#7001);
#7001 = CARTESIAN_POINT('',(127.59375,14.025,1.));
#7002 = LINE('',#7003,#7004);
#7003 = CARTESIAN_POINT('',(127.59375,14.025,1.));
#7004 = VECTOR('',#7005,1.);
#7005 = DIRECTION('',(-0.,-0.,-1.));
#7006 = ORIENTED_EDGE('',*,*,#7007,.F.);
#7007 = EDGE_CURVE('',#6952,#7000,#7008,.T.);
#7008 = LINE('',#7009,#7010);
#7009 = CARTESIAN_POINT('',(126.76875,14.025,1.));
#7010 = VECTOR('',#7011,1.);
#7011 = DIRECTION('',(1.,0.,0.));
#7012 = PLANE('',#7013);
#7013 = AXIS2_PLACEMENT_3D('',#7014,#7015,#7016);
#7014 = CARTESIAN_POINT('',(126.76875,14.025,1.));
#7015 = DIRECTION('',(0.,-1.,0.));
#7016 = DIRECTION('',(1.,0.,0.));
#7017 = ADVANCED_FACE('',(#7018),#7036,.T.);
#7018 = FACE_BOUND('',#7019,.T.);
#7019 = EDGE_LOOP('',(#7020,#7021,#7022,#7030));
#7020 = ORIENTED_EDGE('',*,*,#6975,.T.);
#7021 = ORIENTED_EDGE('',*,*,#956,.T.);
#7022 = ORIENTED_EDGE('',*,*,#7023,.F.);
#7023 = EDGE_CURVE('',#7024,#957,#7026,.T.);
#7024 = VERTEX_POINT('',#7025);
#7025 = CARTESIAN_POINT('',(235.16875,14.025,1.));
#7026 = LINE('',#7027,#7028);
#7027 = CARTESIAN_POINT('',(235.16875,14.025,1.));
#7028 = VECTOR('',#7029,1.);
#7029 = DIRECTION('',(-0.,-0.,-1.));
#7030 = ORIENTED_EDGE('',*,*,#7031,.F.);
#7031 = EDGE_CURVE('',#6976,#7024,#7032,.T.);
#7032 = LINE('',#7033,#7034);
#7033 = CARTESIAN_POINT('',(235.16875,16.825,1.));
#7034 = VECTOR('',#7035,1.);
#7035 = DIRECTION('',(0.,-1.,0.));
#7036 = PLANE('',#7037);
#7037 = AXIS2_PLACEMENT_3D('',#7038,#7039,#7040);
#7038 = CARTESIAN_POINT('',(235.16875,16.825,1.));
#7039 = DIRECTION('',(-1.,0.,0.));
#7040 = DIRECTION('',(0.,-1.,0.));
#7041 = ADVANCED_FACE('',(#7042),#7060,.F.);
#7042 = FACE_BOUND('',#7043,.F.);
#7043 = EDGE_LOOP('',(#7044,#7045,#7046,#7054));
#7044 = ORIENTED_EDGE('',*,*,#6999,.T.);
#7045 = ORIENTED_EDGE('',*,*,#1116,.T.);
#7046 = ORIENTED_EDGE('',*,*,#7047,.F.);
#7047 = EDGE_CURVE('',#7048,#1109,#7050,.T.);
#7048 = VERTEX_POINT('',#7049);
#7049 = CARTESIAN_POINT('',(127.59375,7.755,1.));
#7050 = LINE('',#7051,#7052);
#7051 = CARTESIAN_POINT('',(127.59375,7.755,1.));
#7052 = VECTOR('',#7053,1.);
#7053 = DIRECTION('',(-0.,-0.,-1.));
#7054 = ORIENTED_EDGE('',*,*,#7055,.F.);
#7055 = EDGE_CURVE('',#7000,#7048,#7056,.T.);
#7056 = LINE('',#7057,#7058);
#7057 = CARTESIAN_POINT('',(127.59375,14.025,1.));
#7058 = VECTOR('',#7059,1.);
#7059 = DIRECTION('',(0.,-1.,0.));
#7060 = PLANE('',#7061);
#7061 = AXIS2_PLACEMENT_3D('',#7062,#7063,#7064);
#7062 = CARTESIAN_POINT('',(127.59375,14.025,1.));
#7063 = DIRECTION('',(-1.,0.,0.));
#7064 = DIRECTION('',(0.,-1.,0.));
#7065 = ADVANCED_FACE('',(#7066),#7084,.T.);
#7066 = FACE_BOUND('',#7067,.T.);
#7067 = EDGE_LOOP('',(#7068,#7069,#7070,#7078));
#7068 = ORIENTED_EDGE('',*,*,#7023,.T.);
#7069 = ORIENTED_EDGE('',*,*,#964,.T.);
#7070 = ORIENTED_EDGE('',*,*,#7071,.F.);
#7071 = EDGE_CURVE('',#7072,#965,#7074,.T.);
#7072 = VERTEX_POINT('',#7073);
#7073 = CARTESIAN_POINT('',(234.34375,14.025,1.));
#7074 = LINE('',#7075,#7076);
#7075 = CARTESIAN_POINT('',(234.34375,14.025,1.));
#7076 = VECTOR('',#7077,1.);
#7077 = DIRECTION('',(-0.,-0.,-1.));
#7078 = ORIENTED_EDGE('',*,*,#7079,.F.);
#7079 = EDGE_CURVE('',#7024,#7072,#7080,.T.);
#7080 = LINE('',#7081,#7082);
#7081 = CARTESIAN_POINT('',(235.16875,14.025,1.));
#7082 = VECTOR('',#7083,1.);
#7083 = DIRECTION('',(-1.,0.,0.));
#7084 = PLANE('',#7085);
#7085 = AXIS2_PLACEMENT_3D('',#7086,#7087,#7088);
#7086 = CARTESIAN_POINT('',(235.16875,14.025,1.));
#7087 = DIRECTION('',(0.,1.,0.));
#7088 = DIRECTION('',(-1.,0.,0.));
#7089 = ADVANCED_FACE('',(#7090),#7108,.F.);
#7090 = FACE_BOUND('',#7091,.F.);
#7091 = EDGE_LOOP('',(#7092,#7093,#7094,#7102));
#7092 = ORIENTED_EDGE('',*,*,#7047,.T.);
#7093 = ORIENTED_EDGE('',*,*,#1108,.T.);
#7094 = ORIENTED_EDGE('',*,*,#7095,.F.);
#7095 = EDGE_CURVE('',#7096,#1101,#7098,.T.);
#7096 = VERTEX_POINT('',#7097);
#7097 = CARTESIAN_POINT('',(129.31875,7.755,1.));
#7098 = LINE('',#7099,#7100);
#7099 = CARTESIAN_POINT('',(129.31875,7.755,1.));
#7100 = VECTOR('',#7101,1.);
#7101 = DIRECTION('',(-0.,-0.,-1.));
#7102 = ORIENTED_EDGE('',*,*,#7103,.F.);
#7103 = EDGE_CURVE('',#7048,#7096,#7104,.T.);
#7104 = LINE('',#7105,#7106);
#7105 = CARTESIAN_POINT('',(127.59375,7.755,1.));
#7106 = VECTOR('',#7107,1.);
#7107 = DIRECTION('',(1.,0.,0.));
#7108 = PLANE('',#7109);
#7109 = AXIS2_PLACEMENT_3D('',#7110,#7111,#7112);
#7110 = CARTESIAN_POINT('',(127.59375,7.755,1.));
#7111 = DIRECTION('',(0.,-1.,0.));
#7112 = DIRECTION('',(1.,0.,0.));
#7113 = ADVANCED_FACE('',(#7114),#7132,.T.);
#7114 = FACE_BOUND('',#7115,.T.);
#7115 = EDGE_LOOP('',(#7116,#7117,#7118,#7126));
#7116 = ORIENTED_EDGE('',*,*,#7071,.T.);
#7117 = ORIENTED_EDGE('',*,*,#972,.T.);
#7118 = ORIENTED_EDGE('',*,*,#7119,.F.);
#7119 = EDGE_CURVE('',#7120,#973,#7122,.T.);
#7120 = VERTEX_POINT('',#7121);
#7121 = CARTESIAN_POINT('',(234.34375,7.755,1.));
#7122 = LINE('',#7123,#7124);
#7123 = CARTESIAN_POINT('',(234.34375,7.755,1.));
#7124 = VECTOR('',#7125,1.);
#7125 = DIRECTION('',(-0.,-0.,-1.));
#7126 = ORIENTED_EDGE('',*,*,#7127,.F.);
#7127 = EDGE_CURVE('',#7072,#7120,#7128,.T.);
#7128 = LINE('',#7129,#7130);
#7129 = CARTESIAN_POINT('',(234.34375,14.025,1.));
#7130 = VECTOR('',#7131,1.);
#7131 = DIRECTION('',(0.,-1.,0.));
#7132 = PLANE('',#7133);
#7133 = AXIS2_PLACEMENT_3D('',#7134,#7135,#7136);
#7134 = CARTESIAN_POINT('',(234.34375,14.025,1.));
#7135 = DIRECTION('',(-1.,0.,0.));
#7136 = DIRECTION('',(0.,-1.,0.));
#7137 = ADVANCED_FACE('',(#7138),#7156,.F.);
#7138 = FACE_BOUND('',#7139,.F.);
#7139 = EDGE_LOOP('',(#7140,#7141,#7142,#7150));
#7140 = ORIENTED_EDGE('',*,*,#7095,.T.);
#7141 = ORIENTED_EDGE('',*,*,#1100,.T.);
#7142 = ORIENTED_EDGE('',*,*,#7143,.F.);
#7143 = EDGE_CURVE('',#7144,#1093,#7146,.T.);
#7144 = VERTEX_POINT('',#7145);
#7145 = CARTESIAN_POINT('',(129.31875,6.555,1.));
#7146 = LINE('',#7147,#7148);
#7147 = CARTESIAN_POINT('',(129.31875,6.555,1.));
#7148 = VECTOR('',#7149,1.);
#7149 = DIRECTION('',(-0.,-0.,-1.));
#7150 = ORIENTED_EDGE('',*,*,#7151,.F.);
#7151 = EDGE_CURVE('',#7096,#7144,#7152,.T.);
#7152 = LINE('',#7153,#7154);
#7153 = CARTESIAN_POINT('',(129.31875,7.755,1.));
#7154 = VECTOR('',#7155,1.);
#7155 = DIRECTION('',(0.,-1.,0.));
#7156 = PLANE('',#7157);
#7157 = AXIS2_PLACEMENT_3D('',#7158,#7159,#7160);
#7158 = CARTESIAN_POINT('',(129.31875,7.755,1.));
#7159 = DIRECTION('',(-1.,0.,0.));
#7160 = DIRECTION('',(0.,-1.,0.));
#7161 = ADVANCED_FACE('',(#7162),#7180,.T.);
#7162 = FACE_BOUND('',#7163,.T.);
#7163 = EDGE_LOOP('',(#7164,#7165,#7166,#7174));
#7164 = ORIENTED_EDGE('',*,*,#7119,.T.);
#7165 = ORIENTED_EDGE('',*,*,#980,.T.);
#7166 = ORIENTED_EDGE('',*,*,#7167,.F.);
#7167 = EDGE_CURVE('',#7168,#981,#7170,.T.);
#7168 = VERTEX_POINT('',#7169);
#7169 = CARTESIAN_POINT('',(232.61875,7.755,1.));
#7170 = LINE('',#7171,#7172);
#7171 = CARTESIAN_POINT('',(232.61875,7.755,1.));
#7172 = VECTOR('',#7173,1.);
#7173 = DIRECTION('',(-0.,-0.,-1.));
#7174 = ORIENTED_EDGE('',*,*,#7175,.F.);
#7175 = EDGE_CURVE('',#7120,#7168,#7176,.T.);
#7176 = LINE('',#7177,#7178);
#7177 = CARTESIAN_POINT('',(234.34375,7.755,1.));
#7178 = VECTOR('',#7179,1.);
#7179 = DIRECTION('',(-1.,0.,0.));
#7180 = PLANE('',#7181);
#7181 = AXIS2_PLACEMENT_3D('',#7182,#7183,#7184);
#7182 = CARTESIAN_POINT('',(234.34375,7.755,1.));
#7183 = DIRECTION('',(0.,1.,0.));
#7184 = DIRECTION('',(-1.,0.,0.));
#7185 = ADVANCED_FACE('',(#7186),#7204,.F.);
#7186 = FACE_BOUND('',#7187,.F.);
#7187 = EDGE_LOOP('',(#7188,#7189,#7190,#7198));
#7188 = ORIENTED_EDGE('',*,*,#7143,.T.);
#7189 = ORIENTED_EDGE('',*,*,#1092,.T.);
#7190 = ORIENTED_EDGE('',*,*,#7191,.F.);
#7191 = EDGE_CURVE('',#7192,#1085,#7194,.T.);
#7192 = VERTEX_POINT('',#7193);
#7193 = CARTESIAN_POINT('',(132.61875,6.555,1.));
#7194 = LINE('',#7195,#7196);
#7195 = CARTESIAN_POINT('',(132.61875,6.555,1.));
#7196 = VECTOR('',#7197,1.);
#7197 = DIRECTION('',(-0.,-0.,-1.));
#7198 = ORIENTED_EDGE('',*,*,#7199,.F.);
#7199 = EDGE_CURVE('',#7144,#7192,#7200,.T.);
#7200 = LINE('',#7201,#7202);
#7201 = CARTESIAN_POINT('',(129.31875,6.555,1.));
#7202 = VECTOR('',#7203,1.);
#7203 = DIRECTION('',(1.,0.,0.));
#7204 = PLANE('',#7205);
#7205 = AXIS2_PLACEMENT_3D('',#7206,#7207,#7208);
#7206 = CARTESIAN_POINT('',(129.31875,6.555,1.));
#7207 = DIRECTION('',(0.,-1.,0.));
#7208 = DIRECTION('',(1.,0.,0.));
#7209 = ADVANCED_FACE('',(#7210),#7228,.T.);
#7210 = FACE_BOUND('',#7211,.T.);
#7211 = EDGE_LOOP('',(#7212,#7213,#7214,#7222));
#7212 = ORIENTED_EDGE('',*,*,#7167,.T.);
#7213 = ORIENTED_EDGE('',*,*,#988,.T.);
#7214 = ORIENTED_EDGE('',*,*,#7215,.F.);
#7215 = EDGE_CURVE('',#7216,#989,#7218,.T.);
#7216 = VERTEX_POINT('',#7217);
#7217 = CARTESIAN_POINT('',(232.61875,6.555,1.));
#7218 = LINE('',#7219,#7220);
#7219 = CARTESIAN_POINT('',(232.61875,6.555,1.));
#7220 = VECTOR('',#7221,1.);
#7221 = DIRECTION('',(-0.,-0.,-1.));
#7222 = ORIENTED_EDGE('',*,*,#7223,.F.);
#7223 = EDGE_CURVE('',#7168,#7216,#7224,.T.);
#7224 = LINE('',#7225,#7226);
#7225 = CARTESIAN_POINT('',(232.61875,7.755,1.));
#7226 = VECTOR('',#7227,1.);
#7227 = DIRECTION('',(0.,-1.,0.));
#7228 = PLANE('',#7229);
#7229 = AXIS2_PLACEMENT_3D('',#7230,#7231,#7232);
#7230 = CARTESIAN_POINT('',(232.61875,7.755,1.));
#7231 = DIRECTION('',(-1.,0.,0.));
#7232 = DIRECTION('',(0.,-1.,0.));
#7233 = ADVANCED_FACE('',(#7234),#7252,.F.);
#7234 = FACE_BOUND('',#7235,.F.);
#7235 = EDGE_LOOP('',(#7236,#7237,#7238,#7246));
#7236 = ORIENTED_EDGE('',*,*,#7191,.T.);
#7237 = ORIENTED_EDGE('',*,*,#1084,.T.);
#7238 = ORIENTED_EDGE('',*,*,#7239,.F.);
#7239 = EDGE_CURVE('',#7240,#1077,#7242,.T.);
#7240 = VERTEX_POINT('',#7241);
#7241 = CARTESIAN_POINT('',(132.61875,7.755,1.));
#7242 = LINE('',#7243,#7244);
#7243 = CARTESIAN_POINT('',(132.61875,7.755,1.));
#7244 = VECTOR('',#7245,1.);
#7245 = DIRECTION('',(-0.,-0.,-1.));
#7246 = ORIENTED_EDGE('',*,*,#7247,.F.);
#7247 = EDGE_CURVE('',#7192,#7240,#7248,.T.);
#7248 = LINE('',#7249,#7250);
#7249 = CARTESIAN_POINT('',(132.61875,6.555,1.));
#7250 = VECTOR('',#7251,1.);
#7251 = DIRECTION('',(0.,1.,0.));
#7252 = PLANE('',#7253);
#7253 = AXIS2_PLACEMENT_3D('',#7254,#7255,#7256);
#7254 = CARTESIAN_POINT('',(132.61875,6.555,1.));
#7255 = DIRECTION('',(1.,0.,0.));
#7256 = DIRECTION('',(0.,1.,0.));
#7257 = ADVANCED_FACE('',(#7258),#7276,.T.);
#7258 = FACE_BOUND('',#7259,.T.);
#7259 = EDGE_LOOP('',(#7260,#7261,#7262,#7270));
#7260 = ORIENTED_EDGE('',*,*,#7215,.T.);
#7261 = ORIENTED_EDGE('',*,*,#996,.T.);
#7262 = ORIENTED_EDGE('',*,*,#7263,.F.);
#7263 = EDGE_CURVE('',#7264,#997,#7266,.T.);
#7264 = VERTEX_POINT('',#7265);
#7265 = CARTESIAN_POINT('',(229.31875,6.555,1.));
#7266 = LINE('',#7267,#7268);
#7267 = CARTESIAN_POINT('',(229.31875,6.555,1.));
#7268 = VECTOR('',#7269,1.);
#7269 = DIRECTION('',(-0.,-0.,-1.));
#7270 = ORIENTED_EDGE('',*,*,#7271,.F.);
#7271 = EDGE_CURVE('',#7216,#7264,#7272,.T.);
#7272 = LINE('',#7273,#7274);
#7273 = CARTESIAN_POINT('',(232.61875,6.555,1.));
#7274 = VECTOR('',#7275,1.);
#7275 = DIRECTION('',(-1.,0.,0.));
#7276 = PLANE('',#7277);
#7277 = AXIS2_PLACEMENT_3D('',#7278,#7279,#7280);
#7278 = CARTESIAN_POINT('',(232.61875,6.555,1.));
#7279 = DIRECTION('',(0.,1.,0.));
#7280 = DIRECTION('',(-1.,0.,0.));
#7281 = ADVANCED_FACE('',(#7282),#7300,.F.);
#7282 = FACE_BOUND('',#7283,.F.);
#7283 = EDGE_LOOP('',(#7284,#7285,#7286,#7294));
#7284 = ORIENTED_EDGE('',*,*,#7239,.T.);
#7285 = ORIENTED_EDGE('',*,*,#1076,.T.);
#7286 = ORIENTED_EDGE('',*,*,#7287,.F.);
#7287 = EDGE_CURVE('',#7288,#1069,#7290,.T.);
#7288 = VERTEX_POINT('',#7289);
#7289 = CARTESIAN_POINT('',(134.34375,7.755,1.));
#7290 = LINE('',#7291,#7292);
#7291 = CARTESIAN_POINT('',(134.34375,7.755,1.));
#7292 = VECTOR('',#7293,1.);
#7293 = DIRECTION('',(-0.,-0.,-1.));
#7294 = ORIENTED_EDGE('',*,*,#7295,.F.);
#7295 = EDGE_CURVE('',#7240,#7288,#7296,.T.);
#7296 = LINE('',#7297,#7298);
#7297 = CARTESIAN_POINT('',(132.61875,7.755,1.));
#7298 = VECTOR('',#7299,1.);
#7299 = DIRECTION('',(1.,0.,0.));
#7300 = PLANE('',#7301);
#7301 = AXIS2_PLACEMENT_3D('',#7302,#7303,#7304);
#7302 = CARTESIAN_POINT('',(132.61875,7.755,1.));
#7303 = DIRECTION('',(0.,-1.,0.));
#7304 = DIRECTION('',(1.,0.,0.));
#7305 = ADVANCED_FACE('',(#7306),#7324,.T.);
#7306 = FACE_BOUND('',#7307,.T.);
#7307 = EDGE_LOOP('',(#7308,#7309,#7310,#7318));
#7308 = ORIENTED_EDGE('',*,*,#7263,.T.);
#7309 = ORIENTED_EDGE('',*,*,#1004,.T.);
#7310 = ORIENTED_EDGE('',*,*,#7311,.F.);
#7311 = EDGE_CURVE('',#7312,#1005,#7314,.T.);
#7312 = VERTEX_POINT('',#7313);
#7313 = CARTESIAN_POINT('',(229.31875,7.755,1.));
#7314 = LINE('',#7315,#7316);
#7315 = CARTESIAN_POINT('',(229.31875,7.755,1.));
#7316 = VECTOR('',#7317,1.);
#7317 = DIRECTION('',(-0.,-0.,-1.));
#7318 = ORIENTED_EDGE('',*,*,#7319,.F.);
#7319 = EDGE_CURVE('',#7264,#7312,#7320,.T.);
#7320 = LINE('',#7321,#7322);
#7321 = CARTESIAN_POINT('',(229.31875,6.555,1.));
#7322 = VECTOR('',#7323,1.);
#7323 = DIRECTION('',(0.,1.,0.));
#7324 = PLANE('',#7325);
#7325 = AXIS2_PLACEMENT_3D('',#7326,#7327,#7328);
#7326 = CARTESIAN_POINT('',(229.31875,6.555,1.));
#7327 = DIRECTION('',(1.,0.,0.));
#7328 = DIRECTION('',(0.,1.,0.));
#7329 = ADVANCED_FACE('',(#7330),#7348,.F.);
#7330 = FACE_BOUND('',#7331,.F.);
#7331 = EDGE_LOOP('',(#7332,#7333,#7334,#7342));
#7332 = ORIENTED_EDGE('',*,*,#7287,.T.);
#7333 = ORIENTED_EDGE('',*,*,#1068,.T.);
#7334 = ORIENTED_EDGE('',*,*,#7335,.F.);
#7335 = EDGE_CURVE('',#7336,#1061,#7338,.T.);
#7336 = VERTEX_POINT('',#7337);
#7337 = CARTESIAN_POINT('',(134.34375,12.225,1.));
#7338 = LINE('',#7339,#7340);
#7339 = CARTESIAN_POINT('',(134.34375,12.225,1.));
#7340 = VECTOR('',#7341,1.);
#7341 = DIRECTION('',(-0.,-0.,-1.));
#7342 = ORIENTED_EDGE('',*,*,#7343,.F.);
#7343 = EDGE_CURVE('',#7288,#7336,#7344,.T.);
#7344 = LINE('',#7345,#7346);
#7345 = CARTESIAN_POINT('',(134.34375,7.755,1.));
#7346 = VECTOR('',#7347,1.);
#7347 = DIRECTION('',(0.,1.,0.));
#7348 = PLANE('',#7349);
#7349 = AXIS2_PLACEMENT_3D('',#7350,#7351,#7352);
#7350 = CARTESIAN_POINT('',(134.34375,7.755,1.));
#7351 = DIRECTION('',(1.,0.,0.));
#7352 = DIRECTION('',(0.,1.,0.));
#7353 = ADVANCED_FACE('',(#7354),#7372,.T.);
#7354 = FACE_BOUND('',#7355,.T.);
#7355 = EDGE_LOOP('',(#7356,#7357,#7358,#7366));
#7356 = ORIENTED_EDGE('',*,*,#7311,.T.);
#7357 = ORIENTED_EDGE('',*,*,#1012,.T.);
#7358 = ORIENTED_EDGE('',*,*,#7359,.F.);
#7359 = EDGE_CURVE('',#7360,#1013,#7362,.T.);
#7360 = VERTEX_POINT('',#7361);
#7361 = CARTESIAN_POINT('',(227.59375,7.755,1.));
#7362 = LINE('',#7363,#7364);
#7363 = CARTESIAN_POINT('',(227.59375,7.755,1.));
#7364 = VECTOR('',#7365,1.);
#7365 = DIRECTION('',(-0.,-0.,-1.));
#7366 = ORIENTED_EDGE('',*,*,#7367,.F.);
#7367 = EDGE_CURVE('',#7312,#7360,#7368,.T.);
#7368 = LINE('',#7369,#7370);
#7369 = CARTESIAN_POINT('',(229.31875,7.755,1.));
#7370 = VECTOR('',#7371,1.);
#7371 = DIRECTION('',(-1.,0.,0.));
#7372 = PLANE('',#7373);
#7373 = AXIS2_PLACEMENT_3D('',#7374,#7375,#7376);
#7374 = CARTESIAN_POINT('',(229.31875,7.755,1.));
#7375 = DIRECTION('',(0.,1.,0.));
#7376 = DIRECTION('',(-1.,0.,0.));
#7377 = ADVANCED_FACE('',(#7378),#7396,.F.);
#7378 = FACE_BOUND('',#7379,.F.);
#7379 = EDGE_LOOP('',(#7380,#7381,#7382,#7390));
#7380 = ORIENTED_EDGE('',*,*,#7335,.T.);
#7381 = ORIENTED_EDGE('',*,*,#1060,.T.);
#7382 = ORIENTED_EDGE('',*,*,#7383,.F.);
#7383 = EDGE_CURVE('',#7384,#1053,#7386,.T.);
#7384 = VERTEX_POINT('',#7385);
#7385 = CARTESIAN_POINT('',(173.96875,12.225,1.));
#7386 = LINE('',#7387,#7388);
#7387 = CARTESIAN_POINT('',(173.96875,12.225,1.));
#7388 = VECTOR('',#7389,1.);
#7389 = DIRECTION('',(-0.,-0.,-1.));
#7390 = ORIENTED_EDGE('',*,*,#7391,.F.);
#7391 = EDGE_CURVE('',#7336,#7384,#7392,.T.);
#7392 = LINE('',#7393,#7394);
#7393 = CARTESIAN_POINT('',(134.34375,12.225,1.));
#7394 = VECTOR('',#7395,1.);
#7395 = DIRECTION('',(1.,0.,0.));
#7396 = PLANE('',#7397);
#7397 = AXIS2_PLACEMENT_3D('',#7398,#7399,#7400);
#7398 = CARTESIAN_POINT('',(134.34375,12.225,1.));
#7399 = DIRECTION('',(0.,-1.,0.));
#7400 = DIRECTION('',(1.,0.,0.));
#7401 = ADVANCED_FACE('',(#7402),#7420,.T.);
#7402 = FACE_BOUND('',#7403,.T.);
#7403 = EDGE_LOOP('',(#7404,#7405,#7406,#7414));
#7404 = ORIENTED_EDGE('',*,*,#7359,.T.);
#7405 = ORIENTED_EDGE('',*,*,#1020,.T.);
#7406 = ORIENTED_EDGE('',*,*,#7407,.F.);
#7407 = EDGE_CURVE('',#7408,#1021,#7410,.T.);
#7408 = VERTEX_POINT('',#7409);
#7409 = CARTESIAN_POINT('',(227.59375,12.225,1.));
#7410 = LINE('',#7411,#7412);
#7411 = CARTESIAN_POINT('',(227.59375,12.225,1.));
#7412 = VECTOR('',#7413,1.);
#7413 = DIRECTION('',(-0.,-0.,-1.));
#7414 = ORIENTED_EDGE('',*,*,#7415,.F.);
#7415 = EDGE_CURVE('',#7360,#7408,#7416,.T.);
#7416 = LINE('',#7417,#7418);
#7417 = CARTESIAN_POINT('',(227.59375,7.755,1.));
#7418 = VECTOR('',#7419,1.);
#7419 = DIRECTION('',(0.,1.,0.));
#7420 = PLANE('',#7421);
#7421 = AXIS2_PLACEMENT_3D('',#7422,#7423,#7424);
#7422 = CARTESIAN_POINT('',(227.59375,7.755,1.));
#7423 = DIRECTION('',(1.,0.,0.));
#7424 = DIRECTION('',(0.,1.,0.));
#7425 = ADVANCED_FACE('',(#7426),#7444,.T.);
#7426 = FACE_BOUND('',#7427,.T.);
#7427 = EDGE_LOOP('',(#7428,#7436,#7437,#7438));
#7428 = ORIENTED_EDGE('',*,*,#7429,.T.);
#7429 = EDGE_CURVE('',#7430,#1045,#7432,.T.);
#7430 = VERTEX_POINT('',#7431);
#7431 = CARTESIAN_POINT('',(173.96875,7.525,1.));
#7432 = LINE('',#7433,#7434);
#7433 = CARTESIAN_POINT('',(173.96875,7.525,1.));
#7434 = VECTOR('',#7435,1.);
#7435 = DIRECTION('',(-0.,-0.,-1.));
#7436 = ORIENTED_EDGE('',*,*,#1052,.T.);
#7437 = ORIENTED_EDGE('',*,*,#7383,.F.);
#7438 = ORIENTED_EDGE('',*,*,#7439,.F.);
#7439 = EDGE_CURVE('',#7430,#7384,#7440,.T.);
#7440 = LINE('',#7441,#7442);
#7441 = CARTESIAN_POINT('',(173.96875,7.525,1.));
#7442 = VECTOR('',#7443,1.);
#7443 = DIRECTION('',(0.,1.,0.));
#7444 = PLANE('',#7445);
#7445 = AXIS2_PLACEMENT_3D('',#7446,#7447,#7448);
#7446 = CARTESIAN_POINT('',(173.96875,7.525,1.));
#7447 = DIRECTION('',(1.,0.,0.));
#7448 = DIRECTION('',(0.,1.,0.));
#7449 = ADVANCED_FACE('',(#7450),#7468,.T.);
#7450 = FACE_BOUND('',#7451,.T.);
#7451 = EDGE_LOOP('',(#7452,#7453,#7454,#7462));
#7452 = ORIENTED_EDGE('',*,*,#7407,.T.);
#7453 = ORIENTED_EDGE('',*,*,#1028,.T.);
#7454 = ORIENTED_EDGE('',*,*,#7455,.F.);
#7455 = EDGE_CURVE('',#7456,#1029,#7458,.T.);
#7456 = VERTEX_POINT('',#7457);
#7457 = CARTESIAN_POINT('',(187.96875,12.225,1.));
#7458 = LINE('',#7459,#7460);
#7459 = CARTESIAN_POINT('',(187.96875,12.225,1.));
#7460 = VECTOR('',#7461,1.);
#7461 = DIRECTION('',(-0.,-0.,-1.));
#7462 = ORIENTED_EDGE('',*,*,#7463,.F.);
#7463 = EDGE_CURVE('',#7408,#7456,#7464,.T.);
#7464 = LINE('',#7465,#7466);
#7465 = CARTESIAN_POINT('',(227.59375,12.225,1.));
#7466 = VECTOR('',#7467,1.);
#7467 = DIRECTION('',(-1.,0.,0.));
#7468 = PLANE('',#7469);
#7469 = AXIS2_PLACEMENT_3D('',#7470,#7471,#7472);
#7470 = CARTESIAN_POINT('',(227.59375,12.225,1.));
#7471 = DIRECTION('',(0.,1.,0.));
#7472 = DIRECTION('',(-1.,0.,0.));
#7473 = ADVANCED_FACE('',(#7474),#7492,.T.);
#7474 = FACE_BOUND('',#7475,.T.);
#7475 = EDGE_LOOP('',(#7476,#7484,#7485,#7486));
#7476 = ORIENTED_EDGE('',*,*,#7477,.T.);
#7477 = EDGE_CURVE('',#7478,#1037,#7480,.T.);
#7478 = VERTEX_POINT('',#7479);
#7479 = CARTESIAN_POINT('',(187.96875,7.525,1.));
#7480 = LINE('',#7481,#7482);
#7481 = CARTESIAN_POINT('',(187.96875,7.525,1.));
#7482 = VECTOR('',#7483,1.);
#7483 = DIRECTION('',(-0.,-0.,-1.));
#7484 = ORIENTED_EDGE('',*,*,#1044,.T.);
#7485 = ORIENTED_EDGE('',*,*,#7429,.F.);
#7486 = ORIENTED_EDGE('',*,*,#7487,.F.);
#7487 = EDGE_CURVE('',#7478,#7430,#7488,.T.);
#7488 = LINE('',#7489,#7490);
#7489 = CARTESIAN_POINT('',(187.96875,7.525,1.));
#7490 = VECTOR('',#7491,1.);
#7491 = DIRECTION('',(-1.,0.,0.));
#7492 = PLANE('',#7493);
#7493 = AXIS2_PLACEMENT_3D('',#7494,#7495,#7496);
#7494 = CARTESIAN_POINT('',(187.96875,7.525,1.));
#7495 = DIRECTION('',(0.,1.,0.));
#7496 = DIRECTION('',(-1.,0.,0.));
#7497 = ADVANCED_FACE('',(#7498),#7509,.T.);
#7498 = FACE_BOUND('',#7499,.T.);
#7499 = EDGE_LOOP('',(#7500,#7501,#7502,#7503));
#7500 = ORIENTED_EDGE('',*,*,#7455,.T.);
#7501 = ORIENTED_EDGE('',*,*,#1036,.T.);
#7502 = ORIENTED_EDGE('',*,*,#7477,.F.);
#7503 = ORIENTED_EDGE('',*,*,#7504,.F.);
#7504 = EDGE_CURVE('',#7456,#7478,#7505,.T.);
#7505 = LINE('',#7506,#7507);
#7506 = CARTESIAN_POINT('',(187.96875,12.225,1.));
#7507 = VECTOR('',#7508,1.);
#7508 = DIRECTION('',(0.,-1.,0.));
#7509 = PLANE('',#7510);
#7510 = AXIS2_PLACEMENT_3D('',#7511,#7512,#7513);
#7511 = CARTESIAN_POINT('',(187.96875,12.225,1.));
#7512 = DIRECTION('',(-1.,0.,0.));
#7513 = DIRECTION('',(0.,-1.,0.));
#7514 = ADVANCED_FACE('',(#7515),#7540,.F.);
#7515 = FACE_BOUND('',#7516,.F.);
#7516 = EDGE_LOOP('',(#7517,#7525,#7526,#7534));
#7517 = ORIENTED_EDGE('',*,*,#7518,.T.);
#7518 = EDGE_CURVE('',#7519,#1181,#7521,.T.);
#7519 = VERTEX_POINT('',#7520);
#7520 = CARTESIAN_POINT('',(243.025,21.525,1.));
#7521 = LINE('',#7522,#7523);
#7522 = CARTESIAN_POINT('',(243.025,21.525,1.));
#7523 = VECTOR('',#7524,1.);
#7524 = DIRECTION('',(-0.,-0.,-1.));
#7525 = ORIENTED_EDGE('',*,*,#1180,.T.);
#7526 = ORIENTED_EDGE('',*,*,#7527,.F.);
#7527 = EDGE_CURVE('',#7528,#1183,#7530,.T.);
#7528 = VERTEX_POINT('',#7529);
#7529 = CARTESIAN_POINT('',(243.025,7.525,1.));
#7530 = LINE('',#7531,#7532);
#7531 = CARTESIAN_POINT('',(243.025,7.525,1.));
#7532 = VECTOR('',#7533,1.);
#7533 = DIRECTION('',(-0.,-0.,-1.));
#7534 = ORIENTED_EDGE('',*,*,#7535,.F.);
#7535 = EDGE_CURVE('',#7519,#7528,#7536,.T.);
#7536 = LINE('',#7537,#7538);
#7537 = CARTESIAN_POINT('',(243.025,21.525,1.));
#7538 = VECTOR('',#7539,1.);
#7539 = DIRECTION('',(0.,-1.,0.));
#7540 = PLANE('',#7541);
#7541 = AXIS2_PLACEMENT_3D('',#7542,#7543,#7544);
#7542 = CARTESIAN_POINT('',(243.025,21.525,1.));
#7543 = DIRECTION('',(-1.,0.,0.));
#7544 = DIRECTION('',(0.,-1.,0.));
#7545 = ADVANCED_FACE('',(#7546),#7564,.F.);
#7546 = FACE_BOUND('',#7547,.F.);
#7547 = EDGE_LOOP('',(#7548,#7556,#7557,#7558));
#7548 = ORIENTED_EDGE('',*,*,#7549,.T.);
#7549 = EDGE_CURVE('',#7550,#1191,#7552,.T.);
#7550 = VERTEX_POINT('',#7551);
#7551 = CARTESIAN_POINT('',(257.025,21.525,1.));
#7552 = LINE('',#7553,#7554);
#7553 = CARTESIAN_POINT('',(257.025,21.525,1.));
#7554 = VECTOR('',#7555,1.);
#7555 = DIRECTION('',(-0.,-0.,-1.));
#7556 = ORIENTED_EDGE('',*,*,#1190,.T.);
#7557 = ORIENTED_EDGE('',*,*,#7518,.F.);
#7558 = ORIENTED_EDGE('',*,*,#7559,.F.);
#7559 = EDGE_CURVE('',#7550,#7519,#7560,.T.);
#7560 = LINE('',#7561,#7562);
#7561 = CARTESIAN_POINT('',(257.025,21.525,1.));
#7562 = VECTOR('',#7563,1.);
#7563 = DIRECTION('',(-1.,0.,0.));
#7564 = PLANE('',#7565);
#7565 = AXIS2_PLACEMENT_3D('',#7566,#7567,#7568);
#7566 = CARTESIAN_POINT('',(257.025,21.525,1.));
#7567 = DIRECTION('',(0.,1.,0.));
#7568 = DIRECTION('',(-1.,0.,0.));
#7569 = ADVANCED_FACE('',(#7570),#7588,.F.);
#7570 = FACE_BOUND('',#7571,.F.);
#7571 = EDGE_LOOP('',(#7572,#7573,#7574,#7582));
#7572 = ORIENTED_EDGE('',*,*,#7527,.T.);
#7573 = ORIENTED_EDGE('',*,*,#1206,.T.);
#7574 = ORIENTED_EDGE('',*,*,#7575,.F.);
#7575 = EDGE_CURVE('',#7576,#1199,#7578,.T.);
#7576 = VERTEX_POINT('',#7577);
#7577 = CARTESIAN_POINT('',(257.025,7.525,1.));
#7578 = LINE('',#7579,#7580);
#7579 = CARTESIAN_POINT('',(257.025,7.525,1.));
#7580 = VECTOR('',#7581,1.);
#7581 = DIRECTION('',(-0.,-0.,-1.));
#7582 = ORIENTED_EDGE('',*,*,#7583,.F.);
#7583 = EDGE_CURVE('',#7528,#7576,#7584,.T.);
#7584 = LINE('',#7585,#7586);
#7585 = CARTESIAN_POINT('',(243.025,7.525,1.));
#7586 = VECTOR('',#7587,1.);
#7587 = DIRECTION('',(1.,0.,0.));
#7588 = PLANE('',#7589);
#7589 = AXIS2_PLACEMENT_3D('',#7590,#7591,#7592);
#7590 = CARTESIAN_POINT('',(243.025,7.525,1.));
#7591 = DIRECTION('',(0.,-1.,0.));
#7592 = DIRECTION('',(1.,0.,0.));
#7593 = ADVANCED_FACE('',(#7594),#7605,.F.);
#7594 = FACE_BOUND('',#7595,.F.);
#7595 = EDGE_LOOP('',(#7596,#7597,#7598,#7599));
#7596 = ORIENTED_EDGE('',*,*,#7575,.T.);
#7597 = ORIENTED_EDGE('',*,*,#1198,.T.);
#7598 = ORIENTED_EDGE('',*,*,#7549,.F.);
#7599 = ORIENTED_EDGE('',*,*,#7600,.F.);
#7600 = EDGE_CURVE('',#7576,#7550,#7601,.T.);
#7601 = LINE('',#7602,#7603);
#7602 = CARTESIAN_POINT('',(257.025,7.525,1.));
#7603 = VECTOR('',#7604,1.);
#7604 = DIRECTION('',(0.,1.,0.));
#7605 = PLANE('',#7606);
#7606 = AXIS2_PLACEMENT_3D('',#7607,#7608,#7609);
#7607 = CARTESIAN_POINT('',(257.025,7.525,1.));
#7608 = DIRECTION('',(1.,0.,0.));
#7609 = DIRECTION('',(0.,1.,0.));
#7610 = ADVANCED_FACE('',(#7611),#7636,.F.);
#7611 = FACE_BOUND('',#7612,.F.);
#7612 = EDGE_LOOP('',(#7613,#7621,#7622,#7630));
#7613 = ORIENTED_EDGE('',*,*,#7614,.T.);
#7614 = EDGE_CURVE('',#7615,#1215,#7617,.T.);
#7615 = VERTEX_POINT('',#7616);
#7616 = CARTESIAN_POINT('',(185.875,40.575,1.));
#7617 = LINE('',#7618,#7619);
#7618 = CARTESIAN_POINT('',(185.875,40.575,1.));
#7619 = VECTOR('',#7620,1.);
#7620 = DIRECTION('',(-0.,-0.,-1.));
#7621 = ORIENTED_EDGE('',*,*,#1214,.T.);
#7622 = ORIENTED_EDGE('',*,*,#7623,.F.);
#7623 = EDGE_CURVE('',#7624,#1217,#7626,.T.);
#7624 = VERTEX_POINT('',#7625);
#7625 = CARTESIAN_POINT('',(185.875,26.575,1.));
#7626 = LINE('',#7627,#7628);
#7627 = CARTESIAN_POINT('',(185.875,26.575,1.));
#7628 = VECTOR('',#7629,1.);
#7629 = DIRECTION('',(-0.,-0.,-1.));
#7630 = ORIENTED_EDGE('',*,*,#7631,.F.);
#7631 = EDGE_CURVE('',#7615,#7624,#7632,.T.);
#7632 = LINE('',#7633,#7634);
#7633 = CARTESIAN_POINT('',(185.875,40.575,1.));
#7634 = VECTOR('',#7635,1.);
#7635 = DIRECTION('',(0.,-1.,0.));
#7636 = PLANE('',#7637);
#7637 = AXIS2_PLACEMENT_3D('',#7638,#7639,#7640);
#7638 = CARTESIAN_POINT('',(185.875,40.575,1.));
#7639 = DIRECTION('',(-1.,0.,0.));
#7640 = DIRECTION('',(0.,-1.,0.));
#7641 = ADVANCED_FACE('',(#7642),#7660,.F.);
#7642 = FACE_BOUND('',#7643,.F.);
#7643 = EDGE_LOOP('',(#7644,#7652,#7653,#7654));
#7644 = ORIENTED_EDGE('',*,*,#7645,.T.);
#7645 = EDGE_CURVE('',#7646,#1225,#7648,.T.);
#7646 = VERTEX_POINT('',#7647);
#7647 = CARTESIAN_POINT('',(199.875,40.575,1.));
#7648 = LINE('',#7649,#7650);
#7649 = CARTESIAN_POINT('',(199.875,40.575,1.));
#7650 = VECTOR('',#7651,1.);
#7651 = DIRECTION('',(-0.,-0.,-1.));
#7652 = ORIENTED_EDGE('',*,*,#1224,.T.);
#7653 = ORIENTED_EDGE('',*,*,#7614,.F.);
#7654 = ORIENTED_EDGE('',*,*,#7655,.F.);
#7655 = EDGE_CURVE('',#7646,#7615,#7656,.T.);
#7656 = LINE('',#7657,#7658);
#7657 = CARTESIAN_POINT('',(199.875,40.575,1.));
#7658 = VECTOR('',#7659,1.);
#7659 = DIRECTION('',(-1.,0.,0.));
#7660 = PLANE('',#7661);
#7661 = AXIS2_PLACEMENT_3D('',#7662,#7663,#7664);
#7662 = CARTESIAN_POINT('',(199.875,40.575,1.));
#7663 = DIRECTION('',(0.,1.,0.));
#7664 = DIRECTION('',(-1.,0.,0.));
#7665 = ADVANCED_FACE('',(#7666),#7684,.F.);
#7666 = FACE_BOUND('',#7667,.F.);
#7667 = EDGE_LOOP('',(#7668,#7669,#7670,#7678));
#7668 = ORIENTED_EDGE('',*,*,#7623,.T.);
#7669 = ORIENTED_EDGE('',*,*,#1240,.T.);
#7670 = ORIENTED_EDGE('',*,*,#7671,.F.);
#7671 = EDGE_CURVE('',#7672,#1233,#7674,.T.);
#7672 = VERTEX_POINT('',#7673);
#7673 = CARTESIAN_POINT('',(199.875,26.575,1.));
#7674 = LINE('',#7675,#7676);
#7675 = CARTESIAN_POINT('',(199.875,26.575,1.));
#7676 = VECTOR('',#7677,1.);
#7677 = DIRECTION('',(-0.,-0.,-1.));
#7678 = ORIENTED_EDGE('',*,*,#7679,.F.);
#7679 = EDGE_CURVE('',#7624,#7672,#7680,.T.);
#7680 = LINE('',#7681,#7682);
#7681 = CARTESIAN_POINT('',(185.875,26.575,1.));
#7682 = VECTOR('',#7683,1.);
#7683 = DIRECTION('',(1.,0.,0.));
#7684 = PLANE('',#7685);
#7685 = AXIS2_PLACEMENT_3D('',#7686,#7687,#7688);
#7686 = CARTESIAN_POINT('',(185.875,26.575,1.));
#7687 = DIRECTION('',(0.,-1.,0.));
#7688 = DIRECTION('',(1.,0.,0.));
#7689 = ADVANCED_FACE('',(#7690),#7701,.F.);
#7690 = FACE_BOUND('',#7691,.F.);
#7691 = EDGE_LOOP('',(#7692,#7693,#7694,#7695));
#7692 = ORIENTED_EDGE('',*,*,#7671,.T.);
#7693 = ORIENTED_EDGE('',*,*,#1232,.T.);
#7694 = ORIENTED_EDGE('',*,*,#7645,.F.);
#7695 = ORIENTED_EDGE('',*,*,#7696,.F.);
#7696 = EDGE_CURVE('',#7672,#7646,#7697,.T.);
#7697 = LINE('',#7698,#7699);
#7698 = CARTESIAN_POINT('',(199.875,26.575,1.));
#7699 = VECTOR('',#7700,1.);
#7700 = DIRECTION('',(0.,1.,0.));
#7701 = PLANE('',#7702);
#7702 = AXIS2_PLACEMENT_3D('',#7703,#7704,#7705);
#7703 = CARTESIAN_POINT('',(199.875,26.575,1.));
#7704 = DIRECTION('',(1.,0.,0.));
#7705 = DIRECTION('',(0.,1.,0.));
#7706 = ADVANCED_FACE('',(#7707),#7732,.F.);
#7707 = FACE_BOUND('',#7708,.F.);
#7708 = EDGE_LOOP('',(#7709,#7717,#7718,#7726));
#7709 = ORIENTED_EDGE('',*,*,#7710,.T.);
#7710 = EDGE_CURVE('',#7711,#1249,#7713,.T.);
#7711 = VERTEX_POINT('',#7712);
#7712 = CARTESIAN_POINT('',(204.925,40.575,1.));
#7713 = LINE('',#7714,#7715);
#7714 = CARTESIAN_POINT('',(204.925,40.575,1.));
#7715 = VECTOR('',#7716,1.);
#7716 = DIRECTION('',(-0.,-0.,-1.));
#7717 = ORIENTED_EDGE('',*,*,#1248,.T.);
#7718 = ORIENTED_EDGE('',*,*,#7719,.F.);
#7719 = EDGE_CURVE('',#7720,#1251,#7722,.T.);
#7720 = VERTEX_POINT('',#7721);
#7721 = CARTESIAN_POINT('',(204.925,26.575,1.));
#7722 = LINE('',#7723,#7724);
#7723 = CARTESIAN_POINT('',(204.925,26.575,1.));
#7724 = VECTOR('',#7725,1.);
#7725 = DIRECTION('',(-0.,-0.,-1.));
#7726 = ORIENTED_EDGE('',*,*,#7727,.F.);
#7727 = EDGE_CURVE('',#7711,#7720,#7728,.T.);
#7728 = LINE('',#7729,#7730);
#7729 = CARTESIAN_POINT('',(204.925,40.575,1.));
#7730 = VECTOR('',#7731,1.);
#7731 = DIRECTION('',(0.,-1.,0.));
#7732 = PLANE('',#7733);
#7733 = AXIS2_PLACEMENT_3D('',#7734,#7735,#7736);
#7734 = CARTESIAN_POINT('',(204.925,40.575,1.));
#7735 = DIRECTION('',(-1.,0.,0.));
#7736 = DIRECTION('',(0.,-1.,0.));
#7737 = ADVANCED_FACE('',(#7738),#7756,.F.);
#7738 = FACE_BOUND('',#7739,.F.);
#7739 = EDGE_LOOP('',(#7740,#7748,#7749,#7750));
#7740 = ORIENTED_EDGE('',*,*,#7741,.T.);
#7741 = EDGE_CURVE('',#7742,#1259,#7744,.T.);
#7742 = VERTEX_POINT('',#7743);
#7743 = CARTESIAN_POINT('',(218.925,40.575,1.));
#7744 = LINE('',#7745,#7746);
#7745 = CARTESIAN_POINT('',(218.925,40.575,1.));
#7746 = VECTOR('',#7747,1.);
#7747 = DIRECTION('',(-0.,-0.,-1.));
#7748 = ORIENTED_EDGE('',*,*,#1258,.T.);
#7749 = ORIENTED_EDGE('',*,*,#7710,.F.);
#7750 = ORIENTED_EDGE('',*,*,#7751,.F.);
#7751 = EDGE_CURVE('',#7742,#7711,#7752,.T.);
#7752 = LINE('',#7753,#7754);
#7753 = CARTESIAN_POINT('',(218.925,40.575,1.));
#7754 = VECTOR('',#7755,1.);
#7755 = DIRECTION('',(-1.,0.,0.));
#7756 = PLANE('',#7757);
#7757 = AXIS2_PLACEMENT_3D('',#7758,#7759,#7760);
#7758 = CARTESIAN_POINT('',(218.925,40.575,1.));
#7759 = DIRECTION('',(0.,1.,0.));
#7760 = DIRECTION('',(-1.,0.,0.));
#7761 = ADVANCED_FACE('',(#7762),#7780,.F.);
#7762 = FACE_BOUND('',#7763,.F.);
#7763 = EDGE_LOOP('',(#7764,#7765,#7766,#7774));
#7764 = ORIENTED_EDGE('',*,*,#7719,.T.);
#7765 = ORIENTED_EDGE('',*,*,#1274,.T.);
#7766 = ORIENTED_EDGE('',*,*,#7767,.F.);
#7767 = EDGE_CURVE('',#7768,#1267,#7770,.T.);
#7768 = VERTEX_POINT('',#7769);
#7769 = CARTESIAN_POINT('',(218.925,26.575,1.));
#7770 = LINE('',#7771,#7772);
#7771 = CARTESIAN_POINT('',(218.925,26.575,1.));
#7772 = VECTOR('',#7773,1.);
#7773 = DIRECTION('',(-0.,-0.,-1.));
#7774 = ORIENTED_EDGE('',*,*,#7775,.F.);
#7775 = EDGE_CURVE('',#7720,#7768,#7776,.T.);
#7776 = LINE('',#7777,#7778);
#7777 = CARTESIAN_POINT('',(204.925,26.575,1.));
#7778 = VECTOR('',#7779,1.);
#7779 = DIRECTION('',(1.,0.,0.));
#7780 = PLANE('',#7781);
#7781 = AXIS2_PLACEMENT_3D('',#7782,#7783,#7784);
#7782 = CARTESIAN_POINT('',(204.925,26.575,1.));
#7783 = DIRECTION('',(0.,-1.,0.));
#7784 = DIRECTION('',(1.,0.,0.));
#7785 = ADVANCED_FACE('',(#7786),#7797,.F.);
#7786 = FACE_BOUND('',#7787,.F.);
#7787 = EDGE_LOOP('',(#7788,#7789,#7790,#7791));
#7788 = ORIENTED_EDGE('',*,*,#7767,.T.);
#7789 = ORIENTED_EDGE('',*,*,#1266,.T.);
#7790 = ORIENTED_EDGE('',*,*,#7741,.F.);
#7791 = ORIENTED_EDGE('',*,*,#7792,.F.);
#7792 = EDGE_CURVE('',#7768,#7742,#7793,.T.);
#7793 = LINE('',#7794,#7795);
#7794 = CARTESIAN_POINT('',(218.925,26.575,1.));
#7795 = VECTOR('',#7796,1.);
#7796 = DIRECTION('',(0.,1.,0.));
#7797 = PLANE('',#7798);
#7798 = AXIS2_PLACEMENT_3D('',#7799,#7800,#7801);
#7799 = CARTESIAN_POINT('',(218.925,26.575,1.));
#7800 = DIRECTION('',(1.,0.,0.));
#7801 = DIRECTION('',(0.,1.,0.));
#7802 = ADVANCED_FACE('',(#7803),#7828,.F.);
#7803 = FACE_BOUND('',#7804,.F.);
#7804 = EDGE_LOOP('',(#7805,#7813,#7814,#7822));
#7805 = ORIENTED_EDGE('',*,*,#7806,.T.);
#7806 = EDGE_CURVE('',#7807,#1283,#7809,.T.);
#7807 = VERTEX_POINT('',#7808);
#7808 = CARTESIAN_POINT('',(223.975,40.575,1.));
#7809 = LINE('',#7810,#7811);
#7810 = CARTESIAN_POINT('',(223.975,40.575,1.));
#7811 = VECTOR('',#7812,1.);
#7812 = DIRECTION('',(-0.,-0.,-1.));
#7813 = ORIENTED_EDGE('',*,*,#1282,.T.);
#7814 = ORIENTED_EDGE('',*,*,#7815,.F.);
#7815 = EDGE_CURVE('',#7816,#1285,#7818,.T.);
#7816 = VERTEX_POINT('',#7817);
#7817 = CARTESIAN_POINT('',(223.975,26.575,1.));
#7818 = LINE('',#7819,#7820);
#7819 = CARTESIAN_POINT('',(223.975,26.575,1.));
#7820 = VECTOR('',#7821,1.);
#7821 = DIRECTION('',(-0.,-0.,-1.));
#7822 = ORIENTED_EDGE('',*,*,#7823,.F.);
#7823 = EDGE_CURVE('',#7807,#7816,#7824,.T.);
#7824 = LINE('',#7825,#7826);
#7825 = CARTESIAN_POINT('',(223.975,40.575,1.));
#7826 = VECTOR('',#7827,1.);
#7827 = DIRECTION('',(0.,-1.,0.));
#7828 = PLANE('',#7829);
#7829 = AXIS2_PLACEMENT_3D('',#7830,#7831,#7832);
#7830 = CARTESIAN_POINT('',(223.975,40.575,1.));
#7831 = DIRECTION('',(-1.,0.,0.));
#7832 = DIRECTION('',(0.,-1.,0.));
#7833 = ADVANCED_FACE('',(#7834),#7852,.F.);
#7834 = FACE_BOUND('',#7835,.F.);
#7835 = EDGE_LOOP('',(#7836,#7844,#7845,#7846));
#7836 = ORIENTED_EDGE('',*,*,#7837,.T.);
#7837 = EDGE_CURVE('',#7838,#1293,#7840,.T.);
#7838 = VERTEX_POINT('',#7839);
#7839 = CARTESIAN_POINT('',(237.975,40.575,1.));
#7840 = LINE('',#7841,#7842);
#7841 = CARTESIAN_POINT('',(237.975,40.575,1.));
#7842 = VECTOR('',#7843,1.);
#7843 = DIRECTION('',(-0.,-0.,-1.));
#7844 = ORIENTED_EDGE('',*,*,#1292,.T.);
#7845 = ORIENTED_EDGE('',*,*,#7806,.F.);
#7846 = ORIENTED_EDGE('',*,*,#7847,.F.);
#7847 = EDGE_CURVE('',#7838,#7807,#7848,.T.);
#7848 = LINE('',#7849,#7850);
#7849 = CARTESIAN_POINT('',(237.975,40.575,1.));
#7850 = VECTOR('',#7851,1.);
#7851 = DIRECTION('',(-1.,0.,0.));
#7852 = PLANE('',#7853);
#7853 = AXIS2_PLACEMENT_3D('',#7854,#7855,#7856);
#7854 = CARTESIAN_POINT('',(237.975,40.575,1.));
#7855 = DIRECTION('',(0.,1.,0.));
#7856 = DIRECTION('',(-1.,0.,0.));
#7857 = ADVANCED_FACE('',(#7858),#7876,.F.);
#7858 = FACE_BOUND('',#7859,.F.);
#7859 = EDGE_LOOP('',(#7860,#7861,#7862,#7870));
#7860 = ORIENTED_EDGE('',*,*,#7815,.T.);
#7861 = ORIENTED_EDGE('',*,*,#1308,.T.);
#7862 = ORIENTED_EDGE('',*,*,#7863,.F.);
#7863 = EDGE_CURVE('',#7864,#1301,#7866,.T.);
#7864 = VERTEX_POINT('',#7865);
#7865 = CARTESIAN_POINT('',(237.975,26.575,1.));
#7866 = LINE('',#7867,#7868);
#7867 = CARTESIAN_POINT('',(237.975,26.575,1.));
#7868 = VECTOR('',#7869,1.);
#7869 = DIRECTION('',(-0.,-0.,-1.));
#7870 = ORIENTED_EDGE('',*,*,#7871,.F.);
#7871 = EDGE_CURVE('',#7816,#7864,#7872,.T.);
#7872 = LINE('',#7873,#7874);
#7873 = CARTESIAN_POINT('',(223.975,26.575,1.));
#7874 = VECTOR('',#7875,1.);
#7875 = DIRECTION('',(1.,0.,0.));
#7876 = PLANE('',#7877);
#7877 = AXIS2_PLACEMENT_3D('',#7878,#7879,#7880);
#7878 = CARTESIAN_POINT('',(223.975,26.575,1.));
#7879 = DIRECTION('',(0.,-1.,0.));
#7880 = DIRECTION('',(1.,0.,0.));
#7881 = ADVANCED_FACE('',(#7882),#7893,.F.);
#7882 = FACE_BOUND('',#7883,.F.);
#7883 = EDGE_LOOP('',(#7884,#7885,#7886,#7887));
#7884 = ORIENTED_EDGE('',*,*,#7863,.T.);
#7885 = ORIENTED_EDGE('',*,*,#1300,.T.);
#7886 = ORIENTED_EDGE('',*,*,#7837,.F.);
#7887 = ORIENTED_EDGE('',*,*,#7888,.F.);
#7888 = EDGE_CURVE('',#7864,#7838,#7889,.T.);
#7889 = LINE('',#7890,#7891);
#7890 = CARTESIAN_POINT('',(237.975,26.575,1.));
#7891 = VECTOR('',#7892,1.);
#7892 = DIRECTION('',(0.,1.,0.));
#7893 = PLANE('',#7894);
#7894 = AXIS2_PLACEMENT_3D('',#7895,#7896,#7897);
#7895 = CARTESIAN_POINT('',(237.975,26.575,1.));
#7896 = DIRECTION('',(1.,0.,0.));
#7897 = DIRECTION('',(0.,1.,0.));
#7898 = ADVANCED_FACE('',(#7899),#7924,.F.);
#7899 = FACE_BOUND('',#7900,.F.);
#7900 = EDGE_LOOP('',(#7901,#7909,#7910,#7918));
#7901 = ORIENTED_EDGE('',*,*,#7902,.T.);
#7902 = EDGE_CURVE('',#7903,#1317,#7905,.T.);
#7903 = VERTEX_POINT('',#7904);
#7904 = CARTESIAN_POINT('',(243.025,40.575,1.));
#7905 = LINE('',#7906,#7907);
#7906 = CARTESIAN_POINT('',(243.025,40.575,1.));
#7907 = VECTOR('',#7908,1.);
#7908 = DIRECTION('',(-0.,-0.,-1.));
#7909 = ORIENTED_EDGE('',*,*,#1316,.T.);
#7910 = ORIENTED_EDGE('',*,*,#7911,.F.);
#7911 = EDGE_CURVE('',#7912,#1319,#7914,.T.);
#7912 = VERTEX_POINT('',#7913);
#7913 = CARTESIAN_POINT('',(243.025,26.575,1.));
#7914 = LINE('',#7915,#7916);
#7915 = CARTESIAN_POINT('',(243.025,26.575,1.));
#7916 = VECTOR('',#7917,1.);
#7917 = DIRECTION('',(-0.,-0.,-1.));
#7918 = ORIENTED_EDGE('',*,*,#7919,.F.);
#7919 = EDGE_CURVE('',#7903,#7912,#7920,.T.);
#7920 = LINE('',#7921,#7922);
#7921 = CARTESIAN_POINT('',(243.025,40.575,1.));
#7922 = VECTOR('',#7923,1.);
#7923 = DIRECTION('',(0.,-1.,0.));
#7924 = PLANE('',#7925);
#7925 = AXIS2_PLACEMENT_3D('',#7926,#7927,#7928);
#7926 = CARTESIAN_POINT('',(243.025,40.575,1.));
#7927 = DIRECTION('',(-1.,0.,0.));
#7928 = DIRECTION('',(0.,-1.,0.));
#7929 = ADVANCED_FACE('',(#7930),#7948,.F.);
#7930 = FACE_BOUND('',#7931,.F.);
#7931 = EDGE_LOOP('',(#7932,#7940,#7941,#7942));
#7932 = ORIENTED_EDGE('',*,*,#7933,.T.);
#7933 = EDGE_CURVE('',#7934,#1327,#7936,.T.);
#7934 = VERTEX_POINT('',#7935);
#7935 = CARTESIAN_POINT('',(257.025,40.575,1.));
#7936 = LINE('',#7937,#7938);
#7937 = CARTESIAN_POINT('',(257.025,40.575,1.));
#7938 = VECTOR('',#7939,1.);
#7939 = DIRECTION('',(-0.,-0.,-1.));
#7940 = ORIENTED_EDGE('',*,*,#1326,.T.);
#7941 = ORIENTED_EDGE('',*,*,#7902,.F.);
#7942 = ORIENTED_EDGE('',*,*,#7943,.F.);
#7943 = EDGE_CURVE('',#7934,#7903,#7944,.T.);
#7944 = LINE('',#7945,#7946);
#7945 = CARTESIAN_POINT('',(257.025,40.575,1.));
#7946 = VECTOR('',#7947,1.);
#7947 = DIRECTION('',(-1.,0.,0.));
#7948 = PLANE('',#7949);
#7949 = AXIS2_PLACEMENT_3D('',#7950,#7951,#7952);
#7950 = CARTESIAN_POINT('',(257.025,40.575,1.));
#7951 = DIRECTION('',(0.,1.,0.));
#7952 = DIRECTION('',(-1.,0.,0.));
#7953 = ADVANCED_FACE('',(#7954),#7972,.F.);
#7954 = FACE_BOUND('',#7955,.F.);
#7955 = EDGE_LOOP('',(#7956,#7957,#7958,#7966));
#7956 = ORIENTED_EDGE('',*,*,#7911,.T.);
#7957 = ORIENTED_EDGE('',*,*,#1342,.T.);
#7958 = ORIENTED_EDGE('',*,*,#7959,.F.);
#7959 = EDGE_CURVE('',#7960,#1335,#7962,.T.);
#7960 = VERTEX_POINT('',#7961);
#7961 = CARTESIAN_POINT('',(257.025,26.575,1.));
#7962 = LINE('',#7963,#7964);
#7963 = CARTESIAN_POINT('',(257.025,26.575,1.));
#7964 = VECTOR('',#7965,1.);
#7965 = DIRECTION('',(-0.,-0.,-1.));
#7966 = ORIENTED_EDGE('',*,*,#7967,.F.);
#7967 = EDGE_CURVE('',#7912,#7960,#7968,.T.);
#7968 = LINE('',#7969,#7970);
#7969 = CARTESIAN_POINT('',(243.025,26.575,1.));
#7970 = VECTOR('',#7971,1.);
#7971 = DIRECTION('',(1.,0.,0.));
#7972 = PLANE('',#7973);
#7973 = AXIS2_PLACEMENT_3D('',#7974,#7975,#7976);
#7974 = CARTESIAN_POINT('',(243.025,26.575,1.));
#7975 = DIRECTION('',(0.,-1.,0.));
#7976 = DIRECTION('',(1.,0.,0.));
#7977 = ADVANCED_FACE('',(#7978),#7989,.F.);
#7978 = FACE_BOUND('',#7979,.F.);
#7979 = EDGE_LOOP('',(#7980,#7981,#7982,#7983));
#7980 = ORIENTED_EDGE('',*,*,#7959,.T.);
#7981 = ORIENTED_EDGE('',*,*,#1334,.T.);
#7982 = ORIENTED_EDGE('',*,*,#7933,.F.);
#7983 = ORIENTED_EDGE('',*,*,#7984,.F.);
#7984 = EDGE_CURVE('',#7960,#7934,#7985,.T.);
#7985 = LINE('',#7986,#7987);
#7986 = CARTESIAN_POINT('',(257.025,26.575,1.));
#7987 = VECTOR('',#7988,1.);
#7988 = DIRECTION('',(0.,1.,0.));
#7989 = PLANE('',#7990);
#7990 = AXIS2_PLACEMENT_3D('',#7991,#7992,#7993);
#7991 = CARTESIAN_POINT('',(257.025,26.575,1.));
#7992 = DIRECTION('',(1.,0.,0.));
#7993 = DIRECTION('',(0.,1.,0.));
#7994 = ADVANCED_FACE('',(#7995),#8020,.F.);
#7995 = FACE_BOUND('',#7996,.F.);
#7996 = EDGE_LOOP('',(#7997,#8005,#8006,#8014));
#7997 = ORIENTED_EDGE('',*,*,#7998,.T.);
#7998 = EDGE_CURVE('',#7999,#1351,#8001,.T.);
#7999 = VERTEX_POINT('',#8000);
#8000 = CARTESIAN_POINT('',(262.075,21.525,1.));
#8001 = LINE('',#8002,#8003);
#8002 = CARTESIAN_POINT('',(262.075,21.525,1.));
#8003 = VECTOR('',#8004,1.);
#8004 = DIRECTION('',(-0.,-0.,-1.));
#8005 = ORIENTED_EDGE('',*,*,#1350,.T.);
#8006 = ORIENTED_EDGE('',*,*,#8007,.F.);
#8007 = EDGE_CURVE('',#8008,#1353,#8010,.T.);
#8008 = VERTEX_POINT('',#8009);
#8009 = CARTESIAN_POINT('',(262.075,7.525,1.));
#8010 = LINE('',#8011,#8012);
#8011 = CARTESIAN_POINT('',(262.075,7.525,1.));
#8012 = VECTOR('',#8013,1.);
#8013 = DIRECTION('',(-0.,-0.,-1.));
#8014 = ORIENTED_EDGE('',*,*,#8015,.F.);
#8015 = EDGE_CURVE('',#7999,#8008,#8016,.T.);
#8016 = LINE('',#8017,#8018);
#8017 = CARTESIAN_POINT('',(262.075,21.525,1.));
#8018 = VECTOR('',#8019,1.);
#8019 = DIRECTION('',(0.,-1.,0.));
#8020 = PLANE('',#8021);
#8021 = AXIS2_PLACEMENT_3D('',#8022,#8023,#8024);
#8022 = CARTESIAN_POINT('',(262.075,21.525,1.));
#8023 = DIRECTION('',(-1.,0.,0.));
#8024 = DIRECTION('',(0.,-1.,0.));
#8025 = ADVANCED_FACE('',(#8026),#8044,.F.);
#8026 = FACE_BOUND('',#8027,.F.);
#8027 = EDGE_LOOP('',(#8028,#8036,#8037,#8038));
#8028 = ORIENTED_EDGE('',*,*,#8029,.T.);
#8029 = EDGE_CURVE('',#8030,#1361,#8032,.T.);
#8030 = VERTEX_POINT('',#8031);
#8031 = CARTESIAN_POINT('',(276.075,21.525,1.));
#8032 = LINE('',#8033,#8034);
#8033 = CARTESIAN_POINT('',(276.075,21.525,1.));
#8034 = VECTOR('',#8035,1.);
#8035 = DIRECTION('',(-0.,-0.,-1.));
#8036 = ORIENTED_EDGE('',*,*,#1360,.T.);
#8037 = ORIENTED_EDGE('',*,*,#7998,.F.);
#8038 = ORIENTED_EDGE('',*,*,#8039,.F.);
#8039 = EDGE_CURVE('',#8030,#7999,#8040,.T.);
#8040 = LINE('',#8041,#8042);
#8041 = CARTESIAN_POINT('',(276.075,21.525,1.));
#8042 = VECTOR('',#8043,1.);
#8043 = DIRECTION('',(-1.,0.,0.));
#8044 = PLANE('',#8045);
#8045 = AXIS2_PLACEMENT_3D('',#8046,#8047,#8048);
#8046 = CARTESIAN_POINT('',(276.075,21.525,1.));
#8047 = DIRECTION('',(0.,1.,0.));
#8048 = DIRECTION('',(-1.,0.,0.));
#8049 = ADVANCED_FACE('',(#8050),#8068,.F.);
#8050 = FACE_BOUND('',#8051,.F.);
#8051 = EDGE_LOOP('',(#8052,#8053,#8054,#8062));
#8052 = ORIENTED_EDGE('',*,*,#8007,.T.);
#8053 = ORIENTED_EDGE('',*,*,#1376,.T.);
#8054 = ORIENTED_EDGE('',*,*,#8055,.F.);
#8055 = EDGE_CURVE('',#8056,#1369,#8058,.T.);
#8056 = VERTEX_POINT('',#8057);
#8057 = CARTESIAN_POINT('',(276.075,7.525,1.));
#8058 = LINE('',#8059,#8060);
#8059 = CARTESIAN_POINT('',(276.075,7.525,1.));
#8060 = VECTOR('',#8061,1.);
#8061 = DIRECTION('',(-0.,-0.,-1.));
#8062 = ORIENTED_EDGE('',*,*,#8063,.F.);
#8063 = EDGE_CURVE('',#8008,#8056,#8064,.T.);
#8064 = LINE('',#8065,#8066);
#8065 = CARTESIAN_POINT('',(262.075,7.525,1.));
#8066 = VECTOR('',#8067,1.);
#8067 = DIRECTION('',(1.,0.,0.));
#8068 = PLANE('',#8069);
#8069 = AXIS2_PLACEMENT_3D('',#8070,#8071,#8072);
#8070 = CARTESIAN_POINT('',(262.075,7.525,1.));
#8071 = DIRECTION('',(0.,-1.,0.));
#8072 = DIRECTION('',(1.,0.,0.));
#8073 = ADVANCED_FACE('',(#8074),#8085,.F.);
#8074 = FACE_BOUND('',#8075,.F.);
#8075 = EDGE_LOOP('',(#8076,#8077,#8078,#8079));
#8076 = ORIENTED_EDGE('',*,*,#8055,.T.);
#8077 = ORIENTED_EDGE('',*,*,#1368,.T.);
#8078 = ORIENTED_EDGE('',*,*,#8029,.F.);
#8079 = ORIENTED_EDGE('',*,*,#8080,.F.);
#8080 = EDGE_CURVE('',#8056,#8030,#8081,.T.);
#8081 = LINE('',#8082,#8083);
#8082 = CARTESIAN_POINT('',(276.075,7.525,1.));
#8083 = VECTOR('',#8084,1.);
#8084 = DIRECTION('',(0.,1.,0.));
#8085 = PLANE('',#8086);
#8086 = AXIS2_PLACEMENT_3D('',#8087,#8088,#8089);
#8087 = CARTESIAN_POINT('',(276.075,7.525,1.));
#8088 = DIRECTION('',(1.,0.,0.));
#8089 = DIRECTION('',(0.,1.,0.));
#8090 = ADVANCED_FACE('',(#8091),#8116,.F.);
#8091 = FACE_BOUND('',#8092,.F.);
#8092 = EDGE_LOOP('',(#8093,#8101,#8102,#8110));
#8093 = ORIENTED_EDGE('',*,*,#8094,.T.);
#8094 = EDGE_CURVE('',#8095,#1385,#8097,.T.);
#8095 = VERTEX_POINT('',#8096);
#8096 = CARTESIAN_POINT('',(281.125,21.525,1.));
#8097 = LINE('',#8098,#8099);
#8098 = CARTESIAN_POINT('',(281.125,21.525,1.));
#8099 = VECTOR('',#8100,1.);
#8100 = DIRECTION('',(-0.,-0.,-1.));
#8101 = ORIENTED_EDGE('',*,*,#1384,.T.);
#8102 = ORIENTED_EDGE('',*,*,#8103,.F.);
#8103 = EDGE_CURVE('',#8104,#1387,#8106,.T.);
#8104 = VERTEX_POINT('',#8105);
#8105 = CARTESIAN_POINT('',(281.125,7.525,1.));
#8106 = LINE('',#8107,#8108);
#8107 = CARTESIAN_POINT('',(281.125,7.525,1.));
#8108 = VECTOR('',#8109,1.);
#8109 = DIRECTION('',(-0.,-0.,-1.));
#8110 = ORIENTED_EDGE('',*,*,#8111,.F.);
#8111 = EDGE_CURVE('',#8095,#8104,#8112,.T.);
#8112 = LINE('',#8113,#8114);
#8113 = CARTESIAN_POINT('',(281.125,21.525,1.));
#8114 = VECTOR('',#8115,1.);
#8115 = DIRECTION('',(0.,-1.,0.));
#8116 = PLANE('',#8117);
#8117 = AXIS2_PLACEMENT_3D('',#8118,#8119,#8120);
#8118 = CARTESIAN_POINT('',(281.125,21.525,1.));
#8119 = DIRECTION('',(-1.,0.,0.));
#8120 = DIRECTION('',(0.,-1.,0.));
#8121 = ADVANCED_FACE('',(#8122),#8140,.F.);
#8122 = FACE_BOUND('',#8123,.F.);
#8123 = EDGE_LOOP('',(#8124,#8132,#8133,#8134));
#8124 = ORIENTED_EDGE('',*,*,#8125,.T.);
#8125 = EDGE_CURVE('',#8126,#1395,#8128,.T.);
#8126 = VERTEX_POINT('',#8127);
#8127 = CARTESIAN_POINT('',(295.125,21.525,1.));
#8128 = LINE('',#8129,#8130);
#8129 = CARTESIAN_POINT('',(295.125,21.525,1.));
#8130 = VECTOR('',#8131,1.);
#8131 = DIRECTION('',(-0.,-0.,-1.));
#8132 = ORIENTED_EDGE('',*,*,#1394,.T.);
#8133 = ORIENTED_EDGE('',*,*,#8094,.F.);
#8134 = ORIENTED_EDGE('',*,*,#8135,.F.);
#8135 = EDGE_CURVE('',#8126,#8095,#8136,.T.);
#8136 = LINE('',#8137,#8138);
#8137 = CARTESIAN_POINT('',(295.125,21.525,1.));
#8138 = VECTOR('',#8139,1.);
#8139 = DIRECTION('',(-1.,0.,0.));
#8140 = PLANE('',#8141);
#8141 = AXIS2_PLACEMENT_3D('',#8142,#8143,#8144);
#8142 = CARTESIAN_POINT('',(295.125,21.525,1.));
#8143 = DIRECTION('',(0.,1.,0.));
#8144 = DIRECTION('',(-1.,0.,0.));
#8145 = ADVANCED_FACE('',(#8146),#8164,.F.);
#8146 = FACE_BOUND('',#8147,.F.);
#8147 = EDGE_LOOP('',(#8148,#8149,#8150,#8158));
#8148 = ORIENTED_EDGE('',*,*,#8103,.T.);
#8149 = ORIENTED_EDGE('',*,*,#1410,.T.);
#8150 = ORIENTED_EDGE('',*,*,#8151,.F.);
#8151 = EDGE_CURVE('',#8152,#1403,#8154,.T.);
#8152 = VERTEX_POINT('',#8153);
#8153 = CARTESIAN_POINT('',(295.125,7.525,1.));
#8154 = LINE('',#8155,#8156);
#8155 = CARTESIAN_POINT('',(295.125,7.525,1.));
#8156 = VECTOR('',#8157,1.);
#8157 = DIRECTION('',(-0.,-0.,-1.));
#8158 = ORIENTED_EDGE('',*,*,#8159,.F.);
#8159 = EDGE_CURVE('',#8104,#8152,#8160,.T.);
#8160 = LINE('',#8161,#8162);
#8161 = CARTESIAN_POINT('',(281.125,7.525,1.));
#8162 = VECTOR('',#8163,1.);
#8163 = DIRECTION('',(1.,0.,0.));
#8164 = PLANE('',#8165);
#8165 = AXIS2_PLACEMENT_3D('',#8166,#8167,#8168);
#8166 = CARTESIAN_POINT('',(281.125,7.525,1.));
#8167 = DIRECTION('',(0.,-1.,0.));
#8168 = DIRECTION('',(1.,0.,0.));
#8169 = ADVANCED_FACE('',(#8170),#8181,.F.);
#8170 = FACE_BOUND('',#8171,.F.);
#8171 = EDGE_LOOP('',(#8172,#8173,#8174,#8175));
#8172 = ORIENTED_EDGE('',*,*,#8151,.T.);
#8173 = ORIENTED_EDGE('',*,*,#1402,.T.);
#8174 = ORIENTED_EDGE('',*,*,#8125,.F.);
#8175 = ORIENTED_EDGE('',*,*,#8176,.F.);
#8176 = EDGE_CURVE('',#8152,#8126,#8177,.T.);
#8177 = LINE('',#8178,#8179);
#8178 = CARTESIAN_POINT('',(295.125,7.525,1.));
#8179 = VECTOR('',#8180,1.);
#8180 = DIRECTION('',(0.,1.,0.));
#8181 = PLANE('',#8182);
#8182 = AXIS2_PLACEMENT_3D('',#8183,#8184,#8185);
#8183 = CARTESIAN_POINT('',(295.125,7.525,1.));
#8184 = DIRECTION('',(1.,0.,0.));
#8185 = DIRECTION('',(0.,1.,0.));
#8186 = ADVANCED_FACE('',(#8187),#8212,.F.);
#8187 = FACE_BOUND('',#8188,.F.);
#8188 = EDGE_LOOP('',(#8189,#8197,#8198,#8206));
#8189 = ORIENTED_EDGE('',*,*,#8190,.T.);
#8190 = EDGE_CURVE('',#8191,#1419,#8193,.T.);
#8191 = VERTEX_POINT('',#8192);
#8192 = CARTESIAN_POINT('',(300.175,21.525,1.));
#8193 = LINE('',#8194,#8195);
#8194 = CARTESIAN_POINT('',(300.175,21.525,1.));
#8195 = VECTOR('',#8196,1.);
#8196 = DIRECTION('',(-0.,-0.,-1.));
#8197 = ORIENTED_EDGE('',*,*,#1418,.T.);
#8198 = ORIENTED_EDGE('',*,*,#8199,.F.);
#8199 = EDGE_CURVE('',#8200,#1421,#8202,.T.);
#8200 = VERTEX_POINT('',#8201);
#8201 = CARTESIAN_POINT('',(300.175,7.525,1.));
#8202 = LINE('',#8203,#8204);
#8203 = CARTESIAN_POINT('',(300.175,7.525,1.));
#8204 = VECTOR('',#8205,1.);
#8205 = DIRECTION('',(-0.,-0.,-1.));
#8206 = ORIENTED_EDGE('',*,*,#8207,.F.);
#8207 = EDGE_CURVE('',#8191,#8200,#8208,.T.);
#8208 = LINE('',#8209,#8210);
#8209 = CARTESIAN_POINT('',(300.175,21.525,1.));
#8210 = VECTOR('',#8211,1.);
#8211 = DIRECTION('',(0.,-1.,0.));
#8212 = PLANE('',#8213);
#8213 = AXIS2_PLACEMENT_3D('',#8214,#8215,#8216);
#8214 = CARTESIAN_POINT('',(300.175,21.525,1.));
#8215 = DIRECTION('',(-1.,0.,0.));
#8216 = DIRECTION('',(0.,-1.,0.));
#8217 = ADVANCED_FACE('',(#8218),#8236,.F.);
#8218 = FACE_BOUND('',#8219,.F.);
#8219 = EDGE_LOOP('',(#8220,#8228,#8229,#8230));
#8220 = ORIENTED_EDGE('',*,*,#8221,.T.);
#8221 = EDGE_CURVE('',#8222,#1429,#8224,.T.);
#8222 = VERTEX_POINT('',#8223);
#8223 = CARTESIAN_POINT('',(314.175,21.525,1.));
#8224 = LINE('',#8225,#8226);
#8225 = CARTESIAN_POINT('',(314.175,21.525,1.));
#8226 = VECTOR('',#8227,1.);
#8227 = DIRECTION('',(-0.,-0.,-1.));
#8228 = ORIENTED_EDGE('',*,*,#1428,.T.);
#8229 = ORIENTED_EDGE('',*,*,#8190,.F.);
#8230 = ORIENTED_EDGE('',*,*,#8231,.F.);
#8231 = EDGE_CURVE('',#8222,#8191,#8232,.T.);
#8232 = LINE('',#8233,#8234);
#8233 = CARTESIAN_POINT('',(314.175,21.525,1.));
#8234 = VECTOR('',#8235,1.);
#8235 = DIRECTION('',(-1.,0.,0.));
#8236 = PLANE('',#8237);
#8237 = AXIS2_PLACEMENT_3D('',#8238,#8239,#8240);
#8238 = CARTESIAN_POINT('',(314.175,21.525,1.));
#8239 = DIRECTION('',(0.,1.,0.));
#8240 = DIRECTION('',(-1.,0.,0.));
#8241 = ADVANCED_FACE('',(#8242),#8260,.F.);
#8242 = FACE_BOUND('',#8243,.F.);
#8243 = EDGE_LOOP('',(#8244,#8245,#8246,#8254));
#8244 = ORIENTED_EDGE('',*,*,#8199,.T.);
#8245 = ORIENTED_EDGE('',*,*,#1444,.T.);
#8246 = ORIENTED_EDGE('',*,*,#8247,.F.);
#8247 = EDGE_CURVE('',#8248,#1437,#8250,.T.);
#8248 = VERTEX_POINT('',#8249);
#8249 = CARTESIAN_POINT('',(314.175,7.525,1.));
#8250 = LINE('',#8251,#8252);
#8251 = CARTESIAN_POINT('',(314.175,7.525,1.));
#8252 = VECTOR('',#8253,1.);
#8253 = DIRECTION('',(-0.,-0.,-1.));
#8254 = ORIENTED_EDGE('',*,*,#8255,.F.);
#8255 = EDGE_CURVE('',#8200,#8248,#8256,.T.);
#8256 = LINE('',#8257,#8258);
#8257 = CARTESIAN_POINT('',(300.175,7.525,1.));
#8258 = VECTOR('',#8259,1.);
#8259 = DIRECTION('',(1.,0.,0.));
#8260 = PLANE('',#8261);
#8261 = AXIS2_PLACEMENT_3D('',#8262,#8263,#8264);
#8262 = CARTESIAN_POINT('',(300.175,7.525,1.));
#8263 = DIRECTION('',(0.,-1.,0.));
#8264 = DIRECTION('',(1.,0.,0.));
#8265 = ADVANCED_FACE('',(#8266),#8277,.F.);
#8266 = FACE_BOUND('',#8267,.F.);
#8267 = EDGE_LOOP('',(#8268,#8269,#8270,#8271));
#8268 = ORIENTED_EDGE('',*,*,#8247,.T.);
#8269 = ORIENTED_EDGE('',*,*,#1436,.T.);
#8270 = ORIENTED_EDGE('',*,*,#8221,.F.);
#8271 = ORIENTED_EDGE('',*,*,#8272,.F.);
#8272 = EDGE_CURVE('',#8248,#8222,#8273,.T.);
#8273 = LINE('',#8274,#8275);
#8274 = CARTESIAN_POINT('',(314.175,7.525,1.));
#8275 = VECTOR('',#8276,1.);
#8276 = DIRECTION('',(0.,1.,0.));
#8277 = PLANE('',#8278);
#8278 = AXIS2_PLACEMENT_3D('',#8279,#8280,#8281);
#8279 = CARTESIAN_POINT('',(314.175,7.525,1.));
#8280 = DIRECTION('',(1.,0.,0.));
#8281 = DIRECTION('',(0.,1.,0.));
#8282 = ADVANCED_FACE('',(#8283),#8308,.F.);
#8283 = FACE_BOUND('',#8284,.F.);
#8284 = EDGE_LOOP('',(#8285,#8293,#8294,#8302));
#8285 = ORIENTED_EDGE('',*,*,#8286,.T.);
#8286 = EDGE_CURVE('',#8287,#1453,#8289,.T.);
#8287 = VERTEX_POINT('',#8288);
#8288 = CARTESIAN_POINT('',(319.225,21.525,1.));
#8289 = LINE('',#8290,#8291);
#8290 = CARTESIAN_POINT('',(319.225,21.525,1.));
#8291 = VECTOR('',#8292,1.);
#8292 = DIRECTION('',(-0.,-0.,-1.));
#8293 = ORIENTED_EDGE('',*,*,#1452,.T.);
#8294 = ORIENTED_EDGE('',*,*,#8295,.F.);
#8295 = EDGE_CURVE('',#8296,#1455,#8298,.T.);
#8296 = VERTEX_POINT('',#8297);
#8297 = CARTESIAN_POINT('',(319.225,7.525,1.));
#8298 = LINE('',#8299,#8300);
#8299 = CARTESIAN_POINT('',(319.225,7.525,1.));
#8300 = VECTOR('',#8301,1.);
#8301 = DIRECTION('',(-0.,-0.,-1.));
#8302 = ORIENTED_EDGE('',*,*,#8303,.F.);
#8303 = EDGE_CURVE('',#8287,#8296,#8304,.T.);
#8304 = LINE('',#8305,#8306);
#8305 = CARTESIAN_POINT('',(319.225,21.525,1.));
#8306 = VECTOR('',#8307,1.);
#8307 = DIRECTION('',(0.,-1.,0.));
#8308 = PLANE('',#8309);
#8309 = AXIS2_PLACEMENT_3D('',#8310,#8311,#8312);
#8310 = CARTESIAN_POINT('',(319.225,21.525,1.));
#8311 = DIRECTION('',(-1.,0.,0.));
#8312 = DIRECTION('',(0.,-1.,0.));
#8313 = ADVANCED_FACE('',(#8314),#8332,.F.);
#8314 = FACE_BOUND('',#8315,.F.);
#8315 = EDGE_LOOP('',(#8316,#8324,#8325,#8326));
#8316 = ORIENTED_EDGE('',*,*,#8317,.T.);
#8317 = EDGE_CURVE('',#8318,#1463,#8320,.T.);
#8318 = VERTEX_POINT('',#8319);
#8319 = CARTESIAN_POINT('',(333.225,21.525,1.));
#8320 = LINE('',#8321,#8322);
#8321 = CARTESIAN_POINT('',(333.225,21.525,1.));
#8322 = VECTOR('',#8323,1.);
#8323 = DIRECTION('',(-0.,-0.,-1.));
#8324 = ORIENTED_EDGE('',*,*,#1462,.T.);
#8325 = ORIENTED_EDGE('',*,*,#8286,.F.);
#8326 = ORIENTED_EDGE('',*,*,#8327,.F.);
#8327 = EDGE_CURVE('',#8318,#8287,#8328,.T.);
#8328 = LINE('',#8329,#8330);
#8329 = CARTESIAN_POINT('',(333.225,21.525,1.));
#8330 = VECTOR('',#8331,1.);
#8331 = DIRECTION('',(-1.,0.,0.));
#8332 = PLANE('',#8333);
#8333 = AXIS2_PLACEMENT_3D('',#8334,#8335,#8336);
#8334 = CARTESIAN_POINT('',(333.225,21.525,1.));
#8335 = DIRECTION('',(0.,1.,0.));
#8336 = DIRECTION('',(-1.,0.,0.));
#8337 = ADVANCED_FACE('',(#8338),#8356,.F.);
#8338 = FACE_BOUND('',#8339,.F.);
#8339 = EDGE_LOOP('',(#8340,#8341,#8342,#8350));
#8340 = ORIENTED_EDGE('',*,*,#8295,.T.);
#8341 = ORIENTED_EDGE('',*,*,#1478,.T.);
#8342 = ORIENTED_EDGE('',*,*,#8343,.F.);
#8343 = EDGE_CURVE('',#8344,#1471,#8346,.T.);
#8344 = VERTEX_POINT('',#8345);
#8345 = CARTESIAN_POINT('',(333.225,7.525,1.));
#8346 = LINE('',#8347,#8348);
#8347 = CARTESIAN_POINT('',(333.225,7.525,1.));
#8348 = VECTOR('',#8349,1.);
#8349 = DIRECTION('',(-0.,-0.,-1.));
#8350 = ORIENTED_EDGE('',*,*,#8351,.F.);
#8351 = EDGE_CURVE('',#8296,#8344,#8352,.T.);
#8352 = LINE('',#8353,#8354);
#8353 = CARTESIAN_POINT('',(319.225,7.525,1.));
#8354 = VECTOR('',#8355,1.);
#8355 = DIRECTION('',(1.,0.,0.));
#8356 = PLANE('',#8357);
#8357 = AXIS2_PLACEMENT_3D('',#8358,#8359,#8360);
#8358 = CARTESIAN_POINT('',(319.225,7.525,1.));
#8359 = DIRECTION('',(0.,-1.,0.));
#8360 = DIRECTION('',(1.,0.,0.));
#8361 = ADVANCED_FACE('',(#8362),#8373,.F.);
#8362 = FACE_BOUND('',#8363,.F.);
#8363 = EDGE_LOOP('',(#8364,#8365,#8366,#8367));
#8364 = ORIENTED_EDGE('',*,*,#8343,.T.);
#8365 = ORIENTED_EDGE('',*,*,#1470,.T.);
#8366 = ORIENTED_EDGE('',*,*,#8317,.F.);
#8367 = ORIENTED_EDGE('',*,*,#8368,.F.);
#8368 = EDGE_CURVE('',#8344,#8318,#8369,.T.);
#8369 = LINE('',#8370,#8371);
#8370 = CARTESIAN_POINT('',(333.225,7.525,1.));
#8371 = VECTOR('',#8372,1.);
#8372 = DIRECTION('',(0.,1.,0.));
#8373 = PLANE('',#8374);
#8374 = AXIS2_PLACEMENT_3D('',#8375,#8376,#8377);
#8375 = CARTESIAN_POINT('',(333.225,7.525,1.));
#8376 = DIRECTION('',(1.,0.,0.));
#8377 = DIRECTION('',(0.,1.,0.));
#8378 = ADVANCED_FACE('',(#8379),#8404,.F.);
#8379 = FACE_BOUND('',#8380,.F.);
#8380 = EDGE_LOOP('',(#8381,#8389,#8390,#8398));
#8381 = ORIENTED_EDGE('',*,*,#8382,.T.);
#8382 = EDGE_CURVE('',#8383,#1487,#8385,.T.);
#8383 = VERTEX_POINT('',#8384);
#8384 = CARTESIAN_POINT('',(338.275,21.525,1.));
#8385 = LINE('',#8386,#8387);
#8386 = CARTESIAN_POINT('',(338.275,21.525,1.));
#8387 = VECTOR('',#8388,1.);
#8388 = DIRECTION('',(-0.,-0.,-1.));
#8389 = ORIENTED_EDGE('',*,*,#1486,.T.);
#8390 = ORIENTED_EDGE('',*,*,#8391,.F.);
#8391 = EDGE_CURVE('',#8392,#1489,#8394,.T.);
#8392 = VERTEX_POINT('',#8393);
#8393 = CARTESIAN_POINT('',(338.275,7.525,1.));
#8394 = LINE('',#8395,#8396);
#8395 = CARTESIAN_POINT('',(338.275,7.525,1.));
#8396 = VECTOR('',#8397,1.);
#8397 = DIRECTION('',(-0.,-0.,-1.));
#8398 = ORIENTED_EDGE('',*,*,#8399,.F.);
#8399 = EDGE_CURVE('',#8383,#8392,#8400,.T.);
#8400 = LINE('',#8401,#8402);
#8401 = CARTESIAN_POINT('',(338.275,21.525,1.));
#8402 = VECTOR('',#8403,1.);
#8403 = DIRECTION('',(0.,-1.,0.));
#8404 = PLANE('',#8405);
#8405 = AXIS2_PLACEMENT_3D('',#8406,#8407,#8408);
#8406 = CARTESIAN_POINT('',(338.275,21.525,1.));
#8407 = DIRECTION('',(-1.,0.,0.));
#8408 = DIRECTION('',(0.,-1.,0.));
#8409 = ADVANCED_FACE('',(#8410),#8428,.F.);
#8410 = FACE_BOUND('',#8411,.F.);
#8411 = EDGE_LOOP('',(#8412,#8420,#8421,#8422));
#8412 = ORIENTED_EDGE('',*,*,#8413,.T.);
#8413 = EDGE_CURVE('',#8414,#1497,#8416,.T.);
#8414 = VERTEX_POINT('',#8415);
#8415 = CARTESIAN_POINT('',(352.275,21.525,1.));
#8416 = LINE('',#8417,#8418);
#8417 = CARTESIAN_POINT('',(352.275,21.525,1.));
#8418 = VECTOR('',#8419,1.);
#8419 = DIRECTION('',(-0.,-0.,-1.));
#8420 = ORIENTED_EDGE('',*,*,#1496,.T.);
#8421 = ORIENTED_EDGE('',*,*,#8382,.F.);
#8422 = ORIENTED_EDGE('',*,*,#8423,.F.);
#8423 = EDGE_CURVE('',#8414,#8383,#8424,.T.);
#8424 = LINE('',#8425,#8426);
#8425 = CARTESIAN_POINT('',(352.275,21.525,1.));
#8426 = VECTOR('',#8427,1.);
#8427 = DIRECTION('',(-1.,0.,0.));
#8428 = PLANE('',#8429);
#8429 = AXIS2_PLACEMENT_3D('',#8430,#8431,#8432);
#8430 = CARTESIAN_POINT('',(352.275,21.525,1.));
#8431 = DIRECTION('',(0.,1.,0.));
#8432 = DIRECTION('',(-1.,0.,0.));
#8433 = ADVANCED_FACE('',(#8434),#8452,.F.);
#8434 = FACE_BOUND('',#8435,.F.);
#8435 = EDGE_LOOP('',(#8436,#8437,#8438,#8446));
#8436 = ORIENTED_EDGE('',*,*,#8391,.T.);
#8437 = ORIENTED_EDGE('',*,*,#1512,.T.);
#8438 = ORIENTED_EDGE('',*,*,#8439,.F.);
#8439 = EDGE_CURVE('',#8440,#1505,#8442,.T.);
#8440 = VERTEX_POINT('',#8441);
#8441 = CARTESIAN_POINT('',(352.275,7.525,1.));
#8442 = LINE('',#8443,#8444);
#8443 = CARTESIAN_POINT('',(352.275,7.525,1.));
#8444 = VECTOR('',#8445,1.);
#8445 = DIRECTION('',(-0.,-0.,-1.));
#8446 = ORIENTED_EDGE('',*,*,#8447,.F.);
#8447 = EDGE_CURVE('',#8392,#8440,#8448,.T.);
#8448 = LINE('',#8449,#8450);
#8449 = CARTESIAN_POINT('',(338.275,7.525,1.));
#8450 = VECTOR('',#8451,1.);
#8451 = DIRECTION('',(1.,0.,0.));
#8452 = PLANE('',#8453);
#8453 = AXIS2_PLACEMENT_3D('',#8454,#8455,#8456);
#8454 = CARTESIAN_POINT('',(338.275,7.525,1.));
#8455 = DIRECTION('',(0.,-1.,0.));
#8456 = DIRECTION('',(1.,0.,0.));
#8457 = ADVANCED_FACE('',(#8458),#8469,.F.);
#8458 = FACE_BOUND('',#8459,.F.);
#8459 = EDGE_LOOP('',(#8460,#8461,#8462,#8463));
#8460 = ORIENTED_EDGE('',*,*,#8439,.T.);
#8461 = ORIENTED_EDGE('',*,*,#1504,.T.);
#8462 = ORIENTED_EDGE('',*,*,#8413,.F.);
#8463 = ORIENTED_EDGE('',*,*,#8464,.F.);
#8464 = EDGE_CURVE('',#8440,#8414,#8465,.T.);
#8465 = LINE('',#8466,#8467);
#8466 = CARTESIAN_POINT('',(352.275,7.525,1.));
#8467 = VECTOR('',#8468,1.);
#8468 = DIRECTION('',(0.,1.,0.));
#8469 = PLANE('',#8470);
#8470 = AXIS2_PLACEMENT_3D('',#8471,#8472,#8473);
#8471 = CARTESIAN_POINT('',(352.275,7.525,1.));
#8472 = DIRECTION('',(1.,0.,0.));
#8473 = DIRECTION('',(0.,1.,0.));
#8474 = ADVANCED_FACE('',(#8475),#8500,.F.);
#8475 = FACE_BOUND('',#8476,.F.);
#8476 = EDGE_LOOP('',(#8477,#8485,#8486,#8494));
#8477 = ORIENTED_EDGE('',*,*,#8478,.T.);
#8478 = EDGE_CURVE('',#8479,#1521,#8481,.T.);
#8479 = VERTEX_POINT('',#8480);
#8480 = CARTESIAN_POINT('',(262.075,40.575,1.));
#8481 = LINE('',#8482,#8483);
#8482 = CARTESIAN_POINT('',(262.075,40.575,1.));
#8483 = VECTOR('',#8484,1.);
#8484 = DIRECTION('',(-0.,-0.,-1.));
#8485 = ORIENTED_EDGE('',*,*,#1520,.T.);
#8486 = ORIENTED_EDGE('',*,*,#8487,.F.);
#8487 = EDGE_CURVE('',#8488,#1523,#8490,.T.);
#8488 = VERTEX_POINT('',#8489);
#8489 = CARTESIAN_POINT('',(262.075,26.575,1.));
#8490 = LINE('',#8491,#8492);
#8491 = CARTESIAN_POINT('',(262.075,26.575,1.));
#8492 = VECTOR('',#8493,1.);
#8493 = DIRECTION('',(-0.,-0.,-1.));
#8494 = ORIENTED_EDGE('',*,*,#8495,.F.);
#8495 = EDGE_CURVE('',#8479,#8488,#8496,.T.);
#8496 = LINE('',#8497,#8498);
#8497 = CARTESIAN_POINT('',(262.075,40.575,1.));
#8498 = VECTOR('',#8499,1.);
#8499 = DIRECTION('',(0.,-1.,0.));
#8500 = PLANE('',#8501);
#8501 = AXIS2_PLACEMENT_3D('',#8502,#8503,#8504);
#8502 = CARTESIAN_POINT('',(262.075,40.575,1.));
#8503 = DIRECTION('',(-1.,0.,0.));
#8504 = DIRECTION('',(0.,-1.,0.));
#8505 = ADVANCED_FACE('',(#8506),#8524,.F.);
#8506 = FACE_BOUND('',#8507,.F.);
#8507 = EDGE_LOOP('',(#8508,#8516,#8517,#8518));
#8508 = ORIENTED_EDGE('',*,*,#8509,.T.);
#8509 = EDGE_CURVE('',#8510,#1531,#8512,.T.);
#8510 = VERTEX_POINT('',#8511);
#8511 = CARTESIAN_POINT('',(276.075,40.575,1.));
#8512 = LINE('',#8513,#8514);
#8513 = CARTESIAN_POINT('',(276.075,40.575,1.));
#8514 = VECTOR('',#8515,1.);
#8515 = DIRECTION('',(-0.,-0.,-1.));
#8516 = ORIENTED_EDGE('',*,*,#1530,.T.);
#8517 = ORIENTED_EDGE('',*,*,#8478,.F.);
#8518 = ORIENTED_EDGE('',*,*,#8519,.F.);
#8519 = EDGE_CURVE('',#8510,#8479,#8520,.T.);
#8520 = LINE('',#8521,#8522);
#8521 = CARTESIAN_POINT('',(276.075,40.575,1.));
#8522 = VECTOR('',#8523,1.);
#8523 = DIRECTION('',(-1.,0.,0.));
#8524 = PLANE('',#8525);
#8525 = AXIS2_PLACEMENT_3D('',#8526,#8527,#8528);
#8526 = CARTESIAN_POINT('',(276.075,40.575,1.));
#8527 = DIRECTION('',(0.,1.,0.));
#8528 = DIRECTION('',(-1.,0.,0.));
#8529 = ADVANCED_FACE('',(#8530),#8548,.F.);
#8530 = FACE_BOUND('',#8531,.F.);
#8531 = EDGE_LOOP('',(#8532,#8533,#8534,#8542));
#8532 = ORIENTED_EDGE('',*,*,#8487,.T.);
#8533 = ORIENTED_EDGE('',*,*,#1546,.T.);
#8534 = ORIENTED_EDGE('',*,*,#8535,.F.);
#8535 = EDGE_CURVE('',#8536,#1539,#8538,.T.);
#8536 = VERTEX_POINT('',#8537);
#8537 = CARTESIAN_POINT('',(276.075,26.575,1.));
#8538 = LINE('',#8539,#8540);
#8539 = CARTESIAN_POINT('',(276.075,26.575,1.));
#8540 = VECTOR('',#8541,1.);
#8541 = DIRECTION('',(-0.,-0.,-1.));
#8542 = ORIENTED_EDGE('',*,*,#8543,.F.);
#8543 = EDGE_CURVE('',#8488,#8536,#8544,.T.);
#8544 = LINE('',#8545,#8546);
#8545 = CARTESIAN_POINT('',(262.075,26.575,1.));
#8546 = VECTOR('',#8547,1.);
#8547 = DIRECTION('',(1.,0.,0.));
#8548 = PLANE('',#8549);
#8549 = AXIS2_PLACEMENT_3D('',#8550,#8551,#8552);
#8550 = CARTESIAN_POINT('',(262.075,26.575,1.));
#8551 = DIRECTION('',(0.,-1.,0.));
#8552 = DIRECTION('',(1.,0.,0.));
#8553 = ADVANCED_FACE('',(#8554),#8565,.F.);
#8554 = FACE_BOUND('',#8555,.F.);
#8555 = EDGE_LOOP('',(#8556,#8557,#8558,#8559));
#8556 = ORIENTED_EDGE('',*,*,#8535,.T.);
#8557 = ORIENTED_EDGE('',*,*,#1538,.T.);
#8558 = ORIENTED_EDGE('',*,*,#8509,.F.);
#8559 = ORIENTED_EDGE('',*,*,#8560,.F.);
#8560 = EDGE_CURVE('',#8536,#8510,#8561,.T.);
#8561 = LINE('',#8562,#8563);
#8562 = CARTESIAN_POINT('',(276.075,26.575,1.));
#8563 = VECTOR('',#8564,1.);
#8564 = DIRECTION('',(0.,1.,0.));
#8565 = PLANE('',#8566);
#8566 = AXIS2_PLACEMENT_3D('',#8567,#8568,#8569);
#8567 = CARTESIAN_POINT('',(276.075,26.575,1.));
#8568 = DIRECTION('',(1.,0.,0.));
#8569 = DIRECTION('',(0.,1.,0.));
#8570 = ADVANCED_FACE('',(#8571),#8596,.F.);
#8571 = FACE_BOUND('',#8572,.F.);
#8572 = EDGE_LOOP('',(#8573,#8581,#8582,#8590));
#8573 = ORIENTED_EDGE('',*,*,#8574,.T.);
#8574 = EDGE_CURVE('',#8575,#1555,#8577,.T.);
#8575 = VERTEX_POINT('',#8576);
#8576 = CARTESIAN_POINT('',(290.65,40.575,1.));
#8577 = LINE('',#8578,#8579);
#8578 = CARTESIAN_POINT('',(290.65,40.575,1.));
#8579 = VECTOR('',#8580,1.);
#8580 = DIRECTION('',(-0.,-0.,-1.));
#8581 = ORIENTED_EDGE('',*,*,#1554,.T.);
#8582 = ORIENTED_EDGE('',*,*,#8583,.F.);
#8583 = EDGE_CURVE('',#8584,#1557,#8586,.T.);
#8584 = VERTEX_POINT('',#8585);
#8585 = CARTESIAN_POINT('',(290.65,35.875,1.));
#8586 = LINE('',#8587,#8588);
#8587 = CARTESIAN_POINT('',(290.65,35.875,1.));
#8588 = VECTOR('',#8589,1.);
#8589 = DIRECTION('',(-0.,-0.,-1.));
#8590 = ORIENTED_EDGE('',*,*,#8591,.F.);
#8591 = EDGE_CURVE('',#8575,#8584,#8592,.T.);
#8592 = LINE('',#8593,#8594);
#8593 = CARTESIAN_POINT('',(290.65,40.575,1.));
#8594 = VECTOR('',#8595,1.);
#8595 = DIRECTION('',(0.,-1.,0.));
#8596 = PLANE('',#8597);
#8597 = AXIS2_PLACEMENT_3D('',#8598,#8599,#8600);
#8598 = CARTESIAN_POINT('',(290.65,40.575,1.));
#8599 = DIRECTION('',(-1.,0.,0.));
#8600 = DIRECTION('',(0.,-1.,0.));
#8601 = ADVANCED_FACE('',(#8602),#8620,.T.);
#8602 = FACE_BOUND('',#8603,.T.);
#8603 = EDGE_LOOP('',(#8604,#8605,#8606,#8614));
#8604 = ORIENTED_EDGE('',*,*,#8574,.T.);
#8605 = ORIENTED_EDGE('',*,*,#1564,.T.);
#8606 = ORIENTED_EDGE('',*,*,#8607,.F.);
#8607 = EDGE_CURVE('',#8608,#1565,#8610,.T.);
#8608 = VERTEX_POINT('',#8609);
#8609 = CARTESIAN_POINT('',(304.65,40.575,1.));
#8610 = LINE('',#8611,#8612);
#8611 = CARTESIAN_POINT('',(304.65,40.575,1.));
#8612 = VECTOR('',#8613,1.);
#8613 = DIRECTION('',(-0.,-0.,-1.));
#8614 = ORIENTED_EDGE('',*,*,#8615,.F.);
#8615 = EDGE_CURVE('',#8575,#8608,#8616,.T.);
#8616 = LINE('',#8617,#8618);
#8617 = CARTESIAN_POINT('',(290.65,40.575,1.));
#8618 = VECTOR('',#8619,1.);
#8619 = DIRECTION('',(1.,0.,0.));
#8620 = PLANE('',#8621);
#8621 = AXIS2_PLACEMENT_3D('',#8622,#8623,#8624);
#8622 = CARTESIAN_POINT('',(290.65,40.575,1.));
#8623 = DIRECTION('',(0.,-1.,0.));
#8624 = DIRECTION('',(1.,0.,0.));
#8625 = ADVANCED_FACE('',(#8626),#8644,.F.);
#8626 = FACE_BOUND('',#8627,.F.);
#8627 = EDGE_LOOP('',(#8628,#8629,#8630,#8638));
#8628 = ORIENTED_EDGE('',*,*,#8583,.T.);
#8629 = ORIENTED_EDGE('',*,*,#1836,.T.);
#8630 = ORIENTED_EDGE('',*,*,#8631,.F.);
#8631 = EDGE_CURVE('',#8632,#1829,#8634,.T.);
#8632 = VERTEX_POINT('',#8633);
#8633 = CARTESIAN_POINT('',(289.125,35.875,1.));
#8634 = LINE('',#8635,#8636);
#8635 = CARTESIAN_POINT('',(289.125,35.875,1.));
#8636 = VECTOR('',#8637,1.);
#8637 = DIRECTION('',(-0.,-0.,-1.));
#8638 = ORIENTED_EDGE('',*,*,#8639,.F.);
#8639 = EDGE_CURVE('',#8584,#8632,#8640,.T.);
#8640 = LINE('',#8641,#8642);
#8641 = CARTESIAN_POINT('',(290.65,35.875,1.));
#8642 = VECTOR('',#8643,1.);
#8643 = DIRECTION('',(-1.,0.,0.));
#8644 = PLANE('',#8645);
#8645 = AXIS2_PLACEMENT_3D('',#8646,#8647,#8648);
#8646 = CARTESIAN_POINT('',(290.65,35.875,1.));
#8647 = DIRECTION('',(0.,1.,0.));
#8648 = DIRECTION('',(-1.,0.,0.));
#8649 = ADVANCED_FACE('',(#8650),#8668,.T.);
#8650 = FACE_BOUND('',#8651,.T.);
#8651 = EDGE_LOOP('',(#8652,#8653,#8654,#8662));
#8652 = ORIENTED_EDGE('',*,*,#8607,.T.);
#8653 = ORIENTED_EDGE('',*,*,#1572,.T.);
#8654 = ORIENTED_EDGE('',*,*,#8655,.F.);
#8655 = EDGE_CURVE('',#8656,#1573,#8658,.T.);
#8656 = VERTEX_POINT('',#8657);
#8657 = CARTESIAN_POINT('',(304.65,35.875,1.));
#8658 = LINE('',#8659,#8660);
#8659 = CARTESIAN_POINT('',(304.65,35.875,1.));
#8660 = VECTOR('',#8661,1.);
#8661 = DIRECTION('',(-0.,-0.,-1.));
#8662 = ORIENTED_EDGE('',*,*,#8663,.F.);
#8663 = EDGE_CURVE('',#8608,#8656,#8664,.T.);
#8664 = LINE('',#8665,#8666);
#8665 = CARTESIAN_POINT('',(304.65,40.575,1.));
#8666 = VECTOR('',#8667,1.);
#8667 = DIRECTION('',(0.,-1.,0.));
#8668 = PLANE('',#8669);
#8669 = AXIS2_PLACEMENT_3D('',#8670,#8671,#8672);
#8670 = CARTESIAN_POINT('',(304.65,40.575,1.));
#8671 = DIRECTION('',(-1.,0.,0.));
#8672 = DIRECTION('',(0.,-1.,0.));
#8673 = ADVANCED_FACE('',(#8674),#8692,.F.);
#8674 = FACE_BOUND('',#8675,.F.);
#8675 = EDGE_LOOP('',(#8676,#8677,#8678,#8686));
#8676 = ORIENTED_EDGE('',*,*,#8631,.T.);
#8677 = ORIENTED_EDGE('',*,*,#1828,.T.);
#8678 = ORIENTED_EDGE('',*,*,#8679,.F.);
#8679 = EDGE_CURVE('',#8680,#1821,#8682,.T.);
#8680 = VERTEX_POINT('',#8681);
#8681 = CARTESIAN_POINT('',(289.125,39.105,1.));
#8682 = LINE('',#8683,#8684);
#8683 = CARTESIAN_POINT('',(289.125,39.105,1.));
#8684 = VECTOR('',#8685,1.);
#8685 = DIRECTION('',(-0.,-0.,-1.));
#8686 = ORIENTED_EDGE('',*,*,#8687,.F.);
#8687 = EDGE_CURVE('',#8632,#8680,#8688,.T.);
#8688 = LINE('',#8689,#8690);
#8689 = CARTESIAN_POINT('',(289.125,35.875,1.));
#8690 = VECTOR('',#8691,1.);
#8691 = DIRECTION('',(0.,1.,0.));
#8692 = PLANE('',#8693);
#8693 = AXIS2_PLACEMENT_3D('',#8694,#8695,#8696);
#8694 = CARTESIAN_POINT('',(289.125,35.875,1.));
#8695 = DIRECTION('',(1.,0.,0.));
#8696 = DIRECTION('',(0.,1.,0.));
#8697 = ADVANCED_FACE('',(#8698),#8716,.T.);
#8698 = FACE_BOUND('',#8699,.T.);
#8699 = EDGE_LOOP('',(#8700,#8701,#8702,#8710));
#8700 = ORIENTED_EDGE('',*,*,#8655,.T.);
#8701 = ORIENTED_EDGE('',*,*,#1580,.T.);
#8702 = ORIENTED_EDGE('',*,*,#8703,.F.);
#8703 = EDGE_CURVE('',#8704,#1581,#8706,.T.);
#8704 = VERTEX_POINT('',#8705);
#8705 = CARTESIAN_POINT('',(306.175,35.875,1.));
#8706 = LINE('',#8707,#8708);
#8707 = CARTESIAN_POINT('',(306.175,35.875,1.));
#8708 = VECTOR('',#8709,1.);
#8709 = DIRECTION('',(-0.,-0.,-1.));
#8710 = ORIENTED_EDGE('',*,*,#8711,.F.);
#8711 = EDGE_CURVE('',#8656,#8704,#8712,.T.);
#8712 = LINE('',#8713,#8714);
#8713 = CARTESIAN_POINT('',(304.65,35.875,1.));
#8714 = VECTOR('',#8715,1.);
#8715 = DIRECTION('',(1.,0.,0.));
#8716 = PLANE('',#8717);
#8717 = AXIS2_PLACEMENT_3D('',#8718,#8719,#8720);
#8718 = CARTESIAN_POINT('',(304.65,35.875,1.));
#8719 = DIRECTION('',(0.,-1.,0.));
#8720 = DIRECTION('',(1.,0.,0.));
#8721 = ADVANCED_FACE('',(#8722),#8740,.T.);
#8722 = FACE_BOUND('',#8723,.T.);
#8723 = EDGE_LOOP('',(#8724,#8732,#8733,#8734));
#8724 = ORIENTED_EDGE('',*,*,#8725,.T.);
#8725 = EDGE_CURVE('',#8726,#1813,#8728,.T.);
#8726 = VERTEX_POINT('',#8727);
#8727 = CARTESIAN_POINT('',(282.375,39.105,1.));
#8728 = LINE('',#8729,#8730);
#8729 = CARTESIAN_POINT('',(282.375,39.105,1.));
#8730 = VECTOR('',#8731,1.);
#8731 = DIRECTION('',(-0.,-0.,-1.));
#8732 = ORIENTED_EDGE('',*,*,#1820,.T.);
#8733 = ORIENTED_EDGE('',*,*,#8679,.F.);
#8734 = ORIENTED_EDGE('',*,*,#8735,.F.);
#8735 = EDGE_CURVE('',#8726,#8680,#8736,.T.);
#8736 = LINE('',#8737,#8738);
#8737 = CARTESIAN_POINT('',(282.375,39.105,1.));
#8738 = VECTOR('',#8739,1.);
#8739 = DIRECTION('',(1.,0.,0.));
#8740 = PLANE('',#8741);
#8741 = AXIS2_PLACEMENT_3D('',#8742,#8743,#8744);
#8742 = CARTESIAN_POINT('',(282.375,39.105,1.));
#8743 = DIRECTION('',(0.,-1.,0.));
#8744 = DIRECTION('',(1.,0.,0.));
#8745 = ADVANCED_FACE('',(#8746),#8764,.T.);
#8746 = FACE_BOUND('',#8747,.T.);
#8747 = EDGE_LOOP('',(#8748,#8749,#8750,#8758));
#8748 = ORIENTED_EDGE('',*,*,#8703,.T.);
#8749 = ORIENTED_EDGE('',*,*,#1588,.T.);
#8750 = ORIENTED_EDGE('',*,*,#8751,.F.);
#8751 = EDGE_CURVE('',#8752,#1589,#8754,.T.);
#8752 = VERTEX_POINT('',#8753);
#8753 = CARTESIAN_POINT('',(306.175,39.105,1.));
#8754 = LINE('',#8755,#8756);
#8755 = CARTESIAN_POINT('',(306.175,39.105,1.));
#8756 = VECTOR('',#8757,1.);
#8757 = DIRECTION('',(-0.,-0.,-1.));
#8758 = ORIENTED_EDGE('',*,*,#8759,.F.);
#8759 = EDGE_CURVE('',#8704,#8752,#8760,.T.);
#8760 = LINE('',#8761,#8762);
#8761 = CARTESIAN_POINT('',(306.175,35.875,1.));
#8762 = VECTOR('',#8763,1.);
#8763 = DIRECTION('',(0.,1.,0.));
#8764 = PLANE('',#8765);
#8765 = AXIS2_PLACEMENT_3D('',#8766,#8767,#8768);
#8766 = CARTESIAN_POINT('',(306.175,35.875,1.));
#8767 = DIRECTION('',(1.,0.,0.));
#8768 = DIRECTION('',(0.,1.,0.));
#8769 = ADVANCED_FACE('',(#8770),#8788,.F.);
#8770 = FACE_BOUND('',#8771,.F.);
#8771 = EDGE_LOOP('',(#8772,#8773,#8774,#8782));
#8772 = ORIENTED_EDGE('',*,*,#8725,.T.);
#8773 = ORIENTED_EDGE('',*,*,#1812,.T.);
#8774 = ORIENTED_EDGE('',*,*,#8775,.F.);
#8775 = EDGE_CURVE('',#8776,#1805,#8778,.T.);
#8776 = VERTEX_POINT('',#8777);
#8777 = CARTESIAN_POINT('',(282.375,35.875,1.));
#8778 = LINE('',#8779,#8780);
#8779 = CARTESIAN_POINT('',(282.375,35.875,1.));
#8780 = VECTOR('',#8781,1.);
#8781 = DIRECTION('',(-0.,-0.,-1.));
#8782 = ORIENTED_EDGE('',*,*,#8783,.F.);
#8783 = EDGE_CURVE('',#8726,#8776,#8784,.T.);
#8784 = LINE('',#8785,#8786);
#8785 = CARTESIAN_POINT('',(282.375,39.105,1.));
#8786 = VECTOR('',#8787,1.);
#8787 = DIRECTION('',(0.,-1.,0.));
#8788 = PLANE('',#8789);
#8789 = AXIS2_PLACEMENT_3D('',#8790,#8791,#8792);
#8790 = CARTESIAN_POINT('',(282.375,39.105,1.));
#8791 = DIRECTION('',(-1.,0.,0.));
#8792 = DIRECTION('',(0.,-1.,0.));
#8793 = ADVANCED_FACE('',(#8794),#8812,.T.);
#8794 = FACE_BOUND('',#8795,.T.);
#8795 = EDGE_LOOP('',(#8796,#8797,#8798,#8806));
#8796 = ORIENTED_EDGE('',*,*,#8751,.T.);
#8797 = ORIENTED_EDGE('',*,*,#1596,.T.);
#8798 = ORIENTED_EDGE('',*,*,#8799,.F.);
#8799 = EDGE_CURVE('',#8800,#1597,#8802,.T.);
#8800 = VERTEX_POINT('',#8801);
#8801 = CARTESIAN_POINT('',(312.925,39.105,1.));
#8802 = LINE('',#8803,#8804);
#8803 = CARTESIAN_POINT('',(312.925,39.105,1.));
#8804 = VECTOR('',#8805,1.);
#8805 = DIRECTION('',(-0.,-0.,-1.));
#8806 = ORIENTED_EDGE('',*,*,#8807,.F.);
#8807 = EDGE_CURVE('',#8752,#8800,#8808,.T.);
#8808 = LINE('',#8809,#8810);
#8809 = CARTESIAN_POINT('',(306.175,39.105,1.));
#8810 = VECTOR('',#8811,1.);
#8811 = DIRECTION('',(1.,0.,0.));
#8812 = PLANE('',#8813);
#8813 = AXIS2_PLACEMENT_3D('',#8814,#8815,#8816);
#8814 = CARTESIAN_POINT('',(306.175,39.105,1.));
#8815 = DIRECTION('',(0.,-1.,0.));
#8816 = DIRECTION('',(1.,0.,0.));
#8817 = ADVANCED_FACE('',(#8818),#8836,.F.);
#8818 = FACE_BOUND('',#8819,.F.);
#8819 = EDGE_LOOP('',(#8820,#8821,#8822,#8830));
#8820 = ORIENTED_EDGE('',*,*,#8775,.T.);
#8821 = ORIENTED_EDGE('',*,*,#1804,.T.);
#8822 = ORIENTED_EDGE('',*,*,#8823,.F.);
#8823 = EDGE_CURVE('',#8824,#1797,#8826,.T.);
#8824 = VERTEX_POINT('',#8825);
#8825 = CARTESIAN_POINT('',(281.55,35.875,1.));
#8826 = LINE('',#8827,#8828);
#8827 = CARTESIAN_POINT('',(281.55,35.875,1.));
#8828 = VECTOR('',#8829,1.);
#8829 = DIRECTION('',(-0.,-0.,-1.));
#8830 = ORIENTED_EDGE('',*,*,#8831,.F.);
#8831 = EDGE_CURVE('',#8776,#8824,#8832,.T.);
#8832 = LINE('',#8833,#8834);
#8833 = CARTESIAN_POINT('',(282.375,35.875,1.));
#8834 = VECTOR('',#8835,1.);
#8835 = DIRECTION('',(-1.,0.,0.));
#8836 = PLANE('',#8837);
#8837 = AXIS2_PLACEMENT_3D('',#8838,#8839,#8840);
#8838 = CARTESIAN_POINT('',(282.375,35.875,1.));
#8839 = DIRECTION('',(0.,1.,0.));
#8840 = DIRECTION('',(-1.,0.,0.));
#8841 = ADVANCED_FACE('',(#8842),#8860,.T.);
#8842 = FACE_BOUND('',#8843,.T.);
#8843 = EDGE_LOOP('',(#8844,#8845,#8846,#8854));
#8844 = ORIENTED_EDGE('',*,*,#8799,.T.);
#8845 = ORIENTED_EDGE('',*,*,#1604,.T.);
#8846 = ORIENTED_EDGE('',*,*,#8847,.F.);
#8847 = EDGE_CURVE('',#8848,#1605,#8850,.T.);
#8848 = VERTEX_POINT('',#8849);
#8849 = CARTESIAN_POINT('',(312.925,35.875,1.));
#8850 = LINE('',#8851,#8852);
#8851 = CARTESIAN_POINT('',(312.925,35.875,1.));
#8852 = VECTOR('',#8853,1.);
#8853 = DIRECTION('',(-0.,-0.,-1.));
#8854 = ORIENTED_EDGE('',*,*,#8855,.F.);
#8855 = EDGE_CURVE('',#8800,#8848,#8856,.T.);
#8856 = LINE('',#8857,#8858);
#8857 = CARTESIAN_POINT('',(312.925,39.105,1.));
#8858 = VECTOR('',#8859,1.);
#8859 = DIRECTION('',(0.,-1.,0.));
#8860 = PLANE('',#8861);
#8861 = AXIS2_PLACEMENT_3D('',#8862,#8863,#8864);
#8862 = CARTESIAN_POINT('',(312.925,39.105,1.));
#8863 = DIRECTION('',(-1.,0.,0.));
#8864 = DIRECTION('',(0.,-1.,0.));
#8865 = ADVANCED_FACE('',(#8866),#8884,.F.);
#8866 = FACE_BOUND('',#8867,.F.);
#8867 = EDGE_LOOP('',(#8868,#8869,#8870,#8878));
#8868 = ORIENTED_EDGE('',*,*,#8823,.T.);
#8869 = ORIENTED_EDGE('',*,*,#1796,.T.);
#8870 = ORIENTED_EDGE('',*,*,#8871,.F.);
#8871 = EDGE_CURVE('',#8872,#1789,#8874,.T.);
#8872 = VERTEX_POINT('',#8873);
#8873 = CARTESIAN_POINT('',(281.55,33.075,1.));
#8874 = LINE('',#8875,#8876);
#8875 = CARTESIAN_POINT('',(281.55,33.075,1.));
#8876 = VECTOR('',#8877,1.);
#8877 = DIRECTION('',(-0.,-0.,-1.));
#8878 = ORIENTED_EDGE('',*,*,#8879,.F.);
#8879 = EDGE_CURVE('',#8824,#8872,#8880,.T.);
#8880 = LINE('',#8881,#8882);
#8881 = CARTESIAN_POINT('',(281.55,35.875,1.));
#8882 = VECTOR('',#8883,1.);
#8883 = DIRECTION('',(0.,-1.,0.));
#8884 = PLANE('',#8885);
#8885 = AXIS2_PLACEMENT_3D('',#8886,#8887,#8888);
#8886 = CARTESIAN_POINT('',(281.55,35.875,1.));
#8887 = DIRECTION('',(-1.,0.,0.));
#8888 = DIRECTION('',(0.,-1.,0.));
#8889 = ADVANCED_FACE('',(#8890),#8908,.T.);
#8890 = FACE_BOUND('',#8891,.T.);
#8891 = EDGE_LOOP('',(#8892,#8893,#8894,#8902));
#8892 = ORIENTED_EDGE('',*,*,#8847,.T.);
#8893 = ORIENTED_EDGE('',*,*,#1612,.T.);
#8894 = ORIENTED_EDGE('',*,*,#8895,.F.);
#8895 = EDGE_CURVE('',#8896,#1613,#8898,.T.);
#8896 = VERTEX_POINT('',#8897);
#8897 = CARTESIAN_POINT('',(313.75,35.875,1.));
#8898 = LINE('',#8899,#8900);
#8899 = CARTESIAN_POINT('',(313.75,35.875,1.));
#8900 = VECTOR('',#8901,1.);
#8901 = DIRECTION('',(-0.,-0.,-1.));
#8902 = ORIENTED_EDGE('',*,*,#8903,.F.);
#8903 = EDGE_CURVE('',#8848,#8896,#8904,.T.);
#8904 = LINE('',#8905,#8906);
#8905 = CARTESIAN_POINT('',(312.925,35.875,1.));
#8906 = VECTOR('',#8907,1.);
#8907 = DIRECTION('',(1.,0.,0.));
#8908 = PLANE('',#8909);
#8909 = AXIS2_PLACEMENT_3D('',#8910,#8911,#8912);
#8910 = CARTESIAN_POINT('',(312.925,35.875,1.));
#8911 = DIRECTION('',(0.,-1.,0.));
#8912 = DIRECTION('',(1.,0.,0.));
#8913 = ADVANCED_FACE('',(#8914),#8932,.F.);
#8914 = FACE_BOUND('',#8915,.F.);
#8915 = EDGE_LOOP('',(#8916,#8917,#8918,#8926));
#8916 = ORIENTED_EDGE('',*,*,#8871,.T.);
#8917 = ORIENTED_EDGE('',*,*,#1788,.T.);
#8918 = ORIENTED_EDGE('',*,*,#8919,.F.);
#8919 = EDGE_CURVE('',#8920,#1781,#8922,.T.);
#8920 = VERTEX_POINT('',#8921);
#8921 = CARTESIAN_POINT('',(282.375,33.075,1.));
#8922 = LINE('',#8923,#8924);
#8923 = CARTESIAN_POINT('',(282.375,33.075,1.));
#8924 = VECTOR('',#8925,1.);
#8925 = DIRECTION('',(-0.,-0.,-1.));
#8926 = ORIENTED_EDGE('',*,*,#8927,.F.);
#8927 = EDGE_CURVE('',#8872,#8920,#8928,.T.);
#8928 = LINE('',#8929,#8930);
#8929 = CARTESIAN_POINT('',(281.55,33.075,1.));
#8930 = VECTOR('',#8931,1.);
#8931 = DIRECTION('',(1.,0.,0.));
#8932 = PLANE('',#8933);
#8933 = AXIS2_PLACEMENT_3D('',#8934,#8935,#8936);
#8934 = CARTESIAN_POINT('',(281.55,33.075,1.));
#8935 = DIRECTION('',(0.,-1.,0.));
#8936 = DIRECTION('',(1.,0.,0.));
#8937 = ADVANCED_FACE('',(#8938),#8956,.T.);
#8938 = FACE_BOUND('',#8939,.T.);
#8939 = EDGE_LOOP('',(#8940,#8941,#8942,#8950));
#8940 = ORIENTED_EDGE('',*,*,#8895,.T.);
#8941 = ORIENTED_EDGE('',*,*,#1620,.T.);
#8942 = ORIENTED_EDGE('',*,*,#8943,.F.);
#8943 = EDGE_CURVE('',#8944,#1621,#8946,.T.);
#8944 = VERTEX_POINT('',#8945);
#8945 = CARTESIAN_POINT('',(313.75,33.075,1.));
#8946 = LINE('',#8947,#8948);
#8947 = CARTESIAN_POINT('',(313.75,33.075,1.));
#8948 = VECTOR('',#8949,1.);
#8949 = DIRECTION('',(-0.,-0.,-1.));
#8950 = ORIENTED_EDGE('',*,*,#8951,.F.);
#8951 = EDGE_CURVE('',#8896,#8944,#8952,.T.);
#8952 = LINE('',#8953,#8954);
#8953 = CARTESIAN_POINT('',(313.75,35.875,1.));
#8954 = VECTOR('',#8955,1.);
#8955 = DIRECTION('',(0.,-1.,0.));
#8956 = PLANE('',#8957);
#8957 = AXIS2_PLACEMENT_3D('',#8958,#8959,#8960);
#8958 = CARTESIAN_POINT('',(313.75,35.875,1.));
#8959 = DIRECTION('',(-1.,0.,0.));
#8960 = DIRECTION('',(0.,-1.,0.));
#8961 = ADVANCED_FACE('',(#8962),#8980,.F.);
#8962 = FACE_BOUND('',#8963,.F.);
#8963 = EDGE_LOOP('',(#8964,#8965,#8966,#8974));
#8964 = ORIENTED_EDGE('',*,*,#8919,.T.);
#8965 = ORIENTED_EDGE('',*,*,#1780,.T.);
#8966 = ORIENTED_EDGE('',*,*,#8967,.F.);
#8967 = EDGE_CURVE('',#8968,#1773,#8970,.T.);
#8968 = VERTEX_POINT('',#8969);
#8969 = CARTESIAN_POINT('',(282.375,26.805,1.));
#8970 = LINE('',#8971,#8972);
#8971 = CARTESIAN_POINT('',(282.375,26.805,1.));
#8972 = VECTOR('',#8973,1.);
#8973 = DIRECTION('',(-0.,-0.,-1.));
#8974 = ORIENTED_EDGE('',*,*,#8975,.F.);
#8975 = EDGE_CURVE('',#8920,#8968,#8976,.T.);
#8976 = LINE('',#8977,#8978);
#8977 = CARTESIAN_POINT('',(282.375,33.075,1.));
#8978 = VECTOR('',#8979,1.);
#8979 = DIRECTION('',(0.,-1.,0.));
#8980 = PLANE('',#8981);
#8981 = AXIS2_PLACEMENT_3D('',#8982,#8983,#8984);
#8982 = CARTESIAN_POINT('',(282.375,33.075,1.));
#8983 = DIRECTION('',(-1.,0.,0.));
#8984 = DIRECTION('',(0.,-1.,0.));
#8985 = ADVANCED_FACE('',(#8986),#9004,.T.);
#8986 = FACE_BOUND('',#8987,.T.);
#8987 = EDGE_LOOP('',(#8988,#8989,#8990,#8998));
#8988 = ORIENTED_EDGE('',*,*,#8943,.T.);
#8989 = ORIENTED_EDGE('',*,*,#1628,.T.);
#8990 = ORIENTED_EDGE('',*,*,#8991,.F.);
#8991 = EDGE_CURVE('',#8992,#1629,#8994,.T.);
#8992 = VERTEX_POINT('',#8993);
#8993 = CARTESIAN_POINT('',(312.925,33.075,1.));
#8994 = LINE('',#8995,#8996);
#8995 = CARTESIAN_POINT('',(312.925,33.075,1.));
#8996 = VECTOR('',#8997,1.);
#8997 = DIRECTION('',(-0.,-0.,-1.));
#8998 = ORIENTED_EDGE('',*,*,#8999,.F.);
#8999 = EDGE_CURVE('',#8944,#8992,#9000,.T.);
#9000 = LINE('',#9001,#9002);
#9001 = CARTESIAN_POINT('',(313.75,33.075,1.));
#9002 = VECTOR('',#9003,1.);
#9003 = DIRECTION('',(-1.,0.,0.));
#9004 = PLANE('',#9005);
#9005 = AXIS2_PLACEMENT_3D('',#9006,#9007,#9008);
#9006 = CARTESIAN_POINT('',(313.75,33.075,1.));
#9007 = DIRECTION('',(0.,1.,0.));
#9008 = DIRECTION('',(-1.,0.,0.));
#9009 = ADVANCED_FACE('',(#9010),#9028,.F.);
#9010 = FACE_BOUND('',#9011,.F.);
#9011 = EDGE_LOOP('',(#9012,#9013,#9014,#9022));
#9012 = ORIENTED_EDGE('',*,*,#8967,.T.);
#9013 = ORIENTED_EDGE('',*,*,#1772,.T.);
#9014 = ORIENTED_EDGE('',*,*,#9015,.F.);
#9015 = EDGE_CURVE('',#9016,#1765,#9018,.T.);
#9016 = VERTEX_POINT('',#9017);
#9017 = CARTESIAN_POINT('',(284.1,26.805,1.));
#9018 = LINE('',#9019,#9020);
#9019 = CARTESIAN_POINT('',(284.1,26.805,1.));
#9020 = VECTOR('',#9021,1.);
#9021 = DIRECTION('',(-0.,-0.,-1.));
#9022 = ORIENTED_EDGE('',*,*,#9023,.F.);
#9023 = EDGE_CURVE('',#8968,#9016,#9024,.T.);
#9024 = LINE('',#9025,#9026);
#9025 = CARTESIAN_POINT('',(282.375,26.805,1.));
#9026 = VECTOR('',#9027,1.);
#9027 = DIRECTION('',(1.,0.,0.));
#9028 = PLANE('',#9029);
#9029 = AXIS2_PLACEMENT_3D('',#9030,#9031,#9032);
#9030 = CARTESIAN_POINT('',(282.375,26.805,1.));
#9031 = DIRECTION('',(0.,-1.,0.));
#9032 = DIRECTION('',(1.,0.,0.));
#9033 = ADVANCED_FACE('',(#9034),#9052,.T.);
#9034 = FACE_BOUND('',#9035,.T.);
#9035 = EDGE_LOOP('',(#9036,#9037,#9038,#9046));
#9036 = ORIENTED_EDGE('',*,*,#8991,.T.);
#9037 = ORIENTED_EDGE('',*,*,#1636,.T.);
#9038 = ORIENTED_EDGE('',*,*,#9039,.F.);
#9039 = EDGE_CURVE('',#9040,#1637,#9042,.T.);
#9040 = VERTEX_POINT('',#9041);
#9041 = CARTESIAN_POINT('',(312.925,26.805,1.));
#9042 = LINE('',#9043,#9044);
#9043 = CARTESIAN_POINT('',(312.925,26.805,1.));
#9044 = VECTOR('',#9045,1.);
#9045 = DIRECTION('',(-0.,-0.,-1.));
#9046 = ORIENTED_EDGE('',*,*,#9047,.F.);
#9047 = EDGE_CURVE('',#8992,#9040,#9048,.T.);
#9048 = LINE('',#9049,#9050);
#9049 = CARTESIAN_POINT('',(312.925,33.075,1.));
#9050 = VECTOR('',#9051,1.);
#9051 = DIRECTION('',(0.,-1.,0.));
#9052 = PLANE('',#9053);
#9053 = AXIS2_PLACEMENT_3D('',#9054,#9055,#9056);
#9054 = CARTESIAN_POINT('',(312.925,33.075,1.));
#9055 = DIRECTION('',(-1.,0.,0.));
#9056 = DIRECTION('',(0.,-1.,0.));
#9057 = ADVANCED_FACE('',(#9058),#9076,.F.);
#9058 = FACE_BOUND('',#9059,.F.);
#9059 = EDGE_LOOP('',(#9060,#9061,#9062,#9070));
#9060 = ORIENTED_EDGE('',*,*,#9015,.T.);
#9061 = ORIENTED_EDGE('',*,*,#1764,.T.);
#9062 = ORIENTED_EDGE('',*,*,#9063,.F.);
#9063 = EDGE_CURVE('',#9064,#1757,#9066,.T.);
#9064 = VERTEX_POINT('',#9065);
#9065 = CARTESIAN_POINT('',(284.1,25.605,1.));
#9066 = LINE('',#9067,#9068);
#9067 = CARTESIAN_POINT('',(284.1,25.605,1.));
#9068 = VECTOR('',#9069,1.);
#9069 = DIRECTION('',(-0.,-0.,-1.));
#9070 = ORIENTED_EDGE('',*,*,#9071,.F.);
#9071 = EDGE_CURVE('',#9016,#9064,#9072,.T.);
#9072 = LINE('',#9073,#9074);
#9073 = CARTESIAN_POINT('',(284.1,26.805,1.));
#9074 = VECTOR('',#9075,1.);
#9075 = DIRECTION('',(0.,-1.,0.));
#9076 = PLANE('',#9077);
#9077 = AXIS2_PLACEMENT_3D('',#9078,#9079,#9080);
#9078 = CARTESIAN_POINT('',(284.1,26.805,1.));
#9079 = DIRECTION('',(-1.,0.,0.));
#9080 = DIRECTION('',(0.,-1.,0.));
#9081 = ADVANCED_FACE('',(#9082),#9100,.T.);
#9082 = FACE_BOUND('',#9083,.T.);
#9083 = EDGE_LOOP('',(#9084,#9085,#9086,#9094));
#9084 = ORIENTED_EDGE('',*,*,#9039,.T.);
#9085 = ORIENTED_EDGE('',*,*,#1644,.T.);
#9086 = ORIENTED_EDGE('',*,*,#9087,.F.);
#9087 = EDGE_CURVE('',#9088,#1645,#9090,.T.);
#9088 = VERTEX_POINT('',#9089);
#9089 = CARTESIAN_POINT('',(311.2,26.805,1.));
#9090 = LINE('',#9091,#9092);
#9091 = CARTESIAN_POINT('',(311.2,26.805,1.));
#9092 = VECTOR('',#9093,1.);
#9093 = DIRECTION('',(-0.,-0.,-1.));
#9094 = ORIENTED_EDGE('',*,*,#9095,.F.);
#9095 = EDGE_CURVE('',#9040,#9088,#9096,.T.);
#9096 = LINE('',#9097,#9098);
#9097 = CARTESIAN_POINT('',(312.925,26.805,1.));
#9098 = VECTOR('',#9099,1.);
#9099 = DIRECTION('',(-1.,0.,0.));
#9100 = PLANE('',#9101);
#9101 = AXIS2_PLACEMENT_3D('',#9102,#9103,#9104);
#9102 = CARTESIAN_POINT('',(312.925,26.805,1.));
#9103 = DIRECTION('',(0.,1.,0.));
#9104 = DIRECTION('',(-1.,0.,0.));
#9105 = ADVANCED_FACE('',(#9106),#9124,.F.);
#9106 = FACE_BOUND('',#9107,.F.);
#9107 = EDGE_LOOP('',(#9108,#9109,#9110,#9118));
#9108 = ORIENTED_EDGE('',*,*,#9063,.T.);
#9109 = ORIENTED_EDGE('',*,*,#1756,.T.);
#9110 = ORIENTED_EDGE('',*,*,#9111,.F.);
#9111 = EDGE_CURVE('',#9112,#1749,#9114,.T.);
#9112 = VERTEX_POINT('',#9113);
#9113 = CARTESIAN_POINT('',(287.4,25.605,1.));
#9114 = LINE('',#9115,#9116);
#9115 = CARTESIAN_POINT('',(287.4,25.605,1.));
#9116 = VECTOR('',#9117,1.);
#9117 = DIRECTION('',(-0.,-0.,-1.));
#9118 = ORIENTED_EDGE('',*,*,#9119,.F.);
#9119 = EDGE_CURVE('',#9064,#9112,#9120,.T.);
#9120 = LINE('',#9121,#9122);
#9121 = CARTESIAN_POINT('',(284.1,25.605,1.));
#9122 = VECTOR('',#9123,1.);
#9123 = DIRECTION('',(1.,0.,0.));
#9124 = PLANE('',#9125);
#9125 = AXIS2_PLACEMENT_3D('',#9126,#9127,#9128);
#9126 = CARTESIAN_POINT('',(284.1,25.605,1.));
#9127 = DIRECTION('',(0.,-1.,0.));
#9128 = DIRECTION('',(1.,0.,0.));
#9129 = ADVANCED_FACE('',(#9130),#9148,.T.);
#9130 = FACE_BOUND('',#9131,.T.);
#9131 = EDGE_LOOP('',(#9132,#9133,#9134,#9142));
#9132 = ORIENTED_EDGE('',*,*,#9087,.T.);
#9133 = ORIENTED_EDGE('',*,*,#1652,.T.);
#9134 = ORIENTED_EDGE('',*,*,#9135,.F.);
#9135 = EDGE_CURVE('',#9136,#1653,#9138,.T.);
#9136 = VERTEX_POINT('',#9137);
#9137 = CARTESIAN_POINT('',(311.2,25.605,1.));
#9138 = LINE('',#9139,#9140);
#9139 = CARTESIAN_POINT('',(311.2,25.605,1.));
#9140 = VECTOR('',#9141,1.);
#9141 = DIRECTION('',(-0.,-0.,-1.));
#9142 = ORIENTED_EDGE('',*,*,#9143,.F.);
#9143 = EDGE_CURVE('',#9088,#9136,#9144,.T.);
#9144 = LINE('',#9145,#9146);
#9145 = CARTESIAN_POINT('',(311.2,26.805,1.));
#9146 = VECTOR('',#9147,1.);
#9147 = DIRECTION('',(0.,-1.,0.));
#9148 = PLANE('',#9149);
#9149 = AXIS2_PLACEMENT_3D('',#9150,#9151,#9152);
#9150 = CARTESIAN_POINT('',(311.2,26.805,1.));
#9151 = DIRECTION('',(-1.,0.,0.));
#9152 = DIRECTION('',(0.,-1.,0.));
#9153 = ADVANCED_FACE('',(#9154),#9172,.F.);
#9154 = FACE_BOUND('',#9155,.F.);
#9155 = EDGE_LOOP('',(#9156,#9157,#9158,#9166));
#9156 = ORIENTED_EDGE('',*,*,#9111,.T.);
#9157 = ORIENTED_EDGE('',*,*,#1748,.T.);
#9158 = ORIENTED_EDGE('',*,*,#9159,.F.);
#9159 = EDGE_CURVE('',#9160,#1741,#9162,.T.);
#9160 = VERTEX_POINT('',#9161);
#9161 = CARTESIAN_POINT('',(287.4,26.805,1.));
#9162 = LINE('',#9163,#9164);
#9163 = CARTESIAN_POINT('',(287.4,26.805,1.));
#9164 = VECTOR('',#9165,1.);
#9165 = DIRECTION('',(-0.,-0.,-1.));
#9166 = ORIENTED_EDGE('',*,*,#9167,.F.);
#9167 = EDGE_CURVE('',#9112,#9160,#9168,.T.);
#9168 = LINE('',#9169,#9170);
#9169 = CARTESIAN_POINT('',(287.4,25.605,1.));
#9170 = VECTOR('',#9171,1.);
#9171 = DIRECTION('',(0.,1.,0.));
#9172 = PLANE('',#9173);
#9173 = AXIS2_PLACEMENT_3D('',#9174,#9175,#9176);
#9174 = CARTESIAN_POINT('',(287.4,25.605,1.));
#9175 = DIRECTION('',(1.,0.,0.));
#9176 = DIRECTION('',(0.,1.,0.));
#9177 = ADVANCED_FACE('',(#9178),#9196,.T.);
#9178 = FACE_BOUND('',#9179,.T.);
#9179 = EDGE_LOOP('',(#9180,#9181,#9182,#9190));
#9180 = ORIENTED_EDGE('',*,*,#9135,.T.);
#9181 = ORIENTED_EDGE('',*,*,#1660,.T.);
#9182 = ORIENTED_EDGE('',*,*,#9183,.F.);
#9183 = EDGE_CURVE('',#9184,#1661,#9186,.T.);
#9184 = VERTEX_POINT('',#9185);
#9185 = CARTESIAN_POINT('',(307.9,25.605,1.));
#9186 = LINE('',#9187,#9188);
#9187 = CARTESIAN_POINT('',(307.9,25.605,1.));
#9188 = VECTOR('',#9189,1.);
#9189 = DIRECTION('',(-0.,-0.,-1.));
#9190 = ORIENTED_EDGE('',*,*,#9191,.F.);
#9191 = EDGE_CURVE('',#9136,#9184,#9192,.T.);
#9192 = LINE('',#9193,#9194);
#9193 = CARTESIAN_POINT('',(311.2,25.605,1.));
#9194 = VECTOR('',#9195,1.);
#9195 = DIRECTION('',(-1.,0.,0.));
#9196 = PLANE('',#9197);
#9197 = AXIS2_PLACEMENT_3D('',#9198,#9199,#9200);
#9198 = CARTESIAN_POINT('',(311.2,25.605,1.));
#9199 = DIRECTION('',(0.,1.,0.));
#9200 = DIRECTION('',(-1.,0.,0.));
#9201 = ADVANCED_FACE('',(#9202),#9220,.F.);
#9202 = FACE_BOUND('',#9203,.F.);
#9203 = EDGE_LOOP('',(#9204,#9205,#9206,#9214));
#9204 = ORIENTED_EDGE('',*,*,#9159,.T.);
#9205 = ORIENTED_EDGE('',*,*,#1740,.T.);
#9206 = ORIENTED_EDGE('',*,*,#9207,.F.);
#9207 = EDGE_CURVE('',#9208,#1733,#9210,.T.);
#9208 = VERTEX_POINT('',#9209);
#9209 = CARTESIAN_POINT('',(289.125,26.805,1.));
#9210 = LINE('',#9211,#9212);
#9211 = CARTESIAN_POINT('',(289.125,26.805,1.));
#9212 = VECTOR('',#9213,1.);
#9213 = DIRECTION('',(-0.,-0.,-1.));
#9214 = ORIENTED_EDGE('',*,*,#9215,.F.);
#9215 = EDGE_CURVE('',#9160,#9208,#9216,.T.);
#9216 = LINE('',#9217,#9218);
#9217 = CARTESIAN_POINT('',(287.4,26.805,1.));
#9218 = VECTOR('',#9219,1.);
#9219 = DIRECTION('',(1.,0.,0.));
#9220 = PLANE('',#9221);
#9221 = AXIS2_PLACEMENT_3D('',#9222,#9223,#9224);
#9222 = CARTESIAN_POINT('',(287.4,26.805,1.));
#9223 = DIRECTION('',(0.,-1.,0.));
#9224 = DIRECTION('',(1.,0.,0.));
#9225 = ADVANCED_FACE('',(#9226),#9244,.T.);
#9226 = FACE_BOUND('',#9227,.T.);
#9227 = EDGE_LOOP('',(#9228,#9229,#9230,#9238));
#9228 = ORIENTED_EDGE('',*,*,#9183,.T.);
#9229 = ORIENTED_EDGE('',*,*,#1668,.T.);
#9230 = ORIENTED_EDGE('',*,*,#9231,.F.);
#9231 = EDGE_CURVE('',#9232,#1669,#9234,.T.);
#9232 = VERTEX_POINT('',#9233);
#9233 = CARTESIAN_POINT('',(307.9,26.805,1.));
#9234 = LINE('',#9235,#9236);
#9235 = CARTESIAN_POINT('',(307.9,26.805,1.));
#9236 = VECTOR('',#9237,1.);
#9237 = DIRECTION('',(-0.,-0.,-1.));
#9238 = ORIENTED_EDGE('',*,*,#9239,.F.);
#9239 = EDGE_CURVE('',#9184,#9232,#9240,.T.);
#9240 = LINE('',#9241,#9242);
#9241 = CARTESIAN_POINT('',(307.9,25.605,1.));
#9242 = VECTOR('',#9243,1.);
#9243 = DIRECTION('',(0.,1.,0.));
#9244 = PLANE('',#9245);
#9245 = AXIS2_PLACEMENT_3D('',#9246,#9247,#9248);
#9246 = CARTESIAN_POINT('',(307.9,25.605,1.));
#9247 = DIRECTION('',(1.,0.,0.));
#9248 = DIRECTION('',(0.,1.,0.));
#9249 = ADVANCED_FACE('',(#9250),#9268,.F.);
#9250 = FACE_BOUND('',#9251,.F.);
#9251 = EDGE_LOOP('',(#9252,#9253,#9254,#9262));
#9252 = ORIENTED_EDGE('',*,*,#9207,.T.);
#9253 = ORIENTED_EDGE('',*,*,#1732,.T.);
#9254 = ORIENTED_EDGE('',*,*,#9255,.F.);
#9255 = EDGE_CURVE('',#9256,#1725,#9258,.T.);
#9256 = VERTEX_POINT('',#9257);
#9257 = CARTESIAN_POINT('',(289.125,31.275,1.));
#9258 = LINE('',#9259,#9260);
#9259 = CARTESIAN_POINT('',(289.125,31.275,1.));
#9260 = VECTOR('',#9261,1.);
#9261 = DIRECTION('',(-0.,-0.,-1.));
#9262 = ORIENTED_EDGE('',*,*,#9263,.F.);
#9263 = EDGE_CURVE('',#9208,#9256,#9264,.T.);
#9264 = LINE('',#9265,#9266);
#9265 = CARTESIAN_POINT('',(289.125,26.805,1.));
#9266 = VECTOR('',#9267,1.);
#9267 = DIRECTION('',(0.,1.,0.));
#9268 = PLANE('',#9269);
#9269 = AXIS2_PLACEMENT_3D('',#9270,#9271,#9272);
#9270 = CARTESIAN_POINT('',(289.125,26.805,1.));
#9271 = DIRECTION('',(1.,0.,0.));
#9272 = DIRECTION('',(0.,1.,0.));
#9273 = ADVANCED_FACE('',(#9274),#9292,.T.);
#9274 = FACE_BOUND('',#9275,.T.);
#9275 = EDGE_LOOP('',(#9276,#9277,#9278,#9286));
#9276 = ORIENTED_EDGE('',*,*,#9231,.T.);
#9277 = ORIENTED_EDGE('',*,*,#1676,.T.);
#9278 = ORIENTED_EDGE('',*,*,#9279,.F.);
#9279 = EDGE_CURVE('',#9280,#1677,#9282,.T.);
#9280 = VERTEX_POINT('',#9281);
#9281 = CARTESIAN_POINT('',(306.175,26.805,1.));
#9282 = LINE('',#9283,#9284);
#9283 = CARTESIAN_POINT('',(306.175,26.805,1.));
#9284 = VECTOR('',#9285,1.);
#9285 = DIRECTION('',(-0.,-0.,-1.));
#9286 = ORIENTED_EDGE('',*,*,#9287,.F.);
#9287 = EDGE_CURVE('',#9232,#9280,#9288,.T.);
#9288 = LINE('',#9289,#9290);
#9289 = CARTESIAN_POINT('',(307.9,26.805,1.));
#9290 = VECTOR('',#9291,1.);
#9291 = DIRECTION('',(-1.,0.,0.));
#9292 = PLANE('',#9293);
#9293 = AXIS2_PLACEMENT_3D('',#9294,#9295,#9296);
#9294 = CARTESIAN_POINT('',(307.9,26.805,1.));
#9295 = DIRECTION('',(0.,1.,0.));
#9296 = DIRECTION('',(-1.,0.,0.));
#9297 = ADVANCED_FACE('',(#9298),#9316,.F.);
#9298 = FACE_BOUND('',#9299,.F.);
#9299 = EDGE_LOOP('',(#9300,#9301,#9302,#9310));
#9300 = ORIENTED_EDGE('',*,*,#9255,.T.);
#9301 = ORIENTED_EDGE('',*,*,#1724,.T.);
#9302 = ORIENTED_EDGE('',*,*,#9303,.F.);
#9303 = EDGE_CURVE('',#9304,#1717,#9306,.T.);
#9304 = VERTEX_POINT('',#9305);
#9305 = CARTESIAN_POINT('',(290.65,31.275,1.));
#9306 = LINE('',#9307,#9308);
#9307 = CARTESIAN_POINT('',(290.65,31.275,1.));
#9308 = VECTOR('',#9309,1.);
#9309 = DIRECTION('',(-0.,-0.,-1.));
#9310 = ORIENTED_EDGE('',*,*,#9311,.F.);
#9311 = EDGE_CURVE('',#9256,#9304,#9312,.T.);
#9312 = LINE('',#9313,#9314);
#9313 = CARTESIAN_POINT('',(289.125,31.275,1.));
#9314 = VECTOR('',#9315,1.);
#9315 = DIRECTION('',(1.,0.,0.));
#9316 = PLANE('',#9317);
#9317 = AXIS2_PLACEMENT_3D('',#9318,#9319,#9320);
#9318 = CARTESIAN_POINT('',(289.125,31.275,1.));
#9319 = DIRECTION('',(0.,-1.,0.));
#9320 = DIRECTION('',(1.,0.,0.));
#9321 = ADVANCED_FACE('',(#9322),#9340,.T.);
#9322 = FACE_BOUND('',#9323,.T.);
#9323 = EDGE_LOOP('',(#9324,#9325,#9326,#9334));
#9324 = ORIENTED_EDGE('',*,*,#9279,.T.);
#9325 = ORIENTED_EDGE('',*,*,#1684,.T.);
#9326 = ORIENTED_EDGE('',*,*,#9327,.F.);
#9327 = EDGE_CURVE('',#9328,#1685,#9330,.T.);
#9328 = VERTEX_POINT('',#9329);
#9329 = CARTESIAN_POINT('',(306.175,31.275,1.));
#9330 = LINE('',#9331,#9332);
#9331 = CARTESIAN_POINT('',(306.175,31.275,1.));
#9332 = VECTOR('',#9333,1.);
#9333 = DIRECTION('',(-0.,-0.,-1.));
#9334 = ORIENTED_EDGE('',*,*,#9335,.F.);
#9335 = EDGE_CURVE('',#9280,#9328,#9336,.T.);
#9336 = LINE('',#9337,#9338);
#9337 = CARTESIAN_POINT('',(306.175,26.805,1.));
#9338 = VECTOR('',#9339,1.);
#9339 = DIRECTION('',(0.,1.,0.));
#9340 = PLANE('',#9341);
#9341 = AXIS2_PLACEMENT_3D('',#9342,#9343,#9344);
#9342 = CARTESIAN_POINT('',(306.175,26.805,1.));
#9343 = DIRECTION('',(1.,0.,0.));
#9344 = DIRECTION('',(0.,1.,0.));
#9345 = ADVANCED_FACE('',(#9346),#9364,.T.);
#9346 = FACE_BOUND('',#9347,.T.);
#9347 = EDGE_LOOP('',(#9348,#9356,#9357,#9358));
#9348 = ORIENTED_EDGE('',*,*,#9349,.T.);
#9349 = EDGE_CURVE('',#9350,#1709,#9352,.T.);
#9350 = VERTEX_POINT('',#9351);
#9351 = CARTESIAN_POINT('',(290.65,26.575,1.));
#9352 = LINE('',#9353,#9354);
#9353 = CARTESIAN_POINT('',(290.65,26.575,1.));
#9354 = VECTOR('',#9355,1.);
#9355 = DIRECTION('',(-0.,-0.,-1.));
#9356 = ORIENTED_EDGE('',*,*,#1716,.T.);
#9357 = ORIENTED_EDGE('',*,*,#9303,.F.);
#9358 = ORIENTED_EDGE('',*,*,#9359,.F.);
#9359 = EDGE_CURVE('',#9350,#9304,#9360,.T.);
#9360 = LINE('',#9361,#9362);
#9361 = CARTESIAN_POINT('',(290.65,26.575,1.));
#9362 = VECTOR('',#9363,1.);
#9363 = DIRECTION('',(0.,1.,0.));
#9364 = PLANE('',#9365);
#9365 = AXIS2_PLACEMENT_3D('',#9366,#9367,#9368);
#9366 = CARTESIAN_POINT('',(290.65,26.575,1.));
#9367 = DIRECTION('',(1.,0.,0.));
#9368 = DIRECTION('',(0.,1.,0.));
#9369 = ADVANCED_FACE('',(#9370),#9388,.T.);
#9370 = FACE_BOUND('',#9371,.T.);
#9371 = EDGE_LOOP('',(#9372,#9373,#9374,#9382));
#9372 = ORIENTED_EDGE('',*,*,#9327,.T.);
#9373 = ORIENTED_EDGE('',*,*,#1692,.T.);
#9374 = ORIENTED_EDGE('',*,*,#9375,.F.);
#9375 = EDGE_CURVE('',#9376,#1693,#9378,.T.);
#9376 = VERTEX_POINT('',#9377);
#9377 = CARTESIAN_POINT('',(304.65,31.275,1.));
#9378 = LINE('',#9379,#9380);
#9379 = CARTESIAN_POINT('',(304.65,31.275,1.));
#9380 = VECTOR('',#9381,1.);
#9381 = DIRECTION('',(-0.,-0.,-1.));
#9382 = ORIENTED_EDGE('',*,*,#9383,.F.);
#9383 = EDGE_CURVE('',#9328,#9376,#9384,.T.);
#9384 = LINE('',#9385,#9386);
#9385 = CARTESIAN_POINT('',(306.175,31.275,1.));
#9386 = VECTOR('',#9387,1.);
#9387 = DIRECTION('',(-1.,0.,0.));
#9388 = PLANE('',#9389);
#9389 = AXIS2_PLACEMENT_3D('',#9390,#9391,#9392);
#9390 = CARTESIAN_POINT('',(306.175,31.275,1.));
#9391 = DIRECTION('',(0.,1.,0.));
#9392 = DIRECTION('',(-1.,0.,0.));
#9393 = ADVANCED_FACE('',(#9394),#9412,.T.);
#9394 = FACE_BOUND('',#9395,.T.);
#9395 = EDGE_LOOP('',(#9396,#9404,#9405,#9406));
#9396 = ORIENTED_EDGE('',*,*,#9397,.T.);
#9397 = EDGE_CURVE('',#9398,#1701,#9400,.T.);
#9398 = VERTEX_POINT('',#9399);
#9399 = CARTESIAN_POINT('',(304.65,26.575,1.));
#9400 = LINE('',#9401,#9402);
#9401 = CARTESIAN_POINT('',(304.65,26.575,1.));
#9402 = VECTOR('',#9403,1.);
#9403 = DIRECTION('',(-0.,-0.,-1.));
#9404 = ORIENTED_EDGE('',*,*,#1708,.T.);
#9405 = ORIENTED_EDGE('',*,*,#9349,.F.);
#9406 = ORIENTED_EDGE('',*,*,#9407,.F.);
#9407 = EDGE_CURVE('',#9398,#9350,#9408,.T.);
#9408 = LINE('',#9409,#9410);
#9409 = CARTESIAN_POINT('',(304.65,26.575,1.));
#9410 = VECTOR('',#9411,1.);
#9411 = DIRECTION('',(-1.,0.,0.));
#9412 = PLANE('',#9413);
#9413 = AXIS2_PLACEMENT_3D('',#9414,#9415,#9416);
#9414 = CARTESIAN_POINT('',(304.65,26.575,1.));
#9415 = DIRECTION('',(0.,1.,0.));
#9416 = DIRECTION('',(-1.,0.,0.));
#9417 = ADVANCED_FACE('',(#9418),#9429,.T.);
#9418 = FACE_BOUND('',#9419,.T.);
#9419 = EDGE_LOOP('',(#9420,#9421,#9422,#9423));
#9420 = ORIENTED_EDGE('',*,*,#9375,.T.);
#9421 = ORIENTED_EDGE('',*,*,#1700,.T.);
#9422 = ORIENTED_EDGE('',*,*,#9397,.F.);
#9423 = ORIENTED_EDGE('',*,*,#9424,.F.);
#9424 = EDGE_CURVE('',#9376,#9398,#9425,.T.);
#9425 = LINE('',#9426,#9427);
#9426 = CARTESIAN_POINT('',(304.65,31.275,1.));
#9427 = VECTOR('',#9428,1.);
#9428 = DIRECTION('',(0.,-1.,0.));
#9429 = PLANE('',#9430);
#9430 = AXIS2_PLACEMENT_3D('',#9431,#9432,#9433);
#9431 = CARTESIAN_POINT('',(304.65,31.275,1.));
#9432 = DIRECTION('',(-1.,0.,0.));
#9433 = DIRECTION('',(0.,-1.,0.));
#9434 = ADVANCED_FACE('',(#9435),#9460,.F.);
#9435 = FACE_BOUND('',#9436,.F.);
#9436 = EDGE_LOOP('',(#9437,#9445,#9446,#9454));
#9437 = ORIENTED_EDGE('',*,*,#9438,.T.);
#9438 = EDGE_CURVE('',#9439,#1845,#9441,.T.);
#9439 = VERTEX_POINT('',#9440);
#9440 = CARTESIAN_POINT('',(319.225,40.575,1.));
#9441 = LINE('',#9442,#9443);
#9442 = CARTESIAN_POINT('',(319.225,40.575,1.));
#9443 = VECTOR('',#9444,1.);
#9444 = DIRECTION('',(-0.,-0.,-1.));
#9445 = ORIENTED_EDGE('',*,*,#1844,.T.);
#9446 = ORIENTED_EDGE('',*,*,#9447,.F.);
#9447 = EDGE_CURVE('',#9448,#1847,#9450,.T.);
#9448 = VERTEX_POINT('',#9449);
#9449 = CARTESIAN_POINT('',(319.225,26.575,1.));
#9450 = LINE('',#9451,#9452);
#9451 = CARTESIAN_POINT('',(319.225,26.575,1.));
#9452 = VECTOR('',#9453,1.);
#9453 = DIRECTION('',(-0.,-0.,-1.));
#9454 = ORIENTED_EDGE('',*,*,#9455,.F.);
#9455 = EDGE_CURVE('',#9439,#9448,#9456,.T.);
#9456 = LINE('',#9457,#9458);
#9457 = CARTESIAN_POINT('',(319.225,40.575,1.));
#9458 = VECTOR('',#9459,1.);
#9459 = DIRECTION('',(0.,-1.,0.));
#9460 = PLANE('',#9461);
#9461 = AXIS2_PLACEMENT_3D('',#9462,#9463,#9464);
#9462 = CARTESIAN_POINT('',(319.225,40.575,1.));
#9463 = DIRECTION('',(-1.,0.,0.));
#9464 = DIRECTION('',(0.,-1.,0.));
#9465 = ADVANCED_FACE('',(#9466),#9484,.F.);
#9466 = FACE_BOUND('',#9467,.F.);
#9467 = EDGE_LOOP('',(#9468,#9476,#9477,#9478));
#9468 = ORIENTED_EDGE('',*,*,#9469,.T.);
#9469 = EDGE_CURVE('',#9470,#1855,#9472,.T.);
#9470 = VERTEX_POINT('',#9471);
#9471 = CARTESIAN_POINT('',(333.225,40.575,1.));
#9472 = LINE('',#9473,#9474);
#9473 = CARTESIAN_POINT('',(333.225,40.575,1.));
#9474 = VECTOR('',#9475,1.);
#9475 = DIRECTION('',(-0.,-0.,-1.));
#9476 = ORIENTED_EDGE('',*,*,#1854,.T.);
#9477 = ORIENTED_EDGE('',*,*,#9438,.F.);
#9478 = ORIENTED_EDGE('',*,*,#9479,.F.);
#9479 = EDGE_CURVE('',#9470,#9439,#9480,.T.);
#9480 = LINE('',#9481,#9482);
#9481 = CARTESIAN_POINT('',(333.225,40.575,1.));
#9482 = VECTOR('',#9483,1.);
#9483 = DIRECTION('',(-1.,0.,0.));
#9484 = PLANE('',#9485);
#9485 = AXIS2_PLACEMENT_3D('',#9486,#9487,#9488);
#9486 = CARTESIAN_POINT('',(333.225,40.575,1.));
#9487 = DIRECTION('',(0.,1.,0.));
#9488 = DIRECTION('',(-1.,0.,0.));
#9489 = ADVANCED_FACE('',(#9490),#9508,.F.);
#9490 = FACE_BOUND('',#9491,.F.);
#9491 = EDGE_LOOP('',(#9492,#9493,#9494,#9502));
#9492 = ORIENTED_EDGE('',*,*,#9447,.T.);
#9493 = ORIENTED_EDGE('',*,*,#1870,.T.);
#9494 = ORIENTED_EDGE('',*,*,#9495,.F.);
#9495 = EDGE_CURVE('',#9496,#1863,#9498,.T.);
#9496 = VERTEX_POINT('',#9497);
#9497 = CARTESIAN_POINT('',(333.225,26.575,1.));
#9498 = LINE('',#9499,#9500);
#9499 = CARTESIAN_POINT('',(333.225,26.575,1.));
#9500 = VECTOR('',#9501,1.);
#9501 = DIRECTION('',(-0.,-0.,-1.));
#9502 = ORIENTED_EDGE('',*,*,#9503,.F.);
#9503 = EDGE_CURVE('',#9448,#9496,#9504,.T.);
#9504 = LINE('',#9505,#9506);
#9505 = CARTESIAN_POINT('',(319.225,26.575,1.));
#9506 = VECTOR('',#9507,1.);
#9507 = DIRECTION('',(1.,0.,0.));
#9508 = PLANE('',#9509);
#9509 = AXIS2_PLACEMENT_3D('',#9510,#9511,#9512);
#9510 = CARTESIAN_POINT('',(319.225,26.575,1.));
#9511 = DIRECTION('',(0.,-1.,0.));
#9512 = DIRECTION('',(1.,0.,0.));
#9513 = ADVANCED_FACE('',(#9514),#9525,.F.);
#9514 = FACE_BOUND('',#9515,.F.);
#9515 = EDGE_LOOP('',(#9516,#9517,#9518,#9519));
#9516 = ORIENTED_EDGE('',*,*,#9495,.T.);
#9517 = ORIENTED_EDGE('',*,*,#1862,.T.);
#9518 = ORIENTED_EDGE('',*,*,#9469,.F.);
#9519 = ORIENTED_EDGE('',*,*,#9520,.F.);
#9520 = EDGE_CURVE('',#9496,#9470,#9521,.T.);
#9521 = LINE('',#9522,#9523);
#9522 = CARTESIAN_POINT('',(333.225,26.575,1.));
#9523 = VECTOR('',#9524,1.);
#9524 = DIRECTION('',(0.,1.,0.));
#9525 = PLANE('',#9526);
#9526 = AXIS2_PLACEMENT_3D('',#9527,#9528,#9529);
#9527 = CARTESIAN_POINT('',(333.225,26.575,1.));
#9528 = DIRECTION('',(1.,0.,0.));
#9529 = DIRECTION('',(0.,1.,0.));
#9530 = ADVANCED_FACE('',(#9531),#9550,.F.);
#9531 = FACE_BOUND('',#9532,.F.);
#9532 = EDGE_LOOP('',(#9533,#9541,#9542,#9543));
#9533 = ORIENTED_EDGE('',*,*,#9534,.T.);
#9534 = EDGE_CURVE('',#9535,#1879,#9537,.T.);
#9535 = VERTEX_POINT('',#9536);
#9536 = CARTESIAN_POINT('',(348.875,32.05,1.));
#9537 = LINE('',#9538,#9539);
#9538 = CARTESIAN_POINT('',(348.875,32.05,1.));
#9539 = VECTOR('',#9540,1.);
#9540 = DIRECTION('',(-0.,-0.,-1.));
#9541 = ORIENTED_EDGE('',*,*,#1878,.T.);
#9542 = ORIENTED_EDGE('',*,*,#9534,.F.);
#9543 = ORIENTED_EDGE('',*,*,#9544,.F.);
#9544 = EDGE_CURVE('',#9535,#9535,#9545,.T.);
#9545 = CIRCLE('',#9546,1.1);
#9546 = AXIS2_PLACEMENT_3D('',#9547,#9548,#9549);
#9547 = CARTESIAN_POINT('',(347.775,32.05,1.));
#9548 = DIRECTION('',(0.,0.,1.));
#9549 = DIRECTION('',(1.,0.,0.));
#9550 = CYLINDRICAL_SURFACE('',#9551,1.1);
#9551 = AXIS2_PLACEMENT_3D('',#9552,#9553,#9554);
#9552 = CARTESIAN_POINT('',(347.775,32.05,1.));
#9553 = DIRECTION('',(0.,0.,1.));
#9554 = DIRECTION('',(1.,0.,0.));
#9555 = ADVANCED_FACE('',(#9556),#9581,.F.);
#9556 = FACE_BOUND('',#9557,.F.);
#9557 = EDGE_LOOP('',(#9558,#9566,#9567,#9575));
#9558 = ORIENTED_EDGE('',*,*,#9559,.T.);
#9559 = EDGE_CURVE('',#9560,#1890,#9562,.T.);
#9560 = VERTEX_POINT('',#9561);
#9561 = CARTESIAN_POINT('',(181.1125,59.625,1.));
#9562 = LINE('',#9563,#9564);
#9563 = CARTESIAN_POINT('',(181.1125,59.625,1.));
#9564 = VECTOR('',#9565,1.);
#9565 = DIRECTION('',(-0.,-0.,-1.));
#9566 = ORIENTED_EDGE('',*,*,#1889,.T.);
#9567 = ORIENTED_EDGE('',*,*,#9568,.F.);
#9568 = EDGE_CURVE('',#9569,#1892,#9571,.T.);
#9569 = VERTEX_POINT('',#9570);
#9570 = CARTESIAN_POINT('',(181.1125,45.625,1.));
#9571 = LINE('',#9572,#9573);
#9572 = CARTESIAN_POINT('',(181.1125,45.625,1.));
#9573 = VECTOR('',#9574,1.);
#9574 = DIRECTION('',(-0.,-0.,-1.));
#9575 = ORIENTED_EDGE('',*,*,#9576,.F.);
#9576 = EDGE_CURVE('',#9560,#9569,#9577,.T.);
#9577 = LINE('',#9578,#9579);
#9578 = CARTESIAN_POINT('',(181.1125,59.625,1.));
#9579 = VECTOR('',#9580,1.);
#9580 = DIRECTION('',(0.,-1.,0.));
#9581 = PLANE('',#9582);
#9582 = AXIS2_PLACEMENT_3D('',#9583,#9584,#9585);
#9583 = CARTESIAN_POINT('',(181.1125,59.625,1.));
#9584 = DIRECTION('',(-1.,0.,0.));
#9585 = DIRECTION('',(0.,-1.,0.));
#9586 = ADVANCED_FACE('',(#9587),#9605,.F.);
#9587 = FACE_BOUND('',#9588,.F.);
#9588 = EDGE_LOOP('',(#9589,#9597,#9598,#9599));
#9589 = ORIENTED_EDGE('',*,*,#9590,.T.);
#9590 = EDGE_CURVE('',#9591,#1900,#9593,.T.);
#9591 = VERTEX_POINT('',#9592);
#9592 = CARTESIAN_POINT('',(195.1125,59.625,1.));
#9593 = LINE('',#9594,#9595);
#9594 = CARTESIAN_POINT('',(195.1125,59.625,1.));
#9595 = VECTOR('',#9596,1.);
#9596 = DIRECTION('',(-0.,-0.,-1.));
#9597 = ORIENTED_EDGE('',*,*,#1899,.T.);
#9598 = ORIENTED_EDGE('',*,*,#9559,.F.);
#9599 = ORIENTED_EDGE('',*,*,#9600,.F.);
#9600 = EDGE_CURVE('',#9591,#9560,#9601,.T.);
#9601 = LINE('',#9602,#9603);
#9602 = CARTESIAN_POINT('',(195.1125,59.625,1.));
#9603 = VECTOR('',#9604,1.);
#9604 = DIRECTION('',(-1.,0.,0.));
#9605 = PLANE('',#9606);
#9606 = AXIS2_PLACEMENT_3D('',#9607,#9608,#9609);
#9607 = CARTESIAN_POINT('',(195.1125,59.625,1.));
#9608 = DIRECTION('',(0.,1.,0.));
#9609 = DIRECTION('',(-1.,0.,0.));
#9610 = ADVANCED_FACE('',(#9611),#9629,.F.);
#9611 = FACE_BOUND('',#9612,.F.);
#9612 = EDGE_LOOP('',(#9613,#9614,#9615,#9623));
#9613 = ORIENTED_EDGE('',*,*,#9568,.T.);
#9614 = ORIENTED_EDGE('',*,*,#1915,.T.);
#9615 = ORIENTED_EDGE('',*,*,#9616,.F.);
#9616 = EDGE_CURVE('',#9617,#1908,#9619,.T.);
#9617 = VERTEX_POINT('',#9618);
#9618 = CARTESIAN_POINT('',(195.1125,45.625,1.));
#9619 = LINE('',#9620,#9621);
#9620 = CARTESIAN_POINT('',(195.1125,45.625,1.));
#9621 = VECTOR('',#9622,1.);
#9622 = DIRECTION('',(-0.,-0.,-1.));
#9623 = ORIENTED_EDGE('',*,*,#9624,.F.);
#9624 = EDGE_CURVE('',#9569,#9617,#9625,.T.);
#9625 = LINE('',#9626,#9627);
#9626 = CARTESIAN_POINT('',(181.1125,45.625,1.));
#9627 = VECTOR('',#9628,1.);
#9628 = DIRECTION('',(1.,0.,0.));
#9629 = PLANE('',#9630);
#9630 = AXIS2_PLACEMENT_3D('',#9631,#9632,#9633);
#9631 = CARTESIAN_POINT('',(181.1125,45.625,1.));
#9632 = DIRECTION('',(0.,-1.,0.));
#9633 = DIRECTION('',(1.,0.,0.));
#9634 = ADVANCED_FACE('',(#9635),#9646,.F.);
#9635 = FACE_BOUND('',#9636,.F.);
#9636 = EDGE_LOOP('',(#9637,#9638,#9639,#9640));
#9637 = ORIENTED_EDGE('',*,*,#9616,.T.);
#9638 = ORIENTED_EDGE('',*,*,#1907,.T.);
#9639 = ORIENTED_EDGE('',*,*,#9590,.F.);
#9640 = ORIENTED_EDGE('',*,*,#9641,.F.);
#9641 = EDGE_CURVE('',#9617,#9591,#9642,.T.);
#9642 = LINE('',#9643,#9644);
#9643 = CARTESIAN_POINT('',(195.1125,45.625,1.));
#9644 = VECTOR('',#9645,1.);
#9645 = DIRECTION('',(0.,1.,0.));
#9646 = PLANE('',#9647);
#9647 = AXIS2_PLACEMENT_3D('',#9648,#9649,#9650);
#9648 = CARTESIAN_POINT('',(195.1125,45.625,1.));
#9649 = DIRECTION('',(1.,0.,0.));
#9650 = DIRECTION('',(0.,1.,0.));
#9651 = ADVANCED_FACE('',(#9652),#9677,.F.);
#9652 = FACE_BOUND('',#9653,.F.);
#9653 = EDGE_LOOP('',(#9654,#9662,#9663,#9671));
#9654 = ORIENTED_EDGE('',*,*,#9655,.T.);
#9655 = EDGE_CURVE('',#9656,#1924,#9658,.T.);
#9656 = VERTEX_POINT('',#9657);
#9657 = CARTESIAN_POINT('',(200.1625,59.625,1.));
#9658 = LINE('',#9659,#9660);
#9659 = CARTESIAN_POINT('',(200.1625,59.625,1.));
#9660 = VECTOR('',#9661,1.);
#9661 = DIRECTION('',(-0.,-0.,-1.));
#9662 = ORIENTED_EDGE('',*,*,#1923,.T.);
#9663 = ORIENTED_EDGE('',*,*,#9664,.F.);
#9664 = EDGE_CURVE('',#9665,#1926,#9667,.T.);
#9665 = VERTEX_POINT('',#9666);
#9666 = CARTESIAN_POINT('',(200.1625,45.625,1.));
#9667 = LINE('',#9668,#9669);
#9668 = CARTESIAN_POINT('',(200.1625,45.625,1.));
#9669 = VECTOR('',#9670,1.);
#9670 = DIRECTION('',(-0.,-0.,-1.));
#9671 = ORIENTED_EDGE('',*,*,#9672,.F.);
#9672 = EDGE_CURVE('',#9656,#9665,#9673,.T.);
#9673 = LINE('',#9674,#9675);
#9674 = CARTESIAN_POINT('',(200.1625,59.625,1.));
#9675 = VECTOR('',#9676,1.);
#9676 = DIRECTION('',(0.,-1.,0.));
#9677 = PLANE('',#9678);
#9678 = AXIS2_PLACEMENT_3D('',#9679,#9680,#9681);
#9679 = CARTESIAN_POINT('',(200.1625,59.625,1.));
#9680 = DIRECTION('',(-1.,0.,0.));
#9681 = DIRECTION('',(0.,-1.,0.));
#9682 = ADVANCED_FACE('',(#9683),#9701,.F.);
#9683 = FACE_BOUND('',#9684,.F.);
#9684 = EDGE_LOOP('',(#9685,#9693,#9694,#9695));
#9685 = ORIENTED_EDGE('',*,*,#9686,.T.);
#9686 = EDGE_CURVE('',#9687,#1934,#9689,.T.);
#9687 = VERTEX_POINT('',#9688);
#9688 = CARTESIAN_POINT('',(214.1625,59.625,1.));
#9689 = LINE('',#9690,#9691);
#9690 = CARTESIAN_POINT('',(214.1625,59.625,1.));
#9691 = VECTOR('',#9692,1.);
#9692 = DIRECTION('',(-0.,-0.,-1.));
#9693 = ORIENTED_EDGE('',*,*,#1933,.T.);
#9694 = ORIENTED_EDGE('',*,*,#9655,.F.);
#9695 = ORIENTED_EDGE('',*,*,#9696,.F.);
#9696 = EDGE_CURVE('',#9687,#9656,#9697,.T.);
#9697 = LINE('',#9698,#9699);
#9698 = CARTESIAN_POINT('',(214.1625,59.625,1.));
#9699 = VECTOR('',#9700,1.);
#9700 = DIRECTION('',(-1.,0.,0.));
#9701 = PLANE('',#9702);
#9702 = AXIS2_PLACEMENT_3D('',#9703,#9704,#9705);
#9703 = CARTESIAN_POINT('',(214.1625,59.625,1.));
#9704 = DIRECTION('',(0.,1.,0.));
#9705 = DIRECTION('',(-1.,0.,0.));
#9706 = ADVANCED_FACE('',(#9707),#9725,.F.);
#9707 = FACE_BOUND('',#9708,.F.);
#9708 = EDGE_LOOP('',(#9709,#9710,#9711,#9719));
#9709 = ORIENTED_EDGE('',*,*,#9664,.T.);
#9710 = ORIENTED_EDGE('',*,*,#1949,.T.);
#9711 = ORIENTED_EDGE('',*,*,#9712,.F.);
#9712 = EDGE_CURVE('',#9713,#1942,#9715,.T.);
#9713 = VERTEX_POINT('',#9714);
#9714 = CARTESIAN_POINT('',(214.1625,45.625,1.));
#9715 = LINE('',#9716,#9717);
#9716 = CARTESIAN_POINT('',(214.1625,45.625,1.));
#9717 = VECTOR('',#9718,1.);
#9718 = DIRECTION('',(-0.,-0.,-1.));
#9719 = ORIENTED_EDGE('',*,*,#9720,.F.);
#9720 = EDGE_CURVE('',#9665,#9713,#9721,.T.);
#9721 = LINE('',#9722,#9723);
#9722 = CARTESIAN_POINT('',(200.1625,45.625,1.));
#9723 = VECTOR('',#9724,1.);
#9724 = DIRECTION('',(1.,0.,0.));
#9725 = PLANE('',#9726);
#9726 = AXIS2_PLACEMENT_3D('',#9727,#9728,#9729);
#9727 = CARTESIAN_POINT('',(200.1625,45.625,1.));
#9728 = DIRECTION('',(0.,-1.,0.));
#9729 = DIRECTION('',(1.,0.,0.));
#9730 = ADVANCED_FACE('',(#9731),#9742,.F.);
#9731 = FACE_BOUND('',#9732,.F.);
#9732 = EDGE_LOOP('',(#9733,#9734,#9735,#9736));
#9733 = ORIENTED_EDGE('',*,*,#9712,.T.);
#9734 = ORIENTED_EDGE('',*,*,#1941,.T.);
#9735 = ORIENTED_EDGE('',*,*,#9686,.F.);
#9736 = ORIENTED_EDGE('',*,*,#9737,.F.);
#9737 = EDGE_CURVE('',#9713,#9687,#9738,.T.);
#9738 = LINE('',#9739,#9740);
#9739 = CARTESIAN_POINT('',(214.1625,45.625,1.));
#9740 = VECTOR('',#9741,1.);
#9741 = DIRECTION('',(0.,1.,0.));
#9742 = PLANE('',#9743);
#9743 = AXIS2_PLACEMENT_3D('',#9744,#9745,#9746);
#9744 = CARTESIAN_POINT('',(214.1625,45.625,1.));
#9745 = DIRECTION('',(1.,0.,0.));
#9746 = DIRECTION('',(0.,1.,0.));
#9747 = ADVANCED_FACE('',(#9748),#9773,.F.);
#9748 = FACE_BOUND('',#9749,.F.);
#9749 = EDGE_LOOP('',(#9750,#9758,#9759,#9767));
#9750 = ORIENTED_EDGE('',*,*,#9751,.T.);
#9751 = EDGE_CURVE('',#9752,#1958,#9754,.T.);
#9752 = VERTEX_POINT('',#9753);
#9753 = CARTESIAN_POINT('',(219.2125,59.625,1.));
#9754 = LINE('',#9755,#9756);
#9755 = CARTESIAN_POINT('',(219.2125,59.625,1.));
#9756 = VECTOR('',#9757,1.);
#9757 = DIRECTION('',(-0.,-0.,-1.));
#9758 = ORIENTED_EDGE('',*,*,#1957,.T.);
#9759 = ORIENTED_EDGE('',*,*,#9760,.F.);
#9760 = EDGE_CURVE('',#9761,#1960,#9763,.T.);
#9761 = VERTEX_POINT('',#9762);
#9762 = CARTESIAN_POINT('',(219.2125,45.625,1.));
#9763 = LINE('',#9764,#9765);
#9764 = CARTESIAN_POINT('',(219.2125,45.625,1.));
#9765 = VECTOR('',#9766,1.);
#9766 = DIRECTION('',(-0.,-0.,-1.));
#9767 = ORIENTED_EDGE('',*,*,#9768,.F.);
#9768 = EDGE_CURVE('',#9752,#9761,#9769,.T.);
#9769 = LINE('',#9770,#9771);
#9770 = CARTESIAN_POINT('',(219.2125,59.625,1.));
#9771 = VECTOR('',#9772,1.);
#9772 = DIRECTION('',(0.,-1.,0.));
#9773 = PLANE('',#9774);
#9774 = AXIS2_PLACEMENT_3D('',#9775,#9776,#9777);
#9775 = CARTESIAN_POINT('',(219.2125,59.625,1.));
#9776 = DIRECTION('',(-1.,0.,0.));
#9777 = DIRECTION('',(0.,-1.,0.));
#9778 = ADVANCED_FACE('',(#9779),#9797,.F.);
#9779 = FACE_BOUND('',#9780,.F.);
#9780 = EDGE_LOOP('',(#9781,#9789,#9790,#9791));
#9781 = ORIENTED_EDGE('',*,*,#9782,.T.);
#9782 = EDGE_CURVE('',#9783,#1968,#9785,.T.);
#9783 = VERTEX_POINT('',#9784);
#9784 = CARTESIAN_POINT('',(233.2125,59.625,1.));
#9785 = LINE('',#9786,#9787);
#9786 = CARTESIAN_POINT('',(233.2125,59.625,1.));
#9787 = VECTOR('',#9788,1.);
#9788 = DIRECTION('',(-0.,-0.,-1.));
#9789 = ORIENTED_EDGE('',*,*,#1967,.T.);
#9790 = ORIENTED_EDGE('',*,*,#9751,.F.);
#9791 = ORIENTED_EDGE('',*,*,#9792,.F.);
#9792 = EDGE_CURVE('',#9783,#9752,#9793,.T.);
#9793 = LINE('',#9794,#9795);
#9794 = CARTESIAN_POINT('',(233.2125,59.625,1.));
#9795 = VECTOR('',#9796,1.);
#9796 = DIRECTION('',(-1.,0.,0.));
#9797 = PLANE('',#9798);
#9798 = AXIS2_PLACEMENT_3D('',#9799,#9800,#9801);
#9799 = CARTESIAN_POINT('',(233.2125,59.625,1.));
#9800 = DIRECTION('',(0.,1.,0.));
#9801 = DIRECTION('',(-1.,0.,0.));
#9802 = ADVANCED_FACE('',(#9803),#9821,.F.);
#9803 = FACE_BOUND('',#9804,.F.);
#9804 = EDGE_LOOP('',(#9805,#9806,#9807,#9815));
#9805 = ORIENTED_EDGE('',*,*,#9760,.T.);
#9806 = ORIENTED_EDGE('',*,*,#1983,.T.);
#9807 = ORIENTED_EDGE('',*,*,#9808,.F.);
#9808 = EDGE_CURVE('',#9809,#1976,#9811,.T.);
#9809 = VERTEX_POINT('',#9810);
#9810 = CARTESIAN_POINT('',(233.2125,45.625,1.));
#9811 = LINE('',#9812,#9813);
#9812 = CARTESIAN_POINT('',(233.2125,45.625,1.));
#9813 = VECTOR('',#9814,1.);
#9814 = DIRECTION('',(-0.,-0.,-1.));
#9815 = ORIENTED_EDGE('',*,*,#9816,.F.);
#9816 = EDGE_CURVE('',#9761,#9809,#9817,.T.);
#9817 = LINE('',#9818,#9819);
#9818 = CARTESIAN_POINT('',(219.2125,45.625,1.));
#9819 = VECTOR('',#9820,1.);
#9820 = DIRECTION('',(1.,0.,0.));
#9821 = PLANE('',#9822);
#9822 = AXIS2_PLACEMENT_3D('',#9823,#9824,#9825);
#9823 = CARTESIAN_POINT('',(219.2125,45.625,1.));
#9824 = DIRECTION('',(0.,-1.,0.));
#9825 = DIRECTION('',(1.,0.,0.));
#9826 = ADVANCED_FACE('',(#9827),#9838,.F.);
#9827 = FACE_BOUND('',#9828,.F.);
#9828 = EDGE_LOOP('',(#9829,#9830,#9831,#9832));
#9829 = ORIENTED_EDGE('',*,*,#9808,.T.);
#9830 = ORIENTED_EDGE('',*,*,#1975,.T.);
#9831 = ORIENTED_EDGE('',*,*,#9782,.F.);
#9832 = ORIENTED_EDGE('',*,*,#9833,.F.);
#9833 = EDGE_CURVE('',#9809,#9783,#9834,.T.);
#9834 = LINE('',#9835,#9836);
#9835 = CARTESIAN_POINT('',(233.2125,45.625,1.));
#9836 = VECTOR('',#9837,1.);
#9837 = DIRECTION('',(0.,1.,0.));
#9838 = PLANE('',#9839);
#9839 = AXIS2_PLACEMENT_3D('',#9840,#9841,#9842);
#9840 = CARTESIAN_POINT('',(233.2125,45.625,1.));
#9841 = DIRECTION('',(1.,0.,0.));
#9842 = DIRECTION('',(0.,1.,0.));
#9843 = ADVANCED_FACE('',(#9844),#9869,.F.);
#9844 = FACE_BOUND('',#9845,.F.);
#9845 = EDGE_LOOP('',(#9846,#9854,#9855,#9863));
#9846 = ORIENTED_EDGE('',*,*,#9847,.T.);
#9847 = EDGE_CURVE('',#9848,#1992,#9850,.T.);
#9848 = VERTEX_POINT('',#9849);
#9849 = CARTESIAN_POINT('',(238.2625,59.625,1.));
#9850 = LINE('',#9851,#9852);
#9851 = CARTESIAN_POINT('',(238.2625,59.625,1.));
#9852 = VECTOR('',#9853,1.);
#9853 = DIRECTION('',(-0.,-0.,-1.));
#9854 = ORIENTED_EDGE('',*,*,#1991,.T.);
#9855 = ORIENTED_EDGE('',*,*,#9856,.F.);
#9856 = EDGE_CURVE('',#9857,#1994,#9859,.T.);
#9857 = VERTEX_POINT('',#9858);
#9858 = CARTESIAN_POINT('',(238.2625,45.625,1.));
#9859 = LINE('',#9860,#9861);
#9860 = CARTESIAN_POINT('',(238.2625,45.625,1.));
#9861 = VECTOR('',#9862,1.);
#9862 = DIRECTION('',(-0.,-0.,-1.));
#9863 = ORIENTED_EDGE('',*,*,#9864,.F.);
#9864 = EDGE_CURVE('',#9848,#9857,#9865,.T.);
#9865 = LINE('',#9866,#9867);
#9866 = CARTESIAN_POINT('',(238.2625,59.625,1.));
#9867 = VECTOR('',#9868,1.);
#9868 = DIRECTION('',(0.,-1.,0.));
#9869 = PLANE('',#9870);
#9870 = AXIS2_PLACEMENT_3D('',#9871,#9872,#9873);
#9871 = CARTESIAN_POINT('',(238.2625,59.625,1.));
#9872 = DIRECTION('',(-1.,0.,0.));
#9873 = DIRECTION('',(0.,-1.,0.));
#9874 = ADVANCED_FACE('',(#9875),#9893,.F.);
#9875 = FACE_BOUND('',#9876,.F.);
#9876 = EDGE_LOOP('',(#9877,#9885,#9886,#9887));
#9877 = ORIENTED_EDGE('',*,*,#9878,.T.);
#9878 = EDGE_CURVE('',#9879,#2002,#9881,.T.);
#9879 = VERTEX_POINT('',#9880);
#9880 = CARTESIAN_POINT('',(252.2625,59.625,1.));
#9881 = LINE('',#9882,#9883);
#9882 = CARTESIAN_POINT('',(252.2625,59.625,1.));
#9883 = VECTOR('',#9884,1.);
#9884 = DIRECTION('',(-0.,-0.,-1.));
#9885 = ORIENTED_EDGE('',*,*,#2001,.T.);
#9886 = ORIENTED_EDGE('',*,*,#9847,.F.);
#9887 = ORIENTED_EDGE('',*,*,#9888,.F.);
#9888 = EDGE_CURVE('',#9879,#9848,#9889,.T.);
#9889 = LINE('',#9890,#9891);
#9890 = CARTESIAN_POINT('',(252.2625,59.625,1.));
#9891 = VECTOR('',#9892,1.);
#9892 = DIRECTION('',(-1.,0.,0.));
#9893 = PLANE('',#9894);
#9894 = AXIS2_PLACEMENT_3D('',#9895,#9896,#9897);
#9895 = CARTESIAN_POINT('',(252.2625,59.625,1.));
#9896 = DIRECTION('',(0.,1.,0.));
#9897 = DIRECTION('',(-1.,0.,0.));
#9898 = ADVANCED_FACE('',(#9899),#9917,.F.);
#9899 = FACE_BOUND('',#9900,.F.);
#9900 = EDGE_LOOP('',(#9901,#9902,#9903,#9911));
#9901 = ORIENTED_EDGE('',*,*,#9856,.T.);
#9902 = ORIENTED_EDGE('',*,*,#2017,.T.);
#9903 = ORIENTED_EDGE('',*,*,#9904,.F.);
#9904 = EDGE_CURVE('',#9905,#2010,#9907,.T.);
#9905 = VERTEX_POINT('',#9906);
#9906 = CARTESIAN_POINT('',(252.2625,45.625,1.));
#9907 = LINE('',#9908,#9909);
#9908 = CARTESIAN_POINT('',(252.2625,45.625,1.));
#9909 = VECTOR('',#9910,1.);
#9910 = DIRECTION('',(-0.,-0.,-1.));
#9911 = ORIENTED_EDGE('',*,*,#9912,.F.);
#9912 = EDGE_CURVE('',#9857,#9905,#9913,.T.);
#9913 = LINE('',#9914,#9915);
#9914 = CARTESIAN_POINT('',(238.2625,45.625,1.));
#9915 = VECTOR('',#9916,1.);
#9916 = DIRECTION('',(1.,0.,0.));
#9917 = PLANE('',#9918);
#9918 = AXIS2_PLACEMENT_3D('',#9919,#9920,#9921);
#9919 = CARTESIAN_POINT('',(238.2625,45.625,1.));
#9920 = DIRECTION('',(0.,-1.,0.));
#9921 = DIRECTION('',(1.,0.,0.));
#9922 = ADVANCED_FACE('',(#9923),#9934,.F.);
#9923 = FACE_BOUND('',#9924,.F.);
#9924 = EDGE_LOOP('',(#9925,#9926,#9927,#9928));
#9925 = ORIENTED_EDGE('',*,*,#9904,.T.);
#9926 = ORIENTED_EDGE('',*,*,#2009,.T.);
#9927 = ORIENTED_EDGE('',*,*,#9878,.F.);
#9928 = ORIENTED_EDGE('',*,*,#9929,.F.);
#9929 = EDGE_CURVE('',#9905,#9879,#9930,.T.);
#9930 = LINE('',#9931,#9932);
#9931 = CARTESIAN_POINT('',(252.2625,45.625,1.));
#9932 = VECTOR('',#9933,1.);
#9933 = DIRECTION('',(0.,1.,0.));
#9934 = PLANE('',#9935);
#9935 = AXIS2_PLACEMENT_3D('',#9936,#9937,#9938);
#9936 = CARTESIAN_POINT('',(252.2625,45.625,1.));
#9937 = DIRECTION('',(1.,0.,0.));
#9938 = DIRECTION('',(0.,1.,0.));
#9939 = ADVANCED_FACE('',(#9940),#9965,.F.);
#9940 = FACE_BOUND('',#9941,.F.);
#9941 = EDGE_LOOP('',(#9942,#9950,#9951,#9959));
#9942 = ORIENTED_EDGE('',*,*,#9943,.T.);
#9943 = EDGE_CURVE('',#9944,#2026,#9946,.T.);
#9944 = VERTEX_POINT('',#9945);
#9945 = CARTESIAN_POINT('',(257.3125,59.625,1.));
#9946 = LINE('',#9947,#9948);
#9947 = CARTESIAN_POINT('',(257.3125,59.625,1.));
#9948 = VECTOR('',#9949,1.);
#9949 = DIRECTION('',(-0.,-0.,-1.));
#9950 = ORIENTED_EDGE('',*,*,#2025,.T.);
#9951 = ORIENTED_EDGE('',*,*,#9952,.F.);
#9952 = EDGE_CURVE('',#9953,#2028,#9955,.T.);
#9953 = VERTEX_POINT('',#9954);
#9954 = CARTESIAN_POINT('',(257.3125,45.625,1.));
#9955 = LINE('',#9956,#9957);
#9956 = CARTESIAN_POINT('',(257.3125,45.625,1.));
#9957 = VECTOR('',#9958,1.);
#9958 = DIRECTION('',(-0.,-0.,-1.));
#9959 = ORIENTED_EDGE('',*,*,#9960,.F.);
#9960 = EDGE_CURVE('',#9944,#9953,#9961,.T.);
#9961 = LINE('',#9962,#9963);
#9962 = CARTESIAN_POINT('',(257.3125,59.625,1.));
#9963 = VECTOR('',#9964,1.);
#9964 = DIRECTION('',(0.,-1.,0.));
#9965 = PLANE('',#9966);
#9966 = AXIS2_PLACEMENT_3D('',#9967,#9968,#9969);
#9967 = CARTESIAN_POINT('',(257.3125,59.625,1.));
#9968 = DIRECTION('',(-1.,0.,0.));
#9969 = DIRECTION('',(0.,-1.,0.));
#9970 = ADVANCED_FACE('',(#9971),#9989,.F.);
#9971 = FACE_BOUND('',#9972,.F.);
#9972 = EDGE_LOOP('',(#9973,#9981,#9982,#9983));
#9973 = ORIENTED_EDGE('',*,*,#9974,.T.);
#9974 = EDGE_CURVE('',#9975,#2036,#9977,.T.);
#9975 = VERTEX_POINT('',#9976);
#9976 = CARTESIAN_POINT('',(271.3125,59.625,1.));
#9977 = LINE('',#9978,#9979);
#9978 = CARTESIAN_POINT('',(271.3125,59.625,1.));
#9979 = VECTOR('',#9980,1.);
#9980 = DIRECTION('',(-0.,-0.,-1.));
#9981 = ORIENTED_EDGE('',*,*,#2035,.T.);
#9982 = ORIENTED_EDGE('',*,*,#9943,.F.);
#9983 = ORIENTED_EDGE('',*,*,#9984,.F.);
#9984 = EDGE_CURVE('',#9975,#9944,#9985,.T.);
#9985 = LINE('',#9986,#9987);
#9986 = CARTESIAN_POINT('',(271.3125,59.625,1.));
#9987 = VECTOR('',#9988,1.);
#9988 = DIRECTION('',(-1.,0.,0.));
#9989 = PLANE('',#9990);
#9990 = AXIS2_PLACEMENT_3D('',#9991,#9992,#9993);
#9991 = CARTESIAN_POINT('',(271.3125,59.625,1.));
#9992 = DIRECTION('',(0.,1.,0.));
#9993 = DIRECTION('',(-1.,0.,0.));
#9994 = ADVANCED_FACE('',(#9995),#10013,.F.);
#9995 = FACE_BOUND('',#9996,.F.);
#9996 = EDGE_LOOP('',(#9997,#9998,#9999,#10007));
#9997 = ORIENTED_EDGE('',*,*,#9952,.T.);
#9998 = ORIENTED_EDGE('',*,*,#2051,.T.);
#9999 = ORIENTED_EDGE('',*,*,#10000,.F.);
#10000 = EDGE_CURVE('',#10001,#2044,#10003,.T.);
#10001 = VERTEX_POINT('',#10002);
#10002 = CARTESIAN_POINT('',(271.3125,45.625,1.));
#10003 = LINE('',#10004,#10005);
#10004 = CARTESIAN_POINT('',(271.3125,45.625,1.));
#10005 = VECTOR('',#10006,1.);
#10006 = DIRECTION('',(-0.,-0.,-1.));
#10007 = ORIENTED_EDGE('',*,*,#10008,.F.);
#10008 = EDGE_CURVE('',#9953,#10001,#10009,.T.);
#10009 = LINE('',#10010,#10011);
#10010 = CARTESIAN_POINT('',(257.3125,45.625,1.));
#10011 = VECTOR('',#10012,1.);
#10012 = DIRECTION('',(1.,0.,0.));
#10013 = PLANE('',#10014);
#10014 = AXIS2_PLACEMENT_3D('',#10015,#10016,#10017);
#10015 = CARTESIAN_POINT('',(257.3125,45.625,1.));
#10016 = DIRECTION('',(0.,-1.,0.));
#10017 = DIRECTION('',(1.,0.,0.));
#10018 = ADVANCED_FACE('',(#10019),#10030,.F.);
#10019 = FACE_BOUND('',#10020,.F.);
#10020 = EDGE_LOOP('',(#10021,#10022,#10023,#10024));
#10021 = ORIENTED_EDGE('',*,*,#10000,.T.);
#10022 = ORIENTED_EDGE('',*,*,#2043,.T.);
#10023 = ORIENTED_EDGE('',*,*,#9974,.F.);
#10024 = ORIENTED_EDGE('',*,*,#10025,.F.);
#10025 = EDGE_CURVE('',#10001,#9975,#10026,.T.);
#10026 = LINE('',#10027,#10028);
#10027 = CARTESIAN_POINT('',(271.3125,45.625,1.));
#10028 = VECTOR('',#10029,1.);
#10029 = DIRECTION('',(0.,1.,0.));
#10030 = PLANE('',#10031);
#10031 = AXIS2_PLACEMENT_3D('',#10032,#10033,#10034);
#10032 = CARTESIAN_POINT('',(271.3125,45.625,1.));
#10033 = DIRECTION('',(1.,0.,0.));
#10034 = DIRECTION('',(0.,1.,0.));
#10035 = ADVANCED_FACE('',(#10036),#10061,.F.);
#10036 = FACE_BOUND('',#10037,.F.);
#10037 = EDGE_LOOP('',(#10038,#10046,#10047,#10055));
#10038 = ORIENTED_EDGE('',*,*,#10039,.T.);
#10039 = EDGE_CURVE('',#10040,#2060,#10042,.T.);
#10040 = VERTEX_POINT('',#10041);
#10041 = CARTESIAN_POINT('',(276.3625,59.625,1.));
#10042 = LINE('',#10043,#10044);
#10043 = CARTESIAN_POINT('',(276.3625,59.625,1.));
#10044 = VECTOR('',#10045,1.);
#10045 = DIRECTION('',(-0.,-0.,-1.));
#10046 = ORIENTED_EDGE('',*,*,#2059,.T.);
#10047 = ORIENTED_EDGE('',*,*,#10048,.F.);
#10048 = EDGE_CURVE('',#10049,#2062,#10051,.T.);
#10049 = VERTEX_POINT('',#10050);
#10050 = CARTESIAN_POINT('',(276.3625,45.625,1.));
#10051 = LINE('',#10052,#10053);
#10052 = CARTESIAN_POINT('',(276.3625,45.625,1.));
#10053 = VECTOR('',#10054,1.);
#10054 = DIRECTION('',(-0.,-0.,-1.));
#10055 = ORIENTED_EDGE('',*,*,#10056,.F.);
#10056 = EDGE_CURVE('',#10040,#10049,#10057,.T.);
#10057 = LINE('',#10058,#10059);
#10058 = CARTESIAN_POINT('',(276.3625,59.625,1.));
#10059 = VECTOR('',#10060,1.);
#10060 = DIRECTION('',(0.,-1.,0.));
#10061 = PLANE('',#10062);
#10062 = AXIS2_PLACEMENT_3D('',#10063,#10064,#10065);
#10063 = CARTESIAN_POINT('',(276.3625,59.625,1.));
#10064 = DIRECTION('',(-1.,0.,0.));
#10065 = DIRECTION('',(0.,-1.,0.));
#10066 = ADVANCED_FACE('',(#10067),#10085,.F.);
#10067 = FACE_BOUND('',#10068,.F.);
#10068 = EDGE_LOOP('',(#10069,#10077,#10078,#10079));
#10069 = ORIENTED_EDGE('',*,*,#10070,.T.);
#10070 = EDGE_CURVE('',#10071,#2070,#10073,.T.);
#10071 = VERTEX_POINT('',#10072);
#10072 = CARTESIAN_POINT('',(290.3625,59.625,1.));
#10073 = LINE('',#10074,#10075);
#10074 = CARTESIAN_POINT('',(290.3625,59.625,1.));
#10075 = VECTOR('',#10076,1.);
#10076 = DIRECTION('',(-0.,-0.,-1.));
#10077 = ORIENTED_EDGE('',*,*,#2069,.T.);
#10078 = ORIENTED_EDGE('',*,*,#10039,.F.);
#10079 = ORIENTED_EDGE('',*,*,#10080,.F.);
#10080 = EDGE_CURVE('',#10071,#10040,#10081,.T.);
#10081 = LINE('',#10082,#10083);
#10082 = CARTESIAN_POINT('',(290.3625,59.625,1.));
#10083 = VECTOR('',#10084,1.);
#10084 = DIRECTION('',(-1.,0.,0.));
#10085 = PLANE('',#10086);
#10086 = AXIS2_PLACEMENT_3D('',#10087,#10088,#10089);
#10087 = CARTESIAN_POINT('',(290.3625,59.625,1.));
#10088 = DIRECTION('',(0.,1.,0.));
#10089 = DIRECTION('',(-1.,0.,0.));
#10090 = ADVANCED_FACE('',(#10091),#10109,.F.);
#10091 = FACE_BOUND('',#10092,.F.);
#10092 = EDGE_LOOP('',(#10093,#10094,#10095,#10103));
#10093 = ORIENTED_EDGE('',*,*,#10048,.T.);
#10094 = ORIENTED_EDGE('',*,*,#2085,.T.);
#10095 = ORIENTED_EDGE('',*,*,#10096,.F.);
#10096 = EDGE_CURVE('',#10097,#2078,#10099,.T.);
#10097 = VERTEX_POINT('',#10098);
#10098 = CARTESIAN_POINT('',(290.3625,45.625,1.));
#10099 = LINE('',#10100,#10101);
#10100 = CARTESIAN_POINT('',(290.3625,45.625,1.));
#10101 = VECTOR('',#10102,1.);
#10102 = DIRECTION('',(-0.,-0.,-1.));
#10103 = ORIENTED_EDGE('',*,*,#10104,.F.);
#10104 = EDGE_CURVE('',#10049,#10097,#10105,.T.);
#10105 = LINE('',#10106,#10107);
#10106 = CARTESIAN_POINT('',(276.3625,45.625,1.));
#10107 = VECTOR('',#10108,1.);
#10108 = DIRECTION('',(1.,0.,0.));
#10109 = PLANE('',#10110);
#10110 = AXIS2_PLACEMENT_3D('',#10111,#10112,#10113);
#10111 = CARTESIAN_POINT('',(276.3625,45.625,1.));
#10112 = DIRECTION('',(0.,-1.,0.));
#10113 = DIRECTION('',(1.,0.,0.));
#10114 = ADVANCED_FACE('',(#10115),#10126,.F.);
#10115 = FACE_BOUND('',#10116,.F.);
#10116 = EDGE_LOOP('',(#10117,#10118,#10119,#10120));
#10117 = ORIENTED_EDGE('',*,*,#10096,.T.);
#10118 = ORIENTED_EDGE('',*,*,#2077,.T.);
#10119 = ORIENTED_EDGE('',*,*,#10070,.F.);
#10120 = ORIENTED_EDGE('',*,*,#10121,.F.);
#10121 = EDGE_CURVE('',#10097,#10071,#10122,.T.);
#10122 = LINE('',#10123,#10124);
#10123 = CARTESIAN_POINT('',(290.3625,45.625,1.));
#10124 = VECTOR('',#10125,1.);
#10125 = DIRECTION('',(0.,1.,0.));
#10126 = PLANE('',#10127);
#10127 = AXIS2_PLACEMENT_3D('',#10128,#10129,#10130);
#10128 = CARTESIAN_POINT('',(290.3625,45.625,1.));
#10129 = DIRECTION('',(1.,0.,0.));
#10130 = DIRECTION('',(0.,1.,0.));
#10131 = ADVANCED_FACE('',(#10132),#10157,.F.);
#10132 = FACE_BOUND('',#10133,.F.);
#10133 = EDGE_LOOP('',(#10134,#10142,#10143,#10151));
#10134 = ORIENTED_EDGE('',*,*,#10135,.T.);
#10135 = EDGE_CURVE('',#10136,#2094,#10138,.T.);
#10136 = VERTEX_POINT('',#10137);
#10137 = CARTESIAN_POINT('',(307.31875,59.625,1.));
#10138 = LINE('',#10139,#10140);
#10139 = CARTESIAN_POINT('',(307.31875,59.625,1.));
#10140 = VECTOR('',#10141,1.);
#10141 = DIRECTION('',(-0.,-0.,-1.));
#10142 = ORIENTED_EDGE('',*,*,#2093,.T.);
#10143 = ORIENTED_EDGE('',*,*,#10144,.F.);
#10144 = EDGE_CURVE('',#10145,#2096,#10147,.T.);
#10145 = VERTEX_POINT('',#10146);
#10146 = CARTESIAN_POINT('',(307.31875,54.925,1.));
#10147 = LINE('',#10148,#10149);
#10148 = CARTESIAN_POINT('',(307.31875,54.925,1.));
#10149 = VECTOR('',#10150,1.);
#10150 = DIRECTION('',(-0.,-0.,-1.));
#10151 = ORIENTED_EDGE('',*,*,#10152,.F.);
#10152 = EDGE_CURVE('',#10136,#10145,#10153,.T.);
#10153 = LINE('',#10154,#10155);
#10154 = CARTESIAN_POINT('',(307.31875,59.625,1.));
#10155 = VECTOR('',#10156,1.);
#10156 = DIRECTION('',(0.,-1.,0.));
#10157 = PLANE('',#10158);
#10158 = AXIS2_PLACEMENT_3D('',#10159,#10160,#10161);
#10159 = CARTESIAN_POINT('',(307.31875,59.625,1.));
#10160 = DIRECTION('',(-1.,0.,0.));
#10161 = DIRECTION('',(0.,-1.,0.));
#10162 = ADVANCED_FACE('',(#10163),#10181,.T.);
#10163 = FACE_BOUND('',#10164,.T.);
#10164 = EDGE_LOOP('',(#10165,#10166,#10167,#10175));
#10165 = ORIENTED_EDGE('',*,*,#10135,.T.);
#10166 = ORIENTED_EDGE('',*,*,#2103,.T.);
#10167 = ORIENTED_EDGE('',*,*,#10168,.F.);
#10168 = EDGE_CURVE('',#10169,#2104,#10171,.T.);
#10169 = VERTEX_POINT('',#10170);
#10170 = CARTESIAN_POINT('',(321.31875,59.625,1.));
#10171 = LINE('',#10172,#10173);
#10172 = CARTESIAN_POINT('',(321.31875,59.625,1.));
#10173 = VECTOR('',#10174,1.);
#10174 = DIRECTION('',(-0.,-0.,-1.));
#10175 = ORIENTED_EDGE('',*,*,#10176,.F.);
#10176 = EDGE_CURVE('',#10136,#10169,#10177,.T.);
#10177 = LINE('',#10178,#10179);
#10178 = CARTESIAN_POINT('',(307.31875,59.625,1.));
#10179 = VECTOR('',#10180,1.);
#10180 = DIRECTION('',(1.,0.,0.));
#10181 = PLANE('',#10182);
#10182 = AXIS2_PLACEMENT_3D('',#10183,#10184,#10185);
#10183 = CARTESIAN_POINT('',(307.31875,59.625,1.));
#10184 = DIRECTION('',(0.,-1.,0.));
#10185 = DIRECTION('',(1.,0.,0.));
#10186 = ADVANCED_FACE('',(#10187),#10205,.F.);
#10187 = FACE_BOUND('',#10188,.F.);
#10188 = EDGE_LOOP('',(#10189,#10190,#10191,#10199));
#10189 = ORIENTED_EDGE('',*,*,#10144,.T.);
#10190 = ORIENTED_EDGE('',*,*,#2375,.T.);
#10191 = ORIENTED_EDGE('',*,*,#10192,.F.);
#10192 = EDGE_CURVE('',#10193,#2368,#10195,.T.);
#10193 = VERTEX_POINT('',#10194);
#10194 = CARTESIAN_POINT('',(305.79375,54.925,1.));
#10195 = LINE('',#10196,#10197);
#10196 = CARTESIAN_POINT('',(305.79375,54.925,1.));
#10197 = VECTOR('',#10198,1.);
#10198 = DIRECTION('',(-0.,-0.,-1.));
#10199 = ORIENTED_EDGE('',*,*,#10200,.F.);
#10200 = EDGE_CURVE('',#10145,#10193,#10201,.T.);
#10201 = LINE('',#10202,#10203);
#10202 = CARTESIAN_POINT('',(307.31875,54.925,1.));
#10203 = VECTOR('',#10204,1.);
#10204 = DIRECTION('',(-1.,0.,0.));
#10205 = PLANE('',#10206);
#10206 = AXIS2_PLACEMENT_3D('',#10207,#10208,#10209);
#10207 = CARTESIAN_POINT('',(307.31875,54.925,1.));
#10208 = DIRECTION('',(0.,1.,0.));
#10209 = DIRECTION('',(-1.,0.,0.));
#10210 = ADVANCED_FACE('',(#10211),#10229,.T.);
#10211 = FACE_BOUND('',#10212,.T.);
#10212 = EDGE_LOOP('',(#10213,#10214,#10215,#10223));
#10213 = ORIENTED_EDGE('',*,*,#10168,.T.);
#10214 = ORIENTED_EDGE('',*,*,#2111,.T.);
#10215 = ORIENTED_EDGE('',*,*,#10216,.F.);
#10216 = EDGE_CURVE('',#10217,#2112,#10219,.T.);
#10217 = VERTEX_POINT('',#10218);
#10218 = CARTESIAN_POINT('',(321.31875,54.925,1.));
#10219 = LINE('',#10220,#10221);
#10220 = CARTESIAN_POINT('',(321.31875,54.925,1.));
#10221 = VECTOR('',#10222,1.);
#10222 = DIRECTION('',(-0.,-0.,-1.));
#10223 = ORIENTED_EDGE('',*,*,#10224,.F.);
#10224 = EDGE_CURVE('',#10169,#10217,#10225,.T.);
#10225 = LINE('',#10226,#10227);
#10226 = CARTESIAN_POINT('',(321.31875,59.625,1.));
#10227 = VECTOR('',#10228,1.);
#10228 = DIRECTION('',(0.,-1.,0.));
#10229 = PLANE('',#10230);
#10230 = AXIS2_PLACEMENT_3D('',#10231,#10232,#10233);
#10231 = CARTESIAN_POINT('',(321.31875,59.625,1.));
#10232 = DIRECTION('',(-1.,0.,0.));
#10233 = DIRECTION('',(0.,-1.,0.));
#10234 = ADVANCED_FACE('',(#10235),#10253,.F.);
#10235 = FACE_BOUND('',#10236,.F.);
#10236 = EDGE_LOOP('',(#10237,#10238,#10239,#10247));
#10237 = ORIENTED_EDGE('',*,*,#10192,.T.);
#10238 = ORIENTED_EDGE('',*,*,#2367,.T.);
#10239 = ORIENTED_EDGE('',*,*,#10240,.F.);
#10240 = EDGE_CURVE('',#10241,#2360,#10243,.T.);
#10241 = VERTEX_POINT('',#10242);
#10242 = CARTESIAN_POINT('',(305.79375,58.155,1.));
#10243 = LINE('',#10244,#10245);
#10244 = CARTESIAN_POINT('',(305.79375,58.155,1.));
#10245 = VECTOR('',#10246,1.);
#10246 = DIRECTION('',(-0.,-0.,-1.));
#10247 = ORIENTED_EDGE('',*,*,#10248,.F.);
#10248 = EDGE_CURVE('',#10193,#10241,#10249,.T.);
#10249 = LINE('',#10250,#10251);
#10250 = CARTESIAN_POINT('',(305.79375,54.925,1.));
#10251 = VECTOR('',#10252,1.);
#10252 = DIRECTION('',(0.,1.,0.));
#10253 = PLANE('',#10254);
#10254 = AXIS2_PLACEMENT_3D('',#10255,#10256,#10257);
#10255 = CARTESIAN_POINT('',(305.79375,54.925,1.));
#10256 = DIRECTION('',(1.,0.,0.));
#10257 = DIRECTION('',(0.,1.,0.));
#10258 = ADVANCED_FACE('',(#10259),#10277,.T.);
#10259 = FACE_BOUND('',#10260,.T.);
#10260 = EDGE_LOOP('',(#10261,#10262,#10263,#10271));
#10261 = ORIENTED_EDGE('',*,*,#10216,.T.);
#10262 = ORIENTED_EDGE('',*,*,#2119,.T.);
#10263 = ORIENTED_EDGE('',*,*,#10264,.F.);
#10264 = EDGE_CURVE('',#10265,#2120,#10267,.T.);
#10265 = VERTEX_POINT('',#10266);
#10266 = CARTESIAN_POINT('',(322.84375,54.925,1.));
#10267 = LINE('',#10268,#10269);
#10268 = CARTESIAN_POINT('',(322.84375,54.925,1.));
#10269 = VECTOR('',#10270,1.);
#10270 = DIRECTION('',(-0.,-0.,-1.));
#10271 = ORIENTED_EDGE('',*,*,#10272,.F.);
#10272 = EDGE_CURVE('',#10217,#10265,#10273,.T.);
#10273 = LINE('',#10274,#10275);
#10274 = CARTESIAN_POINT('',(321.31875,54.925,1.));
#10275 = VECTOR('',#10276,1.);
#10276 = DIRECTION('',(1.,0.,0.));
#10277 = PLANE('',#10278);
#10278 = AXIS2_PLACEMENT_3D('',#10279,#10280,#10281);
#10279 = CARTESIAN_POINT('',(321.31875,54.925,1.));
#10280 = DIRECTION('',(0.,-1.,0.));
#10281 = DIRECTION('',(1.,0.,0.));
#10282 = ADVANCED_FACE('',(#10283),#10301,.T.);
#10283 = FACE_BOUND('',#10284,.T.);
#10284 = EDGE_LOOP('',(#10285,#10293,#10294,#10295));
#10285 = ORIENTED_EDGE('',*,*,#10286,.T.);
#10286 = EDGE_CURVE('',#10287,#2352,#10289,.T.);
#10287 = VERTEX_POINT('',#10288);
#10288 = CARTESIAN_POINT('',(299.04375,58.155,1.));
#10289 = LINE('',#10290,#10291);
#10290 = CARTESIAN_POINT('',(299.04375,58.155,1.));
#10291 = VECTOR('',#10292,1.);
#10292 = DIRECTION('',(-0.,-0.,-1.));
#10293 = ORIENTED_EDGE('',*,*,#2359,.T.);
#10294 = ORIENTED_EDGE('',*,*,#10240,.F.);
#10295 = ORIENTED_EDGE('',*,*,#10296,.F.);
#10296 = EDGE_CURVE('',#10287,#10241,#10297,.T.);
#10297 = LINE('',#10298,#10299);
#10298 = CARTESIAN_POINT('',(299.04375,58.155,1.));
#10299 = VECTOR('',#10300,1.);
#10300 = DIRECTION('',(1.,0.,0.));
#10301 = PLANE('',#10302);
#10302 = AXIS2_PLACEMENT_3D('',#10303,#10304,#10305);
#10303 = CARTESIAN_POINT('',(299.04375,58.155,1.));
#10304 = DIRECTION('',(0.,-1.,0.));
#10305 = DIRECTION('',(1.,0.,0.));
#10306 = ADVANCED_FACE('',(#10307),#10325,.T.);
#10307 = FACE_BOUND('',#10308,.T.);
#10308 = EDGE_LOOP('',(#10309,#10310,#10311,#10319));
#10309 = ORIENTED_EDGE('',*,*,#10264,.T.);
#10310 = ORIENTED_EDGE('',*,*,#2127,.T.);
#10311 = ORIENTED_EDGE('',*,*,#10312,.F.);
#10312 = EDGE_CURVE('',#10313,#2128,#10315,.T.);
#10313 = VERTEX_POINT('',#10314);
#10314 = CARTESIAN_POINT('',(322.84375,58.155,1.));
#10315 = LINE('',#10316,#10317);
#10316 = CARTESIAN_POINT('',(322.84375,58.155,1.));
#10317 = VECTOR('',#10318,1.);
#10318 = DIRECTION('',(-0.,-0.,-1.));
#10319 = ORIENTED_EDGE('',*,*,#10320,.F.);
#10320 = EDGE_CURVE('',#10265,#10313,#10321,.T.);
#10321 = LINE('',#10322,#10323);
#10322 = CARTESIAN_POINT('',(322.84375,54.925,1.));
#10323 = VECTOR('',#10324,1.);
#10324 = DIRECTION('',(0.,1.,0.));
#10325 = PLANE('',#10326);
#10326 = AXIS2_PLACEMENT_3D('',#10327,#10328,#10329);
#10327 = CARTESIAN_POINT('',(322.84375,54.925,1.));
#10328 = DIRECTION('',(1.,0.,0.));
#10329 = DIRECTION('',(0.,1.,0.));
#10330 = ADVANCED_FACE('',(#10331),#10349,.F.);
#10331 = FACE_BOUND('',#10332,.F.);
#10332 = EDGE_LOOP('',(#10333,#10334,#10335,#10343));
#10333 = ORIENTED_EDGE('',*,*,#10286,.T.);
#10334 = ORIENTED_EDGE('',*,*,#2351,.T.);
#10335 = ORIENTED_EDGE('',*,*,#10336,.F.);
#10336 = EDGE_CURVE('',#10337,#2344,#10339,.T.);
#10337 = VERTEX_POINT('',#10338);
#10338 = CARTESIAN_POINT('',(299.04375,54.925,1.));
#10339 = LINE('',#10340,#10341);
#10340 = CARTESIAN_POINT('',(299.04375,54.925,1.));
#10341 = VECTOR('',#10342,1.);
#10342 = DIRECTION('',(-0.,-0.,-1.));
#10343 = ORIENTED_EDGE('',*,*,#10344,.F.);
#10344 = EDGE_CURVE('',#10287,#10337,#10345,.T.);
#10345 = LINE('',#10346,#10347);
#10346 = CARTESIAN_POINT('',(299.04375,58.155,1.));
#10347 = VECTOR('',#10348,1.);
#10348 = DIRECTION('',(0.,-1.,0.));
#10349 = PLANE('',#10350);
#10350 = AXIS2_PLACEMENT_3D('',#10351,#10352,#10353);
#10351 = CARTESIAN_POINT('',(299.04375,58.155,1.));
#10352 = DIRECTION('',(-1.,0.,0.));
#10353 = DIRECTION('',(0.,-1.,0.));
#10354 = ADVANCED_FACE('',(#10355),#10373,.T.);
#10355 = FACE_BOUND('',#10356,.T.);
#10356 = EDGE_LOOP('',(#10357,#10358,#10359,#10367));
#10357 = ORIENTED_EDGE('',*,*,#10312,.T.);
#10358 = ORIENTED_EDGE('',*,*,#2135,.T.);
#10359 = ORIENTED_EDGE('',*,*,#10360,.F.);
#10360 = EDGE_CURVE('',#10361,#2136,#10363,.T.);
#10361 = VERTEX_POINT('',#10362);
#10362 = CARTESIAN_POINT('',(329.59375,58.155,1.));
#10363 = LINE('',#10364,#10365);
#10364 = CARTESIAN_POINT('',(329.59375,58.155,1.));
#10365 = VECTOR('',#10366,1.);
#10366 = DIRECTION('',(-0.,-0.,-1.));
#10367 = ORIENTED_EDGE('',*,*,#10368,.F.);
#10368 = EDGE_CURVE('',#10313,#10361,#10369,.T.);
#10369 = LINE('',#10370,#10371);
#10370 = CARTESIAN_POINT('',(322.84375,58.155,1.));
#10371 = VECTOR('',#10372,1.);
#10372 = DIRECTION('',(1.,0.,0.));
#10373 = PLANE('',#10374);
#10374 = AXIS2_PLACEMENT_3D('',#10375,#10376,#10377);
#10375 = CARTESIAN_POINT('',(322.84375,58.155,1.));
#10376 = DIRECTION('',(0.,-1.,0.));
#10377 = DIRECTION('',(1.,0.,0.));
#10378 = ADVANCED_FACE('',(#10379),#10397,.F.);
#10379 = FACE_BOUND('',#10380,.F.);
#10380 = EDGE_LOOP('',(#10381,#10382,#10383,#10391));
#10381 = ORIENTED_EDGE('',*,*,#10336,.T.);
#10382 = ORIENTED_EDGE('',*,*,#2343,.T.);
#10383 = ORIENTED_EDGE('',*,*,#10384,.F.);
#10384 = EDGE_CURVE('',#10385,#2336,#10387,.T.);
#10385 = VERTEX_POINT('',#10386);
#10386 = CARTESIAN_POINT('',(298.21875,54.925,1.));
#10387 = LINE('',#10388,#10389);
#10388 = CARTESIAN_POINT('',(298.21875,54.925,1.));
#10389 = VECTOR('',#10390,1.);
#10390 = DIRECTION('',(-0.,-0.,-1.));
#10391 = ORIENTED_EDGE('',*,*,#10392,.F.);
#10392 = EDGE_CURVE('',#10337,#10385,#10393,.T.);
#10393 = LINE('',#10394,#10395);
#10394 = CARTESIAN_POINT('',(299.04375,54.925,1.));
#10395 = VECTOR('',#10396,1.);
#10396 = DIRECTION('',(-1.,0.,0.));
#10397 = PLANE('',#10398);
#10398 = AXIS2_PLACEMENT_3D('',#10399,#10400,#10401);
#10399 = CARTESIAN_POINT('',(299.04375,54.925,1.));
#10400 = DIRECTION('',(0.,1.,0.));
#10401 = DIRECTION('',(-1.,0.,0.));
#10402 = ADVANCED_FACE('',(#10403),#10421,.T.);
#10403 = FACE_BOUND('',#10404,.T.);
#10404 = EDGE_LOOP('',(#10405,#10406,#10407,#10415));
#10405 = ORIENTED_EDGE('',*,*,#10360,.T.);
#10406 = ORIENTED_EDGE('',*,*,#2143,.T.);
#10407 = ORIENTED_EDGE('',*,*,#10408,.F.);
#10408 = EDGE_CURVE('',#10409,#2144,#10411,.T.);
#10409 = VERTEX_POINT('',#10410);
#10410 = CARTESIAN_POINT('',(329.59375,54.925,1.));
#10411 = LINE('',#10412,#10413);
#10412 = CARTESIAN_POINT('',(329.59375,54.925,1.));
#10413 = VECTOR('',#10414,1.);
#10414 = DIRECTION('',(-0.,-0.,-1.));
#10415 = ORIENTED_EDGE('',*,*,#10416,.F.);
#10416 = EDGE_CURVE('',#10361,#10409,#10417,.T.);
#10417 = LINE('',#10418,#10419);
#10418 = CARTESIAN_POINT('',(329.59375,58.155,1.));
#10419 = VECTOR('',#10420,1.);
#10420 = DIRECTION('',(0.,-1.,0.));
#10421 = PLANE('',#10422);
#10422 = AXIS2_PLACEMENT_3D('',#10423,#10424,#10425);
#10423 = CARTESIAN_POINT('',(329.59375,58.155,1.));
#10424 = DIRECTION('',(-1.,0.,0.));
#10425 = DIRECTION('',(0.,-1.,0.));
#10426 = ADVANCED_FACE('',(#10427),#10445,.F.);
#10427 = FACE_BOUND('',#10428,.F.);
#10428 = EDGE_LOOP('',(#10429,#10430,#10431,#10439));
#10429 = ORIENTED_EDGE('',*,*,#10384,.T.);
#10430 = ORIENTED_EDGE('',*,*,#2335,.T.);
#10431 = ORIENTED_EDGE('',*,*,#10432,.F.);
#10432 = EDGE_CURVE('',#10433,#2328,#10435,.T.);
#10433 = VERTEX_POINT('',#10434);
#10434 = CARTESIAN_POINT('',(298.21875,52.125,1.));
#10435 = LINE('',#10436,#10437);
#10436 = CARTESIAN_POINT('',(298.21875,52.125,1.));
#10437 = VECTOR('',#10438,1.);
#10438 = DIRECTION('',(-0.,-0.,-1.));
#10439 = ORIENTED_EDGE('',*,*,#10440,.F.);
#10440 = EDGE_CURVE('',#10385,#10433,#10441,.T.);
#10441 = LINE('',#10442,#10443);
#10442 = CARTESIAN_POINT('',(298.21875,54.925,1.));
#10443 = VECTOR('',#10444,1.);
#10444 = DIRECTION('',(0.,-1.,0.));
#10445 = PLANE('',#10446);
#10446 = AXIS2_PLACEMENT_3D('',#10447,#10448,#10449);
#10447 = CARTESIAN_POINT('',(298.21875,54.925,1.));
#10448 = DIRECTION('',(-1.,0.,0.));
#10449 = DIRECTION('',(0.,-1.,0.));
#10450 = ADVANCED_FACE('',(#10451),#10469,.T.);
#10451 = FACE_BOUND('',#10452,.T.);
#10452 = EDGE_LOOP('',(#10453,#10454,#10455,#10463));
#10453 = ORIENTED_EDGE('',*,*,#10408,.T.);
#10454 = ORIENTED_EDGE('',*,*,#2151,.T.);
#10455 = ORIENTED_EDGE('',*,*,#10456,.F.);
#10456 = EDGE_CURVE('',#10457,#2152,#10459,.T.);
#10457 = VERTEX_POINT('',#10458);
#10458 = CARTESIAN_POINT('',(330.41875,54.925,1.));
#10459 = LINE('',#10460,#10461);
#10460 = CARTESIAN_POINT('',(330.41875,54.925,1.));
#10461 = VECTOR('',#10462,1.);
#10462 = DIRECTION('',(-0.,-0.,-1.));
#10463 = ORIENTED_EDGE('',*,*,#10464,.F.);
#10464 = EDGE_CURVE('',#10409,#10457,#10465,.T.);
#10465 = LINE('',#10466,#10467);
#10466 = CARTESIAN_POINT('',(329.59375,54.925,1.));
#10467 = VECTOR('',#10468,1.);
#10468 = DIRECTION('',(1.,0.,0.));
#10469 = PLANE('',#10470);
#10470 = AXIS2_PLACEMENT_3D('',#10471,#10472,#10473);
#10471 = CARTESIAN_POINT('',(329.59375,54.925,1.));
#10472 = DIRECTION('',(0.,-1.,0.));
#10473 = DIRECTION('',(1.,0.,0.));
#10474 = ADVANCED_FACE('',(#10475),#10493,.F.);
#10475 = FACE_BOUND('',#10476,.F.);
#10476 = EDGE_LOOP('',(#10477,#10478,#10479,#10487));
#10477 = ORIENTED_EDGE('',*,*,#10432,.T.);
#10478 = ORIENTED_EDGE('',*,*,#2327,.T.);
#10479 = ORIENTED_EDGE('',*,*,#10480,.F.);
#10480 = EDGE_CURVE('',#10481,#2320,#10483,.T.);
#10481 = VERTEX_POINT('',#10482);
#10482 = CARTESIAN_POINT('',(299.04375,52.125,1.));
#10483 = LINE('',#10484,#10485);
#10484 = CARTESIAN_POINT('',(299.04375,52.125,1.));
#10485 = VECTOR('',#10486,1.);
#10486 = DIRECTION('',(-0.,-0.,-1.));
#10487 = ORIENTED_EDGE('',*,*,#10488,.F.);
#10488 = EDGE_CURVE('',#10433,#10481,#10489,.T.);
#10489 = LINE('',#10490,#10491);
#10490 = CARTESIAN_POINT('',(298.21875,52.125,1.));
#10491 = VECTOR('',#10492,1.);
#10492 = DIRECTION('',(1.,0.,0.));
#10493 = PLANE('',#10494);
#10494 = AXIS2_PLACEMENT_3D('',#10495,#10496,#10497);
#10495 = CARTESIAN_POINT('',(298.21875,52.125,1.));
#10496 = DIRECTION('',(0.,-1.,0.));
#10497 = DIRECTION('',(1.,0.,0.));
#10498 = ADVANCED_FACE('',(#10499),#10517,.T.);
#10499 = FACE_BOUND('',#10500,.T.);
#10500 = EDGE_LOOP('',(#10501,#10502,#10503,#10511));
#10501 = ORIENTED_EDGE('',*,*,#10456,.T.);
#10502 = ORIENTED_EDGE('',*,*,#2159,.T.);
#10503 = ORIENTED_EDGE('',*,*,#10504,.F.);
#10504 = EDGE_CURVE('',#10505,#2160,#10507,.T.);
#10505 = VERTEX_POINT('',#10506);
#10506 = CARTESIAN_POINT('',(330.41875,52.125,1.));
#10507 = LINE('',#10508,#10509);
#10508 = CARTESIAN_POINT('',(330.41875,52.125,1.));
#10509 = VECTOR('',#10510,1.);
#10510 = DIRECTION('',(-0.,-0.,-1.));
#10511 = ORIENTED_EDGE('',*,*,#10512,.F.);
#10512 = EDGE_CURVE('',#10457,#10505,#10513,.T.);
#10513 = LINE('',#10514,#10515);
#10514 = CARTESIAN_POINT('',(330.41875,54.925,1.));
#10515 = VECTOR('',#10516,1.);
#10516 = DIRECTION('',(0.,-1.,0.));
#10517 = PLANE('',#10518);
#10518 = AXIS2_PLACEMENT_3D('',#10519,#10520,#10521);
#10519 = CARTESIAN_POINT('',(330.41875,54.925,1.));
#10520 = DIRECTION('',(-1.,0.,0.));
#10521 = DIRECTION('',(0.,-1.,0.));
#10522 = ADVANCED_FACE('',(#10523),#10541,.F.);
#10523 = FACE_BOUND('',#10524,.F.);
#10524 = EDGE_LOOP('',(#10525,#10526,#10527,#10535));
#10525 = ORIENTED_EDGE('',*,*,#10480,.T.);
#10526 = ORIENTED_EDGE('',*,*,#2319,.T.);
#10527 = ORIENTED_EDGE('',*,*,#10528,.F.);
#10528 = EDGE_CURVE('',#10529,#2312,#10531,.T.);
#10529 = VERTEX_POINT('',#10530);
#10530 = CARTESIAN_POINT('',(299.04375,45.855,1.));
#10531 = LINE('',#10532,#10533);
#10532 = CARTESIAN_POINT('',(299.04375,45.855,1.));
#10533 = VECTOR('',#10534,1.);
#10534 = DIRECTION('',(-0.,-0.,-1.));
#10535 = ORIENTED_EDGE('',*,*,#10536,.F.);
#10536 = EDGE_CURVE('',#10481,#10529,#10537,.T.);
#10537 = LINE('',#10538,#10539);
#10538 = CARTESIAN_POINT('',(299.04375,52.125,1.));
#10539 = VECTOR('',#10540,1.);
#10540 = DIRECTION('',(0.,-1.,0.));
#10541 = PLANE('',#10542);
#10542 = AXIS2_PLACEMENT_3D('',#10543,#10544,#10545);
#10543 = CARTESIAN_POINT('',(299.04375,52.125,1.));
#10544 = DIRECTION('',(-1.,0.,0.));
#10545 = DIRECTION('',(0.,-1.,0.));
#10546 = ADVANCED_FACE('',(#10547),#10565,.T.);
#10547 = FACE_BOUND('',#10548,.T.);
#10548 = EDGE_LOOP('',(#10549,#10550,#10551,#10559));
#10549 = ORIENTED_EDGE('',*,*,#10504,.T.);
#10550 = ORIENTED_EDGE('',*,*,#2167,.T.);
#10551 = ORIENTED_EDGE('',*,*,#10552,.F.);
#10552 = EDGE_CURVE('',#10553,#2168,#10555,.T.);
#10553 = VERTEX_POINT('',#10554);
#10554 = CARTESIAN_POINT('',(329.59375,52.125,1.));
#10555 = LINE('',#10556,#10557);
#10556 = CARTESIAN_POINT('',(329.59375,52.125,1.));
#10557 = VECTOR('',#10558,1.);
#10558 = DIRECTION('',(-0.,-0.,-1.));
#10559 = ORIENTED_EDGE('',*,*,#10560,.F.);
#10560 = EDGE_CURVE('',#10505,#10553,#10561,.T.);
#10561 = LINE('',#10562,#10563);
#10562 = CARTESIAN_POINT('',(330.41875,52.125,1.));
#10563 = VECTOR('',#10564,1.);
#10564 = DIRECTION('',(-1.,0.,0.));
#10565 = PLANE('',#10566);
#10566 = AXIS2_PLACEMENT_3D('',#10567,#10568,#10569);
#10567 = CARTESIAN_POINT('',(330.41875,52.125,1.));
#10568 = DIRECTION('',(0.,1.,0.));
#10569 = DIRECTION('',(-1.,0.,0.));
#10570 = ADVANCED_FACE('',(#10571),#10589,.F.);
#10571 = FACE_BOUND('',#10572,.F.);
#10572 = EDGE_LOOP('',(#10573,#10574,#10575,#10583));
#10573 = ORIENTED_EDGE('',*,*,#10528,.T.);
#10574 = ORIENTED_EDGE('',*,*,#2311,.T.);
#10575 = ORIENTED_EDGE('',*,*,#10576,.F.);
#10576 = EDGE_CURVE('',#10577,#2304,#10579,.T.);
#10577 = VERTEX_POINT('',#10578);
#10578 = CARTESIAN_POINT('',(300.76875,45.855,1.));
#10579 = LINE('',#10580,#10581);
#10580 = CARTESIAN_POINT('',(300.76875,45.855,1.));
#10581 = VECTOR('',#10582,1.);
#10582 = DIRECTION('',(-0.,-0.,-1.));
#10583 = ORIENTED_EDGE('',*,*,#10584,.F.);
#10584 = EDGE_CURVE('',#10529,#10577,#10585,.T.);
#10585 = LINE('',#10586,#10587);
#10586 = CARTESIAN_POINT('',(299.04375,45.855,1.));
#10587 = VECTOR('',#10588,1.);
#10588 = DIRECTION('',(1.,0.,0.));
#10589 = PLANE('',#10590);
#10590 = AXIS2_PLACEMENT_3D('',#10591,#10592,#10593);
#10591 = CARTESIAN_POINT('',(299.04375,45.855,1.));
#10592 = DIRECTION('',(0.,-1.,0.));
#10593 = DIRECTION('',(1.,0.,0.));
#10594 = ADVANCED_FACE('',(#10595),#10613,.T.);
#10595 = FACE_BOUND('',#10596,.T.);
#10596 = EDGE_LOOP('',(#10597,#10598,#10599,#10607));
#10597 = ORIENTED_EDGE('',*,*,#10552,.T.);
#10598 = ORIENTED_EDGE('',*,*,#2175,.T.);
#10599 = ORIENTED_EDGE('',*,*,#10600,.F.);
#10600 = EDGE_CURVE('',#10601,#2176,#10603,.T.);
#10601 = VERTEX_POINT('',#10602);
#10602 = CARTESIAN_POINT('',(329.59375,45.855,1.));
#10603 = LINE('',#10604,#10605);
#10604 = CARTESIAN_POINT('',(329.59375,45.855,1.));
#10605 = VECTOR('',#10606,1.);
#10606 = DIRECTION('',(-0.,-0.,-1.));
#10607 = ORIENTED_EDGE('',*,*,#10608,.F.);
#10608 = EDGE_CURVE('',#10553,#10601,#10609,.T.);
#10609 = LINE('',#10610,#10611);
#10610 = CARTESIAN_POINT('',(329.59375,52.125,1.));
#10611 = VECTOR('',#10612,1.);
#10612 = DIRECTION('',(0.,-1.,0.));
#10613 = PLANE('',#10614);
#10614 = AXIS2_PLACEMENT_3D('',#10615,#10616,#10617);
#10615 = CARTESIAN_POINT('',(329.59375,52.125,1.));
#10616 = DIRECTION('',(-1.,0.,0.));
#10617 = DIRECTION('',(0.,-1.,0.));
#10618 = ADVANCED_FACE('',(#10619),#10637,.F.);
#10619 = FACE_BOUND('',#10620,.F.);
#10620 = EDGE_LOOP('',(#10621,#10622,#10623,#10631));
#10621 = ORIENTED_EDGE('',*,*,#10576,.T.);
#10622 = ORIENTED_EDGE('',*,*,#2303,.T.);
#10623 = ORIENTED_EDGE('',*,*,#10624,.F.);
#10624 = EDGE_CURVE('',#10625,#2296,#10627,.T.);
#10625 = VERTEX_POINT('',#10626);
#10626 = CARTESIAN_POINT('',(300.76875,44.655,1.));
#10627 = LINE('',#10628,#10629);
#10628 = CARTESIAN_POINT('',(300.76875,44.655,1.));
#10629 = VECTOR('',#10630,1.);
#10630 = DIRECTION('',(-0.,-0.,-1.));
#10631 = ORIENTED_EDGE('',*,*,#10632,.F.);
#10632 = EDGE_CURVE('',#10577,#10625,#10633,.T.);
#10633 = LINE('',#10634,#10635);
#10634 = CARTESIAN_POINT('',(300.76875,45.855,1.));
#10635 = VECTOR('',#10636,1.);
#10636 = DIRECTION('',(0.,-1.,0.));
#10637 = PLANE('',#10638);
#10638 = AXIS2_PLACEMENT_3D('',#10639,#10640,#10641);
#10639 = CARTESIAN_POINT('',(300.76875,45.855,1.));
#10640 = DIRECTION('',(-1.,0.,0.));
#10641 = DIRECTION('',(0.,-1.,0.));
#10642 = ADVANCED_FACE('',(#10643),#10661,.T.);
#10643 = FACE_BOUND('',#10644,.T.);
#10644 = EDGE_LOOP('',(#10645,#10646,#10647,#10655));
#10645 = ORIENTED_EDGE('',*,*,#10600,.T.);
#10646 = ORIENTED_EDGE('',*,*,#2183,.T.);
#10647 = ORIENTED_EDGE('',*,*,#10648,.F.);
#10648 = EDGE_CURVE('',#10649,#2184,#10651,.T.);
#10649 = VERTEX_POINT('',#10650);
#10650 = CARTESIAN_POINT('',(327.86875,45.855,1.));
#10651 = LINE('',#10652,#10653);
#10652 = CARTESIAN_POINT('',(327.86875,45.855,1.));
#10653 = VECTOR('',#10654,1.);
#10654 = DIRECTION('',(-0.,-0.,-1.));
#10655 = ORIENTED_EDGE('',*,*,#10656,.F.);
#10656 = EDGE_CURVE('',#10601,#10649,#10657,.T.);
#10657 = LINE('',#10658,#10659);
#10658 = CARTESIAN_POINT('',(329.59375,45.855,1.));
#10659 = VECTOR('',#10660,1.);
#10660 = DIRECTION('',(-1.,0.,0.));
#10661 = PLANE('',#10662);
#10662 = AXIS2_PLACEMENT_3D('',#10663,#10664,#10665);
#10663 = CARTESIAN_POINT('',(329.59375,45.855,1.));
#10664 = DIRECTION('',(0.,1.,0.));
#10665 = DIRECTION('',(-1.,0.,0.));
#10666 = ADVANCED_FACE('',(#10667),#10685,.F.);
#10667 = FACE_BOUND('',#10668,.F.);
#10668 = EDGE_LOOP('',(#10669,#10670,#10671,#10679));
#10669 = ORIENTED_EDGE('',*,*,#10624,.T.);
#10670 = ORIENTED_EDGE('',*,*,#2295,.T.);
#10671 = ORIENTED_EDGE('',*,*,#10672,.F.);
#10672 = EDGE_CURVE('',#10673,#2288,#10675,.T.);
#10673 = VERTEX_POINT('',#10674);
#10674 = CARTESIAN_POINT('',(304.06875,44.655,1.));
#10675 = LINE('',#10676,#10677);
#10676 = CARTESIAN_POINT('',(304.06875,44.655,1.));
#10677 = VECTOR('',#10678,1.);
#10678 = DIRECTION('',(-0.,-0.,-1.));
#10679 = ORIENTED_EDGE('',*,*,#10680,.F.);
#10680 = EDGE_CURVE('',#10625,#10673,#10681,.T.);
#10681 = LINE('',#10682,#10683);
#10682 = CARTESIAN_POINT('',(300.76875,44.655,1.));
#10683 = VECTOR('',#10684,1.);
#10684 = DIRECTION('',(1.,0.,0.));
#10685 = PLANE('',#10686);
#10686 = AXIS2_PLACEMENT_3D('',#10687,#10688,#10689);
#10687 = CARTESIAN_POINT('',(300.76875,44.655,1.));
#10688 = DIRECTION('',(0.,-1.,0.));
#10689 = DIRECTION('',(1.,0.,0.));
#10690 = ADVANCED_FACE('',(#10691),#10709,.T.);
#10691 = FACE_BOUND('',#10692,.T.);
#10692 = EDGE_LOOP('',(#10693,#10694,#10695,#10703));
#10693 = ORIENTED_EDGE('',*,*,#10648,.T.);
#10694 = ORIENTED_EDGE('',*,*,#2191,.T.);
#10695 = ORIENTED_EDGE('',*,*,#10696,.F.);
#10696 = EDGE_CURVE('',#10697,#2192,#10699,.T.);
#10697 = VERTEX_POINT('',#10698);
#10698 = CARTESIAN_POINT('',(327.86875,44.655,1.));
#10699 = LINE('',#10700,#10701);
#10700 = CARTESIAN_POINT('',(327.86875,44.655,1.));
#10701 = VECTOR('',#10702,1.);
#10702 = DIRECTION('',(-0.,-0.,-1.));
#10703 = ORIENTED_EDGE('',*,*,#10704,.F.);
#10704 = EDGE_CURVE('',#10649,#10697,#10705,.T.);
#10705 = LINE('',#10706,#10707);
#10706 = CARTESIAN_POINT('',(327.86875,45.855,1.));
#10707 = VECTOR('',#10708,1.);
#10708 = DIRECTION('',(0.,-1.,0.));
#10709 = PLANE('',#10710);
#10710 = AXIS2_PLACEMENT_3D('',#10711,#10712,#10713);
#10711 = CARTESIAN_POINT('',(327.86875,45.855,1.));
#10712 = DIRECTION('',(-1.,0.,0.));
#10713 = DIRECTION('',(0.,-1.,0.));
#10714 = ADVANCED_FACE('',(#10715),#10733,.F.);
#10715 = FACE_BOUND('',#10716,.F.);
#10716 = EDGE_LOOP('',(#10717,#10718,#10719,#10727));
#10717 = ORIENTED_EDGE('',*,*,#10672,.T.);
#10718 = ORIENTED_EDGE('',*,*,#2287,.T.);
#10719 = ORIENTED_EDGE('',*,*,#10720,.F.);
#10720 = EDGE_CURVE('',#10721,#2280,#10723,.T.);
#10721 = VERTEX_POINT('',#10722);
#10722 = CARTESIAN_POINT('',(304.06875,45.855,1.));
#10723 = LINE('',#10724,#10725);
#10724 = CARTESIAN_POINT('',(304.06875,45.855,1.));
#10725 = VECTOR('',#10726,1.);
#10726 = DIRECTION('',(-0.,-0.,-1.));
#10727 = ORIENTED_EDGE('',*,*,#10728,.F.);
#10728 = EDGE_CURVE('',#10673,#10721,#10729,.T.);
#10729 = LINE('',#10730,#10731);
#10730 = CARTESIAN_POINT('',(304.06875,44.655,1.));
#10731 = VECTOR('',#10732,1.);
#10732 = DIRECTION('',(0.,1.,0.));
#10733 = PLANE('',#10734);
#10734 = AXIS2_PLACEMENT_3D('',#10735,#10736,#10737);
#10735 = CARTESIAN_POINT('',(304.06875,44.655,1.));
#10736 = DIRECTION('',(1.,0.,0.));
#10737 = DIRECTION('',(0.,1.,0.));
#10738 = ADVANCED_FACE('',(#10739),#10757,.T.);
#10739 = FACE_BOUND('',#10740,.T.);
#10740 = EDGE_LOOP('',(#10741,#10742,#10743,#10751));
#10741 = ORIENTED_EDGE('',*,*,#10696,.T.);
#10742 = ORIENTED_EDGE('',*,*,#2199,.T.);
#10743 = ORIENTED_EDGE('',*,*,#10744,.F.);
#10744 = EDGE_CURVE('',#10745,#2200,#10747,.T.);
#10745 = VERTEX_POINT('',#10746);
#10746 = CARTESIAN_POINT('',(324.56875,44.655,1.));
#10747 = LINE('',#10748,#10749);
#10748 = CARTESIAN_POINT('',(324.56875,44.655,1.));
#10749 = VECTOR('',#10750,1.);
#10750 = DIRECTION('',(-0.,-0.,-1.));
#10751 = ORIENTED_EDGE('',*,*,#10752,.F.);
#10752 = EDGE_CURVE('',#10697,#10745,#10753,.T.);
#10753 = LINE('',#10754,#10755);
#10754 = CARTESIAN_POINT('',(327.86875,44.655,1.));
#10755 = VECTOR('',#10756,1.);
#10756 = DIRECTION('',(-1.,0.,0.));
#10757 = PLANE('',#10758);
#10758 = AXIS2_PLACEMENT_3D('',#10759,#10760,#10761);
#10759 = CARTESIAN_POINT('',(327.86875,44.655,1.));
#10760 = DIRECTION('',(0.,1.,0.));
#10761 = DIRECTION('',(-1.,0.,0.));
#10762 = ADVANCED_FACE('',(#10763),#10781,.F.);
#10763 = FACE_BOUND('',#10764,.F.);
#10764 = EDGE_LOOP('',(#10765,#10766,#10767,#10775));
#10765 = ORIENTED_EDGE('',*,*,#10720,.T.);
#10766 = ORIENTED_EDGE('',*,*,#2279,.T.);
#10767 = ORIENTED_EDGE('',*,*,#10768,.F.);
#10768 = EDGE_CURVE('',#10769,#2272,#10771,.T.);
#10769 = VERTEX_POINT('',#10770);
#10770 = CARTESIAN_POINT('',(305.79375,45.855,1.));
#10771 = LINE('',#10772,#10773);
#10772 = CARTESIAN_POINT('',(305.79375,45.855,1.));
#10773 = VECTOR('',#10774,1.);
#10774 = DIRECTION('',(-0.,-0.,-1.));
#10775 = ORIENTED_EDGE('',*,*,#10776,.F.);
#10776 = EDGE_CURVE('',#10721,#10769,#10777,.T.);
#10777 = LINE('',#10778,#10779);
#10778 = CARTESIAN_POINT('',(304.06875,45.855,1.));
#10779 = VECTOR('',#10780,1.);
#10780 = DIRECTION('',(1.,0.,0.));
#10781 = PLANE('',#10782);
#10782 = AXIS2_PLACEMENT_3D('',#10783,#10784,#10785);
#10783 = CARTESIAN_POINT('',(304.06875,45.855,1.));
#10784 = DIRECTION('',(0.,-1.,0.));
#10785 = DIRECTION('',(1.,0.,0.));
#10786 = ADVANCED_FACE('',(#10787),#10805,.T.);
#10787 = FACE_BOUND('',#10788,.T.);
#10788 = EDGE_LOOP('',(#10789,#10790,#10791,#10799));
#10789 = ORIENTED_EDGE('',*,*,#10744,.T.);
#10790 = ORIENTED_EDGE('',*,*,#2207,.T.);
#10791 = ORIENTED_EDGE('',*,*,#10792,.F.);
#10792 = EDGE_CURVE('',#10793,#2208,#10795,.T.);
#10793 = VERTEX_POINT('',#10794);
#10794 = CARTESIAN_POINT('',(324.56875,45.855,1.));
#10795 = LINE('',#10796,#10797);
#10796 = CARTESIAN_POINT('',(324.56875,45.855,1.));
#10797 = VECTOR('',#10798,1.);
#10798 = DIRECTION('',(-0.,-0.,-1.));
#10799 = ORIENTED_EDGE('',*,*,#10800,.F.);
#10800 = EDGE_CURVE('',#10745,#10793,#10801,.T.);
#10801 = LINE('',#10802,#10803);
#10802 = CARTESIAN_POINT('',(324.56875,44.655,1.));
#10803 = VECTOR('',#10804,1.);
#10804 = DIRECTION('',(0.,1.,0.));
#10805 = PLANE('',#10806);
#10806 = AXIS2_PLACEMENT_3D('',#10807,#10808,#10809);
#10807 = CARTESIAN_POINT('',(324.56875,44.655,1.));
#10808 = DIRECTION('',(1.,0.,0.));
#10809 = DIRECTION('',(0.,1.,0.));
#10810 = ADVANCED_FACE('',(#10811),#10829,.F.);
#10811 = FACE_BOUND('',#10812,.F.);
#10812 = EDGE_LOOP('',(#10813,#10814,#10815,#10823));
#10813 = ORIENTED_EDGE('',*,*,#10768,.T.);
#10814 = ORIENTED_EDGE('',*,*,#2271,.T.);
#10815 = ORIENTED_EDGE('',*,*,#10816,.F.);
#10816 = EDGE_CURVE('',#10817,#2264,#10819,.T.);
#10817 = VERTEX_POINT('',#10818);
#10818 = CARTESIAN_POINT('',(305.79375,50.325,1.));
#10819 = LINE('',#10820,#10821);
#10820 = CARTESIAN_POINT('',(305.79375,50.325,1.));
#10821 = VECTOR('',#10822,1.);
#10822 = DIRECTION('',(-0.,-0.,-1.));
#10823 = ORIENTED_EDGE('',*,*,#10824,.F.);
#10824 = EDGE_CURVE('',#10769,#10817,#10825,.T.);
#10825 = LINE('',#10826,#10827);
#10826 = CARTESIAN_POINT('',(305.79375,45.855,1.));
#10827 = VECTOR('',#10828,1.);
#10828 = DIRECTION('',(0.,1.,0.));
#10829 = PLANE('',#10830);
#10830 = AXIS2_PLACEMENT_3D('',#10831,#10832,#10833);
#10831 = CARTESIAN_POINT('',(305.79375,45.855,1.));
#10832 = DIRECTION('',(1.,0.,0.));
#10833 = DIRECTION('',(0.,1.,0.));
#10834 = ADVANCED_FACE('',(#10835),#10853,.T.);
#10835 = FACE_BOUND('',#10836,.T.);
#10836 = EDGE_LOOP('',(#10837,#10838,#10839,#10847));
#10837 = ORIENTED_EDGE('',*,*,#10792,.T.);
#10838 = ORIENTED_EDGE('',*,*,#2215,.T.);
#10839 = ORIENTED_EDGE('',*,*,#10840,.F.);
#10840 = EDGE_CURVE('',#10841,#2216,#10843,.T.);
#10841 = VERTEX_POINT('',#10842);
#10842 = CARTESIAN_POINT('',(322.84375,45.855,1.));
#10843 = LINE('',#10844,#10845);
#10844 = CARTESIAN_POINT('',(322.84375,45.855,1.));
#10845 = VECTOR('',#10846,1.);
#10846 = DIRECTION('',(-0.,-0.,-1.));
#10847 = ORIENTED_EDGE('',*,*,#10848,.F.);
#10848 = EDGE_CURVE('',#10793,#10841,#10849,.T.);
#10849 = LINE('',#10850,#10851);
#10850 = CARTESIAN_POINT('',(324.56875,45.855,1.));
#10851 = VECTOR('',#10852,1.);
#10852 = DIRECTION('',(-1.,0.,0.));
#10853 = PLANE('',#10854);
#10854 = AXIS2_PLACEMENT_3D('',#10855,#10856,#10857);
#10855 = CARTESIAN_POINT('',(324.56875,45.855,1.));
#10856 = DIRECTION('',(0.,1.,0.));
#10857 = DIRECTION('',(-1.,0.,0.));
#10858 = ADVANCED_FACE('',(#10859),#10877,.F.);
#10859 = FACE_BOUND('',#10860,.F.);
#10860 = EDGE_LOOP('',(#10861,#10862,#10863,#10871));
#10861 = ORIENTED_EDGE('',*,*,#10816,.T.);
#10862 = ORIENTED_EDGE('',*,*,#2263,.T.);
#10863 = ORIENTED_EDGE('',*,*,#10864,.F.);
#10864 = EDGE_CURVE('',#10865,#2256,#10867,.T.);
#10865 = VERTEX_POINT('',#10866);
#10866 = CARTESIAN_POINT('',(307.31875,50.325,1.));
#10867 = LINE('',#10868,#10869);
#10868 = CARTESIAN_POINT('',(307.31875,50.325,1.));
#10869 = VECTOR('',#10870,1.);
#10870 = DIRECTION('',(-0.,-0.,-1.));
#10871 = ORIENTED_EDGE('',*,*,#10872,.F.);
#10872 = EDGE_CURVE('',#10817,#10865,#10873,.T.);
#10873 = LINE('',#10874,#10875);
#10874 = CARTESIAN_POINT('',(305.79375,50.325,1.));
#10875 = VECTOR('',#10876,1.);
#10876 = DIRECTION('',(1.,0.,0.));
#10877 = PLANE('',#10878);
#10878 = AXIS2_PLACEMENT_3D('',#10879,#10880,#10881);
#10879 = CARTESIAN_POINT('',(305.79375,50.325,1.));
#10880 = DIRECTION('',(0.,-1.,0.));
#10881 = DIRECTION('',(1.,0.,0.));
#10882 = ADVANCED_FACE('',(#10883),#10901,.T.);
#10883 = FACE_BOUND('',#10884,.T.);
#10884 = EDGE_LOOP('',(#10885,#10886,#10887,#10895));
#10885 = ORIENTED_EDGE('',*,*,#10840,.T.);
#10886 = ORIENTED_EDGE('',*,*,#2223,.T.);
#10887 = ORIENTED_EDGE('',*,*,#10888,.F.);
#10888 = EDGE_CURVE('',#10889,#2224,#10891,.T.);
#10889 = VERTEX_POINT('',#10890);
#10890 = CARTESIAN_POINT('',(322.84375,50.325,1.));
#10891 = LINE('',#10892,#10893);
#10892 = CARTESIAN_POINT('',(322.84375,50.325,1.));
#10893 = VECTOR('',#10894,1.);
#10894 = DIRECTION('',(-0.,-0.,-1.));
#10895 = ORIENTED_EDGE('',*,*,#10896,.F.);
#10896 = EDGE_CURVE('',#10841,#10889,#10897,.T.);
#10897 = LINE('',#10898,#10899);
#10898 = CARTESIAN_POINT('',(322.84375,45.855,1.));
#10899 = VECTOR('',#10900,1.);
#10900 = DIRECTION('',(0.,1.,0.));
#10901 = PLANE('',#10902);
#10902 = AXIS2_PLACEMENT_3D('',#10903,#10904,#10905);
#10903 = CARTESIAN_POINT('',(322.84375,45.855,1.));
#10904 = DIRECTION('',(1.,0.,0.));
#10905 = DIRECTION('',(0.,1.,0.));
#10906 = ADVANCED_FACE('',(#10907),#10925,.T.);
#10907 = FACE_BOUND('',#10908,.T.);
#10908 = EDGE_LOOP('',(#10909,#10917,#10918,#10919));
#10909 = ORIENTED_EDGE('',*,*,#10910,.T.);
#10910 = EDGE_CURVE('',#10911,#2248,#10913,.T.);
#10911 = VERTEX_POINT('',#10912);
#10912 = CARTESIAN_POINT('',(307.31875,45.625,1.));
#10913 = LINE('',#10914,#10915);
#10914 = CARTESIAN_POINT('',(307.31875,45.625,1.));
#10915 = VECTOR('',#10916,1.);
#10916 = DIRECTION('',(-0.,-0.,-1.));
#10917 = ORIENTED_EDGE('',*,*,#2255,.T.);
#10918 = ORIENTED_EDGE('',*,*,#10864,.F.);
#10919 = ORIENTED_EDGE('',*,*,#10920,.F.);
#10920 = EDGE_CURVE('',#10911,#10865,#10921,.T.);
#10921 = LINE('',#10922,#10923);
#10922 = CARTESIAN_POINT('',(307.31875,45.625,1.));
#10923 = VECTOR('',#10924,1.);
#10924 = DIRECTION('',(0.,1.,0.));
#10925 = PLANE('',#10926);
#10926 = AXIS2_PLACEMENT_3D('',#10927,#10928,#10929);
#10927 = CARTESIAN_POINT('',(307.31875,45.625,1.));
#10928 = DIRECTION('',(1.,0.,0.));
#10929 = DIRECTION('',(0.,1.,0.));
#10930 = ADVANCED_FACE('',(#10931),#10949,.T.);
#10931 = FACE_BOUND('',#10932,.T.);
#10932 = EDGE_LOOP('',(#10933,#10934,#10935,#10943));
#10933 = ORIENTED_EDGE('',*,*,#10888,.T.);
#10934 = ORIENTED_EDGE('',*,*,#2231,.T.);
#10935 = ORIENTED_EDGE('',*,*,#10936,.F.);
#10936 = EDGE_CURVE('',#10937,#2232,#10939,.T.);
#10937 = VERTEX_POINT('',#10938);
#10938 = CARTESIAN_POINT('',(321.31875,50.325,1.));
#10939 = LINE('',#10940,#10941);
#10940 = CARTESIAN_POINT('',(321.31875,50.325,1.));
#10941 = VECTOR('',#10942,1.);
#10942 = DIRECTION('',(-0.,-0.,-1.));
#10943 = ORIENTED_EDGE('',*,*,#10944,.F.);
#10944 = EDGE_CURVE('',#10889,#10937,#10945,.T.);
#10945 = LINE('',#10946,#10947);
#10946 = CARTESIAN_POINT('',(322.84375,50.325,1.));
#10947 = VECTOR('',#10948,1.);
#10948 = DIRECTION('',(-1.,0.,0.));
#10949 = PLANE('',#10950);
#10950 = AXIS2_PLACEMENT_3D('',#10951,#10952,#10953);
#10951 = CARTESIAN_POINT('',(322.84375,50.325,1.));
#10952 = DIRECTION('',(0.,1.,0.));
#10953 = DIRECTION('',(-1.,0.,0.));
#10954 = ADVANCED_FACE('',(#10955),#10973,.T.);
#10955 = FACE_BOUND('',#10956,.T.);
#10956 = EDGE_LOOP('',(#10957,#10965,#10966,#10967));
#10957 = ORIENTED_EDGE('',*,*,#10958,.T.);
#10958 = EDGE_CURVE('',#10959,#2240,#10961,.T.);
#10959 = VERTEX_POINT('',#10960);
#10960 = CARTESIAN_POINT('',(321.31875,45.625,1.));
#10961 = LINE('',#10962,#10963);
#10962 = CARTESIAN_POINT('',(321.31875,45.625,1.));
#10963 = VECTOR('',#10964,1.);
#10964 = DIRECTION('',(-0.,-0.,-1.));
#10965 = ORIENTED_EDGE('',*,*,#2247,.T.);
#10966 = ORIENTED_EDGE('',*,*,#10910,.F.);
#10967 = ORIENTED_EDGE('',*,*,#10968,.F.);
#10968 = EDGE_CURVE('',#10959,#10911,#10969,.T.);
#10969 = LINE('',#10970,#10971);
#10970 = CARTESIAN_POINT('',(321.31875,45.625,1.));
#10971 = VECTOR('',#10972,1.);
#10972 = DIRECTION('',(-1.,0.,0.));
#10973 = PLANE('',#10974);
#10974 = AXIS2_PLACEMENT_3D('',#10975,#10976,#10977);
#10975 = CARTESIAN_POINT('',(321.31875,45.625,1.));
#10976 = DIRECTION('',(0.,1.,0.));
#10977 = DIRECTION('',(-1.,0.,0.));
#10978 = ADVANCED_FACE('',(#10979),#10990,.T.);
#10979 = FACE_BOUND('',#10980,.T.);
#10980 = EDGE_LOOP('',(#10981,#10982,#10983,#10984));
#10981 = ORIENTED_EDGE('',*,*,#10936,.T.);
#10982 = ORIENTED_EDGE('',*,*,#2239,.T.);
#10983 = ORIENTED_EDGE('',*,*,#10958,.F.);
#10984 = ORIENTED_EDGE('',*,*,#10985,.F.);
#10985 = EDGE_CURVE('',#10937,#10959,#10986,.T.);
#10986 = LINE('',#10987,#10988);
#10987 = CARTESIAN_POINT('',(321.31875,50.325,1.));
#10988 = VECTOR('',#10989,1.);
#10989 = DIRECTION('',(0.,-1.,0.));
#10990 = PLANE('',#10991);
#10991 = AXIS2_PLACEMENT_3D('',#10992,#10993,#10994);
#10992 = CARTESIAN_POINT('',(321.31875,50.325,1.));
#10993 = DIRECTION('',(-1.,0.,0.));
#10994 = DIRECTION('',(0.,-1.,0.));
#10995 = ADVANCED_FACE('',(#10996),#11021,.F.);
#10996 = FACE_BOUND('',#10997,.F.);
#10997 = EDGE_LOOP('',(#10998,#11006,#11007,#11015));
#10998 = ORIENTED_EDGE('',*,*,#10999,.T.);
#10999 = EDGE_CURVE('',#11000,#2384,#11002,.T.);
#11000 = VERTEX_POINT('',#11001);
#11001 = CARTESIAN_POINT('',(57.2875,78.675,1.));
#11002 = LINE('',#11003,#11004);
#11003 = CARTESIAN_POINT('',(57.2875,78.675,1.));
#11004 = VECTOR('',#11005,1.);
#11005 = DIRECTION('',(-0.,-0.,-1.));
#11006 = ORIENTED_EDGE('',*,*,#2383,.T.);
#11007 = ORIENTED_EDGE('',*,*,#11008,.F.);
#11008 = EDGE_CURVE('',#11009,#2386,#11011,.T.);
#11009 = VERTEX_POINT('',#11010);
#11010 = CARTESIAN_POINT('',(57.2875,64.675,1.));
#11011 = LINE('',#11012,#11013);
#11012 = CARTESIAN_POINT('',(57.2875,64.675,1.));
#11013 = VECTOR('',#11014,1.);
#11014 = DIRECTION('',(-0.,-0.,-1.));
#11015 = ORIENTED_EDGE('',*,*,#11016,.F.);
#11016 = EDGE_CURVE('',#11000,#11009,#11017,.T.);
#11017 = LINE('',#11018,#11019);
#11018 = CARTESIAN_POINT('',(57.2875,78.675,1.));
#11019 = VECTOR('',#11020,1.);
#11020 = DIRECTION('',(0.,-1.,0.));
#11021 = PLANE('',#11022);
#11022 = AXIS2_PLACEMENT_3D('',#11023,#11024,#11025);
#11023 = CARTESIAN_POINT('',(57.2875,78.675,1.));
#11024 = DIRECTION('',(-1.,0.,0.));
#11025 = DIRECTION('',(0.,-1.,0.));
#11026 = ADVANCED_FACE('',(#11027),#11045,.F.);
#11027 = FACE_BOUND('',#11028,.F.);
#11028 = EDGE_LOOP('',(#11029,#11037,#11038,#11039));
#11029 = ORIENTED_EDGE('',*,*,#11030,.T.);
#11030 = EDGE_CURVE('',#11031,#2394,#11033,.T.);
#11031 = VERTEX_POINT('',#11032);
#11032 = CARTESIAN_POINT('',(71.2875,78.675,1.));
#11033 = LINE('',#11034,#11035);
#11034 = CARTESIAN_POINT('',(71.2875,78.675,1.));
#11035 = VECTOR('',#11036,1.);
#11036 = DIRECTION('',(-0.,-0.,-1.));
#11037 = ORIENTED_EDGE('',*,*,#2393,.T.);
#11038 = ORIENTED_EDGE('',*,*,#10999,.F.);
#11039 = ORIENTED_EDGE('',*,*,#11040,.F.);
#11040 = EDGE_CURVE('',#11031,#11000,#11041,.T.);
#11041 = LINE('',#11042,#11043);
#11042 = CARTESIAN_POINT('',(71.2875,78.675,1.));
#11043 = VECTOR('',#11044,1.);
#11044 = DIRECTION('',(-1.,0.,0.));
#11045 = PLANE('',#11046);
#11046 = AXIS2_PLACEMENT_3D('',#11047,#11048,#11049);
#11047 = CARTESIAN_POINT('',(71.2875,78.675,1.));
#11048 = DIRECTION('',(0.,1.,0.));
#11049 = DIRECTION('',(-1.,0.,0.));
#11050 = ADVANCED_FACE('',(#11051),#11069,.F.);
#11051 = FACE_BOUND('',#11052,.F.);
#11052 = EDGE_LOOP('',(#11053,#11054,#11055,#11063));
#11053 = ORIENTED_EDGE('',*,*,#11008,.T.);
#11054 = ORIENTED_EDGE('',*,*,#2409,.T.);
#11055 = ORIENTED_EDGE('',*,*,#11056,.F.);
#11056 = EDGE_CURVE('',#11057,#2402,#11059,.T.);
#11057 = VERTEX_POINT('',#11058);
#11058 = CARTESIAN_POINT('',(71.2875,64.675,1.));
#11059 = LINE('',#11060,#11061);
#11060 = CARTESIAN_POINT('',(71.2875,64.675,1.));
#11061 = VECTOR('',#11062,1.);
#11062 = DIRECTION('',(-0.,-0.,-1.));
#11063 = ORIENTED_EDGE('',*,*,#11064,.F.);
#11064 = EDGE_CURVE('',#11009,#11057,#11065,.T.);
#11065 = LINE('',#11066,#11067);
#11066 = CARTESIAN_POINT('',(57.2875,64.675,1.));
#11067 = VECTOR('',#11068,1.);
#11068 = DIRECTION('',(1.,0.,0.));
#11069 = PLANE('',#11070);
#11070 = AXIS2_PLACEMENT_3D('',#11071,#11072,#11073);
#11071 = CARTESIAN_POINT('',(57.2875,64.675,1.));
#11072 = DIRECTION('',(0.,-1.,0.));
#11073 = DIRECTION('',(1.,0.,0.));
#11074 = ADVANCED_FACE('',(#11075),#11086,.F.);
#11075 = FACE_BOUND('',#11076,.F.);
#11076 = EDGE_LOOP('',(#11077,#11078,#11079,#11080));
#11077 = ORIENTED_EDGE('',*,*,#11056,.T.);
#11078 = ORIENTED_EDGE('',*,*,#2401,.T.);
#11079 = ORIENTED_EDGE('',*,*,#11030,.F.);
#11080 = ORIENTED_EDGE('',*,*,#11081,.F.);
#11081 = EDGE_CURVE('',#11057,#11031,#11082,.T.);
#11082 = LINE('',#11083,#11084);
#11083 = CARTESIAN_POINT('',(71.2875,64.675,1.));
#11084 = VECTOR('',#11085,1.);
#11085 = DIRECTION('',(0.,1.,0.));
#11086 = PLANE('',#11087);
#11087 = AXIS2_PLACEMENT_3D('',#11088,#11089,#11090);
#11088 = CARTESIAN_POINT('',(71.2875,64.675,1.));
#11089 = DIRECTION('',(1.,0.,0.));
#11090 = DIRECTION('',(0.,1.,0.));
#11091 = ADVANCED_FACE('',(#11092),#11117,.F.);
#11092 = FACE_BOUND('',#11093,.F.);
#11093 = EDGE_LOOP('',(#11094,#11102,#11103,#11111));
#11094 = ORIENTED_EDGE('',*,*,#11095,.T.);
#11095 = EDGE_CURVE('',#11096,#2418,#11098,.T.);
#11096 = VERTEX_POINT('',#11097);
#11097 = CARTESIAN_POINT('',(81.1,78.675,1.));
#11098 = LINE('',#11099,#11100);
#11099 = CARTESIAN_POINT('',(81.1,78.675,1.));
#11100 = VECTOR('',#11101,1.);
#11101 = DIRECTION('',(-0.,-0.,-1.));
#11102 = ORIENTED_EDGE('',*,*,#2417,.T.);
#11103 = ORIENTED_EDGE('',*,*,#11104,.F.);
#11104 = EDGE_CURVE('',#11105,#2420,#11107,.T.);
#11105 = VERTEX_POINT('',#11106);
#11106 = CARTESIAN_POINT('',(81.1,64.675,1.));
#11107 = LINE('',#11108,#11109);
#11108 = CARTESIAN_POINT('',(81.1,64.675,1.));
#11109 = VECTOR('',#11110,1.);
#11110 = DIRECTION('',(-0.,-0.,-1.));
#11111 = ORIENTED_EDGE('',*,*,#11112,.F.);
#11112 = EDGE_CURVE('',#11096,#11105,#11113,.T.);
#11113 = LINE('',#11114,#11115);
#11114 = CARTESIAN_POINT('',(81.1,78.675,1.));
#11115 = VECTOR('',#11116,1.);
#11116 = DIRECTION('',(0.,-1.,0.));
#11117 = PLANE('',#11118);
#11118 = AXIS2_PLACEMENT_3D('',#11119,#11120,#11121);
#11119 = CARTESIAN_POINT('',(81.1,78.675,1.));
#11120 = DIRECTION('',(-1.,0.,0.));
#11121 = DIRECTION('',(0.,-1.,0.));
#11122 = ADVANCED_FACE('',(#11123),#11141,.F.);
#11123 = FACE_BOUND('',#11124,.F.);
#11124 = EDGE_LOOP('',(#11125,#11133,#11134,#11135));
#11125 = ORIENTED_EDGE('',*,*,#11126,.T.);
#11126 = EDGE_CURVE('',#11127,#2428,#11129,.T.);
#11127 = VERTEX_POINT('',#11128);
#11128 = CARTESIAN_POINT('',(95.1,78.675,1.));
#11129 = LINE('',#11130,#11131);
#11130 = CARTESIAN_POINT('',(95.1,78.675,1.));
#11131 = VECTOR('',#11132,1.);
#11132 = DIRECTION('',(-0.,-0.,-1.));
#11133 = ORIENTED_EDGE('',*,*,#2427,.T.);
#11134 = ORIENTED_EDGE('',*,*,#11095,.F.);
#11135 = ORIENTED_EDGE('',*,*,#11136,.F.);
#11136 = EDGE_CURVE('',#11127,#11096,#11137,.T.);
#11137 = LINE('',#11138,#11139);
#11138 = CARTESIAN_POINT('',(95.1,78.675,1.));
#11139 = VECTOR('',#11140,1.);
#11140 = DIRECTION('',(-1.,0.,0.));
#11141 = PLANE('',#11142);
#11142 = AXIS2_PLACEMENT_3D('',#11143,#11144,#11145);
#11143 = CARTESIAN_POINT('',(95.1,78.675,1.));
#11144 = DIRECTION('',(0.,1.,0.));
#11145 = DIRECTION('',(-1.,0.,0.));
#11146 = ADVANCED_FACE('',(#11147),#11165,.F.);
#11147 = FACE_BOUND('',#11148,.F.);
#11148 = EDGE_LOOP('',(#11149,#11150,#11151,#11159));
#11149 = ORIENTED_EDGE('',*,*,#11104,.T.);
#11150 = ORIENTED_EDGE('',*,*,#2443,.T.);
#11151 = ORIENTED_EDGE('',*,*,#11152,.F.);
#11152 = EDGE_CURVE('',#11153,#2436,#11155,.T.);
#11153 = VERTEX_POINT('',#11154);
#11154 = CARTESIAN_POINT('',(95.1,64.675,1.));
#11155 = LINE('',#11156,#11157);
#11156 = CARTESIAN_POINT('',(95.1,64.675,1.));
#11157 = VECTOR('',#11158,1.);
#11158 = DIRECTION('',(-0.,-0.,-1.));
#11159 = ORIENTED_EDGE('',*,*,#11160,.F.);
#11160 = EDGE_CURVE('',#11105,#11153,#11161,.T.);
#11161 = LINE('',#11162,#11163);
#11162 = CARTESIAN_POINT('',(81.1,64.675,1.));
#11163 = VECTOR('',#11164,1.);
#11164 = DIRECTION('',(1.,0.,0.));
#11165 = PLANE('',#11166);
#11166 = AXIS2_PLACEMENT_3D('',#11167,#11168,#11169);
#11167 = CARTESIAN_POINT('',(81.1,64.675,1.));
#11168 = DIRECTION('',(0.,-1.,0.));
#11169 = DIRECTION('',(1.,0.,0.));
#11170 = ADVANCED_FACE('',(#11171),#11182,.F.);
#11171 = FACE_BOUND('',#11172,.F.);
#11172 = EDGE_LOOP('',(#11173,#11174,#11175,#11176));
#11173 = ORIENTED_EDGE('',*,*,#11152,.T.);
#11174 = ORIENTED_EDGE('',*,*,#2435,.T.);
#11175 = ORIENTED_EDGE('',*,*,#11126,.F.);
#11176 = ORIENTED_EDGE('',*,*,#11177,.F.);
#11177 = EDGE_CURVE('',#11153,#11127,#11178,.T.);
#11178 = LINE('',#11179,#11180);
#11179 = CARTESIAN_POINT('',(95.1,64.675,1.));
#11180 = VECTOR('',#11181,1.);
#11181 = DIRECTION('',(0.,1.,0.));
#11182 = PLANE('',#11183);
#11183 = AXIS2_PLACEMENT_3D('',#11184,#11185,#11186);
#11184 = CARTESIAN_POINT('',(95.1,64.675,1.));
#11185 = DIRECTION('',(1.,0.,0.));
#11186 = DIRECTION('',(0.,1.,0.));
#11187 = ADVANCED_FACE('',(#11188),#11213,.F.);
#11188 = FACE_BOUND('',#11189,.F.);
#11189 = EDGE_LOOP('',(#11190,#11198,#11199,#11207));
#11190 = ORIENTED_EDGE('',*,*,#11191,.T.);
#11191 = EDGE_CURVE('',#11192,#2452,#11194,.T.);
#11192 = VERTEX_POINT('',#11193);
#11193 = CARTESIAN_POINT('',(52.525,97.725,1.));
#11194 = LINE('',#11195,#11196);
#11195 = CARTESIAN_POINT('',(52.525,97.725,1.));
#11196 = VECTOR('',#11197,1.);
#11197 = DIRECTION('',(-0.,-0.,-1.));
#11198 = ORIENTED_EDGE('',*,*,#2451,.T.);
#11199 = ORIENTED_EDGE('',*,*,#11200,.F.);
#11200 = EDGE_CURVE('',#11201,#2454,#11203,.T.);
#11201 = VERTEX_POINT('',#11202);
#11202 = CARTESIAN_POINT('',(52.525,83.725,1.));
#11203 = LINE('',#11204,#11205);
#11204 = CARTESIAN_POINT('',(52.525,83.725,1.));
#11205 = VECTOR('',#11206,1.);
#11206 = DIRECTION('',(-0.,-0.,-1.));
#11207 = ORIENTED_EDGE('',*,*,#11208,.F.);
#11208 = EDGE_CURVE('',#11192,#11201,#11209,.T.);
#11209 = LINE('',#11210,#11211);
#11210 = CARTESIAN_POINT('',(52.525,97.725,1.));
#11211 = VECTOR('',#11212,1.);
#11212 = DIRECTION('',(0.,-1.,0.));
#11213 = PLANE('',#11214);
#11214 = AXIS2_PLACEMENT_3D('',#11215,#11216,#11217);
#11215 = CARTESIAN_POINT('',(52.525,97.725,1.));
#11216 = DIRECTION('',(-1.,0.,0.));
#11217 = DIRECTION('',(0.,-1.,0.));
#11218 = ADVANCED_FACE('',(#11219),#11237,.F.);
#11219 = FACE_BOUND('',#11220,.F.);
#11220 = EDGE_LOOP('',(#11221,#11229,#11230,#11231));
#11221 = ORIENTED_EDGE('',*,*,#11222,.T.);
#11222 = EDGE_CURVE('',#11223,#2462,#11225,.T.);
#11223 = VERTEX_POINT('',#11224);
#11224 = CARTESIAN_POINT('',(66.525,97.725,1.));
#11225 = LINE('',#11226,#11227);
#11226 = CARTESIAN_POINT('',(66.525,97.725,1.));
#11227 = VECTOR('',#11228,1.);
#11228 = DIRECTION('',(-0.,-0.,-1.));
#11229 = ORIENTED_EDGE('',*,*,#2461,.T.);
#11230 = ORIENTED_EDGE('',*,*,#11191,.F.);
#11231 = ORIENTED_EDGE('',*,*,#11232,.F.);
#11232 = EDGE_CURVE('',#11223,#11192,#11233,.T.);
#11233 = LINE('',#11234,#11235);
#11234 = CARTESIAN_POINT('',(66.525,97.725,1.));
#11235 = VECTOR('',#11236,1.);
#11236 = DIRECTION('',(-1.,0.,0.));
#11237 = PLANE('',#11238);
#11238 = AXIS2_PLACEMENT_3D('',#11239,#11240,#11241);
#11239 = CARTESIAN_POINT('',(66.525,97.725,1.));
#11240 = DIRECTION('',(0.,1.,0.));
#11241 = DIRECTION('',(-1.,0.,0.));
#11242 = ADVANCED_FACE('',(#11243),#11261,.F.);
#11243 = FACE_BOUND('',#11244,.F.);
#11244 = EDGE_LOOP('',(#11245,#11246,#11247,#11255));
#11245 = ORIENTED_EDGE('',*,*,#11200,.T.);
#11246 = ORIENTED_EDGE('',*,*,#2477,.T.);
#11247 = ORIENTED_EDGE('',*,*,#11248,.F.);
#11248 = EDGE_CURVE('',#11249,#2470,#11251,.T.);
#11249 = VERTEX_POINT('',#11250);
#11250 = CARTESIAN_POINT('',(66.525,83.725,1.));
#11251 = LINE('',#11252,#11253);
#11252 = CARTESIAN_POINT('',(66.525,83.725,1.));
#11253 = VECTOR('',#11254,1.);
#11254 = DIRECTION('',(-0.,-0.,-1.));
#11255 = ORIENTED_EDGE('',*,*,#11256,.F.);
#11256 = EDGE_CURVE('',#11201,#11249,#11257,.T.);
#11257 = LINE('',#11258,#11259);
#11258 = CARTESIAN_POINT('',(52.525,83.725,1.));
#11259 = VECTOR('',#11260,1.);
#11260 = DIRECTION('',(1.,0.,0.));
#11261 = PLANE('',#11262);
#11262 = AXIS2_PLACEMENT_3D('',#11263,#11264,#11265);
#11263 = CARTESIAN_POINT('',(52.525,83.725,1.));
#11264 = DIRECTION('',(0.,-1.,0.));
#11265 = DIRECTION('',(1.,0.,0.));
#11266 = ADVANCED_FACE('',(#11267),#11278,.F.);
#11267 = FACE_BOUND('',#11268,.F.);
#11268 = EDGE_LOOP('',(#11269,#11270,#11271,#11272));
#11269 = ORIENTED_EDGE('',*,*,#11248,.T.);
#11270 = ORIENTED_EDGE('',*,*,#2469,.T.);
#11271 = ORIENTED_EDGE('',*,*,#11222,.F.);
#11272 = ORIENTED_EDGE('',*,*,#11273,.F.);
#11273 = EDGE_CURVE('',#11249,#11223,#11274,.T.);
#11274 = LINE('',#11275,#11276);
#11275 = CARTESIAN_POINT('',(66.525,83.725,1.));
#11276 = VECTOR('',#11277,1.);
#11277 = DIRECTION('',(0.,1.,0.));
#11278 = PLANE('',#11279);
#11279 = AXIS2_PLACEMENT_3D('',#11280,#11281,#11282);
#11280 = CARTESIAN_POINT('',(66.525,83.725,1.));
#11281 = DIRECTION('',(1.,0.,0.));
#11282 = DIRECTION('',(0.,1.,0.));
#11283 = ADVANCED_FACE('',(#11284),#11309,.F.);
#11284 = FACE_BOUND('',#11285,.F.);
#11285 = EDGE_LOOP('',(#11286,#11294,#11295,#11303));
#11286 = ORIENTED_EDGE('',*,*,#11287,.T.);
#11287 = EDGE_CURVE('',#11288,#2486,#11290,.T.);
#11288 = VERTEX_POINT('',#11289);
#11289 = CARTESIAN_POINT('',(71.575,97.725,1.));
#11290 = LINE('',#11291,#11292);
#11291 = CARTESIAN_POINT('',(71.575,97.725,1.));
#11292 = VECTOR('',#11293,1.);
#11293 = DIRECTION('',(-0.,-0.,-1.));
#11294 = ORIENTED_EDGE('',*,*,#2485,.T.);
#11295 = ORIENTED_EDGE('',*,*,#11296,.F.);
#11296 = EDGE_CURVE('',#11297,#2488,#11299,.T.);
#11297 = VERTEX_POINT('',#11298);
#11298 = CARTESIAN_POINT('',(71.575,83.725,1.));
#11299 = LINE('',#11300,#11301);
#11300 = CARTESIAN_POINT('',(71.575,83.725,1.));
#11301 = VECTOR('',#11302,1.);
#11302 = DIRECTION('',(-0.,-0.,-1.));
#11303 = ORIENTED_EDGE('',*,*,#11304,.F.);
#11304 = EDGE_CURVE('',#11288,#11297,#11305,.T.);
#11305 = LINE('',#11306,#11307);
#11306 = CARTESIAN_POINT('',(71.575,97.725,1.));
#11307 = VECTOR('',#11308,1.);
#11308 = DIRECTION('',(0.,-1.,0.));
#11309 = PLANE('',#11310);
#11310 = AXIS2_PLACEMENT_3D('',#11311,#11312,#11313);
#11311 = CARTESIAN_POINT('',(71.575,97.725,1.));
#11312 = DIRECTION('',(-1.,0.,0.));
#11313 = DIRECTION('',(0.,-1.,0.));
#11314 = ADVANCED_FACE('',(#11315),#11333,.F.);
#11315 = FACE_BOUND('',#11316,.F.);
#11316 = EDGE_LOOP('',(#11317,#11325,#11326,#11327));
#11317 = ORIENTED_EDGE('',*,*,#11318,.T.);
#11318 = EDGE_CURVE('',#11319,#2496,#11321,.T.);
#11319 = VERTEX_POINT('',#11320);
#11320 = CARTESIAN_POINT('',(85.575,97.725,1.));
#11321 = LINE('',#11322,#11323);
#11322 = CARTESIAN_POINT('',(85.575,97.725,1.));
#11323 = VECTOR('',#11324,1.);
#11324 = DIRECTION('',(-0.,-0.,-1.));
#11325 = ORIENTED_EDGE('',*,*,#2495,.T.);
#11326 = ORIENTED_EDGE('',*,*,#11287,.F.);
#11327 = ORIENTED_EDGE('',*,*,#11328,.F.);
#11328 = EDGE_CURVE('',#11319,#11288,#11329,.T.);
#11329 = LINE('',#11330,#11331);
#11330 = CARTESIAN_POINT('',(85.575,97.725,1.));
#11331 = VECTOR('',#11332,1.);
#11332 = DIRECTION('',(-1.,0.,0.));
#11333 = PLANE('',#11334);
#11334 = AXIS2_PLACEMENT_3D('',#11335,#11336,#11337);
#11335 = CARTESIAN_POINT('',(85.575,97.725,1.));
#11336 = DIRECTION('',(0.,1.,0.));
#11337 = DIRECTION('',(-1.,0.,0.));
#11338 = ADVANCED_FACE('',(#11339),#11357,.F.);
#11339 = FACE_BOUND('',#11340,.F.);
#11340 = EDGE_LOOP('',(#11341,#11342,#11343,#11351));
#11341 = ORIENTED_EDGE('',*,*,#11296,.T.);
#11342 = ORIENTED_EDGE('',*,*,#2511,.T.);
#11343 = ORIENTED_EDGE('',*,*,#11344,.F.);
#11344 = EDGE_CURVE('',#11345,#2504,#11347,.T.);
#11345 = VERTEX_POINT('',#11346);
#11346 = CARTESIAN_POINT('',(85.575,83.725,1.));
#11347 = LINE('',#11348,#11349);
#11348 = CARTESIAN_POINT('',(85.575,83.725,1.));
#11349 = VECTOR('',#11350,1.);
#11350 = DIRECTION('',(-0.,-0.,-1.));
#11351 = ORIENTED_EDGE('',*,*,#11352,.F.);
#11352 = EDGE_CURVE('',#11297,#11345,#11353,.T.);
#11353 = LINE('',#11354,#11355);
#11354 = CARTESIAN_POINT('',(71.575,83.725,1.));
#11355 = VECTOR('',#11356,1.);
#11356 = DIRECTION('',(1.,0.,0.));
#11357 = PLANE('',#11358);
#11358 = AXIS2_PLACEMENT_3D('',#11359,#11360,#11361);
#11359 = CARTESIAN_POINT('',(71.575,83.725,1.));
#11360 = DIRECTION('',(0.,-1.,0.));
#11361 = DIRECTION('',(1.,0.,0.));
#11362 = ADVANCED_FACE('',(#11363),#11374,.F.);
#11363 = FACE_BOUND('',#11364,.F.);
#11364 = EDGE_LOOP('',(#11365,#11366,#11367,#11368));
#11365 = ORIENTED_EDGE('',*,*,#11344,.T.);
#11366 = ORIENTED_EDGE('',*,*,#2503,.T.);
#11367 = ORIENTED_EDGE('',*,*,#11318,.F.);
#11368 = ORIENTED_EDGE('',*,*,#11369,.F.);
#11369 = EDGE_CURVE('',#11345,#11319,#11370,.T.);
#11370 = LINE('',#11371,#11372);
#11371 = CARTESIAN_POINT('',(85.575,83.725,1.));
#11372 = VECTOR('',#11373,1.);
#11373 = DIRECTION('',(0.,1.,0.));
#11374 = PLANE('',#11375);
#11375 = AXIS2_PLACEMENT_3D('',#11376,#11377,#11378);
#11376 = CARTESIAN_POINT('',(85.575,83.725,1.));
#11377 = DIRECTION('',(1.,0.,0.));
#11378 = DIRECTION('',(0.,1.,0.));
#11379 = ADVANCED_FACE('',(#11380),#11405,.F.);
#11380 = FACE_BOUND('',#11381,.F.);
#11381 = EDGE_LOOP('',(#11382,#11390,#11391,#11399));
#11382 = ORIENTED_EDGE('',*,*,#11383,.T.);
#11383 = EDGE_CURVE('',#11384,#2520,#11386,.T.);
#11384 = VERTEX_POINT('',#11385);
#11385 = CARTESIAN_POINT('',(100.15,78.675,1.));
#11386 = LINE('',#11387,#11388);
#11387 = CARTESIAN_POINT('',(100.15,78.675,1.));
#11388 = VECTOR('',#11389,1.);
#11389 = DIRECTION('',(-0.,-0.,-1.));
#11390 = ORIENTED_EDGE('',*,*,#2519,.T.);
#11391 = ORIENTED_EDGE('',*,*,#11392,.F.);
#11392 = EDGE_CURVE('',#11393,#2522,#11395,.T.);
#11393 = VERTEX_POINT('',#11394);
#11394 = CARTESIAN_POINT('',(100.15,64.675,1.));
#11395 = LINE('',#11396,#11397);
#11396 = CARTESIAN_POINT('',(100.15,64.675,1.));
#11397 = VECTOR('',#11398,1.);
#11398 = DIRECTION('',(-0.,-0.,-1.));
#11399 = ORIENTED_EDGE('',*,*,#11400,.F.);
#11400 = EDGE_CURVE('',#11384,#11393,#11401,.T.);
#11401 = LINE('',#11402,#11403);
#11402 = CARTESIAN_POINT('',(100.15,78.675,1.));
#11403 = VECTOR('',#11404,1.);
#11404 = DIRECTION('',(0.,-1.,0.));
#11405 = PLANE('',#11406);
#11406 = AXIS2_PLACEMENT_3D('',#11407,#11408,#11409);
#11407 = CARTESIAN_POINT('',(100.15,78.675,1.));
#11408 = DIRECTION('',(-1.,0.,0.));
#11409 = DIRECTION('',(0.,-1.,0.));
#11410 = ADVANCED_FACE('',(#11411),#11429,.F.);
#11411 = FACE_BOUND('',#11412,.F.);
#11412 = EDGE_LOOP('',(#11413,#11421,#11422,#11423));
#11413 = ORIENTED_EDGE('',*,*,#11414,.T.);
#11414 = EDGE_CURVE('',#11415,#2530,#11417,.T.);
#11415 = VERTEX_POINT('',#11416);
#11416 = CARTESIAN_POINT('',(114.15,78.675,1.));
#11417 = LINE('',#11418,#11419);
#11418 = CARTESIAN_POINT('',(114.15,78.675,1.));
#11419 = VECTOR('',#11420,1.);
#11420 = DIRECTION('',(-0.,-0.,-1.));
#11421 = ORIENTED_EDGE('',*,*,#2529,.T.);
#11422 = ORIENTED_EDGE('',*,*,#11383,.F.);
#11423 = ORIENTED_EDGE('',*,*,#11424,.F.);
#11424 = EDGE_CURVE('',#11415,#11384,#11425,.T.);
#11425 = LINE('',#11426,#11427);
#11426 = CARTESIAN_POINT('',(114.15,78.675,1.));
#11427 = VECTOR('',#11428,1.);
#11428 = DIRECTION('',(-1.,0.,0.));
#11429 = PLANE('',#11430);
#11430 = AXIS2_PLACEMENT_3D('',#11431,#11432,#11433);
#11431 = CARTESIAN_POINT('',(114.15,78.675,1.));
#11432 = DIRECTION('',(0.,1.,0.));
#11433 = DIRECTION('',(-1.,0.,0.));
#11434 = ADVANCED_FACE('',(#11435),#11453,.F.);
#11435 = FACE_BOUND('',#11436,.F.);
#11436 = EDGE_LOOP('',(#11437,#11438,#11439,#11447));
#11437 = ORIENTED_EDGE('',*,*,#11392,.T.);
#11438 = ORIENTED_EDGE('',*,*,#2545,.T.);
#11439 = ORIENTED_EDGE('',*,*,#11440,.F.);
#11440 = EDGE_CURVE('',#11441,#2538,#11443,.T.);
#11441 = VERTEX_POINT('',#11442);
#11442 = CARTESIAN_POINT('',(114.15,64.675,1.));
#11443 = LINE('',#11444,#11445);
#11444 = CARTESIAN_POINT('',(114.15,64.675,1.));
#11445 = VECTOR('',#11446,1.);
#11446 = DIRECTION('',(-0.,-0.,-1.));
#11447 = ORIENTED_EDGE('',*,*,#11448,.F.);
#11448 = EDGE_CURVE('',#11393,#11441,#11449,.T.);
#11449 = LINE('',#11450,#11451);
#11450 = CARTESIAN_POINT('',(100.15,64.675,1.));
#11451 = VECTOR('',#11452,1.);
#11452 = DIRECTION('',(1.,0.,0.));
#11453 = PLANE('',#11454);
#11454 = AXIS2_PLACEMENT_3D('',#11455,#11456,#11457);
#11455 = CARTESIAN_POINT('',(100.15,64.675,1.));
#11456 = DIRECTION('',(0.,-1.,0.));
#11457 = DIRECTION('',(1.,0.,0.));
#11458 = ADVANCED_FACE('',(#11459),#11470,.F.);
#11459 = FACE_BOUND('',#11460,.F.);
#11460 = EDGE_LOOP('',(#11461,#11462,#11463,#11464));
#11461 = ORIENTED_EDGE('',*,*,#11440,.T.);
#11462 = ORIENTED_EDGE('',*,*,#2537,.T.);
#11463 = ORIENTED_EDGE('',*,*,#11414,.F.);
#11464 = ORIENTED_EDGE('',*,*,#11465,.F.);
#11465 = EDGE_CURVE('',#11441,#11415,#11466,.T.);
#11466 = LINE('',#11467,#11468);
#11467 = CARTESIAN_POINT('',(114.15,64.675,1.));
#11468 = VECTOR('',#11469,1.);
#11469 = DIRECTION('',(0.,1.,0.));
#11470 = PLANE('',#11471);
#11471 = AXIS2_PLACEMENT_3D('',#11472,#11473,#11474);
#11472 = CARTESIAN_POINT('',(114.15,64.675,1.));
#11473 = DIRECTION('',(1.,0.,0.));
#11474 = DIRECTION('',(0.,1.,0.));
#11475 = ADVANCED_FACE('',(#11476),#11501,.F.);
#11476 = FACE_BOUND('',#11477,.F.);
#11477 = EDGE_LOOP('',(#11478,#11486,#11487,#11495));
#11478 = ORIENTED_EDGE('',*,*,#11479,.T.);
#11479 = EDGE_CURVE('',#11480,#2554,#11482,.T.);
#11480 = VERTEX_POINT('',#11481);
#11481 = CARTESIAN_POINT('',(119.2,78.675,1.));
#11482 = LINE('',#11483,#11484);
#11483 = CARTESIAN_POINT('',(119.2,78.675,1.));
#11484 = VECTOR('',#11485,1.);
#11485 = DIRECTION('',(-0.,-0.,-1.));
#11486 = ORIENTED_EDGE('',*,*,#2553,.T.);
#11487 = ORIENTED_EDGE('',*,*,#11488,.F.);
#11488 = EDGE_CURVE('',#11489,#2556,#11491,.T.);
#11489 = VERTEX_POINT('',#11490);
#11490 = CARTESIAN_POINT('',(119.2,64.675,1.));
#11491 = LINE('',#11492,#11493);
#11492 = CARTESIAN_POINT('',(119.2,64.675,1.));
#11493 = VECTOR('',#11494,1.);
#11494 = DIRECTION('',(-0.,-0.,-1.));
#11495 = ORIENTED_EDGE('',*,*,#11496,.F.);
#11496 = EDGE_CURVE('',#11480,#11489,#11497,.T.);
#11497 = LINE('',#11498,#11499);
#11498 = CARTESIAN_POINT('',(119.2,78.675,1.));
#11499 = VECTOR('',#11500,1.);
#11500 = DIRECTION('',(0.,-1.,0.));
#11501 = PLANE('',#11502);
#11502 = AXIS2_PLACEMENT_3D('',#11503,#11504,#11505);
#11503 = CARTESIAN_POINT('',(119.2,78.675,1.));
#11504 = DIRECTION('',(-1.,0.,0.));
#11505 = DIRECTION('',(0.,-1.,0.));
#11506 = ADVANCED_FACE('',(#11507),#11525,.F.);
#11507 = FACE_BOUND('',#11508,.F.);
#11508 = EDGE_LOOP('',(#11509,#11517,#11518,#11519));
#11509 = ORIENTED_EDGE('',*,*,#11510,.T.);
#11510 = EDGE_CURVE('',#11511,#2564,#11513,.T.);
#11511 = VERTEX_POINT('',#11512);
#11512 = CARTESIAN_POINT('',(133.2,78.675,1.));
#11513 = LINE('',#11514,#11515);
#11514 = CARTESIAN_POINT('',(133.2,78.675,1.));
#11515 = VECTOR('',#11516,1.);
#11516 = DIRECTION('',(-0.,-0.,-1.));
#11517 = ORIENTED_EDGE('',*,*,#2563,.T.);
#11518 = ORIENTED_EDGE('',*,*,#11479,.F.);
#11519 = ORIENTED_EDGE('',*,*,#11520,.F.);
#11520 = EDGE_CURVE('',#11511,#11480,#11521,.T.);
#11521 = LINE('',#11522,#11523);
#11522 = CARTESIAN_POINT('',(133.2,78.675,1.));
#11523 = VECTOR('',#11524,1.);
#11524 = DIRECTION('',(-1.,0.,0.));
#11525 = PLANE('',#11526);
#11526 = AXIS2_PLACEMENT_3D('',#11527,#11528,#11529);
#11527 = CARTESIAN_POINT('',(133.2,78.675,1.));
#11528 = DIRECTION('',(0.,1.,0.));
#11529 = DIRECTION('',(-1.,0.,0.));
#11530 = ADVANCED_FACE('',(#11531),#11549,.F.);
#11531 = FACE_BOUND('',#11532,.F.);
#11532 = EDGE_LOOP('',(#11533,#11534,#11535,#11543));
#11533 = ORIENTED_EDGE('',*,*,#11488,.T.);
#11534 = ORIENTED_EDGE('',*,*,#2579,.T.);
#11535 = ORIENTED_EDGE('',*,*,#11536,.F.);
#11536 = EDGE_CURVE('',#11537,#2572,#11539,.T.);
#11537 = VERTEX_POINT('',#11538);
#11538 = CARTESIAN_POINT('',(133.2,64.675,1.));
#11539 = LINE('',#11540,#11541);
#11540 = CARTESIAN_POINT('',(133.2,64.675,1.));
#11541 = VECTOR('',#11542,1.);
#11542 = DIRECTION('',(-0.,-0.,-1.));
#11543 = ORIENTED_EDGE('',*,*,#11544,.F.);
#11544 = EDGE_CURVE('',#11489,#11537,#11545,.T.);
#11545 = LINE('',#11546,#11547);
#11546 = CARTESIAN_POINT('',(119.2,64.675,1.));
#11547 = VECTOR('',#11548,1.);
#11548 = DIRECTION('',(1.,0.,0.));
#11549 = PLANE('',#11550);
#11550 = AXIS2_PLACEMENT_3D('',#11551,#11552,#11553);
#11551 = CARTESIAN_POINT('',(119.2,64.675,1.));
#11552 = DIRECTION('',(0.,-1.,0.));
#11553 = DIRECTION('',(1.,0.,0.));
#11554 = ADVANCED_FACE('',(#11555),#11566,.F.);
#11555 = FACE_BOUND('',#11556,.F.);
#11556 = EDGE_LOOP('',(#11557,#11558,#11559,#11560));
#11557 = ORIENTED_EDGE('',*,*,#11536,.T.);
#11558 = ORIENTED_EDGE('',*,*,#2571,.T.);
#11559 = ORIENTED_EDGE('',*,*,#11510,.F.);
#11560 = ORIENTED_EDGE('',*,*,#11561,.F.);
#11561 = EDGE_CURVE('',#11537,#11511,#11562,.T.);
#11562 = LINE('',#11563,#11564);
#11563 = CARTESIAN_POINT('',(133.2,64.675,1.));
#11564 = VECTOR('',#11565,1.);
#11565 = DIRECTION('',(0.,1.,0.));
#11566 = PLANE('',#11567);
#11567 = AXIS2_PLACEMENT_3D('',#11568,#11569,#11570);
#11568 = CARTESIAN_POINT('',(133.2,64.675,1.));
#11569 = DIRECTION('',(1.,0.,0.));
#11570 = DIRECTION('',(0.,1.,0.));
#11571 = ADVANCED_FACE('',(#11572),#11597,.F.);
#11572 = FACE_BOUND('',#11573,.F.);
#11573 = EDGE_LOOP('',(#11574,#11582,#11583,#11591));
#11574 = ORIENTED_EDGE('',*,*,#11575,.T.);
#11575 = EDGE_CURVE('',#11576,#2588,#11578,.T.);
#11576 = VERTEX_POINT('',#11577);
#11577 = CARTESIAN_POINT('',(138.25,78.675,1.));
#11578 = LINE('',#11579,#11580);
#11579 = CARTESIAN_POINT('',(138.25,78.675,1.));
#11580 = VECTOR('',#11581,1.);
#11581 = DIRECTION('',(-0.,-0.,-1.));
#11582 = ORIENTED_EDGE('',*,*,#2587,.T.);
#11583 = ORIENTED_EDGE('',*,*,#11584,.F.);
#11584 = EDGE_CURVE('',#11585,#2590,#11587,.T.);
#11585 = VERTEX_POINT('',#11586);
#11586 = CARTESIAN_POINT('',(138.25,64.675,1.));
#11587 = LINE('',#11588,#11589);
#11588 = CARTESIAN_POINT('',(138.25,64.675,1.));
#11589 = VECTOR('',#11590,1.);
#11590 = DIRECTION('',(-0.,-0.,-1.));
#11591 = ORIENTED_EDGE('',*,*,#11592,.F.);
#11592 = EDGE_CURVE('',#11576,#11585,#11593,.T.);
#11593 = LINE('',#11594,#11595);
#11594 = CARTESIAN_POINT('',(138.25,78.675,1.));
#11595 = VECTOR('',#11596,1.);
#11596 = DIRECTION('',(0.,-1.,0.));
#11597 = PLANE('',#11598);
#11598 = AXIS2_PLACEMENT_3D('',#11599,#11600,#11601);
#11599 = CARTESIAN_POINT('',(138.25,78.675,1.));
#11600 = DIRECTION('',(-1.,0.,0.));
#11601 = DIRECTION('',(0.,-1.,0.));
#11602 = ADVANCED_FACE('',(#11603),#11621,.F.);
#11603 = FACE_BOUND('',#11604,.F.);
#11604 = EDGE_LOOP('',(#11605,#11613,#11614,#11615));
#11605 = ORIENTED_EDGE('',*,*,#11606,.T.);
#11606 = EDGE_CURVE('',#11607,#2598,#11609,.T.);
#11607 = VERTEX_POINT('',#11608);
#11608 = CARTESIAN_POINT('',(152.25,78.675,1.));
#11609 = LINE('',#11610,#11611);
#11610 = CARTESIAN_POINT('',(152.25,78.675,1.));
#11611 = VECTOR('',#11612,1.);
#11612 = DIRECTION('',(-0.,-0.,-1.));
#11613 = ORIENTED_EDGE('',*,*,#2597,.T.);
#11614 = ORIENTED_EDGE('',*,*,#11575,.F.);
#11615 = ORIENTED_EDGE('',*,*,#11616,.F.);
#11616 = EDGE_CURVE('',#11607,#11576,#11617,.T.);
#11617 = LINE('',#11618,#11619);
#11618 = CARTESIAN_POINT('',(152.25,78.675,1.));
#11619 = VECTOR('',#11620,1.);
#11620 = DIRECTION('',(-1.,0.,0.));
#11621 = PLANE('',#11622);
#11622 = AXIS2_PLACEMENT_3D('',#11623,#11624,#11625);
#11623 = CARTESIAN_POINT('',(152.25,78.675,1.));
#11624 = DIRECTION('',(0.,1.,0.));
#11625 = DIRECTION('',(-1.,0.,0.));
#11626 = ADVANCED_FACE('',(#11627),#11645,.F.);
#11627 = FACE_BOUND('',#11628,.F.);
#11628 = EDGE_LOOP('',(#11629,#11630,#11631,#11639));
#11629 = ORIENTED_EDGE('',*,*,#11584,.T.);
#11630 = ORIENTED_EDGE('',*,*,#2613,.T.);
#11631 = ORIENTED_EDGE('',*,*,#11632,.F.);
#11632 = EDGE_CURVE('',#11633,#2606,#11635,.T.);
#11633 = VERTEX_POINT('',#11634);
#11634 = CARTESIAN_POINT('',(152.25,64.675,1.));
#11635 = LINE('',#11636,#11637);
#11636 = CARTESIAN_POINT('',(152.25,64.675,1.));
#11637 = VECTOR('',#11638,1.);
#11638 = DIRECTION('',(-0.,-0.,-1.));
#11639 = ORIENTED_EDGE('',*,*,#11640,.F.);
#11640 = EDGE_CURVE('',#11585,#11633,#11641,.T.);
#11641 = LINE('',#11642,#11643);
#11642 = CARTESIAN_POINT('',(138.25,64.675,1.));
#11643 = VECTOR('',#11644,1.);
#11644 = DIRECTION('',(1.,0.,0.));
#11645 = PLANE('',#11646);
#11646 = AXIS2_PLACEMENT_3D('',#11647,#11648,#11649);
#11647 = CARTESIAN_POINT('',(138.25,64.675,1.));
#11648 = DIRECTION('',(0.,-1.,0.));
#11649 = DIRECTION('',(1.,0.,0.));
#11650 = ADVANCED_FACE('',(#11651),#11662,.F.);
#11651 = FACE_BOUND('',#11652,.F.);
#11652 = EDGE_LOOP('',(#11653,#11654,#11655,#11656));
#11653 = ORIENTED_EDGE('',*,*,#11632,.T.);
#11654 = ORIENTED_EDGE('',*,*,#2605,.T.);
#11655 = ORIENTED_EDGE('',*,*,#11606,.F.);
#11656 = ORIENTED_EDGE('',*,*,#11657,.F.);
#11657 = EDGE_CURVE('',#11633,#11607,#11658,.T.);
#11658 = LINE('',#11659,#11660);
#11659 = CARTESIAN_POINT('',(152.25,64.675,1.));
#11660 = VECTOR('',#11661,1.);
#11661 = DIRECTION('',(0.,1.,0.));
#11662 = PLANE('',#11663);
#11663 = AXIS2_PLACEMENT_3D('',#11664,#11665,#11666);
#11664 = CARTESIAN_POINT('',(152.25,64.675,1.));
#11665 = DIRECTION('',(1.,0.,0.));
#11666 = DIRECTION('',(0.,1.,0.));
#11667 = ADVANCED_FACE('',(#11668),#11693,.F.);
#11668 = FACE_BOUND('',#11669,.F.);
#11669 = EDGE_LOOP('',(#11670,#11678,#11679,#11687));
#11670 = ORIENTED_EDGE('',*,*,#11671,.T.);
#11671 = EDGE_CURVE('',#11672,#2622,#11674,.T.);
#11672 = VERTEX_POINT('',#11673);
#11673 = CARTESIAN_POINT('',(157.3,78.675,1.));
#11674 = LINE('',#11675,#11676);
#11675 = CARTESIAN_POINT('',(157.3,78.675,1.));
#11676 = VECTOR('',#11677,1.);
#11677 = DIRECTION('',(-0.,-0.,-1.));
#11678 = ORIENTED_EDGE('',*,*,#2621,.T.);
#11679 = ORIENTED_EDGE('',*,*,#11680,.F.);
#11680 = EDGE_CURVE('',#11681,#2624,#11683,.T.);
#11681 = VERTEX_POINT('',#11682);
#11682 = CARTESIAN_POINT('',(157.3,64.675,1.));
#11683 = LINE('',#11684,#11685);
#11684 = CARTESIAN_POINT('',(157.3,64.675,1.));
#11685 = VECTOR('',#11686,1.);
#11686 = DIRECTION('',(-0.,-0.,-1.));
#11687 = ORIENTED_EDGE('',*,*,#11688,.F.);
#11688 = EDGE_CURVE('',#11672,#11681,#11689,.T.);
#11689 = LINE('',#11690,#11691);
#11690 = CARTESIAN_POINT('',(157.3,78.675,1.));
#11691 = VECTOR('',#11692,1.);
#11692 = DIRECTION('',(0.,-1.,0.));
#11693 = PLANE('',#11694);
#11694 = AXIS2_PLACEMENT_3D('',#11695,#11696,#11697);
#11695 = CARTESIAN_POINT('',(157.3,78.675,1.));
#11696 = DIRECTION('',(-1.,0.,0.));
#11697 = DIRECTION('',(0.,-1.,0.));
#11698 = ADVANCED_FACE('',(#11699),#11717,.F.);
#11699 = FACE_BOUND('',#11700,.F.);
#11700 = EDGE_LOOP('',(#11701,#11709,#11710,#11711));
#11701 = ORIENTED_EDGE('',*,*,#11702,.T.);
#11702 = EDGE_CURVE('',#11703,#2632,#11705,.T.);
#11703 = VERTEX_POINT('',#11704);
#11704 = CARTESIAN_POINT('',(171.3,78.675,1.));
#11705 = LINE('',#11706,#11707);
#11706 = CARTESIAN_POINT('',(171.3,78.675,1.));
#11707 = VECTOR('',#11708,1.);
#11708 = DIRECTION('',(-0.,-0.,-1.));
#11709 = ORIENTED_EDGE('',*,*,#2631,.T.);
#11710 = ORIENTED_EDGE('',*,*,#11671,.F.);
#11711 = ORIENTED_EDGE('',*,*,#11712,.F.);
#11712 = EDGE_CURVE('',#11703,#11672,#11713,.T.);
#11713 = LINE('',#11714,#11715);
#11714 = CARTESIAN_POINT('',(171.3,78.675,1.));
#11715 = VECTOR('',#11716,1.);
#11716 = DIRECTION('',(-1.,0.,0.));
#11717 = PLANE('',#11718);
#11718 = AXIS2_PLACEMENT_3D('',#11719,#11720,#11721);
#11719 = CARTESIAN_POINT('',(171.3,78.675,1.));
#11720 = DIRECTION('',(0.,1.,0.));
#11721 = DIRECTION('',(-1.,0.,0.));
#11722 = ADVANCED_FACE('',(#11723),#11741,.F.);
#11723 = FACE_BOUND('',#11724,.F.);
#11724 = EDGE_LOOP('',(#11725,#11726,#11727,#11735));
#11725 = ORIENTED_EDGE('',*,*,#11680,.T.);
#11726 = ORIENTED_EDGE('',*,*,#2647,.T.);
#11727 = ORIENTED_EDGE('',*,*,#11728,.F.);
#11728 = EDGE_CURVE('',#11729,#2640,#11731,.T.);
#11729 = VERTEX_POINT('',#11730);
#11730 = CARTESIAN_POINT('',(171.3,64.675,1.));
#11731 = LINE('',#11732,#11733);
#11732 = CARTESIAN_POINT('',(171.3,64.675,1.));
#11733 = VECTOR('',#11734,1.);
#11734 = DIRECTION('',(-0.,-0.,-1.));
#11735 = ORIENTED_EDGE('',*,*,#11736,.F.);
#11736 = EDGE_CURVE('',#11681,#11729,#11737,.T.);
#11737 = LINE('',#11738,#11739);
#11738 = CARTESIAN_POINT('',(157.3,64.675,1.));
#11739 = VECTOR('',#11740,1.);
#11740 = DIRECTION('',(1.,0.,0.));
#11741 = PLANE('',#11742);
#11742 = AXIS2_PLACEMENT_3D('',#11743,#11744,#11745);
#11743 = CARTESIAN_POINT('',(157.3,64.675,1.));
#11744 = DIRECTION('',(0.,-1.,0.));
#11745 = DIRECTION('',(1.,0.,0.));
#11746 = ADVANCED_FACE('',(#11747),#11758,.F.);
#11747 = FACE_BOUND('',#11748,.F.);
#11748 = EDGE_LOOP('',(#11749,#11750,#11751,#11752));
#11749 = ORIENTED_EDGE('',*,*,#11728,.T.);
#11750 = ORIENTED_EDGE('',*,*,#2639,.T.);
#11751 = ORIENTED_EDGE('',*,*,#11702,.F.);
#11752 = ORIENTED_EDGE('',*,*,#11753,.F.);
#11753 = EDGE_CURVE('',#11729,#11703,#11754,.T.);
#11754 = LINE('',#11755,#11756);
#11755 = CARTESIAN_POINT('',(171.3,64.675,1.));
#11756 = VECTOR('',#11757,1.);
#11757 = DIRECTION('',(0.,1.,0.));
#11758 = PLANE('',#11759);
#11759 = AXIS2_PLACEMENT_3D('',#11760,#11761,#11762);
#11760 = CARTESIAN_POINT('',(171.3,64.675,1.));
#11761 = DIRECTION('',(1.,0.,0.));
#11762 = DIRECTION('',(0.,1.,0.));
#11763 = ADVANCED_FACE('',(#11764),#11789,.F.);
#11764 = FACE_BOUND('',#11765,.F.);
#11765 = EDGE_LOOP('',(#11766,#11774,#11775,#11783));
#11766 = ORIENTED_EDGE('',*,*,#11767,.T.);
#11767 = EDGE_CURVE('',#11768,#2656,#11770,.T.);
#11768 = VERTEX_POINT('',#11769);
#11769 = CARTESIAN_POINT('',(90.625,97.725,1.));
#11770 = LINE('',#11771,#11772);
#11771 = CARTESIAN_POINT('',(90.625,97.725,1.));
#11772 = VECTOR('',#11773,1.);
#11773 = DIRECTION('',(-0.,-0.,-1.));
#11774 = ORIENTED_EDGE('',*,*,#2655,.T.);
#11775 = ORIENTED_EDGE('',*,*,#11776,.F.);
#11776 = EDGE_CURVE('',#11777,#2658,#11779,.T.);
#11777 = VERTEX_POINT('',#11778);
#11778 = CARTESIAN_POINT('',(90.625,83.725,1.));
#11779 = LINE('',#11780,#11781);
#11780 = CARTESIAN_POINT('',(90.625,83.725,1.));
#11781 = VECTOR('',#11782,1.);
#11782 = DIRECTION('',(-0.,-0.,-1.));
#11783 = ORIENTED_EDGE('',*,*,#11784,.F.);
#11784 = EDGE_CURVE('',#11768,#11777,#11785,.T.);
#11785 = LINE('',#11786,#11787);
#11786 = CARTESIAN_POINT('',(90.625,97.725,1.));
#11787 = VECTOR('',#11788,1.);
#11788 = DIRECTION('',(0.,-1.,0.));
#11789 = PLANE('',#11790);
#11790 = AXIS2_PLACEMENT_3D('',#11791,#11792,#11793);
#11791 = CARTESIAN_POINT('',(90.625,97.725,1.));
#11792 = DIRECTION('',(-1.,0.,0.));
#11793 = DIRECTION('',(0.,-1.,0.));
#11794 = ADVANCED_FACE('',(#11795),#11813,.F.);
#11795 = FACE_BOUND('',#11796,.F.);
#11796 = EDGE_LOOP('',(#11797,#11805,#11806,#11807));
#11797 = ORIENTED_EDGE('',*,*,#11798,.T.);
#11798 = EDGE_CURVE('',#11799,#2666,#11801,.T.);
#11799 = VERTEX_POINT('',#11800);
#11800 = CARTESIAN_POINT('',(104.625,97.725,1.));
#11801 = LINE('',#11802,#11803);
#11802 = CARTESIAN_POINT('',(104.625,97.725,1.));
#11803 = VECTOR('',#11804,1.);
#11804 = DIRECTION('',(-0.,-0.,-1.));
#11805 = ORIENTED_EDGE('',*,*,#2665,.T.);
#11806 = ORIENTED_EDGE('',*,*,#11767,.F.);
#11807 = ORIENTED_EDGE('',*,*,#11808,.F.);
#11808 = EDGE_CURVE('',#11799,#11768,#11809,.T.);
#11809 = LINE('',#11810,#11811);
#11810 = CARTESIAN_POINT('',(104.625,97.725,1.));
#11811 = VECTOR('',#11812,1.);
#11812 = DIRECTION('',(-1.,0.,0.));
#11813 = PLANE('',#11814);
#11814 = AXIS2_PLACEMENT_3D('',#11815,#11816,#11817);
#11815 = CARTESIAN_POINT('',(104.625,97.725,1.));
#11816 = DIRECTION('',(0.,1.,0.));
#11817 = DIRECTION('',(-1.,0.,0.));
#11818 = ADVANCED_FACE('',(#11819),#11837,.F.);
#11819 = FACE_BOUND('',#11820,.F.);
#11820 = EDGE_LOOP('',(#11821,#11822,#11823,#11831));
#11821 = ORIENTED_EDGE('',*,*,#11776,.T.);
#11822 = ORIENTED_EDGE('',*,*,#2681,.T.);
#11823 = ORIENTED_EDGE('',*,*,#11824,.F.);
#11824 = EDGE_CURVE('',#11825,#2674,#11827,.T.);
#11825 = VERTEX_POINT('',#11826);
#11826 = CARTESIAN_POINT('',(104.625,83.725,1.));
#11827 = LINE('',#11828,#11829);
#11828 = CARTESIAN_POINT('',(104.625,83.725,1.));
#11829 = VECTOR('',#11830,1.);
#11830 = DIRECTION('',(-0.,-0.,-1.));
#11831 = ORIENTED_EDGE('',*,*,#11832,.F.);
#11832 = EDGE_CURVE('',#11777,#11825,#11833,.T.);
#11833 = LINE('',#11834,#11835);
#11834 = CARTESIAN_POINT('',(90.625,83.725,1.));
#11835 = VECTOR('',#11836,1.);
#11836 = DIRECTION('',(1.,0.,0.));
#11837 = PLANE('',#11838);
#11838 = AXIS2_PLACEMENT_3D('',#11839,#11840,#11841);
#11839 = CARTESIAN_POINT('',(90.625,83.725,1.));
#11840 = DIRECTION('',(0.,-1.,0.));
#11841 = DIRECTION('',(1.,0.,0.));
#11842 = ADVANCED_FACE('',(#11843),#11854,.F.);
#11843 = FACE_BOUND('',#11844,.F.);
#11844 = EDGE_LOOP('',(#11845,#11846,#11847,#11848));
#11845 = ORIENTED_EDGE('',*,*,#11824,.T.);
#11846 = ORIENTED_EDGE('',*,*,#2673,.T.);
#11847 = ORIENTED_EDGE('',*,*,#11798,.F.);
#11848 = ORIENTED_EDGE('',*,*,#11849,.F.);
#11849 = EDGE_CURVE('',#11825,#11799,#11850,.T.);
#11850 = LINE('',#11851,#11852);
#11851 = CARTESIAN_POINT('',(104.625,83.725,1.));
#11852 = VECTOR('',#11853,1.);
#11853 = DIRECTION('',(0.,1.,0.));
#11854 = PLANE('',#11855);
#11855 = AXIS2_PLACEMENT_3D('',#11856,#11857,#11858);
#11856 = CARTESIAN_POINT('',(104.625,83.725,1.));
#11857 = DIRECTION('',(1.,0.,0.));
#11858 = DIRECTION('',(0.,1.,0.));
#11859 = ADVANCED_FACE('',(#11860),#11885,.F.);
#11860 = FACE_BOUND('',#11861,.F.);
#11861 = EDGE_LOOP('',(#11862,#11870,#11871,#11879));
#11862 = ORIENTED_EDGE('',*,*,#11863,.T.);
#11863 = EDGE_CURVE('',#11864,#2690,#11866,.T.);
#11864 = VERTEX_POINT('',#11865);
#11865 = CARTESIAN_POINT('',(109.675,97.725,1.));
#11866 = LINE('',#11867,#11868);
#11867 = CARTESIAN_POINT('',(109.675,97.725,1.));
#11868 = VECTOR('',#11869,1.);
#11869 = DIRECTION('',(-0.,-0.,-1.));
#11870 = ORIENTED_EDGE('',*,*,#2689,.T.);
#11871 = ORIENTED_EDGE('',*,*,#11872,.F.);
#11872 = EDGE_CURVE('',#11873,#2692,#11875,.T.);
#11873 = VERTEX_POINT('',#11874);
#11874 = CARTESIAN_POINT('',(109.675,83.725,1.));
#11875 = LINE('',#11876,#11877);
#11876 = CARTESIAN_POINT('',(109.675,83.725,1.));
#11877 = VECTOR('',#11878,1.);
#11878 = DIRECTION('',(-0.,-0.,-1.));
#11879 = ORIENTED_EDGE('',*,*,#11880,.F.);
#11880 = EDGE_CURVE('',#11864,#11873,#11881,.T.);
#11881 = LINE('',#11882,#11883);
#11882 = CARTESIAN_POINT('',(109.675,97.725,1.));
#11883 = VECTOR('',#11884,1.);
#11884 = DIRECTION('',(0.,-1.,0.));
#11885 = PLANE('',#11886);
#11886 = AXIS2_PLACEMENT_3D('',#11887,#11888,#11889);
#11887 = CARTESIAN_POINT('',(109.675,97.725,1.));
#11888 = DIRECTION('',(-1.,0.,0.));
#11889 = DIRECTION('',(0.,-1.,0.));
#11890 = ADVANCED_FACE('',(#11891),#11909,.F.);
#11891 = FACE_BOUND('',#11892,.F.);
#11892 = EDGE_LOOP('',(#11893,#11901,#11902,#11903));
#11893 = ORIENTED_EDGE('',*,*,#11894,.T.);
#11894 = EDGE_CURVE('',#11895,#2700,#11897,.T.);
#11895 = VERTEX_POINT('',#11896);
#11896 = CARTESIAN_POINT('',(123.675,97.725,1.));
#11897 = LINE('',#11898,#11899);
#11898 = CARTESIAN_POINT('',(123.675,97.725,1.));
#11899 = VECTOR('',#11900,1.);
#11900 = DIRECTION('',(-0.,-0.,-1.));
#11901 = ORIENTED_EDGE('',*,*,#2699,.T.);
#11902 = ORIENTED_EDGE('',*,*,#11863,.F.);
#11903 = ORIENTED_EDGE('',*,*,#11904,.F.);
#11904 = EDGE_CURVE('',#11895,#11864,#11905,.T.);
#11905 = LINE('',#11906,#11907);
#11906 = CARTESIAN_POINT('',(123.675,97.725,1.));
#11907 = VECTOR('',#11908,1.);
#11908 = DIRECTION('',(-1.,0.,0.));
#11909 = PLANE('',#11910);
#11910 = AXIS2_PLACEMENT_3D('',#11911,#11912,#11913);
#11911 = CARTESIAN_POINT('',(123.675,97.725,1.));
#11912 = DIRECTION('',(0.,1.,0.));
#11913 = DIRECTION('',(-1.,0.,0.));
#11914 = ADVANCED_FACE('',(#11915),#11933,.F.);
#11915 = FACE_BOUND('',#11916,.F.);
#11916 = EDGE_LOOP('',(#11917,#11918,#11919,#11927));
#11917 = ORIENTED_EDGE('',*,*,#11872,.T.);
#11918 = ORIENTED_EDGE('',*,*,#2715,.T.);
#11919 = ORIENTED_EDGE('',*,*,#11920,.F.);
#11920 = EDGE_CURVE('',#11921,#2708,#11923,.T.);
#11921 = VERTEX_POINT('',#11922);
#11922 = CARTESIAN_POINT('',(123.675,83.725,1.));
#11923 = LINE('',#11924,#11925);
#11924 = CARTESIAN_POINT('',(123.675,83.725,1.));
#11925 = VECTOR('',#11926,1.);
#11926 = DIRECTION('',(-0.,-0.,-1.));
#11927 = ORIENTED_EDGE('',*,*,#11928,.F.);
#11928 = EDGE_CURVE('',#11873,#11921,#11929,.T.);
#11929 = LINE('',#11930,#11931);
#11930 = CARTESIAN_POINT('',(109.675,83.725,1.));
#11931 = VECTOR('',#11932,1.);
#11932 = DIRECTION('',(1.,0.,0.));
#11933 = PLANE('',#11934);
#11934 = AXIS2_PLACEMENT_3D('',#11935,#11936,#11937);
#11935 = CARTESIAN_POINT('',(109.675,83.725,1.));
#11936 = DIRECTION('',(0.,-1.,0.));
#11937 = DIRECTION('',(1.,0.,0.));
#11938 = ADVANCED_FACE('',(#11939),#11950,.F.);
#11939 = FACE_BOUND('',#11940,.F.);
#11940 = EDGE_LOOP('',(#11941,#11942,#11943,#11944));
#11941 = ORIENTED_EDGE('',*,*,#11920,.T.);
#11942 = ORIENTED_EDGE('',*,*,#2707,.T.);
#11943 = ORIENTED_EDGE('',*,*,#11894,.F.);
#11944 = ORIENTED_EDGE('',*,*,#11945,.F.);
#11945 = EDGE_CURVE('',#11921,#11895,#11946,.T.);
#11946 = LINE('',#11947,#11948);
#11947 = CARTESIAN_POINT('',(123.675,83.725,1.));
#11948 = VECTOR('',#11949,1.);
#11949 = DIRECTION('',(0.,1.,0.));
#11950 = PLANE('',#11951);
#11951 = AXIS2_PLACEMENT_3D('',#11952,#11953,#11954);
#11952 = CARTESIAN_POINT('',(123.675,83.725,1.));
#11953 = DIRECTION('',(1.,0.,0.));
#11954 = DIRECTION('',(0.,1.,0.));
#11955 = ADVANCED_FACE('',(#11956),#11981,.F.);
#11956 = FACE_BOUND('',#11957,.F.);
#11957 = EDGE_LOOP('',(#11958,#11966,#11967,#11975));
#11958 = ORIENTED_EDGE('',*,*,#11959,.T.);
#11959 = EDGE_CURVE('',#11960,#2724,#11962,.T.);
#11960 = VERTEX_POINT('',#11961);
#11961 = CARTESIAN_POINT('',(128.725,97.725,1.));
#11962 = LINE('',#11963,#11964);
#11963 = CARTESIAN_POINT('',(128.725,97.725,1.));
#11964 = VECTOR('',#11965,1.);
#11965 = DIRECTION('',(-0.,-0.,-1.));
#11966 = ORIENTED_EDGE('',*,*,#2723,.T.);
#11967 = ORIENTED_EDGE('',*,*,#11968,.F.);
#11968 = EDGE_CURVE('',#11969,#2726,#11971,.T.);
#11969 = VERTEX_POINT('',#11970);
#11970 = CARTESIAN_POINT('',(128.725,83.725,1.));
#11971 = LINE('',#11972,#11973);
#11972 = CARTESIAN_POINT('',(128.725,83.725,1.));
#11973 = VECTOR('',#11974,1.);
#11974 = DIRECTION('',(-0.,-0.,-1.));
#11975 = ORIENTED_EDGE('',*,*,#11976,.F.);
#11976 = EDGE_CURVE('',#11960,#11969,#11977,.T.);
#11977 = LINE('',#11978,#11979);
#11978 = CARTESIAN_POINT('',(128.725,97.725,1.));
#11979 = VECTOR('',#11980,1.);
#11980 = DIRECTION('',(0.,-1.,0.));
#11981 = PLANE('',#11982);
#11982 = AXIS2_PLACEMENT_3D('',#11983,#11984,#11985);
#11983 = CARTESIAN_POINT('',(128.725,97.725,1.));
#11984 = DIRECTION('',(-1.,0.,0.));
#11985 = DIRECTION('',(0.,-1.,0.));
#11986 = ADVANCED_FACE('',(#11987),#12005,.F.);
#11987 = FACE_BOUND('',#11988,.F.);
#11988 = EDGE_LOOP('',(#11989,#11997,#11998,#11999));
#11989 = ORIENTED_EDGE('',*,*,#11990,.T.);
#11990 = EDGE_CURVE('',#11991,#2734,#11993,.T.);
#11991 = VERTEX_POINT('',#11992);
#11992 = CARTESIAN_POINT('',(142.725,97.725,1.));
#11993 = LINE('',#11994,#11995);
#11994 = CARTESIAN_POINT('',(142.725,97.725,1.));
#11995 = VECTOR('',#11996,1.);
#11996 = DIRECTION('',(-0.,-0.,-1.));
#11997 = ORIENTED_EDGE('',*,*,#2733,.T.);
#11998 = ORIENTED_EDGE('',*,*,#11959,.F.);
#11999 = ORIENTED_EDGE('',*,*,#12000,.F.);
#12000 = EDGE_CURVE('',#11991,#11960,#12001,.T.);
#12001 = LINE('',#12002,#12003);
#12002 = CARTESIAN_POINT('',(142.725,97.725,1.));
#12003 = VECTOR('',#12004,1.);
#12004 = DIRECTION('',(-1.,0.,0.));
#12005 = PLANE('',#12006);
#12006 = AXIS2_PLACEMENT_3D('',#12007,#12008,#12009);
#12007 = CARTESIAN_POINT('',(142.725,97.725,1.));
#12008 = DIRECTION('',(0.,1.,0.));
#12009 = DIRECTION('',(-1.,0.,0.));
#12010 = ADVANCED_FACE('',(#12011),#12029,.F.);
#12011 = FACE_BOUND('',#12012,.F.);
#12012 = EDGE_LOOP('',(#12013,#12014,#12015,#12023));
#12013 = ORIENTED_EDGE('',*,*,#11968,.T.);
#12014 = ORIENTED_EDGE('',*,*,#2749,.T.);
#12015 = ORIENTED_EDGE('',*,*,#12016,.F.);
#12016 = EDGE_CURVE('',#12017,#2742,#12019,.T.);
#12017 = VERTEX_POINT('',#12018);
#12018 = CARTESIAN_POINT('',(142.725,83.725,1.));
#12019 = LINE('',#12020,#12021);
#12020 = CARTESIAN_POINT('',(142.725,83.725,1.));
#12021 = VECTOR('',#12022,1.);
#12022 = DIRECTION('',(-0.,-0.,-1.));
#12023 = ORIENTED_EDGE('',*,*,#12024,.F.);
#12024 = EDGE_CURVE('',#11969,#12017,#12025,.T.);
#12025 = LINE('',#12026,#12027);
#12026 = CARTESIAN_POINT('',(128.725,83.725,1.));
#12027 = VECTOR('',#12028,1.);
#12028 = DIRECTION('',(1.,0.,0.));
#12029 = PLANE('',#12030);
#12030 = AXIS2_PLACEMENT_3D('',#12031,#12032,#12033);
#12031 = CARTESIAN_POINT('',(128.725,83.725,1.));
#12032 = DIRECTION('',(0.,-1.,0.));
#12033 = DIRECTION('',(1.,0.,0.));
#12034 = ADVANCED_FACE('',(#12035),#12046,.F.);
#12035 = FACE_BOUND('',#12036,.F.);
#12036 = EDGE_LOOP('',(#12037,#12038,#12039,#12040));
#12037 = ORIENTED_EDGE('',*,*,#12016,.T.);
#12038 = ORIENTED_EDGE('',*,*,#2741,.T.);
#12039 = ORIENTED_EDGE('',*,*,#11990,.F.);
#12040 = ORIENTED_EDGE('',*,*,#12041,.F.);
#12041 = EDGE_CURVE('',#12017,#11991,#12042,.T.);
#12042 = LINE('',#12043,#12044);
#12043 = CARTESIAN_POINT('',(142.725,83.725,1.));
#12044 = VECTOR('',#12045,1.);
#12045 = DIRECTION('',(0.,1.,0.));
#12046 = PLANE('',#12047);
#12047 = AXIS2_PLACEMENT_3D('',#12048,#12049,#12050);
#12048 = CARTESIAN_POINT('',(142.725,83.725,1.));
#12049 = DIRECTION('',(1.,0.,0.));
#12050 = DIRECTION('',(0.,1.,0.));
#12051 = ADVANCED_FACE('',(#12052),#12077,.F.);
#12052 = FACE_BOUND('',#12053,.F.);
#12053 = EDGE_LOOP('',(#12054,#12062,#12063,#12071));
#12054 = ORIENTED_EDGE('',*,*,#12055,.T.);
#12055 = EDGE_CURVE('',#12056,#2758,#12058,.T.);
#12056 = VERTEX_POINT('',#12057);
#12057 = CARTESIAN_POINT('',(147.775,97.725,1.));
#12058 = LINE('',#12059,#12060);
#12059 = CARTESIAN_POINT('',(147.775,97.725,1.));
#12060 = VECTOR('',#12061,1.);
#12061 = DIRECTION('',(-0.,-0.,-1.));
#12062 = ORIENTED_EDGE('',*,*,#2757,.T.);
#12063 = ORIENTED_EDGE('',*,*,#12064,.F.);
#12064 = EDGE_CURVE('',#12065,#2760,#12067,.T.);
#12065 = VERTEX_POINT('',#12066);
#12066 = CARTESIAN_POINT('',(147.775,83.725,1.));
#12067 = LINE('',#12068,#12069);
#12068 = CARTESIAN_POINT('',(147.775,83.725,1.));
#12069 = VECTOR('',#12070,1.);
#12070 = DIRECTION('',(-0.,-0.,-1.));
#12071 = ORIENTED_EDGE('',*,*,#12072,.F.);
#12072 = EDGE_CURVE('',#12056,#12065,#12073,.T.);
#12073 = LINE('',#12074,#12075);
#12074 = CARTESIAN_POINT('',(147.775,97.725,1.));
#12075 = VECTOR('',#12076,1.);
#12076 = DIRECTION('',(0.,-1.,0.));
#12077 = PLANE('',#12078);
#12078 = AXIS2_PLACEMENT_3D('',#12079,#12080,#12081);
#12079 = CARTESIAN_POINT('',(147.775,97.725,1.));
#12080 = DIRECTION('',(-1.,0.,0.));
#12081 = DIRECTION('',(0.,-1.,0.));
#12082 = ADVANCED_FACE('',(#12083),#12101,.F.);
#12083 = FACE_BOUND('',#12084,.F.);
#12084 = EDGE_LOOP('',(#12085,#12093,#12094,#12095));
#12085 = ORIENTED_EDGE('',*,*,#12086,.T.);
#12086 = EDGE_CURVE('',#12087,#2768,#12089,.T.);
#12087 = VERTEX_POINT('',#12088);
#12088 = CARTESIAN_POINT('',(161.775,97.725,1.));
#12089 = LINE('',#12090,#12091);
#12090 = CARTESIAN_POINT('',(161.775,97.725,1.));
#12091 = VECTOR('',#12092,1.);
#12092 = DIRECTION('',(-0.,-0.,-1.));
#12093 = ORIENTED_EDGE('',*,*,#2767,.T.);
#12094 = ORIENTED_EDGE('',*,*,#12055,.F.);
#12095 = ORIENTED_EDGE('',*,*,#12096,.F.);
#12096 = EDGE_CURVE('',#12087,#12056,#12097,.T.);
#12097 = LINE('',#12098,#12099);
#12098 = CARTESIAN_POINT('',(161.775,97.725,1.));
#12099 = VECTOR('',#12100,1.);
#12100 = DIRECTION('',(-1.,0.,0.));
#12101 = PLANE('',#12102);
#12102 = AXIS2_PLACEMENT_3D('',#12103,#12104,#12105);
#12103 = CARTESIAN_POINT('',(161.775,97.725,1.));
#12104 = DIRECTION('',(0.,1.,0.));
#12105 = DIRECTION('',(-1.,0.,0.));
#12106 = ADVANCED_FACE('',(#12107),#12125,.F.);
#12107 = FACE_BOUND('',#12108,.F.);
#12108 = EDGE_LOOP('',(#12109,#12110,#12111,#12119));
#12109 = ORIENTED_EDGE('',*,*,#12064,.T.);
#12110 = ORIENTED_EDGE('',*,*,#2783,.T.);
#12111 = ORIENTED_EDGE('',*,*,#12112,.F.);
#12112 = EDGE_CURVE('',#12113,#2776,#12115,.T.);
#12113 = VERTEX_POINT('',#12114);
#12114 = CARTESIAN_POINT('',(161.775,83.725,1.));
#12115 = LINE('',#12116,#12117);
#12116 = CARTESIAN_POINT('',(161.775,83.725,1.));
#12117 = VECTOR('',#12118,1.);
#12118 = DIRECTION('',(-0.,-0.,-1.));
#12119 = ORIENTED_EDGE('',*,*,#12120,.F.);
#12120 = EDGE_CURVE('',#12065,#12113,#12121,.T.);
#12121 = LINE('',#12122,#12123);
#12122 = CARTESIAN_POINT('',(147.775,83.725,1.));
#12123 = VECTOR('',#12124,1.);
#12124 = DIRECTION('',(1.,0.,0.));
#12125 = PLANE('',#12126);
#12126 = AXIS2_PLACEMENT_3D('',#12127,#12128,#12129);
#12127 = CARTESIAN_POINT('',(147.775,83.725,1.));
#12128 = DIRECTION('',(0.,-1.,0.));
#12129 = DIRECTION('',(1.,0.,0.));
#12130 = ADVANCED_FACE('',(#12131),#12142,.F.);
#12131 = FACE_BOUND('',#12132,.F.);
#12132 = EDGE_LOOP('',(#12133,#12134,#12135,#12136));
#12133 = ORIENTED_EDGE('',*,*,#12112,.T.);
#12134 = ORIENTED_EDGE('',*,*,#2775,.T.);
#12135 = ORIENTED_EDGE('',*,*,#12086,.F.);
#12136 = ORIENTED_EDGE('',*,*,#12137,.F.);
#12137 = EDGE_CURVE('',#12113,#12087,#12138,.T.);
#12138 = LINE('',#12139,#12140);
#12139 = CARTESIAN_POINT('',(161.775,83.725,1.));
#12140 = VECTOR('',#12141,1.);
#12141 = DIRECTION('',(0.,1.,0.));
#12142 = PLANE('',#12143);
#12143 = AXIS2_PLACEMENT_3D('',#12144,#12145,#12146);
#12144 = CARTESIAN_POINT('',(161.775,83.725,1.));
#12145 = DIRECTION('',(1.,0.,0.));
#12146 = DIRECTION('',(0.,1.,0.));
#12147 = ADVANCED_FACE('',(#12148),#12173,.F.);
#12148 = FACE_BOUND('',#12149,.F.);
#12149 = EDGE_LOOP('',(#12150,#12158,#12159,#12167));
#12150 = ORIENTED_EDGE('',*,*,#12151,.T.);
#12151 = EDGE_CURVE('',#12152,#2792,#12154,.T.);
#12152 = VERTEX_POINT('',#12153);
#12153 = CARTESIAN_POINT('',(166.825,97.725,1.));
#12154 = LINE('',#12155,#12156);
#12155 = CARTESIAN_POINT('',(166.825,97.725,1.));
#12156 = VECTOR('',#12157,1.);
#12157 = DIRECTION('',(-0.,-0.,-1.));
#12158 = ORIENTED_EDGE('',*,*,#2791,.T.);
#12159 = ORIENTED_EDGE('',*,*,#12160,.F.);
#12160 = EDGE_CURVE('',#12161,#2794,#12163,.T.);
#12161 = VERTEX_POINT('',#12162);
#12162 = CARTESIAN_POINT('',(166.825,83.725,1.));
#12163 = LINE('',#12164,#12165);
#12164 = CARTESIAN_POINT('',(166.825,83.725,1.));
#12165 = VECTOR('',#12166,1.);
#12166 = DIRECTION('',(-0.,-0.,-1.));
#12167 = ORIENTED_EDGE('',*,*,#12168,.F.);
#12168 = EDGE_CURVE('',#12152,#12161,#12169,.T.);
#12169 = LINE('',#12170,#12171);
#12170 = CARTESIAN_POINT('',(166.825,97.725,1.));
#12171 = VECTOR('',#12172,1.);
#12172 = DIRECTION('',(0.,-1.,0.));
#12173 = PLANE('',#12174);
#12174 = AXIS2_PLACEMENT_3D('',#12175,#12176,#12177);
#12175 = CARTESIAN_POINT('',(166.825,97.725,1.));
#12176 = DIRECTION('',(-1.,0.,0.));
#12177 = DIRECTION('',(0.,-1.,0.));
#12178 = ADVANCED_FACE('',(#12179),#12197,.F.);
#12179 = FACE_BOUND('',#12180,.F.);
#12180 = EDGE_LOOP('',(#12181,#12189,#12190,#12191));
#12181 = ORIENTED_EDGE('',*,*,#12182,.T.);
#12182 = EDGE_CURVE('',#12183,#2802,#12185,.T.);
#12183 = VERTEX_POINT('',#12184);
#12184 = CARTESIAN_POINT('',(180.825,97.725,1.));
#12185 = LINE('',#12186,#12187);
#12186 = CARTESIAN_POINT('',(180.825,97.725,1.));
#12187 = VECTOR('',#12188,1.);
#12188 = DIRECTION('',(-0.,-0.,-1.));
#12189 = ORIENTED_EDGE('',*,*,#2801,.T.);
#12190 = ORIENTED_EDGE('',*,*,#12151,.F.);
#12191 = ORIENTED_EDGE('',*,*,#12192,.F.);
#12192 = EDGE_CURVE('',#12183,#12152,#12193,.T.);
#12193 = LINE('',#12194,#12195);
#12194 = CARTESIAN_POINT('',(180.825,97.725,1.));
#12195 = VECTOR('',#12196,1.);
#12196 = DIRECTION('',(-1.,0.,0.));
#12197 = PLANE('',#12198);
#12198 = AXIS2_PLACEMENT_3D('',#12199,#12200,#12201);
#12199 = CARTESIAN_POINT('',(180.825,97.725,1.));
#12200 = DIRECTION('',(0.,1.,0.));
#12201 = DIRECTION('',(-1.,0.,0.));
#12202 = ADVANCED_FACE('',(#12203),#12221,.F.);
#12203 = FACE_BOUND('',#12204,.F.);
#12204 = EDGE_LOOP('',(#12205,#12206,#12207,#12215));
#12205 = ORIENTED_EDGE('',*,*,#12160,.T.);
#12206 = ORIENTED_EDGE('',*,*,#2817,.T.);
#12207 = ORIENTED_EDGE('',*,*,#12208,.F.);
#12208 = EDGE_CURVE('',#12209,#2810,#12211,.T.);
#12209 = VERTEX_POINT('',#12210);
#12210 = CARTESIAN_POINT('',(180.825,83.725,1.));
#12211 = LINE('',#12212,#12213);
#12212 = CARTESIAN_POINT('',(180.825,83.725,1.));
#12213 = VECTOR('',#12214,1.);
#12214 = DIRECTION('',(-0.,-0.,-1.));
#12215 = ORIENTED_EDGE('',*,*,#12216,.F.);
#12216 = EDGE_CURVE('',#12161,#12209,#12217,.T.);
#12217 = LINE('',#12218,#12219);
#12218 = CARTESIAN_POINT('',(166.825,83.725,1.));
#12219 = VECTOR('',#12220,1.);
#12220 = DIRECTION('',(1.,0.,0.));
#12221 = PLANE('',#12222);
#12222 = AXIS2_PLACEMENT_3D('',#12223,#12224,#12225);
#12223 = CARTESIAN_POINT('',(166.825,83.725,1.));
#12224 = DIRECTION('',(0.,-1.,0.));
#12225 = DIRECTION('',(1.,0.,0.));
#12226 = ADVANCED_FACE('',(#12227),#12238,.F.);
#12227 = FACE_BOUND('',#12228,.F.);
#12228 = EDGE_LOOP('',(#12229,#12230,#12231,#12232));
#12229 = ORIENTED_EDGE('',*,*,#12208,.T.);
#12230 = ORIENTED_EDGE('',*,*,#2809,.T.);
#12231 = ORIENTED_EDGE('',*,*,#12182,.F.);
#12232 = ORIENTED_EDGE('',*,*,#12233,.F.);
#12233 = EDGE_CURVE('',#12209,#12183,#12234,.T.);
#12234 = LINE('',#12235,#12236);
#12235 = CARTESIAN_POINT('',(180.825,83.725,1.));
#12236 = VECTOR('',#12237,1.);
#12237 = DIRECTION('',(0.,1.,0.));
#12238 = PLANE('',#12239);
#12239 = AXIS2_PLACEMENT_3D('',#12240,#12241,#12242);
#12240 = CARTESIAN_POINT('',(180.825,83.725,1.));
#12241 = DIRECTION('',(1.,0.,0.));
#12242 = DIRECTION('',(0.,1.,0.));
#12243 = ADVANCED_FACE('',(#12244),#12263,.F.);
#12244 = FACE_BOUND('',#12245,.F.);
#12245 = EDGE_LOOP('',(#12246,#12254,#12255,#12256));
#12246 = ORIENTED_EDGE('',*,*,#12247,.T.);
#12247 = EDGE_CURVE('',#12248,#2826,#12250,.T.);
#12248 = VERTEX_POINT('',#12249);
#12249 = CARTESIAN_POINT('',(9.1,97.25,1.));
#12250 = LINE('',#12251,#12252);
#12251 = CARTESIAN_POINT('',(9.1,97.25,1.));
#12252 = VECTOR('',#12253,1.);
#12253 = DIRECTION('',(-0.,-0.,-1.));
#12254 = ORIENTED_EDGE('',*,*,#2825,.T.);
#12255 = ORIENTED_EDGE('',*,*,#12247,.F.);
#12256 = ORIENTED_EDGE('',*,*,#12257,.F.);
#12257 = EDGE_CURVE('',#12248,#12248,#12258,.T.);
#12258 = CIRCLE('',#12259,1.1);
#12259 = AXIS2_PLACEMENT_3D('',#12260,#12261,#12262);
#12260 = CARTESIAN_POINT('',(8.,97.25,1.));
#12261 = DIRECTION('',(0.,0.,1.));
#12262 = DIRECTION('',(1.,0.,0.));
#12263 = CYLINDRICAL_SURFACE('',#12264,1.1);
#12264 = AXIS2_PLACEMENT_3D('',#12265,#12266,#12267);
#12265 = CARTESIAN_POINT('',(8.,97.25,1.));
#12266 = DIRECTION('',(0.,0.,1.));
#12267 = DIRECTION('',(1.,0.,0.));
#12268 = ADVANCED_FACE('',(#12269),#12288,.F.);
#12269 = FACE_BOUND('',#12270,.F.);
#12270 = EDGE_LOOP('',(#12271,#12279,#12280,#12281));
#12271 = ORIENTED_EDGE('',*,*,#12272,.T.);
#12272 = EDGE_CURVE('',#12273,#2837,#12275,.T.);
#12273 = VERTEX_POINT('',#12274);
#12274 = CARTESIAN_POINT('',(43.1,97.25,1.));
#12275 = LINE('',#12276,#12277);
#12276 = CARTESIAN_POINT('',(43.1,97.25,1.));
#12277 = VECTOR('',#12278,1.);
#12278 = DIRECTION('',(-0.,-0.,-1.));
#12279 = ORIENTED_EDGE('',*,*,#2836,.T.);
#12280 = ORIENTED_EDGE('',*,*,#12272,.F.);
#12281 = ORIENTED_EDGE('',*,*,#12282,.F.);
#12282 = EDGE_CURVE('',#12273,#12273,#12283,.T.);
#12283 = CIRCLE('',#12284,1.1);
#12284 = AXIS2_PLACEMENT_3D('',#12285,#12286,#12287);
#12285 = CARTESIAN_POINT('',(42.,97.25,1.));
#12286 = DIRECTION('',(0.,0.,1.));
#12287 = DIRECTION('',(1.,0.,0.));
#12288 = CYLINDRICAL_SURFACE('',#12289,1.1);
#12289 = AXIS2_PLACEMENT_3D('',#12290,#12291,#12292);
#12290 = CARTESIAN_POINT('',(42.,97.25,1.));
#12291 = DIRECTION('',(0.,0.,1.));
#12292 = DIRECTION('',(1.,0.,0.));
#12293 = ADVANCED_FACE('',(#12294),#12320,.F.);
#12294 = FACE_BOUND('',#12295,.F.);
#12295 = EDGE_LOOP('',(#12296,#12304,#12305,#12313));
#12296 = ORIENTED_EDGE('',*,*,#12297,.T.);
#12297 = EDGE_CURVE('',#12298,#2848,#12300,.T.);
#12298 = VERTEX_POINT('',#12299);
#12299 = CARTESIAN_POINT('',(9.,109.05,1.));
#12300 = LINE('',#12301,#12302);
#12301 = CARTESIAN_POINT('',(9.,109.05,1.));
#12302 = VECTOR('',#12303,1.);
#12303 = DIRECTION('',(-0.,-0.,-1.));
#12304 = ORIENTED_EDGE('',*,*,#2847,.T.);
#12305 = ORIENTED_EDGE('',*,*,#12306,.F.);
#12306 = EDGE_CURVE('',#12307,#2850,#12309,.T.);
#12307 = VERTEX_POINT('',#12308);
#12308 = CARTESIAN_POINT('',(9.,107.45,1.));
#12309 = LINE('',#12310,#12311);
#12310 = CARTESIAN_POINT('',(9.,107.45,1.));
#12311 = VECTOR('',#12312,1.);
#12312 = DIRECTION('',(-0.,-0.,-1.));
#12313 = ORIENTED_EDGE('',*,*,#12314,.F.);
#12314 = EDGE_CURVE('',#12298,#12307,#12315,.T.);
#12315 = CIRCLE('',#12316,0.8);
#12316 = AXIS2_PLACEMENT_3D('',#12317,#12318,#12319);
#12317 = CARTESIAN_POINT('',(9.,108.25,1.));
#12318 = DIRECTION('',(0.,0.,1.));
#12319 = DIRECTION('',(1.,0.,0.));
#12320 = CYLINDRICAL_SURFACE('',#12321,0.8);
#12321 = AXIS2_PLACEMENT_3D('',#12322,#12323,#12324);
#12322 = CARTESIAN_POINT('',(9.,108.25,1.));
#12323 = DIRECTION('',(0.,0.,1.));
#12324 = DIRECTION('',(1.,0.,0.));
#12325 = ADVANCED_FACE('',(#12326),#12344,.F.);
#12326 = FACE_BOUND('',#12327,.F.);
#12327 = EDGE_LOOP('',(#12328,#12329,#12330,#12338));
#12328 = ORIENTED_EDGE('',*,*,#12306,.T.);
#12329 = ORIENTED_EDGE('',*,*,#2875,.T.);
#12330 = ORIENTED_EDGE('',*,*,#12331,.F.);
#12331 = EDGE_CURVE('',#12332,#2867,#12334,.T.);
#12332 = VERTEX_POINT('',#12333);
#12333 = CARTESIAN_POINT('',(41.,107.45,1.));
#12334 = LINE('',#12335,#12336);
#12335 = CARTESIAN_POINT('',(41.,107.45,1.));
#12336 = VECTOR('',#12337,1.);
#12337 = DIRECTION('',(-0.,-0.,-1.));
#12338 = ORIENTED_EDGE('',*,*,#12339,.F.);
#12339 = EDGE_CURVE('',#12307,#12332,#12340,.T.);
#12340 = LINE('',#12341,#12342);
#12341 = CARTESIAN_POINT('',(9.,107.45,1.));
#12342 = VECTOR('',#12343,1.);
#12343 = DIRECTION('',(1.,0.,0.));
#12344 = PLANE('',#12345);
#12345 = AXIS2_PLACEMENT_3D('',#12346,#12347,#12348);
#12346 = CARTESIAN_POINT('',(9.,107.45,1.));
#12347 = DIRECTION('',(0.,-1.,0.));
#12348 = DIRECTION('',(1.,0.,0.));
#12349 = ADVANCED_FACE('',(#12350),#12369,.F.);
#12350 = FACE_BOUND('',#12351,.F.);
#12351 = EDGE_LOOP('',(#12352,#12353,#12354,#12362));
#12352 = ORIENTED_EDGE('',*,*,#12331,.T.);
#12353 = ORIENTED_EDGE('',*,*,#2866,.T.);
#12354 = ORIENTED_EDGE('',*,*,#12355,.F.);
#12355 = EDGE_CURVE('',#12356,#2859,#12358,.T.);
#12356 = VERTEX_POINT('',#12357);
#12357 = CARTESIAN_POINT('',(41.,109.05,1.));
#12358 = LINE('',#12359,#12360);
#12359 = CARTESIAN_POINT('',(41.,109.05,1.));
#12360 = VECTOR('',#12361,1.);
#12361 = DIRECTION('',(-0.,-0.,-1.));
#12362 = ORIENTED_EDGE('',*,*,#12363,.F.);
#12363 = EDGE_CURVE('',#12332,#12356,#12364,.T.);
#12364 = CIRCLE('',#12365,0.8);
#12365 = AXIS2_PLACEMENT_3D('',#12366,#12367,#12368);
#12366 = CARTESIAN_POINT('',(41.,108.25,1.));
#12367 = DIRECTION('',(0.,0.,1.));
#12368 = DIRECTION('',(1.,0.,0.));
#12369 = CYLINDRICAL_SURFACE('',#12370,0.8);
#12370 = AXIS2_PLACEMENT_3D('',#12371,#12372,#12373);
#12371 = CARTESIAN_POINT('',(41.,108.25,1.));
#12372 = DIRECTION('',(0.,0.,1.));
#12373 = DIRECTION('',(1.,0.,0.));
#12374 = ADVANCED_FACE('',(#12375),#12386,.T.);
#12375 = FACE_BOUND('',#12376,.T.);
#12376 = EDGE_LOOP('',(#12377,#12378,#12379,#12380));
#12377 = ORIENTED_EDGE('',*,*,#12297,.T.);
#12378 = ORIENTED_EDGE('',*,*,#2858,.T.);
#12379 = ORIENTED_EDGE('',*,*,#12355,.F.);
#12380 = ORIENTED_EDGE('',*,*,#12381,.F.);
#12381 = EDGE_CURVE('',#12298,#12356,#12382,.T.);
#12382 = LINE('',#12383,#12384);
#12383 = CARTESIAN_POINT('',(9.,109.05,1.));
#12384 = VECTOR('',#12385,1.);
#12385 = DIRECTION('',(1.,0.,0.));
#12386 = PLANE('',#12387);
#12387 = AXIS2_PLACEMENT_3D('',#12388,#12389,#12390);
#12388 = CARTESIAN_POINT('',(9.,109.05,1.));
#12389 = DIRECTION('',(0.,-1.,0.));
#12390 = DIRECTION('',(1.,0.,0.));
#12391 = ADVANCED_FACE('',(#12392),#12417,.F.);
#12392 = FACE_BOUND('',#12393,.F.);
#12393 = EDGE_LOOP('',(#12394,#12402,#12403,#12411));
#12394 = ORIENTED_EDGE('',*,*,#12395,.T.);
#12395 = EDGE_CURVE('',#12396,#2884,#12398,.T.);
#12396 = VERTEX_POINT('',#12397);
#12397 = CARTESIAN_POINT('',(52.525,121.775,1.));
#12398 = LINE('',#12399,#12400);
#12399 = CARTESIAN_POINT('',(52.525,121.775,1.));
#12400 = VECTOR('',#12401,1.);
#12401 = DIRECTION('',(-0.,-0.,-1.));
#12402 = ORIENTED_EDGE('',*,*,#2883,.T.);
#12403 = ORIENTED_EDGE('',*,*,#12404,.F.);
#12404 = EDGE_CURVE('',#12405,#2886,#12407,.T.);
#12405 = VERTEX_POINT('',#12406);
#12406 = CARTESIAN_POINT('',(52.525,107.775,1.));
#12407 = LINE('',#12408,#12409);
#12408 = CARTESIAN_POINT('',(52.525,107.775,1.));
#12409 = VECTOR('',#12410,1.);
#12410 = DIRECTION('',(-0.,-0.,-1.));
#12411 = ORIENTED_EDGE('',*,*,#12412,.F.);
#12412 = EDGE_CURVE('',#12396,#12405,#12413,.T.);
#12413 = LINE('',#12414,#12415);
#12414 = CARTESIAN_POINT('',(52.525,121.775,1.));
#12415 = VECTOR('',#12416,1.);
#12416 = DIRECTION('',(0.,-1.,0.));
#12417 = PLANE('',#12418);
#12418 = AXIS2_PLACEMENT_3D('',#12419,#12420,#12421);
#12419 = CARTESIAN_POINT('',(52.525,121.775,1.));
#12420 = DIRECTION('',(-1.,0.,0.));
#12421 = DIRECTION('',(0.,-1.,0.));
#12422 = ADVANCED_FACE('',(#12423),#12441,.F.);
#12423 = FACE_BOUND('',#12424,.F.);
#12424 = EDGE_LOOP('',(#12425,#12433,#12434,#12435));
#12425 = ORIENTED_EDGE('',*,*,#12426,.T.);
#12426 = EDGE_CURVE('',#12427,#2894,#12429,.T.);
#12427 = VERTEX_POINT('',#12428);
#12428 = CARTESIAN_POINT('',(66.525,121.775,1.));
#12429 = LINE('',#12430,#12431);
#12430 = CARTESIAN_POINT('',(66.525,121.775,1.));
#12431 = VECTOR('',#12432,1.);
#12432 = DIRECTION('',(-0.,-0.,-1.));
#12433 = ORIENTED_EDGE('',*,*,#2893,.T.);
#12434 = ORIENTED_EDGE('',*,*,#12395,.F.);
#12435 = ORIENTED_EDGE('',*,*,#12436,.F.);
#12436 = EDGE_CURVE('',#12427,#12396,#12437,.T.);
#12437 = LINE('',#12438,#12439);
#12438 = CARTESIAN_POINT('',(66.525,121.775,1.));
#12439 = VECTOR('',#12440,1.);
#12440 = DIRECTION('',(-1.,0.,0.));
#12441 = PLANE('',#12442);
#12442 = AXIS2_PLACEMENT_3D('',#12443,#12444,#12445);
#12443 = CARTESIAN_POINT('',(66.525,121.775,1.));
#12444 = DIRECTION('',(0.,1.,0.));
#12445 = DIRECTION('',(-1.,0.,0.));
#12446 = ADVANCED_FACE('',(#12447),#12465,.F.);
#12447 = FACE_BOUND('',#12448,.F.);
#12448 = EDGE_LOOP('',(#12449,#12450,#12451,#12459));
#12449 = ORIENTED_EDGE('',*,*,#12404,.T.);
#12450 = ORIENTED_EDGE('',*,*,#2909,.T.);
#12451 = ORIENTED_EDGE('',*,*,#12452,.F.);
#12452 = EDGE_CURVE('',#12453,#2902,#12455,.T.);
#12453 = VERTEX_POINT('',#12454);
#12454 = CARTESIAN_POINT('',(66.525,107.775,1.));
#12455 = LINE('',#12456,#12457);
#12456 = CARTESIAN_POINT('',(66.525,107.775,1.));
#12457 = VECTOR('',#12458,1.);
#12458 = DIRECTION('',(-0.,-0.,-1.));
#12459 = ORIENTED_EDGE('',*,*,#12460,.F.);
#12460 = EDGE_CURVE('',#12405,#12453,#12461,.T.);
#12461 = LINE('',#12462,#12463);
#12462 = CARTESIAN_POINT('',(52.525,107.775,1.));
#12463 = VECTOR('',#12464,1.);
#12464 = DIRECTION('',(1.,0.,0.));
#12465 = PLANE('',#12466);
#12466 = AXIS2_PLACEMENT_3D('',#12467,#12468,#12469);
#12467 = CARTESIAN_POINT('',(52.525,107.775,1.));
#12468 = DIRECTION('',(0.,-1.,0.));
#12469 = DIRECTION('',(1.,0.,0.));
#12470 = ADVANCED_FACE('',(#12471),#12482,.F.);
#12471 = FACE_BOUND('',#12472,.F.);
#12472 = EDGE_LOOP('',(#12473,#12474,#12475,#12476));
#12473 = ORIENTED_EDGE('',*,*,#12452,.T.);
#12474 = ORIENTED_EDGE('',*,*,#2901,.T.);
#12475 = ORIENTED_EDGE('',*,*,#12426,.F.);
#12476 = ORIENTED_EDGE('',*,*,#12477,.F.);
#12477 = EDGE_CURVE('',#12453,#12427,#12478,.T.);
#12478 = LINE('',#12479,#12480);
#12479 = CARTESIAN_POINT('',(66.525,107.775,1.));
#12480 = VECTOR('',#12481,1.);
#12481 = DIRECTION('',(0.,1.,0.));
#12482 = PLANE('',#12483);
#12483 = AXIS2_PLACEMENT_3D('',#12484,#12485,#12486);
#12484 = CARTESIAN_POINT('',(66.525,107.775,1.));
#12485 = DIRECTION('',(1.,0.,0.));
#12486 = DIRECTION('',(0.,1.,0.));
#12487 = ADVANCED_FACE('',(#12488),#12513,.F.);
#12488 = FACE_BOUND('',#12489,.F.);
#12489 = EDGE_LOOP('',(#12490,#12498,#12499,#12507));
#12490 = ORIENTED_EDGE('',*,*,#12491,.T.);
#12491 = EDGE_CURVE('',#12492,#2918,#12494,.T.);
#12492 = VERTEX_POINT('',#12493);
#12493 = CARTESIAN_POINT('',(81.1,121.775,1.));
#12494 = LINE('',#12495,#12496);
#12495 = CARTESIAN_POINT('',(81.1,121.775,1.));
#12496 = VECTOR('',#12497,1.);
#12497 = DIRECTION('',(-0.,-0.,-1.));
#12498 = ORIENTED_EDGE('',*,*,#2917,.T.);
#12499 = ORIENTED_EDGE('',*,*,#12500,.F.);
#12500 = EDGE_CURVE('',#12501,#2920,#12503,.T.);
#12501 = VERTEX_POINT('',#12502);
#12502 = CARTESIAN_POINT('',(81.1,107.775,1.));
#12503 = LINE('',#12504,#12505);
#12504 = CARTESIAN_POINT('',(81.1,107.775,1.));
#12505 = VECTOR('',#12506,1.);
#12506 = DIRECTION('',(-0.,-0.,-1.));
#12507 = ORIENTED_EDGE('',*,*,#12508,.F.);
#12508 = EDGE_CURVE('',#12492,#12501,#12509,.T.);
#12509 = LINE('',#12510,#12511);
#12510 = CARTESIAN_POINT('',(81.1,121.775,1.));
#12511 = VECTOR('',#12512,1.);
#12512 = DIRECTION('',(0.,-1.,0.));
#12513 = PLANE('',#12514);
#12514 = AXIS2_PLACEMENT_3D('',#12515,#12516,#12517);
#12515 = CARTESIAN_POINT('',(81.1,121.775,1.));
#12516 = DIRECTION('',(-1.,0.,0.));
#12517 = DIRECTION('',(0.,-1.,0.));
#12518 = ADVANCED_FACE('',(#12519),#12537,.F.);
#12519 = FACE_BOUND('',#12520,.F.);
#12520 = EDGE_LOOP('',(#12521,#12529,#12530,#12531));
#12521 = ORIENTED_EDGE('',*,*,#12522,.T.);
#12522 = EDGE_CURVE('',#12523,#2928,#12525,.T.);
#12523 = VERTEX_POINT('',#12524);
#12524 = CARTESIAN_POINT('',(95.1,121.775,1.));
#12525 = LINE('',#12526,#12527);
#12526 = CARTESIAN_POINT('',(95.1,121.775,1.));
#12527 = VECTOR('',#12528,1.);
#12528 = DIRECTION('',(-0.,-0.,-1.));
#12529 = ORIENTED_EDGE('',*,*,#2927,.T.);
#12530 = ORIENTED_EDGE('',*,*,#12491,.F.);
#12531 = ORIENTED_EDGE('',*,*,#12532,.F.);
#12532 = EDGE_CURVE('',#12523,#12492,#12533,.T.);
#12533 = LINE('',#12534,#12535);
#12534 = CARTESIAN_POINT('',(95.1,121.775,1.));
#12535 = VECTOR('',#12536,1.);
#12536 = DIRECTION('',(-1.,0.,0.));
#12537 = PLANE('',#12538);
#12538 = AXIS2_PLACEMENT_3D('',#12539,#12540,#12541);
#12539 = CARTESIAN_POINT('',(95.1,121.775,1.));
#12540 = DIRECTION('',(0.,1.,0.));
#12541 = DIRECTION('',(-1.,0.,0.));
#12542 = ADVANCED_FACE('',(#12543),#12561,.F.);
#12543 = FACE_BOUND('',#12544,.F.);
#12544 = EDGE_LOOP('',(#12545,#12546,#12547,#12555));
#12545 = ORIENTED_EDGE('',*,*,#12500,.T.);
#12546 = ORIENTED_EDGE('',*,*,#2943,.T.);
#12547 = ORIENTED_EDGE('',*,*,#12548,.F.);
#12548 = EDGE_CURVE('',#12549,#2936,#12551,.T.);
#12549 = VERTEX_POINT('',#12550);
#12550 = CARTESIAN_POINT('',(95.1,107.775,1.));
#12551 = LINE('',#12552,#12553);
#12552 = CARTESIAN_POINT('',(95.1,107.775,1.));
#12553 = VECTOR('',#12554,1.);
#12554 = DIRECTION('',(-0.,-0.,-1.));
#12555 = ORIENTED_EDGE('',*,*,#12556,.F.);
#12556 = EDGE_CURVE('',#12501,#12549,#12557,.T.);
#12557 = LINE('',#12558,#12559);
#12558 = CARTESIAN_POINT('',(81.1,107.775,1.));
#12559 = VECTOR('',#12560,1.);
#12560 = DIRECTION('',(1.,0.,0.));
#12561 = PLANE('',#12562);
#12562 = AXIS2_PLACEMENT_3D('',#12563,#12564,#12565);
#12563 = CARTESIAN_POINT('',(81.1,107.775,1.));
#12564 = DIRECTION('',(0.,-1.,0.));
#12565 = DIRECTION('',(1.,0.,0.));
#12566 = ADVANCED_FACE('',(#12567),#12578,.F.);
#12567 = FACE_BOUND('',#12568,.F.);
#12568 = EDGE_LOOP('',(#12569,#12570,#12571,#12572));
#12569 = ORIENTED_EDGE('',*,*,#12548,.T.);
#12570 = ORIENTED_EDGE('',*,*,#2935,.T.);
#12571 = ORIENTED_EDGE('',*,*,#12522,.F.);
#12572 = ORIENTED_EDGE('',*,*,#12573,.F.);
#12573 = EDGE_CURVE('',#12549,#12523,#12574,.T.);
#12574 = LINE('',#12575,#12576);
#12575 = CARTESIAN_POINT('',(95.1,107.775,1.));
#12576 = VECTOR('',#12577,1.);
#12577 = DIRECTION('',(0.,1.,0.));
#12578 = PLANE('',#12579);
#12579 = AXIS2_PLACEMENT_3D('',#12580,#12581,#12582);
#12580 = CARTESIAN_POINT('',(95.1,107.775,1.));
#12581 = DIRECTION('',(1.,0.,0.));
#12582 = DIRECTION('',(0.,1.,0.));
#12583 = ADVANCED_FACE('',(#12584),#12609,.F.);
#12584 = FACE_BOUND('',#12585,.F.);
#12585 = EDGE_LOOP('',(#12586,#12594,#12595,#12603));
#12586 = ORIENTED_EDGE('',*,*,#12587,.T.);
#12587 = EDGE_CURVE('',#12588,#2952,#12590,.T.);
#12588 = VERTEX_POINT('',#12589);
#12589 = CARTESIAN_POINT('',(100.15,121.775,1.));
#12590 = LINE('',#12591,#12592);
#12591 = CARTESIAN_POINT('',(100.15,121.775,1.));
#12592 = VECTOR('',#12593,1.);
#12593 = DIRECTION('',(-0.,-0.,-1.));
#12594 = ORIENTED_EDGE('',*,*,#2951,.T.);
#12595 = ORIENTED_EDGE('',*,*,#12596,.F.);
#12596 = EDGE_CURVE('',#12597,#2954,#12599,.T.);
#12597 = VERTEX_POINT('',#12598);
#12598 = CARTESIAN_POINT('',(100.15,107.775,1.));
#12599 = LINE('',#12600,#12601);
#12600 = CARTESIAN_POINT('',(100.15,107.775,1.));
#12601 = VECTOR('',#12602,1.);
#12602 = DIRECTION('',(-0.,-0.,-1.));
#12603 = ORIENTED_EDGE('',*,*,#12604,.F.);
#12604 = EDGE_CURVE('',#12588,#12597,#12605,.T.);
#12605 = LINE('',#12606,#12607);
#12606 = CARTESIAN_POINT('',(100.15,121.775,1.));
#12607 = VECTOR('',#12608,1.);
#12608 = DIRECTION('',(0.,-1.,0.));
#12609 = PLANE('',#12610);
#12610 = AXIS2_PLACEMENT_3D('',#12611,#12612,#12613);
#12611 = CARTESIAN_POINT('',(100.15,121.775,1.));
#12612 = DIRECTION('',(-1.,0.,0.));
#12613 = DIRECTION('',(0.,-1.,0.));
#12614 = ADVANCED_FACE('',(#12615),#12633,.F.);
#12615 = FACE_BOUND('',#12616,.F.);
#12616 = EDGE_LOOP('',(#12617,#12625,#12626,#12627));
#12617 = ORIENTED_EDGE('',*,*,#12618,.T.);
#12618 = EDGE_CURVE('',#12619,#2962,#12621,.T.);
#12619 = VERTEX_POINT('',#12620);
#12620 = CARTESIAN_POINT('',(114.15,121.775,1.));
#12621 = LINE('',#12622,#12623);
#12622 = CARTESIAN_POINT('',(114.15,121.775,1.));
#12623 = VECTOR('',#12624,1.);
#12624 = DIRECTION('',(-0.,-0.,-1.));
#12625 = ORIENTED_EDGE('',*,*,#2961,.T.);
#12626 = ORIENTED_EDGE('',*,*,#12587,.F.);
#12627 = ORIENTED_EDGE('',*,*,#12628,.F.);
#12628 = EDGE_CURVE('',#12619,#12588,#12629,.T.);
#12629 = LINE('',#12630,#12631);
#12630 = CARTESIAN_POINT('',(114.15,121.775,1.));
#12631 = VECTOR('',#12632,1.);
#12632 = DIRECTION('',(-1.,0.,0.));
#12633 = PLANE('',#12634);
#12634 = AXIS2_PLACEMENT_3D('',#12635,#12636,#12637);
#12635 = CARTESIAN_POINT('',(114.15,121.775,1.));
#12636 = DIRECTION('',(0.,1.,0.));
#12637 = DIRECTION('',(-1.,0.,0.));
#12638 = ADVANCED_FACE('',(#12639),#12657,.F.);
#12639 = FACE_BOUND('',#12640,.F.);
#12640 = EDGE_LOOP('',(#12641,#12642,#12643,#12651));
#12641 = ORIENTED_EDGE('',*,*,#12596,.T.);
#12642 = ORIENTED_EDGE('',*,*,#2977,.T.);
#12643 = ORIENTED_EDGE('',*,*,#12644,.F.);
#12644 = EDGE_CURVE('',#12645,#2970,#12647,.T.);
#12645 = VERTEX_POINT('',#12646);
#12646 = CARTESIAN_POINT('',(114.15,107.775,1.));
#12647 = LINE('',#12648,#12649);
#12648 = CARTESIAN_POINT('',(114.15,107.775,1.));
#12649 = VECTOR('',#12650,1.);
#12650 = DIRECTION('',(-0.,-0.,-1.));
#12651 = ORIENTED_EDGE('',*,*,#12652,.F.);
#12652 = EDGE_CURVE('',#12597,#12645,#12653,.T.);
#12653 = LINE('',#12654,#12655);
#12654 = CARTESIAN_POINT('',(100.15,107.775,1.));
#12655 = VECTOR('',#12656,1.);
#12656 = DIRECTION('',(1.,0.,0.));
#12657 = PLANE('',#12658);
#12658 = AXIS2_PLACEMENT_3D('',#12659,#12660,#12661);
#12659 = CARTESIAN_POINT('',(100.15,107.775,1.));
#12660 = DIRECTION('',(0.,-1.,0.));
#12661 = DIRECTION('',(1.,0.,0.));
#12662 = ADVANCED_FACE('',(#12663),#12674,.F.);
#12663 = FACE_BOUND('',#12664,.F.);
#12664 = EDGE_LOOP('',(#12665,#12666,#12667,#12668));
#12665 = ORIENTED_EDGE('',*,*,#12644,.T.);
#12666 = ORIENTED_EDGE('',*,*,#2969,.T.);
#12667 = ORIENTED_EDGE('',*,*,#12618,.F.);
#12668 = ORIENTED_EDGE('',*,*,#12669,.F.);
#12669 = EDGE_CURVE('',#12645,#12619,#12670,.T.);
#12670 = LINE('',#12671,#12672);
#12671 = CARTESIAN_POINT('',(114.15,107.775,1.));
#12672 = VECTOR('',#12673,1.);
#12673 = DIRECTION('',(0.,1.,0.));
#12674 = PLANE('',#12675);
#12675 = AXIS2_PLACEMENT_3D('',#12676,#12677,#12678);
#12676 = CARTESIAN_POINT('',(114.15,107.775,1.));
#12677 = DIRECTION('',(1.,0.,0.));
#12678 = DIRECTION('',(0.,1.,0.));
#12679 = ADVANCED_FACE('',(#12680),#12705,.F.);
#12680 = FACE_BOUND('',#12681,.F.);
#12681 = EDGE_LOOP('',(#12682,#12690,#12691,#12699));
#12682 = ORIENTED_EDGE('',*,*,#12683,.T.);
#12683 = EDGE_CURVE('',#12684,#2986,#12686,.T.);
#12684 = VERTEX_POINT('',#12685);
#12685 = CARTESIAN_POINT('',(119.2,121.775,1.));
#12686 = LINE('',#12687,#12688);
#12687 = CARTESIAN_POINT('',(119.2,121.775,1.));
#12688 = VECTOR('',#12689,1.);
#12689 = DIRECTION('',(-0.,-0.,-1.));
#12690 = ORIENTED_EDGE('',*,*,#2985,.T.);
#12691 = ORIENTED_EDGE('',*,*,#12692,.F.);
#12692 = EDGE_CURVE('',#12693,#2988,#12695,.T.);
#12693 = VERTEX_POINT('',#12694);
#12694 = CARTESIAN_POINT('',(119.2,107.775,1.));
#12695 = LINE('',#12696,#12697);
#12696 = CARTESIAN_POINT('',(119.2,107.775,1.));
#12697 = VECTOR('',#12698,1.);
#12698 = DIRECTION('',(-0.,-0.,-1.));
#12699 = ORIENTED_EDGE('',*,*,#12700,.F.);
#12700 = EDGE_CURVE('',#12684,#12693,#12701,.T.);
#12701 = LINE('',#12702,#12703);
#12702 = CARTESIAN_POINT('',(119.2,121.775,1.));
#12703 = VECTOR('',#12704,1.);
#12704 = DIRECTION('',(0.,-1.,0.));
#12705 = PLANE('',#12706);
#12706 = AXIS2_PLACEMENT_3D('',#12707,#12708,#12709);
#12707 = CARTESIAN_POINT('',(119.2,121.775,1.));
#12708 = DIRECTION('',(-1.,0.,0.));
#12709 = DIRECTION('',(0.,-1.,0.));
#12710 = ADVANCED_FACE('',(#12711),#12729,.F.);
#12711 = FACE_BOUND('',#12712,.F.);
#12712 = EDGE_LOOP('',(#12713,#12721,#12722,#12723));
#12713 = ORIENTED_EDGE('',*,*,#12714,.T.);
#12714 = EDGE_CURVE('',#12715,#2996,#12717,.T.);
#12715 = VERTEX_POINT('',#12716);
#12716 = CARTESIAN_POINT('',(133.2,121.775,1.));
#12717 = LINE('',#12718,#12719);
#12718 = CARTESIAN_POINT('',(133.2,121.775,1.));
#12719 = VECTOR('',#12720,1.);
#12720 = DIRECTION('',(-0.,-0.,-1.));
#12721 = ORIENTED_EDGE('',*,*,#2995,.T.);
#12722 = ORIENTED_EDGE('',*,*,#12683,.F.);
#12723 = ORIENTED_EDGE('',*,*,#12724,.F.);
#12724 = EDGE_CURVE('',#12715,#12684,#12725,.T.);
#12725 = LINE('',#12726,#12727);
#12726 = CARTESIAN_POINT('',(133.2,121.775,1.));
#12727 = VECTOR('',#12728,1.);
#12728 = DIRECTION('',(-1.,0.,0.));
#12729 = PLANE('',#12730);
#12730 = AXIS2_PLACEMENT_3D('',#12731,#12732,#12733);
#12731 = CARTESIAN_POINT('',(133.2,121.775,1.));
#12732 = DIRECTION('',(0.,1.,0.));
#12733 = DIRECTION('',(-1.,0.,0.));
#12734 = ADVANCED_FACE('',(#12735),#12753,.F.);
#12735 = FACE_BOUND('',#12736,.F.);
#12736 = EDGE_LOOP('',(#12737,#12738,#12739,#12747));
#12737 = ORIENTED_EDGE('',*,*,#12692,.T.);
#12738 = ORIENTED_EDGE('',*,*,#3011,.T.);
#12739 = ORIENTED_EDGE('',*,*,#12740,.F.);
#12740 = EDGE_CURVE('',#12741,#3004,#12743,.T.);
#12741 = VERTEX_POINT('',#12742);
#12742 = CARTESIAN_POINT('',(133.2,107.775,1.));
#12743 = LINE('',#12744,#12745);
#12744 = CARTESIAN_POINT('',(133.2,107.775,1.));
#12745 = VECTOR('',#12746,1.);
#12746 = DIRECTION('',(-0.,-0.,-1.));
#12747 = ORIENTED_EDGE('',*,*,#12748,.F.);
#12748 = EDGE_CURVE('',#12693,#12741,#12749,.T.);
#12749 = LINE('',#12750,#12751);
#12750 = CARTESIAN_POINT('',(119.2,107.775,1.));
#12751 = VECTOR('',#12752,1.);
#12752 = DIRECTION('',(1.,0.,0.));
#12753 = PLANE('',#12754);
#12754 = AXIS2_PLACEMENT_3D('',#12755,#12756,#12757);
#12755 = CARTESIAN_POINT('',(119.2,107.775,1.));
#12756 = DIRECTION('',(0.,-1.,0.));
#12757 = DIRECTION('',(1.,0.,0.));
#12758 = ADVANCED_FACE('',(#12759),#12770,.F.);
#12759 = FACE_BOUND('',#12760,.F.);
#12760 = EDGE_LOOP('',(#12761,#12762,#12763,#12764));
#12761 = ORIENTED_EDGE('',*,*,#12740,.T.);
#12762 = ORIENTED_EDGE('',*,*,#3003,.T.);
#12763 = ORIENTED_EDGE('',*,*,#12714,.F.);
#12764 = ORIENTED_EDGE('',*,*,#12765,.F.);
#12765 = EDGE_CURVE('',#12741,#12715,#12766,.T.);
#12766 = LINE('',#12767,#12768);
#12767 = CARTESIAN_POINT('',(133.2,107.775,1.));
#12768 = VECTOR('',#12769,1.);
#12769 = DIRECTION('',(0.,1.,0.));
#12770 = PLANE('',#12771);
#12771 = AXIS2_PLACEMENT_3D('',#12772,#12773,#12774);
#12772 = CARTESIAN_POINT('',(133.2,107.775,1.));
#12773 = DIRECTION('',(1.,0.,0.));
#12774 = DIRECTION('',(0.,1.,0.));
#12775 = ADVANCED_FACE('',(#12776),#12801,.F.);
#12776 = FACE_BOUND('',#12777,.F.);
#12777 = EDGE_LOOP('',(#12778,#12786,#12787,#12795));
#12778 = ORIENTED_EDGE('',*,*,#12779,.T.);
#12779 = EDGE_CURVE('',#12780,#3020,#12782,.T.);
#12780 = VERTEX_POINT('',#12781);
#12781 = CARTESIAN_POINT('',(138.25,121.775,1.));
#12782 = LINE('',#12783,#12784);
#12783 = CARTESIAN_POINT('',(138.25,121.775,1.));
#12784 = VECTOR('',#12785,1.);
#12785 = DIRECTION('',(-0.,-0.,-1.));
#12786 = ORIENTED_EDGE('',*,*,#3019,.T.);
#12787 = ORIENTED_EDGE('',*,*,#12788,.F.);
#12788 = EDGE_CURVE('',#12789,#3022,#12791,.T.);
#12789 = VERTEX_POINT('',#12790);
#12790 = CARTESIAN_POINT('',(138.25,107.775,1.));
#12791 = LINE('',#12792,#12793);
#12792 = CARTESIAN_POINT('',(138.25,107.775,1.));
#12793 = VECTOR('',#12794,1.);
#12794 = DIRECTION('',(-0.,-0.,-1.));
#12795 = ORIENTED_EDGE('',*,*,#12796,.F.);
#12796 = EDGE_CURVE('',#12780,#12789,#12797,.T.);
#12797 = LINE('',#12798,#12799);
#12798 = CARTESIAN_POINT('',(138.25,121.775,1.));
#12799 = VECTOR('',#12800,1.);
#12800 = DIRECTION('',(0.,-1.,0.));
#12801 = PLANE('',#12802);
#12802 = AXIS2_PLACEMENT_3D('',#12803,#12804,#12805);
#12803 = CARTESIAN_POINT('',(138.25,121.775,1.));
#12804 = DIRECTION('',(-1.,0.,0.));
#12805 = DIRECTION('',(0.,-1.,0.));
#12806 = ADVANCED_FACE('',(#12807),#12825,.F.);
#12807 = FACE_BOUND('',#12808,.F.);
#12808 = EDGE_LOOP('',(#12809,#12817,#12818,#12819));
#12809 = ORIENTED_EDGE('',*,*,#12810,.T.);
#12810 = EDGE_CURVE('',#12811,#3030,#12813,.T.);
#12811 = VERTEX_POINT('',#12812);
#12812 = CARTESIAN_POINT('',(152.25,121.775,1.));
#12813 = LINE('',#12814,#12815);
#12814 = CARTESIAN_POINT('',(152.25,121.775,1.));
#12815 = VECTOR('',#12816,1.);
#12816 = DIRECTION('',(-0.,-0.,-1.));
#12817 = ORIENTED_EDGE('',*,*,#3029,.T.);
#12818 = ORIENTED_EDGE('',*,*,#12779,.F.);
#12819 = ORIENTED_EDGE('',*,*,#12820,.F.);
#12820 = EDGE_CURVE('',#12811,#12780,#12821,.T.);
#12821 = LINE('',#12822,#12823);
#12822 = CARTESIAN_POINT('',(152.25,121.775,1.));
#12823 = VECTOR('',#12824,1.);
#12824 = DIRECTION('',(-1.,0.,0.));
#12825 = PLANE('',#12826);
#12826 = AXIS2_PLACEMENT_3D('',#12827,#12828,#12829);
#12827 = CARTESIAN_POINT('',(152.25,121.775,1.));
#12828 = DIRECTION('',(0.,1.,0.));
#12829 = DIRECTION('',(-1.,0.,0.));
#12830 = ADVANCED_FACE('',(#12831),#12849,.F.);
#12831 = FACE_BOUND('',#12832,.F.);
#12832 = EDGE_LOOP('',(#12833,#12834,#12835,#12843));
#12833 = ORIENTED_EDGE('',*,*,#12788,.T.);
#12834 = ORIENTED_EDGE('',*,*,#3045,.T.);
#12835 = ORIENTED_EDGE('',*,*,#12836,.F.);
#12836 = EDGE_CURVE('',#12837,#3038,#12839,.T.);
#12837 = VERTEX_POINT('',#12838);
#12838 = CARTESIAN_POINT('',(152.25,107.775,1.));
#12839 = LINE('',#12840,#12841);
#12840 = CARTESIAN_POINT('',(152.25,107.775,1.));
#12841 = VECTOR('',#12842,1.);
#12842 = DIRECTION('',(-0.,-0.,-1.));
#12843 = ORIENTED_EDGE('',*,*,#12844,.F.);
#12844 = EDGE_CURVE('',#12789,#12837,#12845,.T.);
#12845 = LINE('',#12846,#12847);
#12846 = CARTESIAN_POINT('',(138.25,107.775,1.));
#12847 = VECTOR('',#12848,1.);
#12848 = DIRECTION('',(1.,0.,0.));
#12849 = PLANE('',#12850);
#12850 = AXIS2_PLACEMENT_3D('',#12851,#12852,#12853);
#12851 = CARTESIAN_POINT('',(138.25,107.775,1.));
#12852 = DIRECTION('',(0.,-1.,0.));
#12853 = DIRECTION('',(1.,0.,0.));
#12854 = ADVANCED_FACE('',(#12855),#12866,.F.);
#12855 = FACE_BOUND('',#12856,.F.);
#12856 = EDGE_LOOP('',(#12857,#12858,#12859,#12860));
#12857 = ORIENTED_EDGE('',*,*,#12836,.T.);
#12858 = ORIENTED_EDGE('',*,*,#3037,.T.);
#12859 = ORIENTED_EDGE('',*,*,#12810,.F.);
#12860 = ORIENTED_EDGE('',*,*,#12861,.F.);
#12861 = EDGE_CURVE('',#12837,#12811,#12862,.T.);
#12862 = LINE('',#12863,#12864);
#12863 = CARTESIAN_POINT('',(152.25,107.775,1.));
#12864 = VECTOR('',#12865,1.);
#12865 = DIRECTION('',(0.,1.,0.));
#12866 = PLANE('',#12867);
#12867 = AXIS2_PLACEMENT_3D('',#12868,#12869,#12870);
#12868 = CARTESIAN_POINT('',(152.25,107.775,1.));
#12869 = DIRECTION('',(1.,0.,0.));
#12870 = DIRECTION('',(0.,1.,0.));
#12871 = ADVANCED_FACE('',(#12872),#12897,.F.);
#12872 = FACE_BOUND('',#12873,.F.);
#12873 = EDGE_LOOP('',(#12874,#12882,#12883,#12891));
#12874 = ORIENTED_EDGE('',*,*,#12875,.T.);
#12875 = EDGE_CURVE('',#12876,#3054,#12878,.T.);
#12876 = VERTEX_POINT('',#12877);
#12877 = CARTESIAN_POINT('',(166.825,121.775,1.));
#12878 = LINE('',#12879,#12880);
#12879 = CARTESIAN_POINT('',(166.825,121.775,1.));
#12880 = VECTOR('',#12881,1.);
#12881 = DIRECTION('',(-0.,-0.,-1.));
#12882 = ORIENTED_EDGE('',*,*,#3053,.T.);
#12883 = ORIENTED_EDGE('',*,*,#12884,.F.);
#12884 = EDGE_CURVE('',#12885,#3056,#12887,.T.);
#12885 = VERTEX_POINT('',#12886);
#12886 = CARTESIAN_POINT('',(166.825,107.775,1.));
#12887 = LINE('',#12888,#12889);
#12888 = CARTESIAN_POINT('',(166.825,107.775,1.));
#12889 = VECTOR('',#12890,1.);
#12890 = DIRECTION('',(-0.,-0.,-1.));
#12891 = ORIENTED_EDGE('',*,*,#12892,.F.);
#12892 = EDGE_CURVE('',#12876,#12885,#12893,.T.);
#12893 = LINE('',#12894,#12895);
#12894 = CARTESIAN_POINT('',(166.825,121.775,1.));
#12895 = VECTOR('',#12896,1.);
#12896 = DIRECTION('',(0.,-1.,0.));
#12897 = PLANE('',#12898);
#12898 = AXIS2_PLACEMENT_3D('',#12899,#12900,#12901);
#12899 = CARTESIAN_POINT('',(166.825,121.775,1.));
#12900 = DIRECTION('',(-1.,0.,0.));
#12901 = DIRECTION('',(0.,-1.,0.));
#12902 = ADVANCED_FACE('',(#12903),#12921,.F.);
#12903 = FACE_BOUND('',#12904,.F.);
#12904 = EDGE_LOOP('',(#12905,#12913,#12914,#12915));
#12905 = ORIENTED_EDGE('',*,*,#12906,.T.);
#12906 = EDGE_CURVE('',#12907,#3064,#12909,.T.);
#12907 = VERTEX_POINT('',#12908);
#12908 = CARTESIAN_POINT('',(180.825,121.775,1.));
#12909 = LINE('',#12910,#12911);
#12910 = CARTESIAN_POINT('',(180.825,121.775,1.));
#12911 = VECTOR('',#12912,1.);
#12912 = DIRECTION('',(-0.,-0.,-1.));
#12913 = ORIENTED_EDGE('',*,*,#3063,.T.);
#12914 = ORIENTED_EDGE('',*,*,#12875,.F.);
#12915 = ORIENTED_EDGE('',*,*,#12916,.F.);
#12916 = EDGE_CURVE('',#12907,#12876,#12917,.T.);
#12917 = LINE('',#12918,#12919);
#12918 = CARTESIAN_POINT('',(180.825,121.775,1.));
#12919 = VECTOR('',#12920,1.);
#12920 = DIRECTION('',(-1.,0.,0.));
#12921 = PLANE('',#12922);
#12922 = AXIS2_PLACEMENT_3D('',#12923,#12924,#12925);
#12923 = CARTESIAN_POINT('',(180.825,121.775,1.));
#12924 = DIRECTION('',(0.,1.,0.));
#12925 = DIRECTION('',(-1.,0.,0.));
#12926 = ADVANCED_FACE('',(#12927),#12945,.F.);
#12927 = FACE_BOUND('',#12928,.F.);
#12928 = EDGE_LOOP('',(#12929,#12930,#12931,#12939));
#12929 = ORIENTED_EDGE('',*,*,#12884,.T.);
#12930 = ORIENTED_EDGE('',*,*,#3079,.T.);
#12931 = ORIENTED_EDGE('',*,*,#12932,.F.);
#12932 = EDGE_CURVE('',#12933,#3072,#12935,.T.);
#12933 = VERTEX_POINT('',#12934);
#12934 = CARTESIAN_POINT('',(180.825,107.775,1.));
#12935 = LINE('',#12936,#12937);
#12936 = CARTESIAN_POINT('',(180.825,107.775,1.));
#12937 = VECTOR('',#12938,1.);
#12938 = DIRECTION('',(-0.,-0.,-1.));
#12939 = ORIENTED_EDGE('',*,*,#12940,.F.);
#12940 = EDGE_CURVE('',#12885,#12933,#12941,.T.);
#12941 = LINE('',#12942,#12943);
#12942 = CARTESIAN_POINT('',(166.825,107.775,1.));
#12943 = VECTOR('',#12944,1.);
#12944 = DIRECTION('',(1.,0.,0.));
#12945 = PLANE('',#12946);
#12946 = AXIS2_PLACEMENT_3D('',#12947,#12948,#12949);
#12947 = CARTESIAN_POINT('',(166.825,107.775,1.));
#12948 = DIRECTION('',(0.,-1.,0.));
#12949 = DIRECTION('',(1.,0.,0.));
#12950 = ADVANCED_FACE('',(#12951),#12962,.F.);
#12951 = FACE_BOUND('',#12952,.F.);
#12952 = EDGE_LOOP('',(#12953,#12954,#12955,#12956));
#12953 = ORIENTED_EDGE('',*,*,#12932,.T.);
#12954 = ORIENTED_EDGE('',*,*,#3071,.T.);
#12955 = ORIENTED_EDGE('',*,*,#12906,.F.);
#12956 = ORIENTED_EDGE('',*,*,#12957,.F.);
#12957 = EDGE_CURVE('',#12933,#12907,#12958,.T.);
#12958 = LINE('',#12959,#12960);
#12959 = CARTESIAN_POINT('',(180.825,107.775,1.));
#12960 = VECTOR('',#12961,1.);
#12961 = DIRECTION('',(0.,1.,0.));
#12962 = PLANE('',#12963);
#12963 = AXIS2_PLACEMENT_3D('',#12964,#12965,#12966);
#12964 = CARTESIAN_POINT('',(180.825,107.775,1.));
#12965 = DIRECTION('',(1.,0.,0.));
#12966 = DIRECTION('',(0.,1.,0.));
#12967 = ADVANCED_FACE('',(#12968),#12993,.F.);
#12968 = FACE_BOUND('',#12969,.F.);
#12969 = EDGE_LOOP('',(#12970,#12978,#12979,#12987));
#12970 = ORIENTED_EDGE('',*,*,#12971,.T.);
#12971 = EDGE_CURVE('',#12972,#3088,#12974,.T.);
#12972 = VERTEX_POINT('',#12973);
#12973 = CARTESIAN_POINT('',(176.35,78.675,1.));
#12974 = LINE('',#12975,#12976);
#12975 = CARTESIAN_POINT('',(176.35,78.675,1.));
#12976 = VECTOR('',#12977,1.);
#12977 = DIRECTION('',(-0.,-0.,-1.));
#12978 = ORIENTED_EDGE('',*,*,#3087,.T.);
#12979 = ORIENTED_EDGE('',*,*,#12980,.F.);
#12980 = EDGE_CURVE('',#12981,#3090,#12983,.T.);
#12981 = VERTEX_POINT('',#12982);
#12982 = CARTESIAN_POINT('',(176.35,64.675,1.));
#12983 = LINE('',#12984,#12985);
#12984 = CARTESIAN_POINT('',(176.35,64.675,1.));
#12985 = VECTOR('',#12986,1.);
#12986 = DIRECTION('',(-0.,-0.,-1.));
#12987 = ORIENTED_EDGE('',*,*,#12988,.F.);
#12988 = EDGE_CURVE('',#12972,#12981,#12989,.T.);
#12989 = LINE('',#12990,#12991);
#12990 = CARTESIAN_POINT('',(176.35,78.675,1.));
#12991 = VECTOR('',#12992,1.);
#12992 = DIRECTION('',(0.,-1.,0.));
#12993 = PLANE('',#12994);
#12994 = AXIS2_PLACEMENT_3D('',#12995,#12996,#12997);
#12995 = CARTESIAN_POINT('',(176.35,78.675,1.));
#12996 = DIRECTION('',(-1.,0.,0.));
#12997 = DIRECTION('',(0.,-1.,0.));
#12998 = ADVANCED_FACE('',(#12999),#13017,.F.);
#12999 = FACE_BOUND('',#13000,.F.);
#13000 = EDGE_LOOP('',(#13001,#13009,#13010,#13011));
#13001 = ORIENTED_EDGE('',*,*,#13002,.T.);
#13002 = EDGE_CURVE('',#13003,#3098,#13005,.T.);
#13003 = VERTEX_POINT('',#13004);
#13004 = CARTESIAN_POINT('',(190.35,78.675,1.));
#13005 = LINE('',#13006,#13007);
#13006 = CARTESIAN_POINT('',(190.35,78.675,1.));
#13007 = VECTOR('',#13008,1.);
#13008 = DIRECTION('',(-0.,-0.,-1.));
#13009 = ORIENTED_EDGE('',*,*,#3097,.T.);
#13010 = ORIENTED_EDGE('',*,*,#12971,.F.);
#13011 = ORIENTED_EDGE('',*,*,#13012,.F.);
#13012 = EDGE_CURVE('',#13003,#12972,#13013,.T.);
#13013 = LINE('',#13014,#13015);
#13014 = CARTESIAN_POINT('',(190.35,78.675,1.));
#13015 = VECTOR('',#13016,1.);
#13016 = DIRECTION('',(-1.,0.,0.));
#13017 = PLANE('',#13018);
#13018 = AXIS2_PLACEMENT_3D('',#13019,#13020,#13021);
#13019 = CARTESIAN_POINT('',(190.35,78.675,1.));
#13020 = DIRECTION('',(0.,1.,0.));
#13021 = DIRECTION('',(-1.,0.,0.));
#13022 = ADVANCED_FACE('',(#13023),#13041,.F.);
#13023 = FACE_BOUND('',#13024,.F.);
#13024 = EDGE_LOOP('',(#13025,#13026,#13027,#13035));
#13025 = ORIENTED_EDGE('',*,*,#12980,.T.);
#13026 = ORIENTED_EDGE('',*,*,#3113,.T.);
#13027 = ORIENTED_EDGE('',*,*,#13028,.F.);
#13028 = EDGE_CURVE('',#13029,#3106,#13031,.T.);
#13029 = VERTEX_POINT('',#13030);
#13030 = CARTESIAN_POINT('',(190.35,64.675,1.));
#13031 = LINE('',#13032,#13033);
#13032 = CARTESIAN_POINT('',(190.35,64.675,1.));
#13033 = VECTOR('',#13034,1.);
#13034 = DIRECTION('',(-0.,-0.,-1.));
#13035 = ORIENTED_EDGE('',*,*,#13036,.F.);
#13036 = EDGE_CURVE('',#12981,#13029,#13037,.T.);
#13037 = LINE('',#13038,#13039);
#13038 = CARTESIAN_POINT('',(176.35,64.675,1.));
#13039 = VECTOR('',#13040,1.);
#13040 = DIRECTION('',(1.,0.,0.));
#13041 = PLANE('',#13042);
#13042 = AXIS2_PLACEMENT_3D('',#13043,#13044,#13045);
#13043 = CARTESIAN_POINT('',(176.35,64.675,1.));
#13044 = DIRECTION('',(0.,-1.,0.));
#13045 = DIRECTION('',(1.,0.,0.));
#13046 = ADVANCED_FACE('',(#13047),#13058,.F.);
#13047 = FACE_BOUND('',#13048,.F.);
#13048 = EDGE_LOOP('',(#13049,#13050,#13051,#13052));
#13049 = ORIENTED_EDGE('',*,*,#13028,.T.);
#13050 = ORIENTED_EDGE('',*,*,#3105,.T.);
#13051 = ORIENTED_EDGE('',*,*,#13002,.F.);
#13052 = ORIENTED_EDGE('',*,*,#13053,.F.);
#13053 = EDGE_CURVE('',#13029,#13003,#13054,.T.);
#13054 = LINE('',#13055,#13056);
#13055 = CARTESIAN_POINT('',(190.35,64.675,1.));
#13056 = VECTOR('',#13057,1.);
#13057 = DIRECTION('',(0.,1.,0.));
#13058 = PLANE('',#13059);
#13059 = AXIS2_PLACEMENT_3D('',#13060,#13061,#13062);
#13060 = CARTESIAN_POINT('',(190.35,64.675,1.));
#13061 = DIRECTION('',(1.,0.,0.));
#13062 = DIRECTION('',(0.,1.,0.));
#13063 = ADVANCED_FACE('',(#13064),#13089,.F.);
#13064 = FACE_BOUND('',#13065,.F.);
#13065 = EDGE_LOOP('',(#13066,#13074,#13075,#13083));
#13066 = ORIENTED_EDGE('',*,*,#13067,.T.);
#13067 = EDGE_CURVE('',#13068,#3122,#13070,.T.);
#13068 = VERTEX_POINT('',#13069);
#13069 = CARTESIAN_POINT('',(195.4,78.675,1.));
#13070 = LINE('',#13071,#13072);
#13071 = CARTESIAN_POINT('',(195.4,78.675,1.));
#13072 = VECTOR('',#13073,1.);
#13073 = DIRECTION('',(-0.,-0.,-1.));
#13074 = ORIENTED_EDGE('',*,*,#3121,.T.);
#13075 = ORIENTED_EDGE('',*,*,#13076,.F.);
#13076 = EDGE_CURVE('',#13077,#3124,#13079,.T.);
#13077 = VERTEX_POINT('',#13078);
#13078 = CARTESIAN_POINT('',(195.4,64.675,1.));
#13079 = LINE('',#13080,#13081);
#13080 = CARTESIAN_POINT('',(195.4,64.675,1.));
#13081 = VECTOR('',#13082,1.);
#13082 = DIRECTION('',(-0.,-0.,-1.));
#13083 = ORIENTED_EDGE('',*,*,#13084,.F.);
#13084 = EDGE_CURVE('',#13068,#13077,#13085,.T.);
#13085 = LINE('',#13086,#13087);
#13086 = CARTESIAN_POINT('',(195.4,78.675,1.));
#13087 = VECTOR('',#13088,1.);
#13088 = DIRECTION('',(0.,-1.,0.));
#13089 = PLANE('',#13090);
#13090 = AXIS2_PLACEMENT_3D('',#13091,#13092,#13093);
#13091 = CARTESIAN_POINT('',(195.4,78.675,1.));
#13092 = DIRECTION('',(-1.,0.,0.));
#13093 = DIRECTION('',(0.,-1.,0.));
#13094 = ADVANCED_FACE('',(#13095),#13113,.F.);
#13095 = FACE_BOUND('',#13096,.F.);
#13096 = EDGE_LOOP('',(#13097,#13105,#13106,#13107));
#13097 = ORIENTED_EDGE('',*,*,#13098,.T.);
#13098 = EDGE_CURVE('',#13099,#3132,#13101,.T.);
#13099 = VERTEX_POINT('',#13100);
#13100 = CARTESIAN_POINT('',(209.4,78.675,1.));
#13101 = LINE('',#13102,#13103);
#13102 = CARTESIAN_POINT('',(209.4,78.675,1.));
#13103 = VECTOR('',#13104,1.);
#13104 = DIRECTION('',(-0.,-0.,-1.));
#13105 = ORIENTED_EDGE('',*,*,#3131,.T.);
#13106 = ORIENTED_EDGE('',*,*,#13067,.F.);
#13107 = ORIENTED_EDGE('',*,*,#13108,.F.);
#13108 = EDGE_CURVE('',#13099,#13068,#13109,.T.);
#13109 = LINE('',#13110,#13111);
#13110 = CARTESIAN_POINT('',(209.4,78.675,1.));
#13111 = VECTOR('',#13112,1.);
#13112 = DIRECTION('',(-1.,0.,0.));
#13113 = PLANE('',#13114);
#13114 = AXIS2_PLACEMENT_3D('',#13115,#13116,#13117);
#13115 = CARTESIAN_POINT('',(209.4,78.675,1.));
#13116 = DIRECTION('',(0.,1.,0.));
#13117 = DIRECTION('',(-1.,0.,0.));
#13118 = ADVANCED_FACE('',(#13119),#13137,.F.);
#13119 = FACE_BOUND('',#13120,.F.);
#13120 = EDGE_LOOP('',(#13121,#13122,#13123,#13131));
#13121 = ORIENTED_EDGE('',*,*,#13076,.T.);
#13122 = ORIENTED_EDGE('',*,*,#3147,.T.);
#13123 = ORIENTED_EDGE('',*,*,#13124,.F.);
#13124 = EDGE_CURVE('',#13125,#3140,#13127,.T.);
#13125 = VERTEX_POINT('',#13126);
#13126 = CARTESIAN_POINT('',(209.4,64.675,1.));
#13127 = LINE('',#13128,#13129);
#13128 = CARTESIAN_POINT('',(209.4,64.675,1.));
#13129 = VECTOR('',#13130,1.);
#13130 = DIRECTION('',(-0.,-0.,-1.));
#13131 = ORIENTED_EDGE('',*,*,#13132,.F.);
#13132 = EDGE_CURVE('',#13077,#13125,#13133,.T.);
#13133 = LINE('',#13134,#13135);
#13134 = CARTESIAN_POINT('',(195.4,64.675,1.));
#13135 = VECTOR('',#13136,1.);
#13136 = DIRECTION('',(1.,0.,0.));
#13137 = PLANE('',#13138);
#13138 = AXIS2_PLACEMENT_3D('',#13139,#13140,#13141);
#13139 = CARTESIAN_POINT('',(195.4,64.675,1.));
#13140 = DIRECTION('',(0.,-1.,0.));
#13141 = DIRECTION('',(1.,0.,0.));
#13142 = ADVANCED_FACE('',(#13143),#13154,.F.);
#13143 = FACE_BOUND('',#13144,.F.);
#13144 = EDGE_LOOP('',(#13145,#13146,#13147,#13148));
#13145 = ORIENTED_EDGE('',*,*,#13124,.T.);
#13146 = ORIENTED_EDGE('',*,*,#3139,.T.);
#13147 = ORIENTED_EDGE('',*,*,#13098,.F.);
#13148 = ORIENTED_EDGE('',*,*,#13149,.F.);
#13149 = EDGE_CURVE('',#13125,#13099,#13150,.T.);
#13150 = LINE('',#13151,#13152);
#13151 = CARTESIAN_POINT('',(209.4,64.675,1.));
#13152 = VECTOR('',#13153,1.);
#13153 = DIRECTION('',(0.,1.,0.));
#13154 = PLANE('',#13155);
#13155 = AXIS2_PLACEMENT_3D('',#13156,#13157,#13158);
#13156 = CARTESIAN_POINT('',(209.4,64.675,1.));
#13157 = DIRECTION('',(1.,0.,0.));
#13158 = DIRECTION('',(0.,1.,0.));
#13159 = ADVANCED_FACE('',(#13160),#13185,.F.);
#13160 = FACE_BOUND('',#13161,.F.);
#13161 = EDGE_LOOP('',(#13162,#13170,#13171,#13179));
#13162 = ORIENTED_EDGE('',*,*,#13163,.T.);
#13163 = EDGE_CURVE('',#13164,#3156,#13166,.T.);
#13164 = VERTEX_POINT('',#13165);
#13165 = CARTESIAN_POINT('',(214.45,78.675,1.));
#13166 = LINE('',#13167,#13168);
#13167 = CARTESIAN_POINT('',(214.45,78.675,1.));
#13168 = VECTOR('',#13169,1.);
#13169 = DIRECTION('',(-0.,-0.,-1.));
#13170 = ORIENTED_EDGE('',*,*,#3155,.T.);
#13171 = ORIENTED_EDGE('',*,*,#13172,.F.);
#13172 = EDGE_CURVE('',#13173,#3158,#13175,.T.);
#13173 = VERTEX_POINT('',#13174);
#13174 = CARTESIAN_POINT('',(214.45,64.675,1.));
#13175 = LINE('',#13176,#13177);
#13176 = CARTESIAN_POINT('',(214.45,64.675,1.));
#13177 = VECTOR('',#13178,1.);
#13178 = DIRECTION('',(-0.,-0.,-1.));
#13179 = ORIENTED_EDGE('',*,*,#13180,.F.);
#13180 = EDGE_CURVE('',#13164,#13173,#13181,.T.);
#13181 = LINE('',#13182,#13183);
#13182 = CARTESIAN_POINT('',(214.45,78.675,1.));
#13183 = VECTOR('',#13184,1.);
#13184 = DIRECTION('',(0.,-1.,0.));
#13185 = PLANE('',#13186);
#13186 = AXIS2_PLACEMENT_3D('',#13187,#13188,#13189);
#13187 = CARTESIAN_POINT('',(214.45,78.675,1.));
#13188 = DIRECTION('',(-1.,0.,0.));
#13189 = DIRECTION('',(0.,-1.,0.));
#13190 = ADVANCED_FACE('',(#13191),#13209,.F.);
#13191 = FACE_BOUND('',#13192,.F.);
#13192 = EDGE_LOOP('',(#13193,#13201,#13202,#13203));
#13193 = ORIENTED_EDGE('',*,*,#13194,.T.);
#13194 = EDGE_CURVE('',#13195,#3166,#13197,.T.);
#13195 = VERTEX_POINT('',#13196);
#13196 = CARTESIAN_POINT('',(228.45,78.675,1.));
#13197 = LINE('',#13198,#13199);
#13198 = CARTESIAN_POINT('',(228.45,78.675,1.));
#13199 = VECTOR('',#13200,1.);
#13200 = DIRECTION('',(-0.,-0.,-1.));
#13201 = ORIENTED_EDGE('',*,*,#3165,.T.);
#13202 = ORIENTED_EDGE('',*,*,#13163,.F.);
#13203 = ORIENTED_EDGE('',*,*,#13204,.F.);
#13204 = EDGE_CURVE('',#13195,#13164,#13205,.T.);
#13205 = LINE('',#13206,#13207);
#13206 = CARTESIAN_POINT('',(228.45,78.675,1.));
#13207 = VECTOR('',#13208,1.);
#13208 = DIRECTION('',(-1.,0.,0.));
#13209 = PLANE('',#13210);
#13210 = AXIS2_PLACEMENT_3D('',#13211,#13212,#13213);
#13211 = CARTESIAN_POINT('',(228.45,78.675,1.));
#13212 = DIRECTION('',(0.,1.,0.));
#13213 = DIRECTION('',(-1.,0.,0.));
#13214 = ADVANCED_FACE('',(#13215),#13233,.F.);
#13215 = FACE_BOUND('',#13216,.F.);
#13216 = EDGE_LOOP('',(#13217,#13218,#13219,#13227));
#13217 = ORIENTED_EDGE('',*,*,#13172,.T.);
#13218 = ORIENTED_EDGE('',*,*,#3181,.T.);
#13219 = ORIENTED_EDGE('',*,*,#13220,.F.);
#13220 = EDGE_CURVE('',#13221,#3174,#13223,.T.);
#13221 = VERTEX_POINT('',#13222);
#13222 = CARTESIAN_POINT('',(228.45,64.675,1.));
#13223 = LINE('',#13224,#13225);
#13224 = CARTESIAN_POINT('',(228.45,64.675,1.));
#13225 = VECTOR('',#13226,1.);
#13226 = DIRECTION('',(-0.,-0.,-1.));
#13227 = ORIENTED_EDGE('',*,*,#13228,.F.);
#13228 = EDGE_CURVE('',#13173,#13221,#13229,.T.);
#13229 = LINE('',#13230,#13231);
#13230 = CARTESIAN_POINT('',(214.45,64.675,1.));
#13231 = VECTOR('',#13232,1.);
#13232 = DIRECTION('',(1.,0.,0.));
#13233 = PLANE('',#13234);
#13234 = AXIS2_PLACEMENT_3D('',#13235,#13236,#13237);
#13235 = CARTESIAN_POINT('',(214.45,64.675,1.));
#13236 = DIRECTION('',(0.,-1.,0.));
#13237 = DIRECTION('',(1.,0.,0.));
#13238 = ADVANCED_FACE('',(#13239),#13250,.F.);
#13239 = FACE_BOUND('',#13240,.F.);
#13240 = EDGE_LOOP('',(#13241,#13242,#13243,#13244));
#13241 = ORIENTED_EDGE('',*,*,#13220,.T.);
#13242 = ORIENTED_EDGE('',*,*,#3173,.T.);
#13243 = ORIENTED_EDGE('',*,*,#13194,.F.);
#13244 = ORIENTED_EDGE('',*,*,#13245,.F.);
#13245 = EDGE_CURVE('',#13221,#13195,#13246,.T.);
#13246 = LINE('',#13247,#13248);
#13247 = CARTESIAN_POINT('',(228.45,64.675,1.));
#13248 = VECTOR('',#13249,1.);
#13249 = DIRECTION('',(0.,1.,0.));
#13250 = PLANE('',#13251);
#13251 = AXIS2_PLACEMENT_3D('',#13252,#13253,#13254);
#13252 = CARTESIAN_POINT('',(228.45,64.675,1.));
#13253 = DIRECTION('',(1.,0.,0.));
#13254 = DIRECTION('',(0.,1.,0.));
#13255 = ADVANCED_FACE('',(#13256),#13281,.F.);
#13256 = FACE_BOUND('',#13257,.F.);
#13257 = EDGE_LOOP('',(#13258,#13266,#13267,#13275));
#13258 = ORIENTED_EDGE('',*,*,#13259,.T.);
#13259 = EDGE_CURVE('',#13260,#3190,#13262,.T.);
#13260 = VERTEX_POINT('',#13261);
#13261 = CARTESIAN_POINT('',(233.5,78.675,1.));
#13262 = LINE('',#13263,#13264);
#13263 = CARTESIAN_POINT('',(233.5,78.675,1.));
#13264 = VECTOR('',#13265,1.);
#13265 = DIRECTION('',(-0.,-0.,-1.));
#13266 = ORIENTED_EDGE('',*,*,#3189,.T.);
#13267 = ORIENTED_EDGE('',*,*,#13268,.F.);
#13268 = EDGE_CURVE('',#13269,#3192,#13271,.T.);
#13269 = VERTEX_POINT('',#13270);
#13270 = CARTESIAN_POINT('',(233.5,64.675,1.));
#13271 = LINE('',#13272,#13273);
#13272 = CARTESIAN_POINT('',(233.5,64.675,1.));
#13273 = VECTOR('',#13274,1.);
#13274 = DIRECTION('',(-0.,-0.,-1.));
#13275 = ORIENTED_EDGE('',*,*,#13276,.F.);
#13276 = EDGE_CURVE('',#13260,#13269,#13277,.T.);
#13277 = LINE('',#13278,#13279);
#13278 = CARTESIAN_POINT('',(233.5,78.675,1.));
#13279 = VECTOR('',#13280,1.);
#13280 = DIRECTION('',(0.,-1.,0.));
#13281 = PLANE('',#13282);
#13282 = AXIS2_PLACEMENT_3D('',#13283,#13284,#13285);
#13283 = CARTESIAN_POINT('',(233.5,78.675,1.));
#13284 = DIRECTION('',(-1.,0.,0.));
#13285 = DIRECTION('',(0.,-1.,0.));
#13286 = ADVANCED_FACE('',(#13287),#13305,.F.);
#13287 = FACE_BOUND('',#13288,.F.);
#13288 = EDGE_LOOP('',(#13289,#13297,#13298,#13299));
#13289 = ORIENTED_EDGE('',*,*,#13290,.T.);
#13290 = EDGE_CURVE('',#13291,#3200,#13293,.T.);
#13291 = VERTEX_POINT('',#13292);
#13292 = CARTESIAN_POINT('',(247.5,78.675,1.));
#13293 = LINE('',#13294,#13295);
#13294 = CARTESIAN_POINT('',(247.5,78.675,1.));
#13295 = VECTOR('',#13296,1.);
#13296 = DIRECTION('',(-0.,-0.,-1.));
#13297 = ORIENTED_EDGE('',*,*,#3199,.T.);
#13298 = ORIENTED_EDGE('',*,*,#13259,.F.);
#13299 = ORIENTED_EDGE('',*,*,#13300,.F.);
#13300 = EDGE_CURVE('',#13291,#13260,#13301,.T.);
#13301 = LINE('',#13302,#13303);
#13302 = CARTESIAN_POINT('',(247.5,78.675,1.));
#13303 = VECTOR('',#13304,1.);
#13304 = DIRECTION('',(-1.,0.,0.));
#13305 = PLANE('',#13306);
#13306 = AXIS2_PLACEMENT_3D('',#13307,#13308,#13309);
#13307 = CARTESIAN_POINT('',(247.5,78.675,1.));
#13308 = DIRECTION('',(0.,1.,0.));
#13309 = DIRECTION('',(-1.,0.,0.));
#13310 = ADVANCED_FACE('',(#13311),#13329,.F.);
#13311 = FACE_BOUND('',#13312,.F.);
#13312 = EDGE_LOOP('',(#13313,#13314,#13315,#13323));
#13313 = ORIENTED_EDGE('',*,*,#13268,.T.);
#13314 = ORIENTED_EDGE('',*,*,#3215,.T.);
#13315 = ORIENTED_EDGE('',*,*,#13316,.F.);
#13316 = EDGE_CURVE('',#13317,#3208,#13319,.T.);
#13317 = VERTEX_POINT('',#13318);
#13318 = CARTESIAN_POINT('',(247.5,64.675,1.));
#13319 = LINE('',#13320,#13321);
#13320 = CARTESIAN_POINT('',(247.5,64.675,1.));
#13321 = VECTOR('',#13322,1.);
#13322 = DIRECTION('',(-0.,-0.,-1.));
#13323 = ORIENTED_EDGE('',*,*,#13324,.F.);
#13324 = EDGE_CURVE('',#13269,#13317,#13325,.T.);
#13325 = LINE('',#13326,#13327);
#13326 = CARTESIAN_POINT('',(233.5,64.675,1.));
#13327 = VECTOR('',#13328,1.);
#13328 = DIRECTION('',(1.,0.,0.));
#13329 = PLANE('',#13330);
#13330 = AXIS2_PLACEMENT_3D('',#13331,#13332,#13333);
#13331 = CARTESIAN_POINT('',(233.5,64.675,1.));
#13332 = DIRECTION('',(0.,-1.,0.));
#13333 = DIRECTION('',(1.,0.,0.));
#13334 = ADVANCED_FACE('',(#13335),#13346,.F.);
#13335 = FACE_BOUND('',#13336,.F.);
#13336 = EDGE_LOOP('',(#13337,#13338,#13339,#13340));
#13337 = ORIENTED_EDGE('',*,*,#13316,.T.);
#13338 = ORIENTED_EDGE('',*,*,#3207,.T.);
#13339 = ORIENTED_EDGE('',*,*,#13290,.F.);
#13340 = ORIENTED_EDGE('',*,*,#13341,.F.);
#13341 = EDGE_CURVE('',#13317,#13291,#13342,.T.);
#13342 = LINE('',#13343,#13344);
#13343 = CARTESIAN_POINT('',(247.5,64.675,1.));
#13344 = VECTOR('',#13345,1.);
#13345 = DIRECTION('',(0.,1.,0.));
#13346 = PLANE('',#13347);
#13347 = AXIS2_PLACEMENT_3D('',#13348,#13349,#13350);
#13348 = CARTESIAN_POINT('',(247.5,64.675,1.));
#13349 = DIRECTION('',(1.,0.,0.));
#13350 = DIRECTION('',(0.,1.,0.));
#13351 = ADVANCED_FACE('',(#13352),#13377,.F.);
#13352 = FACE_BOUND('',#13353,.F.);
#13353 = EDGE_LOOP('',(#13354,#13362,#13363,#13371));
#13354 = ORIENTED_EDGE('',*,*,#13355,.T.);
#13355 = EDGE_CURVE('',#13356,#3224,#13358,.T.);
#13356 = VERTEX_POINT('',#13357);
#13357 = CARTESIAN_POINT('',(252.55,78.675,1.));
#13358 = LINE('',#13359,#13360);
#13359 = CARTESIAN_POINT('',(252.55,78.675,1.));
#13360 = VECTOR('',#13361,1.);
#13361 = DIRECTION('',(-0.,-0.,-1.));
#13362 = ORIENTED_EDGE('',*,*,#3223,.T.);
#13363 = ORIENTED_EDGE('',*,*,#13364,.F.);
#13364 = EDGE_CURVE('',#13365,#3226,#13367,.T.);
#13365 = VERTEX_POINT('',#13366);
#13366 = CARTESIAN_POINT('',(252.55,64.675,1.));
#13367 = LINE('',#13368,#13369);
#13368 = CARTESIAN_POINT('',(252.55,64.675,1.));
#13369 = VECTOR('',#13370,1.);
#13370 = DIRECTION('',(-0.,-0.,-1.));
#13371 = ORIENTED_EDGE('',*,*,#13372,.F.);
#13372 = EDGE_CURVE('',#13356,#13365,#13373,.T.);
#13373 = LINE('',#13374,#13375);
#13374 = CARTESIAN_POINT('',(252.55,78.675,1.));
#13375 = VECTOR('',#13376,1.);
#13376 = DIRECTION('',(0.,-1.,0.));
#13377 = PLANE('',#13378);
#13378 = AXIS2_PLACEMENT_3D('',#13379,#13380,#13381);
#13379 = CARTESIAN_POINT('',(252.55,78.675,1.));
#13380 = DIRECTION('',(-1.,0.,0.));
#13381 = DIRECTION('',(0.,-1.,0.));
#13382 = ADVANCED_FACE('',(#13383),#13401,.F.);
#13383 = FACE_BOUND('',#13384,.F.);
#13384 = EDGE_LOOP('',(#13385,#13393,#13394,#13395));
#13385 = ORIENTED_EDGE('',*,*,#13386,.T.);
#13386 = EDGE_CURVE('',#13387,#3234,#13389,.T.);
#13387 = VERTEX_POINT('',#13388);
#13388 = CARTESIAN_POINT('',(266.55,78.675,1.));
#13389 = LINE('',#13390,#13391);
#13390 = CARTESIAN_POINT('',(266.55,78.675,1.));
#13391 = VECTOR('',#13392,1.);
#13392 = DIRECTION('',(-0.,-0.,-1.));
#13393 = ORIENTED_EDGE('',*,*,#3233,.T.);
#13394 = ORIENTED_EDGE('',*,*,#13355,.F.);
#13395 = ORIENTED_EDGE('',*,*,#13396,.F.);
#13396 = EDGE_CURVE('',#13387,#13356,#13397,.T.);
#13397 = LINE('',#13398,#13399);
#13398 = CARTESIAN_POINT('',(266.55,78.675,1.));
#13399 = VECTOR('',#13400,1.);
#13400 = DIRECTION('',(-1.,0.,0.));
#13401 = PLANE('',#13402);
#13402 = AXIS2_PLACEMENT_3D('',#13403,#13404,#13405);
#13403 = CARTESIAN_POINT('',(266.55,78.675,1.));
#13404 = DIRECTION('',(0.,1.,0.));
#13405 = DIRECTION('',(-1.,0.,0.));
#13406 = ADVANCED_FACE('',(#13407),#13425,.F.);
#13407 = FACE_BOUND('',#13408,.F.);
#13408 = EDGE_LOOP('',(#13409,#13410,#13411,#13419));
#13409 = ORIENTED_EDGE('',*,*,#13364,.T.);
#13410 = ORIENTED_EDGE('',*,*,#3249,.T.);
#13411 = ORIENTED_EDGE('',*,*,#13412,.F.);
#13412 = EDGE_CURVE('',#13413,#3242,#13415,.T.);
#13413 = VERTEX_POINT('',#13414);
#13414 = CARTESIAN_POINT('',(266.55,64.675,1.));
#13415 = LINE('',#13416,#13417);
#13416 = CARTESIAN_POINT('',(266.55,64.675,1.));
#13417 = VECTOR('',#13418,1.);
#13418 = DIRECTION('',(-0.,-0.,-1.));
#13419 = ORIENTED_EDGE('',*,*,#13420,.F.);
#13420 = EDGE_CURVE('',#13365,#13413,#13421,.T.);
#13421 = LINE('',#13422,#13423);
#13422 = CARTESIAN_POINT('',(252.55,64.675,1.));
#13423 = VECTOR('',#13424,1.);
#13424 = DIRECTION('',(1.,0.,0.));
#13425 = PLANE('',#13426);
#13426 = AXIS2_PLACEMENT_3D('',#13427,#13428,#13429);
#13427 = CARTESIAN_POINT('',(252.55,64.675,1.));
#13428 = DIRECTION('',(0.,-1.,0.));
#13429 = DIRECTION('',(1.,0.,0.));
#13430 = ADVANCED_FACE('',(#13431),#13442,.F.);
#13431 = FACE_BOUND('',#13432,.F.);
#13432 = EDGE_LOOP('',(#13433,#13434,#13435,#13436));
#13433 = ORIENTED_EDGE('',*,*,#13412,.T.);
#13434 = ORIENTED_EDGE('',*,*,#3241,.T.);
#13435 = ORIENTED_EDGE('',*,*,#13386,.F.);
#13436 = ORIENTED_EDGE('',*,*,#13437,.F.);
#13437 = EDGE_CURVE('',#13413,#13387,#13438,.T.);
#13438 = LINE('',#13439,#13440);
#13439 = CARTESIAN_POINT('',(266.55,64.675,1.));
#13440 = VECTOR('',#13441,1.);
#13441 = DIRECTION('',(0.,1.,0.));
#13442 = PLANE('',#13443);
#13443 = AXIS2_PLACEMENT_3D('',#13444,#13445,#13446);
#13444 = CARTESIAN_POINT('',(266.55,64.675,1.));
#13445 = DIRECTION('',(1.,0.,0.));
#13446 = DIRECTION('',(0.,1.,0.));
#13447 = ADVANCED_FACE('',(#13448),#13473,.F.);
#13448 = FACE_BOUND('',#13449,.F.);
#13449 = EDGE_LOOP('',(#13450,#13458,#13459,#13467));
#13450 = ORIENTED_EDGE('',*,*,#13451,.T.);
#13451 = EDGE_CURVE('',#13452,#3258,#13454,.T.);
#13452 = VERTEX_POINT('',#13453);
#13453 = CARTESIAN_POINT('',(185.875,97.725,1.));
#13454 = LINE('',#13455,#13456);
#13455 = CARTESIAN_POINT('',(185.875,97.725,1.));
#13456 = VECTOR('',#13457,1.);
#13457 = DIRECTION('',(-0.,-0.,-1.));
#13458 = ORIENTED_EDGE('',*,*,#3257,.T.);
#13459 = ORIENTED_EDGE('',*,*,#13460,.F.);
#13460 = EDGE_CURVE('',#13461,#3260,#13463,.T.);
#13461 = VERTEX_POINT('',#13462);
#13462 = CARTESIAN_POINT('',(185.875,83.725,1.));
#13463 = LINE('',#13464,#13465);
#13464 = CARTESIAN_POINT('',(185.875,83.725,1.));
#13465 = VECTOR('',#13466,1.);
#13466 = DIRECTION('',(-0.,-0.,-1.));
#13467 = ORIENTED_EDGE('',*,*,#13468,.F.);
#13468 = EDGE_CURVE('',#13452,#13461,#13469,.T.);
#13469 = LINE('',#13470,#13471);
#13470 = CARTESIAN_POINT('',(185.875,97.725,1.));
#13471 = VECTOR('',#13472,1.);
#13472 = DIRECTION('',(0.,-1.,0.));
#13473 = PLANE('',#13474);
#13474 = AXIS2_PLACEMENT_3D('',#13475,#13476,#13477);
#13475 = CARTESIAN_POINT('',(185.875,97.725,1.));
#13476 = DIRECTION('',(-1.,0.,0.));
#13477 = DIRECTION('',(0.,-1.,0.));
#13478 = ADVANCED_FACE('',(#13479),#13497,.F.);
#13479 = FACE_BOUND('',#13480,.F.);
#13480 = EDGE_LOOP('',(#13481,#13489,#13490,#13491));
#13481 = ORIENTED_EDGE('',*,*,#13482,.T.);
#13482 = EDGE_CURVE('',#13483,#3268,#13485,.T.);
#13483 = VERTEX_POINT('',#13484);
#13484 = CARTESIAN_POINT('',(199.875,97.725,1.));
#13485 = LINE('',#13486,#13487);
#13486 = CARTESIAN_POINT('',(199.875,97.725,1.));
#13487 = VECTOR('',#13488,1.);
#13488 = DIRECTION('',(-0.,-0.,-1.));
#13489 = ORIENTED_EDGE('',*,*,#3267,.T.);
#13490 = ORIENTED_EDGE('',*,*,#13451,.F.);
#13491 = ORIENTED_EDGE('',*,*,#13492,.F.);
#13492 = EDGE_CURVE('',#13483,#13452,#13493,.T.);
#13493 = LINE('',#13494,#13495);
#13494 = CARTESIAN_POINT('',(199.875,97.725,1.));
#13495 = VECTOR('',#13496,1.);
#13496 = DIRECTION('',(-1.,0.,0.));
#13497 = PLANE('',#13498);
#13498 = AXIS2_PLACEMENT_3D('',#13499,#13500,#13501);
#13499 = CARTESIAN_POINT('',(199.875,97.725,1.));
#13500 = DIRECTION('',(0.,1.,0.));
#13501 = DIRECTION('',(-1.,0.,0.));
#13502 = ADVANCED_FACE('',(#13503),#13521,.F.);
#13503 = FACE_BOUND('',#13504,.F.);
#13504 = EDGE_LOOP('',(#13505,#13506,#13507,#13515));
#13505 = ORIENTED_EDGE('',*,*,#13460,.T.);
#13506 = ORIENTED_EDGE('',*,*,#3283,.T.);
#13507 = ORIENTED_EDGE('',*,*,#13508,.F.);
#13508 = EDGE_CURVE('',#13509,#3276,#13511,.T.);
#13509 = VERTEX_POINT('',#13510);
#13510 = CARTESIAN_POINT('',(199.875,83.725,1.));
#13511 = LINE('',#13512,#13513);
#13512 = CARTESIAN_POINT('',(199.875,83.725,1.));
#13513 = VECTOR('',#13514,1.);
#13514 = DIRECTION('',(-0.,-0.,-1.));
#13515 = ORIENTED_EDGE('',*,*,#13516,.F.);
#13516 = EDGE_CURVE('',#13461,#13509,#13517,.T.);
#13517 = LINE('',#13518,#13519);
#13518 = CARTESIAN_POINT('',(185.875,83.725,1.));
#13519 = VECTOR('',#13520,1.);
#13520 = DIRECTION('',(1.,0.,0.));
#13521 = PLANE('',#13522);
#13522 = AXIS2_PLACEMENT_3D('',#13523,#13524,#13525);
#13523 = CARTESIAN_POINT('',(185.875,83.725,1.));
#13524 = DIRECTION('',(0.,-1.,0.));
#13525 = DIRECTION('',(1.,0.,0.));
#13526 = ADVANCED_FACE('',(#13527),#13538,.F.);
#13527 = FACE_BOUND('',#13528,.F.);
#13528 = EDGE_LOOP('',(#13529,#13530,#13531,#13532));
#13529 = ORIENTED_EDGE('',*,*,#13508,.T.);
#13530 = ORIENTED_EDGE('',*,*,#3275,.T.);
#13531 = ORIENTED_EDGE('',*,*,#13482,.F.);
#13532 = ORIENTED_EDGE('',*,*,#13533,.F.);
#13533 = EDGE_CURVE('',#13509,#13483,#13534,.T.);
#13534 = LINE('',#13535,#13536);
#13535 = CARTESIAN_POINT('',(199.875,83.725,1.));
#13536 = VECTOR('',#13537,1.);
#13537 = DIRECTION('',(0.,1.,0.));
#13538 = PLANE('',#13539);
#13539 = AXIS2_PLACEMENT_3D('',#13540,#13541,#13542);
#13540 = CARTESIAN_POINT('',(199.875,83.725,1.));
#13541 = DIRECTION('',(1.,0.,0.));
#13542 = DIRECTION('',(0.,1.,0.));
#13543 = ADVANCED_FACE('',(#13544),#13569,.F.);
#13544 = FACE_BOUND('',#13545,.F.);
#13545 = EDGE_LOOP('',(#13546,#13554,#13555,#13563));
#13546 = ORIENTED_EDGE('',*,*,#13547,.T.);
#13547 = EDGE_CURVE('',#13548,#3292,#13550,.T.);
#13548 = VERTEX_POINT('',#13549);
#13549 = CARTESIAN_POINT('',(204.925,97.725,1.));
#13550 = LINE('',#13551,#13552);
#13551 = CARTESIAN_POINT('',(204.925,97.725,1.));
#13552 = VECTOR('',#13553,1.);
#13553 = DIRECTION('',(-0.,-0.,-1.));
#13554 = ORIENTED_EDGE('',*,*,#3291,.T.);
#13555 = ORIENTED_EDGE('',*,*,#13556,.F.);
#13556 = EDGE_CURVE('',#13557,#3294,#13559,.T.);
#13557 = VERTEX_POINT('',#13558);
#13558 = CARTESIAN_POINT('',(204.925,83.725,1.));
#13559 = LINE('',#13560,#13561);
#13560 = CARTESIAN_POINT('',(204.925,83.725,1.));
#13561 = VECTOR('',#13562,1.);
#13562 = DIRECTION('',(-0.,-0.,-1.));
#13563 = ORIENTED_EDGE('',*,*,#13564,.F.);
#13564 = EDGE_CURVE('',#13548,#13557,#13565,.T.);
#13565 = LINE('',#13566,#13567);
#13566 = CARTESIAN_POINT('',(204.925,97.725,1.));
#13567 = VECTOR('',#13568,1.);
#13568 = DIRECTION('',(0.,-1.,0.));
#13569 = PLANE('',#13570);
#13570 = AXIS2_PLACEMENT_3D('',#13571,#13572,#13573);
#13571 = CARTESIAN_POINT('',(204.925,97.725,1.));
#13572 = DIRECTION('',(-1.,0.,0.));
#13573 = DIRECTION('',(0.,-1.,0.));
#13574 = ADVANCED_FACE('',(#13575),#13593,.F.);
#13575 = FACE_BOUND('',#13576,.F.);
#13576 = EDGE_LOOP('',(#13577,#13585,#13586,#13587));
#13577 = ORIENTED_EDGE('',*,*,#13578,.T.);
#13578 = EDGE_CURVE('',#13579,#3302,#13581,.T.);
#13579 = VERTEX_POINT('',#13580);
#13580 = CARTESIAN_POINT('',(218.925,97.725,1.));
#13581 = LINE('',#13582,#13583);
#13582 = CARTESIAN_POINT('',(218.925,97.725,1.));
#13583 = VECTOR('',#13584,1.);
#13584 = DIRECTION('',(-0.,-0.,-1.));
#13585 = ORIENTED_EDGE('',*,*,#3301,.T.);
#13586 = ORIENTED_EDGE('',*,*,#13547,.F.);
#13587 = ORIENTED_EDGE('',*,*,#13588,.F.);
#13588 = EDGE_CURVE('',#13579,#13548,#13589,.T.);
#13589 = LINE('',#13590,#13591);
#13590 = CARTESIAN_POINT('',(218.925,97.725,1.));
#13591 = VECTOR('',#13592,1.);
#13592 = DIRECTION('',(-1.,0.,0.));
#13593 = PLANE('',#13594);
#13594 = AXIS2_PLACEMENT_3D('',#13595,#13596,#13597);
#13595 = CARTESIAN_POINT('',(218.925,97.725,1.));
#13596 = DIRECTION('',(0.,1.,0.));
#13597 = DIRECTION('',(-1.,0.,0.));
#13598 = ADVANCED_FACE('',(#13599),#13617,.F.);
#13599 = FACE_BOUND('',#13600,.F.);
#13600 = EDGE_LOOP('',(#13601,#13602,#13603,#13611));
#13601 = ORIENTED_EDGE('',*,*,#13556,.T.);
#13602 = ORIENTED_EDGE('',*,*,#3317,.T.);
#13603 = ORIENTED_EDGE('',*,*,#13604,.F.);
#13604 = EDGE_CURVE('',#13605,#3310,#13607,.T.);
#13605 = VERTEX_POINT('',#13606);
#13606 = CARTESIAN_POINT('',(218.925,83.725,1.));
#13607 = LINE('',#13608,#13609);
#13608 = CARTESIAN_POINT('',(218.925,83.725,1.));
#13609 = VECTOR('',#13610,1.);
#13610 = DIRECTION('',(-0.,-0.,-1.));
#13611 = ORIENTED_EDGE('',*,*,#13612,.F.);
#13612 = EDGE_CURVE('',#13557,#13605,#13613,.T.);
#13613 = LINE('',#13614,#13615);
#13614 = CARTESIAN_POINT('',(204.925,83.725,1.));
#13615 = VECTOR('',#13616,1.);
#13616 = DIRECTION('',(1.,0.,0.));
#13617 = PLANE('',#13618);
#13618 = AXIS2_PLACEMENT_3D('',#13619,#13620,#13621);
#13619 = CARTESIAN_POINT('',(204.925,83.725,1.));
#13620 = DIRECTION('',(0.,-1.,0.));
#13621 = DIRECTION('',(1.,0.,0.));
#13622 = ADVANCED_FACE('',(#13623),#13634,.F.);
#13623 = FACE_BOUND('',#13624,.F.);
#13624 = EDGE_LOOP('',(#13625,#13626,#13627,#13628));
#13625 = ORIENTED_EDGE('',*,*,#13604,.T.);
#13626 = ORIENTED_EDGE('',*,*,#3309,.T.);
#13627 = ORIENTED_EDGE('',*,*,#13578,.F.);
#13628 = ORIENTED_EDGE('',*,*,#13629,.F.);
#13629 = EDGE_CURVE('',#13605,#13579,#13630,.T.);
#13630 = LINE('',#13631,#13632);
#13631 = CARTESIAN_POINT('',(218.925,83.725,1.));
#13632 = VECTOR('',#13633,1.);
#13633 = DIRECTION('',(0.,1.,0.));
#13634 = PLANE('',#13635);
#13635 = AXIS2_PLACEMENT_3D('',#13636,#13637,#13638);
#13636 = CARTESIAN_POINT('',(218.925,83.725,1.));
#13637 = DIRECTION('',(1.,0.,0.));
#13638 = DIRECTION('',(0.,1.,0.));
#13639 = ADVANCED_FACE('',(#13640),#13665,.F.);
#13640 = FACE_BOUND('',#13641,.F.);
#13641 = EDGE_LOOP('',(#13642,#13650,#13651,#13659));
#13642 = ORIENTED_EDGE('',*,*,#13643,.T.);
#13643 = EDGE_CURVE('',#13644,#3326,#13646,.T.);
#13644 = VERTEX_POINT('',#13645);
#13645 = CARTESIAN_POINT('',(223.975,97.725,1.));
#13646 = LINE('',#13647,#13648);
#13647 = CARTESIAN_POINT('',(223.975,97.725,1.));
#13648 = VECTOR('',#13649,1.);
#13649 = DIRECTION('',(-0.,-0.,-1.));
#13650 = ORIENTED_EDGE('',*,*,#3325,.T.);
#13651 = ORIENTED_EDGE('',*,*,#13652,.F.);
#13652 = EDGE_CURVE('',#13653,#3328,#13655,.T.);
#13653 = VERTEX_POINT('',#13654);
#13654 = CARTESIAN_POINT('',(223.975,83.725,1.));
#13655 = LINE('',#13656,#13657);
#13656 = CARTESIAN_POINT('',(223.975,83.725,1.));
#13657 = VECTOR('',#13658,1.);
#13658 = DIRECTION('',(-0.,-0.,-1.));
#13659 = ORIENTED_EDGE('',*,*,#13660,.F.);
#13660 = EDGE_CURVE('',#13644,#13653,#13661,.T.);
#13661 = LINE('',#13662,#13663);
#13662 = CARTESIAN_POINT('',(223.975,97.725,1.));
#13663 = VECTOR('',#13664,1.);
#13664 = DIRECTION('',(0.,-1.,0.));
#13665 = PLANE('',#13666);
#13666 = AXIS2_PLACEMENT_3D('',#13667,#13668,#13669);
#13667 = CARTESIAN_POINT('',(223.975,97.725,1.));
#13668 = DIRECTION('',(-1.,0.,0.));
#13669 = DIRECTION('',(0.,-1.,0.));
#13670 = ADVANCED_FACE('',(#13671),#13689,.F.);
#13671 = FACE_BOUND('',#13672,.F.);
#13672 = EDGE_LOOP('',(#13673,#13681,#13682,#13683));
#13673 = ORIENTED_EDGE('',*,*,#13674,.T.);
#13674 = EDGE_CURVE('',#13675,#3336,#13677,.T.);
#13675 = VERTEX_POINT('',#13676);
#13676 = CARTESIAN_POINT('',(237.975,97.725,1.));
#13677 = LINE('',#13678,#13679);
#13678 = CARTESIAN_POINT('',(237.975,97.725,1.));
#13679 = VECTOR('',#13680,1.);
#13680 = DIRECTION('',(-0.,-0.,-1.));
#13681 = ORIENTED_EDGE('',*,*,#3335,.T.);
#13682 = ORIENTED_EDGE('',*,*,#13643,.F.);
#13683 = ORIENTED_EDGE('',*,*,#13684,.F.);
#13684 = EDGE_CURVE('',#13675,#13644,#13685,.T.);
#13685 = LINE('',#13686,#13687);
#13686 = CARTESIAN_POINT('',(237.975,97.725,1.));
#13687 = VECTOR('',#13688,1.);
#13688 = DIRECTION('',(-1.,0.,0.));
#13689 = PLANE('',#13690);
#13690 = AXIS2_PLACEMENT_3D('',#13691,#13692,#13693);
#13691 = CARTESIAN_POINT('',(237.975,97.725,1.));
#13692 = DIRECTION('',(0.,1.,0.));
#13693 = DIRECTION('',(-1.,0.,0.));
#13694 = ADVANCED_FACE('',(#13695),#13713,.F.);
#13695 = FACE_BOUND('',#13696,.F.);
#13696 = EDGE_LOOP('',(#13697,#13698,#13699,#13707));
#13697 = ORIENTED_EDGE('',*,*,#13652,.T.);
#13698 = ORIENTED_EDGE('',*,*,#3351,.T.);
#13699 = ORIENTED_EDGE('',*,*,#13700,.F.);
#13700 = EDGE_CURVE('',#13701,#3344,#13703,.T.);
#13701 = VERTEX_POINT('',#13702);
#13702 = CARTESIAN_POINT('',(237.975,83.725,1.));
#13703 = LINE('',#13704,#13705);
#13704 = CARTESIAN_POINT('',(237.975,83.725,1.));
#13705 = VECTOR('',#13706,1.);
#13706 = DIRECTION('',(-0.,-0.,-1.));
#13707 = ORIENTED_EDGE('',*,*,#13708,.F.);
#13708 = EDGE_CURVE('',#13653,#13701,#13709,.T.);
#13709 = LINE('',#13710,#13711);
#13710 = CARTESIAN_POINT('',(223.975,83.725,1.));
#13711 = VECTOR('',#13712,1.);
#13712 = DIRECTION('',(1.,0.,0.));
#13713 = PLANE('',#13714);
#13714 = AXIS2_PLACEMENT_3D('',#13715,#13716,#13717);
#13715 = CARTESIAN_POINT('',(223.975,83.725,1.));
#13716 = DIRECTION('',(0.,-1.,0.));
#13717 = DIRECTION('',(1.,0.,0.));
#13718 = ADVANCED_FACE('',(#13719),#13730,.F.);
#13719 = FACE_BOUND('',#13720,.F.);
#13720 = EDGE_LOOP('',(#13721,#13722,#13723,#13724));
#13721 = ORIENTED_EDGE('',*,*,#13700,.T.);
#13722 = ORIENTED_EDGE('',*,*,#3343,.T.);
#13723 = ORIENTED_EDGE('',*,*,#13674,.F.);
#13724 = ORIENTED_EDGE('',*,*,#13725,.F.);
#13725 = EDGE_CURVE('',#13701,#13675,#13726,.T.);
#13726 = LINE('',#13727,#13728);
#13727 = CARTESIAN_POINT('',(237.975,83.725,1.));
#13728 = VECTOR('',#13729,1.);
#13729 = DIRECTION('',(0.,1.,0.));
#13730 = PLANE('',#13731);
#13731 = AXIS2_PLACEMENT_3D('',#13732,#13733,#13734);
#13732 = CARTESIAN_POINT('',(237.975,83.725,1.));
#13733 = DIRECTION('',(1.,0.,0.));
#13734 = DIRECTION('',(0.,1.,0.));
#13735 = ADVANCED_FACE('',(#13736),#13761,.F.);
#13736 = FACE_BOUND('',#13737,.F.);
#13737 = EDGE_LOOP('',(#13738,#13746,#13747,#13755));
#13738 = ORIENTED_EDGE('',*,*,#13739,.T.);
#13739 = EDGE_CURVE('',#13740,#3360,#13742,.T.);
#13740 = VERTEX_POINT('',#13741);
#13741 = CARTESIAN_POINT('',(243.025,97.725,1.));
#13742 = LINE('',#13743,#13744);
#13743 = CARTESIAN_POINT('',(243.025,97.725,1.));
#13744 = VECTOR('',#13745,1.);
#13745 = DIRECTION('',(-0.,-0.,-1.));
#13746 = ORIENTED_EDGE('',*,*,#3359,.T.);
#13747 = ORIENTED_EDGE('',*,*,#13748,.F.);
#13748 = EDGE_CURVE('',#13749,#3362,#13751,.T.);
#13749 = VERTEX_POINT('',#13750);
#13750 = CARTESIAN_POINT('',(243.025,83.725,1.));
#13751 = LINE('',#13752,#13753);
#13752 = CARTESIAN_POINT('',(243.025,83.725,1.));
#13753 = VECTOR('',#13754,1.);
#13754 = DIRECTION('',(-0.,-0.,-1.));
#13755 = ORIENTED_EDGE('',*,*,#13756,.F.);
#13756 = EDGE_CURVE('',#13740,#13749,#13757,.T.);
#13757 = LINE('',#13758,#13759);
#13758 = CARTESIAN_POINT('',(243.025,97.725,1.));
#13759 = VECTOR('',#13760,1.);
#13760 = DIRECTION('',(0.,-1.,0.));
#13761 = PLANE('',#13762);
#13762 = AXIS2_PLACEMENT_3D('',#13763,#13764,#13765);
#13763 = CARTESIAN_POINT('',(243.025,97.725,1.));
#13764 = DIRECTION('',(-1.,0.,0.));
#13765 = DIRECTION('',(0.,-1.,0.));
#13766 = ADVANCED_FACE('',(#13767),#13785,.F.);
#13767 = FACE_BOUND('',#13768,.F.);
#13768 = EDGE_LOOP('',(#13769,#13777,#13778,#13779));
#13769 = ORIENTED_EDGE('',*,*,#13770,.T.);
#13770 = EDGE_CURVE('',#13771,#3370,#13773,.T.);
#13771 = VERTEX_POINT('',#13772);
#13772 = CARTESIAN_POINT('',(257.025,97.725,1.));
#13773 = LINE('',#13774,#13775);
#13774 = CARTESIAN_POINT('',(257.025,97.725,1.));
#13775 = VECTOR('',#13776,1.);
#13776 = DIRECTION('',(-0.,-0.,-1.));
#13777 = ORIENTED_EDGE('',*,*,#3369,.T.);
#13778 = ORIENTED_EDGE('',*,*,#13739,.F.);
#13779 = ORIENTED_EDGE('',*,*,#13780,.F.);
#13780 = EDGE_CURVE('',#13771,#13740,#13781,.T.);
#13781 = LINE('',#13782,#13783);
#13782 = CARTESIAN_POINT('',(257.025,97.725,1.));
#13783 = VECTOR('',#13784,1.);
#13784 = DIRECTION('',(-1.,0.,0.));
#13785 = PLANE('',#13786);
#13786 = AXIS2_PLACEMENT_3D('',#13787,#13788,#13789);
#13787 = CARTESIAN_POINT('',(257.025,97.725,1.));
#13788 = DIRECTION('',(0.,1.,0.));
#13789 = DIRECTION('',(-1.,0.,0.));
#13790 = ADVANCED_FACE('',(#13791),#13809,.F.);
#13791 = FACE_BOUND('',#13792,.F.);
#13792 = EDGE_LOOP('',(#13793,#13794,#13795,#13803));
#13793 = ORIENTED_EDGE('',*,*,#13748,.T.);
#13794 = ORIENTED_EDGE('',*,*,#3385,.T.);
#13795 = ORIENTED_EDGE('',*,*,#13796,.F.);
#13796 = EDGE_CURVE('',#13797,#3378,#13799,.T.);
#13797 = VERTEX_POINT('',#13798);
#13798 = CARTESIAN_POINT('',(257.025,83.725,1.));
#13799 = LINE('',#13800,#13801);
#13800 = CARTESIAN_POINT('',(257.025,83.725,1.));
#13801 = VECTOR('',#13802,1.);
#13802 = DIRECTION('',(-0.,-0.,-1.));
#13803 = ORIENTED_EDGE('',*,*,#13804,.F.);
#13804 = EDGE_CURVE('',#13749,#13797,#13805,.T.);
#13805 = LINE('',#13806,#13807);
#13806 = CARTESIAN_POINT('',(243.025,83.725,1.));
#13807 = VECTOR('',#13808,1.);
#13808 = DIRECTION('',(1.,0.,0.));
#13809 = PLANE('',#13810);
#13810 = AXIS2_PLACEMENT_3D('',#13811,#13812,#13813);
#13811 = CARTESIAN_POINT('',(243.025,83.725,1.));
#13812 = DIRECTION('',(0.,-1.,0.));
#13813 = DIRECTION('',(1.,0.,0.));
#13814 = ADVANCED_FACE('',(#13815),#13826,.F.);
#13815 = FACE_BOUND('',#13816,.F.);
#13816 = EDGE_LOOP('',(#13817,#13818,#13819,#13820));
#13817 = ORIENTED_EDGE('',*,*,#13796,.T.);
#13818 = ORIENTED_EDGE('',*,*,#3377,.T.);
#13819 = ORIENTED_EDGE('',*,*,#13770,.F.);
#13820 = ORIENTED_EDGE('',*,*,#13821,.F.);
#13821 = EDGE_CURVE('',#13797,#13771,#13822,.T.);
#13822 = LINE('',#13823,#13824);
#13823 = CARTESIAN_POINT('',(257.025,83.725,1.));
#13824 = VECTOR('',#13825,1.);
#13825 = DIRECTION('',(0.,1.,0.));
#13826 = PLANE('',#13827);
#13827 = AXIS2_PLACEMENT_3D('',#13828,#13829,#13830);
#13828 = CARTESIAN_POINT('',(257.025,83.725,1.));
#13829 = DIRECTION('',(1.,0.,0.));
#13830 = DIRECTION('',(0.,1.,0.));
#13831 = ADVANCED_FACE('',(#13832),#13857,.F.);
#13832 = FACE_BOUND('',#13833,.F.);
#13833 = EDGE_LOOP('',(#13834,#13842,#13843,#13851));
#13834 = ORIENTED_EDGE('',*,*,#13835,.T.);
#13835 = EDGE_CURVE('',#13836,#3394,#13838,.T.);
#13836 = VERTEX_POINT('',#13837);
#13837 = CARTESIAN_POINT('',(271.6,78.675,1.));
#13838 = LINE('',#13839,#13840);
#13839 = CARTESIAN_POINT('',(271.6,78.675,1.));
#13840 = VECTOR('',#13841,1.);
#13841 = DIRECTION('',(-0.,-0.,-1.));
#13842 = ORIENTED_EDGE('',*,*,#3393,.T.);
#13843 = ORIENTED_EDGE('',*,*,#13844,.F.);
#13844 = EDGE_CURVE('',#13845,#3396,#13847,.T.);
#13845 = VERTEX_POINT('',#13846);
#13846 = CARTESIAN_POINT('',(271.6,64.675,1.));
#13847 = LINE('',#13848,#13849);
#13848 = CARTESIAN_POINT('',(271.6,64.675,1.));
#13849 = VECTOR('',#13850,1.);
#13850 = DIRECTION('',(-0.,-0.,-1.));
#13851 = ORIENTED_EDGE('',*,*,#13852,.F.);
#13852 = EDGE_CURVE('',#13836,#13845,#13853,.T.);
#13853 = LINE('',#13854,#13855);
#13854 = CARTESIAN_POINT('',(271.6,78.675,1.));
#13855 = VECTOR('',#13856,1.);
#13856 = DIRECTION('',(0.,-1.,0.));
#13857 = PLANE('',#13858);
#13858 = AXIS2_PLACEMENT_3D('',#13859,#13860,#13861);
#13859 = CARTESIAN_POINT('',(271.6,78.675,1.));
#13860 = DIRECTION('',(-1.,0.,0.));
#13861 = DIRECTION('',(0.,-1.,0.));
#13862 = ADVANCED_FACE('',(#13863),#13881,.F.);
#13863 = FACE_BOUND('',#13864,.F.);
#13864 = EDGE_LOOP('',(#13865,#13873,#13874,#13875));
#13865 = ORIENTED_EDGE('',*,*,#13866,.T.);
#13866 = EDGE_CURVE('',#13867,#3404,#13869,.T.);
#13867 = VERTEX_POINT('',#13868);
#13868 = CARTESIAN_POINT('',(285.6,78.675,1.));
#13869 = LINE('',#13870,#13871);
#13870 = CARTESIAN_POINT('',(285.6,78.675,1.));
#13871 = VECTOR('',#13872,1.);
#13872 = DIRECTION('',(-0.,-0.,-1.));
#13873 = ORIENTED_EDGE('',*,*,#3403,.T.);
#13874 = ORIENTED_EDGE('',*,*,#13835,.F.);
#13875 = ORIENTED_EDGE('',*,*,#13876,.F.);
#13876 = EDGE_CURVE('',#13867,#13836,#13877,.T.);
#13877 = LINE('',#13878,#13879);
#13878 = CARTESIAN_POINT('',(285.6,78.675,1.));
#13879 = VECTOR('',#13880,1.);
#13880 = DIRECTION('',(-1.,0.,0.));
#13881 = PLANE('',#13882);
#13882 = AXIS2_PLACEMENT_3D('',#13883,#13884,#13885);
#13883 = CARTESIAN_POINT('',(285.6,78.675,1.));
#13884 = DIRECTION('',(0.,1.,0.));
#13885 = DIRECTION('',(-1.,0.,0.));
#13886 = ADVANCED_FACE('',(#13887),#13905,.F.);
#13887 = FACE_BOUND('',#13888,.F.);
#13888 = EDGE_LOOP('',(#13889,#13890,#13891,#13899));
#13889 = ORIENTED_EDGE('',*,*,#13844,.T.);
#13890 = ORIENTED_EDGE('',*,*,#3419,.T.);
#13891 = ORIENTED_EDGE('',*,*,#13892,.F.);
#13892 = EDGE_CURVE('',#13893,#3412,#13895,.T.);
#13893 = VERTEX_POINT('',#13894);
#13894 = CARTESIAN_POINT('',(285.6,64.675,1.));
#13895 = LINE('',#13896,#13897);
#13896 = CARTESIAN_POINT('',(285.6,64.675,1.));
#13897 = VECTOR('',#13898,1.);
#13898 = DIRECTION('',(-0.,-0.,-1.));
#13899 = ORIENTED_EDGE('',*,*,#13900,.F.);
#13900 = EDGE_CURVE('',#13845,#13893,#13901,.T.);
#13901 = LINE('',#13902,#13903);
#13902 = CARTESIAN_POINT('',(271.6,64.675,1.));
#13903 = VECTOR('',#13904,1.);
#13904 = DIRECTION('',(1.,0.,0.));
#13905 = PLANE('',#13906);
#13906 = AXIS2_PLACEMENT_3D('',#13907,#13908,#13909);
#13907 = CARTESIAN_POINT('',(271.6,64.675,1.));
#13908 = DIRECTION('',(0.,-1.,0.));
#13909 = DIRECTION('',(1.,0.,0.));
#13910 = ADVANCED_FACE('',(#13911),#13922,.F.);
#13911 = FACE_BOUND('',#13912,.F.);
#13912 = EDGE_LOOP('',(#13913,#13914,#13915,#13916));
#13913 = ORIENTED_EDGE('',*,*,#13892,.T.);
#13914 = ORIENTED_EDGE('',*,*,#3411,.T.);
#13915 = ORIENTED_EDGE('',*,*,#13866,.F.);
#13916 = ORIENTED_EDGE('',*,*,#13917,.F.);
#13917 = EDGE_CURVE('',#13893,#13867,#13918,.T.);
#13918 = LINE('',#13919,#13920);
#13919 = CARTESIAN_POINT('',(285.6,64.675,1.));
#13920 = VECTOR('',#13921,1.);
#13921 = DIRECTION('',(0.,1.,0.));
#13922 = PLANE('',#13923);
#13923 = AXIS2_PLACEMENT_3D('',#13924,#13925,#13926);
#13924 = CARTESIAN_POINT('',(285.6,64.675,1.));
#13925 = DIRECTION('',(1.,0.,0.));
#13926 = DIRECTION('',(0.,1.,0.));
#13927 = ADVANCED_FACE('',(#13928),#13953,.F.);
#13928 = FACE_BOUND('',#13929,.F.);
#13929 = EDGE_LOOP('',(#13930,#13938,#13939,#13947));
#13930 = ORIENTED_EDGE('',*,*,#13931,.T.);
#13931 = EDGE_CURVE('',#13932,#3428,#13934,.T.);
#13932 = VERTEX_POINT('',#13933);
#13933 = CARTESIAN_POINT('',(290.65,78.675,1.));
#13934 = LINE('',#13935,#13936);
#13935 = CARTESIAN_POINT('',(290.65,78.675,1.));
#13936 = VECTOR('',#13937,1.);
#13937 = DIRECTION('',(-0.,-0.,-1.));
#13938 = ORIENTED_EDGE('',*,*,#3427,.T.);
#13939 = ORIENTED_EDGE('',*,*,#13940,.F.);
#13940 = EDGE_CURVE('',#13941,#3430,#13943,.T.);
#13941 = VERTEX_POINT('',#13942);
#13942 = CARTESIAN_POINT('',(290.65,64.675,1.));
#13943 = LINE('',#13944,#13945);
#13944 = CARTESIAN_POINT('',(290.65,64.675,1.));
#13945 = VECTOR('',#13946,1.);
#13946 = DIRECTION('',(-0.,-0.,-1.));
#13947 = ORIENTED_EDGE('',*,*,#13948,.F.);
#13948 = EDGE_CURVE('',#13932,#13941,#13949,.T.);
#13949 = LINE('',#13950,#13951);
#13950 = CARTESIAN_POINT('',(290.65,78.675,1.));
#13951 = VECTOR('',#13952,1.);
#13952 = DIRECTION('',(0.,-1.,0.));
#13953 = PLANE('',#13954);
#13954 = AXIS2_PLACEMENT_3D('',#13955,#13956,#13957);
#13955 = CARTESIAN_POINT('',(290.65,78.675,1.));
#13956 = DIRECTION('',(-1.,0.,0.));
#13957 = DIRECTION('',(0.,-1.,0.));
#13958 = ADVANCED_FACE('',(#13959),#13977,.F.);
#13959 = FACE_BOUND('',#13960,.F.);
#13960 = EDGE_LOOP('',(#13961,#13969,#13970,#13971));
#13961 = ORIENTED_EDGE('',*,*,#13962,.T.);
#13962 = EDGE_CURVE('',#13963,#3438,#13965,.T.);
#13963 = VERTEX_POINT('',#13964);
#13964 = CARTESIAN_POINT('',(304.65,78.675,1.));
#13965 = LINE('',#13966,#13967);
#13966 = CARTESIAN_POINT('',(304.65,78.675,1.));
#13967 = VECTOR('',#13968,1.);
#13968 = DIRECTION('',(-0.,-0.,-1.));
#13969 = ORIENTED_EDGE('',*,*,#3437,.T.);
#13970 = ORIENTED_EDGE('',*,*,#13931,.F.);
#13971 = ORIENTED_EDGE('',*,*,#13972,.F.);
#13972 = EDGE_CURVE('',#13963,#13932,#13973,.T.);
#13973 = LINE('',#13974,#13975);
#13974 = CARTESIAN_POINT('',(304.65,78.675,1.));
#13975 = VECTOR('',#13976,1.);
#13976 = DIRECTION('',(-1.,0.,0.));
#13977 = PLANE('',#13978);
#13978 = AXIS2_PLACEMENT_3D('',#13979,#13980,#13981);
#13979 = CARTESIAN_POINT('',(304.65,78.675,1.));
#13980 = DIRECTION('',(0.,1.,0.));
#13981 = DIRECTION('',(-1.,0.,0.));
#13982 = ADVANCED_FACE('',(#13983),#14001,.F.);
#13983 = FACE_BOUND('',#13984,.F.);
#13984 = EDGE_LOOP('',(#13985,#13986,#13987,#13995));
#13985 = ORIENTED_EDGE('',*,*,#13940,.T.);
#13986 = ORIENTED_EDGE('',*,*,#3453,.T.);
#13987 = ORIENTED_EDGE('',*,*,#13988,.F.);
#13988 = EDGE_CURVE('',#13989,#3446,#13991,.T.);
#13989 = VERTEX_POINT('',#13990);
#13990 = CARTESIAN_POINT('',(304.65,64.675,1.));
#13991 = LINE('',#13992,#13993);
#13992 = CARTESIAN_POINT('',(304.65,64.675,1.));
#13993 = VECTOR('',#13994,1.);
#13994 = DIRECTION('',(-0.,-0.,-1.));
#13995 = ORIENTED_EDGE('',*,*,#13996,.F.);
#13996 = EDGE_CURVE('',#13941,#13989,#13997,.T.);
#13997 = LINE('',#13998,#13999);
#13998 = CARTESIAN_POINT('',(290.65,64.675,1.));
#13999 = VECTOR('',#14000,1.);
#14000 = DIRECTION('',(1.,0.,0.));
#14001 = PLANE('',#14002);
#14002 = AXIS2_PLACEMENT_3D('',#14003,#14004,#14005);
#14003 = CARTESIAN_POINT('',(290.65,64.675,1.));
#14004 = DIRECTION('',(0.,-1.,0.));
#14005 = DIRECTION('',(1.,0.,0.));
#14006 = ADVANCED_FACE('',(#14007),#14018,.F.);
#14007 = FACE_BOUND('',#14008,.F.);
#14008 = EDGE_LOOP('',(#14009,#14010,#14011,#14012));
#14009 = ORIENTED_EDGE('',*,*,#13988,.T.);
#14010 = ORIENTED_EDGE('',*,*,#3445,.T.);
#14011 = ORIENTED_EDGE('',*,*,#13962,.F.);
#14012 = ORIENTED_EDGE('',*,*,#14013,.F.);
#14013 = EDGE_CURVE('',#13989,#13963,#14014,.T.);
#14014 = LINE('',#14015,#14016);
#14015 = CARTESIAN_POINT('',(304.65,64.675,1.));
#14016 = VECTOR('',#14017,1.);
#14017 = DIRECTION('',(0.,1.,0.));
#14018 = PLANE('',#14019);
#14019 = AXIS2_PLACEMENT_3D('',#14020,#14021,#14022);
#14020 = CARTESIAN_POINT('',(304.65,64.675,1.));
#14021 = DIRECTION('',(1.,0.,0.));
#14022 = DIRECTION('',(0.,1.,0.));
#14023 = ADVANCED_FACE('',(#14024),#14049,.F.);
#14024 = FACE_BOUND('',#14025,.F.);
#14025 = EDGE_LOOP('',(#14026,#14034,#14035,#14043));
#14026 = ORIENTED_EDGE('',*,*,#14027,.T.);
#14027 = EDGE_CURVE('',#14028,#3462,#14030,.T.);
#14028 = VERTEX_POINT('',#14029);
#14029 = CARTESIAN_POINT('',(314.4625,78.675,1.));
#14030 = LINE('',#14031,#14032);
#14031 = CARTESIAN_POINT('',(314.4625,78.675,1.));
#14032 = VECTOR('',#14033,1.);
#14033 = DIRECTION('',(-0.,-0.,-1.));
#14034 = ORIENTED_EDGE('',*,*,#3461,.T.);
#14035 = ORIENTED_EDGE('',*,*,#14036,.F.);
#14036 = EDGE_CURVE('',#14037,#3464,#14039,.T.);
#14037 = VERTEX_POINT('',#14038);
#14038 = CARTESIAN_POINT('',(314.4625,64.675,1.));
#14039 = LINE('',#14040,#14041);
#14040 = CARTESIAN_POINT('',(314.4625,64.675,1.));
#14041 = VECTOR('',#14042,1.);
#14042 = DIRECTION('',(-0.,-0.,-1.));
#14043 = ORIENTED_EDGE('',*,*,#14044,.F.);
#14044 = EDGE_CURVE('',#14028,#14037,#14045,.T.);
#14045 = LINE('',#14046,#14047);
#14046 = CARTESIAN_POINT('',(314.4625,78.675,1.));
#14047 = VECTOR('',#14048,1.);
#14048 = DIRECTION('',(0.,-1.,0.));
#14049 = PLANE('',#14050);
#14050 = AXIS2_PLACEMENT_3D('',#14051,#14052,#14053);
#14051 = CARTESIAN_POINT('',(314.4625,78.675,1.));
#14052 = DIRECTION('',(-1.,0.,0.));
#14053 = DIRECTION('',(0.,-1.,0.));
#14054 = ADVANCED_FACE('',(#14055),#14073,.F.);
#14055 = FACE_BOUND('',#14056,.F.);
#14056 = EDGE_LOOP('',(#14057,#14065,#14066,#14067));
#14057 = ORIENTED_EDGE('',*,*,#14058,.T.);
#14058 = EDGE_CURVE('',#14059,#3472,#14061,.T.);
#14059 = VERTEX_POINT('',#14060);
#14060 = CARTESIAN_POINT('',(328.4625,78.675,1.));
#14061 = LINE('',#14062,#14063);
#14062 = CARTESIAN_POINT('',(328.4625,78.675,1.));
#14063 = VECTOR('',#14064,1.);
#14064 = DIRECTION('',(-0.,-0.,-1.));
#14065 = ORIENTED_EDGE('',*,*,#3471,.T.);
#14066 = ORIENTED_EDGE('',*,*,#14027,.F.);
#14067 = ORIENTED_EDGE('',*,*,#14068,.F.);
#14068 = EDGE_CURVE('',#14059,#14028,#14069,.T.);
#14069 = LINE('',#14070,#14071);
#14070 = CARTESIAN_POINT('',(328.4625,78.675,1.));
#14071 = VECTOR('',#14072,1.);
#14072 = DIRECTION('',(-1.,0.,0.));
#14073 = PLANE('',#14074);
#14074 = AXIS2_PLACEMENT_3D('',#14075,#14076,#14077);
#14075 = CARTESIAN_POINT('',(328.4625,78.675,1.));
#14076 = DIRECTION('',(0.,1.,0.));
#14077 = DIRECTION('',(-1.,0.,0.));
#14078 = ADVANCED_FACE('',(#14079),#14097,.F.);
#14079 = FACE_BOUND('',#14080,.F.);
#14080 = EDGE_LOOP('',(#14081,#14082,#14083,#14091));
#14081 = ORIENTED_EDGE('',*,*,#14036,.T.);
#14082 = ORIENTED_EDGE('',*,*,#3487,.T.);
#14083 = ORIENTED_EDGE('',*,*,#14084,.F.);
#14084 = EDGE_CURVE('',#14085,#3480,#14087,.T.);
#14085 = VERTEX_POINT('',#14086);
#14086 = CARTESIAN_POINT('',(328.4625,64.675,1.));
#14087 = LINE('',#14088,#14089);
#14088 = CARTESIAN_POINT('',(328.4625,64.675,1.));
#14089 = VECTOR('',#14090,1.);
#14090 = DIRECTION('',(-0.,-0.,-1.));
#14091 = ORIENTED_EDGE('',*,*,#14092,.F.);
#14092 = EDGE_CURVE('',#14037,#14085,#14093,.T.);
#14093 = LINE('',#14094,#14095);
#14094 = CARTESIAN_POINT('',(314.4625,64.675,1.));
#14095 = VECTOR('',#14096,1.);
#14096 = DIRECTION('',(1.,0.,0.));
#14097 = PLANE('',#14098);
#14098 = AXIS2_PLACEMENT_3D('',#14099,#14100,#14101);
#14099 = CARTESIAN_POINT('',(314.4625,64.675,1.));
#14100 = DIRECTION('',(0.,-1.,0.));
#14101 = DIRECTION('',(1.,0.,0.));
#14102 = ADVANCED_FACE('',(#14103),#14114,.F.);
#14103 = FACE_BOUND('',#14104,.F.);
#14104 = EDGE_LOOP('',(#14105,#14106,#14107,#14108));
#14105 = ORIENTED_EDGE('',*,*,#14084,.T.);
#14106 = ORIENTED_EDGE('',*,*,#3479,.T.);
#14107 = ORIENTED_EDGE('',*,*,#14058,.F.);
#14108 = ORIENTED_EDGE('',*,*,#14109,.F.);
#14109 = EDGE_CURVE('',#14085,#14059,#14110,.T.);
#14110 = LINE('',#14111,#14112);
#14111 = CARTESIAN_POINT('',(328.4625,64.675,1.));
#14112 = VECTOR('',#14113,1.);
#14113 = DIRECTION('',(0.,1.,0.));
#14114 = PLANE('',#14115);
#14115 = AXIS2_PLACEMENT_3D('',#14116,#14117,#14118);
#14116 = CARTESIAN_POINT('',(328.4625,64.675,1.));
#14117 = DIRECTION('',(1.,0.,0.));
#14118 = DIRECTION('',(0.,1.,0.));
#14119 = ADVANCED_FACE('',(#14120),#14145,.F.);
#14120 = FACE_BOUND('',#14121,.F.);
#14121 = EDGE_LOOP('',(#14122,#14130,#14131,#14139));
#14122 = ORIENTED_EDGE('',*,*,#14123,.T.);
#14123 = EDGE_CURVE('',#14124,#3496,#14126,.T.);
#14124 = VERTEX_POINT('',#14125);
#14125 = CARTESIAN_POINT('',(262.075,97.725,1.));
#14126 = LINE('',#14127,#14128);
#14127 = CARTESIAN_POINT('',(262.075,97.725,1.));
#14128 = VECTOR('',#14129,1.);
#14129 = DIRECTION('',(-0.,-0.,-1.));
#14130 = ORIENTED_EDGE('',*,*,#3495,.T.);
#14131 = ORIENTED_EDGE('',*,*,#14132,.F.);
#14132 = EDGE_CURVE('',#14133,#3498,#14135,.T.);
#14133 = VERTEX_POINT('',#14134);
#14134 = CARTESIAN_POINT('',(262.075,83.725,1.));
#14135 = LINE('',#14136,#14137);
#14136 = CARTESIAN_POINT('',(262.075,83.725,1.));
#14137 = VECTOR('',#14138,1.);
#14138 = DIRECTION('',(-0.,-0.,-1.));
#14139 = ORIENTED_EDGE('',*,*,#14140,.F.);
#14140 = EDGE_CURVE('',#14124,#14133,#14141,.T.);
#14141 = LINE('',#14142,#14143);
#14142 = CARTESIAN_POINT('',(262.075,97.725,1.));
#14143 = VECTOR('',#14144,1.);
#14144 = DIRECTION('',(0.,-1.,0.));
#14145 = PLANE('',#14146);
#14146 = AXIS2_PLACEMENT_3D('',#14147,#14148,#14149);
#14147 = CARTESIAN_POINT('',(262.075,97.725,1.));
#14148 = DIRECTION('',(-1.,0.,0.));
#14149 = DIRECTION('',(0.,-1.,0.));
#14150 = ADVANCED_FACE('',(#14151),#14169,.F.);
#14151 = FACE_BOUND('',#14152,.F.);
#14152 = EDGE_LOOP('',(#14153,#14161,#14162,#14163));
#14153 = ORIENTED_EDGE('',*,*,#14154,.T.);
#14154 = EDGE_CURVE('',#14155,#3506,#14157,.T.);
#14155 = VERTEX_POINT('',#14156);
#14156 = CARTESIAN_POINT('',(276.075,97.725,1.));
#14157 = LINE('',#14158,#14159);
#14158 = CARTESIAN_POINT('',(276.075,97.725,1.));
#14159 = VECTOR('',#14160,1.);
#14160 = DIRECTION('',(-0.,-0.,-1.));
#14161 = ORIENTED_EDGE('',*,*,#3505,.T.);
#14162 = ORIENTED_EDGE('',*,*,#14123,.F.);
#14163 = ORIENTED_EDGE('',*,*,#14164,.F.);
#14164 = EDGE_CURVE('',#14155,#14124,#14165,.T.);
#14165 = LINE('',#14166,#14167);
#14166 = CARTESIAN_POINT('',(276.075,97.725,1.));
#14167 = VECTOR('',#14168,1.);
#14168 = DIRECTION('',(-1.,0.,0.));
#14169 = PLANE('',#14170);
#14170 = AXIS2_PLACEMENT_3D('',#14171,#14172,#14173);
#14171 = CARTESIAN_POINT('',(276.075,97.725,1.));
#14172 = DIRECTION('',(0.,1.,0.));
#14173 = DIRECTION('',(-1.,0.,0.));
#14174 = ADVANCED_FACE('',(#14175),#14193,.F.);
#14175 = FACE_BOUND('',#14176,.F.);
#14176 = EDGE_LOOP('',(#14177,#14178,#14179,#14187));
#14177 = ORIENTED_EDGE('',*,*,#14132,.T.);
#14178 = ORIENTED_EDGE('',*,*,#3521,.T.);
#14179 = ORIENTED_EDGE('',*,*,#14180,.F.);
#14180 = EDGE_CURVE('',#14181,#3514,#14183,.T.);
#14181 = VERTEX_POINT('',#14182);
#14182 = CARTESIAN_POINT('',(276.075,83.725,1.));
#14183 = LINE('',#14184,#14185);
#14184 = CARTESIAN_POINT('',(276.075,83.725,1.));
#14185 = VECTOR('',#14186,1.);
#14186 = DIRECTION('',(-0.,-0.,-1.));
#14187 = ORIENTED_EDGE('',*,*,#14188,.F.);
#14188 = EDGE_CURVE('',#14133,#14181,#14189,.T.);
#14189 = LINE('',#14190,#14191);
#14190 = CARTESIAN_POINT('',(262.075,83.725,1.));
#14191 = VECTOR('',#14192,1.);
#14192 = DIRECTION('',(1.,0.,0.));
#14193 = PLANE('',#14194);
#14194 = AXIS2_PLACEMENT_3D('',#14195,#14196,#14197);
#14195 = CARTESIAN_POINT('',(262.075,83.725,1.));
#14196 = DIRECTION('',(0.,-1.,0.));
#14197 = DIRECTION('',(1.,0.,0.));
#14198 = ADVANCED_FACE('',(#14199),#14210,.F.);
#14199 = FACE_BOUND('',#14200,.F.);
#14200 = EDGE_LOOP('',(#14201,#14202,#14203,#14204));
#14201 = ORIENTED_EDGE('',*,*,#14180,.T.);
#14202 = ORIENTED_EDGE('',*,*,#3513,.T.);
#14203 = ORIENTED_EDGE('',*,*,#14154,.F.);
#14204 = ORIENTED_EDGE('',*,*,#14205,.F.);
#14205 = EDGE_CURVE('',#14181,#14155,#14206,.T.);
#14206 = LINE('',#14207,#14208);
#14207 = CARTESIAN_POINT('',(276.075,83.725,1.));
#14208 = VECTOR('',#14209,1.);
#14209 = DIRECTION('',(0.,1.,0.));
#14210 = PLANE('',#14211);
#14211 = AXIS2_PLACEMENT_3D('',#14212,#14213,#14214);
#14212 = CARTESIAN_POINT('',(276.075,83.725,1.));
#14213 = DIRECTION('',(1.,0.,0.));
#14214 = DIRECTION('',(0.,1.,0.));
#14215 = ADVANCED_FACE('',(#14216),#14241,.F.);
#14216 = FACE_BOUND('',#14217,.F.);
#14217 = EDGE_LOOP('',(#14218,#14226,#14227,#14235));
#14218 = ORIENTED_EDGE('',*,*,#14219,.T.);
#14219 = EDGE_CURVE('',#14220,#3530,#14222,.T.);
#14220 = VERTEX_POINT('',#14221);
#14221 = CARTESIAN_POINT('',(281.125,97.725,1.));
#14222 = LINE('',#14223,#14224);
#14223 = CARTESIAN_POINT('',(281.125,97.725,1.));
#14224 = VECTOR('',#14225,1.);
#14225 = DIRECTION('',(-0.,-0.,-1.));
#14226 = ORIENTED_EDGE('',*,*,#3529,.T.);
#14227 = ORIENTED_EDGE('',*,*,#14228,.F.);
#14228 = EDGE_CURVE('',#14229,#3532,#14231,.T.);
#14229 = VERTEX_POINT('',#14230);
#14230 = CARTESIAN_POINT('',(281.125,83.725,1.));
#14231 = LINE('',#14232,#14233);
#14232 = CARTESIAN_POINT('',(281.125,83.725,1.));
#14233 = VECTOR('',#14234,1.);
#14234 = DIRECTION('',(-0.,-0.,-1.));
#14235 = ORIENTED_EDGE('',*,*,#14236,.F.);
#14236 = EDGE_CURVE('',#14220,#14229,#14237,.T.);
#14237 = LINE('',#14238,#14239);
#14238 = CARTESIAN_POINT('',(281.125,97.725,1.));
#14239 = VECTOR('',#14240,1.);
#14240 = DIRECTION('',(0.,-1.,0.));
#14241 = PLANE('',#14242);
#14242 = AXIS2_PLACEMENT_3D('',#14243,#14244,#14245);
#14243 = CARTESIAN_POINT('',(281.125,97.725,1.));
#14244 = DIRECTION('',(-1.,0.,0.));
#14245 = DIRECTION('',(0.,-1.,0.));
#14246 = ADVANCED_FACE('',(#14247),#14265,.F.);
#14247 = FACE_BOUND('',#14248,.F.);
#14248 = EDGE_LOOP('',(#14249,#14257,#14258,#14259));
#14249 = ORIENTED_EDGE('',*,*,#14250,.T.);
#14250 = EDGE_CURVE('',#14251,#3540,#14253,.T.);
#14251 = VERTEX_POINT('',#14252);
#14252 = CARTESIAN_POINT('',(295.125,97.725,1.));
#14253 = LINE('',#14254,#14255);
#14254 = CARTESIAN_POINT('',(295.125,97.725,1.));
#14255 = VECTOR('',#14256,1.);
#14256 = DIRECTION('',(-0.,-0.,-1.));
#14257 = ORIENTED_EDGE('',*,*,#3539,.T.);
#14258 = ORIENTED_EDGE('',*,*,#14219,.F.);
#14259 = ORIENTED_EDGE('',*,*,#14260,.F.);
#14260 = EDGE_CURVE('',#14251,#14220,#14261,.T.);
#14261 = LINE('',#14262,#14263);
#14262 = CARTESIAN_POINT('',(295.125,97.725,1.));
#14263 = VECTOR('',#14264,1.);
#14264 = DIRECTION('',(-1.,0.,0.));
#14265 = PLANE('',#14266);
#14266 = AXIS2_PLACEMENT_3D('',#14267,#14268,#14269);
#14267 = CARTESIAN_POINT('',(295.125,97.725,1.));
#14268 = DIRECTION('',(0.,1.,0.));
#14269 = DIRECTION('',(-1.,0.,0.));
#14270 = ADVANCED_FACE('',(#14271),#14289,.F.);
#14271 = FACE_BOUND('',#14272,.F.);
#14272 = EDGE_LOOP('',(#14273,#14274,#14275,#14283));
#14273 = ORIENTED_EDGE('',*,*,#14228,.T.);
#14274 = ORIENTED_EDGE('',*,*,#3555,.T.);
#14275 = ORIENTED_EDGE('',*,*,#14276,.F.);
#14276 = EDGE_CURVE('',#14277,#3548,#14279,.T.);
#14277 = VERTEX_POINT('',#14278);
#14278 = CARTESIAN_POINT('',(295.125,83.725,1.));
#14279 = LINE('',#14280,#14281);
#14280 = CARTESIAN_POINT('',(295.125,83.725,1.));
#14281 = VECTOR('',#14282,1.);
#14282 = DIRECTION('',(-0.,-0.,-1.));
#14283 = ORIENTED_EDGE('',*,*,#14284,.F.);
#14284 = EDGE_CURVE('',#14229,#14277,#14285,.T.);
#14285 = LINE('',#14286,#14287);
#14286 = CARTESIAN_POINT('',(281.125,83.725,1.));
#14287 = VECTOR('',#14288,1.);
#14288 = DIRECTION('',(1.,0.,0.));
#14289 = PLANE('',#14290);
#14290 = AXIS2_PLACEMENT_3D('',#14291,#14292,#14293);
#14291 = CARTESIAN_POINT('',(281.125,83.725,1.));
#14292 = DIRECTION('',(0.,-1.,0.));
#14293 = DIRECTION('',(1.,0.,0.));
#14294 = ADVANCED_FACE('',(#14295),#14306,.F.);
#14295 = FACE_BOUND('',#14296,.F.);
#14296 = EDGE_LOOP('',(#14297,#14298,#14299,#14300));
#14297 = ORIENTED_EDGE('',*,*,#14276,.T.);
#14298 = ORIENTED_EDGE('',*,*,#3547,.T.);
#14299 = ORIENTED_EDGE('',*,*,#14250,.F.);
#14300 = ORIENTED_EDGE('',*,*,#14301,.F.);
#14301 = EDGE_CURVE('',#14277,#14251,#14302,.T.);
#14302 = LINE('',#14303,#14304);
#14303 = CARTESIAN_POINT('',(295.125,83.725,1.));
#14304 = VECTOR('',#14305,1.);
#14305 = DIRECTION('',(0.,1.,0.));
#14306 = PLANE('',#14307);
#14307 = AXIS2_PLACEMENT_3D('',#14308,#14309,#14310);
#14308 = CARTESIAN_POINT('',(295.125,83.725,1.));
#14309 = DIRECTION('',(1.,0.,0.));
#14310 = DIRECTION('',(0.,1.,0.));
#14311 = ADVANCED_FACE('',(#14312),#14337,.F.);
#14312 = FACE_BOUND('',#14313,.F.);
#14313 = EDGE_LOOP('',(#14314,#14322,#14323,#14331));
#14314 = ORIENTED_EDGE('',*,*,#14315,.T.);
#14315 = EDGE_CURVE('',#14316,#3564,#14318,.T.);
#14316 = VERTEX_POINT('',#14317);
#14317 = CARTESIAN_POINT('',(309.7,97.725,1.));
#14318 = LINE('',#14319,#14320);
#14319 = CARTESIAN_POINT('',(309.7,97.725,1.));
#14320 = VECTOR('',#14321,1.);
#14321 = DIRECTION('',(-0.,-0.,-1.));
#14322 = ORIENTED_EDGE('',*,*,#3563,.T.);
#14323 = ORIENTED_EDGE('',*,*,#14324,.F.);
#14324 = EDGE_CURVE('',#14325,#3566,#14327,.T.);
#14325 = VERTEX_POINT('',#14326);
#14326 = CARTESIAN_POINT('',(309.7,93.025,1.));
#14327 = LINE('',#14328,#14329);
#14328 = CARTESIAN_POINT('',(309.7,93.025,1.));
#14329 = VECTOR('',#14330,1.);
#14330 = DIRECTION('',(-0.,-0.,-1.));
#14331 = ORIENTED_EDGE('',*,*,#14332,.F.);
#14332 = EDGE_CURVE('',#14316,#14325,#14333,.T.);
#14333 = LINE('',#14334,#14335);
#14334 = CARTESIAN_POINT('',(309.7,97.725,1.));
#14335 = VECTOR('',#14336,1.);
#14336 = DIRECTION('',(0.,-1.,0.));
#14337 = PLANE('',#14338);
#14338 = AXIS2_PLACEMENT_3D('',#14339,#14340,#14341);
#14339 = CARTESIAN_POINT('',(309.7,97.725,1.));
#14340 = DIRECTION('',(-1.,0.,0.));
#14341 = DIRECTION('',(0.,-1.,0.));
#14342 = ADVANCED_FACE('',(#14343),#14361,.T.);
#14343 = FACE_BOUND('',#14344,.T.);
#14344 = EDGE_LOOP('',(#14345,#14346,#14347,#14355));
#14345 = ORIENTED_EDGE('',*,*,#14315,.T.);
#14346 = ORIENTED_EDGE('',*,*,#3573,.T.);
#14347 = ORIENTED_EDGE('',*,*,#14348,.F.);
#14348 = EDGE_CURVE('',#14349,#3574,#14351,.T.);
#14349 = VERTEX_POINT('',#14350);
#14350 = CARTESIAN_POINT('',(323.7,97.725,1.));
#14351 = LINE('',#14352,#14353);
#14352 = CARTESIAN_POINT('',(323.7,97.725,1.));
#14353 = VECTOR('',#14354,1.);
#14354 = DIRECTION('',(-0.,-0.,-1.));
#14355 = ORIENTED_EDGE('',*,*,#14356,.F.);
#14356 = EDGE_CURVE('',#14316,#14349,#14357,.T.);
#14357 = LINE('',#14358,#14359);
#14358 = CARTESIAN_POINT('',(309.7,97.725,1.));
#14359 = VECTOR('',#14360,1.);
#14360 = DIRECTION('',(1.,0.,0.));
#14361 = PLANE('',#14362);
#14362 = AXIS2_PLACEMENT_3D('',#14363,#14364,#14365);
#14363 = CARTESIAN_POINT('',(309.7,97.725,1.));
#14364 = DIRECTION('',(0.,-1.,0.));
#14365 = DIRECTION('',(1.,0.,0.));
#14366 = ADVANCED_FACE('',(#14367),#14385,.F.);
#14367 = FACE_BOUND('',#14368,.F.);
#14368 = EDGE_LOOP('',(#14369,#14370,#14371,#14379));
#14369 = ORIENTED_EDGE('',*,*,#14324,.T.);
#14370 = ORIENTED_EDGE('',*,*,#3845,.T.);
#14371 = ORIENTED_EDGE('',*,*,#14372,.F.);
#14372 = EDGE_CURVE('',#14373,#3838,#14375,.T.);
#14373 = VERTEX_POINT('',#14374);
#14374 = CARTESIAN_POINT('',(308.175,93.025,1.));
#14375 = LINE('',#14376,#14377);
#14376 = CARTESIAN_POINT('',(308.175,93.025,1.));
#14377 = VECTOR('',#14378,1.);
#14378 = DIRECTION('',(-0.,-0.,-1.));
#14379 = ORIENTED_EDGE('',*,*,#14380,.F.);
#14380 = EDGE_CURVE('',#14325,#14373,#14381,.T.);
#14381 = LINE('',#14382,#14383);
#14382 = CARTESIAN_POINT('',(309.7,93.025,1.));
#14383 = VECTOR('',#14384,1.);
#14384 = DIRECTION('',(-1.,0.,0.));
#14385 = PLANE('',#14386);
#14386 = AXIS2_PLACEMENT_3D('',#14387,#14388,#14389);
#14387 = CARTESIAN_POINT('',(309.7,93.025,1.));
#14388 = DIRECTION('',(0.,1.,0.));
#14389 = DIRECTION('',(-1.,0.,0.));
#14390 = ADVANCED_FACE('',(#14391),#14409,.T.);
#14391 = FACE_BOUND('',#14392,.T.);
#14392 = EDGE_LOOP('',(#14393,#14394,#14395,#14403));
#14393 = ORIENTED_EDGE('',*,*,#14348,.T.);
#14394 = ORIENTED_EDGE('',*,*,#3581,.T.);
#14395 = ORIENTED_EDGE('',*,*,#14396,.F.);
#14396 = EDGE_CURVE('',#14397,#3582,#14399,.T.);
#14397 = VERTEX_POINT('',#14398);
#14398 = CARTESIAN_POINT('',(323.7,93.025,1.));
#14399 = LINE('',#14400,#14401);
#14400 = CARTESIAN_POINT('',(323.7,93.025,1.));
#14401 = VECTOR('',#14402,1.);
#14402 = DIRECTION('',(-0.,-0.,-1.));
#14403 = ORIENTED_EDGE('',*,*,#14404,.F.);
#14404 = EDGE_CURVE('',#14349,#14397,#14405,.T.);
#14405 = LINE('',#14406,#14407);
#14406 = CARTESIAN_POINT('',(323.7,97.725,1.));
#14407 = VECTOR('',#14408,1.);
#14408 = DIRECTION('',(0.,-1.,0.));
#14409 = PLANE('',#14410);
#14410 = AXIS2_PLACEMENT_3D('',#14411,#14412,#14413);
#14411 = CARTESIAN_POINT('',(323.7,97.725,1.));
#14412 = DIRECTION('',(-1.,0.,0.));
#14413 = DIRECTION('',(0.,-1.,0.));
#14414 = ADVANCED_FACE('',(#14415),#14433,.F.);
#14415 = FACE_BOUND('',#14416,.F.);
#14416 = EDGE_LOOP('',(#14417,#14418,#14419,#14427));
#14417 = ORIENTED_EDGE('',*,*,#14372,.T.);
#14418 = ORIENTED_EDGE('',*,*,#3837,.T.);
#14419 = ORIENTED_EDGE('',*,*,#14420,.F.);
#14420 = EDGE_CURVE('',#14421,#3830,#14423,.T.);
#14421 = VERTEX_POINT('',#14422);
#14422 = CARTESIAN_POINT('',(308.175,96.255,1.));
#14423 = LINE('',#14424,#14425);
#14424 = CARTESIAN_POINT('',(308.175,96.255,1.));
#14425 = VECTOR('',#14426,1.);
#14426 = DIRECTION('',(-0.,-0.,-1.));
#14427 = ORIENTED_EDGE('',*,*,#14428,.F.);
#14428 = EDGE_CURVE('',#14373,#14421,#14429,.T.);
#14429 = LINE('',#14430,#14431);
#14430 = CARTESIAN_POINT('',(308.175,93.025,1.));
#14431 = VECTOR('',#14432,1.);
#14432 = DIRECTION('',(0.,1.,0.));
#14433 = PLANE('',#14434);
#14434 = AXIS2_PLACEMENT_3D('',#14435,#14436,#14437);
#14435 = CARTESIAN_POINT('',(308.175,93.025,1.));
#14436 = DIRECTION('',(1.,0.,0.));
#14437 = DIRECTION('',(0.,1.,0.));
#14438 = ADVANCED_FACE('',(#14439),#14457,.T.);
#14439 = FACE_BOUND('',#14440,.T.);
#14440 = EDGE_LOOP('',(#14441,#14442,#14443,#14451));
#14441 = ORIENTED_EDGE('',*,*,#14396,.T.);
#14442 = ORIENTED_EDGE('',*,*,#3589,.T.);
#14443 = ORIENTED_EDGE('',*,*,#14444,.F.);
#14444 = EDGE_CURVE('',#14445,#3590,#14447,.T.);
#14445 = VERTEX_POINT('',#14446);
#14446 = CARTESIAN_POINT('',(325.225,93.025,1.));
#14447 = LINE('',#14448,#14449);
#14448 = CARTESIAN_POINT('',(325.225,93.025,1.));
#14449 = VECTOR('',#14450,1.);
#14450 = DIRECTION('',(-0.,-0.,-1.));
#14451 = ORIENTED_EDGE('',*,*,#14452,.F.);
#14452 = EDGE_CURVE('',#14397,#14445,#14453,.T.);
#14453 = LINE('',#14454,#14455);
#14454 = CARTESIAN_POINT('',(323.7,93.025,1.));
#14455 = VECTOR('',#14456,1.);
#14456 = DIRECTION('',(1.,0.,0.));
#14457 = PLANE('',#14458);
#14458 = AXIS2_PLACEMENT_3D('',#14459,#14460,#14461);
#14459 = CARTESIAN_POINT('',(323.7,93.025,1.));
#14460 = DIRECTION('',(0.,-1.,0.));
#14461 = DIRECTION('',(1.,0.,0.));
#14462 = ADVANCED_FACE('',(#14463),#14481,.T.);
#14463 = FACE_BOUND('',#14464,.T.);
#14464 = EDGE_LOOP('',(#14465,#14473,#14474,#14475));
#14465 = ORIENTED_EDGE('',*,*,#14466,.T.);
#14466 = EDGE_CURVE('',#14467,#3822,#14469,.T.);
#14467 = VERTEX_POINT('',#14468);
#14468 = CARTESIAN_POINT('',(301.425,96.255,1.));
#14469 = LINE('',#14470,#14471);
#14470 = CARTESIAN_POINT('',(301.425,96.255,1.));
#14471 = VECTOR('',#14472,1.);
#14472 = DIRECTION('',(-0.,-0.,-1.));
#14473 = ORIENTED_EDGE('',*,*,#3829,.T.);
#14474 = ORIENTED_EDGE('',*,*,#14420,.F.);
#14475 = ORIENTED_EDGE('',*,*,#14476,.F.);
#14476 = EDGE_CURVE('',#14467,#14421,#14477,.T.);
#14477 = LINE('',#14478,#14479);
#14478 = CARTESIAN_POINT('',(301.425,96.255,1.));
#14479 = VECTOR('',#14480,1.);
#14480 = DIRECTION('',(1.,0.,0.));
#14481 = PLANE('',#14482);
#14482 = AXIS2_PLACEMENT_3D('',#14483,#14484,#14485);
#14483 = CARTESIAN_POINT('',(301.425,96.255,1.));
#14484 = DIRECTION('',(0.,-1.,0.));
#14485 = DIRECTION('',(1.,0.,0.));
#14486 = ADVANCED_FACE('',(#14487),#14505,.T.);
#14487 = FACE_BOUND('',#14488,.T.);
#14488 = EDGE_LOOP('',(#14489,#14490,#14491,#14499));
#14489 = ORIENTED_EDGE('',*,*,#14444,.T.);
#14490 = ORIENTED_EDGE('',*,*,#3597,.T.);
#14491 = ORIENTED_EDGE('',*,*,#14492,.F.);
#14492 = EDGE_CURVE('',#14493,#3598,#14495,.T.);
#14493 = VERTEX_POINT('',#14494);
#14494 = CARTESIAN_POINT('',(325.225,96.255,1.));
#14495 = LINE('',#14496,#14497);
#14496 = CARTESIAN_POINT('',(325.225,96.255,1.));
#14497 = VECTOR('',#14498,1.);
#14498 = DIRECTION('',(-0.,-0.,-1.));
#14499 = ORIENTED_EDGE('',*,*,#14500,.F.);
#14500 = EDGE_CURVE('',#14445,#14493,#14501,.T.);
#14501 = LINE('',#14502,#14503);
#14502 = CARTESIAN_POINT('',(325.225,93.025,1.));
#14503 = VECTOR('',#14504,1.);
#14504 = DIRECTION('',(0.,1.,0.));
#14505 = PLANE('',#14506);
#14506 = AXIS2_PLACEMENT_3D('',#14507,#14508,#14509);
#14507 = CARTESIAN_POINT('',(325.225,93.025,1.));
#14508 = DIRECTION('',(1.,0.,0.));
#14509 = DIRECTION('',(0.,1.,0.));
#14510 = ADVANCED_FACE('',(#14511),#14529,.F.);
#14511 = FACE_BOUND('',#14512,.F.);
#14512 = EDGE_LOOP('',(#14513,#14514,#14515,#14523));
#14513 = ORIENTED_EDGE('',*,*,#14466,.T.);
#14514 = ORIENTED_EDGE('',*,*,#3821,.T.);
#14515 = ORIENTED_EDGE('',*,*,#14516,.F.);
#14516 = EDGE_CURVE('',#14517,#3814,#14519,.T.);
#14517 = VERTEX_POINT('',#14518);
#14518 = CARTESIAN_POINT('',(301.425,93.025,1.));
#14519 = LINE('',#14520,#14521);
#14520 = CARTESIAN_POINT('',(301.425,93.025,1.));
#14521 = VECTOR('',#14522,1.);
#14522 = DIRECTION('',(-0.,-0.,-1.));
#14523 = ORIENTED_EDGE('',*,*,#14524,.F.);
#14524 = EDGE_CURVE('',#14467,#14517,#14525,.T.);
#14525 = LINE('',#14526,#14527);
#14526 = CARTESIAN_POINT('',(301.425,96.255,1.));
#14527 = VECTOR('',#14528,1.);
#14528 = DIRECTION('',(0.,-1.,0.));
#14529 = PLANE('',#14530);
#14530 = AXIS2_PLACEMENT_3D('',#14531,#14532,#14533);
#14531 = CARTESIAN_POINT('',(301.425,96.255,1.));
#14532 = DIRECTION('',(-1.,0.,0.));
#14533 = DIRECTION('',(0.,-1.,0.));
#14534 = ADVANCED_FACE('',(#14535),#14553,.T.);
#14535 = FACE_BOUND('',#14536,.T.);
#14536 = EDGE_LOOP('',(#14537,#14538,#14539,#14547));
#14537 = ORIENTED_EDGE('',*,*,#14492,.T.);
#14538 = ORIENTED_EDGE('',*,*,#3605,.T.);
#14539 = ORIENTED_EDGE('',*,*,#14540,.F.);
#14540 = EDGE_CURVE('',#14541,#3606,#14543,.T.);
#14541 = VERTEX_POINT('',#14542);
#14542 = CARTESIAN_POINT('',(331.975,96.255,1.));
#14543 = LINE('',#14544,#14545);
#14544 = CARTESIAN_POINT('',(331.975,96.255,1.));
#14545 = VECTOR('',#14546,1.);
#14546 = DIRECTION('',(-0.,-0.,-1.));
#14547 = ORIENTED_EDGE('',*,*,#14548,.F.);
#14548 = EDGE_CURVE('',#14493,#14541,#14549,.T.);
#14549 = LINE('',#14550,#14551);
#14550 = CARTESIAN_POINT('',(325.225,96.255,1.));
#14551 = VECTOR('',#14552,1.);
#14552 = DIRECTION('',(1.,0.,0.));
#14553 = PLANE('',#14554);
#14554 = AXIS2_PLACEMENT_3D('',#14555,#14556,#14557);
#14555 = CARTESIAN_POINT('',(325.225,96.255,1.));
#14556 = DIRECTION('',(0.,-1.,0.));
#14557 = DIRECTION('',(1.,0.,0.));
#14558 = ADVANCED_FACE('',(#14559),#14577,.F.);
#14559 = FACE_BOUND('',#14560,.F.);
#14560 = EDGE_LOOP('',(#14561,#14562,#14563,#14571));
#14561 = ORIENTED_EDGE('',*,*,#14516,.T.);
#14562 = ORIENTED_EDGE('',*,*,#3813,.T.);
#14563 = ORIENTED_EDGE('',*,*,#14564,.F.);
#14564 = EDGE_CURVE('',#14565,#3806,#14567,.T.);
#14565 = VERTEX_POINT('',#14566);
#14566 = CARTESIAN_POINT('',(300.6,93.025,1.));
#14567 = LINE('',#14568,#14569);
#14568 = CARTESIAN_POINT('',(300.6,93.025,1.));
#14569 = VECTOR('',#14570,1.);
#14570 = DIRECTION('',(-0.,-0.,-1.));
#14571 = ORIENTED_EDGE('',*,*,#14572,.F.);
#14572 = EDGE_CURVE('',#14517,#14565,#14573,.T.);
#14573 = LINE('',#14574,#14575);
#14574 = CARTESIAN_POINT('',(301.425,93.025,1.));
#14575 = VECTOR('',#14576,1.);
#14576 = DIRECTION('',(-1.,0.,0.));
#14577 = PLANE('',#14578);
#14578 = AXIS2_PLACEMENT_3D('',#14579,#14580,#14581);
#14579 = CARTESIAN_POINT('',(301.425,93.025,1.));
#14580 = DIRECTION('',(0.,1.,0.));
#14581 = DIRECTION('',(-1.,0.,0.));
#14582 = ADVANCED_FACE('',(#14583),#14601,.T.);
#14583 = FACE_BOUND('',#14584,.T.);
#14584 = EDGE_LOOP('',(#14585,#14586,#14587,#14595));
#14585 = ORIENTED_EDGE('',*,*,#14540,.T.);
#14586 = ORIENTED_EDGE('',*,*,#3613,.T.);
#14587 = ORIENTED_EDGE('',*,*,#14588,.F.);
#14588 = EDGE_CURVE('',#14589,#3614,#14591,.T.);
#14589 = VERTEX_POINT('',#14590);
#14590 = CARTESIAN_POINT('',(331.975,93.025,1.));
#14591 = LINE('',#14592,#14593);
#14592 = CARTESIAN_POINT('',(331.975,93.025,1.));
#14593 = VECTOR('',#14594,1.);
#14594 = DIRECTION('',(-0.,-0.,-1.));
#14595 = ORIENTED_EDGE('',*,*,#14596,.F.);
#14596 = EDGE_CURVE('',#14541,#14589,#14597,.T.);
#14597 = LINE('',#14598,#14599);
#14598 = CARTESIAN_POINT('',(331.975,96.255,1.));
#14599 = VECTOR('',#14600,1.);
#14600 = DIRECTION('',(0.,-1.,0.));
#14601 = PLANE('',#14602);
#14602 = AXIS2_PLACEMENT_3D('',#14603,#14604,#14605);
#14603 = CARTESIAN_POINT('',(331.975,96.255,1.));
#14604 = DIRECTION('',(-1.,0.,0.));
#14605 = DIRECTION('',(0.,-1.,0.));
#14606 = ADVANCED_FACE('',(#14607),#14625,.F.);
#14607 = FACE_BOUND('',#14608,.F.);
#14608 = EDGE_LOOP('',(#14609,#14610,#14611,#14619));
#14609 = ORIENTED_EDGE('',*,*,#14564,.T.);
#14610 = ORIENTED_EDGE('',*,*,#3805,.T.);
#14611 = ORIENTED_EDGE('',*,*,#14612,.F.);
#14612 = EDGE_CURVE('',#14613,#3798,#14615,.T.);
#14613 = VERTEX_POINT('',#14614);
#14614 = CARTESIAN_POINT('',(300.6,90.225,1.));
#14615 = LINE('',#14616,#14617);
#14616 = CARTESIAN_POINT('',(300.6,90.225,1.));
#14617 = VECTOR('',#14618,1.);
#14618 = DIRECTION('',(-0.,-0.,-1.));
#14619 = ORIENTED_EDGE('',*,*,#14620,.F.);
#14620 = EDGE_CURVE('',#14565,#14613,#14621,.T.);
#14621 = LINE('',#14622,#14623);
#14622 = CARTESIAN_POINT('',(300.6,93.025,1.));
#14623 = VECTOR('',#14624,1.);
#14624 = DIRECTION('',(0.,-1.,0.));
#14625 = PLANE('',#14626);
#14626 = AXIS2_PLACEMENT_3D('',#14627,#14628,#14629);
#14627 = CARTESIAN_POINT('',(300.6,93.025,1.));
#14628 = DIRECTION('',(-1.,0.,0.));
#14629 = DIRECTION('',(0.,-1.,0.));
#14630 = ADVANCED_FACE('',(#14631),#14649,.T.);
#14631 = FACE_BOUND('',#14632,.T.);
#14632 = EDGE_LOOP('',(#14633,#14634,#14635,#14643));
#14633 = ORIENTED_EDGE('',*,*,#14588,.T.);
#14634 = ORIENTED_EDGE('',*,*,#3621,.T.);
#14635 = ORIENTED_EDGE('',*,*,#14636,.F.);
#14636 = EDGE_CURVE('',#14637,#3622,#14639,.T.);
#14637 = VERTEX_POINT('',#14638);
#14638 = CARTESIAN_POINT('',(332.8,93.025,1.));
#14639 = LINE('',#14640,#14641);
#14640 = CARTESIAN_POINT('',(332.8,93.025,1.));
#14641 = VECTOR('',#14642,1.);
#14642 = DIRECTION('',(-0.,-0.,-1.));
#14643 = ORIENTED_EDGE('',*,*,#14644,.F.);
#14644 = EDGE_CURVE('',#14589,#14637,#14645,.T.);
#14645 = LINE('',#14646,#14647);
#14646 = CARTESIAN_POINT('',(331.975,93.025,1.));
#14647 = VECTOR('',#14648,1.);
#14648 = DIRECTION('',(1.,0.,0.));
#14649 = PLANE('',#14650);
#14650 = AXIS2_PLACEMENT_3D('',#14651,#14652,#14653);
#14651 = CARTESIAN_POINT('',(331.975,93.025,1.));
#14652 = DIRECTION('',(0.,-1.,0.));
#14653 = DIRECTION('',(1.,0.,0.));
#14654 = ADVANCED_FACE('',(#14655),#14673,.F.);
#14655 = FACE_BOUND('',#14656,.F.);
#14656 = EDGE_LOOP('',(#14657,#14658,#14659,#14667));
#14657 = ORIENTED_EDGE('',*,*,#14612,.T.);
#14658 = ORIENTED_EDGE('',*,*,#3797,.T.);
#14659 = ORIENTED_EDGE('',*,*,#14660,.F.);
#14660 = EDGE_CURVE('',#14661,#3790,#14663,.T.);
#14661 = VERTEX_POINT('',#14662);
#14662 = CARTESIAN_POINT('',(301.425,90.225,1.));
#14663 = LINE('',#14664,#14665);
#14664 = CARTESIAN_POINT('',(301.425,90.225,1.));
#14665 = VECTOR('',#14666,1.);
#14666 = DIRECTION('',(-0.,-0.,-1.));
#14667 = ORIENTED_EDGE('',*,*,#14668,.F.);
#14668 = EDGE_CURVE('',#14613,#14661,#14669,.T.);
#14669 = LINE('',#14670,#14671);
#14670 = CARTESIAN_POINT('',(300.6,90.225,1.));
#14671 = VECTOR('',#14672,1.);
#14672 = DIRECTION('',(1.,0.,0.));
#14673 = PLANE('',#14674);
#14674 = AXIS2_PLACEMENT_3D('',#14675,#14676,#14677);
#14675 = CARTESIAN_POINT('',(300.6,90.225,1.));
#14676 = DIRECTION('',(0.,-1.,0.));
#14677 = DIRECTION('',(1.,0.,0.));
#14678 = ADVANCED_FACE('',(#14679),#14697,.T.);
#14679 = FACE_BOUND('',#14680,.T.);
#14680 = EDGE_LOOP('',(#14681,#14682,#14683,#14691));
#14681 = ORIENTED_EDGE('',*,*,#14636,.T.);
#14682 = ORIENTED_EDGE('',*,*,#3629,.T.);
#14683 = ORIENTED_EDGE('',*,*,#14684,.F.);
#14684 = EDGE_CURVE('',#14685,#3630,#14687,.T.);
#14685 = VERTEX_POINT('',#14686);
#14686 = CARTESIAN_POINT('',(332.8,90.225,1.));
#14687 = LINE('',#14688,#14689);
#14688 = CARTESIAN_POINT('',(332.8,90.225,1.));
#14689 = VECTOR('',#14690,1.);
#14690 = DIRECTION('',(-0.,-0.,-1.));
#14691 = ORIENTED_EDGE('',*,*,#14692,.F.);
#14692 = EDGE_CURVE('',#14637,#14685,#14693,.T.);
#14693 = LINE('',#14694,#14695);
#14694 = CARTESIAN_POINT('',(332.8,93.025,1.));
#14695 = VECTOR('',#14696,1.);
#14696 = DIRECTION('',(0.,-1.,0.));
#14697 = PLANE('',#14698);
#14698 = AXIS2_PLACEMENT_3D('',#14699,#14700,#14701);
#14699 = CARTESIAN_POINT('',(332.8,93.025,1.));
#14700 = DIRECTION('',(-1.,0.,0.));
#14701 = DIRECTION('',(0.,-1.,0.));
#14702 = ADVANCED_FACE('',(#14703),#14721,.F.);
#14703 = FACE_BOUND('',#14704,.F.);
#14704 = EDGE_LOOP('',(#14705,#14706,#14707,#14715));
#14705 = ORIENTED_EDGE('',*,*,#14660,.T.);
#14706 = ORIENTED_EDGE('',*,*,#3789,.T.);
#14707 = ORIENTED_EDGE('',*,*,#14708,.F.);
#14708 = EDGE_CURVE('',#14709,#3782,#14711,.T.);
#14709 = VERTEX_POINT('',#14710);
#14710 = CARTESIAN_POINT('',(301.425,83.955,1.));
#14711 = LINE('',#14712,#14713);
#14712 = CARTESIAN_POINT('',(301.425,83.955,1.));
#14713 = VECTOR('',#14714,1.);
#14714 = DIRECTION('',(-0.,-0.,-1.));
#14715 = ORIENTED_EDGE('',*,*,#14716,.F.);
#14716 = EDGE_CURVE('',#14661,#14709,#14717,.T.);
#14717 = LINE('',#14718,#14719);
#14718 = CARTESIAN_POINT('',(301.425,90.225,1.));
#14719 = VECTOR('',#14720,1.);
#14720 = DIRECTION('',(0.,-1.,0.));
#14721 = PLANE('',#14722);
#14722 = AXIS2_PLACEMENT_3D('',#14723,#14724,#14725);
#14723 = CARTESIAN_POINT('',(301.425,90.225,1.));
#14724 = DIRECTION('',(-1.,0.,0.));
#14725 = DIRECTION('',(0.,-1.,0.));
#14726 = ADVANCED_FACE('',(#14727),#14745,.T.);
#14727 = FACE_BOUND('',#14728,.T.);
#14728 = EDGE_LOOP('',(#14729,#14730,#14731,#14739));
#14729 = ORIENTED_EDGE('',*,*,#14684,.T.);
#14730 = ORIENTED_EDGE('',*,*,#3637,.T.);
#14731 = ORIENTED_EDGE('',*,*,#14732,.F.);
#14732 = EDGE_CURVE('',#14733,#3638,#14735,.T.);
#14733 = VERTEX_POINT('',#14734);
#14734 = CARTESIAN_POINT('',(331.975,90.225,1.));
#14735 = LINE('',#14736,#14737);
#14736 = CARTESIAN_POINT('',(331.975,90.225,1.));
#14737 = VECTOR('',#14738,1.);
#14738 = DIRECTION('',(-0.,-0.,-1.));
#14739 = ORIENTED_EDGE('',*,*,#14740,.F.);
#14740 = EDGE_CURVE('',#14685,#14733,#14741,.T.);
#14741 = LINE('',#14742,#14743);
#14742 = CARTESIAN_POINT('',(332.8,90.225,1.));
#14743 = VECTOR('',#14744,1.);
#14744 = DIRECTION('',(-1.,0.,0.));
#14745 = PLANE('',#14746);
#14746 = AXIS2_PLACEMENT_3D('',#14747,#14748,#14749);
#14747 = CARTESIAN_POINT('',(332.8,90.225,1.));
#14748 = DIRECTION('',(0.,1.,0.));
#14749 = DIRECTION('',(-1.,0.,0.));
#14750 = ADVANCED_FACE('',(#14751),#14769,.F.);
#14751 = FACE_BOUND('',#14752,.F.);
#14752 = EDGE_LOOP('',(#14753,#14754,#14755,#14763));
#14753 = ORIENTED_EDGE('',*,*,#14708,.T.);
#14754 = ORIENTED_EDGE('',*,*,#3781,.T.);
#14755 = ORIENTED_EDGE('',*,*,#14756,.F.);
#14756 = EDGE_CURVE('',#14757,#3774,#14759,.T.);
#14757 = VERTEX_POINT('',#14758);
#14758 = CARTESIAN_POINT('',(303.15,83.955,1.));
#14759 = LINE('',#14760,#14761);
#14760 = CARTESIAN_POINT('',(303.15,83.955,1.));
#14761 = VECTOR('',#14762,1.);
#14762 = DIRECTION('',(-0.,-0.,-1.));
#14763 = ORIENTED_EDGE('',*,*,#14764,.F.);
#14764 = EDGE_CURVE('',#14709,#14757,#14765,.T.);
#14765 = LINE('',#14766,#14767);
#14766 = CARTESIAN_POINT('',(301.425,83.955,1.));
#14767 = VECTOR('',#14768,1.);
#14768 = DIRECTION('',(1.,0.,0.));
#14769 = PLANE('',#14770);
#14770 = AXIS2_PLACEMENT_3D('',#14771,#14772,#14773);
#14771 = CARTESIAN_POINT('',(301.425,83.955,1.));
#14772 = DIRECTION('',(0.,-1.,0.));
#14773 = DIRECTION('',(1.,0.,0.));
#14774 = ADVANCED_FACE('',(#14775),#14793,.T.);
#14775 = FACE_BOUND('',#14776,.T.);
#14776 = EDGE_LOOP('',(#14777,#14778,#14779,#14787));
#14777 = ORIENTED_EDGE('',*,*,#14732,.T.);
#14778 = ORIENTED_EDGE('',*,*,#3645,.T.);
#14779 = ORIENTED_EDGE('',*,*,#14780,.F.);
#14780 = EDGE_CURVE('',#14781,#3646,#14783,.T.);
#14781 = VERTEX_POINT('',#14782);
#14782 = CARTESIAN_POINT('',(331.975,83.955,1.));
#14783 = LINE('',#14784,#14785);
#14784 = CARTESIAN_POINT('',(331.975,83.955,1.));
#14785 = VECTOR('',#14786,1.);
#14786 = DIRECTION('',(-0.,-0.,-1.));
#14787 = ORIENTED_EDGE('',*,*,#14788,.F.);
#14788 = EDGE_CURVE('',#14733,#14781,#14789,.T.);
#14789 = LINE('',#14790,#14791);
#14790 = CARTESIAN_POINT('',(331.975,90.225,1.));
#14791 = VECTOR('',#14792,1.);
#14792 = DIRECTION('',(0.,-1.,0.));
#14793 = PLANE('',#14794);
#14794 = AXIS2_PLACEMENT_3D('',#14795,#14796,#14797);
#14795 = CARTESIAN_POINT('',(331.975,90.225,1.));
#14796 = DIRECTION('',(-1.,0.,0.));
#14797 = DIRECTION('',(0.,-1.,0.));
#14798 = ADVANCED_FACE('',(#14799),#14817,.F.);
#14799 = FACE_BOUND('',#14800,.F.);
#14800 = EDGE_LOOP('',(#14801,#14802,#14803,#14811));
#14801 = ORIENTED_EDGE('',*,*,#14756,.T.);
#14802 = ORIENTED_EDGE('',*,*,#3773,.T.);
#14803 = ORIENTED_EDGE('',*,*,#14804,.F.);
#14804 = EDGE_CURVE('',#14805,#3766,#14807,.T.);
#14805 = VERTEX_POINT('',#14806);
#14806 = CARTESIAN_POINT('',(303.15,82.755,1.));
#14807 = LINE('',#14808,#14809);
#14808 = CARTESIAN_POINT('',(303.15,82.755,1.));
#14809 = VECTOR('',#14810,1.);
#14810 = DIRECTION('',(-0.,-0.,-1.));
#14811 = ORIENTED_EDGE('',*,*,#14812,.F.);
#14812 = EDGE_CURVE('',#14757,#14805,#14813,.T.);
#14813 = LINE('',#14814,#14815);
#14814 = CARTESIAN_POINT('',(303.15,83.955,1.));
#14815 = VECTOR('',#14816,1.);
#14816 = DIRECTION('',(0.,-1.,0.));
#14817 = PLANE('',#14818);
#14818 = AXIS2_PLACEMENT_3D('',#14819,#14820,#14821);
#14819 = CARTESIAN_POINT('',(303.15,83.955,1.));
#14820 = DIRECTION('',(-1.,0.,0.));
#14821 = DIRECTION('',(0.,-1.,0.));
#14822 = ADVANCED_FACE('',(#14823),#14841,.T.);
#14823 = FACE_BOUND('',#14824,.T.);
#14824 = EDGE_LOOP('',(#14825,#14826,#14827,#14835));
#14825 = ORIENTED_EDGE('',*,*,#14780,.T.);
#14826 = ORIENTED_EDGE('',*,*,#3653,.T.);
#14827 = ORIENTED_EDGE('',*,*,#14828,.F.);
#14828 = EDGE_CURVE('',#14829,#3654,#14831,.T.);
#14829 = VERTEX_POINT('',#14830);
#14830 = CARTESIAN_POINT('',(330.25,83.955,1.));
#14831 = LINE('',#14832,#14833);
#14832 = CARTESIAN_POINT('',(330.25,83.955,1.));
#14833 = VECTOR('',#14834,1.);
#14834 = DIRECTION('',(-0.,-0.,-1.));
#14835 = ORIENTED_EDGE('',*,*,#14836,.F.);
#14836 = EDGE_CURVE('',#14781,#14829,#14837,.T.);
#14837 = LINE('',#14838,#14839);
#14838 = CARTESIAN_POINT('',(331.975,83.955,1.));
#14839 = VECTOR('',#14840,1.);
#14840 = DIRECTION('',(-1.,0.,0.));
#14841 = PLANE('',#14842);
#14842 = AXIS2_PLACEMENT_3D('',#14843,#14844,#14845);
#14843 = CARTESIAN_POINT('',(331.975,83.955,1.));
#14844 = DIRECTION('',(0.,1.,0.));
#14845 = DIRECTION('',(-1.,0.,0.));
#14846 = ADVANCED_FACE('',(#14847),#14865,.F.);
#14847 = FACE_BOUND('',#14848,.F.);
#14848 = EDGE_LOOP('',(#14849,#14850,#14851,#14859));
#14849 = ORIENTED_EDGE('',*,*,#14804,.T.);
#14850 = ORIENTED_EDGE('',*,*,#3765,.T.);
#14851 = ORIENTED_EDGE('',*,*,#14852,.F.);
#14852 = EDGE_CURVE('',#14853,#3758,#14855,.T.);
#14853 = VERTEX_POINT('',#14854);
#14854 = CARTESIAN_POINT('',(306.45,82.755,1.));
#14855 = LINE('',#14856,#14857);
#14856 = CARTESIAN_POINT('',(306.45,82.755,1.));
#14857 = VECTOR('',#14858,1.);
#14858 = DIRECTION('',(-0.,-0.,-1.));
#14859 = ORIENTED_EDGE('',*,*,#14860,.F.);
#14860 = EDGE_CURVE('',#14805,#14853,#14861,.T.);
#14861 = LINE('',#14862,#14863);
#14862 = CARTESIAN_POINT('',(303.15,82.755,1.));
#14863 = VECTOR('',#14864,1.);
#14864 = DIRECTION('',(1.,0.,0.));
#14865 = PLANE('',#14866);
#14866 = AXIS2_PLACEMENT_3D('',#14867,#14868,#14869);
#14867 = CARTESIAN_POINT('',(303.15,82.755,1.));
#14868 = DIRECTION('',(0.,-1.,0.));
#14869 = DIRECTION('',(1.,0.,0.));
#14870 = ADVANCED_FACE('',(#14871),#14889,.T.);
#14871 = FACE_BOUND('',#14872,.T.);
#14872 = EDGE_LOOP('',(#14873,#14874,#14875,#14883));
#14873 = ORIENTED_EDGE('',*,*,#14828,.T.);
#14874 = ORIENTED_EDGE('',*,*,#3661,.T.);
#14875 = ORIENTED_EDGE('',*,*,#14876,.F.);
#14876 = EDGE_CURVE('',#14877,#3662,#14879,.T.);
#14877 = VERTEX_POINT('',#14878);
#14878 = CARTESIAN_POINT('',(330.25,82.755,1.));
#14879 = LINE('',#14880,#14881);
#14880 = CARTESIAN_POINT('',(330.25,82.755,1.));
#14881 = VECTOR('',#14882,1.);
#14882 = DIRECTION('',(-0.,-0.,-1.));
#14883 = ORIENTED_EDGE('',*,*,#14884,.F.);
#14884 = EDGE_CURVE('',#14829,#14877,#14885,.T.);
#14885 = LINE('',#14886,#14887);
#14886 = CARTESIAN_POINT('',(330.25,83.955,1.));
#14887 = VECTOR('',#14888,1.);
#14888 = DIRECTION('',(0.,-1.,0.));
#14889 = PLANE('',#14890);
#14890 = AXIS2_PLACEMENT_3D('',#14891,#14892,#14893);
#14891 = CARTESIAN_POINT('',(330.25,83.955,1.));
#14892 = DIRECTION('',(-1.,0.,0.));
#14893 = DIRECTION('',(0.,-1.,0.));
#14894 = ADVANCED_FACE('',(#14895),#14913,.F.);
#14895 = FACE_BOUND('',#14896,.F.);
#14896 = EDGE_LOOP('',(#14897,#14898,#14899,#14907));
#14897 = ORIENTED_EDGE('',*,*,#14852,.T.);
#14898 = ORIENTED_EDGE('',*,*,#3757,.T.);
#14899 = ORIENTED_EDGE('',*,*,#14900,.F.);
#14900 = EDGE_CURVE('',#14901,#3750,#14903,.T.);
#14901 = VERTEX_POINT('',#14902);
#14902 = CARTESIAN_POINT('',(306.45,83.955,1.));
#14903 = LINE('',#14904,#14905);
#14904 = CARTESIAN_POINT('',(306.45,83.955,1.));
#14905 = VECTOR('',#14906,1.);
#14906 = DIRECTION('',(-0.,-0.,-1.));
#14907 = ORIENTED_EDGE('',*,*,#14908,.F.);
#14908 = EDGE_CURVE('',#14853,#14901,#14909,.T.);
#14909 = LINE('',#14910,#14911);
#14910 = CARTESIAN_POINT('',(306.45,82.755,1.));
#14911 = VECTOR('',#14912,1.);
#14912 = DIRECTION('',(0.,1.,0.));
#14913 = PLANE('',#14914);
#14914 = AXIS2_PLACEMENT_3D('',#14915,#14916,#14917);
#14915 = CARTESIAN_POINT('',(306.45,82.755,1.));
#14916 = DIRECTION('',(1.,0.,0.));
#14917 = DIRECTION('',(0.,1.,0.));
#14918 = ADVANCED_FACE('',(#14919),#14937,.T.);
#14919 = FACE_BOUND('',#14920,.T.);
#14920 = EDGE_LOOP('',(#14921,#14922,#14923,#14931));
#14921 = ORIENTED_EDGE('',*,*,#14876,.T.);
#14922 = ORIENTED_EDGE('',*,*,#3669,.T.);
#14923 = ORIENTED_EDGE('',*,*,#14924,.F.);
#14924 = EDGE_CURVE('',#14925,#3670,#14927,.T.);
#14925 = VERTEX_POINT('',#14926);
#14926 = CARTESIAN_POINT('',(326.95,82.755,1.));
#14927 = LINE('',#14928,#14929);
#14928 = CARTESIAN_POINT('',(326.95,82.755,1.));
#14929 = VECTOR('',#14930,1.);
#14930 = DIRECTION('',(-0.,-0.,-1.));
#14931 = ORIENTED_EDGE('',*,*,#14932,.F.);
#14932 = EDGE_CURVE('',#14877,#14925,#14933,.T.);
#14933 = LINE('',#14934,#14935);
#14934 = CARTESIAN_POINT('',(330.25,82.755,1.));
#14935 = VECTOR('',#14936,1.);
#14936 = DIRECTION('',(-1.,0.,0.));
#14937 = PLANE('',#14938);
#14938 = AXIS2_PLACEMENT_3D('',#14939,#14940,#14941);
#14939 = CARTESIAN_POINT('',(330.25,82.755,1.));
#14940 = DIRECTION('',(0.,1.,0.));
#14941 = DIRECTION('',(-1.,0.,0.));
#14942 = ADVANCED_FACE('',(#14943),#14961,.F.);
#14943 = FACE_BOUND('',#14944,.F.);
#14944 = EDGE_LOOP('',(#14945,#14946,#14947,#14955));
#14945 = ORIENTED_EDGE('',*,*,#14900,.T.);
#14946 = ORIENTED_EDGE('',*,*,#3749,.T.);
#14947 = ORIENTED_EDGE('',*,*,#14948,.F.);
#14948 = EDGE_CURVE('',#14949,#3742,#14951,.T.);
#14949 = VERTEX_POINT('',#14950);
#14950 = CARTESIAN_POINT('',(308.175,83.955,1.));
#14951 = LINE('',#14952,#14953);
#14952 = CARTESIAN_POINT('',(308.175,83.955,1.));
#14953 = VECTOR('',#14954,1.);
#14954 = DIRECTION('',(-0.,-0.,-1.));
#14955 = ORIENTED_EDGE('',*,*,#14956,.F.);
#14956 = EDGE_CURVE('',#14901,#14949,#14957,.T.);
#14957 = LINE('',#14958,#14959);
#14958 = CARTESIAN_POINT('',(306.45,83.955,1.));
#14959 = VECTOR('',#14960,1.);
#14960 = DIRECTION('',(1.,0.,0.));
#14961 = PLANE('',#14962);
#14962 = AXIS2_PLACEMENT_3D('',#14963,#14964,#14965);
#14963 = CARTESIAN_POINT('',(306.45,83.955,1.));
#14964 = DIRECTION('',(0.,-1.,0.));
#14965 = DIRECTION('',(1.,0.,0.));
#14966 = ADVANCED_FACE('',(#14967),#14985,.T.);
#14967 = FACE_BOUND('',#14968,.T.);
#14968 = EDGE_LOOP('',(#14969,#14970,#14971,#14979));
#14969 = ORIENTED_EDGE('',*,*,#14924,.T.);
#14970 = ORIENTED_EDGE('',*,*,#3677,.T.);
#14971 = ORIENTED_EDGE('',*,*,#14972,.F.);
#14972 = EDGE_CURVE('',#14973,#3678,#14975,.T.);
#14973 = VERTEX_POINT('',#14974);
#14974 = CARTESIAN_POINT('',(326.95,83.955,1.));
#14975 = LINE('',#14976,#14977);
#14976 = CARTESIAN_POINT('',(326.95,83.955,1.));
#14977 = VECTOR('',#14978,1.);
#14978 = DIRECTION('',(-0.,-0.,-1.));
#14979 = ORIENTED_EDGE('',*,*,#14980,.F.);
#14980 = EDGE_CURVE('',#14925,#14973,#14981,.T.);
#14981 = LINE('',#14982,#14983);
#14982 = CARTESIAN_POINT('',(326.95,82.755,1.));
#14983 = VECTOR('',#14984,1.);
#14984 = DIRECTION('',(0.,1.,0.));
#14985 = PLANE('',#14986);
#14986 = AXIS2_PLACEMENT_3D('',#14987,#14988,#14989);
#14987 = CARTESIAN_POINT('',(326.95,82.755,1.));
#14988 = DIRECTION('',(1.,0.,0.));
#14989 = DIRECTION('',(0.,1.,0.));
#14990 = ADVANCED_FACE('',(#14991),#15009,.F.);
#14991 = FACE_BOUND('',#14992,.F.);
#14992 = EDGE_LOOP('',(#14993,#14994,#14995,#15003));
#14993 = ORIENTED_EDGE('',*,*,#14948,.T.);
#14994 = ORIENTED_EDGE('',*,*,#3741,.T.);
#14995 = ORIENTED_EDGE('',*,*,#14996,.F.);
#14996 = EDGE_CURVE('',#14997,#3734,#14999,.T.);
#14997 = VERTEX_POINT('',#14998);
#14998 = CARTESIAN_POINT('',(308.175,88.425,1.));
#14999 = LINE('',#15000,#15001);
#15000 = CARTESIAN_POINT('',(308.175,88.425,1.));
#15001 = VECTOR('',#15002,1.);
#15002 = DIRECTION('',(-0.,-0.,-1.));
#15003 = ORIENTED_EDGE('',*,*,#15004,.F.);
#15004 = EDGE_CURVE('',#14949,#14997,#15005,.T.);
#15005 = LINE('',#15006,#15007);
#15006 = CARTESIAN_POINT('',(308.175,83.955,1.));
#15007 = VECTOR('',#15008,1.);
#15008 = DIRECTION('',(0.,1.,0.));
#15009 = PLANE('',#15010);
#15010 = AXIS2_PLACEMENT_3D('',#15011,#15012,#15013);
#15011 = CARTESIAN_POINT('',(308.175,83.955,1.));
#15012 = DIRECTION('',(1.,0.,0.));
#15013 = DIRECTION('',(0.,1.,0.));
#15014 = ADVANCED_FACE('',(#15015),#15033,.T.);
#15015 = FACE_BOUND('',#15016,.T.);
#15016 = EDGE_LOOP('',(#15017,#15018,#15019,#15027));
#15017 = ORIENTED_EDGE('',*,*,#14972,.T.);
#15018 = ORIENTED_EDGE('',*,*,#3685,.T.);
#15019 = ORIENTED_EDGE('',*,*,#15020,.F.);
#15020 = EDGE_CURVE('',#15021,#3686,#15023,.T.);
#15021 = VERTEX_POINT('',#15022);
#15022 = CARTESIAN_POINT('',(325.225,83.955,1.));
#15023 = LINE('',#15024,#15025);
#15024 = CARTESIAN_POINT('',(325.225,83.955,1.));
#15025 = VECTOR('',#15026,1.);
#15026 = DIRECTION('',(-0.,-0.,-1.));
#15027 = ORIENTED_EDGE('',*,*,#15028,.F.);
#15028 = EDGE_CURVE('',#14973,#15021,#15029,.T.);
#15029 = LINE('',#15030,#15031);
#15030 = CARTESIAN_POINT('',(326.95,83.955,1.));
#15031 = VECTOR('',#15032,1.);
#15032 = DIRECTION('',(-1.,0.,0.));
#15033 = PLANE('',#15034);
#15034 = AXIS2_PLACEMENT_3D('',#15035,#15036,#15037);
#15035 = CARTESIAN_POINT('',(326.95,83.955,1.));
#15036 = DIRECTION('',(0.,1.,0.));
#15037 = DIRECTION('',(-1.,0.,0.));
#15038 = ADVANCED_FACE('',(#15039),#15057,.F.);
#15039 = FACE_BOUND('',#15040,.F.);
#15040 = EDGE_LOOP('',(#15041,#15042,#15043,#15051));
#15041 = ORIENTED_EDGE('',*,*,#14996,.T.);
#15042 = ORIENTED_EDGE('',*,*,#3733,.T.);
#15043 = ORIENTED_EDGE('',*,*,#15044,.F.);
#15044 = EDGE_CURVE('',#15045,#3726,#15047,.T.);
#15045 = VERTEX_POINT('',#15046);
#15046 = CARTESIAN_POINT('',(309.7,88.425,1.));
#15047 = LINE('',#15048,#15049);
#15048 = CARTESIAN_POINT('',(309.7,88.425,1.));
#15049 = VECTOR('',#15050,1.);
#15050 = DIRECTION('',(-0.,-0.,-1.));
#15051 = ORIENTED_EDGE('',*,*,#15052,.F.);
#15052 = EDGE_CURVE('',#14997,#15045,#15053,.T.);
#15053 = LINE('',#15054,#15055);
#15054 = CARTESIAN_POINT('',(308.175,88.425,1.));
#15055 = VECTOR('',#15056,1.);
#15056 = DIRECTION('',(1.,0.,0.));
#15057 = PLANE('',#15058);
#15058 = AXIS2_PLACEMENT_3D('',#15059,#15060,#15061);
#15059 = CARTESIAN_POINT('',(308.175,88.425,1.));
#15060 = DIRECTION('',(0.,-1.,0.));
#15061 = DIRECTION('',(1.,0.,0.));
#15062 = ADVANCED_FACE('',(#15063),#15081,.T.);
#15063 = FACE_BOUND('',#15064,.T.);
#15064 = EDGE_LOOP('',(#15065,#15066,#15067,#15075));
#15065 = ORIENTED_EDGE('',*,*,#15020,.T.);
#15066 = ORIENTED_EDGE('',*,*,#3693,.T.);
#15067 = ORIENTED_EDGE('',*,*,#15068,.F.);
#15068 = EDGE_CURVE('',#15069,#3694,#15071,.T.);
#15069 = VERTEX_POINT('',#15070);
#15070 = CARTESIAN_POINT('',(325.225,88.425,1.));
#15071 = LINE('',#15072,#15073);
#15072 = CARTESIAN_POINT('',(325.225,88.425,1.));
#15073 = VECTOR('',#15074,1.);
#15074 = DIRECTION('',(-0.,-0.,-1.));
#15075 = ORIENTED_EDGE('',*,*,#15076,.F.);
#15076 = EDGE_CURVE('',#15021,#15069,#15077,.T.);
#15077 = LINE('',#15078,#15079);
#15078 = CARTESIAN_POINT('',(325.225,83.955,1.));
#15079 = VECTOR('',#15080,1.);
#15080 = DIRECTION('',(0.,1.,0.));
#15081 = PLANE('',#15082);
#15082 = AXIS2_PLACEMENT_3D('',#15083,#15084,#15085);
#15083 = CARTESIAN_POINT('',(325.225,83.955,1.));
#15084 = DIRECTION('',(1.,0.,0.));
#15085 = DIRECTION('',(0.,1.,0.));
#15086 = ADVANCED_FACE('',(#15087),#15105,.T.);
#15087 = FACE_BOUND('',#15088,.T.);
#15088 = EDGE_LOOP('',(#15089,#15097,#15098,#15099));
#15089 = ORIENTED_EDGE('',*,*,#15090,.T.);
#15090 = EDGE_CURVE('',#15091,#3718,#15093,.T.);
#15091 = VERTEX_POINT('',#15092);
#15092 = CARTESIAN_POINT('',(309.7,83.725,1.));
#15093 = LINE('',#15094,#15095);
#15094 = CARTESIAN_POINT('',(309.7,83.725,1.));
#15095 = VECTOR('',#15096,1.);
#15096 = DIRECTION('',(-0.,-0.,-1.));
#15097 = ORIENTED_EDGE('',*,*,#3725,.T.);
#15098 = ORIENTED_EDGE('',*,*,#15044,.F.);
#15099 = ORIENTED_EDGE('',*,*,#15100,.F.);
#15100 = EDGE_CURVE('',#15091,#15045,#15101,.T.);
#15101 = LINE('',#15102,#15103);
#15102 = CARTESIAN_POINT('',(309.7,83.725,1.));
#15103 = VECTOR('',#15104,1.);
#15104 = DIRECTION('',(0.,1.,0.));
#15105 = PLANE('',#15106);
#15106 = AXIS2_PLACEMENT_3D('',#15107,#15108,#15109);
#15107 = CARTESIAN_POINT('',(309.7,83.725,1.));
#15108 = DIRECTION('',(1.,0.,0.));
#15109 = DIRECTION('',(0.,1.,0.));
#15110 = ADVANCED_FACE('',(#15111),#15129,.T.);
#15111 = FACE_BOUND('',#15112,.T.);
#15112 = EDGE_LOOP('',(#15113,#15114,#15115,#15123));
#15113 = ORIENTED_EDGE('',*,*,#15068,.T.);
#15114 = ORIENTED_EDGE('',*,*,#3701,.T.);
#15115 = ORIENTED_EDGE('',*,*,#15116,.F.);
#15116 = EDGE_CURVE('',#15117,#3702,#15119,.T.);
#15117 = VERTEX_POINT('',#15118);
#15118 = CARTESIAN_POINT('',(323.7,88.425,1.));
#15119 = LINE('',#15120,#15121);
#15120 = CARTESIAN_POINT('',(323.7,88.425,1.));
#15121 = VECTOR('',#15122,1.);
#15122 = DIRECTION('',(-0.,-0.,-1.));
#15123 = ORIENTED_EDGE('',*,*,#15124,.F.);
#15124 = EDGE_CURVE('',#15069,#15117,#15125,.T.);
#15125 = LINE('',#15126,#15127);
#15126 = CARTESIAN_POINT('',(325.225,88.425,1.));
#15127 = VECTOR('',#15128,1.);
#15128 = DIRECTION('',(-1.,0.,0.));
#15129 = PLANE('',#15130);
#15130 = AXIS2_PLACEMENT_3D('',#15131,#15132,#15133);
#15131 = CARTESIAN_POINT('',(325.225,88.425,1.));
#15132 = DIRECTION('',(0.,1.,0.));
#15133 = DIRECTION('',(-1.,0.,0.));
#15134 = ADVANCED_FACE('',(#15135),#15153,.T.);
#15135 = FACE_BOUND('',#15136,.T.);
#15136 = EDGE_LOOP('',(#15137,#15145,#15146,#15147));
#15137 = ORIENTED_EDGE('',*,*,#15138,.T.);
#15138 = EDGE_CURVE('',#15139,#3710,#15141,.T.);
#15139 = VERTEX_POINT('',#15140);
#15140 = CARTESIAN_POINT('',(323.7,83.725,1.));
#15141 = LINE('',#15142,#15143);
#15142 = CARTESIAN_POINT('',(323.7,83.725,1.));
#15143 = VECTOR('',#15144,1.);
#15144 = DIRECTION('',(-0.,-0.,-1.));
#15145 = ORIENTED_EDGE('',*,*,#3717,.T.);
#15146 = ORIENTED_EDGE('',*,*,#15090,.F.);
#15147 = ORIENTED_EDGE('',*,*,#15148,.F.);
#15148 = EDGE_CURVE('',#15139,#15091,#15149,.T.);
#15149 = LINE('',#15150,#15151);
#15150 = CARTESIAN_POINT('',(323.7,83.725,1.));
#15151 = VECTOR('',#15152,1.);
#15152 = DIRECTION('',(-1.,0.,0.));
#15153 = PLANE('',#15154);
#15154 = AXIS2_PLACEMENT_3D('',#15155,#15156,#15157);
#15155 = CARTESIAN_POINT('',(323.7,83.725,1.));
#15156 = DIRECTION('',(0.,1.,0.));
#15157 = DIRECTION('',(-1.,0.,0.));
#15158 = ADVANCED_FACE('',(#15159),#15170,.T.);
#15159 = FACE_BOUND('',#15160,.T.);
#15160 = EDGE_LOOP('',(#15161,#15162,#15163,#15164));
#15161 = ORIENTED_EDGE('',*,*,#15116,.T.);
#15162 = ORIENTED_EDGE('',*,*,#3709,.T.);
#15163 = ORIENTED_EDGE('',*,*,#15138,.F.);
#15164 = ORIENTED_EDGE('',*,*,#15165,.F.);
#15165 = EDGE_CURVE('',#15117,#15139,#15166,.T.);
#15166 = LINE('',#15167,#15168);
#15167 = CARTESIAN_POINT('',(323.7,88.425,1.));
#15168 = VECTOR('',#15169,1.);
#15169 = DIRECTION('',(0.,-1.,0.));
#15170 = PLANE('',#15171);
#15171 = AXIS2_PLACEMENT_3D('',#15172,#15173,#15174);
#15172 = CARTESIAN_POINT('',(323.7,88.425,1.));
#15173 = DIRECTION('',(-1.,0.,0.));
#15174 = DIRECTION('',(0.,-1.,0.));
#15175 = ADVANCED_FACE('',(#15176),#15201,.F.);
#15176 = FACE_BOUND('',#15177,.F.);
#15177 = EDGE_LOOP('',(#15178,#15186,#15187,#15195));
#15178 = ORIENTED_EDGE('',*,*,#15179,.T.);
#15179 = EDGE_CURVE('',#15180,#3854,#15182,.T.);
#15180 = VERTEX_POINT('',#15181);
#15181 = CARTESIAN_POINT('',(185.875,121.775,1.));
#15182 = LINE('',#15183,#15184);
#15183 = CARTESIAN_POINT('',(185.875,121.775,1.));
#15184 = VECTOR('',#15185,1.);
#15185 = DIRECTION('',(-0.,-0.,-1.));
#15186 = ORIENTED_EDGE('',*,*,#3853,.T.);
#15187 = ORIENTED_EDGE('',*,*,#15188,.F.);
#15188 = EDGE_CURVE('',#15189,#3856,#15191,.T.);
#15189 = VERTEX_POINT('',#15190);
#15190 = CARTESIAN_POINT('',(185.875,107.775,1.));
#15191 = LINE('',#15192,#15193);
#15192 = CARTESIAN_POINT('',(185.875,107.775,1.));
#15193 = VECTOR('',#15194,1.);
#15194 = DIRECTION('',(-0.,-0.,-1.));
#15195 = ORIENTED_EDGE('',*,*,#15196,.F.);
#15196 = EDGE_CURVE('',#15180,#15189,#15197,.T.);
#15197 = LINE('',#15198,#15199);
#15198 = CARTESIAN_POINT('',(185.875,121.775,1.));
#15199 = VECTOR('',#15200,1.);
#15200 = DIRECTION('',(0.,-1.,0.));
#15201 = PLANE('',#15202);
#15202 = AXIS2_PLACEMENT_3D('',#15203,#15204,#15205);
#15203 = CARTESIAN_POINT('',(185.875,121.775,1.));
#15204 = DIRECTION('',(-1.,0.,0.));
#15205 = DIRECTION('',(0.,-1.,0.));
#15206 = ADVANCED_FACE('',(#15207),#15225,.F.);
#15207 = FACE_BOUND('',#15208,.F.);
#15208 = EDGE_LOOP('',(#15209,#15217,#15218,#15219));
#15209 = ORIENTED_EDGE('',*,*,#15210,.T.);
#15210 = EDGE_CURVE('',#15211,#3864,#15213,.T.);
#15211 = VERTEX_POINT('',#15212);
#15212 = CARTESIAN_POINT('',(199.875,121.775,1.));
#15213 = LINE('',#15214,#15215);
#15214 = CARTESIAN_POINT('',(199.875,121.775,1.));
#15215 = VECTOR('',#15216,1.);
#15216 = DIRECTION('',(-0.,-0.,-1.));
#15217 = ORIENTED_EDGE('',*,*,#3863,.T.);
#15218 = ORIENTED_EDGE('',*,*,#15179,.F.);
#15219 = ORIENTED_EDGE('',*,*,#15220,.F.);
#15220 = EDGE_CURVE('',#15211,#15180,#15221,.T.);
#15221 = LINE('',#15222,#15223);
#15222 = CARTESIAN_POINT('',(199.875,121.775,1.));
#15223 = VECTOR('',#15224,1.);
#15224 = DIRECTION('',(-1.,0.,0.));
#15225 = PLANE('',#15226);
#15226 = AXIS2_PLACEMENT_3D('',#15227,#15228,#15229);
#15227 = CARTESIAN_POINT('',(199.875,121.775,1.));
#15228 = DIRECTION('',(0.,1.,0.));
#15229 = DIRECTION('',(-1.,0.,0.));
#15230 = ADVANCED_FACE('',(#15231),#15249,.F.);
#15231 = FACE_BOUND('',#15232,.F.);
#15232 = EDGE_LOOP('',(#15233,#15234,#15235,#15243));
#15233 = ORIENTED_EDGE('',*,*,#15188,.T.);
#15234 = ORIENTED_EDGE('',*,*,#3879,.T.);
#15235 = ORIENTED_EDGE('',*,*,#15236,.F.);
#15236 = EDGE_CURVE('',#15237,#3872,#15239,.T.);
#15237 = VERTEX_POINT('',#15238);
#15238 = CARTESIAN_POINT('',(199.875,107.775,1.));
#15239 = LINE('',#15240,#15241);
#15240 = CARTESIAN_POINT('',(199.875,107.775,1.));
#15241 = VECTOR('',#15242,1.);
#15242 = DIRECTION('',(-0.,-0.,-1.));
#15243 = ORIENTED_EDGE('',*,*,#15244,.F.);
#15244 = EDGE_CURVE('',#15189,#15237,#15245,.T.);
#15245 = LINE('',#15246,#15247);
#15246 = CARTESIAN_POINT('',(185.875,107.775,1.));
#15247 = VECTOR('',#15248,1.);
#15248 = DIRECTION('',(1.,0.,0.));
#15249 = PLANE('',#15250);
#15250 = AXIS2_PLACEMENT_3D('',#15251,#15252,#15253);
#15251 = CARTESIAN_POINT('',(185.875,107.775,1.));
#15252 = DIRECTION('',(0.,-1.,0.));
#15253 = DIRECTION('',(1.,0.,0.));
#15254 = ADVANCED_FACE('',(#15255),#15266,.F.);
#15255 = FACE_BOUND('',#15256,.F.);
#15256 = EDGE_LOOP('',(#15257,#15258,#15259,#15260));
#15257 = ORIENTED_EDGE('',*,*,#15236,.T.);
#15258 = ORIENTED_EDGE('',*,*,#3871,.T.);
#15259 = ORIENTED_EDGE('',*,*,#15210,.F.);
#15260 = ORIENTED_EDGE('',*,*,#15261,.F.);
#15261 = EDGE_CURVE('',#15237,#15211,#15262,.T.);
#15262 = LINE('',#15263,#15264);
#15263 = CARTESIAN_POINT('',(199.875,107.775,1.));
#15264 = VECTOR('',#15265,1.);
#15265 = DIRECTION('',(0.,1.,0.));
#15266 = PLANE('',#15267);
#15267 = AXIS2_PLACEMENT_3D('',#15268,#15269,#15270);
#15268 = CARTESIAN_POINT('',(199.875,107.775,1.));
#15269 = DIRECTION('',(1.,0.,0.));
#15270 = DIRECTION('',(0.,1.,0.));
#15271 = ADVANCED_FACE('',(#15272),#15297,.F.);
#15272 = FACE_BOUND('',#15273,.F.);
#15273 = EDGE_LOOP('',(#15274,#15282,#15283,#15291));
#15274 = ORIENTED_EDGE('',*,*,#15275,.T.);
#15275 = EDGE_CURVE('',#15276,#3888,#15278,.T.);
#15276 = VERTEX_POINT('',#15277);
#15277 = CARTESIAN_POINT('',(204.925,121.775,1.));
#15278 = LINE('',#15279,#15280);
#15279 = CARTESIAN_POINT('',(204.925,121.775,1.));
#15280 = VECTOR('',#15281,1.);
#15281 = DIRECTION('',(-0.,-0.,-1.));
#15282 = ORIENTED_EDGE('',*,*,#3887,.T.);
#15283 = ORIENTED_EDGE('',*,*,#15284,.F.);
#15284 = EDGE_CURVE('',#15285,#3890,#15287,.T.);
#15285 = VERTEX_POINT('',#15286);
#15286 = CARTESIAN_POINT('',(204.925,107.775,1.));
#15287 = LINE('',#15288,#15289);
#15288 = CARTESIAN_POINT('',(204.925,107.775,1.));
#15289 = VECTOR('',#15290,1.);
#15290 = DIRECTION('',(-0.,-0.,-1.));
#15291 = ORIENTED_EDGE('',*,*,#15292,.F.);
#15292 = EDGE_CURVE('',#15276,#15285,#15293,.T.);
#15293 = LINE('',#15294,#15295);
#15294 = CARTESIAN_POINT('',(204.925,121.775,1.));
#15295 = VECTOR('',#15296,1.);
#15296 = DIRECTION('',(0.,-1.,0.));
#15297 = PLANE('',#15298);
#15298 = AXIS2_PLACEMENT_3D('',#15299,#15300,#15301);
#15299 = CARTESIAN_POINT('',(204.925,121.775,1.));
#15300 = DIRECTION('',(-1.,0.,0.));
#15301 = DIRECTION('',(0.,-1.,0.));
#15302 = ADVANCED_FACE('',(#15303),#15321,.F.);
#15303 = FACE_BOUND('',#15304,.F.);
#15304 = EDGE_LOOP('',(#15305,#15313,#15314,#15315));
#15305 = ORIENTED_EDGE('',*,*,#15306,.T.);
#15306 = EDGE_CURVE('',#15307,#3898,#15309,.T.);
#15307 = VERTEX_POINT('',#15308);
#15308 = CARTESIAN_POINT('',(218.925,121.775,1.));
#15309 = LINE('',#15310,#15311);
#15310 = CARTESIAN_POINT('',(218.925,121.775,1.));
#15311 = VECTOR('',#15312,1.);
#15312 = DIRECTION('',(-0.,-0.,-1.));
#15313 = ORIENTED_EDGE('',*,*,#3897,.T.);
#15314 = ORIENTED_EDGE('',*,*,#15275,.F.);
#15315 = ORIENTED_EDGE('',*,*,#15316,.F.);
#15316 = EDGE_CURVE('',#15307,#15276,#15317,.T.);
#15317 = LINE('',#15318,#15319);
#15318 = CARTESIAN_POINT('',(218.925,121.775,1.));
#15319 = VECTOR('',#15320,1.);
#15320 = DIRECTION('',(-1.,0.,0.));
#15321 = PLANE('',#15322);
#15322 = AXIS2_PLACEMENT_3D('',#15323,#15324,#15325);
#15323 = CARTESIAN_POINT('',(218.925,121.775,1.));
#15324 = DIRECTION('',(0.,1.,0.));
#15325 = DIRECTION('',(-1.,0.,0.));
#15326 = ADVANCED_FACE('',(#15327),#15345,.F.);
#15327 = FACE_BOUND('',#15328,.F.);
#15328 = EDGE_LOOP('',(#15329,#15330,#15331,#15339));
#15329 = ORIENTED_EDGE('',*,*,#15284,.T.);
#15330 = ORIENTED_EDGE('',*,*,#3913,.T.);
#15331 = ORIENTED_EDGE('',*,*,#15332,.F.);
#15332 = EDGE_CURVE('',#15333,#3906,#15335,.T.);
#15333 = VERTEX_POINT('',#15334);
#15334 = CARTESIAN_POINT('',(218.925,107.775,1.));
#15335 = LINE('',#15336,#15337);
#15336 = CARTESIAN_POINT('',(218.925,107.775,1.));
#15337 = VECTOR('',#15338,1.);
#15338 = DIRECTION('',(-0.,-0.,-1.));
#15339 = ORIENTED_EDGE('',*,*,#15340,.F.);
#15340 = EDGE_CURVE('',#15285,#15333,#15341,.T.);
#15341 = LINE('',#15342,#15343);
#15342 = CARTESIAN_POINT('',(204.925,107.775,1.));
#15343 = VECTOR('',#15344,1.);
#15344 = DIRECTION('',(1.,0.,0.));
#15345 = PLANE('',#15346);
#15346 = AXIS2_PLACEMENT_3D('',#15347,#15348,#15349);
#15347 = CARTESIAN_POINT('',(204.925,107.775,1.));
#15348 = DIRECTION('',(0.,-1.,0.));
#15349 = DIRECTION('',(1.,0.,0.));
#15350 = ADVANCED_FACE('',(#15351),#15362,.F.);
#15351 = FACE_BOUND('',#15352,.F.);
#15352 = EDGE_LOOP('',(#15353,#15354,#15355,#15356));
#15353 = ORIENTED_EDGE('',*,*,#15332,.T.);
#15354 = ORIENTED_EDGE('',*,*,#3905,.T.);
#15355 = ORIENTED_EDGE('',*,*,#15306,.F.);
#15356 = ORIENTED_EDGE('',*,*,#15357,.F.);
#15357 = EDGE_CURVE('',#15333,#15307,#15358,.T.);
#15358 = LINE('',#15359,#15360);
#15359 = CARTESIAN_POINT('',(218.925,107.775,1.));
#15360 = VECTOR('',#15361,1.);
#15361 = DIRECTION('',(0.,1.,0.));
#15362 = PLANE('',#15363);
#15363 = AXIS2_PLACEMENT_3D('',#15364,#15365,#15366);
#15364 = CARTESIAN_POINT('',(218.925,107.775,1.));
#15365 = DIRECTION('',(1.,0.,0.));
#15366 = DIRECTION('',(0.,1.,0.));
#15367 = ADVANCED_FACE('',(#15368),#15393,.F.);
#15368 = FACE_BOUND('',#15369,.F.);
#15369 = EDGE_LOOP('',(#15370,#15378,#15379,#15387));
#15370 = ORIENTED_EDGE('',*,*,#15371,.T.);
#15371 = EDGE_CURVE('',#15372,#3922,#15374,.T.);
#15372 = VERTEX_POINT('',#15373);
#15373 = CARTESIAN_POINT('',(223.975,121.775,1.));
#15374 = LINE('',#15375,#15376);
#15375 = CARTESIAN_POINT('',(223.975,121.775,1.));
#15376 = VECTOR('',#15377,1.);
#15377 = DIRECTION('',(-0.,-0.,-1.));
#15378 = ORIENTED_EDGE('',*,*,#3921,.T.);
#15379 = ORIENTED_EDGE('',*,*,#15380,.F.);
#15380 = EDGE_CURVE('',#15381,#3924,#15383,.T.);
#15381 = VERTEX_POINT('',#15382);
#15382 = CARTESIAN_POINT('',(223.975,107.775,1.));
#15383 = LINE('',#15384,#15385);
#15384 = CARTESIAN_POINT('',(223.975,107.775,1.));
#15385 = VECTOR('',#15386,1.);
#15386 = DIRECTION('',(-0.,-0.,-1.));
#15387 = ORIENTED_EDGE('',*,*,#15388,.F.);
#15388 = EDGE_CURVE('',#15372,#15381,#15389,.T.);
#15389 = LINE('',#15390,#15391);
#15390 = CARTESIAN_POINT('',(223.975,121.775,1.));
#15391 = VECTOR('',#15392,1.);
#15392 = DIRECTION('',(0.,-1.,0.));
#15393 = PLANE('',#15394);
#15394 = AXIS2_PLACEMENT_3D('',#15395,#15396,#15397);
#15395 = CARTESIAN_POINT('',(223.975,121.775,1.));
#15396 = DIRECTION('',(-1.,0.,0.));
#15397 = DIRECTION('',(0.,-1.,0.));
#15398 = ADVANCED_FACE('',(#15399),#15417,.F.);
#15399 = FACE_BOUND('',#15400,.F.);
#15400 = EDGE_LOOP('',(#15401,#15409,#15410,#15411));
#15401 = ORIENTED_EDGE('',*,*,#15402,.T.);
#15402 = EDGE_CURVE('',#15403,#3932,#15405,.T.);
#15403 = VERTEX_POINT('',#15404);
#15404 = CARTESIAN_POINT('',(237.975,121.775,1.));
#15405 = LINE('',#15406,#15407);
#15406 = CARTESIAN_POINT('',(237.975,121.775,1.));
#15407 = VECTOR('',#15408,1.);
#15408 = DIRECTION('',(-0.,-0.,-1.));
#15409 = ORIENTED_EDGE('',*,*,#3931,.T.);
#15410 = ORIENTED_EDGE('',*,*,#15371,.F.);
#15411 = ORIENTED_EDGE('',*,*,#15412,.F.);
#15412 = EDGE_CURVE('',#15403,#15372,#15413,.T.);
#15413 = LINE('',#15414,#15415);
#15414 = CARTESIAN_POINT('',(237.975,121.775,1.));
#15415 = VECTOR('',#15416,1.);
#15416 = DIRECTION('',(-1.,0.,0.));
#15417 = PLANE('',#15418);
#15418 = AXIS2_PLACEMENT_3D('',#15419,#15420,#15421);
#15419 = CARTESIAN_POINT('',(237.975,121.775,1.));
#15420 = DIRECTION('',(0.,1.,0.));
#15421 = DIRECTION('',(-1.,0.,0.));
#15422 = ADVANCED_FACE('',(#15423),#15441,.F.);
#15423 = FACE_BOUND('',#15424,.F.);
#15424 = EDGE_LOOP('',(#15425,#15426,#15427,#15435));
#15425 = ORIENTED_EDGE('',*,*,#15380,.T.);
#15426 = ORIENTED_EDGE('',*,*,#3947,.T.);
#15427 = ORIENTED_EDGE('',*,*,#15428,.F.);
#15428 = EDGE_CURVE('',#15429,#3940,#15431,.T.);
#15429 = VERTEX_POINT('',#15430);
#15430 = CARTESIAN_POINT('',(237.975,107.775,1.));
#15431 = LINE('',#15432,#15433);
#15432 = CARTESIAN_POINT('',(237.975,107.775,1.));
#15433 = VECTOR('',#15434,1.);
#15434 = DIRECTION('',(-0.,-0.,-1.));
#15435 = ORIENTED_EDGE('',*,*,#15436,.F.);
#15436 = EDGE_CURVE('',#15381,#15429,#15437,.T.);
#15437 = LINE('',#15438,#15439);
#15438 = CARTESIAN_POINT('',(223.975,107.775,1.));
#15439 = VECTOR('',#15440,1.);
#15440 = DIRECTION('',(1.,0.,0.));
#15441 = PLANE('',#15442);
#15442 = AXIS2_PLACEMENT_3D('',#15443,#15444,#15445);
#15443 = CARTESIAN_POINT('',(223.975,107.775,1.));
#15444 = DIRECTION('',(0.,-1.,0.));
#15445 = DIRECTION('',(1.,0.,0.));
#15446 = ADVANCED_FACE('',(#15447),#15458,.F.);
#15447 = FACE_BOUND('',#15448,.F.);
#15448 = EDGE_LOOP('',(#15449,#15450,#15451,#15452));
#15449 = ORIENTED_EDGE('',*,*,#15428,.T.);
#15450 = ORIENTED_EDGE('',*,*,#3939,.T.);
#15451 = ORIENTED_EDGE('',*,*,#15402,.F.);
#15452 = ORIENTED_EDGE('',*,*,#15453,.F.);
#15453 = EDGE_CURVE('',#15429,#15403,#15454,.T.);
#15454 = LINE('',#15455,#15456);
#15455 = CARTESIAN_POINT('',(237.975,107.775,1.));
#15456 = VECTOR('',#15457,1.);
#15457 = DIRECTION('',(0.,1.,0.));
#15458 = PLANE('',#15459);
#15459 = AXIS2_PLACEMENT_3D('',#15460,#15461,#15462);
#15460 = CARTESIAN_POINT('',(237.975,107.775,1.));
#15461 = DIRECTION('',(1.,0.,0.));
#15462 = DIRECTION('',(0.,1.,0.));
#15463 = ADVANCED_FACE('',(#15464),#15489,.F.);
#15464 = FACE_BOUND('',#15465,.F.);
#15465 = EDGE_LOOP('',(#15466,#15474,#15475,#15483));
#15466 = ORIENTED_EDGE('',*,*,#15467,.T.);
#15467 = EDGE_CURVE('',#15468,#3956,#15470,.T.);
#15468 = VERTEX_POINT('',#15469);
#15469 = CARTESIAN_POINT('',(252.55,121.775,1.));
#15470 = LINE('',#15471,#15472);
#15471 = CARTESIAN_POINT('',(252.55,121.775,1.));
#15472 = VECTOR('',#15473,1.);
#15473 = DIRECTION('',(-0.,-0.,-1.));
#15474 = ORIENTED_EDGE('',*,*,#3955,.T.);
#15475 = ORIENTED_EDGE('',*,*,#15476,.F.);
#15476 = EDGE_CURVE('',#15477,#3958,#15479,.T.);
#15477 = VERTEX_POINT('',#15478);
#15478 = CARTESIAN_POINT('',(252.55,107.775,1.));
#15479 = LINE('',#15480,#15481);
#15480 = CARTESIAN_POINT('',(252.55,107.775,1.));
#15481 = VECTOR('',#15482,1.);
#15482 = DIRECTION('',(-0.,-0.,-1.));
#15483 = ORIENTED_EDGE('',*,*,#15484,.F.);
#15484 = EDGE_CURVE('',#15468,#15477,#15485,.T.);
#15485 = LINE('',#15486,#15487);
#15486 = CARTESIAN_POINT('',(252.55,121.775,1.));
#15487 = VECTOR('',#15488,1.);
#15488 = DIRECTION('',(0.,-1.,0.));
#15489 = PLANE('',#15490);
#15490 = AXIS2_PLACEMENT_3D('',#15491,#15492,#15493);
#15491 = CARTESIAN_POINT('',(252.55,121.775,1.));
#15492 = DIRECTION('',(-1.,0.,0.));
#15493 = DIRECTION('',(0.,-1.,0.));
#15494 = ADVANCED_FACE('',(#15495),#15513,.F.);
#15495 = FACE_BOUND('',#15496,.F.);
#15496 = EDGE_LOOP('',(#15497,#15505,#15506,#15507));
#15497 = ORIENTED_EDGE('',*,*,#15498,.T.);
#15498 = EDGE_CURVE('',#15499,#3966,#15501,.T.);
#15499 = VERTEX_POINT('',#15500);
#15500 = CARTESIAN_POINT('',(266.55,121.775,1.));
#15501 = LINE('',#15502,#15503);
#15502 = CARTESIAN_POINT('',(266.55,121.775,1.));
#15503 = VECTOR('',#15504,1.);
#15504 = DIRECTION('',(-0.,-0.,-1.));
#15505 = ORIENTED_EDGE('',*,*,#3965,.T.);
#15506 = ORIENTED_EDGE('',*,*,#15467,.F.);
#15507 = ORIENTED_EDGE('',*,*,#15508,.F.);
#15508 = EDGE_CURVE('',#15499,#15468,#15509,.T.);
#15509 = LINE('',#15510,#15511);
#15510 = CARTESIAN_POINT('',(266.55,121.775,1.));
#15511 = VECTOR('',#15512,1.);
#15512 = DIRECTION('',(-1.,0.,0.));
#15513 = PLANE('',#15514);
#15514 = AXIS2_PLACEMENT_3D('',#15515,#15516,#15517);
#15515 = CARTESIAN_POINT('',(266.55,121.775,1.));
#15516 = DIRECTION('',(0.,1.,0.));
#15517 = DIRECTION('',(-1.,0.,0.));
#15518 = ADVANCED_FACE('',(#15519),#15537,.F.);
#15519 = FACE_BOUND('',#15520,.F.);
#15520 = EDGE_LOOP('',(#15521,#15522,#15523,#15531));
#15521 = ORIENTED_EDGE('',*,*,#15476,.T.);
#15522 = ORIENTED_EDGE('',*,*,#3981,.T.);
#15523 = ORIENTED_EDGE('',*,*,#15524,.F.);
#15524 = EDGE_CURVE('',#15525,#3974,#15527,.T.);
#15525 = VERTEX_POINT('',#15526);
#15526 = CARTESIAN_POINT('',(266.55,107.775,1.));
#15527 = LINE('',#15528,#15529);
#15528 = CARTESIAN_POINT('',(266.55,107.775,1.));
#15529 = VECTOR('',#15530,1.);
#15530 = DIRECTION('',(-0.,-0.,-1.));
#15531 = ORIENTED_EDGE('',*,*,#15532,.F.);
#15532 = EDGE_CURVE('',#15477,#15525,#15533,.T.);
#15533 = LINE('',#15534,#15535);
#15534 = CARTESIAN_POINT('',(252.55,107.775,1.));
#15535 = VECTOR('',#15536,1.);
#15536 = DIRECTION('',(1.,0.,0.));
#15537 = PLANE('',#15538);
#15538 = AXIS2_PLACEMENT_3D('',#15539,#15540,#15541);
#15539 = CARTESIAN_POINT('',(252.55,107.775,1.));
#15540 = DIRECTION('',(0.,-1.,0.));
#15541 = DIRECTION('',(1.,0.,0.));
#15542 = ADVANCED_FACE('',(#15543),#15554,.F.);
#15543 = FACE_BOUND('',#15544,.F.);
#15544 = EDGE_LOOP('',(#15545,#15546,#15547,#15548));
#15545 = ORIENTED_EDGE('',*,*,#15524,.T.);
#15546 = ORIENTED_EDGE('',*,*,#3973,.T.);
#15547 = ORIENTED_EDGE('',*,*,#15498,.F.);
#15548 = ORIENTED_EDGE('',*,*,#15549,.F.);
#15549 = EDGE_CURVE('',#15525,#15499,#15550,.T.);
#15550 = LINE('',#15551,#15552);
#15551 = CARTESIAN_POINT('',(266.55,107.775,1.));
#15552 = VECTOR('',#15553,1.);
#15553 = DIRECTION('',(0.,1.,0.));
#15554 = PLANE('',#15555);
#15555 = AXIS2_PLACEMENT_3D('',#15556,#15557,#15558);
#15556 = CARTESIAN_POINT('',(266.55,107.775,1.));
#15557 = DIRECTION('',(1.,0.,0.));
#15558 = DIRECTION('',(0.,1.,0.));
#15559 = ADVANCED_FACE('',(#15560),#15579,.F.);
#15560 = FACE_BOUND('',#15561,.F.);
#15561 = EDGE_LOOP('',(#15562,#15570,#15571,#15572));
#15562 = ORIENTED_EDGE('',*,*,#15563,.T.);
#15563 = EDGE_CURVE('',#15564,#3990,#15566,.T.);
#15564 = VERTEX_POINT('',#15565);
#15565 = CARTESIAN_POINT('',(348.875,97.25,1.));
#15566 = LINE('',#15567,#15568);
#15567 = CARTESIAN_POINT('',(348.875,97.25,1.));
#15568 = VECTOR('',#15569,1.);
#15569 = DIRECTION('',(-0.,-0.,-1.));
#15570 = ORIENTED_EDGE('',*,*,#3989,.T.);
#15571 = ORIENTED_EDGE('',*,*,#15563,.F.);
#15572 = ORIENTED_EDGE('',*,*,#15573,.F.);
#15573 = EDGE_CURVE('',#15564,#15564,#15574,.T.);
#15574 = CIRCLE('',#15575,1.1);
#15575 = AXIS2_PLACEMENT_3D('',#15576,#15577,#15578);
#15576 = CARTESIAN_POINT('',(347.775,97.25,1.));
#15577 = DIRECTION('',(0.,0.,1.));
#15578 = DIRECTION('',(1.,0.,0.));
#15579 = CYLINDRICAL_SURFACE('',#15580,1.1);
#15580 = AXIS2_PLACEMENT_3D('',#15581,#15582,#15583);
#15581 = CARTESIAN_POINT('',(347.775,97.25,1.));
#15582 = DIRECTION('',(0.,0.,1.));
#15583 = DIRECTION('',(1.,0.,0.));
#15584 = ADVANCED_FACE('',(#15585),#15610,.F.);
#15585 = FACE_BOUND('',#15586,.F.);
#15586 = EDGE_LOOP('',(#15587,#15595,#15596,#15604));
#15587 = ORIENTED_EDGE('',*,*,#15588,.T.);
#15588 = EDGE_CURVE('',#15589,#4001,#15591,.T.);
#15589 = VERTEX_POINT('',#15590);
#15590 = CARTESIAN_POINT('',(271.6,121.775,1.));
#15591 = LINE('',#15592,#15593);
#15592 = CARTESIAN_POINT('',(271.6,121.775,1.));
#15593 = VECTOR('',#15594,1.);
#15594 = DIRECTION('',(-0.,-0.,-1.));
#15595 = ORIENTED_EDGE('',*,*,#4000,.T.);
#15596 = ORIENTED_EDGE('',*,*,#15597,.F.);
#15597 = EDGE_CURVE('',#15598,#4003,#15600,.T.);
#15598 = VERTEX_POINT('',#15599);
#15599 = CARTESIAN_POINT('',(271.6,107.775,1.));
#15600 = LINE('',#15601,#15602);
#15601 = CARTESIAN_POINT('',(271.6,107.775,1.));
#15602 = VECTOR('',#15603,1.);
#15603 = DIRECTION('',(-0.,-0.,-1.));
#15604 = ORIENTED_EDGE('',*,*,#15605,.F.);
#15605 = EDGE_CURVE('',#15589,#15598,#15606,.T.);
#15606 = LINE('',#15607,#15608);
#15607 = CARTESIAN_POINT('',(271.6,121.775,1.));
#15608 = VECTOR('',#15609,1.);
#15609 = DIRECTION('',(0.,-1.,0.));
#15610 = PLANE('',#15611);
#15611 = AXIS2_PLACEMENT_3D('',#15612,#15613,#15614);
#15612 = CARTESIAN_POINT('',(271.6,121.775,1.));
#15613 = DIRECTION('',(-1.,0.,0.));
#15614 = DIRECTION('',(0.,-1.,0.));
#15615 = ADVANCED_FACE('',(#15616),#15634,.F.);
#15616 = FACE_BOUND('',#15617,.F.);
#15617 = EDGE_LOOP('',(#15618,#15626,#15627,#15628));
#15618 = ORIENTED_EDGE('',*,*,#15619,.T.);
#15619 = EDGE_CURVE('',#15620,#4011,#15622,.T.);
#15620 = VERTEX_POINT('',#15621);
#15621 = CARTESIAN_POINT('',(285.6,121.775,1.));
#15622 = LINE('',#15623,#15624);
#15623 = CARTESIAN_POINT('',(285.6,121.775,1.));
#15624 = VECTOR('',#15625,1.);
#15625 = DIRECTION('',(-0.,-0.,-1.));
#15626 = ORIENTED_EDGE('',*,*,#4010,.T.);
#15627 = ORIENTED_EDGE('',*,*,#15588,.F.);
#15628 = ORIENTED_EDGE('',*,*,#15629,.F.);
#15629 = EDGE_CURVE('',#15620,#15589,#15630,.T.);
#15630 = LINE('',#15631,#15632);
#15631 = CARTESIAN_POINT('',(285.6,121.775,1.));
#15632 = VECTOR('',#15633,1.);
#15633 = DIRECTION('',(-1.,0.,0.));
#15634 = PLANE('',#15635);
#15635 = AXIS2_PLACEMENT_3D('',#15636,#15637,#15638);
#15636 = CARTESIAN_POINT('',(285.6,121.775,1.));
#15637 = DIRECTION('',(0.,1.,0.));
#15638 = DIRECTION('',(-1.,0.,0.));
#15639 = ADVANCED_FACE('',(#15640),#15658,.F.);
#15640 = FACE_BOUND('',#15641,.F.);
#15641 = EDGE_LOOP('',(#15642,#15643,#15644,#15652));
#15642 = ORIENTED_EDGE('',*,*,#15597,.T.);
#15643 = ORIENTED_EDGE('',*,*,#4026,.T.);
#15644 = ORIENTED_EDGE('',*,*,#15645,.F.);
#15645 = EDGE_CURVE('',#15646,#4019,#15648,.T.);
#15646 = VERTEX_POINT('',#15647);
#15647 = CARTESIAN_POINT('',(285.6,107.775,1.));
#15648 = LINE('',#15649,#15650);
#15649 = CARTESIAN_POINT('',(285.6,107.775,1.));
#15650 = VECTOR('',#15651,1.);
#15651 = DIRECTION('',(-0.,-0.,-1.));
#15652 = ORIENTED_EDGE('',*,*,#15653,.F.);
#15653 = EDGE_CURVE('',#15598,#15646,#15654,.T.);
#15654 = LINE('',#15655,#15656);
#15655 = CARTESIAN_POINT('',(271.6,107.775,1.));
#15656 = VECTOR('',#15657,1.);
#15657 = DIRECTION('',(1.,0.,0.));
#15658 = PLANE('',#15659);
#15659 = AXIS2_PLACEMENT_3D('',#15660,#15661,#15662);
#15660 = CARTESIAN_POINT('',(271.6,107.775,1.));
#15661 = DIRECTION('',(0.,-1.,0.));
#15662 = DIRECTION('',(1.,0.,0.));
#15663 = ADVANCED_FACE('',(#15664),#15675,.F.);
#15664 = FACE_BOUND('',#15665,.F.);
#15665 = EDGE_LOOP('',(#15666,#15667,#15668,#15669));
#15666 = ORIENTED_EDGE('',*,*,#15645,.T.);
#15667 = ORIENTED_EDGE('',*,*,#4018,.T.);
#15668 = ORIENTED_EDGE('',*,*,#15619,.F.);
#15669 = ORIENTED_EDGE('',*,*,#15670,.F.);
#15670 = EDGE_CURVE('',#15646,#15620,#15671,.T.);
#15671 = LINE('',#15672,#15673);
#15672 = CARTESIAN_POINT('',(285.6,107.775,1.));
#15673 = VECTOR('',#15674,1.);
#15674 = DIRECTION('',(0.,1.,0.));
#15675 = PLANE('',#15676);
#15676 = AXIS2_PLACEMENT_3D('',#15677,#15678,#15679);
#15677 = CARTESIAN_POINT('',(285.6,107.775,1.));
#15678 = DIRECTION('',(1.,0.,0.));
#15679 = DIRECTION('',(0.,1.,0.));
#15680 = ADVANCED_FACE('',(#15681),#15706,.F.);
#15681 = FACE_BOUND('',#15682,.F.);
#15682 = EDGE_LOOP('',(#15683,#15691,#15692,#15700));
#15683 = ORIENTED_EDGE('',*,*,#15684,.T.);
#15684 = EDGE_CURVE('',#15685,#4035,#15687,.T.);
#15685 = VERTEX_POINT('',#15686);
#15686 = CARTESIAN_POINT('',(290.65,121.775,1.));
#15687 = LINE('',#15688,#15689);
#15688 = CARTESIAN_POINT('',(290.65,121.775,1.));
#15689 = VECTOR('',#15690,1.);
#15690 = DIRECTION('',(-0.,-0.,-1.));
#15691 = ORIENTED_EDGE('',*,*,#4034,.T.);
#15692 = ORIENTED_EDGE('',*,*,#15693,.F.);
#15693 = EDGE_CURVE('',#15694,#4037,#15696,.T.);
#15694 = VERTEX_POINT('',#15695);
#15695 = CARTESIAN_POINT('',(290.65,107.775,1.));
#15696 = LINE('',#15697,#15698);
#15697 = CARTESIAN_POINT('',(290.65,107.775,1.));
#15698 = VECTOR('',#15699,1.);
#15699 = DIRECTION('',(-0.,-0.,-1.));
#15700 = ORIENTED_EDGE('',*,*,#15701,.F.);
#15701 = EDGE_CURVE('',#15685,#15694,#15702,.T.);
#15702 = LINE('',#15703,#15704);
#15703 = CARTESIAN_POINT('',(290.65,121.775,1.));
#15704 = VECTOR('',#15705,1.);
#15705 = DIRECTION('',(0.,-1.,0.));
#15706 = PLANE('',#15707);
#15707 = AXIS2_PLACEMENT_3D('',#15708,#15709,#15710);
#15708 = CARTESIAN_POINT('',(290.65,121.775,1.));
#15709 = DIRECTION('',(-1.,0.,0.));
#15710 = DIRECTION('',(0.,-1.,0.));
#15711 = ADVANCED_FACE('',(#15712),#15730,.F.);
#15712 = FACE_BOUND('',#15713,.F.);
#15713 = EDGE_LOOP('',(#15714,#15722,#15723,#15724));
#15714 = ORIENTED_EDGE('',*,*,#15715,.T.);
#15715 = EDGE_CURVE('',#15716,#4045,#15718,.T.);
#15716 = VERTEX_POINT('',#15717);
#15717 = CARTESIAN_POINT('',(304.65,121.775,1.));
#15718 = LINE('',#15719,#15720);
#15719 = CARTESIAN_POINT('',(304.65,121.775,1.));
#15720 = VECTOR('',#15721,1.);
#15721 = DIRECTION('',(-0.,-0.,-1.));
#15722 = ORIENTED_EDGE('',*,*,#4044,.T.);
#15723 = ORIENTED_EDGE('',*,*,#15684,.F.);
#15724 = ORIENTED_EDGE('',*,*,#15725,.F.);
#15725 = EDGE_CURVE('',#15716,#15685,#15726,.T.);
#15726 = LINE('',#15727,#15728);
#15727 = CARTESIAN_POINT('',(304.65,121.775,1.));
#15728 = VECTOR('',#15729,1.);
#15729 = DIRECTION('',(-1.,0.,0.));
#15730 = PLANE('',#15731);
#15731 = AXIS2_PLACEMENT_3D('',#15732,#15733,#15734);
#15732 = CARTESIAN_POINT('',(304.65,121.775,1.));
#15733 = DIRECTION('',(0.,1.,0.));
#15734 = DIRECTION('',(-1.,0.,0.));
#15735 = ADVANCED_FACE('',(#15736),#15754,.F.);
#15736 = FACE_BOUND('',#15737,.F.);
#15737 = EDGE_LOOP('',(#15738,#15739,#15740,#15748));
#15738 = ORIENTED_EDGE('',*,*,#15693,.T.);
#15739 = ORIENTED_EDGE('',*,*,#4060,.T.);
#15740 = ORIENTED_EDGE('',*,*,#15741,.F.);
#15741 = EDGE_CURVE('',#15742,#4053,#15744,.T.);
#15742 = VERTEX_POINT('',#15743);
#15743 = CARTESIAN_POINT('',(304.65,107.775,1.));
#15744 = LINE('',#15745,#15746);
#15745 = CARTESIAN_POINT('',(304.65,107.775,1.));
#15746 = VECTOR('',#15747,1.);
#15747 = DIRECTION('',(-0.,-0.,-1.));
#15748 = ORIENTED_EDGE('',*,*,#15749,.F.);
#15749 = EDGE_CURVE('',#15694,#15742,#15750,.T.);
#15750 = LINE('',#15751,#15752);
#15751 = CARTESIAN_POINT('',(290.65,107.775,1.));
#15752 = VECTOR('',#15753,1.);
#15753 = DIRECTION('',(1.,0.,0.));
#15754 = PLANE('',#15755);
#15755 = AXIS2_PLACEMENT_3D('',#15756,#15757,#15758);
#15756 = CARTESIAN_POINT('',(290.65,107.775,1.));
#15757 = DIRECTION('',(0.,-1.,0.));
#15758 = DIRECTION('',(1.,0.,0.));
#15759 = ADVANCED_FACE('',(#15760),#15771,.F.);
#15760 = FACE_BOUND('',#15761,.F.);
#15761 = EDGE_LOOP('',(#15762,#15763,#15764,#15765));
#15762 = ORIENTED_EDGE('',*,*,#15741,.T.);
#15763 = ORIENTED_EDGE('',*,*,#4052,.T.);
#15764 = ORIENTED_EDGE('',*,*,#15715,.F.);
#15765 = ORIENTED_EDGE('',*,*,#15766,.F.);
#15766 = EDGE_CURVE('',#15742,#15716,#15767,.T.);
#15767 = LINE('',#15768,#15769);
#15768 = CARTESIAN_POINT('',(304.65,107.775,1.));
#15769 = VECTOR('',#15770,1.);
#15770 = DIRECTION('',(0.,1.,0.));
#15771 = PLANE('',#15772);
#15772 = AXIS2_PLACEMENT_3D('',#15773,#15774,#15775);
#15773 = CARTESIAN_POINT('',(304.65,107.775,1.));
#15774 = DIRECTION('',(1.,0.,0.));
#15775 = DIRECTION('',(0.,1.,0.));
#15776 = ADVANCED_FACE('',(#15777),#15802,.F.);
#15777 = FACE_BOUND('',#15778,.F.);
#15778 = EDGE_LOOP('',(#15779,#15787,#15788,#15796));
#15779 = ORIENTED_EDGE('',*,*,#15780,.T.);
#15780 = EDGE_CURVE('',#15781,#4069,#15783,.T.);
#15781 = VERTEX_POINT('',#15782);
#15782 = CARTESIAN_POINT('',(309.7,121.775,1.));
#15783 = LINE('',#15784,#15785);
#15784 = CARTESIAN_POINT('',(309.7,121.775,1.));
#15785 = VECTOR('',#15786,1.);
#15786 = DIRECTION('',(-0.,-0.,-1.));
#15787 = ORIENTED_EDGE('',*,*,#4068,.T.);
#15788 = ORIENTED_EDGE('',*,*,#15789,.F.);
#15789 = EDGE_CURVE('',#15790,#4071,#15792,.T.);
#15790 = VERTEX_POINT('',#15791);
#15791 = CARTESIAN_POINT('',(309.7,107.775,1.));
#15792 = LINE('',#15793,#15794);
#15793 = CARTESIAN_POINT('',(309.7,107.775,1.));
#15794 = VECTOR('',#15795,1.);
#15795 = DIRECTION('',(-0.,-0.,-1.));
#15796 = ORIENTED_EDGE('',*,*,#15797,.F.);
#15797 = EDGE_CURVE('',#15781,#15790,#15798,.T.);
#15798 = LINE('',#15799,#15800);
#15799 = CARTESIAN_POINT('',(309.7,121.775,1.));
#15800 = VECTOR('',#15801,1.);
#15801 = DIRECTION('',(0.,-1.,0.));
#15802 = PLANE('',#15803);
#15803 = AXIS2_PLACEMENT_3D('',#15804,#15805,#15806);
#15804 = CARTESIAN_POINT('',(309.7,121.775,1.));
#15805 = DIRECTION('',(-1.,0.,0.));
#15806 = DIRECTION('',(0.,-1.,0.));
#15807 = ADVANCED_FACE('',(#15808),#15826,.F.);
#15808 = FACE_BOUND('',#15809,.F.);
#15809 = EDGE_LOOP('',(#15810,#15818,#15819,#15820));
#15810 = ORIENTED_EDGE('',*,*,#15811,.T.);
#15811 = EDGE_CURVE('',#15812,#4079,#15814,.T.);
#15812 = VERTEX_POINT('',#15813);
#15813 = CARTESIAN_POINT('',(323.7,121.775,1.));
#15814 = LINE('',#15815,#15816);
#15815 = CARTESIAN_POINT('',(323.7,121.775,1.));
#15816 = VECTOR('',#15817,1.);
#15817 = DIRECTION('',(-0.,-0.,-1.));
#15818 = ORIENTED_EDGE('',*,*,#4078,.T.);
#15819 = ORIENTED_EDGE('',*,*,#15780,.F.);
#15820 = ORIENTED_EDGE('',*,*,#15821,.F.);
#15821 = EDGE_CURVE('',#15812,#15781,#15822,.T.);
#15822 = LINE('',#15823,#15824);
#15823 = CARTESIAN_POINT('',(323.7,121.775,1.));
#15824 = VECTOR('',#15825,1.);
#15825 = DIRECTION('',(-1.,0.,0.));
#15826 = PLANE('',#15827);
#15827 = AXIS2_PLACEMENT_3D('',#15828,#15829,#15830);
#15828 = CARTESIAN_POINT('',(323.7,121.775,1.));
#15829 = DIRECTION('',(0.,1.,0.));
#15830 = DIRECTION('',(-1.,0.,0.));
#15831 = ADVANCED_FACE('',(#15832),#15850,.F.);
#15832 = FACE_BOUND('',#15833,.F.);
#15833 = EDGE_LOOP('',(#15834,#15835,#15836,#15844));
#15834 = ORIENTED_EDGE('',*,*,#15789,.T.);
#15835 = ORIENTED_EDGE('',*,*,#4094,.T.);
#15836 = ORIENTED_EDGE('',*,*,#15837,.F.);
#15837 = EDGE_CURVE('',#15838,#4087,#15840,.T.);
#15838 = VERTEX_POINT('',#15839);
#15839 = CARTESIAN_POINT('',(323.7,107.775,1.));
#15840 = LINE('',#15841,#15842);
#15841 = CARTESIAN_POINT('',(323.7,107.775,1.));
#15842 = VECTOR('',#15843,1.);
#15843 = DIRECTION('',(-0.,-0.,-1.));
#15844 = ORIENTED_EDGE('',*,*,#15845,.F.);
#15845 = EDGE_CURVE('',#15790,#15838,#15846,.T.);
#15846 = LINE('',#15847,#15848);
#15847 = CARTESIAN_POINT('',(309.7,107.775,1.));
#15848 = VECTOR('',#15849,1.);
#15849 = DIRECTION('',(1.,0.,0.));
#15850 = PLANE('',#15851);
#15851 = AXIS2_PLACEMENT_3D('',#15852,#15853,#15854);
#15852 = CARTESIAN_POINT('',(309.7,107.775,1.));
#15853 = DIRECTION('',(0.,-1.,0.));
#15854 = DIRECTION('',(1.,0.,0.));
#15855 = ADVANCED_FACE('',(#15856),#15867,.F.);
#15856 = FACE_BOUND('',#15857,.F.);
#15857 = EDGE_LOOP('',(#15858,#15859,#15860,#15861));
#15858 = ORIENTED_EDGE('',*,*,#15837,.T.);
#15859 = ORIENTED_EDGE('',*,*,#4086,.T.);
#15860 = ORIENTED_EDGE('',*,*,#15811,.F.);
#15861 = ORIENTED_EDGE('',*,*,#15862,.F.);
#15862 = EDGE_CURVE('',#15838,#15812,#15863,.T.);
#15863 = LINE('',#15864,#15865);
#15864 = CARTESIAN_POINT('',(323.7,107.775,1.));
#15865 = VECTOR('',#15866,1.);
#15866 = DIRECTION('',(0.,1.,0.));
#15867 = PLANE('',#15868);
#15868 = AXIS2_PLACEMENT_3D('',#15869,#15870,#15871);
#15869 = CARTESIAN_POINT('',(323.7,107.775,1.));
#15870 = DIRECTION('',(1.,0.,0.));
#15871 = DIRECTION('',(0.,1.,0.));
#15872 = ADVANCED_FACE('',(#15873),#15898,.F.);
#15873 = FACE_BOUND('',#15874,.F.);
#15874 = EDGE_LOOP('',(#15875,#15883,#15884,#15892));
#15875 = ORIENTED_EDGE('',*,*,#15876,.T.);
#15876 = EDGE_CURVE('',#15877,#4103,#15879,.T.);
#15877 = VERTEX_POINT('',#15878);
#15878 = CARTESIAN_POINT('',(338.275,121.775,1.));
#15879 = LINE('',#15880,#15881);
#15880 = CARTESIAN_POINT('',(338.275,121.775,1.));
#15881 = VECTOR('',#15882,1.);
#15882 = DIRECTION('',(-0.,-0.,-1.));
#15883 = ORIENTED_EDGE('',*,*,#4102,.T.);
#15884 = ORIENTED_EDGE('',*,*,#15885,.F.);
#15885 = EDGE_CURVE('',#15886,#4105,#15888,.T.);
#15886 = VERTEX_POINT('',#15887);
#15887 = CARTESIAN_POINT('',(338.275,107.775,1.));
#15888 = LINE('',#15889,#15890);
#15889 = CARTESIAN_POINT('',(338.275,107.775,1.));
#15890 = VECTOR('',#15891,1.);
#15891 = DIRECTION('',(-0.,-0.,-1.));
#15892 = ORIENTED_EDGE('',*,*,#15893,.F.);
#15893 = EDGE_CURVE('',#15877,#15886,#15894,.T.);
#15894 = LINE('',#15895,#15896);
#15895 = CARTESIAN_POINT('',(338.275,121.775,1.));
#15896 = VECTOR('',#15897,1.);
#15897 = DIRECTION('',(0.,-1.,0.));
#15898 = PLANE('',#15899);
#15899 = AXIS2_PLACEMENT_3D('',#15900,#15901,#15902);
#15900 = CARTESIAN_POINT('',(338.275,121.775,1.));
#15901 = DIRECTION('',(-1.,0.,0.));
#15902 = DIRECTION('',(0.,-1.,0.));
#15903 = ADVANCED_FACE('',(#15904),#15922,.F.);
#15904 = FACE_BOUND('',#15905,.F.);
#15905 = EDGE_LOOP('',(#15906,#15914,#15915,#15916));
#15906 = ORIENTED_EDGE('',*,*,#15907,.T.);
#15907 = EDGE_CURVE('',#15908,#4113,#15910,.T.);
#15908 = VERTEX_POINT('',#15909);
#15909 = CARTESIAN_POINT('',(352.275,121.775,1.));
#15910 = LINE('',#15911,#15912);
#15911 = CARTESIAN_POINT('',(352.275,121.775,1.));
#15912 = VECTOR('',#15913,1.);
#15913 = DIRECTION('',(-0.,-0.,-1.));
#15914 = ORIENTED_EDGE('',*,*,#4112,.T.);
#15915 = ORIENTED_EDGE('',*,*,#15876,.F.);
#15916 = ORIENTED_EDGE('',*,*,#15917,.F.);
#15917 = EDGE_CURVE('',#15908,#15877,#15918,.T.);
#15918 = LINE('',#15919,#15920);
#15919 = CARTESIAN_POINT('',(352.275,121.775,1.));
#15920 = VECTOR('',#15921,1.);
#15921 = DIRECTION('',(-1.,0.,0.));
#15922 = PLANE('',#15923);
#15923 = AXIS2_PLACEMENT_3D('',#15924,#15925,#15926);
#15924 = CARTESIAN_POINT('',(352.275,121.775,1.));
#15925 = DIRECTION('',(0.,1.,0.));
#15926 = DIRECTION('',(-1.,0.,0.));
#15927 = ADVANCED_FACE('',(#15928),#15946,.F.);
#15928 = FACE_BOUND('',#15929,.F.);
#15929 = EDGE_LOOP('',(#15930,#15931,#15932,#15940));
#15930 = ORIENTED_EDGE('',*,*,#15885,.T.);
#15931 = ORIENTED_EDGE('',*,*,#4128,.T.);
#15932 = ORIENTED_EDGE('',*,*,#15933,.F.);
#15933 = EDGE_CURVE('',#15934,#4121,#15936,.T.);
#15934 = VERTEX_POINT('',#15935);
#15935 = CARTESIAN_POINT('',(352.275,107.775,1.));
#15936 = LINE('',#15937,#15938);
#15937 = CARTESIAN_POINT('',(352.275,107.775,1.));
#15938 = VECTOR('',#15939,1.);
#15939 = DIRECTION('',(-0.,-0.,-1.));
#15940 = ORIENTED_EDGE('',*,*,#15941,.F.);
#15941 = EDGE_CURVE('',#15886,#15934,#15942,.T.);
#15942 = LINE('',#15943,#15944);
#15943 = CARTESIAN_POINT('',(338.275,107.775,1.));
#15944 = VECTOR('',#15945,1.);
#15945 = DIRECTION('',(1.,0.,0.));
#15946 = PLANE('',#15947);
#15947 = AXIS2_PLACEMENT_3D('',#15948,#15949,#15950);
#15948 = CARTESIAN_POINT('',(338.275,107.775,1.));
#15949 = DIRECTION('',(0.,-1.,0.));
#15950 = DIRECTION('',(1.,0.,0.));
#15951 = ADVANCED_FACE('',(#15952),#15963,.F.);
#15952 = FACE_BOUND('',#15953,.F.);
#15953 = EDGE_LOOP('',(#15954,#15955,#15956,#15957));
#15954 = ORIENTED_EDGE('',*,*,#15933,.T.);
#15955 = ORIENTED_EDGE('',*,*,#4120,.T.);
#15956 = ORIENTED_EDGE('',*,*,#15907,.F.);
#15957 = ORIENTED_EDGE('',*,*,#15958,.F.);
#15958 = EDGE_CURVE('',#15934,#15908,#15959,.T.);
#15959 = LINE('',#15960,#15961);
#15960 = CARTESIAN_POINT('',(352.275,107.775,1.));
#15961 = VECTOR('',#15962,1.);
#15962 = DIRECTION('',(0.,1.,0.));
#15963 = PLANE('',#15964);
#15964 = AXIS2_PLACEMENT_3D('',#15965,#15966,#15967);
#15965 = CARTESIAN_POINT('',(352.275,107.775,1.));
#15966 = DIRECTION('',(1.,0.,0.));
#15967 = DIRECTION('',(0.,1.,0.));
#15968 = ADVANCED_FACE('',(#15969),#15988,.F.);
#15969 = FACE_BOUND('',#15970,.F.);
#15970 = EDGE_LOOP('',(#15971,#15979,#15980,#15981));
#15971 = ORIENTED_EDGE('',*,*,#15972,.F.);
#15972 = EDGE_CURVE('',#4137,#15973,#15975,.T.);
#15973 = VERTEX_POINT('',#15974);
#15974 = CARTESIAN_POINT('',(339.35,26.55,0.8));
#15975 = LINE('',#15976,#15977);
#15976 = CARTESIAN_POINT('',(339.35,26.55,0.8));
#15977 = VECTOR('',#15978,1.);
#15978 = DIRECTION('',(-0.707106781187,-2.283770848995E-15,
    0.707106781187));
#15979 = ORIENTED_EDGE('',*,*,#4136,.T.);
#15980 = ORIENTED_EDGE('',*,*,#15972,.T.);
#15981 = ORIENTED_EDGE('',*,*,#15982,.F.);
#15982 = EDGE_CURVE('',#15973,#15973,#15983,.T.);
#15983 = CIRCLE('',#15984,1.1);
#15984 = AXIS2_PLACEMENT_3D('',#15985,#15986,#15987);
#15985 = CARTESIAN_POINT('',(338.25,26.55,0.8));
#15986 = DIRECTION('',(0.,-0.,1.));
#15987 = DIRECTION('',(1.,3.229739708E-15,0.));
#15988 = CONICAL_SURFACE('',#15989,1.1,0.785398163397);
#15989 = AXIS2_PLACEMENT_3D('',#15990,#15991,#15992);
#15990 = CARTESIAN_POINT('',(338.25,26.55,0.8));
#15991 = DIRECTION('',(-0.,-0.,-1.));
#15992 = DIRECTION('',(1.,3.229739708E-15,0.));
#15993 = ADVANCED_FACE('',(#15994),#16013,.F.);
#15994 = FACE_BOUND('',#15995,.F.);
#15995 = EDGE_LOOP('',(#15996,#16004,#16005,#16006));
#15996 = ORIENTED_EDGE('',*,*,#15997,.F.);
#15997 = EDGE_CURVE('',#4148,#15998,#16000,.T.);
#15998 = VERTEX_POINT('',#15999);
#15999 = CARTESIAN_POINT('',(48.6,102.75,0.8));
#16000 = LINE('',#16001,#16002);
#16001 = CARTESIAN_POINT('',(48.6,102.75,0.8));
#16002 = VECTOR('',#16003,1.);
#16003 = DIRECTION('',(-0.707106781187,0.,0.707106781187));
#16004 = ORIENTED_EDGE('',*,*,#4147,.T.);
#16005 = ORIENTED_EDGE('',*,*,#15997,.T.);
#16006 = ORIENTED_EDGE('',*,*,#16007,.F.);
#16007 = EDGE_CURVE('',#15998,#15998,#16008,.T.);
#16008 = CIRCLE('',#16009,1.1);
#16009 = AXIS2_PLACEMENT_3D('',#16010,#16011,#16012);
#16010 = CARTESIAN_POINT('',(47.5,102.75,0.8));
#16011 = DIRECTION('',(0.,0.,1.));
#16012 = DIRECTION('',(1.,0.,0.));
#16013 = CONICAL_SURFACE('',#16014,1.1,0.785398163397);
#16014 = AXIS2_PLACEMENT_3D('',#16015,#16016,#16017);
#16015 = CARTESIAN_POINT('',(47.5,102.75,0.8));
#16016 = DIRECTION('',(-0.,-0.,-1.));
#16017 = DIRECTION('',(1.,0.,0.));
#16018 = ADVANCED_FACE('',(#16019),#16038,.F.);
#16019 = FACE_BOUND('',#16020,.F.);
#16020 = EDGE_LOOP('',(#16021,#16029,#16030,#16031));
#16021 = ORIENTED_EDGE('',*,*,#16022,.F.);
#16022 = EDGE_CURVE('',#4159,#16023,#16025,.T.);
#16023 = VERTEX_POINT('',#16024);
#16024 = CARTESIAN_POINT('',(48.6,26.55,0.8));
#16025 = LINE('',#16026,#16027);
#16026 = CARTESIAN_POINT('',(48.6,26.55,0.8));
#16027 = VECTOR('',#16028,1.);
#16028 = DIRECTION('',(-0.707106781187,-2.283770848995E-15,
    0.707106781187));
#16029 = ORIENTED_EDGE('',*,*,#4158,.T.);
#16030 = ORIENTED_EDGE('',*,*,#16022,.T.);
#16031 = ORIENTED_EDGE('',*,*,#16032,.F.);
#16032 = EDGE_CURVE('',#16023,#16023,#16033,.T.);
#16033 = CIRCLE('',#16034,1.1);
#16034 = AXIS2_PLACEMENT_3D('',#16035,#16036,#16037);
#16035 = CARTESIAN_POINT('',(47.5,26.55,0.8));
#16036 = DIRECTION('',(0.,-0.,1.));
#16037 = DIRECTION('',(1.,3.229739708E-15,0.));
#16038 = CONICAL_SURFACE('',#16039,1.1,0.785398163397);
#16039 = AXIS2_PLACEMENT_3D('',#16040,#16041,#16042);
#16040 = CARTESIAN_POINT('',(47.5,26.55,0.8));
#16041 = DIRECTION('',(-0.,-0.,-1.));
#16042 = DIRECTION('',(1.,3.229739708E-15,0.));
#16043 = ADVANCED_FACE('',(#16044),#16063,.F.);
#16044 = FACE_BOUND('',#16045,.F.);
#16045 = EDGE_LOOP('',(#16046,#16054,#16055,#16056));
#16046 = ORIENTED_EDGE('',*,*,#16047,.T.);
#16047 = EDGE_CURVE('',#16048,#4176,#16050,.T.);
#16048 = VERTEX_POINT('',#16049);
#16049 = CARTESIAN_POINT('',(339.35,102.75,1.));
#16050 = LINE('',#16051,#16052);
#16051 = CARTESIAN_POINT('',(339.35,102.75,1.));
#16052 = VECTOR('',#16053,1.);
#16053 = DIRECTION('',(-0.,-0.,-1.));
#16054 = ORIENTED_EDGE('',*,*,#4185,.T.);
#16055 = ORIENTED_EDGE('',*,*,#16047,.F.);
#16056 = ORIENTED_EDGE('',*,*,#16057,.F.);
#16057 = EDGE_CURVE('',#16048,#16048,#16058,.T.);
#16058 = CIRCLE('',#16059,1.1);
#16059 = AXIS2_PLACEMENT_3D('',#16060,#16061,#16062);
#16060 = CARTESIAN_POINT('',(338.25,102.75,1.));
#16061 = DIRECTION('',(0.,0.,1.));
#16062 = DIRECTION('',(1.,0.,0.));
#16063 = CYLINDRICAL_SURFACE('',#16064,1.1);
#16064 = AXIS2_PLACEMENT_3D('',#16065,#16066,#16067);
#16065 = CARTESIAN_POINT('',(338.25,102.75,1.));
#16066 = DIRECTION('',(0.,0.,1.));
#16067 = DIRECTION('',(1.,0.,0.));
#16068 = ADVANCED_FACE('',(#16069,#16079,#16082,#16085,#16091,#16097,
    #16108,#16146,#16152,#16158,#16164,#16170,#16176,#16182,#16188,
    #16194,#16200,#16206,#16212,#16218,#16256,#16262,#16268,#16274,
    #16280,#16286,#16292,#16298,#16304,#16310,#16316,#16322,#16360,
    #16371,#16377,#16380,#16386,#16392,#16398,#16404,#16410,#16416,
    #16454,#16460,#16466,#16472,#16478,#16484,#16490,#16496,#16502,
    #16508,#16514,#16520,#16526,#16532,#16535,#16538,#16549,#16555,
    #16561,#16567,#16573,#16579,#16585,#16591,#16597,#16603,#16609,
    #16615,#16621,#16627,#16633,#16639,#16645,#16651,#16657,#16663,
    #16669,#16675,#16713,#16719,#16725,#16731,#16737,#16740,#16743,
    #16749,#16755,#16761),#16767,.T.);
#16069 = FACE_BOUND('',#16070,.T.);
#16070 = EDGE_LOOP('',(#16071,#16072,#16073,#16074,#16075,#16076,#16077,
    #16078));
#16071 = ORIENTED_EDGE('',*,*,#4208,.T.);
#16072 = ORIENTED_EDGE('',*,*,#4257,.T.);
#16073 = ORIENTED_EDGE('',*,*,#4306,.T.);
#16074 = ORIENTED_EDGE('',*,*,#4355,.T.);
#16075 = ORIENTED_EDGE('',*,*,#4380,.T.);
#16076 = ORIENTED_EDGE('',*,*,#4337,.T.);
#16077 = ORIENTED_EDGE('',*,*,#4289,.T.);
#16078 = ORIENTED_EDGE('',*,*,#4239,.T.);
#16079 = FACE_BOUND('',#16080,.T.);
#16080 = EDGE_LOOP('',(#16081));
#16081 = ORIENTED_EDGE('',*,*,#4406,.F.);
#16082 = FACE_BOUND('',#16083,.T.);
#16083 = EDGE_LOOP('',(#16084));
#16084 = ORIENTED_EDGE('',*,*,#4431,.F.);
#16085 = FACE_BOUND('',#16086,.T.);
#16086 = EDGE_LOOP('',(#16087,#16088,#16089,#16090));
#16087 = ORIENTED_EDGE('',*,*,#4463,.F.);
#16088 = ORIENTED_EDGE('',*,*,#4487,.F.);
#16089 = ORIENTED_EDGE('',*,*,#4528,.F.);
#16090 = ORIENTED_EDGE('',*,*,#4511,.F.);
#16091 = FACE_BOUND('',#16092,.T.);
#16092 = EDGE_LOOP('',(#16093,#16094,#16095,#16096));
#16093 = ORIENTED_EDGE('',*,*,#4559,.F.);
#16094 = ORIENTED_EDGE('',*,*,#4583,.F.);
#16095 = ORIENTED_EDGE('',*,*,#4624,.F.);
#16096 = ORIENTED_EDGE('',*,*,#4607,.F.);
#16097 = FACE_BOUND('',#16098,.T.);
#16098 = EDGE_LOOP('',(#16099));
#16099 = ORIENTED_EDGE('',*,*,#16100,.F.);
#16100 = EDGE_CURVE('',#16101,#16101,#16103,.T.);
#16101 = VERTEX_POINT('',#16102);
#16102 = CARTESIAN_POINT('',(48.6,26.55,1.));
#16103 = CIRCLE('',#16104,1.1);
#16104 = AXIS2_PLACEMENT_3D('',#16105,#16106,#16107);
#16105 = CARTESIAN_POINT('',(47.5,26.55,1.));
#16106 = DIRECTION('',(0.,0.,1.));
#16107 = DIRECTION('',(1.,0.,0.));
#16108 = FACE_BOUND('',#16109,.T.);
#16109 = EDGE_LOOP('',(#16110,#16111,#16112,#16113,#16114,#16115,#16116,
    #16117,#16118,#16119,#16120,#16121,#16122,#16123,#16124,#16125,
    #16126,#16127,#16128,#16129,#16130,#16131,#16132,#16133,#16134,
    #16135,#16136,#16137,#16138,#16139,#16140,#16141,#16142,#16143,
    #16144,#16145));
#16110 = ORIENTED_EDGE('',*,*,#4655,.F.);
#16111 = ORIENTED_EDGE('',*,*,#4679,.T.);
#16112 = ORIENTED_EDGE('',*,*,#4727,.T.);
#16113 = ORIENTED_EDGE('',*,*,#4775,.T.);
#16114 = ORIENTED_EDGE('',*,*,#4823,.T.);
#16115 = ORIENTED_EDGE('',*,*,#4871,.T.);
#16116 = ORIENTED_EDGE('',*,*,#4919,.T.);
#16117 = ORIENTED_EDGE('',*,*,#4967,.T.);
#16118 = ORIENTED_EDGE('',*,*,#5015,.T.);
#16119 = ORIENTED_EDGE('',*,*,#5063,.T.);
#16120 = ORIENTED_EDGE('',*,*,#5111,.T.);
#16121 = ORIENTED_EDGE('',*,*,#5159,.T.);
#16122 = ORIENTED_EDGE('',*,*,#5207,.T.);
#16123 = ORIENTED_EDGE('',*,*,#5255,.T.);
#16124 = ORIENTED_EDGE('',*,*,#5303,.T.);
#16125 = ORIENTED_EDGE('',*,*,#5351,.T.);
#16126 = ORIENTED_EDGE('',*,*,#5399,.T.);
#16127 = ORIENTED_EDGE('',*,*,#5447,.T.);
#16128 = ORIENTED_EDGE('',*,*,#5488,.T.);
#16129 = ORIENTED_EDGE('',*,*,#5471,.T.);
#16130 = ORIENTED_EDGE('',*,*,#5423,.T.);
#16131 = ORIENTED_EDGE('',*,*,#5375,.F.);
#16132 = ORIENTED_EDGE('',*,*,#5327,.F.);
#16133 = ORIENTED_EDGE('',*,*,#5279,.F.);
#16134 = ORIENTED_EDGE('',*,*,#5231,.F.);
#16135 = ORIENTED_EDGE('',*,*,#5183,.F.);
#16136 = ORIENTED_EDGE('',*,*,#5135,.F.);
#16137 = ORIENTED_EDGE('',*,*,#5087,.F.);
#16138 = ORIENTED_EDGE('',*,*,#5039,.F.);
#16139 = ORIENTED_EDGE('',*,*,#4991,.F.);
#16140 = ORIENTED_EDGE('',*,*,#4943,.F.);
#16141 = ORIENTED_EDGE('',*,*,#4895,.F.);
#16142 = ORIENTED_EDGE('',*,*,#4847,.F.);
#16143 = ORIENTED_EDGE('',*,*,#4799,.T.);
#16144 = ORIENTED_EDGE('',*,*,#4751,.F.);
#16145 = ORIENTED_EDGE('',*,*,#4703,.F.);
#16146 = FACE_BOUND('',#16147,.T.);
#16147 = EDGE_LOOP('',(#16148,#16149,#16150,#16151));
#16148 = ORIENTED_EDGE('',*,*,#5519,.F.);
#16149 = ORIENTED_EDGE('',*,*,#5543,.F.);
#16150 = ORIENTED_EDGE('',*,*,#5584,.F.);
#16151 = ORIENTED_EDGE('',*,*,#5567,.F.);
#16152 = FACE_BOUND('',#16153,.T.);
#16153 = EDGE_LOOP('',(#16154,#16155,#16156,#16157));
#16154 = ORIENTED_EDGE('',*,*,#5615,.F.);
#16155 = ORIENTED_EDGE('',*,*,#5639,.F.);
#16156 = ORIENTED_EDGE('',*,*,#5680,.F.);
#16157 = ORIENTED_EDGE('',*,*,#5663,.F.);
#16158 = FACE_BOUND('',#16159,.T.);
#16159 = EDGE_LOOP('',(#16160,#16161,#16162,#16163));
#16160 = ORIENTED_EDGE('',*,*,#5711,.F.);
#16161 = ORIENTED_EDGE('',*,*,#5735,.F.);
#16162 = ORIENTED_EDGE('',*,*,#5776,.F.);
#16163 = ORIENTED_EDGE('',*,*,#5759,.F.);
#16164 = FACE_BOUND('',#16165,.T.);
#16165 = EDGE_LOOP('',(#16166,#16167,#16168,#16169));
#16166 = ORIENTED_EDGE('',*,*,#5807,.F.);
#16167 = ORIENTED_EDGE('',*,*,#5831,.F.);
#16168 = ORIENTED_EDGE('',*,*,#5872,.F.);
#16169 = ORIENTED_EDGE('',*,*,#5855,.F.);
#16170 = FACE_BOUND('',#16171,.T.);
#16171 = EDGE_LOOP('',(#16172,#16173,#16174,#16175));
#16172 = ORIENTED_EDGE('',*,*,#5903,.F.);
#16173 = ORIENTED_EDGE('',*,*,#5927,.F.);
#16174 = ORIENTED_EDGE('',*,*,#5968,.F.);
#16175 = ORIENTED_EDGE('',*,*,#5951,.F.);
#16176 = FACE_BOUND('',#16177,.T.);
#16177 = EDGE_LOOP('',(#16178,#16179,#16180,#16181));
#16178 = ORIENTED_EDGE('',*,*,#5999,.F.);
#16179 = ORIENTED_EDGE('',*,*,#6023,.F.);
#16180 = ORIENTED_EDGE('',*,*,#6064,.F.);
#16181 = ORIENTED_EDGE('',*,*,#6047,.F.);
#16182 = FACE_BOUND('',#16183,.T.);
#16183 = EDGE_LOOP('',(#16184,#16185,#16186,#16187));
#16184 = ORIENTED_EDGE('',*,*,#6095,.F.);
#16185 = ORIENTED_EDGE('',*,*,#6119,.F.);
#16186 = ORIENTED_EDGE('',*,*,#6160,.F.);
#16187 = ORIENTED_EDGE('',*,*,#6143,.F.);
#16188 = FACE_BOUND('',#16189,.T.);
#16189 = EDGE_LOOP('',(#16190,#16191,#16192,#16193));
#16190 = ORIENTED_EDGE('',*,*,#6191,.F.);
#16191 = ORIENTED_EDGE('',*,*,#6215,.F.);
#16192 = ORIENTED_EDGE('',*,*,#6256,.F.);
#16193 = ORIENTED_EDGE('',*,*,#6239,.F.);
#16194 = FACE_BOUND('',#16195,.T.);
#16195 = EDGE_LOOP('',(#16196,#16197,#16198,#16199));
#16196 = ORIENTED_EDGE('',*,*,#6287,.F.);
#16197 = ORIENTED_EDGE('',*,*,#6311,.F.);
#16198 = ORIENTED_EDGE('',*,*,#6352,.F.);
#16199 = ORIENTED_EDGE('',*,*,#6335,.F.);
#16200 = FACE_BOUND('',#16201,.T.);
#16201 = EDGE_LOOP('',(#16202,#16203,#16204,#16205));
#16202 = ORIENTED_EDGE('',*,*,#6383,.F.);
#16203 = ORIENTED_EDGE('',*,*,#6407,.F.);
#16204 = ORIENTED_EDGE('',*,*,#6448,.F.);
#16205 = ORIENTED_EDGE('',*,*,#6431,.F.);
#16206 = FACE_BOUND('',#16207,.T.);
#16207 = EDGE_LOOP('',(#16208,#16209,#16210,#16211));
#16208 = ORIENTED_EDGE('',*,*,#6479,.F.);
#16209 = ORIENTED_EDGE('',*,*,#6503,.F.);
#16210 = ORIENTED_EDGE('',*,*,#6544,.F.);
#16211 = ORIENTED_EDGE('',*,*,#6527,.F.);
#16212 = FACE_BOUND('',#16213,.T.);
#16213 = EDGE_LOOP('',(#16214,#16215,#16216,#16217));
#16214 = ORIENTED_EDGE('',*,*,#6575,.F.);
#16215 = ORIENTED_EDGE('',*,*,#6599,.F.);
#16216 = ORIENTED_EDGE('',*,*,#6640,.F.);
#16217 = ORIENTED_EDGE('',*,*,#6623,.F.);
#16218 = FACE_BOUND('',#16219,.T.);
#16219 = EDGE_LOOP('',(#16220,#16221,#16222,#16223,#16224,#16225,#16226,
    #16227,#16228,#16229,#16230,#16231,#16232,#16233,#16234,#16235,
    #16236,#16237,#16238,#16239,#16240,#16241,#16242,#16243,#16244,
    #16245,#16246,#16247,#16248,#16249,#16250,#16251,#16252,#16253,
    #16254,#16255));
#16220 = ORIENTED_EDGE('',*,*,#6671,.F.);
#16221 = ORIENTED_EDGE('',*,*,#6695,.T.);
#16222 = ORIENTED_EDGE('',*,*,#6743,.T.);
#16223 = ORIENTED_EDGE('',*,*,#6791,.T.);
#16224 = ORIENTED_EDGE('',*,*,#6839,.T.);
#16225 = ORIENTED_EDGE('',*,*,#6887,.T.);
#16226 = ORIENTED_EDGE('',*,*,#6935,.T.);
#16227 = ORIENTED_EDGE('',*,*,#6983,.T.);
#16228 = ORIENTED_EDGE('',*,*,#7031,.T.);
#16229 = ORIENTED_EDGE('',*,*,#7079,.T.);
#16230 = ORIENTED_EDGE('',*,*,#7127,.T.);
#16231 = ORIENTED_EDGE('',*,*,#7175,.T.);
#16232 = ORIENTED_EDGE('',*,*,#7223,.T.);
#16233 = ORIENTED_EDGE('',*,*,#7271,.T.);
#16234 = ORIENTED_EDGE('',*,*,#7319,.T.);
#16235 = ORIENTED_EDGE('',*,*,#7367,.T.);
#16236 = ORIENTED_EDGE('',*,*,#7415,.T.);
#16237 = ORIENTED_EDGE('',*,*,#7463,.T.);
#16238 = ORIENTED_EDGE('',*,*,#7504,.T.);
#16239 = ORIENTED_EDGE('',*,*,#7487,.T.);
#16240 = ORIENTED_EDGE('',*,*,#7439,.T.);
#16241 = ORIENTED_EDGE('',*,*,#7391,.F.);
#16242 = ORIENTED_EDGE('',*,*,#7343,.F.);
#16243 = ORIENTED_EDGE('',*,*,#7295,.F.);
#16244 = ORIENTED_EDGE('',*,*,#7247,.F.);
#16245 = ORIENTED_EDGE('',*,*,#7199,.F.);
#16246 = ORIENTED_EDGE('',*,*,#7151,.F.);
#16247 = ORIENTED_EDGE('',*,*,#7103,.F.);
#16248 = ORIENTED_EDGE('',*,*,#7055,.F.);
#16249 = ORIENTED_EDGE('',*,*,#7007,.F.);
#16250 = ORIENTED_EDGE('',*,*,#6959,.F.);
#16251 = ORIENTED_EDGE('',*,*,#6911,.F.);
#16252 = ORIENTED_EDGE('',*,*,#6863,.F.);
#16253 = ORIENTED_EDGE('',*,*,#6815,.T.);
#16254 = ORIENTED_EDGE('',*,*,#6767,.F.);
#16255 = ORIENTED_EDGE('',*,*,#6719,.F.);
#16256 = FACE_BOUND('',#16257,.T.);
#16257 = EDGE_LOOP('',(#16258,#16259,#16260,#16261));
#16258 = ORIENTED_EDGE('',*,*,#7535,.F.);
#16259 = ORIENTED_EDGE('',*,*,#7559,.F.);
#16260 = ORIENTED_EDGE('',*,*,#7600,.F.);
#16261 = ORIENTED_EDGE('',*,*,#7583,.F.);
#16262 = FACE_BOUND('',#16263,.T.);
#16263 = EDGE_LOOP('',(#16264,#16265,#16266,#16267));
#16264 = ORIENTED_EDGE('',*,*,#7631,.F.);
#16265 = ORIENTED_EDGE('',*,*,#7655,.F.);
#16266 = ORIENTED_EDGE('',*,*,#7696,.F.);
#16267 = ORIENTED_EDGE('',*,*,#7679,.F.);
#16268 = FACE_BOUND('',#16269,.T.);
#16269 = EDGE_LOOP('',(#16270,#16271,#16272,#16273));
#16270 = ORIENTED_EDGE('',*,*,#7727,.F.);
#16271 = ORIENTED_EDGE('',*,*,#7751,.F.);
#16272 = ORIENTED_EDGE('',*,*,#7792,.F.);
#16273 = ORIENTED_EDGE('',*,*,#7775,.F.);
#16274 = FACE_BOUND('',#16275,.T.);
#16275 = EDGE_LOOP('',(#16276,#16277,#16278,#16279));
#16276 = ORIENTED_EDGE('',*,*,#7823,.F.);
#16277 = ORIENTED_EDGE('',*,*,#7847,.F.);
#16278 = ORIENTED_EDGE('',*,*,#7888,.F.);
#16279 = ORIENTED_EDGE('',*,*,#7871,.F.);
#16280 = FACE_BOUND('',#16281,.T.);
#16281 = EDGE_LOOP('',(#16282,#16283,#16284,#16285));
#16282 = ORIENTED_EDGE('',*,*,#7919,.F.);
#16283 = ORIENTED_EDGE('',*,*,#7943,.F.);
#16284 = ORIENTED_EDGE('',*,*,#7984,.F.);
#16285 = ORIENTED_EDGE('',*,*,#7967,.F.);
#16286 = FACE_BOUND('',#16287,.T.);
#16287 = EDGE_LOOP('',(#16288,#16289,#16290,#16291));
#16288 = ORIENTED_EDGE('',*,*,#8015,.F.);
#16289 = ORIENTED_EDGE('',*,*,#8039,.F.);
#16290 = ORIENTED_EDGE('',*,*,#8080,.F.);
#16291 = ORIENTED_EDGE('',*,*,#8063,.F.);
#16292 = FACE_BOUND('',#16293,.T.);
#16293 = EDGE_LOOP('',(#16294,#16295,#16296,#16297));
#16294 = ORIENTED_EDGE('',*,*,#8111,.F.);
#16295 = ORIENTED_EDGE('',*,*,#8135,.F.);
#16296 = ORIENTED_EDGE('',*,*,#8176,.F.);
#16297 = ORIENTED_EDGE('',*,*,#8159,.F.);
#16298 = FACE_BOUND('',#16299,.T.);
#16299 = EDGE_LOOP('',(#16300,#16301,#16302,#16303));
#16300 = ORIENTED_EDGE('',*,*,#8207,.F.);
#16301 = ORIENTED_EDGE('',*,*,#8231,.F.);
#16302 = ORIENTED_EDGE('',*,*,#8272,.F.);
#16303 = ORIENTED_EDGE('',*,*,#8255,.F.);
#16304 = FACE_BOUND('',#16305,.T.);
#16305 = EDGE_LOOP('',(#16306,#16307,#16308,#16309));
#16306 = ORIENTED_EDGE('',*,*,#8303,.F.);
#16307 = ORIENTED_EDGE('',*,*,#8327,.F.);
#16308 = ORIENTED_EDGE('',*,*,#8368,.F.);
#16309 = ORIENTED_EDGE('',*,*,#8351,.F.);
#16310 = FACE_BOUND('',#16311,.T.);
#16311 = EDGE_LOOP('',(#16312,#16313,#16314,#16315));
#16312 = ORIENTED_EDGE('',*,*,#8399,.F.);
#16313 = ORIENTED_EDGE('',*,*,#8423,.F.);
#16314 = ORIENTED_EDGE('',*,*,#8464,.F.);
#16315 = ORIENTED_EDGE('',*,*,#8447,.F.);
#16316 = FACE_BOUND('',#16317,.T.);
#16317 = EDGE_LOOP('',(#16318,#16319,#16320,#16321));
#16318 = ORIENTED_EDGE('',*,*,#8495,.F.);
#16319 = ORIENTED_EDGE('',*,*,#8519,.F.);
#16320 = ORIENTED_EDGE('',*,*,#8560,.F.);
#16321 = ORIENTED_EDGE('',*,*,#8543,.F.);
#16322 = FACE_BOUND('',#16323,.T.);
#16323 = EDGE_LOOP('',(#16324,#16325,#16326,#16327,#16328,#16329,#16330,
    #16331,#16332,#16333,#16334,#16335,#16336,#16337,#16338,#16339,
    #16340,#16341,#16342,#16343,#16344,#16345,#16346,#16347,#16348,
    #16349,#16350,#16351,#16352,#16353,#16354,#16355,#16356,#16357,
    #16358,#16359));
#16324 = ORIENTED_EDGE('',*,*,#8591,.F.);
#16325 = ORIENTED_EDGE('',*,*,#8615,.T.);
#16326 = ORIENTED_EDGE('',*,*,#8663,.T.);
#16327 = ORIENTED_EDGE('',*,*,#8711,.T.);
#16328 = ORIENTED_EDGE('',*,*,#8759,.T.);
#16329 = ORIENTED_EDGE('',*,*,#8807,.T.);
#16330 = ORIENTED_EDGE('',*,*,#8855,.T.);
#16331 = ORIENTED_EDGE('',*,*,#8903,.T.);
#16332 = ORIENTED_EDGE('',*,*,#8951,.T.);
#16333 = ORIENTED_EDGE('',*,*,#8999,.T.);
#16334 = ORIENTED_EDGE('',*,*,#9047,.T.);
#16335 = ORIENTED_EDGE('',*,*,#9095,.T.);
#16336 = ORIENTED_EDGE('',*,*,#9143,.T.);
#16337 = ORIENTED_EDGE('',*,*,#9191,.T.);
#16338 = ORIENTED_EDGE('',*,*,#9239,.T.);
#16339 = ORIENTED_EDGE('',*,*,#9287,.T.);
#16340 = ORIENTED_EDGE('',*,*,#9335,.T.);
#16341 = ORIENTED_EDGE('',*,*,#9383,.T.);
#16342 = ORIENTED_EDGE('',*,*,#9424,.T.);
#16343 = ORIENTED_EDGE('',*,*,#9407,.T.);
#16344 = ORIENTED_EDGE('',*,*,#9359,.T.);
#16345 = ORIENTED_EDGE('',*,*,#9311,.F.);
#16346 = ORIENTED_EDGE('',*,*,#9263,.F.);
#16347 = ORIENTED_EDGE('',*,*,#9215,.F.);
#16348 = ORIENTED_EDGE('',*,*,#9167,.F.);
#16349 = ORIENTED_EDGE('',*,*,#9119,.F.);
#16350 = ORIENTED_EDGE('',*,*,#9071,.F.);
#16351 = ORIENTED_EDGE('',*,*,#9023,.F.);
#16352 = ORIENTED_EDGE('',*,*,#8975,.F.);
#16353 = ORIENTED_EDGE('',*,*,#8927,.F.);
#16354 = ORIENTED_EDGE('',*,*,#8879,.F.);
#16355 = ORIENTED_EDGE('',*,*,#8831,.F.);
#16356 = ORIENTED_EDGE('',*,*,#8783,.F.);
#16357 = ORIENTED_EDGE('',*,*,#8735,.T.);
#16358 = ORIENTED_EDGE('',*,*,#8687,.F.);
#16359 = ORIENTED_EDGE('',*,*,#8639,.F.);
#16360 = FACE_BOUND('',#16361,.T.);
#16361 = EDGE_LOOP('',(#16362));
#16362 = ORIENTED_EDGE('',*,*,#16363,.F.);
#16363 = EDGE_CURVE('',#16364,#16364,#16366,.T.);
#16364 = VERTEX_POINT('',#16365);
#16365 = CARTESIAN_POINT('',(339.35,26.55,1.));
#16366 = CIRCLE('',#16367,1.1);
#16367 = AXIS2_PLACEMENT_3D('',#16368,#16369,#16370);
#16368 = CARTESIAN_POINT('',(338.25,26.55,1.));
#16369 = DIRECTION('',(0.,0.,1.));
#16370 = DIRECTION('',(1.,0.,0.));
#16371 = FACE_BOUND('',#16372,.T.);
#16372 = EDGE_LOOP('',(#16373,#16374,#16375,#16376));
#16373 = ORIENTED_EDGE('',*,*,#9455,.F.);
#16374 = ORIENTED_EDGE('',*,*,#9479,.F.);
#16375 = ORIENTED_EDGE('',*,*,#9520,.F.);
#16376 = ORIENTED_EDGE('',*,*,#9503,.F.);
#16377 = FACE_BOUND('',#16378,.T.);
#16378 = EDGE_LOOP('',(#16379));
#16379 = ORIENTED_EDGE('',*,*,#9544,.F.);
#16380 = FACE_BOUND('',#16381,.T.);
#16381 = EDGE_LOOP('',(#16382,#16383,#16384,#16385));
#16382 = ORIENTED_EDGE('',*,*,#9576,.F.);
#16383 = ORIENTED_EDGE('',*,*,#9600,.F.);
#16384 = ORIENTED_EDGE('',*,*,#9641,.F.);
#16385 = ORIENTED_EDGE('',*,*,#9624,.F.);
#16386 = FACE_BOUND('',#16387,.T.);
#16387 = EDGE_LOOP('',(#16388,#16389,#16390,#16391));
#16388 = ORIENTED_EDGE('',*,*,#9672,.F.);
#16389 = ORIENTED_EDGE('',*,*,#9696,.F.);
#16390 = ORIENTED_EDGE('',*,*,#9737,.F.);
#16391 = ORIENTED_EDGE('',*,*,#9720,.F.);
#16392 = FACE_BOUND('',#16393,.T.);
#16393 = EDGE_LOOP('',(#16394,#16395,#16396,#16397));
#16394 = ORIENTED_EDGE('',*,*,#9768,.F.);
#16395 = ORIENTED_EDGE('',*,*,#9792,.F.);
#16396 = ORIENTED_EDGE('',*,*,#9833,.F.);
#16397 = ORIENTED_EDGE('',*,*,#9816,.F.);
#16398 = FACE_BOUND('',#16399,.T.);
#16399 = EDGE_LOOP('',(#16400,#16401,#16402,#16403));
#16400 = ORIENTED_EDGE('',*,*,#9864,.F.);
#16401 = ORIENTED_EDGE('',*,*,#9888,.F.);
#16402 = ORIENTED_EDGE('',*,*,#9929,.F.);
#16403 = ORIENTED_EDGE('',*,*,#9912,.F.);
#16404 = FACE_BOUND('',#16405,.T.);
#16405 = EDGE_LOOP('',(#16406,#16407,#16408,#16409));
#16406 = ORIENTED_EDGE('',*,*,#9960,.F.);
#16407 = ORIENTED_EDGE('',*,*,#9984,.F.);
#16408 = ORIENTED_EDGE('',*,*,#10025,.F.);
#16409 = ORIENTED_EDGE('',*,*,#10008,.F.);
#16410 = FACE_BOUND('',#16411,.T.);
#16411 = EDGE_LOOP('',(#16412,#16413,#16414,#16415));
#16412 = ORIENTED_EDGE('',*,*,#10056,.F.);
#16413 = ORIENTED_EDGE('',*,*,#10080,.F.);
#16414 = ORIENTED_EDGE('',*,*,#10121,.F.);
#16415 = ORIENTED_EDGE('',*,*,#10104,.F.);
#16416 = FACE_BOUND('',#16417,.T.);
#16417 = EDGE_LOOP('',(#16418,#16419,#16420,#16421,#16422,#16423,#16424,
    #16425,#16426,#16427,#16428,#16429,#16430,#16431,#16432,#16433,
    #16434,#16435,#16436,#16437,#16438,#16439,#16440,#16441,#16442,
    #16443,#16444,#16445,#16446,#16447,#16448,#16449,#16450,#16451,
    #16452,#16453));
#16418 = ORIENTED_EDGE('',*,*,#10152,.F.);
#16419 = ORIENTED_EDGE('',*,*,#10176,.T.);
#16420 = ORIENTED_EDGE('',*,*,#10224,.T.);
#16421 = ORIENTED_EDGE('',*,*,#10272,.T.);
#16422 = ORIENTED_EDGE('',*,*,#10320,.T.);
#16423 = ORIENTED_EDGE('',*,*,#10368,.T.);
#16424 = ORIENTED_EDGE('',*,*,#10416,.T.);
#16425 = ORIENTED_EDGE('',*,*,#10464,.T.);
#16426 = ORIENTED_EDGE('',*,*,#10512,.T.);
#16427 = ORIENTED_EDGE('',*,*,#10560,.T.);
#16428 = ORIENTED_EDGE('',*,*,#10608,.T.);
#16429 = ORIENTED_EDGE('',*,*,#10656,.T.);
#16430 = ORIENTED_EDGE('',*,*,#10704,.T.);
#16431 = ORIENTED_EDGE('',*,*,#10752,.T.);
#16432 = ORIENTED_EDGE('',*,*,#10800,.T.);
#16433 = ORIENTED_EDGE('',*,*,#10848,.T.);
#16434 = ORIENTED_EDGE('',*,*,#10896,.T.);
#16435 = ORIENTED_EDGE('',*,*,#10944,.T.);
#16436 = ORIENTED_EDGE('',*,*,#10985,.T.);
#16437 = ORIENTED_EDGE('',*,*,#10968,.T.);
#16438 = ORIENTED_EDGE('',*,*,#10920,.T.);
#16439 = ORIENTED_EDGE('',*,*,#10872,.F.);
#16440 = ORIENTED_EDGE('',*,*,#10824,.F.);
#16441 = ORIENTED_EDGE('',*,*,#10776,.F.);
#16442 = ORIENTED_EDGE('',*,*,#10728,.F.);
#16443 = ORIENTED_EDGE('',*,*,#10680,.F.);
#16444 = ORIENTED_EDGE('',*,*,#10632,.F.);
#16445 = ORIENTED_EDGE('',*,*,#10584,.F.);
#16446 = ORIENTED_EDGE('',*,*,#10536,.F.);
#16447 = ORIENTED_EDGE('',*,*,#10488,.F.);
#16448 = ORIENTED_EDGE('',*,*,#10440,.F.);
#16449 = ORIENTED_EDGE('',*,*,#10392,.F.);
#16450 = ORIENTED_EDGE('',*,*,#10344,.F.);
#16451 = ORIENTED_EDGE('',*,*,#10296,.T.);
#16452 = ORIENTED_EDGE('',*,*,#10248,.F.);
#16453 = ORIENTED_EDGE('',*,*,#10200,.F.);
#16454 = FACE_BOUND('',#16455,.T.);
#16455 = EDGE_LOOP('',(#16456,#16457,#16458,#16459));
#16456 = ORIENTED_EDGE('',*,*,#11016,.F.);
#16457 = ORIENTED_EDGE('',*,*,#11040,.F.);
#16458 = ORIENTED_EDGE('',*,*,#11081,.F.);
#16459 = ORIENTED_EDGE('',*,*,#11064,.F.);
#16460 = FACE_BOUND('',#16461,.T.);
#16461 = EDGE_LOOP('',(#16462,#16463,#16464,#16465));
#16462 = ORIENTED_EDGE('',*,*,#11112,.F.);
#16463 = ORIENTED_EDGE('',*,*,#11136,.F.);
#16464 = ORIENTED_EDGE('',*,*,#11177,.F.);
#16465 = ORIENTED_EDGE('',*,*,#11160,.F.);
#16466 = FACE_BOUND('',#16467,.T.);
#16467 = EDGE_LOOP('',(#16468,#16469,#16470,#16471));
#16468 = ORIENTED_EDGE('',*,*,#11208,.F.);
#16469 = ORIENTED_EDGE('',*,*,#11232,.F.);
#16470 = ORIENTED_EDGE('',*,*,#11273,.F.);
#16471 = ORIENTED_EDGE('',*,*,#11256,.F.);
#16472 = FACE_BOUND('',#16473,.T.);
#16473 = EDGE_LOOP('',(#16474,#16475,#16476,#16477));
#16474 = ORIENTED_EDGE('',*,*,#11304,.F.);
#16475 = ORIENTED_EDGE('',*,*,#11328,.F.);
#16476 = ORIENTED_EDGE('',*,*,#11369,.F.);
#16477 = ORIENTED_EDGE('',*,*,#11352,.F.);
#16478 = FACE_BOUND('',#16479,.T.);
#16479 = EDGE_LOOP('',(#16480,#16481,#16482,#16483));
#16480 = ORIENTED_EDGE('',*,*,#11400,.F.);
#16481 = ORIENTED_EDGE('',*,*,#11424,.F.);
#16482 = ORIENTED_EDGE('',*,*,#11465,.F.);
#16483 = ORIENTED_EDGE('',*,*,#11448,.F.);
#16484 = FACE_BOUND('',#16485,.T.);
#16485 = EDGE_LOOP('',(#16486,#16487,#16488,#16489));
#16486 = ORIENTED_EDGE('',*,*,#11496,.F.);
#16487 = ORIENTED_EDGE('',*,*,#11520,.F.);
#16488 = ORIENTED_EDGE('',*,*,#11561,.F.);
#16489 = ORIENTED_EDGE('',*,*,#11544,.F.);
#16490 = FACE_BOUND('',#16491,.T.);
#16491 = EDGE_LOOP('',(#16492,#16493,#16494,#16495));
#16492 = ORIENTED_EDGE('',*,*,#11592,.F.);
#16493 = ORIENTED_EDGE('',*,*,#11616,.F.);
#16494 = ORIENTED_EDGE('',*,*,#11657,.F.);
#16495 = ORIENTED_EDGE('',*,*,#11640,.F.);
#16496 = FACE_BOUND('',#16497,.T.);
#16497 = EDGE_LOOP('',(#16498,#16499,#16500,#16501));
#16498 = ORIENTED_EDGE('',*,*,#11688,.F.);
#16499 = ORIENTED_EDGE('',*,*,#11712,.F.);
#16500 = ORIENTED_EDGE('',*,*,#11753,.F.);
#16501 = ORIENTED_EDGE('',*,*,#11736,.F.);
#16502 = FACE_BOUND('',#16503,.T.);
#16503 = EDGE_LOOP('',(#16504,#16505,#16506,#16507));
#16504 = ORIENTED_EDGE('',*,*,#11784,.F.);
#16505 = ORIENTED_EDGE('',*,*,#11808,.F.);
#16506 = ORIENTED_EDGE('',*,*,#11849,.F.);
#16507 = ORIENTED_EDGE('',*,*,#11832,.F.);
#16508 = FACE_BOUND('',#16509,.T.);
#16509 = EDGE_LOOP('',(#16510,#16511,#16512,#16513));
#16510 = ORIENTED_EDGE('',*,*,#11880,.F.);
#16511 = ORIENTED_EDGE('',*,*,#11904,.F.);
#16512 = ORIENTED_EDGE('',*,*,#11945,.F.);
#16513 = ORIENTED_EDGE('',*,*,#11928,.F.);
#16514 = FACE_BOUND('',#16515,.T.);
#16515 = EDGE_LOOP('',(#16516,#16517,#16518,#16519));
#16516 = ORIENTED_EDGE('',*,*,#11976,.F.);
#16517 = ORIENTED_EDGE('',*,*,#12000,.F.);
#16518 = ORIENTED_EDGE('',*,*,#12041,.F.);
#16519 = ORIENTED_EDGE('',*,*,#12024,.F.);
#16520 = FACE_BOUND('',#16521,.T.);
#16521 = EDGE_LOOP('',(#16522,#16523,#16524,#16525));
#16522 = ORIENTED_EDGE('',*,*,#12072,.F.);
#16523 = ORIENTED_EDGE('',*,*,#12096,.F.);
#16524 = ORIENTED_EDGE('',*,*,#12137,.F.);
#16525 = ORIENTED_EDGE('',*,*,#12120,.F.);
#16526 = FACE_BOUND('',#16527,.T.);
#16527 = EDGE_LOOP('',(#16528,#16529,#16530,#16531));
#16528 = ORIENTED_EDGE('',*,*,#12168,.F.);
#16529 = ORIENTED_EDGE('',*,*,#12192,.F.);
#16530 = ORIENTED_EDGE('',*,*,#12233,.F.);
#16531 = ORIENTED_EDGE('',*,*,#12216,.F.);
#16532 = FACE_BOUND('',#16533,.T.);
#16533 = EDGE_LOOP('',(#16534));
#16534 = ORIENTED_EDGE('',*,*,#12257,.F.);
#16535 = FACE_BOUND('',#16536,.T.);
#16536 = EDGE_LOOP('',(#16537));
#16537 = ORIENTED_EDGE('',*,*,#12282,.F.);
#16538 = FACE_BOUND('',#16539,.T.);
#16539 = EDGE_LOOP('',(#16540));
#16540 = ORIENTED_EDGE('',*,*,#16541,.F.);
#16541 = EDGE_CURVE('',#16542,#16542,#16544,.T.);
#16542 = VERTEX_POINT('',#16543);
#16543 = CARTESIAN_POINT('',(48.6,102.75,1.));
#16544 = CIRCLE('',#16545,1.1);
#16545 = AXIS2_PLACEMENT_3D('',#16546,#16547,#16548);
#16546 = CARTESIAN_POINT('',(47.5,102.75,1.));
#16547 = DIRECTION('',(0.,0.,1.));
#16548 = DIRECTION('',(1.,0.,0.));
#16549 = FACE_BOUND('',#16550,.T.);
#16550 = EDGE_LOOP('',(#16551,#16552,#16553,#16554));
#16551 = ORIENTED_EDGE('',*,*,#12314,.F.);
#16552 = ORIENTED_EDGE('',*,*,#12381,.T.);
#16553 = ORIENTED_EDGE('',*,*,#12363,.F.);
#16554 = ORIENTED_EDGE('',*,*,#12339,.F.);
#16555 = FACE_BOUND('',#16556,.T.);
#16556 = EDGE_LOOP('',(#16557,#16558,#16559,#16560));
#16557 = ORIENTED_EDGE('',*,*,#12412,.F.);
#16558 = ORIENTED_EDGE('',*,*,#12436,.F.);
#16559 = ORIENTED_EDGE('',*,*,#12477,.F.);
#16560 = ORIENTED_EDGE('',*,*,#12460,.F.);
#16561 = FACE_BOUND('',#16562,.T.);
#16562 = EDGE_LOOP('',(#16563,#16564,#16565,#16566));
#16563 = ORIENTED_EDGE('',*,*,#12508,.F.);
#16564 = ORIENTED_EDGE('',*,*,#12532,.F.);
#16565 = ORIENTED_EDGE('',*,*,#12573,.F.);
#16566 = ORIENTED_EDGE('',*,*,#12556,.F.);
#16567 = FACE_BOUND('',#16568,.T.);
#16568 = EDGE_LOOP('',(#16569,#16570,#16571,#16572));
#16569 = ORIENTED_EDGE('',*,*,#12604,.F.);
#16570 = ORIENTED_EDGE('',*,*,#12628,.F.);
#16571 = ORIENTED_EDGE('',*,*,#12669,.F.);
#16572 = ORIENTED_EDGE('',*,*,#12652,.F.);
#16573 = FACE_BOUND('',#16574,.T.);
#16574 = EDGE_LOOP('',(#16575,#16576,#16577,#16578));
#16575 = ORIENTED_EDGE('',*,*,#12700,.F.);
#16576 = ORIENTED_EDGE('',*,*,#12724,.F.);
#16577 = ORIENTED_EDGE('',*,*,#12765,.F.);
#16578 = ORIENTED_EDGE('',*,*,#12748,.F.);
#16579 = FACE_BOUND('',#16580,.T.);
#16580 = EDGE_LOOP('',(#16581,#16582,#16583,#16584));
#16581 = ORIENTED_EDGE('',*,*,#12796,.F.);
#16582 = ORIENTED_EDGE('',*,*,#12820,.F.);
#16583 = ORIENTED_EDGE('',*,*,#12861,.F.);
#16584 = ORIENTED_EDGE('',*,*,#12844,.F.);
#16585 = FACE_BOUND('',#16586,.T.);
#16586 = EDGE_LOOP('',(#16587,#16588,#16589,#16590));
#16587 = ORIENTED_EDGE('',*,*,#12892,.F.);
#16588 = ORIENTED_EDGE('',*,*,#12916,.F.);
#16589 = ORIENTED_EDGE('',*,*,#12957,.F.);
#16590 = ORIENTED_EDGE('',*,*,#12940,.F.);
#16591 = FACE_BOUND('',#16592,.T.);
#16592 = EDGE_LOOP('',(#16593,#16594,#16595,#16596));
#16593 = ORIENTED_EDGE('',*,*,#12988,.F.);
#16594 = ORIENTED_EDGE('',*,*,#13012,.F.);
#16595 = ORIENTED_EDGE('',*,*,#13053,.F.);
#16596 = ORIENTED_EDGE('',*,*,#13036,.F.);
#16597 = FACE_BOUND('',#16598,.T.);
#16598 = EDGE_LOOP('',(#16599,#16600,#16601,#16602));
#16599 = ORIENTED_EDGE('',*,*,#13084,.F.);
#16600 = ORIENTED_EDGE('',*,*,#13108,.F.);
#16601 = ORIENTED_EDGE('',*,*,#13149,.F.);
#16602 = ORIENTED_EDGE('',*,*,#13132,.F.);
#16603 = FACE_BOUND('',#16604,.T.);
#16604 = EDGE_LOOP('',(#16605,#16606,#16607,#16608));
#16605 = ORIENTED_EDGE('',*,*,#13180,.F.);
#16606 = ORIENTED_EDGE('',*,*,#13204,.F.);
#16607 = ORIENTED_EDGE('',*,*,#13245,.F.);
#16608 = ORIENTED_EDGE('',*,*,#13228,.F.);
#16609 = FACE_BOUND('',#16610,.T.);
#16610 = EDGE_LOOP('',(#16611,#16612,#16613,#16614));
#16611 = ORIENTED_EDGE('',*,*,#13276,.F.);
#16612 = ORIENTED_EDGE('',*,*,#13300,.F.);
#16613 = ORIENTED_EDGE('',*,*,#13341,.F.);
#16614 = ORIENTED_EDGE('',*,*,#13324,.F.);
#16615 = FACE_BOUND('',#16616,.T.);
#16616 = EDGE_LOOP('',(#16617,#16618,#16619,#16620));
#16617 = ORIENTED_EDGE('',*,*,#13372,.F.);
#16618 = ORIENTED_EDGE('',*,*,#13396,.F.);
#16619 = ORIENTED_EDGE('',*,*,#13437,.F.);
#16620 = ORIENTED_EDGE('',*,*,#13420,.F.);
#16621 = FACE_BOUND('',#16622,.T.);
#16622 = EDGE_LOOP('',(#16623,#16624,#16625,#16626));
#16623 = ORIENTED_EDGE('',*,*,#13468,.F.);
#16624 = ORIENTED_EDGE('',*,*,#13492,.F.);
#16625 = ORIENTED_EDGE('',*,*,#13533,.F.);
#16626 = ORIENTED_EDGE('',*,*,#13516,.F.);
#16627 = FACE_BOUND('',#16628,.T.);
#16628 = EDGE_LOOP('',(#16629,#16630,#16631,#16632));
#16629 = ORIENTED_EDGE('',*,*,#13564,.F.);
#16630 = ORIENTED_EDGE('',*,*,#13588,.F.);
#16631 = ORIENTED_EDGE('',*,*,#13629,.F.);
#16632 = ORIENTED_EDGE('',*,*,#13612,.F.);
#16633 = FACE_BOUND('',#16634,.T.);
#16634 = EDGE_LOOP('',(#16635,#16636,#16637,#16638));
#16635 = ORIENTED_EDGE('',*,*,#13660,.F.);
#16636 = ORIENTED_EDGE('',*,*,#13684,.F.);
#16637 = ORIENTED_EDGE('',*,*,#13725,.F.);
#16638 = ORIENTED_EDGE('',*,*,#13708,.F.);
#16639 = FACE_BOUND('',#16640,.T.);
#16640 = EDGE_LOOP('',(#16641,#16642,#16643,#16644));
#16641 = ORIENTED_EDGE('',*,*,#13756,.F.);
#16642 = ORIENTED_EDGE('',*,*,#13780,.F.);
#16643 = ORIENTED_EDGE('',*,*,#13821,.F.);
#16644 = ORIENTED_EDGE('',*,*,#13804,.F.);
#16645 = FACE_BOUND('',#16646,.T.);
#16646 = EDGE_LOOP('',(#16647,#16648,#16649,#16650));
#16647 = ORIENTED_EDGE('',*,*,#13852,.F.);
#16648 = ORIENTED_EDGE('',*,*,#13876,.F.);
#16649 = ORIENTED_EDGE('',*,*,#13917,.F.);
#16650 = ORIENTED_EDGE('',*,*,#13900,.F.);
#16651 = FACE_BOUND('',#16652,.T.);
#16652 = EDGE_LOOP('',(#16653,#16654,#16655,#16656));
#16653 = ORIENTED_EDGE('',*,*,#13948,.F.);
#16654 = ORIENTED_EDGE('',*,*,#13972,.F.);
#16655 = ORIENTED_EDGE('',*,*,#14013,.F.);
#16656 = ORIENTED_EDGE('',*,*,#13996,.F.);
#16657 = FACE_BOUND('',#16658,.T.);
#16658 = EDGE_LOOP('',(#16659,#16660,#16661,#16662));
#16659 = ORIENTED_EDGE('',*,*,#14044,.F.);
#16660 = ORIENTED_EDGE('',*,*,#14068,.F.);
#16661 = ORIENTED_EDGE('',*,*,#14109,.F.);
#16662 = ORIENTED_EDGE('',*,*,#14092,.F.);
#16663 = FACE_BOUND('',#16664,.T.);
#16664 = EDGE_LOOP('',(#16665,#16666,#16667,#16668));
#16665 = ORIENTED_EDGE('',*,*,#14140,.F.);
#16666 = ORIENTED_EDGE('',*,*,#14164,.F.);
#16667 = ORIENTED_EDGE('',*,*,#14205,.F.);
#16668 = ORIENTED_EDGE('',*,*,#14188,.F.);
#16669 = FACE_BOUND('',#16670,.T.);
#16670 = EDGE_LOOP('',(#16671,#16672,#16673,#16674));
#16671 = ORIENTED_EDGE('',*,*,#14236,.F.);
#16672 = ORIENTED_EDGE('',*,*,#14260,.F.);
#16673 = ORIENTED_EDGE('',*,*,#14301,.F.);
#16674 = ORIENTED_EDGE('',*,*,#14284,.F.);
#16675 = FACE_BOUND('',#16676,.T.);
#16676 = EDGE_LOOP('',(#16677,#16678,#16679,#16680,#16681,#16682,#16683,
    #16684,#16685,#16686,#16687,#16688,#16689,#16690,#16691,#16692,
    #16693,#16694,#16695,#16696,#16697,#16698,#16699,#16700,#16701,
    #16702,#16703,#16704,#16705,#16706,#16707,#16708,#16709,#16710,
    #16711,#16712));
#16677 = ORIENTED_EDGE('',*,*,#14332,.F.);
#16678 = ORIENTED_EDGE('',*,*,#14356,.T.);
#16679 = ORIENTED_EDGE('',*,*,#14404,.T.);
#16680 = ORIENTED_EDGE('',*,*,#14452,.T.);
#16681 = ORIENTED_EDGE('',*,*,#14500,.T.);
#16682 = ORIENTED_EDGE('',*,*,#14548,.T.);
#16683 = ORIENTED_EDGE('',*,*,#14596,.T.);
#16684 = ORIENTED_EDGE('',*,*,#14644,.T.);
#16685 = ORIENTED_EDGE('',*,*,#14692,.T.);
#16686 = ORIENTED_EDGE('',*,*,#14740,.T.);
#16687 = ORIENTED_EDGE('',*,*,#14788,.T.);
#16688 = ORIENTED_EDGE('',*,*,#14836,.T.);
#16689 = ORIENTED_EDGE('',*,*,#14884,.T.);
#16690 = ORIENTED_EDGE('',*,*,#14932,.T.);
#16691 = ORIENTED_EDGE('',*,*,#14980,.T.);
#16692 = ORIENTED_EDGE('',*,*,#15028,.T.);
#16693 = ORIENTED_EDGE('',*,*,#15076,.T.);
#16694 = ORIENTED_EDGE('',*,*,#15124,.T.);
#16695 = ORIENTED_EDGE('',*,*,#15165,.T.);
#16696 = ORIENTED_EDGE('',*,*,#15148,.T.);
#16697 = ORIENTED_EDGE('',*,*,#15100,.T.);
#16698 = ORIENTED_EDGE('',*,*,#15052,.F.);
#16699 = ORIENTED_EDGE('',*,*,#15004,.F.);
#16700 = ORIENTED_EDGE('',*,*,#14956,.F.);
#16701 = ORIENTED_EDGE('',*,*,#14908,.F.);
#16702 = ORIENTED_EDGE('',*,*,#14860,.F.);
#16703 = ORIENTED_EDGE('',*,*,#14812,.F.);
#16704 = ORIENTED_EDGE('',*,*,#14764,.F.);
#16705 = ORIENTED_EDGE('',*,*,#14716,.F.);
#16706 = ORIENTED_EDGE('',*,*,#14668,.F.);
#16707 = ORIENTED_EDGE('',*,*,#14620,.F.);
#16708 = ORIENTED_EDGE('',*,*,#14572,.F.);
#16709 = ORIENTED_EDGE('',*,*,#14524,.F.);
#16710 = ORIENTED_EDGE('',*,*,#14476,.T.);
#16711 = ORIENTED_EDGE('',*,*,#14428,.F.);
#16712 = ORIENTED_EDGE('',*,*,#14380,.F.);
#16713 = FACE_BOUND('',#16714,.T.);
#16714 = EDGE_LOOP('',(#16715,#16716,#16717,#16718));
#16715 = ORIENTED_EDGE('',*,*,#15196,.F.);
#16716 = ORIENTED_EDGE('',*,*,#15220,.F.);
#16717 = ORIENTED_EDGE('',*,*,#15261,.F.);
#16718 = ORIENTED_EDGE('',*,*,#15244,.F.);
#16719 = FACE_BOUND('',#16720,.T.);
#16720 = EDGE_LOOP('',(#16721,#16722,#16723,#16724));
#16721 = ORIENTED_EDGE('',*,*,#15292,.F.);
#16722 = ORIENTED_EDGE('',*,*,#15316,.F.);
#16723 = ORIENTED_EDGE('',*,*,#15357,.F.);
#16724 = ORIENTED_EDGE('',*,*,#15340,.F.);
#16725 = FACE_BOUND('',#16726,.T.);
#16726 = EDGE_LOOP('',(#16727,#16728,#16729,#16730));
#16727 = ORIENTED_EDGE('',*,*,#15388,.F.);
#16728 = ORIENTED_EDGE('',*,*,#15412,.F.);
#16729 = ORIENTED_EDGE('',*,*,#15453,.F.);
#16730 = ORIENTED_EDGE('',*,*,#15436,.F.);
#16731 = FACE_BOUND('',#16732,.T.);
#16732 = EDGE_LOOP('',(#16733,#16734,#16735,#16736));
#16733 = ORIENTED_EDGE('',*,*,#15484,.F.);
#16734 = ORIENTED_EDGE('',*,*,#15508,.F.);
#16735 = ORIENTED_EDGE('',*,*,#15549,.F.);
#16736 = ORIENTED_EDGE('',*,*,#15532,.F.);
#16737 = FACE_BOUND('',#16738,.T.);
#16738 = EDGE_LOOP('',(#16739));
#16739 = ORIENTED_EDGE('',*,*,#15573,.F.);
#16740 = FACE_BOUND('',#16741,.T.);
#16741 = EDGE_LOOP('',(#16742));
#16742 = ORIENTED_EDGE('',*,*,#16057,.F.);
#16743 = FACE_BOUND('',#16744,.T.);
#16744 = EDGE_LOOP('',(#16745,#16746,#16747,#16748));
#16745 = ORIENTED_EDGE('',*,*,#15605,.F.);
#16746 = ORIENTED_EDGE('',*,*,#15629,.F.);
#16747 = ORIENTED_EDGE('',*,*,#15670,.F.);
#16748 = ORIENTED_EDGE('',*,*,#15653,.F.);
#16749 = FACE_BOUND('',#16750,.T.);
#16750 = EDGE_LOOP('',(#16751,#16752,#16753,#16754));
#16751 = ORIENTED_EDGE('',*,*,#15701,.F.);
#16752 = ORIENTED_EDGE('',*,*,#15725,.F.);
#16753 = ORIENTED_EDGE('',*,*,#15766,.F.);
#16754 = ORIENTED_EDGE('',*,*,#15749,.F.);
#16755 = FACE_BOUND('',#16756,.T.);
#16756 = EDGE_LOOP('',(#16757,#16758,#16759,#16760));
#16757 = ORIENTED_EDGE('',*,*,#15797,.F.);
#16758 = ORIENTED_EDGE('',*,*,#15821,.F.);
#16759 = ORIENTED_EDGE('',*,*,#15862,.F.);
#16760 = ORIENTED_EDGE('',*,*,#15845,.F.);
#16761 = FACE_BOUND('',#16762,.T.);
#16762 = EDGE_LOOP('',(#16763,#16764,#16765,#16766));
#16763 = ORIENTED_EDGE('',*,*,#15893,.F.);
#16764 = ORIENTED_EDGE('',*,*,#15917,.F.);
#16765 = ORIENTED_EDGE('',*,*,#15958,.F.);
#16766 = ORIENTED_EDGE('',*,*,#15941,.F.);
#16767 = PLANE('',#16768);
#16768 = AXIS2_PLACEMENT_3D('',#16769,#16770,#16771);
#16769 = CARTESIAN_POINT('',(179.9,64.65,1.));
#16770 = DIRECTION('',(0.,0.,1.));
#16771 = DIRECTION('',(1.,0.,0.));
#16772 = ADVANCED_FACE('',(#16773),#16784,.F.);
#16773 = FACE_BOUND('',#16774,.F.);
#16774 = EDGE_LOOP('',(#16775,#16781,#16782,#16783));
#16775 = ORIENTED_EDGE('',*,*,#16776,.T.);
#16776 = EDGE_CURVE('',#16364,#15973,#16777,.T.);
#16777 = LINE('',#16778,#16779);
#16778 = CARTESIAN_POINT('',(339.35,26.55,1.));
#16779 = VECTOR('',#16780,1.);
#16780 = DIRECTION('',(-0.,-0.,-1.));
#16781 = ORIENTED_EDGE('',*,*,#15982,.T.);
#16782 = ORIENTED_EDGE('',*,*,#16776,.F.);
#16783 = ORIENTED_EDGE('',*,*,#16363,.F.);
#16784 = CYLINDRICAL_SURFACE('',#16785,1.1);
#16785 = AXIS2_PLACEMENT_3D('',#16786,#16787,#16788);
#16786 = CARTESIAN_POINT('',(338.25,26.55,1.));
#16787 = DIRECTION('',(0.,0.,1.));
#16788 = DIRECTION('',(1.,0.,0.));
#16789 = ADVANCED_FACE('',(#16790),#16801,.F.);
#16790 = FACE_BOUND('',#16791,.F.);
#16791 = EDGE_LOOP('',(#16792,#16798,#16799,#16800));
#16792 = ORIENTED_EDGE('',*,*,#16793,.T.);
#16793 = EDGE_CURVE('',#16542,#15998,#16794,.T.);
#16794 = LINE('',#16795,#16796);
#16795 = CARTESIAN_POINT('',(48.6,102.75,1.));
#16796 = VECTOR('',#16797,1.);
#16797 = DIRECTION('',(-0.,-0.,-1.));
#16798 = ORIENTED_EDGE('',*,*,#16007,.T.);
#16799 = ORIENTED_EDGE('',*,*,#16793,.F.);
#16800 = ORIENTED_EDGE('',*,*,#16541,.F.);
#16801 = CYLINDRICAL_SURFACE('',#16802,1.1);
#16802 = AXIS2_PLACEMENT_3D('',#16803,#16804,#16805);
#16803 = CARTESIAN_POINT('',(47.5,102.75,1.));
#16804 = DIRECTION('',(0.,0.,1.));
#16805 = DIRECTION('',(1.,0.,0.));
#16806 = ADVANCED_FACE('',(#16807),#16818,.F.);
#16807 = FACE_BOUND('',#16808,.F.);
#16808 = EDGE_LOOP('',(#16809,#16815,#16816,#16817));
#16809 = ORIENTED_EDGE('',*,*,#16810,.T.);
#16810 = EDGE_CURVE('',#16101,#16023,#16811,.T.);
#16811 = LINE('',#16812,#16813);
#16812 = CARTESIAN_POINT('',(48.6,26.55,1.));
#16813 = VECTOR('',#16814,1.);
#16814 = DIRECTION('',(-0.,-0.,-1.));
#16815 = ORIENTED_EDGE('',*,*,#16032,.T.);
#16816 = ORIENTED_EDGE('',*,*,#16810,.F.);
#16817 = ORIENTED_EDGE('',*,*,#16100,.F.);
#16818 = CYLINDRICAL_SURFACE('',#16819,1.1);
#16819 = AXIS2_PLACEMENT_3D('',#16820,#16821,#16822);
#16820 = CARTESIAN_POINT('',(47.5,26.55,1.));
#16821 = DIRECTION('',(0.,0.,1.));
#16822 = DIRECTION('',(1.,0.,0.));
#16823 = ( GEOMETRIC_REPRESENTATION_CONTEXT(3) 
GLOBAL_UNCERTAINTY_ASSIGNED_CONTEXT((#16827)) 
GLOBAL_UNIT_ASSIGNED_CONTEXT((#16824,#16825,#16826)) 
REPRESENTATION_CONTEXT('Context #1',
  '3D Context with UNIT and UNCERTAINTY') );
#16824 = ( LENGTH_UNIT() NAMED_UNIT(*) SI_UNIT(.MILLI.,.METRE.) );
#16825 = ( NAMED_UNIT(*) PLANE_ANGLE_UNIT() SI_UNIT($,.RADIAN.) );
#16826 = ( NAMED_UNIT(*) SI_UNIT($,.STERADIAN.) SOLID_ANGLE_UNIT() );
#16827 = UNCERTAINTY_MEASURE_WITH_UNIT(LENGTH_MEASURE(1.E-07),#16824,
  'distance_accuracy_value','confusion accuracy');
#16828 = PRODUCT_RELATED_PRODUCT_CATEGORY('part',$,(#7));
#16829 = MECHANICAL_DESIGN_GEOMETRIC_PRESENTATION_REPRESENTATION('',(
    #16830),#16823);
#16830 = STYLED_ITEM('color',(#16831),#15);
#16831 = PRESENTATION_STYLE_ASSIGNMENT((#16832,#16838));
#16832 = SURFACE_STYLE_USAGE(.BOTH.,#16833);
#16833 = SURFACE_SIDE_STYLE('',(#16834));
#16834 = SURFACE_STYLE_FILL_AREA(#16835);
#16835 = FILL_AREA_STYLE('',(#16836));
#16836 = FILL_AREA_STYLE_COLOUR('',#16837);
#16837 = DRAUGHTING_PRE_DEFINED_COLOUR('black');
#16838 = CURVE_STYLE('',#16839,POSITIVE_LENGTH_MEASURE(0.1),#16840);
#16839 = DRAUGHTING_PRE_DEFINED_CURVE_FONT('continuous');
#16840 = COLOUR_RGB('',9.803921802644E-02,9.803921802644E-02,
  9.803921802644E-02);
ENDSEC;
END-ISO-10303-21;
