ISO-10303-21;
HEADER;
FILE_DESCRIPTION(('FreeCAD Model'),'2;1');
FILE_NAME('Open CASCADE Shape Model','2026-07-13T00:12:24',(''),(''),
  'Open CASCADE STEP processor 7.9','FreeCAD','Unknown');
FILE_SCHEMA(('AUTOMOTIVE_DESIGN { 1 0 10303 214 1 1 1 1 }'));
ENDSEC;
DATA;
#1 = APPLICATION_PROTOCOL_DEFINITION('international standard',
  'automotive_design',2000,#2);
#2 = APPLICATION_CONTEXT(
  'core data for automotive mechanical design processes');
#3 = SHAPE_DEFINITION_REPRESENTATION(#4,#10);
#4 = PRODUCT_DEFINITION_SHAPE('','',#5);
#5 = PRODUCT_DEFINITION('design','',#6,#9);
#6 = PRODUCT_DEFINITION_FORMATION('','',#7);
#7 = PRODUCT('Cover','Cover','',(#8));
#8 = PRODUCT_CONTEXT('',#2,'mechanical');
#9 = PRODUCT_DEFINITION_CONTEXT('part definition',#2,'design');
#10 = SHAPE_REPRESENTATION('',(#11,#15),#19);
#11 = AXIS2_PLACEMENT_3D('',#12,#13,#14);
#12 = CARTESIAN_POINT('',(0.,0.,0.));
#13 = DIRECTION('',(0.,0.,1.));
#14 = DIRECTION('',(1.,0.,-0.));
#15 = AXIS2_PLACEMENT_3D('',#16,#17,#18);
#16 = CARTESIAN_POINT('',(0.,0.,10.));
#17 = DIRECTION('',(0.,0.,1.));
#18 = DIRECTION('',(1.,0.,0.));
#19 = ( GEOMETRIC_REPRESENTATION_CONTEXT(3) 
GLOBAL_UNCERTAINTY_ASSIGNED_CONTEXT((#23)) GLOBAL_UNIT_ASSIGNED_CONTEXT(
(#20,#21,#22)) REPRESENTATION_CONTEXT('Context #1',
  '3D Context with UNIT and UNCERTAINTY') );
#20 = ( LENGTH_UNIT() NAMED_UNIT(*) SI_UNIT(.MILLI.,.METRE.) );
#21 = ( NAMED_UNIT(*) PLANE_ANGLE_UNIT() SI_UNIT($,.RADIAN.) );
#22 = ( NAMED_UNIT(*) SI_UNIT($,.STERADIAN.) SOLID_ANGLE_UNIT() );
#23 = UNCERTAINTY_MEASURE_WITH_UNIT(LENGTH_MEASURE(2.E-05),#20,
  'distance_accuracy_value','confusion accuracy');
#24 = PRODUCT_RELATED_PRODUCT_CATEGORY('part',$,(#7));
#25 = SHAPE_DEFINITION_REPRESENTATION(#26,#32);
#26 = PRODUCT_DEFINITION_SHAPE('','',#27);
#27 = PRODUCT_DEFINITION('design','',#28,#31);
#28 = PRODUCT_DEFINITION_FORMATION('','',#29);
#29 = PRODUCT('CoverBody','CoverBody','',(#30));
#30 = PRODUCT_CONTEXT('',#2,'mechanical');
#31 = PRODUCT_DEFINITION_CONTEXT('part definition',#2,'design');
#32 = ADVANCED_BREP_SHAPE_REPRESENTATION('',(#11,#33),#4711);
#33 = MANIFOLD_SOLID_BREP('',#34);
#34 = CLOSED_SHELL('',(#35,#75,#108,#141,#174,#207,#238,#264,#290,#419,
    #437,#463,#1322,#1353,#1386,#1404,#1422,#1440,#1466,#1489,#1501,
    #1532,#1557,#1581,#1606,#1630,#1655,#1679,#1697,#1715,#1733,#1758,
    #1776,#1830,#1855,#1880,#1904,#1951,#1976,#2001,#2018,#2050,#2074,
    #2098,#2123,#2141,#2165,#2190,#2215,#2239,#2317,#2335,#2360,#2385,
    #2569,#2593,#2618,#2643,#2660,#2691,#2714,#2739,#2758,#2782,#2807,
    #2832,#2849,#2881,#2905,#2930,#2947,#2978,#3001,#3026,#3045,#3069,
    #3094,#3119,#3136,#3168,#3192,#3217,#3234,#3265,#3290,#3315,#3339,
    #3363,#3381,#3399,#3430,#3453,#3478,#3497,#3521,#3546,#3571,#3588,
    #3620,#3644,#3669,#3686,#3717,#3740,#3765,#3784,#3808,#3833,#3858,
    #3875,#3907,#3931,#3956,#3973,#4004,#4027,#4052,#4070,#4094,#4112,
    #4130,#4147,#4159,#4192,#4218,#4243,#4269,#4294,#4320,#4345,#4363,
    #4395,#4515,#4527,#4539,#4551,#4563,#4575,#4600,#4625,#4650,#4675,
    #4684,#4693,#4702));
#35 = ADVANCED_FACE('',(#36),#70,.F.);
#36 = FACE_BOUND('',#37,.F.);
#37 = EDGE_LOOP('',(#38,#48,#56,#64));
#38 = ORIENTED_EDGE('',*,*,#39,.F.);
#39 = EDGE_CURVE('',#40,#42,#44,.T.);
#40 = VERTEX_POINT('',#41);
#41 = CARTESIAN_POINT('',(-1.E-13,6.,3.5));
#42 = VERTEX_POINT('',#43);
#43 = CARTESIAN_POINT('',(-1.11E-13,6.,4.5));
#44 = LINE('',#45,#46);
#45 = CARTESIAN_POINT('',(-1.0747E-13,6.,0.));
#46 = VECTOR('',#47,1.);
#47 = DIRECTION('',(0.,0.,1.));
#48 = ORIENTED_EDGE('',*,*,#49,.T.);
#49 = EDGE_CURVE('',#40,#50,#52,.T.);
#50 = VERTEX_POINT('',#51);
#51 = CARTESIAN_POINT('',(-1.11E-13,123.3,3.5));
#52 = LINE('',#53,#54);
#53 = CARTESIAN_POINT('',(-1.1069E-13,6.,3.5));
#54 = VECTOR('',#55,1.);
#55 = DIRECTION('',(0.,1.,0.));
#56 = ORIENTED_EDGE('',*,*,#57,.T.);
#57 = EDGE_CURVE('',#50,#58,#60,.T.);
#58 = VERTEX_POINT('',#59);
#59 = CARTESIAN_POINT('',(-1.E-13,123.3,4.5));
#60 = LINE('',#61,#62);
#61 = CARTESIAN_POINT('',(-1.0747E-13,123.3,0.));
#62 = VECTOR('',#63,1.);
#63 = DIRECTION('',(0.,0.,1.));
#64 = ORIENTED_EDGE('',*,*,#65,.T.);
#65 = EDGE_CURVE('',#58,#42,#66,.T.);
#66 = LINE('',#67,#68);
#67 = CARTESIAN_POINT('',(-1.1069E-13,123.3,4.5));
#68 = VECTOR('',#69,1.);
#69 = DIRECTION('',(0.,-1.,0.));
#70 = PLANE('',#71);
#71 = AXIS2_PLACEMENT_3D('',#72,#73,#74);
#72 = CARTESIAN_POINT('',(-1.0747E-13,123.3,0.));
#73 = DIRECTION('',(1.,0.,0.));
#74 = DIRECTION('',(0.,-1.,0.));
#75 = ADVANCED_FACE('',(#76),#103,.T.);
#76 = FACE_BOUND('',#77,.F.);
#77 = EDGE_LOOP('',(#78,#88,#95,#96));
#78 = ORIENTED_EDGE('',*,*,#79,.F.);
#79 = EDGE_CURVE('',#80,#82,#84,.T.);
#80 = VERTEX_POINT('',#81);
#81 = CARTESIAN_POINT('',(6.,1.43E-13,3.5));
#82 = VERTEX_POINT('',#83);
#83 = CARTESIAN_POINT('',(6.,1.43E-13,4.5));
#84 = LINE('',#85,#86);
#85 = CARTESIAN_POINT('',(6.,1.4477E-13,0.));
#86 = VECTOR('',#87,1.);
#87 = DIRECTION('',(0.,0.,1.));
#88 = ORIENTED_EDGE('',*,*,#89,.T.);
#89 = EDGE_CURVE('',#80,#40,#90,.T.);
#90 = CIRCLE('',#91,6.);
#91 = AXIS2_PLACEMENT_3D('',#92,#93,#94);
#92 = CARTESIAN_POINT('',(6.,6.,3.5));
#93 = DIRECTION('',(-0.,0.,-1.));
#94 = DIRECTION('',(-3.36412E-12,-1.,0.));
#95 = ORIENTED_EDGE('',*,*,#39,.T.);
#96 = ORIENTED_EDGE('',*,*,#97,.T.);
#97 = EDGE_CURVE('',#42,#82,#98,.T.);
#98 = CIRCLE('',#99,6.);
#99 = AXIS2_PLACEMENT_3D('',#100,#101,#102);
#100 = CARTESIAN_POINT('',(6.,6.,4.5));
#101 = DIRECTION('',(0.,0.,1.));
#102 = DIRECTION('',(-1.,7.4E-16,0.));
#103 = CYLINDRICAL_SURFACE('',#104,6.);
#104 = AXIS2_PLACEMENT_3D('',#105,#106,#107);
#105 = CARTESIAN_POINT('',(6.,6.,0.));
#106 = DIRECTION('',(-0.,-0.,-1.));
#107 = DIRECTION('',(1.,0.,0.));
#108 = ADVANCED_FACE('',(#109),#136,.T.);
#109 = FACE_BOUND('',#110,.T.);
#110 = EDGE_LOOP('',(#111,#120,#121,#130));
#111 = ORIENTED_EDGE('',*,*,#112,.T.);
#112 = EDGE_CURVE('',#113,#40,#115,.T.);
#113 = VERTEX_POINT('',#114);
#114 = CARTESIAN_POINT('',(0.5,6.,3.));
#115 = CIRCLE('',#116,0.5);
#116 = AXIS2_PLACEMENT_3D('',#117,#118,#119);
#117 = CARTESIAN_POINT('',(0.5,6.,3.5));
#118 = DIRECTION('',(1.42E-15,1.,-0.));
#119 = DIRECTION('',(-1.,1.42E-15,0.));
#120 = ORIENTED_EDGE('',*,*,#49,.T.);
#121 = ORIENTED_EDGE('',*,*,#122,.F.);
#122 = EDGE_CURVE('',#123,#50,#125,.T.);
#123 = VERTEX_POINT('',#124);
#124 = CARTESIAN_POINT('',(0.5,123.3,3.));
#125 = CIRCLE('',#126,0.5);
#126 = AXIS2_PLACEMENT_3D('',#127,#128,#129);
#127 = CARTESIAN_POINT('',(0.5,123.3,3.5));
#128 = DIRECTION('',(0.,1.,0.));
#129 = DIRECTION('',(0.,0.,-1.));
#130 = ORIENTED_EDGE('',*,*,#131,.F.);
#131 = EDGE_CURVE('',#113,#123,#132,.T.);
#132 = LINE('',#133,#134);
#133 = CARTESIAN_POINT('',(0.5,6.,3.));
#134 = VECTOR('',#135,1.);
#135 = DIRECTION('',(0.,1.,0.));
#136 = CYLINDRICAL_SURFACE('',#137,0.5);
#137 = AXIS2_PLACEMENT_3D('',#138,#139,#140);
#138 = CARTESIAN_POINT('',(0.5,6.,3.5));
#139 = DIRECTION('',(0.,1.,0.));
#140 = DIRECTION('',(0.,0.,-1.));
#141 = ADVANCED_FACE('',(#142),#169,.T.);
#142 = FACE_BOUND('',#143,.F.);
#143 = EDGE_LOOP('',(#144,#153,#161,#168));
#144 = ORIENTED_EDGE('',*,*,#145,.T.);
#145 = EDGE_CURVE('',#58,#146,#148,.T.);
#146 = VERTEX_POINT('',#147);
#147 = CARTESIAN_POINT('',(0.5,123.3,5.));
#148 = CIRCLE('',#149,0.5);
#149 = AXIS2_PLACEMENT_3D('',#150,#151,#152);
#150 = CARTESIAN_POINT('',(0.5,123.3,4.5));
#151 = DIRECTION('',(-2.01E-15,1.,0.));
#152 = DIRECTION('',(-1.,-2.01E-15,0.));
#153 = ORIENTED_EDGE('',*,*,#154,.T.);
#154 = EDGE_CURVE('',#146,#155,#157,.T.);
#155 = VERTEX_POINT('',#156);
#156 = CARTESIAN_POINT('',(0.5,6.,5.));
#157 = LINE('',#158,#159);
#158 = CARTESIAN_POINT('',(0.5,123.3,5.));
#159 = VECTOR('',#160,1.);
#160 = DIRECTION('',(0.,-1.,0.));
#161 = ORIENTED_EDGE('',*,*,#162,.F.);
#162 = EDGE_CURVE('',#42,#155,#163,.T.);
#163 = CIRCLE('',#164,0.5);
#164 = AXIS2_PLACEMENT_3D('',#165,#166,#167);
#165 = CARTESIAN_POINT('',(0.5,6.,4.5));
#166 = DIRECTION('',(0.,1.,-0.));
#167 = DIRECTION('',(-1.,0.,0.));
#168 = ORIENTED_EDGE('',*,*,#65,.F.);
#169 = CYLINDRICAL_SURFACE('',#170,0.5);
#170 = AXIS2_PLACEMENT_3D('',#171,#172,#173);
#171 = CARTESIAN_POINT('',(0.5,123.3,4.5));
#172 = DIRECTION('',(0.,-1.,0.));
#173 = DIRECTION('',(-1.,0.,0.));
#174 = ADVANCED_FACE('',(#175),#202,.T.);
#175 = FACE_BOUND('',#176,.F.);
#176 = EDGE_LOOP('',(#177,#178,#187,#195));
#177 = ORIENTED_EDGE('',*,*,#57,.F.);
#178 = ORIENTED_EDGE('',*,*,#179,.T.);
#179 = EDGE_CURVE('',#50,#180,#182,.T.);
#180 = VERTEX_POINT('',#181);
#181 = CARTESIAN_POINT('',(6.,129.3,3.5));
#182 = CIRCLE('',#183,6.);
#183 = AXIS2_PLACEMENT_3D('',#184,#185,#186);
#184 = CARTESIAN_POINT('',(6.,123.3,3.5));
#185 = DIRECTION('',(0.,0.,-1.));
#186 = DIRECTION('',(-1.,4.74E-15,0.));
#187 = ORIENTED_EDGE('',*,*,#188,.T.);
#188 = EDGE_CURVE('',#180,#189,#191,.T.);
#189 = VERTEX_POINT('',#190);
#190 = CARTESIAN_POINT('',(6.,129.3,4.5));
#191 = LINE('',#192,#193);
#192 = CARTESIAN_POINT('',(6.,129.3,0.));
#193 = VECTOR('',#194,1.);
#194 = DIRECTION('',(0.,0.,1.));
#195 = ORIENTED_EDGE('',*,*,#196,.T.);
#196 = EDGE_CURVE('',#189,#58,#197,.T.);
#197 = CIRCLE('',#198,6.);
#198 = AXIS2_PLACEMENT_3D('',#199,#200,#201);
#199 = CARTESIAN_POINT('',(6.,123.3,4.5));
#200 = DIRECTION('',(0.,0.,1.));
#201 = DIRECTION('',(-1.63E-15,1.,0.));
#202 = CYLINDRICAL_SURFACE('',#203,6.);
#203 = AXIS2_PLACEMENT_3D('',#204,#205,#206);
#204 = CARTESIAN_POINT('',(6.,123.3,0.));
#205 = DIRECTION('',(-0.,-0.,-1.));
#206 = DIRECTION('',(1.,0.,0.));
#207 = ADVANCED_FACE('',(#208),#233,.F.);
#208 = FACE_BOUND('',#209,.F.);
#209 = EDGE_LOOP('',(#210,#220,#226,#227));
#210 = ORIENTED_EDGE('',*,*,#211,.F.);
#211 = EDGE_CURVE('',#212,#214,#216,.T.);
#212 = VERTEX_POINT('',#213);
#213 = CARTESIAN_POINT('',(353.8,1.41E-13,3.5));
#214 = VERTEX_POINT('',#215);
#215 = CARTESIAN_POINT('',(353.8,1.43E-13,4.5));
#216 = LINE('',#217,#218);
#217 = CARTESIAN_POINT('',(353.8,1.4477E-13,0.));
#218 = VECTOR('',#219,1.);
#219 = DIRECTION('',(0.,0.,1.));
#220 = ORIENTED_EDGE('',*,*,#221,.T.);
#221 = EDGE_CURVE('',#212,#80,#222,.T.);
#222 = LINE('',#223,#224);
#223 = CARTESIAN_POINT('',(353.8,1.4333E-13,3.5));
#224 = VECTOR('',#225,1.);
#225 = DIRECTION('',(-1.,0.,0.));
#226 = ORIENTED_EDGE('',*,*,#79,.T.);
#227 = ORIENTED_EDGE('',*,*,#228,.T.);
#228 = EDGE_CURVE('',#82,#214,#229,.T.);
#229 = LINE('',#230,#231);
#230 = CARTESIAN_POINT('',(6.,1.4333E-13,4.5));
#231 = VECTOR('',#232,1.);
#232 = DIRECTION('',(1.,0.,0.));
#233 = PLANE('',#234);
#234 = AXIS2_PLACEMENT_3D('',#235,#236,#237);
#235 = CARTESIAN_POINT('',(6.,1.4477E-13,0.));
#236 = DIRECTION('',(0.,1.,0.));
#237 = DIRECTION('',(1.,0.,0.));
#238 = ADVANCED_FACE('',(#239),#259,.T.);
#239 = FACE_BOUND('',#240,.F.);
#240 = EDGE_LOOP('',(#241,#250,#257,#258));
#241 = ORIENTED_EDGE('',*,*,#242,.F.);
#242 = EDGE_CURVE('',#243,#80,#245,.T.);
#243 = VERTEX_POINT('',#244);
#244 = CARTESIAN_POINT('',(6.,0.5,3.));
#245 = CIRCLE('',#246,0.5);
#246 = AXIS2_PLACEMENT_3D('',#247,#248,#249);
#247 = CARTESIAN_POINT('',(6.,0.5,3.5));
#248 = DIRECTION('',(-1.,0.,0.));
#249 = DIRECTION('',(0.,0.,-1.));
#250 = ORIENTED_EDGE('',*,*,#251,.T.);
#251 = EDGE_CURVE('',#243,#113,#252,.T.);
#252 = CIRCLE('',#253,5.5);
#253 = AXIS2_PLACEMENT_3D('',#254,#255,#256);
#254 = CARTESIAN_POINT('',(6.,6.,3.));
#255 = DIRECTION('',(-0.,0.,-1.));
#256 = DIRECTION('',(-3.36412E-12,-1.,0.));
#257 = ORIENTED_EDGE('',*,*,#112,.T.);
#258 = ORIENTED_EDGE('',*,*,#89,.F.);
#259 = TOROIDAL_SURFACE('',#260,5.5,0.5);
#260 = AXIS2_PLACEMENT_3D('',#261,#262,#263);
#261 = CARTESIAN_POINT('',(6.,6.,3.5));
#262 = DIRECTION('',(0.,0.,1.));
#263 = DIRECTION('',(-3.36412E-12,-1.,0.));
#264 = ADVANCED_FACE('',(#265),#285,.T.);
#265 = FACE_BOUND('',#266,.T.);
#266 = EDGE_LOOP('',(#267,#268,#269,#278));
#267 = ORIENTED_EDGE('',*,*,#162,.F.);
#268 = ORIENTED_EDGE('',*,*,#97,.T.);
#269 = ORIENTED_EDGE('',*,*,#270,.T.);
#270 = EDGE_CURVE('',#82,#271,#273,.T.);
#271 = VERTEX_POINT('',#272);
#272 = CARTESIAN_POINT('',(6.,0.5,5.));
#273 = CIRCLE('',#274,0.5);
#274 = AXIS2_PLACEMENT_3D('',#275,#276,#277);
#275 = CARTESIAN_POINT('',(6.,0.5,4.5));
#276 = DIRECTION('',(-1.,0.,0.));
#277 = DIRECTION('',(0.,-1.,0.));
#278 = ORIENTED_EDGE('',*,*,#279,.F.);
#279 = EDGE_CURVE('',#155,#271,#280,.T.);
#280 = CIRCLE('',#281,5.5);
#281 = AXIS2_PLACEMENT_3D('',#282,#283,#284);
#282 = CARTESIAN_POINT('',(6.,6.,5.));
#283 = DIRECTION('',(0.,0.,1.));
#284 = DIRECTION('',(-1.,7.4E-16,0.));
#285 = TOROIDAL_SURFACE('',#286,5.5,0.5);
#286 = AXIS2_PLACEMENT_3D('',#287,#288,#289);
#287 = CARTESIAN_POINT('',(6.,6.,4.5));
#288 = DIRECTION('',(0.,0.,1.));
#289 = DIRECTION('',(-1.,7.4E-16,0.));
#290 = ADVANCED_FACE('',(#291,#344),#414,.F.);
#291 = FACE_BOUND('',#292,.F.);
#292 = EDGE_LOOP('',(#293,#303,#310,#311,#312,#320,#329,#337));
#293 = ORIENTED_EDGE('',*,*,#294,.F.);
#294 = EDGE_CURVE('',#295,#297,#299,.T.);
#295 = VERTEX_POINT('',#296);
#296 = CARTESIAN_POINT('',(6.,128.8,3.));
#297 = VERTEX_POINT('',#298);
#298 = CARTESIAN_POINT('',(353.8,128.8,3.));
#299 = LINE('',#300,#301);
#300 = CARTESIAN_POINT('',(6.,128.8,3.));
#301 = VECTOR('',#302,1.);
#302 = DIRECTION('',(1.,0.,0.));
#303 = ORIENTED_EDGE('',*,*,#304,.F.);
#304 = EDGE_CURVE('',#123,#295,#305,.T.);
#305 = CIRCLE('',#306,5.5);
#306 = AXIS2_PLACEMENT_3D('',#307,#308,#309);
#307 = CARTESIAN_POINT('',(6.,123.3,3.));
#308 = DIRECTION('',(0.,0.,-1.));
#309 = DIRECTION('',(-1.,4.74E-15,0.));
#310 = ORIENTED_EDGE('',*,*,#131,.F.);
#311 = ORIENTED_EDGE('',*,*,#251,.F.);
#312 = ORIENTED_EDGE('',*,*,#313,.F.);
#313 = EDGE_CURVE('',#314,#243,#316,.T.);
#314 = VERTEX_POINT('',#315);
#315 = CARTESIAN_POINT('',(353.8,0.5,3.));
#316 = LINE('',#317,#318);
#317 = CARTESIAN_POINT('',(353.8,0.5,3.));
#318 = VECTOR('',#319,1.);
#319 = DIRECTION('',(-1.,0.,0.));
#320 = ORIENTED_EDGE('',*,*,#321,.F.);
#321 = EDGE_CURVE('',#322,#314,#324,.T.);
#322 = VERTEX_POINT('',#323);
#323 = CARTESIAN_POINT('',(359.3,6.,3.));
#324 = CIRCLE('',#325,5.5);
#325 = AXIS2_PLACEMENT_3D('',#326,#327,#328);
#326 = CARTESIAN_POINT('',(353.8,6.,3.));
#327 = DIRECTION('',(0.,-0.,-1.));
#328 = DIRECTION('',(1.,-4.974E-14,0.));
#329 = ORIENTED_EDGE('',*,*,#330,.F.);
#330 = EDGE_CURVE('',#331,#322,#333,.T.);
#331 = VERTEX_POINT('',#332);
#332 = CARTESIAN_POINT('',(359.3,123.3,3.));
#333 = LINE('',#334,#335);
#334 = CARTESIAN_POINT('',(359.3,123.3,3.));
#335 = VECTOR('',#336,1.);
#336 = DIRECTION('',(0.,-1.,0.));
#337 = ORIENTED_EDGE('',*,*,#338,.F.);
#338 = EDGE_CURVE('',#297,#331,#339,.T.);
#339 = CIRCLE('',#340,5.5);
#340 = AXIS2_PLACEMENT_3D('',#341,#342,#343);
#341 = CARTESIAN_POINT('',(353.8,123.3,3.));
#342 = DIRECTION('',(0.,0.,-1.));
#343 = DIRECTION('',(4.737E-14,1.,0.));
#344 = FACE_BOUND('',#345,.F.);
#345 = EDGE_LOOP('',(#346,#356,#365,#373,#382,#390,#399,#407));
#346 = ORIENTED_EDGE('',*,*,#347,.T.);
#347 = EDGE_CURVE('',#348,#350,#352,.T.);
#348 = VERTEX_POINT('',#349);
#349 = CARTESIAN_POINT('',(3.1,6.,3.));
#350 = VERTEX_POINT('',#351);
#351 = CARTESIAN_POINT('',(3.1,123.3,3.));
#352 = LINE('',#353,#354);
#353 = CARTESIAN_POINT('',(3.1,6.,3.));
#354 = VECTOR('',#355,1.);
#355 = DIRECTION('',(0.,1.,0.));
#356 = ORIENTED_EDGE('',*,*,#357,.T.);
#357 = EDGE_CURVE('',#350,#358,#360,.T.);
#358 = VERTEX_POINT('',#359);
#359 = CARTESIAN_POINT('',(5.999999999914,126.2,3.));
#360 = CIRCLE('',#361,2.9);
#361 = AXIS2_PLACEMENT_3D('',#362,#363,#364);
#362 = CARTESIAN_POINT('',(6.,123.3,3.));
#363 = DIRECTION('',(0.,0.,-1.));
#364 = DIRECTION('',(1.,0.,0.));
#365 = ORIENTED_EDGE('',*,*,#366,.T.);
#366 = EDGE_CURVE('',#358,#367,#369,.T.);
#367 = VERTEX_POINT('',#368);
#368 = CARTESIAN_POINT('',(353.80000000008,126.2,3.));
#369 = LINE('',#370,#371);
#370 = CARTESIAN_POINT('',(5.999999999914,126.2,3.));
#371 = VECTOR('',#372,1.);
#372 = DIRECTION('',(1.,0.,0.));
#373 = ORIENTED_EDGE('',*,*,#374,.T.);
#374 = EDGE_CURVE('',#367,#375,#377,.T.);
#375 = VERTEX_POINT('',#376);
#376 = CARTESIAN_POINT('',(356.7,123.3,3.));
#377 = CIRCLE('',#378,2.9);
#378 = AXIS2_PLACEMENT_3D('',#379,#380,#381);
#379 = CARTESIAN_POINT('',(353.8,123.3,3.));
#380 = DIRECTION('',(0.,0.,-1.));
#381 = DIRECTION('',(1.,0.,0.));
#382 = ORIENTED_EDGE('',*,*,#383,.T.);
#383 = EDGE_CURVE('',#375,#384,#386,.T.);
#384 = VERTEX_POINT('',#385);
#385 = CARTESIAN_POINT('',(356.7,6.,3.));
#386 = LINE('',#387,#388);
#387 = CARTESIAN_POINT('',(356.7,123.3,3.));
#388 = VECTOR('',#389,1.);
#389 = DIRECTION('',(0.,-1.,0.));
#390 = ORIENTED_EDGE('',*,*,#391,.T.);
#391 = EDGE_CURVE('',#384,#392,#394,.T.);
#392 = VERTEX_POINT('',#393);
#393 = CARTESIAN_POINT('',(353.80000000008,3.1,3.));
#394 = CIRCLE('',#395,2.9);
#395 = AXIS2_PLACEMENT_3D('',#396,#397,#398);
#396 = CARTESIAN_POINT('',(353.8,6.,3.));
#397 = DIRECTION('',(0.,0.,-1.));
#398 = DIRECTION('',(1.,0.,0.));
#399 = ORIENTED_EDGE('',*,*,#400,.T.);
#400 = EDGE_CURVE('',#392,#401,#403,.T.);
#401 = VERTEX_POINT('',#402);
#402 = CARTESIAN_POINT('',(5.999999999914,3.1,3.));
#403 = LINE('',#404,#405);
#404 = CARTESIAN_POINT('',(353.80000000008,3.1,3.));
#405 = VECTOR('',#406,1.);
#406 = DIRECTION('',(-1.,0.,0.));
#407 = ORIENTED_EDGE('',*,*,#408,.T.);
#408 = EDGE_CURVE('',#401,#348,#409,.T.);
#409 = CIRCLE('',#410,2.9);
#410 = AXIS2_PLACEMENT_3D('',#411,#412,#413);
#411 = CARTESIAN_POINT('',(6.,6.,3.));
#412 = DIRECTION('',(0.,0.,-1.));
#413 = DIRECTION('',(1.,0.,0.));
#414 = PLANE('',#415);
#415 = AXIS2_PLACEMENT_3D('',#416,#417,#418);
#416 = CARTESIAN_POINT('',(179.9,64.65,3.));
#417 = DIRECTION('',(0.,0.,1.));
#418 = DIRECTION('',(1.,0.,0.));
#419 = ADVANCED_FACE('',(#420),#432,.T.);
#420 = FACE_BOUND('',#421,.F.);
#421 = EDGE_LOOP('',(#422,#423,#424,#431));
#422 = ORIENTED_EDGE('',*,*,#122,.F.);
#423 = ORIENTED_EDGE('',*,*,#304,.T.);
#424 = ORIENTED_EDGE('',*,*,#425,.T.);
#425 = EDGE_CURVE('',#295,#180,#426,.T.);
#426 = CIRCLE('',#427,0.5);
#427 = AXIS2_PLACEMENT_3D('',#428,#429,#430);
#428 = CARTESIAN_POINT('',(6.,128.8,3.5));
#429 = DIRECTION('',(1.,-0.,0.));
#430 = DIRECTION('',(0.,0.,-1.));
#431 = ORIENTED_EDGE('',*,*,#179,.F.);
#432 = TOROIDAL_SURFACE('',#433,5.5,0.5);
#433 = AXIS2_PLACEMENT_3D('',#434,#435,#436);
#434 = CARTESIAN_POINT('',(6.,123.3,3.5));
#435 = DIRECTION('',(0.,0.,1.));
#436 = DIRECTION('',(-1.,4.74E-15,0.));
#437 = ADVANCED_FACE('',(#438),#458,.T.);
#438 = FACE_BOUND('',#439,.T.);
#439 = EDGE_LOOP('',(#440,#449,#450,#451));
#440 = ORIENTED_EDGE('',*,*,#441,.F.);
#441 = EDGE_CURVE('',#189,#442,#444,.T.);
#442 = VERTEX_POINT('',#443);
#443 = CARTESIAN_POINT('',(6.,128.8,5.));
#444 = CIRCLE('',#445,0.5);
#445 = AXIS2_PLACEMENT_3D('',#446,#447,#448);
#446 = CARTESIAN_POINT('',(6.,128.8,4.5));
#447 = DIRECTION('',(1.,0.,0.));
#448 = DIRECTION('',(0.,1.,0.));
#449 = ORIENTED_EDGE('',*,*,#196,.T.);
#450 = ORIENTED_EDGE('',*,*,#145,.T.);
#451 = ORIENTED_EDGE('',*,*,#452,.F.);
#452 = EDGE_CURVE('',#442,#146,#453,.T.);
#453 = CIRCLE('',#454,5.5);
#454 = AXIS2_PLACEMENT_3D('',#455,#456,#457);
#455 = CARTESIAN_POINT('',(6.,123.3,5.));
#456 = DIRECTION('',(0.,0.,1.));
#457 = DIRECTION('',(-1.63E-15,1.,0.));
#458 = TOROIDAL_SURFACE('',#459,5.5,0.5);
#459 = AXIS2_PLACEMENT_3D('',#460,#461,#462);
#460 = CARTESIAN_POINT('',(6.,123.3,4.5));
#461 = DIRECTION('',(0.,0.,1.));
#462 = DIRECTION('',(-1.63E-15,1.,0.));
#463 = ADVANCED_FACE('',(#464,#509,#579,#683,#753,#823,#859,#929,#965,
    #1035,#1105,#1141,#1211,#1247),#1317,.T.);
#464 = FACE_BOUND('',#465,.T.);
#465 = EDGE_LOOP('',(#466,#474,#483,#491,#500,#506,#507,#508));
#466 = ORIENTED_EDGE('',*,*,#467,.T.);
#467 = EDGE_CURVE('',#271,#468,#470,.T.);
#468 = VERTEX_POINT('',#469);
#469 = CARTESIAN_POINT('',(353.8,0.5,5.));
#470 = LINE('',#471,#472);
#471 = CARTESIAN_POINT('',(6.,0.5,5.));
#472 = VECTOR('',#473,1.);
#473 = DIRECTION('',(1.,0.,0.));
#474 = ORIENTED_EDGE('',*,*,#475,.T.);
#475 = EDGE_CURVE('',#468,#476,#478,.T.);
#476 = VERTEX_POINT('',#477);
#477 = CARTESIAN_POINT('',(359.3,6.,5.));
#478 = CIRCLE('',#479,5.5);
#479 = AXIS2_PLACEMENT_3D('',#480,#481,#482);
#480 = CARTESIAN_POINT('',(353.8,6.,5.));
#481 = DIRECTION('',(-0.,0.,1.));
#482 = DIRECTION('',(0.,-1.,0.));
#483 = ORIENTED_EDGE('',*,*,#484,.T.);
#484 = EDGE_CURVE('',#476,#485,#487,.T.);
#485 = VERTEX_POINT('',#486);
#486 = CARTESIAN_POINT('',(359.3,123.3,5.));
#487 = LINE('',#488,#489);
#488 = CARTESIAN_POINT('',(359.3,6.,5.));
#489 = VECTOR('',#490,1.);
#490 = DIRECTION('',(0.,1.,0.));
#491 = ORIENTED_EDGE('',*,*,#492,.T.);
#492 = EDGE_CURVE('',#485,#493,#495,.T.);
#493 = VERTEX_POINT('',#494);
#494 = CARTESIAN_POINT('',(353.8,128.8,5.));
#495 = CIRCLE('',#496,5.5);
#496 = AXIS2_PLACEMENT_3D('',#497,#498,#499);
#497 = CARTESIAN_POINT('',(353.8,123.3,5.));
#498 = DIRECTION('',(0.,0.,1.));
#499 = DIRECTION('',(1.,0.,0.));
#500 = ORIENTED_EDGE('',*,*,#501,.T.);
#501 = EDGE_CURVE('',#493,#442,#502,.T.);
#502 = LINE('',#503,#504);
#503 = CARTESIAN_POINT('',(353.8,128.8,5.));
#504 = VECTOR('',#505,1.);
#505 = DIRECTION('',(-1.,0.,0.));
#506 = ORIENTED_EDGE('',*,*,#452,.T.);
#507 = ORIENTED_EDGE('',*,*,#154,.T.);
#508 = ORIENTED_EDGE('',*,*,#279,.T.);
#509 = FACE_BOUND('',#510,.T.);
#510 = EDGE_LOOP('',(#511,#521,#530,#538,#547,#555,#564,#572));
#511 = ORIENTED_EDGE('',*,*,#512,.F.);
#512 = EDGE_CURVE('',#513,#515,#517,.T.);
#513 = VERTEX_POINT('',#514);
#514 = CARTESIAN_POINT('',(5.,99.25,5.));
#515 = VERTEX_POINT('',#516);
#516 = CARTESIAN_POINT('',(5.,6.,5.));
#517 = LINE('',#518,#519);
#518 = CARTESIAN_POINT('',(5.,99.25,5.));
#519 = VECTOR('',#520,1.);
#520 = DIRECTION('',(0.,-1.,0.));
#521 = ORIENTED_EDGE('',*,*,#522,.F.);
#522 = EDGE_CURVE('',#523,#513,#525,.T.);
#523 = VERTEX_POINT('',#524);
#524 = CARTESIAN_POINT('',(6.,100.25,5.));
#525 = CIRCLE('',#526,1.);
#526 = AXIS2_PLACEMENT_3D('',#527,#528,#529);
#527 = CARTESIAN_POINT('',(6.,99.25,5.));
#528 = DIRECTION('',(0.,0.,1.));
#529 = DIRECTION('',(1.,0.,0.));
#530 = ORIENTED_EDGE('',*,*,#531,.F.);
#531 = EDGE_CURVE('',#532,#523,#534,.T.);
#532 = VERTEX_POINT('',#533);
#533 = CARTESIAN_POINT('',(44.,100.25,5.));
#534 = LINE('',#535,#536);
#535 = CARTESIAN_POINT('',(44.,100.25,5.));
#536 = VECTOR('',#537,1.);
#537 = DIRECTION('',(-1.,0.,0.));
#538 = ORIENTED_EDGE('',*,*,#539,.F.);
#539 = EDGE_CURVE('',#540,#532,#542,.T.);
#540 = VERTEX_POINT('',#541);
#541 = CARTESIAN_POINT('',(45.,99.25,5.));
#542 = CIRCLE('',#543,1.);
#543 = AXIS2_PLACEMENT_3D('',#544,#545,#546);
#544 = CARTESIAN_POINT('',(44.,99.25,5.));
#545 = DIRECTION('',(0.,0.,1.));
#546 = DIRECTION('',(1.,0.,0.));
#547 = ORIENTED_EDGE('',*,*,#548,.F.);
#548 = EDGE_CURVE('',#549,#540,#551,.T.);
#549 = VERTEX_POINT('',#550);
#550 = CARTESIAN_POINT('',(45.,6.,5.));
#551 = LINE('',#552,#553);
#552 = CARTESIAN_POINT('',(45.,6.,5.));
#553 = VECTOR('',#554,1.);
#554 = DIRECTION('',(0.,1.,0.));
#555 = ORIENTED_EDGE('',*,*,#556,.F.);
#556 = EDGE_CURVE('',#557,#549,#559,.T.);
#557 = VERTEX_POINT('',#558);
#558 = CARTESIAN_POINT('',(44.,5.,5.));
#559 = CIRCLE('',#560,1.);
#560 = AXIS2_PLACEMENT_3D('',#561,#562,#563);
#561 = CARTESIAN_POINT('',(44.,6.,5.));
#562 = DIRECTION('',(0.,0.,1.));
#563 = DIRECTION('',(1.,0.,0.));
#564 = ORIENTED_EDGE('',*,*,#565,.F.);
#565 = EDGE_CURVE('',#566,#557,#568,.T.);
#566 = VERTEX_POINT('',#567);
#567 = CARTESIAN_POINT('',(6.,5.,5.));
#568 = LINE('',#569,#570);
#569 = CARTESIAN_POINT('',(6.,5.,5.));
#570 = VECTOR('',#571,1.);
#571 = DIRECTION('',(1.,0.,0.));
#572 = ORIENTED_EDGE('',*,*,#573,.F.);
#573 = EDGE_CURVE('',#515,#566,#574,.T.);
#574 = CIRCLE('',#575,1.);
#575 = AXIS2_PLACEMENT_3D('',#576,#577,#578);
#576 = CARTESIAN_POINT('',(6.,6.,5.));
#577 = DIRECTION('',(0.,0.,1.));
#578 = DIRECTION('',(1.,0.,0.));
#579 = FACE_BOUND('',#580,.T.);
#580 = EDGE_LOOP('',(#581,#592,#600,#609,#617,#626,#634,#643,#651,#660,
    #668,#677));
#581 = ORIENTED_EDGE('',*,*,#582,.F.);
#582 = EDGE_CURVE('',#583,#585,#587,.T.);
#583 = VERTEX_POINT('',#584);
#584 = CARTESIAN_POINT('',(51.,100.24999934641,5.));
#585 = VERTEX_POINT('',#586);
#586 = CARTESIAN_POINT('',(50.,99.249999673205,5.));
#587 = CIRCLE('',#588,1.);
#588 = AXIS2_PLACEMENT_3D('',#589,#590,#591);
#589 = CARTESIAN_POINT('',(51.,99.24999934641,5.));
#590 = DIRECTION('',(0.,0.,1.));
#591 = DIRECTION('',(1.,0.,0.));
#592 = ORIENTED_EDGE('',*,*,#593,.T.);
#593 = EDGE_CURVE('',#583,#594,#596,.T.);
#594 = VERTEX_POINT('',#595);
#595 = CARTESIAN_POINT('',(334.75,100.24999934641,5.));
#596 = LINE('',#597,#598);
#597 = CARTESIAN_POINT('',(51.,100.24999934641,5.));
#598 = VECTOR('',#599,1.);
#599 = DIRECTION('',(1.,0.,0.));
#600 = ORIENTED_EDGE('',*,*,#601,.F.);
#601 = EDGE_CURVE('',#602,#594,#604,.T.);
#602 = VERTEX_POINT('',#603);
#603 = CARTESIAN_POINT('',(335.75,99.249999673205,5.));
#604 = CIRCLE('',#605,1.);
#605 = AXIS2_PLACEMENT_3D('',#606,#607,#608);
#606 = CARTESIAN_POINT('',(334.75,99.24999934641,5.));
#607 = DIRECTION('',(0.,0.,1.));
#608 = DIRECTION('',(1.,0.,0.));
#609 = ORIENTED_EDGE('',*,*,#610,.F.);
#610 = EDGE_CURVE('',#611,#602,#613,.T.);
#611 = VERTEX_POINT('',#612);
#612 = CARTESIAN_POINT('',(335.75,25.049999019615,5.));
#613 = LINE('',#614,#615);
#614 = CARTESIAN_POINT('',(335.75,25.049999019615,5.));
#615 = VECTOR('',#616,1.);
#616 = DIRECTION('',(-1.53E-15,1.,0.));
#617 = ORIENTED_EDGE('',*,*,#618,.T.);
#618 = EDGE_CURVE('',#611,#619,#621,.T.);
#619 = VERTEX_POINT('',#620);
#620 = CARTESIAN_POINT('',(336.75,24.04999934641,5.));
#621 = CIRCLE('',#622,1.);
#622 = AXIS2_PLACEMENT_3D('',#623,#624,#625);
#623 = CARTESIAN_POINT('',(336.75,25.04999934641,5.));
#624 = DIRECTION('',(0.,0.,1.));
#625 = DIRECTION('',(1.,0.,0.));
#626 = ORIENTED_EDGE('',*,*,#627,.F.);
#627 = EDGE_CURVE('',#628,#619,#630,.T.);
#628 = VERTEX_POINT('',#629);
#629 = CARTESIAN_POINT('',(353.8,24.04999934641,5.));
#630 = LINE('',#631,#632);
#631 = CARTESIAN_POINT('',(353.8,24.04999934641,5.));
#632 = VECTOR('',#633,1.);
#633 = DIRECTION('',(-1.,0.,0.));
#634 = ORIENTED_EDGE('',*,*,#635,.F.);
#635 = EDGE_CURVE('',#636,#628,#638,.T.);
#636 = VERTEX_POINT('',#637);
#637 = CARTESIAN_POINT('',(354.8,23.049999673205,5.));
#638 = CIRCLE('',#639,1.);
#639 = AXIS2_PLACEMENT_3D('',#640,#641,#642);
#640 = CARTESIAN_POINT('',(353.8,23.04999934641,5.));
#641 = DIRECTION('',(0.,0.,1.));
#642 = DIRECTION('',(1.,0.,0.));
#643 = ORIENTED_EDGE('',*,*,#644,.F.);
#644 = EDGE_CURVE('',#645,#636,#647,.T.);
#645 = VERTEX_POINT('',#646);
#646 = CARTESIAN_POINT('',(354.8,5.999999673205,5.));
#647 = LINE('',#648,#649);
#648 = CARTESIAN_POINT('',(354.8,5.999999673205,5.));
#649 = VECTOR('',#650,1.);
#650 = DIRECTION('',(0.,1.,0.));
#651 = ORIENTED_EDGE('',*,*,#652,.F.);
#652 = EDGE_CURVE('',#653,#645,#655,.T.);
#653 = VERTEX_POINT('',#654);
#654 = CARTESIAN_POINT('',(353.8,5.,5.));
#655 = CIRCLE('',#656,1.);
#656 = AXIS2_PLACEMENT_3D('',#657,#658,#659);
#657 = CARTESIAN_POINT('',(353.8,6.,5.));
#658 = DIRECTION('',(0.,0.,1.));
#659 = DIRECTION('',(1.,0.,0.));
#660 = ORIENTED_EDGE('',*,*,#661,.F.);
#661 = EDGE_CURVE('',#662,#653,#664,.T.);
#662 = VERTEX_POINT('',#663);
#663 = CARTESIAN_POINT('',(51.,5.,5.));
#664 = LINE('',#665,#666);
#665 = CARTESIAN_POINT('',(51.,5.,5.));
#666 = VECTOR('',#667,1.);
#667 = DIRECTION('',(1.,0.,0.));
#668 = ORIENTED_EDGE('',*,*,#669,.F.);
#669 = EDGE_CURVE('',#670,#662,#672,.T.);
#670 = VERTEX_POINT('',#671);
#671 = CARTESIAN_POINT('',(50.,5.999999673205,5.));
#672 = CIRCLE('',#673,1.);
#673 = AXIS2_PLACEMENT_3D('',#674,#675,#676);
#674 = CARTESIAN_POINT('',(51.,6.,5.));
#675 = DIRECTION('',(0.,0.,1.));
#676 = DIRECTION('',(1.,0.,0.));
#677 = ORIENTED_EDGE('',*,*,#678,.F.);
#678 = EDGE_CURVE('',#585,#670,#679,.T.);
#679 = LINE('',#680,#681);
#680 = CARTESIAN_POINT('',(50.,99.249999673205,5.));
#681 = VECTOR('',#682,1.);
#682 = DIRECTION('',(0.,-1.,0.));
#683 = FACE_BOUND('',#684,.T.);
#684 = EDGE_LOOP('',(#685,#695,#704,#712,#721,#729,#738,#746));
#685 = ORIENTED_EDGE('',*,*,#686,.F.);
#686 = EDGE_CURVE('',#687,#689,#691,.T.);
#687 = VERTEX_POINT('',#688);
#688 = CARTESIAN_POINT('',(5.,123.3,5.));
#689 = VERTEX_POINT('',#690);
#690 = CARTESIAN_POINT('',(5.,106.25,5.));
#691 = LINE('',#692,#693);
#692 = CARTESIAN_POINT('',(5.,123.3,5.));
#693 = VECTOR('',#694,1.);
#694 = DIRECTION('',(0.,-1.,0.));
#695 = ORIENTED_EDGE('',*,*,#696,.F.);
#696 = EDGE_CURVE('',#697,#687,#699,.T.);
#697 = VERTEX_POINT('',#698);
#698 = CARTESIAN_POINT('',(6.,124.3,5.));
#699 = CIRCLE('',#700,1.);
#700 = AXIS2_PLACEMENT_3D('',#701,#702,#703);
#701 = CARTESIAN_POINT('',(6.,123.3,5.));
#702 = DIRECTION('',(0.,0.,1.));
#703 = DIRECTION('',(1.,0.,0.));
#704 = ORIENTED_EDGE('',*,*,#705,.F.);
#705 = EDGE_CURVE('',#706,#697,#708,.T.);
#706 = VERTEX_POINT('',#707);
#707 = CARTESIAN_POINT('',(44.,124.3,5.));
#708 = LINE('',#709,#710);
#709 = CARTESIAN_POINT('',(44.,124.3,5.));
#710 = VECTOR('',#711,1.);
#711 = DIRECTION('',(-1.,0.,0.));
#712 = ORIENTED_EDGE('',*,*,#713,.F.);
#713 = EDGE_CURVE('',#714,#706,#716,.T.);
#714 = VERTEX_POINT('',#715);
#715 = CARTESIAN_POINT('',(45.,123.3,5.));
#716 = CIRCLE('',#717,1.);
#717 = AXIS2_PLACEMENT_3D('',#718,#719,#720);
#718 = CARTESIAN_POINT('',(44.,123.3,5.));
#719 = DIRECTION('',(0.,0.,1.));
#720 = DIRECTION('',(1.,0.,0.));
#721 = ORIENTED_EDGE('',*,*,#722,.F.);
#722 = EDGE_CURVE('',#723,#714,#725,.T.);
#723 = VERTEX_POINT('',#724);
#724 = CARTESIAN_POINT('',(45.,106.25,5.));
#725 = LINE('',#726,#727);
#726 = CARTESIAN_POINT('',(45.,106.25,5.));
#727 = VECTOR('',#728,1.);
#728 = DIRECTION('',(0.,1.,0.));
#729 = ORIENTED_EDGE('',*,*,#730,.F.);
#730 = EDGE_CURVE('',#731,#723,#733,.T.);
#731 = VERTEX_POINT('',#732);
#732 = CARTESIAN_POINT('',(44.,105.25,5.));
#733 = CIRCLE('',#734,1.);
#734 = AXIS2_PLACEMENT_3D('',#735,#736,#737);
#735 = CARTESIAN_POINT('',(44.,106.25,5.));
#736 = DIRECTION('',(0.,0.,1.));
#737 = DIRECTION('',(1.,0.,0.));
#738 = ORIENTED_EDGE('',*,*,#739,.F.);
#739 = EDGE_CURVE('',#740,#731,#742,.T.);
#740 = VERTEX_POINT('',#741);
#741 = CARTESIAN_POINT('',(6.,105.25,5.));
#742 = LINE('',#743,#744);
#743 = CARTESIAN_POINT('',(6.,105.25,5.));
#744 = VECTOR('',#745,1.);
#745 = DIRECTION('',(1.,0.,0.));
#746 = ORIENTED_EDGE('',*,*,#747,.F.);
#747 = EDGE_CURVE('',#689,#740,#748,.T.);
#748 = CIRCLE('',#749,1.);
#749 = AXIS2_PLACEMENT_3D('',#750,#751,#752);
#750 = CARTESIAN_POINT('',(6.,106.25,5.));
#751 = DIRECTION('',(0.,0.,1.));
#752 = DIRECTION('',(1.,0.,0.));
#753 = FACE_BOUND('',#754,.T.);
#754 = EDGE_LOOP('',(#755,#765,#774,#782,#791,#799,#808,#816));
#755 = ORIENTED_EDGE('',*,*,#756,.F.);
#756 = EDGE_CURVE('',#757,#759,#761,.T.);
#757 = VERTEX_POINT('',#758);
#758 = CARTESIAN_POINT('',(50.,123.29999934641,5.));
#759 = VERTEX_POINT('',#760);
#760 = CARTESIAN_POINT('',(50.,106.24999934641,5.));
#761 = LINE('',#762,#763);
#762 = CARTESIAN_POINT('',(50.,123.29999934641,5.));
#763 = VECTOR('',#764,1.);
#764 = DIRECTION('',(0.,-1.,0.));
#765 = ORIENTED_EDGE('',*,*,#766,.F.);
#766 = EDGE_CURVE('',#767,#757,#769,.T.);
#767 = VERTEX_POINT('',#768);
#768 = CARTESIAN_POINT('',(51.,124.29999934641,5.));
#769 = CIRCLE('',#770,1.);
#770 = AXIS2_PLACEMENT_3D('',#771,#772,#773);
#771 = CARTESIAN_POINT('',(51.,123.29999934641,5.));
#772 = DIRECTION('',(0.,0.,1.));
#773 = DIRECTION('',(1.,0.,0.));
#774 = ORIENTED_EDGE('',*,*,#775,.F.);
#775 = EDGE_CURVE('',#776,#767,#778,.T.);
#776 = VERTEX_POINT('',#777);
#777 = CARTESIAN_POINT('',(68.05,124.29999934641,5.));
#778 = LINE('',#779,#780);
#779 = CARTESIAN_POINT('',(68.05,124.29999934641,5.));
#780 = VECTOR('',#781,1.);
#781 = DIRECTION('',(-1.,0.,0.));
#782 = ORIENTED_EDGE('',*,*,#783,.F.);
#783 = EDGE_CURVE('',#784,#776,#786,.T.);
#784 = VERTEX_POINT('',#785);
#785 = CARTESIAN_POINT('',(69.05,123.29999934641,5.));
#786 = CIRCLE('',#787,1.);
#787 = AXIS2_PLACEMENT_3D('',#788,#789,#790);
#788 = CARTESIAN_POINT('',(68.05,123.29999934641,5.));
#789 = DIRECTION('',(0.,0.,1.));
#790 = DIRECTION('',(1.,0.,0.));
#791 = ORIENTED_EDGE('',*,*,#792,.F.);
#792 = EDGE_CURVE('',#793,#784,#795,.T.);
#793 = VERTEX_POINT('',#794);
#794 = CARTESIAN_POINT('',(69.05,106.24999934641,5.));
#795 = LINE('',#796,#797);
#796 = CARTESIAN_POINT('',(69.05,106.24999934641,5.));
#797 = VECTOR('',#798,1.);
#798 = DIRECTION('',(0.,1.,0.));
#799 = ORIENTED_EDGE('',*,*,#800,.F.);
#800 = EDGE_CURVE('',#801,#793,#803,.T.);
#801 = VERTEX_POINT('',#802);
#802 = CARTESIAN_POINT('',(68.05,105.24999934641,5.));
#803 = CIRCLE('',#804,1.);
#804 = AXIS2_PLACEMENT_3D('',#805,#806,#807);
#805 = CARTESIAN_POINT('',(68.05,106.24999934641,5.));
#806 = DIRECTION('',(0.,0.,1.));
#807 = DIRECTION('',(1.,0.,0.));
#808 = ORIENTED_EDGE('',*,*,#809,.F.);
#809 = EDGE_CURVE('',#810,#801,#812,.T.);
#810 = VERTEX_POINT('',#811);
#811 = CARTESIAN_POINT('',(51.,105.24999934641,5.));
#812 = LINE('',#813,#814);
#813 = CARTESIAN_POINT('',(51.,105.24999934641,5.));
#814 = VECTOR('',#815,1.);
#815 = DIRECTION('',(1.,0.,0.));
#816 = ORIENTED_EDGE('',*,*,#817,.F.);
#817 = EDGE_CURVE('',#759,#810,#818,.T.);
#818 = CIRCLE('',#819,1.);
#819 = AXIS2_PLACEMENT_3D('',#820,#821,#822);
#820 = CARTESIAN_POINT('',(51.,106.24999934641,5.));
#821 = DIRECTION('',(0.,0.,1.));
#822 = DIRECTION('',(1.,0.,0.));
#823 = FACE_BOUND('',#824,.T.);
#824 = EDGE_LOOP('',(#825,#836,#844,#853));
#825 = ORIENTED_EDGE('',*,*,#826,.F.);
#826 = EDGE_CURVE('',#827,#829,#831,.T.);
#827 = VERTEX_POINT('',#828);
#828 = CARTESIAN_POINT('',(73.3125,110.775,5.));
#829 = VERTEX_POINT('',#830);
#830 = CARTESIAN_POINT('',(74.3125,110.775,5.));
#831 = CIRCLE('',#832,0.5);
#832 = AXIS2_PLACEMENT_3D('',#833,#834,#835);
#833 = CARTESIAN_POINT('',(73.8125,110.775,5.));
#834 = DIRECTION('',(0.,0.,1.));
#835 = DIRECTION('',(1.,0.,0.));
#836 = ORIENTED_EDGE('',*,*,#837,.T.);
#837 = EDGE_CURVE('',#827,#838,#840,.T.);
#838 = VERTEX_POINT('',#839);
#839 = CARTESIAN_POINT('',(73.3125,118.775,5.));
#840 = LINE('',#841,#842);
#841 = CARTESIAN_POINT('',(73.3125,110.775,5.));
#842 = VECTOR('',#843,1.);
#843 = DIRECTION('',(0.,1.,0.));
#844 = ORIENTED_EDGE('',*,*,#845,.F.);
#845 = EDGE_CURVE('',#846,#838,#848,.T.);
#846 = VERTEX_POINT('',#847);
#847 = CARTESIAN_POINT('',(74.3125,118.775,5.));
#848 = CIRCLE('',#849,0.5);
#849 = AXIS2_PLACEMENT_3D('',#850,#851,#852);
#850 = CARTESIAN_POINT('',(73.8125,118.775,5.));
#851 = DIRECTION('',(0.,0.,1.));
#852 = DIRECTION('',(1.,0.,0.));
#853 = ORIENTED_EDGE('',*,*,#854,.F.);
#854 = EDGE_CURVE('',#829,#846,#855,.T.);
#855 = LINE('',#856,#857);
#856 = CARTESIAN_POINT('',(74.3125,110.775,5.));
#857 = VECTOR('',#858,1.);
#858 = DIRECTION('',(0.,1.,0.));
#859 = FACE_BOUND('',#860,.T.);
#860 = EDGE_LOOP('',(#861,#871,#880,#888,#897,#905,#914,#922));
#861 = ORIENTED_EDGE('',*,*,#862,.F.);
#862 = EDGE_CURVE('',#863,#865,#867,.T.);
#863 = VERTEX_POINT('',#864);
#864 = CARTESIAN_POINT('',(78.575,123.29999934641,5.));
#865 = VERTEX_POINT('',#866);
#866 = CARTESIAN_POINT('',(78.575,106.24999934641,5.));
#867 = LINE('',#868,#869);
#868 = CARTESIAN_POINT('',(78.575,123.29999934641,5.));
#869 = VECTOR('',#870,1.);
#870 = DIRECTION('',(0.,-1.,0.));
#871 = ORIENTED_EDGE('',*,*,#872,.F.);
#872 = EDGE_CURVE('',#873,#863,#875,.T.);
#873 = VERTEX_POINT('',#874);
#874 = CARTESIAN_POINT('',(79.575,124.29999934641,5.));
#875 = CIRCLE('',#876,1.);
#876 = AXIS2_PLACEMENT_3D('',#877,#878,#879);
#877 = CARTESIAN_POINT('',(79.575,123.29999934641,5.));
#878 = DIRECTION('',(0.,0.,1.));
#879 = DIRECTION('',(1.,0.,0.));
#880 = ORIENTED_EDGE('',*,*,#881,.F.);
#881 = EDGE_CURVE('',#882,#873,#884,.T.);
#882 = VERTEX_POINT('',#883);
#883 = CARTESIAN_POINT('',(153.775,124.29999934641,5.));
#884 = LINE('',#885,#886);
#885 = CARTESIAN_POINT('',(153.775,124.29999934641,5.));
#886 = VECTOR('',#887,1.);
#887 = DIRECTION('',(-1.,0.,0.));
#888 = ORIENTED_EDGE('',*,*,#889,.F.);
#889 = EDGE_CURVE('',#890,#882,#892,.T.);
#890 = VERTEX_POINT('',#891);
#891 = CARTESIAN_POINT('',(154.775,123.29999934641,5.));
#892 = CIRCLE('',#893,1.);
#893 = AXIS2_PLACEMENT_3D('',#894,#895,#896);
#894 = CARTESIAN_POINT('',(153.775,123.29999934641,5.));
#895 = DIRECTION('',(0.,0.,1.));
#896 = DIRECTION('',(1.,0.,0.));
#897 = ORIENTED_EDGE('',*,*,#898,.F.);
#898 = EDGE_CURVE('',#899,#890,#901,.T.);
#899 = VERTEX_POINT('',#900);
#900 = CARTESIAN_POINT('',(154.775,106.24999934641,5.));
#901 = LINE('',#902,#903);
#902 = CARTESIAN_POINT('',(154.775,106.24999934641,5.));
#903 = VECTOR('',#904,1.);
#904 = DIRECTION('',(0.,1.,0.));
#905 = ORIENTED_EDGE('',*,*,#906,.F.);
#906 = EDGE_CURVE('',#907,#899,#909,.T.);
#907 = VERTEX_POINT('',#908);
#908 = CARTESIAN_POINT('',(153.775,105.24999934641,5.));
#909 = CIRCLE('',#910,1.);
#910 = AXIS2_PLACEMENT_3D('',#911,#912,#913);
#911 = CARTESIAN_POINT('',(153.775,106.24999934641,5.));
#912 = DIRECTION('',(0.,0.,1.));
#913 = DIRECTION('',(1.,0.,0.));
#914 = ORIENTED_EDGE('',*,*,#915,.F.);
#915 = EDGE_CURVE('',#916,#907,#918,.T.);
#916 = VERTEX_POINT('',#917);
#917 = CARTESIAN_POINT('',(79.575,105.24999934641,5.));
#918 = LINE('',#919,#920);
#919 = CARTESIAN_POINT('',(79.575,105.24999934641,5.));
#920 = VECTOR('',#921,1.);
#921 = DIRECTION('',(1.,0.,0.));
#922 = ORIENTED_EDGE('',*,*,#923,.F.);
#923 = EDGE_CURVE('',#865,#916,#924,.T.);
#924 = CIRCLE('',#925,1.);
#925 = AXIS2_PLACEMENT_3D('',#926,#927,#928);
#926 = CARTESIAN_POINT('',(79.575,106.24999934641,5.));
#927 = DIRECTION('',(0.,0.,1.));
#928 = DIRECTION('',(1.,0.,0.));
#929 = FACE_BOUND('',#930,.T.);
#930 = EDGE_LOOP('',(#931,#942,#950,#959));
#931 = ORIENTED_EDGE('',*,*,#932,.F.);
#932 = EDGE_CURVE('',#933,#935,#937,.T.);
#933 = VERTEX_POINT('',#934);
#934 = CARTESIAN_POINT('',(159.0375,110.775,5.));
#935 = VERTEX_POINT('',#936);
#936 = CARTESIAN_POINT('',(160.0375,110.775,5.));
#937 = CIRCLE('',#938,0.5);
#938 = AXIS2_PLACEMENT_3D('',#939,#940,#941);
#939 = CARTESIAN_POINT('',(159.5375,110.775,5.));
#940 = DIRECTION('',(0.,0.,1.));
#941 = DIRECTION('',(1.,0.,0.));
#942 = ORIENTED_EDGE('',*,*,#943,.T.);
#943 = EDGE_CURVE('',#933,#944,#946,.T.);
#944 = VERTEX_POINT('',#945);
#945 = CARTESIAN_POINT('',(159.0375,118.775,5.));
#946 = LINE('',#947,#948);
#947 = CARTESIAN_POINT('',(159.0375,110.775,5.));
#948 = VECTOR('',#949,1.);
#949 = DIRECTION('',(0.,1.,0.));
#950 = ORIENTED_EDGE('',*,*,#951,.F.);
#951 = EDGE_CURVE('',#952,#944,#954,.T.);
#952 = VERTEX_POINT('',#953);
#953 = CARTESIAN_POINT('',(160.0375,118.775,5.));
#954 = CIRCLE('',#955,0.5);
#955 = AXIS2_PLACEMENT_3D('',#956,#957,#958);
#956 = CARTESIAN_POINT('',(159.5375,118.775,5.));
#957 = DIRECTION('',(0.,0.,1.));
#958 = DIRECTION('',(1.,0.,0.));
#959 = ORIENTED_EDGE('',*,*,#960,.F.);
#960 = EDGE_CURVE('',#935,#952,#961,.T.);
#961 = LINE('',#962,#963);
#962 = CARTESIAN_POINT('',(160.0375,110.775,5.));
#963 = VECTOR('',#964,1.);
#964 = DIRECTION('',(0.,1.,0.));
#965 = FACE_BOUND('',#966,.T.);
#966 = EDGE_LOOP('',(#967,#977,#986,#994,#1003,#1011,#1020,#1028));
#967 = ORIENTED_EDGE('',*,*,#968,.F.);
#968 = EDGE_CURVE('',#969,#971,#973,.T.);
#969 = VERTEX_POINT('',#970);
#970 = CARTESIAN_POINT('',(340.75,99.25,5.));
#971 = VERTEX_POINT('',#972);
#972 = CARTESIAN_POINT('',(340.75,30.05,5.));
#973 = LINE('',#974,#975);
#974 = CARTESIAN_POINT('',(340.75,99.25,5.));
#975 = VECTOR('',#976,1.);
#976 = DIRECTION('',(0.,-1.,0.));
#977 = ORIENTED_EDGE('',*,*,#978,.F.);
#978 = EDGE_CURVE('',#979,#969,#981,.T.);
#979 = VERTEX_POINT('',#980);
#980 = CARTESIAN_POINT('',(341.75,100.25,5.));
#981 = CIRCLE('',#982,1.);
#982 = AXIS2_PLACEMENT_3D('',#983,#984,#985);
#983 = CARTESIAN_POINT('',(341.75,99.25,5.));
#984 = DIRECTION('',(0.,0.,1.));
#985 = DIRECTION('',(1.,0.,0.));
#986 = ORIENTED_EDGE('',*,*,#987,.F.);
#987 = EDGE_CURVE('',#988,#979,#990,.T.);
#988 = VERTEX_POINT('',#989);
#989 = CARTESIAN_POINT('',(353.8,100.25,5.));
#990 = LINE('',#991,#992);
#991 = CARTESIAN_POINT('',(353.8,100.25,5.));
#992 = VECTOR('',#993,1.);
#993 = DIRECTION('',(-1.,0.,0.));
#994 = ORIENTED_EDGE('',*,*,#995,.F.);
#995 = EDGE_CURVE('',#996,#988,#998,.T.);
#996 = VERTEX_POINT('',#997);
#997 = CARTESIAN_POINT('',(354.8,99.25,5.));
#998 = CIRCLE('',#999,1.);
#999 = AXIS2_PLACEMENT_3D('',#1000,#1001,#1002);
#1000 = CARTESIAN_POINT('',(353.8,99.25,5.));
#1001 = DIRECTION('',(0.,0.,1.));
#1002 = DIRECTION('',(1.,0.,0.));
#1003 = ORIENTED_EDGE('',*,*,#1004,.F.);
#1004 = EDGE_CURVE('',#1005,#996,#1007,.T.);
#1005 = VERTEX_POINT('',#1006);
#1006 = CARTESIAN_POINT('',(354.8,30.05,5.));
#1007 = LINE('',#1008,#1009);
#1008 = CARTESIAN_POINT('',(354.8,30.05,5.));
#1009 = VECTOR('',#1010,1.);
#1010 = DIRECTION('',(0.,1.,0.));
#1011 = ORIENTED_EDGE('',*,*,#1012,.F.);
#1012 = EDGE_CURVE('',#1013,#1005,#1015,.T.);
#1013 = VERTEX_POINT('',#1014);
#1014 = CARTESIAN_POINT('',(353.8,29.05,5.));
#1015 = CIRCLE('',#1016,1.);
#1016 = AXIS2_PLACEMENT_3D('',#1017,#1018,#1019);
#1017 = CARTESIAN_POINT('',(353.8,30.05,5.));
#1018 = DIRECTION('',(0.,0.,1.));
#1019 = DIRECTION('',(1.,0.,0.));
#1020 = ORIENTED_EDGE('',*,*,#1021,.F.);
#1021 = EDGE_CURVE('',#1022,#1013,#1024,.T.);
#1022 = VERTEX_POINT('',#1023);
#1023 = CARTESIAN_POINT('',(341.75,29.05,5.));
#1024 = LINE('',#1025,#1026);
#1025 = CARTESIAN_POINT('',(341.75,29.05,5.));
#1026 = VECTOR('',#1027,1.);
#1027 = DIRECTION('',(1.,0.,0.));
#1028 = ORIENTED_EDGE('',*,*,#1029,.F.);
#1029 = EDGE_CURVE('',#971,#1022,#1030,.T.);
#1030 = CIRCLE('',#1031,1.);
#1031 = AXIS2_PLACEMENT_3D('',#1032,#1033,#1034);
#1032 = CARTESIAN_POINT('',(341.75,30.05,5.));
#1033 = DIRECTION('',(0.,0.,1.));
#1034 = DIRECTION('',(1.,0.,0.));
#1035 = FACE_BOUND('',#1036,.T.);
#1036 = EDGE_LOOP('',(#1037,#1047,#1056,#1064,#1073,#1081,#1090,#1098));
#1037 = ORIENTED_EDGE('',*,*,#1038,.F.);
#1038 = EDGE_CURVE('',#1039,#1041,#1043,.T.);
#1039 = VERTEX_POINT('',#1040);
#1040 = CARTESIAN_POINT('',(164.3,123.29999934641,5.));
#1041 = VERTEX_POINT('',#1042);
#1042 = CARTESIAN_POINT('',(164.3,106.24999934641,5.));
#1043 = LINE('',#1044,#1045);
#1044 = CARTESIAN_POINT('',(164.3,123.29999934641,5.));
#1045 = VECTOR('',#1046,1.);
#1046 = DIRECTION('',(0.,-1.,0.));
#1047 = ORIENTED_EDGE('',*,*,#1048,.F.);
#1048 = EDGE_CURVE('',#1049,#1039,#1051,.T.);
#1049 = VERTEX_POINT('',#1050);
#1050 = CARTESIAN_POINT('',(165.3,124.29999934641,5.));
#1051 = CIRCLE('',#1052,1.);
#1052 = AXIS2_PLACEMENT_3D('',#1053,#1054,#1055);
#1053 = CARTESIAN_POINT('',(165.3,123.29999934641,5.));
#1054 = DIRECTION('',(0.,0.,1.));
#1055 = DIRECTION('',(1.,0.,0.));
#1056 = ORIENTED_EDGE('',*,*,#1057,.F.);
#1057 = EDGE_CURVE('',#1058,#1049,#1060,.T.);
#1058 = VERTEX_POINT('',#1059);
#1059 = CARTESIAN_POINT('',(239.5,124.29999934641,5.));
#1060 = LINE('',#1061,#1062);
#1061 = CARTESIAN_POINT('',(239.5,124.29999934641,5.));
#1062 = VECTOR('',#1063,1.);
#1063 = DIRECTION('',(-1.,0.,0.));
#1064 = ORIENTED_EDGE('',*,*,#1065,.F.);
#1065 = EDGE_CURVE('',#1066,#1058,#1068,.T.);
#1066 = VERTEX_POINT('',#1067);
#1067 = CARTESIAN_POINT('',(240.5,123.29999934641,5.));
#1068 = CIRCLE('',#1069,1.);
#1069 = AXIS2_PLACEMENT_3D('',#1070,#1071,#1072);
#1070 = CARTESIAN_POINT('',(239.5,123.29999934641,5.));
#1071 = DIRECTION('',(0.,0.,1.));
#1072 = DIRECTION('',(1.,0.,0.));
#1073 = ORIENTED_EDGE('',*,*,#1074,.F.);
#1074 = EDGE_CURVE('',#1075,#1066,#1077,.T.);
#1075 = VERTEX_POINT('',#1076);
#1076 = CARTESIAN_POINT('',(240.5,106.24999934641,5.));
#1077 = LINE('',#1078,#1079);
#1078 = CARTESIAN_POINT('',(240.5,106.24999934641,5.));
#1079 = VECTOR('',#1080,1.);
#1080 = DIRECTION('',(0.,1.,0.));
#1081 = ORIENTED_EDGE('',*,*,#1082,.F.);
#1082 = EDGE_CURVE('',#1083,#1075,#1085,.T.);
#1083 = VERTEX_POINT('',#1084);
#1084 = CARTESIAN_POINT('',(239.5,105.24999934641,5.));
#1085 = CIRCLE('',#1086,1.);
#1086 = AXIS2_PLACEMENT_3D('',#1087,#1088,#1089);
#1087 = CARTESIAN_POINT('',(239.5,106.24999934641,5.));
#1088 = DIRECTION('',(0.,0.,1.));
#1089 = DIRECTION('',(1.,0.,0.));
#1090 = ORIENTED_EDGE('',*,*,#1091,.F.);
#1091 = EDGE_CURVE('',#1092,#1083,#1094,.T.);
#1092 = VERTEX_POINT('',#1093);
#1093 = CARTESIAN_POINT('',(165.3,105.24999934641,5.));
#1094 = LINE('',#1095,#1096);
#1095 = CARTESIAN_POINT('',(165.3,105.24999934641,5.));
#1096 = VECTOR('',#1097,1.);
#1097 = DIRECTION('',(1.,0.,0.));
#1098 = ORIENTED_EDGE('',*,*,#1099,.F.);
#1099 = EDGE_CURVE('',#1041,#1092,#1100,.T.);
#1100 = CIRCLE('',#1101,1.);
#1101 = AXIS2_PLACEMENT_3D('',#1102,#1103,#1104);
#1102 = CARTESIAN_POINT('',(165.3,106.24999934641,5.));
#1103 = DIRECTION('',(0.,0.,1.));
#1104 = DIRECTION('',(1.,0.,0.));
#1105 = FACE_BOUND('',#1106,.T.);
#1106 = EDGE_LOOP('',(#1107,#1118,#1126,#1135));
#1107 = ORIENTED_EDGE('',*,*,#1108,.F.);
#1108 = EDGE_CURVE('',#1109,#1111,#1113,.T.);
#1109 = VERTEX_POINT('',#1110);
#1110 = CARTESIAN_POINT('',(244.7625,110.775,5.));
#1111 = VERTEX_POINT('',#1112);
#1112 = CARTESIAN_POINT('',(245.7625,110.775,5.));
#1113 = CIRCLE('',#1114,0.5);
#1114 = AXIS2_PLACEMENT_3D('',#1115,#1116,#1117);
#1115 = CARTESIAN_POINT('',(245.2625,110.775,5.));
#1116 = DIRECTION('',(0.,0.,1.));
#1117 = DIRECTION('',(1.,0.,0.));
#1118 = ORIENTED_EDGE('',*,*,#1119,.T.);
#1119 = EDGE_CURVE('',#1109,#1120,#1122,.T.);
#1120 = VERTEX_POINT('',#1121);
#1121 = CARTESIAN_POINT('',(244.7625,118.775,5.));
#1122 = LINE('',#1123,#1124);
#1123 = CARTESIAN_POINT('',(244.7625,110.775,5.));
#1124 = VECTOR('',#1125,1.);
#1125 = DIRECTION('',(0.,1.,0.));
#1126 = ORIENTED_EDGE('',*,*,#1127,.F.);
#1127 = EDGE_CURVE('',#1128,#1120,#1130,.T.);
#1128 = VERTEX_POINT('',#1129);
#1129 = CARTESIAN_POINT('',(245.7625,118.775,5.));
#1130 = CIRCLE('',#1131,0.5);
#1131 = AXIS2_PLACEMENT_3D('',#1132,#1133,#1134);
#1132 = CARTESIAN_POINT('',(245.2625,118.775,5.));
#1133 = DIRECTION('',(0.,0.,1.));
#1134 = DIRECTION('',(1.,0.,0.));
#1135 = ORIENTED_EDGE('',*,*,#1136,.F.);
#1136 = EDGE_CURVE('',#1111,#1128,#1137,.T.);
#1137 = LINE('',#1138,#1139);
#1138 = CARTESIAN_POINT('',(245.7625,110.775,5.));
#1139 = VECTOR('',#1140,1.);
#1140 = DIRECTION('',(0.,1.,0.));
#1141 = FACE_BOUND('',#1142,.T.);
#1142 = EDGE_LOOP('',(#1143,#1153,#1162,#1170,#1179,#1187,#1196,#1204));
#1143 = ORIENTED_EDGE('',*,*,#1144,.F.);
#1144 = EDGE_CURVE('',#1145,#1147,#1149,.T.);
#1145 = VERTEX_POINT('',#1146);
#1146 = CARTESIAN_POINT('',(250.025,123.29999934641,5.));
#1147 = VERTEX_POINT('',#1148);
#1148 = CARTESIAN_POINT('',(250.025,106.24999934641,5.));
#1149 = LINE('',#1150,#1151);
#1150 = CARTESIAN_POINT('',(250.025,123.29999934641,5.));
#1151 = VECTOR('',#1152,1.);
#1152 = DIRECTION('',(0.,-1.,0.));
#1153 = ORIENTED_EDGE('',*,*,#1154,.F.);
#1154 = EDGE_CURVE('',#1155,#1145,#1157,.T.);
#1155 = VERTEX_POINT('',#1156);
#1156 = CARTESIAN_POINT('',(251.025,124.29999934641,5.));
#1157 = CIRCLE('',#1158,1.);
#1158 = AXIS2_PLACEMENT_3D('',#1159,#1160,#1161);
#1159 = CARTESIAN_POINT('',(251.025,123.29999934641,5.));
#1160 = DIRECTION('',(0.,0.,1.));
#1161 = DIRECTION('',(1.,0.,0.));
#1162 = ORIENTED_EDGE('',*,*,#1163,.F.);
#1163 = EDGE_CURVE('',#1164,#1155,#1166,.T.);
#1164 = VERTEX_POINT('',#1165);
#1165 = CARTESIAN_POINT('',(325.225,124.29999934641,5.));
#1166 = LINE('',#1167,#1168);
#1167 = CARTESIAN_POINT('',(325.225,124.29999934641,5.));
#1168 = VECTOR('',#1169,1.);
#1169 = DIRECTION('',(-1.,0.,0.));
#1170 = ORIENTED_EDGE('',*,*,#1171,.F.);
#1171 = EDGE_CURVE('',#1172,#1164,#1174,.T.);
#1172 = VERTEX_POINT('',#1173);
#1173 = CARTESIAN_POINT('',(326.225,123.29999934641,5.));
#1174 = CIRCLE('',#1175,1.);
#1175 = AXIS2_PLACEMENT_3D('',#1176,#1177,#1178);
#1176 = CARTESIAN_POINT('',(325.225,123.29999934641,5.));
#1177 = DIRECTION('',(0.,0.,1.));
#1178 = DIRECTION('',(1.,0.,0.));
#1179 = ORIENTED_EDGE('',*,*,#1180,.F.);
#1180 = EDGE_CURVE('',#1181,#1172,#1183,.T.);
#1181 = VERTEX_POINT('',#1182);
#1182 = CARTESIAN_POINT('',(326.225,106.24999934641,5.));
#1183 = LINE('',#1184,#1185);
#1184 = CARTESIAN_POINT('',(326.225,106.24999934641,5.));
#1185 = VECTOR('',#1186,1.);
#1186 = DIRECTION('',(0.,1.,0.));
#1187 = ORIENTED_EDGE('',*,*,#1188,.F.);
#1188 = EDGE_CURVE('',#1189,#1181,#1191,.T.);
#1189 = VERTEX_POINT('',#1190);
#1190 = CARTESIAN_POINT('',(325.225,105.24999934641,5.));
#1191 = CIRCLE('',#1192,1.);
#1192 = AXIS2_PLACEMENT_3D('',#1193,#1194,#1195);
#1193 = CARTESIAN_POINT('',(325.225,106.24999934641,5.));
#1194 = DIRECTION('',(0.,0.,1.));
#1195 = DIRECTION('',(1.,0.,0.));
#1196 = ORIENTED_EDGE('',*,*,#1197,.F.);
#1197 = EDGE_CURVE('',#1198,#1189,#1200,.T.);
#1198 = VERTEX_POINT('',#1199);
#1199 = CARTESIAN_POINT('',(251.025,105.24999934641,5.));
#1200 = LINE('',#1201,#1202);
#1201 = CARTESIAN_POINT('',(251.025,105.24999934641,5.));
#1202 = VECTOR('',#1203,1.);
#1203 = DIRECTION('',(1.,0.,0.));
#1204 = ORIENTED_EDGE('',*,*,#1205,.F.);
#1205 = EDGE_CURVE('',#1147,#1198,#1206,.T.);
#1206 = CIRCLE('',#1207,1.);
#1207 = AXIS2_PLACEMENT_3D('',#1208,#1209,#1210);
#1208 = CARTESIAN_POINT('',(251.025,106.24999934641,5.));
#1209 = DIRECTION('',(0.,0.,1.));
#1210 = DIRECTION('',(1.,0.,0.));
#1211 = FACE_BOUND('',#1212,.T.);
#1212 = EDGE_LOOP('',(#1213,#1224,#1232,#1241));
#1213 = ORIENTED_EDGE('',*,*,#1214,.F.);
#1214 = EDGE_CURVE('',#1215,#1217,#1219,.T.);
#1215 = VERTEX_POINT('',#1216);
#1216 = CARTESIAN_POINT('',(330.4875,110.775,5.));
#1217 = VERTEX_POINT('',#1218);
#1218 = CARTESIAN_POINT('',(331.4875,110.775,5.));
#1219 = CIRCLE('',#1220,0.5);
#1220 = AXIS2_PLACEMENT_3D('',#1221,#1222,#1223);
#1221 = CARTESIAN_POINT('',(330.9875,110.775,5.));
#1222 = DIRECTION('',(0.,0.,1.));
#1223 = DIRECTION('',(1.,0.,0.));
#1224 = ORIENTED_EDGE('',*,*,#1225,.T.);
#1225 = EDGE_CURVE('',#1215,#1226,#1228,.T.);
#1226 = VERTEX_POINT('',#1227);
#1227 = CARTESIAN_POINT('',(330.4875,118.775,5.));
#1228 = LINE('',#1229,#1230);
#1229 = CARTESIAN_POINT('',(330.4875,110.775,5.));
#1230 = VECTOR('',#1231,1.);
#1231 = DIRECTION('',(0.,1.,0.));
#1232 = ORIENTED_EDGE('',*,*,#1233,.F.);
#1233 = EDGE_CURVE('',#1234,#1226,#1236,.T.);
#1234 = VERTEX_POINT('',#1235);
#1235 = CARTESIAN_POINT('',(331.4875,118.775,5.));
#1236 = CIRCLE('',#1237,0.5);
#1237 = AXIS2_PLACEMENT_3D('',#1238,#1239,#1240);
#1238 = CARTESIAN_POINT('',(330.9875,118.775,5.));
#1239 = DIRECTION('',(0.,0.,1.));
#1240 = DIRECTION('',(1.,0.,0.));
#1241 = ORIENTED_EDGE('',*,*,#1242,.F.);
#1242 = EDGE_CURVE('',#1217,#1234,#1243,.T.);
#1243 = LINE('',#1244,#1245);
#1244 = CARTESIAN_POINT('',(331.4875,110.775,5.));
#1245 = VECTOR('',#1246,1.);
#1246 = DIRECTION('',(0.,1.,0.));
#1247 = FACE_BOUND('',#1248,.T.);
#1248 = EDGE_LOOP('',(#1249,#1259,#1268,#1276,#1285,#1293,#1302,#1310));
#1249 = ORIENTED_EDGE('',*,*,#1250,.F.);
#1250 = EDGE_CURVE('',#1251,#1253,#1255,.T.);
#1251 = VERTEX_POINT('',#1252);
#1252 = CARTESIAN_POINT('',(335.75,123.29999934641,5.));
#1253 = VERTEX_POINT('',#1254);
#1254 = CARTESIAN_POINT('',(335.75,106.24999934641,5.));
#1255 = LINE('',#1256,#1257);
#1256 = CARTESIAN_POINT('',(335.75,123.29999934641,5.));
#1257 = VECTOR('',#1258,1.);
#1258 = DIRECTION('',(0.,-1.,0.));
#1259 = ORIENTED_EDGE('',*,*,#1260,.F.);
#1260 = EDGE_CURVE('',#1261,#1251,#1263,.T.);
#1261 = VERTEX_POINT('',#1262);
#1262 = CARTESIAN_POINT('',(336.75,124.29999934641,5.));
#1263 = CIRCLE('',#1264,1.);
#1264 = AXIS2_PLACEMENT_3D('',#1265,#1266,#1267);
#1265 = CARTESIAN_POINT('',(336.75,123.29999934641,5.));
#1266 = DIRECTION('',(0.,0.,1.));
#1267 = DIRECTION('',(1.,0.,0.));
#1268 = ORIENTED_EDGE('',*,*,#1269,.F.);
#1269 = EDGE_CURVE('',#1270,#1261,#1272,.T.);
#1270 = VERTEX_POINT('',#1271);
#1271 = CARTESIAN_POINT('',(353.8,124.29999934641,5.));
#1272 = LINE('',#1273,#1274);
#1273 = CARTESIAN_POINT('',(353.8,124.29999934641,5.));
#1274 = VECTOR('',#1275,1.);
#1275 = DIRECTION('',(-1.,0.,0.));
#1276 = ORIENTED_EDGE('',*,*,#1277,.F.);
#1277 = EDGE_CURVE('',#1278,#1270,#1280,.T.);
#1278 = VERTEX_POINT('',#1279);
#1279 = CARTESIAN_POINT('',(354.8,123.29999934641,5.));
#1280 = CIRCLE('',#1281,1.);
#1281 = AXIS2_PLACEMENT_3D('',#1282,#1283,#1284);
#1282 = CARTESIAN_POINT('',(353.8,123.29999934641,5.));
#1283 = DIRECTION('',(0.,0.,1.));
#1284 = DIRECTION('',(1.,0.,0.));
#1285 = ORIENTED_EDGE('',*,*,#1286,.F.);
#1286 = EDGE_CURVE('',#1287,#1278,#1289,.T.);
#1287 = VERTEX_POINT('',#1288);
#1288 = CARTESIAN_POINT('',(354.8,106.24999934641,5.));
#1289 = LINE('',#1290,#1291);
#1290 = CARTESIAN_POINT('',(354.8,106.24999934641,5.));
#1291 = VECTOR('',#1292,1.);
#1292 = DIRECTION('',(0.,1.,0.));
#1293 = ORIENTED_EDGE('',*,*,#1294,.F.);
#1294 = EDGE_CURVE('',#1295,#1287,#1297,.T.);
#1295 = VERTEX_POINT('',#1296);
#1296 = CARTESIAN_POINT('',(353.8,105.24999934641,5.));
#1297 = CIRCLE('',#1298,1.);
#1298 = AXIS2_PLACEMENT_3D('',#1299,#1300,#1301);
#1299 = CARTESIAN_POINT('',(353.8,106.24999934641,5.));
#1300 = DIRECTION('',(0.,0.,1.));
#1301 = DIRECTION('',(1.,0.,0.));
#1302 = ORIENTED_EDGE('',*,*,#1303,.F.);
#1303 = EDGE_CURVE('',#1304,#1295,#1306,.T.);
#1304 = VERTEX_POINT('',#1305);
#1305 = CARTESIAN_POINT('',(336.75,105.24999934641,5.));
#1306 = LINE('',#1307,#1308);
#1307 = CARTESIAN_POINT('',(336.75,105.24999934641,5.));
#1308 = VECTOR('',#1309,1.);
#1309 = DIRECTION('',(1.,0.,0.));
#1310 = ORIENTED_EDGE('',*,*,#1311,.F.);
#1311 = EDGE_CURVE('',#1253,#1304,#1312,.T.);
#1312 = CIRCLE('',#1313,1.);
#1313 = AXIS2_PLACEMENT_3D('',#1314,#1315,#1316);
#1314 = CARTESIAN_POINT('',(336.75,106.24999934641,5.));
#1315 = DIRECTION('',(0.,0.,1.));
#1316 = DIRECTION('',(1.,0.,0.));
#1317 = PLANE('',#1318);
#1318 = AXIS2_PLACEMENT_3D('',#1319,#1320,#1321);
#1319 = CARTESIAN_POINT('',(179.9,64.65,5.));
#1320 = DIRECTION('',(0.,0.,1.));
#1321 = DIRECTION('',(1.,0.,0.));
#1322 = ADVANCED_FACE('',(#1323),#1348,.F.);
#1323 = FACE_BOUND('',#1324,.F.);
#1324 = EDGE_LOOP('',(#1325,#1326,#1334,#1342));
#1325 = ORIENTED_EDGE('',*,*,#188,.F.);
#1326 = ORIENTED_EDGE('',*,*,#1327,.T.);
#1327 = EDGE_CURVE('',#180,#1328,#1330,.T.);
#1328 = VERTEX_POINT('',#1329);
#1329 = CARTESIAN_POINT('',(353.8,129.3,3.5));
#1330 = LINE('',#1331,#1332);
#1331 = CARTESIAN_POINT('',(6.,129.3,3.5));
#1332 = VECTOR('',#1333,1.);
#1333 = DIRECTION('',(1.,0.,0.));
#1334 = ORIENTED_EDGE('',*,*,#1335,.T.);
#1335 = EDGE_CURVE('',#1328,#1336,#1338,.T.);
#1336 = VERTEX_POINT('',#1337);
#1337 = CARTESIAN_POINT('',(353.8,129.3,4.5));
#1338 = LINE('',#1339,#1340);
#1339 = CARTESIAN_POINT('',(353.8,129.3,0.));
#1340 = VECTOR('',#1341,1.);
#1341 = DIRECTION('',(0.,0.,1.));
#1342 = ORIENTED_EDGE('',*,*,#1343,.T.);
#1343 = EDGE_CURVE('',#1336,#189,#1344,.T.);
#1344 = LINE('',#1345,#1346);
#1345 = CARTESIAN_POINT('',(353.8,129.3,4.5));
#1346 = VECTOR('',#1347,1.);
#1347 = DIRECTION('',(-1.,0.,0.));
#1348 = PLANE('',#1349);
#1349 = AXIS2_PLACEMENT_3D('',#1350,#1351,#1352);
#1350 = CARTESIAN_POINT('',(353.8,129.3,0.));
#1351 = DIRECTION('',(0.,-1.,0.));
#1352 = DIRECTION('',(-1.,0.,0.));
#1353 = ADVANCED_FACE('',(#1354),#1381,.T.);
#1354 = FACE_BOUND('',#1355,.F.);
#1355 = EDGE_LOOP('',(#1356,#1366,#1373,#1374));
#1356 = ORIENTED_EDGE('',*,*,#1357,.F.);
#1357 = EDGE_CURVE('',#1358,#1360,#1362,.T.);
#1358 = VERTEX_POINT('',#1359);
#1359 = CARTESIAN_POINT('',(359.8,6.,3.5));
#1360 = VERTEX_POINT('',#1361);
#1361 = CARTESIAN_POINT('',(359.8,6.,4.5));
#1362 = LINE('',#1363,#1364);
#1363 = CARTESIAN_POINT('',(359.8,6.,0.));
#1364 = VECTOR('',#1365,1.);
#1365 = DIRECTION('',(0.,0.,1.));
#1366 = ORIENTED_EDGE('',*,*,#1367,.T.);
#1367 = EDGE_CURVE('',#1358,#212,#1368,.T.);
#1368 = CIRCLE('',#1369,6.);
#1369 = AXIS2_PLACEMENT_3D('',#1370,#1371,#1372);
#1370 = CARTESIAN_POINT('',(353.8,6.,3.5));
#1371 = DIRECTION('',(0.,-0.,-1.));
#1372 = DIRECTION('',(1.,-4.974E-14,0.));
#1373 = ORIENTED_EDGE('',*,*,#211,.T.);
#1374 = ORIENTED_EDGE('',*,*,#1375,.T.);
#1375 = EDGE_CURVE('',#214,#1360,#1376,.T.);
#1376 = CIRCLE('',#1377,6.);
#1377 = AXIS2_PLACEMENT_3D('',#1378,#1379,#1380);
#1378 = CARTESIAN_POINT('',(353.8,6.,4.5));
#1379 = DIRECTION('',(-0.,0.,1.));
#1380 = DIRECTION('',(0.,-1.,0.));
#1381 = CYLINDRICAL_SURFACE('',#1382,6.);
#1382 = AXIS2_PLACEMENT_3D('',#1383,#1384,#1385);
#1383 = CARTESIAN_POINT('',(353.8,6.,0.));
#1384 = DIRECTION('',(-0.,-0.,-1.));
#1385 = DIRECTION('',(1.,0.,0.));
#1386 = ADVANCED_FACE('',(#1387),#1399,.T.);
#1387 = FACE_BOUND('',#1388,.T.);
#1388 = EDGE_LOOP('',(#1389,#1396,#1397,#1398));
#1389 = ORIENTED_EDGE('',*,*,#1390,.T.);
#1390 = EDGE_CURVE('',#314,#212,#1391,.T.);
#1391 = CIRCLE('',#1392,0.5);
#1392 = AXIS2_PLACEMENT_3D('',#1393,#1394,#1395);
#1393 = CARTESIAN_POINT('',(353.8,0.5,3.5));
#1394 = DIRECTION('',(-1.,8.3E-16,0.));
#1395 = DIRECTION('',(-8.3E-16,-1.,0.));
#1396 = ORIENTED_EDGE('',*,*,#221,.T.);
#1397 = ORIENTED_EDGE('',*,*,#242,.F.);
#1398 = ORIENTED_EDGE('',*,*,#313,.F.);
#1399 = CYLINDRICAL_SURFACE('',#1400,0.5);
#1400 = AXIS2_PLACEMENT_3D('',#1401,#1402,#1403);
#1401 = CARTESIAN_POINT('',(353.8,0.5,3.5));
#1402 = DIRECTION('',(-1.,0.,0.));
#1403 = DIRECTION('',(0.,0.,-1.));
#1404 = ADVANCED_FACE('',(#1405),#1417,.T.);
#1405 = FACE_BOUND('',#1406,.F.);
#1406 = EDGE_LOOP('',(#1407,#1408,#1409,#1416));
#1407 = ORIENTED_EDGE('',*,*,#270,.T.);
#1408 = ORIENTED_EDGE('',*,*,#467,.T.);
#1409 = ORIENTED_EDGE('',*,*,#1410,.F.);
#1410 = EDGE_CURVE('',#214,#468,#1411,.T.);
#1411 = CIRCLE('',#1412,0.5);
#1412 = AXIS2_PLACEMENT_3D('',#1413,#1414,#1415);
#1413 = CARTESIAN_POINT('',(353.8,0.5,4.5));
#1414 = DIRECTION('',(-1.,0.,0.));
#1415 = DIRECTION('',(0.,-1.,0.));
#1416 = ORIENTED_EDGE('',*,*,#228,.F.);
#1417 = CYLINDRICAL_SURFACE('',#1418,0.5);
#1418 = AXIS2_PLACEMENT_3D('',#1419,#1420,#1421);
#1419 = CARTESIAN_POINT('',(6.,0.5,4.5));
#1420 = DIRECTION('',(1.,0.,0.));
#1421 = DIRECTION('',(0.,-1.,0.));
#1422 = ADVANCED_FACE('',(#1423),#1435,.T.);
#1423 = FACE_BOUND('',#1424,.T.);
#1424 = EDGE_LOOP('',(#1425,#1426,#1427,#1434));
#1425 = ORIENTED_EDGE('',*,*,#425,.T.);
#1426 = ORIENTED_EDGE('',*,*,#1327,.T.);
#1427 = ORIENTED_EDGE('',*,*,#1428,.F.);
#1428 = EDGE_CURVE('',#297,#1328,#1429,.T.);
#1429 = CIRCLE('',#1430,0.5);
#1430 = AXIS2_PLACEMENT_3D('',#1431,#1432,#1433);
#1431 = CARTESIAN_POINT('',(353.8,128.8,3.5));
#1432 = DIRECTION('',(1.,-0.,0.));
#1433 = DIRECTION('',(0.,0.,-1.));
#1434 = ORIENTED_EDGE('',*,*,#294,.F.);
#1435 = CYLINDRICAL_SURFACE('',#1436,0.5);
#1436 = AXIS2_PLACEMENT_3D('',#1437,#1438,#1439);
#1437 = CARTESIAN_POINT('',(6.,128.8,3.5));
#1438 = DIRECTION('',(1.,0.,0.));
#1439 = DIRECTION('',(0.,0.,-1.));
#1440 = ADVANCED_FACE('',(#1441),#1461,.T.);
#1441 = FACE_BOUND('',#1442,.F.);
#1442 = EDGE_LOOP('',(#1443,#1444,#1445,#1454));
#1443 = ORIENTED_EDGE('',*,*,#1428,.F.);
#1444 = ORIENTED_EDGE('',*,*,#338,.T.);
#1445 = ORIENTED_EDGE('',*,*,#1446,.T.);
#1446 = EDGE_CURVE('',#331,#1447,#1449,.T.);
#1447 = VERTEX_POINT('',#1448);
#1448 = CARTESIAN_POINT('',(359.8,123.3,3.5));
#1449 = CIRCLE('',#1450,0.5);
#1450 = AXIS2_PLACEMENT_3D('',#1451,#1452,#1453);
#1451 = CARTESIAN_POINT('',(359.3,123.3,3.5));
#1452 = DIRECTION('',(-1.E-17,-1.,0.));
#1453 = DIRECTION('',(1.,-1.E-17,0.));
#1454 = ORIENTED_EDGE('',*,*,#1455,.F.);
#1455 = EDGE_CURVE('',#1328,#1447,#1456,.T.);
#1456 = CIRCLE('',#1457,6.);
#1457 = AXIS2_PLACEMENT_3D('',#1458,#1459,#1460);
#1458 = CARTESIAN_POINT('',(353.8,123.3,3.5));
#1459 = DIRECTION('',(0.,0.,-1.));
#1460 = DIRECTION('',(4.737E-14,1.,0.));
#1461 = TOROIDAL_SURFACE('',#1462,5.5,0.5);
#1462 = AXIS2_PLACEMENT_3D('',#1463,#1464,#1465);
#1463 = CARTESIAN_POINT('',(353.8,123.3,3.5));
#1464 = DIRECTION('',(0.,0.,1.));
#1465 = DIRECTION('',(4.737E-14,1.,0.));
#1466 = ADVANCED_FACE('',(#1467),#1484,.T.);
#1467 = FACE_BOUND('',#1468,.T.);
#1468 = EDGE_LOOP('',(#1469,#1470,#1476,#1483));
#1469 = ORIENTED_EDGE('',*,*,#1446,.T.);
#1470 = ORIENTED_EDGE('',*,*,#1471,.T.);
#1471 = EDGE_CURVE('',#1447,#1358,#1472,.T.);
#1472 = LINE('',#1473,#1474);
#1473 = CARTESIAN_POINT('',(359.8,123.3,3.5));
#1474 = VECTOR('',#1475,1.);
#1475 = DIRECTION('',(0.,-1.,0.));
#1476 = ORIENTED_EDGE('',*,*,#1477,.F.);
#1477 = EDGE_CURVE('',#322,#1358,#1478,.T.);
#1478 = CIRCLE('',#1479,0.5);
#1479 = AXIS2_PLACEMENT_3D('',#1480,#1481,#1482);
#1480 = CARTESIAN_POINT('',(359.3,6.,3.5));
#1481 = DIRECTION('',(0.,-1.,0.));
#1482 = DIRECTION('',(-0.,-0.,-1.));
#1483 = ORIENTED_EDGE('',*,*,#330,.F.);
#1484 = CYLINDRICAL_SURFACE('',#1485,0.5);
#1485 = AXIS2_PLACEMENT_3D('',#1486,#1487,#1488);
#1486 = CARTESIAN_POINT('',(359.3,123.3,3.5));
#1487 = DIRECTION('',(0.,-1.,0.));
#1488 = DIRECTION('',(-0.,-0.,-1.));
#1489 = ADVANCED_FACE('',(#1490),#1496,.T.);
#1490 = FACE_BOUND('',#1491,.F.);
#1491 = EDGE_LOOP('',(#1492,#1493,#1494,#1495));
#1492 = ORIENTED_EDGE('',*,*,#1477,.F.);
#1493 = ORIENTED_EDGE('',*,*,#321,.T.);
#1494 = ORIENTED_EDGE('',*,*,#1390,.T.);
#1495 = ORIENTED_EDGE('',*,*,#1367,.F.);
#1496 = TOROIDAL_SURFACE('',#1497,5.5,0.5);
#1497 = AXIS2_PLACEMENT_3D('',#1498,#1499,#1500);
#1498 = CARTESIAN_POINT('',(353.8,6.,3.5));
#1499 = DIRECTION('',(0.,0.,1.));
#1500 = DIRECTION('',(1.,-4.974E-14,0.));
#1501 = ADVANCED_FACE('',(#1502),#1527,.T.);
#1502 = FACE_BOUND('',#1503,.T.);
#1503 = EDGE_LOOP('',(#1504,#1512,#1513,#1521));
#1504 = ORIENTED_EDGE('',*,*,#1505,.T.);
#1505 = EDGE_CURVE('',#1506,#348,#1508,.T.);
#1506 = VERTEX_POINT('',#1507);
#1507 = CARTESIAN_POINT('',(3.1,6.,0.5));
#1508 = LINE('',#1509,#1510);
#1509 = CARTESIAN_POINT('',(3.1,6.,0.));
#1510 = VECTOR('',#1511,1.);
#1511 = DIRECTION('',(0.,0.,1.));
#1512 = ORIENTED_EDGE('',*,*,#347,.T.);
#1513 = ORIENTED_EDGE('',*,*,#1514,.F.);
#1514 = EDGE_CURVE('',#1515,#350,#1517,.T.);
#1515 = VERTEX_POINT('',#1516);
#1516 = CARTESIAN_POINT('',(3.1,123.3,0.5));
#1517 = LINE('',#1518,#1519);
#1518 = CARTESIAN_POINT('',(3.1,123.3,0.));
#1519 = VECTOR('',#1520,1.);
#1520 = DIRECTION('',(0.,0.,1.));
#1521 = ORIENTED_EDGE('',*,*,#1522,.F.);
#1522 = EDGE_CURVE('',#1506,#1515,#1523,.T.);
#1523 = LINE('',#1524,#1525);
#1524 = CARTESIAN_POINT('',(3.1,6.,0.5));
#1525 = VECTOR('',#1526,1.);
#1526 = DIRECTION('',(0.,1.,0.));
#1527 = PLANE('',#1528);
#1528 = AXIS2_PLACEMENT_3D('',#1529,#1530,#1531);
#1529 = CARTESIAN_POINT('',(3.1,6.,0.));
#1530 = DIRECTION('',(-1.,0.,0.));
#1531 = DIRECTION('',(0.,1.,0.));
#1532 = ADVANCED_FACE('',(#1533),#1552,.T.);
#1533 = FACE_BOUND('',#1534,.T.);
#1534 = EDGE_LOOP('',(#1535,#1536,#1537,#1545));
#1535 = ORIENTED_EDGE('',*,*,#1514,.T.);
#1536 = ORIENTED_EDGE('',*,*,#357,.T.);
#1537 = ORIENTED_EDGE('',*,*,#1538,.F.);
#1538 = EDGE_CURVE('',#1539,#358,#1541,.T.);
#1539 = VERTEX_POINT('',#1540);
#1540 = CARTESIAN_POINT('',(5.999999999914,126.2,0.5));
#1541 = LINE('',#1542,#1543);
#1542 = CARTESIAN_POINT('',(5.999999999914,126.2,0.));
#1543 = VECTOR('',#1544,1.);
#1544 = DIRECTION('',(0.,0.,1.));
#1545 = ORIENTED_EDGE('',*,*,#1546,.F.);
#1546 = EDGE_CURVE('',#1515,#1539,#1547,.T.);
#1547 = CIRCLE('',#1548,2.9);
#1548 = AXIS2_PLACEMENT_3D('',#1549,#1550,#1551);
#1549 = CARTESIAN_POINT('',(6.,123.3,0.5));
#1550 = DIRECTION('',(0.,0.,-1.));
#1551 = DIRECTION('',(-1.,0.,0.));
#1552 = CYLINDRICAL_SURFACE('',#1553,2.9);
#1553 = AXIS2_PLACEMENT_3D('',#1554,#1555,#1556);
#1554 = CARTESIAN_POINT('',(6.,123.3,0.));
#1555 = DIRECTION('',(0.,0.,-1.));
#1556 = DIRECTION('',(1.,0.,0.));
#1557 = ADVANCED_FACE('',(#1558),#1576,.T.);
#1558 = FACE_BOUND('',#1559,.T.);
#1559 = EDGE_LOOP('',(#1560,#1561,#1562,#1570));
#1560 = ORIENTED_EDGE('',*,*,#1538,.T.);
#1561 = ORIENTED_EDGE('',*,*,#366,.T.);
#1562 = ORIENTED_EDGE('',*,*,#1563,.F.);
#1563 = EDGE_CURVE('',#1564,#367,#1566,.T.);
#1564 = VERTEX_POINT('',#1565);
#1565 = CARTESIAN_POINT('',(353.80000000008,126.2,0.5));
#1566 = LINE('',#1567,#1568);
#1567 = CARTESIAN_POINT('',(353.80000000008,126.2,0.));
#1568 = VECTOR('',#1569,1.);
#1569 = DIRECTION('',(0.,0.,1.));
#1570 = ORIENTED_EDGE('',*,*,#1571,.F.);
#1571 = EDGE_CURVE('',#1539,#1564,#1572,.T.);
#1572 = LINE('',#1573,#1574);
#1573 = CARTESIAN_POINT('',(5.999999999914,126.2,0.5));
#1574 = VECTOR('',#1575,1.);
#1575 = DIRECTION('',(1.,0.,0.));
#1576 = PLANE('',#1577);
#1577 = AXIS2_PLACEMENT_3D('',#1578,#1579,#1580);
#1578 = CARTESIAN_POINT('',(5.999999999914,126.2,0.));
#1579 = DIRECTION('',(0.,1.,0.));
#1580 = DIRECTION('',(1.,0.,0.));
#1581 = ADVANCED_FACE('',(#1582),#1601,.T.);
#1582 = FACE_BOUND('',#1583,.T.);
#1583 = EDGE_LOOP('',(#1584,#1585,#1586,#1594));
#1584 = ORIENTED_EDGE('',*,*,#1563,.T.);
#1585 = ORIENTED_EDGE('',*,*,#374,.T.);
#1586 = ORIENTED_EDGE('',*,*,#1587,.F.);
#1587 = EDGE_CURVE('',#1588,#375,#1590,.T.);
#1588 = VERTEX_POINT('',#1589);
#1589 = CARTESIAN_POINT('',(356.7,123.3,0.5));
#1590 = LINE('',#1591,#1592);
#1591 = CARTESIAN_POINT('',(356.7,123.3,0.));
#1592 = VECTOR('',#1593,1.);
#1593 = DIRECTION('',(0.,0.,1.));
#1594 = ORIENTED_EDGE('',*,*,#1595,.F.);
#1595 = EDGE_CURVE('',#1564,#1588,#1596,.T.);
#1596 = CIRCLE('',#1597,2.9);
#1597 = AXIS2_PLACEMENT_3D('',#1598,#1599,#1600);
#1598 = CARTESIAN_POINT('',(353.8,123.3,0.5));
#1599 = DIRECTION('',(0.,0.,-1.));
#1600 = DIRECTION('',(2.967618E-11,1.,0.));
#1601 = CYLINDRICAL_SURFACE('',#1602,2.9);
#1602 = AXIS2_PLACEMENT_3D('',#1603,#1604,#1605);
#1603 = CARTESIAN_POINT('',(353.8,123.3,0.));
#1604 = DIRECTION('',(0.,0.,-1.));
#1605 = DIRECTION('',(1.,0.,0.));
#1606 = ADVANCED_FACE('',(#1607),#1625,.T.);
#1607 = FACE_BOUND('',#1608,.T.);
#1608 = EDGE_LOOP('',(#1609,#1610,#1611,#1619));
#1609 = ORIENTED_EDGE('',*,*,#1587,.T.);
#1610 = ORIENTED_EDGE('',*,*,#383,.T.);
#1611 = ORIENTED_EDGE('',*,*,#1612,.F.);
#1612 = EDGE_CURVE('',#1613,#384,#1615,.T.);
#1613 = VERTEX_POINT('',#1614);
#1614 = CARTESIAN_POINT('',(356.7,6.,0.5));
#1615 = LINE('',#1616,#1617);
#1616 = CARTESIAN_POINT('',(356.7,6.,0.));
#1617 = VECTOR('',#1618,1.);
#1618 = DIRECTION('',(0.,0.,1.));
#1619 = ORIENTED_EDGE('',*,*,#1620,.F.);
#1620 = EDGE_CURVE('',#1588,#1613,#1621,.T.);
#1621 = LINE('',#1622,#1623);
#1622 = CARTESIAN_POINT('',(356.7,123.3,0.5));
#1623 = VECTOR('',#1624,1.);
#1624 = DIRECTION('',(0.,-1.,0.));
#1625 = PLANE('',#1626);
#1626 = AXIS2_PLACEMENT_3D('',#1627,#1628,#1629);
#1627 = CARTESIAN_POINT('',(356.7,123.3,0.));
#1628 = DIRECTION('',(1.,0.,0.));
#1629 = DIRECTION('',(0.,-1.,0.));
#1630 = ADVANCED_FACE('',(#1631),#1650,.T.);
#1631 = FACE_BOUND('',#1632,.T.);
#1632 = EDGE_LOOP('',(#1633,#1634,#1635,#1643));
#1633 = ORIENTED_EDGE('',*,*,#1612,.T.);
#1634 = ORIENTED_EDGE('',*,*,#391,.T.);
#1635 = ORIENTED_EDGE('',*,*,#1636,.F.);
#1636 = EDGE_CURVE('',#1637,#392,#1639,.T.);
#1637 = VERTEX_POINT('',#1638);
#1638 = CARTESIAN_POINT('',(353.80000000008,3.1,0.5));
#1639 = LINE('',#1640,#1641);
#1640 = CARTESIAN_POINT('',(353.80000000008,3.1,0.));
#1641 = VECTOR('',#1642,1.);
#1642 = DIRECTION('',(0.,0.,1.));
#1643 = ORIENTED_EDGE('',*,*,#1644,.F.);
#1644 = EDGE_CURVE('',#1613,#1637,#1645,.T.);
#1645 = CIRCLE('',#1646,2.9);
#1646 = AXIS2_PLACEMENT_3D('',#1647,#1648,#1649);
#1647 = CARTESIAN_POINT('',(353.8,6.,0.5));
#1648 = DIRECTION('',(0.,0.,-1.));
#1649 = DIRECTION('',(1.,0.,0.));
#1650 = CYLINDRICAL_SURFACE('',#1651,2.9);
#1651 = AXIS2_PLACEMENT_3D('',#1652,#1653,#1654);
#1652 = CARTESIAN_POINT('',(353.8,6.,0.));
#1653 = DIRECTION('',(0.,0.,-1.));
#1654 = DIRECTION('',(1.,0.,0.));
#1655 = ADVANCED_FACE('',(#1656),#1674,.T.);
#1656 = FACE_BOUND('',#1657,.T.);
#1657 = EDGE_LOOP('',(#1658,#1659,#1660,#1668));
#1658 = ORIENTED_EDGE('',*,*,#1636,.T.);
#1659 = ORIENTED_EDGE('',*,*,#400,.T.);
#1660 = ORIENTED_EDGE('',*,*,#1661,.F.);
#1661 = EDGE_CURVE('',#1662,#401,#1664,.T.);
#1662 = VERTEX_POINT('',#1663);
#1663 = CARTESIAN_POINT('',(5.999999999914,3.1,0.5));
#1664 = LINE('',#1665,#1666);
#1665 = CARTESIAN_POINT('',(5.999999999914,3.1,0.));
#1666 = VECTOR('',#1667,1.);
#1667 = DIRECTION('',(0.,0.,1.));
#1668 = ORIENTED_EDGE('',*,*,#1669,.F.);
#1669 = EDGE_CURVE('',#1637,#1662,#1670,.T.);
#1670 = LINE('',#1671,#1672);
#1671 = CARTESIAN_POINT('',(353.80000000008,3.1,0.5));
#1672 = VECTOR('',#1673,1.);
#1673 = DIRECTION('',(-1.,0.,0.));
#1674 = PLANE('',#1675);
#1675 = AXIS2_PLACEMENT_3D('',#1676,#1677,#1678);
#1676 = CARTESIAN_POINT('',(353.80000000008,3.1,0.));
#1677 = DIRECTION('',(0.,-1.,0.));
#1678 = DIRECTION('',(-1.,0.,0.));
#1679 = ADVANCED_FACE('',(#1680),#1692,.T.);
#1680 = FACE_BOUND('',#1681,.T.);
#1681 = EDGE_LOOP('',(#1682,#1683,#1684,#1685));
#1682 = ORIENTED_EDGE('',*,*,#1661,.T.);
#1683 = ORIENTED_EDGE('',*,*,#408,.T.);
#1684 = ORIENTED_EDGE('',*,*,#1505,.F.);
#1685 = ORIENTED_EDGE('',*,*,#1686,.F.);
#1686 = EDGE_CURVE('',#1662,#1506,#1687,.T.);
#1687 = CIRCLE('',#1688,2.9);
#1688 = AXIS2_PLACEMENT_3D('',#1689,#1690,#1691);
#1689 = CARTESIAN_POINT('',(6.,6.,0.5));
#1690 = DIRECTION('',(-0.,0.,-1.));
#1691 = DIRECTION('',(-2.966945E-11,-1.,0.));
#1692 = CYLINDRICAL_SURFACE('',#1693,2.9);
#1693 = AXIS2_PLACEMENT_3D('',#1694,#1695,#1696);
#1694 = CARTESIAN_POINT('',(6.,6.,0.));
#1695 = DIRECTION('',(0.,0.,-1.));
#1696 = DIRECTION('',(1.,0.,0.));
#1697 = ADVANCED_FACE('',(#1698),#1710,.T.);
#1698 = FACE_BOUND('',#1699,.F.);
#1699 = EDGE_LOOP('',(#1700,#1707,#1708,#1709));
#1700 = ORIENTED_EDGE('',*,*,#1701,.T.);
#1701 = EDGE_CURVE('',#1336,#493,#1702,.T.);
#1702 = CIRCLE('',#1703,0.5);
#1703 = AXIS2_PLACEMENT_3D('',#1704,#1705,#1706);
#1704 = CARTESIAN_POINT('',(353.8,128.8,4.5));
#1705 = DIRECTION('',(1.,-7.3E-16,0.));
#1706 = DIRECTION('',(7.3E-16,1.,0.));
#1707 = ORIENTED_EDGE('',*,*,#501,.T.);
#1708 = ORIENTED_EDGE('',*,*,#441,.F.);
#1709 = ORIENTED_EDGE('',*,*,#1343,.F.);
#1710 = CYLINDRICAL_SURFACE('',#1711,0.5);
#1711 = AXIS2_PLACEMENT_3D('',#1712,#1713,#1714);
#1712 = CARTESIAN_POINT('',(353.8,128.8,4.5));
#1713 = DIRECTION('',(-1.,0.,0.));
#1714 = DIRECTION('',(0.,1.,0.));
#1715 = ADVANCED_FACE('',(#1716),#1728,.T.);
#1716 = FACE_BOUND('',#1717,.T.);
#1717 = EDGE_LOOP('',(#1718,#1719,#1720,#1727));
#1718 = ORIENTED_EDGE('',*,*,#1410,.F.);
#1719 = ORIENTED_EDGE('',*,*,#1375,.T.);
#1720 = ORIENTED_EDGE('',*,*,#1721,.T.);
#1721 = EDGE_CURVE('',#1360,#476,#1722,.T.);
#1722 = CIRCLE('',#1723,0.5);
#1723 = AXIS2_PLACEMENT_3D('',#1724,#1725,#1726);
#1724 = CARTESIAN_POINT('',(359.3,6.,4.5));
#1725 = DIRECTION('',(-6.E-17,-1.,0.));
#1726 = DIRECTION('',(1.,-6.E-17,0.));
#1727 = ORIENTED_EDGE('',*,*,#475,.F.);
#1728 = TOROIDAL_SURFACE('',#1729,5.5,0.5);
#1729 = AXIS2_PLACEMENT_3D('',#1730,#1731,#1732);
#1730 = CARTESIAN_POINT('',(353.8,6.,4.5));
#1731 = DIRECTION('',(0.,0.,1.));
#1732 = DIRECTION('',(0.,-1.,0.));
#1733 = ADVANCED_FACE('',(#1734),#1753,.T.);
#1734 = FACE_BOUND('',#1735,.F.);
#1735 = EDGE_LOOP('',(#1736,#1737,#1738,#1747));
#1736 = ORIENTED_EDGE('',*,*,#1721,.T.);
#1737 = ORIENTED_EDGE('',*,*,#484,.T.);
#1738 = ORIENTED_EDGE('',*,*,#1739,.F.);
#1739 = EDGE_CURVE('',#1740,#485,#1742,.T.);
#1740 = VERTEX_POINT('',#1741);
#1741 = CARTESIAN_POINT('',(359.8,123.3,4.5));
#1742 = CIRCLE('',#1743,0.5);
#1743 = AXIS2_PLACEMENT_3D('',#1744,#1745,#1746);
#1744 = CARTESIAN_POINT('',(359.3,123.3,4.5));
#1745 = DIRECTION('',(0.,-1.,0.));
#1746 = DIRECTION('',(1.,0.,0.));
#1747 = ORIENTED_EDGE('',*,*,#1748,.F.);
#1748 = EDGE_CURVE('',#1360,#1740,#1749,.T.);
#1749 = LINE('',#1750,#1751);
#1750 = CARTESIAN_POINT('',(359.8,6.,4.5));
#1751 = VECTOR('',#1752,1.);
#1752 = DIRECTION('',(0.,1.,0.));
#1753 = CYLINDRICAL_SURFACE('',#1754,0.5);
#1754 = AXIS2_PLACEMENT_3D('',#1755,#1756,#1757);
#1755 = CARTESIAN_POINT('',(359.3,6.,4.5));
#1756 = DIRECTION('',(0.,1.,0.));
#1757 = DIRECTION('',(1.,0.,0.));
#1758 = ADVANCED_FACE('',(#1759),#1771,.T.);
#1759 = FACE_BOUND('',#1760,.T.);
#1760 = EDGE_LOOP('',(#1761,#1762,#1769,#1770));
#1761 = ORIENTED_EDGE('',*,*,#1739,.F.);
#1762 = ORIENTED_EDGE('',*,*,#1763,.T.);
#1763 = EDGE_CURVE('',#1740,#1336,#1764,.T.);
#1764 = CIRCLE('',#1765,6.);
#1765 = AXIS2_PLACEMENT_3D('',#1766,#1767,#1768);
#1766 = CARTESIAN_POINT('',(353.8,123.3,4.5));
#1767 = DIRECTION('',(0.,0.,1.));
#1768 = DIRECTION('',(1.,0.,0.));
#1769 = ORIENTED_EDGE('',*,*,#1701,.T.);
#1770 = ORIENTED_EDGE('',*,*,#492,.F.);
#1771 = TOROIDAL_SURFACE('',#1772,5.5,0.5);
#1772 = AXIS2_PLACEMENT_3D('',#1773,#1774,#1775);
#1773 = CARTESIAN_POINT('',(353.8,123.3,4.5));
#1774 = DIRECTION('',(0.,0.,1.));
#1775 = DIRECTION('',(1.,0.,0.));
#1776 = ADVANCED_FACE('',(#1777),#1825,.T.);
#1777 = FACE_BOUND('',#1778,.T.);
#1778 = EDGE_LOOP('',(#1779,#1780,#1788,#1796,#1802,#1803,#1811,#1819));
#1779 = ORIENTED_EDGE('',*,*,#512,.T.);
#1780 = ORIENTED_EDGE('',*,*,#1781,.T.);
#1781 = EDGE_CURVE('',#515,#1782,#1784,.T.);
#1782 = VERTEX_POINT('',#1783);
#1783 = CARTESIAN_POINT('',(5.,6.,0.));
#1784 = LINE('',#1785,#1786);
#1785 = CARTESIAN_POINT('',(5.,6.,5.));
#1786 = VECTOR('',#1787,1.);
#1787 = DIRECTION('',(-0.,-0.,-1.));
#1788 = ORIENTED_EDGE('',*,*,#1789,.T.);
#1789 = EDGE_CURVE('',#1782,#1790,#1792,.T.);
#1790 = VERTEX_POINT('',#1791);
#1791 = CARTESIAN_POINT('',(5.,123.3,0.));
#1792 = LINE('',#1793,#1794);
#1793 = CARTESIAN_POINT('',(5.,6.,0.));
#1794 = VECTOR('',#1795,1.);
#1795 = DIRECTION('',(0.,1.,0.));
#1796 = ORIENTED_EDGE('',*,*,#1797,.T.);
#1797 = EDGE_CURVE('',#1790,#687,#1798,.T.);
#1798 = LINE('',#1799,#1800);
#1799 = CARTESIAN_POINT('',(5.,123.3,0.));
#1800 = VECTOR('',#1801,1.);
#1801 = DIRECTION('',(0.,0.,1.));
#1802 = ORIENTED_EDGE('',*,*,#686,.T.);
#1803 = ORIENTED_EDGE('',*,*,#1804,.T.);
#1804 = EDGE_CURVE('',#689,#1805,#1807,.T.);
#1805 = VERTEX_POINT('',#1806);
#1806 = CARTESIAN_POINT('',(5.,106.25,1.5));
#1807 = LINE('',#1808,#1809);
#1808 = CARTESIAN_POINT('',(5.,106.25,5.));
#1809 = VECTOR('',#1810,1.);
#1810 = DIRECTION('',(-0.,-0.,-1.));
#1811 = ORIENTED_EDGE('',*,*,#1812,.F.);
#1812 = EDGE_CURVE('',#1813,#1805,#1815,.T.);
#1813 = VERTEX_POINT('',#1814);
#1814 = CARTESIAN_POINT('',(5.,99.25,1.5));
#1815 = LINE('',#1816,#1817);
#1816 = CARTESIAN_POINT('',(5.,6.,1.5));
#1817 = VECTOR('',#1818,1.);
#1818 = DIRECTION('',(0.,1.,0.));
#1819 = ORIENTED_EDGE('',*,*,#1820,.F.);
#1820 = EDGE_CURVE('',#513,#1813,#1821,.T.);
#1821 = LINE('',#1822,#1823);
#1822 = CARTESIAN_POINT('',(5.,99.25,5.));
#1823 = VECTOR('',#1824,1.);
#1824 = DIRECTION('',(-0.,-0.,-1.));
#1825 = PLANE('',#1826);
#1826 = AXIS2_PLACEMENT_3D('',#1827,#1828,#1829);
#1827 = CARTESIAN_POINT('',(5.,65.710015898251,2.423489666137));
#1828 = DIRECTION('',(1.,0.,0.));
#1829 = DIRECTION('',(0.,0.,1.));
#1830 = ADVANCED_FACE('',(#1831),#1850,.F.);
#1831 = FACE_BOUND('',#1832,.F.);
#1832 = EDGE_LOOP('',(#1833,#1834,#1842,#1849));
#1833 = ORIENTED_EDGE('',*,*,#522,.F.);
#1834 = ORIENTED_EDGE('',*,*,#1835,.T.);
#1835 = EDGE_CURVE('',#523,#1836,#1838,.T.);
#1836 = VERTEX_POINT('',#1837);
#1837 = CARTESIAN_POINT('',(6.,100.25,1.5));
#1838 = LINE('',#1839,#1840);
#1839 = CARTESIAN_POINT('',(6.,100.25,5.));
#1840 = VECTOR('',#1841,1.);
#1841 = DIRECTION('',(-0.,-0.,-1.));
#1842 = ORIENTED_EDGE('',*,*,#1843,.T.);
#1843 = EDGE_CURVE('',#1836,#1813,#1844,.T.);
#1844 = CIRCLE('',#1845,1.);
#1845 = AXIS2_PLACEMENT_3D('',#1846,#1847,#1848);
#1846 = CARTESIAN_POINT('',(6.,99.25,1.5));
#1847 = DIRECTION('',(0.,0.,1.));
#1848 = DIRECTION('',(1.,0.,0.));
#1849 = ORIENTED_EDGE('',*,*,#1820,.F.);
#1850 = CYLINDRICAL_SURFACE('',#1851,1.);
#1851 = AXIS2_PLACEMENT_3D('',#1852,#1853,#1854);
#1852 = CARTESIAN_POINT('',(6.,99.25,5.));
#1853 = DIRECTION('',(0.,0.,1.));
#1854 = DIRECTION('',(1.,0.,0.));
#1855 = ADVANCED_FACE('',(#1856),#1875,.F.);
#1856 = FACE_BOUND('',#1857,.F.);
#1857 = EDGE_LOOP('',(#1858,#1859,#1860,#1869));
#1858 = ORIENTED_EDGE('',*,*,#573,.F.);
#1859 = ORIENTED_EDGE('',*,*,#1781,.T.);
#1860 = ORIENTED_EDGE('',*,*,#1861,.F.);
#1861 = EDGE_CURVE('',#1862,#1782,#1864,.T.);
#1862 = VERTEX_POINT('',#1863);
#1863 = CARTESIAN_POINT('',(6.,5.,0.));
#1864 = CIRCLE('',#1865,1.);
#1865 = AXIS2_PLACEMENT_3D('',#1866,#1867,#1868);
#1866 = CARTESIAN_POINT('',(6.,6.,0.));
#1867 = DIRECTION('',(0.,0.,-1.));
#1868 = DIRECTION('',(1.,0.,0.));
#1869 = ORIENTED_EDGE('',*,*,#1870,.T.);
#1870 = EDGE_CURVE('',#1862,#566,#1871,.T.);
#1871 = LINE('',#1872,#1873);
#1872 = CARTESIAN_POINT('',(6.,5.,0.));
#1873 = VECTOR('',#1874,1.);
#1874 = DIRECTION('',(0.,0.,1.));
#1875 = CYLINDRICAL_SURFACE('',#1876,1.);
#1876 = AXIS2_PLACEMENT_3D('',#1877,#1878,#1879);
#1877 = CARTESIAN_POINT('',(6.,6.,5.));
#1878 = DIRECTION('',(0.,0.,1.));
#1879 = DIRECTION('',(1.,0.,0.));
#1880 = ADVANCED_FACE('',(#1881),#1899,.F.);
#1881 = FACE_BOUND('',#1882,.F.);
#1882 = EDGE_LOOP('',(#1883,#1884,#1892,#1898));
#1883 = ORIENTED_EDGE('',*,*,#531,.F.);
#1884 = ORIENTED_EDGE('',*,*,#1885,.T.);
#1885 = EDGE_CURVE('',#532,#1886,#1888,.T.);
#1886 = VERTEX_POINT('',#1887);
#1887 = CARTESIAN_POINT('',(44.,100.25,1.5));
#1888 = LINE('',#1889,#1890);
#1889 = CARTESIAN_POINT('',(44.,100.25,5.));
#1890 = VECTOR('',#1891,1.);
#1891 = DIRECTION('',(-0.,-0.,-1.));
#1892 = ORIENTED_EDGE('',*,*,#1893,.F.);
#1893 = EDGE_CURVE('',#1836,#1886,#1894,.T.);
#1894 = LINE('',#1895,#1896);
#1895 = CARTESIAN_POINT('',(111.95,100.25,1.5));
#1896 = VECTOR('',#1897,1.);
#1897 = DIRECTION('',(1.,0.,0.));
#1898 = ORIENTED_EDGE('',*,*,#1835,.F.);
#1899 = PLANE('',#1900);
#1900 = AXIS2_PLACEMENT_3D('',#1901,#1902,#1903);
#1901 = CARTESIAN_POINT('',(44.,100.25,5.));
#1902 = DIRECTION('',(0.,1.,0.));
#1903 = DIRECTION('',(-1.,0.,0.));
#1904 = ADVANCED_FACE('',(#1905),#1946,.T.);
#1905 = FACE_BOUND('',#1906,.T.);
#1906 = EDGE_LOOP('',(#1907,#1908,#1916,#1924,#1930,#1931,#1939,#1945));
#1907 = ORIENTED_EDGE('',*,*,#565,.T.);
#1908 = ORIENTED_EDGE('',*,*,#1909,.T.);
#1909 = EDGE_CURVE('',#557,#1910,#1912,.T.);
#1910 = VERTEX_POINT('',#1911);
#1911 = CARTESIAN_POINT('',(44.,5.,1.5));
#1912 = LINE('',#1913,#1914);
#1913 = CARTESIAN_POINT('',(44.,5.,5.));
#1914 = VECTOR('',#1915,1.);
#1915 = DIRECTION('',(-0.,-0.,-1.));
#1916 = ORIENTED_EDGE('',*,*,#1917,.F.);
#1917 = EDGE_CURVE('',#1918,#1910,#1920,.T.);
#1918 = VERTEX_POINT('',#1919);
#1919 = CARTESIAN_POINT('',(51.,5.,1.5));
#1920 = LINE('',#1921,#1922);
#1921 = CARTESIAN_POINT('',(353.8,5.,1.5));
#1922 = VECTOR('',#1923,1.);
#1923 = DIRECTION('',(-1.,0.,0.));
#1924 = ORIENTED_EDGE('',*,*,#1925,.F.);
#1925 = EDGE_CURVE('',#662,#1918,#1926,.T.);
#1926 = LINE('',#1927,#1928);
#1927 = CARTESIAN_POINT('',(51.,5.,5.));
#1928 = VECTOR('',#1929,1.);
#1929 = DIRECTION('',(-0.,-0.,-1.));
#1930 = ORIENTED_EDGE('',*,*,#661,.T.);
#1931 = ORIENTED_EDGE('',*,*,#1932,.T.);
#1932 = EDGE_CURVE('',#653,#1933,#1935,.T.);
#1933 = VERTEX_POINT('',#1934);
#1934 = CARTESIAN_POINT('',(353.8,5.,0.));
#1935 = LINE('',#1936,#1937);
#1936 = CARTESIAN_POINT('',(353.8,5.,5.));
#1937 = VECTOR('',#1938,1.);
#1938 = DIRECTION('',(-0.,-0.,-1.));
#1939 = ORIENTED_EDGE('',*,*,#1940,.T.);
#1940 = EDGE_CURVE('',#1933,#1862,#1941,.T.);
#1941 = LINE('',#1942,#1943);
#1942 = CARTESIAN_POINT('',(353.8,5.,0.));
#1943 = VECTOR('',#1944,1.);
#1944 = DIRECTION('',(-1.,0.,0.));
#1945 = ORIENTED_EDGE('',*,*,#1870,.T.);
#1946 = PLANE('',#1947);
#1947 = AXIS2_PLACEMENT_3D('',#1948,#1949,#1950);
#1948 = CARTESIAN_POINT('',(178.59941060903,5.,2.472986247544));
#1949 = DIRECTION('',(0.,1.,0.));
#1950 = DIRECTION('',(0.,0.,1.));
#1951 = ADVANCED_FACE('',(#1952),#1971,.F.);
#1952 = FACE_BOUND('',#1953,.F.);
#1953 = EDGE_LOOP('',(#1954,#1955,#1963,#1970));
#1954 = ORIENTED_EDGE('',*,*,#539,.F.);
#1955 = ORIENTED_EDGE('',*,*,#1956,.T.);
#1956 = EDGE_CURVE('',#540,#1957,#1959,.T.);
#1957 = VERTEX_POINT('',#1958);
#1958 = CARTESIAN_POINT('',(45.,99.25,1.5));
#1959 = LINE('',#1960,#1961);
#1960 = CARTESIAN_POINT('',(45.,99.25,5.));
#1961 = VECTOR('',#1962,1.);
#1962 = DIRECTION('',(-0.,-0.,-1.));
#1963 = ORIENTED_EDGE('',*,*,#1964,.T.);
#1964 = EDGE_CURVE('',#1957,#1886,#1965,.T.);
#1965 = CIRCLE('',#1966,1.);
#1966 = AXIS2_PLACEMENT_3D('',#1967,#1968,#1969);
#1967 = CARTESIAN_POINT('',(44.,99.25,1.5));
#1968 = DIRECTION('',(0.,0.,1.));
#1969 = DIRECTION('',(1.,0.,0.));
#1970 = ORIENTED_EDGE('',*,*,#1885,.F.);
#1971 = CYLINDRICAL_SURFACE('',#1972,1.);
#1972 = AXIS2_PLACEMENT_3D('',#1973,#1974,#1975);
#1973 = CARTESIAN_POINT('',(44.,99.25,5.));
#1974 = DIRECTION('',(0.,0.,1.));
#1975 = DIRECTION('',(1.,0.,0.));
#1976 = ADVANCED_FACE('',(#1977),#1996,.F.);
#1977 = FACE_BOUND('',#1978,.F.);
#1978 = EDGE_LOOP('',(#1979,#1980,#1981,#1990));
#1979 = ORIENTED_EDGE('',*,*,#556,.F.);
#1980 = ORIENTED_EDGE('',*,*,#1909,.T.);
#1981 = ORIENTED_EDGE('',*,*,#1982,.T.);
#1982 = EDGE_CURVE('',#1910,#1983,#1985,.T.);
#1983 = VERTEX_POINT('',#1984);
#1984 = CARTESIAN_POINT('',(45.,6.,1.5));
#1985 = CIRCLE('',#1986,1.);
#1986 = AXIS2_PLACEMENT_3D('',#1987,#1988,#1989);
#1987 = CARTESIAN_POINT('',(44.,6.,1.5));
#1988 = DIRECTION('',(0.,0.,1.));
#1989 = DIRECTION('',(1.,0.,0.));
#1990 = ORIENTED_EDGE('',*,*,#1991,.F.);
#1991 = EDGE_CURVE('',#549,#1983,#1992,.T.);
#1992 = LINE('',#1993,#1994);
#1993 = CARTESIAN_POINT('',(45.,6.,5.));
#1994 = VECTOR('',#1995,1.);
#1995 = DIRECTION('',(-0.,-0.,-1.));
#1996 = CYLINDRICAL_SURFACE('',#1997,1.);
#1997 = AXIS2_PLACEMENT_3D('',#1998,#1999,#2000);
#1998 = CARTESIAN_POINT('',(44.,6.,5.));
#1999 = DIRECTION('',(0.,0.,1.));
#2000 = DIRECTION('',(1.,0.,0.));
#2001 = ADVANCED_FACE('',(#2002),#2013,.F.);
#2002 = FACE_BOUND('',#2003,.F.);
#2003 = EDGE_LOOP('',(#2004,#2005,#2006,#2012));
#2004 = ORIENTED_EDGE('',*,*,#548,.F.);
#2005 = ORIENTED_EDGE('',*,*,#1991,.T.);
#2006 = ORIENTED_EDGE('',*,*,#2007,.F.);
#2007 = EDGE_CURVE('',#1957,#1983,#2008,.T.);
#2008 = LINE('',#2009,#2010);
#2009 = CARTESIAN_POINT('',(45.,35.325,1.5));
#2010 = VECTOR('',#2011,1.);
#2011 = DIRECTION('',(0.,-1.,0.));
#2012 = ORIENTED_EDGE('',*,*,#1956,.F.);
#2013 = PLANE('',#2014);
#2014 = AXIS2_PLACEMENT_3D('',#2015,#2016,#2017);
#2015 = CARTESIAN_POINT('',(45.,6.,5.));
#2016 = DIRECTION('',(1.,0.,0.));
#2017 = DIRECTION('',(0.,1.,0.));
#2018 = ADVANCED_FACE('',(#2019),#2045,.F.);
#2019 = FACE_BOUND('',#2020,.F.);
#2020 = EDGE_LOOP('',(#2021,#2022,#2030,#2039));
#2021 = ORIENTED_EDGE('',*,*,#582,.F.);
#2022 = ORIENTED_EDGE('',*,*,#2023,.T.);
#2023 = EDGE_CURVE('',#583,#2024,#2026,.T.);
#2024 = VERTEX_POINT('',#2025);
#2025 = CARTESIAN_POINT('',(51.,100.24999934641,1.5));
#2026 = LINE('',#2027,#2028);
#2027 = CARTESIAN_POINT('',(51.,100.24999934641,5.));
#2028 = VECTOR('',#2029,1.);
#2029 = DIRECTION('',(-0.,-0.,-1.));
#2030 = ORIENTED_EDGE('',*,*,#2031,.T.);
#2031 = EDGE_CURVE('',#2024,#2032,#2034,.T.);
#2032 = VERTEX_POINT('',#2033);
#2033 = CARTESIAN_POINT('',(50.,99.249999673205,1.5));
#2034 = CIRCLE('',#2035,1.);
#2035 = AXIS2_PLACEMENT_3D('',#2036,#2037,#2038);
#2036 = CARTESIAN_POINT('',(51.,99.24999934641,1.5));
#2037 = DIRECTION('',(0.,0.,1.));
#2038 = DIRECTION('',(1.,0.,0.));
#2039 = ORIENTED_EDGE('',*,*,#2040,.F.);
#2040 = EDGE_CURVE('',#585,#2032,#2041,.T.);
#2041 = LINE('',#2042,#2043);
#2042 = CARTESIAN_POINT('',(50.,99.249999673205,5.));
#2043 = VECTOR('',#2044,1.);
#2044 = DIRECTION('',(-0.,-0.,-1.));
#2045 = CYLINDRICAL_SURFACE('',#2046,1.);
#2046 = AXIS2_PLACEMENT_3D('',#2047,#2048,#2049);
#2047 = CARTESIAN_POINT('',(51.,99.24999934641,5.));
#2048 = DIRECTION('',(0.,0.,1.));
#2049 = DIRECTION('',(1.,0.,0.));
#2050 = ADVANCED_FACE('',(#2051),#2069,.T.);
#2051 = FACE_BOUND('',#2052,.T.);
#2052 = EDGE_LOOP('',(#2053,#2054,#2055,#2063));
#2053 = ORIENTED_EDGE('',*,*,#593,.F.);
#2054 = ORIENTED_EDGE('',*,*,#2023,.T.);
#2055 = ORIENTED_EDGE('',*,*,#2056,.F.);
#2056 = EDGE_CURVE('',#2057,#2024,#2059,.T.);
#2057 = VERTEX_POINT('',#2058);
#2058 = CARTESIAN_POINT('',(334.75,100.24999934641,1.5));
#2059 = LINE('',#2060,#2061);
#2060 = CARTESIAN_POINT('',(115.45,100.24999934641,1.5));
#2061 = VECTOR('',#2062,1.);
#2062 = DIRECTION('',(-1.,0.,0.));
#2063 = ORIENTED_EDGE('',*,*,#2064,.F.);
#2064 = EDGE_CURVE('',#594,#2057,#2065,.T.);
#2065 = LINE('',#2066,#2067);
#2066 = CARTESIAN_POINT('',(334.75,100.24999934641,5.));
#2067 = VECTOR('',#2068,1.);
#2068 = DIRECTION('',(-0.,-0.,-1.));
#2069 = PLANE('',#2070);
#2070 = AXIS2_PLACEMENT_3D('',#2071,#2072,#2073);
#2071 = CARTESIAN_POINT('',(51.,100.24999934641,5.));
#2072 = DIRECTION('',(0.,-1.,0.));
#2073 = DIRECTION('',(1.,0.,0.));
#2074 = ADVANCED_FACE('',(#2075),#2093,.F.);
#2075 = FACE_BOUND('',#2076,.F.);
#2076 = EDGE_LOOP('',(#2077,#2078,#2079,#2087));
#2077 = ORIENTED_EDGE('',*,*,#678,.F.);
#2078 = ORIENTED_EDGE('',*,*,#2040,.T.);
#2079 = ORIENTED_EDGE('',*,*,#2080,.F.);
#2080 = EDGE_CURVE('',#2081,#2032,#2083,.T.);
#2081 = VERTEX_POINT('',#2082);
#2082 = CARTESIAN_POINT('',(50.,5.999999673205,1.5));
#2083 = LINE('',#2084,#2085);
#2084 = CARTESIAN_POINT('',(50.,81.949999836603,1.5));
#2085 = VECTOR('',#2086,1.);
#2086 = DIRECTION('',(0.,1.,0.));
#2087 = ORIENTED_EDGE('',*,*,#2088,.F.);
#2088 = EDGE_CURVE('',#670,#2081,#2089,.T.);
#2089 = LINE('',#2090,#2091);
#2090 = CARTESIAN_POINT('',(50.,5.999999673205,5.));
#2091 = VECTOR('',#2092,1.);
#2092 = DIRECTION('',(-0.,-0.,-1.));
#2093 = PLANE('',#2094);
#2094 = AXIS2_PLACEMENT_3D('',#2095,#2096,#2097);
#2095 = CARTESIAN_POINT('',(50.,99.249999673205,5.));
#2096 = DIRECTION('',(-1.,0.,0.));
#2097 = DIRECTION('',(0.,-1.,0.));
#2098 = ADVANCED_FACE('',(#2099),#2118,.F.);
#2099 = FACE_BOUND('',#2100,.F.);
#2100 = EDGE_LOOP('',(#2101,#2102,#2110,#2117));
#2101 = ORIENTED_EDGE('',*,*,#601,.F.);
#2102 = ORIENTED_EDGE('',*,*,#2103,.T.);
#2103 = EDGE_CURVE('',#602,#2104,#2106,.T.);
#2104 = VERTEX_POINT('',#2105);
#2105 = CARTESIAN_POINT('',(335.75,99.249999673205,1.5));
#2106 = LINE('',#2107,#2108);
#2107 = CARTESIAN_POINT('',(335.75,99.249999673205,5.));
#2108 = VECTOR('',#2109,1.);
#2109 = DIRECTION('',(-0.,-0.,-1.));
#2110 = ORIENTED_EDGE('',*,*,#2111,.T.);
#2111 = EDGE_CURVE('',#2104,#2057,#2112,.T.);
#2112 = CIRCLE('',#2113,1.);
#2113 = AXIS2_PLACEMENT_3D('',#2114,#2115,#2116);
#2114 = CARTESIAN_POINT('',(334.75,99.24999934641,1.5));
#2115 = DIRECTION('',(0.,0.,1.));
#2116 = DIRECTION('',(1.,0.,0.));
#2117 = ORIENTED_EDGE('',*,*,#2064,.F.);
#2118 = CYLINDRICAL_SURFACE('',#2119,1.);
#2119 = AXIS2_PLACEMENT_3D('',#2120,#2121,#2122);
#2120 = CARTESIAN_POINT('',(334.75,99.24999934641,5.));
#2121 = DIRECTION('',(0.,0.,1.));
#2122 = DIRECTION('',(1.,0.,0.));
#2123 = ADVANCED_FACE('',(#2124),#2136,.F.);
#2124 = FACE_BOUND('',#2125,.F.);
#2125 = EDGE_LOOP('',(#2126,#2127,#2128,#2135));
#2126 = ORIENTED_EDGE('',*,*,#669,.F.);
#2127 = ORIENTED_EDGE('',*,*,#2088,.T.);
#2128 = ORIENTED_EDGE('',*,*,#2129,.T.);
#2129 = EDGE_CURVE('',#2081,#1918,#2130,.T.);
#2130 = CIRCLE('',#2131,1.);
#2131 = AXIS2_PLACEMENT_3D('',#2132,#2133,#2134);
#2132 = CARTESIAN_POINT('',(51.,6.,1.5));
#2133 = DIRECTION('',(0.,0.,1.));
#2134 = DIRECTION('',(1.,0.,0.));
#2135 = ORIENTED_EDGE('',*,*,#1925,.F.);
#2136 = CYLINDRICAL_SURFACE('',#2137,1.);
#2137 = AXIS2_PLACEMENT_3D('',#2138,#2139,#2140);
#2138 = CARTESIAN_POINT('',(51.,6.,5.));
#2139 = DIRECTION('',(0.,0.,1.));
#2140 = DIRECTION('',(1.,0.,0.));
#2141 = ADVANCED_FACE('',(#2142),#2160,.F.);
#2142 = FACE_BOUND('',#2143,.F.);
#2143 = EDGE_LOOP('',(#2144,#2145,#2153,#2159));
#2144 = ORIENTED_EDGE('',*,*,#610,.F.);
#2145 = ORIENTED_EDGE('',*,*,#2146,.T.);
#2146 = EDGE_CURVE('',#611,#2147,#2149,.T.);
#2147 = VERTEX_POINT('',#2148);
#2148 = CARTESIAN_POINT('',(335.75,25.049999019615,1.5));
#2149 = LINE('',#2150,#2151);
#2150 = CARTESIAN_POINT('',(335.75,25.049999019615,5.));
#2151 = VECTOR('',#2152,1.);
#2152 = DIRECTION('',(-0.,-0.,-1.));
#2153 = ORIENTED_EDGE('',*,*,#2154,.F.);
#2154 = EDGE_CURVE('',#2104,#2147,#2155,.T.);
#2155 = LINE('',#2156,#2157);
#2156 = CARTESIAN_POINT('',(335.75,44.849999509808,1.5));
#2157 = VECTOR('',#2158,1.);
#2158 = DIRECTION('',(1.53E-15,-1.,0.));
#2159 = ORIENTED_EDGE('',*,*,#2103,.F.);
#2160 = PLANE('',#2161);
#2161 = AXIS2_PLACEMENT_3D('',#2162,#2163,#2164);
#2162 = CARTESIAN_POINT('',(335.75,25.049999019615,5.));
#2163 = DIRECTION('',(1.,1.53E-15,0.));
#2164 = DIRECTION('',(-1.53E-15,1.,0.));
#2165 = ADVANCED_FACE('',(#2166),#2185,.T.);
#2166 = FACE_BOUND('',#2167,.T.);
#2167 = EDGE_LOOP('',(#2168,#2169,#2170,#2179));
#2168 = ORIENTED_EDGE('',*,*,#618,.F.);
#2169 = ORIENTED_EDGE('',*,*,#2146,.T.);
#2170 = ORIENTED_EDGE('',*,*,#2171,.T.);
#2171 = EDGE_CURVE('',#2147,#2172,#2174,.T.);
#2172 = VERTEX_POINT('',#2173);
#2173 = CARTESIAN_POINT('',(336.75,24.04999934641,1.5));
#2174 = CIRCLE('',#2175,1.);
#2175 = AXIS2_PLACEMENT_3D('',#2176,#2177,#2178);
#2176 = CARTESIAN_POINT('',(336.75,25.04999934641,1.5));
#2177 = DIRECTION('',(0.,0.,1.));
#2178 = DIRECTION('',(1.,0.,0.));
#2179 = ORIENTED_EDGE('',*,*,#2180,.F.);
#2180 = EDGE_CURVE('',#619,#2172,#2181,.T.);
#2181 = LINE('',#2182,#2183);
#2182 = CARTESIAN_POINT('',(336.75,24.04999934641,5.));
#2183 = VECTOR('',#2184,1.);
#2184 = DIRECTION('',(-0.,-0.,-1.));
#2185 = CYLINDRICAL_SURFACE('',#2186,1.);
#2186 = AXIS2_PLACEMENT_3D('',#2187,#2188,#2189);
#2187 = CARTESIAN_POINT('',(336.75,25.04999934641,5.));
#2188 = DIRECTION('',(0.,0.,1.));
#2189 = DIRECTION('',(1.,0.,0.));
#2190 = ADVANCED_FACE('',(#2191),#2210,.F.);
#2191 = FACE_BOUND('',#2192,.F.);
#2192 = EDGE_LOOP('',(#2193,#2194,#2195,#2204));
#2193 = ORIENTED_EDGE('',*,*,#652,.F.);
#2194 = ORIENTED_EDGE('',*,*,#1932,.T.);
#2195 = ORIENTED_EDGE('',*,*,#2196,.F.);
#2196 = EDGE_CURVE('',#2197,#1933,#2199,.T.);
#2197 = VERTEX_POINT('',#2198);
#2198 = CARTESIAN_POINT('',(354.8,6.,0.));
#2199 = CIRCLE('',#2200,1.);
#2200 = AXIS2_PLACEMENT_3D('',#2201,#2202,#2203);
#2201 = CARTESIAN_POINT('',(353.8,6.,0.));
#2202 = DIRECTION('',(0.,0.,-1.));
#2203 = DIRECTION('',(1.,0.,0.));
#2204 = ORIENTED_EDGE('',*,*,#2205,.T.);
#2205 = EDGE_CURVE('',#2197,#645,#2206,.T.);
#2206 = LINE('',#2207,#2208);
#2207 = CARTESIAN_POINT('',(354.8,6.,0.));
#2208 = VECTOR('',#2209,1.);
#2209 = DIRECTION('',(0.,0.,1.));
#2210 = CYLINDRICAL_SURFACE('',#2211,1.);
#2211 = AXIS2_PLACEMENT_3D('',#2212,#2213,#2214);
#2212 = CARTESIAN_POINT('',(353.8,6.,5.));
#2213 = DIRECTION('',(0.,0.,1.));
#2214 = DIRECTION('',(1.,0.,0.));
#2215 = ADVANCED_FACE('',(#2216),#2234,.F.);
#2216 = FACE_BOUND('',#2217,.F.);
#2217 = EDGE_LOOP('',(#2218,#2219,#2227,#2233));
#2218 = ORIENTED_EDGE('',*,*,#627,.F.);
#2219 = ORIENTED_EDGE('',*,*,#2220,.T.);
#2220 = EDGE_CURVE('',#628,#2221,#2223,.T.);
#2221 = VERTEX_POINT('',#2222);
#2222 = CARTESIAN_POINT('',(353.8,24.04999934641,1.5));
#2223 = LINE('',#2224,#2225);
#2224 = CARTESIAN_POINT('',(353.8,24.04999934641,5.));
#2225 = VECTOR('',#2226,1.);
#2226 = DIRECTION('',(-0.,-0.,-1.));
#2227 = ORIENTED_EDGE('',*,*,#2228,.F.);
#2228 = EDGE_CURVE('',#2172,#2221,#2229,.T.);
#2229 = LINE('',#2230,#2231);
#2230 = CARTESIAN_POINT('',(266.85,24.04999934641,1.5));
#2231 = VECTOR('',#2232,1.);
#2232 = DIRECTION('',(1.,0.,0.));
#2233 = ORIENTED_EDGE('',*,*,#2180,.F.);
#2234 = PLANE('',#2235);
#2235 = AXIS2_PLACEMENT_3D('',#2236,#2237,#2238);
#2236 = CARTESIAN_POINT('',(353.8,24.04999934641,5.));
#2237 = DIRECTION('',(0.,1.,0.));
#2238 = DIRECTION('',(-1.,0.,0.));
#2239 = ADVANCED_FACE('',(#2240),#2312,.T.);
#2240 = FACE_BOUND('',#2241,.T.);
#2241 = EDGE_LOOP('',(#2242,#2243,#2251,#2259,#2265,#2266,#2274,#2282,
    #2288,#2289,#2297,#2305,#2311));
#2242 = ORIENTED_EDGE('',*,*,#644,.T.);
#2243 = ORIENTED_EDGE('',*,*,#2244,.T.);
#2244 = EDGE_CURVE('',#636,#2245,#2247,.T.);
#2245 = VERTEX_POINT('',#2246);
#2246 = CARTESIAN_POINT('',(354.8,23.049999673205,1.5));
#2247 = LINE('',#2248,#2249);
#2248 = CARTESIAN_POINT('',(354.8,23.049999673205,5.));
#2249 = VECTOR('',#2250,1.);
#2250 = DIRECTION('',(-0.,-0.,-1.));
#2251 = ORIENTED_EDGE('',*,*,#2252,.F.);
#2252 = EDGE_CURVE('',#2253,#2245,#2255,.T.);
#2253 = VERTEX_POINT('',#2254);
#2254 = CARTESIAN_POINT('',(354.8,30.05,1.5));
#2255 = LINE('',#2256,#2257);
#2256 = CARTESIAN_POINT('',(354.8,123.3,1.5));
#2257 = VECTOR('',#2258,1.);
#2258 = DIRECTION('',(0.,-1.,0.));
#2259 = ORIENTED_EDGE('',*,*,#2260,.F.);
#2260 = EDGE_CURVE('',#1005,#2253,#2261,.T.);
#2261 = LINE('',#2262,#2263);
#2262 = CARTESIAN_POINT('',(354.8,30.05,5.));
#2263 = VECTOR('',#2264,1.);
#2264 = DIRECTION('',(-0.,-0.,-1.));
#2265 = ORIENTED_EDGE('',*,*,#1004,.T.);
#2266 = ORIENTED_EDGE('',*,*,#2267,.T.);
#2267 = EDGE_CURVE('',#996,#2268,#2270,.T.);
#2268 = VERTEX_POINT('',#2269);
#2269 = CARTESIAN_POINT('',(354.8,99.25,1.5));
#2270 = LINE('',#2271,#2272);
#2271 = CARTESIAN_POINT('',(354.8,99.25,5.));
#2272 = VECTOR('',#2273,1.);
#2273 = DIRECTION('',(-0.,-0.,-1.));
#2274 = ORIENTED_EDGE('',*,*,#2275,.F.);
#2275 = EDGE_CURVE('',#2276,#2268,#2278,.T.);
#2276 = VERTEX_POINT('',#2277);
#2277 = CARTESIAN_POINT('',(354.8,106.24999934641,1.5));
#2278 = LINE('',#2279,#2280);
#2279 = CARTESIAN_POINT('',(354.8,123.3,1.5));
#2280 = VECTOR('',#2281,1.);
#2281 = DIRECTION('',(0.,-1.,0.));
#2282 = ORIENTED_EDGE('',*,*,#2283,.F.);
#2283 = EDGE_CURVE('',#1287,#2276,#2284,.T.);
#2284 = LINE('',#2285,#2286);
#2285 = CARTESIAN_POINT('',(354.8,106.24999934641,5.));
#2286 = VECTOR('',#2287,1.);
#2287 = DIRECTION('',(-0.,-0.,-1.));
#2288 = ORIENTED_EDGE('',*,*,#1286,.T.);
#2289 = ORIENTED_EDGE('',*,*,#2290,.T.);
#2290 = EDGE_CURVE('',#1278,#2291,#2293,.T.);
#2291 = VERTEX_POINT('',#2292);
#2292 = CARTESIAN_POINT('',(354.8,123.29999934641,0.5));
#2293 = LINE('',#2294,#2295);
#2294 = CARTESIAN_POINT('',(354.8,123.29999934641,5.));
#2295 = VECTOR('',#2296,1.);
#2296 = DIRECTION('',(-0.,-0.,-1.));
#2297 = ORIENTED_EDGE('',*,*,#2298,.F.);
#2298 = EDGE_CURVE('',#2299,#2291,#2301,.T.);
#2299 = VERTEX_POINT('',#2300);
#2300 = CARTESIAN_POINT('',(354.8,123.3,0.));
#2301 = LINE('',#2302,#2303);
#2302 = CARTESIAN_POINT('',(354.8,123.3,0.));
#2303 = VECTOR('',#2304,1.);
#2304 = DIRECTION('',(0.,0.,1.));
#2305 = ORIENTED_EDGE('',*,*,#2306,.T.);
#2306 = EDGE_CURVE('',#2299,#2197,#2307,.T.);
#2307 = LINE('',#2308,#2309);
#2308 = CARTESIAN_POINT('',(354.8,123.3,0.));
#2309 = VECTOR('',#2310,1.);
#2310 = DIRECTION('',(0.,-1.,0.));
#2311 = ORIENTED_EDGE('',*,*,#2205,.T.);
#2312 = PLANE('',#2313);
#2313 = AXIS2_PLACEMENT_3D('',#2314,#2315,#2316);
#2314 = CARTESIAN_POINT('',(354.8,64.649999747322,2.351121424123));
#2315 = DIRECTION('',(-1.,-0.,-5.8E-15));
#2316 = DIRECTION('',(5.8E-15,0.,-1.));
#2317 = ADVANCED_FACE('',(#2318),#2330,.F.);
#2318 = FACE_BOUND('',#2319,.F.);
#2319 = EDGE_LOOP('',(#2320,#2321,#2322,#2329));
#2320 = ORIENTED_EDGE('',*,*,#635,.F.);
#2321 = ORIENTED_EDGE('',*,*,#2244,.T.);
#2322 = ORIENTED_EDGE('',*,*,#2323,.T.);
#2323 = EDGE_CURVE('',#2245,#2221,#2324,.T.);
#2324 = CIRCLE('',#2325,1.);
#2325 = AXIS2_PLACEMENT_3D('',#2326,#2327,#2328);
#2326 = CARTESIAN_POINT('',(353.8,23.04999934641,1.5));
#2327 = DIRECTION('',(0.,0.,1.));
#2328 = DIRECTION('',(1.,0.,0.));
#2329 = ORIENTED_EDGE('',*,*,#2220,.F.);
#2330 = CYLINDRICAL_SURFACE('',#2331,1.);
#2331 = AXIS2_PLACEMENT_3D('',#2332,#2333,#2334);
#2332 = CARTESIAN_POINT('',(353.8,23.04999934641,5.));
#2333 = DIRECTION('',(0.,0.,1.));
#2334 = DIRECTION('',(1.,0.,0.));
#2335 = ADVANCED_FACE('',(#2336),#2355,.F.);
#2336 = FACE_BOUND('',#2337,.F.);
#2337 = EDGE_LOOP('',(#2338,#2339,#2347,#2354));
#2338 = ORIENTED_EDGE('',*,*,#696,.F.);
#2339 = ORIENTED_EDGE('',*,*,#2340,.T.);
#2340 = EDGE_CURVE('',#697,#2341,#2343,.T.);
#2341 = VERTEX_POINT('',#2342);
#2342 = CARTESIAN_POINT('',(6.,124.3,0.));
#2343 = LINE('',#2344,#2345);
#2344 = CARTESIAN_POINT('',(6.,124.3,5.));
#2345 = VECTOR('',#2346,1.);
#2346 = DIRECTION('',(-0.,-0.,-1.));
#2347 = ORIENTED_EDGE('',*,*,#2348,.F.);
#2348 = EDGE_CURVE('',#1790,#2341,#2349,.T.);
#2349 = CIRCLE('',#2350,1.);
#2350 = AXIS2_PLACEMENT_3D('',#2351,#2352,#2353);
#2351 = CARTESIAN_POINT('',(6.,123.3,0.));
#2352 = DIRECTION('',(0.,0.,-1.));
#2353 = DIRECTION('',(1.,0.,0.));
#2354 = ORIENTED_EDGE('',*,*,#1797,.T.);
#2355 = CYLINDRICAL_SURFACE('',#2356,1.);
#2356 = AXIS2_PLACEMENT_3D('',#2357,#2358,#2359);
#2357 = CARTESIAN_POINT('',(6.,123.3,5.));
#2358 = DIRECTION('',(0.,0.,1.));
#2359 = DIRECTION('',(1.,0.,0.));
#2360 = ADVANCED_FACE('',(#2361),#2380,.F.);
#2361 = FACE_BOUND('',#2362,.F.);
#2362 = EDGE_LOOP('',(#2363,#2364,#2365,#2374));
#2363 = ORIENTED_EDGE('',*,*,#747,.F.);
#2364 = ORIENTED_EDGE('',*,*,#1804,.T.);
#2365 = ORIENTED_EDGE('',*,*,#2366,.T.);
#2366 = EDGE_CURVE('',#1805,#2367,#2369,.T.);
#2367 = VERTEX_POINT('',#2368);
#2368 = CARTESIAN_POINT('',(6.,105.25,1.5));
#2369 = CIRCLE('',#2370,1.);
#2370 = AXIS2_PLACEMENT_3D('',#2371,#2372,#2373);
#2371 = CARTESIAN_POINT('',(6.,106.25,1.5));
#2372 = DIRECTION('',(0.,0.,1.));
#2373 = DIRECTION('',(1.,0.,0.));
#2374 = ORIENTED_EDGE('',*,*,#2375,.F.);
#2375 = EDGE_CURVE('',#740,#2367,#2376,.T.);
#2376 = LINE('',#2377,#2378);
#2377 = CARTESIAN_POINT('',(6.,105.25,5.));
#2378 = VECTOR('',#2379,1.);
#2379 = DIRECTION('',(-0.,-0.,-1.));
#2380 = CYLINDRICAL_SURFACE('',#2381,1.);
#2381 = AXIS2_PLACEMENT_3D('',#2382,#2383,#2384);
#2382 = CARTESIAN_POINT('',(6.,106.25,5.));
#2383 = DIRECTION('',(0.,0.,1.));
#2384 = DIRECTION('',(1.,0.,0.));
#2385 = ADVANCED_FACE('',(#2386),#2564,.T.);
#2386 = FACE_BOUND('',#2387,.T.);
#2387 = EDGE_LOOP('',(#2388,#2389,#2390,#2398,#2406,#2414,#2422,#2430,
    #2438,#2446,#2454,#2462,#2470,#2478,#2486,#2494,#2502,#2510,#2518,
    #2526,#2534,#2542,#2550,#2558));
#2388 = ORIENTED_EDGE('',*,*,#705,.T.);
#2389 = ORIENTED_EDGE('',*,*,#2340,.T.);
#2390 = ORIENTED_EDGE('',*,*,#2391,.T.);
#2391 = EDGE_CURVE('',#2341,#2392,#2394,.T.);
#2392 = VERTEX_POINT('',#2393);
#2393 = CARTESIAN_POINT('',(353.8,124.3,0.));
#2394 = LINE('',#2395,#2396);
#2395 = CARTESIAN_POINT('',(6.,124.3,0.));
#2396 = VECTOR('',#2397,1.);
#2397 = DIRECTION('',(1.,0.,0.));
#2398 = ORIENTED_EDGE('',*,*,#2399,.T.);
#2399 = EDGE_CURVE('',#2392,#2400,#2402,.T.);
#2400 = VERTEX_POINT('',#2401);
#2401 = CARTESIAN_POINT('',(353.8,124.29999934641,0.5));
#2402 = LINE('',#2403,#2404);
#2403 = CARTESIAN_POINT('',(353.8,124.3,0.));
#2404 = VECTOR('',#2405,1.);
#2405 = DIRECTION('',(0.,0.,1.));
#2406 = ORIENTED_EDGE('',*,*,#2407,.T.);
#2407 = EDGE_CURVE('',#2400,#2408,#2410,.T.);
#2408 = VERTEX_POINT('',#2409);
#2409 = CARTESIAN_POINT('',(336.75,124.29999934641,0.5));
#2410 = LINE('',#2411,#2412);
#2411 = CARTESIAN_POINT('',(353.8,124.29999934641,0.5));
#2412 = VECTOR('',#2413,1.);
#2413 = DIRECTION('',(-1.,0.,0.));
#2414 = ORIENTED_EDGE('',*,*,#2415,.F.);
#2415 = EDGE_CURVE('',#2416,#2408,#2418,.T.);
#2416 = VERTEX_POINT('',#2417);
#2417 = CARTESIAN_POINT('',(336.75,124.2999996732,1.5));
#2418 = LINE('',#2419,#2420);
#2419 = CARTESIAN_POINT('',(336.75,124.29999934641,5.));
#2420 = VECTOR('',#2421,1.);
#2421 = DIRECTION('',(-0.,-0.,-1.));
#2422 = ORIENTED_EDGE('',*,*,#2423,.F.);
#2423 = EDGE_CURVE('',#2424,#2416,#2426,.T.);
#2424 = VERTEX_POINT('',#2425);
#2425 = CARTESIAN_POINT('',(325.225,124.2999996732,1.5));
#2426 = LINE('',#2427,#2428);
#2427 = CARTESIAN_POINT('',(6.,124.3,1.5));
#2428 = VECTOR('',#2429,1.);
#2429 = DIRECTION('',(1.,0.,0.));
#2430 = ORIENTED_EDGE('',*,*,#2431,.T.);
#2431 = EDGE_CURVE('',#2424,#2432,#2434,.T.);
#2432 = VERTEX_POINT('',#2433);
#2433 = CARTESIAN_POINT('',(325.225,124.29999934641,0.5));
#2434 = LINE('',#2435,#2436);
#2435 = CARTESIAN_POINT('',(325.225,124.29999934641,5.));
#2436 = VECTOR('',#2437,1.);
#2437 = DIRECTION('',(-0.,-0.,-1.));
#2438 = ORIENTED_EDGE('',*,*,#2439,.T.);
#2439 = EDGE_CURVE('',#2432,#2440,#2442,.T.);
#2440 = VERTEX_POINT('',#2441);
#2441 = CARTESIAN_POINT('',(251.025,124.29999934641,0.5));
#2442 = LINE('',#2443,#2444);
#2443 = CARTESIAN_POINT('',(325.225,124.29999934641,0.5));
#2444 = VECTOR('',#2445,1.);
#2445 = DIRECTION('',(-1.,0.,0.));
#2446 = ORIENTED_EDGE('',*,*,#2447,.F.);
#2447 = EDGE_CURVE('',#2448,#2440,#2450,.T.);
#2448 = VERTEX_POINT('',#2449);
#2449 = CARTESIAN_POINT('',(251.025,124.2999996732,1.5));
#2450 = LINE('',#2451,#2452);
#2451 = CARTESIAN_POINT('',(251.025,124.29999934641,5.));
#2452 = VECTOR('',#2453,1.);
#2453 = DIRECTION('',(-0.,-0.,-1.));
#2454 = ORIENTED_EDGE('',*,*,#2455,.F.);
#2455 = EDGE_CURVE('',#2456,#2448,#2458,.T.);
#2456 = VERTEX_POINT('',#2457);
#2457 = CARTESIAN_POINT('',(239.5,124.2999996732,1.5));
#2458 = LINE('',#2459,#2460);
#2459 = CARTESIAN_POINT('',(6.,124.3,1.5));
#2460 = VECTOR('',#2461,1.);
#2461 = DIRECTION('',(1.,0.,0.));
#2462 = ORIENTED_EDGE('',*,*,#2463,.T.);
#2463 = EDGE_CURVE('',#2456,#2464,#2466,.T.);
#2464 = VERTEX_POINT('',#2465);
#2465 = CARTESIAN_POINT('',(239.5,124.29999934641,0.5));
#2466 = LINE('',#2467,#2468);
#2467 = CARTESIAN_POINT('',(239.5,124.29999934641,5.));
#2468 = VECTOR('',#2469,1.);
#2469 = DIRECTION('',(-0.,-0.,-1.));
#2470 = ORIENTED_EDGE('',*,*,#2471,.T.);
#2471 = EDGE_CURVE('',#2464,#2472,#2474,.T.);
#2472 = VERTEX_POINT('',#2473);
#2473 = CARTESIAN_POINT('',(165.3,124.29999934641,0.5));
#2474 = LINE('',#2475,#2476);
#2475 = CARTESIAN_POINT('',(239.5,124.29999934641,0.5));
#2476 = VECTOR('',#2477,1.);
#2477 = DIRECTION('',(-1.,0.,0.));
#2478 = ORIENTED_EDGE('',*,*,#2479,.F.);
#2479 = EDGE_CURVE('',#2480,#2472,#2482,.T.);
#2480 = VERTEX_POINT('',#2481);
#2481 = CARTESIAN_POINT('',(165.3,124.2999996732,1.5));
#2482 = LINE('',#2483,#2484);
#2483 = CARTESIAN_POINT('',(165.3,124.29999934641,5.));
#2484 = VECTOR('',#2485,1.);
#2485 = DIRECTION('',(-0.,-0.,-1.));
#2486 = ORIENTED_EDGE('',*,*,#2487,.F.);
#2487 = EDGE_CURVE('',#2488,#2480,#2490,.T.);
#2488 = VERTEX_POINT('',#2489);
#2489 = CARTESIAN_POINT('',(153.775,124.2999996732,1.5));
#2490 = LINE('',#2491,#2492);
#2491 = CARTESIAN_POINT('',(6.,124.3,1.5));
#2492 = VECTOR('',#2493,1.);
#2493 = DIRECTION('',(1.,0.,0.));
#2494 = ORIENTED_EDGE('',*,*,#2495,.T.);
#2495 = EDGE_CURVE('',#2488,#2496,#2498,.T.);
#2496 = VERTEX_POINT('',#2497);
#2497 = CARTESIAN_POINT('',(153.775,124.29999934641,0.5));
#2498 = LINE('',#2499,#2500);
#2499 = CARTESIAN_POINT('',(153.775,124.29999934641,5.));
#2500 = VECTOR('',#2501,1.);
#2501 = DIRECTION('',(-0.,-0.,-1.));
#2502 = ORIENTED_EDGE('',*,*,#2503,.T.);
#2503 = EDGE_CURVE('',#2496,#2504,#2506,.T.);
#2504 = VERTEX_POINT('',#2505);
#2505 = CARTESIAN_POINT('',(79.575,124.29999934641,0.5));
#2506 = LINE('',#2507,#2508);
#2507 = CARTESIAN_POINT('',(153.775,124.29999934641,0.5));
#2508 = VECTOR('',#2509,1.);
#2509 = DIRECTION('',(-1.,0.,0.));
#2510 = ORIENTED_EDGE('',*,*,#2511,.F.);
#2511 = EDGE_CURVE('',#2512,#2504,#2514,.T.);
#2512 = VERTEX_POINT('',#2513);
#2513 = CARTESIAN_POINT('',(79.575,124.2999996732,1.5));
#2514 = LINE('',#2515,#2516);
#2515 = CARTESIAN_POINT('',(79.575,124.29999934641,5.));
#2516 = VECTOR('',#2517,1.);
#2517 = DIRECTION('',(-0.,-0.,-1.));
#2518 = ORIENTED_EDGE('',*,*,#2519,.F.);
#2519 = EDGE_CURVE('',#2520,#2512,#2522,.T.);
#2520 = VERTEX_POINT('',#2521);
#2521 = CARTESIAN_POINT('',(68.05,124.2999996732,1.5));
#2522 = LINE('',#2523,#2524);
#2523 = CARTESIAN_POINT('',(6.,124.3,1.5));
#2524 = VECTOR('',#2525,1.);
#2525 = DIRECTION('',(1.,0.,0.));
#2526 = ORIENTED_EDGE('',*,*,#2527,.T.);
#2527 = EDGE_CURVE('',#2520,#2528,#2530,.T.);
#2528 = VERTEX_POINT('',#2529);
#2529 = CARTESIAN_POINT('',(68.05,124.29999934641,0.5));
#2530 = LINE('',#2531,#2532);
#2531 = CARTESIAN_POINT('',(68.05,124.29999934641,5.));
#2532 = VECTOR('',#2533,1.);
#2533 = DIRECTION('',(-0.,-0.,-1.));
#2534 = ORIENTED_EDGE('',*,*,#2535,.T.);
#2535 = EDGE_CURVE('',#2528,#2536,#2538,.T.);
#2536 = VERTEX_POINT('',#2537);
#2537 = CARTESIAN_POINT('',(51.,124.29999934641,0.5));
#2538 = LINE('',#2539,#2540);
#2539 = CARTESIAN_POINT('',(68.05,124.29999934641,0.5));
#2540 = VECTOR('',#2541,1.);
#2541 = DIRECTION('',(-1.,0.,0.));
#2542 = ORIENTED_EDGE('',*,*,#2543,.F.);
#2543 = EDGE_CURVE('',#2544,#2536,#2546,.T.);
#2544 = VERTEX_POINT('',#2545);
#2545 = CARTESIAN_POINT('',(51.,124.2999996732,1.5));
#2546 = LINE('',#2547,#2548);
#2547 = CARTESIAN_POINT('',(51.,124.29999934641,5.));
#2548 = VECTOR('',#2549,1.);
#2549 = DIRECTION('',(-0.,-0.,-1.));
#2550 = ORIENTED_EDGE('',*,*,#2551,.F.);
#2551 = EDGE_CURVE('',#2552,#2544,#2554,.T.);
#2552 = VERTEX_POINT('',#2553);
#2553 = CARTESIAN_POINT('',(44.,124.3,1.5));
#2554 = LINE('',#2555,#2556);
#2555 = CARTESIAN_POINT('',(6.,124.3,1.5));
#2556 = VECTOR('',#2557,1.);
#2557 = DIRECTION('',(1.,0.,0.));
#2558 = ORIENTED_EDGE('',*,*,#2559,.F.);
#2559 = EDGE_CURVE('',#706,#2552,#2560,.T.);
#2560 = LINE('',#2561,#2562);
#2561 = CARTESIAN_POINT('',(44.,124.3,5.));
#2562 = VECTOR('',#2563,1.);
#2563 = DIRECTION('',(-0.,-0.,-1.));
#2564 = PLANE('',#2565);
#2565 = AXIS2_PLACEMENT_3D('',#2566,#2567,#2568);
#2566 = CARTESIAN_POINT('',(178.20843609865,124.29999975664,
    0.603979820628));
#2567 = DIRECTION('',(-2.6670555E-10,-1.,7.44157463E-09));
#2568 = DIRECTION('',(0.,-7.44157463E-09,-1.));
#2569 = ADVANCED_FACE('',(#2570),#2588,.F.);
#2570 = FACE_BOUND('',#2571,.F.);
#2571 = EDGE_LOOP('',(#2572,#2573,#2574,#2582));
#2572 = ORIENTED_EDGE('',*,*,#739,.F.);
#2573 = ORIENTED_EDGE('',*,*,#2375,.T.);
#2574 = ORIENTED_EDGE('',*,*,#2575,.F.);
#2575 = EDGE_CURVE('',#2576,#2367,#2578,.T.);
#2576 = VERTEX_POINT('',#2577);
#2577 = CARTESIAN_POINT('',(44.,105.25,1.5));
#2578 = LINE('',#2579,#2580);
#2579 = CARTESIAN_POINT('',(92.95,105.25,1.5));
#2580 = VECTOR('',#2581,1.);
#2581 = DIRECTION('',(-1.,0.,0.));
#2582 = ORIENTED_EDGE('',*,*,#2583,.F.);
#2583 = EDGE_CURVE('',#731,#2576,#2584,.T.);
#2584 = LINE('',#2585,#2586);
#2585 = CARTESIAN_POINT('',(44.,105.25,5.));
#2586 = VECTOR('',#2587,1.);
#2587 = DIRECTION('',(-0.,-0.,-1.));
#2588 = PLANE('',#2589);
#2589 = AXIS2_PLACEMENT_3D('',#2590,#2591,#2592);
#2590 = CARTESIAN_POINT('',(6.,105.25,5.));
#2591 = DIRECTION('',(0.,-1.,0.));
#2592 = DIRECTION('',(1.,0.,0.));
#2593 = ADVANCED_FACE('',(#2594),#2613,.F.);
#2594 = FACE_BOUND('',#2595,.F.);
#2595 = EDGE_LOOP('',(#2596,#2597,#2605,#2612));
#2596 = ORIENTED_EDGE('',*,*,#713,.F.);
#2597 = ORIENTED_EDGE('',*,*,#2598,.T.);
#2598 = EDGE_CURVE('',#714,#2599,#2601,.T.);
#2599 = VERTEX_POINT('',#2600);
#2600 = CARTESIAN_POINT('',(45.,123.3,1.5));
#2601 = LINE('',#2602,#2603);
#2602 = CARTESIAN_POINT('',(45.,123.3,5.));
#2603 = VECTOR('',#2604,1.);
#2604 = DIRECTION('',(-0.,-0.,-1.));
#2605 = ORIENTED_EDGE('',*,*,#2606,.T.);
#2606 = EDGE_CURVE('',#2599,#2552,#2607,.T.);
#2607 = CIRCLE('',#2608,1.);
#2608 = AXIS2_PLACEMENT_3D('',#2609,#2610,#2611);
#2609 = CARTESIAN_POINT('',(44.,123.3,1.5));
#2610 = DIRECTION('',(0.,0.,1.));
#2611 = DIRECTION('',(1.,0.,0.));
#2612 = ORIENTED_EDGE('',*,*,#2559,.F.);
#2613 = CYLINDRICAL_SURFACE('',#2614,1.);
#2614 = AXIS2_PLACEMENT_3D('',#2615,#2616,#2617);
#2615 = CARTESIAN_POINT('',(44.,123.3,5.));
#2616 = DIRECTION('',(0.,0.,1.));
#2617 = DIRECTION('',(1.,0.,0.));
#2618 = ADVANCED_FACE('',(#2619),#2638,.F.);
#2619 = FACE_BOUND('',#2620,.F.);
#2620 = EDGE_LOOP('',(#2621,#2622,#2623,#2632));
#2621 = ORIENTED_EDGE('',*,*,#730,.F.);
#2622 = ORIENTED_EDGE('',*,*,#2583,.T.);
#2623 = ORIENTED_EDGE('',*,*,#2624,.T.);
#2624 = EDGE_CURVE('',#2576,#2625,#2627,.T.);
#2625 = VERTEX_POINT('',#2626);
#2626 = CARTESIAN_POINT('',(45.,106.25,1.5));
#2627 = CIRCLE('',#2628,1.);
#2628 = AXIS2_PLACEMENT_3D('',#2629,#2630,#2631);
#2629 = CARTESIAN_POINT('',(44.,106.25,1.5));
#2630 = DIRECTION('',(0.,0.,1.));
#2631 = DIRECTION('',(1.,0.,0.));
#2632 = ORIENTED_EDGE('',*,*,#2633,.F.);
#2633 = EDGE_CURVE('',#723,#2625,#2634,.T.);
#2634 = LINE('',#2635,#2636);
#2635 = CARTESIAN_POINT('',(45.,106.25,5.));
#2636 = VECTOR('',#2637,1.);
#2637 = DIRECTION('',(-0.,-0.,-1.));
#2638 = CYLINDRICAL_SURFACE('',#2639,1.);
#2639 = AXIS2_PLACEMENT_3D('',#2640,#2641,#2642);
#2640 = CARTESIAN_POINT('',(44.,106.25,5.));
#2641 = DIRECTION('',(0.,0.,1.));
#2642 = DIRECTION('',(1.,0.,0.));
#2643 = ADVANCED_FACE('',(#2644),#2655,.F.);
#2644 = FACE_BOUND('',#2645,.F.);
#2645 = EDGE_LOOP('',(#2646,#2647,#2648,#2654));
#2646 = ORIENTED_EDGE('',*,*,#722,.F.);
#2647 = ORIENTED_EDGE('',*,*,#2633,.T.);
#2648 = ORIENTED_EDGE('',*,*,#2649,.F.);
#2649 = EDGE_CURVE('',#2599,#2625,#2650,.T.);
#2650 = LINE('',#2651,#2652);
#2651 = CARTESIAN_POINT('',(45.,85.45,1.5));
#2652 = VECTOR('',#2653,1.);
#2653 = DIRECTION('',(0.,-1.,0.));
#2654 = ORIENTED_EDGE('',*,*,#2598,.F.);
#2655 = PLANE('',#2656);
#2656 = AXIS2_PLACEMENT_3D('',#2657,#2658,#2659);
#2657 = CARTESIAN_POINT('',(45.,106.25,5.));
#2658 = DIRECTION('',(1.,0.,0.));
#2659 = DIRECTION('',(0.,1.,0.));
#2660 = ADVANCED_FACE('',(#2661),#2686,.F.);
#2661 = FACE_BOUND('',#2662,.F.);
#2662 = EDGE_LOOP('',(#2663,#2664,#2672,#2680));
#2663 = ORIENTED_EDGE('',*,*,#756,.F.);
#2664 = ORIENTED_EDGE('',*,*,#2665,.T.);
#2665 = EDGE_CURVE('',#757,#2666,#2668,.T.);
#2666 = VERTEX_POINT('',#2667);
#2667 = CARTESIAN_POINT('',(50.,123.29999934641,1.5));
#2668 = LINE('',#2669,#2670);
#2669 = CARTESIAN_POINT('',(50.,123.29999934641,5.));
#2670 = VECTOR('',#2671,1.);
#2671 = DIRECTION('',(-0.,-0.,-1.));
#2672 = ORIENTED_EDGE('',*,*,#2673,.F.);
#2673 = EDGE_CURVE('',#2674,#2666,#2676,.T.);
#2674 = VERTEX_POINT('',#2675);
#2675 = CARTESIAN_POINT('',(50.,106.24999934641,1.5));
#2676 = LINE('',#2677,#2678);
#2677 = CARTESIAN_POINT('',(50.,93.974999673205,1.5));
#2678 = VECTOR('',#2679,1.);
#2679 = DIRECTION('',(0.,1.,0.));
#2680 = ORIENTED_EDGE('',*,*,#2681,.F.);
#2681 = EDGE_CURVE('',#759,#2674,#2682,.T.);
#2682 = LINE('',#2683,#2684);
#2683 = CARTESIAN_POINT('',(50.,106.24999934641,5.));
#2684 = VECTOR('',#2685,1.);
#2685 = DIRECTION('',(-0.,-0.,-1.));
#2686 = PLANE('',#2687);
#2687 = AXIS2_PLACEMENT_3D('',#2688,#2689,#2690);
#2688 = CARTESIAN_POINT('',(50.,123.29999934641,5.));
#2689 = DIRECTION('',(-1.,0.,0.));
#2690 = DIRECTION('',(0.,-1.,0.));
#2691 = ADVANCED_FACE('',(#2692),#2709,.F.);
#2692 = FACE_BOUND('',#2693,.F.);
#2693 = EDGE_LOOP('',(#2694,#2695,#2701,#2708));
#2694 = ORIENTED_EDGE('',*,*,#766,.F.);
#2695 = ORIENTED_EDGE('',*,*,#2696,.T.);
#2696 = EDGE_CURVE('',#767,#2544,#2697,.T.);
#2697 = LINE('',#2698,#2699);
#2698 = CARTESIAN_POINT('',(51.,124.29999934641,5.));
#2699 = VECTOR('',#2700,1.);
#2700 = DIRECTION('',(-0.,-0.,-1.));
#2701 = ORIENTED_EDGE('',*,*,#2702,.T.);
#2702 = EDGE_CURVE('',#2544,#2666,#2703,.T.);
#2703 = CIRCLE('',#2704,1.);
#2704 = AXIS2_PLACEMENT_3D('',#2705,#2706,#2707);
#2705 = CARTESIAN_POINT('',(51.,123.29999934641,1.5));
#2706 = DIRECTION('',(0.,0.,1.));
#2707 = DIRECTION('',(1.,0.,0.));
#2708 = ORIENTED_EDGE('',*,*,#2665,.F.);
#2709 = CYLINDRICAL_SURFACE('',#2710,1.);
#2710 = AXIS2_PLACEMENT_3D('',#2711,#2712,#2713);
#2711 = CARTESIAN_POINT('',(51.,123.29999934641,5.));
#2712 = DIRECTION('',(0.,0.,1.));
#2713 = DIRECTION('',(1.,0.,0.));
#2714 = ADVANCED_FACE('',(#2715),#2734,.F.);
#2715 = FACE_BOUND('',#2716,.F.);
#2716 = EDGE_LOOP('',(#2717,#2718,#2719,#2728));
#2717 = ORIENTED_EDGE('',*,*,#817,.F.);
#2718 = ORIENTED_EDGE('',*,*,#2681,.T.);
#2719 = ORIENTED_EDGE('',*,*,#2720,.T.);
#2720 = EDGE_CURVE('',#2674,#2721,#2723,.T.);
#2721 = VERTEX_POINT('',#2722);
#2722 = CARTESIAN_POINT('',(51.,105.24999934641,1.5));
#2723 = CIRCLE('',#2724,1.);
#2724 = AXIS2_PLACEMENT_3D('',#2725,#2726,#2727);
#2725 = CARTESIAN_POINT('',(51.,106.24999934641,1.5));
#2726 = DIRECTION('',(0.,0.,1.));
#2727 = DIRECTION('',(1.,0.,0.));
#2728 = ORIENTED_EDGE('',*,*,#2729,.F.);
#2729 = EDGE_CURVE('',#810,#2721,#2730,.T.);
#2730 = LINE('',#2731,#2732);
#2731 = CARTESIAN_POINT('',(51.,105.24999934641,5.));
#2732 = VECTOR('',#2733,1.);
#2733 = DIRECTION('',(-0.,-0.,-1.));
#2734 = CYLINDRICAL_SURFACE('',#2735,1.);
#2735 = AXIS2_PLACEMENT_3D('',#2736,#2737,#2738);
#2736 = CARTESIAN_POINT('',(51.,106.24999934641,5.));
#2737 = DIRECTION('',(0.,0.,1.));
#2738 = DIRECTION('',(1.,0.,0.));
#2739 = ADVANCED_FACE('',(#2740),#2753,.T.);
#2740 = FACE_BOUND('',#2741,.T.);
#2741 = EDGE_LOOP('',(#2742,#2743,#2744,#2745,#2746,#2747));
#2742 = ORIENTED_EDGE('',*,*,#775,.T.);
#2743 = ORIENTED_EDGE('',*,*,#2696,.T.);
#2744 = ORIENTED_EDGE('',*,*,#2543,.T.);
#2745 = ORIENTED_EDGE('',*,*,#2535,.F.);
#2746 = ORIENTED_EDGE('',*,*,#2527,.F.);
#2747 = ORIENTED_EDGE('',*,*,#2748,.F.);
#2748 = EDGE_CURVE('',#776,#2520,#2749,.T.);
#2749 = LINE('',#2750,#2751);
#2750 = CARTESIAN_POINT('',(68.05,124.29999934641,5.));
#2751 = VECTOR('',#2752,1.);
#2752 = DIRECTION('',(-0.,-0.,-1.));
#2753 = PLANE('',#2754);
#2754 = AXIS2_PLACEMENT_3D('',#2755,#2756,#2757);
#2755 = CARTESIAN_POINT('',(59.525,124.29999934641,2.75));
#2756 = DIRECTION('',(-0.,-1.,-0.));
#2757 = DIRECTION('',(0.,0.,-1.));
#2758 = ADVANCED_FACE('',(#2759),#2777,.F.);
#2759 = FACE_BOUND('',#2760,.F.);
#2760 = EDGE_LOOP('',(#2761,#2762,#2763,#2771));
#2761 = ORIENTED_EDGE('',*,*,#809,.F.);
#2762 = ORIENTED_EDGE('',*,*,#2729,.T.);
#2763 = ORIENTED_EDGE('',*,*,#2764,.F.);
#2764 = EDGE_CURVE('',#2765,#2721,#2767,.T.);
#2765 = VERTEX_POINT('',#2766);
#2766 = CARTESIAN_POINT('',(68.05,105.24999934641,1.5));
#2767 = LINE('',#2768,#2769);
#2768 = CARTESIAN_POINT('',(115.45,105.24999934641,1.5));
#2769 = VECTOR('',#2770,1.);
#2770 = DIRECTION('',(-1.,0.,0.));
#2771 = ORIENTED_EDGE('',*,*,#2772,.F.);
#2772 = EDGE_CURVE('',#801,#2765,#2773,.T.);
#2773 = LINE('',#2774,#2775);
#2774 = CARTESIAN_POINT('',(68.05,105.24999934641,5.));
#2775 = VECTOR('',#2776,1.);
#2776 = DIRECTION('',(-0.,-0.,-1.));
#2777 = PLANE('',#2778);
#2778 = AXIS2_PLACEMENT_3D('',#2779,#2780,#2781);
#2779 = CARTESIAN_POINT('',(51.,105.24999934641,5.));
#2780 = DIRECTION('',(0.,-1.,0.));
#2781 = DIRECTION('',(1.,0.,0.));
#2782 = ADVANCED_FACE('',(#2783),#2802,.F.);
#2783 = FACE_BOUND('',#2784,.F.);
#2784 = EDGE_LOOP('',(#2785,#2786,#2794,#2801));
#2785 = ORIENTED_EDGE('',*,*,#783,.F.);
#2786 = ORIENTED_EDGE('',*,*,#2787,.T.);
#2787 = EDGE_CURVE('',#784,#2788,#2790,.T.);
#2788 = VERTEX_POINT('',#2789);
#2789 = CARTESIAN_POINT('',(69.05,123.29999934641,1.5));
#2790 = LINE('',#2791,#2792);
#2791 = CARTESIAN_POINT('',(69.05,123.29999934641,5.));
#2792 = VECTOR('',#2793,1.);
#2793 = DIRECTION('',(-0.,-0.,-1.));
#2794 = ORIENTED_EDGE('',*,*,#2795,.T.);
#2795 = EDGE_CURVE('',#2788,#2520,#2796,.T.);
#2796 = CIRCLE('',#2797,1.);
#2797 = AXIS2_PLACEMENT_3D('',#2798,#2799,#2800);
#2798 = CARTESIAN_POINT('',(68.05,123.29999934641,1.5));
#2799 = DIRECTION('',(0.,0.,1.));
#2800 = DIRECTION('',(1.,0.,0.));
#2801 = ORIENTED_EDGE('',*,*,#2748,.F.);
#2802 = CYLINDRICAL_SURFACE('',#2803,1.);
#2803 = AXIS2_PLACEMENT_3D('',#2804,#2805,#2806);
#2804 = CARTESIAN_POINT('',(68.05,123.29999934641,5.));
#2805 = DIRECTION('',(0.,0.,1.));
#2806 = DIRECTION('',(1.,0.,0.));
#2807 = ADVANCED_FACE('',(#2808),#2827,.F.);
#2808 = FACE_BOUND('',#2809,.F.);
#2809 = EDGE_LOOP('',(#2810,#2811,#2812,#2821));
#2810 = ORIENTED_EDGE('',*,*,#800,.F.);
#2811 = ORIENTED_EDGE('',*,*,#2772,.T.);
#2812 = ORIENTED_EDGE('',*,*,#2813,.T.);
#2813 = EDGE_CURVE('',#2765,#2814,#2816,.T.);
#2814 = VERTEX_POINT('',#2815);
#2815 = CARTESIAN_POINT('',(69.05,106.24999934641,1.5));
#2816 = CIRCLE('',#2817,1.);
#2817 = AXIS2_PLACEMENT_3D('',#2818,#2819,#2820);
#2818 = CARTESIAN_POINT('',(68.05,106.24999934641,1.5));
#2819 = DIRECTION('',(0.,0.,1.));
#2820 = DIRECTION('',(1.,0.,0.));
#2821 = ORIENTED_EDGE('',*,*,#2822,.F.);
#2822 = EDGE_CURVE('',#793,#2814,#2823,.T.);
#2823 = LINE('',#2824,#2825);
#2824 = CARTESIAN_POINT('',(69.05,106.24999934641,5.));
#2825 = VECTOR('',#2826,1.);
#2826 = DIRECTION('',(-0.,-0.,-1.));
#2827 = CYLINDRICAL_SURFACE('',#2828,1.);
#2828 = AXIS2_PLACEMENT_3D('',#2829,#2830,#2831);
#2829 = CARTESIAN_POINT('',(68.05,106.24999934641,5.));
#2830 = DIRECTION('',(0.,0.,1.));
#2831 = DIRECTION('',(1.,0.,0.));
#2832 = ADVANCED_FACE('',(#2833),#2844,.F.);
#2833 = FACE_BOUND('',#2834,.F.);
#2834 = EDGE_LOOP('',(#2835,#2836,#2837,#2843));
#2835 = ORIENTED_EDGE('',*,*,#792,.F.);
#2836 = ORIENTED_EDGE('',*,*,#2822,.T.);
#2837 = ORIENTED_EDGE('',*,*,#2838,.F.);
#2838 = EDGE_CURVE('',#2788,#2814,#2839,.T.);
#2839 = LINE('',#2840,#2841);
#2840 = CARTESIAN_POINT('',(69.05,85.449999673205,1.5));
#2841 = VECTOR('',#2842,1.);
#2842 = DIRECTION('',(0.,-1.,0.));
#2843 = ORIENTED_EDGE('',*,*,#2787,.F.);
#2844 = PLANE('',#2845);
#2845 = AXIS2_PLACEMENT_3D('',#2846,#2847,#2848);
#2846 = CARTESIAN_POINT('',(69.05,106.24999934641,5.));
#2847 = DIRECTION('',(1.,0.,0.));
#2848 = DIRECTION('',(0.,1.,0.));
#2849 = ADVANCED_FACE('',(#2850),#2876,.F.);
#2850 = FACE_BOUND('',#2851,.F.);
#2851 = EDGE_LOOP('',(#2852,#2860,#2869,#2875));
#2852 = ORIENTED_EDGE('',*,*,#2853,.T.);
#2853 = EDGE_CURVE('',#827,#2854,#2856,.T.);
#2854 = VERTEX_POINT('',#2855);
#2855 = CARTESIAN_POINT('',(73.3125,110.775,4.));
#2856 = LINE('',#2857,#2858);
#2857 = CARTESIAN_POINT('',(73.3125,110.775,5.));
#2858 = VECTOR('',#2859,1.);
#2859 = DIRECTION('',(-0.,-0.,-1.));
#2860 = ORIENTED_EDGE('',*,*,#2861,.T.);
#2861 = EDGE_CURVE('',#2854,#2862,#2864,.T.);
#2862 = VERTEX_POINT('',#2863);
#2863 = CARTESIAN_POINT('',(74.3125,110.775,4.));
#2864 = CIRCLE('',#2865,0.5);
#2865 = AXIS2_PLACEMENT_3D('',#2866,#2867,#2868);
#2866 = CARTESIAN_POINT('',(73.8125,110.775,4.));
#2867 = DIRECTION('',(0.,0.,1.));
#2868 = DIRECTION('',(1.,0.,0.));
#2869 = ORIENTED_EDGE('',*,*,#2870,.F.);
#2870 = EDGE_CURVE('',#829,#2862,#2871,.T.);
#2871 = LINE('',#2872,#2873);
#2872 = CARTESIAN_POINT('',(74.3125,110.775,5.));
#2873 = VECTOR('',#2874,1.);
#2874 = DIRECTION('',(-0.,-0.,-1.));
#2875 = ORIENTED_EDGE('',*,*,#826,.F.);
#2876 = CYLINDRICAL_SURFACE('',#2877,0.5);
#2877 = AXIS2_PLACEMENT_3D('',#2878,#2879,#2880);
#2878 = CARTESIAN_POINT('',(73.8125,110.775,5.));
#2879 = DIRECTION('',(0.,0.,1.));
#2880 = DIRECTION('',(1.,0.,-0.));
#2881 = ADVANCED_FACE('',(#2882),#2900,.F.);
#2882 = FACE_BOUND('',#2883,.F.);
#2883 = EDGE_LOOP('',(#2884,#2885,#2893,#2899));
#2884 = ORIENTED_EDGE('',*,*,#2870,.T.);
#2885 = ORIENTED_EDGE('',*,*,#2886,.T.);
#2886 = EDGE_CURVE('',#2862,#2887,#2889,.T.);
#2887 = VERTEX_POINT('',#2888);
#2888 = CARTESIAN_POINT('',(74.3125,118.775,4.));
#2889 = LINE('',#2890,#2891);
#2890 = CARTESIAN_POINT('',(74.3125,110.775,4.));
#2891 = VECTOR('',#2892,1.);
#2892 = DIRECTION('',(0.,1.,0.));
#2893 = ORIENTED_EDGE('',*,*,#2894,.F.);
#2894 = EDGE_CURVE('',#846,#2887,#2895,.T.);
#2895 = LINE('',#2896,#2897);
#2896 = CARTESIAN_POINT('',(74.3125,118.775,5.));
#2897 = VECTOR('',#2898,1.);
#2898 = DIRECTION('',(-0.,-0.,-1.));
#2899 = ORIENTED_EDGE('',*,*,#854,.F.);
#2900 = PLANE('',#2901);
#2901 = AXIS2_PLACEMENT_3D('',#2902,#2903,#2904);
#2902 = CARTESIAN_POINT('',(74.3125,110.775,5.));
#2903 = DIRECTION('',(1.,0.,0.));
#2904 = DIRECTION('',(-0.,1.,0.));
#2905 = ADVANCED_FACE('',(#2906),#2925,.F.);
#2906 = FACE_BOUND('',#2907,.F.);
#2907 = EDGE_LOOP('',(#2908,#2909,#2918,#2924));
#2908 = ORIENTED_EDGE('',*,*,#2894,.T.);
#2909 = ORIENTED_EDGE('',*,*,#2910,.T.);
#2910 = EDGE_CURVE('',#2887,#2911,#2913,.T.);
#2911 = VERTEX_POINT('',#2912);
#2912 = CARTESIAN_POINT('',(73.3125,118.775,4.));
#2913 = CIRCLE('',#2914,0.5);
#2914 = AXIS2_PLACEMENT_3D('',#2915,#2916,#2917);
#2915 = CARTESIAN_POINT('',(73.8125,118.775,4.));
#2916 = DIRECTION('',(0.,0.,1.));
#2917 = DIRECTION('',(1.,0.,0.));
#2918 = ORIENTED_EDGE('',*,*,#2919,.F.);
#2919 = EDGE_CURVE('',#838,#2911,#2920,.T.);
#2920 = LINE('',#2921,#2922);
#2921 = CARTESIAN_POINT('',(73.3125,118.775,5.));
#2922 = VECTOR('',#2923,1.);
#2923 = DIRECTION('',(-0.,-0.,-1.));
#2924 = ORIENTED_EDGE('',*,*,#845,.F.);
#2925 = CYLINDRICAL_SURFACE('',#2926,0.5);
#2926 = AXIS2_PLACEMENT_3D('',#2927,#2928,#2929);
#2927 = CARTESIAN_POINT('',(73.8125,118.775,5.));
#2928 = DIRECTION('',(0.,0.,1.));
#2929 = DIRECTION('',(1.,0.,-0.));
#2930 = ADVANCED_FACE('',(#2931),#2942,.T.);
#2931 = FACE_BOUND('',#2932,.T.);
#2932 = EDGE_LOOP('',(#2933,#2934,#2940,#2941));
#2933 = ORIENTED_EDGE('',*,*,#2853,.T.);
#2934 = ORIENTED_EDGE('',*,*,#2935,.T.);
#2935 = EDGE_CURVE('',#2854,#2911,#2936,.T.);
#2936 = LINE('',#2937,#2938);
#2937 = CARTESIAN_POINT('',(73.3125,110.775,4.));
#2938 = VECTOR('',#2939,1.);
#2939 = DIRECTION('',(0.,1.,0.));
#2940 = ORIENTED_EDGE('',*,*,#2919,.F.);
#2941 = ORIENTED_EDGE('',*,*,#837,.F.);
#2942 = PLANE('',#2943);
#2943 = AXIS2_PLACEMENT_3D('',#2944,#2945,#2946);
#2944 = CARTESIAN_POINT('',(73.3125,110.775,5.));
#2945 = DIRECTION('',(1.,0.,0.));
#2946 = DIRECTION('',(-0.,1.,0.));
#2947 = ADVANCED_FACE('',(#2948),#2973,.F.);
#2948 = FACE_BOUND('',#2949,.F.);
#2949 = EDGE_LOOP('',(#2950,#2951,#2959,#2967));
#2950 = ORIENTED_EDGE('',*,*,#862,.F.);
#2951 = ORIENTED_EDGE('',*,*,#2952,.T.);
#2952 = EDGE_CURVE('',#863,#2953,#2955,.T.);
#2953 = VERTEX_POINT('',#2954);
#2954 = CARTESIAN_POINT('',(78.575,123.29999934641,1.5));
#2955 = LINE('',#2956,#2957);
#2956 = CARTESIAN_POINT('',(78.575,123.29999934641,5.));
#2957 = VECTOR('',#2958,1.);
#2958 = DIRECTION('',(-0.,-0.,-1.));
#2959 = ORIENTED_EDGE('',*,*,#2960,.F.);
#2960 = EDGE_CURVE('',#2961,#2953,#2963,.T.);
#2961 = VERTEX_POINT('',#2962);
#2962 = CARTESIAN_POINT('',(78.575,106.24999934641,1.5));
#2963 = LINE('',#2964,#2965);
#2964 = CARTESIAN_POINT('',(78.575,93.974999673205,1.5));
#2965 = VECTOR('',#2966,1.);
#2966 = DIRECTION('',(0.,1.,0.));
#2967 = ORIENTED_EDGE('',*,*,#2968,.F.);
#2968 = EDGE_CURVE('',#865,#2961,#2969,.T.);
#2969 = LINE('',#2970,#2971);
#2970 = CARTESIAN_POINT('',(78.575,106.24999934641,5.));
#2971 = VECTOR('',#2972,1.);
#2972 = DIRECTION('',(-0.,-0.,-1.));
#2973 = PLANE('',#2974);
#2974 = AXIS2_PLACEMENT_3D('',#2975,#2976,#2977);
#2975 = CARTESIAN_POINT('',(78.575,123.29999934641,5.));
#2976 = DIRECTION('',(-1.,0.,0.));
#2977 = DIRECTION('',(0.,-1.,0.));
#2978 = ADVANCED_FACE('',(#2979),#2996,.F.);
#2979 = FACE_BOUND('',#2980,.F.);
#2980 = EDGE_LOOP('',(#2981,#2982,#2988,#2995));
#2981 = ORIENTED_EDGE('',*,*,#872,.F.);
#2982 = ORIENTED_EDGE('',*,*,#2983,.T.);
#2983 = EDGE_CURVE('',#873,#2512,#2984,.T.);
#2984 = LINE('',#2985,#2986);
#2985 = CARTESIAN_POINT('',(79.575,124.29999934641,5.));
#2986 = VECTOR('',#2987,1.);
#2987 = DIRECTION('',(-0.,-0.,-1.));
#2988 = ORIENTED_EDGE('',*,*,#2989,.T.);
#2989 = EDGE_CURVE('',#2512,#2953,#2990,.T.);
#2990 = CIRCLE('',#2991,1.);
#2991 = AXIS2_PLACEMENT_3D('',#2992,#2993,#2994);
#2992 = CARTESIAN_POINT('',(79.575,123.29999934641,1.5));
#2993 = DIRECTION('',(0.,0.,1.));
#2994 = DIRECTION('',(1.,0.,0.));
#2995 = ORIENTED_EDGE('',*,*,#2952,.F.);
#2996 = CYLINDRICAL_SURFACE('',#2997,1.);
#2997 = AXIS2_PLACEMENT_3D('',#2998,#2999,#3000);
#2998 = CARTESIAN_POINT('',(79.575,123.29999934641,5.));
#2999 = DIRECTION('',(0.,0.,1.));
#3000 = DIRECTION('',(1.,0.,0.));
#3001 = ADVANCED_FACE('',(#3002),#3021,.F.);
#3002 = FACE_BOUND('',#3003,.F.);
#3003 = EDGE_LOOP('',(#3004,#3005,#3006,#3015));
#3004 = ORIENTED_EDGE('',*,*,#923,.F.);
#3005 = ORIENTED_EDGE('',*,*,#2968,.T.);
#3006 = ORIENTED_EDGE('',*,*,#3007,.T.);
#3007 = EDGE_CURVE('',#2961,#3008,#3010,.T.);
#3008 = VERTEX_POINT('',#3009);
#3009 = CARTESIAN_POINT('',(79.575,105.24999934641,1.5));
#3010 = CIRCLE('',#3011,1.);
#3011 = AXIS2_PLACEMENT_3D('',#3012,#3013,#3014);
#3012 = CARTESIAN_POINT('',(79.575,106.24999934641,1.5));
#3013 = DIRECTION('',(0.,0.,1.));
#3014 = DIRECTION('',(1.,0.,0.));
#3015 = ORIENTED_EDGE('',*,*,#3016,.F.);
#3016 = EDGE_CURVE('',#916,#3008,#3017,.T.);
#3017 = LINE('',#3018,#3019);
#3018 = CARTESIAN_POINT('',(79.575,105.24999934641,5.));
#3019 = VECTOR('',#3020,1.);
#3020 = DIRECTION('',(-0.,-0.,-1.));
#3021 = CYLINDRICAL_SURFACE('',#3022,1.);
#3022 = AXIS2_PLACEMENT_3D('',#3023,#3024,#3025);
#3023 = CARTESIAN_POINT('',(79.575,106.24999934641,5.));
#3024 = DIRECTION('',(0.,0.,1.));
#3025 = DIRECTION('',(1.,0.,0.));
#3026 = ADVANCED_FACE('',(#3027),#3040,.T.);
#3027 = FACE_BOUND('',#3028,.T.);
#3028 = EDGE_LOOP('',(#3029,#3030,#3031,#3032,#3033,#3034));
#3029 = ORIENTED_EDGE('',*,*,#881,.T.);
#3030 = ORIENTED_EDGE('',*,*,#2983,.T.);
#3031 = ORIENTED_EDGE('',*,*,#2511,.T.);
#3032 = ORIENTED_EDGE('',*,*,#2503,.F.);
#3033 = ORIENTED_EDGE('',*,*,#2495,.F.);
#3034 = ORIENTED_EDGE('',*,*,#3035,.F.);
#3035 = EDGE_CURVE('',#882,#2488,#3036,.T.);
#3036 = LINE('',#3037,#3038);
#3037 = CARTESIAN_POINT('',(153.775,124.29999934641,5.));
#3038 = VECTOR('',#3039,1.);
#3039 = DIRECTION('',(-0.,-0.,-1.));
#3040 = PLANE('',#3041);
#3041 = AXIS2_PLACEMENT_3D('',#3042,#3043,#3044);
#3042 = CARTESIAN_POINT('',(116.675,124.29999934641,2.75));
#3043 = DIRECTION('',(-0.,-1.,-0.));
#3044 = DIRECTION('',(0.,0.,-1.));
#3045 = ADVANCED_FACE('',(#3046),#3064,.F.);
#3046 = FACE_BOUND('',#3047,.F.);
#3047 = EDGE_LOOP('',(#3048,#3049,#3050,#3058));
#3048 = ORIENTED_EDGE('',*,*,#915,.F.);
#3049 = ORIENTED_EDGE('',*,*,#3016,.T.);
#3050 = ORIENTED_EDGE('',*,*,#3051,.F.);
#3051 = EDGE_CURVE('',#3052,#3008,#3054,.T.);
#3052 = VERTEX_POINT('',#3053);
#3053 = CARTESIAN_POINT('',(153.775,105.24999934641,1.5));
#3054 = LINE('',#3055,#3056);
#3055 = CARTESIAN_POINT('',(129.7375,105.24999934641,1.5));
#3056 = VECTOR('',#3057,1.);
#3057 = DIRECTION('',(-1.,0.,0.));
#3058 = ORIENTED_EDGE('',*,*,#3059,.F.);
#3059 = EDGE_CURVE('',#907,#3052,#3060,.T.);
#3060 = LINE('',#3061,#3062);
#3061 = CARTESIAN_POINT('',(153.775,105.24999934641,5.));
#3062 = VECTOR('',#3063,1.);
#3063 = DIRECTION('',(-0.,-0.,-1.));
#3064 = PLANE('',#3065);
#3065 = AXIS2_PLACEMENT_3D('',#3066,#3067,#3068);
#3066 = CARTESIAN_POINT('',(79.575,105.24999934641,5.));
#3067 = DIRECTION('',(0.,-1.,0.));
#3068 = DIRECTION('',(1.,0.,0.));
#3069 = ADVANCED_FACE('',(#3070),#3089,.F.);
#3070 = FACE_BOUND('',#3071,.F.);
#3071 = EDGE_LOOP('',(#3072,#3073,#3081,#3088));
#3072 = ORIENTED_EDGE('',*,*,#889,.F.);
#3073 = ORIENTED_EDGE('',*,*,#3074,.T.);
#3074 = EDGE_CURVE('',#890,#3075,#3077,.T.);
#3075 = VERTEX_POINT('',#3076);
#3076 = CARTESIAN_POINT('',(154.775,123.29999934641,1.5));
#3077 = LINE('',#3078,#3079);
#3078 = CARTESIAN_POINT('',(154.775,123.29999934641,5.));
#3079 = VECTOR('',#3080,1.);
#3080 = DIRECTION('',(-0.,-0.,-1.));
#3081 = ORIENTED_EDGE('',*,*,#3082,.T.);
#3082 = EDGE_CURVE('',#3075,#2488,#3083,.T.);
#3083 = CIRCLE('',#3084,1.);
#3084 = AXIS2_PLACEMENT_3D('',#3085,#3086,#3087);
#3085 = CARTESIAN_POINT('',(153.775,123.29999934641,1.5));
#3086 = DIRECTION('',(0.,0.,1.));
#3087 = DIRECTION('',(1.,0.,0.));
#3088 = ORIENTED_EDGE('',*,*,#3035,.F.);
#3089 = CYLINDRICAL_SURFACE('',#3090,1.);
#3090 = AXIS2_PLACEMENT_3D('',#3091,#3092,#3093);
#3091 = CARTESIAN_POINT('',(153.775,123.29999934641,5.));
#3092 = DIRECTION('',(0.,0.,1.));
#3093 = DIRECTION('',(1.,0.,0.));
#3094 = ADVANCED_FACE('',(#3095),#3114,.F.);
#3095 = FACE_BOUND('',#3096,.F.);
#3096 = EDGE_LOOP('',(#3097,#3098,#3099,#3108));
#3097 = ORIENTED_EDGE('',*,*,#906,.F.);
#3098 = ORIENTED_EDGE('',*,*,#3059,.T.);
#3099 = ORIENTED_EDGE('',*,*,#3100,.T.);
#3100 = EDGE_CURVE('',#3052,#3101,#3103,.T.);
#3101 = VERTEX_POINT('',#3102);
#3102 = CARTESIAN_POINT('',(154.775,106.24999934641,1.5));
#3103 = CIRCLE('',#3104,1.);
#3104 = AXIS2_PLACEMENT_3D('',#3105,#3106,#3107);
#3105 = CARTESIAN_POINT('',(153.775,106.24999934641,1.5));
#3106 = DIRECTION('',(0.,0.,1.));
#3107 = DIRECTION('',(1.,0.,0.));
#3108 = ORIENTED_EDGE('',*,*,#3109,.F.);
#3109 = EDGE_CURVE('',#899,#3101,#3110,.T.);
#3110 = LINE('',#3111,#3112);
#3111 = CARTESIAN_POINT('',(154.775,106.24999934641,5.));
#3112 = VECTOR('',#3113,1.);
#3113 = DIRECTION('',(-0.,-0.,-1.));
#3114 = CYLINDRICAL_SURFACE('',#3115,1.);
#3115 = AXIS2_PLACEMENT_3D('',#3116,#3117,#3118);
#3116 = CARTESIAN_POINT('',(153.775,106.24999934641,5.));
#3117 = DIRECTION('',(0.,0.,1.));
#3118 = DIRECTION('',(1.,0.,0.));
#3119 = ADVANCED_FACE('',(#3120),#3131,.F.);
#3120 = FACE_BOUND('',#3121,.F.);
#3121 = EDGE_LOOP('',(#3122,#3123,#3124,#3130));
#3122 = ORIENTED_EDGE('',*,*,#898,.F.);
#3123 = ORIENTED_EDGE('',*,*,#3109,.T.);
#3124 = ORIENTED_EDGE('',*,*,#3125,.F.);
#3125 = EDGE_CURVE('',#3075,#3101,#3126,.T.);
#3126 = LINE('',#3127,#3128);
#3127 = CARTESIAN_POINT('',(154.775,85.449999673205,1.5));
#3128 = VECTOR('',#3129,1.);
#3129 = DIRECTION('',(0.,-1.,0.));
#3130 = ORIENTED_EDGE('',*,*,#3074,.F.);
#3131 = PLANE('',#3132);
#3132 = AXIS2_PLACEMENT_3D('',#3133,#3134,#3135);
#3133 = CARTESIAN_POINT('',(154.775,106.24999934641,5.));
#3134 = DIRECTION('',(1.,0.,0.));
#3135 = DIRECTION('',(0.,1.,0.));
#3136 = ADVANCED_FACE('',(#3137),#3163,.F.);
#3137 = FACE_BOUND('',#3138,.F.);
#3138 = EDGE_LOOP('',(#3139,#3147,#3156,#3162));
#3139 = ORIENTED_EDGE('',*,*,#3140,.T.);
#3140 = EDGE_CURVE('',#933,#3141,#3143,.T.);
#3141 = VERTEX_POINT('',#3142);
#3142 = CARTESIAN_POINT('',(159.0375,110.775,4.));
#3143 = LINE('',#3144,#3145);
#3144 = CARTESIAN_POINT('',(159.0375,110.775,5.));
#3145 = VECTOR('',#3146,1.);
#3146 = DIRECTION('',(-0.,-0.,-1.));
#3147 = ORIENTED_EDGE('',*,*,#3148,.T.);
#3148 = EDGE_CURVE('',#3141,#3149,#3151,.T.);
#3149 = VERTEX_POINT('',#3150);
#3150 = CARTESIAN_POINT('',(160.0375,110.775,4.));
#3151 = CIRCLE('',#3152,0.5);
#3152 = AXIS2_PLACEMENT_3D('',#3153,#3154,#3155);
#3153 = CARTESIAN_POINT('',(159.5375,110.775,4.));
#3154 = DIRECTION('',(0.,0.,1.));
#3155 = DIRECTION('',(1.,0.,0.));
#3156 = ORIENTED_EDGE('',*,*,#3157,.F.);
#3157 = EDGE_CURVE('',#935,#3149,#3158,.T.);
#3158 = LINE('',#3159,#3160);
#3159 = CARTESIAN_POINT('',(160.0375,110.775,5.));
#3160 = VECTOR('',#3161,1.);
#3161 = DIRECTION('',(-0.,-0.,-1.));
#3162 = ORIENTED_EDGE('',*,*,#932,.F.);
#3163 = CYLINDRICAL_SURFACE('',#3164,0.5);
#3164 = AXIS2_PLACEMENT_3D('',#3165,#3166,#3167);
#3165 = CARTESIAN_POINT('',(159.5375,110.775,5.));
#3166 = DIRECTION('',(0.,0.,1.));
#3167 = DIRECTION('',(1.,0.,-0.));
#3168 = ADVANCED_FACE('',(#3169),#3187,.F.);
#3169 = FACE_BOUND('',#3170,.F.);
#3170 = EDGE_LOOP('',(#3171,#3172,#3180,#3186));
#3171 = ORIENTED_EDGE('',*,*,#3157,.T.);
#3172 = ORIENTED_EDGE('',*,*,#3173,.T.);
#3173 = EDGE_CURVE('',#3149,#3174,#3176,.T.);
#3174 = VERTEX_POINT('',#3175);
#3175 = CARTESIAN_POINT('',(160.0375,118.775,4.));
#3176 = LINE('',#3177,#3178);
#3177 = CARTESIAN_POINT('',(160.0375,110.775,4.));
#3178 = VECTOR('',#3179,1.);
#3179 = DIRECTION('',(0.,1.,0.));
#3180 = ORIENTED_EDGE('',*,*,#3181,.F.);
#3181 = EDGE_CURVE('',#952,#3174,#3182,.T.);
#3182 = LINE('',#3183,#3184);
#3183 = CARTESIAN_POINT('',(160.0375,118.775,5.));
#3184 = VECTOR('',#3185,1.);
#3185 = DIRECTION('',(-0.,-0.,-1.));
#3186 = ORIENTED_EDGE('',*,*,#960,.F.);
#3187 = PLANE('',#3188);
#3188 = AXIS2_PLACEMENT_3D('',#3189,#3190,#3191);
#3189 = CARTESIAN_POINT('',(160.0375,110.775,5.));
#3190 = DIRECTION('',(1.,0.,0.));
#3191 = DIRECTION('',(-0.,1.,0.));
#3192 = ADVANCED_FACE('',(#3193),#3212,.F.);
#3193 = FACE_BOUND('',#3194,.F.);
#3194 = EDGE_LOOP('',(#3195,#3196,#3205,#3211));
#3195 = ORIENTED_EDGE('',*,*,#3181,.T.);
#3196 = ORIENTED_EDGE('',*,*,#3197,.T.);
#3197 = EDGE_CURVE('',#3174,#3198,#3200,.T.);
#3198 = VERTEX_POINT('',#3199);
#3199 = CARTESIAN_POINT('',(159.0375,118.775,4.));
#3200 = CIRCLE('',#3201,0.5);
#3201 = AXIS2_PLACEMENT_3D('',#3202,#3203,#3204);
#3202 = CARTESIAN_POINT('',(159.5375,118.775,4.));
#3203 = DIRECTION('',(0.,0.,1.));
#3204 = DIRECTION('',(1.,0.,0.));
#3205 = ORIENTED_EDGE('',*,*,#3206,.F.);
#3206 = EDGE_CURVE('',#944,#3198,#3207,.T.);
#3207 = LINE('',#3208,#3209);
#3208 = CARTESIAN_POINT('',(159.0375,118.775,5.));
#3209 = VECTOR('',#3210,1.);
#3210 = DIRECTION('',(-0.,-0.,-1.));
#3211 = ORIENTED_EDGE('',*,*,#951,.F.);
#3212 = CYLINDRICAL_SURFACE('',#3213,0.5);
#3213 = AXIS2_PLACEMENT_3D('',#3214,#3215,#3216);
#3214 = CARTESIAN_POINT('',(159.5375,118.775,5.));
#3215 = DIRECTION('',(0.,0.,1.));
#3216 = DIRECTION('',(1.,0.,-0.));
#3217 = ADVANCED_FACE('',(#3218),#3229,.T.);
#3218 = FACE_BOUND('',#3219,.T.);
#3219 = EDGE_LOOP('',(#3220,#3221,#3227,#3228));
#3220 = ORIENTED_EDGE('',*,*,#3140,.T.);
#3221 = ORIENTED_EDGE('',*,*,#3222,.T.);
#3222 = EDGE_CURVE('',#3141,#3198,#3223,.T.);
#3223 = LINE('',#3224,#3225);
#3224 = CARTESIAN_POINT('',(159.0375,110.775,4.));
#3225 = VECTOR('',#3226,1.);
#3226 = DIRECTION('',(0.,1.,0.));
#3227 = ORIENTED_EDGE('',*,*,#3206,.F.);
#3228 = ORIENTED_EDGE('',*,*,#943,.F.);
#3229 = PLANE('',#3230);
#3230 = AXIS2_PLACEMENT_3D('',#3231,#3232,#3233);
#3231 = CARTESIAN_POINT('',(159.0375,110.775,5.));
#3232 = DIRECTION('',(1.,0.,0.));
#3233 = DIRECTION('',(-0.,1.,0.));
#3234 = ADVANCED_FACE('',(#3235),#3260,.F.);
#3235 = FACE_BOUND('',#3236,.F.);
#3236 = EDGE_LOOP('',(#3237,#3238,#3246,#3254));
#3237 = ORIENTED_EDGE('',*,*,#968,.F.);
#3238 = ORIENTED_EDGE('',*,*,#3239,.T.);
#3239 = EDGE_CURVE('',#969,#3240,#3242,.T.);
#3240 = VERTEX_POINT('',#3241);
#3241 = CARTESIAN_POINT('',(340.75,99.25,1.5));
#3242 = LINE('',#3243,#3244);
#3243 = CARTESIAN_POINT('',(340.75,99.25,5.));
#3244 = VECTOR('',#3245,1.);
#3245 = DIRECTION('',(-0.,-0.,-1.));
#3246 = ORIENTED_EDGE('',*,*,#3247,.F.);
#3247 = EDGE_CURVE('',#3248,#3240,#3250,.T.);
#3248 = VERTEX_POINT('',#3249);
#3249 = CARTESIAN_POINT('',(340.75,30.05,1.5));
#3250 = LINE('',#3251,#3252);
#3251 = CARTESIAN_POINT('',(340.75,81.95,1.5));
#3252 = VECTOR('',#3253,1.);
#3253 = DIRECTION('',(0.,1.,0.));
#3254 = ORIENTED_EDGE('',*,*,#3255,.F.);
#3255 = EDGE_CURVE('',#971,#3248,#3256,.T.);
#3256 = LINE('',#3257,#3258);
#3257 = CARTESIAN_POINT('',(340.75,30.05,5.));
#3258 = VECTOR('',#3259,1.);
#3259 = DIRECTION('',(-0.,-0.,-1.));
#3260 = PLANE('',#3261);
#3261 = AXIS2_PLACEMENT_3D('',#3262,#3263,#3264);
#3262 = CARTESIAN_POINT('',(340.75,99.25,5.));
#3263 = DIRECTION('',(-1.,0.,0.));
#3264 = DIRECTION('',(0.,-1.,0.));
#3265 = ADVANCED_FACE('',(#3266),#3285,.F.);
#3266 = FACE_BOUND('',#3267,.F.);
#3267 = EDGE_LOOP('',(#3268,#3269,#3277,#3284));
#3268 = ORIENTED_EDGE('',*,*,#978,.F.);
#3269 = ORIENTED_EDGE('',*,*,#3270,.T.);
#3270 = EDGE_CURVE('',#979,#3271,#3273,.T.);
#3271 = VERTEX_POINT('',#3272);
#3272 = CARTESIAN_POINT('',(341.75,100.25,1.5));
#3273 = LINE('',#3274,#3275);
#3274 = CARTESIAN_POINT('',(341.75,100.25,5.));
#3275 = VECTOR('',#3276,1.);
#3276 = DIRECTION('',(-0.,-0.,-1.));
#3277 = ORIENTED_EDGE('',*,*,#3278,.T.);
#3278 = EDGE_CURVE('',#3271,#3240,#3279,.T.);
#3279 = CIRCLE('',#3280,1.);
#3280 = AXIS2_PLACEMENT_3D('',#3281,#3282,#3283);
#3281 = CARTESIAN_POINT('',(341.75,99.25,1.5));
#3282 = DIRECTION('',(0.,0.,1.));
#3283 = DIRECTION('',(1.,0.,0.));
#3284 = ORIENTED_EDGE('',*,*,#3239,.F.);
#3285 = CYLINDRICAL_SURFACE('',#3286,1.);
#3286 = AXIS2_PLACEMENT_3D('',#3287,#3288,#3289);
#3287 = CARTESIAN_POINT('',(341.75,99.25,5.));
#3288 = DIRECTION('',(0.,0.,1.));
#3289 = DIRECTION('',(1.,0.,0.));
#3290 = ADVANCED_FACE('',(#3291),#3310,.F.);
#3291 = FACE_BOUND('',#3292,.F.);
#3292 = EDGE_LOOP('',(#3293,#3294,#3295,#3304));
#3293 = ORIENTED_EDGE('',*,*,#1029,.F.);
#3294 = ORIENTED_EDGE('',*,*,#3255,.T.);
#3295 = ORIENTED_EDGE('',*,*,#3296,.T.);
#3296 = EDGE_CURVE('',#3248,#3297,#3299,.T.);
#3297 = VERTEX_POINT('',#3298);
#3298 = CARTESIAN_POINT('',(341.75,29.05,1.5));
#3299 = CIRCLE('',#3300,1.);
#3300 = AXIS2_PLACEMENT_3D('',#3301,#3302,#3303);
#3301 = CARTESIAN_POINT('',(341.75,30.05,1.5));
#3302 = DIRECTION('',(0.,0.,1.));
#3303 = DIRECTION('',(1.,0.,0.));
#3304 = ORIENTED_EDGE('',*,*,#3305,.F.);
#3305 = EDGE_CURVE('',#1022,#3297,#3306,.T.);
#3306 = LINE('',#3307,#3308);
#3307 = CARTESIAN_POINT('',(341.75,29.05,5.));
#3308 = VECTOR('',#3309,1.);
#3309 = DIRECTION('',(-0.,-0.,-1.));
#3310 = CYLINDRICAL_SURFACE('',#3311,1.);
#3311 = AXIS2_PLACEMENT_3D('',#3312,#3313,#3314);
#3312 = CARTESIAN_POINT('',(341.75,30.05,5.));
#3313 = DIRECTION('',(0.,0.,1.));
#3314 = DIRECTION('',(1.,0.,0.));
#3315 = ADVANCED_FACE('',(#3316),#3334,.F.);
#3316 = FACE_BOUND('',#3317,.F.);
#3317 = EDGE_LOOP('',(#3318,#3319,#3327,#3333));
#3318 = ORIENTED_EDGE('',*,*,#987,.F.);
#3319 = ORIENTED_EDGE('',*,*,#3320,.T.);
#3320 = EDGE_CURVE('',#988,#3321,#3323,.T.);
#3321 = VERTEX_POINT('',#3322);
#3322 = CARTESIAN_POINT('',(353.8,100.25,1.5));
#3323 = LINE('',#3324,#3325);
#3324 = CARTESIAN_POINT('',(353.8,100.25,5.));
#3325 = VECTOR('',#3326,1.);
#3326 = DIRECTION('',(-0.,-0.,-1.));
#3327 = ORIENTED_EDGE('',*,*,#3328,.F.);
#3328 = EDGE_CURVE('',#3271,#3321,#3329,.T.);
#3329 = LINE('',#3330,#3331);
#3330 = CARTESIAN_POINT('',(266.85,100.25,1.5));
#3331 = VECTOR('',#3332,1.);
#3332 = DIRECTION('',(1.,0.,0.));
#3333 = ORIENTED_EDGE('',*,*,#3270,.F.);
#3334 = PLANE('',#3335);
#3335 = AXIS2_PLACEMENT_3D('',#3336,#3337,#3338);
#3336 = CARTESIAN_POINT('',(353.8,100.25,5.));
#3337 = DIRECTION('',(0.,1.,0.));
#3338 = DIRECTION('',(-1.,0.,0.));
#3339 = ADVANCED_FACE('',(#3340),#3358,.F.);
#3340 = FACE_BOUND('',#3341,.F.);
#3341 = EDGE_LOOP('',(#3342,#3343,#3344,#3352));
#3342 = ORIENTED_EDGE('',*,*,#1021,.F.);
#3343 = ORIENTED_EDGE('',*,*,#3305,.T.);
#3344 = ORIENTED_EDGE('',*,*,#3345,.F.);
#3345 = EDGE_CURVE('',#3346,#3297,#3348,.T.);
#3346 = VERTEX_POINT('',#3347);
#3347 = CARTESIAN_POINT('',(353.8,29.05,1.5));
#3348 = LINE('',#3349,#3350);
#3349 = CARTESIAN_POINT('',(260.825,29.05,1.5));
#3350 = VECTOR('',#3351,1.);
#3351 = DIRECTION('',(-1.,0.,0.));
#3352 = ORIENTED_EDGE('',*,*,#3353,.F.);
#3353 = EDGE_CURVE('',#1013,#3346,#3354,.T.);
#3354 = LINE('',#3355,#3356);
#3355 = CARTESIAN_POINT('',(353.8,29.05,5.));
#3356 = VECTOR('',#3357,1.);
#3357 = DIRECTION('',(-0.,-0.,-1.));
#3358 = PLANE('',#3359);
#3359 = AXIS2_PLACEMENT_3D('',#3360,#3361,#3362);
#3360 = CARTESIAN_POINT('',(341.75,29.05,5.));
#3361 = DIRECTION('',(0.,-1.,0.));
#3362 = DIRECTION('',(1.,0.,0.));
#3363 = ADVANCED_FACE('',(#3364),#3376,.F.);
#3364 = FACE_BOUND('',#3365,.F.);
#3365 = EDGE_LOOP('',(#3366,#3367,#3368,#3375));
#3366 = ORIENTED_EDGE('',*,*,#995,.F.);
#3367 = ORIENTED_EDGE('',*,*,#2267,.T.);
#3368 = ORIENTED_EDGE('',*,*,#3369,.T.);
#3369 = EDGE_CURVE('',#2268,#3321,#3370,.T.);
#3370 = CIRCLE('',#3371,1.);
#3371 = AXIS2_PLACEMENT_3D('',#3372,#3373,#3374);
#3372 = CARTESIAN_POINT('',(353.8,99.25,1.5));
#3373 = DIRECTION('',(0.,0.,1.));
#3374 = DIRECTION('',(1.,0.,0.));
#3375 = ORIENTED_EDGE('',*,*,#3320,.F.);
#3376 = CYLINDRICAL_SURFACE('',#3377,1.);
#3377 = AXIS2_PLACEMENT_3D('',#3378,#3379,#3380);
#3378 = CARTESIAN_POINT('',(353.8,99.25,5.));
#3379 = DIRECTION('',(0.,0.,1.));
#3380 = DIRECTION('',(1.,0.,0.));
#3381 = ADVANCED_FACE('',(#3382),#3394,.F.);
#3382 = FACE_BOUND('',#3383,.F.);
#3383 = EDGE_LOOP('',(#3384,#3385,#3386,#3393));
#3384 = ORIENTED_EDGE('',*,*,#1012,.F.);
#3385 = ORIENTED_EDGE('',*,*,#3353,.T.);
#3386 = ORIENTED_EDGE('',*,*,#3387,.T.);
#3387 = EDGE_CURVE('',#3346,#2253,#3388,.T.);
#3388 = CIRCLE('',#3389,1.);
#3389 = AXIS2_PLACEMENT_3D('',#3390,#3391,#3392);
#3390 = CARTESIAN_POINT('',(353.8,30.05,1.5));
#3391 = DIRECTION('',(0.,0.,1.));
#3392 = DIRECTION('',(1.,0.,0.));
#3393 = ORIENTED_EDGE('',*,*,#2260,.F.);
#3394 = CYLINDRICAL_SURFACE('',#3395,1.);
#3395 = AXIS2_PLACEMENT_3D('',#3396,#3397,#3398);
#3396 = CARTESIAN_POINT('',(353.8,30.05,5.));
#3397 = DIRECTION('',(0.,0.,1.));
#3398 = DIRECTION('',(1.,0.,0.));
#3399 = ADVANCED_FACE('',(#3400),#3425,.F.);
#3400 = FACE_BOUND('',#3401,.F.);
#3401 = EDGE_LOOP('',(#3402,#3403,#3411,#3419));
#3402 = ORIENTED_EDGE('',*,*,#1038,.F.);
#3403 = ORIENTED_EDGE('',*,*,#3404,.T.);
#3404 = EDGE_CURVE('',#1039,#3405,#3407,.T.);
#3405 = VERTEX_POINT('',#3406);
#3406 = CARTESIAN_POINT('',(164.3,123.29999934641,1.5));
#3407 = LINE('',#3408,#3409);
#3408 = CARTESIAN_POINT('',(164.3,123.29999934641,5.));
#3409 = VECTOR('',#3410,1.);
#3410 = DIRECTION('',(-0.,-0.,-1.));
#3411 = ORIENTED_EDGE('',*,*,#3412,.F.);
#3412 = EDGE_CURVE('',#3413,#3405,#3415,.T.);
#3413 = VERTEX_POINT('',#3414);
#3414 = CARTESIAN_POINT('',(164.3,106.24999934641,1.5));
#3415 = LINE('',#3416,#3417);
#3416 = CARTESIAN_POINT('',(164.3,93.974999673205,1.5));
#3417 = VECTOR('',#3418,1.);
#3418 = DIRECTION('',(0.,1.,0.));
#3419 = ORIENTED_EDGE('',*,*,#3420,.F.);
#3420 = EDGE_CURVE('',#1041,#3413,#3421,.T.);
#3421 = LINE('',#3422,#3423);
#3422 = CARTESIAN_POINT('',(164.3,106.24999934641,5.));
#3423 = VECTOR('',#3424,1.);
#3424 = DIRECTION('',(-0.,-0.,-1.));
#3425 = PLANE('',#3426);
#3426 = AXIS2_PLACEMENT_3D('',#3427,#3428,#3429);
#3427 = CARTESIAN_POINT('',(164.3,123.29999934641,5.));
#3428 = DIRECTION('',(-1.,0.,0.));
#3429 = DIRECTION('',(0.,-1.,0.));
#3430 = ADVANCED_FACE('',(#3431),#3448,.F.);
#3431 = FACE_BOUND('',#3432,.F.);
#3432 = EDGE_LOOP('',(#3433,#3434,#3440,#3447));
#3433 = ORIENTED_EDGE('',*,*,#1048,.F.);
#3434 = ORIENTED_EDGE('',*,*,#3435,.T.);
#3435 = EDGE_CURVE('',#1049,#2480,#3436,.T.);
#3436 = LINE('',#3437,#3438);
#3437 = CARTESIAN_POINT('',(165.3,124.29999934641,5.));
#3438 = VECTOR('',#3439,1.);
#3439 = DIRECTION('',(-0.,-0.,-1.));
#3440 = ORIENTED_EDGE('',*,*,#3441,.T.);
#3441 = EDGE_CURVE('',#2480,#3405,#3442,.T.);
#3442 = CIRCLE('',#3443,1.);
#3443 = AXIS2_PLACEMENT_3D('',#3444,#3445,#3446);
#3444 = CARTESIAN_POINT('',(165.3,123.29999934641,1.5));
#3445 = DIRECTION('',(0.,0.,1.));
#3446 = DIRECTION('',(1.,0.,0.));
#3447 = ORIENTED_EDGE('',*,*,#3404,.F.);
#3448 = CYLINDRICAL_SURFACE('',#3449,1.);
#3449 = AXIS2_PLACEMENT_3D('',#3450,#3451,#3452);
#3450 = CARTESIAN_POINT('',(165.3,123.29999934641,5.));
#3451 = DIRECTION('',(0.,0.,1.));
#3452 = DIRECTION('',(1.,0.,0.));
#3453 = ADVANCED_FACE('',(#3454),#3473,.F.);
#3454 = FACE_BOUND('',#3455,.F.);
#3455 = EDGE_LOOP('',(#3456,#3457,#3458,#3467));
#3456 = ORIENTED_EDGE('',*,*,#1099,.F.);
#3457 = ORIENTED_EDGE('',*,*,#3420,.T.);
#3458 = ORIENTED_EDGE('',*,*,#3459,.T.);
#3459 = EDGE_CURVE('',#3413,#3460,#3462,.T.);
#3460 = VERTEX_POINT('',#3461);
#3461 = CARTESIAN_POINT('',(165.3,105.24999934641,1.5));
#3462 = CIRCLE('',#3463,1.);
#3463 = AXIS2_PLACEMENT_3D('',#3464,#3465,#3466);
#3464 = CARTESIAN_POINT('',(165.3,106.24999934641,1.5));
#3465 = DIRECTION('',(0.,0.,1.));
#3466 = DIRECTION('',(1.,0.,0.));
#3467 = ORIENTED_EDGE('',*,*,#3468,.F.);
#3468 = EDGE_CURVE('',#1092,#3460,#3469,.T.);
#3469 = LINE('',#3470,#3471);
#3470 = CARTESIAN_POINT('',(165.3,105.24999934641,5.));
#3471 = VECTOR('',#3472,1.);
#3472 = DIRECTION('',(-0.,-0.,-1.));
#3473 = CYLINDRICAL_SURFACE('',#3474,1.);
#3474 = AXIS2_PLACEMENT_3D('',#3475,#3476,#3477);
#3475 = CARTESIAN_POINT('',(165.3,106.24999934641,5.));
#3476 = DIRECTION('',(0.,0.,1.));
#3477 = DIRECTION('',(1.,0.,0.));
#3478 = ADVANCED_FACE('',(#3479),#3492,.T.);
#3479 = FACE_BOUND('',#3480,.T.);
#3480 = EDGE_LOOP('',(#3481,#3482,#3483,#3484,#3485,#3486));
#3481 = ORIENTED_EDGE('',*,*,#1057,.T.);
#3482 = ORIENTED_EDGE('',*,*,#3435,.T.);
#3483 = ORIENTED_EDGE('',*,*,#2479,.T.);
#3484 = ORIENTED_EDGE('',*,*,#2471,.F.);
#3485 = ORIENTED_EDGE('',*,*,#2463,.F.);
#3486 = ORIENTED_EDGE('',*,*,#3487,.F.);
#3487 = EDGE_CURVE('',#1058,#2456,#3488,.T.);
#3488 = LINE('',#3489,#3490);
#3489 = CARTESIAN_POINT('',(239.5,124.29999934641,5.));
#3490 = VECTOR('',#3491,1.);
#3491 = DIRECTION('',(-0.,-0.,-1.));
#3492 = PLANE('',#3493);
#3493 = AXIS2_PLACEMENT_3D('',#3494,#3495,#3496);
#3494 = CARTESIAN_POINT('',(202.4,124.29999934641,2.75));
#3495 = DIRECTION('',(-0.,-1.,-0.));
#3496 = DIRECTION('',(0.,0.,-1.));
#3497 = ADVANCED_FACE('',(#3498),#3516,.F.);
#3498 = FACE_BOUND('',#3499,.F.);
#3499 = EDGE_LOOP('',(#3500,#3501,#3502,#3510));
#3500 = ORIENTED_EDGE('',*,*,#1091,.F.);
#3501 = ORIENTED_EDGE('',*,*,#3468,.T.);
#3502 = ORIENTED_EDGE('',*,*,#3503,.F.);
#3503 = EDGE_CURVE('',#3504,#3460,#3506,.T.);
#3504 = VERTEX_POINT('',#3505);
#3505 = CARTESIAN_POINT('',(239.5,105.24999934641,1.5));
#3506 = LINE('',#3507,#3508);
#3507 = CARTESIAN_POINT('',(172.6,105.24999934641,1.5));
#3508 = VECTOR('',#3509,1.);
#3509 = DIRECTION('',(-1.,0.,0.));
#3510 = ORIENTED_EDGE('',*,*,#3511,.F.);
#3511 = EDGE_CURVE('',#1083,#3504,#3512,.T.);
#3512 = LINE('',#3513,#3514);
#3513 = CARTESIAN_POINT('',(239.5,105.24999934641,5.));
#3514 = VECTOR('',#3515,1.);
#3515 = DIRECTION('',(-0.,-0.,-1.));
#3516 = PLANE('',#3517);
#3517 = AXIS2_PLACEMENT_3D('',#3518,#3519,#3520);
#3518 = CARTESIAN_POINT('',(165.3,105.24999934641,5.));
#3519 = DIRECTION('',(0.,-1.,0.));
#3520 = DIRECTION('',(1.,0.,0.));
#3521 = ADVANCED_FACE('',(#3522),#3541,.F.);
#3522 = FACE_BOUND('',#3523,.F.);
#3523 = EDGE_LOOP('',(#3524,#3525,#3533,#3540));
#3524 = ORIENTED_EDGE('',*,*,#1065,.F.);
#3525 = ORIENTED_EDGE('',*,*,#3526,.T.);
#3526 = EDGE_CURVE('',#1066,#3527,#3529,.T.);
#3527 = VERTEX_POINT('',#3528);
#3528 = CARTESIAN_POINT('',(240.5,123.29999934641,1.5));
#3529 = LINE('',#3530,#3531);
#3530 = CARTESIAN_POINT('',(240.5,123.29999934641,5.));
#3531 = VECTOR('',#3532,1.);
#3532 = DIRECTION('',(-0.,-0.,-1.));
#3533 = ORIENTED_EDGE('',*,*,#3534,.T.);
#3534 = EDGE_CURVE('',#3527,#2456,#3535,.T.);
#3535 = CIRCLE('',#3536,1.);
#3536 = AXIS2_PLACEMENT_3D('',#3537,#3538,#3539);
#3537 = CARTESIAN_POINT('',(239.5,123.29999934641,1.5));
#3538 = DIRECTION('',(0.,0.,1.));
#3539 = DIRECTION('',(1.,0.,0.));
#3540 = ORIENTED_EDGE('',*,*,#3487,.F.);
#3541 = CYLINDRICAL_SURFACE('',#3542,1.);
#3542 = AXIS2_PLACEMENT_3D('',#3543,#3544,#3545);
#3543 = CARTESIAN_POINT('',(239.5,123.29999934641,5.));
#3544 = DIRECTION('',(0.,0.,1.));
#3545 = DIRECTION('',(1.,0.,0.));
#3546 = ADVANCED_FACE('',(#3547),#3566,.F.);
#3547 = FACE_BOUND('',#3548,.F.);
#3548 = EDGE_LOOP('',(#3549,#3550,#3551,#3560));
#3549 = ORIENTED_EDGE('',*,*,#1082,.F.);
#3550 = ORIENTED_EDGE('',*,*,#3511,.T.);
#3551 = ORIENTED_EDGE('',*,*,#3552,.T.);
#3552 = EDGE_CURVE('',#3504,#3553,#3555,.T.);
#3553 = VERTEX_POINT('',#3554);
#3554 = CARTESIAN_POINT('',(240.5,106.24999934641,1.5));
#3555 = CIRCLE('',#3556,1.);
#3556 = AXIS2_PLACEMENT_3D('',#3557,#3558,#3559);
#3557 = CARTESIAN_POINT('',(239.5,106.24999934641,1.5));
#3558 = DIRECTION('',(0.,0.,1.));
#3559 = DIRECTION('',(1.,0.,0.));
#3560 = ORIENTED_EDGE('',*,*,#3561,.F.);
#3561 = EDGE_CURVE('',#1075,#3553,#3562,.T.);
#3562 = LINE('',#3563,#3564);
#3563 = CARTESIAN_POINT('',(240.5,106.24999934641,5.));
#3564 = VECTOR('',#3565,1.);
#3565 = DIRECTION('',(-0.,-0.,-1.));
#3566 = CYLINDRICAL_SURFACE('',#3567,1.);
#3567 = AXIS2_PLACEMENT_3D('',#3568,#3569,#3570);
#3568 = CARTESIAN_POINT('',(239.5,106.24999934641,5.));
#3569 = DIRECTION('',(0.,0.,1.));
#3570 = DIRECTION('',(1.,0.,0.));
#3571 = ADVANCED_FACE('',(#3572),#3583,.F.);
#3572 = FACE_BOUND('',#3573,.F.);
#3573 = EDGE_LOOP('',(#3574,#3575,#3576,#3582));
#3574 = ORIENTED_EDGE('',*,*,#1074,.F.);
#3575 = ORIENTED_EDGE('',*,*,#3561,.T.);
#3576 = ORIENTED_EDGE('',*,*,#3577,.F.);
#3577 = EDGE_CURVE('',#3527,#3553,#3578,.T.);
#3578 = LINE('',#3579,#3580);
#3579 = CARTESIAN_POINT('',(240.5,85.449999673205,1.5));
#3580 = VECTOR('',#3581,1.);
#3581 = DIRECTION('',(0.,-1.,0.));
#3582 = ORIENTED_EDGE('',*,*,#3526,.F.);
#3583 = PLANE('',#3584);
#3584 = AXIS2_PLACEMENT_3D('',#3585,#3586,#3587);
#3585 = CARTESIAN_POINT('',(240.5,106.24999934641,5.));
#3586 = DIRECTION('',(1.,0.,0.));
#3587 = DIRECTION('',(0.,1.,0.));
#3588 = ADVANCED_FACE('',(#3589),#3615,.F.);
#3589 = FACE_BOUND('',#3590,.F.);
#3590 = EDGE_LOOP('',(#3591,#3599,#3608,#3614));
#3591 = ORIENTED_EDGE('',*,*,#3592,.T.);
#3592 = EDGE_CURVE('',#1109,#3593,#3595,.T.);
#3593 = VERTEX_POINT('',#3594);
#3594 = CARTESIAN_POINT('',(244.7625,110.775,4.));
#3595 = LINE('',#3596,#3597);
#3596 = CARTESIAN_POINT('',(244.7625,110.775,5.));
#3597 = VECTOR('',#3598,1.);
#3598 = DIRECTION('',(-0.,-0.,-1.));
#3599 = ORIENTED_EDGE('',*,*,#3600,.T.);
#3600 = EDGE_CURVE('',#3593,#3601,#3603,.T.);
#3601 = VERTEX_POINT('',#3602);
#3602 = CARTESIAN_POINT('',(245.7625,110.775,4.));
#3603 = CIRCLE('',#3604,0.5);
#3604 = AXIS2_PLACEMENT_3D('',#3605,#3606,#3607);
#3605 = CARTESIAN_POINT('',(245.2625,110.775,4.));
#3606 = DIRECTION('',(0.,0.,1.));
#3607 = DIRECTION('',(1.,0.,0.));
#3608 = ORIENTED_EDGE('',*,*,#3609,.F.);
#3609 = EDGE_CURVE('',#1111,#3601,#3610,.T.);
#3610 = LINE('',#3611,#3612);
#3611 = CARTESIAN_POINT('',(245.7625,110.775,5.));
#3612 = VECTOR('',#3613,1.);
#3613 = DIRECTION('',(-0.,-0.,-1.));
#3614 = ORIENTED_EDGE('',*,*,#1108,.F.);
#3615 = CYLINDRICAL_SURFACE('',#3616,0.5);
#3616 = AXIS2_PLACEMENT_3D('',#3617,#3618,#3619);
#3617 = CARTESIAN_POINT('',(245.2625,110.775,5.));
#3618 = DIRECTION('',(0.,0.,1.));
#3619 = DIRECTION('',(1.,0.,-0.));
#3620 = ADVANCED_FACE('',(#3621),#3639,.F.);
#3621 = FACE_BOUND('',#3622,.F.);
#3622 = EDGE_LOOP('',(#3623,#3624,#3632,#3638));
#3623 = ORIENTED_EDGE('',*,*,#3609,.T.);
#3624 = ORIENTED_EDGE('',*,*,#3625,.T.);
#3625 = EDGE_CURVE('',#3601,#3626,#3628,.T.);
#3626 = VERTEX_POINT('',#3627);
#3627 = CARTESIAN_POINT('',(245.7625,118.775,4.));
#3628 = LINE('',#3629,#3630);
#3629 = CARTESIAN_POINT('',(245.7625,110.775,4.));
#3630 = VECTOR('',#3631,1.);
#3631 = DIRECTION('',(0.,1.,0.));
#3632 = ORIENTED_EDGE('',*,*,#3633,.F.);
#3633 = EDGE_CURVE('',#1128,#3626,#3634,.T.);
#3634 = LINE('',#3635,#3636);
#3635 = CARTESIAN_POINT('',(245.7625,118.775,5.));
#3636 = VECTOR('',#3637,1.);
#3637 = DIRECTION('',(-0.,-0.,-1.));
#3638 = ORIENTED_EDGE('',*,*,#1136,.F.);
#3639 = PLANE('',#3640);
#3640 = AXIS2_PLACEMENT_3D('',#3641,#3642,#3643);
#3641 = CARTESIAN_POINT('',(245.7625,110.775,5.));
#3642 = DIRECTION('',(1.,0.,0.));
#3643 = DIRECTION('',(-0.,1.,0.));
#3644 = ADVANCED_FACE('',(#3645),#3664,.F.);
#3645 = FACE_BOUND('',#3646,.F.);
#3646 = EDGE_LOOP('',(#3647,#3648,#3657,#3663));
#3647 = ORIENTED_EDGE('',*,*,#3633,.T.);
#3648 = ORIENTED_EDGE('',*,*,#3649,.T.);
#3649 = EDGE_CURVE('',#3626,#3650,#3652,.T.);
#3650 = VERTEX_POINT('',#3651);
#3651 = CARTESIAN_POINT('',(244.7625,118.775,4.));
#3652 = CIRCLE('',#3653,0.5);
#3653 = AXIS2_PLACEMENT_3D('',#3654,#3655,#3656);
#3654 = CARTESIAN_POINT('',(245.2625,118.775,4.));
#3655 = DIRECTION('',(0.,0.,1.));
#3656 = DIRECTION('',(1.,0.,0.));
#3657 = ORIENTED_EDGE('',*,*,#3658,.F.);
#3658 = EDGE_CURVE('',#1120,#3650,#3659,.T.);
#3659 = LINE('',#3660,#3661);
#3660 = CARTESIAN_POINT('',(244.7625,118.775,5.));
#3661 = VECTOR('',#3662,1.);
#3662 = DIRECTION('',(-0.,-0.,-1.));
#3663 = ORIENTED_EDGE('',*,*,#1127,.F.);
#3664 = CYLINDRICAL_SURFACE('',#3665,0.5);
#3665 = AXIS2_PLACEMENT_3D('',#3666,#3667,#3668);
#3666 = CARTESIAN_POINT('',(245.2625,118.775,5.));
#3667 = DIRECTION('',(0.,0.,1.));
#3668 = DIRECTION('',(1.,0.,-0.));
#3669 = ADVANCED_FACE('',(#3670),#3681,.T.);
#3670 = FACE_BOUND('',#3671,.T.);
#3671 = EDGE_LOOP('',(#3672,#3673,#3679,#3680));
#3672 = ORIENTED_EDGE('',*,*,#3592,.T.);
#3673 = ORIENTED_EDGE('',*,*,#3674,.T.);
#3674 = EDGE_CURVE('',#3593,#3650,#3675,.T.);
#3675 = LINE('',#3676,#3677);
#3676 = CARTESIAN_POINT('',(244.7625,110.775,4.));
#3677 = VECTOR('',#3678,1.);
#3678 = DIRECTION('',(0.,1.,0.));
#3679 = ORIENTED_EDGE('',*,*,#3658,.F.);
#3680 = ORIENTED_EDGE('',*,*,#1119,.F.);
#3681 = PLANE('',#3682);
#3682 = AXIS2_PLACEMENT_3D('',#3683,#3684,#3685);
#3683 = CARTESIAN_POINT('',(244.7625,110.775,5.));
#3684 = DIRECTION('',(1.,0.,0.));
#3685 = DIRECTION('',(-0.,1.,0.));
#3686 = ADVANCED_FACE('',(#3687),#3712,.F.);
#3687 = FACE_BOUND('',#3688,.F.);
#3688 = EDGE_LOOP('',(#3689,#3690,#3698,#3706));
#3689 = ORIENTED_EDGE('',*,*,#1144,.F.);
#3690 = ORIENTED_EDGE('',*,*,#3691,.T.);
#3691 = EDGE_CURVE('',#1145,#3692,#3694,.T.);
#3692 = VERTEX_POINT('',#3693);
#3693 = CARTESIAN_POINT('',(250.025,123.29999934641,1.5));
#3694 = LINE('',#3695,#3696);
#3695 = CARTESIAN_POINT('',(250.025,123.29999934641,5.));
#3696 = VECTOR('',#3697,1.);
#3697 = DIRECTION('',(-0.,-0.,-1.));
#3698 = ORIENTED_EDGE('',*,*,#3699,.F.);
#3699 = EDGE_CURVE('',#3700,#3692,#3702,.T.);
#3700 = VERTEX_POINT('',#3701);
#3701 = CARTESIAN_POINT('',(250.025,106.24999934641,1.5));
#3702 = LINE('',#3703,#3704);
#3703 = CARTESIAN_POINT('',(250.025,93.974999673205,1.5));
#3704 = VECTOR('',#3705,1.);
#3705 = DIRECTION('',(0.,1.,0.));
#3706 = ORIENTED_EDGE('',*,*,#3707,.F.);
#3707 = EDGE_CURVE('',#1147,#3700,#3708,.T.);
#3708 = LINE('',#3709,#3710);
#3709 = CARTESIAN_POINT('',(250.025,106.24999934641,5.));
#3710 = VECTOR('',#3711,1.);
#3711 = DIRECTION('',(-0.,-0.,-1.));
#3712 = PLANE('',#3713);
#3713 = AXIS2_PLACEMENT_3D('',#3714,#3715,#3716);
#3714 = CARTESIAN_POINT('',(250.025,123.29999934641,5.));
#3715 = DIRECTION('',(-1.,0.,0.));
#3716 = DIRECTION('',(0.,-1.,0.));
#3717 = ADVANCED_FACE('',(#3718),#3735,.F.);
#3718 = FACE_BOUND('',#3719,.F.);
#3719 = EDGE_LOOP('',(#3720,#3721,#3727,#3734));
#3720 = ORIENTED_EDGE('',*,*,#1154,.F.);
#3721 = ORIENTED_EDGE('',*,*,#3722,.T.);
#3722 = EDGE_CURVE('',#1155,#2448,#3723,.T.);
#3723 = LINE('',#3724,#3725);
#3724 = CARTESIAN_POINT('',(251.025,124.29999934641,5.));
#3725 = VECTOR('',#3726,1.);
#3726 = DIRECTION('',(-0.,-0.,-1.));
#3727 = ORIENTED_EDGE('',*,*,#3728,.T.);
#3728 = EDGE_CURVE('',#2448,#3692,#3729,.T.);
#3729 = CIRCLE('',#3730,1.);
#3730 = AXIS2_PLACEMENT_3D('',#3731,#3732,#3733);
#3731 = CARTESIAN_POINT('',(251.025,123.29999934641,1.5));
#3732 = DIRECTION('',(0.,0.,1.));
#3733 = DIRECTION('',(1.,0.,0.));
#3734 = ORIENTED_EDGE('',*,*,#3691,.F.);
#3735 = CYLINDRICAL_SURFACE('',#3736,1.);
#3736 = AXIS2_PLACEMENT_3D('',#3737,#3738,#3739);
#3737 = CARTESIAN_POINT('',(251.025,123.29999934641,5.));
#3738 = DIRECTION('',(0.,0.,1.));
#3739 = DIRECTION('',(1.,0.,0.));
#3740 = ADVANCED_FACE('',(#3741),#3760,.F.);
#3741 = FACE_BOUND('',#3742,.F.);
#3742 = EDGE_LOOP('',(#3743,#3744,#3745,#3754));
#3743 = ORIENTED_EDGE('',*,*,#1205,.F.);
#3744 = ORIENTED_EDGE('',*,*,#3707,.T.);
#3745 = ORIENTED_EDGE('',*,*,#3746,.T.);
#3746 = EDGE_CURVE('',#3700,#3747,#3749,.T.);
#3747 = VERTEX_POINT('',#3748);
#3748 = CARTESIAN_POINT('',(251.025,105.24999934641,1.5));
#3749 = CIRCLE('',#3750,1.);
#3750 = AXIS2_PLACEMENT_3D('',#3751,#3752,#3753);
#3751 = CARTESIAN_POINT('',(251.025,106.24999934641,1.5));
#3752 = DIRECTION('',(0.,0.,1.));
#3753 = DIRECTION('',(1.,0.,0.));
#3754 = ORIENTED_EDGE('',*,*,#3755,.F.);
#3755 = EDGE_CURVE('',#1198,#3747,#3756,.T.);
#3756 = LINE('',#3757,#3758);
#3757 = CARTESIAN_POINT('',(251.025,105.24999934641,5.));
#3758 = VECTOR('',#3759,1.);
#3759 = DIRECTION('',(-0.,-0.,-1.));
#3760 = CYLINDRICAL_SURFACE('',#3761,1.);
#3761 = AXIS2_PLACEMENT_3D('',#3762,#3763,#3764);
#3762 = CARTESIAN_POINT('',(251.025,106.24999934641,5.));
#3763 = DIRECTION('',(0.,0.,1.));
#3764 = DIRECTION('',(1.,0.,0.));
#3765 = ADVANCED_FACE('',(#3766),#3779,.T.);
#3766 = FACE_BOUND('',#3767,.T.);
#3767 = EDGE_LOOP('',(#3768,#3769,#3770,#3771,#3772,#3773));
#3768 = ORIENTED_EDGE('',*,*,#1163,.T.);
#3769 = ORIENTED_EDGE('',*,*,#3722,.T.);
#3770 = ORIENTED_EDGE('',*,*,#2447,.T.);
#3771 = ORIENTED_EDGE('',*,*,#2439,.F.);
#3772 = ORIENTED_EDGE('',*,*,#2431,.F.);
#3773 = ORIENTED_EDGE('',*,*,#3774,.F.);
#3774 = EDGE_CURVE('',#1164,#2424,#3775,.T.);
#3775 = LINE('',#3776,#3777);
#3776 = CARTESIAN_POINT('',(325.225,124.29999934641,5.));
#3777 = VECTOR('',#3778,1.);
#3778 = DIRECTION('',(-0.,-0.,-1.));
#3779 = PLANE('',#3780);
#3780 = AXIS2_PLACEMENT_3D('',#3781,#3782,#3783);
#3781 = CARTESIAN_POINT('',(288.125,124.29999934641,2.75));
#3782 = DIRECTION('',(-0.,-1.,-0.));
#3783 = DIRECTION('',(0.,0.,-1.));
#3784 = ADVANCED_FACE('',(#3785),#3803,.F.);
#3785 = FACE_BOUND('',#3786,.F.);
#3786 = EDGE_LOOP('',(#3787,#3788,#3789,#3797));
#3787 = ORIENTED_EDGE('',*,*,#1197,.F.);
#3788 = ORIENTED_EDGE('',*,*,#3755,.T.);
#3789 = ORIENTED_EDGE('',*,*,#3790,.F.);
#3790 = EDGE_CURVE('',#3791,#3747,#3793,.T.);
#3791 = VERTEX_POINT('',#3792);
#3792 = CARTESIAN_POINT('',(325.225,105.24999934641,1.5));
#3793 = LINE('',#3794,#3795);
#3794 = CARTESIAN_POINT('',(215.4625,105.24999934641,1.5));
#3795 = VECTOR('',#3796,1.);
#3796 = DIRECTION('',(-1.,0.,0.));
#3797 = ORIENTED_EDGE('',*,*,#3798,.F.);
#3798 = EDGE_CURVE('',#1189,#3791,#3799,.T.);
#3799 = LINE('',#3800,#3801);
#3800 = CARTESIAN_POINT('',(325.225,105.24999934641,5.));
#3801 = VECTOR('',#3802,1.);
#3802 = DIRECTION('',(-0.,-0.,-1.));
#3803 = PLANE('',#3804);
#3804 = AXIS2_PLACEMENT_3D('',#3805,#3806,#3807);
#3805 = CARTESIAN_POINT('',(251.025,105.24999934641,5.));
#3806 = DIRECTION('',(0.,-1.,0.));
#3807 = DIRECTION('',(1.,0.,0.));
#3808 = ADVANCED_FACE('',(#3809),#3828,.F.);
#3809 = FACE_BOUND('',#3810,.F.);
#3810 = EDGE_LOOP('',(#3811,#3812,#3820,#3827));
#3811 = ORIENTED_EDGE('',*,*,#1171,.F.);
#3812 = ORIENTED_EDGE('',*,*,#3813,.T.);
#3813 = EDGE_CURVE('',#1172,#3814,#3816,.T.);
#3814 = VERTEX_POINT('',#3815);
#3815 = CARTESIAN_POINT('',(326.225,123.29999934641,1.5));
#3816 = LINE('',#3817,#3818);
#3817 = CARTESIAN_POINT('',(326.225,123.29999934641,5.));
#3818 = VECTOR('',#3819,1.);
#3819 = DIRECTION('',(-0.,-0.,-1.));
#3820 = ORIENTED_EDGE('',*,*,#3821,.T.);
#3821 = EDGE_CURVE('',#3814,#2424,#3822,.T.);
#3822 = CIRCLE('',#3823,1.);
#3823 = AXIS2_PLACEMENT_3D('',#3824,#3825,#3826);
#3824 = CARTESIAN_POINT('',(325.225,123.29999934641,1.5));
#3825 = DIRECTION('',(0.,0.,1.));
#3826 = DIRECTION('',(1.,0.,0.));
#3827 = ORIENTED_EDGE('',*,*,#3774,.F.);
#3828 = CYLINDRICAL_SURFACE('',#3829,1.);
#3829 = AXIS2_PLACEMENT_3D('',#3830,#3831,#3832);
#3830 = CARTESIAN_POINT('',(325.225,123.29999934641,5.));
#3831 = DIRECTION('',(0.,0.,1.));
#3832 = DIRECTION('',(1.,0.,0.));
#3833 = ADVANCED_FACE('',(#3834),#3853,.F.);
#3834 = FACE_BOUND('',#3835,.F.);
#3835 = EDGE_LOOP('',(#3836,#3837,#3838,#3847));
#3836 = ORIENTED_EDGE('',*,*,#1188,.F.);
#3837 = ORIENTED_EDGE('',*,*,#3798,.T.);
#3838 = ORIENTED_EDGE('',*,*,#3839,.T.);
#3839 = EDGE_CURVE('',#3791,#3840,#3842,.T.);
#3840 = VERTEX_POINT('',#3841);
#3841 = CARTESIAN_POINT('',(326.225,106.24999934641,1.5));
#3842 = CIRCLE('',#3843,1.);
#3843 = AXIS2_PLACEMENT_3D('',#3844,#3845,#3846);
#3844 = CARTESIAN_POINT('',(325.225,106.24999934641,1.5));
#3845 = DIRECTION('',(0.,0.,1.));
#3846 = DIRECTION('',(1.,0.,0.));
#3847 = ORIENTED_EDGE('',*,*,#3848,.F.);
#3848 = EDGE_CURVE('',#1181,#3840,#3849,.T.);
#3849 = LINE('',#3850,#3851);
#3850 = CARTESIAN_POINT('',(326.225,106.24999934641,5.));
#3851 = VECTOR('',#3852,1.);
#3852 = DIRECTION('',(-0.,-0.,-1.));
#3853 = CYLINDRICAL_SURFACE('',#3854,1.);
#3854 = AXIS2_PLACEMENT_3D('',#3855,#3856,#3857);
#3855 = CARTESIAN_POINT('',(325.225,106.24999934641,5.));
#3856 = DIRECTION('',(0.,0.,1.));
#3857 = DIRECTION('',(1.,0.,0.));
#3858 = ADVANCED_FACE('',(#3859),#3870,.F.);
#3859 = FACE_BOUND('',#3860,.F.);
#3860 = EDGE_LOOP('',(#3861,#3862,#3863,#3869));
#3861 = ORIENTED_EDGE('',*,*,#1180,.F.);
#3862 = ORIENTED_EDGE('',*,*,#3848,.T.);
#3863 = ORIENTED_EDGE('',*,*,#3864,.F.);
#3864 = EDGE_CURVE('',#3814,#3840,#3865,.T.);
#3865 = LINE('',#3866,#3867);
#3866 = CARTESIAN_POINT('',(326.225,85.449999673205,1.5));
#3867 = VECTOR('',#3868,1.);
#3868 = DIRECTION('',(0.,-1.,0.));
#3869 = ORIENTED_EDGE('',*,*,#3813,.F.);
#3870 = PLANE('',#3871);
#3871 = AXIS2_PLACEMENT_3D('',#3872,#3873,#3874);
#3872 = CARTESIAN_POINT('',(326.225,106.24999934641,5.));
#3873 = DIRECTION('',(1.,0.,0.));
#3874 = DIRECTION('',(0.,1.,0.));
#3875 = ADVANCED_FACE('',(#3876),#3902,.F.);
#3876 = FACE_BOUND('',#3877,.F.);
#3877 = EDGE_LOOP('',(#3878,#3886,#3895,#3901));
#3878 = ORIENTED_EDGE('',*,*,#3879,.T.);
#3879 = EDGE_CURVE('',#1215,#3880,#3882,.T.);
#3880 = VERTEX_POINT('',#3881);
#3881 = CARTESIAN_POINT('',(330.4875,110.775,4.));
#3882 = LINE('',#3883,#3884);
#3883 = CARTESIAN_POINT('',(330.4875,110.775,5.));
#3884 = VECTOR('',#3885,1.);
#3885 = DIRECTION('',(-0.,-0.,-1.));
#3886 = ORIENTED_EDGE('',*,*,#3887,.T.);
#3887 = EDGE_CURVE('',#3880,#3888,#3890,.T.);
#3888 = VERTEX_POINT('',#3889);
#3889 = CARTESIAN_POINT('',(331.4875,110.775,4.));
#3890 = CIRCLE('',#3891,0.5);
#3891 = AXIS2_PLACEMENT_3D('',#3892,#3893,#3894);
#3892 = CARTESIAN_POINT('',(330.9875,110.775,4.));
#3893 = DIRECTION('',(0.,0.,1.));
#3894 = DIRECTION('',(1.,0.,0.));
#3895 = ORIENTED_EDGE('',*,*,#3896,.F.);
#3896 = EDGE_CURVE('',#1217,#3888,#3897,.T.);
#3897 = LINE('',#3898,#3899);
#3898 = CARTESIAN_POINT('',(331.4875,110.775,5.));
#3899 = VECTOR('',#3900,1.);
#3900 = DIRECTION('',(-0.,-0.,-1.));
#3901 = ORIENTED_EDGE('',*,*,#1214,.F.);
#3902 = CYLINDRICAL_SURFACE('',#3903,0.5);
#3903 = AXIS2_PLACEMENT_3D('',#3904,#3905,#3906);
#3904 = CARTESIAN_POINT('',(330.9875,110.775,5.));
#3905 = DIRECTION('',(0.,0.,1.));
#3906 = DIRECTION('',(1.,0.,-0.));
#3907 = ADVANCED_FACE('',(#3908),#3926,.F.);
#3908 = FACE_BOUND('',#3909,.F.);
#3909 = EDGE_LOOP('',(#3910,#3911,#3919,#3925));
#3910 = ORIENTED_EDGE('',*,*,#3896,.T.);
#3911 = ORIENTED_EDGE('',*,*,#3912,.T.);
#3912 = EDGE_CURVE('',#3888,#3913,#3915,.T.);
#3913 = VERTEX_POINT('',#3914);
#3914 = CARTESIAN_POINT('',(331.4875,118.775,4.));
#3915 = LINE('',#3916,#3917);
#3916 = CARTESIAN_POINT('',(331.4875,110.775,4.));
#3917 = VECTOR('',#3918,1.);
#3918 = DIRECTION('',(0.,1.,0.));
#3919 = ORIENTED_EDGE('',*,*,#3920,.F.);
#3920 = EDGE_CURVE('',#1234,#3913,#3921,.T.);
#3921 = LINE('',#3922,#3923);
#3922 = CARTESIAN_POINT('',(331.4875,118.775,5.));
#3923 = VECTOR('',#3924,1.);
#3924 = DIRECTION('',(-0.,-0.,-1.));
#3925 = ORIENTED_EDGE('',*,*,#1242,.F.);
#3926 = PLANE('',#3927);
#3927 = AXIS2_PLACEMENT_3D('',#3928,#3929,#3930);
#3928 = CARTESIAN_POINT('',(331.4875,110.775,5.));
#3929 = DIRECTION('',(1.,0.,0.));
#3930 = DIRECTION('',(-0.,1.,0.));
#3931 = ADVANCED_FACE('',(#3932),#3951,.F.);
#3932 = FACE_BOUND('',#3933,.F.);
#3933 = EDGE_LOOP('',(#3934,#3935,#3944,#3950));
#3934 = ORIENTED_EDGE('',*,*,#3920,.T.);
#3935 = ORIENTED_EDGE('',*,*,#3936,.T.);
#3936 = EDGE_CURVE('',#3913,#3937,#3939,.T.);
#3937 = VERTEX_POINT('',#3938);
#3938 = CARTESIAN_POINT('',(330.4875,118.775,4.));
#3939 = CIRCLE('',#3940,0.5);
#3940 = AXIS2_PLACEMENT_3D('',#3941,#3942,#3943);
#3941 = CARTESIAN_POINT('',(330.9875,118.775,4.));
#3942 = DIRECTION('',(0.,0.,1.));
#3943 = DIRECTION('',(1.,0.,0.));
#3944 = ORIENTED_EDGE('',*,*,#3945,.F.);
#3945 = EDGE_CURVE('',#1226,#3937,#3946,.T.);
#3946 = LINE('',#3947,#3948);
#3947 = CARTESIAN_POINT('',(330.4875,118.775,5.));
#3948 = VECTOR('',#3949,1.);
#3949 = DIRECTION('',(-0.,-0.,-1.));
#3950 = ORIENTED_EDGE('',*,*,#1233,.F.);
#3951 = CYLINDRICAL_SURFACE('',#3952,0.5);
#3952 = AXIS2_PLACEMENT_3D('',#3953,#3954,#3955);
#3953 = CARTESIAN_POINT('',(330.9875,118.775,5.));
#3954 = DIRECTION('',(0.,0.,1.));
#3955 = DIRECTION('',(1.,0.,-0.));
#3956 = ADVANCED_FACE('',(#3957),#3968,.T.);
#3957 = FACE_BOUND('',#3958,.T.);
#3958 = EDGE_LOOP('',(#3959,#3960,#3966,#3967));
#3959 = ORIENTED_EDGE('',*,*,#3879,.T.);
#3960 = ORIENTED_EDGE('',*,*,#3961,.T.);
#3961 = EDGE_CURVE('',#3880,#3937,#3962,.T.);
#3962 = LINE('',#3963,#3964);
#3963 = CARTESIAN_POINT('',(330.4875,110.775,4.));
#3964 = VECTOR('',#3965,1.);
#3965 = DIRECTION('',(0.,1.,0.));
#3966 = ORIENTED_EDGE('',*,*,#3945,.F.);
#3967 = ORIENTED_EDGE('',*,*,#1225,.F.);
#3968 = PLANE('',#3969);
#3969 = AXIS2_PLACEMENT_3D('',#3970,#3971,#3972);
#3970 = CARTESIAN_POINT('',(330.4875,110.775,5.));
#3971 = DIRECTION('',(1.,0.,0.));
#3972 = DIRECTION('',(-0.,1.,0.));
#3973 = ADVANCED_FACE('',(#3974),#3999,.F.);
#3974 = FACE_BOUND('',#3975,.F.);
#3975 = EDGE_LOOP('',(#3976,#3977,#3985,#3993));
#3976 = ORIENTED_EDGE('',*,*,#1250,.F.);
#3977 = ORIENTED_EDGE('',*,*,#3978,.T.);
#3978 = EDGE_CURVE('',#1251,#3979,#3981,.T.);
#3979 = VERTEX_POINT('',#3980);
#3980 = CARTESIAN_POINT('',(335.75,123.29999934641,1.5));
#3981 = LINE('',#3982,#3983);
#3982 = CARTESIAN_POINT('',(335.75,123.29999934641,5.));
#3983 = VECTOR('',#3984,1.);
#3984 = DIRECTION('',(-0.,-0.,-1.));
#3985 = ORIENTED_EDGE('',*,*,#3986,.F.);
#3986 = EDGE_CURVE('',#3987,#3979,#3989,.T.);
#3987 = VERTEX_POINT('',#3988);
#3988 = CARTESIAN_POINT('',(335.75,106.24999934641,1.5));
#3989 = LINE('',#3990,#3991);
#3990 = CARTESIAN_POINT('',(335.75,93.974999673205,1.5));
#3991 = VECTOR('',#3992,1.);
#3992 = DIRECTION('',(0.,1.,0.));
#3993 = ORIENTED_EDGE('',*,*,#3994,.F.);
#3994 = EDGE_CURVE('',#1253,#3987,#3995,.T.);
#3995 = LINE('',#3996,#3997);
#3996 = CARTESIAN_POINT('',(335.75,106.24999934641,5.));
#3997 = VECTOR('',#3998,1.);
#3998 = DIRECTION('',(-0.,-0.,-1.));
#3999 = PLANE('',#4000);
#4000 = AXIS2_PLACEMENT_3D('',#4001,#4002,#4003);
#4001 = CARTESIAN_POINT('',(335.75,123.29999934641,5.));
#4002 = DIRECTION('',(-1.,0.,0.));
#4003 = DIRECTION('',(0.,-1.,0.));
#4004 = ADVANCED_FACE('',(#4005),#4022,.F.);
#4005 = FACE_BOUND('',#4006,.F.);
#4006 = EDGE_LOOP('',(#4007,#4008,#4014,#4021));
#4007 = ORIENTED_EDGE('',*,*,#1260,.F.);
#4008 = ORIENTED_EDGE('',*,*,#4009,.T.);
#4009 = EDGE_CURVE('',#1261,#2416,#4010,.T.);
#4010 = LINE('',#4011,#4012);
#4011 = CARTESIAN_POINT('',(336.75,124.29999934641,5.));
#4012 = VECTOR('',#4013,1.);
#4013 = DIRECTION('',(-0.,-0.,-1.));
#4014 = ORIENTED_EDGE('',*,*,#4015,.T.);
#4015 = EDGE_CURVE('',#2416,#3979,#4016,.T.);
#4016 = CIRCLE('',#4017,1.);
#4017 = AXIS2_PLACEMENT_3D('',#4018,#4019,#4020);
#4018 = CARTESIAN_POINT('',(336.75,123.29999934641,1.5));
#4019 = DIRECTION('',(0.,0.,1.));
#4020 = DIRECTION('',(1.,0.,0.));
#4021 = ORIENTED_EDGE('',*,*,#3978,.F.);
#4022 = CYLINDRICAL_SURFACE('',#4023,1.);
#4023 = AXIS2_PLACEMENT_3D('',#4024,#4025,#4026);
#4024 = CARTESIAN_POINT('',(336.75,123.29999934641,5.));
#4025 = DIRECTION('',(0.,0.,1.));
#4026 = DIRECTION('',(1.,0.,0.));
#4027 = ADVANCED_FACE('',(#4028),#4047,.F.);
#4028 = FACE_BOUND('',#4029,.F.);
#4029 = EDGE_LOOP('',(#4030,#4031,#4032,#4041));
#4030 = ORIENTED_EDGE('',*,*,#1311,.F.);
#4031 = ORIENTED_EDGE('',*,*,#3994,.T.);
#4032 = ORIENTED_EDGE('',*,*,#4033,.T.);
#4033 = EDGE_CURVE('',#3987,#4034,#4036,.T.);
#4034 = VERTEX_POINT('',#4035);
#4035 = CARTESIAN_POINT('',(336.75,105.24999934641,1.5));
#4036 = CIRCLE('',#4037,1.);
#4037 = AXIS2_PLACEMENT_3D('',#4038,#4039,#4040);
#4038 = CARTESIAN_POINT('',(336.75,106.24999934641,1.5));
#4039 = DIRECTION('',(0.,0.,1.));
#4040 = DIRECTION('',(1.,0.,0.));
#4041 = ORIENTED_EDGE('',*,*,#4042,.F.);
#4042 = EDGE_CURVE('',#1304,#4034,#4043,.T.);
#4043 = LINE('',#4044,#4045);
#4044 = CARTESIAN_POINT('',(336.75,105.24999934641,5.));
#4045 = VECTOR('',#4046,1.);
#4046 = DIRECTION('',(-0.,-0.,-1.));
#4047 = CYLINDRICAL_SURFACE('',#4048,1.);
#4048 = AXIS2_PLACEMENT_3D('',#4049,#4050,#4051);
#4049 = CARTESIAN_POINT('',(336.75,106.24999934641,5.));
#4050 = DIRECTION('',(0.,0.,1.));
#4051 = DIRECTION('',(1.,0.,0.));
#4052 = ADVANCED_FACE('',(#4053),#4065,.T.);
#4053 = FACE_BOUND('',#4054,.T.);
#4054 = EDGE_LOOP('',(#4055,#4056,#4057,#4058,#4059));
#4055 = ORIENTED_EDGE('',*,*,#1269,.T.);
#4056 = ORIENTED_EDGE('',*,*,#4009,.T.);
#4057 = ORIENTED_EDGE('',*,*,#2415,.T.);
#4058 = ORIENTED_EDGE('',*,*,#2407,.F.);
#4059 = ORIENTED_EDGE('',*,*,#4060,.F.);
#4060 = EDGE_CURVE('',#1270,#2400,#4061,.T.);
#4061 = LINE('',#4062,#4063);
#4062 = CARTESIAN_POINT('',(353.8,124.29999934641,5.));
#4063 = VECTOR('',#4064,1.);
#4064 = DIRECTION('',(-0.,-0.,-1.));
#4065 = PLANE('',#4066);
#4066 = AXIS2_PLACEMENT_3D('',#4067,#4068,#4069);
#4067 = CARTESIAN_POINT('',(345.275,124.29999934641,2.75));
#4068 = DIRECTION('',(-0.,-1.,-0.));
#4069 = DIRECTION('',(0.,0.,-1.));
#4070 = ADVANCED_FACE('',(#4071),#4089,.F.);
#4071 = FACE_BOUND('',#4072,.F.);
#4072 = EDGE_LOOP('',(#4073,#4074,#4075,#4083));
#4073 = ORIENTED_EDGE('',*,*,#1303,.F.);
#4074 = ORIENTED_EDGE('',*,*,#4042,.T.);
#4075 = ORIENTED_EDGE('',*,*,#4076,.F.);
#4076 = EDGE_CURVE('',#4077,#4034,#4079,.T.);
#4077 = VERTEX_POINT('',#4078);
#4078 = CARTESIAN_POINT('',(353.8,105.24999934641,1.5));
#4079 = LINE('',#4080,#4081);
#4080 = CARTESIAN_POINT('',(258.325,105.24999934641,1.5));
#4081 = VECTOR('',#4082,1.);
#4082 = DIRECTION('',(-1.,0.,0.));
#4083 = ORIENTED_EDGE('',*,*,#4084,.F.);
#4084 = EDGE_CURVE('',#1295,#4077,#4085,.T.);
#4085 = LINE('',#4086,#4087);
#4086 = CARTESIAN_POINT('',(353.8,105.24999934641,5.));
#4087 = VECTOR('',#4088,1.);
#4088 = DIRECTION('',(-0.,-0.,-1.));
#4089 = PLANE('',#4090);
#4090 = AXIS2_PLACEMENT_3D('',#4091,#4092,#4093);
#4091 = CARTESIAN_POINT('',(336.75,105.24999934641,5.));
#4092 = DIRECTION('',(0.,-1.,0.));
#4093 = DIRECTION('',(1.,0.,0.));
#4094 = ADVANCED_FACE('',(#4095),#4107,.F.);
#4095 = FACE_BOUND('',#4096,.F.);
#4096 = EDGE_LOOP('',(#4097,#4104,#4105,#4106));
#4097 = ORIENTED_EDGE('',*,*,#4098,.T.);
#4098 = EDGE_CURVE('',#2291,#2400,#4099,.T.);
#4099 = CIRCLE('',#4100,1.);
#4100 = AXIS2_PLACEMENT_3D('',#4101,#4102,#4103);
#4101 = CARTESIAN_POINT('',(353.8,123.29999934641,0.5));
#4102 = DIRECTION('',(0.,0.,1.));
#4103 = DIRECTION('',(1.,0.,0.));
#4104 = ORIENTED_EDGE('',*,*,#4060,.F.);
#4105 = ORIENTED_EDGE('',*,*,#1277,.F.);
#4106 = ORIENTED_EDGE('',*,*,#2290,.T.);
#4107 = CYLINDRICAL_SURFACE('',#4108,1.);
#4108 = AXIS2_PLACEMENT_3D('',#4109,#4110,#4111);
#4109 = CARTESIAN_POINT('',(353.8,123.29999934641,5.));
#4110 = DIRECTION('',(0.,0.,1.));
#4111 = DIRECTION('',(1.,0.,0.));
#4112 = ADVANCED_FACE('',(#4113),#4125,.F.);
#4113 = FACE_BOUND('',#4114,.F.);
#4114 = EDGE_LOOP('',(#4115,#4116,#4117,#4124));
#4115 = ORIENTED_EDGE('',*,*,#1294,.F.);
#4116 = ORIENTED_EDGE('',*,*,#4084,.T.);
#4117 = ORIENTED_EDGE('',*,*,#4118,.T.);
#4118 = EDGE_CURVE('',#4077,#2276,#4119,.T.);
#4119 = CIRCLE('',#4120,1.);
#4120 = AXIS2_PLACEMENT_3D('',#4121,#4122,#4123);
#4121 = CARTESIAN_POINT('',(353.8,106.24999934641,1.5));
#4122 = DIRECTION('',(0.,0.,1.));
#4123 = DIRECTION('',(1.,0.,0.));
#4124 = ORIENTED_EDGE('',*,*,#2283,.F.);
#4125 = CYLINDRICAL_SURFACE('',#4126,1.);
#4126 = AXIS2_PLACEMENT_3D('',#4127,#4128,#4129);
#4127 = CARTESIAN_POINT('',(353.8,106.24999934641,5.));
#4128 = DIRECTION('',(0.,0.,1.));
#4129 = DIRECTION('',(1.,0.,0.));
#4130 = ADVANCED_FACE('',(#4131),#4142,.T.);
#4131 = FACE_BOUND('',#4132,.F.);
#4132 = EDGE_LOOP('',(#4133,#4134,#4135,#4141));
#4133 = ORIENTED_EDGE('',*,*,#1335,.F.);
#4134 = ORIENTED_EDGE('',*,*,#1455,.T.);
#4135 = ORIENTED_EDGE('',*,*,#4136,.T.);
#4136 = EDGE_CURVE('',#1447,#1740,#4137,.T.);
#4137 = LINE('',#4138,#4139);
#4138 = CARTESIAN_POINT('',(359.8,123.3,0.));
#4139 = VECTOR('',#4140,1.);
#4140 = DIRECTION('',(0.,0.,1.));
#4141 = ORIENTED_EDGE('',*,*,#1763,.T.);
#4142 = CYLINDRICAL_SURFACE('',#4143,6.);
#4143 = AXIS2_PLACEMENT_3D('',#4144,#4145,#4146);
#4144 = CARTESIAN_POINT('',(353.8,123.3,0.));
#4145 = DIRECTION('',(-0.,-0.,-1.));
#4146 = DIRECTION('',(1.,0.,0.));
#4147 = ADVANCED_FACE('',(#4148),#4154,.F.);
#4148 = FACE_BOUND('',#4149,.F.);
#4149 = EDGE_LOOP('',(#4150,#4151,#4152,#4153));
#4150 = ORIENTED_EDGE('',*,*,#4136,.F.);
#4151 = ORIENTED_EDGE('',*,*,#1471,.T.);
#4152 = ORIENTED_EDGE('',*,*,#1357,.T.);
#4153 = ORIENTED_EDGE('',*,*,#1748,.T.);
#4154 = PLANE('',#4155);
#4155 = AXIS2_PLACEMENT_3D('',#4156,#4157,#4158);
#4156 = CARTESIAN_POINT('',(359.8,6.,0.));
#4157 = DIRECTION('',(-1.,0.,0.));
#4158 = DIRECTION('',(0.,1.,0.));
#4159 = ADVANCED_FACE('',(#4160),#4187,.T.);
#4160 = FACE_BOUND('',#4161,.F.);
#4161 = EDGE_LOOP('',(#4162,#4171,#4179,#4186));
#4162 = ORIENTED_EDGE('',*,*,#4163,.T.);
#4163 = EDGE_CURVE('',#1506,#4164,#4166,.T.);
#4164 = VERTEX_POINT('',#4165);
#4165 = CARTESIAN_POINT('',(3.6,6.,0.));
#4166 = CIRCLE('',#4167,0.5);
#4167 = AXIS2_PLACEMENT_3D('',#4168,#4169,#4170);
#4168 = CARTESIAN_POINT('',(3.6,6.,0.5));
#4169 = DIRECTION('',(-0.,-1.,-0.));
#4170 = DIRECTION('',(-1.,0.,0.));
#4171 = ORIENTED_EDGE('',*,*,#4172,.T.);
#4172 = EDGE_CURVE('',#4164,#4173,#4175,.T.);
#4173 = VERTEX_POINT('',#4174);
#4174 = CARTESIAN_POINT('',(3.6,123.3,0.));
#4175 = LINE('',#4176,#4177);
#4176 = CARTESIAN_POINT('',(3.6,6.,-1.1E-16));
#4177 = VECTOR('',#4178,1.);
#4178 = DIRECTION('',(0.,1.,0.));
#4179 = ORIENTED_EDGE('',*,*,#4180,.F.);
#4180 = EDGE_CURVE('',#1515,#4173,#4181,.T.);
#4181 = CIRCLE('',#4182,0.5);
#4182 = AXIS2_PLACEMENT_3D('',#4183,#4184,#4185);
#4183 = CARTESIAN_POINT('',(3.6,123.3,0.5));
#4184 = DIRECTION('',(-0.,-1.,-0.));
#4185 = DIRECTION('',(-1.,0.,0.));
#4186 = ORIENTED_EDGE('',*,*,#1522,.F.);
#4187 = CYLINDRICAL_SURFACE('',#4188,0.5);
#4188 = AXIS2_PLACEMENT_3D('',#4189,#4190,#4191);
#4189 = CARTESIAN_POINT('',(3.6,6.,0.5));
#4190 = DIRECTION('',(0.,1.,0.));
#4191 = DIRECTION('',(-1.,0.,0.));
#4192 = ADVANCED_FACE('',(#4193),#4213,.T.);
#4193 = FACE_BOUND('',#4194,.T.);
#4194 = EDGE_LOOP('',(#4195,#4196,#4197,#4206));
#4195 = ORIENTED_EDGE('',*,*,#4180,.F.);
#4196 = ORIENTED_EDGE('',*,*,#1546,.T.);
#4197 = ORIENTED_EDGE('',*,*,#4198,.T.);
#4198 = EDGE_CURVE('',#1539,#4199,#4201,.T.);
#4199 = VERTEX_POINT('',#4200);
#4200 = CARTESIAN_POINT('',(5.999999999929,125.7,0.));
#4201 = CIRCLE('',#4202,0.5);
#4202 = AXIS2_PLACEMENT_3D('',#4203,#4204,#4205);
#4203 = CARTESIAN_POINT('',(5.999999999929,125.7,0.5));
#4204 = DIRECTION('',(-1.,-2.966877E-11,-0.));
#4205 = DIRECTION('',(-2.966877E-11,1.,0.));
#4206 = ORIENTED_EDGE('',*,*,#4207,.F.);
#4207 = EDGE_CURVE('',#4173,#4199,#4208,.T.);
#4208 = CIRCLE('',#4209,2.4);
#4209 = AXIS2_PLACEMENT_3D('',#4210,#4211,#4212);
#4210 = CARTESIAN_POINT('',(6.,123.3,0.));
#4211 = DIRECTION('',(0.,0.,-1.));
#4212 = DIRECTION('',(-1.,0.,0.));
#4213 = TOROIDAL_SURFACE('',#4214,2.4,0.5);
#4214 = AXIS2_PLACEMENT_3D('',#4215,#4216,#4217);
#4215 = CARTESIAN_POINT('',(6.,123.3,0.5));
#4216 = DIRECTION('',(-0.,-0.,-1.));
#4217 = DIRECTION('',(-1.,0.,0.));
#4218 = ADVANCED_FACE('',(#4219),#4238,.T.);
#4219 = FACE_BOUND('',#4220,.F.);
#4220 = EDGE_LOOP('',(#4221,#4222,#4230,#4237));
#4221 = ORIENTED_EDGE('',*,*,#4198,.T.);
#4222 = ORIENTED_EDGE('',*,*,#4223,.T.);
#4223 = EDGE_CURVE('',#4199,#4224,#4226,.T.);
#4224 = VERTEX_POINT('',#4225);
#4225 = CARTESIAN_POINT('',(353.80000000008,125.7,0.));
#4226 = LINE('',#4227,#4228);
#4227 = CARTESIAN_POINT('',(5.999999999914,125.7,-1.1E-16));
#4228 = VECTOR('',#4229,1.);
#4229 = DIRECTION('',(1.,0.,0.));
#4230 = ORIENTED_EDGE('',*,*,#4231,.F.);
#4231 = EDGE_CURVE('',#1564,#4224,#4232,.T.);
#4232 = CIRCLE('',#4233,0.5);
#4233 = AXIS2_PLACEMENT_3D('',#4234,#4235,#4236);
#4234 = CARTESIAN_POINT('',(353.80000000008,125.7,0.5));
#4235 = DIRECTION('',(-1.,0.,0.));
#4236 = DIRECTION('',(0.,1.,0.));
#4237 = ORIENTED_EDGE('',*,*,#1571,.F.);
#4238 = CYLINDRICAL_SURFACE('',#4239,0.5);
#4239 = AXIS2_PLACEMENT_3D('',#4240,#4241,#4242);
#4240 = CARTESIAN_POINT('',(5.999999999914,125.7,0.5));
#4241 = DIRECTION('',(1.,0.,0.));
#4242 = DIRECTION('',(0.,1.,0.));
#4243 = ADVANCED_FACE('',(#4244),#4264,.T.);
#4244 = FACE_BOUND('',#4245,.T.);
#4245 = EDGE_LOOP('',(#4246,#4247,#4248,#4257));
#4246 = ORIENTED_EDGE('',*,*,#4231,.F.);
#4247 = ORIENTED_EDGE('',*,*,#1595,.T.);
#4248 = ORIENTED_EDGE('',*,*,#4249,.T.);
#4249 = EDGE_CURVE('',#1588,#4250,#4252,.T.);
#4250 = VERTEX_POINT('',#4251);
#4251 = CARTESIAN_POINT('',(356.2,123.3,0.));
#4252 = CIRCLE('',#4253,0.5);
#4253 = AXIS2_PLACEMENT_3D('',#4254,#4255,#4256);
#4254 = CARTESIAN_POINT('',(356.2,123.3,0.5));
#4255 = DIRECTION('',(-1.47E-15,1.,0.));
#4256 = DIRECTION('',(1.,1.47E-15,0.));
#4257 = ORIENTED_EDGE('',*,*,#4258,.F.);
#4258 = EDGE_CURVE('',#4224,#4250,#4259,.T.);
#4259 = CIRCLE('',#4260,2.4);
#4260 = AXIS2_PLACEMENT_3D('',#4261,#4262,#4263);
#4261 = CARTESIAN_POINT('',(353.8,123.3,0.));
#4262 = DIRECTION('',(0.,0.,-1.));
#4263 = DIRECTION('',(2.967618E-11,1.,0.));
#4264 = TOROIDAL_SURFACE('',#4265,2.4,0.5);
#4265 = AXIS2_PLACEMENT_3D('',#4266,#4267,#4268);
#4266 = CARTESIAN_POINT('',(353.8,123.3,0.5));
#4267 = DIRECTION('',(-0.,-0.,-1.));
#4268 = DIRECTION('',(2.967618E-11,1.,0.));
#4269 = ADVANCED_FACE('',(#4270),#4289,.T.);
#4270 = FACE_BOUND('',#4271,.F.);
#4271 = EDGE_LOOP('',(#4272,#4273,#4281,#4288));
#4272 = ORIENTED_EDGE('',*,*,#4249,.T.);
#4273 = ORIENTED_EDGE('',*,*,#4274,.T.);
#4274 = EDGE_CURVE('',#4250,#4275,#4277,.T.);
#4275 = VERTEX_POINT('',#4276);
#4276 = CARTESIAN_POINT('',(356.2,6.,0.));
#4277 = LINE('',#4278,#4279);
#4278 = CARTESIAN_POINT('',(356.2,123.3,-1.1E-16));
#4279 = VECTOR('',#4280,1.);
#4280 = DIRECTION('',(0.,-1.,0.));
#4281 = ORIENTED_EDGE('',*,*,#4282,.F.);
#4282 = EDGE_CURVE('',#1613,#4275,#4283,.T.);
#4283 = CIRCLE('',#4284,0.5);
#4284 = AXIS2_PLACEMENT_3D('',#4285,#4286,#4287);
#4285 = CARTESIAN_POINT('',(356.2,6.,0.5));
#4286 = DIRECTION('',(-0.,1.,0.));
#4287 = DIRECTION('',(1.,0.,0.));
#4288 = ORIENTED_EDGE('',*,*,#1620,.F.);
#4289 = CYLINDRICAL_SURFACE('',#4290,0.5);
#4290 = AXIS2_PLACEMENT_3D('',#4291,#4292,#4293);
#4291 = CARTESIAN_POINT('',(356.2,123.3,0.5));
#4292 = DIRECTION('',(0.,-1.,0.));
#4293 = DIRECTION('',(1.,0.,0.));
#4294 = ADVANCED_FACE('',(#4295),#4315,.T.);
#4295 = FACE_BOUND('',#4296,.T.);
#4296 = EDGE_LOOP('',(#4297,#4298,#4299,#4308));
#4297 = ORIENTED_EDGE('',*,*,#4282,.F.);
#4298 = ORIENTED_EDGE('',*,*,#1644,.T.);
#4299 = ORIENTED_EDGE('',*,*,#4300,.T.);
#4300 = EDGE_CURVE('',#1637,#4301,#4303,.T.);
#4301 = VERTEX_POINT('',#4302);
#4302 = CARTESIAN_POINT('',(353.80000000007,3.6,0.));
#4303 = CIRCLE('',#4304,0.5);
#4304 = AXIS2_PLACEMENT_3D('',#4305,#4306,#4307);
#4305 = CARTESIAN_POINT('',(353.80000000007,3.6,0.5));
#4306 = DIRECTION('',(1.,2.966322E-11,0.));
#4307 = DIRECTION('',(2.966322E-11,-1.,0.));
#4308 = ORIENTED_EDGE('',*,*,#4309,.F.);
#4309 = EDGE_CURVE('',#4275,#4301,#4310,.T.);
#4310 = CIRCLE('',#4311,2.4);
#4311 = AXIS2_PLACEMENT_3D('',#4312,#4313,#4314);
#4312 = CARTESIAN_POINT('',(353.8,6.,0.));
#4313 = DIRECTION('',(0.,0.,-1.));
#4314 = DIRECTION('',(1.,0.,0.));
#4315 = TOROIDAL_SURFACE('',#4316,2.4,0.5);
#4316 = AXIS2_PLACEMENT_3D('',#4317,#4318,#4319);
#4317 = CARTESIAN_POINT('',(353.8,6.,0.5));
#4318 = DIRECTION('',(-0.,-0.,-1.));
#4319 = DIRECTION('',(1.,0.,0.));
#4320 = ADVANCED_FACE('',(#4321),#4340,.T.);
#4321 = FACE_BOUND('',#4322,.F.);
#4322 = EDGE_LOOP('',(#4323,#4324,#4332,#4339));
#4323 = ORIENTED_EDGE('',*,*,#4300,.T.);
#4324 = ORIENTED_EDGE('',*,*,#4325,.T.);
#4325 = EDGE_CURVE('',#4301,#4326,#4328,.T.);
#4326 = VERTEX_POINT('',#4327);
#4327 = CARTESIAN_POINT('',(5.999999999914,3.6,0.));
#4328 = LINE('',#4329,#4330);
#4329 = CARTESIAN_POINT('',(353.80000000008,3.6,-1.1E-16));
#4330 = VECTOR('',#4331,1.);
#4331 = DIRECTION('',(-1.,0.,0.));
#4332 = ORIENTED_EDGE('',*,*,#4333,.F.);
#4333 = EDGE_CURVE('',#1662,#4326,#4334,.T.);
#4334 = CIRCLE('',#4335,0.5);
#4335 = AXIS2_PLACEMENT_3D('',#4336,#4337,#4338);
#4336 = CARTESIAN_POINT('',(5.999999999914,3.6,0.5));
#4337 = DIRECTION('',(1.,0.,0.));
#4338 = DIRECTION('',(0.,-1.,0.));
#4339 = ORIENTED_EDGE('',*,*,#1669,.F.);
#4340 = CYLINDRICAL_SURFACE('',#4341,0.5);
#4341 = AXIS2_PLACEMENT_3D('',#4342,#4343,#4344);
#4342 = CARTESIAN_POINT('',(353.80000000008,3.6,0.5));
#4343 = DIRECTION('',(-1.,0.,0.));
#4344 = DIRECTION('',(0.,-1.,0.));
#4345 = ADVANCED_FACE('',(#4346),#4358,.T.);
#4346 = FACE_BOUND('',#4347,.T.);
#4347 = EDGE_LOOP('',(#4348,#4349,#4350,#4351));
#4348 = ORIENTED_EDGE('',*,*,#4333,.F.);
#4349 = ORIENTED_EDGE('',*,*,#1686,.T.);
#4350 = ORIENTED_EDGE('',*,*,#4163,.T.);
#4351 = ORIENTED_EDGE('',*,*,#4352,.F.);
#4352 = EDGE_CURVE('',#4326,#4164,#4353,.T.);
#4353 = CIRCLE('',#4354,2.4);
#4354 = AXIS2_PLACEMENT_3D('',#4355,#4356,#4357);
#4355 = CARTESIAN_POINT('',(6.,6.,0.));
#4356 = DIRECTION('',(-0.,0.,-1.));
#4357 = DIRECTION('',(-2.966945E-11,-1.,0.));
#4358 = TOROIDAL_SURFACE('',#4359,2.4,0.5);
#4359 = AXIS2_PLACEMENT_3D('',#4360,#4361,#4362);
#4360 = CARTESIAN_POINT('',(6.,6.,0.5));
#4361 = DIRECTION('',(-0.,-0.,-1.));
#4362 = DIRECTION('',(-2.966945E-11,-1.,0.));
#4363 = ADVANCED_FACE('',(#4364,#4374),#4390,.F.);
#4364 = FACE_BOUND('',#4365,.F.);
#4365 = EDGE_LOOP('',(#4366,#4367,#4368,#4369,#4370,#4371,#4372,#4373));
#4366 = ORIENTED_EDGE('',*,*,#4172,.F.);
#4367 = ORIENTED_EDGE('',*,*,#4352,.F.);
#4368 = ORIENTED_EDGE('',*,*,#4325,.F.);
#4369 = ORIENTED_EDGE('',*,*,#4309,.F.);
#4370 = ORIENTED_EDGE('',*,*,#4274,.F.);
#4371 = ORIENTED_EDGE('',*,*,#4258,.F.);
#4372 = ORIENTED_EDGE('',*,*,#4223,.F.);
#4373 = ORIENTED_EDGE('',*,*,#4207,.F.);
#4374 = FACE_BOUND('',#4375,.F.);
#4375 = EDGE_LOOP('',(#4376,#4383,#4384,#4385,#4386,#4387,#4388,#4389));
#4376 = ORIENTED_EDGE('',*,*,#4377,.T.);
#4377 = EDGE_CURVE('',#2392,#2299,#4378,.T.);
#4378 = CIRCLE('',#4379,1.);
#4379 = AXIS2_PLACEMENT_3D('',#4380,#4381,#4382);
#4380 = CARTESIAN_POINT('',(353.8,123.3,0.));
#4381 = DIRECTION('',(0.,0.,-1.));
#4382 = DIRECTION('',(1.,0.,0.));
#4383 = ORIENTED_EDGE('',*,*,#2306,.T.);
#4384 = ORIENTED_EDGE('',*,*,#2196,.T.);
#4385 = ORIENTED_EDGE('',*,*,#1940,.T.);
#4386 = ORIENTED_EDGE('',*,*,#1861,.T.);
#4387 = ORIENTED_EDGE('',*,*,#1789,.T.);
#4388 = ORIENTED_EDGE('',*,*,#2348,.T.);
#4389 = ORIENTED_EDGE('',*,*,#2391,.T.);
#4390 = PLANE('',#4391);
#4391 = AXIS2_PLACEMENT_3D('',#4392,#4393,#4394);
#4392 = CARTESIAN_POINT('',(179.9,64.65,0.));
#4393 = DIRECTION('',(0.,0.,1.));
#4394 = DIRECTION('',(1.,0.,0.));
#4395 = ADVANCED_FACE('',(#4396,#4466,#4477,#4488,#4499),#4510,.F.);
#4396 = FACE_BOUND('',#4397,.F.);
#4397 = EDGE_LOOP('',(#4398,#4399,#4400,#4401,#4402,#4403,#4404,#4405,
    #4406,#4407,#4408,#4409,#4410,#4411,#4412,#4413,#4414,#4415,#4416,
    #4417,#4418,#4419,#4420,#4421,#4422,#4423,#4424,#4425,#4426,#4427,
    #4428,#4429,#4430,#4431,#4432,#4433,#4434,#4435,#4436,#4437,#4438,
    #4439,#4440,#4441,#4442,#4443,#4444,#4445,#4446,#4447,#4448,#4449,
    #4450,#4451,#4452,#4453,#4454,#4455,#4456,#4457,#4458,#4459,#4460,
    #4461,#4462,#4463,#4464,#4465));
#4398 = ORIENTED_EDGE('',*,*,#2275,.F.);
#4399 = ORIENTED_EDGE('',*,*,#4118,.F.);
#4400 = ORIENTED_EDGE('',*,*,#4076,.T.);
#4401 = ORIENTED_EDGE('',*,*,#4033,.F.);
#4402 = ORIENTED_EDGE('',*,*,#3986,.T.);
#4403 = ORIENTED_EDGE('',*,*,#4015,.F.);
#4404 = ORIENTED_EDGE('',*,*,#2423,.F.);
#4405 = ORIENTED_EDGE('',*,*,#3821,.F.);
#4406 = ORIENTED_EDGE('',*,*,#3864,.T.);
#4407 = ORIENTED_EDGE('',*,*,#3839,.F.);
#4408 = ORIENTED_EDGE('',*,*,#3790,.T.);
#4409 = ORIENTED_EDGE('',*,*,#3746,.F.);
#4410 = ORIENTED_EDGE('',*,*,#3699,.T.);
#4411 = ORIENTED_EDGE('',*,*,#3728,.F.);
#4412 = ORIENTED_EDGE('',*,*,#2455,.F.);
#4413 = ORIENTED_EDGE('',*,*,#3534,.F.);
#4414 = ORIENTED_EDGE('',*,*,#3577,.T.);
#4415 = ORIENTED_EDGE('',*,*,#3552,.F.);
#4416 = ORIENTED_EDGE('',*,*,#3503,.T.);
#4417 = ORIENTED_EDGE('',*,*,#3459,.F.);
#4418 = ORIENTED_EDGE('',*,*,#3412,.T.);
#4419 = ORIENTED_EDGE('',*,*,#3441,.F.);
#4420 = ORIENTED_EDGE('',*,*,#2487,.F.);
#4421 = ORIENTED_EDGE('',*,*,#3082,.F.);
#4422 = ORIENTED_EDGE('',*,*,#3125,.T.);
#4423 = ORIENTED_EDGE('',*,*,#3100,.F.);
#4424 = ORIENTED_EDGE('',*,*,#3051,.T.);
#4425 = ORIENTED_EDGE('',*,*,#3007,.F.);
#4426 = ORIENTED_EDGE('',*,*,#2960,.T.);
#4427 = ORIENTED_EDGE('',*,*,#2989,.F.);
#4428 = ORIENTED_EDGE('',*,*,#2519,.F.);
#4429 = ORIENTED_EDGE('',*,*,#2795,.F.);
#4430 = ORIENTED_EDGE('',*,*,#2838,.T.);
#4431 = ORIENTED_EDGE('',*,*,#2813,.F.);
#4432 = ORIENTED_EDGE('',*,*,#2764,.T.);
#4433 = ORIENTED_EDGE('',*,*,#2720,.F.);
#4434 = ORIENTED_EDGE('',*,*,#2673,.T.);
#4435 = ORIENTED_EDGE('',*,*,#2702,.F.);
#4436 = ORIENTED_EDGE('',*,*,#2551,.F.);
#4437 = ORIENTED_EDGE('',*,*,#2606,.F.);
#4438 = ORIENTED_EDGE('',*,*,#2649,.T.);
#4439 = ORIENTED_EDGE('',*,*,#2624,.F.);
#4440 = ORIENTED_EDGE('',*,*,#2575,.T.);
#4441 = ORIENTED_EDGE('',*,*,#2366,.F.);
#4442 = ORIENTED_EDGE('',*,*,#1812,.F.);
#4443 = ORIENTED_EDGE('',*,*,#1843,.F.);
#4444 = ORIENTED_EDGE('',*,*,#1893,.T.);
#4445 = ORIENTED_EDGE('',*,*,#1964,.F.);
#4446 = ORIENTED_EDGE('',*,*,#2007,.T.);
#4447 = ORIENTED_EDGE('',*,*,#1982,.F.);
#4448 = ORIENTED_EDGE('',*,*,#1917,.F.);
#4449 = ORIENTED_EDGE('',*,*,#2129,.F.);
#4450 = ORIENTED_EDGE('',*,*,#2080,.T.);
#4451 = ORIENTED_EDGE('',*,*,#2031,.F.);
#4452 = ORIENTED_EDGE('',*,*,#2056,.F.);
#4453 = ORIENTED_EDGE('',*,*,#2111,.F.);
#4454 = ORIENTED_EDGE('',*,*,#2154,.T.);
#4455 = ORIENTED_EDGE('',*,*,#2171,.T.);
#4456 = ORIENTED_EDGE('',*,*,#2228,.T.);
#4457 = ORIENTED_EDGE('',*,*,#2323,.F.);
#4458 = ORIENTED_EDGE('',*,*,#2252,.F.);
#4459 = ORIENTED_EDGE('',*,*,#3387,.F.);
#4460 = ORIENTED_EDGE('',*,*,#3345,.T.);
#4461 = ORIENTED_EDGE('',*,*,#3296,.F.);
#4462 = ORIENTED_EDGE('',*,*,#3247,.T.);
#4463 = ORIENTED_EDGE('',*,*,#3278,.F.);
#4464 = ORIENTED_EDGE('',*,*,#3328,.T.);
#4465 = ORIENTED_EDGE('',*,*,#3369,.F.);
#4466 = FACE_BOUND('',#4467,.F.);
#4467 = EDGE_LOOP('',(#4468));
#4468 = ORIENTED_EDGE('',*,*,#4469,.T.);
#4469 = EDGE_CURVE('',#4470,#4470,#4472,.T.);
#4470 = VERTEX_POINT('',#4471);
#4471 = CARTESIAN_POINT('',(48.3,26.55,1.5));
#4472 = CIRCLE('',#4473,0.8);
#4473 = AXIS2_PLACEMENT_3D('',#4474,#4475,#4476);
#4474 = CARTESIAN_POINT('',(47.5,26.55,1.5));
#4475 = DIRECTION('',(0.,0.,-1.));
#4476 = DIRECTION('',(1.,0.,0.));
#4477 = FACE_BOUND('',#4478,.F.);
#4478 = EDGE_LOOP('',(#4479));
#4479 = ORIENTED_EDGE('',*,*,#4480,.T.);
#4480 = EDGE_CURVE('',#4481,#4481,#4483,.T.);
#4481 = VERTEX_POINT('',#4482);
#4482 = CARTESIAN_POINT('',(339.05,26.55,1.5));
#4483 = CIRCLE('',#4484,0.8);
#4484 = AXIS2_PLACEMENT_3D('',#4485,#4486,#4487);
#4485 = CARTESIAN_POINT('',(338.25,26.55,1.5));
#4486 = DIRECTION('',(0.,0.,-1.));
#4487 = DIRECTION('',(1.,0.,0.));
#4488 = FACE_BOUND('',#4489,.F.);
#4489 = EDGE_LOOP('',(#4490));
#4490 = ORIENTED_EDGE('',*,*,#4491,.T.);
#4491 = EDGE_CURVE('',#4492,#4492,#4494,.T.);
#4492 = VERTEX_POINT('',#4493);
#4493 = CARTESIAN_POINT('',(48.3,102.75,1.5));
#4494 = CIRCLE('',#4495,0.8);
#4495 = AXIS2_PLACEMENT_3D('',#4496,#4497,#4498);
#4496 = CARTESIAN_POINT('',(47.5,102.75,1.5));
#4497 = DIRECTION('',(0.,0.,-1.));
#4498 = DIRECTION('',(1.,0.,0.));
#4499 = FACE_BOUND('',#4500,.F.);
#4500 = EDGE_LOOP('',(#4501));
#4501 = ORIENTED_EDGE('',*,*,#4502,.T.);
#4502 = EDGE_CURVE('',#4503,#4503,#4505,.T.);
#4503 = VERTEX_POINT('',#4504);
#4504 = CARTESIAN_POINT('',(339.05,102.75,1.5));
#4505 = CIRCLE('',#4506,0.8);
#4506 = AXIS2_PLACEMENT_3D('',#4507,#4508,#4509);
#4507 = CARTESIAN_POINT('',(338.25,102.75,1.5));
#4508 = DIRECTION('',(0.,0.,-1.));
#4509 = DIRECTION('',(1.,0.,0.));
#4510 = PLANE('',#4511);
#4511 = AXIS2_PLACEMENT_3D('',#4512,#4513,#4514);
#4512 = CARTESIAN_POINT('',(179.9,64.65,1.5));
#4513 = DIRECTION('',(0.,0.,1.));
#4514 = DIRECTION('',(1.,0.,0.));
#4515 = ADVANCED_FACE('',(#4516),#4522,.F.);
#4516 = FACE_BOUND('',#4517,.F.);
#4517 = EDGE_LOOP('',(#4518,#4519,#4520,#4521));
#4518 = ORIENTED_EDGE('',*,*,#4377,.F.);
#4519 = ORIENTED_EDGE('',*,*,#2399,.T.);
#4520 = ORIENTED_EDGE('',*,*,#4098,.F.);
#4521 = ORIENTED_EDGE('',*,*,#2298,.F.);
#4522 = CYLINDRICAL_SURFACE('',#4523,1.);
#4523 = AXIS2_PLACEMENT_3D('',#4524,#4525,#4526);
#4524 = CARTESIAN_POINT('',(353.8,123.3,0.));
#4525 = DIRECTION('',(0.,0.,-1.));
#4526 = DIRECTION('',(1.,0.,0.));
#4527 = ADVANCED_FACE('',(#4528),#4534,.T.);
#4528 = FACE_BOUND('',#4529,.T.);
#4529 = EDGE_LOOP('',(#4530,#4531,#4532,#4533));
#4530 = ORIENTED_EDGE('',*,*,#2861,.T.);
#4531 = ORIENTED_EDGE('',*,*,#2886,.T.);
#4532 = ORIENTED_EDGE('',*,*,#2910,.T.);
#4533 = ORIENTED_EDGE('',*,*,#2935,.F.);
#4534 = PLANE('',#4535);
#4535 = AXIS2_PLACEMENT_3D('',#4536,#4537,#4538);
#4536 = CARTESIAN_POINT('',(202.4,114.775,4.));
#4537 = DIRECTION('',(0.,0.,1.));
#4538 = DIRECTION('',(1.,0.,0.));
#4539 = ADVANCED_FACE('',(#4540),#4546,.T.);
#4540 = FACE_BOUND('',#4541,.T.);
#4541 = EDGE_LOOP('',(#4542,#4543,#4544,#4545));
#4542 = ORIENTED_EDGE('',*,*,#3148,.T.);
#4543 = ORIENTED_EDGE('',*,*,#3173,.T.);
#4544 = ORIENTED_EDGE('',*,*,#3197,.T.);
#4545 = ORIENTED_EDGE('',*,*,#3222,.F.);
#4546 = PLANE('',#4547);
#4547 = AXIS2_PLACEMENT_3D('',#4548,#4549,#4550);
#4548 = CARTESIAN_POINT('',(202.4,114.775,4.));
#4549 = DIRECTION('',(0.,0.,1.));
#4550 = DIRECTION('',(1.,0.,0.));
#4551 = ADVANCED_FACE('',(#4552),#4558,.T.);
#4552 = FACE_BOUND('',#4553,.T.);
#4553 = EDGE_LOOP('',(#4554,#4555,#4556,#4557));
#4554 = ORIENTED_EDGE('',*,*,#3600,.T.);
#4555 = ORIENTED_EDGE('',*,*,#3625,.T.);
#4556 = ORIENTED_EDGE('',*,*,#3649,.T.);
#4557 = ORIENTED_EDGE('',*,*,#3674,.F.);
#4558 = PLANE('',#4559);
#4559 = AXIS2_PLACEMENT_3D('',#4560,#4561,#4562);
#4560 = CARTESIAN_POINT('',(202.4,114.775,4.));
#4561 = DIRECTION('',(0.,0.,1.));
#4562 = DIRECTION('',(1.,0.,0.));
#4563 = ADVANCED_FACE('',(#4564),#4570,.T.);
#4564 = FACE_BOUND('',#4565,.T.);
#4565 = EDGE_LOOP('',(#4566,#4567,#4568,#4569));
#4566 = ORIENTED_EDGE('',*,*,#3887,.T.);
#4567 = ORIENTED_EDGE('',*,*,#3912,.T.);
#4568 = ORIENTED_EDGE('',*,*,#3936,.T.);
#4569 = ORIENTED_EDGE('',*,*,#3961,.F.);
#4570 = PLANE('',#4571);
#4571 = AXIS2_PLACEMENT_3D('',#4572,#4573,#4574);
#4572 = CARTESIAN_POINT('',(202.4,114.775,4.));
#4573 = DIRECTION('',(0.,0.,1.));
#4574 = DIRECTION('',(1.,0.,0.));
#4575 = ADVANCED_FACE('',(#4576),#4595,.F.);
#4576 = FACE_BOUND('',#4577,.F.);
#4577 = EDGE_LOOP('',(#4578,#4586,#4593,#4594));
#4578 = ORIENTED_EDGE('',*,*,#4579,.T.);
#4579 = EDGE_CURVE('',#4470,#4580,#4582,.T.);
#4580 = VERTEX_POINT('',#4581);
#4581 = CARTESIAN_POINT('',(48.3,26.55,4.5));
#4582 = LINE('',#4583,#4584);
#4583 = CARTESIAN_POINT('',(48.3,26.55,1.5));
#4584 = VECTOR('',#4585,1.);
#4585 = DIRECTION('',(0.,0.,1.));
#4586 = ORIENTED_EDGE('',*,*,#4587,.T.);
#4587 = EDGE_CURVE('',#4580,#4580,#4588,.T.);
#4588 = CIRCLE('',#4589,0.8);
#4589 = AXIS2_PLACEMENT_3D('',#4590,#4591,#4592);
#4590 = CARTESIAN_POINT('',(47.5,26.55,4.5));
#4591 = DIRECTION('',(0.,0.,-1.));
#4592 = DIRECTION('',(1.,0.,0.));
#4593 = ORIENTED_EDGE('',*,*,#4579,.F.);
#4594 = ORIENTED_EDGE('',*,*,#4469,.F.);
#4595 = CYLINDRICAL_SURFACE('',#4596,0.8);
#4596 = AXIS2_PLACEMENT_3D('',#4597,#4598,#4599);
#4597 = CARTESIAN_POINT('',(47.5,26.55,1.5));
#4598 = DIRECTION('',(0.,0.,-1.));
#4599 = DIRECTION('',(1.,0.,0.));
#4600 = ADVANCED_FACE('',(#4601),#4620,.F.);
#4601 = FACE_BOUND('',#4602,.F.);
#4602 = EDGE_LOOP('',(#4603,#4611,#4618,#4619));
#4603 = ORIENTED_EDGE('',*,*,#4604,.T.);
#4604 = EDGE_CURVE('',#4481,#4605,#4607,.T.);
#4605 = VERTEX_POINT('',#4606);
#4606 = CARTESIAN_POINT('',(339.05,26.55,4.5));
#4607 = LINE('',#4608,#4609);
#4608 = CARTESIAN_POINT('',(339.05,26.55,1.5));
#4609 = VECTOR('',#4610,1.);
#4610 = DIRECTION('',(0.,0.,1.));
#4611 = ORIENTED_EDGE('',*,*,#4612,.T.);
#4612 = EDGE_CURVE('',#4605,#4605,#4613,.T.);
#4613 = CIRCLE('',#4614,0.8);
#4614 = AXIS2_PLACEMENT_3D('',#4615,#4616,#4617);
#4615 = CARTESIAN_POINT('',(338.25,26.55,4.5));
#4616 = DIRECTION('',(0.,0.,-1.));
#4617 = DIRECTION('',(1.,0.,0.));
#4618 = ORIENTED_EDGE('',*,*,#4604,.F.);
#4619 = ORIENTED_EDGE('',*,*,#4480,.F.);
#4620 = CYLINDRICAL_SURFACE('',#4621,0.8);
#4621 = AXIS2_PLACEMENT_3D('',#4622,#4623,#4624);
#4622 = CARTESIAN_POINT('',(338.25,26.55,1.5));
#4623 = DIRECTION('',(0.,0.,-1.));
#4624 = DIRECTION('',(1.,0.,0.));
#4625 = ADVANCED_FACE('',(#4626),#4645,.F.);
#4626 = FACE_BOUND('',#4627,.F.);
#4627 = EDGE_LOOP('',(#4628,#4636,#4643,#4644));
#4628 = ORIENTED_EDGE('',*,*,#4629,.T.);
#4629 = EDGE_CURVE('',#4492,#4630,#4632,.T.);
#4630 = VERTEX_POINT('',#4631);
#4631 = CARTESIAN_POINT('',(48.3,102.75,4.5));
#4632 = LINE('',#4633,#4634);
#4633 = CARTESIAN_POINT('',(48.3,102.75,1.5));
#4634 = VECTOR('',#4635,1.);
#4635 = DIRECTION('',(0.,0.,1.));
#4636 = ORIENTED_EDGE('',*,*,#4637,.T.);
#4637 = EDGE_CURVE('',#4630,#4630,#4638,.T.);
#4638 = CIRCLE('',#4639,0.8);
#4639 = AXIS2_PLACEMENT_3D('',#4640,#4641,#4642);
#4640 = CARTESIAN_POINT('',(47.5,102.75,4.5));
#4641 = DIRECTION('',(0.,0.,-1.));
#4642 = DIRECTION('',(1.,0.,0.));
#4643 = ORIENTED_EDGE('',*,*,#4629,.F.);
#4644 = ORIENTED_EDGE('',*,*,#4491,.F.);
#4645 = CYLINDRICAL_SURFACE('',#4646,0.8);
#4646 = AXIS2_PLACEMENT_3D('',#4647,#4648,#4649);
#4647 = CARTESIAN_POINT('',(47.5,102.75,1.5));
#4648 = DIRECTION('',(0.,0.,-1.));
#4649 = DIRECTION('',(1.,0.,0.));
#4650 = ADVANCED_FACE('',(#4651),#4670,.F.);
#4651 = FACE_BOUND('',#4652,.F.);
#4652 = EDGE_LOOP('',(#4653,#4661,#4668,#4669));
#4653 = ORIENTED_EDGE('',*,*,#4654,.T.);
#4654 = EDGE_CURVE('',#4503,#4655,#4657,.T.);
#4655 = VERTEX_POINT('',#4656);
#4656 = CARTESIAN_POINT('',(339.05,102.75,4.5));
#4657 = LINE('',#4658,#4659);
#4658 = CARTESIAN_POINT('',(339.05,102.75,1.5));
#4659 = VECTOR('',#4660,1.);
#4660 = DIRECTION('',(0.,0.,1.));
#4661 = ORIENTED_EDGE('',*,*,#4662,.T.);
#4662 = EDGE_CURVE('',#4655,#4655,#4663,.T.);
#4663 = CIRCLE('',#4664,0.8);
#4664 = AXIS2_PLACEMENT_3D('',#4665,#4666,#4667);
#4665 = CARTESIAN_POINT('',(338.25,102.75,4.5));
#4666 = DIRECTION('',(0.,0.,-1.));
#4667 = DIRECTION('',(1.,0.,0.));
#4668 = ORIENTED_EDGE('',*,*,#4654,.F.);
#4669 = ORIENTED_EDGE('',*,*,#4502,.F.);
#4670 = CYLINDRICAL_SURFACE('',#4671,0.8);
#4671 = AXIS2_PLACEMENT_3D('',#4672,#4673,#4674);
#4672 = CARTESIAN_POINT('',(338.25,102.75,1.5));
#4673 = DIRECTION('',(0.,0.,-1.));
#4674 = DIRECTION('',(1.,0.,0.));
#4675 = ADVANCED_FACE('',(#4676),#4679,.F.);
#4676 = FACE_BOUND('',#4677,.T.);
#4677 = EDGE_LOOP('',(#4678));
#4678 = ORIENTED_EDGE('',*,*,#4587,.T.);
#4679 = PLANE('',#4680);
#4680 = AXIS2_PLACEMENT_3D('',#4681,#4682,#4683);
#4681 = CARTESIAN_POINT('',(192.875,64.65,4.5));
#4682 = DIRECTION('',(0.,0.,1.));
#4683 = DIRECTION('',(1.,0.,0.));
#4684 = ADVANCED_FACE('',(#4685),#4688,.F.);
#4685 = FACE_BOUND('',#4686,.T.);
#4686 = EDGE_LOOP('',(#4687));
#4687 = ORIENTED_EDGE('',*,*,#4612,.T.);
#4688 = PLANE('',#4689);
#4689 = AXIS2_PLACEMENT_3D('',#4690,#4691,#4692);
#4690 = CARTESIAN_POINT('',(192.875,64.65,4.5));
#4691 = DIRECTION('',(0.,0.,1.));
#4692 = DIRECTION('',(1.,0.,0.));
#4693 = ADVANCED_FACE('',(#4694),#4697,.F.);
#4694 = FACE_BOUND('',#4695,.T.);
#4695 = EDGE_LOOP('',(#4696));
#4696 = ORIENTED_EDGE('',*,*,#4637,.T.);
#4697 = PLANE('',#4698);
#4698 = AXIS2_PLACEMENT_3D('',#4699,#4700,#4701);
#4699 = CARTESIAN_POINT('',(192.875,64.65,4.5));
#4700 = DIRECTION('',(0.,0.,1.));
#4701 = DIRECTION('',(1.,0.,0.));
#4702 = ADVANCED_FACE('',(#4703),#4706,.F.);
#4703 = FACE_BOUND('',#4704,.T.);
#4704 = EDGE_LOOP('',(#4705));
#4705 = ORIENTED_EDGE('',*,*,#4662,.T.);
#4706 = PLANE('',#4707);
#4707 = AXIS2_PLACEMENT_3D('',#4708,#4709,#4710);
#4708 = CARTESIAN_POINT('',(192.875,64.65,4.5));
#4709 = DIRECTION('',(0.,0.,1.));
#4710 = DIRECTION('',(1.,0.,0.));
#4711 = ( GEOMETRIC_REPRESENTATION_CONTEXT(3) 
GLOBAL_UNCERTAINTY_ASSIGNED_CONTEXT((#4715)) 
GLOBAL_UNIT_ASSIGNED_CONTEXT((#4712,#4713,#4714)) REPRESENTATION_CONTEXT
('Context #1','3D Context with UNIT and UNCERTAINTY') );
#4712 = ( LENGTH_UNIT() NAMED_UNIT(*) SI_UNIT(.MILLI.,.METRE.) );
#4713 = ( NAMED_UNIT(*) PLANE_ANGLE_UNIT() SI_UNIT($,.RADIAN.) );
#4714 = ( NAMED_UNIT(*) SI_UNIT($,.STERADIAN.) SOLID_ANGLE_UNIT() );
#4715 = UNCERTAINTY_MEASURE_WITH_UNIT(LENGTH_MEASURE(2.E-05),#4712,
  'distance_accuracy_value','confusion accuracy');
#4716 = CONTEXT_DEPENDENT_SHAPE_REPRESENTATION(#4717,#4719);
#4717 = ( REPRESENTATION_RELATIONSHIP('','',#32,#10) 
REPRESENTATION_RELATIONSHIP_WITH_TRANSFORMATION(#4718) 
SHAPE_REPRESENTATION_RELATIONSHIP() );
#4718 = ITEM_DEFINED_TRANSFORMATION('','',#11,#15);
#4719 = PRODUCT_DEFINITION_SHAPE('Placement','Placement of an item',
  #4720);
#4720 = NEXT_ASSEMBLY_USAGE_OCCURRENCE('4','CoverBody','',#5,#27,$);
#4721 = PRODUCT_RELATED_PRODUCT_CATEGORY('part',$,(#29));
#4722 = MECHANICAL_DESIGN_GEOMETRIC_PRESENTATION_REPRESENTATION('',(
    #4723),#4711);
#4723 = STYLED_ITEM('color',(#4724),#33);
#4724 = PRESENTATION_STYLE_ASSIGNMENT((#4725,#4731));
#4725 = SURFACE_STYLE_USAGE(.BOTH.,#4726);
#4726 = SURFACE_SIDE_STYLE('',(#4727));
#4727 = SURFACE_STYLE_FILL_AREA(#4728);
#4728 = FILL_AREA_STYLE('',(#4729));
#4729 = FILL_AREA_STYLE_COLOUR('',#4730);
#4730 = COLOUR_RGB('',0.11764705971,0.11764705971,0.11764705971);
#4731 = CURVE_STYLE('',#4732,POSITIVE_LENGTH_MEASURE(0.1),#4733);
#4732 = DRAUGHTING_PRE_DEFINED_CURVE_FONT('continuous');
#4733 = COLOUR_RGB('',9.803921802644E-02,9.803921802644E-02,
  9.803921802644E-02);
ENDSEC;
END-ISO-10303-21;
