ISO-10303-21;
HEADER;
FILE_DESCRIPTION(('FreeCAD Model'),'2;1');
FILE_NAME('Open CASCADE Shape Model','2026-07-13T00:12:38',(''),(''),
  'Open CASCADE STEP processor 7.9','FreeCAD','Unknown');
FILE_SCHEMA(('AUTOMOTIVE_DESIGN { 1 0 10303 214 1 1 1 1 }'));
ENDSEC;
DATA;
#1 = APPLICATION_PROTOCOL_DEFINITION('international standard',
  'automotive_design',2000,#2);
#2 = APPLICATION_CONTEXT(
  'core data for automotive mechanical design processes');
#3 = SHAPE_DEFINITION_REPRESENTATION(#4,#10);
#4 = PRODUCT_DEFINITION_SHAPE('','',#5);
#5 = PRODUCT_DEFINITION('design','',#6,#9);
#6 = PRODUCT_DEFINITION_FORMATION('','',#7);
#7 = PRODUCT('Center','Center','',(#8));
#8 = PRODUCT_CONTEXT('',#2,'mechanical');
#9 = PRODUCT_DEFINITION_CONTEXT('part definition',#2,'design');
#10 = SHAPE_REPRESENTATION('',(#11,#15),#19);
#11 = AXIS2_PLACEMENT_3D('',#12,#13,#14);
#12 = CARTESIAN_POINT('',(0.,0.,0.));
#13 = DIRECTION('',(0.,0.,1.));
#14 = DIRECTION('',(1.,0.,-0.));
#15 = AXIS2_PLACEMENT_3D('',#16,#17,#18);
#16 = CARTESIAN_POINT('',(0.,0.,5.));
#17 = DIRECTION('',(0.,0.,1.));
#18 = DIRECTION('',(1.,0.,0.));
#19 = ( GEOMETRIC_REPRESENTATION_CONTEXT(3) 
GLOBAL_UNCERTAINTY_ASSIGNED_CONTEXT((#23)) GLOBAL_UNIT_ASSIGNED_CONTEXT(
(#20,#21,#22)) REPRESENTATION_CONTEXT('Context #1',
  '3D Context with UNIT and UNCERTAINTY') );
#20 = ( LENGTH_UNIT() NAMED_UNIT(*) SI_UNIT(.MILLI.,.METRE.) );
#21 = ( NAMED_UNIT(*) PLANE_ANGLE_UNIT() SI_UNIT($,.RADIAN.) );
#22 = ( NAMED_UNIT(*) SI_UNIT($,.STERADIAN.) SOLID_ANGLE_UNIT() );
#23 = UNCERTAINTY_MEASURE_WITH_UNIT(LENGTH_MEASURE(5.E-05),#20,
  'distance_accuracy_value','confusion accuracy');
#24 = PRODUCT_RELATED_PRODUCT_CATEGORY('part',$,(#7));
#25 = SHAPE_DEFINITION_REPRESENTATION(#26,#32);
#26 = PRODUCT_DEFINITION_SHAPE('','',#27);
#27 = PRODUCT_DEFINITION('design','',#28,#31);
#28 = PRODUCT_DEFINITION_FORMATION('','',#29);
#29 = PRODUCT('CenterBody','CenterBody','',(#30));
#30 = PRODUCT_CONTEXT('',#2,'mechanical');
#31 = PRODUCT_DEFINITION_CONTEXT('part definition',#2,'design');
#32 = ADVANCED_BREP_SHAPE_REPRESENTATION('',(#11,#33),#7033);
#33 = MANIFOLD_SOLID_BREP('',#34);
#34 = CLOSED_SHELL('',(#35,#824,#855,#880,#905,#929,#953,#978,#1003,
    #1027,#1074,#1099,#1124,#1148,#1241,#1266,#1291,#1315,#1339,#1364,
    #1389,#1413,#1437,#1455,#1480,#1504,#1529,#1547,#1656,#1681,#1706,
    #1730,#1754,#1779,#1804,#1828,#1852,#1877,#1902,#1926,#1950,#1968,
    #1986,#2011,#2036,#2060,#2084,#2109,#2127,#2151,#2176,#2201,#2218,
    #2281,#2306,#2324,#2348,#2373,#2398,#2567,#2639,#2664,#2696,#2720,
    #2738,#2763,#2787,#2812,#2837,#2861,#3019,#3037,#3061,#3086,#3111,
    #3142,#3167,#3192,#3216,#3240,#3265,#3290,#3307,#3331,#3356,#3415,
    #3530,#3681,#3697,#3713,#3738,#3793,#3809,#3825,#3850,#3875,#3926,
    #3951,#3984,#4008,#4094,#4127,#4151,#4176,#4254,#4286,#4310,#4335,
    #4359,#4384,#4408,#4433,#4450,#4475,#4500,#4559,#4576,#4601,#4671,
    #4697,#4714,#4739,#4765,#4790,#4816,#4833,#4866,#4891,#4916,#4948,
    #4972,#4997,#5021,#5046,#5070,#5095,#5112,#5132,#5152,#5169,#5186,
    #5210,#5235,#5252,#5276,#5293,#5305,#5330,#5347,#5364,#5381,#5398,
    #5415,#5432,#5449,#5466,#5478,#5490,#5515,#5532,#5544,#5568,#5594,
    #5612,#5726,#5743,#5760,#5777,#5794,#5811,#5828,#5840,#5932,#5944,
    #5978,#6003,#6029,#6054,#6080,#6105,#6131,#6148,#6201,#6225,#6243,
    #6277,#6302,#6328,#6353,#6379,#6404,#6430,#6447,#6465,#6483,#6495,
    #6507,#6519,#6543,#6569,#6595,#6620,#6645,#6671,#6697,#6714,#6746,
    #6764,#6789,#6815,#6841,#6866,#6891,#6909,#6926,#6943,#6970,#6987,
    #7004,#7021));
#35 = ADVANCED_FACE('',(#36,#514,#694,#705,#716,#727,#797,#808),#819,.T.
  );
#36 = FACE_BOUND('',#37,.T.);
#37 = EDGE_LOOP('',(#38,#48,#57,#65,#74,#82,#91,#99,#108,#116,#125,#133,
    #142,#150,#159,#167,#176,#184,#193,#201,#210,#218,#227,#235,#244,
    #252,#261,#269,#278,#286,#295,#303,#312,#320,#329,#337,#346,#354,
    #363,#371,#380,#388,#397,#405,#414,#422,#431,#439,#448,#456,#465,
    #473,#482,#490,#499,#507));
#38 = ORIENTED_EDGE('',*,*,#39,.F.);
#39 = EDGE_CURVE('',#40,#42,#44,.T.);
#40 = VERTEX_POINT('',#41);
#41 = CARTESIAN_POINT('',(340.75,99.25,0.));
#42 = VERTEX_POINT('',#43);
#43 = CARTESIAN_POINT('',(340.75,65.5,0.));
#44 = LINE('',#45,#46);
#45 = CARTESIAN_POINT('',(340.75,99.25,0.));
#46 = VECTOR('',#47,1.);
#47 = DIRECTION('',(0.,-1.,0.));
#48 = ORIENTED_EDGE('',*,*,#49,.F.);
#49 = EDGE_CURVE('',#50,#40,#52,.T.);
#50 = VERTEX_POINT('',#51);
#51 = CARTESIAN_POINT('',(341.75,100.25,0.));
#52 = CIRCLE('',#53,1.);
#53 = AXIS2_PLACEMENT_3D('',#54,#55,#56);
#54 = CARTESIAN_POINT('',(341.75,99.25,0.));
#55 = DIRECTION('',(0.,0.,1.));
#56 = DIRECTION('',(1.,0.,0.));
#57 = ORIENTED_EDGE('',*,*,#58,.F.);
#58 = EDGE_CURVE('',#59,#50,#61,.T.);
#59 = VERTEX_POINT('',#60);
#60 = CARTESIAN_POINT('',(353.8,100.25,0.));
#61 = LINE('',#62,#63);
#62 = CARTESIAN_POINT('',(354.8,100.25,0.));
#63 = VECTOR('',#64,1.);
#64 = DIRECTION('',(-1.,0.,0.));
#65 = ORIENTED_EDGE('',*,*,#66,.F.);
#66 = EDGE_CURVE('',#67,#59,#69,.T.);
#67 = VERTEX_POINT('',#68);
#68 = CARTESIAN_POINT('',(354.8,101.25,0.));
#69 = CIRCLE('',#70,1.);
#70 = AXIS2_PLACEMENT_3D('',#71,#72,#73);
#71 = CARTESIAN_POINT('',(353.8,101.25,0.));
#72 = DIRECTION('',(-0.,-0.,-1.));
#73 = DIRECTION('',(0.,-1.,0.));
#74 = ORIENTED_EDGE('',*,*,#75,.T.);
#75 = EDGE_CURVE('',#67,#76,#78,.T.);
#76 = VERTEX_POINT('',#77);
#77 = CARTESIAN_POINT('',(354.8,123.3,0.));
#78 = LINE('',#79,#80);
#79 = CARTESIAN_POINT('',(354.8,6.,0.));
#80 = VECTOR('',#81,1.);
#81 = DIRECTION('',(0.,1.,0.));
#82 = ORIENTED_EDGE('',*,*,#83,.T.);
#83 = EDGE_CURVE('',#76,#84,#86,.T.);
#84 = VERTEX_POINT('',#85);
#85 = CARTESIAN_POINT('',(353.8,124.3,0.));
#86 = CIRCLE('',#87,1.);
#87 = AXIS2_PLACEMENT_3D('',#88,#89,#90);
#88 = CARTESIAN_POINT('',(353.8,123.3,0.));
#89 = DIRECTION('',(0.,0.,1.));
#90 = DIRECTION('',(1.,0.,0.));
#91 = ORIENTED_EDGE('',*,*,#92,.T.);
#92 = EDGE_CURVE('',#84,#93,#95,.T.);
#93 = VERTEX_POINT('',#94);
#94 = CARTESIAN_POINT('',(251.025,124.3,0.));
#95 = LINE('',#96,#97);
#96 = CARTESIAN_POINT('',(353.8,124.3,0.));
#97 = VECTOR('',#98,1.);
#98 = DIRECTION('',(-1.,0.,0.));
#99 = ORIENTED_EDGE('',*,*,#100,.F.);
#100 = EDGE_CURVE('',#101,#93,#103,.T.);
#101 = VERTEX_POINT('',#102);
#102 = CARTESIAN_POINT('',(250.02500032679,123.3,0.));
#103 = CIRCLE('',#104,1.);
#104 = AXIS2_PLACEMENT_3D('',#105,#106,#107);
#105 = CARTESIAN_POINT('',(251.02500032679,123.3,0.));
#106 = DIRECTION('',(0.,0.,-1.));
#107 = DIRECTION('',(1.,0.,0.));
#108 = ORIENTED_EDGE('',*,*,#109,.T.);
#109 = EDGE_CURVE('',#101,#110,#112,.T.);
#110 = VERTEX_POINT('',#111);
#111 = CARTESIAN_POINT('',(250.02500032679,113.775,0.));
#112 = LINE('',#113,#114);
#113 = CARTESIAN_POINT('',(250.02500032679,123.3,0.));
#114 = VECTOR('',#115,1.);
#115 = DIRECTION('',(0.,-1.,0.));
#116 = ORIENTED_EDGE('',*,*,#117,.T.);
#117 = EDGE_CURVE('',#110,#118,#120,.T.);
#118 = VERTEX_POINT('',#119);
#119 = CARTESIAN_POINT('',(249.02500065359,112.775,0.));
#120 = CIRCLE('',#121,1.);
#121 = AXIS2_PLACEMENT_3D('',#122,#123,#124);
#122 = CARTESIAN_POINT('',(249.02500032679,113.775,0.));
#123 = DIRECTION('',(0.,0.,-1.));
#124 = DIRECTION('',(1.,0.,0.));
#125 = ORIENTED_EDGE('',*,*,#126,.F.);
#126 = EDGE_CURVE('',#127,#118,#129,.T.);
#127 = VERTEX_POINT('',#128);
#128 = CARTESIAN_POINT('',(241.49999934641,112.775,0.));
#129 = LINE('',#130,#131);
#130 = CARTESIAN_POINT('',(241.49999934641,112.775,0.));
#131 = VECTOR('',#132,1.);
#132 = DIRECTION('',(1.,0.,0.));
#133 = ORIENTED_EDGE('',*,*,#134,.T.);
#134 = EDGE_CURVE('',#127,#135,#137,.T.);
#135 = VERTEX_POINT('',#136);
#136 = CARTESIAN_POINT('',(240.4999996732,113.775,0.));
#137 = CIRCLE('',#138,1.);
#138 = AXIS2_PLACEMENT_3D('',#139,#140,#141);
#139 = CARTESIAN_POINT('',(241.4999996732,113.775,0.));
#140 = DIRECTION('',(0.,0.,-1.));
#141 = DIRECTION('',(1.,0.,0.));
#142 = ORIENTED_EDGE('',*,*,#143,.F.);
#143 = EDGE_CURVE('',#144,#135,#146,.T.);
#144 = VERTEX_POINT('',#145);
#145 = CARTESIAN_POINT('',(240.4999996732,123.3,0.));
#146 = LINE('',#147,#148);
#147 = CARTESIAN_POINT('',(240.4999996732,123.3,0.));
#148 = VECTOR('',#149,1.);
#149 = DIRECTION('',(0.,-1.,0.));
#150 = ORIENTED_EDGE('',*,*,#151,.F.);
#151 = EDGE_CURVE('',#152,#144,#154,.T.);
#152 = VERTEX_POINT('',#153);
#153 = CARTESIAN_POINT('',(239.5,124.3,0.));
#154 = CIRCLE('',#155,1.);
#155 = AXIS2_PLACEMENT_3D('',#156,#157,#158);
#156 = CARTESIAN_POINT('',(239.4999996732,123.3,0.));
#157 = DIRECTION('',(0.,0.,-1.));
#158 = DIRECTION('',(1.,0.,0.));
#159 = ORIENTED_EDGE('',*,*,#160,.T.);
#160 = EDGE_CURVE('',#152,#161,#163,.T.);
#161 = VERTEX_POINT('',#162);
#162 = CARTESIAN_POINT('',(165.3,124.29999999999,0.));
#163 = LINE('',#164,#165);
#164 = CARTESIAN_POINT('',(353.8,124.3,0.));
#165 = VECTOR('',#166,1.);
#166 = DIRECTION('',(-1.,0.,0.));
#167 = ORIENTED_EDGE('',*,*,#168,.F.);
#168 = EDGE_CURVE('',#169,#161,#171,.T.);
#169 = VERTEX_POINT('',#170);
#170 = CARTESIAN_POINT('',(164.30000032679,123.29999999999,0.));
#171 = CIRCLE('',#172,1.);
#172 = AXIS2_PLACEMENT_3D('',#173,#174,#175);
#173 = CARTESIAN_POINT('',(165.30000032679,123.29999999999,0.));
#174 = DIRECTION('',(0.,0.,-1.));
#175 = DIRECTION('',(1.,0.,0.));
#176 = ORIENTED_EDGE('',*,*,#177,.T.);
#177 = EDGE_CURVE('',#169,#178,#180,.T.);
#178 = VERTEX_POINT('',#179);
#179 = CARTESIAN_POINT('',(164.30000032679,113.77499999999,0.));
#180 = LINE('',#181,#182);
#181 = CARTESIAN_POINT('',(164.30000032679,123.29999999999,0.));
#182 = VECTOR('',#183,1.);
#183 = DIRECTION('',(0.,-1.,0.));
#184 = ORIENTED_EDGE('',*,*,#185,.T.);
#185 = EDGE_CURVE('',#178,#186,#188,.T.);
#186 = VERTEX_POINT('',#187);
#187 = CARTESIAN_POINT('',(163.30000065358,112.775,0.));
#188 = CIRCLE('',#189,1.);
#189 = AXIS2_PLACEMENT_3D('',#190,#191,#192);
#190 = CARTESIAN_POINT('',(163.30000032679,113.775,0.));
#191 = DIRECTION('',(0.,0.,-1.));
#192 = DIRECTION('',(1.,0.,0.));
#193 = ORIENTED_EDGE('',*,*,#194,.F.);
#194 = EDGE_CURVE('',#195,#186,#197,.T.);
#195 = VERTEX_POINT('',#196);
#196 = CARTESIAN_POINT('',(155.77499934641,112.775,0.));
#197 = LINE('',#198,#199);
#198 = CARTESIAN_POINT('',(155.77499934641,112.775,0.));
#199 = VECTOR('',#200,1.);
#200 = DIRECTION('',(1.,0.,0.));
#201 = ORIENTED_EDGE('',*,*,#202,.T.);
#202 = EDGE_CURVE('',#195,#203,#205,.T.);
#203 = VERTEX_POINT('',#204);
#204 = CARTESIAN_POINT('',(154.7749996732,113.775,0.));
#205 = CIRCLE('',#206,1.);
#206 = AXIS2_PLACEMENT_3D('',#207,#208,#209);
#207 = CARTESIAN_POINT('',(155.7749996732,113.775,0.));
#208 = DIRECTION('',(0.,0.,-1.));
#209 = DIRECTION('',(1.,0.,0.));
#210 = ORIENTED_EDGE('',*,*,#211,.F.);
#211 = EDGE_CURVE('',#212,#203,#214,.T.);
#212 = VERTEX_POINT('',#213);
#213 = CARTESIAN_POINT('',(154.7749996732,123.3,0.));
#214 = LINE('',#215,#216);
#215 = CARTESIAN_POINT('',(154.7749996732,123.3,0.));
#216 = VECTOR('',#217,1.);
#217 = DIRECTION('',(0.,-1.,0.));
#218 = ORIENTED_EDGE('',*,*,#219,.F.);
#219 = EDGE_CURVE('',#220,#212,#222,.T.);
#220 = VERTEX_POINT('',#221);
#221 = CARTESIAN_POINT('',(153.775,124.3,0.));
#222 = CIRCLE('',#223,1.);
#223 = AXIS2_PLACEMENT_3D('',#224,#225,#226);
#224 = CARTESIAN_POINT('',(153.7749996732,123.3,0.));
#225 = DIRECTION('',(0.,0.,-1.));
#226 = DIRECTION('',(1.,0.,0.));
#227 = ORIENTED_EDGE('',*,*,#228,.T.);
#228 = EDGE_CURVE('',#220,#229,#231,.T.);
#229 = VERTEX_POINT('',#230);
#230 = CARTESIAN_POINT('',(50.999999673205,124.3,0.));
#231 = LINE('',#232,#233);
#232 = CARTESIAN_POINT('',(353.8,124.3,0.));
#233 = VECTOR('',#234,1.);
#234 = DIRECTION('',(-1.,0.,0.));
#235 = ORIENTED_EDGE('',*,*,#236,.T.);
#236 = EDGE_CURVE('',#229,#237,#239,.T.);
#237 = VERTEX_POINT('',#238);
#238 = CARTESIAN_POINT('',(49.999999673205,123.3,0.));
#239 = CIRCLE('',#240,1.);
#240 = AXIS2_PLACEMENT_3D('',#241,#242,#243);
#241 = CARTESIAN_POINT('',(50.999999673205,123.3,0.));
#242 = DIRECTION('',(-0.,0.,1.));
#243 = DIRECTION('',(0.,-1.,0.));
#244 = ORIENTED_EDGE('',*,*,#245,.F.);
#245 = EDGE_CURVE('',#246,#237,#248,.T.);
#246 = VERTEX_POINT('',#247);
#247 = CARTESIAN_POINT('',(49.999999673205,6.,0.));
#248 = LINE('',#249,#250);
#249 = CARTESIAN_POINT('',(49.999999673205,5.,0.));
#250 = VECTOR('',#251,1.);
#251 = DIRECTION('',(0.,1.,0.));
#252 = ORIENTED_EDGE('',*,*,#253,.F.);
#253 = EDGE_CURVE('',#254,#246,#256,.T.);
#254 = VERTEX_POINT('',#255);
#255 = CARTESIAN_POINT('',(50.999999673205,5.,0.));
#256 = CIRCLE('',#257,1.);
#257 = AXIS2_PLACEMENT_3D('',#258,#259,#260);
#258 = CARTESIAN_POINT('',(50.999999673205,6.,0.));
#259 = DIRECTION('',(-0.,-0.,-1.));
#260 = DIRECTION('',(0.,-1.,0.));
#261 = ORIENTED_EDGE('',*,*,#262,.T.);
#262 = EDGE_CURVE('',#254,#263,#265,.T.);
#263 = VERTEX_POINT('',#264);
#264 = CARTESIAN_POINT('',(145.91875,5.,0.));
#265 = LINE('',#266,#267);
#266 = CARTESIAN_POINT('',(6.,5.,0.));
#267 = VECTOR('',#268,1.);
#268 = DIRECTION('',(1.,0.,0.));
#269 = ORIENTED_EDGE('',*,*,#270,.F.);
#270 = EDGE_CURVE('',#271,#263,#273,.T.);
#271 = VERTEX_POINT('',#272);
#272 = CARTESIAN_POINT('',(146.9187496732,6.,0.));
#273 = CIRCLE('',#274,1.);
#274 = AXIS2_PLACEMENT_3D('',#275,#276,#277);
#275 = CARTESIAN_POINT('',(145.9187496732,6.,0.));
#276 = DIRECTION('',(0.,0.,-1.));
#277 = DIRECTION('',(1.,0.,0.));
#278 = ORIENTED_EDGE('',*,*,#279,.T.);
#279 = EDGE_CURVE('',#271,#280,#282,.T.);
#280 = VERTEX_POINT('',#281);
#281 = CARTESIAN_POINT('',(146.9187496732,15.525,0.));
#282 = LINE('',#283,#284);
#283 = CARTESIAN_POINT('',(146.9187496732,6.,0.));
#284 = VECTOR('',#285,1.);
#285 = DIRECTION('',(0.,1.,0.));
#286 = ORIENTED_EDGE('',*,*,#287,.T.);
#287 = EDGE_CURVE('',#280,#288,#290,.T.);
#288 = VERTEX_POINT('',#289);
#289 = CARTESIAN_POINT('',(147.91874934641,16.525,0.));
#290 = CIRCLE('',#291,1.);
#291 = AXIS2_PLACEMENT_3D('',#292,#293,#294);
#292 = CARTESIAN_POINT('',(147.9187496732,15.525,0.));
#293 = DIRECTION('',(0.,0.,-1.));
#294 = DIRECTION('',(1.,0.,0.));
#295 = ORIENTED_EDGE('',*,*,#296,.T.);
#296 = EDGE_CURVE('',#288,#297,#299,.T.);
#297 = VERTEX_POINT('',#298);
#298 = CARTESIAN_POINT('',(159.91875065359,16.525,0.));
#299 = LINE('',#300,#301);
#300 = CARTESIAN_POINT('',(147.91874934641,16.525,0.));
#301 = VECTOR('',#302,1.);
#302 = DIRECTION('',(1.,0.,0.));
#303 = ORIENTED_EDGE('',*,*,#304,.T.);
#304 = EDGE_CURVE('',#297,#305,#307,.T.);
#305 = VERTEX_POINT('',#306);
#306 = CARTESIAN_POINT('',(160.91875032679,15.525,0.));
#307 = CIRCLE('',#308,1.);
#308 = AXIS2_PLACEMENT_3D('',#309,#310,#311);
#309 = CARTESIAN_POINT('',(159.91875032679,15.525,0.));
#310 = DIRECTION('',(0.,0.,-1.));
#311 = DIRECTION('',(1.,0.,0.));
#312 = ORIENTED_EDGE('',*,*,#313,.F.);
#313 = EDGE_CURVE('',#314,#305,#316,.T.);
#314 = VERTEX_POINT('',#315);
#315 = CARTESIAN_POINT('',(160.91875032679,6.,0.));
#316 = LINE('',#317,#318);
#317 = CARTESIAN_POINT('',(160.91875032679,6.,0.));
#318 = VECTOR('',#319,1.);
#319 = DIRECTION('',(0.,1.,0.));
#320 = ORIENTED_EDGE('',*,*,#321,.F.);
#321 = EDGE_CURVE('',#322,#314,#324,.T.);
#322 = VERTEX_POINT('',#323);
#323 = CARTESIAN_POINT('',(161.91875,5.,0.));
#324 = CIRCLE('',#325,1.);
#325 = AXIS2_PLACEMENT_3D('',#326,#327,#328);
#326 = CARTESIAN_POINT('',(161.91875032679,6.,0.));
#327 = DIRECTION('',(0.,0.,-1.));
#328 = DIRECTION('',(1.,0.,0.));
#329 = ORIENTED_EDGE('',*,*,#330,.T.);
#330 = EDGE_CURVE('',#322,#331,#333,.T.);
#331 = VERTEX_POINT('',#332);
#332 = CARTESIAN_POINT('',(200.01875,5.,0.));
#333 = LINE('',#334,#335);
#334 = CARTESIAN_POINT('',(6.,5.,0.));
#335 = VECTOR('',#336,1.);
#336 = DIRECTION('',(1.,0.,0.));
#337 = ORIENTED_EDGE('',*,*,#338,.F.);
#338 = EDGE_CURVE('',#339,#331,#341,.T.);
#339 = VERTEX_POINT('',#340);
#340 = CARTESIAN_POINT('',(201.0187496732,6.,0.));
#341 = CIRCLE('',#342,1.);
#342 = AXIS2_PLACEMENT_3D('',#343,#344,#345);
#343 = CARTESIAN_POINT('',(200.0187496732,6.,0.));
#344 = DIRECTION('',(0.,0.,-1.));
#345 = DIRECTION('',(1.,0.,0.));
#346 = ORIENTED_EDGE('',*,*,#347,.T.);
#347 = EDGE_CURVE('',#339,#348,#350,.T.);
#348 = VERTEX_POINT('',#349);
#349 = CARTESIAN_POINT('',(201.0187496732,15.525,0.));
#350 = LINE('',#351,#352);
#351 = CARTESIAN_POINT('',(201.0187496732,6.,0.));
#352 = VECTOR('',#353,1.);
#353 = DIRECTION('',(0.,1.,0.));
#354 = ORIENTED_EDGE('',*,*,#355,.T.);
#355 = EDGE_CURVE('',#348,#356,#358,.T.);
#356 = VERTEX_POINT('',#357);
#357 = CARTESIAN_POINT('',(202.01874934641,16.525,0.));
#358 = CIRCLE('',#359,1.);
#359 = AXIS2_PLACEMENT_3D('',#360,#361,#362);
#360 = CARTESIAN_POINT('',(202.0187496732,15.525,0.));
#361 = DIRECTION('',(0.,0.,-1.));
#362 = DIRECTION('',(1.,0.,0.));
#363 = ORIENTED_EDGE('',*,*,#364,.T.);
#364 = EDGE_CURVE('',#356,#365,#367,.T.);
#365 = VERTEX_POINT('',#366);
#366 = CARTESIAN_POINT('',(214.01875065359,16.525,0.));
#367 = LINE('',#368,#369);
#368 = CARTESIAN_POINT('',(202.01874934641,16.525,0.));
#369 = VECTOR('',#370,1.);
#370 = DIRECTION('',(1.,0.,0.));
#371 = ORIENTED_EDGE('',*,*,#372,.T.);
#372 = EDGE_CURVE('',#365,#373,#375,.T.);
#373 = VERTEX_POINT('',#374);
#374 = CARTESIAN_POINT('',(215.01875032679,15.525,0.));
#375 = CIRCLE('',#376,1.);
#376 = AXIS2_PLACEMENT_3D('',#377,#378,#379);
#377 = CARTESIAN_POINT('',(214.01875032679,15.525,0.));
#378 = DIRECTION('',(0.,0.,-1.));
#379 = DIRECTION('',(1.,0.,0.));
#380 = ORIENTED_EDGE('',*,*,#381,.F.);
#381 = EDGE_CURVE('',#382,#373,#384,.T.);
#382 = VERTEX_POINT('',#383);
#383 = CARTESIAN_POINT('',(215.01875032679,6.,0.));
#384 = LINE('',#385,#386);
#385 = CARTESIAN_POINT('',(215.01875032679,6.,0.));
#386 = VECTOR('',#387,1.);
#387 = DIRECTION('',(0.,1.,0.));
#388 = ORIENTED_EDGE('',*,*,#389,.F.);
#389 = EDGE_CURVE('',#390,#382,#392,.T.);
#390 = VERTEX_POINT('',#391);
#391 = CARTESIAN_POINT('',(216.01875,5.,0.));
#392 = CIRCLE('',#393,1.);
#393 = AXIS2_PLACEMENT_3D('',#394,#395,#396);
#394 = CARTESIAN_POINT('',(216.01875032679,6.,0.));
#395 = DIRECTION('',(0.,0.,-1.));
#396 = DIRECTION('',(1.,0.,0.));
#397 = ORIENTED_EDGE('',*,*,#398,.T.);
#398 = EDGE_CURVE('',#390,#399,#401,.T.);
#399 = VERTEX_POINT('',#400);
#400 = CARTESIAN_POINT('',(353.8,5.,0.));
#401 = LINE('',#402,#403);
#402 = CARTESIAN_POINT('',(6.,5.,0.));
#403 = VECTOR('',#404,1.);
#404 = DIRECTION('',(1.,0.,0.));
#405 = ORIENTED_EDGE('',*,*,#406,.T.);
#406 = EDGE_CURVE('',#399,#407,#409,.T.);
#407 = VERTEX_POINT('',#408);
#408 = CARTESIAN_POINT('',(354.8,6.,0.));
#409 = CIRCLE('',#410,1.);
#410 = AXIS2_PLACEMENT_3D('',#411,#412,#413);
#411 = CARTESIAN_POINT('',(353.8,6.,0.));
#412 = DIRECTION('',(0.,0.,1.));
#413 = DIRECTION('',(1.,0.,0.));
#414 = ORIENTED_EDGE('',*,*,#415,.T.);
#415 = EDGE_CURVE('',#407,#416,#418,.T.);
#416 = VERTEX_POINT('',#417);
#417 = CARTESIAN_POINT('',(354.8,28.05,0.));
#418 = LINE('',#419,#420);
#419 = CARTESIAN_POINT('',(354.8,6.,0.));
#420 = VECTOR('',#421,1.);
#421 = DIRECTION('',(0.,1.,0.));
#422 = ORIENTED_EDGE('',*,*,#423,.T.);
#423 = EDGE_CURVE('',#416,#424,#426,.T.);
#424 = VERTEX_POINT('',#425);
#425 = CARTESIAN_POINT('',(353.8,29.05,0.));
#426 = CIRCLE('',#427,1.);
#427 = AXIS2_PLACEMENT_3D('',#428,#429,#430);
#428 = CARTESIAN_POINT('',(353.8,28.05,0.));
#429 = DIRECTION('',(-0.,0.,1.));
#430 = DIRECTION('',(0.,-1.,0.));
#431 = ORIENTED_EDGE('',*,*,#432,.F.);
#432 = EDGE_CURVE('',#433,#424,#435,.T.);
#433 = VERTEX_POINT('',#434);
#434 = CARTESIAN_POINT('',(341.75,29.05,0.));
#435 = LINE('',#436,#437);
#436 = CARTESIAN_POINT('',(341.75,29.05,0.));
#437 = VECTOR('',#438,1.);
#438 = DIRECTION('',(1.,0.,0.));
#439 = ORIENTED_EDGE('',*,*,#440,.F.);
#440 = EDGE_CURVE('',#441,#433,#443,.T.);
#441 = VERTEX_POINT('',#442);
#442 = CARTESIAN_POINT('',(340.75,30.05,0.));
#443 = CIRCLE('',#444,1.);
#444 = AXIS2_PLACEMENT_3D('',#445,#446,#447);
#445 = CARTESIAN_POINT('',(341.75,30.05,0.));
#446 = DIRECTION('',(0.,0.,1.));
#447 = DIRECTION('',(1.,0.,0.));
#448 = ORIENTED_EDGE('',*,*,#449,.F.);
#449 = EDGE_CURVE('',#450,#441,#452,.T.);
#450 = VERTEX_POINT('',#451);
#451 = CARTESIAN_POINT('',(340.75,53.5,0.));
#452 = LINE('',#453,#454);
#453 = CARTESIAN_POINT('',(340.75,99.25,0.));
#454 = VECTOR('',#455,1.);
#455 = DIRECTION('',(0.,-1.,0.));
#456 = ORIENTED_EDGE('',*,*,#457,.F.);
#457 = EDGE_CURVE('',#458,#450,#460,.T.);
#458 = VERTEX_POINT('',#459);
#459 = CARTESIAN_POINT('',(341.75,54.5,0.));
#460 = CIRCLE('',#461,1.);
#461 = AXIS2_PLACEMENT_3D('',#462,#463,#464);
#462 = CARTESIAN_POINT('',(341.75,53.5,0.));
#463 = DIRECTION('',(-0.,0.,1.));
#464 = DIRECTION('',(0.,-1.,0.));
#465 = ORIENTED_EDGE('',*,*,#466,.F.);
#466 = EDGE_CURVE('',#467,#458,#469,.T.);
#467 = VERTEX_POINT('',#468);
#468 = CARTESIAN_POINT('',(342.25,54.5,0.));
#469 = LINE('',#470,#471);
#470 = CARTESIAN_POINT('',(343.25,54.5,0.));
#471 = VECTOR('',#472,1.);
#472 = DIRECTION('',(-1.,0.,0.));
#473 = ORIENTED_EDGE('',*,*,#474,.F.);
#474 = EDGE_CURVE('',#475,#467,#477,.T.);
#475 = VERTEX_POINT('',#476);
#476 = CARTESIAN_POINT('',(343.25,55.5,0.));
#477 = CIRCLE('',#478,1.);
#478 = AXIS2_PLACEMENT_3D('',#479,#480,#481);
#479 = CARTESIAN_POINT('',(342.25,55.5,0.));
#480 = DIRECTION('',(-0.,-0.,-1.));
#481 = DIRECTION('',(0.,-1.,0.));
#482 = ORIENTED_EDGE('',*,*,#483,.F.);
#483 = EDGE_CURVE('',#484,#475,#486,.T.);
#484 = VERTEX_POINT('',#485);
#485 = CARTESIAN_POINT('',(343.25,63.5,0.));
#486 = LINE('',#487,#488);
#487 = CARTESIAN_POINT('',(343.25,64.5,0.));
#488 = VECTOR('',#489,1.);
#489 = DIRECTION('',(0.,-1.,0.));
#490 = ORIENTED_EDGE('',*,*,#491,.F.);
#491 = EDGE_CURVE('',#492,#484,#494,.T.);
#492 = VERTEX_POINT('',#493);
#493 = CARTESIAN_POINT('',(342.25,64.5,0.));
#494 = CIRCLE('',#495,1.);
#495 = AXIS2_PLACEMENT_3D('',#496,#497,#498);
#496 = CARTESIAN_POINT('',(342.25,63.5,0.));
#497 = DIRECTION('',(-0.,-0.,-1.));
#498 = DIRECTION('',(0.,-1.,0.));
#499 = ORIENTED_EDGE('',*,*,#500,.F.);
#500 = EDGE_CURVE('',#501,#492,#503,.T.);
#501 = VERTEX_POINT('',#502);
#502 = CARTESIAN_POINT('',(341.75,64.5,0.));
#503 = LINE('',#504,#505);
#504 = CARTESIAN_POINT('',(340.75,64.5,0.));
#505 = VECTOR('',#506,1.);
#506 = DIRECTION('',(1.,0.,0.));
#507 = ORIENTED_EDGE('',*,*,#508,.F.);
#508 = EDGE_CURVE('',#42,#501,#509,.T.);
#509 = CIRCLE('',#510,1.);
#510 = AXIS2_PLACEMENT_3D('',#511,#512,#513);
#511 = CARTESIAN_POINT('',(341.75,65.5,0.));
#512 = DIRECTION('',(-0.,0.,1.));
#513 = DIRECTION('',(0.,-1.,0.));
#514 = FACE_BOUND('',#515,.T.);
#515 = EDGE_LOOP('',(#516,#526,#535,#543,#552,#560,#568,#577,#585,#594,
    #602,#611,#619,#628,#636,#645,#653,#662,#670,#679,#687));
#516 = ORIENTED_EDGE('',*,*,#517,.T.);
#517 = EDGE_CURVE('',#518,#520,#522,.T.);
#518 = VERTEX_POINT('',#519);
#519 = CARTESIAN_POINT('',(5.000000000019,91.5,0.));
#520 = VERTEX_POINT('',#521);
#521 = CARTESIAN_POINT('',(5.,5.999999673205,0.));
#522 = LINE('',#523,#524);
#523 = CARTESIAN_POINT('',(5.,123.3,0.));
#524 = VECTOR('',#525,1.);
#525 = DIRECTION('',(0.,-1.,0.));
#526 = ORIENTED_EDGE('',*,*,#527,.F.);
#527 = EDGE_CURVE('',#528,#520,#530,.T.);
#528 = VERTEX_POINT('',#529);
#529 = CARTESIAN_POINT('',(6.,5.,0.));
#530 = CIRCLE('',#531,1.);
#531 = AXIS2_PLACEMENT_3D('',#532,#533,#534);
#532 = CARTESIAN_POINT('',(6.,6.,0.));
#533 = DIRECTION('',(0.,0.,-1.));
#534 = DIRECTION('',(1.,0.,0.));
#535 = ORIENTED_EDGE('',*,*,#536,.F.);
#536 = EDGE_CURVE('',#537,#528,#539,.T.);
#537 = VERTEX_POINT('',#538);
#538 = CARTESIAN_POINT('',(44.,5.,0.));
#539 = LINE('',#540,#541);
#540 = CARTESIAN_POINT('',(11.5,5.,0.));
#541 = VECTOR('',#542,1.);
#542 = DIRECTION('',(-1.,0.,0.));
#543 = ORIENTED_EDGE('',*,*,#544,.T.);
#544 = EDGE_CURVE('',#537,#545,#547,.T.);
#545 = VERTEX_POINT('',#546);
#546 = CARTESIAN_POINT('',(45.,6.,0.));
#547 = CIRCLE('',#548,1.);
#548 = AXIS2_PLACEMENT_3D('',#549,#550,#551);
#549 = CARTESIAN_POINT('',(44.,6.,0.));
#550 = DIRECTION('',(-0.,0.,1.));
#551 = DIRECTION('',(0.,-1.,0.));
#552 = ORIENTED_EDGE('',*,*,#553,.F.);
#553 = EDGE_CURVE('',#554,#545,#556,.T.);
#554 = VERTEX_POINT('',#555);
#555 = CARTESIAN_POINT('',(44.999999673205,100.7499996732,0.));
#556 = LINE('',#557,#558);
#557 = CARTESIAN_POINT('',(45.,94.75,0.));
#558 = VECTOR('',#559,1.);
#559 = DIRECTION('',(0.,-1.,0.));
#560 = ORIENTED_EDGE('',*,*,#561,.F.);
#561 = EDGE_CURVE('',#562,#554,#564,.T.);
#562 = VERTEX_POINT('',#563);
#563 = CARTESIAN_POINT('',(44.999999673205,123.3,0.));
#564 = LINE('',#565,#566);
#565 = CARTESIAN_POINT('',(44.999999673205,124.3,0.));
#566 = VECTOR('',#567,1.);
#567 = DIRECTION('',(0.,-1.,0.));
#568 = ORIENTED_EDGE('',*,*,#569,.F.);
#569 = EDGE_CURVE('',#570,#562,#572,.T.);
#570 = VERTEX_POINT('',#571);
#571 = CARTESIAN_POINT('',(43.999999673205,124.3,0.));
#572 = CIRCLE('',#573,1.);
#573 = AXIS2_PLACEMENT_3D('',#574,#575,#576);
#574 = CARTESIAN_POINT('',(43.999999673205,123.3,0.));
#575 = DIRECTION('',(-0.,-0.,-1.));
#576 = DIRECTION('',(0.,-1.,0.));
#577 = ORIENTED_EDGE('',*,*,#578,.T.);
#578 = EDGE_CURVE('',#570,#579,#581,.T.);
#579 = VERTEX_POINT('',#580);
#580 = CARTESIAN_POINT('',(37.8,124.3,0.));
#581 = LINE('',#582,#583);
#582 = CARTESIAN_POINT('',(353.8,124.3,0.));
#583 = VECTOR('',#584,1.);
#584 = DIRECTION('',(-1.,0.,0.));
#585 = ORIENTED_EDGE('',*,*,#586,.F.);
#586 = EDGE_CURVE('',#587,#579,#589,.T.);
#587 = VERTEX_POINT('',#588);
#588 = CARTESIAN_POINT('',(37.,125.1,0.));
#589 = CIRCLE('',#590,0.8);
#590 = AXIS2_PLACEMENT_3D('',#591,#592,#593);
#591 = CARTESIAN_POINT('',(37.8,125.1,0.));
#592 = DIRECTION('',(0.,-0.,1.));
#593 = DIRECTION('',(0.,1.,0.));
#594 = ORIENTED_EDGE('',*,*,#595,.T.);
#595 = EDGE_CURVE('',#587,#596,#598,.T.);
#596 = VERTEX_POINT('',#597);
#597 = CARTESIAN_POINT('',(37.,125.3,0.));
#598 = LINE('',#599,#600);
#599 = CARTESIAN_POINT('',(37.,124.3,0.));
#600 = VECTOR('',#601,1.);
#601 = DIRECTION('',(0.,1.,0.));
#602 = ORIENTED_EDGE('',*,*,#603,.F.);
#603 = EDGE_CURVE('',#604,#596,#606,.T.);
#604 = VERTEX_POINT('',#605);
#605 = CARTESIAN_POINT('',(36.,126.3,0.));
#606 = CIRCLE('',#607,1.);
#607 = AXIS2_PLACEMENT_3D('',#608,#609,#610);
#608 = CARTESIAN_POINT('',(36.,125.3,0.));
#609 = DIRECTION('',(0.,0.,-1.));
#610 = DIRECTION('',(0.,1.,0.));
#611 = ORIENTED_EDGE('',*,*,#612,.T.);
#612 = EDGE_CURVE('',#604,#613,#615,.T.);
#613 = VERTEX_POINT('',#614);
#614 = CARTESIAN_POINT('',(353.8,126.3,0.));
#615 = LINE('',#616,#617);
#616 = CARTESIAN_POINT('',(6.,126.3,0.));
#617 = VECTOR('',#618,1.);
#618 = DIRECTION('',(1.,0.,0.));
#619 = ORIENTED_EDGE('',*,*,#620,.T.);
#620 = EDGE_CURVE('',#613,#621,#623,.T.);
#621 = VERTEX_POINT('',#622);
#622 = CARTESIAN_POINT('',(356.8,123.3,0.));
#623 = CIRCLE('',#624,3.);
#624 = AXIS2_PLACEMENT_3D('',#625,#626,#627);
#625 = CARTESIAN_POINT('',(353.8,123.3,0.));
#626 = DIRECTION('',(0.,0.,-1.));
#627 = DIRECTION('',(1.,0.,0.));
#628 = ORIENTED_EDGE('',*,*,#629,.T.);
#629 = EDGE_CURVE('',#621,#630,#632,.T.);
#630 = VERTEX_POINT('',#631);
#631 = CARTESIAN_POINT('',(356.8,6.,0.));
#632 = LINE('',#633,#634);
#633 = CARTESIAN_POINT('',(356.8,123.3,0.));
#634 = VECTOR('',#635,1.);
#635 = DIRECTION('',(0.,-1.,0.));
#636 = ORIENTED_EDGE('',*,*,#637,.T.);
#637 = EDGE_CURVE('',#630,#638,#640,.T.);
#638 = VERTEX_POINT('',#639);
#639 = CARTESIAN_POINT('',(353.8,3.,0.));
#640 = CIRCLE('',#641,3.);
#641 = AXIS2_PLACEMENT_3D('',#642,#643,#644);
#642 = CARTESIAN_POINT('',(353.8,6.,0.));
#643 = DIRECTION('',(0.,0.,-1.));
#644 = DIRECTION('',(1.,0.,0.));
#645 = ORIENTED_EDGE('',*,*,#646,.T.);
#646 = EDGE_CURVE('',#638,#647,#649,.T.);
#647 = VERTEX_POINT('',#648);
#648 = CARTESIAN_POINT('',(6.,3.,0.));
#649 = LINE('',#650,#651);
#650 = CARTESIAN_POINT('',(353.8,3.,0.));
#651 = VECTOR('',#652,1.);
#652 = DIRECTION('',(-1.,0.,0.));
#653 = ORIENTED_EDGE('',*,*,#654,.T.);
#654 = EDGE_CURVE('',#647,#655,#657,.T.);
#655 = VERTEX_POINT('',#656);
#656 = CARTESIAN_POINT('',(3.,6.,0.));
#657 = CIRCLE('',#658,3.);
#658 = AXIS2_PLACEMENT_3D('',#659,#660,#661);
#659 = CARTESIAN_POINT('',(6.,6.,0.));
#660 = DIRECTION('',(0.,0.,-1.));
#661 = DIRECTION('',(1.,0.,0.));
#662 = ORIENTED_EDGE('',*,*,#663,.T.);
#663 = EDGE_CURVE('',#655,#664,#666,.T.);
#664 = VERTEX_POINT('',#665);
#665 = CARTESIAN_POINT('',(3.,93.3,0.));
#666 = LINE('',#667,#668);
#667 = CARTESIAN_POINT('',(3.,60.378483272309,0.));
#668 = VECTOR('',#669,1.);
#669 = DIRECTION('',(3.3E-16,1.,0.));
#670 = ORIENTED_EDGE('',*,*,#671,.T.);
#671 = EDGE_CURVE('',#664,#672,#674,.T.);
#672 = VERTEX_POINT('',#673);
#673 = CARTESIAN_POINT('',(4.,92.3,0.));
#674 = CIRCLE('',#675,1.);
#675 = AXIS2_PLACEMENT_3D('',#676,#677,#678);
#676 = CARTESIAN_POINT('',(4.,93.3,0.));
#677 = DIRECTION('',(0.,-0.,1.));
#678 = DIRECTION('',(0.,1.,0.));
#679 = ORIENTED_EDGE('',*,*,#680,.T.);
#680 = EDGE_CURVE('',#672,#681,#683,.T.);
#681 = VERTEX_POINT('',#682);
#682 = CARTESIAN_POINT('',(4.200000000019,92.3,0.));
#683 = LINE('',#684,#685);
#684 = CARTESIAN_POINT('',(3.,92.3,0.));
#685 = VECTOR('',#686,1.);
#686 = DIRECTION('',(1.,0.,0.));
#687 = ORIENTED_EDGE('',*,*,#688,.T.);
#688 = EDGE_CURVE('',#681,#518,#689,.T.);
#689 = CIRCLE('',#690,0.8);
#690 = AXIS2_PLACEMENT_3D('',#691,#692,#693);
#691 = CARTESIAN_POINT('',(4.200000000019,91.5,0.));
#692 = DIRECTION('',(0.,0.,-1.));
#693 = DIRECTION('',(0.,1.,0.));
#694 = FACE_BOUND('',#695,.T.);
#695 = EDGE_LOOP('',(#696));
#696 = ORIENTED_EDGE('',*,*,#697,.T.);
#697 = EDGE_CURVE('',#698,#698,#700,.T.);
#698 = VERTEX_POINT('',#699);
#699 = CARTESIAN_POINT('',(348.875,32.05,0.));
#700 = CIRCLE('',#701,1.1);
#701 = AXIS2_PLACEMENT_3D('',#702,#703,#704);
#702 = CARTESIAN_POINT('',(347.775,32.05,0.));
#703 = DIRECTION('',(0.,0.,1.));
#704 = DIRECTION('',(1.,0.,0.));
#705 = FACE_BOUND('',#706,.T.);
#706 = EDGE_LOOP('',(#707));
#707 = ORIENTED_EDGE('',*,*,#708,.T.);
#708 = EDGE_CURVE('',#709,#709,#711,.T.);
#709 = VERTEX_POINT('',#710);
#710 = CARTESIAN_POINT('',(348.875,64.65,0.));
#711 = CIRCLE('',#712,1.1);
#712 = AXIS2_PLACEMENT_3D('',#713,#714,#715);
#713 = CARTESIAN_POINT('',(347.775,64.65,0.));
#714 = DIRECTION('',(0.,0.,1.));
#715 = DIRECTION('',(1.,0.,0.));
#716 = FACE_BOUND('',#717,.T.);
#717 = EDGE_LOOP('',(#718));
#718 = ORIENTED_EDGE('',*,*,#719,.T.);
#719 = EDGE_CURVE('',#720,#720,#722,.T.);
#720 = VERTEX_POINT('',#721);
#721 = CARTESIAN_POINT('',(48.6,26.55,0.));
#722 = CIRCLE('',#723,1.1);
#723 = AXIS2_PLACEMENT_3D('',#724,#725,#726);
#724 = CARTESIAN_POINT('',(47.5,26.55,0.));
#725 = DIRECTION('',(0.,0.,1.));
#726 = DIRECTION('',(1.,0.,0.));
#727 = FACE_BOUND('',#728,.T.);
#728 = EDGE_LOOP('',(#729,#739,#748,#756,#765,#773,#782,#790));
#729 = ORIENTED_EDGE('',*,*,#730,.F.);
#730 = EDGE_CURVE('',#731,#733,#735,.T.);
#731 = VERTEX_POINT('',#732);
#732 = CARTESIAN_POINT('',(345.275,84.05,0.));
#733 = VERTEX_POINT('',#734);
#734 = CARTESIAN_POINT('',(345.275,90.55,0.));
#735 = LINE('',#736,#737);
#736 = CARTESIAN_POINT('',(345.275,74.74294241779,0.));
#737 = VECTOR('',#738,1.);
#738 = DIRECTION('',(0.,1.,0.));
#739 = ORIENTED_EDGE('',*,*,#740,.T.);
#740 = EDGE_CURVE('',#731,#741,#743,.T.);
#741 = VERTEX_POINT('',#742);
#742 = CARTESIAN_POINT('',(346.275,83.05,0.));
#743 = CIRCLE('',#744,1.);
#744 = AXIS2_PLACEMENT_3D('',#745,#746,#747);
#745 = CARTESIAN_POINT('',(346.275,84.05,0.));
#746 = DIRECTION('',(0.,0.,1.));
#747 = DIRECTION('',(1.,0.,0.));
#748 = ORIENTED_EDGE('',*,*,#749,.F.);
#749 = EDGE_CURVE('',#750,#741,#752,.T.);
#750 = VERTEX_POINT('',#751);
#751 = CARTESIAN_POINT('',(349.275,83.05,0.));
#752 = LINE('',#753,#754);
#753 = CARTESIAN_POINT('',(250.70416512787,83.05,0.));
#754 = VECTOR('',#755,1.);
#755 = DIRECTION('',(-1.,0.,0.));
#756 = ORIENTED_EDGE('',*,*,#757,.T.);
#757 = EDGE_CURVE('',#750,#758,#760,.T.);
#758 = VERTEX_POINT('',#759);
#759 = CARTESIAN_POINT('',(350.275,84.05,0.));
#760 = CIRCLE('',#761,1.);
#761 = AXIS2_PLACEMENT_3D('',#762,#763,#764);
#762 = CARTESIAN_POINT('',(349.275,84.05,0.));
#763 = DIRECTION('',(0.,0.,1.));
#764 = DIRECTION('',(1.,0.,0.));
#765 = ORIENTED_EDGE('',*,*,#766,.F.);
#766 = EDGE_CURVE('',#767,#758,#769,.T.);
#767 = VERTEX_POINT('',#768);
#768 = CARTESIAN_POINT('',(350.275,90.55,0.));
#769 = LINE('',#770,#771);
#770 = CARTESIAN_POINT('',(350.275,71.49294241779,0.));
#771 = VECTOR('',#772,1.);
#772 = DIRECTION('',(0.,-1.,0.));
#773 = ORIENTED_EDGE('',*,*,#774,.T.);
#774 = EDGE_CURVE('',#767,#775,#777,.T.);
#775 = VERTEX_POINT('',#776);
#776 = CARTESIAN_POINT('',(349.275,91.55,0.));
#777 = CIRCLE('',#778,1.);
#778 = AXIS2_PLACEMENT_3D('',#779,#780,#781);
#779 = CARTESIAN_POINT('',(349.275,90.55,0.));
#780 = DIRECTION('',(0.,0.,1.));
#781 = DIRECTION('',(1.,0.,0.));
#782 = ORIENTED_EDGE('',*,*,#783,.F.);
#783 = EDGE_CURVE('',#784,#775,#786,.T.);
#784 = VERTEX_POINT('',#785);
#785 = CARTESIAN_POINT('',(346.275,91.55,0.));
#786 = LINE('',#787,#788);
#787 = CARTESIAN_POINT('',(252.20416512787,91.55,0.));
#788 = VECTOR('',#789,1.);
#789 = DIRECTION('',(1.,0.,0.));
#790 = ORIENTED_EDGE('',*,*,#791,.T.);
#791 = EDGE_CURVE('',#784,#733,#792,.T.);
#792 = CIRCLE('',#793,1.);
#793 = AXIS2_PLACEMENT_3D('',#794,#795,#796);
#794 = CARTESIAN_POINT('',(346.275,90.55,0.));
#795 = DIRECTION('',(0.,0.,1.));
#796 = DIRECTION('',(1.,0.,0.));
#797 = FACE_BOUND('',#798,.T.);
#798 = EDGE_LOOP('',(#799));
#799 = ORIENTED_EDGE('',*,*,#800,.T.);
#800 = EDGE_CURVE('',#801,#801,#803,.T.);
#801 = VERTEX_POINT('',#802);
#802 = CARTESIAN_POINT('',(348.875,97.25,0.));
#803 = CIRCLE('',#804,1.1);
#804 = AXIS2_PLACEMENT_3D('',#805,#806,#807);
#805 = CARTESIAN_POINT('',(347.775,97.25,0.));
#806 = DIRECTION('',(0.,0.,1.));
#807 = DIRECTION('',(1.,0.,0.));
#808 = FACE_BOUND('',#809,.T.);
#809 = EDGE_LOOP('',(#810));
#810 = ORIENTED_EDGE('',*,*,#811,.T.);
#811 = EDGE_CURVE('',#812,#812,#814,.T.);
#812 = VERTEX_POINT('',#813);
#813 = CARTESIAN_POINT('',(48.6,102.75,0.));
#814 = CIRCLE('',#815,1.1);
#815 = AXIS2_PLACEMENT_3D('',#816,#817,#818);
#816 = CARTESIAN_POINT('',(47.5,102.75,0.));
#817 = DIRECTION('',(0.,0.,1.));
#818 = DIRECTION('',(1.,0.,0.));
#819 = PLANE('',#820);
#820 = AXIS2_PLACEMENT_3D('',#821,#822,#823);
#821 = CARTESIAN_POINT('',(155.13333025575,58.93588483558,0.));
#822 = DIRECTION('',(-0.,-0.,-1.));
#823 = DIRECTION('',(-1.,0.,0.));
#824 = ADVANCED_FACE('',(#825),#850,.F.);
#825 = FACE_BOUND('',#826,.F.);
#826 = EDGE_LOOP('',(#827,#828,#836,#844));
#827 = ORIENTED_EDGE('',*,*,#39,.F.);
#828 = ORIENTED_EDGE('',*,*,#829,.T.);
#829 = EDGE_CURVE('',#40,#830,#832,.T.);
#830 = VERTEX_POINT('',#831);
#831 = CARTESIAN_POINT('',(340.75,99.25,3.));
#832 = LINE('',#833,#834);
#833 = CARTESIAN_POINT('',(340.75,99.25,0.));
#834 = VECTOR('',#835,1.);
#835 = DIRECTION('',(0.,0.,1.));
#836 = ORIENTED_EDGE('',*,*,#837,.T.);
#837 = EDGE_CURVE('',#830,#838,#840,.T.);
#838 = VERTEX_POINT('',#839);
#839 = CARTESIAN_POINT('',(340.75,65.5,3.));
#840 = LINE('',#841,#842);
#841 = CARTESIAN_POINT('',(340.75,99.25,3.));
#842 = VECTOR('',#843,1.);
#843 = DIRECTION('',(0.,-1.,0.));
#844 = ORIENTED_EDGE('',*,*,#845,.F.);
#845 = EDGE_CURVE('',#42,#838,#846,.T.);
#846 = LINE('',#847,#848);
#847 = CARTESIAN_POINT('',(340.75,65.5,0.));
#848 = VECTOR('',#849,1.);
#849 = DIRECTION('',(0.,0.,1.));
#850 = PLANE('',#851);
#851 = AXIS2_PLACEMENT_3D('',#852,#853,#854);
#852 = CARTESIAN_POINT('',(340.75,99.25,0.));
#853 = DIRECTION('',(1.,0.,0.));
#854 = DIRECTION('',(0.,-1.,0.));
#855 = ADVANCED_FACE('',(#856),#875,.T.);
#856 = FACE_BOUND('',#857,.T.);
#857 = EDGE_LOOP('',(#858,#859,#867,#874));
#858 = ORIENTED_EDGE('',*,*,#508,.T.);
#859 = ORIENTED_EDGE('',*,*,#860,.T.);
#860 = EDGE_CURVE('',#501,#861,#863,.T.);
#861 = VERTEX_POINT('',#862);
#862 = CARTESIAN_POINT('',(341.75,64.5,3.));
#863 = LINE('',#864,#865);
#864 = CARTESIAN_POINT('',(341.75,64.5,0.));
#865 = VECTOR('',#866,1.);
#866 = DIRECTION('',(0.,0.,1.));
#867 = ORIENTED_EDGE('',*,*,#868,.F.);
#868 = EDGE_CURVE('',#838,#861,#869,.T.);
#869 = CIRCLE('',#870,1.);
#870 = AXIS2_PLACEMENT_3D('',#871,#872,#873);
#871 = CARTESIAN_POINT('',(341.75,65.5,3.));
#872 = DIRECTION('',(-0.,0.,1.));
#873 = DIRECTION('',(0.,-1.,0.));
#874 = ORIENTED_EDGE('',*,*,#845,.F.);
#875 = CYLINDRICAL_SURFACE('',#876,1.);
#876 = AXIS2_PLACEMENT_3D('',#877,#878,#879);
#877 = CARTESIAN_POINT('',(341.75,65.5,0.));
#878 = DIRECTION('',(0.,0.,1.));
#879 = DIRECTION('',(-1.,0.,0.));
#880 = ADVANCED_FACE('',(#881),#900,.T.);
#881 = FACE_BOUND('',#882,.F.);
#882 = EDGE_LOOP('',(#883,#891,#898,#899));
#883 = ORIENTED_EDGE('',*,*,#884,.T.);
#884 = EDGE_CURVE('',#50,#885,#887,.T.);
#885 = VERTEX_POINT('',#886);
#886 = CARTESIAN_POINT('',(341.75,100.25,3.));
#887 = LINE('',#888,#889);
#888 = CARTESIAN_POINT('',(341.75,100.25,0.));
#889 = VECTOR('',#890,1.);
#890 = DIRECTION('',(0.,0.,1.));
#891 = ORIENTED_EDGE('',*,*,#892,.T.);
#892 = EDGE_CURVE('',#885,#830,#893,.T.);
#893 = CIRCLE('',#894,1.);
#894 = AXIS2_PLACEMENT_3D('',#895,#896,#897);
#895 = CARTESIAN_POINT('',(341.75,99.25,3.));
#896 = DIRECTION('',(0.,0.,1.));
#897 = DIRECTION('',(1.,0.,0.));
#898 = ORIENTED_EDGE('',*,*,#829,.F.);
#899 = ORIENTED_EDGE('',*,*,#49,.F.);
#900 = CYLINDRICAL_SURFACE('',#901,1.);
#901 = AXIS2_PLACEMENT_3D('',#902,#903,#904);
#902 = CARTESIAN_POINT('',(341.75,99.25,0.));
#903 = DIRECTION('',(-0.,-0.,-1.));
#904 = DIRECTION('',(1.,0.,0.));
#905 = ADVANCED_FACE('',(#906),#924,.F.);
#906 = FACE_BOUND('',#907,.F.);
#907 = EDGE_LOOP('',(#908,#909,#910,#918));
#908 = ORIENTED_EDGE('',*,*,#500,.F.);
#909 = ORIENTED_EDGE('',*,*,#860,.T.);
#910 = ORIENTED_EDGE('',*,*,#911,.F.);
#911 = EDGE_CURVE('',#912,#861,#914,.T.);
#912 = VERTEX_POINT('',#913);
#913 = CARTESIAN_POINT('',(342.25,64.5,3.));
#914 = LINE('',#915,#916);
#915 = CARTESIAN_POINT('',(230.3091829289,64.5,3.));
#916 = VECTOR('',#917,1.);
#917 = DIRECTION('',(-1.,0.,0.));
#918 = ORIENTED_EDGE('',*,*,#919,.F.);
#919 = EDGE_CURVE('',#492,#912,#920,.T.);
#920 = LINE('',#921,#922);
#921 = CARTESIAN_POINT('',(342.25,64.5,0.));
#922 = VECTOR('',#923,1.);
#923 = DIRECTION('',(0.,0.,1.));
#924 = PLANE('',#925);
#925 = AXIS2_PLACEMENT_3D('',#926,#927,#928);
#926 = CARTESIAN_POINT('',(340.75,64.5,0.));
#927 = DIRECTION('',(0.,1.,0.));
#928 = DIRECTION('',(1.,0.,0.));
#929 = ADVANCED_FACE('',(#930),#948,.F.);
#930 = FACE_BOUND('',#931,.F.);
#931 = EDGE_LOOP('',(#932,#933,#941,#947));
#932 = ORIENTED_EDGE('',*,*,#58,.F.);
#933 = ORIENTED_EDGE('',*,*,#934,.T.);
#934 = EDGE_CURVE('',#59,#935,#937,.T.);
#935 = VERTEX_POINT('',#936);
#936 = CARTESIAN_POINT('',(353.8,100.25,3.));
#937 = LINE('',#938,#939);
#938 = CARTESIAN_POINT('',(353.8,100.25,0.));
#939 = VECTOR('',#940,1.);
#940 = DIRECTION('',(0.,0.,1.));
#941 = ORIENTED_EDGE('',*,*,#942,.T.);
#942 = EDGE_CURVE('',#935,#885,#943,.T.);
#943 = LINE('',#944,#945);
#944 = CARTESIAN_POINT('',(354.8,100.25,3.));
#945 = VECTOR('',#946,1.);
#946 = DIRECTION('',(-1.,0.,0.));
#947 = ORIENTED_EDGE('',*,*,#884,.F.);
#948 = PLANE('',#949);
#949 = AXIS2_PLACEMENT_3D('',#950,#951,#952);
#950 = CARTESIAN_POINT('',(354.8,100.25,0.));
#951 = DIRECTION('',(0.,-1.,0.));
#952 = DIRECTION('',(-1.,0.,0.));
#953 = ADVANCED_FACE('',(#954),#973,.F.);
#954 = FACE_BOUND('',#955,.T.);
#955 = EDGE_LOOP('',(#956,#957,#965,#972));
#956 = ORIENTED_EDGE('',*,*,#491,.T.);
#957 = ORIENTED_EDGE('',*,*,#958,.T.);
#958 = EDGE_CURVE('',#484,#959,#961,.T.);
#959 = VERTEX_POINT('',#960);
#960 = CARTESIAN_POINT('',(343.25,63.5,3.));
#961 = LINE('',#962,#963);
#962 = CARTESIAN_POINT('',(343.25,63.5,0.));
#963 = VECTOR('',#964,1.);
#964 = DIRECTION('',(0.,0.,1.));
#965 = ORIENTED_EDGE('',*,*,#966,.F.);
#966 = EDGE_CURVE('',#912,#959,#967,.T.);
#967 = CIRCLE('',#968,1.);
#968 = AXIS2_PLACEMENT_3D('',#969,#970,#971);
#969 = CARTESIAN_POINT('',(342.25,63.5,3.));
#970 = DIRECTION('',(-0.,-0.,-1.));
#971 = DIRECTION('',(0.,-1.,0.));
#972 = ORIENTED_EDGE('',*,*,#919,.F.);
#973 = CYLINDRICAL_SURFACE('',#974,1.);
#974 = AXIS2_PLACEMENT_3D('',#975,#976,#977);
#975 = CARTESIAN_POINT('',(342.25,63.5,0.));
#976 = DIRECTION('',(0.,0.,1.));
#977 = DIRECTION('',(0.,1.,0.));
#978 = ADVANCED_FACE('',(#979),#998,.F.);
#979 = FACE_BOUND('',#980,.T.);
#980 = EDGE_LOOP('',(#981,#982,#983,#992));
#981 = ORIENTED_EDGE('',*,*,#66,.T.);
#982 = ORIENTED_EDGE('',*,*,#934,.T.);
#983 = ORIENTED_EDGE('',*,*,#984,.F.);
#984 = EDGE_CURVE('',#985,#935,#987,.T.);
#985 = VERTEX_POINT('',#986);
#986 = CARTESIAN_POINT('',(354.8,101.25,3.));
#987 = CIRCLE('',#988,1.);
#988 = AXIS2_PLACEMENT_3D('',#989,#990,#991);
#989 = CARTESIAN_POINT('',(353.8,101.25,3.));
#990 = DIRECTION('',(-0.,-0.,-1.));
#991 = DIRECTION('',(0.,-1.,0.));
#992 = ORIENTED_EDGE('',*,*,#993,.F.);
#993 = EDGE_CURVE('',#67,#985,#994,.T.);
#994 = LINE('',#995,#996);
#995 = CARTESIAN_POINT('',(354.8,101.25,0.));
#996 = VECTOR('',#997,1.);
#997 = DIRECTION('',(0.,0.,1.));
#998 = CYLINDRICAL_SURFACE('',#999,1.);
#999 = AXIS2_PLACEMENT_3D('',#1000,#1001,#1002);
#1000 = CARTESIAN_POINT('',(353.8,101.25,0.));
#1001 = DIRECTION('',(0.,0.,1.));
#1002 = DIRECTION('',(1.,0.,0.));
#1003 = ADVANCED_FACE('',(#1004),#1022,.F.);
#1004 = FACE_BOUND('',#1005,.F.);
#1005 = EDGE_LOOP('',(#1006,#1007,#1008,#1016));
#1006 = ORIENTED_EDGE('',*,*,#483,.F.);
#1007 = ORIENTED_EDGE('',*,*,#958,.T.);
#1008 = ORIENTED_EDGE('',*,*,#1009,.F.);
#1009 = EDGE_CURVE('',#1010,#959,#1012,.T.);
#1010 = VERTEX_POINT('',#1011);
#1011 = CARTESIAN_POINT('',(343.25,55.5,3.));
#1012 = LINE('',#1013,#1014);
#1013 = CARTESIAN_POINT('',(343.25,62.009528796795,3.));
#1014 = VECTOR('',#1015,1.);
#1015 = DIRECTION('',(0.,1.,0.));
#1016 = ORIENTED_EDGE('',*,*,#1017,.F.);
#1017 = EDGE_CURVE('',#475,#1010,#1018,.T.);
#1018 = LINE('',#1019,#1020);
#1019 = CARTESIAN_POINT('',(343.25,55.5,0.));
#1020 = VECTOR('',#1021,1.);
#1021 = DIRECTION('',(0.,0.,1.));
#1022 = PLANE('',#1023);
#1023 = AXIS2_PLACEMENT_3D('',#1024,#1025,#1026);
#1024 = CARTESIAN_POINT('',(343.25,64.5,0.));
#1025 = DIRECTION('',(1.,0.,0.));
#1026 = DIRECTION('',(0.,-1.,0.));
#1027 = ADVANCED_FACE('',(#1028),#1069,.F.);
#1028 = FACE_BOUND('',#1029,.F.);
#1029 = EDGE_LOOP('',(#1030,#1031,#1039,#1047,#1053,#1054,#1062,#1068));
#1030 = ORIENTED_EDGE('',*,*,#75,.T.);
#1031 = ORIENTED_EDGE('',*,*,#1032,.F.);
#1032 = EDGE_CURVE('',#1033,#76,#1035,.T.);
#1033 = VERTEX_POINT('',#1034);
#1034 = CARTESIAN_POINT('',(354.8,123.3,5.));
#1035 = LINE('',#1036,#1037);
#1036 = CARTESIAN_POINT('',(354.8,123.3,5.));
#1037 = VECTOR('',#1038,1.);
#1038 = DIRECTION('',(-0.,-0.,-1.));
#1039 = ORIENTED_EDGE('',*,*,#1040,.F.);
#1040 = EDGE_CURVE('',#1041,#1033,#1043,.T.);
#1041 = VERTEX_POINT('',#1042);
#1042 = CARTESIAN_POINT('',(354.8,6.,5.));
#1043 = LINE('',#1044,#1045);
#1044 = CARTESIAN_POINT('',(354.8,6.,5.));
#1045 = VECTOR('',#1046,1.);
#1046 = DIRECTION('',(0.,1.,0.));
#1047 = ORIENTED_EDGE('',*,*,#1048,.T.);
#1048 = EDGE_CURVE('',#1041,#407,#1049,.T.);
#1049 = LINE('',#1050,#1051);
#1050 = CARTESIAN_POINT('',(354.8,6.,5.));
#1051 = VECTOR('',#1052,1.);
#1052 = DIRECTION('',(-0.,-0.,-1.));
#1053 = ORIENTED_EDGE('',*,*,#415,.T.);
#1054 = ORIENTED_EDGE('',*,*,#1055,.T.);
#1055 = EDGE_CURVE('',#416,#1056,#1058,.T.);
#1056 = VERTEX_POINT('',#1057);
#1057 = CARTESIAN_POINT('',(354.8,28.05,3.));
#1058 = LINE('',#1059,#1060);
#1059 = CARTESIAN_POINT('',(354.8,28.05,0.));
#1060 = VECTOR('',#1061,1.);
#1061 = DIRECTION('',(0.,0.,1.));
#1062 = ORIENTED_EDGE('',*,*,#1063,.T.);
#1063 = EDGE_CURVE('',#1056,#985,#1064,.T.);
#1064 = LINE('',#1065,#1066);
#1065 = CARTESIAN_POINT('',(354.8,32.759528796795,3.));
#1066 = VECTOR('',#1067,1.);
#1067 = DIRECTION('',(0.,1.,0.));
#1068 = ORIENTED_EDGE('',*,*,#993,.F.);
#1069 = PLANE('',#1070);
#1070 = AXIS2_PLACEMENT_3D('',#1071,#1072,#1073);
#1071 = CARTESIAN_POINT('',(354.8,6.,5.));
#1072 = DIRECTION('',(1.,0.,0.));
#1073 = DIRECTION('',(0.,1.,0.));
#1074 = ADVANCED_FACE('',(#1075),#1094,.F.);
#1075 = FACE_BOUND('',#1076,.T.);
#1076 = EDGE_LOOP('',(#1077,#1078,#1086,#1093));
#1077 = ORIENTED_EDGE('',*,*,#474,.T.);
#1078 = ORIENTED_EDGE('',*,*,#1079,.T.);
#1079 = EDGE_CURVE('',#467,#1080,#1082,.T.);
#1080 = VERTEX_POINT('',#1081);
#1081 = CARTESIAN_POINT('',(342.25,54.5,3.));
#1082 = LINE('',#1083,#1084);
#1083 = CARTESIAN_POINT('',(342.25,54.5,0.));
#1084 = VECTOR('',#1085,1.);
#1085 = DIRECTION('',(0.,0.,1.));
#1086 = ORIENTED_EDGE('',*,*,#1087,.F.);
#1087 = EDGE_CURVE('',#1010,#1080,#1088,.T.);
#1088 = CIRCLE('',#1089,1.);
#1089 = AXIS2_PLACEMENT_3D('',#1090,#1091,#1092);
#1090 = CARTESIAN_POINT('',(342.25,55.5,3.));
#1091 = DIRECTION('',(-0.,-0.,-1.));
#1092 = DIRECTION('',(0.,-1.,0.));
#1093 = ORIENTED_EDGE('',*,*,#1017,.F.);
#1094 = CYLINDRICAL_SURFACE('',#1095,1.);
#1095 = AXIS2_PLACEMENT_3D('',#1096,#1097,#1098);
#1096 = CARTESIAN_POINT('',(342.25,55.5,0.));
#1097 = DIRECTION('',(0.,0.,1.));
#1098 = DIRECTION('',(1.,0.,0.));
#1099 = ADVANCED_FACE('',(#1100),#1119,.F.);
#1100 = FACE_BOUND('',#1101,.F.);
#1101 = EDGE_LOOP('',(#1102,#1103,#1104,#1112));
#1102 = ORIENTED_EDGE('',*,*,#1032,.T.);
#1103 = ORIENTED_EDGE('',*,*,#83,.T.);
#1104 = ORIENTED_EDGE('',*,*,#1105,.F.);
#1105 = EDGE_CURVE('',#1106,#84,#1108,.T.);
#1106 = VERTEX_POINT('',#1107);
#1107 = CARTESIAN_POINT('',(353.8,124.3,5.));
#1108 = LINE('',#1109,#1110);
#1109 = CARTESIAN_POINT('',(353.8,124.3,5.));
#1110 = VECTOR('',#1111,1.);
#1111 = DIRECTION('',(-0.,-0.,-1.));
#1112 = ORIENTED_EDGE('',*,*,#1113,.F.);
#1113 = EDGE_CURVE('',#1033,#1106,#1114,.T.);
#1114 = CIRCLE('',#1115,1.);
#1115 = AXIS2_PLACEMENT_3D('',#1116,#1117,#1118);
#1116 = CARTESIAN_POINT('',(353.8,123.3,5.));
#1117 = DIRECTION('',(0.,0.,1.));
#1118 = DIRECTION('',(1.,0.,0.));
#1119 = CYLINDRICAL_SURFACE('',#1120,1.);
#1120 = AXIS2_PLACEMENT_3D('',#1121,#1122,#1123);
#1121 = CARTESIAN_POINT('',(353.8,123.3,5.));
#1122 = DIRECTION('',(0.,0.,1.));
#1123 = DIRECTION('',(1.,0.,0.));
#1124 = ADVANCED_FACE('',(#1125),#1143,.F.);
#1125 = FACE_BOUND('',#1126,.F.);
#1126 = EDGE_LOOP('',(#1127,#1128,#1129,#1137));
#1127 = ORIENTED_EDGE('',*,*,#466,.F.);
#1128 = ORIENTED_EDGE('',*,*,#1079,.T.);
#1129 = ORIENTED_EDGE('',*,*,#1130,.F.);
#1130 = EDGE_CURVE('',#1131,#1080,#1133,.T.);
#1131 = VERTEX_POINT('',#1132);
#1132 = CARTESIAN_POINT('',(341.75,54.5,3.));
#1133 = LINE('',#1134,#1135);
#1134 = CARTESIAN_POINT('',(231.5591829289,54.5,3.));
#1135 = VECTOR('',#1136,1.);
#1136 = DIRECTION('',(1.,0.,0.));
#1137 = ORIENTED_EDGE('',*,*,#1138,.F.);
#1138 = EDGE_CURVE('',#458,#1131,#1139,.T.);
#1139 = LINE('',#1140,#1141);
#1140 = CARTESIAN_POINT('',(341.75,54.5,0.));
#1141 = VECTOR('',#1142,1.);
#1142 = DIRECTION('',(0.,0.,1.));
#1143 = PLANE('',#1144);
#1144 = AXIS2_PLACEMENT_3D('',#1145,#1146,#1147);
#1145 = CARTESIAN_POINT('',(343.25,54.5,0.));
#1146 = DIRECTION('',(0.,-1.,0.));
#1147 = DIRECTION('',(-1.,0.,0.));
#1148 = ADVANCED_FACE('',(#1149),#1236,.F.);
#1149 = FACE_BOUND('',#1150,.F.);
#1150 = EDGE_LOOP('',(#1151,#1152,#1160,#1166,#1167,#1168,#1176,#1184,
    #1190,#1191,#1199,#1207,#1213,#1214,#1222,#1230));
#1151 = ORIENTED_EDGE('',*,*,#578,.T.);
#1152 = ORIENTED_EDGE('',*,*,#1153,.F.);
#1153 = EDGE_CURVE('',#1154,#579,#1156,.T.);
#1154 = VERTEX_POINT('',#1155);
#1155 = CARTESIAN_POINT('',(37.8,124.3,5.));
#1156 = LINE('',#1157,#1158);
#1157 = CARTESIAN_POINT('',(37.8,124.3,5.));
#1158 = VECTOR('',#1159,1.);
#1159 = DIRECTION('',(-0.,-0.,-1.));
#1160 = ORIENTED_EDGE('',*,*,#1161,.F.);
#1161 = EDGE_CURVE('',#1106,#1154,#1162,.T.);
#1162 = LINE('',#1163,#1164);
#1163 = CARTESIAN_POINT('',(353.8,124.3,5.));
#1164 = VECTOR('',#1165,1.);
#1165 = DIRECTION('',(-1.,0.,0.));
#1166 = ORIENTED_EDGE('',*,*,#1105,.T.);
#1167 = ORIENTED_EDGE('',*,*,#92,.T.);
#1168 = ORIENTED_EDGE('',*,*,#1169,.T.);
#1169 = EDGE_CURVE('',#93,#1170,#1172,.T.);
#1170 = VERTEX_POINT('',#1171);
#1171 = CARTESIAN_POINT('',(251.025,124.3,3.));
#1172 = LINE('',#1173,#1174);
#1173 = CARTESIAN_POINT('',(251.025,124.3,0.));
#1174 = VECTOR('',#1175,1.);
#1175 = DIRECTION('',(0.,0.,1.));
#1176 = ORIENTED_EDGE('',*,*,#1177,.F.);
#1177 = EDGE_CURVE('',#1178,#1170,#1180,.T.);
#1178 = VERTEX_POINT('',#1179);
#1179 = CARTESIAN_POINT('',(239.5,124.3,3.));
#1180 = LINE('',#1181,#1182);
#1181 = CARTESIAN_POINT('',(239.5,124.3,3.));
#1182 = VECTOR('',#1183,1.);
#1183 = DIRECTION('',(1.,0.,0.));
#1184 = ORIENTED_EDGE('',*,*,#1185,.F.);
#1185 = EDGE_CURVE('',#152,#1178,#1186,.T.);
#1186 = LINE('',#1187,#1188);
#1187 = CARTESIAN_POINT('',(239.5,124.3,0.));
#1188 = VECTOR('',#1189,1.);
#1189 = DIRECTION('',(0.,0.,1.));
#1190 = ORIENTED_EDGE('',*,*,#160,.T.);
#1191 = ORIENTED_EDGE('',*,*,#1192,.T.);
#1192 = EDGE_CURVE('',#161,#1193,#1195,.T.);
#1193 = VERTEX_POINT('',#1194);
#1194 = CARTESIAN_POINT('',(165.3,124.29999999999,3.));
#1195 = LINE('',#1196,#1197);
#1196 = CARTESIAN_POINT('',(165.3,124.29999999999,0.));
#1197 = VECTOR('',#1198,1.);
#1198 = DIRECTION('',(0.,0.,1.));
#1199 = ORIENTED_EDGE('',*,*,#1200,.F.);
#1200 = EDGE_CURVE('',#1201,#1193,#1203,.T.);
#1201 = VERTEX_POINT('',#1202);
#1202 = CARTESIAN_POINT('',(153.775,124.3,3.));
#1203 = LINE('',#1204,#1205);
#1204 = CARTESIAN_POINT('',(153.775,124.29999999999,3.));
#1205 = VECTOR('',#1206,1.);
#1206 = DIRECTION('',(1.,0.,0.));
#1207 = ORIENTED_EDGE('',*,*,#1208,.F.);
#1208 = EDGE_CURVE('',#220,#1201,#1209,.T.);
#1209 = LINE('',#1210,#1211);
#1210 = CARTESIAN_POINT('',(153.775,124.3,0.));
#1211 = VECTOR('',#1212,1.);
#1212 = DIRECTION('',(0.,0.,1.));
#1213 = ORIENTED_EDGE('',*,*,#228,.T.);
#1214 = ORIENTED_EDGE('',*,*,#1215,.T.);
#1215 = EDGE_CURVE('',#229,#1216,#1218,.T.);
#1216 = VERTEX_POINT('',#1217);
#1217 = CARTESIAN_POINT('',(50.999999673205,124.3,3.));
#1218 = LINE('',#1219,#1220);
#1219 = CARTESIAN_POINT('',(50.999999673205,124.3,0.));
#1220 = VECTOR('',#1221,1.);
#1221 = DIRECTION('',(0.,0.,1.));
#1222 = ORIENTED_EDGE('',*,*,#1223,.T.);
#1223 = EDGE_CURVE('',#1216,#1224,#1226,.T.);
#1224 = VERTEX_POINT('',#1225);
#1225 = CARTESIAN_POINT('',(43.999999673205,124.3,3.));
#1226 = LINE('',#1227,#1228);
#1227 = CARTESIAN_POINT('',(236.8341829289,124.3,3.));
#1228 = VECTOR('',#1229,1.);
#1229 = DIRECTION('',(-1.,-0.,-0.));
#1230 = ORIENTED_EDGE('',*,*,#1231,.F.);
#1231 = EDGE_CURVE('',#570,#1224,#1232,.T.);
#1232 = LINE('',#1233,#1234);
#1233 = CARTESIAN_POINT('',(43.999999673205,124.3,0.));
#1234 = VECTOR('',#1235,1.);
#1235 = DIRECTION('',(0.,0.,1.));
#1236 = PLANE('',#1237);
#1237 = AXIS2_PLACEMENT_3D('',#1238,#1239,#1240);
#1238 = CARTESIAN_POINT('',(353.8,124.3,5.));
#1239 = DIRECTION('',(0.,1.,0.));
#1240 = DIRECTION('',(-1.,0.,0.));
#1241 = ADVANCED_FACE('',(#1242),#1261,.T.);
#1242 = FACE_BOUND('',#1243,.T.);
#1243 = EDGE_LOOP('',(#1244,#1245,#1253,#1260));
#1244 = ORIENTED_EDGE('',*,*,#457,.T.);
#1245 = ORIENTED_EDGE('',*,*,#1246,.T.);
#1246 = EDGE_CURVE('',#450,#1247,#1249,.T.);
#1247 = VERTEX_POINT('',#1248);
#1248 = CARTESIAN_POINT('',(340.75,53.5,3.));
#1249 = LINE('',#1250,#1251);
#1250 = CARTESIAN_POINT('',(340.75,53.5,0.));
#1251 = VECTOR('',#1252,1.);
#1252 = DIRECTION('',(0.,0.,1.));
#1253 = ORIENTED_EDGE('',*,*,#1254,.F.);
#1254 = EDGE_CURVE('',#1131,#1247,#1255,.T.);
#1255 = CIRCLE('',#1256,1.);
#1256 = AXIS2_PLACEMENT_3D('',#1257,#1258,#1259);
#1257 = CARTESIAN_POINT('',(341.75,53.5,3.));
#1258 = DIRECTION('',(-0.,0.,1.));
#1259 = DIRECTION('',(0.,-1.,0.));
#1260 = ORIENTED_EDGE('',*,*,#1138,.F.);
#1261 = CYLINDRICAL_SURFACE('',#1262,1.);
#1262 = AXIS2_PLACEMENT_3D('',#1263,#1264,#1265);
#1263 = CARTESIAN_POINT('',(341.75,53.5,0.));
#1264 = DIRECTION('',(0.,0.,1.));
#1265 = DIRECTION('',(0.,1.,0.));
#1266 = ADVANCED_FACE('',(#1267),#1286,.F.);
#1267 = FACE_BOUND('',#1268,.F.);
#1268 = EDGE_LOOP('',(#1269,#1277,#1284,#1285));
#1269 = ORIENTED_EDGE('',*,*,#1270,.T.);
#1270 = EDGE_CURVE('',#101,#1271,#1273,.T.);
#1271 = VERTEX_POINT('',#1272);
#1272 = CARTESIAN_POINT('',(250.02500032679,123.3,3.));
#1273 = LINE('',#1274,#1275);
#1274 = CARTESIAN_POINT('',(250.02500032679,123.3,0.));
#1275 = VECTOR('',#1276,1.);
#1276 = DIRECTION('',(0.,0.,1.));
#1277 = ORIENTED_EDGE('',*,*,#1278,.T.);
#1278 = EDGE_CURVE('',#1271,#1170,#1279,.T.);
#1279 = CIRCLE('',#1280,1.);
#1280 = AXIS2_PLACEMENT_3D('',#1281,#1282,#1283);
#1281 = CARTESIAN_POINT('',(251.02500032679,123.3,3.));
#1282 = DIRECTION('',(0.,0.,-1.));
#1283 = DIRECTION('',(1.,0.,0.));
#1284 = ORIENTED_EDGE('',*,*,#1169,.F.);
#1285 = ORIENTED_EDGE('',*,*,#100,.F.);
#1286 = CYLINDRICAL_SURFACE('',#1287,1.);
#1287 = AXIS2_PLACEMENT_3D('',#1288,#1289,#1290);
#1288 = CARTESIAN_POINT('',(251.02500032679,123.3,0.));
#1289 = DIRECTION('',(0.,0.,-1.));
#1290 = DIRECTION('',(1.,0.,0.));
#1291 = ADVANCED_FACE('',(#1292),#1310,.F.);
#1292 = FACE_BOUND('',#1293,.F.);
#1293 = EDGE_LOOP('',(#1294,#1295,#1296,#1304));
#1294 = ORIENTED_EDGE('',*,*,#449,.F.);
#1295 = ORIENTED_EDGE('',*,*,#1246,.T.);
#1296 = ORIENTED_EDGE('',*,*,#1297,.T.);
#1297 = EDGE_CURVE('',#1247,#1298,#1300,.T.);
#1298 = VERTEX_POINT('',#1299);
#1299 = CARTESIAN_POINT('',(340.75,30.05,3.));
#1300 = LINE('',#1301,#1302);
#1301 = CARTESIAN_POINT('',(340.75,99.25,3.));
#1302 = VECTOR('',#1303,1.);
#1303 = DIRECTION('',(0.,-1.,0.));
#1304 = ORIENTED_EDGE('',*,*,#1305,.F.);
#1305 = EDGE_CURVE('',#441,#1298,#1306,.T.);
#1306 = LINE('',#1307,#1308);
#1307 = CARTESIAN_POINT('',(340.75,30.05,0.));
#1308 = VECTOR('',#1309,1.);
#1309 = DIRECTION('',(0.,0.,1.));
#1310 = PLANE('',#1311);
#1311 = AXIS2_PLACEMENT_3D('',#1312,#1313,#1314);
#1312 = CARTESIAN_POINT('',(340.75,99.25,0.));
#1313 = DIRECTION('',(1.,0.,0.));
#1314 = DIRECTION('',(0.,-1.,0.));
#1315 = ADVANCED_FACE('',(#1316),#1334,.T.);
#1316 = FACE_BOUND('',#1317,.T.);
#1317 = EDGE_LOOP('',(#1318,#1319,#1327,#1333));
#1318 = ORIENTED_EDGE('',*,*,#1270,.T.);
#1319 = ORIENTED_EDGE('',*,*,#1320,.T.);
#1320 = EDGE_CURVE('',#1271,#1321,#1323,.T.);
#1321 = VERTEX_POINT('',#1322);
#1322 = CARTESIAN_POINT('',(250.02500032679,113.775,3.));
#1323 = LINE('',#1324,#1325);
#1324 = CARTESIAN_POINT('',(250.02500032679,123.3,3.));
#1325 = VECTOR('',#1326,1.);
#1326 = DIRECTION('',(0.,-1.,0.));
#1327 = ORIENTED_EDGE('',*,*,#1328,.F.);
#1328 = EDGE_CURVE('',#110,#1321,#1329,.T.);
#1329 = LINE('',#1330,#1331);
#1330 = CARTESIAN_POINT('',(250.02500032679,113.775,0.));
#1331 = VECTOR('',#1332,1.);
#1332 = DIRECTION('',(0.,0.,1.));
#1333 = ORIENTED_EDGE('',*,*,#109,.F.);
#1334 = PLANE('',#1335);
#1335 = AXIS2_PLACEMENT_3D('',#1336,#1337,#1338);
#1336 = CARTESIAN_POINT('',(250.02500032679,123.3,0.));
#1337 = DIRECTION('',(1.,0.,0.));
#1338 = DIRECTION('',(0.,-1.,0.));
#1339 = ADVANCED_FACE('',(#1340),#1359,.T.);
#1340 = FACE_BOUND('',#1341,.F.);
#1341 = EDGE_LOOP('',(#1342,#1343,#1352,#1358));
#1342 = ORIENTED_EDGE('',*,*,#1305,.T.);
#1343 = ORIENTED_EDGE('',*,*,#1344,.T.);
#1344 = EDGE_CURVE('',#1298,#1345,#1347,.T.);
#1345 = VERTEX_POINT('',#1346);
#1346 = CARTESIAN_POINT('',(341.75,29.05,3.));
#1347 = CIRCLE('',#1348,1.);
#1348 = AXIS2_PLACEMENT_3D('',#1349,#1350,#1351);
#1349 = CARTESIAN_POINT('',(341.75,30.05,3.));
#1350 = DIRECTION('',(0.,0.,1.));
#1351 = DIRECTION('',(1.,0.,0.));
#1352 = ORIENTED_EDGE('',*,*,#1353,.F.);
#1353 = EDGE_CURVE('',#433,#1345,#1354,.T.);
#1354 = LINE('',#1355,#1356);
#1355 = CARTESIAN_POINT('',(341.75,29.05,0.));
#1356 = VECTOR('',#1357,1.);
#1357 = DIRECTION('',(0.,0.,1.));
#1358 = ORIENTED_EDGE('',*,*,#440,.F.);
#1359 = CYLINDRICAL_SURFACE('',#1360,1.);
#1360 = AXIS2_PLACEMENT_3D('',#1361,#1362,#1363);
#1361 = CARTESIAN_POINT('',(341.75,30.05,0.));
#1362 = DIRECTION('',(-0.,-0.,-1.));
#1363 = DIRECTION('',(1.,0.,0.));
#1364 = ADVANCED_FACE('',(#1365),#1384,.T.);
#1365 = FACE_BOUND('',#1366,.T.);
#1366 = EDGE_LOOP('',(#1367,#1368,#1377,#1383));
#1367 = ORIENTED_EDGE('',*,*,#1328,.T.);
#1368 = ORIENTED_EDGE('',*,*,#1369,.T.);
#1369 = EDGE_CURVE('',#1321,#1370,#1372,.T.);
#1370 = VERTEX_POINT('',#1371);
#1371 = CARTESIAN_POINT('',(249.02500065359,112.775,3.));
#1372 = CIRCLE('',#1373,1.);
#1373 = AXIS2_PLACEMENT_3D('',#1374,#1375,#1376);
#1374 = CARTESIAN_POINT('',(249.02500032679,113.775,3.));
#1375 = DIRECTION('',(0.,0.,-1.));
#1376 = DIRECTION('',(1.,0.,0.));
#1377 = ORIENTED_EDGE('',*,*,#1378,.F.);
#1378 = EDGE_CURVE('',#118,#1370,#1379,.T.);
#1379 = LINE('',#1380,#1381);
#1380 = CARTESIAN_POINT('',(249.02500065359,112.775,0.));
#1381 = VECTOR('',#1382,1.);
#1382 = DIRECTION('',(0.,0.,1.));
#1383 = ORIENTED_EDGE('',*,*,#117,.F.);
#1384 = CYLINDRICAL_SURFACE('',#1385,1.);
#1385 = AXIS2_PLACEMENT_3D('',#1386,#1387,#1388);
#1386 = CARTESIAN_POINT('',(249.02500032679,113.775,0.));
#1387 = DIRECTION('',(0.,0.,-1.));
#1388 = DIRECTION('',(1.,0.,0.));
#1389 = ADVANCED_FACE('',(#1390),#1408,.F.);
#1390 = FACE_BOUND('',#1391,.F.);
#1391 = EDGE_LOOP('',(#1392,#1393,#1394,#1402));
#1392 = ORIENTED_EDGE('',*,*,#432,.F.);
#1393 = ORIENTED_EDGE('',*,*,#1353,.T.);
#1394 = ORIENTED_EDGE('',*,*,#1395,.T.);
#1395 = EDGE_CURVE('',#1345,#1396,#1398,.T.);
#1396 = VERTEX_POINT('',#1397);
#1397 = CARTESIAN_POINT('',(353.8,29.05,3.));
#1398 = LINE('',#1399,#1400);
#1399 = CARTESIAN_POINT('',(341.75,29.05,3.));
#1400 = VECTOR('',#1401,1.);
#1401 = DIRECTION('',(1.,0.,0.));
#1402 = ORIENTED_EDGE('',*,*,#1403,.F.);
#1403 = EDGE_CURVE('',#424,#1396,#1404,.T.);
#1404 = LINE('',#1405,#1406);
#1405 = CARTESIAN_POINT('',(353.8,29.05,0.));
#1406 = VECTOR('',#1407,1.);
#1407 = DIRECTION('',(0.,0.,1.));
#1408 = PLANE('',#1409);
#1409 = AXIS2_PLACEMENT_3D('',#1410,#1411,#1412);
#1410 = CARTESIAN_POINT('',(341.75,29.05,0.));
#1411 = DIRECTION('',(0.,1.,0.));
#1412 = DIRECTION('',(1.,0.,0.));
#1413 = ADVANCED_FACE('',(#1414),#1432,.F.);
#1414 = FACE_BOUND('',#1415,.F.);
#1415 = EDGE_LOOP('',(#1416,#1424,#1430,#1431));
#1416 = ORIENTED_EDGE('',*,*,#1417,.T.);
#1417 = EDGE_CURVE('',#127,#1418,#1420,.T.);
#1418 = VERTEX_POINT('',#1419);
#1419 = CARTESIAN_POINT('',(241.49999934641,112.775,3.));
#1420 = LINE('',#1421,#1422);
#1421 = CARTESIAN_POINT('',(241.49999934641,112.775,0.));
#1422 = VECTOR('',#1423,1.);
#1423 = DIRECTION('',(0.,0.,1.));
#1424 = ORIENTED_EDGE('',*,*,#1425,.T.);
#1425 = EDGE_CURVE('',#1418,#1370,#1426,.T.);
#1426 = LINE('',#1427,#1428);
#1427 = CARTESIAN_POINT('',(241.49999934641,112.775,3.));
#1428 = VECTOR('',#1429,1.);
#1429 = DIRECTION('',(1.,0.,0.));
#1430 = ORIENTED_EDGE('',*,*,#1378,.F.);
#1431 = ORIENTED_EDGE('',*,*,#126,.F.);
#1432 = PLANE('',#1433);
#1433 = AXIS2_PLACEMENT_3D('',#1434,#1435,#1436);
#1434 = CARTESIAN_POINT('',(241.49999934641,112.775,0.));
#1435 = DIRECTION('',(0.,1.,0.));
#1436 = DIRECTION('',(1.,0.,0.));
#1437 = ADVANCED_FACE('',(#1438),#1450,.F.);
#1438 = FACE_BOUND('',#1439,.F.);
#1439 = EDGE_LOOP('',(#1440,#1441,#1442,#1449));
#1440 = ORIENTED_EDGE('',*,*,#423,.T.);
#1441 = ORIENTED_EDGE('',*,*,#1403,.T.);
#1442 = ORIENTED_EDGE('',*,*,#1443,.F.);
#1443 = EDGE_CURVE('',#1056,#1396,#1444,.T.);
#1444 = CIRCLE('',#1445,1.);
#1445 = AXIS2_PLACEMENT_3D('',#1446,#1447,#1448);
#1446 = CARTESIAN_POINT('',(353.8,28.05,3.));
#1447 = DIRECTION('',(-0.,0.,1.));
#1448 = DIRECTION('',(0.,-1.,0.));
#1449 = ORIENTED_EDGE('',*,*,#1055,.F.);
#1450 = CYLINDRICAL_SURFACE('',#1451,1.);
#1451 = AXIS2_PLACEMENT_3D('',#1452,#1453,#1454);
#1452 = CARTESIAN_POINT('',(353.8,28.05,0.));
#1453 = DIRECTION('',(0.,0.,1.));
#1454 = DIRECTION('',(1.,0.,0.));
#1455 = ADVANCED_FACE('',(#1456),#1475,.T.);
#1456 = FACE_BOUND('',#1457,.T.);
#1457 = EDGE_LOOP('',(#1458,#1459,#1468,#1474));
#1458 = ORIENTED_EDGE('',*,*,#1417,.T.);
#1459 = ORIENTED_EDGE('',*,*,#1460,.T.);
#1460 = EDGE_CURVE('',#1418,#1461,#1463,.T.);
#1461 = VERTEX_POINT('',#1462);
#1462 = CARTESIAN_POINT('',(240.4999996732,113.775,3.));
#1463 = CIRCLE('',#1464,1.);
#1464 = AXIS2_PLACEMENT_3D('',#1465,#1466,#1467);
#1465 = CARTESIAN_POINT('',(241.4999996732,113.775,3.));
#1466 = DIRECTION('',(0.,0.,-1.));
#1467 = DIRECTION('',(1.,0.,0.));
#1468 = ORIENTED_EDGE('',*,*,#1469,.F.);
#1469 = EDGE_CURVE('',#135,#1461,#1470,.T.);
#1470 = LINE('',#1471,#1472);
#1471 = CARTESIAN_POINT('',(240.4999996732,113.775,0.));
#1472 = VECTOR('',#1473,1.);
#1473 = DIRECTION('',(0.,0.,1.));
#1474 = ORIENTED_EDGE('',*,*,#134,.F.);
#1475 = CYLINDRICAL_SURFACE('',#1476,1.);
#1476 = AXIS2_PLACEMENT_3D('',#1477,#1478,#1479);
#1477 = CARTESIAN_POINT('',(241.4999996732,113.775,0.));
#1478 = DIRECTION('',(0.,0.,-1.));
#1479 = DIRECTION('',(1.,0.,0.));
#1480 = ADVANCED_FACE('',(#1481),#1499,.F.);
#1481 = FACE_BOUND('',#1482,.F.);
#1482 = EDGE_LOOP('',(#1483,#1491,#1497,#1498));
#1483 = ORIENTED_EDGE('',*,*,#1484,.T.);
#1484 = EDGE_CURVE('',#144,#1485,#1487,.T.);
#1485 = VERTEX_POINT('',#1486);
#1486 = CARTESIAN_POINT('',(240.4999996732,123.3,3.));
#1487 = LINE('',#1488,#1489);
#1488 = CARTESIAN_POINT('',(240.4999996732,123.3,0.));
#1489 = VECTOR('',#1490,1.);
#1490 = DIRECTION('',(0.,0.,1.));
#1491 = ORIENTED_EDGE('',*,*,#1492,.T.);
#1492 = EDGE_CURVE('',#1485,#1461,#1493,.T.);
#1493 = LINE('',#1494,#1495);
#1494 = CARTESIAN_POINT('',(240.4999996732,123.3,3.));
#1495 = VECTOR('',#1496,1.);
#1496 = DIRECTION('',(0.,-1.,0.));
#1497 = ORIENTED_EDGE('',*,*,#1469,.F.);
#1498 = ORIENTED_EDGE('',*,*,#143,.F.);
#1499 = PLANE('',#1500);
#1500 = AXIS2_PLACEMENT_3D('',#1501,#1502,#1503);
#1501 = CARTESIAN_POINT('',(240.4999996732,123.3,0.));
#1502 = DIRECTION('',(1.,0.,0.));
#1503 = DIRECTION('',(0.,-1.,0.));
#1504 = ADVANCED_FACE('',(#1505),#1524,.F.);
#1505 = FACE_BOUND('',#1506,.F.);
#1506 = EDGE_LOOP('',(#1507,#1515,#1516,#1517));
#1507 = ORIENTED_EDGE('',*,*,#1508,.T.);
#1508 = EDGE_CURVE('',#1509,#399,#1511,.T.);
#1509 = VERTEX_POINT('',#1510);
#1510 = CARTESIAN_POINT('',(353.8,5.,5.));
#1511 = LINE('',#1512,#1513);
#1512 = CARTESIAN_POINT('',(353.8,5.,5.));
#1513 = VECTOR('',#1514,1.);
#1514 = DIRECTION('',(-0.,-0.,-1.));
#1515 = ORIENTED_EDGE('',*,*,#406,.T.);
#1516 = ORIENTED_EDGE('',*,*,#1048,.F.);
#1517 = ORIENTED_EDGE('',*,*,#1518,.F.);
#1518 = EDGE_CURVE('',#1509,#1041,#1519,.T.);
#1519 = CIRCLE('',#1520,1.);
#1520 = AXIS2_PLACEMENT_3D('',#1521,#1522,#1523);
#1521 = CARTESIAN_POINT('',(353.8,6.,5.));
#1522 = DIRECTION('',(0.,0.,1.));
#1523 = DIRECTION('',(1.,0.,0.));
#1524 = CYLINDRICAL_SURFACE('',#1525,1.);
#1525 = AXIS2_PLACEMENT_3D('',#1526,#1527,#1528);
#1526 = CARTESIAN_POINT('',(353.8,6.,5.));
#1527 = DIRECTION('',(0.,0.,1.));
#1528 = DIRECTION('',(1.,0.,0.));
#1529 = ADVANCED_FACE('',(#1530),#1542,.F.);
#1530 = FACE_BOUND('',#1531,.F.);
#1531 = EDGE_LOOP('',(#1532,#1533,#1540,#1541));
#1532 = ORIENTED_EDGE('',*,*,#1185,.T.);
#1533 = ORIENTED_EDGE('',*,*,#1534,.T.);
#1534 = EDGE_CURVE('',#1178,#1485,#1535,.T.);
#1535 = CIRCLE('',#1536,1.);
#1536 = AXIS2_PLACEMENT_3D('',#1537,#1538,#1539);
#1537 = CARTESIAN_POINT('',(239.4999996732,123.3,3.));
#1538 = DIRECTION('',(0.,0.,-1.));
#1539 = DIRECTION('',(1.,0.,0.));
#1540 = ORIENTED_EDGE('',*,*,#1484,.F.);
#1541 = ORIENTED_EDGE('',*,*,#151,.F.);
#1542 = CYLINDRICAL_SURFACE('',#1543,1.);
#1543 = AXIS2_PLACEMENT_3D('',#1544,#1545,#1546);
#1544 = CARTESIAN_POINT('',(239.4999996732,123.3,0.));
#1545 = DIRECTION('',(0.,0.,-1.));
#1546 = DIRECTION('',(1.,0.,0.));
#1547 = ADVANCED_FACE('',(#1548),#1651,.T.);
#1548 = FACE_BOUND('',#1549,.T.);
#1549 = EDGE_LOOP('',(#1550,#1560,#1566,#1567,#1568,#1576,#1584,#1590,
    #1591,#1599,#1607,#1613,#1614,#1622,#1630,#1636,#1637,#1645));
#1550 = ORIENTED_EDGE('',*,*,#1551,.T.);
#1551 = EDGE_CURVE('',#1552,#1554,#1556,.T.);
#1552 = VERTEX_POINT('',#1553);
#1553 = CARTESIAN_POINT('',(11.5,5.,0.5));
#1554 = VERTEX_POINT('',#1555);
#1555 = CARTESIAN_POINT('',(11.5,5.,5.));
#1556 = LINE('',#1557,#1558);
#1557 = CARTESIAN_POINT('',(11.5,5.,0.));
#1558 = VECTOR('',#1559,1.);
#1559 = DIRECTION('',(0.,0.,1.));
#1560 = ORIENTED_EDGE('',*,*,#1561,.T.);
#1561 = EDGE_CURVE('',#1554,#1509,#1562,.T.);
#1562 = LINE('',#1563,#1564);
#1563 = CARTESIAN_POINT('',(6.,5.,5.));
#1564 = VECTOR('',#1565,1.);
#1565 = DIRECTION('',(1.,0.,0.));
#1566 = ORIENTED_EDGE('',*,*,#1508,.T.);
#1567 = ORIENTED_EDGE('',*,*,#398,.F.);
#1568 = ORIENTED_EDGE('',*,*,#1569,.T.);
#1569 = EDGE_CURVE('',#390,#1570,#1572,.T.);
#1570 = VERTEX_POINT('',#1571);
#1571 = CARTESIAN_POINT('',(216.01875,5.,3.));
#1572 = LINE('',#1573,#1574);
#1573 = CARTESIAN_POINT('',(216.01875,5.,0.));
#1574 = VECTOR('',#1575,1.);
#1575 = DIRECTION('',(0.,0.,1.));
#1576 = ORIENTED_EDGE('',*,*,#1577,.F.);
#1577 = EDGE_CURVE('',#1578,#1570,#1580,.T.);
#1578 = VERTEX_POINT('',#1579);
#1579 = CARTESIAN_POINT('',(200.01875,5.,3.));
#1580 = LINE('',#1581,#1582);
#1581 = CARTESIAN_POINT('',(200.01875,5.,3.));
#1582 = VECTOR('',#1583,1.);
#1583 = DIRECTION('',(1.,0.,0.));
#1584 = ORIENTED_EDGE('',*,*,#1585,.F.);
#1585 = EDGE_CURVE('',#331,#1578,#1586,.T.);
#1586 = LINE('',#1587,#1588);
#1587 = CARTESIAN_POINT('',(200.01875,5.,0.));
#1588 = VECTOR('',#1589,1.);
#1589 = DIRECTION('',(0.,0.,1.));
#1590 = ORIENTED_EDGE('',*,*,#330,.F.);
#1591 = ORIENTED_EDGE('',*,*,#1592,.T.);
#1592 = EDGE_CURVE('',#322,#1593,#1595,.T.);
#1593 = VERTEX_POINT('',#1594);
#1594 = CARTESIAN_POINT('',(161.91875,5.,3.));
#1595 = LINE('',#1596,#1597);
#1596 = CARTESIAN_POINT('',(161.91875,5.,0.));
#1597 = VECTOR('',#1598,1.);
#1598 = DIRECTION('',(0.,0.,1.));
#1599 = ORIENTED_EDGE('',*,*,#1600,.F.);
#1600 = EDGE_CURVE('',#1601,#1593,#1603,.T.);
#1601 = VERTEX_POINT('',#1602);
#1602 = CARTESIAN_POINT('',(145.91875,5.,3.));
#1603 = LINE('',#1604,#1605);
#1604 = CARTESIAN_POINT('',(145.91875,5.,3.));
#1605 = VECTOR('',#1606,1.);
#1606 = DIRECTION('',(1.,0.,0.));
#1607 = ORIENTED_EDGE('',*,*,#1608,.F.);
#1608 = EDGE_CURVE('',#263,#1601,#1609,.T.);
#1609 = LINE('',#1610,#1611);
#1610 = CARTESIAN_POINT('',(145.91875,5.,0.));
#1611 = VECTOR('',#1612,1.);
#1612 = DIRECTION('',(0.,0.,1.));
#1613 = ORIENTED_EDGE('',*,*,#262,.F.);
#1614 = ORIENTED_EDGE('',*,*,#1615,.T.);
#1615 = EDGE_CURVE('',#254,#1616,#1618,.T.);
#1616 = VERTEX_POINT('',#1617);
#1617 = CARTESIAN_POINT('',(50.999999673205,5.,3.));
#1618 = LINE('',#1619,#1620);
#1619 = CARTESIAN_POINT('',(50.999999673205,5.,0.));
#1620 = VECTOR('',#1621,1.);
#1621 = DIRECTION('',(0.,0.,1.));
#1622 = ORIENTED_EDGE('',*,*,#1623,.F.);
#1623 = EDGE_CURVE('',#1624,#1616,#1626,.T.);
#1624 = VERTEX_POINT('',#1625);
#1625 = CARTESIAN_POINT('',(44.,5.,3.));
#1626 = LINE('',#1627,#1628);
#1627 = CARTESIAN_POINT('',(62.934182928903,5.,3.));
#1628 = VECTOR('',#1629,1.);
#1629 = DIRECTION('',(1.,0.,0.));
#1630 = ORIENTED_EDGE('',*,*,#1631,.F.);
#1631 = EDGE_CURVE('',#537,#1624,#1632,.T.);
#1632 = LINE('',#1633,#1634);
#1633 = CARTESIAN_POINT('',(44.,5.,0.));
#1634 = VECTOR('',#1635,1.);
#1635 = DIRECTION('',(0.,0.,1.));
#1636 = ORIENTED_EDGE('',*,*,#536,.T.);
#1637 = ORIENTED_EDGE('',*,*,#1638,.T.);
#1638 = EDGE_CURVE('',#528,#1639,#1641,.T.);
#1639 = VERTEX_POINT('',#1640);
#1640 = CARTESIAN_POINT('',(6.,5.,0.5));
#1641 = LINE('',#1642,#1643);
#1642 = CARTESIAN_POINT('',(6.,5.,0.));
#1643 = VECTOR('',#1644,1.);
#1644 = DIRECTION('',(0.,0.,1.));
#1645 = ORIENTED_EDGE('',*,*,#1646,.F.);
#1646 = EDGE_CURVE('',#1552,#1639,#1647,.T.);
#1647 = LINE('',#1648,#1649);
#1648 = CARTESIAN_POINT('',(11.5,5.,0.5));
#1649 = VECTOR('',#1650,1.);
#1650 = DIRECTION('',(-1.,0.,0.));
#1651 = PLANE('',#1652);
#1652 = AXIS2_PLACEMENT_3D('',#1653,#1654,#1655);
#1653 = CARTESIAN_POINT('',(178.81842327012,5.,2.486298480916));
#1654 = DIRECTION('',(0.,1.,0.));
#1655 = DIRECTION('',(0.,0.,1.));
#1656 = ADVANCED_FACE('',(#1657),#1676,.F.);
#1657 = FACE_BOUND('',#1658,.F.);
#1658 = EDGE_LOOP('',(#1659,#1660,#1669,#1675));
#1659 = ORIENTED_EDGE('',*,*,#1569,.T.);
#1660 = ORIENTED_EDGE('',*,*,#1661,.T.);
#1661 = EDGE_CURVE('',#1570,#1662,#1664,.T.);
#1662 = VERTEX_POINT('',#1663);
#1663 = CARTESIAN_POINT('',(215.01875032679,6.,3.));
#1664 = CIRCLE('',#1665,1.);
#1665 = AXIS2_PLACEMENT_3D('',#1666,#1667,#1668);
#1666 = CARTESIAN_POINT('',(216.01875032679,6.,3.));
#1667 = DIRECTION('',(0.,0.,-1.));
#1668 = DIRECTION('',(1.,0.,0.));
#1669 = ORIENTED_EDGE('',*,*,#1670,.F.);
#1670 = EDGE_CURVE('',#382,#1662,#1671,.T.);
#1671 = LINE('',#1672,#1673);
#1672 = CARTESIAN_POINT('',(215.01875032679,6.,0.));
#1673 = VECTOR('',#1674,1.);
#1674 = DIRECTION('',(0.,0.,1.));
#1675 = ORIENTED_EDGE('',*,*,#389,.F.);
#1676 = CYLINDRICAL_SURFACE('',#1677,1.);
#1677 = AXIS2_PLACEMENT_3D('',#1678,#1679,#1680);
#1678 = CARTESIAN_POINT('',(216.01875032679,6.,0.));
#1679 = DIRECTION('',(0.,0.,-1.));
#1680 = DIRECTION('',(1.,0.,0.));
#1681 = ADVANCED_FACE('',(#1682),#1701,.F.);
#1682 = FACE_BOUND('',#1683,.F.);
#1683 = EDGE_LOOP('',(#1684,#1692,#1699,#1700));
#1684 = ORIENTED_EDGE('',*,*,#1685,.T.);
#1685 = EDGE_CURVE('',#169,#1686,#1688,.T.);
#1686 = VERTEX_POINT('',#1687);
#1687 = CARTESIAN_POINT('',(164.30000032679,123.29999999999,3.));
#1688 = LINE('',#1689,#1690);
#1689 = CARTESIAN_POINT('',(164.30000032679,123.29999999999,0.));
#1690 = VECTOR('',#1691,1.);
#1691 = DIRECTION('',(0.,0.,1.));
#1692 = ORIENTED_EDGE('',*,*,#1693,.T.);
#1693 = EDGE_CURVE('',#1686,#1193,#1694,.T.);
#1694 = CIRCLE('',#1695,1.);
#1695 = AXIS2_PLACEMENT_3D('',#1696,#1697,#1698);
#1696 = CARTESIAN_POINT('',(165.30000032679,123.29999999999,3.));
#1697 = DIRECTION('',(0.,0.,-1.));
#1698 = DIRECTION('',(1.,0.,0.));
#1699 = ORIENTED_EDGE('',*,*,#1192,.F.);
#1700 = ORIENTED_EDGE('',*,*,#168,.F.);
#1701 = CYLINDRICAL_SURFACE('',#1702,1.);
#1702 = AXIS2_PLACEMENT_3D('',#1703,#1704,#1705);
#1703 = CARTESIAN_POINT('',(165.30000032679,123.29999999999,0.));
#1704 = DIRECTION('',(0.,0.,-1.));
#1705 = DIRECTION('',(1.,0.,0.));
#1706 = ADVANCED_FACE('',(#1707),#1725,.F.);
#1707 = FACE_BOUND('',#1708,.F.);
#1708 = EDGE_LOOP('',(#1709,#1710,#1718,#1724));
#1709 = ORIENTED_EDGE('',*,*,#1670,.T.);
#1710 = ORIENTED_EDGE('',*,*,#1711,.T.);
#1711 = EDGE_CURVE('',#1662,#1712,#1714,.T.);
#1712 = VERTEX_POINT('',#1713);
#1713 = CARTESIAN_POINT('',(215.01875032679,15.525,3.));
#1714 = LINE('',#1715,#1716);
#1715 = CARTESIAN_POINT('',(215.01875032679,6.,3.));
#1716 = VECTOR('',#1717,1.);
#1717 = DIRECTION('',(0.,1.,0.));
#1718 = ORIENTED_EDGE('',*,*,#1719,.F.);
#1719 = EDGE_CURVE('',#373,#1712,#1720,.T.);
#1720 = LINE('',#1721,#1722);
#1721 = CARTESIAN_POINT('',(215.01875032679,15.525,0.));
#1722 = VECTOR('',#1723,1.);
#1723 = DIRECTION('',(0.,0.,1.));
#1724 = ORIENTED_EDGE('',*,*,#381,.F.);
#1725 = PLANE('',#1726);
#1726 = AXIS2_PLACEMENT_3D('',#1727,#1728,#1729);
#1727 = CARTESIAN_POINT('',(215.01875032679,6.,0.));
#1728 = DIRECTION('',(-1.,0.,0.));
#1729 = DIRECTION('',(0.,1.,0.));
#1730 = ADVANCED_FACE('',(#1731),#1749,.T.);
#1731 = FACE_BOUND('',#1732,.T.);
#1732 = EDGE_LOOP('',(#1733,#1734,#1742,#1748));
#1733 = ORIENTED_EDGE('',*,*,#1685,.T.);
#1734 = ORIENTED_EDGE('',*,*,#1735,.T.);
#1735 = EDGE_CURVE('',#1686,#1736,#1738,.T.);
#1736 = VERTEX_POINT('',#1737);
#1737 = CARTESIAN_POINT('',(164.30000032679,113.77499999999,3.));
#1738 = LINE('',#1739,#1740);
#1739 = CARTESIAN_POINT('',(164.30000032679,123.29999999999,3.));
#1740 = VECTOR('',#1741,1.);
#1741 = DIRECTION('',(0.,-1.,0.));
#1742 = ORIENTED_EDGE('',*,*,#1743,.F.);
#1743 = EDGE_CURVE('',#178,#1736,#1744,.T.);
#1744 = LINE('',#1745,#1746);
#1745 = CARTESIAN_POINT('',(164.30000032679,113.77499999999,0.));
#1746 = VECTOR('',#1747,1.);
#1747 = DIRECTION('',(0.,0.,1.));
#1748 = ORIENTED_EDGE('',*,*,#177,.F.);
#1749 = PLANE('',#1750);
#1750 = AXIS2_PLACEMENT_3D('',#1751,#1752,#1753);
#1751 = CARTESIAN_POINT('',(164.30000032679,123.29999999999,0.));
#1752 = DIRECTION('',(1.,0.,0.));
#1753 = DIRECTION('',(0.,-1.,0.));
#1754 = ADVANCED_FACE('',(#1755),#1774,.T.);
#1755 = FACE_BOUND('',#1756,.T.);
#1756 = EDGE_LOOP('',(#1757,#1765,#1772,#1773));
#1757 = ORIENTED_EDGE('',*,*,#1758,.T.);
#1758 = EDGE_CURVE('',#365,#1759,#1761,.T.);
#1759 = VERTEX_POINT('',#1760);
#1760 = CARTESIAN_POINT('',(214.01875065359,16.525,3.));
#1761 = LINE('',#1762,#1763);
#1762 = CARTESIAN_POINT('',(214.01875065359,16.525,0.));
#1763 = VECTOR('',#1764,1.);
#1764 = DIRECTION('',(0.,0.,1.));
#1765 = ORIENTED_EDGE('',*,*,#1766,.T.);
#1766 = EDGE_CURVE('',#1759,#1712,#1767,.T.);
#1767 = CIRCLE('',#1768,1.);
#1768 = AXIS2_PLACEMENT_3D('',#1769,#1770,#1771);
#1769 = CARTESIAN_POINT('',(214.01875032679,15.525,3.));
#1770 = DIRECTION('',(0.,0.,-1.));
#1771 = DIRECTION('',(1.,0.,0.));
#1772 = ORIENTED_EDGE('',*,*,#1719,.F.);
#1773 = ORIENTED_EDGE('',*,*,#372,.F.);
#1774 = CYLINDRICAL_SURFACE('',#1775,1.);
#1775 = AXIS2_PLACEMENT_3D('',#1776,#1777,#1778);
#1776 = CARTESIAN_POINT('',(214.01875032679,15.525,0.));
#1777 = DIRECTION('',(0.,0.,-1.));
#1778 = DIRECTION('',(1.,0.,0.));
#1779 = ADVANCED_FACE('',(#1780),#1799,.T.);
#1780 = FACE_BOUND('',#1781,.T.);
#1781 = EDGE_LOOP('',(#1782,#1783,#1792,#1798));
#1782 = ORIENTED_EDGE('',*,*,#1743,.T.);
#1783 = ORIENTED_EDGE('',*,*,#1784,.T.);
#1784 = EDGE_CURVE('',#1736,#1785,#1787,.T.);
#1785 = VERTEX_POINT('',#1786);
#1786 = CARTESIAN_POINT('',(163.30000065358,112.775,3.));
#1787 = CIRCLE('',#1788,1.);
#1788 = AXIS2_PLACEMENT_3D('',#1789,#1790,#1791);
#1789 = CARTESIAN_POINT('',(163.30000032679,113.775,3.));
#1790 = DIRECTION('',(0.,0.,-1.));
#1791 = DIRECTION('',(1.,0.,0.));
#1792 = ORIENTED_EDGE('',*,*,#1793,.F.);
#1793 = EDGE_CURVE('',#186,#1785,#1794,.T.);
#1794 = LINE('',#1795,#1796);
#1795 = CARTESIAN_POINT('',(163.30000065358,112.775,0.));
#1796 = VECTOR('',#1797,1.);
#1797 = DIRECTION('',(0.,0.,1.));
#1798 = ORIENTED_EDGE('',*,*,#185,.F.);
#1799 = CYLINDRICAL_SURFACE('',#1800,1.);
#1800 = AXIS2_PLACEMENT_3D('',#1801,#1802,#1803);
#1801 = CARTESIAN_POINT('',(163.30000032679,113.775,0.));
#1802 = DIRECTION('',(0.,0.,-1.));
#1803 = DIRECTION('',(1.,0.,0.));
#1804 = ADVANCED_FACE('',(#1805),#1823,.T.);
#1805 = FACE_BOUND('',#1806,.T.);
#1806 = EDGE_LOOP('',(#1807,#1815,#1821,#1822));
#1807 = ORIENTED_EDGE('',*,*,#1808,.T.);
#1808 = EDGE_CURVE('',#356,#1809,#1811,.T.);
#1809 = VERTEX_POINT('',#1810);
#1810 = CARTESIAN_POINT('',(202.01874934641,16.525,3.));
#1811 = LINE('',#1812,#1813);
#1812 = CARTESIAN_POINT('',(202.01874934641,16.525,0.));
#1813 = VECTOR('',#1814,1.);
#1814 = DIRECTION('',(0.,0.,1.));
#1815 = ORIENTED_EDGE('',*,*,#1816,.T.);
#1816 = EDGE_CURVE('',#1809,#1759,#1817,.T.);
#1817 = LINE('',#1818,#1819);
#1818 = CARTESIAN_POINT('',(202.01874934641,16.525,3.));
#1819 = VECTOR('',#1820,1.);
#1820 = DIRECTION('',(1.,0.,0.));
#1821 = ORIENTED_EDGE('',*,*,#1758,.F.);
#1822 = ORIENTED_EDGE('',*,*,#364,.F.);
#1823 = PLANE('',#1824);
#1824 = AXIS2_PLACEMENT_3D('',#1825,#1826,#1827);
#1825 = CARTESIAN_POINT('',(202.01874934641,16.525,0.));
#1826 = DIRECTION('',(0.,1.,0.));
#1827 = DIRECTION('',(1.,0.,0.));
#1828 = ADVANCED_FACE('',(#1829),#1847,.F.);
#1829 = FACE_BOUND('',#1830,.F.);
#1830 = EDGE_LOOP('',(#1831,#1839,#1845,#1846));
#1831 = ORIENTED_EDGE('',*,*,#1832,.T.);
#1832 = EDGE_CURVE('',#195,#1833,#1835,.T.);
#1833 = VERTEX_POINT('',#1834);
#1834 = CARTESIAN_POINT('',(155.77499934641,112.775,3.));
#1835 = LINE('',#1836,#1837);
#1836 = CARTESIAN_POINT('',(155.77499934641,112.775,0.));
#1837 = VECTOR('',#1838,1.);
#1838 = DIRECTION('',(0.,0.,1.));
#1839 = ORIENTED_EDGE('',*,*,#1840,.T.);
#1840 = EDGE_CURVE('',#1833,#1785,#1841,.T.);
#1841 = LINE('',#1842,#1843);
#1842 = CARTESIAN_POINT('',(155.77499934641,112.775,3.));
#1843 = VECTOR('',#1844,1.);
#1844 = DIRECTION('',(1.,0.,0.));
#1845 = ORIENTED_EDGE('',*,*,#1793,.F.);
#1846 = ORIENTED_EDGE('',*,*,#194,.F.);
#1847 = PLANE('',#1848);
#1848 = AXIS2_PLACEMENT_3D('',#1849,#1850,#1851);
#1849 = CARTESIAN_POINT('',(155.77499934641,112.775,0.));
#1850 = DIRECTION('',(0.,1.,0.));
#1851 = DIRECTION('',(1.,0.,0.));
#1852 = ADVANCED_FACE('',(#1853),#1872,.T.);
#1853 = FACE_BOUND('',#1854,.T.);
#1854 = EDGE_LOOP('',(#1855,#1863,#1870,#1871));
#1855 = ORIENTED_EDGE('',*,*,#1856,.T.);
#1856 = EDGE_CURVE('',#348,#1857,#1859,.T.);
#1857 = VERTEX_POINT('',#1858);
#1858 = CARTESIAN_POINT('',(201.0187496732,15.525,3.));
#1859 = LINE('',#1860,#1861);
#1860 = CARTESIAN_POINT('',(201.0187496732,15.525,0.));
#1861 = VECTOR('',#1862,1.);
#1862 = DIRECTION('',(0.,0.,1.));
#1863 = ORIENTED_EDGE('',*,*,#1864,.T.);
#1864 = EDGE_CURVE('',#1857,#1809,#1865,.T.);
#1865 = CIRCLE('',#1866,1.);
#1866 = AXIS2_PLACEMENT_3D('',#1867,#1868,#1869);
#1867 = CARTESIAN_POINT('',(202.0187496732,15.525,3.));
#1868 = DIRECTION('',(0.,0.,-1.));
#1869 = DIRECTION('',(1.,0.,0.));
#1870 = ORIENTED_EDGE('',*,*,#1808,.F.);
#1871 = ORIENTED_EDGE('',*,*,#355,.F.);
#1872 = CYLINDRICAL_SURFACE('',#1873,1.);
#1873 = AXIS2_PLACEMENT_3D('',#1874,#1875,#1876);
#1874 = CARTESIAN_POINT('',(202.0187496732,15.525,0.));
#1875 = DIRECTION('',(0.,0.,-1.));
#1876 = DIRECTION('',(1.,0.,0.));
#1877 = ADVANCED_FACE('',(#1878),#1897,.T.);
#1878 = FACE_BOUND('',#1879,.T.);
#1879 = EDGE_LOOP('',(#1880,#1881,#1890,#1896));
#1880 = ORIENTED_EDGE('',*,*,#1832,.T.);
#1881 = ORIENTED_EDGE('',*,*,#1882,.T.);
#1882 = EDGE_CURVE('',#1833,#1883,#1885,.T.);
#1883 = VERTEX_POINT('',#1884);
#1884 = CARTESIAN_POINT('',(154.7749996732,113.775,3.));
#1885 = CIRCLE('',#1886,1.);
#1886 = AXIS2_PLACEMENT_3D('',#1887,#1888,#1889);
#1887 = CARTESIAN_POINT('',(155.7749996732,113.775,3.));
#1888 = DIRECTION('',(0.,0.,-1.));
#1889 = DIRECTION('',(1.,0.,0.));
#1890 = ORIENTED_EDGE('',*,*,#1891,.F.);
#1891 = EDGE_CURVE('',#203,#1883,#1892,.T.);
#1892 = LINE('',#1893,#1894);
#1893 = CARTESIAN_POINT('',(154.7749996732,113.775,0.));
#1894 = VECTOR('',#1895,1.);
#1895 = DIRECTION('',(0.,0.,1.));
#1896 = ORIENTED_EDGE('',*,*,#202,.F.);
#1897 = CYLINDRICAL_SURFACE('',#1898,1.);
#1898 = AXIS2_PLACEMENT_3D('',#1899,#1900,#1901);
#1899 = CARTESIAN_POINT('',(155.7749996732,113.775,0.));
#1900 = DIRECTION('',(0.,0.,-1.));
#1901 = DIRECTION('',(1.,0.,0.));
#1902 = ADVANCED_FACE('',(#1903),#1921,.T.);
#1903 = FACE_BOUND('',#1904,.T.);
#1904 = EDGE_LOOP('',(#1905,#1913,#1919,#1920));
#1905 = ORIENTED_EDGE('',*,*,#1906,.T.);
#1906 = EDGE_CURVE('',#339,#1907,#1909,.T.);
#1907 = VERTEX_POINT('',#1908);
#1908 = CARTESIAN_POINT('',(201.0187496732,6.,3.));
#1909 = LINE('',#1910,#1911);
#1910 = CARTESIAN_POINT('',(201.0187496732,6.,0.));
#1911 = VECTOR('',#1912,1.);
#1912 = DIRECTION('',(0.,0.,1.));
#1913 = ORIENTED_EDGE('',*,*,#1914,.T.);
#1914 = EDGE_CURVE('',#1907,#1857,#1915,.T.);
#1915 = LINE('',#1916,#1917);
#1916 = CARTESIAN_POINT('',(201.0187496732,6.,3.));
#1917 = VECTOR('',#1918,1.);
#1918 = DIRECTION('',(0.,1.,0.));
#1919 = ORIENTED_EDGE('',*,*,#1856,.F.);
#1920 = ORIENTED_EDGE('',*,*,#347,.F.);
#1921 = PLANE('',#1922);
#1922 = AXIS2_PLACEMENT_3D('',#1923,#1924,#1925);
#1923 = CARTESIAN_POINT('',(201.0187496732,6.,0.));
#1924 = DIRECTION('',(-1.,0.,0.));
#1925 = DIRECTION('',(0.,1.,0.));
#1926 = ADVANCED_FACE('',(#1927),#1945,.F.);
#1927 = FACE_BOUND('',#1928,.F.);
#1928 = EDGE_LOOP('',(#1929,#1937,#1943,#1944));
#1929 = ORIENTED_EDGE('',*,*,#1930,.T.);
#1930 = EDGE_CURVE('',#212,#1931,#1933,.T.);
#1931 = VERTEX_POINT('',#1932);
#1932 = CARTESIAN_POINT('',(154.7749996732,123.3,3.));
#1933 = LINE('',#1934,#1935);
#1934 = CARTESIAN_POINT('',(154.7749996732,123.3,0.));
#1935 = VECTOR('',#1936,1.);
#1936 = DIRECTION('',(0.,0.,1.));
#1937 = ORIENTED_EDGE('',*,*,#1938,.T.);
#1938 = EDGE_CURVE('',#1931,#1883,#1939,.T.);
#1939 = LINE('',#1940,#1941);
#1940 = CARTESIAN_POINT('',(154.7749996732,123.3,3.));
#1941 = VECTOR('',#1942,1.);
#1942 = DIRECTION('',(0.,-1.,0.));
#1943 = ORIENTED_EDGE('',*,*,#1891,.F.);
#1944 = ORIENTED_EDGE('',*,*,#211,.F.);
#1945 = PLANE('',#1946);
#1946 = AXIS2_PLACEMENT_3D('',#1947,#1948,#1949);
#1947 = CARTESIAN_POINT('',(154.7749996732,123.3,0.));
#1948 = DIRECTION('',(1.,0.,0.));
#1949 = DIRECTION('',(0.,-1.,0.));
#1950 = ADVANCED_FACE('',(#1951),#1963,.F.);
#1951 = FACE_BOUND('',#1952,.F.);
#1952 = EDGE_LOOP('',(#1953,#1954,#1961,#1962));
#1953 = ORIENTED_EDGE('',*,*,#1906,.T.);
#1954 = ORIENTED_EDGE('',*,*,#1955,.T.);
#1955 = EDGE_CURVE('',#1907,#1578,#1956,.T.);
#1956 = CIRCLE('',#1957,1.);
#1957 = AXIS2_PLACEMENT_3D('',#1958,#1959,#1960);
#1958 = CARTESIAN_POINT('',(200.0187496732,6.,3.));
#1959 = DIRECTION('',(0.,0.,-1.));
#1960 = DIRECTION('',(1.,0.,0.));
#1961 = ORIENTED_EDGE('',*,*,#1585,.F.);
#1962 = ORIENTED_EDGE('',*,*,#338,.F.);
#1963 = CYLINDRICAL_SURFACE('',#1964,1.);
#1964 = AXIS2_PLACEMENT_3D('',#1965,#1966,#1967);
#1965 = CARTESIAN_POINT('',(200.0187496732,6.,0.));
#1966 = DIRECTION('',(0.,0.,-1.));
#1967 = DIRECTION('',(1.,0.,0.));
#1968 = ADVANCED_FACE('',(#1969),#1981,.F.);
#1969 = FACE_BOUND('',#1970,.F.);
#1970 = EDGE_LOOP('',(#1971,#1972,#1979,#1980));
#1971 = ORIENTED_EDGE('',*,*,#1208,.T.);
#1972 = ORIENTED_EDGE('',*,*,#1973,.T.);
#1973 = EDGE_CURVE('',#1201,#1931,#1974,.T.);
#1974 = CIRCLE('',#1975,1.);
#1975 = AXIS2_PLACEMENT_3D('',#1976,#1977,#1978);
#1976 = CARTESIAN_POINT('',(153.7749996732,123.3,3.));
#1977 = DIRECTION('',(0.,0.,-1.));
#1978 = DIRECTION('',(1.,0.,0.));
#1979 = ORIENTED_EDGE('',*,*,#1930,.F.);
#1980 = ORIENTED_EDGE('',*,*,#219,.F.);
#1981 = CYLINDRICAL_SURFACE('',#1982,1.);
#1982 = AXIS2_PLACEMENT_3D('',#1983,#1984,#1985);
#1983 = CARTESIAN_POINT('',(153.7749996732,123.3,0.));
#1984 = DIRECTION('',(0.,0.,-1.));
#1985 = DIRECTION('',(1.,0.,0.));
#1986 = ADVANCED_FACE('',(#1987),#2006,.F.);
#1987 = FACE_BOUND('',#1988,.F.);
#1988 = EDGE_LOOP('',(#1989,#1990,#1999,#2005));
#1989 = ORIENTED_EDGE('',*,*,#1592,.T.);
#1990 = ORIENTED_EDGE('',*,*,#1991,.T.);
#1991 = EDGE_CURVE('',#1593,#1992,#1994,.T.);
#1992 = VERTEX_POINT('',#1993);
#1993 = CARTESIAN_POINT('',(160.91875032679,6.,3.));
#1994 = CIRCLE('',#1995,1.);
#1995 = AXIS2_PLACEMENT_3D('',#1996,#1997,#1998);
#1996 = CARTESIAN_POINT('',(161.91875032679,6.,3.));
#1997 = DIRECTION('',(0.,0.,-1.));
#1998 = DIRECTION('',(1.,0.,0.));
#1999 = ORIENTED_EDGE('',*,*,#2000,.F.);
#2000 = EDGE_CURVE('',#314,#1992,#2001,.T.);
#2001 = LINE('',#2002,#2003);
#2002 = CARTESIAN_POINT('',(160.91875032679,6.,0.));
#2003 = VECTOR('',#2004,1.);
#2004 = DIRECTION('',(0.,0.,1.));
#2005 = ORIENTED_EDGE('',*,*,#321,.F.);
#2006 = CYLINDRICAL_SURFACE('',#2007,1.);
#2007 = AXIS2_PLACEMENT_3D('',#2008,#2009,#2010);
#2008 = CARTESIAN_POINT('',(161.91875032679,6.,0.));
#2009 = DIRECTION('',(0.,0.,-1.));
#2010 = DIRECTION('',(1.,0.,0.));
#2011 = ADVANCED_FACE('',(#2012),#2031,.F.);
#2012 = FACE_BOUND('',#2013,.F.);
#2013 = EDGE_LOOP('',(#2014,#2015,#2023,#2030));
#2014 = ORIENTED_EDGE('',*,*,#236,.T.);
#2015 = ORIENTED_EDGE('',*,*,#2016,.T.);
#2016 = EDGE_CURVE('',#237,#2017,#2019,.T.);
#2017 = VERTEX_POINT('',#2018);
#2018 = CARTESIAN_POINT('',(49.999999673205,123.3,3.));
#2019 = LINE('',#2020,#2021);
#2020 = CARTESIAN_POINT('',(49.999999673205,123.3,0.));
#2021 = VECTOR('',#2022,1.);
#2022 = DIRECTION('',(0.,0.,1.));
#2023 = ORIENTED_EDGE('',*,*,#2024,.F.);
#2024 = EDGE_CURVE('',#1216,#2017,#2025,.T.);
#2025 = CIRCLE('',#2026,1.);
#2026 = AXIS2_PLACEMENT_3D('',#2027,#2028,#2029);
#2027 = CARTESIAN_POINT('',(50.999999673205,123.3,3.));
#2028 = DIRECTION('',(-0.,0.,1.));
#2029 = DIRECTION('',(0.,-1.,0.));
#2030 = ORIENTED_EDGE('',*,*,#1215,.F.);
#2031 = CYLINDRICAL_SURFACE('',#2032,1.);
#2032 = AXIS2_PLACEMENT_3D('',#2033,#2034,#2035);
#2033 = CARTESIAN_POINT('',(50.999999673205,123.3,0.));
#2034 = DIRECTION('',(0.,0.,1.));
#2035 = DIRECTION('',(0.,1.,0.));
#2036 = ADVANCED_FACE('',(#2037),#2055,.F.);
#2037 = FACE_BOUND('',#2038,.F.);
#2038 = EDGE_LOOP('',(#2039,#2040,#2048,#2054));
#2039 = ORIENTED_EDGE('',*,*,#2000,.T.);
#2040 = ORIENTED_EDGE('',*,*,#2041,.T.);
#2041 = EDGE_CURVE('',#1992,#2042,#2044,.T.);
#2042 = VERTEX_POINT('',#2043);
#2043 = CARTESIAN_POINT('',(160.91875032679,15.525,3.));
#2044 = LINE('',#2045,#2046);
#2045 = CARTESIAN_POINT('',(160.91875032679,6.,3.));
#2046 = VECTOR('',#2047,1.);
#2047 = DIRECTION('',(0.,1.,0.));
#2048 = ORIENTED_EDGE('',*,*,#2049,.F.);
#2049 = EDGE_CURVE('',#305,#2042,#2050,.T.);
#2050 = LINE('',#2051,#2052);
#2051 = CARTESIAN_POINT('',(160.91875032679,15.525,0.));
#2052 = VECTOR('',#2053,1.);
#2053 = DIRECTION('',(0.,0.,1.));
#2054 = ORIENTED_EDGE('',*,*,#313,.F.);
#2055 = PLANE('',#2056);
#2056 = AXIS2_PLACEMENT_3D('',#2057,#2058,#2059);
#2057 = CARTESIAN_POINT('',(160.91875032679,6.,0.));
#2058 = DIRECTION('',(-1.,0.,0.));
#2059 = DIRECTION('',(0.,1.,0.));
#2060 = ADVANCED_FACE('',(#2061),#2079,.F.);
#2061 = FACE_BOUND('',#2062,.F.);
#2062 = EDGE_LOOP('',(#2063,#2064,#2072,#2078));
#2063 = ORIENTED_EDGE('',*,*,#245,.F.);
#2064 = ORIENTED_EDGE('',*,*,#2065,.T.);
#2065 = EDGE_CURVE('',#246,#2066,#2068,.T.);
#2066 = VERTEX_POINT('',#2067);
#2067 = CARTESIAN_POINT('',(49.999999673205,6.,3.));
#2068 = LINE('',#2069,#2070);
#2069 = CARTESIAN_POINT('',(49.999999673205,6.,0.));
#2070 = VECTOR('',#2071,1.);
#2071 = DIRECTION('',(0.,0.,1.));
#2072 = ORIENTED_EDGE('',*,*,#2073,.T.);
#2073 = EDGE_CURVE('',#2066,#2017,#2074,.T.);
#2074 = LINE('',#2075,#2076);
#2075 = CARTESIAN_POINT('',(49.999999673205,5.,3.));
#2076 = VECTOR('',#2077,1.);
#2077 = DIRECTION('',(0.,1.,0.));
#2078 = ORIENTED_EDGE('',*,*,#2016,.F.);
#2079 = PLANE('',#2080);
#2080 = AXIS2_PLACEMENT_3D('',#2081,#2082,#2083);
#2081 = CARTESIAN_POINT('',(49.999999673205,5.,0.));
#2082 = DIRECTION('',(-1.,0.,0.));
#2083 = DIRECTION('',(0.,1.,0.));
#2084 = ADVANCED_FACE('',(#2085),#2104,.T.);
#2085 = FACE_BOUND('',#2086,.T.);
#2086 = EDGE_LOOP('',(#2087,#2095,#2102,#2103));
#2087 = ORIENTED_EDGE('',*,*,#2088,.T.);
#2088 = EDGE_CURVE('',#297,#2089,#2091,.T.);
#2089 = VERTEX_POINT('',#2090);
#2090 = CARTESIAN_POINT('',(159.91875065359,16.525,3.));
#2091 = LINE('',#2092,#2093);
#2092 = CARTESIAN_POINT('',(159.91875065359,16.525,0.));
#2093 = VECTOR('',#2094,1.);
#2094 = DIRECTION('',(0.,0.,1.));
#2095 = ORIENTED_EDGE('',*,*,#2096,.T.);
#2096 = EDGE_CURVE('',#2089,#2042,#2097,.T.);
#2097 = CIRCLE('',#2098,1.);
#2098 = AXIS2_PLACEMENT_3D('',#2099,#2100,#2101);
#2099 = CARTESIAN_POINT('',(159.91875032679,15.525,3.));
#2100 = DIRECTION('',(0.,0.,-1.));
#2101 = DIRECTION('',(1.,0.,0.));
#2102 = ORIENTED_EDGE('',*,*,#2049,.F.);
#2103 = ORIENTED_EDGE('',*,*,#304,.F.);
#2104 = CYLINDRICAL_SURFACE('',#2105,1.);
#2105 = AXIS2_PLACEMENT_3D('',#2106,#2107,#2108);
#2106 = CARTESIAN_POINT('',(159.91875032679,15.525,0.));
#2107 = DIRECTION('',(0.,0.,-1.));
#2108 = DIRECTION('',(1.,0.,0.));
#2109 = ADVANCED_FACE('',(#2110),#2122,.F.);
#2110 = FACE_BOUND('',#2111,.T.);
#2111 = EDGE_LOOP('',(#2112,#2113,#2114,#2121));
#2112 = ORIENTED_EDGE('',*,*,#253,.T.);
#2113 = ORIENTED_EDGE('',*,*,#2065,.T.);
#2114 = ORIENTED_EDGE('',*,*,#2115,.F.);
#2115 = EDGE_CURVE('',#1616,#2066,#2116,.T.);
#2116 = CIRCLE('',#2117,1.);
#2117 = AXIS2_PLACEMENT_3D('',#2118,#2119,#2120);
#2118 = CARTESIAN_POINT('',(50.999999673205,6.,3.));
#2119 = DIRECTION('',(-0.,-0.,-1.));
#2120 = DIRECTION('',(0.,-1.,0.));
#2121 = ORIENTED_EDGE('',*,*,#1615,.F.);
#2122 = CYLINDRICAL_SURFACE('',#2123,1.);
#2123 = AXIS2_PLACEMENT_3D('',#2124,#2125,#2126);
#2124 = CARTESIAN_POINT('',(50.999999673205,6.,0.));
#2125 = DIRECTION('',(0.,0.,1.));
#2126 = DIRECTION('',(0.,-1.,0.));
#2127 = ADVANCED_FACE('',(#2128),#2146,.T.);
#2128 = FACE_BOUND('',#2129,.T.);
#2129 = EDGE_LOOP('',(#2130,#2138,#2144,#2145));
#2130 = ORIENTED_EDGE('',*,*,#2131,.T.);
#2131 = EDGE_CURVE('',#288,#2132,#2134,.T.);
#2132 = VERTEX_POINT('',#2133);
#2133 = CARTESIAN_POINT('',(147.91874934641,16.525,3.));
#2134 = LINE('',#2135,#2136);
#2135 = CARTESIAN_POINT('',(147.91874934641,16.525,0.));
#2136 = VECTOR('',#2137,1.);
#2137 = DIRECTION('',(0.,0.,1.));
#2138 = ORIENTED_EDGE('',*,*,#2139,.T.);
#2139 = EDGE_CURVE('',#2132,#2089,#2140,.T.);
#2140 = LINE('',#2141,#2142);
#2141 = CARTESIAN_POINT('',(147.91874934641,16.525,3.));
#2142 = VECTOR('',#2143,1.);
#2143 = DIRECTION('',(1.,0.,0.));
#2144 = ORIENTED_EDGE('',*,*,#2088,.F.);
#2145 = ORIENTED_EDGE('',*,*,#296,.F.);
#2146 = PLANE('',#2147);
#2147 = AXIS2_PLACEMENT_3D('',#2148,#2149,#2150);
#2148 = CARTESIAN_POINT('',(147.91874934641,16.525,0.));
#2149 = DIRECTION('',(0.,1.,0.));
#2150 = DIRECTION('',(1.,0.,0.));
#2151 = ADVANCED_FACE('',(#2152),#2171,.T.);
#2152 = FACE_BOUND('',#2153,.T.);
#2153 = EDGE_LOOP('',(#2154,#2162,#2169,#2170));
#2154 = ORIENTED_EDGE('',*,*,#2155,.T.);
#2155 = EDGE_CURVE('',#280,#2156,#2158,.T.);
#2156 = VERTEX_POINT('',#2157);
#2157 = CARTESIAN_POINT('',(146.9187496732,15.525,3.));
#2158 = LINE('',#2159,#2160);
#2159 = CARTESIAN_POINT('',(146.9187496732,15.525,0.));
#2160 = VECTOR('',#2161,1.);
#2161 = DIRECTION('',(0.,0.,1.));
#2162 = ORIENTED_EDGE('',*,*,#2163,.T.);
#2163 = EDGE_CURVE('',#2156,#2132,#2164,.T.);
#2164 = CIRCLE('',#2165,1.);
#2165 = AXIS2_PLACEMENT_3D('',#2166,#2167,#2168);
#2166 = CARTESIAN_POINT('',(147.9187496732,15.525,3.));
#2167 = DIRECTION('',(0.,0.,-1.));
#2168 = DIRECTION('',(1.,0.,0.));
#2169 = ORIENTED_EDGE('',*,*,#2131,.F.);
#2170 = ORIENTED_EDGE('',*,*,#287,.F.);
#2171 = CYLINDRICAL_SURFACE('',#2172,1.);
#2172 = AXIS2_PLACEMENT_3D('',#2173,#2174,#2175);
#2173 = CARTESIAN_POINT('',(147.9187496732,15.525,0.));
#2174 = DIRECTION('',(0.,0.,-1.));
#2175 = DIRECTION('',(1.,0.,0.));
#2176 = ADVANCED_FACE('',(#2177),#2196,.F.);
#2177 = FACE_BOUND('',#2178,.F.);
#2178 = EDGE_LOOP('',(#2179,#2187,#2194,#2195));
#2179 = ORIENTED_EDGE('',*,*,#2180,.T.);
#2180 = EDGE_CURVE('',#271,#2181,#2183,.T.);
#2181 = VERTEX_POINT('',#2182);
#2182 = CARTESIAN_POINT('',(146.9187496732,6.,3.));
#2183 = LINE('',#2184,#2185);
#2184 = CARTESIAN_POINT('',(146.9187496732,6.,0.));
#2185 = VECTOR('',#2186,1.);
#2186 = DIRECTION('',(0.,0.,1.));
#2187 = ORIENTED_EDGE('',*,*,#2188,.T.);
#2188 = EDGE_CURVE('',#2181,#1601,#2189,.T.);
#2189 = CIRCLE('',#2190,1.);
#2190 = AXIS2_PLACEMENT_3D('',#2191,#2192,#2193);
#2191 = CARTESIAN_POINT('',(145.9187496732,6.,3.));
#2192 = DIRECTION('',(0.,0.,-1.));
#2193 = DIRECTION('',(1.,0.,0.));
#2194 = ORIENTED_EDGE('',*,*,#1608,.F.);
#2195 = ORIENTED_EDGE('',*,*,#270,.F.);
#2196 = CYLINDRICAL_SURFACE('',#2197,1.);
#2197 = AXIS2_PLACEMENT_3D('',#2198,#2199,#2200);
#2198 = CARTESIAN_POINT('',(145.9187496732,6.,0.));
#2199 = DIRECTION('',(0.,0.,-1.));
#2200 = DIRECTION('',(1.,0.,0.));
#2201 = ADVANCED_FACE('',(#2202),#2213,.T.);
#2202 = FACE_BOUND('',#2203,.T.);
#2203 = EDGE_LOOP('',(#2204,#2205,#2211,#2212));
#2204 = ORIENTED_EDGE('',*,*,#2180,.T.);
#2205 = ORIENTED_EDGE('',*,*,#2206,.T.);
#2206 = EDGE_CURVE('',#2181,#2156,#2207,.T.);
#2207 = LINE('',#2208,#2209);
#2208 = CARTESIAN_POINT('',(146.9187496732,6.,3.));
#2209 = VECTOR('',#2210,1.);
#2210 = DIRECTION('',(0.,1.,0.));
#2211 = ORIENTED_EDGE('',*,*,#2155,.F.);
#2212 = ORIENTED_EDGE('',*,*,#279,.F.);
#2213 = PLANE('',#2214);
#2214 = AXIS2_PLACEMENT_3D('',#2215,#2216,#2217);
#2215 = CARTESIAN_POINT('',(146.9187496732,6.,0.));
#2216 = DIRECTION('',(-1.,0.,0.));
#2217 = DIRECTION('',(0.,1.,0.));
#2218 = ADVANCED_FACE('',(#2219),#2276,.T.);
#2219 = FACE_BOUND('',#2220,.T.);
#2220 = EDGE_LOOP('',(#2221,#2222,#2230,#2238,#2246,#2254,#2262,#2270));
#2221 = ORIENTED_EDGE('',*,*,#517,.F.);
#2222 = ORIENTED_EDGE('',*,*,#2223,.F.);
#2223 = EDGE_CURVE('',#2224,#518,#2226,.T.);
#2224 = VERTEX_POINT('',#2225);
#2225 = CARTESIAN_POINT('',(5.000000000019,91.5,5.));
#2226 = LINE('',#2227,#2228);
#2227 = CARTESIAN_POINT('',(5.000000000019,91.5,5.000000000002));
#2228 = VECTOR('',#2229,1.);
#2229 = DIRECTION('',(-0.,-0.,-1.));
#2230 = ORIENTED_EDGE('',*,*,#2231,.T.);
#2231 = EDGE_CURVE('',#2224,#2232,#2234,.T.);
#2232 = VERTEX_POINT('',#2233);
#2233 = CARTESIAN_POINT('',(5.,11.499999673205,5.));
#2234 = LINE('',#2235,#2236);
#2235 = CARTESIAN_POINT('',(5.,123.3,5.));
#2236 = VECTOR('',#2237,1.);
#2237 = DIRECTION('',(0.,-1.,0.));
#2238 = ORIENTED_EDGE('',*,*,#2239,.F.);
#2239 = EDGE_CURVE('',#2240,#2232,#2242,.T.);
#2240 = VERTEX_POINT('',#2241);
#2241 = CARTESIAN_POINT('',(5.,11.499999673205,3.));
#2242 = LINE('',#2243,#2244);
#2243 = CARTESIAN_POINT('',(5.,11.499999673205,3.));
#2244 = VECTOR('',#2245,1.);
#2245 = DIRECTION('',(0.,0.,1.));
#2246 = ORIENTED_EDGE('',*,*,#2247,.T.);
#2247 = EDGE_CURVE('',#2240,#2248,#2250,.T.);
#2248 = VERTEX_POINT('',#2249);
#2249 = CARTESIAN_POINT('',(5.,86.,3.));
#2250 = LINE('',#2251,#2252);
#2251 = CARTESIAN_POINT('',(5.000000000052,5.999989832682,3.));
#2252 = VECTOR('',#2253,1.);
#2253 = DIRECTION('',(0.,1.,0.));
#2254 = ORIENTED_EDGE('',*,*,#2255,.F.);
#2255 = EDGE_CURVE('',#2256,#2248,#2258,.T.);
#2256 = VERTEX_POINT('',#2257);
#2257 = CARTESIAN_POINT('',(5.,85.999999019615,0.5));
#2258 = LINE('',#2259,#2260);
#2259 = CARTESIAN_POINT('',(5.,86.,0.));
#2260 = VECTOR('',#2261,1.);
#2261 = DIRECTION('',(0.,0.,1.));
#2262 = ORIENTED_EDGE('',*,*,#2263,.F.);
#2263 = EDGE_CURVE('',#2264,#2256,#2266,.T.);
#2264 = VERTEX_POINT('',#2265);
#2265 = CARTESIAN_POINT('',(5.,5.999999673205,0.5));
#2266 = LINE('',#2267,#2268);
#2267 = CARTESIAN_POINT('',(5.,5.999999673205,0.5));
#2268 = VECTOR('',#2269,1.);
#2269 = DIRECTION('',(0.,1.,0.));
#2270 = ORIENTED_EDGE('',*,*,#2271,.F.);
#2271 = EDGE_CURVE('',#520,#2264,#2272,.T.);
#2272 = LINE('',#2273,#2274);
#2273 = CARTESIAN_POINT('',(5.,5.999999673205,0.));
#2274 = VECTOR('',#2275,1.);
#2275 = DIRECTION('',(0.,0.,1.));
#2276 = PLANE('',#2277);
#2277 = AXIS2_PLACEMENT_3D('',#2278,#2279,#2280);
#2278 = CARTESIAN_POINT('',(5.000000000012,49.606573807048,
    2.088359480255));
#2279 = DIRECTION('',(1.,1.113E-14,-2.5631E-12));
#2280 = DIRECTION('',(2.5631E-12,0.,1.));
#2281 = ADVANCED_FACE('',(#2282),#2301,.T.);
#2282 = FACE_BOUND('',#2283,.T.);
#2283 = EDGE_LOOP('',(#2284,#2293,#2294,#2295));
#2284 = ORIENTED_EDGE('',*,*,#2285,.T.);
#2285 = EDGE_CURVE('',#2286,#2224,#2288,.T.);
#2286 = VERTEX_POINT('',#2287);
#2287 = CARTESIAN_POINT('',(4.200000000019,92.3,5.));
#2288 = CIRCLE('',#2289,0.8);
#2289 = AXIS2_PLACEMENT_3D('',#2290,#2291,#2292);
#2290 = CARTESIAN_POINT('',(4.200000000019,91.5,5.));
#2291 = DIRECTION('',(0.,0.,-1.));
#2292 = DIRECTION('',(0.,1.,0.));
#2293 = ORIENTED_EDGE('',*,*,#2223,.T.);
#2294 = ORIENTED_EDGE('',*,*,#688,.F.);
#2295 = ORIENTED_EDGE('',*,*,#2296,.F.);
#2296 = EDGE_CURVE('',#2286,#681,#2297,.T.);
#2297 = LINE('',#2298,#2299);
#2298 = CARTESIAN_POINT('',(4.200000000019,92.3,5.000000000002));
#2299 = VECTOR('',#2300,1.);
#2300 = DIRECTION('',(-0.,-0.,-1.));
#2301 = CYLINDRICAL_SURFACE('',#2302,0.8);
#2302 = AXIS2_PLACEMENT_3D('',#2303,#2304,#2305);
#2303 = CARTESIAN_POINT('',(4.200000000019,91.5,5.000000000002));
#2304 = DIRECTION('',(-0.,-0.,-1.));
#2305 = DIRECTION('',(0.,1.,0.));
#2306 = ADVANCED_FACE('',(#2307),#2319,.F.);
#2307 = FACE_BOUND('',#2308,.F.);
#2308 = EDGE_LOOP('',(#2309,#2310,#2317,#2318));
#2309 = ORIENTED_EDGE('',*,*,#1638,.T.);
#2310 = ORIENTED_EDGE('',*,*,#2311,.T.);
#2311 = EDGE_CURVE('',#1639,#2264,#2312,.T.);
#2312 = CIRCLE('',#2313,1.);
#2313 = AXIS2_PLACEMENT_3D('',#2314,#2315,#2316);
#2314 = CARTESIAN_POINT('',(6.,6.,0.5));
#2315 = DIRECTION('',(0.,0.,-1.));
#2316 = DIRECTION('',(1.,0.,0.));
#2317 = ORIENTED_EDGE('',*,*,#2271,.F.);
#2318 = ORIENTED_EDGE('',*,*,#527,.F.);
#2319 = CYLINDRICAL_SURFACE('',#2320,1.);
#2320 = AXIS2_PLACEMENT_3D('',#2321,#2322,#2323);
#2321 = CARTESIAN_POINT('',(6.,6.,0.));
#2322 = DIRECTION('',(0.,0.,-1.));
#2323 = DIRECTION('',(1.,0.,0.));
#2324 = ADVANCED_FACE('',(#2325),#2343,.F.);
#2325 = FACE_BOUND('',#2326,.F.);
#2326 = EDGE_LOOP('',(#2327,#2335,#2341,#2342));
#2327 = ORIENTED_EDGE('',*,*,#2328,.F.);
#2328 = EDGE_CURVE('',#2329,#2286,#2331,.T.);
#2329 = VERTEX_POINT('',#2330);
#2330 = CARTESIAN_POINT('',(4.,92.3,5.));
#2331 = LINE('',#2332,#2333);
#2332 = CARTESIAN_POINT('',(3.,92.3,5.));
#2333 = VECTOR('',#2334,1.);
#2334 = DIRECTION('',(1.,0.,0.));
#2335 = ORIENTED_EDGE('',*,*,#2336,.T.);
#2336 = EDGE_CURVE('',#2329,#672,#2337,.T.);
#2337 = LINE('',#2338,#2339);
#2338 = CARTESIAN_POINT('',(4.,92.3,5.));
#2339 = VECTOR('',#2340,1.);
#2340 = DIRECTION('',(-0.,-0.,-1.));
#2341 = ORIENTED_EDGE('',*,*,#680,.T.);
#2342 = ORIENTED_EDGE('',*,*,#2296,.F.);
#2343 = PLANE('',#2344);
#2344 = AXIS2_PLACEMENT_3D('',#2345,#2346,#2347);
#2345 = CARTESIAN_POINT('',(3.,92.3,5.));
#2346 = DIRECTION('',(0.,-1.,0.));
#2347 = DIRECTION('',(1.,0.,0.));
#2348 = ADVANCED_FACE('',(#2349),#2368,.F.);
#2349 = FACE_BOUND('',#2350,.T.);
#2350 = EDGE_LOOP('',(#2351,#2360,#2361,#2362));
#2351 = ORIENTED_EDGE('',*,*,#2352,.T.);
#2352 = EDGE_CURVE('',#2353,#2329,#2355,.T.);
#2353 = VERTEX_POINT('',#2354);
#2354 = CARTESIAN_POINT('',(3.,93.3,5.));
#2355 = CIRCLE('',#2356,1.);
#2356 = AXIS2_PLACEMENT_3D('',#2357,#2358,#2359);
#2357 = CARTESIAN_POINT('',(4.,93.3,5.));
#2358 = DIRECTION('',(0.,-0.,1.));
#2359 = DIRECTION('',(0.,1.,0.));
#2360 = ORIENTED_EDGE('',*,*,#2336,.T.);
#2361 = ORIENTED_EDGE('',*,*,#671,.F.);
#2362 = ORIENTED_EDGE('',*,*,#2363,.F.);
#2363 = EDGE_CURVE('',#2353,#664,#2364,.T.);
#2364 = LINE('',#2365,#2366);
#2365 = CARTESIAN_POINT('',(3.,93.3,5.));
#2366 = VECTOR('',#2367,1.);
#2367 = DIRECTION('',(-0.,-0.,-1.));
#2368 = CYLINDRICAL_SURFACE('',#2369,1.);
#2369 = AXIS2_PLACEMENT_3D('',#2370,#2371,#2372);
#2370 = CARTESIAN_POINT('',(4.,93.3,5.));
#2371 = DIRECTION('',(-0.,-0.,-1.));
#2372 = DIRECTION('',(-1.,3.3E-16,0.));
#2373 = ADVANCED_FACE('',(#2374),#2393,.F.);
#2374 = FACE_BOUND('',#2375,.F.);
#2375 = EDGE_LOOP('',(#2376,#2377,#2385,#2392));
#2376 = ORIENTED_EDGE('',*,*,#544,.T.);
#2377 = ORIENTED_EDGE('',*,*,#2378,.T.);
#2378 = EDGE_CURVE('',#545,#2379,#2381,.T.);
#2379 = VERTEX_POINT('',#2380);
#2380 = CARTESIAN_POINT('',(45.,6.,3.));
#2381 = LINE('',#2382,#2383);
#2382 = CARTESIAN_POINT('',(45.,6.,0.));
#2383 = VECTOR('',#2384,1.);
#2384 = DIRECTION('',(0.,0.,1.));
#2385 = ORIENTED_EDGE('',*,*,#2386,.F.);
#2386 = EDGE_CURVE('',#1624,#2379,#2387,.T.);
#2387 = CIRCLE('',#2388,1.);
#2388 = AXIS2_PLACEMENT_3D('',#2389,#2390,#2391);
#2389 = CARTESIAN_POINT('',(44.,6.,3.));
#2390 = DIRECTION('',(-0.,0.,1.));
#2391 = DIRECTION('',(0.,-1.,0.));
#2392 = ORIENTED_EDGE('',*,*,#1631,.F.);
#2393 = CYLINDRICAL_SURFACE('',#2394,1.);
#2394 = AXIS2_PLACEMENT_3D('',#2395,#2396,#2397);
#2395 = CARTESIAN_POINT('',(44.,6.,0.));
#2396 = DIRECTION('',(0.,0.,1.));
#2397 = DIRECTION('',(0.,-1.,0.));
#2398 = ADVANCED_FACE('',(#2399,#2481,#2551),#2562,.T.);
#2399 = FACE_BOUND('',#2400,.T.);
#2400 = EDGE_LOOP('',(#2401,#2409,#2410,#2411,#2419,#2427,#2435,#2443,
    #2451,#2459,#2467,#2475));
#2401 = ORIENTED_EDGE('',*,*,#2402,.F.);
#2402 = EDGE_CURVE('',#2353,#2403,#2405,.T.);
#2403 = VERTEX_POINT('',#2404);
#2404 = CARTESIAN_POINT('',(3.,5.99999999995,5.));
#2405 = LINE('',#2406,#2407);
#2406 = CARTESIAN_POINT('',(3.,123.30000000005,5.));
#2407 = VECTOR('',#2408,1.);
#2408 = DIRECTION('',(0.,-1.,0.));
#2409 = ORIENTED_EDGE('',*,*,#2363,.T.);
#2410 = ORIENTED_EDGE('',*,*,#663,.F.);
#2411 = ORIENTED_EDGE('',*,*,#2412,.T.);
#2412 = EDGE_CURVE('',#655,#2413,#2415,.T.);
#2413 = VERTEX_POINT('',#2414);
#2414 = CARTESIAN_POINT('',(3.,6.,-2.5));
#2415 = LINE('',#2416,#2417);
#2416 = CARTESIAN_POINT('',(3.,6.,0.));
#2417 = VECTOR('',#2418,1.);
#2418 = DIRECTION('',(0.,0.,-1.));
#2419 = ORIENTED_EDGE('',*,*,#2420,.T.);
#2420 = EDGE_CURVE('',#2413,#2421,#2423,.T.);
#2421 = VERTEX_POINT('',#2422);
#2422 = CARTESIAN_POINT('',(3.,123.3,-2.5));
#2423 = LINE('',#2424,#2425);
#2424 = CARTESIAN_POINT('',(3.,6.,-2.5));
#2425 = VECTOR('',#2426,1.);
#2426 = DIRECTION('',(0.,1.,0.));
#2427 = ORIENTED_EDGE('',*,*,#2428,.F.);
#2428 = EDGE_CURVE('',#2429,#2421,#2431,.T.);
#2429 = VERTEX_POINT('',#2430);
#2430 = CARTESIAN_POINT('',(3.,123.3,0.));
#2431 = LINE('',#2432,#2433);
#2432 = CARTESIAN_POINT('',(3.,123.3,0.));
#2433 = VECTOR('',#2434,1.);
#2434 = DIRECTION('',(0.,0.,-1.));
#2435 = ORIENTED_EDGE('',*,*,#2436,.T.);
#2436 = EDGE_CURVE('',#2429,#2437,#2439,.T.);
#2437 = VERTEX_POINT('',#2438);
#2438 = CARTESIAN_POINT('',(3.,115.3,0.));
#2439 = LINE('',#2440,#2441);
#2440 = CARTESIAN_POINT('',(3.,62.942497733456,0.));
#2441 = VECTOR('',#2442,1.);
#2442 = DIRECTION('',(-3.3E-16,-1.,0.));
#2443 = ORIENTED_EDGE('',*,*,#2444,.F.);
#2444 = EDGE_CURVE('',#2445,#2437,#2447,.T.);
#2445 = VERTEX_POINT('',#2446);
#2446 = CARTESIAN_POINT('',(3.,115.3,5.));
#2447 = LINE('',#2448,#2449);
#2448 = CARTESIAN_POINT('',(3.,115.3,5.));
#2449 = VECTOR('',#2450,1.);
#2450 = DIRECTION('',(-0.,-0.,-1.));
#2451 = ORIENTED_EDGE('',*,*,#2452,.F.);
#2452 = EDGE_CURVE('',#2453,#2445,#2455,.T.);
#2453 = VERTEX_POINT('',#2454);
#2454 = CARTESIAN_POINT('',(3.000000000003,123.30000000005,5.));
#2455 = LINE('',#2456,#2457);
#2456 = CARTESIAN_POINT('',(3.,123.30000000005,5.));
#2457 = VECTOR('',#2458,1.);
#2458 = DIRECTION('',(0.,-1.,0.));
#2459 = ORIENTED_EDGE('',*,*,#2460,.T.);
#2460 = EDGE_CURVE('',#2453,#2461,#2463,.T.);
#2461 = VERTEX_POINT('',#2462);
#2462 = CARTESIAN_POINT('',(3.,123.30000000005,7.5));
#2463 = LINE('',#2464,#2465);
#2464 = CARTESIAN_POINT('',(3.000000000003,123.30000000005,5.));
#2465 = VECTOR('',#2466,1.);
#2466 = DIRECTION('',(0.,0.,1.));
#2467 = ORIENTED_EDGE('',*,*,#2468,.T.);
#2468 = EDGE_CURVE('',#2461,#2469,#2471,.T.);
#2469 = VERTEX_POINT('',#2470);
#2470 = CARTESIAN_POINT('',(3.,5.99999999995,7.5));
#2471 = LINE('',#2472,#2473);
#2472 = CARTESIAN_POINT('',(3.,123.30000000005,7.5));
#2473 = VECTOR('',#2474,1.);
#2474 = DIRECTION('',(0.,-1.,0.));
#2475 = ORIENTED_EDGE('',*,*,#2476,.F.);
#2476 = EDGE_CURVE('',#2403,#2469,#2477,.T.);
#2477 = LINE('',#2478,#2479);
#2478 = CARTESIAN_POINT('',(3.,5.99999999995,5.));
#2479 = VECTOR('',#2480,1.);
#2480 = DIRECTION('',(0.,0.,1.));
#2481 = FACE_BOUND('',#2482,.T.);
#2482 = EDGE_LOOP('',(#2483,#2494,#2502,#2511,#2519,#2528,#2536,#2545));
#2483 = ORIENTED_EDGE('',*,*,#2484,.T.);
#2484 = EDGE_CURVE('',#2485,#2487,#2489,.T.);
#2485 = VERTEX_POINT('',#2486);
#2486 = CARTESIAN_POINT('',(3.,100.1,2.8));
#2487 = VERTEX_POINT('',#2488);
#2488 = CARTESIAN_POINT('',(3.,101.1,3.8));
#2489 = CIRCLE('',#2490,1.);
#2490 = AXIS2_PLACEMENT_3D('',#2491,#2492,#2493);
#2491 = CARTESIAN_POINT('',(3.,101.1,2.8));
#2492 = DIRECTION('',(-1.,0.,0.));
#2493 = DIRECTION('',(0.,-1.,0.));
#2494 = ORIENTED_EDGE('',*,*,#2495,.F.);
#2495 = EDGE_CURVE('',#2496,#2487,#2498,.T.);
#2496 = VERTEX_POINT('',#2497);
#2497 = CARTESIAN_POINT('',(3.,107.5,3.8));
#2498 = LINE('',#2499,#2500);
#2499 = CARTESIAN_POINT('',(3.,108.7,3.8));
#2500 = VECTOR('',#2501,1.);
#2501 = DIRECTION('',(0.,-1.,0.));
#2502 = ORIENTED_EDGE('',*,*,#2503,.T.);
#2503 = EDGE_CURVE('',#2496,#2504,#2506,.T.);
#2504 = VERTEX_POINT('',#2505);
#2505 = CARTESIAN_POINT('',(3.,108.5,2.8));
#2506 = CIRCLE('',#2507,1.);
#2507 = AXIS2_PLACEMENT_3D('',#2508,#2509,#2510);
#2508 = CARTESIAN_POINT('',(3.,107.5,2.8));
#2509 = DIRECTION('',(-1.,0.,0.));
#2510 = DIRECTION('',(0.,-1.,0.));
#2511 = ORIENTED_EDGE('',*,*,#2512,.F.);
#2512 = EDGE_CURVE('',#2513,#2504,#2515,.T.);
#2513 = VERTEX_POINT('',#2514);
#2514 = CARTESIAN_POINT('',(3.,108.5,2.2));
#2515 = LINE('',#2516,#2517);
#2516 = CARTESIAN_POINT('',(3.,108.5,3.9));
#2517 = VECTOR('',#2518,1.);
#2518 = DIRECTION('',(0.,0.,1.));
#2519 = ORIENTED_EDGE('',*,*,#2520,.T.);
#2520 = EDGE_CURVE('',#2513,#2521,#2523,.T.);
#2521 = VERTEX_POINT('',#2522);
#2522 = CARTESIAN_POINT('',(3.,107.5,1.2));
#2523 = CIRCLE('',#2524,1.);
#2524 = AXIS2_PLACEMENT_3D('',#2525,#2526,#2527);
#2525 = CARTESIAN_POINT('',(3.,107.5,2.2));
#2526 = DIRECTION('',(-1.,0.,0.));
#2527 = DIRECTION('',(0.,-1.,0.));
#2528 = ORIENTED_EDGE('',*,*,#2529,.F.);
#2529 = EDGE_CURVE('',#2530,#2521,#2532,.T.);
#2530 = VERTEX_POINT('',#2531);
#2531 = CARTESIAN_POINT('',(3.,101.1,1.2));
#2532 = LINE('',#2533,#2534);
#2533 = CARTESIAN_POINT('',(3.,111.9,1.2));
#2534 = VECTOR('',#2535,1.);
#2535 = DIRECTION('',(0.,1.,0.));
#2536 = ORIENTED_EDGE('',*,*,#2537,.T.);
#2537 = EDGE_CURVE('',#2530,#2538,#2540,.T.);
#2538 = VERTEX_POINT('',#2539);
#2539 = CARTESIAN_POINT('',(3.,100.1,2.2));
#2540 = CIRCLE('',#2541,1.);
#2541 = AXIS2_PLACEMENT_3D('',#2542,#2543,#2544);
#2542 = CARTESIAN_POINT('',(3.,101.1,2.2));
#2543 = DIRECTION('',(-1.,0.,0.));
#2544 = DIRECTION('',(0.,-1.,0.));
#2545 = ORIENTED_EDGE('',*,*,#2546,.F.);
#2546 = EDGE_CURVE('',#2485,#2538,#2547,.T.);
#2547 = LINE('',#2548,#2549);
#2548 = CARTESIAN_POINT('',(3.,100.1,3.6));
#2549 = VECTOR('',#2550,1.);
#2550 = DIRECTION('',(-0.,-0.,-1.));
#2551 = FACE_BOUND('',#2552,.T.);
#2552 = EDGE_LOOP('',(#2553));
#2553 = ORIENTED_EDGE('',*,*,#2554,.T.);
#2554 = EDGE_CURVE('',#2555,#2555,#2557,.T.);
#2555 = VERTEX_POINT('',#2556);
#2556 = CARTESIAN_POINT('',(3.,94.8,2.5));
#2557 = CIRCLE('',#2558,0.5);
#2558 = AXIS2_PLACEMENT_3D('',#2559,#2560,#2561);
#2559 = CARTESIAN_POINT('',(3.,95.3,2.5));
#2560 = DIRECTION('',(-1.,0.,0.));
#2561 = DIRECTION('',(0.,-1.,0.));
#2562 = PLANE('',#2563);
#2563 = AXIS2_PLACEMENT_3D('',#2564,#2565,#2566);
#2564 = CARTESIAN_POINT('',(3.,61.234995466912,2.500000000002));
#2565 = DIRECTION('',(1.,-3.3E-16,-3.439E-14));
#2566 = DIRECTION('',(3.439E-14,0.,1.));
#2567 = ADVANCED_FACE('',(#2568),#2634,.T.);
#2568 = FACE_BOUND('',#2569,.T.);
#2569 = EDGE_LOOP('',(#2570,#2578,#2579,#2580,#2588,#2596,#2604,#2612,
    #2620,#2628));
#2570 = ORIENTED_EDGE('',*,*,#2571,.F.);
#2571 = EDGE_CURVE('',#554,#2572,#2574,.T.);
#2572 = VERTEX_POINT('',#2573);
#2573 = CARTESIAN_POINT('',(45.,100.74999869282,0.5));
#2574 = LINE('',#2575,#2576);
#2575 = CARTESIAN_POINT('',(44.999999673205,100.7499996732,0.));
#2576 = VECTOR('',#2577,1.);
#2577 = DIRECTION('',(0.,0.,1.));
#2578 = ORIENTED_EDGE('',*,*,#553,.T.);
#2579 = ORIENTED_EDGE('',*,*,#2378,.T.);
#2580 = ORIENTED_EDGE('',*,*,#2581,.F.);
#2581 = EDGE_CURVE('',#2582,#2379,#2584,.T.);
#2582 = VERTEX_POINT('',#2583);
#2583 = CARTESIAN_POINT('',(44.99999934641,23.,3.));
#2584 = LINE('',#2585,#2586);
#2585 = CARTESIAN_POINT('',(45.,94.75,3.));
#2586 = VECTOR('',#2587,1.);
#2587 = DIRECTION('',(0.,-1.,0.));
#2588 = ORIENTED_EDGE('',*,*,#2589,.F.);
#2589 = EDGE_CURVE('',#2590,#2582,#2592,.T.);
#2590 = VERTEX_POINT('',#2591);
#2591 = CARTESIAN_POINT('',(45.,22.99999934641,0.5));
#2592 = LINE('',#2593,#2594);
#2593 = CARTESIAN_POINT('',(44.99999934641,23.,0.));
#2594 = VECTOR('',#2595,1.);
#2595 = DIRECTION('',(0.,0.,1.));
#2596 = ORIENTED_EDGE('',*,*,#2597,.T.);
#2597 = EDGE_CURVE('',#2590,#2598,#2600,.T.);
#2598 = VERTEX_POINT('',#2599);
#2599 = CARTESIAN_POINT('',(45.,85.99999934641,0.5));
#2600 = LINE('',#2601,#2602);
#2601 = CARTESIAN_POINT('',(45.,22.99999934641,0.5));
#2602 = VECTOR('',#2603,1.);
#2603 = DIRECTION('',(0.,1.,0.));
#2604 = ORIENTED_EDGE('',*,*,#2605,.T.);
#2605 = EDGE_CURVE('',#2598,#2606,#2608,.T.);
#2606 = VERTEX_POINT('',#2607);
#2607 = CARTESIAN_POINT('',(44.99999934641,86.,3.));
#2608 = LINE('',#2609,#2610);
#2609 = CARTESIAN_POINT('',(44.99999934641,86.,0.));
#2610 = VECTOR('',#2611,1.);
#2611 = DIRECTION('',(0.,0.,1.));
#2612 = ORIENTED_EDGE('',*,*,#2613,.F.);
#2613 = EDGE_CURVE('',#2614,#2606,#2616,.T.);
#2614 = VERTEX_POINT('',#2615);
#2615 = CARTESIAN_POINT('',(45.,93.75,3.));
#2616 = LINE('',#2617,#2618);
#2617 = CARTESIAN_POINT('',(45.,94.75,3.));
#2618 = VECTOR('',#2619,1.);
#2619 = DIRECTION('',(0.,-1.,0.));
#2620 = ORIENTED_EDGE('',*,*,#2621,.F.);
#2621 = EDGE_CURVE('',#2622,#2614,#2624,.T.);
#2622 = VERTEX_POINT('',#2623);
#2623 = CARTESIAN_POINT('',(45.,93.74999934641,0.5));
#2624 = LINE('',#2625,#2626);
#2625 = CARTESIAN_POINT('',(45.,93.75,0.));
#2626 = VECTOR('',#2627,1.);
#2627 = DIRECTION('',(0.,0.,1.));
#2628 = ORIENTED_EDGE('',*,*,#2629,.F.);
#2629 = EDGE_CURVE('',#2572,#2622,#2630,.T.);
#2630 = LINE('',#2631,#2632);
#2631 = CARTESIAN_POINT('',(45.,100.74999869282,0.5));
#2632 = VECTOR('',#2633,1.);
#2633 = DIRECTION('',(0.,-1.,0.));
#2634 = PLANE('',#2635);
#2635 = AXIS2_PLACEMENT_3D('',#2636,#2637,#2638);
#2636 = CARTESIAN_POINT('',(44.999999982886,53.315772300893,
    0.633416461353));
#2637 = DIRECTION('',(-1.,-1.1748242E-10,-1.777819117E-08));
#2638 = DIRECTION('',(1.777819117E-08,0.,-1.));
#2639 = ADVANCED_FACE('',(#2640),#2659,.F.);
#2640 = FACE_BOUND('',#2641,.T.);
#2641 = EDGE_LOOP('',(#2642,#2650,#2657,#2658));
#2642 = ORIENTED_EDGE('',*,*,#2643,.T.);
#2643 = EDGE_CURVE('',#647,#2644,#2646,.T.);
#2644 = VERTEX_POINT('',#2645);
#2645 = CARTESIAN_POINT('',(6.,3.,-2.5));
#2646 = LINE('',#2647,#2648);
#2647 = CARTESIAN_POINT('',(6.,3.,0.));
#2648 = VECTOR('',#2649,1.);
#2649 = DIRECTION('',(0.,0.,-1.));
#2650 = ORIENTED_EDGE('',*,*,#2651,.T.);
#2651 = EDGE_CURVE('',#2644,#2413,#2652,.T.);
#2652 = CIRCLE('',#2653,3.);
#2653 = AXIS2_PLACEMENT_3D('',#2654,#2655,#2656);
#2654 = CARTESIAN_POINT('',(6.,6.,-2.5));
#2655 = DIRECTION('',(-0.,0.,-1.));
#2656 = DIRECTION('',(-3.E-16,-1.,0.));
#2657 = ORIENTED_EDGE('',*,*,#2412,.F.);
#2658 = ORIENTED_EDGE('',*,*,#654,.F.);
#2659 = CYLINDRICAL_SURFACE('',#2660,3.);
#2660 = AXIS2_PLACEMENT_3D('',#2661,#2662,#2663);
#2661 = CARTESIAN_POINT('',(6.,6.,0.));
#2662 = DIRECTION('',(0.,0.,1.));
#2663 = DIRECTION('',(1.,0.,0.));
#2664 = ADVANCED_FACE('',(#2665),#2691,.F.);
#2665 = FACE_BOUND('',#2666,.F.);
#2666 = EDGE_LOOP('',(#2667,#2668,#2676,#2684,#2690));
#2667 = ORIENTED_EDGE('',*,*,#561,.F.);
#2668 = ORIENTED_EDGE('',*,*,#2669,.T.);
#2669 = EDGE_CURVE('',#562,#2670,#2672,.T.);
#2670 = VERTEX_POINT('',#2671);
#2671 = CARTESIAN_POINT('',(44.999999673205,123.3,3.));
#2672 = LINE('',#2673,#2674);
#2673 = CARTESIAN_POINT('',(44.999999673205,123.3,0.));
#2674 = VECTOR('',#2675,1.);
#2675 = DIRECTION('',(0.,0.,1.));
#2676 = ORIENTED_EDGE('',*,*,#2677,.T.);
#2677 = EDGE_CURVE('',#2670,#2678,#2680,.T.);
#2678 = VERTEX_POINT('',#2679);
#2679 = CARTESIAN_POINT('',(44.999999673205,100.7499996732,3.));
#2680 = LINE('',#2681,#2682);
#2681 = CARTESIAN_POINT('',(44.999999673205,124.3,3.));
#2682 = VECTOR('',#2683,1.);
#2683 = DIRECTION('',(0.,-1.,0.));
#2684 = ORIENTED_EDGE('',*,*,#2685,.F.);
#2685 = EDGE_CURVE('',#2572,#2678,#2686,.T.);
#2686 = LINE('',#2687,#2688);
#2687 = CARTESIAN_POINT('',(44.999999673205,100.7499996732,0.));
#2688 = VECTOR('',#2689,1.);
#2689 = DIRECTION('',(0.,0.,1.));
#2690 = ORIENTED_EDGE('',*,*,#2571,.F.);
#2691 = PLANE('',#2692);
#2692 = AXIS2_PLACEMENT_3D('',#2693,#2694,#2695);
#2693 = CARTESIAN_POINT('',(44.999999673205,124.3,0.));
#2694 = DIRECTION('',(1.,0.,0.));
#2695 = DIRECTION('',(0.,-1.,0.));
#2696 = ADVANCED_FACE('',(#2697),#2715,.T.);
#2697 = FACE_BOUND('',#2698,.T.);
#2698 = EDGE_LOOP('',(#2699,#2707,#2713,#2714));
#2699 = ORIENTED_EDGE('',*,*,#2700,.T.);
#2700 = EDGE_CURVE('',#638,#2701,#2703,.T.);
#2701 = VERTEX_POINT('',#2702);
#2702 = CARTESIAN_POINT('',(353.8,3.,-2.5));
#2703 = LINE('',#2704,#2705);
#2704 = CARTESIAN_POINT('',(353.8,3.,0.));
#2705 = VECTOR('',#2706,1.);
#2706 = DIRECTION('',(0.,0.,-1.));
#2707 = ORIENTED_EDGE('',*,*,#2708,.T.);
#2708 = EDGE_CURVE('',#2701,#2644,#2709,.T.);
#2709 = LINE('',#2710,#2711);
#2710 = CARTESIAN_POINT('',(353.8,3.,-2.5));
#2711 = VECTOR('',#2712,1.);
#2712 = DIRECTION('',(-1.,0.,0.));
#2713 = ORIENTED_EDGE('',*,*,#2643,.F.);
#2714 = ORIENTED_EDGE('',*,*,#646,.F.);
#2715 = PLANE('',#2716);
#2716 = AXIS2_PLACEMENT_3D('',#2717,#2718,#2719);
#2717 = CARTESIAN_POINT('',(353.8,3.,0.));
#2718 = DIRECTION('',(0.,1.,0.));
#2719 = DIRECTION('',(-1.,0.,0.));
#2720 = ADVANCED_FACE('',(#2721),#2733,.F.);
#2721 = FACE_BOUND('',#2722,.T.);
#2722 = EDGE_LOOP('',(#2723,#2724,#2725,#2732));
#2723 = ORIENTED_EDGE('',*,*,#569,.T.);
#2724 = ORIENTED_EDGE('',*,*,#2669,.T.);
#2725 = ORIENTED_EDGE('',*,*,#2726,.F.);
#2726 = EDGE_CURVE('',#1224,#2670,#2727,.T.);
#2727 = CIRCLE('',#2728,1.);
#2728 = AXIS2_PLACEMENT_3D('',#2729,#2730,#2731);
#2729 = CARTESIAN_POINT('',(43.999999673205,123.3,3.));
#2730 = DIRECTION('',(-0.,-0.,-1.));
#2731 = DIRECTION('',(0.,-1.,0.));
#2732 = ORIENTED_EDGE('',*,*,#1231,.F.);
#2733 = CYLINDRICAL_SURFACE('',#2734,1.);
#2734 = AXIS2_PLACEMENT_3D('',#2735,#2736,#2737);
#2735 = CARTESIAN_POINT('',(43.999999673205,123.3,0.));
#2736 = DIRECTION('',(0.,0.,1.));
#2737 = DIRECTION('',(0.,1.,0.));
#2738 = ADVANCED_FACE('',(#2739),#2758,.F.);
#2739 = FACE_BOUND('',#2740,.T.);
#2740 = EDGE_LOOP('',(#2741,#2749,#2756,#2757));
#2741 = ORIENTED_EDGE('',*,*,#2742,.T.);
#2742 = EDGE_CURVE('',#630,#2743,#2745,.T.);
#2743 = VERTEX_POINT('',#2744);
#2744 = CARTESIAN_POINT('',(356.8,6.,-2.5));
#2745 = LINE('',#2746,#2747);
#2746 = CARTESIAN_POINT('',(356.8,6.,0.));
#2747 = VECTOR('',#2748,1.);
#2748 = DIRECTION('',(0.,0.,-1.));
#2749 = ORIENTED_EDGE('',*,*,#2750,.T.);
#2750 = EDGE_CURVE('',#2743,#2701,#2751,.T.);
#2751 = CIRCLE('',#2752,3.);
#2752 = AXIS2_PLACEMENT_3D('',#2753,#2754,#2755);
#2753 = CARTESIAN_POINT('',(353.8,6.,-2.5));
#2754 = DIRECTION('',(0.,0.,-1.));
#2755 = DIRECTION('',(1.,0.,0.));
#2756 = ORIENTED_EDGE('',*,*,#2700,.F.);
#2757 = ORIENTED_EDGE('',*,*,#637,.F.);
#2758 = CYLINDRICAL_SURFACE('',#2759,3.);
#2759 = AXIS2_PLACEMENT_3D('',#2760,#2761,#2762);
#2760 = CARTESIAN_POINT('',(353.8,6.,0.));
#2761 = DIRECTION('',(0.,0.,1.));
#2762 = DIRECTION('',(1.,0.,0.));
#2763 = ADVANCED_FACE('',(#2764),#2782,.T.);
#2764 = FACE_BOUND('',#2765,.T.);
#2765 = EDGE_LOOP('',(#2766,#2774,#2780,#2781));
#2766 = ORIENTED_EDGE('',*,*,#2767,.T.);
#2767 = EDGE_CURVE('',#621,#2768,#2770,.T.);
#2768 = VERTEX_POINT('',#2769);
#2769 = CARTESIAN_POINT('',(356.8,123.3,-2.5));
#2770 = LINE('',#2771,#2772);
#2771 = CARTESIAN_POINT('',(356.8,123.3,0.));
#2772 = VECTOR('',#2773,1.);
#2773 = DIRECTION('',(0.,0.,-1.));
#2774 = ORIENTED_EDGE('',*,*,#2775,.T.);
#2775 = EDGE_CURVE('',#2768,#2743,#2776,.T.);
#2776 = LINE('',#2777,#2778);
#2777 = CARTESIAN_POINT('',(356.8,123.3,-2.5));
#2778 = VECTOR('',#2779,1.);
#2779 = DIRECTION('',(0.,-1.,0.));
#2780 = ORIENTED_EDGE('',*,*,#2742,.F.);
#2781 = ORIENTED_EDGE('',*,*,#629,.F.);
#2782 = PLANE('',#2783);
#2783 = AXIS2_PLACEMENT_3D('',#2784,#2785,#2786);
#2784 = CARTESIAN_POINT('',(356.8,123.3,0.));
#2785 = DIRECTION('',(-1.,-0.,-0.));
#2786 = DIRECTION('',(0.,-1.,0.));
#2787 = ADVANCED_FACE('',(#2788),#2807,.T.);
#2788 = FACE_BOUND('',#2789,.F.);
#2789 = EDGE_LOOP('',(#2790,#2799,#2800,#2801));
#2790 = ORIENTED_EDGE('',*,*,#2791,.T.);
#2791 = EDGE_CURVE('',#2792,#1154,#2794,.T.);
#2792 = VERTEX_POINT('',#2793);
#2793 = CARTESIAN_POINT('',(37.,125.1,5.));
#2794 = CIRCLE('',#2795,0.8);
#2795 = AXIS2_PLACEMENT_3D('',#2796,#2797,#2798);
#2796 = CARTESIAN_POINT('',(37.8,125.1,5.));
#2797 = DIRECTION('',(0.,-0.,1.));
#2798 = DIRECTION('',(0.,1.,0.));
#2799 = ORIENTED_EDGE('',*,*,#1153,.T.);
#2800 = ORIENTED_EDGE('',*,*,#586,.F.);
#2801 = ORIENTED_EDGE('',*,*,#2802,.F.);
#2802 = EDGE_CURVE('',#2792,#587,#2803,.T.);
#2803 = LINE('',#2804,#2805);
#2804 = CARTESIAN_POINT('',(37.,125.1,5.));
#2805 = VECTOR('',#2806,1.);
#2806 = DIRECTION('',(-0.,-0.,-1.));
#2807 = CYLINDRICAL_SURFACE('',#2808,0.8);
#2808 = AXIS2_PLACEMENT_3D('',#2809,#2810,#2811);
#2809 = CARTESIAN_POINT('',(37.8,125.1,5.));
#2810 = DIRECTION('',(-0.,-0.,-1.));
#2811 = DIRECTION('',(-1.,0.,0.));
#2812 = ADVANCED_FACE('',(#2813),#2832,.F.);
#2813 = FACE_BOUND('',#2814,.T.);
#2814 = EDGE_LOOP('',(#2815,#2823,#2830,#2831));
#2815 = ORIENTED_EDGE('',*,*,#2816,.T.);
#2816 = EDGE_CURVE('',#613,#2817,#2819,.T.);
#2817 = VERTEX_POINT('',#2818);
#2818 = CARTESIAN_POINT('',(353.8,126.3,-2.5));
#2819 = LINE('',#2820,#2821);
#2820 = CARTESIAN_POINT('',(353.8,126.3,0.));
#2821 = VECTOR('',#2822,1.);
#2822 = DIRECTION('',(0.,0.,-1.));
#2823 = ORIENTED_EDGE('',*,*,#2824,.T.);
#2824 = EDGE_CURVE('',#2817,#2768,#2825,.T.);
#2825 = CIRCLE('',#2826,3.);
#2826 = AXIS2_PLACEMENT_3D('',#2827,#2828,#2829);
#2827 = CARTESIAN_POINT('',(353.8,123.3,-2.5));
#2828 = DIRECTION('',(0.,0.,-1.));
#2829 = DIRECTION('',(0.,1.,0.));
#2830 = ORIENTED_EDGE('',*,*,#2767,.F.);
#2831 = ORIENTED_EDGE('',*,*,#620,.F.);
#2832 = CYLINDRICAL_SURFACE('',#2833,3.);
#2833 = AXIS2_PLACEMENT_3D('',#2834,#2835,#2836);
#2834 = CARTESIAN_POINT('',(353.8,123.3,0.));
#2835 = DIRECTION('',(0.,0.,1.));
#2836 = DIRECTION('',(1.,0.,0.));
#2837 = ADVANCED_FACE('',(#2838),#2856,.F.);
#2838 = FACE_BOUND('',#2839,.F.);
#2839 = EDGE_LOOP('',(#2840,#2848,#2849,#2850));
#2840 = ORIENTED_EDGE('',*,*,#2841,.F.);
#2841 = EDGE_CURVE('',#2792,#2842,#2844,.T.);
#2842 = VERTEX_POINT('',#2843);
#2843 = CARTESIAN_POINT('',(37.,125.3,5.));
#2844 = LINE('',#2845,#2846);
#2845 = CARTESIAN_POINT('',(37.,124.3,5.));
#2846 = VECTOR('',#2847,1.);
#2847 = DIRECTION('',(0.,1.,0.));
#2848 = ORIENTED_EDGE('',*,*,#2802,.T.);
#2849 = ORIENTED_EDGE('',*,*,#595,.T.);
#2850 = ORIENTED_EDGE('',*,*,#2851,.F.);
#2851 = EDGE_CURVE('',#2842,#596,#2852,.T.);
#2852 = LINE('',#2853,#2854);
#2853 = CARTESIAN_POINT('',(37.,125.3,5.));
#2854 = VECTOR('',#2855,1.);
#2855 = DIRECTION('',(-0.,-0.,-1.));
#2856 = PLANE('',#2857);
#2857 = AXIS2_PLACEMENT_3D('',#2858,#2859,#2860);
#2858 = CARTESIAN_POINT('',(37.,124.3,5.));
#2859 = DIRECTION('',(1.,0.,0.));
#2860 = DIRECTION('',(0.,1.,0.));
#2861 = ADVANCED_FACE('',(#2862,#2944),#3014,.T.);
#2862 = FACE_BOUND('',#2863,.T.);
#2863 = EDGE_LOOP('',(#2864,#2874,#2882,#2890,#2898,#2904,#2905,#2906,
    #2914,#2922,#2930,#2938));
#2864 = ORIENTED_EDGE('',*,*,#2865,.T.);
#2865 = EDGE_CURVE('',#2866,#2868,#2870,.T.);
#2866 = VERTEX_POINT('',#2867);
#2867 = CARTESIAN_POINT('',(6.000000000007,126.3,5.));
#2868 = VERTEX_POINT('',#2869);
#2869 = CARTESIAN_POINT('',(14.,126.3,5.));
#2870 = LINE('',#2871,#2872);
#2871 = CARTESIAN_POINT('',(182.05896420187,126.3,5.));
#2872 = VECTOR('',#2873,1.);
#2873 = DIRECTION('',(1.,0.,0.));
#2874 = ORIENTED_EDGE('',*,*,#2875,.T.);
#2875 = EDGE_CURVE('',#2868,#2876,#2878,.T.);
#2876 = VERTEX_POINT('',#2877);
#2877 = CARTESIAN_POINT('',(14.,126.3,0.));
#2878 = LINE('',#2879,#2880);
#2879 = CARTESIAN_POINT('',(14.,126.3,5.));
#2880 = VECTOR('',#2881,1.);
#2881 = DIRECTION('',(-0.,-0.,-1.));
#2882 = ORIENTED_EDGE('',*,*,#2883,.F.);
#2883 = EDGE_CURVE('',#2884,#2876,#2886,.T.);
#2884 = VERTEX_POINT('',#2885);
#2885 = CARTESIAN_POINT('',(6.,126.3,0.));
#2886 = LINE('',#2887,#2888);
#2887 = CARTESIAN_POINT('',(6.,126.3,0.));
#2888 = VECTOR('',#2889,1.);
#2889 = DIRECTION('',(1.,0.,0.));
#2890 = ORIENTED_EDGE('',*,*,#2891,.T.);
#2891 = EDGE_CURVE('',#2884,#2892,#2894,.T.);
#2892 = VERTEX_POINT('',#2893);
#2893 = CARTESIAN_POINT('',(6.,126.3,-2.5));
#2894 = LINE('',#2895,#2896);
#2895 = CARTESIAN_POINT('',(6.,126.3,0.));
#2896 = VECTOR('',#2897,1.);
#2897 = DIRECTION('',(0.,0.,-1.));
#2898 = ORIENTED_EDGE('',*,*,#2899,.T.);
#2899 = EDGE_CURVE('',#2892,#2817,#2900,.T.);
#2900 = LINE('',#2901,#2902);
#2901 = CARTESIAN_POINT('',(6.,126.3,-2.5));
#2902 = VECTOR('',#2903,1.);
#2903 = DIRECTION('',(1.,0.,0.));
#2904 = ORIENTED_EDGE('',*,*,#2816,.F.);
#2905 = ORIENTED_EDGE('',*,*,#612,.F.);
#2906 = ORIENTED_EDGE('',*,*,#2907,.F.);
#2907 = EDGE_CURVE('',#2908,#604,#2910,.T.);
#2908 = VERTEX_POINT('',#2909);
#2909 = CARTESIAN_POINT('',(36.,126.3,5.));
#2910 = LINE('',#2911,#2912);
#2911 = CARTESIAN_POINT('',(36.,126.3,5.));
#2912 = VECTOR('',#2913,1.);
#2913 = DIRECTION('',(-0.,-0.,-1.));
#2914 = ORIENTED_EDGE('',*,*,#2915,.F.);
#2915 = EDGE_CURVE('',#2916,#2908,#2918,.T.);
#2916 = VERTEX_POINT('',#2917);
#2917 = CARTESIAN_POINT('',(353.79999999997,126.3,5.));
#2918 = LINE('',#2919,#2920);
#2919 = CARTESIAN_POINT('',(188.08683852482,126.3,5.));
#2920 = VECTOR('',#2921,1.);
#2921 = DIRECTION('',(-1.,0.,0.));
#2922 = ORIENTED_EDGE('',*,*,#2923,.T.);
#2923 = EDGE_CURVE('',#2916,#2924,#2926,.T.);
#2924 = VERTEX_POINT('',#2925);
#2925 = CARTESIAN_POINT('',(353.79999999997,126.3,7.5));
#2926 = LINE('',#2927,#2928);
#2927 = CARTESIAN_POINT('',(353.79999999997,126.3,5.));
#2928 = VECTOR('',#2929,1.);
#2929 = DIRECTION('',(0.,0.,1.));
#2930 = ORIENTED_EDGE('',*,*,#2931,.T.);
#2931 = EDGE_CURVE('',#2924,#2932,#2934,.T.);
#2932 = VERTEX_POINT('',#2933);
#2933 = CARTESIAN_POINT('',(6.000000000007,126.3,7.5));
#2934 = LINE('',#2935,#2936);
#2935 = CARTESIAN_POINT('',(353.79999999997,126.3,7.5));
#2936 = VECTOR('',#2937,1.);
#2937 = DIRECTION('',(-1.,0.,0.));
#2938 = ORIENTED_EDGE('',*,*,#2939,.F.);
#2939 = EDGE_CURVE('',#2866,#2932,#2940,.T.);
#2940 = LINE('',#2941,#2942);
#2941 = CARTESIAN_POINT('',(6.000000000007,126.3,5.));
#2942 = VECTOR('',#2943,1.);
#2943 = DIRECTION('',(0.,0.,1.));
#2944 = FACE_BOUND('',#2945,.T.);
#2945 = EDGE_LOOP('',(#2946,#2957,#2965,#2974,#2982,#2991,#2999,#3008));
#2946 = ORIENTED_EDGE('',*,*,#2947,.T.);
#2947 = EDGE_CURVE('',#2948,#2950,#2952,.T.);
#2948 = VERTEX_POINT('',#2949);
#2949 = CARTESIAN_POINT('',(28.2,126.3,3.8));
#2950 = VERTEX_POINT('',#2951);
#2951 = CARTESIAN_POINT('',(29.2,126.3,2.8));
#2952 = CIRCLE('',#2953,1.);
#2953 = AXIS2_PLACEMENT_3D('',#2954,#2955,#2956);
#2954 = CARTESIAN_POINT('',(28.2,126.3,2.8));
#2955 = DIRECTION('',(0.,1.,-2.2E-16));
#2956 = DIRECTION('',(-1.,0.,0.));
#2957 = ORIENTED_EDGE('',*,*,#2958,.F.);
#2958 = EDGE_CURVE('',#2959,#2950,#2961,.T.);
#2959 = VERTEX_POINT('',#2960);
#2960 = CARTESIAN_POINT('',(29.2,126.3,2.2));
#2961 = LINE('',#2962,#2963);
#2962 = CARTESIAN_POINT('',(29.2,126.3,3.9));
#2963 = VECTOR('',#2964,1.);
#2964 = DIRECTION('',(0.,0.,1.));
#2965 = ORIENTED_EDGE('',*,*,#2966,.T.);
#2966 = EDGE_CURVE('',#2959,#2967,#2969,.T.);
#2967 = VERTEX_POINT('',#2968);
#2968 = CARTESIAN_POINT('',(28.2,126.3,1.2));
#2969 = CIRCLE('',#2970,1.);
#2970 = AXIS2_PLACEMENT_3D('',#2971,#2972,#2973);
#2971 = CARTESIAN_POINT('',(28.2,126.3,2.2));
#2972 = DIRECTION('',(0.,1.,-2.2E-16));
#2973 = DIRECTION('',(-1.,0.,0.));
#2974 = ORIENTED_EDGE('',*,*,#2975,.F.);
#2975 = EDGE_CURVE('',#2976,#2967,#2978,.T.);
#2976 = VERTEX_POINT('',#2977);
#2977 = CARTESIAN_POINT('',(21.8,126.3,1.2));
#2978 = LINE('',#2979,#2980);
#2979 = CARTESIAN_POINT('',(32.6,126.3,1.2));
#2980 = VECTOR('',#2981,1.);
#2981 = DIRECTION('',(1.,0.,0.));
#2982 = ORIENTED_EDGE('',*,*,#2983,.T.);
#2983 = EDGE_CURVE('',#2976,#2984,#2986,.T.);
#2984 = VERTEX_POINT('',#2985);
#2985 = CARTESIAN_POINT('',(20.8,126.3,2.2));
#2986 = CIRCLE('',#2987,1.);
#2987 = AXIS2_PLACEMENT_3D('',#2988,#2989,#2990);
#2988 = CARTESIAN_POINT('',(21.8,126.3,2.2));
#2989 = DIRECTION('',(0.,1.,-2.2E-16));
#2990 = DIRECTION('',(-1.,0.,0.));
#2991 = ORIENTED_EDGE('',*,*,#2992,.F.);
#2992 = EDGE_CURVE('',#2993,#2984,#2995,.T.);
#2993 = VERTEX_POINT('',#2994);
#2994 = CARTESIAN_POINT('',(20.8,126.3,2.8));
#2995 = LINE('',#2996,#2997);
#2996 = CARTESIAN_POINT('',(20.8,126.3,3.6));
#2997 = VECTOR('',#2998,1.);
#2998 = DIRECTION('',(0.,0.,-1.));
#2999 = ORIENTED_EDGE('',*,*,#3000,.T.);
#3000 = EDGE_CURVE('',#2993,#3001,#3003,.T.);
#3001 = VERTEX_POINT('',#3002);
#3002 = CARTESIAN_POINT('',(21.8,126.3,3.8));
#3003 = CIRCLE('',#3004,1.);
#3004 = AXIS2_PLACEMENT_3D('',#3005,#3006,#3007);
#3005 = CARTESIAN_POINT('',(21.8,126.3,2.8));
#3006 = DIRECTION('',(0.,1.,-2.2E-16));
#3007 = DIRECTION('',(-1.,0.,0.));
#3008 = ORIENTED_EDGE('',*,*,#3009,.F.);
#3009 = EDGE_CURVE('',#2948,#3001,#3010,.T.);
#3010 = LINE('',#3011,#3012);
#3011 = CARTESIAN_POINT('',(29.4,126.3,3.8));
#3012 = VECTOR('',#3013,1.);
#3013 = DIRECTION('',(-1.,0.,0.));
#3014 = PLANE('',#3015);
#3015 = AXIS2_PLACEMENT_3D('',#3016,#3017,#3018);
#3016 = CARTESIAN_POINT('',(184.21792840375,126.3,2.5));
#3017 = DIRECTION('',(-0.,-1.,-0.));
#3018 = DIRECTION('',(0.,0.,-1.));
#3019 = ADVANCED_FACE('',(#3020),#3032,.F.);
#3020 = FACE_BOUND('',#3021,.F.);
#3021 = EDGE_LOOP('',(#3022,#3029,#3030,#3031));
#3022 = ORIENTED_EDGE('',*,*,#3023,.T.);
#3023 = EDGE_CURVE('',#2908,#2842,#3024,.T.);
#3024 = CIRCLE('',#3025,1.);
#3025 = AXIS2_PLACEMENT_3D('',#3026,#3027,#3028);
#3026 = CARTESIAN_POINT('',(36.,125.3,5.));
#3027 = DIRECTION('',(0.,0.,-1.));
#3028 = DIRECTION('',(0.,1.,0.));
#3029 = ORIENTED_EDGE('',*,*,#2851,.T.);
#3030 = ORIENTED_EDGE('',*,*,#603,.F.);
#3031 = ORIENTED_EDGE('',*,*,#2907,.F.);
#3032 = CYLINDRICAL_SURFACE('',#3033,1.);
#3033 = AXIS2_PLACEMENT_3D('',#3034,#3035,#3036);
#3034 = CARTESIAN_POINT('',(36.,125.3,5.));
#3035 = DIRECTION('',(-0.,-0.,-1.));
#3036 = DIRECTION('',(0.,1.,0.));
#3037 = ADVANCED_FACE('',(#3038),#3056,.F.);
#3038 = FACE_BOUND('',#3039,.F.);
#3039 = EDGE_LOOP('',(#3040,#3041,#3048,#3055));
#3040 = ORIENTED_EDGE('',*,*,#697,.T.);
#3041 = ORIENTED_EDGE('',*,*,#3042,.T.);
#3042 = EDGE_CURVE('',#698,#3043,#3045,.T.);
#3043 = VERTEX_POINT('',#3044);
#3044 = CARTESIAN_POINT('',(348.875,32.05,5.5));
#3045 = B_SPLINE_CURVE_WITH_KNOTS('',1,(#3046,#3047),.UNSPECIFIED.,.F.,
  .F.,(2,2),(-3.,2.5),.PIECEWISE_BEZIER_KNOTS.);
#3046 = CARTESIAN_POINT('',(348.875,32.05,0.));
#3047 = CARTESIAN_POINT('',(348.875,32.05,5.5));
#3048 = ORIENTED_EDGE('',*,*,#3049,.F.);
#3049 = EDGE_CURVE('',#3043,#3043,#3050,.T.);
#3050 = CIRCLE('',#3051,1.1);
#3051 = AXIS2_PLACEMENT_3D('',#3052,#3053,#3054);
#3052 = CARTESIAN_POINT('',(347.775,32.05,5.5));
#3053 = DIRECTION('',(0.,0.,1.));
#3054 = DIRECTION('',(1.,0.,0.));
#3055 = ORIENTED_EDGE('',*,*,#3042,.F.);
#3056 = CYLINDRICAL_SURFACE('',#3057,1.1);
#3057 = AXIS2_PLACEMENT_3D('',#3058,#3059,#3060);
#3058 = CARTESIAN_POINT('',(347.775,32.05,3.));
#3059 = DIRECTION('',(0.,0.,1.));
#3060 = DIRECTION('',(1.,0.,0.));
#3061 = ADVANCED_FACE('',(#3062),#3081,.F.);
#3062 = FACE_BOUND('',#3063,.F.);
#3063 = EDGE_LOOP('',(#3064,#3072,#3073,#3074));
#3064 = ORIENTED_EDGE('',*,*,#3065,.T.);
#3065 = EDGE_CURVE('',#3066,#709,#3068,.T.);
#3066 = VERTEX_POINT('',#3067);
#3067 = CARTESIAN_POINT('',(348.875,64.65,3.));
#3068 = LINE('',#3069,#3070);
#3069 = CARTESIAN_POINT('',(348.875,64.65,3.));
#3070 = VECTOR('',#3071,1.);
#3071 = DIRECTION('',(-0.,-0.,-1.));
#3072 = ORIENTED_EDGE('',*,*,#708,.T.);
#3073 = ORIENTED_EDGE('',*,*,#3065,.F.);
#3074 = ORIENTED_EDGE('',*,*,#3075,.F.);
#3075 = EDGE_CURVE('',#3066,#3066,#3076,.T.);
#3076 = CIRCLE('',#3077,1.1);
#3077 = AXIS2_PLACEMENT_3D('',#3078,#3079,#3080);
#3078 = CARTESIAN_POINT('',(347.775,64.65,3.));
#3079 = DIRECTION('',(0.,0.,1.));
#3080 = DIRECTION('',(1.,0.,0.));
#3081 = CYLINDRICAL_SURFACE('',#3082,1.1);
#3082 = AXIS2_PLACEMENT_3D('',#3083,#3084,#3085);
#3083 = CARTESIAN_POINT('',(347.775,64.65,3.));
#3084 = DIRECTION('',(0.,0.,1.));
#3085 = DIRECTION('',(1.,0.,0.));
#3086 = ADVANCED_FACE('',(#3087),#3106,.F.);
#3087 = FACE_BOUND('',#3088,.F.);
#3088 = EDGE_LOOP('',(#3089,#3097,#3098,#3099));
#3089 = ORIENTED_EDGE('',*,*,#3090,.T.);
#3090 = EDGE_CURVE('',#3091,#720,#3093,.T.);
#3091 = VERTEX_POINT('',#3092);
#3092 = CARTESIAN_POINT('',(48.6,26.55,3.));
#3093 = LINE('',#3094,#3095);
#3094 = CARTESIAN_POINT('',(48.6,26.55,3.));
#3095 = VECTOR('',#3096,1.);
#3096 = DIRECTION('',(-0.,-0.,-1.));
#3097 = ORIENTED_EDGE('',*,*,#719,.T.);
#3098 = ORIENTED_EDGE('',*,*,#3090,.F.);
#3099 = ORIENTED_EDGE('',*,*,#3100,.F.);
#3100 = EDGE_CURVE('',#3091,#3091,#3101,.T.);
#3101 = CIRCLE('',#3102,1.1);
#3102 = AXIS2_PLACEMENT_3D('',#3103,#3104,#3105);
#3103 = CARTESIAN_POINT('',(47.5,26.55,3.));
#3104 = DIRECTION('',(0.,0.,1.));
#3105 = DIRECTION('',(1.,0.,0.));
#3106 = CYLINDRICAL_SURFACE('',#3107,1.1);
#3107 = AXIS2_PLACEMENT_3D('',#3108,#3109,#3110);
#3108 = CARTESIAN_POINT('',(47.5,26.55,3.));
#3109 = DIRECTION('',(0.,0.,1.));
#3110 = DIRECTION('',(1.,0.,0.));
#3111 = ADVANCED_FACE('',(#3112),#3137,.F.);
#3112 = FACE_BOUND('',#3113,.F.);
#3113 = EDGE_LOOP('',(#3114,#3124,#3130,#3131));
#3114 = ORIENTED_EDGE('',*,*,#3115,.F.);
#3115 = EDGE_CURVE('',#3116,#3118,#3120,.T.);
#3116 = VERTEX_POINT('',#3117);
#3117 = CARTESIAN_POINT('',(345.275,90.55,3.));
#3118 = VERTEX_POINT('',#3119);
#3119 = CARTESIAN_POINT('',(345.275,84.05,3.));
#3120 = LINE('',#3121,#3122);
#3121 = CARTESIAN_POINT('',(345.275,90.55,3.));
#3122 = VECTOR('',#3123,1.);
#3123 = DIRECTION('',(0.,-1.,0.));
#3124 = ORIENTED_EDGE('',*,*,#3125,.T.);
#3125 = EDGE_CURVE('',#3116,#733,#3126,.T.);
#3126 = LINE('',#3127,#3128);
#3127 = CARTESIAN_POINT('',(345.275,90.55,3.));
#3128 = VECTOR('',#3129,1.);
#3129 = DIRECTION('',(-0.,-0.,-1.));
#3130 = ORIENTED_EDGE('',*,*,#730,.F.);
#3131 = ORIENTED_EDGE('',*,*,#3132,.F.);
#3132 = EDGE_CURVE('',#3118,#731,#3133,.T.);
#3133 = LINE('',#3134,#3135);
#3134 = CARTESIAN_POINT('',(345.275,84.05,3.));
#3135 = VECTOR('',#3136,1.);
#3136 = DIRECTION('',(-0.,-0.,-1.));
#3137 = PLANE('',#3138);
#3138 = AXIS2_PLACEMENT_3D('',#3139,#3140,#3141);
#3139 = CARTESIAN_POINT('',(345.275,90.55,3.));
#3140 = DIRECTION('',(-1.,0.,0.));
#3141 = DIRECTION('',(0.,-1.,0.));
#3142 = ADVANCED_FACE('',(#3143),#3162,.F.);
#3143 = FACE_BOUND('',#3144,.F.);
#3144 = EDGE_LOOP('',(#3145,#3154,#3155,#3156));
#3145 = ORIENTED_EDGE('',*,*,#3146,.F.);
#3146 = EDGE_CURVE('',#3118,#3147,#3149,.T.);
#3147 = VERTEX_POINT('',#3148);
#3148 = CARTESIAN_POINT('',(346.275,83.05,3.));
#3149 = CIRCLE('',#3150,1.);
#3150 = AXIS2_PLACEMENT_3D('',#3151,#3152,#3153);
#3151 = CARTESIAN_POINT('',(346.275,84.05,3.));
#3152 = DIRECTION('',(0.,0.,1.));
#3153 = DIRECTION('',(1.,0.,0.));
#3154 = ORIENTED_EDGE('',*,*,#3132,.T.);
#3155 = ORIENTED_EDGE('',*,*,#740,.T.);
#3156 = ORIENTED_EDGE('',*,*,#3157,.F.);
#3157 = EDGE_CURVE('',#3147,#741,#3158,.T.);
#3158 = LINE('',#3159,#3160);
#3159 = CARTESIAN_POINT('',(346.275,83.05,3.));
#3160 = VECTOR('',#3161,1.);
#3161 = DIRECTION('',(-0.,-0.,-1.));
#3162 = CYLINDRICAL_SURFACE('',#3163,1.);
#3163 = AXIS2_PLACEMENT_3D('',#3164,#3165,#3166);
#3164 = CARTESIAN_POINT('',(346.275,84.05,3.));
#3165 = DIRECTION('',(0.,0.,1.));
#3166 = DIRECTION('',(1.,0.,0.));
#3167 = ADVANCED_FACE('',(#3168),#3187,.F.);
#3168 = FACE_BOUND('',#3169,.F.);
#3169 = EDGE_LOOP('',(#3170,#3179,#3185,#3186));
#3170 = ORIENTED_EDGE('',*,*,#3171,.F.);
#3171 = EDGE_CURVE('',#3172,#3116,#3174,.T.);
#3172 = VERTEX_POINT('',#3173);
#3173 = CARTESIAN_POINT('',(346.275,91.55,3.));
#3174 = CIRCLE('',#3175,1.);
#3175 = AXIS2_PLACEMENT_3D('',#3176,#3177,#3178);
#3176 = CARTESIAN_POINT('',(346.275,90.55,3.));
#3177 = DIRECTION('',(0.,0.,1.));
#3178 = DIRECTION('',(1.,0.,0.));
#3179 = ORIENTED_EDGE('',*,*,#3180,.T.);
#3180 = EDGE_CURVE('',#3172,#784,#3181,.T.);
#3181 = LINE('',#3182,#3183);
#3182 = CARTESIAN_POINT('',(346.275,91.55,3.));
#3183 = VECTOR('',#3184,1.);
#3184 = DIRECTION('',(-0.,-0.,-1.));
#3185 = ORIENTED_EDGE('',*,*,#791,.T.);
#3186 = ORIENTED_EDGE('',*,*,#3125,.F.);
#3187 = CYLINDRICAL_SURFACE('',#3188,1.);
#3188 = AXIS2_PLACEMENT_3D('',#3189,#3190,#3191);
#3189 = CARTESIAN_POINT('',(346.275,90.55,3.));
#3190 = DIRECTION('',(0.,0.,1.));
#3191 = DIRECTION('',(1.,0.,0.));
#3192 = ADVANCED_FACE('',(#3193),#3211,.F.);
#3193 = FACE_BOUND('',#3194,.F.);
#3194 = EDGE_LOOP('',(#3195,#3203,#3204,#3205));
#3195 = ORIENTED_EDGE('',*,*,#3196,.F.);
#3196 = EDGE_CURVE('',#3147,#3197,#3199,.T.);
#3197 = VERTEX_POINT('',#3198);
#3198 = CARTESIAN_POINT('',(349.275,83.05,3.));
#3199 = LINE('',#3200,#3201);
#3200 = CARTESIAN_POINT('',(346.275,83.05,3.));
#3201 = VECTOR('',#3202,1.);
#3202 = DIRECTION('',(1.,0.,0.));
#3203 = ORIENTED_EDGE('',*,*,#3157,.T.);
#3204 = ORIENTED_EDGE('',*,*,#749,.F.);
#3205 = ORIENTED_EDGE('',*,*,#3206,.F.);
#3206 = EDGE_CURVE('',#3197,#750,#3207,.T.);
#3207 = LINE('',#3208,#3209);
#3208 = CARTESIAN_POINT('',(349.275,83.05,3.));
#3209 = VECTOR('',#3210,1.);
#3210 = DIRECTION('',(-0.,-0.,-1.));
#3211 = PLANE('',#3212);
#3212 = AXIS2_PLACEMENT_3D('',#3213,#3214,#3215);
#3213 = CARTESIAN_POINT('',(346.275,83.05,3.));
#3214 = DIRECTION('',(0.,-1.,0.));
#3215 = DIRECTION('',(1.,0.,0.));
#3216 = ADVANCED_FACE('',(#3217),#3235,.F.);
#3217 = FACE_BOUND('',#3218,.F.);
#3218 = EDGE_LOOP('',(#3219,#3227,#3233,#3234));
#3219 = ORIENTED_EDGE('',*,*,#3220,.F.);
#3220 = EDGE_CURVE('',#3221,#3172,#3223,.T.);
#3221 = VERTEX_POINT('',#3222);
#3222 = CARTESIAN_POINT('',(349.275,91.55,3.));
#3223 = LINE('',#3224,#3225);
#3224 = CARTESIAN_POINT('',(349.275,91.55,3.));
#3225 = VECTOR('',#3226,1.);
#3226 = DIRECTION('',(-1.,0.,0.));
#3227 = ORIENTED_EDGE('',*,*,#3228,.T.);
#3228 = EDGE_CURVE('',#3221,#775,#3229,.T.);
#3229 = LINE('',#3230,#3231);
#3230 = CARTESIAN_POINT('',(349.275,91.55,3.));
#3231 = VECTOR('',#3232,1.);
#3232 = DIRECTION('',(-0.,-0.,-1.));
#3233 = ORIENTED_EDGE('',*,*,#783,.F.);
#3234 = ORIENTED_EDGE('',*,*,#3180,.F.);
#3235 = PLANE('',#3236);
#3236 = AXIS2_PLACEMENT_3D('',#3237,#3238,#3239);
#3237 = CARTESIAN_POINT('',(349.275,91.55,3.));
#3238 = DIRECTION('',(0.,1.,0.));
#3239 = DIRECTION('',(-1.,0.,0.));
#3240 = ADVANCED_FACE('',(#3241),#3260,.F.);
#3241 = FACE_BOUND('',#3242,.F.);
#3242 = EDGE_LOOP('',(#3243,#3252,#3253,#3254));
#3243 = ORIENTED_EDGE('',*,*,#3244,.F.);
#3244 = EDGE_CURVE('',#3197,#3245,#3247,.T.);
#3245 = VERTEX_POINT('',#3246);
#3246 = CARTESIAN_POINT('',(350.275,84.05,3.));
#3247 = CIRCLE('',#3248,1.);
#3248 = AXIS2_PLACEMENT_3D('',#3249,#3250,#3251);
#3249 = CARTESIAN_POINT('',(349.275,84.05,3.));
#3250 = DIRECTION('',(0.,0.,1.));
#3251 = DIRECTION('',(1.,0.,0.));
#3252 = ORIENTED_EDGE('',*,*,#3206,.T.);
#3253 = ORIENTED_EDGE('',*,*,#757,.T.);
#3254 = ORIENTED_EDGE('',*,*,#3255,.F.);
#3255 = EDGE_CURVE('',#3245,#758,#3256,.T.);
#3256 = LINE('',#3257,#3258);
#3257 = CARTESIAN_POINT('',(350.275,84.05,3.));
#3258 = VECTOR('',#3259,1.);
#3259 = DIRECTION('',(-0.,-0.,-1.));
#3260 = CYLINDRICAL_SURFACE('',#3261,1.);
#3261 = AXIS2_PLACEMENT_3D('',#3262,#3263,#3264);
#3262 = CARTESIAN_POINT('',(349.275,84.05,3.));
#3263 = DIRECTION('',(0.,0.,1.));
#3264 = DIRECTION('',(1.,0.,0.));
#3265 = ADVANCED_FACE('',(#3266),#3285,.F.);
#3266 = FACE_BOUND('',#3267,.F.);
#3267 = EDGE_LOOP('',(#3268,#3277,#3283,#3284));
#3268 = ORIENTED_EDGE('',*,*,#3269,.F.);
#3269 = EDGE_CURVE('',#3270,#3221,#3272,.T.);
#3270 = VERTEX_POINT('',#3271);
#3271 = CARTESIAN_POINT('',(350.275,90.55,3.));
#3272 = CIRCLE('',#3273,1.);
#3273 = AXIS2_PLACEMENT_3D('',#3274,#3275,#3276);
#3274 = CARTESIAN_POINT('',(349.275,90.55,3.));
#3275 = DIRECTION('',(0.,0.,1.));
#3276 = DIRECTION('',(1.,0.,0.));
#3277 = ORIENTED_EDGE('',*,*,#3278,.T.);
#3278 = EDGE_CURVE('',#3270,#767,#3279,.T.);
#3279 = LINE('',#3280,#3281);
#3280 = CARTESIAN_POINT('',(350.275,90.55,3.));
#3281 = VECTOR('',#3282,1.);
#3282 = DIRECTION('',(-0.,-0.,-1.));
#3283 = ORIENTED_EDGE('',*,*,#774,.T.);
#3284 = ORIENTED_EDGE('',*,*,#3228,.F.);
#3285 = CYLINDRICAL_SURFACE('',#3286,1.);
#3286 = AXIS2_PLACEMENT_3D('',#3287,#3288,#3289);
#3287 = CARTESIAN_POINT('',(349.275,90.55,3.));
#3288 = DIRECTION('',(0.,0.,1.));
#3289 = DIRECTION('',(1.,0.,0.));
#3290 = ADVANCED_FACE('',(#3291),#3302,.F.);
#3291 = FACE_BOUND('',#3292,.F.);
#3292 = EDGE_LOOP('',(#3293,#3299,#3300,#3301));
#3293 = ORIENTED_EDGE('',*,*,#3294,.F.);
#3294 = EDGE_CURVE('',#3245,#3270,#3295,.T.);
#3295 = LINE('',#3296,#3297);
#3296 = CARTESIAN_POINT('',(350.275,84.05,3.));
#3297 = VECTOR('',#3298,1.);
#3298 = DIRECTION('',(0.,1.,0.));
#3299 = ORIENTED_EDGE('',*,*,#3255,.T.);
#3300 = ORIENTED_EDGE('',*,*,#766,.F.);
#3301 = ORIENTED_EDGE('',*,*,#3278,.F.);
#3302 = PLANE('',#3303);
#3303 = AXIS2_PLACEMENT_3D('',#3304,#3305,#3306);
#3304 = CARTESIAN_POINT('',(350.275,84.05,3.));
#3305 = DIRECTION('',(1.,0.,0.));
#3306 = DIRECTION('',(0.,1.,0.));
#3307 = ADVANCED_FACE('',(#3308),#3326,.F.);
#3308 = FACE_BOUND('',#3309,.F.);
#3309 = EDGE_LOOP('',(#3310,#3311,#3318,#3325));
#3310 = ORIENTED_EDGE('',*,*,#800,.T.);
#3311 = ORIENTED_EDGE('',*,*,#3312,.T.);
#3312 = EDGE_CURVE('',#801,#3313,#3315,.T.);
#3313 = VERTEX_POINT('',#3314);
#3314 = CARTESIAN_POINT('',(348.875,97.25,5.5));
#3315 = B_SPLINE_CURVE_WITH_KNOTS('',1,(#3316,#3317),.UNSPECIFIED.,.F.,
  .F.,(2,2),(-3.,2.5),.PIECEWISE_BEZIER_KNOTS.);
#3316 = CARTESIAN_POINT('',(348.875,97.25,0.));
#3317 = CARTESIAN_POINT('',(348.875,97.25,5.5));
#3318 = ORIENTED_EDGE('',*,*,#3319,.F.);
#3319 = EDGE_CURVE('',#3313,#3313,#3320,.T.);
#3320 = CIRCLE('',#3321,1.1);
#3321 = AXIS2_PLACEMENT_3D('',#3322,#3323,#3324);
#3322 = CARTESIAN_POINT('',(347.775,97.25,5.5));
#3323 = DIRECTION('',(0.,0.,1.));
#3324 = DIRECTION('',(1.,0.,0.));
#3325 = ORIENTED_EDGE('',*,*,#3312,.F.);
#3326 = CYLINDRICAL_SURFACE('',#3327,1.1);
#3327 = AXIS2_PLACEMENT_3D('',#3328,#3329,#3330);
#3328 = CARTESIAN_POINT('',(347.775,97.25,3.));
#3329 = DIRECTION('',(0.,0.,1.));
#3330 = DIRECTION('',(1.,0.,0.));
#3331 = ADVANCED_FACE('',(#3332),#3351,.F.);
#3332 = FACE_BOUND('',#3333,.F.);
#3333 = EDGE_LOOP('',(#3334,#3342,#3343,#3344));
#3334 = ORIENTED_EDGE('',*,*,#3335,.T.);
#3335 = EDGE_CURVE('',#3336,#812,#3338,.T.);
#3336 = VERTEX_POINT('',#3337);
#3337 = CARTESIAN_POINT('',(48.6,102.75,3.));
#3338 = LINE('',#3339,#3340);
#3339 = CARTESIAN_POINT('',(48.6,102.75,3.));
#3340 = VECTOR('',#3341,1.);
#3341 = DIRECTION('',(-0.,-0.,-1.));
#3342 = ORIENTED_EDGE('',*,*,#811,.T.);
#3343 = ORIENTED_EDGE('',*,*,#3335,.F.);
#3344 = ORIENTED_EDGE('',*,*,#3345,.F.);
#3345 = EDGE_CURVE('',#3336,#3336,#3346,.T.);
#3346 = CIRCLE('',#3347,1.1);
#3347 = AXIS2_PLACEMENT_3D('',#3348,#3349,#3350);
#3348 = CARTESIAN_POINT('',(47.5,102.75,3.));
#3349 = DIRECTION('',(0.,0.,1.));
#3350 = DIRECTION('',(1.,0.,0.));
#3351 = CYLINDRICAL_SURFACE('',#3352,1.1);
#3352 = AXIS2_PLACEMENT_3D('',#3353,#3354,#3355);
#3353 = CARTESIAN_POINT('',(47.5,102.75,3.));
#3354 = DIRECTION('',(0.,0.,1.));
#3355 = DIRECTION('',(1.,0.,0.));
#3356 = ADVANCED_FACE('',(#3357,#3375,#3386,#3397,#3400),#3410,.T.);
#3357 = FACE_BOUND('',#3358,.T.);
#3358 = EDGE_LOOP('',(#3359,#3360,#3361,#3362,#3363,#3364,#3365,#3366,
    #3367,#3368,#3369,#3370,#3371,#3372,#3373,#3374));
#3359 = ORIENTED_EDGE('',*,*,#1297,.T.);
#3360 = ORIENTED_EDGE('',*,*,#1344,.T.);
#3361 = ORIENTED_EDGE('',*,*,#1395,.T.);
#3362 = ORIENTED_EDGE('',*,*,#1443,.F.);
#3363 = ORIENTED_EDGE('',*,*,#1063,.T.);
#3364 = ORIENTED_EDGE('',*,*,#984,.T.);
#3365 = ORIENTED_EDGE('',*,*,#942,.T.);
#3366 = ORIENTED_EDGE('',*,*,#892,.T.);
#3367 = ORIENTED_EDGE('',*,*,#837,.T.);
#3368 = ORIENTED_EDGE('',*,*,#868,.T.);
#3369 = ORIENTED_EDGE('',*,*,#911,.F.);
#3370 = ORIENTED_EDGE('',*,*,#966,.T.);
#3371 = ORIENTED_EDGE('',*,*,#1009,.F.);
#3372 = ORIENTED_EDGE('',*,*,#1087,.T.);
#3373 = ORIENTED_EDGE('',*,*,#1130,.F.);
#3374 = ORIENTED_EDGE('',*,*,#1254,.T.);
#3375 = FACE_BOUND('',#3376,.T.);
#3376 = EDGE_LOOP('',(#3377));
#3377 = ORIENTED_EDGE('',*,*,#3378,.F.);
#3378 = EDGE_CURVE('',#3379,#3379,#3381,.T.);
#3379 = VERTEX_POINT('',#3380);
#3380 = CARTESIAN_POINT('',(349.775,32.05,3.));
#3381 = CIRCLE('',#3382,2.);
#3382 = AXIS2_PLACEMENT_3D('',#3383,#3384,#3385);
#3383 = CARTESIAN_POINT('',(347.775,32.05,3.));
#3384 = DIRECTION('',(0.,0.,1.));
#3385 = DIRECTION('',(1.,0.,0.));
#3386 = FACE_BOUND('',#3387,.T.);
#3387 = EDGE_LOOP('',(#3388));
#3388 = ORIENTED_EDGE('',*,*,#3389,.F.);
#3389 = EDGE_CURVE('',#3390,#3390,#3392,.T.);
#3390 = VERTEX_POINT('',#3391);
#3391 = CARTESIAN_POINT('',(349.775,97.25,3.));
#3392 = CIRCLE('',#3393,2.);
#3393 = AXIS2_PLACEMENT_3D('',#3394,#3395,#3396);
#3394 = CARTESIAN_POINT('',(347.775,97.25,3.));
#3395 = DIRECTION('',(0.,0.,1.));
#3396 = DIRECTION('',(1.,0.,0.));
#3397 = FACE_BOUND('',#3398,.T.);
#3398 = EDGE_LOOP('',(#3399));
#3399 = ORIENTED_EDGE('',*,*,#3075,.F.);
#3400 = FACE_BOUND('',#3401,.T.);
#3401 = EDGE_LOOP('',(#3402,#3403,#3404,#3405,#3406,#3407,#3408,#3409));
#3402 = ORIENTED_EDGE('',*,*,#3115,.F.);
#3403 = ORIENTED_EDGE('',*,*,#3171,.F.);
#3404 = ORIENTED_EDGE('',*,*,#3220,.F.);
#3405 = ORIENTED_EDGE('',*,*,#3269,.F.);
#3406 = ORIENTED_EDGE('',*,*,#3294,.F.);
#3407 = ORIENTED_EDGE('',*,*,#3244,.F.);
#3408 = ORIENTED_EDGE('',*,*,#3196,.F.);
#3409 = ORIENTED_EDGE('',*,*,#3146,.F.);
#3410 = PLANE('',#3411);
#3411 = AXIS2_PLACEMENT_3D('',#3412,#3413,#3414);
#3412 = CARTESIAN_POINT('',(119.8683658578,59.51905759359,3.));
#3413 = DIRECTION('',(0.,0.,1.));
#3414 = DIRECTION('',(1.,0.,0.));
#3415 = ADVANCED_FACE('',(#3416,#3514),#3525,.T.);
#3416 = FACE_BOUND('',#3417,.T.);
#3417 = EDGE_LOOP('',(#3418,#3419,#3420,#3421,#3422,#3423,#3424,#3425,
    #3434,#3442,#3451,#3459,#3466,#3467,#3468,#3469,#3470,#3471,#3480,
    #3488,#3497,#3505,#3512,#3513));
#3418 = ORIENTED_EDGE('',*,*,#2841,.F.);
#3419 = ORIENTED_EDGE('',*,*,#2791,.T.);
#3420 = ORIENTED_EDGE('',*,*,#1161,.F.);
#3421 = ORIENTED_EDGE('',*,*,#1113,.F.);
#3422 = ORIENTED_EDGE('',*,*,#1040,.F.);
#3423 = ORIENTED_EDGE('',*,*,#1518,.F.);
#3424 = ORIENTED_EDGE('',*,*,#1561,.F.);
#3425 = ORIENTED_EDGE('',*,*,#3426,.T.);
#3426 = EDGE_CURVE('',#1554,#3427,#3429,.T.);
#3427 = VERTEX_POINT('',#3428);
#3428 = CARTESIAN_POINT('',(10.5,6.,5.));
#3429 = CIRCLE('',#3430,1.);
#3430 = AXIS2_PLACEMENT_3D('',#3431,#3432,#3433);
#3431 = CARTESIAN_POINT('',(11.5,6.,5.));
#3432 = DIRECTION('',(-0.,-0.,-1.));
#3433 = DIRECTION('',(0.,-1.,0.));
#3434 = ORIENTED_EDGE('',*,*,#3435,.F.);
#3435 = EDGE_CURVE('',#3436,#3427,#3438,.T.);
#3436 = VERTEX_POINT('',#3437);
#3437 = CARTESIAN_POINT('',(10.5,9.5,5.));
#3438 = LINE('',#3439,#3440);
#3439 = CARTESIAN_POINT('',(10.5,9.5,5.));
#3440 = VECTOR('',#3441,1.);
#3441 = DIRECTION('',(0.,-1.,0.));
#3442 = ORIENTED_EDGE('',*,*,#3443,.T.);
#3443 = EDGE_CURVE('',#3436,#3444,#3446,.T.);
#3444 = VERTEX_POINT('',#3445);
#3445 = CARTESIAN_POINT('',(9.5,10.499999673205,5.));
#3446 = CIRCLE('',#3447,1.);
#3447 = AXIS2_PLACEMENT_3D('',#3448,#3449,#3450);
#3448 = CARTESIAN_POINT('',(9.5,9.499999673205,5.));
#3449 = DIRECTION('',(0.,0.,1.));
#3450 = DIRECTION('',(1.,0.,0.));
#3451 = ORIENTED_EDGE('',*,*,#3452,.F.);
#3452 = EDGE_CURVE('',#3453,#3444,#3455,.T.);
#3453 = VERTEX_POINT('',#3454);
#3454 = CARTESIAN_POINT('',(6.,10.499999673205,5.));
#3455 = LINE('',#3456,#3457);
#3456 = CARTESIAN_POINT('',(5.,10.499999673205,5.));
#3457 = VECTOR('',#3458,1.);
#3458 = DIRECTION('',(1.,0.,0.));
#3459 = ORIENTED_EDGE('',*,*,#3460,.F.);
#3460 = EDGE_CURVE('',#2232,#3453,#3461,.T.);
#3461 = CIRCLE('',#3462,1.);
#3462 = AXIS2_PLACEMENT_3D('',#3463,#3464,#3465);
#3463 = CARTESIAN_POINT('',(6.,11.499999673205,5.));
#3464 = DIRECTION('',(-0.,0.,1.));
#3465 = DIRECTION('',(0.,-1.,0.));
#3466 = ORIENTED_EDGE('',*,*,#2231,.F.);
#3467 = ORIENTED_EDGE('',*,*,#2285,.F.);
#3468 = ORIENTED_EDGE('',*,*,#2328,.F.);
#3469 = ORIENTED_EDGE('',*,*,#2352,.F.);
#3470 = ORIENTED_EDGE('',*,*,#2402,.T.);
#3471 = ORIENTED_EDGE('',*,*,#3472,.T.);
#3472 = EDGE_CURVE('',#2403,#3473,#3475,.T.);
#3473 = VERTEX_POINT('',#3474);
#3474 = CARTESIAN_POINT('',(6.000000000001,3.,5.));
#3475 = CIRCLE('',#3476,3.);
#3476 = AXIS2_PLACEMENT_3D('',#3477,#3478,#3479);
#3477 = CARTESIAN_POINT('',(6.,6.,5.));
#3478 = DIRECTION('',(0.,0.,1.));
#3479 = DIRECTION('',(1.,0.,0.));
#3480 = ORIENTED_EDGE('',*,*,#3481,.T.);
#3481 = EDGE_CURVE('',#3473,#3482,#3484,.T.);
#3482 = VERTEX_POINT('',#3483);
#3483 = CARTESIAN_POINT('',(353.79999999997,3.,5.));
#3484 = LINE('',#3485,#3486);
#3485 = CARTESIAN_POINT('',(6.000000000001,3.,5.));
#3486 = VECTOR('',#3487,1.);
#3487 = DIRECTION('',(1.,0.,0.));
#3488 = ORIENTED_EDGE('',*,*,#3489,.T.);
#3489 = EDGE_CURVE('',#3482,#3490,#3492,.T.);
#3490 = VERTEX_POINT('',#3491);
#3491 = CARTESIAN_POINT('',(356.79999999997,5.999999999942,5.));
#3492 = CIRCLE('',#3493,3.);
#3493 = AXIS2_PLACEMENT_3D('',#3494,#3495,#3496);
#3494 = CARTESIAN_POINT('',(353.79999999997,6.,5.));
#3495 = DIRECTION('',(0.,0.,1.));
#3496 = DIRECTION('',(1.,0.,0.));
#3497 = ORIENTED_EDGE('',*,*,#3498,.T.);
#3498 = EDGE_CURVE('',#3490,#3499,#3501,.T.);
#3499 = VERTEX_POINT('',#3500);
#3500 = CARTESIAN_POINT('',(356.79999999997,123.30000000005,5.));
#3501 = LINE('',#3502,#3503);
#3502 = CARTESIAN_POINT('',(356.79999999997,5.999999999942,5.));
#3503 = VECTOR('',#3504,1.);
#3504 = DIRECTION('',(0.,1.,0.));
#3505 = ORIENTED_EDGE('',*,*,#3506,.T.);
#3506 = EDGE_CURVE('',#3499,#2916,#3507,.T.);
#3507 = CIRCLE('',#3508,3.);
#3508 = AXIS2_PLACEMENT_3D('',#3509,#3510,#3511);
#3509 = CARTESIAN_POINT('',(353.79999999997,123.3,5.));
#3510 = DIRECTION('',(0.,0.,1.));
#3511 = DIRECTION('',(1.,0.,0.));
#3512 = ORIENTED_EDGE('',*,*,#2915,.T.);
#3513 = ORIENTED_EDGE('',*,*,#3023,.T.);
#3514 = FACE_BOUND('',#3515,.T.);
#3515 = EDGE_LOOP('',(#3516));
#3516 = ORIENTED_EDGE('',*,*,#3517,.F.);
#3517 = EDGE_CURVE('',#3518,#3518,#3520,.T.);
#3518 = VERTEX_POINT('',#3519);
#3519 = CARTESIAN_POINT('',(10.,8.,5.));
#3520 = CIRCLE('',#3521,2.);
#3521 = AXIS2_PLACEMENT_3D('',#3522,#3523,#3524);
#3522 = CARTESIAN_POINT('',(8.,8.,5.));
#3523 = DIRECTION('',(0.,0.,1.));
#3524 = DIRECTION('',(1.,0.,0.));
#3525 = PLANE('',#3526);
#3526 = AXIS2_PLACEMENT_3D('',#3527,#3528,#3529);
#3527 = CARTESIAN_POINT('',(191.95574864589,60.894897910088,5.));
#3528 = DIRECTION('',(0.,0.,1.));
#3529 = DIRECTION('',(1.,0.,0.));
#3530 = ADVANCED_FACE('',(#3531,#3659,#3670,#3673),#3676,.T.);
#3531 = FACE_BOUND('',#3532,.T.);
#3532 = EDGE_LOOP('',(#3533,#3534,#3543,#3551,#3560,#3568,#3577,#3585,
    #3592,#3593,#3594,#3595,#3596,#3597,#3598,#3599,#3600,#3601,#3610,
    #3618,#3627,#3635,#3644,#3652));
#3533 = ORIENTED_EDGE('',*,*,#2613,.T.);
#3534 = ORIENTED_EDGE('',*,*,#3535,.F.);
#3535 = EDGE_CURVE('',#3536,#2606,#3538,.T.);
#3536 = VERTEX_POINT('',#3537);
#3537 = CARTESIAN_POINT('',(43.999999673205,85.,3.));
#3538 = CIRCLE('',#3539,1.);
#3539 = AXIS2_PLACEMENT_3D('',#3540,#3541,#3542);
#3540 = CARTESIAN_POINT('',(43.99999934641,86.,3.));
#3541 = DIRECTION('',(0.,0.,1.));
#3542 = DIRECTION('',(1.,0.,0.));
#3543 = ORIENTED_EDGE('',*,*,#3544,.T.);
#3544 = EDGE_CURVE('',#3536,#3545,#3547,.T.);
#3545 = VERTEX_POINT('',#3546);
#3546 = CARTESIAN_POINT('',(40.999999673205,85.,3.));
#3547 = LINE('',#3548,#3549);
#3548 = CARTESIAN_POINT('',(43.999999673205,85.,3.));
#3549 = VECTOR('',#3550,1.);
#3550 = DIRECTION('',(-1.,0.,0.));
#3551 = ORIENTED_EDGE('',*,*,#3552,.T.);
#3552 = EDGE_CURVE('',#3545,#3553,#3555,.T.);
#3553 = VERTEX_POINT('',#3554);
#3554 = CARTESIAN_POINT('',(40.,84.,3.));
#3555 = CIRCLE('',#3556,1.);
#3556 = AXIS2_PLACEMENT_3D('',#3557,#3558,#3559);
#3557 = CARTESIAN_POINT('',(41.,84.,3.));
#3558 = DIRECTION('',(0.,0.,1.));
#3559 = DIRECTION('',(1.,0.,0.));
#3560 = ORIENTED_EDGE('',*,*,#3561,.T.);
#3561 = EDGE_CURVE('',#3553,#3562,#3564,.T.);
#3562 = VERTEX_POINT('',#3563);
#3563 = CARTESIAN_POINT('',(40.,25.,3.));
#3564 = LINE('',#3565,#3566);
#3565 = CARTESIAN_POINT('',(40.,84.,3.));
#3566 = VECTOR('',#3567,1.);
#3567 = DIRECTION('',(0.,-1.,0.));
#3568 = ORIENTED_EDGE('',*,*,#3569,.T.);
#3569 = EDGE_CURVE('',#3562,#3570,#3572,.T.);
#3570 = VERTEX_POINT('',#3571);
#3571 = CARTESIAN_POINT('',(40.999999673205,24.,3.));
#3572 = CIRCLE('',#3573,1.);
#3573 = AXIS2_PLACEMENT_3D('',#3574,#3575,#3576);
#3574 = CARTESIAN_POINT('',(41.,25.,3.));
#3575 = DIRECTION('',(0.,0.,1.));
#3576 = DIRECTION('',(1.,0.,0.));
#3577 = ORIENTED_EDGE('',*,*,#3578,.F.);
#3578 = EDGE_CURVE('',#3579,#3570,#3581,.T.);
#3579 = VERTEX_POINT('',#3580);
#3580 = CARTESIAN_POINT('',(43.999999673205,24.,3.));
#3581 = LINE('',#3582,#3583);
#3582 = CARTESIAN_POINT('',(43.999999673205,24.,3.));
#3583 = VECTOR('',#3584,1.);
#3584 = DIRECTION('',(-1.,0.,0.));
#3585 = ORIENTED_EDGE('',*,*,#3586,.F.);
#3586 = EDGE_CURVE('',#2582,#3579,#3587,.T.);
#3587 = CIRCLE('',#3588,1.);
#3588 = AXIS2_PLACEMENT_3D('',#3589,#3590,#3591);
#3589 = CARTESIAN_POINT('',(43.99999934641,23.,3.));
#3590 = DIRECTION('',(0.,0.,1.));
#3591 = DIRECTION('',(1.,0.,0.));
#3592 = ORIENTED_EDGE('',*,*,#2581,.T.);
#3593 = ORIENTED_EDGE('',*,*,#2386,.F.);
#3594 = ORIENTED_EDGE('',*,*,#1623,.T.);
#3595 = ORIENTED_EDGE('',*,*,#2115,.T.);
#3596 = ORIENTED_EDGE('',*,*,#2073,.T.);
#3597 = ORIENTED_EDGE('',*,*,#2024,.F.);
#3598 = ORIENTED_EDGE('',*,*,#1223,.T.);
#3599 = ORIENTED_EDGE('',*,*,#2726,.T.);
#3600 = ORIENTED_EDGE('',*,*,#2677,.T.);
#3601 = ORIENTED_EDGE('',*,*,#3602,.T.);
#3602 = EDGE_CURVE('',#2678,#3603,#3605,.T.);
#3603 = VERTEX_POINT('',#3604);
#3604 = CARTESIAN_POINT('',(43.999999673205,99.749999673205,3.));
#3605 = CIRCLE('',#3606,1.);
#3606 = AXIS2_PLACEMENT_3D('',#3607,#3608,#3609);
#3607 = CARTESIAN_POINT('',(43.999999673205,100.7499996732,3.));
#3608 = DIRECTION('',(-0.,-0.,-1.));
#3609 = DIRECTION('',(0.,-1.,0.));
#3610 = ORIENTED_EDGE('',*,*,#3611,.T.);
#3611 = EDGE_CURVE('',#3603,#3612,#3614,.T.);
#3612 = VERTEX_POINT('',#3613);
#3613 = CARTESIAN_POINT('',(40.499999673205,99.749999673205,3.));
#3614 = LINE('',#3615,#3616);
#3615 = CARTESIAN_POINT('',(44.999999673205,99.749999673205,3.));
#3616 = VECTOR('',#3617,1.);
#3617 = DIRECTION('',(-1.,0.,0.));
#3618 = ORIENTED_EDGE('',*,*,#3619,.T.);
#3619 = EDGE_CURVE('',#3612,#3620,#3622,.T.);
#3620 = VERTEX_POINT('',#3621);
#3621 = CARTESIAN_POINT('',(39.5,98.749999673205,3.));
#3622 = CIRCLE('',#3623,1.);
#3623 = AXIS2_PLACEMENT_3D('',#3624,#3625,#3626);
#3624 = CARTESIAN_POINT('',(40.5,98.749999673205,3.));
#3625 = DIRECTION('',(0.,0.,1.));
#3626 = DIRECTION('',(1.,0.,0.));
#3627 = ORIENTED_EDGE('',*,*,#3628,.T.);
#3628 = EDGE_CURVE('',#3620,#3629,#3631,.T.);
#3629 = VERTEX_POINT('',#3630);
#3630 = CARTESIAN_POINT('',(39.5,95.749999673205,3.));
#3631 = LINE('',#3632,#3633);
#3632 = CARTESIAN_POINT('',(39.5,98.749999673205,3.));
#3633 = VECTOR('',#3634,1.);
#3634 = DIRECTION('',(0.,-1.,0.));
#3635 = ORIENTED_EDGE('',*,*,#3636,.T.);
#3636 = EDGE_CURVE('',#3629,#3637,#3639,.T.);
#3637 = VERTEX_POINT('',#3638);
#3638 = CARTESIAN_POINT('',(40.5,94.75,3.));
#3639 = CIRCLE('',#3640,1.);
#3640 = AXIS2_PLACEMENT_3D('',#3641,#3642,#3643);
#3641 = CARTESIAN_POINT('',(40.5,95.75,3.));
#3642 = DIRECTION('',(0.,0.,1.));
#3643 = DIRECTION('',(1.,0.,0.));
#3644 = ORIENTED_EDGE('',*,*,#3645,.F.);
#3645 = EDGE_CURVE('',#3646,#3637,#3648,.T.);
#3646 = VERTEX_POINT('',#3647);
#3647 = CARTESIAN_POINT('',(44.,94.75,3.));
#3648 = LINE('',#3649,#3650);
#3649 = CARTESIAN_POINT('',(45.,94.75,3.));
#3650 = VECTOR('',#3651,1.);
#3651 = DIRECTION('',(-1.,0.,0.));
#3652 = ORIENTED_EDGE('',*,*,#3653,.F.);
#3653 = EDGE_CURVE('',#2614,#3646,#3654,.T.);
#3654 = CIRCLE('',#3655,1.);
#3655 = AXIS2_PLACEMENT_3D('',#3656,#3657,#3658);
#3656 = CARTESIAN_POINT('',(44.,93.75,3.));
#3657 = DIRECTION('',(-0.,0.,1.));
#3658 = DIRECTION('',(0.,-1.,0.));
#3659 = FACE_BOUND('',#3660,.T.);
#3660 = EDGE_LOOP('',(#3661));
#3661 = ORIENTED_EDGE('',*,*,#3662,.F.);
#3662 = EDGE_CURVE('',#3663,#3663,#3665,.T.);
#3663 = VERTEX_POINT('',#3664);
#3664 = CARTESIAN_POINT('',(44.,97.25,3.));
#3665 = CIRCLE('',#3666,2.);
#3666 = AXIS2_PLACEMENT_3D('',#3667,#3668,#3669);
#3667 = CARTESIAN_POINT('',(42.,97.25,3.));
#3668 = DIRECTION('',(0.,0.,1.));
#3669 = DIRECTION('',(1.,0.,0.));
#3670 = FACE_BOUND('',#3671,.T.);
#3671 = EDGE_LOOP('',(#3672));
#3672 = ORIENTED_EDGE('',*,*,#3100,.F.);
#3673 = FACE_BOUND('',#3674,.T.);
#3674 = EDGE_LOOP('',(#3675));
#3675 = ORIENTED_EDGE('',*,*,#3345,.F.);
#3676 = PLANE('',#3677);
#3677 = AXIS2_PLACEMENT_3D('',#3678,#3679,#3680);
#3678 = CARTESIAN_POINT('',(45.947690415479,65.551045235414,3.));
#3679 = DIRECTION('',(0.,0.,1.));
#3680 = DIRECTION('',(1.,0.,0.));
#3681 = ADVANCED_FACE('',(#3682),#3692,.T.);
#3682 = FACE_BOUND('',#3683,.F.);
#3683 = EDGE_LOOP('',(#3684,#3685,#3686,#3687,#3688,#3689,#3690,#3691));
#3684 = ORIENTED_EDGE('',*,*,#1200,.T.);
#3685 = ORIENTED_EDGE('',*,*,#1693,.F.);
#3686 = ORIENTED_EDGE('',*,*,#1735,.T.);
#3687 = ORIENTED_EDGE('',*,*,#1784,.T.);
#3688 = ORIENTED_EDGE('',*,*,#1840,.F.);
#3689 = ORIENTED_EDGE('',*,*,#1882,.T.);
#3690 = ORIENTED_EDGE('',*,*,#1938,.F.);
#3691 = ORIENTED_EDGE('',*,*,#1973,.F.);
#3692 = PLANE('',#3693);
#3693 = AXIS2_PLACEMENT_3D('',#3694,#3695,#3696);
#3694 = CARTESIAN_POINT('',(190.70147466005,59.707120600162,3.));
#3695 = DIRECTION('',(0.,0.,1.));
#3696 = DIRECTION('',(1.,0.,0.));
#3697 = ADVANCED_FACE('',(#3698),#3708,.T.);
#3698 = FACE_BOUND('',#3699,.F.);
#3699 = EDGE_LOOP('',(#3700,#3701,#3702,#3703,#3704,#3705,#3706,#3707));
#3700 = ORIENTED_EDGE('',*,*,#1177,.T.);
#3701 = ORIENTED_EDGE('',*,*,#1278,.F.);
#3702 = ORIENTED_EDGE('',*,*,#1320,.T.);
#3703 = ORIENTED_EDGE('',*,*,#1369,.T.);
#3704 = ORIENTED_EDGE('',*,*,#1425,.F.);
#3705 = ORIENTED_EDGE('',*,*,#1460,.T.);
#3706 = ORIENTED_EDGE('',*,*,#1492,.F.);
#3707 = ORIENTED_EDGE('',*,*,#1534,.F.);
#3708 = PLANE('',#3709);
#3709 = AXIS2_PLACEMENT_3D('',#3710,#3711,#3712);
#3710 = CARTESIAN_POINT('',(190.70147466005,59.707120600162,3.));
#3711 = DIRECTION('',(0.,0.,1.));
#3712 = DIRECTION('',(1.,0.,0.));
#3713 = ADVANCED_FACE('',(#3714),#3733,.F.);
#3714 = FACE_BOUND('',#3715,.T.);
#3715 = EDGE_LOOP('',(#3716,#3717,#3726,#3732));
#3716 = ORIENTED_EDGE('',*,*,#1551,.F.);
#3717 = ORIENTED_EDGE('',*,*,#3718,.T.);
#3718 = EDGE_CURVE('',#1552,#3719,#3721,.T.);
#3719 = VERTEX_POINT('',#3720);
#3720 = CARTESIAN_POINT('',(10.5,5.999999673205,0.5));
#3721 = CIRCLE('',#3722,1.);
#3722 = AXIS2_PLACEMENT_3D('',#3723,#3724,#3725);
#3723 = CARTESIAN_POINT('',(11.5,6.,0.5));
#3724 = DIRECTION('',(0.,0.,-1.));
#3725 = DIRECTION('',(1.,0.,0.));
#3726 = ORIENTED_EDGE('',*,*,#3727,.T.);
#3727 = EDGE_CURVE('',#3719,#3427,#3728,.T.);
#3728 = LINE('',#3729,#3730);
#3729 = CARTESIAN_POINT('',(10.5,6.,0.));
#3730 = VECTOR('',#3731,1.);
#3731 = DIRECTION('',(0.,0.,1.));
#3732 = ORIENTED_EDGE('',*,*,#3426,.F.);
#3733 = CYLINDRICAL_SURFACE('',#3734,1.);
#3734 = AXIS2_PLACEMENT_3D('',#3735,#3736,#3737);
#3735 = CARTESIAN_POINT('',(11.5,6.,0.));
#3736 = DIRECTION('',(0.,0.,1.));
#3737 = DIRECTION('',(0.,-1.,0.));
#3738 = ADVANCED_FACE('',(#3739,#3777),#3788,.F.);
#3739 = FACE_BOUND('',#3740,.T.);
#3740 = EDGE_LOOP('',(#3741,#3742,#3743,#3744,#3753,#3761,#3770,#3776));
#3741 = ORIENTED_EDGE('',*,*,#1646,.T.);
#3742 = ORIENTED_EDGE('',*,*,#2311,.T.);
#3743 = ORIENTED_EDGE('',*,*,#2263,.T.);
#3744 = ORIENTED_EDGE('',*,*,#3745,.F.);
#3745 = EDGE_CURVE('',#3746,#2256,#3748,.T.);
#3746 = VERTEX_POINT('',#3747);
#3747 = CARTESIAN_POINT('',(5.999999673205,84.999999019615,0.5));
#3748 = CIRCLE('',#3749,1.);
#3749 = AXIS2_PLACEMENT_3D('',#3750,#3751,#3752);
#3750 = CARTESIAN_POINT('',(6.,85.999999019615,0.5));
#3751 = DIRECTION('',(0.,0.,-1.));
#3752 = DIRECTION('',(1.,0.,0.));
#3753 = ORIENTED_EDGE('',*,*,#3754,.T.);
#3754 = EDGE_CURVE('',#3746,#3755,#3757,.T.);
#3755 = VERTEX_POINT('',#3756);
#3756 = CARTESIAN_POINT('',(9.499999673205,84.999999019615,0.5));
#3757 = LINE('',#3758,#3759);
#3758 = CARTESIAN_POINT('',(5.999999673205,84.999999019615,0.5));
#3759 = VECTOR('',#3760,1.);
#3760 = DIRECTION('',(1.,0.,0.));
#3761 = ORIENTED_EDGE('',*,*,#3762,.T.);
#3762 = EDGE_CURVE('',#3755,#3763,#3765,.T.);
#3763 = VERTEX_POINT('',#3764);
#3764 = CARTESIAN_POINT('',(10.5,83.999999673205,0.5));
#3765 = CIRCLE('',#3766,1.);
#3766 = AXIS2_PLACEMENT_3D('',#3767,#3768,#3769);
#3767 = CARTESIAN_POINT('',(9.5,83.999999019615,0.5));
#3768 = DIRECTION('',(0.,0.,-1.));
#3769 = DIRECTION('',(1.,0.,0.));
#3770 = ORIENTED_EDGE('',*,*,#3771,.F.);
#3771 = EDGE_CURVE('',#3719,#3763,#3772,.T.);
#3772 = LINE('',#3773,#3774);
#3773 = CARTESIAN_POINT('',(10.5,5.999999673205,0.5));
#3774 = VECTOR('',#3775,1.);
#3775 = DIRECTION('',(0.,1.,0.));
#3776 = ORIENTED_EDGE('',*,*,#3718,.F.);
#3777 = FACE_BOUND('',#3778,.F.);
#3778 = EDGE_LOOP('',(#3779));
#3779 = ORIENTED_EDGE('',*,*,#3780,.T.);
#3780 = EDGE_CURVE('',#3781,#3781,#3783,.T.);
#3781 = VERTEX_POINT('',#3782);
#3782 = CARTESIAN_POINT('',(8.8,8.,0.5));
#3783 = CIRCLE('',#3784,0.8);
#3784 = AXIS2_PLACEMENT_3D('',#3785,#3786,#3787);
#3785 = CARTESIAN_POINT('',(8.,8.,0.5));
#3786 = DIRECTION('',(0.,0.,-1.));
#3787 = DIRECTION('',(1.,0.,0.));
#3788 = PLANE('',#3789);
#3789 = AXIS2_PLACEMENT_3D('',#3790,#3791,#3792);
#3790 = CARTESIAN_POINT('',(24.360900491111,52.530301051318,0.5));
#3791 = DIRECTION('',(0.,0.,1.));
#3792 = DIRECTION('',(1.,0.,0.));
#3793 = ADVANCED_FACE('',(#3794),#3804,.T.);
#3794 = FACE_BOUND('',#3795,.T.);
#3795 = EDGE_LOOP('',(#3796,#3797,#3798,#3799,#3800,#3801,#3802,#3803));
#3796 = ORIENTED_EDGE('',*,*,#1600,.T.);
#3797 = ORIENTED_EDGE('',*,*,#1991,.T.);
#3798 = ORIENTED_EDGE('',*,*,#2041,.T.);
#3799 = ORIENTED_EDGE('',*,*,#2096,.F.);
#3800 = ORIENTED_EDGE('',*,*,#2139,.F.);
#3801 = ORIENTED_EDGE('',*,*,#2163,.F.);
#3802 = ORIENTED_EDGE('',*,*,#2206,.F.);
#3803 = ORIENTED_EDGE('',*,*,#2188,.T.);
#3804 = PLANE('',#3805);
#3805 = AXIS2_PLACEMENT_3D('',#3806,#3807,#3808);
#3806 = CARTESIAN_POINT('',(190.70147466005,59.707120600162,3.));
#3807 = DIRECTION('',(0.,0.,1.));
#3808 = DIRECTION('',(1.,0.,0.));
#3809 = ADVANCED_FACE('',(#3810),#3820,.T.);
#3810 = FACE_BOUND('',#3811,.T.);
#3811 = EDGE_LOOP('',(#3812,#3813,#3814,#3815,#3816,#3817,#3818,#3819));
#3812 = ORIENTED_EDGE('',*,*,#1577,.T.);
#3813 = ORIENTED_EDGE('',*,*,#1661,.T.);
#3814 = ORIENTED_EDGE('',*,*,#1711,.T.);
#3815 = ORIENTED_EDGE('',*,*,#1766,.F.);
#3816 = ORIENTED_EDGE('',*,*,#1816,.F.);
#3817 = ORIENTED_EDGE('',*,*,#1864,.F.);
#3818 = ORIENTED_EDGE('',*,*,#1914,.F.);
#3819 = ORIENTED_EDGE('',*,*,#1955,.T.);
#3820 = PLANE('',#3821);
#3821 = AXIS2_PLACEMENT_3D('',#3822,#3823,#3824);
#3822 = CARTESIAN_POINT('',(190.70147466005,59.707120600162,3.));
#3823 = DIRECTION('',(0.,0.,1.));
#3824 = DIRECTION('',(1.,0.,0.));
#3825 = ADVANCED_FACE('',(#3826),#3845,.F.);
#3826 = FACE_BOUND('',#3827,.F.);
#3827 = EDGE_LOOP('',(#3828,#3837,#3843,#3844));
#3828 = ORIENTED_EDGE('',*,*,#3829,.T.);
#3829 = EDGE_CURVE('',#2240,#3830,#3832,.T.);
#3830 = VERTEX_POINT('',#3831);
#3831 = CARTESIAN_POINT('',(6.,10.499999673205,3.));
#3832 = CIRCLE('',#3833,1.);
#3833 = AXIS2_PLACEMENT_3D('',#3834,#3835,#3836);
#3834 = CARTESIAN_POINT('',(6.,11.499999673205,3.));
#3835 = DIRECTION('',(-0.,0.,1.));
#3836 = DIRECTION('',(0.,-1.,0.));
#3837 = ORIENTED_EDGE('',*,*,#3838,.T.);
#3838 = EDGE_CURVE('',#3830,#3453,#3839,.T.);
#3839 = LINE('',#3840,#3841);
#3840 = CARTESIAN_POINT('',(6.,10.499999673205,3.));
#3841 = VECTOR('',#3842,1.);
#3842 = DIRECTION('',(0.,0.,1.));
#3843 = ORIENTED_EDGE('',*,*,#3460,.F.);
#3844 = ORIENTED_EDGE('',*,*,#2239,.F.);
#3845 = CYLINDRICAL_SURFACE('',#3846,1.);
#3846 = AXIS2_PLACEMENT_3D('',#3847,#3848,#3849);
#3847 = CARTESIAN_POINT('',(6.,11.499999673205,3.));
#3848 = DIRECTION('',(0.,0.,1.));
#3849 = DIRECTION('',(-1.,0.,0.));
#3850 = ADVANCED_FACE('',(#3851),#3870,.F.);
#3851 = FACE_BOUND('',#3852,.F.);
#3852 = EDGE_LOOP('',(#3853,#3854,#3855,#3863));
#3853 = ORIENTED_EDGE('',*,*,#2255,.F.);
#3854 = ORIENTED_EDGE('',*,*,#3745,.F.);
#3855 = ORIENTED_EDGE('',*,*,#3856,.T.);
#3856 = EDGE_CURVE('',#3746,#3857,#3859,.T.);
#3857 = VERTEX_POINT('',#3858);
#3858 = CARTESIAN_POINT('',(6.,85.,3.));
#3859 = LINE('',#3860,#3861);
#3860 = CARTESIAN_POINT('',(6.,85.,0.));
#3861 = VECTOR('',#3862,1.);
#3862 = DIRECTION('',(0.,0.,1.));
#3863 = ORIENTED_EDGE('',*,*,#3864,.F.);
#3864 = EDGE_CURVE('',#2248,#3857,#3865,.T.);
#3865 = CIRCLE('',#3866,1.);
#3866 = AXIS2_PLACEMENT_3D('',#3867,#3868,#3869);
#3867 = CARTESIAN_POINT('',(6.,86.,3.));
#3868 = DIRECTION('',(-0.,0.,1.));
#3869 = DIRECTION('',(0.,-1.,0.));
#3870 = CYLINDRICAL_SURFACE('',#3871,1.);
#3871 = AXIS2_PLACEMENT_3D('',#3872,#3873,#3874);
#3872 = CARTESIAN_POINT('',(6.,86.,0.));
#3873 = DIRECTION('',(0.,0.,1.));
#3874 = DIRECTION('',(-1.,0.,0.));
#3875 = ADVANCED_FACE('',(#3876),#3921,.T.);
#3876 = FACE_BOUND('',#3877,.T.);
#3877 = EDGE_LOOP('',(#3878,#3879,#3880,#3888,#3897,#3905,#3914,#3920));
#3878 = ORIENTED_EDGE('',*,*,#2247,.F.);
#3879 = ORIENTED_EDGE('',*,*,#3829,.T.);
#3880 = ORIENTED_EDGE('',*,*,#3881,.T.);
#3881 = EDGE_CURVE('',#3830,#3882,#3884,.T.);
#3882 = VERTEX_POINT('',#3883);
#3883 = CARTESIAN_POINT('',(9.5,10.499999673205,3.));
#3884 = LINE('',#3885,#3886);
#3885 = CARTESIAN_POINT('',(5.,10.499999673205,3.));
#3886 = VECTOR('',#3887,1.);
#3887 = DIRECTION('',(1.,0.,0.));
#3888 = ORIENTED_EDGE('',*,*,#3889,.F.);
#3889 = EDGE_CURVE('',#3890,#3882,#3892,.T.);
#3890 = VERTEX_POINT('',#3891);
#3891 = CARTESIAN_POINT('',(10.5,9.5,3.));
#3892 = CIRCLE('',#3893,1.);
#3893 = AXIS2_PLACEMENT_3D('',#3894,#3895,#3896);
#3894 = CARTESIAN_POINT('',(9.5,9.499999673205,3.));
#3895 = DIRECTION('',(0.,0.,1.));
#3896 = DIRECTION('',(1.,0.,0.));
#3897 = ORIENTED_EDGE('',*,*,#3898,.F.);
#3898 = EDGE_CURVE('',#3899,#3890,#3901,.T.);
#3899 = VERTEX_POINT('',#3900);
#3900 = CARTESIAN_POINT('',(10.5,84.000000326795,3.));
#3901 = LINE('',#3902,#3903);
#3902 = CARTESIAN_POINT('',(10.5,84.000000326795,3.));
#3903 = VECTOR('',#3904,1.);
#3904 = DIRECTION('',(0.,-1.,0.));
#3905 = ORIENTED_EDGE('',*,*,#3906,.T.);
#3906 = EDGE_CURVE('',#3899,#3907,#3909,.T.);
#3907 = VERTEX_POINT('',#3908);
#3908 = CARTESIAN_POINT('',(9.5,85.,3.));
#3909 = CIRCLE('',#3910,1.);
#3910 = AXIS2_PLACEMENT_3D('',#3911,#3912,#3913);
#3911 = CARTESIAN_POINT('',(9.5,84.,3.));
#3912 = DIRECTION('',(0.,0.,1.));
#3913 = DIRECTION('',(1.,0.,0.));
#3914 = ORIENTED_EDGE('',*,*,#3915,.F.);
#3915 = EDGE_CURVE('',#3857,#3907,#3916,.T.);
#3916 = LINE('',#3917,#3918);
#3917 = CARTESIAN_POINT('',(5.000000000052,85.,3.));
#3918 = VECTOR('',#3919,1.);
#3919 = DIRECTION('',(1.,0.,0.));
#3920 = ORIENTED_EDGE('',*,*,#3864,.F.);
#3921 = PLANE('',#3922);
#3922 = AXIS2_PLACEMENT_3D('',#3923,#3924,#3925);
#3923 = CARTESIAN_POINT('',(119.8683658578,59.51905759359,3.));
#3924 = DIRECTION('',(0.,0.,1.));
#3925 = DIRECTION('',(1.,0.,0.));
#3926 = ADVANCED_FACE('',(#3927),#3946,.F.);
#3927 = FACE_BOUND('',#3928,.T.);
#3928 = EDGE_LOOP('',(#3929,#3930,#3939,#3945));
#3929 = ORIENTED_EDGE('',*,*,#2476,.T.);
#3930 = ORIENTED_EDGE('',*,*,#3931,.T.);
#3931 = EDGE_CURVE('',#2469,#3932,#3934,.T.);
#3932 = VERTEX_POINT('',#3933);
#3933 = CARTESIAN_POINT('',(6.000000000001,3.,7.5));
#3934 = CIRCLE('',#3935,3.);
#3935 = AXIS2_PLACEMENT_3D('',#3936,#3937,#3938);
#3936 = CARTESIAN_POINT('',(6.,6.,7.5));
#3937 = DIRECTION('',(0.,0.,1.));
#3938 = DIRECTION('',(-1.,-1.655061E-11,0.));
#3939 = ORIENTED_EDGE('',*,*,#3940,.F.);
#3940 = EDGE_CURVE('',#3473,#3932,#3941,.T.);
#3941 = LINE('',#3942,#3943);
#3942 = CARTESIAN_POINT('',(6.000000000001,3.,5.));
#3943 = VECTOR('',#3944,1.);
#3944 = DIRECTION('',(0.,0.,1.));
#3945 = ORIENTED_EDGE('',*,*,#3472,.F.);
#3946 = CYLINDRICAL_SURFACE('',#3947,3.);
#3947 = AXIS2_PLACEMENT_3D('',#3948,#3949,#3950);
#3948 = CARTESIAN_POINT('',(6.,6.,5.));
#3949 = DIRECTION('',(-0.,-0.,-1.));
#3950 = DIRECTION('',(1.,0.,0.));
#3951 = ADVANCED_FACE('',(#3952),#3979,.T.);
#3952 = FACE_BOUND('',#3953,.F.);
#3953 = EDGE_LOOP('',(#3954,#3963,#3964,#3973));
#3954 = ORIENTED_EDGE('',*,*,#3955,.T.);
#3955 = EDGE_CURVE('',#3956,#2461,#3958,.T.);
#3956 = VERTEX_POINT('',#3957);
#3957 = CARTESIAN_POINT('',(2.5,123.30000000005,8.));
#3958 = CIRCLE('',#3959,0.5);
#3959 = AXIS2_PLACEMENT_3D('',#3960,#3961,#3962);
#3960 = CARTESIAN_POINT('',(2.5,123.30000000005,7.5));
#3961 = DIRECTION('',(0.,1.,0.));
#3962 = DIRECTION('',(0.,0.,1.));
#3963 = ORIENTED_EDGE('',*,*,#2468,.T.);
#3964 = ORIENTED_EDGE('',*,*,#3965,.F.);
#3965 = EDGE_CURVE('',#3966,#2469,#3968,.T.);
#3966 = VERTEX_POINT('',#3967);
#3967 = CARTESIAN_POINT('',(2.5,5.99999999995,8.));
#3968 = CIRCLE('',#3969,0.5);
#3969 = AXIS2_PLACEMENT_3D('',#3970,#3971,#3972);
#3970 = CARTESIAN_POINT('',(2.5,5.99999999995,7.5));
#3971 = DIRECTION('',(0.,1.,0.));
#3972 = DIRECTION('',(0.,0.,1.));
#3973 = ORIENTED_EDGE('',*,*,#3974,.F.);
#3974 = EDGE_CURVE('',#3956,#3966,#3975,.T.);
#3975 = LINE('',#3976,#3977);
#3976 = CARTESIAN_POINT('',(2.5,123.30000000005,8.));
#3977 = VECTOR('',#3978,1.);
#3978 = DIRECTION('',(0.,-1.,0.));
#3979 = CYLINDRICAL_SURFACE('',#3980,0.5);
#3980 = AXIS2_PLACEMENT_3D('',#3981,#3982,#3983);
#3981 = CARTESIAN_POINT('',(2.5,123.30000000005,7.5));
#3982 = DIRECTION('',(0.,-1.,0.));
#3983 = DIRECTION('',(0.,0.,1.));
#3984 = ADVANCED_FACE('',(#3985),#4003,.F.);
#3985 = FACE_BOUND('',#3986,.T.);
#3986 = EDGE_LOOP('',(#3987,#3988,#3995,#3996));
#3987 = ORIENTED_EDGE('',*,*,#2939,.T.);
#3988 = ORIENTED_EDGE('',*,*,#3989,.T.);
#3989 = EDGE_CURVE('',#2932,#2461,#3990,.T.);
#3990 = CIRCLE('',#3991,3.);
#3991 = AXIS2_PLACEMENT_3D('',#3992,#3993,#3994);
#3992 = CARTESIAN_POINT('',(6.000000000006,123.3,7.5));
#3993 = DIRECTION('',(0.,-0.,1.));
#3994 = DIRECTION('',(9.77E-14,1.,0.));
#3995 = ORIENTED_EDGE('',*,*,#2460,.F.);
#3996 = ORIENTED_EDGE('',*,*,#3997,.F.);
#3997 = EDGE_CURVE('',#2866,#2453,#3998,.T.);
#3998 = CIRCLE('',#3999,3.);
#3999 = AXIS2_PLACEMENT_3D('',#4000,#4001,#4002);
#4000 = CARTESIAN_POINT('',(6.000000000006,123.3,5.));
#4001 = DIRECTION('',(0.,0.,1.));
#4002 = DIRECTION('',(1.,0.,0.));
#4003 = CYLINDRICAL_SURFACE('',#4004,3.);
#4004 = AXIS2_PLACEMENT_3D('',#4005,#4006,#4007);
#4005 = CARTESIAN_POINT('',(6.000000000006,123.3,5.));
#4006 = DIRECTION('',(-0.,-0.,-1.));
#4007 = DIRECTION('',(1.,0.,0.));
#4008 = ADVANCED_FACE('',(#4009),#4089,.T.);
#4009 = FACE_BOUND('',#4010,.T.);
#4010 = EDGE_LOOP('',(#4011,#4021,#4028,#4029,#4030,#4031,#4040,#4048,
    #4057,#4065,#4074,#4082));
#4011 = ORIENTED_EDGE('',*,*,#4012,.F.);
#4012 = EDGE_CURVE('',#4013,#4015,#4017,.T.);
#4013 = VERTEX_POINT('',#4014);
#4014 = CARTESIAN_POINT('',(13.,125.3,5.));
#4015 = VERTEX_POINT('',#4016);
#4016 = CARTESIAN_POINT('',(13.,125.1,5.));
#4017 = LINE('',#4018,#4019);
#4018 = CARTESIAN_POINT('',(13.,126.3,5.));
#4019 = VECTOR('',#4020,1.);
#4020 = DIRECTION('',(0.,-1.,0.));
#4021 = ORIENTED_EDGE('',*,*,#4022,.F.);
#4022 = EDGE_CURVE('',#2868,#4013,#4023,.T.);
#4023 = CIRCLE('',#4024,1.);
#4024 = AXIS2_PLACEMENT_3D('',#4025,#4026,#4027);
#4025 = CARTESIAN_POINT('',(14.,125.3,5.));
#4026 = DIRECTION('',(0.,-0.,1.));
#4027 = DIRECTION('',(0.,1.,0.));
#4028 = ORIENTED_EDGE('',*,*,#2865,.F.);
#4029 = ORIENTED_EDGE('',*,*,#3997,.T.);
#4030 = ORIENTED_EDGE('',*,*,#2452,.T.);
#4031 = ORIENTED_EDGE('',*,*,#4032,.F.);
#4032 = EDGE_CURVE('',#4033,#2445,#4035,.T.);
#4033 = VERTEX_POINT('',#4034);
#4034 = CARTESIAN_POINT('',(4.,116.3,5.));
#4035 = CIRCLE('',#4036,1.);
#4036 = AXIS2_PLACEMENT_3D('',#4037,#4038,#4039);
#4037 = CARTESIAN_POINT('',(4.,115.3,5.));
#4038 = DIRECTION('',(0.,-0.,1.));
#4039 = DIRECTION('',(0.,1.,0.));
#4040 = ORIENTED_EDGE('',*,*,#4041,.F.);
#4041 = EDGE_CURVE('',#4042,#4033,#4044,.T.);
#4042 = VERTEX_POINT('',#4043);
#4043 = CARTESIAN_POINT('',(4.2,116.3,5.));
#4044 = LINE('',#4045,#4046);
#4045 = CARTESIAN_POINT('',(5.,116.3,5.));
#4046 = VECTOR('',#4047,1.);
#4047 = DIRECTION('',(-1.,0.,0.));
#4048 = ORIENTED_EDGE('',*,*,#4049,.F.);
#4049 = EDGE_CURVE('',#4050,#4042,#4052,.T.);
#4050 = VERTEX_POINT('',#4051);
#4051 = CARTESIAN_POINT('',(5.,117.1,5.));
#4052 = CIRCLE('',#4053,0.8);
#4053 = AXIS2_PLACEMENT_3D('',#4054,#4055,#4056);
#4054 = CARTESIAN_POINT('',(4.2,117.1,5.));
#4055 = DIRECTION('',(0.,0.,-1.));
#4056 = DIRECTION('',(0.,1.,0.));
#4057 = ORIENTED_EDGE('',*,*,#4058,.F.);
#4058 = EDGE_CURVE('',#4059,#4050,#4061,.T.);
#4059 = VERTEX_POINT('',#4060);
#4060 = CARTESIAN_POINT('',(5.,123.3,5.));
#4061 = LINE('',#4062,#4063);
#4062 = CARTESIAN_POINT('',(5.,123.3,5.));
#4063 = VECTOR('',#4064,1.);
#4064 = DIRECTION('',(0.,-1.,0.));
#4065 = ORIENTED_EDGE('',*,*,#4066,.F.);
#4066 = EDGE_CURVE('',#4067,#4059,#4069,.T.);
#4067 = VERTEX_POINT('',#4068);
#4068 = CARTESIAN_POINT('',(6.,124.3,5.));
#4069 = CIRCLE('',#4070,1.);
#4070 = AXIS2_PLACEMENT_3D('',#4071,#4072,#4073);
#4071 = CARTESIAN_POINT('',(6.,123.3,5.));
#4072 = DIRECTION('',(0.,0.,1.));
#4073 = DIRECTION('',(1.,0.,0.));
#4074 = ORIENTED_EDGE('',*,*,#4075,.F.);
#4075 = EDGE_CURVE('',#4076,#4067,#4078,.T.);
#4076 = VERTEX_POINT('',#4077);
#4077 = CARTESIAN_POINT('',(12.2,124.3,5.));
#4078 = LINE('',#4079,#4080);
#4079 = CARTESIAN_POINT('',(353.8,124.3,5.));
#4080 = VECTOR('',#4081,1.);
#4081 = DIRECTION('',(-1.,0.,0.));
#4082 = ORIENTED_EDGE('',*,*,#4083,.F.);
#4083 = EDGE_CURVE('',#4015,#4076,#4084,.T.);
#4084 = CIRCLE('',#4085,0.8);
#4085 = AXIS2_PLACEMENT_3D('',#4086,#4087,#4088);
#4086 = CARTESIAN_POINT('',(12.2,125.1,5.));
#4087 = DIRECTION('',(0.,0.,-1.));
#4088 = DIRECTION('',(0.,1.,0.));
#4089 = PLANE('',#4090);
#4090 = AXIS2_PLACEMENT_3D('',#4091,#4092,#4093);
#4091 = CARTESIAN_POINT('',(179.9,64.65,5.));
#4092 = DIRECTION('',(0.,0.,1.));
#4093 = DIRECTION('',(1.,0.,0.));
#4094 = ADVANCED_FACE('',(#4095),#4122,.T.);
#4095 = FACE_BOUND('',#4096,.T.);
#4096 = EDGE_LOOP('',(#4097,#4106,#4114,#4121));
#4097 = ORIENTED_EDGE('',*,*,#4098,.T.);
#4098 = EDGE_CURVE('',#2413,#4099,#4101,.T.);
#4099 = VERTEX_POINT('',#4100);
#4100 = CARTESIAN_POINT('',(2.5,6.,-3.));
#4101 = CIRCLE('',#4102,0.5);
#4102 = AXIS2_PLACEMENT_3D('',#4103,#4104,#4105);
#4103 = CARTESIAN_POINT('',(2.5,6.,-2.5));
#4104 = DIRECTION('',(-2.1E-16,1.,0.));
#4105 = DIRECTION('',(-1.,-2.1E-16,0.));
#4106 = ORIENTED_EDGE('',*,*,#4107,.T.);
#4107 = EDGE_CURVE('',#4099,#4108,#4110,.T.);
#4108 = VERTEX_POINT('',#4109);
#4109 = CARTESIAN_POINT('',(2.5,123.3,-3.));
#4110 = LINE('',#4111,#4112);
#4111 = CARTESIAN_POINT('',(2.5,6.,-3.));
#4112 = VECTOR('',#4113,1.);
#4113 = DIRECTION('',(0.,1.,0.));
#4114 = ORIENTED_EDGE('',*,*,#4115,.F.);
#4115 = EDGE_CURVE('',#2421,#4108,#4116,.T.);
#4116 = CIRCLE('',#4117,0.5);
#4117 = AXIS2_PLACEMENT_3D('',#4118,#4119,#4120);
#4118 = CARTESIAN_POINT('',(2.5,123.3,-2.5));
#4119 = DIRECTION('',(0.,1.,-0.));
#4120 = DIRECTION('',(-1.,0.,0.));
#4121 = ORIENTED_EDGE('',*,*,#2420,.F.);
#4122 = CYLINDRICAL_SURFACE('',#4123,0.5);
#4123 = AXIS2_PLACEMENT_3D('',#4124,#4125,#4126);
#4124 = CARTESIAN_POINT('',(2.5,6.,-2.5));
#4125 = DIRECTION('',(0.,1.,0.));
#4126 = DIRECTION('',(1.,0.,0.));
#4127 = ADVANCED_FACE('',(#4128),#4146,.F.);
#4128 = FACE_BOUND('',#4129,.T.);
#4129 = EDGE_LOOP('',(#4130,#4131,#4138,#4139));
#4130 = ORIENTED_EDGE('',*,*,#2428,.T.);
#4131 = ORIENTED_EDGE('',*,*,#4132,.T.);
#4132 = EDGE_CURVE('',#2421,#2892,#4133,.T.);
#4133 = CIRCLE('',#4134,3.);
#4134 = AXIS2_PLACEMENT_3D('',#4135,#4136,#4137);
#4135 = CARTESIAN_POINT('',(6.,123.3,-2.5));
#4136 = DIRECTION('',(0.,0.,-1.));
#4137 = DIRECTION('',(-1.,0.,0.));
#4138 = ORIENTED_EDGE('',*,*,#2891,.F.);
#4139 = ORIENTED_EDGE('',*,*,#4140,.F.);
#4140 = EDGE_CURVE('',#2429,#2884,#4141,.T.);
#4141 = CIRCLE('',#4142,3.);
#4142 = AXIS2_PLACEMENT_3D('',#4143,#4144,#4145);
#4143 = CARTESIAN_POINT('',(6.,123.3,0.));
#4144 = DIRECTION('',(0.,0.,-1.));
#4145 = DIRECTION('',(1.,0.,0.));
#4146 = CYLINDRICAL_SURFACE('',#4147,3.);
#4147 = AXIS2_PLACEMENT_3D('',#4148,#4149,#4150);
#4148 = CARTESIAN_POINT('',(6.,123.3,0.));
#4149 = DIRECTION('',(0.,0.,1.));
#4150 = DIRECTION('',(1.,0.,0.));
#4151 = ADVANCED_FACE('',(#4152),#4171,.F.);
#4152 = FACE_BOUND('',#4153,.T.);
#4153 = EDGE_LOOP('',(#4154,#4155,#4156,#4165));
#4154 = ORIENTED_EDGE('',*,*,#4032,.T.);
#4155 = ORIENTED_EDGE('',*,*,#2444,.T.);
#4156 = ORIENTED_EDGE('',*,*,#4157,.F.);
#4157 = EDGE_CURVE('',#4158,#2437,#4160,.T.);
#4158 = VERTEX_POINT('',#4159);
#4159 = CARTESIAN_POINT('',(4.,116.3,0.));
#4160 = CIRCLE('',#4161,1.);
#4161 = AXIS2_PLACEMENT_3D('',#4162,#4163,#4164);
#4162 = CARTESIAN_POINT('',(4.,115.3,0.));
#4163 = DIRECTION('',(0.,-0.,1.));
#4164 = DIRECTION('',(0.,1.,0.));
#4165 = ORIENTED_EDGE('',*,*,#4166,.F.);
#4166 = EDGE_CURVE('',#4033,#4158,#4167,.T.);
#4167 = LINE('',#4168,#4169);
#4168 = CARTESIAN_POINT('',(4.,116.3,5.));
#4169 = VECTOR('',#4170,1.);
#4170 = DIRECTION('',(-0.,-0.,-1.));
#4171 = CYLINDRICAL_SURFACE('',#4172,1.);
#4172 = AXIS2_PLACEMENT_3D('',#4173,#4174,#4175);
#4173 = CARTESIAN_POINT('',(4.,115.3,5.));
#4174 = DIRECTION('',(-0.,-0.,-1.));
#4175 = DIRECTION('',(0.,1.,0.));
#4176 = ADVANCED_FACE('',(#4177),#4249,.F.);
#4177 = FACE_BOUND('',#4178,.F.);
#4178 = EDGE_LOOP('',(#4179,#4189,#4196,#4197,#4198,#4199,#4200,#4208,
    #4217,#4225,#4234,#4242));
#4179 = ORIENTED_EDGE('',*,*,#4180,.F.);
#4180 = EDGE_CURVE('',#4181,#4183,#4185,.T.);
#4181 = VERTEX_POINT('',#4182);
#4182 = CARTESIAN_POINT('',(13.,125.3,0.));
#4183 = VERTEX_POINT('',#4184);
#4184 = CARTESIAN_POINT('',(13.,125.1,0.));
#4185 = LINE('',#4186,#4187);
#4186 = CARTESIAN_POINT('',(13.,126.3,0.));
#4187 = VECTOR('',#4188,1.);
#4188 = DIRECTION('',(0.,-1.,0.));
#4189 = ORIENTED_EDGE('',*,*,#4190,.F.);
#4190 = EDGE_CURVE('',#2876,#4181,#4191,.T.);
#4191 = CIRCLE('',#4192,1.);
#4192 = AXIS2_PLACEMENT_3D('',#4193,#4194,#4195);
#4193 = CARTESIAN_POINT('',(14.,125.3,0.));
#4194 = DIRECTION('',(0.,-0.,1.));
#4195 = DIRECTION('',(0.,1.,0.));
#4196 = ORIENTED_EDGE('',*,*,#2883,.F.);
#4197 = ORIENTED_EDGE('',*,*,#4140,.F.);
#4198 = ORIENTED_EDGE('',*,*,#2436,.T.);
#4199 = ORIENTED_EDGE('',*,*,#4157,.F.);
#4200 = ORIENTED_EDGE('',*,*,#4201,.F.);
#4201 = EDGE_CURVE('',#4202,#4158,#4204,.T.);
#4202 = VERTEX_POINT('',#4203);
#4203 = CARTESIAN_POINT('',(4.2,116.3,0.));
#4204 = LINE('',#4205,#4206);
#4205 = CARTESIAN_POINT('',(5.,116.3,0.));
#4206 = VECTOR('',#4207,1.);
#4207 = DIRECTION('',(-1.,0.,0.));
#4208 = ORIENTED_EDGE('',*,*,#4209,.F.);
#4209 = EDGE_CURVE('',#4210,#4202,#4212,.T.);
#4210 = VERTEX_POINT('',#4211);
#4211 = CARTESIAN_POINT('',(5.,117.1,0.));
#4212 = CIRCLE('',#4213,0.8);
#4213 = AXIS2_PLACEMENT_3D('',#4214,#4215,#4216);
#4214 = CARTESIAN_POINT('',(4.2,117.1,0.));
#4215 = DIRECTION('',(0.,0.,-1.));
#4216 = DIRECTION('',(0.,1.,0.));
#4217 = ORIENTED_EDGE('',*,*,#4218,.F.);
#4218 = EDGE_CURVE('',#4219,#4210,#4221,.T.);
#4219 = VERTEX_POINT('',#4220);
#4220 = CARTESIAN_POINT('',(5.,123.3,0.));
#4221 = LINE('',#4222,#4223);
#4222 = CARTESIAN_POINT('',(5.,123.3,0.));
#4223 = VECTOR('',#4224,1.);
#4224 = DIRECTION('',(0.,-1.,0.));
#4225 = ORIENTED_EDGE('',*,*,#4226,.F.);
#4226 = EDGE_CURVE('',#4227,#4219,#4229,.T.);
#4227 = VERTEX_POINT('',#4228);
#4228 = CARTESIAN_POINT('',(6.,124.3,0.));
#4229 = CIRCLE('',#4230,1.);
#4230 = AXIS2_PLACEMENT_3D('',#4231,#4232,#4233);
#4231 = CARTESIAN_POINT('',(6.,123.3,0.));
#4232 = DIRECTION('',(0.,0.,1.));
#4233 = DIRECTION('',(1.,0.,0.));
#4234 = ORIENTED_EDGE('',*,*,#4235,.F.);
#4235 = EDGE_CURVE('',#4236,#4227,#4238,.T.);
#4236 = VERTEX_POINT('',#4237);
#4237 = CARTESIAN_POINT('',(12.2,124.3,0.));
#4238 = LINE('',#4239,#4240);
#4239 = CARTESIAN_POINT('',(353.8,124.3,0.));
#4240 = VECTOR('',#4241,1.);
#4241 = DIRECTION('',(-1.,0.,0.));
#4242 = ORIENTED_EDGE('',*,*,#4243,.F.);
#4243 = EDGE_CURVE('',#4183,#4236,#4244,.T.);
#4244 = CIRCLE('',#4245,0.8);
#4245 = AXIS2_PLACEMENT_3D('',#4246,#4247,#4248);
#4246 = CARTESIAN_POINT('',(12.2,125.1,0.));
#4247 = DIRECTION('',(0.,0.,-1.));
#4248 = DIRECTION('',(0.,1.,0.));
#4249 = PLANE('',#4250);
#4250 = AXIS2_PLACEMENT_3D('',#4251,#4252,#4253);
#4251 = CARTESIAN_POINT('',(179.9,64.65,0.));
#4252 = DIRECTION('',(0.,0.,1.));
#4253 = DIRECTION('',(1.,0.,0.));
#4254 = ADVANCED_FACE('',(#4255),#4281,.F.);
#4255 = FACE_BOUND('',#4256,.F.);
#4256 = EDGE_LOOP('',(#4257,#4265,#4274,#4280));
#4257 = ORIENTED_EDGE('',*,*,#4258,.F.);
#4258 = EDGE_CURVE('',#4259,#2487,#4261,.T.);
#4259 = VERTEX_POINT('',#4260);
#4260 = CARTESIAN_POINT('',(1.5,101.1,3.8));
#4261 = LINE('',#4262,#4263);
#4262 = CARTESIAN_POINT('',(1.,101.1,3.8));
#4263 = VECTOR('',#4264,1.);
#4264 = DIRECTION('',(1.,0.,0.));
#4265 = ORIENTED_EDGE('',*,*,#4266,.F.);
#4266 = EDGE_CURVE('',#4267,#4259,#4269,.T.);
#4267 = VERTEX_POINT('',#4268);
#4268 = CARTESIAN_POINT('',(1.5,100.1,2.8));
#4269 = CIRCLE('',#4270,1.);
#4270 = AXIS2_PLACEMENT_3D('',#4271,#4272,#4273);
#4271 = CARTESIAN_POINT('',(1.5,101.1,2.8));
#4272 = DIRECTION('',(-1.,0.,0.));
#4273 = DIRECTION('',(0.,-1.,0.));
#4274 = ORIENTED_EDGE('',*,*,#4275,.T.);
#4275 = EDGE_CURVE('',#4267,#2485,#4276,.T.);
#4276 = LINE('',#4277,#4278);
#4277 = CARTESIAN_POINT('',(1.,100.1,2.8));
#4278 = VECTOR('',#4279,1.);
#4279 = DIRECTION('',(1.,0.,0.));
#4280 = ORIENTED_EDGE('',*,*,#2484,.T.);
#4281 = CYLINDRICAL_SURFACE('',#4282,1.);
#4282 = AXIS2_PLACEMENT_3D('',#4283,#4284,#4285);
#4283 = CARTESIAN_POINT('',(1.,101.1,2.8));
#4284 = DIRECTION('',(-1.,0.,0.));
#4285 = DIRECTION('',(0.,-1.,0.));
#4286 = ADVANCED_FACE('',(#4287),#4305,.F.);
#4287 = FACE_BOUND('',#4288,.F.);
#4288 = EDGE_LOOP('',(#4289,#4297,#4303,#4304));
#4289 = ORIENTED_EDGE('',*,*,#4290,.F.);
#4290 = EDGE_CURVE('',#4291,#2496,#4293,.T.);
#4291 = VERTEX_POINT('',#4292);
#4292 = CARTESIAN_POINT('',(1.5,107.5,3.8));
#4293 = LINE('',#4294,#4295);
#4294 = CARTESIAN_POINT('',(1.,107.5,3.8));
#4295 = VECTOR('',#4296,1.);
#4296 = DIRECTION('',(1.,0.,0.));
#4297 = ORIENTED_EDGE('',*,*,#4298,.F.);
#4298 = EDGE_CURVE('',#4259,#4291,#4299,.T.);
#4299 = LINE('',#4300,#4301);
#4300 = CARTESIAN_POINT('',(1.5,101.1,3.8));
#4301 = VECTOR('',#4302,1.);
#4302 = DIRECTION('',(0.,1.,0.));
#4303 = ORIENTED_EDGE('',*,*,#4258,.T.);
#4304 = ORIENTED_EDGE('',*,*,#2495,.F.);
#4305 = PLANE('',#4306);
#4306 = AXIS2_PLACEMENT_3D('',#4307,#4308,#4309);
#4307 = CARTESIAN_POINT('',(1.,101.1,3.8));
#4308 = DIRECTION('',(0.,0.,1.));
#4309 = DIRECTION('',(0.,1.,0.));
#4310 = ADVANCED_FACE('',(#4311),#4330,.F.);
#4311 = FACE_BOUND('',#4312,.F.);
#4312 = EDGE_LOOP('',(#4313,#4321,#4328,#4329));
#4313 = ORIENTED_EDGE('',*,*,#4314,.F.);
#4314 = EDGE_CURVE('',#4315,#2504,#4317,.T.);
#4315 = VERTEX_POINT('',#4316);
#4316 = CARTESIAN_POINT('',(1.5,108.5,2.8));
#4317 = LINE('',#4318,#4319);
#4318 = CARTESIAN_POINT('',(1.,108.5,2.8));
#4319 = VECTOR('',#4320,1.);
#4320 = DIRECTION('',(1.,0.,0.));
#4321 = ORIENTED_EDGE('',*,*,#4322,.F.);
#4322 = EDGE_CURVE('',#4291,#4315,#4323,.T.);
#4323 = CIRCLE('',#4324,1.);
#4324 = AXIS2_PLACEMENT_3D('',#4325,#4326,#4327);
#4325 = CARTESIAN_POINT('',(1.5,107.5,2.8));
#4326 = DIRECTION('',(-1.,0.,0.));
#4327 = DIRECTION('',(0.,0.,1.));
#4328 = ORIENTED_EDGE('',*,*,#4290,.T.);
#4329 = ORIENTED_EDGE('',*,*,#2503,.T.);
#4330 = CYLINDRICAL_SURFACE('',#4331,1.);
#4331 = AXIS2_PLACEMENT_3D('',#4332,#4333,#4334);
#4332 = CARTESIAN_POINT('',(1.,107.5,2.8));
#4333 = DIRECTION('',(-1.,0.,0.));
#4334 = DIRECTION('',(0.,-1.,0.));
#4335 = ADVANCED_FACE('',(#4336),#4354,.F.);
#4336 = FACE_BOUND('',#4337,.F.);
#4337 = EDGE_LOOP('',(#4338,#4346,#4352,#4353));
#4338 = ORIENTED_EDGE('',*,*,#4339,.F.);
#4339 = EDGE_CURVE('',#4340,#2513,#4342,.T.);
#4340 = VERTEX_POINT('',#4341);
#4341 = CARTESIAN_POINT('',(1.5,108.5,2.2));
#4342 = LINE('',#4343,#4344);
#4343 = CARTESIAN_POINT('',(1.,108.5,2.2));
#4344 = VECTOR('',#4345,1.);
#4345 = DIRECTION('',(1.,0.,0.));
#4346 = ORIENTED_EDGE('',*,*,#4347,.F.);
#4347 = EDGE_CURVE('',#4315,#4340,#4348,.T.);
#4348 = LINE('',#4349,#4350);
#4349 = CARTESIAN_POINT('',(1.5,108.5,2.8));
#4350 = VECTOR('',#4351,1.);
#4351 = DIRECTION('',(0.,0.,-1.));
#4352 = ORIENTED_EDGE('',*,*,#4314,.T.);
#4353 = ORIENTED_EDGE('',*,*,#2512,.F.);
#4354 = PLANE('',#4355);
#4355 = AXIS2_PLACEMENT_3D('',#4356,#4357,#4358);
#4356 = CARTESIAN_POINT('',(1.,108.5,2.8));
#4357 = DIRECTION('',(0.,1.,0.));
#4358 = DIRECTION('',(0.,0.,-1.));
#4359 = ADVANCED_FACE('',(#4360),#4379,.F.);
#4360 = FACE_BOUND('',#4361,.F.);
#4361 = EDGE_LOOP('',(#4362,#4370,#4377,#4378));
#4362 = ORIENTED_EDGE('',*,*,#4363,.F.);
#4363 = EDGE_CURVE('',#4364,#2521,#4366,.T.);
#4364 = VERTEX_POINT('',#4365);
#4365 = CARTESIAN_POINT('',(1.5,107.5,1.2));
#4366 = LINE('',#4367,#4368);
#4367 = CARTESIAN_POINT('',(1.,107.5,1.2));
#4368 = VECTOR('',#4369,1.);
#4369 = DIRECTION('',(1.,0.,0.));
#4370 = ORIENTED_EDGE('',*,*,#4371,.F.);
#4371 = EDGE_CURVE('',#4340,#4364,#4372,.T.);
#4372 = CIRCLE('',#4373,1.);
#4373 = AXIS2_PLACEMENT_3D('',#4374,#4375,#4376);
#4374 = CARTESIAN_POINT('',(1.5,107.5,2.2));
#4375 = DIRECTION('',(-1.,0.,0.));
#4376 = DIRECTION('',(0.,1.,0.));
#4377 = ORIENTED_EDGE('',*,*,#4339,.T.);
#4378 = ORIENTED_EDGE('',*,*,#2520,.T.);
#4379 = CYLINDRICAL_SURFACE('',#4380,1.);
#4380 = AXIS2_PLACEMENT_3D('',#4381,#4382,#4383);
#4381 = CARTESIAN_POINT('',(1.,107.5,2.2));
#4382 = DIRECTION('',(-1.,0.,0.));
#4383 = DIRECTION('',(0.,-1.,0.));
#4384 = ADVANCED_FACE('',(#4385),#4403,.F.);
#4385 = FACE_BOUND('',#4386,.F.);
#4386 = EDGE_LOOP('',(#4387,#4395,#4401,#4402));
#4387 = ORIENTED_EDGE('',*,*,#4388,.F.);
#4388 = EDGE_CURVE('',#4389,#2530,#4391,.T.);
#4389 = VERTEX_POINT('',#4390);
#4390 = CARTESIAN_POINT('',(1.5,101.1,1.2));
#4391 = LINE('',#4392,#4393);
#4392 = CARTESIAN_POINT('',(1.,101.1,1.2));
#4393 = VECTOR('',#4394,1.);
#4394 = DIRECTION('',(1.,0.,0.));
#4395 = ORIENTED_EDGE('',*,*,#4396,.F.);
#4396 = EDGE_CURVE('',#4364,#4389,#4397,.T.);
#4397 = LINE('',#4398,#4399);
#4398 = CARTESIAN_POINT('',(1.5,107.5,1.2));
#4399 = VECTOR('',#4400,1.);
#4400 = DIRECTION('',(0.,-1.,0.));
#4401 = ORIENTED_EDGE('',*,*,#4363,.T.);
#4402 = ORIENTED_EDGE('',*,*,#2529,.F.);
#4403 = PLANE('',#4404);
#4404 = AXIS2_PLACEMENT_3D('',#4405,#4406,#4407);
#4405 = CARTESIAN_POINT('',(1.,107.5,1.2));
#4406 = DIRECTION('',(0.,0.,-1.));
#4407 = DIRECTION('',(0.,-1.,0.));
#4408 = ADVANCED_FACE('',(#4409),#4428,.F.);
#4409 = FACE_BOUND('',#4410,.F.);
#4410 = EDGE_LOOP('',(#4411,#4419,#4426,#4427));
#4411 = ORIENTED_EDGE('',*,*,#4412,.F.);
#4412 = EDGE_CURVE('',#4413,#2538,#4415,.T.);
#4413 = VERTEX_POINT('',#4414);
#4414 = CARTESIAN_POINT('',(1.5,100.1,2.2));
#4415 = LINE('',#4416,#4417);
#4416 = CARTESIAN_POINT('',(1.,100.1,2.2));
#4417 = VECTOR('',#4418,1.);
#4418 = DIRECTION('',(1.,0.,0.));
#4419 = ORIENTED_EDGE('',*,*,#4420,.F.);
#4420 = EDGE_CURVE('',#4389,#4413,#4421,.T.);
#4421 = CIRCLE('',#4422,1.);
#4422 = AXIS2_PLACEMENT_3D('',#4423,#4424,#4425);
#4423 = CARTESIAN_POINT('',(1.5,101.1,2.2));
#4424 = DIRECTION('',(-1.,-0.,-0.));
#4425 = DIRECTION('',(0.,0.,-1.));
#4426 = ORIENTED_EDGE('',*,*,#4388,.T.);
#4427 = ORIENTED_EDGE('',*,*,#2537,.T.);
#4428 = CYLINDRICAL_SURFACE('',#4429,1.);
#4429 = AXIS2_PLACEMENT_3D('',#4430,#4431,#4432);
#4430 = CARTESIAN_POINT('',(1.,101.1,2.2));
#4431 = DIRECTION('',(-1.,0.,0.));
#4432 = DIRECTION('',(0.,-1.,0.));
#4433 = ADVANCED_FACE('',(#4434),#4445,.F.);
#4434 = FACE_BOUND('',#4435,.F.);
#4435 = EDGE_LOOP('',(#4436,#4437,#4443,#4444));
#4436 = ORIENTED_EDGE('',*,*,#4275,.F.);
#4437 = ORIENTED_EDGE('',*,*,#4438,.F.);
#4438 = EDGE_CURVE('',#4413,#4267,#4439,.T.);
#4439 = LINE('',#4440,#4441);
#4440 = CARTESIAN_POINT('',(1.5,100.1,2.2));
#4441 = VECTOR('',#4442,1.);
#4442 = DIRECTION('',(0.,0.,1.));
#4443 = ORIENTED_EDGE('',*,*,#4412,.T.);
#4444 = ORIENTED_EDGE('',*,*,#2546,.F.);
#4445 = PLANE('',#4446);
#4446 = AXIS2_PLACEMENT_3D('',#4447,#4448,#4449);
#4447 = CARTESIAN_POINT('',(1.,100.1,2.2));
#4448 = DIRECTION('',(0.,-1.,0.));
#4449 = DIRECTION('',(0.,0.,1.));
#4450 = ADVANCED_FACE('',(#4451),#4470,.F.);
#4451 = FACE_BOUND('',#4452,.F.);
#4452 = EDGE_LOOP('',(#4453,#4461,#4468,#4469));
#4453 = ORIENTED_EDGE('',*,*,#4454,.F.);
#4454 = EDGE_CURVE('',#4455,#2555,#4457,.T.);
#4455 = VERTEX_POINT('',#4456);
#4456 = CARTESIAN_POINT('',(1.,94.8,2.5));
#4457 = LINE('',#4458,#4459);
#4458 = CARTESIAN_POINT('',(1.,94.8,2.5));
#4459 = VECTOR('',#4460,1.);
#4460 = DIRECTION('',(1.,0.,0.));
#4461 = ORIENTED_EDGE('',*,*,#4462,.F.);
#4462 = EDGE_CURVE('',#4455,#4455,#4463,.T.);
#4463 = CIRCLE('',#4464,0.5);
#4464 = AXIS2_PLACEMENT_3D('',#4465,#4466,#4467);
#4465 = CARTESIAN_POINT('',(1.,95.3,2.5));
#4466 = DIRECTION('',(-1.,0.,0.));
#4467 = DIRECTION('',(0.,-1.,0.));
#4468 = ORIENTED_EDGE('',*,*,#4454,.T.);
#4469 = ORIENTED_EDGE('',*,*,#2554,.T.);
#4470 = CYLINDRICAL_SURFACE('',#4471,0.5);
#4471 = AXIS2_PLACEMENT_3D('',#4472,#4473,#4474);
#4472 = CARTESIAN_POINT('',(1.,95.3,2.5));
#4473 = DIRECTION('',(-1.,0.,0.));
#4474 = DIRECTION('',(0.,-1.,0.));
#4475 = ADVANCED_FACE('',(#4476),#4495,.F.);
#4476 = FACE_BOUND('',#4477,.T.);
#4477 = EDGE_LOOP('',(#4478,#4487,#4488,#4489));
#4478 = ORIENTED_EDGE('',*,*,#4479,.T.);
#4479 = EDGE_CURVE('',#4480,#2590,#4482,.T.);
#4480 = VERTEX_POINT('',#4481);
#4481 = CARTESIAN_POINT('',(44.,23.999999019615,0.5));
#4482 = CIRCLE('',#4483,1.);
#4483 = AXIS2_PLACEMENT_3D('',#4484,#4485,#4486);
#4484 = CARTESIAN_POINT('',(44.,22.999999019615,0.5));
#4485 = DIRECTION('',(0.,0.,-1.));
#4486 = DIRECTION('',(1.,0.,0.));
#4487 = ORIENTED_EDGE('',*,*,#2589,.T.);
#4488 = ORIENTED_EDGE('',*,*,#3586,.T.);
#4489 = ORIENTED_EDGE('',*,*,#4490,.F.);
#4490 = EDGE_CURVE('',#4480,#3579,#4491,.T.);
#4491 = LINE('',#4492,#4493);
#4492 = CARTESIAN_POINT('',(43.999999673205,24.,0.));
#4493 = VECTOR('',#4494,1.);
#4494 = DIRECTION('',(0.,0.,1.));
#4495 = CYLINDRICAL_SURFACE('',#4496,1.);
#4496 = AXIS2_PLACEMENT_3D('',#4497,#4498,#4499);
#4497 = CARTESIAN_POINT('',(43.99999934641,23.,0.));
#4498 = DIRECTION('',(-0.,-0.,-1.));
#4499 = DIRECTION('',(1.,0.,0.));
#4500 = ADVANCED_FACE('',(#4501),#4554,.F.);
#4501 = FACE_BOUND('',#4502,.F.);
#4502 = EDGE_LOOP('',(#4503,#4504,#4513,#4521,#4530,#4538,#4547,#4553));
#4503 = ORIENTED_EDGE('',*,*,#2597,.T.);
#4504 = ORIENTED_EDGE('',*,*,#4505,.T.);
#4505 = EDGE_CURVE('',#2598,#4506,#4508,.T.);
#4506 = VERTEX_POINT('',#4507);
#4507 = CARTESIAN_POINT('',(44.,84.999999673205,0.5));
#4508 = CIRCLE('',#4509,1.);
#4509 = AXIS2_PLACEMENT_3D('',#4510,#4511,#4512);
#4510 = CARTESIAN_POINT('',(44.,85.999999673205,0.5));
#4511 = DIRECTION('',(0.,0.,-1.));
#4512 = DIRECTION('',(1.,0.,0.));
#4513 = ORIENTED_EDGE('',*,*,#4514,.F.);
#4514 = EDGE_CURVE('',#4515,#4506,#4517,.T.);
#4515 = VERTEX_POINT('',#4516);
#4516 = CARTESIAN_POINT('',(40.999999673205,84.999999673205,0.5));
#4517 = LINE('',#4518,#4519);
#4518 = CARTESIAN_POINT('',(40.999999673205,84.999999673205,0.5));
#4519 = VECTOR('',#4520,1.);
#4520 = DIRECTION('',(1.,0.,0.));
#4521 = ORIENTED_EDGE('',*,*,#4522,.F.);
#4522 = EDGE_CURVE('',#4523,#4515,#4525,.T.);
#4523 = VERTEX_POINT('',#4524);
#4524 = CARTESIAN_POINT('',(40.,83.999999673205,0.5));
#4525 = CIRCLE('',#4526,1.);
#4526 = AXIS2_PLACEMENT_3D('',#4527,#4528,#4529);
#4527 = CARTESIAN_POINT('',(41.,83.999999673205,0.5));
#4528 = DIRECTION('',(0.,0.,-1.));
#4529 = DIRECTION('',(1.,0.,0.));
#4530 = ORIENTED_EDGE('',*,*,#4531,.F.);
#4531 = EDGE_CURVE('',#4532,#4523,#4534,.T.);
#4532 = VERTEX_POINT('',#4533);
#4533 = CARTESIAN_POINT('',(40.,24.99999869282,0.5));
#4534 = LINE('',#4535,#4536);
#4535 = CARTESIAN_POINT('',(40.,24.99999869282,0.5));
#4536 = VECTOR('',#4537,1.);
#4537 = DIRECTION('',(0.,1.,0.));
#4538 = ORIENTED_EDGE('',*,*,#4539,.F.);
#4539 = EDGE_CURVE('',#4540,#4532,#4542,.T.);
#4540 = VERTEX_POINT('',#4541);
#4541 = CARTESIAN_POINT('',(41.,23.999999019615,0.5));
#4542 = CIRCLE('',#4543,1.);
#4543 = AXIS2_PLACEMENT_3D('',#4544,#4545,#4546);
#4544 = CARTESIAN_POINT('',(41.,24.999999019615,0.5));
#4545 = DIRECTION('',(0.,0.,-1.));
#4546 = DIRECTION('',(1.,0.,0.));
#4547 = ORIENTED_EDGE('',*,*,#4548,.F.);
#4548 = EDGE_CURVE('',#4480,#4540,#4549,.T.);
#4549 = LINE('',#4550,#4551);
#4550 = CARTESIAN_POINT('',(44.,23.999999019615,0.5));
#4551 = VECTOR('',#4552,1.);
#4552 = DIRECTION('',(-1.,0.,0.));
#4553 = ORIENTED_EDGE('',*,*,#4479,.T.);
#4554 = PLANE('',#4555);
#4555 = AXIS2_PLACEMENT_3D('',#4556,#4557,#4558);
#4556 = CARTESIAN_POINT('',(24.360900491111,52.530301051318,0.5));
#4557 = DIRECTION('',(0.,0.,1.));
#4558 = DIRECTION('',(1.,0.,0.));
#4559 = ADVANCED_FACE('',(#4560),#4571,.F.);
#4560 = FACE_BOUND('',#4561,.T.);
#4561 = EDGE_LOOP('',(#4562,#4563,#4569,#4570));
#4562 = ORIENTED_EDGE('',*,*,#4505,.T.);
#4563 = ORIENTED_EDGE('',*,*,#4564,.T.);
#4564 = EDGE_CURVE('',#4506,#3536,#4565,.T.);
#4565 = LINE('',#4566,#4567);
#4566 = CARTESIAN_POINT('',(43.999999673205,85.,0.));
#4567 = VECTOR('',#4568,1.);
#4568 = DIRECTION('',(0.,0.,1.));
#4569 = ORIENTED_EDGE('',*,*,#3535,.T.);
#4570 = ORIENTED_EDGE('',*,*,#2605,.F.);
#4571 = CYLINDRICAL_SURFACE('',#4572,1.);
#4572 = AXIS2_PLACEMENT_3D('',#4573,#4574,#4575);
#4573 = CARTESIAN_POINT('',(43.99999934641,86.,0.));
#4574 = DIRECTION('',(-0.,-0.,-1.));
#4575 = DIRECTION('',(1.,0.,0.));
#4576 = ADVANCED_FACE('',(#4577),#4596,.F.);
#4577 = FACE_BOUND('',#4578,.F.);
#4578 = EDGE_LOOP('',(#4579,#4580,#4589,#4595));
#4579 = ORIENTED_EDGE('',*,*,#2621,.F.);
#4580 = ORIENTED_EDGE('',*,*,#4581,.F.);
#4581 = EDGE_CURVE('',#4582,#2622,#4584,.T.);
#4582 = VERTEX_POINT('',#4583);
#4583 = CARTESIAN_POINT('',(44.,94.749999019615,0.5));
#4584 = CIRCLE('',#4585,1.);
#4585 = AXIS2_PLACEMENT_3D('',#4586,#4587,#4588);
#4586 = CARTESIAN_POINT('',(44.,93.749999019615,0.5));
#4587 = DIRECTION('',(0.,0.,-1.));
#4588 = DIRECTION('',(1.,0.,0.));
#4589 = ORIENTED_EDGE('',*,*,#4590,.T.);
#4590 = EDGE_CURVE('',#4582,#3646,#4591,.T.);
#4591 = LINE('',#4592,#4593);
#4592 = CARTESIAN_POINT('',(44.,94.75,0.));
#4593 = VECTOR('',#4594,1.);
#4594 = DIRECTION('',(0.,0.,1.));
#4595 = ORIENTED_EDGE('',*,*,#3653,.F.);
#4596 = CYLINDRICAL_SURFACE('',#4597,1.);
#4597 = AXIS2_PLACEMENT_3D('',#4598,#4599,#4600);
#4598 = CARTESIAN_POINT('',(44.,93.75,0.));
#4599 = DIRECTION('',(0.,0.,1.));
#4600 = DIRECTION('',(1.,0.,0.));
#4601 = ADVANCED_FACE('',(#4602,#4655),#4666,.F.);
#4602 = FACE_BOUND('',#4603,.T.);
#4603 = EDGE_LOOP('',(#4604,#4612,#4621,#4629,#4638,#4646,#4653,#4654));
#4604 = ORIENTED_EDGE('',*,*,#4605,.T.);
#4605 = EDGE_CURVE('',#4582,#4606,#4608,.T.);
#4606 = VERTEX_POINT('',#4607);
#4607 = CARTESIAN_POINT('',(40.5,94.749999019615,0.5));
#4608 = LINE('',#4609,#4610);
#4609 = CARTESIAN_POINT('',(44.,94.749999019615,0.5));
#4610 = VECTOR('',#4611,1.);
#4611 = DIRECTION('',(-1.,0.,0.));
#4612 = ORIENTED_EDGE('',*,*,#4613,.T.);
#4613 = EDGE_CURVE('',#4606,#4614,#4616,.T.);
#4614 = VERTEX_POINT('',#4615);
#4615 = CARTESIAN_POINT('',(39.5,95.749999019615,0.5));
#4616 = CIRCLE('',#4617,1.);
#4617 = AXIS2_PLACEMENT_3D('',#4618,#4619,#4620);
#4618 = CARTESIAN_POINT('',(40.5,95.749999019615,0.5));
#4619 = DIRECTION('',(0.,0.,-1.));
#4620 = DIRECTION('',(1.,0.,0.));
#4621 = ORIENTED_EDGE('',*,*,#4622,.T.);
#4622 = EDGE_CURVE('',#4614,#4623,#4625,.T.);
#4623 = VERTEX_POINT('',#4624);
#4624 = CARTESIAN_POINT('',(39.5,98.749999019615,0.5));
#4625 = LINE('',#4626,#4627);
#4626 = CARTESIAN_POINT('',(39.5,95.749999019615,0.5));
#4627 = VECTOR('',#4628,1.);
#4628 = DIRECTION('',(0.,1.,0.));
#4629 = ORIENTED_EDGE('',*,*,#4630,.T.);
#4630 = EDGE_CURVE('',#4623,#4631,#4633,.T.);
#4631 = VERTEX_POINT('',#4632);
#4632 = CARTESIAN_POINT('',(40.5,99.749999019615,0.5));
#4633 = CIRCLE('',#4634,1.);
#4634 = AXIS2_PLACEMENT_3D('',#4635,#4636,#4637);
#4635 = CARTESIAN_POINT('',(40.5,98.749999019615,0.5));
#4636 = DIRECTION('',(0.,0.,-1.));
#4637 = DIRECTION('',(1.,0.,0.));
#4638 = ORIENTED_EDGE('',*,*,#4639,.T.);
#4639 = EDGE_CURVE('',#4631,#4640,#4642,.T.);
#4640 = VERTEX_POINT('',#4641);
#4641 = CARTESIAN_POINT('',(44.,99.749999019615,0.5));
#4642 = LINE('',#4643,#4644);
#4643 = CARTESIAN_POINT('',(40.5,99.749999019615,0.5));
#4644 = VECTOR('',#4645,1.);
#4645 = DIRECTION('',(1.,0.,0.));
#4646 = ORIENTED_EDGE('',*,*,#4647,.F.);
#4647 = EDGE_CURVE('',#2572,#4640,#4648,.T.);
#4648 = CIRCLE('',#4649,1.);
#4649 = AXIS2_PLACEMENT_3D('',#4650,#4651,#4652);
#4650 = CARTESIAN_POINT('',(44.,100.74999901961,0.5));
#4651 = DIRECTION('',(0.,0.,-1.));
#4652 = DIRECTION('',(1.,0.,0.));
#4653 = ORIENTED_EDGE('',*,*,#2629,.T.);
#4654 = ORIENTED_EDGE('',*,*,#4581,.F.);
#4655 = FACE_BOUND('',#4656,.F.);
#4656 = EDGE_LOOP('',(#4657));
#4657 = ORIENTED_EDGE('',*,*,#4658,.T.);
#4658 = EDGE_CURVE('',#4659,#4659,#4661,.T.);
#4659 = VERTEX_POINT('',#4660);
#4660 = CARTESIAN_POINT('',(42.8,97.249999019615,0.5));
#4661 = CIRCLE('',#4662,0.8);
#4662 = AXIS2_PLACEMENT_3D('',#4663,#4664,#4665);
#4663 = CARTESIAN_POINT('',(42.,97.249999019615,0.5));
#4664 = DIRECTION('',(0.,0.,-1.));
#4665 = DIRECTION('',(1.,0.,0.));
#4666 = PLANE('',#4667);
#4667 = AXIS2_PLACEMENT_3D('',#4668,#4669,#4670);
#4668 = CARTESIAN_POINT('',(24.360900491111,52.530301051318,0.5));
#4669 = DIRECTION('',(0.,0.,1.));
#4670 = DIRECTION('',(1.,0.,0.));
#4671 = ADVANCED_FACE('',(#4672),#4692,.T.);
#4672 = FACE_BOUND('',#4673,.F.);
#4673 = EDGE_LOOP('',(#4674,#4683,#4684,#4685));
#4674 = ORIENTED_EDGE('',*,*,#4675,.F.);
#4675 = EDGE_CURVE('',#2644,#4676,#4678,.T.);
#4676 = VERTEX_POINT('',#4677);
#4677 = CARTESIAN_POINT('',(6.,2.5,-3.));
#4678 = CIRCLE('',#4679,0.5);
#4679 = AXIS2_PLACEMENT_3D('',#4680,#4681,#4682);
#4680 = CARTESIAN_POINT('',(6.,2.5,-2.5));
#4681 = DIRECTION('',(-1.,0.,0.));
#4682 = DIRECTION('',(0.,1.,0.));
#4683 = ORIENTED_EDGE('',*,*,#2651,.T.);
#4684 = ORIENTED_EDGE('',*,*,#4098,.T.);
#4685 = ORIENTED_EDGE('',*,*,#4686,.F.);
#4686 = EDGE_CURVE('',#4676,#4099,#4687,.T.);
#4687 = CIRCLE('',#4688,3.5);
#4688 = AXIS2_PLACEMENT_3D('',#4689,#4690,#4691);
#4689 = CARTESIAN_POINT('',(6.,6.,-3.));
#4690 = DIRECTION('',(-0.,0.,-1.));
#4691 = DIRECTION('',(-3.E-16,-1.,0.));
#4692 = TOROIDAL_SURFACE('',#4693,3.5,0.5);
#4693 = AXIS2_PLACEMENT_3D('',#4694,#4695,#4696);
#4694 = CARTESIAN_POINT('',(6.,6.,-2.5));
#4695 = DIRECTION('',(0.,0.,1.));
#4696 = DIRECTION('',(-3.E-16,-1.,0.));
#4697 = ADVANCED_FACE('',(#4698),#4709,.F.);
#4698 = FACE_BOUND('',#4699,.T.);
#4699 = EDGE_LOOP('',(#4700,#4701,#4702,#4708));
#4700 = ORIENTED_EDGE('',*,*,#2685,.F.);
#4701 = ORIENTED_EDGE('',*,*,#4647,.T.);
#4702 = ORIENTED_EDGE('',*,*,#4703,.T.);
#4703 = EDGE_CURVE('',#4640,#3603,#4704,.T.);
#4704 = LINE('',#4705,#4706);
#4705 = CARTESIAN_POINT('',(43.999999673205,99.749999673205,0.));
#4706 = VECTOR('',#4707,1.);
#4707 = DIRECTION('',(0.,0.,1.));
#4708 = ORIENTED_EDGE('',*,*,#3602,.F.);
#4709 = CYLINDRICAL_SURFACE('',#4710,1.);
#4710 = AXIS2_PLACEMENT_3D('',#4711,#4712,#4713);
#4711 = CARTESIAN_POINT('',(43.999999673205,100.7499996732,0.));
#4712 = DIRECTION('',(0.,0.,1.));
#4713 = DIRECTION('',(1.,0.,0.));
#4714 = ADVANCED_FACE('',(#4715),#4734,.T.);
#4715 = FACE_BOUND('',#4716,.T.);
#4716 = EDGE_LOOP('',(#4717,#4726,#4732,#4733));
#4717 = ORIENTED_EDGE('',*,*,#4718,.T.);
#4718 = EDGE_CURVE('',#2701,#4719,#4721,.T.);
#4719 = VERTEX_POINT('',#4720);
#4720 = CARTESIAN_POINT('',(353.8,2.5,-3.));
#4721 = CIRCLE('',#4722,0.5);
#4722 = AXIS2_PLACEMENT_3D('',#4723,#4724,#4725);
#4723 = CARTESIAN_POINT('',(353.8,2.5,-2.5));
#4724 = DIRECTION('',(-1.,3.8E-16,0.));
#4725 = DIRECTION('',(-3.8E-16,-1.,0.));
#4726 = ORIENTED_EDGE('',*,*,#4727,.T.);
#4727 = EDGE_CURVE('',#4719,#4676,#4728,.T.);
#4728 = LINE('',#4729,#4730);
#4729 = CARTESIAN_POINT('',(353.8,2.5,-3.));
#4730 = VECTOR('',#4731,1.);
#4731 = DIRECTION('',(-1.,0.,0.));
#4732 = ORIENTED_EDGE('',*,*,#4675,.F.);
#4733 = ORIENTED_EDGE('',*,*,#2708,.F.);
#4734 = CYLINDRICAL_SURFACE('',#4735,0.5);
#4735 = AXIS2_PLACEMENT_3D('',#4736,#4737,#4738);
#4736 = CARTESIAN_POINT('',(353.8,2.5,-2.5));
#4737 = DIRECTION('',(-1.,0.,0.));
#4738 = DIRECTION('',(0.,1.,0.));
#4739 = ADVANCED_FACE('',(#4740),#4760,.T.);
#4740 = FACE_BOUND('',#4741,.F.);
#4741 = EDGE_LOOP('',(#4742,#4751,#4752,#4753));
#4742 = ORIENTED_EDGE('',*,*,#4743,.F.);
#4743 = EDGE_CURVE('',#2743,#4744,#4746,.T.);
#4744 = VERTEX_POINT('',#4745);
#4745 = CARTESIAN_POINT('',(357.3,6.,-3.));
#4746 = CIRCLE('',#4747,0.5);
#4747 = AXIS2_PLACEMENT_3D('',#4748,#4749,#4750);
#4748 = CARTESIAN_POINT('',(357.3,6.,-2.5));
#4749 = DIRECTION('',(0.,-1.,0.));
#4750 = DIRECTION('',(-1.,0.,0.));
#4751 = ORIENTED_EDGE('',*,*,#2750,.T.);
#4752 = ORIENTED_EDGE('',*,*,#4718,.T.);
#4753 = ORIENTED_EDGE('',*,*,#4754,.F.);
#4754 = EDGE_CURVE('',#4744,#4719,#4755,.T.);
#4755 = CIRCLE('',#4756,3.5);
#4756 = AXIS2_PLACEMENT_3D('',#4757,#4758,#4759);
#4757 = CARTESIAN_POINT('',(353.8,6.,-3.));
#4758 = DIRECTION('',(0.,0.,-1.));
#4759 = DIRECTION('',(1.,0.,0.));
#4760 = TOROIDAL_SURFACE('',#4761,3.5,0.5);
#4761 = AXIS2_PLACEMENT_3D('',#4762,#4763,#4764);
#4762 = CARTESIAN_POINT('',(353.8,6.,-2.5));
#4763 = DIRECTION('',(0.,0.,1.));
#4764 = DIRECTION('',(1.,0.,0.));
#4765 = ADVANCED_FACE('',(#4766),#4785,.T.);
#4766 = FACE_BOUND('',#4767,.T.);
#4767 = EDGE_LOOP('',(#4768,#4777,#4783,#4784));
#4768 = ORIENTED_EDGE('',*,*,#4769,.T.);
#4769 = EDGE_CURVE('',#2768,#4770,#4772,.T.);
#4770 = VERTEX_POINT('',#4771);
#4771 = CARTESIAN_POINT('',(357.3,123.3,-3.));
#4772 = CIRCLE('',#4773,0.5);
#4773 = AXIS2_PLACEMENT_3D('',#4774,#4775,#4776);
#4774 = CARTESIAN_POINT('',(357.3,123.3,-2.5));
#4775 = DIRECTION('',(-8.3E-16,-1.,0.));
#4776 = DIRECTION('',(1.,-8.3E-16,0.));
#4777 = ORIENTED_EDGE('',*,*,#4778,.T.);
#4778 = EDGE_CURVE('',#4770,#4744,#4779,.T.);
#4779 = LINE('',#4780,#4781);
#4780 = CARTESIAN_POINT('',(357.3,123.3,-3.));
#4781 = VECTOR('',#4782,1.);
#4782 = DIRECTION('',(0.,-1.,0.));
#4783 = ORIENTED_EDGE('',*,*,#4743,.F.);
#4784 = ORIENTED_EDGE('',*,*,#2775,.F.);
#4785 = CYLINDRICAL_SURFACE('',#4786,0.5);
#4786 = AXIS2_PLACEMENT_3D('',#4787,#4788,#4789);
#4787 = CARTESIAN_POINT('',(357.3,123.3,-2.5));
#4788 = DIRECTION('',(0.,-1.,0.));
#4789 = DIRECTION('',(-1.,0.,0.));
#4790 = ADVANCED_FACE('',(#4791),#4811,.T.);
#4791 = FACE_BOUND('',#4792,.F.);
#4792 = EDGE_LOOP('',(#4793,#4802,#4803,#4804));
#4793 = ORIENTED_EDGE('',*,*,#4794,.F.);
#4794 = EDGE_CURVE('',#2817,#4795,#4797,.T.);
#4795 = VERTEX_POINT('',#4796);
#4796 = CARTESIAN_POINT('',(353.8,126.8,-3.));
#4797 = CIRCLE('',#4798,0.5);
#4798 = AXIS2_PLACEMENT_3D('',#4799,#4800,#4801);
#4799 = CARTESIAN_POINT('',(353.8,126.8,-2.5));
#4800 = DIRECTION('',(1.,0.,0.));
#4801 = DIRECTION('',(0.,-1.,0.));
#4802 = ORIENTED_EDGE('',*,*,#2824,.T.);
#4803 = ORIENTED_EDGE('',*,*,#4769,.T.);
#4804 = ORIENTED_EDGE('',*,*,#4805,.F.);
#4805 = EDGE_CURVE('',#4795,#4770,#4806,.T.);
#4806 = CIRCLE('',#4807,3.5);
#4807 = AXIS2_PLACEMENT_3D('',#4808,#4809,#4810);
#4808 = CARTESIAN_POINT('',(353.8,123.3,-3.));
#4809 = DIRECTION('',(0.,0.,-1.));
#4810 = DIRECTION('',(0.,1.,0.));
#4811 = TOROIDAL_SURFACE('',#4812,3.5,0.5);
#4812 = AXIS2_PLACEMENT_3D('',#4813,#4814,#4815);
#4813 = CARTESIAN_POINT('',(353.8,123.3,-2.5));
#4814 = DIRECTION('',(0.,0.,1.));
#4815 = DIRECTION('',(0.,1.,0.));
#4816 = ADVANCED_FACE('',(#4817),#4828,.F.);
#4817 = FACE_BOUND('',#4818,.T.);
#4818 = EDGE_LOOP('',(#4819,#4820,#4826,#4827));
#4819 = ORIENTED_EDGE('',*,*,#4022,.T.);
#4820 = ORIENTED_EDGE('',*,*,#4821,.T.);
#4821 = EDGE_CURVE('',#4013,#4181,#4822,.T.);
#4822 = LINE('',#4823,#4824);
#4823 = CARTESIAN_POINT('',(13.,125.3,5.));
#4824 = VECTOR('',#4825,1.);
#4825 = DIRECTION('',(-0.,-0.,-1.));
#4826 = ORIENTED_EDGE('',*,*,#4190,.F.);
#4827 = ORIENTED_EDGE('',*,*,#2875,.F.);
#4828 = CYLINDRICAL_SURFACE('',#4829,1.);
#4829 = AXIS2_PLACEMENT_3D('',#4830,#4831,#4832);
#4830 = CARTESIAN_POINT('',(14.,125.3,5.));
#4831 = DIRECTION('',(-0.,-0.,-1.));
#4832 = DIRECTION('',(0.,1.,0.));
#4833 = ADVANCED_FACE('',(#4834),#4861,.T.);
#4834 = FACE_BOUND('',#4835,.F.);
#4835 = EDGE_LOOP('',(#4836,#4845,#4846,#4855));
#4836 = ORIENTED_EDGE('',*,*,#4837,.T.);
#4837 = EDGE_CURVE('',#4838,#2924,#4840,.T.);
#4838 = VERTEX_POINT('',#4839);
#4839 = CARTESIAN_POINT('',(353.79999999997,126.8,8.));
#4840 = CIRCLE('',#4841,0.5);
#4841 = AXIS2_PLACEMENT_3D('',#4842,#4843,#4844);
#4842 = CARTESIAN_POINT('',(353.79999999997,126.8,7.5));
#4843 = DIRECTION('',(1.,8.676E-14,-0.));
#4844 = DIRECTION('',(-8.676E-14,1.,0.));
#4845 = ORIENTED_EDGE('',*,*,#2931,.T.);
#4846 = ORIENTED_EDGE('',*,*,#4847,.F.);
#4847 = EDGE_CURVE('',#4848,#2932,#4850,.T.);
#4848 = VERTEX_POINT('',#4849);
#4849 = CARTESIAN_POINT('',(6.000000000007,126.8,8.));
#4850 = CIRCLE('',#4851,0.5);
#4851 = AXIS2_PLACEMENT_3D('',#4852,#4853,#4854);
#4852 = CARTESIAN_POINT('',(6.000000000007,126.8,7.5));
#4853 = DIRECTION('',(1.,0.,-0.));
#4854 = DIRECTION('',(0.,0.,1.));
#4855 = ORIENTED_EDGE('',*,*,#4856,.F.);
#4856 = EDGE_CURVE('',#4838,#4848,#4857,.T.);
#4857 = LINE('',#4858,#4859);
#4858 = CARTESIAN_POINT('',(353.79999999997,126.8,8.));
#4859 = VECTOR('',#4860,1.);
#4860 = DIRECTION('',(-1.,0.,0.));
#4861 = CYLINDRICAL_SURFACE('',#4862,0.5);
#4862 = AXIS2_PLACEMENT_3D('',#4863,#4864,#4865);
#4863 = CARTESIAN_POINT('',(353.79999999997,126.8,7.5));
#4864 = DIRECTION('',(-1.,0.,0.));
#4865 = DIRECTION('',(0.,0.,1.));
#4866 = ADVANCED_FACE('',(#4867),#4886,.F.);
#4867 = FACE_BOUND('',#4868,.T.);
#4868 = EDGE_LOOP('',(#4869,#4877,#4884,#4885));
#4869 = ORIENTED_EDGE('',*,*,#4870,.T.);
#4870 = EDGE_CURVE('',#3499,#4871,#4873,.T.);
#4871 = VERTEX_POINT('',#4872);
#4872 = CARTESIAN_POINT('',(356.79999999997,123.30000000005,7.5));
#4873 = LINE('',#4874,#4875);
#4874 = CARTESIAN_POINT('',(356.79999999997,123.30000000005,5.));
#4875 = VECTOR('',#4876,1.);
#4876 = DIRECTION('',(0.,0.,1.));
#4877 = ORIENTED_EDGE('',*,*,#4878,.T.);
#4878 = EDGE_CURVE('',#4871,#2924,#4879,.T.);
#4879 = CIRCLE('',#4880,3.);
#4880 = AXIS2_PLACEMENT_3D('',#4881,#4882,#4883);
#4881 = CARTESIAN_POINT('',(353.79999999997,123.3,7.5));
#4882 = DIRECTION('',(0.,-0.,1.));
#4883 = DIRECTION('',(1.,1.929834E-11,0.));
#4884 = ORIENTED_EDGE('',*,*,#2923,.F.);
#4885 = ORIENTED_EDGE('',*,*,#3506,.F.);
#4886 = CYLINDRICAL_SURFACE('',#4887,3.);
#4887 = AXIS2_PLACEMENT_3D('',#4888,#4889,#4890);
#4888 = CARTESIAN_POINT('',(353.79999999997,123.3,5.));
#4889 = DIRECTION('',(-0.,-0.,-1.));
#4890 = DIRECTION('',(1.,0.,0.));
#4891 = ADVANCED_FACE('',(#4892),#4911,.T.);
#4892 = FACE_BOUND('',#4893,.T.);
#4893 = EDGE_LOOP('',(#4894,#4903,#4909,#4910));
#4894 = ORIENTED_EDGE('',*,*,#4895,.T.);
#4895 = EDGE_CURVE('',#2892,#4896,#4898,.T.);
#4896 = VERTEX_POINT('',#4897);
#4897 = CARTESIAN_POINT('',(6.,126.8,-3.));
#4898 = CIRCLE('',#4899,0.5);
#4899 = AXIS2_PLACEMENT_3D('',#4900,#4901,#4902);
#4900 = CARTESIAN_POINT('',(6.,126.8,-2.5));
#4901 = DIRECTION('',(1.,1.84E-15,-0.));
#4902 = DIRECTION('',(-1.84E-15,1.,0.));
#4903 = ORIENTED_EDGE('',*,*,#4904,.T.);
#4904 = EDGE_CURVE('',#4896,#4795,#4905,.T.);
#4905 = LINE('',#4906,#4907);
#4906 = CARTESIAN_POINT('',(6.,126.8,-3.));
#4907 = VECTOR('',#4908,1.);
#4908 = DIRECTION('',(1.,0.,0.));
#4909 = ORIENTED_EDGE('',*,*,#4794,.F.);
#4910 = ORIENTED_EDGE('',*,*,#2899,.F.);
#4911 = CYLINDRICAL_SURFACE('',#4912,0.5);
#4912 = AXIS2_PLACEMENT_3D('',#4913,#4914,#4915);
#4913 = CARTESIAN_POINT('',(6.,126.8,-2.5));
#4914 = DIRECTION('',(1.,0.,0.));
#4915 = DIRECTION('',(0.,-1.,0.));
#4916 = ADVANCED_FACE('',(#4917),#4943,.F.);
#4917 = FACE_BOUND('',#4918,.F.);
#4918 = EDGE_LOOP('',(#4919,#4927,#4936,#4942));
#4919 = ORIENTED_EDGE('',*,*,#4920,.F.);
#4920 = EDGE_CURVE('',#4921,#2950,#4923,.T.);
#4921 = VERTEX_POINT('',#4922);
#4922 = CARTESIAN_POINT('',(29.2,127.8,2.8));
#4923 = LINE('',#4924,#4925);
#4924 = CARTESIAN_POINT('',(29.2,128.3,2.8));
#4925 = VECTOR('',#4926,1.);
#4926 = DIRECTION('',(0.,-1.,2.2E-16));
#4927 = ORIENTED_EDGE('',*,*,#4928,.F.);
#4928 = EDGE_CURVE('',#4929,#4921,#4931,.T.);
#4929 = VERTEX_POINT('',#4930);
#4930 = CARTESIAN_POINT('',(28.2,127.8,3.8));
#4931 = CIRCLE('',#4932,1.);
#4932 = AXIS2_PLACEMENT_3D('',#4933,#4934,#4935);
#4933 = CARTESIAN_POINT('',(28.2,127.8,2.8));
#4934 = DIRECTION('',(0.,1.,-0.));
#4935 = DIRECTION('',(-1.421E-14,0.,1.));
#4936 = ORIENTED_EDGE('',*,*,#4937,.T.);
#4937 = EDGE_CURVE('',#4929,#2948,#4938,.T.);
#4938 = LINE('',#4939,#4940);
#4939 = CARTESIAN_POINT('',(28.2,128.3,3.8));
#4940 = VECTOR('',#4941,1.);
#4941 = DIRECTION('',(0.,-1.,2.2E-16));
#4942 = ORIENTED_EDGE('',*,*,#2947,.T.);
#4943 = CYLINDRICAL_SURFACE('',#4944,1.);
#4944 = AXIS2_PLACEMENT_3D('',#4945,#4946,#4947);
#4945 = CARTESIAN_POINT('',(28.2,128.3,2.8));
#4946 = DIRECTION('',(0.,1.,-2.2E-16));
#4947 = DIRECTION('',(-1.,0.,0.));
#4948 = ADVANCED_FACE('',(#4949),#4967,.F.);
#4949 = FACE_BOUND('',#4950,.F.);
#4950 = EDGE_LOOP('',(#4951,#4959,#4965,#4966));
#4951 = ORIENTED_EDGE('',*,*,#4952,.F.);
#4952 = EDGE_CURVE('',#4953,#2959,#4955,.T.);
#4953 = VERTEX_POINT('',#4954);
#4954 = CARTESIAN_POINT('',(29.2,127.8,2.2));
#4955 = LINE('',#4956,#4957);
#4956 = CARTESIAN_POINT('',(29.2,128.3,2.2));
#4957 = VECTOR('',#4958,1.);
#4958 = DIRECTION('',(0.,-1.,2.2E-16));
#4959 = ORIENTED_EDGE('',*,*,#4960,.F.);
#4960 = EDGE_CURVE('',#4921,#4953,#4961,.T.);
#4961 = LINE('',#4962,#4963);
#4962 = CARTESIAN_POINT('',(29.2,127.8,2.8));
#4963 = VECTOR('',#4964,1.);
#4964 = DIRECTION('',(0.,-2.2E-16,-1.));
#4965 = ORIENTED_EDGE('',*,*,#4920,.T.);
#4966 = ORIENTED_EDGE('',*,*,#2958,.F.);
#4967 = PLANE('',#4968);
#4968 = AXIS2_PLACEMENT_3D('',#4969,#4970,#4971);
#4969 = CARTESIAN_POINT('',(29.2,128.3,2.8));
#4970 = DIRECTION('',(1.,0.,0.));
#4971 = DIRECTION('',(0.,-2.2E-16,-1.));
#4972 = ADVANCED_FACE('',(#4973),#4992,.F.);
#4973 = FACE_BOUND('',#4974,.F.);
#4974 = EDGE_LOOP('',(#4975,#4983,#4990,#4991));
#4975 = ORIENTED_EDGE('',*,*,#4976,.F.);
#4976 = EDGE_CURVE('',#4977,#2967,#4979,.T.);
#4977 = VERTEX_POINT('',#4978);
#4978 = CARTESIAN_POINT('',(28.2,127.8,1.2));
#4979 = LINE('',#4980,#4981);
#4980 = CARTESIAN_POINT('',(28.2,128.3,1.2));
#4981 = VECTOR('',#4982,1.);
#4982 = DIRECTION('',(0.,-1.,2.2E-16));
#4983 = ORIENTED_EDGE('',*,*,#4984,.F.);
#4984 = EDGE_CURVE('',#4953,#4977,#4985,.T.);
#4985 = CIRCLE('',#4986,1.);
#4986 = AXIS2_PLACEMENT_3D('',#4987,#4988,#4989);
#4987 = CARTESIAN_POINT('',(28.2,127.8,2.2));
#4988 = DIRECTION('',(-0.,1.,0.));
#4989 = DIRECTION('',(1.,0.,0.));
#4990 = ORIENTED_EDGE('',*,*,#4952,.T.);
#4991 = ORIENTED_EDGE('',*,*,#2966,.T.);
#4992 = CYLINDRICAL_SURFACE('',#4993,1.);
#4993 = AXIS2_PLACEMENT_3D('',#4994,#4995,#4996);
#4994 = CARTESIAN_POINT('',(28.2,128.3,2.2));
#4995 = DIRECTION('',(0.,1.,-2.2E-16));
#4996 = DIRECTION('',(-1.,0.,0.));
#4997 = ADVANCED_FACE('',(#4998),#5016,.F.);
#4998 = FACE_BOUND('',#4999,.F.);
#4999 = EDGE_LOOP('',(#5000,#5008,#5014,#5015));
#5000 = ORIENTED_EDGE('',*,*,#5001,.F.);
#5001 = EDGE_CURVE('',#5002,#2976,#5004,.T.);
#5002 = VERTEX_POINT('',#5003);
#5003 = CARTESIAN_POINT('',(21.8,127.8,1.2));
#5004 = LINE('',#5005,#5006);
#5005 = CARTESIAN_POINT('',(21.8,128.3,1.2));
#5006 = VECTOR('',#5007,1.);
#5007 = DIRECTION('',(0.,-1.,2.2E-16));
#5008 = ORIENTED_EDGE('',*,*,#5009,.F.);
#5009 = EDGE_CURVE('',#4977,#5002,#5010,.T.);
#5010 = LINE('',#5011,#5012);
#5011 = CARTESIAN_POINT('',(28.2,127.8,1.2));
#5012 = VECTOR('',#5013,1.);
#5013 = DIRECTION('',(-1.,0.,0.));
#5014 = ORIENTED_EDGE('',*,*,#4976,.T.);
#5015 = ORIENTED_EDGE('',*,*,#2975,.F.);
#5016 = PLANE('',#5017);
#5017 = AXIS2_PLACEMENT_3D('',#5018,#5019,#5020);
#5018 = CARTESIAN_POINT('',(28.2,128.3,1.2));
#5019 = DIRECTION('',(-0.,-2.2E-16,-1.));
#5020 = DIRECTION('',(-1.,0.,0.));
#5021 = ADVANCED_FACE('',(#5022),#5041,.F.);
#5022 = FACE_BOUND('',#5023,.F.);
#5023 = EDGE_LOOP('',(#5024,#5032,#5039,#5040));
#5024 = ORIENTED_EDGE('',*,*,#5025,.F.);
#5025 = EDGE_CURVE('',#5026,#2984,#5028,.T.);
#5026 = VERTEX_POINT('',#5027);
#5027 = CARTESIAN_POINT('',(20.8,127.8,2.2));
#5028 = LINE('',#5029,#5030);
#5029 = CARTESIAN_POINT('',(20.8,128.3,2.2));
#5030 = VECTOR('',#5031,1.);
#5031 = DIRECTION('',(0.,-1.,2.2E-16));
#5032 = ORIENTED_EDGE('',*,*,#5033,.F.);
#5033 = EDGE_CURVE('',#5002,#5026,#5034,.T.);
#5034 = CIRCLE('',#5035,1.);
#5035 = AXIS2_PLACEMENT_3D('',#5036,#5037,#5038);
#5036 = CARTESIAN_POINT('',(21.8,127.8,2.2));
#5037 = DIRECTION('',(0.,1.,0.));
#5038 = DIRECTION('',(-1.066E-14,0.,-1.));
#5039 = ORIENTED_EDGE('',*,*,#5001,.T.);
#5040 = ORIENTED_EDGE('',*,*,#2983,.T.);
#5041 = CYLINDRICAL_SURFACE('',#5042,1.);
#5042 = AXIS2_PLACEMENT_3D('',#5043,#5044,#5045);
#5043 = CARTESIAN_POINT('',(21.8,128.3,2.2));
#5044 = DIRECTION('',(0.,1.,-2.2E-16));
#5045 = DIRECTION('',(-1.,0.,0.));
#5046 = ADVANCED_FACE('',(#5047),#5065,.F.);
#5047 = FACE_BOUND('',#5048,.F.);
#5048 = EDGE_LOOP('',(#5049,#5057,#5063,#5064));
#5049 = ORIENTED_EDGE('',*,*,#5050,.F.);
#5050 = EDGE_CURVE('',#5051,#2993,#5053,.T.);
#5051 = VERTEX_POINT('',#5052);
#5052 = CARTESIAN_POINT('',(20.8,127.8,2.8));
#5053 = LINE('',#5054,#5055);
#5054 = CARTESIAN_POINT('',(20.8,128.3,2.8));
#5055 = VECTOR('',#5056,1.);
#5056 = DIRECTION('',(0.,-1.,2.2E-16));
#5057 = ORIENTED_EDGE('',*,*,#5058,.F.);
#5058 = EDGE_CURVE('',#5026,#5051,#5059,.T.);
#5059 = LINE('',#5060,#5061);
#5060 = CARTESIAN_POINT('',(20.8,127.8,2.2));
#5061 = VECTOR('',#5062,1.);
#5062 = DIRECTION('',(0.,2.2E-16,1.));
#5063 = ORIENTED_EDGE('',*,*,#5025,.T.);
#5064 = ORIENTED_EDGE('',*,*,#2992,.F.);
#5065 = PLANE('',#5066);
#5066 = AXIS2_PLACEMENT_3D('',#5067,#5068,#5069);
#5067 = CARTESIAN_POINT('',(20.8,128.3,2.2));
#5068 = DIRECTION('',(-1.,0.,0.));
#5069 = DIRECTION('',(0.,2.2E-16,1.));
#5070 = ADVANCED_FACE('',(#5071),#5090,.F.);
#5071 = FACE_BOUND('',#5072,.F.);
#5072 = EDGE_LOOP('',(#5073,#5081,#5088,#5089));
#5073 = ORIENTED_EDGE('',*,*,#5074,.F.);
#5074 = EDGE_CURVE('',#5075,#3001,#5077,.T.);
#5075 = VERTEX_POINT('',#5076);
#5076 = CARTESIAN_POINT('',(21.8,127.8,3.8));
#5077 = LINE('',#5078,#5079);
#5078 = CARTESIAN_POINT('',(21.8,128.3,3.8));
#5079 = VECTOR('',#5080,1.);
#5080 = DIRECTION('',(0.,-1.,2.2E-16));
#5081 = ORIENTED_EDGE('',*,*,#5082,.F.);
#5082 = EDGE_CURVE('',#5051,#5075,#5083,.T.);
#5083 = CIRCLE('',#5084,1.);
#5084 = AXIS2_PLACEMENT_3D('',#5085,#5086,#5087);
#5085 = CARTESIAN_POINT('',(21.8,127.8,2.8));
#5086 = DIRECTION('',(0.,1.,-0.));
#5087 = DIRECTION('',(-1.,0.,0.));
#5088 = ORIENTED_EDGE('',*,*,#5050,.T.);
#5089 = ORIENTED_EDGE('',*,*,#3000,.T.);
#5090 = CYLINDRICAL_SURFACE('',#5091,1.);
#5091 = AXIS2_PLACEMENT_3D('',#5092,#5093,#5094);
#5092 = CARTESIAN_POINT('',(21.8,128.3,2.8));
#5093 = DIRECTION('',(0.,1.,-2.2E-16));
#5094 = DIRECTION('',(-1.,0.,0.));
#5095 = ADVANCED_FACE('',(#5096),#5107,.F.);
#5096 = FACE_BOUND('',#5097,.F.);
#5097 = EDGE_LOOP('',(#5098,#5099,#5105,#5106));
#5098 = ORIENTED_EDGE('',*,*,#4937,.F.);
#5099 = ORIENTED_EDGE('',*,*,#5100,.F.);
#5100 = EDGE_CURVE('',#5075,#4929,#5101,.T.);
#5101 = LINE('',#5102,#5103);
#5102 = CARTESIAN_POINT('',(21.8,127.8,3.8));
#5103 = VECTOR('',#5104,1.);
#5104 = DIRECTION('',(1.,0.,0.));
#5105 = ORIENTED_EDGE('',*,*,#5074,.T.);
#5106 = ORIENTED_EDGE('',*,*,#3009,.F.);
#5107 = PLANE('',#5108);
#5108 = AXIS2_PLACEMENT_3D('',#5109,#5110,#5111);
#5109 = CARTESIAN_POINT('',(21.8,128.3,3.8));
#5110 = DIRECTION('',(0.,2.2E-16,1.));
#5111 = DIRECTION('',(1.,0.,0.));
#5112 = ADVANCED_FACE('',(#5113,#5124),#5127,.T.);
#5113 = FACE_BOUND('',#5114,.T.);
#5114 = EDGE_LOOP('',(#5115));
#5115 = ORIENTED_EDGE('',*,*,#5116,.T.);
#5116 = EDGE_CURVE('',#5117,#5117,#5119,.T.);
#5117 = VERTEX_POINT('',#5118);
#5118 = CARTESIAN_POINT('',(349.775,32.05,5.5));
#5119 = CIRCLE('',#5120,2.);
#5120 = AXIS2_PLACEMENT_3D('',#5121,#5122,#5123);
#5121 = CARTESIAN_POINT('',(347.775,32.05,5.5));
#5122 = DIRECTION('',(0.,0.,1.));
#5123 = DIRECTION('',(1.,0.,0.));
#5124 = FACE_BOUND('',#5125,.F.);
#5125 = EDGE_LOOP('',(#5126));
#5126 = ORIENTED_EDGE('',*,*,#3049,.T.);
#5127 = PLANE('',#5128);
#5128 = AXIS2_PLACEMENT_3D('',#5129,#5130,#5131);
#5129 = CARTESIAN_POINT('',(347.775,64.65,5.5));
#5130 = DIRECTION('',(0.,0.,1.));
#5131 = DIRECTION('',(1.,0.,0.));
#5132 = ADVANCED_FACE('',(#5133,#5144),#5147,.T.);
#5133 = FACE_BOUND('',#5134,.T.);
#5134 = EDGE_LOOP('',(#5135));
#5135 = ORIENTED_EDGE('',*,*,#5136,.T.);
#5136 = EDGE_CURVE('',#5137,#5137,#5139,.T.);
#5137 = VERTEX_POINT('',#5138);
#5138 = CARTESIAN_POINT('',(349.775,97.25,5.5));
#5139 = CIRCLE('',#5140,2.);
#5140 = AXIS2_PLACEMENT_3D('',#5141,#5142,#5143);
#5141 = CARTESIAN_POINT('',(347.775,97.25,5.5));
#5142 = DIRECTION('',(0.,0.,1.));
#5143 = DIRECTION('',(1.,0.,0.));
#5144 = FACE_BOUND('',#5145,.F.);
#5145 = EDGE_LOOP('',(#5146));
#5146 = ORIENTED_EDGE('',*,*,#3319,.T.);
#5147 = PLANE('',#5148);
#5148 = AXIS2_PLACEMENT_3D('',#5149,#5150,#5151);
#5149 = CARTESIAN_POINT('',(347.775,64.65,5.5));
#5150 = DIRECTION('',(0.,0.,1.));
#5151 = DIRECTION('',(1.,0.,0.));
#5152 = ADVANCED_FACE('',(#5153),#5164,.T.);
#5153 = FACE_BOUND('',#5154,.F.);
#5154 = EDGE_LOOP('',(#5155,#5161,#5162,#5163));
#5155 = ORIENTED_EDGE('',*,*,#5156,.T.);
#5156 = EDGE_CURVE('',#3379,#5117,#5157,.T.);
#5157 = LINE('',#5158,#5159);
#5158 = CARTESIAN_POINT('',(349.775,32.05,3.));
#5159 = VECTOR('',#5160,1.);
#5160 = DIRECTION('',(0.,0.,1.));
#5161 = ORIENTED_EDGE('',*,*,#5116,.T.);
#5162 = ORIENTED_EDGE('',*,*,#5156,.F.);
#5163 = ORIENTED_EDGE('',*,*,#3378,.F.);
#5164 = CYLINDRICAL_SURFACE('',#5165,2.);
#5165 = AXIS2_PLACEMENT_3D('',#5166,#5167,#5168);
#5166 = CARTESIAN_POINT('',(347.775,32.05,3.));
#5167 = DIRECTION('',(-0.,-0.,-1.));
#5168 = DIRECTION('',(1.,0.,0.));
#5169 = ADVANCED_FACE('',(#5170),#5181,.T.);
#5170 = FACE_BOUND('',#5171,.F.);
#5171 = EDGE_LOOP('',(#5172,#5178,#5179,#5180));
#5172 = ORIENTED_EDGE('',*,*,#5173,.T.);
#5173 = EDGE_CURVE('',#3390,#5137,#5174,.T.);
#5174 = LINE('',#5175,#5176);
#5175 = CARTESIAN_POINT('',(349.775,97.25,3.));
#5176 = VECTOR('',#5177,1.);
#5177 = DIRECTION('',(0.,0.,1.));
#5178 = ORIENTED_EDGE('',*,*,#5136,.T.);
#5179 = ORIENTED_EDGE('',*,*,#5173,.F.);
#5180 = ORIENTED_EDGE('',*,*,#3389,.F.);
#5181 = CYLINDRICAL_SURFACE('',#5182,2.);
#5182 = AXIS2_PLACEMENT_3D('',#5183,#5184,#5185);
#5183 = CARTESIAN_POINT('',(347.775,97.25,3.));
#5184 = DIRECTION('',(-0.,-0.,-1.));
#5185 = DIRECTION('',(1.,0.,0.));
#5186 = ADVANCED_FACE('',(#5187),#5205,.T.);
#5187 = FACE_BOUND('',#5188,.T.);
#5188 = EDGE_LOOP('',(#5189,#5197,#5203,#5204));
#5189 = ORIENTED_EDGE('',*,*,#5190,.T.);
#5190 = EDGE_CURVE('',#3490,#5191,#5193,.T.);
#5191 = VERTEX_POINT('',#5192);
#5192 = CARTESIAN_POINT('',(356.79999999997,5.999999999942,7.5));
#5193 = LINE('',#5194,#5195);
#5194 = CARTESIAN_POINT('',(356.79999999997,5.999999999942,5.));
#5195 = VECTOR('',#5196,1.);
#5196 = DIRECTION('',(0.,0.,1.));
#5197 = ORIENTED_EDGE('',*,*,#5198,.T.);
#5198 = EDGE_CURVE('',#5191,#4871,#5199,.T.);
#5199 = LINE('',#5200,#5201);
#5200 = CARTESIAN_POINT('',(356.79999999997,5.999999999942,7.5));
#5201 = VECTOR('',#5202,1.);
#5202 = DIRECTION('',(0.,1.,0.));
#5203 = ORIENTED_EDGE('',*,*,#4870,.F.);
#5204 = ORIENTED_EDGE('',*,*,#3498,.F.);
#5205 = PLANE('',#5206);
#5206 = AXIS2_PLACEMENT_3D('',#5207,#5208,#5209);
#5207 = CARTESIAN_POINT('',(356.79999999997,5.999999999942,5.));
#5208 = DIRECTION('',(-1.,0.,0.));
#5209 = DIRECTION('',(0.,1.,0.));
#5210 = ADVANCED_FACE('',(#5211),#5230,.F.);
#5211 = FACE_BOUND('',#5212,.T.);
#5212 = EDGE_LOOP('',(#5213,#5221,#5228,#5229));
#5213 = ORIENTED_EDGE('',*,*,#5214,.T.);
#5214 = EDGE_CURVE('',#3482,#5215,#5217,.T.);
#5215 = VERTEX_POINT('',#5216);
#5216 = CARTESIAN_POINT('',(353.79999999997,3.,7.5));
#5217 = LINE('',#5218,#5219);
#5218 = CARTESIAN_POINT('',(353.79999999997,3.,5.));
#5219 = VECTOR('',#5220,1.);
#5220 = DIRECTION('',(0.,0.,1.));
#5221 = ORIENTED_EDGE('',*,*,#5222,.T.);
#5222 = EDGE_CURVE('',#5215,#5191,#5223,.T.);
#5223 = CIRCLE('',#5224,3.);
#5224 = AXIS2_PLACEMENT_3D('',#5225,#5226,#5227);
#5225 = CARTESIAN_POINT('',(353.79999999997,6.,7.5));
#5226 = DIRECTION('',(0.,0.,1.));
#5227 = DIRECTION('',(-9.474E-14,-1.,0.));
#5228 = ORIENTED_EDGE('',*,*,#5190,.F.);
#5229 = ORIENTED_EDGE('',*,*,#3489,.F.);
#5230 = CYLINDRICAL_SURFACE('',#5231,3.);
#5231 = AXIS2_PLACEMENT_3D('',#5232,#5233,#5234);
#5232 = CARTESIAN_POINT('',(353.79999999997,6.,5.));
#5233 = DIRECTION('',(-0.,-0.,-1.));
#5234 = DIRECTION('',(1.,0.,0.));
#5235 = ADVANCED_FACE('',(#5236),#5247,.T.);
#5236 = FACE_BOUND('',#5237,.T.);
#5237 = EDGE_LOOP('',(#5238,#5239,#5245,#5246));
#5238 = ORIENTED_EDGE('',*,*,#3940,.T.);
#5239 = ORIENTED_EDGE('',*,*,#5240,.T.);
#5240 = EDGE_CURVE('',#3932,#5215,#5241,.T.);
#5241 = LINE('',#5242,#5243);
#5242 = CARTESIAN_POINT('',(6.000000000001,3.,7.5));
#5243 = VECTOR('',#5244,1.);
#5244 = DIRECTION('',(1.,0.,0.));
#5245 = ORIENTED_EDGE('',*,*,#5214,.F.);
#5246 = ORIENTED_EDGE('',*,*,#3481,.F.);
#5247 = PLANE('',#5248);
#5248 = AXIS2_PLACEMENT_3D('',#5249,#5250,#5251);
#5249 = CARTESIAN_POINT('',(6.000000000001,3.,5.));
#5250 = DIRECTION('',(0.,1.,0.));
#5251 = DIRECTION('',(1.,0.,0.));
#5252 = ADVANCED_FACE('',(#5253),#5271,.T.);
#5253 = FACE_BOUND('',#5254,.T.);
#5254 = EDGE_LOOP('',(#5255,#5256,#5257,#5258,#5264,#5265));
#5255 = ORIENTED_EDGE('',*,*,#3435,.T.);
#5256 = ORIENTED_EDGE('',*,*,#3727,.F.);
#5257 = ORIENTED_EDGE('',*,*,#3771,.T.);
#5258 = ORIENTED_EDGE('',*,*,#5259,.T.);
#5259 = EDGE_CURVE('',#3763,#3899,#5260,.T.);
#5260 = LINE('',#5261,#5262);
#5261 = CARTESIAN_POINT('',(10.5,84.000000326795,0.));
#5262 = VECTOR('',#5263,1.);
#5263 = DIRECTION('',(0.,0.,1.));
#5264 = ORIENTED_EDGE('',*,*,#3898,.T.);
#5265 = ORIENTED_EDGE('',*,*,#5266,.T.);
#5266 = EDGE_CURVE('',#3890,#3436,#5267,.T.);
#5267 = LINE('',#5268,#5269);
#5268 = CARTESIAN_POINT('',(10.5,9.5,3.));
#5269 = VECTOR('',#5270,1.);
#5270 = DIRECTION('',(0.,0.,1.));
#5271 = PLANE('',#5272);
#5272 = AXIS2_PLACEMENT_3D('',#5273,#5274,#5275);
#5273 = CARTESIAN_POINT('',(10.5,43.613095401053,1.613095237655));
#5274 = DIRECTION('',(1.,0.,0.));
#5275 = DIRECTION('',(0.,0.,1.));
#5276 = ADVANCED_FACE('',(#5277),#5288,.T.);
#5277 = FACE_BOUND('',#5278,.F.);
#5278 = EDGE_LOOP('',(#5279,#5280,#5281,#5287));
#5279 = ORIENTED_EDGE('',*,*,#5266,.T.);
#5280 = ORIENTED_EDGE('',*,*,#3443,.T.);
#5281 = ORIENTED_EDGE('',*,*,#5282,.F.);
#5282 = EDGE_CURVE('',#3882,#3444,#5283,.T.);
#5283 = LINE('',#5284,#5285);
#5284 = CARTESIAN_POINT('',(9.5,10.499999673205,3.));
#5285 = VECTOR('',#5286,1.);
#5286 = DIRECTION('',(0.,0.,1.));
#5287 = ORIENTED_EDGE('',*,*,#3889,.F.);
#5288 = CYLINDRICAL_SURFACE('',#5289,1.);
#5289 = AXIS2_PLACEMENT_3D('',#5290,#5291,#5292);
#5290 = CARTESIAN_POINT('',(9.5,9.499999673205,3.));
#5291 = DIRECTION('',(-0.,-0.,-1.));
#5292 = DIRECTION('',(1.,0.,0.));
#5293 = ADVANCED_FACE('',(#5294),#5300,.T.);
#5294 = FACE_BOUND('',#5295,.T.);
#5295 = EDGE_LOOP('',(#5296,#5297,#5298,#5299));
#5296 = ORIENTED_EDGE('',*,*,#3881,.F.);
#5297 = ORIENTED_EDGE('',*,*,#3838,.T.);
#5298 = ORIENTED_EDGE('',*,*,#3452,.T.);
#5299 = ORIENTED_EDGE('',*,*,#5282,.F.);
#5300 = PLANE('',#5301);
#5301 = AXIS2_PLACEMENT_3D('',#5302,#5303,#5304);
#5302 = CARTESIAN_POINT('',(5.,10.499999673205,3.));
#5303 = DIRECTION('',(0.,1.,0.));
#5304 = DIRECTION('',(1.,0.,0.));
#5305 = ADVANCED_FACE('',(#5306),#5325,.T.);
#5306 = FACE_BOUND('',#5307,.F.);
#5307 = EDGE_LOOP('',(#5308,#5316,#5323,#5324));
#5308 = ORIENTED_EDGE('',*,*,#5309,.T.);
#5309 = EDGE_CURVE('',#3518,#5310,#5312,.T.);
#5310 = VERTEX_POINT('',#5311);
#5311 = CARTESIAN_POINT('',(10.,8.,5.5));
#5312 = LINE('',#5313,#5314);
#5313 = CARTESIAN_POINT('',(10.,8.,5.));
#5314 = VECTOR('',#5315,1.);
#5315 = DIRECTION('',(0.,0.,1.));
#5316 = ORIENTED_EDGE('',*,*,#5317,.T.);
#5317 = EDGE_CURVE('',#5310,#5310,#5318,.T.);
#5318 = CIRCLE('',#5319,2.);
#5319 = AXIS2_PLACEMENT_3D('',#5320,#5321,#5322);
#5320 = CARTESIAN_POINT('',(8.,8.,5.5));
#5321 = DIRECTION('',(0.,0.,1.));
#5322 = DIRECTION('',(1.,0.,0.));
#5323 = ORIENTED_EDGE('',*,*,#5309,.F.);
#5324 = ORIENTED_EDGE('',*,*,#3517,.F.);
#5325 = CYLINDRICAL_SURFACE('',#5326,2.);
#5326 = AXIS2_PLACEMENT_3D('',#5327,#5328,#5329);
#5327 = CARTESIAN_POINT('',(8.,8.,5.));
#5328 = DIRECTION('',(-0.,-0.,-1.));
#5329 = DIRECTION('',(1.,0.,0.));
#5330 = ADVANCED_FACE('',(#5331),#5342,.T.);
#5331 = FACE_BOUND('',#5332,.T.);
#5332 = EDGE_LOOP('',(#5333,#5334,#5335,#5336));
#5333 = ORIENTED_EDGE('',*,*,#4605,.F.);
#5334 = ORIENTED_EDGE('',*,*,#4590,.T.);
#5335 = ORIENTED_EDGE('',*,*,#3645,.T.);
#5336 = ORIENTED_EDGE('',*,*,#5337,.F.);
#5337 = EDGE_CURVE('',#4606,#3637,#5338,.T.);
#5338 = LINE('',#5339,#5340);
#5339 = CARTESIAN_POINT('',(40.5,94.75,0.));
#5340 = VECTOR('',#5341,1.);
#5341 = DIRECTION('',(0.,0.,1.));
#5342 = PLANE('',#5343);
#5343 = AXIS2_PLACEMENT_3D('',#5344,#5345,#5346);
#5344 = CARTESIAN_POINT('',(45.,94.75,0.));
#5345 = DIRECTION('',(0.,-1.,0.));
#5346 = DIRECTION('',(-1.,0.,0.));
#5347 = ADVANCED_FACE('',(#5348),#5359,.F.);
#5348 = FACE_BOUND('',#5349,.F.);
#5349 = EDGE_LOOP('',(#5350,#5351,#5352,#5353));
#5350 = ORIENTED_EDGE('',*,*,#4514,.T.);
#5351 = ORIENTED_EDGE('',*,*,#4564,.T.);
#5352 = ORIENTED_EDGE('',*,*,#3544,.T.);
#5353 = ORIENTED_EDGE('',*,*,#5354,.F.);
#5354 = EDGE_CURVE('',#4515,#3545,#5355,.T.);
#5355 = LINE('',#5356,#5357);
#5356 = CARTESIAN_POINT('',(40.999999673205,85.,0.));
#5357 = VECTOR('',#5358,1.);
#5358 = DIRECTION('',(0.,0.,1.));
#5359 = PLANE('',#5360);
#5360 = AXIS2_PLACEMENT_3D('',#5361,#5362,#5363);
#5361 = CARTESIAN_POINT('',(43.999999673205,85.,0.));
#5362 = DIRECTION('',(0.,-1.,0.));
#5363 = DIRECTION('',(-1.,0.,0.));
#5364 = ADVANCED_FACE('',(#5365),#5376,.T.);
#5365 = FACE_BOUND('',#5366,.F.);
#5366 = EDGE_LOOP('',(#5367,#5368,#5374,#5375));
#5367 = ORIENTED_EDGE('',*,*,#4613,.T.);
#5368 = ORIENTED_EDGE('',*,*,#5369,.T.);
#5369 = EDGE_CURVE('',#4614,#3629,#5370,.T.);
#5370 = LINE('',#5371,#5372);
#5371 = CARTESIAN_POINT('',(39.5,95.749999673205,0.));
#5372 = VECTOR('',#5373,1.);
#5373 = DIRECTION('',(0.,0.,1.));
#5374 = ORIENTED_EDGE('',*,*,#3636,.T.);
#5375 = ORIENTED_EDGE('',*,*,#5337,.F.);
#5376 = CYLINDRICAL_SURFACE('',#5377,1.);
#5377 = AXIS2_PLACEMENT_3D('',#5378,#5379,#5380);
#5378 = CARTESIAN_POINT('',(40.5,95.75,0.));
#5379 = DIRECTION('',(-0.,-0.,-1.));
#5380 = DIRECTION('',(1.,0.,0.));
#5381 = ADVANCED_FACE('',(#5382),#5393,.T.);
#5382 = FACE_BOUND('',#5383,.F.);
#5383 = EDGE_LOOP('',(#5384,#5385,#5386,#5387));
#5384 = ORIENTED_EDGE('',*,*,#4522,.T.);
#5385 = ORIENTED_EDGE('',*,*,#5354,.T.);
#5386 = ORIENTED_EDGE('',*,*,#3552,.T.);
#5387 = ORIENTED_EDGE('',*,*,#5388,.F.);
#5388 = EDGE_CURVE('',#4523,#3553,#5389,.T.);
#5389 = LINE('',#5390,#5391);
#5390 = CARTESIAN_POINT('',(40.,84.,0.));
#5391 = VECTOR('',#5392,1.);
#5392 = DIRECTION('',(0.,0.,1.));
#5393 = CYLINDRICAL_SURFACE('',#5394,1.);
#5394 = AXIS2_PLACEMENT_3D('',#5395,#5396,#5397);
#5395 = CARTESIAN_POINT('',(41.,84.,0.));
#5396 = DIRECTION('',(-0.,-0.,-1.));
#5397 = DIRECTION('',(1.,0.,0.));
#5398 = ADVANCED_FACE('',(#5399),#5410,.F.);
#5399 = FACE_BOUND('',#5400,.F.);
#5400 = EDGE_LOOP('',(#5401,#5402,#5408,#5409));
#5401 = ORIENTED_EDGE('',*,*,#4622,.T.);
#5402 = ORIENTED_EDGE('',*,*,#5403,.T.);
#5403 = EDGE_CURVE('',#4623,#3620,#5404,.T.);
#5404 = LINE('',#5405,#5406);
#5405 = CARTESIAN_POINT('',(39.5,98.749999673205,0.));
#5406 = VECTOR('',#5407,1.);
#5407 = DIRECTION('',(0.,0.,1.));
#5408 = ORIENTED_EDGE('',*,*,#3628,.T.);
#5409 = ORIENTED_EDGE('',*,*,#5369,.F.);
#5410 = PLANE('',#5411);
#5411 = AXIS2_PLACEMENT_3D('',#5412,#5413,#5414);
#5412 = CARTESIAN_POINT('',(39.5,98.749999673205,0.));
#5413 = DIRECTION('',(1.,0.,0.));
#5414 = DIRECTION('',(0.,-1.,0.));
#5415 = ADVANCED_FACE('',(#5416),#5427,.F.);
#5416 = FACE_BOUND('',#5417,.F.);
#5417 = EDGE_LOOP('',(#5418,#5419,#5420,#5421));
#5418 = ORIENTED_EDGE('',*,*,#4531,.T.);
#5419 = ORIENTED_EDGE('',*,*,#5388,.T.);
#5420 = ORIENTED_EDGE('',*,*,#3561,.T.);
#5421 = ORIENTED_EDGE('',*,*,#5422,.F.);
#5422 = EDGE_CURVE('',#4532,#3562,#5423,.T.);
#5423 = LINE('',#5424,#5425);
#5424 = CARTESIAN_POINT('',(40.,25.,0.));
#5425 = VECTOR('',#5426,1.);
#5426 = DIRECTION('',(0.,0.,1.));
#5427 = PLANE('',#5428);
#5428 = AXIS2_PLACEMENT_3D('',#5429,#5430,#5431);
#5429 = CARTESIAN_POINT('',(40.,84.,0.));
#5430 = DIRECTION('',(1.,0.,0.));
#5431 = DIRECTION('',(0.,-1.,0.));
#5432 = ADVANCED_FACE('',(#5433),#5444,.T.);
#5433 = FACE_BOUND('',#5434,.F.);
#5434 = EDGE_LOOP('',(#5435,#5436,#5442,#5443));
#5435 = ORIENTED_EDGE('',*,*,#4630,.T.);
#5436 = ORIENTED_EDGE('',*,*,#5437,.T.);
#5437 = EDGE_CURVE('',#4631,#3612,#5438,.T.);
#5438 = LINE('',#5439,#5440);
#5439 = CARTESIAN_POINT('',(40.499999673205,99.749999673205,0.));
#5440 = VECTOR('',#5441,1.);
#5441 = DIRECTION('',(0.,0.,1.));
#5442 = ORIENTED_EDGE('',*,*,#3619,.T.);
#5443 = ORIENTED_EDGE('',*,*,#5403,.F.);
#5444 = CYLINDRICAL_SURFACE('',#5445,1.);
#5445 = AXIS2_PLACEMENT_3D('',#5446,#5447,#5448);
#5446 = CARTESIAN_POINT('',(40.5,98.749999673205,0.));
#5447 = DIRECTION('',(-0.,-0.,-1.));
#5448 = DIRECTION('',(1.,0.,0.));
#5449 = ADVANCED_FACE('',(#5450),#5461,.T.);
#5450 = FACE_BOUND('',#5451,.F.);
#5451 = EDGE_LOOP('',(#5452,#5453,#5454,#5455));
#5452 = ORIENTED_EDGE('',*,*,#4539,.T.);
#5453 = ORIENTED_EDGE('',*,*,#5422,.T.);
#5454 = ORIENTED_EDGE('',*,*,#3569,.T.);
#5455 = ORIENTED_EDGE('',*,*,#5456,.F.);
#5456 = EDGE_CURVE('',#4540,#3570,#5457,.T.);
#5457 = LINE('',#5458,#5459);
#5458 = CARTESIAN_POINT('',(40.999999673205,24.,0.));
#5459 = VECTOR('',#5460,1.);
#5460 = DIRECTION('',(0.,0.,1.));
#5461 = CYLINDRICAL_SURFACE('',#5462,1.);
#5462 = AXIS2_PLACEMENT_3D('',#5463,#5464,#5465);
#5463 = CARTESIAN_POINT('',(41.,25.,0.));
#5464 = DIRECTION('',(-0.,-0.,-1.));
#5465 = DIRECTION('',(1.,0.,0.));
#5466 = ADVANCED_FACE('',(#5467),#5473,.F.);
#5467 = FACE_BOUND('',#5468,.F.);
#5468 = EDGE_LOOP('',(#5469,#5470,#5471,#5472));
#5469 = ORIENTED_EDGE('',*,*,#4639,.T.);
#5470 = ORIENTED_EDGE('',*,*,#4703,.T.);
#5471 = ORIENTED_EDGE('',*,*,#3611,.T.);
#5472 = ORIENTED_EDGE('',*,*,#5437,.F.);
#5473 = PLANE('',#5474);
#5474 = AXIS2_PLACEMENT_3D('',#5475,#5476,#5477);
#5475 = CARTESIAN_POINT('',(44.999999673205,99.749999673205,0.));
#5476 = DIRECTION('',(0.,-1.,0.));
#5477 = DIRECTION('',(-1.,0.,0.));
#5478 = ADVANCED_FACE('',(#5479),#5485,.T.);
#5479 = FACE_BOUND('',#5480,.T.);
#5480 = EDGE_LOOP('',(#5481,#5482,#5483,#5484));
#5481 = ORIENTED_EDGE('',*,*,#4548,.F.);
#5482 = ORIENTED_EDGE('',*,*,#4490,.T.);
#5483 = ORIENTED_EDGE('',*,*,#3578,.T.);
#5484 = ORIENTED_EDGE('',*,*,#5456,.F.);
#5485 = PLANE('',#5486);
#5486 = AXIS2_PLACEMENT_3D('',#5487,#5488,#5489);
#5487 = CARTESIAN_POINT('',(43.999999673205,24.,0.));
#5488 = DIRECTION('',(0.,-1.,0.));
#5489 = DIRECTION('',(-1.,0.,0.));
#5490 = ADVANCED_FACE('',(#5491),#5510,.T.);
#5491 = FACE_BOUND('',#5492,.F.);
#5492 = EDGE_LOOP('',(#5493,#5501,#5508,#5509));
#5493 = ORIENTED_EDGE('',*,*,#5494,.T.);
#5494 = EDGE_CURVE('',#3663,#5495,#5497,.T.);
#5495 = VERTEX_POINT('',#5496);
#5496 = CARTESIAN_POINT('',(44.,97.25,5.5));
#5497 = LINE('',#5498,#5499);
#5498 = CARTESIAN_POINT('',(44.,97.25,3.));
#5499 = VECTOR('',#5500,1.);
#5500 = DIRECTION('',(0.,0.,1.));
#5501 = ORIENTED_EDGE('',*,*,#5502,.T.);
#5502 = EDGE_CURVE('',#5495,#5495,#5503,.T.);
#5503 = CIRCLE('',#5504,2.);
#5504 = AXIS2_PLACEMENT_3D('',#5505,#5506,#5507);
#5505 = CARTESIAN_POINT('',(42.,97.25,5.5));
#5506 = DIRECTION('',(0.,0.,1.));
#5507 = DIRECTION('',(1.,0.,0.));
#5508 = ORIENTED_EDGE('',*,*,#5494,.F.);
#5509 = ORIENTED_EDGE('',*,*,#3662,.F.);
#5510 = CYLINDRICAL_SURFACE('',#5511,2.);
#5511 = AXIS2_PLACEMENT_3D('',#5512,#5513,#5514);
#5512 = CARTESIAN_POINT('',(42.,97.25,3.));
#5513 = DIRECTION('',(-0.,-0.,-1.));
#5514 = DIRECTION('',(1.,0.,0.));
#5515 = ADVANCED_FACE('',(#5516),#5527,.T.);
#5516 = FACE_BOUND('',#5517,.T.);
#5517 = EDGE_LOOP('',(#5518,#5519,#5520,#5521));
#5518 = ORIENTED_EDGE('',*,*,#3754,.F.);
#5519 = ORIENTED_EDGE('',*,*,#3856,.T.);
#5520 = ORIENTED_EDGE('',*,*,#3915,.T.);
#5521 = ORIENTED_EDGE('',*,*,#5522,.F.);
#5522 = EDGE_CURVE('',#3755,#3907,#5523,.T.);
#5523 = LINE('',#5524,#5525);
#5524 = CARTESIAN_POINT('',(9.5,85.,0.));
#5525 = VECTOR('',#5526,1.);
#5526 = DIRECTION('',(0.,0.,1.));
#5527 = PLANE('',#5528);
#5528 = AXIS2_PLACEMENT_3D('',#5529,#5530,#5531);
#5529 = CARTESIAN_POINT('',(5.000000000052,85.,0.));
#5530 = DIRECTION('',(0.,1.,0.));
#5531 = DIRECTION('',(1.,0.,0.));
#5532 = ADVANCED_FACE('',(#5533),#5539,.T.);
#5533 = FACE_BOUND('',#5534,.F.);
#5534 = EDGE_LOOP('',(#5535,#5536,#5537,#5538));
#5535 = ORIENTED_EDGE('',*,*,#3762,.T.);
#5536 = ORIENTED_EDGE('',*,*,#5259,.T.);
#5537 = ORIENTED_EDGE('',*,*,#3906,.T.);
#5538 = ORIENTED_EDGE('',*,*,#5522,.F.);
#5539 = CYLINDRICAL_SURFACE('',#5540,1.);
#5540 = AXIS2_PLACEMENT_3D('',#5541,#5542,#5543);
#5541 = CARTESIAN_POINT('',(9.5,84.,0.));
#5542 = DIRECTION('',(-0.,-0.,-1.));
#5543 = DIRECTION('',(1.,0.,0.));
#5544 = ADVANCED_FACE('',(#5545),#5563,.F.);
#5545 = FACE_BOUND('',#5546,.T.);
#5546 = EDGE_LOOP('',(#5547,#5554,#5561,#5562));
#5547 = ORIENTED_EDGE('',*,*,#5548,.F.);
#5548 = EDGE_CURVE('',#5549,#3781,#5551,.T.);
#5549 = VERTEX_POINT('',#5550);
#5550 = CARTESIAN_POINT('',(8.8,8.,5.5));
#5551 = B_SPLINE_CURVE_WITH_KNOTS('',1,(#5552,#5553),.UNSPECIFIED.,.F.,
  .F.,(2,2),(-5.5,0.),.PIECEWISE_BEZIER_KNOTS.);
#5552 = CARTESIAN_POINT('',(8.8,8.,5.5));
#5553 = CARTESIAN_POINT('',(8.8,8.,0.));
#5554 = ORIENTED_EDGE('',*,*,#5555,.T.);
#5555 = EDGE_CURVE('',#5549,#5549,#5556,.T.);
#5556 = CIRCLE('',#5557,0.8);
#5557 = AXIS2_PLACEMENT_3D('',#5558,#5559,#5560);
#5558 = CARTESIAN_POINT('',(8.,8.,5.5));
#5559 = DIRECTION('',(0.,0.,1.));
#5560 = DIRECTION('',(1.,0.,0.));
#5561 = ORIENTED_EDGE('',*,*,#5548,.T.);
#5562 = ORIENTED_EDGE('',*,*,#3780,.T.);
#5563 = CYLINDRICAL_SURFACE('',#5564,0.8);
#5564 = AXIS2_PLACEMENT_3D('',#5565,#5566,#5567);
#5565 = CARTESIAN_POINT('',(8.,8.,0.));
#5566 = DIRECTION('',(-0.,-0.,-1.));
#5567 = DIRECTION('',(1.,0.,0.));
#5568 = ADVANCED_FACE('',(#5569),#5589,.T.);
#5569 = FACE_BOUND('',#5570,.T.);
#5570 = EDGE_LOOP('',(#5571,#5572,#5581,#5588));
#5571 = ORIENTED_EDGE('',*,*,#3965,.F.);
#5572 = ORIENTED_EDGE('',*,*,#5573,.T.);
#5573 = EDGE_CURVE('',#3966,#5574,#5576,.T.);
#5574 = VERTEX_POINT('',#5575);
#5575 = CARTESIAN_POINT('',(6.000000000001,2.5,8.));
#5576 = CIRCLE('',#5577,3.5);
#5577 = AXIS2_PLACEMENT_3D('',#5578,#5579,#5580);
#5578 = CARTESIAN_POINT('',(6.,6.,8.));
#5579 = DIRECTION('',(0.,0.,1.));
#5580 = DIRECTION('',(-1.,-1.655061E-11,0.));
#5581 = ORIENTED_EDGE('',*,*,#5582,.T.);
#5582 = EDGE_CURVE('',#5574,#3932,#5583,.T.);
#5583 = CIRCLE('',#5584,0.5);
#5584 = AXIS2_PLACEMENT_3D('',#5585,#5586,#5587);
#5585 = CARTESIAN_POINT('',(6.000000000001,2.5,7.5));
#5586 = DIRECTION('',(-1.,-9.394E-14,0.));
#5587 = DIRECTION('',(9.394E-14,-1.,0.));
#5588 = ORIENTED_EDGE('',*,*,#3931,.F.);
#5589 = TOROIDAL_SURFACE('',#5590,3.5,0.5);
#5590 = AXIS2_PLACEMENT_3D('',#5591,#5592,#5593);
#5591 = CARTESIAN_POINT('',(6.,6.,7.5));
#5592 = DIRECTION('',(0.,0.,1.));
#5593 = DIRECTION('',(-1.,-1.655061E-11,0.));
#5594 = ADVANCED_FACE('',(#5595),#5607,.T.);
#5595 = FACE_BOUND('',#5596,.T.);
#5596 = EDGE_LOOP('',(#5597,#5598,#5605,#5606));
#5597 = ORIENTED_EDGE('',*,*,#4847,.F.);
#5598 = ORIENTED_EDGE('',*,*,#5599,.T.);
#5599 = EDGE_CURVE('',#4848,#3956,#5600,.T.);
#5600 = CIRCLE('',#5601,3.5);
#5601 = AXIS2_PLACEMENT_3D('',#5602,#5603,#5604);
#5602 = CARTESIAN_POINT('',(6.000000000006,123.3,8.));
#5603 = DIRECTION('',(0.,-0.,1.));
#5604 = DIRECTION('',(9.77E-14,1.,0.));
#5605 = ORIENTED_EDGE('',*,*,#3955,.T.);
#5606 = ORIENTED_EDGE('',*,*,#3989,.F.);
#5607 = TOROIDAL_SURFACE('',#5608,3.5,0.5);
#5608 = AXIS2_PLACEMENT_3D('',#5609,#5610,#5611);
#5609 = CARTESIAN_POINT('',(6.000000000006,123.3,7.5));
#5610 = DIRECTION('',(0.,0.,1.));
#5611 = DIRECTION('',(9.77E-14,1.,0.));
#5612 = ADVANCED_FACE('',(#5613,#5651),#5721,.T.);
#5613 = FACE_BOUND('',#5614,.T.);
#5614 = EDGE_LOOP('',(#5615,#5616,#5617,#5618,#5627,#5635,#5644,#5650));
#5615 = ORIENTED_EDGE('',*,*,#3974,.F.);
#5616 = ORIENTED_EDGE('',*,*,#5599,.F.);
#5617 = ORIENTED_EDGE('',*,*,#4856,.F.);
#5618 = ORIENTED_EDGE('',*,*,#5619,.F.);
#5619 = EDGE_CURVE('',#5620,#4838,#5622,.T.);
#5620 = VERTEX_POINT('',#5621);
#5621 = CARTESIAN_POINT('',(357.29999999997,123.30000000005,8.));
#5622 = CIRCLE('',#5623,3.5);
#5623 = AXIS2_PLACEMENT_3D('',#5624,#5625,#5626);
#5624 = CARTESIAN_POINT('',(353.79999999997,123.3,8.));
#5625 = DIRECTION('',(0.,-0.,1.));
#5626 = DIRECTION('',(1.,1.929834E-11,0.));
#5627 = ORIENTED_EDGE('',*,*,#5628,.F.);
#5628 = EDGE_CURVE('',#5629,#5620,#5631,.T.);
#5629 = VERTEX_POINT('',#5630);
#5630 = CARTESIAN_POINT('',(357.29999999997,5.999999999932,8.));
#5631 = LINE('',#5632,#5633);
#5632 = CARTESIAN_POINT('',(357.29999999997,5.999999999942,8.));
#5633 = VECTOR('',#5634,1.);
#5634 = DIRECTION('',(0.,1.,0.));
#5635 = ORIENTED_EDGE('',*,*,#5636,.F.);
#5636 = EDGE_CURVE('',#5637,#5629,#5639,.T.);
#5637 = VERTEX_POINT('',#5638);
#5638 = CARTESIAN_POINT('',(353.79999999997,2.5,8.));
#5639 = CIRCLE('',#5640,3.5);
#5640 = AXIS2_PLACEMENT_3D('',#5641,#5642,#5643);
#5641 = CARTESIAN_POINT('',(353.79999999997,6.,8.));
#5642 = DIRECTION('',(0.,0.,1.));
#5643 = DIRECTION('',(-9.474E-14,-1.,0.));
#5644 = ORIENTED_EDGE('',*,*,#5645,.F.);
#5645 = EDGE_CURVE('',#5574,#5637,#5646,.T.);
#5646 = LINE('',#5647,#5648);
#5647 = CARTESIAN_POINT('',(6.000000000001,2.5,8.));
#5648 = VECTOR('',#5649,1.);
#5649 = DIRECTION('',(1.,0.,0.));
#5650 = ORIENTED_EDGE('',*,*,#5573,.F.);
#5651 = FACE_BOUND('',#5652,.T.);
#5652 = EDGE_LOOP('',(#5653,#5663,#5672,#5680,#5689,#5697,#5706,#5714));
#5653 = ORIENTED_EDGE('',*,*,#5654,.T.);
#5654 = EDGE_CURVE('',#5655,#5657,#5659,.T.);
#5655 = VERTEX_POINT('',#5656);
#5656 = CARTESIAN_POINT('',(1.5,123.3,8.));
#5657 = VERTEX_POINT('',#5658);
#5658 = CARTESIAN_POINT('',(1.5,6.,8.));
#5659 = LINE('',#5660,#5661);
#5660 = CARTESIAN_POINT('',(1.5,123.3,8.));
#5661 = VECTOR('',#5662,1.);
#5662 = DIRECTION('',(0.,-1.,0.));
#5663 = ORIENTED_EDGE('',*,*,#5664,.T.);
#5664 = EDGE_CURVE('',#5657,#5665,#5667,.T.);
#5665 = VERTEX_POINT('',#5666);
#5666 = CARTESIAN_POINT('',(6.,1.5,8.));
#5667 = CIRCLE('',#5668,4.5);
#5668 = AXIS2_PLACEMENT_3D('',#5669,#5670,#5671);
#5669 = CARTESIAN_POINT('',(6.,6.,8.));
#5670 = DIRECTION('',(0.,0.,1.));
#5671 = DIRECTION('',(-1.,-3.091E-14,0.));
#5672 = ORIENTED_EDGE('',*,*,#5673,.T.);
#5673 = EDGE_CURVE('',#5665,#5674,#5676,.T.);
#5674 = VERTEX_POINT('',#5675);
#5675 = CARTESIAN_POINT('',(353.8,1.5,8.));
#5676 = LINE('',#5677,#5678);
#5677 = CARTESIAN_POINT('',(6.,1.5,8.));
#5678 = VECTOR('',#5679,1.);
#5679 = DIRECTION('',(1.,0.,0.));
#5680 = ORIENTED_EDGE('',*,*,#5681,.T.);
#5681 = EDGE_CURVE('',#5674,#5682,#5684,.T.);
#5682 = VERTEX_POINT('',#5683);
#5683 = CARTESIAN_POINT('',(358.3,6.,8.));
#5684 = CIRCLE('',#5685,4.5);
#5685 = AXIS2_PLACEMENT_3D('',#5686,#5687,#5688);
#5686 = CARTESIAN_POINT('',(353.8,6.,8.));
#5687 = DIRECTION('',(-0.,0.,1.));
#5688 = DIRECTION('',(0.,-1.,0.));
#5689 = ORIENTED_EDGE('',*,*,#5690,.T.);
#5690 = EDGE_CURVE('',#5682,#5691,#5693,.T.);
#5691 = VERTEX_POINT('',#5692);
#5692 = CARTESIAN_POINT('',(358.3,123.3,8.));
#5693 = LINE('',#5694,#5695);
#5694 = CARTESIAN_POINT('',(358.3,6.,8.));
#5695 = VECTOR('',#5696,1.);
#5696 = DIRECTION('',(0.,1.,0.));
#5697 = ORIENTED_EDGE('',*,*,#5698,.T.);
#5698 = EDGE_CURVE('',#5691,#5699,#5701,.T.);
#5699 = VERTEX_POINT('',#5700);
#5700 = CARTESIAN_POINT('',(353.8,127.8,8.));
#5701 = CIRCLE('',#5702,4.5);
#5702 = AXIS2_PLACEMENT_3D('',#5703,#5704,#5705);
#5703 = CARTESIAN_POINT('',(353.8,123.3,8.));
#5704 = DIRECTION('',(0.,0.,1.));
#5705 = DIRECTION('',(1.,0.,0.));
#5706 = ORIENTED_EDGE('',*,*,#5707,.T.);
#5707 = EDGE_CURVE('',#5699,#5708,#5710,.T.);
#5708 = VERTEX_POINT('',#5709);
#5709 = CARTESIAN_POINT('',(6.,127.8,8.));
#5710 = LINE('',#5711,#5712);
#5711 = CARTESIAN_POINT('',(353.8,127.8,8.));
#5712 = VECTOR('',#5713,1.);
#5713 = DIRECTION('',(-1.,0.,0.));
#5714 = ORIENTED_EDGE('',*,*,#5715,.T.);
#5715 = EDGE_CURVE('',#5708,#5655,#5716,.T.);
#5716 = CIRCLE('',#5717,4.5);
#5717 = AXIS2_PLACEMENT_3D('',#5718,#5719,#5720);
#5718 = CARTESIAN_POINT('',(6.,123.3,8.));
#5719 = DIRECTION('',(0.,-0.,1.));
#5720 = DIRECTION('',(0.,1.,0.));
#5721 = PLANE('',#5722);
#5722 = AXIS2_PLACEMENT_3D('',#5723,#5724,#5725);
#5723 = CARTESIAN_POINT('',(179.89999999999,64.65,8.));
#5724 = DIRECTION('',(0.,0.,1.));
#5725 = DIRECTION('',(1.,0.,0.));
#5726 = ADVANCED_FACE('',(#5727),#5738,.F.);
#5727 = FACE_BOUND('',#5728,.F.);
#5728 = EDGE_LOOP('',(#5729,#5730,#5731,#5732));
#5729 = ORIENTED_EDGE('',*,*,#4012,.F.);
#5730 = ORIENTED_EDGE('',*,*,#4821,.T.);
#5731 = ORIENTED_EDGE('',*,*,#4180,.T.);
#5732 = ORIENTED_EDGE('',*,*,#5733,.F.);
#5733 = EDGE_CURVE('',#4015,#4183,#5734,.T.);
#5734 = LINE('',#5735,#5736);
#5735 = CARTESIAN_POINT('',(13.,125.1,5.));
#5736 = VECTOR('',#5737,1.);
#5737 = DIRECTION('',(-0.,-0.,-1.));
#5738 = PLANE('',#5739);
#5739 = AXIS2_PLACEMENT_3D('',#5740,#5741,#5742);
#5740 = CARTESIAN_POINT('',(13.,126.3,5.));
#5741 = DIRECTION('',(-1.,0.,0.));
#5742 = DIRECTION('',(0.,-1.,0.));
#5743 = ADVANCED_FACE('',(#5744),#5755,.T.);
#5744 = FACE_BOUND('',#5745,.T.);
#5745 = EDGE_LOOP('',(#5746,#5747,#5753,#5754));
#5746 = ORIENTED_EDGE('',*,*,#4083,.T.);
#5747 = ORIENTED_EDGE('',*,*,#5748,.T.);
#5748 = EDGE_CURVE('',#4076,#4236,#5749,.T.);
#5749 = LINE('',#5750,#5751);
#5750 = CARTESIAN_POINT('',(12.2,124.3,5.));
#5751 = VECTOR('',#5752,1.);
#5752 = DIRECTION('',(-0.,-0.,-1.));
#5753 = ORIENTED_EDGE('',*,*,#4243,.F.);
#5754 = ORIENTED_EDGE('',*,*,#5733,.F.);
#5755 = CYLINDRICAL_SURFACE('',#5756,0.8);
#5756 = AXIS2_PLACEMENT_3D('',#5757,#5758,#5759);
#5757 = CARTESIAN_POINT('',(12.2,125.1,5.));
#5758 = DIRECTION('',(-0.,-0.,-1.));
#5759 = DIRECTION('',(1.,0.,0.));
#5760 = ADVANCED_FACE('',(#5761),#5772,.F.);
#5761 = FACE_BOUND('',#5762,.F.);
#5762 = EDGE_LOOP('',(#5763,#5764,#5765,#5766));
#5763 = ORIENTED_EDGE('',*,*,#4075,.F.);
#5764 = ORIENTED_EDGE('',*,*,#5748,.T.);
#5765 = ORIENTED_EDGE('',*,*,#4235,.T.);
#5766 = ORIENTED_EDGE('',*,*,#5767,.F.);
#5767 = EDGE_CURVE('',#4067,#4227,#5768,.T.);
#5768 = LINE('',#5769,#5770);
#5769 = CARTESIAN_POINT('',(6.,124.3,5.));
#5770 = VECTOR('',#5771,1.);
#5771 = DIRECTION('',(-0.,-0.,-1.));
#5772 = PLANE('',#5773);
#5773 = AXIS2_PLACEMENT_3D('',#5774,#5775,#5776);
#5774 = CARTESIAN_POINT('',(353.8,124.3,5.));
#5775 = DIRECTION('',(0.,1.,0.));
#5776 = DIRECTION('',(-1.,0.,0.));
#5777 = ADVANCED_FACE('',(#5778),#5789,.F.);
#5778 = FACE_BOUND('',#5779,.F.);
#5779 = EDGE_LOOP('',(#5780,#5781,#5782,#5788));
#5780 = ORIENTED_EDGE('',*,*,#5767,.T.);
#5781 = ORIENTED_EDGE('',*,*,#4226,.T.);
#5782 = ORIENTED_EDGE('',*,*,#5783,.F.);
#5783 = EDGE_CURVE('',#4059,#4219,#5784,.T.);
#5784 = LINE('',#5785,#5786);
#5785 = CARTESIAN_POINT('',(5.,123.3,5.));
#5786 = VECTOR('',#5787,1.);
#5787 = DIRECTION('',(-0.,-0.,-1.));
#5788 = ORIENTED_EDGE('',*,*,#4066,.F.);
#5789 = CYLINDRICAL_SURFACE('',#5790,1.);
#5790 = AXIS2_PLACEMENT_3D('',#5791,#5792,#5793);
#5791 = CARTESIAN_POINT('',(6.,123.3,5.));
#5792 = DIRECTION('',(0.,0.,1.));
#5793 = DIRECTION('',(1.,0.,0.));
#5794 = ADVANCED_FACE('',(#5795),#5806,.F.);
#5795 = FACE_BOUND('',#5796,.F.);
#5796 = EDGE_LOOP('',(#5797,#5798,#5799,#5800));
#5797 = ORIENTED_EDGE('',*,*,#4058,.F.);
#5798 = ORIENTED_EDGE('',*,*,#5783,.T.);
#5799 = ORIENTED_EDGE('',*,*,#4218,.T.);
#5800 = ORIENTED_EDGE('',*,*,#5801,.F.);
#5801 = EDGE_CURVE('',#4050,#4210,#5802,.T.);
#5802 = LINE('',#5803,#5804);
#5803 = CARTESIAN_POINT('',(5.,117.1,5.));
#5804 = VECTOR('',#5805,1.);
#5805 = DIRECTION('',(-0.,-0.,-1.));
#5806 = PLANE('',#5807);
#5807 = AXIS2_PLACEMENT_3D('',#5808,#5809,#5810);
#5808 = CARTESIAN_POINT('',(5.,123.3,5.));
#5809 = DIRECTION('',(-1.,0.,0.));
#5810 = DIRECTION('',(0.,-1.,0.));
#5811 = ADVANCED_FACE('',(#5812),#5823,.T.);
#5812 = FACE_BOUND('',#5813,.T.);
#5813 = EDGE_LOOP('',(#5814,#5815,#5821,#5822));
#5814 = ORIENTED_EDGE('',*,*,#4049,.T.);
#5815 = ORIENTED_EDGE('',*,*,#5816,.T.);
#5816 = EDGE_CURVE('',#4042,#4202,#5817,.T.);
#5817 = LINE('',#5818,#5819);
#5818 = CARTESIAN_POINT('',(4.2,116.3,5.));
#5819 = VECTOR('',#5820,1.);
#5820 = DIRECTION('',(-0.,-0.,-1.));
#5821 = ORIENTED_EDGE('',*,*,#4209,.F.);
#5822 = ORIENTED_EDGE('',*,*,#5801,.F.);
#5823 = CYLINDRICAL_SURFACE('',#5824,0.8);
#5824 = AXIS2_PLACEMENT_3D('',#5825,#5826,#5827);
#5825 = CARTESIAN_POINT('',(4.2,117.1,5.));
#5826 = DIRECTION('',(-0.,-0.,-1.));
#5827 = DIRECTION('',(1.,0.,0.));
#5828 = ADVANCED_FACE('',(#5829),#5835,.F.);
#5829 = FACE_BOUND('',#5830,.F.);
#5830 = EDGE_LOOP('',(#5831,#5832,#5833,#5834));
#5831 = ORIENTED_EDGE('',*,*,#4041,.F.);
#5832 = ORIENTED_EDGE('',*,*,#5816,.T.);
#5833 = ORIENTED_EDGE('',*,*,#4201,.T.);
#5834 = ORIENTED_EDGE('',*,*,#4166,.F.);
#5835 = PLANE('',#5836);
#5836 = AXIS2_PLACEMENT_3D('',#5837,#5838,#5839);
#5837 = CARTESIAN_POINT('',(5.,116.3,5.));
#5838 = DIRECTION('',(0.,1.,0.));
#5839 = DIRECTION('',(-1.,0.,0.));
#5840 = ADVANCED_FACE('',(#5841,#5911),#5927,.F.);
#5841 = FACE_BOUND('',#5842,.F.);
#5842 = EDGE_LOOP('',(#5843,#5854,#5862,#5871,#5879,#5888,#5896,#5905));
#5843 = ORIENTED_EDGE('',*,*,#5844,.F.);
#5844 = EDGE_CURVE('',#5845,#5847,#5849,.T.);
#5845 = VERTEX_POINT('',#5846);
#5846 = CARTESIAN_POINT('',(1.5,123.3,-3.));
#5847 = VERTEX_POINT('',#5848);
#5848 = CARTESIAN_POINT('',(6.,127.8,-3.));
#5849 = CIRCLE('',#5850,4.5);
#5850 = AXIS2_PLACEMENT_3D('',#5851,#5852,#5853);
#5851 = CARTESIAN_POINT('',(6.,123.3,-3.));
#5852 = DIRECTION('',(0.,0.,-1.));
#5853 = DIRECTION('',(-1.,0.,0.));
#5854 = ORIENTED_EDGE('',*,*,#5855,.F.);
#5855 = EDGE_CURVE('',#5856,#5845,#5858,.T.);
#5856 = VERTEX_POINT('',#5857);
#5857 = CARTESIAN_POINT('',(1.5,6.,-3.));
#5858 = LINE('',#5859,#5860);
#5859 = CARTESIAN_POINT('',(1.5,6.,-3.));
#5860 = VECTOR('',#5861,1.);
#5861 = DIRECTION('',(0.,1.,0.));
#5862 = ORIENTED_EDGE('',*,*,#5863,.F.);
#5863 = EDGE_CURVE('',#5864,#5856,#5866,.T.);
#5864 = VERTEX_POINT('',#5865);
#5865 = CARTESIAN_POINT('',(6.,1.5,-3.));
#5866 = CIRCLE('',#5867,4.5);
#5867 = AXIS2_PLACEMENT_3D('',#5868,#5869,#5870);
#5868 = CARTESIAN_POINT('',(6.,6.,-3.));
#5869 = DIRECTION('',(-0.,-0.,-1.));
#5870 = DIRECTION('',(0.,-1.,0.));
#5871 = ORIENTED_EDGE('',*,*,#5872,.F.);
#5872 = EDGE_CURVE('',#5873,#5864,#5875,.T.);
#5873 = VERTEX_POINT('',#5874);
#5874 = CARTESIAN_POINT('',(353.8,1.5,-3.));
#5875 = LINE('',#5876,#5877);
#5876 = CARTESIAN_POINT('',(353.8,1.5,-3.));
#5877 = VECTOR('',#5878,1.);
#5878 = DIRECTION('',(-1.,0.,0.));
#5879 = ORIENTED_EDGE('',*,*,#5880,.F.);
#5880 = EDGE_CURVE('',#5881,#5873,#5883,.T.);
#5881 = VERTEX_POINT('',#5882);
#5882 = CARTESIAN_POINT('',(358.3,6.,-3.));
#5883 = CIRCLE('',#5884,4.5);
#5884 = AXIS2_PLACEMENT_3D('',#5885,#5886,#5887);
#5885 = CARTESIAN_POINT('',(353.8,6.,-3.));
#5886 = DIRECTION('',(0.,0.,-1.));
#5887 = DIRECTION('',(1.,0.,0.));
#5888 = ORIENTED_EDGE('',*,*,#5889,.F.);
#5889 = EDGE_CURVE('',#5890,#5881,#5892,.T.);
#5890 = VERTEX_POINT('',#5891);
#5891 = CARTESIAN_POINT('',(358.3,123.3,-3.));
#5892 = LINE('',#5893,#5894);
#5893 = CARTESIAN_POINT('',(358.3,123.3,-3.));
#5894 = VECTOR('',#5895,1.);
#5895 = DIRECTION('',(0.,-1.,0.));
#5896 = ORIENTED_EDGE('',*,*,#5897,.F.);
#5897 = EDGE_CURVE('',#5898,#5890,#5900,.T.);
#5898 = VERTEX_POINT('',#5899);
#5899 = CARTESIAN_POINT('',(353.8,127.8,-3.));
#5900 = CIRCLE('',#5901,4.5);
#5901 = AXIS2_PLACEMENT_3D('',#5902,#5903,#5904);
#5902 = CARTESIAN_POINT('',(353.8,123.3,-3.));
#5903 = DIRECTION('',(0.,0.,-1.));
#5904 = DIRECTION('',(0.,1.,0.));
#5905 = ORIENTED_EDGE('',*,*,#5906,.F.);
#5906 = EDGE_CURVE('',#5847,#5898,#5907,.T.);
#5907 = LINE('',#5908,#5909);
#5908 = CARTESIAN_POINT('',(6.,127.8,-3.));
#5909 = VECTOR('',#5910,1.);
#5910 = DIRECTION('',(1.,0.,0.));
#5911 = FACE_BOUND('',#5912,.F.);
#5912 = EDGE_LOOP('',(#5913,#5920,#5921,#5922,#5923,#5924,#5925,#5926));
#5913 = ORIENTED_EDGE('',*,*,#5914,.T.);
#5914 = EDGE_CURVE('',#4108,#4896,#5915,.T.);
#5915 = CIRCLE('',#5916,3.5);
#5916 = AXIS2_PLACEMENT_3D('',#5917,#5918,#5919);
#5917 = CARTESIAN_POINT('',(6.,123.3,-3.));
#5918 = DIRECTION('',(0.,0.,-1.));
#5919 = DIRECTION('',(-1.,0.,0.));
#5920 = ORIENTED_EDGE('',*,*,#4904,.T.);
#5921 = ORIENTED_EDGE('',*,*,#4805,.T.);
#5922 = ORIENTED_EDGE('',*,*,#4778,.T.);
#5923 = ORIENTED_EDGE('',*,*,#4754,.T.);
#5924 = ORIENTED_EDGE('',*,*,#4727,.T.);
#5925 = ORIENTED_EDGE('',*,*,#4686,.T.);
#5926 = ORIENTED_EDGE('',*,*,#4107,.T.);
#5927 = PLANE('',#5928);
#5928 = AXIS2_PLACEMENT_3D('',#5929,#5930,#5931);
#5929 = CARTESIAN_POINT('',(179.9,64.65,-3.));
#5930 = DIRECTION('',(0.,0.,1.));
#5931 = DIRECTION('',(1.,0.,0.));
#5932 = ADVANCED_FACE('',(#5933),#5939,.T.);
#5933 = FACE_BOUND('',#5934,.F.);
#5934 = EDGE_LOOP('',(#5935,#5936,#5937,#5938));
#5935 = ORIENTED_EDGE('',*,*,#4115,.F.);
#5936 = ORIENTED_EDGE('',*,*,#4132,.T.);
#5937 = ORIENTED_EDGE('',*,*,#4895,.T.);
#5938 = ORIENTED_EDGE('',*,*,#5914,.F.);
#5939 = TOROIDAL_SURFACE('',#5940,3.5,0.5);
#5940 = AXIS2_PLACEMENT_3D('',#5941,#5942,#5943);
#5941 = CARTESIAN_POINT('',(6.,123.3,-2.5));
#5942 = DIRECTION('',(0.,0.,1.));
#5943 = DIRECTION('',(-1.,0.,0.));
#5944 = ADVANCED_FACE('',(#5945),#5973,.T.);
#5945 = FACE_BOUND('',#5946,.T.);
#5946 = EDGE_LOOP('',(#5947,#5956,#5965,#5972));
#5947 = ORIENTED_EDGE('',*,*,#5948,.F.);
#5948 = EDGE_CURVE('',#5949,#4267,#5951,.T.);
#5949 = VERTEX_POINT('',#5950);
#5950 = CARTESIAN_POINT('',(1.,99.6,2.8));
#5951 = CIRCLE('',#5952,0.5);
#5952 = AXIS2_PLACEMENT_3D('',#5953,#5954,#5955);
#5953 = CARTESIAN_POINT('',(1.5,99.6,2.8));
#5954 = DIRECTION('',(0.,0.,-1.));
#5955 = DIRECTION('',(0.,-1.,0.));
#5956 = ORIENTED_EDGE('',*,*,#5957,.T.);
#5957 = EDGE_CURVE('',#5949,#5958,#5960,.T.);
#5958 = VERTEX_POINT('',#5959);
#5959 = CARTESIAN_POINT('',(1.,101.1,4.3));
#5960 = CIRCLE('',#5961,1.5);
#5961 = AXIS2_PLACEMENT_3D('',#5962,#5963,#5964);
#5962 = CARTESIAN_POINT('',(1.,101.1,2.8));
#5963 = DIRECTION('',(-1.,0.,0.));
#5964 = DIRECTION('',(0.,-1.,0.));
#5965 = ORIENTED_EDGE('',*,*,#5966,.T.);
#5966 = EDGE_CURVE('',#5958,#4259,#5967,.T.);
#5967 = CIRCLE('',#5968,0.5);
#5968 = AXIS2_PLACEMENT_3D('',#5969,#5970,#5971);
#5969 = CARTESIAN_POINT('',(1.5,101.1,4.3));
#5970 = DIRECTION('',(0.,-1.,2.38E-15));
#5971 = DIRECTION('',(0.,2.38E-15,1.));
#5972 = ORIENTED_EDGE('',*,*,#4266,.F.);
#5973 = TOROIDAL_SURFACE('',#5974,1.5,0.5);
#5974 = AXIS2_PLACEMENT_3D('',#5975,#5976,#5977);
#5975 = CARTESIAN_POINT('',(1.5,101.1,2.8));
#5976 = DIRECTION('',(-1.,-0.,-0.));
#5977 = DIRECTION('',(0.,-1.,0.));
#5978 = ADVANCED_FACE('',(#5979),#5998,.T.);
#5979 = FACE_BOUND('',#5980,.F.);
#5980 = EDGE_LOOP('',(#5981,#5982,#5983,#5992));
#5981 = ORIENTED_EDGE('',*,*,#5966,.T.);
#5982 = ORIENTED_EDGE('',*,*,#4298,.T.);
#5983 = ORIENTED_EDGE('',*,*,#5984,.F.);
#5984 = EDGE_CURVE('',#5985,#4291,#5987,.T.);
#5985 = VERTEX_POINT('',#5986);
#5986 = CARTESIAN_POINT('',(1.,107.5,4.3));
#5987 = CIRCLE('',#5988,0.5);
#5988 = AXIS2_PLACEMENT_3D('',#5989,#5990,#5991);
#5989 = CARTESIAN_POINT('',(1.5,107.5,4.3));
#5990 = DIRECTION('',(-0.,-1.,-0.));
#5991 = DIRECTION('',(-1.,0.,0.));
#5992 = ORIENTED_EDGE('',*,*,#5993,.F.);
#5993 = EDGE_CURVE('',#5958,#5985,#5994,.T.);
#5994 = LINE('',#5995,#5996);
#5995 = CARTESIAN_POINT('',(1.,101.1,4.3));
#5996 = VECTOR('',#5997,1.);
#5997 = DIRECTION('',(0.,1.,0.));
#5998 = CYLINDRICAL_SURFACE('',#5999,0.5);
#5999 = AXIS2_PLACEMENT_3D('',#6000,#6001,#6002);
#6000 = CARTESIAN_POINT('',(1.5,101.1,4.3));
#6001 = DIRECTION('',(0.,1.,0.));
#6002 = DIRECTION('',(-1.,0.,0.));
#6003 = ADVANCED_FACE('',(#6004),#6024,.T.);
#6004 = FACE_BOUND('',#6005,.T.);
#6005 = EDGE_LOOP('',(#6006,#6007,#6016,#6023));
#6006 = ORIENTED_EDGE('',*,*,#5984,.F.);
#6007 = ORIENTED_EDGE('',*,*,#6008,.T.);
#6008 = EDGE_CURVE('',#5985,#6009,#6011,.T.);
#6009 = VERTEX_POINT('',#6010);
#6010 = CARTESIAN_POINT('',(1.,109.,2.8));
#6011 = CIRCLE('',#6012,1.5);
#6012 = AXIS2_PLACEMENT_3D('',#6013,#6014,#6015);
#6013 = CARTESIAN_POINT('',(1.,107.5,2.8));
#6014 = DIRECTION('',(-1.,0.,0.));
#6015 = DIRECTION('',(0.,0.,1.));
#6016 = ORIENTED_EDGE('',*,*,#6017,.T.);
#6017 = EDGE_CURVE('',#6009,#4315,#6018,.T.);
#6018 = CIRCLE('',#6019,0.5);
#6019 = AXIS2_PLACEMENT_3D('',#6020,#6021,#6022);
#6020 = CARTESIAN_POINT('',(1.5,109.,2.8));
#6021 = DIRECTION('',(0.,-6.E-17,1.));
#6022 = DIRECTION('',(0.,1.,6.E-17));
#6023 = ORIENTED_EDGE('',*,*,#4322,.F.);
#6024 = TOROIDAL_SURFACE('',#6025,1.5,0.5);
#6025 = AXIS2_PLACEMENT_3D('',#6026,#6027,#6028);
#6026 = CARTESIAN_POINT('',(1.5,107.5,2.8));
#6027 = DIRECTION('',(-1.,-0.,-0.));
#6028 = DIRECTION('',(0.,0.,1.));
#6029 = ADVANCED_FACE('',(#6030),#6049,.T.);
#6030 = FACE_BOUND('',#6031,.F.);
#6031 = EDGE_LOOP('',(#6032,#6033,#6034,#6043));
#6032 = ORIENTED_EDGE('',*,*,#6017,.T.);
#6033 = ORIENTED_EDGE('',*,*,#4347,.T.);
#6034 = ORIENTED_EDGE('',*,*,#6035,.F.);
#6035 = EDGE_CURVE('',#6036,#4340,#6038,.T.);
#6036 = VERTEX_POINT('',#6037);
#6037 = CARTESIAN_POINT('',(1.,109.,2.2));
#6038 = CIRCLE('',#6039,0.5);
#6039 = AXIS2_PLACEMENT_3D('',#6040,#6041,#6042);
#6040 = CARTESIAN_POINT('',(1.5,109.,2.2));
#6041 = DIRECTION('',(0.,-0.,1.));
#6042 = DIRECTION('',(-1.,0.,0.));
#6043 = ORIENTED_EDGE('',*,*,#6044,.F.);
#6044 = EDGE_CURVE('',#6009,#6036,#6045,.T.);
#6045 = LINE('',#6046,#6047);
#6046 = CARTESIAN_POINT('',(1.,109.,2.8));
#6047 = VECTOR('',#6048,1.);
#6048 = DIRECTION('',(0.,0.,-1.));
#6049 = CYLINDRICAL_SURFACE('',#6050,0.5);
#6050 = AXIS2_PLACEMENT_3D('',#6051,#6052,#6053);
#6051 = CARTESIAN_POINT('',(1.5,109.,2.8));
#6052 = DIRECTION('',(0.,0.,-1.));
#6053 = DIRECTION('',(-1.,-0.,-0.));
#6054 = ADVANCED_FACE('',(#6055),#6075,.T.);
#6055 = FACE_BOUND('',#6056,.T.);
#6056 = EDGE_LOOP('',(#6057,#6058,#6067,#6074));
#6057 = ORIENTED_EDGE('',*,*,#6035,.F.);
#6058 = ORIENTED_EDGE('',*,*,#6059,.T.);
#6059 = EDGE_CURVE('',#6036,#6060,#6062,.T.);
#6060 = VERTEX_POINT('',#6061);
#6061 = CARTESIAN_POINT('',(1.,107.5,0.7));
#6062 = CIRCLE('',#6063,1.5);
#6063 = AXIS2_PLACEMENT_3D('',#6064,#6065,#6066);
#6064 = CARTESIAN_POINT('',(1.,107.5,2.2));
#6065 = DIRECTION('',(-1.,0.,0.));
#6066 = DIRECTION('',(0.,1.,0.));
#6067 = ORIENTED_EDGE('',*,*,#6068,.T.);
#6068 = EDGE_CURVE('',#6060,#4364,#6069,.T.);
#6069 = CIRCLE('',#6070,0.5);
#6070 = AXIS2_PLACEMENT_3D('',#6071,#6072,#6073);
#6071 = CARTESIAN_POINT('',(1.5,107.5,0.7));
#6072 = DIRECTION('',(0.,1.,-4.38E-15));
#6073 = DIRECTION('',(0.,-4.38E-15,-1.));
#6074 = ORIENTED_EDGE('',*,*,#4371,.F.);
#6075 = TOROIDAL_SURFACE('',#6076,1.5,0.5);
#6076 = AXIS2_PLACEMENT_3D('',#6077,#6078,#6079);
#6077 = CARTESIAN_POINT('',(1.5,107.5,2.2));
#6078 = DIRECTION('',(-1.,-0.,-0.));
#6079 = DIRECTION('',(0.,1.,0.));
#6080 = ADVANCED_FACE('',(#6081),#6100,.T.);
#6081 = FACE_BOUND('',#6082,.F.);
#6082 = EDGE_LOOP('',(#6083,#6084,#6085,#6094));
#6083 = ORIENTED_EDGE('',*,*,#6068,.T.);
#6084 = ORIENTED_EDGE('',*,*,#4396,.T.);
#6085 = ORIENTED_EDGE('',*,*,#6086,.F.);
#6086 = EDGE_CURVE('',#6087,#4389,#6089,.T.);
#6087 = VERTEX_POINT('',#6088);
#6088 = CARTESIAN_POINT('',(1.,101.1,0.7));
#6089 = CIRCLE('',#6090,0.5);
#6090 = AXIS2_PLACEMENT_3D('',#6091,#6092,#6093);
#6091 = CARTESIAN_POINT('',(1.5,101.1,0.7));
#6092 = DIRECTION('',(0.,1.,-0.));
#6093 = DIRECTION('',(-1.,0.,0.));
#6094 = ORIENTED_EDGE('',*,*,#6095,.F.);
#6095 = EDGE_CURVE('',#6060,#6087,#6096,.T.);
#6096 = LINE('',#6097,#6098);
#6097 = CARTESIAN_POINT('',(1.,107.5,0.7));
#6098 = VECTOR('',#6099,1.);
#6099 = DIRECTION('',(0.,-1.,0.));
#6100 = CYLINDRICAL_SURFACE('',#6101,0.5);
#6101 = AXIS2_PLACEMENT_3D('',#6102,#6103,#6104);
#6102 = CARTESIAN_POINT('',(1.5,107.5,0.7));
#6103 = DIRECTION('',(0.,-1.,0.));
#6104 = DIRECTION('',(-1.,0.,0.));
#6105 = ADVANCED_FACE('',(#6106),#6126,.T.);
#6106 = FACE_BOUND('',#6107,.T.);
#6107 = EDGE_LOOP('',(#6108,#6109,#6118,#6125));
#6108 = ORIENTED_EDGE('',*,*,#6086,.F.);
#6109 = ORIENTED_EDGE('',*,*,#6110,.T.);
#6110 = EDGE_CURVE('',#6087,#6111,#6113,.T.);
#6111 = VERTEX_POINT('',#6112);
#6112 = CARTESIAN_POINT('',(1.,99.6,2.2));
#6113 = CIRCLE('',#6114,1.5);
#6114 = AXIS2_PLACEMENT_3D('',#6115,#6116,#6117);
#6115 = CARTESIAN_POINT('',(1.,101.1,2.2));
#6116 = DIRECTION('',(-1.,-0.,-0.));
#6117 = DIRECTION('',(0.,0.,-1.));
#6118 = ORIENTED_EDGE('',*,*,#6119,.T.);
#6119 = EDGE_CURVE('',#6111,#4413,#6120,.T.);
#6120 = CIRCLE('',#6121,0.5);
#6121 = AXIS2_PLACEMENT_3D('',#6122,#6123,#6124);
#6122 = CARTESIAN_POINT('',(1.5,99.6,2.2));
#6123 = DIRECTION('',(-0.,-8.3E-16,-1.));
#6124 = DIRECTION('',(0.,-1.,8.3E-16));
#6125 = ORIENTED_EDGE('',*,*,#4420,.F.);
#6126 = TOROIDAL_SURFACE('',#6127,1.5,0.5);
#6127 = AXIS2_PLACEMENT_3D('',#6128,#6129,#6130);
#6128 = CARTESIAN_POINT('',(1.5,101.1,2.2));
#6129 = DIRECTION('',(-1.,-0.,-0.));
#6130 = DIRECTION('',(0.,0.,-1.));
#6131 = ADVANCED_FACE('',(#6132),#6143,.T.);
#6132 = FACE_BOUND('',#6133,.F.);
#6133 = EDGE_LOOP('',(#6134,#6135,#6136,#6137));
#6134 = ORIENTED_EDGE('',*,*,#6119,.T.);
#6135 = ORIENTED_EDGE('',*,*,#4438,.T.);
#6136 = ORIENTED_EDGE('',*,*,#5948,.F.);
#6137 = ORIENTED_EDGE('',*,*,#6138,.F.);
#6138 = EDGE_CURVE('',#6111,#5949,#6139,.T.);
#6139 = LINE('',#6140,#6141);
#6140 = CARTESIAN_POINT('',(1.,99.6,2.2));
#6141 = VECTOR('',#6142,1.);
#6142 = DIRECTION('',(0.,0.,1.));
#6143 = CYLINDRICAL_SURFACE('',#6144,0.5);
#6144 = AXIS2_PLACEMENT_3D('',#6145,#6146,#6147);
#6145 = CARTESIAN_POINT('',(1.5,99.6,2.2));
#6146 = DIRECTION('',(0.,0.,1.));
#6147 = DIRECTION('',(-1.,0.,0.));
#6148 = ADVANCED_FACE('',(#6149,#6159,#6193),#6196,.T.);
#6149 = FACE_BOUND('',#6150,.T.);
#6150 = EDGE_LOOP('',(#6151,#6152,#6153,#6154,#6155,#6156,#6157,#6158));
#6151 = ORIENTED_EDGE('',*,*,#5957,.F.);
#6152 = ORIENTED_EDGE('',*,*,#6138,.F.);
#6153 = ORIENTED_EDGE('',*,*,#6110,.F.);
#6154 = ORIENTED_EDGE('',*,*,#6095,.F.);
#6155 = ORIENTED_EDGE('',*,*,#6059,.F.);
#6156 = ORIENTED_EDGE('',*,*,#6044,.F.);
#6157 = ORIENTED_EDGE('',*,*,#6008,.F.);
#6158 = ORIENTED_EDGE('',*,*,#5993,.F.);
#6159 = FACE_BOUND('',#6160,.T.);
#6160 = EDGE_LOOP('',(#6161,#6171,#6179,#6187));
#6161 = ORIENTED_EDGE('',*,*,#6162,.F.);
#6162 = EDGE_CURVE('',#6163,#6165,#6167,.T.);
#6163 = VERTEX_POINT('',#6164);
#6164 = CARTESIAN_POINT('',(1.,6.,7.5));
#6165 = VERTEX_POINT('',#6166);
#6166 = CARTESIAN_POINT('',(1.,6.,-2.5));
#6167 = LINE('',#6168,#6169);
#6168 = CARTESIAN_POINT('',(1.,6.,0.));
#6169 = VECTOR('',#6170,1.);
#6170 = DIRECTION('',(0.,0.,-1.));
#6171 = ORIENTED_EDGE('',*,*,#6172,.F.);
#6172 = EDGE_CURVE('',#6173,#6163,#6175,.T.);
#6173 = VERTEX_POINT('',#6174);
#6174 = CARTESIAN_POINT('',(1.,123.3,7.5));
#6175 = LINE('',#6176,#6177);
#6176 = CARTESIAN_POINT('',(1.,123.3,7.5));
#6177 = VECTOR('',#6178,1.);
#6178 = DIRECTION('',(0.,-1.,0.));
#6179 = ORIENTED_EDGE('',*,*,#6180,.F.);
#6180 = EDGE_CURVE('',#6181,#6173,#6183,.T.);
#6181 = VERTEX_POINT('',#6182);
#6182 = CARTESIAN_POINT('',(1.,123.3,-2.5));
#6183 = LINE('',#6184,#6185);
#6184 = CARTESIAN_POINT('',(1.,123.3,5.));
#6185 = VECTOR('',#6186,1.);
#6186 = DIRECTION('',(0.,0.,1.));
#6187 = ORIENTED_EDGE('',*,*,#6188,.F.);
#6188 = EDGE_CURVE('',#6165,#6181,#6189,.T.);
#6189 = LINE('',#6190,#6191);
#6190 = CARTESIAN_POINT('',(1.,6.,-2.5));
#6191 = VECTOR('',#6192,1.);
#6192 = DIRECTION('',(0.,1.,0.));
#6193 = FACE_BOUND('',#6194,.T.);
#6194 = EDGE_LOOP('',(#6195));
#6195 = ORIENTED_EDGE('',*,*,#4462,.F.);
#6196 = PLANE('',#6197);
#6197 = AXIS2_PLACEMENT_3D('',#6198,#6199,#6200);
#6198 = CARTESIAN_POINT('',(1.,64.65,2.5));
#6199 = DIRECTION('',(-1.,-0.,-0.));
#6200 = DIRECTION('',(0.,0.,-1.));
#6201 = ADVANCED_FACE('',(#6202),#6220,.F.);
#6202 = FACE_BOUND('',#6203,.T.);
#6203 = EDGE_LOOP('',(#6204,#6211,#6218,#6219));
#6204 = ORIENTED_EDGE('',*,*,#6205,.F.);
#6205 = EDGE_CURVE('',#6206,#4659,#6208,.T.);
#6206 = VERTEX_POINT('',#6207);
#6207 = CARTESIAN_POINT('',(42.8,97.25,5.5));
#6208 = B_SPLINE_CURVE_WITH_KNOTS('',1,(#6209,#6210),.UNSPECIFIED.,.F.,
  .F.,(2,2),(-5.5,0.),.PIECEWISE_BEZIER_KNOTS.);
#6209 = CARTESIAN_POINT('',(42.8,97.25,5.5));
#6210 = CARTESIAN_POINT('',(42.8,97.25,0.));
#6211 = ORIENTED_EDGE('',*,*,#6212,.T.);
#6212 = EDGE_CURVE('',#6206,#6206,#6213,.T.);
#6213 = CIRCLE('',#6214,0.8);
#6214 = AXIS2_PLACEMENT_3D('',#6215,#6216,#6217);
#6215 = CARTESIAN_POINT('',(42.,97.25,5.5));
#6216 = DIRECTION('',(0.,0.,1.));
#6217 = DIRECTION('',(1.,0.,0.));
#6218 = ORIENTED_EDGE('',*,*,#6205,.T.);
#6219 = ORIENTED_EDGE('',*,*,#4658,.T.);
#6220 = CYLINDRICAL_SURFACE('',#6221,0.8);
#6221 = AXIS2_PLACEMENT_3D('',#6222,#6223,#6224);
#6222 = CARTESIAN_POINT('',(42.,97.25,0.));
#6223 = DIRECTION('',(-0.,-0.,-1.));
#6224 = DIRECTION('',(1.,0.,0.));
#6225 = ADVANCED_FACE('',(#6226),#6238,.T.);
#6226 = FACE_BOUND('',#6227,.T.);
#6227 = EDGE_LOOP('',(#6228,#6235,#6236,#6237));
#6228 = ORIENTED_EDGE('',*,*,#6229,.F.);
#6229 = EDGE_CURVE('',#5620,#4871,#6230,.T.);
#6230 = CIRCLE('',#6231,0.5);
#6231 = AXIS2_PLACEMENT_3D('',#6232,#6233,#6234);
#6232 = CARTESIAN_POINT('',(357.29999999997,123.30000000005,7.5));
#6233 = DIRECTION('',(0.,-1.,0.));
#6234 = DIRECTION('',(0.,0.,1.));
#6235 = ORIENTED_EDGE('',*,*,#5619,.T.);
#6236 = ORIENTED_EDGE('',*,*,#4837,.T.);
#6237 = ORIENTED_EDGE('',*,*,#4878,.F.);
#6238 = TOROIDAL_SURFACE('',#6239,3.5,0.5);
#6239 = AXIS2_PLACEMENT_3D('',#6240,#6241,#6242);
#6240 = CARTESIAN_POINT('',(353.79999999997,123.3,7.5));
#6241 = DIRECTION('',(0.,0.,1.));
#6242 = DIRECTION('',(1.,1.929834E-11,0.));
#6243 = ADVANCED_FACE('',(#6244),#6272,.T.);
#6244 = FACE_BOUND('',#6245,.T.);
#6245 = EDGE_LOOP('',(#6246,#6255,#6264,#6271));
#6246 = ORIENTED_EDGE('',*,*,#6247,.F.);
#6247 = EDGE_CURVE('',#6248,#4929,#6250,.T.);
#6248 = VERTEX_POINT('',#6249);
#6249 = CARTESIAN_POINT('',(28.2,128.3,4.3));
#6250 = CIRCLE('',#6251,0.5);
#6251 = AXIS2_PLACEMENT_3D('',#6252,#6253,#6254);
#6252 = CARTESIAN_POINT('',(28.2,127.8,4.3));
#6253 = DIRECTION('',(-1.,0.,0.));
#6254 = DIRECTION('',(0.,1.,0.));
#6255 = ORIENTED_EDGE('',*,*,#6256,.T.);
#6256 = EDGE_CURVE('',#6248,#6257,#6259,.T.);
#6257 = VERTEX_POINT('',#6258);
#6258 = CARTESIAN_POINT('',(29.7,128.3,2.8));
#6259 = CIRCLE('',#6260,1.5);
#6260 = AXIS2_PLACEMENT_3D('',#6261,#6262,#6263);
#6261 = CARTESIAN_POINT('',(28.2,128.3,2.8));
#6262 = DIRECTION('',(0.,1.,-0.));
#6263 = DIRECTION('',(-1.421E-14,0.,1.));
#6264 = ORIENTED_EDGE('',*,*,#6265,.T.);
#6265 = EDGE_CURVE('',#6257,#4921,#6266,.T.);
#6266 = CIRCLE('',#6267,0.5);
#6267 = AXIS2_PLACEMENT_3D('',#6268,#6269,#6270);
#6268 = CARTESIAN_POINT('',(29.7,127.8,2.8));
#6269 = DIRECTION('',(-1.427E-14,0.,1.));
#6270 = DIRECTION('',(1.,0.,1.427E-14));
#6271 = ORIENTED_EDGE('',*,*,#4928,.F.);
#6272 = TOROIDAL_SURFACE('',#6273,1.5,0.5);
#6273 = AXIS2_PLACEMENT_3D('',#6274,#6275,#6276);
#6274 = CARTESIAN_POINT('',(28.2,127.8,2.8));
#6275 = DIRECTION('',(0.,1.,0.));
#6276 = DIRECTION('',(-1.421E-14,0.,1.));
#6277 = ADVANCED_FACE('',(#6278),#6297,.T.);
#6278 = FACE_BOUND('',#6279,.F.);
#6279 = EDGE_LOOP('',(#6280,#6281,#6282,#6291));
#6280 = ORIENTED_EDGE('',*,*,#6265,.T.);
#6281 = ORIENTED_EDGE('',*,*,#4960,.T.);
#6282 = ORIENTED_EDGE('',*,*,#6283,.F.);
#6283 = EDGE_CURVE('',#6284,#4953,#6286,.T.);
#6284 = VERTEX_POINT('',#6285);
#6285 = CARTESIAN_POINT('',(29.7,128.3,2.2));
#6286 = CIRCLE('',#6287,0.5);
#6287 = AXIS2_PLACEMENT_3D('',#6288,#6289,#6290);
#6288 = CARTESIAN_POINT('',(29.7,127.8,2.2));
#6289 = DIRECTION('',(0.,2.2E-16,1.));
#6290 = DIRECTION('',(0.,1.,-2.2E-16));
#6291 = ORIENTED_EDGE('',*,*,#6292,.F.);
#6292 = EDGE_CURVE('',#6257,#6284,#6293,.T.);
#6293 = LINE('',#6294,#6295);
#6294 = CARTESIAN_POINT('',(29.7,128.3,2.8));
#6295 = VECTOR('',#6296,1.);
#6296 = DIRECTION('',(0.,-2.2E-16,-1.));
#6297 = CYLINDRICAL_SURFACE('',#6298,0.5);
#6298 = AXIS2_PLACEMENT_3D('',#6299,#6300,#6301);
#6299 = CARTESIAN_POINT('',(29.7,127.8,2.8));
#6300 = DIRECTION('',(0.,-2.2E-16,-1.));
#6301 = DIRECTION('',(0.,1.,-2.2E-16));
#6302 = ADVANCED_FACE('',(#6303),#6323,.T.);
#6303 = FACE_BOUND('',#6304,.T.);
#6304 = EDGE_LOOP('',(#6305,#6306,#6315,#6322));
#6305 = ORIENTED_EDGE('',*,*,#6283,.F.);
#6306 = ORIENTED_EDGE('',*,*,#6307,.T.);
#6307 = EDGE_CURVE('',#6284,#6308,#6310,.T.);
#6308 = VERTEX_POINT('',#6309);
#6309 = CARTESIAN_POINT('',(28.2,128.3,0.7));
#6310 = CIRCLE('',#6311,1.5);
#6311 = AXIS2_PLACEMENT_3D('',#6312,#6313,#6314);
#6312 = CARTESIAN_POINT('',(28.2,128.3,2.2));
#6313 = DIRECTION('',(-0.,1.,0.));
#6314 = DIRECTION('',(1.,0.,0.));
#6315 = ORIENTED_EDGE('',*,*,#6316,.T.);
#6316 = EDGE_CURVE('',#6308,#4977,#6317,.T.);
#6317 = CIRCLE('',#6318,0.5);
#6318 = AXIS2_PLACEMENT_3D('',#6319,#6320,#6321);
#6319 = CARTESIAN_POINT('',(28.2,127.8,0.7));
#6320 = DIRECTION('',(1.,0.,-8.3E-16));
#6321 = DIRECTION('',(-8.3E-16,0.,-1.));
#6322 = ORIENTED_EDGE('',*,*,#4984,.F.);
#6323 = TOROIDAL_SURFACE('',#6324,1.5,0.5);
#6324 = AXIS2_PLACEMENT_3D('',#6325,#6326,#6327);
#6325 = CARTESIAN_POINT('',(28.2,127.8,2.2));
#6326 = DIRECTION('',(0.,1.,0.));
#6327 = DIRECTION('',(1.,0.,0.));
#6328 = ADVANCED_FACE('',(#6329),#6348,.T.);
#6329 = FACE_BOUND('',#6330,.F.);
#6330 = EDGE_LOOP('',(#6331,#6332,#6333,#6342));
#6331 = ORIENTED_EDGE('',*,*,#6316,.T.);
#6332 = ORIENTED_EDGE('',*,*,#5009,.T.);
#6333 = ORIENTED_EDGE('',*,*,#6334,.F.);
#6334 = EDGE_CURVE('',#6335,#5002,#6337,.T.);
#6335 = VERTEX_POINT('',#6336);
#6336 = CARTESIAN_POINT('',(21.8,128.3,0.7));
#6337 = CIRCLE('',#6338,0.5);
#6338 = AXIS2_PLACEMENT_3D('',#6339,#6340,#6341);
#6339 = CARTESIAN_POINT('',(21.8,127.8,0.7));
#6340 = DIRECTION('',(1.,0.,0.));
#6341 = DIRECTION('',(0.,1.,0.));
#6342 = ORIENTED_EDGE('',*,*,#6343,.F.);
#6343 = EDGE_CURVE('',#6308,#6335,#6344,.T.);
#6344 = LINE('',#6345,#6346);
#6345 = CARTESIAN_POINT('',(28.2,128.3,0.7));
#6346 = VECTOR('',#6347,1.);
#6347 = DIRECTION('',(-1.,0.,0.));
#6348 = CYLINDRICAL_SURFACE('',#6349,0.5);
#6349 = AXIS2_PLACEMENT_3D('',#6350,#6351,#6352);
#6350 = CARTESIAN_POINT('',(28.2,127.8,0.7));
#6351 = DIRECTION('',(-1.,0.,0.));
#6352 = DIRECTION('',(0.,1.,0.));
#6353 = ADVANCED_FACE('',(#6354),#6374,.T.);
#6354 = FACE_BOUND('',#6355,.T.);
#6355 = EDGE_LOOP('',(#6356,#6357,#6366,#6373));
#6356 = ORIENTED_EDGE('',*,*,#6334,.F.);
#6357 = ORIENTED_EDGE('',*,*,#6358,.T.);
#6358 = EDGE_CURVE('',#6335,#6359,#6361,.T.);
#6359 = VERTEX_POINT('',#6360);
#6360 = CARTESIAN_POINT('',(20.3,128.3,2.2));
#6361 = CIRCLE('',#6362,1.5);
#6362 = AXIS2_PLACEMENT_3D('',#6363,#6364,#6365);
#6363 = CARTESIAN_POINT('',(21.8,128.3,2.2));
#6364 = DIRECTION('',(0.,1.,0.));
#6365 = DIRECTION('',(-1.066E-14,0.,-1.));
#6366 = ORIENTED_EDGE('',*,*,#6367,.T.);
#6367 = EDGE_CURVE('',#6359,#5026,#6368,.T.);
#6368 = CIRCLE('',#6369,0.5);
#6369 = AXIS2_PLACEMENT_3D('',#6370,#6371,#6372);
#6370 = CARTESIAN_POINT('',(20.3,127.8,2.2));
#6371 = DIRECTION('',(-1.06E-14,0.,-1.));
#6372 = DIRECTION('',(-1.,0.,1.06E-14));
#6373 = ORIENTED_EDGE('',*,*,#5033,.F.);
#6374 = TOROIDAL_SURFACE('',#6375,1.5,0.5);
#6375 = AXIS2_PLACEMENT_3D('',#6376,#6377,#6378);
#6376 = CARTESIAN_POINT('',(21.8,127.8,2.2));
#6377 = DIRECTION('',(0.,1.,0.));
#6378 = DIRECTION('',(-1.066E-14,0.,-1.));
#6379 = ADVANCED_FACE('',(#6380),#6399,.T.);
#6380 = FACE_BOUND('',#6381,.F.);
#6381 = EDGE_LOOP('',(#6382,#6383,#6384,#6393));
#6382 = ORIENTED_EDGE('',*,*,#6367,.T.);
#6383 = ORIENTED_EDGE('',*,*,#5058,.T.);
#6384 = ORIENTED_EDGE('',*,*,#6385,.F.);
#6385 = EDGE_CURVE('',#6386,#5051,#6388,.T.);
#6386 = VERTEX_POINT('',#6387);
#6387 = CARTESIAN_POINT('',(20.3,128.3,2.8));
#6388 = CIRCLE('',#6389,0.5);
#6389 = AXIS2_PLACEMENT_3D('',#6390,#6391,#6392);
#6390 = CARTESIAN_POINT('',(20.3,127.8,2.8));
#6391 = DIRECTION('',(0.,-2.2E-16,-1.));
#6392 = DIRECTION('',(0.,1.,-2.2E-16));
#6393 = ORIENTED_EDGE('',*,*,#6394,.F.);
#6394 = EDGE_CURVE('',#6359,#6386,#6395,.T.);
#6395 = LINE('',#6396,#6397);
#6396 = CARTESIAN_POINT('',(20.3,128.3,2.2));
#6397 = VECTOR('',#6398,1.);
#6398 = DIRECTION('',(0.,2.2E-16,1.));
#6399 = CYLINDRICAL_SURFACE('',#6400,0.5);
#6400 = AXIS2_PLACEMENT_3D('',#6401,#6402,#6403);
#6401 = CARTESIAN_POINT('',(20.3,127.8,2.2));
#6402 = DIRECTION('',(0.,2.2E-16,1.));
#6403 = DIRECTION('',(0.,1.,-2.2E-16));
#6404 = ADVANCED_FACE('',(#6405),#6425,.T.);
#6405 = FACE_BOUND('',#6406,.T.);
#6406 = EDGE_LOOP('',(#6407,#6408,#6417,#6424));
#6407 = ORIENTED_EDGE('',*,*,#6385,.F.);
#6408 = ORIENTED_EDGE('',*,*,#6409,.T.);
#6409 = EDGE_CURVE('',#6386,#6410,#6412,.T.);
#6410 = VERTEX_POINT('',#6411);
#6411 = CARTESIAN_POINT('',(21.8,128.3,4.3));
#6412 = CIRCLE('',#6413,1.5);
#6413 = AXIS2_PLACEMENT_3D('',#6414,#6415,#6416);
#6414 = CARTESIAN_POINT('',(21.8,128.3,2.8));
#6415 = DIRECTION('',(0.,1.,-0.));
#6416 = DIRECTION('',(-1.,0.,0.));
#6417 = ORIENTED_EDGE('',*,*,#6418,.T.);
#6418 = EDGE_CURVE('',#6410,#5075,#6419,.T.);
#6419 = CIRCLE('',#6420,0.5);
#6420 = AXIS2_PLACEMENT_3D('',#6421,#6422,#6423);
#6421 = CARTESIAN_POINT('',(21.8,127.8,4.3));
#6422 = DIRECTION('',(-1.,0.,0.));
#6423 = DIRECTION('',(0.,1.,0.));
#6424 = ORIENTED_EDGE('',*,*,#5082,.F.);
#6425 = TOROIDAL_SURFACE('',#6426,1.5,0.5);
#6426 = AXIS2_PLACEMENT_3D('',#6427,#6428,#6429);
#6427 = CARTESIAN_POINT('',(21.8,127.8,2.8));
#6428 = DIRECTION('',(0.,1.,0.));
#6429 = DIRECTION('',(-1.,0.,0.));
#6430 = ADVANCED_FACE('',(#6431),#6442,.T.);
#6431 = FACE_BOUND('',#6432,.F.);
#6432 = EDGE_LOOP('',(#6433,#6434,#6435,#6436));
#6433 = ORIENTED_EDGE('',*,*,#6418,.T.);
#6434 = ORIENTED_EDGE('',*,*,#5100,.T.);
#6435 = ORIENTED_EDGE('',*,*,#6247,.F.);
#6436 = ORIENTED_EDGE('',*,*,#6437,.F.);
#6437 = EDGE_CURVE('',#6410,#6248,#6438,.T.);
#6438 = LINE('',#6439,#6440);
#6439 = CARTESIAN_POINT('',(21.8,128.3,4.3));
#6440 = VECTOR('',#6441,1.);
#6441 = DIRECTION('',(1.,0.,0.));
#6442 = CYLINDRICAL_SURFACE('',#6443,0.5);
#6443 = AXIS2_PLACEMENT_3D('',#6444,#6445,#6446);
#6444 = CARTESIAN_POINT('',(21.8,127.8,4.3));
#6445 = DIRECTION('',(1.,0.,0.));
#6446 = DIRECTION('',(0.,1.,0.));
#6447 = ADVANCED_FACE('',(#6448),#6460,.T.);
#6448 = FACE_BOUND('',#6449,.F.);
#6449 = EDGE_LOOP('',(#6450,#6457,#6458,#6459));
#6450 = ORIENTED_EDGE('',*,*,#6451,.T.);
#6451 = EDGE_CURVE('',#5629,#5191,#6452,.T.);
#6452 = CIRCLE('',#6453,0.5);
#6453 = AXIS2_PLACEMENT_3D('',#6454,#6455,#6456);
#6454 = CARTESIAN_POINT('',(357.29999999997,5.999999999932,7.5));
#6455 = DIRECTION('',(-1.930432E-11,-1.,0.));
#6456 = DIRECTION('',(1.,-1.930432E-11,0.));
#6457 = ORIENTED_EDGE('',*,*,#5198,.T.);
#6458 = ORIENTED_EDGE('',*,*,#6229,.F.);
#6459 = ORIENTED_EDGE('',*,*,#5628,.F.);
#6460 = CYLINDRICAL_SURFACE('',#6461,0.5);
#6461 = AXIS2_PLACEMENT_3D('',#6462,#6463,#6464);
#6462 = CARTESIAN_POINT('',(357.29999999997,5.999999999942,7.5));
#6463 = DIRECTION('',(0.,1.,0.));
#6464 = DIRECTION('',(0.,0.,1.));
#6465 = ADVANCED_FACE('',(#6466),#6478,.T.);
#6466 = FACE_BOUND('',#6467,.T.);
#6467 = EDGE_LOOP('',(#6468,#6475,#6476,#6477));
#6468 = ORIENTED_EDGE('',*,*,#6469,.F.);
#6469 = EDGE_CURVE('',#5637,#5215,#6470,.T.);
#6470 = CIRCLE('',#6471,0.5);
#6471 = AXIS2_PLACEMENT_3D('',#6472,#6473,#6474);
#6472 = CARTESIAN_POINT('',(353.79999999997,2.5,7.5));
#6473 = DIRECTION('',(-1.,0.,0.));
#6474 = DIRECTION('',(0.,0.,1.));
#6475 = ORIENTED_EDGE('',*,*,#5636,.T.);
#6476 = ORIENTED_EDGE('',*,*,#6451,.T.);
#6477 = ORIENTED_EDGE('',*,*,#5222,.F.);
#6478 = TOROIDAL_SURFACE('',#6479,3.5,0.5);
#6479 = AXIS2_PLACEMENT_3D('',#6480,#6481,#6482);
#6480 = CARTESIAN_POINT('',(353.79999999997,6.,7.5));
#6481 = DIRECTION('',(0.,0.,1.));
#6482 = DIRECTION('',(-9.474E-14,-1.,0.));
#6483 = ADVANCED_FACE('',(#6484),#6490,.T.);
#6484 = FACE_BOUND('',#6485,.F.);
#6485 = EDGE_LOOP('',(#6486,#6487,#6488,#6489));
#6486 = ORIENTED_EDGE('',*,*,#5582,.T.);
#6487 = ORIENTED_EDGE('',*,*,#5240,.T.);
#6488 = ORIENTED_EDGE('',*,*,#6469,.F.);
#6489 = ORIENTED_EDGE('',*,*,#5645,.F.);
#6490 = CYLINDRICAL_SURFACE('',#6491,0.5);
#6491 = AXIS2_PLACEMENT_3D('',#6492,#6493,#6494);
#6492 = CARTESIAN_POINT('',(6.000000000001,2.5,7.5));
#6493 = DIRECTION('',(1.,0.,0.));
#6494 = DIRECTION('',(0.,0.,1.));
#6495 = ADVANCED_FACE('',(#6496,#6499),#6502,.T.);
#6496 = FACE_BOUND('',#6497,.T.);
#6497 = EDGE_LOOP('',(#6498));
#6498 = ORIENTED_EDGE('',*,*,#5317,.T.);
#6499 = FACE_BOUND('',#6500,.F.);
#6500 = EDGE_LOOP('',(#6501));
#6501 = ORIENTED_EDGE('',*,*,#5555,.T.);
#6502 = PLANE('',#6503);
#6503 = AXIS2_PLACEMENT_3D('',#6504,#6505,#6506);
#6504 = CARTESIAN_POINT('',(8.,8.,5.5));
#6505 = DIRECTION('',(0.,0.,1.));
#6506 = DIRECTION('',(1.,0.,0.));
#6507 = ADVANCED_FACE('',(#6508,#6511),#6514,.T.);
#6508 = FACE_BOUND('',#6509,.T.);
#6509 = EDGE_LOOP('',(#6510));
#6510 = ORIENTED_EDGE('',*,*,#5502,.T.);
#6511 = FACE_BOUND('',#6512,.F.);
#6512 = EDGE_LOOP('',(#6513));
#6513 = ORIENTED_EDGE('',*,*,#6212,.T.);
#6514 = PLANE('',#6515);
#6515 = AXIS2_PLACEMENT_3D('',#6516,#6517,#6518);
#6516 = CARTESIAN_POINT('',(42.,97.25,5.5));
#6517 = DIRECTION('',(0.,0.,1.));
#6518 = DIRECTION('',(1.,0.,0.));
#6519 = ADVANCED_FACE('',(#6520),#6538,.T.);
#6520 = FACE_BOUND('',#6521,.T.);
#6521 = EDGE_LOOP('',(#6522,#6529,#6530,#6537));
#6522 = ORIENTED_EDGE('',*,*,#6523,.T.);
#6523 = EDGE_CURVE('',#5655,#6173,#6524,.T.);
#6524 = CIRCLE('',#6525,0.5);
#6525 = AXIS2_PLACEMENT_3D('',#6526,#6527,#6528);
#6526 = CARTESIAN_POINT('',(1.5,123.3,7.5));
#6527 = DIRECTION('',(0.,-1.,0.));
#6528 = DIRECTION('',(0.,0.,1.));
#6529 = ORIENTED_EDGE('',*,*,#6172,.T.);
#6530 = ORIENTED_EDGE('',*,*,#6531,.F.);
#6531 = EDGE_CURVE('',#5657,#6163,#6532,.T.);
#6532 = CIRCLE('',#6533,0.5);
#6533 = AXIS2_PLACEMENT_3D('',#6534,#6535,#6536);
#6534 = CARTESIAN_POINT('',(1.5,6.,7.5));
#6535 = DIRECTION('',(0.,-1.,0.));
#6536 = DIRECTION('',(0.,0.,1.));
#6537 = ORIENTED_EDGE('',*,*,#5654,.F.);
#6538 = CYLINDRICAL_SURFACE('',#6539,0.5);
#6539 = AXIS2_PLACEMENT_3D('',#6540,#6541,#6542);
#6540 = CARTESIAN_POINT('',(1.5,123.3,7.5));
#6541 = DIRECTION('',(0.,-1.,0.));
#6542 = DIRECTION('',(0.,0.,1.));
#6543 = ADVANCED_FACE('',(#6544),#6564,.T.);
#6544 = FACE_BOUND('',#6545,.F.);
#6545 = EDGE_LOOP('',(#6546,#6555,#6556,#6557));
#6546 = ORIENTED_EDGE('',*,*,#6547,.F.);
#6547 = EDGE_CURVE('',#5708,#6548,#6550,.T.);
#6548 = VERTEX_POINT('',#6549);
#6549 = CARTESIAN_POINT('',(6.,128.3,7.5));
#6550 = CIRCLE('',#6551,0.5);
#6551 = AXIS2_PLACEMENT_3D('',#6552,#6553,#6554);
#6552 = CARTESIAN_POINT('',(6.,127.8,7.5));
#6553 = DIRECTION('',(-1.,0.,0.));
#6554 = DIRECTION('',(0.,0.,1.));
#6555 = ORIENTED_EDGE('',*,*,#5715,.T.);
#6556 = ORIENTED_EDGE('',*,*,#6523,.T.);
#6557 = ORIENTED_EDGE('',*,*,#6558,.F.);
#6558 = EDGE_CURVE('',#6548,#6173,#6559,.T.);
#6559 = CIRCLE('',#6560,5.);
#6560 = AXIS2_PLACEMENT_3D('',#6561,#6562,#6563);
#6561 = CARTESIAN_POINT('',(6.,123.3,7.5));
#6562 = DIRECTION('',(0.,-0.,1.));
#6563 = DIRECTION('',(0.,1.,0.));
#6564 = TOROIDAL_SURFACE('',#6565,4.5,0.5);
#6565 = AXIS2_PLACEMENT_3D('',#6566,#6567,#6568);
#6566 = CARTESIAN_POINT('',(6.,123.3,7.5));
#6567 = DIRECTION('',(-0.,-0.,-1.));
#6568 = DIRECTION('',(0.,1.,0.));
#6569 = ADVANCED_FACE('',(#6570),#6590,.T.);
#6570 = FACE_BOUND('',#6571,.F.);
#6571 = EDGE_LOOP('',(#6572,#6573,#6574,#6583));
#6572 = ORIENTED_EDGE('',*,*,#6531,.F.);
#6573 = ORIENTED_EDGE('',*,*,#5664,.T.);
#6574 = ORIENTED_EDGE('',*,*,#6575,.T.);
#6575 = EDGE_CURVE('',#5665,#6576,#6578,.T.);
#6576 = VERTEX_POINT('',#6577);
#6577 = CARTESIAN_POINT('',(6.,1.,7.5));
#6578 = CIRCLE('',#6579,0.5);
#6579 = AXIS2_PLACEMENT_3D('',#6580,#6581,#6582);
#6580 = CARTESIAN_POINT('',(6.,1.5,7.5));
#6581 = DIRECTION('',(1.,5.327E-14,0.));
#6582 = DIRECTION('',(5.327E-14,-1.,0.));
#6583 = ORIENTED_EDGE('',*,*,#6584,.F.);
#6584 = EDGE_CURVE('',#6163,#6576,#6585,.T.);
#6585 = CIRCLE('',#6586,5.);
#6586 = AXIS2_PLACEMENT_3D('',#6587,#6588,#6589);
#6587 = CARTESIAN_POINT('',(6.,6.,7.5));
#6588 = DIRECTION('',(0.,0.,1.));
#6589 = DIRECTION('',(-1.,-3.091E-14,0.));
#6590 = TOROIDAL_SURFACE('',#6591,4.5,0.5);
#6591 = AXIS2_PLACEMENT_3D('',#6592,#6593,#6594);
#6592 = CARTESIAN_POINT('',(6.,6.,7.5));
#6593 = DIRECTION('',(-0.,-0.,-1.));
#6594 = DIRECTION('',(-1.,-3.091E-14,0.));
#6595 = ADVANCED_FACE('',(#6596),#6615,.T.);
#6596 = FACE_BOUND('',#6597,.T.);
#6597 = EDGE_LOOP('',(#6598,#6607,#6613,#6614));
#6598 = ORIENTED_EDGE('',*,*,#6599,.T.);
#6599 = EDGE_CURVE('',#5699,#6600,#6602,.T.);
#6600 = VERTEX_POINT('',#6601);
#6601 = CARTESIAN_POINT('',(353.8,128.3,7.5));
#6602 = CIRCLE('',#6603,0.5);
#6603 = AXIS2_PLACEMENT_3D('',#6604,#6605,#6606);
#6604 = CARTESIAN_POINT('',(353.8,127.8,7.5));
#6605 = DIRECTION('',(-1.,6.E-17,0.));
#6606 = DIRECTION('',(6.E-17,1.,0.));
#6607 = ORIENTED_EDGE('',*,*,#6608,.T.);
#6608 = EDGE_CURVE('',#6600,#6548,#6609,.T.);
#6609 = LINE('',#6610,#6611);
#6610 = CARTESIAN_POINT('',(353.8,128.3,7.5));
#6611 = VECTOR('',#6612,1.);
#6612 = DIRECTION('',(-1.,0.,0.));
#6613 = ORIENTED_EDGE('',*,*,#6547,.F.);
#6614 = ORIENTED_EDGE('',*,*,#5707,.F.);
#6615 = CYLINDRICAL_SURFACE('',#6616,0.5);
#6616 = AXIS2_PLACEMENT_3D('',#6617,#6618,#6619);
#6617 = CARTESIAN_POINT('',(353.8,127.8,7.5));
#6618 = DIRECTION('',(-1.,0.,0.));
#6619 = DIRECTION('',(0.,0.,1.));
#6620 = ADVANCED_FACE('',(#6621),#6640,.T.);
#6621 = FACE_BOUND('',#6622,.T.);
#6622 = EDGE_LOOP('',(#6623,#6624,#6632,#6639));
#6623 = ORIENTED_EDGE('',*,*,#6575,.T.);
#6624 = ORIENTED_EDGE('',*,*,#6625,.T.);
#6625 = EDGE_CURVE('',#6576,#6626,#6628,.T.);
#6626 = VERTEX_POINT('',#6627);
#6627 = CARTESIAN_POINT('',(353.8,1.,7.5));
#6628 = LINE('',#6629,#6630);
#6629 = CARTESIAN_POINT('',(6.,1.,7.5));
#6630 = VECTOR('',#6631,1.);
#6631 = DIRECTION('',(1.,0.,0.));
#6632 = ORIENTED_EDGE('',*,*,#6633,.F.);
#6633 = EDGE_CURVE('',#5674,#6626,#6634,.T.);
#6634 = CIRCLE('',#6635,0.5);
#6635 = AXIS2_PLACEMENT_3D('',#6636,#6637,#6638);
#6636 = CARTESIAN_POINT('',(353.8,1.5,7.5));
#6637 = DIRECTION('',(1.,0.,-0.));
#6638 = DIRECTION('',(0.,0.,1.));
#6639 = ORIENTED_EDGE('',*,*,#5673,.F.);
#6640 = CYLINDRICAL_SURFACE('',#6641,0.5);
#6641 = AXIS2_PLACEMENT_3D('',#6642,#6643,#6644);
#6642 = CARTESIAN_POINT('',(6.,1.5,7.5));
#6643 = DIRECTION('',(1.,0.,0.));
#6644 = DIRECTION('',(0.,0.,1.));
#6645 = ADVANCED_FACE('',(#6646),#6666,.T.);
#6646 = FACE_BOUND('',#6647,.F.);
#6647 = EDGE_LOOP('',(#6648,#6657,#6658,#6659));
#6648 = ORIENTED_EDGE('',*,*,#6649,.F.);
#6649 = EDGE_CURVE('',#5691,#6650,#6652,.T.);
#6650 = VERTEX_POINT('',#6651);
#6651 = CARTESIAN_POINT('',(358.8,123.3,7.5));
#6652 = CIRCLE('',#6653,0.5);
#6653 = AXIS2_PLACEMENT_3D('',#6654,#6655,#6656);
#6654 = CARTESIAN_POINT('',(358.3,123.3,7.5));
#6655 = DIRECTION('',(0.,1.,0.));
#6656 = DIRECTION('',(0.,0.,1.));
#6657 = ORIENTED_EDGE('',*,*,#5698,.T.);
#6658 = ORIENTED_EDGE('',*,*,#6599,.T.);
#6659 = ORIENTED_EDGE('',*,*,#6660,.F.);
#6660 = EDGE_CURVE('',#6650,#6600,#6661,.T.);
#6661 = CIRCLE('',#6662,5.);
#6662 = AXIS2_PLACEMENT_3D('',#6663,#6664,#6665);
#6663 = CARTESIAN_POINT('',(353.8,123.3,7.5));
#6664 = DIRECTION('',(0.,0.,1.));
#6665 = DIRECTION('',(1.,0.,0.));
#6666 = TOROIDAL_SURFACE('',#6667,4.5,0.5);
#6667 = AXIS2_PLACEMENT_3D('',#6668,#6669,#6670);
#6668 = CARTESIAN_POINT('',(353.8,123.3,7.5));
#6669 = DIRECTION('',(-0.,-0.,-1.));
#6670 = DIRECTION('',(1.,0.,0.));
#6671 = ADVANCED_FACE('',(#6672),#6692,.T.);
#6672 = FACE_BOUND('',#6673,.F.);
#6673 = EDGE_LOOP('',(#6674,#6675,#6676,#6685));
#6674 = ORIENTED_EDGE('',*,*,#6633,.F.);
#6675 = ORIENTED_EDGE('',*,*,#5681,.T.);
#6676 = ORIENTED_EDGE('',*,*,#6677,.T.);
#6677 = EDGE_CURVE('',#5682,#6678,#6680,.T.);
#6678 = VERTEX_POINT('',#6679);
#6679 = CARTESIAN_POINT('',(358.8,6.,7.5));
#6680 = CIRCLE('',#6681,0.5);
#6681 = AXIS2_PLACEMENT_3D('',#6682,#6683,#6684);
#6682 = CARTESIAN_POINT('',(358.3,6.,7.5));
#6683 = DIRECTION('',(6.E-17,1.,0.));
#6684 = DIRECTION('',(1.,-6.E-17,0.));
#6685 = ORIENTED_EDGE('',*,*,#6686,.F.);
#6686 = EDGE_CURVE('',#6626,#6678,#6687,.T.);
#6687 = CIRCLE('',#6688,5.);
#6688 = AXIS2_PLACEMENT_3D('',#6689,#6690,#6691);
#6689 = CARTESIAN_POINT('',(353.8,6.,7.5));
#6690 = DIRECTION('',(-0.,0.,1.));
#6691 = DIRECTION('',(0.,-1.,0.));
#6692 = TOROIDAL_SURFACE('',#6693,4.5,0.5);
#6693 = AXIS2_PLACEMENT_3D('',#6694,#6695,#6696);
#6694 = CARTESIAN_POINT('',(353.8,6.,7.5));
#6695 = DIRECTION('',(-0.,-0.,-1.));
#6696 = DIRECTION('',(0.,-1.,0.));
#6697 = ADVANCED_FACE('',(#6698),#6709,.T.);
#6698 = FACE_BOUND('',#6699,.T.);
#6699 = EDGE_LOOP('',(#6700,#6701,#6707,#6708));
#6700 = ORIENTED_EDGE('',*,*,#6677,.T.);
#6701 = ORIENTED_EDGE('',*,*,#6702,.T.);
#6702 = EDGE_CURVE('',#6678,#6650,#6703,.T.);
#6703 = LINE('',#6704,#6705);
#6704 = CARTESIAN_POINT('',(358.8,6.,7.5));
#6705 = VECTOR('',#6706,1.);
#6706 = DIRECTION('',(0.,1.,0.));
#6707 = ORIENTED_EDGE('',*,*,#6649,.F.);
#6708 = ORIENTED_EDGE('',*,*,#5690,.F.);
#6709 = CYLINDRICAL_SURFACE('',#6710,0.5);
#6710 = AXIS2_PLACEMENT_3D('',#6711,#6712,#6713);
#6711 = CARTESIAN_POINT('',(358.3,6.,7.5));
#6712 = DIRECTION('',(0.,1.,0.));
#6713 = DIRECTION('',(0.,0.,1.));
#6714 = ADVANCED_FACE('',(#6715),#6741,.T.);
#6715 = FACE_BOUND('',#6716,.F.);
#6716 = EDGE_LOOP('',(#6717,#6724,#6725,#6734));
#6717 = ORIENTED_EDGE('',*,*,#6718,.F.);
#6718 = EDGE_CURVE('',#5845,#6181,#6719,.T.);
#6719 = CIRCLE('',#6720,0.5);
#6720 = AXIS2_PLACEMENT_3D('',#6721,#6722,#6723);
#6721 = CARTESIAN_POINT('',(1.5,123.3,-2.5));
#6722 = DIRECTION('',(5.77E-15,1.,-0.));
#6723 = DIRECTION('',(-1.,5.77E-15,0.));
#6724 = ORIENTED_EDGE('',*,*,#5844,.T.);
#6725 = ORIENTED_EDGE('',*,*,#6726,.T.);
#6726 = EDGE_CURVE('',#5847,#6727,#6729,.T.);
#6727 = VERTEX_POINT('',#6728);
#6728 = CARTESIAN_POINT('',(6.,128.3,-2.5));
#6729 = CIRCLE('',#6730,0.5);
#6730 = AXIS2_PLACEMENT_3D('',#6731,#6732,#6733);
#6731 = CARTESIAN_POINT('',(6.,127.8,-2.5));
#6732 = DIRECTION('',(1.,6.E-17,-0.));
#6733 = DIRECTION('',(-6.E-17,1.,0.));
#6734 = ORIENTED_EDGE('',*,*,#6735,.F.);
#6735 = EDGE_CURVE('',#6181,#6727,#6736,.T.);
#6736 = CIRCLE('',#6737,5.);
#6737 = AXIS2_PLACEMENT_3D('',#6738,#6739,#6740);
#6738 = CARTESIAN_POINT('',(6.,123.3,-2.5));
#6739 = DIRECTION('',(0.,0.,-1.));
#6740 = DIRECTION('',(-1.,0.,0.));
#6741 = TOROIDAL_SURFACE('',#6742,4.5,0.5);
#6742 = AXIS2_PLACEMENT_3D('',#6743,#6744,#6745);
#6743 = CARTESIAN_POINT('',(6.,123.3,-2.5));
#6744 = DIRECTION('',(0.,0.,1.));
#6745 = DIRECTION('',(-1.,0.,0.));
#6746 = ADVANCED_FACE('',(#6747),#6759,.T.);
#6747 = FACE_BOUND('',#6748,.T.);
#6748 = EDGE_LOOP('',(#6749,#6756,#6757,#6758));
#6749 = ORIENTED_EDGE('',*,*,#6750,.T.);
#6750 = EDGE_CURVE('',#5856,#6165,#6751,.T.);
#6751 = CIRCLE('',#6752,0.5);
#6752 = AXIS2_PLACEMENT_3D('',#6753,#6754,#6755);
#6753 = CARTESIAN_POINT('',(1.5,6.,-2.5));
#6754 = DIRECTION('',(-6.E-17,1.,0.));
#6755 = DIRECTION('',(-1.,-6.E-17,0.));
#6756 = ORIENTED_EDGE('',*,*,#6188,.T.);
#6757 = ORIENTED_EDGE('',*,*,#6718,.F.);
#6758 = ORIENTED_EDGE('',*,*,#5855,.F.);
#6759 = CYLINDRICAL_SURFACE('',#6760,0.5);
#6760 = AXIS2_PLACEMENT_3D('',#6761,#6762,#6763);
#6761 = CARTESIAN_POINT('',(1.5,6.,-2.5));
#6762 = DIRECTION('',(0.,1.,0.));
#6763 = DIRECTION('',(0.,0.,-1.));
#6764 = ADVANCED_FACE('',(#6765),#6784,.T.);
#6765 = FACE_BOUND('',#6766,.T.);
#6766 = EDGE_LOOP('',(#6767,#6768,#6776,#6783));
#6767 = ORIENTED_EDGE('',*,*,#6726,.T.);
#6768 = ORIENTED_EDGE('',*,*,#6769,.T.);
#6769 = EDGE_CURVE('',#6727,#6770,#6772,.T.);
#6770 = VERTEX_POINT('',#6771);
#6771 = CARTESIAN_POINT('',(353.8,128.3,-2.5));
#6772 = LINE('',#6773,#6774);
#6773 = CARTESIAN_POINT('',(6.,128.3,-2.5));
#6774 = VECTOR('',#6775,1.);
#6775 = DIRECTION('',(1.,0.,0.));
#6776 = ORIENTED_EDGE('',*,*,#6777,.F.);
#6777 = EDGE_CURVE('',#5898,#6770,#6778,.T.);
#6778 = CIRCLE('',#6779,0.5);
#6779 = AXIS2_PLACEMENT_3D('',#6780,#6781,#6782);
#6780 = CARTESIAN_POINT('',(353.8,127.8,-2.5));
#6781 = DIRECTION('',(1.,-0.,0.));
#6782 = DIRECTION('',(0.,0.,-1.));
#6783 = ORIENTED_EDGE('',*,*,#5906,.F.);
#6784 = CYLINDRICAL_SURFACE('',#6785,0.5);
#6785 = AXIS2_PLACEMENT_3D('',#6786,#6787,#6788);
#6786 = CARTESIAN_POINT('',(6.,127.8,-2.5));
#6787 = DIRECTION('',(1.,0.,0.));
#6788 = DIRECTION('',(0.,0.,-1.));
#6789 = ADVANCED_FACE('',(#6790),#6810,.T.);
#6790 = FACE_BOUND('',#6791,.F.);
#6791 = EDGE_LOOP('',(#6792,#6801,#6802,#6803));
#6792 = ORIENTED_EDGE('',*,*,#6793,.F.);
#6793 = EDGE_CURVE('',#5864,#6794,#6796,.T.);
#6794 = VERTEX_POINT('',#6795);
#6795 = CARTESIAN_POINT('',(6.,1.,-2.5));
#6796 = CIRCLE('',#6797,0.5);
#6797 = AXIS2_PLACEMENT_3D('',#6798,#6799,#6800);
#6798 = CARTESIAN_POINT('',(6.,1.5,-2.5));
#6799 = DIRECTION('',(-1.,0.,0.));
#6800 = DIRECTION('',(0.,0.,-1.));
#6801 = ORIENTED_EDGE('',*,*,#5863,.T.);
#6802 = ORIENTED_EDGE('',*,*,#6750,.T.);
#6803 = ORIENTED_EDGE('',*,*,#6804,.F.);
#6804 = EDGE_CURVE('',#6794,#6165,#6805,.T.);
#6805 = CIRCLE('',#6806,5.);
#6806 = AXIS2_PLACEMENT_3D('',#6807,#6808,#6809);
#6807 = CARTESIAN_POINT('',(6.,6.,-2.5));
#6808 = DIRECTION('',(-0.,-0.,-1.));
#6809 = DIRECTION('',(0.,-1.,0.));
#6810 = TOROIDAL_SURFACE('',#6811,4.5,0.5);
#6811 = AXIS2_PLACEMENT_3D('',#6812,#6813,#6814);
#6812 = CARTESIAN_POINT('',(6.,6.,-2.5));
#6813 = DIRECTION('',(0.,0.,1.));
#6814 = DIRECTION('',(0.,-1.,0.));
#6815 = ADVANCED_FACE('',(#6816),#6836,.T.);
#6816 = FACE_BOUND('',#6817,.F.);
#6817 = EDGE_LOOP('',(#6818,#6819,#6820,#6829));
#6818 = ORIENTED_EDGE('',*,*,#6777,.F.);
#6819 = ORIENTED_EDGE('',*,*,#5897,.T.);
#6820 = ORIENTED_EDGE('',*,*,#6821,.T.);
#6821 = EDGE_CURVE('',#5890,#6822,#6824,.T.);
#6822 = VERTEX_POINT('',#6823);
#6823 = CARTESIAN_POINT('',(358.8,123.3,-2.5));
#6824 = CIRCLE('',#6825,0.5);
#6825 = AXIS2_PLACEMENT_3D('',#6826,#6827,#6828);
#6826 = CARTESIAN_POINT('',(358.3,123.3,-2.5));
#6827 = DIRECTION('',(-8.3E-16,-1.,0.));
#6828 = DIRECTION('',(1.,-8.3E-16,0.));
#6829 = ORIENTED_EDGE('',*,*,#6830,.F.);
#6830 = EDGE_CURVE('',#6770,#6822,#6831,.T.);
#6831 = CIRCLE('',#6832,5.);
#6832 = AXIS2_PLACEMENT_3D('',#6833,#6834,#6835);
#6833 = CARTESIAN_POINT('',(353.8,123.3,-2.5));
#6834 = DIRECTION('',(0.,0.,-1.));
#6835 = DIRECTION('',(0.,1.,0.));
#6836 = TOROIDAL_SURFACE('',#6837,4.5,0.5);
#6837 = AXIS2_PLACEMENT_3D('',#6838,#6839,#6840);
#6838 = CARTESIAN_POINT('',(353.8,123.3,-2.5));
#6839 = DIRECTION('',(0.,0.,1.));
#6840 = DIRECTION('',(0.,1.,0.));
#6841 = ADVANCED_FACE('',(#6842),#6861,.T.);
#6842 = FACE_BOUND('',#6843,.T.);
#6843 = EDGE_LOOP('',(#6844,#6853,#6859,#6860));
#6844 = ORIENTED_EDGE('',*,*,#6845,.T.);
#6845 = EDGE_CURVE('',#5873,#6846,#6848,.T.);
#6846 = VERTEX_POINT('',#6847);
#6847 = CARTESIAN_POINT('',(353.8,1.,-2.5));
#6848 = CIRCLE('',#6849,0.5);
#6849 = AXIS2_PLACEMENT_3D('',#6850,#6851,#6852);
#6850 = CARTESIAN_POINT('',(353.8,1.5,-2.5));
#6851 = DIRECTION('',(-1.,5.05E-15,0.));
#6852 = DIRECTION('',(-5.05E-15,-1.,0.));
#6853 = ORIENTED_EDGE('',*,*,#6854,.T.);
#6854 = EDGE_CURVE('',#6846,#6794,#6855,.T.);
#6855 = LINE('',#6856,#6857);
#6856 = CARTESIAN_POINT('',(353.8,1.,-2.5));
#6857 = VECTOR('',#6858,1.);
#6858 = DIRECTION('',(-1.,0.,0.));
#6859 = ORIENTED_EDGE('',*,*,#6793,.F.);
#6860 = ORIENTED_EDGE('',*,*,#5872,.F.);
#6861 = CYLINDRICAL_SURFACE('',#6862,0.5);
#6862 = AXIS2_PLACEMENT_3D('',#6863,#6864,#6865);
#6863 = CARTESIAN_POINT('',(353.8,1.5,-2.5));
#6864 = DIRECTION('',(-1.,0.,0.));
#6865 = DIRECTION('',(0.,0.,-1.));
#6866 = ADVANCED_FACE('',(#6867),#6886,.T.);
#6867 = FACE_BOUND('',#6868,.T.);
#6868 = EDGE_LOOP('',(#6869,#6870,#6878,#6885));
#6869 = ORIENTED_EDGE('',*,*,#6821,.T.);
#6870 = ORIENTED_EDGE('',*,*,#6871,.T.);
#6871 = EDGE_CURVE('',#6822,#6872,#6874,.T.);
#6872 = VERTEX_POINT('',#6873);
#6873 = CARTESIAN_POINT('',(358.8,6.,-2.5));
#6874 = LINE('',#6875,#6876);
#6875 = CARTESIAN_POINT('',(358.8,123.3,-2.5));
#6876 = VECTOR('',#6877,1.);
#6877 = DIRECTION('',(0.,-1.,0.));
#6878 = ORIENTED_EDGE('',*,*,#6879,.F.);
#6879 = EDGE_CURVE('',#5881,#6872,#6880,.T.);
#6880 = CIRCLE('',#6881,0.5);
#6881 = AXIS2_PLACEMENT_3D('',#6882,#6883,#6884);
#6882 = CARTESIAN_POINT('',(358.3,6.,-2.5));
#6883 = DIRECTION('',(0.,-1.,0.));
#6884 = DIRECTION('',(-0.,-0.,-1.));
#6885 = ORIENTED_EDGE('',*,*,#5889,.F.);
#6886 = CYLINDRICAL_SURFACE('',#6887,0.5);
#6887 = AXIS2_PLACEMENT_3D('',#6888,#6889,#6890);
#6888 = CARTESIAN_POINT('',(358.3,123.3,-2.5));
#6889 = DIRECTION('',(0.,-1.,0.));
#6890 = DIRECTION('',(-0.,-0.,-1.));
#6891 = ADVANCED_FACE('',(#6892),#6904,.T.);
#6892 = FACE_BOUND('',#6893,.F.);
#6893 = EDGE_LOOP('',(#6894,#6895,#6896,#6897));
#6894 = ORIENTED_EDGE('',*,*,#6879,.F.);
#6895 = ORIENTED_EDGE('',*,*,#5880,.T.);
#6896 = ORIENTED_EDGE('',*,*,#6845,.T.);
#6897 = ORIENTED_EDGE('',*,*,#6898,.F.);
#6898 = EDGE_CURVE('',#6872,#6846,#6899,.T.);
#6899 = CIRCLE('',#6900,5.);
#6900 = AXIS2_PLACEMENT_3D('',#6901,#6902,#6903);
#6901 = CARTESIAN_POINT('',(353.8,6.,-2.5));
#6902 = DIRECTION('',(0.,0.,-1.));
#6903 = DIRECTION('',(1.,0.,0.));
#6904 = TOROIDAL_SURFACE('',#6905,4.5,0.5);
#6905 = AXIS2_PLACEMENT_3D('',#6906,#6907,#6908);
#6906 = CARTESIAN_POINT('',(353.8,6.,-2.5));
#6907 = DIRECTION('',(0.,0.,1.));
#6908 = DIRECTION('',(1.,0.,0.));
#6909 = ADVANCED_FACE('',(#6910),#6921,.T.);
#6910 = FACE_BOUND('',#6911,.F.);
#6911 = EDGE_LOOP('',(#6912,#6918,#6919,#6920));
#6912 = ORIENTED_EDGE('',*,*,#6913,.F.);
#6913 = EDGE_CURVE('',#6794,#6576,#6914,.T.);
#6914 = LINE('',#6915,#6916);
#6915 = CARTESIAN_POINT('',(6.,1.,5.));
#6916 = VECTOR('',#6917,1.);
#6917 = DIRECTION('',(0.,0.,1.));
#6918 = ORIENTED_EDGE('',*,*,#6804,.T.);
#6919 = ORIENTED_EDGE('',*,*,#6162,.F.);
#6920 = ORIENTED_EDGE('',*,*,#6584,.T.);
#6921 = CYLINDRICAL_SURFACE('',#6922,5.);
#6922 = AXIS2_PLACEMENT_3D('',#6923,#6924,#6925);
#6923 = CARTESIAN_POINT('',(6.,6.,0.));
#6924 = DIRECTION('',(0.,0.,1.));
#6925 = DIRECTION('',(1.,0.,0.));
#6926 = ADVANCED_FACE('',(#6927),#6938,.T.);
#6927 = FACE_BOUND('',#6928,.F.);
#6928 = EDGE_LOOP('',(#6929,#6930,#6931,#6937));
#6929 = ORIENTED_EDGE('',*,*,#6180,.F.);
#6930 = ORIENTED_EDGE('',*,*,#6735,.T.);
#6931 = ORIENTED_EDGE('',*,*,#6932,.F.);
#6932 = EDGE_CURVE('',#6548,#6727,#6933,.T.);
#6933 = LINE('',#6934,#6935);
#6934 = CARTESIAN_POINT('',(6.,128.3,0.));
#6935 = VECTOR('',#6936,1.);
#6936 = DIRECTION('',(0.,0.,-1.));
#6937 = ORIENTED_EDGE('',*,*,#6558,.T.);
#6938 = CYLINDRICAL_SURFACE('',#6939,5.);
#6939 = AXIS2_PLACEMENT_3D('',#6940,#6941,#6942);
#6940 = CARTESIAN_POINT('',(6.,123.3,0.));
#6941 = DIRECTION('',(0.,0.,1.));
#6942 = DIRECTION('',(1.,0.,0.));
#6943 = ADVANCED_FACE('',(#6944,#6954),#6965,.T.);
#6944 = FACE_BOUND('',#6945,.T.);
#6945 = EDGE_LOOP('',(#6946,#6947,#6948,#6949,#6950,#6951,#6952,#6953));
#6946 = ORIENTED_EDGE('',*,*,#6437,.F.);
#6947 = ORIENTED_EDGE('',*,*,#6409,.F.);
#6948 = ORIENTED_EDGE('',*,*,#6394,.F.);
#6949 = ORIENTED_EDGE('',*,*,#6358,.F.);
#6950 = ORIENTED_EDGE('',*,*,#6343,.F.);
#6951 = ORIENTED_EDGE('',*,*,#6307,.F.);
#6952 = ORIENTED_EDGE('',*,*,#6292,.F.);
#6953 = ORIENTED_EDGE('',*,*,#6256,.F.);
#6954 = FACE_BOUND('',#6955,.T.);
#6955 = EDGE_LOOP('',(#6956,#6957,#6958,#6964));
#6956 = ORIENTED_EDGE('',*,*,#6932,.F.);
#6957 = ORIENTED_EDGE('',*,*,#6608,.F.);
#6958 = ORIENTED_EDGE('',*,*,#6959,.F.);
#6959 = EDGE_CURVE('',#6770,#6600,#6960,.T.);
#6960 = LINE('',#6961,#6962);
#6961 = CARTESIAN_POINT('',(353.8,128.3,5.));
#6962 = VECTOR('',#6963,1.);
#6963 = DIRECTION('',(0.,0.,1.));
#6964 = ORIENTED_EDGE('',*,*,#6769,.F.);
#6965 = PLANE('',#6966);
#6966 = AXIS2_PLACEMENT_3D('',#6967,#6968,#6969);
#6967 = CARTESIAN_POINT('',(179.9,128.3,2.5));
#6968 = DIRECTION('',(0.,1.,0.));
#6969 = DIRECTION('',(0.,0.,1.));
#6970 = ADVANCED_FACE('',(#6971),#6982,.T.);
#6971 = FACE_BOUND('',#6972,.T.);
#6972 = EDGE_LOOP('',(#6973,#6979,#6980,#6981));
#6973 = ORIENTED_EDGE('',*,*,#6974,.F.);
#6974 = EDGE_CURVE('',#6626,#6846,#6975,.T.);
#6975 = LINE('',#6976,#6977);
#6976 = CARTESIAN_POINT('',(353.8,1.,0.));
#6977 = VECTOR('',#6978,1.);
#6978 = DIRECTION('',(0.,0.,-1.));
#6979 = ORIENTED_EDGE('',*,*,#6625,.F.);
#6980 = ORIENTED_EDGE('',*,*,#6913,.F.);
#6981 = ORIENTED_EDGE('',*,*,#6854,.F.);
#6982 = PLANE('',#6983);
#6983 = AXIS2_PLACEMENT_3D('',#6984,#6985,#6986);
#6984 = CARTESIAN_POINT('',(179.9,1.,2.5));
#6985 = DIRECTION('',(-0.,-1.,-0.));
#6986 = DIRECTION('',(0.,0.,-1.));
#6987 = ADVANCED_FACE('',(#6988),#6999,.T.);
#6988 = FACE_BOUND('',#6989,.F.);
#6989 = EDGE_LOOP('',(#6990,#6991,#6992,#6998));
#6990 = ORIENTED_EDGE('',*,*,#6959,.F.);
#6991 = ORIENTED_EDGE('',*,*,#6830,.T.);
#6992 = ORIENTED_EDGE('',*,*,#6993,.F.);
#6993 = EDGE_CURVE('',#6650,#6822,#6994,.T.);
#6994 = LINE('',#6995,#6996);
#6995 = CARTESIAN_POINT('',(358.8,123.3,0.));
#6996 = VECTOR('',#6997,1.);
#6997 = DIRECTION('',(0.,0.,-1.));
#6998 = ORIENTED_EDGE('',*,*,#6660,.T.);
#6999 = CYLINDRICAL_SURFACE('',#7000,5.);
#7000 = AXIS2_PLACEMENT_3D('',#7001,#7002,#7003);
#7001 = CARTESIAN_POINT('',(353.8,123.3,0.));
#7002 = DIRECTION('',(0.,0.,1.));
#7003 = DIRECTION('',(1.,0.,0.));
#7004 = ADVANCED_FACE('',(#7005),#7016,.T.);
#7005 = FACE_BOUND('',#7006,.F.);
#7006 = EDGE_LOOP('',(#7007,#7013,#7014,#7015));
#7007 = ORIENTED_EDGE('',*,*,#7008,.F.);
#7008 = EDGE_CURVE('',#6872,#6678,#7009,.T.);
#7009 = LINE('',#7010,#7011);
#7010 = CARTESIAN_POINT('',(358.8,6.,5.));
#7011 = VECTOR('',#7012,1.);
#7012 = DIRECTION('',(0.,0.,1.));
#7013 = ORIENTED_EDGE('',*,*,#6898,.T.);
#7014 = ORIENTED_EDGE('',*,*,#6974,.F.);
#7015 = ORIENTED_EDGE('',*,*,#6686,.T.);
#7016 = CYLINDRICAL_SURFACE('',#7017,5.);
#7017 = AXIS2_PLACEMENT_3D('',#7018,#7019,#7020);
#7018 = CARTESIAN_POINT('',(353.8,6.,0.));
#7019 = DIRECTION('',(0.,0.,1.));
#7020 = DIRECTION('',(1.,0.,0.));
#7021 = ADVANCED_FACE('',(#7022),#7028,.T.);
#7022 = FACE_BOUND('',#7023,.T.);
#7023 = EDGE_LOOP('',(#7024,#7025,#7026,#7027));
#7024 = ORIENTED_EDGE('',*,*,#6993,.F.);
#7025 = ORIENTED_EDGE('',*,*,#6702,.F.);
#7026 = ORIENTED_EDGE('',*,*,#7008,.F.);
#7027 = ORIENTED_EDGE('',*,*,#6871,.F.);
#7028 = PLANE('',#7029);
#7029 = AXIS2_PLACEMENT_3D('',#7030,#7031,#7032);
#7030 = CARTESIAN_POINT('',(358.8,64.65,2.5));
#7031 = DIRECTION('',(1.,0.,0.));
#7032 = DIRECTION('',(0.,0.,1.));
#7033 = ( GEOMETRIC_REPRESENTATION_CONTEXT(3) 
GLOBAL_UNCERTAINTY_ASSIGNED_CONTEXT((#7037)) 
GLOBAL_UNIT_ASSIGNED_CONTEXT((#7034,#7035,#7036)) REPRESENTATION_CONTEXT
('Context #1','3D Context with UNIT and UNCERTAINTY') );
#7034 = ( LENGTH_UNIT() NAMED_UNIT(*) SI_UNIT(.MILLI.,.METRE.) );
#7035 = ( NAMED_UNIT(*) PLANE_ANGLE_UNIT() SI_UNIT($,.RADIAN.) );
#7036 = ( NAMED_UNIT(*) SI_UNIT($,.STERADIAN.) SOLID_ANGLE_UNIT() );
#7037 = UNCERTAINTY_MEASURE_WITH_UNIT(LENGTH_MEASURE(5.E-05),#7034,
  'distance_accuracy_value','confusion accuracy');
#7038 = CONTEXT_DEPENDENT_SHAPE_REPRESENTATION(#7039,#7041);
#7039 = ( REPRESENTATION_RELATIONSHIP('','',#32,#10) 
REPRESENTATION_RELATIONSHIP_WITH_TRANSFORMATION(#7040) 
SHAPE_REPRESENTATION_RELATIONSHIP() );
#7040 = ITEM_DEFINED_TRANSFORMATION('','',#11,#15);
#7041 = PRODUCT_DEFINITION_SHAPE('Placement','Placement of an item',
  #7042);
#7042 = NEXT_ASSEMBLY_USAGE_OCCURRENCE('5','CenterBody','',#5,#27,$);
#7043 = PRODUCT_RELATED_PRODUCT_CATEGORY('part',$,(#29));
#7044 = MECHANICAL_DESIGN_GEOMETRIC_PRESENTATION_REPRESENTATION('',(
    #7045),#7033);
#7045 = STYLED_ITEM('color',(#7046),#33);
#7046 = PRESENTATION_STYLE_ASSIGNMENT((#7047,#7053));
#7047 = SURFACE_STYLE_USAGE(.BOTH.,#7048);
#7048 = SURFACE_SIDE_STYLE('',(#7049));
#7049 = SURFACE_STYLE_FILL_AREA(#7050);
#7050 = FILL_AREA_STYLE('',(#7051));
#7051 = FILL_AREA_STYLE_COLOUR('',#7052);
#7052 = COLOUR_RGB('',0.505882386539,0.505882386539,0.505882386539);
#7053 = CURVE_STYLE('',#7054,POSITIVE_LENGTH_MEASURE(0.1),#7055);
#7054 = DRAUGHTING_PRE_DEFINED_CURVE_FONT('continuous');
#7055 = COLOUR_RGB('',9.803921802644E-02,9.803921802644E-02,
  9.803921802644E-02);
ENDSEC;
END-ISO-10303-21;
