ISO-10303-21;
HEADER;
FILE_DESCRIPTION(('FreeCAD Model'),'2;1');
FILE_NAME('Open CASCADE Shape Model','2026-07-13T00:12:09',(''),(''),
  'Open CASCADE STEP processor 7.9','FreeCAD','Unknown');
FILE_SCHEMA(('AUTOMOTIVE_DESIGN { 1 0 10303 214 1 1 1 1 }'));
ENDSEC;
DATA;
#1 = APPLICATION_PROTOCOL_DEFINITION('international standard',
  'automotive_design',2000,#2);
#2 = APPLICATION_CONTEXT(
  'core data for automotive mechanical design processes');
#3 = SHAPE_DEFINITION_REPRESENTATION(#4,#10);
#4 = PRODUCT_DEFINITION_SHAPE('','',#5);
#5 = PRODUCT_DEFINITION('design','',#6,#9);
#6 = PRODUCT_DEFINITION_FORMATION('','',#7);
#7 = PRODUCT('Base','Base','',(#8));
#8 = PRODUCT_CONTEXT('',#2,'mechanical');
#9 = PRODUCT_DEFINITION_CONTEXT('part definition',#2,'design');
#10 = SHAPE_REPRESENTATION('',(#11,#15),#19);
#11 = AXIS2_PLACEMENT_3D('',#12,#13,#14);
#12 = CARTESIAN_POINT('',(0.,0.,0.));
#13 = DIRECTION('',(0.,0.,1.));
#14 = DIRECTION('',(1.,0.,-0.));
#15 = AXIS2_PLACEMENT_3D('',#16,#17,#18);
#16 = CARTESIAN_POINT('',(0.,0.,0.));
#17 = DIRECTION('',(0.,0.,1.));
#18 = DIRECTION('',(1.,0.,0.));
#19 = ( GEOMETRIC_REPRESENTATION_CONTEXT(3) 
GLOBAL_UNCERTAINTY_ASSIGNED_CONTEXT((#23)) GLOBAL_UNIT_ASSIGNED_CONTEXT(
(#20,#21,#22)) REPRESENTATION_CONTEXT('Context #1',
  '3D Context with UNIT and UNCERTAINTY') );
#20 = ( LENGTH_UNIT() NAMED_UNIT(*) SI_UNIT(.MILLI.,.METRE.) );
#21 = ( NAMED_UNIT(*) PLANE_ANGLE_UNIT() SI_UNIT($,.RADIAN.) );
#22 = ( NAMED_UNIT(*) SI_UNIT($,.STERADIAN.) SOLID_ANGLE_UNIT() );
#23 = UNCERTAINTY_MEASURE_WITH_UNIT(LENGTH_MEASURE(1.E-07),#20,
  'distance_accuracy_value','confusion accuracy');
#24 = PRODUCT_RELATED_PRODUCT_CATEGORY('part',$,(#7));
#25 = SHAPE_DEFINITION_REPRESENTATION(#26,#32);
#26 = PRODUCT_DEFINITION_SHAPE('','',#27);
#27 = PRODUCT_DEFINITION('design','',#28,#31);
#28 = PRODUCT_DEFINITION_FORMATION('','',#29);
#29 = PRODUCT('BaseBody','BaseBody','',(#30));
#30 = PRODUCT_CONTEXT('',#2,'mechanical');
#31 = PRODUCT_DEFINITION_CONTEXT('part definition',#2,'design');
#32 = ADVANCED_BREP_SHAPE_REPRESENTATION('',(#11,#33),#2862);
#33 = MANIFOLD_SOLID_BREP('',#34);
#34 = CLOSED_SHELL('',(#35,#75,#108,#141,#270,#295,#319,#345,#529,#547,
    #580,#606,#632,#657,#682,#708,#734,#751,#775,#800,#824,#842,#860,
    #878,#896,#914,#926,#951,#976,#1007,#1032,#1057,#1081,#1105,#1130,
    #1155,#1172,#1197,#1222,#1247,#1278,#1303,#1328,#1352,#1376,#1401,
    #1426,#1443,#1452,#1461,#1477,#1486,#1495,#1504,#1537,#1563,#1589,
    #1614,#1639,#1665,#1691,#1708,#2006,#2037,#2062,#2087,#2104,#2135,
    #2160,#2185,#2202,#2234,#2258,#2282,#2307,#2332,#2356,#2380,#2398,
    #2430,#2454,#2479,#2503,#2528,#2552,#2577,#2594,#2626,#2650,#2674,
    #2699,#2724,#2748,#2772,#2790,#2802,#2814,#2830,#2846));
#35 = ADVANCED_FACE('',(#36),#70,.T.);
#36 = FACE_BOUND('',#37,.T.);
#37 = EDGE_LOOP('',(#38,#48,#56,#64));
#38 = ORIENTED_EDGE('',*,*,#39,.T.);
#39 = EDGE_CURVE('',#40,#42,#44,.T.);
#40 = VERTEX_POINT('',#41);
#41 = CARTESIAN_POINT('',(3.1,123.3,4.5));
#42 = VERTEX_POINT('',#43);
#43 = CARTESIAN_POINT('',(3.1,123.3,2.));
#44 = LINE('',#45,#46);
#45 = CARTESIAN_POINT('',(3.1,123.3,5.));
#46 = VECTOR('',#47,1.);
#47 = DIRECTION('',(-0.,-0.,-1.));
#48 = ORIENTED_EDGE('',*,*,#49,.T.);
#49 = EDGE_CURVE('',#42,#50,#52,.T.);
#50 = VERTEX_POINT('',#51);
#51 = CARTESIAN_POINT('',(3.1,6.,2.));
#52 = LINE('',#53,#54);
#53 = CARTESIAN_POINT('',(3.1,123.3,2.));
#54 = VECTOR('',#55,1.);
#55 = DIRECTION('',(0.,-1.,0.));
#56 = ORIENTED_EDGE('',*,*,#57,.F.);
#57 = EDGE_CURVE('',#58,#50,#60,.T.);
#58 = VERTEX_POINT('',#59);
#59 = CARTESIAN_POINT('',(3.1,6.,4.5));
#60 = LINE('',#61,#62);
#61 = CARTESIAN_POINT('',(3.1,6.,5.));
#62 = VECTOR('',#63,1.);
#63 = DIRECTION('',(-0.,-0.,-1.));
#64 = ORIENTED_EDGE('',*,*,#65,.F.);
#65 = EDGE_CURVE('',#40,#58,#66,.T.);
#66 = LINE('',#67,#68);
#67 = CARTESIAN_POINT('',(3.1,123.3,4.5));
#68 = VECTOR('',#69,1.);
#69 = DIRECTION('',(0.,-1.,0.));
#70 = PLANE('',#71);
#71 = AXIS2_PLACEMENT_3D('',#72,#73,#74);
#72 = CARTESIAN_POINT('',(3.1,123.3,5.));
#73 = DIRECTION('',(-1.,0.,0.));
#74 = DIRECTION('',(0.,-1.,0.));
#75 = ADVANCED_FACE('',(#76),#103,.T.);
#76 = FACE_BOUND('',#77,.T.);
#77 = EDGE_LOOP('',(#78,#88,#95,#96));
#78 = ORIENTED_EDGE('',*,*,#79,.T.);
#79 = EDGE_CURVE('',#80,#82,#84,.T.);
#80 = VERTEX_POINT('',#81);
#81 = CARTESIAN_POINT('',(5.999999999914,126.2,4.5));
#82 = VERTEX_POINT('',#83);
#83 = CARTESIAN_POINT('',(5.999999999914,126.2,2.));
#84 = LINE('',#85,#86);
#85 = CARTESIAN_POINT('',(5.999999999914,126.2,5.));
#86 = VECTOR('',#87,1.);
#87 = DIRECTION('',(-0.,-0.,-1.));
#88 = ORIENTED_EDGE('',*,*,#89,.T.);
#89 = EDGE_CURVE('',#82,#42,#90,.T.);
#90 = CIRCLE('',#91,2.9);
#91 = AXIS2_PLACEMENT_3D('',#92,#93,#94);
#92 = CARTESIAN_POINT('',(6.,123.3,2.));
#93 = DIRECTION('',(0.,0.,1.));
#94 = DIRECTION('',(1.,0.,0.));
#95 = ORIENTED_EDGE('',*,*,#39,.F.);
#96 = ORIENTED_EDGE('',*,*,#97,.F.);
#97 = EDGE_CURVE('',#80,#40,#98,.T.);
#98 = CIRCLE('',#99,2.9);
#99 = AXIS2_PLACEMENT_3D('',#100,#101,#102);
#100 = CARTESIAN_POINT('',(6.,123.3,4.5));
#101 = DIRECTION('',(0.,0.,1.));
#102 = DIRECTION('',(-2.966945E-11,1.,0.));
#103 = CYLINDRICAL_SURFACE('',#104,2.9);
#104 = AXIS2_PLACEMENT_3D('',#105,#106,#107);
#105 = CARTESIAN_POINT('',(6.,123.3,5.));
#106 = DIRECTION('',(0.,0.,1.));
#107 = DIRECTION('',(1.,0.,0.));
#108 = ADVANCED_FACE('',(#109),#136,.T.);
#109 = FACE_BOUND('',#110,.F.);
#110 = EDGE_LOOP('',(#111,#120,#128,#135));
#111 = ORIENTED_EDGE('',*,*,#112,.T.);
#112 = EDGE_CURVE('',#40,#113,#115,.T.);
#113 = VERTEX_POINT('',#114);
#114 = CARTESIAN_POINT('',(3.6,123.3,5.));
#115 = CIRCLE('',#116,0.5);
#116 = AXIS2_PLACEMENT_3D('',#117,#118,#119);
#117 = CARTESIAN_POINT('',(3.6,123.3,4.5));
#118 = DIRECTION('',(0.,1.,-0.));
#119 = DIRECTION('',(-1.,0.,0.));
#120 = ORIENTED_EDGE('',*,*,#121,.T.);
#121 = EDGE_CURVE('',#113,#122,#124,.T.);
#122 = VERTEX_POINT('',#123);
#123 = CARTESIAN_POINT('',(3.6,6.,5.));
#124 = LINE('',#125,#126);
#125 = CARTESIAN_POINT('',(3.6,123.3,5.));
#126 = VECTOR('',#127,1.);
#127 = DIRECTION('',(0.,-1.,0.));
#128 = ORIENTED_EDGE('',*,*,#129,.F.);
#129 = EDGE_CURVE('',#58,#122,#130,.T.);
#130 = CIRCLE('',#131,0.5);
#131 = AXIS2_PLACEMENT_3D('',#132,#133,#134);
#132 = CARTESIAN_POINT('',(3.6,6.,4.5));
#133 = DIRECTION('',(0.,1.,-0.));
#134 = DIRECTION('',(-1.,0.,0.));
#135 = ORIENTED_EDGE('',*,*,#65,.F.);
#136 = CYLINDRICAL_SURFACE('',#137,0.5);
#137 = AXIS2_PLACEMENT_3D('',#138,#139,#140);
#138 = CARTESIAN_POINT('',(3.6,123.3,4.5));
#139 = DIRECTION('',(0.,-1.,0.));
#140 = DIRECTION('',(-1.,0.,0.));
#141 = ADVANCED_FACE('',(#142,#212),#265,.T.);
#142 = FACE_BOUND('',#143,.T.);
#143 = EDGE_LOOP('',(#144,#154,#163,#171,#180,#188,#197,#205));
#144 = ORIENTED_EDGE('',*,*,#145,.T.);
#145 = EDGE_CURVE('',#146,#148,#150,.T.);
#146 = VERTEX_POINT('',#147);
#147 = CARTESIAN_POINT('',(6.,0.5,2.));
#148 = VERTEX_POINT('',#149);
#149 = CARTESIAN_POINT('',(353.8,0.5,2.));
#150 = LINE('',#151,#152);
#151 = CARTESIAN_POINT('',(5.99999999998,0.5,2.));
#152 = VECTOR('',#153,1.);
#153 = DIRECTION('',(1.,0.,0.));
#154 = ORIENTED_EDGE('',*,*,#155,.T.);
#155 = EDGE_CURVE('',#148,#156,#158,.T.);
#156 = VERTEX_POINT('',#157);
#157 = CARTESIAN_POINT('',(359.3,6.,2.));
#158 = CIRCLE('',#159,5.5);
#159 = AXIS2_PLACEMENT_3D('',#160,#161,#162);
#160 = CARTESIAN_POINT('',(353.8,6.,2.));
#161 = DIRECTION('',(-0.,0.,1.));
#162 = DIRECTION('',(0.,-1.,0.));
#163 = ORIENTED_EDGE('',*,*,#164,.T.);
#164 = EDGE_CURVE('',#156,#165,#167,.T.);
#165 = VERTEX_POINT('',#166);
#166 = CARTESIAN_POINT('',(359.3,123.3,2.));
#167 = LINE('',#168,#169);
#168 = CARTESIAN_POINT('',(359.3,6.,2.));
#169 = VECTOR('',#170,1.);
#170 = DIRECTION('',(0.,1.,0.));
#171 = ORIENTED_EDGE('',*,*,#172,.T.);
#172 = EDGE_CURVE('',#165,#173,#175,.T.);
#173 = VERTEX_POINT('',#174);
#174 = CARTESIAN_POINT('',(353.8,128.8,2.));
#175 = CIRCLE('',#176,5.5);
#176 = AXIS2_PLACEMENT_3D('',#177,#178,#179);
#177 = CARTESIAN_POINT('',(353.8,123.3,2.));
#178 = DIRECTION('',(0.,-0.,1.));
#179 = DIRECTION('',(1.,2.37E-15,0.));
#180 = ORIENTED_EDGE('',*,*,#181,.T.);
#181 = EDGE_CURVE('',#173,#182,#184,.T.);
#182 = VERTEX_POINT('',#183);
#183 = CARTESIAN_POINT('',(6.,128.8,2.));
#184 = LINE('',#185,#186);
#185 = CARTESIAN_POINT('',(353.8,128.8,2.));
#186 = VECTOR('',#187,1.);
#187 = DIRECTION('',(-1.,0.,0.));
#188 = ORIENTED_EDGE('',*,*,#189,.T.);
#189 = EDGE_CURVE('',#182,#190,#192,.T.);
#190 = VERTEX_POINT('',#191);
#191 = CARTESIAN_POINT('',(0.5,123.3,2.));
#192 = CIRCLE('',#193,5.5);
#193 = AXIS2_PLACEMENT_3D('',#194,#195,#196);
#194 = CARTESIAN_POINT('',(6.,123.3,2.));
#195 = DIRECTION('',(0.,-0.,1.));
#196 = DIRECTION('',(0.,1.,0.));
#197 = ORIENTED_EDGE('',*,*,#198,.T.);
#198 = EDGE_CURVE('',#190,#199,#201,.T.);
#199 = VERTEX_POINT('',#200);
#200 = CARTESIAN_POINT('',(0.5,6.,2.));
#201 = LINE('',#202,#203);
#202 = CARTESIAN_POINT('',(0.5,123.3,2.));
#203 = VECTOR('',#204,1.);
#204 = DIRECTION('',(0.,-1.,0.));
#205 = ORIENTED_EDGE('',*,*,#206,.T.);
#206 = EDGE_CURVE('',#199,#146,#207,.T.);
#207 = CIRCLE('',#208,5.5);
#208 = AXIS2_PLACEMENT_3D('',#209,#210,#211);
#209 = CARTESIAN_POINT('',(6.,6.,2.));
#210 = DIRECTION('',(0.,0.,1.));
#211 = DIRECTION('',(-1.,1.5E-16,0.));
#212 = FACE_BOUND('',#213,.F.);
#213 = EDGE_LOOP('',(#214,#215,#224,#232,#241,#249,#258,#264));
#214 = ORIENTED_EDGE('',*,*,#49,.T.);
#215 = ORIENTED_EDGE('',*,*,#216,.T.);
#216 = EDGE_CURVE('',#50,#217,#219,.T.);
#217 = VERTEX_POINT('',#218);
#218 = CARTESIAN_POINT('',(5.999999999914,3.1,2.));
#219 = CIRCLE('',#220,2.9);
#220 = AXIS2_PLACEMENT_3D('',#221,#222,#223);
#221 = CARTESIAN_POINT('',(6.,6.,2.));
#222 = DIRECTION('',(0.,0.,1.));
#223 = DIRECTION('',(1.,0.,0.));
#224 = ORIENTED_EDGE('',*,*,#225,.T.);
#225 = EDGE_CURVE('',#217,#226,#228,.T.);
#226 = VERTEX_POINT('',#227);
#227 = CARTESIAN_POINT('',(353.80000000008,3.1,2.));
#228 = LINE('',#229,#230);
#229 = CARTESIAN_POINT('',(5.999999999914,3.1,2.));
#230 = VECTOR('',#231,1.);
#231 = DIRECTION('',(1.,0.,0.));
#232 = ORIENTED_EDGE('',*,*,#233,.T.);
#233 = EDGE_CURVE('',#226,#234,#236,.T.);
#234 = VERTEX_POINT('',#235);
#235 = CARTESIAN_POINT('',(356.7,6.,2.));
#236 = CIRCLE('',#237,2.9);
#237 = AXIS2_PLACEMENT_3D('',#238,#239,#240);
#238 = CARTESIAN_POINT('',(353.8,6.,2.));
#239 = DIRECTION('',(0.,0.,1.));
#240 = DIRECTION('',(1.,0.,0.));
#241 = ORIENTED_EDGE('',*,*,#242,.T.);
#242 = EDGE_CURVE('',#234,#243,#245,.T.);
#243 = VERTEX_POINT('',#244);
#244 = CARTESIAN_POINT('',(356.7,123.3,2.));
#245 = LINE('',#246,#247);
#246 = CARTESIAN_POINT('',(356.7,6.,2.));
#247 = VECTOR('',#248,1.);
#248 = DIRECTION('',(0.,1.,0.));
#249 = ORIENTED_EDGE('',*,*,#250,.T.);
#250 = EDGE_CURVE('',#243,#251,#253,.T.);
#251 = VERTEX_POINT('',#252);
#252 = CARTESIAN_POINT('',(353.80000000008,126.2,2.));
#253 = CIRCLE('',#254,2.9);
#254 = AXIS2_PLACEMENT_3D('',#255,#256,#257);
#255 = CARTESIAN_POINT('',(353.8,123.3,2.));
#256 = DIRECTION('',(0.,0.,1.));
#257 = DIRECTION('',(1.,0.,0.));
#258 = ORIENTED_EDGE('',*,*,#259,.T.);
#259 = EDGE_CURVE('',#251,#82,#260,.T.);
#260 = LINE('',#261,#262);
#261 = CARTESIAN_POINT('',(353.80000000008,126.2,2.));
#262 = VECTOR('',#263,1.);
#263 = DIRECTION('',(-1.,0.,0.));
#264 = ORIENTED_EDGE('',*,*,#89,.T.);
#265 = PLANE('',#266);
#266 = AXIS2_PLACEMENT_3D('',#267,#268,#269);
#267 = CARTESIAN_POINT('',(179.9,64.65,2.));
#268 = DIRECTION('',(0.,0.,1.));
#269 = DIRECTION('',(1.,0.,0.));
#270 = ADVANCED_FACE('',(#271),#290,.T.);
#271 = FACE_BOUND('',#272,.T.);
#272 = EDGE_LOOP('',(#273,#274,#275,#283));
#273 = ORIENTED_EDGE('',*,*,#57,.T.);
#274 = ORIENTED_EDGE('',*,*,#216,.T.);
#275 = ORIENTED_EDGE('',*,*,#276,.F.);
#276 = EDGE_CURVE('',#277,#217,#279,.T.);
#277 = VERTEX_POINT('',#278);
#278 = CARTESIAN_POINT('',(5.999999999914,3.1,4.5));
#279 = LINE('',#280,#281);
#280 = CARTESIAN_POINT('',(5.999999999914,3.1,5.));
#281 = VECTOR('',#282,1.);
#282 = DIRECTION('',(-0.,-0.,-1.));
#283 = ORIENTED_EDGE('',*,*,#284,.F.);
#284 = EDGE_CURVE('',#58,#277,#285,.T.);
#285 = CIRCLE('',#286,2.9);
#286 = AXIS2_PLACEMENT_3D('',#287,#288,#289);
#287 = CARTESIAN_POINT('',(6.,6.,4.5));
#288 = DIRECTION('',(0.,0.,1.));
#289 = DIRECTION('',(-1.,-3.1E-16,0.));
#290 = CYLINDRICAL_SURFACE('',#291,2.9);
#291 = AXIS2_PLACEMENT_3D('',#292,#293,#294);
#292 = CARTESIAN_POINT('',(6.,6.,5.));
#293 = DIRECTION('',(0.,0.,1.));
#294 = DIRECTION('',(1.,0.,0.));
#295 = ADVANCED_FACE('',(#296),#314,.T.);
#296 = FACE_BOUND('',#297,.T.);
#297 = EDGE_LOOP('',(#298,#306,#307,#308));
#298 = ORIENTED_EDGE('',*,*,#299,.T.);
#299 = EDGE_CURVE('',#300,#251,#302,.T.);
#300 = VERTEX_POINT('',#301);
#301 = CARTESIAN_POINT('',(353.80000000008,126.2,4.5));
#302 = LINE('',#303,#304);
#303 = CARTESIAN_POINT('',(353.80000000008,126.2,5.));
#304 = VECTOR('',#305,1.);
#305 = DIRECTION('',(-0.,-0.,-1.));
#306 = ORIENTED_EDGE('',*,*,#259,.T.);
#307 = ORIENTED_EDGE('',*,*,#79,.F.);
#308 = ORIENTED_EDGE('',*,*,#309,.F.);
#309 = EDGE_CURVE('',#300,#80,#310,.T.);
#310 = LINE('',#311,#312);
#311 = CARTESIAN_POINT('',(353.80000000008,126.2,4.5));
#312 = VECTOR('',#313,1.);
#313 = DIRECTION('',(-1.,0.,0.));
#314 = PLANE('',#315);
#315 = AXIS2_PLACEMENT_3D('',#316,#317,#318);
#316 = CARTESIAN_POINT('',(353.80000000008,126.2,5.));
#317 = DIRECTION('',(0.,1.,0.));
#318 = DIRECTION('',(-1.,0.,0.));
#319 = ADVANCED_FACE('',(#320),#340,.T.);
#320 = FACE_BOUND('',#321,.T.);
#321 = EDGE_LOOP('',(#322,#331,#332,#333));
#322 = ORIENTED_EDGE('',*,*,#323,.F.);
#323 = EDGE_CURVE('',#80,#324,#326,.T.);
#324 = VERTEX_POINT('',#325);
#325 = CARTESIAN_POINT('',(5.999999999914,125.7,5.));
#326 = CIRCLE('',#327,0.5);
#327 = AXIS2_PLACEMENT_3D('',#328,#329,#330);
#328 = CARTESIAN_POINT('',(5.999999999914,125.7,4.5));
#329 = DIRECTION('',(1.,0.,0.));
#330 = DIRECTION('',(0.,1.,0.));
#331 = ORIENTED_EDGE('',*,*,#97,.T.);
#332 = ORIENTED_EDGE('',*,*,#112,.T.);
#333 = ORIENTED_EDGE('',*,*,#334,.F.);
#334 = EDGE_CURVE('',#324,#113,#335,.T.);
#335 = CIRCLE('',#336,2.4);
#336 = AXIS2_PLACEMENT_3D('',#337,#338,#339);
#337 = CARTESIAN_POINT('',(6.,123.3,5.));
#338 = DIRECTION('',(0.,0.,1.));
#339 = DIRECTION('',(-2.966945E-11,1.,0.));
#340 = TOROIDAL_SURFACE('',#341,2.4,0.5);
#341 = AXIS2_PLACEMENT_3D('',#342,#343,#344);
#342 = CARTESIAN_POINT('',(6.,123.3,4.5));
#343 = DIRECTION('',(0.,0.,1.));
#344 = DIRECTION('',(-2.966945E-11,1.,0.));
#345 = ADVANCED_FACE('',(#346,#399,#410,#421,#491,#502,#513),#524,.T.);
#346 = FACE_BOUND('',#347,.T.);
#347 = EDGE_LOOP('',(#348,#349,#358,#366,#375,#383,#392,#398));
#348 = ORIENTED_EDGE('',*,*,#121,.T.);
#349 = ORIENTED_EDGE('',*,*,#350,.T.);
#350 = EDGE_CURVE('',#122,#351,#353,.T.);
#351 = VERTEX_POINT('',#352);
#352 = CARTESIAN_POINT('',(5.999999999929,3.6,5.));
#353 = CIRCLE('',#354,2.4);
#354 = AXIS2_PLACEMENT_3D('',#355,#356,#357);
#355 = CARTESIAN_POINT('',(6.,6.,5.));
#356 = DIRECTION('',(0.,0.,1.));
#357 = DIRECTION('',(-1.,-3.1E-16,0.));
#358 = ORIENTED_EDGE('',*,*,#359,.T.);
#359 = EDGE_CURVE('',#351,#360,#362,.T.);
#360 = VERTEX_POINT('',#361);
#361 = CARTESIAN_POINT('',(353.80000000008,3.6,5.));
#362 = LINE('',#363,#364);
#363 = CARTESIAN_POINT('',(5.999999999914,3.6,5.));
#364 = VECTOR('',#365,1.);
#365 = DIRECTION('',(1.,0.,0.));
#366 = ORIENTED_EDGE('',*,*,#367,.T.);
#367 = EDGE_CURVE('',#360,#368,#370,.T.);
#368 = VERTEX_POINT('',#369);
#369 = CARTESIAN_POINT('',(356.2,6.,5.));
#370 = CIRCLE('',#371,2.4);
#371 = AXIS2_PLACEMENT_3D('',#372,#373,#374);
#372 = CARTESIAN_POINT('',(353.8,6.,5.));
#373 = DIRECTION('',(-0.,0.,1.));
#374 = DIRECTION('',(2.967618E-11,-1.,0.));
#375 = ORIENTED_EDGE('',*,*,#376,.T.);
#376 = EDGE_CURVE('',#368,#377,#379,.T.);
#377 = VERTEX_POINT('',#378);
#378 = CARTESIAN_POINT('',(356.2,123.3,5.));
#379 = LINE('',#380,#381);
#380 = CARTESIAN_POINT('',(356.2,6.,5.));
#381 = VECTOR('',#382,1.);
#382 = DIRECTION('',(0.,1.,0.));
#383 = ORIENTED_EDGE('',*,*,#384,.T.);
#384 = EDGE_CURVE('',#377,#385,#387,.T.);
#385 = VERTEX_POINT('',#386);
#386 = CARTESIAN_POINT('',(353.80000000007,125.7,5.));
#387 = CIRCLE('',#388,2.4);
#388 = AXIS2_PLACEMENT_3D('',#389,#390,#391);
#389 = CARTESIAN_POINT('',(353.8,123.3,5.));
#390 = DIRECTION('',(0.,0.,1.));
#391 = DIRECTION('',(1.,0.,0.));
#392 = ORIENTED_EDGE('',*,*,#393,.T.);
#393 = EDGE_CURVE('',#385,#324,#394,.T.);
#394 = LINE('',#395,#396);
#395 = CARTESIAN_POINT('',(353.80000000008,125.7,5.));
#396 = VECTOR('',#397,1.);
#397 = DIRECTION('',(-1.,0.,0.));
#398 = ORIENTED_EDGE('',*,*,#334,.T.);
#399 = FACE_BOUND('',#400,.T.);
#400 = EDGE_LOOP('',(#401));
#401 = ORIENTED_EDGE('',*,*,#402,.F.);
#402 = EDGE_CURVE('',#403,#403,#405,.T.);
#403 = VERTEX_POINT('',#404);
#404 = CARTESIAN_POINT('',(48.3,26.55,5.));
#405 = CIRCLE('',#406,0.8);
#406 = AXIS2_PLACEMENT_3D('',#407,#408,#409);
#407 = CARTESIAN_POINT('',(47.5,26.55,5.));
#408 = DIRECTION('',(0.,0.,1.));
#409 = DIRECTION('',(1.,0.,0.));
#410 = FACE_BOUND('',#411,.T.);
#411 = EDGE_LOOP('',(#412));
#412 = ORIENTED_EDGE('',*,*,#413,.F.);
#413 = EDGE_CURVE('',#414,#414,#416,.T.);
#414 = VERTEX_POINT('',#415);
#415 = CARTESIAN_POINT('',(348.575,32.05,5.));
#416 = CIRCLE('',#417,0.8);
#417 = AXIS2_PLACEMENT_3D('',#418,#419,#420);
#418 = CARTESIAN_POINT('',(347.775,32.05,5.));
#419 = DIRECTION('',(0.,0.,1.));
#420 = DIRECTION('',(1.,0.,0.));
#421 = FACE_BOUND('',#422,.T.);
#422 = EDGE_LOOP('',(#423,#433,#442,#450,#459,#467,#476,#484));
#423 = ORIENTED_EDGE('',*,*,#424,.F.);
#424 = EDGE_CURVE('',#425,#427,#429,.T.);
#425 = VERTEX_POINT('',#426);
#426 = CARTESIAN_POINT('',(5.,123.3,5.));
#427 = VERTEX_POINT('',#428);
#428 = CARTESIAN_POINT('',(5.,6.,5.));
#429 = LINE('',#430,#431);
#430 = CARTESIAN_POINT('',(5.,123.3,5.));
#431 = VECTOR('',#432,1.);
#432 = DIRECTION('',(0.,-1.,0.));
#433 = ORIENTED_EDGE('',*,*,#434,.F.);
#434 = EDGE_CURVE('',#435,#425,#437,.T.);
#435 = VERTEX_POINT('',#436);
#436 = CARTESIAN_POINT('',(6.,124.3,5.));
#437 = CIRCLE('',#438,1.);
#438 = AXIS2_PLACEMENT_3D('',#439,#440,#441);
#439 = CARTESIAN_POINT('',(6.,123.3,5.));
#440 = DIRECTION('',(0.,0.,1.));
#441 = DIRECTION('',(1.,0.,0.));
#442 = ORIENTED_EDGE('',*,*,#443,.F.);
#443 = EDGE_CURVE('',#444,#435,#446,.T.);
#444 = VERTEX_POINT('',#445);
#445 = CARTESIAN_POINT('',(44.,124.3,5.));
#446 = LINE('',#447,#448);
#447 = CARTESIAN_POINT('',(44.,124.3,5.));
#448 = VECTOR('',#449,1.);
#449 = DIRECTION('',(-1.,0.,0.));
#450 = ORIENTED_EDGE('',*,*,#451,.F.);
#451 = EDGE_CURVE('',#452,#444,#454,.T.);
#452 = VERTEX_POINT('',#453);
#453 = CARTESIAN_POINT('',(45.,123.3,5.));
#454 = CIRCLE('',#455,1.);
#455 = AXIS2_PLACEMENT_3D('',#456,#457,#458);
#456 = CARTESIAN_POINT('',(44.,123.3,5.));
#457 = DIRECTION('',(0.,0.,1.));
#458 = DIRECTION('',(1.,0.,0.));
#459 = ORIENTED_EDGE('',*,*,#460,.F.);
#460 = EDGE_CURVE('',#461,#452,#463,.T.);
#461 = VERTEX_POINT('',#462);
#462 = CARTESIAN_POINT('',(45.,6.,5.));
#463 = LINE('',#464,#465);
#464 = CARTESIAN_POINT('',(45.,6.,5.));
#465 = VECTOR('',#466,1.);
#466 = DIRECTION('',(0.,1.,0.));
#467 = ORIENTED_EDGE('',*,*,#468,.F.);
#468 = EDGE_CURVE('',#469,#461,#471,.T.);
#469 = VERTEX_POINT('',#470);
#470 = CARTESIAN_POINT('',(44.,5.,5.));
#471 = CIRCLE('',#472,1.);
#472 = AXIS2_PLACEMENT_3D('',#473,#474,#475);
#473 = CARTESIAN_POINT('',(44.,6.,5.));
#474 = DIRECTION('',(0.,0.,1.));
#475 = DIRECTION('',(1.,0.,0.));
#476 = ORIENTED_EDGE('',*,*,#477,.F.);
#477 = EDGE_CURVE('',#478,#469,#480,.T.);
#478 = VERTEX_POINT('',#479);
#479 = CARTESIAN_POINT('',(6.,5.,5.));
#480 = LINE('',#481,#482);
#481 = CARTESIAN_POINT('',(6.,5.,5.));
#482 = VECTOR('',#483,1.);
#483 = DIRECTION('',(1.,0.,0.));
#484 = ORIENTED_EDGE('',*,*,#485,.F.);
#485 = EDGE_CURVE('',#427,#478,#486,.T.);
#486 = CIRCLE('',#487,1.);
#487 = AXIS2_PLACEMENT_3D('',#488,#489,#490);
#488 = CARTESIAN_POINT('',(6.,6.,5.));
#489 = DIRECTION('',(0.,0.,1.));
#490 = DIRECTION('',(1.,0.,0.));
#491 = FACE_BOUND('',#492,.T.);
#492 = EDGE_LOOP('',(#493));
#493 = ORIENTED_EDGE('',*,*,#494,.F.);
#494 = EDGE_CURVE('',#495,#495,#497,.T.);
#495 = VERTEX_POINT('',#496);
#496 = CARTESIAN_POINT('',(48.3,102.75,5.));
#497 = CIRCLE('',#498,0.8);
#498 = AXIS2_PLACEMENT_3D('',#499,#500,#501);
#499 = CARTESIAN_POINT('',(47.5,102.75,5.));
#500 = DIRECTION('',(0.,0.,1.));
#501 = DIRECTION('',(1.,0.,0.));
#502 = FACE_BOUND('',#503,.T.);
#503 = EDGE_LOOP('',(#504));
#504 = ORIENTED_EDGE('',*,*,#505,.F.);
#505 = EDGE_CURVE('',#506,#506,#508,.T.);
#506 = VERTEX_POINT('',#507);
#507 = CARTESIAN_POINT('',(348.575,64.65,5.));
#508 = CIRCLE('',#509,0.8);
#509 = AXIS2_PLACEMENT_3D('',#510,#511,#512);
#510 = CARTESIAN_POINT('',(347.775,64.65,5.));
#511 = DIRECTION('',(0.,0.,1.));
#512 = DIRECTION('',(1.,0.,0.));
#513 = FACE_BOUND('',#514,.T.);
#514 = EDGE_LOOP('',(#515));
#515 = ORIENTED_EDGE('',*,*,#516,.F.);
#516 = EDGE_CURVE('',#517,#517,#519,.T.);
#517 = VERTEX_POINT('',#518);
#518 = CARTESIAN_POINT('',(348.575,97.25,5.));
#519 = CIRCLE('',#520,0.8);
#520 = AXIS2_PLACEMENT_3D('',#521,#522,#523);
#521 = CARTESIAN_POINT('',(347.775,97.25,5.));
#522 = DIRECTION('',(0.,0.,1.));
#523 = DIRECTION('',(1.,0.,0.));
#524 = PLANE('',#525);
#525 = AXIS2_PLACEMENT_3D('',#526,#527,#528);
#526 = CARTESIAN_POINT('',(179.9,64.65,5.));
#527 = DIRECTION('',(0.,0.,1.));
#528 = DIRECTION('',(1.,0.,0.));
#529 = ADVANCED_FACE('',(#530),#542,.T.);
#530 = FACE_BOUND('',#531,.T.);
#531 = EDGE_LOOP('',(#532,#533,#534,#541));
#532 = ORIENTED_EDGE('',*,*,#129,.F.);
#533 = ORIENTED_EDGE('',*,*,#284,.T.);
#534 = ORIENTED_EDGE('',*,*,#535,.T.);
#535 = EDGE_CURVE('',#277,#351,#536,.T.);
#536 = CIRCLE('',#537,0.5);
#537 = AXIS2_PLACEMENT_3D('',#538,#539,#540);
#538 = CARTESIAN_POINT('',(5.999999999929,3.6,4.5));
#539 = DIRECTION('',(-1.,2.966891E-11,0.));
#540 = DIRECTION('',(-2.966891E-11,-1.,0.));
#541 = ORIENTED_EDGE('',*,*,#350,.F.);
#542 = TOROIDAL_SURFACE('',#543,2.4,0.5);
#543 = AXIS2_PLACEMENT_3D('',#544,#545,#546);
#544 = CARTESIAN_POINT('',(6.,6.,4.5));
#545 = DIRECTION('',(0.,0.,1.));
#546 = DIRECTION('',(-1.,-3.1E-16,0.));
#547 = ADVANCED_FACE('',(#548),#575,.T.);
#548 = FACE_BOUND('',#549,.F.);
#549 = EDGE_LOOP('',(#550,#559,#560,#569));
#550 = ORIENTED_EDGE('',*,*,#551,.T.);
#551 = EDGE_CURVE('',#552,#146,#554,.T.);
#552 = VERTEX_POINT('',#553);
#553 = CARTESIAN_POINT('',(6.,3.24E-13,1.5));
#554 = CIRCLE('',#555,0.5);
#555 = AXIS2_PLACEMENT_3D('',#556,#557,#558);
#556 = CARTESIAN_POINT('',(6.,0.5,1.5));
#557 = DIRECTION('',(-1.,0.,0.));
#558 = DIRECTION('',(0.,-1.,0.));
#559 = ORIENTED_EDGE('',*,*,#145,.T.);
#560 = ORIENTED_EDGE('',*,*,#561,.F.);
#561 = EDGE_CURVE('',#562,#148,#564,.T.);
#562 = VERTEX_POINT('',#563);
#563 = CARTESIAN_POINT('',(353.8,3.24E-13,1.5));
#564 = CIRCLE('',#565,0.5);
#565 = AXIS2_PLACEMENT_3D('',#566,#567,#568);
#566 = CARTESIAN_POINT('',(353.8,0.5,1.5));
#567 = DIRECTION('',(-1.,0.,0.));
#568 = DIRECTION('',(0.,-1.,0.));
#569 = ORIENTED_EDGE('',*,*,#570,.F.);
#570 = EDGE_CURVE('',#552,#562,#571,.T.);
#571 = LINE('',#572,#573);
#572 = CARTESIAN_POINT('',(5.99999999998,3.2407E-13,1.5));
#573 = VECTOR('',#574,1.);
#574 = DIRECTION('',(1.,0.,0.));
#575 = CYLINDRICAL_SURFACE('',#576,0.5);
#576 = AXIS2_PLACEMENT_3D('',#577,#578,#579);
#577 = CARTESIAN_POINT('',(5.99999999998,0.5,1.5));
#578 = DIRECTION('',(1.,0.,0.));
#579 = DIRECTION('',(0.,-1.,0.));
#580 = ADVANCED_FACE('',(#581),#601,.T.);
#581 = FACE_BOUND('',#582,.T.);
#582 = EDGE_LOOP('',(#583,#592,#599,#600));
#583 = ORIENTED_EDGE('',*,*,#584,.F.);
#584 = EDGE_CURVE('',#585,#199,#587,.T.);
#585 = VERTEX_POINT('',#586);
#586 = CARTESIAN_POINT('',(3.17E-13,6.,1.5));
#587 = CIRCLE('',#588,0.5);
#588 = AXIS2_PLACEMENT_3D('',#589,#590,#591);
#589 = CARTESIAN_POINT('',(0.5,6.,1.5));
#590 = DIRECTION('',(0.,1.,-0.));
#591 = DIRECTION('',(-1.,0.,0.));
#592 = ORIENTED_EDGE('',*,*,#593,.T.);
#593 = EDGE_CURVE('',#585,#552,#594,.T.);
#594 = CIRCLE('',#595,6.);
#595 = AXIS2_PLACEMENT_3D('',#596,#597,#598);
#596 = CARTESIAN_POINT('',(6.,6.,1.5));
#597 = DIRECTION('',(0.,0.,1.));
#598 = DIRECTION('',(-1.,1.5E-16,0.));
#599 = ORIENTED_EDGE('',*,*,#551,.T.);
#600 = ORIENTED_EDGE('',*,*,#206,.F.);
#601 = TOROIDAL_SURFACE('',#602,5.5,0.5);
#602 = AXIS2_PLACEMENT_3D('',#603,#604,#605);
#603 = CARTESIAN_POINT('',(6.,6.,1.5));
#604 = DIRECTION('',(0.,0.,1.));
#605 = DIRECTION('',(-1.,1.5E-16,0.));
#606 = ADVANCED_FACE('',(#607),#627,.T.);
#607 = FACE_BOUND('',#608,.T.);
#608 = EDGE_LOOP('',(#609,#610,#619,#626));
#609 = ORIENTED_EDGE('',*,*,#561,.F.);
#610 = ORIENTED_EDGE('',*,*,#611,.T.);
#611 = EDGE_CURVE('',#562,#612,#614,.T.);
#612 = VERTEX_POINT('',#613);
#613 = CARTESIAN_POINT('',(359.8,6.,1.5));
#614 = CIRCLE('',#615,6.);
#615 = AXIS2_PLACEMENT_3D('',#616,#617,#618);
#616 = CARTESIAN_POINT('',(353.8,6.,1.5));
#617 = DIRECTION('',(-0.,0.,1.));
#618 = DIRECTION('',(0.,-1.,0.));
#619 = ORIENTED_EDGE('',*,*,#620,.T.);
#620 = EDGE_CURVE('',#612,#156,#621,.T.);
#621 = CIRCLE('',#622,0.5);
#622 = AXIS2_PLACEMENT_3D('',#623,#624,#625);
#623 = CARTESIAN_POINT('',(359.3,6.,1.5));
#624 = DIRECTION('',(-9.5E-16,-1.,0.));
#625 = DIRECTION('',(1.,-9.5E-16,0.));
#626 = ORIENTED_EDGE('',*,*,#155,.F.);
#627 = TOROIDAL_SURFACE('',#628,5.5,0.5);
#628 = AXIS2_PLACEMENT_3D('',#629,#630,#631);
#629 = CARTESIAN_POINT('',(353.8,6.,1.5));
#630 = DIRECTION('',(0.,0.,1.));
#631 = DIRECTION('',(0.,-1.,0.));
#632 = ADVANCED_FACE('',(#633),#652,.T.);
#633 = FACE_BOUND('',#634,.F.);
#634 = EDGE_LOOP('',(#635,#644,#645,#646));
#635 = ORIENTED_EDGE('',*,*,#636,.T.);
#636 = EDGE_CURVE('',#637,#190,#639,.T.);
#637 = VERTEX_POINT('',#638);
#638 = CARTESIAN_POINT('',(3.22E-13,123.3,1.5));
#639 = CIRCLE('',#640,0.5);
#640 = AXIS2_PLACEMENT_3D('',#641,#642,#643);
#641 = CARTESIAN_POINT('',(0.5,123.3,1.5));
#642 = DIRECTION('',(-8.3E-16,1.,0.));
#643 = DIRECTION('',(-1.,-8.3E-16,0.));
#644 = ORIENTED_EDGE('',*,*,#198,.T.);
#645 = ORIENTED_EDGE('',*,*,#584,.F.);
#646 = ORIENTED_EDGE('',*,*,#647,.F.);
#647 = EDGE_CURVE('',#637,#585,#648,.T.);
#648 = LINE('',#649,#650);
#649 = CARTESIAN_POINT('',(3.1697E-13,123.3,1.5));
#650 = VECTOR('',#651,1.);
#651 = DIRECTION('',(0.,-1.,0.));
#652 = CYLINDRICAL_SURFACE('',#653,0.5);
#653 = AXIS2_PLACEMENT_3D('',#654,#655,#656);
#654 = CARTESIAN_POINT('',(0.5,123.3,1.5));
#655 = DIRECTION('',(0.,-1.,0.));
#656 = DIRECTION('',(-1.,0.,0.));
#657 = ADVANCED_FACE('',(#658),#677,.T.);
#658 = FACE_BOUND('',#659,.F.);
#659 = EDGE_LOOP('',(#660,#661,#662,#671));
#660 = ORIENTED_EDGE('',*,*,#620,.T.);
#661 = ORIENTED_EDGE('',*,*,#164,.T.);
#662 = ORIENTED_EDGE('',*,*,#663,.F.);
#663 = EDGE_CURVE('',#664,#165,#666,.T.);
#664 = VERTEX_POINT('',#665);
#665 = CARTESIAN_POINT('',(359.8,123.3,1.5));
#666 = CIRCLE('',#667,0.5);
#667 = AXIS2_PLACEMENT_3D('',#668,#669,#670);
#668 = CARTESIAN_POINT('',(359.3,123.3,1.5));
#669 = DIRECTION('',(0.,-1.,0.));
#670 = DIRECTION('',(1.,0.,0.));
#671 = ORIENTED_EDGE('',*,*,#672,.F.);
#672 = EDGE_CURVE('',#612,#664,#673,.T.);
#673 = LINE('',#674,#675);
#674 = CARTESIAN_POINT('',(359.8,6.,1.5));
#675 = VECTOR('',#676,1.);
#676 = DIRECTION('',(0.,1.,0.));
#677 = CYLINDRICAL_SURFACE('',#678,0.5);
#678 = AXIS2_PLACEMENT_3D('',#679,#680,#681);
#679 = CARTESIAN_POINT('',(359.3,6.,1.5));
#680 = DIRECTION('',(0.,1.,0.));
#681 = DIRECTION('',(1.,0.,0.));
#682 = ADVANCED_FACE('',(#683),#703,.T.);
#683 = FACE_BOUND('',#684,.T.);
#684 = EDGE_LOOP('',(#685,#694,#701,#702));
#685 = ORIENTED_EDGE('',*,*,#686,.F.);
#686 = EDGE_CURVE('',#687,#182,#689,.T.);
#687 = VERTEX_POINT('',#688);
#688 = CARTESIAN_POINT('',(6.,129.3,1.5));
#689 = CIRCLE('',#690,0.5);
#690 = AXIS2_PLACEMENT_3D('',#691,#692,#693);
#691 = CARTESIAN_POINT('',(6.,128.8,1.5));
#692 = DIRECTION('',(1.,0.,0.));
#693 = DIRECTION('',(0.,1.,0.));
#694 = ORIENTED_EDGE('',*,*,#695,.T.);
#695 = EDGE_CURVE('',#687,#637,#696,.T.);
#696 = CIRCLE('',#697,6.);
#697 = AXIS2_PLACEMENT_3D('',#698,#699,#700);
#698 = CARTESIAN_POINT('',(6.,123.3,1.5));
#699 = DIRECTION('',(0.,-0.,1.));
#700 = DIRECTION('',(0.,1.,0.));
#701 = ORIENTED_EDGE('',*,*,#636,.T.);
#702 = ORIENTED_EDGE('',*,*,#189,.F.);
#703 = TOROIDAL_SURFACE('',#704,5.5,0.5);
#704 = AXIS2_PLACEMENT_3D('',#705,#706,#707);
#705 = CARTESIAN_POINT('',(6.,123.3,1.5));
#706 = DIRECTION('',(0.,0.,1.));
#707 = DIRECTION('',(0.,1.,0.));
#708 = ADVANCED_FACE('',(#709),#729,.T.);
#709 = FACE_BOUND('',#710,.T.);
#710 = EDGE_LOOP('',(#711,#712,#721,#728));
#711 = ORIENTED_EDGE('',*,*,#663,.F.);
#712 = ORIENTED_EDGE('',*,*,#713,.T.);
#713 = EDGE_CURVE('',#664,#714,#716,.T.);
#714 = VERTEX_POINT('',#715);
#715 = CARTESIAN_POINT('',(353.8,129.3,1.5));
#716 = CIRCLE('',#717,6.);
#717 = AXIS2_PLACEMENT_3D('',#718,#719,#720);
#718 = CARTESIAN_POINT('',(353.8,123.3,1.5));
#719 = DIRECTION('',(0.,-0.,1.));
#720 = DIRECTION('',(1.,2.37E-15,0.));
#721 = ORIENTED_EDGE('',*,*,#722,.T.);
#722 = EDGE_CURVE('',#714,#173,#723,.T.);
#723 = CIRCLE('',#724,0.5);
#724 = AXIS2_PLACEMENT_3D('',#725,#726,#727);
#725 = CARTESIAN_POINT('',(353.8,128.8,1.5));
#726 = DIRECTION('',(1.,2.75E-15,-0.));
#727 = DIRECTION('',(-2.75E-15,1.,0.));
#728 = ORIENTED_EDGE('',*,*,#172,.F.);
#729 = TOROIDAL_SURFACE('',#730,5.5,0.5);
#730 = AXIS2_PLACEMENT_3D('',#731,#732,#733);
#731 = CARTESIAN_POINT('',(353.8,123.3,1.5));
#732 = DIRECTION('',(0.,0.,1.));
#733 = DIRECTION('',(1.,2.37E-15,0.));
#734 = ADVANCED_FACE('',(#735),#746,.T.);
#735 = FACE_BOUND('',#736,.F.);
#736 = EDGE_LOOP('',(#737,#738,#739,#740));
#737 = ORIENTED_EDGE('',*,*,#722,.T.);
#738 = ORIENTED_EDGE('',*,*,#181,.T.);
#739 = ORIENTED_EDGE('',*,*,#686,.F.);
#740 = ORIENTED_EDGE('',*,*,#741,.F.);
#741 = EDGE_CURVE('',#714,#687,#742,.T.);
#742 = LINE('',#743,#744);
#743 = CARTESIAN_POINT('',(353.8,129.3,1.5));
#744 = VECTOR('',#745,1.);
#745 = DIRECTION('',(-1.,0.,0.));
#746 = CYLINDRICAL_SURFACE('',#747,0.5);
#747 = AXIS2_PLACEMENT_3D('',#748,#749,#750);
#748 = CARTESIAN_POINT('',(353.8,128.8,1.5));
#749 = DIRECTION('',(-1.,0.,0.));
#750 = DIRECTION('',(0.,1.,0.));
#751 = ADVANCED_FACE('',(#752),#770,.T.);
#752 = FACE_BOUND('',#753,.T.);
#753 = EDGE_LOOP('',(#754,#755,#756,#764));
#754 = ORIENTED_EDGE('',*,*,#276,.T.);
#755 = ORIENTED_EDGE('',*,*,#225,.T.);
#756 = ORIENTED_EDGE('',*,*,#757,.F.);
#757 = EDGE_CURVE('',#758,#226,#760,.T.);
#758 = VERTEX_POINT('',#759);
#759 = CARTESIAN_POINT('',(353.80000000008,3.1,4.5));
#760 = LINE('',#761,#762);
#761 = CARTESIAN_POINT('',(353.80000000008,3.1,5.));
#762 = VECTOR('',#763,1.);
#763 = DIRECTION('',(-0.,-0.,-1.));
#764 = ORIENTED_EDGE('',*,*,#765,.F.);
#765 = EDGE_CURVE('',#277,#758,#766,.T.);
#766 = LINE('',#767,#768);
#767 = CARTESIAN_POINT('',(5.999999999914,3.1,4.5));
#768 = VECTOR('',#769,1.);
#769 = DIRECTION('',(1.,0.,0.));
#770 = PLANE('',#771);
#771 = AXIS2_PLACEMENT_3D('',#772,#773,#774);
#772 = CARTESIAN_POINT('',(5.999999999914,3.1,5.));
#773 = DIRECTION('',(0.,-1.,0.));
#774 = DIRECTION('',(1.,0.,0.));
#775 = ADVANCED_FACE('',(#776),#795,.T.);
#776 = FACE_BOUND('',#777,.T.);
#777 = EDGE_LOOP('',(#778,#779,#780,#788));
#778 = ORIENTED_EDGE('',*,*,#757,.T.);
#779 = ORIENTED_EDGE('',*,*,#233,.T.);
#780 = ORIENTED_EDGE('',*,*,#781,.F.);
#781 = EDGE_CURVE('',#782,#234,#784,.T.);
#782 = VERTEX_POINT('',#783);
#783 = CARTESIAN_POINT('',(356.7,6.,4.5));
#784 = LINE('',#785,#786);
#785 = CARTESIAN_POINT('',(356.7,6.,5.));
#786 = VECTOR('',#787,1.);
#787 = DIRECTION('',(-0.,-0.,-1.));
#788 = ORIENTED_EDGE('',*,*,#789,.F.);
#789 = EDGE_CURVE('',#758,#782,#790,.T.);
#790 = CIRCLE('',#791,2.9);
#791 = AXIS2_PLACEMENT_3D('',#792,#793,#794);
#792 = CARTESIAN_POINT('',(353.8,6.,4.5));
#793 = DIRECTION('',(-0.,0.,1.));
#794 = DIRECTION('',(2.967618E-11,-1.,0.));
#795 = CYLINDRICAL_SURFACE('',#796,2.9);
#796 = AXIS2_PLACEMENT_3D('',#797,#798,#799);
#797 = CARTESIAN_POINT('',(353.8,6.,5.));
#798 = DIRECTION('',(0.,0.,1.));
#799 = DIRECTION('',(1.,0.,0.));
#800 = ADVANCED_FACE('',(#801),#819,.T.);
#801 = FACE_BOUND('',#802,.T.);
#802 = EDGE_LOOP('',(#803,#804,#805,#813));
#803 = ORIENTED_EDGE('',*,*,#781,.T.);
#804 = ORIENTED_EDGE('',*,*,#242,.T.);
#805 = ORIENTED_EDGE('',*,*,#806,.F.);
#806 = EDGE_CURVE('',#807,#243,#809,.T.);
#807 = VERTEX_POINT('',#808);
#808 = CARTESIAN_POINT('',(356.7,123.3,4.5));
#809 = LINE('',#810,#811);
#810 = CARTESIAN_POINT('',(356.7,123.3,5.));
#811 = VECTOR('',#812,1.);
#812 = DIRECTION('',(-0.,-0.,-1.));
#813 = ORIENTED_EDGE('',*,*,#814,.F.);
#814 = EDGE_CURVE('',#782,#807,#815,.T.);
#815 = LINE('',#816,#817);
#816 = CARTESIAN_POINT('',(356.7,6.,4.5));
#817 = VECTOR('',#818,1.);
#818 = DIRECTION('',(0.,1.,0.));
#819 = PLANE('',#820);
#820 = AXIS2_PLACEMENT_3D('',#821,#822,#823);
#821 = CARTESIAN_POINT('',(356.7,6.,5.));
#822 = DIRECTION('',(1.,0.,0.));
#823 = DIRECTION('',(0.,1.,0.));
#824 = ADVANCED_FACE('',(#825),#837,.T.);
#825 = FACE_BOUND('',#826,.T.);
#826 = EDGE_LOOP('',(#827,#828,#829,#830));
#827 = ORIENTED_EDGE('',*,*,#806,.T.);
#828 = ORIENTED_EDGE('',*,*,#250,.T.);
#829 = ORIENTED_EDGE('',*,*,#299,.F.);
#830 = ORIENTED_EDGE('',*,*,#831,.F.);
#831 = EDGE_CURVE('',#807,#300,#832,.T.);
#832 = CIRCLE('',#833,2.9);
#833 = AXIS2_PLACEMENT_3D('',#834,#835,#836);
#834 = CARTESIAN_POINT('',(353.8,123.3,4.5));
#835 = DIRECTION('',(0.,0.,1.));
#836 = DIRECTION('',(1.,0.,0.));
#837 = CYLINDRICAL_SURFACE('',#838,2.9);
#838 = AXIS2_PLACEMENT_3D('',#839,#840,#841);
#839 = CARTESIAN_POINT('',(353.8,123.3,5.));
#840 = DIRECTION('',(0.,0.,1.));
#841 = DIRECTION('',(1.,0.,0.));
#842 = ADVANCED_FACE('',(#843),#855,.T.);
#843 = FACE_BOUND('',#844,.F.);
#844 = EDGE_LOOP('',(#845,#852,#853,#854));
#845 = ORIENTED_EDGE('',*,*,#846,.T.);
#846 = EDGE_CURVE('',#300,#385,#847,.T.);
#847 = CIRCLE('',#848,0.5);
#848 = AXIS2_PLACEMENT_3D('',#849,#850,#851);
#849 = CARTESIAN_POINT('',(353.80000000007,125.7,4.5));
#850 = DIRECTION('',(1.,-2.9669E-11,0.));
#851 = DIRECTION('',(2.9669E-11,1.,0.));
#852 = ORIENTED_EDGE('',*,*,#393,.T.);
#853 = ORIENTED_EDGE('',*,*,#323,.F.);
#854 = ORIENTED_EDGE('',*,*,#309,.F.);
#855 = CYLINDRICAL_SURFACE('',#856,0.5);
#856 = AXIS2_PLACEMENT_3D('',#857,#858,#859);
#857 = CARTESIAN_POINT('',(353.80000000008,125.7,4.5));
#858 = DIRECTION('',(-1.,0.,0.));
#859 = DIRECTION('',(0.,1.,0.));
#860 = ADVANCED_FACE('',(#861),#873,.T.);
#861 = FACE_BOUND('',#862,.F.);
#862 = EDGE_LOOP('',(#863,#864,#865,#872));
#863 = ORIENTED_EDGE('',*,*,#535,.T.);
#864 = ORIENTED_EDGE('',*,*,#359,.T.);
#865 = ORIENTED_EDGE('',*,*,#866,.F.);
#866 = EDGE_CURVE('',#758,#360,#867,.T.);
#867 = CIRCLE('',#868,0.5);
#868 = AXIS2_PLACEMENT_3D('',#869,#870,#871);
#869 = CARTESIAN_POINT('',(353.80000000008,3.6,4.5));
#870 = DIRECTION('',(-1.,0.,0.));
#871 = DIRECTION('',(0.,-1.,0.));
#872 = ORIENTED_EDGE('',*,*,#765,.F.);
#873 = CYLINDRICAL_SURFACE('',#874,0.5);
#874 = AXIS2_PLACEMENT_3D('',#875,#876,#877);
#875 = CARTESIAN_POINT('',(5.999999999914,3.6,4.5));
#876 = DIRECTION('',(1.,0.,0.));
#877 = DIRECTION('',(0.,-1.,0.));
#878 = ADVANCED_FACE('',(#879),#891,.T.);
#879 = FACE_BOUND('',#880,.T.);
#880 = EDGE_LOOP('',(#881,#888,#889,#890));
#881 = ORIENTED_EDGE('',*,*,#882,.F.);
#882 = EDGE_CURVE('',#807,#377,#883,.T.);
#883 = CIRCLE('',#884,0.5);
#884 = AXIS2_PLACEMENT_3D('',#885,#886,#887);
#885 = CARTESIAN_POINT('',(356.2,123.3,4.5));
#886 = DIRECTION('',(0.,-1.,0.));
#887 = DIRECTION('',(1.,0.,0.));
#888 = ORIENTED_EDGE('',*,*,#831,.T.);
#889 = ORIENTED_EDGE('',*,*,#846,.T.);
#890 = ORIENTED_EDGE('',*,*,#384,.F.);
#891 = TOROIDAL_SURFACE('',#892,2.4,0.5);
#892 = AXIS2_PLACEMENT_3D('',#893,#894,#895);
#893 = CARTESIAN_POINT('',(353.8,123.3,4.5));
#894 = DIRECTION('',(0.,0.,1.));
#895 = DIRECTION('',(1.,0.,0.));
#896 = ADVANCED_FACE('',(#897),#909,.T.);
#897 = FACE_BOUND('',#898,.T.);
#898 = EDGE_LOOP('',(#899,#900,#901,#908));
#899 = ORIENTED_EDGE('',*,*,#866,.F.);
#900 = ORIENTED_EDGE('',*,*,#789,.T.);
#901 = ORIENTED_EDGE('',*,*,#902,.T.);
#902 = EDGE_CURVE('',#782,#368,#903,.T.);
#903 = CIRCLE('',#904,0.5);
#904 = AXIS2_PLACEMENT_3D('',#905,#906,#907);
#905 = CARTESIAN_POINT('',(356.2,6.,4.5));
#906 = DIRECTION('',(3.1E-16,-1.,0.));
#907 = DIRECTION('',(1.,3.1E-16,0.));
#908 = ORIENTED_EDGE('',*,*,#367,.F.);
#909 = TOROIDAL_SURFACE('',#910,2.4,0.5);
#910 = AXIS2_PLACEMENT_3D('',#911,#912,#913);
#911 = CARTESIAN_POINT('',(353.8,6.,4.5));
#912 = DIRECTION('',(0.,0.,1.));
#913 = DIRECTION('',(2.967618E-11,-1.,0.));
#914 = ADVANCED_FACE('',(#915),#921,.T.);
#915 = FACE_BOUND('',#916,.F.);
#916 = EDGE_LOOP('',(#917,#918,#919,#920));
#917 = ORIENTED_EDGE('',*,*,#902,.T.);
#918 = ORIENTED_EDGE('',*,*,#376,.T.);
#919 = ORIENTED_EDGE('',*,*,#882,.F.);
#920 = ORIENTED_EDGE('',*,*,#814,.F.);
#921 = CYLINDRICAL_SURFACE('',#922,0.5);
#922 = AXIS2_PLACEMENT_3D('',#923,#924,#925);
#923 = CARTESIAN_POINT('',(356.2,6.,4.5));
#924 = DIRECTION('',(0.,1.,0.));
#925 = DIRECTION('',(1.,0.,0.));
#926 = ADVANCED_FACE('',(#927),#946,.F.);
#927 = FACE_BOUND('',#928,.F.);
#928 = EDGE_LOOP('',(#929,#937,#944,#945));
#929 = ORIENTED_EDGE('',*,*,#930,.T.);
#930 = EDGE_CURVE('',#403,#931,#933,.T.);
#931 = VERTEX_POINT('',#932);
#932 = CARTESIAN_POINT('',(48.3,26.55,2.));
#933 = LINE('',#934,#935);
#934 = CARTESIAN_POINT('',(48.3,26.55,5.));
#935 = VECTOR('',#936,1.);
#936 = DIRECTION('',(-0.,-0.,-1.));
#937 = ORIENTED_EDGE('',*,*,#938,.T.);
#938 = EDGE_CURVE('',#931,#931,#939,.T.);
#939 = CIRCLE('',#940,0.8);
#940 = AXIS2_PLACEMENT_3D('',#941,#942,#943);
#941 = CARTESIAN_POINT('',(47.5,26.55,2.));
#942 = DIRECTION('',(0.,0.,1.));
#943 = DIRECTION('',(1.,0.,0.));
#944 = ORIENTED_EDGE('',*,*,#930,.F.);
#945 = ORIENTED_EDGE('',*,*,#402,.F.);
#946 = CYLINDRICAL_SURFACE('',#947,0.8);
#947 = AXIS2_PLACEMENT_3D('',#948,#949,#950);
#948 = CARTESIAN_POINT('',(47.5,26.55,5.));
#949 = DIRECTION('',(0.,0.,1.));
#950 = DIRECTION('',(1.,0.,-0.));
#951 = ADVANCED_FACE('',(#952),#971,.F.);
#952 = FACE_BOUND('',#953,.F.);
#953 = EDGE_LOOP('',(#954,#962,#969,#970));
#954 = ORIENTED_EDGE('',*,*,#955,.T.);
#955 = EDGE_CURVE('',#414,#956,#958,.T.);
#956 = VERTEX_POINT('',#957);
#957 = CARTESIAN_POINT('',(348.575,32.05,2.));
#958 = LINE('',#959,#960);
#959 = CARTESIAN_POINT('',(348.575,32.05,5.));
#960 = VECTOR('',#961,1.);
#961 = DIRECTION('',(-0.,-0.,-1.));
#962 = ORIENTED_EDGE('',*,*,#963,.T.);
#963 = EDGE_CURVE('',#956,#956,#964,.T.);
#964 = CIRCLE('',#965,0.8);
#965 = AXIS2_PLACEMENT_3D('',#966,#967,#968);
#966 = CARTESIAN_POINT('',(347.775,32.05,2.));
#967 = DIRECTION('',(0.,0.,1.));
#968 = DIRECTION('',(1.,0.,0.));
#969 = ORIENTED_EDGE('',*,*,#955,.F.);
#970 = ORIENTED_EDGE('',*,*,#413,.F.);
#971 = CYLINDRICAL_SURFACE('',#972,0.8);
#972 = AXIS2_PLACEMENT_3D('',#973,#974,#975);
#973 = CARTESIAN_POINT('',(347.775,32.05,5.));
#974 = DIRECTION('',(0.,0.,1.));
#975 = DIRECTION('',(1.,0.,-0.));
#976 = ADVANCED_FACE('',(#977),#1002,.F.);
#977 = FACE_BOUND('',#978,.F.);
#978 = EDGE_LOOP('',(#979,#987,#995,#1001));
#979 = ORIENTED_EDGE('',*,*,#980,.T.);
#980 = EDGE_CURVE('',#425,#981,#983,.T.);
#981 = VERTEX_POINT('',#982);
#982 = CARTESIAN_POINT('',(5.,123.3,2.));
#983 = LINE('',#984,#985);
#984 = CARTESIAN_POINT('',(5.,123.3,5.));
#985 = VECTOR('',#986,1.);
#986 = DIRECTION('',(-0.,-0.,-1.));
#987 = ORIENTED_EDGE('',*,*,#988,.T.);
#988 = EDGE_CURVE('',#981,#989,#991,.T.);
#989 = VERTEX_POINT('',#990);
#990 = CARTESIAN_POINT('',(5.,6.,2.));
#991 = LINE('',#992,#993);
#992 = CARTESIAN_POINT('',(5.,123.3,2.));
#993 = VECTOR('',#994,1.);
#994 = DIRECTION('',(0.,-1.,0.));
#995 = ORIENTED_EDGE('',*,*,#996,.F.);
#996 = EDGE_CURVE('',#427,#989,#997,.T.);
#997 = LINE('',#998,#999);
#998 = CARTESIAN_POINT('',(5.,6.,5.));
#999 = VECTOR('',#1000,1.);
#1000 = DIRECTION('',(-0.,-0.,-1.));
#1001 = ORIENTED_EDGE('',*,*,#424,.F.);
#1002 = PLANE('',#1003);
#1003 = AXIS2_PLACEMENT_3D('',#1004,#1005,#1006);
#1004 = CARTESIAN_POINT('',(5.,123.3,5.));
#1005 = DIRECTION('',(-1.,0.,0.));
#1006 = DIRECTION('',(0.,-1.,0.));
#1007 = ADVANCED_FACE('',(#1008),#1027,.F.);
#1008 = FACE_BOUND('',#1009,.F.);
#1009 = EDGE_LOOP('',(#1010,#1018,#1025,#1026));
#1010 = ORIENTED_EDGE('',*,*,#1011,.T.);
#1011 = EDGE_CURVE('',#435,#1012,#1014,.T.);
#1012 = VERTEX_POINT('',#1013);
#1013 = CARTESIAN_POINT('',(6.,124.3,2.));
#1014 = LINE('',#1015,#1016);
#1015 = CARTESIAN_POINT('',(6.,124.3,5.));
#1016 = VECTOR('',#1017,1.);
#1017 = DIRECTION('',(-0.,-0.,-1.));
#1018 = ORIENTED_EDGE('',*,*,#1019,.T.);
#1019 = EDGE_CURVE('',#1012,#981,#1020,.T.);
#1020 = CIRCLE('',#1021,1.);
#1021 = AXIS2_PLACEMENT_3D('',#1022,#1023,#1024);
#1022 = CARTESIAN_POINT('',(6.,123.3,2.));
#1023 = DIRECTION('',(0.,0.,1.));
#1024 = DIRECTION('',(1.,0.,0.));
#1025 = ORIENTED_EDGE('',*,*,#980,.F.);
#1026 = ORIENTED_EDGE('',*,*,#434,.F.);
#1027 = CYLINDRICAL_SURFACE('',#1028,1.);
#1028 = AXIS2_PLACEMENT_3D('',#1029,#1030,#1031);
#1029 = CARTESIAN_POINT('',(6.,123.3,5.));
#1030 = DIRECTION('',(0.,0.,1.));
#1031 = DIRECTION('',(1.,0.,0.));
#1032 = ADVANCED_FACE('',(#1033),#1052,.F.);
#1033 = FACE_BOUND('',#1034,.F.);
#1034 = EDGE_LOOP('',(#1035,#1036,#1045,#1051));
#1035 = ORIENTED_EDGE('',*,*,#996,.T.);
#1036 = ORIENTED_EDGE('',*,*,#1037,.T.);
#1037 = EDGE_CURVE('',#989,#1038,#1040,.T.);
#1038 = VERTEX_POINT('',#1039);
#1039 = CARTESIAN_POINT('',(6.,5.,2.));
#1040 = CIRCLE('',#1041,1.);
#1041 = AXIS2_PLACEMENT_3D('',#1042,#1043,#1044);
#1042 = CARTESIAN_POINT('',(6.,6.,2.));
#1043 = DIRECTION('',(0.,0.,1.));
#1044 = DIRECTION('',(1.,0.,0.));
#1045 = ORIENTED_EDGE('',*,*,#1046,.F.);
#1046 = EDGE_CURVE('',#478,#1038,#1047,.T.);
#1047 = LINE('',#1048,#1049);
#1048 = CARTESIAN_POINT('',(6.,5.,5.));
#1049 = VECTOR('',#1050,1.);
#1050 = DIRECTION('',(-0.,-0.,-1.));
#1051 = ORIENTED_EDGE('',*,*,#485,.F.);
#1052 = CYLINDRICAL_SURFACE('',#1053,1.);
#1053 = AXIS2_PLACEMENT_3D('',#1054,#1055,#1056);
#1054 = CARTESIAN_POINT('',(6.,6.,5.));
#1055 = DIRECTION('',(0.,0.,1.));
#1056 = DIRECTION('',(1.,0.,0.));
#1057 = ADVANCED_FACE('',(#1058),#1076,.F.);
#1058 = FACE_BOUND('',#1059,.F.);
#1059 = EDGE_LOOP('',(#1060,#1068,#1074,#1075));
#1060 = ORIENTED_EDGE('',*,*,#1061,.T.);
#1061 = EDGE_CURVE('',#444,#1062,#1064,.T.);
#1062 = VERTEX_POINT('',#1063);
#1063 = CARTESIAN_POINT('',(44.,124.3,2.));
#1064 = LINE('',#1065,#1066);
#1065 = CARTESIAN_POINT('',(44.,124.3,5.));
#1066 = VECTOR('',#1067,1.);
#1067 = DIRECTION('',(-0.,-0.,-1.));
#1068 = ORIENTED_EDGE('',*,*,#1069,.T.);
#1069 = EDGE_CURVE('',#1062,#1012,#1070,.T.);
#1070 = LINE('',#1071,#1072);
#1071 = CARTESIAN_POINT('',(44.,124.3,2.));
#1072 = VECTOR('',#1073,1.);
#1073 = DIRECTION('',(-1.,0.,0.));
#1074 = ORIENTED_EDGE('',*,*,#1011,.F.);
#1075 = ORIENTED_EDGE('',*,*,#443,.F.);
#1076 = PLANE('',#1077);
#1077 = AXIS2_PLACEMENT_3D('',#1078,#1079,#1080);
#1078 = CARTESIAN_POINT('',(44.,124.3,5.));
#1079 = DIRECTION('',(0.,1.,0.));
#1080 = DIRECTION('',(-1.,0.,0.));
#1081 = ADVANCED_FACE('',(#1082),#1100,.F.);
#1082 = FACE_BOUND('',#1083,.F.);
#1083 = EDGE_LOOP('',(#1084,#1085,#1093,#1099));
#1084 = ORIENTED_EDGE('',*,*,#1046,.T.);
#1085 = ORIENTED_EDGE('',*,*,#1086,.T.);
#1086 = EDGE_CURVE('',#1038,#1087,#1089,.T.);
#1087 = VERTEX_POINT('',#1088);
#1088 = CARTESIAN_POINT('',(44.,5.,2.));
#1089 = LINE('',#1090,#1091);
#1090 = CARTESIAN_POINT('',(6.,5.,2.));
#1091 = VECTOR('',#1092,1.);
#1092 = DIRECTION('',(1.,0.,0.));
#1093 = ORIENTED_EDGE('',*,*,#1094,.F.);
#1094 = EDGE_CURVE('',#469,#1087,#1095,.T.);
#1095 = LINE('',#1096,#1097);
#1096 = CARTESIAN_POINT('',(44.,5.,5.));
#1097 = VECTOR('',#1098,1.);
#1098 = DIRECTION('',(-0.,-0.,-1.));
#1099 = ORIENTED_EDGE('',*,*,#477,.F.);
#1100 = PLANE('',#1101);
#1101 = AXIS2_PLACEMENT_3D('',#1102,#1103,#1104);
#1102 = CARTESIAN_POINT('',(6.,5.,5.));
#1103 = DIRECTION('',(0.,-1.,0.));
#1104 = DIRECTION('',(1.,0.,0.));
#1105 = ADVANCED_FACE('',(#1106),#1125,.F.);
#1106 = FACE_BOUND('',#1107,.F.);
#1107 = EDGE_LOOP('',(#1108,#1116,#1123,#1124));
#1108 = ORIENTED_EDGE('',*,*,#1109,.T.);
#1109 = EDGE_CURVE('',#452,#1110,#1112,.T.);
#1110 = VERTEX_POINT('',#1111);
#1111 = CARTESIAN_POINT('',(45.,123.3,2.));
#1112 = LINE('',#1113,#1114);
#1113 = CARTESIAN_POINT('',(45.,123.3,5.));
#1114 = VECTOR('',#1115,1.);
#1115 = DIRECTION('',(-0.,-0.,-1.));
#1116 = ORIENTED_EDGE('',*,*,#1117,.T.);
#1117 = EDGE_CURVE('',#1110,#1062,#1118,.T.);
#1118 = CIRCLE('',#1119,1.);
#1119 = AXIS2_PLACEMENT_3D('',#1120,#1121,#1122);
#1120 = CARTESIAN_POINT('',(44.,123.3,2.));
#1121 = DIRECTION('',(0.,0.,1.));
#1122 = DIRECTION('',(1.,0.,0.));
#1123 = ORIENTED_EDGE('',*,*,#1061,.F.);
#1124 = ORIENTED_EDGE('',*,*,#451,.F.);
#1125 = CYLINDRICAL_SURFACE('',#1126,1.);
#1126 = AXIS2_PLACEMENT_3D('',#1127,#1128,#1129);
#1127 = CARTESIAN_POINT('',(44.,123.3,5.));
#1128 = DIRECTION('',(0.,0.,1.));
#1129 = DIRECTION('',(1.,0.,0.));
#1130 = ADVANCED_FACE('',(#1131),#1150,.F.);
#1131 = FACE_BOUND('',#1132,.F.);
#1132 = EDGE_LOOP('',(#1133,#1134,#1143,#1149));
#1133 = ORIENTED_EDGE('',*,*,#1094,.T.);
#1134 = ORIENTED_EDGE('',*,*,#1135,.T.);
#1135 = EDGE_CURVE('',#1087,#1136,#1138,.T.);
#1136 = VERTEX_POINT('',#1137);
#1137 = CARTESIAN_POINT('',(45.,6.,2.));
#1138 = CIRCLE('',#1139,1.);
#1139 = AXIS2_PLACEMENT_3D('',#1140,#1141,#1142);
#1140 = CARTESIAN_POINT('',(44.,6.,2.));
#1141 = DIRECTION('',(0.,0.,1.));
#1142 = DIRECTION('',(1.,0.,0.));
#1143 = ORIENTED_EDGE('',*,*,#1144,.F.);
#1144 = EDGE_CURVE('',#461,#1136,#1145,.T.);
#1145 = LINE('',#1146,#1147);
#1146 = CARTESIAN_POINT('',(45.,6.,5.));
#1147 = VECTOR('',#1148,1.);
#1148 = DIRECTION('',(-0.,-0.,-1.));
#1149 = ORIENTED_EDGE('',*,*,#468,.F.);
#1150 = CYLINDRICAL_SURFACE('',#1151,1.);
#1151 = AXIS2_PLACEMENT_3D('',#1152,#1153,#1154);
#1152 = CARTESIAN_POINT('',(44.,6.,5.));
#1153 = DIRECTION('',(0.,0.,1.));
#1154 = DIRECTION('',(1.,0.,0.));
#1155 = ADVANCED_FACE('',(#1156),#1167,.F.);
#1156 = FACE_BOUND('',#1157,.F.);
#1157 = EDGE_LOOP('',(#1158,#1159,#1165,#1166));
#1158 = ORIENTED_EDGE('',*,*,#1144,.T.);
#1159 = ORIENTED_EDGE('',*,*,#1160,.T.);
#1160 = EDGE_CURVE('',#1136,#1110,#1161,.T.);
#1161 = LINE('',#1162,#1163);
#1162 = CARTESIAN_POINT('',(45.,6.,2.));
#1163 = VECTOR('',#1164,1.);
#1164 = DIRECTION('',(0.,1.,0.));
#1165 = ORIENTED_EDGE('',*,*,#1109,.F.);
#1166 = ORIENTED_EDGE('',*,*,#460,.F.);
#1167 = PLANE('',#1168);
#1168 = AXIS2_PLACEMENT_3D('',#1169,#1170,#1171);
#1169 = CARTESIAN_POINT('',(45.,6.,5.));
#1170 = DIRECTION('',(1.,0.,0.));
#1171 = DIRECTION('',(0.,1.,0.));
#1172 = ADVANCED_FACE('',(#1173),#1192,.F.);
#1173 = FACE_BOUND('',#1174,.F.);
#1174 = EDGE_LOOP('',(#1175,#1183,#1190,#1191));
#1175 = ORIENTED_EDGE('',*,*,#1176,.T.);
#1176 = EDGE_CURVE('',#495,#1177,#1179,.T.);
#1177 = VERTEX_POINT('',#1178);
#1178 = CARTESIAN_POINT('',(48.3,102.75,2.));
#1179 = LINE('',#1180,#1181);
#1180 = CARTESIAN_POINT('',(48.3,102.75,5.));
#1181 = VECTOR('',#1182,1.);
#1182 = DIRECTION('',(-0.,-0.,-1.));
#1183 = ORIENTED_EDGE('',*,*,#1184,.T.);
#1184 = EDGE_CURVE('',#1177,#1177,#1185,.T.);
#1185 = CIRCLE('',#1186,0.8);
#1186 = AXIS2_PLACEMENT_3D('',#1187,#1188,#1189);
#1187 = CARTESIAN_POINT('',(47.5,102.75,2.));
#1188 = DIRECTION('',(0.,0.,1.));
#1189 = DIRECTION('',(1.,0.,0.));
#1190 = ORIENTED_EDGE('',*,*,#1176,.F.);
#1191 = ORIENTED_EDGE('',*,*,#494,.F.);
#1192 = CYLINDRICAL_SURFACE('',#1193,0.8);
#1193 = AXIS2_PLACEMENT_3D('',#1194,#1195,#1196);
#1194 = CARTESIAN_POINT('',(47.5,102.75,5.));
#1195 = DIRECTION('',(0.,0.,1.));
#1196 = DIRECTION('',(1.,0.,-0.));
#1197 = ADVANCED_FACE('',(#1198),#1217,.F.);
#1198 = FACE_BOUND('',#1199,.F.);
#1199 = EDGE_LOOP('',(#1200,#1208,#1215,#1216));
#1200 = ORIENTED_EDGE('',*,*,#1201,.T.);
#1201 = EDGE_CURVE('',#506,#1202,#1204,.T.);
#1202 = VERTEX_POINT('',#1203);
#1203 = CARTESIAN_POINT('',(348.575,64.65,2.));
#1204 = LINE('',#1205,#1206);
#1205 = CARTESIAN_POINT('',(348.575,64.65,5.));
#1206 = VECTOR('',#1207,1.);
#1207 = DIRECTION('',(-0.,-0.,-1.));
#1208 = ORIENTED_EDGE('',*,*,#1209,.T.);
#1209 = EDGE_CURVE('',#1202,#1202,#1210,.T.);
#1210 = CIRCLE('',#1211,0.8);
#1211 = AXIS2_PLACEMENT_3D('',#1212,#1213,#1214);
#1212 = CARTESIAN_POINT('',(347.775,64.65,2.));
#1213 = DIRECTION('',(0.,0.,1.));
#1214 = DIRECTION('',(1.,0.,0.));
#1215 = ORIENTED_EDGE('',*,*,#1201,.F.);
#1216 = ORIENTED_EDGE('',*,*,#505,.F.);
#1217 = CYLINDRICAL_SURFACE('',#1218,0.8);
#1218 = AXIS2_PLACEMENT_3D('',#1219,#1220,#1221);
#1219 = CARTESIAN_POINT('',(347.775,64.65,5.));
#1220 = DIRECTION('',(0.,0.,1.));
#1221 = DIRECTION('',(1.,0.,-0.));
#1222 = ADVANCED_FACE('',(#1223),#1242,.F.);
#1223 = FACE_BOUND('',#1224,.F.);
#1224 = EDGE_LOOP('',(#1225,#1233,#1240,#1241));
#1225 = ORIENTED_EDGE('',*,*,#1226,.T.);
#1226 = EDGE_CURVE('',#517,#1227,#1229,.T.);
#1227 = VERTEX_POINT('',#1228);
#1228 = CARTESIAN_POINT('',(348.575,97.25,2.));
#1229 = LINE('',#1230,#1231);
#1230 = CARTESIAN_POINT('',(348.575,97.25,5.));
#1231 = VECTOR('',#1232,1.);
#1232 = DIRECTION('',(-0.,-0.,-1.));
#1233 = ORIENTED_EDGE('',*,*,#1234,.T.);
#1234 = EDGE_CURVE('',#1227,#1227,#1235,.T.);
#1235 = CIRCLE('',#1236,0.8);
#1236 = AXIS2_PLACEMENT_3D('',#1237,#1238,#1239);
#1237 = CARTESIAN_POINT('',(347.775,97.25,2.));
#1238 = DIRECTION('',(0.,0.,1.));
#1239 = DIRECTION('',(1.,0.,0.));
#1240 = ORIENTED_EDGE('',*,*,#1226,.F.);
#1241 = ORIENTED_EDGE('',*,*,#516,.F.);
#1242 = CYLINDRICAL_SURFACE('',#1243,0.8);
#1243 = AXIS2_PLACEMENT_3D('',#1244,#1245,#1246);
#1244 = CARTESIAN_POINT('',(347.775,97.25,5.));
#1245 = DIRECTION('',(0.,0.,1.));
#1246 = DIRECTION('',(1.,0.,-0.));
#1247 = ADVANCED_FACE('',(#1248),#1273,.F.);
#1248 = FACE_BOUND('',#1249,.F.);
#1249 = EDGE_LOOP('',(#1250,#1258,#1266,#1272));
#1250 = ORIENTED_EDGE('',*,*,#1251,.F.);
#1251 = EDGE_CURVE('',#1252,#562,#1254,.T.);
#1252 = VERTEX_POINT('',#1253);
#1253 = CARTESIAN_POINT('',(353.8,3.24E-13,0.5));
#1254 = LINE('',#1255,#1256);
#1255 = CARTESIAN_POINT('',(353.8,3.2152E-13,0.));
#1256 = VECTOR('',#1257,1.);
#1257 = DIRECTION('',(0.,0.,1.));
#1258 = ORIENTED_EDGE('',*,*,#1259,.F.);
#1259 = EDGE_CURVE('',#1260,#1252,#1262,.T.);
#1260 = VERTEX_POINT('',#1261);
#1261 = CARTESIAN_POINT('',(6.,3.22E-13,0.5));
#1262 = LINE('',#1263,#1264);
#1263 = CARTESIAN_POINT('',(6.,3.2407E-13,0.5));
#1264 = VECTOR('',#1265,1.);
#1265 = DIRECTION('',(1.,0.,0.));
#1266 = ORIENTED_EDGE('',*,*,#1267,.T.);
#1267 = EDGE_CURVE('',#1260,#552,#1268,.T.);
#1268 = LINE('',#1269,#1270);
#1269 = CARTESIAN_POINT('',(6.,3.2152E-13,0.));
#1270 = VECTOR('',#1271,1.);
#1271 = DIRECTION('',(0.,0.,1.));
#1272 = ORIENTED_EDGE('',*,*,#570,.T.);
#1273 = PLANE('',#1274);
#1274 = AXIS2_PLACEMENT_3D('',#1275,#1276,#1277);
#1275 = CARTESIAN_POINT('',(6.,3.2152E-13,0.));
#1276 = DIRECTION('',(0.,1.,0.));
#1277 = DIRECTION('',(1.,0.,0.));
#1278 = ADVANCED_FACE('',(#1279),#1298,.T.);
#1279 = FACE_BOUND('',#1280,.F.);
#1280 = EDGE_LOOP('',(#1281,#1282,#1291,#1297));
#1281 = ORIENTED_EDGE('',*,*,#1267,.F.);
#1282 = ORIENTED_EDGE('',*,*,#1283,.F.);
#1283 = EDGE_CURVE('',#1284,#1260,#1286,.T.);
#1284 = VERTEX_POINT('',#1285);
#1285 = CARTESIAN_POINT('',(3.22E-13,6.,0.5));
#1286 = CIRCLE('',#1287,6.);
#1287 = AXIS2_PLACEMENT_3D('',#1288,#1289,#1290);
#1288 = CARTESIAN_POINT('',(6.,6.,0.5));
#1289 = DIRECTION('',(0.,0.,1.));
#1290 = DIRECTION('',(-1.,1.5E-16,0.));
#1291 = ORIENTED_EDGE('',*,*,#1292,.T.);
#1292 = EDGE_CURVE('',#1284,#585,#1293,.T.);
#1293 = LINE('',#1294,#1295);
#1294 = CARTESIAN_POINT('',(3.2152E-13,6.,0.));
#1295 = VECTOR('',#1296,1.);
#1296 = DIRECTION('',(0.,0.,1.));
#1297 = ORIENTED_EDGE('',*,*,#593,.T.);
#1298 = CYLINDRICAL_SURFACE('',#1299,6.);
#1299 = AXIS2_PLACEMENT_3D('',#1300,#1301,#1302);
#1300 = CARTESIAN_POINT('',(6.,6.,0.));
#1301 = DIRECTION('',(-0.,-0.,-1.));
#1302 = DIRECTION('',(1.,0.,0.));
#1303 = ADVANCED_FACE('',(#1304),#1323,.T.);
#1304 = FACE_BOUND('',#1305,.F.);
#1305 = EDGE_LOOP('',(#1306,#1314,#1321,#1322));
#1306 = ORIENTED_EDGE('',*,*,#1307,.F.);
#1307 = EDGE_CURVE('',#1308,#612,#1310,.T.);
#1308 = VERTEX_POINT('',#1309);
#1309 = CARTESIAN_POINT('',(359.8,6.,0.5));
#1310 = LINE('',#1311,#1312);
#1311 = CARTESIAN_POINT('',(359.8,6.,0.));
#1312 = VECTOR('',#1313,1.);
#1313 = DIRECTION('',(0.,0.,1.));
#1314 = ORIENTED_EDGE('',*,*,#1315,.F.);
#1315 = EDGE_CURVE('',#1252,#1308,#1316,.T.);
#1316 = CIRCLE('',#1317,6.);
#1317 = AXIS2_PLACEMENT_3D('',#1318,#1319,#1320);
#1318 = CARTESIAN_POINT('',(353.8,6.,0.5));
#1319 = DIRECTION('',(-0.,0.,1.));
#1320 = DIRECTION('',(0.,-1.,0.));
#1321 = ORIENTED_EDGE('',*,*,#1251,.T.);
#1322 = ORIENTED_EDGE('',*,*,#611,.T.);
#1323 = CYLINDRICAL_SURFACE('',#1324,6.);
#1324 = AXIS2_PLACEMENT_3D('',#1325,#1326,#1327);
#1325 = CARTESIAN_POINT('',(353.8,6.,0.));
#1326 = DIRECTION('',(-0.,-0.,-1.));
#1327 = DIRECTION('',(1.,0.,0.));
#1328 = ADVANCED_FACE('',(#1329),#1347,.F.);
#1329 = FACE_BOUND('',#1330,.F.);
#1330 = EDGE_LOOP('',(#1331,#1332,#1340,#1346));
#1331 = ORIENTED_EDGE('',*,*,#1292,.F.);
#1332 = ORIENTED_EDGE('',*,*,#1333,.F.);
#1333 = EDGE_CURVE('',#1334,#1284,#1336,.T.);
#1334 = VERTEX_POINT('',#1335);
#1335 = CARTESIAN_POINT('',(3.22E-13,123.3,0.5));
#1336 = LINE('',#1337,#1338);
#1337 = CARTESIAN_POINT('',(3.1697E-13,123.3,0.5));
#1338 = VECTOR('',#1339,1.);
#1339 = DIRECTION('',(0.,-1.,0.));
#1340 = ORIENTED_EDGE('',*,*,#1341,.T.);
#1341 = EDGE_CURVE('',#1334,#637,#1342,.T.);
#1342 = LINE('',#1343,#1344);
#1343 = CARTESIAN_POINT('',(3.2152E-13,123.3,0.));
#1344 = VECTOR('',#1345,1.);
#1345 = DIRECTION('',(0.,0.,1.));
#1346 = ORIENTED_EDGE('',*,*,#647,.T.);
#1347 = PLANE('',#1348);
#1348 = AXIS2_PLACEMENT_3D('',#1349,#1350,#1351);
#1349 = CARTESIAN_POINT('',(3.2152E-13,123.3,0.));
#1350 = DIRECTION('',(1.,0.,0.));
#1351 = DIRECTION('',(0.,-1.,0.));
#1352 = ADVANCED_FACE('',(#1353),#1371,.F.);
#1353 = FACE_BOUND('',#1354,.F.);
#1354 = EDGE_LOOP('',(#1355,#1363,#1369,#1370));
#1355 = ORIENTED_EDGE('',*,*,#1356,.F.);
#1356 = EDGE_CURVE('',#1357,#664,#1359,.T.);
#1357 = VERTEX_POINT('',#1358);
#1358 = CARTESIAN_POINT('',(359.8,123.3,0.5));
#1359 = LINE('',#1360,#1361);
#1360 = CARTESIAN_POINT('',(359.8,123.3,0.));
#1361 = VECTOR('',#1362,1.);
#1362 = DIRECTION('',(0.,0.,1.));
#1363 = ORIENTED_EDGE('',*,*,#1364,.F.);
#1364 = EDGE_CURVE('',#1308,#1357,#1365,.T.);
#1365 = LINE('',#1366,#1367);
#1366 = CARTESIAN_POINT('',(359.8,6.,0.5));
#1367 = VECTOR('',#1368,1.);
#1368 = DIRECTION('',(0.,1.,0.));
#1369 = ORIENTED_EDGE('',*,*,#1307,.T.);
#1370 = ORIENTED_EDGE('',*,*,#672,.T.);
#1371 = PLANE('',#1372);
#1372 = AXIS2_PLACEMENT_3D('',#1373,#1374,#1375);
#1373 = CARTESIAN_POINT('',(359.8,6.,0.));
#1374 = DIRECTION('',(-1.,0.,0.));
#1375 = DIRECTION('',(0.,1.,0.));
#1376 = ADVANCED_FACE('',(#1377),#1396,.T.);
#1377 = FACE_BOUND('',#1378,.F.);
#1378 = EDGE_LOOP('',(#1379,#1380,#1389,#1395));
#1379 = ORIENTED_EDGE('',*,*,#1341,.F.);
#1380 = ORIENTED_EDGE('',*,*,#1381,.F.);
#1381 = EDGE_CURVE('',#1382,#1334,#1384,.T.);
#1382 = VERTEX_POINT('',#1383);
#1383 = CARTESIAN_POINT('',(6.,129.3,0.5));
#1384 = CIRCLE('',#1385,6.);
#1385 = AXIS2_PLACEMENT_3D('',#1386,#1387,#1388);
#1386 = CARTESIAN_POINT('',(6.,123.3,0.5));
#1387 = DIRECTION('',(0.,-0.,1.));
#1388 = DIRECTION('',(0.,1.,0.));
#1389 = ORIENTED_EDGE('',*,*,#1390,.T.);
#1390 = EDGE_CURVE('',#1382,#687,#1391,.T.);
#1391 = LINE('',#1392,#1393);
#1392 = CARTESIAN_POINT('',(6.,129.3,0.));
#1393 = VECTOR('',#1394,1.);
#1394 = DIRECTION('',(0.,0.,1.));
#1395 = ORIENTED_EDGE('',*,*,#695,.T.);
#1396 = CYLINDRICAL_SURFACE('',#1397,6.);
#1397 = AXIS2_PLACEMENT_3D('',#1398,#1399,#1400);
#1398 = CARTESIAN_POINT('',(6.,123.3,0.));
#1399 = DIRECTION('',(-0.,-0.,-1.));
#1400 = DIRECTION('',(1.,0.,0.));
#1401 = ADVANCED_FACE('',(#1402),#1421,.T.);
#1402 = FACE_BOUND('',#1403,.F.);
#1403 = EDGE_LOOP('',(#1404,#1412,#1419,#1420));
#1404 = ORIENTED_EDGE('',*,*,#1405,.F.);
#1405 = EDGE_CURVE('',#1406,#714,#1408,.T.);
#1406 = VERTEX_POINT('',#1407);
#1407 = CARTESIAN_POINT('',(353.8,129.3,0.5));
#1408 = LINE('',#1409,#1410);
#1409 = CARTESIAN_POINT('',(353.8,129.3,0.));
#1410 = VECTOR('',#1411,1.);
#1411 = DIRECTION('',(0.,0.,1.));
#1412 = ORIENTED_EDGE('',*,*,#1413,.F.);
#1413 = EDGE_CURVE('',#1357,#1406,#1414,.T.);
#1414 = CIRCLE('',#1415,6.);
#1415 = AXIS2_PLACEMENT_3D('',#1416,#1417,#1418);
#1416 = CARTESIAN_POINT('',(353.8,123.3,0.5));
#1417 = DIRECTION('',(0.,0.,1.));
#1418 = DIRECTION('',(1.,0.,0.));
#1419 = ORIENTED_EDGE('',*,*,#1356,.T.);
#1420 = ORIENTED_EDGE('',*,*,#713,.T.);
#1421 = CYLINDRICAL_SURFACE('',#1422,6.);
#1422 = AXIS2_PLACEMENT_3D('',#1423,#1424,#1425);
#1423 = CARTESIAN_POINT('',(353.8,123.3,0.));
#1424 = DIRECTION('',(-0.,-0.,-1.));
#1425 = DIRECTION('',(1.,0.,0.));
#1426 = ADVANCED_FACE('',(#1427),#1438,.F.);
#1427 = FACE_BOUND('',#1428,.F.);
#1428 = EDGE_LOOP('',(#1429,#1430,#1436,#1437));
#1429 = ORIENTED_EDGE('',*,*,#1390,.F.);
#1430 = ORIENTED_EDGE('',*,*,#1431,.F.);
#1431 = EDGE_CURVE('',#1406,#1382,#1432,.T.);
#1432 = LINE('',#1433,#1434);
#1433 = CARTESIAN_POINT('',(353.8,129.3,0.5));
#1434 = VECTOR('',#1435,1.);
#1435 = DIRECTION('',(-1.,0.,0.));
#1436 = ORIENTED_EDGE('',*,*,#1405,.T.);
#1437 = ORIENTED_EDGE('',*,*,#741,.T.);
#1438 = PLANE('',#1439);
#1439 = AXIS2_PLACEMENT_3D('',#1440,#1441,#1442);
#1440 = CARTESIAN_POINT('',(353.8,129.3,0.));
#1441 = DIRECTION('',(0.,-1.,0.));
#1442 = DIRECTION('',(-1.,0.,0.));
#1443 = ADVANCED_FACE('',(#1444),#1447,.T.);
#1444 = FACE_BOUND('',#1445,.T.);
#1445 = EDGE_LOOP('',(#1446));
#1446 = ORIENTED_EDGE('',*,*,#938,.T.);
#1447 = PLANE('',#1448);
#1448 = AXIS2_PLACEMENT_3D('',#1449,#1450,#1451);
#1449 = CARTESIAN_POINT('',(227.665,64.65,2.));
#1450 = DIRECTION('',(0.,0.,1.));
#1451 = DIRECTION('',(1.,0.,0.));
#1452 = ADVANCED_FACE('',(#1453),#1456,.T.);
#1453 = FACE_BOUND('',#1454,.T.);
#1454 = EDGE_LOOP('',(#1455));
#1455 = ORIENTED_EDGE('',*,*,#963,.T.);
#1456 = PLANE('',#1457);
#1457 = AXIS2_PLACEMENT_3D('',#1458,#1459,#1460);
#1458 = CARTESIAN_POINT('',(227.665,64.65,2.));
#1459 = DIRECTION('',(0.,0.,1.));
#1460 = DIRECTION('',(1.,0.,0.));
#1461 = ADVANCED_FACE('',(#1462),#1472,.T.);
#1462 = FACE_BOUND('',#1463,.T.);
#1463 = EDGE_LOOP('',(#1464,#1465,#1466,#1467,#1468,#1469,#1470,#1471));
#1464 = ORIENTED_EDGE('',*,*,#988,.T.);
#1465 = ORIENTED_EDGE('',*,*,#1037,.T.);
#1466 = ORIENTED_EDGE('',*,*,#1086,.T.);
#1467 = ORIENTED_EDGE('',*,*,#1135,.T.);
#1468 = ORIENTED_EDGE('',*,*,#1160,.T.);
#1469 = ORIENTED_EDGE('',*,*,#1117,.T.);
#1470 = ORIENTED_EDGE('',*,*,#1069,.T.);
#1471 = ORIENTED_EDGE('',*,*,#1019,.T.);
#1472 = PLANE('',#1473);
#1473 = AXIS2_PLACEMENT_3D('',#1474,#1475,#1476);
#1474 = CARTESIAN_POINT('',(25.,64.65,2.));
#1475 = DIRECTION('',(0.,0.,1.));
#1476 = DIRECTION('',(1.,0.,0.));
#1477 = ADVANCED_FACE('',(#1478),#1481,.T.);
#1478 = FACE_BOUND('',#1479,.T.);
#1479 = EDGE_LOOP('',(#1480));
#1480 = ORIENTED_EDGE('',*,*,#1184,.T.);
#1481 = PLANE('',#1482);
#1482 = AXIS2_PLACEMENT_3D('',#1483,#1484,#1485);
#1483 = CARTESIAN_POINT('',(227.665,64.65,2.));
#1484 = DIRECTION('',(0.,0.,1.));
#1485 = DIRECTION('',(1.,0.,0.));
#1486 = ADVANCED_FACE('',(#1487),#1490,.T.);
#1487 = FACE_BOUND('',#1488,.T.);
#1488 = EDGE_LOOP('',(#1489));
#1489 = ORIENTED_EDGE('',*,*,#1209,.T.);
#1490 = PLANE('',#1491);
#1491 = AXIS2_PLACEMENT_3D('',#1492,#1493,#1494);
#1492 = CARTESIAN_POINT('',(227.665,64.65,2.));
#1493 = DIRECTION('',(0.,0.,1.));
#1494 = DIRECTION('',(1.,0.,0.));
#1495 = ADVANCED_FACE('',(#1496),#1499,.T.);
#1496 = FACE_BOUND('',#1497,.T.);
#1497 = EDGE_LOOP('',(#1498));
#1498 = ORIENTED_EDGE('',*,*,#1234,.T.);
#1499 = PLANE('',#1500);
#1500 = AXIS2_PLACEMENT_3D('',#1501,#1502,#1503);
#1501 = CARTESIAN_POINT('',(227.665,64.65,2.));
#1502 = DIRECTION('',(0.,0.,1.));
#1503 = DIRECTION('',(1.,0.,0.));
#1504 = ADVANCED_FACE('',(#1505),#1532,.T.);
#1505 = FACE_BOUND('',#1506,.F.);
#1506 = EDGE_LOOP('',(#1507,#1516,#1517,#1526));
#1507 = ORIENTED_EDGE('',*,*,#1508,.T.);
#1508 = EDGE_CURVE('',#1509,#1260,#1511,.T.);
#1509 = VERTEX_POINT('',#1510);
#1510 = CARTESIAN_POINT('',(6.,0.5,0.));
#1511 = CIRCLE('',#1512,0.5);
#1512 = AXIS2_PLACEMENT_3D('',#1513,#1514,#1515);
#1513 = CARTESIAN_POINT('',(6.,0.5,0.5));
#1514 = DIRECTION('',(-1.,2.1E-16,0.));
#1515 = DIRECTION('',(-2.1E-16,-1.,0.));
#1516 = ORIENTED_EDGE('',*,*,#1259,.T.);
#1517 = ORIENTED_EDGE('',*,*,#1518,.F.);
#1518 = EDGE_CURVE('',#1519,#1252,#1521,.T.);
#1519 = VERTEX_POINT('',#1520);
#1520 = CARTESIAN_POINT('',(353.8,0.5,0.));
#1521 = CIRCLE('',#1522,0.5);
#1522 = AXIS2_PLACEMENT_3D('',#1523,#1524,#1525);
#1523 = CARTESIAN_POINT('',(353.8,0.5,0.5));
#1524 = DIRECTION('',(-1.,-0.,-0.));
#1525 = DIRECTION('',(0.,0.,-1.));
#1526 = ORIENTED_EDGE('',*,*,#1527,.F.);
#1527 = EDGE_CURVE('',#1509,#1519,#1528,.T.);
#1528 = LINE('',#1529,#1530);
#1529 = CARTESIAN_POINT('',(6.,0.5,-1.1E-16));
#1530 = VECTOR('',#1531,1.);
#1531 = DIRECTION('',(1.,0.,0.));
#1532 = CYLINDRICAL_SURFACE('',#1533,0.5);
#1533 = AXIS2_PLACEMENT_3D('',#1534,#1535,#1536);
#1534 = CARTESIAN_POINT('',(6.,0.5,0.5));
#1535 = DIRECTION('',(1.,0.,0.));
#1536 = DIRECTION('',(0.,0.,-1.));
#1537 = ADVANCED_FACE('',(#1538),#1558,.T.);
#1538 = FACE_BOUND('',#1539,.T.);
#1539 = EDGE_LOOP('',(#1540,#1549,#1556,#1557));
#1540 = ORIENTED_EDGE('',*,*,#1541,.F.);
#1541 = EDGE_CURVE('',#1542,#1284,#1544,.T.);
#1542 = VERTEX_POINT('',#1543);
#1543 = CARTESIAN_POINT('',(0.5,6.,0.));
#1544 = CIRCLE('',#1545,0.5);
#1545 = AXIS2_PLACEMENT_3D('',#1546,#1547,#1548);
#1546 = CARTESIAN_POINT('',(0.5,6.,0.5));
#1547 = DIRECTION('',(1.5E-16,1.,-0.));
#1548 = DIRECTION('',(-1.,1.5E-16,0.));
#1549 = ORIENTED_EDGE('',*,*,#1550,.T.);
#1550 = EDGE_CURVE('',#1542,#1509,#1551,.T.);
#1551 = CIRCLE('',#1552,5.5);
#1552 = AXIS2_PLACEMENT_3D('',#1553,#1554,#1555);
#1553 = CARTESIAN_POINT('',(6.,6.,0.));
#1554 = DIRECTION('',(0.,0.,1.));
#1555 = DIRECTION('',(-1.,1.5E-16,0.));
#1556 = ORIENTED_EDGE('',*,*,#1508,.T.);
#1557 = ORIENTED_EDGE('',*,*,#1283,.F.);
#1558 = TOROIDAL_SURFACE('',#1559,5.5,0.5);
#1559 = AXIS2_PLACEMENT_3D('',#1560,#1561,#1562);
#1560 = CARTESIAN_POINT('',(6.,6.,0.5));
#1561 = DIRECTION('',(0.,0.,1.));
#1562 = DIRECTION('',(-1.,1.5E-16,0.));
#1563 = ADVANCED_FACE('',(#1564),#1584,.T.);
#1564 = FACE_BOUND('',#1565,.T.);
#1565 = EDGE_LOOP('',(#1566,#1567,#1576,#1583));
#1566 = ORIENTED_EDGE('',*,*,#1518,.F.);
#1567 = ORIENTED_EDGE('',*,*,#1568,.T.);
#1568 = EDGE_CURVE('',#1519,#1569,#1571,.T.);
#1569 = VERTEX_POINT('',#1570);
#1570 = CARTESIAN_POINT('',(359.3,6.,0.));
#1571 = CIRCLE('',#1572,5.5);
#1572 = AXIS2_PLACEMENT_3D('',#1573,#1574,#1575);
#1573 = CARTESIAN_POINT('',(353.8,6.,0.));
#1574 = DIRECTION('',(-0.,0.,1.));
#1575 = DIRECTION('',(0.,-1.,0.));
#1576 = ORIENTED_EDGE('',*,*,#1577,.T.);
#1577 = EDGE_CURVE('',#1569,#1308,#1578,.T.);
#1578 = CIRCLE('',#1579,0.5);
#1579 = AXIS2_PLACEMENT_3D('',#1580,#1581,#1582);
#1580 = CARTESIAN_POINT('',(359.3,6.,0.5));
#1581 = DIRECTION('',(-9.5E-16,-1.,0.));
#1582 = DIRECTION('',(1.,-9.5E-16,0.));
#1583 = ORIENTED_EDGE('',*,*,#1315,.F.);
#1584 = TOROIDAL_SURFACE('',#1585,5.5,0.5);
#1585 = AXIS2_PLACEMENT_3D('',#1586,#1587,#1588);
#1586 = CARTESIAN_POINT('',(353.8,6.,0.5));
#1587 = DIRECTION('',(0.,0.,1.));
#1588 = DIRECTION('',(0.,-1.,0.));
#1589 = ADVANCED_FACE('',(#1590),#1609,.T.);
#1590 = FACE_BOUND('',#1591,.F.);
#1591 = EDGE_LOOP('',(#1592,#1601,#1602,#1603));
#1592 = ORIENTED_EDGE('',*,*,#1593,.T.);
#1593 = EDGE_CURVE('',#1594,#1334,#1596,.T.);
#1594 = VERTEX_POINT('',#1595);
#1595 = CARTESIAN_POINT('',(0.5,123.3,0.));
#1596 = CIRCLE('',#1597,0.5);
#1597 = AXIS2_PLACEMENT_3D('',#1598,#1599,#1600);
#1598 = CARTESIAN_POINT('',(0.5,123.3,0.5));
#1599 = DIRECTION('',(-8.3E-16,1.,0.));
#1600 = DIRECTION('',(-1.,-8.3E-16,0.));
#1601 = ORIENTED_EDGE('',*,*,#1333,.T.);
#1602 = ORIENTED_EDGE('',*,*,#1541,.F.);
#1603 = ORIENTED_EDGE('',*,*,#1604,.F.);
#1604 = EDGE_CURVE('',#1594,#1542,#1605,.T.);
#1605 = LINE('',#1606,#1607);
#1606 = CARTESIAN_POINT('',(0.5,123.3,-1.1E-16));
#1607 = VECTOR('',#1608,1.);
#1608 = DIRECTION('',(0.,-1.,0.));
#1609 = CYLINDRICAL_SURFACE('',#1610,0.5);
#1610 = AXIS2_PLACEMENT_3D('',#1611,#1612,#1613);
#1611 = CARTESIAN_POINT('',(0.5,123.3,0.5));
#1612 = DIRECTION('',(0.,-1.,0.));
#1613 = DIRECTION('',(-0.,-0.,-1.));
#1614 = ADVANCED_FACE('',(#1615),#1634,.T.);
#1615 = FACE_BOUND('',#1616,.F.);
#1616 = EDGE_LOOP('',(#1617,#1618,#1619,#1628));
#1617 = ORIENTED_EDGE('',*,*,#1577,.T.);
#1618 = ORIENTED_EDGE('',*,*,#1364,.T.);
#1619 = ORIENTED_EDGE('',*,*,#1620,.F.);
#1620 = EDGE_CURVE('',#1621,#1357,#1623,.T.);
#1621 = VERTEX_POINT('',#1622);
#1622 = CARTESIAN_POINT('',(359.3,123.3,0.));
#1623 = CIRCLE('',#1624,0.5);
#1624 = AXIS2_PLACEMENT_3D('',#1625,#1626,#1627);
#1625 = CARTESIAN_POINT('',(359.3,123.3,0.5));
#1626 = DIRECTION('',(0.,-1.,0.));
#1627 = DIRECTION('',(0.,0.,-1.));
#1628 = ORIENTED_EDGE('',*,*,#1629,.F.);
#1629 = EDGE_CURVE('',#1569,#1621,#1630,.T.);
#1630 = LINE('',#1631,#1632);
#1631 = CARTESIAN_POINT('',(359.3,6.,-1.1E-16));
#1632 = VECTOR('',#1633,1.);
#1633 = DIRECTION('',(0.,1.,0.));
#1634 = CYLINDRICAL_SURFACE('',#1635,0.5);
#1635 = AXIS2_PLACEMENT_3D('',#1636,#1637,#1638);
#1636 = CARTESIAN_POINT('',(359.3,6.,0.5));
#1637 = DIRECTION('',(0.,1.,0.));
#1638 = DIRECTION('',(0.,0.,-1.));
#1639 = ADVANCED_FACE('',(#1640),#1660,.T.);
#1640 = FACE_BOUND('',#1641,.T.);
#1641 = EDGE_LOOP('',(#1642,#1651,#1658,#1659));
#1642 = ORIENTED_EDGE('',*,*,#1643,.F.);
#1643 = EDGE_CURVE('',#1644,#1382,#1646,.T.);
#1644 = VERTEX_POINT('',#1645);
#1645 = CARTESIAN_POINT('',(6.,128.8,0.));
#1646 = CIRCLE('',#1647,0.5);
#1647 = AXIS2_PLACEMENT_3D('',#1648,#1649,#1650);
#1648 = CARTESIAN_POINT('',(6.,128.8,0.5));
#1649 = DIRECTION('',(1.,-0.,0.));
#1650 = DIRECTION('',(0.,0.,-1.));
#1651 = ORIENTED_EDGE('',*,*,#1652,.T.);
#1652 = EDGE_CURVE('',#1644,#1594,#1653,.T.);
#1653 = CIRCLE('',#1654,5.5);
#1654 = AXIS2_PLACEMENT_3D('',#1655,#1656,#1657);
#1655 = CARTESIAN_POINT('',(6.,123.3,0.));
#1656 = DIRECTION('',(0.,-0.,1.));
#1657 = DIRECTION('',(0.,1.,0.));
#1658 = ORIENTED_EDGE('',*,*,#1593,.T.);
#1659 = ORIENTED_EDGE('',*,*,#1381,.F.);
#1660 = TOROIDAL_SURFACE('',#1661,5.5,0.5);
#1661 = AXIS2_PLACEMENT_3D('',#1662,#1663,#1664);
#1662 = CARTESIAN_POINT('',(6.,123.3,0.5));
#1663 = DIRECTION('',(0.,0.,1.));
#1664 = DIRECTION('',(0.,1.,0.));
#1665 = ADVANCED_FACE('',(#1666),#1686,.T.);
#1666 = FACE_BOUND('',#1667,.T.);
#1667 = EDGE_LOOP('',(#1668,#1669,#1678,#1685));
#1668 = ORIENTED_EDGE('',*,*,#1620,.F.);
#1669 = ORIENTED_EDGE('',*,*,#1670,.T.);
#1670 = EDGE_CURVE('',#1621,#1671,#1673,.T.);
#1671 = VERTEX_POINT('',#1672);
#1672 = CARTESIAN_POINT('',(353.8,128.8,0.));
#1673 = CIRCLE('',#1674,5.5);
#1674 = AXIS2_PLACEMENT_3D('',#1675,#1676,#1677);
#1675 = CARTESIAN_POINT('',(353.8,123.3,0.));
#1676 = DIRECTION('',(0.,0.,1.));
#1677 = DIRECTION('',(1.,0.,0.));
#1678 = ORIENTED_EDGE('',*,*,#1679,.T.);
#1679 = EDGE_CURVE('',#1671,#1406,#1680,.T.);
#1680 = CIRCLE('',#1681,0.5);
#1681 = AXIS2_PLACEMENT_3D('',#1682,#1683,#1684);
#1682 = CARTESIAN_POINT('',(353.8,128.8,0.5));
#1683 = DIRECTION('',(1.,2.83E-15,-0.));
#1684 = DIRECTION('',(-2.83E-15,1.,0.));
#1685 = ORIENTED_EDGE('',*,*,#1413,.F.);
#1686 = TOROIDAL_SURFACE('',#1687,5.5,0.5);
#1687 = AXIS2_PLACEMENT_3D('',#1688,#1689,#1690);
#1688 = CARTESIAN_POINT('',(353.8,123.3,0.5));
#1689 = DIRECTION('',(0.,0.,1.));
#1690 = DIRECTION('',(1.,0.,0.));
#1691 = ADVANCED_FACE('',(#1692),#1703,.T.);
#1692 = FACE_BOUND('',#1693,.F.);
#1693 = EDGE_LOOP('',(#1694,#1695,#1696,#1697));
#1694 = ORIENTED_EDGE('',*,*,#1679,.T.);
#1695 = ORIENTED_EDGE('',*,*,#1431,.T.);
#1696 = ORIENTED_EDGE('',*,*,#1643,.F.);
#1697 = ORIENTED_EDGE('',*,*,#1698,.F.);
#1698 = EDGE_CURVE('',#1671,#1644,#1699,.T.);
#1699 = LINE('',#1700,#1701);
#1700 = CARTESIAN_POINT('',(353.8,128.8,-1.1E-16));
#1701 = VECTOR('',#1702,1.);
#1702 = DIRECTION('',(-1.,0.,0.));
#1703 = CYLINDRICAL_SURFACE('',#1704,0.5);
#1704 = AXIS2_PLACEMENT_3D('',#1705,#1706,#1707);
#1705 = CARTESIAN_POINT('',(353.8,128.8,0.5));
#1706 = DIRECTION('',(-1.,0.,0.));
#1707 = DIRECTION('',(0.,0.,-1.));
#1708 = ADVANCED_FACE('',(#1709,#1719,#1755,#1791,#1861,#1931),#2001,.F.
  );
#1709 = FACE_BOUND('',#1710,.F.);
#1710 = EDGE_LOOP('',(#1711,#1712,#1713,#1714,#1715,#1716,#1717,#1718));
#1711 = ORIENTED_EDGE('',*,*,#1550,.T.);
#1712 = ORIENTED_EDGE('',*,*,#1527,.T.);
#1713 = ORIENTED_EDGE('',*,*,#1568,.T.);
#1714 = ORIENTED_EDGE('',*,*,#1629,.T.);
#1715 = ORIENTED_EDGE('',*,*,#1670,.T.);
#1716 = ORIENTED_EDGE('',*,*,#1698,.T.);
#1717 = ORIENTED_EDGE('',*,*,#1652,.T.);
#1718 = ORIENTED_EDGE('',*,*,#1604,.T.);
#1719 = FACE_BOUND('',#1720,.F.);
#1720 = EDGE_LOOP('',(#1721,#1731,#1740,#1748));
#1721 = ORIENTED_EDGE('',*,*,#1722,.F.);
#1722 = EDGE_CURVE('',#1723,#1725,#1727,.T.);
#1723 = VERTEX_POINT('',#1724);
#1724 = CARTESIAN_POINT('',(6.,4.4,0.));
#1725 = VERTEX_POINT('',#1726);
#1726 = CARTESIAN_POINT('',(23.2,4.4,0.));
#1727 = LINE('',#1728,#1729);
#1728 = CARTESIAN_POINT('',(6.,4.4,0.));
#1729 = VECTOR('',#1730,1.);
#1730 = DIRECTION('',(1.,0.,0.));
#1731 = ORIENTED_EDGE('',*,*,#1732,.T.);
#1732 = EDGE_CURVE('',#1723,#1733,#1735,.T.);
#1733 = VERTEX_POINT('',#1734);
#1734 = CARTESIAN_POINT('',(6.,7.6,0.));
#1735 = CIRCLE('',#1736,1.6);
#1736 = AXIS2_PLACEMENT_3D('',#1737,#1738,#1739);
#1737 = CARTESIAN_POINT('',(6.,6.,0.));
#1738 = DIRECTION('',(0.,0.,-1.));
#1739 = DIRECTION('',(1.,0.,0.));
#1740 = ORIENTED_EDGE('',*,*,#1741,.T.);
#1741 = EDGE_CURVE('',#1733,#1742,#1744,.T.);
#1742 = VERTEX_POINT('',#1743);
#1743 = CARTESIAN_POINT('',(23.2,7.6,0.));
#1744 = LINE('',#1745,#1746);
#1745 = CARTESIAN_POINT('',(6.,7.6,0.));
#1746 = VECTOR('',#1747,1.);
#1747 = DIRECTION('',(1.,0.,0.));
#1748 = ORIENTED_EDGE('',*,*,#1749,.T.);
#1749 = EDGE_CURVE('',#1742,#1725,#1750,.T.);
#1750 = CIRCLE('',#1751,1.6);
#1751 = AXIS2_PLACEMENT_3D('',#1752,#1753,#1754);
#1752 = CARTESIAN_POINT('',(23.2,6.,0.));
#1753 = DIRECTION('',(0.,0.,-1.));
#1754 = DIRECTION('',(1.,0.,0.));
#1755 = FACE_BOUND('',#1756,.F.);
#1756 = EDGE_LOOP('',(#1757,#1767,#1776,#1784));
#1757 = ORIENTED_EDGE('',*,*,#1758,.F.);
#1758 = EDGE_CURVE('',#1759,#1761,#1763,.T.);
#1759 = VERTEX_POINT('',#1760);
#1760 = CARTESIAN_POINT('',(336.6,4.4,0.));
#1761 = VERTEX_POINT('',#1762);
#1762 = CARTESIAN_POINT('',(353.8,4.4,0.));
#1763 = LINE('',#1764,#1765);
#1764 = CARTESIAN_POINT('',(336.6,4.4,0.));
#1765 = VECTOR('',#1766,1.);
#1766 = DIRECTION('',(1.,0.,0.));
#1767 = ORIENTED_EDGE('',*,*,#1768,.T.);
#1768 = EDGE_CURVE('',#1759,#1769,#1771,.T.);
#1769 = VERTEX_POINT('',#1770);
#1770 = CARTESIAN_POINT('',(336.6,7.6,0.));
#1771 = CIRCLE('',#1772,1.6);
#1772 = AXIS2_PLACEMENT_3D('',#1773,#1774,#1775);
#1773 = CARTESIAN_POINT('',(336.6,6.,0.));
#1774 = DIRECTION('',(0.,0.,-1.));
#1775 = DIRECTION('',(1.,0.,0.));
#1776 = ORIENTED_EDGE('',*,*,#1777,.T.);
#1777 = EDGE_CURVE('',#1769,#1778,#1780,.T.);
#1778 = VERTEX_POINT('',#1779);
#1779 = CARTESIAN_POINT('',(353.8,7.6,0.));
#1780 = LINE('',#1781,#1782);
#1781 = CARTESIAN_POINT('',(336.6,7.6,0.));
#1782 = VECTOR('',#1783,1.);
#1783 = DIRECTION('',(1.,0.,0.));
#1784 = ORIENTED_EDGE('',*,*,#1785,.T.);
#1785 = EDGE_CURVE('',#1778,#1761,#1786,.T.);
#1786 = CIRCLE('',#1787,1.6);
#1787 = AXIS2_PLACEMENT_3D('',#1788,#1789,#1790);
#1788 = CARTESIAN_POINT('',(353.8,6.,0.));
#1789 = DIRECTION('',(0.,0.,-1.));
#1790 = DIRECTION('',(1.,0.,0.));
#1791 = FACE_BOUND('',#1792,.F.);
#1792 = EDGE_LOOP('',(#1793,#1804,#1812,#1821,#1829,#1838,#1846,#1855));
#1793 = ORIENTED_EDGE('',*,*,#1794,.T.);
#1794 = EDGE_CURVE('',#1795,#1797,#1799,.T.);
#1795 = VERTEX_POINT('',#1796);
#1796 = CARTESIAN_POINT('',(6.,60.,0.));
#1797 = VERTEX_POINT('',#1798);
#1798 = CARTESIAN_POINT('',(4.4,61.6,0.));
#1799 = CIRCLE('',#1800,1.6);
#1800 = AXIS2_PLACEMENT_3D('',#1801,#1802,#1803);
#1801 = CARTESIAN_POINT('',(6.,61.6,0.));
#1802 = DIRECTION('',(0.,0.,-1.));
#1803 = DIRECTION('',(1.,0.,0.));
#1804 = ORIENTED_EDGE('',*,*,#1805,.T.);
#1805 = EDGE_CURVE('',#1797,#1806,#1808,.T.);
#1806 = VERTEX_POINT('',#1807);
#1807 = CARTESIAN_POINT('',(4.4,123.8,0.));
#1808 = LINE('',#1809,#1810);
#1809 = CARTESIAN_POINT('',(4.4,61.6,0.));
#1810 = VECTOR('',#1811,1.);
#1811 = DIRECTION('',(0.,1.,0.));
#1812 = ORIENTED_EDGE('',*,*,#1813,.T.);
#1813 = EDGE_CURVE('',#1806,#1814,#1816,.T.);
#1814 = VERTEX_POINT('',#1815);
#1815 = CARTESIAN_POINT('',(6.,125.4,0.));
#1816 = CIRCLE('',#1817,1.6);
#1817 = AXIS2_PLACEMENT_3D('',#1818,#1819,#1820);
#1818 = CARTESIAN_POINT('',(6.,123.8,0.));
#1819 = DIRECTION('',(0.,0.,-1.));
#1820 = DIRECTION('',(1.,0.,0.));
#1821 = ORIENTED_EDGE('',*,*,#1822,.T.);
#1822 = EDGE_CURVE('',#1814,#1823,#1825,.T.);
#1823 = VERTEX_POINT('',#1824);
#1824 = CARTESIAN_POINT('',(23.2,125.4,0.));
#1825 = LINE('',#1826,#1827);
#1826 = CARTESIAN_POINT('',(6.,125.4,0.));
#1827 = VECTOR('',#1828,1.);
#1828 = DIRECTION('',(1.,0.,0.));
#1829 = ORIENTED_EDGE('',*,*,#1830,.T.);
#1830 = EDGE_CURVE('',#1823,#1831,#1833,.T.);
#1831 = VERTEX_POINT('',#1832);
#1832 = CARTESIAN_POINT('',(24.8,123.8,0.));
#1833 = CIRCLE('',#1834,1.6);
#1834 = AXIS2_PLACEMENT_3D('',#1835,#1836,#1837);
#1835 = CARTESIAN_POINT('',(23.2,123.8,0.));
#1836 = DIRECTION('',(0.,0.,-1.));
#1837 = DIRECTION('',(1.,0.,0.));
#1838 = ORIENTED_EDGE('',*,*,#1839,.T.);
#1839 = EDGE_CURVE('',#1831,#1840,#1842,.T.);
#1840 = VERTEX_POINT('',#1841);
#1841 = CARTESIAN_POINT('',(24.8,61.6,0.));
#1842 = LINE('',#1843,#1844);
#1843 = CARTESIAN_POINT('',(24.8,123.8,0.));
#1844 = VECTOR('',#1845,1.);
#1845 = DIRECTION('',(0.,-1.,0.));
#1846 = ORIENTED_EDGE('',*,*,#1847,.T.);
#1847 = EDGE_CURVE('',#1840,#1848,#1850,.T.);
#1848 = VERTEX_POINT('',#1849);
#1849 = CARTESIAN_POINT('',(23.2,60.,0.));
#1850 = CIRCLE('',#1851,1.6);
#1851 = AXIS2_PLACEMENT_3D('',#1852,#1853,#1854);
#1852 = CARTESIAN_POINT('',(23.2,61.6,0.));
#1853 = DIRECTION('',(0.,0.,-1.));
#1854 = DIRECTION('',(1.,0.,0.));
#1855 = ORIENTED_EDGE('',*,*,#1856,.T.);
#1856 = EDGE_CURVE('',#1848,#1795,#1857,.T.);
#1857 = LINE('',#1858,#1859);
#1858 = CARTESIAN_POINT('',(23.2,60.,0.));
#1859 = VECTOR('',#1860,1.);
#1860 = DIRECTION('',(-1.,0.,0.));
#1861 = FACE_BOUND('',#1862,.F.);
#1862 = EDGE_LOOP('',(#1863,#1874,#1882,#1891,#1899,#1908,#1916,#1925));
#1863 = ORIENTED_EDGE('',*,*,#1864,.T.);
#1864 = EDGE_CURVE('',#1865,#1867,#1869,.T.);
#1865 = VERTEX_POINT('',#1866);
#1866 = CARTESIAN_POINT('',(101.5,56.,0.));
#1867 = VERTEX_POINT('',#1868);
#1868 = CARTESIAN_POINT('',(99.9,57.6,0.));
#1869 = CIRCLE('',#1870,1.6);
#1870 = AXIS2_PLACEMENT_3D('',#1871,#1872,#1873);
#1871 = CARTESIAN_POINT('',(101.5,57.6,0.));
#1872 = DIRECTION('',(0.,0.,-1.));
#1873 = DIRECTION('',(1.,0.,0.));
#1874 = ORIENTED_EDGE('',*,*,#1875,.T.);
#1875 = EDGE_CURVE('',#1867,#1876,#1878,.T.);
#1876 = VERTEX_POINT('',#1877);
#1877 = CARTESIAN_POINT('',(99.9,86.4,0.));
#1878 = LINE('',#1879,#1880);
#1879 = CARTESIAN_POINT('',(99.9,57.6,0.));
#1880 = VECTOR('',#1881,1.);
#1881 = DIRECTION('',(0.,1.,0.));
#1882 = ORIENTED_EDGE('',*,*,#1883,.T.);
#1883 = EDGE_CURVE('',#1876,#1884,#1886,.T.);
#1884 = VERTEX_POINT('',#1885);
#1885 = CARTESIAN_POINT('',(101.5,88.,0.));
#1886 = CIRCLE('',#1887,1.6);
#1887 = AXIS2_PLACEMENT_3D('',#1888,#1889,#1890);
#1888 = CARTESIAN_POINT('',(101.5,86.4,0.));
#1889 = DIRECTION('',(0.,0.,-1.));
#1890 = DIRECTION('',(1.,0.,0.));
#1891 = ORIENTED_EDGE('',*,*,#1892,.T.);
#1892 = EDGE_CURVE('',#1884,#1893,#1895,.T.);
#1893 = VERTEX_POINT('',#1894);
#1894 = CARTESIAN_POINT('',(258.3,88.,0.));
#1895 = LINE('',#1896,#1897);
#1896 = CARTESIAN_POINT('',(101.5,88.,0.));
#1897 = VECTOR('',#1898,1.);
#1898 = DIRECTION('',(1.,0.,0.));
#1899 = ORIENTED_EDGE('',*,*,#1900,.T.);
#1900 = EDGE_CURVE('',#1893,#1901,#1903,.T.);
#1901 = VERTEX_POINT('',#1902);
#1902 = CARTESIAN_POINT('',(259.9,86.4,0.));
#1903 = CIRCLE('',#1904,1.6);
#1904 = AXIS2_PLACEMENT_3D('',#1905,#1906,#1907);
#1905 = CARTESIAN_POINT('',(258.3,86.4,0.));
#1906 = DIRECTION('',(0.,0.,-1.));
#1907 = DIRECTION('',(1.,0.,0.));
#1908 = ORIENTED_EDGE('',*,*,#1909,.T.);
#1909 = EDGE_CURVE('',#1901,#1910,#1912,.T.);
#1910 = VERTEX_POINT('',#1911);
#1911 = CARTESIAN_POINT('',(259.9,57.6,0.));
#1912 = LINE('',#1913,#1914);
#1913 = CARTESIAN_POINT('',(259.9,86.4,0.));
#1914 = VECTOR('',#1915,1.);
#1915 = DIRECTION('',(0.,-1.,0.));
#1916 = ORIENTED_EDGE('',*,*,#1917,.T.);
#1917 = EDGE_CURVE('',#1910,#1918,#1920,.T.);
#1918 = VERTEX_POINT('',#1919);
#1919 = CARTESIAN_POINT('',(258.3,56.,0.));
#1920 = CIRCLE('',#1921,1.6);
#1921 = AXIS2_PLACEMENT_3D('',#1922,#1923,#1924);
#1922 = CARTESIAN_POINT('',(258.3,57.6,0.));
#1923 = DIRECTION('',(0.,0.,-1.));
#1924 = DIRECTION('',(1.,0.,0.));
#1925 = ORIENTED_EDGE('',*,*,#1926,.T.);
#1926 = EDGE_CURVE('',#1918,#1865,#1927,.T.);
#1927 = LINE('',#1928,#1929);
#1928 = CARTESIAN_POINT('',(258.3,56.,0.));
#1929 = VECTOR('',#1930,1.);
#1930 = DIRECTION('',(-1.,0.,0.));
#1931 = FACE_BOUND('',#1932,.F.);
#1932 = EDGE_LOOP('',(#1933,#1944,#1952,#1961,#1969,#1978,#1986,#1995));
#1933 = ORIENTED_EDGE('',*,*,#1934,.T.);
#1934 = EDGE_CURVE('',#1935,#1937,#1939,.T.);
#1935 = VERTEX_POINT('',#1936);
#1936 = CARTESIAN_POINT('',(336.6,60.,0.));
#1937 = VERTEX_POINT('',#1938);
#1938 = CARTESIAN_POINT('',(335.,61.6,0.));
#1939 = CIRCLE('',#1940,1.6);
#1940 = AXIS2_PLACEMENT_3D('',#1941,#1942,#1943);
#1941 = CARTESIAN_POINT('',(336.6,61.6,0.));
#1942 = DIRECTION('',(0.,0.,-1.));
#1943 = DIRECTION('',(1.,0.,0.));
#1944 = ORIENTED_EDGE('',*,*,#1945,.T.);
#1945 = EDGE_CURVE('',#1937,#1946,#1948,.T.);
#1946 = VERTEX_POINT('',#1947);
#1947 = CARTESIAN_POINT('',(335.,123.8,0.));
#1948 = LINE('',#1949,#1950);
#1949 = CARTESIAN_POINT('',(335.,61.6,0.));
#1950 = VECTOR('',#1951,1.);
#1951 = DIRECTION('',(0.,1.,0.));
#1952 = ORIENTED_EDGE('',*,*,#1953,.T.);
#1953 = EDGE_CURVE('',#1946,#1954,#1956,.T.);
#1954 = VERTEX_POINT('',#1955);
#1955 = CARTESIAN_POINT('',(336.6,125.4,0.));
#1956 = CIRCLE('',#1957,1.6);
#1957 = AXIS2_PLACEMENT_3D('',#1958,#1959,#1960);
#1958 = CARTESIAN_POINT('',(336.6,123.8,0.));
#1959 = DIRECTION('',(0.,0.,-1.));
#1960 = DIRECTION('',(1.,0.,0.));
#1961 = ORIENTED_EDGE('',*,*,#1962,.T.);
#1962 = EDGE_CURVE('',#1954,#1963,#1965,.T.);
#1963 = VERTEX_POINT('',#1964);
#1964 = CARTESIAN_POINT('',(353.8,125.4,0.));
#1965 = LINE('',#1966,#1967);
#1966 = CARTESIAN_POINT('',(336.6,125.4,0.));
#1967 = VECTOR('',#1968,1.);
#1968 = DIRECTION('',(1.,0.,0.));
#1969 = ORIENTED_EDGE('',*,*,#1970,.T.);
#1970 = EDGE_CURVE('',#1963,#1971,#1973,.T.);
#1971 = VERTEX_POINT('',#1972);
#1972 = CARTESIAN_POINT('',(355.4,123.8,0.));
#1973 = CIRCLE('',#1974,1.6);
#1974 = AXIS2_PLACEMENT_3D('',#1975,#1976,#1977);
#1975 = CARTESIAN_POINT('',(353.8,123.8,0.));
#1976 = DIRECTION('',(0.,0.,-1.));
#1977 = DIRECTION('',(1.,0.,0.));
#1978 = ORIENTED_EDGE('',*,*,#1979,.T.);
#1979 = EDGE_CURVE('',#1971,#1980,#1982,.T.);
#1980 = VERTEX_POINT('',#1981);
#1981 = CARTESIAN_POINT('',(355.4,61.6,0.));
#1982 = LINE('',#1983,#1984);
#1983 = CARTESIAN_POINT('',(355.4,123.8,0.));
#1984 = VECTOR('',#1985,1.);
#1985 = DIRECTION('',(0.,-1.,0.));
#1986 = ORIENTED_EDGE('',*,*,#1987,.T.);
#1987 = EDGE_CURVE('',#1980,#1988,#1990,.T.);
#1988 = VERTEX_POINT('',#1989);
#1989 = CARTESIAN_POINT('',(353.8,60.,0.));
#1990 = CIRCLE('',#1991,1.6);
#1991 = AXIS2_PLACEMENT_3D('',#1992,#1993,#1994);
#1992 = CARTESIAN_POINT('',(353.8,61.6,0.));
#1993 = DIRECTION('',(0.,0.,-1.));
#1994 = DIRECTION('',(1.,0.,0.));
#1995 = ORIENTED_EDGE('',*,*,#1996,.T.);
#1996 = EDGE_CURVE('',#1988,#1935,#1997,.T.);
#1997 = LINE('',#1998,#1999);
#1998 = CARTESIAN_POINT('',(353.8,60.,0.));
#1999 = VECTOR('',#2000,1.);
#2000 = DIRECTION('',(-1.,0.,0.));
#2001 = PLANE('',#2002);
#2002 = AXIS2_PLACEMENT_3D('',#2003,#2004,#2005);
#2003 = CARTESIAN_POINT('',(179.9,64.65,0.));
#2004 = DIRECTION('',(0.,0.,1.));
#2005 = DIRECTION('',(1.,0.,0.));
#2006 = ADVANCED_FACE('',(#2007),#2032,.T.);
#2007 = FACE_BOUND('',#2008,.T.);
#2008 = EDGE_LOOP('',(#2009,#2017,#2025,#2031));
#2009 = ORIENTED_EDGE('',*,*,#2010,.T.);
#2010 = EDGE_CURVE('',#1723,#2011,#2013,.T.);
#2011 = VERTEX_POINT('',#2012);
#2012 = CARTESIAN_POINT('',(6.,4.4,0.5));
#2013 = LINE('',#2014,#2015);
#2014 = CARTESIAN_POINT('',(6.,4.4,0.));
#2015 = VECTOR('',#2016,1.);
#2016 = DIRECTION('',(0.,0.,1.));
#2017 = ORIENTED_EDGE('',*,*,#2018,.T.);
#2018 = EDGE_CURVE('',#2011,#2019,#2021,.T.);
#2019 = VERTEX_POINT('',#2020);
#2020 = CARTESIAN_POINT('',(23.2,4.4,0.5));
#2021 = LINE('',#2022,#2023);
#2022 = CARTESIAN_POINT('',(6.,4.4,0.5));
#2023 = VECTOR('',#2024,1.);
#2024 = DIRECTION('',(1.,0.,0.));
#2025 = ORIENTED_EDGE('',*,*,#2026,.F.);
#2026 = EDGE_CURVE('',#1725,#2019,#2027,.T.);
#2027 = LINE('',#2028,#2029);
#2028 = CARTESIAN_POINT('',(23.2,4.4,0.));
#2029 = VECTOR('',#2030,1.);
#2030 = DIRECTION('',(0.,0.,1.));
#2031 = ORIENTED_EDGE('',*,*,#1722,.F.);
#2032 = PLANE('',#2033);
#2033 = AXIS2_PLACEMENT_3D('',#2034,#2035,#2036);
#2034 = CARTESIAN_POINT('',(6.,4.4,0.));
#2035 = DIRECTION('',(0.,1.,0.));
#2036 = DIRECTION('',(1.,0.,0.));
#2037 = ADVANCED_FACE('',(#2038),#2057,.F.);
#2038 = FACE_BOUND('',#2039,.F.);
#2039 = EDGE_LOOP('',(#2040,#2041,#2050,#2056));
#2040 = ORIENTED_EDGE('',*,*,#2010,.T.);
#2041 = ORIENTED_EDGE('',*,*,#2042,.T.);
#2042 = EDGE_CURVE('',#2011,#2043,#2045,.T.);
#2043 = VERTEX_POINT('',#2044);
#2044 = CARTESIAN_POINT('',(6.,7.6,0.5));
#2045 = CIRCLE('',#2046,1.6);
#2046 = AXIS2_PLACEMENT_3D('',#2047,#2048,#2049);
#2047 = CARTESIAN_POINT('',(6.,6.,0.5));
#2048 = DIRECTION('',(0.,0.,-1.));
#2049 = DIRECTION('',(1.,0.,0.));
#2050 = ORIENTED_EDGE('',*,*,#2051,.F.);
#2051 = EDGE_CURVE('',#1733,#2043,#2052,.T.);
#2052 = LINE('',#2053,#2054);
#2053 = CARTESIAN_POINT('',(6.,7.6,0.));
#2054 = VECTOR('',#2055,1.);
#2055 = DIRECTION('',(0.,0.,1.));
#2056 = ORIENTED_EDGE('',*,*,#1732,.F.);
#2057 = CYLINDRICAL_SURFACE('',#2058,1.6);
#2058 = AXIS2_PLACEMENT_3D('',#2059,#2060,#2061);
#2059 = CARTESIAN_POINT('',(6.,6.,0.));
#2060 = DIRECTION('',(0.,0.,-1.));
#2061 = DIRECTION('',(1.,0.,0.));
#2062 = ADVANCED_FACE('',(#2063),#2082,.F.);
#2063 = FACE_BOUND('',#2064,.F.);
#2064 = EDGE_LOOP('',(#2065,#2073,#2080,#2081));
#2065 = ORIENTED_EDGE('',*,*,#2066,.T.);
#2066 = EDGE_CURVE('',#1742,#2067,#2069,.T.);
#2067 = VERTEX_POINT('',#2068);
#2068 = CARTESIAN_POINT('',(23.2,7.6,0.5));
#2069 = LINE('',#2070,#2071);
#2070 = CARTESIAN_POINT('',(23.2,7.6,0.));
#2071 = VECTOR('',#2072,1.);
#2072 = DIRECTION('',(0.,0.,1.));
#2073 = ORIENTED_EDGE('',*,*,#2074,.T.);
#2074 = EDGE_CURVE('',#2067,#2019,#2075,.T.);
#2075 = CIRCLE('',#2076,1.6);
#2076 = AXIS2_PLACEMENT_3D('',#2077,#2078,#2079);
#2077 = CARTESIAN_POINT('',(23.2,6.,0.5));
#2078 = DIRECTION('',(0.,0.,-1.));
#2079 = DIRECTION('',(1.,0.,0.));
#2080 = ORIENTED_EDGE('',*,*,#2026,.F.);
#2081 = ORIENTED_EDGE('',*,*,#1749,.F.);
#2082 = CYLINDRICAL_SURFACE('',#2083,1.6);
#2083 = AXIS2_PLACEMENT_3D('',#2084,#2085,#2086);
#2084 = CARTESIAN_POINT('',(23.2,6.,0.));
#2085 = DIRECTION('',(0.,0.,-1.));
#2086 = DIRECTION('',(1.,0.,0.));
#2087 = ADVANCED_FACE('',(#2088),#2099,.F.);
#2088 = FACE_BOUND('',#2089,.F.);
#2089 = EDGE_LOOP('',(#2090,#2091,#2097,#2098));
#2090 = ORIENTED_EDGE('',*,*,#2051,.T.);
#2091 = ORIENTED_EDGE('',*,*,#2092,.T.);
#2092 = EDGE_CURVE('',#2043,#2067,#2093,.T.);
#2093 = LINE('',#2094,#2095);
#2094 = CARTESIAN_POINT('',(6.,7.6,0.5));
#2095 = VECTOR('',#2096,1.);
#2096 = DIRECTION('',(1.,0.,0.));
#2097 = ORIENTED_EDGE('',*,*,#2066,.F.);
#2098 = ORIENTED_EDGE('',*,*,#1741,.F.);
#2099 = PLANE('',#2100);
#2100 = AXIS2_PLACEMENT_3D('',#2101,#2102,#2103);
#2101 = CARTESIAN_POINT('',(6.,7.6,0.));
#2102 = DIRECTION('',(0.,1.,0.));
#2103 = DIRECTION('',(1.,0.,0.));
#2104 = ADVANCED_FACE('',(#2105),#2130,.T.);
#2105 = FACE_BOUND('',#2106,.T.);
#2106 = EDGE_LOOP('',(#2107,#2115,#2123,#2129));
#2107 = ORIENTED_EDGE('',*,*,#2108,.T.);
#2108 = EDGE_CURVE('',#1759,#2109,#2111,.T.);
#2109 = VERTEX_POINT('',#2110);
#2110 = CARTESIAN_POINT('',(336.6,4.4,0.5));
#2111 = LINE('',#2112,#2113);
#2112 = CARTESIAN_POINT('',(336.6,4.4,0.));
#2113 = VECTOR('',#2114,1.);
#2114 = DIRECTION('',(0.,0.,1.));
#2115 = ORIENTED_EDGE('',*,*,#2116,.T.);
#2116 = EDGE_CURVE('',#2109,#2117,#2119,.T.);
#2117 = VERTEX_POINT('',#2118);
#2118 = CARTESIAN_POINT('',(353.8,4.4,0.5));
#2119 = LINE('',#2120,#2121);
#2120 = CARTESIAN_POINT('',(336.6,4.4,0.5));
#2121 = VECTOR('',#2122,1.);
#2122 = DIRECTION('',(1.,0.,0.));
#2123 = ORIENTED_EDGE('',*,*,#2124,.F.);
#2124 = EDGE_CURVE('',#1761,#2117,#2125,.T.);
#2125 = LINE('',#2126,#2127);
#2126 = CARTESIAN_POINT('',(353.8,4.4,0.));
#2127 = VECTOR('',#2128,1.);
#2128 = DIRECTION('',(0.,0.,1.));
#2129 = ORIENTED_EDGE('',*,*,#1758,.F.);
#2130 = PLANE('',#2131);
#2131 = AXIS2_PLACEMENT_3D('',#2132,#2133,#2134);
#2132 = CARTESIAN_POINT('',(336.6,4.4,0.));
#2133 = DIRECTION('',(0.,1.,0.));
#2134 = DIRECTION('',(1.,0.,0.));
#2135 = ADVANCED_FACE('',(#2136),#2155,.F.);
#2136 = FACE_BOUND('',#2137,.F.);
#2137 = EDGE_LOOP('',(#2138,#2139,#2148,#2154));
#2138 = ORIENTED_EDGE('',*,*,#2108,.T.);
#2139 = ORIENTED_EDGE('',*,*,#2140,.T.);
#2140 = EDGE_CURVE('',#2109,#2141,#2143,.T.);
#2141 = VERTEX_POINT('',#2142);
#2142 = CARTESIAN_POINT('',(336.6,7.6,0.5));
#2143 = CIRCLE('',#2144,1.6);
#2144 = AXIS2_PLACEMENT_3D('',#2145,#2146,#2147);
#2145 = CARTESIAN_POINT('',(336.6,6.,0.5));
#2146 = DIRECTION('',(0.,0.,-1.));
#2147 = DIRECTION('',(1.,0.,0.));
#2148 = ORIENTED_EDGE('',*,*,#2149,.F.);
#2149 = EDGE_CURVE('',#1769,#2141,#2150,.T.);
#2150 = LINE('',#2151,#2152);
#2151 = CARTESIAN_POINT('',(336.6,7.6,0.));
#2152 = VECTOR('',#2153,1.);
#2153 = DIRECTION('',(0.,0.,1.));
#2154 = ORIENTED_EDGE('',*,*,#1768,.F.);
#2155 = CYLINDRICAL_SURFACE('',#2156,1.6);
#2156 = AXIS2_PLACEMENT_3D('',#2157,#2158,#2159);
#2157 = CARTESIAN_POINT('',(336.6,6.,0.));
#2158 = DIRECTION('',(0.,0.,-1.));
#2159 = DIRECTION('',(1.,0.,0.));
#2160 = ADVANCED_FACE('',(#2161),#2180,.F.);
#2161 = FACE_BOUND('',#2162,.F.);
#2162 = EDGE_LOOP('',(#2163,#2171,#2178,#2179));
#2163 = ORIENTED_EDGE('',*,*,#2164,.T.);
#2164 = EDGE_CURVE('',#1778,#2165,#2167,.T.);
#2165 = VERTEX_POINT('',#2166);
#2166 = CARTESIAN_POINT('',(353.8,7.6,0.5));
#2167 = LINE('',#2168,#2169);
#2168 = CARTESIAN_POINT('',(353.8,7.6,0.));
#2169 = VECTOR('',#2170,1.);
#2170 = DIRECTION('',(0.,0.,1.));
#2171 = ORIENTED_EDGE('',*,*,#2172,.T.);
#2172 = EDGE_CURVE('',#2165,#2117,#2173,.T.);
#2173 = CIRCLE('',#2174,1.6);
#2174 = AXIS2_PLACEMENT_3D('',#2175,#2176,#2177);
#2175 = CARTESIAN_POINT('',(353.8,6.,0.5));
#2176 = DIRECTION('',(0.,0.,-1.));
#2177 = DIRECTION('',(1.,0.,0.));
#2178 = ORIENTED_EDGE('',*,*,#2124,.F.);
#2179 = ORIENTED_EDGE('',*,*,#1785,.F.);
#2180 = CYLINDRICAL_SURFACE('',#2181,1.6);
#2181 = AXIS2_PLACEMENT_3D('',#2182,#2183,#2184);
#2182 = CARTESIAN_POINT('',(353.8,6.,0.));
#2183 = DIRECTION('',(0.,0.,-1.));
#2184 = DIRECTION('',(1.,0.,0.));
#2185 = ADVANCED_FACE('',(#2186),#2197,.F.);
#2186 = FACE_BOUND('',#2187,.F.);
#2187 = EDGE_LOOP('',(#2188,#2189,#2195,#2196));
#2188 = ORIENTED_EDGE('',*,*,#2149,.T.);
#2189 = ORIENTED_EDGE('',*,*,#2190,.T.);
#2190 = EDGE_CURVE('',#2141,#2165,#2191,.T.);
#2191 = LINE('',#2192,#2193);
#2192 = CARTESIAN_POINT('',(336.6,7.6,0.5));
#2193 = VECTOR('',#2194,1.);
#2194 = DIRECTION('',(1.,0.,0.));
#2195 = ORIENTED_EDGE('',*,*,#2164,.F.);
#2196 = ORIENTED_EDGE('',*,*,#1777,.F.);
#2197 = PLANE('',#2198);
#2198 = AXIS2_PLACEMENT_3D('',#2199,#2200,#2201);
#2199 = CARTESIAN_POINT('',(336.6,7.6,0.));
#2200 = DIRECTION('',(0.,1.,0.));
#2201 = DIRECTION('',(1.,0.,0.));
#2202 = ADVANCED_FACE('',(#2203),#2229,.F.);
#2203 = FACE_BOUND('',#2204,.F.);
#2204 = EDGE_LOOP('',(#2205,#2213,#2222,#2228));
#2205 = ORIENTED_EDGE('',*,*,#2206,.T.);
#2206 = EDGE_CURVE('',#1795,#2207,#2209,.T.);
#2207 = VERTEX_POINT('',#2208);
#2208 = CARTESIAN_POINT('',(6.,60.,0.5));
#2209 = LINE('',#2210,#2211);
#2210 = CARTESIAN_POINT('',(6.,60.,0.));
#2211 = VECTOR('',#2212,1.);
#2212 = DIRECTION('',(0.,0.,1.));
#2213 = ORIENTED_EDGE('',*,*,#2214,.T.);
#2214 = EDGE_CURVE('',#2207,#2215,#2217,.T.);
#2215 = VERTEX_POINT('',#2216);
#2216 = CARTESIAN_POINT('',(4.4,61.6,0.5));
#2217 = CIRCLE('',#2218,1.6);
#2218 = AXIS2_PLACEMENT_3D('',#2219,#2220,#2221);
#2219 = CARTESIAN_POINT('',(6.,61.6,0.5));
#2220 = DIRECTION('',(0.,0.,-1.));
#2221 = DIRECTION('',(1.,0.,0.));
#2222 = ORIENTED_EDGE('',*,*,#2223,.F.);
#2223 = EDGE_CURVE('',#1797,#2215,#2224,.T.);
#2224 = LINE('',#2225,#2226);
#2225 = CARTESIAN_POINT('',(4.4,61.6,0.));
#2226 = VECTOR('',#2227,1.);
#2227 = DIRECTION('',(0.,0.,1.));
#2228 = ORIENTED_EDGE('',*,*,#1794,.F.);
#2229 = CYLINDRICAL_SURFACE('',#2230,1.6);
#2230 = AXIS2_PLACEMENT_3D('',#2231,#2232,#2233);
#2231 = CARTESIAN_POINT('',(6.,61.6,0.));
#2232 = DIRECTION('',(0.,0.,-1.));
#2233 = DIRECTION('',(1.,0.,0.));
#2234 = ADVANCED_FACE('',(#2235),#2253,.F.);
#2235 = FACE_BOUND('',#2236,.F.);
#2236 = EDGE_LOOP('',(#2237,#2245,#2251,#2252));
#2237 = ORIENTED_EDGE('',*,*,#2238,.T.);
#2238 = EDGE_CURVE('',#1848,#2239,#2241,.T.);
#2239 = VERTEX_POINT('',#2240);
#2240 = CARTESIAN_POINT('',(23.2,60.,0.5));
#2241 = LINE('',#2242,#2243);
#2242 = CARTESIAN_POINT('',(23.2,60.,0.));
#2243 = VECTOR('',#2244,1.);
#2244 = DIRECTION('',(0.,0.,1.));
#2245 = ORIENTED_EDGE('',*,*,#2246,.T.);
#2246 = EDGE_CURVE('',#2239,#2207,#2247,.T.);
#2247 = LINE('',#2248,#2249);
#2248 = CARTESIAN_POINT('',(23.2,60.,0.5));
#2249 = VECTOR('',#2250,1.);
#2250 = DIRECTION('',(-1.,0.,0.));
#2251 = ORIENTED_EDGE('',*,*,#2206,.F.);
#2252 = ORIENTED_EDGE('',*,*,#1856,.F.);
#2253 = PLANE('',#2254);
#2254 = AXIS2_PLACEMENT_3D('',#2255,#2256,#2257);
#2255 = CARTESIAN_POINT('',(23.2,60.,0.));
#2256 = DIRECTION('',(0.,-1.,0.));
#2257 = DIRECTION('',(-1.,0.,0.));
#2258 = ADVANCED_FACE('',(#2259),#2277,.F.);
#2259 = FACE_BOUND('',#2260,.F.);
#2260 = EDGE_LOOP('',(#2261,#2262,#2270,#2276));
#2261 = ORIENTED_EDGE('',*,*,#2223,.T.);
#2262 = ORIENTED_EDGE('',*,*,#2263,.T.);
#2263 = EDGE_CURVE('',#2215,#2264,#2266,.T.);
#2264 = VERTEX_POINT('',#2265);
#2265 = CARTESIAN_POINT('',(4.4,123.8,0.5));
#2266 = LINE('',#2267,#2268);
#2267 = CARTESIAN_POINT('',(4.4,61.6,0.5));
#2268 = VECTOR('',#2269,1.);
#2269 = DIRECTION('',(0.,1.,0.));
#2270 = ORIENTED_EDGE('',*,*,#2271,.F.);
#2271 = EDGE_CURVE('',#1806,#2264,#2272,.T.);
#2272 = LINE('',#2273,#2274);
#2273 = CARTESIAN_POINT('',(4.4,123.8,0.));
#2274 = VECTOR('',#2275,1.);
#2275 = DIRECTION('',(0.,0.,1.));
#2276 = ORIENTED_EDGE('',*,*,#1805,.F.);
#2277 = PLANE('',#2278);
#2278 = AXIS2_PLACEMENT_3D('',#2279,#2280,#2281);
#2279 = CARTESIAN_POINT('',(4.4,61.6,0.));
#2280 = DIRECTION('',(-1.,0.,0.));
#2281 = DIRECTION('',(0.,1.,0.));
#2282 = ADVANCED_FACE('',(#2283),#2302,.F.);
#2283 = FACE_BOUND('',#2284,.F.);
#2284 = EDGE_LOOP('',(#2285,#2293,#2300,#2301));
#2285 = ORIENTED_EDGE('',*,*,#2286,.T.);
#2286 = EDGE_CURVE('',#1840,#2287,#2289,.T.);
#2287 = VERTEX_POINT('',#2288);
#2288 = CARTESIAN_POINT('',(24.8,61.6,0.5));
#2289 = LINE('',#2290,#2291);
#2290 = CARTESIAN_POINT('',(24.8,61.6,0.));
#2291 = VECTOR('',#2292,1.);
#2292 = DIRECTION('',(0.,0.,1.));
#2293 = ORIENTED_EDGE('',*,*,#2294,.T.);
#2294 = EDGE_CURVE('',#2287,#2239,#2295,.T.);
#2295 = CIRCLE('',#2296,1.6);
#2296 = AXIS2_PLACEMENT_3D('',#2297,#2298,#2299);
#2297 = CARTESIAN_POINT('',(23.2,61.6,0.5));
#2298 = DIRECTION('',(0.,0.,-1.));
#2299 = DIRECTION('',(1.,0.,0.));
#2300 = ORIENTED_EDGE('',*,*,#2238,.F.);
#2301 = ORIENTED_EDGE('',*,*,#1847,.F.);
#2302 = CYLINDRICAL_SURFACE('',#2303,1.6);
#2303 = AXIS2_PLACEMENT_3D('',#2304,#2305,#2306);
#2304 = CARTESIAN_POINT('',(23.2,61.6,0.));
#2305 = DIRECTION('',(0.,0.,-1.));
#2306 = DIRECTION('',(1.,0.,0.));
#2307 = ADVANCED_FACE('',(#2308),#2327,.F.);
#2308 = FACE_BOUND('',#2309,.F.);
#2309 = EDGE_LOOP('',(#2310,#2311,#2320,#2326));
#2310 = ORIENTED_EDGE('',*,*,#2271,.T.);
#2311 = ORIENTED_EDGE('',*,*,#2312,.T.);
#2312 = EDGE_CURVE('',#2264,#2313,#2315,.T.);
#2313 = VERTEX_POINT('',#2314);
#2314 = CARTESIAN_POINT('',(6.,125.4,0.5));
#2315 = CIRCLE('',#2316,1.6);
#2316 = AXIS2_PLACEMENT_3D('',#2317,#2318,#2319);
#2317 = CARTESIAN_POINT('',(6.,123.8,0.5));
#2318 = DIRECTION('',(0.,0.,-1.));
#2319 = DIRECTION('',(1.,0.,0.));
#2320 = ORIENTED_EDGE('',*,*,#2321,.F.);
#2321 = EDGE_CURVE('',#1814,#2313,#2322,.T.);
#2322 = LINE('',#2323,#2324);
#2323 = CARTESIAN_POINT('',(6.,125.4,0.));
#2324 = VECTOR('',#2325,1.);
#2325 = DIRECTION('',(0.,0.,1.));
#2326 = ORIENTED_EDGE('',*,*,#1813,.F.);
#2327 = CYLINDRICAL_SURFACE('',#2328,1.6);
#2328 = AXIS2_PLACEMENT_3D('',#2329,#2330,#2331);
#2329 = CARTESIAN_POINT('',(6.,123.8,0.));
#2330 = DIRECTION('',(0.,0.,-1.));
#2331 = DIRECTION('',(1.,0.,0.));
#2332 = ADVANCED_FACE('',(#2333),#2351,.F.);
#2333 = FACE_BOUND('',#2334,.F.);
#2334 = EDGE_LOOP('',(#2335,#2343,#2349,#2350));
#2335 = ORIENTED_EDGE('',*,*,#2336,.T.);
#2336 = EDGE_CURVE('',#1831,#2337,#2339,.T.);
#2337 = VERTEX_POINT('',#2338);
#2338 = CARTESIAN_POINT('',(24.8,123.8,0.5));
#2339 = LINE('',#2340,#2341);
#2340 = CARTESIAN_POINT('',(24.8,123.8,0.));
#2341 = VECTOR('',#2342,1.);
#2342 = DIRECTION('',(0.,0.,1.));
#2343 = ORIENTED_EDGE('',*,*,#2344,.T.);
#2344 = EDGE_CURVE('',#2337,#2287,#2345,.T.);
#2345 = LINE('',#2346,#2347);
#2346 = CARTESIAN_POINT('',(24.8,123.8,0.5));
#2347 = VECTOR('',#2348,1.);
#2348 = DIRECTION('',(0.,-1.,0.));
#2349 = ORIENTED_EDGE('',*,*,#2286,.F.);
#2350 = ORIENTED_EDGE('',*,*,#1839,.F.);
#2351 = PLANE('',#2352);
#2352 = AXIS2_PLACEMENT_3D('',#2353,#2354,#2355);
#2353 = CARTESIAN_POINT('',(24.8,123.8,0.));
#2354 = DIRECTION('',(1.,0.,0.));
#2355 = DIRECTION('',(0.,-1.,0.));
#2356 = ADVANCED_FACE('',(#2357),#2375,.F.);
#2357 = FACE_BOUND('',#2358,.F.);
#2358 = EDGE_LOOP('',(#2359,#2360,#2368,#2374));
#2359 = ORIENTED_EDGE('',*,*,#2321,.T.);
#2360 = ORIENTED_EDGE('',*,*,#2361,.T.);
#2361 = EDGE_CURVE('',#2313,#2362,#2364,.T.);
#2362 = VERTEX_POINT('',#2363);
#2363 = CARTESIAN_POINT('',(23.2,125.4,0.5));
#2364 = LINE('',#2365,#2366);
#2365 = CARTESIAN_POINT('',(6.,125.4,0.5));
#2366 = VECTOR('',#2367,1.);
#2367 = DIRECTION('',(1.,0.,0.));
#2368 = ORIENTED_EDGE('',*,*,#2369,.F.);
#2369 = EDGE_CURVE('',#1823,#2362,#2370,.T.);
#2370 = LINE('',#2371,#2372);
#2371 = CARTESIAN_POINT('',(23.2,125.4,0.));
#2372 = VECTOR('',#2373,1.);
#2373 = DIRECTION('',(0.,0.,1.));
#2374 = ORIENTED_EDGE('',*,*,#1822,.F.);
#2375 = PLANE('',#2376);
#2376 = AXIS2_PLACEMENT_3D('',#2377,#2378,#2379);
#2377 = CARTESIAN_POINT('',(6.,125.4,0.));
#2378 = DIRECTION('',(0.,1.,0.));
#2379 = DIRECTION('',(1.,0.,0.));
#2380 = ADVANCED_FACE('',(#2381),#2393,.F.);
#2381 = FACE_BOUND('',#2382,.F.);
#2382 = EDGE_LOOP('',(#2383,#2384,#2391,#2392));
#2383 = ORIENTED_EDGE('',*,*,#2369,.T.);
#2384 = ORIENTED_EDGE('',*,*,#2385,.T.);
#2385 = EDGE_CURVE('',#2362,#2337,#2386,.T.);
#2386 = CIRCLE('',#2387,1.6);
#2387 = AXIS2_PLACEMENT_3D('',#2388,#2389,#2390);
#2388 = CARTESIAN_POINT('',(23.2,123.8,0.5));
#2389 = DIRECTION('',(0.,0.,-1.));
#2390 = DIRECTION('',(1.,0.,0.));
#2391 = ORIENTED_EDGE('',*,*,#2336,.F.);
#2392 = ORIENTED_EDGE('',*,*,#1830,.F.);
#2393 = CYLINDRICAL_SURFACE('',#2394,1.6);
#2394 = AXIS2_PLACEMENT_3D('',#2395,#2396,#2397);
#2395 = CARTESIAN_POINT('',(23.2,123.8,0.));
#2396 = DIRECTION('',(0.,0.,-1.));
#2397 = DIRECTION('',(1.,0.,0.));
#2398 = ADVANCED_FACE('',(#2399),#2425,.F.);
#2399 = FACE_BOUND('',#2400,.F.);
#2400 = EDGE_LOOP('',(#2401,#2409,#2418,#2424));
#2401 = ORIENTED_EDGE('',*,*,#2402,.T.);
#2402 = EDGE_CURVE('',#1865,#2403,#2405,.T.);
#2403 = VERTEX_POINT('',#2404);
#2404 = CARTESIAN_POINT('',(101.5,56.,0.2));
#2405 = LINE('',#2406,#2407);
#2406 = CARTESIAN_POINT('',(101.5,56.,0.));
#2407 = VECTOR('',#2408,1.);
#2408 = DIRECTION('',(0.,0.,1.));
#2409 = ORIENTED_EDGE('',*,*,#2410,.T.);
#2410 = EDGE_CURVE('',#2403,#2411,#2413,.T.);
#2411 = VERTEX_POINT('',#2412);
#2412 = CARTESIAN_POINT('',(99.9,57.6,0.2));
#2413 = CIRCLE('',#2414,1.6);
#2414 = AXIS2_PLACEMENT_3D('',#2415,#2416,#2417);
#2415 = CARTESIAN_POINT('',(101.5,57.6,0.2));
#2416 = DIRECTION('',(0.,0.,-1.));
#2417 = DIRECTION('',(1.,0.,0.));
#2418 = ORIENTED_EDGE('',*,*,#2419,.F.);
#2419 = EDGE_CURVE('',#1867,#2411,#2420,.T.);
#2420 = LINE('',#2421,#2422);
#2421 = CARTESIAN_POINT('',(99.9,57.6,0.));
#2422 = VECTOR('',#2423,1.);
#2423 = DIRECTION('',(0.,0.,1.));
#2424 = ORIENTED_EDGE('',*,*,#1864,.F.);
#2425 = CYLINDRICAL_SURFACE('',#2426,1.6);
#2426 = AXIS2_PLACEMENT_3D('',#2427,#2428,#2429);
#2427 = CARTESIAN_POINT('',(101.5,57.6,0.));
#2428 = DIRECTION('',(0.,0.,-1.));
#2429 = DIRECTION('',(1.,0.,0.));
#2430 = ADVANCED_FACE('',(#2431),#2449,.F.);
#2431 = FACE_BOUND('',#2432,.F.);
#2432 = EDGE_LOOP('',(#2433,#2441,#2447,#2448));
#2433 = ORIENTED_EDGE('',*,*,#2434,.T.);
#2434 = EDGE_CURVE('',#1918,#2435,#2437,.T.);
#2435 = VERTEX_POINT('',#2436);
#2436 = CARTESIAN_POINT('',(258.3,56.,0.2));
#2437 = LINE('',#2438,#2439);
#2438 = CARTESIAN_POINT('',(258.3,56.,0.));
#2439 = VECTOR('',#2440,1.);
#2440 = DIRECTION('',(0.,0.,1.));
#2441 = ORIENTED_EDGE('',*,*,#2442,.T.);
#2442 = EDGE_CURVE('',#2435,#2403,#2443,.T.);
#2443 = LINE('',#2444,#2445);
#2444 = CARTESIAN_POINT('',(258.3,56.,0.2));
#2445 = VECTOR('',#2446,1.);
#2446 = DIRECTION('',(-1.,0.,0.));
#2447 = ORIENTED_EDGE('',*,*,#2402,.F.);
#2448 = ORIENTED_EDGE('',*,*,#1926,.F.);
#2449 = PLANE('',#2450);
#2450 = AXIS2_PLACEMENT_3D('',#2451,#2452,#2453);
#2451 = CARTESIAN_POINT('',(258.3,56.,0.));
#2452 = DIRECTION('',(0.,-1.,0.));
#2453 = DIRECTION('',(-1.,0.,0.));
#2454 = ADVANCED_FACE('',(#2455),#2474,.F.);
#2455 = FACE_BOUND('',#2456,.F.);
#2456 = EDGE_LOOP('',(#2457,#2465,#2472,#2473));
#2457 = ORIENTED_EDGE('',*,*,#2458,.T.);
#2458 = EDGE_CURVE('',#1910,#2459,#2461,.T.);
#2459 = VERTEX_POINT('',#2460);
#2460 = CARTESIAN_POINT('',(259.9,57.6,0.2));
#2461 = LINE('',#2462,#2463);
#2462 = CARTESIAN_POINT('',(259.9,57.6,0.));
#2463 = VECTOR('',#2464,1.);
#2464 = DIRECTION('',(0.,0.,1.));
#2465 = ORIENTED_EDGE('',*,*,#2466,.T.);
#2466 = EDGE_CURVE('',#2459,#2435,#2467,.T.);
#2467 = CIRCLE('',#2468,1.6);
#2468 = AXIS2_PLACEMENT_3D('',#2469,#2470,#2471);
#2469 = CARTESIAN_POINT('',(258.3,57.6,0.2));
#2470 = DIRECTION('',(0.,0.,-1.));
#2471 = DIRECTION('',(1.,0.,0.));
#2472 = ORIENTED_EDGE('',*,*,#2434,.F.);
#2473 = ORIENTED_EDGE('',*,*,#1917,.F.);
#2474 = CYLINDRICAL_SURFACE('',#2475,1.6);
#2475 = AXIS2_PLACEMENT_3D('',#2476,#2477,#2478);
#2476 = CARTESIAN_POINT('',(258.3,57.6,0.));
#2477 = DIRECTION('',(0.,0.,-1.));
#2478 = DIRECTION('',(1.,0.,0.));
#2479 = ADVANCED_FACE('',(#2480),#2498,.F.);
#2480 = FACE_BOUND('',#2481,.F.);
#2481 = EDGE_LOOP('',(#2482,#2490,#2496,#2497));
#2482 = ORIENTED_EDGE('',*,*,#2483,.T.);
#2483 = EDGE_CURVE('',#1901,#2484,#2486,.T.);
#2484 = VERTEX_POINT('',#2485);
#2485 = CARTESIAN_POINT('',(259.9,86.4,0.2));
#2486 = LINE('',#2487,#2488);
#2487 = CARTESIAN_POINT('',(259.9,86.4,0.));
#2488 = VECTOR('',#2489,1.);
#2489 = DIRECTION('',(0.,0.,1.));
#2490 = ORIENTED_EDGE('',*,*,#2491,.T.);
#2491 = EDGE_CURVE('',#2484,#2459,#2492,.T.);
#2492 = LINE('',#2493,#2494);
#2493 = CARTESIAN_POINT('',(259.9,86.4,0.2));
#2494 = VECTOR('',#2495,1.);
#2495 = DIRECTION('',(0.,-1.,0.));
#2496 = ORIENTED_EDGE('',*,*,#2458,.F.);
#2497 = ORIENTED_EDGE('',*,*,#1909,.F.);
#2498 = PLANE('',#2499);
#2499 = AXIS2_PLACEMENT_3D('',#2500,#2501,#2502);
#2500 = CARTESIAN_POINT('',(259.9,86.4,0.));
#2501 = DIRECTION('',(1.,0.,0.));
#2502 = DIRECTION('',(0.,-1.,0.));
#2503 = ADVANCED_FACE('',(#2504),#2523,.F.);
#2504 = FACE_BOUND('',#2505,.F.);
#2505 = EDGE_LOOP('',(#2506,#2514,#2521,#2522));
#2506 = ORIENTED_EDGE('',*,*,#2507,.T.);
#2507 = EDGE_CURVE('',#1893,#2508,#2510,.T.);
#2508 = VERTEX_POINT('',#2509);
#2509 = CARTESIAN_POINT('',(258.3,88.,0.2));
#2510 = LINE('',#2511,#2512);
#2511 = CARTESIAN_POINT('',(258.3,88.,0.));
#2512 = VECTOR('',#2513,1.);
#2513 = DIRECTION('',(0.,0.,1.));
#2514 = ORIENTED_EDGE('',*,*,#2515,.T.);
#2515 = EDGE_CURVE('',#2508,#2484,#2516,.T.);
#2516 = CIRCLE('',#2517,1.6);
#2517 = AXIS2_PLACEMENT_3D('',#2518,#2519,#2520);
#2518 = CARTESIAN_POINT('',(258.3,86.4,0.2));
#2519 = DIRECTION('',(0.,0.,-1.));
#2520 = DIRECTION('',(1.,0.,0.));
#2521 = ORIENTED_EDGE('',*,*,#2483,.F.);
#2522 = ORIENTED_EDGE('',*,*,#1900,.F.);
#2523 = CYLINDRICAL_SURFACE('',#2524,1.6);
#2524 = AXIS2_PLACEMENT_3D('',#2525,#2526,#2527);
#2525 = CARTESIAN_POINT('',(258.3,86.4,0.));
#2526 = DIRECTION('',(0.,0.,-1.));
#2527 = DIRECTION('',(1.,0.,0.));
#2528 = ADVANCED_FACE('',(#2529),#2547,.F.);
#2529 = FACE_BOUND('',#2530,.F.);
#2530 = EDGE_LOOP('',(#2531,#2539,#2545,#2546));
#2531 = ORIENTED_EDGE('',*,*,#2532,.T.);
#2532 = EDGE_CURVE('',#1884,#2533,#2535,.T.);
#2533 = VERTEX_POINT('',#2534);
#2534 = CARTESIAN_POINT('',(101.5,88.,0.2));
#2535 = LINE('',#2536,#2537);
#2536 = CARTESIAN_POINT('',(101.5,88.,0.));
#2537 = VECTOR('',#2538,1.);
#2538 = DIRECTION('',(0.,0.,1.));
#2539 = ORIENTED_EDGE('',*,*,#2540,.T.);
#2540 = EDGE_CURVE('',#2533,#2508,#2541,.T.);
#2541 = LINE('',#2542,#2543);
#2542 = CARTESIAN_POINT('',(101.5,88.,0.2));
#2543 = VECTOR('',#2544,1.);
#2544 = DIRECTION('',(1.,0.,0.));
#2545 = ORIENTED_EDGE('',*,*,#2507,.F.);
#2546 = ORIENTED_EDGE('',*,*,#1892,.F.);
#2547 = PLANE('',#2548);
#2548 = AXIS2_PLACEMENT_3D('',#2549,#2550,#2551);
#2549 = CARTESIAN_POINT('',(101.5,88.,0.));
#2550 = DIRECTION('',(0.,1.,0.));
#2551 = DIRECTION('',(1.,0.,0.));
#2552 = ADVANCED_FACE('',(#2553),#2572,.F.);
#2553 = FACE_BOUND('',#2554,.F.);
#2554 = EDGE_LOOP('',(#2555,#2563,#2570,#2571));
#2555 = ORIENTED_EDGE('',*,*,#2556,.T.);
#2556 = EDGE_CURVE('',#1876,#2557,#2559,.T.);
#2557 = VERTEX_POINT('',#2558);
#2558 = CARTESIAN_POINT('',(99.9,86.4,0.2));
#2559 = LINE('',#2560,#2561);
#2560 = CARTESIAN_POINT('',(99.9,86.4,0.));
#2561 = VECTOR('',#2562,1.);
#2562 = DIRECTION('',(0.,0.,1.));
#2563 = ORIENTED_EDGE('',*,*,#2564,.T.);
#2564 = EDGE_CURVE('',#2557,#2533,#2565,.T.);
#2565 = CIRCLE('',#2566,1.6);
#2566 = AXIS2_PLACEMENT_3D('',#2567,#2568,#2569);
#2567 = CARTESIAN_POINT('',(101.5,86.4,0.2));
#2568 = DIRECTION('',(0.,0.,-1.));
#2569 = DIRECTION('',(1.,0.,0.));
#2570 = ORIENTED_EDGE('',*,*,#2532,.F.);
#2571 = ORIENTED_EDGE('',*,*,#1883,.F.);
#2572 = CYLINDRICAL_SURFACE('',#2573,1.6);
#2573 = AXIS2_PLACEMENT_3D('',#2574,#2575,#2576);
#2574 = CARTESIAN_POINT('',(101.5,86.4,0.));
#2575 = DIRECTION('',(0.,0.,-1.));
#2576 = DIRECTION('',(1.,0.,0.));
#2577 = ADVANCED_FACE('',(#2578),#2589,.F.);
#2578 = FACE_BOUND('',#2579,.F.);
#2579 = EDGE_LOOP('',(#2580,#2581,#2587,#2588));
#2580 = ORIENTED_EDGE('',*,*,#2419,.T.);
#2581 = ORIENTED_EDGE('',*,*,#2582,.T.);
#2582 = EDGE_CURVE('',#2411,#2557,#2583,.T.);
#2583 = LINE('',#2584,#2585);
#2584 = CARTESIAN_POINT('',(99.9,57.6,0.2));
#2585 = VECTOR('',#2586,1.);
#2586 = DIRECTION('',(0.,1.,0.));
#2587 = ORIENTED_EDGE('',*,*,#2556,.F.);
#2588 = ORIENTED_EDGE('',*,*,#1875,.F.);
#2589 = PLANE('',#2590);
#2590 = AXIS2_PLACEMENT_3D('',#2591,#2592,#2593);
#2591 = CARTESIAN_POINT('',(99.9,57.6,0.));
#2592 = DIRECTION('',(-1.,0.,0.));
#2593 = DIRECTION('',(0.,1.,0.));
#2594 = ADVANCED_FACE('',(#2595),#2621,.F.);
#2595 = FACE_BOUND('',#2596,.F.);
#2596 = EDGE_LOOP('',(#2597,#2605,#2614,#2620));
#2597 = ORIENTED_EDGE('',*,*,#2598,.T.);
#2598 = EDGE_CURVE('',#1935,#2599,#2601,.T.);
#2599 = VERTEX_POINT('',#2600);
#2600 = CARTESIAN_POINT('',(336.6,60.,0.5));
#2601 = LINE('',#2602,#2603);
#2602 = CARTESIAN_POINT('',(336.6,60.,0.));
#2603 = VECTOR('',#2604,1.);
#2604 = DIRECTION('',(0.,0.,1.));
#2605 = ORIENTED_EDGE('',*,*,#2606,.T.);
#2606 = EDGE_CURVE('',#2599,#2607,#2609,.T.);
#2607 = VERTEX_POINT('',#2608);
#2608 = CARTESIAN_POINT('',(335.,61.6,0.5));
#2609 = CIRCLE('',#2610,1.6);
#2610 = AXIS2_PLACEMENT_3D('',#2611,#2612,#2613);
#2611 = CARTESIAN_POINT('',(336.6,61.6,0.5));
#2612 = DIRECTION('',(0.,0.,-1.));
#2613 = DIRECTION('',(1.,0.,0.));
#2614 = ORIENTED_EDGE('',*,*,#2615,.F.);
#2615 = EDGE_CURVE('',#1937,#2607,#2616,.T.);
#2616 = LINE('',#2617,#2618);
#2617 = CARTESIAN_POINT('',(335.,61.6,0.));
#2618 = VECTOR('',#2619,1.);
#2619 = DIRECTION('',(0.,0.,1.));
#2620 = ORIENTED_EDGE('',*,*,#1934,.F.);
#2621 = CYLINDRICAL_SURFACE('',#2622,1.6);
#2622 = AXIS2_PLACEMENT_3D('',#2623,#2624,#2625);
#2623 = CARTESIAN_POINT('',(336.6,61.6,0.));
#2624 = DIRECTION('',(0.,0.,-1.));
#2625 = DIRECTION('',(1.,0.,0.));
#2626 = ADVANCED_FACE('',(#2627),#2645,.F.);
#2627 = FACE_BOUND('',#2628,.F.);
#2628 = EDGE_LOOP('',(#2629,#2637,#2643,#2644));
#2629 = ORIENTED_EDGE('',*,*,#2630,.T.);
#2630 = EDGE_CURVE('',#1988,#2631,#2633,.T.);
#2631 = VERTEX_POINT('',#2632);
#2632 = CARTESIAN_POINT('',(353.8,60.,0.5));
#2633 = LINE('',#2634,#2635);
#2634 = CARTESIAN_POINT('',(353.8,60.,0.));
#2635 = VECTOR('',#2636,1.);
#2636 = DIRECTION('',(0.,0.,1.));
#2637 = ORIENTED_EDGE('',*,*,#2638,.T.);
#2638 = EDGE_CURVE('',#2631,#2599,#2639,.T.);
#2639 = LINE('',#2640,#2641);
#2640 = CARTESIAN_POINT('',(353.8,60.,0.5));
#2641 = VECTOR('',#2642,1.);
#2642 = DIRECTION('',(-1.,0.,0.));
#2643 = ORIENTED_EDGE('',*,*,#2598,.F.);
#2644 = ORIENTED_EDGE('',*,*,#1996,.F.);
#2645 = PLANE('',#2646);
#2646 = AXIS2_PLACEMENT_3D('',#2647,#2648,#2649);
#2647 = CARTESIAN_POINT('',(353.8,60.,0.));
#2648 = DIRECTION('',(0.,-1.,0.));
#2649 = DIRECTION('',(-1.,0.,0.));
#2650 = ADVANCED_FACE('',(#2651),#2669,.F.);
#2651 = FACE_BOUND('',#2652,.F.);
#2652 = EDGE_LOOP('',(#2653,#2654,#2662,#2668));
#2653 = ORIENTED_EDGE('',*,*,#2615,.T.);
#2654 = ORIENTED_EDGE('',*,*,#2655,.T.);
#2655 = EDGE_CURVE('',#2607,#2656,#2658,.T.);
#2656 = VERTEX_POINT('',#2657);
#2657 = CARTESIAN_POINT('',(335.,123.8,0.5));
#2658 = LINE('',#2659,#2660);
#2659 = CARTESIAN_POINT('',(335.,61.6,0.5));
#2660 = VECTOR('',#2661,1.);
#2661 = DIRECTION('',(0.,1.,0.));
#2662 = ORIENTED_EDGE('',*,*,#2663,.F.);
#2663 = EDGE_CURVE('',#1946,#2656,#2664,.T.);
#2664 = LINE('',#2665,#2666);
#2665 = CARTESIAN_POINT('',(335.,123.8,0.));
#2666 = VECTOR('',#2667,1.);
#2667 = DIRECTION('',(0.,0.,1.));
#2668 = ORIENTED_EDGE('',*,*,#1945,.F.);
#2669 = PLANE('',#2670);
#2670 = AXIS2_PLACEMENT_3D('',#2671,#2672,#2673);
#2671 = CARTESIAN_POINT('',(335.,61.6,0.));
#2672 = DIRECTION('',(-1.,0.,0.));
#2673 = DIRECTION('',(0.,1.,0.));
#2674 = ADVANCED_FACE('',(#2675),#2694,.F.);
#2675 = FACE_BOUND('',#2676,.F.);
#2676 = EDGE_LOOP('',(#2677,#2685,#2692,#2693));
#2677 = ORIENTED_EDGE('',*,*,#2678,.T.);
#2678 = EDGE_CURVE('',#1980,#2679,#2681,.T.);
#2679 = VERTEX_POINT('',#2680);
#2680 = CARTESIAN_POINT('',(355.4,61.6,0.5));
#2681 = LINE('',#2682,#2683);
#2682 = CARTESIAN_POINT('',(355.4,61.6,0.));
#2683 = VECTOR('',#2684,1.);
#2684 = DIRECTION('',(0.,0.,1.));
#2685 = ORIENTED_EDGE('',*,*,#2686,.T.);
#2686 = EDGE_CURVE('',#2679,#2631,#2687,.T.);
#2687 = CIRCLE('',#2688,1.6);
#2688 = AXIS2_PLACEMENT_3D('',#2689,#2690,#2691);
#2689 = CARTESIAN_POINT('',(353.8,61.6,0.5));
#2690 = DIRECTION('',(0.,0.,-1.));
#2691 = DIRECTION('',(1.,0.,0.));
#2692 = ORIENTED_EDGE('',*,*,#2630,.F.);
#2693 = ORIENTED_EDGE('',*,*,#1987,.F.);
#2694 = CYLINDRICAL_SURFACE('',#2695,1.6);
#2695 = AXIS2_PLACEMENT_3D('',#2696,#2697,#2698);
#2696 = CARTESIAN_POINT('',(353.8,61.6,0.));
#2697 = DIRECTION('',(0.,0.,-1.));
#2698 = DIRECTION('',(1.,0.,0.));
#2699 = ADVANCED_FACE('',(#2700),#2719,.F.);
#2700 = FACE_BOUND('',#2701,.F.);
#2701 = EDGE_LOOP('',(#2702,#2703,#2712,#2718));
#2702 = ORIENTED_EDGE('',*,*,#2663,.T.);
#2703 = ORIENTED_EDGE('',*,*,#2704,.T.);
#2704 = EDGE_CURVE('',#2656,#2705,#2707,.T.);
#2705 = VERTEX_POINT('',#2706);
#2706 = CARTESIAN_POINT('',(336.6,125.4,0.5));
#2707 = CIRCLE('',#2708,1.6);
#2708 = AXIS2_PLACEMENT_3D('',#2709,#2710,#2711);
#2709 = CARTESIAN_POINT('',(336.6,123.8,0.5));
#2710 = DIRECTION('',(0.,0.,-1.));
#2711 = DIRECTION('',(1.,0.,0.));
#2712 = ORIENTED_EDGE('',*,*,#2713,.F.);
#2713 = EDGE_CURVE('',#1954,#2705,#2714,.T.);
#2714 = LINE('',#2715,#2716);
#2715 = CARTESIAN_POINT('',(336.6,125.4,0.));
#2716 = VECTOR('',#2717,1.);
#2717 = DIRECTION('',(0.,0.,1.));
#2718 = ORIENTED_EDGE('',*,*,#1953,.F.);
#2719 = CYLINDRICAL_SURFACE('',#2720,1.6);
#2720 = AXIS2_PLACEMENT_3D('',#2721,#2722,#2723);
#2721 = CARTESIAN_POINT('',(336.6,123.8,0.));
#2722 = DIRECTION('',(0.,0.,-1.));
#2723 = DIRECTION('',(1.,0.,0.));
#2724 = ADVANCED_FACE('',(#2725),#2743,.F.);
#2725 = FACE_BOUND('',#2726,.F.);
#2726 = EDGE_LOOP('',(#2727,#2735,#2741,#2742));
#2727 = ORIENTED_EDGE('',*,*,#2728,.T.);
#2728 = EDGE_CURVE('',#1971,#2729,#2731,.T.);
#2729 = VERTEX_POINT('',#2730);
#2730 = CARTESIAN_POINT('',(355.4,123.8,0.5));
#2731 = LINE('',#2732,#2733);
#2732 = CARTESIAN_POINT('',(355.4,123.8,0.));
#2733 = VECTOR('',#2734,1.);
#2734 = DIRECTION('',(0.,0.,1.));
#2735 = ORIENTED_EDGE('',*,*,#2736,.T.);
#2736 = EDGE_CURVE('',#2729,#2679,#2737,.T.);
#2737 = LINE('',#2738,#2739);
#2738 = CARTESIAN_POINT('',(355.4,123.8,0.5));
#2739 = VECTOR('',#2740,1.);
#2740 = DIRECTION('',(0.,-1.,0.));
#2741 = ORIENTED_EDGE('',*,*,#2678,.F.);
#2742 = ORIENTED_EDGE('',*,*,#1979,.F.);
#2743 = PLANE('',#2744);
#2744 = AXIS2_PLACEMENT_3D('',#2745,#2746,#2747);
#2745 = CARTESIAN_POINT('',(355.4,123.8,0.));
#2746 = DIRECTION('',(1.,0.,0.));
#2747 = DIRECTION('',(0.,-1.,0.));
#2748 = ADVANCED_FACE('',(#2749),#2767,.F.);
#2749 = FACE_BOUND('',#2750,.F.);
#2750 = EDGE_LOOP('',(#2751,#2752,#2760,#2766));
#2751 = ORIENTED_EDGE('',*,*,#2713,.T.);
#2752 = ORIENTED_EDGE('',*,*,#2753,.T.);
#2753 = EDGE_CURVE('',#2705,#2754,#2756,.T.);
#2754 = VERTEX_POINT('',#2755);
#2755 = CARTESIAN_POINT('',(353.8,125.4,0.5));
#2756 = LINE('',#2757,#2758);
#2757 = CARTESIAN_POINT('',(336.6,125.4,0.5));
#2758 = VECTOR('',#2759,1.);
#2759 = DIRECTION('',(1.,0.,0.));
#2760 = ORIENTED_EDGE('',*,*,#2761,.F.);
#2761 = EDGE_CURVE('',#1963,#2754,#2762,.T.);
#2762 = LINE('',#2763,#2764);
#2763 = CARTESIAN_POINT('',(353.8,125.4,0.));
#2764 = VECTOR('',#2765,1.);
#2765 = DIRECTION('',(0.,0.,1.));
#2766 = ORIENTED_EDGE('',*,*,#1962,.F.);
#2767 = PLANE('',#2768);
#2768 = AXIS2_PLACEMENT_3D('',#2769,#2770,#2771);
#2769 = CARTESIAN_POINT('',(336.6,125.4,0.));
#2770 = DIRECTION('',(0.,1.,0.));
#2771 = DIRECTION('',(1.,0.,0.));
#2772 = ADVANCED_FACE('',(#2773),#2785,.F.);
#2773 = FACE_BOUND('',#2774,.F.);
#2774 = EDGE_LOOP('',(#2775,#2776,#2783,#2784));
#2775 = ORIENTED_EDGE('',*,*,#2761,.T.);
#2776 = ORIENTED_EDGE('',*,*,#2777,.T.);
#2777 = EDGE_CURVE('',#2754,#2729,#2778,.T.);
#2778 = CIRCLE('',#2779,1.6);
#2779 = AXIS2_PLACEMENT_3D('',#2780,#2781,#2782);
#2780 = CARTESIAN_POINT('',(353.8,123.8,0.5));
#2781 = DIRECTION('',(0.,0.,-1.));
#2782 = DIRECTION('',(1.,0.,0.));
#2783 = ORIENTED_EDGE('',*,*,#2728,.F.);
#2784 = ORIENTED_EDGE('',*,*,#1970,.F.);
#2785 = CYLINDRICAL_SURFACE('',#2786,1.6);
#2786 = AXIS2_PLACEMENT_3D('',#2787,#2788,#2789);
#2787 = CARTESIAN_POINT('',(353.8,123.8,0.));
#2788 = DIRECTION('',(0.,0.,-1.));
#2789 = DIRECTION('',(1.,0.,0.));
#2790 = ADVANCED_FACE('',(#2791),#2797,.F.);
#2791 = FACE_BOUND('',#2792,.T.);
#2792 = EDGE_LOOP('',(#2793,#2794,#2795,#2796));
#2793 = ORIENTED_EDGE('',*,*,#2042,.T.);
#2794 = ORIENTED_EDGE('',*,*,#2092,.T.);
#2795 = ORIENTED_EDGE('',*,*,#2074,.T.);
#2796 = ORIENTED_EDGE('',*,*,#2018,.F.);
#2797 = PLANE('',#2798);
#2798 = AXIS2_PLACEMENT_3D('',#2799,#2800,#2801);
#2799 = CARTESIAN_POINT('',(179.9,74.76813864751,0.5));
#2800 = DIRECTION('',(0.,0.,1.));
#2801 = DIRECTION('',(1.,0.,0.));
#2802 = ADVANCED_FACE('',(#2803),#2809,.F.);
#2803 = FACE_BOUND('',#2804,.T.);
#2804 = EDGE_LOOP('',(#2805,#2806,#2807,#2808));
#2805 = ORIENTED_EDGE('',*,*,#2140,.T.);
#2806 = ORIENTED_EDGE('',*,*,#2190,.T.);
#2807 = ORIENTED_EDGE('',*,*,#2172,.T.);
#2808 = ORIENTED_EDGE('',*,*,#2116,.F.);
#2809 = PLANE('',#2810);
#2810 = AXIS2_PLACEMENT_3D('',#2811,#2812,#2813);
#2811 = CARTESIAN_POINT('',(179.9,74.76813864751,0.5));
#2812 = DIRECTION('',(0.,0.,1.));
#2813 = DIRECTION('',(1.,0.,0.));
#2814 = ADVANCED_FACE('',(#2815),#2825,.F.);
#2815 = FACE_BOUND('',#2816,.T.);
#2816 = EDGE_LOOP('',(#2817,#2818,#2819,#2820,#2821,#2822,#2823,#2824));
#2817 = ORIENTED_EDGE('',*,*,#2263,.T.);
#2818 = ORIENTED_EDGE('',*,*,#2312,.T.);
#2819 = ORIENTED_EDGE('',*,*,#2361,.T.);
#2820 = ORIENTED_EDGE('',*,*,#2385,.T.);
#2821 = ORIENTED_EDGE('',*,*,#2344,.T.);
#2822 = ORIENTED_EDGE('',*,*,#2294,.T.);
#2823 = ORIENTED_EDGE('',*,*,#2246,.T.);
#2824 = ORIENTED_EDGE('',*,*,#2214,.T.);
#2825 = PLANE('',#2826);
#2826 = AXIS2_PLACEMENT_3D('',#2827,#2828,#2829);
#2827 = CARTESIAN_POINT('',(179.9,74.76813864751,0.5));
#2828 = DIRECTION('',(0.,0.,1.));
#2829 = DIRECTION('',(1.,0.,0.));
#2830 = ADVANCED_FACE('',(#2831),#2841,.F.);
#2831 = FACE_BOUND('',#2832,.T.);
#2832 = EDGE_LOOP('',(#2833,#2834,#2835,#2836,#2837,#2838,#2839,#2840));
#2833 = ORIENTED_EDGE('',*,*,#2582,.T.);
#2834 = ORIENTED_EDGE('',*,*,#2564,.T.);
#2835 = ORIENTED_EDGE('',*,*,#2540,.T.);
#2836 = ORIENTED_EDGE('',*,*,#2515,.T.);
#2837 = ORIENTED_EDGE('',*,*,#2491,.T.);
#2838 = ORIENTED_EDGE('',*,*,#2466,.T.);
#2839 = ORIENTED_EDGE('',*,*,#2442,.T.);
#2840 = ORIENTED_EDGE('',*,*,#2410,.T.);
#2841 = PLANE('',#2842);
#2842 = AXIS2_PLACEMENT_3D('',#2843,#2844,#2845);
#2843 = CARTESIAN_POINT('',(179.9,72.,0.2));
#2844 = DIRECTION('',(0.,0.,1.));
#2845 = DIRECTION('',(1.,0.,0.));
#2846 = ADVANCED_FACE('',(#2847),#2857,.F.);
#2847 = FACE_BOUND('',#2848,.T.);
#2848 = EDGE_LOOP('',(#2849,#2850,#2851,#2852,#2853,#2854,#2855,#2856));
#2849 = ORIENTED_EDGE('',*,*,#2655,.T.);
#2850 = ORIENTED_EDGE('',*,*,#2704,.T.);
#2851 = ORIENTED_EDGE('',*,*,#2753,.T.);
#2852 = ORIENTED_EDGE('',*,*,#2777,.T.);
#2853 = ORIENTED_EDGE('',*,*,#2736,.T.);
#2854 = ORIENTED_EDGE('',*,*,#2686,.T.);
#2855 = ORIENTED_EDGE('',*,*,#2638,.T.);
#2856 = ORIENTED_EDGE('',*,*,#2606,.T.);
#2857 = PLANE('',#2858);
#2858 = AXIS2_PLACEMENT_3D('',#2859,#2860,#2861);
#2859 = CARTESIAN_POINT('',(179.9,74.76813864751,0.5));
#2860 = DIRECTION('',(0.,0.,1.));
#2861 = DIRECTION('',(1.,0.,0.));
#2862 = ( GEOMETRIC_REPRESENTATION_CONTEXT(3) 
GLOBAL_UNCERTAINTY_ASSIGNED_CONTEXT((#2866)) 
GLOBAL_UNIT_ASSIGNED_CONTEXT((#2863,#2864,#2865)) REPRESENTATION_CONTEXT
('Context #1','3D Context with UNIT and UNCERTAINTY') );
#2863 = ( LENGTH_UNIT() NAMED_UNIT(*) SI_UNIT(.MILLI.,.METRE.) );
#2864 = ( NAMED_UNIT(*) PLANE_ANGLE_UNIT() SI_UNIT($,.RADIAN.) );
#2865 = ( NAMED_UNIT(*) SI_UNIT($,.STERADIAN.) SOLID_ANGLE_UNIT() );
#2866 = UNCERTAINTY_MEASURE_WITH_UNIT(LENGTH_MEASURE(1.E-07),#2863,
  'distance_accuracy_value','confusion accuracy');
#2867 = CONTEXT_DEPENDENT_SHAPE_REPRESENTATION(#2868,#2870);
#2868 = ( REPRESENTATION_RELATIONSHIP('','',#32,#10) 
REPRESENTATION_RELATIONSHIP_WITH_TRANSFORMATION(#2869) 
SHAPE_REPRESENTATION_RELATIONSHIP() );
#2869 = ITEM_DEFINED_TRANSFORMATION('','',#11,#15);
#2870 = PRODUCT_DEFINITION_SHAPE('Placement','Placement of an item',
  #2871);
#2871 = NEXT_ASSEMBLY_USAGE_OCCURRENCE('3','BaseBody','',#5,#27,$);
#2872 = PRODUCT_RELATED_PRODUCT_CATEGORY('part',$,(#29));
#2873 = MECHANICAL_DESIGN_GEOMETRIC_PRESENTATION_REPRESENTATION('',(
    #2874),#2862);
#2874 = STYLED_ITEM('color',(#2875),#33);
#2875 = PRESENTATION_STYLE_ASSIGNMENT((#2876,#2882));
#2876 = SURFACE_STYLE_USAGE(.BOTH.,#2877);
#2877 = SURFACE_SIDE_STYLE('',(#2878));
#2878 = SURFACE_STYLE_FILL_AREA(#2879);
#2879 = FILL_AREA_STYLE('',(#2880));
#2880 = FILL_AREA_STYLE_COLOUR('',#2881);
#2881 = COLOUR_RGB('',0.11764705971,0.11764705971,0.11764705971);
#2882 = CURVE_STYLE('',#2883,POSITIVE_LENGTH_MEASURE(0.1),#2884);
#2883 = DRAUGHTING_PRE_DEFINED_CURVE_FONT('continuous');
#2884 = COLOUR_RGB('',9.803921802644E-02,9.803921802644E-02,
  9.803921802644E-02);
ENDSEC;
END-ISO-10303-21;
