ISO-10303-21;
HEADER;
FILE_DESCRIPTION(('KiCad electronic assembly'),'2;1');
FILE_NAME('pcb-connector.step','2026-01-04T04:35:50',('Pcbnew'),('Kicad'
    ),'Open CASCADE STEP processor 7.9','KiCad to STEP converter',
  'Unknown');
FILE_SCHEMA(('AUTOMOTIVE_DESIGN { 1 0 10303 214 1 1 1 1 }'));
ENDSEC;
DATA;
#1 = APPLICATION_PROTOCOL_DEFINITION('international standard',
  'automotive_design',2000,#2);
#2 = APPLICATION_CONTEXT(
  'core data for automotive mechanical design processes');
#3 = SHAPE_DEFINITION_REPRESENTATION(#4,#10);
#4 = PRODUCT_DEFINITION_SHAPE('','',#5);
#5 = PRODUCT_DEFINITION('design','',#6,#9);
#6 = PRODUCT_DEFINITION_FORMATION('','',#7);
#7 = PRODUCT('pcb-connector 1','pcb-connector 1','',(#8));
#8 = PRODUCT_CONTEXT('',#2,'mechanical');
#9 = PRODUCT_DEFINITION_CONTEXT('part definition',#2,'design');
#10 = SHAPE_REPRESENTATION('',(#11,#15,#19,#23),#27);
#11 = AXIS2_PLACEMENT_3D('',#12,#13,#14);
#12 = CARTESIAN_POINT('',(0.,0.,0.));
#13 = DIRECTION('',(0.,0.,1.));
#14 = DIRECTION('',(1.,0.,-0.));
#15 = AXIS2_PLACEMENT_3D('',#16,#17,#18);
#16 = CARTESIAN_POINT('',(6.5,-2.,1.195));
#17 = DIRECTION('',(0.,-0.,1.));
#18 = DIRECTION('',(1.110223024625E-16,1.,0.));
#19 = AXIS2_PLACEMENT_3D('',#20,#21,#22);
#20 = CARTESIAN_POINT('',(-6.5,-2.,1.195));
#21 = DIRECTION('',(0.,-0.,1.));
#22 = DIRECTION('',(1.110223024625E-16,1.,0.));
#23 = AXIS2_PLACEMENT_3D('',#24,#25,#26);
#24 = CARTESIAN_POINT('',(0.,0.,0.));
#25 = DIRECTION('',(0.,0.,1.));
#26 = DIRECTION('',(1.,0.,-0.));
#27 = ( GEOMETRIC_REPRESENTATION_CONTEXT(3) 
GLOBAL_UNCERTAINTY_ASSIGNED_CONTEXT((#31)) GLOBAL_UNIT_ASSIGNED_CONTEXT(
(#28,#29,#30)) REPRESENTATION_CONTEXT('Context #1',
  '3D Context with UNIT and UNCERTAINTY') );
#28 = ( LENGTH_UNIT() NAMED_UNIT(*) SI_UNIT(.MILLI.,.METRE.) );
#29 = ( NAMED_UNIT(*) PLANE_ANGLE_UNIT() SI_UNIT($,.RADIAN.) );
#30 = ( NAMED_UNIT(*) SI_UNIT($,.STERADIAN.) SOLID_ANGLE_UNIT() );
#31 = UNCERTAINTY_MEASURE_WITH_UNIT(LENGTH_MEASURE(1.E-07),#28,
  'distance_accuracy_value','confusion accuracy');
#32 = PRODUCT_RELATED_PRODUCT_CATEGORY('part',$,(#7));
#33 = SHAPE_DEFINITION_REPRESENTATION(#34,#40);
#34 = PRODUCT_DEFINITION_SHAPE('','',#35);
#35 = PRODUCT_DEFINITION('design','',#36,#39);
#36 = PRODUCT_DEFINITION_FORMATION('','',#37);
#37 = PRODUCT('AXK5F20347YG','AXK5F20347YG','',(#38));
#38 = PRODUCT_CONTEXT('',#2,'mechanical');
#39 = PRODUCT_DEFINITION_CONTEXT('part definition',#2,'design');
#40 = ADVANCED_BREP_SHAPE_REPRESENTATION('',(#11,#41),#11843);
#41 = MANIFOLD_SOLID_BREP('',#42);
#42 = CLOSED_SHELL('',(#43,#83,#116,#149,#166,#183,#223,#254,#295,#336,
    #353,#370,#420,#470,#492,#509,#526,#543,#583,#616,#649,#666,#683,
    #723,#754,#795,#836,#853,#870,#920,#970,#992,#1009,#1026,#1043,#1083
    ,#1116,#1149,#1166,#1183,#1223,#1254,#1295,#1336,#1353,#1370,#1420,
    #1470,#1492,#1509,#1526,#1543,#1583,#1616,#1649,#1666,#1683,#1723,
    #1754,#1795,#1836,#1853,#1870,#1920,#1970,#1992,#2009,#2026,#2043,
    #2083,#2116,#2149,#2166,#2183,#2223,#2254,#2295,#2336,#2353,#2370,
    #2420,#2470,#2492,#2509,#2526,#2543,#2583,#2616,#2649,#2666,#2683,
    #2723,#2754,#2795,#2836,#2853,#2870,#2920,#2970,#2992,#3009,#3026,
    #3043,#3083,#3116,#3149,#3166,#3183,#3223,#3254,#3295,#3336,#3353,
    #3370,#3420,#3470,#3492,#3509,#3526,#3543,#3583,#3616,#3649,#3666,
    #3683,#3723,#3754,#3795,#3836,#3853,#3870,#3920,#3970,#3992,#4009,
    #4026,#4043,#4083,#4116,#4149,#4166,#4183,#4223,#4254,#4295,#4336,
    #4353,#4370,#4420,#4470,#4492,#4509,#4526,#4543,#4583,#4616,#4649,
    #4666,#4683,#4723,#4754,#4795,#4836,#4853,#4870,#4920,#4970,#4992,
    #5009,#5026,#5043,#5083,#5116,#5149,#5166,#5183,#5223,#5254,#5295,
    #5336,#5353,#5370,#5420,#5470,#5492,#5509,#5526,#5543,#5583,#5616,
    #5649,#5666,#5683,#5723,#5754,#5795,#5836,#5853,#5870,#5920,#5970,
    #5992,#6009,#6026,#6043,#6083,#6116,#6149,#6166,#6183,#6223,#6254,
    #6295,#6336,#6353,#6370,#6420,#6470,#6492,#6509,#6526,#6543,#6583,
    #6616,#6649,#6666,#6683,#6723,#6754,#6795,#6836,#6853,#6870,#6920,
    #6970,#6992,#7009,#7026,#7043,#7083,#7116,#7149,#7166,#7183,#7223,
    #7254,#7295,#7336,#7353,#7370,#7420,#7470,#7492,#7509,#7526,#7543,
    #7583,#7616,#7649,#7666,#7683,#7723,#7754,#7795,#7836,#7853,#7870,
    #7920,#7970,#7992,#8009,#8026,#8043,#8083,#8116,#8149,#8166,#8183,
    #8223,#8254,#8295,#8336,#8353,#8370,#8420,#8470,#8492,#8509,#8526,
    #8543,#8583,#8616,#8649,#8666,#8683,#8723,#8754,#8795,#8836,#8853,
    #8870,#8920,#8970,#8992,#9009,#9026,#9043,#9083,#9116,#9149,#9166,
    #9183,#9223,#9254,#9295,#9336,#9353,#9370,#9420,#9470,#9492,#9509,
    #9526,#9543,#9583,#9616,#9649,#9666,#9683,#9723,#9754,#9795,#9836,
    #9853,#9870,#9920,#9970,#9992,#10009,#10026,#10043,#10083,#10303,
    #10451,#10482,#10513,#10604,#10714,#10736,#10884,#10915,#10946,
    #11037,#11147,#11169,#11220,#11274,#11286,#11326,#11350,#11381,
    #11398,#11415,#11432,#11446,#11463,#11475,#11492,#11506,#11557,
    #11611,#11623,#11663,#11687,#11718,#11735,#11752,#11769,#11783,
    #11800,#11812,#11829));
#43 = ADVANCED_FACE('',(#44),#78,.F.);
#44 = FACE_BOUND('',#45,.T.);
#45 = EDGE_LOOP('',(#46,#56,#64,#72));
#46 = ORIENTED_EDGE('',*,*,#47,.T.);
#47 = EDGE_CURVE('',#48,#50,#52,.T.);
#48 = VERTEX_POINT('',#49);
#49 = CARTESIAN_POINT('',(-2.35,-1.9,1.35));
#50 = VERTEX_POINT('',#51);
#51 = CARTESIAN_POINT('',(-2.35,-2.,1.35));
#52 = LINE('',#53,#54);
#53 = CARTESIAN_POINT('',(-2.35,-1.9,1.35));
#54 = VECTOR('',#55,1.);
#55 = DIRECTION('',(0.,-1.,0.));
#56 = ORIENTED_EDGE('',*,*,#57,.F.);
#57 = EDGE_CURVE('',#58,#50,#60,.T.);
#58 = VERTEX_POINT('',#59);
#59 = CARTESIAN_POINT('',(-2.15,-2.,1.35));
#60 = LINE('',#61,#62);
#61 = CARTESIAN_POINT('',(-2.15,-2.,1.35));
#62 = VECTOR('',#63,1.);
#63 = DIRECTION('',(-1.,0.,0.));
#64 = ORIENTED_EDGE('',*,*,#65,.F.);
#65 = EDGE_CURVE('',#66,#58,#68,.T.);
#66 = VERTEX_POINT('',#67);
#67 = CARTESIAN_POINT('',(-2.15,-1.9,1.35));
#68 = LINE('',#69,#70);
#69 = CARTESIAN_POINT('',(-2.15,-1.9,1.35));
#70 = VECTOR('',#71,1.);
#71 = DIRECTION('',(0.,-1.,0.));
#72 = ORIENTED_EDGE('',*,*,#73,.T.);
#73 = EDGE_CURVE('',#66,#48,#74,.T.);
#74 = LINE('',#75,#76);
#75 = CARTESIAN_POINT('',(-2.15,-1.9,1.35));
#76 = VECTOR('',#77,1.);
#77 = DIRECTION('',(-1.,0.,0.));
#78 = PLANE('',#79);
#79 = AXIS2_PLACEMENT_3D('',#80,#81,#82);
#80 = CARTESIAN_POINT('',(-2.15,-1.9,1.35));
#81 = DIRECTION('',(0.,0.,-1.));
#82 = DIRECTION('',(0.,1.,0.));
#83 = ADVANCED_FACE('',(#84),#111,.T.);
#84 = FACE_BOUND('',#85,.T.);
#85 = EDGE_LOOP('',(#86,#96,#103,#104));
#86 = ORIENTED_EDGE('',*,*,#87,.F.);
#87 = EDGE_CURVE('',#88,#90,#92,.T.);
#88 = VERTEX_POINT('',#89);
#89 = CARTESIAN_POINT('',(-2.15,-1.760357599562,1.3));
#90 = VERTEX_POINT('',#91);
#91 = CARTESIAN_POINT('',(-2.15,-2.139642400438,1.3));
#92 = LINE('',#93,#94);
#93 = CARTESIAN_POINT('',(-2.15,-1.9,1.3));
#94 = VECTOR('',#95,1.);
#95 = DIRECTION('',(0.,-1.,0.));
#96 = ORIENTED_EDGE('',*,*,#97,.T.);
#97 = EDGE_CURVE('',#88,#66,#98,.T.);
#98 = CIRCLE('',#99,0.22);
#99 = AXIS2_PLACEMENT_3D('',#100,#101,#102);
#100 = CARTESIAN_POINT('',(-2.15,-1.9,1.13));
#101 = DIRECTION('',(1.,0.,0.));
#102 = DIRECTION('',(-0.,1.,0.));
#103 = ORIENTED_EDGE('',*,*,#65,.T.);
#104 = ORIENTED_EDGE('',*,*,#105,.T.);
#105 = EDGE_CURVE('',#58,#90,#106,.T.);
#106 = CIRCLE('',#107,0.22);
#107 = AXIS2_PLACEMENT_3D('',#108,#109,#110);
#108 = CARTESIAN_POINT('',(-2.15,-2.,1.13));
#109 = DIRECTION('',(1.,0.,-0.));
#110 = DIRECTION('',(0.,0.,1.));
#111 = PLANE('',#112);
#112 = AXIS2_PLACEMENT_3D('',#113,#114,#115);
#113 = CARTESIAN_POINT('',(-2.15,-1.9,1.13));
#114 = DIRECTION('',(1.,0.,-0.));
#115 = DIRECTION('',(0.,0.,1.));
#116 = ADVANCED_FACE('',(#117),#144,.F.);
#117 = FACE_BOUND('',#118,.T.);
#118 = EDGE_LOOP('',(#119,#128,#136,#143));
#119 = ORIENTED_EDGE('',*,*,#120,.F.);
#120 = EDGE_CURVE('',#121,#48,#123,.T.);
#121 = VERTEX_POINT('',#122);
#122 = CARTESIAN_POINT('',(-2.35,-1.760357599562,1.3));
#123 = CIRCLE('',#124,0.22);
#124 = AXIS2_PLACEMENT_3D('',#125,#126,#127);
#125 = CARTESIAN_POINT('',(-2.35,-1.9,1.13));
#126 = DIRECTION('',(1.,0.,0.));
#127 = DIRECTION('',(-0.,1.,0.));
#128 = ORIENTED_EDGE('',*,*,#129,.T.);
#129 = EDGE_CURVE('',#121,#130,#132,.T.);
#130 = VERTEX_POINT('',#131);
#131 = CARTESIAN_POINT('',(-2.35,-2.139642400438,1.3));
#132 = LINE('',#133,#134);
#133 = CARTESIAN_POINT('',(-2.35,-1.9,1.3));
#134 = VECTOR('',#135,1.);
#135 = DIRECTION('',(0.,-1.,0.));
#136 = ORIENTED_EDGE('',*,*,#137,.F.);
#137 = EDGE_CURVE('',#50,#130,#138,.T.);
#138 = CIRCLE('',#139,0.22);
#139 = AXIS2_PLACEMENT_3D('',#140,#141,#142);
#140 = CARTESIAN_POINT('',(-2.35,-2.,1.13));
#141 = DIRECTION('',(1.,0.,-0.));
#142 = DIRECTION('',(0.,0.,1.));
#143 = ORIENTED_EDGE('',*,*,#47,.F.);
#144 = PLANE('',#145);
#145 = AXIS2_PLACEMENT_3D('',#146,#147,#148);
#146 = CARTESIAN_POINT('',(-2.35,-1.9,1.13));
#147 = DIRECTION('',(1.,0.,-0.));
#148 = DIRECTION('',(0.,0.,1.));
#149 = ADVANCED_FACE('',(#150),#161,.T.);
#150 = FACE_BOUND('',#151,.T.);
#151 = EDGE_LOOP('',(#152,#153,#159,#160));
#152 = ORIENTED_EDGE('',*,*,#137,.T.);
#153 = ORIENTED_EDGE('',*,*,#154,.T.);
#154 = EDGE_CURVE('',#130,#90,#155,.T.);
#155 = LINE('',#156,#157);
#156 = CARTESIAN_POINT('',(-2.15,-2.139642400438,1.3));
#157 = VECTOR('',#158,1.);
#158 = DIRECTION('',(1.,-0.,-0.));
#159 = ORIENTED_EDGE('',*,*,#105,.F.);
#160 = ORIENTED_EDGE('',*,*,#57,.T.);
#161 = CYLINDRICAL_SURFACE('',#162,0.22);
#162 = AXIS2_PLACEMENT_3D('',#163,#164,#165);
#163 = CARTESIAN_POINT('',(-2.15,-2.,1.13));
#164 = DIRECTION('',(-1.,0.,0.));
#165 = DIRECTION('',(0.,0.,-1.));
#166 = ADVANCED_FACE('',(#167),#178,.T.);
#167 = FACE_BOUND('',#168,.T.);
#168 = EDGE_LOOP('',(#169,#170,#176,#177));
#169 = ORIENTED_EDGE('',*,*,#97,.F.);
#170 = ORIENTED_EDGE('',*,*,#171,.T.);
#171 = EDGE_CURVE('',#88,#121,#172,.T.);
#172 = LINE('',#173,#174);
#173 = CARTESIAN_POINT('',(-2.15,-1.760357599562,1.3));
#174 = VECTOR('',#175,1.);
#175 = DIRECTION('',(-1.,0.,0.));
#176 = ORIENTED_EDGE('',*,*,#120,.T.);
#177 = ORIENTED_EDGE('',*,*,#73,.F.);
#178 = CYLINDRICAL_SURFACE('',#179,0.22);
#179 = AXIS2_PLACEMENT_3D('',#180,#181,#182);
#180 = CARTESIAN_POINT('',(-2.15,-1.9,1.13));
#181 = DIRECTION('',(-1.,0.,0.));
#182 = DIRECTION('',(0.,0.,-1.));
#183 = ADVANCED_FACE('',(#184),#218,.F.);
#184 = FACE_BOUND('',#185,.T.);
#185 = EDGE_LOOP('',(#186,#196,#204,#212));
#186 = ORIENTED_EDGE('',*,*,#187,.T.);
#187 = EDGE_CURVE('',#188,#190,#192,.T.);
#188 = VERTEX_POINT('',#189);
#189 = CARTESIAN_POINT('',(-2.35,-2.9,0.12));
#190 = VERTEX_POINT('',#191);
#191 = CARTESIAN_POINT('',(-2.35,-2.9,-1.212951180468E-15));
#192 = LINE('',#193,#194);
#193 = CARTESIAN_POINT('',(-2.35,-2.9,0.12));
#194 = VECTOR('',#195,1.);
#195 = DIRECTION('',(0.,-6.123031769112E-17,-1.));
#196 = ORIENTED_EDGE('',*,*,#197,.F.);
#197 = EDGE_CURVE('',#198,#190,#200,.T.);
#198 = VERTEX_POINT('',#199);
#199 = CARTESIAN_POINT('',(-2.15,-2.9,-1.212951180468E-15));
#200 = LINE('',#201,#202);
#201 = CARTESIAN_POINT('',(-2.15,-2.9,-1.212951180468E-15));
#202 = VECTOR('',#203,1.);
#203 = DIRECTION('',(-1.,0.,0.));
#204 = ORIENTED_EDGE('',*,*,#205,.F.);
#205 = EDGE_CURVE('',#206,#198,#208,.T.);
#206 = VERTEX_POINT('',#207);
#207 = CARTESIAN_POINT('',(-2.15,-2.9,0.12));
#208 = LINE('',#209,#210);
#209 = CARTESIAN_POINT('',(-2.15,-2.9,0.12));
#210 = VECTOR('',#211,1.);
#211 = DIRECTION('',(0.,-6.123031769112E-17,-1.));
#212 = ORIENTED_EDGE('',*,*,#213,.T.);
#213 = EDGE_CURVE('',#206,#188,#214,.T.);
#214 = LINE('',#215,#216);
#215 = CARTESIAN_POINT('',(-2.15,-2.9,0.12));
#216 = VECTOR('',#217,1.);
#217 = DIRECTION('',(-1.,0.,0.));
#218 = PLANE('',#219);
#219 = AXIS2_PLACEMENT_3D('',#220,#221,#222);
#220 = CARTESIAN_POINT('',(-2.15,-2.9,0.12));
#221 = DIRECTION('',(0.,1.,-6.123031769112E-17));
#222 = DIRECTION('',(0.,6.123031769112E-17,1.));
#223 = ADVANCED_FACE('',(#224),#249,.F.);
#224 = FACE_BOUND('',#225,.T.);
#225 = EDGE_LOOP('',(#226,#234,#242,#248));
#226 = ORIENTED_EDGE('',*,*,#227,.T.);
#227 = EDGE_CURVE('',#190,#228,#230,.T.);
#228 = VERTEX_POINT('',#229);
#229 = CARTESIAN_POINT('',(-2.35,-2.32,8.809142651445E-17));
#230 = LINE('',#231,#232);
#231 = CARTESIAN_POINT('',(-2.35,-2.9,8.809142651445E-17));
#232 = VECTOR('',#233,1.);
#233 = DIRECTION('',(0.,1.,0.));
#234 = ORIENTED_EDGE('',*,*,#235,.F.);
#235 = EDGE_CURVE('',#236,#228,#238,.T.);
#236 = VERTEX_POINT('',#237);
#237 = CARTESIAN_POINT('',(-2.15,-2.32,8.809142651445E-17));
#238 = LINE('',#239,#240);
#239 = CARTESIAN_POINT('',(-2.15,-2.32,8.809142651445E-17));
#240 = VECTOR('',#241,1.);
#241 = DIRECTION('',(-1.,0.,0.));
#242 = ORIENTED_EDGE('',*,*,#243,.F.);
#243 = EDGE_CURVE('',#198,#236,#244,.T.);
#244 = LINE('',#245,#246);
#245 = CARTESIAN_POINT('',(-2.15,-2.9,8.809142651445E-17));
#246 = VECTOR('',#247,1.);
#247 = DIRECTION('',(0.,1.,0.));
#248 = ORIENTED_EDGE('',*,*,#197,.T.);
#249 = PLANE('',#250);
#250 = AXIS2_PLACEMENT_3D('',#251,#252,#253);
#251 = CARTESIAN_POINT('',(-2.15,-2.9,8.809142651445E-17));
#252 = DIRECTION('',(0.,0.,1.));
#253 = DIRECTION('',(0.,-1.,0.));
#254 = ADVANCED_FACE('',(#255),#290,.T.);
#255 = FACE_BOUND('',#256,.T.);
#256 = EDGE_LOOP('',(#257,#267,#275,#281,#282,#283));
#257 = ORIENTED_EDGE('',*,*,#258,.F.);
#258 = EDGE_CURVE('',#259,#261,#263,.T.);
#259 = VERTEX_POINT('',#260);
#260 = CARTESIAN_POINT('',(-2.15,-2.4,5.E-02));
#261 = VERTEX_POINT('',#262);
#262 = CARTESIAN_POINT('',(-2.15,-2.180357599562,5.E-02));
#263 = LINE('',#264,#265);
#264 = CARTESIAN_POINT('',(-2.15,-1.9,5.E-02));
#265 = VECTOR('',#266,1.);
#266 = DIRECTION('',(0.,1.,0.));
#267 = ORIENTED_EDGE('',*,*,#268,.F.);
#268 = EDGE_CURVE('',#269,#259,#271,.T.);
#269 = VERTEX_POINT('',#270);
#270 = CARTESIAN_POINT('',(-2.15,-2.4,0.12));
#271 = LINE('',#272,#273);
#272 = CARTESIAN_POINT('',(-2.15,-2.4,1.13));
#273 = VECTOR('',#274,1.);
#274 = DIRECTION('',(0.,-6.123031769112E-17,-1.));
#275 = ORIENTED_EDGE('',*,*,#276,.T.);
#276 = EDGE_CURVE('',#269,#206,#277,.T.);
#277 = LINE('',#278,#279);
#278 = CARTESIAN_POINT('',(-2.15,-2.32,0.12));
#279 = VECTOR('',#280,1.);
#280 = DIRECTION('',(0.,-1.,0.));
#281 = ORIENTED_EDGE('',*,*,#205,.T.);
#282 = ORIENTED_EDGE('',*,*,#243,.T.);
#283 = ORIENTED_EDGE('',*,*,#284,.T.);
#284 = EDGE_CURVE('',#236,#261,#285,.T.);
#285 = CIRCLE('',#286,0.22);
#286 = AXIS2_PLACEMENT_3D('',#287,#288,#289);
#287 = CARTESIAN_POINT('',(-2.15,-2.32,0.22));
#288 = DIRECTION('',(1.,0.,0.));
#289 = DIRECTION('',(0.,0.,-1.));
#290 = PLANE('',#291);
#291 = AXIS2_PLACEMENT_3D('',#292,#293,#294);
#292 = CARTESIAN_POINT('',(-2.15,-1.9,1.13));
#293 = DIRECTION('',(1.,0.,-0.));
#294 = DIRECTION('',(0.,0.,1.));
#295 = ADVANCED_FACE('',(#296),#331,.F.);
#296 = FACE_BOUND('',#297,.T.);
#297 = EDGE_LOOP('',(#298,#308,#316,#323,#324,#325));
#298 = ORIENTED_EDGE('',*,*,#299,.T.);
#299 = EDGE_CURVE('',#300,#302,#304,.T.);
#300 = VERTEX_POINT('',#301);
#301 = CARTESIAN_POINT('',(-2.35,-2.4,0.12));
#302 = VERTEX_POINT('',#303);
#303 = CARTESIAN_POINT('',(-2.35,-2.4,5.E-02));
#304 = LINE('',#305,#306);
#305 = CARTESIAN_POINT('',(-2.35,-2.4,1.13));
#306 = VECTOR('',#307,1.);
#307 = DIRECTION('',(0.,-6.123031769112E-17,-1.));
#308 = ORIENTED_EDGE('',*,*,#309,.T.);
#309 = EDGE_CURVE('',#302,#310,#312,.T.);
#310 = VERTEX_POINT('',#311);
#311 = CARTESIAN_POINT('',(-2.35,-2.180357599562,5.E-02));
#312 = LINE('',#313,#314);
#313 = CARTESIAN_POINT('',(-2.35,-1.9,5.E-02));
#314 = VECTOR('',#315,1.);
#315 = DIRECTION('',(0.,1.,0.));
#316 = ORIENTED_EDGE('',*,*,#317,.F.);
#317 = EDGE_CURVE('',#228,#310,#318,.T.);
#318 = CIRCLE('',#319,0.22);
#319 = AXIS2_PLACEMENT_3D('',#320,#321,#322);
#320 = CARTESIAN_POINT('',(-2.35,-2.32,0.22));
#321 = DIRECTION('',(1.,0.,0.));
#322 = DIRECTION('',(0.,0.,-1.));
#323 = ORIENTED_EDGE('',*,*,#227,.F.);
#324 = ORIENTED_EDGE('',*,*,#187,.F.);
#325 = ORIENTED_EDGE('',*,*,#326,.F.);
#326 = EDGE_CURVE('',#300,#188,#327,.T.);
#327 = LINE('',#328,#329);
#328 = CARTESIAN_POINT('',(-2.35,-2.32,0.12));
#329 = VECTOR('',#330,1.);
#330 = DIRECTION('',(0.,-1.,0.));
#331 = PLANE('',#332);
#332 = AXIS2_PLACEMENT_3D('',#333,#334,#335);
#333 = CARTESIAN_POINT('',(-2.35,-1.9,1.13));
#334 = DIRECTION('',(1.,0.,-0.));
#335 = DIRECTION('',(0.,0.,1.));
#336 = ADVANCED_FACE('',(#337),#348,.T.);
#337 = FACE_BOUND('',#338,.T.);
#338 = EDGE_LOOP('',(#339,#340,#346,#347));
#339 = ORIENTED_EDGE('',*,*,#317,.T.);
#340 = ORIENTED_EDGE('',*,*,#341,.T.);
#341 = EDGE_CURVE('',#310,#261,#342,.T.);
#342 = LINE('',#343,#344);
#343 = CARTESIAN_POINT('',(-2.15,-2.180357599562,5.E-02));
#344 = VECTOR('',#345,1.);
#345 = DIRECTION('',(1.,-0.,-0.));
#346 = ORIENTED_EDGE('',*,*,#284,.F.);
#347 = ORIENTED_EDGE('',*,*,#235,.T.);
#348 = CYLINDRICAL_SURFACE('',#349,0.22);
#349 = AXIS2_PLACEMENT_3D('',#350,#351,#352);
#350 = CARTESIAN_POINT('',(-2.15,-2.32,0.22));
#351 = DIRECTION('',(-1.,0.,0.));
#352 = DIRECTION('',(0.,0.,-1.));
#353 = ADVANCED_FACE('',(#354),#365,.F.);
#354 = FACE_BOUND('',#355,.T.);
#355 = EDGE_LOOP('',(#356,#357,#363,#364));
#356 = ORIENTED_EDGE('',*,*,#276,.F.);
#357 = ORIENTED_EDGE('',*,*,#358,.T.);
#358 = EDGE_CURVE('',#269,#300,#359,.T.);
#359 = LINE('',#360,#361);
#360 = CARTESIAN_POINT('',(-2.15,-2.4,0.12));
#361 = VECTOR('',#362,1.);
#362 = DIRECTION('',(-1.,3.061515884556E-17,0.));
#363 = ORIENTED_EDGE('',*,*,#326,.T.);
#364 = ORIENTED_EDGE('',*,*,#213,.F.);
#365 = PLANE('',#366);
#366 = AXIS2_PLACEMENT_3D('',#367,#368,#369);
#367 = CARTESIAN_POINT('',(-2.15,-2.32,0.12));
#368 = DIRECTION('',(0.,0.,-1.));
#369 = DIRECTION('',(0.,1.,0.));
#370 = ADVANCED_FACE('',(#371),#415,.T.);
#371 = FACE_BOUND('',#372,.T.);
#372 = EDGE_LOOP('',(#373,#383,#392,#400,#409));
#373 = ORIENTED_EDGE('',*,*,#374,.F.);
#374 = EDGE_CURVE('',#375,#377,#379,.T.);
#375 = VERTEX_POINT('',#376);
#376 = CARTESIAN_POINT('',(-2.15,-1.,0.873988949953));
#377 = VERTEX_POINT('',#378);
#378 = CARTESIAN_POINT('',(-2.15,-1.,1.091428571429));
#379 = LINE('',#380,#381);
#380 = CARTESIAN_POINT('',(-2.15,-1.,1.13));
#381 = VECTOR('',#382,1.);
#382 = DIRECTION('',(0.,6.123031769112E-17,1.));
#383 = ORIENTED_EDGE('',*,*,#384,.T.);
#384 = EDGE_CURVE('',#375,#385,#387,.T.);
#385 = VERTEX_POINT('',#386);
#386 = CARTESIAN_POINT('',(-2.15,-0.99330699074,0.879142217349));
#387 = CIRCLE('',#388,0.2);
#388 = AXIS2_PLACEMENT_3D('',#389,#390,#391);
#389 = CARTESIAN_POINT('',(-2.15,-0.87466718313,0.718131049879));
#390 = DIRECTION('',(-1.,0.,0.));
#391 = DIRECTION('',(0.,-0.988715504225,0.149805379428));
#392 = ORIENTED_EDGE('',*,*,#393,.T.);
#393 = EDGE_CURVE('',#385,#394,#396,.T.);
#394 = VERTEX_POINT('',#395);
#395 = CARTESIAN_POINT('',(-2.15,-0.989501892653,0.881945973835));
#396 = LINE('',#397,#398);
#397 = CARTESIAN_POINT('',(-2.15,-0.99330699074,0.879142217349));
#398 = VECTOR('',#399,1.);
#399 = DIRECTION('',(0.,0.805055837353,0.59319903805));
#400 = ORIENTED_EDGE('',*,*,#401,.T.);
#401 = EDGE_CURVE('',#394,#402,#404,.T.);
#402 = VERTEX_POINT('',#403);
#403 = CARTESIAN_POINT('',(-2.15,-0.970376573854,1.057573227262));
#404 = CIRCLE('',#405,0.12);
#405 = AXIS2_PLACEMENT_3D('',#406,#407,#408);
#406 = CARTESIAN_POINT('',(-2.15,-1.060685777219,0.978552674317));
#407 = DIRECTION('',(1.,0.,0.));
#408 = DIRECTION('',(0.,0.59319903805,-0.805055837353));
#409 = ORIENTED_EDGE('',*,*,#410,.T.);
#410 = EDGE_CURVE('',#402,#377,#411,.T.);
#411 = LINE('',#412,#413);
#412 = CARTESIAN_POINT('',(-2.15,-0.970376573854,1.057573227262));
#413 = VECTOR('',#414,1.);
#414 = DIRECTION('',(0.,-0.658504607869,0.752576694707));
#415 = PLANE('',#416);
#416 = AXIS2_PLACEMENT_3D('',#417,#418,#419);
#417 = CARTESIAN_POINT('',(-2.15,-1.9,1.13));
#418 = DIRECTION('',(1.,0.,-0.));
#419 = DIRECTION('',(0.,0.,1.));
#420 = ADVANCED_FACE('',(#421),#465,.F.);
#421 = FACE_BOUND('',#422,.T.);
#422 = EDGE_LOOP('',(#423,#434,#442,#450,#459));
#423 = ORIENTED_EDGE('',*,*,#424,.F.);
#424 = EDGE_CURVE('',#425,#427,#429,.T.);
#425 = VERTEX_POINT('',#426);
#426 = CARTESIAN_POINT('',(-2.35,-1.,0.873988949953));
#427 = VERTEX_POINT('',#428);
#428 = CARTESIAN_POINT('',(-2.35,-0.99330699074,0.879142217349));
#429 = CIRCLE('',#430,0.2);
#430 = AXIS2_PLACEMENT_3D('',#431,#432,#433);
#431 = CARTESIAN_POINT('',(-2.35,-0.87466718313,0.718131049879));
#432 = DIRECTION('',(-1.,0.,0.));
#433 = DIRECTION('',(0.,-0.988715504225,0.149805379428));
#434 = ORIENTED_EDGE('',*,*,#435,.T.);
#435 = EDGE_CURVE('',#425,#436,#438,.T.);
#436 = VERTEX_POINT('',#437);
#437 = CARTESIAN_POINT('',(-2.35,-1.,1.091428571429));
#438 = LINE('',#439,#440);
#439 = CARTESIAN_POINT('',(-2.35,-1.,1.13));
#440 = VECTOR('',#441,1.);
#441 = DIRECTION('',(0.,6.123031769112E-17,1.));
#442 = ORIENTED_EDGE('',*,*,#443,.F.);
#443 = EDGE_CURVE('',#444,#436,#446,.T.);
#444 = VERTEX_POINT('',#445);
#445 = CARTESIAN_POINT('',(-2.35,-0.970376573854,1.057573227262));
#446 = LINE('',#447,#448);
#447 = CARTESIAN_POINT('',(-2.35,-0.970376573854,1.057573227262));
#448 = VECTOR('',#449,1.);
#449 = DIRECTION('',(0.,-0.658504607869,0.752576694707));
#450 = ORIENTED_EDGE('',*,*,#451,.F.);
#451 = EDGE_CURVE('',#452,#444,#454,.T.);
#452 = VERTEX_POINT('',#453);
#453 = CARTESIAN_POINT('',(-2.35,-0.989501892653,0.881945973835));
#454 = CIRCLE('',#455,0.12);
#455 = AXIS2_PLACEMENT_3D('',#456,#457,#458);
#456 = CARTESIAN_POINT('',(-2.35,-1.060685777219,0.978552674317));
#457 = DIRECTION('',(1.,0.,0.));
#458 = DIRECTION('',(0.,0.59319903805,-0.805055837353));
#459 = ORIENTED_EDGE('',*,*,#460,.F.);
#460 = EDGE_CURVE('',#427,#452,#461,.T.);
#461 = LINE('',#462,#463);
#462 = CARTESIAN_POINT('',(-2.35,-0.99330699074,0.879142217349));
#463 = VECTOR('',#464,1.);
#464 = DIRECTION('',(0.,0.805055837353,0.59319903805));
#465 = PLANE('',#466);
#466 = AXIS2_PLACEMENT_3D('',#467,#468,#469);
#467 = CARTESIAN_POINT('',(-2.35,-1.9,1.13));
#468 = DIRECTION('',(1.,0.,-0.));
#469 = DIRECTION('',(0.,0.,1.));
#470 = ADVANCED_FACE('',(#471),#487,.F.);
#471 = FACE_BOUND('',#472,.F.);
#472 = EDGE_LOOP('',(#473,#479,#480,#486));
#473 = ORIENTED_EDGE('',*,*,#474,.T.);
#474 = EDGE_CURVE('',#385,#427,#475,.T.);
#475 = LINE('',#476,#477);
#476 = CARTESIAN_POINT('',(-2.15,-0.99330699074,0.879142217349));
#477 = VECTOR('',#478,1.);
#478 = DIRECTION('',(-1.,0.,0.));
#479 = ORIENTED_EDGE('',*,*,#424,.F.);
#480 = ORIENTED_EDGE('',*,*,#481,.F.);
#481 = EDGE_CURVE('',#375,#425,#482,.T.);
#482 = LINE('',#483,#484);
#483 = CARTESIAN_POINT('',(-2.15,-1.,0.873988949953));
#484 = VECTOR('',#485,1.);
#485 = DIRECTION('',(-1.,0.,0.));
#486 = ORIENTED_EDGE('',*,*,#384,.T.);
#487 = CYLINDRICAL_SURFACE('',#488,0.2);
#488 = AXIS2_PLACEMENT_3D('',#489,#490,#491);
#489 = CARTESIAN_POINT('',(-2.15,-0.87466718313,0.718131049879));
#490 = DIRECTION('',(-1.,0.,0.));
#491 = DIRECTION('',(0.,0.,-1.));
#492 = ADVANCED_FACE('',(#493),#504,.F.);
#493 = FACE_BOUND('',#494,.T.);
#494 = EDGE_LOOP('',(#495,#496,#502,#503));
#495 = ORIENTED_EDGE('',*,*,#460,.T.);
#496 = ORIENTED_EDGE('',*,*,#497,.F.);
#497 = EDGE_CURVE('',#394,#452,#498,.T.);
#498 = LINE('',#499,#500);
#499 = CARTESIAN_POINT('',(-2.15,-0.989501892653,0.881945973835));
#500 = VECTOR('',#501,1.);
#501 = DIRECTION('',(-1.,0.,0.));
#502 = ORIENTED_EDGE('',*,*,#393,.F.);
#503 = ORIENTED_EDGE('',*,*,#474,.T.);
#504 = PLANE('',#505);
#505 = AXIS2_PLACEMENT_3D('',#506,#507,#508);
#506 = CARTESIAN_POINT('',(-2.15,-0.99330699074,0.879142217349));
#507 = DIRECTION('',(0.,-0.59319903805,0.805055837353));
#508 = DIRECTION('',(0.,-0.805055837353,-0.59319903805));
#509 = ADVANCED_FACE('',(#510),#521,.T.);
#510 = FACE_BOUND('',#511,.T.);
#511 = EDGE_LOOP('',(#512,#513,#519,#520));
#512 = ORIENTED_EDGE('',*,*,#451,.T.);
#513 = ORIENTED_EDGE('',*,*,#514,.F.);
#514 = EDGE_CURVE('',#402,#444,#515,.T.);
#515 = LINE('',#516,#517);
#516 = CARTESIAN_POINT('',(-2.15,-0.970376573854,1.057573227262));
#517 = VECTOR('',#518,1.);
#518 = DIRECTION('',(-1.,0.,0.));
#519 = ORIENTED_EDGE('',*,*,#401,.F.);
#520 = ORIENTED_EDGE('',*,*,#497,.T.);
#521 = CYLINDRICAL_SURFACE('',#522,0.12);
#522 = AXIS2_PLACEMENT_3D('',#523,#524,#525);
#523 = CARTESIAN_POINT('',(-2.15,-1.060685777219,0.978552674317));
#524 = DIRECTION('',(-1.,0.,0.));
#525 = DIRECTION('',(0.,0.,-1.));
#526 = ADVANCED_FACE('',(#527),#538,.F.);
#527 = FACE_BOUND('',#528,.T.);
#528 = EDGE_LOOP('',(#529,#530,#536,#537));
#529 = ORIENTED_EDGE('',*,*,#443,.T.);
#530 = ORIENTED_EDGE('',*,*,#531,.T.);
#531 = EDGE_CURVE('',#436,#377,#532,.T.);
#532 = LINE('',#533,#534);
#533 = CARTESIAN_POINT('',(-2.15,-1.,1.091428571429));
#534 = VECTOR('',#535,1.);
#535 = DIRECTION('',(1.,-3.061515884556E-17,3.498875296635E-17));
#536 = ORIENTED_EDGE('',*,*,#410,.F.);
#537 = ORIENTED_EDGE('',*,*,#514,.T.);
#538 = PLANE('',#539);
#539 = AXIS2_PLACEMENT_3D('',#540,#541,#542);
#540 = CARTESIAN_POINT('',(-2.15,-0.970376573854,1.057573227262));
#541 = DIRECTION('',(0.,-0.752576694707,-0.658504607869));
#542 = DIRECTION('',(0.,0.658504607869,-0.752576694707));
#543 = ADVANCED_FACE('',(#544),#578,.F.);
#544 = FACE_BOUND('',#545,.T.);
#545 = EDGE_LOOP('',(#546,#556,#564,#572));
#546 = ORIENTED_EDGE('',*,*,#547,.F.);
#547 = EDGE_CURVE('',#548,#550,#552,.T.);
#548 = VERTEX_POINT('',#549);
#549 = CARTESIAN_POINT('',(-2.35,1.9,1.35));
#550 = VERTEX_POINT('',#551);
#551 = CARTESIAN_POINT('',(-2.35,2.,1.35));
#552 = LINE('',#553,#554);
#553 = CARTESIAN_POINT('',(-2.35,1.9,1.35));
#554 = VECTOR('',#555,1.);
#555 = DIRECTION('',(0.,1.,0.));
#556 = ORIENTED_EDGE('',*,*,#557,.F.);
#557 = EDGE_CURVE('',#558,#548,#560,.T.);
#558 = VERTEX_POINT('',#559);
#559 = CARTESIAN_POINT('',(-2.15,1.9,1.35));
#560 = LINE('',#561,#562);
#561 = CARTESIAN_POINT('',(-2.15,1.9,1.35));
#562 = VECTOR('',#563,1.);
#563 = DIRECTION('',(-1.,0.,0.));
#564 = ORIENTED_EDGE('',*,*,#565,.T.);
#565 = EDGE_CURVE('',#558,#566,#568,.T.);
#566 = VERTEX_POINT('',#567);
#567 = CARTESIAN_POINT('',(-2.15,2.,1.35));
#568 = LINE('',#569,#570);
#569 = CARTESIAN_POINT('',(-2.15,1.9,1.35));
#570 = VECTOR('',#571,1.);
#571 = DIRECTION('',(0.,1.,0.));
#572 = ORIENTED_EDGE('',*,*,#573,.T.);
#573 = EDGE_CURVE('',#566,#550,#574,.T.);
#574 = LINE('',#575,#576);
#575 = CARTESIAN_POINT('',(-2.15,2.,1.35));
#576 = VECTOR('',#577,1.);
#577 = DIRECTION('',(-1.,0.,0.));
#578 = PLANE('',#579);
#579 = AXIS2_PLACEMENT_3D('',#580,#581,#582);
#580 = CARTESIAN_POINT('',(-2.15,1.9,1.35));
#581 = DIRECTION('',(0.,0.,-1.));
#582 = DIRECTION('',(0.,-1.,0.));
#583 = ADVANCED_FACE('',(#584),#611,.F.);
#584 = FACE_BOUND('',#585,.T.);
#585 = EDGE_LOOP('',(#586,#595,#603,#610));
#586 = ORIENTED_EDGE('',*,*,#587,.T.);
#587 = EDGE_CURVE('',#550,#588,#590,.T.);
#588 = VERTEX_POINT('',#589);
#589 = CARTESIAN_POINT('',(-2.35,2.139642400438,1.3));
#590 = CIRCLE('',#591,0.22);
#591 = AXIS2_PLACEMENT_3D('',#592,#593,#594);
#592 = CARTESIAN_POINT('',(-2.35,2.,1.13));
#593 = DIRECTION('',(-1.,0.,0.));
#594 = DIRECTION('',(0.,0.,1.));
#595 = ORIENTED_EDGE('',*,*,#596,.T.);
#596 = EDGE_CURVE('',#588,#597,#599,.T.);
#597 = VERTEX_POINT('',#598);
#598 = CARTESIAN_POINT('',(-2.35,1.760357599562,1.3));
#599 = LINE('',#600,#601);
#600 = CARTESIAN_POINT('',(-2.35,1.9,1.3));
#601 = VECTOR('',#602,1.);
#602 = DIRECTION('',(0.,-1.,0.));
#603 = ORIENTED_EDGE('',*,*,#604,.T.);
#604 = EDGE_CURVE('',#597,#548,#605,.T.);
#605 = CIRCLE('',#606,0.22);
#606 = AXIS2_PLACEMENT_3D('',#607,#608,#609);
#607 = CARTESIAN_POINT('',(-2.35,1.9,1.13));
#608 = DIRECTION('',(-1.,0.,0.));
#609 = DIRECTION('',(0.,-1.,0.));
#610 = ORIENTED_EDGE('',*,*,#547,.T.);
#611 = PLANE('',#612);
#612 = AXIS2_PLACEMENT_3D('',#613,#614,#615);
#613 = CARTESIAN_POINT('',(-2.35,1.9,1.13));
#614 = DIRECTION('',(1.,0.,-0.));
#615 = DIRECTION('',(0.,0.,1.));
#616 = ADVANCED_FACE('',(#617),#644,.T.);
#617 = FACE_BOUND('',#618,.T.);
#618 = EDGE_LOOP('',(#619,#629,#636,#637));
#619 = ORIENTED_EDGE('',*,*,#620,.F.);
#620 = EDGE_CURVE('',#621,#623,#625,.T.);
#621 = VERTEX_POINT('',#622);
#622 = CARTESIAN_POINT('',(-2.15,2.139642400438,1.3));
#623 = VERTEX_POINT('',#624);
#624 = CARTESIAN_POINT('',(-2.15,1.760357599562,1.3));
#625 = LINE('',#626,#627);
#626 = CARTESIAN_POINT('',(-2.15,1.9,1.3));
#627 = VECTOR('',#628,1.);
#628 = DIRECTION('',(0.,-1.,0.));
#629 = ORIENTED_EDGE('',*,*,#630,.F.);
#630 = EDGE_CURVE('',#566,#621,#631,.T.);
#631 = CIRCLE('',#632,0.22);
#632 = AXIS2_PLACEMENT_3D('',#633,#634,#635);
#633 = CARTESIAN_POINT('',(-2.15,2.,1.13));
#634 = DIRECTION('',(-1.,0.,0.));
#635 = DIRECTION('',(0.,0.,1.));
#636 = ORIENTED_EDGE('',*,*,#565,.F.);
#637 = ORIENTED_EDGE('',*,*,#638,.F.);
#638 = EDGE_CURVE('',#623,#558,#639,.T.);
#639 = CIRCLE('',#640,0.22);
#640 = AXIS2_PLACEMENT_3D('',#641,#642,#643);
#641 = CARTESIAN_POINT('',(-2.15,1.9,1.13));
#642 = DIRECTION('',(-1.,0.,0.));
#643 = DIRECTION('',(0.,-1.,0.));
#644 = PLANE('',#645);
#645 = AXIS2_PLACEMENT_3D('',#646,#647,#648);
#646 = CARTESIAN_POINT('',(-2.15,1.9,1.13));
#647 = DIRECTION('',(1.,0.,-0.));
#648 = DIRECTION('',(0.,0.,1.));
#649 = ADVANCED_FACE('',(#650),#661,.T.);
#650 = FACE_BOUND('',#651,.T.);
#651 = EDGE_LOOP('',(#652,#653,#659,#660));
#652 = ORIENTED_EDGE('',*,*,#630,.T.);
#653 = ORIENTED_EDGE('',*,*,#654,.T.);
#654 = EDGE_CURVE('',#621,#588,#655,.T.);
#655 = LINE('',#656,#657);
#656 = CARTESIAN_POINT('',(-2.15,2.139642400438,1.3));
#657 = VECTOR('',#658,1.);
#658 = DIRECTION('',(-1.,0.,0.));
#659 = ORIENTED_EDGE('',*,*,#587,.F.);
#660 = ORIENTED_EDGE('',*,*,#573,.F.);
#661 = CYLINDRICAL_SURFACE('',#662,0.22);
#662 = AXIS2_PLACEMENT_3D('',#663,#664,#665);
#663 = CARTESIAN_POINT('',(-2.15,2.,1.13));
#664 = DIRECTION('',(-1.,0.,0.));
#665 = DIRECTION('',(0.,0.,-1.));
#666 = ADVANCED_FACE('',(#667),#678,.T.);
#667 = FACE_BOUND('',#668,.T.);
#668 = EDGE_LOOP('',(#669,#670,#676,#677));
#669 = ORIENTED_EDGE('',*,*,#604,.F.);
#670 = ORIENTED_EDGE('',*,*,#671,.T.);
#671 = EDGE_CURVE('',#597,#623,#672,.T.);
#672 = LINE('',#673,#674);
#673 = CARTESIAN_POINT('',(-2.15,1.760357599562,1.3));
#674 = VECTOR('',#675,1.);
#675 = DIRECTION('',(1.,-0.,-0.));
#676 = ORIENTED_EDGE('',*,*,#638,.T.);
#677 = ORIENTED_EDGE('',*,*,#557,.T.);
#678 = CYLINDRICAL_SURFACE('',#679,0.22);
#679 = AXIS2_PLACEMENT_3D('',#680,#681,#682);
#680 = CARTESIAN_POINT('',(-2.15,1.9,1.13));
#681 = DIRECTION('',(-1.,0.,0.));
#682 = DIRECTION('',(0.,0.,-1.));
#683 = ADVANCED_FACE('',(#684),#718,.F.);
#684 = FACE_BOUND('',#685,.T.);
#685 = EDGE_LOOP('',(#686,#696,#704,#712));
#686 = ORIENTED_EDGE('',*,*,#687,.F.);
#687 = EDGE_CURVE('',#688,#690,#692,.T.);
#688 = VERTEX_POINT('',#689);
#689 = CARTESIAN_POINT('',(-2.35,2.9,-1.212951180468E-15));
#690 = VERTEX_POINT('',#691);
#691 = CARTESIAN_POINT('',(-2.35,2.32,8.809142651445E-17));
#692 = LINE('',#693,#694);
#693 = CARTESIAN_POINT('',(-2.35,2.9,8.809142651445E-17));
#694 = VECTOR('',#695,1.);
#695 = DIRECTION('',(0.,-1.,0.));
#696 = ORIENTED_EDGE('',*,*,#697,.F.);
#697 = EDGE_CURVE('',#698,#688,#700,.T.);
#698 = VERTEX_POINT('',#699);
#699 = CARTESIAN_POINT('',(-2.15,2.9,-1.212951180468E-15));
#700 = LINE('',#701,#702);
#701 = CARTESIAN_POINT('',(-2.15,2.9,-1.212951180468E-15));
#702 = VECTOR('',#703,1.);
#703 = DIRECTION('',(-1.,0.,0.));
#704 = ORIENTED_EDGE('',*,*,#705,.T.);
#705 = EDGE_CURVE('',#698,#706,#708,.T.);
#706 = VERTEX_POINT('',#707);
#707 = CARTESIAN_POINT('',(-2.15,2.32,8.809142651445E-17));
#708 = LINE('',#709,#710);
#709 = CARTESIAN_POINT('',(-2.15,2.9,8.809142651445E-17));
#710 = VECTOR('',#711,1.);
#711 = DIRECTION('',(0.,-1.,0.));
#712 = ORIENTED_EDGE('',*,*,#713,.T.);
#713 = EDGE_CURVE('',#706,#690,#714,.T.);
#714 = LINE('',#715,#716);
#715 = CARTESIAN_POINT('',(-2.15,2.32,8.809142651445E-17));
#716 = VECTOR('',#717,1.);
#717 = DIRECTION('',(-1.,0.,0.));
#718 = PLANE('',#719);
#719 = AXIS2_PLACEMENT_3D('',#720,#721,#722);
#720 = CARTESIAN_POINT('',(-2.15,2.9,8.809142651445E-17));
#721 = DIRECTION('',(0.,-0.,1.));
#722 = DIRECTION('',(0.,1.,0.));
#723 = ADVANCED_FACE('',(#724),#749,.F.);
#724 = FACE_BOUND('',#725,.T.);
#725 = EDGE_LOOP('',(#726,#734,#742,#748));
#726 = ORIENTED_EDGE('',*,*,#727,.F.);
#727 = EDGE_CURVE('',#728,#688,#730,.T.);
#728 = VERTEX_POINT('',#729);
#729 = CARTESIAN_POINT('',(-2.35,2.9,0.12));
#730 = LINE('',#731,#732);
#731 = CARTESIAN_POINT('',(-2.35,2.9,0.12));
#732 = VECTOR('',#733,1.);
#733 = DIRECTION('',(0.,6.123031769112E-17,-1.));
#734 = ORIENTED_EDGE('',*,*,#735,.F.);
#735 = EDGE_CURVE('',#736,#728,#738,.T.);
#736 = VERTEX_POINT('',#737);
#737 = CARTESIAN_POINT('',(-2.15,2.9,0.12));
#738 = LINE('',#739,#740);
#739 = CARTESIAN_POINT('',(-2.15,2.9,0.12));
#740 = VECTOR('',#741,1.);
#741 = DIRECTION('',(-1.,0.,0.));
#742 = ORIENTED_EDGE('',*,*,#743,.T.);
#743 = EDGE_CURVE('',#736,#698,#744,.T.);
#744 = LINE('',#745,#746);
#745 = CARTESIAN_POINT('',(-2.15,2.9,0.12));
#746 = VECTOR('',#747,1.);
#747 = DIRECTION('',(0.,6.123031769112E-17,-1.));
#748 = ORIENTED_EDGE('',*,*,#697,.T.);
#749 = PLANE('',#750);
#750 = AXIS2_PLACEMENT_3D('',#751,#752,#753);
#751 = CARTESIAN_POINT('',(-2.15,2.9,0.12));
#752 = DIRECTION('',(0.,-1.,-6.123031769112E-17));
#753 = DIRECTION('',(0.,-6.123031769112E-17,1.));
#754 = ADVANCED_FACE('',(#755),#790,.F.);
#755 = FACE_BOUND('',#756,.T.);
#756 = EDGE_LOOP('',(#757,#766,#774,#782,#788,#789));
#757 = ORIENTED_EDGE('',*,*,#758,.T.);
#758 = EDGE_CURVE('',#690,#759,#761,.T.);
#759 = VERTEX_POINT('',#760);
#760 = CARTESIAN_POINT('',(-2.35,2.180357599562,5.E-02));
#761 = CIRCLE('',#762,0.22);
#762 = AXIS2_PLACEMENT_3D('',#763,#764,#765);
#763 = CARTESIAN_POINT('',(-2.35,2.32,0.22));
#764 = DIRECTION('',(-1.,0.,0.));
#765 = DIRECTION('',(0.,0.,-1.));
#766 = ORIENTED_EDGE('',*,*,#767,.T.);
#767 = EDGE_CURVE('',#759,#768,#770,.T.);
#768 = VERTEX_POINT('',#769);
#769 = CARTESIAN_POINT('',(-2.35,2.4,5.E-02));
#770 = LINE('',#771,#772);
#771 = CARTESIAN_POINT('',(-2.35,1.9,5.E-02));
#772 = VECTOR('',#773,1.);
#773 = DIRECTION('',(0.,1.,0.));
#774 = ORIENTED_EDGE('',*,*,#775,.T.);
#775 = EDGE_CURVE('',#768,#776,#778,.T.);
#776 = VERTEX_POINT('',#777);
#777 = CARTESIAN_POINT('',(-2.35,2.4,0.12));
#778 = LINE('',#779,#780);
#779 = CARTESIAN_POINT('',(-2.35,2.4,1.13));
#780 = VECTOR('',#781,1.);
#781 = DIRECTION('',(0.,-6.123031769112E-17,1.));
#782 = ORIENTED_EDGE('',*,*,#783,.T.);
#783 = EDGE_CURVE('',#776,#728,#784,.T.);
#784 = LINE('',#785,#786);
#785 = CARTESIAN_POINT('',(-2.35,2.32,0.12));
#786 = VECTOR('',#787,1.);
#787 = DIRECTION('',(0.,1.,0.));
#788 = ORIENTED_EDGE('',*,*,#727,.T.);
#789 = ORIENTED_EDGE('',*,*,#687,.T.);
#790 = PLANE('',#791);
#791 = AXIS2_PLACEMENT_3D('',#792,#793,#794);
#792 = CARTESIAN_POINT('',(-2.35,1.9,1.13));
#793 = DIRECTION('',(1.,0.,-0.));
#794 = DIRECTION('',(0.,0.,1.));
#795 = ADVANCED_FACE('',(#796),#831,.T.);
#796 = FACE_BOUND('',#797,.T.);
#797 = EDGE_LOOP('',(#798,#808,#815,#816,#817,#825));
#798 = ORIENTED_EDGE('',*,*,#799,.F.);
#799 = EDGE_CURVE('',#800,#802,#804,.T.);
#800 = VERTEX_POINT('',#801);
#801 = CARTESIAN_POINT('',(-2.15,2.180357599562,5.E-02));
#802 = VERTEX_POINT('',#803);
#803 = CARTESIAN_POINT('',(-2.15,2.4,5.E-02));
#804 = LINE('',#805,#806);
#805 = CARTESIAN_POINT('',(-2.15,1.9,5.E-02));
#806 = VECTOR('',#807,1.);
#807 = DIRECTION('',(0.,1.,0.));
#808 = ORIENTED_EDGE('',*,*,#809,.F.);
#809 = EDGE_CURVE('',#706,#800,#810,.T.);
#810 = CIRCLE('',#811,0.22);
#811 = AXIS2_PLACEMENT_3D('',#812,#813,#814);
#812 = CARTESIAN_POINT('',(-2.15,2.32,0.22));
#813 = DIRECTION('',(-1.,0.,0.));
#814 = DIRECTION('',(0.,0.,-1.));
#815 = ORIENTED_EDGE('',*,*,#705,.F.);
#816 = ORIENTED_EDGE('',*,*,#743,.F.);
#817 = ORIENTED_EDGE('',*,*,#818,.F.);
#818 = EDGE_CURVE('',#819,#736,#821,.T.);
#819 = VERTEX_POINT('',#820);
#820 = CARTESIAN_POINT('',(-2.15,2.4,0.12));
#821 = LINE('',#822,#823);
#822 = CARTESIAN_POINT('',(-2.15,2.32,0.12));
#823 = VECTOR('',#824,1.);
#824 = DIRECTION('',(0.,1.,0.));
#825 = ORIENTED_EDGE('',*,*,#826,.F.);
#826 = EDGE_CURVE('',#802,#819,#827,.T.);
#827 = LINE('',#828,#829);
#828 = CARTESIAN_POINT('',(-2.15,2.4,1.13));
#829 = VECTOR('',#830,1.);
#830 = DIRECTION('',(0.,-6.123031769112E-17,1.));
#831 = PLANE('',#832);
#832 = AXIS2_PLACEMENT_3D('',#833,#834,#835);
#833 = CARTESIAN_POINT('',(-2.15,1.9,1.13));
#834 = DIRECTION('',(1.,0.,-0.));
#835 = DIRECTION('',(0.,0.,1.));
#836 = ADVANCED_FACE('',(#837),#848,.T.);
#837 = FACE_BOUND('',#838,.T.);
#838 = EDGE_LOOP('',(#839,#840,#846,#847));
#839 = ORIENTED_EDGE('',*,*,#809,.T.);
#840 = ORIENTED_EDGE('',*,*,#841,.T.);
#841 = EDGE_CURVE('',#800,#759,#842,.T.);
#842 = LINE('',#843,#844);
#843 = CARTESIAN_POINT('',(-2.15,2.180357599562,5.E-02));
#844 = VECTOR('',#845,1.);
#845 = DIRECTION('',(-1.,0.,0.));
#846 = ORIENTED_EDGE('',*,*,#758,.F.);
#847 = ORIENTED_EDGE('',*,*,#713,.F.);
#848 = CYLINDRICAL_SURFACE('',#849,0.22);
#849 = AXIS2_PLACEMENT_3D('',#850,#851,#852);
#850 = CARTESIAN_POINT('',(-2.15,2.32,0.22));
#851 = DIRECTION('',(-1.,0.,0.));
#852 = DIRECTION('',(0.,0.,-1.));
#853 = ADVANCED_FACE('',(#854),#865,.F.);
#854 = FACE_BOUND('',#855,.T.);
#855 = EDGE_LOOP('',(#856,#857,#863,#864));
#856 = ORIENTED_EDGE('',*,*,#783,.F.);
#857 = ORIENTED_EDGE('',*,*,#858,.T.);
#858 = EDGE_CURVE('',#776,#819,#859,.T.);
#859 = LINE('',#860,#861);
#860 = CARTESIAN_POINT('',(-2.15,2.4,0.12));
#861 = VECTOR('',#862,1.);
#862 = DIRECTION('',(1.,3.061515884556E-17,0.));
#863 = ORIENTED_EDGE('',*,*,#818,.T.);
#864 = ORIENTED_EDGE('',*,*,#735,.T.);
#865 = PLANE('',#866);
#866 = AXIS2_PLACEMENT_3D('',#867,#868,#869);
#867 = CARTESIAN_POINT('',(-2.15,2.32,0.12));
#868 = DIRECTION('',(0.,0.,-1.));
#869 = DIRECTION('',(0.,-1.,0.));
#870 = ADVANCED_FACE('',(#871),#915,.T.);
#871 = FACE_BOUND('',#872,.T.);
#872 = EDGE_LOOP('',(#873,#883,#891,#900,#908));
#873 = ORIENTED_EDGE('',*,*,#874,.F.);
#874 = EDGE_CURVE('',#875,#877,#879,.T.);
#875 = VERTEX_POINT('',#876);
#876 = CARTESIAN_POINT('',(-2.15,1.,1.091428571429));
#877 = VERTEX_POINT('',#878);
#878 = CARTESIAN_POINT('',(-2.15,1.,0.873988949953));
#879 = LINE('',#880,#881);
#880 = CARTESIAN_POINT('',(-2.15,1.,1.13));
#881 = VECTOR('',#882,1.);
#882 = DIRECTION('',(0.,6.123031769112E-17,-1.));
#883 = ORIENTED_EDGE('',*,*,#884,.F.);
#884 = EDGE_CURVE('',#885,#875,#887,.T.);
#885 = VERTEX_POINT('',#886);
#886 = CARTESIAN_POINT('',(-2.15,0.970376573854,1.057573227262));
#887 = LINE('',#888,#889);
#888 = CARTESIAN_POINT('',(-2.15,0.970376573854,1.057573227262));
#889 = VECTOR('',#890,1.);
#890 = DIRECTION('',(0.,0.658504607869,0.752576694707));
#891 = ORIENTED_EDGE('',*,*,#892,.F.);
#892 = EDGE_CURVE('',#893,#885,#895,.T.);
#893 = VERTEX_POINT('',#894);
#894 = CARTESIAN_POINT('',(-2.15,0.989501892653,0.881945973835));
#895 = CIRCLE('',#896,0.12);
#896 = AXIS2_PLACEMENT_3D('',#897,#898,#899);
#897 = CARTESIAN_POINT('',(-2.15,1.060685777219,0.978552674317));
#898 = DIRECTION('',(-1.,0.,0.));
#899 = DIRECTION('',(-0.,-0.59319903805,-0.805055837353));
#900 = ORIENTED_EDGE('',*,*,#901,.F.);
#901 = EDGE_CURVE('',#902,#893,#904,.T.);
#902 = VERTEX_POINT('',#903);
#903 = CARTESIAN_POINT('',(-2.15,0.99330699074,0.879142217349));
#904 = LINE('',#905,#906);
#905 = CARTESIAN_POINT('',(-2.15,0.99330699074,0.879142217349));
#906 = VECTOR('',#907,1.);
#907 = DIRECTION('',(0.,-0.805055837353,0.59319903805));
#908 = ORIENTED_EDGE('',*,*,#909,.F.);
#909 = EDGE_CURVE('',#877,#902,#910,.T.);
#910 = CIRCLE('',#911,0.2);
#911 = AXIS2_PLACEMENT_3D('',#912,#913,#914);
#912 = CARTESIAN_POINT('',(-2.15,0.87466718313,0.718131049879));
#913 = DIRECTION('',(1.,0.,0.));
#914 = DIRECTION('',(-0.,0.988715504225,0.149805379428));
#915 = PLANE('',#916);
#916 = AXIS2_PLACEMENT_3D('',#917,#918,#919);
#917 = CARTESIAN_POINT('',(-2.15,1.9,1.13));
#918 = DIRECTION('',(1.,0.,-0.));
#919 = DIRECTION('',(0.,0.,1.));
#920 = ADVANCED_FACE('',(#921),#965,.F.);
#921 = FACE_BOUND('',#922,.T.);
#922 = EDGE_LOOP('',(#923,#933,#941,#950,#958));
#923 = ORIENTED_EDGE('',*,*,#924,.T.);
#924 = EDGE_CURVE('',#925,#927,#929,.T.);
#925 = VERTEX_POINT('',#926);
#926 = CARTESIAN_POINT('',(-2.35,0.970376573854,1.057573227262));
#927 = VERTEX_POINT('',#928);
#928 = CARTESIAN_POINT('',(-2.35,1.,1.091428571429));
#929 = LINE('',#930,#931);
#930 = CARTESIAN_POINT('',(-2.35,0.970376573854,1.057573227262));
#931 = VECTOR('',#932,1.);
#932 = DIRECTION('',(0.,0.658504607869,0.752576694707));
#933 = ORIENTED_EDGE('',*,*,#934,.T.);
#934 = EDGE_CURVE('',#927,#935,#937,.T.);
#935 = VERTEX_POINT('',#936);
#936 = CARTESIAN_POINT('',(-2.35,1.,0.873988949953));
#937 = LINE('',#938,#939);
#938 = CARTESIAN_POINT('',(-2.35,1.,1.13));
#939 = VECTOR('',#940,1.);
#940 = DIRECTION('',(0.,6.123031769112E-17,-1.));
#941 = ORIENTED_EDGE('',*,*,#942,.T.);
#942 = EDGE_CURVE('',#935,#943,#945,.T.);
#943 = VERTEX_POINT('',#944);
#944 = CARTESIAN_POINT('',(-2.35,0.99330699074,0.879142217349));
#945 = CIRCLE('',#946,0.2);
#946 = AXIS2_PLACEMENT_3D('',#947,#948,#949);
#947 = CARTESIAN_POINT('',(-2.35,0.87466718313,0.718131049879));
#948 = DIRECTION('',(1.,0.,0.));
#949 = DIRECTION('',(-0.,0.988715504225,0.149805379428));
#950 = ORIENTED_EDGE('',*,*,#951,.T.);
#951 = EDGE_CURVE('',#943,#952,#954,.T.);
#952 = VERTEX_POINT('',#953);
#953 = CARTESIAN_POINT('',(-2.35,0.989501892653,0.881945973835));
#954 = LINE('',#955,#956);
#955 = CARTESIAN_POINT('',(-2.35,0.99330699074,0.879142217349));
#956 = VECTOR('',#957,1.);
#957 = DIRECTION('',(0.,-0.805055837353,0.59319903805));
#958 = ORIENTED_EDGE('',*,*,#959,.T.);
#959 = EDGE_CURVE('',#952,#925,#960,.T.);
#960 = CIRCLE('',#961,0.12);
#961 = AXIS2_PLACEMENT_3D('',#962,#963,#964);
#962 = CARTESIAN_POINT('',(-2.35,1.060685777219,0.978552674317));
#963 = DIRECTION('',(-1.,0.,0.));
#964 = DIRECTION('',(-0.,-0.59319903805,-0.805055837353));
#965 = PLANE('',#966);
#966 = AXIS2_PLACEMENT_3D('',#967,#968,#969);
#967 = CARTESIAN_POINT('',(-2.35,1.9,1.13));
#968 = DIRECTION('',(1.,0.,-0.));
#969 = DIRECTION('',(0.,0.,1.));
#970 = ADVANCED_FACE('',(#971),#987,.F.);
#971 = FACE_BOUND('',#972,.F.);
#972 = EDGE_LOOP('',(#973,#979,#980,#986));
#973 = ORIENTED_EDGE('',*,*,#974,.F.);
#974 = EDGE_CURVE('',#902,#943,#975,.T.);
#975 = LINE('',#976,#977);
#976 = CARTESIAN_POINT('',(-2.15,0.99330699074,0.879142217349));
#977 = VECTOR('',#978,1.);
#978 = DIRECTION('',(-1.,0.,0.));
#979 = ORIENTED_EDGE('',*,*,#909,.F.);
#980 = ORIENTED_EDGE('',*,*,#981,.F.);
#981 = EDGE_CURVE('',#935,#877,#982,.T.);
#982 = LINE('',#983,#984);
#983 = CARTESIAN_POINT('',(-2.15,1.,0.873988949953));
#984 = VECTOR('',#985,1.);
#985 = DIRECTION('',(1.,-0.,-0.));
#986 = ORIENTED_EDGE('',*,*,#942,.T.);
#987 = CYLINDRICAL_SURFACE('',#988,0.2);
#988 = AXIS2_PLACEMENT_3D('',#989,#990,#991);
#989 = CARTESIAN_POINT('',(-2.15,0.87466718313,0.718131049879));
#990 = DIRECTION('',(-1.,0.,0.));
#991 = DIRECTION('',(0.,0.,-1.));
#992 = ADVANCED_FACE('',(#993),#1004,.F.);
#993 = FACE_BOUND('',#994,.T.);
#994 = EDGE_LOOP('',(#995,#996,#997,#998));
#995 = ORIENTED_EDGE('',*,*,#951,.F.);
#996 = ORIENTED_EDGE('',*,*,#974,.F.);
#997 = ORIENTED_EDGE('',*,*,#901,.T.);
#998 = ORIENTED_EDGE('',*,*,#999,.T.);
#999 = EDGE_CURVE('',#893,#952,#1000,.T.);
#1000 = LINE('',#1001,#1002);
#1001 = CARTESIAN_POINT('',(-2.15,0.989501892653,0.881945973835));
#1002 = VECTOR('',#1003,1.);
#1003 = DIRECTION('',(-1.,0.,0.));
#1004 = PLANE('',#1005);
#1005 = AXIS2_PLACEMENT_3D('',#1006,#1007,#1008);
#1006 = CARTESIAN_POINT('',(-2.15,0.99330699074,0.879142217349));
#1007 = DIRECTION('',(0.,0.59319903805,0.805055837353));
#1008 = DIRECTION('',(0.,0.805055837353,-0.59319903805));
#1009 = ADVANCED_FACE('',(#1010),#1021,.T.);
#1010 = FACE_BOUND('',#1011,.T.);
#1011 = EDGE_LOOP('',(#1012,#1013,#1014,#1015));
#1012 = ORIENTED_EDGE('',*,*,#959,.F.);
#1013 = ORIENTED_EDGE('',*,*,#999,.F.);
#1014 = ORIENTED_EDGE('',*,*,#892,.T.);
#1015 = ORIENTED_EDGE('',*,*,#1016,.T.);
#1016 = EDGE_CURVE('',#885,#925,#1017,.T.);
#1017 = LINE('',#1018,#1019);
#1018 = CARTESIAN_POINT('',(-2.15,0.970376573854,1.057573227262));
#1019 = VECTOR('',#1020,1.);
#1020 = DIRECTION('',(-1.,0.,0.));
#1021 = CYLINDRICAL_SURFACE('',#1022,0.12);
#1022 = AXIS2_PLACEMENT_3D('',#1023,#1024,#1025);
#1023 = CARTESIAN_POINT('',(-2.15,1.060685777219,0.978552674317));
#1024 = DIRECTION('',(-1.,0.,0.));
#1025 = DIRECTION('',(0.,0.,-1.));
#1026 = ADVANCED_FACE('',(#1027),#1038,.F.);
#1027 = FACE_BOUND('',#1028,.T.);
#1028 = EDGE_LOOP('',(#1029,#1030,#1036,#1037));
#1029 = ORIENTED_EDGE('',*,*,#884,.T.);
#1030 = ORIENTED_EDGE('',*,*,#1031,.T.);
#1031 = EDGE_CURVE('',#875,#927,#1032,.T.);
#1032 = LINE('',#1033,#1034);
#1033 = CARTESIAN_POINT('',(-2.15,1.,1.091428571429));
#1034 = VECTOR('',#1035,1.);
#1035 = DIRECTION('',(-1.,-3.061515884556E-17,-3.498875296635E-17));
#1036 = ORIENTED_EDGE('',*,*,#924,.F.);
#1037 = ORIENTED_EDGE('',*,*,#1016,.F.);
#1038 = PLANE('',#1039);
#1039 = AXIS2_PLACEMENT_3D('',#1040,#1041,#1042);
#1040 = CARTESIAN_POINT('',(-2.15,0.970376573854,1.057573227262));
#1041 = DIRECTION('',(0.,0.752576694707,-0.658504607869));
#1042 = DIRECTION('',(0.,-0.658504607869,-0.752576694707));
#1043 = ADVANCED_FACE('',(#1044),#1078,.F.);
#1044 = FACE_BOUND('',#1045,.T.);
#1045 = EDGE_LOOP('',(#1046,#1056,#1064,#1072));
#1046 = ORIENTED_EDGE('',*,*,#1047,.T.);
#1047 = EDGE_CURVE('',#1048,#1050,#1052,.T.);
#1048 = VERTEX_POINT('',#1049);
#1049 = CARTESIAN_POINT('',(-1.85,-1.9,1.35));
#1050 = VERTEX_POINT('',#1051);
#1051 = CARTESIAN_POINT('',(-1.85,-2.,1.35));
#1052 = LINE('',#1053,#1054);
#1053 = CARTESIAN_POINT('',(-1.85,-1.9,1.35));
#1054 = VECTOR('',#1055,1.);
#1055 = DIRECTION('',(0.,-1.,0.));
#1056 = ORIENTED_EDGE('',*,*,#1057,.F.);
#1057 = EDGE_CURVE('',#1058,#1050,#1060,.T.);
#1058 = VERTEX_POINT('',#1059);
#1059 = CARTESIAN_POINT('',(-1.65,-2.,1.35));
#1060 = LINE('',#1061,#1062);
#1061 = CARTESIAN_POINT('',(-1.65,-2.,1.35));
#1062 = VECTOR('',#1063,1.);
#1063 = DIRECTION('',(-1.,0.,0.));
#1064 = ORIENTED_EDGE('',*,*,#1065,.F.);
#1065 = EDGE_CURVE('',#1066,#1058,#1068,.T.);
#1066 = VERTEX_POINT('',#1067);
#1067 = CARTESIAN_POINT('',(-1.65,-1.9,1.35));
#1068 = LINE('',#1069,#1070);
#1069 = CARTESIAN_POINT('',(-1.65,-1.9,1.35));
#1070 = VECTOR('',#1071,1.);
#1071 = DIRECTION('',(0.,-1.,0.));
#1072 = ORIENTED_EDGE('',*,*,#1073,.T.);
#1073 = EDGE_CURVE('',#1066,#1048,#1074,.T.);
#1074 = LINE('',#1075,#1076);
#1075 = CARTESIAN_POINT('',(-1.65,-1.9,1.35));
#1076 = VECTOR('',#1077,1.);
#1077 = DIRECTION('',(-1.,0.,0.));
#1078 = PLANE('',#1079);
#1079 = AXIS2_PLACEMENT_3D('',#1080,#1081,#1082);
#1080 = CARTESIAN_POINT('',(-1.65,-1.9,1.35));
#1081 = DIRECTION('',(0.,0.,-1.));
#1082 = DIRECTION('',(0.,1.,0.));
#1083 = ADVANCED_FACE('',(#1084),#1111,.T.);
#1084 = FACE_BOUND('',#1085,.T.);
#1085 = EDGE_LOOP('',(#1086,#1096,#1103,#1104));
#1086 = ORIENTED_EDGE('',*,*,#1087,.F.);
#1087 = EDGE_CURVE('',#1088,#1090,#1092,.T.);
#1088 = VERTEX_POINT('',#1089);
#1089 = CARTESIAN_POINT('',(-1.65,-1.760357599562,1.3));
#1090 = VERTEX_POINT('',#1091);
#1091 = CARTESIAN_POINT('',(-1.65,-2.139642400438,1.3));
#1092 = LINE('',#1093,#1094);
#1093 = CARTESIAN_POINT('',(-1.65,-1.9,1.3));
#1094 = VECTOR('',#1095,1.);
#1095 = DIRECTION('',(0.,-1.,0.));
#1096 = ORIENTED_EDGE('',*,*,#1097,.T.);
#1097 = EDGE_CURVE('',#1088,#1066,#1098,.T.);
#1098 = CIRCLE('',#1099,0.22);
#1099 = AXIS2_PLACEMENT_3D('',#1100,#1101,#1102);
#1100 = CARTESIAN_POINT('',(-1.65,-1.9,1.13));
#1101 = DIRECTION('',(1.,0.,0.));
#1102 = DIRECTION('',(-0.,1.,0.));
#1103 = ORIENTED_EDGE('',*,*,#1065,.T.);
#1104 = ORIENTED_EDGE('',*,*,#1105,.T.);
#1105 = EDGE_CURVE('',#1058,#1090,#1106,.T.);
#1106 = CIRCLE('',#1107,0.22);
#1107 = AXIS2_PLACEMENT_3D('',#1108,#1109,#1110);
#1108 = CARTESIAN_POINT('',(-1.65,-2.,1.13));
#1109 = DIRECTION('',(1.,0.,-0.));
#1110 = DIRECTION('',(0.,0.,1.));
#1111 = PLANE('',#1112);
#1112 = AXIS2_PLACEMENT_3D('',#1113,#1114,#1115);
#1113 = CARTESIAN_POINT('',(-1.65,-1.9,1.13));
#1114 = DIRECTION('',(1.,0.,-0.));
#1115 = DIRECTION('',(0.,0.,1.));
#1116 = ADVANCED_FACE('',(#1117),#1144,.F.);
#1117 = FACE_BOUND('',#1118,.T.);
#1118 = EDGE_LOOP('',(#1119,#1128,#1136,#1143));
#1119 = ORIENTED_EDGE('',*,*,#1120,.F.);
#1120 = EDGE_CURVE('',#1121,#1048,#1123,.T.);
#1121 = VERTEX_POINT('',#1122);
#1122 = CARTESIAN_POINT('',(-1.85,-1.760357599562,1.3));
#1123 = CIRCLE('',#1124,0.22);
#1124 = AXIS2_PLACEMENT_3D('',#1125,#1126,#1127);
#1125 = CARTESIAN_POINT('',(-1.85,-1.9,1.13));
#1126 = DIRECTION('',(1.,0.,0.));
#1127 = DIRECTION('',(-0.,1.,0.));
#1128 = ORIENTED_EDGE('',*,*,#1129,.T.);
#1129 = EDGE_CURVE('',#1121,#1130,#1132,.T.);
#1130 = VERTEX_POINT('',#1131);
#1131 = CARTESIAN_POINT('',(-1.85,-2.139642400438,1.3));
#1132 = LINE('',#1133,#1134);
#1133 = CARTESIAN_POINT('',(-1.85,-1.9,1.3));
#1134 = VECTOR('',#1135,1.);
#1135 = DIRECTION('',(0.,-1.,0.));
#1136 = ORIENTED_EDGE('',*,*,#1137,.F.);
#1137 = EDGE_CURVE('',#1050,#1130,#1138,.T.);
#1138 = CIRCLE('',#1139,0.22);
#1139 = AXIS2_PLACEMENT_3D('',#1140,#1141,#1142);
#1140 = CARTESIAN_POINT('',(-1.85,-2.,1.13));
#1141 = DIRECTION('',(1.,0.,-0.));
#1142 = DIRECTION('',(0.,0.,1.));
#1143 = ORIENTED_EDGE('',*,*,#1047,.F.);
#1144 = PLANE('',#1145);
#1145 = AXIS2_PLACEMENT_3D('',#1146,#1147,#1148);
#1146 = CARTESIAN_POINT('',(-1.85,-1.9,1.13));
#1147 = DIRECTION('',(1.,0.,-0.));
#1148 = DIRECTION('',(0.,0.,1.));
#1149 = ADVANCED_FACE('',(#1150),#1161,.T.);
#1150 = FACE_BOUND('',#1151,.T.);
#1151 = EDGE_LOOP('',(#1152,#1153,#1159,#1160));
#1152 = ORIENTED_EDGE('',*,*,#1137,.T.);
#1153 = ORIENTED_EDGE('',*,*,#1154,.T.);
#1154 = EDGE_CURVE('',#1130,#1090,#1155,.T.);
#1155 = LINE('',#1156,#1157);
#1156 = CARTESIAN_POINT('',(-1.65,-2.139642400438,1.3));
#1157 = VECTOR('',#1158,1.);
#1158 = DIRECTION('',(1.,-0.,-0.));
#1159 = ORIENTED_EDGE('',*,*,#1105,.F.);
#1160 = ORIENTED_EDGE('',*,*,#1057,.T.);
#1161 = CYLINDRICAL_SURFACE('',#1162,0.22);
#1162 = AXIS2_PLACEMENT_3D('',#1163,#1164,#1165);
#1163 = CARTESIAN_POINT('',(-1.65,-2.,1.13));
#1164 = DIRECTION('',(-1.,0.,0.));
#1165 = DIRECTION('',(0.,0.,-1.));
#1166 = ADVANCED_FACE('',(#1167),#1178,.T.);
#1167 = FACE_BOUND('',#1168,.T.);
#1168 = EDGE_LOOP('',(#1169,#1170,#1176,#1177));
#1169 = ORIENTED_EDGE('',*,*,#1097,.F.);
#1170 = ORIENTED_EDGE('',*,*,#1171,.T.);
#1171 = EDGE_CURVE('',#1088,#1121,#1172,.T.);
#1172 = LINE('',#1173,#1174);
#1173 = CARTESIAN_POINT('',(-1.65,-1.760357599562,1.3));
#1174 = VECTOR('',#1175,1.);
#1175 = DIRECTION('',(-1.,0.,0.));
#1176 = ORIENTED_EDGE('',*,*,#1120,.T.);
#1177 = ORIENTED_EDGE('',*,*,#1073,.F.);
#1178 = CYLINDRICAL_SURFACE('',#1179,0.22);
#1179 = AXIS2_PLACEMENT_3D('',#1180,#1181,#1182);
#1180 = CARTESIAN_POINT('',(-1.65,-1.9,1.13));
#1181 = DIRECTION('',(-1.,0.,0.));
#1182 = DIRECTION('',(0.,0.,-1.));
#1183 = ADVANCED_FACE('',(#1184),#1218,.F.);
#1184 = FACE_BOUND('',#1185,.T.);
#1185 = EDGE_LOOP('',(#1186,#1196,#1204,#1212));
#1186 = ORIENTED_EDGE('',*,*,#1187,.T.);
#1187 = EDGE_CURVE('',#1188,#1190,#1192,.T.);
#1188 = VERTEX_POINT('',#1189);
#1189 = CARTESIAN_POINT('',(-1.85,-2.9,0.12));
#1190 = VERTEX_POINT('',#1191);
#1191 = CARTESIAN_POINT('',(-1.85,-2.9,-1.212951180468E-15));
#1192 = LINE('',#1193,#1194);
#1193 = CARTESIAN_POINT('',(-1.85,-2.9,0.12));
#1194 = VECTOR('',#1195,1.);
#1195 = DIRECTION('',(0.,-6.123031769112E-17,-1.));
#1196 = ORIENTED_EDGE('',*,*,#1197,.F.);
#1197 = EDGE_CURVE('',#1198,#1190,#1200,.T.);
#1198 = VERTEX_POINT('',#1199);
#1199 = CARTESIAN_POINT('',(-1.65,-2.9,-1.212951180468E-15));
#1200 = LINE('',#1201,#1202);
#1201 = CARTESIAN_POINT('',(-1.65,-2.9,-1.212951180468E-15));
#1202 = VECTOR('',#1203,1.);
#1203 = DIRECTION('',(-1.,0.,0.));
#1204 = ORIENTED_EDGE('',*,*,#1205,.F.);
#1205 = EDGE_CURVE('',#1206,#1198,#1208,.T.);
#1206 = VERTEX_POINT('',#1207);
#1207 = CARTESIAN_POINT('',(-1.65,-2.9,0.12));
#1208 = LINE('',#1209,#1210);
#1209 = CARTESIAN_POINT('',(-1.65,-2.9,0.12));
#1210 = VECTOR('',#1211,1.);
#1211 = DIRECTION('',(0.,-6.123031769112E-17,-1.));
#1212 = ORIENTED_EDGE('',*,*,#1213,.T.);
#1213 = EDGE_CURVE('',#1206,#1188,#1214,.T.);
#1214 = LINE('',#1215,#1216);
#1215 = CARTESIAN_POINT('',(-1.65,-2.9,0.12));
#1216 = VECTOR('',#1217,1.);
#1217 = DIRECTION('',(-1.,0.,0.));
#1218 = PLANE('',#1219);
#1219 = AXIS2_PLACEMENT_3D('',#1220,#1221,#1222);
#1220 = CARTESIAN_POINT('',(-1.65,-2.9,0.12));
#1221 = DIRECTION('',(0.,1.,-6.123031769112E-17));
#1222 = DIRECTION('',(0.,6.123031769112E-17,1.));
#1223 = ADVANCED_FACE('',(#1224),#1249,.F.);
#1224 = FACE_BOUND('',#1225,.T.);
#1225 = EDGE_LOOP('',(#1226,#1234,#1242,#1248));
#1226 = ORIENTED_EDGE('',*,*,#1227,.T.);
#1227 = EDGE_CURVE('',#1190,#1228,#1230,.T.);
#1228 = VERTEX_POINT('',#1229);
#1229 = CARTESIAN_POINT('',(-1.85,-2.32,8.809142651445E-17));
#1230 = LINE('',#1231,#1232);
#1231 = CARTESIAN_POINT('',(-1.85,-2.9,8.809142651445E-17));
#1232 = VECTOR('',#1233,1.);
#1233 = DIRECTION('',(0.,1.,0.));
#1234 = ORIENTED_EDGE('',*,*,#1235,.F.);
#1235 = EDGE_CURVE('',#1236,#1228,#1238,.T.);
#1236 = VERTEX_POINT('',#1237);
#1237 = CARTESIAN_POINT('',(-1.65,-2.32,8.809142651445E-17));
#1238 = LINE('',#1239,#1240);
#1239 = CARTESIAN_POINT('',(-1.65,-2.32,8.809142651445E-17));
#1240 = VECTOR('',#1241,1.);
#1241 = DIRECTION('',(-1.,0.,0.));
#1242 = ORIENTED_EDGE('',*,*,#1243,.F.);
#1243 = EDGE_CURVE('',#1198,#1236,#1244,.T.);
#1244 = LINE('',#1245,#1246);
#1245 = CARTESIAN_POINT('',(-1.65,-2.9,8.809142651445E-17));
#1246 = VECTOR('',#1247,1.);
#1247 = DIRECTION('',(0.,1.,0.));
#1248 = ORIENTED_EDGE('',*,*,#1197,.T.);
#1249 = PLANE('',#1250);
#1250 = AXIS2_PLACEMENT_3D('',#1251,#1252,#1253);
#1251 = CARTESIAN_POINT('',(-1.65,-2.9,8.809142651445E-17));
#1252 = DIRECTION('',(0.,0.,1.));
#1253 = DIRECTION('',(0.,-1.,0.));
#1254 = ADVANCED_FACE('',(#1255),#1290,.T.);
#1255 = FACE_BOUND('',#1256,.T.);
#1256 = EDGE_LOOP('',(#1257,#1267,#1275,#1281,#1282,#1283));
#1257 = ORIENTED_EDGE('',*,*,#1258,.F.);
#1258 = EDGE_CURVE('',#1259,#1261,#1263,.T.);
#1259 = VERTEX_POINT('',#1260);
#1260 = CARTESIAN_POINT('',(-1.65,-2.4,5.E-02));
#1261 = VERTEX_POINT('',#1262);
#1262 = CARTESIAN_POINT('',(-1.65,-2.180357599562,5.E-02));
#1263 = LINE('',#1264,#1265);
#1264 = CARTESIAN_POINT('',(-1.65,-1.9,5.E-02));
#1265 = VECTOR('',#1266,1.);
#1266 = DIRECTION('',(0.,1.,0.));
#1267 = ORIENTED_EDGE('',*,*,#1268,.F.);
#1268 = EDGE_CURVE('',#1269,#1259,#1271,.T.);
#1269 = VERTEX_POINT('',#1270);
#1270 = CARTESIAN_POINT('',(-1.65,-2.4,0.12));
#1271 = LINE('',#1272,#1273);
#1272 = CARTESIAN_POINT('',(-1.65,-2.4,1.13));
#1273 = VECTOR('',#1274,1.);
#1274 = DIRECTION('',(0.,-6.123031769112E-17,-1.));
#1275 = ORIENTED_EDGE('',*,*,#1276,.T.);
#1276 = EDGE_CURVE('',#1269,#1206,#1277,.T.);
#1277 = LINE('',#1278,#1279);
#1278 = CARTESIAN_POINT('',(-1.65,-2.32,0.12));
#1279 = VECTOR('',#1280,1.);
#1280 = DIRECTION('',(0.,-1.,0.));
#1281 = ORIENTED_EDGE('',*,*,#1205,.T.);
#1282 = ORIENTED_EDGE('',*,*,#1243,.T.);
#1283 = ORIENTED_EDGE('',*,*,#1284,.T.);
#1284 = EDGE_CURVE('',#1236,#1261,#1285,.T.);
#1285 = CIRCLE('',#1286,0.22);
#1286 = AXIS2_PLACEMENT_3D('',#1287,#1288,#1289);
#1287 = CARTESIAN_POINT('',(-1.65,-2.32,0.22));
#1288 = DIRECTION('',(1.,0.,0.));
#1289 = DIRECTION('',(0.,0.,-1.));
#1290 = PLANE('',#1291);
#1291 = AXIS2_PLACEMENT_3D('',#1292,#1293,#1294);
#1292 = CARTESIAN_POINT('',(-1.65,-1.9,1.13));
#1293 = DIRECTION('',(1.,0.,-0.));
#1294 = DIRECTION('',(0.,0.,1.));
#1295 = ADVANCED_FACE('',(#1296),#1331,.F.);
#1296 = FACE_BOUND('',#1297,.T.);
#1297 = EDGE_LOOP('',(#1298,#1308,#1316,#1323,#1324,#1325));
#1298 = ORIENTED_EDGE('',*,*,#1299,.T.);
#1299 = EDGE_CURVE('',#1300,#1302,#1304,.T.);
#1300 = VERTEX_POINT('',#1301);
#1301 = CARTESIAN_POINT('',(-1.85,-2.4,0.12));
#1302 = VERTEX_POINT('',#1303);
#1303 = CARTESIAN_POINT('',(-1.85,-2.4,5.E-02));
#1304 = LINE('',#1305,#1306);
#1305 = CARTESIAN_POINT('',(-1.85,-2.4,1.13));
#1306 = VECTOR('',#1307,1.);
#1307 = DIRECTION('',(0.,-6.123031769112E-17,-1.));
#1308 = ORIENTED_EDGE('',*,*,#1309,.T.);
#1309 = EDGE_CURVE('',#1302,#1310,#1312,.T.);
#1310 = VERTEX_POINT('',#1311);
#1311 = CARTESIAN_POINT('',(-1.85,-2.180357599562,5.E-02));
#1312 = LINE('',#1313,#1314);
#1313 = CARTESIAN_POINT('',(-1.85,-1.9,5.E-02));
#1314 = VECTOR('',#1315,1.);
#1315 = DIRECTION('',(0.,1.,0.));
#1316 = ORIENTED_EDGE('',*,*,#1317,.F.);
#1317 = EDGE_CURVE('',#1228,#1310,#1318,.T.);
#1318 = CIRCLE('',#1319,0.22);
#1319 = AXIS2_PLACEMENT_3D('',#1320,#1321,#1322);
#1320 = CARTESIAN_POINT('',(-1.85,-2.32,0.22));
#1321 = DIRECTION('',(1.,0.,0.));
#1322 = DIRECTION('',(0.,0.,-1.));
#1323 = ORIENTED_EDGE('',*,*,#1227,.F.);
#1324 = ORIENTED_EDGE('',*,*,#1187,.F.);
#1325 = ORIENTED_EDGE('',*,*,#1326,.F.);
#1326 = EDGE_CURVE('',#1300,#1188,#1327,.T.);
#1327 = LINE('',#1328,#1329);
#1328 = CARTESIAN_POINT('',(-1.85,-2.32,0.12));
#1329 = VECTOR('',#1330,1.);
#1330 = DIRECTION('',(0.,-1.,0.));
#1331 = PLANE('',#1332);
#1332 = AXIS2_PLACEMENT_3D('',#1333,#1334,#1335);
#1333 = CARTESIAN_POINT('',(-1.85,-1.9,1.13));
#1334 = DIRECTION('',(1.,0.,-0.));
#1335 = DIRECTION('',(0.,0.,1.));
#1336 = ADVANCED_FACE('',(#1337),#1348,.T.);
#1337 = FACE_BOUND('',#1338,.T.);
#1338 = EDGE_LOOP('',(#1339,#1340,#1346,#1347));
#1339 = ORIENTED_EDGE('',*,*,#1317,.T.);
#1340 = ORIENTED_EDGE('',*,*,#1341,.T.);
#1341 = EDGE_CURVE('',#1310,#1261,#1342,.T.);
#1342 = LINE('',#1343,#1344);
#1343 = CARTESIAN_POINT('',(-1.65,-2.180357599562,5.E-02));
#1344 = VECTOR('',#1345,1.);
#1345 = DIRECTION('',(1.,-0.,-0.));
#1346 = ORIENTED_EDGE('',*,*,#1284,.F.);
#1347 = ORIENTED_EDGE('',*,*,#1235,.T.);
#1348 = CYLINDRICAL_SURFACE('',#1349,0.22);
#1349 = AXIS2_PLACEMENT_3D('',#1350,#1351,#1352);
#1350 = CARTESIAN_POINT('',(-1.65,-2.32,0.22));
#1351 = DIRECTION('',(-1.,0.,0.));
#1352 = DIRECTION('',(0.,0.,-1.));
#1353 = ADVANCED_FACE('',(#1354),#1365,.F.);
#1354 = FACE_BOUND('',#1355,.T.);
#1355 = EDGE_LOOP('',(#1356,#1357,#1363,#1364));
#1356 = ORIENTED_EDGE('',*,*,#1276,.F.);
#1357 = ORIENTED_EDGE('',*,*,#1358,.T.);
#1358 = EDGE_CURVE('',#1269,#1300,#1359,.T.);
#1359 = LINE('',#1360,#1361);
#1360 = CARTESIAN_POINT('',(-1.65,-2.4,0.12));
#1361 = VECTOR('',#1362,1.);
#1362 = DIRECTION('',(-1.,3.061515884556E-17,0.));
#1363 = ORIENTED_EDGE('',*,*,#1326,.T.);
#1364 = ORIENTED_EDGE('',*,*,#1213,.F.);
#1365 = PLANE('',#1366);
#1366 = AXIS2_PLACEMENT_3D('',#1367,#1368,#1369);
#1367 = CARTESIAN_POINT('',(-1.65,-2.32,0.12));
#1368 = DIRECTION('',(0.,0.,-1.));
#1369 = DIRECTION('',(0.,1.,0.));
#1370 = ADVANCED_FACE('',(#1371),#1415,.T.);
#1371 = FACE_BOUND('',#1372,.T.);
#1372 = EDGE_LOOP('',(#1373,#1383,#1392,#1400,#1409));
#1373 = ORIENTED_EDGE('',*,*,#1374,.F.);
#1374 = EDGE_CURVE('',#1375,#1377,#1379,.T.);
#1375 = VERTEX_POINT('',#1376);
#1376 = CARTESIAN_POINT('',(-1.65,-1.,0.873988949953));
#1377 = VERTEX_POINT('',#1378);
#1378 = CARTESIAN_POINT('',(-1.65,-1.,1.091428571429));
#1379 = LINE('',#1380,#1381);
#1380 = CARTESIAN_POINT('',(-1.65,-1.,1.13));
#1381 = VECTOR('',#1382,1.);
#1382 = DIRECTION('',(0.,6.123031769112E-17,1.));
#1383 = ORIENTED_EDGE('',*,*,#1384,.T.);
#1384 = EDGE_CURVE('',#1375,#1385,#1387,.T.);
#1385 = VERTEX_POINT('',#1386);
#1386 = CARTESIAN_POINT('',(-1.65,-0.99330699074,0.879142217349));
#1387 = CIRCLE('',#1388,0.2);
#1388 = AXIS2_PLACEMENT_3D('',#1389,#1390,#1391);
#1389 = CARTESIAN_POINT('',(-1.65,-0.87466718313,0.718131049879));
#1390 = DIRECTION('',(-1.,0.,0.));
#1391 = DIRECTION('',(0.,-0.988715504225,0.149805379428));
#1392 = ORIENTED_EDGE('',*,*,#1393,.T.);
#1393 = EDGE_CURVE('',#1385,#1394,#1396,.T.);
#1394 = VERTEX_POINT('',#1395);
#1395 = CARTESIAN_POINT('',(-1.65,-0.989501892653,0.881945973835));
#1396 = LINE('',#1397,#1398);
#1397 = CARTESIAN_POINT('',(-1.65,-0.99330699074,0.879142217349));
#1398 = VECTOR('',#1399,1.);
#1399 = DIRECTION('',(0.,0.805055837353,0.59319903805));
#1400 = ORIENTED_EDGE('',*,*,#1401,.T.);
#1401 = EDGE_CURVE('',#1394,#1402,#1404,.T.);
#1402 = VERTEX_POINT('',#1403);
#1403 = CARTESIAN_POINT('',(-1.65,-0.970376573854,1.057573227262));
#1404 = CIRCLE('',#1405,0.12);
#1405 = AXIS2_PLACEMENT_3D('',#1406,#1407,#1408);
#1406 = CARTESIAN_POINT('',(-1.65,-1.060685777219,0.978552674317));
#1407 = DIRECTION('',(1.,0.,0.));
#1408 = DIRECTION('',(0.,0.59319903805,-0.805055837353));
#1409 = ORIENTED_EDGE('',*,*,#1410,.T.);
#1410 = EDGE_CURVE('',#1402,#1377,#1411,.T.);
#1411 = LINE('',#1412,#1413);
#1412 = CARTESIAN_POINT('',(-1.65,-0.970376573854,1.057573227262));
#1413 = VECTOR('',#1414,1.);
#1414 = DIRECTION('',(0.,-0.658504607869,0.752576694707));
#1415 = PLANE('',#1416);
#1416 = AXIS2_PLACEMENT_3D('',#1417,#1418,#1419);
#1417 = CARTESIAN_POINT('',(-1.65,-1.9,1.13));
#1418 = DIRECTION('',(1.,0.,-0.));
#1419 = DIRECTION('',(0.,0.,1.));
#1420 = ADVANCED_FACE('',(#1421),#1465,.F.);
#1421 = FACE_BOUND('',#1422,.T.);
#1422 = EDGE_LOOP('',(#1423,#1434,#1442,#1450,#1459));
#1423 = ORIENTED_EDGE('',*,*,#1424,.F.);
#1424 = EDGE_CURVE('',#1425,#1427,#1429,.T.);
#1425 = VERTEX_POINT('',#1426);
#1426 = CARTESIAN_POINT('',(-1.85,-1.,0.873988949953));
#1427 = VERTEX_POINT('',#1428);
#1428 = CARTESIAN_POINT('',(-1.85,-0.99330699074,0.879142217349));
#1429 = CIRCLE('',#1430,0.2);
#1430 = AXIS2_PLACEMENT_3D('',#1431,#1432,#1433);
#1431 = CARTESIAN_POINT('',(-1.85,-0.87466718313,0.718131049879));
#1432 = DIRECTION('',(-1.,0.,0.));
#1433 = DIRECTION('',(0.,-0.988715504225,0.149805379428));
#1434 = ORIENTED_EDGE('',*,*,#1435,.T.);
#1435 = EDGE_CURVE('',#1425,#1436,#1438,.T.);
#1436 = VERTEX_POINT('',#1437);
#1437 = CARTESIAN_POINT('',(-1.85,-1.,1.091428571429));
#1438 = LINE('',#1439,#1440);
#1439 = CARTESIAN_POINT('',(-1.85,-1.,1.13));
#1440 = VECTOR('',#1441,1.);
#1441 = DIRECTION('',(0.,6.123031769112E-17,1.));
#1442 = ORIENTED_EDGE('',*,*,#1443,.F.);
#1443 = EDGE_CURVE('',#1444,#1436,#1446,.T.);
#1444 = VERTEX_POINT('',#1445);
#1445 = CARTESIAN_POINT('',(-1.85,-0.970376573854,1.057573227262));
#1446 = LINE('',#1447,#1448);
#1447 = CARTESIAN_POINT('',(-1.85,-0.970376573854,1.057573227262));
#1448 = VECTOR('',#1449,1.);
#1449 = DIRECTION('',(0.,-0.658504607869,0.752576694707));
#1450 = ORIENTED_EDGE('',*,*,#1451,.F.);
#1451 = EDGE_CURVE('',#1452,#1444,#1454,.T.);
#1452 = VERTEX_POINT('',#1453);
#1453 = CARTESIAN_POINT('',(-1.85,-0.989501892653,0.881945973835));
#1454 = CIRCLE('',#1455,0.12);
#1455 = AXIS2_PLACEMENT_3D('',#1456,#1457,#1458);
#1456 = CARTESIAN_POINT('',(-1.85,-1.060685777219,0.978552674317));
#1457 = DIRECTION('',(1.,0.,0.));
#1458 = DIRECTION('',(0.,0.59319903805,-0.805055837353));
#1459 = ORIENTED_EDGE('',*,*,#1460,.F.);
#1460 = EDGE_CURVE('',#1427,#1452,#1461,.T.);
#1461 = LINE('',#1462,#1463);
#1462 = CARTESIAN_POINT('',(-1.85,-0.99330699074,0.879142217349));
#1463 = VECTOR('',#1464,1.);
#1464 = DIRECTION('',(0.,0.805055837353,0.59319903805));
#1465 = PLANE('',#1466);
#1466 = AXIS2_PLACEMENT_3D('',#1467,#1468,#1469);
#1467 = CARTESIAN_POINT('',(-1.85,-1.9,1.13));
#1468 = DIRECTION('',(1.,0.,-0.));
#1469 = DIRECTION('',(0.,0.,1.));
#1470 = ADVANCED_FACE('',(#1471),#1487,.F.);
#1471 = FACE_BOUND('',#1472,.F.);
#1472 = EDGE_LOOP('',(#1473,#1479,#1480,#1486));
#1473 = ORIENTED_EDGE('',*,*,#1474,.T.);
#1474 = EDGE_CURVE('',#1385,#1427,#1475,.T.);
#1475 = LINE('',#1476,#1477);
#1476 = CARTESIAN_POINT('',(-1.65,-0.99330699074,0.879142217349));
#1477 = VECTOR('',#1478,1.);
#1478 = DIRECTION('',(-1.,0.,0.));
#1479 = ORIENTED_EDGE('',*,*,#1424,.F.);
#1480 = ORIENTED_EDGE('',*,*,#1481,.F.);
#1481 = EDGE_CURVE('',#1375,#1425,#1482,.T.);
#1482 = LINE('',#1483,#1484);
#1483 = CARTESIAN_POINT('',(-1.65,-1.,0.873988949953));
#1484 = VECTOR('',#1485,1.);
#1485 = DIRECTION('',(-1.,0.,0.));
#1486 = ORIENTED_EDGE('',*,*,#1384,.T.);
#1487 = CYLINDRICAL_SURFACE('',#1488,0.2);
#1488 = AXIS2_PLACEMENT_3D('',#1489,#1490,#1491);
#1489 = CARTESIAN_POINT('',(-1.65,-0.87466718313,0.718131049879));
#1490 = DIRECTION('',(-1.,0.,0.));
#1491 = DIRECTION('',(0.,0.,-1.));
#1492 = ADVANCED_FACE('',(#1493),#1504,.F.);
#1493 = FACE_BOUND('',#1494,.T.);
#1494 = EDGE_LOOP('',(#1495,#1496,#1502,#1503));
#1495 = ORIENTED_EDGE('',*,*,#1460,.T.);
#1496 = ORIENTED_EDGE('',*,*,#1497,.F.);
#1497 = EDGE_CURVE('',#1394,#1452,#1498,.T.);
#1498 = LINE('',#1499,#1500);
#1499 = CARTESIAN_POINT('',(-1.65,-0.989501892653,0.881945973835));
#1500 = VECTOR('',#1501,1.);
#1501 = DIRECTION('',(-1.,0.,0.));
#1502 = ORIENTED_EDGE('',*,*,#1393,.F.);
#1503 = ORIENTED_EDGE('',*,*,#1474,.T.);
#1504 = PLANE('',#1505);
#1505 = AXIS2_PLACEMENT_3D('',#1506,#1507,#1508);
#1506 = CARTESIAN_POINT('',(-1.65,-0.99330699074,0.879142217349));
#1507 = DIRECTION('',(0.,-0.59319903805,0.805055837353));
#1508 = DIRECTION('',(0.,-0.805055837353,-0.59319903805));
#1509 = ADVANCED_FACE('',(#1510),#1521,.T.);
#1510 = FACE_BOUND('',#1511,.T.);
#1511 = EDGE_LOOP('',(#1512,#1513,#1519,#1520));
#1512 = ORIENTED_EDGE('',*,*,#1451,.T.);
#1513 = ORIENTED_EDGE('',*,*,#1514,.F.);
#1514 = EDGE_CURVE('',#1402,#1444,#1515,.T.);
#1515 = LINE('',#1516,#1517);
#1516 = CARTESIAN_POINT('',(-1.65,-0.970376573854,1.057573227262));
#1517 = VECTOR('',#1518,1.);
#1518 = DIRECTION('',(-1.,0.,0.));
#1519 = ORIENTED_EDGE('',*,*,#1401,.F.);
#1520 = ORIENTED_EDGE('',*,*,#1497,.T.);
#1521 = CYLINDRICAL_SURFACE('',#1522,0.12);
#1522 = AXIS2_PLACEMENT_3D('',#1523,#1524,#1525);
#1523 = CARTESIAN_POINT('',(-1.65,-1.060685777219,0.978552674317));
#1524 = DIRECTION('',(-1.,0.,0.));
#1525 = DIRECTION('',(0.,0.,-1.));
#1526 = ADVANCED_FACE('',(#1527),#1538,.F.);
#1527 = FACE_BOUND('',#1528,.T.);
#1528 = EDGE_LOOP('',(#1529,#1530,#1536,#1537));
#1529 = ORIENTED_EDGE('',*,*,#1443,.T.);
#1530 = ORIENTED_EDGE('',*,*,#1531,.T.);
#1531 = EDGE_CURVE('',#1436,#1377,#1532,.T.);
#1532 = LINE('',#1533,#1534);
#1533 = CARTESIAN_POINT('',(-1.65,-1.,1.091428571429));
#1534 = VECTOR('',#1535,1.);
#1535 = DIRECTION('',(1.,-3.061515884556E-17,3.498875296635E-17));
#1536 = ORIENTED_EDGE('',*,*,#1410,.F.);
#1537 = ORIENTED_EDGE('',*,*,#1514,.T.);
#1538 = PLANE('',#1539);
#1539 = AXIS2_PLACEMENT_3D('',#1540,#1541,#1542);
#1540 = CARTESIAN_POINT('',(-1.65,-0.970376573854,1.057573227262));
#1541 = DIRECTION('',(0.,-0.752576694707,-0.658504607869));
#1542 = DIRECTION('',(0.,0.658504607869,-0.752576694707));
#1543 = ADVANCED_FACE('',(#1544),#1578,.F.);
#1544 = FACE_BOUND('',#1545,.T.);
#1545 = EDGE_LOOP('',(#1546,#1556,#1564,#1572));
#1546 = ORIENTED_EDGE('',*,*,#1547,.F.);
#1547 = EDGE_CURVE('',#1548,#1550,#1552,.T.);
#1548 = VERTEX_POINT('',#1549);
#1549 = CARTESIAN_POINT('',(-1.85,1.9,1.35));
#1550 = VERTEX_POINT('',#1551);
#1551 = CARTESIAN_POINT('',(-1.85,2.,1.35));
#1552 = LINE('',#1553,#1554);
#1553 = CARTESIAN_POINT('',(-1.85,1.9,1.35));
#1554 = VECTOR('',#1555,1.);
#1555 = DIRECTION('',(0.,1.,0.));
#1556 = ORIENTED_EDGE('',*,*,#1557,.F.);
#1557 = EDGE_CURVE('',#1558,#1548,#1560,.T.);
#1558 = VERTEX_POINT('',#1559);
#1559 = CARTESIAN_POINT('',(-1.65,1.9,1.35));
#1560 = LINE('',#1561,#1562);
#1561 = CARTESIAN_POINT('',(-1.65,1.9,1.35));
#1562 = VECTOR('',#1563,1.);
#1563 = DIRECTION('',(-1.,0.,0.));
#1564 = ORIENTED_EDGE('',*,*,#1565,.T.);
#1565 = EDGE_CURVE('',#1558,#1566,#1568,.T.);
#1566 = VERTEX_POINT('',#1567);
#1567 = CARTESIAN_POINT('',(-1.65,2.,1.35));
#1568 = LINE('',#1569,#1570);
#1569 = CARTESIAN_POINT('',(-1.65,1.9,1.35));
#1570 = VECTOR('',#1571,1.);
#1571 = DIRECTION('',(0.,1.,0.));
#1572 = ORIENTED_EDGE('',*,*,#1573,.T.);
#1573 = EDGE_CURVE('',#1566,#1550,#1574,.T.);
#1574 = LINE('',#1575,#1576);
#1575 = CARTESIAN_POINT('',(-1.65,2.,1.35));
#1576 = VECTOR('',#1577,1.);
#1577 = DIRECTION('',(-1.,0.,0.));
#1578 = PLANE('',#1579);
#1579 = AXIS2_PLACEMENT_3D('',#1580,#1581,#1582);
#1580 = CARTESIAN_POINT('',(-1.65,1.9,1.35));
#1581 = DIRECTION('',(0.,0.,-1.));
#1582 = DIRECTION('',(0.,-1.,0.));
#1583 = ADVANCED_FACE('',(#1584),#1611,.F.);
#1584 = FACE_BOUND('',#1585,.T.);
#1585 = EDGE_LOOP('',(#1586,#1595,#1603,#1610));
#1586 = ORIENTED_EDGE('',*,*,#1587,.T.);
#1587 = EDGE_CURVE('',#1550,#1588,#1590,.T.);
#1588 = VERTEX_POINT('',#1589);
#1589 = CARTESIAN_POINT('',(-1.85,2.139642400438,1.3));
#1590 = CIRCLE('',#1591,0.22);
#1591 = AXIS2_PLACEMENT_3D('',#1592,#1593,#1594);
#1592 = CARTESIAN_POINT('',(-1.85,2.,1.13));
#1593 = DIRECTION('',(-1.,0.,0.));
#1594 = DIRECTION('',(0.,0.,1.));
#1595 = ORIENTED_EDGE('',*,*,#1596,.T.);
#1596 = EDGE_CURVE('',#1588,#1597,#1599,.T.);
#1597 = VERTEX_POINT('',#1598);
#1598 = CARTESIAN_POINT('',(-1.85,1.760357599562,1.3));
#1599 = LINE('',#1600,#1601);
#1600 = CARTESIAN_POINT('',(-1.85,1.9,1.3));
#1601 = VECTOR('',#1602,1.);
#1602 = DIRECTION('',(0.,-1.,0.));
#1603 = ORIENTED_EDGE('',*,*,#1604,.T.);
#1604 = EDGE_CURVE('',#1597,#1548,#1605,.T.);
#1605 = CIRCLE('',#1606,0.22);
#1606 = AXIS2_PLACEMENT_3D('',#1607,#1608,#1609);
#1607 = CARTESIAN_POINT('',(-1.85,1.9,1.13));
#1608 = DIRECTION('',(-1.,0.,0.));
#1609 = DIRECTION('',(0.,-1.,0.));
#1610 = ORIENTED_EDGE('',*,*,#1547,.T.);
#1611 = PLANE('',#1612);
#1612 = AXIS2_PLACEMENT_3D('',#1613,#1614,#1615);
#1613 = CARTESIAN_POINT('',(-1.85,1.9,1.13));
#1614 = DIRECTION('',(1.,0.,-0.));
#1615 = DIRECTION('',(0.,0.,1.));
#1616 = ADVANCED_FACE('',(#1617),#1644,.T.);
#1617 = FACE_BOUND('',#1618,.T.);
#1618 = EDGE_LOOP('',(#1619,#1629,#1636,#1637));
#1619 = ORIENTED_EDGE('',*,*,#1620,.F.);
#1620 = EDGE_CURVE('',#1621,#1623,#1625,.T.);
#1621 = VERTEX_POINT('',#1622);
#1622 = CARTESIAN_POINT('',(-1.65,2.139642400438,1.3));
#1623 = VERTEX_POINT('',#1624);
#1624 = CARTESIAN_POINT('',(-1.65,1.760357599562,1.3));
#1625 = LINE('',#1626,#1627);
#1626 = CARTESIAN_POINT('',(-1.65,1.9,1.3));
#1627 = VECTOR('',#1628,1.);
#1628 = DIRECTION('',(0.,-1.,0.));
#1629 = ORIENTED_EDGE('',*,*,#1630,.F.);
#1630 = EDGE_CURVE('',#1566,#1621,#1631,.T.);
#1631 = CIRCLE('',#1632,0.22);
#1632 = AXIS2_PLACEMENT_3D('',#1633,#1634,#1635);
#1633 = CARTESIAN_POINT('',(-1.65,2.,1.13));
#1634 = DIRECTION('',(-1.,0.,0.));
#1635 = DIRECTION('',(0.,0.,1.));
#1636 = ORIENTED_EDGE('',*,*,#1565,.F.);
#1637 = ORIENTED_EDGE('',*,*,#1638,.F.);
#1638 = EDGE_CURVE('',#1623,#1558,#1639,.T.);
#1639 = CIRCLE('',#1640,0.22);
#1640 = AXIS2_PLACEMENT_3D('',#1641,#1642,#1643);
#1641 = CARTESIAN_POINT('',(-1.65,1.9,1.13));
#1642 = DIRECTION('',(-1.,0.,0.));
#1643 = DIRECTION('',(0.,-1.,0.));
#1644 = PLANE('',#1645);
#1645 = AXIS2_PLACEMENT_3D('',#1646,#1647,#1648);
#1646 = CARTESIAN_POINT('',(-1.65,1.9,1.13));
#1647 = DIRECTION('',(1.,0.,-0.));
#1648 = DIRECTION('',(0.,0.,1.));
#1649 = ADVANCED_FACE('',(#1650),#1661,.T.);
#1650 = FACE_BOUND('',#1651,.T.);
#1651 = EDGE_LOOP('',(#1652,#1653,#1659,#1660));
#1652 = ORIENTED_EDGE('',*,*,#1630,.T.);
#1653 = ORIENTED_EDGE('',*,*,#1654,.T.);
#1654 = EDGE_CURVE('',#1621,#1588,#1655,.T.);
#1655 = LINE('',#1656,#1657);
#1656 = CARTESIAN_POINT('',(-1.65,2.139642400438,1.3));
#1657 = VECTOR('',#1658,1.);
#1658 = DIRECTION('',(-1.,0.,0.));
#1659 = ORIENTED_EDGE('',*,*,#1587,.F.);
#1660 = ORIENTED_EDGE('',*,*,#1573,.F.);
#1661 = CYLINDRICAL_SURFACE('',#1662,0.22);
#1662 = AXIS2_PLACEMENT_3D('',#1663,#1664,#1665);
#1663 = CARTESIAN_POINT('',(-1.65,2.,1.13));
#1664 = DIRECTION('',(-1.,0.,0.));
#1665 = DIRECTION('',(0.,0.,-1.));
#1666 = ADVANCED_FACE('',(#1667),#1678,.T.);
#1667 = FACE_BOUND('',#1668,.T.);
#1668 = EDGE_LOOP('',(#1669,#1670,#1676,#1677));
#1669 = ORIENTED_EDGE('',*,*,#1604,.F.);
#1670 = ORIENTED_EDGE('',*,*,#1671,.T.);
#1671 = EDGE_CURVE('',#1597,#1623,#1672,.T.);
#1672 = LINE('',#1673,#1674);
#1673 = CARTESIAN_POINT('',(-1.65,1.760357599562,1.3));
#1674 = VECTOR('',#1675,1.);
#1675 = DIRECTION('',(1.,-0.,-0.));
#1676 = ORIENTED_EDGE('',*,*,#1638,.T.);
#1677 = ORIENTED_EDGE('',*,*,#1557,.T.);
#1678 = CYLINDRICAL_SURFACE('',#1679,0.22);
#1679 = AXIS2_PLACEMENT_3D('',#1680,#1681,#1682);
#1680 = CARTESIAN_POINT('',(-1.65,1.9,1.13));
#1681 = DIRECTION('',(-1.,0.,0.));
#1682 = DIRECTION('',(0.,0.,-1.));
#1683 = ADVANCED_FACE('',(#1684),#1718,.F.);
#1684 = FACE_BOUND('',#1685,.T.);
#1685 = EDGE_LOOP('',(#1686,#1696,#1704,#1712));
#1686 = ORIENTED_EDGE('',*,*,#1687,.F.);
#1687 = EDGE_CURVE('',#1688,#1690,#1692,.T.);
#1688 = VERTEX_POINT('',#1689);
#1689 = CARTESIAN_POINT('',(-1.85,2.9,-1.212951180468E-15));
#1690 = VERTEX_POINT('',#1691);
#1691 = CARTESIAN_POINT('',(-1.85,2.32,8.809142651445E-17));
#1692 = LINE('',#1693,#1694);
#1693 = CARTESIAN_POINT('',(-1.85,2.9,8.809142651445E-17));
#1694 = VECTOR('',#1695,1.);
#1695 = DIRECTION('',(0.,-1.,0.));
#1696 = ORIENTED_EDGE('',*,*,#1697,.F.);
#1697 = EDGE_CURVE('',#1698,#1688,#1700,.T.);
#1698 = VERTEX_POINT('',#1699);
#1699 = CARTESIAN_POINT('',(-1.65,2.9,-1.212951180468E-15));
#1700 = LINE('',#1701,#1702);
#1701 = CARTESIAN_POINT('',(-1.65,2.9,-1.212951180468E-15));
#1702 = VECTOR('',#1703,1.);
#1703 = DIRECTION('',(-1.,0.,0.));
#1704 = ORIENTED_EDGE('',*,*,#1705,.T.);
#1705 = EDGE_CURVE('',#1698,#1706,#1708,.T.);
#1706 = VERTEX_POINT('',#1707);
#1707 = CARTESIAN_POINT('',(-1.65,2.32,8.809142651445E-17));
#1708 = LINE('',#1709,#1710);
#1709 = CARTESIAN_POINT('',(-1.65,2.9,8.809142651445E-17));
#1710 = VECTOR('',#1711,1.);
#1711 = DIRECTION('',(0.,-1.,0.));
#1712 = ORIENTED_EDGE('',*,*,#1713,.T.);
#1713 = EDGE_CURVE('',#1706,#1690,#1714,.T.);
#1714 = LINE('',#1715,#1716);
#1715 = CARTESIAN_POINT('',(-1.65,2.32,8.809142651445E-17));
#1716 = VECTOR('',#1717,1.);
#1717 = DIRECTION('',(-1.,0.,0.));
#1718 = PLANE('',#1719);
#1719 = AXIS2_PLACEMENT_3D('',#1720,#1721,#1722);
#1720 = CARTESIAN_POINT('',(-1.65,2.9,8.809142651445E-17));
#1721 = DIRECTION('',(0.,-0.,1.));
#1722 = DIRECTION('',(0.,1.,0.));
#1723 = ADVANCED_FACE('',(#1724),#1749,.F.);
#1724 = FACE_BOUND('',#1725,.T.);
#1725 = EDGE_LOOP('',(#1726,#1734,#1742,#1748));
#1726 = ORIENTED_EDGE('',*,*,#1727,.F.);
#1727 = EDGE_CURVE('',#1728,#1688,#1730,.T.);
#1728 = VERTEX_POINT('',#1729);
#1729 = CARTESIAN_POINT('',(-1.85,2.9,0.12));
#1730 = LINE('',#1731,#1732);
#1731 = CARTESIAN_POINT('',(-1.85,2.9,0.12));
#1732 = VECTOR('',#1733,1.);
#1733 = DIRECTION('',(0.,6.123031769112E-17,-1.));
#1734 = ORIENTED_EDGE('',*,*,#1735,.F.);
#1735 = EDGE_CURVE('',#1736,#1728,#1738,.T.);
#1736 = VERTEX_POINT('',#1737);
#1737 = CARTESIAN_POINT('',(-1.65,2.9,0.12));
#1738 = LINE('',#1739,#1740);
#1739 = CARTESIAN_POINT('',(-1.65,2.9,0.12));
#1740 = VECTOR('',#1741,1.);
#1741 = DIRECTION('',(-1.,0.,0.));
#1742 = ORIENTED_EDGE('',*,*,#1743,.T.);
#1743 = EDGE_CURVE('',#1736,#1698,#1744,.T.);
#1744 = LINE('',#1745,#1746);
#1745 = CARTESIAN_POINT('',(-1.65,2.9,0.12));
#1746 = VECTOR('',#1747,1.);
#1747 = DIRECTION('',(0.,6.123031769112E-17,-1.));
#1748 = ORIENTED_EDGE('',*,*,#1697,.T.);
#1749 = PLANE('',#1750);
#1750 = AXIS2_PLACEMENT_3D('',#1751,#1752,#1753);
#1751 = CARTESIAN_POINT('',(-1.65,2.9,0.12));
#1752 = DIRECTION('',(0.,-1.,-6.123031769112E-17));
#1753 = DIRECTION('',(0.,-6.123031769112E-17,1.));
#1754 = ADVANCED_FACE('',(#1755),#1790,.F.);
#1755 = FACE_BOUND('',#1756,.T.);
#1756 = EDGE_LOOP('',(#1757,#1766,#1774,#1782,#1788,#1789));
#1757 = ORIENTED_EDGE('',*,*,#1758,.T.);
#1758 = EDGE_CURVE('',#1690,#1759,#1761,.T.);
#1759 = VERTEX_POINT('',#1760);
#1760 = CARTESIAN_POINT('',(-1.85,2.180357599562,5.E-02));
#1761 = CIRCLE('',#1762,0.22);
#1762 = AXIS2_PLACEMENT_3D('',#1763,#1764,#1765);
#1763 = CARTESIAN_POINT('',(-1.85,2.32,0.22));
#1764 = DIRECTION('',(-1.,0.,0.));
#1765 = DIRECTION('',(0.,0.,-1.));
#1766 = ORIENTED_EDGE('',*,*,#1767,.T.);
#1767 = EDGE_CURVE('',#1759,#1768,#1770,.T.);
#1768 = VERTEX_POINT('',#1769);
#1769 = CARTESIAN_POINT('',(-1.85,2.4,5.E-02));
#1770 = LINE('',#1771,#1772);
#1771 = CARTESIAN_POINT('',(-1.85,1.9,5.E-02));
#1772 = VECTOR('',#1773,1.);
#1773 = DIRECTION('',(0.,1.,0.));
#1774 = ORIENTED_EDGE('',*,*,#1775,.T.);
#1775 = EDGE_CURVE('',#1768,#1776,#1778,.T.);
#1776 = VERTEX_POINT('',#1777);
#1777 = CARTESIAN_POINT('',(-1.85,2.4,0.12));
#1778 = LINE('',#1779,#1780);
#1779 = CARTESIAN_POINT('',(-1.85,2.4,1.13));
#1780 = VECTOR('',#1781,1.);
#1781 = DIRECTION('',(0.,-6.123031769112E-17,1.));
#1782 = ORIENTED_EDGE('',*,*,#1783,.T.);
#1783 = EDGE_CURVE('',#1776,#1728,#1784,.T.);
#1784 = LINE('',#1785,#1786);
#1785 = CARTESIAN_POINT('',(-1.85,2.32,0.12));
#1786 = VECTOR('',#1787,1.);
#1787 = DIRECTION('',(0.,1.,0.));
#1788 = ORIENTED_EDGE('',*,*,#1727,.T.);
#1789 = ORIENTED_EDGE('',*,*,#1687,.T.);
#1790 = PLANE('',#1791);
#1791 = AXIS2_PLACEMENT_3D('',#1792,#1793,#1794);
#1792 = CARTESIAN_POINT('',(-1.85,1.9,1.13));
#1793 = DIRECTION('',(1.,0.,-0.));
#1794 = DIRECTION('',(0.,0.,1.));
#1795 = ADVANCED_FACE('',(#1796),#1831,.T.);
#1796 = FACE_BOUND('',#1797,.T.);
#1797 = EDGE_LOOP('',(#1798,#1808,#1815,#1816,#1817,#1825));
#1798 = ORIENTED_EDGE('',*,*,#1799,.F.);
#1799 = EDGE_CURVE('',#1800,#1802,#1804,.T.);
#1800 = VERTEX_POINT('',#1801);
#1801 = CARTESIAN_POINT('',(-1.65,2.180357599562,5.E-02));
#1802 = VERTEX_POINT('',#1803);
#1803 = CARTESIAN_POINT('',(-1.65,2.4,5.E-02));
#1804 = LINE('',#1805,#1806);
#1805 = CARTESIAN_POINT('',(-1.65,1.9,5.E-02));
#1806 = VECTOR('',#1807,1.);
#1807 = DIRECTION('',(0.,1.,0.));
#1808 = ORIENTED_EDGE('',*,*,#1809,.F.);
#1809 = EDGE_CURVE('',#1706,#1800,#1810,.T.);
#1810 = CIRCLE('',#1811,0.22);
#1811 = AXIS2_PLACEMENT_3D('',#1812,#1813,#1814);
#1812 = CARTESIAN_POINT('',(-1.65,2.32,0.22));
#1813 = DIRECTION('',(-1.,0.,0.));
#1814 = DIRECTION('',(0.,0.,-1.));
#1815 = ORIENTED_EDGE('',*,*,#1705,.F.);
#1816 = ORIENTED_EDGE('',*,*,#1743,.F.);
#1817 = ORIENTED_EDGE('',*,*,#1818,.F.);
#1818 = EDGE_CURVE('',#1819,#1736,#1821,.T.);
#1819 = VERTEX_POINT('',#1820);
#1820 = CARTESIAN_POINT('',(-1.65,2.4,0.12));
#1821 = LINE('',#1822,#1823);
#1822 = CARTESIAN_POINT('',(-1.65,2.32,0.12));
#1823 = VECTOR('',#1824,1.);
#1824 = DIRECTION('',(0.,1.,0.));
#1825 = ORIENTED_EDGE('',*,*,#1826,.F.);
#1826 = EDGE_CURVE('',#1802,#1819,#1827,.T.);
#1827 = LINE('',#1828,#1829);
#1828 = CARTESIAN_POINT('',(-1.65,2.4,1.13));
#1829 = VECTOR('',#1830,1.);
#1830 = DIRECTION('',(0.,-6.123031769112E-17,1.));
#1831 = PLANE('',#1832);
#1832 = AXIS2_PLACEMENT_3D('',#1833,#1834,#1835);
#1833 = CARTESIAN_POINT('',(-1.65,1.9,1.13));
#1834 = DIRECTION('',(1.,0.,-0.));
#1835 = DIRECTION('',(0.,0.,1.));
#1836 = ADVANCED_FACE('',(#1837),#1848,.T.);
#1837 = FACE_BOUND('',#1838,.T.);
#1838 = EDGE_LOOP('',(#1839,#1840,#1846,#1847));
#1839 = ORIENTED_EDGE('',*,*,#1809,.T.);
#1840 = ORIENTED_EDGE('',*,*,#1841,.T.);
#1841 = EDGE_CURVE('',#1800,#1759,#1842,.T.);
#1842 = LINE('',#1843,#1844);
#1843 = CARTESIAN_POINT('',(-1.65,2.180357599562,5.E-02));
#1844 = VECTOR('',#1845,1.);
#1845 = DIRECTION('',(-1.,0.,0.));
#1846 = ORIENTED_EDGE('',*,*,#1758,.F.);
#1847 = ORIENTED_EDGE('',*,*,#1713,.F.);
#1848 = CYLINDRICAL_SURFACE('',#1849,0.22);
#1849 = AXIS2_PLACEMENT_3D('',#1850,#1851,#1852);
#1850 = CARTESIAN_POINT('',(-1.65,2.32,0.22));
#1851 = DIRECTION('',(-1.,0.,0.));
#1852 = DIRECTION('',(0.,0.,-1.));
#1853 = ADVANCED_FACE('',(#1854),#1865,.F.);
#1854 = FACE_BOUND('',#1855,.T.);
#1855 = EDGE_LOOP('',(#1856,#1857,#1863,#1864));
#1856 = ORIENTED_EDGE('',*,*,#1783,.F.);
#1857 = ORIENTED_EDGE('',*,*,#1858,.T.);
#1858 = EDGE_CURVE('',#1776,#1819,#1859,.T.);
#1859 = LINE('',#1860,#1861);
#1860 = CARTESIAN_POINT('',(-1.65,2.4,0.12));
#1861 = VECTOR('',#1862,1.);
#1862 = DIRECTION('',(1.,3.061515884556E-17,0.));
#1863 = ORIENTED_EDGE('',*,*,#1818,.T.);
#1864 = ORIENTED_EDGE('',*,*,#1735,.T.);
#1865 = PLANE('',#1866);
#1866 = AXIS2_PLACEMENT_3D('',#1867,#1868,#1869);
#1867 = CARTESIAN_POINT('',(-1.65,2.32,0.12));
#1868 = DIRECTION('',(0.,0.,-1.));
#1869 = DIRECTION('',(0.,-1.,0.));
#1870 = ADVANCED_FACE('',(#1871),#1915,.T.);
#1871 = FACE_BOUND('',#1872,.T.);
#1872 = EDGE_LOOP('',(#1873,#1883,#1891,#1900,#1908));
#1873 = ORIENTED_EDGE('',*,*,#1874,.F.);
#1874 = EDGE_CURVE('',#1875,#1877,#1879,.T.);
#1875 = VERTEX_POINT('',#1876);
#1876 = CARTESIAN_POINT('',(-1.65,1.,1.091428571429));
#1877 = VERTEX_POINT('',#1878);
#1878 = CARTESIAN_POINT('',(-1.65,1.,0.873988949953));
#1879 = LINE('',#1880,#1881);
#1880 = CARTESIAN_POINT('',(-1.65,1.,1.13));
#1881 = VECTOR('',#1882,1.);
#1882 = DIRECTION('',(0.,6.123031769112E-17,-1.));
#1883 = ORIENTED_EDGE('',*,*,#1884,.F.);
#1884 = EDGE_CURVE('',#1885,#1875,#1887,.T.);
#1885 = VERTEX_POINT('',#1886);
#1886 = CARTESIAN_POINT('',(-1.65,0.970376573854,1.057573227262));
#1887 = LINE('',#1888,#1889);
#1888 = CARTESIAN_POINT('',(-1.65,0.970376573854,1.057573227262));
#1889 = VECTOR('',#1890,1.);
#1890 = DIRECTION('',(0.,0.658504607869,0.752576694707));
#1891 = ORIENTED_EDGE('',*,*,#1892,.F.);
#1892 = EDGE_CURVE('',#1893,#1885,#1895,.T.);
#1893 = VERTEX_POINT('',#1894);
#1894 = CARTESIAN_POINT('',(-1.65,0.989501892653,0.881945973835));
#1895 = CIRCLE('',#1896,0.12);
#1896 = AXIS2_PLACEMENT_3D('',#1897,#1898,#1899);
#1897 = CARTESIAN_POINT('',(-1.65,1.060685777219,0.978552674317));
#1898 = DIRECTION('',(-1.,0.,0.));
#1899 = DIRECTION('',(-0.,-0.59319903805,-0.805055837353));
#1900 = ORIENTED_EDGE('',*,*,#1901,.F.);
#1901 = EDGE_CURVE('',#1902,#1893,#1904,.T.);
#1902 = VERTEX_POINT('',#1903);
#1903 = CARTESIAN_POINT('',(-1.65,0.99330699074,0.879142217349));
#1904 = LINE('',#1905,#1906);
#1905 = CARTESIAN_POINT('',(-1.65,0.99330699074,0.879142217349));
#1906 = VECTOR('',#1907,1.);
#1907 = DIRECTION('',(0.,-0.805055837353,0.59319903805));
#1908 = ORIENTED_EDGE('',*,*,#1909,.F.);
#1909 = EDGE_CURVE('',#1877,#1902,#1910,.T.);
#1910 = CIRCLE('',#1911,0.2);
#1911 = AXIS2_PLACEMENT_3D('',#1912,#1913,#1914);
#1912 = CARTESIAN_POINT('',(-1.65,0.87466718313,0.718131049879));
#1913 = DIRECTION('',(1.,0.,0.));
#1914 = DIRECTION('',(-0.,0.988715504225,0.149805379428));
#1915 = PLANE('',#1916);
#1916 = AXIS2_PLACEMENT_3D('',#1917,#1918,#1919);
#1917 = CARTESIAN_POINT('',(-1.65,1.9,1.13));
#1918 = DIRECTION('',(1.,0.,-0.));
#1919 = DIRECTION('',(0.,0.,1.));
#1920 = ADVANCED_FACE('',(#1921),#1965,.F.);
#1921 = FACE_BOUND('',#1922,.T.);
#1922 = EDGE_LOOP('',(#1923,#1933,#1941,#1950,#1958));
#1923 = ORIENTED_EDGE('',*,*,#1924,.T.);
#1924 = EDGE_CURVE('',#1925,#1927,#1929,.T.);
#1925 = VERTEX_POINT('',#1926);
#1926 = CARTESIAN_POINT('',(-1.85,0.970376573854,1.057573227262));
#1927 = VERTEX_POINT('',#1928);
#1928 = CARTESIAN_POINT('',(-1.85,1.,1.091428571429));
#1929 = LINE('',#1930,#1931);
#1930 = CARTESIAN_POINT('',(-1.85,0.970376573854,1.057573227262));
#1931 = VECTOR('',#1932,1.);
#1932 = DIRECTION('',(0.,0.658504607869,0.752576694707));
#1933 = ORIENTED_EDGE('',*,*,#1934,.T.);
#1934 = EDGE_CURVE('',#1927,#1935,#1937,.T.);
#1935 = VERTEX_POINT('',#1936);
#1936 = CARTESIAN_POINT('',(-1.85,1.,0.873988949953));
#1937 = LINE('',#1938,#1939);
#1938 = CARTESIAN_POINT('',(-1.85,1.,1.13));
#1939 = VECTOR('',#1940,1.);
#1940 = DIRECTION('',(0.,6.123031769112E-17,-1.));
#1941 = ORIENTED_EDGE('',*,*,#1942,.T.);
#1942 = EDGE_CURVE('',#1935,#1943,#1945,.T.);
#1943 = VERTEX_POINT('',#1944);
#1944 = CARTESIAN_POINT('',(-1.85,0.99330699074,0.879142217349));
#1945 = CIRCLE('',#1946,0.2);
#1946 = AXIS2_PLACEMENT_3D('',#1947,#1948,#1949);
#1947 = CARTESIAN_POINT('',(-1.85,0.87466718313,0.718131049879));
#1948 = DIRECTION('',(1.,0.,0.));
#1949 = DIRECTION('',(-0.,0.988715504225,0.149805379428));
#1950 = ORIENTED_EDGE('',*,*,#1951,.T.);
#1951 = EDGE_CURVE('',#1943,#1952,#1954,.T.);
#1952 = VERTEX_POINT('',#1953);
#1953 = CARTESIAN_POINT('',(-1.85,0.989501892653,0.881945973835));
#1954 = LINE('',#1955,#1956);
#1955 = CARTESIAN_POINT('',(-1.85,0.99330699074,0.879142217349));
#1956 = VECTOR('',#1957,1.);
#1957 = DIRECTION('',(0.,-0.805055837353,0.59319903805));
#1958 = ORIENTED_EDGE('',*,*,#1959,.T.);
#1959 = EDGE_CURVE('',#1952,#1925,#1960,.T.);
#1960 = CIRCLE('',#1961,0.12);
#1961 = AXIS2_PLACEMENT_3D('',#1962,#1963,#1964);
#1962 = CARTESIAN_POINT('',(-1.85,1.060685777219,0.978552674317));
#1963 = DIRECTION('',(-1.,0.,0.));
#1964 = DIRECTION('',(-0.,-0.59319903805,-0.805055837353));
#1965 = PLANE('',#1966);
#1966 = AXIS2_PLACEMENT_3D('',#1967,#1968,#1969);
#1967 = CARTESIAN_POINT('',(-1.85,1.9,1.13));
#1968 = DIRECTION('',(1.,0.,-0.));
#1969 = DIRECTION('',(0.,0.,1.));
#1970 = ADVANCED_FACE('',(#1971),#1987,.F.);
#1971 = FACE_BOUND('',#1972,.F.);
#1972 = EDGE_LOOP('',(#1973,#1979,#1980,#1986));
#1973 = ORIENTED_EDGE('',*,*,#1974,.F.);
#1974 = EDGE_CURVE('',#1902,#1943,#1975,.T.);
#1975 = LINE('',#1976,#1977);
#1976 = CARTESIAN_POINT('',(-1.65,0.99330699074,0.879142217349));
#1977 = VECTOR('',#1978,1.);
#1978 = DIRECTION('',(-1.,0.,0.));
#1979 = ORIENTED_EDGE('',*,*,#1909,.F.);
#1980 = ORIENTED_EDGE('',*,*,#1981,.F.);
#1981 = EDGE_CURVE('',#1935,#1877,#1982,.T.);
#1982 = LINE('',#1983,#1984);
#1983 = CARTESIAN_POINT('',(-1.65,1.,0.873988949953));
#1984 = VECTOR('',#1985,1.);
#1985 = DIRECTION('',(1.,-0.,-0.));
#1986 = ORIENTED_EDGE('',*,*,#1942,.T.);
#1987 = CYLINDRICAL_SURFACE('',#1988,0.2);
#1988 = AXIS2_PLACEMENT_3D('',#1989,#1990,#1991);
#1989 = CARTESIAN_POINT('',(-1.65,0.87466718313,0.718131049879));
#1990 = DIRECTION('',(-1.,0.,0.));
#1991 = DIRECTION('',(0.,0.,-1.));
#1992 = ADVANCED_FACE('',(#1993),#2004,.F.);
#1993 = FACE_BOUND('',#1994,.T.);
#1994 = EDGE_LOOP('',(#1995,#1996,#1997,#1998));
#1995 = ORIENTED_EDGE('',*,*,#1951,.F.);
#1996 = ORIENTED_EDGE('',*,*,#1974,.F.);
#1997 = ORIENTED_EDGE('',*,*,#1901,.T.);
#1998 = ORIENTED_EDGE('',*,*,#1999,.T.);
#1999 = EDGE_CURVE('',#1893,#1952,#2000,.T.);
#2000 = LINE('',#2001,#2002);
#2001 = CARTESIAN_POINT('',(-1.65,0.989501892653,0.881945973835));
#2002 = VECTOR('',#2003,1.);
#2003 = DIRECTION('',(-1.,0.,0.));
#2004 = PLANE('',#2005);
#2005 = AXIS2_PLACEMENT_3D('',#2006,#2007,#2008);
#2006 = CARTESIAN_POINT('',(-1.65,0.99330699074,0.879142217349));
#2007 = DIRECTION('',(0.,0.59319903805,0.805055837353));
#2008 = DIRECTION('',(0.,0.805055837353,-0.59319903805));
#2009 = ADVANCED_FACE('',(#2010),#2021,.T.);
#2010 = FACE_BOUND('',#2011,.T.);
#2011 = EDGE_LOOP('',(#2012,#2013,#2014,#2015));
#2012 = ORIENTED_EDGE('',*,*,#1959,.F.);
#2013 = ORIENTED_EDGE('',*,*,#1999,.F.);
#2014 = ORIENTED_EDGE('',*,*,#1892,.T.);
#2015 = ORIENTED_EDGE('',*,*,#2016,.T.);
#2016 = EDGE_CURVE('',#1885,#1925,#2017,.T.);
#2017 = LINE('',#2018,#2019);
#2018 = CARTESIAN_POINT('',(-1.65,0.970376573854,1.057573227262));
#2019 = VECTOR('',#2020,1.);
#2020 = DIRECTION('',(-1.,0.,0.));
#2021 = CYLINDRICAL_SURFACE('',#2022,0.12);
#2022 = AXIS2_PLACEMENT_3D('',#2023,#2024,#2025);
#2023 = CARTESIAN_POINT('',(-1.65,1.060685777219,0.978552674317));
#2024 = DIRECTION('',(-1.,0.,0.));
#2025 = DIRECTION('',(0.,0.,-1.));
#2026 = ADVANCED_FACE('',(#2027),#2038,.F.);
#2027 = FACE_BOUND('',#2028,.T.);
#2028 = EDGE_LOOP('',(#2029,#2030,#2036,#2037));
#2029 = ORIENTED_EDGE('',*,*,#1884,.T.);
#2030 = ORIENTED_EDGE('',*,*,#2031,.T.);
#2031 = EDGE_CURVE('',#1875,#1927,#2032,.T.);
#2032 = LINE('',#2033,#2034);
#2033 = CARTESIAN_POINT('',(-1.65,1.,1.091428571429));
#2034 = VECTOR('',#2035,1.);
#2035 = DIRECTION('',(-1.,-3.061515884556E-17,-3.498875296635E-17));
#2036 = ORIENTED_EDGE('',*,*,#1924,.F.);
#2037 = ORIENTED_EDGE('',*,*,#2016,.F.);
#2038 = PLANE('',#2039);
#2039 = AXIS2_PLACEMENT_3D('',#2040,#2041,#2042);
#2040 = CARTESIAN_POINT('',(-1.65,0.970376573854,1.057573227262));
#2041 = DIRECTION('',(0.,0.752576694707,-0.658504607869));
#2042 = DIRECTION('',(0.,-0.658504607869,-0.752576694707));
#2043 = ADVANCED_FACE('',(#2044),#2078,.F.);
#2044 = FACE_BOUND('',#2045,.T.);
#2045 = EDGE_LOOP('',(#2046,#2056,#2064,#2072));
#2046 = ORIENTED_EDGE('',*,*,#2047,.T.);
#2047 = EDGE_CURVE('',#2048,#2050,#2052,.T.);
#2048 = VERTEX_POINT('',#2049);
#2049 = CARTESIAN_POINT('',(-1.35,-1.9,1.35));
#2050 = VERTEX_POINT('',#2051);
#2051 = CARTESIAN_POINT('',(-1.35,-2.,1.35));
#2052 = LINE('',#2053,#2054);
#2053 = CARTESIAN_POINT('',(-1.35,-1.9,1.35));
#2054 = VECTOR('',#2055,1.);
#2055 = DIRECTION('',(0.,-1.,0.));
#2056 = ORIENTED_EDGE('',*,*,#2057,.F.);
#2057 = EDGE_CURVE('',#2058,#2050,#2060,.T.);
#2058 = VERTEX_POINT('',#2059);
#2059 = CARTESIAN_POINT('',(-1.15,-2.,1.35));
#2060 = LINE('',#2061,#2062);
#2061 = CARTESIAN_POINT('',(-1.15,-2.,1.35));
#2062 = VECTOR('',#2063,1.);
#2063 = DIRECTION('',(-1.,0.,0.));
#2064 = ORIENTED_EDGE('',*,*,#2065,.F.);
#2065 = EDGE_CURVE('',#2066,#2058,#2068,.T.);
#2066 = VERTEX_POINT('',#2067);
#2067 = CARTESIAN_POINT('',(-1.15,-1.9,1.35));
#2068 = LINE('',#2069,#2070);
#2069 = CARTESIAN_POINT('',(-1.15,-1.9,1.35));
#2070 = VECTOR('',#2071,1.);
#2071 = DIRECTION('',(0.,-1.,0.));
#2072 = ORIENTED_EDGE('',*,*,#2073,.T.);
#2073 = EDGE_CURVE('',#2066,#2048,#2074,.T.);
#2074 = LINE('',#2075,#2076);
#2075 = CARTESIAN_POINT('',(-1.15,-1.9,1.35));
#2076 = VECTOR('',#2077,1.);
#2077 = DIRECTION('',(-1.,0.,0.));
#2078 = PLANE('',#2079);
#2079 = AXIS2_PLACEMENT_3D('',#2080,#2081,#2082);
#2080 = CARTESIAN_POINT('',(-1.15,-1.9,1.35));
#2081 = DIRECTION('',(0.,0.,-1.));
#2082 = DIRECTION('',(0.,1.,0.));
#2083 = ADVANCED_FACE('',(#2084),#2111,.T.);
#2084 = FACE_BOUND('',#2085,.T.);
#2085 = EDGE_LOOP('',(#2086,#2096,#2103,#2104));
#2086 = ORIENTED_EDGE('',*,*,#2087,.F.);
#2087 = EDGE_CURVE('',#2088,#2090,#2092,.T.);
#2088 = VERTEX_POINT('',#2089);
#2089 = CARTESIAN_POINT('',(-1.15,-1.760357599562,1.3));
#2090 = VERTEX_POINT('',#2091);
#2091 = CARTESIAN_POINT('',(-1.15,-2.139642400438,1.3));
#2092 = LINE('',#2093,#2094);
#2093 = CARTESIAN_POINT('',(-1.15,-1.9,1.3));
#2094 = VECTOR('',#2095,1.);
#2095 = DIRECTION('',(0.,-1.,0.));
#2096 = ORIENTED_EDGE('',*,*,#2097,.T.);
#2097 = EDGE_CURVE('',#2088,#2066,#2098,.T.);
#2098 = CIRCLE('',#2099,0.22);
#2099 = AXIS2_PLACEMENT_3D('',#2100,#2101,#2102);
#2100 = CARTESIAN_POINT('',(-1.15,-1.9,1.13));
#2101 = DIRECTION('',(1.,0.,0.));
#2102 = DIRECTION('',(-0.,1.,0.));
#2103 = ORIENTED_EDGE('',*,*,#2065,.T.);
#2104 = ORIENTED_EDGE('',*,*,#2105,.T.);
#2105 = EDGE_CURVE('',#2058,#2090,#2106,.T.);
#2106 = CIRCLE('',#2107,0.22);
#2107 = AXIS2_PLACEMENT_3D('',#2108,#2109,#2110);
#2108 = CARTESIAN_POINT('',(-1.15,-2.,1.13));
#2109 = DIRECTION('',(1.,0.,-0.));
#2110 = DIRECTION('',(0.,0.,1.));
#2111 = PLANE('',#2112);
#2112 = AXIS2_PLACEMENT_3D('',#2113,#2114,#2115);
#2113 = CARTESIAN_POINT('',(-1.15,-1.9,1.13));
#2114 = DIRECTION('',(1.,0.,-0.));
#2115 = DIRECTION('',(0.,0.,1.));
#2116 = ADVANCED_FACE('',(#2117),#2144,.F.);
#2117 = FACE_BOUND('',#2118,.T.);
#2118 = EDGE_LOOP('',(#2119,#2128,#2136,#2143));
#2119 = ORIENTED_EDGE('',*,*,#2120,.F.);
#2120 = EDGE_CURVE('',#2121,#2048,#2123,.T.);
#2121 = VERTEX_POINT('',#2122);
#2122 = CARTESIAN_POINT('',(-1.35,-1.760357599562,1.3));
#2123 = CIRCLE('',#2124,0.22);
#2124 = AXIS2_PLACEMENT_3D('',#2125,#2126,#2127);
#2125 = CARTESIAN_POINT('',(-1.35,-1.9,1.13));
#2126 = DIRECTION('',(1.,0.,0.));
#2127 = DIRECTION('',(-0.,1.,0.));
#2128 = ORIENTED_EDGE('',*,*,#2129,.T.);
#2129 = EDGE_CURVE('',#2121,#2130,#2132,.T.);
#2130 = VERTEX_POINT('',#2131);
#2131 = CARTESIAN_POINT('',(-1.35,-2.139642400438,1.3));
#2132 = LINE('',#2133,#2134);
#2133 = CARTESIAN_POINT('',(-1.35,-1.9,1.3));
#2134 = VECTOR('',#2135,1.);
#2135 = DIRECTION('',(0.,-1.,0.));
#2136 = ORIENTED_EDGE('',*,*,#2137,.F.);
#2137 = EDGE_CURVE('',#2050,#2130,#2138,.T.);
#2138 = CIRCLE('',#2139,0.22);
#2139 = AXIS2_PLACEMENT_3D('',#2140,#2141,#2142);
#2140 = CARTESIAN_POINT('',(-1.35,-2.,1.13));
#2141 = DIRECTION('',(1.,0.,-0.));
#2142 = DIRECTION('',(0.,0.,1.));
#2143 = ORIENTED_EDGE('',*,*,#2047,.F.);
#2144 = PLANE('',#2145);
#2145 = AXIS2_PLACEMENT_3D('',#2146,#2147,#2148);
#2146 = CARTESIAN_POINT('',(-1.35,-1.9,1.13));
#2147 = DIRECTION('',(1.,0.,-0.));
#2148 = DIRECTION('',(0.,0.,1.));
#2149 = ADVANCED_FACE('',(#2150),#2161,.T.);
#2150 = FACE_BOUND('',#2151,.T.);
#2151 = EDGE_LOOP('',(#2152,#2153,#2159,#2160));
#2152 = ORIENTED_EDGE('',*,*,#2137,.T.);
#2153 = ORIENTED_EDGE('',*,*,#2154,.T.);
#2154 = EDGE_CURVE('',#2130,#2090,#2155,.T.);
#2155 = LINE('',#2156,#2157);
#2156 = CARTESIAN_POINT('',(-1.15,-2.139642400438,1.3));
#2157 = VECTOR('',#2158,1.);
#2158 = DIRECTION('',(1.,-0.,-0.));
#2159 = ORIENTED_EDGE('',*,*,#2105,.F.);
#2160 = ORIENTED_EDGE('',*,*,#2057,.T.);
#2161 = CYLINDRICAL_SURFACE('',#2162,0.22);
#2162 = AXIS2_PLACEMENT_3D('',#2163,#2164,#2165);
#2163 = CARTESIAN_POINT('',(-1.15,-2.,1.13));
#2164 = DIRECTION('',(-1.,0.,0.));
#2165 = DIRECTION('',(0.,0.,-1.));
#2166 = ADVANCED_FACE('',(#2167),#2178,.T.);
#2167 = FACE_BOUND('',#2168,.T.);
#2168 = EDGE_LOOP('',(#2169,#2170,#2176,#2177));
#2169 = ORIENTED_EDGE('',*,*,#2097,.F.);
#2170 = ORIENTED_EDGE('',*,*,#2171,.T.);
#2171 = EDGE_CURVE('',#2088,#2121,#2172,.T.);
#2172 = LINE('',#2173,#2174);
#2173 = CARTESIAN_POINT('',(-1.15,-1.760357599562,1.3));
#2174 = VECTOR('',#2175,1.);
#2175 = DIRECTION('',(-1.,0.,0.));
#2176 = ORIENTED_EDGE('',*,*,#2120,.T.);
#2177 = ORIENTED_EDGE('',*,*,#2073,.F.);
#2178 = CYLINDRICAL_SURFACE('',#2179,0.22);
#2179 = AXIS2_PLACEMENT_3D('',#2180,#2181,#2182);
#2180 = CARTESIAN_POINT('',(-1.15,-1.9,1.13));
#2181 = DIRECTION('',(-1.,0.,0.));
#2182 = DIRECTION('',(0.,0.,-1.));
#2183 = ADVANCED_FACE('',(#2184),#2218,.F.);
#2184 = FACE_BOUND('',#2185,.T.);
#2185 = EDGE_LOOP('',(#2186,#2196,#2204,#2212));
#2186 = ORIENTED_EDGE('',*,*,#2187,.T.);
#2187 = EDGE_CURVE('',#2188,#2190,#2192,.T.);
#2188 = VERTEX_POINT('',#2189);
#2189 = CARTESIAN_POINT('',(-1.35,-2.9,0.12));
#2190 = VERTEX_POINT('',#2191);
#2191 = CARTESIAN_POINT('',(-1.35,-2.9,-1.212951180468E-15));
#2192 = LINE('',#2193,#2194);
#2193 = CARTESIAN_POINT('',(-1.35,-2.9,0.12));
#2194 = VECTOR('',#2195,1.);
#2195 = DIRECTION('',(0.,-6.123031769112E-17,-1.));
#2196 = ORIENTED_EDGE('',*,*,#2197,.F.);
#2197 = EDGE_CURVE('',#2198,#2190,#2200,.T.);
#2198 = VERTEX_POINT('',#2199);
#2199 = CARTESIAN_POINT('',(-1.15,-2.9,-1.212951180468E-15));
#2200 = LINE('',#2201,#2202);
#2201 = CARTESIAN_POINT('',(-1.15,-2.9,-1.212951180468E-15));
#2202 = VECTOR('',#2203,1.);
#2203 = DIRECTION('',(-1.,0.,0.));
#2204 = ORIENTED_EDGE('',*,*,#2205,.F.);
#2205 = EDGE_CURVE('',#2206,#2198,#2208,.T.);
#2206 = VERTEX_POINT('',#2207);
#2207 = CARTESIAN_POINT('',(-1.15,-2.9,0.12));
#2208 = LINE('',#2209,#2210);
#2209 = CARTESIAN_POINT('',(-1.15,-2.9,0.12));
#2210 = VECTOR('',#2211,1.);
#2211 = DIRECTION('',(0.,-6.123031769112E-17,-1.));
#2212 = ORIENTED_EDGE('',*,*,#2213,.T.);
#2213 = EDGE_CURVE('',#2206,#2188,#2214,.T.);
#2214 = LINE('',#2215,#2216);
#2215 = CARTESIAN_POINT('',(-1.15,-2.9,0.12));
#2216 = VECTOR('',#2217,1.);
#2217 = DIRECTION('',(-1.,0.,0.));
#2218 = PLANE('',#2219);
#2219 = AXIS2_PLACEMENT_3D('',#2220,#2221,#2222);
#2220 = CARTESIAN_POINT('',(-1.15,-2.9,0.12));
#2221 = DIRECTION('',(0.,1.,-6.123031769112E-17));
#2222 = DIRECTION('',(0.,6.123031769112E-17,1.));
#2223 = ADVANCED_FACE('',(#2224),#2249,.F.);
#2224 = FACE_BOUND('',#2225,.T.);
#2225 = EDGE_LOOP('',(#2226,#2234,#2242,#2248));
#2226 = ORIENTED_EDGE('',*,*,#2227,.T.);
#2227 = EDGE_CURVE('',#2190,#2228,#2230,.T.);
#2228 = VERTEX_POINT('',#2229);
#2229 = CARTESIAN_POINT('',(-1.35,-2.32,8.809142651445E-17));
#2230 = LINE('',#2231,#2232);
#2231 = CARTESIAN_POINT('',(-1.35,-2.9,8.809142651445E-17));
#2232 = VECTOR('',#2233,1.);
#2233 = DIRECTION('',(0.,1.,0.));
#2234 = ORIENTED_EDGE('',*,*,#2235,.F.);
#2235 = EDGE_CURVE('',#2236,#2228,#2238,.T.);
#2236 = VERTEX_POINT('',#2237);
#2237 = CARTESIAN_POINT('',(-1.15,-2.32,8.809142651445E-17));
#2238 = LINE('',#2239,#2240);
#2239 = CARTESIAN_POINT('',(-1.15,-2.32,8.809142651445E-17));
#2240 = VECTOR('',#2241,1.);
#2241 = DIRECTION('',(-1.,0.,0.));
#2242 = ORIENTED_EDGE('',*,*,#2243,.F.);
#2243 = EDGE_CURVE('',#2198,#2236,#2244,.T.);
#2244 = LINE('',#2245,#2246);
#2245 = CARTESIAN_POINT('',(-1.15,-2.9,8.809142651445E-17));
#2246 = VECTOR('',#2247,1.);
#2247 = DIRECTION('',(0.,1.,0.));
#2248 = ORIENTED_EDGE('',*,*,#2197,.T.);
#2249 = PLANE('',#2250);
#2250 = AXIS2_PLACEMENT_3D('',#2251,#2252,#2253);
#2251 = CARTESIAN_POINT('',(-1.15,-2.9,8.809142651445E-17));
#2252 = DIRECTION('',(0.,0.,1.));
#2253 = DIRECTION('',(0.,-1.,0.));
#2254 = ADVANCED_FACE('',(#2255),#2290,.T.);
#2255 = FACE_BOUND('',#2256,.T.);
#2256 = EDGE_LOOP('',(#2257,#2267,#2275,#2281,#2282,#2283));
#2257 = ORIENTED_EDGE('',*,*,#2258,.F.);
#2258 = EDGE_CURVE('',#2259,#2261,#2263,.T.);
#2259 = VERTEX_POINT('',#2260);
#2260 = CARTESIAN_POINT('',(-1.15,-2.4,5.E-02));
#2261 = VERTEX_POINT('',#2262);
#2262 = CARTESIAN_POINT('',(-1.15,-2.180357599562,5.E-02));
#2263 = LINE('',#2264,#2265);
#2264 = CARTESIAN_POINT('',(-1.15,-1.9,5.E-02));
#2265 = VECTOR('',#2266,1.);
#2266 = DIRECTION('',(0.,1.,0.));
#2267 = ORIENTED_EDGE('',*,*,#2268,.F.);
#2268 = EDGE_CURVE('',#2269,#2259,#2271,.T.);
#2269 = VERTEX_POINT('',#2270);
#2270 = CARTESIAN_POINT('',(-1.15,-2.4,0.12));
#2271 = LINE('',#2272,#2273);
#2272 = CARTESIAN_POINT('',(-1.15,-2.4,1.13));
#2273 = VECTOR('',#2274,1.);
#2274 = DIRECTION('',(0.,-6.123031769112E-17,-1.));
#2275 = ORIENTED_EDGE('',*,*,#2276,.T.);
#2276 = EDGE_CURVE('',#2269,#2206,#2277,.T.);
#2277 = LINE('',#2278,#2279);
#2278 = CARTESIAN_POINT('',(-1.15,-2.32,0.12));
#2279 = VECTOR('',#2280,1.);
#2280 = DIRECTION('',(0.,-1.,0.));
#2281 = ORIENTED_EDGE('',*,*,#2205,.T.);
#2282 = ORIENTED_EDGE('',*,*,#2243,.T.);
#2283 = ORIENTED_EDGE('',*,*,#2284,.T.);
#2284 = EDGE_CURVE('',#2236,#2261,#2285,.T.);
#2285 = CIRCLE('',#2286,0.22);
#2286 = AXIS2_PLACEMENT_3D('',#2287,#2288,#2289);
#2287 = CARTESIAN_POINT('',(-1.15,-2.32,0.22));
#2288 = DIRECTION('',(1.,0.,0.));
#2289 = DIRECTION('',(0.,0.,-1.));
#2290 = PLANE('',#2291);
#2291 = AXIS2_PLACEMENT_3D('',#2292,#2293,#2294);
#2292 = CARTESIAN_POINT('',(-1.15,-1.9,1.13));
#2293 = DIRECTION('',(1.,0.,-0.));
#2294 = DIRECTION('',(0.,0.,1.));
#2295 = ADVANCED_FACE('',(#2296),#2331,.F.);
#2296 = FACE_BOUND('',#2297,.T.);
#2297 = EDGE_LOOP('',(#2298,#2308,#2316,#2323,#2324,#2325));
#2298 = ORIENTED_EDGE('',*,*,#2299,.T.);
#2299 = EDGE_CURVE('',#2300,#2302,#2304,.T.);
#2300 = VERTEX_POINT('',#2301);
#2301 = CARTESIAN_POINT('',(-1.35,-2.4,0.12));
#2302 = VERTEX_POINT('',#2303);
#2303 = CARTESIAN_POINT('',(-1.35,-2.4,5.E-02));
#2304 = LINE('',#2305,#2306);
#2305 = CARTESIAN_POINT('',(-1.35,-2.4,1.13));
#2306 = VECTOR('',#2307,1.);
#2307 = DIRECTION('',(0.,-6.123031769112E-17,-1.));
#2308 = ORIENTED_EDGE('',*,*,#2309,.T.);
#2309 = EDGE_CURVE('',#2302,#2310,#2312,.T.);
#2310 = VERTEX_POINT('',#2311);
#2311 = CARTESIAN_POINT('',(-1.35,-2.180357599562,5.E-02));
#2312 = LINE('',#2313,#2314);
#2313 = CARTESIAN_POINT('',(-1.35,-1.9,5.E-02));
#2314 = VECTOR('',#2315,1.);
#2315 = DIRECTION('',(0.,1.,0.));
#2316 = ORIENTED_EDGE('',*,*,#2317,.F.);
#2317 = EDGE_CURVE('',#2228,#2310,#2318,.T.);
#2318 = CIRCLE('',#2319,0.22);
#2319 = AXIS2_PLACEMENT_3D('',#2320,#2321,#2322);
#2320 = CARTESIAN_POINT('',(-1.35,-2.32,0.22));
#2321 = DIRECTION('',(1.,0.,0.));
#2322 = DIRECTION('',(0.,0.,-1.));
#2323 = ORIENTED_EDGE('',*,*,#2227,.F.);
#2324 = ORIENTED_EDGE('',*,*,#2187,.F.);
#2325 = ORIENTED_EDGE('',*,*,#2326,.F.);
#2326 = EDGE_CURVE('',#2300,#2188,#2327,.T.);
#2327 = LINE('',#2328,#2329);
#2328 = CARTESIAN_POINT('',(-1.35,-2.32,0.12));
#2329 = VECTOR('',#2330,1.);
#2330 = DIRECTION('',(0.,-1.,0.));
#2331 = PLANE('',#2332);
#2332 = AXIS2_PLACEMENT_3D('',#2333,#2334,#2335);
#2333 = CARTESIAN_POINT('',(-1.35,-1.9,1.13));
#2334 = DIRECTION('',(1.,0.,-0.));
#2335 = DIRECTION('',(0.,0.,1.));
#2336 = ADVANCED_FACE('',(#2337),#2348,.T.);
#2337 = FACE_BOUND('',#2338,.T.);
#2338 = EDGE_LOOP('',(#2339,#2340,#2346,#2347));
#2339 = ORIENTED_EDGE('',*,*,#2317,.T.);
#2340 = ORIENTED_EDGE('',*,*,#2341,.T.);
#2341 = EDGE_CURVE('',#2310,#2261,#2342,.T.);
#2342 = LINE('',#2343,#2344);
#2343 = CARTESIAN_POINT('',(-1.15,-2.180357599562,5.E-02));
#2344 = VECTOR('',#2345,1.);
#2345 = DIRECTION('',(1.,-0.,-0.));
#2346 = ORIENTED_EDGE('',*,*,#2284,.F.);
#2347 = ORIENTED_EDGE('',*,*,#2235,.T.);
#2348 = CYLINDRICAL_SURFACE('',#2349,0.22);
#2349 = AXIS2_PLACEMENT_3D('',#2350,#2351,#2352);
#2350 = CARTESIAN_POINT('',(-1.15,-2.32,0.22));
#2351 = DIRECTION('',(-1.,0.,0.));
#2352 = DIRECTION('',(0.,0.,-1.));
#2353 = ADVANCED_FACE('',(#2354),#2365,.F.);
#2354 = FACE_BOUND('',#2355,.T.);
#2355 = EDGE_LOOP('',(#2356,#2357,#2363,#2364));
#2356 = ORIENTED_EDGE('',*,*,#2276,.F.);
#2357 = ORIENTED_EDGE('',*,*,#2358,.T.);
#2358 = EDGE_CURVE('',#2269,#2300,#2359,.T.);
#2359 = LINE('',#2360,#2361);
#2360 = CARTESIAN_POINT('',(-1.15,-2.4,0.12));
#2361 = VECTOR('',#2362,1.);
#2362 = DIRECTION('',(-1.,3.061515884556E-17,0.));
#2363 = ORIENTED_EDGE('',*,*,#2326,.T.);
#2364 = ORIENTED_EDGE('',*,*,#2213,.F.);
#2365 = PLANE('',#2366);
#2366 = AXIS2_PLACEMENT_3D('',#2367,#2368,#2369);
#2367 = CARTESIAN_POINT('',(-1.15,-2.32,0.12));
#2368 = DIRECTION('',(0.,0.,-1.));
#2369 = DIRECTION('',(0.,1.,0.));
#2370 = ADVANCED_FACE('',(#2371),#2415,.T.);
#2371 = FACE_BOUND('',#2372,.T.);
#2372 = EDGE_LOOP('',(#2373,#2383,#2392,#2400,#2409));
#2373 = ORIENTED_EDGE('',*,*,#2374,.F.);
#2374 = EDGE_CURVE('',#2375,#2377,#2379,.T.);
#2375 = VERTEX_POINT('',#2376);
#2376 = CARTESIAN_POINT('',(-1.15,-1.,0.873988949953));
#2377 = VERTEX_POINT('',#2378);
#2378 = CARTESIAN_POINT('',(-1.15,-1.,1.091428571429));
#2379 = LINE('',#2380,#2381);
#2380 = CARTESIAN_POINT('',(-1.15,-1.,1.13));
#2381 = VECTOR('',#2382,1.);
#2382 = DIRECTION('',(0.,6.123031769112E-17,1.));
#2383 = ORIENTED_EDGE('',*,*,#2384,.T.);
#2384 = EDGE_CURVE('',#2375,#2385,#2387,.T.);
#2385 = VERTEX_POINT('',#2386);
#2386 = CARTESIAN_POINT('',(-1.15,-0.99330699074,0.879142217349));
#2387 = CIRCLE('',#2388,0.2);
#2388 = AXIS2_PLACEMENT_3D('',#2389,#2390,#2391);
#2389 = CARTESIAN_POINT('',(-1.15,-0.87466718313,0.718131049879));
#2390 = DIRECTION('',(-1.,0.,0.));
#2391 = DIRECTION('',(0.,-0.988715504225,0.149805379428));
#2392 = ORIENTED_EDGE('',*,*,#2393,.T.);
#2393 = EDGE_CURVE('',#2385,#2394,#2396,.T.);
#2394 = VERTEX_POINT('',#2395);
#2395 = CARTESIAN_POINT('',(-1.15,-0.989501892653,0.881945973835));
#2396 = LINE('',#2397,#2398);
#2397 = CARTESIAN_POINT('',(-1.15,-0.99330699074,0.879142217349));
#2398 = VECTOR('',#2399,1.);
#2399 = DIRECTION('',(0.,0.805055837353,0.59319903805));
#2400 = ORIENTED_EDGE('',*,*,#2401,.T.);
#2401 = EDGE_CURVE('',#2394,#2402,#2404,.T.);
#2402 = VERTEX_POINT('',#2403);
#2403 = CARTESIAN_POINT('',(-1.15,-0.970376573854,1.057573227262));
#2404 = CIRCLE('',#2405,0.12);
#2405 = AXIS2_PLACEMENT_3D('',#2406,#2407,#2408);
#2406 = CARTESIAN_POINT('',(-1.15,-1.060685777219,0.978552674317));
#2407 = DIRECTION('',(1.,0.,0.));
#2408 = DIRECTION('',(0.,0.59319903805,-0.805055837353));
#2409 = ORIENTED_EDGE('',*,*,#2410,.T.);
#2410 = EDGE_CURVE('',#2402,#2377,#2411,.T.);
#2411 = LINE('',#2412,#2413);
#2412 = CARTESIAN_POINT('',(-1.15,-0.970376573854,1.057573227262));
#2413 = VECTOR('',#2414,1.);
#2414 = DIRECTION('',(0.,-0.658504607869,0.752576694707));
#2415 = PLANE('',#2416);
#2416 = AXIS2_PLACEMENT_3D('',#2417,#2418,#2419);
#2417 = CARTESIAN_POINT('',(-1.15,-1.9,1.13));
#2418 = DIRECTION('',(1.,0.,-0.));
#2419 = DIRECTION('',(0.,0.,1.));
#2420 = ADVANCED_FACE('',(#2421),#2465,.F.);
#2421 = FACE_BOUND('',#2422,.T.);
#2422 = EDGE_LOOP('',(#2423,#2434,#2442,#2450,#2459));
#2423 = ORIENTED_EDGE('',*,*,#2424,.F.);
#2424 = EDGE_CURVE('',#2425,#2427,#2429,.T.);
#2425 = VERTEX_POINT('',#2426);
#2426 = CARTESIAN_POINT('',(-1.35,-1.,0.873988949953));
#2427 = VERTEX_POINT('',#2428);
#2428 = CARTESIAN_POINT('',(-1.35,-0.99330699074,0.879142217349));
#2429 = CIRCLE('',#2430,0.2);
#2430 = AXIS2_PLACEMENT_3D('',#2431,#2432,#2433);
#2431 = CARTESIAN_POINT('',(-1.35,-0.87466718313,0.718131049879));
#2432 = DIRECTION('',(-1.,0.,0.));
#2433 = DIRECTION('',(0.,-0.988715504225,0.149805379428));
#2434 = ORIENTED_EDGE('',*,*,#2435,.T.);
#2435 = EDGE_CURVE('',#2425,#2436,#2438,.T.);
#2436 = VERTEX_POINT('',#2437);
#2437 = CARTESIAN_POINT('',(-1.35,-1.,1.091428571429));
#2438 = LINE('',#2439,#2440);
#2439 = CARTESIAN_POINT('',(-1.35,-1.,1.13));
#2440 = VECTOR('',#2441,1.);
#2441 = DIRECTION('',(0.,6.123031769112E-17,1.));
#2442 = ORIENTED_EDGE('',*,*,#2443,.F.);
#2443 = EDGE_CURVE('',#2444,#2436,#2446,.T.);
#2444 = VERTEX_POINT('',#2445);
#2445 = CARTESIAN_POINT('',(-1.35,-0.970376573854,1.057573227262));
#2446 = LINE('',#2447,#2448);
#2447 = CARTESIAN_POINT('',(-1.35,-0.970376573854,1.057573227262));
#2448 = VECTOR('',#2449,1.);
#2449 = DIRECTION('',(0.,-0.658504607869,0.752576694707));
#2450 = ORIENTED_EDGE('',*,*,#2451,.F.);
#2451 = EDGE_CURVE('',#2452,#2444,#2454,.T.);
#2452 = VERTEX_POINT('',#2453);
#2453 = CARTESIAN_POINT('',(-1.35,-0.989501892653,0.881945973835));
#2454 = CIRCLE('',#2455,0.12);
#2455 = AXIS2_PLACEMENT_3D('',#2456,#2457,#2458);
#2456 = CARTESIAN_POINT('',(-1.35,-1.060685777219,0.978552674317));
#2457 = DIRECTION('',(1.,0.,0.));
#2458 = DIRECTION('',(0.,0.59319903805,-0.805055837353));
#2459 = ORIENTED_EDGE('',*,*,#2460,.F.);
#2460 = EDGE_CURVE('',#2427,#2452,#2461,.T.);
#2461 = LINE('',#2462,#2463);
#2462 = CARTESIAN_POINT('',(-1.35,-0.99330699074,0.879142217349));
#2463 = VECTOR('',#2464,1.);
#2464 = DIRECTION('',(0.,0.805055837353,0.59319903805));
#2465 = PLANE('',#2466);
#2466 = AXIS2_PLACEMENT_3D('',#2467,#2468,#2469);
#2467 = CARTESIAN_POINT('',(-1.35,-1.9,1.13));
#2468 = DIRECTION('',(1.,0.,-0.));
#2469 = DIRECTION('',(0.,0.,1.));
#2470 = ADVANCED_FACE('',(#2471),#2487,.F.);
#2471 = FACE_BOUND('',#2472,.F.);
#2472 = EDGE_LOOP('',(#2473,#2479,#2480,#2486));
#2473 = ORIENTED_EDGE('',*,*,#2474,.T.);
#2474 = EDGE_CURVE('',#2385,#2427,#2475,.T.);
#2475 = LINE('',#2476,#2477);
#2476 = CARTESIAN_POINT('',(-1.15,-0.99330699074,0.879142217349));
#2477 = VECTOR('',#2478,1.);
#2478 = DIRECTION('',(-1.,0.,0.));
#2479 = ORIENTED_EDGE('',*,*,#2424,.F.);
#2480 = ORIENTED_EDGE('',*,*,#2481,.F.);
#2481 = EDGE_CURVE('',#2375,#2425,#2482,.T.);
#2482 = LINE('',#2483,#2484);
#2483 = CARTESIAN_POINT('',(-1.15,-1.,0.873988949953));
#2484 = VECTOR('',#2485,1.);
#2485 = DIRECTION('',(-1.,0.,0.));
#2486 = ORIENTED_EDGE('',*,*,#2384,.T.);
#2487 = CYLINDRICAL_SURFACE('',#2488,0.2);
#2488 = AXIS2_PLACEMENT_3D('',#2489,#2490,#2491);
#2489 = CARTESIAN_POINT('',(-1.15,-0.87466718313,0.718131049879));
#2490 = DIRECTION('',(-1.,0.,0.));
#2491 = DIRECTION('',(0.,0.,-1.));
#2492 = ADVANCED_FACE('',(#2493),#2504,.F.);
#2493 = FACE_BOUND('',#2494,.T.);
#2494 = EDGE_LOOP('',(#2495,#2496,#2502,#2503));
#2495 = ORIENTED_EDGE('',*,*,#2460,.T.);
#2496 = ORIENTED_EDGE('',*,*,#2497,.F.);
#2497 = EDGE_CURVE('',#2394,#2452,#2498,.T.);
#2498 = LINE('',#2499,#2500);
#2499 = CARTESIAN_POINT('',(-1.15,-0.989501892653,0.881945973835));
#2500 = VECTOR('',#2501,1.);
#2501 = DIRECTION('',(-1.,0.,0.));
#2502 = ORIENTED_EDGE('',*,*,#2393,.F.);
#2503 = ORIENTED_EDGE('',*,*,#2474,.T.);
#2504 = PLANE('',#2505);
#2505 = AXIS2_PLACEMENT_3D('',#2506,#2507,#2508);
#2506 = CARTESIAN_POINT('',(-1.15,-0.99330699074,0.879142217349));
#2507 = DIRECTION('',(0.,-0.59319903805,0.805055837353));
#2508 = DIRECTION('',(0.,-0.805055837353,-0.59319903805));
#2509 = ADVANCED_FACE('',(#2510),#2521,.T.);
#2510 = FACE_BOUND('',#2511,.T.);
#2511 = EDGE_LOOP('',(#2512,#2513,#2519,#2520));
#2512 = ORIENTED_EDGE('',*,*,#2451,.T.);
#2513 = ORIENTED_EDGE('',*,*,#2514,.F.);
#2514 = EDGE_CURVE('',#2402,#2444,#2515,.T.);
#2515 = LINE('',#2516,#2517);
#2516 = CARTESIAN_POINT('',(-1.15,-0.970376573854,1.057573227262));
#2517 = VECTOR('',#2518,1.);
#2518 = DIRECTION('',(-1.,0.,0.));
#2519 = ORIENTED_EDGE('',*,*,#2401,.F.);
#2520 = ORIENTED_EDGE('',*,*,#2497,.T.);
#2521 = CYLINDRICAL_SURFACE('',#2522,0.12);
#2522 = AXIS2_PLACEMENT_3D('',#2523,#2524,#2525);
#2523 = CARTESIAN_POINT('',(-1.15,-1.060685777219,0.978552674317));
#2524 = DIRECTION('',(-1.,0.,0.));
#2525 = DIRECTION('',(0.,0.,-1.));
#2526 = ADVANCED_FACE('',(#2527),#2538,.F.);
#2527 = FACE_BOUND('',#2528,.T.);
#2528 = EDGE_LOOP('',(#2529,#2530,#2536,#2537));
#2529 = ORIENTED_EDGE('',*,*,#2443,.T.);
#2530 = ORIENTED_EDGE('',*,*,#2531,.T.);
#2531 = EDGE_CURVE('',#2436,#2377,#2532,.T.);
#2532 = LINE('',#2533,#2534);
#2533 = CARTESIAN_POINT('',(-1.15,-1.,1.091428571429));
#2534 = VECTOR('',#2535,1.);
#2535 = DIRECTION('',(1.,-3.061515884556E-17,3.498875296635E-17));
#2536 = ORIENTED_EDGE('',*,*,#2410,.F.);
#2537 = ORIENTED_EDGE('',*,*,#2514,.T.);
#2538 = PLANE('',#2539);
#2539 = AXIS2_PLACEMENT_3D('',#2540,#2541,#2542);
#2540 = CARTESIAN_POINT('',(-1.15,-0.970376573854,1.057573227262));
#2541 = DIRECTION('',(0.,-0.752576694707,-0.658504607869));
#2542 = DIRECTION('',(0.,0.658504607869,-0.752576694707));
#2543 = ADVANCED_FACE('',(#2544),#2578,.F.);
#2544 = FACE_BOUND('',#2545,.T.);
#2545 = EDGE_LOOP('',(#2546,#2556,#2564,#2572));
#2546 = ORIENTED_EDGE('',*,*,#2547,.F.);
#2547 = EDGE_CURVE('',#2548,#2550,#2552,.T.);
#2548 = VERTEX_POINT('',#2549);
#2549 = CARTESIAN_POINT('',(-1.35,1.9,1.35));
#2550 = VERTEX_POINT('',#2551);
#2551 = CARTESIAN_POINT('',(-1.35,2.,1.35));
#2552 = LINE('',#2553,#2554);
#2553 = CARTESIAN_POINT('',(-1.35,1.9,1.35));
#2554 = VECTOR('',#2555,1.);
#2555 = DIRECTION('',(0.,1.,0.));
#2556 = ORIENTED_EDGE('',*,*,#2557,.F.);
#2557 = EDGE_CURVE('',#2558,#2548,#2560,.T.);
#2558 = VERTEX_POINT('',#2559);
#2559 = CARTESIAN_POINT('',(-1.15,1.9,1.35));
#2560 = LINE('',#2561,#2562);
#2561 = CARTESIAN_POINT('',(-1.15,1.9,1.35));
#2562 = VECTOR('',#2563,1.);
#2563 = DIRECTION('',(-1.,0.,0.));
#2564 = ORIENTED_EDGE('',*,*,#2565,.T.);
#2565 = EDGE_CURVE('',#2558,#2566,#2568,.T.);
#2566 = VERTEX_POINT('',#2567);
#2567 = CARTESIAN_POINT('',(-1.15,2.,1.35));
#2568 = LINE('',#2569,#2570);
#2569 = CARTESIAN_POINT('',(-1.15,1.9,1.35));
#2570 = VECTOR('',#2571,1.);
#2571 = DIRECTION('',(0.,1.,0.));
#2572 = ORIENTED_EDGE('',*,*,#2573,.T.);
#2573 = EDGE_CURVE('',#2566,#2550,#2574,.T.);
#2574 = LINE('',#2575,#2576);
#2575 = CARTESIAN_POINT('',(-1.15,2.,1.35));
#2576 = VECTOR('',#2577,1.);
#2577 = DIRECTION('',(-1.,0.,0.));
#2578 = PLANE('',#2579);
#2579 = AXIS2_PLACEMENT_3D('',#2580,#2581,#2582);
#2580 = CARTESIAN_POINT('',(-1.15,1.9,1.35));
#2581 = DIRECTION('',(0.,0.,-1.));
#2582 = DIRECTION('',(0.,-1.,0.));
#2583 = ADVANCED_FACE('',(#2584),#2611,.F.);
#2584 = FACE_BOUND('',#2585,.T.);
#2585 = EDGE_LOOP('',(#2586,#2595,#2603,#2610));
#2586 = ORIENTED_EDGE('',*,*,#2587,.T.);
#2587 = EDGE_CURVE('',#2550,#2588,#2590,.T.);
#2588 = VERTEX_POINT('',#2589);
#2589 = CARTESIAN_POINT('',(-1.35,2.139642400438,1.3));
#2590 = CIRCLE('',#2591,0.22);
#2591 = AXIS2_PLACEMENT_3D('',#2592,#2593,#2594);
#2592 = CARTESIAN_POINT('',(-1.35,2.,1.13));
#2593 = DIRECTION('',(-1.,0.,0.));
#2594 = DIRECTION('',(0.,0.,1.));
#2595 = ORIENTED_EDGE('',*,*,#2596,.T.);
#2596 = EDGE_CURVE('',#2588,#2597,#2599,.T.);
#2597 = VERTEX_POINT('',#2598);
#2598 = CARTESIAN_POINT('',(-1.35,1.760357599562,1.3));
#2599 = LINE('',#2600,#2601);
#2600 = CARTESIAN_POINT('',(-1.35,1.9,1.3));
#2601 = VECTOR('',#2602,1.);
#2602 = DIRECTION('',(0.,-1.,0.));
#2603 = ORIENTED_EDGE('',*,*,#2604,.T.);
#2604 = EDGE_CURVE('',#2597,#2548,#2605,.T.);
#2605 = CIRCLE('',#2606,0.22);
#2606 = AXIS2_PLACEMENT_3D('',#2607,#2608,#2609);
#2607 = CARTESIAN_POINT('',(-1.35,1.9,1.13));
#2608 = DIRECTION('',(-1.,0.,0.));
#2609 = DIRECTION('',(0.,-1.,0.));
#2610 = ORIENTED_EDGE('',*,*,#2547,.T.);
#2611 = PLANE('',#2612);
#2612 = AXIS2_PLACEMENT_3D('',#2613,#2614,#2615);
#2613 = CARTESIAN_POINT('',(-1.35,1.9,1.13));
#2614 = DIRECTION('',(1.,0.,-0.));
#2615 = DIRECTION('',(0.,0.,1.));
#2616 = ADVANCED_FACE('',(#2617),#2644,.T.);
#2617 = FACE_BOUND('',#2618,.T.);
#2618 = EDGE_LOOP('',(#2619,#2629,#2636,#2637));
#2619 = ORIENTED_EDGE('',*,*,#2620,.F.);
#2620 = EDGE_CURVE('',#2621,#2623,#2625,.T.);
#2621 = VERTEX_POINT('',#2622);
#2622 = CARTESIAN_POINT('',(-1.15,2.139642400438,1.3));
#2623 = VERTEX_POINT('',#2624);
#2624 = CARTESIAN_POINT('',(-1.15,1.760357599562,1.3));
#2625 = LINE('',#2626,#2627);
#2626 = CARTESIAN_POINT('',(-1.15,1.9,1.3));
#2627 = VECTOR('',#2628,1.);
#2628 = DIRECTION('',(0.,-1.,0.));
#2629 = ORIENTED_EDGE('',*,*,#2630,.F.);
#2630 = EDGE_CURVE('',#2566,#2621,#2631,.T.);
#2631 = CIRCLE('',#2632,0.22);
#2632 = AXIS2_PLACEMENT_3D('',#2633,#2634,#2635);
#2633 = CARTESIAN_POINT('',(-1.15,2.,1.13));
#2634 = DIRECTION('',(-1.,0.,0.));
#2635 = DIRECTION('',(0.,0.,1.));
#2636 = ORIENTED_EDGE('',*,*,#2565,.F.);
#2637 = ORIENTED_EDGE('',*,*,#2638,.F.);
#2638 = EDGE_CURVE('',#2623,#2558,#2639,.T.);
#2639 = CIRCLE('',#2640,0.22);
#2640 = AXIS2_PLACEMENT_3D('',#2641,#2642,#2643);
#2641 = CARTESIAN_POINT('',(-1.15,1.9,1.13));
#2642 = DIRECTION('',(-1.,0.,0.));
#2643 = DIRECTION('',(0.,-1.,0.));
#2644 = PLANE('',#2645);
#2645 = AXIS2_PLACEMENT_3D('',#2646,#2647,#2648);
#2646 = CARTESIAN_POINT('',(-1.15,1.9,1.13));
#2647 = DIRECTION('',(1.,0.,-0.));
#2648 = DIRECTION('',(0.,0.,1.));
#2649 = ADVANCED_FACE('',(#2650),#2661,.T.);
#2650 = FACE_BOUND('',#2651,.T.);
#2651 = EDGE_LOOP('',(#2652,#2653,#2659,#2660));
#2652 = ORIENTED_EDGE('',*,*,#2630,.T.);
#2653 = ORIENTED_EDGE('',*,*,#2654,.T.);
#2654 = EDGE_CURVE('',#2621,#2588,#2655,.T.);
#2655 = LINE('',#2656,#2657);
#2656 = CARTESIAN_POINT('',(-1.15,2.139642400438,1.3));
#2657 = VECTOR('',#2658,1.);
#2658 = DIRECTION('',(-1.,0.,0.));
#2659 = ORIENTED_EDGE('',*,*,#2587,.F.);
#2660 = ORIENTED_EDGE('',*,*,#2573,.F.);
#2661 = CYLINDRICAL_SURFACE('',#2662,0.22);
#2662 = AXIS2_PLACEMENT_3D('',#2663,#2664,#2665);
#2663 = CARTESIAN_POINT('',(-1.15,2.,1.13));
#2664 = DIRECTION('',(-1.,0.,0.));
#2665 = DIRECTION('',(0.,0.,-1.));
#2666 = ADVANCED_FACE('',(#2667),#2678,.T.);
#2667 = FACE_BOUND('',#2668,.T.);
#2668 = EDGE_LOOP('',(#2669,#2670,#2676,#2677));
#2669 = ORIENTED_EDGE('',*,*,#2604,.F.);
#2670 = ORIENTED_EDGE('',*,*,#2671,.T.);
#2671 = EDGE_CURVE('',#2597,#2623,#2672,.T.);
#2672 = LINE('',#2673,#2674);
#2673 = CARTESIAN_POINT('',(-1.15,1.760357599562,1.3));
#2674 = VECTOR('',#2675,1.);
#2675 = DIRECTION('',(1.,-0.,-0.));
#2676 = ORIENTED_EDGE('',*,*,#2638,.T.);
#2677 = ORIENTED_EDGE('',*,*,#2557,.T.);
#2678 = CYLINDRICAL_SURFACE('',#2679,0.22);
#2679 = AXIS2_PLACEMENT_3D('',#2680,#2681,#2682);
#2680 = CARTESIAN_POINT('',(-1.15,1.9,1.13));
#2681 = DIRECTION('',(-1.,0.,0.));
#2682 = DIRECTION('',(0.,0.,-1.));
#2683 = ADVANCED_FACE('',(#2684),#2718,.F.);
#2684 = FACE_BOUND('',#2685,.T.);
#2685 = EDGE_LOOP('',(#2686,#2696,#2704,#2712));
#2686 = ORIENTED_EDGE('',*,*,#2687,.F.);
#2687 = EDGE_CURVE('',#2688,#2690,#2692,.T.);
#2688 = VERTEX_POINT('',#2689);
#2689 = CARTESIAN_POINT('',(-1.35,2.9,-1.212951180468E-15));
#2690 = VERTEX_POINT('',#2691);
#2691 = CARTESIAN_POINT('',(-1.35,2.32,8.809142651445E-17));
#2692 = LINE('',#2693,#2694);
#2693 = CARTESIAN_POINT('',(-1.35,2.9,8.809142651445E-17));
#2694 = VECTOR('',#2695,1.);
#2695 = DIRECTION('',(0.,-1.,0.));
#2696 = ORIENTED_EDGE('',*,*,#2697,.F.);
#2697 = EDGE_CURVE('',#2698,#2688,#2700,.T.);
#2698 = VERTEX_POINT('',#2699);
#2699 = CARTESIAN_POINT('',(-1.15,2.9,-1.212951180468E-15));
#2700 = LINE('',#2701,#2702);
#2701 = CARTESIAN_POINT('',(-1.15,2.9,-1.212951180468E-15));
#2702 = VECTOR('',#2703,1.);
#2703 = DIRECTION('',(-1.,0.,0.));
#2704 = ORIENTED_EDGE('',*,*,#2705,.T.);
#2705 = EDGE_CURVE('',#2698,#2706,#2708,.T.);
#2706 = VERTEX_POINT('',#2707);
#2707 = CARTESIAN_POINT('',(-1.15,2.32,8.809142651445E-17));
#2708 = LINE('',#2709,#2710);
#2709 = CARTESIAN_POINT('',(-1.15,2.9,8.809142651445E-17));
#2710 = VECTOR('',#2711,1.);
#2711 = DIRECTION('',(0.,-1.,0.));
#2712 = ORIENTED_EDGE('',*,*,#2713,.T.);
#2713 = EDGE_CURVE('',#2706,#2690,#2714,.T.);
#2714 = LINE('',#2715,#2716);
#2715 = CARTESIAN_POINT('',(-1.15,2.32,8.809142651445E-17));
#2716 = VECTOR('',#2717,1.);
#2717 = DIRECTION('',(-1.,0.,0.));
#2718 = PLANE('',#2719);
#2719 = AXIS2_PLACEMENT_3D('',#2720,#2721,#2722);
#2720 = CARTESIAN_POINT('',(-1.15,2.9,8.809142651445E-17));
#2721 = DIRECTION('',(0.,-0.,1.));
#2722 = DIRECTION('',(0.,1.,0.));
#2723 = ADVANCED_FACE('',(#2724),#2749,.F.);
#2724 = FACE_BOUND('',#2725,.T.);
#2725 = EDGE_LOOP('',(#2726,#2734,#2742,#2748));
#2726 = ORIENTED_EDGE('',*,*,#2727,.F.);
#2727 = EDGE_CURVE('',#2728,#2688,#2730,.T.);
#2728 = VERTEX_POINT('',#2729);
#2729 = CARTESIAN_POINT('',(-1.35,2.9,0.12));
#2730 = LINE('',#2731,#2732);
#2731 = CARTESIAN_POINT('',(-1.35,2.9,0.12));
#2732 = VECTOR('',#2733,1.);
#2733 = DIRECTION('',(0.,6.123031769112E-17,-1.));
#2734 = ORIENTED_EDGE('',*,*,#2735,.F.);
#2735 = EDGE_CURVE('',#2736,#2728,#2738,.T.);
#2736 = VERTEX_POINT('',#2737);
#2737 = CARTESIAN_POINT('',(-1.15,2.9,0.12));
#2738 = LINE('',#2739,#2740);
#2739 = CARTESIAN_POINT('',(-1.15,2.9,0.12));
#2740 = VECTOR('',#2741,1.);
#2741 = DIRECTION('',(-1.,0.,0.));
#2742 = ORIENTED_EDGE('',*,*,#2743,.T.);
#2743 = EDGE_CURVE('',#2736,#2698,#2744,.T.);
#2744 = LINE('',#2745,#2746);
#2745 = CARTESIAN_POINT('',(-1.15,2.9,0.12));
#2746 = VECTOR('',#2747,1.);
#2747 = DIRECTION('',(0.,6.123031769112E-17,-1.));
#2748 = ORIENTED_EDGE('',*,*,#2697,.T.);
#2749 = PLANE('',#2750);
#2750 = AXIS2_PLACEMENT_3D('',#2751,#2752,#2753);
#2751 = CARTESIAN_POINT('',(-1.15,2.9,0.12));
#2752 = DIRECTION('',(0.,-1.,-6.123031769112E-17));
#2753 = DIRECTION('',(0.,-6.123031769112E-17,1.));
#2754 = ADVANCED_FACE('',(#2755),#2790,.F.);
#2755 = FACE_BOUND('',#2756,.T.);
#2756 = EDGE_LOOP('',(#2757,#2766,#2774,#2782,#2788,#2789));
#2757 = ORIENTED_EDGE('',*,*,#2758,.T.);
#2758 = EDGE_CURVE('',#2690,#2759,#2761,.T.);
#2759 = VERTEX_POINT('',#2760);
#2760 = CARTESIAN_POINT('',(-1.35,2.180357599562,5.E-02));
#2761 = CIRCLE('',#2762,0.22);
#2762 = AXIS2_PLACEMENT_3D('',#2763,#2764,#2765);
#2763 = CARTESIAN_POINT('',(-1.35,2.32,0.22));
#2764 = DIRECTION('',(-1.,0.,0.));
#2765 = DIRECTION('',(0.,0.,-1.));
#2766 = ORIENTED_EDGE('',*,*,#2767,.T.);
#2767 = EDGE_CURVE('',#2759,#2768,#2770,.T.);
#2768 = VERTEX_POINT('',#2769);
#2769 = CARTESIAN_POINT('',(-1.35,2.4,5.E-02));
#2770 = LINE('',#2771,#2772);
#2771 = CARTESIAN_POINT('',(-1.35,1.9,5.E-02));
#2772 = VECTOR('',#2773,1.);
#2773 = DIRECTION('',(0.,1.,0.));
#2774 = ORIENTED_EDGE('',*,*,#2775,.T.);
#2775 = EDGE_CURVE('',#2768,#2776,#2778,.T.);
#2776 = VERTEX_POINT('',#2777);
#2777 = CARTESIAN_POINT('',(-1.35,2.4,0.12));
#2778 = LINE('',#2779,#2780);
#2779 = CARTESIAN_POINT('',(-1.35,2.4,1.13));
#2780 = VECTOR('',#2781,1.);
#2781 = DIRECTION('',(0.,-6.123031769112E-17,1.));
#2782 = ORIENTED_EDGE('',*,*,#2783,.T.);
#2783 = EDGE_CURVE('',#2776,#2728,#2784,.T.);
#2784 = LINE('',#2785,#2786);
#2785 = CARTESIAN_POINT('',(-1.35,2.32,0.12));
#2786 = VECTOR('',#2787,1.);
#2787 = DIRECTION('',(0.,1.,0.));
#2788 = ORIENTED_EDGE('',*,*,#2727,.T.);
#2789 = ORIENTED_EDGE('',*,*,#2687,.T.);
#2790 = PLANE('',#2791);
#2791 = AXIS2_PLACEMENT_3D('',#2792,#2793,#2794);
#2792 = CARTESIAN_POINT('',(-1.35,1.9,1.13));
#2793 = DIRECTION('',(1.,0.,-0.));
#2794 = DIRECTION('',(0.,0.,1.));
#2795 = ADVANCED_FACE('',(#2796),#2831,.T.);
#2796 = FACE_BOUND('',#2797,.T.);
#2797 = EDGE_LOOP('',(#2798,#2808,#2815,#2816,#2817,#2825));
#2798 = ORIENTED_EDGE('',*,*,#2799,.F.);
#2799 = EDGE_CURVE('',#2800,#2802,#2804,.T.);
#2800 = VERTEX_POINT('',#2801);
#2801 = CARTESIAN_POINT('',(-1.15,2.180357599562,5.E-02));
#2802 = VERTEX_POINT('',#2803);
#2803 = CARTESIAN_POINT('',(-1.15,2.4,5.E-02));
#2804 = LINE('',#2805,#2806);
#2805 = CARTESIAN_POINT('',(-1.15,1.9,5.E-02));
#2806 = VECTOR('',#2807,1.);
#2807 = DIRECTION('',(0.,1.,0.));
#2808 = ORIENTED_EDGE('',*,*,#2809,.F.);
#2809 = EDGE_CURVE('',#2706,#2800,#2810,.T.);
#2810 = CIRCLE('',#2811,0.22);
#2811 = AXIS2_PLACEMENT_3D('',#2812,#2813,#2814);
#2812 = CARTESIAN_POINT('',(-1.15,2.32,0.22));
#2813 = DIRECTION('',(-1.,0.,0.));
#2814 = DIRECTION('',(0.,0.,-1.));
#2815 = ORIENTED_EDGE('',*,*,#2705,.F.);
#2816 = ORIENTED_EDGE('',*,*,#2743,.F.);
#2817 = ORIENTED_EDGE('',*,*,#2818,.F.);
#2818 = EDGE_CURVE('',#2819,#2736,#2821,.T.);
#2819 = VERTEX_POINT('',#2820);
#2820 = CARTESIAN_POINT('',(-1.15,2.4,0.12));
#2821 = LINE('',#2822,#2823);
#2822 = CARTESIAN_POINT('',(-1.15,2.32,0.12));
#2823 = VECTOR('',#2824,1.);
#2824 = DIRECTION('',(0.,1.,0.));
#2825 = ORIENTED_EDGE('',*,*,#2826,.F.);
#2826 = EDGE_CURVE('',#2802,#2819,#2827,.T.);
#2827 = LINE('',#2828,#2829);
#2828 = CARTESIAN_POINT('',(-1.15,2.4,1.13));
#2829 = VECTOR('',#2830,1.);
#2830 = DIRECTION('',(0.,-6.123031769112E-17,1.));
#2831 = PLANE('',#2832);
#2832 = AXIS2_PLACEMENT_3D('',#2833,#2834,#2835);
#2833 = CARTESIAN_POINT('',(-1.15,1.9,1.13));
#2834 = DIRECTION('',(1.,0.,-0.));
#2835 = DIRECTION('',(0.,0.,1.));
#2836 = ADVANCED_FACE('',(#2837),#2848,.T.);
#2837 = FACE_BOUND('',#2838,.T.);
#2838 = EDGE_LOOP('',(#2839,#2840,#2846,#2847));
#2839 = ORIENTED_EDGE('',*,*,#2809,.T.);
#2840 = ORIENTED_EDGE('',*,*,#2841,.T.);
#2841 = EDGE_CURVE('',#2800,#2759,#2842,.T.);
#2842 = LINE('',#2843,#2844);
#2843 = CARTESIAN_POINT('',(-1.15,2.180357599562,5.E-02));
#2844 = VECTOR('',#2845,1.);
#2845 = DIRECTION('',(-1.,0.,0.));
#2846 = ORIENTED_EDGE('',*,*,#2758,.F.);
#2847 = ORIENTED_EDGE('',*,*,#2713,.F.);
#2848 = CYLINDRICAL_SURFACE('',#2849,0.22);
#2849 = AXIS2_PLACEMENT_3D('',#2850,#2851,#2852);
#2850 = CARTESIAN_POINT('',(-1.15,2.32,0.22));
#2851 = DIRECTION('',(-1.,0.,0.));
#2852 = DIRECTION('',(0.,0.,-1.));
#2853 = ADVANCED_FACE('',(#2854),#2865,.F.);
#2854 = FACE_BOUND('',#2855,.T.);
#2855 = EDGE_LOOP('',(#2856,#2857,#2863,#2864));
#2856 = ORIENTED_EDGE('',*,*,#2783,.F.);
#2857 = ORIENTED_EDGE('',*,*,#2858,.T.);
#2858 = EDGE_CURVE('',#2776,#2819,#2859,.T.);
#2859 = LINE('',#2860,#2861);
#2860 = CARTESIAN_POINT('',(-1.15,2.4,0.12));
#2861 = VECTOR('',#2862,1.);
#2862 = DIRECTION('',(1.,3.061515884556E-17,0.));
#2863 = ORIENTED_EDGE('',*,*,#2818,.T.);
#2864 = ORIENTED_EDGE('',*,*,#2735,.T.);
#2865 = PLANE('',#2866);
#2866 = AXIS2_PLACEMENT_3D('',#2867,#2868,#2869);
#2867 = CARTESIAN_POINT('',(-1.15,2.32,0.12));
#2868 = DIRECTION('',(0.,0.,-1.));
#2869 = DIRECTION('',(0.,-1.,0.));
#2870 = ADVANCED_FACE('',(#2871),#2915,.T.);
#2871 = FACE_BOUND('',#2872,.T.);
#2872 = EDGE_LOOP('',(#2873,#2883,#2891,#2900,#2908));
#2873 = ORIENTED_EDGE('',*,*,#2874,.F.);
#2874 = EDGE_CURVE('',#2875,#2877,#2879,.T.);
#2875 = VERTEX_POINT('',#2876);
#2876 = CARTESIAN_POINT('',(-1.15,1.,1.091428571429));
#2877 = VERTEX_POINT('',#2878);
#2878 = CARTESIAN_POINT('',(-1.15,1.,0.873988949953));
#2879 = LINE('',#2880,#2881);
#2880 = CARTESIAN_POINT('',(-1.15,1.,1.13));
#2881 = VECTOR('',#2882,1.);
#2882 = DIRECTION('',(0.,6.123031769112E-17,-1.));
#2883 = ORIENTED_EDGE('',*,*,#2884,.F.);
#2884 = EDGE_CURVE('',#2885,#2875,#2887,.T.);
#2885 = VERTEX_POINT('',#2886);
#2886 = CARTESIAN_POINT('',(-1.15,0.970376573854,1.057573227262));
#2887 = LINE('',#2888,#2889);
#2888 = CARTESIAN_POINT('',(-1.15,0.970376573854,1.057573227262));
#2889 = VECTOR('',#2890,1.);
#2890 = DIRECTION('',(0.,0.658504607869,0.752576694707));
#2891 = ORIENTED_EDGE('',*,*,#2892,.F.);
#2892 = EDGE_CURVE('',#2893,#2885,#2895,.T.);
#2893 = VERTEX_POINT('',#2894);
#2894 = CARTESIAN_POINT('',(-1.15,0.989501892653,0.881945973835));
#2895 = CIRCLE('',#2896,0.12);
#2896 = AXIS2_PLACEMENT_3D('',#2897,#2898,#2899);
#2897 = CARTESIAN_POINT('',(-1.15,1.060685777219,0.978552674317));
#2898 = DIRECTION('',(-1.,0.,0.));
#2899 = DIRECTION('',(-0.,-0.59319903805,-0.805055837353));
#2900 = ORIENTED_EDGE('',*,*,#2901,.F.);
#2901 = EDGE_CURVE('',#2902,#2893,#2904,.T.);
#2902 = VERTEX_POINT('',#2903);
#2903 = CARTESIAN_POINT('',(-1.15,0.99330699074,0.879142217349));
#2904 = LINE('',#2905,#2906);
#2905 = CARTESIAN_POINT('',(-1.15,0.99330699074,0.879142217349));
#2906 = VECTOR('',#2907,1.);
#2907 = DIRECTION('',(0.,-0.805055837353,0.59319903805));
#2908 = ORIENTED_EDGE('',*,*,#2909,.F.);
#2909 = EDGE_CURVE('',#2877,#2902,#2910,.T.);
#2910 = CIRCLE('',#2911,0.2);
#2911 = AXIS2_PLACEMENT_3D('',#2912,#2913,#2914);
#2912 = CARTESIAN_POINT('',(-1.15,0.87466718313,0.718131049879));
#2913 = DIRECTION('',(1.,0.,0.));
#2914 = DIRECTION('',(-0.,0.988715504225,0.149805379428));
#2915 = PLANE('',#2916);
#2916 = AXIS2_PLACEMENT_3D('',#2917,#2918,#2919);
#2917 = CARTESIAN_POINT('',(-1.15,1.9,1.13));
#2918 = DIRECTION('',(1.,0.,-0.));
#2919 = DIRECTION('',(0.,0.,1.));
#2920 = ADVANCED_FACE('',(#2921),#2965,.F.);
#2921 = FACE_BOUND('',#2922,.T.);
#2922 = EDGE_LOOP('',(#2923,#2933,#2941,#2950,#2958));
#2923 = ORIENTED_EDGE('',*,*,#2924,.T.);
#2924 = EDGE_CURVE('',#2925,#2927,#2929,.T.);
#2925 = VERTEX_POINT('',#2926);
#2926 = CARTESIAN_POINT('',(-1.35,0.970376573854,1.057573227262));
#2927 = VERTEX_POINT('',#2928);
#2928 = CARTESIAN_POINT('',(-1.35,1.,1.091428571429));
#2929 = LINE('',#2930,#2931);
#2930 = CARTESIAN_POINT('',(-1.35,0.970376573854,1.057573227262));
#2931 = VECTOR('',#2932,1.);
#2932 = DIRECTION('',(0.,0.658504607869,0.752576694707));
#2933 = ORIENTED_EDGE('',*,*,#2934,.T.);
#2934 = EDGE_CURVE('',#2927,#2935,#2937,.T.);
#2935 = VERTEX_POINT('',#2936);
#2936 = CARTESIAN_POINT('',(-1.35,1.,0.873988949953));
#2937 = LINE('',#2938,#2939);
#2938 = CARTESIAN_POINT('',(-1.35,1.,1.13));
#2939 = VECTOR('',#2940,1.);
#2940 = DIRECTION('',(0.,6.123031769112E-17,-1.));
#2941 = ORIENTED_EDGE('',*,*,#2942,.T.);
#2942 = EDGE_CURVE('',#2935,#2943,#2945,.T.);
#2943 = VERTEX_POINT('',#2944);
#2944 = CARTESIAN_POINT('',(-1.35,0.99330699074,0.879142217349));
#2945 = CIRCLE('',#2946,0.2);
#2946 = AXIS2_PLACEMENT_3D('',#2947,#2948,#2949);
#2947 = CARTESIAN_POINT('',(-1.35,0.87466718313,0.718131049879));
#2948 = DIRECTION('',(1.,0.,0.));
#2949 = DIRECTION('',(-0.,0.988715504225,0.149805379428));
#2950 = ORIENTED_EDGE('',*,*,#2951,.T.);
#2951 = EDGE_CURVE('',#2943,#2952,#2954,.T.);
#2952 = VERTEX_POINT('',#2953);
#2953 = CARTESIAN_POINT('',(-1.35,0.989501892653,0.881945973835));
#2954 = LINE('',#2955,#2956);
#2955 = CARTESIAN_POINT('',(-1.35,0.99330699074,0.879142217349));
#2956 = VECTOR('',#2957,1.);
#2957 = DIRECTION('',(0.,-0.805055837353,0.59319903805));
#2958 = ORIENTED_EDGE('',*,*,#2959,.T.);
#2959 = EDGE_CURVE('',#2952,#2925,#2960,.T.);
#2960 = CIRCLE('',#2961,0.12);
#2961 = AXIS2_PLACEMENT_3D('',#2962,#2963,#2964);
#2962 = CARTESIAN_POINT('',(-1.35,1.060685777219,0.978552674317));
#2963 = DIRECTION('',(-1.,0.,0.));
#2964 = DIRECTION('',(-0.,-0.59319903805,-0.805055837353));
#2965 = PLANE('',#2966);
#2966 = AXIS2_PLACEMENT_3D('',#2967,#2968,#2969);
#2967 = CARTESIAN_POINT('',(-1.35,1.9,1.13));
#2968 = DIRECTION('',(1.,0.,-0.));
#2969 = DIRECTION('',(0.,0.,1.));
#2970 = ADVANCED_FACE('',(#2971),#2987,.F.);
#2971 = FACE_BOUND('',#2972,.F.);
#2972 = EDGE_LOOP('',(#2973,#2979,#2980,#2986));
#2973 = ORIENTED_EDGE('',*,*,#2974,.F.);
#2974 = EDGE_CURVE('',#2902,#2943,#2975,.T.);
#2975 = LINE('',#2976,#2977);
#2976 = CARTESIAN_POINT('',(-1.15,0.99330699074,0.879142217349));
#2977 = VECTOR('',#2978,1.);
#2978 = DIRECTION('',(-1.,0.,0.));
#2979 = ORIENTED_EDGE('',*,*,#2909,.F.);
#2980 = ORIENTED_EDGE('',*,*,#2981,.F.);
#2981 = EDGE_CURVE('',#2935,#2877,#2982,.T.);
#2982 = LINE('',#2983,#2984);
#2983 = CARTESIAN_POINT('',(-1.15,1.,0.873988949953));
#2984 = VECTOR('',#2985,1.);
#2985 = DIRECTION('',(1.,-0.,-0.));
#2986 = ORIENTED_EDGE('',*,*,#2942,.T.);
#2987 = CYLINDRICAL_SURFACE('',#2988,0.2);
#2988 = AXIS2_PLACEMENT_3D('',#2989,#2990,#2991);
#2989 = CARTESIAN_POINT('',(-1.15,0.87466718313,0.718131049879));
#2990 = DIRECTION('',(-1.,0.,0.));
#2991 = DIRECTION('',(0.,0.,-1.));
#2992 = ADVANCED_FACE('',(#2993),#3004,.F.);
#2993 = FACE_BOUND('',#2994,.T.);
#2994 = EDGE_LOOP('',(#2995,#2996,#2997,#2998));
#2995 = ORIENTED_EDGE('',*,*,#2951,.F.);
#2996 = ORIENTED_EDGE('',*,*,#2974,.F.);
#2997 = ORIENTED_EDGE('',*,*,#2901,.T.);
#2998 = ORIENTED_EDGE('',*,*,#2999,.T.);
#2999 = EDGE_CURVE('',#2893,#2952,#3000,.T.);
#3000 = LINE('',#3001,#3002);
#3001 = CARTESIAN_POINT('',(-1.15,0.989501892653,0.881945973835));
#3002 = VECTOR('',#3003,1.);
#3003 = DIRECTION('',(-1.,0.,0.));
#3004 = PLANE('',#3005);
#3005 = AXIS2_PLACEMENT_3D('',#3006,#3007,#3008);
#3006 = CARTESIAN_POINT('',(-1.15,0.99330699074,0.879142217349));
#3007 = DIRECTION('',(0.,0.59319903805,0.805055837353));
#3008 = DIRECTION('',(0.,0.805055837353,-0.59319903805));
#3009 = ADVANCED_FACE('',(#3010),#3021,.T.);
#3010 = FACE_BOUND('',#3011,.T.);
#3011 = EDGE_LOOP('',(#3012,#3013,#3014,#3015));
#3012 = ORIENTED_EDGE('',*,*,#2959,.F.);
#3013 = ORIENTED_EDGE('',*,*,#2999,.F.);
#3014 = ORIENTED_EDGE('',*,*,#2892,.T.);
#3015 = ORIENTED_EDGE('',*,*,#3016,.T.);
#3016 = EDGE_CURVE('',#2885,#2925,#3017,.T.);
#3017 = LINE('',#3018,#3019);
#3018 = CARTESIAN_POINT('',(-1.15,0.970376573854,1.057573227262));
#3019 = VECTOR('',#3020,1.);
#3020 = DIRECTION('',(-1.,0.,0.));
#3021 = CYLINDRICAL_SURFACE('',#3022,0.12);
#3022 = AXIS2_PLACEMENT_3D('',#3023,#3024,#3025);
#3023 = CARTESIAN_POINT('',(-1.15,1.060685777219,0.978552674317));
#3024 = DIRECTION('',(-1.,0.,0.));
#3025 = DIRECTION('',(0.,0.,-1.));
#3026 = ADVANCED_FACE('',(#3027),#3038,.F.);
#3027 = FACE_BOUND('',#3028,.T.);
#3028 = EDGE_LOOP('',(#3029,#3030,#3036,#3037));
#3029 = ORIENTED_EDGE('',*,*,#2884,.T.);
#3030 = ORIENTED_EDGE('',*,*,#3031,.T.);
#3031 = EDGE_CURVE('',#2875,#2927,#3032,.T.);
#3032 = LINE('',#3033,#3034);
#3033 = CARTESIAN_POINT('',(-1.15,1.,1.091428571429));
#3034 = VECTOR('',#3035,1.);
#3035 = DIRECTION('',(-1.,-3.061515884556E-17,-3.498875296635E-17));
#3036 = ORIENTED_EDGE('',*,*,#2924,.F.);
#3037 = ORIENTED_EDGE('',*,*,#3016,.F.);
#3038 = PLANE('',#3039);
#3039 = AXIS2_PLACEMENT_3D('',#3040,#3041,#3042);
#3040 = CARTESIAN_POINT('',(-1.15,0.970376573854,1.057573227262));
#3041 = DIRECTION('',(0.,0.752576694707,-0.658504607869));
#3042 = DIRECTION('',(0.,-0.658504607869,-0.752576694707));
#3043 = ADVANCED_FACE('',(#3044),#3078,.F.);
#3044 = FACE_BOUND('',#3045,.T.);
#3045 = EDGE_LOOP('',(#3046,#3056,#3064,#3072));
#3046 = ORIENTED_EDGE('',*,*,#3047,.T.);
#3047 = EDGE_CURVE('',#3048,#3050,#3052,.T.);
#3048 = VERTEX_POINT('',#3049);
#3049 = CARTESIAN_POINT('',(-0.85,-1.9,1.35));
#3050 = VERTEX_POINT('',#3051);
#3051 = CARTESIAN_POINT('',(-0.85,-2.,1.35));
#3052 = LINE('',#3053,#3054);
#3053 = CARTESIAN_POINT('',(-0.85,-1.9,1.35));
#3054 = VECTOR('',#3055,1.);
#3055 = DIRECTION('',(0.,-1.,0.));
#3056 = ORIENTED_EDGE('',*,*,#3057,.F.);
#3057 = EDGE_CURVE('',#3058,#3050,#3060,.T.);
#3058 = VERTEX_POINT('',#3059);
#3059 = CARTESIAN_POINT('',(-0.65,-2.,1.35));
#3060 = LINE('',#3061,#3062);
#3061 = CARTESIAN_POINT('',(-0.65,-2.,1.35));
#3062 = VECTOR('',#3063,1.);
#3063 = DIRECTION('',(-1.,0.,0.));
#3064 = ORIENTED_EDGE('',*,*,#3065,.F.);
#3065 = EDGE_CURVE('',#3066,#3058,#3068,.T.);
#3066 = VERTEX_POINT('',#3067);
#3067 = CARTESIAN_POINT('',(-0.65,-1.9,1.35));
#3068 = LINE('',#3069,#3070);
#3069 = CARTESIAN_POINT('',(-0.65,-1.9,1.35));
#3070 = VECTOR('',#3071,1.);
#3071 = DIRECTION('',(0.,-1.,0.));
#3072 = ORIENTED_EDGE('',*,*,#3073,.T.);
#3073 = EDGE_CURVE('',#3066,#3048,#3074,.T.);
#3074 = LINE('',#3075,#3076);
#3075 = CARTESIAN_POINT('',(-0.65,-1.9,1.35));
#3076 = VECTOR('',#3077,1.);
#3077 = DIRECTION('',(-1.,0.,0.));
#3078 = PLANE('',#3079);
#3079 = AXIS2_PLACEMENT_3D('',#3080,#3081,#3082);
#3080 = CARTESIAN_POINT('',(-0.65,-1.9,1.35));
#3081 = DIRECTION('',(0.,0.,-1.));
#3082 = DIRECTION('',(0.,1.,0.));
#3083 = ADVANCED_FACE('',(#3084),#3111,.T.);
#3084 = FACE_BOUND('',#3085,.T.);
#3085 = EDGE_LOOP('',(#3086,#3096,#3103,#3104));
#3086 = ORIENTED_EDGE('',*,*,#3087,.F.);
#3087 = EDGE_CURVE('',#3088,#3090,#3092,.T.);
#3088 = VERTEX_POINT('',#3089);
#3089 = CARTESIAN_POINT('',(-0.65,-1.760357599562,1.3));
#3090 = VERTEX_POINT('',#3091);
#3091 = CARTESIAN_POINT('',(-0.65,-2.139642400438,1.3));
#3092 = LINE('',#3093,#3094);
#3093 = CARTESIAN_POINT('',(-0.65,-1.9,1.3));
#3094 = VECTOR('',#3095,1.);
#3095 = DIRECTION('',(0.,-1.,0.));
#3096 = ORIENTED_EDGE('',*,*,#3097,.T.);
#3097 = EDGE_CURVE('',#3088,#3066,#3098,.T.);
#3098 = CIRCLE('',#3099,0.22);
#3099 = AXIS2_PLACEMENT_3D('',#3100,#3101,#3102);
#3100 = CARTESIAN_POINT('',(-0.65,-1.9,1.13));
#3101 = DIRECTION('',(1.,0.,0.));
#3102 = DIRECTION('',(-0.,1.,0.));
#3103 = ORIENTED_EDGE('',*,*,#3065,.T.);
#3104 = ORIENTED_EDGE('',*,*,#3105,.T.);
#3105 = EDGE_CURVE('',#3058,#3090,#3106,.T.);
#3106 = CIRCLE('',#3107,0.22);
#3107 = AXIS2_PLACEMENT_3D('',#3108,#3109,#3110);
#3108 = CARTESIAN_POINT('',(-0.65,-2.,1.13));
#3109 = DIRECTION('',(1.,0.,-0.));
#3110 = DIRECTION('',(0.,0.,1.));
#3111 = PLANE('',#3112);
#3112 = AXIS2_PLACEMENT_3D('',#3113,#3114,#3115);
#3113 = CARTESIAN_POINT('',(-0.65,-1.9,1.13));
#3114 = DIRECTION('',(1.,0.,-0.));
#3115 = DIRECTION('',(0.,0.,1.));
#3116 = ADVANCED_FACE('',(#3117),#3144,.F.);
#3117 = FACE_BOUND('',#3118,.T.);
#3118 = EDGE_LOOP('',(#3119,#3128,#3136,#3143));
#3119 = ORIENTED_EDGE('',*,*,#3120,.F.);
#3120 = EDGE_CURVE('',#3121,#3048,#3123,.T.);
#3121 = VERTEX_POINT('',#3122);
#3122 = CARTESIAN_POINT('',(-0.85,-1.760357599562,1.3));
#3123 = CIRCLE('',#3124,0.22);
#3124 = AXIS2_PLACEMENT_3D('',#3125,#3126,#3127);
#3125 = CARTESIAN_POINT('',(-0.85,-1.9,1.13));
#3126 = DIRECTION('',(1.,0.,0.));
#3127 = DIRECTION('',(-0.,1.,0.));
#3128 = ORIENTED_EDGE('',*,*,#3129,.T.);
#3129 = EDGE_CURVE('',#3121,#3130,#3132,.T.);
#3130 = VERTEX_POINT('',#3131);
#3131 = CARTESIAN_POINT('',(-0.85,-2.139642400438,1.3));
#3132 = LINE('',#3133,#3134);
#3133 = CARTESIAN_POINT('',(-0.85,-1.9,1.3));
#3134 = VECTOR('',#3135,1.);
#3135 = DIRECTION('',(0.,-1.,0.));
#3136 = ORIENTED_EDGE('',*,*,#3137,.F.);
#3137 = EDGE_CURVE('',#3050,#3130,#3138,.T.);
#3138 = CIRCLE('',#3139,0.22);
#3139 = AXIS2_PLACEMENT_3D('',#3140,#3141,#3142);
#3140 = CARTESIAN_POINT('',(-0.85,-2.,1.13));
#3141 = DIRECTION('',(1.,0.,-0.));
#3142 = DIRECTION('',(0.,0.,1.));
#3143 = ORIENTED_EDGE('',*,*,#3047,.F.);
#3144 = PLANE('',#3145);
#3145 = AXIS2_PLACEMENT_3D('',#3146,#3147,#3148);
#3146 = CARTESIAN_POINT('',(-0.85,-1.9,1.13));
#3147 = DIRECTION('',(1.,0.,-0.));
#3148 = DIRECTION('',(0.,0.,1.));
#3149 = ADVANCED_FACE('',(#3150),#3161,.T.);
#3150 = FACE_BOUND('',#3151,.T.);
#3151 = EDGE_LOOP('',(#3152,#3153,#3159,#3160));
#3152 = ORIENTED_EDGE('',*,*,#3137,.T.);
#3153 = ORIENTED_EDGE('',*,*,#3154,.T.);
#3154 = EDGE_CURVE('',#3130,#3090,#3155,.T.);
#3155 = LINE('',#3156,#3157);
#3156 = CARTESIAN_POINT('',(-0.65,-2.139642400438,1.3));
#3157 = VECTOR('',#3158,1.);
#3158 = DIRECTION('',(1.,-0.,-0.));
#3159 = ORIENTED_EDGE('',*,*,#3105,.F.);
#3160 = ORIENTED_EDGE('',*,*,#3057,.T.);
#3161 = CYLINDRICAL_SURFACE('',#3162,0.22);
#3162 = AXIS2_PLACEMENT_3D('',#3163,#3164,#3165);
#3163 = CARTESIAN_POINT('',(-0.65,-2.,1.13));
#3164 = DIRECTION('',(-1.,0.,0.));
#3165 = DIRECTION('',(0.,0.,-1.));
#3166 = ADVANCED_FACE('',(#3167),#3178,.T.);
#3167 = FACE_BOUND('',#3168,.T.);
#3168 = EDGE_LOOP('',(#3169,#3170,#3176,#3177));
#3169 = ORIENTED_EDGE('',*,*,#3097,.F.);
#3170 = ORIENTED_EDGE('',*,*,#3171,.T.);
#3171 = EDGE_CURVE('',#3088,#3121,#3172,.T.);
#3172 = LINE('',#3173,#3174);
#3173 = CARTESIAN_POINT('',(-0.65,-1.760357599562,1.3));
#3174 = VECTOR('',#3175,1.);
#3175 = DIRECTION('',(-1.,0.,0.));
#3176 = ORIENTED_EDGE('',*,*,#3120,.T.);
#3177 = ORIENTED_EDGE('',*,*,#3073,.F.);
#3178 = CYLINDRICAL_SURFACE('',#3179,0.22);
#3179 = AXIS2_PLACEMENT_3D('',#3180,#3181,#3182);
#3180 = CARTESIAN_POINT('',(-0.65,-1.9,1.13));
#3181 = DIRECTION('',(-1.,0.,0.));
#3182 = DIRECTION('',(0.,0.,-1.));
#3183 = ADVANCED_FACE('',(#3184),#3218,.F.);
#3184 = FACE_BOUND('',#3185,.T.);
#3185 = EDGE_LOOP('',(#3186,#3196,#3204,#3212));
#3186 = ORIENTED_EDGE('',*,*,#3187,.T.);
#3187 = EDGE_CURVE('',#3188,#3190,#3192,.T.);
#3188 = VERTEX_POINT('',#3189);
#3189 = CARTESIAN_POINT('',(-0.85,-2.9,0.12));
#3190 = VERTEX_POINT('',#3191);
#3191 = CARTESIAN_POINT('',(-0.85,-2.9,-1.212951180468E-15));
#3192 = LINE('',#3193,#3194);
#3193 = CARTESIAN_POINT('',(-0.85,-2.9,0.12));
#3194 = VECTOR('',#3195,1.);
#3195 = DIRECTION('',(0.,-6.123031769112E-17,-1.));
#3196 = ORIENTED_EDGE('',*,*,#3197,.F.);
#3197 = EDGE_CURVE('',#3198,#3190,#3200,.T.);
#3198 = VERTEX_POINT('',#3199);
#3199 = CARTESIAN_POINT('',(-0.65,-2.9,-1.212951180468E-15));
#3200 = LINE('',#3201,#3202);
#3201 = CARTESIAN_POINT('',(-0.65,-2.9,-1.212951180468E-15));
#3202 = VECTOR('',#3203,1.);
#3203 = DIRECTION('',(-1.,0.,0.));
#3204 = ORIENTED_EDGE('',*,*,#3205,.F.);
#3205 = EDGE_CURVE('',#3206,#3198,#3208,.T.);
#3206 = VERTEX_POINT('',#3207);
#3207 = CARTESIAN_POINT('',(-0.65,-2.9,0.12));
#3208 = LINE('',#3209,#3210);
#3209 = CARTESIAN_POINT('',(-0.65,-2.9,0.12));
#3210 = VECTOR('',#3211,1.);
#3211 = DIRECTION('',(0.,-6.123031769112E-17,-1.));
#3212 = ORIENTED_EDGE('',*,*,#3213,.T.);
#3213 = EDGE_CURVE('',#3206,#3188,#3214,.T.);
#3214 = LINE('',#3215,#3216);
#3215 = CARTESIAN_POINT('',(-0.65,-2.9,0.12));
#3216 = VECTOR('',#3217,1.);
#3217 = DIRECTION('',(-1.,0.,0.));
#3218 = PLANE('',#3219);
#3219 = AXIS2_PLACEMENT_3D('',#3220,#3221,#3222);
#3220 = CARTESIAN_POINT('',(-0.65,-2.9,0.12));
#3221 = DIRECTION('',(0.,1.,-6.123031769112E-17));
#3222 = DIRECTION('',(0.,6.123031769112E-17,1.));
#3223 = ADVANCED_FACE('',(#3224),#3249,.F.);
#3224 = FACE_BOUND('',#3225,.T.);
#3225 = EDGE_LOOP('',(#3226,#3234,#3242,#3248));
#3226 = ORIENTED_EDGE('',*,*,#3227,.T.);
#3227 = EDGE_CURVE('',#3190,#3228,#3230,.T.);
#3228 = VERTEX_POINT('',#3229);
#3229 = CARTESIAN_POINT('',(-0.85,-2.32,8.809142651445E-17));
#3230 = LINE('',#3231,#3232);
#3231 = CARTESIAN_POINT('',(-0.85,-2.9,8.809142651445E-17));
#3232 = VECTOR('',#3233,1.);
#3233 = DIRECTION('',(0.,1.,0.));
#3234 = ORIENTED_EDGE('',*,*,#3235,.F.);
#3235 = EDGE_CURVE('',#3236,#3228,#3238,.T.);
#3236 = VERTEX_POINT('',#3237);
#3237 = CARTESIAN_POINT('',(-0.65,-2.32,8.809142651445E-17));
#3238 = LINE('',#3239,#3240);
#3239 = CARTESIAN_POINT('',(-0.65,-2.32,8.809142651445E-17));
#3240 = VECTOR('',#3241,1.);
#3241 = DIRECTION('',(-1.,0.,0.));
#3242 = ORIENTED_EDGE('',*,*,#3243,.F.);
#3243 = EDGE_CURVE('',#3198,#3236,#3244,.T.);
#3244 = LINE('',#3245,#3246);
#3245 = CARTESIAN_POINT('',(-0.65,-2.9,8.809142651445E-17));
#3246 = VECTOR('',#3247,1.);
#3247 = DIRECTION('',(0.,1.,0.));
#3248 = ORIENTED_EDGE('',*,*,#3197,.T.);
#3249 = PLANE('',#3250);
#3250 = AXIS2_PLACEMENT_3D('',#3251,#3252,#3253);
#3251 = CARTESIAN_POINT('',(-0.65,-2.9,8.809142651445E-17));
#3252 = DIRECTION('',(0.,0.,1.));
#3253 = DIRECTION('',(0.,-1.,0.));
#3254 = ADVANCED_FACE('',(#3255),#3290,.T.);
#3255 = FACE_BOUND('',#3256,.T.);
#3256 = EDGE_LOOP('',(#3257,#3267,#3275,#3281,#3282,#3283));
#3257 = ORIENTED_EDGE('',*,*,#3258,.F.);
#3258 = EDGE_CURVE('',#3259,#3261,#3263,.T.);
#3259 = VERTEX_POINT('',#3260);
#3260 = CARTESIAN_POINT('',(-0.65,-2.4,5.E-02));
#3261 = VERTEX_POINT('',#3262);
#3262 = CARTESIAN_POINT('',(-0.65,-2.180357599562,5.E-02));
#3263 = LINE('',#3264,#3265);
#3264 = CARTESIAN_POINT('',(-0.65,-1.9,5.E-02));
#3265 = VECTOR('',#3266,1.);
#3266 = DIRECTION('',(0.,1.,0.));
#3267 = ORIENTED_EDGE('',*,*,#3268,.F.);
#3268 = EDGE_CURVE('',#3269,#3259,#3271,.T.);
#3269 = VERTEX_POINT('',#3270);
#3270 = CARTESIAN_POINT('',(-0.65,-2.4,0.12));
#3271 = LINE('',#3272,#3273);
#3272 = CARTESIAN_POINT('',(-0.65,-2.4,1.13));
#3273 = VECTOR('',#3274,1.);
#3274 = DIRECTION('',(0.,-6.123031769112E-17,-1.));
#3275 = ORIENTED_EDGE('',*,*,#3276,.T.);
#3276 = EDGE_CURVE('',#3269,#3206,#3277,.T.);
#3277 = LINE('',#3278,#3279);
#3278 = CARTESIAN_POINT('',(-0.65,-2.32,0.12));
#3279 = VECTOR('',#3280,1.);
#3280 = DIRECTION('',(0.,-1.,0.));
#3281 = ORIENTED_EDGE('',*,*,#3205,.T.);
#3282 = ORIENTED_EDGE('',*,*,#3243,.T.);
#3283 = ORIENTED_EDGE('',*,*,#3284,.T.);
#3284 = EDGE_CURVE('',#3236,#3261,#3285,.T.);
#3285 = CIRCLE('',#3286,0.22);
#3286 = AXIS2_PLACEMENT_3D('',#3287,#3288,#3289);
#3287 = CARTESIAN_POINT('',(-0.65,-2.32,0.22));
#3288 = DIRECTION('',(1.,0.,0.));
#3289 = DIRECTION('',(0.,0.,-1.));
#3290 = PLANE('',#3291);
#3291 = AXIS2_PLACEMENT_3D('',#3292,#3293,#3294);
#3292 = CARTESIAN_POINT('',(-0.65,-1.9,1.13));
#3293 = DIRECTION('',(1.,0.,-0.));
#3294 = DIRECTION('',(0.,0.,1.));
#3295 = ADVANCED_FACE('',(#3296),#3331,.F.);
#3296 = FACE_BOUND('',#3297,.T.);
#3297 = EDGE_LOOP('',(#3298,#3308,#3316,#3323,#3324,#3325));
#3298 = ORIENTED_EDGE('',*,*,#3299,.T.);
#3299 = EDGE_CURVE('',#3300,#3302,#3304,.T.);
#3300 = VERTEX_POINT('',#3301);
#3301 = CARTESIAN_POINT('',(-0.85,-2.4,0.12));
#3302 = VERTEX_POINT('',#3303);
#3303 = CARTESIAN_POINT('',(-0.85,-2.4,5.E-02));
#3304 = LINE('',#3305,#3306);
#3305 = CARTESIAN_POINT('',(-0.85,-2.4,1.13));
#3306 = VECTOR('',#3307,1.);
#3307 = DIRECTION('',(0.,-6.123031769112E-17,-1.));
#3308 = ORIENTED_EDGE('',*,*,#3309,.T.);
#3309 = EDGE_CURVE('',#3302,#3310,#3312,.T.);
#3310 = VERTEX_POINT('',#3311);
#3311 = CARTESIAN_POINT('',(-0.85,-2.180357599562,5.E-02));
#3312 = LINE('',#3313,#3314);
#3313 = CARTESIAN_POINT('',(-0.85,-1.9,5.E-02));
#3314 = VECTOR('',#3315,1.);
#3315 = DIRECTION('',(0.,1.,0.));
#3316 = ORIENTED_EDGE('',*,*,#3317,.F.);
#3317 = EDGE_CURVE('',#3228,#3310,#3318,.T.);
#3318 = CIRCLE('',#3319,0.22);
#3319 = AXIS2_PLACEMENT_3D('',#3320,#3321,#3322);
#3320 = CARTESIAN_POINT('',(-0.85,-2.32,0.22));
#3321 = DIRECTION('',(1.,0.,0.));
#3322 = DIRECTION('',(0.,0.,-1.));
#3323 = ORIENTED_EDGE('',*,*,#3227,.F.);
#3324 = ORIENTED_EDGE('',*,*,#3187,.F.);
#3325 = ORIENTED_EDGE('',*,*,#3326,.F.);
#3326 = EDGE_CURVE('',#3300,#3188,#3327,.T.);
#3327 = LINE('',#3328,#3329);
#3328 = CARTESIAN_POINT('',(-0.85,-2.32,0.12));
#3329 = VECTOR('',#3330,1.);
#3330 = DIRECTION('',(0.,-1.,0.));
#3331 = PLANE('',#3332);
#3332 = AXIS2_PLACEMENT_3D('',#3333,#3334,#3335);
#3333 = CARTESIAN_POINT('',(-0.85,-1.9,1.13));
#3334 = DIRECTION('',(1.,0.,-0.));
#3335 = DIRECTION('',(0.,0.,1.));
#3336 = ADVANCED_FACE('',(#3337),#3348,.T.);
#3337 = FACE_BOUND('',#3338,.T.);
#3338 = EDGE_LOOP('',(#3339,#3340,#3346,#3347));
#3339 = ORIENTED_EDGE('',*,*,#3317,.T.);
#3340 = ORIENTED_EDGE('',*,*,#3341,.T.);
#3341 = EDGE_CURVE('',#3310,#3261,#3342,.T.);
#3342 = LINE('',#3343,#3344);
#3343 = CARTESIAN_POINT('',(-0.65,-2.180357599562,5.E-02));
#3344 = VECTOR('',#3345,1.);
#3345 = DIRECTION('',(1.,-0.,-0.));
#3346 = ORIENTED_EDGE('',*,*,#3284,.F.);
#3347 = ORIENTED_EDGE('',*,*,#3235,.T.);
#3348 = CYLINDRICAL_SURFACE('',#3349,0.22);
#3349 = AXIS2_PLACEMENT_3D('',#3350,#3351,#3352);
#3350 = CARTESIAN_POINT('',(-0.65,-2.32,0.22));
#3351 = DIRECTION('',(-1.,0.,0.));
#3352 = DIRECTION('',(0.,0.,-1.));
#3353 = ADVANCED_FACE('',(#3354),#3365,.F.);
#3354 = FACE_BOUND('',#3355,.T.);
#3355 = EDGE_LOOP('',(#3356,#3357,#3363,#3364));
#3356 = ORIENTED_EDGE('',*,*,#3276,.F.);
#3357 = ORIENTED_EDGE('',*,*,#3358,.T.);
#3358 = EDGE_CURVE('',#3269,#3300,#3359,.T.);
#3359 = LINE('',#3360,#3361);
#3360 = CARTESIAN_POINT('',(-0.65,-2.4,0.12));
#3361 = VECTOR('',#3362,1.);
#3362 = DIRECTION('',(-1.,3.061515884556E-17,0.));
#3363 = ORIENTED_EDGE('',*,*,#3326,.T.);
#3364 = ORIENTED_EDGE('',*,*,#3213,.F.);
#3365 = PLANE('',#3366);
#3366 = AXIS2_PLACEMENT_3D('',#3367,#3368,#3369);
#3367 = CARTESIAN_POINT('',(-0.65,-2.32,0.12));
#3368 = DIRECTION('',(0.,0.,-1.));
#3369 = DIRECTION('',(0.,1.,0.));
#3370 = ADVANCED_FACE('',(#3371),#3415,.T.);
#3371 = FACE_BOUND('',#3372,.T.);
#3372 = EDGE_LOOP('',(#3373,#3383,#3392,#3400,#3409));
#3373 = ORIENTED_EDGE('',*,*,#3374,.F.);
#3374 = EDGE_CURVE('',#3375,#3377,#3379,.T.);
#3375 = VERTEX_POINT('',#3376);
#3376 = CARTESIAN_POINT('',(-0.65,-1.,0.873988949953));
#3377 = VERTEX_POINT('',#3378);
#3378 = CARTESIAN_POINT('',(-0.65,-1.,1.091428571429));
#3379 = LINE('',#3380,#3381);
#3380 = CARTESIAN_POINT('',(-0.65,-1.,1.13));
#3381 = VECTOR('',#3382,1.);
#3382 = DIRECTION('',(0.,6.123031769112E-17,1.));
#3383 = ORIENTED_EDGE('',*,*,#3384,.T.);
#3384 = EDGE_CURVE('',#3375,#3385,#3387,.T.);
#3385 = VERTEX_POINT('',#3386);
#3386 = CARTESIAN_POINT('',(-0.65,-0.99330699074,0.879142217349));
#3387 = CIRCLE('',#3388,0.2);
#3388 = AXIS2_PLACEMENT_3D('',#3389,#3390,#3391);
#3389 = CARTESIAN_POINT('',(-0.65,-0.87466718313,0.718131049879));
#3390 = DIRECTION('',(-1.,0.,0.));
#3391 = DIRECTION('',(0.,-0.988715504225,0.149805379428));
#3392 = ORIENTED_EDGE('',*,*,#3393,.T.);
#3393 = EDGE_CURVE('',#3385,#3394,#3396,.T.);
#3394 = VERTEX_POINT('',#3395);
#3395 = CARTESIAN_POINT('',(-0.65,-0.989501892653,0.881945973835));
#3396 = LINE('',#3397,#3398);
#3397 = CARTESIAN_POINT('',(-0.65,-0.99330699074,0.879142217349));
#3398 = VECTOR('',#3399,1.);
#3399 = DIRECTION('',(0.,0.805055837353,0.59319903805));
#3400 = ORIENTED_EDGE('',*,*,#3401,.T.);
#3401 = EDGE_CURVE('',#3394,#3402,#3404,.T.);
#3402 = VERTEX_POINT('',#3403);
#3403 = CARTESIAN_POINT('',(-0.65,-0.970376573854,1.057573227262));
#3404 = CIRCLE('',#3405,0.12);
#3405 = AXIS2_PLACEMENT_3D('',#3406,#3407,#3408);
#3406 = CARTESIAN_POINT('',(-0.65,-1.060685777219,0.978552674317));
#3407 = DIRECTION('',(1.,0.,0.));
#3408 = DIRECTION('',(0.,0.59319903805,-0.805055837353));
#3409 = ORIENTED_EDGE('',*,*,#3410,.T.);
#3410 = EDGE_CURVE('',#3402,#3377,#3411,.T.);
#3411 = LINE('',#3412,#3413);
#3412 = CARTESIAN_POINT('',(-0.65,-0.970376573854,1.057573227262));
#3413 = VECTOR('',#3414,1.);
#3414 = DIRECTION('',(0.,-0.658504607869,0.752576694707));
#3415 = PLANE('',#3416);
#3416 = AXIS2_PLACEMENT_3D('',#3417,#3418,#3419);
#3417 = CARTESIAN_POINT('',(-0.65,-1.9,1.13));
#3418 = DIRECTION('',(1.,0.,-0.));
#3419 = DIRECTION('',(0.,0.,1.));
#3420 = ADVANCED_FACE('',(#3421),#3465,.F.);
#3421 = FACE_BOUND('',#3422,.T.);
#3422 = EDGE_LOOP('',(#3423,#3434,#3442,#3450,#3459));
#3423 = ORIENTED_EDGE('',*,*,#3424,.F.);
#3424 = EDGE_CURVE('',#3425,#3427,#3429,.T.);
#3425 = VERTEX_POINT('',#3426);
#3426 = CARTESIAN_POINT('',(-0.85,-1.,0.873988949953));
#3427 = VERTEX_POINT('',#3428);
#3428 = CARTESIAN_POINT('',(-0.85,-0.99330699074,0.879142217349));
#3429 = CIRCLE('',#3430,0.2);
#3430 = AXIS2_PLACEMENT_3D('',#3431,#3432,#3433);
#3431 = CARTESIAN_POINT('',(-0.85,-0.87466718313,0.718131049879));
#3432 = DIRECTION('',(-1.,0.,0.));
#3433 = DIRECTION('',(0.,-0.988715504225,0.149805379428));
#3434 = ORIENTED_EDGE('',*,*,#3435,.T.);
#3435 = EDGE_CURVE('',#3425,#3436,#3438,.T.);
#3436 = VERTEX_POINT('',#3437);
#3437 = CARTESIAN_POINT('',(-0.85,-1.,1.091428571429));
#3438 = LINE('',#3439,#3440);
#3439 = CARTESIAN_POINT('',(-0.85,-1.,1.13));
#3440 = VECTOR('',#3441,1.);
#3441 = DIRECTION('',(0.,6.123031769112E-17,1.));
#3442 = ORIENTED_EDGE('',*,*,#3443,.F.);
#3443 = EDGE_CURVE('',#3444,#3436,#3446,.T.);
#3444 = VERTEX_POINT('',#3445);
#3445 = CARTESIAN_POINT('',(-0.85,-0.970376573854,1.057573227262));
#3446 = LINE('',#3447,#3448);
#3447 = CARTESIAN_POINT('',(-0.85,-0.970376573854,1.057573227262));
#3448 = VECTOR('',#3449,1.);
#3449 = DIRECTION('',(0.,-0.658504607869,0.752576694707));
#3450 = ORIENTED_EDGE('',*,*,#3451,.F.);
#3451 = EDGE_CURVE('',#3452,#3444,#3454,.T.);
#3452 = VERTEX_POINT('',#3453);
#3453 = CARTESIAN_POINT('',(-0.85,-0.989501892653,0.881945973835));
#3454 = CIRCLE('',#3455,0.12);
#3455 = AXIS2_PLACEMENT_3D('',#3456,#3457,#3458);
#3456 = CARTESIAN_POINT('',(-0.85,-1.060685777219,0.978552674317));
#3457 = DIRECTION('',(1.,0.,0.));
#3458 = DIRECTION('',(0.,0.59319903805,-0.805055837353));
#3459 = ORIENTED_EDGE('',*,*,#3460,.F.);
#3460 = EDGE_CURVE('',#3427,#3452,#3461,.T.);
#3461 = LINE('',#3462,#3463);
#3462 = CARTESIAN_POINT('',(-0.85,-0.99330699074,0.879142217349));
#3463 = VECTOR('',#3464,1.);
#3464 = DIRECTION('',(0.,0.805055837353,0.59319903805));
#3465 = PLANE('',#3466);
#3466 = AXIS2_PLACEMENT_3D('',#3467,#3468,#3469);
#3467 = CARTESIAN_POINT('',(-0.85,-1.9,1.13));
#3468 = DIRECTION('',(1.,0.,-0.));
#3469 = DIRECTION('',(0.,0.,1.));
#3470 = ADVANCED_FACE('',(#3471),#3487,.F.);
#3471 = FACE_BOUND('',#3472,.F.);
#3472 = EDGE_LOOP('',(#3473,#3479,#3480,#3486));
#3473 = ORIENTED_EDGE('',*,*,#3474,.T.);
#3474 = EDGE_CURVE('',#3385,#3427,#3475,.T.);
#3475 = LINE('',#3476,#3477);
#3476 = CARTESIAN_POINT('',(-0.65,-0.99330699074,0.879142217349));
#3477 = VECTOR('',#3478,1.);
#3478 = DIRECTION('',(-1.,0.,0.));
#3479 = ORIENTED_EDGE('',*,*,#3424,.F.);
#3480 = ORIENTED_EDGE('',*,*,#3481,.F.);
#3481 = EDGE_CURVE('',#3375,#3425,#3482,.T.);
#3482 = LINE('',#3483,#3484);
#3483 = CARTESIAN_POINT('',(-0.65,-1.,0.873988949953));
#3484 = VECTOR('',#3485,1.);
#3485 = DIRECTION('',(-1.,0.,0.));
#3486 = ORIENTED_EDGE('',*,*,#3384,.T.);
#3487 = CYLINDRICAL_SURFACE('',#3488,0.2);
#3488 = AXIS2_PLACEMENT_3D('',#3489,#3490,#3491);
#3489 = CARTESIAN_POINT('',(-0.65,-0.87466718313,0.718131049879));
#3490 = DIRECTION('',(-1.,0.,0.));
#3491 = DIRECTION('',(0.,0.,-1.));
#3492 = ADVANCED_FACE('',(#3493),#3504,.F.);
#3493 = FACE_BOUND('',#3494,.T.);
#3494 = EDGE_LOOP('',(#3495,#3496,#3502,#3503));
#3495 = ORIENTED_EDGE('',*,*,#3460,.T.);
#3496 = ORIENTED_EDGE('',*,*,#3497,.F.);
#3497 = EDGE_CURVE('',#3394,#3452,#3498,.T.);
#3498 = LINE('',#3499,#3500);
#3499 = CARTESIAN_POINT('',(-0.65,-0.989501892653,0.881945973835));
#3500 = VECTOR('',#3501,1.);
#3501 = DIRECTION('',(-1.,0.,0.));
#3502 = ORIENTED_EDGE('',*,*,#3393,.F.);
#3503 = ORIENTED_EDGE('',*,*,#3474,.T.);
#3504 = PLANE('',#3505);
#3505 = AXIS2_PLACEMENT_3D('',#3506,#3507,#3508);
#3506 = CARTESIAN_POINT('',(-0.65,-0.99330699074,0.879142217349));
#3507 = DIRECTION('',(0.,-0.59319903805,0.805055837353));
#3508 = DIRECTION('',(0.,-0.805055837353,-0.59319903805));
#3509 = ADVANCED_FACE('',(#3510),#3521,.T.);
#3510 = FACE_BOUND('',#3511,.T.);
#3511 = EDGE_LOOP('',(#3512,#3513,#3519,#3520));
#3512 = ORIENTED_EDGE('',*,*,#3451,.T.);
#3513 = ORIENTED_EDGE('',*,*,#3514,.F.);
#3514 = EDGE_CURVE('',#3402,#3444,#3515,.T.);
#3515 = LINE('',#3516,#3517);
#3516 = CARTESIAN_POINT('',(-0.65,-0.970376573854,1.057573227262));
#3517 = VECTOR('',#3518,1.);
#3518 = DIRECTION('',(-1.,0.,0.));
#3519 = ORIENTED_EDGE('',*,*,#3401,.F.);
#3520 = ORIENTED_EDGE('',*,*,#3497,.T.);
#3521 = CYLINDRICAL_SURFACE('',#3522,0.12);
#3522 = AXIS2_PLACEMENT_3D('',#3523,#3524,#3525);
#3523 = CARTESIAN_POINT('',(-0.65,-1.060685777219,0.978552674317));
#3524 = DIRECTION('',(-1.,0.,0.));
#3525 = DIRECTION('',(0.,0.,-1.));
#3526 = ADVANCED_FACE('',(#3527),#3538,.F.);
#3527 = FACE_BOUND('',#3528,.T.);
#3528 = EDGE_LOOP('',(#3529,#3530,#3536,#3537));
#3529 = ORIENTED_EDGE('',*,*,#3443,.T.);
#3530 = ORIENTED_EDGE('',*,*,#3531,.T.);
#3531 = EDGE_CURVE('',#3436,#3377,#3532,.T.);
#3532 = LINE('',#3533,#3534);
#3533 = CARTESIAN_POINT('',(-0.65,-1.,1.091428571429));
#3534 = VECTOR('',#3535,1.);
#3535 = DIRECTION('',(1.,-3.061515884556E-17,3.498875296635E-17));
#3536 = ORIENTED_EDGE('',*,*,#3410,.F.);
#3537 = ORIENTED_EDGE('',*,*,#3514,.T.);
#3538 = PLANE('',#3539);
#3539 = AXIS2_PLACEMENT_3D('',#3540,#3541,#3542);
#3540 = CARTESIAN_POINT('',(-0.65,-0.970376573854,1.057573227262));
#3541 = DIRECTION('',(0.,-0.752576694707,-0.658504607869));
#3542 = DIRECTION('',(0.,0.658504607869,-0.752576694707));
#3543 = ADVANCED_FACE('',(#3544),#3578,.F.);
#3544 = FACE_BOUND('',#3545,.T.);
#3545 = EDGE_LOOP('',(#3546,#3556,#3564,#3572));
#3546 = ORIENTED_EDGE('',*,*,#3547,.F.);
#3547 = EDGE_CURVE('',#3548,#3550,#3552,.T.);
#3548 = VERTEX_POINT('',#3549);
#3549 = CARTESIAN_POINT('',(-0.85,1.9,1.35));
#3550 = VERTEX_POINT('',#3551);
#3551 = CARTESIAN_POINT('',(-0.85,2.,1.35));
#3552 = LINE('',#3553,#3554);
#3553 = CARTESIAN_POINT('',(-0.85,1.9,1.35));
#3554 = VECTOR('',#3555,1.);
#3555 = DIRECTION('',(0.,1.,0.));
#3556 = ORIENTED_EDGE('',*,*,#3557,.F.);
#3557 = EDGE_CURVE('',#3558,#3548,#3560,.T.);
#3558 = VERTEX_POINT('',#3559);
#3559 = CARTESIAN_POINT('',(-0.65,1.9,1.35));
#3560 = LINE('',#3561,#3562);
#3561 = CARTESIAN_POINT('',(-0.65,1.9,1.35));
#3562 = VECTOR('',#3563,1.);
#3563 = DIRECTION('',(-1.,0.,0.));
#3564 = ORIENTED_EDGE('',*,*,#3565,.T.);
#3565 = EDGE_CURVE('',#3558,#3566,#3568,.T.);
#3566 = VERTEX_POINT('',#3567);
#3567 = CARTESIAN_POINT('',(-0.65,2.,1.35));
#3568 = LINE('',#3569,#3570);
#3569 = CARTESIAN_POINT('',(-0.65,1.9,1.35));
#3570 = VECTOR('',#3571,1.);
#3571 = DIRECTION('',(0.,1.,0.));
#3572 = ORIENTED_EDGE('',*,*,#3573,.T.);
#3573 = EDGE_CURVE('',#3566,#3550,#3574,.T.);
#3574 = LINE('',#3575,#3576);
#3575 = CARTESIAN_POINT('',(-0.65,2.,1.35));
#3576 = VECTOR('',#3577,1.);
#3577 = DIRECTION('',(-1.,0.,0.));
#3578 = PLANE('',#3579);
#3579 = AXIS2_PLACEMENT_3D('',#3580,#3581,#3582);
#3580 = CARTESIAN_POINT('',(-0.65,1.9,1.35));
#3581 = DIRECTION('',(0.,0.,-1.));
#3582 = DIRECTION('',(0.,-1.,0.));
#3583 = ADVANCED_FACE('',(#3584),#3611,.F.);
#3584 = FACE_BOUND('',#3585,.T.);
#3585 = EDGE_LOOP('',(#3586,#3595,#3603,#3610));
#3586 = ORIENTED_EDGE('',*,*,#3587,.T.);
#3587 = EDGE_CURVE('',#3550,#3588,#3590,.T.);
#3588 = VERTEX_POINT('',#3589);
#3589 = CARTESIAN_POINT('',(-0.85,2.139642400438,1.3));
#3590 = CIRCLE('',#3591,0.22);
#3591 = AXIS2_PLACEMENT_3D('',#3592,#3593,#3594);
#3592 = CARTESIAN_POINT('',(-0.85,2.,1.13));
#3593 = DIRECTION('',(-1.,0.,0.));
#3594 = DIRECTION('',(0.,0.,1.));
#3595 = ORIENTED_EDGE('',*,*,#3596,.T.);
#3596 = EDGE_CURVE('',#3588,#3597,#3599,.T.);
#3597 = VERTEX_POINT('',#3598);
#3598 = CARTESIAN_POINT('',(-0.85,1.760357599562,1.3));
#3599 = LINE('',#3600,#3601);
#3600 = CARTESIAN_POINT('',(-0.85,1.9,1.3));
#3601 = VECTOR('',#3602,1.);
#3602 = DIRECTION('',(0.,-1.,0.));
#3603 = ORIENTED_EDGE('',*,*,#3604,.T.);
#3604 = EDGE_CURVE('',#3597,#3548,#3605,.T.);
#3605 = CIRCLE('',#3606,0.22);
#3606 = AXIS2_PLACEMENT_3D('',#3607,#3608,#3609);
#3607 = CARTESIAN_POINT('',(-0.85,1.9,1.13));
#3608 = DIRECTION('',(-1.,0.,0.));
#3609 = DIRECTION('',(0.,-1.,0.));
#3610 = ORIENTED_EDGE('',*,*,#3547,.T.);
#3611 = PLANE('',#3612);
#3612 = AXIS2_PLACEMENT_3D('',#3613,#3614,#3615);
#3613 = CARTESIAN_POINT('',(-0.85,1.9,1.13));
#3614 = DIRECTION('',(1.,0.,-0.));
#3615 = DIRECTION('',(0.,0.,1.));
#3616 = ADVANCED_FACE('',(#3617),#3644,.T.);
#3617 = FACE_BOUND('',#3618,.T.);
#3618 = EDGE_LOOP('',(#3619,#3629,#3636,#3637));
#3619 = ORIENTED_EDGE('',*,*,#3620,.F.);
#3620 = EDGE_CURVE('',#3621,#3623,#3625,.T.);
#3621 = VERTEX_POINT('',#3622);
#3622 = CARTESIAN_POINT('',(-0.65,2.139642400438,1.3));
#3623 = VERTEX_POINT('',#3624);
#3624 = CARTESIAN_POINT('',(-0.65,1.760357599562,1.3));
#3625 = LINE('',#3626,#3627);
#3626 = CARTESIAN_POINT('',(-0.65,1.9,1.3));
#3627 = VECTOR('',#3628,1.);
#3628 = DIRECTION('',(0.,-1.,0.));
#3629 = ORIENTED_EDGE('',*,*,#3630,.F.);
#3630 = EDGE_CURVE('',#3566,#3621,#3631,.T.);
#3631 = CIRCLE('',#3632,0.22);
#3632 = AXIS2_PLACEMENT_3D('',#3633,#3634,#3635);
#3633 = CARTESIAN_POINT('',(-0.65,2.,1.13));
#3634 = DIRECTION('',(-1.,0.,0.));
#3635 = DIRECTION('',(0.,0.,1.));
#3636 = ORIENTED_EDGE('',*,*,#3565,.F.);
#3637 = ORIENTED_EDGE('',*,*,#3638,.F.);
#3638 = EDGE_CURVE('',#3623,#3558,#3639,.T.);
#3639 = CIRCLE('',#3640,0.22);
#3640 = AXIS2_PLACEMENT_3D('',#3641,#3642,#3643);
#3641 = CARTESIAN_POINT('',(-0.65,1.9,1.13));
#3642 = DIRECTION('',(-1.,0.,0.));
#3643 = DIRECTION('',(0.,-1.,0.));
#3644 = PLANE('',#3645);
#3645 = AXIS2_PLACEMENT_3D('',#3646,#3647,#3648);
#3646 = CARTESIAN_POINT('',(-0.65,1.9,1.13));
#3647 = DIRECTION('',(1.,0.,-0.));
#3648 = DIRECTION('',(0.,0.,1.));
#3649 = ADVANCED_FACE('',(#3650),#3661,.T.);
#3650 = FACE_BOUND('',#3651,.T.);
#3651 = EDGE_LOOP('',(#3652,#3653,#3659,#3660));
#3652 = ORIENTED_EDGE('',*,*,#3630,.T.);
#3653 = ORIENTED_EDGE('',*,*,#3654,.T.);
#3654 = EDGE_CURVE('',#3621,#3588,#3655,.T.);
#3655 = LINE('',#3656,#3657);
#3656 = CARTESIAN_POINT('',(-0.65,2.139642400438,1.3));
#3657 = VECTOR('',#3658,1.);
#3658 = DIRECTION('',(-1.,0.,0.));
#3659 = ORIENTED_EDGE('',*,*,#3587,.F.);
#3660 = ORIENTED_EDGE('',*,*,#3573,.F.);
#3661 = CYLINDRICAL_SURFACE('',#3662,0.22);
#3662 = AXIS2_PLACEMENT_3D('',#3663,#3664,#3665);
#3663 = CARTESIAN_POINT('',(-0.65,2.,1.13));
#3664 = DIRECTION('',(-1.,0.,0.));
#3665 = DIRECTION('',(0.,0.,-1.));
#3666 = ADVANCED_FACE('',(#3667),#3678,.T.);
#3667 = FACE_BOUND('',#3668,.T.);
#3668 = EDGE_LOOP('',(#3669,#3670,#3676,#3677));
#3669 = ORIENTED_EDGE('',*,*,#3604,.F.);
#3670 = ORIENTED_EDGE('',*,*,#3671,.T.);
#3671 = EDGE_CURVE('',#3597,#3623,#3672,.T.);
#3672 = LINE('',#3673,#3674);
#3673 = CARTESIAN_POINT('',(-0.65,1.760357599562,1.3));
#3674 = VECTOR('',#3675,1.);
#3675 = DIRECTION('',(1.,-0.,-0.));
#3676 = ORIENTED_EDGE('',*,*,#3638,.T.);
#3677 = ORIENTED_EDGE('',*,*,#3557,.T.);
#3678 = CYLINDRICAL_SURFACE('',#3679,0.22);
#3679 = AXIS2_PLACEMENT_3D('',#3680,#3681,#3682);
#3680 = CARTESIAN_POINT('',(-0.65,1.9,1.13));
#3681 = DIRECTION('',(-1.,0.,0.));
#3682 = DIRECTION('',(0.,0.,-1.));
#3683 = ADVANCED_FACE('',(#3684),#3718,.F.);
#3684 = FACE_BOUND('',#3685,.T.);
#3685 = EDGE_LOOP('',(#3686,#3696,#3704,#3712));
#3686 = ORIENTED_EDGE('',*,*,#3687,.F.);
#3687 = EDGE_CURVE('',#3688,#3690,#3692,.T.);
#3688 = VERTEX_POINT('',#3689);
#3689 = CARTESIAN_POINT('',(-0.85,2.9,-1.212951180468E-15));
#3690 = VERTEX_POINT('',#3691);
#3691 = CARTESIAN_POINT('',(-0.85,2.32,8.809142651445E-17));
#3692 = LINE('',#3693,#3694);
#3693 = CARTESIAN_POINT('',(-0.85,2.9,8.809142651445E-17));
#3694 = VECTOR('',#3695,1.);
#3695 = DIRECTION('',(0.,-1.,0.));
#3696 = ORIENTED_EDGE('',*,*,#3697,.F.);
#3697 = EDGE_CURVE('',#3698,#3688,#3700,.T.);
#3698 = VERTEX_POINT('',#3699);
#3699 = CARTESIAN_POINT('',(-0.65,2.9,-1.212951180468E-15));
#3700 = LINE('',#3701,#3702);
#3701 = CARTESIAN_POINT('',(-0.65,2.9,-1.212951180468E-15));
#3702 = VECTOR('',#3703,1.);
#3703 = DIRECTION('',(-1.,0.,0.));
#3704 = ORIENTED_EDGE('',*,*,#3705,.T.);
#3705 = EDGE_CURVE('',#3698,#3706,#3708,.T.);
#3706 = VERTEX_POINT('',#3707);
#3707 = CARTESIAN_POINT('',(-0.65,2.32,8.809142651445E-17));
#3708 = LINE('',#3709,#3710);
#3709 = CARTESIAN_POINT('',(-0.65,2.9,8.809142651445E-17));
#3710 = VECTOR('',#3711,1.);
#3711 = DIRECTION('',(0.,-1.,0.));
#3712 = ORIENTED_EDGE('',*,*,#3713,.T.);
#3713 = EDGE_CURVE('',#3706,#3690,#3714,.T.);
#3714 = LINE('',#3715,#3716);
#3715 = CARTESIAN_POINT('',(-0.65,2.32,8.809142651445E-17));
#3716 = VECTOR('',#3717,1.);
#3717 = DIRECTION('',(-1.,0.,0.));
#3718 = PLANE('',#3719);
#3719 = AXIS2_PLACEMENT_3D('',#3720,#3721,#3722);
#3720 = CARTESIAN_POINT('',(-0.65,2.9,8.809142651445E-17));
#3721 = DIRECTION('',(0.,-0.,1.));
#3722 = DIRECTION('',(0.,1.,0.));
#3723 = ADVANCED_FACE('',(#3724),#3749,.F.);
#3724 = FACE_BOUND('',#3725,.T.);
#3725 = EDGE_LOOP('',(#3726,#3734,#3742,#3748));
#3726 = ORIENTED_EDGE('',*,*,#3727,.F.);
#3727 = EDGE_CURVE('',#3728,#3688,#3730,.T.);
#3728 = VERTEX_POINT('',#3729);
#3729 = CARTESIAN_POINT('',(-0.85,2.9,0.12));
#3730 = LINE('',#3731,#3732);
#3731 = CARTESIAN_POINT('',(-0.85,2.9,0.12));
#3732 = VECTOR('',#3733,1.);
#3733 = DIRECTION('',(0.,6.123031769112E-17,-1.));
#3734 = ORIENTED_EDGE('',*,*,#3735,.F.);
#3735 = EDGE_CURVE('',#3736,#3728,#3738,.T.);
#3736 = VERTEX_POINT('',#3737);
#3737 = CARTESIAN_POINT('',(-0.65,2.9,0.12));
#3738 = LINE('',#3739,#3740);
#3739 = CARTESIAN_POINT('',(-0.65,2.9,0.12));
#3740 = VECTOR('',#3741,1.);
#3741 = DIRECTION('',(-1.,0.,0.));
#3742 = ORIENTED_EDGE('',*,*,#3743,.T.);
#3743 = EDGE_CURVE('',#3736,#3698,#3744,.T.);
#3744 = LINE('',#3745,#3746);
#3745 = CARTESIAN_POINT('',(-0.65,2.9,0.12));
#3746 = VECTOR('',#3747,1.);
#3747 = DIRECTION('',(0.,6.123031769112E-17,-1.));
#3748 = ORIENTED_EDGE('',*,*,#3697,.T.);
#3749 = PLANE('',#3750);
#3750 = AXIS2_PLACEMENT_3D('',#3751,#3752,#3753);
#3751 = CARTESIAN_POINT('',(-0.65,2.9,0.12));
#3752 = DIRECTION('',(0.,-1.,-6.123031769112E-17));
#3753 = DIRECTION('',(0.,-6.123031769112E-17,1.));
#3754 = ADVANCED_FACE('',(#3755),#3790,.F.);
#3755 = FACE_BOUND('',#3756,.T.);
#3756 = EDGE_LOOP('',(#3757,#3766,#3774,#3782,#3788,#3789));
#3757 = ORIENTED_EDGE('',*,*,#3758,.T.);
#3758 = EDGE_CURVE('',#3690,#3759,#3761,.T.);
#3759 = VERTEX_POINT('',#3760);
#3760 = CARTESIAN_POINT('',(-0.85,2.180357599562,5.E-02));
#3761 = CIRCLE('',#3762,0.22);
#3762 = AXIS2_PLACEMENT_3D('',#3763,#3764,#3765);
#3763 = CARTESIAN_POINT('',(-0.85,2.32,0.22));
#3764 = DIRECTION('',(-1.,0.,0.));
#3765 = DIRECTION('',(0.,0.,-1.));
#3766 = ORIENTED_EDGE('',*,*,#3767,.T.);
#3767 = EDGE_CURVE('',#3759,#3768,#3770,.T.);
#3768 = VERTEX_POINT('',#3769);
#3769 = CARTESIAN_POINT('',(-0.85,2.4,5.E-02));
#3770 = LINE('',#3771,#3772);
#3771 = CARTESIAN_POINT('',(-0.85,1.9,5.E-02));
#3772 = VECTOR('',#3773,1.);
#3773 = DIRECTION('',(0.,1.,0.));
#3774 = ORIENTED_EDGE('',*,*,#3775,.T.);
#3775 = EDGE_CURVE('',#3768,#3776,#3778,.T.);
#3776 = VERTEX_POINT('',#3777);
#3777 = CARTESIAN_POINT('',(-0.85,2.4,0.12));
#3778 = LINE('',#3779,#3780);
#3779 = CARTESIAN_POINT('',(-0.85,2.4,1.13));
#3780 = VECTOR('',#3781,1.);
#3781 = DIRECTION('',(0.,-6.123031769112E-17,1.));
#3782 = ORIENTED_EDGE('',*,*,#3783,.T.);
#3783 = EDGE_CURVE('',#3776,#3728,#3784,.T.);
#3784 = LINE('',#3785,#3786);
#3785 = CARTESIAN_POINT('',(-0.85,2.32,0.12));
#3786 = VECTOR('',#3787,1.);
#3787 = DIRECTION('',(0.,1.,0.));
#3788 = ORIENTED_EDGE('',*,*,#3727,.T.);
#3789 = ORIENTED_EDGE('',*,*,#3687,.T.);
#3790 = PLANE('',#3791);
#3791 = AXIS2_PLACEMENT_3D('',#3792,#3793,#3794);
#3792 = CARTESIAN_POINT('',(-0.85,1.9,1.13));
#3793 = DIRECTION('',(1.,0.,-0.));
#3794 = DIRECTION('',(0.,0.,1.));
#3795 = ADVANCED_FACE('',(#3796),#3831,.T.);
#3796 = FACE_BOUND('',#3797,.T.);
#3797 = EDGE_LOOP('',(#3798,#3808,#3815,#3816,#3817,#3825));
#3798 = ORIENTED_EDGE('',*,*,#3799,.F.);
#3799 = EDGE_CURVE('',#3800,#3802,#3804,.T.);
#3800 = VERTEX_POINT('',#3801);
#3801 = CARTESIAN_POINT('',(-0.65,2.180357599562,5.E-02));
#3802 = VERTEX_POINT('',#3803);
#3803 = CARTESIAN_POINT('',(-0.65,2.4,5.E-02));
#3804 = LINE('',#3805,#3806);
#3805 = CARTESIAN_POINT('',(-0.65,1.9,5.E-02));
#3806 = VECTOR('',#3807,1.);
#3807 = DIRECTION('',(0.,1.,0.));
#3808 = ORIENTED_EDGE('',*,*,#3809,.F.);
#3809 = EDGE_CURVE('',#3706,#3800,#3810,.T.);
#3810 = CIRCLE('',#3811,0.22);
#3811 = AXIS2_PLACEMENT_3D('',#3812,#3813,#3814);
#3812 = CARTESIAN_POINT('',(-0.65,2.32,0.22));
#3813 = DIRECTION('',(-1.,0.,0.));
#3814 = DIRECTION('',(0.,0.,-1.));
#3815 = ORIENTED_EDGE('',*,*,#3705,.F.);
#3816 = ORIENTED_EDGE('',*,*,#3743,.F.);
#3817 = ORIENTED_EDGE('',*,*,#3818,.F.);
#3818 = EDGE_CURVE('',#3819,#3736,#3821,.T.);
#3819 = VERTEX_POINT('',#3820);
#3820 = CARTESIAN_POINT('',(-0.65,2.4,0.12));
#3821 = LINE('',#3822,#3823);
#3822 = CARTESIAN_POINT('',(-0.65,2.32,0.12));
#3823 = VECTOR('',#3824,1.);
#3824 = DIRECTION('',(0.,1.,0.));
#3825 = ORIENTED_EDGE('',*,*,#3826,.F.);
#3826 = EDGE_CURVE('',#3802,#3819,#3827,.T.);
#3827 = LINE('',#3828,#3829);
#3828 = CARTESIAN_POINT('',(-0.65,2.4,1.13));
#3829 = VECTOR('',#3830,1.);
#3830 = DIRECTION('',(0.,-6.123031769112E-17,1.));
#3831 = PLANE('',#3832);
#3832 = AXIS2_PLACEMENT_3D('',#3833,#3834,#3835);
#3833 = CARTESIAN_POINT('',(-0.65,1.9,1.13));
#3834 = DIRECTION('',(1.,0.,-0.));
#3835 = DIRECTION('',(0.,0.,1.));
#3836 = ADVANCED_FACE('',(#3837),#3848,.T.);
#3837 = FACE_BOUND('',#3838,.T.);
#3838 = EDGE_LOOP('',(#3839,#3840,#3846,#3847));
#3839 = ORIENTED_EDGE('',*,*,#3809,.T.);
#3840 = ORIENTED_EDGE('',*,*,#3841,.T.);
#3841 = EDGE_CURVE('',#3800,#3759,#3842,.T.);
#3842 = LINE('',#3843,#3844);
#3843 = CARTESIAN_POINT('',(-0.65,2.180357599562,5.E-02));
#3844 = VECTOR('',#3845,1.);
#3845 = DIRECTION('',(-1.,0.,0.));
#3846 = ORIENTED_EDGE('',*,*,#3758,.F.);
#3847 = ORIENTED_EDGE('',*,*,#3713,.F.);
#3848 = CYLINDRICAL_SURFACE('',#3849,0.22);
#3849 = AXIS2_PLACEMENT_3D('',#3850,#3851,#3852);
#3850 = CARTESIAN_POINT('',(-0.65,2.32,0.22));
#3851 = DIRECTION('',(-1.,0.,0.));
#3852 = DIRECTION('',(0.,0.,-1.));
#3853 = ADVANCED_FACE('',(#3854),#3865,.F.);
#3854 = FACE_BOUND('',#3855,.T.);
#3855 = EDGE_LOOP('',(#3856,#3857,#3863,#3864));
#3856 = ORIENTED_EDGE('',*,*,#3783,.F.);
#3857 = ORIENTED_EDGE('',*,*,#3858,.T.);
#3858 = EDGE_CURVE('',#3776,#3819,#3859,.T.);
#3859 = LINE('',#3860,#3861);
#3860 = CARTESIAN_POINT('',(-0.65,2.4,0.12));
#3861 = VECTOR('',#3862,1.);
#3862 = DIRECTION('',(1.,3.061515884556E-17,0.));
#3863 = ORIENTED_EDGE('',*,*,#3818,.T.);
#3864 = ORIENTED_EDGE('',*,*,#3735,.T.);
#3865 = PLANE('',#3866);
#3866 = AXIS2_PLACEMENT_3D('',#3867,#3868,#3869);
#3867 = CARTESIAN_POINT('',(-0.65,2.32,0.12));
#3868 = DIRECTION('',(0.,0.,-1.));
#3869 = DIRECTION('',(0.,-1.,0.));
#3870 = ADVANCED_FACE('',(#3871),#3915,.T.);
#3871 = FACE_BOUND('',#3872,.T.);
#3872 = EDGE_LOOP('',(#3873,#3883,#3891,#3900,#3908));
#3873 = ORIENTED_EDGE('',*,*,#3874,.F.);
#3874 = EDGE_CURVE('',#3875,#3877,#3879,.T.);
#3875 = VERTEX_POINT('',#3876);
#3876 = CARTESIAN_POINT('',(-0.65,1.,1.091428571429));
#3877 = VERTEX_POINT('',#3878);
#3878 = CARTESIAN_POINT('',(-0.65,1.,0.873988949953));
#3879 = LINE('',#3880,#3881);
#3880 = CARTESIAN_POINT('',(-0.65,1.,1.13));
#3881 = VECTOR('',#3882,1.);
#3882 = DIRECTION('',(0.,6.123031769112E-17,-1.));
#3883 = ORIENTED_EDGE('',*,*,#3884,.F.);
#3884 = EDGE_CURVE('',#3885,#3875,#3887,.T.);
#3885 = VERTEX_POINT('',#3886);
#3886 = CARTESIAN_POINT('',(-0.65,0.970376573854,1.057573227262));
#3887 = LINE('',#3888,#3889);
#3888 = CARTESIAN_POINT('',(-0.65,0.970376573854,1.057573227262));
#3889 = VECTOR('',#3890,1.);
#3890 = DIRECTION('',(0.,0.658504607869,0.752576694707));
#3891 = ORIENTED_EDGE('',*,*,#3892,.F.);
#3892 = EDGE_CURVE('',#3893,#3885,#3895,.T.);
#3893 = VERTEX_POINT('',#3894);
#3894 = CARTESIAN_POINT('',(-0.65,0.989501892653,0.881945973835));
#3895 = CIRCLE('',#3896,0.12);
#3896 = AXIS2_PLACEMENT_3D('',#3897,#3898,#3899);
#3897 = CARTESIAN_POINT('',(-0.65,1.060685777219,0.978552674317));
#3898 = DIRECTION('',(-1.,0.,0.));
#3899 = DIRECTION('',(-0.,-0.59319903805,-0.805055837353));
#3900 = ORIENTED_EDGE('',*,*,#3901,.F.);
#3901 = EDGE_CURVE('',#3902,#3893,#3904,.T.);
#3902 = VERTEX_POINT('',#3903);
#3903 = CARTESIAN_POINT('',(-0.65,0.99330699074,0.879142217349));
#3904 = LINE('',#3905,#3906);
#3905 = CARTESIAN_POINT('',(-0.65,0.99330699074,0.879142217349));
#3906 = VECTOR('',#3907,1.);
#3907 = DIRECTION('',(0.,-0.805055837353,0.59319903805));
#3908 = ORIENTED_EDGE('',*,*,#3909,.F.);
#3909 = EDGE_CURVE('',#3877,#3902,#3910,.T.);
#3910 = CIRCLE('',#3911,0.2);
#3911 = AXIS2_PLACEMENT_3D('',#3912,#3913,#3914);
#3912 = CARTESIAN_POINT('',(-0.65,0.87466718313,0.718131049879));
#3913 = DIRECTION('',(1.,0.,0.));
#3914 = DIRECTION('',(-0.,0.988715504225,0.149805379428));
#3915 = PLANE('',#3916);
#3916 = AXIS2_PLACEMENT_3D('',#3917,#3918,#3919);
#3917 = CARTESIAN_POINT('',(-0.65,1.9,1.13));
#3918 = DIRECTION('',(1.,0.,-0.));
#3919 = DIRECTION('',(0.,0.,1.));
#3920 = ADVANCED_FACE('',(#3921),#3965,.F.);
#3921 = FACE_BOUND('',#3922,.T.);
#3922 = EDGE_LOOP('',(#3923,#3933,#3941,#3950,#3958));
#3923 = ORIENTED_EDGE('',*,*,#3924,.T.);
#3924 = EDGE_CURVE('',#3925,#3927,#3929,.T.);
#3925 = VERTEX_POINT('',#3926);
#3926 = CARTESIAN_POINT('',(-0.85,0.970376573854,1.057573227262));
#3927 = VERTEX_POINT('',#3928);
#3928 = CARTESIAN_POINT('',(-0.85,1.,1.091428571429));
#3929 = LINE('',#3930,#3931);
#3930 = CARTESIAN_POINT('',(-0.85,0.970376573854,1.057573227262));
#3931 = VECTOR('',#3932,1.);
#3932 = DIRECTION('',(0.,0.658504607869,0.752576694707));
#3933 = ORIENTED_EDGE('',*,*,#3934,.T.);
#3934 = EDGE_CURVE('',#3927,#3935,#3937,.T.);
#3935 = VERTEX_POINT('',#3936);
#3936 = CARTESIAN_POINT('',(-0.85,1.,0.873988949953));
#3937 = LINE('',#3938,#3939);
#3938 = CARTESIAN_POINT('',(-0.85,1.,1.13));
#3939 = VECTOR('',#3940,1.);
#3940 = DIRECTION('',(0.,6.123031769112E-17,-1.));
#3941 = ORIENTED_EDGE('',*,*,#3942,.T.);
#3942 = EDGE_CURVE('',#3935,#3943,#3945,.T.);
#3943 = VERTEX_POINT('',#3944);
#3944 = CARTESIAN_POINT('',(-0.85,0.99330699074,0.879142217349));
#3945 = CIRCLE('',#3946,0.2);
#3946 = AXIS2_PLACEMENT_3D('',#3947,#3948,#3949);
#3947 = CARTESIAN_POINT('',(-0.85,0.87466718313,0.718131049879));
#3948 = DIRECTION('',(1.,0.,0.));
#3949 = DIRECTION('',(-0.,0.988715504225,0.149805379428));
#3950 = ORIENTED_EDGE('',*,*,#3951,.T.);
#3951 = EDGE_CURVE('',#3943,#3952,#3954,.T.);
#3952 = VERTEX_POINT('',#3953);
#3953 = CARTESIAN_POINT('',(-0.85,0.989501892653,0.881945973835));
#3954 = LINE('',#3955,#3956);
#3955 = CARTESIAN_POINT('',(-0.85,0.99330699074,0.879142217349));
#3956 = VECTOR('',#3957,1.);
#3957 = DIRECTION('',(0.,-0.805055837353,0.59319903805));
#3958 = ORIENTED_EDGE('',*,*,#3959,.T.);
#3959 = EDGE_CURVE('',#3952,#3925,#3960,.T.);
#3960 = CIRCLE('',#3961,0.12);
#3961 = AXIS2_PLACEMENT_3D('',#3962,#3963,#3964);
#3962 = CARTESIAN_POINT('',(-0.85,1.060685777219,0.978552674317));
#3963 = DIRECTION('',(-1.,0.,0.));
#3964 = DIRECTION('',(-0.,-0.59319903805,-0.805055837353));
#3965 = PLANE('',#3966);
#3966 = AXIS2_PLACEMENT_3D('',#3967,#3968,#3969);
#3967 = CARTESIAN_POINT('',(-0.85,1.9,1.13));
#3968 = DIRECTION('',(1.,0.,-0.));
#3969 = DIRECTION('',(0.,0.,1.));
#3970 = ADVANCED_FACE('',(#3971),#3987,.F.);
#3971 = FACE_BOUND('',#3972,.F.);
#3972 = EDGE_LOOP('',(#3973,#3979,#3980,#3986));
#3973 = ORIENTED_EDGE('',*,*,#3974,.F.);
#3974 = EDGE_CURVE('',#3902,#3943,#3975,.T.);
#3975 = LINE('',#3976,#3977);
#3976 = CARTESIAN_POINT('',(-0.65,0.99330699074,0.879142217349));
#3977 = VECTOR('',#3978,1.);
#3978 = DIRECTION('',(-1.,0.,0.));
#3979 = ORIENTED_EDGE('',*,*,#3909,.F.);
#3980 = ORIENTED_EDGE('',*,*,#3981,.F.);
#3981 = EDGE_CURVE('',#3935,#3877,#3982,.T.);
#3982 = LINE('',#3983,#3984);
#3983 = CARTESIAN_POINT('',(-0.65,1.,0.873988949953));
#3984 = VECTOR('',#3985,1.);
#3985 = DIRECTION('',(1.,-0.,-0.));
#3986 = ORIENTED_EDGE('',*,*,#3942,.T.);
#3987 = CYLINDRICAL_SURFACE('',#3988,0.2);
#3988 = AXIS2_PLACEMENT_3D('',#3989,#3990,#3991);
#3989 = CARTESIAN_POINT('',(-0.65,0.87466718313,0.718131049879));
#3990 = DIRECTION('',(-1.,0.,0.));
#3991 = DIRECTION('',(0.,0.,-1.));
#3992 = ADVANCED_FACE('',(#3993),#4004,.F.);
#3993 = FACE_BOUND('',#3994,.T.);
#3994 = EDGE_LOOP('',(#3995,#3996,#3997,#3998));
#3995 = ORIENTED_EDGE('',*,*,#3951,.F.);
#3996 = ORIENTED_EDGE('',*,*,#3974,.F.);
#3997 = ORIENTED_EDGE('',*,*,#3901,.T.);
#3998 = ORIENTED_EDGE('',*,*,#3999,.T.);
#3999 = EDGE_CURVE('',#3893,#3952,#4000,.T.);
#4000 = LINE('',#4001,#4002);
#4001 = CARTESIAN_POINT('',(-0.65,0.989501892653,0.881945973835));
#4002 = VECTOR('',#4003,1.);
#4003 = DIRECTION('',(-1.,0.,0.));
#4004 = PLANE('',#4005);
#4005 = AXIS2_PLACEMENT_3D('',#4006,#4007,#4008);
#4006 = CARTESIAN_POINT('',(-0.65,0.99330699074,0.879142217349));
#4007 = DIRECTION('',(0.,0.59319903805,0.805055837353));
#4008 = DIRECTION('',(0.,0.805055837353,-0.59319903805));
#4009 = ADVANCED_FACE('',(#4010),#4021,.T.);
#4010 = FACE_BOUND('',#4011,.T.);
#4011 = EDGE_LOOP('',(#4012,#4013,#4014,#4015));
#4012 = ORIENTED_EDGE('',*,*,#3959,.F.);
#4013 = ORIENTED_EDGE('',*,*,#3999,.F.);
#4014 = ORIENTED_EDGE('',*,*,#3892,.T.);
#4015 = ORIENTED_EDGE('',*,*,#4016,.T.);
#4016 = EDGE_CURVE('',#3885,#3925,#4017,.T.);
#4017 = LINE('',#4018,#4019);
#4018 = CARTESIAN_POINT('',(-0.65,0.970376573854,1.057573227262));
#4019 = VECTOR('',#4020,1.);
#4020 = DIRECTION('',(-1.,0.,0.));
#4021 = CYLINDRICAL_SURFACE('',#4022,0.12);
#4022 = AXIS2_PLACEMENT_3D('',#4023,#4024,#4025);
#4023 = CARTESIAN_POINT('',(-0.65,1.060685777219,0.978552674317));
#4024 = DIRECTION('',(-1.,0.,0.));
#4025 = DIRECTION('',(0.,0.,-1.));
#4026 = ADVANCED_FACE('',(#4027),#4038,.F.);
#4027 = FACE_BOUND('',#4028,.T.);
#4028 = EDGE_LOOP('',(#4029,#4030,#4036,#4037));
#4029 = ORIENTED_EDGE('',*,*,#3884,.T.);
#4030 = ORIENTED_EDGE('',*,*,#4031,.T.);
#4031 = EDGE_CURVE('',#3875,#3927,#4032,.T.);
#4032 = LINE('',#4033,#4034);
#4033 = CARTESIAN_POINT('',(-0.65,1.,1.091428571429));
#4034 = VECTOR('',#4035,1.);
#4035 = DIRECTION('',(-1.,-3.061515884556E-17,-3.498875296635E-17));
#4036 = ORIENTED_EDGE('',*,*,#3924,.F.);
#4037 = ORIENTED_EDGE('',*,*,#4016,.F.);
#4038 = PLANE('',#4039);
#4039 = AXIS2_PLACEMENT_3D('',#4040,#4041,#4042);
#4040 = CARTESIAN_POINT('',(-0.65,0.970376573854,1.057573227262));
#4041 = DIRECTION('',(0.,0.752576694707,-0.658504607869));
#4042 = DIRECTION('',(0.,-0.658504607869,-0.752576694707));
#4043 = ADVANCED_FACE('',(#4044),#4078,.F.);
#4044 = FACE_BOUND('',#4045,.T.);
#4045 = EDGE_LOOP('',(#4046,#4056,#4064,#4072));
#4046 = ORIENTED_EDGE('',*,*,#4047,.T.);
#4047 = EDGE_CURVE('',#4048,#4050,#4052,.T.);
#4048 = VERTEX_POINT('',#4049);
#4049 = CARTESIAN_POINT('',(-0.35,-1.9,1.35));
#4050 = VERTEX_POINT('',#4051);
#4051 = CARTESIAN_POINT('',(-0.35,-2.,1.35));
#4052 = LINE('',#4053,#4054);
#4053 = CARTESIAN_POINT('',(-0.35,-1.9,1.35));
#4054 = VECTOR('',#4055,1.);
#4055 = DIRECTION('',(0.,-1.,0.));
#4056 = ORIENTED_EDGE('',*,*,#4057,.F.);
#4057 = EDGE_CURVE('',#4058,#4050,#4060,.T.);
#4058 = VERTEX_POINT('',#4059);
#4059 = CARTESIAN_POINT('',(-0.15,-2.,1.35));
#4060 = LINE('',#4061,#4062);
#4061 = CARTESIAN_POINT('',(-0.15,-2.,1.35));
#4062 = VECTOR('',#4063,1.);
#4063 = DIRECTION('',(-1.,0.,0.));
#4064 = ORIENTED_EDGE('',*,*,#4065,.F.);
#4065 = EDGE_CURVE('',#4066,#4058,#4068,.T.);
#4066 = VERTEX_POINT('',#4067);
#4067 = CARTESIAN_POINT('',(-0.15,-1.9,1.35));
#4068 = LINE('',#4069,#4070);
#4069 = CARTESIAN_POINT('',(-0.15,-1.9,1.35));
#4070 = VECTOR('',#4071,1.);
#4071 = DIRECTION('',(0.,-1.,0.));
#4072 = ORIENTED_EDGE('',*,*,#4073,.T.);
#4073 = EDGE_CURVE('',#4066,#4048,#4074,.T.);
#4074 = LINE('',#4075,#4076);
#4075 = CARTESIAN_POINT('',(-0.15,-1.9,1.35));
#4076 = VECTOR('',#4077,1.);
#4077 = DIRECTION('',(-1.,0.,0.));
#4078 = PLANE('',#4079);
#4079 = AXIS2_PLACEMENT_3D('',#4080,#4081,#4082);
#4080 = CARTESIAN_POINT('',(-0.15,-1.9,1.35));
#4081 = DIRECTION('',(0.,0.,-1.));
#4082 = DIRECTION('',(0.,1.,0.));
#4083 = ADVANCED_FACE('',(#4084),#4111,.T.);
#4084 = FACE_BOUND('',#4085,.T.);
#4085 = EDGE_LOOP('',(#4086,#4096,#4103,#4104));
#4086 = ORIENTED_EDGE('',*,*,#4087,.F.);
#4087 = EDGE_CURVE('',#4088,#4090,#4092,.T.);
#4088 = VERTEX_POINT('',#4089);
#4089 = CARTESIAN_POINT('',(-0.15,-1.760357599562,1.3));
#4090 = VERTEX_POINT('',#4091);
#4091 = CARTESIAN_POINT('',(-0.15,-2.139642400438,1.3));
#4092 = LINE('',#4093,#4094);
#4093 = CARTESIAN_POINT('',(-0.15,-1.9,1.3));
#4094 = VECTOR('',#4095,1.);
#4095 = DIRECTION('',(0.,-1.,0.));
#4096 = ORIENTED_EDGE('',*,*,#4097,.T.);
#4097 = EDGE_CURVE('',#4088,#4066,#4098,.T.);
#4098 = CIRCLE('',#4099,0.22);
#4099 = AXIS2_PLACEMENT_3D('',#4100,#4101,#4102);
#4100 = CARTESIAN_POINT('',(-0.15,-1.9,1.13));
#4101 = DIRECTION('',(1.,0.,0.));
#4102 = DIRECTION('',(-0.,1.,0.));
#4103 = ORIENTED_EDGE('',*,*,#4065,.T.);
#4104 = ORIENTED_EDGE('',*,*,#4105,.T.);
#4105 = EDGE_CURVE('',#4058,#4090,#4106,.T.);
#4106 = CIRCLE('',#4107,0.22);
#4107 = AXIS2_PLACEMENT_3D('',#4108,#4109,#4110);
#4108 = CARTESIAN_POINT('',(-0.15,-2.,1.13));
#4109 = DIRECTION('',(1.,0.,-0.));
#4110 = DIRECTION('',(0.,0.,1.));
#4111 = PLANE('',#4112);
#4112 = AXIS2_PLACEMENT_3D('',#4113,#4114,#4115);
#4113 = CARTESIAN_POINT('',(-0.15,-1.9,1.13));
#4114 = DIRECTION('',(1.,0.,-0.));
#4115 = DIRECTION('',(0.,0.,1.));
#4116 = ADVANCED_FACE('',(#4117),#4144,.F.);
#4117 = FACE_BOUND('',#4118,.T.);
#4118 = EDGE_LOOP('',(#4119,#4128,#4136,#4143));
#4119 = ORIENTED_EDGE('',*,*,#4120,.F.);
#4120 = EDGE_CURVE('',#4121,#4048,#4123,.T.);
#4121 = VERTEX_POINT('',#4122);
#4122 = CARTESIAN_POINT('',(-0.35,-1.760357599562,1.3));
#4123 = CIRCLE('',#4124,0.22);
#4124 = AXIS2_PLACEMENT_3D('',#4125,#4126,#4127);
#4125 = CARTESIAN_POINT('',(-0.35,-1.9,1.13));
#4126 = DIRECTION('',(1.,0.,0.));
#4127 = DIRECTION('',(-0.,1.,0.));
#4128 = ORIENTED_EDGE('',*,*,#4129,.T.);
#4129 = EDGE_CURVE('',#4121,#4130,#4132,.T.);
#4130 = VERTEX_POINT('',#4131);
#4131 = CARTESIAN_POINT('',(-0.35,-2.139642400438,1.3));
#4132 = LINE('',#4133,#4134);
#4133 = CARTESIAN_POINT('',(-0.35,-1.9,1.3));
#4134 = VECTOR('',#4135,1.);
#4135 = DIRECTION('',(0.,-1.,0.));
#4136 = ORIENTED_EDGE('',*,*,#4137,.F.);
#4137 = EDGE_CURVE('',#4050,#4130,#4138,.T.);
#4138 = CIRCLE('',#4139,0.22);
#4139 = AXIS2_PLACEMENT_3D('',#4140,#4141,#4142);
#4140 = CARTESIAN_POINT('',(-0.35,-2.,1.13));
#4141 = DIRECTION('',(1.,0.,-0.));
#4142 = DIRECTION('',(0.,0.,1.));
#4143 = ORIENTED_EDGE('',*,*,#4047,.F.);
#4144 = PLANE('',#4145);
#4145 = AXIS2_PLACEMENT_3D('',#4146,#4147,#4148);
#4146 = CARTESIAN_POINT('',(-0.35,-1.9,1.13));
#4147 = DIRECTION('',(1.,0.,-0.));
#4148 = DIRECTION('',(0.,0.,1.));
#4149 = ADVANCED_FACE('',(#4150),#4161,.T.);
#4150 = FACE_BOUND('',#4151,.T.);
#4151 = EDGE_LOOP('',(#4152,#4153,#4159,#4160));
#4152 = ORIENTED_EDGE('',*,*,#4137,.T.);
#4153 = ORIENTED_EDGE('',*,*,#4154,.T.);
#4154 = EDGE_CURVE('',#4130,#4090,#4155,.T.);
#4155 = LINE('',#4156,#4157);
#4156 = CARTESIAN_POINT('',(-0.15,-2.139642400438,1.3));
#4157 = VECTOR('',#4158,1.);
#4158 = DIRECTION('',(1.,-0.,-0.));
#4159 = ORIENTED_EDGE('',*,*,#4105,.F.);
#4160 = ORIENTED_EDGE('',*,*,#4057,.T.);
#4161 = CYLINDRICAL_SURFACE('',#4162,0.22);
#4162 = AXIS2_PLACEMENT_3D('',#4163,#4164,#4165);
#4163 = CARTESIAN_POINT('',(-0.15,-2.,1.13));
#4164 = DIRECTION('',(-1.,0.,0.));
#4165 = DIRECTION('',(0.,0.,-1.));
#4166 = ADVANCED_FACE('',(#4167),#4178,.T.);
#4167 = FACE_BOUND('',#4168,.T.);
#4168 = EDGE_LOOP('',(#4169,#4170,#4176,#4177));
#4169 = ORIENTED_EDGE('',*,*,#4097,.F.);
#4170 = ORIENTED_EDGE('',*,*,#4171,.T.);
#4171 = EDGE_CURVE('',#4088,#4121,#4172,.T.);
#4172 = LINE('',#4173,#4174);
#4173 = CARTESIAN_POINT('',(-0.15,-1.760357599562,1.3));
#4174 = VECTOR('',#4175,1.);
#4175 = DIRECTION('',(-1.,0.,0.));
#4176 = ORIENTED_EDGE('',*,*,#4120,.T.);
#4177 = ORIENTED_EDGE('',*,*,#4073,.F.);
#4178 = CYLINDRICAL_SURFACE('',#4179,0.22);
#4179 = AXIS2_PLACEMENT_3D('',#4180,#4181,#4182);
#4180 = CARTESIAN_POINT('',(-0.15,-1.9,1.13));
#4181 = DIRECTION('',(-1.,0.,0.));
#4182 = DIRECTION('',(0.,0.,-1.));
#4183 = ADVANCED_FACE('',(#4184),#4218,.F.);
#4184 = FACE_BOUND('',#4185,.T.);
#4185 = EDGE_LOOP('',(#4186,#4196,#4204,#4212));
#4186 = ORIENTED_EDGE('',*,*,#4187,.T.);
#4187 = EDGE_CURVE('',#4188,#4190,#4192,.T.);
#4188 = VERTEX_POINT('',#4189);
#4189 = CARTESIAN_POINT('',(-0.35,-2.9,0.12));
#4190 = VERTEX_POINT('',#4191);
#4191 = CARTESIAN_POINT('',(-0.35,-2.9,-1.212951180468E-15));
#4192 = LINE('',#4193,#4194);
#4193 = CARTESIAN_POINT('',(-0.35,-2.9,0.12));
#4194 = VECTOR('',#4195,1.);
#4195 = DIRECTION('',(0.,-6.123031769112E-17,-1.));
#4196 = ORIENTED_EDGE('',*,*,#4197,.F.);
#4197 = EDGE_CURVE('',#4198,#4190,#4200,.T.);
#4198 = VERTEX_POINT('',#4199);
#4199 = CARTESIAN_POINT('',(-0.15,-2.9,-1.212951180468E-15));
#4200 = LINE('',#4201,#4202);
#4201 = CARTESIAN_POINT('',(-0.15,-2.9,-1.212951180468E-15));
#4202 = VECTOR('',#4203,1.);
#4203 = DIRECTION('',(-1.,0.,0.));
#4204 = ORIENTED_EDGE('',*,*,#4205,.F.);
#4205 = EDGE_CURVE('',#4206,#4198,#4208,.T.);
#4206 = VERTEX_POINT('',#4207);
#4207 = CARTESIAN_POINT('',(-0.15,-2.9,0.12));
#4208 = LINE('',#4209,#4210);
#4209 = CARTESIAN_POINT('',(-0.15,-2.9,0.12));
#4210 = VECTOR('',#4211,1.);
#4211 = DIRECTION('',(0.,-6.123031769112E-17,-1.));
#4212 = ORIENTED_EDGE('',*,*,#4213,.T.);
#4213 = EDGE_CURVE('',#4206,#4188,#4214,.T.);
#4214 = LINE('',#4215,#4216);
#4215 = CARTESIAN_POINT('',(-0.15,-2.9,0.12));
#4216 = VECTOR('',#4217,1.);
#4217 = DIRECTION('',(-1.,0.,0.));
#4218 = PLANE('',#4219);
#4219 = AXIS2_PLACEMENT_3D('',#4220,#4221,#4222);
#4220 = CARTESIAN_POINT('',(-0.15,-2.9,0.12));
#4221 = DIRECTION('',(0.,1.,-6.123031769112E-17));
#4222 = DIRECTION('',(0.,6.123031769112E-17,1.));
#4223 = ADVANCED_FACE('',(#4224),#4249,.F.);
#4224 = FACE_BOUND('',#4225,.T.);
#4225 = EDGE_LOOP('',(#4226,#4234,#4242,#4248));
#4226 = ORIENTED_EDGE('',*,*,#4227,.T.);
#4227 = EDGE_CURVE('',#4190,#4228,#4230,.T.);
#4228 = VERTEX_POINT('',#4229);
#4229 = CARTESIAN_POINT('',(-0.35,-2.32,8.809142651445E-17));
#4230 = LINE('',#4231,#4232);
#4231 = CARTESIAN_POINT('',(-0.35,-2.9,8.809142651445E-17));
#4232 = VECTOR('',#4233,1.);
#4233 = DIRECTION('',(0.,1.,0.));
#4234 = ORIENTED_EDGE('',*,*,#4235,.F.);
#4235 = EDGE_CURVE('',#4236,#4228,#4238,.T.);
#4236 = VERTEX_POINT('',#4237);
#4237 = CARTESIAN_POINT('',(-0.15,-2.32,8.809142651445E-17));
#4238 = LINE('',#4239,#4240);
#4239 = CARTESIAN_POINT('',(-0.15,-2.32,8.809142651445E-17));
#4240 = VECTOR('',#4241,1.);
#4241 = DIRECTION('',(-1.,0.,0.));
#4242 = ORIENTED_EDGE('',*,*,#4243,.F.);
#4243 = EDGE_CURVE('',#4198,#4236,#4244,.T.);
#4244 = LINE('',#4245,#4246);
#4245 = CARTESIAN_POINT('',(-0.15,-2.9,8.809142651445E-17));
#4246 = VECTOR('',#4247,1.);
#4247 = DIRECTION('',(0.,1.,0.));
#4248 = ORIENTED_EDGE('',*,*,#4197,.T.);
#4249 = PLANE('',#4250);
#4250 = AXIS2_PLACEMENT_3D('',#4251,#4252,#4253);
#4251 = CARTESIAN_POINT('',(-0.15,-2.9,8.809142651445E-17));
#4252 = DIRECTION('',(0.,0.,1.));
#4253 = DIRECTION('',(0.,-1.,0.));
#4254 = ADVANCED_FACE('',(#4255),#4290,.T.);
#4255 = FACE_BOUND('',#4256,.T.);
#4256 = EDGE_LOOP('',(#4257,#4267,#4275,#4281,#4282,#4283));
#4257 = ORIENTED_EDGE('',*,*,#4258,.F.);
#4258 = EDGE_CURVE('',#4259,#4261,#4263,.T.);
#4259 = VERTEX_POINT('',#4260);
#4260 = CARTESIAN_POINT('',(-0.15,-2.4,5.E-02));
#4261 = VERTEX_POINT('',#4262);
#4262 = CARTESIAN_POINT('',(-0.15,-2.180357599562,5.E-02));
#4263 = LINE('',#4264,#4265);
#4264 = CARTESIAN_POINT('',(-0.15,-1.9,5.E-02));
#4265 = VECTOR('',#4266,1.);
#4266 = DIRECTION('',(0.,1.,0.));
#4267 = ORIENTED_EDGE('',*,*,#4268,.F.);
#4268 = EDGE_CURVE('',#4269,#4259,#4271,.T.);
#4269 = VERTEX_POINT('',#4270);
#4270 = CARTESIAN_POINT('',(-0.15,-2.4,0.12));
#4271 = LINE('',#4272,#4273);
#4272 = CARTESIAN_POINT('',(-0.15,-2.4,1.13));
#4273 = VECTOR('',#4274,1.);
#4274 = DIRECTION('',(0.,-6.123031769112E-17,-1.));
#4275 = ORIENTED_EDGE('',*,*,#4276,.T.);
#4276 = EDGE_CURVE('',#4269,#4206,#4277,.T.);
#4277 = LINE('',#4278,#4279);
#4278 = CARTESIAN_POINT('',(-0.15,-2.32,0.12));
#4279 = VECTOR('',#4280,1.);
#4280 = DIRECTION('',(0.,-1.,0.));
#4281 = ORIENTED_EDGE('',*,*,#4205,.T.);
#4282 = ORIENTED_EDGE('',*,*,#4243,.T.);
#4283 = ORIENTED_EDGE('',*,*,#4284,.T.);
#4284 = EDGE_CURVE('',#4236,#4261,#4285,.T.);
#4285 = CIRCLE('',#4286,0.22);
#4286 = AXIS2_PLACEMENT_3D('',#4287,#4288,#4289);
#4287 = CARTESIAN_POINT('',(-0.15,-2.32,0.22));
#4288 = DIRECTION('',(1.,0.,0.));
#4289 = DIRECTION('',(0.,0.,-1.));
#4290 = PLANE('',#4291);
#4291 = AXIS2_PLACEMENT_3D('',#4292,#4293,#4294);
#4292 = CARTESIAN_POINT('',(-0.15,-1.9,1.13));
#4293 = DIRECTION('',(1.,0.,-0.));
#4294 = DIRECTION('',(0.,0.,1.));
#4295 = ADVANCED_FACE('',(#4296),#4331,.F.);
#4296 = FACE_BOUND('',#4297,.T.);
#4297 = EDGE_LOOP('',(#4298,#4308,#4316,#4323,#4324,#4325));
#4298 = ORIENTED_EDGE('',*,*,#4299,.T.);
#4299 = EDGE_CURVE('',#4300,#4302,#4304,.T.);
#4300 = VERTEX_POINT('',#4301);
#4301 = CARTESIAN_POINT('',(-0.35,-2.4,0.12));
#4302 = VERTEX_POINT('',#4303);
#4303 = CARTESIAN_POINT('',(-0.35,-2.4,5.E-02));
#4304 = LINE('',#4305,#4306);
#4305 = CARTESIAN_POINT('',(-0.35,-2.4,1.13));
#4306 = VECTOR('',#4307,1.);
#4307 = DIRECTION('',(0.,-6.123031769112E-17,-1.));
#4308 = ORIENTED_EDGE('',*,*,#4309,.T.);
#4309 = EDGE_CURVE('',#4302,#4310,#4312,.T.);
#4310 = VERTEX_POINT('',#4311);
#4311 = CARTESIAN_POINT('',(-0.35,-2.180357599562,5.E-02));
#4312 = LINE('',#4313,#4314);
#4313 = CARTESIAN_POINT('',(-0.35,-1.9,5.E-02));
#4314 = VECTOR('',#4315,1.);
#4315 = DIRECTION('',(0.,1.,0.));
#4316 = ORIENTED_EDGE('',*,*,#4317,.F.);
#4317 = EDGE_CURVE('',#4228,#4310,#4318,.T.);
#4318 = CIRCLE('',#4319,0.22);
#4319 = AXIS2_PLACEMENT_3D('',#4320,#4321,#4322);
#4320 = CARTESIAN_POINT('',(-0.35,-2.32,0.22));
#4321 = DIRECTION('',(1.,0.,0.));
#4322 = DIRECTION('',(0.,0.,-1.));
#4323 = ORIENTED_EDGE('',*,*,#4227,.F.);
#4324 = ORIENTED_EDGE('',*,*,#4187,.F.);
#4325 = ORIENTED_EDGE('',*,*,#4326,.F.);
#4326 = EDGE_CURVE('',#4300,#4188,#4327,.T.);
#4327 = LINE('',#4328,#4329);
#4328 = CARTESIAN_POINT('',(-0.35,-2.32,0.12));
#4329 = VECTOR('',#4330,1.);
#4330 = DIRECTION('',(0.,-1.,0.));
#4331 = PLANE('',#4332);
#4332 = AXIS2_PLACEMENT_3D('',#4333,#4334,#4335);
#4333 = CARTESIAN_POINT('',(-0.35,-1.9,1.13));
#4334 = DIRECTION('',(1.,0.,-0.));
#4335 = DIRECTION('',(0.,0.,1.));
#4336 = ADVANCED_FACE('',(#4337),#4348,.T.);
#4337 = FACE_BOUND('',#4338,.T.);
#4338 = EDGE_LOOP('',(#4339,#4340,#4346,#4347));
#4339 = ORIENTED_EDGE('',*,*,#4317,.T.);
#4340 = ORIENTED_EDGE('',*,*,#4341,.T.);
#4341 = EDGE_CURVE('',#4310,#4261,#4342,.T.);
#4342 = LINE('',#4343,#4344);
#4343 = CARTESIAN_POINT('',(-0.15,-2.180357599562,5.E-02));
#4344 = VECTOR('',#4345,1.);
#4345 = DIRECTION('',(1.,-0.,-0.));
#4346 = ORIENTED_EDGE('',*,*,#4284,.F.);
#4347 = ORIENTED_EDGE('',*,*,#4235,.T.);
#4348 = CYLINDRICAL_SURFACE('',#4349,0.22);
#4349 = AXIS2_PLACEMENT_3D('',#4350,#4351,#4352);
#4350 = CARTESIAN_POINT('',(-0.15,-2.32,0.22));
#4351 = DIRECTION('',(-1.,0.,0.));
#4352 = DIRECTION('',(0.,0.,-1.));
#4353 = ADVANCED_FACE('',(#4354),#4365,.F.);
#4354 = FACE_BOUND('',#4355,.T.);
#4355 = EDGE_LOOP('',(#4356,#4357,#4363,#4364));
#4356 = ORIENTED_EDGE('',*,*,#4276,.F.);
#4357 = ORIENTED_EDGE('',*,*,#4358,.T.);
#4358 = EDGE_CURVE('',#4269,#4300,#4359,.T.);
#4359 = LINE('',#4360,#4361);
#4360 = CARTESIAN_POINT('',(-0.15,-2.4,0.12));
#4361 = VECTOR('',#4362,1.);
#4362 = DIRECTION('',(-1.,3.061515884556E-17,0.));
#4363 = ORIENTED_EDGE('',*,*,#4326,.T.);
#4364 = ORIENTED_EDGE('',*,*,#4213,.F.);
#4365 = PLANE('',#4366);
#4366 = AXIS2_PLACEMENT_3D('',#4367,#4368,#4369);
#4367 = CARTESIAN_POINT('',(-0.15,-2.32,0.12));
#4368 = DIRECTION('',(0.,0.,-1.));
#4369 = DIRECTION('',(0.,1.,0.));
#4370 = ADVANCED_FACE('',(#4371),#4415,.T.);
#4371 = FACE_BOUND('',#4372,.T.);
#4372 = EDGE_LOOP('',(#4373,#4383,#4392,#4400,#4409));
#4373 = ORIENTED_EDGE('',*,*,#4374,.F.);
#4374 = EDGE_CURVE('',#4375,#4377,#4379,.T.);
#4375 = VERTEX_POINT('',#4376);
#4376 = CARTESIAN_POINT('',(-0.15,-1.,0.873988949953));
#4377 = VERTEX_POINT('',#4378);
#4378 = CARTESIAN_POINT('',(-0.15,-1.,1.091428571429));
#4379 = LINE('',#4380,#4381);
#4380 = CARTESIAN_POINT('',(-0.15,-1.,1.13));
#4381 = VECTOR('',#4382,1.);
#4382 = DIRECTION('',(0.,6.123031769112E-17,1.));
#4383 = ORIENTED_EDGE('',*,*,#4384,.T.);
#4384 = EDGE_CURVE('',#4375,#4385,#4387,.T.);
#4385 = VERTEX_POINT('',#4386);
#4386 = CARTESIAN_POINT('',(-0.15,-0.99330699074,0.879142217349));
#4387 = CIRCLE('',#4388,0.2);
#4388 = AXIS2_PLACEMENT_3D('',#4389,#4390,#4391);
#4389 = CARTESIAN_POINT('',(-0.15,-0.87466718313,0.718131049879));
#4390 = DIRECTION('',(-1.,0.,0.));
#4391 = DIRECTION('',(0.,-0.988715504225,0.149805379428));
#4392 = ORIENTED_EDGE('',*,*,#4393,.T.);
#4393 = EDGE_CURVE('',#4385,#4394,#4396,.T.);
#4394 = VERTEX_POINT('',#4395);
#4395 = CARTESIAN_POINT('',(-0.15,-0.989501892653,0.881945973835));
#4396 = LINE('',#4397,#4398);
#4397 = CARTESIAN_POINT('',(-0.15,-0.99330699074,0.879142217349));
#4398 = VECTOR('',#4399,1.);
#4399 = DIRECTION('',(0.,0.805055837353,0.59319903805));
#4400 = ORIENTED_EDGE('',*,*,#4401,.T.);
#4401 = EDGE_CURVE('',#4394,#4402,#4404,.T.);
#4402 = VERTEX_POINT('',#4403);
#4403 = CARTESIAN_POINT('',(-0.15,-0.970376573854,1.057573227262));
#4404 = CIRCLE('',#4405,0.12);
#4405 = AXIS2_PLACEMENT_3D('',#4406,#4407,#4408);
#4406 = CARTESIAN_POINT('',(-0.15,-1.060685777219,0.978552674317));
#4407 = DIRECTION('',(1.,0.,0.));
#4408 = DIRECTION('',(0.,0.59319903805,-0.805055837353));
#4409 = ORIENTED_EDGE('',*,*,#4410,.T.);
#4410 = EDGE_CURVE('',#4402,#4377,#4411,.T.);
#4411 = LINE('',#4412,#4413);
#4412 = CARTESIAN_POINT('',(-0.15,-0.970376573854,1.057573227262));
#4413 = VECTOR('',#4414,1.);
#4414 = DIRECTION('',(0.,-0.658504607869,0.752576694707));
#4415 = PLANE('',#4416);
#4416 = AXIS2_PLACEMENT_3D('',#4417,#4418,#4419);
#4417 = CARTESIAN_POINT('',(-0.15,-1.9,1.13));
#4418 = DIRECTION('',(1.,0.,-0.));
#4419 = DIRECTION('',(0.,0.,1.));
#4420 = ADVANCED_FACE('',(#4421),#4465,.F.);
#4421 = FACE_BOUND('',#4422,.T.);
#4422 = EDGE_LOOP('',(#4423,#4434,#4442,#4450,#4459));
#4423 = ORIENTED_EDGE('',*,*,#4424,.F.);
#4424 = EDGE_CURVE('',#4425,#4427,#4429,.T.);
#4425 = VERTEX_POINT('',#4426);
#4426 = CARTESIAN_POINT('',(-0.35,-1.,0.873988949953));
#4427 = VERTEX_POINT('',#4428);
#4428 = CARTESIAN_POINT('',(-0.35,-0.99330699074,0.879142217349));
#4429 = CIRCLE('',#4430,0.2);
#4430 = AXIS2_PLACEMENT_3D('',#4431,#4432,#4433);
#4431 = CARTESIAN_POINT('',(-0.35,-0.87466718313,0.718131049879));
#4432 = DIRECTION('',(-1.,0.,0.));
#4433 = DIRECTION('',(0.,-0.988715504225,0.149805379428));
#4434 = ORIENTED_EDGE('',*,*,#4435,.T.);
#4435 = EDGE_CURVE('',#4425,#4436,#4438,.T.);
#4436 = VERTEX_POINT('',#4437);
#4437 = CARTESIAN_POINT('',(-0.35,-1.,1.091428571429));
#4438 = LINE('',#4439,#4440);
#4439 = CARTESIAN_POINT('',(-0.35,-1.,1.13));
#4440 = VECTOR('',#4441,1.);
#4441 = DIRECTION('',(0.,6.123031769112E-17,1.));
#4442 = ORIENTED_EDGE('',*,*,#4443,.F.);
#4443 = EDGE_CURVE('',#4444,#4436,#4446,.T.);
#4444 = VERTEX_POINT('',#4445);
#4445 = CARTESIAN_POINT('',(-0.35,-0.970376573854,1.057573227262));
#4446 = LINE('',#4447,#4448);
#4447 = CARTESIAN_POINT('',(-0.35,-0.970376573854,1.057573227262));
#4448 = VECTOR('',#4449,1.);
#4449 = DIRECTION('',(0.,-0.658504607869,0.752576694707));
#4450 = ORIENTED_EDGE('',*,*,#4451,.F.);
#4451 = EDGE_CURVE('',#4452,#4444,#4454,.T.);
#4452 = VERTEX_POINT('',#4453);
#4453 = CARTESIAN_POINT('',(-0.35,-0.989501892653,0.881945973835));
#4454 = CIRCLE('',#4455,0.12);
#4455 = AXIS2_PLACEMENT_3D('',#4456,#4457,#4458);
#4456 = CARTESIAN_POINT('',(-0.35,-1.060685777219,0.978552674317));
#4457 = DIRECTION('',(1.,0.,0.));
#4458 = DIRECTION('',(0.,0.59319903805,-0.805055837353));
#4459 = ORIENTED_EDGE('',*,*,#4460,.F.);
#4460 = EDGE_CURVE('',#4427,#4452,#4461,.T.);
#4461 = LINE('',#4462,#4463);
#4462 = CARTESIAN_POINT('',(-0.35,-0.99330699074,0.879142217349));
#4463 = VECTOR('',#4464,1.);
#4464 = DIRECTION('',(0.,0.805055837353,0.59319903805));
#4465 = PLANE('',#4466);
#4466 = AXIS2_PLACEMENT_3D('',#4467,#4468,#4469);
#4467 = CARTESIAN_POINT('',(-0.35,-1.9,1.13));
#4468 = DIRECTION('',(1.,0.,-0.));
#4469 = DIRECTION('',(0.,0.,1.));
#4470 = ADVANCED_FACE('',(#4471),#4487,.F.);
#4471 = FACE_BOUND('',#4472,.F.);
#4472 = EDGE_LOOP('',(#4473,#4479,#4480,#4486));
#4473 = ORIENTED_EDGE('',*,*,#4474,.T.);
#4474 = EDGE_CURVE('',#4385,#4427,#4475,.T.);
#4475 = LINE('',#4476,#4477);
#4476 = CARTESIAN_POINT('',(-0.15,-0.99330699074,0.879142217349));
#4477 = VECTOR('',#4478,1.);
#4478 = DIRECTION('',(-1.,0.,0.));
#4479 = ORIENTED_EDGE('',*,*,#4424,.F.);
#4480 = ORIENTED_EDGE('',*,*,#4481,.F.);
#4481 = EDGE_CURVE('',#4375,#4425,#4482,.T.);
#4482 = LINE('',#4483,#4484);
#4483 = CARTESIAN_POINT('',(-0.15,-1.,0.873988949953));
#4484 = VECTOR('',#4485,1.);
#4485 = DIRECTION('',(-1.,0.,0.));
#4486 = ORIENTED_EDGE('',*,*,#4384,.T.);
#4487 = CYLINDRICAL_SURFACE('',#4488,0.2);
#4488 = AXIS2_PLACEMENT_3D('',#4489,#4490,#4491);
#4489 = CARTESIAN_POINT('',(-0.15,-0.87466718313,0.718131049879));
#4490 = DIRECTION('',(-1.,0.,0.));
#4491 = DIRECTION('',(0.,0.,-1.));
#4492 = ADVANCED_FACE('',(#4493),#4504,.F.);
#4493 = FACE_BOUND('',#4494,.T.);
#4494 = EDGE_LOOP('',(#4495,#4496,#4502,#4503));
#4495 = ORIENTED_EDGE('',*,*,#4460,.T.);
#4496 = ORIENTED_EDGE('',*,*,#4497,.F.);
#4497 = EDGE_CURVE('',#4394,#4452,#4498,.T.);
#4498 = LINE('',#4499,#4500);
#4499 = CARTESIAN_POINT('',(-0.15,-0.989501892653,0.881945973835));
#4500 = VECTOR('',#4501,1.);
#4501 = DIRECTION('',(-1.,0.,0.));
#4502 = ORIENTED_EDGE('',*,*,#4393,.F.);
#4503 = ORIENTED_EDGE('',*,*,#4474,.T.);
#4504 = PLANE('',#4505);
#4505 = AXIS2_PLACEMENT_3D('',#4506,#4507,#4508);
#4506 = CARTESIAN_POINT('',(-0.15,-0.99330699074,0.879142217349));
#4507 = DIRECTION('',(0.,-0.59319903805,0.805055837353));
#4508 = DIRECTION('',(0.,-0.805055837353,-0.59319903805));
#4509 = ADVANCED_FACE('',(#4510),#4521,.T.);
#4510 = FACE_BOUND('',#4511,.T.);
#4511 = EDGE_LOOP('',(#4512,#4513,#4519,#4520));
#4512 = ORIENTED_EDGE('',*,*,#4451,.T.);
#4513 = ORIENTED_EDGE('',*,*,#4514,.F.);
#4514 = EDGE_CURVE('',#4402,#4444,#4515,.T.);
#4515 = LINE('',#4516,#4517);
#4516 = CARTESIAN_POINT('',(-0.15,-0.970376573854,1.057573227262));
#4517 = VECTOR('',#4518,1.);
#4518 = DIRECTION('',(-1.,0.,0.));
#4519 = ORIENTED_EDGE('',*,*,#4401,.F.);
#4520 = ORIENTED_EDGE('',*,*,#4497,.T.);
#4521 = CYLINDRICAL_SURFACE('',#4522,0.12);
#4522 = AXIS2_PLACEMENT_3D('',#4523,#4524,#4525);
#4523 = CARTESIAN_POINT('',(-0.15,-1.060685777219,0.978552674317));
#4524 = DIRECTION('',(-1.,0.,0.));
#4525 = DIRECTION('',(0.,0.,-1.));
#4526 = ADVANCED_FACE('',(#4527),#4538,.F.);
#4527 = FACE_BOUND('',#4528,.T.);
#4528 = EDGE_LOOP('',(#4529,#4530,#4536,#4537));
#4529 = ORIENTED_EDGE('',*,*,#4443,.T.);
#4530 = ORIENTED_EDGE('',*,*,#4531,.T.);
#4531 = EDGE_CURVE('',#4436,#4377,#4532,.T.);
#4532 = LINE('',#4533,#4534);
#4533 = CARTESIAN_POINT('',(-0.15,-1.,1.091428571429));
#4534 = VECTOR('',#4535,1.);
#4535 = DIRECTION('',(1.,-3.061515884556E-17,3.498875296635E-17));
#4536 = ORIENTED_EDGE('',*,*,#4410,.F.);
#4537 = ORIENTED_EDGE('',*,*,#4514,.T.);
#4538 = PLANE('',#4539);
#4539 = AXIS2_PLACEMENT_3D('',#4540,#4541,#4542);
#4540 = CARTESIAN_POINT('',(-0.15,-0.970376573854,1.057573227262));
#4541 = DIRECTION('',(0.,-0.752576694707,-0.658504607869));
#4542 = DIRECTION('',(0.,0.658504607869,-0.752576694707));
#4543 = ADVANCED_FACE('',(#4544),#4578,.F.);
#4544 = FACE_BOUND('',#4545,.T.);
#4545 = EDGE_LOOP('',(#4546,#4556,#4564,#4572));
#4546 = ORIENTED_EDGE('',*,*,#4547,.F.);
#4547 = EDGE_CURVE('',#4548,#4550,#4552,.T.);
#4548 = VERTEX_POINT('',#4549);
#4549 = CARTESIAN_POINT('',(-0.35,1.9,1.35));
#4550 = VERTEX_POINT('',#4551);
#4551 = CARTESIAN_POINT('',(-0.35,2.,1.35));
#4552 = LINE('',#4553,#4554);
#4553 = CARTESIAN_POINT('',(-0.35,1.9,1.35));
#4554 = VECTOR('',#4555,1.);
#4555 = DIRECTION('',(0.,1.,0.));
#4556 = ORIENTED_EDGE('',*,*,#4557,.F.);
#4557 = EDGE_CURVE('',#4558,#4548,#4560,.T.);
#4558 = VERTEX_POINT('',#4559);
#4559 = CARTESIAN_POINT('',(-0.15,1.9,1.35));
#4560 = LINE('',#4561,#4562);
#4561 = CARTESIAN_POINT('',(-0.15,1.9,1.35));
#4562 = VECTOR('',#4563,1.);
#4563 = DIRECTION('',(-1.,0.,0.));
#4564 = ORIENTED_EDGE('',*,*,#4565,.T.);
#4565 = EDGE_CURVE('',#4558,#4566,#4568,.T.);
#4566 = VERTEX_POINT('',#4567);
#4567 = CARTESIAN_POINT('',(-0.15,2.,1.35));
#4568 = LINE('',#4569,#4570);
#4569 = CARTESIAN_POINT('',(-0.15,1.9,1.35));
#4570 = VECTOR('',#4571,1.);
#4571 = DIRECTION('',(0.,1.,0.));
#4572 = ORIENTED_EDGE('',*,*,#4573,.T.);
#4573 = EDGE_CURVE('',#4566,#4550,#4574,.T.);
#4574 = LINE('',#4575,#4576);
#4575 = CARTESIAN_POINT('',(-0.15,2.,1.35));
#4576 = VECTOR('',#4577,1.);
#4577 = DIRECTION('',(-1.,0.,0.));
#4578 = PLANE('',#4579);
#4579 = AXIS2_PLACEMENT_3D('',#4580,#4581,#4582);
#4580 = CARTESIAN_POINT('',(-0.15,1.9,1.35));
#4581 = DIRECTION('',(0.,0.,-1.));
#4582 = DIRECTION('',(0.,-1.,0.));
#4583 = ADVANCED_FACE('',(#4584),#4611,.F.);
#4584 = FACE_BOUND('',#4585,.T.);
#4585 = EDGE_LOOP('',(#4586,#4595,#4603,#4610));
#4586 = ORIENTED_EDGE('',*,*,#4587,.T.);
#4587 = EDGE_CURVE('',#4550,#4588,#4590,.T.);
#4588 = VERTEX_POINT('',#4589);
#4589 = CARTESIAN_POINT('',(-0.35,2.139642400438,1.3));
#4590 = CIRCLE('',#4591,0.22);
#4591 = AXIS2_PLACEMENT_3D('',#4592,#4593,#4594);
#4592 = CARTESIAN_POINT('',(-0.35,2.,1.13));
#4593 = DIRECTION('',(-1.,0.,0.));
#4594 = DIRECTION('',(0.,0.,1.));
#4595 = ORIENTED_EDGE('',*,*,#4596,.T.);
#4596 = EDGE_CURVE('',#4588,#4597,#4599,.T.);
#4597 = VERTEX_POINT('',#4598);
#4598 = CARTESIAN_POINT('',(-0.35,1.760357599562,1.3));
#4599 = LINE('',#4600,#4601);
#4600 = CARTESIAN_POINT('',(-0.35,1.9,1.3));
#4601 = VECTOR('',#4602,1.);
#4602 = DIRECTION('',(0.,-1.,0.));
#4603 = ORIENTED_EDGE('',*,*,#4604,.T.);
#4604 = EDGE_CURVE('',#4597,#4548,#4605,.T.);
#4605 = CIRCLE('',#4606,0.22);
#4606 = AXIS2_PLACEMENT_3D('',#4607,#4608,#4609);
#4607 = CARTESIAN_POINT('',(-0.35,1.9,1.13));
#4608 = DIRECTION('',(-1.,0.,0.));
#4609 = DIRECTION('',(0.,-1.,0.));
#4610 = ORIENTED_EDGE('',*,*,#4547,.T.);
#4611 = PLANE('',#4612);
#4612 = AXIS2_PLACEMENT_3D('',#4613,#4614,#4615);
#4613 = CARTESIAN_POINT('',(-0.35,1.9,1.13));
#4614 = DIRECTION('',(1.,0.,-0.));
#4615 = DIRECTION('',(0.,0.,1.));
#4616 = ADVANCED_FACE('',(#4617),#4644,.T.);
#4617 = FACE_BOUND('',#4618,.T.);
#4618 = EDGE_LOOP('',(#4619,#4629,#4636,#4637));
#4619 = ORIENTED_EDGE('',*,*,#4620,.F.);
#4620 = EDGE_CURVE('',#4621,#4623,#4625,.T.);
#4621 = VERTEX_POINT('',#4622);
#4622 = CARTESIAN_POINT('',(-0.15,2.139642400438,1.3));
#4623 = VERTEX_POINT('',#4624);
#4624 = CARTESIAN_POINT('',(-0.15,1.760357599562,1.3));
#4625 = LINE('',#4626,#4627);
#4626 = CARTESIAN_POINT('',(-0.15,1.9,1.3));
#4627 = VECTOR('',#4628,1.);
#4628 = DIRECTION('',(0.,-1.,0.));
#4629 = ORIENTED_EDGE('',*,*,#4630,.F.);
#4630 = EDGE_CURVE('',#4566,#4621,#4631,.T.);
#4631 = CIRCLE('',#4632,0.22);
#4632 = AXIS2_PLACEMENT_3D('',#4633,#4634,#4635);
#4633 = CARTESIAN_POINT('',(-0.15,2.,1.13));
#4634 = DIRECTION('',(-1.,0.,0.));
#4635 = DIRECTION('',(0.,0.,1.));
#4636 = ORIENTED_EDGE('',*,*,#4565,.F.);
#4637 = ORIENTED_EDGE('',*,*,#4638,.F.);
#4638 = EDGE_CURVE('',#4623,#4558,#4639,.T.);
#4639 = CIRCLE('',#4640,0.22);
#4640 = AXIS2_PLACEMENT_3D('',#4641,#4642,#4643);
#4641 = CARTESIAN_POINT('',(-0.15,1.9,1.13));
#4642 = DIRECTION('',(-1.,0.,0.));
#4643 = DIRECTION('',(0.,-1.,0.));
#4644 = PLANE('',#4645);
#4645 = AXIS2_PLACEMENT_3D('',#4646,#4647,#4648);
#4646 = CARTESIAN_POINT('',(-0.15,1.9,1.13));
#4647 = DIRECTION('',(1.,0.,-0.));
#4648 = DIRECTION('',(0.,0.,1.));
#4649 = ADVANCED_FACE('',(#4650),#4661,.T.);
#4650 = FACE_BOUND('',#4651,.T.);
#4651 = EDGE_LOOP('',(#4652,#4653,#4659,#4660));
#4652 = ORIENTED_EDGE('',*,*,#4630,.T.);
#4653 = ORIENTED_EDGE('',*,*,#4654,.T.);
#4654 = EDGE_CURVE('',#4621,#4588,#4655,.T.);
#4655 = LINE('',#4656,#4657);
#4656 = CARTESIAN_POINT('',(-0.15,2.139642400438,1.3));
#4657 = VECTOR('',#4658,1.);
#4658 = DIRECTION('',(-1.,0.,0.));
#4659 = ORIENTED_EDGE('',*,*,#4587,.F.);
#4660 = ORIENTED_EDGE('',*,*,#4573,.F.);
#4661 = CYLINDRICAL_SURFACE('',#4662,0.22);
#4662 = AXIS2_PLACEMENT_3D('',#4663,#4664,#4665);
#4663 = CARTESIAN_POINT('',(-0.15,2.,1.13));
#4664 = DIRECTION('',(-1.,0.,0.));
#4665 = DIRECTION('',(0.,0.,-1.));
#4666 = ADVANCED_FACE('',(#4667),#4678,.T.);
#4667 = FACE_BOUND('',#4668,.T.);
#4668 = EDGE_LOOP('',(#4669,#4670,#4676,#4677));
#4669 = ORIENTED_EDGE('',*,*,#4604,.F.);
#4670 = ORIENTED_EDGE('',*,*,#4671,.T.);
#4671 = EDGE_CURVE('',#4597,#4623,#4672,.T.);
#4672 = LINE('',#4673,#4674);
#4673 = CARTESIAN_POINT('',(-0.15,1.760357599562,1.3));
#4674 = VECTOR('',#4675,1.);
#4675 = DIRECTION('',(1.,-0.,-0.));
#4676 = ORIENTED_EDGE('',*,*,#4638,.T.);
#4677 = ORIENTED_EDGE('',*,*,#4557,.T.);
#4678 = CYLINDRICAL_SURFACE('',#4679,0.22);
#4679 = AXIS2_PLACEMENT_3D('',#4680,#4681,#4682);
#4680 = CARTESIAN_POINT('',(-0.15,1.9,1.13));
#4681 = DIRECTION('',(-1.,0.,0.));
#4682 = DIRECTION('',(0.,0.,-1.));
#4683 = ADVANCED_FACE('',(#4684),#4718,.F.);
#4684 = FACE_BOUND('',#4685,.T.);
#4685 = EDGE_LOOP('',(#4686,#4696,#4704,#4712));
#4686 = ORIENTED_EDGE('',*,*,#4687,.F.);
#4687 = EDGE_CURVE('',#4688,#4690,#4692,.T.);
#4688 = VERTEX_POINT('',#4689);
#4689 = CARTESIAN_POINT('',(-0.35,2.9,-1.212951180468E-15));
#4690 = VERTEX_POINT('',#4691);
#4691 = CARTESIAN_POINT('',(-0.35,2.32,8.809142651445E-17));
#4692 = LINE('',#4693,#4694);
#4693 = CARTESIAN_POINT('',(-0.35,2.9,8.809142651445E-17));
#4694 = VECTOR('',#4695,1.);
#4695 = DIRECTION('',(0.,-1.,0.));
#4696 = ORIENTED_EDGE('',*,*,#4697,.F.);
#4697 = EDGE_CURVE('',#4698,#4688,#4700,.T.);
#4698 = VERTEX_POINT('',#4699);
#4699 = CARTESIAN_POINT('',(-0.15,2.9,-1.212951180468E-15));
#4700 = LINE('',#4701,#4702);
#4701 = CARTESIAN_POINT('',(-0.15,2.9,-1.212951180468E-15));
#4702 = VECTOR('',#4703,1.);
#4703 = DIRECTION('',(-1.,0.,0.));
#4704 = ORIENTED_EDGE('',*,*,#4705,.T.);
#4705 = EDGE_CURVE('',#4698,#4706,#4708,.T.);
#4706 = VERTEX_POINT('',#4707);
#4707 = CARTESIAN_POINT('',(-0.15,2.32,8.809142651445E-17));
#4708 = LINE('',#4709,#4710);
#4709 = CARTESIAN_POINT('',(-0.15,2.9,8.809142651445E-17));
#4710 = VECTOR('',#4711,1.);
#4711 = DIRECTION('',(0.,-1.,0.));
#4712 = ORIENTED_EDGE('',*,*,#4713,.T.);
#4713 = EDGE_CURVE('',#4706,#4690,#4714,.T.);
#4714 = LINE('',#4715,#4716);
#4715 = CARTESIAN_POINT('',(-0.15,2.32,8.809142651445E-17));
#4716 = VECTOR('',#4717,1.);
#4717 = DIRECTION('',(-1.,0.,0.));
#4718 = PLANE('',#4719);
#4719 = AXIS2_PLACEMENT_3D('',#4720,#4721,#4722);
#4720 = CARTESIAN_POINT('',(-0.15,2.9,8.809142651445E-17));
#4721 = DIRECTION('',(0.,-0.,1.));
#4722 = DIRECTION('',(0.,1.,0.));
#4723 = ADVANCED_FACE('',(#4724),#4749,.F.);
#4724 = FACE_BOUND('',#4725,.T.);
#4725 = EDGE_LOOP('',(#4726,#4734,#4742,#4748));
#4726 = ORIENTED_EDGE('',*,*,#4727,.F.);
#4727 = EDGE_CURVE('',#4728,#4688,#4730,.T.);
#4728 = VERTEX_POINT('',#4729);
#4729 = CARTESIAN_POINT('',(-0.35,2.9,0.12));
#4730 = LINE('',#4731,#4732);
#4731 = CARTESIAN_POINT('',(-0.35,2.9,0.12));
#4732 = VECTOR('',#4733,1.);
#4733 = DIRECTION('',(0.,6.123031769112E-17,-1.));
#4734 = ORIENTED_EDGE('',*,*,#4735,.F.);
#4735 = EDGE_CURVE('',#4736,#4728,#4738,.T.);
#4736 = VERTEX_POINT('',#4737);
#4737 = CARTESIAN_POINT('',(-0.15,2.9,0.12));
#4738 = LINE('',#4739,#4740);
#4739 = CARTESIAN_POINT('',(-0.15,2.9,0.12));
#4740 = VECTOR('',#4741,1.);
#4741 = DIRECTION('',(-1.,0.,0.));
#4742 = ORIENTED_EDGE('',*,*,#4743,.T.);
#4743 = EDGE_CURVE('',#4736,#4698,#4744,.T.);
#4744 = LINE('',#4745,#4746);
#4745 = CARTESIAN_POINT('',(-0.15,2.9,0.12));
#4746 = VECTOR('',#4747,1.);
#4747 = DIRECTION('',(0.,6.123031769112E-17,-1.));
#4748 = ORIENTED_EDGE('',*,*,#4697,.T.);
#4749 = PLANE('',#4750);
#4750 = AXIS2_PLACEMENT_3D('',#4751,#4752,#4753);
#4751 = CARTESIAN_POINT('',(-0.15,2.9,0.12));
#4752 = DIRECTION('',(0.,-1.,-6.123031769112E-17));
#4753 = DIRECTION('',(0.,-6.123031769112E-17,1.));
#4754 = ADVANCED_FACE('',(#4755),#4790,.F.);
#4755 = FACE_BOUND('',#4756,.T.);
#4756 = EDGE_LOOP('',(#4757,#4766,#4774,#4782,#4788,#4789));
#4757 = ORIENTED_EDGE('',*,*,#4758,.T.);
#4758 = EDGE_CURVE('',#4690,#4759,#4761,.T.);
#4759 = VERTEX_POINT('',#4760);
#4760 = CARTESIAN_POINT('',(-0.35,2.180357599562,5.E-02));
#4761 = CIRCLE('',#4762,0.22);
#4762 = AXIS2_PLACEMENT_3D('',#4763,#4764,#4765);
#4763 = CARTESIAN_POINT('',(-0.35,2.32,0.22));
#4764 = DIRECTION('',(-1.,0.,0.));
#4765 = DIRECTION('',(0.,0.,-1.));
#4766 = ORIENTED_EDGE('',*,*,#4767,.T.);
#4767 = EDGE_CURVE('',#4759,#4768,#4770,.T.);
#4768 = VERTEX_POINT('',#4769);
#4769 = CARTESIAN_POINT('',(-0.35,2.4,5.E-02));
#4770 = LINE('',#4771,#4772);
#4771 = CARTESIAN_POINT('',(-0.35,1.9,5.E-02));
#4772 = VECTOR('',#4773,1.);
#4773 = DIRECTION('',(0.,1.,0.));
#4774 = ORIENTED_EDGE('',*,*,#4775,.T.);
#4775 = EDGE_CURVE('',#4768,#4776,#4778,.T.);
#4776 = VERTEX_POINT('',#4777);
#4777 = CARTESIAN_POINT('',(-0.35,2.4,0.12));
#4778 = LINE('',#4779,#4780);
#4779 = CARTESIAN_POINT('',(-0.35,2.4,1.13));
#4780 = VECTOR('',#4781,1.);
#4781 = DIRECTION('',(0.,-6.123031769112E-17,1.));
#4782 = ORIENTED_EDGE('',*,*,#4783,.T.);
#4783 = EDGE_CURVE('',#4776,#4728,#4784,.T.);
#4784 = LINE('',#4785,#4786);
#4785 = CARTESIAN_POINT('',(-0.35,2.32,0.12));
#4786 = VECTOR('',#4787,1.);
#4787 = DIRECTION('',(0.,1.,0.));
#4788 = ORIENTED_EDGE('',*,*,#4727,.T.);
#4789 = ORIENTED_EDGE('',*,*,#4687,.T.);
#4790 = PLANE('',#4791);
#4791 = AXIS2_PLACEMENT_3D('',#4792,#4793,#4794);
#4792 = CARTESIAN_POINT('',(-0.35,1.9,1.13));
#4793 = DIRECTION('',(1.,0.,-0.));
#4794 = DIRECTION('',(0.,0.,1.));
#4795 = ADVANCED_FACE('',(#4796),#4831,.T.);
#4796 = FACE_BOUND('',#4797,.T.);
#4797 = EDGE_LOOP('',(#4798,#4808,#4815,#4816,#4817,#4825));
#4798 = ORIENTED_EDGE('',*,*,#4799,.F.);
#4799 = EDGE_CURVE('',#4800,#4802,#4804,.T.);
#4800 = VERTEX_POINT('',#4801);
#4801 = CARTESIAN_POINT('',(-0.15,2.180357599562,5.E-02));
#4802 = VERTEX_POINT('',#4803);
#4803 = CARTESIAN_POINT('',(-0.15,2.4,5.E-02));
#4804 = LINE('',#4805,#4806);
#4805 = CARTESIAN_POINT('',(-0.15,1.9,5.E-02));
#4806 = VECTOR('',#4807,1.);
#4807 = DIRECTION('',(0.,1.,0.));
#4808 = ORIENTED_EDGE('',*,*,#4809,.F.);
#4809 = EDGE_CURVE('',#4706,#4800,#4810,.T.);
#4810 = CIRCLE('',#4811,0.22);
#4811 = AXIS2_PLACEMENT_3D('',#4812,#4813,#4814);
#4812 = CARTESIAN_POINT('',(-0.15,2.32,0.22));
#4813 = DIRECTION('',(-1.,0.,0.));
#4814 = DIRECTION('',(0.,0.,-1.));
#4815 = ORIENTED_EDGE('',*,*,#4705,.F.);
#4816 = ORIENTED_EDGE('',*,*,#4743,.F.);
#4817 = ORIENTED_EDGE('',*,*,#4818,.F.);
#4818 = EDGE_CURVE('',#4819,#4736,#4821,.T.);
#4819 = VERTEX_POINT('',#4820);
#4820 = CARTESIAN_POINT('',(-0.15,2.4,0.12));
#4821 = LINE('',#4822,#4823);
#4822 = CARTESIAN_POINT('',(-0.15,2.32,0.12));
#4823 = VECTOR('',#4824,1.);
#4824 = DIRECTION('',(0.,1.,0.));
#4825 = ORIENTED_EDGE('',*,*,#4826,.F.);
#4826 = EDGE_CURVE('',#4802,#4819,#4827,.T.);
#4827 = LINE('',#4828,#4829);
#4828 = CARTESIAN_POINT('',(-0.15,2.4,1.13));
#4829 = VECTOR('',#4830,1.);
#4830 = DIRECTION('',(0.,-6.123031769112E-17,1.));
#4831 = PLANE('',#4832);
#4832 = AXIS2_PLACEMENT_3D('',#4833,#4834,#4835);
#4833 = CARTESIAN_POINT('',(-0.15,1.9,1.13));
#4834 = DIRECTION('',(1.,0.,-0.));
#4835 = DIRECTION('',(0.,0.,1.));
#4836 = ADVANCED_FACE('',(#4837),#4848,.T.);
#4837 = FACE_BOUND('',#4838,.T.);
#4838 = EDGE_LOOP('',(#4839,#4840,#4846,#4847));
#4839 = ORIENTED_EDGE('',*,*,#4809,.T.);
#4840 = ORIENTED_EDGE('',*,*,#4841,.T.);
#4841 = EDGE_CURVE('',#4800,#4759,#4842,.T.);
#4842 = LINE('',#4843,#4844);
#4843 = CARTESIAN_POINT('',(-0.15,2.180357599562,5.E-02));
#4844 = VECTOR('',#4845,1.);
#4845 = DIRECTION('',(-1.,0.,0.));
#4846 = ORIENTED_EDGE('',*,*,#4758,.F.);
#4847 = ORIENTED_EDGE('',*,*,#4713,.F.);
#4848 = CYLINDRICAL_SURFACE('',#4849,0.22);
#4849 = AXIS2_PLACEMENT_3D('',#4850,#4851,#4852);
#4850 = CARTESIAN_POINT('',(-0.15,2.32,0.22));
#4851 = DIRECTION('',(-1.,0.,0.));
#4852 = DIRECTION('',(0.,0.,-1.));
#4853 = ADVANCED_FACE('',(#4854),#4865,.F.);
#4854 = FACE_BOUND('',#4855,.T.);
#4855 = EDGE_LOOP('',(#4856,#4857,#4863,#4864));
#4856 = ORIENTED_EDGE('',*,*,#4783,.F.);
#4857 = ORIENTED_EDGE('',*,*,#4858,.T.);
#4858 = EDGE_CURVE('',#4776,#4819,#4859,.T.);
#4859 = LINE('',#4860,#4861);
#4860 = CARTESIAN_POINT('',(-0.15,2.4,0.12));
#4861 = VECTOR('',#4862,1.);
#4862 = DIRECTION('',(1.,3.061515884556E-17,0.));
#4863 = ORIENTED_EDGE('',*,*,#4818,.T.);
#4864 = ORIENTED_EDGE('',*,*,#4735,.T.);
#4865 = PLANE('',#4866);
#4866 = AXIS2_PLACEMENT_3D('',#4867,#4868,#4869);
#4867 = CARTESIAN_POINT('',(-0.15,2.32,0.12));
#4868 = DIRECTION('',(0.,0.,-1.));
#4869 = DIRECTION('',(0.,-1.,0.));
#4870 = ADVANCED_FACE('',(#4871),#4915,.T.);
#4871 = FACE_BOUND('',#4872,.T.);
#4872 = EDGE_LOOP('',(#4873,#4883,#4891,#4900,#4908));
#4873 = ORIENTED_EDGE('',*,*,#4874,.F.);
#4874 = EDGE_CURVE('',#4875,#4877,#4879,.T.);
#4875 = VERTEX_POINT('',#4876);
#4876 = CARTESIAN_POINT('',(-0.15,1.,1.091428571429));
#4877 = VERTEX_POINT('',#4878);
#4878 = CARTESIAN_POINT('',(-0.15,1.,0.873988949953));
#4879 = LINE('',#4880,#4881);
#4880 = CARTESIAN_POINT('',(-0.15,1.,1.13));
#4881 = VECTOR('',#4882,1.);
#4882 = DIRECTION('',(0.,6.123031769112E-17,-1.));
#4883 = ORIENTED_EDGE('',*,*,#4884,.F.);
#4884 = EDGE_CURVE('',#4885,#4875,#4887,.T.);
#4885 = VERTEX_POINT('',#4886);
#4886 = CARTESIAN_POINT('',(-0.15,0.970376573854,1.057573227262));
#4887 = LINE('',#4888,#4889);
#4888 = CARTESIAN_POINT('',(-0.15,0.970376573854,1.057573227262));
#4889 = VECTOR('',#4890,1.);
#4890 = DIRECTION('',(0.,0.658504607869,0.752576694707));
#4891 = ORIENTED_EDGE('',*,*,#4892,.F.);
#4892 = EDGE_CURVE('',#4893,#4885,#4895,.T.);
#4893 = VERTEX_POINT('',#4894);
#4894 = CARTESIAN_POINT('',(-0.15,0.989501892653,0.881945973835));
#4895 = CIRCLE('',#4896,0.12);
#4896 = AXIS2_PLACEMENT_3D('',#4897,#4898,#4899);
#4897 = CARTESIAN_POINT('',(-0.15,1.060685777219,0.978552674317));
#4898 = DIRECTION('',(-1.,0.,0.));
#4899 = DIRECTION('',(-0.,-0.59319903805,-0.805055837353));
#4900 = ORIENTED_EDGE('',*,*,#4901,.F.);
#4901 = EDGE_CURVE('',#4902,#4893,#4904,.T.);
#4902 = VERTEX_POINT('',#4903);
#4903 = CARTESIAN_POINT('',(-0.15,0.99330699074,0.879142217349));
#4904 = LINE('',#4905,#4906);
#4905 = CARTESIAN_POINT('',(-0.15,0.99330699074,0.879142217349));
#4906 = VECTOR('',#4907,1.);
#4907 = DIRECTION('',(0.,-0.805055837353,0.59319903805));
#4908 = ORIENTED_EDGE('',*,*,#4909,.F.);
#4909 = EDGE_CURVE('',#4877,#4902,#4910,.T.);
#4910 = CIRCLE('',#4911,0.2);
#4911 = AXIS2_PLACEMENT_3D('',#4912,#4913,#4914);
#4912 = CARTESIAN_POINT('',(-0.15,0.87466718313,0.718131049879));
#4913 = DIRECTION('',(1.,0.,0.));
#4914 = DIRECTION('',(-0.,0.988715504225,0.149805379428));
#4915 = PLANE('',#4916);
#4916 = AXIS2_PLACEMENT_3D('',#4917,#4918,#4919);
#4917 = CARTESIAN_POINT('',(-0.15,1.9,1.13));
#4918 = DIRECTION('',(1.,0.,-0.));
#4919 = DIRECTION('',(0.,0.,1.));
#4920 = ADVANCED_FACE('',(#4921),#4965,.F.);
#4921 = FACE_BOUND('',#4922,.T.);
#4922 = EDGE_LOOP('',(#4923,#4933,#4941,#4950,#4958));
#4923 = ORIENTED_EDGE('',*,*,#4924,.T.);
#4924 = EDGE_CURVE('',#4925,#4927,#4929,.T.);
#4925 = VERTEX_POINT('',#4926);
#4926 = CARTESIAN_POINT('',(-0.35,0.970376573854,1.057573227262));
#4927 = VERTEX_POINT('',#4928);
#4928 = CARTESIAN_POINT('',(-0.35,1.,1.091428571429));
#4929 = LINE('',#4930,#4931);
#4930 = CARTESIAN_POINT('',(-0.35,0.970376573854,1.057573227262));
#4931 = VECTOR('',#4932,1.);
#4932 = DIRECTION('',(0.,0.658504607869,0.752576694707));
#4933 = ORIENTED_EDGE('',*,*,#4934,.T.);
#4934 = EDGE_CURVE('',#4927,#4935,#4937,.T.);
#4935 = VERTEX_POINT('',#4936);
#4936 = CARTESIAN_POINT('',(-0.35,1.,0.873988949953));
#4937 = LINE('',#4938,#4939);
#4938 = CARTESIAN_POINT('',(-0.35,1.,1.13));
#4939 = VECTOR('',#4940,1.);
#4940 = DIRECTION('',(0.,6.123031769112E-17,-1.));
#4941 = ORIENTED_EDGE('',*,*,#4942,.T.);
#4942 = EDGE_CURVE('',#4935,#4943,#4945,.T.);
#4943 = VERTEX_POINT('',#4944);
#4944 = CARTESIAN_POINT('',(-0.35,0.99330699074,0.879142217349));
#4945 = CIRCLE('',#4946,0.2);
#4946 = AXIS2_PLACEMENT_3D('',#4947,#4948,#4949);
#4947 = CARTESIAN_POINT('',(-0.35,0.87466718313,0.718131049879));
#4948 = DIRECTION('',(1.,0.,0.));
#4949 = DIRECTION('',(-0.,0.988715504225,0.149805379428));
#4950 = ORIENTED_EDGE('',*,*,#4951,.T.);
#4951 = EDGE_CURVE('',#4943,#4952,#4954,.T.);
#4952 = VERTEX_POINT('',#4953);
#4953 = CARTESIAN_POINT('',(-0.35,0.989501892653,0.881945973835));
#4954 = LINE('',#4955,#4956);
#4955 = CARTESIAN_POINT('',(-0.35,0.99330699074,0.879142217349));
#4956 = VECTOR('',#4957,1.);
#4957 = DIRECTION('',(0.,-0.805055837353,0.59319903805));
#4958 = ORIENTED_EDGE('',*,*,#4959,.T.);
#4959 = EDGE_CURVE('',#4952,#4925,#4960,.T.);
#4960 = CIRCLE('',#4961,0.12);
#4961 = AXIS2_PLACEMENT_3D('',#4962,#4963,#4964);
#4962 = CARTESIAN_POINT('',(-0.35,1.060685777219,0.978552674317));
#4963 = DIRECTION('',(-1.,0.,0.));
#4964 = DIRECTION('',(-0.,-0.59319903805,-0.805055837353));
#4965 = PLANE('',#4966);
#4966 = AXIS2_PLACEMENT_3D('',#4967,#4968,#4969);
#4967 = CARTESIAN_POINT('',(-0.35,1.9,1.13));
#4968 = DIRECTION('',(1.,0.,-0.));
#4969 = DIRECTION('',(0.,0.,1.));
#4970 = ADVANCED_FACE('',(#4971),#4987,.F.);
#4971 = FACE_BOUND('',#4972,.F.);
#4972 = EDGE_LOOP('',(#4973,#4979,#4980,#4986));
#4973 = ORIENTED_EDGE('',*,*,#4974,.F.);
#4974 = EDGE_CURVE('',#4902,#4943,#4975,.T.);
#4975 = LINE('',#4976,#4977);
#4976 = CARTESIAN_POINT('',(-0.15,0.99330699074,0.879142217349));
#4977 = VECTOR('',#4978,1.);
#4978 = DIRECTION('',(-1.,0.,0.));
#4979 = ORIENTED_EDGE('',*,*,#4909,.F.);
#4980 = ORIENTED_EDGE('',*,*,#4981,.F.);
#4981 = EDGE_CURVE('',#4935,#4877,#4982,.T.);
#4982 = LINE('',#4983,#4984);
#4983 = CARTESIAN_POINT('',(-0.15,1.,0.873988949953));
#4984 = VECTOR('',#4985,1.);
#4985 = DIRECTION('',(1.,-0.,-0.));
#4986 = ORIENTED_EDGE('',*,*,#4942,.T.);
#4987 = CYLINDRICAL_SURFACE('',#4988,0.2);
#4988 = AXIS2_PLACEMENT_3D('',#4989,#4990,#4991);
#4989 = CARTESIAN_POINT('',(-0.15,0.87466718313,0.718131049879));
#4990 = DIRECTION('',(-1.,0.,0.));
#4991 = DIRECTION('',(0.,0.,-1.));
#4992 = ADVANCED_FACE('',(#4993),#5004,.F.);
#4993 = FACE_BOUND('',#4994,.T.);
#4994 = EDGE_LOOP('',(#4995,#4996,#4997,#4998));
#4995 = ORIENTED_EDGE('',*,*,#4951,.F.);
#4996 = ORIENTED_EDGE('',*,*,#4974,.F.);
#4997 = ORIENTED_EDGE('',*,*,#4901,.T.);
#4998 = ORIENTED_EDGE('',*,*,#4999,.T.);
#4999 = EDGE_CURVE('',#4893,#4952,#5000,.T.);
#5000 = LINE('',#5001,#5002);
#5001 = CARTESIAN_POINT('',(-0.15,0.989501892653,0.881945973835));
#5002 = VECTOR('',#5003,1.);
#5003 = DIRECTION('',(-1.,0.,0.));
#5004 = PLANE('',#5005);
#5005 = AXIS2_PLACEMENT_3D('',#5006,#5007,#5008);
#5006 = CARTESIAN_POINT('',(-0.15,0.99330699074,0.879142217349));
#5007 = DIRECTION('',(0.,0.59319903805,0.805055837353));
#5008 = DIRECTION('',(0.,0.805055837353,-0.59319903805));
#5009 = ADVANCED_FACE('',(#5010),#5021,.T.);
#5010 = FACE_BOUND('',#5011,.T.);
#5011 = EDGE_LOOP('',(#5012,#5013,#5014,#5015));
#5012 = ORIENTED_EDGE('',*,*,#4959,.F.);
#5013 = ORIENTED_EDGE('',*,*,#4999,.F.);
#5014 = ORIENTED_EDGE('',*,*,#4892,.T.);
#5015 = ORIENTED_EDGE('',*,*,#5016,.T.);
#5016 = EDGE_CURVE('',#4885,#4925,#5017,.T.);
#5017 = LINE('',#5018,#5019);
#5018 = CARTESIAN_POINT('',(-0.15,0.970376573854,1.057573227262));
#5019 = VECTOR('',#5020,1.);
#5020 = DIRECTION('',(-1.,0.,0.));
#5021 = CYLINDRICAL_SURFACE('',#5022,0.12);
#5022 = AXIS2_PLACEMENT_3D('',#5023,#5024,#5025);
#5023 = CARTESIAN_POINT('',(-0.15,1.060685777219,0.978552674317));
#5024 = DIRECTION('',(-1.,0.,0.));
#5025 = DIRECTION('',(0.,0.,-1.));
#5026 = ADVANCED_FACE('',(#5027),#5038,.F.);
#5027 = FACE_BOUND('',#5028,.T.);
#5028 = EDGE_LOOP('',(#5029,#5030,#5036,#5037));
#5029 = ORIENTED_EDGE('',*,*,#4884,.T.);
#5030 = ORIENTED_EDGE('',*,*,#5031,.T.);
#5031 = EDGE_CURVE('',#4875,#4927,#5032,.T.);
#5032 = LINE('',#5033,#5034);
#5033 = CARTESIAN_POINT('',(-0.15,1.,1.091428571429));
#5034 = VECTOR('',#5035,1.);
#5035 = DIRECTION('',(-1.,-3.061515884556E-17,-3.498875296635E-17));
#5036 = ORIENTED_EDGE('',*,*,#4924,.F.);
#5037 = ORIENTED_EDGE('',*,*,#5016,.F.);
#5038 = PLANE('',#5039);
#5039 = AXIS2_PLACEMENT_3D('',#5040,#5041,#5042);
#5040 = CARTESIAN_POINT('',(-0.15,0.970376573854,1.057573227262));
#5041 = DIRECTION('',(0.,0.752576694707,-0.658504607869));
#5042 = DIRECTION('',(0.,-0.658504607869,-0.752576694707));
#5043 = ADVANCED_FACE('',(#5044),#5078,.F.);
#5044 = FACE_BOUND('',#5045,.T.);
#5045 = EDGE_LOOP('',(#5046,#5056,#5064,#5072));
#5046 = ORIENTED_EDGE('',*,*,#5047,.T.);
#5047 = EDGE_CURVE('',#5048,#5050,#5052,.T.);
#5048 = VERTEX_POINT('',#5049);
#5049 = CARTESIAN_POINT('',(0.15,-1.9,1.35));
#5050 = VERTEX_POINT('',#5051);
#5051 = CARTESIAN_POINT('',(0.15,-2.,1.35));
#5052 = LINE('',#5053,#5054);
#5053 = CARTESIAN_POINT('',(0.15,-1.9,1.35));
#5054 = VECTOR('',#5055,1.);
#5055 = DIRECTION('',(0.,-1.,0.));
#5056 = ORIENTED_EDGE('',*,*,#5057,.F.);
#5057 = EDGE_CURVE('',#5058,#5050,#5060,.T.);
#5058 = VERTEX_POINT('',#5059);
#5059 = CARTESIAN_POINT('',(0.35,-2.,1.35));
#5060 = LINE('',#5061,#5062);
#5061 = CARTESIAN_POINT('',(0.35,-2.,1.35));
#5062 = VECTOR('',#5063,1.);
#5063 = DIRECTION('',(-1.,0.,0.));
#5064 = ORIENTED_EDGE('',*,*,#5065,.F.);
#5065 = EDGE_CURVE('',#5066,#5058,#5068,.T.);
#5066 = VERTEX_POINT('',#5067);
#5067 = CARTESIAN_POINT('',(0.35,-1.9,1.35));
#5068 = LINE('',#5069,#5070);
#5069 = CARTESIAN_POINT('',(0.35,-1.9,1.35));
#5070 = VECTOR('',#5071,1.);
#5071 = DIRECTION('',(0.,-1.,0.));
#5072 = ORIENTED_EDGE('',*,*,#5073,.T.);
#5073 = EDGE_CURVE('',#5066,#5048,#5074,.T.);
#5074 = LINE('',#5075,#5076);
#5075 = CARTESIAN_POINT('',(0.35,-1.9,1.35));
#5076 = VECTOR('',#5077,1.);
#5077 = DIRECTION('',(-1.,0.,0.));
#5078 = PLANE('',#5079);
#5079 = AXIS2_PLACEMENT_3D('',#5080,#5081,#5082);
#5080 = CARTESIAN_POINT('',(0.35,-1.9,1.35));
#5081 = DIRECTION('',(0.,0.,-1.));
#5082 = DIRECTION('',(0.,1.,0.));
#5083 = ADVANCED_FACE('',(#5084),#5111,.T.);
#5084 = FACE_BOUND('',#5085,.T.);
#5085 = EDGE_LOOP('',(#5086,#5096,#5103,#5104));
#5086 = ORIENTED_EDGE('',*,*,#5087,.F.);
#5087 = EDGE_CURVE('',#5088,#5090,#5092,.T.);
#5088 = VERTEX_POINT('',#5089);
#5089 = CARTESIAN_POINT('',(0.35,-1.760357599562,1.3));
#5090 = VERTEX_POINT('',#5091);
#5091 = CARTESIAN_POINT('',(0.35,-2.139642400438,1.3));
#5092 = LINE('',#5093,#5094);
#5093 = CARTESIAN_POINT('',(0.35,-1.9,1.3));
#5094 = VECTOR('',#5095,1.);
#5095 = DIRECTION('',(0.,-1.,0.));
#5096 = ORIENTED_EDGE('',*,*,#5097,.T.);
#5097 = EDGE_CURVE('',#5088,#5066,#5098,.T.);
#5098 = CIRCLE('',#5099,0.22);
#5099 = AXIS2_PLACEMENT_3D('',#5100,#5101,#5102);
#5100 = CARTESIAN_POINT('',(0.35,-1.9,1.13));
#5101 = DIRECTION('',(1.,0.,0.));
#5102 = DIRECTION('',(-0.,1.,0.));
#5103 = ORIENTED_EDGE('',*,*,#5065,.T.);
#5104 = ORIENTED_EDGE('',*,*,#5105,.T.);
#5105 = EDGE_CURVE('',#5058,#5090,#5106,.T.);
#5106 = CIRCLE('',#5107,0.22);
#5107 = AXIS2_PLACEMENT_3D('',#5108,#5109,#5110);
#5108 = CARTESIAN_POINT('',(0.35,-2.,1.13));
#5109 = DIRECTION('',(1.,0.,-0.));
#5110 = DIRECTION('',(0.,0.,1.));
#5111 = PLANE('',#5112);
#5112 = AXIS2_PLACEMENT_3D('',#5113,#5114,#5115);
#5113 = CARTESIAN_POINT('',(0.35,-1.9,1.13));
#5114 = DIRECTION('',(1.,0.,-0.));
#5115 = DIRECTION('',(0.,0.,1.));
#5116 = ADVANCED_FACE('',(#5117),#5144,.F.);
#5117 = FACE_BOUND('',#5118,.T.);
#5118 = EDGE_LOOP('',(#5119,#5128,#5136,#5143));
#5119 = ORIENTED_EDGE('',*,*,#5120,.F.);
#5120 = EDGE_CURVE('',#5121,#5048,#5123,.T.);
#5121 = VERTEX_POINT('',#5122);
#5122 = CARTESIAN_POINT('',(0.15,-1.760357599562,1.3));
#5123 = CIRCLE('',#5124,0.22);
#5124 = AXIS2_PLACEMENT_3D('',#5125,#5126,#5127);
#5125 = CARTESIAN_POINT('',(0.15,-1.9,1.13));
#5126 = DIRECTION('',(1.,0.,0.));
#5127 = DIRECTION('',(-0.,1.,0.));
#5128 = ORIENTED_EDGE('',*,*,#5129,.T.);
#5129 = EDGE_CURVE('',#5121,#5130,#5132,.T.);
#5130 = VERTEX_POINT('',#5131);
#5131 = CARTESIAN_POINT('',(0.15,-2.139642400438,1.3));
#5132 = LINE('',#5133,#5134);
#5133 = CARTESIAN_POINT('',(0.15,-1.9,1.3));
#5134 = VECTOR('',#5135,1.);
#5135 = DIRECTION('',(0.,-1.,0.));
#5136 = ORIENTED_EDGE('',*,*,#5137,.F.);
#5137 = EDGE_CURVE('',#5050,#5130,#5138,.T.);
#5138 = CIRCLE('',#5139,0.22);
#5139 = AXIS2_PLACEMENT_3D('',#5140,#5141,#5142);
#5140 = CARTESIAN_POINT('',(0.15,-2.,1.13));
#5141 = DIRECTION('',(1.,0.,-0.));
#5142 = DIRECTION('',(0.,0.,1.));
#5143 = ORIENTED_EDGE('',*,*,#5047,.F.);
#5144 = PLANE('',#5145);
#5145 = AXIS2_PLACEMENT_3D('',#5146,#5147,#5148);
#5146 = CARTESIAN_POINT('',(0.15,-1.9,1.13));
#5147 = DIRECTION('',(1.,0.,-0.));
#5148 = DIRECTION('',(0.,0.,1.));
#5149 = ADVANCED_FACE('',(#5150),#5161,.T.);
#5150 = FACE_BOUND('',#5151,.T.);
#5151 = EDGE_LOOP('',(#5152,#5153,#5159,#5160));
#5152 = ORIENTED_EDGE('',*,*,#5137,.T.);
#5153 = ORIENTED_EDGE('',*,*,#5154,.T.);
#5154 = EDGE_CURVE('',#5130,#5090,#5155,.T.);
#5155 = LINE('',#5156,#5157);
#5156 = CARTESIAN_POINT('',(0.35,-2.139642400438,1.3));
#5157 = VECTOR('',#5158,1.);
#5158 = DIRECTION('',(1.,-0.,-0.));
#5159 = ORIENTED_EDGE('',*,*,#5105,.F.);
#5160 = ORIENTED_EDGE('',*,*,#5057,.T.);
#5161 = CYLINDRICAL_SURFACE('',#5162,0.22);
#5162 = AXIS2_PLACEMENT_3D('',#5163,#5164,#5165);
#5163 = CARTESIAN_POINT('',(0.35,-2.,1.13));
#5164 = DIRECTION('',(-1.,0.,0.));
#5165 = DIRECTION('',(0.,0.,-1.));
#5166 = ADVANCED_FACE('',(#5167),#5178,.T.);
#5167 = FACE_BOUND('',#5168,.T.);
#5168 = EDGE_LOOP('',(#5169,#5170,#5176,#5177));
#5169 = ORIENTED_EDGE('',*,*,#5097,.F.);
#5170 = ORIENTED_EDGE('',*,*,#5171,.T.);
#5171 = EDGE_CURVE('',#5088,#5121,#5172,.T.);
#5172 = LINE('',#5173,#5174);
#5173 = CARTESIAN_POINT('',(0.35,-1.760357599562,1.3));
#5174 = VECTOR('',#5175,1.);
#5175 = DIRECTION('',(-1.,0.,0.));
#5176 = ORIENTED_EDGE('',*,*,#5120,.T.);
#5177 = ORIENTED_EDGE('',*,*,#5073,.F.);
#5178 = CYLINDRICAL_SURFACE('',#5179,0.22);
#5179 = AXIS2_PLACEMENT_3D('',#5180,#5181,#5182);
#5180 = CARTESIAN_POINT('',(0.35,-1.9,1.13));
#5181 = DIRECTION('',(-1.,0.,0.));
#5182 = DIRECTION('',(0.,0.,-1.));
#5183 = ADVANCED_FACE('',(#5184),#5218,.F.);
#5184 = FACE_BOUND('',#5185,.T.);
#5185 = EDGE_LOOP('',(#5186,#5196,#5204,#5212));
#5186 = ORIENTED_EDGE('',*,*,#5187,.T.);
#5187 = EDGE_CURVE('',#5188,#5190,#5192,.T.);
#5188 = VERTEX_POINT('',#5189);
#5189 = CARTESIAN_POINT('',(0.15,-2.9,0.12));
#5190 = VERTEX_POINT('',#5191);
#5191 = CARTESIAN_POINT('',(0.15,-2.9,-1.212951180468E-15));
#5192 = LINE('',#5193,#5194);
#5193 = CARTESIAN_POINT('',(0.15,-2.9,0.12));
#5194 = VECTOR('',#5195,1.);
#5195 = DIRECTION('',(0.,-6.123031769112E-17,-1.));
#5196 = ORIENTED_EDGE('',*,*,#5197,.F.);
#5197 = EDGE_CURVE('',#5198,#5190,#5200,.T.);
#5198 = VERTEX_POINT('',#5199);
#5199 = CARTESIAN_POINT('',(0.35,-2.9,-1.212951180468E-15));
#5200 = LINE('',#5201,#5202);
#5201 = CARTESIAN_POINT('',(0.35,-2.9,-1.212951180468E-15));
#5202 = VECTOR('',#5203,1.);
#5203 = DIRECTION('',(-1.,0.,0.));
#5204 = ORIENTED_EDGE('',*,*,#5205,.F.);
#5205 = EDGE_CURVE('',#5206,#5198,#5208,.T.);
#5206 = VERTEX_POINT('',#5207);
#5207 = CARTESIAN_POINT('',(0.35,-2.9,0.12));
#5208 = LINE('',#5209,#5210);
#5209 = CARTESIAN_POINT('',(0.35,-2.9,0.12));
#5210 = VECTOR('',#5211,1.);
#5211 = DIRECTION('',(0.,-6.123031769112E-17,-1.));
#5212 = ORIENTED_EDGE('',*,*,#5213,.T.);
#5213 = EDGE_CURVE('',#5206,#5188,#5214,.T.);
#5214 = LINE('',#5215,#5216);
#5215 = CARTESIAN_POINT('',(0.35,-2.9,0.12));
#5216 = VECTOR('',#5217,1.);
#5217 = DIRECTION('',(-1.,0.,0.));
#5218 = PLANE('',#5219);
#5219 = AXIS2_PLACEMENT_3D('',#5220,#5221,#5222);
#5220 = CARTESIAN_POINT('',(0.35,-2.9,0.12));
#5221 = DIRECTION('',(0.,1.,-6.123031769112E-17));
#5222 = DIRECTION('',(0.,6.123031769112E-17,1.));
#5223 = ADVANCED_FACE('',(#5224),#5249,.F.);
#5224 = FACE_BOUND('',#5225,.T.);
#5225 = EDGE_LOOP('',(#5226,#5234,#5242,#5248));
#5226 = ORIENTED_EDGE('',*,*,#5227,.T.);
#5227 = EDGE_CURVE('',#5190,#5228,#5230,.T.);
#5228 = VERTEX_POINT('',#5229);
#5229 = CARTESIAN_POINT('',(0.15,-2.32,8.809142651445E-17));
#5230 = LINE('',#5231,#5232);
#5231 = CARTESIAN_POINT('',(0.15,-2.9,8.809142651445E-17));
#5232 = VECTOR('',#5233,1.);
#5233 = DIRECTION('',(0.,1.,0.));
#5234 = ORIENTED_EDGE('',*,*,#5235,.F.);
#5235 = EDGE_CURVE('',#5236,#5228,#5238,.T.);
#5236 = VERTEX_POINT('',#5237);
#5237 = CARTESIAN_POINT('',(0.35,-2.32,8.809142651445E-17));
#5238 = LINE('',#5239,#5240);
#5239 = CARTESIAN_POINT('',(0.35,-2.32,8.809142651445E-17));
#5240 = VECTOR('',#5241,1.);
#5241 = DIRECTION('',(-1.,0.,0.));
#5242 = ORIENTED_EDGE('',*,*,#5243,.F.);
#5243 = EDGE_CURVE('',#5198,#5236,#5244,.T.);
#5244 = LINE('',#5245,#5246);
#5245 = CARTESIAN_POINT('',(0.35,-2.9,8.809142651445E-17));
#5246 = VECTOR('',#5247,1.);
#5247 = DIRECTION('',(0.,1.,0.));
#5248 = ORIENTED_EDGE('',*,*,#5197,.T.);
#5249 = PLANE('',#5250);
#5250 = AXIS2_PLACEMENT_3D('',#5251,#5252,#5253);
#5251 = CARTESIAN_POINT('',(0.35,-2.9,8.809142651445E-17));
#5252 = DIRECTION('',(0.,0.,1.));
#5253 = DIRECTION('',(0.,-1.,0.));
#5254 = ADVANCED_FACE('',(#5255),#5290,.T.);
#5255 = FACE_BOUND('',#5256,.T.);
#5256 = EDGE_LOOP('',(#5257,#5267,#5275,#5281,#5282,#5283));
#5257 = ORIENTED_EDGE('',*,*,#5258,.F.);
#5258 = EDGE_CURVE('',#5259,#5261,#5263,.T.);
#5259 = VERTEX_POINT('',#5260);
#5260 = CARTESIAN_POINT('',(0.35,-2.4,5.E-02));
#5261 = VERTEX_POINT('',#5262);
#5262 = CARTESIAN_POINT('',(0.35,-2.180357599562,5.E-02));
#5263 = LINE('',#5264,#5265);
#5264 = CARTESIAN_POINT('',(0.35,-1.9,5.E-02));
#5265 = VECTOR('',#5266,1.);
#5266 = DIRECTION('',(0.,1.,0.));
#5267 = ORIENTED_EDGE('',*,*,#5268,.F.);
#5268 = EDGE_CURVE('',#5269,#5259,#5271,.T.);
#5269 = VERTEX_POINT('',#5270);
#5270 = CARTESIAN_POINT('',(0.35,-2.4,0.12));
#5271 = LINE('',#5272,#5273);
#5272 = CARTESIAN_POINT('',(0.35,-2.4,1.13));
#5273 = VECTOR('',#5274,1.);
#5274 = DIRECTION('',(0.,-6.123031769112E-17,-1.));
#5275 = ORIENTED_EDGE('',*,*,#5276,.T.);
#5276 = EDGE_CURVE('',#5269,#5206,#5277,.T.);
#5277 = LINE('',#5278,#5279);
#5278 = CARTESIAN_POINT('',(0.35,-2.32,0.12));
#5279 = VECTOR('',#5280,1.);
#5280 = DIRECTION('',(0.,-1.,0.));
#5281 = ORIENTED_EDGE('',*,*,#5205,.T.);
#5282 = ORIENTED_EDGE('',*,*,#5243,.T.);
#5283 = ORIENTED_EDGE('',*,*,#5284,.T.);
#5284 = EDGE_CURVE('',#5236,#5261,#5285,.T.);
#5285 = CIRCLE('',#5286,0.22);
#5286 = AXIS2_PLACEMENT_3D('',#5287,#5288,#5289);
#5287 = CARTESIAN_POINT('',(0.35,-2.32,0.22));
#5288 = DIRECTION('',(1.,0.,0.));
#5289 = DIRECTION('',(0.,0.,-1.));
#5290 = PLANE('',#5291);
#5291 = AXIS2_PLACEMENT_3D('',#5292,#5293,#5294);
#5292 = CARTESIAN_POINT('',(0.35,-1.9,1.13));
#5293 = DIRECTION('',(1.,0.,-0.));
#5294 = DIRECTION('',(0.,0.,1.));
#5295 = ADVANCED_FACE('',(#5296),#5331,.F.);
#5296 = FACE_BOUND('',#5297,.T.);
#5297 = EDGE_LOOP('',(#5298,#5308,#5316,#5323,#5324,#5325));
#5298 = ORIENTED_EDGE('',*,*,#5299,.T.);
#5299 = EDGE_CURVE('',#5300,#5302,#5304,.T.);
#5300 = VERTEX_POINT('',#5301);
#5301 = CARTESIAN_POINT('',(0.15,-2.4,0.12));
#5302 = VERTEX_POINT('',#5303);
#5303 = CARTESIAN_POINT('',(0.15,-2.4,5.E-02));
#5304 = LINE('',#5305,#5306);
#5305 = CARTESIAN_POINT('',(0.15,-2.4,1.13));
#5306 = VECTOR('',#5307,1.);
#5307 = DIRECTION('',(0.,-6.123031769112E-17,-1.));
#5308 = ORIENTED_EDGE('',*,*,#5309,.T.);
#5309 = EDGE_CURVE('',#5302,#5310,#5312,.T.);
#5310 = VERTEX_POINT('',#5311);
#5311 = CARTESIAN_POINT('',(0.15,-2.180357599562,5.E-02));
#5312 = LINE('',#5313,#5314);
#5313 = CARTESIAN_POINT('',(0.15,-1.9,5.E-02));
#5314 = VECTOR('',#5315,1.);
#5315 = DIRECTION('',(0.,1.,0.));
#5316 = ORIENTED_EDGE('',*,*,#5317,.F.);
#5317 = EDGE_CURVE('',#5228,#5310,#5318,.T.);
#5318 = CIRCLE('',#5319,0.22);
#5319 = AXIS2_PLACEMENT_3D('',#5320,#5321,#5322);
#5320 = CARTESIAN_POINT('',(0.15,-2.32,0.22));
#5321 = DIRECTION('',(1.,0.,0.));
#5322 = DIRECTION('',(0.,0.,-1.));
#5323 = ORIENTED_EDGE('',*,*,#5227,.F.);
#5324 = ORIENTED_EDGE('',*,*,#5187,.F.);
#5325 = ORIENTED_EDGE('',*,*,#5326,.F.);
#5326 = EDGE_CURVE('',#5300,#5188,#5327,.T.);
#5327 = LINE('',#5328,#5329);
#5328 = CARTESIAN_POINT('',(0.15,-2.32,0.12));
#5329 = VECTOR('',#5330,1.);
#5330 = DIRECTION('',(0.,-1.,0.));
#5331 = PLANE('',#5332);
#5332 = AXIS2_PLACEMENT_3D('',#5333,#5334,#5335);
#5333 = CARTESIAN_POINT('',(0.15,-1.9,1.13));
#5334 = DIRECTION('',(1.,0.,-0.));
#5335 = DIRECTION('',(0.,0.,1.));
#5336 = ADVANCED_FACE('',(#5337),#5348,.T.);
#5337 = FACE_BOUND('',#5338,.T.);
#5338 = EDGE_LOOP('',(#5339,#5340,#5346,#5347));
#5339 = ORIENTED_EDGE('',*,*,#5317,.T.);
#5340 = ORIENTED_EDGE('',*,*,#5341,.T.);
#5341 = EDGE_CURVE('',#5310,#5261,#5342,.T.);
#5342 = LINE('',#5343,#5344);
#5343 = CARTESIAN_POINT('',(0.35,-2.180357599562,5.E-02));
#5344 = VECTOR('',#5345,1.);
#5345 = DIRECTION('',(1.,-0.,-0.));
#5346 = ORIENTED_EDGE('',*,*,#5284,.F.);
#5347 = ORIENTED_EDGE('',*,*,#5235,.T.);
#5348 = CYLINDRICAL_SURFACE('',#5349,0.22);
#5349 = AXIS2_PLACEMENT_3D('',#5350,#5351,#5352);
#5350 = CARTESIAN_POINT('',(0.35,-2.32,0.22));
#5351 = DIRECTION('',(-1.,0.,0.));
#5352 = DIRECTION('',(0.,0.,-1.));
#5353 = ADVANCED_FACE('',(#5354),#5365,.F.);
#5354 = FACE_BOUND('',#5355,.T.);
#5355 = EDGE_LOOP('',(#5356,#5357,#5363,#5364));
#5356 = ORIENTED_EDGE('',*,*,#5276,.F.);
#5357 = ORIENTED_EDGE('',*,*,#5358,.T.);
#5358 = EDGE_CURVE('',#5269,#5300,#5359,.T.);
#5359 = LINE('',#5360,#5361);
#5360 = CARTESIAN_POINT('',(0.35,-2.4,0.12));
#5361 = VECTOR('',#5362,1.);
#5362 = DIRECTION('',(-1.,3.061515884556E-17,0.));
#5363 = ORIENTED_EDGE('',*,*,#5326,.T.);
#5364 = ORIENTED_EDGE('',*,*,#5213,.F.);
#5365 = PLANE('',#5366);
#5366 = AXIS2_PLACEMENT_3D('',#5367,#5368,#5369);
#5367 = CARTESIAN_POINT('',(0.35,-2.32,0.12));
#5368 = DIRECTION('',(0.,0.,-1.));
#5369 = DIRECTION('',(0.,1.,0.));
#5370 = ADVANCED_FACE('',(#5371),#5415,.T.);
#5371 = FACE_BOUND('',#5372,.T.);
#5372 = EDGE_LOOP('',(#5373,#5383,#5392,#5400,#5409));
#5373 = ORIENTED_EDGE('',*,*,#5374,.F.);
#5374 = EDGE_CURVE('',#5375,#5377,#5379,.T.);
#5375 = VERTEX_POINT('',#5376);
#5376 = CARTESIAN_POINT('',(0.35,-1.,0.873988949953));
#5377 = VERTEX_POINT('',#5378);
#5378 = CARTESIAN_POINT('',(0.35,-1.,1.091428571429));
#5379 = LINE('',#5380,#5381);
#5380 = CARTESIAN_POINT('',(0.35,-1.,1.13));
#5381 = VECTOR('',#5382,1.);
#5382 = DIRECTION('',(0.,6.123031769112E-17,1.));
#5383 = ORIENTED_EDGE('',*,*,#5384,.T.);
#5384 = EDGE_CURVE('',#5375,#5385,#5387,.T.);
#5385 = VERTEX_POINT('',#5386);
#5386 = CARTESIAN_POINT('',(0.35,-0.99330699074,0.879142217349));
#5387 = CIRCLE('',#5388,0.2);
#5388 = AXIS2_PLACEMENT_3D('',#5389,#5390,#5391);
#5389 = CARTESIAN_POINT('',(0.35,-0.87466718313,0.718131049879));
#5390 = DIRECTION('',(-1.,0.,0.));
#5391 = DIRECTION('',(0.,-0.988715504225,0.149805379428));
#5392 = ORIENTED_EDGE('',*,*,#5393,.T.);
#5393 = EDGE_CURVE('',#5385,#5394,#5396,.T.);
#5394 = VERTEX_POINT('',#5395);
#5395 = CARTESIAN_POINT('',(0.35,-0.989501892653,0.881945973835));
#5396 = LINE('',#5397,#5398);
#5397 = CARTESIAN_POINT('',(0.35,-0.99330699074,0.879142217349));
#5398 = VECTOR('',#5399,1.);
#5399 = DIRECTION('',(0.,0.805055837353,0.59319903805));
#5400 = ORIENTED_EDGE('',*,*,#5401,.T.);
#5401 = EDGE_CURVE('',#5394,#5402,#5404,.T.);
#5402 = VERTEX_POINT('',#5403);
#5403 = CARTESIAN_POINT('',(0.35,-0.970376573854,1.057573227262));
#5404 = CIRCLE('',#5405,0.12);
#5405 = AXIS2_PLACEMENT_3D('',#5406,#5407,#5408);
#5406 = CARTESIAN_POINT('',(0.35,-1.060685777219,0.978552674317));
#5407 = DIRECTION('',(1.,0.,0.));
#5408 = DIRECTION('',(0.,0.59319903805,-0.805055837353));
#5409 = ORIENTED_EDGE('',*,*,#5410,.T.);
#5410 = EDGE_CURVE('',#5402,#5377,#5411,.T.);
#5411 = LINE('',#5412,#5413);
#5412 = CARTESIAN_POINT('',(0.35,-0.970376573854,1.057573227262));
#5413 = VECTOR('',#5414,1.);
#5414 = DIRECTION('',(0.,-0.658504607869,0.752576694707));
#5415 = PLANE('',#5416);
#5416 = AXIS2_PLACEMENT_3D('',#5417,#5418,#5419);
#5417 = CARTESIAN_POINT('',(0.35,-1.9,1.13));
#5418 = DIRECTION('',(1.,0.,-0.));
#5419 = DIRECTION('',(0.,0.,1.));
#5420 = ADVANCED_FACE('',(#5421),#5465,.F.);
#5421 = FACE_BOUND('',#5422,.T.);
#5422 = EDGE_LOOP('',(#5423,#5434,#5442,#5450,#5459));
#5423 = ORIENTED_EDGE('',*,*,#5424,.F.);
#5424 = EDGE_CURVE('',#5425,#5427,#5429,.T.);
#5425 = VERTEX_POINT('',#5426);
#5426 = CARTESIAN_POINT('',(0.15,-1.,0.873988949953));
#5427 = VERTEX_POINT('',#5428);
#5428 = CARTESIAN_POINT('',(0.15,-0.99330699074,0.879142217349));
#5429 = CIRCLE('',#5430,0.2);
#5430 = AXIS2_PLACEMENT_3D('',#5431,#5432,#5433);
#5431 = CARTESIAN_POINT('',(0.15,-0.87466718313,0.718131049879));
#5432 = DIRECTION('',(-1.,0.,0.));
#5433 = DIRECTION('',(0.,-0.988715504225,0.149805379428));
#5434 = ORIENTED_EDGE('',*,*,#5435,.T.);
#5435 = EDGE_CURVE('',#5425,#5436,#5438,.T.);
#5436 = VERTEX_POINT('',#5437);
#5437 = CARTESIAN_POINT('',(0.15,-1.,1.091428571429));
#5438 = LINE('',#5439,#5440);
#5439 = CARTESIAN_POINT('',(0.15,-1.,1.13));
#5440 = VECTOR('',#5441,1.);
#5441 = DIRECTION('',(0.,6.123031769112E-17,1.));
#5442 = ORIENTED_EDGE('',*,*,#5443,.F.);
#5443 = EDGE_CURVE('',#5444,#5436,#5446,.T.);
#5444 = VERTEX_POINT('',#5445);
#5445 = CARTESIAN_POINT('',(0.15,-0.970376573854,1.057573227262));
#5446 = LINE('',#5447,#5448);
#5447 = CARTESIAN_POINT('',(0.15,-0.970376573854,1.057573227262));
#5448 = VECTOR('',#5449,1.);
#5449 = DIRECTION('',(0.,-0.658504607869,0.752576694707));
#5450 = ORIENTED_EDGE('',*,*,#5451,.F.);
#5451 = EDGE_CURVE('',#5452,#5444,#5454,.T.);
#5452 = VERTEX_POINT('',#5453);
#5453 = CARTESIAN_POINT('',(0.15,-0.989501892653,0.881945973835));
#5454 = CIRCLE('',#5455,0.12);
#5455 = AXIS2_PLACEMENT_3D('',#5456,#5457,#5458);
#5456 = CARTESIAN_POINT('',(0.15,-1.060685777219,0.978552674317));
#5457 = DIRECTION('',(1.,0.,0.));
#5458 = DIRECTION('',(0.,0.59319903805,-0.805055837353));
#5459 = ORIENTED_EDGE('',*,*,#5460,.F.);
#5460 = EDGE_CURVE('',#5427,#5452,#5461,.T.);
#5461 = LINE('',#5462,#5463);
#5462 = CARTESIAN_POINT('',(0.15,-0.99330699074,0.879142217349));
#5463 = VECTOR('',#5464,1.);
#5464 = DIRECTION('',(0.,0.805055837353,0.59319903805));
#5465 = PLANE('',#5466);
#5466 = AXIS2_PLACEMENT_3D('',#5467,#5468,#5469);
#5467 = CARTESIAN_POINT('',(0.15,-1.9,1.13));
#5468 = DIRECTION('',(1.,0.,-0.));
#5469 = DIRECTION('',(0.,0.,1.));
#5470 = ADVANCED_FACE('',(#5471),#5487,.F.);
#5471 = FACE_BOUND('',#5472,.F.);
#5472 = EDGE_LOOP('',(#5473,#5479,#5480,#5486));
#5473 = ORIENTED_EDGE('',*,*,#5474,.T.);
#5474 = EDGE_CURVE('',#5385,#5427,#5475,.T.);
#5475 = LINE('',#5476,#5477);
#5476 = CARTESIAN_POINT('',(0.35,-0.99330699074,0.879142217349));
#5477 = VECTOR('',#5478,1.);
#5478 = DIRECTION('',(-1.,0.,0.));
#5479 = ORIENTED_EDGE('',*,*,#5424,.F.);
#5480 = ORIENTED_EDGE('',*,*,#5481,.F.);
#5481 = EDGE_CURVE('',#5375,#5425,#5482,.T.);
#5482 = LINE('',#5483,#5484);
#5483 = CARTESIAN_POINT('',(0.35,-1.,0.873988949953));
#5484 = VECTOR('',#5485,1.);
#5485 = DIRECTION('',(-1.,0.,0.));
#5486 = ORIENTED_EDGE('',*,*,#5384,.T.);
#5487 = CYLINDRICAL_SURFACE('',#5488,0.2);
#5488 = AXIS2_PLACEMENT_3D('',#5489,#5490,#5491);
#5489 = CARTESIAN_POINT('',(0.35,-0.87466718313,0.718131049879));
#5490 = DIRECTION('',(-1.,0.,0.));
#5491 = DIRECTION('',(0.,0.,-1.));
#5492 = ADVANCED_FACE('',(#5493),#5504,.F.);
#5493 = FACE_BOUND('',#5494,.T.);
#5494 = EDGE_LOOP('',(#5495,#5496,#5502,#5503));
#5495 = ORIENTED_EDGE('',*,*,#5460,.T.);
#5496 = ORIENTED_EDGE('',*,*,#5497,.F.);
#5497 = EDGE_CURVE('',#5394,#5452,#5498,.T.);
#5498 = LINE('',#5499,#5500);
#5499 = CARTESIAN_POINT('',(0.35,-0.989501892653,0.881945973835));
#5500 = VECTOR('',#5501,1.);
#5501 = DIRECTION('',(-1.,0.,0.));
#5502 = ORIENTED_EDGE('',*,*,#5393,.F.);
#5503 = ORIENTED_EDGE('',*,*,#5474,.T.);
#5504 = PLANE('',#5505);
#5505 = AXIS2_PLACEMENT_3D('',#5506,#5507,#5508);
#5506 = CARTESIAN_POINT('',(0.35,-0.99330699074,0.879142217349));
#5507 = DIRECTION('',(0.,-0.59319903805,0.805055837353));
#5508 = DIRECTION('',(0.,-0.805055837353,-0.59319903805));
#5509 = ADVANCED_FACE('',(#5510),#5521,.T.);
#5510 = FACE_BOUND('',#5511,.T.);
#5511 = EDGE_LOOP('',(#5512,#5513,#5519,#5520));
#5512 = ORIENTED_EDGE('',*,*,#5451,.T.);
#5513 = ORIENTED_EDGE('',*,*,#5514,.F.);
#5514 = EDGE_CURVE('',#5402,#5444,#5515,.T.);
#5515 = LINE('',#5516,#5517);
#5516 = CARTESIAN_POINT('',(0.35,-0.970376573854,1.057573227262));
#5517 = VECTOR('',#5518,1.);
#5518 = DIRECTION('',(-1.,0.,0.));
#5519 = ORIENTED_EDGE('',*,*,#5401,.F.);
#5520 = ORIENTED_EDGE('',*,*,#5497,.T.);
#5521 = CYLINDRICAL_SURFACE('',#5522,0.12);
#5522 = AXIS2_PLACEMENT_3D('',#5523,#5524,#5525);
#5523 = CARTESIAN_POINT('',(0.35,-1.060685777219,0.978552674317));
#5524 = DIRECTION('',(-1.,0.,0.));
#5525 = DIRECTION('',(0.,0.,-1.));
#5526 = ADVANCED_FACE('',(#5527),#5538,.F.);
#5527 = FACE_BOUND('',#5528,.T.);
#5528 = EDGE_LOOP('',(#5529,#5530,#5536,#5537));
#5529 = ORIENTED_EDGE('',*,*,#5443,.T.);
#5530 = ORIENTED_EDGE('',*,*,#5531,.T.);
#5531 = EDGE_CURVE('',#5436,#5377,#5532,.T.);
#5532 = LINE('',#5533,#5534);
#5533 = CARTESIAN_POINT('',(0.35,-1.,1.091428571429));
#5534 = VECTOR('',#5535,1.);
#5535 = DIRECTION('',(1.,-3.061515884556E-17,3.498875296635E-17));
#5536 = ORIENTED_EDGE('',*,*,#5410,.F.);
#5537 = ORIENTED_EDGE('',*,*,#5514,.T.);
#5538 = PLANE('',#5539);
#5539 = AXIS2_PLACEMENT_3D('',#5540,#5541,#5542);
#5540 = CARTESIAN_POINT('',(0.35,-0.970376573854,1.057573227262));
#5541 = DIRECTION('',(0.,-0.752576694707,-0.658504607869));
#5542 = DIRECTION('',(0.,0.658504607869,-0.752576694707));
#5543 = ADVANCED_FACE('',(#5544),#5578,.F.);
#5544 = FACE_BOUND('',#5545,.T.);
#5545 = EDGE_LOOP('',(#5546,#5556,#5564,#5572));
#5546 = ORIENTED_EDGE('',*,*,#5547,.F.);
#5547 = EDGE_CURVE('',#5548,#5550,#5552,.T.);
#5548 = VERTEX_POINT('',#5549);
#5549 = CARTESIAN_POINT('',(0.15,1.9,1.35));
#5550 = VERTEX_POINT('',#5551);
#5551 = CARTESIAN_POINT('',(0.15,2.,1.35));
#5552 = LINE('',#5553,#5554);
#5553 = CARTESIAN_POINT('',(0.15,1.9,1.35));
#5554 = VECTOR('',#5555,1.);
#5555 = DIRECTION('',(0.,1.,0.));
#5556 = ORIENTED_EDGE('',*,*,#5557,.F.);
#5557 = EDGE_CURVE('',#5558,#5548,#5560,.T.);
#5558 = VERTEX_POINT('',#5559);
#5559 = CARTESIAN_POINT('',(0.35,1.9,1.35));
#5560 = LINE('',#5561,#5562);
#5561 = CARTESIAN_POINT('',(0.35,1.9,1.35));
#5562 = VECTOR('',#5563,1.);
#5563 = DIRECTION('',(-1.,0.,0.));
#5564 = ORIENTED_EDGE('',*,*,#5565,.T.);
#5565 = EDGE_CURVE('',#5558,#5566,#5568,.T.);
#5566 = VERTEX_POINT('',#5567);
#5567 = CARTESIAN_POINT('',(0.35,2.,1.35));
#5568 = LINE('',#5569,#5570);
#5569 = CARTESIAN_POINT('',(0.35,1.9,1.35));
#5570 = VECTOR('',#5571,1.);
#5571 = DIRECTION('',(0.,1.,0.));
#5572 = ORIENTED_EDGE('',*,*,#5573,.T.);
#5573 = EDGE_CURVE('',#5566,#5550,#5574,.T.);
#5574 = LINE('',#5575,#5576);
#5575 = CARTESIAN_POINT('',(0.35,2.,1.35));
#5576 = VECTOR('',#5577,1.);
#5577 = DIRECTION('',(-1.,0.,0.));
#5578 = PLANE('',#5579);
#5579 = AXIS2_PLACEMENT_3D('',#5580,#5581,#5582);
#5580 = CARTESIAN_POINT('',(0.35,1.9,1.35));
#5581 = DIRECTION('',(0.,0.,-1.));
#5582 = DIRECTION('',(0.,-1.,0.));
#5583 = ADVANCED_FACE('',(#5584),#5611,.F.);
#5584 = FACE_BOUND('',#5585,.T.);
#5585 = EDGE_LOOP('',(#5586,#5595,#5603,#5610));
#5586 = ORIENTED_EDGE('',*,*,#5587,.T.);
#5587 = EDGE_CURVE('',#5550,#5588,#5590,.T.);
#5588 = VERTEX_POINT('',#5589);
#5589 = CARTESIAN_POINT('',(0.15,2.139642400438,1.3));
#5590 = CIRCLE('',#5591,0.22);
#5591 = AXIS2_PLACEMENT_3D('',#5592,#5593,#5594);
#5592 = CARTESIAN_POINT('',(0.15,2.,1.13));
#5593 = DIRECTION('',(-1.,0.,0.));
#5594 = DIRECTION('',(0.,0.,1.));
#5595 = ORIENTED_EDGE('',*,*,#5596,.T.);
#5596 = EDGE_CURVE('',#5588,#5597,#5599,.T.);
#5597 = VERTEX_POINT('',#5598);
#5598 = CARTESIAN_POINT('',(0.15,1.760357599562,1.3));
#5599 = LINE('',#5600,#5601);
#5600 = CARTESIAN_POINT('',(0.15,1.9,1.3));
#5601 = VECTOR('',#5602,1.);
#5602 = DIRECTION('',(0.,-1.,0.));
#5603 = ORIENTED_EDGE('',*,*,#5604,.T.);
#5604 = EDGE_CURVE('',#5597,#5548,#5605,.T.);
#5605 = CIRCLE('',#5606,0.22);
#5606 = AXIS2_PLACEMENT_3D('',#5607,#5608,#5609);
#5607 = CARTESIAN_POINT('',(0.15,1.9,1.13));
#5608 = DIRECTION('',(-1.,0.,0.));
#5609 = DIRECTION('',(0.,-1.,0.));
#5610 = ORIENTED_EDGE('',*,*,#5547,.T.);
#5611 = PLANE('',#5612);
#5612 = AXIS2_PLACEMENT_3D('',#5613,#5614,#5615);
#5613 = CARTESIAN_POINT('',(0.15,1.9,1.13));
#5614 = DIRECTION('',(1.,0.,-0.));
#5615 = DIRECTION('',(0.,0.,1.));
#5616 = ADVANCED_FACE('',(#5617),#5644,.T.);
#5617 = FACE_BOUND('',#5618,.T.);
#5618 = EDGE_LOOP('',(#5619,#5629,#5636,#5637));
#5619 = ORIENTED_EDGE('',*,*,#5620,.F.);
#5620 = EDGE_CURVE('',#5621,#5623,#5625,.T.);
#5621 = VERTEX_POINT('',#5622);
#5622 = CARTESIAN_POINT('',(0.35,2.139642400438,1.3));
#5623 = VERTEX_POINT('',#5624);
#5624 = CARTESIAN_POINT('',(0.35,1.760357599562,1.3));
#5625 = LINE('',#5626,#5627);
#5626 = CARTESIAN_POINT('',(0.35,1.9,1.3));
#5627 = VECTOR('',#5628,1.);
#5628 = DIRECTION('',(0.,-1.,0.));
#5629 = ORIENTED_EDGE('',*,*,#5630,.F.);
#5630 = EDGE_CURVE('',#5566,#5621,#5631,.T.);
#5631 = CIRCLE('',#5632,0.22);
#5632 = AXIS2_PLACEMENT_3D('',#5633,#5634,#5635);
#5633 = CARTESIAN_POINT('',(0.35,2.,1.13));
#5634 = DIRECTION('',(-1.,0.,0.));
#5635 = DIRECTION('',(0.,0.,1.));
#5636 = ORIENTED_EDGE('',*,*,#5565,.F.);
#5637 = ORIENTED_EDGE('',*,*,#5638,.F.);
#5638 = EDGE_CURVE('',#5623,#5558,#5639,.T.);
#5639 = CIRCLE('',#5640,0.22);
#5640 = AXIS2_PLACEMENT_3D('',#5641,#5642,#5643);
#5641 = CARTESIAN_POINT('',(0.35,1.9,1.13));
#5642 = DIRECTION('',(-1.,0.,0.));
#5643 = DIRECTION('',(0.,-1.,0.));
#5644 = PLANE('',#5645);
#5645 = AXIS2_PLACEMENT_3D('',#5646,#5647,#5648);
#5646 = CARTESIAN_POINT('',(0.35,1.9,1.13));
#5647 = DIRECTION('',(1.,0.,-0.));
#5648 = DIRECTION('',(0.,0.,1.));
#5649 = ADVANCED_FACE('',(#5650),#5661,.T.);
#5650 = FACE_BOUND('',#5651,.T.);
#5651 = EDGE_LOOP('',(#5652,#5653,#5659,#5660));
#5652 = ORIENTED_EDGE('',*,*,#5630,.T.);
#5653 = ORIENTED_EDGE('',*,*,#5654,.T.);
#5654 = EDGE_CURVE('',#5621,#5588,#5655,.T.);
#5655 = LINE('',#5656,#5657);
#5656 = CARTESIAN_POINT('',(0.35,2.139642400438,1.3));
#5657 = VECTOR('',#5658,1.);
#5658 = DIRECTION('',(-1.,0.,0.));
#5659 = ORIENTED_EDGE('',*,*,#5587,.F.);
#5660 = ORIENTED_EDGE('',*,*,#5573,.F.);
#5661 = CYLINDRICAL_SURFACE('',#5662,0.22);
#5662 = AXIS2_PLACEMENT_3D('',#5663,#5664,#5665);
#5663 = CARTESIAN_POINT('',(0.35,2.,1.13));
#5664 = DIRECTION('',(-1.,0.,0.));
#5665 = DIRECTION('',(0.,0.,-1.));
#5666 = ADVANCED_FACE('',(#5667),#5678,.T.);
#5667 = FACE_BOUND('',#5668,.T.);
#5668 = EDGE_LOOP('',(#5669,#5670,#5676,#5677));
#5669 = ORIENTED_EDGE('',*,*,#5604,.F.);
#5670 = ORIENTED_EDGE('',*,*,#5671,.T.);
#5671 = EDGE_CURVE('',#5597,#5623,#5672,.T.);
#5672 = LINE('',#5673,#5674);
#5673 = CARTESIAN_POINT('',(0.35,1.760357599562,1.3));
#5674 = VECTOR('',#5675,1.);
#5675 = DIRECTION('',(1.,-0.,-0.));
#5676 = ORIENTED_EDGE('',*,*,#5638,.T.);
#5677 = ORIENTED_EDGE('',*,*,#5557,.T.);
#5678 = CYLINDRICAL_SURFACE('',#5679,0.22);
#5679 = AXIS2_PLACEMENT_3D('',#5680,#5681,#5682);
#5680 = CARTESIAN_POINT('',(0.35,1.9,1.13));
#5681 = DIRECTION('',(-1.,0.,0.));
#5682 = DIRECTION('',(0.,0.,-1.));
#5683 = ADVANCED_FACE('',(#5684),#5718,.F.);
#5684 = FACE_BOUND('',#5685,.T.);
#5685 = EDGE_LOOP('',(#5686,#5696,#5704,#5712));
#5686 = ORIENTED_EDGE('',*,*,#5687,.F.);
#5687 = EDGE_CURVE('',#5688,#5690,#5692,.T.);
#5688 = VERTEX_POINT('',#5689);
#5689 = CARTESIAN_POINT('',(0.15,2.9,-1.212951180468E-15));
#5690 = VERTEX_POINT('',#5691);
#5691 = CARTESIAN_POINT('',(0.15,2.32,8.809142651445E-17));
#5692 = LINE('',#5693,#5694);
#5693 = CARTESIAN_POINT('',(0.15,2.9,8.809142651445E-17));
#5694 = VECTOR('',#5695,1.);
#5695 = DIRECTION('',(0.,-1.,0.));
#5696 = ORIENTED_EDGE('',*,*,#5697,.F.);
#5697 = EDGE_CURVE('',#5698,#5688,#5700,.T.);
#5698 = VERTEX_POINT('',#5699);
#5699 = CARTESIAN_POINT('',(0.35,2.9,-1.212951180468E-15));
#5700 = LINE('',#5701,#5702);
#5701 = CARTESIAN_POINT('',(0.35,2.9,-1.212951180468E-15));
#5702 = VECTOR('',#5703,1.);
#5703 = DIRECTION('',(-1.,0.,0.));
#5704 = ORIENTED_EDGE('',*,*,#5705,.T.);
#5705 = EDGE_CURVE('',#5698,#5706,#5708,.T.);
#5706 = VERTEX_POINT('',#5707);
#5707 = CARTESIAN_POINT('',(0.35,2.32,8.809142651445E-17));
#5708 = LINE('',#5709,#5710);
#5709 = CARTESIAN_POINT('',(0.35,2.9,8.809142651445E-17));
#5710 = VECTOR('',#5711,1.);
#5711 = DIRECTION('',(0.,-1.,0.));
#5712 = ORIENTED_EDGE('',*,*,#5713,.T.);
#5713 = EDGE_CURVE('',#5706,#5690,#5714,.T.);
#5714 = LINE('',#5715,#5716);
#5715 = CARTESIAN_POINT('',(0.35,2.32,8.809142651445E-17));
#5716 = VECTOR('',#5717,1.);
#5717 = DIRECTION('',(-1.,0.,0.));
#5718 = PLANE('',#5719);
#5719 = AXIS2_PLACEMENT_3D('',#5720,#5721,#5722);
#5720 = CARTESIAN_POINT('',(0.35,2.9,8.809142651445E-17));
#5721 = DIRECTION('',(0.,-0.,1.));
#5722 = DIRECTION('',(0.,1.,0.));
#5723 = ADVANCED_FACE('',(#5724),#5749,.F.);
#5724 = FACE_BOUND('',#5725,.T.);
#5725 = EDGE_LOOP('',(#5726,#5734,#5742,#5748));
#5726 = ORIENTED_EDGE('',*,*,#5727,.F.);
#5727 = EDGE_CURVE('',#5728,#5688,#5730,.T.);
#5728 = VERTEX_POINT('',#5729);
#5729 = CARTESIAN_POINT('',(0.15,2.9,0.12));
#5730 = LINE('',#5731,#5732);
#5731 = CARTESIAN_POINT('',(0.15,2.9,0.12));
#5732 = VECTOR('',#5733,1.);
#5733 = DIRECTION('',(0.,6.123031769112E-17,-1.));
#5734 = ORIENTED_EDGE('',*,*,#5735,.F.);
#5735 = EDGE_CURVE('',#5736,#5728,#5738,.T.);
#5736 = VERTEX_POINT('',#5737);
#5737 = CARTESIAN_POINT('',(0.35,2.9,0.12));
#5738 = LINE('',#5739,#5740);
#5739 = CARTESIAN_POINT('',(0.35,2.9,0.12));
#5740 = VECTOR('',#5741,1.);
#5741 = DIRECTION('',(-1.,0.,0.));
#5742 = ORIENTED_EDGE('',*,*,#5743,.T.);
#5743 = EDGE_CURVE('',#5736,#5698,#5744,.T.);
#5744 = LINE('',#5745,#5746);
#5745 = CARTESIAN_POINT('',(0.35,2.9,0.12));
#5746 = VECTOR('',#5747,1.);
#5747 = DIRECTION('',(0.,6.123031769112E-17,-1.));
#5748 = ORIENTED_EDGE('',*,*,#5697,.T.);
#5749 = PLANE('',#5750);
#5750 = AXIS2_PLACEMENT_3D('',#5751,#5752,#5753);
#5751 = CARTESIAN_POINT('',(0.35,2.9,0.12));
#5752 = DIRECTION('',(0.,-1.,-6.123031769112E-17));
#5753 = DIRECTION('',(0.,-6.123031769112E-17,1.));
#5754 = ADVANCED_FACE('',(#5755),#5790,.F.);
#5755 = FACE_BOUND('',#5756,.T.);
#5756 = EDGE_LOOP('',(#5757,#5766,#5774,#5782,#5788,#5789));
#5757 = ORIENTED_EDGE('',*,*,#5758,.T.);
#5758 = EDGE_CURVE('',#5690,#5759,#5761,.T.);
#5759 = VERTEX_POINT('',#5760);
#5760 = CARTESIAN_POINT('',(0.15,2.180357599562,5.E-02));
#5761 = CIRCLE('',#5762,0.22);
#5762 = AXIS2_PLACEMENT_3D('',#5763,#5764,#5765);
#5763 = CARTESIAN_POINT('',(0.15,2.32,0.22));
#5764 = DIRECTION('',(-1.,0.,0.));
#5765 = DIRECTION('',(0.,0.,-1.));
#5766 = ORIENTED_EDGE('',*,*,#5767,.T.);
#5767 = EDGE_CURVE('',#5759,#5768,#5770,.T.);
#5768 = VERTEX_POINT('',#5769);
#5769 = CARTESIAN_POINT('',(0.15,2.4,5.E-02));
#5770 = LINE('',#5771,#5772);
#5771 = CARTESIAN_POINT('',(0.15,1.9,5.E-02));
#5772 = VECTOR('',#5773,1.);
#5773 = DIRECTION('',(0.,1.,0.));
#5774 = ORIENTED_EDGE('',*,*,#5775,.T.);
#5775 = EDGE_CURVE('',#5768,#5776,#5778,.T.);
#5776 = VERTEX_POINT('',#5777);
#5777 = CARTESIAN_POINT('',(0.15,2.4,0.12));
#5778 = LINE('',#5779,#5780);
#5779 = CARTESIAN_POINT('',(0.15,2.4,1.13));
#5780 = VECTOR('',#5781,1.);
#5781 = DIRECTION('',(0.,-6.123031769112E-17,1.));
#5782 = ORIENTED_EDGE('',*,*,#5783,.T.);
#5783 = EDGE_CURVE('',#5776,#5728,#5784,.T.);
#5784 = LINE('',#5785,#5786);
#5785 = CARTESIAN_POINT('',(0.15,2.32,0.12));
#5786 = VECTOR('',#5787,1.);
#5787 = DIRECTION('',(0.,1.,0.));
#5788 = ORIENTED_EDGE('',*,*,#5727,.T.);
#5789 = ORIENTED_EDGE('',*,*,#5687,.T.);
#5790 = PLANE('',#5791);
#5791 = AXIS2_PLACEMENT_3D('',#5792,#5793,#5794);
#5792 = CARTESIAN_POINT('',(0.15,1.9,1.13));
#5793 = DIRECTION('',(1.,0.,-0.));
#5794 = DIRECTION('',(0.,0.,1.));
#5795 = ADVANCED_FACE('',(#5796),#5831,.T.);
#5796 = FACE_BOUND('',#5797,.T.);
#5797 = EDGE_LOOP('',(#5798,#5808,#5815,#5816,#5817,#5825));
#5798 = ORIENTED_EDGE('',*,*,#5799,.F.);
#5799 = EDGE_CURVE('',#5800,#5802,#5804,.T.);
#5800 = VERTEX_POINT('',#5801);
#5801 = CARTESIAN_POINT('',(0.35,2.180357599562,5.E-02));
#5802 = VERTEX_POINT('',#5803);
#5803 = CARTESIAN_POINT('',(0.35,2.4,5.E-02));
#5804 = LINE('',#5805,#5806);
#5805 = CARTESIAN_POINT('',(0.35,1.9,5.E-02));
#5806 = VECTOR('',#5807,1.);
#5807 = DIRECTION('',(0.,1.,0.));
#5808 = ORIENTED_EDGE('',*,*,#5809,.F.);
#5809 = EDGE_CURVE('',#5706,#5800,#5810,.T.);
#5810 = CIRCLE('',#5811,0.22);
#5811 = AXIS2_PLACEMENT_3D('',#5812,#5813,#5814);
#5812 = CARTESIAN_POINT('',(0.35,2.32,0.22));
#5813 = DIRECTION('',(-1.,0.,0.));
#5814 = DIRECTION('',(0.,0.,-1.));
#5815 = ORIENTED_EDGE('',*,*,#5705,.F.);
#5816 = ORIENTED_EDGE('',*,*,#5743,.F.);
#5817 = ORIENTED_EDGE('',*,*,#5818,.F.);
#5818 = EDGE_CURVE('',#5819,#5736,#5821,.T.);
#5819 = VERTEX_POINT('',#5820);
#5820 = CARTESIAN_POINT('',(0.35,2.4,0.12));
#5821 = LINE('',#5822,#5823);
#5822 = CARTESIAN_POINT('',(0.35,2.32,0.12));
#5823 = VECTOR('',#5824,1.);
#5824 = DIRECTION('',(0.,1.,0.));
#5825 = ORIENTED_EDGE('',*,*,#5826,.F.);
#5826 = EDGE_CURVE('',#5802,#5819,#5827,.T.);
#5827 = LINE('',#5828,#5829);
#5828 = CARTESIAN_POINT('',(0.35,2.4,1.13));
#5829 = VECTOR('',#5830,1.);
#5830 = DIRECTION('',(0.,-6.123031769112E-17,1.));
#5831 = PLANE('',#5832);
#5832 = AXIS2_PLACEMENT_3D('',#5833,#5834,#5835);
#5833 = CARTESIAN_POINT('',(0.35,1.9,1.13));
#5834 = DIRECTION('',(1.,0.,-0.));
#5835 = DIRECTION('',(0.,0.,1.));
#5836 = ADVANCED_FACE('',(#5837),#5848,.T.);
#5837 = FACE_BOUND('',#5838,.T.);
#5838 = EDGE_LOOP('',(#5839,#5840,#5846,#5847));
#5839 = ORIENTED_EDGE('',*,*,#5809,.T.);
#5840 = ORIENTED_EDGE('',*,*,#5841,.T.);
#5841 = EDGE_CURVE('',#5800,#5759,#5842,.T.);
#5842 = LINE('',#5843,#5844);
#5843 = CARTESIAN_POINT('',(0.35,2.180357599562,5.E-02));
#5844 = VECTOR('',#5845,1.);
#5845 = DIRECTION('',(-1.,0.,0.));
#5846 = ORIENTED_EDGE('',*,*,#5758,.F.);
#5847 = ORIENTED_EDGE('',*,*,#5713,.F.);
#5848 = CYLINDRICAL_SURFACE('',#5849,0.22);
#5849 = AXIS2_PLACEMENT_3D('',#5850,#5851,#5852);
#5850 = CARTESIAN_POINT('',(0.35,2.32,0.22));
#5851 = DIRECTION('',(-1.,0.,0.));
#5852 = DIRECTION('',(0.,0.,-1.));
#5853 = ADVANCED_FACE('',(#5854),#5865,.F.);
#5854 = FACE_BOUND('',#5855,.T.);
#5855 = EDGE_LOOP('',(#5856,#5857,#5863,#5864));
#5856 = ORIENTED_EDGE('',*,*,#5783,.F.);
#5857 = ORIENTED_EDGE('',*,*,#5858,.T.);
#5858 = EDGE_CURVE('',#5776,#5819,#5859,.T.);
#5859 = LINE('',#5860,#5861);
#5860 = CARTESIAN_POINT('',(0.35,2.4,0.12));
#5861 = VECTOR('',#5862,1.);
#5862 = DIRECTION('',(1.,3.061515884556E-17,0.));
#5863 = ORIENTED_EDGE('',*,*,#5818,.T.);
#5864 = ORIENTED_EDGE('',*,*,#5735,.T.);
#5865 = PLANE('',#5866);
#5866 = AXIS2_PLACEMENT_3D('',#5867,#5868,#5869);
#5867 = CARTESIAN_POINT('',(0.35,2.32,0.12));
#5868 = DIRECTION('',(0.,0.,-1.));
#5869 = DIRECTION('',(0.,-1.,0.));
#5870 = ADVANCED_FACE('',(#5871),#5915,.T.);
#5871 = FACE_BOUND('',#5872,.T.);
#5872 = EDGE_LOOP('',(#5873,#5883,#5891,#5900,#5908));
#5873 = ORIENTED_EDGE('',*,*,#5874,.F.);
#5874 = EDGE_CURVE('',#5875,#5877,#5879,.T.);
#5875 = VERTEX_POINT('',#5876);
#5876 = CARTESIAN_POINT('',(0.35,1.,1.091428571429));
#5877 = VERTEX_POINT('',#5878);
#5878 = CARTESIAN_POINT('',(0.35,1.,0.873988949953));
#5879 = LINE('',#5880,#5881);
#5880 = CARTESIAN_POINT('',(0.35,1.,1.13));
#5881 = VECTOR('',#5882,1.);
#5882 = DIRECTION('',(0.,6.123031769112E-17,-1.));
#5883 = ORIENTED_EDGE('',*,*,#5884,.F.);
#5884 = EDGE_CURVE('',#5885,#5875,#5887,.T.);
#5885 = VERTEX_POINT('',#5886);
#5886 = CARTESIAN_POINT('',(0.35,0.970376573854,1.057573227262));
#5887 = LINE('',#5888,#5889);
#5888 = CARTESIAN_POINT('',(0.35,0.970376573854,1.057573227262));
#5889 = VECTOR('',#5890,1.);
#5890 = DIRECTION('',(0.,0.658504607869,0.752576694707));
#5891 = ORIENTED_EDGE('',*,*,#5892,.F.);
#5892 = EDGE_CURVE('',#5893,#5885,#5895,.T.);
#5893 = VERTEX_POINT('',#5894);
#5894 = CARTESIAN_POINT('',(0.35,0.989501892653,0.881945973835));
#5895 = CIRCLE('',#5896,0.12);
#5896 = AXIS2_PLACEMENT_3D('',#5897,#5898,#5899);
#5897 = CARTESIAN_POINT('',(0.35,1.060685777219,0.978552674317));
#5898 = DIRECTION('',(-1.,0.,0.));
#5899 = DIRECTION('',(-0.,-0.59319903805,-0.805055837353));
#5900 = ORIENTED_EDGE('',*,*,#5901,.F.);
#5901 = EDGE_CURVE('',#5902,#5893,#5904,.T.);
#5902 = VERTEX_POINT('',#5903);
#5903 = CARTESIAN_POINT('',(0.35,0.99330699074,0.879142217349));
#5904 = LINE('',#5905,#5906);
#5905 = CARTESIAN_POINT('',(0.35,0.99330699074,0.879142217349));
#5906 = VECTOR('',#5907,1.);
#5907 = DIRECTION('',(0.,-0.805055837353,0.59319903805));
#5908 = ORIENTED_EDGE('',*,*,#5909,.F.);
#5909 = EDGE_CURVE('',#5877,#5902,#5910,.T.);
#5910 = CIRCLE('',#5911,0.2);
#5911 = AXIS2_PLACEMENT_3D('',#5912,#5913,#5914);
#5912 = CARTESIAN_POINT('',(0.35,0.87466718313,0.718131049879));
#5913 = DIRECTION('',(1.,0.,0.));
#5914 = DIRECTION('',(-0.,0.988715504225,0.149805379428));
#5915 = PLANE('',#5916);
#5916 = AXIS2_PLACEMENT_3D('',#5917,#5918,#5919);
#5917 = CARTESIAN_POINT('',(0.35,1.9,1.13));
#5918 = DIRECTION('',(1.,0.,-0.));
#5919 = DIRECTION('',(0.,0.,1.));
#5920 = ADVANCED_FACE('',(#5921),#5965,.F.);
#5921 = FACE_BOUND('',#5922,.T.);
#5922 = EDGE_LOOP('',(#5923,#5933,#5941,#5950,#5958));
#5923 = ORIENTED_EDGE('',*,*,#5924,.T.);
#5924 = EDGE_CURVE('',#5925,#5927,#5929,.T.);
#5925 = VERTEX_POINT('',#5926);
#5926 = CARTESIAN_POINT('',(0.15,0.970376573854,1.057573227262));
#5927 = VERTEX_POINT('',#5928);
#5928 = CARTESIAN_POINT('',(0.15,1.,1.091428571429));
#5929 = LINE('',#5930,#5931);
#5930 = CARTESIAN_POINT('',(0.15,0.970376573854,1.057573227262));
#5931 = VECTOR('',#5932,1.);
#5932 = DIRECTION('',(0.,0.658504607869,0.752576694707));
#5933 = ORIENTED_EDGE('',*,*,#5934,.T.);
#5934 = EDGE_CURVE('',#5927,#5935,#5937,.T.);
#5935 = VERTEX_POINT('',#5936);
#5936 = CARTESIAN_POINT('',(0.15,1.,0.873988949953));
#5937 = LINE('',#5938,#5939);
#5938 = CARTESIAN_POINT('',(0.15,1.,1.13));
#5939 = VECTOR('',#5940,1.);
#5940 = DIRECTION('',(0.,6.123031769112E-17,-1.));
#5941 = ORIENTED_EDGE('',*,*,#5942,.T.);
#5942 = EDGE_CURVE('',#5935,#5943,#5945,.T.);
#5943 = VERTEX_POINT('',#5944);
#5944 = CARTESIAN_POINT('',(0.15,0.99330699074,0.879142217349));
#5945 = CIRCLE('',#5946,0.2);
#5946 = AXIS2_PLACEMENT_3D('',#5947,#5948,#5949);
#5947 = CARTESIAN_POINT('',(0.15,0.87466718313,0.718131049879));
#5948 = DIRECTION('',(1.,0.,0.));
#5949 = DIRECTION('',(-0.,0.988715504225,0.149805379428));
#5950 = ORIENTED_EDGE('',*,*,#5951,.T.);
#5951 = EDGE_CURVE('',#5943,#5952,#5954,.T.);
#5952 = VERTEX_POINT('',#5953);
#5953 = CARTESIAN_POINT('',(0.15,0.989501892653,0.881945973835));
#5954 = LINE('',#5955,#5956);
#5955 = CARTESIAN_POINT('',(0.15,0.99330699074,0.879142217349));
#5956 = VECTOR('',#5957,1.);
#5957 = DIRECTION('',(0.,-0.805055837353,0.59319903805));
#5958 = ORIENTED_EDGE('',*,*,#5959,.T.);
#5959 = EDGE_CURVE('',#5952,#5925,#5960,.T.);
#5960 = CIRCLE('',#5961,0.12);
#5961 = AXIS2_PLACEMENT_3D('',#5962,#5963,#5964);
#5962 = CARTESIAN_POINT('',(0.15,1.060685777219,0.978552674317));
#5963 = DIRECTION('',(-1.,0.,0.));
#5964 = DIRECTION('',(-0.,-0.59319903805,-0.805055837353));
#5965 = PLANE('',#5966);
#5966 = AXIS2_PLACEMENT_3D('',#5967,#5968,#5969);
#5967 = CARTESIAN_POINT('',(0.15,1.9,1.13));
#5968 = DIRECTION('',(1.,0.,-0.));
#5969 = DIRECTION('',(0.,0.,1.));
#5970 = ADVANCED_FACE('',(#5971),#5987,.F.);
#5971 = FACE_BOUND('',#5972,.F.);
#5972 = EDGE_LOOP('',(#5973,#5979,#5980,#5986));
#5973 = ORIENTED_EDGE('',*,*,#5974,.F.);
#5974 = EDGE_CURVE('',#5902,#5943,#5975,.T.);
#5975 = LINE('',#5976,#5977);
#5976 = CARTESIAN_POINT('',(0.35,0.99330699074,0.879142217349));
#5977 = VECTOR('',#5978,1.);
#5978 = DIRECTION('',(-1.,0.,0.));
#5979 = ORIENTED_EDGE('',*,*,#5909,.F.);
#5980 = ORIENTED_EDGE('',*,*,#5981,.F.);
#5981 = EDGE_CURVE('',#5935,#5877,#5982,.T.);
#5982 = LINE('',#5983,#5984);
#5983 = CARTESIAN_POINT('',(0.35,1.,0.873988949953));
#5984 = VECTOR('',#5985,1.);
#5985 = DIRECTION('',(1.,-0.,-0.));
#5986 = ORIENTED_EDGE('',*,*,#5942,.T.);
#5987 = CYLINDRICAL_SURFACE('',#5988,0.2);
#5988 = AXIS2_PLACEMENT_3D('',#5989,#5990,#5991);
#5989 = CARTESIAN_POINT('',(0.35,0.87466718313,0.718131049879));
#5990 = DIRECTION('',(-1.,0.,0.));
#5991 = DIRECTION('',(0.,0.,-1.));
#5992 = ADVANCED_FACE('',(#5993),#6004,.F.);
#5993 = FACE_BOUND('',#5994,.T.);
#5994 = EDGE_LOOP('',(#5995,#5996,#5997,#5998));
#5995 = ORIENTED_EDGE('',*,*,#5951,.F.);
#5996 = ORIENTED_EDGE('',*,*,#5974,.F.);
#5997 = ORIENTED_EDGE('',*,*,#5901,.T.);
#5998 = ORIENTED_EDGE('',*,*,#5999,.T.);
#5999 = EDGE_CURVE('',#5893,#5952,#6000,.T.);
#6000 = LINE('',#6001,#6002);
#6001 = CARTESIAN_POINT('',(0.35,0.989501892653,0.881945973835));
#6002 = VECTOR('',#6003,1.);
#6003 = DIRECTION('',(-1.,0.,0.));
#6004 = PLANE('',#6005);
#6005 = AXIS2_PLACEMENT_3D('',#6006,#6007,#6008);
#6006 = CARTESIAN_POINT('',(0.35,0.99330699074,0.879142217349));
#6007 = DIRECTION('',(0.,0.59319903805,0.805055837353));
#6008 = DIRECTION('',(0.,0.805055837353,-0.59319903805));
#6009 = ADVANCED_FACE('',(#6010),#6021,.T.);
#6010 = FACE_BOUND('',#6011,.T.);
#6011 = EDGE_LOOP('',(#6012,#6013,#6014,#6015));
#6012 = ORIENTED_EDGE('',*,*,#5959,.F.);
#6013 = ORIENTED_EDGE('',*,*,#5999,.F.);
#6014 = ORIENTED_EDGE('',*,*,#5892,.T.);
#6015 = ORIENTED_EDGE('',*,*,#6016,.T.);
#6016 = EDGE_CURVE('',#5885,#5925,#6017,.T.);
#6017 = LINE('',#6018,#6019);
#6018 = CARTESIAN_POINT('',(0.35,0.970376573854,1.057573227262));
#6019 = VECTOR('',#6020,1.);
#6020 = DIRECTION('',(-1.,0.,0.));
#6021 = CYLINDRICAL_SURFACE('',#6022,0.12);
#6022 = AXIS2_PLACEMENT_3D('',#6023,#6024,#6025);
#6023 = CARTESIAN_POINT('',(0.35,1.060685777219,0.978552674317));
#6024 = DIRECTION('',(-1.,0.,0.));
#6025 = DIRECTION('',(0.,0.,-1.));
#6026 = ADVANCED_FACE('',(#6027),#6038,.F.);
#6027 = FACE_BOUND('',#6028,.T.);
#6028 = EDGE_LOOP('',(#6029,#6030,#6036,#6037));
#6029 = ORIENTED_EDGE('',*,*,#5884,.T.);
#6030 = ORIENTED_EDGE('',*,*,#6031,.T.);
#6031 = EDGE_CURVE('',#5875,#5927,#6032,.T.);
#6032 = LINE('',#6033,#6034);
#6033 = CARTESIAN_POINT('',(0.35,1.,1.091428571429));
#6034 = VECTOR('',#6035,1.);
#6035 = DIRECTION('',(-1.,-3.061515884556E-17,-3.498875296635E-17));
#6036 = ORIENTED_EDGE('',*,*,#5924,.F.);
#6037 = ORIENTED_EDGE('',*,*,#6016,.F.);
#6038 = PLANE('',#6039);
#6039 = AXIS2_PLACEMENT_3D('',#6040,#6041,#6042);
#6040 = CARTESIAN_POINT('',(0.35,0.970376573854,1.057573227262));
#6041 = DIRECTION('',(0.,0.752576694707,-0.658504607869));
#6042 = DIRECTION('',(0.,-0.658504607869,-0.752576694707));
#6043 = ADVANCED_FACE('',(#6044),#6078,.F.);
#6044 = FACE_BOUND('',#6045,.T.);
#6045 = EDGE_LOOP('',(#6046,#6056,#6064,#6072));
#6046 = ORIENTED_EDGE('',*,*,#6047,.T.);
#6047 = EDGE_CURVE('',#6048,#6050,#6052,.T.);
#6048 = VERTEX_POINT('',#6049);
#6049 = CARTESIAN_POINT('',(0.65,-1.9,1.35));
#6050 = VERTEX_POINT('',#6051);
#6051 = CARTESIAN_POINT('',(0.65,-2.,1.35));
#6052 = LINE('',#6053,#6054);
#6053 = CARTESIAN_POINT('',(0.65,-1.9,1.35));
#6054 = VECTOR('',#6055,1.);
#6055 = DIRECTION('',(0.,-1.,0.));
#6056 = ORIENTED_EDGE('',*,*,#6057,.F.);
#6057 = EDGE_CURVE('',#6058,#6050,#6060,.T.);
#6058 = VERTEX_POINT('',#6059);
#6059 = CARTESIAN_POINT('',(0.85,-2.,1.35));
#6060 = LINE('',#6061,#6062);
#6061 = CARTESIAN_POINT('',(0.85,-2.,1.35));
#6062 = VECTOR('',#6063,1.);
#6063 = DIRECTION('',(-1.,0.,0.));
#6064 = ORIENTED_EDGE('',*,*,#6065,.F.);
#6065 = EDGE_CURVE('',#6066,#6058,#6068,.T.);
#6066 = VERTEX_POINT('',#6067);
#6067 = CARTESIAN_POINT('',(0.85,-1.9,1.35));
#6068 = LINE('',#6069,#6070);
#6069 = CARTESIAN_POINT('',(0.85,-1.9,1.35));
#6070 = VECTOR('',#6071,1.);
#6071 = DIRECTION('',(0.,-1.,0.));
#6072 = ORIENTED_EDGE('',*,*,#6073,.T.);
#6073 = EDGE_CURVE('',#6066,#6048,#6074,.T.);
#6074 = LINE('',#6075,#6076);
#6075 = CARTESIAN_POINT('',(0.85,-1.9,1.35));
#6076 = VECTOR('',#6077,1.);
#6077 = DIRECTION('',(-1.,0.,0.));
#6078 = PLANE('',#6079);
#6079 = AXIS2_PLACEMENT_3D('',#6080,#6081,#6082);
#6080 = CARTESIAN_POINT('',(0.85,-1.9,1.35));
#6081 = DIRECTION('',(0.,0.,-1.));
#6082 = DIRECTION('',(0.,1.,0.));
#6083 = ADVANCED_FACE('',(#6084),#6111,.T.);
#6084 = FACE_BOUND('',#6085,.T.);
#6085 = EDGE_LOOP('',(#6086,#6096,#6103,#6104));
#6086 = ORIENTED_EDGE('',*,*,#6087,.F.);
#6087 = EDGE_CURVE('',#6088,#6090,#6092,.T.);
#6088 = VERTEX_POINT('',#6089);
#6089 = CARTESIAN_POINT('',(0.85,-1.760357599562,1.3));
#6090 = VERTEX_POINT('',#6091);
#6091 = CARTESIAN_POINT('',(0.85,-2.139642400438,1.3));
#6092 = LINE('',#6093,#6094);
#6093 = CARTESIAN_POINT('',(0.85,-1.9,1.3));
#6094 = VECTOR('',#6095,1.);
#6095 = DIRECTION('',(0.,-1.,0.));
#6096 = ORIENTED_EDGE('',*,*,#6097,.T.);
#6097 = EDGE_CURVE('',#6088,#6066,#6098,.T.);
#6098 = CIRCLE('',#6099,0.22);
#6099 = AXIS2_PLACEMENT_3D('',#6100,#6101,#6102);
#6100 = CARTESIAN_POINT('',(0.85,-1.9,1.13));
#6101 = DIRECTION('',(1.,0.,0.));
#6102 = DIRECTION('',(-0.,1.,0.));
#6103 = ORIENTED_EDGE('',*,*,#6065,.T.);
#6104 = ORIENTED_EDGE('',*,*,#6105,.T.);
#6105 = EDGE_CURVE('',#6058,#6090,#6106,.T.);
#6106 = CIRCLE('',#6107,0.22);
#6107 = AXIS2_PLACEMENT_3D('',#6108,#6109,#6110);
#6108 = CARTESIAN_POINT('',(0.85,-2.,1.13));
#6109 = DIRECTION('',(1.,0.,-0.));
#6110 = DIRECTION('',(0.,0.,1.));
#6111 = PLANE('',#6112);
#6112 = AXIS2_PLACEMENT_3D('',#6113,#6114,#6115);
#6113 = CARTESIAN_POINT('',(0.85,-1.9,1.13));
#6114 = DIRECTION('',(1.,0.,-0.));
#6115 = DIRECTION('',(0.,0.,1.));
#6116 = ADVANCED_FACE('',(#6117),#6144,.F.);
#6117 = FACE_BOUND('',#6118,.T.);
#6118 = EDGE_LOOP('',(#6119,#6128,#6136,#6143));
#6119 = ORIENTED_EDGE('',*,*,#6120,.F.);
#6120 = EDGE_CURVE('',#6121,#6048,#6123,.T.);
#6121 = VERTEX_POINT('',#6122);
#6122 = CARTESIAN_POINT('',(0.65,-1.760357599562,1.3));
#6123 = CIRCLE('',#6124,0.22);
#6124 = AXIS2_PLACEMENT_3D('',#6125,#6126,#6127);
#6125 = CARTESIAN_POINT('',(0.65,-1.9,1.13));
#6126 = DIRECTION('',(1.,0.,0.));
#6127 = DIRECTION('',(-0.,1.,0.));
#6128 = ORIENTED_EDGE('',*,*,#6129,.T.);
#6129 = EDGE_CURVE('',#6121,#6130,#6132,.T.);
#6130 = VERTEX_POINT('',#6131);
#6131 = CARTESIAN_POINT('',(0.65,-2.139642400438,1.3));
#6132 = LINE('',#6133,#6134);
#6133 = CARTESIAN_POINT('',(0.65,-1.9,1.3));
#6134 = VECTOR('',#6135,1.);
#6135 = DIRECTION('',(0.,-1.,0.));
#6136 = ORIENTED_EDGE('',*,*,#6137,.F.);
#6137 = EDGE_CURVE('',#6050,#6130,#6138,.T.);
#6138 = CIRCLE('',#6139,0.22);
#6139 = AXIS2_PLACEMENT_3D('',#6140,#6141,#6142);
#6140 = CARTESIAN_POINT('',(0.65,-2.,1.13));
#6141 = DIRECTION('',(1.,0.,-0.));
#6142 = DIRECTION('',(0.,0.,1.));
#6143 = ORIENTED_EDGE('',*,*,#6047,.F.);
#6144 = PLANE('',#6145);
#6145 = AXIS2_PLACEMENT_3D('',#6146,#6147,#6148);
#6146 = CARTESIAN_POINT('',(0.65,-1.9,1.13));
#6147 = DIRECTION('',(1.,0.,-0.));
#6148 = DIRECTION('',(0.,0.,1.));
#6149 = ADVANCED_FACE('',(#6150),#6161,.T.);
#6150 = FACE_BOUND('',#6151,.T.);
#6151 = EDGE_LOOP('',(#6152,#6153,#6159,#6160));
#6152 = ORIENTED_EDGE('',*,*,#6137,.T.);
#6153 = ORIENTED_EDGE('',*,*,#6154,.T.);
#6154 = EDGE_CURVE('',#6130,#6090,#6155,.T.);
#6155 = LINE('',#6156,#6157);
#6156 = CARTESIAN_POINT('',(0.85,-2.139642400438,1.3));
#6157 = VECTOR('',#6158,1.);
#6158 = DIRECTION('',(1.,-0.,-0.));
#6159 = ORIENTED_EDGE('',*,*,#6105,.F.);
#6160 = ORIENTED_EDGE('',*,*,#6057,.T.);
#6161 = CYLINDRICAL_SURFACE('',#6162,0.22);
#6162 = AXIS2_PLACEMENT_3D('',#6163,#6164,#6165);
#6163 = CARTESIAN_POINT('',(0.85,-2.,1.13));
#6164 = DIRECTION('',(-1.,0.,0.));
#6165 = DIRECTION('',(0.,0.,-1.));
#6166 = ADVANCED_FACE('',(#6167),#6178,.T.);
#6167 = FACE_BOUND('',#6168,.T.);
#6168 = EDGE_LOOP('',(#6169,#6170,#6176,#6177));
#6169 = ORIENTED_EDGE('',*,*,#6097,.F.);
#6170 = ORIENTED_EDGE('',*,*,#6171,.T.);
#6171 = EDGE_CURVE('',#6088,#6121,#6172,.T.);
#6172 = LINE('',#6173,#6174);
#6173 = CARTESIAN_POINT('',(0.85,-1.760357599562,1.3));
#6174 = VECTOR('',#6175,1.);
#6175 = DIRECTION('',(-1.,0.,0.));
#6176 = ORIENTED_EDGE('',*,*,#6120,.T.);
#6177 = ORIENTED_EDGE('',*,*,#6073,.F.);
#6178 = CYLINDRICAL_SURFACE('',#6179,0.22);
#6179 = AXIS2_PLACEMENT_3D('',#6180,#6181,#6182);
#6180 = CARTESIAN_POINT('',(0.85,-1.9,1.13));
#6181 = DIRECTION('',(-1.,0.,0.));
#6182 = DIRECTION('',(0.,0.,-1.));
#6183 = ADVANCED_FACE('',(#6184),#6218,.F.);
#6184 = FACE_BOUND('',#6185,.T.);
#6185 = EDGE_LOOP('',(#6186,#6196,#6204,#6212));
#6186 = ORIENTED_EDGE('',*,*,#6187,.T.);
#6187 = EDGE_CURVE('',#6188,#6190,#6192,.T.);
#6188 = VERTEX_POINT('',#6189);
#6189 = CARTESIAN_POINT('',(0.65,-2.9,0.12));
#6190 = VERTEX_POINT('',#6191);
#6191 = CARTESIAN_POINT('',(0.65,-2.9,-1.212951180468E-15));
#6192 = LINE('',#6193,#6194);
#6193 = CARTESIAN_POINT('',(0.65,-2.9,0.12));
#6194 = VECTOR('',#6195,1.);
#6195 = DIRECTION('',(0.,-6.123031769112E-17,-1.));
#6196 = ORIENTED_EDGE('',*,*,#6197,.F.);
#6197 = EDGE_CURVE('',#6198,#6190,#6200,.T.);
#6198 = VERTEX_POINT('',#6199);
#6199 = CARTESIAN_POINT('',(0.85,-2.9,-1.212951180468E-15));
#6200 = LINE('',#6201,#6202);
#6201 = CARTESIAN_POINT('',(0.85,-2.9,-1.212951180468E-15));
#6202 = VECTOR('',#6203,1.);
#6203 = DIRECTION('',(-1.,0.,0.));
#6204 = ORIENTED_EDGE('',*,*,#6205,.F.);
#6205 = EDGE_CURVE('',#6206,#6198,#6208,.T.);
#6206 = VERTEX_POINT('',#6207);
#6207 = CARTESIAN_POINT('',(0.85,-2.9,0.12));
#6208 = LINE('',#6209,#6210);
#6209 = CARTESIAN_POINT('',(0.85,-2.9,0.12));
#6210 = VECTOR('',#6211,1.);
#6211 = DIRECTION('',(0.,-6.123031769112E-17,-1.));
#6212 = ORIENTED_EDGE('',*,*,#6213,.T.);
#6213 = EDGE_CURVE('',#6206,#6188,#6214,.T.);
#6214 = LINE('',#6215,#6216);
#6215 = CARTESIAN_POINT('',(0.85,-2.9,0.12));
#6216 = VECTOR('',#6217,1.);
#6217 = DIRECTION('',(-1.,0.,0.));
#6218 = PLANE('',#6219);
#6219 = AXIS2_PLACEMENT_3D('',#6220,#6221,#6222);
#6220 = CARTESIAN_POINT('',(0.85,-2.9,0.12));
#6221 = DIRECTION('',(0.,1.,-6.123031769112E-17));
#6222 = DIRECTION('',(0.,6.123031769112E-17,1.));
#6223 = ADVANCED_FACE('',(#6224),#6249,.F.);
#6224 = FACE_BOUND('',#6225,.T.);
#6225 = EDGE_LOOP('',(#6226,#6234,#6242,#6248));
#6226 = ORIENTED_EDGE('',*,*,#6227,.T.);
#6227 = EDGE_CURVE('',#6190,#6228,#6230,.T.);
#6228 = VERTEX_POINT('',#6229);
#6229 = CARTESIAN_POINT('',(0.65,-2.32,8.809142651445E-17));
#6230 = LINE('',#6231,#6232);
#6231 = CARTESIAN_POINT('',(0.65,-2.9,8.809142651445E-17));
#6232 = VECTOR('',#6233,1.);
#6233 = DIRECTION('',(0.,1.,0.));
#6234 = ORIENTED_EDGE('',*,*,#6235,.F.);
#6235 = EDGE_CURVE('',#6236,#6228,#6238,.T.);
#6236 = VERTEX_POINT('',#6237);
#6237 = CARTESIAN_POINT('',(0.85,-2.32,8.809142651445E-17));
#6238 = LINE('',#6239,#6240);
#6239 = CARTESIAN_POINT('',(0.85,-2.32,8.809142651445E-17));
#6240 = VECTOR('',#6241,1.);
#6241 = DIRECTION('',(-1.,0.,0.));
#6242 = ORIENTED_EDGE('',*,*,#6243,.F.);
#6243 = EDGE_CURVE('',#6198,#6236,#6244,.T.);
#6244 = LINE('',#6245,#6246);
#6245 = CARTESIAN_POINT('',(0.85,-2.9,8.809142651445E-17));
#6246 = VECTOR('',#6247,1.);
#6247 = DIRECTION('',(0.,1.,0.));
#6248 = ORIENTED_EDGE('',*,*,#6197,.T.);
#6249 = PLANE('',#6250);
#6250 = AXIS2_PLACEMENT_3D('',#6251,#6252,#6253);
#6251 = CARTESIAN_POINT('',(0.85,-2.9,8.809142651445E-17));
#6252 = DIRECTION('',(0.,0.,1.));
#6253 = DIRECTION('',(0.,-1.,0.));
#6254 = ADVANCED_FACE('',(#6255),#6290,.T.);
#6255 = FACE_BOUND('',#6256,.T.);
#6256 = EDGE_LOOP('',(#6257,#6267,#6275,#6281,#6282,#6283));
#6257 = ORIENTED_EDGE('',*,*,#6258,.F.);
#6258 = EDGE_CURVE('',#6259,#6261,#6263,.T.);
#6259 = VERTEX_POINT('',#6260);
#6260 = CARTESIAN_POINT('',(0.85,-2.4,5.E-02));
#6261 = VERTEX_POINT('',#6262);
#6262 = CARTESIAN_POINT('',(0.85,-2.180357599562,5.E-02));
#6263 = LINE('',#6264,#6265);
#6264 = CARTESIAN_POINT('',(0.85,-1.9,5.E-02));
#6265 = VECTOR('',#6266,1.);
#6266 = DIRECTION('',(0.,1.,0.));
#6267 = ORIENTED_EDGE('',*,*,#6268,.F.);
#6268 = EDGE_CURVE('',#6269,#6259,#6271,.T.);
#6269 = VERTEX_POINT('',#6270);
#6270 = CARTESIAN_POINT('',(0.85,-2.4,0.12));
#6271 = LINE('',#6272,#6273);
#6272 = CARTESIAN_POINT('',(0.85,-2.4,1.13));
#6273 = VECTOR('',#6274,1.);
#6274 = DIRECTION('',(0.,-6.123031769112E-17,-1.));
#6275 = ORIENTED_EDGE('',*,*,#6276,.T.);
#6276 = EDGE_CURVE('',#6269,#6206,#6277,.T.);
#6277 = LINE('',#6278,#6279);
#6278 = CARTESIAN_POINT('',(0.85,-2.32,0.12));
#6279 = VECTOR('',#6280,1.);
#6280 = DIRECTION('',(0.,-1.,0.));
#6281 = ORIENTED_EDGE('',*,*,#6205,.T.);
#6282 = ORIENTED_EDGE('',*,*,#6243,.T.);
#6283 = ORIENTED_EDGE('',*,*,#6284,.T.);
#6284 = EDGE_CURVE('',#6236,#6261,#6285,.T.);
#6285 = CIRCLE('',#6286,0.22);
#6286 = AXIS2_PLACEMENT_3D('',#6287,#6288,#6289);
#6287 = CARTESIAN_POINT('',(0.85,-2.32,0.22));
#6288 = DIRECTION('',(1.,0.,0.));
#6289 = DIRECTION('',(0.,0.,-1.));
#6290 = PLANE('',#6291);
#6291 = AXIS2_PLACEMENT_3D('',#6292,#6293,#6294);
#6292 = CARTESIAN_POINT('',(0.85,-1.9,1.13));
#6293 = DIRECTION('',(1.,0.,-0.));
#6294 = DIRECTION('',(0.,0.,1.));
#6295 = ADVANCED_FACE('',(#6296),#6331,.F.);
#6296 = FACE_BOUND('',#6297,.T.);
#6297 = EDGE_LOOP('',(#6298,#6308,#6316,#6323,#6324,#6325));
#6298 = ORIENTED_EDGE('',*,*,#6299,.T.);
#6299 = EDGE_CURVE('',#6300,#6302,#6304,.T.);
#6300 = VERTEX_POINT('',#6301);
#6301 = CARTESIAN_POINT('',(0.65,-2.4,0.12));
#6302 = VERTEX_POINT('',#6303);
#6303 = CARTESIAN_POINT('',(0.65,-2.4,5.E-02));
#6304 = LINE('',#6305,#6306);
#6305 = CARTESIAN_POINT('',(0.65,-2.4,1.13));
#6306 = VECTOR('',#6307,1.);
#6307 = DIRECTION('',(0.,-6.123031769112E-17,-1.));
#6308 = ORIENTED_EDGE('',*,*,#6309,.T.);
#6309 = EDGE_CURVE('',#6302,#6310,#6312,.T.);
#6310 = VERTEX_POINT('',#6311);
#6311 = CARTESIAN_POINT('',(0.65,-2.180357599562,5.E-02));
#6312 = LINE('',#6313,#6314);
#6313 = CARTESIAN_POINT('',(0.65,-1.9,5.E-02));
#6314 = VECTOR('',#6315,1.);
#6315 = DIRECTION('',(0.,1.,0.));
#6316 = ORIENTED_EDGE('',*,*,#6317,.F.);
#6317 = EDGE_CURVE('',#6228,#6310,#6318,.T.);
#6318 = CIRCLE('',#6319,0.22);
#6319 = AXIS2_PLACEMENT_3D('',#6320,#6321,#6322);
#6320 = CARTESIAN_POINT('',(0.65,-2.32,0.22));
#6321 = DIRECTION('',(1.,0.,0.));
#6322 = DIRECTION('',(0.,0.,-1.));
#6323 = ORIENTED_EDGE('',*,*,#6227,.F.);
#6324 = ORIENTED_EDGE('',*,*,#6187,.F.);
#6325 = ORIENTED_EDGE('',*,*,#6326,.F.);
#6326 = EDGE_CURVE('',#6300,#6188,#6327,.T.);
#6327 = LINE('',#6328,#6329);
#6328 = CARTESIAN_POINT('',(0.65,-2.32,0.12));
#6329 = VECTOR('',#6330,1.);
#6330 = DIRECTION('',(0.,-1.,0.));
#6331 = PLANE('',#6332);
#6332 = AXIS2_PLACEMENT_3D('',#6333,#6334,#6335);
#6333 = CARTESIAN_POINT('',(0.65,-1.9,1.13));
#6334 = DIRECTION('',(1.,0.,-0.));
#6335 = DIRECTION('',(0.,0.,1.));
#6336 = ADVANCED_FACE('',(#6337),#6348,.T.);
#6337 = FACE_BOUND('',#6338,.T.);
#6338 = EDGE_LOOP('',(#6339,#6340,#6346,#6347));
#6339 = ORIENTED_EDGE('',*,*,#6317,.T.);
#6340 = ORIENTED_EDGE('',*,*,#6341,.T.);
#6341 = EDGE_CURVE('',#6310,#6261,#6342,.T.);
#6342 = LINE('',#6343,#6344);
#6343 = CARTESIAN_POINT('',(0.85,-2.180357599562,5.E-02));
#6344 = VECTOR('',#6345,1.);
#6345 = DIRECTION('',(1.,-0.,-0.));
#6346 = ORIENTED_EDGE('',*,*,#6284,.F.);
#6347 = ORIENTED_EDGE('',*,*,#6235,.T.);
#6348 = CYLINDRICAL_SURFACE('',#6349,0.22);
#6349 = AXIS2_PLACEMENT_3D('',#6350,#6351,#6352);
#6350 = CARTESIAN_POINT('',(0.85,-2.32,0.22));
#6351 = DIRECTION('',(-1.,0.,0.));
#6352 = DIRECTION('',(0.,0.,-1.));
#6353 = ADVANCED_FACE('',(#6354),#6365,.F.);
#6354 = FACE_BOUND('',#6355,.T.);
#6355 = EDGE_LOOP('',(#6356,#6357,#6363,#6364));
#6356 = ORIENTED_EDGE('',*,*,#6276,.F.);
#6357 = ORIENTED_EDGE('',*,*,#6358,.T.);
#6358 = EDGE_CURVE('',#6269,#6300,#6359,.T.);
#6359 = LINE('',#6360,#6361);
#6360 = CARTESIAN_POINT('',(0.85,-2.4,0.12));
#6361 = VECTOR('',#6362,1.);
#6362 = DIRECTION('',(-1.,3.061515884556E-17,0.));
#6363 = ORIENTED_EDGE('',*,*,#6326,.T.);
#6364 = ORIENTED_EDGE('',*,*,#6213,.F.);
#6365 = PLANE('',#6366);
#6366 = AXIS2_PLACEMENT_3D('',#6367,#6368,#6369);
#6367 = CARTESIAN_POINT('',(0.85,-2.32,0.12));
#6368 = DIRECTION('',(0.,0.,-1.));
#6369 = DIRECTION('',(0.,1.,0.));
#6370 = ADVANCED_FACE('',(#6371),#6415,.T.);
#6371 = FACE_BOUND('',#6372,.T.);
#6372 = EDGE_LOOP('',(#6373,#6383,#6392,#6400,#6409));
#6373 = ORIENTED_EDGE('',*,*,#6374,.F.);
#6374 = EDGE_CURVE('',#6375,#6377,#6379,.T.);
#6375 = VERTEX_POINT('',#6376);
#6376 = CARTESIAN_POINT('',(0.85,-1.,0.873988949953));
#6377 = VERTEX_POINT('',#6378);
#6378 = CARTESIAN_POINT('',(0.85,-1.,1.091428571429));
#6379 = LINE('',#6380,#6381);
#6380 = CARTESIAN_POINT('',(0.85,-1.,1.13));
#6381 = VECTOR('',#6382,1.);
#6382 = DIRECTION('',(0.,6.123031769112E-17,1.));
#6383 = ORIENTED_EDGE('',*,*,#6384,.T.);
#6384 = EDGE_CURVE('',#6375,#6385,#6387,.T.);
#6385 = VERTEX_POINT('',#6386);
#6386 = CARTESIAN_POINT('',(0.85,-0.99330699074,0.879142217349));
#6387 = CIRCLE('',#6388,0.2);
#6388 = AXIS2_PLACEMENT_3D('',#6389,#6390,#6391);
#6389 = CARTESIAN_POINT('',(0.85,-0.87466718313,0.718131049879));
#6390 = DIRECTION('',(-1.,0.,0.));
#6391 = DIRECTION('',(0.,-0.988715504225,0.149805379428));
#6392 = ORIENTED_EDGE('',*,*,#6393,.T.);
#6393 = EDGE_CURVE('',#6385,#6394,#6396,.T.);
#6394 = VERTEX_POINT('',#6395);
#6395 = CARTESIAN_POINT('',(0.85,-0.989501892653,0.881945973835));
#6396 = LINE('',#6397,#6398);
#6397 = CARTESIAN_POINT('',(0.85,-0.99330699074,0.879142217349));
#6398 = VECTOR('',#6399,1.);
#6399 = DIRECTION('',(0.,0.805055837353,0.59319903805));
#6400 = ORIENTED_EDGE('',*,*,#6401,.T.);
#6401 = EDGE_CURVE('',#6394,#6402,#6404,.T.);
#6402 = VERTEX_POINT('',#6403);
#6403 = CARTESIAN_POINT('',(0.85,-0.970376573854,1.057573227262));
#6404 = CIRCLE('',#6405,0.12);
#6405 = AXIS2_PLACEMENT_3D('',#6406,#6407,#6408);
#6406 = CARTESIAN_POINT('',(0.85,-1.060685777219,0.978552674317));
#6407 = DIRECTION('',(1.,0.,0.));
#6408 = DIRECTION('',(0.,0.59319903805,-0.805055837353));
#6409 = ORIENTED_EDGE('',*,*,#6410,.T.);
#6410 = EDGE_CURVE('',#6402,#6377,#6411,.T.);
#6411 = LINE('',#6412,#6413);
#6412 = CARTESIAN_POINT('',(0.85,-0.970376573854,1.057573227262));
#6413 = VECTOR('',#6414,1.);
#6414 = DIRECTION('',(0.,-0.658504607869,0.752576694707));
#6415 = PLANE('',#6416);
#6416 = AXIS2_PLACEMENT_3D('',#6417,#6418,#6419);
#6417 = CARTESIAN_POINT('',(0.85,-1.9,1.13));
#6418 = DIRECTION('',(1.,0.,-0.));
#6419 = DIRECTION('',(0.,0.,1.));
#6420 = ADVANCED_FACE('',(#6421),#6465,.F.);
#6421 = FACE_BOUND('',#6422,.T.);
#6422 = EDGE_LOOP('',(#6423,#6434,#6442,#6450,#6459));
#6423 = ORIENTED_EDGE('',*,*,#6424,.F.);
#6424 = EDGE_CURVE('',#6425,#6427,#6429,.T.);
#6425 = VERTEX_POINT('',#6426);
#6426 = CARTESIAN_POINT('',(0.65,-1.,0.873988949953));
#6427 = VERTEX_POINT('',#6428);
#6428 = CARTESIAN_POINT('',(0.65,-0.99330699074,0.879142217349));
#6429 = CIRCLE('',#6430,0.2);
#6430 = AXIS2_PLACEMENT_3D('',#6431,#6432,#6433);
#6431 = CARTESIAN_POINT('',(0.65,-0.87466718313,0.718131049879));
#6432 = DIRECTION('',(-1.,0.,0.));
#6433 = DIRECTION('',(0.,-0.988715504225,0.149805379428));
#6434 = ORIENTED_EDGE('',*,*,#6435,.T.);
#6435 = EDGE_CURVE('',#6425,#6436,#6438,.T.);
#6436 = VERTEX_POINT('',#6437);
#6437 = CARTESIAN_POINT('',(0.65,-1.,1.091428571429));
#6438 = LINE('',#6439,#6440);
#6439 = CARTESIAN_POINT('',(0.65,-1.,1.13));
#6440 = VECTOR('',#6441,1.);
#6441 = DIRECTION('',(0.,6.123031769112E-17,1.));
#6442 = ORIENTED_EDGE('',*,*,#6443,.F.);
#6443 = EDGE_CURVE('',#6444,#6436,#6446,.T.);
#6444 = VERTEX_POINT('',#6445);
#6445 = CARTESIAN_POINT('',(0.65,-0.970376573854,1.057573227262));
#6446 = LINE('',#6447,#6448);
#6447 = CARTESIAN_POINT('',(0.65,-0.970376573854,1.057573227262));
#6448 = VECTOR('',#6449,1.);
#6449 = DIRECTION('',(0.,-0.658504607869,0.752576694707));
#6450 = ORIENTED_EDGE('',*,*,#6451,.F.);
#6451 = EDGE_CURVE('',#6452,#6444,#6454,.T.);
#6452 = VERTEX_POINT('',#6453);
#6453 = CARTESIAN_POINT('',(0.65,-0.989501892653,0.881945973835));
#6454 = CIRCLE('',#6455,0.12);
#6455 = AXIS2_PLACEMENT_3D('',#6456,#6457,#6458);
#6456 = CARTESIAN_POINT('',(0.65,-1.060685777219,0.978552674317));
#6457 = DIRECTION('',(1.,0.,0.));
#6458 = DIRECTION('',(0.,0.59319903805,-0.805055837353));
#6459 = ORIENTED_EDGE('',*,*,#6460,.F.);
#6460 = EDGE_CURVE('',#6427,#6452,#6461,.T.);
#6461 = LINE('',#6462,#6463);
#6462 = CARTESIAN_POINT('',(0.65,-0.99330699074,0.879142217349));
#6463 = VECTOR('',#6464,1.);
#6464 = DIRECTION('',(0.,0.805055837353,0.59319903805));
#6465 = PLANE('',#6466);
#6466 = AXIS2_PLACEMENT_3D('',#6467,#6468,#6469);
#6467 = CARTESIAN_POINT('',(0.65,-1.9,1.13));
#6468 = DIRECTION('',(1.,0.,-0.));
#6469 = DIRECTION('',(0.,0.,1.));
#6470 = ADVANCED_FACE('',(#6471),#6487,.F.);
#6471 = FACE_BOUND('',#6472,.F.);
#6472 = EDGE_LOOP('',(#6473,#6479,#6480,#6486));
#6473 = ORIENTED_EDGE('',*,*,#6474,.T.);
#6474 = EDGE_CURVE('',#6385,#6427,#6475,.T.);
#6475 = LINE('',#6476,#6477);
#6476 = CARTESIAN_POINT('',(0.85,-0.99330699074,0.879142217349));
#6477 = VECTOR('',#6478,1.);
#6478 = DIRECTION('',(-1.,0.,0.));
#6479 = ORIENTED_EDGE('',*,*,#6424,.F.);
#6480 = ORIENTED_EDGE('',*,*,#6481,.F.);
#6481 = EDGE_CURVE('',#6375,#6425,#6482,.T.);
#6482 = LINE('',#6483,#6484);
#6483 = CARTESIAN_POINT('',(0.85,-1.,0.873988949953));
#6484 = VECTOR('',#6485,1.);
#6485 = DIRECTION('',(-1.,0.,0.));
#6486 = ORIENTED_EDGE('',*,*,#6384,.T.);
#6487 = CYLINDRICAL_SURFACE('',#6488,0.2);
#6488 = AXIS2_PLACEMENT_3D('',#6489,#6490,#6491);
#6489 = CARTESIAN_POINT('',(0.85,-0.87466718313,0.718131049879));
#6490 = DIRECTION('',(-1.,0.,0.));
#6491 = DIRECTION('',(0.,0.,-1.));
#6492 = ADVANCED_FACE('',(#6493),#6504,.F.);
#6493 = FACE_BOUND('',#6494,.T.);
#6494 = EDGE_LOOP('',(#6495,#6496,#6502,#6503));
#6495 = ORIENTED_EDGE('',*,*,#6460,.T.);
#6496 = ORIENTED_EDGE('',*,*,#6497,.F.);
#6497 = EDGE_CURVE('',#6394,#6452,#6498,.T.);
#6498 = LINE('',#6499,#6500);
#6499 = CARTESIAN_POINT('',(0.85,-0.989501892653,0.881945973835));
#6500 = VECTOR('',#6501,1.);
#6501 = DIRECTION('',(-1.,0.,0.));
#6502 = ORIENTED_EDGE('',*,*,#6393,.F.);
#6503 = ORIENTED_EDGE('',*,*,#6474,.T.);
#6504 = PLANE('',#6505);
#6505 = AXIS2_PLACEMENT_3D('',#6506,#6507,#6508);
#6506 = CARTESIAN_POINT('',(0.85,-0.99330699074,0.879142217349));
#6507 = DIRECTION('',(0.,-0.59319903805,0.805055837353));
#6508 = DIRECTION('',(0.,-0.805055837353,-0.59319903805));
#6509 = ADVANCED_FACE('',(#6510),#6521,.T.);
#6510 = FACE_BOUND('',#6511,.T.);
#6511 = EDGE_LOOP('',(#6512,#6513,#6519,#6520));
#6512 = ORIENTED_EDGE('',*,*,#6451,.T.);
#6513 = ORIENTED_EDGE('',*,*,#6514,.F.);
#6514 = EDGE_CURVE('',#6402,#6444,#6515,.T.);
#6515 = LINE('',#6516,#6517);
#6516 = CARTESIAN_POINT('',(0.85,-0.970376573854,1.057573227262));
#6517 = VECTOR('',#6518,1.);
#6518 = DIRECTION('',(-1.,0.,0.));
#6519 = ORIENTED_EDGE('',*,*,#6401,.F.);
#6520 = ORIENTED_EDGE('',*,*,#6497,.T.);
#6521 = CYLINDRICAL_SURFACE('',#6522,0.12);
#6522 = AXIS2_PLACEMENT_3D('',#6523,#6524,#6525);
#6523 = CARTESIAN_POINT('',(0.85,-1.060685777219,0.978552674317));
#6524 = DIRECTION('',(-1.,0.,0.));
#6525 = DIRECTION('',(0.,0.,-1.));
#6526 = ADVANCED_FACE('',(#6527),#6538,.F.);
#6527 = FACE_BOUND('',#6528,.T.);
#6528 = EDGE_LOOP('',(#6529,#6530,#6536,#6537));
#6529 = ORIENTED_EDGE('',*,*,#6443,.T.);
#6530 = ORIENTED_EDGE('',*,*,#6531,.T.);
#6531 = EDGE_CURVE('',#6436,#6377,#6532,.T.);
#6532 = LINE('',#6533,#6534);
#6533 = CARTESIAN_POINT('',(0.85,-1.,1.091428571429));
#6534 = VECTOR('',#6535,1.);
#6535 = DIRECTION('',(1.,-3.061515884556E-17,3.498875296635E-17));
#6536 = ORIENTED_EDGE('',*,*,#6410,.F.);
#6537 = ORIENTED_EDGE('',*,*,#6514,.T.);
#6538 = PLANE('',#6539);
#6539 = AXIS2_PLACEMENT_3D('',#6540,#6541,#6542);
#6540 = CARTESIAN_POINT('',(0.85,-0.970376573854,1.057573227262));
#6541 = DIRECTION('',(0.,-0.752576694707,-0.658504607869));
#6542 = DIRECTION('',(0.,0.658504607869,-0.752576694707));
#6543 = ADVANCED_FACE('',(#6544),#6578,.F.);
#6544 = FACE_BOUND('',#6545,.T.);
#6545 = EDGE_LOOP('',(#6546,#6556,#6564,#6572));
#6546 = ORIENTED_EDGE('',*,*,#6547,.F.);
#6547 = EDGE_CURVE('',#6548,#6550,#6552,.T.);
#6548 = VERTEX_POINT('',#6549);
#6549 = CARTESIAN_POINT('',(0.65,1.9,1.35));
#6550 = VERTEX_POINT('',#6551);
#6551 = CARTESIAN_POINT('',(0.65,2.,1.35));
#6552 = LINE('',#6553,#6554);
#6553 = CARTESIAN_POINT('',(0.65,1.9,1.35));
#6554 = VECTOR('',#6555,1.);
#6555 = DIRECTION('',(0.,1.,0.));
#6556 = ORIENTED_EDGE('',*,*,#6557,.F.);
#6557 = EDGE_CURVE('',#6558,#6548,#6560,.T.);
#6558 = VERTEX_POINT('',#6559);
#6559 = CARTESIAN_POINT('',(0.85,1.9,1.35));
#6560 = LINE('',#6561,#6562);
#6561 = CARTESIAN_POINT('',(0.85,1.9,1.35));
#6562 = VECTOR('',#6563,1.);
#6563 = DIRECTION('',(-1.,0.,0.));
#6564 = ORIENTED_EDGE('',*,*,#6565,.T.);
#6565 = EDGE_CURVE('',#6558,#6566,#6568,.T.);
#6566 = VERTEX_POINT('',#6567);
#6567 = CARTESIAN_POINT('',(0.85,2.,1.35));
#6568 = LINE('',#6569,#6570);
#6569 = CARTESIAN_POINT('',(0.85,1.9,1.35));
#6570 = VECTOR('',#6571,1.);
#6571 = DIRECTION('',(0.,1.,0.));
#6572 = ORIENTED_EDGE('',*,*,#6573,.T.);
#6573 = EDGE_CURVE('',#6566,#6550,#6574,.T.);
#6574 = LINE('',#6575,#6576);
#6575 = CARTESIAN_POINT('',(0.85,2.,1.35));
#6576 = VECTOR('',#6577,1.);
#6577 = DIRECTION('',(-1.,0.,0.));
#6578 = PLANE('',#6579);
#6579 = AXIS2_PLACEMENT_3D('',#6580,#6581,#6582);
#6580 = CARTESIAN_POINT('',(0.85,1.9,1.35));
#6581 = DIRECTION('',(0.,0.,-1.));
#6582 = DIRECTION('',(0.,-1.,0.));
#6583 = ADVANCED_FACE('',(#6584),#6611,.F.);
#6584 = FACE_BOUND('',#6585,.T.);
#6585 = EDGE_LOOP('',(#6586,#6595,#6603,#6610));
#6586 = ORIENTED_EDGE('',*,*,#6587,.T.);
#6587 = EDGE_CURVE('',#6550,#6588,#6590,.T.);
#6588 = VERTEX_POINT('',#6589);
#6589 = CARTESIAN_POINT('',(0.65,2.139642400438,1.3));
#6590 = CIRCLE('',#6591,0.22);
#6591 = AXIS2_PLACEMENT_3D('',#6592,#6593,#6594);
#6592 = CARTESIAN_POINT('',(0.65,2.,1.13));
#6593 = DIRECTION('',(-1.,0.,0.));
#6594 = DIRECTION('',(0.,0.,1.));
#6595 = ORIENTED_EDGE('',*,*,#6596,.T.);
#6596 = EDGE_CURVE('',#6588,#6597,#6599,.T.);
#6597 = VERTEX_POINT('',#6598);
#6598 = CARTESIAN_POINT('',(0.65,1.760357599562,1.3));
#6599 = LINE('',#6600,#6601);
#6600 = CARTESIAN_POINT('',(0.65,1.9,1.3));
#6601 = VECTOR('',#6602,1.);
#6602 = DIRECTION('',(0.,-1.,0.));
#6603 = ORIENTED_EDGE('',*,*,#6604,.T.);
#6604 = EDGE_CURVE('',#6597,#6548,#6605,.T.);
#6605 = CIRCLE('',#6606,0.22);
#6606 = AXIS2_PLACEMENT_3D('',#6607,#6608,#6609);
#6607 = CARTESIAN_POINT('',(0.65,1.9,1.13));
#6608 = DIRECTION('',(-1.,0.,0.));
#6609 = DIRECTION('',(0.,-1.,0.));
#6610 = ORIENTED_EDGE('',*,*,#6547,.T.);
#6611 = PLANE('',#6612);
#6612 = AXIS2_PLACEMENT_3D('',#6613,#6614,#6615);
#6613 = CARTESIAN_POINT('',(0.65,1.9,1.13));
#6614 = DIRECTION('',(1.,0.,-0.));
#6615 = DIRECTION('',(0.,0.,1.));
#6616 = ADVANCED_FACE('',(#6617),#6644,.T.);
#6617 = FACE_BOUND('',#6618,.T.);
#6618 = EDGE_LOOP('',(#6619,#6629,#6636,#6637));
#6619 = ORIENTED_EDGE('',*,*,#6620,.F.);
#6620 = EDGE_CURVE('',#6621,#6623,#6625,.T.);
#6621 = VERTEX_POINT('',#6622);
#6622 = CARTESIAN_POINT('',(0.85,2.139642400438,1.3));
#6623 = VERTEX_POINT('',#6624);
#6624 = CARTESIAN_POINT('',(0.85,1.760357599562,1.3));
#6625 = LINE('',#6626,#6627);
#6626 = CARTESIAN_POINT('',(0.85,1.9,1.3));
#6627 = VECTOR('',#6628,1.);
#6628 = DIRECTION('',(0.,-1.,0.));
#6629 = ORIENTED_EDGE('',*,*,#6630,.F.);
#6630 = EDGE_CURVE('',#6566,#6621,#6631,.T.);
#6631 = CIRCLE('',#6632,0.22);
#6632 = AXIS2_PLACEMENT_3D('',#6633,#6634,#6635);
#6633 = CARTESIAN_POINT('',(0.85,2.,1.13));
#6634 = DIRECTION('',(-1.,0.,0.));
#6635 = DIRECTION('',(0.,0.,1.));
#6636 = ORIENTED_EDGE('',*,*,#6565,.F.);
#6637 = ORIENTED_EDGE('',*,*,#6638,.F.);
#6638 = EDGE_CURVE('',#6623,#6558,#6639,.T.);
#6639 = CIRCLE('',#6640,0.22);
#6640 = AXIS2_PLACEMENT_3D('',#6641,#6642,#6643);
#6641 = CARTESIAN_POINT('',(0.85,1.9,1.13));
#6642 = DIRECTION('',(-1.,0.,0.));
#6643 = DIRECTION('',(0.,-1.,0.));
#6644 = PLANE('',#6645);
#6645 = AXIS2_PLACEMENT_3D('',#6646,#6647,#6648);
#6646 = CARTESIAN_POINT('',(0.85,1.9,1.13));
#6647 = DIRECTION('',(1.,0.,-0.));
#6648 = DIRECTION('',(0.,0.,1.));
#6649 = ADVANCED_FACE('',(#6650),#6661,.T.);
#6650 = FACE_BOUND('',#6651,.T.);
#6651 = EDGE_LOOP('',(#6652,#6653,#6659,#6660));
#6652 = ORIENTED_EDGE('',*,*,#6630,.T.);
#6653 = ORIENTED_EDGE('',*,*,#6654,.T.);
#6654 = EDGE_CURVE('',#6621,#6588,#6655,.T.);
#6655 = LINE('',#6656,#6657);
#6656 = CARTESIAN_POINT('',(0.85,2.139642400438,1.3));
#6657 = VECTOR('',#6658,1.);
#6658 = DIRECTION('',(-1.,0.,0.));
#6659 = ORIENTED_EDGE('',*,*,#6587,.F.);
#6660 = ORIENTED_EDGE('',*,*,#6573,.F.);
#6661 = CYLINDRICAL_SURFACE('',#6662,0.22);
#6662 = AXIS2_PLACEMENT_3D('',#6663,#6664,#6665);
#6663 = CARTESIAN_POINT('',(0.85,2.,1.13));
#6664 = DIRECTION('',(-1.,0.,0.));
#6665 = DIRECTION('',(0.,0.,-1.));
#6666 = ADVANCED_FACE('',(#6667),#6678,.T.);
#6667 = FACE_BOUND('',#6668,.T.);
#6668 = EDGE_LOOP('',(#6669,#6670,#6676,#6677));
#6669 = ORIENTED_EDGE('',*,*,#6604,.F.);
#6670 = ORIENTED_EDGE('',*,*,#6671,.T.);
#6671 = EDGE_CURVE('',#6597,#6623,#6672,.T.);
#6672 = LINE('',#6673,#6674);
#6673 = CARTESIAN_POINT('',(0.85,1.760357599562,1.3));
#6674 = VECTOR('',#6675,1.);
#6675 = DIRECTION('',(1.,-0.,-0.));
#6676 = ORIENTED_EDGE('',*,*,#6638,.T.);
#6677 = ORIENTED_EDGE('',*,*,#6557,.T.);
#6678 = CYLINDRICAL_SURFACE('',#6679,0.22);
#6679 = AXIS2_PLACEMENT_3D('',#6680,#6681,#6682);
#6680 = CARTESIAN_POINT('',(0.85,1.9,1.13));
#6681 = DIRECTION('',(-1.,0.,0.));
#6682 = DIRECTION('',(0.,0.,-1.));
#6683 = ADVANCED_FACE('',(#6684),#6718,.F.);
#6684 = FACE_BOUND('',#6685,.T.);
#6685 = EDGE_LOOP('',(#6686,#6696,#6704,#6712));
#6686 = ORIENTED_EDGE('',*,*,#6687,.F.);
#6687 = EDGE_CURVE('',#6688,#6690,#6692,.T.);
#6688 = VERTEX_POINT('',#6689);
#6689 = CARTESIAN_POINT('',(0.65,2.9,-1.212951180468E-15));
#6690 = VERTEX_POINT('',#6691);
#6691 = CARTESIAN_POINT('',(0.65,2.32,8.809142651445E-17));
#6692 = LINE('',#6693,#6694);
#6693 = CARTESIAN_POINT('',(0.65,2.9,8.809142651445E-17));
#6694 = VECTOR('',#6695,1.);
#6695 = DIRECTION('',(0.,-1.,0.));
#6696 = ORIENTED_EDGE('',*,*,#6697,.F.);
#6697 = EDGE_CURVE('',#6698,#6688,#6700,.T.);
#6698 = VERTEX_POINT('',#6699);
#6699 = CARTESIAN_POINT('',(0.85,2.9,-1.212951180468E-15));
#6700 = LINE('',#6701,#6702);
#6701 = CARTESIAN_POINT('',(0.85,2.9,-1.212951180468E-15));
#6702 = VECTOR('',#6703,1.);
#6703 = DIRECTION('',(-1.,0.,0.));
#6704 = ORIENTED_EDGE('',*,*,#6705,.T.);
#6705 = EDGE_CURVE('',#6698,#6706,#6708,.T.);
#6706 = VERTEX_POINT('',#6707);
#6707 = CARTESIAN_POINT('',(0.85,2.32,8.809142651445E-17));
#6708 = LINE('',#6709,#6710);
#6709 = CARTESIAN_POINT('',(0.85,2.9,8.809142651445E-17));
#6710 = VECTOR('',#6711,1.);
#6711 = DIRECTION('',(0.,-1.,0.));
#6712 = ORIENTED_EDGE('',*,*,#6713,.T.);
#6713 = EDGE_CURVE('',#6706,#6690,#6714,.T.);
#6714 = LINE('',#6715,#6716);
#6715 = CARTESIAN_POINT('',(0.85,2.32,8.809142651445E-17));
#6716 = VECTOR('',#6717,1.);
#6717 = DIRECTION('',(-1.,0.,0.));
#6718 = PLANE('',#6719);
#6719 = AXIS2_PLACEMENT_3D('',#6720,#6721,#6722);
#6720 = CARTESIAN_POINT('',(0.85,2.9,8.809142651445E-17));
#6721 = DIRECTION('',(0.,-0.,1.));
#6722 = DIRECTION('',(0.,1.,0.));
#6723 = ADVANCED_FACE('',(#6724),#6749,.F.);
#6724 = FACE_BOUND('',#6725,.T.);
#6725 = EDGE_LOOP('',(#6726,#6734,#6742,#6748));
#6726 = ORIENTED_EDGE('',*,*,#6727,.F.);
#6727 = EDGE_CURVE('',#6728,#6688,#6730,.T.);
#6728 = VERTEX_POINT('',#6729);
#6729 = CARTESIAN_POINT('',(0.65,2.9,0.12));
#6730 = LINE('',#6731,#6732);
#6731 = CARTESIAN_POINT('',(0.65,2.9,0.12));
#6732 = VECTOR('',#6733,1.);
#6733 = DIRECTION('',(0.,6.123031769112E-17,-1.));
#6734 = ORIENTED_EDGE('',*,*,#6735,.F.);
#6735 = EDGE_CURVE('',#6736,#6728,#6738,.T.);
#6736 = VERTEX_POINT('',#6737);
#6737 = CARTESIAN_POINT('',(0.85,2.9,0.12));
#6738 = LINE('',#6739,#6740);
#6739 = CARTESIAN_POINT('',(0.85,2.9,0.12));
#6740 = VECTOR('',#6741,1.);
#6741 = DIRECTION('',(-1.,0.,0.));
#6742 = ORIENTED_EDGE('',*,*,#6743,.T.);
#6743 = EDGE_CURVE('',#6736,#6698,#6744,.T.);
#6744 = LINE('',#6745,#6746);
#6745 = CARTESIAN_POINT('',(0.85,2.9,0.12));
#6746 = VECTOR('',#6747,1.);
#6747 = DIRECTION('',(0.,6.123031769112E-17,-1.));
#6748 = ORIENTED_EDGE('',*,*,#6697,.T.);
#6749 = PLANE('',#6750);
#6750 = AXIS2_PLACEMENT_3D('',#6751,#6752,#6753);
#6751 = CARTESIAN_POINT('',(0.85,2.9,0.12));
#6752 = DIRECTION('',(0.,-1.,-6.123031769112E-17));
#6753 = DIRECTION('',(0.,-6.123031769112E-17,1.));
#6754 = ADVANCED_FACE('',(#6755),#6790,.F.);
#6755 = FACE_BOUND('',#6756,.T.);
#6756 = EDGE_LOOP('',(#6757,#6766,#6774,#6782,#6788,#6789));
#6757 = ORIENTED_EDGE('',*,*,#6758,.T.);
#6758 = EDGE_CURVE('',#6690,#6759,#6761,.T.);
#6759 = VERTEX_POINT('',#6760);
#6760 = CARTESIAN_POINT('',(0.65,2.180357599562,5.E-02));
#6761 = CIRCLE('',#6762,0.22);
#6762 = AXIS2_PLACEMENT_3D('',#6763,#6764,#6765);
#6763 = CARTESIAN_POINT('',(0.65,2.32,0.22));
#6764 = DIRECTION('',(-1.,0.,0.));
#6765 = DIRECTION('',(0.,0.,-1.));
#6766 = ORIENTED_EDGE('',*,*,#6767,.T.);
#6767 = EDGE_CURVE('',#6759,#6768,#6770,.T.);
#6768 = VERTEX_POINT('',#6769);
#6769 = CARTESIAN_POINT('',(0.65,2.4,5.E-02));
#6770 = LINE('',#6771,#6772);
#6771 = CARTESIAN_POINT('',(0.65,1.9,5.E-02));
#6772 = VECTOR('',#6773,1.);
#6773 = DIRECTION('',(0.,1.,0.));
#6774 = ORIENTED_EDGE('',*,*,#6775,.T.);
#6775 = EDGE_CURVE('',#6768,#6776,#6778,.T.);
#6776 = VERTEX_POINT('',#6777);
#6777 = CARTESIAN_POINT('',(0.65,2.4,0.12));
#6778 = LINE('',#6779,#6780);
#6779 = CARTESIAN_POINT('',(0.65,2.4,1.13));
#6780 = VECTOR('',#6781,1.);
#6781 = DIRECTION('',(0.,-6.123031769112E-17,1.));
#6782 = ORIENTED_EDGE('',*,*,#6783,.T.);
#6783 = EDGE_CURVE('',#6776,#6728,#6784,.T.);
#6784 = LINE('',#6785,#6786);
#6785 = CARTESIAN_POINT('',(0.65,2.32,0.12));
#6786 = VECTOR('',#6787,1.);
#6787 = DIRECTION('',(0.,1.,0.));
#6788 = ORIENTED_EDGE('',*,*,#6727,.T.);
#6789 = ORIENTED_EDGE('',*,*,#6687,.T.);
#6790 = PLANE('',#6791);
#6791 = AXIS2_PLACEMENT_3D('',#6792,#6793,#6794);
#6792 = CARTESIAN_POINT('',(0.65,1.9,1.13));
#6793 = DIRECTION('',(1.,0.,-0.));
#6794 = DIRECTION('',(0.,0.,1.));
#6795 = ADVANCED_FACE('',(#6796),#6831,.T.);
#6796 = FACE_BOUND('',#6797,.T.);
#6797 = EDGE_LOOP('',(#6798,#6808,#6815,#6816,#6817,#6825));
#6798 = ORIENTED_EDGE('',*,*,#6799,.F.);
#6799 = EDGE_CURVE('',#6800,#6802,#6804,.T.);
#6800 = VERTEX_POINT('',#6801);
#6801 = CARTESIAN_POINT('',(0.85,2.180357599562,5.E-02));
#6802 = VERTEX_POINT('',#6803);
#6803 = CARTESIAN_POINT('',(0.85,2.4,5.E-02));
#6804 = LINE('',#6805,#6806);
#6805 = CARTESIAN_POINT('',(0.85,1.9,5.E-02));
#6806 = VECTOR('',#6807,1.);
#6807 = DIRECTION('',(0.,1.,0.));
#6808 = ORIENTED_EDGE('',*,*,#6809,.F.);
#6809 = EDGE_CURVE('',#6706,#6800,#6810,.T.);
#6810 = CIRCLE('',#6811,0.22);
#6811 = AXIS2_PLACEMENT_3D('',#6812,#6813,#6814);
#6812 = CARTESIAN_POINT('',(0.85,2.32,0.22));
#6813 = DIRECTION('',(-1.,0.,0.));
#6814 = DIRECTION('',(0.,0.,-1.));
#6815 = ORIENTED_EDGE('',*,*,#6705,.F.);
#6816 = ORIENTED_EDGE('',*,*,#6743,.F.);
#6817 = ORIENTED_EDGE('',*,*,#6818,.F.);
#6818 = EDGE_CURVE('',#6819,#6736,#6821,.T.);
#6819 = VERTEX_POINT('',#6820);
#6820 = CARTESIAN_POINT('',(0.85,2.4,0.12));
#6821 = LINE('',#6822,#6823);
#6822 = CARTESIAN_POINT('',(0.85,2.32,0.12));
#6823 = VECTOR('',#6824,1.);
#6824 = DIRECTION('',(0.,1.,0.));
#6825 = ORIENTED_EDGE('',*,*,#6826,.F.);
#6826 = EDGE_CURVE('',#6802,#6819,#6827,.T.);
#6827 = LINE('',#6828,#6829);
#6828 = CARTESIAN_POINT('',(0.85,2.4,1.13));
#6829 = VECTOR('',#6830,1.);
#6830 = DIRECTION('',(0.,-6.123031769112E-17,1.));
#6831 = PLANE('',#6832);
#6832 = AXIS2_PLACEMENT_3D('',#6833,#6834,#6835);
#6833 = CARTESIAN_POINT('',(0.85,1.9,1.13));
#6834 = DIRECTION('',(1.,0.,-0.));
#6835 = DIRECTION('',(0.,0.,1.));
#6836 = ADVANCED_FACE('',(#6837),#6848,.T.);
#6837 = FACE_BOUND('',#6838,.T.);
#6838 = EDGE_LOOP('',(#6839,#6840,#6846,#6847));
#6839 = ORIENTED_EDGE('',*,*,#6809,.T.);
#6840 = ORIENTED_EDGE('',*,*,#6841,.T.);
#6841 = EDGE_CURVE('',#6800,#6759,#6842,.T.);
#6842 = LINE('',#6843,#6844);
#6843 = CARTESIAN_POINT('',(0.85,2.180357599562,5.E-02));
#6844 = VECTOR('',#6845,1.);
#6845 = DIRECTION('',(-1.,0.,0.));
#6846 = ORIENTED_EDGE('',*,*,#6758,.F.);
#6847 = ORIENTED_EDGE('',*,*,#6713,.F.);
#6848 = CYLINDRICAL_SURFACE('',#6849,0.22);
#6849 = AXIS2_PLACEMENT_3D('',#6850,#6851,#6852);
#6850 = CARTESIAN_POINT('',(0.85,2.32,0.22));
#6851 = DIRECTION('',(-1.,0.,0.));
#6852 = DIRECTION('',(0.,0.,-1.));
#6853 = ADVANCED_FACE('',(#6854),#6865,.F.);
#6854 = FACE_BOUND('',#6855,.T.);
#6855 = EDGE_LOOP('',(#6856,#6857,#6863,#6864));
#6856 = ORIENTED_EDGE('',*,*,#6783,.F.);
#6857 = ORIENTED_EDGE('',*,*,#6858,.T.);
#6858 = EDGE_CURVE('',#6776,#6819,#6859,.T.);
#6859 = LINE('',#6860,#6861);
#6860 = CARTESIAN_POINT('',(0.85,2.4,0.12));
#6861 = VECTOR('',#6862,1.);
#6862 = DIRECTION('',(1.,3.061515884556E-17,0.));
#6863 = ORIENTED_EDGE('',*,*,#6818,.T.);
#6864 = ORIENTED_EDGE('',*,*,#6735,.T.);
#6865 = PLANE('',#6866);
#6866 = AXIS2_PLACEMENT_3D('',#6867,#6868,#6869);
#6867 = CARTESIAN_POINT('',(0.85,2.32,0.12));
#6868 = DIRECTION('',(0.,0.,-1.));
#6869 = DIRECTION('',(0.,-1.,0.));
#6870 = ADVANCED_FACE('',(#6871),#6915,.T.);
#6871 = FACE_BOUND('',#6872,.T.);
#6872 = EDGE_LOOP('',(#6873,#6883,#6891,#6900,#6908));
#6873 = ORIENTED_EDGE('',*,*,#6874,.F.);
#6874 = EDGE_CURVE('',#6875,#6877,#6879,.T.);
#6875 = VERTEX_POINT('',#6876);
#6876 = CARTESIAN_POINT('',(0.85,1.,1.091428571429));
#6877 = VERTEX_POINT('',#6878);
#6878 = CARTESIAN_POINT('',(0.85,1.,0.873988949953));
#6879 = LINE('',#6880,#6881);
#6880 = CARTESIAN_POINT('',(0.85,1.,1.13));
#6881 = VECTOR('',#6882,1.);
#6882 = DIRECTION('',(0.,6.123031769112E-17,-1.));
#6883 = ORIENTED_EDGE('',*,*,#6884,.F.);
#6884 = EDGE_CURVE('',#6885,#6875,#6887,.T.);
#6885 = VERTEX_POINT('',#6886);
#6886 = CARTESIAN_POINT('',(0.85,0.970376573854,1.057573227262));
#6887 = LINE('',#6888,#6889);
#6888 = CARTESIAN_POINT('',(0.85,0.970376573854,1.057573227262));
#6889 = VECTOR('',#6890,1.);
#6890 = DIRECTION('',(0.,0.658504607869,0.752576694707));
#6891 = ORIENTED_EDGE('',*,*,#6892,.F.);
#6892 = EDGE_CURVE('',#6893,#6885,#6895,.T.);
#6893 = VERTEX_POINT('',#6894);
#6894 = CARTESIAN_POINT('',(0.85,0.989501892653,0.881945973835));
#6895 = CIRCLE('',#6896,0.12);
#6896 = AXIS2_PLACEMENT_3D('',#6897,#6898,#6899);
#6897 = CARTESIAN_POINT('',(0.85,1.060685777219,0.978552674317));
#6898 = DIRECTION('',(-1.,0.,0.));
#6899 = DIRECTION('',(-0.,-0.59319903805,-0.805055837353));
#6900 = ORIENTED_EDGE('',*,*,#6901,.F.);
#6901 = EDGE_CURVE('',#6902,#6893,#6904,.T.);
#6902 = VERTEX_POINT('',#6903);
#6903 = CARTESIAN_POINT('',(0.85,0.99330699074,0.879142217349));
#6904 = LINE('',#6905,#6906);
#6905 = CARTESIAN_POINT('',(0.85,0.99330699074,0.879142217349));
#6906 = VECTOR('',#6907,1.);
#6907 = DIRECTION('',(0.,-0.805055837353,0.59319903805));
#6908 = ORIENTED_EDGE('',*,*,#6909,.F.);
#6909 = EDGE_CURVE('',#6877,#6902,#6910,.T.);
#6910 = CIRCLE('',#6911,0.2);
#6911 = AXIS2_PLACEMENT_3D('',#6912,#6913,#6914);
#6912 = CARTESIAN_POINT('',(0.85,0.87466718313,0.718131049879));
#6913 = DIRECTION('',(1.,0.,0.));
#6914 = DIRECTION('',(-0.,0.988715504225,0.149805379428));
#6915 = PLANE('',#6916);
#6916 = AXIS2_PLACEMENT_3D('',#6917,#6918,#6919);
#6917 = CARTESIAN_POINT('',(0.85,1.9,1.13));
#6918 = DIRECTION('',(1.,0.,-0.));
#6919 = DIRECTION('',(0.,0.,1.));
#6920 = ADVANCED_FACE('',(#6921),#6965,.F.);
#6921 = FACE_BOUND('',#6922,.T.);
#6922 = EDGE_LOOP('',(#6923,#6933,#6941,#6950,#6958));
#6923 = ORIENTED_EDGE('',*,*,#6924,.T.);
#6924 = EDGE_CURVE('',#6925,#6927,#6929,.T.);
#6925 = VERTEX_POINT('',#6926);
#6926 = CARTESIAN_POINT('',(0.65,0.970376573854,1.057573227262));
#6927 = VERTEX_POINT('',#6928);
#6928 = CARTESIAN_POINT('',(0.65,1.,1.091428571429));
#6929 = LINE('',#6930,#6931);
#6930 = CARTESIAN_POINT('',(0.65,0.970376573854,1.057573227262));
#6931 = VECTOR('',#6932,1.);
#6932 = DIRECTION('',(0.,0.658504607869,0.752576694707));
#6933 = ORIENTED_EDGE('',*,*,#6934,.T.);
#6934 = EDGE_CURVE('',#6927,#6935,#6937,.T.);
#6935 = VERTEX_POINT('',#6936);
#6936 = CARTESIAN_POINT('',(0.65,1.,0.873988949953));
#6937 = LINE('',#6938,#6939);
#6938 = CARTESIAN_POINT('',(0.65,1.,1.13));
#6939 = VECTOR('',#6940,1.);
#6940 = DIRECTION('',(0.,6.123031769112E-17,-1.));
#6941 = ORIENTED_EDGE('',*,*,#6942,.T.);
#6942 = EDGE_CURVE('',#6935,#6943,#6945,.T.);
#6943 = VERTEX_POINT('',#6944);
#6944 = CARTESIAN_POINT('',(0.65,0.99330699074,0.879142217349));
#6945 = CIRCLE('',#6946,0.2);
#6946 = AXIS2_PLACEMENT_3D('',#6947,#6948,#6949);
#6947 = CARTESIAN_POINT('',(0.65,0.87466718313,0.718131049879));
#6948 = DIRECTION('',(1.,0.,0.));
#6949 = DIRECTION('',(-0.,0.988715504225,0.149805379428));
#6950 = ORIENTED_EDGE('',*,*,#6951,.T.);
#6951 = EDGE_CURVE('',#6943,#6952,#6954,.T.);
#6952 = VERTEX_POINT('',#6953);
#6953 = CARTESIAN_POINT('',(0.65,0.989501892653,0.881945973835));
#6954 = LINE('',#6955,#6956);
#6955 = CARTESIAN_POINT('',(0.65,0.99330699074,0.879142217349));
#6956 = VECTOR('',#6957,1.);
#6957 = DIRECTION('',(0.,-0.805055837353,0.59319903805));
#6958 = ORIENTED_EDGE('',*,*,#6959,.T.);
#6959 = EDGE_CURVE('',#6952,#6925,#6960,.T.);
#6960 = CIRCLE('',#6961,0.12);
#6961 = AXIS2_PLACEMENT_3D('',#6962,#6963,#6964);
#6962 = CARTESIAN_POINT('',(0.65,1.060685777219,0.978552674317));
#6963 = DIRECTION('',(-1.,0.,0.));
#6964 = DIRECTION('',(-0.,-0.59319903805,-0.805055837353));
#6965 = PLANE('',#6966);
#6966 = AXIS2_PLACEMENT_3D('',#6967,#6968,#6969);
#6967 = CARTESIAN_POINT('',(0.65,1.9,1.13));
#6968 = DIRECTION('',(1.,0.,-0.));
#6969 = DIRECTION('',(0.,0.,1.));
#6970 = ADVANCED_FACE('',(#6971),#6987,.F.);
#6971 = FACE_BOUND('',#6972,.F.);
#6972 = EDGE_LOOP('',(#6973,#6979,#6980,#6986));
#6973 = ORIENTED_EDGE('',*,*,#6974,.F.);
#6974 = EDGE_CURVE('',#6902,#6943,#6975,.T.);
#6975 = LINE('',#6976,#6977);
#6976 = CARTESIAN_POINT('',(0.85,0.99330699074,0.879142217349));
#6977 = VECTOR('',#6978,1.);
#6978 = DIRECTION('',(-1.,0.,0.));
#6979 = ORIENTED_EDGE('',*,*,#6909,.F.);
#6980 = ORIENTED_EDGE('',*,*,#6981,.F.);
#6981 = EDGE_CURVE('',#6935,#6877,#6982,.T.);
#6982 = LINE('',#6983,#6984);
#6983 = CARTESIAN_POINT('',(0.85,1.,0.873988949953));
#6984 = VECTOR('',#6985,1.);
#6985 = DIRECTION('',(1.,-0.,-0.));
#6986 = ORIENTED_EDGE('',*,*,#6942,.T.);
#6987 = CYLINDRICAL_SURFACE('',#6988,0.2);
#6988 = AXIS2_PLACEMENT_3D('',#6989,#6990,#6991);
#6989 = CARTESIAN_POINT('',(0.85,0.87466718313,0.718131049879));
#6990 = DIRECTION('',(-1.,0.,0.));
#6991 = DIRECTION('',(0.,0.,-1.));
#6992 = ADVANCED_FACE('',(#6993),#7004,.F.);
#6993 = FACE_BOUND('',#6994,.T.);
#6994 = EDGE_LOOP('',(#6995,#6996,#6997,#6998));
#6995 = ORIENTED_EDGE('',*,*,#6951,.F.);
#6996 = ORIENTED_EDGE('',*,*,#6974,.F.);
#6997 = ORIENTED_EDGE('',*,*,#6901,.T.);
#6998 = ORIENTED_EDGE('',*,*,#6999,.T.);
#6999 = EDGE_CURVE('',#6893,#6952,#7000,.T.);
#7000 = LINE('',#7001,#7002);
#7001 = CARTESIAN_POINT('',(0.85,0.989501892653,0.881945973835));
#7002 = VECTOR('',#7003,1.);
#7003 = DIRECTION('',(-1.,0.,0.));
#7004 = PLANE('',#7005);
#7005 = AXIS2_PLACEMENT_3D('',#7006,#7007,#7008);
#7006 = CARTESIAN_POINT('',(0.85,0.99330699074,0.879142217349));
#7007 = DIRECTION('',(0.,0.59319903805,0.805055837353));
#7008 = DIRECTION('',(0.,0.805055837353,-0.59319903805));
#7009 = ADVANCED_FACE('',(#7010),#7021,.T.);
#7010 = FACE_BOUND('',#7011,.T.);
#7011 = EDGE_LOOP('',(#7012,#7013,#7014,#7015));
#7012 = ORIENTED_EDGE('',*,*,#6959,.F.);
#7013 = ORIENTED_EDGE('',*,*,#6999,.F.);
#7014 = ORIENTED_EDGE('',*,*,#6892,.T.);
#7015 = ORIENTED_EDGE('',*,*,#7016,.T.);
#7016 = EDGE_CURVE('',#6885,#6925,#7017,.T.);
#7017 = LINE('',#7018,#7019);
#7018 = CARTESIAN_POINT('',(0.85,0.970376573854,1.057573227262));
#7019 = VECTOR('',#7020,1.);
#7020 = DIRECTION('',(-1.,0.,0.));
#7021 = CYLINDRICAL_SURFACE('',#7022,0.12);
#7022 = AXIS2_PLACEMENT_3D('',#7023,#7024,#7025);
#7023 = CARTESIAN_POINT('',(0.85,1.060685777219,0.978552674317));
#7024 = DIRECTION('',(-1.,0.,0.));
#7025 = DIRECTION('',(0.,0.,-1.));
#7026 = ADVANCED_FACE('',(#7027),#7038,.F.);
#7027 = FACE_BOUND('',#7028,.T.);
#7028 = EDGE_LOOP('',(#7029,#7030,#7036,#7037));
#7029 = ORIENTED_EDGE('',*,*,#6884,.T.);
#7030 = ORIENTED_EDGE('',*,*,#7031,.T.);
#7031 = EDGE_CURVE('',#6875,#6927,#7032,.T.);
#7032 = LINE('',#7033,#7034);
#7033 = CARTESIAN_POINT('',(0.85,1.,1.091428571429));
#7034 = VECTOR('',#7035,1.);
#7035 = DIRECTION('',(-1.,-3.061515884556E-17,-3.498875296635E-17));
#7036 = ORIENTED_EDGE('',*,*,#6924,.F.);
#7037 = ORIENTED_EDGE('',*,*,#7016,.F.);
#7038 = PLANE('',#7039);
#7039 = AXIS2_PLACEMENT_3D('',#7040,#7041,#7042);
#7040 = CARTESIAN_POINT('',(0.85,0.970376573854,1.057573227262));
#7041 = DIRECTION('',(0.,0.752576694707,-0.658504607869));
#7042 = DIRECTION('',(0.,-0.658504607869,-0.752576694707));
#7043 = ADVANCED_FACE('',(#7044),#7078,.F.);
#7044 = FACE_BOUND('',#7045,.T.);
#7045 = EDGE_LOOP('',(#7046,#7056,#7064,#7072));
#7046 = ORIENTED_EDGE('',*,*,#7047,.T.);
#7047 = EDGE_CURVE('',#7048,#7050,#7052,.T.);
#7048 = VERTEX_POINT('',#7049);
#7049 = CARTESIAN_POINT('',(1.15,-1.9,1.35));
#7050 = VERTEX_POINT('',#7051);
#7051 = CARTESIAN_POINT('',(1.15,-2.,1.35));
#7052 = LINE('',#7053,#7054);
#7053 = CARTESIAN_POINT('',(1.15,-1.9,1.35));
#7054 = VECTOR('',#7055,1.);
#7055 = DIRECTION('',(0.,-1.,0.));
#7056 = ORIENTED_EDGE('',*,*,#7057,.F.);
#7057 = EDGE_CURVE('',#7058,#7050,#7060,.T.);
#7058 = VERTEX_POINT('',#7059);
#7059 = CARTESIAN_POINT('',(1.35,-2.,1.35));
#7060 = LINE('',#7061,#7062);
#7061 = CARTESIAN_POINT('',(1.35,-2.,1.35));
#7062 = VECTOR('',#7063,1.);
#7063 = DIRECTION('',(-1.,0.,0.));
#7064 = ORIENTED_EDGE('',*,*,#7065,.F.);
#7065 = EDGE_CURVE('',#7066,#7058,#7068,.T.);
#7066 = VERTEX_POINT('',#7067);
#7067 = CARTESIAN_POINT('',(1.35,-1.9,1.35));
#7068 = LINE('',#7069,#7070);
#7069 = CARTESIAN_POINT('',(1.35,-1.9,1.35));
#7070 = VECTOR('',#7071,1.);
#7071 = DIRECTION('',(0.,-1.,0.));
#7072 = ORIENTED_EDGE('',*,*,#7073,.T.);
#7073 = EDGE_CURVE('',#7066,#7048,#7074,.T.);
#7074 = LINE('',#7075,#7076);
#7075 = CARTESIAN_POINT('',(1.35,-1.9,1.35));
#7076 = VECTOR('',#7077,1.);
#7077 = DIRECTION('',(-1.,0.,0.));
#7078 = PLANE('',#7079);
#7079 = AXIS2_PLACEMENT_3D('',#7080,#7081,#7082);
#7080 = CARTESIAN_POINT('',(1.35,-1.9,1.35));
#7081 = DIRECTION('',(0.,0.,-1.));
#7082 = DIRECTION('',(0.,1.,0.));
#7083 = ADVANCED_FACE('',(#7084),#7111,.T.);
#7084 = FACE_BOUND('',#7085,.T.);
#7085 = EDGE_LOOP('',(#7086,#7096,#7103,#7104));
#7086 = ORIENTED_EDGE('',*,*,#7087,.F.);
#7087 = EDGE_CURVE('',#7088,#7090,#7092,.T.);
#7088 = VERTEX_POINT('',#7089);
#7089 = CARTESIAN_POINT('',(1.35,-1.760357599562,1.3));
#7090 = VERTEX_POINT('',#7091);
#7091 = CARTESIAN_POINT('',(1.35,-2.139642400438,1.3));
#7092 = LINE('',#7093,#7094);
#7093 = CARTESIAN_POINT('',(1.35,-1.9,1.3));
#7094 = VECTOR('',#7095,1.);
#7095 = DIRECTION('',(0.,-1.,0.));
#7096 = ORIENTED_EDGE('',*,*,#7097,.T.);
#7097 = EDGE_CURVE('',#7088,#7066,#7098,.T.);
#7098 = CIRCLE('',#7099,0.22);
#7099 = AXIS2_PLACEMENT_3D('',#7100,#7101,#7102);
#7100 = CARTESIAN_POINT('',(1.35,-1.9,1.13));
#7101 = DIRECTION('',(1.,0.,0.));
#7102 = DIRECTION('',(-0.,1.,0.));
#7103 = ORIENTED_EDGE('',*,*,#7065,.T.);
#7104 = ORIENTED_EDGE('',*,*,#7105,.T.);
#7105 = EDGE_CURVE('',#7058,#7090,#7106,.T.);
#7106 = CIRCLE('',#7107,0.22);
#7107 = AXIS2_PLACEMENT_3D('',#7108,#7109,#7110);
#7108 = CARTESIAN_POINT('',(1.35,-2.,1.13));
#7109 = DIRECTION('',(1.,0.,-0.));
#7110 = DIRECTION('',(0.,0.,1.));
#7111 = PLANE('',#7112);
#7112 = AXIS2_PLACEMENT_3D('',#7113,#7114,#7115);
#7113 = CARTESIAN_POINT('',(1.35,-1.9,1.13));
#7114 = DIRECTION('',(1.,0.,-0.));
#7115 = DIRECTION('',(0.,0.,1.));
#7116 = ADVANCED_FACE('',(#7117),#7144,.F.);
#7117 = FACE_BOUND('',#7118,.T.);
#7118 = EDGE_LOOP('',(#7119,#7128,#7136,#7143));
#7119 = ORIENTED_EDGE('',*,*,#7120,.F.);
#7120 = EDGE_CURVE('',#7121,#7048,#7123,.T.);
#7121 = VERTEX_POINT('',#7122);
#7122 = CARTESIAN_POINT('',(1.15,-1.760357599562,1.3));
#7123 = CIRCLE('',#7124,0.22);
#7124 = AXIS2_PLACEMENT_3D('',#7125,#7126,#7127);
#7125 = CARTESIAN_POINT('',(1.15,-1.9,1.13));
#7126 = DIRECTION('',(1.,0.,0.));
#7127 = DIRECTION('',(-0.,1.,0.));
#7128 = ORIENTED_EDGE('',*,*,#7129,.T.);
#7129 = EDGE_CURVE('',#7121,#7130,#7132,.T.);
#7130 = VERTEX_POINT('',#7131);
#7131 = CARTESIAN_POINT('',(1.15,-2.139642400438,1.3));
#7132 = LINE('',#7133,#7134);
#7133 = CARTESIAN_POINT('',(1.15,-1.9,1.3));
#7134 = VECTOR('',#7135,1.);
#7135 = DIRECTION('',(0.,-1.,0.));
#7136 = ORIENTED_EDGE('',*,*,#7137,.F.);
#7137 = EDGE_CURVE('',#7050,#7130,#7138,.T.);
#7138 = CIRCLE('',#7139,0.22);
#7139 = AXIS2_PLACEMENT_3D('',#7140,#7141,#7142);
#7140 = CARTESIAN_POINT('',(1.15,-2.,1.13));
#7141 = DIRECTION('',(1.,0.,-0.));
#7142 = DIRECTION('',(0.,0.,1.));
#7143 = ORIENTED_EDGE('',*,*,#7047,.F.);
#7144 = PLANE('',#7145);
#7145 = AXIS2_PLACEMENT_3D('',#7146,#7147,#7148);
#7146 = CARTESIAN_POINT('',(1.15,-1.9,1.13));
#7147 = DIRECTION('',(1.,0.,-0.));
#7148 = DIRECTION('',(0.,0.,1.));
#7149 = ADVANCED_FACE('',(#7150),#7161,.T.);
#7150 = FACE_BOUND('',#7151,.T.);
#7151 = EDGE_LOOP('',(#7152,#7153,#7159,#7160));
#7152 = ORIENTED_EDGE('',*,*,#7137,.T.);
#7153 = ORIENTED_EDGE('',*,*,#7154,.T.);
#7154 = EDGE_CURVE('',#7130,#7090,#7155,.T.);
#7155 = LINE('',#7156,#7157);
#7156 = CARTESIAN_POINT('',(1.35,-2.139642400438,1.3));
#7157 = VECTOR('',#7158,1.);
#7158 = DIRECTION('',(1.,-0.,-0.));
#7159 = ORIENTED_EDGE('',*,*,#7105,.F.);
#7160 = ORIENTED_EDGE('',*,*,#7057,.T.);
#7161 = CYLINDRICAL_SURFACE('',#7162,0.22);
#7162 = AXIS2_PLACEMENT_3D('',#7163,#7164,#7165);
#7163 = CARTESIAN_POINT('',(1.35,-2.,1.13));
#7164 = DIRECTION('',(-1.,0.,0.));
#7165 = DIRECTION('',(0.,0.,-1.));
#7166 = ADVANCED_FACE('',(#7167),#7178,.T.);
#7167 = FACE_BOUND('',#7168,.T.);
#7168 = EDGE_LOOP('',(#7169,#7170,#7176,#7177));
#7169 = ORIENTED_EDGE('',*,*,#7097,.F.);
#7170 = ORIENTED_EDGE('',*,*,#7171,.T.);
#7171 = EDGE_CURVE('',#7088,#7121,#7172,.T.);
#7172 = LINE('',#7173,#7174);
#7173 = CARTESIAN_POINT('',(1.35,-1.760357599562,1.3));
#7174 = VECTOR('',#7175,1.);
#7175 = DIRECTION('',(-1.,0.,0.));
#7176 = ORIENTED_EDGE('',*,*,#7120,.T.);
#7177 = ORIENTED_EDGE('',*,*,#7073,.F.);
#7178 = CYLINDRICAL_SURFACE('',#7179,0.22);
#7179 = AXIS2_PLACEMENT_3D('',#7180,#7181,#7182);
#7180 = CARTESIAN_POINT('',(1.35,-1.9,1.13));
#7181 = DIRECTION('',(-1.,0.,0.));
#7182 = DIRECTION('',(0.,0.,-1.));
#7183 = ADVANCED_FACE('',(#7184),#7218,.F.);
#7184 = FACE_BOUND('',#7185,.T.);
#7185 = EDGE_LOOP('',(#7186,#7196,#7204,#7212));
#7186 = ORIENTED_EDGE('',*,*,#7187,.T.);
#7187 = EDGE_CURVE('',#7188,#7190,#7192,.T.);
#7188 = VERTEX_POINT('',#7189);
#7189 = CARTESIAN_POINT('',(1.15,-2.9,0.12));
#7190 = VERTEX_POINT('',#7191);
#7191 = CARTESIAN_POINT('',(1.15,-2.9,-1.212951180468E-15));
#7192 = LINE('',#7193,#7194);
#7193 = CARTESIAN_POINT('',(1.15,-2.9,0.12));
#7194 = VECTOR('',#7195,1.);
#7195 = DIRECTION('',(0.,-6.123031769112E-17,-1.));
#7196 = ORIENTED_EDGE('',*,*,#7197,.F.);
#7197 = EDGE_CURVE('',#7198,#7190,#7200,.T.);
#7198 = VERTEX_POINT('',#7199);
#7199 = CARTESIAN_POINT('',(1.35,-2.9,-1.212951180468E-15));
#7200 = LINE('',#7201,#7202);
#7201 = CARTESIAN_POINT('',(1.35,-2.9,-1.212951180468E-15));
#7202 = VECTOR('',#7203,1.);
#7203 = DIRECTION('',(-1.,0.,0.));
#7204 = ORIENTED_EDGE('',*,*,#7205,.F.);
#7205 = EDGE_CURVE('',#7206,#7198,#7208,.T.);
#7206 = VERTEX_POINT('',#7207);
#7207 = CARTESIAN_POINT('',(1.35,-2.9,0.12));
#7208 = LINE('',#7209,#7210);
#7209 = CARTESIAN_POINT('',(1.35,-2.9,0.12));
#7210 = VECTOR('',#7211,1.);
#7211 = DIRECTION('',(0.,-6.123031769112E-17,-1.));
#7212 = ORIENTED_EDGE('',*,*,#7213,.T.);
#7213 = EDGE_CURVE('',#7206,#7188,#7214,.T.);
#7214 = LINE('',#7215,#7216);
#7215 = CARTESIAN_POINT('',(1.35,-2.9,0.12));
#7216 = VECTOR('',#7217,1.);
#7217 = DIRECTION('',(-1.,0.,0.));
#7218 = PLANE('',#7219);
#7219 = AXIS2_PLACEMENT_3D('',#7220,#7221,#7222);
#7220 = CARTESIAN_POINT('',(1.35,-2.9,0.12));
#7221 = DIRECTION('',(0.,1.,-6.123031769112E-17));
#7222 = DIRECTION('',(0.,6.123031769112E-17,1.));
#7223 = ADVANCED_FACE('',(#7224),#7249,.F.);
#7224 = FACE_BOUND('',#7225,.T.);
#7225 = EDGE_LOOP('',(#7226,#7234,#7242,#7248));
#7226 = ORIENTED_EDGE('',*,*,#7227,.T.);
#7227 = EDGE_CURVE('',#7190,#7228,#7230,.T.);
#7228 = VERTEX_POINT('',#7229);
#7229 = CARTESIAN_POINT('',(1.15,-2.32,8.809142651445E-17));
#7230 = LINE('',#7231,#7232);
#7231 = CARTESIAN_POINT('',(1.15,-2.9,8.809142651445E-17));
#7232 = VECTOR('',#7233,1.);
#7233 = DIRECTION('',(0.,1.,0.));
#7234 = ORIENTED_EDGE('',*,*,#7235,.F.);
#7235 = EDGE_CURVE('',#7236,#7228,#7238,.T.);
#7236 = VERTEX_POINT('',#7237);
#7237 = CARTESIAN_POINT('',(1.35,-2.32,8.809142651445E-17));
#7238 = LINE('',#7239,#7240);
#7239 = CARTESIAN_POINT('',(1.35,-2.32,8.809142651445E-17));
#7240 = VECTOR('',#7241,1.);
#7241 = DIRECTION('',(-1.,0.,0.));
#7242 = ORIENTED_EDGE('',*,*,#7243,.F.);
#7243 = EDGE_CURVE('',#7198,#7236,#7244,.T.);
#7244 = LINE('',#7245,#7246);
#7245 = CARTESIAN_POINT('',(1.35,-2.9,8.809142651445E-17));
#7246 = VECTOR('',#7247,1.);
#7247 = DIRECTION('',(0.,1.,0.));
#7248 = ORIENTED_EDGE('',*,*,#7197,.T.);
#7249 = PLANE('',#7250);
#7250 = AXIS2_PLACEMENT_3D('',#7251,#7252,#7253);
#7251 = CARTESIAN_POINT('',(1.35,-2.9,8.809142651445E-17));
#7252 = DIRECTION('',(0.,0.,1.));
#7253 = DIRECTION('',(0.,-1.,0.));
#7254 = ADVANCED_FACE('',(#7255),#7290,.T.);
#7255 = FACE_BOUND('',#7256,.T.);
#7256 = EDGE_LOOP('',(#7257,#7267,#7275,#7281,#7282,#7283));
#7257 = ORIENTED_EDGE('',*,*,#7258,.F.);
#7258 = EDGE_CURVE('',#7259,#7261,#7263,.T.);
#7259 = VERTEX_POINT('',#7260);
#7260 = CARTESIAN_POINT('',(1.35,-2.4,5.E-02));
#7261 = VERTEX_POINT('',#7262);
#7262 = CARTESIAN_POINT('',(1.35,-2.180357599562,5.E-02));
#7263 = LINE('',#7264,#7265);
#7264 = CARTESIAN_POINT('',(1.35,-1.9,5.E-02));
#7265 = VECTOR('',#7266,1.);
#7266 = DIRECTION('',(0.,1.,0.));
#7267 = ORIENTED_EDGE('',*,*,#7268,.F.);
#7268 = EDGE_CURVE('',#7269,#7259,#7271,.T.);
#7269 = VERTEX_POINT('',#7270);
#7270 = CARTESIAN_POINT('',(1.35,-2.4,0.12));
#7271 = LINE('',#7272,#7273);
#7272 = CARTESIAN_POINT('',(1.35,-2.4,1.13));
#7273 = VECTOR('',#7274,1.);
#7274 = DIRECTION('',(0.,-6.123031769112E-17,-1.));
#7275 = ORIENTED_EDGE('',*,*,#7276,.T.);
#7276 = EDGE_CURVE('',#7269,#7206,#7277,.T.);
#7277 = LINE('',#7278,#7279);
#7278 = CARTESIAN_POINT('',(1.35,-2.32,0.12));
#7279 = VECTOR('',#7280,1.);
#7280 = DIRECTION('',(0.,-1.,0.));
#7281 = ORIENTED_EDGE('',*,*,#7205,.T.);
#7282 = ORIENTED_EDGE('',*,*,#7243,.T.);
#7283 = ORIENTED_EDGE('',*,*,#7284,.T.);
#7284 = EDGE_CURVE('',#7236,#7261,#7285,.T.);
#7285 = CIRCLE('',#7286,0.22);
#7286 = AXIS2_PLACEMENT_3D('',#7287,#7288,#7289);
#7287 = CARTESIAN_POINT('',(1.35,-2.32,0.22));
#7288 = DIRECTION('',(1.,0.,0.));
#7289 = DIRECTION('',(0.,0.,-1.));
#7290 = PLANE('',#7291);
#7291 = AXIS2_PLACEMENT_3D('',#7292,#7293,#7294);
#7292 = CARTESIAN_POINT('',(1.35,-1.9,1.13));
#7293 = DIRECTION('',(1.,0.,-0.));
#7294 = DIRECTION('',(0.,0.,1.));
#7295 = ADVANCED_FACE('',(#7296),#7331,.F.);
#7296 = FACE_BOUND('',#7297,.T.);
#7297 = EDGE_LOOP('',(#7298,#7308,#7316,#7323,#7324,#7325));
#7298 = ORIENTED_EDGE('',*,*,#7299,.T.);
#7299 = EDGE_CURVE('',#7300,#7302,#7304,.T.);
#7300 = VERTEX_POINT('',#7301);
#7301 = CARTESIAN_POINT('',(1.15,-2.4,0.12));
#7302 = VERTEX_POINT('',#7303);
#7303 = CARTESIAN_POINT('',(1.15,-2.4,5.E-02));
#7304 = LINE('',#7305,#7306);
#7305 = CARTESIAN_POINT('',(1.15,-2.4,1.13));
#7306 = VECTOR('',#7307,1.);
#7307 = DIRECTION('',(0.,-6.123031769112E-17,-1.));
#7308 = ORIENTED_EDGE('',*,*,#7309,.T.);
#7309 = EDGE_CURVE('',#7302,#7310,#7312,.T.);
#7310 = VERTEX_POINT('',#7311);
#7311 = CARTESIAN_POINT('',(1.15,-2.180357599562,5.E-02));
#7312 = LINE('',#7313,#7314);
#7313 = CARTESIAN_POINT('',(1.15,-1.9,5.E-02));
#7314 = VECTOR('',#7315,1.);
#7315 = DIRECTION('',(0.,1.,0.));
#7316 = ORIENTED_EDGE('',*,*,#7317,.F.);
#7317 = EDGE_CURVE('',#7228,#7310,#7318,.T.);
#7318 = CIRCLE('',#7319,0.22);
#7319 = AXIS2_PLACEMENT_3D('',#7320,#7321,#7322);
#7320 = CARTESIAN_POINT('',(1.15,-2.32,0.22));
#7321 = DIRECTION('',(1.,0.,0.));
#7322 = DIRECTION('',(0.,0.,-1.));
#7323 = ORIENTED_EDGE('',*,*,#7227,.F.);
#7324 = ORIENTED_EDGE('',*,*,#7187,.F.);
#7325 = ORIENTED_EDGE('',*,*,#7326,.F.);
#7326 = EDGE_CURVE('',#7300,#7188,#7327,.T.);
#7327 = LINE('',#7328,#7329);
#7328 = CARTESIAN_POINT('',(1.15,-2.32,0.12));
#7329 = VECTOR('',#7330,1.);
#7330 = DIRECTION('',(0.,-1.,0.));
#7331 = PLANE('',#7332);
#7332 = AXIS2_PLACEMENT_3D('',#7333,#7334,#7335);
#7333 = CARTESIAN_POINT('',(1.15,-1.9,1.13));
#7334 = DIRECTION('',(1.,0.,-0.));
#7335 = DIRECTION('',(0.,0.,1.));
#7336 = ADVANCED_FACE('',(#7337),#7348,.T.);
#7337 = FACE_BOUND('',#7338,.T.);
#7338 = EDGE_LOOP('',(#7339,#7340,#7346,#7347));
#7339 = ORIENTED_EDGE('',*,*,#7317,.T.);
#7340 = ORIENTED_EDGE('',*,*,#7341,.T.);
#7341 = EDGE_CURVE('',#7310,#7261,#7342,.T.);
#7342 = LINE('',#7343,#7344);
#7343 = CARTESIAN_POINT('',(1.35,-2.180357599562,5.E-02));
#7344 = VECTOR('',#7345,1.);
#7345 = DIRECTION('',(1.,-0.,-0.));
#7346 = ORIENTED_EDGE('',*,*,#7284,.F.);
#7347 = ORIENTED_EDGE('',*,*,#7235,.T.);
#7348 = CYLINDRICAL_SURFACE('',#7349,0.22);
#7349 = AXIS2_PLACEMENT_3D('',#7350,#7351,#7352);
#7350 = CARTESIAN_POINT('',(1.35,-2.32,0.22));
#7351 = DIRECTION('',(-1.,0.,0.));
#7352 = DIRECTION('',(0.,0.,-1.));
#7353 = ADVANCED_FACE('',(#7354),#7365,.F.);
#7354 = FACE_BOUND('',#7355,.T.);
#7355 = EDGE_LOOP('',(#7356,#7357,#7363,#7364));
#7356 = ORIENTED_EDGE('',*,*,#7276,.F.);
#7357 = ORIENTED_EDGE('',*,*,#7358,.T.);
#7358 = EDGE_CURVE('',#7269,#7300,#7359,.T.);
#7359 = LINE('',#7360,#7361);
#7360 = CARTESIAN_POINT('',(1.35,-2.4,0.12));
#7361 = VECTOR('',#7362,1.);
#7362 = DIRECTION('',(-1.,3.061515884556E-17,0.));
#7363 = ORIENTED_EDGE('',*,*,#7326,.T.);
#7364 = ORIENTED_EDGE('',*,*,#7213,.F.);
#7365 = PLANE('',#7366);
#7366 = AXIS2_PLACEMENT_3D('',#7367,#7368,#7369);
#7367 = CARTESIAN_POINT('',(1.35,-2.32,0.12));
#7368 = DIRECTION('',(0.,0.,-1.));
#7369 = DIRECTION('',(0.,1.,0.));
#7370 = ADVANCED_FACE('',(#7371),#7415,.T.);
#7371 = FACE_BOUND('',#7372,.T.);
#7372 = EDGE_LOOP('',(#7373,#7383,#7392,#7400,#7409));
#7373 = ORIENTED_EDGE('',*,*,#7374,.F.);
#7374 = EDGE_CURVE('',#7375,#7377,#7379,.T.);
#7375 = VERTEX_POINT('',#7376);
#7376 = CARTESIAN_POINT('',(1.35,-1.,0.873988949953));
#7377 = VERTEX_POINT('',#7378);
#7378 = CARTESIAN_POINT('',(1.35,-1.,1.091428571429));
#7379 = LINE('',#7380,#7381);
#7380 = CARTESIAN_POINT('',(1.35,-1.,1.13));
#7381 = VECTOR('',#7382,1.);
#7382 = DIRECTION('',(0.,6.123031769112E-17,1.));
#7383 = ORIENTED_EDGE('',*,*,#7384,.T.);
#7384 = EDGE_CURVE('',#7375,#7385,#7387,.T.);
#7385 = VERTEX_POINT('',#7386);
#7386 = CARTESIAN_POINT('',(1.35,-0.99330699074,0.879142217349));
#7387 = CIRCLE('',#7388,0.2);
#7388 = AXIS2_PLACEMENT_3D('',#7389,#7390,#7391);
#7389 = CARTESIAN_POINT('',(1.35,-0.87466718313,0.718131049879));
#7390 = DIRECTION('',(-1.,0.,0.));
#7391 = DIRECTION('',(0.,-0.988715504225,0.149805379428));
#7392 = ORIENTED_EDGE('',*,*,#7393,.T.);
#7393 = EDGE_CURVE('',#7385,#7394,#7396,.T.);
#7394 = VERTEX_POINT('',#7395);
#7395 = CARTESIAN_POINT('',(1.35,-0.989501892653,0.881945973835));
#7396 = LINE('',#7397,#7398);
#7397 = CARTESIAN_POINT('',(1.35,-0.99330699074,0.879142217349));
#7398 = VECTOR('',#7399,1.);
#7399 = DIRECTION('',(0.,0.805055837353,0.59319903805));
#7400 = ORIENTED_EDGE('',*,*,#7401,.T.);
#7401 = EDGE_CURVE('',#7394,#7402,#7404,.T.);
#7402 = VERTEX_POINT('',#7403);
#7403 = CARTESIAN_POINT('',(1.35,-0.970376573854,1.057573227262));
#7404 = CIRCLE('',#7405,0.12);
#7405 = AXIS2_PLACEMENT_3D('',#7406,#7407,#7408);
#7406 = CARTESIAN_POINT('',(1.35,-1.060685777219,0.978552674317));
#7407 = DIRECTION('',(1.,0.,0.));
#7408 = DIRECTION('',(0.,0.59319903805,-0.805055837353));
#7409 = ORIENTED_EDGE('',*,*,#7410,.T.);
#7410 = EDGE_CURVE('',#7402,#7377,#7411,.T.);
#7411 = LINE('',#7412,#7413);
#7412 = CARTESIAN_POINT('',(1.35,-0.970376573854,1.057573227262));
#7413 = VECTOR('',#7414,1.);
#7414 = DIRECTION('',(0.,-0.658504607869,0.752576694707));
#7415 = PLANE('',#7416);
#7416 = AXIS2_PLACEMENT_3D('',#7417,#7418,#7419);
#7417 = CARTESIAN_POINT('',(1.35,-1.9,1.13));
#7418 = DIRECTION('',(1.,0.,-0.));
#7419 = DIRECTION('',(0.,0.,1.));
#7420 = ADVANCED_FACE('',(#7421),#7465,.F.);
#7421 = FACE_BOUND('',#7422,.T.);
#7422 = EDGE_LOOP('',(#7423,#7434,#7442,#7450,#7459));
#7423 = ORIENTED_EDGE('',*,*,#7424,.F.);
#7424 = EDGE_CURVE('',#7425,#7427,#7429,.T.);
#7425 = VERTEX_POINT('',#7426);
#7426 = CARTESIAN_POINT('',(1.15,-1.,0.873988949953));
#7427 = VERTEX_POINT('',#7428);
#7428 = CARTESIAN_POINT('',(1.15,-0.99330699074,0.879142217349));
#7429 = CIRCLE('',#7430,0.2);
#7430 = AXIS2_PLACEMENT_3D('',#7431,#7432,#7433);
#7431 = CARTESIAN_POINT('',(1.15,-0.87466718313,0.718131049879));
#7432 = DIRECTION('',(-1.,0.,0.));
#7433 = DIRECTION('',(0.,-0.988715504225,0.149805379428));
#7434 = ORIENTED_EDGE('',*,*,#7435,.T.);
#7435 = EDGE_CURVE('',#7425,#7436,#7438,.T.);
#7436 = VERTEX_POINT('',#7437);
#7437 = CARTESIAN_POINT('',(1.15,-1.,1.091428571429));
#7438 = LINE('',#7439,#7440);
#7439 = CARTESIAN_POINT('',(1.15,-1.,1.13));
#7440 = VECTOR('',#7441,1.);
#7441 = DIRECTION('',(0.,6.123031769112E-17,1.));
#7442 = ORIENTED_EDGE('',*,*,#7443,.F.);
#7443 = EDGE_CURVE('',#7444,#7436,#7446,.T.);
#7444 = VERTEX_POINT('',#7445);
#7445 = CARTESIAN_POINT('',(1.15,-0.970376573854,1.057573227262));
#7446 = LINE('',#7447,#7448);
#7447 = CARTESIAN_POINT('',(1.15,-0.970376573854,1.057573227262));
#7448 = VECTOR('',#7449,1.);
#7449 = DIRECTION('',(0.,-0.658504607869,0.752576694707));
#7450 = ORIENTED_EDGE('',*,*,#7451,.F.);
#7451 = EDGE_CURVE('',#7452,#7444,#7454,.T.);
#7452 = VERTEX_POINT('',#7453);
#7453 = CARTESIAN_POINT('',(1.15,-0.989501892653,0.881945973835));
#7454 = CIRCLE('',#7455,0.12);
#7455 = AXIS2_PLACEMENT_3D('',#7456,#7457,#7458);
#7456 = CARTESIAN_POINT('',(1.15,-1.060685777219,0.978552674317));
#7457 = DIRECTION('',(1.,0.,0.));
#7458 = DIRECTION('',(0.,0.59319903805,-0.805055837353));
#7459 = ORIENTED_EDGE('',*,*,#7460,.F.);
#7460 = EDGE_CURVE('',#7427,#7452,#7461,.T.);
#7461 = LINE('',#7462,#7463);
#7462 = CARTESIAN_POINT('',(1.15,-0.99330699074,0.879142217349));
#7463 = VECTOR('',#7464,1.);
#7464 = DIRECTION('',(0.,0.805055837353,0.59319903805));
#7465 = PLANE('',#7466);
#7466 = AXIS2_PLACEMENT_3D('',#7467,#7468,#7469);
#7467 = CARTESIAN_POINT('',(1.15,-1.9,1.13));
#7468 = DIRECTION('',(1.,0.,-0.));
#7469 = DIRECTION('',(0.,0.,1.));
#7470 = ADVANCED_FACE('',(#7471),#7487,.F.);
#7471 = FACE_BOUND('',#7472,.F.);
#7472 = EDGE_LOOP('',(#7473,#7479,#7480,#7486));
#7473 = ORIENTED_EDGE('',*,*,#7474,.T.);
#7474 = EDGE_CURVE('',#7385,#7427,#7475,.T.);
#7475 = LINE('',#7476,#7477);
#7476 = CARTESIAN_POINT('',(1.35,-0.99330699074,0.879142217349));
#7477 = VECTOR('',#7478,1.);
#7478 = DIRECTION('',(-1.,0.,0.));
#7479 = ORIENTED_EDGE('',*,*,#7424,.F.);
#7480 = ORIENTED_EDGE('',*,*,#7481,.F.);
#7481 = EDGE_CURVE('',#7375,#7425,#7482,.T.);
#7482 = LINE('',#7483,#7484);
#7483 = CARTESIAN_POINT('',(1.35,-1.,0.873988949953));
#7484 = VECTOR('',#7485,1.);
#7485 = DIRECTION('',(-1.,0.,0.));
#7486 = ORIENTED_EDGE('',*,*,#7384,.T.);
#7487 = CYLINDRICAL_SURFACE('',#7488,0.2);
#7488 = AXIS2_PLACEMENT_3D('',#7489,#7490,#7491);
#7489 = CARTESIAN_POINT('',(1.35,-0.87466718313,0.718131049879));
#7490 = DIRECTION('',(-1.,0.,0.));
#7491 = DIRECTION('',(0.,0.,-1.));
#7492 = ADVANCED_FACE('',(#7493),#7504,.F.);
#7493 = FACE_BOUND('',#7494,.T.);
#7494 = EDGE_LOOP('',(#7495,#7496,#7502,#7503));
#7495 = ORIENTED_EDGE('',*,*,#7460,.T.);
#7496 = ORIENTED_EDGE('',*,*,#7497,.F.);
#7497 = EDGE_CURVE('',#7394,#7452,#7498,.T.);
#7498 = LINE('',#7499,#7500);
#7499 = CARTESIAN_POINT('',(1.35,-0.989501892653,0.881945973835));
#7500 = VECTOR('',#7501,1.);
#7501 = DIRECTION('',(-1.,0.,0.));
#7502 = ORIENTED_EDGE('',*,*,#7393,.F.);
#7503 = ORIENTED_EDGE('',*,*,#7474,.T.);
#7504 = PLANE('',#7505);
#7505 = AXIS2_PLACEMENT_3D('',#7506,#7507,#7508);
#7506 = CARTESIAN_POINT('',(1.35,-0.99330699074,0.879142217349));
#7507 = DIRECTION('',(0.,-0.59319903805,0.805055837353));
#7508 = DIRECTION('',(0.,-0.805055837353,-0.59319903805));
#7509 = ADVANCED_FACE('',(#7510),#7521,.T.);
#7510 = FACE_BOUND('',#7511,.T.);
#7511 = EDGE_LOOP('',(#7512,#7513,#7519,#7520));
#7512 = ORIENTED_EDGE('',*,*,#7451,.T.);
#7513 = ORIENTED_EDGE('',*,*,#7514,.F.);
#7514 = EDGE_CURVE('',#7402,#7444,#7515,.T.);
#7515 = LINE('',#7516,#7517);
#7516 = CARTESIAN_POINT('',(1.35,-0.970376573854,1.057573227262));
#7517 = VECTOR('',#7518,1.);
#7518 = DIRECTION('',(-1.,0.,0.));
#7519 = ORIENTED_EDGE('',*,*,#7401,.F.);
#7520 = ORIENTED_EDGE('',*,*,#7497,.T.);
#7521 = CYLINDRICAL_SURFACE('',#7522,0.12);
#7522 = AXIS2_PLACEMENT_3D('',#7523,#7524,#7525);
#7523 = CARTESIAN_POINT('',(1.35,-1.060685777219,0.978552674317));
#7524 = DIRECTION('',(-1.,0.,0.));
#7525 = DIRECTION('',(0.,0.,-1.));
#7526 = ADVANCED_FACE('',(#7527),#7538,.F.);
#7527 = FACE_BOUND('',#7528,.T.);
#7528 = EDGE_LOOP('',(#7529,#7530,#7536,#7537));
#7529 = ORIENTED_EDGE('',*,*,#7443,.T.);
#7530 = ORIENTED_EDGE('',*,*,#7531,.T.);
#7531 = EDGE_CURVE('',#7436,#7377,#7532,.T.);
#7532 = LINE('',#7533,#7534);
#7533 = CARTESIAN_POINT('',(1.35,-1.,1.091428571429));
#7534 = VECTOR('',#7535,1.);
#7535 = DIRECTION('',(1.,-3.061515884556E-17,3.498875296635E-17));
#7536 = ORIENTED_EDGE('',*,*,#7410,.F.);
#7537 = ORIENTED_EDGE('',*,*,#7514,.T.);
#7538 = PLANE('',#7539);
#7539 = AXIS2_PLACEMENT_3D('',#7540,#7541,#7542);
#7540 = CARTESIAN_POINT('',(1.35,-0.970376573854,1.057573227262));
#7541 = DIRECTION('',(0.,-0.752576694707,-0.658504607869));
#7542 = DIRECTION('',(0.,0.658504607869,-0.752576694707));
#7543 = ADVANCED_FACE('',(#7544),#7578,.F.);
#7544 = FACE_BOUND('',#7545,.T.);
#7545 = EDGE_LOOP('',(#7546,#7556,#7564,#7572));
#7546 = ORIENTED_EDGE('',*,*,#7547,.F.);
#7547 = EDGE_CURVE('',#7548,#7550,#7552,.T.);
#7548 = VERTEX_POINT('',#7549);
#7549 = CARTESIAN_POINT('',(1.15,1.9,1.35));
#7550 = VERTEX_POINT('',#7551);
#7551 = CARTESIAN_POINT('',(1.15,2.,1.35));
#7552 = LINE('',#7553,#7554);
#7553 = CARTESIAN_POINT('',(1.15,1.9,1.35));
#7554 = VECTOR('',#7555,1.);
#7555 = DIRECTION('',(0.,1.,0.));
#7556 = ORIENTED_EDGE('',*,*,#7557,.F.);
#7557 = EDGE_CURVE('',#7558,#7548,#7560,.T.);
#7558 = VERTEX_POINT('',#7559);
#7559 = CARTESIAN_POINT('',(1.35,1.9,1.35));
#7560 = LINE('',#7561,#7562);
#7561 = CARTESIAN_POINT('',(1.35,1.9,1.35));
#7562 = VECTOR('',#7563,1.);
#7563 = DIRECTION('',(-1.,0.,0.));
#7564 = ORIENTED_EDGE('',*,*,#7565,.T.);
#7565 = EDGE_CURVE('',#7558,#7566,#7568,.T.);
#7566 = VERTEX_POINT('',#7567);
#7567 = CARTESIAN_POINT('',(1.35,2.,1.35));
#7568 = LINE('',#7569,#7570);
#7569 = CARTESIAN_POINT('',(1.35,1.9,1.35));
#7570 = VECTOR('',#7571,1.);
#7571 = DIRECTION('',(0.,1.,0.));
#7572 = ORIENTED_EDGE('',*,*,#7573,.T.);
#7573 = EDGE_CURVE('',#7566,#7550,#7574,.T.);
#7574 = LINE('',#7575,#7576);
#7575 = CARTESIAN_POINT('',(1.35,2.,1.35));
#7576 = VECTOR('',#7577,1.);
#7577 = DIRECTION('',(-1.,0.,0.));
#7578 = PLANE('',#7579);
#7579 = AXIS2_PLACEMENT_3D('',#7580,#7581,#7582);
#7580 = CARTESIAN_POINT('',(1.35,1.9,1.35));
#7581 = DIRECTION('',(0.,0.,-1.));
#7582 = DIRECTION('',(0.,-1.,0.));
#7583 = ADVANCED_FACE('',(#7584),#7611,.F.);
#7584 = FACE_BOUND('',#7585,.T.);
#7585 = EDGE_LOOP('',(#7586,#7595,#7603,#7610));
#7586 = ORIENTED_EDGE('',*,*,#7587,.T.);
#7587 = EDGE_CURVE('',#7550,#7588,#7590,.T.);
#7588 = VERTEX_POINT('',#7589);
#7589 = CARTESIAN_POINT('',(1.15,2.139642400438,1.3));
#7590 = CIRCLE('',#7591,0.22);
#7591 = AXIS2_PLACEMENT_3D('',#7592,#7593,#7594);
#7592 = CARTESIAN_POINT('',(1.15,2.,1.13));
#7593 = DIRECTION('',(-1.,0.,0.));
#7594 = DIRECTION('',(0.,0.,1.));
#7595 = ORIENTED_EDGE('',*,*,#7596,.T.);
#7596 = EDGE_CURVE('',#7588,#7597,#7599,.T.);
#7597 = VERTEX_POINT('',#7598);
#7598 = CARTESIAN_POINT('',(1.15,1.760357599562,1.3));
#7599 = LINE('',#7600,#7601);
#7600 = CARTESIAN_POINT('',(1.15,1.9,1.3));
#7601 = VECTOR('',#7602,1.);
#7602 = DIRECTION('',(0.,-1.,0.));
#7603 = ORIENTED_EDGE('',*,*,#7604,.T.);
#7604 = EDGE_CURVE('',#7597,#7548,#7605,.T.);
#7605 = CIRCLE('',#7606,0.22);
#7606 = AXIS2_PLACEMENT_3D('',#7607,#7608,#7609);
#7607 = CARTESIAN_POINT('',(1.15,1.9,1.13));
#7608 = DIRECTION('',(-1.,0.,0.));
#7609 = DIRECTION('',(0.,-1.,0.));
#7610 = ORIENTED_EDGE('',*,*,#7547,.T.);
#7611 = PLANE('',#7612);
#7612 = AXIS2_PLACEMENT_3D('',#7613,#7614,#7615);
#7613 = CARTESIAN_POINT('',(1.15,1.9,1.13));
#7614 = DIRECTION('',(1.,0.,-0.));
#7615 = DIRECTION('',(0.,0.,1.));
#7616 = ADVANCED_FACE('',(#7617),#7644,.T.);
#7617 = FACE_BOUND('',#7618,.T.);
#7618 = EDGE_LOOP('',(#7619,#7629,#7636,#7637));
#7619 = ORIENTED_EDGE('',*,*,#7620,.F.);
#7620 = EDGE_CURVE('',#7621,#7623,#7625,.T.);
#7621 = VERTEX_POINT('',#7622);
#7622 = CARTESIAN_POINT('',(1.35,2.139642400438,1.3));
#7623 = VERTEX_POINT('',#7624);
#7624 = CARTESIAN_POINT('',(1.35,1.760357599562,1.3));
#7625 = LINE('',#7626,#7627);
#7626 = CARTESIAN_POINT('',(1.35,1.9,1.3));
#7627 = VECTOR('',#7628,1.);
#7628 = DIRECTION('',(0.,-1.,0.));
#7629 = ORIENTED_EDGE('',*,*,#7630,.F.);
#7630 = EDGE_CURVE('',#7566,#7621,#7631,.T.);
#7631 = CIRCLE('',#7632,0.22);
#7632 = AXIS2_PLACEMENT_3D('',#7633,#7634,#7635);
#7633 = CARTESIAN_POINT('',(1.35,2.,1.13));
#7634 = DIRECTION('',(-1.,0.,0.));
#7635 = DIRECTION('',(0.,0.,1.));
#7636 = ORIENTED_EDGE('',*,*,#7565,.F.);
#7637 = ORIENTED_EDGE('',*,*,#7638,.F.);
#7638 = EDGE_CURVE('',#7623,#7558,#7639,.T.);
#7639 = CIRCLE('',#7640,0.22);
#7640 = AXIS2_PLACEMENT_3D('',#7641,#7642,#7643);
#7641 = CARTESIAN_POINT('',(1.35,1.9,1.13));
#7642 = DIRECTION('',(-1.,0.,0.));
#7643 = DIRECTION('',(0.,-1.,0.));
#7644 = PLANE('',#7645);
#7645 = AXIS2_PLACEMENT_3D('',#7646,#7647,#7648);
#7646 = CARTESIAN_POINT('',(1.35,1.9,1.13));
#7647 = DIRECTION('',(1.,0.,-0.));
#7648 = DIRECTION('',(0.,0.,1.));
#7649 = ADVANCED_FACE('',(#7650),#7661,.T.);
#7650 = FACE_BOUND('',#7651,.T.);
#7651 = EDGE_LOOP('',(#7652,#7653,#7659,#7660));
#7652 = ORIENTED_EDGE('',*,*,#7630,.T.);
#7653 = ORIENTED_EDGE('',*,*,#7654,.T.);
#7654 = EDGE_CURVE('',#7621,#7588,#7655,.T.);
#7655 = LINE('',#7656,#7657);
#7656 = CARTESIAN_POINT('',(1.35,2.139642400438,1.3));
#7657 = VECTOR('',#7658,1.);
#7658 = DIRECTION('',(-1.,0.,0.));
#7659 = ORIENTED_EDGE('',*,*,#7587,.F.);
#7660 = ORIENTED_EDGE('',*,*,#7573,.F.);
#7661 = CYLINDRICAL_SURFACE('',#7662,0.22);
#7662 = AXIS2_PLACEMENT_3D('',#7663,#7664,#7665);
#7663 = CARTESIAN_POINT('',(1.35,2.,1.13));
#7664 = DIRECTION('',(-1.,0.,0.));
#7665 = DIRECTION('',(0.,0.,-1.));
#7666 = ADVANCED_FACE('',(#7667),#7678,.T.);
#7667 = FACE_BOUND('',#7668,.T.);
#7668 = EDGE_LOOP('',(#7669,#7670,#7676,#7677));
#7669 = ORIENTED_EDGE('',*,*,#7604,.F.);
#7670 = ORIENTED_EDGE('',*,*,#7671,.T.);
#7671 = EDGE_CURVE('',#7597,#7623,#7672,.T.);
#7672 = LINE('',#7673,#7674);
#7673 = CARTESIAN_POINT('',(1.35,1.760357599562,1.3));
#7674 = VECTOR('',#7675,1.);
#7675 = DIRECTION('',(1.,-0.,-0.));
#7676 = ORIENTED_EDGE('',*,*,#7638,.T.);
#7677 = ORIENTED_EDGE('',*,*,#7557,.T.);
#7678 = CYLINDRICAL_SURFACE('',#7679,0.22);
#7679 = AXIS2_PLACEMENT_3D('',#7680,#7681,#7682);
#7680 = CARTESIAN_POINT('',(1.35,1.9,1.13));
#7681 = DIRECTION('',(-1.,0.,0.));
#7682 = DIRECTION('',(0.,0.,-1.));
#7683 = ADVANCED_FACE('',(#7684),#7718,.F.);
#7684 = FACE_BOUND('',#7685,.T.);
#7685 = EDGE_LOOP('',(#7686,#7696,#7704,#7712));
#7686 = ORIENTED_EDGE('',*,*,#7687,.F.);
#7687 = EDGE_CURVE('',#7688,#7690,#7692,.T.);
#7688 = VERTEX_POINT('',#7689);
#7689 = CARTESIAN_POINT('',(1.15,2.9,-1.212951180468E-15));
#7690 = VERTEX_POINT('',#7691);
#7691 = CARTESIAN_POINT('',(1.15,2.32,8.809142651445E-17));
#7692 = LINE('',#7693,#7694);
#7693 = CARTESIAN_POINT('',(1.15,2.9,8.809142651445E-17));
#7694 = VECTOR('',#7695,1.);
#7695 = DIRECTION('',(0.,-1.,0.));
#7696 = ORIENTED_EDGE('',*,*,#7697,.F.);
#7697 = EDGE_CURVE('',#7698,#7688,#7700,.T.);
#7698 = VERTEX_POINT('',#7699);
#7699 = CARTESIAN_POINT('',(1.35,2.9,-1.212951180468E-15));
#7700 = LINE('',#7701,#7702);
#7701 = CARTESIAN_POINT('',(1.35,2.9,-1.212951180468E-15));
#7702 = VECTOR('',#7703,1.);
#7703 = DIRECTION('',(-1.,0.,0.));
#7704 = ORIENTED_EDGE('',*,*,#7705,.T.);
#7705 = EDGE_CURVE('',#7698,#7706,#7708,.T.);
#7706 = VERTEX_POINT('',#7707);
#7707 = CARTESIAN_POINT('',(1.35,2.32,8.809142651445E-17));
#7708 = LINE('',#7709,#7710);
#7709 = CARTESIAN_POINT('',(1.35,2.9,8.809142651445E-17));
#7710 = VECTOR('',#7711,1.);
#7711 = DIRECTION('',(0.,-1.,0.));
#7712 = ORIENTED_EDGE('',*,*,#7713,.T.);
#7713 = EDGE_CURVE('',#7706,#7690,#7714,.T.);
#7714 = LINE('',#7715,#7716);
#7715 = CARTESIAN_POINT('',(1.35,2.32,8.809142651445E-17));
#7716 = VECTOR('',#7717,1.);
#7717 = DIRECTION('',(-1.,0.,0.));
#7718 = PLANE('',#7719);
#7719 = AXIS2_PLACEMENT_3D('',#7720,#7721,#7722);
#7720 = CARTESIAN_POINT('',(1.35,2.9,8.809142651445E-17));
#7721 = DIRECTION('',(0.,-0.,1.));
#7722 = DIRECTION('',(0.,1.,0.));
#7723 = ADVANCED_FACE('',(#7724),#7749,.F.);
#7724 = FACE_BOUND('',#7725,.T.);
#7725 = EDGE_LOOP('',(#7726,#7734,#7742,#7748));
#7726 = ORIENTED_EDGE('',*,*,#7727,.F.);
#7727 = EDGE_CURVE('',#7728,#7688,#7730,.T.);
#7728 = VERTEX_POINT('',#7729);
#7729 = CARTESIAN_POINT('',(1.15,2.9,0.12));
#7730 = LINE('',#7731,#7732);
#7731 = CARTESIAN_POINT('',(1.15,2.9,0.12));
#7732 = VECTOR('',#7733,1.);
#7733 = DIRECTION('',(0.,6.123031769112E-17,-1.));
#7734 = ORIENTED_EDGE('',*,*,#7735,.F.);
#7735 = EDGE_CURVE('',#7736,#7728,#7738,.T.);
#7736 = VERTEX_POINT('',#7737);
#7737 = CARTESIAN_POINT('',(1.35,2.9,0.12));
#7738 = LINE('',#7739,#7740);
#7739 = CARTESIAN_POINT('',(1.35,2.9,0.12));
#7740 = VECTOR('',#7741,1.);
#7741 = DIRECTION('',(-1.,0.,0.));
#7742 = ORIENTED_EDGE('',*,*,#7743,.T.);
#7743 = EDGE_CURVE('',#7736,#7698,#7744,.T.);
#7744 = LINE('',#7745,#7746);
#7745 = CARTESIAN_POINT('',(1.35,2.9,0.12));
#7746 = VECTOR('',#7747,1.);
#7747 = DIRECTION('',(0.,6.123031769112E-17,-1.));
#7748 = ORIENTED_EDGE('',*,*,#7697,.T.);
#7749 = PLANE('',#7750);
#7750 = AXIS2_PLACEMENT_3D('',#7751,#7752,#7753);
#7751 = CARTESIAN_POINT('',(1.35,2.9,0.12));
#7752 = DIRECTION('',(0.,-1.,-6.123031769112E-17));
#7753 = DIRECTION('',(0.,-6.123031769112E-17,1.));
#7754 = ADVANCED_FACE('',(#7755),#7790,.F.);
#7755 = FACE_BOUND('',#7756,.T.);
#7756 = EDGE_LOOP('',(#7757,#7766,#7774,#7782,#7788,#7789));
#7757 = ORIENTED_EDGE('',*,*,#7758,.T.);
#7758 = EDGE_CURVE('',#7690,#7759,#7761,.T.);
#7759 = VERTEX_POINT('',#7760);
#7760 = CARTESIAN_POINT('',(1.15,2.180357599562,5.E-02));
#7761 = CIRCLE('',#7762,0.22);
#7762 = AXIS2_PLACEMENT_3D('',#7763,#7764,#7765);
#7763 = CARTESIAN_POINT('',(1.15,2.32,0.22));
#7764 = DIRECTION('',(-1.,0.,0.));
#7765 = DIRECTION('',(0.,0.,-1.));
#7766 = ORIENTED_EDGE('',*,*,#7767,.T.);
#7767 = EDGE_CURVE('',#7759,#7768,#7770,.T.);
#7768 = VERTEX_POINT('',#7769);
#7769 = CARTESIAN_POINT('',(1.15,2.4,5.E-02));
#7770 = LINE('',#7771,#7772);
#7771 = CARTESIAN_POINT('',(1.15,1.9,5.E-02));
#7772 = VECTOR('',#7773,1.);
#7773 = DIRECTION('',(0.,1.,0.));
#7774 = ORIENTED_EDGE('',*,*,#7775,.T.);
#7775 = EDGE_CURVE('',#7768,#7776,#7778,.T.);
#7776 = VERTEX_POINT('',#7777);
#7777 = CARTESIAN_POINT('',(1.15,2.4,0.12));
#7778 = LINE('',#7779,#7780);
#7779 = CARTESIAN_POINT('',(1.15,2.4,1.13));
#7780 = VECTOR('',#7781,1.);
#7781 = DIRECTION('',(0.,-6.123031769112E-17,1.));
#7782 = ORIENTED_EDGE('',*,*,#7783,.T.);
#7783 = EDGE_CURVE('',#7776,#7728,#7784,.T.);
#7784 = LINE('',#7785,#7786);
#7785 = CARTESIAN_POINT('',(1.15,2.32,0.12));
#7786 = VECTOR('',#7787,1.);
#7787 = DIRECTION('',(0.,1.,0.));
#7788 = ORIENTED_EDGE('',*,*,#7727,.T.);
#7789 = ORIENTED_EDGE('',*,*,#7687,.T.);
#7790 = PLANE('',#7791);
#7791 = AXIS2_PLACEMENT_3D('',#7792,#7793,#7794);
#7792 = CARTESIAN_POINT('',(1.15,1.9,1.13));
#7793 = DIRECTION('',(1.,0.,-0.));
#7794 = DIRECTION('',(0.,0.,1.));
#7795 = ADVANCED_FACE('',(#7796),#7831,.T.);
#7796 = FACE_BOUND('',#7797,.T.);
#7797 = EDGE_LOOP('',(#7798,#7808,#7815,#7816,#7817,#7825));
#7798 = ORIENTED_EDGE('',*,*,#7799,.F.);
#7799 = EDGE_CURVE('',#7800,#7802,#7804,.T.);
#7800 = VERTEX_POINT('',#7801);
#7801 = CARTESIAN_POINT('',(1.35,2.180357599562,5.E-02));
#7802 = VERTEX_POINT('',#7803);
#7803 = CARTESIAN_POINT('',(1.35,2.4,5.E-02));
#7804 = LINE('',#7805,#7806);
#7805 = CARTESIAN_POINT('',(1.35,1.9,5.E-02));
#7806 = VECTOR('',#7807,1.);
#7807 = DIRECTION('',(0.,1.,0.));
#7808 = ORIENTED_EDGE('',*,*,#7809,.F.);
#7809 = EDGE_CURVE('',#7706,#7800,#7810,.T.);
#7810 = CIRCLE('',#7811,0.22);
#7811 = AXIS2_PLACEMENT_3D('',#7812,#7813,#7814);
#7812 = CARTESIAN_POINT('',(1.35,2.32,0.22));
#7813 = DIRECTION('',(-1.,0.,0.));
#7814 = DIRECTION('',(0.,0.,-1.));
#7815 = ORIENTED_EDGE('',*,*,#7705,.F.);
#7816 = ORIENTED_EDGE('',*,*,#7743,.F.);
#7817 = ORIENTED_EDGE('',*,*,#7818,.F.);
#7818 = EDGE_CURVE('',#7819,#7736,#7821,.T.);
#7819 = VERTEX_POINT('',#7820);
#7820 = CARTESIAN_POINT('',(1.35,2.4,0.12));
#7821 = LINE('',#7822,#7823);
#7822 = CARTESIAN_POINT('',(1.35,2.32,0.12));
#7823 = VECTOR('',#7824,1.);
#7824 = DIRECTION('',(0.,1.,0.));
#7825 = ORIENTED_EDGE('',*,*,#7826,.F.);
#7826 = EDGE_CURVE('',#7802,#7819,#7827,.T.);
#7827 = LINE('',#7828,#7829);
#7828 = CARTESIAN_POINT('',(1.35,2.4,1.13));
#7829 = VECTOR('',#7830,1.);
#7830 = DIRECTION('',(0.,-6.123031769112E-17,1.));
#7831 = PLANE('',#7832);
#7832 = AXIS2_PLACEMENT_3D('',#7833,#7834,#7835);
#7833 = CARTESIAN_POINT('',(1.35,1.9,1.13));
#7834 = DIRECTION('',(1.,0.,-0.));
#7835 = DIRECTION('',(0.,0.,1.));
#7836 = ADVANCED_FACE('',(#7837),#7848,.T.);
#7837 = FACE_BOUND('',#7838,.T.);
#7838 = EDGE_LOOP('',(#7839,#7840,#7846,#7847));
#7839 = ORIENTED_EDGE('',*,*,#7809,.T.);
#7840 = ORIENTED_EDGE('',*,*,#7841,.T.);
#7841 = EDGE_CURVE('',#7800,#7759,#7842,.T.);
#7842 = LINE('',#7843,#7844);
#7843 = CARTESIAN_POINT('',(1.35,2.180357599562,5.E-02));
#7844 = VECTOR('',#7845,1.);
#7845 = DIRECTION('',(-1.,0.,0.));
#7846 = ORIENTED_EDGE('',*,*,#7758,.F.);
#7847 = ORIENTED_EDGE('',*,*,#7713,.F.);
#7848 = CYLINDRICAL_SURFACE('',#7849,0.22);
#7849 = AXIS2_PLACEMENT_3D('',#7850,#7851,#7852);
#7850 = CARTESIAN_POINT('',(1.35,2.32,0.22));
#7851 = DIRECTION('',(-1.,0.,0.));
#7852 = DIRECTION('',(0.,0.,-1.));
#7853 = ADVANCED_FACE('',(#7854),#7865,.F.);
#7854 = FACE_BOUND('',#7855,.T.);
#7855 = EDGE_LOOP('',(#7856,#7857,#7863,#7864));
#7856 = ORIENTED_EDGE('',*,*,#7783,.F.);
#7857 = ORIENTED_EDGE('',*,*,#7858,.T.);
#7858 = EDGE_CURVE('',#7776,#7819,#7859,.T.);
#7859 = LINE('',#7860,#7861);
#7860 = CARTESIAN_POINT('',(1.35,2.4,0.12));
#7861 = VECTOR('',#7862,1.);
#7862 = DIRECTION('',(1.,3.061515884556E-17,0.));
#7863 = ORIENTED_EDGE('',*,*,#7818,.T.);
#7864 = ORIENTED_EDGE('',*,*,#7735,.T.);
#7865 = PLANE('',#7866);
#7866 = AXIS2_PLACEMENT_3D('',#7867,#7868,#7869);
#7867 = CARTESIAN_POINT('',(1.35,2.32,0.12));
#7868 = DIRECTION('',(0.,0.,-1.));
#7869 = DIRECTION('',(0.,-1.,0.));
#7870 = ADVANCED_FACE('',(#7871),#7915,.T.);
#7871 = FACE_BOUND('',#7872,.T.);
#7872 = EDGE_LOOP('',(#7873,#7883,#7891,#7900,#7908));
#7873 = ORIENTED_EDGE('',*,*,#7874,.F.);
#7874 = EDGE_CURVE('',#7875,#7877,#7879,.T.);
#7875 = VERTEX_POINT('',#7876);
#7876 = CARTESIAN_POINT('',(1.35,1.,1.091428571429));
#7877 = VERTEX_POINT('',#7878);
#7878 = CARTESIAN_POINT('',(1.35,1.,0.873988949953));
#7879 = LINE('',#7880,#7881);
#7880 = CARTESIAN_POINT('',(1.35,1.,1.13));
#7881 = VECTOR('',#7882,1.);
#7882 = DIRECTION('',(0.,6.123031769112E-17,-1.));
#7883 = ORIENTED_EDGE('',*,*,#7884,.F.);
#7884 = EDGE_CURVE('',#7885,#7875,#7887,.T.);
#7885 = VERTEX_POINT('',#7886);
#7886 = CARTESIAN_POINT('',(1.35,0.970376573854,1.057573227262));
#7887 = LINE('',#7888,#7889);
#7888 = CARTESIAN_POINT('',(1.35,0.970376573854,1.057573227262));
#7889 = VECTOR('',#7890,1.);
#7890 = DIRECTION('',(0.,0.658504607869,0.752576694707));
#7891 = ORIENTED_EDGE('',*,*,#7892,.F.);
#7892 = EDGE_CURVE('',#7893,#7885,#7895,.T.);
#7893 = VERTEX_POINT('',#7894);
#7894 = CARTESIAN_POINT('',(1.35,0.989501892653,0.881945973835));
#7895 = CIRCLE('',#7896,0.12);
#7896 = AXIS2_PLACEMENT_3D('',#7897,#7898,#7899);
#7897 = CARTESIAN_POINT('',(1.35,1.060685777219,0.978552674317));
#7898 = DIRECTION('',(-1.,0.,0.));
#7899 = DIRECTION('',(-0.,-0.59319903805,-0.805055837353));
#7900 = ORIENTED_EDGE('',*,*,#7901,.F.);
#7901 = EDGE_CURVE('',#7902,#7893,#7904,.T.);
#7902 = VERTEX_POINT('',#7903);
#7903 = CARTESIAN_POINT('',(1.35,0.99330699074,0.879142217349));
#7904 = LINE('',#7905,#7906);
#7905 = CARTESIAN_POINT('',(1.35,0.99330699074,0.879142217349));
#7906 = VECTOR('',#7907,1.);
#7907 = DIRECTION('',(0.,-0.805055837353,0.59319903805));
#7908 = ORIENTED_EDGE('',*,*,#7909,.F.);
#7909 = EDGE_CURVE('',#7877,#7902,#7910,.T.);
#7910 = CIRCLE('',#7911,0.2);
#7911 = AXIS2_PLACEMENT_3D('',#7912,#7913,#7914);
#7912 = CARTESIAN_POINT('',(1.35,0.87466718313,0.718131049879));
#7913 = DIRECTION('',(1.,0.,0.));
#7914 = DIRECTION('',(-0.,0.988715504225,0.149805379428));
#7915 = PLANE('',#7916);
#7916 = AXIS2_PLACEMENT_3D('',#7917,#7918,#7919);
#7917 = CARTESIAN_POINT('',(1.35,1.9,1.13));
#7918 = DIRECTION('',(1.,0.,-0.));
#7919 = DIRECTION('',(0.,0.,1.));
#7920 = ADVANCED_FACE('',(#7921),#7965,.F.);
#7921 = FACE_BOUND('',#7922,.T.);
#7922 = EDGE_LOOP('',(#7923,#7933,#7941,#7950,#7958));
#7923 = ORIENTED_EDGE('',*,*,#7924,.T.);
#7924 = EDGE_CURVE('',#7925,#7927,#7929,.T.);
#7925 = VERTEX_POINT('',#7926);
#7926 = CARTESIAN_POINT('',(1.15,0.970376573854,1.057573227262));
#7927 = VERTEX_POINT('',#7928);
#7928 = CARTESIAN_POINT('',(1.15,1.,1.091428571429));
#7929 = LINE('',#7930,#7931);
#7930 = CARTESIAN_POINT('',(1.15,0.970376573854,1.057573227262));
#7931 = VECTOR('',#7932,1.);
#7932 = DIRECTION('',(0.,0.658504607869,0.752576694707));
#7933 = ORIENTED_EDGE('',*,*,#7934,.T.);
#7934 = EDGE_CURVE('',#7927,#7935,#7937,.T.);
#7935 = VERTEX_POINT('',#7936);
#7936 = CARTESIAN_POINT('',(1.15,1.,0.873988949953));
#7937 = LINE('',#7938,#7939);
#7938 = CARTESIAN_POINT('',(1.15,1.,1.13));
#7939 = VECTOR('',#7940,1.);
#7940 = DIRECTION('',(0.,6.123031769112E-17,-1.));
#7941 = ORIENTED_EDGE('',*,*,#7942,.T.);
#7942 = EDGE_CURVE('',#7935,#7943,#7945,.T.);
#7943 = VERTEX_POINT('',#7944);
#7944 = CARTESIAN_POINT('',(1.15,0.99330699074,0.879142217349));
#7945 = CIRCLE('',#7946,0.2);
#7946 = AXIS2_PLACEMENT_3D('',#7947,#7948,#7949);
#7947 = CARTESIAN_POINT('',(1.15,0.87466718313,0.718131049879));
#7948 = DIRECTION('',(1.,0.,0.));
#7949 = DIRECTION('',(-0.,0.988715504225,0.149805379428));
#7950 = ORIENTED_EDGE('',*,*,#7951,.T.);
#7951 = EDGE_CURVE('',#7943,#7952,#7954,.T.);
#7952 = VERTEX_POINT('',#7953);
#7953 = CARTESIAN_POINT('',(1.15,0.989501892653,0.881945973835));
#7954 = LINE('',#7955,#7956);
#7955 = CARTESIAN_POINT('',(1.15,0.99330699074,0.879142217349));
#7956 = VECTOR('',#7957,1.);
#7957 = DIRECTION('',(0.,-0.805055837353,0.59319903805));
#7958 = ORIENTED_EDGE('',*,*,#7959,.T.);
#7959 = EDGE_CURVE('',#7952,#7925,#7960,.T.);
#7960 = CIRCLE('',#7961,0.12);
#7961 = AXIS2_PLACEMENT_3D('',#7962,#7963,#7964);
#7962 = CARTESIAN_POINT('',(1.15,1.060685777219,0.978552674317));
#7963 = DIRECTION('',(-1.,0.,0.));
#7964 = DIRECTION('',(-0.,-0.59319903805,-0.805055837353));
#7965 = PLANE('',#7966);
#7966 = AXIS2_PLACEMENT_3D('',#7967,#7968,#7969);
#7967 = CARTESIAN_POINT('',(1.15,1.9,1.13));
#7968 = DIRECTION('',(1.,0.,-0.));
#7969 = DIRECTION('',(0.,0.,1.));
#7970 = ADVANCED_FACE('',(#7971),#7987,.F.);
#7971 = FACE_BOUND('',#7972,.F.);
#7972 = EDGE_LOOP('',(#7973,#7979,#7980,#7986));
#7973 = ORIENTED_EDGE('',*,*,#7974,.F.);
#7974 = EDGE_CURVE('',#7902,#7943,#7975,.T.);
#7975 = LINE('',#7976,#7977);
#7976 = CARTESIAN_POINT('',(1.35,0.99330699074,0.879142217349));
#7977 = VECTOR('',#7978,1.);
#7978 = DIRECTION('',(-1.,0.,0.));
#7979 = ORIENTED_EDGE('',*,*,#7909,.F.);
#7980 = ORIENTED_EDGE('',*,*,#7981,.F.);
#7981 = EDGE_CURVE('',#7935,#7877,#7982,.T.);
#7982 = LINE('',#7983,#7984);
#7983 = CARTESIAN_POINT('',(1.35,1.,0.873988949953));
#7984 = VECTOR('',#7985,1.);
#7985 = DIRECTION('',(1.,-0.,-0.));
#7986 = ORIENTED_EDGE('',*,*,#7942,.T.);
#7987 = CYLINDRICAL_SURFACE('',#7988,0.2);
#7988 = AXIS2_PLACEMENT_3D('',#7989,#7990,#7991);
#7989 = CARTESIAN_POINT('',(1.35,0.87466718313,0.718131049879));
#7990 = DIRECTION('',(-1.,0.,0.));
#7991 = DIRECTION('',(0.,0.,-1.));
#7992 = ADVANCED_FACE('',(#7993),#8004,.F.);
#7993 = FACE_BOUND('',#7994,.T.);
#7994 = EDGE_LOOP('',(#7995,#7996,#7997,#7998));
#7995 = ORIENTED_EDGE('',*,*,#7951,.F.);
#7996 = ORIENTED_EDGE('',*,*,#7974,.F.);
#7997 = ORIENTED_EDGE('',*,*,#7901,.T.);
#7998 = ORIENTED_EDGE('',*,*,#7999,.T.);
#7999 = EDGE_CURVE('',#7893,#7952,#8000,.T.);
#8000 = LINE('',#8001,#8002);
#8001 = CARTESIAN_POINT('',(1.35,0.989501892653,0.881945973835));
#8002 = VECTOR('',#8003,1.);
#8003 = DIRECTION('',(-1.,0.,0.));
#8004 = PLANE('',#8005);
#8005 = AXIS2_PLACEMENT_3D('',#8006,#8007,#8008);
#8006 = CARTESIAN_POINT('',(1.35,0.99330699074,0.879142217349));
#8007 = DIRECTION('',(0.,0.59319903805,0.805055837353));
#8008 = DIRECTION('',(0.,0.805055837353,-0.59319903805));
#8009 = ADVANCED_FACE('',(#8010),#8021,.T.);
#8010 = FACE_BOUND('',#8011,.T.);
#8011 = EDGE_LOOP('',(#8012,#8013,#8014,#8015));
#8012 = ORIENTED_EDGE('',*,*,#7959,.F.);
#8013 = ORIENTED_EDGE('',*,*,#7999,.F.);
#8014 = ORIENTED_EDGE('',*,*,#7892,.T.);
#8015 = ORIENTED_EDGE('',*,*,#8016,.T.);
#8016 = EDGE_CURVE('',#7885,#7925,#8017,.T.);
#8017 = LINE('',#8018,#8019);
#8018 = CARTESIAN_POINT('',(1.35,0.970376573854,1.057573227262));
#8019 = VECTOR('',#8020,1.);
#8020 = DIRECTION('',(-1.,0.,0.));
#8021 = CYLINDRICAL_SURFACE('',#8022,0.12);
#8022 = AXIS2_PLACEMENT_3D('',#8023,#8024,#8025);
#8023 = CARTESIAN_POINT('',(1.35,1.060685777219,0.978552674317));
#8024 = DIRECTION('',(-1.,0.,0.));
#8025 = DIRECTION('',(0.,0.,-1.));
#8026 = ADVANCED_FACE('',(#8027),#8038,.F.);
#8027 = FACE_BOUND('',#8028,.T.);
#8028 = EDGE_LOOP('',(#8029,#8030,#8036,#8037));
#8029 = ORIENTED_EDGE('',*,*,#7884,.T.);
#8030 = ORIENTED_EDGE('',*,*,#8031,.T.);
#8031 = EDGE_CURVE('',#7875,#7927,#8032,.T.);
#8032 = LINE('',#8033,#8034);
#8033 = CARTESIAN_POINT('',(1.35,1.,1.091428571429));
#8034 = VECTOR('',#8035,1.);
#8035 = DIRECTION('',(-1.,-3.061515884556E-17,-3.498875296635E-17));
#8036 = ORIENTED_EDGE('',*,*,#7924,.F.);
#8037 = ORIENTED_EDGE('',*,*,#8016,.F.);
#8038 = PLANE('',#8039);
#8039 = AXIS2_PLACEMENT_3D('',#8040,#8041,#8042);
#8040 = CARTESIAN_POINT('',(1.35,0.970376573854,1.057573227262));
#8041 = DIRECTION('',(0.,0.752576694707,-0.658504607869));
#8042 = DIRECTION('',(0.,-0.658504607869,-0.752576694707));
#8043 = ADVANCED_FACE('',(#8044),#8078,.F.);
#8044 = FACE_BOUND('',#8045,.T.);
#8045 = EDGE_LOOP('',(#8046,#8056,#8064,#8072));
#8046 = ORIENTED_EDGE('',*,*,#8047,.T.);
#8047 = EDGE_CURVE('',#8048,#8050,#8052,.T.);
#8048 = VERTEX_POINT('',#8049);
#8049 = CARTESIAN_POINT('',(1.65,-1.9,1.35));
#8050 = VERTEX_POINT('',#8051);
#8051 = CARTESIAN_POINT('',(1.65,-2.,1.35));
#8052 = LINE('',#8053,#8054);
#8053 = CARTESIAN_POINT('',(1.65,-1.9,1.35));
#8054 = VECTOR('',#8055,1.);
#8055 = DIRECTION('',(0.,-1.,0.));
#8056 = ORIENTED_EDGE('',*,*,#8057,.F.);
#8057 = EDGE_CURVE('',#8058,#8050,#8060,.T.);
#8058 = VERTEX_POINT('',#8059);
#8059 = CARTESIAN_POINT('',(1.85,-2.,1.35));
#8060 = LINE('',#8061,#8062);
#8061 = CARTESIAN_POINT('',(1.85,-2.,1.35));
#8062 = VECTOR('',#8063,1.);
#8063 = DIRECTION('',(-1.,0.,0.));
#8064 = ORIENTED_EDGE('',*,*,#8065,.F.);
#8065 = EDGE_CURVE('',#8066,#8058,#8068,.T.);
#8066 = VERTEX_POINT('',#8067);
#8067 = CARTESIAN_POINT('',(1.85,-1.9,1.35));
#8068 = LINE('',#8069,#8070);
#8069 = CARTESIAN_POINT('',(1.85,-1.9,1.35));
#8070 = VECTOR('',#8071,1.);
#8071 = DIRECTION('',(0.,-1.,0.));
#8072 = ORIENTED_EDGE('',*,*,#8073,.T.);
#8073 = EDGE_CURVE('',#8066,#8048,#8074,.T.);
#8074 = LINE('',#8075,#8076);
#8075 = CARTESIAN_POINT('',(1.85,-1.9,1.35));
#8076 = VECTOR('',#8077,1.);
#8077 = DIRECTION('',(-1.,0.,0.));
#8078 = PLANE('',#8079);
#8079 = AXIS2_PLACEMENT_3D('',#8080,#8081,#8082);
#8080 = CARTESIAN_POINT('',(1.85,-1.9,1.35));
#8081 = DIRECTION('',(0.,0.,-1.));
#8082 = DIRECTION('',(0.,1.,0.));
#8083 = ADVANCED_FACE('',(#8084),#8111,.T.);
#8084 = FACE_BOUND('',#8085,.T.);
#8085 = EDGE_LOOP('',(#8086,#8096,#8103,#8104));
#8086 = ORIENTED_EDGE('',*,*,#8087,.F.);
#8087 = EDGE_CURVE('',#8088,#8090,#8092,.T.);
#8088 = VERTEX_POINT('',#8089);
#8089 = CARTESIAN_POINT('',(1.85,-1.760357599562,1.3));
#8090 = VERTEX_POINT('',#8091);
#8091 = CARTESIAN_POINT('',(1.85,-2.139642400438,1.3));
#8092 = LINE('',#8093,#8094);
#8093 = CARTESIAN_POINT('',(1.85,-1.9,1.3));
#8094 = VECTOR('',#8095,1.);
#8095 = DIRECTION('',(0.,-1.,0.));
#8096 = ORIENTED_EDGE('',*,*,#8097,.T.);
#8097 = EDGE_CURVE('',#8088,#8066,#8098,.T.);
#8098 = CIRCLE('',#8099,0.22);
#8099 = AXIS2_PLACEMENT_3D('',#8100,#8101,#8102);
#8100 = CARTESIAN_POINT('',(1.85,-1.9,1.13));
#8101 = DIRECTION('',(1.,0.,0.));
#8102 = DIRECTION('',(-0.,1.,0.));
#8103 = ORIENTED_EDGE('',*,*,#8065,.T.);
#8104 = ORIENTED_EDGE('',*,*,#8105,.T.);
#8105 = EDGE_CURVE('',#8058,#8090,#8106,.T.);
#8106 = CIRCLE('',#8107,0.22);
#8107 = AXIS2_PLACEMENT_3D('',#8108,#8109,#8110);
#8108 = CARTESIAN_POINT('',(1.85,-2.,1.13));
#8109 = DIRECTION('',(1.,0.,-0.));
#8110 = DIRECTION('',(0.,0.,1.));
#8111 = PLANE('',#8112);
#8112 = AXIS2_PLACEMENT_3D('',#8113,#8114,#8115);
#8113 = CARTESIAN_POINT('',(1.85,-1.9,1.13));
#8114 = DIRECTION('',(1.,0.,-0.));
#8115 = DIRECTION('',(0.,0.,1.));
#8116 = ADVANCED_FACE('',(#8117),#8144,.F.);
#8117 = FACE_BOUND('',#8118,.T.);
#8118 = EDGE_LOOP('',(#8119,#8128,#8136,#8143));
#8119 = ORIENTED_EDGE('',*,*,#8120,.F.);
#8120 = EDGE_CURVE('',#8121,#8048,#8123,.T.);
#8121 = VERTEX_POINT('',#8122);
#8122 = CARTESIAN_POINT('',(1.65,-1.760357599562,1.3));
#8123 = CIRCLE('',#8124,0.22);
#8124 = AXIS2_PLACEMENT_3D('',#8125,#8126,#8127);
#8125 = CARTESIAN_POINT('',(1.65,-1.9,1.13));
#8126 = DIRECTION('',(1.,0.,0.));
#8127 = DIRECTION('',(-0.,1.,0.));
#8128 = ORIENTED_EDGE('',*,*,#8129,.T.);
#8129 = EDGE_CURVE('',#8121,#8130,#8132,.T.);
#8130 = VERTEX_POINT('',#8131);
#8131 = CARTESIAN_POINT('',(1.65,-2.139642400438,1.3));
#8132 = LINE('',#8133,#8134);
#8133 = CARTESIAN_POINT('',(1.65,-1.9,1.3));
#8134 = VECTOR('',#8135,1.);
#8135 = DIRECTION('',(0.,-1.,0.));
#8136 = ORIENTED_EDGE('',*,*,#8137,.F.);
#8137 = EDGE_CURVE('',#8050,#8130,#8138,.T.);
#8138 = CIRCLE('',#8139,0.22);
#8139 = AXIS2_PLACEMENT_3D('',#8140,#8141,#8142);
#8140 = CARTESIAN_POINT('',(1.65,-2.,1.13));
#8141 = DIRECTION('',(1.,0.,-0.));
#8142 = DIRECTION('',(0.,0.,1.));
#8143 = ORIENTED_EDGE('',*,*,#8047,.F.);
#8144 = PLANE('',#8145);
#8145 = AXIS2_PLACEMENT_3D('',#8146,#8147,#8148);
#8146 = CARTESIAN_POINT('',(1.65,-1.9,1.13));
#8147 = DIRECTION('',(1.,0.,-0.));
#8148 = DIRECTION('',(0.,0.,1.));
#8149 = ADVANCED_FACE('',(#8150),#8161,.T.);
#8150 = FACE_BOUND('',#8151,.T.);
#8151 = EDGE_LOOP('',(#8152,#8153,#8159,#8160));
#8152 = ORIENTED_EDGE('',*,*,#8137,.T.);
#8153 = ORIENTED_EDGE('',*,*,#8154,.T.);
#8154 = EDGE_CURVE('',#8130,#8090,#8155,.T.);
#8155 = LINE('',#8156,#8157);
#8156 = CARTESIAN_POINT('',(1.85,-2.139642400438,1.3));
#8157 = VECTOR('',#8158,1.);
#8158 = DIRECTION('',(1.,-0.,-0.));
#8159 = ORIENTED_EDGE('',*,*,#8105,.F.);
#8160 = ORIENTED_EDGE('',*,*,#8057,.T.);
#8161 = CYLINDRICAL_SURFACE('',#8162,0.22);
#8162 = AXIS2_PLACEMENT_3D('',#8163,#8164,#8165);
#8163 = CARTESIAN_POINT('',(1.85,-2.,1.13));
#8164 = DIRECTION('',(-1.,0.,0.));
#8165 = DIRECTION('',(0.,0.,-1.));
#8166 = ADVANCED_FACE('',(#8167),#8178,.T.);
#8167 = FACE_BOUND('',#8168,.T.);
#8168 = EDGE_LOOP('',(#8169,#8170,#8176,#8177));
#8169 = ORIENTED_EDGE('',*,*,#8097,.F.);
#8170 = ORIENTED_EDGE('',*,*,#8171,.T.);
#8171 = EDGE_CURVE('',#8088,#8121,#8172,.T.);
#8172 = LINE('',#8173,#8174);
#8173 = CARTESIAN_POINT('',(1.85,-1.760357599562,1.3));
#8174 = VECTOR('',#8175,1.);
#8175 = DIRECTION('',(-1.,0.,0.));
#8176 = ORIENTED_EDGE('',*,*,#8120,.T.);
#8177 = ORIENTED_EDGE('',*,*,#8073,.F.);
#8178 = CYLINDRICAL_SURFACE('',#8179,0.22);
#8179 = AXIS2_PLACEMENT_3D('',#8180,#8181,#8182);
#8180 = CARTESIAN_POINT('',(1.85,-1.9,1.13));
#8181 = DIRECTION('',(-1.,0.,0.));
#8182 = DIRECTION('',(0.,0.,-1.));
#8183 = ADVANCED_FACE('',(#8184),#8218,.F.);
#8184 = FACE_BOUND('',#8185,.T.);
#8185 = EDGE_LOOP('',(#8186,#8196,#8204,#8212));
#8186 = ORIENTED_EDGE('',*,*,#8187,.T.);
#8187 = EDGE_CURVE('',#8188,#8190,#8192,.T.);
#8188 = VERTEX_POINT('',#8189);
#8189 = CARTESIAN_POINT('',(1.65,-2.9,0.12));
#8190 = VERTEX_POINT('',#8191);
#8191 = CARTESIAN_POINT('',(1.65,-2.9,-1.212951180468E-15));
#8192 = LINE('',#8193,#8194);
#8193 = CARTESIAN_POINT('',(1.65,-2.9,0.12));
#8194 = VECTOR('',#8195,1.);
#8195 = DIRECTION('',(0.,-6.123031769112E-17,-1.));
#8196 = ORIENTED_EDGE('',*,*,#8197,.F.);
#8197 = EDGE_CURVE('',#8198,#8190,#8200,.T.);
#8198 = VERTEX_POINT('',#8199);
#8199 = CARTESIAN_POINT('',(1.85,-2.9,-1.212951180468E-15));
#8200 = LINE('',#8201,#8202);
#8201 = CARTESIAN_POINT('',(1.85,-2.9,-1.212951180468E-15));
#8202 = VECTOR('',#8203,1.);
#8203 = DIRECTION('',(-1.,0.,0.));
#8204 = ORIENTED_EDGE('',*,*,#8205,.F.);
#8205 = EDGE_CURVE('',#8206,#8198,#8208,.T.);
#8206 = VERTEX_POINT('',#8207);
#8207 = CARTESIAN_POINT('',(1.85,-2.9,0.12));
#8208 = LINE('',#8209,#8210);
#8209 = CARTESIAN_POINT('',(1.85,-2.9,0.12));
#8210 = VECTOR('',#8211,1.);
#8211 = DIRECTION('',(0.,-6.123031769112E-17,-1.));
#8212 = ORIENTED_EDGE('',*,*,#8213,.T.);
#8213 = EDGE_CURVE('',#8206,#8188,#8214,.T.);
#8214 = LINE('',#8215,#8216);
#8215 = CARTESIAN_POINT('',(1.85,-2.9,0.12));
#8216 = VECTOR('',#8217,1.);
#8217 = DIRECTION('',(-1.,0.,0.));
#8218 = PLANE('',#8219);
#8219 = AXIS2_PLACEMENT_3D('',#8220,#8221,#8222);
#8220 = CARTESIAN_POINT('',(1.85,-2.9,0.12));
#8221 = DIRECTION('',(0.,1.,-6.123031769112E-17));
#8222 = DIRECTION('',(0.,6.123031769112E-17,1.));
#8223 = ADVANCED_FACE('',(#8224),#8249,.F.);
#8224 = FACE_BOUND('',#8225,.T.);
#8225 = EDGE_LOOP('',(#8226,#8234,#8242,#8248));
#8226 = ORIENTED_EDGE('',*,*,#8227,.T.);
#8227 = EDGE_CURVE('',#8190,#8228,#8230,.T.);
#8228 = VERTEX_POINT('',#8229);
#8229 = CARTESIAN_POINT('',(1.65,-2.32,8.809142651445E-17));
#8230 = LINE('',#8231,#8232);
#8231 = CARTESIAN_POINT('',(1.65,-2.9,8.809142651445E-17));
#8232 = VECTOR('',#8233,1.);
#8233 = DIRECTION('',(0.,1.,0.));
#8234 = ORIENTED_EDGE('',*,*,#8235,.F.);
#8235 = EDGE_CURVE('',#8236,#8228,#8238,.T.);
#8236 = VERTEX_POINT('',#8237);
#8237 = CARTESIAN_POINT('',(1.85,-2.32,8.809142651445E-17));
#8238 = LINE('',#8239,#8240);
#8239 = CARTESIAN_POINT('',(1.85,-2.32,8.809142651445E-17));
#8240 = VECTOR('',#8241,1.);
#8241 = DIRECTION('',(-1.,0.,0.));
#8242 = ORIENTED_EDGE('',*,*,#8243,.F.);
#8243 = EDGE_CURVE('',#8198,#8236,#8244,.T.);
#8244 = LINE('',#8245,#8246);
#8245 = CARTESIAN_POINT('',(1.85,-2.9,8.809142651445E-17));
#8246 = VECTOR('',#8247,1.);
#8247 = DIRECTION('',(0.,1.,0.));
#8248 = ORIENTED_EDGE('',*,*,#8197,.T.);
#8249 = PLANE('',#8250);
#8250 = AXIS2_PLACEMENT_3D('',#8251,#8252,#8253);
#8251 = CARTESIAN_POINT('',(1.85,-2.9,8.809142651445E-17));
#8252 = DIRECTION('',(0.,0.,1.));
#8253 = DIRECTION('',(0.,-1.,0.));
#8254 = ADVANCED_FACE('',(#8255),#8290,.T.);
#8255 = FACE_BOUND('',#8256,.T.);
#8256 = EDGE_LOOP('',(#8257,#8267,#8275,#8281,#8282,#8283));
#8257 = ORIENTED_EDGE('',*,*,#8258,.F.);
#8258 = EDGE_CURVE('',#8259,#8261,#8263,.T.);
#8259 = VERTEX_POINT('',#8260);
#8260 = CARTESIAN_POINT('',(1.85,-2.4,5.E-02));
#8261 = VERTEX_POINT('',#8262);
#8262 = CARTESIAN_POINT('',(1.85,-2.180357599562,5.E-02));
#8263 = LINE('',#8264,#8265);
#8264 = CARTESIAN_POINT('',(1.85,-1.9,5.E-02));
#8265 = VECTOR('',#8266,1.);
#8266 = DIRECTION('',(0.,1.,0.));
#8267 = ORIENTED_EDGE('',*,*,#8268,.F.);
#8268 = EDGE_CURVE('',#8269,#8259,#8271,.T.);
#8269 = VERTEX_POINT('',#8270);
#8270 = CARTESIAN_POINT('',(1.85,-2.4,0.12));
#8271 = LINE('',#8272,#8273);
#8272 = CARTESIAN_POINT('',(1.85,-2.4,1.13));
#8273 = VECTOR('',#8274,1.);
#8274 = DIRECTION('',(0.,-6.123031769112E-17,-1.));
#8275 = ORIENTED_EDGE('',*,*,#8276,.T.);
#8276 = EDGE_CURVE('',#8269,#8206,#8277,.T.);
#8277 = LINE('',#8278,#8279);
#8278 = CARTESIAN_POINT('',(1.85,-2.32,0.12));
#8279 = VECTOR('',#8280,1.);
#8280 = DIRECTION('',(0.,-1.,0.));
#8281 = ORIENTED_EDGE('',*,*,#8205,.T.);
#8282 = ORIENTED_EDGE('',*,*,#8243,.T.);
#8283 = ORIENTED_EDGE('',*,*,#8284,.T.);
#8284 = EDGE_CURVE('',#8236,#8261,#8285,.T.);
#8285 = CIRCLE('',#8286,0.22);
#8286 = AXIS2_PLACEMENT_3D('',#8287,#8288,#8289);
#8287 = CARTESIAN_POINT('',(1.85,-2.32,0.22));
#8288 = DIRECTION('',(1.,0.,0.));
#8289 = DIRECTION('',(0.,0.,-1.));
#8290 = PLANE('',#8291);
#8291 = AXIS2_PLACEMENT_3D('',#8292,#8293,#8294);
#8292 = CARTESIAN_POINT('',(1.85,-1.9,1.13));
#8293 = DIRECTION('',(1.,0.,-0.));
#8294 = DIRECTION('',(0.,0.,1.));
#8295 = ADVANCED_FACE('',(#8296),#8331,.F.);
#8296 = FACE_BOUND('',#8297,.T.);
#8297 = EDGE_LOOP('',(#8298,#8308,#8316,#8323,#8324,#8325));
#8298 = ORIENTED_EDGE('',*,*,#8299,.T.);
#8299 = EDGE_CURVE('',#8300,#8302,#8304,.T.);
#8300 = VERTEX_POINT('',#8301);
#8301 = CARTESIAN_POINT('',(1.65,-2.4,0.12));
#8302 = VERTEX_POINT('',#8303);
#8303 = CARTESIAN_POINT('',(1.65,-2.4,5.E-02));
#8304 = LINE('',#8305,#8306);
#8305 = CARTESIAN_POINT('',(1.65,-2.4,1.13));
#8306 = VECTOR('',#8307,1.);
#8307 = DIRECTION('',(0.,-6.123031769112E-17,-1.));
#8308 = ORIENTED_EDGE('',*,*,#8309,.T.);
#8309 = EDGE_CURVE('',#8302,#8310,#8312,.T.);
#8310 = VERTEX_POINT('',#8311);
#8311 = CARTESIAN_POINT('',(1.65,-2.180357599562,5.E-02));
#8312 = LINE('',#8313,#8314);
#8313 = CARTESIAN_POINT('',(1.65,-1.9,5.E-02));
#8314 = VECTOR('',#8315,1.);
#8315 = DIRECTION('',(0.,1.,0.));
#8316 = ORIENTED_EDGE('',*,*,#8317,.F.);
#8317 = EDGE_CURVE('',#8228,#8310,#8318,.T.);
#8318 = CIRCLE('',#8319,0.22);
#8319 = AXIS2_PLACEMENT_3D('',#8320,#8321,#8322);
#8320 = CARTESIAN_POINT('',(1.65,-2.32,0.22));
#8321 = DIRECTION('',(1.,0.,0.));
#8322 = DIRECTION('',(0.,0.,-1.));
#8323 = ORIENTED_EDGE('',*,*,#8227,.F.);
#8324 = ORIENTED_EDGE('',*,*,#8187,.F.);
#8325 = ORIENTED_EDGE('',*,*,#8326,.F.);
#8326 = EDGE_CURVE('',#8300,#8188,#8327,.T.);
#8327 = LINE('',#8328,#8329);
#8328 = CARTESIAN_POINT('',(1.65,-2.32,0.12));
#8329 = VECTOR('',#8330,1.);
#8330 = DIRECTION('',(0.,-1.,0.));
#8331 = PLANE('',#8332);
#8332 = AXIS2_PLACEMENT_3D('',#8333,#8334,#8335);
#8333 = CARTESIAN_POINT('',(1.65,-1.9,1.13));
#8334 = DIRECTION('',(1.,0.,-0.));
#8335 = DIRECTION('',(0.,0.,1.));
#8336 = ADVANCED_FACE('',(#8337),#8348,.T.);
#8337 = FACE_BOUND('',#8338,.T.);
#8338 = EDGE_LOOP('',(#8339,#8340,#8346,#8347));
#8339 = ORIENTED_EDGE('',*,*,#8317,.T.);
#8340 = ORIENTED_EDGE('',*,*,#8341,.T.);
#8341 = EDGE_CURVE('',#8310,#8261,#8342,.T.);
#8342 = LINE('',#8343,#8344);
#8343 = CARTESIAN_POINT('',(1.85,-2.180357599562,5.E-02));
#8344 = VECTOR('',#8345,1.);
#8345 = DIRECTION('',(1.,-0.,-0.));
#8346 = ORIENTED_EDGE('',*,*,#8284,.F.);
#8347 = ORIENTED_EDGE('',*,*,#8235,.T.);
#8348 = CYLINDRICAL_SURFACE('',#8349,0.22);
#8349 = AXIS2_PLACEMENT_3D('',#8350,#8351,#8352);
#8350 = CARTESIAN_POINT('',(1.85,-2.32,0.22));
#8351 = DIRECTION('',(-1.,0.,0.));
#8352 = DIRECTION('',(0.,0.,-1.));
#8353 = ADVANCED_FACE('',(#8354),#8365,.F.);
#8354 = FACE_BOUND('',#8355,.T.);
#8355 = EDGE_LOOP('',(#8356,#8357,#8363,#8364));
#8356 = ORIENTED_EDGE('',*,*,#8276,.F.);
#8357 = ORIENTED_EDGE('',*,*,#8358,.T.);
#8358 = EDGE_CURVE('',#8269,#8300,#8359,.T.);
#8359 = LINE('',#8360,#8361);
#8360 = CARTESIAN_POINT('',(1.85,-2.4,0.12));
#8361 = VECTOR('',#8362,1.);
#8362 = DIRECTION('',(-1.,3.061515884556E-17,0.));
#8363 = ORIENTED_EDGE('',*,*,#8326,.T.);
#8364 = ORIENTED_EDGE('',*,*,#8213,.F.);
#8365 = PLANE('',#8366);
#8366 = AXIS2_PLACEMENT_3D('',#8367,#8368,#8369);
#8367 = CARTESIAN_POINT('',(1.85,-2.32,0.12));
#8368 = DIRECTION('',(0.,0.,-1.));
#8369 = DIRECTION('',(0.,1.,0.));
#8370 = ADVANCED_FACE('',(#8371),#8415,.T.);
#8371 = FACE_BOUND('',#8372,.T.);
#8372 = EDGE_LOOP('',(#8373,#8383,#8392,#8400,#8409));
#8373 = ORIENTED_EDGE('',*,*,#8374,.F.);
#8374 = EDGE_CURVE('',#8375,#8377,#8379,.T.);
#8375 = VERTEX_POINT('',#8376);
#8376 = CARTESIAN_POINT('',(1.85,-1.,0.873988949953));
#8377 = VERTEX_POINT('',#8378);
#8378 = CARTESIAN_POINT('',(1.85,-1.,1.091428571429));
#8379 = LINE('',#8380,#8381);
#8380 = CARTESIAN_POINT('',(1.85,-1.,1.13));
#8381 = VECTOR('',#8382,1.);
#8382 = DIRECTION('',(0.,6.123031769112E-17,1.));
#8383 = ORIENTED_EDGE('',*,*,#8384,.T.);
#8384 = EDGE_CURVE('',#8375,#8385,#8387,.T.);
#8385 = VERTEX_POINT('',#8386);
#8386 = CARTESIAN_POINT('',(1.85,-0.99330699074,0.879142217349));
#8387 = CIRCLE('',#8388,0.2);
#8388 = AXIS2_PLACEMENT_3D('',#8389,#8390,#8391);
#8389 = CARTESIAN_POINT('',(1.85,-0.87466718313,0.718131049879));
#8390 = DIRECTION('',(-1.,0.,0.));
#8391 = DIRECTION('',(0.,-0.988715504225,0.149805379428));
#8392 = ORIENTED_EDGE('',*,*,#8393,.T.);
#8393 = EDGE_CURVE('',#8385,#8394,#8396,.T.);
#8394 = VERTEX_POINT('',#8395);
#8395 = CARTESIAN_POINT('',(1.85,-0.989501892653,0.881945973835));
#8396 = LINE('',#8397,#8398);
#8397 = CARTESIAN_POINT('',(1.85,-0.99330699074,0.879142217349));
#8398 = VECTOR('',#8399,1.);
#8399 = DIRECTION('',(0.,0.805055837353,0.59319903805));
#8400 = ORIENTED_EDGE('',*,*,#8401,.T.);
#8401 = EDGE_CURVE('',#8394,#8402,#8404,.T.);
#8402 = VERTEX_POINT('',#8403);
#8403 = CARTESIAN_POINT('',(1.85,-0.970376573854,1.057573227262));
#8404 = CIRCLE('',#8405,0.12);
#8405 = AXIS2_PLACEMENT_3D('',#8406,#8407,#8408);
#8406 = CARTESIAN_POINT('',(1.85,-1.060685777219,0.978552674317));
#8407 = DIRECTION('',(1.,0.,0.));
#8408 = DIRECTION('',(0.,0.59319903805,-0.805055837353));
#8409 = ORIENTED_EDGE('',*,*,#8410,.T.);
#8410 = EDGE_CURVE('',#8402,#8377,#8411,.T.);
#8411 = LINE('',#8412,#8413);
#8412 = CARTESIAN_POINT('',(1.85,-0.970376573854,1.057573227262));
#8413 = VECTOR('',#8414,1.);
#8414 = DIRECTION('',(0.,-0.658504607869,0.752576694707));
#8415 = PLANE('',#8416);
#8416 = AXIS2_PLACEMENT_3D('',#8417,#8418,#8419);
#8417 = CARTESIAN_POINT('',(1.85,-1.9,1.13));
#8418 = DIRECTION('',(1.,0.,-0.));
#8419 = DIRECTION('',(0.,0.,1.));
#8420 = ADVANCED_FACE('',(#8421),#8465,.F.);
#8421 = FACE_BOUND('',#8422,.T.);
#8422 = EDGE_LOOP('',(#8423,#8434,#8442,#8450,#8459));
#8423 = ORIENTED_EDGE('',*,*,#8424,.F.);
#8424 = EDGE_CURVE('',#8425,#8427,#8429,.T.);
#8425 = VERTEX_POINT('',#8426);
#8426 = CARTESIAN_POINT('',(1.65,-1.,0.873988949953));
#8427 = VERTEX_POINT('',#8428);
#8428 = CARTESIAN_POINT('',(1.65,-0.99330699074,0.879142217349));
#8429 = CIRCLE('',#8430,0.2);
#8430 = AXIS2_PLACEMENT_3D('',#8431,#8432,#8433);
#8431 = CARTESIAN_POINT('',(1.65,-0.87466718313,0.718131049879));
#8432 = DIRECTION('',(-1.,0.,0.));
#8433 = DIRECTION('',(0.,-0.988715504225,0.149805379428));
#8434 = ORIENTED_EDGE('',*,*,#8435,.T.);
#8435 = EDGE_CURVE('',#8425,#8436,#8438,.T.);
#8436 = VERTEX_POINT('',#8437);
#8437 = CARTESIAN_POINT('',(1.65,-1.,1.091428571429));
#8438 = LINE('',#8439,#8440);
#8439 = CARTESIAN_POINT('',(1.65,-1.,1.13));
#8440 = VECTOR('',#8441,1.);
#8441 = DIRECTION('',(0.,6.123031769112E-17,1.));
#8442 = ORIENTED_EDGE('',*,*,#8443,.F.);
#8443 = EDGE_CURVE('',#8444,#8436,#8446,.T.);
#8444 = VERTEX_POINT('',#8445);
#8445 = CARTESIAN_POINT('',(1.65,-0.970376573854,1.057573227262));
#8446 = LINE('',#8447,#8448);
#8447 = CARTESIAN_POINT('',(1.65,-0.970376573854,1.057573227262));
#8448 = VECTOR('',#8449,1.);
#8449 = DIRECTION('',(0.,-0.658504607869,0.752576694707));
#8450 = ORIENTED_EDGE('',*,*,#8451,.F.);
#8451 = EDGE_CURVE('',#8452,#8444,#8454,.T.);
#8452 = VERTEX_POINT('',#8453);
#8453 = CARTESIAN_POINT('',(1.65,-0.989501892653,0.881945973835));
#8454 = CIRCLE('',#8455,0.12);
#8455 = AXIS2_PLACEMENT_3D('',#8456,#8457,#8458);
#8456 = CARTESIAN_POINT('',(1.65,-1.060685777219,0.978552674317));
#8457 = DIRECTION('',(1.,0.,0.));
#8458 = DIRECTION('',(0.,0.59319903805,-0.805055837353));
#8459 = ORIENTED_EDGE('',*,*,#8460,.F.);
#8460 = EDGE_CURVE('',#8427,#8452,#8461,.T.);
#8461 = LINE('',#8462,#8463);
#8462 = CARTESIAN_POINT('',(1.65,-0.99330699074,0.879142217349));
#8463 = VECTOR('',#8464,1.);
#8464 = DIRECTION('',(0.,0.805055837353,0.59319903805));
#8465 = PLANE('',#8466);
#8466 = AXIS2_PLACEMENT_3D('',#8467,#8468,#8469);
#8467 = CARTESIAN_POINT('',(1.65,-1.9,1.13));
#8468 = DIRECTION('',(1.,0.,-0.));
#8469 = DIRECTION('',(0.,0.,1.));
#8470 = ADVANCED_FACE('',(#8471),#8487,.F.);
#8471 = FACE_BOUND('',#8472,.F.);
#8472 = EDGE_LOOP('',(#8473,#8479,#8480,#8486));
#8473 = ORIENTED_EDGE('',*,*,#8474,.T.);
#8474 = EDGE_CURVE('',#8385,#8427,#8475,.T.);
#8475 = LINE('',#8476,#8477);
#8476 = CARTESIAN_POINT('',(1.85,-0.99330699074,0.879142217349));
#8477 = VECTOR('',#8478,1.);
#8478 = DIRECTION('',(-1.,0.,0.));
#8479 = ORIENTED_EDGE('',*,*,#8424,.F.);
#8480 = ORIENTED_EDGE('',*,*,#8481,.F.);
#8481 = EDGE_CURVE('',#8375,#8425,#8482,.T.);
#8482 = LINE('',#8483,#8484);
#8483 = CARTESIAN_POINT('',(1.85,-1.,0.873988949953));
#8484 = VECTOR('',#8485,1.);
#8485 = DIRECTION('',(-1.,0.,0.));
#8486 = ORIENTED_EDGE('',*,*,#8384,.T.);
#8487 = CYLINDRICAL_SURFACE('',#8488,0.2);
#8488 = AXIS2_PLACEMENT_3D('',#8489,#8490,#8491);
#8489 = CARTESIAN_POINT('',(1.85,-0.87466718313,0.718131049879));
#8490 = DIRECTION('',(-1.,0.,0.));
#8491 = DIRECTION('',(0.,0.,-1.));
#8492 = ADVANCED_FACE('',(#8493),#8504,.F.);
#8493 = FACE_BOUND('',#8494,.T.);
#8494 = EDGE_LOOP('',(#8495,#8496,#8502,#8503));
#8495 = ORIENTED_EDGE('',*,*,#8460,.T.);
#8496 = ORIENTED_EDGE('',*,*,#8497,.F.);
#8497 = EDGE_CURVE('',#8394,#8452,#8498,.T.);
#8498 = LINE('',#8499,#8500);
#8499 = CARTESIAN_POINT('',(1.85,-0.989501892653,0.881945973835));
#8500 = VECTOR('',#8501,1.);
#8501 = DIRECTION('',(-1.,0.,0.));
#8502 = ORIENTED_EDGE('',*,*,#8393,.F.);
#8503 = ORIENTED_EDGE('',*,*,#8474,.T.);
#8504 = PLANE('',#8505);
#8505 = AXIS2_PLACEMENT_3D('',#8506,#8507,#8508);
#8506 = CARTESIAN_POINT('',(1.85,-0.99330699074,0.879142217349));
#8507 = DIRECTION('',(0.,-0.59319903805,0.805055837353));
#8508 = DIRECTION('',(0.,-0.805055837353,-0.59319903805));
#8509 = ADVANCED_FACE('',(#8510),#8521,.T.);
#8510 = FACE_BOUND('',#8511,.T.);
#8511 = EDGE_LOOP('',(#8512,#8513,#8519,#8520));
#8512 = ORIENTED_EDGE('',*,*,#8451,.T.);
#8513 = ORIENTED_EDGE('',*,*,#8514,.F.);
#8514 = EDGE_CURVE('',#8402,#8444,#8515,.T.);
#8515 = LINE('',#8516,#8517);
#8516 = CARTESIAN_POINT('',(1.85,-0.970376573854,1.057573227262));
#8517 = VECTOR('',#8518,1.);
#8518 = DIRECTION('',(-1.,0.,0.));
#8519 = ORIENTED_EDGE('',*,*,#8401,.F.);
#8520 = ORIENTED_EDGE('',*,*,#8497,.T.);
#8521 = CYLINDRICAL_SURFACE('',#8522,0.12);
#8522 = AXIS2_PLACEMENT_3D('',#8523,#8524,#8525);
#8523 = CARTESIAN_POINT('',(1.85,-1.060685777219,0.978552674317));
#8524 = DIRECTION('',(-1.,0.,0.));
#8525 = DIRECTION('',(0.,0.,-1.));
#8526 = ADVANCED_FACE('',(#8527),#8538,.F.);
#8527 = FACE_BOUND('',#8528,.T.);
#8528 = EDGE_LOOP('',(#8529,#8530,#8536,#8537));
#8529 = ORIENTED_EDGE('',*,*,#8443,.T.);
#8530 = ORIENTED_EDGE('',*,*,#8531,.T.);
#8531 = EDGE_CURVE('',#8436,#8377,#8532,.T.);
#8532 = LINE('',#8533,#8534);
#8533 = CARTESIAN_POINT('',(1.85,-1.,1.091428571429));
#8534 = VECTOR('',#8535,1.);
#8535 = DIRECTION('',(1.,-3.061515884556E-17,3.498875296635E-17));
#8536 = ORIENTED_EDGE('',*,*,#8410,.F.);
#8537 = ORIENTED_EDGE('',*,*,#8514,.T.);
#8538 = PLANE('',#8539);
#8539 = AXIS2_PLACEMENT_3D('',#8540,#8541,#8542);
#8540 = CARTESIAN_POINT('',(1.85,-0.970376573854,1.057573227262));
#8541 = DIRECTION('',(0.,-0.752576694707,-0.658504607869));
#8542 = DIRECTION('',(0.,0.658504607869,-0.752576694707));
#8543 = ADVANCED_FACE('',(#8544),#8578,.F.);
#8544 = FACE_BOUND('',#8545,.T.);
#8545 = EDGE_LOOP('',(#8546,#8556,#8564,#8572));
#8546 = ORIENTED_EDGE('',*,*,#8547,.F.);
#8547 = EDGE_CURVE('',#8548,#8550,#8552,.T.);
#8548 = VERTEX_POINT('',#8549);
#8549 = CARTESIAN_POINT('',(1.65,1.9,1.35));
#8550 = VERTEX_POINT('',#8551);
#8551 = CARTESIAN_POINT('',(1.65,2.,1.35));
#8552 = LINE('',#8553,#8554);
#8553 = CARTESIAN_POINT('',(1.65,1.9,1.35));
#8554 = VECTOR('',#8555,1.);
#8555 = DIRECTION('',(0.,1.,0.));
#8556 = ORIENTED_EDGE('',*,*,#8557,.F.);
#8557 = EDGE_CURVE('',#8558,#8548,#8560,.T.);
#8558 = VERTEX_POINT('',#8559);
#8559 = CARTESIAN_POINT('',(1.85,1.9,1.35));
#8560 = LINE('',#8561,#8562);
#8561 = CARTESIAN_POINT('',(1.85,1.9,1.35));
#8562 = VECTOR('',#8563,1.);
#8563 = DIRECTION('',(-1.,0.,0.));
#8564 = ORIENTED_EDGE('',*,*,#8565,.T.);
#8565 = EDGE_CURVE('',#8558,#8566,#8568,.T.);
#8566 = VERTEX_POINT('',#8567);
#8567 = CARTESIAN_POINT('',(1.85,2.,1.35));
#8568 = LINE('',#8569,#8570);
#8569 = CARTESIAN_POINT('',(1.85,1.9,1.35));
#8570 = VECTOR('',#8571,1.);
#8571 = DIRECTION('',(0.,1.,0.));
#8572 = ORIENTED_EDGE('',*,*,#8573,.T.);
#8573 = EDGE_CURVE('',#8566,#8550,#8574,.T.);
#8574 = LINE('',#8575,#8576);
#8575 = CARTESIAN_POINT('',(1.85,2.,1.35));
#8576 = VECTOR('',#8577,1.);
#8577 = DIRECTION('',(-1.,0.,0.));
#8578 = PLANE('',#8579);
#8579 = AXIS2_PLACEMENT_3D('',#8580,#8581,#8582);
#8580 = CARTESIAN_POINT('',(1.85,1.9,1.35));
#8581 = DIRECTION('',(0.,0.,-1.));
#8582 = DIRECTION('',(0.,-1.,0.));
#8583 = ADVANCED_FACE('',(#8584),#8611,.F.);
#8584 = FACE_BOUND('',#8585,.T.);
#8585 = EDGE_LOOP('',(#8586,#8595,#8603,#8610));
#8586 = ORIENTED_EDGE('',*,*,#8587,.T.);
#8587 = EDGE_CURVE('',#8550,#8588,#8590,.T.);
#8588 = VERTEX_POINT('',#8589);
#8589 = CARTESIAN_POINT('',(1.65,2.139642400438,1.3));
#8590 = CIRCLE('',#8591,0.22);
#8591 = AXIS2_PLACEMENT_3D('',#8592,#8593,#8594);
#8592 = CARTESIAN_POINT('',(1.65,2.,1.13));
#8593 = DIRECTION('',(-1.,0.,0.));
#8594 = DIRECTION('',(0.,0.,1.));
#8595 = ORIENTED_EDGE('',*,*,#8596,.T.);
#8596 = EDGE_CURVE('',#8588,#8597,#8599,.T.);
#8597 = VERTEX_POINT('',#8598);
#8598 = CARTESIAN_POINT('',(1.65,1.760357599562,1.3));
#8599 = LINE('',#8600,#8601);
#8600 = CARTESIAN_POINT('',(1.65,1.9,1.3));
#8601 = VECTOR('',#8602,1.);
#8602 = DIRECTION('',(0.,-1.,0.));
#8603 = ORIENTED_EDGE('',*,*,#8604,.T.);
#8604 = EDGE_CURVE('',#8597,#8548,#8605,.T.);
#8605 = CIRCLE('',#8606,0.22);
#8606 = AXIS2_PLACEMENT_3D('',#8607,#8608,#8609);
#8607 = CARTESIAN_POINT('',(1.65,1.9,1.13));
#8608 = DIRECTION('',(-1.,0.,0.));
#8609 = DIRECTION('',(0.,-1.,0.));
#8610 = ORIENTED_EDGE('',*,*,#8547,.T.);
#8611 = PLANE('',#8612);
#8612 = AXIS2_PLACEMENT_3D('',#8613,#8614,#8615);
#8613 = CARTESIAN_POINT('',(1.65,1.9,1.13));
#8614 = DIRECTION('',(1.,0.,-0.));
#8615 = DIRECTION('',(0.,0.,1.));
#8616 = ADVANCED_FACE('',(#8617),#8644,.T.);
#8617 = FACE_BOUND('',#8618,.T.);
#8618 = EDGE_LOOP('',(#8619,#8629,#8636,#8637));
#8619 = ORIENTED_EDGE('',*,*,#8620,.F.);
#8620 = EDGE_CURVE('',#8621,#8623,#8625,.T.);
#8621 = VERTEX_POINT('',#8622);
#8622 = CARTESIAN_POINT('',(1.85,2.139642400438,1.3));
#8623 = VERTEX_POINT('',#8624);
#8624 = CARTESIAN_POINT('',(1.85,1.760357599562,1.3));
#8625 = LINE('',#8626,#8627);
#8626 = CARTESIAN_POINT('',(1.85,1.9,1.3));
#8627 = VECTOR('',#8628,1.);
#8628 = DIRECTION('',(0.,-1.,0.));
#8629 = ORIENTED_EDGE('',*,*,#8630,.F.);
#8630 = EDGE_CURVE('',#8566,#8621,#8631,.T.);
#8631 = CIRCLE('',#8632,0.22);
#8632 = AXIS2_PLACEMENT_3D('',#8633,#8634,#8635);
#8633 = CARTESIAN_POINT('',(1.85,2.,1.13));
#8634 = DIRECTION('',(-1.,0.,0.));
#8635 = DIRECTION('',(0.,0.,1.));
#8636 = ORIENTED_EDGE('',*,*,#8565,.F.);
#8637 = ORIENTED_EDGE('',*,*,#8638,.F.);
#8638 = EDGE_CURVE('',#8623,#8558,#8639,.T.);
#8639 = CIRCLE('',#8640,0.22);
#8640 = AXIS2_PLACEMENT_3D('',#8641,#8642,#8643);
#8641 = CARTESIAN_POINT('',(1.85,1.9,1.13));
#8642 = DIRECTION('',(-1.,0.,0.));
#8643 = DIRECTION('',(0.,-1.,0.));
#8644 = PLANE('',#8645);
#8645 = AXIS2_PLACEMENT_3D('',#8646,#8647,#8648);
#8646 = CARTESIAN_POINT('',(1.85,1.9,1.13));
#8647 = DIRECTION('',(1.,0.,-0.));
#8648 = DIRECTION('',(0.,0.,1.));
#8649 = ADVANCED_FACE('',(#8650),#8661,.T.);
#8650 = FACE_BOUND('',#8651,.T.);
#8651 = EDGE_LOOP('',(#8652,#8653,#8659,#8660));
#8652 = ORIENTED_EDGE('',*,*,#8630,.T.);
#8653 = ORIENTED_EDGE('',*,*,#8654,.T.);
#8654 = EDGE_CURVE('',#8621,#8588,#8655,.T.);
#8655 = LINE('',#8656,#8657);
#8656 = CARTESIAN_POINT('',(1.85,2.139642400438,1.3));
#8657 = VECTOR('',#8658,1.);
#8658 = DIRECTION('',(-1.,0.,0.));
#8659 = ORIENTED_EDGE('',*,*,#8587,.F.);
#8660 = ORIENTED_EDGE('',*,*,#8573,.F.);
#8661 = CYLINDRICAL_SURFACE('',#8662,0.22);
#8662 = AXIS2_PLACEMENT_3D('',#8663,#8664,#8665);
#8663 = CARTESIAN_POINT('',(1.85,2.,1.13));
#8664 = DIRECTION('',(-1.,0.,0.));
#8665 = DIRECTION('',(0.,0.,-1.));
#8666 = ADVANCED_FACE('',(#8667),#8678,.T.);
#8667 = FACE_BOUND('',#8668,.T.);
#8668 = EDGE_LOOP('',(#8669,#8670,#8676,#8677));
#8669 = ORIENTED_EDGE('',*,*,#8604,.F.);
#8670 = ORIENTED_EDGE('',*,*,#8671,.T.);
#8671 = EDGE_CURVE('',#8597,#8623,#8672,.T.);
#8672 = LINE('',#8673,#8674);
#8673 = CARTESIAN_POINT('',(1.85,1.760357599562,1.3));
#8674 = VECTOR('',#8675,1.);
#8675 = DIRECTION('',(1.,-0.,-0.));
#8676 = ORIENTED_EDGE('',*,*,#8638,.T.);
#8677 = ORIENTED_EDGE('',*,*,#8557,.T.);
#8678 = CYLINDRICAL_SURFACE('',#8679,0.22);
#8679 = AXIS2_PLACEMENT_3D('',#8680,#8681,#8682);
#8680 = CARTESIAN_POINT('',(1.85,1.9,1.13));
#8681 = DIRECTION('',(-1.,0.,0.));
#8682 = DIRECTION('',(0.,0.,-1.));
#8683 = ADVANCED_FACE('',(#8684),#8718,.F.);
#8684 = FACE_BOUND('',#8685,.T.);
#8685 = EDGE_LOOP('',(#8686,#8696,#8704,#8712));
#8686 = ORIENTED_EDGE('',*,*,#8687,.F.);
#8687 = EDGE_CURVE('',#8688,#8690,#8692,.T.);
#8688 = VERTEX_POINT('',#8689);
#8689 = CARTESIAN_POINT('',(1.65,2.9,-1.212951180468E-15));
#8690 = VERTEX_POINT('',#8691);
#8691 = CARTESIAN_POINT('',(1.65,2.32,8.809142651445E-17));
#8692 = LINE('',#8693,#8694);
#8693 = CARTESIAN_POINT('',(1.65,2.9,8.809142651445E-17));
#8694 = VECTOR('',#8695,1.);
#8695 = DIRECTION('',(0.,-1.,0.));
#8696 = ORIENTED_EDGE('',*,*,#8697,.F.);
#8697 = EDGE_CURVE('',#8698,#8688,#8700,.T.);
#8698 = VERTEX_POINT('',#8699);
#8699 = CARTESIAN_POINT('',(1.85,2.9,-1.212951180468E-15));
#8700 = LINE('',#8701,#8702);
#8701 = CARTESIAN_POINT('',(1.85,2.9,-1.212951180468E-15));
#8702 = VECTOR('',#8703,1.);
#8703 = DIRECTION('',(-1.,0.,0.));
#8704 = ORIENTED_EDGE('',*,*,#8705,.T.);
#8705 = EDGE_CURVE('',#8698,#8706,#8708,.T.);
#8706 = VERTEX_POINT('',#8707);
#8707 = CARTESIAN_POINT('',(1.85,2.32,8.809142651445E-17));
#8708 = LINE('',#8709,#8710);
#8709 = CARTESIAN_POINT('',(1.85,2.9,8.809142651445E-17));
#8710 = VECTOR('',#8711,1.);
#8711 = DIRECTION('',(0.,-1.,0.));
#8712 = ORIENTED_EDGE('',*,*,#8713,.T.);
#8713 = EDGE_CURVE('',#8706,#8690,#8714,.T.);
#8714 = LINE('',#8715,#8716);
#8715 = CARTESIAN_POINT('',(1.85,2.32,8.809142651445E-17));
#8716 = VECTOR('',#8717,1.);
#8717 = DIRECTION('',(-1.,0.,0.));
#8718 = PLANE('',#8719);
#8719 = AXIS2_PLACEMENT_3D('',#8720,#8721,#8722);
#8720 = CARTESIAN_POINT('',(1.85,2.9,8.809142651445E-17));
#8721 = DIRECTION('',(0.,-0.,1.));
#8722 = DIRECTION('',(0.,1.,0.));
#8723 = ADVANCED_FACE('',(#8724),#8749,.F.);
#8724 = FACE_BOUND('',#8725,.T.);
#8725 = EDGE_LOOP('',(#8726,#8734,#8742,#8748));
#8726 = ORIENTED_EDGE('',*,*,#8727,.F.);
#8727 = EDGE_CURVE('',#8728,#8688,#8730,.T.);
#8728 = VERTEX_POINT('',#8729);
#8729 = CARTESIAN_POINT('',(1.65,2.9,0.12));
#8730 = LINE('',#8731,#8732);
#8731 = CARTESIAN_POINT('',(1.65,2.9,0.12));
#8732 = VECTOR('',#8733,1.);
#8733 = DIRECTION('',(0.,6.123031769112E-17,-1.));
#8734 = ORIENTED_EDGE('',*,*,#8735,.F.);
#8735 = EDGE_CURVE('',#8736,#8728,#8738,.T.);
#8736 = VERTEX_POINT('',#8737);
#8737 = CARTESIAN_POINT('',(1.85,2.9,0.12));
#8738 = LINE('',#8739,#8740);
#8739 = CARTESIAN_POINT('',(1.85,2.9,0.12));
#8740 = VECTOR('',#8741,1.);
#8741 = DIRECTION('',(-1.,0.,0.));
#8742 = ORIENTED_EDGE('',*,*,#8743,.T.);
#8743 = EDGE_CURVE('',#8736,#8698,#8744,.T.);
#8744 = LINE('',#8745,#8746);
#8745 = CARTESIAN_POINT('',(1.85,2.9,0.12));
#8746 = VECTOR('',#8747,1.);
#8747 = DIRECTION('',(0.,6.123031769112E-17,-1.));
#8748 = ORIENTED_EDGE('',*,*,#8697,.T.);
#8749 = PLANE('',#8750);
#8750 = AXIS2_PLACEMENT_3D('',#8751,#8752,#8753);
#8751 = CARTESIAN_POINT('',(1.85,2.9,0.12));
#8752 = DIRECTION('',(0.,-1.,-6.123031769112E-17));
#8753 = DIRECTION('',(0.,-6.123031769112E-17,1.));
#8754 = ADVANCED_FACE('',(#8755),#8790,.F.);
#8755 = FACE_BOUND('',#8756,.T.);
#8756 = EDGE_LOOP('',(#8757,#8766,#8774,#8782,#8788,#8789));
#8757 = ORIENTED_EDGE('',*,*,#8758,.T.);
#8758 = EDGE_CURVE('',#8690,#8759,#8761,.T.);
#8759 = VERTEX_POINT('',#8760);
#8760 = CARTESIAN_POINT('',(1.65,2.180357599562,5.E-02));
#8761 = CIRCLE('',#8762,0.22);
#8762 = AXIS2_PLACEMENT_3D('',#8763,#8764,#8765);
#8763 = CARTESIAN_POINT('',(1.65,2.32,0.22));
#8764 = DIRECTION('',(-1.,0.,0.));
#8765 = DIRECTION('',(0.,0.,-1.));
#8766 = ORIENTED_EDGE('',*,*,#8767,.T.);
#8767 = EDGE_CURVE('',#8759,#8768,#8770,.T.);
#8768 = VERTEX_POINT('',#8769);
#8769 = CARTESIAN_POINT('',(1.65,2.4,5.E-02));
#8770 = LINE('',#8771,#8772);
#8771 = CARTESIAN_POINT('',(1.65,1.9,5.E-02));
#8772 = VECTOR('',#8773,1.);
#8773 = DIRECTION('',(0.,1.,0.));
#8774 = ORIENTED_EDGE('',*,*,#8775,.T.);
#8775 = EDGE_CURVE('',#8768,#8776,#8778,.T.);
#8776 = VERTEX_POINT('',#8777);
#8777 = CARTESIAN_POINT('',(1.65,2.4,0.12));
#8778 = LINE('',#8779,#8780);
#8779 = CARTESIAN_POINT('',(1.65,2.4,1.13));
#8780 = VECTOR('',#8781,1.);
#8781 = DIRECTION('',(0.,-6.123031769112E-17,1.));
#8782 = ORIENTED_EDGE('',*,*,#8783,.T.);
#8783 = EDGE_CURVE('',#8776,#8728,#8784,.T.);
#8784 = LINE('',#8785,#8786);
#8785 = CARTESIAN_POINT('',(1.65,2.32,0.12));
#8786 = VECTOR('',#8787,1.);
#8787 = DIRECTION('',(0.,1.,0.));
#8788 = ORIENTED_EDGE('',*,*,#8727,.T.);
#8789 = ORIENTED_EDGE('',*,*,#8687,.T.);
#8790 = PLANE('',#8791);
#8791 = AXIS2_PLACEMENT_3D('',#8792,#8793,#8794);
#8792 = CARTESIAN_POINT('',(1.65,1.9,1.13));
#8793 = DIRECTION('',(1.,0.,-0.));
#8794 = DIRECTION('',(0.,0.,1.));
#8795 = ADVANCED_FACE('',(#8796),#8831,.T.);
#8796 = FACE_BOUND('',#8797,.T.);
#8797 = EDGE_LOOP('',(#8798,#8808,#8815,#8816,#8817,#8825));
#8798 = ORIENTED_EDGE('',*,*,#8799,.F.);
#8799 = EDGE_CURVE('',#8800,#8802,#8804,.T.);
#8800 = VERTEX_POINT('',#8801);
#8801 = CARTESIAN_POINT('',(1.85,2.180357599562,5.E-02));
#8802 = VERTEX_POINT('',#8803);
#8803 = CARTESIAN_POINT('',(1.85,2.4,5.E-02));
#8804 = LINE('',#8805,#8806);
#8805 = CARTESIAN_POINT('',(1.85,1.9,5.E-02));
#8806 = VECTOR('',#8807,1.);
#8807 = DIRECTION('',(0.,1.,0.));
#8808 = ORIENTED_EDGE('',*,*,#8809,.F.);
#8809 = EDGE_CURVE('',#8706,#8800,#8810,.T.);
#8810 = CIRCLE('',#8811,0.22);
#8811 = AXIS2_PLACEMENT_3D('',#8812,#8813,#8814);
#8812 = CARTESIAN_POINT('',(1.85,2.32,0.22));
#8813 = DIRECTION('',(-1.,0.,0.));
#8814 = DIRECTION('',(0.,0.,-1.));
#8815 = ORIENTED_EDGE('',*,*,#8705,.F.);
#8816 = ORIENTED_EDGE('',*,*,#8743,.F.);
#8817 = ORIENTED_EDGE('',*,*,#8818,.F.);
#8818 = EDGE_CURVE('',#8819,#8736,#8821,.T.);
#8819 = VERTEX_POINT('',#8820);
#8820 = CARTESIAN_POINT('',(1.85,2.4,0.12));
#8821 = LINE('',#8822,#8823);
#8822 = CARTESIAN_POINT('',(1.85,2.32,0.12));
#8823 = VECTOR('',#8824,1.);
#8824 = DIRECTION('',(0.,1.,0.));
#8825 = ORIENTED_EDGE('',*,*,#8826,.F.);
#8826 = EDGE_CURVE('',#8802,#8819,#8827,.T.);
#8827 = LINE('',#8828,#8829);
#8828 = CARTESIAN_POINT('',(1.85,2.4,1.13));
#8829 = VECTOR('',#8830,1.);
#8830 = DIRECTION('',(0.,-6.123031769112E-17,1.));
#8831 = PLANE('',#8832);
#8832 = AXIS2_PLACEMENT_3D('',#8833,#8834,#8835);
#8833 = CARTESIAN_POINT('',(1.85,1.9,1.13));
#8834 = DIRECTION('',(1.,0.,-0.));
#8835 = DIRECTION('',(0.,0.,1.));
#8836 = ADVANCED_FACE('',(#8837),#8848,.T.);
#8837 = FACE_BOUND('',#8838,.T.);
#8838 = EDGE_LOOP('',(#8839,#8840,#8846,#8847));
#8839 = ORIENTED_EDGE('',*,*,#8809,.T.);
#8840 = ORIENTED_EDGE('',*,*,#8841,.T.);
#8841 = EDGE_CURVE('',#8800,#8759,#8842,.T.);
#8842 = LINE('',#8843,#8844);
#8843 = CARTESIAN_POINT('',(1.85,2.180357599562,5.E-02));
#8844 = VECTOR('',#8845,1.);
#8845 = DIRECTION('',(-1.,0.,0.));
#8846 = ORIENTED_EDGE('',*,*,#8758,.F.);
#8847 = ORIENTED_EDGE('',*,*,#8713,.F.);
#8848 = CYLINDRICAL_SURFACE('',#8849,0.22);
#8849 = AXIS2_PLACEMENT_3D('',#8850,#8851,#8852);
#8850 = CARTESIAN_POINT('',(1.85,2.32,0.22));
#8851 = DIRECTION('',(-1.,0.,0.));
#8852 = DIRECTION('',(0.,0.,-1.));
#8853 = ADVANCED_FACE('',(#8854),#8865,.F.);
#8854 = FACE_BOUND('',#8855,.T.);
#8855 = EDGE_LOOP('',(#8856,#8857,#8863,#8864));
#8856 = ORIENTED_EDGE('',*,*,#8783,.F.);
#8857 = ORIENTED_EDGE('',*,*,#8858,.T.);
#8858 = EDGE_CURVE('',#8776,#8819,#8859,.T.);
#8859 = LINE('',#8860,#8861);
#8860 = CARTESIAN_POINT('',(1.85,2.4,0.12));
#8861 = VECTOR('',#8862,1.);
#8862 = DIRECTION('',(1.,3.061515884556E-17,0.));
#8863 = ORIENTED_EDGE('',*,*,#8818,.T.);
#8864 = ORIENTED_EDGE('',*,*,#8735,.T.);
#8865 = PLANE('',#8866);
#8866 = AXIS2_PLACEMENT_3D('',#8867,#8868,#8869);
#8867 = CARTESIAN_POINT('',(1.85,2.32,0.12));
#8868 = DIRECTION('',(0.,0.,-1.));
#8869 = DIRECTION('',(0.,-1.,0.));
#8870 = ADVANCED_FACE('',(#8871),#8915,.T.);
#8871 = FACE_BOUND('',#8872,.T.);
#8872 = EDGE_LOOP('',(#8873,#8883,#8891,#8900,#8908));
#8873 = ORIENTED_EDGE('',*,*,#8874,.F.);
#8874 = EDGE_CURVE('',#8875,#8877,#8879,.T.);
#8875 = VERTEX_POINT('',#8876);
#8876 = CARTESIAN_POINT('',(1.85,1.,1.091428571429));
#8877 = VERTEX_POINT('',#8878);
#8878 = CARTESIAN_POINT('',(1.85,1.,0.873988949953));
#8879 = LINE('',#8880,#8881);
#8880 = CARTESIAN_POINT('',(1.85,1.,1.13));
#8881 = VECTOR('',#8882,1.);
#8882 = DIRECTION('',(0.,6.123031769112E-17,-1.));
#8883 = ORIENTED_EDGE('',*,*,#8884,.F.);
#8884 = EDGE_CURVE('',#8885,#8875,#8887,.T.);
#8885 = VERTEX_POINT('',#8886);
#8886 = CARTESIAN_POINT('',(1.85,0.970376573854,1.057573227262));
#8887 = LINE('',#8888,#8889);
#8888 = CARTESIAN_POINT('',(1.85,0.970376573854,1.057573227262));
#8889 = VECTOR('',#8890,1.);
#8890 = DIRECTION('',(0.,0.658504607869,0.752576694707));
#8891 = ORIENTED_EDGE('',*,*,#8892,.F.);
#8892 = EDGE_CURVE('',#8893,#8885,#8895,.T.);
#8893 = VERTEX_POINT('',#8894);
#8894 = CARTESIAN_POINT('',(1.85,0.989501892653,0.881945973835));
#8895 = CIRCLE('',#8896,0.12);
#8896 = AXIS2_PLACEMENT_3D('',#8897,#8898,#8899);
#8897 = CARTESIAN_POINT('',(1.85,1.060685777219,0.978552674317));
#8898 = DIRECTION('',(-1.,0.,0.));
#8899 = DIRECTION('',(-0.,-0.59319903805,-0.805055837353));
#8900 = ORIENTED_EDGE('',*,*,#8901,.F.);
#8901 = EDGE_CURVE('',#8902,#8893,#8904,.T.);
#8902 = VERTEX_POINT('',#8903);
#8903 = CARTESIAN_POINT('',(1.85,0.99330699074,0.879142217349));
#8904 = LINE('',#8905,#8906);
#8905 = CARTESIAN_POINT('',(1.85,0.99330699074,0.879142217349));
#8906 = VECTOR('',#8907,1.);
#8907 = DIRECTION('',(0.,-0.805055837353,0.59319903805));
#8908 = ORIENTED_EDGE('',*,*,#8909,.F.);
#8909 = EDGE_CURVE('',#8877,#8902,#8910,.T.);
#8910 = CIRCLE('',#8911,0.2);
#8911 = AXIS2_PLACEMENT_3D('',#8912,#8913,#8914);
#8912 = CARTESIAN_POINT('',(1.85,0.87466718313,0.718131049879));
#8913 = DIRECTION('',(1.,0.,0.));
#8914 = DIRECTION('',(-0.,0.988715504225,0.149805379428));
#8915 = PLANE('',#8916);
#8916 = AXIS2_PLACEMENT_3D('',#8917,#8918,#8919);
#8917 = CARTESIAN_POINT('',(1.85,1.9,1.13));
#8918 = DIRECTION('',(1.,0.,-0.));
#8919 = DIRECTION('',(0.,0.,1.));
#8920 = ADVANCED_FACE('',(#8921),#8965,.F.);
#8921 = FACE_BOUND('',#8922,.T.);
#8922 = EDGE_LOOP('',(#8923,#8933,#8941,#8950,#8958));
#8923 = ORIENTED_EDGE('',*,*,#8924,.T.);
#8924 = EDGE_CURVE('',#8925,#8927,#8929,.T.);
#8925 = VERTEX_POINT('',#8926);
#8926 = CARTESIAN_POINT('',(1.65,0.970376573854,1.057573227262));
#8927 = VERTEX_POINT('',#8928);
#8928 = CARTESIAN_POINT('',(1.65,1.,1.091428571429));
#8929 = LINE('',#8930,#8931);
#8930 = CARTESIAN_POINT('',(1.65,0.970376573854,1.057573227262));
#8931 = VECTOR('',#8932,1.);
#8932 = DIRECTION('',(0.,0.658504607869,0.752576694707));
#8933 = ORIENTED_EDGE('',*,*,#8934,.T.);
#8934 = EDGE_CURVE('',#8927,#8935,#8937,.T.);
#8935 = VERTEX_POINT('',#8936);
#8936 = CARTESIAN_POINT('',(1.65,1.,0.873988949953));
#8937 = LINE('',#8938,#8939);
#8938 = CARTESIAN_POINT('',(1.65,1.,1.13));
#8939 = VECTOR('',#8940,1.);
#8940 = DIRECTION('',(0.,6.123031769112E-17,-1.));
#8941 = ORIENTED_EDGE('',*,*,#8942,.T.);
#8942 = EDGE_CURVE('',#8935,#8943,#8945,.T.);
#8943 = VERTEX_POINT('',#8944);
#8944 = CARTESIAN_POINT('',(1.65,0.99330699074,0.879142217349));
#8945 = CIRCLE('',#8946,0.2);
#8946 = AXIS2_PLACEMENT_3D('',#8947,#8948,#8949);
#8947 = CARTESIAN_POINT('',(1.65,0.87466718313,0.718131049879));
#8948 = DIRECTION('',(1.,0.,0.));
#8949 = DIRECTION('',(-0.,0.988715504225,0.149805379428));
#8950 = ORIENTED_EDGE('',*,*,#8951,.T.);
#8951 = EDGE_CURVE('',#8943,#8952,#8954,.T.);
#8952 = VERTEX_POINT('',#8953);
#8953 = CARTESIAN_POINT('',(1.65,0.989501892653,0.881945973835));
#8954 = LINE('',#8955,#8956);
#8955 = CARTESIAN_POINT('',(1.65,0.99330699074,0.879142217349));
#8956 = VECTOR('',#8957,1.);
#8957 = DIRECTION('',(0.,-0.805055837353,0.59319903805));
#8958 = ORIENTED_EDGE('',*,*,#8959,.T.);
#8959 = EDGE_CURVE('',#8952,#8925,#8960,.T.);
#8960 = CIRCLE('',#8961,0.12);
#8961 = AXIS2_PLACEMENT_3D('',#8962,#8963,#8964);
#8962 = CARTESIAN_POINT('',(1.65,1.060685777219,0.978552674317));
#8963 = DIRECTION('',(-1.,0.,0.));
#8964 = DIRECTION('',(-0.,-0.59319903805,-0.805055837353));
#8965 = PLANE('',#8966);
#8966 = AXIS2_PLACEMENT_3D('',#8967,#8968,#8969);
#8967 = CARTESIAN_POINT('',(1.65,1.9,1.13));
#8968 = DIRECTION('',(1.,0.,-0.));
#8969 = DIRECTION('',(0.,0.,1.));
#8970 = ADVANCED_FACE('',(#8971),#8987,.F.);
#8971 = FACE_BOUND('',#8972,.F.);
#8972 = EDGE_LOOP('',(#8973,#8979,#8980,#8986));
#8973 = ORIENTED_EDGE('',*,*,#8974,.F.);
#8974 = EDGE_CURVE('',#8902,#8943,#8975,.T.);
#8975 = LINE('',#8976,#8977);
#8976 = CARTESIAN_POINT('',(1.85,0.99330699074,0.879142217349));
#8977 = VECTOR('',#8978,1.);
#8978 = DIRECTION('',(-1.,0.,0.));
#8979 = ORIENTED_EDGE('',*,*,#8909,.F.);
#8980 = ORIENTED_EDGE('',*,*,#8981,.F.);
#8981 = EDGE_CURVE('',#8935,#8877,#8982,.T.);
#8982 = LINE('',#8983,#8984);
#8983 = CARTESIAN_POINT('',(1.85,1.,0.873988949953));
#8984 = VECTOR('',#8985,1.);
#8985 = DIRECTION('',(1.,-0.,-0.));
#8986 = ORIENTED_EDGE('',*,*,#8942,.T.);
#8987 = CYLINDRICAL_SURFACE('',#8988,0.2);
#8988 = AXIS2_PLACEMENT_3D('',#8989,#8990,#8991);
#8989 = CARTESIAN_POINT('',(1.85,0.87466718313,0.718131049879));
#8990 = DIRECTION('',(-1.,0.,0.));
#8991 = DIRECTION('',(0.,0.,-1.));
#8992 = ADVANCED_FACE('',(#8993),#9004,.F.);
#8993 = FACE_BOUND('',#8994,.T.);
#8994 = EDGE_LOOP('',(#8995,#8996,#8997,#8998));
#8995 = ORIENTED_EDGE('',*,*,#8951,.F.);
#8996 = ORIENTED_EDGE('',*,*,#8974,.F.);
#8997 = ORIENTED_EDGE('',*,*,#8901,.T.);
#8998 = ORIENTED_EDGE('',*,*,#8999,.T.);
#8999 = EDGE_CURVE('',#8893,#8952,#9000,.T.);
#9000 = LINE('',#9001,#9002);
#9001 = CARTESIAN_POINT('',(1.85,0.989501892653,0.881945973835));
#9002 = VECTOR('',#9003,1.);
#9003 = DIRECTION('',(-1.,0.,0.));
#9004 = PLANE('',#9005);
#9005 = AXIS2_PLACEMENT_3D('',#9006,#9007,#9008);
#9006 = CARTESIAN_POINT('',(1.85,0.99330699074,0.879142217349));
#9007 = DIRECTION('',(0.,0.59319903805,0.805055837353));
#9008 = DIRECTION('',(0.,0.805055837353,-0.59319903805));
#9009 = ADVANCED_FACE('',(#9010),#9021,.T.);
#9010 = FACE_BOUND('',#9011,.T.);
#9011 = EDGE_LOOP('',(#9012,#9013,#9014,#9015));
#9012 = ORIENTED_EDGE('',*,*,#8959,.F.);
#9013 = ORIENTED_EDGE('',*,*,#8999,.F.);
#9014 = ORIENTED_EDGE('',*,*,#8892,.T.);
#9015 = ORIENTED_EDGE('',*,*,#9016,.T.);
#9016 = EDGE_CURVE('',#8885,#8925,#9017,.T.);
#9017 = LINE('',#9018,#9019);
#9018 = CARTESIAN_POINT('',(1.85,0.970376573854,1.057573227262));
#9019 = VECTOR('',#9020,1.);
#9020 = DIRECTION('',(-1.,0.,0.));
#9021 = CYLINDRICAL_SURFACE('',#9022,0.12);
#9022 = AXIS2_PLACEMENT_3D('',#9023,#9024,#9025);
#9023 = CARTESIAN_POINT('',(1.85,1.060685777219,0.978552674317));
#9024 = DIRECTION('',(-1.,0.,0.));
#9025 = DIRECTION('',(0.,0.,-1.));
#9026 = ADVANCED_FACE('',(#9027),#9038,.F.);
#9027 = FACE_BOUND('',#9028,.T.);
#9028 = EDGE_LOOP('',(#9029,#9030,#9036,#9037));
#9029 = ORIENTED_EDGE('',*,*,#8884,.T.);
#9030 = ORIENTED_EDGE('',*,*,#9031,.T.);
#9031 = EDGE_CURVE('',#8875,#8927,#9032,.T.);
#9032 = LINE('',#9033,#9034);
#9033 = CARTESIAN_POINT('',(1.85,1.,1.091428571429));
#9034 = VECTOR('',#9035,1.);
#9035 = DIRECTION('',(-1.,-3.061515884556E-17,-3.498875296635E-17));
#9036 = ORIENTED_EDGE('',*,*,#8924,.F.);
#9037 = ORIENTED_EDGE('',*,*,#9016,.F.);
#9038 = PLANE('',#9039);
#9039 = AXIS2_PLACEMENT_3D('',#9040,#9041,#9042);
#9040 = CARTESIAN_POINT('',(1.85,0.970376573854,1.057573227262));
#9041 = DIRECTION('',(0.,0.752576694707,-0.658504607869));
#9042 = DIRECTION('',(0.,-0.658504607869,-0.752576694707));
#9043 = ADVANCED_FACE('',(#9044),#9078,.F.);
#9044 = FACE_BOUND('',#9045,.T.);
#9045 = EDGE_LOOP('',(#9046,#9056,#9064,#9072));
#9046 = ORIENTED_EDGE('',*,*,#9047,.T.);
#9047 = EDGE_CURVE('',#9048,#9050,#9052,.T.);
#9048 = VERTEX_POINT('',#9049);
#9049 = CARTESIAN_POINT('',(2.15,-1.9,1.35));
#9050 = VERTEX_POINT('',#9051);
#9051 = CARTESIAN_POINT('',(2.15,-2.,1.35));
#9052 = LINE('',#9053,#9054);
#9053 = CARTESIAN_POINT('',(2.15,-1.9,1.35));
#9054 = VECTOR('',#9055,1.);
#9055 = DIRECTION('',(0.,-1.,0.));
#9056 = ORIENTED_EDGE('',*,*,#9057,.F.);
#9057 = EDGE_CURVE('',#9058,#9050,#9060,.T.);
#9058 = VERTEX_POINT('',#9059);
#9059 = CARTESIAN_POINT('',(2.35,-2.,1.35));
#9060 = LINE('',#9061,#9062);
#9061 = CARTESIAN_POINT('',(2.35,-2.,1.35));
#9062 = VECTOR('',#9063,1.);
#9063 = DIRECTION('',(-1.,0.,0.));
#9064 = ORIENTED_EDGE('',*,*,#9065,.F.);
#9065 = EDGE_CURVE('',#9066,#9058,#9068,.T.);
#9066 = VERTEX_POINT('',#9067);
#9067 = CARTESIAN_POINT('',(2.35,-1.9,1.35));
#9068 = LINE('',#9069,#9070);
#9069 = CARTESIAN_POINT('',(2.35,-1.9,1.35));
#9070 = VECTOR('',#9071,1.);
#9071 = DIRECTION('',(0.,-1.,0.));
#9072 = ORIENTED_EDGE('',*,*,#9073,.T.);
#9073 = EDGE_CURVE('',#9066,#9048,#9074,.T.);
#9074 = LINE('',#9075,#9076);
#9075 = CARTESIAN_POINT('',(2.35,-1.9,1.35));
#9076 = VECTOR('',#9077,1.);
#9077 = DIRECTION('',(-1.,0.,0.));
#9078 = PLANE('',#9079);
#9079 = AXIS2_PLACEMENT_3D('',#9080,#9081,#9082);
#9080 = CARTESIAN_POINT('',(2.35,-1.9,1.35));
#9081 = DIRECTION('',(0.,0.,-1.));
#9082 = DIRECTION('',(0.,1.,0.));
#9083 = ADVANCED_FACE('',(#9084),#9111,.T.);
#9084 = FACE_BOUND('',#9085,.T.);
#9085 = EDGE_LOOP('',(#9086,#9096,#9103,#9104));
#9086 = ORIENTED_EDGE('',*,*,#9087,.F.);
#9087 = EDGE_CURVE('',#9088,#9090,#9092,.T.);
#9088 = VERTEX_POINT('',#9089);
#9089 = CARTESIAN_POINT('',(2.35,-1.760357599562,1.3));
#9090 = VERTEX_POINT('',#9091);
#9091 = CARTESIAN_POINT('',(2.35,-2.139642400438,1.3));
#9092 = LINE('',#9093,#9094);
#9093 = CARTESIAN_POINT('',(2.35,-1.9,1.3));
#9094 = VECTOR('',#9095,1.);
#9095 = DIRECTION('',(0.,-1.,0.));
#9096 = ORIENTED_EDGE('',*,*,#9097,.T.);
#9097 = EDGE_CURVE('',#9088,#9066,#9098,.T.);
#9098 = CIRCLE('',#9099,0.22);
#9099 = AXIS2_PLACEMENT_3D('',#9100,#9101,#9102);
#9100 = CARTESIAN_POINT('',(2.35,-1.9,1.13));
#9101 = DIRECTION('',(1.,0.,0.));
#9102 = DIRECTION('',(-0.,1.,0.));
#9103 = ORIENTED_EDGE('',*,*,#9065,.T.);
#9104 = ORIENTED_EDGE('',*,*,#9105,.T.);
#9105 = EDGE_CURVE('',#9058,#9090,#9106,.T.);
#9106 = CIRCLE('',#9107,0.22);
#9107 = AXIS2_PLACEMENT_3D('',#9108,#9109,#9110);
#9108 = CARTESIAN_POINT('',(2.35,-2.,1.13));
#9109 = DIRECTION('',(1.,0.,-0.));
#9110 = DIRECTION('',(0.,0.,1.));
#9111 = PLANE('',#9112);
#9112 = AXIS2_PLACEMENT_3D('',#9113,#9114,#9115);
#9113 = CARTESIAN_POINT('',(2.35,-1.9,1.13));
#9114 = DIRECTION('',(1.,0.,-0.));
#9115 = DIRECTION('',(0.,0.,1.));
#9116 = ADVANCED_FACE('',(#9117),#9144,.F.);
#9117 = FACE_BOUND('',#9118,.T.);
#9118 = EDGE_LOOP('',(#9119,#9128,#9136,#9143));
#9119 = ORIENTED_EDGE('',*,*,#9120,.F.);
#9120 = EDGE_CURVE('',#9121,#9048,#9123,.T.);
#9121 = VERTEX_POINT('',#9122);
#9122 = CARTESIAN_POINT('',(2.15,-1.760357599562,1.3));
#9123 = CIRCLE('',#9124,0.22);
#9124 = AXIS2_PLACEMENT_3D('',#9125,#9126,#9127);
#9125 = CARTESIAN_POINT('',(2.15,-1.9,1.13));
#9126 = DIRECTION('',(1.,0.,0.));
#9127 = DIRECTION('',(-0.,1.,0.));
#9128 = ORIENTED_EDGE('',*,*,#9129,.T.);
#9129 = EDGE_CURVE('',#9121,#9130,#9132,.T.);
#9130 = VERTEX_POINT('',#9131);
#9131 = CARTESIAN_POINT('',(2.15,-2.139642400438,1.3));
#9132 = LINE('',#9133,#9134);
#9133 = CARTESIAN_POINT('',(2.15,-1.9,1.3));
#9134 = VECTOR('',#9135,1.);
#9135 = DIRECTION('',(0.,-1.,0.));
#9136 = ORIENTED_EDGE('',*,*,#9137,.F.);
#9137 = EDGE_CURVE('',#9050,#9130,#9138,.T.);
#9138 = CIRCLE('',#9139,0.22);
#9139 = AXIS2_PLACEMENT_3D('',#9140,#9141,#9142);
#9140 = CARTESIAN_POINT('',(2.15,-2.,1.13));
#9141 = DIRECTION('',(1.,0.,-0.));
#9142 = DIRECTION('',(0.,0.,1.));
#9143 = ORIENTED_EDGE('',*,*,#9047,.F.);
#9144 = PLANE('',#9145);
#9145 = AXIS2_PLACEMENT_3D('',#9146,#9147,#9148);
#9146 = CARTESIAN_POINT('',(2.15,-1.9,1.13));
#9147 = DIRECTION('',(1.,0.,-0.));
#9148 = DIRECTION('',(0.,0.,1.));
#9149 = ADVANCED_FACE('',(#9150),#9161,.T.);
#9150 = FACE_BOUND('',#9151,.T.);
#9151 = EDGE_LOOP('',(#9152,#9153,#9159,#9160));
#9152 = ORIENTED_EDGE('',*,*,#9137,.T.);
#9153 = ORIENTED_EDGE('',*,*,#9154,.T.);
#9154 = EDGE_CURVE('',#9130,#9090,#9155,.T.);
#9155 = LINE('',#9156,#9157);
#9156 = CARTESIAN_POINT('',(2.35,-2.139642400438,1.3));
#9157 = VECTOR('',#9158,1.);
#9158 = DIRECTION('',(1.,-0.,-0.));
#9159 = ORIENTED_EDGE('',*,*,#9105,.F.);
#9160 = ORIENTED_EDGE('',*,*,#9057,.T.);
#9161 = CYLINDRICAL_SURFACE('',#9162,0.22);
#9162 = AXIS2_PLACEMENT_3D('',#9163,#9164,#9165);
#9163 = CARTESIAN_POINT('',(2.35,-2.,1.13));
#9164 = DIRECTION('',(-1.,0.,0.));
#9165 = DIRECTION('',(0.,0.,-1.));
#9166 = ADVANCED_FACE('',(#9167),#9178,.T.);
#9167 = FACE_BOUND('',#9168,.T.);
#9168 = EDGE_LOOP('',(#9169,#9170,#9176,#9177));
#9169 = ORIENTED_EDGE('',*,*,#9097,.F.);
#9170 = ORIENTED_EDGE('',*,*,#9171,.T.);
#9171 = EDGE_CURVE('',#9088,#9121,#9172,.T.);
#9172 = LINE('',#9173,#9174);
#9173 = CARTESIAN_POINT('',(2.35,-1.760357599562,1.3));
#9174 = VECTOR('',#9175,1.);
#9175 = DIRECTION('',(-1.,0.,0.));
#9176 = ORIENTED_EDGE('',*,*,#9120,.T.);
#9177 = ORIENTED_EDGE('',*,*,#9073,.F.);
#9178 = CYLINDRICAL_SURFACE('',#9179,0.22);
#9179 = AXIS2_PLACEMENT_3D('',#9180,#9181,#9182);
#9180 = CARTESIAN_POINT('',(2.35,-1.9,1.13));
#9181 = DIRECTION('',(-1.,0.,0.));
#9182 = DIRECTION('',(0.,0.,-1.));
#9183 = ADVANCED_FACE('',(#9184),#9218,.F.);
#9184 = FACE_BOUND('',#9185,.T.);
#9185 = EDGE_LOOP('',(#9186,#9196,#9204,#9212));
#9186 = ORIENTED_EDGE('',*,*,#9187,.T.);
#9187 = EDGE_CURVE('',#9188,#9190,#9192,.T.);
#9188 = VERTEX_POINT('',#9189);
#9189 = CARTESIAN_POINT('',(2.15,-2.9,0.12));
#9190 = VERTEX_POINT('',#9191);
#9191 = CARTESIAN_POINT('',(2.15,-2.9,-1.212951180468E-15));
#9192 = LINE('',#9193,#9194);
#9193 = CARTESIAN_POINT('',(2.15,-2.9,0.12));
#9194 = VECTOR('',#9195,1.);
#9195 = DIRECTION('',(0.,-6.123031769112E-17,-1.));
#9196 = ORIENTED_EDGE('',*,*,#9197,.F.);
#9197 = EDGE_CURVE('',#9198,#9190,#9200,.T.);
#9198 = VERTEX_POINT('',#9199);
#9199 = CARTESIAN_POINT('',(2.35,-2.9,-1.212951180468E-15));
#9200 = LINE('',#9201,#9202);
#9201 = CARTESIAN_POINT('',(2.35,-2.9,-1.212951180468E-15));
#9202 = VECTOR('',#9203,1.);
#9203 = DIRECTION('',(-1.,0.,0.));
#9204 = ORIENTED_EDGE('',*,*,#9205,.F.);
#9205 = EDGE_CURVE('',#9206,#9198,#9208,.T.);
#9206 = VERTEX_POINT('',#9207);
#9207 = CARTESIAN_POINT('',(2.35,-2.9,0.12));
#9208 = LINE('',#9209,#9210);
#9209 = CARTESIAN_POINT('',(2.35,-2.9,0.12));
#9210 = VECTOR('',#9211,1.);
#9211 = DIRECTION('',(0.,-6.123031769112E-17,-1.));
#9212 = ORIENTED_EDGE('',*,*,#9213,.T.);
#9213 = EDGE_CURVE('',#9206,#9188,#9214,.T.);
#9214 = LINE('',#9215,#9216);
#9215 = CARTESIAN_POINT('',(2.35,-2.9,0.12));
#9216 = VECTOR('',#9217,1.);
#9217 = DIRECTION('',(-1.,0.,0.));
#9218 = PLANE('',#9219);
#9219 = AXIS2_PLACEMENT_3D('',#9220,#9221,#9222);
#9220 = CARTESIAN_POINT('',(2.35,-2.9,0.12));
#9221 = DIRECTION('',(0.,1.,-6.123031769112E-17));
#9222 = DIRECTION('',(0.,6.123031769112E-17,1.));
#9223 = ADVANCED_FACE('',(#9224),#9249,.F.);
#9224 = FACE_BOUND('',#9225,.T.);
#9225 = EDGE_LOOP('',(#9226,#9234,#9242,#9248));
#9226 = ORIENTED_EDGE('',*,*,#9227,.T.);
#9227 = EDGE_CURVE('',#9190,#9228,#9230,.T.);
#9228 = VERTEX_POINT('',#9229);
#9229 = CARTESIAN_POINT('',(2.15,-2.32,8.809142651445E-17));
#9230 = LINE('',#9231,#9232);
#9231 = CARTESIAN_POINT('',(2.15,-2.9,8.809142651445E-17));
#9232 = VECTOR('',#9233,1.);
#9233 = DIRECTION('',(0.,1.,0.));
#9234 = ORIENTED_EDGE('',*,*,#9235,.F.);
#9235 = EDGE_CURVE('',#9236,#9228,#9238,.T.);
#9236 = VERTEX_POINT('',#9237);
#9237 = CARTESIAN_POINT('',(2.35,-2.32,8.809142651445E-17));
#9238 = LINE('',#9239,#9240);
#9239 = CARTESIAN_POINT('',(2.35,-2.32,8.809142651445E-17));
#9240 = VECTOR('',#9241,1.);
#9241 = DIRECTION('',(-1.,0.,0.));
#9242 = ORIENTED_EDGE('',*,*,#9243,.F.);
#9243 = EDGE_CURVE('',#9198,#9236,#9244,.T.);
#9244 = LINE('',#9245,#9246);
#9245 = CARTESIAN_POINT('',(2.35,-2.9,8.809142651445E-17));
#9246 = VECTOR('',#9247,1.);
#9247 = DIRECTION('',(0.,1.,0.));
#9248 = ORIENTED_EDGE('',*,*,#9197,.T.);
#9249 = PLANE('',#9250);
#9250 = AXIS2_PLACEMENT_3D('',#9251,#9252,#9253);
#9251 = CARTESIAN_POINT('',(2.35,-2.9,8.809142651445E-17));
#9252 = DIRECTION('',(0.,0.,1.));
#9253 = DIRECTION('',(0.,-1.,0.));
#9254 = ADVANCED_FACE('',(#9255),#9290,.T.);
#9255 = FACE_BOUND('',#9256,.T.);
#9256 = EDGE_LOOP('',(#9257,#9267,#9275,#9281,#9282,#9283));
#9257 = ORIENTED_EDGE('',*,*,#9258,.F.);
#9258 = EDGE_CURVE('',#9259,#9261,#9263,.T.);
#9259 = VERTEX_POINT('',#9260);
#9260 = CARTESIAN_POINT('',(2.35,-2.4,5.E-02));
#9261 = VERTEX_POINT('',#9262);
#9262 = CARTESIAN_POINT('',(2.35,-2.180357599562,5.E-02));
#9263 = LINE('',#9264,#9265);
#9264 = CARTESIAN_POINT('',(2.35,-1.9,5.E-02));
#9265 = VECTOR('',#9266,1.);
#9266 = DIRECTION('',(0.,1.,0.));
#9267 = ORIENTED_EDGE('',*,*,#9268,.F.);
#9268 = EDGE_CURVE('',#9269,#9259,#9271,.T.);
#9269 = VERTEX_POINT('',#9270);
#9270 = CARTESIAN_POINT('',(2.35,-2.4,0.12));
#9271 = LINE('',#9272,#9273);
#9272 = CARTESIAN_POINT('',(2.35,-2.4,1.13));
#9273 = VECTOR('',#9274,1.);
#9274 = DIRECTION('',(0.,-6.123031769112E-17,-1.));
#9275 = ORIENTED_EDGE('',*,*,#9276,.T.);
#9276 = EDGE_CURVE('',#9269,#9206,#9277,.T.);
#9277 = LINE('',#9278,#9279);
#9278 = CARTESIAN_POINT('',(2.35,-2.32,0.12));
#9279 = VECTOR('',#9280,1.);
#9280 = DIRECTION('',(0.,-1.,0.));
#9281 = ORIENTED_EDGE('',*,*,#9205,.T.);
#9282 = ORIENTED_EDGE('',*,*,#9243,.T.);
#9283 = ORIENTED_EDGE('',*,*,#9284,.T.);
#9284 = EDGE_CURVE('',#9236,#9261,#9285,.T.);
#9285 = CIRCLE('',#9286,0.22);
#9286 = AXIS2_PLACEMENT_3D('',#9287,#9288,#9289);
#9287 = CARTESIAN_POINT('',(2.35,-2.32,0.22));
#9288 = DIRECTION('',(1.,0.,0.));
#9289 = DIRECTION('',(0.,0.,-1.));
#9290 = PLANE('',#9291);
#9291 = AXIS2_PLACEMENT_3D('',#9292,#9293,#9294);
#9292 = CARTESIAN_POINT('',(2.35,-1.9,1.13));
#9293 = DIRECTION('',(1.,0.,-0.));
#9294 = DIRECTION('',(0.,0.,1.));
#9295 = ADVANCED_FACE('',(#9296),#9331,.F.);
#9296 = FACE_BOUND('',#9297,.T.);
#9297 = EDGE_LOOP('',(#9298,#9308,#9316,#9323,#9324,#9325));
#9298 = ORIENTED_EDGE('',*,*,#9299,.T.);
#9299 = EDGE_CURVE('',#9300,#9302,#9304,.T.);
#9300 = VERTEX_POINT('',#9301);
#9301 = CARTESIAN_POINT('',(2.15,-2.4,0.12));
#9302 = VERTEX_POINT('',#9303);
#9303 = CARTESIAN_POINT('',(2.15,-2.4,5.E-02));
#9304 = LINE('',#9305,#9306);
#9305 = CARTESIAN_POINT('',(2.15,-2.4,1.13));
#9306 = VECTOR('',#9307,1.);
#9307 = DIRECTION('',(0.,-6.123031769112E-17,-1.));
#9308 = ORIENTED_EDGE('',*,*,#9309,.T.);
#9309 = EDGE_CURVE('',#9302,#9310,#9312,.T.);
#9310 = VERTEX_POINT('',#9311);
#9311 = CARTESIAN_POINT('',(2.15,-2.180357599562,5.E-02));
#9312 = LINE('',#9313,#9314);
#9313 = CARTESIAN_POINT('',(2.15,-1.9,5.E-02));
#9314 = VECTOR('',#9315,1.);
#9315 = DIRECTION('',(0.,1.,0.));
#9316 = ORIENTED_EDGE('',*,*,#9317,.F.);
#9317 = EDGE_CURVE('',#9228,#9310,#9318,.T.);
#9318 = CIRCLE('',#9319,0.22);
#9319 = AXIS2_PLACEMENT_3D('',#9320,#9321,#9322);
#9320 = CARTESIAN_POINT('',(2.15,-2.32,0.22));
#9321 = DIRECTION('',(1.,0.,0.));
#9322 = DIRECTION('',(0.,0.,-1.));
#9323 = ORIENTED_EDGE('',*,*,#9227,.F.);
#9324 = ORIENTED_EDGE('',*,*,#9187,.F.);
#9325 = ORIENTED_EDGE('',*,*,#9326,.F.);
#9326 = EDGE_CURVE('',#9300,#9188,#9327,.T.);
#9327 = LINE('',#9328,#9329);
#9328 = CARTESIAN_POINT('',(2.15,-2.32,0.12));
#9329 = VECTOR('',#9330,1.);
#9330 = DIRECTION('',(0.,-1.,0.));
#9331 = PLANE('',#9332);
#9332 = AXIS2_PLACEMENT_3D('',#9333,#9334,#9335);
#9333 = CARTESIAN_POINT('',(2.15,-1.9,1.13));
#9334 = DIRECTION('',(1.,0.,-0.));
#9335 = DIRECTION('',(0.,0.,1.));
#9336 = ADVANCED_FACE('',(#9337),#9348,.T.);
#9337 = FACE_BOUND('',#9338,.T.);
#9338 = EDGE_LOOP('',(#9339,#9340,#9346,#9347));
#9339 = ORIENTED_EDGE('',*,*,#9317,.T.);
#9340 = ORIENTED_EDGE('',*,*,#9341,.T.);
#9341 = EDGE_CURVE('',#9310,#9261,#9342,.T.);
#9342 = LINE('',#9343,#9344);
#9343 = CARTESIAN_POINT('',(2.35,-2.180357599562,5.E-02));
#9344 = VECTOR('',#9345,1.);
#9345 = DIRECTION('',(1.,-0.,-0.));
#9346 = ORIENTED_EDGE('',*,*,#9284,.F.);
#9347 = ORIENTED_EDGE('',*,*,#9235,.T.);
#9348 = CYLINDRICAL_SURFACE('',#9349,0.22);
#9349 = AXIS2_PLACEMENT_3D('',#9350,#9351,#9352);
#9350 = CARTESIAN_POINT('',(2.35,-2.32,0.22));
#9351 = DIRECTION('',(-1.,0.,0.));
#9352 = DIRECTION('',(0.,0.,-1.));
#9353 = ADVANCED_FACE('',(#9354),#9365,.F.);
#9354 = FACE_BOUND('',#9355,.T.);
#9355 = EDGE_LOOP('',(#9356,#9357,#9363,#9364));
#9356 = ORIENTED_EDGE('',*,*,#9276,.F.);
#9357 = ORIENTED_EDGE('',*,*,#9358,.T.);
#9358 = EDGE_CURVE('',#9269,#9300,#9359,.T.);
#9359 = LINE('',#9360,#9361);
#9360 = CARTESIAN_POINT('',(2.35,-2.4,0.12));
#9361 = VECTOR('',#9362,1.);
#9362 = DIRECTION('',(-1.,3.061515884556E-17,0.));
#9363 = ORIENTED_EDGE('',*,*,#9326,.T.);
#9364 = ORIENTED_EDGE('',*,*,#9213,.F.);
#9365 = PLANE('',#9366);
#9366 = AXIS2_PLACEMENT_3D('',#9367,#9368,#9369);
#9367 = CARTESIAN_POINT('',(2.35,-2.32,0.12));
#9368 = DIRECTION('',(0.,0.,-1.));
#9369 = DIRECTION('',(0.,1.,0.));
#9370 = ADVANCED_FACE('',(#9371),#9415,.T.);
#9371 = FACE_BOUND('',#9372,.T.);
#9372 = EDGE_LOOP('',(#9373,#9383,#9392,#9400,#9409));
#9373 = ORIENTED_EDGE('',*,*,#9374,.F.);
#9374 = EDGE_CURVE('',#9375,#9377,#9379,.T.);
#9375 = VERTEX_POINT('',#9376);
#9376 = CARTESIAN_POINT('',(2.35,-1.,0.873988949953));
#9377 = VERTEX_POINT('',#9378);
#9378 = CARTESIAN_POINT('',(2.35,-1.,1.091428571429));
#9379 = LINE('',#9380,#9381);
#9380 = CARTESIAN_POINT('',(2.35,-1.,1.13));
#9381 = VECTOR('',#9382,1.);
#9382 = DIRECTION('',(0.,6.123031769112E-17,1.));
#9383 = ORIENTED_EDGE('',*,*,#9384,.T.);
#9384 = EDGE_CURVE('',#9375,#9385,#9387,.T.);
#9385 = VERTEX_POINT('',#9386);
#9386 = CARTESIAN_POINT('',(2.35,-0.99330699074,0.879142217349));
#9387 = CIRCLE('',#9388,0.2);
#9388 = AXIS2_PLACEMENT_3D('',#9389,#9390,#9391);
#9389 = CARTESIAN_POINT('',(2.35,-0.87466718313,0.718131049879));
#9390 = DIRECTION('',(-1.,0.,0.));
#9391 = DIRECTION('',(0.,-0.988715504225,0.149805379428));
#9392 = ORIENTED_EDGE('',*,*,#9393,.T.);
#9393 = EDGE_CURVE('',#9385,#9394,#9396,.T.);
#9394 = VERTEX_POINT('',#9395);
#9395 = CARTESIAN_POINT('',(2.35,-0.989501892653,0.881945973835));
#9396 = LINE('',#9397,#9398);
#9397 = CARTESIAN_POINT('',(2.35,-0.99330699074,0.879142217349));
#9398 = VECTOR('',#9399,1.);
#9399 = DIRECTION('',(0.,0.805055837353,0.59319903805));
#9400 = ORIENTED_EDGE('',*,*,#9401,.T.);
#9401 = EDGE_CURVE('',#9394,#9402,#9404,.T.);
#9402 = VERTEX_POINT('',#9403);
#9403 = CARTESIAN_POINT('',(2.35,-0.970376573854,1.057573227262));
#9404 = CIRCLE('',#9405,0.12);
#9405 = AXIS2_PLACEMENT_3D('',#9406,#9407,#9408);
#9406 = CARTESIAN_POINT('',(2.35,-1.060685777219,0.978552674317));
#9407 = DIRECTION('',(1.,0.,0.));
#9408 = DIRECTION('',(0.,0.59319903805,-0.805055837353));
#9409 = ORIENTED_EDGE('',*,*,#9410,.T.);
#9410 = EDGE_CURVE('',#9402,#9377,#9411,.T.);
#9411 = LINE('',#9412,#9413);
#9412 = CARTESIAN_POINT('',(2.35,-0.970376573854,1.057573227262));
#9413 = VECTOR('',#9414,1.);
#9414 = DIRECTION('',(0.,-0.658504607869,0.752576694707));
#9415 = PLANE('',#9416);
#9416 = AXIS2_PLACEMENT_3D('',#9417,#9418,#9419);
#9417 = CARTESIAN_POINT('',(2.35,-1.9,1.13));
#9418 = DIRECTION('',(1.,0.,-0.));
#9419 = DIRECTION('',(0.,0.,1.));
#9420 = ADVANCED_FACE('',(#9421),#9465,.F.);
#9421 = FACE_BOUND('',#9422,.T.);
#9422 = EDGE_LOOP('',(#9423,#9434,#9442,#9450,#9459));
#9423 = ORIENTED_EDGE('',*,*,#9424,.F.);
#9424 = EDGE_CURVE('',#9425,#9427,#9429,.T.);
#9425 = VERTEX_POINT('',#9426);
#9426 = CARTESIAN_POINT('',(2.15,-1.,0.873988949953));
#9427 = VERTEX_POINT('',#9428);
#9428 = CARTESIAN_POINT('',(2.15,-0.99330699074,0.879142217349));
#9429 = CIRCLE('',#9430,0.2);
#9430 = AXIS2_PLACEMENT_3D('',#9431,#9432,#9433);
#9431 = CARTESIAN_POINT('',(2.15,-0.87466718313,0.718131049879));
#9432 = DIRECTION('',(-1.,0.,0.));
#9433 = DIRECTION('',(0.,-0.988715504225,0.149805379428));
#9434 = ORIENTED_EDGE('',*,*,#9435,.T.);
#9435 = EDGE_CURVE('',#9425,#9436,#9438,.T.);
#9436 = VERTEX_POINT('',#9437);
#9437 = CARTESIAN_POINT('',(2.15,-1.,1.091428571429));
#9438 = LINE('',#9439,#9440);
#9439 = CARTESIAN_POINT('',(2.15,-1.,1.13));
#9440 = VECTOR('',#9441,1.);
#9441 = DIRECTION('',(0.,6.123031769112E-17,1.));
#9442 = ORIENTED_EDGE('',*,*,#9443,.F.);
#9443 = EDGE_CURVE('',#9444,#9436,#9446,.T.);
#9444 = VERTEX_POINT('',#9445);
#9445 = CARTESIAN_POINT('',(2.15,-0.970376573854,1.057573227262));
#9446 = LINE('',#9447,#9448);
#9447 = CARTESIAN_POINT('',(2.15,-0.970376573854,1.057573227262));
#9448 = VECTOR('',#9449,1.);
#9449 = DIRECTION('',(0.,-0.658504607869,0.752576694707));
#9450 = ORIENTED_EDGE('',*,*,#9451,.F.);
#9451 = EDGE_CURVE('',#9452,#9444,#9454,.T.);
#9452 = VERTEX_POINT('',#9453);
#9453 = CARTESIAN_POINT('',(2.15,-0.989501892653,0.881945973835));
#9454 = CIRCLE('',#9455,0.12);
#9455 = AXIS2_PLACEMENT_3D('',#9456,#9457,#9458);
#9456 = CARTESIAN_POINT('',(2.15,-1.060685777219,0.978552674317));
#9457 = DIRECTION('',(1.,0.,0.));
#9458 = DIRECTION('',(0.,0.59319903805,-0.805055837353));
#9459 = ORIENTED_EDGE('',*,*,#9460,.F.);
#9460 = EDGE_CURVE('',#9427,#9452,#9461,.T.);
#9461 = LINE('',#9462,#9463);
#9462 = CARTESIAN_POINT('',(2.15,-0.99330699074,0.879142217349));
#9463 = VECTOR('',#9464,1.);
#9464 = DIRECTION('',(0.,0.805055837353,0.59319903805));
#9465 = PLANE('',#9466);
#9466 = AXIS2_PLACEMENT_3D('',#9467,#9468,#9469);
#9467 = CARTESIAN_POINT('',(2.15,-1.9,1.13));
#9468 = DIRECTION('',(1.,0.,-0.));
#9469 = DIRECTION('',(0.,0.,1.));
#9470 = ADVANCED_FACE('',(#9471),#9487,.F.);
#9471 = FACE_BOUND('',#9472,.F.);
#9472 = EDGE_LOOP('',(#9473,#9479,#9480,#9486));
#9473 = ORIENTED_EDGE('',*,*,#9474,.T.);
#9474 = EDGE_CURVE('',#9385,#9427,#9475,.T.);
#9475 = LINE('',#9476,#9477);
#9476 = CARTESIAN_POINT('',(2.35,-0.99330699074,0.879142217349));
#9477 = VECTOR('',#9478,1.);
#9478 = DIRECTION('',(-1.,0.,0.));
#9479 = ORIENTED_EDGE('',*,*,#9424,.F.);
#9480 = ORIENTED_EDGE('',*,*,#9481,.F.);
#9481 = EDGE_CURVE('',#9375,#9425,#9482,.T.);
#9482 = LINE('',#9483,#9484);
#9483 = CARTESIAN_POINT('',(2.35,-1.,0.873988949953));
#9484 = VECTOR('',#9485,1.);
#9485 = DIRECTION('',(-1.,0.,0.));
#9486 = ORIENTED_EDGE('',*,*,#9384,.T.);
#9487 = CYLINDRICAL_SURFACE('',#9488,0.2);
#9488 = AXIS2_PLACEMENT_3D('',#9489,#9490,#9491);
#9489 = CARTESIAN_POINT('',(2.35,-0.87466718313,0.718131049879));
#9490 = DIRECTION('',(-1.,0.,0.));
#9491 = DIRECTION('',(0.,0.,-1.));
#9492 = ADVANCED_FACE('',(#9493),#9504,.F.);
#9493 = FACE_BOUND('',#9494,.T.);
#9494 = EDGE_LOOP('',(#9495,#9496,#9502,#9503));
#9495 = ORIENTED_EDGE('',*,*,#9460,.T.);
#9496 = ORIENTED_EDGE('',*,*,#9497,.F.);
#9497 = EDGE_CURVE('',#9394,#9452,#9498,.T.);
#9498 = LINE('',#9499,#9500);
#9499 = CARTESIAN_POINT('',(2.35,-0.989501892653,0.881945973835));
#9500 = VECTOR('',#9501,1.);
#9501 = DIRECTION('',(-1.,0.,0.));
#9502 = ORIENTED_EDGE('',*,*,#9393,.F.);
#9503 = ORIENTED_EDGE('',*,*,#9474,.T.);
#9504 = PLANE('',#9505);
#9505 = AXIS2_PLACEMENT_3D('',#9506,#9507,#9508);
#9506 = CARTESIAN_POINT('',(2.35,-0.99330699074,0.879142217349));
#9507 = DIRECTION('',(0.,-0.59319903805,0.805055837353));
#9508 = DIRECTION('',(0.,-0.805055837353,-0.59319903805));
#9509 = ADVANCED_FACE('',(#9510),#9521,.T.);
#9510 = FACE_BOUND('',#9511,.T.);
#9511 = EDGE_LOOP('',(#9512,#9513,#9519,#9520));
#9512 = ORIENTED_EDGE('',*,*,#9451,.T.);
#9513 = ORIENTED_EDGE('',*,*,#9514,.F.);
#9514 = EDGE_CURVE('',#9402,#9444,#9515,.T.);
#9515 = LINE('',#9516,#9517);
#9516 = CARTESIAN_POINT('',(2.35,-0.970376573854,1.057573227262));
#9517 = VECTOR('',#9518,1.);
#9518 = DIRECTION('',(-1.,0.,0.));
#9519 = ORIENTED_EDGE('',*,*,#9401,.F.);
#9520 = ORIENTED_EDGE('',*,*,#9497,.T.);
#9521 = CYLINDRICAL_SURFACE('',#9522,0.12);
#9522 = AXIS2_PLACEMENT_3D('',#9523,#9524,#9525);
#9523 = CARTESIAN_POINT('',(2.35,-1.060685777219,0.978552674317));
#9524 = DIRECTION('',(-1.,0.,0.));
#9525 = DIRECTION('',(0.,0.,-1.));
#9526 = ADVANCED_FACE('',(#9527),#9538,.F.);
#9527 = FACE_BOUND('',#9528,.T.);
#9528 = EDGE_LOOP('',(#9529,#9530,#9536,#9537));
#9529 = ORIENTED_EDGE('',*,*,#9443,.T.);
#9530 = ORIENTED_EDGE('',*,*,#9531,.T.);
#9531 = EDGE_CURVE('',#9436,#9377,#9532,.T.);
#9532 = LINE('',#9533,#9534);
#9533 = CARTESIAN_POINT('',(2.35,-1.,1.091428571429));
#9534 = VECTOR('',#9535,1.);
#9535 = DIRECTION('',(1.,-3.061515884556E-17,3.498875296635E-17));
#9536 = ORIENTED_EDGE('',*,*,#9410,.F.);
#9537 = ORIENTED_EDGE('',*,*,#9514,.T.);
#9538 = PLANE('',#9539);
#9539 = AXIS2_PLACEMENT_3D('',#9540,#9541,#9542);
#9540 = CARTESIAN_POINT('',(2.35,-0.970376573854,1.057573227262));
#9541 = DIRECTION('',(0.,-0.752576694707,-0.658504607869));
#9542 = DIRECTION('',(0.,0.658504607869,-0.752576694707));
#9543 = ADVANCED_FACE('',(#9544),#9578,.F.);
#9544 = FACE_BOUND('',#9545,.T.);
#9545 = EDGE_LOOP('',(#9546,#9556,#9564,#9572));
#9546 = ORIENTED_EDGE('',*,*,#9547,.F.);
#9547 = EDGE_CURVE('',#9548,#9550,#9552,.T.);
#9548 = VERTEX_POINT('',#9549);
#9549 = CARTESIAN_POINT('',(2.15,1.9,1.35));
#9550 = VERTEX_POINT('',#9551);
#9551 = CARTESIAN_POINT('',(2.15,2.,1.35));
#9552 = LINE('',#9553,#9554);
#9553 = CARTESIAN_POINT('',(2.15,1.9,1.35));
#9554 = VECTOR('',#9555,1.);
#9555 = DIRECTION('',(0.,1.,0.));
#9556 = ORIENTED_EDGE('',*,*,#9557,.F.);
#9557 = EDGE_CURVE('',#9558,#9548,#9560,.T.);
#9558 = VERTEX_POINT('',#9559);
#9559 = CARTESIAN_POINT('',(2.35,1.9,1.35));
#9560 = LINE('',#9561,#9562);
#9561 = CARTESIAN_POINT('',(2.35,1.9,1.35));
#9562 = VECTOR('',#9563,1.);
#9563 = DIRECTION('',(-1.,0.,0.));
#9564 = ORIENTED_EDGE('',*,*,#9565,.T.);
#9565 = EDGE_CURVE('',#9558,#9566,#9568,.T.);
#9566 = VERTEX_POINT('',#9567);
#9567 = CARTESIAN_POINT('',(2.35,2.,1.35));
#9568 = LINE('',#9569,#9570);
#9569 = CARTESIAN_POINT('',(2.35,1.9,1.35));
#9570 = VECTOR('',#9571,1.);
#9571 = DIRECTION('',(0.,1.,0.));
#9572 = ORIENTED_EDGE('',*,*,#9573,.T.);
#9573 = EDGE_CURVE('',#9566,#9550,#9574,.T.);
#9574 = LINE('',#9575,#9576);
#9575 = CARTESIAN_POINT('',(2.35,2.,1.35));
#9576 = VECTOR('',#9577,1.);
#9577 = DIRECTION('',(-1.,0.,0.));
#9578 = PLANE('',#9579);
#9579 = AXIS2_PLACEMENT_3D('',#9580,#9581,#9582);
#9580 = CARTESIAN_POINT('',(2.35,1.9,1.35));
#9581 = DIRECTION('',(0.,0.,-1.));
#9582 = DIRECTION('',(0.,-1.,0.));
#9583 = ADVANCED_FACE('',(#9584),#9611,.F.);
#9584 = FACE_BOUND('',#9585,.T.);
#9585 = EDGE_LOOP('',(#9586,#9595,#9603,#9610));
#9586 = ORIENTED_EDGE('',*,*,#9587,.T.);
#9587 = EDGE_CURVE('',#9550,#9588,#9590,.T.);
#9588 = VERTEX_POINT('',#9589);
#9589 = CARTESIAN_POINT('',(2.15,2.139642400438,1.3));
#9590 = CIRCLE('',#9591,0.22);
#9591 = AXIS2_PLACEMENT_3D('',#9592,#9593,#9594);
#9592 = CARTESIAN_POINT('',(2.15,2.,1.13));
#9593 = DIRECTION('',(-1.,0.,0.));
#9594 = DIRECTION('',(0.,0.,1.));
#9595 = ORIENTED_EDGE('',*,*,#9596,.T.);
#9596 = EDGE_CURVE('',#9588,#9597,#9599,.T.);
#9597 = VERTEX_POINT('',#9598);
#9598 = CARTESIAN_POINT('',(2.15,1.760357599562,1.3));
#9599 = LINE('',#9600,#9601);
#9600 = CARTESIAN_POINT('',(2.15,1.9,1.3));
#9601 = VECTOR('',#9602,1.);
#9602 = DIRECTION('',(0.,-1.,0.));
#9603 = ORIENTED_EDGE('',*,*,#9604,.T.);
#9604 = EDGE_CURVE('',#9597,#9548,#9605,.T.);
#9605 = CIRCLE('',#9606,0.22);
#9606 = AXIS2_PLACEMENT_3D('',#9607,#9608,#9609);
#9607 = CARTESIAN_POINT('',(2.15,1.9,1.13));
#9608 = DIRECTION('',(-1.,0.,0.));
#9609 = DIRECTION('',(0.,-1.,0.));
#9610 = ORIENTED_EDGE('',*,*,#9547,.T.);
#9611 = PLANE('',#9612);
#9612 = AXIS2_PLACEMENT_3D('',#9613,#9614,#9615);
#9613 = CARTESIAN_POINT('',(2.15,1.9,1.13));
#9614 = DIRECTION('',(1.,0.,-0.));
#9615 = DIRECTION('',(0.,0.,1.));
#9616 = ADVANCED_FACE('',(#9617),#9644,.T.);
#9617 = FACE_BOUND('',#9618,.T.);
#9618 = EDGE_LOOP('',(#9619,#9629,#9636,#9637));
#9619 = ORIENTED_EDGE('',*,*,#9620,.F.);
#9620 = EDGE_CURVE('',#9621,#9623,#9625,.T.);
#9621 = VERTEX_POINT('',#9622);
#9622 = CARTESIAN_POINT('',(2.35,2.139642400438,1.3));
#9623 = VERTEX_POINT('',#9624);
#9624 = CARTESIAN_POINT('',(2.35,1.760357599562,1.3));
#9625 = LINE('',#9626,#9627);
#9626 = CARTESIAN_POINT('',(2.35,1.9,1.3));
#9627 = VECTOR('',#9628,1.);
#9628 = DIRECTION('',(0.,-1.,0.));
#9629 = ORIENTED_EDGE('',*,*,#9630,.F.);
#9630 = EDGE_CURVE('',#9566,#9621,#9631,.T.);
#9631 = CIRCLE('',#9632,0.22);
#9632 = AXIS2_PLACEMENT_3D('',#9633,#9634,#9635);
#9633 = CARTESIAN_POINT('',(2.35,2.,1.13));
#9634 = DIRECTION('',(-1.,0.,0.));
#9635 = DIRECTION('',(0.,0.,1.));
#9636 = ORIENTED_EDGE('',*,*,#9565,.F.);
#9637 = ORIENTED_EDGE('',*,*,#9638,.F.);
#9638 = EDGE_CURVE('',#9623,#9558,#9639,.T.);
#9639 = CIRCLE('',#9640,0.22);
#9640 = AXIS2_PLACEMENT_3D('',#9641,#9642,#9643);
#9641 = CARTESIAN_POINT('',(2.35,1.9,1.13));
#9642 = DIRECTION('',(-1.,0.,0.));
#9643 = DIRECTION('',(0.,-1.,0.));
#9644 = PLANE('',#9645);
#9645 = AXIS2_PLACEMENT_3D('',#9646,#9647,#9648);
#9646 = CARTESIAN_POINT('',(2.35,1.9,1.13));
#9647 = DIRECTION('',(1.,0.,-0.));
#9648 = DIRECTION('',(0.,0.,1.));
#9649 = ADVANCED_FACE('',(#9650),#9661,.T.);
#9650 = FACE_BOUND('',#9651,.T.);
#9651 = EDGE_LOOP('',(#9652,#9653,#9659,#9660));
#9652 = ORIENTED_EDGE('',*,*,#9630,.T.);
#9653 = ORIENTED_EDGE('',*,*,#9654,.T.);
#9654 = EDGE_CURVE('',#9621,#9588,#9655,.T.);
#9655 = LINE('',#9656,#9657);
#9656 = CARTESIAN_POINT('',(2.35,2.139642400438,1.3));
#9657 = VECTOR('',#9658,1.);
#9658 = DIRECTION('',(-1.,0.,0.));
#9659 = ORIENTED_EDGE('',*,*,#9587,.F.);
#9660 = ORIENTED_EDGE('',*,*,#9573,.F.);
#9661 = CYLINDRICAL_SURFACE('',#9662,0.22);
#9662 = AXIS2_PLACEMENT_3D('',#9663,#9664,#9665);
#9663 = CARTESIAN_POINT('',(2.35,2.,1.13));
#9664 = DIRECTION('',(-1.,0.,0.));
#9665 = DIRECTION('',(0.,0.,-1.));
#9666 = ADVANCED_FACE('',(#9667),#9678,.T.);
#9667 = FACE_BOUND('',#9668,.T.);
#9668 = EDGE_LOOP('',(#9669,#9670,#9676,#9677));
#9669 = ORIENTED_EDGE('',*,*,#9604,.F.);
#9670 = ORIENTED_EDGE('',*,*,#9671,.T.);
#9671 = EDGE_CURVE('',#9597,#9623,#9672,.T.);
#9672 = LINE('',#9673,#9674);
#9673 = CARTESIAN_POINT('',(2.35,1.760357599562,1.3));
#9674 = VECTOR('',#9675,1.);
#9675 = DIRECTION('',(1.,-0.,-0.));
#9676 = ORIENTED_EDGE('',*,*,#9638,.T.);
#9677 = ORIENTED_EDGE('',*,*,#9557,.T.);
#9678 = CYLINDRICAL_SURFACE('',#9679,0.22);
#9679 = AXIS2_PLACEMENT_3D('',#9680,#9681,#9682);
#9680 = CARTESIAN_POINT('',(2.35,1.9,1.13));
#9681 = DIRECTION('',(-1.,0.,0.));
#9682 = DIRECTION('',(0.,0.,-1.));
#9683 = ADVANCED_FACE('',(#9684),#9718,.F.);
#9684 = FACE_BOUND('',#9685,.T.);
#9685 = EDGE_LOOP('',(#9686,#9696,#9704,#9712));
#9686 = ORIENTED_EDGE('',*,*,#9687,.F.);
#9687 = EDGE_CURVE('',#9688,#9690,#9692,.T.);
#9688 = VERTEX_POINT('',#9689);
#9689 = CARTESIAN_POINT('',(2.15,2.9,-1.212951180468E-15));
#9690 = VERTEX_POINT('',#9691);
#9691 = CARTESIAN_POINT('',(2.15,2.32,8.809142651445E-17));
#9692 = LINE('',#9693,#9694);
#9693 = CARTESIAN_POINT('',(2.15,2.9,8.809142651445E-17));
#9694 = VECTOR('',#9695,1.);
#9695 = DIRECTION('',(0.,-1.,0.));
#9696 = ORIENTED_EDGE('',*,*,#9697,.F.);
#9697 = EDGE_CURVE('',#9698,#9688,#9700,.T.);
#9698 = VERTEX_POINT('',#9699);
#9699 = CARTESIAN_POINT('',(2.35,2.9,-1.212951180468E-15));
#9700 = LINE('',#9701,#9702);
#9701 = CARTESIAN_POINT('',(2.35,2.9,-1.212951180468E-15));
#9702 = VECTOR('',#9703,1.);
#9703 = DIRECTION('',(-1.,0.,0.));
#9704 = ORIENTED_EDGE('',*,*,#9705,.T.);
#9705 = EDGE_CURVE('',#9698,#9706,#9708,.T.);
#9706 = VERTEX_POINT('',#9707);
#9707 = CARTESIAN_POINT('',(2.35,2.32,8.809142651445E-17));
#9708 = LINE('',#9709,#9710);
#9709 = CARTESIAN_POINT('',(2.35,2.9,8.809142651445E-17));
#9710 = VECTOR('',#9711,1.);
#9711 = DIRECTION('',(0.,-1.,0.));
#9712 = ORIENTED_EDGE('',*,*,#9713,.T.);
#9713 = EDGE_CURVE('',#9706,#9690,#9714,.T.);
#9714 = LINE('',#9715,#9716);
#9715 = CARTESIAN_POINT('',(2.35,2.32,8.809142651445E-17));
#9716 = VECTOR('',#9717,1.);
#9717 = DIRECTION('',(-1.,0.,0.));
#9718 = PLANE('',#9719);
#9719 = AXIS2_PLACEMENT_3D('',#9720,#9721,#9722);
#9720 = CARTESIAN_POINT('',(2.35,2.9,8.809142651445E-17));
#9721 = DIRECTION('',(0.,-0.,1.));
#9722 = DIRECTION('',(0.,1.,0.));
#9723 = ADVANCED_FACE('',(#9724),#9749,.F.);
#9724 = FACE_BOUND('',#9725,.T.);
#9725 = EDGE_LOOP('',(#9726,#9734,#9742,#9748));
#9726 = ORIENTED_EDGE('',*,*,#9727,.F.);
#9727 = EDGE_CURVE('',#9728,#9688,#9730,.T.);
#9728 = VERTEX_POINT('',#9729);
#9729 = CARTESIAN_POINT('',(2.15,2.9,0.12));
#9730 = LINE('',#9731,#9732);
#9731 = CARTESIAN_POINT('',(2.15,2.9,0.12));
#9732 = VECTOR('',#9733,1.);
#9733 = DIRECTION('',(0.,6.123031769112E-17,-1.));
#9734 = ORIENTED_EDGE('',*,*,#9735,.F.);
#9735 = EDGE_CURVE('',#9736,#9728,#9738,.T.);
#9736 = VERTEX_POINT('',#9737);
#9737 = CARTESIAN_POINT('',(2.35,2.9,0.12));
#9738 = LINE('',#9739,#9740);
#9739 = CARTESIAN_POINT('',(2.35,2.9,0.12));
#9740 = VECTOR('',#9741,1.);
#9741 = DIRECTION('',(-1.,0.,0.));
#9742 = ORIENTED_EDGE('',*,*,#9743,.T.);
#9743 = EDGE_CURVE('',#9736,#9698,#9744,.T.);
#9744 = LINE('',#9745,#9746);
#9745 = CARTESIAN_POINT('',(2.35,2.9,0.12));
#9746 = VECTOR('',#9747,1.);
#9747 = DIRECTION('',(0.,6.123031769112E-17,-1.));
#9748 = ORIENTED_EDGE('',*,*,#9697,.T.);
#9749 = PLANE('',#9750);
#9750 = AXIS2_PLACEMENT_3D('',#9751,#9752,#9753);
#9751 = CARTESIAN_POINT('',(2.35,2.9,0.12));
#9752 = DIRECTION('',(0.,-1.,-6.123031769112E-17));
#9753 = DIRECTION('',(0.,-6.123031769112E-17,1.));
#9754 = ADVANCED_FACE('',(#9755),#9790,.F.);
#9755 = FACE_BOUND('',#9756,.T.);
#9756 = EDGE_LOOP('',(#9757,#9766,#9774,#9782,#9788,#9789));
#9757 = ORIENTED_EDGE('',*,*,#9758,.T.);
#9758 = EDGE_CURVE('',#9690,#9759,#9761,.T.);
#9759 = VERTEX_POINT('',#9760);
#9760 = CARTESIAN_POINT('',(2.15,2.180357599562,5.E-02));
#9761 = CIRCLE('',#9762,0.22);
#9762 = AXIS2_PLACEMENT_3D('',#9763,#9764,#9765);
#9763 = CARTESIAN_POINT('',(2.15,2.32,0.22));
#9764 = DIRECTION('',(-1.,0.,0.));
#9765 = DIRECTION('',(0.,0.,-1.));
#9766 = ORIENTED_EDGE('',*,*,#9767,.T.);
#9767 = EDGE_CURVE('',#9759,#9768,#9770,.T.);
#9768 = VERTEX_POINT('',#9769);
#9769 = CARTESIAN_POINT('',(2.15,2.4,5.E-02));
#9770 = LINE('',#9771,#9772);
#9771 = CARTESIAN_POINT('',(2.15,1.9,5.E-02));
#9772 = VECTOR('',#9773,1.);
#9773 = DIRECTION('',(0.,1.,0.));
#9774 = ORIENTED_EDGE('',*,*,#9775,.T.);
#9775 = EDGE_CURVE('',#9768,#9776,#9778,.T.);
#9776 = VERTEX_POINT('',#9777);
#9777 = CARTESIAN_POINT('',(2.15,2.4,0.12));
#9778 = LINE('',#9779,#9780);
#9779 = CARTESIAN_POINT('',(2.15,2.4,1.13));
#9780 = VECTOR('',#9781,1.);
#9781 = DIRECTION('',(0.,-6.123031769112E-17,1.));
#9782 = ORIENTED_EDGE('',*,*,#9783,.T.);
#9783 = EDGE_CURVE('',#9776,#9728,#9784,.T.);
#9784 = LINE('',#9785,#9786);
#9785 = CARTESIAN_POINT('',(2.15,2.32,0.12));
#9786 = VECTOR('',#9787,1.);
#9787 = DIRECTION('',(0.,1.,0.));
#9788 = ORIENTED_EDGE('',*,*,#9727,.T.);
#9789 = ORIENTED_EDGE('',*,*,#9687,.T.);
#9790 = PLANE('',#9791);
#9791 = AXIS2_PLACEMENT_3D('',#9792,#9793,#9794);
#9792 = CARTESIAN_POINT('',(2.15,1.9,1.13));
#9793 = DIRECTION('',(1.,0.,-0.));
#9794 = DIRECTION('',(0.,0.,1.));
#9795 = ADVANCED_FACE('',(#9796),#9831,.T.);
#9796 = FACE_BOUND('',#9797,.T.);
#9797 = EDGE_LOOP('',(#9798,#9808,#9815,#9816,#9817,#9825));
#9798 = ORIENTED_EDGE('',*,*,#9799,.F.);
#9799 = EDGE_CURVE('',#9800,#9802,#9804,.T.);
#9800 = VERTEX_POINT('',#9801);
#9801 = CARTESIAN_POINT('',(2.35,2.180357599562,5.E-02));
#9802 = VERTEX_POINT('',#9803);
#9803 = CARTESIAN_POINT('',(2.35,2.4,5.E-02));
#9804 = LINE('',#9805,#9806);
#9805 = CARTESIAN_POINT('',(2.35,1.9,5.E-02));
#9806 = VECTOR('',#9807,1.);
#9807 = DIRECTION('',(0.,1.,0.));
#9808 = ORIENTED_EDGE('',*,*,#9809,.F.);
#9809 = EDGE_CURVE('',#9706,#9800,#9810,.T.);
#9810 = CIRCLE('',#9811,0.22);
#9811 = AXIS2_PLACEMENT_3D('',#9812,#9813,#9814);
#9812 = CARTESIAN_POINT('',(2.35,2.32,0.22));
#9813 = DIRECTION('',(-1.,0.,0.));
#9814 = DIRECTION('',(0.,0.,-1.));
#9815 = ORIENTED_EDGE('',*,*,#9705,.F.);
#9816 = ORIENTED_EDGE('',*,*,#9743,.F.);
#9817 = ORIENTED_EDGE('',*,*,#9818,.F.);
#9818 = EDGE_CURVE('',#9819,#9736,#9821,.T.);
#9819 = VERTEX_POINT('',#9820);
#9820 = CARTESIAN_POINT('',(2.35,2.4,0.12));
#9821 = LINE('',#9822,#9823);
#9822 = CARTESIAN_POINT('',(2.35,2.32,0.12));
#9823 = VECTOR('',#9824,1.);
#9824 = DIRECTION('',(0.,1.,0.));
#9825 = ORIENTED_EDGE('',*,*,#9826,.F.);
#9826 = EDGE_CURVE('',#9802,#9819,#9827,.T.);
#9827 = LINE('',#9828,#9829);
#9828 = CARTESIAN_POINT('',(2.35,2.4,1.13));
#9829 = VECTOR('',#9830,1.);
#9830 = DIRECTION('',(0.,-6.123031769112E-17,1.));
#9831 = PLANE('',#9832);
#9832 = AXIS2_PLACEMENT_3D('',#9833,#9834,#9835);
#9833 = CARTESIAN_POINT('',(2.35,1.9,1.13));
#9834 = DIRECTION('',(1.,0.,-0.));
#9835 = DIRECTION('',(0.,0.,1.));
#9836 = ADVANCED_FACE('',(#9837),#9848,.T.);
#9837 = FACE_BOUND('',#9838,.T.);
#9838 = EDGE_LOOP('',(#9839,#9840,#9846,#9847));
#9839 = ORIENTED_EDGE('',*,*,#9809,.T.);
#9840 = ORIENTED_EDGE('',*,*,#9841,.T.);
#9841 = EDGE_CURVE('',#9800,#9759,#9842,.T.);
#9842 = LINE('',#9843,#9844);
#9843 = CARTESIAN_POINT('',(2.35,2.180357599562,5.E-02));
#9844 = VECTOR('',#9845,1.);
#9845 = DIRECTION('',(-1.,0.,0.));
#9846 = ORIENTED_EDGE('',*,*,#9758,.F.);
#9847 = ORIENTED_EDGE('',*,*,#9713,.F.);
#9848 = CYLINDRICAL_SURFACE('',#9849,0.22);
#9849 = AXIS2_PLACEMENT_3D('',#9850,#9851,#9852);
#9850 = CARTESIAN_POINT('',(2.35,2.32,0.22));
#9851 = DIRECTION('',(-1.,0.,0.));
#9852 = DIRECTION('',(0.,0.,-1.));
#9853 = ADVANCED_FACE('',(#9854),#9865,.F.);
#9854 = FACE_BOUND('',#9855,.T.);
#9855 = EDGE_LOOP('',(#9856,#9857,#9863,#9864));
#9856 = ORIENTED_EDGE('',*,*,#9783,.F.);
#9857 = ORIENTED_EDGE('',*,*,#9858,.T.);
#9858 = EDGE_CURVE('',#9776,#9819,#9859,.T.);
#9859 = LINE('',#9860,#9861);
#9860 = CARTESIAN_POINT('',(2.35,2.4,0.12));
#9861 = VECTOR('',#9862,1.);
#9862 = DIRECTION('',(1.,3.061515884556E-17,0.));
#9863 = ORIENTED_EDGE('',*,*,#9818,.T.);
#9864 = ORIENTED_EDGE('',*,*,#9735,.T.);
#9865 = PLANE('',#9866);
#9866 = AXIS2_PLACEMENT_3D('',#9867,#9868,#9869);
#9867 = CARTESIAN_POINT('',(2.35,2.32,0.12));
#9868 = DIRECTION('',(0.,0.,-1.));
#9869 = DIRECTION('',(0.,-1.,0.));
#9870 = ADVANCED_FACE('',(#9871),#9915,.T.);
#9871 = FACE_BOUND('',#9872,.T.);
#9872 = EDGE_LOOP('',(#9873,#9883,#9891,#9900,#9908));
#9873 = ORIENTED_EDGE('',*,*,#9874,.F.);
#9874 = EDGE_CURVE('',#9875,#9877,#9879,.T.);
#9875 = VERTEX_POINT('',#9876);
#9876 = CARTESIAN_POINT('',(2.35,1.,1.091428571429));
#9877 = VERTEX_POINT('',#9878);
#9878 = CARTESIAN_POINT('',(2.35,1.,0.873988949953));
#9879 = LINE('',#9880,#9881);
#9880 = CARTESIAN_POINT('',(2.35,1.,1.13));
#9881 = VECTOR('',#9882,1.);
#9882 = DIRECTION('',(0.,6.123031769112E-17,-1.));
#9883 = ORIENTED_EDGE('',*,*,#9884,.F.);
#9884 = EDGE_CURVE('',#9885,#9875,#9887,.T.);
#9885 = VERTEX_POINT('',#9886);
#9886 = CARTESIAN_POINT('',(2.35,0.970376573854,1.057573227262));
#9887 = LINE('',#9888,#9889);
#9888 = CARTESIAN_POINT('',(2.35,0.970376573854,1.057573227262));
#9889 = VECTOR('',#9890,1.);
#9890 = DIRECTION('',(0.,0.658504607869,0.752576694707));
#9891 = ORIENTED_EDGE('',*,*,#9892,.F.);
#9892 = EDGE_CURVE('',#9893,#9885,#9895,.T.);
#9893 = VERTEX_POINT('',#9894);
#9894 = CARTESIAN_POINT('',(2.35,0.989501892653,0.881945973835));
#9895 = CIRCLE('',#9896,0.12);
#9896 = AXIS2_PLACEMENT_3D('',#9897,#9898,#9899);
#9897 = CARTESIAN_POINT('',(2.35,1.060685777219,0.978552674317));
#9898 = DIRECTION('',(-1.,0.,0.));
#9899 = DIRECTION('',(-0.,-0.59319903805,-0.805055837353));
#9900 = ORIENTED_EDGE('',*,*,#9901,.F.);
#9901 = EDGE_CURVE('',#9902,#9893,#9904,.T.);
#9902 = VERTEX_POINT('',#9903);
#9903 = CARTESIAN_POINT('',(2.35,0.99330699074,0.879142217349));
#9904 = LINE('',#9905,#9906);
#9905 = CARTESIAN_POINT('',(2.35,0.99330699074,0.879142217349));
#9906 = VECTOR('',#9907,1.);
#9907 = DIRECTION('',(0.,-0.805055837353,0.59319903805));
#9908 = ORIENTED_EDGE('',*,*,#9909,.F.);
#9909 = EDGE_CURVE('',#9877,#9902,#9910,.T.);
#9910 = CIRCLE('',#9911,0.2);
#9911 = AXIS2_PLACEMENT_3D('',#9912,#9913,#9914);
#9912 = CARTESIAN_POINT('',(2.35,0.87466718313,0.718131049879));
#9913 = DIRECTION('',(1.,0.,0.));
#9914 = DIRECTION('',(-0.,0.988715504225,0.149805379428));
#9915 = PLANE('',#9916);
#9916 = AXIS2_PLACEMENT_3D('',#9917,#9918,#9919);
#9917 = CARTESIAN_POINT('',(2.35,1.9,1.13));
#9918 = DIRECTION('',(1.,0.,-0.));
#9919 = DIRECTION('',(0.,0.,1.));
#9920 = ADVANCED_FACE('',(#9921),#9965,.F.);
#9921 = FACE_BOUND('',#9922,.T.);
#9922 = EDGE_LOOP('',(#9923,#9933,#9941,#9950,#9958));
#9923 = ORIENTED_EDGE('',*,*,#9924,.T.);
#9924 = EDGE_CURVE('',#9925,#9927,#9929,.T.);
#9925 = VERTEX_POINT('',#9926);
#9926 = CARTESIAN_POINT('',(2.15,0.970376573854,1.057573227262));
#9927 = VERTEX_POINT('',#9928);
#9928 = CARTESIAN_POINT('',(2.15,1.,1.091428571429));
#9929 = LINE('',#9930,#9931);
#9930 = CARTESIAN_POINT('',(2.15,0.970376573854,1.057573227262));
#9931 = VECTOR('',#9932,1.);
#9932 = DIRECTION('',(0.,0.658504607869,0.752576694707));
#9933 = ORIENTED_EDGE('',*,*,#9934,.T.);
#9934 = EDGE_CURVE('',#9927,#9935,#9937,.T.);
#9935 = VERTEX_POINT('',#9936);
#9936 = CARTESIAN_POINT('',(2.15,1.,0.873988949953));
#9937 = LINE('',#9938,#9939);
#9938 = CARTESIAN_POINT('',(2.15,1.,1.13));
#9939 = VECTOR('',#9940,1.);
#9940 = DIRECTION('',(0.,6.123031769112E-17,-1.));
#9941 = ORIENTED_EDGE('',*,*,#9942,.T.);
#9942 = EDGE_CURVE('',#9935,#9943,#9945,.T.);
#9943 = VERTEX_POINT('',#9944);
#9944 = CARTESIAN_POINT('',(2.15,0.99330699074,0.879142217349));
#9945 = CIRCLE('',#9946,0.2);
#9946 = AXIS2_PLACEMENT_3D('',#9947,#9948,#9949);
#9947 = CARTESIAN_POINT('',(2.15,0.87466718313,0.718131049879));
#9948 = DIRECTION('',(1.,0.,0.));
#9949 = DIRECTION('',(-0.,0.988715504225,0.149805379428));
#9950 = ORIENTED_EDGE('',*,*,#9951,.T.);
#9951 = EDGE_CURVE('',#9943,#9952,#9954,.T.);
#9952 = VERTEX_POINT('',#9953);
#9953 = CARTESIAN_POINT('',(2.15,0.989501892653,0.881945973835));
#9954 = LINE('',#9955,#9956);
#9955 = CARTESIAN_POINT('',(2.15,0.99330699074,0.879142217349));
#9956 = VECTOR('',#9957,1.);
#9957 = DIRECTION('',(0.,-0.805055837353,0.59319903805));
#9958 = ORIENTED_EDGE('',*,*,#9959,.T.);
#9959 = EDGE_CURVE('',#9952,#9925,#9960,.T.);
#9960 = CIRCLE('',#9961,0.12);
#9961 = AXIS2_PLACEMENT_3D('',#9962,#9963,#9964);
#9962 = CARTESIAN_POINT('',(2.15,1.060685777219,0.978552674317));
#9963 = DIRECTION('',(-1.,0.,0.));
#9964 = DIRECTION('',(-0.,-0.59319903805,-0.805055837353));
#9965 = PLANE('',#9966);
#9966 = AXIS2_PLACEMENT_3D('',#9967,#9968,#9969);
#9967 = CARTESIAN_POINT('',(2.15,1.9,1.13));
#9968 = DIRECTION('',(1.,0.,-0.));
#9969 = DIRECTION('',(0.,0.,1.));
#9970 = ADVANCED_FACE('',(#9971),#9987,.F.);
#9971 = FACE_BOUND('',#9972,.F.);
#9972 = EDGE_LOOP('',(#9973,#9979,#9980,#9986));
#9973 = ORIENTED_EDGE('',*,*,#9974,.F.);
#9974 = EDGE_CURVE('',#9902,#9943,#9975,.T.);
#9975 = LINE('',#9976,#9977);
#9976 = CARTESIAN_POINT('',(2.35,0.99330699074,0.879142217349));
#9977 = VECTOR('',#9978,1.);
#9978 = DIRECTION('',(-1.,0.,0.));
#9979 = ORIENTED_EDGE('',*,*,#9909,.F.);
#9980 = ORIENTED_EDGE('',*,*,#9981,.F.);
#9981 = EDGE_CURVE('',#9935,#9877,#9982,.T.);
#9982 = LINE('',#9983,#9984);
#9983 = CARTESIAN_POINT('',(2.35,1.,0.873988949953));
#9984 = VECTOR('',#9985,1.);
#9985 = DIRECTION('',(1.,-0.,-0.));
#9986 = ORIENTED_EDGE('',*,*,#9942,.T.);
#9987 = CYLINDRICAL_SURFACE('',#9988,0.2);
#9988 = AXIS2_PLACEMENT_3D('',#9989,#9990,#9991);
#9989 = CARTESIAN_POINT('',(2.35,0.87466718313,0.718131049879));
#9990 = DIRECTION('',(-1.,0.,0.));
#9991 = DIRECTION('',(0.,0.,-1.));
#9992 = ADVANCED_FACE('',(#9993),#10004,.F.);
#9993 = FACE_BOUND('',#9994,.T.);
#9994 = EDGE_LOOP('',(#9995,#9996,#9997,#9998));
#9995 = ORIENTED_EDGE('',*,*,#9951,.F.);
#9996 = ORIENTED_EDGE('',*,*,#9974,.F.);
#9997 = ORIENTED_EDGE('',*,*,#9901,.T.);
#9998 = ORIENTED_EDGE('',*,*,#9999,.T.);
#9999 = EDGE_CURVE('',#9893,#9952,#10000,.T.);
#10000 = LINE('',#10001,#10002);
#10001 = CARTESIAN_POINT('',(2.35,0.989501892653,0.881945973835));
#10002 = VECTOR('',#10003,1.);
#10003 = DIRECTION('',(-1.,0.,0.));
#10004 = PLANE('',#10005);
#10005 = AXIS2_PLACEMENT_3D('',#10006,#10007,#10008);
#10006 = CARTESIAN_POINT('',(2.35,0.99330699074,0.879142217349));
#10007 = DIRECTION('',(0.,0.59319903805,0.805055837353));
#10008 = DIRECTION('',(0.,0.805055837353,-0.59319903805));
#10009 = ADVANCED_FACE('',(#10010),#10021,.T.);
#10010 = FACE_BOUND('',#10011,.T.);
#10011 = EDGE_LOOP('',(#10012,#10013,#10014,#10015));
#10012 = ORIENTED_EDGE('',*,*,#9959,.F.);
#10013 = ORIENTED_EDGE('',*,*,#9999,.F.);
#10014 = ORIENTED_EDGE('',*,*,#9892,.T.);
#10015 = ORIENTED_EDGE('',*,*,#10016,.T.);
#10016 = EDGE_CURVE('',#9885,#9925,#10017,.T.);
#10017 = LINE('',#10018,#10019);
#10018 = CARTESIAN_POINT('',(2.35,0.970376573854,1.057573227262));
#10019 = VECTOR('',#10020,1.);
#10020 = DIRECTION('',(-1.,0.,0.));
#10021 = CYLINDRICAL_SURFACE('',#10022,0.12);
#10022 = AXIS2_PLACEMENT_3D('',#10023,#10024,#10025);
#10023 = CARTESIAN_POINT('',(2.35,1.060685777219,0.978552674317));
#10024 = DIRECTION('',(-1.,0.,0.));
#10025 = DIRECTION('',(0.,0.,-1.));
#10026 = ADVANCED_FACE('',(#10027),#10038,.F.);
#10027 = FACE_BOUND('',#10028,.T.);
#10028 = EDGE_LOOP('',(#10029,#10030,#10036,#10037));
#10029 = ORIENTED_EDGE('',*,*,#9884,.T.);
#10030 = ORIENTED_EDGE('',*,*,#10031,.T.);
#10031 = EDGE_CURVE('',#9875,#9927,#10032,.T.);
#10032 = LINE('',#10033,#10034);
#10033 = CARTESIAN_POINT('',(2.35,1.,1.091428571429));
#10034 = VECTOR('',#10035,1.);
#10035 = DIRECTION('',(-1.,-3.061515884556E-17,-3.498875296635E-17));
#10036 = ORIENTED_EDGE('',*,*,#9924,.F.);
#10037 = ORIENTED_EDGE('',*,*,#10016,.F.);
#10038 = PLANE('',#10039);
#10039 = AXIS2_PLACEMENT_3D('',#10040,#10041,#10042);
#10040 = CARTESIAN_POINT('',(2.35,0.970376573854,1.057573227262));
#10041 = DIRECTION('',(0.,0.752576694707,-0.658504607869));
#10042 = DIRECTION('',(0.,-0.658504607869,-0.752576694707));
#10043 = ADVANCED_FACE('',(#10044),#10078,.T.);
#10044 = FACE_BOUND('',#10045,.T.);
#10045 = EDGE_LOOP('',(#10046,#10056,#10064,#10072));
#10046 = ORIENTED_EDGE('',*,*,#10047,.T.);
#10047 = EDGE_CURVE('',#10048,#10050,#10052,.T.);
#10048 = VERTEX_POINT('',#10049);
#10049 = CARTESIAN_POINT('',(-2.97,-0.85,0.25));
#10050 = VERTEX_POINT('',#10051);
#10051 = CARTESIAN_POINT('',(2.97,-0.85,0.25));
#10052 = LINE('',#10053,#10054);
#10053 = CARTESIAN_POINT('',(-2.375,-0.85,0.25));
#10054 = VECTOR('',#10055,1.);
#10055 = DIRECTION('',(1.,-3.061515884556E-17,-2.376236211391E-32));
#10056 = ORIENTED_EDGE('',*,*,#10057,.T.);
#10057 = EDGE_CURVE('',#10050,#10058,#10060,.T.);
#10058 = VERTEX_POINT('',#10059);
#10059 = CARTESIAN_POINT('',(2.97,0.85,0.25));
#10060 = LINE('',#10061,#10062);
#10061 = CARTESIAN_POINT('',(2.97,-1.,0.25));
#10062 = VECTOR('',#10063,1.);
#10063 = DIRECTION('',(-6.123031769112E-17,1.,0.));
#10064 = ORIENTED_EDGE('',*,*,#10065,.F.);
#10065 = EDGE_CURVE('',#10066,#10058,#10068,.T.);
#10066 = VERTEX_POINT('',#10067);
#10067 = CARTESIAN_POINT('',(-2.97,0.85,0.25));
#10068 = LINE('',#10069,#10070);
#10069 = CARTESIAN_POINT('',(-2.375,0.85,0.25));
#10070 = VECTOR('',#10071,1.);
#10071 = DIRECTION('',(1.,3.061515884556E-17,-2.376236211391E-32));
#10072 = ORIENTED_EDGE('',*,*,#10073,.F.);
#10073 = EDGE_CURVE('',#10048,#10066,#10074,.T.);
#10074 = LINE('',#10075,#10076);
#10075 = CARTESIAN_POINT('',(-2.97,-1.,0.25));
#10076 = VECTOR('',#10077,1.);
#10077 = DIRECTION('',(6.123031769112E-17,1.,0.));
#10078 = PLANE('',#10079);
#10079 = AXIS2_PLACEMENT_3D('',#10080,#10081,#10082);
#10080 = CARTESIAN_POINT('',(-2.5,1.989985324961E-17,0.25));
#10081 = DIRECTION('',(2.376236211391E-32,-7.274884906629E-49,1.));
#10082 = DIRECTION('',(3.061515884556E-17,1.,0.));
#10083 = ADVANCED_FACE('',(#10084),#10298,.T.);
#10084 = FACE_BOUND('',#10085,.T.);
#10085 = EDGE_LOOP('',(#10086,#10092,#10093,#10094,#10095,#10103,#10111,
    #10117,#10118,#10119,#10120,#10126,#10127,#10128,#10129,#10135,
    #10136,#10137,#10138,#10144,#10145,#10146,#10147,#10153,#10154,
    #10155,#10156,#10162,#10163,#10164,#10165,#10171,#10172,#10173,
    #10174,#10180,#10181,#10182,#10183,#10189,#10190,#10191,#10192,
    #10198,#10199,#10200,#10201,#10209,#10217,#10223,#10224,#10225,
    #10226,#10232,#10233,#10234,#10235,#10241,#10242,#10243,#10244,
    #10250,#10251,#10252,#10253,#10259,#10260,#10261,#10262,#10268,
    #10269,#10270,#10271,#10277,#10278,#10279,#10280,#10286,#10287,
    #10288,#10289,#10295,#10296,#10297));
#10086 = ORIENTED_EDGE('',*,*,#10087,.F.);
#10087 = EDGE_CURVE('',#259,#1302,#10088,.T.);
#10088 = LINE('',#10089,#10090);
#10089 = CARTESIAN_POINT('',(-2.5,-2.4,5.E-02));
#10090 = VECTOR('',#10091,1.);
#10091 = DIRECTION('',(1.,-3.061515884556E-17,-2.376236211391E-32));
#10092 = ORIENTED_EDGE('',*,*,#258,.T.);
#10093 = ORIENTED_EDGE('',*,*,#341,.F.);
#10094 = ORIENTED_EDGE('',*,*,#309,.F.);
#10095 = ORIENTED_EDGE('',*,*,#10096,.F.);
#10096 = EDGE_CURVE('',#10097,#302,#10099,.T.);
#10097 = VERTEX_POINT('',#10098);
#10098 = CARTESIAN_POINT('',(-4.,-2.4,5.E-02));
#10099 = LINE('',#10100,#10101);
#10100 = CARTESIAN_POINT('',(-2.5,-2.4,5.E-02));
#10101 = VECTOR('',#10102,1.);
#10102 = DIRECTION('',(1.,-3.061515884556E-17,-2.376236211391E-32));
#10103 = ORIENTED_EDGE('',*,*,#10104,.T.);
#10104 = EDGE_CURVE('',#10097,#10105,#10107,.T.);
#10105 = VERTEX_POINT('',#10106);
#10106 = CARTESIAN_POINT('',(-4.,2.4,5.E-02));
#10107 = LINE('',#10108,#10109);
#10108 = CARTESIAN_POINT('',(-4.,-2.4,5.E-02));
#10109 = VECTOR('',#10110,1.);
#10110 = DIRECTION('',(6.123031769112E-17,1.,0.));
#10111 = ORIENTED_EDGE('',*,*,#10112,.T.);
#10112 = EDGE_CURVE('',#10105,#768,#10113,.T.);
#10113 = LINE('',#10114,#10115);
#10114 = CARTESIAN_POINT('',(-2.5,2.4,5.E-02));
#10115 = VECTOR('',#10116,1.);
#10116 = DIRECTION('',(1.,3.061515884556E-17,-2.376236211391E-32));
#10117 = ORIENTED_EDGE('',*,*,#767,.F.);
#10118 = ORIENTED_EDGE('',*,*,#841,.F.);
#10119 = ORIENTED_EDGE('',*,*,#799,.T.);
#10120 = ORIENTED_EDGE('',*,*,#10121,.T.);
#10121 = EDGE_CURVE('',#802,#1768,#10122,.T.);
#10122 = LINE('',#10123,#10124);
#10123 = CARTESIAN_POINT('',(-2.5,2.4,5.E-02));
#10124 = VECTOR('',#10125,1.);
#10125 = DIRECTION('',(1.,3.061515884556E-17,-2.376236211391E-32));
#10126 = ORIENTED_EDGE('',*,*,#1767,.F.);
#10127 = ORIENTED_EDGE('',*,*,#1841,.F.);
#10128 = ORIENTED_EDGE('',*,*,#1799,.T.);
#10129 = ORIENTED_EDGE('',*,*,#10130,.T.);
#10130 = EDGE_CURVE('',#1802,#2768,#10131,.T.);
#10131 = LINE('',#10132,#10133);
#10132 = CARTESIAN_POINT('',(-2.5,2.4,5.E-02));
#10133 = VECTOR('',#10134,1.);
#10134 = DIRECTION('',(1.,3.061515884556E-17,-2.376236211391E-32));
#10135 = ORIENTED_EDGE('',*,*,#2767,.F.);
#10136 = ORIENTED_EDGE('',*,*,#2841,.F.);
#10137 = ORIENTED_EDGE('',*,*,#2799,.T.);
#10138 = ORIENTED_EDGE('',*,*,#10139,.T.);
#10139 = EDGE_CURVE('',#2802,#3768,#10140,.T.);
#10140 = LINE('',#10141,#10142);
#10141 = CARTESIAN_POINT('',(-2.5,2.4,5.E-02));
#10142 = VECTOR('',#10143,1.);
#10143 = DIRECTION('',(1.,3.061515884556E-17,-2.376236211391E-32));
#10144 = ORIENTED_EDGE('',*,*,#3767,.F.);
#10145 = ORIENTED_EDGE('',*,*,#3841,.F.);
#10146 = ORIENTED_EDGE('',*,*,#3799,.T.);
#10147 = ORIENTED_EDGE('',*,*,#10148,.T.);
#10148 = EDGE_CURVE('',#3802,#4768,#10149,.T.);
#10149 = LINE('',#10150,#10151);
#10150 = CARTESIAN_POINT('',(-2.5,2.4,5.E-02));
#10151 = VECTOR('',#10152,1.);
#10152 = DIRECTION('',(1.,3.061515884556E-17,-2.376236211391E-32));
#10153 = ORIENTED_EDGE('',*,*,#4767,.F.);
#10154 = ORIENTED_EDGE('',*,*,#4841,.F.);
#10155 = ORIENTED_EDGE('',*,*,#4799,.T.);
#10156 = ORIENTED_EDGE('',*,*,#10157,.T.);
#10157 = EDGE_CURVE('',#4802,#5768,#10158,.T.);
#10158 = LINE('',#10159,#10160);
#10159 = CARTESIAN_POINT('',(-2.5,2.4,5.E-02));
#10160 = VECTOR('',#10161,1.);
#10161 = DIRECTION('',(1.,3.061515884556E-17,-2.376236211391E-32));
#10162 = ORIENTED_EDGE('',*,*,#5767,.F.);
#10163 = ORIENTED_EDGE('',*,*,#5841,.F.);
#10164 = ORIENTED_EDGE('',*,*,#5799,.T.);
#10165 = ORIENTED_EDGE('',*,*,#10166,.T.);
#10166 = EDGE_CURVE('',#5802,#6768,#10167,.T.);
#10167 = LINE('',#10168,#10169);
#10168 = CARTESIAN_POINT('',(-2.5,2.4,5.E-02));
#10169 = VECTOR('',#10170,1.);
#10170 = DIRECTION('',(1.,3.061515884556E-17,-2.376236211391E-32));
#10171 = ORIENTED_EDGE('',*,*,#6767,.F.);
#10172 = ORIENTED_EDGE('',*,*,#6841,.F.);
#10173 = ORIENTED_EDGE('',*,*,#6799,.T.);
#10174 = ORIENTED_EDGE('',*,*,#10175,.T.);
#10175 = EDGE_CURVE('',#6802,#7768,#10176,.T.);
#10176 = LINE('',#10177,#10178);
#10177 = CARTESIAN_POINT('',(-2.5,2.4,5.E-02));
#10178 = VECTOR('',#10179,1.);
#10179 = DIRECTION('',(1.,3.061515884556E-17,-2.376236211391E-32));
#10180 = ORIENTED_EDGE('',*,*,#7767,.F.);
#10181 = ORIENTED_EDGE('',*,*,#7841,.F.);
#10182 = ORIENTED_EDGE('',*,*,#7799,.T.);
#10183 = ORIENTED_EDGE('',*,*,#10184,.T.);
#10184 = EDGE_CURVE('',#7802,#8768,#10185,.T.);
#10185 = LINE('',#10186,#10187);
#10186 = CARTESIAN_POINT('',(-2.5,2.4,5.E-02));
#10187 = VECTOR('',#10188,1.);
#10188 = DIRECTION('',(1.,3.061515884556E-17,-2.376236211391E-32));
#10189 = ORIENTED_EDGE('',*,*,#8767,.F.);
#10190 = ORIENTED_EDGE('',*,*,#8841,.F.);
#10191 = ORIENTED_EDGE('',*,*,#8799,.T.);
#10192 = ORIENTED_EDGE('',*,*,#10193,.T.);
#10193 = EDGE_CURVE('',#8802,#9768,#10194,.T.);
#10194 = LINE('',#10195,#10196);
#10195 = CARTESIAN_POINT('',(-2.5,2.4,5.E-02));
#10196 = VECTOR('',#10197,1.);
#10197 = DIRECTION('',(1.,3.061515884556E-17,-2.376236211391E-32));
#10198 = ORIENTED_EDGE('',*,*,#9767,.F.);
#10199 = ORIENTED_EDGE('',*,*,#9841,.F.);
#10200 = ORIENTED_EDGE('',*,*,#9799,.T.);
#10201 = ORIENTED_EDGE('',*,*,#10202,.T.);
#10202 = EDGE_CURVE('',#9802,#10203,#10205,.T.);
#10203 = VERTEX_POINT('',#10204);
#10204 = CARTESIAN_POINT('',(4.,2.4,5.E-02));
#10205 = LINE('',#10206,#10207);
#10206 = CARTESIAN_POINT('',(-2.5,2.4,5.E-02));
#10207 = VECTOR('',#10208,1.);
#10208 = DIRECTION('',(1.,3.061515884556E-17,-2.376236211391E-32));
#10209 = ORIENTED_EDGE('',*,*,#10210,.F.);
#10210 = EDGE_CURVE('',#10211,#10203,#10213,.T.);
#10211 = VERTEX_POINT('',#10212);
#10212 = CARTESIAN_POINT('',(4.,-2.4,5.E-02));
#10213 = LINE('',#10214,#10215);
#10214 = CARTESIAN_POINT('',(4.,-2.4,5.E-02));
#10215 = VECTOR('',#10216,1.);
#10216 = DIRECTION('',(-6.123031769112E-17,1.,0.));
#10217 = ORIENTED_EDGE('',*,*,#10218,.F.);
#10218 = EDGE_CURVE('',#9259,#10211,#10219,.T.);
#10219 = LINE('',#10220,#10221);
#10220 = CARTESIAN_POINT('',(-2.5,-2.4,5.E-02));
#10221 = VECTOR('',#10222,1.);
#10222 = DIRECTION('',(1.,-3.061515884556E-17,-2.376236211391E-32));
#10223 = ORIENTED_EDGE('',*,*,#9258,.T.);
#10224 = ORIENTED_EDGE('',*,*,#9341,.F.);
#10225 = ORIENTED_EDGE('',*,*,#9309,.F.);
#10226 = ORIENTED_EDGE('',*,*,#10227,.F.);
#10227 = EDGE_CURVE('',#8259,#9302,#10228,.T.);
#10228 = LINE('',#10229,#10230);
#10229 = CARTESIAN_POINT('',(-2.5,-2.4,5.E-02));
#10230 = VECTOR('',#10231,1.);
#10231 = DIRECTION('',(1.,-3.061515884556E-17,-2.376236211391E-32));
#10232 = ORIENTED_EDGE('',*,*,#8258,.T.);
#10233 = ORIENTED_EDGE('',*,*,#8341,.F.);
#10234 = ORIENTED_EDGE('',*,*,#8309,.F.);
#10235 = ORIENTED_EDGE('',*,*,#10236,.F.);
#10236 = EDGE_CURVE('',#7259,#8302,#10237,.T.);
#10237 = LINE('',#10238,#10239);
#10238 = CARTESIAN_POINT('',(-2.5,-2.4,5.E-02));
#10239 = VECTOR('',#10240,1.);
#10240 = DIRECTION('',(1.,-3.061515884556E-17,-2.376236211391E-32));
#10241 = ORIENTED_EDGE('',*,*,#7258,.T.);
#10242 = ORIENTED_EDGE('',*,*,#7341,.F.);
#10243 = ORIENTED_EDGE('',*,*,#7309,.F.);
#10244 = ORIENTED_EDGE('',*,*,#10245,.F.);
#10245 = EDGE_CURVE('',#6259,#7302,#10246,.T.);
#10246 = LINE('',#10247,#10248);
#10247 = CARTESIAN_POINT('',(-2.5,-2.4,5.E-02));
#10248 = VECTOR('',#10249,1.);
#10249 = DIRECTION('',(1.,-3.061515884556E-17,-2.376236211391E-32));
#10250 = ORIENTED_EDGE('',*,*,#6258,.T.);
#10251 = ORIENTED_EDGE('',*,*,#6341,.F.);
#10252 = ORIENTED_EDGE('',*,*,#6309,.F.);
#10253 = ORIENTED_EDGE('',*,*,#10254,.F.);
#10254 = EDGE_CURVE('',#5259,#6302,#10255,.T.);
#10255 = LINE('',#10256,#10257);
#10256 = CARTESIAN_POINT('',(-2.5,-2.4,5.E-02));
#10257 = VECTOR('',#10258,1.);
#10258 = DIRECTION('',(1.,-3.061515884556E-17,-2.376236211391E-32));
#10259 = ORIENTED_EDGE('',*,*,#5258,.T.);
#10260 = ORIENTED_EDGE('',*,*,#5341,.F.);
#10261 = ORIENTED_EDGE('',*,*,#5309,.F.);
#10262 = ORIENTED_EDGE('',*,*,#10263,.F.);
#10263 = EDGE_CURVE('',#4259,#5302,#10264,.T.);
#10264 = LINE('',#10265,#10266);
#10265 = CARTESIAN_POINT('',(-2.5,-2.4,5.E-02));
#10266 = VECTOR('',#10267,1.);
#10267 = DIRECTION('',(1.,-3.061515884556E-17,-2.376236211391E-32));
#10268 = ORIENTED_EDGE('',*,*,#4258,.T.);
#10269 = ORIENTED_EDGE('',*,*,#4341,.F.);
#10270 = ORIENTED_EDGE('',*,*,#4309,.F.);
#10271 = ORIENTED_EDGE('',*,*,#10272,.F.);
#10272 = EDGE_CURVE('',#3259,#4302,#10273,.T.);
#10273 = LINE('',#10274,#10275);
#10274 = CARTESIAN_POINT('',(-2.5,-2.4,5.E-02));
#10275 = VECTOR('',#10276,1.);
#10276 = DIRECTION('',(1.,-3.061515884556E-17,-2.376236211391E-32));
#10277 = ORIENTED_EDGE('',*,*,#3258,.T.);
#10278 = ORIENTED_EDGE('',*,*,#3341,.F.);
#10279 = ORIENTED_EDGE('',*,*,#3309,.F.);
#10280 = ORIENTED_EDGE('',*,*,#10281,.F.);
#10281 = EDGE_CURVE('',#2259,#3302,#10282,.T.);
#10282 = LINE('',#10283,#10284);
#10283 = CARTESIAN_POINT('',(-2.5,-2.4,5.E-02));
#10284 = VECTOR('',#10285,1.);
#10285 = DIRECTION('',(1.,-3.061515884556E-17,-2.376236211391E-32));
#10286 = ORIENTED_EDGE('',*,*,#2258,.T.);
#10287 = ORIENTED_EDGE('',*,*,#2341,.F.);
#10288 = ORIENTED_EDGE('',*,*,#2309,.F.);
#10289 = ORIENTED_EDGE('',*,*,#10290,.F.);
#10290 = EDGE_CURVE('',#1259,#2302,#10291,.T.);
#10291 = LINE('',#10292,#10293);
#10292 = CARTESIAN_POINT('',(-2.5,-2.4,5.E-02));
#10293 = VECTOR('',#10294,1.);
#10294 = DIRECTION('',(1.,-3.061515884556E-17,-2.376236211391E-32));
#10295 = ORIENTED_EDGE('',*,*,#1258,.T.);
#10296 = ORIENTED_EDGE('',*,*,#1341,.F.);
#10297 = ORIENTED_EDGE('',*,*,#1309,.F.);
#10298 = PLANE('',#10299);
#10299 = AXIS2_PLACEMENT_3D('',#10300,#10301,#10302);
#10300 = CARTESIAN_POINT('',(-2.5,-2.4,5.E-02));
#10301 = DIRECTION('',(-2.376236211391E-32,7.274884906629E-49,-1.));
#10302 = DIRECTION('',(-3.061515884556E-17,-1.,0.));
#10303 = ADVANCED_FACE('',(#10304,#10310,#10316,#10322,#10328,#10334,
    #10340,#10346,#10352,#10358,#10364),#10446,.T.);
#10304 = FACE_BOUND('',#10305,.T.);
#10305 = EDGE_LOOP('',(#10306,#10307,#10308,#10309));
#10306 = ORIENTED_EDGE('',*,*,#481,.F.);
#10307 = ORIENTED_EDGE('',*,*,#374,.T.);
#10308 = ORIENTED_EDGE('',*,*,#531,.F.);
#10309 = ORIENTED_EDGE('',*,*,#435,.F.);
#10310 = FACE_BOUND('',#10311,.T.);
#10311 = EDGE_LOOP('',(#10312,#10313,#10314,#10315));
#10312 = ORIENTED_EDGE('',*,*,#1481,.F.);
#10313 = ORIENTED_EDGE('',*,*,#1374,.T.);
#10314 = ORIENTED_EDGE('',*,*,#1531,.F.);
#10315 = ORIENTED_EDGE('',*,*,#1435,.F.);
#10316 = FACE_BOUND('',#10317,.T.);
#10317 = EDGE_LOOP('',(#10318,#10319,#10320,#10321));
#10318 = ORIENTED_EDGE('',*,*,#2481,.F.);
#10319 = ORIENTED_EDGE('',*,*,#2374,.T.);
#10320 = ORIENTED_EDGE('',*,*,#2531,.F.);
#10321 = ORIENTED_EDGE('',*,*,#2435,.F.);
#10322 = FACE_BOUND('',#10323,.T.);
#10323 = EDGE_LOOP('',(#10324,#10325,#10326,#10327));
#10324 = ORIENTED_EDGE('',*,*,#3481,.F.);
#10325 = ORIENTED_EDGE('',*,*,#3374,.T.);
#10326 = ORIENTED_EDGE('',*,*,#3531,.F.);
#10327 = ORIENTED_EDGE('',*,*,#3435,.F.);
#10328 = FACE_BOUND('',#10329,.T.);
#10329 = EDGE_LOOP('',(#10330,#10331,#10332,#10333));
#10330 = ORIENTED_EDGE('',*,*,#4481,.F.);
#10331 = ORIENTED_EDGE('',*,*,#4374,.T.);
#10332 = ORIENTED_EDGE('',*,*,#4531,.F.);
#10333 = ORIENTED_EDGE('',*,*,#4435,.F.);
#10334 = FACE_BOUND('',#10335,.T.);
#10335 = EDGE_LOOP('',(#10336,#10337,#10338,#10339));
#10336 = ORIENTED_EDGE('',*,*,#5481,.F.);
#10337 = ORIENTED_EDGE('',*,*,#5374,.T.);
#10338 = ORIENTED_EDGE('',*,*,#5531,.F.);
#10339 = ORIENTED_EDGE('',*,*,#5435,.F.);
#10340 = FACE_BOUND('',#10341,.T.);
#10341 = EDGE_LOOP('',(#10342,#10343,#10344,#10345));
#10342 = ORIENTED_EDGE('',*,*,#6481,.F.);
#10343 = ORIENTED_EDGE('',*,*,#6374,.T.);
#10344 = ORIENTED_EDGE('',*,*,#6531,.F.);
#10345 = ORIENTED_EDGE('',*,*,#6435,.F.);
#10346 = FACE_BOUND('',#10347,.T.);
#10347 = EDGE_LOOP('',(#10348,#10349,#10350,#10351));
#10348 = ORIENTED_EDGE('',*,*,#7481,.F.);
#10349 = ORIENTED_EDGE('',*,*,#7374,.T.);
#10350 = ORIENTED_EDGE('',*,*,#7531,.F.);
#10351 = ORIENTED_EDGE('',*,*,#7435,.F.);
#10352 = FACE_BOUND('',#10353,.T.);
#10353 = EDGE_LOOP('',(#10354,#10355,#10356,#10357));
#10354 = ORIENTED_EDGE('',*,*,#8481,.F.);
#10355 = ORIENTED_EDGE('',*,*,#8374,.T.);
#10356 = ORIENTED_EDGE('',*,*,#8531,.F.);
#10357 = ORIENTED_EDGE('',*,*,#8435,.F.);
#10358 = FACE_BOUND('',#10359,.T.);
#10359 = EDGE_LOOP('',(#10360,#10361,#10362,#10363));
#10360 = ORIENTED_EDGE('',*,*,#9481,.F.);
#10361 = ORIENTED_EDGE('',*,*,#9374,.T.);
#10362 = ORIENTED_EDGE('',*,*,#9531,.F.);
#10363 = ORIENTED_EDGE('',*,*,#9435,.F.);
#10364 = FACE_BOUND('',#10365,.T.);
#10365 = EDGE_LOOP('',(#10366,#10376,#10384,#10392,#10400,#10408,#10416,
    #10424,#10432,#10440));
#10366 = ORIENTED_EDGE('',*,*,#10367,.T.);
#10367 = EDGE_CURVE('',#10368,#10370,#10372,.T.);
#10368 = VERTEX_POINT('',#10369);
#10369 = CARTESIAN_POINT('',(2.97,-1.,0.4));
#10370 = VERTEX_POINT('',#10371);
#10371 = CARTESIAN_POINT('',(-2.97,-1.,0.4));
#10372 = LINE('',#10373,#10374);
#10373 = CARTESIAN_POINT('',(-2.125,-1.,0.4));
#10374 = VECTOR('',#10375,1.);
#10375 = DIRECTION('',(-1.,3.061515884556E-17,2.376236211391E-32));
#10376 = ORIENTED_EDGE('',*,*,#10377,.F.);
#10377 = EDGE_CURVE('',#10378,#10370,#10380,.T.);
#10378 = VERTEX_POINT('',#10379);
#10379 = CARTESIAN_POINT('',(-2.97,-1.,0.95));
#10380 = LINE('',#10381,#10382);
#10381 = CARTESIAN_POINT('',(-2.97,-1.,0.95));
#10382 = VECTOR('',#10383,1.);
#10383 = DIRECTION('',(0.,0.,-1.));
#10384 = ORIENTED_EDGE('',*,*,#10385,.T.);
#10385 = EDGE_CURVE('',#10378,#10386,#10388,.T.);
#10386 = VERTEX_POINT('',#10387);
#10387 = CARTESIAN_POINT('',(-2.8,-1.,0.95));
#10388 = LINE('',#10389,#10390);
#10389 = CARTESIAN_POINT('',(-2.97,-1.,0.95));
#10390 = VECTOR('',#10391,1.);
#10391 = DIRECTION('',(1.,0.,0.));
#10392 = ORIENTED_EDGE('',*,*,#10393,.F.);
#10393 = EDGE_CURVE('',#10394,#10386,#10396,.T.);
#10394 = VERTEX_POINT('',#10395);
#10395 = CARTESIAN_POINT('',(-2.8,-1.,1.25));
#10396 = LINE('',#10397,#10398);
#10397 = CARTESIAN_POINT('',(-2.8,-1.,1.35));
#10398 = VECTOR('',#10399,1.);
#10399 = DIRECTION('',(0.,0.,-1.));
#10400 = ORIENTED_EDGE('',*,*,#10401,.T.);
#10401 = EDGE_CURVE('',#10394,#10402,#10404,.T.);
#10402 = VERTEX_POINT('',#10403);
#10403 = CARTESIAN_POINT('',(-2.7,-1.,1.35));
#10404 = LINE('',#10405,#10406);
#10405 = CARTESIAN_POINT('',(-2.75,-1.,1.3));
#10406 = VECTOR('',#10407,1.);
#10407 = DIRECTION('',(0.707106781187,0.,0.707106781187));
#10408 = ORIENTED_EDGE('',*,*,#10409,.T.);
#10409 = EDGE_CURVE('',#10402,#10410,#10412,.T.);
#10410 = VERTEX_POINT('',#10411);
#10411 = CARTESIAN_POINT('',(2.7,-1.,1.35));
#10412 = LINE('',#10413,#10414);
#10413 = CARTESIAN_POINT('',(-2.5,-1.,1.35));
#10414 = VECTOR('',#10415,1.);
#10415 = DIRECTION('',(1.,-3.061515884556E-17,-2.376236211391E-32));
#10416 = ORIENTED_EDGE('',*,*,#10417,.F.);
#10417 = EDGE_CURVE('',#10418,#10410,#10420,.T.);
#10418 = VERTEX_POINT('',#10419);
#10419 = CARTESIAN_POINT('',(2.8,-1.,1.25));
#10420 = LINE('',#10421,#10422);
#10421 = CARTESIAN_POINT('',(2.75,-1.,1.3));
#10422 = VECTOR('',#10423,1.);
#10423 = DIRECTION('',(-0.707106781187,0.,0.707106781187));
#10424 = ORIENTED_EDGE('',*,*,#10425,.T.);
#10425 = EDGE_CURVE('',#10418,#10426,#10428,.T.);
#10426 = VERTEX_POINT('',#10427);
#10427 = CARTESIAN_POINT('',(2.8,-1.,0.95));
#10428 = LINE('',#10429,#10430);
#10429 = CARTESIAN_POINT('',(2.8,-1.,1.35));
#10430 = VECTOR('',#10431,1.);
#10431 = DIRECTION('',(0.,0.,-1.));
#10432 = ORIENTED_EDGE('',*,*,#10433,.F.);
#10433 = EDGE_CURVE('',#10434,#10426,#10436,.T.);
#10434 = VERTEX_POINT('',#10435);
#10435 = CARTESIAN_POINT('',(2.97,-1.,0.95));
#10436 = LINE('',#10437,#10438);
#10437 = CARTESIAN_POINT('',(2.97,-1.,0.95));
#10438 = VECTOR('',#10439,1.);
#10439 = DIRECTION('',(-1.,0.,0.));
#10440 = ORIENTED_EDGE('',*,*,#10441,.T.);
#10441 = EDGE_CURVE('',#10434,#10368,#10442,.T.);
#10442 = LINE('',#10443,#10444);
#10443 = CARTESIAN_POINT('',(2.97,-1.,0.95));
#10444 = VECTOR('',#10445,1.);
#10445 = DIRECTION('',(0.,0.,-1.));
#10446 = PLANE('',#10447);
#10447 = AXIS2_PLACEMENT_3D('',#10448,#10449,#10450);
#10448 = CARTESIAN_POINT('',(-2.5,-1.,0.25));
#10449 = DIRECTION('',(3.061515884556E-17,1.,-6.123031769112E-17));
#10450 = DIRECTION('',(-2.563693801618E-32,-6.123031769112E-17,-1.));
#10451 = ADVANCED_FACE('',(#10452),#10477,.T.);
#10452 = FACE_BOUND('',#10453,.T.);
#10453 = EDGE_LOOP('',(#10454,#10464,#10470,#10471));
#10454 = ORIENTED_EDGE('',*,*,#10455,.T.);
#10455 = EDGE_CURVE('',#10456,#10458,#10460,.T.);
#10456 = VERTEX_POINT('',#10457);
#10457 = CARTESIAN_POINT('',(-2.7,-1.575,1.35));
#10458 = VERTEX_POINT('',#10459);
#10459 = CARTESIAN_POINT('',(2.7,-1.575,1.35));
#10460 = LINE('',#10461,#10462);
#10461 = CARTESIAN_POINT('',(-2.5,-1.575,1.35));
#10462 = VECTOR('',#10463,1.);
#10463 = DIRECTION('',(1.,-3.061515884556E-17,-2.376236211391E-32));
#10464 = ORIENTED_EDGE('',*,*,#10465,.F.);
#10465 = EDGE_CURVE('',#10410,#10458,#10466,.T.);
#10466 = LINE('',#10467,#10468);
#10467 = CARTESIAN_POINT('',(2.7,-1.575,1.35));
#10468 = VECTOR('',#10469,1.);
#10469 = DIRECTION('',(6.123031769112E-17,-1.,0.));
#10470 = ORIENTED_EDGE('',*,*,#10409,.F.);
#10471 = ORIENTED_EDGE('',*,*,#10472,.T.);
#10472 = EDGE_CURVE('',#10402,#10456,#10473,.T.);
#10473 = LINE('',#10474,#10475);
#10474 = CARTESIAN_POINT('',(-2.7,-1.575,1.35));
#10475 = VECTOR('',#10476,1.);
#10476 = DIRECTION('',(-6.123031769112E-17,-1.,0.));
#10477 = PLANE('',#10478);
#10478 = AXIS2_PLACEMENT_3D('',#10479,#10480,#10481);
#10479 = CARTESIAN_POINT('',(-2.5,-1.,1.35));
#10480 = DIRECTION('',(2.376236211391E-32,-7.274884906629E-49,1.));
#10481 = DIRECTION('',(3.061515884556E-17,1.,0.));
#10482 = ADVANCED_FACE('',(#10483),#10508,.T.);
#10483 = FACE_BOUND('',#10484,.T.);
#10484 = EDGE_LOOP('',(#10485,#10495,#10501,#10502));
#10485 = ORIENTED_EDGE('',*,*,#10486,.T.);
#10486 = EDGE_CURVE('',#10487,#10489,#10491,.T.);
#10487 = VERTEX_POINT('',#10488);
#10488 = CARTESIAN_POINT('',(-2.75,-1.575,1.3));
#10489 = VERTEX_POINT('',#10490);
#10490 = CARTESIAN_POINT('',(2.75,-1.575,1.3));
#10491 = LINE('',#10492,#10493);
#10492 = CARTESIAN_POINT('',(-2.5,-1.575,1.3));
#10493 = VECTOR('',#10494,1.);
#10494 = DIRECTION('',(1.,-3.061515884556E-17,-2.376236211391E-32));
#10495 = ORIENTED_EDGE('',*,*,#10496,.F.);
#10496 = EDGE_CURVE('',#10458,#10489,#10497,.T.);
#10497 = LINE('',#10498,#10499);
#10498 = CARTESIAN_POINT('',(2.8,-1.575,1.25));
#10499 = VECTOR('',#10500,1.);
#10500 = DIRECTION('',(0.707106781187,-1.022195611122E-15,
    -0.707106781187));
#10501 = ORIENTED_EDGE('',*,*,#10455,.F.);
#10502 = ORIENTED_EDGE('',*,*,#10503,.T.);
#10503 = EDGE_CURVE('',#10456,#10487,#10504,.T.);
#10504 = LINE('',#10505,#10506);
#10505 = CARTESIAN_POINT('',(-2.8,-1.575,1.25));
#10506 = VECTOR('',#10507,1.);
#10507 = DIRECTION('',(-0.707106781187,-1.022195611122E-15,
    -0.707106781187));
#10508 = PLANE('',#10509);
#10509 = AXIS2_PLACEMENT_3D('',#10510,#10511,#10512);
#10510 = CARTESIAN_POINT('',(-2.5,-1.575,1.35));
#10511 = DIRECTION('',(-3.061515884556E-17,-1.,6.123031769112E-17));
#10512 = DIRECTION('',(2.563693801618E-32,6.123031769112E-17,1.));
#10513 = ADVANCED_FACE('',(#10514,#10520,#10526,#10532,#10538,#10544,
    #10550,#10556,#10562,#10568,#10574),#10599,.T.);
#10514 = FACE_BOUND('',#10515,.T.);
#10515 = EDGE_LOOP('',(#10516,#10517,#10518,#10519));
#10516 = ORIENTED_EDGE('',*,*,#171,.F.);
#10517 = ORIENTED_EDGE('',*,*,#87,.T.);
#10518 = ORIENTED_EDGE('',*,*,#154,.F.);
#10519 = ORIENTED_EDGE('',*,*,#129,.F.);
#10520 = FACE_BOUND('',#10521,.T.);
#10521 = EDGE_LOOP('',(#10522,#10523,#10524,#10525));
#10522 = ORIENTED_EDGE('',*,*,#1171,.F.);
#10523 = ORIENTED_EDGE('',*,*,#1087,.T.);
#10524 = ORIENTED_EDGE('',*,*,#1154,.F.);
#10525 = ORIENTED_EDGE('',*,*,#1129,.F.);
#10526 = FACE_BOUND('',#10527,.T.);
#10527 = EDGE_LOOP('',(#10528,#10529,#10530,#10531));
#10528 = ORIENTED_EDGE('',*,*,#2171,.F.);
#10529 = ORIENTED_EDGE('',*,*,#2087,.T.);
#10530 = ORIENTED_EDGE('',*,*,#2154,.F.);
#10531 = ORIENTED_EDGE('',*,*,#2129,.F.);
#10532 = FACE_BOUND('',#10533,.T.);
#10533 = EDGE_LOOP('',(#10534,#10535,#10536,#10537));
#10534 = ORIENTED_EDGE('',*,*,#3171,.F.);
#10535 = ORIENTED_EDGE('',*,*,#3087,.T.);
#10536 = ORIENTED_EDGE('',*,*,#3154,.F.);
#10537 = ORIENTED_EDGE('',*,*,#3129,.F.);
#10538 = FACE_BOUND('',#10539,.T.);
#10539 = EDGE_LOOP('',(#10540,#10541,#10542,#10543));
#10540 = ORIENTED_EDGE('',*,*,#4171,.F.);
#10541 = ORIENTED_EDGE('',*,*,#4087,.T.);
#10542 = ORIENTED_EDGE('',*,*,#4154,.F.);
#10543 = ORIENTED_EDGE('',*,*,#4129,.F.);
#10544 = FACE_BOUND('',#10545,.T.);
#10545 = EDGE_LOOP('',(#10546,#10547,#10548,#10549));
#10546 = ORIENTED_EDGE('',*,*,#5171,.F.);
#10547 = ORIENTED_EDGE('',*,*,#5087,.T.);
#10548 = ORIENTED_EDGE('',*,*,#5154,.F.);
#10549 = ORIENTED_EDGE('',*,*,#5129,.F.);
#10550 = FACE_BOUND('',#10551,.T.);
#10551 = EDGE_LOOP('',(#10552,#10553,#10554,#10555));
#10552 = ORIENTED_EDGE('',*,*,#6171,.F.);
#10553 = ORIENTED_EDGE('',*,*,#6087,.T.);
#10554 = ORIENTED_EDGE('',*,*,#6154,.F.);
#10555 = ORIENTED_EDGE('',*,*,#6129,.F.);
#10556 = FACE_BOUND('',#10557,.T.);
#10557 = EDGE_LOOP('',(#10558,#10559,#10560,#10561));
#10558 = ORIENTED_EDGE('',*,*,#7171,.F.);
#10559 = ORIENTED_EDGE('',*,*,#7087,.T.);
#10560 = ORIENTED_EDGE('',*,*,#7154,.F.);
#10561 = ORIENTED_EDGE('',*,*,#7129,.F.);
#10562 = FACE_BOUND('',#10563,.T.);
#10563 = EDGE_LOOP('',(#10564,#10565,#10566,#10567));
#10564 = ORIENTED_EDGE('',*,*,#8171,.F.);
#10565 = ORIENTED_EDGE('',*,*,#8087,.T.);
#10566 = ORIENTED_EDGE('',*,*,#8154,.F.);
#10567 = ORIENTED_EDGE('',*,*,#8129,.F.);
#10568 = FACE_BOUND('',#10569,.T.);
#10569 = EDGE_LOOP('',(#10570,#10571,#10572,#10573));
#10570 = ORIENTED_EDGE('',*,*,#9171,.F.);
#10571 = ORIENTED_EDGE('',*,*,#9087,.T.);
#10572 = ORIENTED_EDGE('',*,*,#9154,.F.);
#10573 = ORIENTED_EDGE('',*,*,#9129,.F.);
#10574 = FACE_BOUND('',#10575,.T.);
#10575 = EDGE_LOOP('',(#10576,#10586,#10592,#10593));
#10576 = ORIENTED_EDGE('',*,*,#10577,.T.);
#10577 = EDGE_CURVE('',#10578,#10580,#10582,.T.);
#10578 = VERTEX_POINT('',#10579);
#10579 = CARTESIAN_POINT('',(-2.75,-2.4,1.3));
#10580 = VERTEX_POINT('',#10581);
#10581 = CARTESIAN_POINT('',(2.75,-2.4,1.3));
#10582 = LINE('',#10583,#10584);
#10583 = CARTESIAN_POINT('',(-2.5,-2.4,1.3));
#10584 = VECTOR('',#10585,1.);
#10585 = DIRECTION('',(1.,-3.061515884556E-17,-2.376236211391E-32));
#10586 = ORIENTED_EDGE('',*,*,#10587,.F.);
#10587 = EDGE_CURVE('',#10489,#10580,#10588,.T.);
#10588 = LINE('',#10589,#10590);
#10589 = CARTESIAN_POINT('',(2.75,-1.575,1.3));
#10590 = VECTOR('',#10591,1.);
#10591 = DIRECTION('',(6.123031769112E-17,-1.,0.));
#10592 = ORIENTED_EDGE('',*,*,#10486,.F.);
#10593 = ORIENTED_EDGE('',*,*,#10594,.T.);
#10594 = EDGE_CURVE('',#10487,#10578,#10595,.T.);
#10595 = LINE('',#10596,#10597);
#10596 = CARTESIAN_POINT('',(-2.75,-1.575,1.3));
#10597 = VECTOR('',#10598,1.);
#10598 = DIRECTION('',(-6.123031769112E-17,-1.,0.));
#10599 = PLANE('',#10600);
#10600 = AXIS2_PLACEMENT_3D('',#10601,#10602,#10603);
#10601 = CARTESIAN_POINT('',(-2.5,-1.575,1.3));
#10602 = DIRECTION('',(2.376236211391E-32,-7.274884906629E-49,1.));
#10603 = DIRECTION('',(3.061515884556E-17,1.,0.));
#10604 = ADVANCED_FACE('',(#10605),#10709,.T.);
#10605 = FACE_BOUND('',#10606,.T.);
#10606 = EDGE_LOOP('',(#10607,#10608,#10609,#10610,#10611,#10612,#10613,
    #10614,#10615,#10616,#10617,#10618,#10619,#10620,#10621,#10622,
    #10623,#10624,#10625,#10626,#10627,#10628,#10629,#10630,#10631,
    #10632,#10633,#10634,#10635,#10636,#10637,#10638,#10639,#10640,
    #10641,#10642,#10643,#10644,#10645,#10646,#10654,#10662,#10670,
    #10676,#10677,#10685,#10693,#10701,#10707,#10708));
#10607 = ORIENTED_EDGE('',*,*,#358,.F.);
#10608 = ORIENTED_EDGE('',*,*,#268,.T.);
#10609 = ORIENTED_EDGE('',*,*,#10087,.T.);
#10610 = ORIENTED_EDGE('',*,*,#1299,.F.);
#10611 = ORIENTED_EDGE('',*,*,#1358,.F.);
#10612 = ORIENTED_EDGE('',*,*,#1268,.T.);
#10613 = ORIENTED_EDGE('',*,*,#10290,.T.);
#10614 = ORIENTED_EDGE('',*,*,#2299,.F.);
#10615 = ORIENTED_EDGE('',*,*,#2358,.F.);
#10616 = ORIENTED_EDGE('',*,*,#2268,.T.);
#10617 = ORIENTED_EDGE('',*,*,#10281,.T.);
#10618 = ORIENTED_EDGE('',*,*,#3299,.F.);
#10619 = ORIENTED_EDGE('',*,*,#3358,.F.);
#10620 = ORIENTED_EDGE('',*,*,#3268,.T.);
#10621 = ORIENTED_EDGE('',*,*,#10272,.T.);
#10622 = ORIENTED_EDGE('',*,*,#4299,.F.);
#10623 = ORIENTED_EDGE('',*,*,#4358,.F.);
#10624 = ORIENTED_EDGE('',*,*,#4268,.T.);
#10625 = ORIENTED_EDGE('',*,*,#10263,.T.);
#10626 = ORIENTED_EDGE('',*,*,#5299,.F.);
#10627 = ORIENTED_EDGE('',*,*,#5358,.F.);
#10628 = ORIENTED_EDGE('',*,*,#5268,.T.);
#10629 = ORIENTED_EDGE('',*,*,#10254,.T.);
#10630 = ORIENTED_EDGE('',*,*,#6299,.F.);
#10631 = ORIENTED_EDGE('',*,*,#6358,.F.);
#10632 = ORIENTED_EDGE('',*,*,#6268,.T.);
#10633 = ORIENTED_EDGE('',*,*,#10245,.T.);
#10634 = ORIENTED_EDGE('',*,*,#7299,.F.);
#10635 = ORIENTED_EDGE('',*,*,#7358,.F.);
#10636 = ORIENTED_EDGE('',*,*,#7268,.T.);
#10637 = ORIENTED_EDGE('',*,*,#10236,.T.);
#10638 = ORIENTED_EDGE('',*,*,#8299,.F.);
#10639 = ORIENTED_EDGE('',*,*,#8358,.F.);
#10640 = ORIENTED_EDGE('',*,*,#8268,.T.);
#10641 = ORIENTED_EDGE('',*,*,#10227,.T.);
#10642 = ORIENTED_EDGE('',*,*,#9299,.F.);
#10643 = ORIENTED_EDGE('',*,*,#9358,.F.);
#10644 = ORIENTED_EDGE('',*,*,#9268,.T.);
#10645 = ORIENTED_EDGE('',*,*,#10218,.T.);
#10646 = ORIENTED_EDGE('',*,*,#10647,.F.);
#10647 = EDGE_CURVE('',#10648,#10211,#10650,.T.);
#10648 = VERTEX_POINT('',#10649);
#10649 = CARTESIAN_POINT('',(4.,-2.4,0.95));
#10650 = LINE('',#10651,#10652);
#10651 = CARTESIAN_POINT('',(4.,-2.4,0.95));
#10652 = VECTOR('',#10653,1.);
#10653 = DIRECTION('',(0.,0.,-1.));
#10654 = ORIENTED_EDGE('',*,*,#10655,.F.);
#10655 = EDGE_CURVE('',#10656,#10648,#10658,.T.);
#10656 = VERTEX_POINT('',#10657);
#10657 = CARTESIAN_POINT('',(2.8,-2.4,0.95));
#10658 = LINE('',#10659,#10660);
#10659 = CARTESIAN_POINT('',(2.5,-2.4,0.95));
#10660 = VECTOR('',#10661,1.);
#10661 = DIRECTION('',(1.,0.,0.));
#10662 = ORIENTED_EDGE('',*,*,#10663,.F.);
#10663 = EDGE_CURVE('',#10664,#10656,#10666,.T.);
#10664 = VERTEX_POINT('',#10665);
#10665 = CARTESIAN_POINT('',(2.8,-2.4,1.25));
#10666 = LINE('',#10667,#10668);
#10667 = CARTESIAN_POINT('',(2.8,-2.4,1.35));
#10668 = VECTOR('',#10669,1.);
#10669 = DIRECTION('',(0.,0.,-1.));
#10670 = ORIENTED_EDGE('',*,*,#10671,.F.);
#10671 = EDGE_CURVE('',#10580,#10664,#10672,.T.);
#10672 = LINE('',#10673,#10674);
#10673 = CARTESIAN_POINT('',(2.6,-2.4,1.45));
#10674 = VECTOR('',#10675,1.);
#10675 = DIRECTION('',(0.707106781187,0.,-0.707106781187));
#10676 = ORIENTED_EDGE('',*,*,#10577,.F.);
#10677 = ORIENTED_EDGE('',*,*,#10678,.T.);
#10678 = EDGE_CURVE('',#10578,#10679,#10681,.T.);
#10679 = VERTEX_POINT('',#10680);
#10680 = CARTESIAN_POINT('',(-2.8,-2.4,1.25));
#10681 = LINE('',#10682,#10683);
#10682 = CARTESIAN_POINT('',(-2.6,-2.4,1.45));
#10683 = VECTOR('',#10684,1.);
#10684 = DIRECTION('',(-0.707106781187,0.,-0.707106781187));
#10685 = ORIENTED_EDGE('',*,*,#10686,.T.);
#10686 = EDGE_CURVE('',#10679,#10687,#10689,.T.);
#10687 = VERTEX_POINT('',#10688);
#10688 = CARTESIAN_POINT('',(-2.8,-2.4,0.95));
#10689 = LINE('',#10690,#10691);
#10690 = CARTESIAN_POINT('',(-2.8,-2.4,1.35));
#10691 = VECTOR('',#10692,1.);
#10692 = DIRECTION('',(0.,0.,-1.));
#10693 = ORIENTED_EDGE('',*,*,#10694,.T.);
#10694 = EDGE_CURVE('',#10687,#10695,#10697,.T.);
#10695 = VERTEX_POINT('',#10696);
#10696 = CARTESIAN_POINT('',(-4.,-2.4,0.95));
#10697 = LINE('',#10698,#10699);
#10698 = CARTESIAN_POINT('',(-2.5,-2.4,0.95));
#10699 = VECTOR('',#10700,1.);
#10700 = DIRECTION('',(-1.,0.,0.));
#10701 = ORIENTED_EDGE('',*,*,#10702,.T.);
#10702 = EDGE_CURVE('',#10695,#10097,#10703,.T.);
#10703 = LINE('',#10704,#10705);
#10704 = CARTESIAN_POINT('',(-4.,-2.4,0.95));
#10705 = VECTOR('',#10706,1.);
#10706 = DIRECTION('',(0.,0.,-1.));
#10707 = ORIENTED_EDGE('',*,*,#10096,.T.);
#10708 = ORIENTED_EDGE('',*,*,#299,.F.);
#10709 = PLANE('',#10710);
#10710 = AXIS2_PLACEMENT_3D('',#10711,#10712,#10713);
#10711 = CARTESIAN_POINT('',(-2.5,-2.4,1.3));
#10712 = DIRECTION('',(-3.061515884556E-17,-1.,6.123031769112E-17));
#10713 = DIRECTION('',(2.563693801618E-32,6.123031769112E-17,1.));
#10714 = ADVANCED_FACE('',(#10715),#10731,.T.);
#10715 = FACE_BOUND('',#10716,.T.);
#10716 = EDGE_LOOP('',(#10717,#10718,#10724,#10725));
#10717 = ORIENTED_EDGE('',*,*,#10367,.F.);
#10718 = ORIENTED_EDGE('',*,*,#10719,.T.);
#10719 = EDGE_CURVE('',#10368,#10050,#10720,.T.);
#10720 = LINE('',#10721,#10722);
#10721 = CARTESIAN_POINT('',(2.97,-0.775,0.175));
#10722 = VECTOR('',#10723,1.);
#10723 = DIRECTION('',(-4.32963728536E-17,0.707106781187,-0.707106781187
    ));
#10724 = ORIENTED_EDGE('',*,*,#10047,.F.);
#10725 = ORIENTED_EDGE('',*,*,#10726,.F.);
#10726 = EDGE_CURVE('',#10370,#10048,#10727,.T.);
#10727 = LINE('',#10728,#10729);
#10728 = CARTESIAN_POINT('',(-2.97,-0.775,0.175));
#10729 = VECTOR('',#10730,1.);
#10730 = DIRECTION('',(4.32963728536E-17,0.707106781187,-0.707106781187)
  );
#10731 = PLANE('',#10732);
#10732 = AXIS2_PLACEMENT_3D('',#10733,#10734,#10735);
#10733 = CARTESIAN_POINT('',(-2.5,-0.85,0.25));
#10734 = DIRECTION('',(2.16481864268E-17,0.707106781187,0.707106781187)
  );
#10735 = DIRECTION('',(0.,-0.707106781187,0.707106781187));
#10736 = ADVANCED_FACE('',(#10737,#10743,#10749,#10755,#10761,#10767,
    #10773,#10779,#10785,#10791,#10797),#10879,.T.);
#10737 = FACE_BOUND('',#10738,.T.);
#10738 = EDGE_LOOP('',(#10739,#10740,#10741,#10742));
#10739 = ORIENTED_EDGE('',*,*,#1031,.F.);
#10740 = ORIENTED_EDGE('',*,*,#874,.T.);
#10741 = ORIENTED_EDGE('',*,*,#981,.F.);
#10742 = ORIENTED_EDGE('',*,*,#934,.F.);
#10743 = FACE_BOUND('',#10744,.T.);
#10744 = EDGE_LOOP('',(#10745,#10746,#10747,#10748));
#10745 = ORIENTED_EDGE('',*,*,#2031,.F.);
#10746 = ORIENTED_EDGE('',*,*,#1874,.T.);
#10747 = ORIENTED_EDGE('',*,*,#1981,.F.);
#10748 = ORIENTED_EDGE('',*,*,#1934,.F.);
#10749 = FACE_BOUND('',#10750,.T.);
#10750 = EDGE_LOOP('',(#10751,#10752,#10753,#10754));
#10751 = ORIENTED_EDGE('',*,*,#3031,.F.);
#10752 = ORIENTED_EDGE('',*,*,#2874,.T.);
#10753 = ORIENTED_EDGE('',*,*,#2981,.F.);
#10754 = ORIENTED_EDGE('',*,*,#2934,.F.);
#10755 = FACE_BOUND('',#10756,.T.);
#10756 = EDGE_LOOP('',(#10757,#10758,#10759,#10760));
#10757 = ORIENTED_EDGE('',*,*,#4031,.F.);
#10758 = ORIENTED_EDGE('',*,*,#3874,.T.);
#10759 = ORIENTED_EDGE('',*,*,#3981,.F.);
#10760 = ORIENTED_EDGE('',*,*,#3934,.F.);
#10761 = FACE_BOUND('',#10762,.T.);
#10762 = EDGE_LOOP('',(#10763,#10764,#10765,#10766));
#10763 = ORIENTED_EDGE('',*,*,#5031,.F.);
#10764 = ORIENTED_EDGE('',*,*,#4874,.T.);
#10765 = ORIENTED_EDGE('',*,*,#4981,.F.);
#10766 = ORIENTED_EDGE('',*,*,#4934,.F.);
#10767 = FACE_BOUND('',#10768,.T.);
#10768 = EDGE_LOOP('',(#10769,#10770,#10771,#10772));
#10769 = ORIENTED_EDGE('',*,*,#6031,.F.);
#10770 = ORIENTED_EDGE('',*,*,#5874,.T.);
#10771 = ORIENTED_EDGE('',*,*,#5981,.F.);
#10772 = ORIENTED_EDGE('',*,*,#5934,.F.);
#10773 = FACE_BOUND('',#10774,.T.);
#10774 = EDGE_LOOP('',(#10775,#10776,#10777,#10778));
#10775 = ORIENTED_EDGE('',*,*,#7031,.F.);
#10776 = ORIENTED_EDGE('',*,*,#6874,.T.);
#10777 = ORIENTED_EDGE('',*,*,#6981,.F.);
#10778 = ORIENTED_EDGE('',*,*,#6934,.F.);
#10779 = FACE_BOUND('',#10780,.T.);
#10780 = EDGE_LOOP('',(#10781,#10782,#10783,#10784));
#10781 = ORIENTED_EDGE('',*,*,#8031,.F.);
#10782 = ORIENTED_EDGE('',*,*,#7874,.T.);
#10783 = ORIENTED_EDGE('',*,*,#7981,.F.);
#10784 = ORIENTED_EDGE('',*,*,#7934,.F.);
#10785 = FACE_BOUND('',#10786,.T.);
#10786 = EDGE_LOOP('',(#10787,#10788,#10789,#10790));
#10787 = ORIENTED_EDGE('',*,*,#9031,.F.);
#10788 = ORIENTED_EDGE('',*,*,#8874,.T.);
#10789 = ORIENTED_EDGE('',*,*,#8981,.F.);
#10790 = ORIENTED_EDGE('',*,*,#8934,.F.);
#10791 = FACE_BOUND('',#10792,.T.);
#10792 = EDGE_LOOP('',(#10793,#10794,#10795,#10796));
#10793 = ORIENTED_EDGE('',*,*,#10031,.F.);
#10794 = ORIENTED_EDGE('',*,*,#9874,.T.);
#10795 = ORIENTED_EDGE('',*,*,#9981,.F.);
#10796 = ORIENTED_EDGE('',*,*,#9934,.F.);
#10797 = FACE_BOUND('',#10798,.T.);
#10798 = EDGE_LOOP('',(#10799,#10809,#10817,#10825,#10833,#10841,#10849,
    #10857,#10865,#10873));
#10799 = ORIENTED_EDGE('',*,*,#10800,.F.);
#10800 = EDGE_CURVE('',#10801,#10803,#10805,.T.);
#10801 = VERTEX_POINT('',#10802);
#10802 = CARTESIAN_POINT('',(2.97,1.,0.4));
#10803 = VERTEX_POINT('',#10804);
#10804 = CARTESIAN_POINT('',(-2.97,1.,0.4));
#10805 = LINE('',#10806,#10807);
#10806 = CARTESIAN_POINT('',(-2.125,1.,0.4));
#10807 = VECTOR('',#10808,1.);
#10808 = DIRECTION('',(-1.,-3.061515884556E-17,2.376236211391E-32));
#10809 = ORIENTED_EDGE('',*,*,#10810,.F.);
#10810 = EDGE_CURVE('',#10811,#10801,#10813,.T.);
#10811 = VERTEX_POINT('',#10812);
#10812 = CARTESIAN_POINT('',(2.97,1.,0.95));
#10813 = LINE('',#10814,#10815);
#10814 = CARTESIAN_POINT('',(2.97,1.,0.95));
#10815 = VECTOR('',#10816,1.);
#10816 = DIRECTION('',(0.,0.,-1.));
#10817 = ORIENTED_EDGE('',*,*,#10818,.T.);
#10818 = EDGE_CURVE('',#10811,#10819,#10821,.T.);
#10819 = VERTEX_POINT('',#10820);
#10820 = CARTESIAN_POINT('',(2.8,1.,0.95));
#10821 = LINE('',#10822,#10823);
#10822 = CARTESIAN_POINT('',(2.97,1.,0.95));
#10823 = VECTOR('',#10824,1.);
#10824 = DIRECTION('',(-1.,0.,0.));
#10825 = ORIENTED_EDGE('',*,*,#10826,.F.);
#10826 = EDGE_CURVE('',#10827,#10819,#10829,.T.);
#10827 = VERTEX_POINT('',#10828);
#10828 = CARTESIAN_POINT('',(2.8,1.,1.25));
#10829 = LINE('',#10830,#10831);
#10830 = CARTESIAN_POINT('',(2.8,1.,1.35));
#10831 = VECTOR('',#10832,1.);
#10832 = DIRECTION('',(0.,0.,-1.));
#10833 = ORIENTED_EDGE('',*,*,#10834,.T.);
#10834 = EDGE_CURVE('',#10827,#10835,#10837,.T.);
#10835 = VERTEX_POINT('',#10836);
#10836 = CARTESIAN_POINT('',(2.7,1.,1.35));
#10837 = LINE('',#10838,#10839);
#10838 = CARTESIAN_POINT('',(2.75,1.,1.3));
#10839 = VECTOR('',#10840,1.);
#10840 = DIRECTION('',(-0.707106781187,0.,0.707106781187));
#10841 = ORIENTED_EDGE('',*,*,#10842,.F.);
#10842 = EDGE_CURVE('',#10843,#10835,#10845,.T.);
#10843 = VERTEX_POINT('',#10844);
#10844 = CARTESIAN_POINT('',(-2.7,1.,1.35));
#10845 = LINE('',#10846,#10847);
#10846 = CARTESIAN_POINT('',(-2.5,1.,1.35));
#10847 = VECTOR('',#10848,1.);
#10848 = DIRECTION('',(1.,3.061515884556E-17,-2.376236211391E-32));
#10849 = ORIENTED_EDGE('',*,*,#10850,.F.);
#10850 = EDGE_CURVE('',#10851,#10843,#10853,.T.);
#10851 = VERTEX_POINT('',#10852);
#10852 = CARTESIAN_POINT('',(-2.8,1.,1.25));
#10853 = LINE('',#10854,#10855);
#10854 = CARTESIAN_POINT('',(-2.75,1.,1.3));
#10855 = VECTOR('',#10856,1.);
#10856 = DIRECTION('',(0.707106781187,0.,0.707106781187));
#10857 = ORIENTED_EDGE('',*,*,#10858,.T.);
#10858 = EDGE_CURVE('',#10851,#10859,#10861,.T.);
#10859 = VERTEX_POINT('',#10860);
#10860 = CARTESIAN_POINT('',(-2.8,1.,0.95));
#10861 = LINE('',#10862,#10863);
#10862 = CARTESIAN_POINT('',(-2.8,1.,1.35));
#10863 = VECTOR('',#10864,1.);
#10864 = DIRECTION('',(0.,0.,-1.));
#10865 = ORIENTED_EDGE('',*,*,#10866,.F.);
#10866 = EDGE_CURVE('',#10867,#10859,#10869,.T.);
#10867 = VERTEX_POINT('',#10868);
#10868 = CARTESIAN_POINT('',(-2.97,1.,0.95));
#10869 = LINE('',#10870,#10871);
#10870 = CARTESIAN_POINT('',(-2.97,1.,0.95));
#10871 = VECTOR('',#10872,1.);
#10872 = DIRECTION('',(1.,0.,0.));
#10873 = ORIENTED_EDGE('',*,*,#10874,.T.);
#10874 = EDGE_CURVE('',#10867,#10803,#10875,.T.);
#10875 = LINE('',#10876,#10877);
#10876 = CARTESIAN_POINT('',(-2.97,1.,0.95));
#10877 = VECTOR('',#10878,1.);
#10878 = DIRECTION('',(0.,0.,-1.));
#10879 = PLANE('',#10880);
#10880 = AXIS2_PLACEMENT_3D('',#10881,#10882,#10883);
#10881 = CARTESIAN_POINT('',(-2.5,1.,0.25));
#10882 = DIRECTION('',(3.061515884556E-17,-1.,-6.123031769112E-17));
#10883 = DIRECTION('',(-2.563693801618E-32,6.123031769112E-17,-1.));
#10884 = ADVANCED_FACE('',(#10885),#10910,.T.);
#10885 = FACE_BOUND('',#10886,.T.);
#10886 = EDGE_LOOP('',(#10887,#10888,#10896,#10904));
#10887 = ORIENTED_EDGE('',*,*,#10842,.T.);
#10888 = ORIENTED_EDGE('',*,*,#10889,.T.);
#10889 = EDGE_CURVE('',#10835,#10890,#10892,.T.);
#10890 = VERTEX_POINT('',#10891);
#10891 = CARTESIAN_POINT('',(2.7,1.575,1.35));
#10892 = LINE('',#10893,#10894);
#10893 = CARTESIAN_POINT('',(2.7,1.575,1.35));
#10894 = VECTOR('',#10895,1.);
#10895 = DIRECTION('',(6.123031769112E-17,1.,0.));
#10896 = ORIENTED_EDGE('',*,*,#10897,.F.);
#10897 = EDGE_CURVE('',#10898,#10890,#10900,.T.);
#10898 = VERTEX_POINT('',#10899);
#10899 = CARTESIAN_POINT('',(-2.7,1.575,1.35));
#10900 = LINE('',#10901,#10902);
#10901 = CARTESIAN_POINT('',(-2.5,1.575,1.35));
#10902 = VECTOR('',#10903,1.);
#10903 = DIRECTION('',(1.,3.061515884556E-17,-2.376236211391E-32));
#10904 = ORIENTED_EDGE('',*,*,#10905,.F.);
#10905 = EDGE_CURVE('',#10843,#10898,#10906,.T.);
#10906 = LINE('',#10907,#10908);
#10907 = CARTESIAN_POINT('',(-2.7,1.575,1.35));
#10908 = VECTOR('',#10909,1.);
#10909 = DIRECTION('',(-6.123031769112E-17,1.,0.));
#10910 = PLANE('',#10911);
#10911 = AXIS2_PLACEMENT_3D('',#10912,#10913,#10914);
#10912 = CARTESIAN_POINT('',(-2.5,1.,1.35));
#10913 = DIRECTION('',(2.376236211391E-32,7.274884906629E-49,1.));
#10914 = DIRECTION('',(3.061515884556E-17,-1.,0.));
#10915 = ADVANCED_FACE('',(#10916),#10941,.T.);
#10916 = FACE_BOUND('',#10917,.T.);
#10917 = EDGE_LOOP('',(#10918,#10919,#10927,#10935));
#10918 = ORIENTED_EDGE('',*,*,#10897,.T.);
#10919 = ORIENTED_EDGE('',*,*,#10920,.T.);
#10920 = EDGE_CURVE('',#10890,#10921,#10923,.T.);
#10921 = VERTEX_POINT('',#10922);
#10922 = CARTESIAN_POINT('',(2.75,1.575,1.3));
#10923 = LINE('',#10924,#10925);
#10924 = CARTESIAN_POINT('',(2.8,1.575,1.25));
#10925 = VECTOR('',#10926,1.);
#10926 = DIRECTION('',(0.707106781187,1.022195611122E-15,-0.707106781187
    ));
#10927 = ORIENTED_EDGE('',*,*,#10928,.F.);
#10928 = EDGE_CURVE('',#10929,#10921,#10931,.T.);
#10929 = VERTEX_POINT('',#10930);
#10930 = CARTESIAN_POINT('',(-2.75,1.575,1.3));
#10931 = LINE('',#10932,#10933);
#10932 = CARTESIAN_POINT('',(-2.5,1.575,1.3));
#10933 = VECTOR('',#10934,1.);
#10934 = DIRECTION('',(1.,3.061515884556E-17,-2.376236211391E-32));
#10935 = ORIENTED_EDGE('',*,*,#10936,.F.);
#10936 = EDGE_CURVE('',#10898,#10929,#10937,.T.);
#10937 = LINE('',#10938,#10939);
#10938 = CARTESIAN_POINT('',(-2.8,1.575,1.25));
#10939 = VECTOR('',#10940,1.);
#10940 = DIRECTION('',(-0.707106781187,1.022195611122E-15,
    -0.707106781187));
#10941 = PLANE('',#10942);
#10942 = AXIS2_PLACEMENT_3D('',#10943,#10944,#10945);
#10943 = CARTESIAN_POINT('',(-2.5,1.575,1.35));
#10944 = DIRECTION('',(-3.061515884556E-17,1.,6.123031769112E-17));
#10945 = DIRECTION('',(2.563693801618E-32,-6.123031769112E-17,1.));
#10946 = ADVANCED_FACE('',(#10947,#10953,#10959,#10965,#10971,#10977,
    #10983,#10989,#10995,#11001,#11007),#11032,.T.);
#10947 = FACE_BOUND('',#10948,.T.);
#10948 = EDGE_LOOP('',(#10949,#10950,#10951,#10952));
#10949 = ORIENTED_EDGE('',*,*,#654,.F.);
#10950 = ORIENTED_EDGE('',*,*,#620,.T.);
#10951 = ORIENTED_EDGE('',*,*,#671,.F.);
#10952 = ORIENTED_EDGE('',*,*,#596,.F.);
#10953 = FACE_BOUND('',#10954,.T.);
#10954 = EDGE_LOOP('',(#10955,#10956,#10957,#10958));
#10955 = ORIENTED_EDGE('',*,*,#1654,.F.);
#10956 = ORIENTED_EDGE('',*,*,#1620,.T.);
#10957 = ORIENTED_EDGE('',*,*,#1671,.F.);
#10958 = ORIENTED_EDGE('',*,*,#1596,.F.);
#10959 = FACE_BOUND('',#10960,.T.);
#10960 = EDGE_LOOP('',(#10961,#10962,#10963,#10964));
#10961 = ORIENTED_EDGE('',*,*,#2654,.F.);
#10962 = ORIENTED_EDGE('',*,*,#2620,.T.);
#10963 = ORIENTED_EDGE('',*,*,#2671,.F.);
#10964 = ORIENTED_EDGE('',*,*,#2596,.F.);
#10965 = FACE_BOUND('',#10966,.T.);
#10966 = EDGE_LOOP('',(#10967,#10968,#10969,#10970));
#10967 = ORIENTED_EDGE('',*,*,#3654,.F.);
#10968 = ORIENTED_EDGE('',*,*,#3620,.T.);
#10969 = ORIENTED_EDGE('',*,*,#3671,.F.);
#10970 = ORIENTED_EDGE('',*,*,#3596,.F.);
#10971 = FACE_BOUND('',#10972,.T.);
#10972 = EDGE_LOOP('',(#10973,#10974,#10975,#10976));
#10973 = ORIENTED_EDGE('',*,*,#4654,.F.);
#10974 = ORIENTED_EDGE('',*,*,#4620,.T.);
#10975 = ORIENTED_EDGE('',*,*,#4671,.F.);
#10976 = ORIENTED_EDGE('',*,*,#4596,.F.);
#10977 = FACE_BOUND('',#10978,.T.);
#10978 = EDGE_LOOP('',(#10979,#10980,#10981,#10982));
#10979 = ORIENTED_EDGE('',*,*,#5654,.F.);
#10980 = ORIENTED_EDGE('',*,*,#5620,.T.);
#10981 = ORIENTED_EDGE('',*,*,#5671,.F.);
#10982 = ORIENTED_EDGE('',*,*,#5596,.F.);
#10983 = FACE_BOUND('',#10984,.T.);
#10984 = EDGE_LOOP('',(#10985,#10986,#10987,#10988));
#10985 = ORIENTED_EDGE('',*,*,#6654,.F.);
#10986 = ORIENTED_EDGE('',*,*,#6620,.T.);
#10987 = ORIENTED_EDGE('',*,*,#6671,.F.);
#10988 = ORIENTED_EDGE('',*,*,#6596,.F.);
#10989 = FACE_BOUND('',#10990,.T.);
#10990 = EDGE_LOOP('',(#10991,#10992,#10993,#10994));
#10991 = ORIENTED_EDGE('',*,*,#7654,.F.);
#10992 = ORIENTED_EDGE('',*,*,#7620,.T.);
#10993 = ORIENTED_EDGE('',*,*,#7671,.F.);
#10994 = ORIENTED_EDGE('',*,*,#7596,.F.);
#10995 = FACE_BOUND('',#10996,.T.);
#10996 = EDGE_LOOP('',(#10997,#10998,#10999,#11000));
#10997 = ORIENTED_EDGE('',*,*,#8654,.F.);
#10998 = ORIENTED_EDGE('',*,*,#8620,.T.);
#10999 = ORIENTED_EDGE('',*,*,#8671,.F.);
#11000 = ORIENTED_EDGE('',*,*,#8596,.F.);
#11001 = FACE_BOUND('',#11002,.T.);
#11002 = EDGE_LOOP('',(#11003,#11004,#11005,#11006));
#11003 = ORIENTED_EDGE('',*,*,#9654,.F.);
#11004 = ORIENTED_EDGE('',*,*,#9620,.T.);
#11005 = ORIENTED_EDGE('',*,*,#9671,.F.);
#11006 = ORIENTED_EDGE('',*,*,#9596,.F.);
#11007 = FACE_BOUND('',#11008,.T.);
#11008 = EDGE_LOOP('',(#11009,#11010,#11018,#11026));
#11009 = ORIENTED_EDGE('',*,*,#10928,.T.);
#11010 = ORIENTED_EDGE('',*,*,#11011,.T.);
#11011 = EDGE_CURVE('',#10921,#11012,#11014,.T.);
#11012 = VERTEX_POINT('',#11013);
#11013 = CARTESIAN_POINT('',(2.75,2.4,1.3));
#11014 = LINE('',#11015,#11016);
#11015 = CARTESIAN_POINT('',(2.75,1.575,1.3));
#11016 = VECTOR('',#11017,1.);
#11017 = DIRECTION('',(6.123031769112E-17,1.,0.));
#11018 = ORIENTED_EDGE('',*,*,#11019,.F.);
#11019 = EDGE_CURVE('',#11020,#11012,#11022,.T.);
#11020 = VERTEX_POINT('',#11021);
#11021 = CARTESIAN_POINT('',(-2.75,2.4,1.3));
#11022 = LINE('',#11023,#11024);
#11023 = CARTESIAN_POINT('',(-2.5,2.4,1.3));
#11024 = VECTOR('',#11025,1.);
#11025 = DIRECTION('',(1.,3.061515884556E-17,-2.376236211391E-32));
#11026 = ORIENTED_EDGE('',*,*,#11027,.F.);
#11027 = EDGE_CURVE('',#10929,#11020,#11028,.T.);
#11028 = LINE('',#11029,#11030);
#11029 = CARTESIAN_POINT('',(-2.75,1.575,1.3));
#11030 = VECTOR('',#11031,1.);
#11031 = DIRECTION('',(-6.123031769112E-17,1.,0.));
#11032 = PLANE('',#11033);
#11033 = AXIS2_PLACEMENT_3D('',#11034,#11035,#11036);
#11034 = CARTESIAN_POINT('',(-2.5,1.575,1.3));
#11035 = DIRECTION('',(2.376236211391E-32,7.274884906629E-49,1.));
#11036 = DIRECTION('',(3.061515884556E-17,-1.,0.));
#11037 = ADVANCED_FACE('',(#11038),#11142,.T.);
#11038 = FACE_BOUND('',#11039,.T.);
#11039 = EDGE_LOOP('',(#11040,#11041,#11042,#11043,#11044,#11045,#11053,
    #11061,#11069,#11075,#11076,#11084,#11092,#11100,#11106,#11107,
    #11108,#11109,#11110,#11111,#11112,#11113,#11114,#11115,#11116,
    #11117,#11118,#11119,#11120,#11121,#11122,#11123,#11124,#11125,
    #11126,#11127,#11128,#11129,#11130,#11131,#11132,#11133,#11134,
    #11135,#11136,#11137,#11138,#11139,#11140,#11141));
#11040 = ORIENTED_EDGE('',*,*,#10121,.F.);
#11041 = ORIENTED_EDGE('',*,*,#826,.T.);
#11042 = ORIENTED_EDGE('',*,*,#858,.F.);
#11043 = ORIENTED_EDGE('',*,*,#775,.F.);
#11044 = ORIENTED_EDGE('',*,*,#10112,.F.);
#11045 = ORIENTED_EDGE('',*,*,#11046,.F.);
#11046 = EDGE_CURVE('',#11047,#10105,#11049,.T.);
#11047 = VERTEX_POINT('',#11048);
#11048 = CARTESIAN_POINT('',(-4.,2.4,0.95));
#11049 = LINE('',#11050,#11051);
#11050 = CARTESIAN_POINT('',(-4.,2.4,0.95));
#11051 = VECTOR('',#11052,1.);
#11052 = DIRECTION('',(0.,0.,-1.));
#11053 = ORIENTED_EDGE('',*,*,#11054,.F.);
#11054 = EDGE_CURVE('',#11055,#11047,#11057,.T.);
#11055 = VERTEX_POINT('',#11056);
#11056 = CARTESIAN_POINT('',(-2.8,2.4,0.95));
#11057 = LINE('',#11058,#11059);
#11058 = CARTESIAN_POINT('',(-2.5,2.4,0.95));
#11059 = VECTOR('',#11060,1.);
#11060 = DIRECTION('',(-1.,0.,0.));
#11061 = ORIENTED_EDGE('',*,*,#11062,.F.);
#11062 = EDGE_CURVE('',#11063,#11055,#11065,.T.);
#11063 = VERTEX_POINT('',#11064);
#11064 = CARTESIAN_POINT('',(-2.8,2.4,1.25));
#11065 = LINE('',#11066,#11067);
#11066 = CARTESIAN_POINT('',(-2.8,2.4,1.35));
#11067 = VECTOR('',#11068,1.);
#11068 = DIRECTION('',(0.,0.,-1.));
#11069 = ORIENTED_EDGE('',*,*,#11070,.F.);
#11070 = EDGE_CURVE('',#11020,#11063,#11071,.T.);
#11071 = LINE('',#11072,#11073);
#11072 = CARTESIAN_POINT('',(-2.6,2.4,1.45));
#11073 = VECTOR('',#11074,1.);
#11074 = DIRECTION('',(-0.707106781187,0.,-0.707106781187));
#11075 = ORIENTED_EDGE('',*,*,#11019,.T.);
#11076 = ORIENTED_EDGE('',*,*,#11077,.T.);
#11077 = EDGE_CURVE('',#11012,#11078,#11080,.T.);
#11078 = VERTEX_POINT('',#11079);
#11079 = CARTESIAN_POINT('',(2.8,2.4,1.25));
#11080 = LINE('',#11081,#11082);
#11081 = CARTESIAN_POINT('',(2.6,2.4,1.45));
#11082 = VECTOR('',#11083,1.);
#11083 = DIRECTION('',(0.707106781187,0.,-0.707106781187));
#11084 = ORIENTED_EDGE('',*,*,#11085,.T.);
#11085 = EDGE_CURVE('',#11078,#11086,#11088,.T.);
#11086 = VERTEX_POINT('',#11087);
#11087 = CARTESIAN_POINT('',(2.8,2.4,0.95));
#11088 = LINE('',#11089,#11090);
#11089 = CARTESIAN_POINT('',(2.8,2.4,1.35));
#11090 = VECTOR('',#11091,1.);
#11091 = DIRECTION('',(0.,0.,-1.));
#11092 = ORIENTED_EDGE('',*,*,#11093,.T.);
#11093 = EDGE_CURVE('',#11086,#11094,#11096,.T.);
#11094 = VERTEX_POINT('',#11095);
#11095 = CARTESIAN_POINT('',(4.,2.4,0.95));
#11096 = LINE('',#11097,#11098);
#11097 = CARTESIAN_POINT('',(2.5,2.4,0.95));
#11098 = VECTOR('',#11099,1.);
#11099 = DIRECTION('',(1.,0.,0.));
#11100 = ORIENTED_EDGE('',*,*,#11101,.T.);
#11101 = EDGE_CURVE('',#11094,#10203,#11102,.T.);
#11102 = LINE('',#11103,#11104);
#11103 = CARTESIAN_POINT('',(4.,2.4,0.95));
#11104 = VECTOR('',#11105,1.);
#11105 = DIRECTION('',(0.,0.,-1.));
#11106 = ORIENTED_EDGE('',*,*,#10202,.F.);
#11107 = ORIENTED_EDGE('',*,*,#9826,.T.);
#11108 = ORIENTED_EDGE('',*,*,#9858,.F.);
#11109 = ORIENTED_EDGE('',*,*,#9775,.F.);
#11110 = ORIENTED_EDGE('',*,*,#10193,.F.);
#11111 = ORIENTED_EDGE('',*,*,#8826,.T.);
#11112 = ORIENTED_EDGE('',*,*,#8858,.F.);
#11113 = ORIENTED_EDGE('',*,*,#8775,.F.);
#11114 = ORIENTED_EDGE('',*,*,#10184,.F.);
#11115 = ORIENTED_EDGE('',*,*,#7826,.T.);
#11116 = ORIENTED_EDGE('',*,*,#7858,.F.);
#11117 = ORIENTED_EDGE('',*,*,#7775,.F.);
#11118 = ORIENTED_EDGE('',*,*,#10175,.F.);
#11119 = ORIENTED_EDGE('',*,*,#6826,.T.);
#11120 = ORIENTED_EDGE('',*,*,#6858,.F.);
#11121 = ORIENTED_EDGE('',*,*,#6775,.F.);
#11122 = ORIENTED_EDGE('',*,*,#10166,.F.);
#11123 = ORIENTED_EDGE('',*,*,#5826,.T.);
#11124 = ORIENTED_EDGE('',*,*,#5858,.F.);
#11125 = ORIENTED_EDGE('',*,*,#5775,.F.);
#11126 = ORIENTED_EDGE('',*,*,#10157,.F.);
#11127 = ORIENTED_EDGE('',*,*,#4826,.T.);
#11128 = ORIENTED_EDGE('',*,*,#4858,.F.);
#11129 = ORIENTED_EDGE('',*,*,#4775,.F.);
#11130 = ORIENTED_EDGE('',*,*,#10148,.F.);
#11131 = ORIENTED_EDGE('',*,*,#3826,.T.);
#11132 = ORIENTED_EDGE('',*,*,#3858,.F.);
#11133 = ORIENTED_EDGE('',*,*,#3775,.F.);
#11134 = ORIENTED_EDGE('',*,*,#10139,.F.);
#11135 = ORIENTED_EDGE('',*,*,#2826,.T.);
#11136 = ORIENTED_EDGE('',*,*,#2858,.F.);
#11137 = ORIENTED_EDGE('',*,*,#2775,.F.);
#11138 = ORIENTED_EDGE('',*,*,#10130,.F.);
#11139 = ORIENTED_EDGE('',*,*,#1826,.T.);
#11140 = ORIENTED_EDGE('',*,*,#1858,.F.);
#11141 = ORIENTED_EDGE('',*,*,#1775,.F.);
#11142 = PLANE('',#11143);
#11143 = AXIS2_PLACEMENT_3D('',#11144,#11145,#11146);
#11144 = CARTESIAN_POINT('',(-2.5,2.4,1.3));
#11145 = DIRECTION('',(-3.061515884556E-17,1.,6.123031769112E-17));
#11146 = DIRECTION('',(2.563693801618E-32,-6.123031769112E-17,1.));
#11147 = ADVANCED_FACE('',(#11148),#11164,.T.);
#11148 = FACE_BOUND('',#11149,.T.);
#11149 = EDGE_LOOP('',(#11150,#11151,#11157,#11158));
#11150 = ORIENTED_EDGE('',*,*,#10065,.T.);
#11151 = ORIENTED_EDGE('',*,*,#11152,.F.);
#11152 = EDGE_CURVE('',#10801,#10058,#11153,.T.);
#11153 = LINE('',#11154,#11155);
#11154 = CARTESIAN_POINT('',(2.97,0.775,0.175));
#11155 = VECTOR('',#11156,1.);
#11156 = DIRECTION('',(-4.32963728536E-17,-0.707106781187,
    -0.707106781187));
#11157 = ORIENTED_EDGE('',*,*,#10800,.T.);
#11158 = ORIENTED_EDGE('',*,*,#11159,.T.);
#11159 = EDGE_CURVE('',#10803,#10066,#11160,.T.);
#11160 = LINE('',#11161,#11162);
#11161 = CARTESIAN_POINT('',(-2.97,0.775,0.175));
#11162 = VECTOR('',#11163,1.);
#11163 = DIRECTION('',(4.32963728536E-17,-0.707106781187,-0.707106781187
    ));
#11164 = PLANE('',#11165);
#11165 = AXIS2_PLACEMENT_3D('',#11166,#11167,#11168);
#11166 = CARTESIAN_POINT('',(-2.5,0.85,0.25));
#11167 = DIRECTION('',(2.16481864268E-17,-0.707106781187,0.707106781187)
  );
#11168 = DIRECTION('',(0.,0.707106781187,0.707106781187));
#11169 = ADVANCED_FACE('',(#11170),#11215,.T.);
#11170 = FACE_BOUND('',#11171,.T.);
#11171 = EDGE_LOOP('',(#11172,#11173,#11174,#11175,#11176,#11177,#11185,
    #11193,#11201,#11209));
#11172 = ORIENTED_EDGE('',*,*,#10377,.T.);
#11173 = ORIENTED_EDGE('',*,*,#10726,.T.);
#11174 = ORIENTED_EDGE('',*,*,#10073,.T.);
#11175 = ORIENTED_EDGE('',*,*,#11159,.F.);
#11176 = ORIENTED_EDGE('',*,*,#10874,.F.);
#11177 = ORIENTED_EDGE('',*,*,#11178,.F.);
#11178 = EDGE_CURVE('',#11179,#10867,#11181,.T.);
#11179 = VERTEX_POINT('',#11180);
#11180 = CARTESIAN_POINT('',(-2.97,0.55,0.95));
#11181 = LINE('',#11182,#11183);
#11182 = CARTESIAN_POINT('',(-2.97,4.336808689942E-16,0.95));
#11183 = VECTOR('',#11184,1.);
#11184 = DIRECTION('',(-6.123031769112E-17,1.,0.));
#11185 = ORIENTED_EDGE('',*,*,#11186,.F.);
#11186 = EDGE_CURVE('',#11187,#11179,#11189,.T.);
#11187 = VERTEX_POINT('',#11188);
#11188 = CARTESIAN_POINT('',(-2.97,0.55,1.25));
#11189 = LINE('',#11190,#11191);
#11190 = CARTESIAN_POINT('',(-2.97,0.55,1.35));
#11191 = VECTOR('',#11192,1.);
#11192 = DIRECTION('',(0.,0.,-1.));
#11193 = ORIENTED_EDGE('',*,*,#11194,.T.);
#11194 = EDGE_CURVE('',#11187,#11195,#11197,.T.);
#11195 = VERTEX_POINT('',#11196);
#11196 = CARTESIAN_POINT('',(-2.97,-0.55,1.25));
#11197 = LINE('',#11198,#11199);
#11198 = CARTESIAN_POINT('',(-2.97,-0.55,1.25));
#11199 = VECTOR('',#11200,1.);
#11200 = DIRECTION('',(-6.123031769112E-17,-1.,0.));
#11201 = ORIENTED_EDGE('',*,*,#11202,.T.);
#11202 = EDGE_CURVE('',#11195,#11203,#11205,.T.);
#11203 = VERTEX_POINT('',#11204);
#11204 = CARTESIAN_POINT('',(-2.97,-0.55,0.95));
#11205 = LINE('',#11206,#11207);
#11206 = CARTESIAN_POINT('',(-2.97,-0.55,1.35));
#11207 = VECTOR('',#11208,1.);
#11208 = DIRECTION('',(0.,0.,-1.));
#11209 = ORIENTED_EDGE('',*,*,#11210,.T.);
#11210 = EDGE_CURVE('',#11203,#10378,#11211,.T.);
#11211 = LINE('',#11212,#11213);
#11212 = CARTESIAN_POINT('',(-2.97,-4.336808689942E-16,0.95));
#11213 = VECTOR('',#11214,1.);
#11214 = DIRECTION('',(-6.123031769112E-17,-1.,0.));
#11215 = PLANE('',#11216);
#11216 = AXIS2_PLACEMENT_3D('',#11217,#11218,#11219);
#11217 = CARTESIAN_POINT('',(-2.97,-4.336808689942E-16,0.95));
#11218 = DIRECTION('',(1.,-6.123031769112E-17,0.));
#11219 = DIRECTION('',(6.123031769112E-17,1.,0.));
#11220 = ADVANCED_FACE('',(#11221),#11269,.F.);
#11221 = FACE_BOUND('',#11222,.T.);
#11222 = EDGE_LOOP('',(#11223,#11224,#11230,#11231,#11232,#11240,#11248,
    #11254,#11255,#11256,#11262,#11263));
#11223 = ORIENTED_EDGE('',*,*,#10694,.F.);
#11224 = ORIENTED_EDGE('',*,*,#11225,.T.);
#11225 = EDGE_CURVE('',#10687,#10386,#11226,.T.);
#11226 = LINE('',#11227,#11228);
#11227 = CARTESIAN_POINT('',(-2.8,-2.4,0.95));
#11228 = VECTOR('',#11229,1.);
#11229 = DIRECTION('',(6.123031769112E-17,1.,0.));
#11230 = ORIENTED_EDGE('',*,*,#10385,.F.);
#11231 = ORIENTED_EDGE('',*,*,#11210,.F.);
#11232 = ORIENTED_EDGE('',*,*,#11233,.F.);
#11233 = EDGE_CURVE('',#11234,#11203,#11236,.T.);
#11234 = VERTEX_POINT('',#11235);
#11235 = CARTESIAN_POINT('',(-3.75,-0.55,0.95));
#11236 = LINE('',#11237,#11238);
#11237 = CARTESIAN_POINT('',(-3.75,-0.55,0.95));
#11238 = VECTOR('',#11239,1.);
#11239 = DIRECTION('',(1.,0.,0.));
#11240 = ORIENTED_EDGE('',*,*,#11241,.F.);
#11241 = EDGE_CURVE('',#11242,#11234,#11244,.T.);
#11242 = VERTEX_POINT('',#11243);
#11243 = CARTESIAN_POINT('',(-3.75,0.55,0.95));
#11244 = LINE('',#11245,#11246);
#11245 = CARTESIAN_POINT('',(-3.75,1.084202172486E-16,0.95));
#11246 = VECTOR('',#11247,1.);
#11247 = DIRECTION('',(-6.123031769112E-17,-1.,0.));
#11248 = ORIENTED_EDGE('',*,*,#11249,.T.);
#11249 = EDGE_CURVE('',#11242,#11179,#11250,.T.);
#11250 = LINE('',#11251,#11252);
#11251 = CARTESIAN_POINT('',(-3.75,0.55,0.95));
#11252 = VECTOR('',#11253,1.);
#11253 = DIRECTION('',(1.,0.,0.));
#11254 = ORIENTED_EDGE('',*,*,#11178,.T.);
#11255 = ORIENTED_EDGE('',*,*,#10866,.T.);
#11256 = ORIENTED_EDGE('',*,*,#11257,.F.);
#11257 = EDGE_CURVE('',#11055,#10859,#11258,.T.);
#11258 = LINE('',#11259,#11260);
#11259 = CARTESIAN_POINT('',(-2.8,2.4,0.95));
#11260 = VECTOR('',#11261,1.);
#11261 = DIRECTION('',(6.123031769112E-17,-1.,0.));
#11262 = ORIENTED_EDGE('',*,*,#11054,.T.);
#11263 = ORIENTED_EDGE('',*,*,#11264,.F.);
#11264 = EDGE_CURVE('',#10695,#11047,#11265,.T.);
#11265 = LINE('',#11266,#11267);
#11266 = CARTESIAN_POINT('',(-4.,-2.4,0.95));
#11267 = VECTOR('',#11268,1.);
#11268 = DIRECTION('',(6.123031769112E-17,1.,0.));
#11269 = PLANE('',#11270);
#11270 = AXIS2_PLACEMENT_3D('',#11271,#11272,#11273);
#11271 = CARTESIAN_POINT('',(-2.5,-2.4,0.95));
#11272 = DIRECTION('',(0.,0.,-1.));
#11273 = DIRECTION('',(0.,-1.,0.));
#11274 = ADVANCED_FACE('',(#11275),#11281,.T.);
#11275 = FACE_BOUND('',#11276,.T.);
#11276 = EDGE_LOOP('',(#11277,#11278,#11279,#11280));
#11277 = ORIENTED_EDGE('',*,*,#10104,.F.);
#11278 = ORIENTED_EDGE('',*,*,#10702,.F.);
#11279 = ORIENTED_EDGE('',*,*,#11264,.T.);
#11280 = ORIENTED_EDGE('',*,*,#11046,.T.);
#11281 = PLANE('',#11282);
#11282 = AXIS2_PLACEMENT_3D('',#11283,#11284,#11285);
#11283 = CARTESIAN_POINT('',(-4.,-2.4,0.95));
#11284 = DIRECTION('',(-1.,6.123031769112E-17,0.));
#11285 = DIRECTION('',(-6.123031769112E-17,-1.,0.));
#11286 = ADVANCED_FACE('',(#11287),#11321,.T.);
#11287 = FACE_BOUND('',#11288,.T.);
#11288 = EDGE_LOOP('',(#11289,#11299,#11307,#11315));
#11289 = ORIENTED_EDGE('',*,*,#11290,.T.);
#11290 = EDGE_CURVE('',#11291,#11293,#11295,.T.);
#11291 = VERTEX_POINT('',#11292);
#11292 = CARTESIAN_POINT('',(-3.438888888889,-0.45,1.35));
#11293 = VERTEX_POINT('',#11294);
#11294 = CARTESIAN_POINT('',(-3.07,-0.45,1.35));
#11295 = LINE('',#11296,#11297);
#11296 = CARTESIAN_POINT('',(-2.97,-0.45,1.35));
#11297 = VECTOR('',#11298,1.);
#11298 = DIRECTION('',(1.,0.,0.));
#11299 = ORIENTED_EDGE('',*,*,#11300,.T.);
#11300 = EDGE_CURVE('',#11293,#11301,#11303,.T.);
#11301 = VERTEX_POINT('',#11302);
#11302 = CARTESIAN_POINT('',(-3.07,0.45,1.35));
#11303 = LINE('',#11304,#11305);
#11304 = CARTESIAN_POINT('',(-3.07,9.819049870061E-16,1.35));
#11305 = VECTOR('',#11306,1.);
#11306 = DIRECTION('',(6.123031769112E-17,1.,0.));
#11307 = ORIENTED_EDGE('',*,*,#11308,.F.);
#11308 = EDGE_CURVE('',#11309,#11301,#11311,.T.);
#11309 = VERTEX_POINT('',#11310);
#11310 = CARTESIAN_POINT('',(-3.438888888889,0.45,1.35));
#11311 = LINE('',#11312,#11313);
#11312 = CARTESIAN_POINT('',(-2.97,0.45,1.35));
#11313 = VECTOR('',#11314,1.);
#11314 = DIRECTION('',(1.,0.,0.));
#11315 = ORIENTED_EDGE('',*,*,#11316,.T.);
#11316 = EDGE_CURVE('',#11309,#11291,#11317,.T.);
#11317 = LINE('',#11318,#11319);
#11318 = CARTESIAN_POINT('',(-3.438888888889,-0.55,1.35));
#11319 = VECTOR('',#11320,1.);
#11320 = DIRECTION('',(0.,-1.,0.));
#11321 = PLANE('',#11322);
#11322 = AXIS2_PLACEMENT_3D('',#11323,#11324,#11325);
#11323 = CARTESIAN_POINT('',(-3.75,-0.55,1.35));
#11324 = DIRECTION('',(0.,0.,1.));
#11325 = DIRECTION('',(0.,-1.,0.));
#11326 = ADVANCED_FACE('',(#11327),#11345,.F.);
#11327 = FACE_BOUND('',#11328,.T.);
#11328 = EDGE_LOOP('',(#11329,#11330,#11338,#11344));
#11329 = ORIENTED_EDGE('',*,*,#11202,.F.);
#11330 = ORIENTED_EDGE('',*,*,#11331,.T.);
#11331 = EDGE_CURVE('',#11195,#11332,#11334,.T.);
#11332 = VERTEX_POINT('',#11333);
#11333 = CARTESIAN_POINT('',(-3.516666666667,-0.55,1.25));
#11334 = LINE('',#11335,#11336);
#11335 = CARTESIAN_POINT('',(-3.438888888889,-0.55,1.25));
#11336 = VECTOR('',#11337,1.);
#11337 = DIRECTION('',(-1.,0.,0.));
#11338 = ORIENTED_EDGE('',*,*,#11339,.T.);
#11339 = EDGE_CURVE('',#11332,#11234,#11340,.T.);
#11340 = LINE('',#11341,#11342);
#11341 = CARTESIAN_POINT('',(-3.4,-0.55,1.4));
#11342 = VECTOR('',#11343,1.);
#11343 = DIRECTION('',(-0.613940613515,1.689152302348E-31,
    -0.789352217376));
#11344 = ORIENTED_EDGE('',*,*,#11233,.T.);
#11345 = PLANE('',#11346);
#11346 = AXIS2_PLACEMENT_3D('',#11347,#11348,#11349);
#11347 = CARTESIAN_POINT('',(-3.75,-0.55,1.35));
#11348 = DIRECTION('',(0.,1.,0.));
#11349 = DIRECTION('',(-1.,0.,0.));
#11350 = ADVANCED_FACE('',(#11351),#11376,.T.);
#11351 = FACE_BOUND('',#11352,.T.);
#11352 = EDGE_LOOP('',(#11353,#11354,#11360,#11361,#11369,#11375));
#11353 = ORIENTED_EDGE('',*,*,#11339,.F.);
#11354 = ORIENTED_EDGE('',*,*,#11355,.T.);
#11355 = EDGE_CURVE('',#11332,#11291,#11356,.T.);
#11356 = LINE('',#11357,#11358);
#11357 = CARTESIAN_POINT('',(-3.280568720379,-0.24644549763,
    1.55355450237));
#11358 = VECTOR('',#11359,1.);
#11359 = DIRECTION('',(0.481899873575,0.619585551739,0.619585551739));
#11360 = ORIENTED_EDGE('',*,*,#11316,.F.);
#11361 = ORIENTED_EDGE('',*,*,#11362,.F.);
#11362 = EDGE_CURVE('',#11363,#11309,#11365,.T.);
#11363 = VERTEX_POINT('',#11364);
#11364 = CARTESIAN_POINT('',(-3.516666666667,0.55,1.25));
#11365 = LINE('',#11366,#11367);
#11366 = CARTESIAN_POINT('',(-3.280568720379,0.24644549763,1.55355450237
    ));
#11367 = VECTOR('',#11368,1.);
#11368 = DIRECTION('',(0.481899873575,-0.619585551739,0.619585551739));
#11369 = ORIENTED_EDGE('',*,*,#11370,.T.);
#11370 = EDGE_CURVE('',#11363,#11242,#11371,.T.);
#11371 = LINE('',#11372,#11373);
#11372 = CARTESIAN_POINT('',(-3.4,0.55,1.4));
#11373 = VECTOR('',#11374,1.);
#11374 = DIRECTION('',(-0.613940613515,-1.689152302348E-31,
    -0.789352217376));
#11375 = ORIENTED_EDGE('',*,*,#11241,.T.);
#11376 = PLANE('',#11377);
#11377 = AXIS2_PLACEMENT_3D('',#11378,#11379,#11380);
#11378 = CARTESIAN_POINT('',(-3.4,-1.084202172486E-16,1.4));
#11379 = DIRECTION('',(-0.789352217376,0.,0.613940613515));
#11380 = DIRECTION('',(0.613940613515,0.,0.789352217376));
#11381 = ADVANCED_FACE('',(#11382),#11393,.T.);
#11382 = FACE_BOUND('',#11383,.T.);
#11383 = EDGE_LOOP('',(#11384,#11385,#11386,#11392));
#11384 = ORIENTED_EDGE('',*,*,#11355,.F.);
#11385 = ORIENTED_EDGE('',*,*,#11331,.F.);
#11386 = ORIENTED_EDGE('',*,*,#11387,.F.);
#11387 = EDGE_CURVE('',#11293,#11195,#11388,.T.);
#11388 = LINE('',#11389,#11390);
#11389 = CARTESIAN_POINT('',(-3.296666666667,-0.223333333333,
    1.576666666667));
#11390 = VECTOR('',#11391,1.);
#11391 = DIRECTION('',(0.57735026919,-0.57735026919,-0.57735026919));
#11392 = ORIENTED_EDGE('',*,*,#11290,.F.);
#11393 = PLANE('',#11394);
#11394 = AXIS2_PLACEMENT_3D('',#11395,#11396,#11397);
#11395 = CARTESIAN_POINT('',(-3.75,-0.45,1.35));
#11396 = DIRECTION('',(0.,-0.707106781187,0.707106781187));
#11397 = DIRECTION('',(0.,-0.707106781187,-0.707106781187));
#11398 = ADVANCED_FACE('',(#11399),#11410,.T.);
#11399 = FACE_BOUND('',#11400,.T.);
#11400 = EDGE_LOOP('',(#11401,#11402,#11403,#11409));
#11401 = ORIENTED_EDGE('',*,*,#11387,.T.);
#11402 = ORIENTED_EDGE('',*,*,#11194,.F.);
#11403 = ORIENTED_EDGE('',*,*,#11404,.F.);
#11404 = EDGE_CURVE('',#11301,#11187,#11405,.T.);
#11405 = LINE('',#11406,#11407);
#11406 = CARTESIAN_POINT('',(-3.296666666667,0.223333333333,
    1.576666666667));
#11407 = VECTOR('',#11408,1.);
#11408 = DIRECTION('',(0.57735026919,0.57735026919,-0.57735026919));
#11409 = ORIENTED_EDGE('',*,*,#11300,.F.);
#11410 = PLANE('',#11411);
#11411 = AXIS2_PLACEMENT_3D('',#11412,#11413,#11414);
#11412 = CARTESIAN_POINT('',(-3.07,-0.55,1.35));
#11413 = DIRECTION('',(0.707106781187,-4.32963728536E-17,0.707106781187)
  );
#11414 = DIRECTION('',(0.707106781187,0.,-0.707106781187));
#11415 = ADVANCED_FACE('',(#11416),#11427,.T.);
#11416 = FACE_BOUND('',#11417,.T.);
#11417 = EDGE_LOOP('',(#11418,#11419,#11425,#11426));
#11418 = ORIENTED_EDGE('',*,*,#10686,.F.);
#11419 = ORIENTED_EDGE('',*,*,#11420,.T.);
#11420 = EDGE_CURVE('',#10679,#10394,#11421,.T.);
#11421 = LINE('',#11422,#11423);
#11422 = CARTESIAN_POINT('',(-2.8,-1.,1.25));
#11423 = VECTOR('',#11424,1.);
#11424 = DIRECTION('',(6.123031769112E-17,1.,0.));
#11425 = ORIENTED_EDGE('',*,*,#10393,.T.);
#11426 = ORIENTED_EDGE('',*,*,#11225,.F.);
#11427 = PLANE('',#11428);
#11428 = AXIS2_PLACEMENT_3D('',#11429,#11430,#11431);
#11429 = CARTESIAN_POINT('',(-2.8,-2.4,1.35));
#11430 = DIRECTION('',(-1.,6.123031769112E-17,0.));
#11431 = DIRECTION('',(-6.123031769112E-17,-1.,0.));
#11432 = ADVANCED_FACE('',(#11433),#11441,.T.);
#11433 = FACE_BOUND('',#11434,.T.);
#11434 = EDGE_LOOP('',(#11435,#11436,#11437,#11438,#11439,#11440));
#11435 = ORIENTED_EDGE('',*,*,#10503,.F.);
#11436 = ORIENTED_EDGE('',*,*,#10472,.F.);
#11437 = ORIENTED_EDGE('',*,*,#10401,.F.);
#11438 = ORIENTED_EDGE('',*,*,#11420,.F.);
#11439 = ORIENTED_EDGE('',*,*,#10678,.F.);
#11440 = ORIENTED_EDGE('',*,*,#10594,.F.);
#11441 = PLANE('',#11442);
#11442 = AXIS2_PLACEMENT_3D('',#11443,#11444,#11445);
#11443 = CARTESIAN_POINT('',(-2.8,-2.4,1.25));
#11444 = DIRECTION('',(-0.707106781187,4.32963728536E-17,0.707106781187)
  );
#11445 = DIRECTION('',(0.707106781187,0.,0.707106781187));
#11446 = ADVANCED_FACE('',(#11447),#11458,.F.);
#11447 = FACE_BOUND('',#11448,.T.);
#11448 = EDGE_LOOP('',(#11449,#11450,#11451,#11452));
#11449 = ORIENTED_EDGE('',*,*,#11186,.T.);
#11450 = ORIENTED_EDGE('',*,*,#11249,.F.);
#11451 = ORIENTED_EDGE('',*,*,#11370,.F.);
#11452 = ORIENTED_EDGE('',*,*,#11453,.F.);
#11453 = EDGE_CURVE('',#11187,#11363,#11454,.T.);
#11454 = LINE('',#11455,#11456);
#11455 = CARTESIAN_POINT('',(-3.438888888889,0.55,1.25));
#11456 = VECTOR('',#11457,1.);
#11457 = DIRECTION('',(-1.,0.,0.));
#11458 = PLANE('',#11459);
#11459 = AXIS2_PLACEMENT_3D('',#11460,#11461,#11462);
#11460 = CARTESIAN_POINT('',(-3.75,0.55,1.35));
#11461 = DIRECTION('',(0.,-1.,0.));
#11462 = DIRECTION('',(-1.,0.,0.));
#11463 = ADVANCED_FACE('',(#11464),#11470,.T.);
#11464 = FACE_BOUND('',#11465,.T.);
#11465 = EDGE_LOOP('',(#11466,#11467,#11468,#11469));
#11466 = ORIENTED_EDGE('',*,*,#11362,.T.);
#11467 = ORIENTED_EDGE('',*,*,#11308,.T.);
#11468 = ORIENTED_EDGE('',*,*,#11404,.T.);
#11469 = ORIENTED_EDGE('',*,*,#11453,.T.);
#11470 = PLANE('',#11471);
#11471 = AXIS2_PLACEMENT_3D('',#11472,#11473,#11474);
#11472 = CARTESIAN_POINT('',(-3.75,0.45,1.35));
#11473 = DIRECTION('',(0.,0.707106781187,0.707106781187));
#11474 = DIRECTION('',(0.,0.707106781187,-0.707106781187));
#11475 = ADVANCED_FACE('',(#11476),#11487,.T.);
#11476 = FACE_BOUND('',#11477,.T.);
#11477 = EDGE_LOOP('',(#11478,#11479,#11480,#11481));
#11478 = ORIENTED_EDGE('',*,*,#11062,.T.);
#11479 = ORIENTED_EDGE('',*,*,#11257,.T.);
#11480 = ORIENTED_EDGE('',*,*,#10858,.F.);
#11481 = ORIENTED_EDGE('',*,*,#11482,.F.);
#11482 = EDGE_CURVE('',#11063,#10851,#11483,.T.);
#11483 = LINE('',#11484,#11485);
#11484 = CARTESIAN_POINT('',(-2.8,1.,1.25));
#11485 = VECTOR('',#11486,1.);
#11486 = DIRECTION('',(6.123031769112E-17,-1.,0.));
#11487 = PLANE('',#11488);
#11488 = AXIS2_PLACEMENT_3D('',#11489,#11490,#11491);
#11489 = CARTESIAN_POINT('',(-2.8,2.4,1.35));
#11490 = DIRECTION('',(-1.,-6.123031769112E-17,0.));
#11491 = DIRECTION('',(-6.123031769112E-17,1.,0.));
#11492 = ADVANCED_FACE('',(#11493),#11501,.T.);
#11493 = FACE_BOUND('',#11494,.T.);
#11494 = EDGE_LOOP('',(#11495,#11496,#11497,#11498,#11499,#11500));
#11495 = ORIENTED_EDGE('',*,*,#10936,.T.);
#11496 = ORIENTED_EDGE('',*,*,#11027,.T.);
#11497 = ORIENTED_EDGE('',*,*,#11070,.T.);
#11498 = ORIENTED_EDGE('',*,*,#11482,.T.);
#11499 = ORIENTED_EDGE('',*,*,#10850,.T.);
#11500 = ORIENTED_EDGE('',*,*,#10905,.T.);
#11501 = PLANE('',#11502);
#11502 = AXIS2_PLACEMENT_3D('',#11503,#11504,#11505);
#11503 = CARTESIAN_POINT('',(-2.8,2.4,1.25));
#11504 = DIRECTION('',(-0.707106781187,-4.32963728536E-17,0.707106781187
    ));
#11505 = DIRECTION('',(0.707106781187,0.,0.707106781187));
#11506 = ADVANCED_FACE('',(#11507),#11552,.T.);
#11507 = FACE_BOUND('',#11508,.T.);
#11508 = EDGE_LOOP('',(#11509,#11510,#11518,#11526,#11534,#11542,#11548,
    #11549,#11550,#11551));
#11509 = ORIENTED_EDGE('',*,*,#10441,.F.);
#11510 = ORIENTED_EDGE('',*,*,#11511,.F.);
#11511 = EDGE_CURVE('',#11512,#10434,#11514,.T.);
#11512 = VERTEX_POINT('',#11513);
#11513 = CARTESIAN_POINT('',(2.97,-0.55,0.95));
#11514 = LINE('',#11515,#11516);
#11515 = CARTESIAN_POINT('',(2.97,-4.336808689942E-16,0.95));
#11516 = VECTOR('',#11517,1.);
#11517 = DIRECTION('',(6.123031769112E-17,-1.,0.));
#11518 = ORIENTED_EDGE('',*,*,#11519,.F.);
#11519 = EDGE_CURVE('',#11520,#11512,#11522,.T.);
#11520 = VERTEX_POINT('',#11521);
#11521 = CARTESIAN_POINT('',(2.97,-0.55,1.25));
#11522 = LINE('',#11523,#11524);
#11523 = CARTESIAN_POINT('',(2.97,-0.55,1.35));
#11524 = VECTOR('',#11525,1.);
#11525 = DIRECTION('',(0.,0.,-1.));
#11526 = ORIENTED_EDGE('',*,*,#11527,.F.);
#11527 = EDGE_CURVE('',#11528,#11520,#11530,.T.);
#11528 = VERTEX_POINT('',#11529);
#11529 = CARTESIAN_POINT('',(2.97,0.55,1.25));
#11530 = LINE('',#11531,#11532);
#11531 = CARTESIAN_POINT('',(2.97,-0.55,1.25));
#11532 = VECTOR('',#11533,1.);
#11533 = DIRECTION('',(6.123031769112E-17,-1.,0.));
#11534 = ORIENTED_EDGE('',*,*,#11535,.T.);
#11535 = EDGE_CURVE('',#11528,#11536,#11538,.T.);
#11536 = VERTEX_POINT('',#11537);
#11537 = CARTESIAN_POINT('',(2.97,0.55,0.95));
#11538 = LINE('',#11539,#11540);
#11539 = CARTESIAN_POINT('',(2.97,0.55,1.35));
#11540 = VECTOR('',#11541,1.);
#11541 = DIRECTION('',(0.,0.,-1.));
#11542 = ORIENTED_EDGE('',*,*,#11543,.T.);
#11543 = EDGE_CURVE('',#11536,#10811,#11544,.T.);
#11544 = LINE('',#11545,#11546);
#11545 = CARTESIAN_POINT('',(2.97,4.336808689942E-16,0.95));
#11546 = VECTOR('',#11547,1.);
#11547 = DIRECTION('',(6.123031769112E-17,1.,0.));
#11548 = ORIENTED_EDGE('',*,*,#10810,.T.);
#11549 = ORIENTED_EDGE('',*,*,#11152,.T.);
#11550 = ORIENTED_EDGE('',*,*,#10057,.F.);
#11551 = ORIENTED_EDGE('',*,*,#10719,.F.);
#11552 = PLANE('',#11553);
#11553 = AXIS2_PLACEMENT_3D('',#11554,#11555,#11556);
#11554 = CARTESIAN_POINT('',(2.97,-4.336808689942E-16,0.95));
#11555 = DIRECTION('',(-1.,-6.123031769112E-17,0.));
#11556 = DIRECTION('',(-6.123031769112E-17,1.,0.));
#11557 = ADVANCED_FACE('',(#11558),#11606,.F.);
#11558 = FACE_BOUND('',#11559,.T.);
#11559 = EDGE_LOOP('',(#11560,#11561,#11567,#11568,#11574,#11575,#11576,
    #11584,#11592,#11598,#11599,#11600));
#11560 = ORIENTED_EDGE('',*,*,#10655,.T.);
#11561 = ORIENTED_EDGE('',*,*,#11562,.T.);
#11562 = EDGE_CURVE('',#10648,#11094,#11563,.T.);
#11563 = LINE('',#11564,#11565);
#11564 = CARTESIAN_POINT('',(4.,-2.4,0.95));
#11565 = VECTOR('',#11566,1.);
#11566 = DIRECTION('',(-6.123031769112E-17,1.,0.));
#11567 = ORIENTED_EDGE('',*,*,#11093,.F.);
#11568 = ORIENTED_EDGE('',*,*,#11569,.T.);
#11569 = EDGE_CURVE('',#11086,#10819,#11570,.T.);
#11570 = LINE('',#11571,#11572);
#11571 = CARTESIAN_POINT('',(2.8,2.4,0.95));
#11572 = VECTOR('',#11573,1.);
#11573 = DIRECTION('',(-6.123031769112E-17,-1.,0.));
#11574 = ORIENTED_EDGE('',*,*,#10818,.F.);
#11575 = ORIENTED_EDGE('',*,*,#11543,.F.);
#11576 = ORIENTED_EDGE('',*,*,#11577,.F.);
#11577 = EDGE_CURVE('',#11578,#11536,#11580,.T.);
#11578 = VERTEX_POINT('',#11579);
#11579 = CARTESIAN_POINT('',(3.75,0.55,0.95));
#11580 = LINE('',#11581,#11582);
#11581 = CARTESIAN_POINT('',(3.75,0.55,0.95));
#11582 = VECTOR('',#11583,1.);
#11583 = DIRECTION('',(-1.,0.,0.));
#11584 = ORIENTED_EDGE('',*,*,#11585,.T.);
#11585 = EDGE_CURVE('',#11578,#11586,#11588,.T.);
#11586 = VERTEX_POINT('',#11587);
#11587 = CARTESIAN_POINT('',(3.75,-0.55,0.95));
#11588 = LINE('',#11589,#11590);
#11589 = CARTESIAN_POINT('',(3.75,1.084202172486E-16,0.95));
#11590 = VECTOR('',#11591,1.);
#11591 = DIRECTION('',(6.123031769112E-17,-1.,0.));
#11592 = ORIENTED_EDGE('',*,*,#11593,.T.);
#11593 = EDGE_CURVE('',#11586,#11512,#11594,.T.);
#11594 = LINE('',#11595,#11596);
#11595 = CARTESIAN_POINT('',(3.75,-0.55,0.95));
#11596 = VECTOR('',#11597,1.);
#11597 = DIRECTION('',(-1.,0.,0.));
#11598 = ORIENTED_EDGE('',*,*,#11511,.T.);
#11599 = ORIENTED_EDGE('',*,*,#10433,.T.);
#11600 = ORIENTED_EDGE('',*,*,#11601,.F.);
#11601 = EDGE_CURVE('',#10656,#10426,#11602,.T.);
#11602 = LINE('',#11603,#11604);
#11603 = CARTESIAN_POINT('',(2.8,-2.4,0.95));
#11604 = VECTOR('',#11605,1.);
#11605 = DIRECTION('',(-6.123031769112E-17,1.,0.));
#11606 = PLANE('',#11607);
#11607 = AXIS2_PLACEMENT_3D('',#11608,#11609,#11610);
#11608 = CARTESIAN_POINT('',(2.5,-2.4,0.95));
#11609 = DIRECTION('',(0.,0.,-1.));
#11610 = DIRECTION('',(0.,-1.,0.));
#11611 = ADVANCED_FACE('',(#11612),#11618,.T.);
#11612 = FACE_BOUND('',#11613,.T.);
#11613 = EDGE_LOOP('',(#11614,#11615,#11616,#11617));
#11614 = ORIENTED_EDGE('',*,*,#10210,.T.);
#11615 = ORIENTED_EDGE('',*,*,#11101,.F.);
#11616 = ORIENTED_EDGE('',*,*,#11562,.F.);
#11617 = ORIENTED_EDGE('',*,*,#10647,.T.);
#11618 = PLANE('',#11619);
#11619 = AXIS2_PLACEMENT_3D('',#11620,#11621,#11622);
#11620 = CARTESIAN_POINT('',(4.,-2.4,0.95));
#11621 = DIRECTION('',(1.,6.123031769112E-17,0.));
#11622 = DIRECTION('',(6.123031769112E-17,-1.,0.));
#11623 = ADVANCED_FACE('',(#11624),#11658,.T.);
#11624 = FACE_BOUND('',#11625,.T.);
#11625 = EDGE_LOOP('',(#11626,#11636,#11644,#11652));
#11626 = ORIENTED_EDGE('',*,*,#11627,.F.);
#11627 = EDGE_CURVE('',#11628,#11630,#11632,.T.);
#11628 = VERTEX_POINT('',#11629);
#11629 = CARTESIAN_POINT('',(3.438888888889,-0.45,1.35));
#11630 = VERTEX_POINT('',#11631);
#11631 = CARTESIAN_POINT('',(3.07,-0.45,1.35));
#11632 = LINE('',#11633,#11634);
#11633 = CARTESIAN_POINT('',(2.97,-0.45,1.35));
#11634 = VECTOR('',#11635,1.);
#11635 = DIRECTION('',(-1.,0.,0.));
#11636 = ORIENTED_EDGE('',*,*,#11637,.F.);
#11637 = EDGE_CURVE('',#11638,#11628,#11640,.T.);
#11638 = VERTEX_POINT('',#11639);
#11639 = CARTESIAN_POINT('',(3.438888888889,0.45,1.35));
#11640 = LINE('',#11641,#11642);
#11641 = CARTESIAN_POINT('',(3.438888888889,-0.55,1.35));
#11642 = VECTOR('',#11643,1.);
#11643 = DIRECTION('',(0.,-1.,0.));
#11644 = ORIENTED_EDGE('',*,*,#11645,.T.);
#11645 = EDGE_CURVE('',#11638,#11646,#11648,.T.);
#11646 = VERTEX_POINT('',#11647);
#11647 = CARTESIAN_POINT('',(3.07,0.45,1.35));
#11648 = LINE('',#11649,#11650);
#11649 = CARTESIAN_POINT('',(2.97,0.45,1.35));
#11650 = VECTOR('',#11651,1.);
#11651 = DIRECTION('',(-1.,0.,0.));
#11652 = ORIENTED_EDGE('',*,*,#11653,.F.);
#11653 = EDGE_CURVE('',#11630,#11646,#11654,.T.);
#11654 = LINE('',#11655,#11656);
#11655 = CARTESIAN_POINT('',(3.07,9.819049870061E-16,1.35));
#11656 = VECTOR('',#11657,1.);
#11657 = DIRECTION('',(-6.123031769112E-17,1.,0.));
#11658 = PLANE('',#11659);
#11659 = AXIS2_PLACEMENT_3D('',#11660,#11661,#11662);
#11660 = CARTESIAN_POINT('',(3.75,-0.55,1.35));
#11661 = DIRECTION('',(0.,0.,1.));
#11662 = DIRECTION('',(0.,-1.,0.));
#11663 = ADVANCED_FACE('',(#11664),#11682,.F.);
#11664 = FACE_BOUND('',#11665,.T.);
#11665 = EDGE_LOOP('',(#11666,#11667,#11668,#11676));
#11666 = ORIENTED_EDGE('',*,*,#11519,.T.);
#11667 = ORIENTED_EDGE('',*,*,#11593,.F.);
#11668 = ORIENTED_EDGE('',*,*,#11669,.F.);
#11669 = EDGE_CURVE('',#11670,#11586,#11672,.T.);
#11670 = VERTEX_POINT('',#11671);
#11671 = CARTESIAN_POINT('',(3.516666666667,-0.55,1.25));
#11672 = LINE('',#11673,#11674);
#11673 = CARTESIAN_POINT('',(3.4,-0.55,1.4));
#11674 = VECTOR('',#11675,1.);
#11675 = DIRECTION('',(0.613940613515,1.689152302348E-31,-0.789352217376
    ));
#11676 = ORIENTED_EDGE('',*,*,#11677,.F.);
#11677 = EDGE_CURVE('',#11520,#11670,#11678,.T.);
#11678 = LINE('',#11679,#11680);
#11679 = CARTESIAN_POINT('',(3.438888888889,-0.55,1.25));
#11680 = VECTOR('',#11681,1.);
#11681 = DIRECTION('',(1.,0.,0.));
#11682 = PLANE('',#11683);
#11683 = AXIS2_PLACEMENT_3D('',#11684,#11685,#11686);
#11684 = CARTESIAN_POINT('',(3.75,-0.55,1.35));
#11685 = DIRECTION('',(-0.,1.,0.));
#11686 = DIRECTION('',(1.,0.,0.));
#11687 = ADVANCED_FACE('',(#11688),#11713,.T.);
#11688 = FACE_BOUND('',#11689,.T.);
#11689 = EDGE_LOOP('',(#11690,#11691,#11692,#11700,#11706,#11707));
#11690 = ORIENTED_EDGE('',*,*,#11669,.T.);
#11691 = ORIENTED_EDGE('',*,*,#11585,.F.);
#11692 = ORIENTED_EDGE('',*,*,#11693,.F.);
#11693 = EDGE_CURVE('',#11694,#11578,#11696,.T.);
#11694 = VERTEX_POINT('',#11695);
#11695 = CARTESIAN_POINT('',(3.516666666667,0.55,1.25));
#11696 = LINE('',#11697,#11698);
#11697 = CARTESIAN_POINT('',(3.4,0.55,1.4));
#11698 = VECTOR('',#11699,1.);
#11699 = DIRECTION('',(0.613940613515,-1.689152302348E-31,
    -0.789352217376));
#11700 = ORIENTED_EDGE('',*,*,#11701,.T.);
#11701 = EDGE_CURVE('',#11694,#11638,#11702,.T.);
#11702 = LINE('',#11703,#11704);
#11703 = CARTESIAN_POINT('',(3.280568720379,0.24644549763,1.55355450237)
  );
#11704 = VECTOR('',#11705,1.);
#11705 = DIRECTION('',(-0.481899873575,-0.619585551739,0.619585551739));
#11706 = ORIENTED_EDGE('',*,*,#11637,.T.);
#11707 = ORIENTED_EDGE('',*,*,#11708,.F.);
#11708 = EDGE_CURVE('',#11670,#11628,#11709,.T.);
#11709 = LINE('',#11710,#11711);
#11710 = CARTESIAN_POINT('',(3.280568720379,-0.24644549763,1.55355450237
    ));
#11711 = VECTOR('',#11712,1.);
#11712 = DIRECTION('',(-0.481899873575,0.619585551739,0.619585551739));
#11713 = PLANE('',#11714);
#11714 = AXIS2_PLACEMENT_3D('',#11715,#11716,#11717);
#11715 = CARTESIAN_POINT('',(3.4,-1.084202172486E-16,1.4));
#11716 = DIRECTION('',(0.789352217376,0.,0.613940613515));
#11717 = DIRECTION('',(-0.613940613515,0.,0.789352217376));
#11718 = ADVANCED_FACE('',(#11719),#11730,.T.);
#11719 = FACE_BOUND('',#11720,.T.);
#11720 = EDGE_LOOP('',(#11721,#11722,#11723,#11729));
#11721 = ORIENTED_EDGE('',*,*,#11708,.T.);
#11722 = ORIENTED_EDGE('',*,*,#11627,.T.);
#11723 = ORIENTED_EDGE('',*,*,#11724,.T.);
#11724 = EDGE_CURVE('',#11630,#11520,#11725,.T.);
#11725 = LINE('',#11726,#11727);
#11726 = CARTESIAN_POINT('',(3.296666666667,-0.223333333333,
    1.576666666667));
#11727 = VECTOR('',#11728,1.);
#11728 = DIRECTION('',(-0.57735026919,-0.57735026919,-0.57735026919));
#11729 = ORIENTED_EDGE('',*,*,#11677,.T.);
#11730 = PLANE('',#11731);
#11731 = AXIS2_PLACEMENT_3D('',#11732,#11733,#11734);
#11732 = CARTESIAN_POINT('',(3.75,-0.45,1.35));
#11733 = DIRECTION('',(0.,-0.707106781187,0.707106781187));
#11734 = DIRECTION('',(0.,-0.707106781187,-0.707106781187));
#11735 = ADVANCED_FACE('',(#11736),#11747,.T.);
#11736 = FACE_BOUND('',#11737,.T.);
#11737 = EDGE_LOOP('',(#11738,#11739,#11740,#11746));
#11738 = ORIENTED_EDGE('',*,*,#11724,.F.);
#11739 = ORIENTED_EDGE('',*,*,#11653,.T.);
#11740 = ORIENTED_EDGE('',*,*,#11741,.T.);
#11741 = EDGE_CURVE('',#11646,#11528,#11742,.T.);
#11742 = LINE('',#11743,#11744);
#11743 = CARTESIAN_POINT('',(3.296666666667,0.223333333333,
    1.576666666667));
#11744 = VECTOR('',#11745,1.);
#11745 = DIRECTION('',(-0.57735026919,0.57735026919,-0.57735026919));
#11746 = ORIENTED_EDGE('',*,*,#11527,.T.);
#11747 = PLANE('',#11748);
#11748 = AXIS2_PLACEMENT_3D('',#11749,#11750,#11751);
#11749 = CARTESIAN_POINT('',(3.07,-0.55,1.35));
#11750 = DIRECTION('',(-0.707106781187,-4.32963728536E-17,0.707106781187
    ));
#11751 = DIRECTION('',(-0.707106781187,0.,-0.707106781187));
#11752 = ADVANCED_FACE('',(#11753),#11764,.T.);
#11753 = FACE_BOUND('',#11754,.T.);
#11754 = EDGE_LOOP('',(#11755,#11756,#11757,#11758));
#11755 = ORIENTED_EDGE('',*,*,#10663,.T.);
#11756 = ORIENTED_EDGE('',*,*,#11601,.T.);
#11757 = ORIENTED_EDGE('',*,*,#10425,.F.);
#11758 = ORIENTED_EDGE('',*,*,#11759,.F.);
#11759 = EDGE_CURVE('',#10664,#10418,#11760,.T.);
#11760 = LINE('',#11761,#11762);
#11761 = CARTESIAN_POINT('',(2.8,-1.,1.25));
#11762 = VECTOR('',#11763,1.);
#11763 = DIRECTION('',(-6.123031769112E-17,1.,0.));
#11764 = PLANE('',#11765);
#11765 = AXIS2_PLACEMENT_3D('',#11766,#11767,#11768);
#11766 = CARTESIAN_POINT('',(2.8,-2.4,1.35));
#11767 = DIRECTION('',(1.,6.123031769112E-17,0.));
#11768 = DIRECTION('',(6.123031769112E-17,-1.,0.));
#11769 = ADVANCED_FACE('',(#11770),#11778,.T.);
#11770 = FACE_BOUND('',#11771,.T.);
#11771 = EDGE_LOOP('',(#11772,#11773,#11774,#11775,#11776,#11777));
#11772 = ORIENTED_EDGE('',*,*,#10496,.T.);
#11773 = ORIENTED_EDGE('',*,*,#10587,.T.);
#11774 = ORIENTED_EDGE('',*,*,#10671,.T.);
#11775 = ORIENTED_EDGE('',*,*,#11759,.T.);
#11776 = ORIENTED_EDGE('',*,*,#10417,.T.);
#11777 = ORIENTED_EDGE('',*,*,#10465,.T.);
#11778 = PLANE('',#11779);
#11779 = AXIS2_PLACEMENT_3D('',#11780,#11781,#11782);
#11780 = CARTESIAN_POINT('',(2.8,-2.4,1.25));
#11781 = DIRECTION('',(0.707106781187,4.32963728536E-17,0.707106781187)
  );
#11782 = DIRECTION('',(-0.707106781187,0.,0.707106781187));
#11783 = ADVANCED_FACE('',(#11784),#11795,.F.);
#11784 = FACE_BOUND('',#11785,.T.);
#11785 = EDGE_LOOP('',(#11786,#11787,#11793,#11794));
#11786 = ORIENTED_EDGE('',*,*,#11535,.F.);
#11787 = ORIENTED_EDGE('',*,*,#11788,.T.);
#11788 = EDGE_CURVE('',#11528,#11694,#11789,.T.);
#11789 = LINE('',#11790,#11791);
#11790 = CARTESIAN_POINT('',(3.438888888889,0.55,1.25));
#11791 = VECTOR('',#11792,1.);
#11792 = DIRECTION('',(1.,0.,0.));
#11793 = ORIENTED_EDGE('',*,*,#11693,.T.);
#11794 = ORIENTED_EDGE('',*,*,#11577,.T.);
#11795 = PLANE('',#11796);
#11796 = AXIS2_PLACEMENT_3D('',#11797,#11798,#11799);
#11797 = CARTESIAN_POINT('',(3.75,0.55,1.35));
#11798 = DIRECTION('',(0.,-1.,0.));
#11799 = DIRECTION('',(1.,0.,0.));
#11800 = ADVANCED_FACE('',(#11801),#11807,.T.);
#11801 = FACE_BOUND('',#11802,.T.);
#11802 = EDGE_LOOP('',(#11803,#11804,#11805,#11806));
#11803 = ORIENTED_EDGE('',*,*,#11701,.F.);
#11804 = ORIENTED_EDGE('',*,*,#11788,.F.);
#11805 = ORIENTED_EDGE('',*,*,#11741,.F.);
#11806 = ORIENTED_EDGE('',*,*,#11645,.F.);
#11807 = PLANE('',#11808);
#11808 = AXIS2_PLACEMENT_3D('',#11809,#11810,#11811);
#11809 = CARTESIAN_POINT('',(3.75,0.45,1.35));
#11810 = DIRECTION('',(0.,0.707106781187,0.707106781187));
#11811 = DIRECTION('',(0.,0.707106781187,-0.707106781187));
#11812 = ADVANCED_FACE('',(#11813),#11824,.T.);
#11813 = FACE_BOUND('',#11814,.T.);
#11814 = EDGE_LOOP('',(#11815,#11816,#11822,#11823));
#11815 = ORIENTED_EDGE('',*,*,#11085,.F.);
#11816 = ORIENTED_EDGE('',*,*,#11817,.T.);
#11817 = EDGE_CURVE('',#11078,#10827,#11818,.T.);
#11818 = LINE('',#11819,#11820);
#11819 = CARTESIAN_POINT('',(2.8,1.,1.25));
#11820 = VECTOR('',#11821,1.);
#11821 = DIRECTION('',(-6.123031769112E-17,-1.,0.));
#11822 = ORIENTED_EDGE('',*,*,#10826,.T.);
#11823 = ORIENTED_EDGE('',*,*,#11569,.F.);
#11824 = PLANE('',#11825);
#11825 = AXIS2_PLACEMENT_3D('',#11826,#11827,#11828);
#11826 = CARTESIAN_POINT('',(2.8,2.4,1.35));
#11827 = DIRECTION('',(1.,-6.123031769112E-17,0.));
#11828 = DIRECTION('',(6.123031769112E-17,1.,0.));
#11829 = ADVANCED_FACE('',(#11830),#11838,.T.);
#11830 = FACE_BOUND('',#11831,.T.);
#11831 = EDGE_LOOP('',(#11832,#11833,#11834,#11835,#11836,#11837));
#11832 = ORIENTED_EDGE('',*,*,#10920,.F.);
#11833 = ORIENTED_EDGE('',*,*,#10889,.F.);
#11834 = ORIENTED_EDGE('',*,*,#10834,.F.);
#11835 = ORIENTED_EDGE('',*,*,#11817,.F.);
#11836 = ORIENTED_EDGE('',*,*,#11077,.F.);
#11837 = ORIENTED_EDGE('',*,*,#11011,.F.);
#11838 = PLANE('',#11839);
#11839 = AXIS2_PLACEMENT_3D('',#11840,#11841,#11842);
#11840 = CARTESIAN_POINT('',(2.8,2.4,1.25));
#11841 = DIRECTION('',(0.707106781187,-4.32963728536E-17,0.707106781187)
  );
#11842 = DIRECTION('',(-0.707106781187,0.,0.707106781187));
#11843 = ( GEOMETRIC_REPRESENTATION_CONTEXT(3) 
GLOBAL_UNCERTAINTY_ASSIGNED_CONTEXT((#11847)) 
GLOBAL_UNIT_ASSIGNED_CONTEXT((#11844,#11845,#11846)) 
REPRESENTATION_CONTEXT('Context #1',
  '3D Context with UNIT and UNCERTAINTY') );
#11844 = ( LENGTH_UNIT() NAMED_UNIT(*) SI_UNIT(.MILLI.,.METRE.) );
#11845 = ( NAMED_UNIT(*) PLANE_ANGLE_UNIT() SI_UNIT($,.RADIAN.) );
#11846 = ( NAMED_UNIT(*) SI_UNIT($,.STERADIAN.) SOLID_ANGLE_UNIT() );
#11847 = UNCERTAINTY_MEASURE_WITH_UNIT(LENGTH_MEASURE(1.E-07),#11844,
  'distance_accuracy_value','confusion accuracy');
#11848 = CONTEXT_DEPENDENT_SHAPE_REPRESENTATION(#11849,#11851);
#11849 = ( REPRESENTATION_RELATIONSHIP('','',#40,#10) 
REPRESENTATION_RELATIONSHIP_WITH_TRANSFORMATION(#11850) 
SHAPE_REPRESENTATION_RELATIONSHIP() );
#11850 = ITEM_DEFINED_TRANSFORMATION('','',#11,#15);
#11851 = PRODUCT_DEFINITION_SHAPE('Placement','Placement of an item',
  #11852);
#11852 = NEXT_ASSEMBLY_USAGE_OCCURRENCE('1','J2','',#5,#35,$);
#11853 = PRODUCT_RELATED_PRODUCT_CATEGORY('part',$,(#37));
#11854 = CONTEXT_DEPENDENT_SHAPE_REPRESENTATION(#11855,#11857);
#11855 = ( REPRESENTATION_RELATIONSHIP('','',#40,#10) 
REPRESENTATION_RELATIONSHIP_WITH_TRANSFORMATION(#11856) 
SHAPE_REPRESENTATION_RELATIONSHIP() );
#11856 = ITEM_DEFINED_TRANSFORMATION('','',#11,#19);
#11857 = PRODUCT_DEFINITION_SHAPE('Placement','Placement of an item',
  #11858);
#11858 = NEXT_ASSEMBLY_USAGE_OCCURRENCE('2','J1','',#5,#35,$);
#11859 = SHAPE_DEFINITION_REPRESENTATION(#11860,#11866);
#11860 = PRODUCT_DEFINITION_SHAPE('','',#11861);
#11861 = PRODUCT_DEFINITION('design','',#11862,#11865);
#11862 = PRODUCT_DEFINITION_FORMATION('','',#11863);
#11863 = PRODUCT('connector_PCB','connector_PCB','',(#11864));
#11864 = PRODUCT_CONTEXT('',#2,'mechanical');
#11865 = PRODUCT_DEFINITION_CONTEXT('part definition',#2,'design');
#11866 = ADVANCED_BREP_SHAPE_REPRESENTATION('',(#11,#11867),#12153);
#11867 = MANIFOLD_SOLID_BREP('',#11868);
#11868 = CLOSED_SHELL('',(#11869,#11909,#11940,#11971,#11993,#12033,
    #12064,#12095,#12117,#12135));
#11869 = ADVANCED_FACE('',(#11870),#11904,.T.);
#11870 = FACE_BOUND('',#11871,.T.);
#11871 = EDGE_LOOP('',(#11872,#11882,#11890,#11898));
#11872 = ORIENTED_EDGE('',*,*,#11873,.T.);
#11873 = EDGE_CURVE('',#11874,#11876,#11878,.T.);
#11874 = VERTEX_POINT('',#11875);
#11875 = CARTESIAN_POINT('',(10.,-11.,0.));
#11876 = VERTEX_POINT('',#11877);
#11877 = CARTESIAN_POINT('',(10.,-11.,1.11));
#11878 = LINE('',#11879,#11880);
#11879 = CARTESIAN_POINT('',(10.,-11.,0.));
#11880 = VECTOR('',#11881,1.);
#11881 = DIRECTION('',(0.,0.,1.));
#11882 = ORIENTED_EDGE('',*,*,#11883,.T.);
#11883 = EDGE_CURVE('',#11876,#11884,#11886,.T.);
#11884 = VERTEX_POINT('',#11885);
#11885 = CARTESIAN_POINT('',(-10.,-11.,1.11));
#11886 = LINE('',#11887,#11888);
#11887 = CARTESIAN_POINT('',(10.,-11.,1.11));
#11888 = VECTOR('',#11889,1.);
#11889 = DIRECTION('',(-1.,0.,0.));
#11890 = ORIENTED_EDGE('',*,*,#11891,.F.);
#11891 = EDGE_CURVE('',#11892,#11884,#11894,.T.);
#11892 = VERTEX_POINT('',#11893);
#11893 = CARTESIAN_POINT('',(-10.,-11.,0.));
#11894 = LINE('',#11895,#11896);
#11895 = CARTESIAN_POINT('',(-10.,-11.,0.));
#11896 = VECTOR('',#11897,1.);
#11897 = DIRECTION('',(0.,0.,1.));
#11898 = ORIENTED_EDGE('',*,*,#11899,.F.);
#11899 = EDGE_CURVE('',#11874,#11892,#11900,.T.);
#11900 = LINE('',#11901,#11902);
#11901 = CARTESIAN_POINT('',(10.,-11.,0.));
#11902 = VECTOR('',#11903,1.);
#11903 = DIRECTION('',(-1.,0.,0.));
#11904 = PLANE('',#11905);
#11905 = AXIS2_PLACEMENT_3D('',#11906,#11907,#11908);
#11906 = CARTESIAN_POINT('',(10.,-11.,0.));
#11907 = DIRECTION('',(0.,-1.,0.));
#11908 = DIRECTION('',(-1.,0.,0.));
#11909 = ADVANCED_FACE('',(#11910),#11935,.T.);
#11910 = FACE_BOUND('',#11911,.T.);
#11911 = EDGE_LOOP('',(#11912,#11913,#11921,#11929));
#11912 = ORIENTED_EDGE('',*,*,#11891,.T.);
#11913 = ORIENTED_EDGE('',*,*,#11914,.T.);
#11914 = EDGE_CURVE('',#11884,#11915,#11917,.T.);
#11915 = VERTEX_POINT('',#11916);
#11916 = CARTESIAN_POINT('',(-10.,11.,1.11));
#11917 = LINE('',#11918,#11919);
#11918 = CARTESIAN_POINT('',(-10.,-11.,1.11));
#11919 = VECTOR('',#11920,1.);
#11920 = DIRECTION('',(0.,1.,0.));
#11921 = ORIENTED_EDGE('',*,*,#11922,.F.);
#11922 = EDGE_CURVE('',#11923,#11915,#11925,.T.);
#11923 = VERTEX_POINT('',#11924);
#11924 = CARTESIAN_POINT('',(-10.,11.,0.));
#11925 = LINE('',#11926,#11927);
#11926 = CARTESIAN_POINT('',(-10.,11.,0.));
#11927 = VECTOR('',#11928,1.);
#11928 = DIRECTION('',(0.,0.,1.));
#11929 = ORIENTED_EDGE('',*,*,#11930,.F.);
#11930 = EDGE_CURVE('',#11892,#11923,#11931,.T.);
#11931 = LINE('',#11932,#11933);
#11932 = CARTESIAN_POINT('',(-10.,-11.,0.));
#11933 = VECTOR('',#11934,1.);
#11934 = DIRECTION('',(0.,1.,0.));
#11935 = PLANE('',#11936);
#11936 = AXIS2_PLACEMENT_3D('',#11937,#11938,#11939);
#11937 = CARTESIAN_POINT('',(-10.,-11.,0.));
#11938 = DIRECTION('',(-1.,0.,0.));
#11939 = DIRECTION('',(0.,1.,0.));
#11940 = ADVANCED_FACE('',(#11941),#11966,.T.);
#11941 = FACE_BOUND('',#11942,.T.);
#11942 = EDGE_LOOP('',(#11943,#11944,#11952,#11960));
#11943 = ORIENTED_EDGE('',*,*,#11922,.T.);
#11944 = ORIENTED_EDGE('',*,*,#11945,.T.);
#11945 = EDGE_CURVE('',#11915,#11946,#11948,.T.);
#11946 = VERTEX_POINT('',#11947);
#11947 = CARTESIAN_POINT('',(10.,11.,1.11));
#11948 = LINE('',#11949,#11950);
#11949 = CARTESIAN_POINT('',(-10.,11.,1.11));
#11950 = VECTOR('',#11951,1.);
#11951 = DIRECTION('',(1.,0.,0.));
#11952 = ORIENTED_EDGE('',*,*,#11953,.F.);
#11953 = EDGE_CURVE('',#11954,#11946,#11956,.T.);
#11954 = VERTEX_POINT('',#11955);
#11955 = CARTESIAN_POINT('',(10.,11.,0.));
#11956 = LINE('',#11957,#11958);
#11957 = CARTESIAN_POINT('',(10.,11.,0.));
#11958 = VECTOR('',#11959,1.);
#11959 = DIRECTION('',(0.,0.,1.));
#11960 = ORIENTED_EDGE('',*,*,#11961,.F.);
#11961 = EDGE_CURVE('',#11923,#11954,#11962,.T.);
#11962 = LINE('',#11963,#11964);
#11963 = CARTESIAN_POINT('',(-10.,11.,0.));
#11964 = VECTOR('',#11965,1.);
#11965 = DIRECTION('',(1.,0.,0.));
#11966 = PLANE('',#11967);
#11967 = AXIS2_PLACEMENT_3D('',#11968,#11969,#11970);
#11968 = CARTESIAN_POINT('',(-10.,11.,0.));
#11969 = DIRECTION('',(0.,1.,0.));
#11970 = DIRECTION('',(1.,0.,0.));
#11971 = ADVANCED_FACE('',(#11972),#11988,.T.);
#11972 = FACE_BOUND('',#11973,.T.);
#11973 = EDGE_LOOP('',(#11974,#11975,#11981,#11982));
#11974 = ORIENTED_EDGE('',*,*,#11953,.T.);
#11975 = ORIENTED_EDGE('',*,*,#11976,.T.);
#11976 = EDGE_CURVE('',#11946,#11876,#11977,.T.);
#11977 = LINE('',#11978,#11979);
#11978 = CARTESIAN_POINT('',(10.,11.,1.11));
#11979 = VECTOR('',#11980,1.);
#11980 = DIRECTION('',(0.,-1.,0.));
#11981 = ORIENTED_EDGE('',*,*,#11873,.F.);
#11982 = ORIENTED_EDGE('',*,*,#11983,.F.);
#11983 = EDGE_CURVE('',#11954,#11874,#11984,.T.);
#11984 = LINE('',#11985,#11986);
#11985 = CARTESIAN_POINT('',(10.,11.,0.));
#11986 = VECTOR('',#11987,1.);
#11987 = DIRECTION('',(0.,-1.,0.));
#11988 = PLANE('',#11989);
#11989 = AXIS2_PLACEMENT_3D('',#11990,#11991,#11992);
#11990 = CARTESIAN_POINT('',(10.,11.,0.));
#11991 = DIRECTION('',(1.,0.,-0.));
#11992 = DIRECTION('',(0.,-1.,0.));
#11993 = ADVANCED_FACE('',(#11994),#12028,.T.);
#11994 = FACE_BOUND('',#11995,.T.);
#11995 = EDGE_LOOP('',(#11996,#12006,#12014,#12022));
#11996 = ORIENTED_EDGE('',*,*,#11997,.T.);
#11997 = EDGE_CURVE('',#11998,#12000,#12002,.T.);
#11998 = VERTEX_POINT('',#11999);
#11999 = CARTESIAN_POINT('',(-2.6,-9.6,0.));
#12000 = VERTEX_POINT('',#12001);
#12001 = CARTESIAN_POINT('',(-2.6,-9.6,1.11));
#12002 = LINE('',#12003,#12004);
#12003 = CARTESIAN_POINT('',(-2.6,-9.6,0.));
#12004 = VECTOR('',#12005,1.);
#12005 = DIRECTION('',(0.,0.,1.));
#12006 = ORIENTED_EDGE('',*,*,#12007,.T.);
#12007 = EDGE_CURVE('',#12000,#12008,#12010,.T.);
#12008 = VERTEX_POINT('',#12009);
#12009 = CARTESIAN_POINT('',(2.6,-9.6,1.11));
#12010 = LINE('',#12011,#12012);
#12011 = CARTESIAN_POINT('',(-2.6,-9.6,1.11));
#12012 = VECTOR('',#12013,1.);
#12013 = DIRECTION('',(1.,0.,0.));
#12014 = ORIENTED_EDGE('',*,*,#12015,.F.);
#12015 = EDGE_CURVE('',#12016,#12008,#12018,.T.);
#12016 = VERTEX_POINT('',#12017);
#12017 = CARTESIAN_POINT('',(2.6,-9.6,0.));
#12018 = LINE('',#12019,#12020);
#12019 = CARTESIAN_POINT('',(2.6,-9.6,0.));
#12020 = VECTOR('',#12021,1.);
#12021 = DIRECTION('',(0.,0.,1.));
#12022 = ORIENTED_EDGE('',*,*,#12023,.F.);
#12023 = EDGE_CURVE('',#11998,#12016,#12024,.T.);
#12024 = LINE('',#12025,#12026);
#12025 = CARTESIAN_POINT('',(-2.6,-9.6,0.));
#12026 = VECTOR('',#12027,1.);
#12027 = DIRECTION('',(1.,0.,0.));
#12028 = PLANE('',#12029);
#12029 = AXIS2_PLACEMENT_3D('',#12030,#12031,#12032);
#12030 = CARTESIAN_POINT('',(-2.6,-9.6,0.));
#12031 = DIRECTION('',(0.,1.,0.));
#12032 = DIRECTION('',(1.,0.,0.));
#12033 = ADVANCED_FACE('',(#12034),#12059,.T.);
#12034 = FACE_BOUND('',#12035,.T.);
#12035 = EDGE_LOOP('',(#12036,#12037,#12045,#12053));
#12036 = ORIENTED_EDGE('',*,*,#12015,.T.);
#12037 = ORIENTED_EDGE('',*,*,#12038,.T.);
#12038 = EDGE_CURVE('',#12008,#12039,#12041,.T.);
#12039 = VERTEX_POINT('',#12040);
#12040 = CARTESIAN_POINT('',(2.6,-8.4,1.11));
#12041 = LINE('',#12042,#12043);
#12042 = CARTESIAN_POINT('',(2.6,-9.6,1.11));
#12043 = VECTOR('',#12044,1.);
#12044 = DIRECTION('',(0.,1.,0.));
#12045 = ORIENTED_EDGE('',*,*,#12046,.F.);
#12046 = EDGE_CURVE('',#12047,#12039,#12049,.T.);
#12047 = VERTEX_POINT('',#12048);
#12048 = CARTESIAN_POINT('',(2.6,-8.4,0.));
#12049 = LINE('',#12050,#12051);
#12050 = CARTESIAN_POINT('',(2.6,-8.4,0.));
#12051 = VECTOR('',#12052,1.);
#12052 = DIRECTION('',(0.,0.,1.));
#12053 = ORIENTED_EDGE('',*,*,#12054,.F.);
#12054 = EDGE_CURVE('',#12016,#12047,#12055,.T.);
#12055 = LINE('',#12056,#12057);
#12056 = CARTESIAN_POINT('',(2.6,-9.6,0.));
#12057 = VECTOR('',#12058,1.);
#12058 = DIRECTION('',(0.,1.,0.));
#12059 = PLANE('',#12060);
#12060 = AXIS2_PLACEMENT_3D('',#12061,#12062,#12063);
#12061 = CARTESIAN_POINT('',(2.6,-9.6,0.));
#12062 = DIRECTION('',(-1.,0.,0.));
#12063 = DIRECTION('',(0.,1.,0.));
#12064 = ADVANCED_FACE('',(#12065),#12090,.T.);
#12065 = FACE_BOUND('',#12066,.T.);
#12066 = EDGE_LOOP('',(#12067,#12068,#12076,#12084));
#12067 = ORIENTED_EDGE('',*,*,#12046,.T.);
#12068 = ORIENTED_EDGE('',*,*,#12069,.T.);
#12069 = EDGE_CURVE('',#12039,#12070,#12072,.T.);
#12070 = VERTEX_POINT('',#12071);
#12071 = CARTESIAN_POINT('',(-2.6,-8.4,1.11));
#12072 = LINE('',#12073,#12074);
#12073 = CARTESIAN_POINT('',(2.6,-8.4,1.11));
#12074 = VECTOR('',#12075,1.);
#12075 = DIRECTION('',(-1.,0.,0.));
#12076 = ORIENTED_EDGE('',*,*,#12077,.F.);
#12077 = EDGE_CURVE('',#12078,#12070,#12080,.T.);
#12078 = VERTEX_POINT('',#12079);
#12079 = CARTESIAN_POINT('',(-2.6,-8.4,0.));
#12080 = LINE('',#12081,#12082);
#12081 = CARTESIAN_POINT('',(-2.6,-8.4,0.));
#12082 = VECTOR('',#12083,1.);
#12083 = DIRECTION('',(0.,0.,1.));
#12084 = ORIENTED_EDGE('',*,*,#12085,.F.);
#12085 = EDGE_CURVE('',#12047,#12078,#12086,.T.);
#12086 = LINE('',#12087,#12088);
#12087 = CARTESIAN_POINT('',(2.6,-8.4,0.));
#12088 = VECTOR('',#12089,1.);
#12089 = DIRECTION('',(-1.,0.,0.));
#12090 = PLANE('',#12091);
#12091 = AXIS2_PLACEMENT_3D('',#12092,#12093,#12094);
#12092 = CARTESIAN_POINT('',(2.6,-8.4,0.));
#12093 = DIRECTION('',(0.,-1.,0.));
#12094 = DIRECTION('',(-1.,0.,0.));
#12095 = ADVANCED_FACE('',(#12096),#12112,.T.);
#12096 = FACE_BOUND('',#12097,.T.);
#12097 = EDGE_LOOP('',(#12098,#12099,#12105,#12106));
#12098 = ORIENTED_EDGE('',*,*,#12077,.T.);
#12099 = ORIENTED_EDGE('',*,*,#12100,.T.);
#12100 = EDGE_CURVE('',#12070,#12000,#12101,.T.);
#12101 = LINE('',#12102,#12103);
#12102 = CARTESIAN_POINT('',(-2.6,-8.4,1.11));
#12103 = VECTOR('',#12104,1.);
#12104 = DIRECTION('',(0.,-1.,0.));
#12105 = ORIENTED_EDGE('',*,*,#11997,.F.);
#12106 = ORIENTED_EDGE('',*,*,#12107,.F.);
#12107 = EDGE_CURVE('',#12078,#11998,#12108,.T.);
#12108 = LINE('',#12109,#12110);
#12109 = CARTESIAN_POINT('',(-2.6,-8.4,0.));
#12110 = VECTOR('',#12111,1.);
#12111 = DIRECTION('',(0.,-1.,0.));
#12112 = PLANE('',#12113);
#12113 = AXIS2_PLACEMENT_3D('',#12114,#12115,#12116);
#12114 = CARTESIAN_POINT('',(-2.6,-8.4,0.));
#12115 = DIRECTION('',(1.,0.,-0.));
#12116 = DIRECTION('',(0.,-1.,0.));
#12117 = ADVANCED_FACE('',(#12118,#12124),#12130,.F.);
#12118 = FACE_BOUND('',#12119,.T.);
#12119 = EDGE_LOOP('',(#12120,#12121,#12122,#12123));
#12120 = ORIENTED_EDGE('',*,*,#11899,.T.);
#12121 = ORIENTED_EDGE('',*,*,#11930,.T.);
#12122 = ORIENTED_EDGE('',*,*,#11961,.T.);
#12123 = ORIENTED_EDGE('',*,*,#11983,.T.);
#12124 = FACE_BOUND('',#12125,.T.);
#12125 = EDGE_LOOP('',(#12126,#12127,#12128,#12129));
#12126 = ORIENTED_EDGE('',*,*,#12023,.T.);
#12127 = ORIENTED_EDGE('',*,*,#12054,.T.);
#12128 = ORIENTED_EDGE('',*,*,#12085,.T.);
#12129 = ORIENTED_EDGE('',*,*,#12107,.T.);
#12130 = PLANE('',#12131);
#12131 = AXIS2_PLACEMENT_3D('',#12132,#12133,#12134);
#12132 = CARTESIAN_POINT('',(0.,0.,0.));
#12133 = DIRECTION('',(0.,0.,1.));
#12134 = DIRECTION('',(1.,0.,-0.));
#12135 = ADVANCED_FACE('',(#12136,#12142),#12148,.T.);
#12136 = FACE_BOUND('',#12137,.F.);
#12137 = EDGE_LOOP('',(#12138,#12139,#12140,#12141));
#12138 = ORIENTED_EDGE('',*,*,#11883,.T.);
#12139 = ORIENTED_EDGE('',*,*,#11914,.T.);
#12140 = ORIENTED_EDGE('',*,*,#11945,.T.);
#12141 = ORIENTED_EDGE('',*,*,#11976,.T.);
#12142 = FACE_BOUND('',#12143,.F.);
#12143 = EDGE_LOOP('',(#12144,#12145,#12146,#12147));
#12144 = ORIENTED_EDGE('',*,*,#12007,.T.);
#12145 = ORIENTED_EDGE('',*,*,#12038,.T.);
#12146 = ORIENTED_EDGE('',*,*,#12069,.T.);
#12147 = ORIENTED_EDGE('',*,*,#12100,.T.);
#12148 = PLANE('',#12149);
#12149 = AXIS2_PLACEMENT_3D('',#12150,#12151,#12152);
#12150 = CARTESIAN_POINT('',(0.,0.,1.11));
#12151 = DIRECTION('',(0.,0.,1.));
#12152 = DIRECTION('',(1.,0.,-0.));
#12153 = ( GEOMETRIC_REPRESENTATION_CONTEXT(3) 
GLOBAL_UNCERTAINTY_ASSIGNED_CONTEXT((#12157)) 
GLOBAL_UNIT_ASSIGNED_CONTEXT((#12154,#12155,#12156)) 
REPRESENTATION_CONTEXT('Context #1',
  '3D Context with UNIT and UNCERTAINTY') );
#12154 = ( LENGTH_UNIT() NAMED_UNIT(*) SI_UNIT(.MILLI.,.METRE.) );
#12155 = ( NAMED_UNIT(*) PLANE_ANGLE_UNIT() SI_UNIT($,.RADIAN.) );
#12156 = ( NAMED_UNIT(*) SI_UNIT($,.STERADIAN.) SOLID_ANGLE_UNIT() );
#12157 = UNCERTAINTY_MEASURE_WITH_UNIT(LENGTH_MEASURE(1.E-07),#12154,
  'distance_accuracy_value','confusion accuracy');
#12158 = CONTEXT_DEPENDENT_SHAPE_REPRESENTATION(#12159,#12161);
#12159 = ( REPRESENTATION_RELATIONSHIP('','',#11866,#10) 
REPRESENTATION_RELATIONSHIP_WITH_TRANSFORMATION(#12160) 
SHAPE_REPRESENTATION_RELATIONSHIP() );
#12160 = ITEM_DEFINED_TRANSFORMATION('','',#11,#23);
#12161 = PRODUCT_DEFINITION_SHAPE('Placement','Placement of an item',
  #12162);
#12162 = NEXT_ASSEMBLY_USAGE_OCCURRENCE('3','=>[0:1:1:3]','',#5,#11861,$
  );
#12163 = PRODUCT_RELATED_PRODUCT_CATEGORY('part',$,(#11863));
#12164 = MECHANICAL_DESIGN_GEOMETRIC_PRESENTATION_REPRESENTATION('',(
    #12165),#11843);
#12165 = STYLED_ITEM('color',(#12166),#41);
#12166 = PRESENTATION_STYLE_ASSIGNMENT((#12167));
#12167 = SURFACE_STYLE_USAGE(.BOTH.,#12168);
#12168 = SURFACE_SIDE_STYLE('',(#12169));
#12169 = SURFACE_STYLE_FILL_AREA(#12170);
#12170 = FILL_AREA_STYLE('',(#12171));
#12171 = FILL_AREA_STYLE_COLOUR('',#12172);
#12172 = COLOUR_RGB('',0.752941164258,0.752941164258,0.752941164258);
#12173 = MECHANICAL_DESIGN_GEOMETRIC_PRESENTATION_REPRESENTATION('',(
    #12174),#12153);
#12174 = STYLED_ITEM('color',(#12175),#11867);
#12175 = PRESENTATION_STYLE_ASSIGNMENT((#12176));
#12176 = SURFACE_STYLE_USAGE(.BOTH.,#12177);
#12177 = SURFACE_SIDE_STYLE('',(#12178));
#12178 = SURFACE_STYLE_FILL_AREA(#12179);
#12179 = FILL_AREA_STYLE('',(#12180));
#12180 = FILL_AREA_STYLE_COLOUR('',#12181);
#12181 = COLOUR_RGB('',0.313304153717,0.484529207832,0.410020903123);
ENDSEC;
END-ISO-10303-21;
