ISO-10303-21;
HEADER;
FILE_DESCRIPTION(('FreeCAD Model'),'2;1');
FILE_NAME('Open CASCADE Shape Model','2025-11-28T01:01:49',(''),(''),
  'Open CASCADE STEP processor 7.9','FreeCAD','Unknown');
FILE_SCHEMA(('AUTOMOTIVE_DESIGN { 1 0 10303 214 1 1 1 1 }'));
ENDSEC;
DATA;
#1 = APPLICATION_PROTOCOL_DEFINITION('international standard',
  'automotive_design',2000,#2);
#2 = APPLICATION_CONTEXT(
  'core data for automotive mechanical design processes');
#3 = SHAPE_DEFINITION_REPRESENTATION(#4,#10);
#4 = PRODUCT_DEFINITION_SHAPE('','',#5);
#5 = PRODUCT_DEFINITION('design','',#6,#9);
#6 = PRODUCT_DEFINITION_FORMATION('','',#7);
#7 = PRODUCT('LED-SMD_4P-L3.5-W2.8-BR-1~LED-SMD_4P-L3.5-W2.8-BR-1~VVTr',
  'LED-SMD_4P-L3.5-W2.8-BR-1~LED-SMD_4P-L3.5-W2.8-BR-1~VVTr','',(#8));
#8 = PRODUCT_CONTEXT('',#2,'mechanical');
#9 = PRODUCT_DEFINITION_CONTEXT('part definition',#2,'design');
#10 = ADVANCED_BREP_SHAPE_REPRESENTATION('',(#11,#15),#5134);
#11 = AXIS2_PLACEMENT_3D('',#12,#13,#14);
#12 = CARTESIAN_POINT('',(0.,0.,0.));
#13 = DIRECTION('',(0.,0.,1.));
#14 = DIRECTION('',(1.,0.,-0.));
#15 = MANIFOLD_SOLID_BREP('',#16);
#16 = CLOSED_SHELL('',(#17,#59,#633,#673,#713,#753,#793,#833,#864,#895,
    #917,#975,#1006,#1037,#1077,#1099,#1135,#1168,#1199,#1232,#1263,
    #1294,#1325,#1358,#1389,#1422,#1449,#1469,#1489,#1531,#1558,#1594,
    #1627,#1658,#1691,#1722,#1753,#1784,#1817,#1839,#1859,#1879,#1915,
    #1948,#1979,#2012,#2043,#2074,#2105,#2138,#2169,#2202,#2229,#2249,
    #2269,#2311,#2338,#2374,#2407,#2438,#2471,#2502,#2533,#2564,#2597,
    #2619,#2639,#2659,#2685,#2711,#2753,#2779,#2795,#2811,#2823,#2849,
    #2880,#2904,#2928,#2952,#2976,#3000,#3024,#3041,#3083,#3114,#3138,
    #3155,#3186,#3210,#3234,#3284,#3358,#3449,#3569,#3600,#3624,#3674,
    #3748,#3822,#3872,#3889,#3920,#3944,#3968,#3992,#4016,#4040,#4064,
    #4088,#4112,#4136,#4160,#4177,#4197,#4278,#4302,#4364,#4462,#4536,
    #4586,#4610,#4684,#4758,#4808,#4875,#4894,#4925,#4949,#4973,#4997,
    #5021,#5038,#5052,#5063,#5078,#5096,#5106,#5123));
#17 = ADVANCED_FACE('',(#18),#54,.T.);
#18 = FACE_BOUND('',#19,.T.);
#19 = EDGE_LOOP('',(#20,#31,#39,#48));
#20 = ORIENTED_EDGE('',*,*,#21,.F.);
#21 = EDGE_CURVE('',#22,#24,#26,.T.);
#22 = VERTEX_POINT('',#23);
#23 = CARTESIAN_POINT('',(1.2,1.469576158977E-16,1.880000000745));
#24 = VERTEX_POINT('',#25);
#25 = CARTESIAN_POINT('',(-1.2,0.,1.880000000745));
#26 = CIRCLE('',#27,1.2);
#27 = AXIS2_PLACEMENT_3D('',#28,#29,#30);
#28 = CARTESIAN_POINT('',(0.,0.,1.880000000745));
#29 = DIRECTION('',(0.,0.,1.));
#30 = DIRECTION('',(1.,0.,-0.));
#31 = ORIENTED_EDGE('',*,*,#32,.T.);
#32 = EDGE_CURVE('',#22,#33,#35,.T.);
#33 = VERTEX_POINT('',#34);
#34 = CARTESIAN_POINT('',(1.2,1.469576158977E-16,1.850000000745));
#35 = LINE('',#36,#37);
#36 = CARTESIAN_POINT('',(1.2,1.469576158977E-16,1.880000000745));
#37 = VECTOR('',#38,1.);
#38 = DIRECTION('',(-0.,-0.,-1.));
#39 = ORIENTED_EDGE('',*,*,#40,.T.);
#40 = EDGE_CURVE('',#33,#41,#43,.T.);
#41 = VERTEX_POINT('',#42);
#42 = CARTESIAN_POINT('',(-1.2,0.,1.850000000745));
#43 = CIRCLE('',#44,1.2);
#44 = AXIS2_PLACEMENT_3D('',#45,#46,#47);
#45 = CARTESIAN_POINT('',(0.,0.,1.850000000745));
#46 = DIRECTION('',(0.,0.,1.));
#47 = DIRECTION('',(1.,0.,-0.));
#48 = ORIENTED_EDGE('',*,*,#49,.F.);
#49 = EDGE_CURVE('',#24,#41,#50,.T.);
#50 = LINE('',#51,#52);
#51 = CARTESIAN_POINT('',(-1.2,0.,1.880000000745));
#52 = VECTOR('',#53,1.);
#53 = DIRECTION('',(-0.,-0.,-1.));
#54 = CYLINDRICAL_SURFACE('',#55,1.2);
#55 = AXIS2_PLACEMENT_3D('',#56,#57,#58);
#56 = CARTESIAN_POINT('',(0.,0.,1.880000000745));
#57 = DIRECTION('',(-0.,-0.,-1.));
#58 = DIRECTION('',(-1.,0.,0.));
#59 = ADVANCED_FACE('',(#60,#282,#380,#414,#480,#578),#628,.F.);
#60 = FACE_BOUND('',#61,.T.);
#61 = EDGE_LOOP('',(#62,#88,#96,#116,#148,#172,#188,#196,#220,#244,#260)
  );
#62 = ORIENTED_EDGE('',*,*,#63,.T.);
#63 = EDGE_CURVE('',#64,#66,#68,.T.);
#64 = VERTEX_POINT('',#65);
#65 = CARTESIAN_POINT('',(0.232818111332,0.222144534463,
    5.000000074506E-02));
#66 = VERTEX_POINT('',#67);
#67 = CARTESIAN_POINT('',(0.145558495947,0.180317611386,
    5.000000074506E-02));
#68 = B_SPLINE_CURVE_WITH_KNOTS('',3,(#69,#70,#71,#72,#73,#74,#75,#76,
    #77,#78,#79,#80,#81,#82,#83,#84,#85,#86,#87),.UNSPECIFIED.,.F.,.F.,(
    4,1,1,1,1,1,1,1,1,1,1,1,1,1,1,1,4),(0.,6.85475367089E-02,
    0.135682945623,0.201214989526,0.265682234755,0.329266834817,
    0.392395427844,0.455069761652,0.517126850065,0.578790035287,
    0.639739863344,0.700191503666,0.759806242597,0.819628319275,
    0.879354791046,0.939511607765,1.),.UNSPECIFIED.);
#69 = CARTESIAN_POINT('',(0.232818111332,0.222144534463,
    5.000000074506E-02));
#70 = CARTESIAN_POINT('',(0.230520141506,0.222116983709,
    5.000000074506E-02));
#71 = CARTESIAN_POINT('',(0.225971541661,0.222062449767,
    5.000000074506E-02));
#72 = CARTESIAN_POINT('',(0.219242818666,0.221530670217,
    5.000000074506E-02));
#73 = CARTESIAN_POINT('',(0.212691828555,0.220644178433,
    5.000000074506E-02));
#74 = CARTESIAN_POINT('',(0.206314058153,0.219437545872,
    5.000000074506E-02));
#75 = CARTESIAN_POINT('',(0.200078480084,0.217939984645,
    5.000000074506E-02));
#76 = CARTESIAN_POINT('',(0.194032752034,0.215989110456,
    5.000000074506E-02));
#77 = CARTESIAN_POINT('',(0.188141398499,0.213758451523,
    5.000000074506E-02));
#78 = CARTESIAN_POINT('',(0.182441575174,0.211189396327,
    5.000000074506E-02));
#79 = CARTESIAN_POINT('',(0.176960629452,0.208305582532,
    5.000000074506E-02));
#80 = CARTESIAN_POINT('',(0.171700268394,0.205138975472,
    5.000000074506E-02));
#81 = CARTESIAN_POINT('',(0.166702276468,0.201693500872,
    5.000000074506E-02));
#82 = CARTESIAN_POINT('',(0.161931485129,0.197998462277,
    5.000000074506E-02));
#83 = CARTESIAN_POINT('',(0.157467701639,0.193975687461,
    5.000000074506E-02));
#84 = CARTESIAN_POINT('',(0.153184188579,0.189735824833,
    5.000000074506E-02));
#85 = CARTESIAN_POINT('',(0.149226412685,0.185156749167,
    5.000000074506E-02));
#86 = CARTESIAN_POINT('',(0.146783372971,0.181933610087,
    5.000000074506E-02));
#87 = CARTESIAN_POINT('',(0.145558495947,0.180317611386,
    5.000000074506E-02));
#88 = ORIENTED_EDGE('',*,*,#89,.T.);
#89 = EDGE_CURVE('',#66,#90,#92,.T.);
#90 = VERTEX_POINT('',#91);
#91 = CARTESIAN_POINT('',(0.161263624152,0.168298380617,
    5.000000074506E-02));
#92 = LINE('',#93,#94);
#93 = CARTESIAN_POINT('',(0.145558495947,0.180317611386,
    5.000000074506E-02));
#94 = VECTOR('',#95,1.);
#95 = DIRECTION('',(0.794127768436,-0.607750843191,0.));
#96 = ORIENTED_EDGE('',*,*,#97,.T.);
#97 = EDGE_CURVE('',#90,#98,#100,.T.);
#98 = VERTEX_POINT('',#99);
#99 = CARTESIAN_POINT('',(0.233939906203,0.20163171395,
    5.000000074506E-02));
#100 = B_SPLINE_CURVE_WITH_KNOTS('',3,(#101,#102,#103,#104,#105,#106,
    #107,#108,#109,#110,#111,#112,#113,#114,#115),.UNSPECIFIED.,.F.,.F.,
  (4,1,1,1,1,1,1,1,1,1,1,1,4),(0.,6.316325936347E-02,0.125474941031,
    0.187121219816,0.248294346114,0.309294856255,0.369850066067,
    0.430973375547,0.492455989673,0.616147966292,0.740843698467,
    0.86818264867,1.),.UNSPECIFIED.);
#101 = CARTESIAN_POINT('',(0.161263624152,0.168298380617,
    5.000000074506E-02));
#102 = CARTESIAN_POINT('',(0.16238396063,0.169633578893,
    5.000000074506E-02));
#103 = CARTESIAN_POINT('',(0.16460952902,0.172285974077,
    5.000000074506E-02));
#104 = CARTESIAN_POINT('',(0.168190054878,0.176010519476,
    5.000000074506E-02));
#105 = CARTESIAN_POINT('',(0.171921577329,0.179499962985,
    5.000000074506E-02));
#106 = CARTESIAN_POINT('',(0.17580266997,0.182770927536,
    5.000000074506E-02));
#107 = CARTESIAN_POINT('',(0.179903191084,0.185709028435,
    5.000000074506E-02));
#108 = CARTESIAN_POINT('',(0.18412380815,0.188467377174,
    5.000000074506E-02));
#109 = CARTESIAN_POINT('',(0.188535125019,0.190939819343,
    5.000000074506E-02));
#110 = CARTESIAN_POINT('',(0.194635224142,0.193937704263,
    5.000000074506E-02));
#111 = CARTESIAN_POINT('',(0.202615101186,0.197066055978,
    5.000000074506E-02));
#112 = CARTESIAN_POINT('',(0.212660520562,0.199689097767,
    5.000000074506E-02));
#113 = CARTESIAN_POINT('',(0.223146869047,0.201358879235,
    5.000000074506E-02));
#114 = CARTESIAN_POINT('',(0.230301017597,0.201539727318,
    5.000000074506E-02));
#115 = CARTESIAN_POINT('',(0.233939906203,0.20163171395,
    5.000000074506E-02));
#116 = ORIENTED_EDGE('',*,*,#117,.T.);
#117 = EDGE_CURVE('',#98,#118,#120,.T.);
#118 = VERTEX_POINT('',#119);
#119 = CARTESIAN_POINT('',(0.32248157287,0.116816008822,
    5.000000074506E-02));
#120 = B_SPLINE_CURVE_WITH_KNOTS('',3,(#121,#122,#123,#124,#125,#126,
    #127,#128,#129,#130,#131,#132,#133,#134,#135,#136,#137,#138,#139,
    #140,#141,#142,#143,#144,#145,#146,#147),.UNSPECIFIED.,.F.,.F.,(4,1,
    1,1,1,1,1,1,1,1,1,1,1,1,1,1,1,1,1,1,1,1,1,1,4),(0.,
    4.395490890619E-02,8.75018747976E-02,0.130462626731,0.172752020567,
    0.21540306738,0.257649829743,0.300152748957,0.343121489502,
    0.385925163206,0.427685727403,0.468817950487,0.509491800155,
    0.549883031073,0.589980022967,0.630405230007,0.670868626083,
    0.711383943838,0.751627258064,0.791775576865,0.832458918804,
    0.873319045017,0.914542955626,0.95692355821,1.),.UNSPECIFIED.);
#121 = CARTESIAN_POINT('',(0.233939906203,0.20163171395,
    5.000000074506E-02));
#122 = CARTESIAN_POINT('',(0.235944666166,0.201608630378,
    5.000000074506E-02));
#123 = CARTESIAN_POINT('',(0.239935580027,0.201562677471,
    5.000000074506E-02));
#124 = CARTESIAN_POINT('',(0.245858349941,0.200956441745,
    5.000000074506E-02));
#125 = CARTESIAN_POINT('',(0.251670524292,0.2001043726,
    5.000000074506E-02));
#126 = CARTESIAN_POINT('',(0.257368322361,0.198840068416,
    5.000000074506E-02));
#127 = CARTESIAN_POINT('',(0.262944491421,0.19724163304,
    5.000000074506E-02));
#128 = CARTESIAN_POINT('',(0.268435485824,0.195331609387,
    5.000000074506E-02));
#129 = CARTESIAN_POINT('',(0.273761805813,0.192968475681,
    5.000000074506E-02));
#130 = CARTESIAN_POINT('',(0.278997133711,0.190356575112,
    5.000000074506E-02));
#131 = CARTESIAN_POINT('',(0.284013088625,0.187406435412,
    5.000000074506E-02));
#132 = CARTESIAN_POINT('',(0.288759091355,0.184188529591,
    5.000000074506E-02));
#133 = CARTESIAN_POINT('',(0.293217832379,0.180738866937,
    5.000000074506E-02));
#134 = CARTESIAN_POINT('',(0.297392838786,0.177044518001,
    5.000000074506E-02));
#135 = CARTESIAN_POINT('',(0.301288378691,0.173122120259,
    5.000000074506E-02));
#136 = CARTESIAN_POINT('',(0.304876225023,0.168929872169,
    5.000000074506E-02));
#137 = CARTESIAN_POINT('',(0.308143962753,0.164481176539,
    5.000000074506E-02));
#138 = CARTESIAN_POINT('',(0.311156364185,0.159834696107,
    5.000000074506E-02));
#139 = CARTESIAN_POINT('',(0.313854234662,0.155003965157,
    5.000000074506E-02));
#140 = CARTESIAN_POINT('',(0.316113084913,0.149971103989,
    5.000000074506E-02));
#141 = CARTESIAN_POINT('',(0.318113377611,0.144822298101,
    5.000000074506E-02));
#142 = CARTESIAN_POINT('',(0.319696191476,0.139499374625,
    5.000000074506E-02));
#143 = CARTESIAN_POINT('',(0.320949021009,0.134039788006,
    5.000000074506E-02));
#144 = CARTESIAN_POINT('',(0.321813458911,0.128428885837,
    5.000000074506E-02));
#145 = CARTESIAN_POINT('',(0.322412800122,0.12267838986,
    5.000000074506E-02));
#146 = CARTESIAN_POINT('',(0.322458524516,0.118780714854,
    5.000000074506E-02));
#147 = CARTESIAN_POINT('',(0.32248157287,0.116816008822,
    5.000000074506E-02));
#148 = ORIENTED_EDGE('',*,*,#149,.T.);
#149 = EDGE_CURVE('',#118,#150,#152,.T.);
#150 = VERTEX_POINT('',#151);
#151 = CARTESIAN_POINT('',(0.232697919024,3.240094471929E-02,
    5.000000074506E-02));
#152 = B_SPLINE_CURVE_WITH_KNOTS('',3,(#153,#154,#155,#156,#157,#158,
    #159,#160,#161,#162,#163,#164,#165,#166,#167,#168,#169,#170,#171),
  .UNSPECIFIED.,.F.,.F.,(4,1,1,1,1,1,1,1,1,1,1,1,1,1,1,1,4),(0.,
    6.432321657984E-02,0.126290103704,0.186726469216,0.246146432335,
    0.305575642646,0.365429385618,0.426326308948,0.488839906401,
    0.551724971814,0.613918596466,0.675483765768,0.737333897099,
    0.800229044395,0.864502298123,0.931040739156,1.),.UNSPECIFIED.);
#153 = CARTESIAN_POINT('',(0.32248157287,0.116816008822,
    5.000000074506E-02));
#154 = CARTESIAN_POINT('',(0.322409468926,0.113859933398,
    5.000000074506E-02));
#155 = CARTESIAN_POINT('',(0.322267902395,0.108056071406,
    5.000000074506E-02));
#156 = CARTESIAN_POINT('',(0.321007997591,9.955489366109E-02,
    5.000000074506E-02));
#157 = CARTESIAN_POINT('',(0.319093420946,9.141085515936E-02,
    5.000000074506E-02));
#158 = CARTESIAN_POINT('',(0.316223959407,8.367486417017E-02,
    5.000000074506E-02));
#159 = CARTESIAN_POINT('',(0.312685727946,7.6251529424E-02,
    5.000000074506E-02));
#160 = CARTESIAN_POINT('',(0.30821483586,6.926645208649E-02,
    5.000000074506E-02));
#161 = CARTESIAN_POINT('',(0.303036748011,6.261407697154E-02,
    5.000000074506E-02));
#162 = CARTESIAN_POINT('',(0.297078209756,5.645162281449E-02,
    5.000000074506E-02));
#163 = CARTESIAN_POINT('',(0.290540734556,5.082226708317E-02,
    5.000000074506E-02));
#164 = CARTESIAN_POINT('',(0.283526568179,4.586509099681E-02,
    5.000000074506E-02));
#165 = CARTESIAN_POINT('',(0.276053180306,4.173281199873E-02,
    5.000000074506E-02));
#166 = CARTESIAN_POINT('',(0.268203087153,3.829418648351E-02,
    5.000000074506E-02));
#167 = CARTESIAN_POINT('',(0.259915880643,3.565094490319E-02,
    5.000000074506E-02));
#168 = CARTESIAN_POINT('',(0.251206463362,3.379013784586E-02,
    5.000000074506E-02));
#169 = CARTESIAN_POINT('',(0.242093777919,3.257629895777E-02,
    5.000000074506E-02));
#170 = CARTESIAN_POINT('',(0.235866955068,3.246008821096E-02,
    5.000000074506E-02));
#171 = CARTESIAN_POINT('',(0.232697919024,3.240094471929E-02,
    5.000000074506E-02));
#172 = ORIENTED_EDGE('',*,*,#173,.T.);
#173 = EDGE_CURVE('',#150,#174,#176,.T.);
#174 = VERTEX_POINT('',#175);
#175 = CARTESIAN_POINT('',(0.161263624152,6.573427805263E-02,
    5.000000074506E-02));
#176 = B_SPLINE_CURVE_WITH_KNOTS('',3,(#177,#178,#179,#180,#181,#182,
    #183,#184,#185,#186,#187),.UNSPECIFIED.,.F.,.F.,(4,1,1,1,1,1,1,1,4),
  (0.,0.128515189512,0.252948636353,0.374754734006,0.495939753867,
    0.61718064143,0.740909469278,0.867811148186,1.),.UNSPECIFIED.);
#177 = CARTESIAN_POINT('',(0.232697919024,3.240094471929E-02,
    5.000000074506E-02));
#178 = CARTESIAN_POINT('',(0.229206336796,3.249744641935E-02,
    5.000000074506E-02));
#179 = CARTESIAN_POINT('',(0.222334067714,3.268738485018E-02,
    5.000000074506E-02));
#180 = CARTESIAN_POINT('',(0.212255894781,3.429648480005E-02,
    5.000000074506E-02));
#181 = CARTESIAN_POINT('',(0.202608136745,3.690550867634E-02,
    5.000000074506E-02));
#182 = CARTESIAN_POINT('',(0.193390274657,4.055681852315E-02,
    5.000000074506E-02));
#183 = CARTESIAN_POINT('',(0.184628294874,4.530340640331E-02,
    5.000000074506E-02));
#184 = CARTESIAN_POINT('',(0.176308485713,5.105757082659E-02,
    5.000000074506E-02));
#185 = CARTESIAN_POINT('',(0.168423824541,5.787404698434E-02,
    5.000000074506E-02));
#186 = CARTESIAN_POINT('',(0.163682608414,6.307879717046E-02,
    5.000000074506E-02));
#187 = CARTESIAN_POINT('',(0.161263624152,6.573427805263E-02,
    5.000000074506E-02));
#188 = ORIENTED_EDGE('',*,*,#189,.T.);
#189 = EDGE_CURVE('',#174,#190,#192,.T.);
#190 = VERTEX_POINT('',#191);
#191 = CARTESIAN_POINT('',(0.145558495947,5.383523959109E-02,
    5.000000074506E-02));
#192 = LINE('',#193,#194);
#193 = CARTESIAN_POINT('',(0.161263624152,6.573427805263E-02,
    5.000000074506E-02));
#194 = VECTOR('',#195,1.);
#195 = DIRECTION('',(-0.797062489627,-0.603896835253,0.));
#196 = ORIENTED_EDGE('',*,*,#197,.T.);
#197 = EDGE_CURVE('',#190,#198,#200,.T.);
#198 = VERTEX_POINT('',#199);
#199 = CARTESIAN_POINT('',(0.232577726716,1.188812420647E-02,
    5.000000074506E-02));
#200 = B_SPLINE_CURVE_WITH_KNOTS('',3,(#201,#202,#203,#204,#205,#206,
    #207,#208,#209,#210,#211,#212,#213,#214,#215,#216,#217,#218,#219),
  .UNSPECIFIED.,.F.,.F.,(4,1,1,1,1,1,1,1,1,1,1,1,1,1,1,1,4),(0.,
    6.167423887743E-02,0.123053061635,0.183475000732,0.243726500511,
    0.304278916512,0.364862920961,0.425946203969,0.487391229965,
    0.549220384075,0.611143588693,0.67352853031,0.736961456657,
    0.800785282873,0.866012595642,0.932100747791,1.),.UNSPECIFIED.);
#201 = CARTESIAN_POINT('',(0.145558495947,5.383523959109E-02,
    5.000000074506E-02));
#202 = CARTESIAN_POINT('',(0.14682238794,5.220447090976E-02,
    5.000000074506E-02));
#203 = CARTESIAN_POINT('',(0.149344117955,4.895074483695E-02,
    5.000000074506E-02));
#204 = CARTESIAN_POINT('',(0.153427433212,4.436378999557E-02,
    5.000000074506E-02));
#205 = CARTESIAN_POINT('',(0.157728993063,4.004927368134E-02,
    5.000000074506E-02));
#206 = CARTESIAN_POINT('',(0.16228074792,3.604198103977E-02,
    5.000000074506E-02));
#207 = CARTESIAN_POINT('',(0.167030336011,3.226172586235E-02,
    5.000000074506E-02));
#208 = CARTESIAN_POINT('',(0.172063039574,2.881590693231E-02,
    5.000000074506E-02));
#209 = CARTESIAN_POINT('',(0.177312698574,2.565642783046E-02,
    5.000000074506E-02));
#210 = CARTESIAN_POINT('',(0.18276152594,2.276346071548E-02,
    5.000000074506E-02));
#211 = CARTESIAN_POINT('',(0.188403732386,2.019676088551E-02,
    5.000000074506E-02));
#212 = CARTESIAN_POINT('',(0.19423255724,1.799940272597E-02,
    5.000000074506E-02));
#213 = CARTESIAN_POINT('',(0.20022287584,1.610655189554E-02,
    5.000000074506E-02));
#214 = CARTESIAN_POINT('',(0.206374962035,1.454929836846E-02,
    5.000000074506E-02));
#215 = CARTESIAN_POINT('',(0.212701576711,1.33338078614E-02,
    5.000000074506E-02));
#216 = CARTESIAN_POINT('',(0.219179889516,1.252125501313E-02,
    5.000000074506E-02));
#217 = CARTESIAN_POINT('',(0.225823882386,1.196457418828E-02,
    5.000000074506E-02));
#218 = CARTESIAN_POINT('',(0.230306249307,1.19138361415E-02,
    5.000000074506E-02));
#219 = CARTESIAN_POINT('',(0.232577726716,1.188812420647E-02,
    5.000000074506E-02));
#220 = ORIENTED_EDGE('',*,*,#221,.T.);
#221 = EDGE_CURVE('',#198,#222,#224,.T.);
#222 = VERTEX_POINT('',#223);
#223 = CARTESIAN_POINT('',(0.315069713896,4.686408574493E-02,
    5.000000074506E-02));
#224 = B_SPLINE_CURVE_WITH_KNOTS('',3,(#225,#226,#227,#228,#229,#230,
    #231,#232,#233,#234,#235,#236,#237,#238,#239,#240,#241,#242,#243),
  .UNSPECIFIED.,.F.,.F.,(4,1,1,1,1,1,1,1,1,1,1,1,1,1,1,1,4),(0.,
    6.966280089908E-02,0.137749562258,0.203916743518,0.268779862329,
    0.332413706477,0.394753540447,0.456180031659,0.516995649197,
    0.577395937966,0.637198343509,0.696999184261,0.756756194226,
    0.816553905273,0.876947996598,0.938131787921,1.),.UNSPECIFIED.);
#225 = CARTESIAN_POINT('',(0.232577726716,1.188812420647E-02,
    5.000000074506E-02));
#226 = CARTESIAN_POINT('',(0.234728793405,1.190309520966E-02,
    5.000000074506E-02));
#227 = CARTESIAN_POINT('',(0.238982261411,1.193269851457E-02,
    5.000000074506E-02));
#228 = CARTESIAN_POINT('',(0.245262190074,1.241225093805E-02,
    5.000000074506E-02));
#229 = CARTESIAN_POINT('',(0.251375880406,1.306652161862E-02,
    5.000000074506E-02));
#230 = CARTESIAN_POINT('',(0.257305859027,1.405167196514E-02,
    5.000000074506E-02));
#231 = CARTESIAN_POINT('',(0.263084486172,1.52142056825E-02,
    5.000000074506E-02));
#232 = CARTESIAN_POINT('',(0.268659376715,1.677256320394E-02,
    5.000000074506E-02));
#233 = CARTESIAN_POINT('',(0.274085388735,1.851822986658E-02,
    5.000000074506E-02));
#234 = CARTESIAN_POINT('',(0.279340722489,2.056994339485E-02,
    5.000000074506E-02));
#235 = CARTESIAN_POINT('',(0.284429848192,2.288515382556E-02,
    5.000000074506E-02));
#236 = CARTESIAN_POINT('',(0.289336351699,2.550181433419E-02,
    5.000000074506E-02));
#237 = CARTESIAN_POINT('',(0.294057976407,2.839792088626E-02,
    5.000000074506E-02));
#238 = CARTESIAN_POINT('',(0.298641143313,3.150963576762E-02,
    5.000000074506E-02));
#239 = CARTESIAN_POINT('',(0.303018148094,3.493691016021E-02,
    5.000000074506E-02));
#240 = CARTESIAN_POINT('',(0.307226920971,3.863214641756E-02,
    5.000000074506E-02));
#241 = CARTESIAN_POINT('',(0.31129106247,4.258288988907E-02,
    5.000000074506E-02));
#242 = CARTESIAN_POINT('',(0.313805501613,4.543173865149E-02,
    5.000000074506E-02));
#243 = CARTESIAN_POINT('',(0.315069713896,4.686408574493E-02,
    5.000000074506E-02));
#244 = ORIENTED_EDGE('',*,*,#245,.T.);
#245 = EDGE_CURVE('',#222,#246,#248,.T.);
#246 = VERTEX_POINT('',#247);
#247 = CARTESIAN_POINT('',(0.340430290819,0.118178188309,
    5.000000074506E-02));
#248 = B_SPLINE_CURVE_WITH_KNOTS('',3,(#249,#250,#251,#252,#253,#254,
    #255,#256,#257,#258,#259),.UNSPECIFIED.,.F.,.F.,(4,1,1,1,1,1,1,1,4),
  (0.,0.124328509594,0.247156016361,0.368779749291,0.490733862402,
    0.613613771848,0.738957575722,0.867310575191,1.),.UNSPECIFIED.);
#249 = CARTESIAN_POINT('',(0.315069713896,4.686408574493E-02,
    5.000000074506E-02));
#250 = CARTESIAN_POINT('',(0.31709460781,4.935215368306E-02,
    5.000000074506E-02));
#251 = CARTESIAN_POINT('',(0.321119949343,5.429825142066E-02,
    5.000000074506E-02));
#252 = CARTESIAN_POINT('',(0.326269988403,6.231459320686E-02,
    5.000000074506E-02));
#253 = CARTESIAN_POINT('',(0.330678420129,7.068420514262E-02,
    5.000000074506E-02));
#254 = CARTESIAN_POINT('',(0.334242758459,7.945105821567E-02,
    5.000000074506E-02));
#255 = CARTESIAN_POINT('',(0.337029200354,8.859548034369E-02,
    5.000000074506E-02));
#256 = CARTESIAN_POINT('',(0.338959554359,9.812208116716E-02,
    5.000000074506E-02));
#257 = CARTESIAN_POINT('',(0.340213931757,0.108021963579,
    5.000000074506E-02));
#258 = CARTESIAN_POINT('',(0.34035737683,0.114755494359,
    5.000000074506E-02));
#259 = CARTESIAN_POINT('',(0.340430290819,0.118178188309,
    5.000000074506E-02));
#260 = ORIENTED_EDGE('',*,*,#261,.T.);
#261 = EDGE_CURVE('',#246,#64,#262,.T.);
#262 = B_SPLINE_CURVE_WITH_KNOTS('',3,(#263,#264,#265,#266,#267,#268,
    #269,#270,#271,#272,#273,#274,#275,#276,#277,#278,#279,#280,#281),
  .UNSPECIFIED.,.F.,.F.,(4,1,1,1,1,1,1,1,1,1,1,1,1,1,1,1,4),(0.,
    6.455784592972E-02,0.12701353155,0.187954810202,0.24801391279,
    0.307747681849,0.368234514697,0.429469843943,0.492743436747,
    0.556257768706,0.618216785543,0.679655475588,0.741245545621,
    0.803415264706,0.866815461544,0.932328311949,1.),.UNSPECIFIED.);
#263 = CARTESIAN_POINT('',(0.340430290819,0.118178188309,
    5.000000074506E-02));
#264 = CARTESIAN_POINT('',(0.340341422615,0.121775642797,
    5.000000074506E-02));
#265 = CARTESIAN_POINT('',(0.340166579974,0.128853409915,
    5.000000074506E-02));
#266 = CARTESIAN_POINT('',(0.338681105947,0.13924049296,
    5.000000074506E-02));
#267 = CARTESIAN_POINT('',(0.33629146045,0.149192001466,
    5.000000074506E-02));
#268 = CARTESIAN_POINT('',(0.33289735253,0.1586893583,5.000000074506E-02
    ));
#269 = CARTESIAN_POINT('',(0.328594189598,0.16778251717,
    5.000000074506E-02));
#270 = CARTESIAN_POINT('',(0.323278383093,0.17640201459,
    5.000000074506E-02));
#271 = CARTESIAN_POINT('',(0.317011689252,0.18460297457,
    5.000000074506E-02));
#272 = CARTESIAN_POINT('',(0.309843256813,0.192260960359,
    5.000000074506E-02));
#273 = CARTESIAN_POINT('',(0.301982266225,0.19926320908,
    5.000000074506E-02));
#274 = CARTESIAN_POINT('',(0.293564048288,0.20542356358,
    5.000000074506E-02));
#275 = CARTESIAN_POINT('',(0.28460507989,0.21055027878,
    5.000000074506E-02));
#276 = CARTESIAN_POINT('',(0.275204059794,0.214835773775,
    5.000000074506E-02));
#277 = CARTESIAN_POINT('',(0.265290592276,0.218129743098,
    5.000000074506E-02));
#278 = CARTESIAN_POINT('',(0.254885828326,0.22043563948,
    5.000000074506E-02));
#279 = CARTESIAN_POINT('',(0.24400931891,0.221870903268,
    5.000000074506E-02));
#280 = CARTESIAN_POINT('',(0.236588608873,0.222052343719,
    5.000000074506E-02));
#281 = CARTESIAN_POINT('',(0.232818111332,0.222144534463,
    5.000000074506E-02));
#282 = FACE_BOUND('',#283,.T.);
#283 = EDGE_LOOP('',(#284,#294,#302,#310,#326,#350));
#284 = ORIENTED_EDGE('',*,*,#285,.T.);
#285 = EDGE_CURVE('',#286,#288,#290,.T.);
#286 = VERTEX_POINT('',#287);
#287 = CARTESIAN_POINT('',(-0.106164260463,1.701632933468E-02,
    5.000000074506E-02));
#288 = VERTEX_POINT('',#289);
#289 = CARTESIAN_POINT('',(-4.418509379668E-02,1.701632933468E-02,
    5.000000074506E-02));
#290 = LINE('',#291,#292);
#291 = CARTESIAN_POINT('',(-0.106164260463,1.701632933468E-02,
    5.000000074506E-02));
#292 = VECTOR('',#293,1.);
#293 = DIRECTION('',(1.,0.,0.));
#294 = ORIENTED_EDGE('',*,*,#295,.T.);
#295 = EDGE_CURVE('',#288,#296,#298,.T.);
#296 = VERTEX_POINT('',#297);
#297 = CARTESIAN_POINT('',(-4.418509379668E-02,0.217016329335,
    5.000000074506E-02));
#298 = LINE('',#299,#300);
#299 = CARTESIAN_POINT('',(-4.418509379668E-02,1.701632933468E-02,
    5.000000074506E-02));
#300 = VECTOR('',#301,1.);
#301 = DIRECTION('',(0.,1.,0.));
#302 = ORIENTED_EDGE('',*,*,#303,.T.);
#303 = EDGE_CURVE('',#296,#304,#306,.T.);
#304 = VERTEX_POINT('',#305);
#305 = CARTESIAN_POINT('',(-8.456970918129E-02,0.217016329335,
    5.000000074506E-02));
#306 = LINE('',#307,#308);
#307 = CARTESIAN_POINT('',(-4.418509379668E-02,0.217016329335,
    5.000000074506E-02));
#308 = VECTOR('',#309,1.);
#309 = DIRECTION('',(-1.,0.,0.));
#310 = ORIENTED_EDGE('',*,*,#311,.T.);
#311 = EDGE_CURVE('',#304,#312,#314,.T.);
#312 = VERTEX_POINT('',#313);
#313 = CARTESIAN_POINT('',(-0.148031247643,0.209804790873,
    5.000000074506E-02));
#314 = B_SPLINE_CURVE_WITH_KNOTS('',3,(#315,#316,#317,#318,#319,#320,
    #321,#322,#323,#324,#325),.UNSPECIFIED.,.F.,.F.,(4,1,1,1,1,1,1,1,4),
  (0.,0.164289216475,0.31740591123,0.458843611641,0.589366542305,
    0.707831318778,0.815770030699,0.912879902902,1.),.UNSPECIFIED.);
#315 = CARTESIAN_POINT('',(-8.456970918129E-02,0.217016329335,
    5.000000074506E-02));
#316 = CARTESIAN_POINT('',(-8.808222279308E-02,0.216991039621,
    5.000000074506E-02));
#317 = CARTESIAN_POINT('',(-9.486838081114E-02,0.216942180025,
    5.000000074506E-02));
#318 = CARTESIAN_POINT('',(-0.10467480638,0.216632386245,
    5.000000074506E-02));
#319 = CARTESIAN_POINT('',(-0.113748164235,0.216084359625,
    5.000000074506E-02));
#320 = CARTESIAN_POINT('',(-0.122058613325,0.215286100989,
    5.000000074506E-02));
#321 = CARTESIAN_POINT('',(-0.129628968296,0.214305927639,
    5.000000074506E-02));
#322 = CARTESIAN_POINT('',(-0.136438031617,0.213077333105,
    5.000000074506E-02));
#323 = CARTESIAN_POINT('',(-0.142521011211,0.211626580512,
    5.000000074506E-02));
#324 = CARTESIAN_POINT('',(-0.146262122102,0.210389697641,
    5.000000074506E-02));
#325 = CARTESIAN_POINT('',(-0.148031247643,0.209804790873,
    5.000000074506E-02));
#326 = ORIENTED_EDGE('',*,*,#327,.T.);
#327 = EDGE_CURVE('',#312,#328,#330,.T.);
#328 = VERTEX_POINT('',#329);
#329 = CARTESIAN_POINT('',(-0.208287657899,0.114492290873,
    5.000000074506E-02));
#330 = B_SPLINE_CURVE_WITH_KNOTS('',3,(#331,#332,#333,#334,#335,#336,
    #337,#338,#339,#340,#341,#342,#343,#344,#345,#346,#347,#348,#349),
  .UNSPECIFIED.,.F.,.F.,(4,1,1,1,1,1,1,1,1,1,1,1,1,1,1,1,4),(0.,
    6.154496601632E-02,0.121694296402,0.181154855453,0.239875388912,
    0.29870194245,0.357647423709,0.417604842849,0.478494040728,
    0.540407050637,0.602344993873,0.665004327923,0.728559308823,
    0.793650542027,0.86053426759,0.929235960562,1.),.UNSPECIFIED.);
#331 = CARTESIAN_POINT('',(-0.148031247643,0.209804790873,
    5.000000074506E-02));
#332 = CARTESIAN_POINT('',(-0.150345232746,0.208923036265,
    5.000000074506E-02));
#333 = CARTESIAN_POINT('',(-0.154920729448,0.207179522317,
    5.000000074506E-02));
#334 = CARTESIAN_POINT('',(-0.161435422166,0.203890590813,
    5.000000074506E-02));
#335 = CARTESIAN_POINT('',(-0.16756830005,0.200164127856,
    5.000000074506E-02));
#336 = CARTESIAN_POINT('',(-0.173352251186,0.195995221416,
    5.000000074506E-02));
#337 = CARTESIAN_POINT('',(-0.178655155551,0.191265830074,
    5.000000074506E-02));
#338 = CARTESIAN_POINT('',(-0.183684178222,0.186176853753,
    5.000000074506E-02));
#339 = CARTESIAN_POINT('',(-0.188233591011,0.180543234312,
    5.000000074506E-02));
#340 = CARTESIAN_POINT('',(-0.192399779355,0.174481806427,
    5.000000074506E-02));
#341 = CARTESIAN_POINT('',(-0.196156102753,0.168063974872,
    5.000000074506E-02));
#342 = CARTESIAN_POINT('',(-0.199421197488,0.161301968661,
    5.000000074506E-02));
#343 = CARTESIAN_POINT('',(-0.20213285425,0.1542301282,
    5.000000074506E-02));
#344 = CARTESIAN_POINT('',(-0.204383895769,0.146868119743,
    5.000000074506E-02));
#345 = CARTESIAN_POINT('',(-0.206157979057,0.139199755297,
    5.000000074506E-02));
#346 = CARTESIAN_POINT('',(-0.207368375155,0.131216105808,
    5.000000074506E-02));
#347 = CARTESIAN_POINT('',(-0.208166717433,0.122948723557,
    5.000000074506E-02));
#348 = CARTESIAN_POINT('',(-0.208246948937,0.117338754201,
    5.000000074506E-02));
#349 = CARTESIAN_POINT('',(-0.208287657899,0.114492290873,
    5.000000074506E-02));
#350 = ORIENTED_EDGE('',*,*,#351,.T.);
#351 = EDGE_CURVE('',#328,#286,#352,.T.);
#352 = B_SPLINE_CURVE_WITH_KNOTS('',3,(#353,#354,#355,#356,#357,#358,
    #359,#360,#361,#362,#363,#364,#365,#366,#367,#368,#369,#370,#371,
    #372,#373,#374,#375,#376,#377,#378,#379),.UNSPECIFIED.,.F.,.F.,(4,1,
    1,1,1,1,1,1,1,1,1,1,1,1,1,1,1,1,1,1,1,1,1,1,4),(0.,
    4.608068338725E-02,9.080679960762E-02,0.134295270529,0.177024385666,
    0.218822733683,0.260244116327,0.301079867113,0.341613894285,
    0.381583418552,0.42011959133,0.458074618542,0.494738487608,
    0.531194622894,0.56693369845,0.602712650738,0.638326606128,
    0.674853248855,0.713467370784,0.754441803848,0.797815360712,
    0.843989456208,0.89307156988,0.944963346178,1.),.UNSPECIFIED.);
#353 = CARTESIAN_POINT('',(-0.208287657899,0.114492290873,
    5.000000074506E-02));
#354 = CARTESIAN_POINT('',(-0.2082517169,0.112020220102,
    5.000000074506E-02));
#355 = CARTESIAN_POINT('',(-0.208180891408,0.107148746448,
    5.000000074506E-02));
#356 = CARTESIAN_POINT('',(-0.207544930502,9.996926669926E-02,
    5.000000074506E-02));
#357 = CARTESIAN_POINT('',(-0.206620569356,9.300277690814E-02,
    5.000000074506E-02));
#358 = CARTESIAN_POINT('',(-0.205189472337,8.628245119142E-02,
    5.000000074506E-02));
#359 = CARTESIAN_POINT('',(-0.203452185855,7.974941016938E-02,
    5.000000074506E-02));
#360 = CARTESIAN_POINT('',(-0.201225662924,7.34732819211E-02,
    5.000000074506E-02));
#361 = CARTESIAN_POINT('',(-0.198675063142,6.739649281638E-02,
    5.000000074506E-02));
#362 = CARTESIAN_POINT('',(-0.195700784367,6.160120847875E-02,
    5.000000074506E-02));
#363 = CARTESIAN_POINT('',(-0.192435562367,5.611073005953E-02,
    5.000000074506E-02));
#364 = CARTESIAN_POINT('',(-0.188931462756,5.093498559558E-02,
    5.000000074506E-02));
#365 = CARTESIAN_POINT('',(-0.185192223019,4.614783006351E-02,
    5.000000074506E-02));
#366 = CARTESIAN_POINT('',(-0.181182186852,4.173476651853E-02,
    5.000000074506E-02));
#367 = CARTESIAN_POINT('',(-0.176953174484,3.770244775316E-02,
    5.000000074506E-02));
#368 = CARTESIAN_POINT('',(-0.172477498452,3.401718973332E-02,
    5.000000074506E-02));
#369 = CARTESIAN_POINT('',(-0.167743609836,3.075110088486E-02,
    5.000000074506E-02));
#370 = CARTESIAN_POINT('',(-0.162772711392,2.777583755813E-02,
    5.000000074506E-02));
#371 = CARTESIAN_POINT('',(-0.157419789724,2.518038867137E-02,
    5.000000074506E-02));
#372 = CARTESIAN_POINT('',(-0.151583454513,2.298438811116E-02,
    5.000000074506E-02));
#373 = CARTESIAN_POINT('',(-0.145238815771,2.116458151853E-02,
    5.000000074506E-02));
#374 = CARTESIAN_POINT('',(-0.138401446804,1.96462446159E-02,
    5.000000074506E-02));
#375 = CARTESIAN_POINT('',(-0.13105953379,1.844182732191E-02,
    5.000000074506E-02));
#376 = CARTESIAN_POINT('',(-0.123205878601,1.763460489689E-02,
    5.000000074506E-02));
#377 = CARTESIAN_POINT('',(-0.114852547761,1.70887230287E-02,
    5.000000074506E-02));
#378 = CARTESIAN_POINT('',(-0.109116589747,1.704092912236E-02,
    5.000000074506E-02));
#379 = CARTESIAN_POINT('',(-0.106164260463,1.701632933468E-02,
    5.000000074506E-02));
#380 = FACE_BOUND('',#381,.T.);
#381 = EDGE_LOOP('',(#382,#392,#400,#408));
#382 = ORIENTED_EDGE('',*,*,#383,.T.);
#383 = EDGE_CURVE('',#384,#386,#388,.T.);
#384 = VERTEX_POINT('',#385);
#385 = CARTESIAN_POINT('',(0.577653552915,1.317820171807,
    5.000000074506E-02));
#386 = VERTEX_POINT('',#387);
#387 = CARTESIAN_POINT('',(0.577653552915,-1.317820171807,
    5.000000074506E-02));
#388 = LINE('',#389,#390);
#389 = CARTESIAN_POINT('',(0.577653552915,1.4,5.000000074506E-02));
#390 = VECTOR('',#391,1.);
#391 = DIRECTION('',(-0.,-1.,-0.));
#392 = ORIENTED_EDGE('',*,*,#393,.T.);
#393 = EDGE_CURVE('',#386,#394,#396,.T.);
#394 = VERTEX_POINT('',#395);
#395 = CARTESIAN_POINT('',(-0.577653552915,-1.317820171807,
    5.000000074506E-02));
#396 = LINE('',#397,#398);
#397 = CARTESIAN_POINT('',(1.75,-1.317820171807,5.000000074506E-02));
#398 = VECTOR('',#399,1.);
#399 = DIRECTION('',(-1.,-1.548860246408E-16,-0.));
#400 = ORIENTED_EDGE('',*,*,#401,.F.);
#401 = EDGE_CURVE('',#402,#394,#404,.T.);
#402 = VERTEX_POINT('',#403);
#403 = CARTESIAN_POINT('',(-0.577653552915,1.317820171807,
    5.000000074506E-02));
#404 = LINE('',#405,#406);
#405 = CARTESIAN_POINT('',(-0.577653552915,1.4,5.000000074506E-02));
#406 = VECTOR('',#407,1.);
#407 = DIRECTION('',(-0.,-1.,-0.));
#408 = ORIENTED_EDGE('',*,*,#409,.F.);
#409 = EDGE_CURVE('',#384,#402,#410,.T.);
#410 = LINE('',#411,#412);
#411 = CARTESIAN_POINT('',(1.75,1.317820171807,5.000000074506E-02));
#412 = VECTOR('',#413,1.);
#413 = DIRECTION('',(-1.,-1.548860246408E-16,-0.));
#414 = FACE_BOUND('',#415,.T.);
#415 = EDGE_LOOP('',(#416,#426,#434,#442,#450,#458,#466,#474));
#416 = ORIENTED_EDGE('',*,*,#417,.T.);
#417 = EDGE_CURVE('',#418,#420,#422,.T.);
#418 = VERTEX_POINT('',#419);
#419 = CARTESIAN_POINT('',(-0.328800478412,0.217016329335,
    5.000000074506E-02));
#420 = VERTEX_POINT('',#421);
#421 = CARTESIAN_POINT('',(-0.331364580976,0.217016329335,
    5.000000074506E-02));
#422 = LINE('',#423,#424);
#423 = CARTESIAN_POINT('',(-0.328800478412,0.217016329335,
    5.000000074506E-02));
#424 = VECTOR('',#425,1.);
#425 = DIRECTION('',(-1.,0.,0.));
#426 = ORIENTED_EDGE('',*,*,#427,.T.);
#427 = EDGE_CURVE('',#420,#428,#430,.T.);
#428 = VERTEX_POINT('',#429);
#429 = CARTESIAN_POINT('',(-0.423672273284,1.701632933468E-02,
    5.000000074506E-02));
#430 = LINE('',#431,#432);
#431 = CARTESIAN_POINT('',(-0.331364580976,0.217016329335,
    5.000000074506E-02));
#432 = VECTOR('',#433,1.);
#433 = DIRECTION('',(-0.419058177462,-0.9079593845,0.));
#434 = ORIENTED_EDGE('',*,*,#435,.T.);
#435 = EDGE_CURVE('',#428,#436,#438,.T.);
#436 = VERTEX_POINT('',#437);
#437 = CARTESIAN_POINT('',(-0.404161055335,1.701632933468E-02,
    5.000000074506E-02));
#438 = LINE('',#439,#440);
#439 = CARTESIAN_POINT('',(-0.423672273284,1.701632933468E-02,
    5.000000074506E-02));
#440 = VECTOR('',#441,1.);
#441 = DIRECTION('',(1.,0.,0.));
#442 = ORIENTED_EDGE('',*,*,#443,.T.);
#443 = EDGE_CURVE('',#436,#444,#446,.T.);
#444 = VERTEX_POINT('',#445);
#445 = CARTESIAN_POINT('',(-0.374593747643,8.111889343724E-02,
    5.000000074506E-02));
#446 = LINE('',#447,#448);
#447 = CARTESIAN_POINT('',(-0.404161055335,1.701632933468E-02,
    5.000000074506E-02));
#448 = VECTOR('',#449,1.);
#449 = DIRECTION('',(0.418842224745,0.908059023836,0.));
#450 = ORIENTED_EDGE('',*,*,#451,.T.);
#451 = EDGE_CURVE('',#444,#452,#454,.T.);
#452 = VERTEX_POINT('',#453);
#453 = CARTESIAN_POINT('',(-0.28392868354,8.111889343724E-02,
    5.000000074506E-02));
#454 = LINE('',#455,#456);
#455 = CARTESIAN_POINT('',(-0.374593747643,8.111889343724E-02,
    5.000000074506E-02));
#456 = VECTOR('',#457,1.);
#457 = DIRECTION('',(1.,0.,0.));
#458 = ORIENTED_EDGE('',*,*,#459,.T.);
#459 = EDGE_CURVE('',#452,#460,#462,.T.);
#460 = VERTEX_POINT('',#461);
#461 = CARTESIAN_POINT('',(-0.253520029694,1.701632933468E-02,
    5.000000074506E-02));
#462 = LINE('',#463,#464);
#463 = CARTESIAN_POINT('',(-0.28392868354,8.111889343724E-02,
    5.000000074506E-02));
#464 = VECTOR('',#465,1.);
#465 = DIRECTION('',(0.428596026356,-0.903496234741,0.));
#466 = ORIENTED_EDGE('',*,*,#467,.T.);
#467 = EDGE_CURVE('',#460,#468,#470,.T.);
#468 = VERTEX_POINT('',#469);
#469 = CARTESIAN_POINT('',(-0.23392868354,1.701632933468E-02,
    5.000000074506E-02));
#470 = LINE('',#471,#472);
#471 = CARTESIAN_POINT('',(-0.253520029694,1.701632933468E-02,
    5.000000074506E-02));
#472 = VECTOR('',#473,1.);
#473 = DIRECTION('',(1.,0.,0.));
#474 = ORIENTED_EDGE('',*,*,#475,.T.);
#475 = EDGE_CURVE('',#468,#418,#476,.T.);
#476 = LINE('',#477,#478);
#477 = CARTESIAN_POINT('',(-0.23392868354,1.701632933468E-02,
    5.000000074506E-02));
#478 = VECTOR('',#479,1.);
#479 = DIRECTION('',(-0.428584206872,0.903501841514,0.));
#480 = FACE_BOUND('',#481,.T.);
#481 = EDGE_LOOP('',(#482,#492,#500,#508,#516,#524,#532,#540,#548,#556,
    #564,#572));
#482 = ORIENTED_EDGE('',*,*,#483,.T.);
#483 = EDGE_CURVE('',#484,#486,#488,.T.);
#484 = VERTEX_POINT('',#485);
#485 = CARTESIAN_POINT('',(0.104532854921,1.701632933468E-02,
    5.000000074506E-02));
#486 = VERTEX_POINT('',#487);
#487 = CARTESIAN_POINT('',(0.104532854921,0.217016329335,
    5.000000074506E-02));
#488 = LINE('',#489,#490);
#489 = CARTESIAN_POINT('',(0.104532854921,1.701632933468E-02,
    5.000000074506E-02));
#490 = VECTOR('',#491,1.);
#491 = DIRECTION('',(0.,1.,0.));
#492 = ORIENTED_EDGE('',*,*,#493,.T.);
#493 = EDGE_CURVE('',#486,#494,#496,.T.);
#494 = VERTEX_POINT('',#495);
#495 = CARTESIAN_POINT('',(-8.287657899242E-03,0.217016329335,
    5.000000074506E-02));
#496 = LINE('',#497,#498);
#497 = CARTESIAN_POINT('',(0.104532854921,0.217016329335,
    5.000000074506E-02));
#498 = VECTOR('',#499,1.);
#499 = DIRECTION('',(-1.,0.,0.));
#500 = ORIENTED_EDGE('',*,*,#501,.T.);
#501 = EDGE_CURVE('',#494,#502,#504,.T.);
#502 = VERTEX_POINT('',#503);
#503 = CARTESIAN_POINT('',(-8.287657899242E-03,0.196503508822,
    5.000000074506E-02));
#504 = LINE('',#505,#506);
#505 = CARTESIAN_POINT('',(-8.287657899242E-03,0.217016329335,
    5.000000074506E-02));
#506 = VECTOR('',#507,1.);
#507 = DIRECTION('',(0.,-1.,0.));
#508 = ORIENTED_EDGE('',*,*,#509,.T.);
#509 = EDGE_CURVE('',#502,#510,#512,.T.);
#510 = VERTEX_POINT('',#511);
#511 = CARTESIAN_POINT('',(8.658413697255E-02,0.196503508822,
    5.000000074506E-02));
#512 = LINE('',#513,#514);
#513 = CARTESIAN_POINT('',(-8.287657899242E-03,0.196503508822,
    5.000000074506E-02));
#514 = VECTOR('',#515,1.);
#515 = DIRECTION('',(1.,0.,0.));
#516 = ORIENTED_EDGE('',*,*,#517,.T.);
#517 = EDGE_CURVE('',#510,#518,#520,.T.);
#518 = VERTEX_POINT('',#519);
#519 = CARTESIAN_POINT('',(8.658413697255E-02,0.134965047283,
    5.000000074506E-02));
#520 = LINE('',#521,#522);
#521 = CARTESIAN_POINT('',(8.658413697255E-02,0.196503508822,
    5.000000074506E-02));
#522 = VECTOR('',#523,1.);
#523 = DIRECTION('',(0.,-1.,0.));
#524 = ORIENTED_EDGE('',*,*,#525,.T.);
#525 = EDGE_CURVE('',#518,#526,#528,.T.);
#526 = VERTEX_POINT('',#527);
#527 = CARTESIAN_POINT('',(-8.287657899242E-03,0.134965047283,
    5.000000074506E-02));
#528 = LINE('',#529,#530);
#529 = CARTESIAN_POINT('',(8.658413697255E-02,0.134965047283,
    5.000000074506E-02));
#530 = VECTOR('',#531,1.);
#531 = DIRECTION('',(-1.,0.,0.));
#532 = ORIENTED_EDGE('',*,*,#533,.T.);
#533 = EDGE_CURVE('',#526,#534,#536,.T.);
#534 = VERTEX_POINT('',#535);
#535 = CARTESIAN_POINT('',(-8.287657899242E-03,0.114452226771,
    5.000000074506E-02));
#536 = LINE('',#537,#538);
#537 = CARTESIAN_POINT('',(-8.287657899242E-03,0.134965047283,
    5.000000074506E-02));
#538 = VECTOR('',#539,1.);
#539 = DIRECTION('',(0.,-1.,0.));
#540 = ORIENTED_EDGE('',*,*,#541,.T.);
#541 = EDGE_CURVE('',#534,#542,#544,.T.);
#542 = VERTEX_POINT('',#543);
#543 = CARTESIAN_POINT('',(8.658413697255E-02,0.114452226771,
    5.000000074506E-02));
#544 = LINE('',#545,#546);
#545 = CARTESIAN_POINT('',(-8.287657899242E-03,0.114452226771,
    5.000000074506E-02));
#546 = VECTOR('',#547,1.);
#547 = DIRECTION('',(1.,0.,0.));
#548 = ORIENTED_EDGE('',*,*,#549,.T.);
#549 = EDGE_CURVE('',#542,#550,#552,.T.);
#550 = VERTEX_POINT('',#551);
#551 = CARTESIAN_POINT('',(8.658413697255E-02,3.75291498475E-02,
    5.000000074506E-02));
#552 = LINE('',#553,#554);
#553 = CARTESIAN_POINT('',(8.658413697255E-02,0.114452226771,
    5.000000074506E-02));
#554 = VECTOR('',#555,1.);
#555 = DIRECTION('',(0.,-1.,0.));
#556 = ORIENTED_EDGE('',*,*,#557,.T.);
#557 = EDGE_CURVE('',#550,#558,#560,.T.);
#558 = VERTEX_POINT('',#559);
#559 = CARTESIAN_POINT('',(-8.287657899242E-03,3.75291498475E-02,
    5.000000074506E-02));
#560 = LINE('',#561,#562);
#561 = CARTESIAN_POINT('',(8.658413697255E-02,3.75291498475E-02,
    5.000000074506E-02));
#562 = VECTOR('',#563,1.);
#563 = DIRECTION('',(-1.,0.,0.));
#564 = ORIENTED_EDGE('',*,*,#565,.T.);
#565 = EDGE_CURVE('',#558,#566,#568,.T.);
#566 = VERTEX_POINT('',#567);
#567 = CARTESIAN_POINT('',(-8.287657899242E-03,1.701632933468E-02,
    5.000000074506E-02));
#568 = LINE('',#569,#570);
#569 = CARTESIAN_POINT('',(-8.287657899242E-03,3.75291498475E-02,
    5.000000074506E-02));
#570 = VECTOR('',#571,1.);
#571 = DIRECTION('',(0.,-1.,0.));
#572 = ORIENTED_EDGE('',*,*,#573,.T.);
#573 = EDGE_CURVE('',#566,#484,#574,.T.);
#574 = LINE('',#575,#576);
#575 = CARTESIAN_POINT('',(-8.287657899242E-03,1.701632933468E-02,
    5.000000074506E-02));
#576 = VECTOR('',#577,1.);
#577 = DIRECTION('',(1.,0.,0.));
#578 = FACE_BOUND('',#579,.T.);
#579 = EDGE_LOOP('',(#580,#590,#598,#606,#614,#622));
#580 = ORIENTED_EDGE('',*,*,#581,.T.);
#581 = EDGE_CURVE('',#582,#584,#586,.T.);
#582 = VERTEX_POINT('',#583);
#583 = CARTESIAN_POINT('',(0.458379008767,1.701632933468E-02,
    5.000000074506E-02));
#584 = VERTEX_POINT('',#585);
#585 = CARTESIAN_POINT('',(0.458379008767,0.217016329335,
    5.000000074506E-02));
#586 = LINE('',#587,#588);
#587 = CARTESIAN_POINT('',(0.458379008767,1.701632933468E-02,
    5.000000074506E-02));
#588 = VECTOR('',#589,1.);
#589 = DIRECTION('',(0.,1.,0.));
#590 = ORIENTED_EDGE('',*,*,#591,.T.);
#591 = EDGE_CURVE('',#584,#592,#594,.T.);
#592 = VERTEX_POINT('',#593);
#593 = CARTESIAN_POINT('',(0.440430290819,0.217016329335,
    5.000000074506E-02));
#594 = LINE('',#595,#596);
#595 = CARTESIAN_POINT('',(0.458379008767,0.217016329335,
    5.000000074506E-02));
#596 = VECTOR('',#597,1.);
#597 = DIRECTION('',(-1.,0.,0.));
#598 = ORIENTED_EDGE('',*,*,#599,.T.);
#599 = EDGE_CURVE('',#592,#600,#602,.T.);
#600 = VERTEX_POINT('',#601);
#601 = CARTESIAN_POINT('',(0.440430290819,3.75291498475E-02,
    5.000000074506E-02));
#602 = LINE('',#603,#604);
#603 = CARTESIAN_POINT('',(0.440430290819,0.217016329335,
    5.000000074506E-02));
#604 = VECTOR('',#605,1.);
#605 = DIRECTION('',(0.,-1.,0.));
#606 = ORIENTED_EDGE('',*,*,#607,.T.);
#607 = EDGE_CURVE('',#600,#608,#610,.T.);
#608 = VERTEX_POINT('',#609);
#609 = CARTESIAN_POINT('',(0.363507213896,3.75291498475E-02,
    5.000000074506E-02));
#610 = LINE('',#611,#612);
#611 = CARTESIAN_POINT('',(0.440430290819,3.75291498475E-02,
    5.000000074506E-02));
#612 = VECTOR('',#613,1.);
#613 = DIRECTION('',(-1.,0.,0.));
#614 = ORIENTED_EDGE('',*,*,#615,.T.);
#615 = EDGE_CURVE('',#608,#616,#618,.T.);
#616 = VERTEX_POINT('',#617);
#617 = CARTESIAN_POINT('',(0.363507213896,1.701632933468E-02,
    5.000000074506E-02));
#618 = LINE('',#619,#620);
#619 = CARTESIAN_POINT('',(0.363507213896,3.75291498475E-02,
    5.000000074506E-02));
#620 = VECTOR('',#621,1.);
#621 = DIRECTION('',(0.,-1.,0.));
#622 = ORIENTED_EDGE('',*,*,#623,.T.);
#623 = EDGE_CURVE('',#616,#582,#624,.T.);
#624 = LINE('',#625,#626);
#625 = CARTESIAN_POINT('',(0.363507213896,1.701632933468E-02,
    5.000000074506E-02));
#626 = VECTOR('',#627,1.);
#627 = DIRECTION('',(1.,0.,0.));
#628 = PLANE('',#629);
#629 = AXIS2_PLACEMENT_3D('',#630,#631,#632);
#630 = CARTESIAN_POINT('',(0.,0.,5.000000074506E-02));
#631 = DIRECTION('',(0.,0.,1.));
#632 = DIRECTION('',(1.,0.,-0.));
#633 = ADVANCED_FACE('',(#634),#668,.F.);
#634 = FACE_BOUND('',#635,.T.);
#635 = EDGE_LOOP('',(#636,#646,#654,#662));
#636 = ORIENTED_EDGE('',*,*,#637,.T.);
#637 = EDGE_CURVE('',#638,#640,#642,.T.);
#638 = VERTEX_POINT('',#639);
#639 = CARTESIAN_POINT('',(1.55,-1.4,1.000000000745));
#640 = VERTEX_POINT('',#641);
#641 = CARTESIAN_POINT('',(1.55,-1.4,0.880000000745));
#642 = LINE('',#643,#644);
#643 = CARTESIAN_POINT('',(1.55,-1.4,1.850000000745));
#644 = VECTOR('',#645,1.);
#645 = DIRECTION('',(-0.,-0.,-1.));
#646 = ORIENTED_EDGE('',*,*,#647,.T.);
#647 = EDGE_CURVE('',#640,#648,#650,.T.);
#648 = VERTEX_POINT('',#649);
#649 = CARTESIAN_POINT('',(1.55,-1.1,0.880000000745));
#650 = LINE('',#651,#652);
#651 = CARTESIAN_POINT('',(1.55,-1.4,0.880000000745));
#652 = VECTOR('',#653,1.);
#653 = DIRECTION('',(0.,1.,0.));
#654 = ORIENTED_EDGE('',*,*,#655,.F.);
#655 = EDGE_CURVE('',#656,#648,#658,.T.);
#656 = VERTEX_POINT('',#657);
#657 = CARTESIAN_POINT('',(1.55,-1.1,1.000000000745));
#658 = LINE('',#659,#660);
#659 = CARTESIAN_POINT('',(1.55,-1.1,1.000000000745));
#660 = VECTOR('',#661,1.);
#661 = DIRECTION('',(0.,0.,-1.));
#662 = ORIENTED_EDGE('',*,*,#663,.F.);
#663 = EDGE_CURVE('',#638,#656,#664,.T.);
#664 = LINE('',#665,#666);
#665 = CARTESIAN_POINT('',(1.55,-1.4,1.000000000745));
#666 = VECTOR('',#667,1.);
#667 = DIRECTION('',(0.,1.,0.));
#668 = PLANE('',#669);
#669 = AXIS2_PLACEMENT_3D('',#670,#671,#672);
#670 = CARTESIAN_POINT('',(1.55,1.4,1.850000000745));
#671 = DIRECTION('',(-1.,-1.548860246408E-16,0.));
#672 = DIRECTION('',(1.548860246408E-16,-1.,0.));
#673 = ADVANCED_FACE('',(#674),#708,.F.);
#674 = FACE_BOUND('',#675,.T.);
#675 = EDGE_LOOP('',(#676,#686,#694,#702));
#676 = ORIENTED_EDGE('',*,*,#677,.T.);
#677 = EDGE_CURVE('',#678,#680,#682,.T.);
#678 = VERTEX_POINT('',#679);
#679 = CARTESIAN_POINT('',(1.55,-0.4,1.000000000745));
#680 = VERTEX_POINT('',#681);
#681 = CARTESIAN_POINT('',(1.55,-0.4,0.880000000745));
#682 = LINE('',#683,#684);
#683 = CARTESIAN_POINT('',(1.55,-0.4,1.000000000745));
#684 = VECTOR('',#685,1.);
#685 = DIRECTION('',(0.,0.,-1.));
#686 = ORIENTED_EDGE('',*,*,#687,.T.);
#687 = EDGE_CURVE('',#680,#688,#690,.T.);
#688 = VERTEX_POINT('',#689);
#689 = CARTESIAN_POINT('',(1.55,0.4,0.880000000745));
#690 = LINE('',#691,#692);
#691 = CARTESIAN_POINT('',(1.55,-1.4,0.880000000745));
#692 = VECTOR('',#693,1.);
#693 = DIRECTION('',(0.,1.,0.));
#694 = ORIENTED_EDGE('',*,*,#695,.F.);
#695 = EDGE_CURVE('',#696,#688,#698,.T.);
#696 = VERTEX_POINT('',#697);
#697 = CARTESIAN_POINT('',(1.55,0.4,1.000000000745));
#698 = LINE('',#699,#700);
#699 = CARTESIAN_POINT('',(1.55,0.4,1.000000000745));
#700 = VECTOR('',#701,1.);
#701 = DIRECTION('',(0.,0.,-1.));
#702 = ORIENTED_EDGE('',*,*,#703,.F.);
#703 = EDGE_CURVE('',#678,#696,#704,.T.);
#704 = LINE('',#705,#706);
#705 = CARTESIAN_POINT('',(1.55,-1.4,1.000000000745));
#706 = VECTOR('',#707,1.);
#707 = DIRECTION('',(0.,1.,0.));
#708 = PLANE('',#709);
#709 = AXIS2_PLACEMENT_3D('',#710,#711,#712);
#710 = CARTESIAN_POINT('',(1.55,1.4,1.850000000745));
#711 = DIRECTION('',(-1.,-1.548860246408E-16,0.));
#712 = DIRECTION('',(1.548860246408E-16,-1.,0.));
#713 = ADVANCED_FACE('',(#714),#748,.F.);
#714 = FACE_BOUND('',#715,.T.);
#715 = EDGE_LOOP('',(#716,#726,#734,#742));
#716 = ORIENTED_EDGE('',*,*,#717,.F.);
#717 = EDGE_CURVE('',#718,#720,#722,.T.);
#718 = VERTEX_POINT('',#719);
#719 = CARTESIAN_POINT('',(-1.55,-1.4,1.000000000745));
#720 = VERTEX_POINT('',#721);
#721 = CARTESIAN_POINT('',(-1.55,-1.4,0.880000000745));
#722 = LINE('',#723,#724);
#723 = CARTESIAN_POINT('',(-1.55,-1.4,1.850000000745));
#724 = VECTOR('',#725,1.);
#725 = DIRECTION('',(-0.,-0.,-1.));
#726 = ORIENTED_EDGE('',*,*,#727,.T.);
#727 = EDGE_CURVE('',#718,#728,#730,.T.);
#728 = VERTEX_POINT('',#729);
#729 = CARTESIAN_POINT('',(-1.55,-1.1,1.000000000745));
#730 = LINE('',#731,#732);
#731 = CARTESIAN_POINT('',(-1.55,-1.4,1.000000000745));
#732 = VECTOR('',#733,1.);
#733 = DIRECTION('',(0.,1.,0.));
#734 = ORIENTED_EDGE('',*,*,#735,.F.);
#735 = EDGE_CURVE('',#736,#728,#738,.T.);
#736 = VERTEX_POINT('',#737);
#737 = CARTESIAN_POINT('',(-1.55,-1.1,0.880000000745));
#738 = LINE('',#739,#740);
#739 = CARTESIAN_POINT('',(-1.55,-1.1,1.000000000745));
#740 = VECTOR('',#741,1.);
#741 = DIRECTION('',(0.,0.,1.));
#742 = ORIENTED_EDGE('',*,*,#743,.F.);
#743 = EDGE_CURVE('',#720,#736,#744,.T.);
#744 = LINE('',#745,#746);
#745 = CARTESIAN_POINT('',(-1.55,-1.4,0.880000000745));
#746 = VECTOR('',#747,1.);
#747 = DIRECTION('',(0.,1.,0.));
#748 = PLANE('',#749);
#749 = AXIS2_PLACEMENT_3D('',#750,#751,#752);
#750 = CARTESIAN_POINT('',(-1.55,1.4,1.850000000745));
#751 = DIRECTION('',(1.,1.548860246408E-16,0.));
#752 = DIRECTION('',(-1.548860246408E-16,1.,0.));
#753 = ADVANCED_FACE('',(#754),#788,.F.);
#754 = FACE_BOUND('',#755,.T.);
#755 = EDGE_LOOP('',(#756,#766,#774,#782));
#756 = ORIENTED_EDGE('',*,*,#757,.T.);
#757 = EDGE_CURVE('',#758,#760,#762,.T.);
#758 = VERTEX_POINT('',#759);
#759 = CARTESIAN_POINT('',(-1.55,-0.4,0.880000000745));
#760 = VERTEX_POINT('',#761);
#761 = CARTESIAN_POINT('',(-1.55,-0.4,1.000000000745));
#762 = LINE('',#763,#764);
#763 = CARTESIAN_POINT('',(-1.55,-0.4,1.000000000745));
#764 = VECTOR('',#765,1.);
#765 = DIRECTION('',(0.,0.,1.));
#766 = ORIENTED_EDGE('',*,*,#767,.T.);
#767 = EDGE_CURVE('',#760,#768,#770,.T.);
#768 = VERTEX_POINT('',#769);
#769 = CARTESIAN_POINT('',(-1.55,0.4,1.000000000745));
#770 = LINE('',#771,#772);
#771 = CARTESIAN_POINT('',(-1.55,-1.4,1.000000000745));
#772 = VECTOR('',#773,1.);
#773 = DIRECTION('',(0.,1.,0.));
#774 = ORIENTED_EDGE('',*,*,#775,.F.);
#775 = EDGE_CURVE('',#776,#768,#778,.T.);
#776 = VERTEX_POINT('',#777);
#777 = CARTESIAN_POINT('',(-1.55,0.4,0.880000000745));
#778 = LINE('',#779,#780);
#779 = CARTESIAN_POINT('',(-1.55,0.4,1.000000000745));
#780 = VECTOR('',#781,1.);
#781 = DIRECTION('',(0.,0.,1.));
#782 = ORIENTED_EDGE('',*,*,#783,.F.);
#783 = EDGE_CURVE('',#758,#776,#784,.T.);
#784 = LINE('',#785,#786);
#785 = CARTESIAN_POINT('',(-1.55,-1.4,0.880000000745));
#786 = VECTOR('',#787,1.);
#787 = DIRECTION('',(0.,1.,0.));
#788 = PLANE('',#789);
#789 = AXIS2_PLACEMENT_3D('',#790,#791,#792);
#790 = CARTESIAN_POINT('',(-1.55,1.4,1.850000000745));
#791 = DIRECTION('',(1.,1.548860246408E-16,0.));
#792 = DIRECTION('',(-1.548860246408E-16,1.,0.));
#793 = ADVANCED_FACE('',(#794),#828,.F.);
#794 = FACE_BOUND('',#795,.T.);
#795 = EDGE_LOOP('',(#796,#806,#814,#822));
#796 = ORIENTED_EDGE('',*,*,#797,.T.);
#797 = EDGE_CURVE('',#798,#800,#802,.T.);
#798 = VERTEX_POINT('',#799);
#799 = CARTESIAN_POINT('',(1.55,1.1,1.000000000745));
#800 = VERTEX_POINT('',#801);
#801 = CARTESIAN_POINT('',(1.55,1.1,0.880000000745));
#802 = LINE('',#803,#804);
#803 = CARTESIAN_POINT('',(1.55,1.1,1.000000000745));
#804 = VECTOR('',#805,1.);
#805 = DIRECTION('',(0.,0.,-1.));
#806 = ORIENTED_EDGE('',*,*,#807,.T.);
#807 = EDGE_CURVE('',#800,#808,#810,.T.);
#808 = VERTEX_POINT('',#809);
#809 = CARTESIAN_POINT('',(1.55,1.4,0.880000000745));
#810 = LINE('',#811,#812);
#811 = CARTESIAN_POINT('',(1.55,-1.4,0.880000000745));
#812 = VECTOR('',#813,1.);
#813 = DIRECTION('',(0.,1.,0.));
#814 = ORIENTED_EDGE('',*,*,#815,.F.);
#815 = EDGE_CURVE('',#816,#808,#818,.T.);
#816 = VERTEX_POINT('',#817);
#817 = CARTESIAN_POINT('',(1.55,1.4,1.000000000745));
#818 = LINE('',#819,#820);
#819 = CARTESIAN_POINT('',(1.55,1.4,1.850000000745));
#820 = VECTOR('',#821,1.);
#821 = DIRECTION('',(-0.,-0.,-1.));
#822 = ORIENTED_EDGE('',*,*,#823,.F.);
#823 = EDGE_CURVE('',#798,#816,#824,.T.);
#824 = LINE('',#825,#826);
#825 = CARTESIAN_POINT('',(1.55,-1.4,1.000000000745));
#826 = VECTOR('',#827,1.);
#827 = DIRECTION('',(0.,1.,0.));
#828 = PLANE('',#829);
#829 = AXIS2_PLACEMENT_3D('',#830,#831,#832);
#830 = CARTESIAN_POINT('',(1.55,1.4,1.850000000745));
#831 = DIRECTION('',(-1.,-1.548860246408E-16,0.));
#832 = DIRECTION('',(1.548860246408E-16,-1.,0.));
#833 = ADVANCED_FACE('',(#834),#859,.F.);
#834 = FACE_BOUND('',#835,.T.);
#835 = EDGE_LOOP('',(#836,#846,#852,#853));
#836 = ORIENTED_EDGE('',*,*,#837,.F.);
#837 = EDGE_CURVE('',#838,#840,#842,.T.);
#838 = VERTEX_POINT('',#839);
#839 = CARTESIAN_POINT('',(-1.55,1.4,1.000000000745));
#840 = VERTEX_POINT('',#841);
#841 = CARTESIAN_POINT('',(-1.55,1.4,0.880000000745));
#842 = LINE('',#843,#844);
#843 = CARTESIAN_POINT('',(-1.55,1.4,1.850000000745));
#844 = VECTOR('',#845,1.);
#845 = DIRECTION('',(-0.,-0.,-1.));
#846 = ORIENTED_EDGE('',*,*,#847,.F.);
#847 = EDGE_CURVE('',#816,#838,#848,.T.);
#848 = LINE('',#849,#850);
#849 = CARTESIAN_POINT('',(1.75,1.4,1.000000000745));
#850 = VECTOR('',#851,1.);
#851 = DIRECTION('',(-1.,-1.548860246408E-16,-0.));
#852 = ORIENTED_EDGE('',*,*,#815,.T.);
#853 = ORIENTED_EDGE('',*,*,#854,.T.);
#854 = EDGE_CURVE('',#808,#840,#855,.T.);
#855 = LINE('',#856,#857);
#856 = CARTESIAN_POINT('',(1.75,1.4,0.880000000745));
#857 = VECTOR('',#858,1.);
#858 = DIRECTION('',(-1.,-1.548860246408E-16,-0.));
#859 = PLANE('',#860);
#860 = AXIS2_PLACEMENT_3D('',#861,#862,#863);
#861 = CARTESIAN_POINT('',(-1.55,1.4,1.850000000745));
#862 = DIRECTION('',(0.,-1.,0.));
#863 = DIRECTION('',(0.,0.,-1.));
#864 = ADVANCED_FACE('',(#865),#890,.F.);
#865 = FACE_BOUND('',#866,.T.);
#866 = EDGE_LOOP('',(#867,#877,#883,#884));
#867 = ORIENTED_EDGE('',*,*,#868,.T.);
#868 = EDGE_CURVE('',#869,#871,#873,.T.);
#869 = VERTEX_POINT('',#870);
#870 = CARTESIAN_POINT('',(-1.55,1.1,0.880000000745));
#871 = VERTEX_POINT('',#872);
#872 = CARTESIAN_POINT('',(-1.55,1.1,1.000000000745));
#873 = LINE('',#874,#875);
#874 = CARTESIAN_POINT('',(-1.55,1.1,1.000000000745));
#875 = VECTOR('',#876,1.);
#876 = DIRECTION('',(0.,0.,1.));
#877 = ORIENTED_EDGE('',*,*,#878,.T.);
#878 = EDGE_CURVE('',#871,#838,#879,.T.);
#879 = LINE('',#880,#881);
#880 = CARTESIAN_POINT('',(-1.55,-1.4,1.000000000745));
#881 = VECTOR('',#882,1.);
#882 = DIRECTION('',(0.,1.,0.));
#883 = ORIENTED_EDGE('',*,*,#837,.T.);
#884 = ORIENTED_EDGE('',*,*,#885,.F.);
#885 = EDGE_CURVE('',#869,#840,#886,.T.);
#886 = LINE('',#887,#888);
#887 = CARTESIAN_POINT('',(-1.55,-1.4,0.880000000745));
#888 = VECTOR('',#889,1.);
#889 = DIRECTION('',(0.,1.,0.));
#890 = PLANE('',#891);
#891 = AXIS2_PLACEMENT_3D('',#892,#893,#894);
#892 = CARTESIAN_POINT('',(-1.55,1.4,1.850000000745));
#893 = DIRECTION('',(1.,1.548860246408E-16,0.));
#894 = DIRECTION('',(-1.548860246408E-16,1.,0.));
#895 = ADVANCED_FACE('',(#896),#912,.F.);
#896 = FACE_BOUND('',#897,.T.);
#897 = EDGE_LOOP('',(#898,#899,#905,#906));
#898 = ORIENTED_EDGE('',*,*,#717,.T.);
#899 = ORIENTED_EDGE('',*,*,#900,.F.);
#900 = EDGE_CURVE('',#640,#720,#901,.T.);
#901 = LINE('',#902,#903);
#902 = CARTESIAN_POINT('',(1.75,-1.4,0.880000000745));
#903 = VECTOR('',#904,1.);
#904 = DIRECTION('',(-1.,-1.548860246408E-16,-0.));
#905 = ORIENTED_EDGE('',*,*,#637,.F.);
#906 = ORIENTED_EDGE('',*,*,#907,.T.);
#907 = EDGE_CURVE('',#638,#718,#908,.T.);
#908 = LINE('',#909,#910);
#909 = CARTESIAN_POINT('',(1.75,-1.4,1.000000000745));
#910 = VECTOR('',#911,1.);
#911 = DIRECTION('',(-1.,-1.548860246408E-16,-0.));
#912 = PLANE('',#913);
#913 = AXIS2_PLACEMENT_3D('',#914,#915,#916);
#914 = CARTESIAN_POINT('',(-1.55,-1.4,1.850000000745));
#915 = DIRECTION('',(0.,1.,0.));
#916 = DIRECTION('',(0.,-0.,1.));
#917 = ADVANCED_FACE('',(#918,#960),#970,.T.);
#918 = FACE_BOUND('',#919,.T.);
#919 = EDGE_LOOP('',(#920,#930,#938,#946,#954));
#920 = ORIENTED_EDGE('',*,*,#921,.F.);
#921 = EDGE_CURVE('',#922,#924,#926,.T.);
#922 = VERTEX_POINT('',#923);
#923 = CARTESIAN_POINT('',(1.431778013715,-0.730911595505,1.850000000745
    ));
#924 = VERTEX_POINT('',#925);
#925 = CARTESIAN_POINT('',(0.905833944309,-1.316187654346,1.850000000745
    ));
#926 = LINE('',#927,#928);
#927 = CARTESIAN_POINT('',(1.55,-0.599352933232,1.850000000745));
#928 = VECTOR('',#929,1.);
#929 = DIRECTION('',(-0.668399755884,-0.743802236037,0.));
#930 = ORIENTED_EDGE('',*,*,#931,.T.);
#931 = EDGE_CURVE('',#922,#932,#934,.T.);
#932 = VERTEX_POINT('',#933);
#933 = CARTESIAN_POINT('',(1.431778013715,1.316187654346,1.850000000745)
  );
#934 = LINE('',#935,#936);
#935 = CARTESIAN_POINT('',(1.431778013715,-1.4,1.850000000745));
#936 = VECTOR('',#937,1.);
#937 = DIRECTION('',(0.,1.,0.));
#938 = ORIENTED_EDGE('',*,*,#939,.T.);
#939 = EDGE_CURVE('',#932,#940,#942,.T.);
#940 = VERTEX_POINT('',#941);
#941 = CARTESIAN_POINT('',(-1.431778013715,1.316187654346,1.850000000745
    ));
#942 = LINE('',#943,#944);
#943 = CARTESIAN_POINT('',(1.75,1.316187654346,1.850000000745));
#944 = VECTOR('',#945,1.);
#945 = DIRECTION('',(-1.,-1.548860246408E-16,-0.));
#946 = ORIENTED_EDGE('',*,*,#947,.F.);
#947 = EDGE_CURVE('',#948,#940,#950,.T.);
#948 = VERTEX_POINT('',#949);
#949 = CARTESIAN_POINT('',(-1.431778013715,-1.316187654346,
    1.850000000745));
#950 = LINE('',#951,#952);
#951 = CARTESIAN_POINT('',(-1.431778013715,-1.4,1.850000000745));
#952 = VECTOR('',#953,1.);
#953 = DIRECTION('',(0.,1.,0.));
#954 = ORIENTED_EDGE('',*,*,#955,.F.);
#955 = EDGE_CURVE('',#924,#948,#956,.T.);
#956 = LINE('',#957,#958);
#957 = CARTESIAN_POINT('',(1.75,-1.316187654346,1.850000000745));
#958 = VECTOR('',#959,1.);
#959 = DIRECTION('',(-1.,-1.548860246408E-16,-0.));
#960 = FACE_BOUND('',#961,.T.);
#961 = EDGE_LOOP('',(#962,#969));
#962 = ORIENTED_EDGE('',*,*,#963,.F.);
#963 = EDGE_CURVE('',#41,#33,#964,.T.);
#964 = CIRCLE('',#965,1.2);
#965 = AXIS2_PLACEMENT_3D('',#966,#967,#968);
#966 = CARTESIAN_POINT('',(0.,0.,1.850000000745));
#967 = DIRECTION('',(0.,0.,1.));
#968 = DIRECTION('',(1.,0.,-0.));
#969 = ORIENTED_EDGE('',*,*,#40,.F.);
#970 = PLANE('',#971);
#971 = AXIS2_PLACEMENT_3D('',#972,#973,#974);
#972 = CARTESIAN_POINT('',(0.,0.,1.850000000745));
#973 = DIRECTION('',(0.,0.,1.));
#974 = DIRECTION('',(1.,0.,-0.));
#975 = ADVANCED_FACE('',(#976),#1001,.F.);
#976 = FACE_BOUND('',#977,.T.);
#977 = EDGE_LOOP('',(#978,#988,#994,#995));
#978 = ORIENTED_EDGE('',*,*,#979,.T.);
#979 = EDGE_CURVE('',#980,#982,#984,.T.);
#980 = VERTEX_POINT('',#981);
#981 = CARTESIAN_POINT('',(0.577653552915,1.335642303223,0.230000000745)
  );
#982 = VERTEX_POINT('',#983);
#983 = CARTESIAN_POINT('',(0.577653552915,-1.335642303223,0.230000000745
    ));
#984 = LINE('',#985,#986);
#985 = CARTESIAN_POINT('',(0.577653552915,1.4,0.230000000745));
#986 = VECTOR('',#987,1.);
#987 = DIRECTION('',(-0.,-1.,-0.));
#988 = ORIENTED_EDGE('',*,*,#989,.T.);
#989 = EDGE_CURVE('',#982,#386,#990,.T.);
#990 = LINE('',#991,#992);
#991 = CARTESIAN_POINT('',(0.577653552915,-1.291435105736,
    -0.216483944533));
#992 = VECTOR('',#993,1.);
#993 = DIRECTION('',(0.,9.853005703411E-02,-0.995134075319));
#994 = ORIENTED_EDGE('',*,*,#383,.F.);
#995 = ORIENTED_EDGE('',*,*,#996,.T.);
#996 = EDGE_CURVE('',#384,#980,#997,.T.);
#997 = LINE('',#998,#999);
#998 = CARTESIAN_POINT('',(0.577653552915,1.318617987726,
    5.805778362055E-02));
#999 = VECTOR('',#1000,1.);
#1000 = DIRECTION('',(0.,9.853005703411E-02,0.995134075319));
#1001 = PLANE('',#1002);
#1002 = AXIS2_PLACEMENT_3D('',#1003,#1004,#1005);
#1003 = CARTESIAN_POINT('',(0.577653552915,1.4,5.000000074506E-02));
#1004 = DIRECTION('',(-1.,0.,0.));
#1005 = DIRECTION('',(0.,0.,1.));
#1006 = ADVANCED_FACE('',(#1007),#1032,.F.);
#1007 = FACE_BOUND('',#1008,.T.);
#1008 = EDGE_LOOP('',(#1009,#1019,#1025,#1026));
#1009 = ORIENTED_EDGE('',*,*,#1010,.F.);
#1010 = EDGE_CURVE('',#1011,#1013,#1015,.T.);
#1011 = VERTEX_POINT('',#1012);
#1012 = CARTESIAN_POINT('',(1.406210549185,-1.335642303223,
    0.230000000745));
#1013 = VERTEX_POINT('',#1014);
#1014 = CARTESIAN_POINT('',(1.406210549185,1.335642303223,0.230000000745
    ));
#1015 = LINE('',#1016,#1017);
#1016 = CARTESIAN_POINT('',(1.406210549185,-1.4,0.230000000745));
#1017 = VECTOR('',#1018,1.);
#1018 = DIRECTION('',(0.,1.,0.));
#1019 = ORIENTED_EDGE('',*,*,#1020,.T.);
#1020 = EDGE_CURVE('',#1011,#982,#1021,.T.);
#1021 = LINE('',#1022,#1023);
#1022 = CARTESIAN_POINT('',(1.55,-1.335642303223,0.230000000745));
#1023 = VECTOR('',#1024,1.);
#1024 = DIRECTION('',(-1.,-1.548860246408E-16,0.));
#1025 = ORIENTED_EDGE('',*,*,#979,.F.);
#1026 = ORIENTED_EDGE('',*,*,#1027,.T.);
#1027 = EDGE_CURVE('',#980,#1013,#1028,.T.);
#1028 = LINE('',#1029,#1030);
#1029 = CARTESIAN_POINT('',(1.55,1.335642303223,0.230000000745));
#1030 = VECTOR('',#1031,1.);
#1031 = DIRECTION('',(1.,1.548860246408E-16,0.));
#1032 = PLANE('',#1033);
#1033 = AXIS2_PLACEMENT_3D('',#1034,#1035,#1036);
#1034 = CARTESIAN_POINT('',(1.55,1.4,0.230000000745));
#1035 = DIRECTION('',(0.,0.,1.));
#1036 = DIRECTION('',(1.,0.,-0.));
#1037 = ADVANCED_FACE('',(#1038),#1072,.F.);
#1038 = FACE_BOUND('',#1039,.T.);
#1039 = EDGE_LOOP('',(#1040,#1050,#1058,#1066));
#1040 = ORIENTED_EDGE('',*,*,#1041,.T.);
#1041 = EDGE_CURVE('',#1042,#1044,#1046,.T.);
#1042 = VERTEX_POINT('',#1043);
#1043 = CARTESIAN_POINT('',(-0.577653552915,1.335642303223,
    0.230000000745));
#1044 = VERTEX_POINT('',#1045);
#1045 = CARTESIAN_POINT('',(-0.577653552915,-1.335642303223,
    0.230000000745));
#1046 = LINE('',#1047,#1048);
#1047 = CARTESIAN_POINT('',(-0.577653552915,1.4,0.230000000745));
#1048 = VECTOR('',#1049,1.);
#1049 = DIRECTION('',(-0.,-1.,-0.));
#1050 = ORIENTED_EDGE('',*,*,#1051,.T.);
#1051 = EDGE_CURVE('',#1044,#1052,#1054,.T.);
#1052 = VERTEX_POINT('',#1053);
#1053 = CARTESIAN_POINT('',(-1.406210549185,-1.335642303223,
    0.230000000745));
#1054 = LINE('',#1055,#1056);
#1055 = CARTESIAN_POINT('',(-1.55,-1.335642303223,0.230000000745));
#1056 = VECTOR('',#1057,1.);
#1057 = DIRECTION('',(-1.,-1.548860246408E-16,0.));
#1058 = ORIENTED_EDGE('',*,*,#1059,.T.);
#1059 = EDGE_CURVE('',#1052,#1060,#1062,.T.);
#1060 = VERTEX_POINT('',#1061);
#1061 = CARTESIAN_POINT('',(-1.406210549185,1.335642303223,
    0.230000000745));
#1062 = LINE('',#1063,#1064);
#1063 = CARTESIAN_POINT('',(-1.406210549185,-1.4,0.230000000745));
#1064 = VECTOR('',#1065,1.);
#1065 = DIRECTION('',(0.,1.,0.));
#1066 = ORIENTED_EDGE('',*,*,#1067,.T.);
#1067 = EDGE_CURVE('',#1060,#1042,#1068,.T.);
#1068 = LINE('',#1069,#1070);
#1069 = CARTESIAN_POINT('',(-1.55,1.335642303223,0.230000000745));
#1070 = VECTOR('',#1071,1.);
#1071 = DIRECTION('',(1.,1.548860246408E-16,0.));
#1072 = PLANE('',#1073);
#1073 = AXIS2_PLACEMENT_3D('',#1074,#1075,#1076);
#1074 = CARTESIAN_POINT('',(-1.55,1.4,0.230000000745));
#1075 = DIRECTION('',(0.,0.,1.));
#1076 = DIRECTION('',(1.,0.,-0.));
#1077 = ADVANCED_FACE('',(#1078),#1094,.F.);
#1078 = FACE_BOUND('',#1079,.T.);
#1079 = EDGE_LOOP('',(#1080,#1081,#1087,#1088));
#1080 = ORIENTED_EDGE('',*,*,#401,.T.);
#1081 = ORIENTED_EDGE('',*,*,#1082,.T.);
#1082 = EDGE_CURVE('',#394,#1044,#1083,.T.);
#1083 = LINE('',#1084,#1085);
#1084 = CARTESIAN_POINT('',(-0.577653552915,-1.291435105736,
    -0.216483944533));
#1085 = VECTOR('',#1086,1.);
#1086 = DIRECTION('',(0.,-9.853005703411E-02,0.995134075319));
#1087 = ORIENTED_EDGE('',*,*,#1041,.F.);
#1088 = ORIENTED_EDGE('',*,*,#1089,.T.);
#1089 = EDGE_CURVE('',#1042,#402,#1090,.T.);
#1090 = LINE('',#1091,#1092);
#1091 = CARTESIAN_POINT('',(-0.577653552915,1.318617987726,
    5.805778362055E-02));
#1092 = VECTOR('',#1093,1.);
#1093 = DIRECTION('',(0.,-9.853005703411E-02,-0.995134075319));
#1094 = PLANE('',#1095);
#1095 = AXIS2_PLACEMENT_3D('',#1096,#1097,#1098);
#1096 = CARTESIAN_POINT('',(-0.577653552915,1.4,5.000000074506E-02));
#1097 = DIRECTION('',(1.,0.,0.));
#1098 = DIRECTION('',(0.,0.,-1.));
#1099 = ADVANCED_FACE('',(#1100),#1130,.F.);
#1100 = FACE_BOUND('',#1101,.T.);
#1101 = EDGE_LOOP('',(#1102,#1110,#1118,#1124));
#1102 = ORIENTED_EDGE('',*,*,#1103,.T.);
#1103 = EDGE_CURVE('',#680,#1104,#1106,.T.);
#1104 = VERTEX_POINT('',#1105);
#1105 = CARTESIAN_POINT('',(1.58,-0.4,0.880000000745));
#1106 = LINE('',#1107,#1108);
#1107 = CARTESIAN_POINT('',(1.58,-0.4,0.880000000745));
#1108 = VECTOR('',#1109,1.);
#1109 = DIRECTION('',(1.,0.,0.));
#1110 = ORIENTED_EDGE('',*,*,#1111,.F.);
#1111 = EDGE_CURVE('',#1112,#1104,#1114,.T.);
#1112 = VERTEX_POINT('',#1113);
#1113 = CARTESIAN_POINT('',(1.58,-1.1,0.880000000745));
#1114 = LINE('',#1115,#1116);
#1115 = CARTESIAN_POINT('',(1.58,-1.1,0.880000000745));
#1116 = VECTOR('',#1117,1.);
#1117 = DIRECTION('',(0.,1.,0.));
#1118 = ORIENTED_EDGE('',*,*,#1119,.F.);
#1119 = EDGE_CURVE('',#648,#1112,#1120,.T.);
#1120 = LINE('',#1121,#1122);
#1121 = CARTESIAN_POINT('',(1.58,-1.1,0.880000000745));
#1122 = VECTOR('',#1123,1.);
#1123 = DIRECTION('',(1.,0.,0.));
#1124 = ORIENTED_EDGE('',*,*,#1125,.T.);
#1125 = EDGE_CURVE('',#648,#680,#1126,.T.);
#1126 = LINE('',#1127,#1128);
#1127 = CARTESIAN_POINT('',(1.55,-1.1,0.880000000745));
#1128 = VECTOR('',#1129,1.);
#1129 = DIRECTION('',(0.,1.,0.));
#1130 = PLANE('',#1131);
#1131 = AXIS2_PLACEMENT_3D('',#1132,#1133,#1134);
#1132 = CARTESIAN_POINT('',(1.58,-1.1,0.880000000745));
#1133 = DIRECTION('',(0.,0.,1.));
#1134 = DIRECTION('',(1.,0.,-0.));
#1135 = ADVANCED_FACE('',(#1136),#1163,.F.);
#1136 = FACE_BOUND('',#1137,.F.);
#1137 = EDGE_LOOP('',(#1138,#1139,#1148,#1156));
#1138 = ORIENTED_EDGE('',*,*,#1111,.F.);
#1139 = ORIENTED_EDGE('',*,*,#1140,.T.);
#1140 = EDGE_CURVE('',#1112,#1141,#1143,.T.);
#1141 = VERTEX_POINT('',#1142);
#1142 = CARTESIAN_POINT('',(1.63,-1.1,0.830000000745));
#1143 = CIRCLE('',#1144,5.E-02);
#1144 = AXIS2_PLACEMENT_3D('',#1145,#1146,#1147);
#1145 = CARTESIAN_POINT('',(1.58,-1.1,0.830000000745));
#1146 = DIRECTION('',(0.,1.,0.));
#1147 = DIRECTION('',(0.,-0.,1.));
#1148 = ORIENTED_EDGE('',*,*,#1149,.T.);
#1149 = EDGE_CURVE('',#1141,#1150,#1152,.T.);
#1150 = VERTEX_POINT('',#1151);
#1151 = CARTESIAN_POINT('',(1.63,-0.4,0.830000000745));
#1152 = LINE('',#1153,#1154);
#1153 = CARTESIAN_POINT('',(1.63,-1.1,0.830000000745));
#1154 = VECTOR('',#1155,1.);
#1155 = DIRECTION('',(0.,1.,0.));
#1156 = ORIENTED_EDGE('',*,*,#1157,.F.);
#1157 = EDGE_CURVE('',#1104,#1150,#1158,.T.);
#1158 = CIRCLE('',#1159,5.E-02);
#1159 = AXIS2_PLACEMENT_3D('',#1160,#1161,#1162);
#1160 = CARTESIAN_POINT('',(1.58,-0.4,0.830000000745));
#1161 = DIRECTION('',(0.,1.,0.));
#1162 = DIRECTION('',(0.,-0.,1.));
#1163 = CYLINDRICAL_SURFACE('',#1164,5.E-02);
#1164 = AXIS2_PLACEMENT_3D('',#1165,#1166,#1167);
#1165 = CARTESIAN_POINT('',(1.58,-1.1,0.830000000745));
#1166 = DIRECTION('',(0.,1.,0.));
#1167 = DIRECTION('',(0.,-0.,1.));
#1168 = ADVANCED_FACE('',(#1169),#1194,.F.);
#1169 = FACE_BOUND('',#1170,.T.);
#1170 = EDGE_LOOP('',(#1171,#1179,#1187,#1193));
#1171 = ORIENTED_EDGE('',*,*,#1172,.T.);
#1172 = EDGE_CURVE('',#1150,#1173,#1175,.T.);
#1173 = VERTEX_POINT('',#1174);
#1174 = CARTESIAN_POINT('',(1.63,-0.4,0.170000000745));
#1175 = LINE('',#1176,#1177);
#1176 = CARTESIAN_POINT('',(1.63,-0.4,0.830000000745));
#1177 = VECTOR('',#1178,1.);
#1178 = DIRECTION('',(0.,0.,-1.));
#1179 = ORIENTED_EDGE('',*,*,#1180,.F.);
#1180 = EDGE_CURVE('',#1181,#1173,#1183,.T.);
#1181 = VERTEX_POINT('',#1182);
#1182 = CARTESIAN_POINT('',(1.63,-1.1,0.170000000745));
#1183 = LINE('',#1184,#1185);
#1184 = CARTESIAN_POINT('',(1.63,-1.1,0.170000000745));
#1185 = VECTOR('',#1186,1.);
#1186 = DIRECTION('',(0.,1.,0.));
#1187 = ORIENTED_EDGE('',*,*,#1188,.F.);
#1188 = EDGE_CURVE('',#1141,#1181,#1189,.T.);
#1189 = LINE('',#1190,#1191);
#1190 = CARTESIAN_POINT('',(1.63,-1.1,0.830000000745));
#1191 = VECTOR('',#1192,1.);
#1192 = DIRECTION('',(0.,0.,-1.));
#1193 = ORIENTED_EDGE('',*,*,#1149,.T.);
#1194 = PLANE('',#1195);
#1195 = AXIS2_PLACEMENT_3D('',#1196,#1197,#1198);
#1196 = CARTESIAN_POINT('',(1.63,-1.1,0.830000000745));
#1197 = DIRECTION('',(1.,0.,0.));
#1198 = DIRECTION('',(0.,0.,-1.));
#1199 = ADVANCED_FACE('',(#1200),#1227,.F.);
#1200 = FACE_BOUND('',#1201,.F.);
#1201 = EDGE_LOOP('',(#1202,#1203,#1212,#1220));
#1202 = ORIENTED_EDGE('',*,*,#1180,.F.);
#1203 = ORIENTED_EDGE('',*,*,#1204,.T.);
#1204 = EDGE_CURVE('',#1181,#1205,#1207,.T.);
#1205 = VERTEX_POINT('',#1206);
#1206 = CARTESIAN_POINT('',(1.58,-1.1,0.120000000745));
#1207 = CIRCLE('',#1208,5.E-02);
#1208 = AXIS2_PLACEMENT_3D('',#1209,#1210,#1211);
#1209 = CARTESIAN_POINT('',(1.58,-1.1,0.170000000745));
#1210 = DIRECTION('',(0.,1.,0.));
#1211 = DIRECTION('',(0.,-0.,1.));
#1212 = ORIENTED_EDGE('',*,*,#1213,.T.);
#1213 = EDGE_CURVE('',#1205,#1214,#1216,.T.);
#1214 = VERTEX_POINT('',#1215);
#1215 = CARTESIAN_POINT('',(1.58,-0.4,0.120000000745));
#1216 = LINE('',#1217,#1218);
#1217 = CARTESIAN_POINT('',(1.58,-1.1,0.120000000745));
#1218 = VECTOR('',#1219,1.);
#1219 = DIRECTION('',(0.,1.,0.));
#1220 = ORIENTED_EDGE('',*,*,#1221,.F.);
#1221 = EDGE_CURVE('',#1173,#1214,#1222,.T.);
#1222 = CIRCLE('',#1223,5.E-02);
#1223 = AXIS2_PLACEMENT_3D('',#1224,#1225,#1226);
#1224 = CARTESIAN_POINT('',(1.58,-0.4,0.170000000745));
#1225 = DIRECTION('',(0.,1.,0.));
#1226 = DIRECTION('',(0.,-0.,1.));
#1227 = CYLINDRICAL_SURFACE('',#1228,5.E-02);
#1228 = AXIS2_PLACEMENT_3D('',#1229,#1230,#1231);
#1229 = CARTESIAN_POINT('',(1.58,-1.1,0.170000000745));
#1230 = DIRECTION('',(0.,1.,0.));
#1231 = DIRECTION('',(0.,-0.,1.));
#1232 = ADVANCED_FACE('',(#1233),#1258,.F.);
#1233 = FACE_BOUND('',#1234,.T.);
#1234 = EDGE_LOOP('',(#1235,#1243,#1251,#1257));
#1235 = ORIENTED_EDGE('',*,*,#1236,.T.);
#1236 = EDGE_CURVE('',#1214,#1237,#1239,.T.);
#1237 = VERTEX_POINT('',#1238);
#1238 = CARTESIAN_POINT('',(1.,-0.4,0.120000000745));
#1239 = LINE('',#1240,#1241);
#1240 = CARTESIAN_POINT('',(1.58,-0.4,0.120000000745));
#1241 = VECTOR('',#1242,1.);
#1242 = DIRECTION('',(-1.,0.,0.));
#1243 = ORIENTED_EDGE('',*,*,#1244,.F.);
#1244 = EDGE_CURVE('',#1245,#1237,#1247,.T.);
#1245 = VERTEX_POINT('',#1246);
#1246 = CARTESIAN_POINT('',(1.,-1.1,0.120000000745));
#1247 = LINE('',#1248,#1249);
#1248 = CARTESIAN_POINT('',(1.,-1.1,0.120000000745));
#1249 = VECTOR('',#1250,1.);
#1250 = DIRECTION('',(0.,1.,0.));
#1251 = ORIENTED_EDGE('',*,*,#1252,.F.);
#1252 = EDGE_CURVE('',#1205,#1245,#1253,.T.);
#1253 = LINE('',#1254,#1255);
#1254 = CARTESIAN_POINT('',(1.58,-1.1,0.120000000745));
#1255 = VECTOR('',#1256,1.);
#1256 = DIRECTION('',(-1.,0.,0.));
#1257 = ORIENTED_EDGE('',*,*,#1213,.T.);
#1258 = PLANE('',#1259);
#1259 = AXIS2_PLACEMENT_3D('',#1260,#1261,#1262);
#1260 = CARTESIAN_POINT('',(1.58,-1.1,0.120000000745));
#1261 = DIRECTION('',(0.,0.,-1.));
#1262 = DIRECTION('',(-1.,0.,0.));
#1263 = ADVANCED_FACE('',(#1264),#1289,.F.);
#1264 = FACE_BOUND('',#1265,.T.);
#1265 = EDGE_LOOP('',(#1266,#1274,#1282,#1288));
#1266 = ORIENTED_EDGE('',*,*,#1267,.T.);
#1267 = EDGE_CURVE('',#1237,#1268,#1270,.T.);
#1268 = VERTEX_POINT('',#1269);
#1269 = CARTESIAN_POINT('',(1.,-0.4,7.450579389556E-10));
#1270 = LINE('',#1271,#1272);
#1271 = CARTESIAN_POINT('',(1.,-0.4,0.120000000745));
#1272 = VECTOR('',#1273,1.);
#1273 = DIRECTION('',(-1.807003620809E-15,0.,-1.));
#1274 = ORIENTED_EDGE('',*,*,#1275,.F.);
#1275 = EDGE_CURVE('',#1276,#1268,#1278,.T.);
#1276 = VERTEX_POINT('',#1277);
#1277 = CARTESIAN_POINT('',(1.,-1.1,7.450579389556E-10));
#1278 = LINE('',#1279,#1280);
#1279 = CARTESIAN_POINT('',(1.,-1.1,7.450579389556E-10));
#1280 = VECTOR('',#1281,1.);
#1281 = DIRECTION('',(0.,1.,0.));
#1282 = ORIENTED_EDGE('',*,*,#1283,.F.);
#1283 = EDGE_CURVE('',#1245,#1276,#1284,.T.);
#1284 = LINE('',#1285,#1286);
#1285 = CARTESIAN_POINT('',(1.,-1.1,0.120000000745));
#1286 = VECTOR('',#1287,1.);
#1287 = DIRECTION('',(-1.807003620809E-15,0.,-1.));
#1288 = ORIENTED_EDGE('',*,*,#1244,.T.);
#1289 = PLANE('',#1290);
#1290 = AXIS2_PLACEMENT_3D('',#1291,#1292,#1293);
#1291 = CARTESIAN_POINT('',(1.,-1.1,0.120000000745));
#1292 = DIRECTION('',(1.,0.,-1.807003620809E-15));
#1293 = DIRECTION('',(-1.807003620809E-15,0.,-1.));
#1294 = ADVANCED_FACE('',(#1295),#1320,.F.);
#1295 = FACE_BOUND('',#1296,.T.);
#1296 = EDGE_LOOP('',(#1297,#1305,#1313,#1319));
#1297 = ORIENTED_EDGE('',*,*,#1298,.T.);
#1298 = EDGE_CURVE('',#1268,#1299,#1301,.T.);
#1299 = VERTEX_POINT('',#1300);
#1300 = CARTESIAN_POINT('',(1.58,-0.4,7.45057980589E-10));
#1301 = LINE('',#1302,#1303);
#1302 = CARTESIAN_POINT('',(1.,-0.4,7.450579389556E-10));
#1303 = VECTOR('',#1304,1.);
#1304 = DIRECTION('',(1.,0.,1.285153437213E-16));
#1305 = ORIENTED_EDGE('',*,*,#1306,.F.);
#1306 = EDGE_CURVE('',#1307,#1299,#1309,.T.);
#1307 = VERTEX_POINT('',#1308);
#1308 = CARTESIAN_POINT('',(1.58,-1.1,7.45057980589E-10));
#1309 = LINE('',#1310,#1311);
#1310 = CARTESIAN_POINT('',(1.58,-1.1,7.45057980589E-10));
#1311 = VECTOR('',#1312,1.);
#1312 = DIRECTION('',(0.,1.,0.));
#1313 = ORIENTED_EDGE('',*,*,#1314,.F.);
#1314 = EDGE_CURVE('',#1276,#1307,#1315,.T.);
#1315 = LINE('',#1316,#1317);
#1316 = CARTESIAN_POINT('',(1.,-1.1,7.450579389556E-10));
#1317 = VECTOR('',#1318,1.);
#1318 = DIRECTION('',(1.,0.,1.285153437213E-16));
#1319 = ORIENTED_EDGE('',*,*,#1275,.T.);
#1320 = PLANE('',#1321);
#1321 = AXIS2_PLACEMENT_3D('',#1322,#1323,#1324);
#1322 = CARTESIAN_POINT('',(1.,-1.1,7.450579389556E-10));
#1323 = DIRECTION('',(-1.285153437213E-16,0.,1.));
#1324 = DIRECTION('',(1.,0.,1.285153437213E-16));
#1325 = ADVANCED_FACE('',(#1326),#1353,.T.);
#1326 = FACE_BOUND('',#1327,.T.);
#1327 = EDGE_LOOP('',(#1328,#1337,#1345,#1352));
#1328 = ORIENTED_EDGE('',*,*,#1329,.T.);
#1329 = EDGE_CURVE('',#1299,#1330,#1332,.T.);
#1330 = VERTEX_POINT('',#1331);
#1331 = CARTESIAN_POINT('',(1.75,-0.4,0.170000000745));
#1332 = CIRCLE('',#1333,0.17);
#1333 = AXIS2_PLACEMENT_3D('',#1334,#1335,#1336);
#1334 = CARTESIAN_POINT('',(1.58,-0.4,0.170000000745));
#1335 = DIRECTION('',(0.,-1.,0.));
#1336 = DIRECTION('',(0.,0.,-1.));
#1337 = ORIENTED_EDGE('',*,*,#1338,.F.);
#1338 = EDGE_CURVE('',#1339,#1330,#1341,.T.);
#1339 = VERTEX_POINT('',#1340);
#1340 = CARTESIAN_POINT('',(1.75,-1.1,0.170000000745));
#1341 = LINE('',#1342,#1343);
#1342 = CARTESIAN_POINT('',(1.75,-1.1,0.170000000745));
#1343 = VECTOR('',#1344,1.);
#1344 = DIRECTION('',(0.,1.,0.));
#1345 = ORIENTED_EDGE('',*,*,#1346,.F.);
#1346 = EDGE_CURVE('',#1307,#1339,#1347,.T.);
#1347 = CIRCLE('',#1348,0.17);
#1348 = AXIS2_PLACEMENT_3D('',#1349,#1350,#1351);
#1349 = CARTESIAN_POINT('',(1.58,-1.1,0.170000000745));
#1350 = DIRECTION('',(0.,-1.,0.));
#1351 = DIRECTION('',(0.,0.,-1.));
#1352 = ORIENTED_EDGE('',*,*,#1306,.T.);
#1353 = CYLINDRICAL_SURFACE('',#1354,0.17);
#1354 = AXIS2_PLACEMENT_3D('',#1355,#1356,#1357);
#1355 = CARTESIAN_POINT('',(1.58,-1.1,0.170000000745));
#1356 = DIRECTION('',(0.,1.,0.));
#1357 = DIRECTION('',(0.,-0.,1.));
#1358 = ADVANCED_FACE('',(#1359),#1384,.F.);
#1359 = FACE_BOUND('',#1360,.T.);
#1360 = EDGE_LOOP('',(#1361,#1369,#1377,#1383));
#1361 = ORIENTED_EDGE('',*,*,#1362,.T.);
#1362 = EDGE_CURVE('',#1330,#1363,#1365,.T.);
#1363 = VERTEX_POINT('',#1364);
#1364 = CARTESIAN_POINT('',(1.75,-0.4,0.830000000745));
#1365 = LINE('',#1366,#1367);
#1366 = CARTESIAN_POINT('',(1.75,-0.4,0.170000000745));
#1367 = VECTOR('',#1368,1.);
#1368 = DIRECTION('',(-3.285461128744E-16,0.,1.));
#1369 = ORIENTED_EDGE('',*,*,#1370,.F.);
#1370 = EDGE_CURVE('',#1371,#1363,#1373,.T.);
#1371 = VERTEX_POINT('',#1372);
#1372 = CARTESIAN_POINT('',(1.75,-1.1,0.830000000745));
#1373 = LINE('',#1374,#1375);
#1374 = CARTESIAN_POINT('',(1.75,-1.1,0.830000000745));
#1375 = VECTOR('',#1376,1.);
#1376 = DIRECTION('',(0.,1.,0.));
#1377 = ORIENTED_EDGE('',*,*,#1378,.F.);
#1378 = EDGE_CURVE('',#1339,#1371,#1379,.T.);
#1379 = LINE('',#1380,#1381);
#1380 = CARTESIAN_POINT('',(1.75,-1.1,0.170000000745));
#1381 = VECTOR('',#1382,1.);
#1382 = DIRECTION('',(-3.285461128744E-16,0.,1.));
#1383 = ORIENTED_EDGE('',*,*,#1338,.T.);
#1384 = PLANE('',#1385);
#1385 = AXIS2_PLACEMENT_3D('',#1386,#1387,#1388);
#1386 = CARTESIAN_POINT('',(1.75,-1.1,0.170000000745));
#1387 = DIRECTION('',(-1.,0.,-3.285461128744E-16));
#1388 = DIRECTION('',(-3.285461128744E-16,0.,1.));
#1389 = ADVANCED_FACE('',(#1390),#1417,.T.);
#1390 = FACE_BOUND('',#1391,.T.);
#1391 = EDGE_LOOP('',(#1392,#1401,#1409,#1416));
#1392 = ORIENTED_EDGE('',*,*,#1393,.T.);
#1393 = EDGE_CURVE('',#1363,#1394,#1396,.T.);
#1394 = VERTEX_POINT('',#1395);
#1395 = CARTESIAN_POINT('',(1.58,-0.4,1.000000000745));
#1396 = CIRCLE('',#1397,0.17);
#1397 = AXIS2_PLACEMENT_3D('',#1398,#1399,#1400);
#1398 = CARTESIAN_POINT('',(1.58,-0.4,0.830000000745));
#1399 = DIRECTION('',(0.,-1.,0.));
#1400 = DIRECTION('',(0.,0.,-1.));
#1401 = ORIENTED_EDGE('',*,*,#1402,.F.);
#1402 = EDGE_CURVE('',#1403,#1394,#1405,.T.);
#1403 = VERTEX_POINT('',#1404);
#1404 = CARTESIAN_POINT('',(1.58,-1.1,1.000000000745));
#1405 = LINE('',#1406,#1407);
#1406 = CARTESIAN_POINT('',(1.58,-1.1,1.000000000745));
#1407 = VECTOR('',#1408,1.);
#1408 = DIRECTION('',(0.,1.,0.));
#1409 = ORIENTED_EDGE('',*,*,#1410,.F.);
#1410 = EDGE_CURVE('',#1371,#1403,#1411,.T.);
#1411 = CIRCLE('',#1412,0.17);
#1412 = AXIS2_PLACEMENT_3D('',#1413,#1414,#1415);
#1413 = CARTESIAN_POINT('',(1.58,-1.1,0.830000000745));
#1414 = DIRECTION('',(0.,-1.,0.));
#1415 = DIRECTION('',(0.,0.,-1.));
#1416 = ORIENTED_EDGE('',*,*,#1370,.T.);
#1417 = CYLINDRICAL_SURFACE('',#1418,0.17);
#1418 = AXIS2_PLACEMENT_3D('',#1419,#1420,#1421);
#1419 = CARTESIAN_POINT('',(1.58,-1.1,0.830000000745));
#1420 = DIRECTION('',(0.,1.,0.));
#1421 = DIRECTION('',(0.,-0.,1.));
#1422 = ADVANCED_FACE('',(#1423),#1444,.F.);
#1423 = FACE_BOUND('',#1424,.T.);
#1424 = EDGE_LOOP('',(#1425,#1431,#1437,#1443));
#1425 = ORIENTED_EDGE('',*,*,#1426,.T.);
#1426 = EDGE_CURVE('',#1394,#678,#1427,.T.);
#1427 = LINE('',#1428,#1429);
#1428 = CARTESIAN_POINT('',(1.58,-0.4,1.000000000745));
#1429 = VECTOR('',#1430,1.);
#1430 = DIRECTION('',(-1.,0.,0.));
#1431 = ORIENTED_EDGE('',*,*,#1432,.F.);
#1432 = EDGE_CURVE('',#656,#678,#1433,.T.);
#1433 = LINE('',#1434,#1435);
#1434 = CARTESIAN_POINT('',(1.55,-1.1,1.000000000745));
#1435 = VECTOR('',#1436,1.);
#1436 = DIRECTION('',(0.,1.,0.));
#1437 = ORIENTED_EDGE('',*,*,#1438,.F.);
#1438 = EDGE_CURVE('',#1403,#656,#1439,.T.);
#1439 = LINE('',#1440,#1441);
#1440 = CARTESIAN_POINT('',(1.58,-1.1,1.000000000745));
#1441 = VECTOR('',#1442,1.);
#1442 = DIRECTION('',(-1.,0.,0.));
#1443 = ORIENTED_EDGE('',*,*,#1402,.T.);
#1444 = PLANE('',#1445);
#1445 = AXIS2_PLACEMENT_3D('',#1446,#1447,#1448);
#1446 = CARTESIAN_POINT('',(1.58,-1.1,1.000000000745));
#1447 = DIRECTION('',(0.,0.,-1.));
#1448 = DIRECTION('',(-1.,0.,0.));
#1449 = ADVANCED_FACE('',(#1450),#1464,.T.);
#1450 = FACE_BOUND('',#1451,.T.);
#1451 = EDGE_LOOP('',(#1452,#1453,#1454,#1455,#1456,#1457,#1458,#1459,
    #1460,#1461,#1462,#1463));
#1452 = ORIENTED_EDGE('',*,*,#1119,.T.);
#1453 = ORIENTED_EDGE('',*,*,#1140,.T.);
#1454 = ORIENTED_EDGE('',*,*,#1188,.T.);
#1455 = ORIENTED_EDGE('',*,*,#1204,.T.);
#1456 = ORIENTED_EDGE('',*,*,#1252,.T.);
#1457 = ORIENTED_EDGE('',*,*,#1283,.T.);
#1458 = ORIENTED_EDGE('',*,*,#1314,.T.);
#1459 = ORIENTED_EDGE('',*,*,#1346,.T.);
#1460 = ORIENTED_EDGE('',*,*,#1378,.T.);
#1461 = ORIENTED_EDGE('',*,*,#1410,.T.);
#1462 = ORIENTED_EDGE('',*,*,#1438,.T.);
#1463 = ORIENTED_EDGE('',*,*,#655,.T.);
#1464 = PLANE('',#1465);
#1465 = AXIS2_PLACEMENT_3D('',#1466,#1467,#1468);
#1466 = CARTESIAN_POINT('',(1.58,-1.1,0.830000000745));
#1467 = DIRECTION('',(0.,-1.,0.));
#1468 = DIRECTION('',(0.,0.,-1.));
#1469 = ADVANCED_FACE('',(#1470),#1484,.F.);
#1470 = FACE_BOUND('',#1471,.T.);
#1471 = EDGE_LOOP('',(#1472,#1473,#1474,#1475,#1476,#1477,#1478,#1479,
    #1480,#1481,#1482,#1483));
#1472 = ORIENTED_EDGE('',*,*,#1103,.F.);
#1473 = ORIENTED_EDGE('',*,*,#677,.F.);
#1474 = ORIENTED_EDGE('',*,*,#1426,.F.);
#1475 = ORIENTED_EDGE('',*,*,#1393,.F.);
#1476 = ORIENTED_EDGE('',*,*,#1362,.F.);
#1477 = ORIENTED_EDGE('',*,*,#1329,.F.);
#1478 = ORIENTED_EDGE('',*,*,#1298,.F.);
#1479 = ORIENTED_EDGE('',*,*,#1267,.F.);
#1480 = ORIENTED_EDGE('',*,*,#1236,.F.);
#1481 = ORIENTED_EDGE('',*,*,#1221,.F.);
#1482 = ORIENTED_EDGE('',*,*,#1172,.F.);
#1483 = ORIENTED_EDGE('',*,*,#1157,.F.);
#1484 = PLANE('',#1485);
#1485 = AXIS2_PLACEMENT_3D('',#1486,#1487,#1488);
#1486 = CARTESIAN_POINT('',(1.58,-0.4,0.830000000745));
#1487 = DIRECTION('',(0.,-1.,0.));
#1488 = DIRECTION('',(0.,0.,-1.));
#1489 = ADVANCED_FACE('',(#1490),#1526,.F.);
#1490 = FACE_BOUND('',#1491,.F.);
#1491 = EDGE_LOOP('',(#1492,#1502,#1511,#1519));
#1492 = ORIENTED_EDGE('',*,*,#1493,.F.);
#1493 = EDGE_CURVE('',#1494,#1496,#1498,.T.);
#1494 = VERTEX_POINT('',#1495);
#1495 = CARTESIAN_POINT('',(-1.63,-1.1,0.830000000745));
#1496 = VERTEX_POINT('',#1497);
#1497 = CARTESIAN_POINT('',(-1.63,-0.4,0.830000000745));
#1498 = LINE('',#1499,#1500);
#1499 = CARTESIAN_POINT('',(-1.63,-1.1,0.830000000745));
#1500 = VECTOR('',#1501,1.);
#1501 = DIRECTION('',(0.,1.,0.));
#1502 = ORIENTED_EDGE('',*,*,#1503,.T.);
#1503 = EDGE_CURVE('',#1494,#1504,#1506,.T.);
#1504 = VERTEX_POINT('',#1505);
#1505 = CARTESIAN_POINT('',(-1.58,-1.1,0.880000000745));
#1506 = CIRCLE('',#1507,5.E-02);
#1507 = AXIS2_PLACEMENT_3D('',#1508,#1509,#1510);
#1508 = CARTESIAN_POINT('',(-1.58,-1.1,0.830000000745));
#1509 = DIRECTION('',(0.,1.,0.));
#1510 = DIRECTION('',(0.,0.,-1.));
#1511 = ORIENTED_EDGE('',*,*,#1512,.T.);
#1512 = EDGE_CURVE('',#1504,#1513,#1515,.T.);
#1513 = VERTEX_POINT('',#1514);
#1514 = CARTESIAN_POINT('',(-1.58,-0.4,0.880000000745));
#1515 = LINE('',#1516,#1517);
#1516 = CARTESIAN_POINT('',(-1.58,-1.1,0.880000000745));
#1517 = VECTOR('',#1518,1.);
#1518 = DIRECTION('',(0.,1.,0.));
#1519 = ORIENTED_EDGE('',*,*,#1520,.F.);
#1520 = EDGE_CURVE('',#1496,#1513,#1521,.T.);
#1521 = CIRCLE('',#1522,5.E-02);
#1522 = AXIS2_PLACEMENT_3D('',#1523,#1524,#1525);
#1523 = CARTESIAN_POINT('',(-1.58,-0.4,0.830000000745));
#1524 = DIRECTION('',(0.,1.,0.));
#1525 = DIRECTION('',(0.,0.,-1.));
#1526 = CYLINDRICAL_SURFACE('',#1527,5.E-02);
#1527 = AXIS2_PLACEMENT_3D('',#1528,#1529,#1530);
#1528 = CARTESIAN_POINT('',(-1.58,-1.1,0.830000000745));
#1529 = DIRECTION('',(0.,1.,0.));
#1530 = DIRECTION('',(0.,-0.,1.));
#1531 = ADVANCED_FACE('',(#1532),#1553,.F.);
#1532 = FACE_BOUND('',#1533,.T.);
#1533 = EDGE_LOOP('',(#1534,#1540,#1546,#1552));
#1534 = ORIENTED_EDGE('',*,*,#1535,.T.);
#1535 = EDGE_CURVE('',#1513,#758,#1536,.T.);
#1536 = LINE('',#1537,#1538);
#1537 = CARTESIAN_POINT('',(-1.58,-0.4,0.880000000745));
#1538 = VECTOR('',#1539,1.);
#1539 = DIRECTION('',(1.,0.,0.));
#1540 = ORIENTED_EDGE('',*,*,#1541,.F.);
#1541 = EDGE_CURVE('',#736,#758,#1542,.T.);
#1542 = LINE('',#1543,#1544);
#1543 = CARTESIAN_POINT('',(-1.55,-1.1,0.880000000745));
#1544 = VECTOR('',#1545,1.);
#1545 = DIRECTION('',(0.,1.,0.));
#1546 = ORIENTED_EDGE('',*,*,#1547,.F.);
#1547 = EDGE_CURVE('',#1504,#736,#1548,.T.);
#1548 = LINE('',#1549,#1550);
#1549 = CARTESIAN_POINT('',(-1.58,-1.1,0.880000000745));
#1550 = VECTOR('',#1551,1.);
#1551 = DIRECTION('',(1.,0.,0.));
#1552 = ORIENTED_EDGE('',*,*,#1512,.T.);
#1553 = PLANE('',#1554);
#1554 = AXIS2_PLACEMENT_3D('',#1555,#1556,#1557);
#1555 = CARTESIAN_POINT('',(-1.58,-1.1,0.880000000745));
#1556 = DIRECTION('',(0.,0.,1.));
#1557 = DIRECTION('',(1.,0.,-0.));
#1558 = ADVANCED_FACE('',(#1559),#1589,.F.);
#1559 = FACE_BOUND('',#1560,.T.);
#1560 = EDGE_LOOP('',(#1561,#1569,#1577,#1583));
#1561 = ORIENTED_EDGE('',*,*,#1562,.T.);
#1562 = EDGE_CURVE('',#760,#1563,#1565,.T.);
#1563 = VERTEX_POINT('',#1564);
#1564 = CARTESIAN_POINT('',(-1.58,-0.4,1.000000000745));
#1565 = LINE('',#1566,#1567);
#1566 = CARTESIAN_POINT('',(-1.58,-0.4,1.000000000745));
#1567 = VECTOR('',#1568,1.);
#1568 = DIRECTION('',(-1.,-0.,-0.));
#1569 = ORIENTED_EDGE('',*,*,#1570,.F.);
#1570 = EDGE_CURVE('',#1571,#1563,#1573,.T.);
#1571 = VERTEX_POINT('',#1572);
#1572 = CARTESIAN_POINT('',(-1.58,-1.1,1.000000000745));
#1573 = LINE('',#1574,#1575);
#1574 = CARTESIAN_POINT('',(-1.58,-1.1,1.000000000745));
#1575 = VECTOR('',#1576,1.);
#1576 = DIRECTION('',(0.,1.,0.));
#1577 = ORIENTED_EDGE('',*,*,#1578,.F.);
#1578 = EDGE_CURVE('',#728,#1571,#1579,.T.);
#1579 = LINE('',#1580,#1581);
#1580 = CARTESIAN_POINT('',(-1.58,-1.1,1.000000000745));
#1581 = VECTOR('',#1582,1.);
#1582 = DIRECTION('',(-1.,-0.,-0.));
#1583 = ORIENTED_EDGE('',*,*,#1584,.T.);
#1584 = EDGE_CURVE('',#728,#760,#1585,.T.);
#1585 = LINE('',#1586,#1587);
#1586 = CARTESIAN_POINT('',(-1.55,-1.1,1.000000000745));
#1587 = VECTOR('',#1588,1.);
#1588 = DIRECTION('',(0.,1.,0.));
#1589 = PLANE('',#1590);
#1590 = AXIS2_PLACEMENT_3D('',#1591,#1592,#1593);
#1591 = CARTESIAN_POINT('',(-1.58,-1.1,1.000000000745));
#1592 = DIRECTION('',(0.,0.,-1.));
#1593 = DIRECTION('',(-1.,0.,0.));
#1594 = ADVANCED_FACE('',(#1595),#1622,.T.);
#1595 = FACE_BOUND('',#1596,.T.);
#1596 = EDGE_LOOP('',(#1597,#1606,#1614,#1621));
#1597 = ORIENTED_EDGE('',*,*,#1598,.T.);
#1598 = EDGE_CURVE('',#1563,#1599,#1601,.T.);
#1599 = VERTEX_POINT('',#1600);
#1600 = CARTESIAN_POINT('',(-1.75,-0.4,0.830000000745));
#1601 = CIRCLE('',#1602,0.17);
#1602 = AXIS2_PLACEMENT_3D('',#1603,#1604,#1605);
#1603 = CARTESIAN_POINT('',(-1.58,-0.4,0.830000000745));
#1604 = DIRECTION('',(0.,-1.,0.));
#1605 = DIRECTION('',(0.,0.,1.));
#1606 = ORIENTED_EDGE('',*,*,#1607,.F.);
#1607 = EDGE_CURVE('',#1608,#1599,#1610,.T.);
#1608 = VERTEX_POINT('',#1609);
#1609 = CARTESIAN_POINT('',(-1.75,-1.1,0.830000000745));
#1610 = LINE('',#1611,#1612);
#1611 = CARTESIAN_POINT('',(-1.75,-1.1,0.830000000745));
#1612 = VECTOR('',#1613,1.);
#1613 = DIRECTION('',(0.,1.,0.));
#1614 = ORIENTED_EDGE('',*,*,#1615,.F.);
#1615 = EDGE_CURVE('',#1571,#1608,#1616,.T.);
#1616 = CIRCLE('',#1617,0.17);
#1617 = AXIS2_PLACEMENT_3D('',#1618,#1619,#1620);
#1618 = CARTESIAN_POINT('',(-1.58,-1.1,0.830000000745));
#1619 = DIRECTION('',(0.,-1.,0.));
#1620 = DIRECTION('',(0.,0.,1.));
#1621 = ORIENTED_EDGE('',*,*,#1570,.T.);
#1622 = CYLINDRICAL_SURFACE('',#1623,0.17);
#1623 = AXIS2_PLACEMENT_3D('',#1624,#1625,#1626);
#1624 = CARTESIAN_POINT('',(-1.58,-1.1,0.830000000745));
#1625 = DIRECTION('',(0.,1.,0.));
#1626 = DIRECTION('',(0.,-0.,1.));
#1627 = ADVANCED_FACE('',(#1628),#1653,.F.);
#1628 = FACE_BOUND('',#1629,.T.);
#1629 = EDGE_LOOP('',(#1630,#1638,#1646,#1652));
#1630 = ORIENTED_EDGE('',*,*,#1631,.T.);
#1631 = EDGE_CURVE('',#1599,#1632,#1634,.T.);
#1632 = VERTEX_POINT('',#1633);
#1633 = CARTESIAN_POINT('',(-1.75,-0.4,0.170000000745));
#1634 = LINE('',#1635,#1636);
#1635 = CARTESIAN_POINT('',(-1.75,-0.4,0.170000000745));
#1636 = VECTOR('',#1637,1.);
#1637 = DIRECTION('',(-3.285461128744E-16,-0.,-1.));
#1638 = ORIENTED_EDGE('',*,*,#1639,.F.);
#1639 = EDGE_CURVE('',#1640,#1632,#1642,.T.);
#1640 = VERTEX_POINT('',#1641);
#1641 = CARTESIAN_POINT('',(-1.75,-1.1,0.170000000745));
#1642 = LINE('',#1643,#1644);
#1643 = CARTESIAN_POINT('',(-1.75,-1.1,0.170000000745));
#1644 = VECTOR('',#1645,1.);
#1645 = DIRECTION('',(0.,1.,0.));
#1646 = ORIENTED_EDGE('',*,*,#1647,.F.);
#1647 = EDGE_CURVE('',#1608,#1640,#1648,.T.);
#1648 = LINE('',#1649,#1650);
#1649 = CARTESIAN_POINT('',(-1.75,-1.1,0.170000000745));
#1650 = VECTOR('',#1651,1.);
#1651 = DIRECTION('',(-3.285461128744E-16,-0.,-1.));
#1652 = ORIENTED_EDGE('',*,*,#1607,.T.);
#1653 = PLANE('',#1654);
#1654 = AXIS2_PLACEMENT_3D('',#1655,#1656,#1657);
#1655 = CARTESIAN_POINT('',(-1.75,-1.1,0.170000000745));
#1656 = DIRECTION('',(1.,0.,-3.285461128744E-16));
#1657 = DIRECTION('',(-3.285461128744E-16,0.,-1.));
#1658 = ADVANCED_FACE('',(#1659),#1686,.T.);
#1659 = FACE_BOUND('',#1660,.T.);
#1660 = EDGE_LOOP('',(#1661,#1670,#1678,#1685));
#1661 = ORIENTED_EDGE('',*,*,#1662,.T.);
#1662 = EDGE_CURVE('',#1632,#1663,#1665,.T.);
#1663 = VERTEX_POINT('',#1664);
#1664 = CARTESIAN_POINT('',(-1.58,-0.4,7.450580152835E-10));
#1665 = CIRCLE('',#1666,0.17);
#1666 = AXIS2_PLACEMENT_3D('',#1667,#1668,#1669);
#1667 = CARTESIAN_POINT('',(-1.58,-0.4,0.170000000745));
#1668 = DIRECTION('',(0.,-1.,0.));
#1669 = DIRECTION('',(0.,0.,1.));
#1670 = ORIENTED_EDGE('',*,*,#1671,.F.);
#1671 = EDGE_CURVE('',#1672,#1663,#1674,.T.);
#1672 = VERTEX_POINT('',#1673);
#1673 = CARTESIAN_POINT('',(-1.58,-1.1,7.450580152835E-10));
#1674 = LINE('',#1675,#1676);
#1675 = CARTESIAN_POINT('',(-1.58,-1.1,7.450580152835E-10));
#1676 = VECTOR('',#1677,1.);
#1677 = DIRECTION('',(0.,1.,0.));
#1678 = ORIENTED_EDGE('',*,*,#1679,.F.);
#1679 = EDGE_CURVE('',#1640,#1672,#1680,.T.);
#1680 = CIRCLE('',#1681,0.17);
#1681 = AXIS2_PLACEMENT_3D('',#1682,#1683,#1684);
#1682 = CARTESIAN_POINT('',(-1.58,-1.1,0.170000000745));
#1683 = DIRECTION('',(0.,-1.,0.));
#1684 = DIRECTION('',(0.,0.,1.));
#1685 = ORIENTED_EDGE('',*,*,#1639,.T.);
#1686 = CYLINDRICAL_SURFACE('',#1687,0.17);
#1687 = AXIS2_PLACEMENT_3D('',#1688,#1689,#1690);
#1688 = CARTESIAN_POINT('',(-1.58,-1.1,0.170000000745));
#1689 = DIRECTION('',(0.,1.,0.));
#1690 = DIRECTION('',(0.,-0.,1.));
#1691 = ADVANCED_FACE('',(#1692),#1717,.F.);
#1692 = FACE_BOUND('',#1693,.T.);
#1693 = EDGE_LOOP('',(#1694,#1702,#1710,#1716));
#1694 = ORIENTED_EDGE('',*,*,#1695,.T.);
#1695 = EDGE_CURVE('',#1663,#1696,#1698,.T.);
#1696 = VERTEX_POINT('',#1697);
#1697 = CARTESIAN_POINT('',(-1.,-0.4,7.450579389556E-10));
#1698 = LINE('',#1699,#1700);
#1699 = CARTESIAN_POINT('',(-1.,-0.4,7.450579389556E-10));
#1700 = VECTOR('',#1701,1.);
#1701 = DIRECTION('',(1.,0.,-1.285153437213E-16));
#1702 = ORIENTED_EDGE('',*,*,#1703,.F.);
#1703 = EDGE_CURVE('',#1704,#1696,#1706,.T.);
#1704 = VERTEX_POINT('',#1705);
#1705 = CARTESIAN_POINT('',(-1.,-1.1,7.450579389556E-10));
#1706 = LINE('',#1707,#1708);
#1707 = CARTESIAN_POINT('',(-1.,-1.1,7.450579389556E-10));
#1708 = VECTOR('',#1709,1.);
#1709 = DIRECTION('',(0.,1.,0.));
#1710 = ORIENTED_EDGE('',*,*,#1711,.F.);
#1711 = EDGE_CURVE('',#1672,#1704,#1712,.T.);
#1712 = LINE('',#1713,#1714);
#1713 = CARTESIAN_POINT('',(-1.,-1.1,7.450579389556E-10));
#1714 = VECTOR('',#1715,1.);
#1715 = DIRECTION('',(1.,0.,-1.285153437213E-16));
#1716 = ORIENTED_EDGE('',*,*,#1671,.T.);
#1717 = PLANE('',#1718);
#1718 = AXIS2_PLACEMENT_3D('',#1719,#1720,#1721);
#1719 = CARTESIAN_POINT('',(-1.,-1.1,7.450579389556E-10));
#1720 = DIRECTION('',(1.285153437213E-16,0.,1.));
#1721 = DIRECTION('',(1.,0.,-1.285153437213E-16));
#1722 = ADVANCED_FACE('',(#1723),#1748,.F.);
#1723 = FACE_BOUND('',#1724,.T.);
#1724 = EDGE_LOOP('',(#1725,#1733,#1741,#1747));
#1725 = ORIENTED_EDGE('',*,*,#1726,.T.);
#1726 = EDGE_CURVE('',#1696,#1727,#1729,.T.);
#1727 = VERTEX_POINT('',#1728);
#1728 = CARTESIAN_POINT('',(-1.,-0.4,0.120000000745));
#1729 = LINE('',#1730,#1731);
#1730 = CARTESIAN_POINT('',(-1.,-0.4,0.120000000745));
#1731 = VECTOR('',#1732,1.);
#1732 = DIRECTION('',(-1.807003620809E-15,0.,1.));
#1733 = ORIENTED_EDGE('',*,*,#1734,.F.);
#1734 = EDGE_CURVE('',#1735,#1727,#1737,.T.);
#1735 = VERTEX_POINT('',#1736);
#1736 = CARTESIAN_POINT('',(-1.,-1.1,0.120000000745));
#1737 = LINE('',#1738,#1739);
#1738 = CARTESIAN_POINT('',(-1.,-1.1,0.120000000745));
#1739 = VECTOR('',#1740,1.);
#1740 = DIRECTION('',(0.,1.,0.));
#1741 = ORIENTED_EDGE('',*,*,#1742,.F.);
#1742 = EDGE_CURVE('',#1704,#1735,#1743,.T.);
#1743 = LINE('',#1744,#1745);
#1744 = CARTESIAN_POINT('',(-1.,-1.1,0.120000000745));
#1745 = VECTOR('',#1746,1.);
#1746 = DIRECTION('',(-1.807003620809E-15,0.,1.));
#1747 = ORIENTED_EDGE('',*,*,#1703,.T.);
#1748 = PLANE('',#1749);
#1749 = AXIS2_PLACEMENT_3D('',#1750,#1751,#1752);
#1750 = CARTESIAN_POINT('',(-1.,-1.1,0.120000000745));
#1751 = DIRECTION('',(-1.,0.,-1.807003620809E-15));
#1752 = DIRECTION('',(-1.807003620809E-15,0.,1.));
#1753 = ADVANCED_FACE('',(#1754),#1779,.F.);
#1754 = FACE_BOUND('',#1755,.T.);
#1755 = EDGE_LOOP('',(#1756,#1764,#1772,#1778));
#1756 = ORIENTED_EDGE('',*,*,#1757,.T.);
#1757 = EDGE_CURVE('',#1727,#1758,#1760,.T.);
#1758 = VERTEX_POINT('',#1759);
#1759 = CARTESIAN_POINT('',(-1.58,-0.4,0.120000000745));
#1760 = LINE('',#1761,#1762);
#1761 = CARTESIAN_POINT('',(-1.58,-0.4,0.120000000745));
#1762 = VECTOR('',#1763,1.);
#1763 = DIRECTION('',(-1.,-0.,-0.));
#1764 = ORIENTED_EDGE('',*,*,#1765,.F.);
#1765 = EDGE_CURVE('',#1766,#1758,#1768,.T.);
#1766 = VERTEX_POINT('',#1767);
#1767 = CARTESIAN_POINT('',(-1.58,-1.1,0.120000000745));
#1768 = LINE('',#1769,#1770);
#1769 = CARTESIAN_POINT('',(-1.58,-1.1,0.120000000745));
#1770 = VECTOR('',#1771,1.);
#1771 = DIRECTION('',(0.,1.,0.));
#1772 = ORIENTED_EDGE('',*,*,#1773,.F.);
#1773 = EDGE_CURVE('',#1735,#1766,#1774,.T.);
#1774 = LINE('',#1775,#1776);
#1775 = CARTESIAN_POINT('',(-1.58,-1.1,0.120000000745));
#1776 = VECTOR('',#1777,1.);
#1777 = DIRECTION('',(-1.,-0.,-0.));
#1778 = ORIENTED_EDGE('',*,*,#1734,.T.);
#1779 = PLANE('',#1780);
#1780 = AXIS2_PLACEMENT_3D('',#1781,#1782,#1783);
#1781 = CARTESIAN_POINT('',(-1.58,-1.1,0.120000000745));
#1782 = DIRECTION('',(0.,0.,-1.));
#1783 = DIRECTION('',(-1.,0.,0.));
#1784 = ADVANCED_FACE('',(#1785),#1812,.F.);
#1785 = FACE_BOUND('',#1786,.F.);
#1786 = EDGE_LOOP('',(#1787,#1788,#1797,#1805));
#1787 = ORIENTED_EDGE('',*,*,#1765,.F.);
#1788 = ORIENTED_EDGE('',*,*,#1789,.T.);
#1789 = EDGE_CURVE('',#1766,#1790,#1792,.T.);
#1790 = VERTEX_POINT('',#1791);
#1791 = CARTESIAN_POINT('',(-1.63,-1.1,0.170000000745));
#1792 = CIRCLE('',#1793,5.E-02);
#1793 = AXIS2_PLACEMENT_3D('',#1794,#1795,#1796);
#1794 = CARTESIAN_POINT('',(-1.58,-1.1,0.170000000745));
#1795 = DIRECTION('',(0.,1.,0.));
#1796 = DIRECTION('',(0.,0.,-1.));
#1797 = ORIENTED_EDGE('',*,*,#1798,.T.);
#1798 = EDGE_CURVE('',#1790,#1799,#1801,.T.);
#1799 = VERTEX_POINT('',#1800);
#1800 = CARTESIAN_POINT('',(-1.63,-0.4,0.170000000745));
#1801 = LINE('',#1802,#1803);
#1802 = CARTESIAN_POINT('',(-1.63,-1.1,0.170000000745));
#1803 = VECTOR('',#1804,1.);
#1804 = DIRECTION('',(0.,1.,0.));
#1805 = ORIENTED_EDGE('',*,*,#1806,.F.);
#1806 = EDGE_CURVE('',#1758,#1799,#1807,.T.);
#1807 = CIRCLE('',#1808,5.E-02);
#1808 = AXIS2_PLACEMENT_3D('',#1809,#1810,#1811);
#1809 = CARTESIAN_POINT('',(-1.58,-0.4,0.170000000745));
#1810 = DIRECTION('',(0.,1.,0.));
#1811 = DIRECTION('',(0.,0.,-1.));
#1812 = CYLINDRICAL_SURFACE('',#1813,5.E-02);
#1813 = AXIS2_PLACEMENT_3D('',#1814,#1815,#1816);
#1814 = CARTESIAN_POINT('',(-1.58,-1.1,0.170000000745));
#1815 = DIRECTION('',(0.,1.,0.));
#1816 = DIRECTION('',(0.,-0.,1.));
#1817 = ADVANCED_FACE('',(#1818),#1834,.F.);
#1818 = FACE_BOUND('',#1819,.T.);
#1819 = EDGE_LOOP('',(#1820,#1826,#1827,#1833));
#1820 = ORIENTED_EDGE('',*,*,#1821,.T.);
#1821 = EDGE_CURVE('',#1799,#1496,#1822,.T.);
#1822 = LINE('',#1823,#1824);
#1823 = CARTESIAN_POINT('',(-1.63,-0.4,0.830000000745));
#1824 = VECTOR('',#1825,1.);
#1825 = DIRECTION('',(0.,0.,1.));
#1826 = ORIENTED_EDGE('',*,*,#1493,.F.);
#1827 = ORIENTED_EDGE('',*,*,#1828,.F.);
#1828 = EDGE_CURVE('',#1790,#1494,#1829,.T.);
#1829 = LINE('',#1830,#1831);
#1830 = CARTESIAN_POINT('',(-1.63,-1.1,0.830000000745));
#1831 = VECTOR('',#1832,1.);
#1832 = DIRECTION('',(0.,0.,1.));
#1833 = ORIENTED_EDGE('',*,*,#1798,.T.);
#1834 = PLANE('',#1835);
#1835 = AXIS2_PLACEMENT_3D('',#1836,#1837,#1838);
#1836 = CARTESIAN_POINT('',(-1.63,-1.1,0.830000000745));
#1837 = DIRECTION('',(-1.,0.,0.));
#1838 = DIRECTION('',(0.,0.,1.));
#1839 = ADVANCED_FACE('',(#1840),#1854,.T.);
#1840 = FACE_BOUND('',#1841,.T.);
#1841 = EDGE_LOOP('',(#1842,#1843,#1844,#1845,#1846,#1847,#1848,#1849,
    #1850,#1851,#1852,#1853));
#1842 = ORIENTED_EDGE('',*,*,#1503,.T.);
#1843 = ORIENTED_EDGE('',*,*,#1547,.T.);
#1844 = ORIENTED_EDGE('',*,*,#735,.T.);
#1845 = ORIENTED_EDGE('',*,*,#1578,.T.);
#1846 = ORIENTED_EDGE('',*,*,#1615,.T.);
#1847 = ORIENTED_EDGE('',*,*,#1647,.T.);
#1848 = ORIENTED_EDGE('',*,*,#1679,.T.);
#1849 = ORIENTED_EDGE('',*,*,#1711,.T.);
#1850 = ORIENTED_EDGE('',*,*,#1742,.T.);
#1851 = ORIENTED_EDGE('',*,*,#1773,.T.);
#1852 = ORIENTED_EDGE('',*,*,#1789,.T.);
#1853 = ORIENTED_EDGE('',*,*,#1828,.T.);
#1854 = PLANE('',#1855);
#1855 = AXIS2_PLACEMENT_3D('',#1856,#1857,#1858);
#1856 = CARTESIAN_POINT('',(-1.58,-1.1,0.830000000745));
#1857 = DIRECTION('',(0.,-1.,0.));
#1858 = DIRECTION('',(0.,0.,-1.));
#1859 = ADVANCED_FACE('',(#1860),#1874,.F.);
#1860 = FACE_BOUND('',#1861,.T.);
#1861 = EDGE_LOOP('',(#1862,#1863,#1864,#1865,#1866,#1867,#1868,#1869,
    #1870,#1871,#1872,#1873));
#1862 = ORIENTED_EDGE('',*,*,#1520,.F.);
#1863 = ORIENTED_EDGE('',*,*,#1821,.F.);
#1864 = ORIENTED_EDGE('',*,*,#1806,.F.);
#1865 = ORIENTED_EDGE('',*,*,#1757,.F.);
#1866 = ORIENTED_EDGE('',*,*,#1726,.F.);
#1867 = ORIENTED_EDGE('',*,*,#1695,.F.);
#1868 = ORIENTED_EDGE('',*,*,#1662,.F.);
#1869 = ORIENTED_EDGE('',*,*,#1631,.F.);
#1870 = ORIENTED_EDGE('',*,*,#1598,.F.);
#1871 = ORIENTED_EDGE('',*,*,#1562,.F.);
#1872 = ORIENTED_EDGE('',*,*,#757,.F.);
#1873 = ORIENTED_EDGE('',*,*,#1535,.F.);
#1874 = PLANE('',#1875);
#1875 = AXIS2_PLACEMENT_3D('',#1876,#1877,#1878);
#1876 = CARTESIAN_POINT('',(-1.58,-0.4,0.830000000745));
#1877 = DIRECTION('',(0.,-1.,0.));
#1878 = DIRECTION('',(0.,0.,-1.));
#1879 = ADVANCED_FACE('',(#1880),#1910,.F.);
#1880 = FACE_BOUND('',#1881,.T.);
#1881 = EDGE_LOOP('',(#1882,#1890,#1898,#1904));
#1882 = ORIENTED_EDGE('',*,*,#1883,.T.);
#1883 = EDGE_CURVE('',#800,#1884,#1886,.T.);
#1884 = VERTEX_POINT('',#1885);
#1885 = CARTESIAN_POINT('',(1.58,1.1,0.880000000745));
#1886 = LINE('',#1887,#1888);
#1887 = CARTESIAN_POINT('',(1.58,1.1,0.880000000745));
#1888 = VECTOR('',#1889,1.);
#1889 = DIRECTION('',(1.,0.,0.));
#1890 = ORIENTED_EDGE('',*,*,#1891,.F.);
#1891 = EDGE_CURVE('',#1892,#1884,#1894,.T.);
#1892 = VERTEX_POINT('',#1893);
#1893 = CARTESIAN_POINT('',(1.58,0.4,0.880000000745));
#1894 = LINE('',#1895,#1896);
#1895 = CARTESIAN_POINT('',(1.58,0.4,0.880000000745));
#1896 = VECTOR('',#1897,1.);
#1897 = DIRECTION('',(0.,1.,0.));
#1898 = ORIENTED_EDGE('',*,*,#1899,.F.);
#1899 = EDGE_CURVE('',#688,#1892,#1900,.T.);
#1900 = LINE('',#1901,#1902);
#1901 = CARTESIAN_POINT('',(1.58,0.4,0.880000000745));
#1902 = VECTOR('',#1903,1.);
#1903 = DIRECTION('',(1.,0.,0.));
#1904 = ORIENTED_EDGE('',*,*,#1905,.T.);
#1905 = EDGE_CURVE('',#688,#800,#1906,.T.);
#1906 = LINE('',#1907,#1908);
#1907 = CARTESIAN_POINT('',(1.55,0.4,0.880000000745));
#1908 = VECTOR('',#1909,1.);
#1909 = DIRECTION('',(0.,1.,0.));
#1910 = PLANE('',#1911);
#1911 = AXIS2_PLACEMENT_3D('',#1912,#1913,#1914);
#1912 = CARTESIAN_POINT('',(1.58,0.4,0.880000000745));
#1913 = DIRECTION('',(0.,0.,1.));
#1914 = DIRECTION('',(1.,0.,-0.));
#1915 = ADVANCED_FACE('',(#1916),#1943,.F.);
#1916 = FACE_BOUND('',#1917,.F.);
#1917 = EDGE_LOOP('',(#1918,#1919,#1928,#1936));
#1918 = ORIENTED_EDGE('',*,*,#1891,.F.);
#1919 = ORIENTED_EDGE('',*,*,#1920,.T.);
#1920 = EDGE_CURVE('',#1892,#1921,#1923,.T.);
#1921 = VERTEX_POINT('',#1922);
#1922 = CARTESIAN_POINT('',(1.63,0.4,0.830000000745));
#1923 = CIRCLE('',#1924,5.E-02);
#1924 = AXIS2_PLACEMENT_3D('',#1925,#1926,#1927);
#1925 = CARTESIAN_POINT('',(1.58,0.4,0.830000000745));
#1926 = DIRECTION('',(0.,1.,0.));
#1927 = DIRECTION('',(0.,-0.,1.));
#1928 = ORIENTED_EDGE('',*,*,#1929,.T.);
#1929 = EDGE_CURVE('',#1921,#1930,#1932,.T.);
#1930 = VERTEX_POINT('',#1931);
#1931 = CARTESIAN_POINT('',(1.63,1.1,0.830000000745));
#1932 = LINE('',#1933,#1934);
#1933 = CARTESIAN_POINT('',(1.63,0.4,0.830000000745));
#1934 = VECTOR('',#1935,1.);
#1935 = DIRECTION('',(0.,1.,0.));
#1936 = ORIENTED_EDGE('',*,*,#1937,.F.);
#1937 = EDGE_CURVE('',#1884,#1930,#1938,.T.);
#1938 = CIRCLE('',#1939,5.E-02);
#1939 = AXIS2_PLACEMENT_3D('',#1940,#1941,#1942);
#1940 = CARTESIAN_POINT('',(1.58,1.1,0.830000000745));
#1941 = DIRECTION('',(0.,1.,0.));
#1942 = DIRECTION('',(0.,-0.,1.));
#1943 = CYLINDRICAL_SURFACE('',#1944,5.E-02);
#1944 = AXIS2_PLACEMENT_3D('',#1945,#1946,#1947);
#1945 = CARTESIAN_POINT('',(1.58,0.4,0.830000000745));
#1946 = DIRECTION('',(0.,1.,0.));
#1947 = DIRECTION('',(0.,-0.,1.));
#1948 = ADVANCED_FACE('',(#1949),#1974,.F.);
#1949 = FACE_BOUND('',#1950,.T.);
#1950 = EDGE_LOOP('',(#1951,#1959,#1967,#1973));
#1951 = ORIENTED_EDGE('',*,*,#1952,.T.);
#1952 = EDGE_CURVE('',#1930,#1953,#1955,.T.);
#1953 = VERTEX_POINT('',#1954);
#1954 = CARTESIAN_POINT('',(1.63,1.1,0.170000000745));
#1955 = LINE('',#1956,#1957);
#1956 = CARTESIAN_POINT('',(1.63,1.1,0.830000000745));
#1957 = VECTOR('',#1958,1.);
#1958 = DIRECTION('',(0.,0.,-1.));
#1959 = ORIENTED_EDGE('',*,*,#1960,.F.);
#1960 = EDGE_CURVE('',#1961,#1953,#1963,.T.);
#1961 = VERTEX_POINT('',#1962);
#1962 = CARTESIAN_POINT('',(1.63,0.4,0.170000000745));
#1963 = LINE('',#1964,#1965);
#1964 = CARTESIAN_POINT('',(1.63,0.4,0.170000000745));
#1965 = VECTOR('',#1966,1.);
#1966 = DIRECTION('',(0.,1.,0.));
#1967 = ORIENTED_EDGE('',*,*,#1968,.F.);
#1968 = EDGE_CURVE('',#1921,#1961,#1969,.T.);
#1969 = LINE('',#1970,#1971);
#1970 = CARTESIAN_POINT('',(1.63,0.4,0.830000000745));
#1971 = VECTOR('',#1972,1.);
#1972 = DIRECTION('',(0.,0.,-1.));
#1973 = ORIENTED_EDGE('',*,*,#1929,.T.);
#1974 = PLANE('',#1975);
#1975 = AXIS2_PLACEMENT_3D('',#1976,#1977,#1978);
#1976 = CARTESIAN_POINT('',(1.63,0.4,0.830000000745));
#1977 = DIRECTION('',(1.,0.,0.));
#1978 = DIRECTION('',(0.,0.,-1.));
#1979 = ADVANCED_FACE('',(#1980),#2007,.F.);
#1980 = FACE_BOUND('',#1981,.F.);
#1981 = EDGE_LOOP('',(#1982,#1983,#1992,#2000));
#1982 = ORIENTED_EDGE('',*,*,#1960,.F.);
#1983 = ORIENTED_EDGE('',*,*,#1984,.T.);
#1984 = EDGE_CURVE('',#1961,#1985,#1987,.T.);
#1985 = VERTEX_POINT('',#1986);
#1986 = CARTESIAN_POINT('',(1.58,0.4,0.120000000745));
#1987 = CIRCLE('',#1988,5.E-02);
#1988 = AXIS2_PLACEMENT_3D('',#1989,#1990,#1991);
#1989 = CARTESIAN_POINT('',(1.58,0.4,0.170000000745));
#1990 = DIRECTION('',(0.,1.,0.));
#1991 = DIRECTION('',(0.,-0.,1.));
#1992 = ORIENTED_EDGE('',*,*,#1993,.T.);
#1993 = EDGE_CURVE('',#1985,#1994,#1996,.T.);
#1994 = VERTEX_POINT('',#1995);
#1995 = CARTESIAN_POINT('',(1.58,1.1,0.120000000745));
#1996 = LINE('',#1997,#1998);
#1997 = CARTESIAN_POINT('',(1.58,0.4,0.120000000745));
#1998 = VECTOR('',#1999,1.);
#1999 = DIRECTION('',(0.,1.,0.));
#2000 = ORIENTED_EDGE('',*,*,#2001,.F.);
#2001 = EDGE_CURVE('',#1953,#1994,#2002,.T.);
#2002 = CIRCLE('',#2003,5.E-02);
#2003 = AXIS2_PLACEMENT_3D('',#2004,#2005,#2006);
#2004 = CARTESIAN_POINT('',(1.58,1.1,0.170000000745));
#2005 = DIRECTION('',(0.,1.,0.));
#2006 = DIRECTION('',(0.,-0.,1.));
#2007 = CYLINDRICAL_SURFACE('',#2008,5.E-02);
#2008 = AXIS2_PLACEMENT_3D('',#2009,#2010,#2011);
#2009 = CARTESIAN_POINT('',(1.58,0.4,0.170000000745));
#2010 = DIRECTION('',(0.,1.,0.));
#2011 = DIRECTION('',(0.,-0.,1.));
#2012 = ADVANCED_FACE('',(#2013),#2038,.F.);
#2013 = FACE_BOUND('',#2014,.T.);
#2014 = EDGE_LOOP('',(#2015,#2023,#2031,#2037));
#2015 = ORIENTED_EDGE('',*,*,#2016,.T.);
#2016 = EDGE_CURVE('',#1994,#2017,#2019,.T.);
#2017 = VERTEX_POINT('',#2018);
#2018 = CARTESIAN_POINT('',(1.,1.1,0.120000000745));
#2019 = LINE('',#2020,#2021);
#2020 = CARTESIAN_POINT('',(1.58,1.1,0.120000000745));
#2021 = VECTOR('',#2022,1.);
#2022 = DIRECTION('',(-1.,0.,0.));
#2023 = ORIENTED_EDGE('',*,*,#2024,.F.);
#2024 = EDGE_CURVE('',#2025,#2017,#2027,.T.);
#2025 = VERTEX_POINT('',#2026);
#2026 = CARTESIAN_POINT('',(1.,0.4,0.120000000745));
#2027 = LINE('',#2028,#2029);
#2028 = CARTESIAN_POINT('',(1.,0.4,0.120000000745));
#2029 = VECTOR('',#2030,1.);
#2030 = DIRECTION('',(0.,1.,0.));
#2031 = ORIENTED_EDGE('',*,*,#2032,.F.);
#2032 = EDGE_CURVE('',#1985,#2025,#2033,.T.);
#2033 = LINE('',#2034,#2035);
#2034 = CARTESIAN_POINT('',(1.58,0.4,0.120000000745));
#2035 = VECTOR('',#2036,1.);
#2036 = DIRECTION('',(-1.,0.,0.));
#2037 = ORIENTED_EDGE('',*,*,#1993,.T.);
#2038 = PLANE('',#2039);
#2039 = AXIS2_PLACEMENT_3D('',#2040,#2041,#2042);
#2040 = CARTESIAN_POINT('',(1.58,0.4,0.120000000745));
#2041 = DIRECTION('',(0.,0.,-1.));
#2042 = DIRECTION('',(-1.,0.,0.));
#2043 = ADVANCED_FACE('',(#2044),#2069,.F.);
#2044 = FACE_BOUND('',#2045,.T.);
#2045 = EDGE_LOOP('',(#2046,#2054,#2062,#2068));
#2046 = ORIENTED_EDGE('',*,*,#2047,.T.);
#2047 = EDGE_CURVE('',#2017,#2048,#2050,.T.);
#2048 = VERTEX_POINT('',#2049);
#2049 = CARTESIAN_POINT('',(1.,1.1,7.450579389556E-10));
#2050 = LINE('',#2051,#2052);
#2051 = CARTESIAN_POINT('',(1.,1.1,0.120000000745));
#2052 = VECTOR('',#2053,1.);
#2053 = DIRECTION('',(-1.807003620809E-15,0.,-1.));
#2054 = ORIENTED_EDGE('',*,*,#2055,.F.);
#2055 = EDGE_CURVE('',#2056,#2048,#2058,.T.);
#2056 = VERTEX_POINT('',#2057);
#2057 = CARTESIAN_POINT('',(1.,0.4,7.450579389556E-10));
#2058 = LINE('',#2059,#2060);
#2059 = CARTESIAN_POINT('',(1.,0.4,7.450579389556E-10));
#2060 = VECTOR('',#2061,1.);
#2061 = DIRECTION('',(0.,1.,0.));
#2062 = ORIENTED_EDGE('',*,*,#2063,.F.);
#2063 = EDGE_CURVE('',#2025,#2056,#2064,.T.);
#2064 = LINE('',#2065,#2066);
#2065 = CARTESIAN_POINT('',(1.,0.4,0.120000000745));
#2066 = VECTOR('',#2067,1.);
#2067 = DIRECTION('',(-1.807003620809E-15,0.,-1.));
#2068 = ORIENTED_EDGE('',*,*,#2024,.T.);
#2069 = PLANE('',#2070);
#2070 = AXIS2_PLACEMENT_3D('',#2071,#2072,#2073);
#2071 = CARTESIAN_POINT('',(1.,0.4,0.120000000745));
#2072 = DIRECTION('',(1.,0.,-1.807003620809E-15));
#2073 = DIRECTION('',(-1.807003620809E-15,0.,-1.));
#2074 = ADVANCED_FACE('',(#2075),#2100,.F.);
#2075 = FACE_BOUND('',#2076,.T.);
#2076 = EDGE_LOOP('',(#2077,#2085,#2093,#2099));
#2077 = ORIENTED_EDGE('',*,*,#2078,.T.);
#2078 = EDGE_CURVE('',#2048,#2079,#2081,.T.);
#2079 = VERTEX_POINT('',#2080);
#2080 = CARTESIAN_POINT('',(1.58,1.1,7.45057980589E-10));
#2081 = LINE('',#2082,#2083);
#2082 = CARTESIAN_POINT('',(1.,1.1,7.450579389556E-10));
#2083 = VECTOR('',#2084,1.);
#2084 = DIRECTION('',(1.,0.,1.285153437213E-16));
#2085 = ORIENTED_EDGE('',*,*,#2086,.F.);
#2086 = EDGE_CURVE('',#2087,#2079,#2089,.T.);
#2087 = VERTEX_POINT('',#2088);
#2088 = CARTESIAN_POINT('',(1.58,0.4,7.45057980589E-10));
#2089 = LINE('',#2090,#2091);
#2090 = CARTESIAN_POINT('',(1.58,0.4,7.45057980589E-10));
#2091 = VECTOR('',#2092,1.);
#2092 = DIRECTION('',(0.,1.,0.));
#2093 = ORIENTED_EDGE('',*,*,#2094,.F.);
#2094 = EDGE_CURVE('',#2056,#2087,#2095,.T.);
#2095 = LINE('',#2096,#2097);
#2096 = CARTESIAN_POINT('',(1.,0.4,7.450579389556E-10));
#2097 = VECTOR('',#2098,1.);
#2098 = DIRECTION('',(1.,0.,1.285153437213E-16));
#2099 = ORIENTED_EDGE('',*,*,#2055,.T.);
#2100 = PLANE('',#2101);
#2101 = AXIS2_PLACEMENT_3D('',#2102,#2103,#2104);
#2102 = CARTESIAN_POINT('',(1.,0.4,7.450579389556E-10));
#2103 = DIRECTION('',(-1.285153437213E-16,0.,1.));
#2104 = DIRECTION('',(1.,0.,1.285153437213E-16));
#2105 = ADVANCED_FACE('',(#2106),#2133,.T.);
#2106 = FACE_BOUND('',#2107,.T.);
#2107 = EDGE_LOOP('',(#2108,#2117,#2125,#2132));
#2108 = ORIENTED_EDGE('',*,*,#2109,.T.);
#2109 = EDGE_CURVE('',#2079,#2110,#2112,.T.);
#2110 = VERTEX_POINT('',#2111);
#2111 = CARTESIAN_POINT('',(1.75,1.1,0.170000000745));
#2112 = CIRCLE('',#2113,0.17);
#2113 = AXIS2_PLACEMENT_3D('',#2114,#2115,#2116);
#2114 = CARTESIAN_POINT('',(1.58,1.1,0.170000000745));
#2115 = DIRECTION('',(0.,-1.,0.));
#2116 = DIRECTION('',(0.,0.,-1.));
#2117 = ORIENTED_EDGE('',*,*,#2118,.F.);
#2118 = EDGE_CURVE('',#2119,#2110,#2121,.T.);
#2119 = VERTEX_POINT('',#2120);
#2120 = CARTESIAN_POINT('',(1.75,0.4,0.170000000745));
#2121 = LINE('',#2122,#2123);
#2122 = CARTESIAN_POINT('',(1.75,0.4,0.170000000745));
#2123 = VECTOR('',#2124,1.);
#2124 = DIRECTION('',(0.,1.,0.));
#2125 = ORIENTED_EDGE('',*,*,#2126,.F.);
#2126 = EDGE_CURVE('',#2087,#2119,#2127,.T.);
#2127 = CIRCLE('',#2128,0.17);
#2128 = AXIS2_PLACEMENT_3D('',#2129,#2130,#2131);
#2129 = CARTESIAN_POINT('',(1.58,0.4,0.170000000745));
#2130 = DIRECTION('',(0.,-1.,0.));
#2131 = DIRECTION('',(0.,0.,-1.));
#2132 = ORIENTED_EDGE('',*,*,#2086,.T.);
#2133 = CYLINDRICAL_SURFACE('',#2134,0.17);
#2134 = AXIS2_PLACEMENT_3D('',#2135,#2136,#2137);
#2135 = CARTESIAN_POINT('',(1.58,0.4,0.170000000745));
#2136 = DIRECTION('',(0.,1.,0.));
#2137 = DIRECTION('',(0.,-0.,1.));
#2138 = ADVANCED_FACE('',(#2139),#2164,.F.);
#2139 = FACE_BOUND('',#2140,.T.);
#2140 = EDGE_LOOP('',(#2141,#2149,#2157,#2163));
#2141 = ORIENTED_EDGE('',*,*,#2142,.T.);
#2142 = EDGE_CURVE('',#2110,#2143,#2145,.T.);
#2143 = VERTEX_POINT('',#2144);
#2144 = CARTESIAN_POINT('',(1.75,1.1,0.830000000745));
#2145 = LINE('',#2146,#2147);
#2146 = CARTESIAN_POINT('',(1.75,1.1,0.170000000745));
#2147 = VECTOR('',#2148,1.);
#2148 = DIRECTION('',(-3.285461128744E-16,0.,1.));
#2149 = ORIENTED_EDGE('',*,*,#2150,.F.);
#2150 = EDGE_CURVE('',#2151,#2143,#2153,.T.);
#2151 = VERTEX_POINT('',#2152);
#2152 = CARTESIAN_POINT('',(1.75,0.4,0.830000000745));
#2153 = LINE('',#2154,#2155);
#2154 = CARTESIAN_POINT('',(1.75,0.4,0.830000000745));
#2155 = VECTOR('',#2156,1.);
#2156 = DIRECTION('',(0.,1.,0.));
#2157 = ORIENTED_EDGE('',*,*,#2158,.F.);
#2158 = EDGE_CURVE('',#2119,#2151,#2159,.T.);
#2159 = LINE('',#2160,#2161);
#2160 = CARTESIAN_POINT('',(1.75,0.4,0.170000000745));
#2161 = VECTOR('',#2162,1.);
#2162 = DIRECTION('',(-3.285461128744E-16,0.,1.));
#2163 = ORIENTED_EDGE('',*,*,#2118,.T.);
#2164 = PLANE('',#2165);
#2165 = AXIS2_PLACEMENT_3D('',#2166,#2167,#2168);
#2166 = CARTESIAN_POINT('',(1.75,0.4,0.170000000745));
#2167 = DIRECTION('',(-1.,0.,-3.285461128744E-16));
#2168 = DIRECTION('',(-3.285461128744E-16,0.,1.));
#2169 = ADVANCED_FACE('',(#2170),#2197,.T.);
#2170 = FACE_BOUND('',#2171,.T.);
#2171 = EDGE_LOOP('',(#2172,#2181,#2189,#2196));
#2172 = ORIENTED_EDGE('',*,*,#2173,.T.);
#2173 = EDGE_CURVE('',#2143,#2174,#2176,.T.);
#2174 = VERTEX_POINT('',#2175);
#2175 = CARTESIAN_POINT('',(1.58,1.1,1.000000000745));
#2176 = CIRCLE('',#2177,0.17);
#2177 = AXIS2_PLACEMENT_3D('',#2178,#2179,#2180);
#2178 = CARTESIAN_POINT('',(1.58,1.1,0.830000000745));
#2179 = DIRECTION('',(0.,-1.,0.));
#2180 = DIRECTION('',(0.,0.,-1.));
#2181 = ORIENTED_EDGE('',*,*,#2182,.F.);
#2182 = EDGE_CURVE('',#2183,#2174,#2185,.T.);
#2183 = VERTEX_POINT('',#2184);
#2184 = CARTESIAN_POINT('',(1.58,0.4,1.000000000745));
#2185 = LINE('',#2186,#2187);
#2186 = CARTESIAN_POINT('',(1.58,0.4,1.000000000745));
#2187 = VECTOR('',#2188,1.);
#2188 = DIRECTION('',(0.,1.,0.));
#2189 = ORIENTED_EDGE('',*,*,#2190,.F.);
#2190 = EDGE_CURVE('',#2151,#2183,#2191,.T.);
#2191 = CIRCLE('',#2192,0.17);
#2192 = AXIS2_PLACEMENT_3D('',#2193,#2194,#2195);
#2193 = CARTESIAN_POINT('',(1.58,0.4,0.830000000745));
#2194 = DIRECTION('',(0.,-1.,0.));
#2195 = DIRECTION('',(0.,0.,-1.));
#2196 = ORIENTED_EDGE('',*,*,#2150,.T.);
#2197 = CYLINDRICAL_SURFACE('',#2198,0.17);
#2198 = AXIS2_PLACEMENT_3D('',#2199,#2200,#2201);
#2199 = CARTESIAN_POINT('',(1.58,0.4,0.830000000745));
#2200 = DIRECTION('',(0.,1.,0.));
#2201 = DIRECTION('',(0.,-0.,1.));
#2202 = ADVANCED_FACE('',(#2203),#2224,.F.);
#2203 = FACE_BOUND('',#2204,.T.);
#2204 = EDGE_LOOP('',(#2205,#2211,#2217,#2223));
#2205 = ORIENTED_EDGE('',*,*,#2206,.T.);
#2206 = EDGE_CURVE('',#2174,#798,#2207,.T.);
#2207 = LINE('',#2208,#2209);
#2208 = CARTESIAN_POINT('',(1.58,1.1,1.000000000745));
#2209 = VECTOR('',#2210,1.);
#2210 = DIRECTION('',(-1.,0.,0.));
#2211 = ORIENTED_EDGE('',*,*,#2212,.F.);
#2212 = EDGE_CURVE('',#696,#798,#2213,.T.);
#2213 = LINE('',#2214,#2215);
#2214 = CARTESIAN_POINT('',(1.55,0.4,1.000000000745));
#2215 = VECTOR('',#2216,1.);
#2216 = DIRECTION('',(0.,1.,0.));
#2217 = ORIENTED_EDGE('',*,*,#2218,.F.);
#2218 = EDGE_CURVE('',#2183,#696,#2219,.T.);
#2219 = LINE('',#2220,#2221);
#2220 = CARTESIAN_POINT('',(1.58,0.4,1.000000000745));
#2221 = VECTOR('',#2222,1.);
#2222 = DIRECTION('',(-1.,0.,0.));
#2223 = ORIENTED_EDGE('',*,*,#2182,.T.);
#2224 = PLANE('',#2225);
#2225 = AXIS2_PLACEMENT_3D('',#2226,#2227,#2228);
#2226 = CARTESIAN_POINT('',(1.58,0.4,1.000000000745));
#2227 = DIRECTION('',(0.,0.,-1.));
#2228 = DIRECTION('',(-1.,0.,0.));
#2229 = ADVANCED_FACE('',(#2230),#2244,.T.);
#2230 = FACE_BOUND('',#2231,.T.);
#2231 = EDGE_LOOP('',(#2232,#2233,#2234,#2235,#2236,#2237,#2238,#2239,
    #2240,#2241,#2242,#2243));
#2232 = ORIENTED_EDGE('',*,*,#1899,.T.);
#2233 = ORIENTED_EDGE('',*,*,#1920,.T.);
#2234 = ORIENTED_EDGE('',*,*,#1968,.T.);
#2235 = ORIENTED_EDGE('',*,*,#1984,.T.);
#2236 = ORIENTED_EDGE('',*,*,#2032,.T.);
#2237 = ORIENTED_EDGE('',*,*,#2063,.T.);
#2238 = ORIENTED_EDGE('',*,*,#2094,.T.);
#2239 = ORIENTED_EDGE('',*,*,#2126,.T.);
#2240 = ORIENTED_EDGE('',*,*,#2158,.T.);
#2241 = ORIENTED_EDGE('',*,*,#2190,.T.);
#2242 = ORIENTED_EDGE('',*,*,#2218,.T.);
#2243 = ORIENTED_EDGE('',*,*,#695,.T.);
#2244 = PLANE('',#2245);
#2245 = AXIS2_PLACEMENT_3D('',#2246,#2247,#2248);
#2246 = CARTESIAN_POINT('',(1.58,0.4,0.830000000745));
#2247 = DIRECTION('',(0.,-1.,0.));
#2248 = DIRECTION('',(0.,0.,-1.));
#2249 = ADVANCED_FACE('',(#2250),#2264,.F.);
#2250 = FACE_BOUND('',#2251,.T.);
#2251 = EDGE_LOOP('',(#2252,#2253,#2254,#2255,#2256,#2257,#2258,#2259,
    #2260,#2261,#2262,#2263));
#2252 = ORIENTED_EDGE('',*,*,#1883,.F.);
#2253 = ORIENTED_EDGE('',*,*,#797,.F.);
#2254 = ORIENTED_EDGE('',*,*,#2206,.F.);
#2255 = ORIENTED_EDGE('',*,*,#2173,.F.);
#2256 = ORIENTED_EDGE('',*,*,#2142,.F.);
#2257 = ORIENTED_EDGE('',*,*,#2109,.F.);
#2258 = ORIENTED_EDGE('',*,*,#2078,.F.);
#2259 = ORIENTED_EDGE('',*,*,#2047,.F.);
#2260 = ORIENTED_EDGE('',*,*,#2016,.F.);
#2261 = ORIENTED_EDGE('',*,*,#2001,.F.);
#2262 = ORIENTED_EDGE('',*,*,#1952,.F.);
#2263 = ORIENTED_EDGE('',*,*,#1937,.F.);
#2264 = PLANE('',#2265);
#2265 = AXIS2_PLACEMENT_3D('',#2266,#2267,#2268);
#2266 = CARTESIAN_POINT('',(1.58,1.1,0.830000000745));
#2267 = DIRECTION('',(0.,-1.,0.));
#2268 = DIRECTION('',(0.,0.,-1.));
#2269 = ADVANCED_FACE('',(#2270),#2306,.F.);
#2270 = FACE_BOUND('',#2271,.F.);
#2271 = EDGE_LOOP('',(#2272,#2282,#2291,#2299));
#2272 = ORIENTED_EDGE('',*,*,#2273,.F.);
#2273 = EDGE_CURVE('',#2274,#2276,#2278,.T.);
#2274 = VERTEX_POINT('',#2275);
#2275 = CARTESIAN_POINT('',(-1.63,0.4,0.830000000745));
#2276 = VERTEX_POINT('',#2277);
#2277 = CARTESIAN_POINT('',(-1.63,1.1,0.830000000745));
#2278 = LINE('',#2279,#2280);
#2279 = CARTESIAN_POINT('',(-1.63,0.4,0.830000000745));
#2280 = VECTOR('',#2281,1.);
#2281 = DIRECTION('',(0.,1.,0.));
#2282 = ORIENTED_EDGE('',*,*,#2283,.T.);
#2283 = EDGE_CURVE('',#2274,#2284,#2286,.T.);
#2284 = VERTEX_POINT('',#2285);
#2285 = CARTESIAN_POINT('',(-1.58,0.4,0.880000000745));
#2286 = CIRCLE('',#2287,5.E-02);
#2287 = AXIS2_PLACEMENT_3D('',#2288,#2289,#2290);
#2288 = CARTESIAN_POINT('',(-1.58,0.4,0.830000000745));
#2289 = DIRECTION('',(0.,1.,0.));
#2290 = DIRECTION('',(0.,0.,-1.));
#2291 = ORIENTED_EDGE('',*,*,#2292,.T.);
#2292 = EDGE_CURVE('',#2284,#2293,#2295,.T.);
#2293 = VERTEX_POINT('',#2294);
#2294 = CARTESIAN_POINT('',(-1.58,1.1,0.880000000745));
#2295 = LINE('',#2296,#2297);
#2296 = CARTESIAN_POINT('',(-1.58,0.4,0.880000000745));
#2297 = VECTOR('',#2298,1.);
#2298 = DIRECTION('',(0.,1.,0.));
#2299 = ORIENTED_EDGE('',*,*,#2300,.F.);
#2300 = EDGE_CURVE('',#2276,#2293,#2301,.T.);
#2301 = CIRCLE('',#2302,5.E-02);
#2302 = AXIS2_PLACEMENT_3D('',#2303,#2304,#2305);
#2303 = CARTESIAN_POINT('',(-1.58,1.1,0.830000000745));
#2304 = DIRECTION('',(0.,1.,0.));
#2305 = DIRECTION('',(0.,0.,-1.));
#2306 = CYLINDRICAL_SURFACE('',#2307,5.E-02);
#2307 = AXIS2_PLACEMENT_3D('',#2308,#2309,#2310);
#2308 = CARTESIAN_POINT('',(-1.58,0.4,0.830000000745));
#2309 = DIRECTION('',(0.,1.,0.));
#2310 = DIRECTION('',(0.,-0.,1.));
#2311 = ADVANCED_FACE('',(#2312),#2333,.F.);
#2312 = FACE_BOUND('',#2313,.T.);
#2313 = EDGE_LOOP('',(#2314,#2320,#2326,#2332));
#2314 = ORIENTED_EDGE('',*,*,#2315,.T.);
#2315 = EDGE_CURVE('',#2293,#869,#2316,.T.);
#2316 = LINE('',#2317,#2318);
#2317 = CARTESIAN_POINT('',(-1.58,1.1,0.880000000745));
#2318 = VECTOR('',#2319,1.);
#2319 = DIRECTION('',(1.,0.,0.));
#2320 = ORIENTED_EDGE('',*,*,#2321,.F.);
#2321 = EDGE_CURVE('',#776,#869,#2322,.T.);
#2322 = LINE('',#2323,#2324);
#2323 = CARTESIAN_POINT('',(-1.55,0.4,0.880000000745));
#2324 = VECTOR('',#2325,1.);
#2325 = DIRECTION('',(0.,1.,0.));
#2326 = ORIENTED_EDGE('',*,*,#2327,.F.);
#2327 = EDGE_CURVE('',#2284,#776,#2328,.T.);
#2328 = LINE('',#2329,#2330);
#2329 = CARTESIAN_POINT('',(-1.58,0.4,0.880000000745));
#2330 = VECTOR('',#2331,1.);
#2331 = DIRECTION('',(1.,0.,0.));
#2332 = ORIENTED_EDGE('',*,*,#2292,.T.);
#2333 = PLANE('',#2334);
#2334 = AXIS2_PLACEMENT_3D('',#2335,#2336,#2337);
#2335 = CARTESIAN_POINT('',(-1.58,0.4,0.880000000745));
#2336 = DIRECTION('',(0.,0.,1.));
#2337 = DIRECTION('',(1.,0.,-0.));
#2338 = ADVANCED_FACE('',(#2339),#2369,.F.);
#2339 = FACE_BOUND('',#2340,.T.);
#2340 = EDGE_LOOP('',(#2341,#2349,#2357,#2363));
#2341 = ORIENTED_EDGE('',*,*,#2342,.T.);
#2342 = EDGE_CURVE('',#871,#2343,#2345,.T.);
#2343 = VERTEX_POINT('',#2344);
#2344 = CARTESIAN_POINT('',(-1.58,1.1,1.000000000745));
#2345 = LINE('',#2346,#2347);
#2346 = CARTESIAN_POINT('',(-1.58,1.1,1.000000000745));
#2347 = VECTOR('',#2348,1.);
#2348 = DIRECTION('',(-1.,-0.,-0.));
#2349 = ORIENTED_EDGE('',*,*,#2350,.F.);
#2350 = EDGE_CURVE('',#2351,#2343,#2353,.T.);
#2351 = VERTEX_POINT('',#2352);
#2352 = CARTESIAN_POINT('',(-1.58,0.4,1.000000000745));
#2353 = LINE('',#2354,#2355);
#2354 = CARTESIAN_POINT('',(-1.58,0.4,1.000000000745));
#2355 = VECTOR('',#2356,1.);
#2356 = DIRECTION('',(0.,1.,0.));
#2357 = ORIENTED_EDGE('',*,*,#2358,.F.);
#2358 = EDGE_CURVE('',#768,#2351,#2359,.T.);
#2359 = LINE('',#2360,#2361);
#2360 = CARTESIAN_POINT('',(-1.58,0.4,1.000000000745));
#2361 = VECTOR('',#2362,1.);
#2362 = DIRECTION('',(-1.,-0.,-0.));
#2363 = ORIENTED_EDGE('',*,*,#2364,.T.);
#2364 = EDGE_CURVE('',#768,#871,#2365,.T.);
#2365 = LINE('',#2366,#2367);
#2366 = CARTESIAN_POINT('',(-1.55,0.4,1.000000000745));
#2367 = VECTOR('',#2368,1.);
#2368 = DIRECTION('',(0.,1.,0.));
#2369 = PLANE('',#2370);
#2370 = AXIS2_PLACEMENT_3D('',#2371,#2372,#2373);
#2371 = CARTESIAN_POINT('',(-1.58,0.4,1.000000000745));
#2372 = DIRECTION('',(0.,0.,-1.));
#2373 = DIRECTION('',(-1.,0.,0.));
#2374 = ADVANCED_FACE('',(#2375),#2402,.T.);
#2375 = FACE_BOUND('',#2376,.T.);
#2376 = EDGE_LOOP('',(#2377,#2386,#2394,#2401));
#2377 = ORIENTED_EDGE('',*,*,#2378,.T.);
#2378 = EDGE_CURVE('',#2343,#2379,#2381,.T.);
#2379 = VERTEX_POINT('',#2380);
#2380 = CARTESIAN_POINT('',(-1.75,1.1,0.830000000745));
#2381 = CIRCLE('',#2382,0.17);
#2382 = AXIS2_PLACEMENT_3D('',#2383,#2384,#2385);
#2383 = CARTESIAN_POINT('',(-1.58,1.1,0.830000000745));
#2384 = DIRECTION('',(0.,-1.,0.));
#2385 = DIRECTION('',(0.,0.,1.));
#2386 = ORIENTED_EDGE('',*,*,#2387,.F.);
#2387 = EDGE_CURVE('',#2388,#2379,#2390,.T.);
#2388 = VERTEX_POINT('',#2389);
#2389 = CARTESIAN_POINT('',(-1.75,0.4,0.830000000745));
#2390 = LINE('',#2391,#2392);
#2391 = CARTESIAN_POINT('',(-1.75,0.4,0.830000000745));
#2392 = VECTOR('',#2393,1.);
#2393 = DIRECTION('',(0.,1.,0.));
#2394 = ORIENTED_EDGE('',*,*,#2395,.F.);
#2395 = EDGE_CURVE('',#2351,#2388,#2396,.T.);
#2396 = CIRCLE('',#2397,0.17);
#2397 = AXIS2_PLACEMENT_3D('',#2398,#2399,#2400);
#2398 = CARTESIAN_POINT('',(-1.58,0.4,0.830000000745));
#2399 = DIRECTION('',(0.,-1.,0.));
#2400 = DIRECTION('',(0.,0.,1.));
#2401 = ORIENTED_EDGE('',*,*,#2350,.T.);
#2402 = CYLINDRICAL_SURFACE('',#2403,0.17);
#2403 = AXIS2_PLACEMENT_3D('',#2404,#2405,#2406);
#2404 = CARTESIAN_POINT('',(-1.58,0.4,0.830000000745));
#2405 = DIRECTION('',(0.,1.,0.));
#2406 = DIRECTION('',(0.,-0.,1.));
#2407 = ADVANCED_FACE('',(#2408),#2433,.F.);
#2408 = FACE_BOUND('',#2409,.T.);
#2409 = EDGE_LOOP('',(#2410,#2418,#2426,#2432));
#2410 = ORIENTED_EDGE('',*,*,#2411,.T.);
#2411 = EDGE_CURVE('',#2379,#2412,#2414,.T.);
#2412 = VERTEX_POINT('',#2413);
#2413 = CARTESIAN_POINT('',(-1.75,1.1,0.170000000745));
#2414 = LINE('',#2415,#2416);
#2415 = CARTESIAN_POINT('',(-1.75,1.1,0.170000000745));
#2416 = VECTOR('',#2417,1.);
#2417 = DIRECTION('',(-3.285461128744E-16,-0.,-1.));
#2418 = ORIENTED_EDGE('',*,*,#2419,.F.);
#2419 = EDGE_CURVE('',#2420,#2412,#2422,.T.);
#2420 = VERTEX_POINT('',#2421);
#2421 = CARTESIAN_POINT('',(-1.75,0.4,0.170000000745));
#2422 = LINE('',#2423,#2424);
#2423 = CARTESIAN_POINT('',(-1.75,0.4,0.170000000745));
#2424 = VECTOR('',#2425,1.);
#2425 = DIRECTION('',(0.,1.,0.));
#2426 = ORIENTED_EDGE('',*,*,#2427,.F.);
#2427 = EDGE_CURVE('',#2388,#2420,#2428,.T.);
#2428 = LINE('',#2429,#2430);
#2429 = CARTESIAN_POINT('',(-1.75,0.4,0.170000000745));
#2430 = VECTOR('',#2431,1.);
#2431 = DIRECTION('',(-3.285461128744E-16,-0.,-1.));
#2432 = ORIENTED_EDGE('',*,*,#2387,.T.);
#2433 = PLANE('',#2434);
#2434 = AXIS2_PLACEMENT_3D('',#2435,#2436,#2437);
#2435 = CARTESIAN_POINT('',(-1.75,0.4,0.170000000745));
#2436 = DIRECTION('',(1.,0.,-3.285461128744E-16));
#2437 = DIRECTION('',(-3.285461128744E-16,0.,-1.));
#2438 = ADVANCED_FACE('',(#2439),#2466,.T.);
#2439 = FACE_BOUND('',#2440,.T.);
#2440 = EDGE_LOOP('',(#2441,#2450,#2458,#2465));
#2441 = ORIENTED_EDGE('',*,*,#2442,.T.);
#2442 = EDGE_CURVE('',#2412,#2443,#2445,.T.);
#2443 = VERTEX_POINT('',#2444);
#2444 = CARTESIAN_POINT('',(-1.58,1.1,7.450580152835E-10));
#2445 = CIRCLE('',#2446,0.17);
#2446 = AXIS2_PLACEMENT_3D('',#2447,#2448,#2449);
#2447 = CARTESIAN_POINT('',(-1.58,1.1,0.170000000745));
#2448 = DIRECTION('',(0.,-1.,0.));
#2449 = DIRECTION('',(0.,0.,1.));
#2450 = ORIENTED_EDGE('',*,*,#2451,.F.);
#2451 = EDGE_CURVE('',#2452,#2443,#2454,.T.);
#2452 = VERTEX_POINT('',#2453);
#2453 = CARTESIAN_POINT('',(-1.58,0.4,7.450580152835E-10));
#2454 = LINE('',#2455,#2456);
#2455 = CARTESIAN_POINT('',(-1.58,0.4,7.450580152835E-10));
#2456 = VECTOR('',#2457,1.);
#2457 = DIRECTION('',(0.,1.,0.));
#2458 = ORIENTED_EDGE('',*,*,#2459,.F.);
#2459 = EDGE_CURVE('',#2420,#2452,#2460,.T.);
#2460 = CIRCLE('',#2461,0.17);
#2461 = AXIS2_PLACEMENT_3D('',#2462,#2463,#2464);
#2462 = CARTESIAN_POINT('',(-1.58,0.4,0.170000000745));
#2463 = DIRECTION('',(0.,-1.,0.));
#2464 = DIRECTION('',(0.,0.,1.));
#2465 = ORIENTED_EDGE('',*,*,#2419,.T.);
#2466 = CYLINDRICAL_SURFACE('',#2467,0.17);
#2467 = AXIS2_PLACEMENT_3D('',#2468,#2469,#2470);
#2468 = CARTESIAN_POINT('',(-1.58,0.4,0.170000000745));
#2469 = DIRECTION('',(0.,1.,0.));
#2470 = DIRECTION('',(0.,-0.,1.));
#2471 = ADVANCED_FACE('',(#2472),#2497,.F.);
#2472 = FACE_BOUND('',#2473,.T.);
#2473 = EDGE_LOOP('',(#2474,#2482,#2490,#2496));
#2474 = ORIENTED_EDGE('',*,*,#2475,.T.);
#2475 = EDGE_CURVE('',#2443,#2476,#2478,.T.);
#2476 = VERTEX_POINT('',#2477);
#2477 = CARTESIAN_POINT('',(-1.,1.1,7.450579389556E-10));
#2478 = LINE('',#2479,#2480);
#2479 = CARTESIAN_POINT('',(-1.,1.1,7.450579389556E-10));
#2480 = VECTOR('',#2481,1.);
#2481 = DIRECTION('',(1.,0.,-1.285153437213E-16));
#2482 = ORIENTED_EDGE('',*,*,#2483,.F.);
#2483 = EDGE_CURVE('',#2484,#2476,#2486,.T.);
#2484 = VERTEX_POINT('',#2485);
#2485 = CARTESIAN_POINT('',(-1.,0.4,7.450579389556E-10));
#2486 = LINE('',#2487,#2488);
#2487 = CARTESIAN_POINT('',(-1.,0.4,7.450579389556E-10));
#2488 = VECTOR('',#2489,1.);
#2489 = DIRECTION('',(0.,1.,0.));
#2490 = ORIENTED_EDGE('',*,*,#2491,.F.);
#2491 = EDGE_CURVE('',#2452,#2484,#2492,.T.);
#2492 = LINE('',#2493,#2494);
#2493 = CARTESIAN_POINT('',(-1.,0.4,7.450579389556E-10));
#2494 = VECTOR('',#2495,1.);
#2495 = DIRECTION('',(1.,0.,-1.285153437213E-16));
#2496 = ORIENTED_EDGE('',*,*,#2451,.T.);
#2497 = PLANE('',#2498);
#2498 = AXIS2_PLACEMENT_3D('',#2499,#2500,#2501);
#2499 = CARTESIAN_POINT('',(-1.,0.4,7.450579389556E-10));
#2500 = DIRECTION('',(1.285153437213E-16,0.,1.));
#2501 = DIRECTION('',(1.,0.,-1.285153437213E-16));
#2502 = ADVANCED_FACE('',(#2503),#2528,.F.);
#2503 = FACE_BOUND('',#2504,.T.);
#2504 = EDGE_LOOP('',(#2505,#2513,#2521,#2527));
#2505 = ORIENTED_EDGE('',*,*,#2506,.T.);
#2506 = EDGE_CURVE('',#2476,#2507,#2509,.T.);
#2507 = VERTEX_POINT('',#2508);
#2508 = CARTESIAN_POINT('',(-1.,1.1,0.120000000745));
#2509 = LINE('',#2510,#2511);
#2510 = CARTESIAN_POINT('',(-1.,1.1,0.120000000745));
#2511 = VECTOR('',#2512,1.);
#2512 = DIRECTION('',(-1.807003620809E-15,0.,1.));
#2513 = ORIENTED_EDGE('',*,*,#2514,.F.);
#2514 = EDGE_CURVE('',#2515,#2507,#2517,.T.);
#2515 = VERTEX_POINT('',#2516);
#2516 = CARTESIAN_POINT('',(-1.,0.4,0.120000000745));
#2517 = LINE('',#2518,#2519);
#2518 = CARTESIAN_POINT('',(-1.,0.4,0.120000000745));
#2519 = VECTOR('',#2520,1.);
#2520 = DIRECTION('',(0.,1.,0.));
#2521 = ORIENTED_EDGE('',*,*,#2522,.F.);
#2522 = EDGE_CURVE('',#2484,#2515,#2523,.T.);
#2523 = LINE('',#2524,#2525);
#2524 = CARTESIAN_POINT('',(-1.,0.4,0.120000000745));
#2525 = VECTOR('',#2526,1.);
#2526 = DIRECTION('',(-1.807003620809E-15,0.,1.));
#2527 = ORIENTED_EDGE('',*,*,#2483,.T.);
#2528 = PLANE('',#2529);
#2529 = AXIS2_PLACEMENT_3D('',#2530,#2531,#2532);
#2530 = CARTESIAN_POINT('',(-1.,0.4,0.120000000745));
#2531 = DIRECTION('',(-1.,0.,-1.807003620809E-15));
#2532 = DIRECTION('',(-1.807003620809E-15,0.,1.));
#2533 = ADVANCED_FACE('',(#2534),#2559,.F.);
#2534 = FACE_BOUND('',#2535,.T.);
#2535 = EDGE_LOOP('',(#2536,#2544,#2552,#2558));
#2536 = ORIENTED_EDGE('',*,*,#2537,.T.);
#2537 = EDGE_CURVE('',#2507,#2538,#2540,.T.);
#2538 = VERTEX_POINT('',#2539);
#2539 = CARTESIAN_POINT('',(-1.58,1.1,0.120000000745));
#2540 = LINE('',#2541,#2542);
#2541 = CARTESIAN_POINT('',(-1.58,1.1,0.120000000745));
#2542 = VECTOR('',#2543,1.);
#2543 = DIRECTION('',(-1.,-0.,-0.));
#2544 = ORIENTED_EDGE('',*,*,#2545,.F.);
#2545 = EDGE_CURVE('',#2546,#2538,#2548,.T.);
#2546 = VERTEX_POINT('',#2547);
#2547 = CARTESIAN_POINT('',(-1.58,0.4,0.120000000745));
#2548 = LINE('',#2549,#2550);
#2549 = CARTESIAN_POINT('',(-1.58,0.4,0.120000000745));
#2550 = VECTOR('',#2551,1.);
#2551 = DIRECTION('',(0.,1.,0.));
#2552 = ORIENTED_EDGE('',*,*,#2553,.F.);
#2553 = EDGE_CURVE('',#2515,#2546,#2554,.T.);
#2554 = LINE('',#2555,#2556);
#2555 = CARTESIAN_POINT('',(-1.58,0.4,0.120000000745));
#2556 = VECTOR('',#2557,1.);
#2557 = DIRECTION('',(-1.,-0.,-0.));
#2558 = ORIENTED_EDGE('',*,*,#2514,.T.);
#2559 = PLANE('',#2560);
#2560 = AXIS2_PLACEMENT_3D('',#2561,#2562,#2563);
#2561 = CARTESIAN_POINT('',(-1.58,0.4,0.120000000745));
#2562 = DIRECTION('',(0.,0.,-1.));
#2563 = DIRECTION('',(-1.,0.,0.));
#2564 = ADVANCED_FACE('',(#2565),#2592,.F.);
#2565 = FACE_BOUND('',#2566,.F.);
#2566 = EDGE_LOOP('',(#2567,#2568,#2577,#2585));
#2567 = ORIENTED_EDGE('',*,*,#2545,.F.);
#2568 = ORIENTED_EDGE('',*,*,#2569,.T.);
#2569 = EDGE_CURVE('',#2546,#2570,#2572,.T.);
#2570 = VERTEX_POINT('',#2571);
#2571 = CARTESIAN_POINT('',(-1.63,0.4,0.170000000745));
#2572 = CIRCLE('',#2573,5.E-02);
#2573 = AXIS2_PLACEMENT_3D('',#2574,#2575,#2576);
#2574 = CARTESIAN_POINT('',(-1.58,0.4,0.170000000745));
#2575 = DIRECTION('',(0.,1.,0.));
#2576 = DIRECTION('',(0.,0.,-1.));
#2577 = ORIENTED_EDGE('',*,*,#2578,.T.);
#2578 = EDGE_CURVE('',#2570,#2579,#2581,.T.);
#2579 = VERTEX_POINT('',#2580);
#2580 = CARTESIAN_POINT('',(-1.63,1.1,0.170000000745));
#2581 = LINE('',#2582,#2583);
#2582 = CARTESIAN_POINT('',(-1.63,0.4,0.170000000745));
#2583 = VECTOR('',#2584,1.);
#2584 = DIRECTION('',(0.,1.,0.));
#2585 = ORIENTED_EDGE('',*,*,#2586,.F.);
#2586 = EDGE_CURVE('',#2538,#2579,#2587,.T.);
#2587 = CIRCLE('',#2588,5.E-02);
#2588 = AXIS2_PLACEMENT_3D('',#2589,#2590,#2591);
#2589 = CARTESIAN_POINT('',(-1.58,1.1,0.170000000745));
#2590 = DIRECTION('',(0.,1.,0.));
#2591 = DIRECTION('',(0.,0.,-1.));
#2592 = CYLINDRICAL_SURFACE('',#2593,5.E-02);
#2593 = AXIS2_PLACEMENT_3D('',#2594,#2595,#2596);
#2594 = CARTESIAN_POINT('',(-1.58,0.4,0.170000000745));
#2595 = DIRECTION('',(0.,1.,0.));
#2596 = DIRECTION('',(0.,-0.,1.));
#2597 = ADVANCED_FACE('',(#2598),#2614,.F.);
#2598 = FACE_BOUND('',#2599,.T.);
#2599 = EDGE_LOOP('',(#2600,#2606,#2607,#2613));
#2600 = ORIENTED_EDGE('',*,*,#2601,.T.);
#2601 = EDGE_CURVE('',#2579,#2276,#2602,.T.);
#2602 = LINE('',#2603,#2604);
#2603 = CARTESIAN_POINT('',(-1.63,1.1,0.830000000745));
#2604 = VECTOR('',#2605,1.);
#2605 = DIRECTION('',(0.,0.,1.));
#2606 = ORIENTED_EDGE('',*,*,#2273,.F.);
#2607 = ORIENTED_EDGE('',*,*,#2608,.F.);
#2608 = EDGE_CURVE('',#2570,#2274,#2609,.T.);
#2609 = LINE('',#2610,#2611);
#2610 = CARTESIAN_POINT('',(-1.63,0.4,0.830000000745));
#2611 = VECTOR('',#2612,1.);
#2612 = DIRECTION('',(0.,0.,1.));
#2613 = ORIENTED_EDGE('',*,*,#2578,.T.);
#2614 = PLANE('',#2615);
#2615 = AXIS2_PLACEMENT_3D('',#2616,#2617,#2618);
#2616 = CARTESIAN_POINT('',(-1.63,0.4,0.830000000745));
#2617 = DIRECTION('',(-1.,0.,0.));
#2618 = DIRECTION('',(0.,0.,1.));
#2619 = ADVANCED_FACE('',(#2620),#2634,.T.);
#2620 = FACE_BOUND('',#2621,.T.);
#2621 = EDGE_LOOP('',(#2622,#2623,#2624,#2625,#2626,#2627,#2628,#2629,
    #2630,#2631,#2632,#2633));
#2622 = ORIENTED_EDGE('',*,*,#2283,.T.);
#2623 = ORIENTED_EDGE('',*,*,#2327,.T.);
#2624 = ORIENTED_EDGE('',*,*,#775,.T.);
#2625 = ORIENTED_EDGE('',*,*,#2358,.T.);
#2626 = ORIENTED_EDGE('',*,*,#2395,.T.);
#2627 = ORIENTED_EDGE('',*,*,#2427,.T.);
#2628 = ORIENTED_EDGE('',*,*,#2459,.T.);
#2629 = ORIENTED_EDGE('',*,*,#2491,.T.);
#2630 = ORIENTED_EDGE('',*,*,#2522,.T.);
#2631 = ORIENTED_EDGE('',*,*,#2553,.T.);
#2632 = ORIENTED_EDGE('',*,*,#2569,.T.);
#2633 = ORIENTED_EDGE('',*,*,#2608,.T.);
#2634 = PLANE('',#2635);
#2635 = AXIS2_PLACEMENT_3D('',#2636,#2637,#2638);
#2636 = CARTESIAN_POINT('',(-1.58,0.4,0.830000000745));
#2637 = DIRECTION('',(0.,-1.,0.));
#2638 = DIRECTION('',(0.,0.,-1.));
#2639 = ADVANCED_FACE('',(#2640),#2654,.F.);
#2640 = FACE_BOUND('',#2641,.T.);
#2641 = EDGE_LOOP('',(#2642,#2643,#2644,#2645,#2646,#2647,#2648,#2649,
    #2650,#2651,#2652,#2653));
#2642 = ORIENTED_EDGE('',*,*,#2300,.F.);
#2643 = ORIENTED_EDGE('',*,*,#2601,.F.);
#2644 = ORIENTED_EDGE('',*,*,#2586,.F.);
#2645 = ORIENTED_EDGE('',*,*,#2537,.F.);
#2646 = ORIENTED_EDGE('',*,*,#2506,.F.);
#2647 = ORIENTED_EDGE('',*,*,#2475,.F.);
#2648 = ORIENTED_EDGE('',*,*,#2442,.F.);
#2649 = ORIENTED_EDGE('',*,*,#2411,.F.);
#2650 = ORIENTED_EDGE('',*,*,#2378,.F.);
#2651 = ORIENTED_EDGE('',*,*,#2342,.F.);
#2652 = ORIENTED_EDGE('',*,*,#868,.F.);
#2653 = ORIENTED_EDGE('',*,*,#2315,.F.);
#2654 = PLANE('',#2655);
#2655 = AXIS2_PLACEMENT_3D('',#2656,#2657,#2658);
#2656 = CARTESIAN_POINT('',(-1.58,1.1,0.830000000745));
#2657 = DIRECTION('',(0.,-1.,0.));
#2658 = DIRECTION('',(0.,0.,-1.));
#2659 = ADVANCED_FACE('',(#2660),#2680,.F.);
#2660 = FACE_BOUND('',#2661,.T.);
#2661 = EDGE_LOOP('',(#2662,#2663,#2669,#2670,#2676,#2677,#2678,#2679));
#2662 = ORIENTED_EDGE('',*,*,#727,.F.);
#2663 = ORIENTED_EDGE('',*,*,#2664,.T.);
#2664 = EDGE_CURVE('',#718,#948,#2665,.T.);
#2665 = LINE('',#2666,#2667);
#2666 = CARTESIAN_POINT('',(-1.55,-1.4,1.000000000745));
#2667 = VECTOR('',#2668,1.);
#2668 = DIRECTION('',(0.137106324535,9.720021651109E-02,0.985775823239)
  );
#2669 = ORIENTED_EDGE('',*,*,#947,.T.);
#2670 = ORIENTED_EDGE('',*,*,#2671,.T.);
#2671 = EDGE_CURVE('',#940,#838,#2672,.T.);
#2672 = LINE('',#2673,#2674);
#2673 = CARTESIAN_POINT('',(-1.512685059596,1.373545930149,
    1.268289346406));
#2674 = VECTOR('',#2675,1.);
#2675 = DIRECTION('',(-0.137106324535,9.720021651109E-02,-0.985775823239
    ));
#2676 = ORIENTED_EDGE('',*,*,#878,.F.);
#2677 = ORIENTED_EDGE('',*,*,#2364,.F.);
#2678 = ORIENTED_EDGE('',*,*,#767,.F.);
#2679 = ORIENTED_EDGE('',*,*,#1584,.F.);
#2680 = PLANE('',#2681);
#2681 = AXIS2_PLACEMENT_3D('',#2682,#2683,#2684);
#2682 = CARTESIAN_POINT('',(-1.55,-1.4,1.000000000745));
#2683 = DIRECTION('',(0.99046582937,0.,-0.137758632583));
#2684 = DIRECTION('',(-0.137758632583,0.,-0.99046582937));
#2685 = ADVANCED_FACE('',(#2686),#2706,.F.);
#2686 = FACE_BOUND('',#2687,.T.);
#2687 = EDGE_LOOP('',(#2688,#2689,#2695,#2696,#2697,#2698,#2699,#2700));
#2688 = ORIENTED_EDGE('',*,*,#1059,.F.);
#2689 = ORIENTED_EDGE('',*,*,#2690,.T.);
#2690 = EDGE_CURVE('',#1052,#720,#2691,.T.);
#2691 = LINE('',#2692,#2693);
#2692 = CARTESIAN_POINT('',(-1.55,-1.4,0.880000000745));
#2693 = VECTOR('',#2694,1.);
#2694 = DIRECTION('',(-0.214990449734,-9.622604506495E-02,0.971864010433
    ));
#2695 = ORIENTED_EDGE('',*,*,#743,.T.);
#2696 = ORIENTED_EDGE('',*,*,#1541,.T.);
#2697 = ORIENTED_EDGE('',*,*,#783,.T.);
#2698 = ORIENTED_EDGE('',*,*,#2321,.T.);
#2699 = ORIENTED_EDGE('',*,*,#885,.T.);
#2700 = ORIENTED_EDGE('',*,*,#2701,.T.);
#2701 = EDGE_CURVE('',#840,#1060,#2702,.T.);
#2702 = LINE('',#2703,#2704);
#2703 = CARTESIAN_POINT('',(-1.492074494027,1.374073535103,
    0.618147836563));
#2704 = VECTOR('',#2705,1.);
#2705 = DIRECTION('',(0.214990449734,-9.622604506495E-02,-0.971864010433
    ));
#2706 = PLANE('',#2707);
#2707 = AXIS2_PLACEMENT_3D('',#2708,#2709,#2710);
#2708 = CARTESIAN_POINT('',(-1.55,-1.4,0.880000000745));
#2709 = DIRECTION('',(0.976394964393,0.,0.215992762629));
#2710 = DIRECTION('',(0.215992762629,0.,-0.976394964393));
#2711 = ADVANCED_FACE('',(#2712),#2748,.F.);
#2712 = FACE_BOUND('',#2713,.T.);
#2713 = EDGE_LOOP('',(#2714,#2715,#2723,#2731,#2737,#2738,#2739,#2740,
    #2741,#2742));
#2714 = ORIENTED_EDGE('',*,*,#931,.F.);
#2715 = ORIENTED_EDGE('',*,*,#2716,.T.);
#2716 = EDGE_CURVE('',#922,#2717,#2719,.T.);
#2717 = VERTEX_POINT('',#2718);
#2718 = CARTESIAN_POINT('',(1.449859023382,-0.710790858922,
    1.720000000745));
#2719 = LINE('',#2720,#2721);
#2720 = CARTESIAN_POINT('',(1.53347993188,-0.617736637743,1.118777043353
    ));
#2721 = VECTOR('',#2722,1.);
#2722 = DIRECTION('',(0.136167906324,0.151529069705,-0.979028723951));
#2723 = ORIENTED_EDGE('',*,*,#2724,.T.);
#2724 = EDGE_CURVE('',#2717,#2725,#2727,.T.);
#2725 = VERTEX_POINT('',#2726);
#2726 = CARTESIAN_POINT('',(1.449859023382,-1.329006013093,
    1.720000000745));
#2727 = LINE('',#2728,#2729);
#2728 = CARTESIAN_POINT('',(1.449859023382,-1.4,1.720000000745));
#2729 = VECTOR('',#2730,1.);
#2730 = DIRECTION('',(0.,-1.,0.));
#2731 = ORIENTED_EDGE('',*,*,#2732,.T.);
#2732 = EDGE_CURVE('',#2725,#638,#2733,.T.);
#2733 = LINE('',#2734,#2735);
#2734 = CARTESIAN_POINT('',(1.55,-1.4,1.000000000745));
#2735 = VECTOR('',#2736,1.);
#2736 = DIRECTION('',(0.137106324535,-9.720021651109E-02,-0.985775823239
    ));
#2737 = ORIENTED_EDGE('',*,*,#663,.T.);
#2738 = ORIENTED_EDGE('',*,*,#1432,.T.);
#2739 = ORIENTED_EDGE('',*,*,#703,.T.);
#2740 = ORIENTED_EDGE('',*,*,#2212,.T.);
#2741 = ORIENTED_EDGE('',*,*,#823,.T.);
#2742 = ORIENTED_EDGE('',*,*,#2743,.T.);
#2743 = EDGE_CURVE('',#816,#932,#2744,.T.);
#2744 = LINE('',#2745,#2746);
#2745 = CARTESIAN_POINT('',(1.512685059596,1.373545930149,1.268289346406
    ));
#2746 = VECTOR('',#2747,1.);
#2747 = DIRECTION('',(-0.137106324535,-9.720021651109E-02,0.985775823239
    ));
#2748 = PLANE('',#2749);
#2749 = AXIS2_PLACEMENT_3D('',#2750,#2751,#2752);
#2750 = CARTESIAN_POINT('',(1.55,-1.4,1.000000000745));
#2751 = DIRECTION('',(-0.99046582937,0.,-0.137758632583));
#2752 = DIRECTION('',(-0.137758632583,0.,0.99046582937));
#2753 = ADVANCED_FACE('',(#2754),#2774,.F.);
#2754 = FACE_BOUND('',#2755,.T.);
#2755 = EDGE_LOOP('',(#2756,#2757,#2763,#2764,#2770,#2771,#2772,#2773));
#2756 = ORIENTED_EDGE('',*,*,#647,.F.);
#2757 = ORIENTED_EDGE('',*,*,#2758,.T.);
#2758 = EDGE_CURVE('',#640,#1011,#2759,.T.);
#2759 = LINE('',#2760,#2761);
#2760 = CARTESIAN_POINT('',(1.55,-1.4,0.880000000745));
#2761 = VECTOR('',#2762,1.);
#2762 = DIRECTION('',(-0.214990449734,9.622604506495E-02,-0.971864010433
    ));
#2763 = ORIENTED_EDGE('',*,*,#1010,.T.);
#2764 = ORIENTED_EDGE('',*,*,#2765,.T.);
#2765 = EDGE_CURVE('',#1013,#808,#2766,.T.);
#2766 = LINE('',#2767,#2768);
#2767 = CARTESIAN_POINT('',(1.492074494027,1.374073535103,0.618147836563
    ));
#2768 = VECTOR('',#2769,1.);
#2769 = DIRECTION('',(0.214990449734,9.622604506495E-02,0.971864010433)
  );
#2770 = ORIENTED_EDGE('',*,*,#807,.F.);
#2771 = ORIENTED_EDGE('',*,*,#1905,.F.);
#2772 = ORIENTED_EDGE('',*,*,#687,.F.);
#2773 = ORIENTED_EDGE('',*,*,#1125,.F.);
#2774 = PLANE('',#2775);
#2775 = AXIS2_PLACEMENT_3D('',#2776,#2777,#2778);
#2776 = CARTESIAN_POINT('',(1.55,-1.4,0.880000000745));
#2777 = DIRECTION('',(-0.976394964393,0.,0.215992762629));
#2778 = DIRECTION('',(0.215992762629,0.,0.976394964393));
#2779 = ADVANCED_FACE('',(#2780),#2790,.F.);
#2780 = FACE_BOUND('',#2781,.T.);
#2781 = EDGE_LOOP('',(#2782,#2783,#2784,#2785,#2786,#2787,#2788,#2789));
#2782 = ORIENTED_EDGE('',*,*,#1067,.F.);
#2783 = ORIENTED_EDGE('',*,*,#2701,.F.);
#2784 = ORIENTED_EDGE('',*,*,#854,.F.);
#2785 = ORIENTED_EDGE('',*,*,#2765,.F.);
#2786 = ORIENTED_EDGE('',*,*,#1027,.F.);
#2787 = ORIENTED_EDGE('',*,*,#996,.F.);
#2788 = ORIENTED_EDGE('',*,*,#409,.T.);
#2789 = ORIENTED_EDGE('',*,*,#1089,.F.);
#2790 = PLANE('',#2791);
#2791 = AXIS2_PLACEMENT_3D('',#2792,#2793,#2794);
#2792 = CARTESIAN_POINT('',(1.75,1.4,0.880000000745));
#2793 = DIRECTION('',(1.541323609107E-16,-0.995134075319,
    9.853005703411E-02));
#2794 = DIRECTION('',(0.,-9.853005703411E-02,-0.995134075319));
#2795 = ADVANCED_FACE('',(#2796),#2806,.F.);
#2796 = FACE_BOUND('',#2797,.T.);
#2797 = EDGE_LOOP('',(#2798,#2799,#2800,#2801,#2802,#2803,#2804,#2805));
#2798 = ORIENTED_EDGE('',*,*,#393,.F.);
#2799 = ORIENTED_EDGE('',*,*,#989,.F.);
#2800 = ORIENTED_EDGE('',*,*,#1020,.F.);
#2801 = ORIENTED_EDGE('',*,*,#2758,.F.);
#2802 = ORIENTED_EDGE('',*,*,#900,.T.);
#2803 = ORIENTED_EDGE('',*,*,#2690,.F.);
#2804 = ORIENTED_EDGE('',*,*,#1051,.F.);
#2805 = ORIENTED_EDGE('',*,*,#1082,.F.);
#2806 = PLANE('',#2807);
#2807 = AXIS2_PLACEMENT_3D('',#2808,#2809,#2810);
#2808 = CARTESIAN_POINT('',(1.75,-1.4,0.880000000745));
#2809 = DIRECTION('',(-1.541323609107E-16,0.995134075319,
    9.853005703411E-02));
#2810 = DIRECTION('',(0.,-9.853005703411E-02,0.995134075319));
#2811 = ADVANCED_FACE('',(#2812),#2818,.F.);
#2812 = FACE_BOUND('',#2813,.T.);
#2813 = EDGE_LOOP('',(#2814,#2815,#2816,#2817));
#2814 = ORIENTED_EDGE('',*,*,#939,.F.);
#2815 = ORIENTED_EDGE('',*,*,#2743,.F.);
#2816 = ORIENTED_EDGE('',*,*,#847,.T.);
#2817 = ORIENTED_EDGE('',*,*,#2671,.F.);
#2818 = PLANE('',#2819);
#2819 = AXIS2_PLACEMENT_3D('',#2820,#2821,#2822);
#2820 = CARTESIAN_POINT('',(1.75,1.4,1.000000000745));
#2821 = DIRECTION('',(1.541385308671E-16,-0.99517391078,
    -9.812689387758E-02));
#2822 = DIRECTION('',(0.,9.812689387758E-02,-0.99517391078));
#2823 = ADVANCED_FACE('',(#2824),#2844,.F.);
#2824 = FACE_BOUND('',#2825,.T.);
#2825 = EDGE_LOOP('',(#2826,#2834,#2840,#2841,#2842,#2843));
#2826 = ORIENTED_EDGE('',*,*,#2827,.T.);
#2827 = EDGE_CURVE('',#2725,#2828,#2830,.T.);
#2828 = VERTEX_POINT('',#2829);
#2829 = CARTESIAN_POINT('',(0.894315038554,-1.329006013093,
    1.720000000745));
#2830 = LINE('',#2831,#2832);
#2831 = CARTESIAN_POINT('',(1.75,-1.329006013093,1.720000000745));
#2832 = VECTOR('',#2833,1.);
#2833 = DIRECTION('',(-1.,-1.548860246408E-16,0.));
#2834 = ORIENTED_EDGE('',*,*,#2835,.T.);
#2835 = EDGE_CURVE('',#2828,#924,#2836,.T.);
#2836 = LINE('',#2837,#2838);
#2837 = CARTESIAN_POINT('',(0.837612379953,-1.392105324375,1.080065464)
  );
#2838 = VECTOR('',#2839,1.);
#2839 = DIRECTION('',(8.783850510545E-02,9.774760677635E-02,
    0.991327293274));
#2840 = ORIENTED_EDGE('',*,*,#955,.T.);
#2841 = ORIENTED_EDGE('',*,*,#2664,.F.);
#2842 = ORIENTED_EDGE('',*,*,#907,.F.);
#2843 = ORIENTED_EDGE('',*,*,#2732,.F.);
#2844 = PLANE('',#2845);
#2845 = AXIS2_PLACEMENT_3D('',#2846,#2847,#2848);
#2846 = CARTESIAN_POINT('',(1.75,-1.4,1.000000000745));
#2847 = DIRECTION('',(-1.541385308671E-16,0.99517391078,
    -9.812689387758E-02));
#2848 = DIRECTION('',(0.,9.812689387758E-02,0.99517391078));
#2849 = ADVANCED_FACE('',(#2850),#2875,.T.);
#2850 = FACE_BOUND('',#2851,.T.);
#2851 = EDGE_LOOP('',(#2852,#2853,#2861,#2869));
#2852 = ORIENTED_EDGE('',*,*,#417,.F.);
#2853 = ORIENTED_EDGE('',*,*,#2854,.F.);
#2854 = EDGE_CURVE('',#2855,#418,#2857,.T.);
#2855 = VERTEX_POINT('',#2856);
#2856 = CARTESIAN_POINT('',(-0.328800478412,0.217016329335,
    8.000000074506E-02));
#2857 = LINE('',#2858,#2859);
#2858 = CARTESIAN_POINT('',(-0.328800478412,0.217016329335,
    8.000000074506E-02));
#2859 = VECTOR('',#2860,1.);
#2860 = DIRECTION('',(-0.,-0.,-1.));
#2861 = ORIENTED_EDGE('',*,*,#2862,.T.);
#2862 = EDGE_CURVE('',#2855,#2863,#2865,.T.);
#2863 = VERTEX_POINT('',#2864);
#2864 = CARTESIAN_POINT('',(-0.331364580976,0.217016329335,
    8.000000074506E-02));
#2865 = LINE('',#2866,#2867);
#2866 = CARTESIAN_POINT('',(-0.328800478412,0.217016329335,
    8.000000074506E-02));
#2867 = VECTOR('',#2868,1.);
#2868 = DIRECTION('',(-1.,0.,0.));
#2869 = ORIENTED_EDGE('',*,*,#2870,.T.);
#2870 = EDGE_CURVE('',#2863,#420,#2871,.T.);
#2871 = LINE('',#2872,#2873);
#2872 = CARTESIAN_POINT('',(-0.331364580976,0.217016329335,
    8.000000074506E-02));
#2873 = VECTOR('',#2874,1.);
#2874 = DIRECTION('',(-0.,-0.,-1.));
#2875 = PLANE('',#2876);
#2876 = AXIS2_PLACEMENT_3D('',#2877,#2878,#2879);
#2877 = CARTESIAN_POINT('',(-0.328800478412,0.217016329335,
    8.000000074506E-02));
#2878 = DIRECTION('',(0.,-1.,0.));
#2879 = DIRECTION('',(0.,0.,-1.));
#2880 = ADVANCED_FACE('',(#2881),#2899,.T.);
#2881 = FACE_BOUND('',#2882,.T.);
#2882 = EDGE_LOOP('',(#2883,#2884,#2885,#2893));
#2883 = ORIENTED_EDGE('',*,*,#427,.F.);
#2884 = ORIENTED_EDGE('',*,*,#2870,.F.);
#2885 = ORIENTED_EDGE('',*,*,#2886,.T.);
#2886 = EDGE_CURVE('',#2863,#2887,#2889,.T.);
#2887 = VERTEX_POINT('',#2888);
#2888 = CARTESIAN_POINT('',(-0.423672273284,1.701632933468E-02,
    8.000000074506E-02));
#2889 = LINE('',#2890,#2891);
#2890 = CARTESIAN_POINT('',(-0.331364580976,0.217016329335,
    8.000000074506E-02));
#2891 = VECTOR('',#2892,1.);
#2892 = DIRECTION('',(-0.419058177462,-0.9079593845,0.));
#2893 = ORIENTED_EDGE('',*,*,#2894,.T.);
#2894 = EDGE_CURVE('',#2887,#428,#2895,.T.);
#2895 = LINE('',#2896,#2897);
#2896 = CARTESIAN_POINT('',(-0.423672273284,1.701632933468E-02,
    8.000000074506E-02));
#2897 = VECTOR('',#2898,1.);
#2898 = DIRECTION('',(-0.,-0.,-1.));
#2899 = PLANE('',#2900);
#2900 = AXIS2_PLACEMENT_3D('',#2901,#2902,#2903);
#2901 = CARTESIAN_POINT('',(-0.331364580976,0.217016329335,
    8.000000074506E-02));
#2902 = DIRECTION('',(0.9079593845,-0.419058177462,0.));
#2903 = DIRECTION('',(0.419058177462,0.9079593845,0.));
#2904 = ADVANCED_FACE('',(#2905),#2923,.T.);
#2905 = FACE_BOUND('',#2906,.T.);
#2906 = EDGE_LOOP('',(#2907,#2908,#2909,#2917));
#2907 = ORIENTED_EDGE('',*,*,#435,.F.);
#2908 = ORIENTED_EDGE('',*,*,#2894,.F.);
#2909 = ORIENTED_EDGE('',*,*,#2910,.T.);
#2910 = EDGE_CURVE('',#2887,#2911,#2913,.T.);
#2911 = VERTEX_POINT('',#2912);
#2912 = CARTESIAN_POINT('',(-0.404161055335,1.701632933468E-02,
    8.000000074506E-02));
#2913 = LINE('',#2914,#2915);
#2914 = CARTESIAN_POINT('',(-0.423672273284,1.701632933468E-02,
    8.000000074506E-02));
#2915 = VECTOR('',#2916,1.);
#2916 = DIRECTION('',(1.,0.,0.));
#2917 = ORIENTED_EDGE('',*,*,#2918,.T.);
#2918 = EDGE_CURVE('',#2911,#436,#2919,.T.);
#2919 = LINE('',#2920,#2921);
#2920 = CARTESIAN_POINT('',(-0.404161055335,1.701632933468E-02,
    8.000000074506E-02));
#2921 = VECTOR('',#2922,1.);
#2922 = DIRECTION('',(-0.,-0.,-1.));
#2923 = PLANE('',#2924);
#2924 = AXIS2_PLACEMENT_3D('',#2925,#2926,#2927);
#2925 = CARTESIAN_POINT('',(-0.423672273284,1.701632933468E-02,
    8.000000074506E-02));
#2926 = DIRECTION('',(0.,1.,0.));
#2927 = DIRECTION('',(0.,-0.,1.));
#2928 = ADVANCED_FACE('',(#2929),#2947,.T.);
#2929 = FACE_BOUND('',#2930,.T.);
#2930 = EDGE_LOOP('',(#2931,#2932,#2933,#2941));
#2931 = ORIENTED_EDGE('',*,*,#443,.F.);
#2932 = ORIENTED_EDGE('',*,*,#2918,.F.);
#2933 = ORIENTED_EDGE('',*,*,#2934,.T.);
#2934 = EDGE_CURVE('',#2911,#2935,#2937,.T.);
#2935 = VERTEX_POINT('',#2936);
#2936 = CARTESIAN_POINT('',(-0.374593747643,8.111889343724E-02,
    8.000000074506E-02));
#2937 = LINE('',#2938,#2939);
#2938 = CARTESIAN_POINT('',(-0.404161055335,1.701632933468E-02,
    8.000000074506E-02));
#2939 = VECTOR('',#2940,1.);
#2940 = DIRECTION('',(0.418842224745,0.908059023836,0.));
#2941 = ORIENTED_EDGE('',*,*,#2942,.T.);
#2942 = EDGE_CURVE('',#2935,#444,#2943,.T.);
#2943 = LINE('',#2944,#2945);
#2944 = CARTESIAN_POINT('',(-0.374593747643,8.111889343724E-02,
    8.000000074506E-02));
#2945 = VECTOR('',#2946,1.);
#2946 = DIRECTION('',(-0.,-0.,-1.));
#2947 = PLANE('',#2948);
#2948 = AXIS2_PLACEMENT_3D('',#2949,#2950,#2951);
#2949 = CARTESIAN_POINT('',(-0.404161055335,1.701632933468E-02,
    8.000000074506E-02));
#2950 = DIRECTION('',(-0.908059023836,0.418842224745,0.));
#2951 = DIRECTION('',(-0.418842224745,-0.908059023836,0.));
#2952 = ADVANCED_FACE('',(#2953),#2971,.T.);
#2953 = FACE_BOUND('',#2954,.T.);
#2954 = EDGE_LOOP('',(#2955,#2956,#2957,#2965));
#2955 = ORIENTED_EDGE('',*,*,#451,.F.);
#2956 = ORIENTED_EDGE('',*,*,#2942,.F.);
#2957 = ORIENTED_EDGE('',*,*,#2958,.T.);
#2958 = EDGE_CURVE('',#2935,#2959,#2961,.T.);
#2959 = VERTEX_POINT('',#2960);
#2960 = CARTESIAN_POINT('',(-0.28392868354,8.111889343724E-02,
    8.000000074506E-02));
#2961 = LINE('',#2962,#2963);
#2962 = CARTESIAN_POINT('',(-0.374593747643,8.111889343724E-02,
    8.000000074506E-02));
#2963 = VECTOR('',#2964,1.);
#2964 = DIRECTION('',(1.,0.,0.));
#2965 = ORIENTED_EDGE('',*,*,#2966,.T.);
#2966 = EDGE_CURVE('',#2959,#452,#2967,.T.);
#2967 = LINE('',#2968,#2969);
#2968 = CARTESIAN_POINT('',(-0.28392868354,8.111889343724E-02,
    8.000000074506E-02));
#2969 = VECTOR('',#2970,1.);
#2970 = DIRECTION('',(-0.,-0.,-1.));
#2971 = PLANE('',#2972);
#2972 = AXIS2_PLACEMENT_3D('',#2973,#2974,#2975);
#2973 = CARTESIAN_POINT('',(-0.374593747643,8.111889343724E-02,
    8.000000074506E-02));
#2974 = DIRECTION('',(0.,1.,0.));
#2975 = DIRECTION('',(0.,-0.,1.));
#2976 = ADVANCED_FACE('',(#2977),#2995,.T.);
#2977 = FACE_BOUND('',#2978,.T.);
#2978 = EDGE_LOOP('',(#2979,#2980,#2981,#2989));
#2979 = ORIENTED_EDGE('',*,*,#459,.F.);
#2980 = ORIENTED_EDGE('',*,*,#2966,.F.);
#2981 = ORIENTED_EDGE('',*,*,#2982,.T.);
#2982 = EDGE_CURVE('',#2959,#2983,#2985,.T.);
#2983 = VERTEX_POINT('',#2984);
#2984 = CARTESIAN_POINT('',(-0.253520029694,1.701632933468E-02,
    8.000000074506E-02));
#2985 = LINE('',#2986,#2987);
#2986 = CARTESIAN_POINT('',(-0.28392868354,8.111889343724E-02,
    8.000000074506E-02));
#2987 = VECTOR('',#2988,1.);
#2988 = DIRECTION('',(0.428596026356,-0.903496234741,0.));
#2989 = ORIENTED_EDGE('',*,*,#2990,.T.);
#2990 = EDGE_CURVE('',#2983,#460,#2991,.T.);
#2991 = LINE('',#2992,#2993);
#2992 = CARTESIAN_POINT('',(-0.253520029694,1.701632933468E-02,
    8.000000074506E-02));
#2993 = VECTOR('',#2994,1.);
#2994 = DIRECTION('',(-0.,-0.,-1.));
#2995 = PLANE('',#2996);
#2996 = AXIS2_PLACEMENT_3D('',#2997,#2998,#2999);
#2997 = CARTESIAN_POINT('',(-0.28392868354,8.111889343724E-02,
    8.000000074506E-02));
#2998 = DIRECTION('',(0.903496234741,0.428596026356,0.));
#2999 = DIRECTION('',(-0.428596026356,0.903496234741,0.));
#3000 = ADVANCED_FACE('',(#3001),#3019,.T.);
#3001 = FACE_BOUND('',#3002,.T.);
#3002 = EDGE_LOOP('',(#3003,#3004,#3005,#3013));
#3003 = ORIENTED_EDGE('',*,*,#467,.F.);
#3004 = ORIENTED_EDGE('',*,*,#2990,.F.);
#3005 = ORIENTED_EDGE('',*,*,#3006,.T.);
#3006 = EDGE_CURVE('',#2983,#3007,#3009,.T.);
#3007 = VERTEX_POINT('',#3008);
#3008 = CARTESIAN_POINT('',(-0.23392868354,1.701632933468E-02,
    8.000000074506E-02));
#3009 = LINE('',#3010,#3011);
#3010 = CARTESIAN_POINT('',(-0.253520029694,1.701632933468E-02,
    8.000000074506E-02));
#3011 = VECTOR('',#3012,1.);
#3012 = DIRECTION('',(1.,0.,0.));
#3013 = ORIENTED_EDGE('',*,*,#3014,.T.);
#3014 = EDGE_CURVE('',#3007,#468,#3015,.T.);
#3015 = LINE('',#3016,#3017);
#3016 = CARTESIAN_POINT('',(-0.23392868354,1.701632933468E-02,
    8.000000074506E-02));
#3017 = VECTOR('',#3018,1.);
#3018 = DIRECTION('',(-0.,-0.,-1.));
#3019 = PLANE('',#3020);
#3020 = AXIS2_PLACEMENT_3D('',#3021,#3022,#3023);
#3021 = CARTESIAN_POINT('',(-0.253520029694,1.701632933468E-02,
    8.000000074506E-02));
#3022 = DIRECTION('',(0.,1.,0.));
#3023 = DIRECTION('',(0.,-0.,1.));
#3024 = ADVANCED_FACE('',(#3025),#3036,.T.);
#3025 = FACE_BOUND('',#3026,.T.);
#3026 = EDGE_LOOP('',(#3027,#3028,#3029,#3035));
#3027 = ORIENTED_EDGE('',*,*,#475,.F.);
#3028 = ORIENTED_EDGE('',*,*,#3014,.F.);
#3029 = ORIENTED_EDGE('',*,*,#3030,.T.);
#3030 = EDGE_CURVE('',#3007,#2855,#3031,.T.);
#3031 = LINE('',#3032,#3033);
#3032 = CARTESIAN_POINT('',(-0.23392868354,1.701632933468E-02,
    8.000000074506E-02));
#3033 = VECTOR('',#3034,1.);
#3034 = DIRECTION('',(-0.428584206872,0.903501841514,0.));
#3035 = ORIENTED_EDGE('',*,*,#2854,.T.);
#3036 = PLANE('',#3037);
#3037 = AXIS2_PLACEMENT_3D('',#3038,#3039,#3040);
#3038 = CARTESIAN_POINT('',(-0.23392868354,1.701632933468E-02,
    8.000000074506E-02));
#3039 = DIRECTION('',(-0.903501841514,-0.428584206872,0.));
#3040 = DIRECTION('',(0.428584206872,-0.903501841514,0.));
#3041 = ADVANCED_FACE('',(#3042,#3068),#3078,.T.);
#3042 = FACE_BOUND('',#3043,.T.);
#3043 = EDGE_LOOP('',(#3044,#3054,#3062));
#3044 = ORIENTED_EDGE('',*,*,#3045,.F.);
#3045 = EDGE_CURVE('',#3046,#3048,#3050,.T.);
#3046 = VERTEX_POINT('',#3047);
#3047 = CARTESIAN_POINT('',(-0.293664260463,0.10163171395,
    8.000000074506E-02));
#3048 = VERTEX_POINT('',#3049);
#3049 = CARTESIAN_POINT('',(-0.365138619438,0.10163171395,
    8.000000074506E-02));
#3050 = LINE('',#3051,#3052);
#3051 = CARTESIAN_POINT('',(-0.293664260463,0.10163171395,
    8.000000074506E-02));
#3052 = VECTOR('',#3053,1.);
#3053 = DIRECTION('',(-1.,0.,0.));
#3054 = ORIENTED_EDGE('',*,*,#3055,.F.);
#3055 = EDGE_CURVE('',#3056,#3046,#3058,.T.);
#3056 = VERTEX_POINT('',#3057);
#3057 = CARTESIAN_POINT('',(-0.329882209181,0.17803395754,
    8.000000074506E-02));
#3058 = LINE('',#3059,#3060);
#3059 = CARTESIAN_POINT('',(-0.329882209181,0.17803395754,
    8.000000074506E-02));
#3060 = VECTOR('',#3061,1.);
#3061 = DIRECTION('',(0.428351119156,-0.903612371937,0.));
#3062 = ORIENTED_EDGE('',*,*,#3063,.F.);
#3063 = EDGE_CURVE('',#3048,#3056,#3064,.T.);
#3064 = LINE('',#3065,#3066);
#3065 = CARTESIAN_POINT('',(-0.365138619438,0.10163171395,
    8.000000074506E-02));
#3066 = VECTOR('',#3067,1.);
#3067 = DIRECTION('',(0.418997788827,0.907987253742,0.));
#3068 = FACE_BOUND('',#3069,.T.);
#3069 = EDGE_LOOP('',(#3070,#3071,#3072,#3073,#3074,#3075,#3076,#3077));
#3070 = ORIENTED_EDGE('',*,*,#2862,.F.);
#3071 = ORIENTED_EDGE('',*,*,#3030,.F.);
#3072 = ORIENTED_EDGE('',*,*,#3006,.F.);
#3073 = ORIENTED_EDGE('',*,*,#2982,.F.);
#3074 = ORIENTED_EDGE('',*,*,#2958,.F.);
#3075 = ORIENTED_EDGE('',*,*,#2934,.F.);
#3076 = ORIENTED_EDGE('',*,*,#2910,.F.);
#3077 = ORIENTED_EDGE('',*,*,#2886,.F.);
#3078 = PLANE('',#3079);
#3079 = AXIS2_PLACEMENT_3D('',#3080,#3081,#3082);
#3080 = CARTESIAN_POINT('',(0.,0.,8.000000074506E-02));
#3081 = DIRECTION('',(0.,0.,-1.));
#3082 = DIRECTION('',(-1.,0.,0.));
#3083 = ADVANCED_FACE('',(#3084),#3109,.T.);
#3084 = FACE_BOUND('',#3085,.T.);
#3085 = EDGE_LOOP('',(#3086,#3096,#3102,#3103));
#3086 = ORIENTED_EDGE('',*,*,#3087,.F.);
#3087 = EDGE_CURVE('',#3088,#3090,#3092,.T.);
#3088 = VERTEX_POINT('',#3089);
#3089 = CARTESIAN_POINT('',(-0.365138619438,0.10163171395,
    5.000000074506E-02));
#3090 = VERTEX_POINT('',#3091);
#3091 = CARTESIAN_POINT('',(-0.329882209181,0.17803395754,
    5.000000074506E-02));
#3092 = LINE('',#3093,#3094);
#3093 = CARTESIAN_POINT('',(-0.365138619438,0.10163171395,
    5.000000074506E-02));
#3094 = VECTOR('',#3095,1.);
#3095 = DIRECTION('',(0.418997788827,0.907987253742,0.));
#3096 = ORIENTED_EDGE('',*,*,#3097,.F.);
#3097 = EDGE_CURVE('',#3048,#3088,#3098,.T.);
#3098 = LINE('',#3099,#3100);
#3099 = CARTESIAN_POINT('',(-0.365138619438,0.10163171395,
    8.000000074506E-02));
#3100 = VECTOR('',#3101,1.);
#3101 = DIRECTION('',(-0.,-0.,-1.));
#3102 = ORIENTED_EDGE('',*,*,#3063,.T.);
#3103 = ORIENTED_EDGE('',*,*,#3104,.T.);
#3104 = EDGE_CURVE('',#3056,#3090,#3105,.T.);
#3105 = LINE('',#3106,#3107);
#3106 = CARTESIAN_POINT('',(-0.329882209181,0.17803395754,
    8.000000074506E-02));
#3107 = VECTOR('',#3108,1.);
#3108 = DIRECTION('',(-0.,-0.,-1.));
#3109 = PLANE('',#3110);
#3110 = AXIS2_PLACEMENT_3D('',#3111,#3112,#3113);
#3111 = CARTESIAN_POINT('',(-0.365138619438,0.10163171395,
    8.000000074506E-02));
#3112 = DIRECTION('',(-0.907987253742,0.418997788827,0.));
#3113 = DIRECTION('',(-0.418997788827,-0.907987253742,0.));
#3114 = ADVANCED_FACE('',(#3115),#3133,.T.);
#3115 = FACE_BOUND('',#3116,.T.);
#3116 = EDGE_LOOP('',(#3117,#3125,#3131,#3132));
#3117 = ORIENTED_EDGE('',*,*,#3118,.F.);
#3118 = EDGE_CURVE('',#3119,#3088,#3121,.T.);
#3119 = VERTEX_POINT('',#3120);
#3120 = CARTESIAN_POINT('',(-0.293664260463,0.10163171395,
    5.000000074506E-02));
#3121 = LINE('',#3122,#3123);
#3122 = CARTESIAN_POINT('',(-0.293664260463,0.10163171395,
    5.000000074506E-02));
#3123 = VECTOR('',#3124,1.);
#3124 = DIRECTION('',(-1.,0.,0.));
#3125 = ORIENTED_EDGE('',*,*,#3126,.F.);
#3126 = EDGE_CURVE('',#3046,#3119,#3127,.T.);
#3127 = LINE('',#3128,#3129);
#3128 = CARTESIAN_POINT('',(-0.293664260463,0.10163171395,
    8.000000074506E-02));
#3129 = VECTOR('',#3130,1.);
#3130 = DIRECTION('',(-0.,-0.,-1.));
#3131 = ORIENTED_EDGE('',*,*,#3045,.T.);
#3132 = ORIENTED_EDGE('',*,*,#3097,.T.);
#3133 = PLANE('',#3134);
#3134 = AXIS2_PLACEMENT_3D('',#3135,#3136,#3137);
#3135 = CARTESIAN_POINT('',(-0.293664260463,0.10163171395,
    8.000000074506E-02));
#3136 = DIRECTION('',(0.,-1.,0.));
#3137 = DIRECTION('',(0.,0.,-1.));
#3138 = ADVANCED_FACE('',(#3139),#3150,.T.);
#3139 = FACE_BOUND('',#3140,.T.);
#3140 = EDGE_LOOP('',(#3141,#3147,#3148,#3149));
#3141 = ORIENTED_EDGE('',*,*,#3142,.F.);
#3142 = EDGE_CURVE('',#3090,#3119,#3143,.T.);
#3143 = LINE('',#3144,#3145);
#3144 = CARTESIAN_POINT('',(-0.329882209181,0.17803395754,
    5.000000074506E-02));
#3145 = VECTOR('',#3146,1.);
#3146 = DIRECTION('',(0.428351119156,-0.903612371937,0.));
#3147 = ORIENTED_EDGE('',*,*,#3104,.F.);
#3148 = ORIENTED_EDGE('',*,*,#3055,.T.);
#3149 = ORIENTED_EDGE('',*,*,#3126,.T.);
#3150 = PLANE('',#3151);
#3151 = AXIS2_PLACEMENT_3D('',#3152,#3153,#3154);
#3152 = CARTESIAN_POINT('',(-0.329882209181,0.17803395754,
    8.000000074506E-02));
#3153 = DIRECTION('',(0.903612371937,0.428351119156,0.));
#3154 = DIRECTION('',(-0.428351119156,0.903612371937,0.));
#3155 = ADVANCED_FACE('',(#3156),#3181,.T.);
#3156 = FACE_BOUND('',#3157,.T.);
#3157 = EDGE_LOOP('',(#3158,#3159,#3167,#3175));
#3158 = ORIENTED_EDGE('',*,*,#285,.F.);
#3159 = ORIENTED_EDGE('',*,*,#3160,.F.);
#3160 = EDGE_CURVE('',#3161,#286,#3163,.T.);
#3161 = VERTEX_POINT('',#3162);
#3162 = CARTESIAN_POINT('',(-0.106164260463,1.701632933468E-02,
    8.000000074506E-02));
#3163 = LINE('',#3164,#3165);
#3164 = CARTESIAN_POINT('',(-0.106164260463,1.701632933468E-02,
    8.000000074506E-02));
#3165 = VECTOR('',#3166,1.);
#3166 = DIRECTION('',(-0.,-0.,-1.));
#3167 = ORIENTED_EDGE('',*,*,#3168,.T.);
#3168 = EDGE_CURVE('',#3161,#3169,#3171,.T.);
#3169 = VERTEX_POINT('',#3170);
#3170 = CARTESIAN_POINT('',(-4.418509379668E-02,1.701632933468E-02,
    8.000000074506E-02));
#3171 = LINE('',#3172,#3173);
#3172 = CARTESIAN_POINT('',(-0.106164260463,1.701632933468E-02,
    8.000000074506E-02));
#3173 = VECTOR('',#3174,1.);
#3174 = DIRECTION('',(1.,0.,0.));
#3175 = ORIENTED_EDGE('',*,*,#3176,.T.);
#3176 = EDGE_CURVE('',#3169,#288,#3177,.T.);
#3177 = LINE('',#3178,#3179);
#3178 = CARTESIAN_POINT('',(-4.418509379668E-02,1.701632933468E-02,
    8.000000074506E-02));
#3179 = VECTOR('',#3180,1.);
#3180 = DIRECTION('',(-0.,-0.,-1.));
#3181 = PLANE('',#3182);
#3182 = AXIS2_PLACEMENT_3D('',#3183,#3184,#3185);
#3183 = CARTESIAN_POINT('',(-0.106164260463,1.701632933468E-02,
    8.000000074506E-02));
#3184 = DIRECTION('',(0.,1.,0.));
#3185 = DIRECTION('',(0.,-0.,1.));
#3186 = ADVANCED_FACE('',(#3187),#3205,.T.);
#3187 = FACE_BOUND('',#3188,.T.);
#3188 = EDGE_LOOP('',(#3189,#3190,#3191,#3199));
#3189 = ORIENTED_EDGE('',*,*,#295,.F.);
#3190 = ORIENTED_EDGE('',*,*,#3176,.F.);
#3191 = ORIENTED_EDGE('',*,*,#3192,.T.);
#3192 = EDGE_CURVE('',#3169,#3193,#3195,.T.);
#3193 = VERTEX_POINT('',#3194);
#3194 = CARTESIAN_POINT('',(-4.418509379668E-02,0.217016329335,
    8.000000074506E-02));
#3195 = LINE('',#3196,#3197);
#3196 = CARTESIAN_POINT('',(-4.418509379668E-02,1.701632933468E-02,
    8.000000074506E-02));
#3197 = VECTOR('',#3198,1.);
#3198 = DIRECTION('',(0.,1.,0.));
#3199 = ORIENTED_EDGE('',*,*,#3200,.T.);
#3200 = EDGE_CURVE('',#3193,#296,#3201,.T.);
#3201 = LINE('',#3202,#3203);
#3202 = CARTESIAN_POINT('',(-4.418509379668E-02,0.217016329335,
    8.000000074506E-02));
#3203 = VECTOR('',#3204,1.);
#3204 = DIRECTION('',(-0.,-0.,-1.));
#3205 = PLANE('',#3206);
#3206 = AXIS2_PLACEMENT_3D('',#3207,#3208,#3209);
#3207 = CARTESIAN_POINT('',(-4.418509379668E-02,1.701632933468E-02,
    8.000000074506E-02));
#3208 = DIRECTION('',(-1.,0.,0.));
#3209 = DIRECTION('',(0.,0.,1.));
#3210 = ADVANCED_FACE('',(#3211),#3229,.T.);
#3211 = FACE_BOUND('',#3212,.T.);
#3212 = EDGE_LOOP('',(#3213,#3214,#3215,#3223));
#3213 = ORIENTED_EDGE('',*,*,#303,.F.);
#3214 = ORIENTED_EDGE('',*,*,#3200,.F.);
#3215 = ORIENTED_EDGE('',*,*,#3216,.T.);
#3216 = EDGE_CURVE('',#3193,#3217,#3219,.T.);
#3217 = VERTEX_POINT('',#3218);
#3218 = CARTESIAN_POINT('',(-8.456970918129E-02,0.217016329335,
    8.000000074506E-02));
#3219 = LINE('',#3220,#3221);
#3220 = CARTESIAN_POINT('',(-4.418509379668E-02,0.217016329335,
    8.000000074506E-02));
#3221 = VECTOR('',#3222,1.);
#3222 = DIRECTION('',(-1.,0.,0.));
#3223 = ORIENTED_EDGE('',*,*,#3224,.T.);
#3224 = EDGE_CURVE('',#3217,#304,#3225,.T.);
#3225 = LINE('',#3226,#3227);
#3226 = CARTESIAN_POINT('',(-8.456970918129E-02,0.217016329335,
    8.000000074506E-02));
#3227 = VECTOR('',#3228,1.);
#3228 = DIRECTION('',(-0.,-0.,-1.));
#3229 = PLANE('',#3230);
#3230 = AXIS2_PLACEMENT_3D('',#3231,#3232,#3233);
#3231 = CARTESIAN_POINT('',(-4.418509379668E-02,0.217016329335,
    8.000000074506E-02));
#3232 = DIRECTION('',(0.,-1.,0.));
#3233 = DIRECTION('',(0.,0.,-1.));
#3234 = ADVANCED_FACE('',(#3235),#3261,.T.);
#3235 = FACE_BOUND('',#3236,.T.);
#3236 = EDGE_LOOP('',(#3237,#3238,#3239,#3255));
#3237 = ORIENTED_EDGE('',*,*,#311,.F.);
#3238 = ORIENTED_EDGE('',*,*,#3224,.F.);
#3239 = ORIENTED_EDGE('',*,*,#3240,.T.);
#3240 = EDGE_CURVE('',#3217,#3241,#3243,.T.);
#3241 = VERTEX_POINT('',#3242);
#3242 = CARTESIAN_POINT('',(-0.148031247643,0.209804790873,
    8.000000074506E-02));
#3243 = B_SPLINE_CURVE_WITH_KNOTS('',3,(#3244,#3245,#3246,#3247,#3248,
    #3249,#3250,#3251,#3252,#3253,#3254),.UNSPECIFIED.,.F.,.F.,(4,1,1,1,
    1,1,1,1,4),(0.,0.164289216475,0.31740591123,0.458843611641,
    0.589366542305,0.707831318778,0.815770030699,0.912879902902,1.),
  .UNSPECIFIED.);
#3244 = CARTESIAN_POINT('',(-8.456970918129E-02,0.217016329335,
    8.000000074506E-02));
#3245 = CARTESIAN_POINT('',(-8.808222279308E-02,0.216991039621,
    8.000000074506E-02));
#3246 = CARTESIAN_POINT('',(-9.486838081114E-02,0.216942180025,
    8.000000074506E-02));
#3247 = CARTESIAN_POINT('',(-0.10467480638,0.216632386245,
    8.000000074506E-02));
#3248 = CARTESIAN_POINT('',(-0.113748164235,0.216084359625,
    8.000000074506E-02));
#3249 = CARTESIAN_POINT('',(-0.122058613325,0.215286100989,
    8.000000074506E-02));
#3250 = CARTESIAN_POINT('',(-0.129628968296,0.214305927639,
    8.000000074506E-02));
#3251 = CARTESIAN_POINT('',(-0.136438031617,0.213077333105,
    8.000000074506E-02));
#3252 = CARTESIAN_POINT('',(-0.142521011211,0.211626580512,
    8.000000074506E-02));
#3253 = CARTESIAN_POINT('',(-0.146262122102,0.210389697641,
    8.000000074506E-02));
#3254 = CARTESIAN_POINT('',(-0.148031247643,0.209804790873,
    8.000000074506E-02));
#3255 = ORIENTED_EDGE('',*,*,#3256,.T.);
#3256 = EDGE_CURVE('',#3241,#312,#3257,.T.);
#3257 = LINE('',#3258,#3259);
#3258 = CARTESIAN_POINT('',(-0.148031247643,0.209804790873,
    8.000000074506E-02));
#3259 = VECTOR('',#3260,1.);
#3260 = DIRECTION('',(-0.,-0.,-1.));
#3261 = B_SPLINE_SURFACE_WITH_KNOTS('',3,1,(
    (#3262,#3263)
    ,(#3264,#3265)
    ,(#3266,#3267)
    ,(#3268,#3269)
    ,(#3270,#3271)
    ,(#3272,#3273)
    ,(#3274,#3275)
    ,(#3276,#3277)
    ,(#3278,#3279)
    ,(#3280,#3281)
    ,(#3282,#3283
  )),.UNSPECIFIED.,.F.,.F.,.F.,(4,1,1,1,1,1,1,1,4),(2,2),(0.,
    0.164289216475,0.31740591123,0.458843611641,0.589366542305,
    0.707831318778,0.815770030699,0.912879902902,1.),(0.,1.),
  .UNSPECIFIED.);
#3262 = CARTESIAN_POINT('',(-8.456970918129E-02,0.217016329335,
    8.000000074506E-02));
#3263 = CARTESIAN_POINT('',(-8.456970918129E-02,0.217016329335,
    5.000000074506E-02));
#3264 = CARTESIAN_POINT('',(-8.808222279308E-02,0.216991039621,
    8.000000074506E-02));
#3265 = CARTESIAN_POINT('',(-8.808222279308E-02,0.216991039621,
    5.000000074506E-02));
#3266 = CARTESIAN_POINT('',(-9.486838081114E-02,0.216942180025,
    8.000000074506E-02));
#3267 = CARTESIAN_POINT('',(-9.486838081114E-02,0.216942180025,
    5.000000074506E-02));
#3268 = CARTESIAN_POINT('',(-0.10467480638,0.216632386245,
    8.000000074506E-02));
#3269 = CARTESIAN_POINT('',(-0.10467480638,0.216632386245,
    5.000000074506E-02));
#3270 = CARTESIAN_POINT('',(-0.113748164235,0.216084359625,
    8.000000074506E-02));
#3271 = CARTESIAN_POINT('',(-0.113748164235,0.216084359625,
    5.000000074506E-02));
#3272 = CARTESIAN_POINT('',(-0.122058613325,0.215286100989,
    8.000000074506E-02));
#3273 = CARTESIAN_POINT('',(-0.122058613325,0.215286100989,
    5.000000074506E-02));
#3274 = CARTESIAN_POINT('',(-0.129628968296,0.214305927639,
    8.000000074506E-02));
#3275 = CARTESIAN_POINT('',(-0.129628968296,0.214305927639,
    5.000000074506E-02));
#3276 = CARTESIAN_POINT('',(-0.136438031617,0.213077333105,
    8.000000074506E-02));
#3277 = CARTESIAN_POINT('',(-0.136438031617,0.213077333105,
    5.000000074506E-02));
#3278 = CARTESIAN_POINT('',(-0.142521011211,0.211626580512,
    8.000000074506E-02));
#3279 = CARTESIAN_POINT('',(-0.142521011211,0.211626580512,
    5.000000074506E-02));
#3280 = CARTESIAN_POINT('',(-0.146262122102,0.210389697641,
    8.000000074506E-02));
#3281 = CARTESIAN_POINT('',(-0.146262122102,0.210389697641,
    5.000000074506E-02));
#3282 = CARTESIAN_POINT('',(-0.148031247643,0.209804790873,
    8.000000074506E-02));
#3283 = CARTESIAN_POINT('',(-0.148031247643,0.209804790873,
    5.000000074506E-02));
#3284 = ADVANCED_FACE('',(#3285),#3319,.T.);
#3285 = FACE_BOUND('',#3286,.T.);
#3286 = EDGE_LOOP('',(#3287,#3288,#3289,#3313));
#3287 = ORIENTED_EDGE('',*,*,#327,.F.);
#3288 = ORIENTED_EDGE('',*,*,#3256,.F.);
#3289 = ORIENTED_EDGE('',*,*,#3290,.T.);
#3290 = EDGE_CURVE('',#3241,#3291,#3293,.T.);
#3291 = VERTEX_POINT('',#3292);
#3292 = CARTESIAN_POINT('',(-0.208287657899,0.114492290873,
    8.000000074506E-02));
#3293 = B_SPLINE_CURVE_WITH_KNOTS('',3,(#3294,#3295,#3296,#3297,#3298,
    #3299,#3300,#3301,#3302,#3303,#3304,#3305,#3306,#3307,#3308,#3309,
    #3310,#3311,#3312),.UNSPECIFIED.,.F.,.F.,(4,1,1,1,1,1,1,1,1,1,1,1,1,
    1,1,1,4),(0.,6.154496601632E-02,0.121694296402,0.181154855453,
    0.239875388912,0.29870194245,0.357647423709,0.417604842849,
    0.478494040728,0.540407050637,0.602344993873,0.665004327923,
    0.728559308823,0.793650542027,0.86053426759,0.929235960562,1.),
  .UNSPECIFIED.);
#3294 = CARTESIAN_POINT('',(-0.148031247643,0.209804790873,
    8.000000074506E-02));
#3295 = CARTESIAN_POINT('',(-0.150345232746,0.208923036265,
    8.000000074506E-02));
#3296 = CARTESIAN_POINT('',(-0.154920729448,0.207179522317,
    8.000000074506E-02));
#3297 = CARTESIAN_POINT('',(-0.161435422166,0.203890590813,
    8.000000074506E-02));
#3298 = CARTESIAN_POINT('',(-0.16756830005,0.200164127856,
    8.000000074506E-02));
#3299 = CARTESIAN_POINT('',(-0.173352251186,0.195995221416,
    8.000000074506E-02));
#3300 = CARTESIAN_POINT('',(-0.178655155551,0.191265830074,
    8.000000074506E-02));
#3301 = CARTESIAN_POINT('',(-0.183684178222,0.186176853753,
    8.000000074506E-02));
#3302 = CARTESIAN_POINT('',(-0.188233591011,0.180543234312,
    8.000000074506E-02));
#3303 = CARTESIAN_POINT('',(-0.192399779355,0.174481806427,
    8.000000074506E-02));
#3304 = CARTESIAN_POINT('',(-0.196156102753,0.168063974872,
    8.000000074506E-02));
#3305 = CARTESIAN_POINT('',(-0.199421197488,0.161301968661,
    8.000000074506E-02));
#3306 = CARTESIAN_POINT('',(-0.20213285425,0.1542301282,
    8.000000074506E-02));
#3307 = CARTESIAN_POINT('',(-0.204383895769,0.146868119743,
    8.000000074506E-02));
#3308 = CARTESIAN_POINT('',(-0.206157979057,0.139199755297,
    8.000000074506E-02));
#3309 = CARTESIAN_POINT('',(-0.207368375155,0.131216105808,
    8.000000074506E-02));
#3310 = CARTESIAN_POINT('',(-0.208166717433,0.122948723557,
    8.000000074506E-02));
#3311 = CARTESIAN_POINT('',(-0.208246948937,0.117338754201,
    8.000000074506E-02));
#3312 = CARTESIAN_POINT('',(-0.208287657899,0.114492290873,
    8.000000074506E-02));
#3313 = ORIENTED_EDGE('',*,*,#3314,.T.);
#3314 = EDGE_CURVE('',#3291,#328,#3315,.T.);
#3315 = LINE('',#3316,#3317);
#3316 = CARTESIAN_POINT('',(-0.208287657899,0.114492290873,
    8.000000074506E-02));
#3317 = VECTOR('',#3318,1.);
#3318 = DIRECTION('',(-0.,-0.,-1.));
#3319 = B_SPLINE_SURFACE_WITH_KNOTS('',3,1,(
    (#3320,#3321)
    ,(#3322,#3323)
    ,(#3324,#3325)
    ,(#3326,#3327)
    ,(#3328,#3329)
    ,(#3330,#3331)
    ,(#3332,#3333)
    ,(#3334,#3335)
    ,(#3336,#3337)
    ,(#3338,#3339)
    ,(#3340,#3341)
    ,(#3342,#3343)
    ,(#3344,#3345)
    ,(#3346,#3347)
    ,(#3348,#3349)
    ,(#3350,#3351)
    ,(#3352,#3353)
    ,(#3354,#3355)
    ,(#3356,#3357
    )),.UNSPECIFIED.,.F.,.F.,.F.,(4,1,1,1,1,1,1,1,1,1,1,1,1,1,1,1,4),(2,
    2),(0.,6.154496601632E-02,0.121694296402,0.181154855453,
    0.239875388912,0.29870194245,0.357647423709,0.417604842849,
    0.478494040728,0.540407050637,0.602344993873,0.665004327923,
    0.728559308823,0.793650542027,0.86053426759,0.929235960562,1.),(0.,
    1.),.UNSPECIFIED.);
#3320 = CARTESIAN_POINT('',(-0.148031247643,0.209804790873,
    8.000000074506E-02));
#3321 = CARTESIAN_POINT('',(-0.148031247643,0.209804790873,
    5.000000074506E-02));
#3322 = CARTESIAN_POINT('',(-0.150345232746,0.208923036265,
    8.000000074506E-02));
#3323 = CARTESIAN_POINT('',(-0.150345232746,0.208923036265,
    5.000000074506E-02));
#3324 = CARTESIAN_POINT('',(-0.154920729448,0.207179522317,
    8.000000074506E-02));
#3325 = CARTESIAN_POINT('',(-0.154920729448,0.207179522317,
    5.000000074506E-02));
#3326 = CARTESIAN_POINT('',(-0.161435422166,0.203890590813,
    8.000000074506E-02));
#3327 = CARTESIAN_POINT('',(-0.161435422166,0.203890590813,
    5.000000074506E-02));
#3328 = CARTESIAN_POINT('',(-0.16756830005,0.200164127856,
    8.000000074506E-02));
#3329 = CARTESIAN_POINT('',(-0.16756830005,0.200164127856,
    5.000000074506E-02));
#3330 = CARTESIAN_POINT('',(-0.173352251186,0.195995221416,
    8.000000074506E-02));
#3331 = CARTESIAN_POINT('',(-0.173352251186,0.195995221416,
    5.000000074506E-02));
#3332 = CARTESIAN_POINT('',(-0.178655155551,0.191265830074,
    8.000000074506E-02));
#3333 = CARTESIAN_POINT('',(-0.178655155551,0.191265830074,
    5.000000074506E-02));
#3334 = CARTESIAN_POINT('',(-0.183684178222,0.186176853753,
    8.000000074506E-02));
#3335 = CARTESIAN_POINT('',(-0.183684178222,0.186176853753,
    5.000000074506E-02));
#3336 = CARTESIAN_POINT('',(-0.188233591011,0.180543234312,
    8.000000074506E-02));
#3337 = CARTESIAN_POINT('',(-0.188233591011,0.180543234312,
    5.000000074506E-02));
#3338 = CARTESIAN_POINT('',(-0.192399779355,0.174481806427,
    8.000000074506E-02));
#3339 = CARTESIAN_POINT('',(-0.192399779355,0.174481806427,
    5.000000074506E-02));
#3340 = CARTESIAN_POINT('',(-0.196156102753,0.168063974872,
    8.000000074506E-02));
#3341 = CARTESIAN_POINT('',(-0.196156102753,0.168063974872,
    5.000000074506E-02));
#3342 = CARTESIAN_POINT('',(-0.199421197488,0.161301968661,
    8.000000074506E-02));
#3343 = CARTESIAN_POINT('',(-0.199421197488,0.161301968661,
    5.000000074506E-02));
#3344 = CARTESIAN_POINT('',(-0.20213285425,0.1542301282,
    8.000000074506E-02));
#3345 = CARTESIAN_POINT('',(-0.20213285425,0.1542301282,
    5.000000074506E-02));
#3346 = CARTESIAN_POINT('',(-0.204383895769,0.146868119743,
    8.000000074506E-02));
#3347 = CARTESIAN_POINT('',(-0.204383895769,0.146868119743,
    5.000000074506E-02));
#3348 = CARTESIAN_POINT('',(-0.206157979057,0.139199755297,
    8.000000074506E-02));
#3349 = CARTESIAN_POINT('',(-0.206157979057,0.139199755297,
    5.000000074506E-02));
#3350 = CARTESIAN_POINT('',(-0.207368375155,0.131216105808,
    8.000000074506E-02));
#3351 = CARTESIAN_POINT('',(-0.207368375155,0.131216105808,
    5.000000074506E-02));
#3352 = CARTESIAN_POINT('',(-0.208166717433,0.122948723557,
    8.000000074506E-02));
#3353 = CARTESIAN_POINT('',(-0.208166717433,0.122948723557,
    5.000000074506E-02));
#3354 = CARTESIAN_POINT('',(-0.208246948937,0.117338754201,
    8.000000074506E-02));
#3355 = CARTESIAN_POINT('',(-0.208246948937,0.117338754201,
    5.000000074506E-02));
#3356 = CARTESIAN_POINT('',(-0.208287657899,0.114492290873,
    8.000000074506E-02));
#3357 = CARTESIAN_POINT('',(-0.208287657899,0.114492290873,
    5.000000074506E-02));
#3358 = ADVANCED_FACE('',(#3359),#3394,.T.);
#3359 = FACE_BOUND('',#3360,.T.);
#3360 = EDGE_LOOP('',(#3361,#3362,#3363,#3393));
#3361 = ORIENTED_EDGE('',*,*,#351,.F.);
#3362 = ORIENTED_EDGE('',*,*,#3314,.F.);
#3363 = ORIENTED_EDGE('',*,*,#3364,.T.);
#3364 = EDGE_CURVE('',#3291,#3161,#3365,.T.);
#3365 = B_SPLINE_CURVE_WITH_KNOTS('',3,(#3366,#3367,#3368,#3369,#3370,
    #3371,#3372,#3373,#3374,#3375,#3376,#3377,#3378,#3379,#3380,#3381,
    #3382,#3383,#3384,#3385,#3386,#3387,#3388,#3389,#3390,#3391,#3392),
  .UNSPECIFIED.,.F.,.F.,(4,1,1,1,1,1,1,1,1,1,1,1,1,1,1,1,1,1,1,1,1,1,1,1
    ,4),(0.,4.608068338725E-02,9.080679960762E-02,0.134295270529,
    0.177024385666,0.218822733683,0.260244116327,0.301079867113,
    0.341613894285,0.381583418552,0.42011959133,0.458074618542,
    0.494738487608,0.531194622894,0.56693369845,0.602712650738,
    0.638326606128,0.674853248855,0.713467370784,0.754441803848,
    0.797815360712,0.843989456208,0.89307156988,0.944963346178,1.),
  .UNSPECIFIED.);
#3366 = CARTESIAN_POINT('',(-0.208287657899,0.114492290873,
    8.000000074506E-02));
#3367 = CARTESIAN_POINT('',(-0.2082517169,0.112020220102,
    8.000000074506E-02));
#3368 = CARTESIAN_POINT('',(-0.208180891408,0.107148746448,
    8.000000074506E-02));
#3369 = CARTESIAN_POINT('',(-0.207544930502,9.996926669926E-02,
    8.000000074506E-02));
#3370 = CARTESIAN_POINT('',(-0.206620569356,9.300277690814E-02,
    8.000000074506E-02));
#3371 = CARTESIAN_POINT('',(-0.205189472337,8.628245119142E-02,
    8.000000074506E-02));
#3372 = CARTESIAN_POINT('',(-0.203452185855,7.974941016938E-02,
    8.000000074506E-02));
#3373 = CARTESIAN_POINT('',(-0.201225662924,7.34732819211E-02,
    8.000000074506E-02));
#3374 = CARTESIAN_POINT('',(-0.198675063142,6.739649281638E-02,
    8.000000074506E-02));
#3375 = CARTESIAN_POINT('',(-0.195700784367,6.160120847875E-02,
    8.000000074506E-02));
#3376 = CARTESIAN_POINT('',(-0.192435562367,5.611073005953E-02,
    8.000000074506E-02));
#3377 = CARTESIAN_POINT('',(-0.188931462756,5.093498559558E-02,
    8.000000074506E-02));
#3378 = CARTESIAN_POINT('',(-0.185192223019,4.614783006351E-02,
    8.000000074506E-02));
#3379 = CARTESIAN_POINT('',(-0.181182186852,4.173476651853E-02,
    8.000000074506E-02));
#3380 = CARTESIAN_POINT('',(-0.176953174484,3.770244775316E-02,
    8.000000074506E-02));
#3381 = CARTESIAN_POINT('',(-0.172477498452,3.401718973332E-02,
    8.000000074506E-02));
#3382 = CARTESIAN_POINT('',(-0.167743609836,3.075110088486E-02,
    8.000000074506E-02));
#3383 = CARTESIAN_POINT('',(-0.162772711392,2.777583755813E-02,
    8.000000074506E-02));
#3384 = CARTESIAN_POINT('',(-0.157419789724,2.518038867137E-02,
    8.000000074506E-02));
#3385 = CARTESIAN_POINT('',(-0.151583454513,2.298438811116E-02,
    8.000000074506E-02));
#3386 = CARTESIAN_POINT('',(-0.145238815771,2.116458151853E-02,
    8.000000074506E-02));
#3387 = CARTESIAN_POINT('',(-0.138401446804,1.96462446159E-02,
    8.000000074506E-02));
#3388 = CARTESIAN_POINT('',(-0.13105953379,1.844182732191E-02,
    8.000000074506E-02));
#3389 = CARTESIAN_POINT('',(-0.123205878601,1.763460489689E-02,
    8.000000074506E-02));
#3390 = CARTESIAN_POINT('',(-0.114852547761,1.70887230287E-02,
    8.000000074506E-02));
#3391 = CARTESIAN_POINT('',(-0.109116589747,1.704092912236E-02,
    8.000000074506E-02));
#3392 = CARTESIAN_POINT('',(-0.106164260463,1.701632933468E-02,
    8.000000074506E-02));
#3393 = ORIENTED_EDGE('',*,*,#3160,.T.);
#3394 = B_SPLINE_SURFACE_WITH_KNOTS('',3,1,(
    (#3395,#3396)
    ,(#3397,#3398)
    ,(#3399,#3400)
    ,(#3401,#3402)
    ,(#3403,#3404)
    ,(#3405,#3406)
    ,(#3407,#3408)
    ,(#3409,#3410)
    ,(#3411,#3412)
    ,(#3413,#3414)
    ,(#3415,#3416)
    ,(#3417,#3418)
    ,(#3419,#3420)
    ,(#3421,#3422)
    ,(#3423,#3424)
    ,(#3425,#3426)
    ,(#3427,#3428)
    ,(#3429,#3430)
    ,(#3431,#3432)
    ,(#3433,#3434)
    ,(#3435,#3436)
    ,(#3437,#3438)
    ,(#3439,#3440)
    ,(#3441,#3442)
    ,(#3443,#3444)
    ,(#3445,#3446)
    ,(#3447,#3448
    )),.UNSPECIFIED.,.F.,.F.,.F.,(4,1,1,1,1,1,1,1,1,1,1,1,1,1,1,1,1,1,1,
    1,1,1,1,1,4),(2,2),(0.,4.608068338725E-02,9.080679960762E-02,
    0.134295270529,0.177024385666,0.218822733683,0.260244116327,
    0.301079867113,0.341613894285,0.381583418552,0.42011959133,
    0.458074618542,0.494738487608,0.531194622894,0.56693369845,
    0.602712650738,0.638326606128,0.674853248855,0.713467370784,
    0.754441803848,0.797815360712,0.843989456208,0.89307156988,
    0.944963346178,1.),(0.,1.),.UNSPECIFIED.);
#3395 = CARTESIAN_POINT('',(-0.208287657899,0.114492290873,
    8.000000074506E-02));
#3396 = CARTESIAN_POINT('',(-0.208287657899,0.114492290873,
    5.000000074506E-02));
#3397 = CARTESIAN_POINT('',(-0.2082517169,0.112020220102,
    8.000000074506E-02));
#3398 = CARTESIAN_POINT('',(-0.2082517169,0.112020220102,
    5.000000074506E-02));
#3399 = CARTESIAN_POINT('',(-0.208180891408,0.107148746448,
    8.000000074506E-02));
#3400 = CARTESIAN_POINT('',(-0.208180891408,0.107148746448,
    5.000000074506E-02));
#3401 = CARTESIAN_POINT('',(-0.207544930502,9.996926669926E-02,
    8.000000074506E-02));
#3402 = CARTESIAN_POINT('',(-0.207544930502,9.996926669926E-02,
    5.000000074506E-02));
#3403 = CARTESIAN_POINT('',(-0.206620569356,9.300277690814E-02,
    8.000000074506E-02));
#3404 = CARTESIAN_POINT('',(-0.206620569356,9.300277690814E-02,
    5.000000074506E-02));
#3405 = CARTESIAN_POINT('',(-0.205189472337,8.628245119142E-02,
    8.000000074506E-02));
#3406 = CARTESIAN_POINT('',(-0.205189472337,8.628245119142E-02,
    5.000000074506E-02));
#3407 = CARTESIAN_POINT('',(-0.203452185855,7.974941016938E-02,
    8.000000074506E-02));
#3408 = CARTESIAN_POINT('',(-0.203452185855,7.974941016938E-02,
    5.000000074506E-02));
#3409 = CARTESIAN_POINT('',(-0.201225662924,7.34732819211E-02,
    8.000000074506E-02));
#3410 = CARTESIAN_POINT('',(-0.201225662924,7.34732819211E-02,
    5.000000074506E-02));
#3411 = CARTESIAN_POINT('',(-0.198675063142,6.739649281638E-02,
    8.000000074506E-02));
#3412 = CARTESIAN_POINT('',(-0.198675063142,6.739649281638E-02,
    5.000000074506E-02));
#3413 = CARTESIAN_POINT('',(-0.195700784367,6.160120847875E-02,
    8.000000074506E-02));
#3414 = CARTESIAN_POINT('',(-0.195700784367,6.160120847875E-02,
    5.000000074506E-02));
#3415 = CARTESIAN_POINT('',(-0.192435562367,5.611073005953E-02,
    8.000000074506E-02));
#3416 = CARTESIAN_POINT('',(-0.192435562367,5.611073005953E-02,
    5.000000074506E-02));
#3417 = CARTESIAN_POINT('',(-0.188931462756,5.093498559558E-02,
    8.000000074506E-02));
#3418 = CARTESIAN_POINT('',(-0.188931462756,5.093498559558E-02,
    5.000000074506E-02));
#3419 = CARTESIAN_POINT('',(-0.185192223019,4.614783006351E-02,
    8.000000074506E-02));
#3420 = CARTESIAN_POINT('',(-0.185192223019,4.614783006351E-02,
    5.000000074506E-02));
#3421 = CARTESIAN_POINT('',(-0.181182186852,4.173476651853E-02,
    8.000000074506E-02));
#3422 = CARTESIAN_POINT('',(-0.181182186852,4.173476651853E-02,
    5.000000074506E-02));
#3423 = CARTESIAN_POINT('',(-0.176953174484,3.770244775316E-02,
    8.000000074506E-02));
#3424 = CARTESIAN_POINT('',(-0.176953174484,3.770244775316E-02,
    5.000000074506E-02));
#3425 = CARTESIAN_POINT('',(-0.172477498452,3.401718973332E-02,
    8.000000074506E-02));
#3426 = CARTESIAN_POINT('',(-0.172477498452,3.401718973332E-02,
    5.000000074506E-02));
#3427 = CARTESIAN_POINT('',(-0.167743609836,3.075110088486E-02,
    8.000000074506E-02));
#3428 = CARTESIAN_POINT('',(-0.167743609836,3.075110088486E-02,
    5.000000074506E-02));
#3429 = CARTESIAN_POINT('',(-0.162772711392,2.777583755813E-02,
    8.000000074506E-02));
#3430 = CARTESIAN_POINT('',(-0.162772711392,2.777583755813E-02,
    5.000000074506E-02));
#3431 = CARTESIAN_POINT('',(-0.157419789724,2.518038867137E-02,
    8.000000074506E-02));
#3432 = CARTESIAN_POINT('',(-0.157419789724,2.518038867137E-02,
    5.000000074506E-02));
#3433 = CARTESIAN_POINT('',(-0.151583454513,2.298438811116E-02,
    8.000000074506E-02));
#3434 = CARTESIAN_POINT('',(-0.151583454513,2.298438811116E-02,
    5.000000074506E-02));
#3435 = CARTESIAN_POINT('',(-0.145238815771,2.116458151853E-02,
    8.000000074506E-02));
#3436 = CARTESIAN_POINT('',(-0.145238815771,2.116458151853E-02,
    5.000000074506E-02));
#3437 = CARTESIAN_POINT('',(-0.138401446804,1.96462446159E-02,
    8.000000074506E-02));
#3438 = CARTESIAN_POINT('',(-0.138401446804,1.96462446159E-02,
    5.000000074506E-02));
#3439 = CARTESIAN_POINT('',(-0.13105953379,1.844182732191E-02,
    8.000000074506E-02));
#3440 = CARTESIAN_POINT('',(-0.13105953379,1.844182732191E-02,
    5.000000074506E-02));
#3441 = CARTESIAN_POINT('',(-0.123205878601,1.763460489689E-02,
    8.000000074506E-02));
#3442 = CARTESIAN_POINT('',(-0.123205878601,1.763460489689E-02,
    5.000000074506E-02));
#3443 = CARTESIAN_POINT('',(-0.114852547761,1.70887230287E-02,
    8.000000074506E-02));
#3444 = CARTESIAN_POINT('',(-0.114852547761,1.70887230287E-02,
    5.000000074506E-02));
#3445 = CARTESIAN_POINT('',(-0.109116589747,1.704092912236E-02,
    8.000000074506E-02));
#3446 = CARTESIAN_POINT('',(-0.109116589747,1.704092912236E-02,
    5.000000074506E-02));
#3447 = CARTESIAN_POINT('',(-0.106164260463,1.701632933468E-02,
    8.000000074506E-02));
#3448 = CARTESIAN_POINT('',(-0.106164260463,1.701632933468E-02,
    5.000000074506E-02));
#3449 = ADVANCED_FACE('',(#3450,#3556),#3564,.T.);
#3450 = FACE_BOUND('',#3451,.T.);
#3451 = EDGE_LOOP('',(#3452,#3462,#3478,#3502,#3526,#3542,#3550));
#3452 = ORIENTED_EDGE('',*,*,#3453,.F.);
#3453 = EDGE_CURVE('',#3454,#3456,#3458,.T.);
#3454 = VERTEX_POINT('',#3455);
#3455 = CARTESIAN_POINT('',(-7.61963117454E-02,0.196503508822,
    8.000000074506E-02));
#3456 = VERTEX_POINT('',#3457);
#3457 = CARTESIAN_POINT('',(-6.21338117454E-02,0.196503508822,
    8.000000074506E-02));
#3458 = LINE('',#3459,#3460);
#3459 = CARTESIAN_POINT('',(-7.61963117454E-02,0.196503508822,
    8.000000074506E-02));
#3460 = VECTOR('',#3461,1.);
#3461 = DIRECTION('',(1.,0.,0.));
#3462 = ORIENTED_EDGE('',*,*,#3463,.F.);
#3463 = EDGE_CURVE('',#3464,#3454,#3466,.T.);
#3464 = VERTEX_POINT('',#3465);
#3465 = CARTESIAN_POINT('',(-0.137654645079,0.190894534463,
    8.000000074506E-02));
#3466 = B_SPLINE_CURVE_WITH_KNOTS('',3,(#3467,#3468,#3469,#3470,#3471,
    #3472,#3473,#3474,#3475,#3476,#3477),.UNSPECIFIED.,.F.,.F.,(4,1,1,1,
    1,1,1,1,4),(0.,8.431861695858E-02,0.179284514214,0.286582527647,
    0.405111483434,0.535592873419,0.678190209993,0.83297583976,1.),
  .UNSPECIFIED.);
#3467 = CARTESIAN_POINT('',(-0.137654645079,0.190894534463,
    8.000000074506E-02));
#3468 = CARTESIAN_POINT('',(-0.135977436715,0.191358330341,
    8.000000074506E-02));
#3469 = CARTESIAN_POINT('',(-0.132411231556,0.192344487631,
    8.000000074506E-02));
#3470 = CARTESIAN_POINT('',(-0.126591833611,0.193420223203,
    8.000000074506E-02));
#3471 = CARTESIAN_POINT('',(-0.120042396501,0.194369051719,
    8.000000074506E-02));
#3472 = CARTESIAN_POINT('',(-0.112733842152,0.195172368253,
    8.000000074506E-02));
#3473 = CARTESIAN_POINT('',(-0.104674501632,0.195748786615,
    8.000000074506E-02));
#3474 = CARTESIAN_POINT('',(-9.585817660428E-02,0.196181433164,
    8.000000074506E-02));
#3475 = CARTESIAN_POINT('',(-8.628105634328E-02,0.196473240735,
    8.000000074506E-02));
#3476 = CARTESIAN_POINT('',(-7.964205440882E-02,0.19649316686,
    8.000000074506E-02));
#3477 = CARTESIAN_POINT('',(-7.61963117454E-02,0.196503508822,
    8.000000074506E-02));
#3478 = ORIENTED_EDGE('',*,*,#3479,.F.);
#3479 = EDGE_CURVE('',#3480,#3464,#3482,.T.);
#3480 = VERTEX_POINT('',#3481);
#3481 = CARTESIAN_POINT('',(-0.190338939951,0.114532354976,
    8.000000074506E-02));
#3482 = B_SPLINE_CURVE_WITH_KNOTS('',3,(#3483,#3484,#3485,#3486,#3487,
    #3488,#3489,#3490,#3491,#3492,#3493,#3494,#3495,#3496,#3497,#3498,
    #3499,#3500,#3501),.UNSPECIFIED.,.F.,.F.,(4,1,1,1,1,1,1,1,1,1,1,1,1,
    1,1,1,4),(0.,7.015117599728E-02,0.13781260619,0.203226247181,
    0.267174055294,0.330024003408,0.391794271787,0.453084398997,
    0.514333907646,0.574999992818,0.634865482622,0.69411631519,
    0.75344162178,0.813125800304,0.874079685637,0.936007013274,1.),
  .UNSPECIFIED.);
#3483 = CARTESIAN_POINT('',(-0.190338939951,0.114532354976,
    8.000000074506E-02));
#3484 = CARTESIAN_POINT('',(-0.190309609244,0.116871410993,
    8.000000074506E-02));
#3485 = CARTESIAN_POINT('',(-0.190251988811,0.121466507242,
    8.000000074506E-02));
#3486 = CARTESIAN_POINT('',(-0.189527742502,0.128208832686,
    8.000000074506E-02));
#3487 = CARTESIAN_POINT('',(-0.188469367902,0.134693441288,
    8.000000074506E-02));
#3488 = CARTESIAN_POINT('',(-0.186938871557,0.140920766739,
    8.000000074506E-02));
#3489 = CARTESIAN_POINT('',(-0.184988535623,0.146902958292,
    8.000000074506E-02));
#3490 = CARTESIAN_POINT('',(-0.182554556094,0.152606930303,
    8.000000074506E-02));
#3491 = CARTESIAN_POINT('',(-0.179773606421,0.15809292281,
    8.000000074506E-02));
#3492 = CARTESIAN_POINT('',(-0.176464844316,0.163234315138,
    8.000000074506E-02));
#3493 = CARTESIAN_POINT('',(-0.172841096124,0.168096778517,
    8.000000074506E-02));
#3494 = CARTESIAN_POINT('',(-0.168819503019,0.172551345121,
    8.000000074506E-02));
#3495 = CARTESIAN_POINT('',(-0.16446395796,0.17660816228,
    8.000000074506E-02));
#3496 = CARTESIAN_POINT('',(-0.159821966563,0.180330408718,
    8.000000074506E-02));
#3497 = CARTESIAN_POINT('',(-0.154762703749,0.183568333054,
    8.000000074506E-02));
#3498 = CARTESIAN_POINT('',(-0.149405349989,0.18646471483,
    8.000000074506E-02));
#3499 = CARTESIAN_POINT('',(-0.143671311636,0.188922765764,
    8.000000074506E-02));
#3500 = CARTESIAN_POINT('',(-0.139682014731,0.19023012935,
    8.000000074506E-02));
#3501 = CARTESIAN_POINT('',(-0.137654645079,0.190894534463,
    8.000000074506E-02));
#3502 = ORIENTED_EDGE('',*,*,#3503,.F.);
#3503 = EDGE_CURVE('',#3504,#3480,#3506,.T.);
#3504 = VERTEX_POINT('',#3505);
#3505 = CARTESIAN_POINT('',(-0.142262016874,4.261729087314E-02,
    8.000000074506E-02));
#3506 = B_SPLINE_CURVE_WITH_KNOTS('',3,(#3507,#3508,#3509,#3510,#3511,
    #3512,#3513,#3514,#3515,#3516,#3517,#3518,#3519,#3520,#3521,#3522,
    #3523,#3524,#3525),.UNSPECIFIED.,.F.,.F.,(4,1,1,1,1,1,1,1,1,1,1,1,1,
    1,1,1,4),(0.,6.241450026328E-02,0.123338231473,0.183124537692,
    0.241782994639,0.300578882551,0.359680074897,0.41888164085,
    0.479530664458,0.54085053576,0.602303395898,0.664463211946,
    0.727805722667,0.792894814781,0.859672328303,0.928464400733,1.),
  .UNSPECIFIED.);
#3507 = CARTESIAN_POINT('',(-0.142262016874,4.261729087314E-02,
    8.000000074506E-02));
#3508 = CARTESIAN_POINT('',(-0.144087637564,4.326023705844E-02,
    8.000000074506E-02));
#3509 = CARTESIAN_POINT('',(-0.147695274031,4.453077267264E-02,
    8.000000074506E-02));
#3510 = CARTESIAN_POINT('',(-0.1528884789,4.684835331193E-02,
    8.000000074506E-02));
#3511 = CARTESIAN_POINT('',(-0.157731736309,4.959361444048E-02,
    8.000000074506E-02));
#3512 = CARTESIAN_POINT('',(-0.16230945204,5.26451729538E-02,
    8.000000074506E-02));
#3513 = CARTESIAN_POINT('',(-0.166556689493,5.611065878334E-02,
    8.000000074506E-02));
#3514 = CARTESIAN_POINT('',(-0.170523781853,5.991471528642E-02,
    8.000000074506E-02));
#3515 = CARTESIAN_POINT('',(-0.174202741931,6.407670243338E-02,
    8.000000074506E-02));
#3516 = CARTESIAN_POINT('',(-0.177555559531,6.859145452269E-02,
    8.000000074506E-02));
#3517 = CARTESIAN_POINT('',(-0.180556034047,7.343087141642E-02,
    8.000000074506E-02));
#3518 = CARTESIAN_POINT('',(-0.183154390013,7.854737619769E-02,
    8.000000074506E-02));
#3519 = CARTESIAN_POINT('',(-0.18543162039,8.388490821025E-02,
    8.000000074506E-02));
#3520 = CARTESIAN_POINT('',(-0.187218968539,8.952543156189E-02,
    8.000000074506E-02));
#3521 = CARTESIAN_POINT('',(-0.188619859063,9.541852061423E-02,
    8.000000074506E-02));
#3522 = CARTESIAN_POINT('',(-0.189612126947,0.101564589943,
    8.000000074506E-02));
#3523 = CARTESIAN_POINT('',(-0.190230111202,0.107962491764,
    8.000000074506E-02));
#3524 = CARTESIAN_POINT('',(-0.190302193941,0.112314041722,
    8.000000074506E-02));
#3525 = CARTESIAN_POINT('',(-0.190338939951,0.114532354976,
    8.000000074506E-02));
#3526 = ORIENTED_EDGE('',*,*,#3527,.F.);
#3527 = EDGE_CURVE('',#3528,#3504,#3530,.T.);
#3528 = VERTEX_POINT('',#3529);
#3529 = CARTESIAN_POINT('',(-8.509054251463E-02,3.75291498475E-02,
    8.000000074506E-02));
#3530 = B_SPLINE_CURVE_WITH_KNOTS('',3,(#3531,#3532,#3533,#3534,#3535,
    #3536,#3537,#3538,#3539,#3540,#3541),.UNSPECIFIED.,.F.,.F.,(4,1,1,1,
    1,1,1,1,4),(0.,0.171900664613,0.330627932096,0.475548835881,
    0.606746190312,0.725023803467,0.829742386958,0.921322820344,1.),
  .UNSPECIFIED.);
#3531 = CARTESIAN_POINT('',(-8.509054251463E-02,3.75291498475E-02,
    8.000000074506E-02));
#3532 = CARTESIAN_POINT('',(-8.838930655691E-02,3.754332678316E-02,
    8.000000074506E-02));
#3533 = CARTESIAN_POINT('',(-9.473403789479E-02,3.757059422236E-02,
    8.000000074506E-02));
#3534 = CARTESIAN_POINT('',(-0.103857352026,3.780986297283E-02,
    8.000000074506E-02));
#3535 = CARTESIAN_POINT('',(-0.112193317538,3.820083083017E-02,
    8.000000074506E-02));
#3536 = CARTESIAN_POINT('',(-0.119743118075,3.874797813352E-02,
    8.000000074506E-02));
#3537 = CARTESIAN_POINT('',(-0.126502490892,3.947189900142E-02,
    8.000000074506E-02));
#3538 = CARTESIAN_POINT('',(-0.132485562314,4.027903630128E-02,
    8.000000074506E-02));
#3539 = CARTESIAN_POINT('',(-0.137672719932,4.128460491591E-02,
    8.000000074506E-02));
#3540 = CARTESIAN_POINT('',(-0.1408115449,4.219608831103E-02,
    8.000000074506E-02));
#3541 = CARTESIAN_POINT('',(-0.142262016874,4.261729087314E-02,
    8.000000074506E-02));
#3542 = ORIENTED_EDGE('',*,*,#3543,.F.);
#3543 = EDGE_CURVE('',#3544,#3528,#3546,.T.);
#3544 = VERTEX_POINT('',#3545);
#3545 = CARTESIAN_POINT('',(-6.21338117454E-02,3.75291498475E-02,
    8.000000074506E-02));
#3546 = LINE('',#3547,#3548);
#3547 = CARTESIAN_POINT('',(-6.21338117454E-02,3.75291498475E-02,
    8.000000074506E-02));
#3548 = VECTOR('',#3549,1.);
#3549 = DIRECTION('',(-1.,0.,0.));
#3550 = ORIENTED_EDGE('',*,*,#3551,.F.);
#3551 = EDGE_CURVE('',#3456,#3544,#3552,.T.);
#3552 = LINE('',#3553,#3554);
#3553 = CARTESIAN_POINT('',(-6.21338117454E-02,0.196503508822,
    8.000000074506E-02));
#3554 = VECTOR('',#3555,1.);
#3555 = DIRECTION('',(0.,-1.,0.));
#3556 = FACE_BOUND('',#3557,.T.);
#3557 = EDGE_LOOP('',(#3558,#3559,#3560,#3561,#3562,#3563));
#3558 = ORIENTED_EDGE('',*,*,#3168,.F.);
#3559 = ORIENTED_EDGE('',*,*,#3364,.F.);
#3560 = ORIENTED_EDGE('',*,*,#3290,.F.);
#3561 = ORIENTED_EDGE('',*,*,#3240,.F.);
#3562 = ORIENTED_EDGE('',*,*,#3216,.F.);
#3563 = ORIENTED_EDGE('',*,*,#3192,.F.);
#3564 = PLANE('',#3565);
#3565 = AXIS2_PLACEMENT_3D('',#3566,#3567,#3568);
#3566 = CARTESIAN_POINT('',(-0.116607250129,0.215792907857,
    8.000000074506E-02));
#3567 = DIRECTION('',(0.,0.,-1.));
#3568 = DIRECTION('',(-1.,0.,0.));
#3569 = ADVANCED_FACE('',(#3570),#3595,.T.);
#3570 = FACE_BOUND('',#3571,.T.);
#3571 = EDGE_LOOP('',(#3572,#3582,#3588,#3589));
#3572 = ORIENTED_EDGE('',*,*,#3573,.F.);
#3573 = EDGE_CURVE('',#3574,#3576,#3578,.T.);
#3574 = VERTEX_POINT('',#3575);
#3575 = CARTESIAN_POINT('',(-6.21338117454E-02,0.196503508822,
    5.000000074506E-02));
#3576 = VERTEX_POINT('',#3577);
#3577 = CARTESIAN_POINT('',(-6.21338117454E-02,3.75291498475E-02,
    5.000000074506E-02));
#3578 = LINE('',#3579,#3580);
#3579 = CARTESIAN_POINT('',(-6.21338117454E-02,0.196503508822,
    5.000000074506E-02));
#3580 = VECTOR('',#3581,1.);
#3581 = DIRECTION('',(0.,-1.,0.));
#3582 = ORIENTED_EDGE('',*,*,#3583,.F.);
#3583 = EDGE_CURVE('',#3456,#3574,#3584,.T.);
#3584 = LINE('',#3585,#3586);
#3585 = CARTESIAN_POINT('',(-6.21338117454E-02,0.196503508822,
    8.000000074506E-02));
#3586 = VECTOR('',#3587,1.);
#3587 = DIRECTION('',(-0.,-0.,-1.));
#3588 = ORIENTED_EDGE('',*,*,#3551,.T.);
#3589 = ORIENTED_EDGE('',*,*,#3590,.T.);
#3590 = EDGE_CURVE('',#3544,#3576,#3591,.T.);
#3591 = LINE('',#3592,#3593);
#3592 = CARTESIAN_POINT('',(-6.21338117454E-02,3.75291498475E-02,
    8.000000074506E-02));
#3593 = VECTOR('',#3594,1.);
#3594 = DIRECTION('',(-0.,-0.,-1.));
#3595 = PLANE('',#3596);
#3596 = AXIS2_PLACEMENT_3D('',#3597,#3598,#3599);
#3597 = CARTESIAN_POINT('',(-6.21338117454E-02,0.196503508822,
    8.000000074506E-02));
#3598 = DIRECTION('',(1.,0.,0.));
#3599 = DIRECTION('',(0.,0.,-1.));
#3600 = ADVANCED_FACE('',(#3601),#3619,.T.);
#3601 = FACE_BOUND('',#3602,.T.);
#3602 = EDGE_LOOP('',(#3603,#3611,#3617,#3618));
#3603 = ORIENTED_EDGE('',*,*,#3604,.F.);
#3604 = EDGE_CURVE('',#3605,#3574,#3607,.T.);
#3605 = VERTEX_POINT('',#3606);
#3606 = CARTESIAN_POINT('',(-7.61963117454E-02,0.196503508822,
    5.000000074506E-02));
#3607 = LINE('',#3608,#3609);
#3608 = CARTESIAN_POINT('',(-7.61963117454E-02,0.196503508822,
    5.000000074506E-02));
#3609 = VECTOR('',#3610,1.);
#3610 = DIRECTION('',(1.,0.,0.));
#3611 = ORIENTED_EDGE('',*,*,#3612,.F.);
#3612 = EDGE_CURVE('',#3454,#3605,#3613,.T.);
#3613 = LINE('',#3614,#3615);
#3614 = CARTESIAN_POINT('',(-7.61963117454E-02,0.196503508822,
    8.000000074506E-02));
#3615 = VECTOR('',#3616,1.);
#3616 = DIRECTION('',(-0.,-0.,-1.));
#3617 = ORIENTED_EDGE('',*,*,#3453,.T.);
#3618 = ORIENTED_EDGE('',*,*,#3583,.T.);
#3619 = PLANE('',#3620);
#3620 = AXIS2_PLACEMENT_3D('',#3621,#3622,#3623);
#3621 = CARTESIAN_POINT('',(-7.61963117454E-02,0.196503508822,
    8.000000074506E-02));
#3622 = DIRECTION('',(0.,1.,0.));
#3623 = DIRECTION('',(0.,-0.,1.));
#3624 = ADVANCED_FACE('',(#3625),#3651,.T.);
#3625 = FACE_BOUND('',#3626,.T.);
#3626 = EDGE_LOOP('',(#3627,#3643,#3649,#3650));
#3627 = ORIENTED_EDGE('',*,*,#3628,.F.);
#3628 = EDGE_CURVE('',#3629,#3605,#3631,.T.);
#3629 = VERTEX_POINT('',#3630);
#3630 = CARTESIAN_POINT('',(-0.137654645079,0.190894534463,
    5.000000074506E-02));
#3631 = B_SPLINE_CURVE_WITH_KNOTS('',3,(#3632,#3633,#3634,#3635,#3636,
    #3637,#3638,#3639,#3640,#3641,#3642),.UNSPECIFIED.,.F.,.F.,(4,1,1,1,
    1,1,1,1,4),(0.,8.431861695858E-02,0.179284514214,0.286582527647,
    0.405111483434,0.535592873419,0.678190209993,0.83297583976,1.),
  .UNSPECIFIED.);
#3632 = CARTESIAN_POINT('',(-0.137654645079,0.190894534463,
    5.000000074506E-02));
#3633 = CARTESIAN_POINT('',(-0.135977436715,0.191358330341,
    5.000000074506E-02));
#3634 = CARTESIAN_POINT('',(-0.132411231556,0.192344487631,
    5.000000074506E-02));
#3635 = CARTESIAN_POINT('',(-0.126591833611,0.193420223203,
    5.000000074506E-02));
#3636 = CARTESIAN_POINT('',(-0.120042396501,0.194369051719,
    5.000000074506E-02));
#3637 = CARTESIAN_POINT('',(-0.112733842152,0.195172368253,
    5.000000074506E-02));
#3638 = CARTESIAN_POINT('',(-0.104674501632,0.195748786615,
    5.000000074506E-02));
#3639 = CARTESIAN_POINT('',(-9.585817660428E-02,0.196181433164,
    5.000000074506E-02));
#3640 = CARTESIAN_POINT('',(-8.628105634328E-02,0.196473240735,
    5.000000074506E-02));
#3641 = CARTESIAN_POINT('',(-7.964205440882E-02,0.19649316686,
    5.000000074506E-02));
#3642 = CARTESIAN_POINT('',(-7.61963117454E-02,0.196503508822,
    5.000000074506E-02));
#3643 = ORIENTED_EDGE('',*,*,#3644,.F.);
#3644 = EDGE_CURVE('',#3464,#3629,#3645,.T.);
#3645 = LINE('',#3646,#3647);
#3646 = CARTESIAN_POINT('',(-0.137654645079,0.190894534463,
    8.000000074506E-02));
#3647 = VECTOR('',#3648,1.);
#3648 = DIRECTION('',(-0.,-0.,-1.));
#3649 = ORIENTED_EDGE('',*,*,#3463,.T.);
#3650 = ORIENTED_EDGE('',*,*,#3612,.T.);
#3651 = B_SPLINE_SURFACE_WITH_KNOTS('',3,1,(
    (#3652,#3653)
    ,(#3654,#3655)
    ,(#3656,#3657)
    ,(#3658,#3659)
    ,(#3660,#3661)
    ,(#3662,#3663)
    ,(#3664,#3665)
    ,(#3666,#3667)
    ,(#3668,#3669)
    ,(#3670,#3671)
    ,(#3672,#3673
  )),.UNSPECIFIED.,.F.,.F.,.F.,(4,1,1,1,1,1,1,1,4),(2,2),(0.,
    8.431861695858E-02,0.179284514214,0.286582527647,0.405111483434,
    0.535592873419,0.678190209993,0.83297583976,1.),(0.,1.),
  .UNSPECIFIED.);
#3652 = CARTESIAN_POINT('',(-0.137654645079,0.190894534463,
    8.000000074506E-02));
#3653 = CARTESIAN_POINT('',(-0.137654645079,0.190894534463,
    5.000000074506E-02));
#3654 = CARTESIAN_POINT('',(-0.135977436715,0.191358330341,
    8.000000074506E-02));
#3655 = CARTESIAN_POINT('',(-0.135977436715,0.191358330341,
    5.000000074506E-02));
#3656 = CARTESIAN_POINT('',(-0.132411231556,0.192344487631,
    8.000000074506E-02));
#3657 = CARTESIAN_POINT('',(-0.132411231556,0.192344487631,
    5.000000074506E-02));
#3658 = CARTESIAN_POINT('',(-0.126591833611,0.193420223203,
    8.000000074506E-02));
#3659 = CARTESIAN_POINT('',(-0.126591833611,0.193420223203,
    5.000000074506E-02));
#3660 = CARTESIAN_POINT('',(-0.120042396501,0.194369051719,
    8.000000074506E-02));
#3661 = CARTESIAN_POINT('',(-0.120042396501,0.194369051719,
    5.000000074506E-02));
#3662 = CARTESIAN_POINT('',(-0.112733842152,0.195172368253,
    8.000000074506E-02));
#3663 = CARTESIAN_POINT('',(-0.112733842152,0.195172368253,
    5.000000074506E-02));
#3664 = CARTESIAN_POINT('',(-0.104674501632,0.195748786615,
    8.000000074506E-02));
#3665 = CARTESIAN_POINT('',(-0.104674501632,0.195748786615,
    5.000000074506E-02));
#3666 = CARTESIAN_POINT('',(-9.585817660428E-02,0.196181433164,
    8.000000074506E-02));
#3667 = CARTESIAN_POINT('',(-9.585817660428E-02,0.196181433164,
    5.000000074506E-02));
#3668 = CARTESIAN_POINT('',(-8.628105634328E-02,0.196473240735,
    8.000000074506E-02));
#3669 = CARTESIAN_POINT('',(-8.628105634328E-02,0.196473240735,
    5.000000074506E-02));
#3670 = CARTESIAN_POINT('',(-7.964205440882E-02,0.19649316686,
    8.000000074506E-02));
#3671 = CARTESIAN_POINT('',(-7.964205440882E-02,0.19649316686,
    5.000000074506E-02));
#3672 = CARTESIAN_POINT('',(-7.61963117454E-02,0.196503508822,
    8.000000074506E-02));
#3673 = CARTESIAN_POINT('',(-7.61963117454E-02,0.196503508822,
    5.000000074506E-02));
#3674 = ADVANCED_FACE('',(#3675),#3709,.T.);
#3675 = FACE_BOUND('',#3676,.T.);
#3676 = EDGE_LOOP('',(#3677,#3701,#3707,#3708));
#3677 = ORIENTED_EDGE('',*,*,#3678,.F.);
#3678 = EDGE_CURVE('',#3679,#3629,#3681,.T.);
#3679 = VERTEX_POINT('',#3680);
#3680 = CARTESIAN_POINT('',(-0.190338939951,0.114532354976,
    5.000000074506E-02));
#3681 = B_SPLINE_CURVE_WITH_KNOTS('',3,(#3682,#3683,#3684,#3685,#3686,
    #3687,#3688,#3689,#3690,#3691,#3692,#3693,#3694,#3695,#3696,#3697,
    #3698,#3699,#3700),.UNSPECIFIED.,.F.,.F.,(4,1,1,1,1,1,1,1,1,1,1,1,1,
    1,1,1,4),(0.,7.015117599728E-02,0.13781260619,0.203226247181,
    0.267174055294,0.330024003408,0.391794271787,0.453084398997,
    0.514333907646,0.574999992818,0.634865482622,0.69411631519,
    0.75344162178,0.813125800304,0.874079685637,0.936007013274,1.),
  .UNSPECIFIED.);
#3682 = CARTESIAN_POINT('',(-0.190338939951,0.114532354976,
    5.000000074506E-02));
#3683 = CARTESIAN_POINT('',(-0.190309609244,0.116871410993,
    5.000000074506E-02));
#3684 = CARTESIAN_POINT('',(-0.190251988811,0.121466507242,
    5.000000074506E-02));
#3685 = CARTESIAN_POINT('',(-0.189527742502,0.128208832686,
    5.000000074506E-02));
#3686 = CARTESIAN_POINT('',(-0.188469367902,0.134693441288,
    5.000000074506E-02));
#3687 = CARTESIAN_POINT('',(-0.186938871557,0.140920766739,
    5.000000074506E-02));
#3688 = CARTESIAN_POINT('',(-0.184988535623,0.146902958292,
    5.000000074506E-02));
#3689 = CARTESIAN_POINT('',(-0.182554556094,0.152606930303,
    5.000000074506E-02));
#3690 = CARTESIAN_POINT('',(-0.179773606421,0.15809292281,
    5.000000074506E-02));
#3691 = CARTESIAN_POINT('',(-0.176464844316,0.163234315138,
    5.000000074506E-02));
#3692 = CARTESIAN_POINT('',(-0.172841096124,0.168096778517,
    5.000000074506E-02));
#3693 = CARTESIAN_POINT('',(-0.168819503019,0.172551345121,
    5.000000074506E-02));
#3694 = CARTESIAN_POINT('',(-0.16446395796,0.17660816228,
    5.000000074506E-02));
#3695 = CARTESIAN_POINT('',(-0.159821966563,0.180330408718,
    5.000000074506E-02));
#3696 = CARTESIAN_POINT('',(-0.154762703749,0.183568333054,
    5.000000074506E-02));
#3697 = CARTESIAN_POINT('',(-0.149405349989,0.18646471483,
    5.000000074506E-02));
#3698 = CARTESIAN_POINT('',(-0.143671311636,0.188922765764,
    5.000000074506E-02));
#3699 = CARTESIAN_POINT('',(-0.139682014731,0.19023012935,
    5.000000074506E-02));
#3700 = CARTESIAN_POINT('',(-0.137654645079,0.190894534463,
    5.000000074506E-02));
#3701 = ORIENTED_EDGE('',*,*,#3702,.F.);
#3702 = EDGE_CURVE('',#3480,#3679,#3703,.T.);
#3703 = LINE('',#3704,#3705);
#3704 = CARTESIAN_POINT('',(-0.190338939951,0.114532354976,
    8.000000074506E-02));
#3705 = VECTOR('',#3706,1.);
#3706 = DIRECTION('',(-0.,-0.,-1.));
#3707 = ORIENTED_EDGE('',*,*,#3479,.T.);
#3708 = ORIENTED_EDGE('',*,*,#3644,.T.);
#3709 = B_SPLINE_SURFACE_WITH_KNOTS('',3,1,(
    (#3710,#3711)
    ,(#3712,#3713)
    ,(#3714,#3715)
    ,(#3716,#3717)
    ,(#3718,#3719)
    ,(#3720,#3721)
    ,(#3722,#3723)
    ,(#3724,#3725)
    ,(#3726,#3727)
    ,(#3728,#3729)
    ,(#3730,#3731)
    ,(#3732,#3733)
    ,(#3734,#3735)
    ,(#3736,#3737)
    ,(#3738,#3739)
    ,(#3740,#3741)
    ,(#3742,#3743)
    ,(#3744,#3745)
    ,(#3746,#3747
    )),.UNSPECIFIED.,.F.,.F.,.F.,(4,1,1,1,1,1,1,1,1,1,1,1,1,1,1,1,4),(2,
    2),(0.,7.015117599728E-02,0.13781260619,0.203226247181,
    0.267174055294,0.330024003408,0.391794271787,0.453084398997,
    0.514333907646,0.574999992818,0.634865482622,0.69411631519,
    0.75344162178,0.813125800304,0.874079685637,0.936007013274,1.),(0.,
    1.),.UNSPECIFIED.);
#3710 = CARTESIAN_POINT('',(-0.190338939951,0.114532354976,
    8.000000074506E-02));
#3711 = CARTESIAN_POINT('',(-0.190338939951,0.114532354976,
    5.000000074506E-02));
#3712 = CARTESIAN_POINT('',(-0.190309609244,0.116871410993,
    8.000000074506E-02));
#3713 = CARTESIAN_POINT('',(-0.190309609244,0.116871410993,
    5.000000074506E-02));
#3714 = CARTESIAN_POINT('',(-0.190251988811,0.121466507242,
    8.000000074506E-02));
#3715 = CARTESIAN_POINT('',(-0.190251988811,0.121466507242,
    5.000000074506E-02));
#3716 = CARTESIAN_POINT('',(-0.189527742502,0.128208832686,
    8.000000074506E-02));
#3717 = CARTESIAN_POINT('',(-0.189527742502,0.128208832686,
    5.000000074506E-02));
#3718 = CARTESIAN_POINT('',(-0.188469367902,0.134693441288,
    8.000000074506E-02));
#3719 = CARTESIAN_POINT('',(-0.188469367902,0.134693441288,
    5.000000074506E-02));
#3720 = CARTESIAN_POINT('',(-0.186938871557,0.140920766739,
    8.000000074506E-02));
#3721 = CARTESIAN_POINT('',(-0.186938871557,0.140920766739,
    5.000000074506E-02));
#3722 = CARTESIAN_POINT('',(-0.184988535623,0.146902958292,
    8.000000074506E-02));
#3723 = CARTESIAN_POINT('',(-0.184988535623,0.146902958292,
    5.000000074506E-02));
#3724 = CARTESIAN_POINT('',(-0.182554556094,0.152606930303,
    8.000000074506E-02));
#3725 = CARTESIAN_POINT('',(-0.182554556094,0.152606930303,
    5.000000074506E-02));
#3726 = CARTESIAN_POINT('',(-0.179773606421,0.15809292281,
    8.000000074506E-02));
#3727 = CARTESIAN_POINT('',(-0.179773606421,0.15809292281,
    5.000000074506E-02));
#3728 = CARTESIAN_POINT('',(-0.176464844316,0.163234315138,
    8.000000074506E-02));
#3729 = CARTESIAN_POINT('',(-0.176464844316,0.163234315138,
    5.000000074506E-02));
#3730 = CARTESIAN_POINT('',(-0.172841096124,0.168096778517,
    8.000000074506E-02));
#3731 = CARTESIAN_POINT('',(-0.172841096124,0.168096778517,
    5.000000074506E-02));
#3732 = CARTESIAN_POINT('',(-0.168819503019,0.172551345121,
    8.000000074506E-02));
#3733 = CARTESIAN_POINT('',(-0.168819503019,0.172551345121,
    5.000000074506E-02));
#3734 = CARTESIAN_POINT('',(-0.16446395796,0.17660816228,
    8.000000074506E-02));
#3735 = CARTESIAN_POINT('',(-0.16446395796,0.17660816228,
    5.000000074506E-02));
#3736 = CARTESIAN_POINT('',(-0.159821966563,0.180330408718,
    8.000000074506E-02));
#3737 = CARTESIAN_POINT('',(-0.159821966563,0.180330408718,
    5.000000074506E-02));
#3738 = CARTESIAN_POINT('',(-0.154762703749,0.183568333054,
    8.000000074506E-02));
#3739 = CARTESIAN_POINT('',(-0.154762703749,0.183568333054,
    5.000000074506E-02));
#3740 = CARTESIAN_POINT('',(-0.149405349989,0.18646471483,
    8.000000074506E-02));
#3741 = CARTESIAN_POINT('',(-0.149405349989,0.18646471483,
    5.000000074506E-02));
#3742 = CARTESIAN_POINT('',(-0.143671311636,0.188922765764,
    8.000000074506E-02));
#3743 = CARTESIAN_POINT('',(-0.143671311636,0.188922765764,
    5.000000074506E-02));
#3744 = CARTESIAN_POINT('',(-0.139682014731,0.19023012935,
    8.000000074506E-02));
#3745 = CARTESIAN_POINT('',(-0.139682014731,0.19023012935,
    5.000000074506E-02));
#3746 = CARTESIAN_POINT('',(-0.137654645079,0.190894534463,
    8.000000074506E-02));
#3747 = CARTESIAN_POINT('',(-0.137654645079,0.190894534463,
    5.000000074506E-02));
#3748 = ADVANCED_FACE('',(#3749),#3783,.T.);
#3749 = FACE_BOUND('',#3750,.T.);
#3750 = EDGE_LOOP('',(#3751,#3775,#3781,#3782));
#3751 = ORIENTED_EDGE('',*,*,#3752,.F.);
#3752 = EDGE_CURVE('',#3753,#3679,#3755,.T.);
#3753 = VERTEX_POINT('',#3754);
#3754 = CARTESIAN_POINT('',(-0.142262016874,4.261729087314E-02,
    5.000000074506E-02));
#3755 = B_SPLINE_CURVE_WITH_KNOTS('',3,(#3756,#3757,#3758,#3759,#3760,
    #3761,#3762,#3763,#3764,#3765,#3766,#3767,#3768,#3769,#3770,#3771,
    #3772,#3773,#3774),.UNSPECIFIED.,.F.,.F.,(4,1,1,1,1,1,1,1,1,1,1,1,1,
    1,1,1,4),(0.,6.241450026328E-02,0.123338231473,0.183124537692,
    0.241782994639,0.300578882551,0.359680074897,0.41888164085,
    0.479530664458,0.54085053576,0.602303395898,0.664463211946,
    0.727805722667,0.792894814781,0.859672328303,0.928464400733,1.),
  .UNSPECIFIED.);
#3756 = CARTESIAN_POINT('',(-0.142262016874,4.261729087314E-02,
    5.000000074506E-02));
#3757 = CARTESIAN_POINT('',(-0.144087637564,4.326023705844E-02,
    5.000000074506E-02));
#3758 = CARTESIAN_POINT('',(-0.147695274031,4.453077267264E-02,
    5.000000074506E-02));
#3759 = CARTESIAN_POINT('',(-0.1528884789,4.684835331193E-02,
    5.000000074506E-02));
#3760 = CARTESIAN_POINT('',(-0.157731736309,4.959361444048E-02,
    5.000000074506E-02));
#3761 = CARTESIAN_POINT('',(-0.16230945204,5.26451729538E-02,
    5.000000074506E-02));
#3762 = CARTESIAN_POINT('',(-0.166556689493,5.611065878334E-02,
    5.000000074506E-02));
#3763 = CARTESIAN_POINT('',(-0.170523781853,5.991471528642E-02,
    5.000000074506E-02));
#3764 = CARTESIAN_POINT('',(-0.174202741931,6.407670243338E-02,
    5.000000074506E-02));
#3765 = CARTESIAN_POINT('',(-0.177555559531,6.859145452269E-02,
    5.000000074506E-02));
#3766 = CARTESIAN_POINT('',(-0.180556034047,7.343087141642E-02,
    5.000000074506E-02));
#3767 = CARTESIAN_POINT('',(-0.183154390013,7.854737619769E-02,
    5.000000074506E-02));
#3768 = CARTESIAN_POINT('',(-0.18543162039,8.388490821025E-02,
    5.000000074506E-02));
#3769 = CARTESIAN_POINT('',(-0.187218968539,8.952543156189E-02,
    5.000000074506E-02));
#3770 = CARTESIAN_POINT('',(-0.188619859063,9.541852061423E-02,
    5.000000074506E-02));
#3771 = CARTESIAN_POINT('',(-0.189612126947,0.101564589943,
    5.000000074506E-02));
#3772 = CARTESIAN_POINT('',(-0.190230111202,0.107962491764,
    5.000000074506E-02));
#3773 = CARTESIAN_POINT('',(-0.190302193941,0.112314041722,
    5.000000074506E-02));
#3774 = CARTESIAN_POINT('',(-0.190338939951,0.114532354976,
    5.000000074506E-02));
#3775 = ORIENTED_EDGE('',*,*,#3776,.F.);
#3776 = EDGE_CURVE('',#3504,#3753,#3777,.T.);
#3777 = LINE('',#3778,#3779);
#3778 = CARTESIAN_POINT('',(-0.142262016874,4.261729087314E-02,
    8.000000074506E-02));
#3779 = VECTOR('',#3780,1.);
#3780 = DIRECTION('',(-0.,-0.,-1.));
#3781 = ORIENTED_EDGE('',*,*,#3503,.T.);
#3782 = ORIENTED_EDGE('',*,*,#3702,.T.);
#3783 = B_SPLINE_SURFACE_WITH_KNOTS('',3,1,(
    (#3784,#3785)
    ,(#3786,#3787)
    ,(#3788,#3789)
    ,(#3790,#3791)
    ,(#3792,#3793)
    ,(#3794,#3795)
    ,(#3796,#3797)
    ,(#3798,#3799)
    ,(#3800,#3801)
    ,(#3802,#3803)
    ,(#3804,#3805)
    ,(#3806,#3807)
    ,(#3808,#3809)
    ,(#3810,#3811)
    ,(#3812,#3813)
    ,(#3814,#3815)
    ,(#3816,#3817)
    ,(#3818,#3819)
    ,(#3820,#3821
    )),.UNSPECIFIED.,.F.,.F.,.F.,(4,1,1,1,1,1,1,1,1,1,1,1,1,1,1,1,4),(2,
    2),(0.,6.241450026328E-02,0.123338231473,0.183124537692,
    0.241782994639,0.300578882551,0.359680074897,0.41888164085,
    0.479530664458,0.54085053576,0.602303395898,0.664463211946,
    0.727805722667,0.792894814781,0.859672328303,0.928464400733,1.),(0.,
    1.),.UNSPECIFIED.);
#3784 = CARTESIAN_POINT('',(-0.142262016874,4.261729087314E-02,
    8.000000074506E-02));
#3785 = CARTESIAN_POINT('',(-0.142262016874,4.261729087314E-02,
    5.000000074506E-02));
#3786 = CARTESIAN_POINT('',(-0.144087637564,4.326023705844E-02,
    8.000000074506E-02));
#3787 = CARTESIAN_POINT('',(-0.144087637564,4.326023705844E-02,
    5.000000074506E-02));
#3788 = CARTESIAN_POINT('',(-0.147695274031,4.453077267264E-02,
    8.000000074506E-02));
#3789 = CARTESIAN_POINT('',(-0.147695274031,4.453077267264E-02,
    5.000000074506E-02));
#3790 = CARTESIAN_POINT('',(-0.1528884789,4.684835331193E-02,
    8.000000074506E-02));
#3791 = CARTESIAN_POINT('',(-0.1528884789,4.684835331193E-02,
    5.000000074506E-02));
#3792 = CARTESIAN_POINT('',(-0.157731736309,4.959361444048E-02,
    8.000000074506E-02));
#3793 = CARTESIAN_POINT('',(-0.157731736309,4.959361444048E-02,
    5.000000074506E-02));
#3794 = CARTESIAN_POINT('',(-0.16230945204,5.26451729538E-02,
    8.000000074506E-02));
#3795 = CARTESIAN_POINT('',(-0.16230945204,5.26451729538E-02,
    5.000000074506E-02));
#3796 = CARTESIAN_POINT('',(-0.166556689493,5.611065878334E-02,
    8.000000074506E-02));
#3797 = CARTESIAN_POINT('',(-0.166556689493,5.611065878334E-02,
    5.000000074506E-02));
#3798 = CARTESIAN_POINT('',(-0.170523781853,5.991471528642E-02,
    8.000000074506E-02));
#3799 = CARTESIAN_POINT('',(-0.170523781853,5.991471528642E-02,
    5.000000074506E-02));
#3800 = CARTESIAN_POINT('',(-0.174202741931,6.407670243338E-02,
    8.000000074506E-02));
#3801 = CARTESIAN_POINT('',(-0.174202741931,6.407670243338E-02,
    5.000000074506E-02));
#3802 = CARTESIAN_POINT('',(-0.177555559531,6.859145452269E-02,
    8.000000074506E-02));
#3803 = CARTESIAN_POINT('',(-0.177555559531,6.859145452269E-02,
    5.000000074506E-02));
#3804 = CARTESIAN_POINT('',(-0.180556034047,7.343087141642E-02,
    8.000000074506E-02));
#3805 = CARTESIAN_POINT('',(-0.180556034047,7.343087141642E-02,
    5.000000074506E-02));
#3806 = CARTESIAN_POINT('',(-0.183154390013,7.854737619769E-02,
    8.000000074506E-02));
#3807 = CARTESIAN_POINT('',(-0.183154390013,7.854737619769E-02,
    5.000000074506E-02));
#3808 = CARTESIAN_POINT('',(-0.18543162039,8.388490821025E-02,
    8.000000074506E-02));
#3809 = CARTESIAN_POINT('',(-0.18543162039,8.388490821025E-02,
    5.000000074506E-02));
#3810 = CARTESIAN_POINT('',(-0.187218968539,8.952543156189E-02,
    8.000000074506E-02));
#3811 = CARTESIAN_POINT('',(-0.187218968539,8.952543156189E-02,
    5.000000074506E-02));
#3812 = CARTESIAN_POINT('',(-0.188619859063,9.541852061423E-02,
    8.000000074506E-02));
#3813 = CARTESIAN_POINT('',(-0.188619859063,9.541852061423E-02,
    5.000000074506E-02));
#3814 = CARTESIAN_POINT('',(-0.189612126947,0.101564589943,
    8.000000074506E-02));
#3815 = CARTESIAN_POINT('',(-0.189612126947,0.101564589943,
    5.000000074506E-02));
#3816 = CARTESIAN_POINT('',(-0.190230111202,0.107962491764,
    8.000000074506E-02));
#3817 = CARTESIAN_POINT('',(-0.190230111202,0.107962491764,
    5.000000074506E-02));
#3818 = CARTESIAN_POINT('',(-0.190302193941,0.112314041722,
    8.000000074506E-02));
#3819 = CARTESIAN_POINT('',(-0.190302193941,0.112314041722,
    5.000000074506E-02));
#3820 = CARTESIAN_POINT('',(-0.190338939951,0.114532354976,
    8.000000074506E-02));
#3821 = CARTESIAN_POINT('',(-0.190338939951,0.114532354976,
    5.000000074506E-02));
#3822 = ADVANCED_FACE('',(#3823),#3849,.T.);
#3823 = FACE_BOUND('',#3824,.T.);
#3824 = EDGE_LOOP('',(#3825,#3841,#3847,#3848));
#3825 = ORIENTED_EDGE('',*,*,#3826,.F.);
#3826 = EDGE_CURVE('',#3827,#3753,#3829,.T.);
#3827 = VERTEX_POINT('',#3828);
#3828 = CARTESIAN_POINT('',(-8.509054251463E-02,3.75291498475E-02,
    5.000000074506E-02));
#3829 = B_SPLINE_CURVE_WITH_KNOTS('',3,(#3830,#3831,#3832,#3833,#3834,
    #3835,#3836,#3837,#3838,#3839,#3840),.UNSPECIFIED.,.F.,.F.,(4,1,1,1,
    1,1,1,1,4),(0.,0.171900664613,0.330627932096,0.475548835881,
    0.606746190312,0.725023803467,0.829742386958,0.921322820344,1.),
  .UNSPECIFIED.);
#3830 = CARTESIAN_POINT('',(-8.509054251463E-02,3.75291498475E-02,
    5.000000074506E-02));
#3831 = CARTESIAN_POINT('',(-8.838930655691E-02,3.754332678316E-02,
    5.000000074506E-02));
#3832 = CARTESIAN_POINT('',(-9.473403789479E-02,3.757059422236E-02,
    5.000000074506E-02));
#3833 = CARTESIAN_POINT('',(-0.103857352026,3.780986297283E-02,
    5.000000074506E-02));
#3834 = CARTESIAN_POINT('',(-0.112193317538,3.820083083017E-02,
    5.000000074506E-02));
#3835 = CARTESIAN_POINT('',(-0.119743118075,3.874797813352E-02,
    5.000000074506E-02));
#3836 = CARTESIAN_POINT('',(-0.126502490892,3.947189900142E-02,
    5.000000074506E-02));
#3837 = CARTESIAN_POINT('',(-0.132485562314,4.027903630128E-02,
    5.000000074506E-02));
#3838 = CARTESIAN_POINT('',(-0.137672719932,4.128460491591E-02,
    5.000000074506E-02));
#3839 = CARTESIAN_POINT('',(-0.1408115449,4.219608831103E-02,
    5.000000074506E-02));
#3840 = CARTESIAN_POINT('',(-0.142262016874,4.261729087314E-02,
    5.000000074506E-02));
#3841 = ORIENTED_EDGE('',*,*,#3842,.F.);
#3842 = EDGE_CURVE('',#3528,#3827,#3843,.T.);
#3843 = LINE('',#3844,#3845);
#3844 = CARTESIAN_POINT('',(-8.509054251463E-02,3.75291498475E-02,
    8.000000074506E-02));
#3845 = VECTOR('',#3846,1.);
#3846 = DIRECTION('',(-0.,-0.,-1.));
#3847 = ORIENTED_EDGE('',*,*,#3527,.T.);
#3848 = ORIENTED_EDGE('',*,*,#3776,.T.);
#3849 = B_SPLINE_SURFACE_WITH_KNOTS('',3,1,(
    (#3850,#3851)
    ,(#3852,#3853)
    ,(#3854,#3855)
    ,(#3856,#3857)
    ,(#3858,#3859)
    ,(#3860,#3861)
    ,(#3862,#3863)
    ,(#3864,#3865)
    ,(#3866,#3867)
    ,(#3868,#3869)
    ,(#3870,#3871
  )),.UNSPECIFIED.,.F.,.F.,.F.,(4,1,1,1,1,1,1,1,4),(2,2),(0.,
    0.171900664613,0.330627932096,0.475548835881,0.606746190312,
    0.725023803467,0.829742386958,0.921322820344,1.),(0.,1.),
  .UNSPECIFIED.);
#3850 = CARTESIAN_POINT('',(-8.509054251463E-02,3.75291498475E-02,
    8.000000074506E-02));
#3851 = CARTESIAN_POINT('',(-8.509054251463E-02,3.75291498475E-02,
    5.000000074506E-02));
#3852 = CARTESIAN_POINT('',(-8.838930655691E-02,3.754332678316E-02,
    8.000000074506E-02));
#3853 = CARTESIAN_POINT('',(-8.838930655691E-02,3.754332678316E-02,
    5.000000074506E-02));
#3854 = CARTESIAN_POINT('',(-9.473403789479E-02,3.757059422236E-02,
    8.000000074506E-02));
#3855 = CARTESIAN_POINT('',(-9.473403789479E-02,3.757059422236E-02,
    5.000000074506E-02));
#3856 = CARTESIAN_POINT('',(-0.103857352026,3.780986297283E-02,
    8.000000074506E-02));
#3857 = CARTESIAN_POINT('',(-0.103857352026,3.780986297283E-02,
    5.000000074506E-02));
#3858 = CARTESIAN_POINT('',(-0.112193317538,3.820083083017E-02,
    8.000000074506E-02));
#3859 = CARTESIAN_POINT('',(-0.112193317538,3.820083083017E-02,
    5.000000074506E-02));
#3860 = CARTESIAN_POINT('',(-0.119743118075,3.874797813352E-02,
    8.000000074506E-02));
#3861 = CARTESIAN_POINT('',(-0.119743118075,3.874797813352E-02,
    5.000000074506E-02));
#3862 = CARTESIAN_POINT('',(-0.126502490892,3.947189900142E-02,
    8.000000074506E-02));
#3863 = CARTESIAN_POINT('',(-0.126502490892,3.947189900142E-02,
    5.000000074506E-02));
#3864 = CARTESIAN_POINT('',(-0.132485562314,4.027903630128E-02,
    8.000000074506E-02));
#3865 = CARTESIAN_POINT('',(-0.132485562314,4.027903630128E-02,
    5.000000074506E-02));
#3866 = CARTESIAN_POINT('',(-0.137672719932,4.128460491591E-02,
    8.000000074506E-02));
#3867 = CARTESIAN_POINT('',(-0.137672719932,4.128460491591E-02,
    5.000000074506E-02));
#3868 = CARTESIAN_POINT('',(-0.1408115449,4.219608831103E-02,
    8.000000074506E-02));
#3869 = CARTESIAN_POINT('',(-0.1408115449,4.219608831103E-02,
    5.000000074506E-02));
#3870 = CARTESIAN_POINT('',(-0.142262016874,4.261729087314E-02,
    8.000000074506E-02));
#3871 = CARTESIAN_POINT('',(-0.142262016874,4.261729087314E-02,
    5.000000074506E-02));
#3872 = ADVANCED_FACE('',(#3873),#3884,.T.);
#3873 = FACE_BOUND('',#3874,.T.);
#3874 = EDGE_LOOP('',(#3875,#3881,#3882,#3883));
#3875 = ORIENTED_EDGE('',*,*,#3876,.F.);
#3876 = EDGE_CURVE('',#3576,#3827,#3877,.T.);
#3877 = LINE('',#3878,#3879);
#3878 = CARTESIAN_POINT('',(-6.21338117454E-02,3.75291498475E-02,
    5.000000074506E-02));
#3879 = VECTOR('',#3880,1.);
#3880 = DIRECTION('',(-1.,0.,0.));
#3881 = ORIENTED_EDGE('',*,*,#3590,.F.);
#3882 = ORIENTED_EDGE('',*,*,#3543,.T.);
#3883 = ORIENTED_EDGE('',*,*,#3842,.T.);
#3884 = PLANE('',#3885);
#3885 = AXIS2_PLACEMENT_3D('',#3886,#3887,#3888);
#3886 = CARTESIAN_POINT('',(-6.21338117454E-02,3.75291498475E-02,
    8.000000074506E-02));
#3887 = DIRECTION('',(0.,-1.,0.));
#3888 = DIRECTION('',(0.,0.,-1.));
#3889 = ADVANCED_FACE('',(#3890),#3915,.T.);
#3890 = FACE_BOUND('',#3891,.T.);
#3891 = EDGE_LOOP('',(#3892,#3893,#3901,#3909));
#3892 = ORIENTED_EDGE('',*,*,#483,.F.);
#3893 = ORIENTED_EDGE('',*,*,#3894,.F.);
#3894 = EDGE_CURVE('',#3895,#484,#3897,.T.);
#3895 = VERTEX_POINT('',#3896);
#3896 = CARTESIAN_POINT('',(0.104532854921,1.701632933468E-02,
    8.000000074506E-02));
#3897 = LINE('',#3898,#3899);
#3898 = CARTESIAN_POINT('',(0.104532854921,1.701632933468E-02,
    8.000000074506E-02));
#3899 = VECTOR('',#3900,1.);
#3900 = DIRECTION('',(-0.,-0.,-1.));
#3901 = ORIENTED_EDGE('',*,*,#3902,.T.);
#3902 = EDGE_CURVE('',#3895,#3903,#3905,.T.);
#3903 = VERTEX_POINT('',#3904);
#3904 = CARTESIAN_POINT('',(0.104532854921,0.217016329335,
    8.000000074506E-02));
#3905 = LINE('',#3906,#3907);
#3906 = CARTESIAN_POINT('',(0.104532854921,1.701632933468E-02,
    8.000000074506E-02));
#3907 = VECTOR('',#3908,1.);
#3908 = DIRECTION('',(0.,1.,0.));
#3909 = ORIENTED_EDGE('',*,*,#3910,.T.);
#3910 = EDGE_CURVE('',#3903,#486,#3911,.T.);
#3911 = LINE('',#3912,#3913);
#3912 = CARTESIAN_POINT('',(0.104532854921,0.217016329335,
    8.000000074506E-02));
#3913 = VECTOR('',#3914,1.);
#3914 = DIRECTION('',(-0.,-0.,-1.));
#3915 = PLANE('',#3916);
#3916 = AXIS2_PLACEMENT_3D('',#3917,#3918,#3919);
#3917 = CARTESIAN_POINT('',(0.104532854921,1.701632933468E-02,
    8.000000074506E-02));
#3918 = DIRECTION('',(-1.,0.,0.));
#3919 = DIRECTION('',(0.,0.,1.));
#3920 = ADVANCED_FACE('',(#3921),#3939,.T.);
#3921 = FACE_BOUND('',#3922,.T.);
#3922 = EDGE_LOOP('',(#3923,#3924,#3925,#3933));
#3923 = ORIENTED_EDGE('',*,*,#493,.F.);
#3924 = ORIENTED_EDGE('',*,*,#3910,.F.);
#3925 = ORIENTED_EDGE('',*,*,#3926,.T.);
#3926 = EDGE_CURVE('',#3903,#3927,#3929,.T.);
#3927 = VERTEX_POINT('',#3928);
#3928 = CARTESIAN_POINT('',(-8.287657899242E-03,0.217016329335,
    8.000000074506E-02));
#3929 = LINE('',#3930,#3931);
#3930 = CARTESIAN_POINT('',(0.104532854921,0.217016329335,
    8.000000074506E-02));
#3931 = VECTOR('',#3932,1.);
#3932 = DIRECTION('',(-1.,0.,0.));
#3933 = ORIENTED_EDGE('',*,*,#3934,.T.);
#3934 = EDGE_CURVE('',#3927,#494,#3935,.T.);
#3935 = LINE('',#3936,#3937);
#3936 = CARTESIAN_POINT('',(-8.287657899242E-03,0.217016329335,
    8.000000074506E-02));
#3937 = VECTOR('',#3938,1.);
#3938 = DIRECTION('',(-0.,-0.,-1.));
#3939 = PLANE('',#3940);
#3940 = AXIS2_PLACEMENT_3D('',#3941,#3942,#3943);
#3941 = CARTESIAN_POINT('',(0.104532854921,0.217016329335,
    8.000000074506E-02));
#3942 = DIRECTION('',(0.,-1.,0.));
#3943 = DIRECTION('',(0.,0.,-1.));
#3944 = ADVANCED_FACE('',(#3945),#3963,.T.);
#3945 = FACE_BOUND('',#3946,.T.);
#3946 = EDGE_LOOP('',(#3947,#3948,#3949,#3957));
#3947 = ORIENTED_EDGE('',*,*,#501,.F.);
#3948 = ORIENTED_EDGE('',*,*,#3934,.F.);
#3949 = ORIENTED_EDGE('',*,*,#3950,.T.);
#3950 = EDGE_CURVE('',#3927,#3951,#3953,.T.);
#3951 = VERTEX_POINT('',#3952);
#3952 = CARTESIAN_POINT('',(-8.287657899242E-03,0.196503508822,
    8.000000074506E-02));
#3953 = LINE('',#3954,#3955);
#3954 = CARTESIAN_POINT('',(-8.287657899242E-03,0.217016329335,
    8.000000074506E-02));
#3955 = VECTOR('',#3956,1.);
#3956 = DIRECTION('',(0.,-1.,0.));
#3957 = ORIENTED_EDGE('',*,*,#3958,.T.);
#3958 = EDGE_CURVE('',#3951,#502,#3959,.T.);
#3959 = LINE('',#3960,#3961);
#3960 = CARTESIAN_POINT('',(-8.287657899242E-03,0.196503508822,
    8.000000074506E-02));
#3961 = VECTOR('',#3962,1.);
#3962 = DIRECTION('',(-0.,-0.,-1.));
#3963 = PLANE('',#3964);
#3964 = AXIS2_PLACEMENT_3D('',#3965,#3966,#3967);
#3965 = CARTESIAN_POINT('',(-8.287657899242E-03,0.217016329335,
    8.000000074506E-02));
#3966 = DIRECTION('',(1.,0.,0.));
#3967 = DIRECTION('',(0.,0.,-1.));
#3968 = ADVANCED_FACE('',(#3969),#3987,.T.);
#3969 = FACE_BOUND('',#3970,.T.);
#3970 = EDGE_LOOP('',(#3971,#3972,#3973,#3981));
#3971 = ORIENTED_EDGE('',*,*,#509,.F.);
#3972 = ORIENTED_EDGE('',*,*,#3958,.F.);
#3973 = ORIENTED_EDGE('',*,*,#3974,.T.);
#3974 = EDGE_CURVE('',#3951,#3975,#3977,.T.);
#3975 = VERTEX_POINT('',#3976);
#3976 = CARTESIAN_POINT('',(8.658413697255E-02,0.196503508822,
    8.000000074506E-02));
#3977 = LINE('',#3978,#3979);
#3978 = CARTESIAN_POINT('',(-8.287657899242E-03,0.196503508822,
    8.000000074506E-02));
#3979 = VECTOR('',#3980,1.);
#3980 = DIRECTION('',(1.,0.,0.));
#3981 = ORIENTED_EDGE('',*,*,#3982,.T.);
#3982 = EDGE_CURVE('',#3975,#510,#3983,.T.);
#3983 = LINE('',#3984,#3985);
#3984 = CARTESIAN_POINT('',(8.658413697255E-02,0.196503508822,
    8.000000074506E-02));
#3985 = VECTOR('',#3986,1.);
#3986 = DIRECTION('',(-0.,-0.,-1.));
#3987 = PLANE('',#3988);
#3988 = AXIS2_PLACEMENT_3D('',#3989,#3990,#3991);
#3989 = CARTESIAN_POINT('',(-8.287657899242E-03,0.196503508822,
    8.000000074506E-02));
#3990 = DIRECTION('',(0.,1.,0.));
#3991 = DIRECTION('',(0.,-0.,1.));
#3992 = ADVANCED_FACE('',(#3993),#4011,.T.);
#3993 = FACE_BOUND('',#3994,.T.);
#3994 = EDGE_LOOP('',(#3995,#3996,#3997,#4005));
#3995 = ORIENTED_EDGE('',*,*,#517,.F.);
#3996 = ORIENTED_EDGE('',*,*,#3982,.F.);
#3997 = ORIENTED_EDGE('',*,*,#3998,.T.);
#3998 = EDGE_CURVE('',#3975,#3999,#4001,.T.);
#3999 = VERTEX_POINT('',#4000);
#4000 = CARTESIAN_POINT('',(8.658413697255E-02,0.134965047283,
    8.000000074506E-02));
#4001 = LINE('',#4002,#4003);
#4002 = CARTESIAN_POINT('',(8.658413697255E-02,0.196503508822,
    8.000000074506E-02));
#4003 = VECTOR('',#4004,1.);
#4004 = DIRECTION('',(0.,-1.,0.));
#4005 = ORIENTED_EDGE('',*,*,#4006,.T.);
#4006 = EDGE_CURVE('',#3999,#518,#4007,.T.);
#4007 = LINE('',#4008,#4009);
#4008 = CARTESIAN_POINT('',(8.658413697255E-02,0.134965047283,
    8.000000074506E-02));
#4009 = VECTOR('',#4010,1.);
#4010 = DIRECTION('',(-0.,-0.,-1.));
#4011 = PLANE('',#4012);
#4012 = AXIS2_PLACEMENT_3D('',#4013,#4014,#4015);
#4013 = CARTESIAN_POINT('',(8.658413697255E-02,0.196503508822,
    8.000000074506E-02));
#4014 = DIRECTION('',(1.,0.,0.));
#4015 = DIRECTION('',(0.,0.,-1.));
#4016 = ADVANCED_FACE('',(#4017),#4035,.T.);
#4017 = FACE_BOUND('',#4018,.T.);
#4018 = EDGE_LOOP('',(#4019,#4020,#4021,#4029));
#4019 = ORIENTED_EDGE('',*,*,#525,.F.);
#4020 = ORIENTED_EDGE('',*,*,#4006,.F.);
#4021 = ORIENTED_EDGE('',*,*,#4022,.T.);
#4022 = EDGE_CURVE('',#3999,#4023,#4025,.T.);
#4023 = VERTEX_POINT('',#4024);
#4024 = CARTESIAN_POINT('',(-8.287657899242E-03,0.134965047283,
    8.000000074506E-02));
#4025 = LINE('',#4026,#4027);
#4026 = CARTESIAN_POINT('',(8.658413697255E-02,0.134965047283,
    8.000000074506E-02));
#4027 = VECTOR('',#4028,1.);
#4028 = DIRECTION('',(-1.,0.,0.));
#4029 = ORIENTED_EDGE('',*,*,#4030,.T.);
#4030 = EDGE_CURVE('',#4023,#526,#4031,.T.);
#4031 = LINE('',#4032,#4033);
#4032 = CARTESIAN_POINT('',(-8.287657899242E-03,0.134965047283,
    8.000000074506E-02));
#4033 = VECTOR('',#4034,1.);
#4034 = DIRECTION('',(-0.,-0.,-1.));
#4035 = PLANE('',#4036);
#4036 = AXIS2_PLACEMENT_3D('',#4037,#4038,#4039);
#4037 = CARTESIAN_POINT('',(8.658413697255E-02,0.134965047283,
    8.000000074506E-02));
#4038 = DIRECTION('',(0.,-1.,0.));
#4039 = DIRECTION('',(0.,0.,-1.));
#4040 = ADVANCED_FACE('',(#4041),#4059,.T.);
#4041 = FACE_BOUND('',#4042,.T.);
#4042 = EDGE_LOOP('',(#4043,#4044,#4045,#4053));
#4043 = ORIENTED_EDGE('',*,*,#533,.F.);
#4044 = ORIENTED_EDGE('',*,*,#4030,.F.);
#4045 = ORIENTED_EDGE('',*,*,#4046,.T.);
#4046 = EDGE_CURVE('',#4023,#4047,#4049,.T.);
#4047 = VERTEX_POINT('',#4048);
#4048 = CARTESIAN_POINT('',(-8.287657899242E-03,0.114452226771,
    8.000000074506E-02));
#4049 = LINE('',#4050,#4051);
#4050 = CARTESIAN_POINT('',(-8.287657899242E-03,0.134965047283,
    8.000000074506E-02));
#4051 = VECTOR('',#4052,1.);
#4052 = DIRECTION('',(0.,-1.,0.));
#4053 = ORIENTED_EDGE('',*,*,#4054,.T.);
#4054 = EDGE_CURVE('',#4047,#534,#4055,.T.);
#4055 = LINE('',#4056,#4057);
#4056 = CARTESIAN_POINT('',(-8.287657899242E-03,0.114452226771,
    8.000000074506E-02));
#4057 = VECTOR('',#4058,1.);
#4058 = DIRECTION('',(-0.,-0.,-1.));
#4059 = PLANE('',#4060);
#4060 = AXIS2_PLACEMENT_3D('',#4061,#4062,#4063);
#4061 = CARTESIAN_POINT('',(-8.287657899242E-03,0.134965047283,
    8.000000074506E-02));
#4062 = DIRECTION('',(1.,0.,0.));
#4063 = DIRECTION('',(0.,0.,-1.));
#4064 = ADVANCED_FACE('',(#4065),#4083,.T.);
#4065 = FACE_BOUND('',#4066,.T.);
#4066 = EDGE_LOOP('',(#4067,#4068,#4069,#4077));
#4067 = ORIENTED_EDGE('',*,*,#541,.F.);
#4068 = ORIENTED_EDGE('',*,*,#4054,.F.);
#4069 = ORIENTED_EDGE('',*,*,#4070,.T.);
#4070 = EDGE_CURVE('',#4047,#4071,#4073,.T.);
#4071 = VERTEX_POINT('',#4072);
#4072 = CARTESIAN_POINT('',(8.658413697255E-02,0.114452226771,
    8.000000074506E-02));
#4073 = LINE('',#4074,#4075);
#4074 = CARTESIAN_POINT('',(-8.287657899242E-03,0.114452226771,
    8.000000074506E-02));
#4075 = VECTOR('',#4076,1.);
#4076 = DIRECTION('',(1.,0.,0.));
#4077 = ORIENTED_EDGE('',*,*,#4078,.T.);
#4078 = EDGE_CURVE('',#4071,#542,#4079,.T.);
#4079 = LINE('',#4080,#4081);
#4080 = CARTESIAN_POINT('',(8.658413697255E-02,0.114452226771,
    8.000000074506E-02));
#4081 = VECTOR('',#4082,1.);
#4082 = DIRECTION('',(-0.,-0.,-1.));
#4083 = PLANE('',#4084);
#4084 = AXIS2_PLACEMENT_3D('',#4085,#4086,#4087);
#4085 = CARTESIAN_POINT('',(-8.287657899242E-03,0.114452226771,
    8.000000074506E-02));
#4086 = DIRECTION('',(0.,1.,0.));
#4087 = DIRECTION('',(0.,-0.,1.));
#4088 = ADVANCED_FACE('',(#4089),#4107,.T.);
#4089 = FACE_BOUND('',#4090,.T.);
#4090 = EDGE_LOOP('',(#4091,#4092,#4093,#4101));
#4091 = ORIENTED_EDGE('',*,*,#549,.F.);
#4092 = ORIENTED_EDGE('',*,*,#4078,.F.);
#4093 = ORIENTED_EDGE('',*,*,#4094,.T.);
#4094 = EDGE_CURVE('',#4071,#4095,#4097,.T.);
#4095 = VERTEX_POINT('',#4096);
#4096 = CARTESIAN_POINT('',(8.658413697255E-02,3.75291498475E-02,
    8.000000074506E-02));
#4097 = LINE('',#4098,#4099);
#4098 = CARTESIAN_POINT('',(8.658413697255E-02,0.114452226771,
    8.000000074506E-02));
#4099 = VECTOR('',#4100,1.);
#4100 = DIRECTION('',(0.,-1.,0.));
#4101 = ORIENTED_EDGE('',*,*,#4102,.T.);
#4102 = EDGE_CURVE('',#4095,#550,#4103,.T.);
#4103 = LINE('',#4104,#4105);
#4104 = CARTESIAN_POINT('',(8.658413697255E-02,3.75291498475E-02,
    8.000000074506E-02));
#4105 = VECTOR('',#4106,1.);
#4106 = DIRECTION('',(-0.,-0.,-1.));
#4107 = PLANE('',#4108);
#4108 = AXIS2_PLACEMENT_3D('',#4109,#4110,#4111);
#4109 = CARTESIAN_POINT('',(8.658413697255E-02,0.114452226771,
    8.000000074506E-02));
#4110 = DIRECTION('',(1.,0.,0.));
#4111 = DIRECTION('',(0.,0.,-1.));
#4112 = ADVANCED_FACE('',(#4113),#4131,.T.);
#4113 = FACE_BOUND('',#4114,.T.);
#4114 = EDGE_LOOP('',(#4115,#4116,#4117,#4125));
#4115 = ORIENTED_EDGE('',*,*,#557,.F.);
#4116 = ORIENTED_EDGE('',*,*,#4102,.F.);
#4117 = ORIENTED_EDGE('',*,*,#4118,.T.);
#4118 = EDGE_CURVE('',#4095,#4119,#4121,.T.);
#4119 = VERTEX_POINT('',#4120);
#4120 = CARTESIAN_POINT('',(-8.287657899242E-03,3.75291498475E-02,
    8.000000074506E-02));
#4121 = LINE('',#4122,#4123);
#4122 = CARTESIAN_POINT('',(8.658413697255E-02,3.75291498475E-02,
    8.000000074506E-02));
#4123 = VECTOR('',#4124,1.);
#4124 = DIRECTION('',(-1.,0.,0.));
#4125 = ORIENTED_EDGE('',*,*,#4126,.T.);
#4126 = EDGE_CURVE('',#4119,#558,#4127,.T.);
#4127 = LINE('',#4128,#4129);
#4128 = CARTESIAN_POINT('',(-8.287657899242E-03,3.75291498475E-02,
    8.000000074506E-02));
#4129 = VECTOR('',#4130,1.);
#4130 = DIRECTION('',(-0.,-0.,-1.));
#4131 = PLANE('',#4132);
#4132 = AXIS2_PLACEMENT_3D('',#4133,#4134,#4135);
#4133 = CARTESIAN_POINT('',(8.658413697255E-02,3.75291498475E-02,
    8.000000074506E-02));
#4134 = DIRECTION('',(0.,-1.,0.));
#4135 = DIRECTION('',(0.,0.,-1.));
#4136 = ADVANCED_FACE('',(#4137),#4155,.T.);
#4137 = FACE_BOUND('',#4138,.T.);
#4138 = EDGE_LOOP('',(#4139,#4140,#4141,#4149));
#4139 = ORIENTED_EDGE('',*,*,#565,.F.);
#4140 = ORIENTED_EDGE('',*,*,#4126,.F.);
#4141 = ORIENTED_EDGE('',*,*,#4142,.T.);
#4142 = EDGE_CURVE('',#4119,#4143,#4145,.T.);
#4143 = VERTEX_POINT('',#4144);
#4144 = CARTESIAN_POINT('',(-8.287657899242E-03,1.701632933468E-02,
    8.000000074506E-02));
#4145 = LINE('',#4146,#4147);
#4146 = CARTESIAN_POINT('',(-8.287657899242E-03,3.75291498475E-02,
    8.000000074506E-02));
#4147 = VECTOR('',#4148,1.);
#4148 = DIRECTION('',(0.,-1.,0.));
#4149 = ORIENTED_EDGE('',*,*,#4150,.T.);
#4150 = EDGE_CURVE('',#4143,#566,#4151,.T.);
#4151 = LINE('',#4152,#4153);
#4152 = CARTESIAN_POINT('',(-8.287657899242E-03,1.701632933468E-02,
    8.000000074506E-02));
#4153 = VECTOR('',#4154,1.);
#4154 = DIRECTION('',(-0.,-0.,-1.));
#4155 = PLANE('',#4156);
#4156 = AXIS2_PLACEMENT_3D('',#4157,#4158,#4159);
#4157 = CARTESIAN_POINT('',(-8.287657899242E-03,3.75291498475E-02,
    8.000000074506E-02));
#4158 = DIRECTION('',(1.,0.,0.));
#4159 = DIRECTION('',(0.,0.,-1.));
#4160 = ADVANCED_FACE('',(#4161),#4172,.T.);
#4161 = FACE_BOUND('',#4162,.T.);
#4162 = EDGE_LOOP('',(#4163,#4164,#4165,#4171));
#4163 = ORIENTED_EDGE('',*,*,#573,.F.);
#4164 = ORIENTED_EDGE('',*,*,#4150,.F.);
#4165 = ORIENTED_EDGE('',*,*,#4166,.T.);
#4166 = EDGE_CURVE('',#4143,#3895,#4167,.T.);
#4167 = LINE('',#4168,#4169);
#4168 = CARTESIAN_POINT('',(-8.287657899242E-03,1.701632933468E-02,
    8.000000074506E-02));
#4169 = VECTOR('',#4170,1.);
#4170 = DIRECTION('',(1.,0.,0.));
#4171 = ORIENTED_EDGE('',*,*,#3894,.T.);
#4172 = PLANE('',#4173);
#4173 = AXIS2_PLACEMENT_3D('',#4174,#4175,#4176);
#4174 = CARTESIAN_POINT('',(-8.287657899242E-03,1.701632933468E-02,
    8.000000074506E-02));
#4175 = DIRECTION('',(0.,1.,0.));
#4176 = DIRECTION('',(0.,-0.,1.));
#4177 = ADVANCED_FACE('',(#4178),#4192,.F.);
#4178 = FACE_BOUND('',#4179,.T.);
#4179 = EDGE_LOOP('',(#4180,#4181,#4182,#4183,#4184,#4185,#4186,#4187,
    #4188,#4189,#4190,#4191));
#4180 = ORIENTED_EDGE('',*,*,#3902,.F.);
#4181 = ORIENTED_EDGE('',*,*,#4166,.F.);
#4182 = ORIENTED_EDGE('',*,*,#4142,.F.);
#4183 = ORIENTED_EDGE('',*,*,#4118,.F.);
#4184 = ORIENTED_EDGE('',*,*,#4094,.F.);
#4185 = ORIENTED_EDGE('',*,*,#4070,.F.);
#4186 = ORIENTED_EDGE('',*,*,#4046,.F.);
#4187 = ORIENTED_EDGE('',*,*,#4022,.F.);
#4188 = ORIENTED_EDGE('',*,*,#3998,.F.);
#4189 = ORIENTED_EDGE('',*,*,#3974,.F.);
#4190 = ORIENTED_EDGE('',*,*,#3950,.F.);
#4191 = ORIENTED_EDGE('',*,*,#3926,.F.);
#4192 = PLANE('',#4193);
#4193 = AXIS2_PLACEMENT_3D('',#4194,#4195,#4196);
#4194 = CARTESIAN_POINT('',(0.,0.,8.000000074506E-02));
#4195 = DIRECTION('',(0.,0.,1.));
#4196 = DIRECTION('',(1.,0.,-0.));
#4197 = ADVANCED_FACE('',(#4198),#4239,.T.);
#4198 = FACE_BOUND('',#4199,.T.);
#4199 = EDGE_LOOP('',(#4200,#4201,#4209,#4233));
#4200 = ORIENTED_EDGE('',*,*,#63,.F.);
#4201 = ORIENTED_EDGE('',*,*,#4202,.F.);
#4202 = EDGE_CURVE('',#4203,#64,#4205,.T.);
#4203 = VERTEX_POINT('',#4204);
#4204 = CARTESIAN_POINT('',(0.232818111332,0.222144534463,
    8.000000074506E-02));
#4205 = LINE('',#4206,#4207);
#4206 = CARTESIAN_POINT('',(0.232818111332,0.222144534463,
    8.000000074506E-02));
#4207 = VECTOR('',#4208,1.);
#4208 = DIRECTION('',(-0.,-0.,-1.));
#4209 = ORIENTED_EDGE('',*,*,#4210,.T.);
#4210 = EDGE_CURVE('',#4203,#4211,#4213,.T.);
#4211 = VERTEX_POINT('',#4212);
#4212 = CARTESIAN_POINT('',(0.145558495947,0.180317611386,
    8.000000074506E-02));
#4213 = B_SPLINE_CURVE_WITH_KNOTS('',3,(#4214,#4215,#4216,#4217,#4218,
    #4219,#4220,#4221,#4222,#4223,#4224,#4225,#4226,#4227,#4228,#4229,
    #4230,#4231,#4232),.UNSPECIFIED.,.F.,.F.,(4,1,1,1,1,1,1,1,1,1,1,1,1,
    1,1,1,4),(0.,6.85475367089E-02,0.135682945623,0.201214989526,
    0.265682234755,0.329266834817,0.392395427844,0.455069761652,
    0.517126850065,0.578790035287,0.639739863344,0.700191503666,
    0.759806242597,0.819628319275,0.879354791046,0.939511607765,1.),
  .UNSPECIFIED.);
#4214 = CARTESIAN_POINT('',(0.232818111332,0.222144534463,
    8.000000074506E-02));
#4215 = CARTESIAN_POINT('',(0.230520141506,0.222116983709,
    8.000000074506E-02));
#4216 = CARTESIAN_POINT('',(0.225971541661,0.222062449767,
    8.000000074506E-02));
#4217 = CARTESIAN_POINT('',(0.219242818666,0.221530670217,
    8.000000074506E-02));
#4218 = CARTESIAN_POINT('',(0.212691828555,0.220644178433,
    8.000000074506E-02));
#4219 = CARTESIAN_POINT('',(0.206314058153,0.219437545872,
    8.000000074506E-02));
#4220 = CARTESIAN_POINT('',(0.200078480084,0.217939984645,
    8.000000074506E-02));
#4221 = CARTESIAN_POINT('',(0.194032752034,0.215989110456,
    8.000000074506E-02));
#4222 = CARTESIAN_POINT('',(0.188141398499,0.213758451523,
    8.000000074506E-02));
#4223 = CARTESIAN_POINT('',(0.182441575174,0.211189396327,
    8.000000074506E-02));
#4224 = CARTESIAN_POINT('',(0.176960629452,0.208305582532,
    8.000000074506E-02));
#4225 = CARTESIAN_POINT('',(0.171700268394,0.205138975472,
    8.000000074506E-02));
#4226 = CARTESIAN_POINT('',(0.166702276468,0.201693500872,
    8.000000074506E-02));
#4227 = CARTESIAN_POINT('',(0.161931485129,0.197998462277,
    8.000000074506E-02));
#4228 = CARTESIAN_POINT('',(0.157467701639,0.193975687461,
    8.000000074506E-02));
#4229 = CARTESIAN_POINT('',(0.153184188579,0.189735824833,
    8.000000074506E-02));
#4230 = CARTESIAN_POINT('',(0.149226412685,0.185156749167,
    8.000000074506E-02));
#4231 = CARTESIAN_POINT('',(0.146783372971,0.181933610087,
    8.000000074506E-02));
#4232 = CARTESIAN_POINT('',(0.145558495947,0.180317611386,
    8.000000074506E-02));
#4233 = ORIENTED_EDGE('',*,*,#4234,.T.);
#4234 = EDGE_CURVE('',#4211,#66,#4235,.T.);
#4235 = LINE('',#4236,#4237);
#4236 = CARTESIAN_POINT('',(0.145558495947,0.180317611386,
    8.000000074506E-02));
#4237 = VECTOR('',#4238,1.);
#4238 = DIRECTION('',(-0.,-0.,-1.));
#4239 = B_SPLINE_SURFACE_WITH_KNOTS('',3,1,(
    (#4240,#4241)
    ,(#4242,#4243)
    ,(#4244,#4245)
    ,(#4246,#4247)
    ,(#4248,#4249)
    ,(#4250,#4251)
    ,(#4252,#4253)
    ,(#4254,#4255)
    ,(#4256,#4257)
    ,(#4258,#4259)
    ,(#4260,#4261)
    ,(#4262,#4263)
    ,(#4264,#4265)
    ,(#4266,#4267)
    ,(#4268,#4269)
    ,(#4270,#4271)
    ,(#4272,#4273)
    ,(#4274,#4275)
    ,(#4276,#4277
    )),.UNSPECIFIED.,.F.,.F.,.F.,(4,1,1,1,1,1,1,1,1,1,1,1,1,1,1,1,4),(2,
    2),(0.,6.85475367089E-02,0.135682945623,0.201214989526,
    0.265682234755,0.329266834817,0.392395427844,0.455069761652,
    0.517126850065,0.578790035287,0.639739863344,0.700191503666,
    0.759806242597,0.819628319275,0.879354791046,0.939511607765,1.),(0.,
    1.),.UNSPECIFIED.);
#4240 = CARTESIAN_POINT('',(0.232818111332,0.222144534463,
    8.000000074506E-02));
#4241 = CARTESIAN_POINT('',(0.232818111332,0.222144534463,
    5.000000074506E-02));
#4242 = CARTESIAN_POINT('',(0.230520141506,0.222116983709,
    8.000000074506E-02));
#4243 = CARTESIAN_POINT('',(0.230520141506,0.222116983709,
    5.000000074506E-02));
#4244 = CARTESIAN_POINT('',(0.225971541661,0.222062449767,
    8.000000074506E-02));
#4245 = CARTESIAN_POINT('',(0.225971541661,0.222062449767,
    5.000000074506E-02));
#4246 = CARTESIAN_POINT('',(0.219242818666,0.221530670217,
    8.000000074506E-02));
#4247 = CARTESIAN_POINT('',(0.219242818666,0.221530670217,
    5.000000074506E-02));
#4248 = CARTESIAN_POINT('',(0.212691828555,0.220644178433,
    8.000000074506E-02));
#4249 = CARTESIAN_POINT('',(0.212691828555,0.220644178433,
    5.000000074506E-02));
#4250 = CARTESIAN_POINT('',(0.206314058153,0.219437545872,
    8.000000074506E-02));
#4251 = CARTESIAN_POINT('',(0.206314058153,0.219437545872,
    5.000000074506E-02));
#4252 = CARTESIAN_POINT('',(0.200078480084,0.217939984645,
    8.000000074506E-02));
#4253 = CARTESIAN_POINT('',(0.200078480084,0.217939984645,
    5.000000074506E-02));
#4254 = CARTESIAN_POINT('',(0.194032752034,0.215989110456,
    8.000000074506E-02));
#4255 = CARTESIAN_POINT('',(0.194032752034,0.215989110456,
    5.000000074506E-02));
#4256 = CARTESIAN_POINT('',(0.188141398499,0.213758451523,
    8.000000074506E-02));
#4257 = CARTESIAN_POINT('',(0.188141398499,0.213758451523,
    5.000000074506E-02));
#4258 = CARTESIAN_POINT('',(0.182441575174,0.211189396327,
    8.000000074506E-02));
#4259 = CARTESIAN_POINT('',(0.182441575174,0.211189396327,
    5.000000074506E-02));
#4260 = CARTESIAN_POINT('',(0.176960629452,0.208305582532,
    8.000000074506E-02));
#4261 = CARTESIAN_POINT('',(0.176960629452,0.208305582532,
    5.000000074506E-02));
#4262 = CARTESIAN_POINT('',(0.171700268394,0.205138975472,
    8.000000074506E-02));
#4263 = CARTESIAN_POINT('',(0.171700268394,0.205138975472,
    5.000000074506E-02));
#4264 = CARTESIAN_POINT('',(0.166702276468,0.201693500872,
    8.000000074506E-02));
#4265 = CARTESIAN_POINT('',(0.166702276468,0.201693500872,
    5.000000074506E-02));
#4266 = CARTESIAN_POINT('',(0.161931485129,0.197998462277,
    8.000000074506E-02));
#4267 = CARTESIAN_POINT('',(0.161931485129,0.197998462277,
    5.000000074506E-02));
#4268 = CARTESIAN_POINT('',(0.157467701639,0.193975687461,
    8.000000074506E-02));
#4269 = CARTESIAN_POINT('',(0.157467701639,0.193975687461,
    5.000000074506E-02));
#4270 = CARTESIAN_POINT('',(0.153184188579,0.189735824833,
    8.000000074506E-02));
#4271 = CARTESIAN_POINT('',(0.153184188579,0.189735824833,
    5.000000074506E-02));
#4272 = CARTESIAN_POINT('',(0.149226412685,0.185156749167,
    8.000000074506E-02));
#4273 = CARTESIAN_POINT('',(0.149226412685,0.185156749167,
    5.000000074506E-02));
#4274 = CARTESIAN_POINT('',(0.146783372971,0.181933610087,
    8.000000074506E-02));
#4275 = CARTESIAN_POINT('',(0.146783372971,0.181933610087,
    5.000000074506E-02));
#4276 = CARTESIAN_POINT('',(0.145558495947,0.180317611386,
    8.000000074506E-02));
#4277 = CARTESIAN_POINT('',(0.145558495947,0.180317611386,
    5.000000074506E-02));
#4278 = ADVANCED_FACE('',(#4279),#4297,.T.);
#4279 = FACE_BOUND('',#4280,.T.);
#4280 = EDGE_LOOP('',(#4281,#4282,#4283,#4291));
#4281 = ORIENTED_EDGE('',*,*,#89,.F.);
#4282 = ORIENTED_EDGE('',*,*,#4234,.F.);
#4283 = ORIENTED_EDGE('',*,*,#4284,.T.);
#4284 = EDGE_CURVE('',#4211,#4285,#4287,.T.);
#4285 = VERTEX_POINT('',#4286);
#4286 = CARTESIAN_POINT('',(0.161263624152,0.168298380617,
    8.000000074506E-02));
#4287 = LINE('',#4288,#4289);
#4288 = CARTESIAN_POINT('',(0.145558495947,0.180317611386,
    8.000000074506E-02));
#4289 = VECTOR('',#4290,1.);
#4290 = DIRECTION('',(0.794127768436,-0.607750843191,0.));
#4291 = ORIENTED_EDGE('',*,*,#4292,.T.);
#4292 = EDGE_CURVE('',#4285,#90,#4293,.T.);
#4293 = LINE('',#4294,#4295);
#4294 = CARTESIAN_POINT('',(0.161263624152,0.168298380617,
    8.000000074506E-02));
#4295 = VECTOR('',#4296,1.);
#4296 = DIRECTION('',(-0.,-0.,-1.));
#4297 = PLANE('',#4298);
#4298 = AXIS2_PLACEMENT_3D('',#4299,#4300,#4301);
#4299 = CARTESIAN_POINT('',(0.145558495947,0.180317611386,
    8.000000074506E-02));
#4300 = DIRECTION('',(0.607750843191,0.794127768436,0.));
#4301 = DIRECTION('',(-0.794127768436,0.607750843191,0.));
#4302 = ADVANCED_FACE('',(#4303),#4333,.T.);
#4303 = FACE_BOUND('',#4304,.T.);
#4304 = EDGE_LOOP('',(#4305,#4306,#4307,#4327));
#4305 = ORIENTED_EDGE('',*,*,#97,.F.);
#4306 = ORIENTED_EDGE('',*,*,#4292,.F.);
#4307 = ORIENTED_EDGE('',*,*,#4308,.T.);
#4308 = EDGE_CURVE('',#4285,#4309,#4311,.T.);
#4309 = VERTEX_POINT('',#4310);
#4310 = CARTESIAN_POINT('',(0.233939906203,0.20163171395,
    8.000000074506E-02));
#4311 = B_SPLINE_CURVE_WITH_KNOTS('',3,(#4312,#4313,#4314,#4315,#4316,
    #4317,#4318,#4319,#4320,#4321,#4322,#4323,#4324,#4325,#4326),
  .UNSPECIFIED.,.F.,.F.,(4,1,1,1,1,1,1,1,1,1,1,1,4),(0.,
    6.316325936347E-02,0.125474941031,0.187121219816,0.248294346114,
    0.309294856255,0.369850066067,0.430973375547,0.492455989673,
    0.616147966292,0.740843698467,0.86818264867,1.),.UNSPECIFIED.);
#4312 = CARTESIAN_POINT('',(0.161263624152,0.168298380617,
    8.000000074506E-02));
#4313 = CARTESIAN_POINT('',(0.16238396063,0.169633578893,
    8.000000074506E-02));
#4314 = CARTESIAN_POINT('',(0.16460952902,0.172285974077,
    8.000000074506E-02));
#4315 = CARTESIAN_POINT('',(0.168190054878,0.176010519476,
    8.000000074506E-02));
#4316 = CARTESIAN_POINT('',(0.171921577329,0.179499962985,
    8.000000074506E-02));
#4317 = CARTESIAN_POINT('',(0.17580266997,0.182770927536,
    8.000000074506E-02));
#4318 = CARTESIAN_POINT('',(0.179903191084,0.185709028435,
    8.000000074506E-02));
#4319 = CARTESIAN_POINT('',(0.18412380815,0.188467377174,
    8.000000074506E-02));
#4320 = CARTESIAN_POINT('',(0.188535125019,0.190939819343,
    8.000000074506E-02));
#4321 = CARTESIAN_POINT('',(0.194635224142,0.193937704263,
    8.000000074506E-02));
#4322 = CARTESIAN_POINT('',(0.202615101186,0.197066055978,
    8.000000074506E-02));
#4323 = CARTESIAN_POINT('',(0.212660520562,0.199689097767,
    8.000000074506E-02));
#4324 = CARTESIAN_POINT('',(0.223146869047,0.201358879235,
    8.000000074506E-02));
#4325 = CARTESIAN_POINT('',(0.230301017597,0.201539727318,
    8.000000074506E-02));
#4326 = CARTESIAN_POINT('',(0.233939906203,0.20163171395,
    8.000000074506E-02));
#4327 = ORIENTED_EDGE('',*,*,#4328,.T.);
#4328 = EDGE_CURVE('',#4309,#98,#4329,.T.);
#4329 = LINE('',#4330,#4331);
#4330 = CARTESIAN_POINT('',(0.233939906203,0.20163171395,
    8.000000074506E-02));
#4331 = VECTOR('',#4332,1.);
#4332 = DIRECTION('',(-0.,-0.,-1.));
#4333 = B_SPLINE_SURFACE_WITH_KNOTS('',3,1,(
    (#4334,#4335)
    ,(#4336,#4337)
    ,(#4338,#4339)
    ,(#4340,#4341)
    ,(#4342,#4343)
    ,(#4344,#4345)
    ,(#4346,#4347)
    ,(#4348,#4349)
    ,(#4350,#4351)
    ,(#4352,#4353)
    ,(#4354,#4355)
    ,(#4356,#4357)
    ,(#4358,#4359)
    ,(#4360,#4361)
    ,(#4362,#4363
    )),.UNSPECIFIED.,.F.,.F.,.F.,(4,1,1,1,1,1,1,1,1,1,1,1,4),(2,2),(0.,
    6.316325936347E-02,0.125474941031,0.187121219816,0.248294346114,
    0.309294856255,0.369850066067,0.430973375547,0.492455989673,
    0.616147966292,0.740843698467,0.86818264867,1.),(0.,1.),
  .UNSPECIFIED.);
#4334 = CARTESIAN_POINT('',(0.161263624152,0.168298380617,
    8.000000074506E-02));
#4335 = CARTESIAN_POINT('',(0.161263624152,0.168298380617,
    5.000000074506E-02));
#4336 = CARTESIAN_POINT('',(0.16238396063,0.169633578893,
    8.000000074506E-02));
#4337 = CARTESIAN_POINT('',(0.16238396063,0.169633578893,
    5.000000074506E-02));
#4338 = CARTESIAN_POINT('',(0.16460952902,0.172285974077,
    8.000000074506E-02));
#4339 = CARTESIAN_POINT('',(0.16460952902,0.172285974077,
    5.000000074506E-02));
#4340 = CARTESIAN_POINT('',(0.168190054878,0.176010519476,
    8.000000074506E-02));
#4341 = CARTESIAN_POINT('',(0.168190054878,0.176010519476,
    5.000000074506E-02));
#4342 = CARTESIAN_POINT('',(0.171921577329,0.179499962985,
    8.000000074506E-02));
#4343 = CARTESIAN_POINT('',(0.171921577329,0.179499962985,
    5.000000074506E-02));
#4344 = CARTESIAN_POINT('',(0.17580266997,0.182770927536,
    8.000000074506E-02));
#4345 = CARTESIAN_POINT('',(0.17580266997,0.182770927536,
    5.000000074506E-02));
#4346 = CARTESIAN_POINT('',(0.179903191084,0.185709028435,
    8.000000074506E-02));
#4347 = CARTESIAN_POINT('',(0.179903191084,0.185709028435,
    5.000000074506E-02));
#4348 = CARTESIAN_POINT('',(0.18412380815,0.188467377174,
    8.000000074506E-02));
#4349 = CARTESIAN_POINT('',(0.18412380815,0.188467377174,
    5.000000074506E-02));
#4350 = CARTESIAN_POINT('',(0.188535125019,0.190939819343,
    8.000000074506E-02));
#4351 = CARTESIAN_POINT('',(0.188535125019,0.190939819343,
    5.000000074506E-02));
#4352 = CARTESIAN_POINT('',(0.194635224142,0.193937704263,
    8.000000074506E-02));
#4353 = CARTESIAN_POINT('',(0.194635224142,0.193937704263,
    5.000000074506E-02));
#4354 = CARTESIAN_POINT('',(0.202615101186,0.197066055978,
    8.000000074506E-02));
#4355 = CARTESIAN_POINT('',(0.202615101186,0.197066055978,
    5.000000074506E-02));
#4356 = CARTESIAN_POINT('',(0.212660520562,0.199689097767,
    8.000000074506E-02));
#4357 = CARTESIAN_POINT('',(0.212660520562,0.199689097767,
    5.000000074506E-02));
#4358 = CARTESIAN_POINT('',(0.223146869047,0.201358879235,
    8.000000074506E-02));
#4359 = CARTESIAN_POINT('',(0.223146869047,0.201358879235,
    5.000000074506E-02));
#4360 = CARTESIAN_POINT('',(0.230301017597,0.201539727318,
    8.000000074506E-02));
#4361 = CARTESIAN_POINT('',(0.230301017597,0.201539727318,
    5.000000074506E-02));
#4362 = CARTESIAN_POINT('',(0.233939906203,0.20163171395,
    8.000000074506E-02));
#4363 = CARTESIAN_POINT('',(0.233939906203,0.20163171395,
    5.000000074506E-02));
#4364 = ADVANCED_FACE('',(#4365),#4407,.T.);
#4365 = FACE_BOUND('',#4366,.T.);
#4366 = EDGE_LOOP('',(#4367,#4368,#4369,#4401));
#4367 = ORIENTED_EDGE('',*,*,#117,.F.);
#4368 = ORIENTED_EDGE('',*,*,#4328,.F.);
#4369 = ORIENTED_EDGE('',*,*,#4370,.T.);
#4370 = EDGE_CURVE('',#4309,#4371,#4373,.T.);
#4371 = VERTEX_POINT('',#4372);
#4372 = CARTESIAN_POINT('',(0.32248157287,0.116816008822,
    8.000000074506E-02));
#4373 = B_SPLINE_CURVE_WITH_KNOTS('',3,(#4374,#4375,#4376,#4377,#4378,
    #4379,#4380,#4381,#4382,#4383,#4384,#4385,#4386,#4387,#4388,#4389,
    #4390,#4391,#4392,#4393,#4394,#4395,#4396,#4397,#4398,#4399,#4400),
  .UNSPECIFIED.,.F.,.F.,(4,1,1,1,1,1,1,1,1,1,1,1,1,1,1,1,1,1,1,1,1,1,1,1
    ,4),(0.,4.395490890619E-02,8.75018747976E-02,0.130462626731,
    0.172752020567,0.21540306738,0.257649829743,0.300152748957,
    0.343121489502,0.385925163206,0.427685727403,0.468817950487,
    0.509491800155,0.549883031073,0.589980022967,0.630405230007,
    0.670868626083,0.711383943838,0.751627258064,0.791775576865,
    0.832458918804,0.873319045017,0.914542955626,0.95692355821,1.),
  .UNSPECIFIED.);
#4374 = CARTESIAN_POINT('',(0.233939906203,0.20163171395,
    8.000000074506E-02));
#4375 = CARTESIAN_POINT('',(0.235944666166,0.201608630378,
    8.000000074506E-02));
#4376 = CARTESIAN_POINT('',(0.239935580027,0.201562677471,
    8.000000074506E-02));
#4377 = CARTESIAN_POINT('',(0.245858349941,0.200956441745,
    8.000000074506E-02));
#4378 = CARTESIAN_POINT('',(0.251670524292,0.2001043726,
    8.000000074506E-02));
#4379 = CARTESIAN_POINT('',(0.257368322361,0.198840068416,
    8.000000074506E-02));
#4380 = CARTESIAN_POINT('',(0.262944491421,0.19724163304,
    8.000000074506E-02));
#4381 = CARTESIAN_POINT('',(0.268435485824,0.195331609387,
    8.000000074506E-02));
#4382 = CARTESIAN_POINT('',(0.273761805813,0.192968475681,
    8.000000074506E-02));
#4383 = CARTESIAN_POINT('',(0.278997133711,0.190356575112,
    8.000000074506E-02));
#4384 = CARTESIAN_POINT('',(0.284013088625,0.187406435412,
    8.000000074506E-02));
#4385 = CARTESIAN_POINT('',(0.288759091355,0.184188529591,
    8.000000074506E-02));
#4386 = CARTESIAN_POINT('',(0.293217832379,0.180738866937,
    8.000000074506E-02));
#4387 = CARTESIAN_POINT('',(0.297392838786,0.177044518001,
    8.000000074506E-02));
#4388 = CARTESIAN_POINT('',(0.301288378691,0.173122120259,
    8.000000074506E-02));
#4389 = CARTESIAN_POINT('',(0.304876225023,0.168929872169,
    8.000000074506E-02));
#4390 = CARTESIAN_POINT('',(0.308143962753,0.164481176539,
    8.000000074506E-02));
#4391 = CARTESIAN_POINT('',(0.311156364185,0.159834696107,
    8.000000074506E-02));
#4392 = CARTESIAN_POINT('',(0.313854234662,0.155003965157,
    8.000000074506E-02));
#4393 = CARTESIAN_POINT('',(0.316113084913,0.149971103989,
    8.000000074506E-02));
#4394 = CARTESIAN_POINT('',(0.318113377611,0.144822298101,
    8.000000074506E-02));
#4395 = CARTESIAN_POINT('',(0.319696191476,0.139499374625,
    8.000000074506E-02));
#4396 = CARTESIAN_POINT('',(0.320949021009,0.134039788006,
    8.000000074506E-02));
#4397 = CARTESIAN_POINT('',(0.321813458911,0.128428885837,
    8.000000074506E-02));
#4398 = CARTESIAN_POINT('',(0.322412800122,0.12267838986,
    8.000000074506E-02));
#4399 = CARTESIAN_POINT('',(0.322458524516,0.118780714854,
    8.000000074506E-02));
#4400 = CARTESIAN_POINT('',(0.32248157287,0.116816008822,
    8.000000074506E-02));
#4401 = ORIENTED_EDGE('',*,*,#4402,.T.);
#4402 = EDGE_CURVE('',#4371,#118,#4403,.T.);
#4403 = LINE('',#4404,#4405);
#4404 = CARTESIAN_POINT('',(0.32248157287,0.116816008822,
    8.000000074506E-02));
#4405 = VECTOR('',#4406,1.);
#4406 = DIRECTION('',(-0.,-0.,-1.));
#4407 = B_SPLINE_SURFACE_WITH_KNOTS('',3,1,(
    (#4408,#4409)
    ,(#4410,#4411)
    ,(#4412,#4413)
    ,(#4414,#4415)
    ,(#4416,#4417)
    ,(#4418,#4419)
    ,(#4420,#4421)
    ,(#4422,#4423)
    ,(#4424,#4425)
    ,(#4426,#4427)
    ,(#4428,#4429)
    ,(#4430,#4431)
    ,(#4432,#4433)
    ,(#4434,#4435)
    ,(#4436,#4437)
    ,(#4438,#4439)
    ,(#4440,#4441)
    ,(#4442,#4443)
    ,(#4444,#4445)
    ,(#4446,#4447)
    ,(#4448,#4449)
    ,(#4450,#4451)
    ,(#4452,#4453)
    ,(#4454,#4455)
    ,(#4456,#4457)
    ,(#4458,#4459)
    ,(#4460,#4461
    )),.UNSPECIFIED.,.F.,.F.,.F.,(4,1,1,1,1,1,1,1,1,1,1,1,1,1,1,1,1,1,1,
    1,1,1,1,1,4),(2,2),(0.,4.395490890619E-02,8.75018747976E-02,
    0.130462626731,0.172752020567,0.21540306738,0.257649829743,
    0.300152748957,0.343121489502,0.385925163206,0.427685727403,
    0.468817950487,0.509491800155,0.549883031073,0.589980022967,
    0.630405230007,0.670868626083,0.711383943838,0.751627258064,
    0.791775576865,0.832458918804,0.873319045017,0.914542955626,
    0.95692355821,1.),(0.,1.),.UNSPECIFIED.);
#4408 = CARTESIAN_POINT('',(0.233939906203,0.20163171395,
    8.000000074506E-02));
#4409 = CARTESIAN_POINT('',(0.233939906203,0.20163171395,
    5.000000074506E-02));
#4410 = CARTESIAN_POINT('',(0.235944666166,0.201608630378,
    8.000000074506E-02));
#4411 = CARTESIAN_POINT('',(0.235944666166,0.201608630378,
    5.000000074506E-02));
#4412 = CARTESIAN_POINT('',(0.239935580027,0.201562677471,
    8.000000074506E-02));
#4413 = CARTESIAN_POINT('',(0.239935580027,0.201562677471,
    5.000000074506E-02));
#4414 = CARTESIAN_POINT('',(0.245858349941,0.200956441745,
    8.000000074506E-02));
#4415 = CARTESIAN_POINT('',(0.245858349941,0.200956441745,
    5.000000074506E-02));
#4416 = CARTESIAN_POINT('',(0.251670524292,0.2001043726,
    8.000000074506E-02));
#4417 = CARTESIAN_POINT('',(0.251670524292,0.2001043726,
    5.000000074506E-02));
#4418 = CARTESIAN_POINT('',(0.257368322361,0.198840068416,
    8.000000074506E-02));
#4419 = CARTESIAN_POINT('',(0.257368322361,0.198840068416,
    5.000000074506E-02));
#4420 = CARTESIAN_POINT('',(0.262944491421,0.19724163304,
    8.000000074506E-02));
#4421 = CARTESIAN_POINT('',(0.262944491421,0.19724163304,
    5.000000074506E-02));
#4422 = CARTESIAN_POINT('',(0.268435485824,0.195331609387,
    8.000000074506E-02));
#4423 = CARTESIAN_POINT('',(0.268435485824,0.195331609387,
    5.000000074506E-02));
#4424 = CARTESIAN_POINT('',(0.273761805813,0.192968475681,
    8.000000074506E-02));
#4425 = CARTESIAN_POINT('',(0.273761805813,0.192968475681,
    5.000000074506E-02));
#4426 = CARTESIAN_POINT('',(0.278997133711,0.190356575112,
    8.000000074506E-02));
#4427 = CARTESIAN_POINT('',(0.278997133711,0.190356575112,
    5.000000074506E-02));
#4428 = CARTESIAN_POINT('',(0.284013088625,0.187406435412,
    8.000000074506E-02));
#4429 = CARTESIAN_POINT('',(0.284013088625,0.187406435412,
    5.000000074506E-02));
#4430 = CARTESIAN_POINT('',(0.288759091355,0.184188529591,
    8.000000074506E-02));
#4431 = CARTESIAN_POINT('',(0.288759091355,0.184188529591,
    5.000000074506E-02));
#4432 = CARTESIAN_POINT('',(0.293217832379,0.180738866937,
    8.000000074506E-02));
#4433 = CARTESIAN_POINT('',(0.293217832379,0.180738866937,
    5.000000074506E-02));
#4434 = CARTESIAN_POINT('',(0.297392838786,0.177044518001,
    8.000000074506E-02));
#4435 = CARTESIAN_POINT('',(0.297392838786,0.177044518001,
    5.000000074506E-02));
#4436 = CARTESIAN_POINT('',(0.301288378691,0.173122120259,
    8.000000074506E-02));
#4437 = CARTESIAN_POINT('',(0.301288378691,0.173122120259,
    5.000000074506E-02));
#4438 = CARTESIAN_POINT('',(0.304876225023,0.168929872169,
    8.000000074506E-02));
#4439 = CARTESIAN_POINT('',(0.304876225023,0.168929872169,
    5.000000074506E-02));
#4440 = CARTESIAN_POINT('',(0.308143962753,0.164481176539,
    8.000000074506E-02));
#4441 = CARTESIAN_POINT('',(0.308143962753,0.164481176539,
    5.000000074506E-02));
#4442 = CARTESIAN_POINT('',(0.311156364185,0.159834696107,
    8.000000074506E-02));
#4443 = CARTESIAN_POINT('',(0.311156364185,0.159834696107,
    5.000000074506E-02));
#4444 = CARTESIAN_POINT('',(0.313854234662,0.155003965157,
    8.000000074506E-02));
#4445 = CARTESIAN_POINT('',(0.313854234662,0.155003965157,
    5.000000074506E-02));
#4446 = CARTESIAN_POINT('',(0.316113084913,0.149971103989,
    8.000000074506E-02));
#4447 = CARTESIAN_POINT('',(0.316113084913,0.149971103989,
    5.000000074506E-02));
#4448 = CARTESIAN_POINT('',(0.318113377611,0.144822298101,
    8.000000074506E-02));
#4449 = CARTESIAN_POINT('',(0.318113377611,0.144822298101,
    5.000000074506E-02));
#4450 = CARTESIAN_POINT('',(0.319696191476,0.139499374625,
    8.000000074506E-02));
#4451 = CARTESIAN_POINT('',(0.319696191476,0.139499374625,
    5.000000074506E-02));
#4452 = CARTESIAN_POINT('',(0.320949021009,0.134039788006,
    8.000000074506E-02));
#4453 = CARTESIAN_POINT('',(0.320949021009,0.134039788006,
    5.000000074506E-02));
#4454 = CARTESIAN_POINT('',(0.321813458911,0.128428885837,
    8.000000074506E-02));
#4455 = CARTESIAN_POINT('',(0.321813458911,0.128428885837,
    5.000000074506E-02));
#4456 = CARTESIAN_POINT('',(0.322412800122,0.12267838986,
    8.000000074506E-02));
#4457 = CARTESIAN_POINT('',(0.322412800122,0.12267838986,
    5.000000074506E-02));
#4458 = CARTESIAN_POINT('',(0.322458524516,0.118780714854,
    8.000000074506E-02));
#4459 = CARTESIAN_POINT('',(0.322458524516,0.118780714854,
    5.000000074506E-02));
#4460 = CARTESIAN_POINT('',(0.32248157287,0.116816008822,
    8.000000074506E-02));
#4461 = CARTESIAN_POINT('',(0.32248157287,0.116816008822,
    5.000000074506E-02));
#4462 = ADVANCED_FACE('',(#4463),#4497,.T.);
#4463 = FACE_BOUND('',#4464,.T.);
#4464 = EDGE_LOOP('',(#4465,#4466,#4467,#4491));
#4465 = ORIENTED_EDGE('',*,*,#149,.F.);
#4466 = ORIENTED_EDGE('',*,*,#4402,.F.);
#4467 = ORIENTED_EDGE('',*,*,#4468,.T.);
#4468 = EDGE_CURVE('',#4371,#4469,#4471,.T.);
#4469 = VERTEX_POINT('',#4470);
#4470 = CARTESIAN_POINT('',(0.232697919024,3.240094471929E-02,
    8.000000074506E-02));
#4471 = B_SPLINE_CURVE_WITH_KNOTS('',3,(#4472,#4473,#4474,#4475,#4476,
    #4477,#4478,#4479,#4480,#4481,#4482,#4483,#4484,#4485,#4486,#4487,
    #4488,#4489,#4490),.UNSPECIFIED.,.F.,.F.,(4,1,1,1,1,1,1,1,1,1,1,1,1,
    1,1,1,4),(0.,6.432321657984E-02,0.126290103704,0.186726469216,
    0.246146432335,0.305575642646,0.365429385618,0.426326308948,
    0.488839906401,0.551724971814,0.613918596466,0.675483765768,
    0.737333897099,0.800229044395,0.864502298123,0.931040739156,1.),
  .UNSPECIFIED.);
#4472 = CARTESIAN_POINT('',(0.32248157287,0.116816008822,
    8.000000074506E-02));
#4473 = CARTESIAN_POINT('',(0.322409468926,0.113859933398,
    8.000000074506E-02));
#4474 = CARTESIAN_POINT('',(0.322267902395,0.108056071406,
    8.000000074506E-02));
#4475 = CARTESIAN_POINT('',(0.321007997591,9.955489366109E-02,
    8.000000074506E-02));
#4476 = CARTESIAN_POINT('',(0.319093420946,9.141085515936E-02,
    8.000000074506E-02));
#4477 = CARTESIAN_POINT('',(0.316223959407,8.367486417017E-02,
    8.000000074506E-02));
#4478 = CARTESIAN_POINT('',(0.312685727946,7.6251529424E-02,
    8.000000074506E-02));
#4479 = CARTESIAN_POINT('',(0.30821483586,6.926645208649E-02,
    8.000000074506E-02));
#4480 = CARTESIAN_POINT('',(0.303036748011,6.261407697154E-02,
    8.000000074506E-02));
#4481 = CARTESIAN_POINT('',(0.297078209756,5.645162281449E-02,
    8.000000074506E-02));
#4482 = CARTESIAN_POINT('',(0.290540734556,5.082226708317E-02,
    8.000000074506E-02));
#4483 = CARTESIAN_POINT('',(0.283526568179,4.586509099681E-02,
    8.000000074506E-02));
#4484 = CARTESIAN_POINT('',(0.276053180306,4.173281199873E-02,
    8.000000074506E-02));
#4485 = CARTESIAN_POINT('',(0.268203087153,3.829418648351E-02,
    8.000000074506E-02));
#4486 = CARTESIAN_POINT('',(0.259915880643,3.565094490319E-02,
    8.000000074506E-02));
#4487 = CARTESIAN_POINT('',(0.251206463362,3.379013784586E-02,
    8.000000074506E-02));
#4488 = CARTESIAN_POINT('',(0.242093777919,3.257629895777E-02,
    8.000000074506E-02));
#4489 = CARTESIAN_POINT('',(0.235866955068,3.246008821096E-02,
    8.000000074506E-02));
#4490 = CARTESIAN_POINT('',(0.232697919024,3.240094471929E-02,
    8.000000074506E-02));
#4491 = ORIENTED_EDGE('',*,*,#4492,.T.);
#4492 = EDGE_CURVE('',#4469,#150,#4493,.T.);
#4493 = LINE('',#4494,#4495);
#4494 = CARTESIAN_POINT('',(0.232697919024,3.240094471929E-02,
    8.000000074506E-02));
#4495 = VECTOR('',#4496,1.);
#4496 = DIRECTION('',(-0.,-0.,-1.));
#4497 = B_SPLINE_SURFACE_WITH_KNOTS('',3,1,(
    (#4498,#4499)
    ,(#4500,#4501)
    ,(#4502,#4503)
    ,(#4504,#4505)
    ,(#4506,#4507)
    ,(#4508,#4509)
    ,(#4510,#4511)
    ,(#4512,#4513)
    ,(#4514,#4515)
    ,(#4516,#4517)
    ,(#4518,#4519)
    ,(#4520,#4521)
    ,(#4522,#4523)
    ,(#4524,#4525)
    ,(#4526,#4527)
    ,(#4528,#4529)
    ,(#4530,#4531)
    ,(#4532,#4533)
    ,(#4534,#4535
    )),.UNSPECIFIED.,.F.,.F.,.F.,(4,1,1,1,1,1,1,1,1,1,1,1,1,1,1,1,4),(2,
    2),(0.,6.432321657984E-02,0.126290103704,0.186726469216,
    0.246146432335,0.305575642646,0.365429385618,0.426326308948,
    0.488839906401,0.551724971814,0.613918596466,0.675483765768,
    0.737333897099,0.800229044395,0.864502298123,0.931040739156,1.),(0.,
    1.),.UNSPECIFIED.);
#4498 = CARTESIAN_POINT('',(0.32248157287,0.116816008822,
    8.000000074506E-02));
#4499 = CARTESIAN_POINT('',(0.32248157287,0.116816008822,
    5.000000074506E-02));
#4500 = CARTESIAN_POINT('',(0.322409468926,0.113859933398,
    8.000000074506E-02));
#4501 = CARTESIAN_POINT('',(0.322409468926,0.113859933398,
    5.000000074506E-02));
#4502 = CARTESIAN_POINT('',(0.322267902395,0.108056071406,
    8.000000074506E-02));
#4503 = CARTESIAN_POINT('',(0.322267902395,0.108056071406,
    5.000000074506E-02));
#4504 = CARTESIAN_POINT('',(0.321007997591,9.955489366109E-02,
    8.000000074506E-02));
#4505 = CARTESIAN_POINT('',(0.321007997591,9.955489366109E-02,
    5.000000074506E-02));
#4506 = CARTESIAN_POINT('',(0.319093420946,9.141085515936E-02,
    8.000000074506E-02));
#4507 = CARTESIAN_POINT('',(0.319093420946,9.141085515936E-02,
    5.000000074506E-02));
#4508 = CARTESIAN_POINT('',(0.316223959407,8.367486417017E-02,
    8.000000074506E-02));
#4509 = CARTESIAN_POINT('',(0.316223959407,8.367486417017E-02,
    5.000000074506E-02));
#4510 = CARTESIAN_POINT('',(0.312685727946,7.6251529424E-02,
    8.000000074506E-02));
#4511 = CARTESIAN_POINT('',(0.312685727946,7.6251529424E-02,
    5.000000074506E-02));
#4512 = CARTESIAN_POINT('',(0.30821483586,6.926645208649E-02,
    8.000000074506E-02));
#4513 = CARTESIAN_POINT('',(0.30821483586,6.926645208649E-02,
    5.000000074506E-02));
#4514 = CARTESIAN_POINT('',(0.303036748011,6.261407697154E-02,
    8.000000074506E-02));
#4515 = CARTESIAN_POINT('',(0.303036748011,6.261407697154E-02,
    5.000000074506E-02));
#4516 = CARTESIAN_POINT('',(0.297078209756,5.645162281449E-02,
    8.000000074506E-02));
#4517 = CARTESIAN_POINT('',(0.297078209756,5.645162281449E-02,
    5.000000074506E-02));
#4518 = CARTESIAN_POINT('',(0.290540734556,5.082226708317E-02,
    8.000000074506E-02));
#4519 = CARTESIAN_POINT('',(0.290540734556,5.082226708317E-02,
    5.000000074506E-02));
#4520 = CARTESIAN_POINT('',(0.283526568179,4.586509099681E-02,
    8.000000074506E-02));
#4521 = CARTESIAN_POINT('',(0.283526568179,4.586509099681E-02,
    5.000000074506E-02));
#4522 = CARTESIAN_POINT('',(0.276053180306,4.173281199873E-02,
    8.000000074506E-02));
#4523 = CARTESIAN_POINT('',(0.276053180306,4.173281199873E-02,
    5.000000074506E-02));
#4524 = CARTESIAN_POINT('',(0.268203087153,3.829418648351E-02,
    8.000000074506E-02));
#4525 = CARTESIAN_POINT('',(0.268203087153,3.829418648351E-02,
    5.000000074506E-02));
#4526 = CARTESIAN_POINT('',(0.259915880643,3.565094490319E-02,
    8.000000074506E-02));
#4527 = CARTESIAN_POINT('',(0.259915880643,3.565094490319E-02,
    5.000000074506E-02));
#4528 = CARTESIAN_POINT('',(0.251206463362,3.379013784586E-02,
    8.000000074506E-02));
#4529 = CARTESIAN_POINT('',(0.251206463362,3.379013784586E-02,
    5.000000074506E-02));
#4530 = CARTESIAN_POINT('',(0.242093777919,3.257629895777E-02,
    8.000000074506E-02));
#4531 = CARTESIAN_POINT('',(0.242093777919,3.257629895777E-02,
    5.000000074506E-02));
#4532 = CARTESIAN_POINT('',(0.235866955068,3.246008821096E-02,
    8.000000074506E-02));
#4533 = CARTESIAN_POINT('',(0.235866955068,3.246008821096E-02,
    5.000000074506E-02));
#4534 = CARTESIAN_POINT('',(0.232697919024,3.240094471929E-02,
    8.000000074506E-02));
#4535 = CARTESIAN_POINT('',(0.232697919024,3.240094471929E-02,
    5.000000074506E-02));
#4536 = ADVANCED_FACE('',(#4537),#4563,.T.);
#4537 = FACE_BOUND('',#4538,.T.);
#4538 = EDGE_LOOP('',(#4539,#4540,#4541,#4557));
#4539 = ORIENTED_EDGE('',*,*,#173,.F.);
#4540 = ORIENTED_EDGE('',*,*,#4492,.F.);
#4541 = ORIENTED_EDGE('',*,*,#4542,.T.);
#4542 = EDGE_CURVE('',#4469,#4543,#4545,.T.);
#4543 = VERTEX_POINT('',#4544);
#4544 = CARTESIAN_POINT('',(0.161263624152,6.573427805263E-02,
    8.000000074506E-02));
#4545 = B_SPLINE_CURVE_WITH_KNOTS('',3,(#4546,#4547,#4548,#4549,#4550,
    #4551,#4552,#4553,#4554,#4555,#4556),.UNSPECIFIED.,.F.,.F.,(4,1,1,1,
    1,1,1,1,4),(0.,0.128515189512,0.252948636353,0.374754734006,
    0.495939753867,0.61718064143,0.740909469278,0.867811148186,1.),
  .UNSPECIFIED.);
#4546 = CARTESIAN_POINT('',(0.232697919024,3.240094471929E-02,
    8.000000074506E-02));
#4547 = CARTESIAN_POINT('',(0.229206336796,3.249744641935E-02,
    8.000000074506E-02));
#4548 = CARTESIAN_POINT('',(0.222334067714,3.268738485018E-02,
    8.000000074506E-02));
#4549 = CARTESIAN_POINT('',(0.212255894781,3.429648480005E-02,
    8.000000074506E-02));
#4550 = CARTESIAN_POINT('',(0.202608136745,3.690550867634E-02,
    8.000000074506E-02));
#4551 = CARTESIAN_POINT('',(0.193390274657,4.055681852315E-02,
    8.000000074506E-02));
#4552 = CARTESIAN_POINT('',(0.184628294874,4.530340640331E-02,
    8.000000074506E-02));
#4553 = CARTESIAN_POINT('',(0.176308485713,5.105757082659E-02,
    8.000000074506E-02));
#4554 = CARTESIAN_POINT('',(0.168423824541,5.787404698434E-02,
    8.000000074506E-02));
#4555 = CARTESIAN_POINT('',(0.163682608414,6.307879717046E-02,
    8.000000074506E-02));
#4556 = CARTESIAN_POINT('',(0.161263624152,6.573427805263E-02,
    8.000000074506E-02));
#4557 = ORIENTED_EDGE('',*,*,#4558,.T.);
#4558 = EDGE_CURVE('',#4543,#174,#4559,.T.);
#4559 = LINE('',#4560,#4561);
#4560 = CARTESIAN_POINT('',(0.161263624152,6.573427805263E-02,
    8.000000074506E-02));
#4561 = VECTOR('',#4562,1.);
#4562 = DIRECTION('',(-0.,-0.,-1.));
#4563 = B_SPLINE_SURFACE_WITH_KNOTS('',3,1,(
    (#4564,#4565)
    ,(#4566,#4567)
    ,(#4568,#4569)
    ,(#4570,#4571)
    ,(#4572,#4573)
    ,(#4574,#4575)
    ,(#4576,#4577)
    ,(#4578,#4579)
    ,(#4580,#4581)
    ,(#4582,#4583)
    ,(#4584,#4585
  )),.UNSPECIFIED.,.F.,.F.,.F.,(4,1,1,1,1,1,1,1,4),(2,2),(0.,
    0.128515189512,0.252948636353,0.374754734006,0.495939753867,
    0.61718064143,0.740909469278,0.867811148186,1.),(0.,1.),
  .UNSPECIFIED.);
#4564 = CARTESIAN_POINT('',(0.232697919024,3.240094471929E-02,
    8.000000074506E-02));
#4565 = CARTESIAN_POINT('',(0.232697919024,3.240094471929E-02,
    5.000000074506E-02));
#4566 = CARTESIAN_POINT('',(0.229206336796,3.249744641935E-02,
    8.000000074506E-02));
#4567 = CARTESIAN_POINT('',(0.229206336796,3.249744641935E-02,
    5.000000074506E-02));
#4568 = CARTESIAN_POINT('',(0.222334067714,3.268738485018E-02,
    8.000000074506E-02));
#4569 = CARTESIAN_POINT('',(0.222334067714,3.268738485018E-02,
    5.000000074506E-02));
#4570 = CARTESIAN_POINT('',(0.212255894781,3.429648480005E-02,
    8.000000074506E-02));
#4571 = CARTESIAN_POINT('',(0.212255894781,3.429648480005E-02,
    5.000000074506E-02));
#4572 = CARTESIAN_POINT('',(0.202608136745,3.690550867634E-02,
    8.000000074506E-02));
#4573 = CARTESIAN_POINT('',(0.202608136745,3.690550867634E-02,
    5.000000074506E-02));
#4574 = CARTESIAN_POINT('',(0.193390274657,4.055681852315E-02,
    8.000000074506E-02));
#4575 = CARTESIAN_POINT('',(0.193390274657,4.055681852315E-02,
    5.000000074506E-02));
#4576 = CARTESIAN_POINT('',(0.184628294874,4.530340640331E-02,
    8.000000074506E-02));
#4577 = CARTESIAN_POINT('',(0.184628294874,4.530340640331E-02,
    5.000000074506E-02));
#4578 = CARTESIAN_POINT('',(0.176308485713,5.105757082659E-02,
    8.000000074506E-02));
#4579 = CARTESIAN_POINT('',(0.176308485713,5.105757082659E-02,
    5.000000074506E-02));
#4580 = CARTESIAN_POINT('',(0.168423824541,5.787404698434E-02,
    8.000000074506E-02));
#4581 = CARTESIAN_POINT('',(0.168423824541,5.787404698434E-02,
    5.000000074506E-02));
#4582 = CARTESIAN_POINT('',(0.163682608414,6.307879717046E-02,
    8.000000074506E-02));
#4583 = CARTESIAN_POINT('',(0.163682608414,6.307879717046E-02,
    5.000000074506E-02));
#4584 = CARTESIAN_POINT('',(0.161263624152,6.573427805263E-02,
    8.000000074506E-02));
#4585 = CARTESIAN_POINT('',(0.161263624152,6.573427805263E-02,
    5.000000074506E-02));
#4586 = ADVANCED_FACE('',(#4587),#4605,.T.);
#4587 = FACE_BOUND('',#4588,.T.);
#4588 = EDGE_LOOP('',(#4589,#4590,#4591,#4599));
#4589 = ORIENTED_EDGE('',*,*,#189,.F.);
#4590 = ORIENTED_EDGE('',*,*,#4558,.F.);
#4591 = ORIENTED_EDGE('',*,*,#4592,.T.);
#4592 = EDGE_CURVE('',#4543,#4593,#4595,.T.);
#4593 = VERTEX_POINT('',#4594);
#4594 = CARTESIAN_POINT('',(0.145558495947,5.383523959109E-02,
    8.000000074506E-02));
#4595 = LINE('',#4596,#4597);
#4596 = CARTESIAN_POINT('',(0.161263624152,6.573427805263E-02,
    8.000000074506E-02));
#4597 = VECTOR('',#4598,1.);
#4598 = DIRECTION('',(-0.797062489627,-0.603896835253,0.));
#4599 = ORIENTED_EDGE('',*,*,#4600,.T.);
#4600 = EDGE_CURVE('',#4593,#190,#4601,.T.);
#4601 = LINE('',#4602,#4603);
#4602 = CARTESIAN_POINT('',(0.145558495947,5.383523959109E-02,
    8.000000074506E-02));
#4603 = VECTOR('',#4604,1.);
#4604 = DIRECTION('',(-0.,-0.,-1.));
#4605 = PLANE('',#4606);
#4606 = AXIS2_PLACEMENT_3D('',#4607,#4608,#4609);
#4607 = CARTESIAN_POINT('',(0.161263624152,6.573427805263E-02,
    8.000000074506E-02));
#4608 = DIRECTION('',(0.603896835253,-0.797062489627,0.));
#4609 = DIRECTION('',(0.797062489627,0.603896835253,0.));
#4610 = ADVANCED_FACE('',(#4611),#4645,.T.);
#4611 = FACE_BOUND('',#4612,.T.);
#4612 = EDGE_LOOP('',(#4613,#4614,#4615,#4639));
#4613 = ORIENTED_EDGE('',*,*,#197,.F.);
#4614 = ORIENTED_EDGE('',*,*,#4600,.F.);
#4615 = ORIENTED_EDGE('',*,*,#4616,.T.);
#4616 = EDGE_CURVE('',#4593,#4617,#4619,.T.);
#4617 = VERTEX_POINT('',#4618);
#4618 = CARTESIAN_POINT('',(0.232577726716,1.188812420647E-02,
    8.000000074506E-02));
#4619 = B_SPLINE_CURVE_WITH_KNOTS('',3,(#4620,#4621,#4622,#4623,#4624,
    #4625,#4626,#4627,#4628,#4629,#4630,#4631,#4632,#4633,#4634,#4635,
    #4636,#4637,#4638),.UNSPECIFIED.,.F.,.F.,(4,1,1,1,1,1,1,1,1,1,1,1,1,
    1,1,1,4),(0.,6.167423887743E-02,0.123053061635,0.183475000732,
    0.243726500511,0.304278916512,0.364862920961,0.425946203969,
    0.487391229965,0.549220384075,0.611143588693,0.67352853031,
    0.736961456657,0.800785282873,0.866012595642,0.932100747791,1.),
  .UNSPECIFIED.);
#4620 = CARTESIAN_POINT('',(0.145558495947,5.383523959109E-02,
    8.000000074506E-02));
#4621 = CARTESIAN_POINT('',(0.14682238794,5.220447090976E-02,
    8.000000074506E-02));
#4622 = CARTESIAN_POINT('',(0.149344117955,4.895074483695E-02,
    8.000000074506E-02));
#4623 = CARTESIAN_POINT('',(0.153427433212,4.436378999557E-02,
    8.000000074506E-02));
#4624 = CARTESIAN_POINT('',(0.157728993063,4.004927368134E-02,
    8.000000074506E-02));
#4625 = CARTESIAN_POINT('',(0.16228074792,3.604198103977E-02,
    8.000000074506E-02));
#4626 = CARTESIAN_POINT('',(0.167030336011,3.226172586235E-02,
    8.000000074506E-02));
#4627 = CARTESIAN_POINT('',(0.172063039574,2.881590693231E-02,
    8.000000074506E-02));
#4628 = CARTESIAN_POINT('',(0.177312698574,2.565642783046E-02,
    8.000000074506E-02));
#4629 = CARTESIAN_POINT('',(0.18276152594,2.276346071548E-02,
    8.000000074506E-02));
#4630 = CARTESIAN_POINT('',(0.188403732386,2.019676088551E-02,
    8.000000074506E-02));
#4631 = CARTESIAN_POINT('',(0.19423255724,1.799940272597E-02,
    8.000000074506E-02));
#4632 = CARTESIAN_POINT('',(0.20022287584,1.610655189554E-02,
    8.000000074506E-02));
#4633 = CARTESIAN_POINT('',(0.206374962035,1.454929836846E-02,
    8.000000074506E-02));
#4634 = CARTESIAN_POINT('',(0.212701576711,1.33338078614E-02,
    8.000000074506E-02));
#4635 = CARTESIAN_POINT('',(0.219179889516,1.252125501313E-02,
    8.000000074506E-02));
#4636 = CARTESIAN_POINT('',(0.225823882386,1.196457418828E-02,
    8.000000074506E-02));
#4637 = CARTESIAN_POINT('',(0.230306249307,1.19138361415E-02,
    8.000000074506E-02));
#4638 = CARTESIAN_POINT('',(0.232577726716,1.188812420647E-02,
    8.000000074506E-02));
#4639 = ORIENTED_EDGE('',*,*,#4640,.T.);
#4640 = EDGE_CURVE('',#4617,#198,#4641,.T.);
#4641 = LINE('',#4642,#4643);
#4642 = CARTESIAN_POINT('',(0.232577726716,1.188812420647E-02,
    8.000000074506E-02));
#4643 = VECTOR('',#4644,1.);
#4644 = DIRECTION('',(-0.,-0.,-1.));
#4645 = B_SPLINE_SURFACE_WITH_KNOTS('',3,1,(
    (#4646,#4647)
    ,(#4648,#4649)
    ,(#4650,#4651)
    ,(#4652,#4653)
    ,(#4654,#4655)
    ,(#4656,#4657)
    ,(#4658,#4659)
    ,(#4660,#4661)
    ,(#4662,#4663)
    ,(#4664,#4665)
    ,(#4666,#4667)
    ,(#4668,#4669)
    ,(#4670,#4671)
    ,(#4672,#4673)
    ,(#4674,#4675)
    ,(#4676,#4677)
    ,(#4678,#4679)
    ,(#4680,#4681)
    ,(#4682,#4683
    )),.UNSPECIFIED.,.F.,.F.,.F.,(4,1,1,1,1,1,1,1,1,1,1,1,1,1,1,1,4),(2,
    2),(0.,6.167423887743E-02,0.123053061635,0.183475000732,
    0.243726500511,0.304278916512,0.364862920961,0.425946203969,
    0.487391229965,0.549220384075,0.611143588693,0.67352853031,
    0.736961456657,0.800785282873,0.866012595642,0.932100747791,1.),(0.,
    1.),.UNSPECIFIED.);
#4646 = CARTESIAN_POINT('',(0.145558495947,5.383523959109E-02,
    8.000000074506E-02));
#4647 = CARTESIAN_POINT('',(0.145558495947,5.383523959109E-02,
    5.000000074506E-02));
#4648 = CARTESIAN_POINT('',(0.14682238794,5.220447090976E-02,
    8.000000074506E-02));
#4649 = CARTESIAN_POINT('',(0.14682238794,5.220447090976E-02,
    5.000000074506E-02));
#4650 = CARTESIAN_POINT('',(0.149344117955,4.895074483695E-02,
    8.000000074506E-02));
#4651 = CARTESIAN_POINT('',(0.149344117955,4.895074483695E-02,
    5.000000074506E-02));
#4652 = CARTESIAN_POINT('',(0.153427433212,4.436378999557E-02,
    8.000000074506E-02));
#4653 = CARTESIAN_POINT('',(0.153427433212,4.436378999557E-02,
    5.000000074506E-02));
#4654 = CARTESIAN_POINT('',(0.157728993063,4.004927368134E-02,
    8.000000074506E-02));
#4655 = CARTESIAN_POINT('',(0.157728993063,4.004927368134E-02,
    5.000000074506E-02));
#4656 = CARTESIAN_POINT('',(0.16228074792,3.604198103977E-02,
    8.000000074506E-02));
#4657 = CARTESIAN_POINT('',(0.16228074792,3.604198103977E-02,
    5.000000074506E-02));
#4658 = CARTESIAN_POINT('',(0.167030336011,3.226172586235E-02,
    8.000000074506E-02));
#4659 = CARTESIAN_POINT('',(0.167030336011,3.226172586235E-02,
    5.000000074506E-02));
#4660 = CARTESIAN_POINT('',(0.172063039574,2.881590693231E-02,
    8.000000074506E-02));
#4661 = CARTESIAN_POINT('',(0.172063039574,2.881590693231E-02,
    5.000000074506E-02));
#4662 = CARTESIAN_POINT('',(0.177312698574,2.565642783046E-02,
    8.000000074506E-02));
#4663 = CARTESIAN_POINT('',(0.177312698574,2.565642783046E-02,
    5.000000074506E-02));
#4664 = CARTESIAN_POINT('',(0.18276152594,2.276346071548E-02,
    8.000000074506E-02));
#4665 = CARTESIAN_POINT('',(0.18276152594,2.276346071548E-02,
    5.000000074506E-02));
#4666 = CARTESIAN_POINT('',(0.188403732386,2.019676088551E-02,
    8.000000074506E-02));
#4667 = CARTESIAN_POINT('',(0.188403732386,2.019676088551E-02,
    5.000000074506E-02));
#4668 = CARTESIAN_POINT('',(0.19423255724,1.799940272597E-02,
    8.000000074506E-02));
#4669 = CARTESIAN_POINT('',(0.19423255724,1.799940272597E-02,
    5.000000074506E-02));
#4670 = CARTESIAN_POINT('',(0.20022287584,1.610655189554E-02,
    8.000000074506E-02));
#4671 = CARTESIAN_POINT('',(0.20022287584,1.610655189554E-02,
    5.000000074506E-02));
#4672 = CARTESIAN_POINT('',(0.206374962035,1.454929836846E-02,
    8.000000074506E-02));
#4673 = CARTESIAN_POINT('',(0.206374962035,1.454929836846E-02,
    5.000000074506E-02));
#4674 = CARTESIAN_POINT('',(0.212701576711,1.33338078614E-02,
    8.000000074506E-02));
#4675 = CARTESIAN_POINT('',(0.212701576711,1.33338078614E-02,
    5.000000074506E-02));
#4676 = CARTESIAN_POINT('',(0.219179889516,1.252125501313E-02,
    8.000000074506E-02));
#4677 = CARTESIAN_POINT('',(0.219179889516,1.252125501313E-02,
    5.000000074506E-02));
#4678 = CARTESIAN_POINT('',(0.225823882386,1.196457418828E-02,
    8.000000074506E-02));
#4679 = CARTESIAN_POINT('',(0.225823882386,1.196457418828E-02,
    5.000000074506E-02));
#4680 = CARTESIAN_POINT('',(0.230306249307,1.19138361415E-02,
    8.000000074506E-02));
#4681 = CARTESIAN_POINT('',(0.230306249307,1.19138361415E-02,
    5.000000074506E-02));
#4682 = CARTESIAN_POINT('',(0.232577726716,1.188812420647E-02,
    8.000000074506E-02));
#4683 = CARTESIAN_POINT('',(0.232577726716,1.188812420647E-02,
    5.000000074506E-02));
#4684 = ADVANCED_FACE('',(#4685),#4719,.T.);
#4685 = FACE_BOUND('',#4686,.T.);
#4686 = EDGE_LOOP('',(#4687,#4688,#4689,#4713));
#4687 = ORIENTED_EDGE('',*,*,#221,.F.);
#4688 = ORIENTED_EDGE('',*,*,#4640,.F.);
#4689 = ORIENTED_EDGE('',*,*,#4690,.T.);
#4690 = EDGE_CURVE('',#4617,#4691,#4693,.T.);
#4691 = VERTEX_POINT('',#4692);
#4692 = CARTESIAN_POINT('',(0.315069713896,4.686408574493E-02,
    8.000000074506E-02));
#4693 = B_SPLINE_CURVE_WITH_KNOTS('',3,(#4694,#4695,#4696,#4697,#4698,
    #4699,#4700,#4701,#4702,#4703,#4704,#4705,#4706,#4707,#4708,#4709,
    #4710,#4711,#4712),.UNSPECIFIED.,.F.,.F.,(4,1,1,1,1,1,1,1,1,1,1,1,1,
    1,1,1,4),(0.,6.966280089908E-02,0.137749562258,0.203916743518,
    0.268779862329,0.332413706477,0.394753540447,0.456180031659,
    0.516995649197,0.577395937966,0.637198343509,0.696999184261,
    0.756756194226,0.816553905273,0.876947996598,0.938131787921,1.),
  .UNSPECIFIED.);
#4694 = CARTESIAN_POINT('',(0.232577726716,1.188812420647E-02,
    8.000000074506E-02));
#4695 = CARTESIAN_POINT('',(0.234728793405,1.190309520966E-02,
    8.000000074506E-02));
#4696 = CARTESIAN_POINT('',(0.238982261411,1.193269851457E-02,
    8.000000074506E-02));
#4697 = CARTESIAN_POINT('',(0.245262190074,1.241225093805E-02,
    8.000000074506E-02));
#4698 = CARTESIAN_POINT('',(0.251375880406,1.306652161862E-02,
    8.000000074506E-02));
#4699 = CARTESIAN_POINT('',(0.257305859027,1.405167196514E-02,
    8.000000074506E-02));
#4700 = CARTESIAN_POINT('',(0.263084486172,1.52142056825E-02,
    8.000000074506E-02));
#4701 = CARTESIAN_POINT('',(0.268659376715,1.677256320394E-02,
    8.000000074506E-02));
#4702 = CARTESIAN_POINT('',(0.274085388735,1.851822986658E-02,
    8.000000074506E-02));
#4703 = CARTESIAN_POINT('',(0.279340722489,2.056994339485E-02,
    8.000000074506E-02));
#4704 = CARTESIAN_POINT('',(0.284429848192,2.288515382556E-02,
    8.000000074506E-02));
#4705 = CARTESIAN_POINT('',(0.289336351699,2.550181433419E-02,
    8.000000074506E-02));
#4706 = CARTESIAN_POINT('',(0.294057976407,2.839792088626E-02,
    8.000000074506E-02));
#4707 = CARTESIAN_POINT('',(0.298641143313,3.150963576762E-02,
    8.000000074506E-02));
#4708 = CARTESIAN_POINT('',(0.303018148094,3.493691016021E-02,
    8.000000074506E-02));
#4709 = CARTESIAN_POINT('',(0.307226920971,3.863214641756E-02,
    8.000000074506E-02));
#4710 = CARTESIAN_POINT('',(0.31129106247,4.258288988907E-02,
    8.000000074506E-02));
#4711 = CARTESIAN_POINT('',(0.313805501613,4.543173865149E-02,
    8.000000074506E-02));
#4712 = CARTESIAN_POINT('',(0.315069713896,4.686408574493E-02,
    8.000000074506E-02));
#4713 = ORIENTED_EDGE('',*,*,#4714,.T.);
#4714 = EDGE_CURVE('',#4691,#222,#4715,.T.);
#4715 = LINE('',#4716,#4717);
#4716 = CARTESIAN_POINT('',(0.315069713896,4.686408574493E-02,
    8.000000074506E-02));
#4717 = VECTOR('',#4718,1.);
#4718 = DIRECTION('',(-0.,-0.,-1.));
#4719 = B_SPLINE_SURFACE_WITH_KNOTS('',3,1,(
    (#4720,#4721)
    ,(#4722,#4723)
    ,(#4724,#4725)
    ,(#4726,#4727)
    ,(#4728,#4729)
    ,(#4730,#4731)
    ,(#4732,#4733)
    ,(#4734,#4735)
    ,(#4736,#4737)
    ,(#4738,#4739)
    ,(#4740,#4741)
    ,(#4742,#4743)
    ,(#4744,#4745)
    ,(#4746,#4747)
    ,(#4748,#4749)
    ,(#4750,#4751)
    ,(#4752,#4753)
    ,(#4754,#4755)
    ,(#4756,#4757
    )),.UNSPECIFIED.,.F.,.F.,.F.,(4,1,1,1,1,1,1,1,1,1,1,1,1,1,1,1,4),(2,
    2),(0.,6.966280089908E-02,0.137749562258,0.203916743518,
    0.268779862329,0.332413706477,0.394753540447,0.456180031659,
    0.516995649197,0.577395937966,0.637198343509,0.696999184261,
    0.756756194226,0.816553905273,0.876947996598,0.938131787921,1.),(0.,
    1.),.UNSPECIFIED.);
#4720 = CARTESIAN_POINT('',(0.232577726716,1.188812420647E-02,
    8.000000074506E-02));
#4721 = CARTESIAN_POINT('',(0.232577726716,1.188812420647E-02,
    5.000000074506E-02));
#4722 = CARTESIAN_POINT('',(0.234728793405,1.190309520966E-02,
    8.000000074506E-02));
#4723 = CARTESIAN_POINT('',(0.234728793405,1.190309520966E-02,
    5.000000074506E-02));
#4724 = CARTESIAN_POINT('',(0.238982261411,1.193269851457E-02,
    8.000000074506E-02));
#4725 = CARTESIAN_POINT('',(0.238982261411,1.193269851457E-02,
    5.000000074506E-02));
#4726 = CARTESIAN_POINT('',(0.245262190074,1.241225093805E-02,
    8.000000074506E-02));
#4727 = CARTESIAN_POINT('',(0.245262190074,1.241225093805E-02,
    5.000000074506E-02));
#4728 = CARTESIAN_POINT('',(0.251375880406,1.306652161862E-02,
    8.000000074506E-02));
#4729 = CARTESIAN_POINT('',(0.251375880406,1.306652161862E-02,
    5.000000074506E-02));
#4730 = CARTESIAN_POINT('',(0.257305859027,1.405167196514E-02,
    8.000000074506E-02));
#4731 = CARTESIAN_POINT('',(0.257305859027,1.405167196514E-02,
    5.000000074506E-02));
#4732 = CARTESIAN_POINT('',(0.263084486172,1.52142056825E-02,
    8.000000074506E-02));
#4733 = CARTESIAN_POINT('',(0.263084486172,1.52142056825E-02,
    5.000000074506E-02));
#4734 = CARTESIAN_POINT('',(0.268659376715,1.677256320394E-02,
    8.000000074506E-02));
#4735 = CARTESIAN_POINT('',(0.268659376715,1.677256320394E-02,
    5.000000074506E-02));
#4736 = CARTESIAN_POINT('',(0.274085388735,1.851822986658E-02,
    8.000000074506E-02));
#4737 = CARTESIAN_POINT('',(0.274085388735,1.851822986658E-02,
    5.000000074506E-02));
#4738 = CARTESIAN_POINT('',(0.279340722489,2.056994339485E-02,
    8.000000074506E-02));
#4739 = CARTESIAN_POINT('',(0.279340722489,2.056994339485E-02,
    5.000000074506E-02));
#4740 = CARTESIAN_POINT('',(0.284429848192,2.288515382556E-02,
    8.000000074506E-02));
#4741 = CARTESIAN_POINT('',(0.284429848192,2.288515382556E-02,
    5.000000074506E-02));
#4742 = CARTESIAN_POINT('',(0.289336351699,2.550181433419E-02,
    8.000000074506E-02));
#4743 = CARTESIAN_POINT('',(0.289336351699,2.550181433419E-02,
    5.000000074506E-02));
#4744 = CARTESIAN_POINT('',(0.294057976407,2.839792088626E-02,
    8.000000074506E-02));
#4745 = CARTESIAN_POINT('',(0.294057976407,2.839792088626E-02,
    5.000000074506E-02));
#4746 = CARTESIAN_POINT('',(0.298641143313,3.150963576762E-02,
    8.000000074506E-02));
#4747 = CARTESIAN_POINT('',(0.298641143313,3.150963576762E-02,
    5.000000074506E-02));
#4748 = CARTESIAN_POINT('',(0.303018148094,3.493691016021E-02,
    8.000000074506E-02));
#4749 = CARTESIAN_POINT('',(0.303018148094,3.493691016021E-02,
    5.000000074506E-02));
#4750 = CARTESIAN_POINT('',(0.307226920971,3.863214641756E-02,
    8.000000074506E-02));
#4751 = CARTESIAN_POINT('',(0.307226920971,3.863214641756E-02,
    5.000000074506E-02));
#4752 = CARTESIAN_POINT('',(0.31129106247,4.258288988907E-02,
    8.000000074506E-02));
#4753 = CARTESIAN_POINT('',(0.31129106247,4.258288988907E-02,
    5.000000074506E-02));
#4754 = CARTESIAN_POINT('',(0.313805501613,4.543173865149E-02,
    8.000000074506E-02));
#4755 = CARTESIAN_POINT('',(0.313805501613,4.543173865149E-02,
    5.000000074506E-02));
#4756 = CARTESIAN_POINT('',(0.315069713896,4.686408574493E-02,
    8.000000074506E-02));
#4757 = CARTESIAN_POINT('',(0.315069713896,4.686408574493E-02,
    5.000000074506E-02));
#4758 = ADVANCED_FACE('',(#4759),#4785,.T.);
#4759 = FACE_BOUND('',#4760,.T.);
#4760 = EDGE_LOOP('',(#4761,#4762,#4763,#4779));
#4761 = ORIENTED_EDGE('',*,*,#245,.F.);
#4762 = ORIENTED_EDGE('',*,*,#4714,.F.);
#4763 = ORIENTED_EDGE('',*,*,#4764,.T.);
#4764 = EDGE_CURVE('',#4691,#4765,#4767,.T.);
#4765 = VERTEX_POINT('',#4766);
#4766 = CARTESIAN_POINT('',(0.340430290819,0.118178188309,
    8.000000074506E-02));
#4767 = B_SPLINE_CURVE_WITH_KNOTS('',3,(#4768,#4769,#4770,#4771,#4772,
    #4773,#4774,#4775,#4776,#4777,#4778),.UNSPECIFIED.,.F.,.F.,(4,1,1,1,
    1,1,1,1,4),(0.,0.124328509594,0.247156016361,0.368779749291,
    0.490733862402,0.613613771848,0.738957575722,0.867310575191,1.),
  .UNSPECIFIED.);
#4768 = CARTESIAN_POINT('',(0.315069713896,4.686408574493E-02,
    8.000000074506E-02));
#4769 = CARTESIAN_POINT('',(0.31709460781,4.935215368306E-02,
    8.000000074506E-02));
#4770 = CARTESIAN_POINT('',(0.321119949343,5.429825142066E-02,
    8.000000074506E-02));
#4771 = CARTESIAN_POINT('',(0.326269988403,6.231459320686E-02,
    8.000000074506E-02));
#4772 = CARTESIAN_POINT('',(0.330678420129,7.068420514262E-02,
    8.000000074506E-02));
#4773 = CARTESIAN_POINT('',(0.334242758459,7.945105821567E-02,
    8.000000074506E-02));
#4774 = CARTESIAN_POINT('',(0.337029200354,8.859548034369E-02,
    8.000000074506E-02));
#4775 = CARTESIAN_POINT('',(0.338959554359,9.812208116716E-02,
    8.000000074506E-02));
#4776 = CARTESIAN_POINT('',(0.340213931757,0.108021963579,
    8.000000074506E-02));
#4777 = CARTESIAN_POINT('',(0.34035737683,0.114755494359,
    8.000000074506E-02));
#4778 = CARTESIAN_POINT('',(0.340430290819,0.118178188309,
    8.000000074506E-02));
#4779 = ORIENTED_EDGE('',*,*,#4780,.T.);
#4780 = EDGE_CURVE('',#4765,#246,#4781,.T.);
#4781 = LINE('',#4782,#4783);
#4782 = CARTESIAN_POINT('',(0.340430290819,0.118178188309,
    8.000000074506E-02));
#4783 = VECTOR('',#4784,1.);
#4784 = DIRECTION('',(-0.,-0.,-1.));
#4785 = B_SPLINE_SURFACE_WITH_KNOTS('',3,1,(
    (#4786,#4787)
    ,(#4788,#4789)
    ,(#4790,#4791)
    ,(#4792,#4793)
    ,(#4794,#4795)
    ,(#4796,#4797)
    ,(#4798,#4799)
    ,(#4800,#4801)
    ,(#4802,#4803)
    ,(#4804,#4805)
    ,(#4806,#4807
  )),.UNSPECIFIED.,.F.,.F.,.F.,(4,1,1,1,1,1,1,1,4),(2,2),(0.,
    0.124328509594,0.247156016361,0.368779749291,0.490733862402,
    0.613613771848,0.738957575722,0.867310575191,1.),(0.,1.),
  .UNSPECIFIED.);
#4786 = CARTESIAN_POINT('',(0.315069713896,4.686408574493E-02,
    8.000000074506E-02));
#4787 = CARTESIAN_POINT('',(0.315069713896,4.686408574493E-02,
    5.000000074506E-02));
#4788 = CARTESIAN_POINT('',(0.31709460781,4.935215368306E-02,
    8.000000074506E-02));
#4789 = CARTESIAN_POINT('',(0.31709460781,4.935215368306E-02,
    5.000000074506E-02));
#4790 = CARTESIAN_POINT('',(0.321119949343,5.429825142066E-02,
    8.000000074506E-02));
#4791 = CARTESIAN_POINT('',(0.321119949343,5.429825142066E-02,
    5.000000074506E-02));
#4792 = CARTESIAN_POINT('',(0.326269988403,6.231459320686E-02,
    8.000000074506E-02));
#4793 = CARTESIAN_POINT('',(0.326269988403,6.231459320686E-02,
    5.000000074506E-02));
#4794 = CARTESIAN_POINT('',(0.330678420129,7.068420514262E-02,
    8.000000074506E-02));
#4795 = CARTESIAN_POINT('',(0.330678420129,7.068420514262E-02,
    5.000000074506E-02));
#4796 = CARTESIAN_POINT('',(0.334242758459,7.945105821567E-02,
    8.000000074506E-02));
#4797 = CARTESIAN_POINT('',(0.334242758459,7.945105821567E-02,
    5.000000074506E-02));
#4798 = CARTESIAN_POINT('',(0.337029200354,8.859548034369E-02,
    8.000000074506E-02));
#4799 = CARTESIAN_POINT('',(0.337029200354,8.859548034369E-02,
    5.000000074506E-02));
#4800 = CARTESIAN_POINT('',(0.338959554359,9.812208116716E-02,
    8.000000074506E-02));
#4801 = CARTESIAN_POINT('',(0.338959554359,9.812208116716E-02,
    5.000000074506E-02));
#4802 = CARTESIAN_POINT('',(0.340213931757,0.108021963579,
    8.000000074506E-02));
#4803 = CARTESIAN_POINT('',(0.340213931757,0.108021963579,
    5.000000074506E-02));
#4804 = CARTESIAN_POINT('',(0.34035737683,0.114755494359,
    8.000000074506E-02));
#4805 = CARTESIAN_POINT('',(0.34035737683,0.114755494359,
    5.000000074506E-02));
#4806 = CARTESIAN_POINT('',(0.340430290819,0.118178188309,
    8.000000074506E-02));
#4807 = CARTESIAN_POINT('',(0.340430290819,0.118178188309,
    5.000000074506E-02));
#4808 = ADVANCED_FACE('',(#4809),#4836,.T.);
#4809 = FACE_BOUND('',#4810,.T.);
#4810 = EDGE_LOOP('',(#4811,#4812,#4813,#4835));
#4811 = ORIENTED_EDGE('',*,*,#261,.F.);
#4812 = ORIENTED_EDGE('',*,*,#4780,.F.);
#4813 = ORIENTED_EDGE('',*,*,#4814,.T.);
#4814 = EDGE_CURVE('',#4765,#4203,#4815,.T.);
#4815 = B_SPLINE_CURVE_WITH_KNOTS('',3,(#4816,#4817,#4818,#4819,#4820,
    #4821,#4822,#4823,#4824,#4825,#4826,#4827,#4828,#4829,#4830,#4831,
    #4832,#4833,#4834),.UNSPECIFIED.,.F.,.F.,(4,1,1,1,1,1,1,1,1,1,1,1,1,
    1,1,1,4),(0.,6.455784592972E-02,0.12701353155,0.187954810202,
    0.24801391279,0.307747681849,0.368234514697,0.429469843943,
    0.492743436747,0.556257768706,0.618216785543,0.679655475588,
    0.741245545621,0.803415264706,0.866815461544,0.932328311949,1.),
  .UNSPECIFIED.);
#4816 = CARTESIAN_POINT('',(0.340430290819,0.118178188309,
    8.000000074506E-02));
#4817 = CARTESIAN_POINT('',(0.340341422615,0.121775642797,
    8.000000074506E-02));
#4818 = CARTESIAN_POINT('',(0.340166579974,0.128853409915,
    8.000000074506E-02));
#4819 = CARTESIAN_POINT('',(0.338681105947,0.13924049296,
    8.000000074506E-02));
#4820 = CARTESIAN_POINT('',(0.33629146045,0.149192001466,
    8.000000074506E-02));
#4821 = CARTESIAN_POINT('',(0.33289735253,0.1586893583,
    8.000000074506E-02));
#4822 = CARTESIAN_POINT('',(0.328594189598,0.16778251717,
    8.000000074506E-02));
#4823 = CARTESIAN_POINT('',(0.323278383093,0.17640201459,
    8.000000074506E-02));
#4824 = CARTESIAN_POINT('',(0.317011689252,0.18460297457,
    8.000000074506E-02));
#4825 = CARTESIAN_POINT('',(0.309843256813,0.192260960359,
    8.000000074506E-02));
#4826 = CARTESIAN_POINT('',(0.301982266225,0.19926320908,
    8.000000074506E-02));
#4827 = CARTESIAN_POINT('',(0.293564048288,0.20542356358,
    8.000000074506E-02));
#4828 = CARTESIAN_POINT('',(0.28460507989,0.21055027878,
    8.000000074506E-02));
#4829 = CARTESIAN_POINT('',(0.275204059794,0.214835773775,
    8.000000074506E-02));
#4830 = CARTESIAN_POINT('',(0.265290592276,0.218129743098,
    8.000000074506E-02));
#4831 = CARTESIAN_POINT('',(0.254885828326,0.22043563948,
    8.000000074506E-02));
#4832 = CARTESIAN_POINT('',(0.24400931891,0.221870903268,
    8.000000074506E-02));
#4833 = CARTESIAN_POINT('',(0.236588608873,0.222052343719,
    8.000000074506E-02));
#4834 = CARTESIAN_POINT('',(0.232818111332,0.222144534463,
    8.000000074506E-02));
#4835 = ORIENTED_EDGE('',*,*,#4202,.T.);
#4836 = B_SPLINE_SURFACE_WITH_KNOTS('',3,1,(
    (#4837,#4838)
    ,(#4839,#4840)
    ,(#4841,#4842)
    ,(#4843,#4844)
    ,(#4845,#4846)
    ,(#4847,#4848)
    ,(#4849,#4850)
    ,(#4851,#4852)
    ,(#4853,#4854)
    ,(#4855,#4856)
    ,(#4857,#4858)
    ,(#4859,#4860)
    ,(#4861,#4862)
    ,(#4863,#4864)
    ,(#4865,#4866)
    ,(#4867,#4868)
    ,(#4869,#4870)
    ,(#4871,#4872)
    ,(#4873,#4874
    )),.UNSPECIFIED.,.F.,.F.,.F.,(4,1,1,1,1,1,1,1,1,1,1,1,1,1,1,1,4),(2,
    2),(0.,6.455784592972E-02,0.12701353155,0.187954810202,0.24801391279
    ,0.307747681849,0.368234514697,0.429469843943,0.492743436747,
    0.556257768706,0.618216785543,0.679655475588,0.741245545621,
    0.803415264706,0.866815461544,0.932328311949,1.),(0.,1.),
  .UNSPECIFIED.);
#4837 = CARTESIAN_POINT('',(0.340430290819,0.118178188309,
    8.000000074506E-02));
#4838 = CARTESIAN_POINT('',(0.340430290819,0.118178188309,
    5.000000074506E-02));
#4839 = CARTESIAN_POINT('',(0.340341422615,0.121775642797,
    8.000000074506E-02));
#4840 = CARTESIAN_POINT('',(0.340341422615,0.121775642797,
    5.000000074506E-02));
#4841 = CARTESIAN_POINT('',(0.340166579974,0.128853409915,
    8.000000074506E-02));
#4842 = CARTESIAN_POINT('',(0.340166579974,0.128853409915,
    5.000000074506E-02));
#4843 = CARTESIAN_POINT('',(0.338681105947,0.13924049296,
    8.000000074506E-02));
#4844 = CARTESIAN_POINT('',(0.338681105947,0.13924049296,
    5.000000074506E-02));
#4845 = CARTESIAN_POINT('',(0.33629146045,0.149192001466,
    8.000000074506E-02));
#4846 = CARTESIAN_POINT('',(0.33629146045,0.149192001466,
    5.000000074506E-02));
#4847 = CARTESIAN_POINT('',(0.33289735253,0.1586893583,
    8.000000074506E-02));
#4848 = CARTESIAN_POINT('',(0.33289735253,0.1586893583,
    5.000000074506E-02));
#4849 = CARTESIAN_POINT('',(0.328594189598,0.16778251717,
    8.000000074506E-02));
#4850 = CARTESIAN_POINT('',(0.328594189598,0.16778251717,
    5.000000074506E-02));
#4851 = CARTESIAN_POINT('',(0.323278383093,0.17640201459,
    8.000000074506E-02));
#4852 = CARTESIAN_POINT('',(0.323278383093,0.17640201459,
    5.000000074506E-02));
#4853 = CARTESIAN_POINT('',(0.317011689252,0.18460297457,
    8.000000074506E-02));
#4854 = CARTESIAN_POINT('',(0.317011689252,0.18460297457,
    5.000000074506E-02));
#4855 = CARTESIAN_POINT('',(0.309843256813,0.192260960359,
    8.000000074506E-02));
#4856 = CARTESIAN_POINT('',(0.309843256813,0.192260960359,
    5.000000074506E-02));
#4857 = CARTESIAN_POINT('',(0.301982266225,0.19926320908,
    8.000000074506E-02));
#4858 = CARTESIAN_POINT('',(0.301982266225,0.19926320908,
    5.000000074506E-02));
#4859 = CARTESIAN_POINT('',(0.293564048288,0.20542356358,
    8.000000074506E-02));
#4860 = CARTESIAN_POINT('',(0.293564048288,0.20542356358,
    5.000000074506E-02));
#4861 = CARTESIAN_POINT('',(0.28460507989,0.21055027878,
    8.000000074506E-02));
#4862 = CARTESIAN_POINT('',(0.28460507989,0.21055027878,
    5.000000074506E-02));
#4863 = CARTESIAN_POINT('',(0.275204059794,0.214835773775,
    8.000000074506E-02));
#4864 = CARTESIAN_POINT('',(0.275204059794,0.214835773775,
    5.000000074506E-02));
#4865 = CARTESIAN_POINT('',(0.265290592276,0.218129743098,
    8.000000074506E-02));
#4866 = CARTESIAN_POINT('',(0.265290592276,0.218129743098,
    5.000000074506E-02));
#4867 = CARTESIAN_POINT('',(0.254885828326,0.22043563948,
    8.000000074506E-02));
#4868 = CARTESIAN_POINT('',(0.254885828326,0.22043563948,
    5.000000074506E-02));
#4869 = CARTESIAN_POINT('',(0.24400931891,0.221870903268,
    8.000000074506E-02));
#4870 = CARTESIAN_POINT('',(0.24400931891,0.221870903268,
    5.000000074506E-02));
#4871 = CARTESIAN_POINT('',(0.236588608873,0.222052343719,
    8.000000074506E-02));
#4872 = CARTESIAN_POINT('',(0.236588608873,0.222052343719,
    5.000000074506E-02));
#4873 = CARTESIAN_POINT('',(0.232818111332,0.222144534463,
    8.000000074506E-02));
#4874 = CARTESIAN_POINT('',(0.232818111332,0.222144534463,
    5.000000074506E-02));
#4875 = ADVANCED_FACE('',(#4876),#4889,.T.);
#4876 = FACE_BOUND('',#4877,.T.);
#4877 = EDGE_LOOP('',(#4878,#4879,#4880,#4881,#4882,#4883,#4884,#4885,
    #4886,#4887,#4888));
#4878 = ORIENTED_EDGE('',*,*,#4210,.F.);
#4879 = ORIENTED_EDGE('',*,*,#4814,.F.);
#4880 = ORIENTED_EDGE('',*,*,#4764,.F.);
#4881 = ORIENTED_EDGE('',*,*,#4690,.F.);
#4882 = ORIENTED_EDGE('',*,*,#4616,.F.);
#4883 = ORIENTED_EDGE('',*,*,#4592,.F.);
#4884 = ORIENTED_EDGE('',*,*,#4542,.F.);
#4885 = ORIENTED_EDGE('',*,*,#4468,.F.);
#4886 = ORIENTED_EDGE('',*,*,#4370,.F.);
#4887 = ORIENTED_EDGE('',*,*,#4308,.F.);
#4888 = ORIENTED_EDGE('',*,*,#4284,.F.);
#4889 = PLANE('',#4890);
#4890 = AXIS2_PLACEMENT_3D('',#4891,#4892,#4893);
#4891 = CARTESIAN_POINT('',(0.184011848336,0.211869244325,
    8.000000074506E-02));
#4892 = DIRECTION('',(0.,0.,-1.));
#4893 = DIRECTION('',(-1.,0.,0.));
#4894 = ADVANCED_FACE('',(#4895),#4920,.T.);
#4895 = FACE_BOUND('',#4896,.T.);
#4896 = EDGE_LOOP('',(#4897,#4898,#4906,#4914));
#4897 = ORIENTED_EDGE('',*,*,#581,.F.);
#4898 = ORIENTED_EDGE('',*,*,#4899,.F.);
#4899 = EDGE_CURVE('',#4900,#582,#4902,.T.);
#4900 = VERTEX_POINT('',#4901);
#4901 = CARTESIAN_POINT('',(0.458379008767,1.701632933468E-02,
    8.000000074506E-02));
#4902 = LINE('',#4903,#4904);
#4903 = CARTESIAN_POINT('',(0.458379008767,1.701632933468E-02,
    8.000000074506E-02));
#4904 = VECTOR('',#4905,1.);
#4905 = DIRECTION('',(-0.,-0.,-1.));
#4906 = ORIENTED_EDGE('',*,*,#4907,.T.);
#4907 = EDGE_CURVE('',#4900,#4908,#4910,.T.);
#4908 = VERTEX_POINT('',#4909);
#4909 = CARTESIAN_POINT('',(0.458379008767,0.217016329335,
    8.000000074506E-02));
#4910 = LINE('',#4911,#4912);
#4911 = CARTESIAN_POINT('',(0.458379008767,1.701632933468E-02,
    8.000000074506E-02));
#4912 = VECTOR('',#4913,1.);
#4913 = DIRECTION('',(0.,1.,0.));
#4914 = ORIENTED_EDGE('',*,*,#4915,.T.);
#4915 = EDGE_CURVE('',#4908,#584,#4916,.T.);
#4916 = LINE('',#4917,#4918);
#4917 = CARTESIAN_POINT('',(0.458379008767,0.217016329335,
    8.000000074506E-02));
#4918 = VECTOR('',#4919,1.);
#4919 = DIRECTION('',(-0.,-0.,-1.));
#4920 = PLANE('',#4921);
#4921 = AXIS2_PLACEMENT_3D('',#4922,#4923,#4924);
#4922 = CARTESIAN_POINT('',(0.458379008767,1.701632933468E-02,
    8.000000074506E-02));
#4923 = DIRECTION('',(-1.,0.,0.));
#4924 = DIRECTION('',(0.,0.,1.));
#4925 = ADVANCED_FACE('',(#4926),#4944,.T.);
#4926 = FACE_BOUND('',#4927,.T.);
#4927 = EDGE_LOOP('',(#4928,#4929,#4930,#4938));
#4928 = ORIENTED_EDGE('',*,*,#591,.F.);
#4929 = ORIENTED_EDGE('',*,*,#4915,.F.);
#4930 = ORIENTED_EDGE('',*,*,#4931,.T.);
#4931 = EDGE_CURVE('',#4908,#4932,#4934,.T.);
#4932 = VERTEX_POINT('',#4933);
#4933 = CARTESIAN_POINT('',(0.440430290819,0.217016329335,
    8.000000074506E-02));
#4934 = LINE('',#4935,#4936);
#4935 = CARTESIAN_POINT('',(0.458379008767,0.217016329335,
    8.000000074506E-02));
#4936 = VECTOR('',#4937,1.);
#4937 = DIRECTION('',(-1.,0.,0.));
#4938 = ORIENTED_EDGE('',*,*,#4939,.T.);
#4939 = EDGE_CURVE('',#4932,#592,#4940,.T.);
#4940 = LINE('',#4941,#4942);
#4941 = CARTESIAN_POINT('',(0.440430290819,0.217016329335,
    8.000000074506E-02));
#4942 = VECTOR('',#4943,1.);
#4943 = DIRECTION('',(-0.,-0.,-1.));
#4944 = PLANE('',#4945);
#4945 = AXIS2_PLACEMENT_3D('',#4946,#4947,#4948);
#4946 = CARTESIAN_POINT('',(0.458379008767,0.217016329335,
    8.000000074506E-02));
#4947 = DIRECTION('',(0.,-1.,0.));
#4948 = DIRECTION('',(0.,0.,-1.));
#4949 = ADVANCED_FACE('',(#4950),#4968,.T.);
#4950 = FACE_BOUND('',#4951,.T.);
#4951 = EDGE_LOOP('',(#4952,#4953,#4954,#4962));
#4952 = ORIENTED_EDGE('',*,*,#599,.F.);
#4953 = ORIENTED_EDGE('',*,*,#4939,.F.);
#4954 = ORIENTED_EDGE('',*,*,#4955,.T.);
#4955 = EDGE_CURVE('',#4932,#4956,#4958,.T.);
#4956 = VERTEX_POINT('',#4957);
#4957 = CARTESIAN_POINT('',(0.440430290819,3.75291498475E-02,
    8.000000074506E-02));
#4958 = LINE('',#4959,#4960);
#4959 = CARTESIAN_POINT('',(0.440430290819,0.217016329335,
    8.000000074506E-02));
#4960 = VECTOR('',#4961,1.);
#4961 = DIRECTION('',(0.,-1.,0.));
#4962 = ORIENTED_EDGE('',*,*,#4963,.T.);
#4963 = EDGE_CURVE('',#4956,#600,#4964,.T.);
#4964 = LINE('',#4965,#4966);
#4965 = CARTESIAN_POINT('',(0.440430290819,3.75291498475E-02,
    8.000000074506E-02));
#4966 = VECTOR('',#4967,1.);
#4967 = DIRECTION('',(-0.,-0.,-1.));
#4968 = PLANE('',#4969);
#4969 = AXIS2_PLACEMENT_3D('',#4970,#4971,#4972);
#4970 = CARTESIAN_POINT('',(0.440430290819,0.217016329335,
    8.000000074506E-02));
#4971 = DIRECTION('',(1.,0.,0.));
#4972 = DIRECTION('',(0.,0.,-1.));
#4973 = ADVANCED_FACE('',(#4974),#4992,.T.);
#4974 = FACE_BOUND('',#4975,.T.);
#4975 = EDGE_LOOP('',(#4976,#4977,#4978,#4986));
#4976 = ORIENTED_EDGE('',*,*,#607,.F.);
#4977 = ORIENTED_EDGE('',*,*,#4963,.F.);
#4978 = ORIENTED_EDGE('',*,*,#4979,.T.);
#4979 = EDGE_CURVE('',#4956,#4980,#4982,.T.);
#4980 = VERTEX_POINT('',#4981);
#4981 = CARTESIAN_POINT('',(0.363507213896,3.75291498475E-02,
    8.000000074506E-02));
#4982 = LINE('',#4983,#4984);
#4983 = CARTESIAN_POINT('',(0.440430290819,3.75291498475E-02,
    8.000000074506E-02));
#4984 = VECTOR('',#4985,1.);
#4985 = DIRECTION('',(-1.,0.,0.));
#4986 = ORIENTED_EDGE('',*,*,#4987,.T.);
#4987 = EDGE_CURVE('',#4980,#608,#4988,.T.);
#4988 = LINE('',#4989,#4990);
#4989 = CARTESIAN_POINT('',(0.363507213896,3.75291498475E-02,
    8.000000074506E-02));
#4990 = VECTOR('',#4991,1.);
#4991 = DIRECTION('',(-0.,-0.,-1.));
#4992 = PLANE('',#4993);
#4993 = AXIS2_PLACEMENT_3D('',#4994,#4995,#4996);
#4994 = CARTESIAN_POINT('',(0.440430290819,3.75291498475E-02,
    8.000000074506E-02));
#4995 = DIRECTION('',(0.,-1.,0.));
#4996 = DIRECTION('',(0.,0.,-1.));
#4997 = ADVANCED_FACE('',(#4998),#5016,.T.);
#4998 = FACE_BOUND('',#4999,.T.);
#4999 = EDGE_LOOP('',(#5000,#5001,#5002,#5010));
#5000 = ORIENTED_EDGE('',*,*,#615,.F.);
#5001 = ORIENTED_EDGE('',*,*,#4987,.F.);
#5002 = ORIENTED_EDGE('',*,*,#5003,.T.);
#5003 = EDGE_CURVE('',#4980,#5004,#5006,.T.);
#5004 = VERTEX_POINT('',#5005);
#5005 = CARTESIAN_POINT('',(0.363507213896,1.701632933468E-02,
    8.000000074506E-02));
#5006 = LINE('',#5007,#5008);
#5007 = CARTESIAN_POINT('',(0.363507213896,3.75291498475E-02,
    8.000000074506E-02));
#5008 = VECTOR('',#5009,1.);
#5009 = DIRECTION('',(0.,-1.,0.));
#5010 = ORIENTED_EDGE('',*,*,#5011,.T.);
#5011 = EDGE_CURVE('',#5004,#616,#5012,.T.);
#5012 = LINE('',#5013,#5014);
#5013 = CARTESIAN_POINT('',(0.363507213896,1.701632933468E-02,
    8.000000074506E-02));
#5014 = VECTOR('',#5015,1.);
#5015 = DIRECTION('',(-0.,-0.,-1.));
#5016 = PLANE('',#5017);
#5017 = AXIS2_PLACEMENT_3D('',#5018,#5019,#5020);
#5018 = CARTESIAN_POINT('',(0.363507213896,3.75291498475E-02,
    8.000000074506E-02));
#5019 = DIRECTION('',(1.,0.,0.));
#5020 = DIRECTION('',(0.,0.,-1.));
#5021 = ADVANCED_FACE('',(#5022),#5033,.T.);
#5022 = FACE_BOUND('',#5023,.T.);
#5023 = EDGE_LOOP('',(#5024,#5025,#5026,#5032));
#5024 = ORIENTED_EDGE('',*,*,#623,.F.);
#5025 = ORIENTED_EDGE('',*,*,#5011,.F.);
#5026 = ORIENTED_EDGE('',*,*,#5027,.T.);
#5027 = EDGE_CURVE('',#5004,#4900,#5028,.T.);
#5028 = LINE('',#5029,#5030);
#5029 = CARTESIAN_POINT('',(0.363507213896,1.701632933468E-02,
    8.000000074506E-02));
#5030 = VECTOR('',#5031,1.);
#5031 = DIRECTION('',(1.,0.,0.));
#5032 = ORIENTED_EDGE('',*,*,#4899,.T.);
#5033 = PLANE('',#5034);
#5034 = AXIS2_PLACEMENT_3D('',#5035,#5036,#5037);
#5035 = CARTESIAN_POINT('',(0.363507213896,1.701632933468E-02,
    8.000000074506E-02));
#5036 = DIRECTION('',(0.,1.,0.));
#5037 = DIRECTION('',(0.,-0.,1.));
#5038 = ADVANCED_FACE('',(#5039),#5047,.F.);
#5039 = FACE_BOUND('',#5040,.T.);
#5040 = EDGE_LOOP('',(#5041,#5042,#5043,#5044,#5045,#5046));
#5041 = ORIENTED_EDGE('',*,*,#4907,.F.);
#5042 = ORIENTED_EDGE('',*,*,#5027,.F.);
#5043 = ORIENTED_EDGE('',*,*,#5003,.F.);
#5044 = ORIENTED_EDGE('',*,*,#4979,.F.);
#5045 = ORIENTED_EDGE('',*,*,#4955,.F.);
#5046 = ORIENTED_EDGE('',*,*,#4931,.F.);
#5047 = PLANE('',#5048);
#5048 = AXIS2_PLACEMENT_3D('',#5049,#5050,#5051);
#5049 = CARTESIAN_POINT('',(0.,0.,8.000000074506E-02));
#5050 = DIRECTION('',(0.,0.,1.));
#5051 = DIRECTION('',(1.,0.,-0.));
#5052 = ADVANCED_FACE('',(#5053),#5058,.F.);
#5053 = FACE_BOUND('',#5054,.T.);
#5054 = EDGE_LOOP('',(#5055,#5056,#5057));
#5055 = ORIENTED_EDGE('',*,*,#3087,.T.);
#5056 = ORIENTED_EDGE('',*,*,#3142,.T.);
#5057 = ORIENTED_EDGE('',*,*,#3118,.T.);
#5058 = PLANE('',#5059);
#5059 = AXIS2_PLACEMENT_3D('',#5060,#5061,#5062);
#5060 = CARTESIAN_POINT('',(0.,0.,5.000000074506E-02));
#5061 = DIRECTION('',(0.,0.,1.));
#5062 = DIRECTION('',(1.,0.,-0.));
#5063 = ADVANCED_FACE('',(#5064),#5073,.F.);
#5064 = FACE_BOUND('',#5065,.T.);
#5065 = EDGE_LOOP('',(#5066,#5067,#5068,#5069,#5070,#5071,#5072));
#5066 = ORIENTED_EDGE('',*,*,#3573,.T.);
#5067 = ORIENTED_EDGE('',*,*,#3876,.T.);
#5068 = ORIENTED_EDGE('',*,*,#3826,.T.);
#5069 = ORIENTED_EDGE('',*,*,#3752,.T.);
#5070 = ORIENTED_EDGE('',*,*,#3678,.T.);
#5071 = ORIENTED_EDGE('',*,*,#3628,.T.);
#5072 = ORIENTED_EDGE('',*,*,#3604,.T.);
#5073 = PLANE('',#5074);
#5074 = AXIS2_PLACEMENT_3D('',#5075,#5076,#5077);
#5075 = CARTESIAN_POINT('',(0.,0.,5.000000074506E-02));
#5076 = DIRECTION('',(0.,0.,1.));
#5077 = DIRECTION('',(1.,0.,-0.));
#5078 = ADVANCED_FACE('',(#5079),#5091,.T.);
#5079 = FACE_BOUND('',#5080,.T.);
#5080 = EDGE_LOOP('',(#5081,#5082,#5089,#5090));
#5081 = ORIENTED_EDGE('',*,*,#32,.F.);
#5082 = ORIENTED_EDGE('',*,*,#5083,.F.);
#5083 = EDGE_CURVE('',#24,#22,#5084,.T.);
#5084 = CIRCLE('',#5085,1.2);
#5085 = AXIS2_PLACEMENT_3D('',#5086,#5087,#5088);
#5086 = CARTESIAN_POINT('',(0.,0.,1.880000000745));
#5087 = DIRECTION('',(0.,0.,1.));
#5088 = DIRECTION('',(1.,0.,-0.));
#5089 = ORIENTED_EDGE('',*,*,#49,.T.);
#5090 = ORIENTED_EDGE('',*,*,#963,.T.);
#5091 = CYLINDRICAL_SURFACE('',#5092,1.2);
#5092 = AXIS2_PLACEMENT_3D('',#5093,#5094,#5095);
#5093 = CARTESIAN_POINT('',(0.,0.,1.880000000745));
#5094 = DIRECTION('',(-0.,-0.,-1.));
#5095 = DIRECTION('',(-1.,0.,0.));
#5096 = ADVANCED_FACE('',(#5097),#5101,.T.);
#5097 = FACE_BOUND('',#5098,.T.);
#5098 = EDGE_LOOP('',(#5099,#5100));
#5099 = ORIENTED_EDGE('',*,*,#5083,.T.);
#5100 = ORIENTED_EDGE('',*,*,#21,.T.);
#5101 = PLANE('',#5102);
#5102 = AXIS2_PLACEMENT_3D('',#5103,#5104,#5105);
#5103 = CARTESIAN_POINT('',(0.,0.,1.880000000745));
#5104 = DIRECTION('',(0.,0.,1.));
#5105 = DIRECTION('',(1.,0.,-0.));
#5106 = ADVANCED_FACE('',(#5107),#5118,.F.);
#5107 = FACE_BOUND('',#5108,.T.);
#5108 = EDGE_LOOP('',(#5109,#5110,#5111,#5117));
#5109 = ORIENTED_EDGE('',*,*,#921,.T.);
#5110 = ORIENTED_EDGE('',*,*,#2835,.F.);
#5111 = ORIENTED_EDGE('',*,*,#5112,.F.);
#5112 = EDGE_CURVE('',#2717,#2828,#5113,.T.);
#5113 = LINE('',#5114,#5115);
#5114 = CARTESIAN_POINT('',(1.55,-0.599352933232,1.720000000745));
#5115 = VECTOR('',#5116,1.);
#5116 = DIRECTION('',(-0.668399755884,-0.743802236037,0.));
#5117 = ORIENTED_EDGE('',*,*,#2716,.F.);
#5118 = PLANE('',#5119);
#5119 = AXIS2_PLACEMENT_3D('',#5120,#5121,#5122);
#5120 = CARTESIAN_POINT('',(1.55,-0.599352933232,1.720000000745));
#5121 = DIRECTION('',(-0.743802236037,0.668399755884,0.));
#5122 = DIRECTION('',(-0.668399755884,-0.743802236037,0.));
#5123 = ADVANCED_FACE('',(#5124),#5129,.F.);
#5124 = FACE_BOUND('',#5125,.T.);
#5125 = EDGE_LOOP('',(#5126,#5127,#5128));
#5126 = ORIENTED_EDGE('',*,*,#5112,.T.);
#5127 = ORIENTED_EDGE('',*,*,#2827,.F.);
#5128 = ORIENTED_EDGE('',*,*,#2724,.F.);
#5129 = PLANE('',#5130);
#5130 = AXIS2_PLACEMENT_3D('',#5131,#5132,#5133);
#5131 = CARTESIAN_POINT('',(0.,0.,1.720000000745));
#5132 = DIRECTION('',(0.,0.,-1.));
#5133 = DIRECTION('',(-1.,0.,0.));
#5134 = ( GEOMETRIC_REPRESENTATION_CONTEXT(3) 
GLOBAL_UNCERTAINTY_ASSIGNED_CONTEXT((#5138)) 
GLOBAL_UNIT_ASSIGNED_CONTEXT((#5135,#5136,#5137)) REPRESENTATION_CONTEXT
('Context #1','3D Context with UNIT and UNCERTAINTY') );
#5135 = ( LENGTH_UNIT() NAMED_UNIT(*) SI_UNIT(.MILLI.,.METRE.) );
#5136 = ( NAMED_UNIT(*) PLANE_ANGLE_UNIT() SI_UNIT($,.RADIAN.) );
#5137 = ( NAMED_UNIT(*) SI_UNIT($,.STERADIAN.) SOLID_ANGLE_UNIT() );
#5138 = UNCERTAINTY_MEASURE_WITH_UNIT(LENGTH_MEASURE(1.E-07),#5135,
  'distance_accuracy_value','confusion accuracy');
#5139 = PRODUCT_RELATED_PRODUCT_CATEGORY('part',$,(#7));
#5140 = MECHANICAL_DESIGN_GEOMETRIC_PRESENTATION_REPRESENTATION('',(
    #5141,#5152,#5160,#5167,#5174,#5181,#5188,#5195,#5202,#5209,#5216,
    #5223,#5230,#5237,#5244,#5251,#5259,#5266,#5273,#5280,#5287,#5294,
    #5301,#5308,#5315,#5322,#5329,#5336,#5343,#5350,#5357,#5364,#5371,
    #5378,#5385,#5392,#5399,#5406,#5413,#5420,#5427,#5434,#5441,#5448,
    #5455,#5462,#5469,#5476,#5483,#5490,#5497,#5504,#5511,#5518,#5525,
    #5532,#5539,#5546,#5553,#5560,#5567,#5574,#5581,#5588,#5595,#5602,
    #5609,#5616,#5623,#5630,#5637,#5644,#5651,#5658,#5665,#5672,#5680,
    #5687,#5694,#5701,#5708,#5715,#5722,#5729,#5736,#5743,#5750,#5757,
    #5764,#5771,#5778,#5785,#5792,#5799,#5806,#5813,#5820,#5827,#5834,
    #5841,#5848,#5855,#5862,#5869,#5876,#5883,#5890,#5897,#5904,#5911,
    #5918,#5925,#5932,#5939,#5946,#5953,#5960,#5967,#5974,#5981,#5988,
    #5995,#6002,#6009,#6016,#6023,#6030,#6037,#6044,#6051,#6058,#6065,
    #6072,#6079,#6086,#6093,#6100),#5134);
#5141 = STYLED_ITEM('color',(#5142),#15);
#5142 = PRESENTATION_STYLE_ASSIGNMENT((#5143,#5149));
#5143 = SURFACE_STYLE_USAGE(.BOTH.,#5144);
#5144 = SURFACE_SIDE_STYLE('',(#5145));
#5145 = SURFACE_STYLE_FILL_AREA(#5146);
#5146 = FILL_AREA_STYLE('',(#5147));
#5147 = FILL_AREA_STYLE_COLOUR('',#5148);
#5148 = COLOUR_RGB('',1.,0.949019609525,0.83529413669);
#5149 = CURVE_STYLE('',#5150,POSITIVE_LENGTH_MEASURE(0.1),#5151);
#5150 = DRAUGHTING_PRE_DEFINED_CURVE_FONT('continuous');
#5151 = COLOUR_RGB('',9.803921802644E-02,9.803921802644E-02,
  9.803921802644E-02);
#5152 = OVER_RIDING_STYLED_ITEM('overriding color',(#5153),#59,#5141);
#5153 = PRESENTATION_STYLE_ASSIGNMENT((#5154));
#5154 = SURFACE_STYLE_USAGE(.BOTH.,#5155);
#5155 = SURFACE_SIDE_STYLE('',(#5156));
#5156 = SURFACE_STYLE_FILL_AREA(#5157);
#5157 = FILL_AREA_STYLE('',(#5158));
#5158 = FILL_AREA_STYLE_COLOUR('',#5159);
#5159 = DRAUGHTING_PRE_DEFINED_COLOUR('white');
#5160 = OVER_RIDING_STYLED_ITEM('overriding color',(#5161),#633,#5141);
#5161 = PRESENTATION_STYLE_ASSIGNMENT((#5162));
#5162 = SURFACE_STYLE_USAGE(.BOTH.,#5163);
#5163 = SURFACE_SIDE_STYLE('',(#5164));
#5164 = SURFACE_STYLE_FILL_AREA(#5165);
#5165 = FILL_AREA_STYLE('',(#5166));
#5166 = FILL_AREA_STYLE_COLOUR('',#5159);
#5167 = OVER_RIDING_STYLED_ITEM('overriding color',(#5168),#673,#5141);
#5168 = PRESENTATION_STYLE_ASSIGNMENT((#5169));
#5169 = SURFACE_STYLE_USAGE(.BOTH.,#5170);
#5170 = SURFACE_SIDE_STYLE('',(#5171));
#5171 = SURFACE_STYLE_FILL_AREA(#5172);
#5172 = FILL_AREA_STYLE('',(#5173));
#5173 = FILL_AREA_STYLE_COLOUR('',#5159);
#5174 = OVER_RIDING_STYLED_ITEM('overriding color',(#5175),#713,#5141);
#5175 = PRESENTATION_STYLE_ASSIGNMENT((#5176));
#5176 = SURFACE_STYLE_USAGE(.BOTH.,#5177);
#5177 = SURFACE_SIDE_STYLE('',(#5178));
#5178 = SURFACE_STYLE_FILL_AREA(#5179);
#5179 = FILL_AREA_STYLE('',(#5180));
#5180 = FILL_AREA_STYLE_COLOUR('',#5159);
#5181 = OVER_RIDING_STYLED_ITEM('overriding color',(#5182),#753,#5141);
#5182 = PRESENTATION_STYLE_ASSIGNMENT((#5183));
#5183 = SURFACE_STYLE_USAGE(.BOTH.,#5184);
#5184 = SURFACE_SIDE_STYLE('',(#5185));
#5185 = SURFACE_STYLE_FILL_AREA(#5186);
#5186 = FILL_AREA_STYLE('',(#5187));
#5187 = FILL_AREA_STYLE_COLOUR('',#5159);
#5188 = OVER_RIDING_STYLED_ITEM('overriding color',(#5189),#793,#5141);
#5189 = PRESENTATION_STYLE_ASSIGNMENT((#5190));
#5190 = SURFACE_STYLE_USAGE(.BOTH.,#5191);
#5191 = SURFACE_SIDE_STYLE('',(#5192));
#5192 = SURFACE_STYLE_FILL_AREA(#5193);
#5193 = FILL_AREA_STYLE('',(#5194));
#5194 = FILL_AREA_STYLE_COLOUR('',#5159);
#5195 = OVER_RIDING_STYLED_ITEM('overriding color',(#5196),#833,#5141);
#5196 = PRESENTATION_STYLE_ASSIGNMENT((#5197));
#5197 = SURFACE_STYLE_USAGE(.BOTH.,#5198);
#5198 = SURFACE_SIDE_STYLE('',(#5199));
#5199 = SURFACE_STYLE_FILL_AREA(#5200);
#5200 = FILL_AREA_STYLE('',(#5201));
#5201 = FILL_AREA_STYLE_COLOUR('',#5159);
#5202 = OVER_RIDING_STYLED_ITEM('overriding color',(#5203),#864,#5141);
#5203 = PRESENTATION_STYLE_ASSIGNMENT((#5204));
#5204 = SURFACE_STYLE_USAGE(.BOTH.,#5205);
#5205 = SURFACE_SIDE_STYLE('',(#5206));
#5206 = SURFACE_STYLE_FILL_AREA(#5207);
#5207 = FILL_AREA_STYLE('',(#5208));
#5208 = FILL_AREA_STYLE_COLOUR('',#5159);
#5209 = OVER_RIDING_STYLED_ITEM('overriding color',(#5210),#895,#5141);
#5210 = PRESENTATION_STYLE_ASSIGNMENT((#5211));
#5211 = SURFACE_STYLE_USAGE(.BOTH.,#5212);
#5212 = SURFACE_SIDE_STYLE('',(#5213));
#5213 = SURFACE_STYLE_FILL_AREA(#5214);
#5214 = FILL_AREA_STYLE('',(#5215));
#5215 = FILL_AREA_STYLE_COLOUR('',#5159);
#5216 = OVER_RIDING_STYLED_ITEM('overriding color',(#5217),#917,#5141);
#5217 = PRESENTATION_STYLE_ASSIGNMENT((#5218));
#5218 = SURFACE_STYLE_USAGE(.BOTH.,#5219);
#5219 = SURFACE_SIDE_STYLE('',(#5220));
#5220 = SURFACE_STYLE_FILL_AREA(#5221);
#5221 = FILL_AREA_STYLE('',(#5222));
#5222 = FILL_AREA_STYLE_COLOUR('',#5159);
#5223 = OVER_RIDING_STYLED_ITEM('overriding color',(#5224),#975,#5141);
#5224 = PRESENTATION_STYLE_ASSIGNMENT((#5225));
#5225 = SURFACE_STYLE_USAGE(.BOTH.,#5226);
#5226 = SURFACE_SIDE_STYLE('',(#5227));
#5227 = SURFACE_STYLE_FILL_AREA(#5228);
#5228 = FILL_AREA_STYLE('',(#5229));
#5229 = FILL_AREA_STYLE_COLOUR('',#5159);
#5230 = OVER_RIDING_STYLED_ITEM('overriding color',(#5231),#1006,#5141);
#5231 = PRESENTATION_STYLE_ASSIGNMENT((#5232));
#5232 = SURFACE_STYLE_USAGE(.BOTH.,#5233);
#5233 = SURFACE_SIDE_STYLE('',(#5234));
#5234 = SURFACE_STYLE_FILL_AREA(#5235);
#5235 = FILL_AREA_STYLE('',(#5236));
#5236 = FILL_AREA_STYLE_COLOUR('',#5159);
#5237 = OVER_RIDING_STYLED_ITEM('overriding color',(#5238),#1037,#5141);
#5238 = PRESENTATION_STYLE_ASSIGNMENT((#5239));
#5239 = SURFACE_STYLE_USAGE(.BOTH.,#5240);
#5240 = SURFACE_SIDE_STYLE('',(#5241));
#5241 = SURFACE_STYLE_FILL_AREA(#5242);
#5242 = FILL_AREA_STYLE('',(#5243));
#5243 = FILL_AREA_STYLE_COLOUR('',#5159);
#5244 = OVER_RIDING_STYLED_ITEM('overriding color',(#5245),#1077,#5141);
#5245 = PRESENTATION_STYLE_ASSIGNMENT((#5246));
#5246 = SURFACE_STYLE_USAGE(.BOTH.,#5247);
#5247 = SURFACE_SIDE_STYLE('',(#5248));
#5248 = SURFACE_STYLE_FILL_AREA(#5249);
#5249 = FILL_AREA_STYLE('',(#5250));
#5250 = FILL_AREA_STYLE_COLOUR('',#5159);
#5251 = OVER_RIDING_STYLED_ITEM('overriding color',(#5252),#1099,#5141);
#5252 = PRESENTATION_STYLE_ASSIGNMENT((#5253));
#5253 = SURFACE_STYLE_USAGE(.BOTH.,#5254);
#5254 = SURFACE_SIDE_STYLE('',(#5255));
#5255 = SURFACE_STYLE_FILL_AREA(#5256);
#5256 = FILL_AREA_STYLE('',(#5257));
#5257 = FILL_AREA_STYLE_COLOUR('',#5258);
#5258 = COLOUR_RGB('',0.796078452645,0.823529417451,0.937254901616);
#5259 = OVER_RIDING_STYLED_ITEM('overriding color',(#5260),#1135,#5141);
#5260 = PRESENTATION_STYLE_ASSIGNMENT((#5261));
#5261 = SURFACE_STYLE_USAGE(.BOTH.,#5262);
#5262 = SURFACE_SIDE_STYLE('',(#5263));
#5263 = SURFACE_STYLE_FILL_AREA(#5264);
#5264 = FILL_AREA_STYLE('',(#5265));
#5265 = FILL_AREA_STYLE_COLOUR('',#5258);
#5266 = OVER_RIDING_STYLED_ITEM('overriding color',(#5267),#1168,#5141);
#5267 = PRESENTATION_STYLE_ASSIGNMENT((#5268));
#5268 = SURFACE_STYLE_USAGE(.BOTH.,#5269);
#5269 = SURFACE_SIDE_STYLE('',(#5270));
#5270 = SURFACE_STYLE_FILL_AREA(#5271);
#5271 = FILL_AREA_STYLE('',(#5272));
#5272 = FILL_AREA_STYLE_COLOUR('',#5258);
#5273 = OVER_RIDING_STYLED_ITEM('overriding color',(#5274),#1199,#5141);
#5274 = PRESENTATION_STYLE_ASSIGNMENT((#5275));
#5275 = SURFACE_STYLE_USAGE(.BOTH.,#5276);
#5276 = SURFACE_SIDE_STYLE('',(#5277));
#5277 = SURFACE_STYLE_FILL_AREA(#5278);
#5278 = FILL_AREA_STYLE('',(#5279));
#5279 = FILL_AREA_STYLE_COLOUR('',#5258);
#5280 = OVER_RIDING_STYLED_ITEM('overriding color',(#5281),#1232,#5141);
#5281 = PRESENTATION_STYLE_ASSIGNMENT((#5282));
#5282 = SURFACE_STYLE_USAGE(.BOTH.,#5283);
#5283 = SURFACE_SIDE_STYLE('',(#5284));
#5284 = SURFACE_STYLE_FILL_AREA(#5285);
#5285 = FILL_AREA_STYLE('',(#5286));
#5286 = FILL_AREA_STYLE_COLOUR('',#5258);
#5287 = OVER_RIDING_STYLED_ITEM('overriding color',(#5288),#1263,#5141);
#5288 = PRESENTATION_STYLE_ASSIGNMENT((#5289));
#5289 = SURFACE_STYLE_USAGE(.BOTH.,#5290);
#5290 = SURFACE_SIDE_STYLE('',(#5291));
#5291 = SURFACE_STYLE_FILL_AREA(#5292);
#5292 = FILL_AREA_STYLE('',(#5293));
#5293 = FILL_AREA_STYLE_COLOUR('',#5258);
#5294 = OVER_RIDING_STYLED_ITEM('overriding color',(#5295),#1294,#5141);
#5295 = PRESENTATION_STYLE_ASSIGNMENT((#5296));
#5296 = SURFACE_STYLE_USAGE(.BOTH.,#5297);
#5297 = SURFACE_SIDE_STYLE('',(#5298));
#5298 = SURFACE_STYLE_FILL_AREA(#5299);
#5299 = FILL_AREA_STYLE('',(#5300));
#5300 = FILL_AREA_STYLE_COLOUR('',#5258);
#5301 = OVER_RIDING_STYLED_ITEM('overriding color',(#5302),#1325,#5141);
#5302 = PRESENTATION_STYLE_ASSIGNMENT((#5303));
#5303 = SURFACE_STYLE_USAGE(.BOTH.,#5304);
#5304 = SURFACE_SIDE_STYLE('',(#5305));
#5305 = SURFACE_STYLE_FILL_AREA(#5306);
#5306 = FILL_AREA_STYLE('',(#5307));
#5307 = FILL_AREA_STYLE_COLOUR('',#5258);
#5308 = OVER_RIDING_STYLED_ITEM('overriding color',(#5309),#1358,#5141);
#5309 = PRESENTATION_STYLE_ASSIGNMENT((#5310));
#5310 = SURFACE_STYLE_USAGE(.BOTH.,#5311);
#5311 = SURFACE_SIDE_STYLE('',(#5312));
#5312 = SURFACE_STYLE_FILL_AREA(#5313);
#5313 = FILL_AREA_STYLE('',(#5314));
#5314 = FILL_AREA_STYLE_COLOUR('',#5258);
#5315 = OVER_RIDING_STYLED_ITEM('overriding color',(#5316),#1389,#5141);
#5316 = PRESENTATION_STYLE_ASSIGNMENT((#5317));
#5317 = SURFACE_STYLE_USAGE(.BOTH.,#5318);
#5318 = SURFACE_SIDE_STYLE('',(#5319));
#5319 = SURFACE_STYLE_FILL_AREA(#5320);
#5320 = FILL_AREA_STYLE('',(#5321));
#5321 = FILL_AREA_STYLE_COLOUR('',#5258);
#5322 = OVER_RIDING_STYLED_ITEM('overriding color',(#5323),#1422,#5141);
#5323 = PRESENTATION_STYLE_ASSIGNMENT((#5324));
#5324 = SURFACE_STYLE_USAGE(.BOTH.,#5325);
#5325 = SURFACE_SIDE_STYLE('',(#5326));
#5326 = SURFACE_STYLE_FILL_AREA(#5327);
#5327 = FILL_AREA_STYLE('',(#5328));
#5328 = FILL_AREA_STYLE_COLOUR('',#5258);
#5329 = OVER_RIDING_STYLED_ITEM('overriding color',(#5330),#1449,#5141);
#5330 = PRESENTATION_STYLE_ASSIGNMENT((#5331));
#5331 = SURFACE_STYLE_USAGE(.BOTH.,#5332);
#5332 = SURFACE_SIDE_STYLE('',(#5333));
#5333 = SURFACE_STYLE_FILL_AREA(#5334);
#5334 = FILL_AREA_STYLE('',(#5335));
#5335 = FILL_AREA_STYLE_COLOUR('',#5258);
#5336 = OVER_RIDING_STYLED_ITEM('overriding color',(#5337),#1469,#5141);
#5337 = PRESENTATION_STYLE_ASSIGNMENT((#5338));
#5338 = SURFACE_STYLE_USAGE(.BOTH.,#5339);
#5339 = SURFACE_SIDE_STYLE('',(#5340));
#5340 = SURFACE_STYLE_FILL_AREA(#5341);
#5341 = FILL_AREA_STYLE('',(#5342));
#5342 = FILL_AREA_STYLE_COLOUR('',#5258);
#5343 = OVER_RIDING_STYLED_ITEM('overriding color',(#5344),#1489,#5141);
#5344 = PRESENTATION_STYLE_ASSIGNMENT((#5345));
#5345 = SURFACE_STYLE_USAGE(.BOTH.,#5346);
#5346 = SURFACE_SIDE_STYLE('',(#5347));
#5347 = SURFACE_STYLE_FILL_AREA(#5348);
#5348 = FILL_AREA_STYLE('',(#5349));
#5349 = FILL_AREA_STYLE_COLOUR('',#5258);
#5350 = OVER_RIDING_STYLED_ITEM('overriding color',(#5351),#1531,#5141);
#5351 = PRESENTATION_STYLE_ASSIGNMENT((#5352));
#5352 = SURFACE_STYLE_USAGE(.BOTH.,#5353);
#5353 = SURFACE_SIDE_STYLE('',(#5354));
#5354 = SURFACE_STYLE_FILL_AREA(#5355);
#5355 = FILL_AREA_STYLE('',(#5356));
#5356 = FILL_AREA_STYLE_COLOUR('',#5258);
#5357 = OVER_RIDING_STYLED_ITEM('overriding color',(#5358),#1558,#5141);
#5358 = PRESENTATION_STYLE_ASSIGNMENT((#5359));
#5359 = SURFACE_STYLE_USAGE(.BOTH.,#5360);
#5360 = SURFACE_SIDE_STYLE('',(#5361));
#5361 = SURFACE_STYLE_FILL_AREA(#5362);
#5362 = FILL_AREA_STYLE('',(#5363));
#5363 = FILL_AREA_STYLE_COLOUR('',#5258);
#5364 = OVER_RIDING_STYLED_ITEM('overriding color',(#5365),#1594,#5141);
#5365 = PRESENTATION_STYLE_ASSIGNMENT((#5366));
#5366 = SURFACE_STYLE_USAGE(.BOTH.,#5367);
#5367 = SURFACE_SIDE_STYLE('',(#5368));
#5368 = SURFACE_STYLE_FILL_AREA(#5369);
#5369 = FILL_AREA_STYLE('',(#5370));
#5370 = FILL_AREA_STYLE_COLOUR('',#5258);
#5371 = OVER_RIDING_STYLED_ITEM('overriding color',(#5372),#1627,#5141);
#5372 = PRESENTATION_STYLE_ASSIGNMENT((#5373));
#5373 = SURFACE_STYLE_USAGE(.BOTH.,#5374);
#5374 = SURFACE_SIDE_STYLE('',(#5375));
#5375 = SURFACE_STYLE_FILL_AREA(#5376);
#5376 = FILL_AREA_STYLE('',(#5377));
#5377 = FILL_AREA_STYLE_COLOUR('',#5258);
#5378 = OVER_RIDING_STYLED_ITEM('overriding color',(#5379),#1658,#5141);
#5379 = PRESENTATION_STYLE_ASSIGNMENT((#5380));
#5380 = SURFACE_STYLE_USAGE(.BOTH.,#5381);
#5381 = SURFACE_SIDE_STYLE('',(#5382));
#5382 = SURFACE_STYLE_FILL_AREA(#5383);
#5383 = FILL_AREA_STYLE('',(#5384));
#5384 = FILL_AREA_STYLE_COLOUR('',#5258);
#5385 = OVER_RIDING_STYLED_ITEM('overriding color',(#5386),#1691,#5141);
#5386 = PRESENTATION_STYLE_ASSIGNMENT((#5387));
#5387 = SURFACE_STYLE_USAGE(.BOTH.,#5388);
#5388 = SURFACE_SIDE_STYLE('',(#5389));
#5389 = SURFACE_STYLE_FILL_AREA(#5390);
#5390 = FILL_AREA_STYLE('',(#5391));
#5391 = FILL_AREA_STYLE_COLOUR('',#5258);
#5392 = OVER_RIDING_STYLED_ITEM('overriding color',(#5393),#1722,#5141);
#5393 = PRESENTATION_STYLE_ASSIGNMENT((#5394));
#5394 = SURFACE_STYLE_USAGE(.BOTH.,#5395);
#5395 = SURFACE_SIDE_STYLE('',(#5396));
#5396 = SURFACE_STYLE_FILL_AREA(#5397);
#5397 = FILL_AREA_STYLE('',(#5398));
#5398 = FILL_AREA_STYLE_COLOUR('',#5258);
#5399 = OVER_RIDING_STYLED_ITEM('overriding color',(#5400),#1753,#5141);
#5400 = PRESENTATION_STYLE_ASSIGNMENT((#5401));
#5401 = SURFACE_STYLE_USAGE(.BOTH.,#5402);
#5402 = SURFACE_SIDE_STYLE('',(#5403));
#5403 = SURFACE_STYLE_FILL_AREA(#5404);
#5404 = FILL_AREA_STYLE('',(#5405));
#5405 = FILL_AREA_STYLE_COLOUR('',#5258);
#5406 = OVER_RIDING_STYLED_ITEM('overriding color',(#5407),#1784,#5141);
#5407 = PRESENTATION_STYLE_ASSIGNMENT((#5408));
#5408 = SURFACE_STYLE_USAGE(.BOTH.,#5409);
#5409 = SURFACE_SIDE_STYLE('',(#5410));
#5410 = SURFACE_STYLE_FILL_AREA(#5411);
#5411 = FILL_AREA_STYLE('',(#5412));
#5412 = FILL_AREA_STYLE_COLOUR('',#5258);
#5413 = OVER_RIDING_STYLED_ITEM('overriding color',(#5414),#1817,#5141);
#5414 = PRESENTATION_STYLE_ASSIGNMENT((#5415));
#5415 = SURFACE_STYLE_USAGE(.BOTH.,#5416);
#5416 = SURFACE_SIDE_STYLE('',(#5417));
#5417 = SURFACE_STYLE_FILL_AREA(#5418);
#5418 = FILL_AREA_STYLE('',(#5419));
#5419 = FILL_AREA_STYLE_COLOUR('',#5258);
#5420 = OVER_RIDING_STYLED_ITEM('overriding color',(#5421),#1839,#5141);
#5421 = PRESENTATION_STYLE_ASSIGNMENT((#5422));
#5422 = SURFACE_STYLE_USAGE(.BOTH.,#5423);
#5423 = SURFACE_SIDE_STYLE('',(#5424));
#5424 = SURFACE_STYLE_FILL_AREA(#5425);
#5425 = FILL_AREA_STYLE('',(#5426));
#5426 = FILL_AREA_STYLE_COLOUR('',#5258);
#5427 = OVER_RIDING_STYLED_ITEM('overriding color',(#5428),#1859,#5141);
#5428 = PRESENTATION_STYLE_ASSIGNMENT((#5429));
#5429 = SURFACE_STYLE_USAGE(.BOTH.,#5430);
#5430 = SURFACE_SIDE_STYLE('',(#5431));
#5431 = SURFACE_STYLE_FILL_AREA(#5432);
#5432 = FILL_AREA_STYLE('',(#5433));
#5433 = FILL_AREA_STYLE_COLOUR('',#5258);
#5434 = OVER_RIDING_STYLED_ITEM('overriding color',(#5435),#1879,#5141);
#5435 = PRESENTATION_STYLE_ASSIGNMENT((#5436));
#5436 = SURFACE_STYLE_USAGE(.BOTH.,#5437);
#5437 = SURFACE_SIDE_STYLE('',(#5438));
#5438 = SURFACE_STYLE_FILL_AREA(#5439);
#5439 = FILL_AREA_STYLE('',(#5440));
#5440 = FILL_AREA_STYLE_COLOUR('',#5258);
#5441 = OVER_RIDING_STYLED_ITEM('overriding color',(#5442),#1915,#5141);
#5442 = PRESENTATION_STYLE_ASSIGNMENT((#5443));
#5443 = SURFACE_STYLE_USAGE(.BOTH.,#5444);
#5444 = SURFACE_SIDE_STYLE('',(#5445));
#5445 = SURFACE_STYLE_FILL_AREA(#5446);
#5446 = FILL_AREA_STYLE('',(#5447));
#5447 = FILL_AREA_STYLE_COLOUR('',#5258);
#5448 = OVER_RIDING_STYLED_ITEM('overriding color',(#5449),#1948,#5141);
#5449 = PRESENTATION_STYLE_ASSIGNMENT((#5450));
#5450 = SURFACE_STYLE_USAGE(.BOTH.,#5451);
#5451 = SURFACE_SIDE_STYLE('',(#5452));
#5452 = SURFACE_STYLE_FILL_AREA(#5453);
#5453 = FILL_AREA_STYLE('',(#5454));
#5454 = FILL_AREA_STYLE_COLOUR('',#5258);
#5455 = OVER_RIDING_STYLED_ITEM('overriding color',(#5456),#1979,#5141);
#5456 = PRESENTATION_STYLE_ASSIGNMENT((#5457));
#5457 = SURFACE_STYLE_USAGE(.BOTH.,#5458);
#5458 = SURFACE_SIDE_STYLE('',(#5459));
#5459 = SURFACE_STYLE_FILL_AREA(#5460);
#5460 = FILL_AREA_STYLE('',(#5461));
#5461 = FILL_AREA_STYLE_COLOUR('',#5258);
#5462 = OVER_RIDING_STYLED_ITEM('overriding color',(#5463),#2012,#5141);
#5463 = PRESENTATION_STYLE_ASSIGNMENT((#5464));
#5464 = SURFACE_STYLE_USAGE(.BOTH.,#5465);
#5465 = SURFACE_SIDE_STYLE('',(#5466));
#5466 = SURFACE_STYLE_FILL_AREA(#5467);
#5467 = FILL_AREA_STYLE('',(#5468));
#5468 = FILL_AREA_STYLE_COLOUR('',#5258);
#5469 = OVER_RIDING_STYLED_ITEM('overriding color',(#5470),#2043,#5141);
#5470 = PRESENTATION_STYLE_ASSIGNMENT((#5471));
#5471 = SURFACE_STYLE_USAGE(.BOTH.,#5472);
#5472 = SURFACE_SIDE_STYLE('',(#5473));
#5473 = SURFACE_STYLE_FILL_AREA(#5474);
#5474 = FILL_AREA_STYLE('',(#5475));
#5475 = FILL_AREA_STYLE_COLOUR('',#5258);
#5476 = OVER_RIDING_STYLED_ITEM('overriding color',(#5477),#2074,#5141);
#5477 = PRESENTATION_STYLE_ASSIGNMENT((#5478));
#5478 = SURFACE_STYLE_USAGE(.BOTH.,#5479);
#5479 = SURFACE_SIDE_STYLE('',(#5480));
#5480 = SURFACE_STYLE_FILL_AREA(#5481);
#5481 = FILL_AREA_STYLE('',(#5482));
#5482 = FILL_AREA_STYLE_COLOUR('',#5258);
#5483 = OVER_RIDING_STYLED_ITEM('overriding color',(#5484),#2105,#5141);
#5484 = PRESENTATION_STYLE_ASSIGNMENT((#5485));
#5485 = SURFACE_STYLE_USAGE(.BOTH.,#5486);
#5486 = SURFACE_SIDE_STYLE('',(#5487));
#5487 = SURFACE_STYLE_FILL_AREA(#5488);
#5488 = FILL_AREA_STYLE('',(#5489));
#5489 = FILL_AREA_STYLE_COLOUR('',#5258);
#5490 = OVER_RIDING_STYLED_ITEM('overriding color',(#5491),#2138,#5141);
#5491 = PRESENTATION_STYLE_ASSIGNMENT((#5492));
#5492 = SURFACE_STYLE_USAGE(.BOTH.,#5493);
#5493 = SURFACE_SIDE_STYLE('',(#5494));
#5494 = SURFACE_STYLE_FILL_AREA(#5495);
#5495 = FILL_AREA_STYLE('',(#5496));
#5496 = FILL_AREA_STYLE_COLOUR('',#5258);
#5497 = OVER_RIDING_STYLED_ITEM('overriding color',(#5498),#2169,#5141);
#5498 = PRESENTATION_STYLE_ASSIGNMENT((#5499));
#5499 = SURFACE_STYLE_USAGE(.BOTH.,#5500);
#5500 = SURFACE_SIDE_STYLE('',(#5501));
#5501 = SURFACE_STYLE_FILL_AREA(#5502);
#5502 = FILL_AREA_STYLE('',(#5503));
#5503 = FILL_AREA_STYLE_COLOUR('',#5258);
#5504 = OVER_RIDING_STYLED_ITEM('overriding color',(#5505),#2202,#5141);
#5505 = PRESENTATION_STYLE_ASSIGNMENT((#5506));
#5506 = SURFACE_STYLE_USAGE(.BOTH.,#5507);
#5507 = SURFACE_SIDE_STYLE('',(#5508));
#5508 = SURFACE_STYLE_FILL_AREA(#5509);
#5509 = FILL_AREA_STYLE('',(#5510));
#5510 = FILL_AREA_STYLE_COLOUR('',#5258);
#5511 = OVER_RIDING_STYLED_ITEM('overriding color',(#5512),#2229,#5141);
#5512 = PRESENTATION_STYLE_ASSIGNMENT((#5513));
#5513 = SURFACE_STYLE_USAGE(.BOTH.,#5514);
#5514 = SURFACE_SIDE_STYLE('',(#5515));
#5515 = SURFACE_STYLE_FILL_AREA(#5516);
#5516 = FILL_AREA_STYLE('',(#5517));
#5517 = FILL_AREA_STYLE_COLOUR('',#5258);
#5518 = OVER_RIDING_STYLED_ITEM('overriding color',(#5519),#2249,#5141);
#5519 = PRESENTATION_STYLE_ASSIGNMENT((#5520));
#5520 = SURFACE_STYLE_USAGE(.BOTH.,#5521);
#5521 = SURFACE_SIDE_STYLE('',(#5522));
#5522 = SURFACE_STYLE_FILL_AREA(#5523);
#5523 = FILL_AREA_STYLE('',(#5524));
#5524 = FILL_AREA_STYLE_COLOUR('',#5258);
#5525 = OVER_RIDING_STYLED_ITEM('overriding color',(#5526),#2269,#5141);
#5526 = PRESENTATION_STYLE_ASSIGNMENT((#5527));
#5527 = SURFACE_STYLE_USAGE(.BOTH.,#5528);
#5528 = SURFACE_SIDE_STYLE('',(#5529));
#5529 = SURFACE_STYLE_FILL_AREA(#5530);
#5530 = FILL_AREA_STYLE('',(#5531));
#5531 = FILL_AREA_STYLE_COLOUR('',#5258);
#5532 = OVER_RIDING_STYLED_ITEM('overriding color',(#5533),#2311,#5141);
#5533 = PRESENTATION_STYLE_ASSIGNMENT((#5534));
#5534 = SURFACE_STYLE_USAGE(.BOTH.,#5535);
#5535 = SURFACE_SIDE_STYLE('',(#5536));
#5536 = SURFACE_STYLE_FILL_AREA(#5537);
#5537 = FILL_AREA_STYLE('',(#5538));
#5538 = FILL_AREA_STYLE_COLOUR('',#5258);
#5539 = OVER_RIDING_STYLED_ITEM('overriding color',(#5540),#2338,#5141);
#5540 = PRESENTATION_STYLE_ASSIGNMENT((#5541));
#5541 = SURFACE_STYLE_USAGE(.BOTH.,#5542);
#5542 = SURFACE_SIDE_STYLE('',(#5543));
#5543 = SURFACE_STYLE_FILL_AREA(#5544);
#5544 = FILL_AREA_STYLE('',(#5545));
#5545 = FILL_AREA_STYLE_COLOUR('',#5258);
#5546 = OVER_RIDING_STYLED_ITEM('overriding color',(#5547),#2374,#5141);
#5547 = PRESENTATION_STYLE_ASSIGNMENT((#5548));
#5548 = SURFACE_STYLE_USAGE(.BOTH.,#5549);
#5549 = SURFACE_SIDE_STYLE('',(#5550));
#5550 = SURFACE_STYLE_FILL_AREA(#5551);
#5551 = FILL_AREA_STYLE('',(#5552));
#5552 = FILL_AREA_STYLE_COLOUR('',#5258);
#5553 = OVER_RIDING_STYLED_ITEM('overriding color',(#5554),#2407,#5141);
#5554 = PRESENTATION_STYLE_ASSIGNMENT((#5555));
#5555 = SURFACE_STYLE_USAGE(.BOTH.,#5556);
#5556 = SURFACE_SIDE_STYLE('',(#5557));
#5557 = SURFACE_STYLE_FILL_AREA(#5558);
#5558 = FILL_AREA_STYLE('',(#5559));
#5559 = FILL_AREA_STYLE_COLOUR('',#5258);
#5560 = OVER_RIDING_STYLED_ITEM('overriding color',(#5561),#2438,#5141);
#5561 = PRESENTATION_STYLE_ASSIGNMENT((#5562));
#5562 = SURFACE_STYLE_USAGE(.BOTH.,#5563);
#5563 = SURFACE_SIDE_STYLE('',(#5564));
#5564 = SURFACE_STYLE_FILL_AREA(#5565);
#5565 = FILL_AREA_STYLE('',(#5566));
#5566 = FILL_AREA_STYLE_COLOUR('',#5258);
#5567 = OVER_RIDING_STYLED_ITEM('overriding color',(#5568),#2471,#5141);
#5568 = PRESENTATION_STYLE_ASSIGNMENT((#5569));
#5569 = SURFACE_STYLE_USAGE(.BOTH.,#5570);
#5570 = SURFACE_SIDE_STYLE('',(#5571));
#5571 = SURFACE_STYLE_FILL_AREA(#5572);
#5572 = FILL_AREA_STYLE('',(#5573));
#5573 = FILL_AREA_STYLE_COLOUR('',#5258);
#5574 = OVER_RIDING_STYLED_ITEM('overriding color',(#5575),#2502,#5141);
#5575 = PRESENTATION_STYLE_ASSIGNMENT((#5576));
#5576 = SURFACE_STYLE_USAGE(.BOTH.,#5577);
#5577 = SURFACE_SIDE_STYLE('',(#5578));
#5578 = SURFACE_STYLE_FILL_AREA(#5579);
#5579 = FILL_AREA_STYLE('',(#5580));
#5580 = FILL_AREA_STYLE_COLOUR('',#5258);
#5581 = OVER_RIDING_STYLED_ITEM('overriding color',(#5582),#2533,#5141);
#5582 = PRESENTATION_STYLE_ASSIGNMENT((#5583));
#5583 = SURFACE_STYLE_USAGE(.BOTH.,#5584);
#5584 = SURFACE_SIDE_STYLE('',(#5585));
#5585 = SURFACE_STYLE_FILL_AREA(#5586);
#5586 = FILL_AREA_STYLE('',(#5587));
#5587 = FILL_AREA_STYLE_COLOUR('',#5258);
#5588 = OVER_RIDING_STYLED_ITEM('overriding color',(#5589),#2564,#5141);
#5589 = PRESENTATION_STYLE_ASSIGNMENT((#5590));
#5590 = SURFACE_STYLE_USAGE(.BOTH.,#5591);
#5591 = SURFACE_SIDE_STYLE('',(#5592));
#5592 = SURFACE_STYLE_FILL_AREA(#5593);
#5593 = FILL_AREA_STYLE('',(#5594));
#5594 = FILL_AREA_STYLE_COLOUR('',#5258);
#5595 = OVER_RIDING_STYLED_ITEM('overriding color',(#5596),#2597,#5141);
#5596 = PRESENTATION_STYLE_ASSIGNMENT((#5597));
#5597 = SURFACE_STYLE_USAGE(.BOTH.,#5598);
#5598 = SURFACE_SIDE_STYLE('',(#5599));
#5599 = SURFACE_STYLE_FILL_AREA(#5600);
#5600 = FILL_AREA_STYLE('',(#5601));
#5601 = FILL_AREA_STYLE_COLOUR('',#5258);
#5602 = OVER_RIDING_STYLED_ITEM('overriding color',(#5603),#2619,#5141);
#5603 = PRESENTATION_STYLE_ASSIGNMENT((#5604));
#5604 = SURFACE_STYLE_USAGE(.BOTH.,#5605);
#5605 = SURFACE_SIDE_STYLE('',(#5606));
#5606 = SURFACE_STYLE_FILL_AREA(#5607);
#5607 = FILL_AREA_STYLE('',(#5608));
#5608 = FILL_AREA_STYLE_COLOUR('',#5258);
#5609 = OVER_RIDING_STYLED_ITEM('overriding color',(#5610),#2639,#5141);
#5610 = PRESENTATION_STYLE_ASSIGNMENT((#5611));
#5611 = SURFACE_STYLE_USAGE(.BOTH.,#5612);
#5612 = SURFACE_SIDE_STYLE('',(#5613));
#5613 = SURFACE_STYLE_FILL_AREA(#5614);
#5614 = FILL_AREA_STYLE('',(#5615));
#5615 = FILL_AREA_STYLE_COLOUR('',#5258);
#5616 = OVER_RIDING_STYLED_ITEM('overriding color',(#5617),#2659,#5141);
#5617 = PRESENTATION_STYLE_ASSIGNMENT((#5618));
#5618 = SURFACE_STYLE_USAGE(.BOTH.,#5619);
#5619 = SURFACE_SIDE_STYLE('',(#5620));
#5620 = SURFACE_STYLE_FILL_AREA(#5621);
#5621 = FILL_AREA_STYLE('',(#5622));
#5622 = FILL_AREA_STYLE_COLOUR('',#5159);
#5623 = OVER_RIDING_STYLED_ITEM('overriding color',(#5624),#2685,#5141);
#5624 = PRESENTATION_STYLE_ASSIGNMENT((#5625));
#5625 = SURFACE_STYLE_USAGE(.BOTH.,#5626);
#5626 = SURFACE_SIDE_STYLE('',(#5627));
#5627 = SURFACE_STYLE_FILL_AREA(#5628);
#5628 = FILL_AREA_STYLE('',(#5629));
#5629 = FILL_AREA_STYLE_COLOUR('',#5159);
#5630 = OVER_RIDING_STYLED_ITEM('overriding color',(#5631),#2711,#5141);
#5631 = PRESENTATION_STYLE_ASSIGNMENT((#5632));
#5632 = SURFACE_STYLE_USAGE(.BOTH.,#5633);
#5633 = SURFACE_SIDE_STYLE('',(#5634));
#5634 = SURFACE_STYLE_FILL_AREA(#5635);
#5635 = FILL_AREA_STYLE('',(#5636));
#5636 = FILL_AREA_STYLE_COLOUR('',#5159);
#5637 = OVER_RIDING_STYLED_ITEM('overriding color',(#5638),#2753,#5141);
#5638 = PRESENTATION_STYLE_ASSIGNMENT((#5639));
#5639 = SURFACE_STYLE_USAGE(.BOTH.,#5640);
#5640 = SURFACE_SIDE_STYLE('',(#5641));
#5641 = SURFACE_STYLE_FILL_AREA(#5642);
#5642 = FILL_AREA_STYLE('',(#5643));
#5643 = FILL_AREA_STYLE_COLOUR('',#5159);
#5644 = OVER_RIDING_STYLED_ITEM('overriding color',(#5645),#2779,#5141);
#5645 = PRESENTATION_STYLE_ASSIGNMENT((#5646));
#5646 = SURFACE_STYLE_USAGE(.BOTH.,#5647);
#5647 = SURFACE_SIDE_STYLE('',(#5648));
#5648 = SURFACE_STYLE_FILL_AREA(#5649);
#5649 = FILL_AREA_STYLE('',(#5650));
#5650 = FILL_AREA_STYLE_COLOUR('',#5159);
#5651 = OVER_RIDING_STYLED_ITEM('overriding color',(#5652),#2795,#5141);
#5652 = PRESENTATION_STYLE_ASSIGNMENT((#5653));
#5653 = SURFACE_STYLE_USAGE(.BOTH.,#5654);
#5654 = SURFACE_SIDE_STYLE('',(#5655));
#5655 = SURFACE_STYLE_FILL_AREA(#5656);
#5656 = FILL_AREA_STYLE('',(#5657));
#5657 = FILL_AREA_STYLE_COLOUR('',#5159);
#5658 = OVER_RIDING_STYLED_ITEM('overriding color',(#5659),#2811,#5141);
#5659 = PRESENTATION_STYLE_ASSIGNMENT((#5660));
#5660 = SURFACE_STYLE_USAGE(.BOTH.,#5661);
#5661 = SURFACE_SIDE_STYLE('',(#5662));
#5662 = SURFACE_STYLE_FILL_AREA(#5663);
#5663 = FILL_AREA_STYLE('',(#5664));
#5664 = FILL_AREA_STYLE_COLOUR('',#5159);
#5665 = OVER_RIDING_STYLED_ITEM('overriding color',(#5666),#2823,#5141);
#5666 = PRESENTATION_STYLE_ASSIGNMENT((#5667));
#5667 = SURFACE_STYLE_USAGE(.BOTH.,#5668);
#5668 = SURFACE_SIDE_STYLE('',(#5669));
#5669 = SURFACE_STYLE_FILL_AREA(#5670);
#5670 = FILL_AREA_STYLE('',(#5671));
#5671 = FILL_AREA_STYLE_COLOUR('',#5159);
#5672 = OVER_RIDING_STYLED_ITEM('overriding color',(#5673),#2849,#5141);
#5673 = PRESENTATION_STYLE_ASSIGNMENT((#5674));
#5674 = SURFACE_STYLE_USAGE(.BOTH.,#5675);
#5675 = SURFACE_SIDE_STYLE('',(#5676));
#5676 = SURFACE_STYLE_FILL_AREA(#5677);
#5677 = FILL_AREA_STYLE('',(#5678));
#5678 = FILL_AREA_STYLE_COLOUR('',#5679);
#5679 = COLOUR_RGB('',0.752941202324,0.752941202324,0.752941202324);
#5680 = OVER_RIDING_STYLED_ITEM('overriding color',(#5681),#2880,#5141);
#5681 = PRESENTATION_STYLE_ASSIGNMENT((#5682));
#5682 = SURFACE_STYLE_USAGE(.BOTH.,#5683);
#5683 = SURFACE_SIDE_STYLE('',(#5684));
#5684 = SURFACE_STYLE_FILL_AREA(#5685);
#5685 = FILL_AREA_STYLE('',(#5686));
#5686 = FILL_AREA_STYLE_COLOUR('',#5679);
#5687 = OVER_RIDING_STYLED_ITEM('overriding color',(#5688),#2904,#5141);
#5688 = PRESENTATION_STYLE_ASSIGNMENT((#5689));
#5689 = SURFACE_STYLE_USAGE(.BOTH.,#5690);
#5690 = SURFACE_SIDE_STYLE('',(#5691));
#5691 = SURFACE_STYLE_FILL_AREA(#5692);
#5692 = FILL_AREA_STYLE('',(#5693));
#5693 = FILL_AREA_STYLE_COLOUR('',#5679);
#5694 = OVER_RIDING_STYLED_ITEM('overriding color',(#5695),#2928,#5141);
#5695 = PRESENTATION_STYLE_ASSIGNMENT((#5696));
#5696 = SURFACE_STYLE_USAGE(.BOTH.,#5697);
#5697 = SURFACE_SIDE_STYLE('',(#5698));
#5698 = SURFACE_STYLE_FILL_AREA(#5699);
#5699 = FILL_AREA_STYLE('',(#5700));
#5700 = FILL_AREA_STYLE_COLOUR('',#5679);
#5701 = OVER_RIDING_STYLED_ITEM('overriding color',(#5702),#2952,#5141);
#5702 = PRESENTATION_STYLE_ASSIGNMENT((#5703));
#5703 = SURFACE_STYLE_USAGE(.BOTH.,#5704);
#5704 = SURFACE_SIDE_STYLE('',(#5705));
#5705 = SURFACE_STYLE_FILL_AREA(#5706);
#5706 = FILL_AREA_STYLE('',(#5707));
#5707 = FILL_AREA_STYLE_COLOUR('',#5679);
#5708 = OVER_RIDING_STYLED_ITEM('overriding color',(#5709),#2976,#5141);
#5709 = PRESENTATION_STYLE_ASSIGNMENT((#5710));
#5710 = SURFACE_STYLE_USAGE(.BOTH.,#5711);
#5711 = SURFACE_SIDE_STYLE('',(#5712));
#5712 = SURFACE_STYLE_FILL_AREA(#5713);
#5713 = FILL_AREA_STYLE('',(#5714));
#5714 = FILL_AREA_STYLE_COLOUR('',#5679);
#5715 = OVER_RIDING_STYLED_ITEM('overriding color',(#5716),#3000,#5141);
#5716 = PRESENTATION_STYLE_ASSIGNMENT((#5717));
#5717 = SURFACE_STYLE_USAGE(.BOTH.,#5718);
#5718 = SURFACE_SIDE_STYLE('',(#5719));
#5719 = SURFACE_STYLE_FILL_AREA(#5720);
#5720 = FILL_AREA_STYLE('',(#5721));
#5721 = FILL_AREA_STYLE_COLOUR('',#5679);
#5722 = OVER_RIDING_STYLED_ITEM('overriding color',(#5723),#3024,#5141);
#5723 = PRESENTATION_STYLE_ASSIGNMENT((#5724));
#5724 = SURFACE_STYLE_USAGE(.BOTH.,#5725);
#5725 = SURFACE_SIDE_STYLE('',(#5726));
#5726 = SURFACE_STYLE_FILL_AREA(#5727);
#5727 = FILL_AREA_STYLE('',(#5728));
#5728 = FILL_AREA_STYLE_COLOUR('',#5679);
#5729 = OVER_RIDING_STYLED_ITEM('overriding color',(#5730),#3041,#5141);
#5730 = PRESENTATION_STYLE_ASSIGNMENT((#5731));
#5731 = SURFACE_STYLE_USAGE(.BOTH.,#5732);
#5732 = SURFACE_SIDE_STYLE('',(#5733));
#5733 = SURFACE_STYLE_FILL_AREA(#5734);
#5734 = FILL_AREA_STYLE('',(#5735));
#5735 = FILL_AREA_STYLE_COLOUR('',#5679);
#5736 = OVER_RIDING_STYLED_ITEM('overriding color',(#5737),#3083,#5141);
#5737 = PRESENTATION_STYLE_ASSIGNMENT((#5738));
#5738 = SURFACE_STYLE_USAGE(.BOTH.,#5739);
#5739 = SURFACE_SIDE_STYLE('',(#5740));
#5740 = SURFACE_STYLE_FILL_AREA(#5741);
#5741 = FILL_AREA_STYLE('',(#5742));
#5742 = FILL_AREA_STYLE_COLOUR('',#5679);
#5743 = OVER_RIDING_STYLED_ITEM('overriding color',(#5744),#3114,#5141);
#5744 = PRESENTATION_STYLE_ASSIGNMENT((#5745));
#5745 = SURFACE_STYLE_USAGE(.BOTH.,#5746);
#5746 = SURFACE_SIDE_STYLE('',(#5747));
#5747 = SURFACE_STYLE_FILL_AREA(#5748);
#5748 = FILL_AREA_STYLE('',(#5749));
#5749 = FILL_AREA_STYLE_COLOUR('',#5679);
#5750 = OVER_RIDING_STYLED_ITEM('overriding color',(#5751),#3138,#5141);
#5751 = PRESENTATION_STYLE_ASSIGNMENT((#5752));
#5752 = SURFACE_STYLE_USAGE(.BOTH.,#5753);
#5753 = SURFACE_SIDE_STYLE('',(#5754));
#5754 = SURFACE_STYLE_FILL_AREA(#5755);
#5755 = FILL_AREA_STYLE('',(#5756));
#5756 = FILL_AREA_STYLE_COLOUR('',#5679);
#5757 = OVER_RIDING_STYLED_ITEM('overriding color',(#5758),#3155,#5141);
#5758 = PRESENTATION_STYLE_ASSIGNMENT((#5759));
#5759 = SURFACE_STYLE_USAGE(.BOTH.,#5760);
#5760 = SURFACE_SIDE_STYLE('',(#5761));
#5761 = SURFACE_STYLE_FILL_AREA(#5762);
#5762 = FILL_AREA_STYLE('',(#5763));
#5763 = FILL_AREA_STYLE_COLOUR('',#5679);
#5764 = OVER_RIDING_STYLED_ITEM('overriding color',(#5765),#3186,#5141);
#5765 = PRESENTATION_STYLE_ASSIGNMENT((#5766));
#5766 = SURFACE_STYLE_USAGE(.BOTH.,#5767);
#5767 = SURFACE_SIDE_STYLE('',(#5768));
#5768 = SURFACE_STYLE_FILL_AREA(#5769);
#5769 = FILL_AREA_STYLE('',(#5770));
#5770 = FILL_AREA_STYLE_COLOUR('',#5679);
#5771 = OVER_RIDING_STYLED_ITEM('overriding color',(#5772),#3210,#5141);
#5772 = PRESENTATION_STYLE_ASSIGNMENT((#5773));
#5773 = SURFACE_STYLE_USAGE(.BOTH.,#5774);
#5774 = SURFACE_SIDE_STYLE('',(#5775));
#5775 = SURFACE_STYLE_FILL_AREA(#5776);
#5776 = FILL_AREA_STYLE('',(#5777));
#5777 = FILL_AREA_STYLE_COLOUR('',#5679);
#5778 = OVER_RIDING_STYLED_ITEM('overriding color',(#5779),#3234,#5141);
#5779 = PRESENTATION_STYLE_ASSIGNMENT((#5780));
#5780 = SURFACE_STYLE_USAGE(.BOTH.,#5781);
#5781 = SURFACE_SIDE_STYLE('',(#5782));
#5782 = SURFACE_STYLE_FILL_AREA(#5783);
#5783 = FILL_AREA_STYLE('',(#5784));
#5784 = FILL_AREA_STYLE_COLOUR('',#5679);
#5785 = OVER_RIDING_STYLED_ITEM('overriding color',(#5786),#3284,#5141);
#5786 = PRESENTATION_STYLE_ASSIGNMENT((#5787));
#5787 = SURFACE_STYLE_USAGE(.BOTH.,#5788);
#5788 = SURFACE_SIDE_STYLE('',(#5789));
#5789 = SURFACE_STYLE_FILL_AREA(#5790);
#5790 = FILL_AREA_STYLE('',(#5791));
#5791 = FILL_AREA_STYLE_COLOUR('',#5679);
#5792 = OVER_RIDING_STYLED_ITEM('overriding color',(#5793),#3358,#5141);
#5793 = PRESENTATION_STYLE_ASSIGNMENT((#5794));
#5794 = SURFACE_STYLE_USAGE(.BOTH.,#5795);
#5795 = SURFACE_SIDE_STYLE('',(#5796));
#5796 = SURFACE_STYLE_FILL_AREA(#5797);
#5797 = FILL_AREA_STYLE('',(#5798));
#5798 = FILL_AREA_STYLE_COLOUR('',#5679);
#5799 = OVER_RIDING_STYLED_ITEM('overriding color',(#5800),#3449,#5141);
#5800 = PRESENTATION_STYLE_ASSIGNMENT((#5801));
#5801 = SURFACE_STYLE_USAGE(.BOTH.,#5802);
#5802 = SURFACE_SIDE_STYLE('',(#5803));
#5803 = SURFACE_STYLE_FILL_AREA(#5804);
#5804 = FILL_AREA_STYLE('',(#5805));
#5805 = FILL_AREA_STYLE_COLOUR('',#5679);
#5806 = OVER_RIDING_STYLED_ITEM('overriding color',(#5807),#3569,#5141);
#5807 = PRESENTATION_STYLE_ASSIGNMENT((#5808));
#5808 = SURFACE_STYLE_USAGE(.BOTH.,#5809);
#5809 = SURFACE_SIDE_STYLE('',(#5810));
#5810 = SURFACE_STYLE_FILL_AREA(#5811);
#5811 = FILL_AREA_STYLE('',(#5812));
#5812 = FILL_AREA_STYLE_COLOUR('',#5679);
#5813 = OVER_RIDING_STYLED_ITEM('overriding color',(#5814),#3600,#5141);
#5814 = PRESENTATION_STYLE_ASSIGNMENT((#5815));
#5815 = SURFACE_STYLE_USAGE(.BOTH.,#5816);
#5816 = SURFACE_SIDE_STYLE('',(#5817));
#5817 = SURFACE_STYLE_FILL_AREA(#5818);
#5818 = FILL_AREA_STYLE('',(#5819));
#5819 = FILL_AREA_STYLE_COLOUR('',#5679);
#5820 = OVER_RIDING_STYLED_ITEM('overriding color',(#5821),#3624,#5141);
#5821 = PRESENTATION_STYLE_ASSIGNMENT((#5822));
#5822 = SURFACE_STYLE_USAGE(.BOTH.,#5823);
#5823 = SURFACE_SIDE_STYLE('',(#5824));
#5824 = SURFACE_STYLE_FILL_AREA(#5825);
#5825 = FILL_AREA_STYLE('',(#5826));
#5826 = FILL_AREA_STYLE_COLOUR('',#5679);
#5827 = OVER_RIDING_STYLED_ITEM('overriding color',(#5828),#3674,#5141);
#5828 = PRESENTATION_STYLE_ASSIGNMENT((#5829));
#5829 = SURFACE_STYLE_USAGE(.BOTH.,#5830);
#5830 = SURFACE_SIDE_STYLE('',(#5831));
#5831 = SURFACE_STYLE_FILL_AREA(#5832);
#5832 = FILL_AREA_STYLE('',(#5833));
#5833 = FILL_AREA_STYLE_COLOUR('',#5679);
#5834 = OVER_RIDING_STYLED_ITEM('overriding color',(#5835),#3748,#5141);
#5835 = PRESENTATION_STYLE_ASSIGNMENT((#5836));
#5836 = SURFACE_STYLE_USAGE(.BOTH.,#5837);
#5837 = SURFACE_SIDE_STYLE('',(#5838));
#5838 = SURFACE_STYLE_FILL_AREA(#5839);
#5839 = FILL_AREA_STYLE('',(#5840));
#5840 = FILL_AREA_STYLE_COLOUR('',#5679);
#5841 = OVER_RIDING_STYLED_ITEM('overriding color',(#5842),#3822,#5141);
#5842 = PRESENTATION_STYLE_ASSIGNMENT((#5843));
#5843 = SURFACE_STYLE_USAGE(.BOTH.,#5844);
#5844 = SURFACE_SIDE_STYLE('',(#5845));
#5845 = SURFACE_STYLE_FILL_AREA(#5846);
#5846 = FILL_AREA_STYLE('',(#5847));
#5847 = FILL_AREA_STYLE_COLOUR('',#5679);
#5848 = OVER_RIDING_STYLED_ITEM('overriding color',(#5849),#3872,#5141);
#5849 = PRESENTATION_STYLE_ASSIGNMENT((#5850));
#5850 = SURFACE_STYLE_USAGE(.BOTH.,#5851);
#5851 = SURFACE_SIDE_STYLE('',(#5852));
#5852 = SURFACE_STYLE_FILL_AREA(#5853);
#5853 = FILL_AREA_STYLE('',(#5854));
#5854 = FILL_AREA_STYLE_COLOUR('',#5679);
#5855 = OVER_RIDING_STYLED_ITEM('overriding color',(#5856),#3889,#5141);
#5856 = PRESENTATION_STYLE_ASSIGNMENT((#5857));
#5857 = SURFACE_STYLE_USAGE(.BOTH.,#5858);
#5858 = SURFACE_SIDE_STYLE('',(#5859));
#5859 = SURFACE_STYLE_FILL_AREA(#5860);
#5860 = FILL_AREA_STYLE('',(#5861));
#5861 = FILL_AREA_STYLE_COLOUR('',#5679);
#5862 = OVER_RIDING_STYLED_ITEM('overriding color',(#5863),#3920,#5141);
#5863 = PRESENTATION_STYLE_ASSIGNMENT((#5864));
#5864 = SURFACE_STYLE_USAGE(.BOTH.,#5865);
#5865 = SURFACE_SIDE_STYLE('',(#5866));
#5866 = SURFACE_STYLE_FILL_AREA(#5867);
#5867 = FILL_AREA_STYLE('',(#5868));
#5868 = FILL_AREA_STYLE_COLOUR('',#5679);
#5869 = OVER_RIDING_STYLED_ITEM('overriding color',(#5870),#3944,#5141);
#5870 = PRESENTATION_STYLE_ASSIGNMENT((#5871));
#5871 = SURFACE_STYLE_USAGE(.BOTH.,#5872);
#5872 = SURFACE_SIDE_STYLE('',(#5873));
#5873 = SURFACE_STYLE_FILL_AREA(#5874);
#5874 = FILL_AREA_STYLE('',(#5875));
#5875 = FILL_AREA_STYLE_COLOUR('',#5679);
#5876 = OVER_RIDING_STYLED_ITEM('overriding color',(#5877),#3968,#5141);
#5877 = PRESENTATION_STYLE_ASSIGNMENT((#5878));
#5878 = SURFACE_STYLE_USAGE(.BOTH.,#5879);
#5879 = SURFACE_SIDE_STYLE('',(#5880));
#5880 = SURFACE_STYLE_FILL_AREA(#5881);
#5881 = FILL_AREA_STYLE('',(#5882));
#5882 = FILL_AREA_STYLE_COLOUR('',#5679);
#5883 = OVER_RIDING_STYLED_ITEM('overriding color',(#5884),#3992,#5141);
#5884 = PRESENTATION_STYLE_ASSIGNMENT((#5885));
#5885 = SURFACE_STYLE_USAGE(.BOTH.,#5886);
#5886 = SURFACE_SIDE_STYLE('',(#5887));
#5887 = SURFACE_STYLE_FILL_AREA(#5888);
#5888 = FILL_AREA_STYLE('',(#5889));
#5889 = FILL_AREA_STYLE_COLOUR('',#5679);
#5890 = OVER_RIDING_STYLED_ITEM('overriding color',(#5891),#4016,#5141);
#5891 = PRESENTATION_STYLE_ASSIGNMENT((#5892));
#5892 = SURFACE_STYLE_USAGE(.BOTH.,#5893);
#5893 = SURFACE_SIDE_STYLE('',(#5894));
#5894 = SURFACE_STYLE_FILL_AREA(#5895);
#5895 = FILL_AREA_STYLE('',(#5896));
#5896 = FILL_AREA_STYLE_COLOUR('',#5679);
#5897 = OVER_RIDING_STYLED_ITEM('overriding color',(#5898),#4040,#5141);
#5898 = PRESENTATION_STYLE_ASSIGNMENT((#5899));
#5899 = SURFACE_STYLE_USAGE(.BOTH.,#5900);
#5900 = SURFACE_SIDE_STYLE('',(#5901));
#5901 = SURFACE_STYLE_FILL_AREA(#5902);
#5902 = FILL_AREA_STYLE('',(#5903));
#5903 = FILL_AREA_STYLE_COLOUR('',#5679);
#5904 = OVER_RIDING_STYLED_ITEM('overriding color',(#5905),#4064,#5141);
#5905 = PRESENTATION_STYLE_ASSIGNMENT((#5906));
#5906 = SURFACE_STYLE_USAGE(.BOTH.,#5907);
#5907 = SURFACE_SIDE_STYLE('',(#5908));
#5908 = SURFACE_STYLE_FILL_AREA(#5909);
#5909 = FILL_AREA_STYLE('',(#5910));
#5910 = FILL_AREA_STYLE_COLOUR('',#5679);
#5911 = OVER_RIDING_STYLED_ITEM('overriding color',(#5912),#4088,#5141);
#5912 = PRESENTATION_STYLE_ASSIGNMENT((#5913));
#5913 = SURFACE_STYLE_USAGE(.BOTH.,#5914);
#5914 = SURFACE_SIDE_STYLE('',(#5915));
#5915 = SURFACE_STYLE_FILL_AREA(#5916);
#5916 = FILL_AREA_STYLE('',(#5917));
#5917 = FILL_AREA_STYLE_COLOUR('',#5679);
#5918 = OVER_RIDING_STYLED_ITEM('overriding color',(#5919),#4112,#5141);
#5919 = PRESENTATION_STYLE_ASSIGNMENT((#5920));
#5920 = SURFACE_STYLE_USAGE(.BOTH.,#5921);
#5921 = SURFACE_SIDE_STYLE('',(#5922));
#5922 = SURFACE_STYLE_FILL_AREA(#5923);
#5923 = FILL_AREA_STYLE('',(#5924));
#5924 = FILL_AREA_STYLE_COLOUR('',#5679);
#5925 = OVER_RIDING_STYLED_ITEM('overriding color',(#5926),#4136,#5141);
#5926 = PRESENTATION_STYLE_ASSIGNMENT((#5927));
#5927 = SURFACE_STYLE_USAGE(.BOTH.,#5928);
#5928 = SURFACE_SIDE_STYLE('',(#5929));
#5929 = SURFACE_STYLE_FILL_AREA(#5930);
#5930 = FILL_AREA_STYLE('',(#5931));
#5931 = FILL_AREA_STYLE_COLOUR('',#5679);
#5932 = OVER_RIDING_STYLED_ITEM('overriding color',(#5933),#4160,#5141);
#5933 = PRESENTATION_STYLE_ASSIGNMENT((#5934));
#5934 = SURFACE_STYLE_USAGE(.BOTH.,#5935);
#5935 = SURFACE_SIDE_STYLE('',(#5936));
#5936 = SURFACE_STYLE_FILL_AREA(#5937);
#5937 = FILL_AREA_STYLE('',(#5938));
#5938 = FILL_AREA_STYLE_COLOUR('',#5679);
#5939 = OVER_RIDING_STYLED_ITEM('overriding color',(#5940),#4177,#5141);
#5940 = PRESENTATION_STYLE_ASSIGNMENT((#5941));
#5941 = SURFACE_STYLE_USAGE(.BOTH.,#5942);
#5942 = SURFACE_SIDE_STYLE('',(#5943));
#5943 = SURFACE_STYLE_FILL_AREA(#5944);
#5944 = FILL_AREA_STYLE('',(#5945));
#5945 = FILL_AREA_STYLE_COLOUR('',#5679);
#5946 = OVER_RIDING_STYLED_ITEM('overriding color',(#5947),#4197,#5141);
#5947 = PRESENTATION_STYLE_ASSIGNMENT((#5948));
#5948 = SURFACE_STYLE_USAGE(.BOTH.,#5949);
#5949 = SURFACE_SIDE_STYLE('',(#5950));
#5950 = SURFACE_STYLE_FILL_AREA(#5951);
#5951 = FILL_AREA_STYLE('',(#5952));
#5952 = FILL_AREA_STYLE_COLOUR('',#5679);
#5953 = OVER_RIDING_STYLED_ITEM('overriding color',(#5954),#4278,#5141);
#5954 = PRESENTATION_STYLE_ASSIGNMENT((#5955));
#5955 = SURFACE_STYLE_USAGE(.BOTH.,#5956);
#5956 = SURFACE_SIDE_STYLE('',(#5957));
#5957 = SURFACE_STYLE_FILL_AREA(#5958);
#5958 = FILL_AREA_STYLE('',(#5959));
#5959 = FILL_AREA_STYLE_COLOUR('',#5679);
#5960 = OVER_RIDING_STYLED_ITEM('overriding color',(#5961),#4302,#5141);
#5961 = PRESENTATION_STYLE_ASSIGNMENT((#5962));
#5962 = SURFACE_STYLE_USAGE(.BOTH.,#5963);
#5963 = SURFACE_SIDE_STYLE('',(#5964));
#5964 = SURFACE_STYLE_FILL_AREA(#5965);
#5965 = FILL_AREA_STYLE('',(#5966));
#5966 = FILL_AREA_STYLE_COLOUR('',#5679);
#5967 = OVER_RIDING_STYLED_ITEM('overriding color',(#5968),#4364,#5141);
#5968 = PRESENTATION_STYLE_ASSIGNMENT((#5969));
#5969 = SURFACE_STYLE_USAGE(.BOTH.,#5970);
#5970 = SURFACE_SIDE_STYLE('',(#5971));
#5971 = SURFACE_STYLE_FILL_AREA(#5972);
#5972 = FILL_AREA_STYLE('',(#5973));
#5973 = FILL_AREA_STYLE_COLOUR('',#5679);
#5974 = OVER_RIDING_STYLED_ITEM('overriding color',(#5975),#4462,#5141);
#5975 = PRESENTATION_STYLE_ASSIGNMENT((#5976));
#5976 = SURFACE_STYLE_USAGE(.BOTH.,#5977);
#5977 = SURFACE_SIDE_STYLE('',(#5978));
#5978 = SURFACE_STYLE_FILL_AREA(#5979);
#5979 = FILL_AREA_STYLE('',(#5980));
#5980 = FILL_AREA_STYLE_COLOUR('',#5679);
#5981 = OVER_RIDING_STYLED_ITEM('overriding color',(#5982),#4536,#5141);
#5982 = PRESENTATION_STYLE_ASSIGNMENT((#5983));
#5983 = SURFACE_STYLE_USAGE(.BOTH.,#5984);
#5984 = SURFACE_SIDE_STYLE('',(#5985));
#5985 = SURFACE_STYLE_FILL_AREA(#5986);
#5986 = FILL_AREA_STYLE('',(#5987));
#5987 = FILL_AREA_STYLE_COLOUR('',#5679);
#5988 = OVER_RIDING_STYLED_ITEM('overriding color',(#5989),#4586,#5141);
#5989 = PRESENTATION_STYLE_ASSIGNMENT((#5990));
#5990 = SURFACE_STYLE_USAGE(.BOTH.,#5991);
#5991 = SURFACE_SIDE_STYLE('',(#5992));
#5992 = SURFACE_STYLE_FILL_AREA(#5993);
#5993 = FILL_AREA_STYLE('',(#5994));
#5994 = FILL_AREA_STYLE_COLOUR('',#5679);
#5995 = OVER_RIDING_STYLED_ITEM('overriding color',(#5996),#4610,#5141);
#5996 = PRESENTATION_STYLE_ASSIGNMENT((#5997));
#5997 = SURFACE_STYLE_USAGE(.BOTH.,#5998);
#5998 = SURFACE_SIDE_STYLE('',(#5999));
#5999 = SURFACE_STYLE_FILL_AREA(#6000);
#6000 = FILL_AREA_STYLE('',(#6001));
#6001 = FILL_AREA_STYLE_COLOUR('',#5679);
#6002 = OVER_RIDING_STYLED_ITEM('overriding color',(#6003),#4684,#5141);
#6003 = PRESENTATION_STYLE_ASSIGNMENT((#6004));
#6004 = SURFACE_STYLE_USAGE(.BOTH.,#6005);
#6005 = SURFACE_SIDE_STYLE('',(#6006));
#6006 = SURFACE_STYLE_FILL_AREA(#6007);
#6007 = FILL_AREA_STYLE('',(#6008));
#6008 = FILL_AREA_STYLE_COLOUR('',#5679);
#6009 = OVER_RIDING_STYLED_ITEM('overriding color',(#6010),#4758,#5141);
#6010 = PRESENTATION_STYLE_ASSIGNMENT((#6011));
#6011 = SURFACE_STYLE_USAGE(.BOTH.,#6012);
#6012 = SURFACE_SIDE_STYLE('',(#6013));
#6013 = SURFACE_STYLE_FILL_AREA(#6014);
#6014 = FILL_AREA_STYLE('',(#6015));
#6015 = FILL_AREA_STYLE_COLOUR('',#5679);
#6016 = OVER_RIDING_STYLED_ITEM('overriding color',(#6017),#4808,#5141);
#6017 = PRESENTATION_STYLE_ASSIGNMENT((#6018));
#6018 = SURFACE_STYLE_USAGE(.BOTH.,#6019);
#6019 = SURFACE_SIDE_STYLE('',(#6020));
#6020 = SURFACE_STYLE_FILL_AREA(#6021);
#6021 = FILL_AREA_STYLE('',(#6022));
#6022 = FILL_AREA_STYLE_COLOUR('',#5679);
#6023 = OVER_RIDING_STYLED_ITEM('overriding color',(#6024),#4875,#5141);
#6024 = PRESENTATION_STYLE_ASSIGNMENT((#6025));
#6025 = SURFACE_STYLE_USAGE(.BOTH.,#6026);
#6026 = SURFACE_SIDE_STYLE('',(#6027));
#6027 = SURFACE_STYLE_FILL_AREA(#6028);
#6028 = FILL_AREA_STYLE('',(#6029));
#6029 = FILL_AREA_STYLE_COLOUR('',#5679);
#6030 = OVER_RIDING_STYLED_ITEM('overriding color',(#6031),#4894,#5141);
#6031 = PRESENTATION_STYLE_ASSIGNMENT((#6032));
#6032 = SURFACE_STYLE_USAGE(.BOTH.,#6033);
#6033 = SURFACE_SIDE_STYLE('',(#6034));
#6034 = SURFACE_STYLE_FILL_AREA(#6035);
#6035 = FILL_AREA_STYLE('',(#6036));
#6036 = FILL_AREA_STYLE_COLOUR('',#5679);
#6037 = OVER_RIDING_STYLED_ITEM('overriding color',(#6038),#4925,#5141);
#6038 = PRESENTATION_STYLE_ASSIGNMENT((#6039));
#6039 = SURFACE_STYLE_USAGE(.BOTH.,#6040);
#6040 = SURFACE_SIDE_STYLE('',(#6041));
#6041 = SURFACE_STYLE_FILL_AREA(#6042);
#6042 = FILL_AREA_STYLE('',(#6043));
#6043 = FILL_AREA_STYLE_COLOUR('',#5679);
#6044 = OVER_RIDING_STYLED_ITEM('overriding color',(#6045),#4949,#5141);
#6045 = PRESENTATION_STYLE_ASSIGNMENT((#6046));
#6046 = SURFACE_STYLE_USAGE(.BOTH.,#6047);
#6047 = SURFACE_SIDE_STYLE('',(#6048));
#6048 = SURFACE_STYLE_FILL_AREA(#6049);
#6049 = FILL_AREA_STYLE('',(#6050));
#6050 = FILL_AREA_STYLE_COLOUR('',#5679);
#6051 = OVER_RIDING_STYLED_ITEM('overriding color',(#6052),#4973,#5141);
#6052 = PRESENTATION_STYLE_ASSIGNMENT((#6053));
#6053 = SURFACE_STYLE_USAGE(.BOTH.,#6054);
#6054 = SURFACE_SIDE_STYLE('',(#6055));
#6055 = SURFACE_STYLE_FILL_AREA(#6056);
#6056 = FILL_AREA_STYLE('',(#6057));
#6057 = FILL_AREA_STYLE_COLOUR('',#5679);
#6058 = OVER_RIDING_STYLED_ITEM('overriding color',(#6059),#4997,#5141);
#6059 = PRESENTATION_STYLE_ASSIGNMENT((#6060));
#6060 = SURFACE_STYLE_USAGE(.BOTH.,#6061);
#6061 = SURFACE_SIDE_STYLE('',(#6062));
#6062 = SURFACE_STYLE_FILL_AREA(#6063);
#6063 = FILL_AREA_STYLE('',(#6064));
#6064 = FILL_AREA_STYLE_COLOUR('',#5679);
#6065 = OVER_RIDING_STYLED_ITEM('overriding color',(#6066),#5021,#5141);
#6066 = PRESENTATION_STYLE_ASSIGNMENT((#6067));
#6067 = SURFACE_STYLE_USAGE(.BOTH.,#6068);
#6068 = SURFACE_SIDE_STYLE('',(#6069));
#6069 = SURFACE_STYLE_FILL_AREA(#6070);
#6070 = FILL_AREA_STYLE('',(#6071));
#6071 = FILL_AREA_STYLE_COLOUR('',#5679);
#6072 = OVER_RIDING_STYLED_ITEM('overriding color',(#6073),#5038,#5141);
#6073 = PRESENTATION_STYLE_ASSIGNMENT((#6074));
#6074 = SURFACE_STYLE_USAGE(.BOTH.,#6075);
#6075 = SURFACE_SIDE_STYLE('',(#6076));
#6076 = SURFACE_STYLE_FILL_AREA(#6077);
#6077 = FILL_AREA_STYLE('',(#6078));
#6078 = FILL_AREA_STYLE_COLOUR('',#5679);
#6079 = OVER_RIDING_STYLED_ITEM('overriding color',(#6080),#5052,#5141);
#6080 = PRESENTATION_STYLE_ASSIGNMENT((#6081));
#6081 = SURFACE_STYLE_USAGE(.BOTH.,#6082);
#6082 = SURFACE_SIDE_STYLE('',(#6083));
#6083 = SURFACE_STYLE_FILL_AREA(#6084);
#6084 = FILL_AREA_STYLE('',(#6085));
#6085 = FILL_AREA_STYLE_COLOUR('',#5159);
#6086 = OVER_RIDING_STYLED_ITEM('overriding color',(#6087),#5063,#5141);
#6087 = PRESENTATION_STYLE_ASSIGNMENT((#6088));
#6088 = SURFACE_STYLE_USAGE(.BOTH.,#6089);
#6089 = SURFACE_SIDE_STYLE('',(#6090));
#6090 = SURFACE_STYLE_FILL_AREA(#6091);
#6091 = FILL_AREA_STYLE('',(#6092));
#6092 = FILL_AREA_STYLE_COLOUR('',#5159);
#6093 = OVER_RIDING_STYLED_ITEM('overriding color',(#6094),#5106,#5141);
#6094 = PRESENTATION_STYLE_ASSIGNMENT((#6095));
#6095 = SURFACE_STYLE_USAGE(.BOTH.,#6096);
#6096 = SURFACE_SIDE_STYLE('',(#6097));
#6097 = SURFACE_STYLE_FILL_AREA(#6098);
#6098 = FILL_AREA_STYLE('',(#6099));
#6099 = FILL_AREA_STYLE_COLOUR('',#5159);
#6100 = OVER_RIDING_STYLED_ITEM('overriding color',(#6101),#5123,#5141);
#6101 = PRESENTATION_STYLE_ASSIGNMENT((#6102));
#6102 = SURFACE_STYLE_USAGE(.BOTH.,#6103);
#6103 = SURFACE_SIDE_STYLE('',(#6104));
#6104 = SURFACE_STYLE_FILL_AREA(#6105);
#6105 = FILL_AREA_STYLE('',(#6106));
#6106 = FILL_AREA_STYLE_COLOUR('',#5159);
ENDSEC;
END-ISO-10303-21;
