ISO-10303-21;
HEADER;
FILE_DESCRIPTION(('FreeCAD Model'),'2;1');
FILE_NAME('Open CASCADE Shape Model','2025-11-28T01:03:04',(''),(''),
  'Open CASCADE STEP processor 7.9','FreeCAD','Unknown');
FILE_SCHEMA(('AUTOMOTIVE_DESIGN { 1 0 10303 214 1 1 1 1 }'));
ENDSEC;
DATA;
#1 = APPLICATION_PROTOCOL_DEFINITION('international standard',
  'automotive_design',2000,#2);
#2 = APPLICATION_CONTEXT(
  'core data for automotive mechanical design processes');
#3 = SHAPE_DEFINITION_REPRESENTATION(#4,#10);
#4 = PRODUCT_DEFINITION_SHAPE('','',#5);
#5 = PRODUCT_DEFINITION('design','',#6,#9);
#6 = PRODUCT_DEFINITION_FORMATION('','',#7);
#7 = PRODUCT('SW-SMD_SSSS811101~SW-TH_SSSS811101~VVTr031',
  'SW-SMD_SSSS811101~SW-TH_SSSS811101~VVTr031','',(#8));
#8 = PRODUCT_CONTEXT('',#2,'mechanical');
#9 = PRODUCT_DEFINITION_CONTEXT('part definition',#2,'design');
#10 = SHAPE_REPRESENTATION('',(#11,#15,#19,#23,#27,#31,#35,#39,#43,#47,
    #51,#55,#59,#63,#67,#71,#75,#79,#83),#87);
#11 = AXIS2_PLACEMENT_3D('',#12,#13,#14);
#12 = CARTESIAN_POINT('',(0.,0.,0.));
#13 = DIRECTION('',(0.,0.,1.));
#14 = DIRECTION('',(1.,0.,-0.));
#15 = AXIS2_PLACEMENT_3D('',#16,#17,#18);
#16 = CARTESIAN_POINT('',(0.,0.,0.));
#17 = DIRECTION('',(0.,0.,1.));
#18 = DIRECTION('',(1.,0.,0.));
#19 = AXIS2_PLACEMENT_3D('',#20,#21,#22);
#20 = CARTESIAN_POINT('',(0.,0.,0.));
#21 = DIRECTION('',(0.,0.,1.));
#22 = DIRECTION('',(1.,0.,0.));
#23 = AXIS2_PLACEMENT_3D('',#24,#25,#26);
#24 = CARTESIAN_POINT('',(0.,0.,0.));
#25 = DIRECTION('',(0.,0.,1.));
#26 = DIRECTION('',(1.,0.,0.));
#27 = AXIS2_PLACEMENT_3D('',#28,#29,#30);
#28 = CARTESIAN_POINT('',(0.,0.,0.));
#29 = DIRECTION('',(0.,0.,1.));
#30 = DIRECTION('',(1.,0.,0.));
#31 = AXIS2_PLACEMENT_3D('',#32,#33,#34);
#32 = CARTESIAN_POINT('',(0.,0.,0.));
#33 = DIRECTION('',(0.,0.,1.));
#34 = DIRECTION('',(1.,0.,0.));
#35 = AXIS2_PLACEMENT_3D('',#36,#37,#38);
#36 = CARTESIAN_POINT('',(0.,0.,0.));
#37 = DIRECTION('',(0.,0.,1.));
#38 = DIRECTION('',(1.,0.,0.));
#39 = AXIS2_PLACEMENT_3D('',#40,#41,#42);
#40 = CARTESIAN_POINT('',(0.,0.,0.));
#41 = DIRECTION('',(0.,0.,1.));
#42 = DIRECTION('',(1.,0.,0.));
#43 = AXIS2_PLACEMENT_3D('',#44,#45,#46);
#44 = CARTESIAN_POINT('',(0.,0.,0.));
#45 = DIRECTION('',(0.,0.,1.));
#46 = DIRECTION('',(1.,0.,0.));
#47 = AXIS2_PLACEMENT_3D('',#48,#49,#50);
#48 = CARTESIAN_POINT('',(0.,0.,0.));
#49 = DIRECTION('',(0.,0.,1.));
#50 = DIRECTION('',(1.,0.,0.));
#51 = AXIS2_PLACEMENT_3D('',#52,#53,#54);
#52 = CARTESIAN_POINT('',(0.,0.,0.));
#53 = DIRECTION('',(0.,0.,1.));
#54 = DIRECTION('',(1.,0.,0.));
#55 = AXIS2_PLACEMENT_3D('',#56,#57,#58);
#56 = CARTESIAN_POINT('',(0.,0.,0.));
#57 = DIRECTION('',(0.,0.,1.));
#58 = DIRECTION('',(1.,0.,0.));
#59 = AXIS2_PLACEMENT_3D('',#60,#61,#62);
#60 = CARTESIAN_POINT('',(0.,0.,0.));
#61 = DIRECTION('',(0.,0.,1.));
#62 = DIRECTION('',(1.,0.,0.));
#63 = AXIS2_PLACEMENT_3D('',#64,#65,#66);
#64 = CARTESIAN_POINT('',(0.,0.,0.));
#65 = DIRECTION('',(0.,0.,1.));
#66 = DIRECTION('',(1.,0.,0.));
#67 = AXIS2_PLACEMENT_3D('',#68,#69,#70);
#68 = CARTESIAN_POINT('',(0.,0.,0.));
#69 = DIRECTION('',(0.,0.,1.));
#70 = DIRECTION('',(1.,0.,0.));
#71 = AXIS2_PLACEMENT_3D('',#72,#73,#74);
#72 = CARTESIAN_POINT('',(0.,0.,0.));
#73 = DIRECTION('',(0.,0.,1.));
#74 = DIRECTION('',(1.,0.,0.));
#75 = AXIS2_PLACEMENT_3D('',#76,#77,#78);
#76 = CARTESIAN_POINT('',(0.,0.,0.));
#77 = DIRECTION('',(0.,0.,1.));
#78 = DIRECTION('',(1.,0.,0.));
#79 = AXIS2_PLACEMENT_3D('',#80,#81,#82);
#80 = CARTESIAN_POINT('',(0.,0.,0.));
#81 = DIRECTION('',(0.,0.,1.));
#82 = DIRECTION('',(1.,0.,0.));
#83 = AXIS2_PLACEMENT_3D('',#84,#85,#86);
#84 = CARTESIAN_POINT('',(0.,0.,0.));
#85 = DIRECTION('',(0.,0.,1.));
#86 = DIRECTION('',(1.,0.,0.));
#87 = ( GEOMETRIC_REPRESENTATION_CONTEXT(3) 
GLOBAL_UNCERTAINTY_ASSIGNED_CONTEXT((#91)) GLOBAL_UNIT_ASSIGNED_CONTEXT(
(#88,#89,#90)) REPRESENTATION_CONTEXT('Context #1',
  '3D Context with UNIT and UNCERTAINTY') );
#88 = ( LENGTH_UNIT() NAMED_UNIT(*) SI_UNIT(.MILLI.,.METRE.) );
#89 = ( NAMED_UNIT(*) PLANE_ANGLE_UNIT() SI_UNIT($,.RADIAN.) );
#90 = ( NAMED_UNIT(*) SI_UNIT($,.STERADIAN.) SOLID_ANGLE_UNIT() );
#91 = UNCERTAINTY_MEASURE_WITH_UNIT(LENGTH_MEASURE(5.E-03),#88,
  'distance_accuracy_value','confusion accuracy');
#92 = PRODUCT_RELATED_PRODUCT_CATEGORY('part',$,(#7));
#93 = SHAPE_DEFINITION_REPRESENTATION(#94,#100);
#94 = PRODUCT_DEFINITION_SHAPE('','',#95);
#95 = PRODUCT_DEFINITION('design','',#96,#99);
#96 = PRODUCT_DEFINITION_FORMATION('','',#97);
#97 = PRODUCT('SW-SMD_SSSS811101~SW-TH_SSSS811101~VVTr',
  'SW-SMD_SSSS811101~SW-TH_SSSS811101~VVTr','',(#98));
#98 = PRODUCT_CONTEXT('',#2,'mechanical');
#99 = PRODUCT_DEFINITION_CONTEXT('part definition',#2,'design');
#100 = ADVANCED_BREP_SHAPE_REPRESENTATION('',(#11,#101),#515);
#101 = MANIFOLD_SOLID_BREP('',#102);
#102 = CLOSED_SHELL('',(#103,#143,#174,#205,#236,#267,#298,#329,#360,
    #391,#422,#453,#475,#495));
#103 = ADVANCED_FACE('',(#104),#138,.F.);
#104 = FACE_BOUND('',#105,.T.);
#105 = EDGE_LOOP('',(#106,#116,#124,#132));
#106 = ORIENTED_EDGE('',*,*,#107,.T.);
#107 = EDGE_CURVE('',#108,#110,#112,.T.);
#108 = VERTEX_POINT('',#109);
#109 = CARTESIAN_POINT('',(2.837499952316,0.841021034358,1.249999976158)
  );
#110 = VERTEX_POINT('',#111);
#111 = CARTESIAN_POINT('',(-2.862500047684,0.841021034358,1.249999976158
    ));
#112 = LINE('',#113,#114);
#113 = CARTESIAN_POINT('',(2.837499952316,0.841021034358,1.249999976158)
  );
#114 = VECTOR('',#115,1.);
#115 = DIRECTION('',(-1.,-1.141265444722E-16,0.));
#116 = ORIENTED_EDGE('',*,*,#117,.F.);
#117 = EDGE_CURVE('',#118,#110,#120,.T.);
#118 = VERTEX_POINT('',#119);
#119 = CARTESIAN_POINT('',(-2.862500047684,0.841021034358,1.399999976158
    ));
#120 = LINE('',#121,#122);
#121 = CARTESIAN_POINT('',(-2.862500047684,0.841021034358,1.399999976158
    ));
#122 = VECTOR('',#123,1.);
#123 = DIRECTION('',(-0.,-0.,-1.));
#124 = ORIENTED_EDGE('',*,*,#125,.F.);
#125 = EDGE_CURVE('',#126,#118,#128,.T.);
#126 = VERTEX_POINT('',#127);
#127 = CARTESIAN_POINT('',(2.837499952316,0.841021034358,1.399999976158)
  );
#128 = LINE('',#129,#130);
#129 = CARTESIAN_POINT('',(2.837499952316,0.841021034358,1.399999976158)
  );
#130 = VECTOR('',#131,1.);
#131 = DIRECTION('',(-1.,-1.141265444722E-16,0.));
#132 = ORIENTED_EDGE('',*,*,#133,.T.);
#133 = EDGE_CURVE('',#126,#108,#134,.T.);
#134 = LINE('',#135,#136);
#135 = CARTESIAN_POINT('',(2.837499952316,0.841021034358,1.399999976158)
  );
#136 = VECTOR('',#137,1.);
#137 = DIRECTION('',(-0.,-0.,-1.));
#138 = PLANE('',#139);
#139 = AXIS2_PLACEMENT_3D('',#140,#141,#142);
#140 = CARTESIAN_POINT('',(2.837499952316,0.841021034358,1.399999976158)
  );
#141 = DIRECTION('',(1.141265444722E-16,-1.,0.));
#142 = DIRECTION('',(1.,1.141265444722E-16,0.));
#143 = ADVANCED_FACE('',(#144),#169,.F.);
#144 = FACE_BOUND('',#145,.T.);
#145 = EDGE_LOOP('',(#146,#154,#162,#168));
#146 = ORIENTED_EDGE('',*,*,#147,.T.);
#147 = EDGE_CURVE('',#110,#148,#150,.T.);
#148 = VERTEX_POINT('',#149);
#149 = CARTESIAN_POINT('',(-2.862500047684,0.141021034358,1.249999976158
    ));
#150 = LINE('',#151,#152);
#151 = CARTESIAN_POINT('',(-2.862500047684,0.841021034358,1.249999976158
    ));
#152 = VECTOR('',#153,1.);
#153 = DIRECTION('',(-6.195440985631E-16,-1.,0.));
#154 = ORIENTED_EDGE('',*,*,#155,.F.);
#155 = EDGE_CURVE('',#156,#148,#158,.T.);
#156 = VERTEX_POINT('',#157);
#157 = CARTESIAN_POINT('',(-2.862500047684,0.141021034358,1.399999976158
    ));
#158 = LINE('',#159,#160);
#159 = CARTESIAN_POINT('',(-2.862500047684,0.141021034358,1.399999976158
    ));
#160 = VECTOR('',#161,1.);
#161 = DIRECTION('',(-0.,-0.,-1.));
#162 = ORIENTED_EDGE('',*,*,#163,.F.);
#163 = EDGE_CURVE('',#118,#156,#164,.T.);
#164 = LINE('',#165,#166);
#165 = CARTESIAN_POINT('',(-2.862500047684,0.841021034358,1.399999976158
    ));
#166 = VECTOR('',#167,1.);
#167 = DIRECTION('',(-6.195440985631E-16,-1.,0.));
#168 = ORIENTED_EDGE('',*,*,#117,.T.);
#169 = PLANE('',#170);
#170 = AXIS2_PLACEMENT_3D('',#171,#172,#173);
#171 = CARTESIAN_POINT('',(-2.862500047684,0.841021034358,1.399999976158
    ));
#172 = DIRECTION('',(1.,-6.195440985631E-16,0.));
#173 = DIRECTION('',(6.195440985631E-16,1.,0.));
#174 = ADVANCED_FACE('',(#175),#200,.F.);
#175 = FACE_BOUND('',#176,.T.);
#176 = EDGE_LOOP('',(#177,#185,#193,#199));
#177 = ORIENTED_EDGE('',*,*,#178,.T.);
#178 = EDGE_CURVE('',#148,#179,#181,.T.);
#179 = VERTEX_POINT('',#180);
#180 = CARTESIAN_POINT('',(-3.212500047684,0.141021034358,1.249999976158
    ));
#181 = LINE('',#182,#183);
#182 = CARTESIAN_POINT('',(-2.862500047684,0.141021034358,1.249999976158
    ));
#183 = VECTOR('',#184,1.);
#184 = DIRECTION('',(-1.,0.,0.));
#185 = ORIENTED_EDGE('',*,*,#186,.F.);
#186 = EDGE_CURVE('',#187,#179,#189,.T.);
#187 = VERTEX_POINT('',#188);
#188 = CARTESIAN_POINT('',(-3.212500047684,0.141021034358,1.399999976158
    ));
#189 = LINE('',#190,#191);
#190 = CARTESIAN_POINT('',(-3.212500047684,0.141021034358,1.399999976158
    ));
#191 = VECTOR('',#192,1.);
#192 = DIRECTION('',(-0.,-0.,-1.));
#193 = ORIENTED_EDGE('',*,*,#194,.F.);
#194 = EDGE_CURVE('',#156,#187,#195,.T.);
#195 = LINE('',#196,#197);
#196 = CARTESIAN_POINT('',(-2.862500047684,0.141021034358,1.399999976158
    ));
#197 = VECTOR('',#198,1.);
#198 = DIRECTION('',(-1.,0.,0.));
#199 = ORIENTED_EDGE('',*,*,#155,.T.);
#200 = PLANE('',#201);
#201 = AXIS2_PLACEMENT_3D('',#202,#203,#204);
#202 = CARTESIAN_POINT('',(-2.862500047684,0.141021034358,1.399999976158
    ));
#203 = DIRECTION('',(0.,-1.,0.));
#204 = DIRECTION('',(0.,0.,-1.));
#205 = ADVANCED_FACE('',(#206),#231,.F.);
#206 = FACE_BOUND('',#207,.T.);
#207 = EDGE_LOOP('',(#208,#216,#224,#230));
#208 = ORIENTED_EDGE('',*,*,#209,.T.);
#209 = EDGE_CURVE('',#179,#210,#212,.T.);
#210 = VERTEX_POINT('',#211);
#211 = CARTESIAN_POINT('',(-3.212500047684,-1.058978965642,
    1.249999976158));
#212 = LINE('',#213,#214);
#213 = CARTESIAN_POINT('',(-3.212500047684,0.141021034358,1.249999976158
    ));
#214 = VECTOR('',#215,1.);
#215 = DIRECTION('',(0.,-1.,0.));
#216 = ORIENTED_EDGE('',*,*,#217,.F.);
#217 = EDGE_CURVE('',#218,#210,#220,.T.);
#218 = VERTEX_POINT('',#219);
#219 = CARTESIAN_POINT('',(-3.212500047684,-1.058978965642,
    1.399999976158));
#220 = LINE('',#221,#222);
#221 = CARTESIAN_POINT('',(-3.212500047684,-1.058978965642,
    1.399999976158));
#222 = VECTOR('',#223,1.);
#223 = DIRECTION('',(-0.,-0.,-1.));
#224 = ORIENTED_EDGE('',*,*,#225,.F.);
#225 = EDGE_CURVE('',#187,#218,#226,.T.);
#226 = LINE('',#227,#228);
#227 = CARTESIAN_POINT('',(-3.212500047684,0.141021034358,1.399999976158
    ));
#228 = VECTOR('',#229,1.);
#229 = DIRECTION('',(0.,-1.,0.));
#230 = ORIENTED_EDGE('',*,*,#186,.T.);
#231 = PLANE('',#232);
#232 = AXIS2_PLACEMENT_3D('',#233,#234,#235);
#233 = CARTESIAN_POINT('',(-3.212500047684,0.141021034358,1.399999976158
    ));
#234 = DIRECTION('',(1.,0.,0.));
#235 = DIRECTION('',(0.,0.,-1.));
#236 = ADVANCED_FACE('',(#237),#262,.F.);
#237 = FACE_BOUND('',#238,.T.);
#238 = EDGE_LOOP('',(#239,#247,#255,#261));
#239 = ORIENTED_EDGE('',*,*,#240,.T.);
#240 = EDGE_CURVE('',#210,#241,#243,.T.);
#241 = VERTEX_POINT('',#242);
#242 = CARTESIAN_POINT('',(-2.862500047684,-1.058978965642,
    1.249999976158));
#243 = LINE('',#244,#245);
#244 = CARTESIAN_POINT('',(-3.212500047684,-1.058978965642,
    1.249999976158));
#245 = VECTOR('',#246,1.);
#246 = DIRECTION('',(1.,0.,0.));
#247 = ORIENTED_EDGE('',*,*,#248,.F.);
#248 = EDGE_CURVE('',#249,#241,#251,.T.);
#249 = VERTEX_POINT('',#250);
#250 = CARTESIAN_POINT('',(-2.862500047684,-1.058978965642,
    1.399999976158));
#251 = LINE('',#252,#253);
#252 = CARTESIAN_POINT('',(-2.862500047684,-1.058978965642,
    1.399999976158));
#253 = VECTOR('',#254,1.);
#254 = DIRECTION('',(-0.,-0.,-1.));
#255 = ORIENTED_EDGE('',*,*,#256,.F.);
#256 = EDGE_CURVE('',#218,#249,#257,.T.);
#257 = LINE('',#258,#259);
#258 = CARTESIAN_POINT('',(-3.212500047684,-1.058978965642,
    1.399999976158));
#259 = VECTOR('',#260,1.);
#260 = DIRECTION('',(1.,0.,0.));
#261 = ORIENTED_EDGE('',*,*,#217,.T.);
#262 = PLANE('',#263);
#263 = AXIS2_PLACEMENT_3D('',#264,#265,#266);
#264 = CARTESIAN_POINT('',(-3.212500047684,-1.058978965642,
    1.399999976158));
#265 = DIRECTION('',(0.,1.,0.));
#266 = DIRECTION('',(0.,-0.,1.));
#267 = ADVANCED_FACE('',(#268),#293,.F.);
#268 = FACE_BOUND('',#269,.T.);
#269 = EDGE_LOOP('',(#270,#278,#286,#292));
#270 = ORIENTED_EDGE('',*,*,#271,.T.);
#271 = EDGE_CURVE('',#241,#272,#274,.T.);
#272 = VERTEX_POINT('',#273);
#273 = CARTESIAN_POINT('',(-2.862500047684,-1.758978965642,
    1.249999976158));
#274 = LINE('',#275,#276);
#275 = CARTESIAN_POINT('',(-2.862500047684,-1.058978965642,
    1.249999976158));
#276 = VECTOR('',#277,1.);
#277 = DIRECTION('',(-6.195440985631E-16,-1.,0.));
#278 = ORIENTED_EDGE('',*,*,#279,.F.);
#279 = EDGE_CURVE('',#280,#272,#282,.T.);
#280 = VERTEX_POINT('',#281);
#281 = CARTESIAN_POINT('',(-2.862500047684,-1.758978965642,
    1.399999976158));
#282 = LINE('',#283,#284);
#283 = CARTESIAN_POINT('',(-2.862500047684,-1.758978965642,
    1.399999976158));
#284 = VECTOR('',#285,1.);
#285 = DIRECTION('',(-0.,-0.,-1.));
#286 = ORIENTED_EDGE('',*,*,#287,.F.);
#287 = EDGE_CURVE('',#249,#280,#288,.T.);
#288 = LINE('',#289,#290);
#289 = CARTESIAN_POINT('',(-2.862500047684,-1.058978965642,
    1.399999976158));
#290 = VECTOR('',#291,1.);
#291 = DIRECTION('',(-6.195440985631E-16,-1.,0.));
#292 = ORIENTED_EDGE('',*,*,#248,.T.);
#293 = PLANE('',#294);
#294 = AXIS2_PLACEMENT_3D('',#295,#296,#297);
#295 = CARTESIAN_POINT('',(-2.862500047684,-1.058978965642,
    1.399999976158));
#296 = DIRECTION('',(1.,-6.195440985631E-16,0.));
#297 = DIRECTION('',(6.195440985631E-16,1.,0.));
#298 = ADVANCED_FACE('',(#299),#324,.F.);
#299 = FACE_BOUND('',#300,.T.);
#300 = EDGE_LOOP('',(#301,#309,#317,#323));
#301 = ORIENTED_EDGE('',*,*,#302,.T.);
#302 = EDGE_CURVE('',#272,#303,#305,.T.);
#303 = VERTEX_POINT('',#304);
#304 = CARTESIAN_POINT('',(2.837499952316,-1.758978965642,1.249999976158
    ));
#305 = LINE('',#306,#307);
#306 = CARTESIAN_POINT('',(-2.862500047684,-1.758978965642,
    1.249999976158));
#307 = VECTOR('',#308,1.);
#308 = DIRECTION('',(1.,1.141265444722E-16,0.));
#309 = ORIENTED_EDGE('',*,*,#310,.F.);
#310 = EDGE_CURVE('',#311,#303,#313,.T.);
#311 = VERTEX_POINT('',#312);
#312 = CARTESIAN_POINT('',(2.837499952316,-1.758978965642,1.399999976158
    ));
#313 = LINE('',#314,#315);
#314 = CARTESIAN_POINT('',(2.837499952316,-1.758978965642,1.399999976158
    ));
#315 = VECTOR('',#316,1.);
#316 = DIRECTION('',(-0.,-0.,-1.));
#317 = ORIENTED_EDGE('',*,*,#318,.F.);
#318 = EDGE_CURVE('',#280,#311,#319,.T.);
#319 = LINE('',#320,#321);
#320 = CARTESIAN_POINT('',(-2.862500047684,-1.758978965642,
    1.399999976158));
#321 = VECTOR('',#322,1.);
#322 = DIRECTION('',(1.,1.141265444722E-16,0.));
#323 = ORIENTED_EDGE('',*,*,#279,.T.);
#324 = PLANE('',#325);
#325 = AXIS2_PLACEMENT_3D('',#326,#327,#328);
#326 = CARTESIAN_POINT('',(-2.862500047684,-1.758978965642,
    1.399999976158));
#327 = DIRECTION('',(-1.141265444722E-16,1.,0.));
#328 = DIRECTION('',(-1.,-1.141265444722E-16,0.));
#329 = ADVANCED_FACE('',(#330),#355,.F.);
#330 = FACE_BOUND('',#331,.T.);
#331 = EDGE_LOOP('',(#332,#340,#348,#354));
#332 = ORIENTED_EDGE('',*,*,#333,.T.);
#333 = EDGE_CURVE('',#303,#334,#336,.T.);
#334 = VERTEX_POINT('',#335);
#335 = CARTESIAN_POINT('',(2.837499952316,-1.058978965642,1.249999976158
    ));
#336 = LINE('',#337,#338);
#337 = CARTESIAN_POINT('',(2.837499952316,-1.758978965642,1.249999976158
    ));
#338 = VECTOR('',#339,1.);
#339 = DIRECTION('',(-6.195440985631E-16,1.,0.));
#340 = ORIENTED_EDGE('',*,*,#341,.F.);
#341 = EDGE_CURVE('',#342,#334,#344,.T.);
#342 = VERTEX_POINT('',#343);
#343 = CARTESIAN_POINT('',(2.837499952316,-1.058978965642,1.399999976158
    ));
#344 = LINE('',#345,#346);
#345 = CARTESIAN_POINT('',(2.837499952316,-1.058978965642,1.399999976158
    ));
#346 = VECTOR('',#347,1.);
#347 = DIRECTION('',(-0.,-0.,-1.));
#348 = ORIENTED_EDGE('',*,*,#349,.F.);
#349 = EDGE_CURVE('',#311,#342,#350,.T.);
#350 = LINE('',#351,#352);
#351 = CARTESIAN_POINT('',(2.837499952316,-1.758978965642,1.399999976158
    ));
#352 = VECTOR('',#353,1.);
#353 = DIRECTION('',(-6.195440985631E-16,1.,0.));
#354 = ORIENTED_EDGE('',*,*,#310,.T.);
#355 = PLANE('',#356);
#356 = AXIS2_PLACEMENT_3D('',#357,#358,#359);
#357 = CARTESIAN_POINT('',(2.837499952316,-1.758978965642,1.399999976158
    ));
#358 = DIRECTION('',(-1.,-6.195440985631E-16,0.));
#359 = DIRECTION('',(6.195440985631E-16,-1.,0.));
#360 = ADVANCED_FACE('',(#361),#386,.F.);
#361 = FACE_BOUND('',#362,.T.);
#362 = EDGE_LOOP('',(#363,#371,#379,#385));
#363 = ORIENTED_EDGE('',*,*,#364,.T.);
#364 = EDGE_CURVE('',#334,#365,#367,.T.);
#365 = VERTEX_POINT('',#366);
#366 = CARTESIAN_POINT('',(3.187499952316,-1.058978965642,1.249999976158
    ));
#367 = LINE('',#368,#369);
#368 = CARTESIAN_POINT('',(2.837499952316,-1.058978965642,1.249999976158
    ));
#369 = VECTOR('',#370,1.);
#370 = DIRECTION('',(1.,3.097720492816E-16,0.));
#371 = ORIENTED_EDGE('',*,*,#372,.F.);
#372 = EDGE_CURVE('',#373,#365,#375,.T.);
#373 = VERTEX_POINT('',#374);
#374 = CARTESIAN_POINT('',(3.187499952316,-1.058978965642,1.399999976158
    ));
#375 = LINE('',#376,#377);
#376 = CARTESIAN_POINT('',(3.187499952316,-1.058978965642,1.399999976158
    ));
#377 = VECTOR('',#378,1.);
#378 = DIRECTION('',(-0.,-0.,-1.));
#379 = ORIENTED_EDGE('',*,*,#380,.F.);
#380 = EDGE_CURVE('',#342,#373,#381,.T.);
#381 = LINE('',#382,#383);
#382 = CARTESIAN_POINT('',(2.837499952316,-1.058978965642,1.399999976158
    ));
#383 = VECTOR('',#384,1.);
#384 = DIRECTION('',(1.,3.097720492816E-16,0.));
#385 = ORIENTED_EDGE('',*,*,#341,.T.);
#386 = PLANE('',#387);
#387 = AXIS2_PLACEMENT_3D('',#388,#389,#390);
#388 = CARTESIAN_POINT('',(2.837499952316,-1.058978965642,1.399999976158
    ));
#389 = DIRECTION('',(-3.097720492816E-16,1.,0.));
#390 = DIRECTION('',(-1.,-3.097720492816E-16,0.));
#391 = ADVANCED_FACE('',(#392),#417,.F.);
#392 = FACE_BOUND('',#393,.T.);
#393 = EDGE_LOOP('',(#394,#402,#410,#416));
#394 = ORIENTED_EDGE('',*,*,#395,.T.);
#395 = EDGE_CURVE('',#365,#396,#398,.T.);
#396 = VERTEX_POINT('',#397);
#397 = CARTESIAN_POINT('',(3.187499952316,0.141021034358,1.249999976158)
  );
#398 = LINE('',#399,#400);
#399 = CARTESIAN_POINT('',(3.187499952316,-1.058978965642,1.249999976158
    ));
#400 = VECTOR('',#401,1.);
#401 = DIRECTION('',(-7.228014483237E-16,1.,0.));
#402 = ORIENTED_EDGE('',*,*,#403,.F.);
#403 = EDGE_CURVE('',#404,#396,#406,.T.);
#404 = VERTEX_POINT('',#405);
#405 = CARTESIAN_POINT('',(3.187499952316,0.141021034358,1.399999976158)
  );
#406 = LINE('',#407,#408);
#407 = CARTESIAN_POINT('',(3.187499952316,0.141021034358,1.399999976158)
  );
#408 = VECTOR('',#409,1.);
#409 = DIRECTION('',(-0.,-0.,-1.));
#410 = ORIENTED_EDGE('',*,*,#411,.F.);
#411 = EDGE_CURVE('',#373,#404,#412,.T.);
#412 = LINE('',#413,#414);
#413 = CARTESIAN_POINT('',(3.187499952316,-1.058978965642,1.399999976158
    ));
#414 = VECTOR('',#415,1.);
#415 = DIRECTION('',(-7.228014483237E-16,1.,0.));
#416 = ORIENTED_EDGE('',*,*,#372,.T.);
#417 = PLANE('',#418);
#418 = AXIS2_PLACEMENT_3D('',#419,#420,#421);
#419 = CARTESIAN_POINT('',(3.187499952316,-1.058978965642,1.399999976158
    ));
#420 = DIRECTION('',(-1.,-7.228014483237E-16,0.));
#421 = DIRECTION('',(7.228014483237E-16,-1.,0.));
#422 = ADVANCED_FACE('',(#423),#448,.F.);
#423 = FACE_BOUND('',#424,.T.);
#424 = EDGE_LOOP('',(#425,#433,#441,#447));
#425 = ORIENTED_EDGE('',*,*,#426,.T.);
#426 = EDGE_CURVE('',#396,#427,#429,.T.);
#427 = VERTEX_POINT('',#428);
#428 = CARTESIAN_POINT('',(2.837499952316,0.141021034358,1.249999976158)
  );
#429 = LINE('',#430,#431);
#430 = CARTESIAN_POINT('',(3.187499952316,0.141021034358,1.249999976158)
  );
#431 = VECTOR('',#432,1.);
#432 = DIRECTION('',(-1.,-3.097720492816E-16,0.));
#433 = ORIENTED_EDGE('',*,*,#434,.F.);
#434 = EDGE_CURVE('',#435,#427,#437,.T.);
#435 = VERTEX_POINT('',#436);
#436 = CARTESIAN_POINT('',(2.837499952316,0.141021034358,1.399999976158)
  );
#437 = LINE('',#438,#439);
#438 = CARTESIAN_POINT('',(2.837499952316,0.141021034358,1.399999976158)
  );
#439 = VECTOR('',#440,1.);
#440 = DIRECTION('',(-0.,-0.,-1.));
#441 = ORIENTED_EDGE('',*,*,#442,.F.);
#442 = EDGE_CURVE('',#404,#435,#443,.T.);
#443 = LINE('',#444,#445);
#444 = CARTESIAN_POINT('',(3.187499952316,0.141021034358,1.399999976158)
  );
#445 = VECTOR('',#446,1.);
#446 = DIRECTION('',(-1.,-3.097720492816E-16,0.));
#447 = ORIENTED_EDGE('',*,*,#403,.T.);
#448 = PLANE('',#449);
#449 = AXIS2_PLACEMENT_3D('',#450,#451,#452);
#450 = CARTESIAN_POINT('',(3.187499952316,0.141021034358,1.399999976158)
  );
#451 = DIRECTION('',(3.097720492816E-16,-1.,0.));
#452 = DIRECTION('',(1.,3.097720492816E-16,0.));
#453 = ADVANCED_FACE('',(#454),#470,.F.);
#454 = FACE_BOUND('',#455,.T.);
#455 = EDGE_LOOP('',(#456,#462,#463,#469));
#456 = ORIENTED_EDGE('',*,*,#457,.T.);
#457 = EDGE_CURVE('',#427,#108,#458,.T.);
#458 = LINE('',#459,#460);
#459 = CARTESIAN_POINT('',(2.837499952316,0.141021034358,1.249999976158)
  );
#460 = VECTOR('',#461,1.);
#461 = DIRECTION('',(-6.195440985631E-16,1.,0.));
#462 = ORIENTED_EDGE('',*,*,#133,.F.);
#463 = ORIENTED_EDGE('',*,*,#464,.F.);
#464 = EDGE_CURVE('',#435,#126,#465,.T.);
#465 = LINE('',#466,#467);
#466 = CARTESIAN_POINT('',(2.837499952316,0.141021034358,1.399999976158)
  );
#467 = VECTOR('',#468,1.);
#468 = DIRECTION('',(-6.195440985631E-16,1.,0.));
#469 = ORIENTED_EDGE('',*,*,#434,.T.);
#470 = PLANE('',#471);
#471 = AXIS2_PLACEMENT_3D('',#472,#473,#474);
#472 = CARTESIAN_POINT('',(2.837499952316,0.141021034358,1.399999976158)
  );
#473 = DIRECTION('',(-1.,-6.195440985631E-16,0.));
#474 = DIRECTION('',(6.195440985631E-16,-1.,0.));
#475 = ADVANCED_FACE('',(#476),#490,.T.);
#476 = FACE_BOUND('',#477,.T.);
#477 = EDGE_LOOP('',(#478,#479,#480,#481,#482,#483,#484,#485,#486,#487,
    #488,#489));
#478 = ORIENTED_EDGE('',*,*,#125,.T.);
#479 = ORIENTED_EDGE('',*,*,#163,.T.);
#480 = ORIENTED_EDGE('',*,*,#194,.T.);
#481 = ORIENTED_EDGE('',*,*,#225,.T.);
#482 = ORIENTED_EDGE('',*,*,#256,.T.);
#483 = ORIENTED_EDGE('',*,*,#287,.T.);
#484 = ORIENTED_EDGE('',*,*,#318,.T.);
#485 = ORIENTED_EDGE('',*,*,#349,.T.);
#486 = ORIENTED_EDGE('',*,*,#380,.T.);
#487 = ORIENTED_EDGE('',*,*,#411,.T.);
#488 = ORIENTED_EDGE('',*,*,#442,.T.);
#489 = ORIENTED_EDGE('',*,*,#464,.T.);
#490 = PLANE('',#491);
#491 = AXIS2_PLACEMENT_3D('',#492,#493,#494);
#492 = CARTESIAN_POINT('',(-1.250004768372E-02,-0.458978965642,
    1.399999976158));
#493 = DIRECTION('',(0.,0.,1.));
#494 = DIRECTION('',(1.,0.,-0.));
#495 = ADVANCED_FACE('',(#496),#510,.F.);
#496 = FACE_BOUND('',#497,.T.);
#497 = EDGE_LOOP('',(#498,#499,#500,#501,#502,#503,#504,#505,#506,#507,
    #508,#509));
#498 = ORIENTED_EDGE('',*,*,#107,.F.);
#499 = ORIENTED_EDGE('',*,*,#457,.F.);
#500 = ORIENTED_EDGE('',*,*,#426,.F.);
#501 = ORIENTED_EDGE('',*,*,#395,.F.);
#502 = ORIENTED_EDGE('',*,*,#364,.F.);
#503 = ORIENTED_EDGE('',*,*,#333,.F.);
#504 = ORIENTED_EDGE('',*,*,#302,.F.);
#505 = ORIENTED_EDGE('',*,*,#271,.F.);
#506 = ORIENTED_EDGE('',*,*,#240,.F.);
#507 = ORIENTED_EDGE('',*,*,#209,.F.);
#508 = ORIENTED_EDGE('',*,*,#178,.F.);
#509 = ORIENTED_EDGE('',*,*,#147,.F.);
#510 = PLANE('',#511);
#511 = AXIS2_PLACEMENT_3D('',#512,#513,#514);
#512 = CARTESIAN_POINT('',(-1.250004768372E-02,-0.458978965642,
    1.249999976158));
#513 = DIRECTION('',(0.,0.,1.));
#514 = DIRECTION('',(1.,0.,-0.));
#515 = ( GEOMETRIC_REPRESENTATION_CONTEXT(3) 
GLOBAL_UNCERTAINTY_ASSIGNED_CONTEXT((#519)) GLOBAL_UNIT_ASSIGNED_CONTEXT
((#516,#517,#518)) REPRESENTATION_CONTEXT('Context #1',
  '3D Context with UNIT and UNCERTAINTY') );
#516 = ( LENGTH_UNIT() NAMED_UNIT(*) SI_UNIT(.MILLI.,.METRE.) );
#517 = ( NAMED_UNIT(*) PLANE_ANGLE_UNIT() SI_UNIT($,.RADIAN.) );
#518 = ( NAMED_UNIT(*) SI_UNIT($,.STERADIAN.) SOLID_ANGLE_UNIT() );
#519 = UNCERTAINTY_MEASURE_WITH_UNIT(LENGTH_MEASURE(1.E-07),#516,
  'distance_accuracy_value','confusion accuracy');
#520 = CONTEXT_DEPENDENT_SHAPE_REPRESENTATION(#521,#523);
#521 = ( REPRESENTATION_RELATIONSHIP('','',#100,#10) 
REPRESENTATION_RELATIONSHIP_WITH_TRANSFORMATION(#522) 
SHAPE_REPRESENTATION_RELATIONSHIP() );
#522 = ITEM_DEFINED_TRANSFORMATION('','',#11,#15);
#523 = PRODUCT_DEFINITION_SHAPE('Placement','Placement of an item',#524
  );
#524 = NEXT_ASSEMBLY_USAGE_OCCURRENCE('1',
  'SW-SMD_SSSS811101~SW-TH_SSSS811101~VVTr','',#5,#95,$);
#525 = PRODUCT_RELATED_PRODUCT_CATEGORY('part',$,(#97));
#526 = SHAPE_DEFINITION_REPRESENTATION(#527,#533);
#527 = PRODUCT_DEFINITION_SHAPE('','',#528);
#528 = PRODUCT_DEFINITION('design','',#529,#532);
#529 = PRODUCT_DEFINITION_FORMATION('','',#530);
#530 = PRODUCT('SW-SMD_SSSS811101~SW-TH_SSSS811101~VVTr001',
  'SW-SMD_SSSS811101~SW-TH_SSSS811101~VVTr001','',(#531));
#531 = PRODUCT_CONTEXT('',#2,'mechanical');
#532 = PRODUCT_DEFINITION_CONTEXT('part definition',#2,'design');
#533 = ADVANCED_BREP_SHAPE_REPRESENTATION('',(#11,#534),#818);
#534 = MANIFOLD_SOLID_BREP('',#535);
#535 = CLOSED_SHELL('',(#536,#577,#608,#639,#670,#701,#732,#764,#785,
    #806));
#536 = ADVANCED_FACE('',(#537),#572,.F.);
#537 = FACE_BOUND('',#538,.T.);
#538 = EDGE_LOOP('',(#539,#549,#558,#566));
#539 = ORIENTED_EDGE('',*,*,#540,.F.);
#540 = EDGE_CURVE('',#541,#543,#545,.T.);
#541 = VERTEX_POINT('',#542);
#542 = CARTESIAN_POINT('',(-3.362500047684,9.102103435845E-02,
    1.206350808848));
#543 = VERTEX_POINT('',#544);
#544 = CARTESIAN_POINT('',(-3.362500047684,9.102103435845E-02,
    0.299999976158));
#545 = LINE('',#546,#547);
#546 = CARTESIAN_POINT('',(-3.362500047684,9.102103435845E-02,
    1.399999976158));
#547 = VECTOR('',#548,1.);
#548 = DIRECTION('',(0.,-9.856383386232E-17,-1.));
#549 = ORIENTED_EDGE('',*,*,#550,.T.);
#550 = EDGE_CURVE('',#541,#551,#553,.T.);
#551 = VERTEX_POINT('',#552);
#552 = CARTESIAN_POINT('',(-3.212500047684,9.102103435845E-02,
    1.399999976158));
#553 = CIRCLE('',#554,0.2);
#554 = AXIS2_PLACEMENT_3D('',#555,#556,#557);
#555 = CARTESIAN_POINT('',(-3.162500047684,9.102103435845E-02,
    1.206350808848));
#556 = DIRECTION('',(0.,1.,-9.856383386232E-17));
#557 = DIRECTION('',(0.,-9.856383386232E-17,-1.));
#558 = ORIENTED_EDGE('',*,*,#559,.T.);
#559 = EDGE_CURVE('',#551,#560,#562,.T.);
#560 = VERTEX_POINT('',#561);
#561 = CARTESIAN_POINT('',(-3.212500047684,9.102103435845E-02,
    0.299999976158));
#562 = LINE('',#563,#564);
#563 = CARTESIAN_POINT('',(-3.212500047684,9.102103435845E-02,
    1.399999976158));
#564 = VECTOR('',#565,1.);
#565 = DIRECTION('',(0.,-9.856383386232E-17,-1.));
#566 = ORIENTED_EDGE('',*,*,#567,.F.);
#567 = EDGE_CURVE('',#543,#560,#568,.T.);
#568 = LINE('',#569,#570);
#569 = CARTESIAN_POINT('',(-3.362500047684,9.102103435845E-02,
    0.299999976158));
#570 = VECTOR('',#571,1.);
#571 = DIRECTION('',(1.,0.,0.));
#572 = PLANE('',#573);
#573 = AXIS2_PLACEMENT_3D('',#574,#575,#576);
#574 = CARTESIAN_POINT('',(-3.362500047684,9.102103435845E-02,
    1.399999976158));
#575 = DIRECTION('',(0.,-1.,9.856383386232E-17));
#576 = DIRECTION('',(0.,-9.856383386232E-17,-1.));
#577 = ADVANCED_FACE('',(#578),#603,.F.);
#578 = FACE_BOUND('',#579,.T.);
#579 = EDGE_LOOP('',(#580,#588,#596,#602));
#580 = ORIENTED_EDGE('',*,*,#581,.T.);
#581 = EDGE_CURVE('',#560,#582,#584,.T.);
#582 = VERTEX_POINT('',#583);
#583 = CARTESIAN_POINT('',(-3.212500047684,0.841021034358,0.299999976158
    ));
#584 = LINE('',#585,#586);
#585 = CARTESIAN_POINT('',(-3.212500047684,9.102103435845E-02,
    0.299999976158));
#586 = VECTOR('',#587,1.);
#587 = DIRECTION('',(0.,1.,0.));
#588 = ORIENTED_EDGE('',*,*,#589,.F.);
#589 = EDGE_CURVE('',#590,#582,#592,.T.);
#590 = VERTEX_POINT('',#591);
#591 = CARTESIAN_POINT('',(-3.362500047684,0.841021034358,0.299999976158
    ));
#592 = LINE('',#593,#594);
#593 = CARTESIAN_POINT('',(-3.362500047684,0.841021034358,0.299999976158
    ));
#594 = VECTOR('',#595,1.);
#595 = DIRECTION('',(1.,0.,0.));
#596 = ORIENTED_EDGE('',*,*,#597,.F.);
#597 = EDGE_CURVE('',#543,#590,#598,.T.);
#598 = LINE('',#599,#600);
#599 = CARTESIAN_POINT('',(-3.362500047684,9.102103435845E-02,
    0.299999976158));
#600 = VECTOR('',#601,1.);
#601 = DIRECTION('',(0.,1.,0.));
#602 = ORIENTED_EDGE('',*,*,#567,.T.);
#603 = PLANE('',#604);
#604 = AXIS2_PLACEMENT_3D('',#605,#606,#607);
#605 = CARTESIAN_POINT('',(-3.362500047684,9.102103435845E-02,
    0.299999976158));
#606 = DIRECTION('',(0.,0.,-1.));
#607 = DIRECTION('',(-1.,0.,0.));
#608 = ADVANCED_FACE('',(#609),#634,.F.);
#609 = FACE_BOUND('',#610,.T.);
#610 = EDGE_LOOP('',(#611,#619,#627,#633));
#611 = ORIENTED_EDGE('',*,*,#612,.T.);
#612 = EDGE_CURVE('',#582,#613,#615,.T.);
#613 = VERTEX_POINT('',#614);
#614 = CARTESIAN_POINT('',(-3.212500047684,0.841021034358,
    -2.384185759929E-08));
#615 = LINE('',#616,#617);
#616 = CARTESIAN_POINT('',(-3.212500047684,0.841021034358,0.299999976158
    ));
#617 = VECTOR('',#618,1.);
#618 = DIRECTION('',(0.,1.445602896647E-15,-1.));
#619 = ORIENTED_EDGE('',*,*,#620,.F.);
#620 = EDGE_CURVE('',#621,#613,#623,.T.);
#621 = VERTEX_POINT('',#622);
#622 = CARTESIAN_POINT('',(-3.362500047684,0.841021034358,
    -2.384185759929E-08));
#623 = LINE('',#624,#625);
#624 = CARTESIAN_POINT('',(-3.362500047684,0.841021034358,
    -2.384185759929E-08));
#625 = VECTOR('',#626,1.);
#626 = DIRECTION('',(1.,0.,0.));
#627 = ORIENTED_EDGE('',*,*,#628,.F.);
#628 = EDGE_CURVE('',#590,#621,#629,.T.);
#629 = LINE('',#630,#631);
#630 = CARTESIAN_POINT('',(-3.362500047684,0.841021034358,0.299999976158
    ));
#631 = VECTOR('',#632,1.);
#632 = DIRECTION('',(0.,1.445602896647E-15,-1.));
#633 = ORIENTED_EDGE('',*,*,#589,.T.);
#634 = PLANE('',#635);
#635 = AXIS2_PLACEMENT_3D('',#636,#637,#638);
#636 = CARTESIAN_POINT('',(-3.362500047684,0.841021034358,0.299999976158
    ));
#637 = DIRECTION('',(0.,-1.,-1.445602896647E-15));
#638 = DIRECTION('',(0.,1.445602896647E-15,-1.));
#639 = ADVANCED_FACE('',(#640),#665,.F.);
#640 = FACE_BOUND('',#641,.T.);
#641 = EDGE_LOOP('',(#642,#650,#658,#664));
#642 = ORIENTED_EDGE('',*,*,#643,.T.);
#643 = EDGE_CURVE('',#613,#644,#646,.T.);
#644 = VERTEX_POINT('',#645);
#645 = CARTESIAN_POINT('',(-3.212500047684,-1.758978965642,
    -2.384185759929E-08));
#646 = LINE('',#647,#648);
#647 = CARTESIAN_POINT('',(-3.212500047684,0.841021034358,
    -2.384185759929E-08));
#648 = VECTOR('',#649,1.);
#649 = DIRECTION('',(0.,-1.,0.));
#650 = ORIENTED_EDGE('',*,*,#651,.F.);
#651 = EDGE_CURVE('',#652,#644,#654,.T.);
#652 = VERTEX_POINT('',#653);
#653 = CARTESIAN_POINT('',(-3.362500047684,-1.758978965642,
    -2.384185759929E-08));
#654 = LINE('',#655,#656);
#655 = CARTESIAN_POINT('',(-3.362500047684,-1.758978965642,
    -2.384185759929E-08));
#656 = VECTOR('',#657,1.);
#657 = DIRECTION('',(1.,0.,0.));
#658 = ORIENTED_EDGE('',*,*,#659,.F.);
#659 = EDGE_CURVE('',#621,#652,#660,.T.);
#660 = LINE('',#661,#662);
#661 = CARTESIAN_POINT('',(-3.362500047684,0.841021034358,
    -2.384185759929E-08));
#662 = VECTOR('',#663,1.);
#663 = DIRECTION('',(0.,-1.,0.));
#664 = ORIENTED_EDGE('',*,*,#620,.T.);
#665 = PLANE('',#666);
#666 = AXIS2_PLACEMENT_3D('',#667,#668,#669);
#667 = CARTESIAN_POINT('',(-3.362500047684,0.841021034358,
    -2.384185759929E-08));
#668 = DIRECTION('',(0.,0.,1.));
#669 = DIRECTION('',(1.,0.,-0.));
#670 = ADVANCED_FACE('',(#671),#696,.F.);
#671 = FACE_BOUND('',#672,.T.);
#672 = EDGE_LOOP('',(#673,#681,#689,#695));
#673 = ORIENTED_EDGE('',*,*,#674,.T.);
#674 = EDGE_CURVE('',#644,#675,#677,.T.);
#675 = VERTEX_POINT('',#676);
#676 = CARTESIAN_POINT('',(-3.212500047684,-1.758978965642,
    0.299999976158));
#677 = LINE('',#678,#679);
#678 = CARTESIAN_POINT('',(-3.212500047684,-1.758978965642,
    0.299999976158));
#679 = VECTOR('',#680,1.);
#680 = DIRECTION('',(0.,4.336808689942E-15,1.));
#681 = ORIENTED_EDGE('',*,*,#682,.F.);
#682 = EDGE_CURVE('',#683,#675,#685,.T.);
#683 = VERTEX_POINT('',#684);
#684 = CARTESIAN_POINT('',(-3.362500047684,-1.758978965642,
    0.299999976158));
#685 = LINE('',#686,#687);
#686 = CARTESIAN_POINT('',(-3.362500047684,-1.758978965642,
    0.299999976158));
#687 = VECTOR('',#688,1.);
#688 = DIRECTION('',(1.,0.,0.));
#689 = ORIENTED_EDGE('',*,*,#690,.F.);
#690 = EDGE_CURVE('',#652,#683,#691,.T.);
#691 = LINE('',#692,#693);
#692 = CARTESIAN_POINT('',(-3.362500047684,-1.758978965642,
    0.299999976158));
#693 = VECTOR('',#694,1.);
#694 = DIRECTION('',(0.,4.336808689942E-15,1.));
#695 = ORIENTED_EDGE('',*,*,#651,.T.);
#696 = PLANE('',#697);
#697 = AXIS2_PLACEMENT_3D('',#698,#699,#700);
#698 = CARTESIAN_POINT('',(-3.362500047684,-1.758978965642,
    0.299999976158));
#699 = DIRECTION('',(0.,1.,-4.336808689942E-15));
#700 = DIRECTION('',(0.,4.336808689942E-15,1.));
#701 = ADVANCED_FACE('',(#702),#727,.F.);
#702 = FACE_BOUND('',#703,.T.);
#703 = EDGE_LOOP('',(#704,#712,#720,#726));
#704 = ORIENTED_EDGE('',*,*,#705,.T.);
#705 = EDGE_CURVE('',#675,#706,#708,.T.);
#706 = VERTEX_POINT('',#707);
#707 = CARTESIAN_POINT('',(-3.212500047684,-1.008978965642,
    0.299999976158));
#708 = LINE('',#709,#710);
#709 = CARTESIAN_POINT('',(-3.212500047684,-1.008978965642,
    0.299999976158));
#710 = VECTOR('',#711,1.);
#711 = DIRECTION('',(0.,1.,0.));
#712 = ORIENTED_EDGE('',*,*,#713,.F.);
#713 = EDGE_CURVE('',#714,#706,#716,.T.);
#714 = VERTEX_POINT('',#715);
#715 = CARTESIAN_POINT('',(-3.362500047684,-1.008978965642,
    0.299999976158));
#716 = LINE('',#717,#718);
#717 = CARTESIAN_POINT('',(-3.362500047684,-1.008978965642,
    0.299999976158));
#718 = VECTOR('',#719,1.);
#719 = DIRECTION('',(1.,0.,0.));
#720 = ORIENTED_EDGE('',*,*,#721,.F.);
#721 = EDGE_CURVE('',#683,#714,#722,.T.);
#722 = LINE('',#723,#724);
#723 = CARTESIAN_POINT('',(-3.362500047684,-1.008978965642,
    0.299999976158));
#724 = VECTOR('',#725,1.);
#725 = DIRECTION('',(0.,1.,0.));
#726 = ORIENTED_EDGE('',*,*,#682,.T.);
#727 = PLANE('',#728);
#728 = AXIS2_PLACEMENT_3D('',#729,#730,#731);
#729 = CARTESIAN_POINT('',(-3.362500047684,-1.008978965642,
    0.299999976158));
#730 = DIRECTION('',(0.,0.,-1.));
#731 = DIRECTION('',(-1.,0.,0.));
#732 = ADVANCED_FACE('',(#733),#759,.F.);
#733 = FACE_BOUND('',#734,.T.);
#734 = EDGE_LOOP('',(#735,#743,#752,#758));
#735 = ORIENTED_EDGE('',*,*,#736,.T.);
#736 = EDGE_CURVE('',#706,#737,#739,.T.);
#737 = VERTEX_POINT('',#738);
#738 = CARTESIAN_POINT('',(-3.212500047684,-1.008978965642,
    1.399999976158));
#739 = LINE('',#740,#741);
#740 = CARTESIAN_POINT('',(-3.212500047684,-1.008978965642,
    1.399999976158));
#741 = VECTOR('',#742,1.);
#742 = DIRECTION('',(0.,-9.856383386232E-17,1.));
#743 = ORIENTED_EDGE('',*,*,#744,.T.);
#744 = EDGE_CURVE('',#737,#745,#747,.T.);
#745 = VERTEX_POINT('',#746);
#746 = CARTESIAN_POINT('',(-3.362500047684,-1.008978965642,
    1.206350808848));
#747 = CIRCLE('',#748,0.2);
#748 = AXIS2_PLACEMENT_3D('',#749,#750,#751);
#749 = CARTESIAN_POINT('',(-3.162500047684,-1.008978965642,
    1.206350808848));
#750 = DIRECTION('',(-0.,-1.,-9.856383386232E-17));
#751 = DIRECTION('',(0.,-9.856383386232E-17,1.));
#752 = ORIENTED_EDGE('',*,*,#753,.F.);
#753 = EDGE_CURVE('',#714,#745,#754,.T.);
#754 = LINE('',#755,#756);
#755 = CARTESIAN_POINT('',(-3.362500047684,-1.008978965642,
    1.399999976158));
#756 = VECTOR('',#757,1.);
#757 = DIRECTION('',(0.,-9.856383386232E-17,1.));
#758 = ORIENTED_EDGE('',*,*,#713,.T.);
#759 = PLANE('',#760);
#760 = AXIS2_PLACEMENT_3D('',#761,#762,#763);
#761 = CARTESIAN_POINT('',(-3.362500047684,-1.008978965642,
    1.399999976158));
#762 = DIRECTION('',(0.,1.,9.856383386232E-17));
#763 = DIRECTION('',(0.,-9.856383386232E-17,1.));
#764 = ADVANCED_FACE('',(#765),#780,.F.);
#765 = FACE_BOUND('',#766,.T.);
#766 = EDGE_LOOP('',(#767,#768,#774,#775,#776,#777,#778,#779));
#767 = ORIENTED_EDGE('',*,*,#753,.T.);
#768 = ORIENTED_EDGE('',*,*,#769,.T.);
#769 = EDGE_CURVE('',#745,#541,#770,.T.);
#770 = LINE('',#771,#772);
#771 = CARTESIAN_POINT('',(-3.362500047684,-0.458978965642,
    1.206350808848));
#772 = VECTOR('',#773,1.);
#773 = DIRECTION('',(0.,1.,0.));
#774 = ORIENTED_EDGE('',*,*,#540,.T.);
#775 = ORIENTED_EDGE('',*,*,#597,.T.);
#776 = ORIENTED_EDGE('',*,*,#628,.T.);
#777 = ORIENTED_EDGE('',*,*,#659,.T.);
#778 = ORIENTED_EDGE('',*,*,#690,.T.);
#779 = ORIENTED_EDGE('',*,*,#721,.T.);
#780 = PLANE('',#781);
#781 = AXIS2_PLACEMENT_3D('',#782,#783,#784);
#782 = CARTESIAN_POINT('',(-3.362500047684,-0.458978965642,
    1.399999976158));
#783 = DIRECTION('',(1.,0.,0.));
#784 = DIRECTION('',(0.,0.,-1.));
#785 = ADVANCED_FACE('',(#786),#801,.T.);
#786 = FACE_BOUND('',#787,.T.);
#787 = EDGE_LOOP('',(#788,#794,#795,#796,#797,#798,#799,#800));
#788 = ORIENTED_EDGE('',*,*,#789,.F.);
#789 = EDGE_CURVE('',#737,#551,#790,.T.);
#790 = LINE('',#791,#792);
#791 = CARTESIAN_POINT('',(-3.212500047684,9.102103435845E-02,
    1.399999976158));
#792 = VECTOR('',#793,1.);
#793 = DIRECTION('',(0.,1.,0.));
#794 = ORIENTED_EDGE('',*,*,#736,.F.);
#795 = ORIENTED_EDGE('',*,*,#705,.F.);
#796 = ORIENTED_EDGE('',*,*,#674,.F.);
#797 = ORIENTED_EDGE('',*,*,#643,.F.);
#798 = ORIENTED_EDGE('',*,*,#612,.F.);
#799 = ORIENTED_EDGE('',*,*,#581,.F.);
#800 = ORIENTED_EDGE('',*,*,#559,.F.);
#801 = PLANE('',#802);
#802 = AXIS2_PLACEMENT_3D('',#803,#804,#805);
#803 = CARTESIAN_POINT('',(-3.212500047684,-0.458978965642,
    1.399999976158));
#804 = DIRECTION('',(1.,0.,0.));
#805 = DIRECTION('',(0.,0.,-1.));
#806 = ADVANCED_FACE('',(#807),#813,.T.);
#807 = FACE_BOUND('',#808,.T.);
#808 = EDGE_LOOP('',(#809,#810,#811,#812));
#809 = ORIENTED_EDGE('',*,*,#744,.F.);
#810 = ORIENTED_EDGE('',*,*,#789,.T.);
#811 = ORIENTED_EDGE('',*,*,#550,.F.);
#812 = ORIENTED_EDGE('',*,*,#769,.F.);
#813 = CYLINDRICAL_SURFACE('',#814,0.2);
#814 = AXIS2_PLACEMENT_3D('',#815,#816,#817);
#815 = CARTESIAN_POINT('',(-3.162500047684,9.102103435845E-02,
    1.206350808848));
#816 = DIRECTION('',(0.,-1.,0.));
#817 = DIRECTION('',(0.,0.,-1.));
#818 = ( GEOMETRIC_REPRESENTATION_CONTEXT(3) 
GLOBAL_UNCERTAINTY_ASSIGNED_CONTEXT((#822)) GLOBAL_UNIT_ASSIGNED_CONTEXT
((#819,#820,#821)) REPRESENTATION_CONTEXT('Context #1',
  '3D Context with UNIT and UNCERTAINTY') );
#819 = ( LENGTH_UNIT() NAMED_UNIT(*) SI_UNIT(.MILLI.,.METRE.) );
#820 = ( NAMED_UNIT(*) PLANE_ANGLE_UNIT() SI_UNIT($,.RADIAN.) );
#821 = ( NAMED_UNIT(*) SI_UNIT($,.STERADIAN.) SOLID_ANGLE_UNIT() );
#822 = UNCERTAINTY_MEASURE_WITH_UNIT(LENGTH_MEASURE(1.E-07),#819,
  'distance_accuracy_value','confusion accuracy');
#823 = CONTEXT_DEPENDENT_SHAPE_REPRESENTATION(#824,#826);
#824 = ( REPRESENTATION_RELATIONSHIP('','',#533,#10) 
REPRESENTATION_RELATIONSHIP_WITH_TRANSFORMATION(#825) 
SHAPE_REPRESENTATION_RELATIONSHIP() );
#825 = ITEM_DEFINED_TRANSFORMATION('','',#11,#19);
#826 = PRODUCT_DEFINITION_SHAPE('Placement','Placement of an item',#827
  );
#827 = NEXT_ASSEMBLY_USAGE_OCCURRENCE('2',
  'SW-SMD_SSSS811101~SW-TH_SSSS811101~VVTr001','',#5,#528,$);
#828 = PRODUCT_RELATED_PRODUCT_CATEGORY('part',$,(#530));
#829 = SHAPE_DEFINITION_REPRESENTATION(#830,#836);
#830 = PRODUCT_DEFINITION_SHAPE('','',#831);
#831 = PRODUCT_DEFINITION('design','',#832,#835);
#832 = PRODUCT_DEFINITION_FORMATION('','',#833);
#833 = PRODUCT('SW-SMD_SSSS811101~SW-TH_SSSS811101~VVTr002',
  'SW-SMD_SSSS811101~SW-TH_SSSS811101~VVTr002','',(#834));
#834 = PRODUCT_CONTEXT('',#2,'mechanical');
#835 = PRODUCT_DEFINITION_CONTEXT('part definition',#2,'design');
#836 = ADVANCED_BREP_SHAPE_REPRESENTATION('',(#11,#837),#1121);
#837 = MANIFOLD_SOLID_BREP('',#838);
#838 = CLOSED_SHELL('',(#839,#880,#911,#942,#973,#1004,#1035,#1067,#1088
    ,#1109));
#839 = ADVANCED_FACE('',(#840),#875,.F.);
#840 = FACE_BOUND('',#841,.T.);
#841 = EDGE_LOOP('',(#842,#852,#861,#869));
#842 = ORIENTED_EDGE('',*,*,#843,.F.);
#843 = EDGE_CURVE('',#844,#846,#848,.T.);
#844 = VERTEX_POINT('',#845);
#845 = CARTESIAN_POINT('',(3.337499952316,-1.008978965642,1.206350808848
    ));
#846 = VERTEX_POINT('',#847);
#847 = CARTESIAN_POINT('',(3.337499952316,-1.008978965642,0.299999976158
    ));
#848 = LINE('',#849,#850);
#849 = CARTESIAN_POINT('',(3.337499952316,-1.008978965642,0.299999976158
    ));
#850 = VECTOR('',#851,1.);
#851 = DIRECTION('',(0.,9.856383386232E-17,-1.));
#852 = ORIENTED_EDGE('',*,*,#853,.T.);
#853 = EDGE_CURVE('',#844,#854,#856,.T.);
#854 = VERTEX_POINT('',#855);
#855 = CARTESIAN_POINT('',(3.187499952316,-1.008978965642,1.399999976158
    ));
#856 = CIRCLE('',#857,0.2);
#857 = AXIS2_PLACEMENT_3D('',#858,#859,#860);
#858 = CARTESIAN_POINT('',(3.137499952316,-1.008978965642,1.206350808848
    ));
#859 = DIRECTION('',(0.,-1.,-9.856383386232E-17));
#860 = DIRECTION('',(2.168404344971E-15,-9.856383386232E-17,1.));
#861 = ORIENTED_EDGE('',*,*,#862,.T.);
#862 = EDGE_CURVE('',#854,#863,#865,.T.);
#863 = VERTEX_POINT('',#864);
#864 = CARTESIAN_POINT('',(3.187499952316,-1.008978965642,0.299999976158
    ));
#865 = LINE('',#866,#867);
#866 = CARTESIAN_POINT('',(3.187499952316,-1.008978965642,0.299999976158
    ));
#867 = VECTOR('',#868,1.);
#868 = DIRECTION('',(0.,9.856383386232E-17,-1.));
#869 = ORIENTED_EDGE('',*,*,#870,.F.);
#870 = EDGE_CURVE('',#846,#863,#871,.T.);
#871 = LINE('',#872,#873);
#872 = CARTESIAN_POINT('',(3.337499952316,-1.008978965642,0.299999976158
    ));
#873 = VECTOR('',#874,1.);
#874 = DIRECTION('',(-1.,-0.,-0.));
#875 = PLANE('',#876);
#876 = AXIS2_PLACEMENT_3D('',#877,#878,#879);
#877 = CARTESIAN_POINT('',(3.337499952316,-1.008978965642,0.299999976158
    ));
#878 = DIRECTION('',(0.,1.,9.856383386232E-17));
#879 = DIRECTION('',(0.,-9.856383386232E-17,1.));
#880 = ADVANCED_FACE('',(#881),#906,.F.);
#881 = FACE_BOUND('',#882,.T.);
#882 = EDGE_LOOP('',(#883,#891,#899,#905));
#883 = ORIENTED_EDGE('',*,*,#884,.T.);
#884 = EDGE_CURVE('',#863,#885,#887,.T.);
#885 = VERTEX_POINT('',#886);
#886 = CARTESIAN_POINT('',(3.187499952316,-1.758978965642,0.299999976158
    ));
#887 = LINE('',#888,#889);
#888 = CARTESIAN_POINT('',(3.187499952316,-1.758978965642,0.299999976158
    ));
#889 = VECTOR('',#890,1.);
#890 = DIRECTION('',(-0.,-1.,-0.));
#891 = ORIENTED_EDGE('',*,*,#892,.F.);
#892 = EDGE_CURVE('',#893,#885,#895,.T.);
#893 = VERTEX_POINT('',#894);
#894 = CARTESIAN_POINT('',(3.337499952316,-1.758978965642,0.299999976158
    ));
#895 = LINE('',#896,#897);
#896 = CARTESIAN_POINT('',(3.337499952316,-1.758978965642,0.299999976158
    ));
#897 = VECTOR('',#898,1.);
#898 = DIRECTION('',(-1.,-0.,-0.));
#899 = ORIENTED_EDGE('',*,*,#900,.F.);
#900 = EDGE_CURVE('',#846,#893,#901,.T.);
#901 = LINE('',#902,#903);
#902 = CARTESIAN_POINT('',(3.337499952316,-1.758978965642,0.299999976158
    ));
#903 = VECTOR('',#904,1.);
#904 = DIRECTION('',(-0.,-1.,-0.));
#905 = ORIENTED_EDGE('',*,*,#870,.T.);
#906 = PLANE('',#907);
#907 = AXIS2_PLACEMENT_3D('',#908,#909,#910);
#908 = CARTESIAN_POINT('',(3.337499952316,-1.758978965642,0.299999976158
    ));
#909 = DIRECTION('',(0.,0.,-1.));
#910 = DIRECTION('',(-1.,0.,0.));
#911 = ADVANCED_FACE('',(#912),#937,.F.);
#912 = FACE_BOUND('',#913,.T.);
#913 = EDGE_LOOP('',(#914,#922,#930,#936));
#914 = ORIENTED_EDGE('',*,*,#915,.T.);
#915 = EDGE_CURVE('',#885,#916,#918,.T.);
#916 = VERTEX_POINT('',#917);
#917 = CARTESIAN_POINT('',(3.187499952316,-1.758978965642,
    -2.384185759929E-08));
#918 = LINE('',#919,#920);
#919 = CARTESIAN_POINT('',(3.187499952316,-1.758978965642,
    -2.384185759929E-08));
#920 = VECTOR('',#921,1.);
#921 = DIRECTION('',(-0.,-4.336808689942E-15,-1.));
#922 = ORIENTED_EDGE('',*,*,#923,.F.);
#923 = EDGE_CURVE('',#924,#916,#926,.T.);
#924 = VERTEX_POINT('',#925);
#925 = CARTESIAN_POINT('',(3.337499952316,-1.758978965642,
    -2.384185759929E-08));
#926 = LINE('',#927,#928);
#927 = CARTESIAN_POINT('',(3.337499952316,-1.758978965642,
    -2.384185759929E-08));
#928 = VECTOR('',#929,1.);
#929 = DIRECTION('',(-1.,-0.,-0.));
#930 = ORIENTED_EDGE('',*,*,#931,.F.);
#931 = EDGE_CURVE('',#893,#924,#932,.T.);
#932 = LINE('',#933,#934);
#933 = CARTESIAN_POINT('',(3.337499952316,-1.758978965642,
    -2.384185759929E-08));
#934 = VECTOR('',#935,1.);
#935 = DIRECTION('',(-0.,-4.336808689942E-15,-1.));
#936 = ORIENTED_EDGE('',*,*,#892,.T.);
#937 = PLANE('',#938);
#938 = AXIS2_PLACEMENT_3D('',#939,#940,#941);
#939 = CARTESIAN_POINT('',(3.337499952316,-1.758978965642,
    -2.384185759929E-08));
#940 = DIRECTION('',(0.,1.,-4.336808689942E-15));
#941 = DIRECTION('',(0.,4.336808689942E-15,1.));
#942 = ADVANCED_FACE('',(#943),#968,.F.);
#943 = FACE_BOUND('',#944,.T.);
#944 = EDGE_LOOP('',(#945,#953,#961,#967));
#945 = ORIENTED_EDGE('',*,*,#946,.T.);
#946 = EDGE_CURVE('',#916,#947,#949,.T.);
#947 = VERTEX_POINT('',#948);
#948 = CARTESIAN_POINT('',(3.187499952316,0.841021034358,
    -2.384185759929E-08));
#949 = LINE('',#950,#951);
#950 = CARTESIAN_POINT('',(3.187499952316,0.841021034358,
    -2.384185759929E-08));
#951 = VECTOR('',#952,1.);
#952 = DIRECTION('',(0.,1.,0.));
#953 = ORIENTED_EDGE('',*,*,#954,.F.);
#954 = EDGE_CURVE('',#955,#947,#957,.T.);
#955 = VERTEX_POINT('',#956);
#956 = CARTESIAN_POINT('',(3.337499952316,0.841021034358,
    -2.384185759929E-08));
#957 = LINE('',#958,#959);
#958 = CARTESIAN_POINT('',(3.337499952316,0.841021034358,
    -2.384185759929E-08));
#959 = VECTOR('',#960,1.);
#960 = DIRECTION('',(-1.,-0.,-0.));
#961 = ORIENTED_EDGE('',*,*,#962,.F.);
#962 = EDGE_CURVE('',#924,#955,#963,.T.);
#963 = LINE('',#964,#965);
#964 = CARTESIAN_POINT('',(3.337499952316,0.841021034358,
    -2.384185759929E-08));
#965 = VECTOR('',#966,1.);
#966 = DIRECTION('',(0.,1.,0.));
#967 = ORIENTED_EDGE('',*,*,#923,.T.);
#968 = PLANE('',#969);
#969 = AXIS2_PLACEMENT_3D('',#970,#971,#972);
#970 = CARTESIAN_POINT('',(3.337499952316,0.841021034358,
    -2.384185759929E-08));
#971 = DIRECTION('',(0.,0.,1.));
#972 = DIRECTION('',(1.,0.,-0.));
#973 = ADVANCED_FACE('',(#974),#999,.F.);
#974 = FACE_BOUND('',#975,.T.);
#975 = EDGE_LOOP('',(#976,#984,#992,#998));
#976 = ORIENTED_EDGE('',*,*,#977,.T.);
#977 = EDGE_CURVE('',#947,#978,#980,.T.);
#978 = VERTEX_POINT('',#979);
#979 = CARTESIAN_POINT('',(3.187499952316,0.841021034358,0.299999976158)
  );
#980 = LINE('',#981,#982);
#981 = CARTESIAN_POINT('',(3.187499952316,0.841021034358,0.299999976158)
  );
#982 = VECTOR('',#983,1.);
#983 = DIRECTION('',(0.,-1.445602896647E-15,1.));
#984 = ORIENTED_EDGE('',*,*,#985,.F.);
#985 = EDGE_CURVE('',#986,#978,#988,.T.);
#986 = VERTEX_POINT('',#987);
#987 = CARTESIAN_POINT('',(3.337499952316,0.841021034358,0.299999976158)
  );
#988 = LINE('',#989,#990);
#989 = CARTESIAN_POINT('',(3.337499952316,0.841021034358,0.299999976158)
  );
#990 = VECTOR('',#991,1.);
#991 = DIRECTION('',(-1.,-0.,-0.));
#992 = ORIENTED_EDGE('',*,*,#993,.F.);
#993 = EDGE_CURVE('',#955,#986,#994,.T.);
#994 = LINE('',#995,#996);
#995 = CARTESIAN_POINT('',(3.337499952316,0.841021034358,0.299999976158)
  );
#996 = VECTOR('',#997,1.);
#997 = DIRECTION('',(0.,-1.445602896647E-15,1.));
#998 = ORIENTED_EDGE('',*,*,#954,.T.);
#999 = PLANE('',#1000);
#1000 = AXIS2_PLACEMENT_3D('',#1001,#1002,#1003);
#1001 = CARTESIAN_POINT('',(3.337499952316,0.841021034358,0.299999976158
    ));
#1002 = DIRECTION('',(0.,-1.,-1.445602896647E-15));
#1003 = DIRECTION('',(0.,1.445602896647E-15,-1.));
#1004 = ADVANCED_FACE('',(#1005),#1030,.F.);
#1005 = FACE_BOUND('',#1006,.T.);
#1006 = EDGE_LOOP('',(#1007,#1015,#1023,#1029));
#1007 = ORIENTED_EDGE('',*,*,#1008,.T.);
#1008 = EDGE_CURVE('',#978,#1009,#1011,.T.);
#1009 = VERTEX_POINT('',#1010);
#1010 = CARTESIAN_POINT('',(3.187499952316,9.102103435845E-02,
    0.299999976158));
#1011 = LINE('',#1012,#1013);
#1012 = CARTESIAN_POINT('',(3.187499952316,9.102103435845E-02,
    0.299999976158));
#1013 = VECTOR('',#1014,1.);
#1014 = DIRECTION('',(-0.,-1.,-0.));
#1015 = ORIENTED_EDGE('',*,*,#1016,.F.);
#1016 = EDGE_CURVE('',#1017,#1009,#1019,.T.);
#1017 = VERTEX_POINT('',#1018);
#1018 = CARTESIAN_POINT('',(3.337499952316,9.102103435845E-02,
    0.299999976158));
#1019 = LINE('',#1020,#1021);
#1020 = CARTESIAN_POINT('',(3.337499952316,9.102103435845E-02,
    0.299999976158));
#1021 = VECTOR('',#1022,1.);
#1022 = DIRECTION('',(-1.,-0.,-0.));
#1023 = ORIENTED_EDGE('',*,*,#1024,.F.);
#1024 = EDGE_CURVE('',#986,#1017,#1025,.T.);
#1025 = LINE('',#1026,#1027);
#1026 = CARTESIAN_POINT('',(3.337499952316,9.102103435845E-02,
    0.299999976158));
#1027 = VECTOR('',#1028,1.);
#1028 = DIRECTION('',(-0.,-1.,-0.));
#1029 = ORIENTED_EDGE('',*,*,#985,.T.);
#1030 = PLANE('',#1031);
#1031 = AXIS2_PLACEMENT_3D('',#1032,#1033,#1034);
#1032 = CARTESIAN_POINT('',(3.337499952316,9.102103435845E-02,
    0.299999976158));
#1033 = DIRECTION('',(0.,0.,-1.));
#1034 = DIRECTION('',(-1.,0.,0.));
#1035 = ADVANCED_FACE('',(#1036),#1062,.F.);
#1036 = FACE_BOUND('',#1037,.T.);
#1037 = EDGE_LOOP('',(#1038,#1046,#1055,#1061));
#1038 = ORIENTED_EDGE('',*,*,#1039,.T.);
#1039 = EDGE_CURVE('',#1009,#1040,#1042,.T.);
#1040 = VERTEX_POINT('',#1041);
#1041 = CARTESIAN_POINT('',(3.187499952316,9.102103435845E-02,
    1.399999976158));
#1042 = LINE('',#1043,#1044);
#1043 = CARTESIAN_POINT('',(3.187499952316,9.102103435845E-02,
    1.399999976158));
#1044 = VECTOR('',#1045,1.);
#1045 = DIRECTION('',(0.,9.856383386232E-17,1.));
#1046 = ORIENTED_EDGE('',*,*,#1047,.T.);
#1047 = EDGE_CURVE('',#1040,#1048,#1050,.T.);
#1048 = VERTEX_POINT('',#1049);
#1049 = CARTESIAN_POINT('',(3.337499952316,9.102103435845E-02,
    1.206350808848));
#1050 = CIRCLE('',#1051,0.2);
#1051 = AXIS2_PLACEMENT_3D('',#1052,#1053,#1054);
#1052 = CARTESIAN_POINT('',(3.137499952316,9.102103435845E-02,
    1.206350808848));
#1053 = DIRECTION('',(0.,1.,-9.856383386232E-17));
#1054 = DIRECTION('',(0.,-9.856383386232E-17,-1.));
#1055 = ORIENTED_EDGE('',*,*,#1056,.F.);
#1056 = EDGE_CURVE('',#1017,#1048,#1057,.T.);
#1057 = LINE('',#1058,#1059);
#1058 = CARTESIAN_POINT('',(3.337499952316,9.102103435845E-02,
    1.399999976158));
#1059 = VECTOR('',#1060,1.);
#1060 = DIRECTION('',(0.,9.856383386232E-17,1.));
#1061 = ORIENTED_EDGE('',*,*,#1016,.T.);
#1062 = PLANE('',#1063);
#1063 = AXIS2_PLACEMENT_3D('',#1064,#1065,#1066);
#1064 = CARTESIAN_POINT('',(3.337499952316,9.102103435845E-02,
    1.399999976158));
#1065 = DIRECTION('',(0.,-1.,9.856383386232E-17));
#1066 = DIRECTION('',(0.,-9.856383386232E-17,-1.));
#1067 = ADVANCED_FACE('',(#1068),#1083,.F.);
#1068 = FACE_BOUND('',#1069,.T.);
#1069 = EDGE_LOOP('',(#1070,#1071,#1077,#1078,#1079,#1080,#1081,#1082));
#1070 = ORIENTED_EDGE('',*,*,#1056,.T.);
#1071 = ORIENTED_EDGE('',*,*,#1072,.T.);
#1072 = EDGE_CURVE('',#1048,#844,#1073,.T.);
#1073 = LINE('',#1074,#1075);
#1074 = CARTESIAN_POINT('',(3.337499952316,-0.458978965642,
    1.206350808848));
#1075 = VECTOR('',#1076,1.);
#1076 = DIRECTION('',(-0.,-1.,-0.));
#1077 = ORIENTED_EDGE('',*,*,#843,.T.);
#1078 = ORIENTED_EDGE('',*,*,#900,.T.);
#1079 = ORIENTED_EDGE('',*,*,#931,.T.);
#1080 = ORIENTED_EDGE('',*,*,#962,.T.);
#1081 = ORIENTED_EDGE('',*,*,#993,.T.);
#1082 = ORIENTED_EDGE('',*,*,#1024,.T.);
#1083 = PLANE('',#1084);
#1084 = AXIS2_PLACEMENT_3D('',#1085,#1086,#1087);
#1085 = CARTESIAN_POINT('',(3.337499952316,-0.458978965642,
    1.399999976158));
#1086 = DIRECTION('',(-1.,0.,0.));
#1087 = DIRECTION('',(0.,0.,1.));
#1088 = ADVANCED_FACE('',(#1089),#1104,.T.);
#1089 = FACE_BOUND('',#1090,.T.);
#1090 = EDGE_LOOP('',(#1091,#1097,#1098,#1099,#1100,#1101,#1102,#1103));
#1091 = ORIENTED_EDGE('',*,*,#1092,.F.);
#1092 = EDGE_CURVE('',#1040,#854,#1093,.T.);
#1093 = LINE('',#1094,#1095);
#1094 = CARTESIAN_POINT('',(3.187499952316,-1.008978965642,
    1.399999976158));
#1095 = VECTOR('',#1096,1.);
#1096 = DIRECTION('',(-0.,-1.,-0.));
#1097 = ORIENTED_EDGE('',*,*,#1039,.F.);
#1098 = ORIENTED_EDGE('',*,*,#1008,.F.);
#1099 = ORIENTED_EDGE('',*,*,#977,.F.);
#1100 = ORIENTED_EDGE('',*,*,#946,.F.);
#1101 = ORIENTED_EDGE('',*,*,#915,.F.);
#1102 = ORIENTED_EDGE('',*,*,#884,.F.);
#1103 = ORIENTED_EDGE('',*,*,#862,.F.);
#1104 = PLANE('',#1105);
#1105 = AXIS2_PLACEMENT_3D('',#1106,#1107,#1108);
#1106 = CARTESIAN_POINT('',(3.187499952316,-0.458978965642,
    1.399999976158));
#1107 = DIRECTION('',(-1.,0.,0.));
#1108 = DIRECTION('',(0.,0.,1.));
#1109 = ADVANCED_FACE('',(#1110),#1116,.T.);
#1110 = FACE_BOUND('',#1111,.T.);
#1111 = EDGE_LOOP('',(#1112,#1113,#1114,#1115));
#1112 = ORIENTED_EDGE('',*,*,#1047,.F.);
#1113 = ORIENTED_EDGE('',*,*,#1092,.T.);
#1114 = ORIENTED_EDGE('',*,*,#853,.F.);
#1115 = ORIENTED_EDGE('',*,*,#1072,.F.);
#1116 = CYLINDRICAL_SURFACE('',#1117,0.2);
#1117 = AXIS2_PLACEMENT_3D('',#1118,#1119,#1120);
#1118 = CARTESIAN_POINT('',(3.137499952316,-1.008978965642,
    1.206350808848));
#1119 = DIRECTION('',(0.,1.,0.));
#1120 = DIRECTION('',(0.,-0.,1.));
#1121 = ( GEOMETRIC_REPRESENTATION_CONTEXT(3) 
GLOBAL_UNCERTAINTY_ASSIGNED_CONTEXT((#1125)) 
GLOBAL_UNIT_ASSIGNED_CONTEXT((#1122,#1123,#1124)) REPRESENTATION_CONTEXT
('Context #1','3D Context with UNIT and UNCERTAINTY') );
#1122 = ( LENGTH_UNIT() NAMED_UNIT(*) SI_UNIT(.MILLI.,.METRE.) );
#1123 = ( NAMED_UNIT(*) PLANE_ANGLE_UNIT() SI_UNIT($,.RADIAN.) );
#1124 = ( NAMED_UNIT(*) SI_UNIT($,.STERADIAN.) SOLID_ANGLE_UNIT() );
#1125 = UNCERTAINTY_MEASURE_WITH_UNIT(LENGTH_MEASURE(1.E-07),#1122,
  'distance_accuracy_value','confusion accuracy');
#1126 = CONTEXT_DEPENDENT_SHAPE_REPRESENTATION(#1127,#1129);
#1127 = ( REPRESENTATION_RELATIONSHIP('','',#836,#10) 
REPRESENTATION_RELATIONSHIP_WITH_TRANSFORMATION(#1128) 
SHAPE_REPRESENTATION_RELATIONSHIP() );
#1128 = ITEM_DEFINED_TRANSFORMATION('','',#11,#23);
#1129 = PRODUCT_DEFINITION_SHAPE('Placement','Placement of an item',
  #1130);
#1130 = NEXT_ASSEMBLY_USAGE_OCCURRENCE('3',
  'SW-SMD_SSSS811101~SW-TH_SSSS811101~VVTr002','',#5,#831,$);
#1131 = PRODUCT_RELATED_PRODUCT_CATEGORY('part',$,(#833));
#1132 = SHAPE_DEFINITION_REPRESENTATION(#1133,#1139);
#1133 = PRODUCT_DEFINITION_SHAPE('','',#1134);
#1134 = PRODUCT_DEFINITION('design','',#1135,#1138);
#1135 = PRODUCT_DEFINITION_FORMATION('','',#1136);
#1136 = PRODUCT('SW-SMD_SSSS811101~SW-TH_SSSS811101~VVTr003',
  'SW-SMD_SSSS811101~SW-TH_SSSS811101~VVTr003','',(#1137));
#1137 = PRODUCT_CONTEXT('',#2,'mechanical');
#1138 = PRODUCT_DEFINITION_CONTEXT('part definition',#2,'design');
#1139 = ADVANCED_BREP_SHAPE_REPRESENTATION('',(#11,#1140),#1290);
#1140 = MANIFOLD_SOLID_BREP('',#1141);
#1141 = CLOSED_SHELL('',(#1142,#1182,#1213,#1244,#1266,#1278));
#1142 = ADVANCED_FACE('',(#1143),#1177,.F.);
#1143 = FACE_BOUND('',#1144,.T.);
#1144 = EDGE_LOOP('',(#1145,#1155,#1163,#1171));
#1145 = ORIENTED_EDGE('',*,*,#1146,.T.);
#1146 = EDGE_CURVE('',#1147,#1149,#1151,.T.);
#1147 = VERTEX_POINT('',#1148);
#1148 = CARTESIAN_POINT('',(-3.362500047684,0.841021034358,
    -2.384185759929E-08));
#1149 = VERTEX_POINT('',#1150);
#1150 = CARTESIAN_POINT('',(-3.362500047684,0.441021034358,
    -2.384185759929E-08));
#1151 = LINE('',#1152,#1153);
#1152 = CARTESIAN_POINT('',(-3.362500047684,0.841021034358,
    -2.384185759929E-08));
#1153 = VECTOR('',#1154,1.);
#1154 = DIRECTION('',(0.,-1.,0.));
#1155 = ORIENTED_EDGE('',*,*,#1156,.F.);
#1156 = EDGE_CURVE('',#1157,#1149,#1159,.T.);
#1157 = VERTEX_POINT('',#1158);
#1158 = CARTESIAN_POINT('',(-3.862500047684,0.441021034358,
    -2.384185759929E-08));
#1159 = LINE('',#1160,#1161);
#1160 = CARTESIAN_POINT('',(-3.862500047684,0.441021034358,
    -2.384185759929E-08));
#1161 = VECTOR('',#1162,1.);
#1162 = DIRECTION('',(1.,0.,0.));
#1163 = ORIENTED_EDGE('',*,*,#1164,.F.);
#1164 = EDGE_CURVE('',#1165,#1157,#1167,.T.);
#1165 = VERTEX_POINT('',#1166);
#1166 = CARTESIAN_POINT('',(-3.862500047684,0.841021034358,
    -2.384185759929E-08));
#1167 = LINE('',#1168,#1169);
#1168 = CARTESIAN_POINT('',(-3.862500047684,0.841021034358,
    -2.384185759929E-08));
#1169 = VECTOR('',#1170,1.);
#1170 = DIRECTION('',(0.,-1.,0.));
#1171 = ORIENTED_EDGE('',*,*,#1172,.T.);
#1172 = EDGE_CURVE('',#1165,#1147,#1173,.T.);
#1173 = LINE('',#1174,#1175);
#1174 = CARTESIAN_POINT('',(-3.862500047684,0.841021034358,
    -2.384185759929E-08));
#1175 = VECTOR('',#1176,1.);
#1176 = DIRECTION('',(1.,0.,0.));
#1177 = PLANE('',#1178);
#1178 = AXIS2_PLACEMENT_3D('',#1179,#1180,#1181);
#1179 = CARTESIAN_POINT('',(-3.862500047684,0.841021034358,
    -2.384185759929E-08));
#1180 = DIRECTION('',(0.,0.,1.));
#1181 = DIRECTION('',(1.,0.,-0.));
#1182 = ADVANCED_FACE('',(#1183),#1208,.F.);
#1183 = FACE_BOUND('',#1184,.T.);
#1184 = EDGE_LOOP('',(#1185,#1193,#1201,#1207));
#1185 = ORIENTED_EDGE('',*,*,#1186,.T.);
#1186 = EDGE_CURVE('',#1149,#1187,#1189,.T.);
#1187 = VERTEX_POINT('',#1188);
#1188 = CARTESIAN_POINT('',(-3.362500047684,0.441021034358,
    0.199999976158));
#1189 = LINE('',#1190,#1191);
#1190 = CARTESIAN_POINT('',(-3.362500047684,0.441021034358,
    -2.384185759929E-08));
#1191 = VECTOR('',#1192,1.);
#1192 = DIRECTION('',(0.,0.,1.));
#1193 = ORIENTED_EDGE('',*,*,#1194,.F.);
#1194 = EDGE_CURVE('',#1195,#1187,#1197,.T.);
#1195 = VERTEX_POINT('',#1196);
#1196 = CARTESIAN_POINT('',(-3.862500047684,0.441021034358,
    0.199999976158));
#1197 = LINE('',#1198,#1199);
#1198 = CARTESIAN_POINT('',(-3.862500047684,0.441021034358,
    0.199999976158));
#1199 = VECTOR('',#1200,1.);
#1200 = DIRECTION('',(1.,0.,0.));
#1201 = ORIENTED_EDGE('',*,*,#1202,.F.);
#1202 = EDGE_CURVE('',#1157,#1195,#1203,.T.);
#1203 = LINE('',#1204,#1205);
#1204 = CARTESIAN_POINT('',(-3.862500047684,0.441021034358,
    -2.384185759929E-08));
#1205 = VECTOR('',#1206,1.);
#1206 = DIRECTION('',(0.,0.,1.));
#1207 = ORIENTED_EDGE('',*,*,#1156,.T.);
#1208 = PLANE('',#1209);
#1209 = AXIS2_PLACEMENT_3D('',#1210,#1211,#1212);
#1210 = CARTESIAN_POINT('',(-3.862500047684,0.441021034358,
    -2.384185759929E-08));
#1211 = DIRECTION('',(0.,1.,0.));
#1212 = DIRECTION('',(0.,-0.,1.));
#1213 = ADVANCED_FACE('',(#1214),#1239,.F.);
#1214 = FACE_BOUND('',#1215,.T.);
#1215 = EDGE_LOOP('',(#1216,#1224,#1232,#1238));
#1216 = ORIENTED_EDGE('',*,*,#1217,.T.);
#1217 = EDGE_CURVE('',#1187,#1218,#1220,.T.);
#1218 = VERTEX_POINT('',#1219);
#1219 = CARTESIAN_POINT('',(-3.362500047684,0.841021034358,
    0.199999976158));
#1220 = LINE('',#1221,#1222);
#1221 = CARTESIAN_POINT('',(-3.362500047684,0.841021034358,
    0.199999976158));
#1222 = VECTOR('',#1223,1.);
#1223 = DIRECTION('',(0.,1.,0.));
#1224 = ORIENTED_EDGE('',*,*,#1225,.F.);
#1225 = EDGE_CURVE('',#1226,#1218,#1228,.T.);
#1226 = VERTEX_POINT('',#1227);
#1227 = CARTESIAN_POINT('',(-3.862500047684,0.841021034358,
    0.199999976158));
#1228 = LINE('',#1229,#1230);
#1229 = CARTESIAN_POINT('',(-3.862500047684,0.841021034358,
    0.199999976158));
#1230 = VECTOR('',#1231,1.);
#1231 = DIRECTION('',(1.,0.,0.));
#1232 = ORIENTED_EDGE('',*,*,#1233,.F.);
#1233 = EDGE_CURVE('',#1195,#1226,#1234,.T.);
#1234 = LINE('',#1235,#1236);
#1235 = CARTESIAN_POINT('',(-3.862500047684,0.841021034358,
    0.199999976158));
#1236 = VECTOR('',#1237,1.);
#1237 = DIRECTION('',(0.,1.,0.));
#1238 = ORIENTED_EDGE('',*,*,#1194,.T.);
#1239 = PLANE('',#1240);
#1240 = AXIS2_PLACEMENT_3D('',#1241,#1242,#1243);
#1241 = CARTESIAN_POINT('',(-3.862500047684,0.841021034358,
    0.199999976158));
#1242 = DIRECTION('',(0.,0.,-1.));
#1243 = DIRECTION('',(-1.,0.,0.));
#1244 = ADVANCED_FACE('',(#1245),#1261,.F.);
#1245 = FACE_BOUND('',#1246,.T.);
#1246 = EDGE_LOOP('',(#1247,#1253,#1254,#1260));
#1247 = ORIENTED_EDGE('',*,*,#1248,.T.);
#1248 = EDGE_CURVE('',#1218,#1147,#1249,.T.);
#1249 = LINE('',#1250,#1251);
#1250 = CARTESIAN_POINT('',(-3.362500047684,0.841021034358,
    -2.384185759929E-08));
#1251 = VECTOR('',#1252,1.);
#1252 = DIRECTION('',(-0.,-0.,-1.));
#1253 = ORIENTED_EDGE('',*,*,#1172,.F.);
#1254 = ORIENTED_EDGE('',*,*,#1255,.F.);
#1255 = EDGE_CURVE('',#1226,#1165,#1256,.T.);
#1256 = LINE('',#1257,#1258);
#1257 = CARTESIAN_POINT('',(-3.862500047684,0.841021034358,
    -2.384185759929E-08));
#1258 = VECTOR('',#1259,1.);
#1259 = DIRECTION('',(-0.,-0.,-1.));
#1260 = ORIENTED_EDGE('',*,*,#1225,.T.);
#1261 = PLANE('',#1262);
#1262 = AXIS2_PLACEMENT_3D('',#1263,#1264,#1265);
#1263 = CARTESIAN_POINT('',(-3.862500047684,0.841021034358,
    -2.384185759929E-08));
#1264 = DIRECTION('',(0.,-1.,0.));
#1265 = DIRECTION('',(0.,0.,-1.));
#1266 = ADVANCED_FACE('',(#1267),#1273,.T.);
#1267 = FACE_BOUND('',#1268,.T.);
#1268 = EDGE_LOOP('',(#1269,#1270,#1271,#1272));
#1269 = ORIENTED_EDGE('',*,*,#1164,.T.);
#1270 = ORIENTED_EDGE('',*,*,#1202,.T.);
#1271 = ORIENTED_EDGE('',*,*,#1233,.T.);
#1272 = ORIENTED_EDGE('',*,*,#1255,.T.);
#1273 = PLANE('',#1274);
#1274 = AXIS2_PLACEMENT_3D('',#1275,#1276,#1277);
#1275 = CARTESIAN_POINT('',(-3.862500047684,-0.458978965642,
    1.399999976158));
#1276 = DIRECTION('',(-1.,0.,0.));
#1277 = DIRECTION('',(0.,0.,1.));
#1278 = ADVANCED_FACE('',(#1279),#1285,.F.);
#1279 = FACE_BOUND('',#1280,.T.);
#1280 = EDGE_LOOP('',(#1281,#1282,#1283,#1284));
#1281 = ORIENTED_EDGE('',*,*,#1146,.F.);
#1282 = ORIENTED_EDGE('',*,*,#1248,.F.);
#1283 = ORIENTED_EDGE('',*,*,#1217,.F.);
#1284 = ORIENTED_EDGE('',*,*,#1186,.F.);
#1285 = PLANE('',#1286);
#1286 = AXIS2_PLACEMENT_3D('',#1287,#1288,#1289);
#1287 = CARTESIAN_POINT('',(-3.362500047684,-0.458978965642,
    1.399999976158));
#1288 = DIRECTION('',(-1.,0.,0.));
#1289 = DIRECTION('',(0.,0.,1.));
#1290 = ( GEOMETRIC_REPRESENTATION_CONTEXT(3) 
GLOBAL_UNCERTAINTY_ASSIGNED_CONTEXT((#1294)) 
GLOBAL_UNIT_ASSIGNED_CONTEXT((#1291,#1292,#1293)) REPRESENTATION_CONTEXT
('Context #1','3D Context with UNIT and UNCERTAINTY') );
#1291 = ( LENGTH_UNIT() NAMED_UNIT(*) SI_UNIT(.MILLI.,.METRE.) );
#1292 = ( NAMED_UNIT(*) PLANE_ANGLE_UNIT() SI_UNIT($,.RADIAN.) );
#1293 = ( NAMED_UNIT(*) SI_UNIT($,.STERADIAN.) SOLID_ANGLE_UNIT() );
#1294 = UNCERTAINTY_MEASURE_WITH_UNIT(LENGTH_MEASURE(1.E-07),#1291,
  'distance_accuracy_value','confusion accuracy');
#1295 = CONTEXT_DEPENDENT_SHAPE_REPRESENTATION(#1296,#1298);
#1296 = ( REPRESENTATION_RELATIONSHIP('','',#1139,#10) 
REPRESENTATION_RELATIONSHIP_WITH_TRANSFORMATION(#1297) 
SHAPE_REPRESENTATION_RELATIONSHIP() );
#1297 = ITEM_DEFINED_TRANSFORMATION('','',#11,#27);
#1298 = PRODUCT_DEFINITION_SHAPE('Placement','Placement of an item',
  #1299);
#1299 = NEXT_ASSEMBLY_USAGE_OCCURRENCE('4',
  'SW-SMD_SSSS811101~SW-TH_SSSS811101~VVTr003','',#5,#1134,$);
#1300 = PRODUCT_RELATED_PRODUCT_CATEGORY('part',$,(#1136));
#1301 = SHAPE_DEFINITION_REPRESENTATION(#1302,#1308);
#1302 = PRODUCT_DEFINITION_SHAPE('','',#1303);
#1303 = PRODUCT_DEFINITION('design','',#1304,#1307);
#1304 = PRODUCT_DEFINITION_FORMATION('','',#1305);
#1305 = PRODUCT('SW-SMD_SSSS811101~SW-TH_SSSS811101~VVTr004',
  'SW-SMD_SSSS811101~SW-TH_SSSS811101~VVTr004','',(#1306));
#1306 = PRODUCT_CONTEXT('',#2,'mechanical');
#1307 = PRODUCT_DEFINITION_CONTEXT('part definition',#2,'design');
#1308 = ADVANCED_BREP_SHAPE_REPRESENTATION('',(#11,#1309),#1459);
#1309 = MANIFOLD_SOLID_BREP('',#1310);
#1310 = CLOSED_SHELL('',(#1311,#1351,#1382,#1413,#1435,#1447));
#1311 = ADVANCED_FACE('',(#1312),#1346,.F.);
#1312 = FACE_BOUND('',#1313,.T.);
#1313 = EDGE_LOOP('',(#1314,#1324,#1332,#1340));
#1314 = ORIENTED_EDGE('',*,*,#1315,.T.);
#1315 = EDGE_CURVE('',#1316,#1318,#1320,.T.);
#1316 = VERTEX_POINT('',#1317);
#1317 = CARTESIAN_POINT('',(-3.362500047684,-1.358978965642,
    -2.384185759929E-08));
#1318 = VERTEX_POINT('',#1319);
#1319 = CARTESIAN_POINT('',(-3.362500047684,-1.758978965642,
    -2.384185759929E-08));
#1320 = LINE('',#1321,#1322);
#1321 = CARTESIAN_POINT('',(-3.362500047684,-1.758978965642,
    -2.384185759929E-08));
#1322 = VECTOR('',#1323,1.);
#1323 = DIRECTION('',(-0.,-1.,-0.));
#1324 = ORIENTED_EDGE('',*,*,#1325,.F.);
#1325 = EDGE_CURVE('',#1326,#1318,#1328,.T.);
#1326 = VERTEX_POINT('',#1327);
#1327 = CARTESIAN_POINT('',(-3.862500047684,-1.758978965642,
    -2.384185759929E-08));
#1328 = LINE('',#1329,#1330);
#1329 = CARTESIAN_POINT('',(-3.862500047684,-1.758978965642,
    -2.384185759929E-08));
#1330 = VECTOR('',#1331,1.);
#1331 = DIRECTION('',(1.,0.,0.));
#1332 = ORIENTED_EDGE('',*,*,#1333,.F.);
#1333 = EDGE_CURVE('',#1334,#1326,#1336,.T.);
#1334 = VERTEX_POINT('',#1335);
#1335 = CARTESIAN_POINT('',(-3.862500047684,-1.358978965642,
    -2.384185759929E-08));
#1336 = LINE('',#1337,#1338);
#1337 = CARTESIAN_POINT('',(-3.862500047684,-1.758978965642,
    -2.384185759929E-08));
#1338 = VECTOR('',#1339,1.);
#1339 = DIRECTION('',(-0.,-1.,-0.));
#1340 = ORIENTED_EDGE('',*,*,#1341,.T.);
#1341 = EDGE_CURVE('',#1334,#1316,#1342,.T.);
#1342 = LINE('',#1343,#1344);
#1343 = CARTESIAN_POINT('',(-3.862500047684,-1.358978965642,
    -2.384185759929E-08));
#1344 = VECTOR('',#1345,1.);
#1345 = DIRECTION('',(1.,0.,0.));
#1346 = PLANE('',#1347);
#1347 = AXIS2_PLACEMENT_3D('',#1348,#1349,#1350);
#1348 = CARTESIAN_POINT('',(-3.862500047684,-1.758978965642,
    -2.384185759929E-08));
#1349 = DIRECTION('',(0.,0.,1.));
#1350 = DIRECTION('',(1.,0.,-0.));
#1351 = ADVANCED_FACE('',(#1352),#1377,.F.);
#1352 = FACE_BOUND('',#1353,.T.);
#1353 = EDGE_LOOP('',(#1354,#1362,#1370,#1376));
#1354 = ORIENTED_EDGE('',*,*,#1355,.T.);
#1355 = EDGE_CURVE('',#1318,#1356,#1358,.T.);
#1356 = VERTEX_POINT('',#1357);
#1357 = CARTESIAN_POINT('',(-3.362500047684,-1.758978965642,
    0.199999976158));
#1358 = LINE('',#1359,#1360);
#1359 = CARTESIAN_POINT('',(-3.362500047684,-1.758978965642,
    -2.384185759929E-08));
#1360 = VECTOR('',#1361,1.);
#1361 = DIRECTION('',(0.,0.,1.));
#1362 = ORIENTED_EDGE('',*,*,#1363,.F.);
#1363 = EDGE_CURVE('',#1364,#1356,#1366,.T.);
#1364 = VERTEX_POINT('',#1365);
#1365 = CARTESIAN_POINT('',(-3.862500047684,-1.758978965642,
    0.199999976158));
#1366 = LINE('',#1367,#1368);
#1367 = CARTESIAN_POINT('',(-3.862500047684,-1.758978965642,
    0.199999976158));
#1368 = VECTOR('',#1369,1.);
#1369 = DIRECTION('',(1.,0.,0.));
#1370 = ORIENTED_EDGE('',*,*,#1371,.F.);
#1371 = EDGE_CURVE('',#1326,#1364,#1372,.T.);
#1372 = LINE('',#1373,#1374);
#1373 = CARTESIAN_POINT('',(-3.862500047684,-1.758978965642,
    -2.384185759929E-08));
#1374 = VECTOR('',#1375,1.);
#1375 = DIRECTION('',(0.,0.,1.));
#1376 = ORIENTED_EDGE('',*,*,#1325,.T.);
#1377 = PLANE('',#1378);
#1378 = AXIS2_PLACEMENT_3D('',#1379,#1380,#1381);
#1379 = CARTESIAN_POINT('',(-3.862500047684,-1.758978965642,
    -2.384185759929E-08));
#1380 = DIRECTION('',(0.,1.,0.));
#1381 = DIRECTION('',(0.,-0.,1.));
#1382 = ADVANCED_FACE('',(#1383),#1408,.F.);
#1383 = FACE_BOUND('',#1384,.T.);
#1384 = EDGE_LOOP('',(#1385,#1393,#1401,#1407));
#1385 = ORIENTED_EDGE('',*,*,#1386,.T.);
#1386 = EDGE_CURVE('',#1356,#1387,#1389,.T.);
#1387 = VERTEX_POINT('',#1388);
#1388 = CARTESIAN_POINT('',(-3.362500047684,-1.358978965642,
    0.199999976158));
#1389 = LINE('',#1390,#1391);
#1390 = CARTESIAN_POINT('',(-3.362500047684,-1.758978965642,
    0.199999976158));
#1391 = VECTOR('',#1392,1.);
#1392 = DIRECTION('',(0.,1.,0.));
#1393 = ORIENTED_EDGE('',*,*,#1394,.F.);
#1394 = EDGE_CURVE('',#1395,#1387,#1397,.T.);
#1395 = VERTEX_POINT('',#1396);
#1396 = CARTESIAN_POINT('',(-3.862500047684,-1.358978965642,
    0.199999976158));
#1397 = LINE('',#1398,#1399);
#1398 = CARTESIAN_POINT('',(-3.862500047684,-1.358978965642,
    0.199999976158));
#1399 = VECTOR('',#1400,1.);
#1400 = DIRECTION('',(1.,0.,0.));
#1401 = ORIENTED_EDGE('',*,*,#1402,.F.);
#1402 = EDGE_CURVE('',#1364,#1395,#1403,.T.);
#1403 = LINE('',#1404,#1405);
#1404 = CARTESIAN_POINT('',(-3.862500047684,-1.758978965642,
    0.199999976158));
#1405 = VECTOR('',#1406,1.);
#1406 = DIRECTION('',(0.,1.,0.));
#1407 = ORIENTED_EDGE('',*,*,#1363,.T.);
#1408 = PLANE('',#1409);
#1409 = AXIS2_PLACEMENT_3D('',#1410,#1411,#1412);
#1410 = CARTESIAN_POINT('',(-3.862500047684,-1.758978965642,
    0.199999976158));
#1411 = DIRECTION('',(0.,0.,-1.));
#1412 = DIRECTION('',(-1.,0.,0.));
#1413 = ADVANCED_FACE('',(#1414),#1430,.F.);
#1414 = FACE_BOUND('',#1415,.T.);
#1415 = EDGE_LOOP('',(#1416,#1422,#1423,#1429));
#1416 = ORIENTED_EDGE('',*,*,#1417,.T.);
#1417 = EDGE_CURVE('',#1387,#1316,#1418,.T.);
#1418 = LINE('',#1419,#1420);
#1419 = CARTESIAN_POINT('',(-3.362500047684,-1.358978965642,
    -2.384185759929E-08));
#1420 = VECTOR('',#1421,1.);
#1421 = DIRECTION('',(-0.,-0.,-1.));
#1422 = ORIENTED_EDGE('',*,*,#1341,.F.);
#1423 = ORIENTED_EDGE('',*,*,#1424,.F.);
#1424 = EDGE_CURVE('',#1395,#1334,#1425,.T.);
#1425 = LINE('',#1426,#1427);
#1426 = CARTESIAN_POINT('',(-3.862500047684,-1.358978965642,
    -2.384185759929E-08));
#1427 = VECTOR('',#1428,1.);
#1428 = DIRECTION('',(-0.,-0.,-1.));
#1429 = ORIENTED_EDGE('',*,*,#1394,.T.);
#1430 = PLANE('',#1431);
#1431 = AXIS2_PLACEMENT_3D('',#1432,#1433,#1434);
#1432 = CARTESIAN_POINT('',(-3.862500047684,-1.358978965642,
    -2.384185759929E-08));
#1433 = DIRECTION('',(0.,-1.,0.));
#1434 = DIRECTION('',(0.,0.,-1.));
#1435 = ADVANCED_FACE('',(#1436),#1442,.F.);
#1436 = FACE_BOUND('',#1437,.T.);
#1437 = EDGE_LOOP('',(#1438,#1439,#1440,#1441));
#1438 = ORIENTED_EDGE('',*,*,#1333,.T.);
#1439 = ORIENTED_EDGE('',*,*,#1371,.T.);
#1440 = ORIENTED_EDGE('',*,*,#1402,.T.);
#1441 = ORIENTED_EDGE('',*,*,#1424,.T.);
#1442 = PLANE('',#1443);
#1443 = AXIS2_PLACEMENT_3D('',#1444,#1445,#1446);
#1444 = CARTESIAN_POINT('',(-3.862500047684,-0.458978965642,
    1.399999976158));
#1445 = DIRECTION('',(1.,0.,0.));
#1446 = DIRECTION('',(0.,0.,-1.));
#1447 = ADVANCED_FACE('',(#1448),#1454,.T.);
#1448 = FACE_BOUND('',#1449,.T.);
#1449 = EDGE_LOOP('',(#1450,#1451,#1452,#1453));
#1450 = ORIENTED_EDGE('',*,*,#1315,.F.);
#1451 = ORIENTED_EDGE('',*,*,#1417,.F.);
#1452 = ORIENTED_EDGE('',*,*,#1386,.F.);
#1453 = ORIENTED_EDGE('',*,*,#1355,.F.);
#1454 = PLANE('',#1455);
#1455 = AXIS2_PLACEMENT_3D('',#1456,#1457,#1458);
#1456 = CARTESIAN_POINT('',(-3.362500047684,-0.458978965642,
    1.399999976158));
#1457 = DIRECTION('',(1.,0.,0.));
#1458 = DIRECTION('',(0.,0.,-1.));
#1459 = ( GEOMETRIC_REPRESENTATION_CONTEXT(3) 
GLOBAL_UNCERTAINTY_ASSIGNED_CONTEXT((#1463)) 
GLOBAL_UNIT_ASSIGNED_CONTEXT((#1460,#1461,#1462)) REPRESENTATION_CONTEXT
('Context #1','3D Context with UNIT and UNCERTAINTY') );
#1460 = ( LENGTH_UNIT() NAMED_UNIT(*) SI_UNIT(.MILLI.,.METRE.) );
#1461 = ( NAMED_UNIT(*) PLANE_ANGLE_UNIT() SI_UNIT($,.RADIAN.) );
#1462 = ( NAMED_UNIT(*) SI_UNIT($,.STERADIAN.) SOLID_ANGLE_UNIT() );
#1463 = UNCERTAINTY_MEASURE_WITH_UNIT(LENGTH_MEASURE(1.E-07),#1460,
  'distance_accuracy_value','confusion accuracy');
#1464 = CONTEXT_DEPENDENT_SHAPE_REPRESENTATION(#1465,#1467);
#1465 = ( REPRESENTATION_RELATIONSHIP('','',#1308,#10) 
REPRESENTATION_RELATIONSHIP_WITH_TRANSFORMATION(#1466) 
SHAPE_REPRESENTATION_RELATIONSHIP() );
#1466 = ITEM_DEFINED_TRANSFORMATION('','',#11,#31);
#1467 = PRODUCT_DEFINITION_SHAPE('Placement','Placement of an item',
  #1468);
#1468 = NEXT_ASSEMBLY_USAGE_OCCURRENCE('5',
  'SW-SMD_SSSS811101~SW-TH_SSSS811101~VVTr004','',#5,#1303,$);
#1469 = PRODUCT_RELATED_PRODUCT_CATEGORY('part',$,(#1305));
#1470 = SHAPE_DEFINITION_REPRESENTATION(#1471,#1477);
#1471 = PRODUCT_DEFINITION_SHAPE('','',#1472);
#1472 = PRODUCT_DEFINITION('design','',#1473,#1476);
#1473 = PRODUCT_DEFINITION_FORMATION('','',#1474);
#1474 = PRODUCT('SW-SMD_SSSS811101~SW-TH_SSSS811101~VVTr005',
  'SW-SMD_SSSS811101~SW-TH_SSSS811101~VVTr005','',(#1475));
#1475 = PRODUCT_CONTEXT('',#2,'mechanical');
#1476 = PRODUCT_DEFINITION_CONTEXT('part definition',#2,'design');
#1477 = ADVANCED_BREP_SHAPE_REPRESENTATION('',(#11,#1478),#1628);
#1478 = MANIFOLD_SOLID_BREP('',#1479);
#1479 = CLOSED_SHELL('',(#1480,#1520,#1551,#1582,#1604,#1616));
#1480 = ADVANCED_FACE('',(#1481),#1515,.F.);
#1481 = FACE_BOUND('',#1482,.T.);
#1482 = EDGE_LOOP('',(#1483,#1493,#1501,#1509));
#1483 = ORIENTED_EDGE('',*,*,#1484,.T.);
#1484 = EDGE_CURVE('',#1485,#1487,#1489,.T.);
#1485 = VERTEX_POINT('',#1486);
#1486 = CARTESIAN_POINT('',(3.337499952316,0.841021034358,0.199999976158
    ));
#1487 = VERTEX_POINT('',#1488);
#1488 = CARTESIAN_POINT('',(3.337499952316,0.441021034358,0.199999976158
    ));
#1489 = LINE('',#1490,#1491);
#1490 = CARTESIAN_POINT('',(3.337499952316,0.841021034358,0.199999976158
    ));
#1491 = VECTOR('',#1492,1.);
#1492 = DIRECTION('',(0.,-1.,0.));
#1493 = ORIENTED_EDGE('',*,*,#1494,.F.);
#1494 = EDGE_CURVE('',#1495,#1487,#1497,.T.);
#1495 = VERTEX_POINT('',#1496);
#1496 = CARTESIAN_POINT('',(3.862499952316,0.441021034358,0.199999976158
    ));
#1497 = LINE('',#1498,#1499);
#1498 = CARTESIAN_POINT('',(3.862499952316,0.441021034358,0.199999976158
    ));
#1499 = VECTOR('',#1500,1.);
#1500 = DIRECTION('',(-1.,-0.,-0.));
#1501 = ORIENTED_EDGE('',*,*,#1502,.F.);
#1502 = EDGE_CURVE('',#1503,#1495,#1505,.T.);
#1503 = VERTEX_POINT('',#1504);
#1504 = CARTESIAN_POINT('',(3.862499952316,0.841021034358,0.199999976158
    ));
#1505 = LINE('',#1506,#1507);
#1506 = CARTESIAN_POINT('',(3.862499952316,0.841021034358,0.199999976158
    ));
#1507 = VECTOR('',#1508,1.);
#1508 = DIRECTION('',(0.,-1.,0.));
#1509 = ORIENTED_EDGE('',*,*,#1510,.T.);
#1510 = EDGE_CURVE('',#1503,#1485,#1511,.T.);
#1511 = LINE('',#1512,#1513);
#1512 = CARTESIAN_POINT('',(3.862499952316,0.841021034358,0.199999976158
    ));
#1513 = VECTOR('',#1514,1.);
#1514 = DIRECTION('',(-1.,-0.,-0.));
#1515 = PLANE('',#1516);
#1516 = AXIS2_PLACEMENT_3D('',#1517,#1518,#1519);
#1517 = CARTESIAN_POINT('',(3.862499952316,0.841021034358,0.199999976158
    ));
#1518 = DIRECTION('',(0.,0.,-1.));
#1519 = DIRECTION('',(-1.,0.,0.));
#1520 = ADVANCED_FACE('',(#1521),#1546,.F.);
#1521 = FACE_BOUND('',#1522,.T.);
#1522 = EDGE_LOOP('',(#1523,#1531,#1539,#1545));
#1523 = ORIENTED_EDGE('',*,*,#1524,.T.);
#1524 = EDGE_CURVE('',#1487,#1525,#1527,.T.);
#1525 = VERTEX_POINT('',#1526);
#1526 = CARTESIAN_POINT('',(3.337499952316,0.441021034358,
    -2.384185759929E-08));
#1527 = LINE('',#1528,#1529);
#1528 = CARTESIAN_POINT('',(3.337499952316,0.441021034358,0.199999976158
    ));
#1529 = VECTOR('',#1530,1.);
#1530 = DIRECTION('',(0.,0.,-1.));
#1531 = ORIENTED_EDGE('',*,*,#1532,.F.);
#1532 = EDGE_CURVE('',#1533,#1525,#1535,.T.);
#1533 = VERTEX_POINT('',#1534);
#1534 = CARTESIAN_POINT('',(3.862499952316,0.441021034358,
    -2.384185759929E-08));
#1535 = LINE('',#1536,#1537);
#1536 = CARTESIAN_POINT('',(3.862499952316,0.441021034358,
    -2.384185759929E-08));
#1537 = VECTOR('',#1538,1.);
#1538 = DIRECTION('',(-1.,-0.,-0.));
#1539 = ORIENTED_EDGE('',*,*,#1540,.F.);
#1540 = EDGE_CURVE('',#1495,#1533,#1541,.T.);
#1541 = LINE('',#1542,#1543);
#1542 = CARTESIAN_POINT('',(3.862499952316,0.441021034358,0.199999976158
    ));
#1543 = VECTOR('',#1544,1.);
#1544 = DIRECTION('',(0.,0.,-1.));
#1545 = ORIENTED_EDGE('',*,*,#1494,.T.);
#1546 = PLANE('',#1547);
#1547 = AXIS2_PLACEMENT_3D('',#1548,#1549,#1550);
#1548 = CARTESIAN_POINT('',(3.862499952316,0.441021034358,0.199999976158
    ));
#1549 = DIRECTION('',(0.,1.,0.));
#1550 = DIRECTION('',(0.,-0.,1.));
#1551 = ADVANCED_FACE('',(#1552),#1577,.F.);
#1552 = FACE_BOUND('',#1553,.T.);
#1553 = EDGE_LOOP('',(#1554,#1562,#1570,#1576));
#1554 = ORIENTED_EDGE('',*,*,#1555,.T.);
#1555 = EDGE_CURVE('',#1525,#1556,#1558,.T.);
#1556 = VERTEX_POINT('',#1557);
#1557 = CARTESIAN_POINT('',(3.337499952316,0.841021034358,
    -2.384185759929E-08));
#1558 = LINE('',#1559,#1560);
#1559 = CARTESIAN_POINT('',(3.337499952316,0.841021034358,
    -2.384185759929E-08));
#1560 = VECTOR('',#1561,1.);
#1561 = DIRECTION('',(0.,1.,0.));
#1562 = ORIENTED_EDGE('',*,*,#1563,.F.);
#1563 = EDGE_CURVE('',#1564,#1556,#1566,.T.);
#1564 = VERTEX_POINT('',#1565);
#1565 = CARTESIAN_POINT('',(3.862499952316,0.841021034358,
    -2.384185759929E-08));
#1566 = LINE('',#1567,#1568);
#1567 = CARTESIAN_POINT('',(3.862499952316,0.841021034358,
    -2.384185759929E-08));
#1568 = VECTOR('',#1569,1.);
#1569 = DIRECTION('',(-1.,-0.,-0.));
#1570 = ORIENTED_EDGE('',*,*,#1571,.F.);
#1571 = EDGE_CURVE('',#1533,#1564,#1572,.T.);
#1572 = LINE('',#1573,#1574);
#1573 = CARTESIAN_POINT('',(3.862499952316,0.841021034358,
    -2.384185759929E-08));
#1574 = VECTOR('',#1575,1.);
#1575 = DIRECTION('',(0.,1.,0.));
#1576 = ORIENTED_EDGE('',*,*,#1532,.T.);
#1577 = PLANE('',#1578);
#1578 = AXIS2_PLACEMENT_3D('',#1579,#1580,#1581);
#1579 = CARTESIAN_POINT('',(3.862499952316,0.841021034358,
    -2.384185759929E-08));
#1580 = DIRECTION('',(0.,0.,1.));
#1581 = DIRECTION('',(1.,0.,-0.));
#1582 = ADVANCED_FACE('',(#1583),#1599,.F.);
#1583 = FACE_BOUND('',#1584,.T.);
#1584 = EDGE_LOOP('',(#1585,#1591,#1592,#1598));
#1585 = ORIENTED_EDGE('',*,*,#1586,.T.);
#1586 = EDGE_CURVE('',#1556,#1485,#1587,.T.);
#1587 = LINE('',#1588,#1589);
#1588 = CARTESIAN_POINT('',(3.337499952316,0.841021034358,0.199999976158
    ));
#1589 = VECTOR('',#1590,1.);
#1590 = DIRECTION('',(0.,0.,1.));
#1591 = ORIENTED_EDGE('',*,*,#1510,.F.);
#1592 = ORIENTED_EDGE('',*,*,#1593,.F.);
#1593 = EDGE_CURVE('',#1564,#1503,#1594,.T.);
#1594 = LINE('',#1595,#1596);
#1595 = CARTESIAN_POINT('',(3.862499952316,0.841021034358,0.199999976158
    ));
#1596 = VECTOR('',#1597,1.);
#1597 = DIRECTION('',(0.,0.,1.));
#1598 = ORIENTED_EDGE('',*,*,#1563,.T.);
#1599 = PLANE('',#1600);
#1600 = AXIS2_PLACEMENT_3D('',#1601,#1602,#1603);
#1601 = CARTESIAN_POINT('',(3.862499952316,0.841021034358,0.199999976158
    ));
#1602 = DIRECTION('',(0.,-1.,0.));
#1603 = DIRECTION('',(0.,0.,-1.));
#1604 = ADVANCED_FACE('',(#1605),#1611,.T.);
#1605 = FACE_BOUND('',#1606,.T.);
#1606 = EDGE_LOOP('',(#1607,#1608,#1609,#1610));
#1607 = ORIENTED_EDGE('',*,*,#1502,.T.);
#1608 = ORIENTED_EDGE('',*,*,#1540,.T.);
#1609 = ORIENTED_EDGE('',*,*,#1571,.T.);
#1610 = ORIENTED_EDGE('',*,*,#1593,.T.);
#1611 = PLANE('',#1612);
#1612 = AXIS2_PLACEMENT_3D('',#1613,#1614,#1615);
#1613 = CARTESIAN_POINT('',(3.862499952316,-0.458978965642,
    1.399999976158));
#1614 = DIRECTION('',(1.,0.,0.));
#1615 = DIRECTION('',(0.,0.,-1.));
#1616 = ADVANCED_FACE('',(#1617),#1623,.F.);
#1617 = FACE_BOUND('',#1618,.T.);
#1618 = EDGE_LOOP('',(#1619,#1620,#1621,#1622));
#1619 = ORIENTED_EDGE('',*,*,#1484,.F.);
#1620 = ORIENTED_EDGE('',*,*,#1586,.F.);
#1621 = ORIENTED_EDGE('',*,*,#1555,.F.);
#1622 = ORIENTED_EDGE('',*,*,#1524,.F.);
#1623 = PLANE('',#1624);
#1624 = AXIS2_PLACEMENT_3D('',#1625,#1626,#1627);
#1625 = CARTESIAN_POINT('',(3.337499952316,-0.458978965642,
    1.399999976158));
#1626 = DIRECTION('',(1.,0.,0.));
#1627 = DIRECTION('',(0.,0.,-1.));
#1628 = ( GEOMETRIC_REPRESENTATION_CONTEXT(3) 
GLOBAL_UNCERTAINTY_ASSIGNED_CONTEXT((#1632)) 
GLOBAL_UNIT_ASSIGNED_CONTEXT((#1629,#1630,#1631)) REPRESENTATION_CONTEXT
('Context #1','3D Context with UNIT and UNCERTAINTY') );
#1629 = ( LENGTH_UNIT() NAMED_UNIT(*) SI_UNIT(.MILLI.,.METRE.) );
#1630 = ( NAMED_UNIT(*) PLANE_ANGLE_UNIT() SI_UNIT($,.RADIAN.) );
#1631 = ( NAMED_UNIT(*) SI_UNIT($,.STERADIAN.) SOLID_ANGLE_UNIT() );
#1632 = UNCERTAINTY_MEASURE_WITH_UNIT(LENGTH_MEASURE(1.E-07),#1629,
  'distance_accuracy_value','confusion accuracy');
#1633 = CONTEXT_DEPENDENT_SHAPE_REPRESENTATION(#1634,#1636);
#1634 = ( REPRESENTATION_RELATIONSHIP('','',#1477,#10) 
REPRESENTATION_RELATIONSHIP_WITH_TRANSFORMATION(#1635) 
SHAPE_REPRESENTATION_RELATIONSHIP() );
#1635 = ITEM_DEFINED_TRANSFORMATION('','',#11,#35);
#1636 = PRODUCT_DEFINITION_SHAPE('Placement','Placement of an item',
  #1637);
#1637 = NEXT_ASSEMBLY_USAGE_OCCURRENCE('6',
  'SW-SMD_SSSS811101~SW-TH_SSSS811101~VVTr005','',#5,#1472,$);
#1638 = PRODUCT_RELATED_PRODUCT_CATEGORY('part',$,(#1474));
#1639 = SHAPE_DEFINITION_REPRESENTATION(#1640,#1646);
#1640 = PRODUCT_DEFINITION_SHAPE('','',#1641);
#1641 = PRODUCT_DEFINITION('design','',#1642,#1645);
#1642 = PRODUCT_DEFINITION_FORMATION('','',#1643);
#1643 = PRODUCT('SW-SMD_SSSS811101~SW-TH_SSSS811101~VVTr006',
  'SW-SMD_SSSS811101~SW-TH_SSSS811101~VVTr006','',(#1644));
#1644 = PRODUCT_CONTEXT('',#2,'mechanical');
#1645 = PRODUCT_DEFINITION_CONTEXT('part definition',#2,'design');
#1646 = ADVANCED_BREP_SHAPE_REPRESENTATION('',(#11,#1647),#1797);
#1647 = MANIFOLD_SOLID_BREP('',#1648);
#1648 = CLOSED_SHELL('',(#1649,#1689,#1720,#1751,#1773,#1785));
#1649 = ADVANCED_FACE('',(#1650),#1684,.F.);
#1650 = FACE_BOUND('',#1651,.T.);
#1651 = EDGE_LOOP('',(#1652,#1662,#1670,#1678));
#1652 = ORIENTED_EDGE('',*,*,#1653,.T.);
#1653 = EDGE_CURVE('',#1654,#1656,#1658,.T.);
#1654 = VERTEX_POINT('',#1655);
#1655 = CARTESIAN_POINT('',(3.337499952316,-1.358978965642,
    0.199999976158));
#1656 = VERTEX_POINT('',#1657);
#1657 = CARTESIAN_POINT('',(3.337499952316,-1.758978965642,
    0.199999976158));
#1658 = LINE('',#1659,#1660);
#1659 = CARTESIAN_POINT('',(3.337499952316,-1.358978965642,
    0.199999976158));
#1660 = VECTOR('',#1661,1.);
#1661 = DIRECTION('',(0.,-1.,0.));
#1662 = ORIENTED_EDGE('',*,*,#1663,.F.);
#1663 = EDGE_CURVE('',#1664,#1656,#1666,.T.);
#1664 = VERTEX_POINT('',#1665);
#1665 = CARTESIAN_POINT('',(3.862499952316,-1.758978965642,
    0.199999976158));
#1666 = LINE('',#1667,#1668);
#1667 = CARTESIAN_POINT('',(3.862499952316,-1.758978965642,
    0.199999976158));
#1668 = VECTOR('',#1669,1.);
#1669 = DIRECTION('',(-1.,-0.,-0.));
#1670 = ORIENTED_EDGE('',*,*,#1671,.F.);
#1671 = EDGE_CURVE('',#1672,#1664,#1674,.T.);
#1672 = VERTEX_POINT('',#1673);
#1673 = CARTESIAN_POINT('',(3.862499952316,-1.358978965642,
    0.199999976158));
#1674 = LINE('',#1675,#1676);
#1675 = CARTESIAN_POINT('',(3.862499952316,-1.358978965642,
    0.199999976158));
#1676 = VECTOR('',#1677,1.);
#1677 = DIRECTION('',(0.,-1.,0.));
#1678 = ORIENTED_EDGE('',*,*,#1679,.T.);
#1679 = EDGE_CURVE('',#1672,#1654,#1680,.T.);
#1680 = LINE('',#1681,#1682);
#1681 = CARTESIAN_POINT('',(3.862499952316,-1.358978965642,
    0.199999976158));
#1682 = VECTOR('',#1683,1.);
#1683 = DIRECTION('',(-1.,-0.,-0.));
#1684 = PLANE('',#1685);
#1685 = AXIS2_PLACEMENT_3D('',#1686,#1687,#1688);
#1686 = CARTESIAN_POINT('',(3.862499952316,-1.358978965642,
    0.199999976158));
#1687 = DIRECTION('',(0.,0.,-1.));
#1688 = DIRECTION('',(-1.,0.,0.));
#1689 = ADVANCED_FACE('',(#1690),#1715,.F.);
#1690 = FACE_BOUND('',#1691,.T.);
#1691 = EDGE_LOOP('',(#1692,#1700,#1708,#1714));
#1692 = ORIENTED_EDGE('',*,*,#1693,.T.);
#1693 = EDGE_CURVE('',#1656,#1694,#1696,.T.);
#1694 = VERTEX_POINT('',#1695);
#1695 = CARTESIAN_POINT('',(3.337499952316,-1.758978965642,
    -2.384185759929E-08));
#1696 = LINE('',#1697,#1698);
#1697 = CARTESIAN_POINT('',(3.337499952316,-1.758978965642,
    0.199999976158));
#1698 = VECTOR('',#1699,1.);
#1699 = DIRECTION('',(0.,0.,-1.));
#1700 = ORIENTED_EDGE('',*,*,#1701,.F.);
#1701 = EDGE_CURVE('',#1702,#1694,#1704,.T.);
#1702 = VERTEX_POINT('',#1703);
#1703 = CARTESIAN_POINT('',(3.862499952316,-1.758978965642,
    -2.384185759929E-08));
#1704 = LINE('',#1705,#1706);
#1705 = CARTESIAN_POINT('',(3.862499952316,-1.758978965642,
    -2.384185759929E-08));
#1706 = VECTOR('',#1707,1.);
#1707 = DIRECTION('',(-1.,-0.,-0.));
#1708 = ORIENTED_EDGE('',*,*,#1709,.F.);
#1709 = EDGE_CURVE('',#1664,#1702,#1710,.T.);
#1710 = LINE('',#1711,#1712);
#1711 = CARTESIAN_POINT('',(3.862499952316,-1.758978965642,
    0.199999976158));
#1712 = VECTOR('',#1713,1.);
#1713 = DIRECTION('',(0.,0.,-1.));
#1714 = ORIENTED_EDGE('',*,*,#1663,.T.);
#1715 = PLANE('',#1716);
#1716 = AXIS2_PLACEMENT_3D('',#1717,#1718,#1719);
#1717 = CARTESIAN_POINT('',(3.862499952316,-1.758978965642,
    0.199999976158));
#1718 = DIRECTION('',(0.,1.,0.));
#1719 = DIRECTION('',(0.,-0.,1.));
#1720 = ADVANCED_FACE('',(#1721),#1746,.F.);
#1721 = FACE_BOUND('',#1722,.T.);
#1722 = EDGE_LOOP('',(#1723,#1731,#1739,#1745));
#1723 = ORIENTED_EDGE('',*,*,#1724,.T.);
#1724 = EDGE_CURVE('',#1694,#1725,#1727,.T.);
#1725 = VERTEX_POINT('',#1726);
#1726 = CARTESIAN_POINT('',(3.337499952316,-1.358978965642,
    -2.384185759929E-08));
#1727 = LINE('',#1728,#1729);
#1728 = CARTESIAN_POINT('',(3.337499952316,-1.358978965642,
    -2.384185759929E-08));
#1729 = VECTOR('',#1730,1.);
#1730 = DIRECTION('',(0.,1.,0.));
#1731 = ORIENTED_EDGE('',*,*,#1732,.F.);
#1732 = EDGE_CURVE('',#1733,#1725,#1735,.T.);
#1733 = VERTEX_POINT('',#1734);
#1734 = CARTESIAN_POINT('',(3.862499952316,-1.358978965642,
    -2.384185759929E-08));
#1735 = LINE('',#1736,#1737);
#1736 = CARTESIAN_POINT('',(3.862499952316,-1.358978965642,
    -2.384185759929E-08));
#1737 = VECTOR('',#1738,1.);
#1738 = DIRECTION('',(-1.,-0.,-0.));
#1739 = ORIENTED_EDGE('',*,*,#1740,.F.);
#1740 = EDGE_CURVE('',#1702,#1733,#1741,.T.);
#1741 = LINE('',#1742,#1743);
#1742 = CARTESIAN_POINT('',(3.862499952316,-1.358978965642,
    -2.384185759929E-08));
#1743 = VECTOR('',#1744,1.);
#1744 = DIRECTION('',(0.,1.,0.));
#1745 = ORIENTED_EDGE('',*,*,#1701,.T.);
#1746 = PLANE('',#1747);
#1747 = AXIS2_PLACEMENT_3D('',#1748,#1749,#1750);
#1748 = CARTESIAN_POINT('',(3.862499952316,-1.358978965642,
    -2.384185759929E-08));
#1749 = DIRECTION('',(0.,0.,1.));
#1750 = DIRECTION('',(1.,0.,-0.));
#1751 = ADVANCED_FACE('',(#1752),#1768,.F.);
#1752 = FACE_BOUND('',#1753,.T.);
#1753 = EDGE_LOOP('',(#1754,#1760,#1761,#1767));
#1754 = ORIENTED_EDGE('',*,*,#1755,.T.);
#1755 = EDGE_CURVE('',#1725,#1654,#1756,.T.);
#1756 = LINE('',#1757,#1758);
#1757 = CARTESIAN_POINT('',(3.337499952316,-1.358978965642,
    0.199999976158));
#1758 = VECTOR('',#1759,1.);
#1759 = DIRECTION('',(0.,0.,1.));
#1760 = ORIENTED_EDGE('',*,*,#1679,.F.);
#1761 = ORIENTED_EDGE('',*,*,#1762,.F.);
#1762 = EDGE_CURVE('',#1733,#1672,#1763,.T.);
#1763 = LINE('',#1764,#1765);
#1764 = CARTESIAN_POINT('',(3.862499952316,-1.358978965642,
    0.199999976158));
#1765 = VECTOR('',#1766,1.);
#1766 = DIRECTION('',(0.,0.,1.));
#1767 = ORIENTED_EDGE('',*,*,#1732,.T.);
#1768 = PLANE('',#1769);
#1769 = AXIS2_PLACEMENT_3D('',#1770,#1771,#1772);
#1770 = CARTESIAN_POINT('',(3.862499952316,-1.358978965642,
    0.199999976158));
#1771 = DIRECTION('',(0.,-1.,0.));
#1772 = DIRECTION('',(0.,0.,-1.));
#1773 = ADVANCED_FACE('',(#1774),#1780,.T.);
#1774 = FACE_BOUND('',#1775,.T.);
#1775 = EDGE_LOOP('',(#1776,#1777,#1778,#1779));
#1776 = ORIENTED_EDGE('',*,*,#1671,.T.);
#1777 = ORIENTED_EDGE('',*,*,#1709,.T.);
#1778 = ORIENTED_EDGE('',*,*,#1740,.T.);
#1779 = ORIENTED_EDGE('',*,*,#1762,.T.);
#1780 = PLANE('',#1781);
#1781 = AXIS2_PLACEMENT_3D('',#1782,#1783,#1784);
#1782 = CARTESIAN_POINT('',(3.862499952316,-0.458978965642,
    1.399999976158));
#1783 = DIRECTION('',(1.,0.,0.));
#1784 = DIRECTION('',(0.,0.,-1.));
#1785 = ADVANCED_FACE('',(#1786),#1792,.F.);
#1786 = FACE_BOUND('',#1787,.T.);
#1787 = EDGE_LOOP('',(#1788,#1789,#1790,#1791));
#1788 = ORIENTED_EDGE('',*,*,#1653,.F.);
#1789 = ORIENTED_EDGE('',*,*,#1755,.F.);
#1790 = ORIENTED_EDGE('',*,*,#1724,.F.);
#1791 = ORIENTED_EDGE('',*,*,#1693,.F.);
#1792 = PLANE('',#1793);
#1793 = AXIS2_PLACEMENT_3D('',#1794,#1795,#1796);
#1794 = CARTESIAN_POINT('',(3.337499952316,-0.458978965642,
    1.399999976158));
#1795 = DIRECTION('',(1.,0.,0.));
#1796 = DIRECTION('',(0.,0.,-1.));
#1797 = ( GEOMETRIC_REPRESENTATION_CONTEXT(3) 
GLOBAL_UNCERTAINTY_ASSIGNED_CONTEXT((#1801)) 
GLOBAL_UNIT_ASSIGNED_CONTEXT((#1798,#1799,#1800)) REPRESENTATION_CONTEXT
('Context #1','3D Context with UNIT and UNCERTAINTY') );
#1798 = ( LENGTH_UNIT() NAMED_UNIT(*) SI_UNIT(.MILLI.,.METRE.) );
#1799 = ( NAMED_UNIT(*) PLANE_ANGLE_UNIT() SI_UNIT($,.RADIAN.) );
#1800 = ( NAMED_UNIT(*) SI_UNIT($,.STERADIAN.) SOLID_ANGLE_UNIT() );
#1801 = UNCERTAINTY_MEASURE_WITH_UNIT(LENGTH_MEASURE(1.E-07),#1798,
  'distance_accuracy_value','confusion accuracy');
#1802 = CONTEXT_DEPENDENT_SHAPE_REPRESENTATION(#1803,#1805);
#1803 = ( REPRESENTATION_RELATIONSHIP('','',#1646,#10) 
REPRESENTATION_RELATIONSHIP_WITH_TRANSFORMATION(#1804) 
SHAPE_REPRESENTATION_RELATIONSHIP() );
#1804 = ITEM_DEFINED_TRANSFORMATION('','',#11,#39);
#1805 = PRODUCT_DEFINITION_SHAPE('Placement','Placement of an item',
  #1806);
#1806 = NEXT_ASSEMBLY_USAGE_OCCURRENCE('7',
  'SW-SMD_SSSS811101~SW-TH_SSSS811101~VVTr006','',#5,#1641,$);
#1807 = PRODUCT_RELATED_PRODUCT_CATEGORY('part',$,(#1643));
#1808 = SHAPE_DEFINITION_REPRESENTATION(#1809,#1815);
#1809 = PRODUCT_DEFINITION_SHAPE('','',#1810);
#1810 = PRODUCT_DEFINITION('design','',#1811,#1814);
#1811 = PRODUCT_DEFINITION_FORMATION('','',#1812);
#1812 = PRODUCT('SW-SMD_SSSS811101~SW-TH_SSSS811101~VVTr007',
  'SW-SMD_SSSS811101~SW-TH_SSSS811101~VVTr007','',(#1813));
#1813 = PRODUCT_CONTEXT('',#2,'mechanical');
#1814 = PRODUCT_DEFINITION_CONTEXT('part definition',#2,'design');
#1815 = ADVANCED_BREP_SHAPE_REPRESENTATION('',(#11,#1816),#1970);
#1816 = MANIFOLD_SOLID_BREP('',#1817);
#1817 = CLOSED_SHELL('',(#1818,#1869,#1901,#1925,#1941,#1951));
#1818 = ADVANCED_FACE('',(#1819),#1857,.T.);
#1819 = FACE_BOUND('',#1820,.T.);
#1820 = EDGE_LOOP('',(#1821,#1832,#1841,#1850));
#1821 = ORIENTED_EDGE('',*,*,#1822,.F.);
#1822 = EDGE_CURVE('',#1823,#1825,#1827,.T.);
#1823 = VERTEX_POINT('',#1824);
#1824 = CARTESIAN_POINT('',(1.887499952316,-0.458978965642,
    -0.200000023842));
#1825 = VERTEX_POINT('',#1826);
#1826 = CARTESIAN_POINT('',(1.087499952316,-0.458978965642,
    -0.200000023842));
#1827 = CIRCLE('',#1828,0.4);
#1828 = AXIS2_PLACEMENT_3D('',#1829,#1830,#1831);
#1829 = CARTESIAN_POINT('',(1.487499952316,-0.458978965642,
    -0.200000023842));
#1830 = DIRECTION('',(0.,0.,1.));
#1831 = DIRECTION('',(-1.,0.,0.));
#1832 = ORIENTED_EDGE('',*,*,#1833,.T.);
#1833 = EDGE_CURVE('',#1823,#1834,#1836,.T.);
#1834 = VERTEX_POINT('',#1835);
#1835 = CARTESIAN_POINT('',(1.587499952316,-0.458978965642,
    -0.500000023842));
#1836 = CIRCLE('',#1837,0.3);
#1837 = AXIS2_PLACEMENT_3D('',#1838,#1839,#1840);
#1838 = CARTESIAN_POINT('',(1.587499952316,-0.458978965642,
    -0.200000023842));
#1839 = DIRECTION('',(-1.224646799147E-16,1.,0.));
#1840 = DIRECTION('',(-1.,-1.224646799147E-16,0.));
#1841 = ORIENTED_EDGE('',*,*,#1842,.F.);
#1842 = EDGE_CURVE('',#1843,#1834,#1845,.T.);
#1843 = VERTEX_POINT('',#1844);
#1844 = CARTESIAN_POINT('',(1.387499952316,-0.458978965642,
    -0.500000023842));
#1845 = CIRCLE('',#1846,0.1);
#1846 = AXIS2_PLACEMENT_3D('',#1847,#1848,#1849);
#1847 = CARTESIAN_POINT('',(1.487499952316,-0.458978965642,
    -0.500000023842));
#1848 = DIRECTION('',(0.,0.,-1.));
#1849 = DIRECTION('',(-1.,0.,0.));
#1850 = ORIENTED_EDGE('',*,*,#1851,.F.);
#1851 = EDGE_CURVE('',#1825,#1843,#1852,.T.);
#1852 = CIRCLE('',#1853,0.3);
#1853 = AXIS2_PLACEMENT_3D('',#1854,#1855,#1856);
#1854 = CARTESIAN_POINT('',(1.387499952316,-0.458978965642,
    -0.200000023842));
#1855 = DIRECTION('',(0.,-1.,0.));
#1856 = DIRECTION('',(0.,0.,-1.));
#1857 = SURFACE_OF_REVOLUTION('',#1858,#1866);
#1858 = B_SPLINE_CURVE_WITH_KNOTS('',6,(#1859,#1860,#1861,#1862,#1863,
    #1864,#1865),.UNSPECIFIED.,.F.,.F.,(7,7),(0.,1.570796326795),
  .PIECEWISE_BEZIER_KNOTS.);
#1859 = CARTESIAN_POINT('',(1.087499952316,-0.458978965642,
    -0.200000023842));
#1860 = CARTESIAN_POINT('',(1.087499952316,-0.458978965642,
    -0.278539840182));
#1861 = CARTESIAN_POINT('',(1.112168258122,-0.458978965642,
    -0.357072974053));
#1862 = CARTESIAN_POINT('',(1.161542907424,-0.458978965642,
    -0.425957068734));
#1863 = CARTESIAN_POINT('',(1.230427002105,-0.458978965642,
    -0.475331718036));
#1864 = CARTESIAN_POINT('',(1.308960135977,-0.458978965642,
    -0.500000023842));
#1865 = CARTESIAN_POINT('',(1.387499952316,-0.458978965642,
    -0.500000023842));
#1866 = AXIS1_PLACEMENT('',#1867,#1868);
#1867 = CARTESIAN_POINT('',(1.487499952316,-0.458978965642,
    -0.200000023842));
#1868 = DIRECTION('',(0.,0.,-1.));
#1869 = ADVANCED_FACE('',(#1870),#1896,.T.);
#1870 = FACE_BOUND('',#1871,.T.);
#1871 = EDGE_LOOP('',(#1872,#1873,#1881,#1890));
#1872 = ORIENTED_EDGE('',*,*,#1822,.T.);
#1873 = ORIENTED_EDGE('',*,*,#1874,.T.);
#1874 = EDGE_CURVE('',#1825,#1875,#1877,.T.);
#1875 = VERTEX_POINT('',#1876);
#1876 = CARTESIAN_POINT('',(1.087499952316,-0.458978965642,
    -2.384185759929E-08));
#1877 = LINE('',#1878,#1879);
#1878 = CARTESIAN_POINT('',(1.087499952316,-0.458978965642,
    -0.500000023842));
#1879 = VECTOR('',#1880,1.);
#1880 = DIRECTION('',(0.,0.,1.));
#1881 = ORIENTED_EDGE('',*,*,#1882,.T.);
#1882 = EDGE_CURVE('',#1875,#1883,#1885,.T.);
#1883 = VERTEX_POINT('',#1884);
#1884 = CARTESIAN_POINT('',(1.887499952316,-0.458978965642,
    -2.384185759929E-08));
#1885 = CIRCLE('',#1886,0.4);
#1886 = AXIS2_PLACEMENT_3D('',#1887,#1888,#1889);
#1887 = CARTESIAN_POINT('',(1.487499952316,-0.458978965642,
    -2.384185759929E-08));
#1888 = DIRECTION('',(0.,0.,-1.));
#1889 = DIRECTION('',(-1.,0.,0.));
#1890 = ORIENTED_EDGE('',*,*,#1891,.F.);
#1891 = EDGE_CURVE('',#1823,#1883,#1892,.T.);
#1892 = LINE('',#1893,#1894);
#1893 = CARTESIAN_POINT('',(1.887499952316,-0.458978965642,
    -0.500000023842));
#1894 = VECTOR('',#1895,1.);
#1895 = DIRECTION('',(0.,0.,1.));
#1896 = CYLINDRICAL_SURFACE('',#1897,0.4);
#1897 = AXIS2_PLACEMENT_3D('',#1898,#1899,#1900);
#1898 = CARTESIAN_POINT('',(1.487499952316,-0.458978965642,
    -0.500000023842));
#1899 = DIRECTION('',(0.,0.,1.));
#1900 = DIRECTION('',(1.,0.,-0.));
#1901 = ADVANCED_FACE('',(#1902),#1920,.T.);
#1902 = FACE_BOUND('',#1903,.T.);
#1903 = EDGE_LOOP('',(#1904,#1905,#1912,#1913));
#1904 = ORIENTED_EDGE('',*,*,#1874,.F.);
#1905 = ORIENTED_EDGE('',*,*,#1906,.T.);
#1906 = EDGE_CURVE('',#1825,#1823,#1907,.T.);
#1907 = CIRCLE('',#1908,0.4);
#1908 = AXIS2_PLACEMENT_3D('',#1909,#1910,#1911);
#1909 = CARTESIAN_POINT('',(1.487499952316,-0.458978965642,
    -0.200000023842));
#1910 = DIRECTION('',(0.,0.,1.));
#1911 = DIRECTION('',(-1.,0.,0.));
#1912 = ORIENTED_EDGE('',*,*,#1891,.T.);
#1913 = ORIENTED_EDGE('',*,*,#1914,.T.);
#1914 = EDGE_CURVE('',#1883,#1875,#1915,.T.);
#1915 = CIRCLE('',#1916,0.4);
#1916 = AXIS2_PLACEMENT_3D('',#1917,#1918,#1919);
#1917 = CARTESIAN_POINT('',(1.487499952316,-0.458978965642,
    -2.384185759929E-08));
#1918 = DIRECTION('',(0.,0.,-1.));
#1919 = DIRECTION('',(-1.,0.,0.));
#1920 = CYLINDRICAL_SURFACE('',#1921,0.4);
#1921 = AXIS2_PLACEMENT_3D('',#1922,#1923,#1924);
#1922 = CARTESIAN_POINT('',(1.487499952316,-0.458978965642,
    -0.500000023842));
#1923 = DIRECTION('',(0.,0.,1.));
#1924 = DIRECTION('',(1.,0.,-0.));
#1925 = ADVANCED_FACE('',(#1926),#1936,.T.);
#1926 = FACE_BOUND('',#1927,.T.);
#1927 = EDGE_LOOP('',(#1928,#1929));
#1928 = ORIENTED_EDGE('',*,*,#1842,.T.);
#1929 = ORIENTED_EDGE('',*,*,#1930,.T.);
#1930 = EDGE_CURVE('',#1834,#1843,#1931,.T.);
#1931 = CIRCLE('',#1932,0.1);
#1932 = AXIS2_PLACEMENT_3D('',#1933,#1934,#1935);
#1933 = CARTESIAN_POINT('',(1.487499952316,-0.458978965642,
    -0.500000023842));
#1934 = DIRECTION('',(0.,0.,-1.));
#1935 = DIRECTION('',(-1.,0.,0.));
#1936 = PLANE('',#1937);
#1937 = AXIS2_PLACEMENT_3D('',#1938,#1939,#1940);
#1938 = CARTESIAN_POINT('',(1.487499952316,-0.458978965642,
    -0.500000023842));
#1939 = DIRECTION('',(0.,0.,-1.));
#1940 = DIRECTION('',(-1.,0.,0.));
#1941 = ADVANCED_FACE('',(#1942),#1946,.F.);
#1942 = FACE_BOUND('',#1943,.T.);
#1943 = EDGE_LOOP('',(#1944,#1945));
#1944 = ORIENTED_EDGE('',*,*,#1914,.F.);
#1945 = ORIENTED_EDGE('',*,*,#1882,.F.);
#1946 = PLANE('',#1947);
#1947 = AXIS2_PLACEMENT_3D('',#1948,#1949,#1950);
#1948 = CARTESIAN_POINT('',(1.487499952316,-0.458978965642,
    -2.384185759929E-08));
#1949 = DIRECTION('',(0.,0.,-1.));
#1950 = DIRECTION('',(-1.,0.,0.));
#1951 = ADVANCED_FACE('',(#1952),#1958,.T.);
#1952 = FACE_BOUND('',#1953,.T.);
#1953 = EDGE_LOOP('',(#1954,#1955,#1956,#1957));
#1954 = ORIENTED_EDGE('',*,*,#1833,.F.);
#1955 = ORIENTED_EDGE('',*,*,#1906,.F.);
#1956 = ORIENTED_EDGE('',*,*,#1851,.T.);
#1957 = ORIENTED_EDGE('',*,*,#1930,.F.);
#1958 = SURFACE_OF_REVOLUTION('',#1959,#1967);
#1959 = B_SPLINE_CURVE_WITH_KNOTS('',6,(#1960,#1961,#1962,#1963,#1964,
    #1965,#1966),.UNSPECIFIED.,.F.,.F.,(7,7),(0.,1.570796326795),
  .PIECEWISE_BEZIER_KNOTS.);
#1960 = CARTESIAN_POINT('',(1.087499952316,-0.458978965642,
    -0.200000023842));
#1961 = CARTESIAN_POINT('',(1.087499952316,-0.458978965642,
    -0.278539840182));
#1962 = CARTESIAN_POINT('',(1.112168258122,-0.458978965642,
    -0.357072974053));
#1963 = CARTESIAN_POINT('',(1.161542907424,-0.458978965642,
    -0.425957068734));
#1964 = CARTESIAN_POINT('',(1.230427002105,-0.458978965642,
    -0.475331718036));
#1965 = CARTESIAN_POINT('',(1.308960135977,-0.458978965642,
    -0.500000023842));
#1966 = CARTESIAN_POINT('',(1.387499952316,-0.458978965642,
    -0.500000023842));
#1967 = AXIS1_PLACEMENT('',#1968,#1969);
#1968 = CARTESIAN_POINT('',(1.487499952316,-0.458978965642,
    -0.200000023842));
#1969 = DIRECTION('',(0.,0.,-1.));
#1970 = ( GEOMETRIC_REPRESENTATION_CONTEXT(3) 
GLOBAL_UNCERTAINTY_ASSIGNED_CONTEXT((#1974)) 
GLOBAL_UNIT_ASSIGNED_CONTEXT((#1971,#1972,#1973)) REPRESENTATION_CONTEXT
('Context #1','3D Context with UNIT and UNCERTAINTY') );
#1971 = ( LENGTH_UNIT() NAMED_UNIT(*) SI_UNIT(.MILLI.,.METRE.) );
#1972 = ( NAMED_UNIT(*) PLANE_ANGLE_UNIT() SI_UNIT($,.RADIAN.) );
#1973 = ( NAMED_UNIT(*) SI_UNIT($,.STERADIAN.) SOLID_ANGLE_UNIT() );
#1974 = UNCERTAINTY_MEASURE_WITH_UNIT(LENGTH_MEASURE(0.2),#1971,
  'distance_accuracy_value','confusion accuracy');
#1975 = CONTEXT_DEPENDENT_SHAPE_REPRESENTATION(#1976,#1978);
#1976 = ( REPRESENTATION_RELATIONSHIP('','',#1815,#10) 
REPRESENTATION_RELATIONSHIP_WITH_TRANSFORMATION(#1977) 
SHAPE_REPRESENTATION_RELATIONSHIP() );
#1977 = ITEM_DEFINED_TRANSFORMATION('','',#11,#43);
#1978 = PRODUCT_DEFINITION_SHAPE('Placement','Placement of an item',
  #1979);
#1979 = NEXT_ASSEMBLY_USAGE_OCCURRENCE('8',
  'SW-SMD_SSSS811101~SW-TH_SSSS811101~VVTr007','',#5,#1810,$);
#1980 = PRODUCT_RELATED_PRODUCT_CATEGORY('part',$,(#1812));
#1981 = SHAPE_DEFINITION_REPRESENTATION(#1982,#1988);
#1982 = PRODUCT_DEFINITION_SHAPE('','',#1983);
#1983 = PRODUCT_DEFINITION('design','',#1984,#1987);
#1984 = PRODUCT_DEFINITION_FORMATION('','',#1985);
#1985 = PRODUCT('SW-SMD_SSSS811101~SW-TH_SSSS811101~VVTr008',
  'SW-SMD_SSSS811101~SW-TH_SSSS811101~VVTr008','',(#1986));
#1986 = PRODUCT_CONTEXT('',#2,'mechanical');
#1987 = PRODUCT_DEFINITION_CONTEXT('part definition',#2,'design');
#1988 = ADVANCED_BREP_SHAPE_REPRESENTATION('',(#11,#1989),#2143);
#1989 = MANIFOLD_SOLID_BREP('',#1990);
#1990 = CLOSED_SHELL('',(#1991,#2042,#2074,#2098,#2114,#2124));
#1991 = ADVANCED_FACE('',(#1992),#2030,.T.);
#1992 = FACE_BOUND('',#1993,.T.);
#1993 = EDGE_LOOP('',(#1994,#2005,#2014,#2023));
#1994 = ORIENTED_EDGE('',*,*,#1995,.F.);
#1995 = EDGE_CURVE('',#1996,#1998,#2000,.T.);
#1996 = VERTEX_POINT('',#1997);
#1997 = CARTESIAN_POINT('',(-1.112500047684,-0.458978965642,
    -0.200000023842));
#1998 = VERTEX_POINT('',#1999);
#1999 = CARTESIAN_POINT('',(-1.912500047684,-0.458978965642,
    -0.200000023842));
#2000 = CIRCLE('',#2001,0.4);
#2001 = AXIS2_PLACEMENT_3D('',#2002,#2003,#2004);
#2002 = CARTESIAN_POINT('',(-1.512500047684,-0.458978965642,
    -0.200000023842));
#2003 = DIRECTION('',(0.,0.,1.));
#2004 = DIRECTION('',(-1.,0.,0.));
#2005 = ORIENTED_EDGE('',*,*,#2006,.T.);
#2006 = EDGE_CURVE('',#1996,#2007,#2009,.T.);
#2007 = VERTEX_POINT('',#2008);
#2008 = CARTESIAN_POINT('',(-1.412500047684,-0.458978965642,
    -0.500000023842));
#2009 = CIRCLE('',#2010,0.3);
#2010 = AXIS2_PLACEMENT_3D('',#2011,#2012,#2013);
#2011 = CARTESIAN_POINT('',(-1.412500047684,-0.458978965642,
    -0.200000023842));
#2012 = DIRECTION('',(-1.224646799147E-16,1.,0.));
#2013 = DIRECTION('',(-1.,-1.224646799147E-16,0.));
#2014 = ORIENTED_EDGE('',*,*,#2015,.F.);
#2015 = EDGE_CURVE('',#2016,#2007,#2018,.T.);
#2016 = VERTEX_POINT('',#2017);
#2017 = CARTESIAN_POINT('',(-1.612500047684,-0.458978965642,
    -0.500000023842));
#2018 = CIRCLE('',#2019,0.1);
#2019 = AXIS2_PLACEMENT_3D('',#2020,#2021,#2022);
#2020 = CARTESIAN_POINT('',(-1.512500047684,-0.458978965642,
    -0.500000023842));
#2021 = DIRECTION('',(0.,0.,-1.));
#2022 = DIRECTION('',(-1.,0.,0.));
#2023 = ORIENTED_EDGE('',*,*,#2024,.F.);
#2024 = EDGE_CURVE('',#1998,#2016,#2025,.T.);
#2025 = CIRCLE('',#2026,0.3);
#2026 = AXIS2_PLACEMENT_3D('',#2027,#2028,#2029);
#2027 = CARTESIAN_POINT('',(-1.612500047684,-0.458978965642,
    -0.200000023842));
#2028 = DIRECTION('',(0.,-1.,0.));
#2029 = DIRECTION('',(0.,0.,-1.));
#2030 = SURFACE_OF_REVOLUTION('',#2031,#2039);
#2031 = B_SPLINE_CURVE_WITH_KNOTS('',6,(#2032,#2033,#2034,#2035,#2036,
    #2037,#2038),.UNSPECIFIED.,.F.,.F.,(7,7),(0.,1.570796326795),
  .PIECEWISE_BEZIER_KNOTS.);
#2032 = CARTESIAN_POINT('',(-1.912500047684,-0.458978965642,
    -0.200000023842));
#2033 = CARTESIAN_POINT('',(-1.912500047684,-0.458978965642,
    -0.278539840182));
#2034 = CARTESIAN_POINT('',(-1.887831741878,-0.458978965642,
    -0.357072974053));
#2035 = CARTESIAN_POINT('',(-1.838457092576,-0.458978965642,
    -0.425957068734));
#2036 = CARTESIAN_POINT('',(-1.769572997895,-0.458978965642,
    -0.475331718036));
#2037 = CARTESIAN_POINT('',(-1.691039864023,-0.458978965642,
    -0.500000023842));
#2038 = CARTESIAN_POINT('',(-1.612500047684,-0.458978965642,
    -0.500000023842));
#2039 = AXIS1_PLACEMENT('',#2040,#2041);
#2040 = CARTESIAN_POINT('',(-1.512500047684,-0.458978965642,
    -0.200000023842));
#2041 = DIRECTION('',(0.,0.,-1.));
#2042 = ADVANCED_FACE('',(#2043),#2069,.T.);
#2043 = FACE_BOUND('',#2044,.T.);
#2044 = EDGE_LOOP('',(#2045,#2046,#2054,#2063));
#2045 = ORIENTED_EDGE('',*,*,#1995,.T.);
#2046 = ORIENTED_EDGE('',*,*,#2047,.T.);
#2047 = EDGE_CURVE('',#1998,#2048,#2050,.T.);
#2048 = VERTEX_POINT('',#2049);
#2049 = CARTESIAN_POINT('',(-1.912500047684,-0.458978965642,
    -2.384185759929E-08));
#2050 = LINE('',#2051,#2052);
#2051 = CARTESIAN_POINT('',(-1.912500047684,-0.458978965642,
    -0.500000023842));
#2052 = VECTOR('',#2053,1.);
#2053 = DIRECTION('',(0.,0.,1.));
#2054 = ORIENTED_EDGE('',*,*,#2055,.T.);
#2055 = EDGE_CURVE('',#2048,#2056,#2058,.T.);
#2056 = VERTEX_POINT('',#2057);
#2057 = CARTESIAN_POINT('',(-1.112500047684,-0.458978965642,
    -2.384185759929E-08));
#2058 = CIRCLE('',#2059,0.4);
#2059 = AXIS2_PLACEMENT_3D('',#2060,#2061,#2062);
#2060 = CARTESIAN_POINT('',(-1.512500047684,-0.458978965642,
    -2.384185759929E-08));
#2061 = DIRECTION('',(0.,0.,-1.));
#2062 = DIRECTION('',(-1.,0.,0.));
#2063 = ORIENTED_EDGE('',*,*,#2064,.F.);
#2064 = EDGE_CURVE('',#1996,#2056,#2065,.T.);
#2065 = LINE('',#2066,#2067);
#2066 = CARTESIAN_POINT('',(-1.112500047684,-0.458978965642,
    -0.500000023842));
#2067 = VECTOR('',#2068,1.);
#2068 = DIRECTION('',(0.,0.,1.));
#2069 = CYLINDRICAL_SURFACE('',#2070,0.4);
#2070 = AXIS2_PLACEMENT_3D('',#2071,#2072,#2073);
#2071 = CARTESIAN_POINT('',(-1.512500047684,-0.458978965642,
    -0.500000023842));
#2072 = DIRECTION('',(0.,0.,1.));
#2073 = DIRECTION('',(1.,0.,-0.));
#2074 = ADVANCED_FACE('',(#2075),#2093,.T.);
#2075 = FACE_BOUND('',#2076,.T.);
#2076 = EDGE_LOOP('',(#2077,#2078,#2085,#2086));
#2077 = ORIENTED_EDGE('',*,*,#2047,.F.);
#2078 = ORIENTED_EDGE('',*,*,#2079,.T.);
#2079 = EDGE_CURVE('',#1998,#1996,#2080,.T.);
#2080 = CIRCLE('',#2081,0.4);
#2081 = AXIS2_PLACEMENT_3D('',#2082,#2083,#2084);
#2082 = CARTESIAN_POINT('',(-1.512500047684,-0.458978965642,
    -0.200000023842));
#2083 = DIRECTION('',(0.,0.,1.));
#2084 = DIRECTION('',(-1.,0.,0.));
#2085 = ORIENTED_EDGE('',*,*,#2064,.T.);
#2086 = ORIENTED_EDGE('',*,*,#2087,.T.);
#2087 = EDGE_CURVE('',#2056,#2048,#2088,.T.);
#2088 = CIRCLE('',#2089,0.4);
#2089 = AXIS2_PLACEMENT_3D('',#2090,#2091,#2092);
#2090 = CARTESIAN_POINT('',(-1.512500047684,-0.458978965642,
    -2.384185759929E-08));
#2091 = DIRECTION('',(0.,0.,-1.));
#2092 = DIRECTION('',(-1.,0.,0.));
#2093 = CYLINDRICAL_SURFACE('',#2094,0.4);
#2094 = AXIS2_PLACEMENT_3D('',#2095,#2096,#2097);
#2095 = CARTESIAN_POINT('',(-1.512500047684,-0.458978965642,
    -0.500000023842));
#2096 = DIRECTION('',(0.,0.,1.));
#2097 = DIRECTION('',(1.,0.,-0.));
#2098 = ADVANCED_FACE('',(#2099),#2109,.T.);
#2099 = FACE_BOUND('',#2100,.T.);
#2100 = EDGE_LOOP('',(#2101,#2102));
#2101 = ORIENTED_EDGE('',*,*,#2015,.T.);
#2102 = ORIENTED_EDGE('',*,*,#2103,.T.);
#2103 = EDGE_CURVE('',#2007,#2016,#2104,.T.);
#2104 = CIRCLE('',#2105,0.1);
#2105 = AXIS2_PLACEMENT_3D('',#2106,#2107,#2108);
#2106 = CARTESIAN_POINT('',(-1.512500047684,-0.458978965642,
    -0.500000023842));
#2107 = DIRECTION('',(0.,0.,-1.));
#2108 = DIRECTION('',(-1.,0.,0.));
#2109 = PLANE('',#2110);
#2110 = AXIS2_PLACEMENT_3D('',#2111,#2112,#2113);
#2111 = CARTESIAN_POINT('',(-1.512500047684,-0.458978965642,
    -0.500000023842));
#2112 = DIRECTION('',(0.,0.,-1.));
#2113 = DIRECTION('',(-1.,0.,0.));
#2114 = ADVANCED_FACE('',(#2115),#2119,.F.);
#2115 = FACE_BOUND('',#2116,.T.);
#2116 = EDGE_LOOP('',(#2117,#2118));
#2117 = ORIENTED_EDGE('',*,*,#2087,.F.);
#2118 = ORIENTED_EDGE('',*,*,#2055,.F.);
#2119 = PLANE('',#2120);
#2120 = AXIS2_PLACEMENT_3D('',#2121,#2122,#2123);
#2121 = CARTESIAN_POINT('',(-1.512500047684,-0.458978965642,
    -2.384185759929E-08));
#2122 = DIRECTION('',(0.,0.,-1.));
#2123 = DIRECTION('',(-1.,0.,0.));
#2124 = ADVANCED_FACE('',(#2125),#2131,.T.);
#2125 = FACE_BOUND('',#2126,.T.);
#2126 = EDGE_LOOP('',(#2127,#2128,#2129,#2130));
#2127 = ORIENTED_EDGE('',*,*,#2006,.F.);
#2128 = ORIENTED_EDGE('',*,*,#2079,.F.);
#2129 = ORIENTED_EDGE('',*,*,#2024,.T.);
#2130 = ORIENTED_EDGE('',*,*,#2103,.F.);
#2131 = SURFACE_OF_REVOLUTION('',#2132,#2140);
#2132 = B_SPLINE_CURVE_WITH_KNOTS('',6,(#2133,#2134,#2135,#2136,#2137,
    #2138,#2139),.UNSPECIFIED.,.F.,.F.,(7,7),(0.,1.570796326795),
  .PIECEWISE_BEZIER_KNOTS.);
#2133 = CARTESIAN_POINT('',(-1.912500047684,-0.458978965642,
    -0.200000023842));
#2134 = CARTESIAN_POINT('',(-1.912500047684,-0.458978965642,
    -0.278539840182));
#2135 = CARTESIAN_POINT('',(-1.887831741878,-0.458978965642,
    -0.357072974053));
#2136 = CARTESIAN_POINT('',(-1.838457092576,-0.458978965642,
    -0.425957068734));
#2137 = CARTESIAN_POINT('',(-1.769572997895,-0.458978965642,
    -0.475331718036));
#2138 = CARTESIAN_POINT('',(-1.691039864023,-0.458978965642,
    -0.500000023842));
#2139 = CARTESIAN_POINT('',(-1.612500047684,-0.458978965642,
    -0.500000023842));
#2140 = AXIS1_PLACEMENT('',#2141,#2142);
#2141 = CARTESIAN_POINT('',(-1.512500047684,-0.458978965642,
    -0.200000023842));
#2142 = DIRECTION('',(0.,0.,-1.));
#2143 = ( GEOMETRIC_REPRESENTATION_CONTEXT(3) 
GLOBAL_UNCERTAINTY_ASSIGNED_CONTEXT((#2147)) 
GLOBAL_UNIT_ASSIGNED_CONTEXT((#2144,#2145,#2146)) REPRESENTATION_CONTEXT
('Context #1','3D Context with UNIT and UNCERTAINTY') );
#2144 = ( LENGTH_UNIT() NAMED_UNIT(*) SI_UNIT(.MILLI.,.METRE.) );
#2145 = ( NAMED_UNIT(*) PLANE_ANGLE_UNIT() SI_UNIT($,.RADIAN.) );
#2146 = ( NAMED_UNIT(*) SI_UNIT($,.STERADIAN.) SOLID_ANGLE_UNIT() );
#2147 = UNCERTAINTY_MEASURE_WITH_UNIT(LENGTH_MEASURE(0.2),#2144,
  'distance_accuracy_value','confusion accuracy');
#2148 = CONTEXT_DEPENDENT_SHAPE_REPRESENTATION(#2149,#2151);
#2149 = ( REPRESENTATION_RELATIONSHIP('','',#1988,#10) 
REPRESENTATION_RELATIONSHIP_WITH_TRANSFORMATION(#2150) 
SHAPE_REPRESENTATION_RELATIONSHIP() );
#2150 = ITEM_DEFINED_TRANSFORMATION('','',#11,#47);
#2151 = PRODUCT_DEFINITION_SHAPE('Placement','Placement of an item',
  #2152);
#2152 = NEXT_ASSEMBLY_USAGE_OCCURRENCE('9',
  'SW-SMD_SSSS811101~SW-TH_SSSS811101~VVTr008','',#5,#1983,$);
#2153 = PRODUCT_RELATED_PRODUCT_CATEGORY('part',$,(#1985));
#2154 = SHAPE_DEFINITION_REPRESENTATION(#2155,#2161);
#2155 = PRODUCT_DEFINITION_SHAPE('','',#2156);
#2156 = PRODUCT_DEFINITION('design','',#2157,#2160);
#2157 = PRODUCT_DEFINITION_FORMATION('','',#2158);
#2158 = PRODUCT('SW-SMD_SSSS811101~SW-TH_SSSS811101~VVTr009',
  'SW-SMD_SSSS811101~SW-TH_SSSS811101~VVTr009','',(#2159));
#2159 = PRODUCT_CONTEXT('',#2,'mechanical');
#2160 = PRODUCT_DEFINITION_CONTEXT('part definition',#2,'design');
#2161 = ADVANCED_BREP_SHAPE_REPRESENTATION('',(#11,#2162),#2474);
#2162 = MANIFOLD_SOLID_BREP('',#2163);
#2163 = CLOSED_SHELL('',(#2164,#2220,#2251,#2298,#2320,#2332,#2349,#2366
    ,#2406,#2428,#2445,#2462));
#2164 = ADVANCED_FACE('',(#2165),#2215,.F.);
#2165 = FACE_BOUND('',#2166,.T.);
#2166 = EDGE_LOOP('',(#2167,#2177,#2185,#2193,#2201,#2209));
#2167 = ORIENTED_EDGE('',*,*,#2168,.F.);
#2168 = EDGE_CURVE('',#2169,#2171,#2173,.T.);
#2169 = VERTEX_POINT('',#2170);
#2170 = CARTESIAN_POINT('',(-0.337500047684,-3.058978965642,
    9.999997615814E-02));
#2171 = VERTEX_POINT('',#2172);
#2172 = CARTESIAN_POINT('',(-0.337500047684,-1.858978965642,
    9.999997615814E-02));
#2173 = LINE('',#2174,#2175);
#2174 = CARTESIAN_POINT('',(-0.337500047684,-3.258978965642,
    9.999997615814E-02));
#2175 = VECTOR('',#2176,1.);
#2176 = DIRECTION('',(0.,1.,0.));
#2177 = ORIENTED_EDGE('',*,*,#2178,.T.);
#2178 = EDGE_CURVE('',#2169,#2179,#2181,.T.);
#2179 = VERTEX_POINT('',#2180);
#2180 = CARTESIAN_POINT('',(-0.337500047684,-3.058978965642,
    1.199999976158));
#2181 = LINE('',#2182,#2183);
#2182 = CARTESIAN_POINT('',(-0.337500047684,-3.058978965642,
    1.199999976158));
#2183 = VECTOR('',#2184,1.);
#2184 = DIRECTION('',(-9.856383386232E-17,0.,1.));
#2185 = ORIENTED_EDGE('',*,*,#2186,.T.);
#2186 = EDGE_CURVE('',#2179,#2187,#2189,.T.);
#2187 = VERTEX_POINT('',#2188);
#2188 = CARTESIAN_POINT('',(-0.337500047684,-1.558978965642,
    1.199999976158));
#2189 = LINE('',#2190,#2191);
#2190 = CARTESIAN_POINT('',(-0.337500047684,-1.858978965642,
    1.199999976158));
#2191 = VECTOR('',#2192,1.);
#2192 = DIRECTION('',(0.,1.,0.));
#2193 = ORIENTED_EDGE('',*,*,#2194,.T.);
#2194 = EDGE_CURVE('',#2187,#2195,#2197,.T.);
#2195 = VERTEX_POINT('',#2196);
#2196 = CARTESIAN_POINT('',(-0.337500047684,-1.558978965642,
    0.649999976158));
#2197 = LINE('',#2198,#2199);
#2198 = CARTESIAN_POINT('',(-0.337500047684,-1.558978965642,
    1.199999976158));
#2199 = VECTOR('',#2200,1.);
#2200 = DIRECTION('',(9.856383386232E-17,0.,-1.));
#2201 = ORIENTED_EDGE('',*,*,#2202,.F.);
#2202 = EDGE_CURVE('',#2203,#2195,#2205,.T.);
#2203 = VERTEX_POINT('',#2204);
#2204 = CARTESIAN_POINT('',(-0.337500047684,-1.858978965642,
    0.649999976158));
#2205 = LINE('',#2206,#2207);
#2206 = CARTESIAN_POINT('',(-0.337500047684,-1.858978965642,
    0.649999976158));
#2207 = VECTOR('',#2208,1.);
#2208 = DIRECTION('',(0.,1.,0.));
#2209 = ORIENTED_EDGE('',*,*,#2210,.T.);
#2210 = EDGE_CURVE('',#2203,#2171,#2211,.T.);
#2211 = LINE('',#2212,#2213);
#2212 = CARTESIAN_POINT('',(-0.337500047684,-1.858978965642,
    1.199999976158));
#2213 = VECTOR('',#2214,1.);
#2214 = DIRECTION('',(9.856383386232E-17,0.,-1.));
#2215 = PLANE('',#2216);
#2216 = AXIS2_PLACEMENT_3D('',#2217,#2218,#2219);
#2217 = CARTESIAN_POINT('',(-0.337500047684,-1.858978965642,
    1.199999976158));
#2218 = DIRECTION('',(1.,0.,9.856383386232E-17));
#2219 = DIRECTION('',(9.856383386232E-17,0.,-1.));
#2220 = ADVANCED_FACE('',(#2221),#2246,.F.);
#2221 = FACE_BOUND('',#2222,.T.);
#2222 = EDGE_LOOP('',(#2223,#2231,#2239,#2245));
#2223 = ORIENTED_EDGE('',*,*,#2224,.T.);
#2224 = EDGE_CURVE('',#2195,#2225,#2227,.T.);
#2225 = VERTEX_POINT('',#2226);
#2226 = CARTESIAN_POINT('',(0.962499952316,-1.558978965642,
    0.649999976158));
#2227 = LINE('',#2228,#2229);
#2228 = CARTESIAN_POINT('',(-0.337500047684,-1.558978965642,
    0.649999976158));
#2229 = VECTOR('',#2230,1.);
#2230 = DIRECTION('',(1.,0.,0.));
#2231 = ORIENTED_EDGE('',*,*,#2232,.F.);
#2232 = EDGE_CURVE('',#2233,#2225,#2235,.T.);
#2233 = VERTEX_POINT('',#2234);
#2234 = CARTESIAN_POINT('',(0.962499952316,-1.858978965642,
    0.649999976158));
#2235 = LINE('',#2236,#2237);
#2236 = CARTESIAN_POINT('',(0.962499952316,-1.858978965642,
    0.649999976158));
#2237 = VECTOR('',#2238,1.);
#2238 = DIRECTION('',(0.,1.,0.));
#2239 = ORIENTED_EDGE('',*,*,#2240,.F.);
#2240 = EDGE_CURVE('',#2203,#2233,#2241,.T.);
#2241 = LINE('',#2242,#2243);
#2242 = CARTESIAN_POINT('',(-0.337500047684,-1.858978965642,
    0.649999976158));
#2243 = VECTOR('',#2244,1.);
#2244 = DIRECTION('',(1.,0.,0.));
#2245 = ORIENTED_EDGE('',*,*,#2202,.T.);
#2246 = PLANE('',#2247);
#2247 = AXIS2_PLACEMENT_3D('',#2248,#2249,#2250);
#2248 = CARTESIAN_POINT('',(-0.337500047684,-1.858978965642,
    0.649999976158));
#2249 = DIRECTION('',(0.,0.,1.));
#2250 = DIRECTION('',(1.,0.,-0.));
#2251 = ADVANCED_FACE('',(#2252),#2293,.F.);
#2252 = FACE_BOUND('',#2253,.T.);
#2253 = EDGE_LOOP('',(#2254,#2264,#2272,#2280,#2286,#2287));
#2254 = ORIENTED_EDGE('',*,*,#2255,.F.);
#2255 = EDGE_CURVE('',#2256,#2258,#2260,.T.);
#2256 = VERTEX_POINT('',#2257);
#2257 = CARTESIAN_POINT('',(0.962499952316,-3.058978965642,
    1.199999976158));
#2258 = VERTEX_POINT('',#2259);
#2259 = CARTESIAN_POINT('',(0.962499952316,-1.558978965642,
    1.199999976158));
#2260 = LINE('',#2261,#2262);
#2261 = CARTESIAN_POINT('',(0.962499952316,-1.858978965642,
    1.199999976158));
#2262 = VECTOR('',#2263,1.);
#2263 = DIRECTION('',(0.,1.,0.));
#2264 = ORIENTED_EDGE('',*,*,#2265,.T.);
#2265 = EDGE_CURVE('',#2256,#2266,#2268,.T.);
#2266 = VERTEX_POINT('',#2267);
#2267 = CARTESIAN_POINT('',(0.962499952316,-3.058978965642,
    9.999997615814E-02));
#2268 = LINE('',#2269,#2270);
#2269 = CARTESIAN_POINT('',(0.962499952316,-3.058978965642,
    9.999997615814E-02));
#2270 = VECTOR('',#2271,1.);
#2271 = DIRECTION('',(0.,0.,-1.));
#2272 = ORIENTED_EDGE('',*,*,#2273,.T.);
#2273 = EDGE_CURVE('',#2266,#2274,#2276,.T.);
#2274 = VERTEX_POINT('',#2275);
#2275 = CARTESIAN_POINT('',(0.962499952316,-1.858978965642,
    9.999997615814E-02));
#2276 = LINE('',#2277,#2278);
#2277 = CARTESIAN_POINT('',(0.962499952316,-3.258978965642,
    9.999997615814E-02));
#2278 = VECTOR('',#2279,1.);
#2279 = DIRECTION('',(0.,1.,0.));
#2280 = ORIENTED_EDGE('',*,*,#2281,.T.);
#2281 = EDGE_CURVE('',#2274,#2233,#2282,.T.);
#2282 = LINE('',#2283,#2284);
#2283 = CARTESIAN_POINT('',(0.962499952316,-1.858978965642,
    1.199999976158));
#2284 = VECTOR('',#2285,1.);
#2285 = DIRECTION('',(0.,0.,1.));
#2286 = ORIENTED_EDGE('',*,*,#2232,.T.);
#2287 = ORIENTED_EDGE('',*,*,#2288,.T.);
#2288 = EDGE_CURVE('',#2225,#2258,#2289,.T.);
#2289 = LINE('',#2290,#2291);
#2290 = CARTESIAN_POINT('',(0.962499952316,-1.558978965642,
    1.199999976158));
#2291 = VECTOR('',#2292,1.);
#2292 = DIRECTION('',(0.,0.,1.));
#2293 = PLANE('',#2294);
#2294 = AXIS2_PLACEMENT_3D('',#2295,#2296,#2297);
#2295 = CARTESIAN_POINT('',(0.962499952316,-1.858978965642,
    1.199999976158));
#2296 = DIRECTION('',(-1.,0.,0.));
#2297 = DIRECTION('',(0.,0.,1.));
#2298 = ADVANCED_FACE('',(#2299),#2315,.F.);
#2299 = FACE_BOUND('',#2300,.T.);
#2300 = EDGE_LOOP('',(#2301,#2302,#2308,#2309));
#2301 = ORIENTED_EDGE('',*,*,#2186,.F.);
#2302 = ORIENTED_EDGE('',*,*,#2303,.T.);
#2303 = EDGE_CURVE('',#2179,#2256,#2304,.T.);
#2304 = LINE('',#2305,#2306);
#2305 = CARTESIAN_POINT('',(0.962499952316,-3.058978965642,
    1.199999976158));
#2306 = VECTOR('',#2307,1.);
#2307 = DIRECTION('',(1.,0.,0.));
#2308 = ORIENTED_EDGE('',*,*,#2255,.T.);
#2309 = ORIENTED_EDGE('',*,*,#2310,.T.);
#2310 = EDGE_CURVE('',#2258,#2187,#2311,.T.);
#2311 = LINE('',#2312,#2313);
#2312 = CARTESIAN_POINT('',(-0.337500047684,-1.558978965642,
    1.199999976158));
#2313 = VECTOR('',#2314,1.);
#2314 = DIRECTION('',(-1.,-0.,-0.));
#2315 = PLANE('',#2316);
#2316 = AXIS2_PLACEMENT_3D('',#2317,#2318,#2319);
#2317 = CARTESIAN_POINT('',(-0.337500047684,-1.858978965642,
    1.199999976158));
#2318 = DIRECTION('',(0.,0.,-1.));
#2319 = DIRECTION('',(-1.,0.,0.));
#2320 = ADVANCED_FACE('',(#2321),#2327,.F.);
#2321 = FACE_BOUND('',#2322,.T.);
#2322 = EDGE_LOOP('',(#2323,#2324,#2325,#2326));
#2323 = ORIENTED_EDGE('',*,*,#2194,.F.);
#2324 = ORIENTED_EDGE('',*,*,#2310,.F.);
#2325 = ORIENTED_EDGE('',*,*,#2288,.F.);
#2326 = ORIENTED_EDGE('',*,*,#2224,.F.);
#2327 = PLANE('',#2328);
#2328 = AXIS2_PLACEMENT_3D('',#2329,#2330,#2331);
#2329 = CARTESIAN_POINT('',(-1.250004768372E-02,-1.558978965642,
    1.399999976158));
#2330 = DIRECTION('',(0.,-1.,0.));
#2331 = DIRECTION('',(0.,0.,-1.));
#2332 = ADVANCED_FACE('',(#2333),#2344,.F.);
#2333 = FACE_BOUND('',#2334,.T.);
#2334 = EDGE_LOOP('',(#2335,#2336,#2337,#2338));
#2335 = ORIENTED_EDGE('',*,*,#2210,.F.);
#2336 = ORIENTED_EDGE('',*,*,#2240,.T.);
#2337 = ORIENTED_EDGE('',*,*,#2281,.F.);
#2338 = ORIENTED_EDGE('',*,*,#2339,.F.);
#2339 = EDGE_CURVE('',#2171,#2274,#2340,.T.);
#2340 = LINE('',#2341,#2342);
#2341 = CARTESIAN_POINT('',(-0.337500047684,-1.858978965642,
    9.999997615814E-02));
#2342 = VECTOR('',#2343,1.);
#2343 = DIRECTION('',(1.,0.,0.));
#2344 = PLANE('',#2345);
#2345 = AXIS2_PLACEMENT_3D('',#2346,#2347,#2348);
#2346 = CARTESIAN_POINT('',(-1.250004768372E-02,-1.858978965642,
    1.399999976158));
#2347 = DIRECTION('',(0.,-1.,0.));
#2348 = DIRECTION('',(0.,0.,-1.));
#2349 = ADVANCED_FACE('',(#2350),#2361,.F.);
#2350 = FACE_BOUND('',#2351,.T.);
#2351 = EDGE_LOOP('',(#2352,#2353,#2359,#2360));
#2352 = ORIENTED_EDGE('',*,*,#2273,.F.);
#2353 = ORIENTED_EDGE('',*,*,#2354,.T.);
#2354 = EDGE_CURVE('',#2266,#2169,#2355,.T.);
#2355 = LINE('',#2356,#2357);
#2356 = CARTESIAN_POINT('',(-0.337500047684,-3.058978965642,
    9.999997615814E-02));
#2357 = VECTOR('',#2358,1.);
#2358 = DIRECTION('',(-1.,0.,0.));
#2359 = ORIENTED_EDGE('',*,*,#2168,.T.);
#2360 = ORIENTED_EDGE('',*,*,#2339,.T.);
#2361 = PLANE('',#2362);
#2362 = AXIS2_PLACEMENT_3D('',#2363,#2364,#2365);
#2363 = CARTESIAN_POINT('',(-0.337500047684,-3.258978965642,
    9.999997615814E-02));
#2364 = DIRECTION('',(0.,0.,1.));
#2365 = DIRECTION('',(1.,0.,-0.));
#2366 = ADVANCED_FACE('',(#2367),#2401,.T.);
#2367 = FACE_BOUND('',#2368,.T.);
#2368 = EDGE_LOOP('',(#2369,#2379,#2387,#2395));
#2369 = ORIENTED_EDGE('',*,*,#2370,.T.);
#2370 = EDGE_CURVE('',#2371,#2373,#2375,.T.);
#2371 = VERTEX_POINT('',#2372);
#2372 = CARTESIAN_POINT('',(-0.137500047684,-3.258978965642,
    0.299999976158));
#2373 = VERTEX_POINT('',#2374);
#2374 = CARTESIAN_POINT('',(0.762499952316,-3.258978965642,
    0.299999976158));
#2375 = LINE('',#2376,#2377);
#2376 = CARTESIAN_POINT('',(0.962499952316,-3.258978965642,
    0.299999976158));
#2377 = VECTOR('',#2378,1.);
#2378 = DIRECTION('',(1.,0.,0.));
#2379 = ORIENTED_EDGE('',*,*,#2380,.T.);
#2380 = EDGE_CURVE('',#2373,#2381,#2383,.T.);
#2381 = VERTEX_POINT('',#2382);
#2382 = CARTESIAN_POINT('',(0.762499952316,-3.258978965642,
    0.999999976158));
#2383 = LINE('',#2384,#2385);
#2384 = CARTESIAN_POINT('',(0.762499952316,-3.258978965642,
    1.199999976158));
#2385 = VECTOR('',#2386,1.);
#2386 = DIRECTION('',(0.,0.,1.));
#2387 = ORIENTED_EDGE('',*,*,#2388,.T.);
#2388 = EDGE_CURVE('',#2381,#2389,#2391,.T.);
#2389 = VERTEX_POINT('',#2390);
#2390 = CARTESIAN_POINT('',(-0.137500047684,-3.258978965642,
    0.999999976158));
#2391 = LINE('',#2392,#2393);
#2392 = CARTESIAN_POINT('',(-0.337500047684,-3.258978965642,
    0.999999976158));
#2393 = VECTOR('',#2394,1.);
#2394 = DIRECTION('',(-1.,0.,0.));
#2395 = ORIENTED_EDGE('',*,*,#2396,.T.);
#2396 = EDGE_CURVE('',#2389,#2371,#2397,.T.);
#2397 = LINE('',#2398,#2399);
#2398 = CARTESIAN_POINT('',(-0.137500047684,-3.258978965642,
    9.999997615814E-02));
#2399 = VECTOR('',#2400,1.);
#2400 = DIRECTION('',(9.856383386232E-17,0.,-1.));
#2401 = PLANE('',#2402);
#2402 = AXIS2_PLACEMENT_3D('',#2403,#2404,#2405);
#2403 = CARTESIAN_POINT('',(-1.250004768372E-02,-3.258978965642,
    1.399999976158));
#2404 = DIRECTION('',(0.,-1.,0.));
#2405 = DIRECTION('',(0.,0.,-1.));
#2406 = ADVANCED_FACE('',(#2407),#2423,.T.);
#2407 = FACE_BOUND('',#2408,.T.);
#2408 = EDGE_LOOP('',(#2409,#2415,#2416,#2422));
#2409 = ORIENTED_EDGE('',*,*,#2410,.F.);
#2410 = EDGE_CURVE('',#2179,#2389,#2411,.T.);
#2411 = LINE('',#2412,#2413);
#2412 = CARTESIAN_POINT('',(-0.270833381017,-3.125645632308,
    1.133333309491));
#2413 = VECTOR('',#2414,1.);
#2414 = DIRECTION('',(0.57735026919,-0.57735026919,-0.57735026919));
#2415 = ORIENTED_EDGE('',*,*,#2178,.F.);
#2416 = ORIENTED_EDGE('',*,*,#2417,.F.);
#2417 = EDGE_CURVE('',#2371,#2169,#2418,.T.);
#2418 = LINE('',#2419,#2420);
#2419 = CARTESIAN_POINT('',(0.229166618983,-3.625645632308,
    0.666666642825));
#2420 = VECTOR('',#2421,1.);
#2421 = DIRECTION('',(-0.57735026919,0.57735026919,-0.57735026919));
#2422 = ORIENTED_EDGE('',*,*,#2396,.F.);
#2423 = PLANE('',#2424);
#2424 = AXIS2_PLACEMENT_3D('',#2425,#2426,#2427);
#2425 = CARTESIAN_POINT('',(-0.137500047684,-3.258978965642,
    1.399999976158));
#2426 = DIRECTION('',(-0.707106781187,-0.707106781187,
    -6.969515530375E-17));
#2427 = DIRECTION('',(-9.856383386229E-17,3.204131129878E-29,1.));
#2428 = ADVANCED_FACE('',(#2429),#2440,.T.);
#2429 = FACE_BOUND('',#2430,.T.);
#2430 = EDGE_LOOP('',(#2431,#2432,#2433,#2439));
#2431 = ORIENTED_EDGE('',*,*,#2417,.T.);
#2432 = ORIENTED_EDGE('',*,*,#2354,.F.);
#2433 = ORIENTED_EDGE('',*,*,#2434,.F.);
#2434 = EDGE_CURVE('',#2373,#2266,#2435,.T.);
#2435 = LINE('',#2436,#2437);
#2436 = CARTESIAN_POINT('',(0.504166618983,-3.517312298975,
    0.558333309491));
#2437 = VECTOR('',#2438,1.);
#2438 = DIRECTION('',(0.57735026919,0.57735026919,-0.57735026919));
#2439 = ORIENTED_EDGE('',*,*,#2370,.F.);
#2440 = PLANE('',#2441);
#2441 = AXIS2_PLACEMENT_3D('',#2442,#2443,#2444);
#2442 = CARTESIAN_POINT('',(-1.250004768372E-02,-3.258978965642,
    0.299999976158));
#2443 = DIRECTION('',(-0.,-0.707106781187,-0.707106781187));
#2444 = DIRECTION('',(-1.,0.,0.));
#2445 = ADVANCED_FACE('',(#2446),#2457,.T.);
#2446 = FACE_BOUND('',#2447,.T.);
#2447 = EDGE_LOOP('',(#2448,#2449,#2450,#2456));
#2448 = ORIENTED_EDGE('',*,*,#2410,.T.);
#2449 = ORIENTED_EDGE('',*,*,#2388,.F.);
#2450 = ORIENTED_EDGE('',*,*,#2451,.F.);
#2451 = EDGE_CURVE('',#2256,#2381,#2452,.T.);
#2452 = LINE('',#2453,#2454);
#2453 = CARTESIAN_POINT('',(0.504166618983,-3.517312298975,
    0.741666642825));
#2454 = VECTOR('',#2455,1.);
#2455 = DIRECTION('',(-0.57735026919,-0.57735026919,-0.57735026919));
#2456 = ORIENTED_EDGE('',*,*,#2303,.F.);
#2457 = PLANE('',#2458);
#2458 = AXIS2_PLACEMENT_3D('',#2459,#2460,#2461);
#2459 = CARTESIAN_POINT('',(-1.250004768372E-02,-3.258978965642,
    0.999999976158));
#2460 = DIRECTION('',(0.,-0.707106781187,0.707106781187));
#2461 = DIRECTION('',(1.,0.,0.));
#2462 = ADVANCED_FACE('',(#2463),#2469,.T.);
#2463 = FACE_BOUND('',#2464,.T.);
#2464 = EDGE_LOOP('',(#2465,#2466,#2467,#2468));
#2465 = ORIENTED_EDGE('',*,*,#2434,.T.);
#2466 = ORIENTED_EDGE('',*,*,#2265,.F.);
#2467 = ORIENTED_EDGE('',*,*,#2451,.T.);
#2468 = ORIENTED_EDGE('',*,*,#2380,.F.);
#2469 = PLANE('',#2470);
#2470 = AXIS2_PLACEMENT_3D('',#2471,#2472,#2473);
#2471 = CARTESIAN_POINT('',(0.762499952316,-3.258978965642,
    1.399999976158));
#2472 = DIRECTION('',(0.707106781187,-0.707106781187,0.));
#2473 = DIRECTION('',(0.,0.,-1.));
#2474 = ( GEOMETRIC_REPRESENTATION_CONTEXT(3) 
GLOBAL_UNCERTAINTY_ASSIGNED_CONTEXT((#2478)) 
GLOBAL_UNIT_ASSIGNED_CONTEXT((#2475,#2476,#2477)) REPRESENTATION_CONTEXT
('Context #1','3D Context with UNIT and UNCERTAINTY') );
#2475 = ( LENGTH_UNIT() NAMED_UNIT(*) SI_UNIT(.MILLI.,.METRE.) );
#2476 = ( NAMED_UNIT(*) PLANE_ANGLE_UNIT() SI_UNIT($,.RADIAN.) );
#2477 = ( NAMED_UNIT(*) SI_UNIT($,.STERADIAN.) SOLID_ANGLE_UNIT() );
#2478 = UNCERTAINTY_MEASURE_WITH_UNIT(LENGTH_MEASURE(1.E-07),#2475,
  'distance_accuracy_value','confusion accuracy');
#2479 = CONTEXT_DEPENDENT_SHAPE_REPRESENTATION(#2480,#2482);
#2480 = ( REPRESENTATION_RELATIONSHIP('','',#2161,#10) 
REPRESENTATION_RELATIONSHIP_WITH_TRANSFORMATION(#2481) 
SHAPE_REPRESENTATION_RELATIONSHIP() );
#2481 = ITEM_DEFINED_TRANSFORMATION('','',#11,#51);
#2482 = PRODUCT_DEFINITION_SHAPE('Placement','Placement of an item',
  #2483);
#2483 = NEXT_ASSEMBLY_USAGE_OCCURRENCE('10',
  'SW-SMD_SSSS811101~SW-TH_SSSS811101~VVTr009','',#5,#2156,$);
#2484 = PRODUCT_RELATED_PRODUCT_CATEGORY('part',$,(#2158));
#2485 = SHAPE_DEFINITION_REPRESENTATION(#2486,#2492);
#2486 = PRODUCT_DEFINITION_SHAPE('','',#2487);
#2487 = PRODUCT_DEFINITION('design','',#2488,#2491);
#2488 = PRODUCT_DEFINITION_FORMATION('','',#2489);
#2489 = PRODUCT('SW-SMD_SSSS811101~SW-TH_SSSS811101~VVTr010',
  'SW-SMD_SSSS811101~SW-TH_SSSS811101~VVTr010','',(#2490));
#2490 = PRODUCT_CONTEXT('',#2,'mechanical');
#2491 = PRODUCT_DEFINITION_CONTEXT('part definition',#2,'design');
#2492 = ADVANCED_BREP_SHAPE_REPRESENTATION('',(#11,#2493),#7017);
#2493 = MANIFOLD_SOLID_BREP('',#2494);
#2494 = CLOSED_SHELL('',(#2495,#3233,#3413,#3444,#3484,#3524,#3555,#3586
    ,#3626,#3742,#3773,#3804,#3828,#3867,#3913,#3930,#3951,#3997,#4014,
    #4038,#4077,#4098,#4161,#4173,#4185,#4197,#4209,#4240,#4264,#4288,
    #4312,#4336,#4353,#4367,#4398,#4448,#4522,#4596,#4646,#4670,#4720,
    #4794,#4868,#4911,#4929,#4960,#4984,#5008,#5032,#5056,#5080,#5104,
    #5128,#5152,#5176,#5200,#5217,#5237,#5268,#5292,#5316,#5390,#5457,
    #5544,#5575,#5649,#5723,#5747,#5764,#5777,#5808,#5832,#5856,#5880,
    #5904,#5928,#5952,#5969,#6043,#6074,#6098,#6136,#6160,#6198,#6215,
    #6229,#6241,#6253,#6265,#6277,#6301,#6325,#6342,#6354,#6385,#6409,
    #6433,#6450,#6462,#6493,#6517,#6541,#6558,#6570,#6601,#6625,#6649,
    #6666,#6678,#6709,#6733,#6757,#6774,#6786,#6810,#6834,#6851,#6863,
    #6887,#6911,#6928,#6940,#6964,#6988,#7005));
#2495 = ADVANCED_FACE('',(#2496,#2562,#2660,#2710,#2888,#2962,#2996,
    #3030,#3064,#3098),#3228,.T.);
#2496 = FACE_BOUND('',#2497,.T.);
#2497 = EDGE_LOOP('',(#2498,#2508,#2516,#2524,#2532,#2540,#2548,#2556));
#2498 = ORIENTED_EDGE('',*,*,#2499,.T.);
#2499 = EDGE_CURVE('',#2500,#2502,#2504,.T.);
#2500 = VERTEX_POINT('',#2501);
#2501 = CARTESIAN_POINT('',(-0.424353061221,-0.68453976567,
    -2.384185759929E-08));
#2502 = VERTEX_POINT('',#2503);
#2503 = CARTESIAN_POINT('',(-0.462780580567,-0.68453976567,
    -2.384185759929E-08));
#2504 = LINE('',#2505,#2506);
#2505 = CARTESIAN_POINT('',(-0.424353061221,-0.68453976567,
    -2.384185759929E-08));
#2506 = VECTOR('',#2507,1.);
#2507 = DIRECTION('',(-1.,0.,0.));
#2508 = ORIENTED_EDGE('',*,*,#2509,.T.);
#2509 = EDGE_CURVE('',#2502,#2510,#2512,.T.);
#2510 = VERTEX_POINT('',#2511);
#2511 = CARTESIAN_POINT('',(-0.574569727755,-0.970999455341,
    -2.384185759929E-08));
#2512 = LINE('',#2513,#2514);
#2513 = CARTESIAN_POINT('',(-0.462780580567,-0.68453976567,
    -2.384185759929E-08));
#2514 = VECTOR('',#2515,1.);
#2515 = DIRECTION('',(-0.363542485653,-0.931577619485,0.));
#2516 = ORIENTED_EDGE('',*,*,#2517,.T.);
#2517 = EDGE_CURVE('',#2510,#2518,#2520,.T.);
#2518 = VERTEX_POINT('',#2519);
#2519 = CARTESIAN_POINT('',(-0.532648797559,-0.970999455341,
    -2.384185759929E-08));
#2520 = LINE('',#2521,#2522);
#2521 = CARTESIAN_POINT('',(-0.574569727755,-0.970999455341,
    -2.384185759929E-08));
#2522 = VECTOR('',#2523,1.);
#2523 = DIRECTION('',(1.,0.,0.));
#2524 = ORIENTED_EDGE('',*,*,#2525,.T.);
#2525 = EDGE_CURVE('',#2518,#2526,#2528,.T.);
#2526 = VERTEX_POINT('',#2527);
#2527 = CARTESIAN_POINT('',(-0.503664404416,-0.890651005799,
    -2.384185759929E-08));
#2528 = LINE('',#2529,#2530);
#2529 = CARTESIAN_POINT('',(-0.532648797559,-0.970999455341,
    -2.384185759929E-08));
#2530 = VECTOR('',#2531,1.);
#2531 = DIRECTION('',(0.339330377275,0.940667260544,0.));
#2532 = ORIENTED_EDGE('',*,*,#2533,.T.);
#2533 = EDGE_CURVE('',#2526,#2534,#2536,.T.);
#2534 = VERTEX_POINT('',#2535);
#2535 = CARTESIAN_POINT('',(-0.385325111885,-0.890651005799,
    -2.384185759929E-08));
#2536 = LINE('',#2537,#2538);
#2537 = CARTESIAN_POINT('',(-0.503664404416,-0.890651005799,
    -2.384185759929E-08));
#2538 = VECTOR('',#2539,1.);
#2539 = DIRECTION('',(1.,0.,0.));
#2540 = ORIENTED_EDGE('',*,*,#2541,.T.);
#2541 = EDGE_CURVE('',#2534,#2542,#2544,.T.);
#2542 = VERTEX_POINT('',#2543);
#2543 = CARTESIAN_POINT('',(-0.357978255078,-0.970999455341,
    -2.384185759929E-08));
#2544 = LINE('',#2545,#2546);
#2545 = CARTESIAN_POINT('',(-0.385325111885,-0.890651005799,
    -2.384185759929E-08));
#2546 = VECTOR('',#2547,1.);
#2547 = DIRECTION('',(0.322202485606,-0.946670776072,0.));
#2548 = ORIENTED_EDGE('',*,*,#2549,.T.);
#2549 = EDGE_CURVE('',#2542,#2550,#2552,.T.);
#2550 = VERTEX_POINT('',#2551);
#2551 = CARTESIAN_POINT('',(-0.316057324882,-0.970999455341,
    -2.384185759929E-08));
#2552 = LINE('',#2553,#2554);
#2553 = CARTESIAN_POINT('',(-0.357978255078,-0.970999455341,
    -2.384185759929E-08));
#2554 = VECTOR('',#2555,1.);
#2555 = DIRECTION('',(1.,0.,0.));
#2556 = ORIENTED_EDGE('',*,*,#2557,.T.);
#2557 = EDGE_CURVE('',#2550,#2500,#2558,.T.);
#2558 = LINE('',#2559,#2560);
#2559 = CARTESIAN_POINT('',(-0.316057324882,-0.970999455341,
    -2.384185759929E-08));
#2560 = VECTOR('',#2561,1.);
#2561 = DIRECTION('',(-0.353622392329,0.93538826358,0.));
#2562 = FACE_BOUND('',#2563,.T.);
#2563 = EDGE_LOOP('',(#2564,#2574,#2582,#2590,#2598,#2606,#2614,#2622,
    #2630,#2638,#2646,#2654));
#2564 = ORIENTED_EDGE('',*,*,#2565,.T.);
#2565 = EDGE_CURVE('',#2566,#2568,#2570,.T.);
#2566 = VERTEX_POINT('',#2567);
#2567 = CARTESIAN_POINT('',(0.106645387924,-0.939558757694,
    -2.384185759929E-08));
#2568 = VERTEX_POINT('',#2569);
#2569 = CARTESIAN_POINT('',(-8.637170114072E-03,-0.939558757694,
    -2.384185759929E-08));
#2570 = LINE('',#2571,#2572);
#2571 = CARTESIAN_POINT('',(0.106645387924,-0.939558757694,
    -2.384185759929E-08));
#2572 = VECTOR('',#2573,1.);
#2573 = DIRECTION('',(-1.,0.,0.));
#2574 = ORIENTED_EDGE('',*,*,#2575,.T.);
#2575 = EDGE_CURVE('',#2568,#2576,#2578,.T.);
#2576 = VERTEX_POINT('',#2577);
#2577 = CARTESIAN_POINT('',(-8.637170114072E-03,-0.970999455341,
    -2.384185759929E-08));
#2578 = LINE('',#2579,#2580);
#2579 = CARTESIAN_POINT('',(-8.637170114072E-03,-0.939558757694,
    -2.384185759929E-08));
#2580 = VECTOR('',#2581,1.);
#2581 = DIRECTION('',(0.,-1.,0.));
#2582 = ORIENTED_EDGE('',*,*,#2583,.T.);
#2583 = EDGE_CURVE('',#2576,#2584,#2586,.T.);
#2584 = VERTEX_POINT('',#2585);
#2585 = CARTESIAN_POINT('',(0.14507290727,-0.970999455341,
    -2.384185759929E-08));
#2586 = LINE('',#2587,#2588);
#2587 = CARTESIAN_POINT('',(-8.637170114072E-03,-0.970999455341,
    -2.384185759929E-08));
#2588 = VECTOR('',#2589,1.);
#2589 = DIRECTION('',(1.,0.,0.));
#2590 = ORIENTED_EDGE('',*,*,#2591,.T.);
#2591 = EDGE_CURVE('',#2584,#2592,#2594,.T.);
#2592 = VERTEX_POINT('',#2593);
#2593 = CARTESIAN_POINT('',(0.14507290727,-0.68453976567,
    -2.384185759929E-08));
#2594 = LINE('',#2595,#2596);
#2595 = CARTESIAN_POINT('',(0.14507290727,-0.970999455341,
    -2.384185759929E-08));
#2596 = VECTOR('',#2597,1.);
#2597 = DIRECTION('',(0.,1.,0.));
#2598 = ORIENTED_EDGE('',*,*,#2599,.T.);
#2599 = EDGE_CURVE('',#2592,#2600,#2602,.T.);
#2600 = VERTEX_POINT('',#2601);
#2601 = CARTESIAN_POINT('',(-1.650348414801E-03,-0.68453976567,
    -2.384185759929E-08));
#2602 = LINE('',#2603,#2604);
#2603 = CARTESIAN_POINT('',(0.14507290727,-0.68453976567,
    -2.384185759929E-08));
#2604 = VECTOR('',#2605,1.);
#2605 = DIRECTION('',(-1.,0.,0.));
#2606 = ORIENTED_EDGE('',*,*,#2607,.T.);
#2607 = EDGE_CURVE('',#2600,#2608,#2610,.T.);
#2608 = VERTEX_POINT('',#2609);
#2609 = CARTESIAN_POINT('',(-1.650348414801E-03,-0.715980463317,
    -2.384185759929E-08));
#2610 = LINE('',#2611,#2612);
#2611 = CARTESIAN_POINT('',(-1.650348414801E-03,-0.68453976567,
    -2.384185759929E-08));
#2612 = VECTOR('',#2613,1.);
#2613 = DIRECTION('',(0.,-1.,0.));
#2614 = ORIENTED_EDGE('',*,*,#2615,.T.);
#2615 = EDGE_CURVE('',#2608,#2616,#2618,.T.);
#2616 = VERTEX_POINT('',#2617);
#2617 = CARTESIAN_POINT('',(0.106645387924,-0.715980463317,
    -2.384185759929E-08));
#2618 = LINE('',#2619,#2620);
#2619 = CARTESIAN_POINT('',(-1.650348414801E-03,-0.715980463317,
    -2.384185759929E-08));
#2620 = VECTOR('',#2621,1.);
#2621 = DIRECTION('',(1.,0.,0.));
#2622 = ORIENTED_EDGE('',*,*,#2623,.T.);
#2623 = EDGE_CURVE('',#2616,#2624,#2626,.T.);
#2624 = VERTEX_POINT('',#2625);
#2625 = CARTESIAN_POINT('',(0.106645387924,-0.810302556257,
    -2.384185759929E-08));
#2626 = LINE('',#2627,#2628);
#2627 = CARTESIAN_POINT('',(0.106645387924,-0.715980463317,
    -2.384185759929E-08));
#2628 = VECTOR('',#2629,1.);
#2629 = DIRECTION('',(0.,-1.,0.));
#2630 = ORIENTED_EDGE('',*,*,#2631,.T.);
#2631 = EDGE_CURVE('',#2624,#2632,#2634,.T.);
#2632 = VERTEX_POINT('',#2633);
#2633 = CARTESIAN_POINT('',(5.336473284471E-03,-0.810302556257,
    -2.384185759929E-08));
#2634 = LINE('',#2635,#2636);
#2635 = CARTESIAN_POINT('',(0.106645387924,-0.810302556257,
    -2.384185759929E-08));
#2636 = VECTOR('',#2637,1.);
#2637 = DIRECTION('',(-1.,0.,0.));
#2638 = ORIENTED_EDGE('',*,*,#2639,.T.);
#2639 = EDGE_CURVE('',#2632,#2640,#2642,.T.);
#2640 = VERTEX_POINT('',#2641);
#2641 = CARTESIAN_POINT('',(5.336473284471E-03,-0.841743253904,
    -2.384185759929E-08));
#2642 = LINE('',#2643,#2644);
#2643 = CARTESIAN_POINT('',(5.336473284471E-03,-0.810302556257,
    -2.384185759929E-08));
#2644 = VECTOR('',#2645,1.);
#2645 = DIRECTION('',(0.,-1.,0.));
#2646 = ORIENTED_EDGE('',*,*,#2647,.T.);
#2647 = EDGE_CURVE('',#2640,#2648,#2650,.T.);
#2648 = VERTEX_POINT('',#2649);
#2649 = CARTESIAN_POINT('',(0.106645387924,-0.841743253904,
    -2.384185759929E-08));
#2650 = LINE('',#2651,#2652);
#2651 = CARTESIAN_POINT('',(5.336473284471E-03,-0.841743253904,
    -2.384185759929E-08));
#2652 = VECTOR('',#2653,1.);
#2653 = DIRECTION('',(1.,0.,0.));
#2654 = ORIENTED_EDGE('',*,*,#2655,.T.);
#2655 = EDGE_CURVE('',#2648,#2566,#2656,.T.);
#2656 = LINE('',#2657,#2658);
#2657 = CARTESIAN_POINT('',(0.106645387924,-0.841743253904,
    -2.384185759929E-08));
#2658 = VECTOR('',#2659,1.);
#2659 = DIRECTION('',(0.,-1.,0.));
#2660 = FACE_BOUND('',#2661,.T.);
#2661 = EDGE_LOOP('',(#2662,#2672,#2680,#2688,#2696,#2704));
#2662 = ORIENTED_EDGE('',*,*,#2663,.T.);
#2663 = EDGE_CURVE('',#2664,#2666,#2668,.T.);
#2664 = VERTEX_POINT('',#2665);
#2665 = CARTESIAN_POINT('',(0.546815154978,-0.939558757694,
    -2.384185759929E-08));
#2666 = VERTEX_POINT('',#2667);
#2667 = CARTESIAN_POINT('',(0.438519418639,-0.939558757694,
    -2.384185759929E-08));
#2668 = LINE('',#2669,#2670);
#2669 = CARTESIAN_POINT('',(0.546815154978,-0.939558757694,
    -2.384185759929E-08));
#2670 = VECTOR('',#2671,1.);
#2671 = DIRECTION('',(-1.,0.,0.));
#2672 = ORIENTED_EDGE('',*,*,#2673,.T.);
#2673 = EDGE_CURVE('',#2666,#2674,#2676,.T.);
#2674 = VERTEX_POINT('',#2675);
#2675 = CARTESIAN_POINT('',(0.438519418639,-0.970999455341,
    -2.384185759929E-08));
#2676 = LINE('',#2677,#2678);
#2677 = CARTESIAN_POINT('',(0.438519418639,-0.939558757694,
    -2.384185759929E-08));
#2678 = VECTOR('',#2679,1.);
#2679 = DIRECTION('',(0.,-1.,0.));
#2680 = ORIENTED_EDGE('',*,*,#2681,.T.);
#2681 = EDGE_CURVE('',#2674,#2682,#2684,.T.);
#2682 = VERTEX_POINT('',#2683);
#2683 = CARTESIAN_POINT('',(0.585242674324,-0.970999455341,
    -2.384185759929E-08));
#2684 = LINE('',#2685,#2686);
#2685 = CARTESIAN_POINT('',(0.438519418639,-0.970999455341,
    -2.384185759929E-08));
#2686 = VECTOR('',#2687,1.);
#2687 = DIRECTION('',(1.,0.,0.));
#2688 = ORIENTED_EDGE('',*,*,#2689,.T.);
#2689 = EDGE_CURVE('',#2682,#2690,#2692,.T.);
#2690 = VERTEX_POINT('',#2691);
#2691 = CARTESIAN_POINT('',(0.585242674324,-0.68453976567,
    -2.384185759929E-08));
#2692 = LINE('',#2693,#2694);
#2693 = CARTESIAN_POINT('',(0.585242674324,-0.970999455341,
    -2.384185759929E-08));
#2694 = VECTOR('',#2695,1.);
#2695 = DIRECTION('',(0.,1.,0.));
#2696 = ORIENTED_EDGE('',*,*,#2697,.T.);
#2697 = EDGE_CURVE('',#2690,#2698,#2700,.T.);
#2698 = VERTEX_POINT('',#2699);
#2699 = CARTESIAN_POINT('',(0.546815154978,-0.68453976567,
    -2.384185759929E-08));
#2700 = LINE('',#2701,#2702);
#2701 = CARTESIAN_POINT('',(0.585242674324,-0.68453976567,
    -2.384185759929E-08));
#2702 = VECTOR('',#2703,1.);
#2703 = DIRECTION('',(-1.,0.,0.));
#2704 = ORIENTED_EDGE('',*,*,#2705,.T.);
#2705 = EDGE_CURVE('',#2698,#2664,#2706,.T.);
#2706 = LINE('',#2707,#2708);
#2707 = CARTESIAN_POINT('',(0.546815154978,-0.68453976567,
    -2.384185759929E-08));
#2708 = VECTOR('',#2709,1.);
#2709 = DIRECTION('',(0.,-1.,0.));
#2710 = FACE_BOUND('',#2711,.T.);
#2711 = EDGE_LOOP('',(#2712,#2730,#2738,#2754,#2778,#2802,#2818,#2826,
    #2842,#2866));
#2712 = ORIENTED_EDGE('',*,*,#2713,.T.);
#2713 = EDGE_CURVE('',#2714,#2716,#2718,.T.);
#2714 = VERTEX_POINT('',#2715);
#2715 = CARTESIAN_POINT('',(0.27449286234,-0.943052168544,
    -2.384185759929E-08));
#2716 = VERTEX_POINT('',#2717);
#2717 = CARTESIAN_POINT('',(0.200967480864,-0.924711761583,
    -2.384185782134E-08));
#2718 = B_SPLINE_CURVE_WITH_KNOTS('',3,(#2719,#2720,#2721,#2722,#2723,
    #2724,#2725,#2726,#2727,#2728,#2729),.UNSPECIFIED.,.F.,.F.,(4,1,1,1,
    1,1,1,1,4),(0.,0.135294604763,0.266765657925,0.394816018836,
    0.520051654434,0.642175702971,0.762651820558,0.881834004381,1.),
  .UNSPECIFIED.);
#2719 = CARTESIAN_POINT('',(0.27449286234,-0.943052168544,
    -2.384185759929E-08));
#2720 = CARTESIAN_POINT('',(0.271033741112,-0.943006753068,
    -2.384185737725E-08));
#2721 = CARTESIAN_POINT('',(0.264213256646,-0.942917205599,
    -2.384185759929E-08));
#2722 = CARTESIAN_POINT('',(0.25415511787,-0.941998250091,
    -2.384185804338E-08));
#2723 = CARTESIAN_POINT('',(0.244412558287,-0.940615159884,
    -2.384185737725E-08));
#2724 = CARTESIAN_POINT('',(0.235027923764,-0.93857937259,
    -2.384185782134E-08));
#2725 = CARTESIAN_POINT('',(0.225969038847,-0.936031026375,
    -2.38418571552E-08));
#2726 = CARTESIAN_POINT('',(0.217287261208,-0.932830108297,
    -2.384185782134E-08));
#2727 = CARTESIAN_POINT('',(0.208889821891,-0.929173997959,
    -2.384185782134E-08));
#2728 = CARTESIAN_POINT('',(0.2036007129,-0.926194922146,
    -2.384185804338E-08));
#2729 = CARTESIAN_POINT('',(0.200967480864,-0.924711761583,
    -2.384185782134E-08));
#2730 = ORIENTED_EDGE('',*,*,#2731,.T.);
#2731 = EDGE_CURVE('',#2716,#2732,#2734,.T.);
#2732 = VERTEX_POINT('',#2733);
#2733 = CARTESIAN_POINT('',(0.200967480864,-0.95615245923,
    -2.384185759929E-08));
#2734 = LINE('',#2735,#2736);
#2735 = CARTESIAN_POINT('',(0.200967480864,-0.924711761583,
    -2.384185759929E-08));
#2736 = VECTOR('',#2737,1.);
#2737 = DIRECTION('',(0.,-1.,0.));
#2738 = ORIENTED_EDGE('',*,*,#2739,.T.);
#2739 = EDGE_CURVE('',#2732,#2740,#2742,.T.);
#2740 = VERTEX_POINT('',#2741);
#2741 = CARTESIAN_POINT('',(0.279787563159,-0.97449286619,
    -2.384185759929E-08));
#2742 = B_SPLINE_CURVE_WITH_KNOTS('',3,(#2743,#2744,#2745,#2746,#2747,
    #2748,#2749,#2750,#2751,#2752,#2753),.UNSPECIFIED.,.F.,.F.,(4,1,1,1,
    1,1,1,1,4),(0.,0.112448389909,0.226527675213,0.344401949326,
    0.465864972487,0.591659449352,0.722168487025,0.858606387555,1.),
  .UNSPECIFIED.);
#2743 = CARTESIAN_POINT('',(0.200967480864,-0.95615245923,
    -2.384185759929E-08));
#2744 = CARTESIAN_POINT('',(0.203655444074,-0.957636105483,
    -2.384185737725E-08));
#2745 = CARTESIAN_POINT('',(0.209070355371,-0.960624916055,
    -2.384185737725E-08));
#2746 = CARTESIAN_POINT('',(0.217729935678,-0.964312823913,
    -2.384185782134E-08));
#2747 = CARTESIAN_POINT('',(0.226841912732,-0.967493818004,
    -2.38418571552E-08));
#2748 = CARTESIAN_POINT('',(0.236486040095,-0.970030375461,
    -2.384185782134E-08));
#2749 = CARTESIAN_POINT('',(0.246598206449,-0.972068941708,
    -2.384185782134E-08));
#2750 = CARTESIAN_POINT('',(0.257231993819,-0.973449735674,
    -2.38418571552E-08));
#2751 = CARTESIAN_POINT('',(0.268345274518,-0.974358667403,
    -2.384185804338E-08));
#2752 = CARTESIAN_POINT('',(0.275928380043,-0.974447604468,
    -2.384185737725E-08));
#2753 = CARTESIAN_POINT('',(0.279787563159,-0.97449286619,
    -2.384185759929E-08));
#2754 = ORIENTED_EDGE('',*,*,#2755,.T.);
#2755 = EDGE_CURVE('',#2740,#2756,#2758,.T.);
#2756 = VERTEX_POINT('',#2757);
#2757 = CARTESIAN_POINT('',(0.414065542692,-0.833173480414,
    -2.384185759929E-08));
#2758 = B_SPLINE_CURVE_WITH_KNOTS('',3,(#2759,#2760,#2761,#2762,#2763,
    #2764,#2765,#2766,#2767,#2768,#2769,#2770,#2771,#2772,#2773,#2774,
    #2775,#2776,#2777),.UNSPECIFIED.,.F.,.F.,(4,1,1,1,1,1,1,1,1,1,1,1,1,
    1,1,1,4),(0.,6.783324845577E-02,0.132655536508,0.195050884051,
    0.255582933069,0.314799834147,0.373600472826,0.432545595327,
    0.492430629284,0.552671255963,0.612513044188,0.672610250357,
    0.733838369314,0.796594238568,0.861449799291,0.929198942351,1.),
  .UNSPECIFIED.);
#2759 = CARTESIAN_POINT('',(0.279787563159,-0.97449286619,
    -2.384185759929E-08));
#2760 = CARTESIAN_POINT('',(0.284760234544,-0.974381961292,
    -2.384185737725E-08));
#2761 = CARTESIAN_POINT('',(0.294484851977,-0.974165074306,
    -2.384185737725E-08));
#2762 = CARTESIAN_POINT('',(0.308691093213,-0.972340740802,
    -2.384185759929E-08));
#2763 = CARTESIAN_POINT('',(0.3221307153,-0.969294953885,
    -2.384185782134E-08));
#2764 = CARTESIAN_POINT('',(0.334799050246,-0.965015511293,
    -2.384185804338E-08));
#2765 = CARTESIAN_POINT('',(0.346740417824,-0.959607989474,
    -2.384185782134E-08));
#2766 = CARTESIAN_POINT('',(0.357892960559,-0.952923759014,
    -2.384185737725E-08));
#2767 = CARTESIAN_POINT('',(0.368182875826,-0.944910179426,
    -2.384185759929E-08));
#2768 = CARTESIAN_POINT('',(0.377746326261,-0.935890282516,
    -2.384185782134E-08));
#2769 = CARTESIAN_POINT('',(0.386279488226,-0.92579827698,
    -2.384185737725E-08));
#2770 = CARTESIAN_POINT('',(0.393748661184,-0.914882247873,
    -2.384185782134E-08));
#2771 = CARTESIAN_POINT('',(0.400067546164,-0.903176147814,
    -2.384185782134E-08));
#2772 = CARTESIAN_POINT('',(0.405194894308,-0.890673550294,
    -2.38418571552E-08));
#2773 = CARTESIAN_POINT('',(0.409190615509,-0.877399834541,
    -2.384185826543E-08));
#2774 = CARTESIAN_POINT('',(0.411984897101,-0.86334305234,
    -2.384185737725E-08));
#2775 = CARTESIAN_POINT('',(0.413800804405,-0.848522925119,
    -2.384185782134E-08));
#2776 = CARTESIAN_POINT('',(0.413976010148,-0.838364549853,
    -2.384185759929E-08));
#2777 = CARTESIAN_POINT('',(0.414065542692,-0.833173480414,
    -2.384185759929E-08));
#2778 = ORIENTED_EDGE('',*,*,#2779,.T.);
#2779 = EDGE_CURVE('',#2756,#2780,#2782,.T.);
#2780 = VERTEX_POINT('',#2781);
#2781 = CARTESIAN_POINT('',(0.268379393353,-0.681046354821,
    -2.384185759929E-08));
#2782 = B_SPLINE_CURVE_WITH_KNOTS('',3,(#2783,#2784,#2785,#2786,#2787,
    #2788,#2789,#2790,#2791,#2792,#2793,#2794,#2795,#2796,#2797,#2798,
    #2799,#2800,#2801),.UNSPECIFIED.,.F.,.F.,(4,1,1,1,1,1,1,1,1,1,1,1,1,
    1,1,1,4),(0.,7.064371857535E-02,0.138256715509,0.203364124218,
    0.266324093803,0.327904761543,0.388737715173,0.449423528109,
    0.510861011459,0.572079396048,0.631734428731,0.691117210579,
    0.75036002949,0.810032900531,0.871362450829,0.934427141231,1.),
  .UNSPECIFIED.);
#2783 = CARTESIAN_POINT('',(0.414065542692,-0.833173480414,
    -2.384185759929E-08));
#2784 = CARTESIAN_POINT('',(0.413940782778,-0.827600260739,
    -2.384185782134E-08));
#2785 = CARTESIAN_POINT('',(0.413696615338,-0.816692920885,
    -2.384185759929E-08));
#2786 = CARTESIAN_POINT('',(0.411755817801,-0.800743716666,
    -2.384185804338E-08));
#2787 = CARTESIAN_POINT('',(0.408571285993,-0.785620365112,
    -2.384185693316E-08));
#2788 = CARTESIAN_POINT('',(0.404013802754,-0.771345823059,
    -2.384185826543E-08));
#2789 = CARTESIAN_POINT('',(0.398210218182,-0.757900797539,
    -2.384185737725E-08));
#2790 = CARTESIAN_POINT('',(0.391155599807,-0.745267398742,
    -2.384185782134E-08));
#2791 = CARTESIAN_POINT('',(0.382735317414,-0.733510717877,
    -2.384185782134E-08));
#2792 = CARTESIAN_POINT('',(0.373083466521,-0.722710664495,
    -2.384185737725E-08));
#2793 = CARTESIAN_POINT('',(0.362519419056,-0.712921332427,
    -2.38418571552E-08));
#2794 = CARTESIAN_POINT('',(0.35112085652,-0.704378983364,
    -2.384185826543E-08));
#2795 = CARTESIAN_POINT('',(0.339025273755,-0.697159984658,
    -2.38418571552E-08));
#2796 = CARTESIAN_POINT('',(0.326249791466,-0.691216732025,
    -2.384185782134E-08));
#2797 = CARTESIAN_POINT('',(0.31274744486,-0.68667999462,
    -2.384185782134E-08));
#2798 = CARTESIAN_POINT('',(0.298581407693,-0.683421830329,
    -2.384185737725E-08));
#2799 = CARTESIAN_POINT('',(0.283702892471,-0.681402882949,
    -2.384185782134E-08));
#2800 = CARTESIAN_POINT('',(0.273553192503,-0.681166732348,
    -2.384185782134E-08));
#2801 = CARTESIAN_POINT('',(0.268379393353,-0.681046354821,
    -2.384185759929E-08));
#2802 = ORIENTED_EDGE('',*,*,#2803,.T.);
#2803 = EDGE_CURVE('',#2780,#2804,#2806,.T.);
#2804 = VERTEX_POINT('',#2805);
#2805 = CARTESIAN_POINT('',(0.200967480864,-0.692399940082,
    -2.384185782134E-08));
#2806 = B_SPLINE_CURVE_WITH_KNOTS('',3,(#2807,#2808,#2809,#2810,#2811,
    #2812,#2813,#2814,#2815,#2816,#2817),.UNSPECIFIED.,.F.,.F.,(4,1,1,1,
    1,1,1,1,4),(0.,0.145186866472,0.28344261092,0.416524365929,
    0.543181123535,0.665153082638,0.781360206313,0.892756655642,1.),
  .UNSPECIFIED.);
#2807 = CARTESIAN_POINT('',(0.268379393353,-0.681046354821,
    -2.384185759929E-08));
#2808 = CARTESIAN_POINT('',(0.265048766467,-0.681070229642,
    -2.384185737725E-08));
#2809 = CARTESIAN_POINT('',(0.258546514552,-0.681116839517,
    -2.384185759929E-08));
#2810 = CARTESIAN_POINT('',(0.249007623172,-0.681701331657,
    -2.384185759929E-08));
#2811 = CARTESIAN_POINT('',(0.239913308018,-0.682527397962,
    -2.384185759929E-08));
#2812 = CARTESIAN_POINT('',(0.231250408543,-0.683815498829,
    -2.384185826543E-08));
#2813 = CARTESIAN_POINT('',(0.223019370501,-0.685348848623,
    -2.384185737725E-08));
#2814 = CARTESIAN_POINT('',(0.2152510286,-0.687347643602,
    -2.384185870952E-08));
#2815 = CARTESIAN_POINT('',(0.207896549515,-0.689587278351,
    -2.384185737725E-08));
#2816 = CARTESIAN_POINT('',(0.203247735375,-0.691474334503,
    -2.384185759929E-08));
#2817 = CARTESIAN_POINT('',(0.200967480864,-0.692399940082,
    -2.384185782134E-08));
#2818 = ORIENTED_EDGE('',*,*,#2819,.T.);
#2819 = EDGE_CURVE('',#2804,#2820,#2822,.T.);
#2820 = VERTEX_POINT('',#2821);
#2821 = CARTESIAN_POINT('',(0.200967480864,-0.730827459428,
    -2.384185759929E-08));
#2822 = LINE('',#2823,#2824);
#2823 = CARTESIAN_POINT('',(0.200967480864,-0.692399940082,
    -2.384185759929E-08));
#2824 = VECTOR('',#2825,1.);
#2825 = DIRECTION('',(0.,-1.,0.));
#2826 = ORIENTED_EDGE('',*,*,#2827,.T.);
#2827 = EDGE_CURVE('',#2820,#2828,#2830,.T.);
#2828 = VERTEX_POINT('',#2829);
#2829 = CARTESIAN_POINT('',(0.268051886086,-0.712487052468,
    -2.384185759929E-08));
#2830 = B_SPLINE_CURVE_WITH_KNOTS('',3,(#2831,#2832,#2833,#2834,#2835,
    #2836,#2837,#2838,#2839,#2840,#2841),.UNSPECIFIED.,.F.,.F.,(4,1,1,1,
    1,1,1,1,4),(0.,0.125279696736,0.249419970742,0.373356799493,
    0.496681278782,0.620202915744,0.745086320161,0.871269195019,1.),
  .UNSPECIFIED.);
#2831 = CARTESIAN_POINT('',(0.200967480864,-0.730827459428,
    -2.384185759929E-08));
#2832 = CARTESIAN_POINT('',(0.203511353375,-0.729349277874,
    -2.384185759929E-08));
#2833 = CARTESIAN_POINT('',(0.208575961798,-0.726406358874,
    -2.384185782134E-08));
#2834 = CARTESIAN_POINT('',(0.216541670029,-0.722727130941,
    -2.384185759929E-08));
#2835 = CARTESIAN_POINT('',(0.224660866666,-0.719535930416,
    -2.384185759929E-08));
#2836 = CARTESIAN_POINT('',(0.232990390144,-0.716988444159,
    -2.384185737725E-08));
#2837 = CARTESIAN_POINT('',(0.241477816917,-0.714931329454,
    -2.384185737725E-08));
#2838 = CARTESIAN_POINT('',(0.250167653342,-0.713551564644,
    -2.384185759929E-08));
#2839 = CARTESIAN_POINT('',(0.259043435256,-0.712623253752,
    -2.384185759929E-08));
#2840 = CARTESIAN_POINT('',(0.265029126284,-0.712532754417,
    -2.384185759929E-08));
#2841 = CARTESIAN_POINT('',(0.268051886086,-0.712487052468,
    -2.384185759929E-08));
#2842 = ORIENTED_EDGE('',*,*,#2843,.T.);
#2843 = EDGE_CURVE('',#2828,#2844,#2846,.T.);
#2844 = VERTEX_POINT('',#2845);
#2845 = CARTESIAN_POINT('',(0.375638023346,-0.830826344999,
    -2.384185759929E-08));
#2846 = B_SPLINE_CURVE_WITH_KNOTS('',3,(#2847,#2848,#2849,#2850,#2851,
    #2852,#2853,#2854,#2855,#2856,#2857,#2858,#2859,#2860,#2861,#2862,
    #2863,#2864,#2865),.UNSPECIFIED.,.F.,.F.,(4,1,1,1,1,1,1,1,1,1,1,1,1,
    1,1,1,4),(0.,6.460397028839E-02,0.126702413963,0.186756814036,
    0.245505687365,0.30365202445,0.361503073971,0.420240222928,
    0.480033340777,0.540678134776,0.601191806381,0.662333502477,
    0.724739510297,0.789467736173,0.856504860044,0.926312095839,1.),
  .UNSPECIFIED.);
#2847 = CARTESIAN_POINT('',(0.268051886086,-0.712487052468,
    -2.384185759929E-08));
#2848 = CARTESIAN_POINT('',(0.271933232081,-0.712570508512,
    -2.384185782134E-08));
#2849 = CARTESIAN_POINT('',(0.27954539438,-0.712734183938,
    -2.384185759929E-08));
#2850 = CARTESIAN_POINT('',(0.290666182838,-0.714341174009,
    -2.38418571552E-08));
#2851 = CARTESIAN_POINT('',(0.301273038398,-0.716745412777,
    -2.384185737725E-08));
#2852 = CARTESIAN_POINT('',(0.311323428289,-0.720264202616,
    -2.384185782134E-08));
#2853 = CARTESIAN_POINT('',(0.320805940248,-0.724805743229,
    -2.384185759929E-08));
#2854 = CARTESIAN_POINT('',(0.329712351272,-0.730387068625,
    -2.384185737725E-08));
#2855 = CARTESIAN_POINT('',(0.338097358985,-0.736888515453,
    -2.38418571552E-08));
#2856 = CARTESIAN_POINT('',(0.345833052943,-0.744391191857,
    -2.384185782134E-08));
#2857 = CARTESIAN_POINT('',(0.352882421933,-0.752687953577,
    -2.384185737725E-08));
#2858 = CARTESIAN_POINT('',(0.358933261356,-0.761833669208,
    -2.384185782134E-08));
#2859 = CARTESIAN_POINT('',(0.364180257617,-0.771580798196,
    -2.384185759929E-08));
#2860 = CARTESIAN_POINT('',(0.368382042021,-0.782100351457,
    -2.384185782134E-08));
#2861 = CARTESIAN_POINT('',(0.37163608065,-0.793311617107,
    -2.384185759929E-08));
#2862 = CARTESIAN_POINT('',(0.373984810633,-0.805199297386,
    -2.384185759929E-08));
#2863 = CARTESIAN_POINT('',(0.375345632428,-0.817785317333,
    -2.384185782134E-08));
#2864 = CARTESIAN_POINT('',(0.375538818208,-0.826401662581,
    -2.384185782134E-08));
#2865 = CARTESIAN_POINT('',(0.375638023346,-0.830826344999,
    -2.384185759929E-08));
#2866 = ORIENTED_EDGE('',*,*,#2867,.T.);
#2867 = EDGE_CURVE('',#2844,#2714,#2868,.T.);
#2868 = B_SPLINE_CURVE_WITH_KNOTS('',3,(#2869,#2870,#2871,#2872,#2873,
    #2874,#2875,#2876,#2877,#2878,#2879,#2880,#2881,#2882,#2883,#2884,
    #2885,#2886,#2887),.UNSPECIFIED.,.F.,.F.,(4,1,1,1,1,1,1,1,1,1,1,1,1,
    1,1,1,4),(0.,7.377411937406E-02,0.144079114726,0.211348518309,
    0.27607688574,0.33852091582,0.399885116693,0.460254067465,
    0.520588964391,0.580207684563,0.638632908553,0.696364549491,
    0.75400177466,0.812805681374,0.872754425526,0.935181996978,1.),
  .UNSPECIFIED.);
#2869 = CARTESIAN_POINT('',(0.375638023346,-0.830826344999,
    -2.384185759929E-08));
#2870 = CARTESIAN_POINT('',(0.375558439158,-0.835014731045,
    -2.384185782134E-08));
#2871 = CARTESIAN_POINT('',(0.375403013116,-0.843194550185,
    -2.384185759929E-08));
#2872 = CARTESIAN_POINT('',(0.374067656459,-0.855133524869,
    -2.384185782134E-08));
#2873 = CARTESIAN_POINT('',(0.371904529376,-0.866421962179,
    -2.384185782134E-08));
#2874 = CARTESIAN_POINT('',(0.368864521267,-0.877049912058,
    -2.384185737725E-08));
#2875 = CARTESIAN_POINT('',(0.364900461949,-0.887007539071,
    -2.384185759929E-08));
#2876 = CARTESIAN_POINT('',(0.36011201722,-0.896321300602,
    -2.384185782134E-08));
#2877 = CARTESIAN_POINT('',(0.354386828777,-0.904949137494,
    -2.384185693316E-08));
#2878 = CARTESIAN_POINT('',(0.347851279661,-0.912850658024,
    -2.384185826543E-08));
#2879 = CARTESIAN_POINT('',(0.34059509864,-0.919936425252,
    -2.384185737725E-08));
#2880 = CARTESIAN_POINT('',(0.332770235098,-0.926159320954,
    -2.384185759929E-08));
#2881 = CARTESIAN_POINT('',(0.324359641069,-0.931353501671,
    -2.384185782134E-08));
#2882 = CARTESIAN_POINT('',(0.315441743963,-0.935660681171,
    -2.384185782134E-08));
#2883 = CARTESIAN_POINT('',(0.30597625098,-0.938990724989,
    -2.384185759929E-08));
#2884 = CARTESIAN_POINT('',(0.295945443761,-0.94132520249,
    -2.384185759929E-08));
#2885 = CARTESIAN_POINT('',(0.285397308741,-0.942771127628,
    -2.384185782134E-08));
#2886 = CARTESIAN_POINT('',(0.278172916877,-0.942957322289,
    -2.384185737725E-08));
#2887 = CARTESIAN_POINT('',(0.27449286234,-0.943052168544,
    -2.384185759929E-08));
#2888 = FACE_BOUND('',#2889,.T.);
#2889 = EDGE_LOOP('',(#2890,#2916,#2924,#2932,#2940));
#2890 = ORIENTED_EDGE('',*,*,#2891,.T.);
#2891 = EDGE_CURVE('',#2892,#2894,#2896,.T.);
#2892 = VERTEX_POINT('',#2893);
#2893 = CARTESIAN_POINT('',(-0.295096859784,-0.824167030567,
    -2.384185759929E-08));
#2894 = VERTEX_POINT('',#2895);
#2895 = CARTESIAN_POINT('',(-0.142423888746,-0.970999455341,
    -2.384185737725E-08));
#2896 = B_SPLINE_CURVE_WITH_KNOTS('',3,(#2897,#2898,#2899,#2900,#2901,
    #2902,#2903,#2904,#2905,#2906,#2907,#2908,#2909,#2910,#2911,#2912,
    #2913,#2914,#2915),.UNSPECIFIED.,.F.,.F.,(4,1,1,1,1,1,1,1,1,1,1,1,1,
    1,1,1,4),(0.,6.806869584499E-02,0.133427432819,0.196146033813,
    0.257048592449,0.316882663159,0.376187208666,0.435960335364,
    0.496535236863,0.557465343481,0.61768686341,0.677943640697,
    0.738805284806,0.800949336767,0.86481466747,0.931024781079,1.),
  .UNSPECIFIED.);
#2897 = CARTESIAN_POINT('',(-0.295096859784,-0.824167030567,
    -2.384185759929E-08));
#2898 = CARTESIAN_POINT('',(-0.294981168111,-0.829577562163,
    -2.384185782134E-08));
#2899 = CARTESIAN_POINT('',(-0.294754390694,-0.84018322064,
    -2.384185804338E-08));
#2900 = CARTESIAN_POINT('',(-0.292681631793,-0.855661266474,
    -2.384185737725E-08));
#2901 = CARTESIAN_POINT('',(-0.289372822977,-0.870327152643,
    -2.384185826543E-08));
#2902 = CARTESIAN_POINT('',(-0.284728233786,-0.884172547189,
    -2.384185804338E-08));
#2903 = CARTESIAN_POINT('',(-0.278714847314,-0.89718746373,
    -2.38418571552E-08));
#2904 = CARTESIAN_POINT('',(-0.271259143879,-0.909324353156,
    -2.384185759929E-08));
#2905 = CARTESIAN_POINT('',(-0.262562070022,-0.920675755238,
    -2.384185826543E-08));
#2906 = CARTESIAN_POINT('',(-0.252564039734,-0.931086146455,
    -2.384185759929E-08));
#2907 = CARTESIAN_POINT('',(-0.241506938754,-0.940403409467,
    -2.384185804338E-08));
#2908 = CARTESIAN_POINT('',(-0.229683361962,-0.948689775131,
    -2.384185759929E-08));
#2909 = CARTESIAN_POINT('',(-0.216991714634,-0.955574640601,
    -2.384185782134E-08));
#2910 = CARTESIAN_POINT('',(-0.203540395916,-0.961199903271,
    -2.384185782134E-08));
#2911 = CARTESIAN_POINT('',(-0.189352932196,-0.965666025555,
    -2.384185782134E-08));
#2912 = CARTESIAN_POINT('',(-0.174367836894,-0.968706788989,
    -2.38418571552E-08));
#2913 = CARTESIAN_POINT('',(-0.158653213897,-0.970705824618,
    -2.384185826543E-08));
#2914 = CARTESIAN_POINT('',(-0.147906932592,-0.97090025281,
    -2.384185759929E-08));
#2915 = CARTESIAN_POINT('',(-0.142423888746,-0.970999455341,
    -2.384185737725E-08));
#2916 = ORIENTED_EDGE('',*,*,#2917,.T.);
#2917 = EDGE_CURVE('',#2894,#2918,#2920,.T.);
#2918 = VERTEX_POINT('',#2919);
#2919 = CARTESIAN_POINT('',(-6.453174370825E-02,-0.970999455341,
    -2.384185759929E-08));
#2920 = LINE('',#2921,#2922);
#2921 = CARTESIAN_POINT('',(-0.142423888746,-0.970999455341,
    -2.384185759929E-08));
#2922 = VECTOR('',#2923,1.);
#2923 = DIRECTION('',(1.,0.,0.));
#2924 = ORIENTED_EDGE('',*,*,#2925,.T.);
#2925 = EDGE_CURVE('',#2918,#2926,#2928,.T.);
#2926 = VERTEX_POINT('',#2927);
#2927 = CARTESIAN_POINT('',(-6.453174370825E-02,-0.68453976567,
    -2.384185759929E-08));
#2928 = LINE('',#2929,#2930);
#2929 = CARTESIAN_POINT('',(-6.453174370825E-02,-0.970999455341,
    -2.384185759929E-08));
#2930 = VECTOR('',#2931,1.);
#2931 = DIRECTION('',(0.,1.,0.));
#2932 = ORIENTED_EDGE('',*,*,#2933,.T.);
#2933 = EDGE_CURVE('',#2926,#2934,#2936,.T.);
#2934 = VERTEX_POINT('',#2935);
#2935 = CARTESIAN_POINT('',(-0.145371454151,-0.68453976567,
    -2.384185759929E-08));
#2936 = LINE('',#2937,#2938);
#2937 = CARTESIAN_POINT('',(-6.453174370825E-02,-0.68453976567,
    -2.384185759929E-08));
#2938 = VECTOR('',#2939,1.);
#2939 = DIRECTION('',(-1.,0.,0.));
#2940 = ORIENTED_EDGE('',*,*,#2941,.T.);
#2941 = EDGE_CURVE('',#2934,#2892,#2942,.T.);
#2942 = B_SPLINE_CURVE_WITH_KNOTS('',3,(#2943,#2944,#2945,#2946,#2947,
    #2948,#2949,#2950,#2951,#2952,#2953,#2954,#2955,#2956,#2957,#2958,
    #2959,#2960,#2961),.UNSPECIFIED.,.F.,.F.,(4,1,1,1,1,1,1,1,1,1,1,1,1,
    1,1,1,4),(0.,6.86311786766E-02,0.134566466039,0.198328154011,
    0.260789766641,0.321999151484,0.382721746503,0.443537474036,
    0.505133429485,0.566213874765,0.626105864618,0.685349322161,
    0.744995870348,0.805415841815,0.867636266346,0.932307782302,1.),
  .UNSPECIFIED.);
#2943 = CARTESIAN_POINT('',(-0.145371454151,-0.68453976567,
    -2.384185759929E-08));
#2944 = CARTESIAN_POINT('',(-0.15063425263,-0.684657068608,
    -2.384185759929E-08));
#2945 = CARTESIAN_POINT('',(-0.160953122369,-0.684887066724,
    -2.384185782134E-08));
#2946 = CARTESIAN_POINT('',(-0.176085110319,-0.68663417155,
    -2.384185759929E-08));
#2947 = CARTESIAN_POINT('',(-0.190521487869,-0.689665966319,
    -2.384185737725E-08));
#2948 = CARTESIAN_POINT('',(-0.204301954089,-0.693802014184,
    -2.384185759929E-08));
#2949 = CARTESIAN_POINT('',(-0.217442471373,-0.699085770192,
    -2.384185826543E-08));
#2950 = CARTESIAN_POINT('',(-0.229819245232,-0.705704905933,
    -2.384185759929E-08));
#2951 = CARTESIAN_POINT('',(-0.241568075459,-0.713429374136,
    -2.384185826543E-08));
#2952 = CARTESIAN_POINT('',(-0.252536076275,-0.722275927771,
    -2.384185737725E-08));
#2953 = CARTESIAN_POINT('',(-0.262533025461,-0.73211242485,
    -2.384185782134E-08));
#2954 = CARTESIAN_POINT('',(-0.271247736776,-0.742870325013,
    -2.384185759929E-08));
#2955 = CARTESIAN_POINT('',(-0.278708883138,-0.754405742929,
    -2.384185759929E-08));
#2956 = CARTESIAN_POINT('',(-0.284713142484,-0.766809888025,
    -2.384185782134E-08));
#2957 = CARTESIAN_POINT('',(-0.289375270624,-0.780015926767,
    -2.384185693316E-08));
#2958 = CARTESIAN_POINT('',(-0.29267666531,-0.794014283084,
    -2.384185804338E-08));
#2959 = CARTESIAN_POINT('',(-0.294758925812,-0.808820811835,
    -2.384185737725E-08));
#2960 = CARTESIAN_POINT('',(-0.294982514273,-0.818974385348,
    -2.384185737725E-08));
#2961 = CARTESIAN_POINT('',(-0.295096859784,-0.824167030567,
    -2.384185759929E-08));
#2962 = FACE_BOUND('',#2963,.T.);
#2963 = EDGE_LOOP('',(#2964,#2974,#2982,#2990));
#2964 = ORIENTED_EDGE('',*,*,#2965,.F.);
#2965 = EDGE_CURVE('',#2966,#2968,#2970,.T.);
#2966 = VERTEX_POINT('',#2967);
#2967 = CARTESIAN_POINT('',(2.162182706668,0.409102303083,
    -2.384185759929E-08));
#2968 = VERTEX_POINT('',#2969);
#2969 = CARTESIAN_POINT('',(2.162182706668,-0.294053328654,
    -2.384185759929E-08));
#2970 = LINE('',#2971,#2972);
#2971 = CARTESIAN_POINT('',(2.162182706668,0.409102303083,
    -2.384185759929E-08));
#2972 = VECTOR('',#2973,1.);
#2973 = DIRECTION('',(0.,-1.,0.));
#2974 = ORIENTED_EDGE('',*,*,#2975,.F.);
#2975 = EDGE_CURVE('',#2976,#2966,#2978,.T.);
#2976 = VERTEX_POINT('',#2977);
#2977 = CARTESIAN_POINT('',(1.862182706668,0.409102303083,
    -2.384185759929E-08));
#2978 = LINE('',#2979,#2980);
#2979 = CARTESIAN_POINT('',(2.162182706668,0.409102303083,
    -2.384185759929E-08));
#2980 = VECTOR('',#2981,1.);
#2981 = DIRECTION('',(1.,0.,0.));
#2982 = ORIENTED_EDGE('',*,*,#2983,.F.);
#2983 = EDGE_CURVE('',#2984,#2976,#2986,.T.);
#2984 = VERTEX_POINT('',#2985);
#2985 = CARTESIAN_POINT('',(1.862182706668,-0.294053328654,
    -2.384185759929E-08));
#2986 = LINE('',#2987,#2988);
#2987 = CARTESIAN_POINT('',(1.862182706668,0.409102303083,
    -2.384185759929E-08));
#2988 = VECTOR('',#2989,1.);
#2989 = DIRECTION('',(0.,1.,0.));
#2990 = ORIENTED_EDGE('',*,*,#2991,.F.);
#2991 = EDGE_CURVE('',#2968,#2984,#2992,.T.);
#2992 = LINE('',#2993,#2994);
#2993 = CARTESIAN_POINT('',(2.162182706668,-0.294053328654,
    -2.384185759929E-08));
#2994 = VECTOR('',#2995,1.);
#2995 = DIRECTION('',(-1.,0.,0.));
#2996 = FACE_BOUND('',#2997,.T.);
#2997 = EDGE_LOOP('',(#2998,#3008,#3016,#3024));
#2998 = ORIENTED_EDGE('',*,*,#2999,.F.);
#2999 = EDGE_CURVE('',#3000,#3002,#3004,.T.);
#3000 = VERTEX_POINT('',#3001);
#3001 = CARTESIAN_POINT('',(0.824837863862,0.409102303083,
    -2.384185759929E-08));
#3002 = VERTEX_POINT('',#3003);
#3003 = CARTESIAN_POINT('',(1.124837863862,0.409102303083,
    -2.384185759929E-08));
#3004 = LINE('',#3005,#3006);
#3005 = CARTESIAN_POINT('',(1.124837863862,0.409102303083,
    -2.384185759929E-08));
#3006 = VECTOR('',#3007,1.);
#3007 = DIRECTION('',(1.,0.,0.));
#3008 = ORIENTED_EDGE('',*,*,#3009,.F.);
#3009 = EDGE_CURVE('',#3010,#3000,#3012,.T.);
#3010 = VERTEX_POINT('',#3011);
#3011 = CARTESIAN_POINT('',(0.824837863862,-0.294053328654,
    -2.384185759929E-08));
#3012 = LINE('',#3013,#3014);
#3013 = CARTESIAN_POINT('',(0.824837863862,0.409102303083,
    -2.384185759929E-08));
#3014 = VECTOR('',#3015,1.);
#3015 = DIRECTION('',(0.,1.,0.));
#3016 = ORIENTED_EDGE('',*,*,#3017,.F.);
#3017 = EDGE_CURVE('',#3018,#3010,#3020,.T.);
#3018 = VERTEX_POINT('',#3019);
#3019 = CARTESIAN_POINT('',(1.124837863862,-0.294053328654,
    -2.384185759929E-08));
#3020 = LINE('',#3021,#3022);
#3021 = CARTESIAN_POINT('',(1.124837863862,-0.294053328654,
    -2.384185759929E-08));
#3022 = VECTOR('',#3023,1.);
#3023 = DIRECTION('',(-1.,0.,0.));
#3024 = ORIENTED_EDGE('',*,*,#3025,.F.);
#3025 = EDGE_CURVE('',#3002,#3018,#3026,.T.);
#3026 = LINE('',#3027,#3028);
#3027 = CARTESIAN_POINT('',(1.124837863862,0.409102303083,
    -2.384185759929E-08));
#3028 = VECTOR('',#3029,1.);
#3029 = DIRECTION('',(0.,-1.,0.));
#3030 = FACE_BOUND('',#3031,.T.);
#3031 = EDGE_LOOP('',(#3032,#3042,#3050,#3058));
#3032 = ORIENTED_EDGE('',*,*,#3033,.F.);
#3033 = EDGE_CURVE('',#3034,#3036,#3038,.T.);
#3034 = VERTEX_POINT('',#3035);
#3035 = CARTESIAN_POINT('',(-1.14983795923,-0.294053328654,
    -2.384185759929E-08));
#3036 = VERTEX_POINT('',#3037);
#3037 = CARTESIAN_POINT('',(-1.14983795923,0.409102303083,
    -2.384185759929E-08));
#3038 = LINE('',#3039,#3040);
#3039 = CARTESIAN_POINT('',(-1.14983795923,0.409102303083,
    -2.384185759929E-08));
#3040 = VECTOR('',#3041,1.);
#3041 = DIRECTION('',(0.,1.,0.));
#3042 = ORIENTED_EDGE('',*,*,#3043,.F.);
#3043 = EDGE_CURVE('',#3044,#3034,#3046,.T.);
#3044 = VERTEX_POINT('',#3045);
#3045 = CARTESIAN_POINT('',(-0.84983795923,-0.294053328654,
    -2.384185759929E-08));
#3046 = LINE('',#3047,#3048);
#3047 = CARTESIAN_POINT('',(-1.14983795923,-0.294053328654,
    -2.384185759929E-08));
#3048 = VECTOR('',#3049,1.);
#3049 = DIRECTION('',(-1.,-0.,-0.));
#3050 = ORIENTED_EDGE('',*,*,#3051,.F.);
#3051 = EDGE_CURVE('',#3052,#3044,#3054,.T.);
#3052 = VERTEX_POINT('',#3053);
#3053 = CARTESIAN_POINT('',(-0.84983795923,0.409102303083,
    -2.384185759929E-08));
#3054 = LINE('',#3055,#3056);
#3055 = CARTESIAN_POINT('',(-0.84983795923,0.409102303083,
    -2.384185759929E-08));
#3056 = VECTOR('',#3057,1.);
#3057 = DIRECTION('',(0.,-1.,0.));
#3058 = ORIENTED_EDGE('',*,*,#3059,.F.);
#3059 = EDGE_CURVE('',#3036,#3052,#3060,.T.);
#3060 = LINE('',#3061,#3062);
#3061 = CARTESIAN_POINT('',(-1.14983795923,0.409102303083,
    -2.384185759929E-08));
#3062 = VECTOR('',#3063,1.);
#3063 = DIRECTION('',(1.,0.,0.));
#3064 = FACE_BOUND('',#3065,.T.);
#3065 = EDGE_LOOP('',(#3066,#3076,#3084,#3092));
#3066 = ORIENTED_EDGE('',*,*,#3067,.F.);
#3067 = EDGE_CURVE('',#3068,#3070,#3072,.T.);
#3068 = VERTEX_POINT('',#3069);
#3069 = CARTESIAN_POINT('',(-2.187182802035,0.409102303083,
    -2.384185759929E-08));
#3070 = VERTEX_POINT('',#3071);
#3071 = CARTESIAN_POINT('',(-1.887182802035,0.409102303083,
    -2.384185759929E-08));
#3072 = LINE('',#3073,#3074);
#3073 = CARTESIAN_POINT('',(-2.187182802035,0.409102303083,
    -2.384185759929E-08));
#3074 = VECTOR('',#3075,1.);
#3075 = DIRECTION('',(1.,0.,0.));
#3076 = ORIENTED_EDGE('',*,*,#3077,.F.);
#3077 = EDGE_CURVE('',#3078,#3068,#3080,.T.);
#3078 = VERTEX_POINT('',#3079);
#3079 = CARTESIAN_POINT('',(-2.187182802035,-0.294053328654,
    -2.384185759929E-08));
#3080 = LINE('',#3081,#3082);
#3081 = CARTESIAN_POINT('',(-2.187182802035,0.409102303083,
    -2.384185759929E-08));
#3082 = VECTOR('',#3083,1.);
#3083 = DIRECTION('',(0.,1.,0.));
#3084 = ORIENTED_EDGE('',*,*,#3085,.F.);
#3085 = EDGE_CURVE('',#3086,#3078,#3088,.T.);
#3086 = VERTEX_POINT('',#3087);
#3087 = CARTESIAN_POINT('',(-1.887182802035,-0.294053328654,
    -2.384185759929E-08));
#3088 = LINE('',#3089,#3090);
#3089 = CARTESIAN_POINT('',(-2.187182802035,-0.294053328654,
    -2.384185759929E-08));
#3090 = VECTOR('',#3091,1.);
#3091 = DIRECTION('',(-1.,-0.,-0.));
#3092 = ORIENTED_EDGE('',*,*,#3093,.F.);
#3093 = EDGE_CURVE('',#3070,#3086,#3094,.T.);
#3094 = LINE('',#3095,#3096);
#3095 = CARTESIAN_POINT('',(-1.887182802035,0.409102303083,
    -2.384185759929E-08));
#3096 = VECTOR('',#3097,1.);
#3097 = DIRECTION('',(0.,-1.,0.));
#3098 = FACE_BOUND('',#3099,.T.);
#3099 = EDGE_LOOP('',(#3100,#3110,#3118,#3126,#3134,#3142,#3150,#3158,
    #3166,#3174,#3182,#3190,#3198,#3206,#3214,#3222));
#3100 = ORIENTED_EDGE('',*,*,#3101,.F.);
#3101 = EDGE_CURVE('',#3102,#3104,#3106,.T.);
#3102 = VERTEX_POINT('',#3103);
#3103 = CARTESIAN_POINT('',(-2.462500047684,0.841021034358,
    -2.384185759929E-08));
#3104 = VERTEX_POINT('',#3105);
#3105 = CARTESIAN_POINT('',(-3.162500047684,0.841021034358,
    -2.384185759929E-08));
#3106 = LINE('',#3107,#3108);
#3107 = CARTESIAN_POINT('',(-3.362500047684,0.841021034358,
    -2.384185759929E-08));
#3108 = VECTOR('',#3109,1.);
#3109 = DIRECTION('',(-1.,-0.,-0.));
#3110 = ORIENTED_EDGE('',*,*,#3111,.T.);
#3111 = EDGE_CURVE('',#3102,#3112,#3114,.T.);
#3112 = VERTEX_POINT('',#3113);
#3113 = CARTESIAN_POINT('',(-2.462500047684,0.541021034358,
    -2.384185759929E-08));
#3114 = LINE('',#3115,#3116);
#3115 = CARTESIAN_POINT('',(-2.462500047684,-0.458978965642,
    -2.384185759929E-08));
#3116 = VECTOR('',#3117,1.);
#3117 = DIRECTION('',(-1.445602896647E-15,-1.,0.));
#3118 = ORIENTED_EDGE('',*,*,#3119,.T.);
#3119 = EDGE_CURVE('',#3112,#3120,#3122,.T.);
#3120 = VERTEX_POINT('',#3121);
#3121 = CARTESIAN_POINT('',(-2.062500047684,0.541021034358,
    -2.384185759929E-08));
#3122 = LINE('',#3123,#3124);
#3123 = CARTESIAN_POINT('',(-1.250004768372E-02,0.541021034358,
    -2.384185759929E-08));
#3124 = VECTOR('',#3125,1.);
#3125 = DIRECTION('',(1.,0.,0.));
#3126 = ORIENTED_EDGE('',*,*,#3127,.F.);
#3127 = EDGE_CURVE('',#3128,#3120,#3130,.T.);
#3128 = VERTEX_POINT('',#3129);
#3129 = CARTESIAN_POINT('',(-2.062500047684,0.841021034358,
    -2.384185759929E-08));
#3130 = LINE('',#3131,#3132);
#3131 = CARTESIAN_POINT('',(-2.062500047684,-0.458978965642,
    -2.384185759929E-08));
#3132 = VECTOR('',#3133,1.);
#3133 = DIRECTION('',(1.445602896647E-15,-1.,0.));
#3134 = ORIENTED_EDGE('',*,*,#3135,.F.);
#3135 = EDGE_CURVE('',#3136,#3128,#3138,.T.);
#3136 = VERTEX_POINT('',#3137);
#3137 = CARTESIAN_POINT('',(0.537499952316,0.841021034358,
    -2.384185759929E-08));
#3138 = LINE('',#3139,#3140);
#3139 = CARTESIAN_POINT('',(-3.362500047684,0.841021034358,
    -2.384185759929E-08));
#3140 = VECTOR('',#3141,1.);
#3141 = DIRECTION('',(-1.,-0.,-0.));
#3142 = ORIENTED_EDGE('',*,*,#3143,.T.);
#3143 = EDGE_CURVE('',#3136,#3144,#3146,.T.);
#3144 = VERTEX_POINT('',#3145);
#3145 = CARTESIAN_POINT('',(0.537499952316,0.541021034358,
    -2.384185759929E-08));
#3146 = LINE('',#3147,#3148);
#3147 = CARTESIAN_POINT('',(0.537499952316,-0.458978965642,
    -2.384185759929E-08));
#3148 = VECTOR('',#3149,1.);
#3149 = DIRECTION('',(-6.143812310751E-15,-1.,0.));
#3150 = ORIENTED_EDGE('',*,*,#3151,.F.);
#3151 = EDGE_CURVE('',#3152,#3144,#3154,.T.);
#3152 = VERTEX_POINT('',#3153);
#3153 = CARTESIAN_POINT('',(0.937499952316,0.541021034358,
    -2.384185759929E-08));
#3154 = LINE('',#3155,#3156);
#3155 = CARTESIAN_POINT('',(-1.250004768372E-02,0.541021034358,
    -2.384185759929E-08));
#3156 = VECTOR('',#3157,1.);
#3157 = DIRECTION('',(-1.,0.,0.));
#3158 = ORIENTED_EDGE('',*,*,#3159,.F.);
#3159 = EDGE_CURVE('',#3160,#3152,#3162,.T.);
#3160 = VERTEX_POINT('',#3161);
#3161 = CARTESIAN_POINT('',(0.937499952316,0.841021034358,
    -2.384185759929E-08));
#3162 = LINE('',#3163,#3164);
#3163 = CARTESIAN_POINT('',(0.937499952316,-0.458978965642,
    -2.384185759929E-08));
#3164 = VECTOR('',#3165,1.);
#3165 = DIRECTION('',(4.698209414104E-15,-1.,0.));
#3166 = ORIENTED_EDGE('',*,*,#3167,.F.);
#3167 = EDGE_CURVE('',#3168,#3160,#3170,.T.);
#3168 = VERTEX_POINT('',#3169);
#3169 = CARTESIAN_POINT('',(2.037499952316,0.841021034358,
    -2.384185759929E-08));
#3170 = LINE('',#3171,#3172);
#3171 = CARTESIAN_POINT('',(-3.362500047684,0.841021034358,
    -2.384185759929E-08));
#3172 = VECTOR('',#3173,1.);
#3173 = DIRECTION('',(-1.,-0.,-0.));
#3174 = ORIENTED_EDGE('',*,*,#3175,.T.);
#3175 = EDGE_CURVE('',#3168,#3176,#3178,.T.);
#3176 = VERTEX_POINT('',#3177);
#3177 = CARTESIAN_POINT('',(2.037499952316,0.541021034358,
    -2.384185759929E-08));
#3178 = LINE('',#3179,#3180);
#3179 = CARTESIAN_POINT('',(2.037499952316,-0.458978965642,
    -2.384185759929E-08));
#3180 = VECTOR('',#3181,1.);
#3181 = DIRECTION('',(5.782411586589E-15,-1.,0.));
#3182 = ORIENTED_EDGE('',*,*,#3183,.F.);
#3183 = EDGE_CURVE('',#3184,#3176,#3186,.T.);
#3184 = VERTEX_POINT('',#3185);
#3185 = CARTESIAN_POINT('',(2.437499952316,0.541021034358,
    -2.384185759929E-08));
#3186 = LINE('',#3187,#3188);
#3187 = CARTESIAN_POINT('',(-1.250004768372E-02,0.541021034358,
    -2.384185759929E-08));
#3188 = VECTOR('',#3189,1.);
#3189 = DIRECTION('',(-1.,5.421010862428E-16,0.));
#3190 = ORIENTED_EDGE('',*,*,#3191,.F.);
#3191 = EDGE_CURVE('',#3192,#3184,#3194,.T.);
#3192 = VERTEX_POINT('',#3193);
#3193 = CARTESIAN_POINT('',(2.437499952316,0.841021034358,
    -2.384185759929E-08));
#3194 = LINE('',#3195,#3196);
#3195 = CARTESIAN_POINT('',(2.437499952316,-0.458978965642,
    -2.384185759929E-08));
#3196 = VECTOR('',#3197,1.);
#3197 = DIRECTION('',(-1.445602896647E-15,-1.,0.));
#3198 = ORIENTED_EDGE('',*,*,#3199,.F.);
#3199 = EDGE_CURVE('',#3200,#3192,#3202,.T.);
#3200 = VERTEX_POINT('',#3201);
#3201 = CARTESIAN_POINT('',(3.137499952316,0.841021034358,
    -2.384185759929E-08));
#3202 = LINE('',#3203,#3204);
#3203 = CARTESIAN_POINT('',(-3.362500047684,0.841021034358,
    -2.384185759929E-08));
#3204 = VECTOR('',#3205,1.);
#3205 = DIRECTION('',(-1.,-0.,-0.));
#3206 = ORIENTED_EDGE('',*,*,#3207,.F.);
#3207 = EDGE_CURVE('',#3208,#3200,#3210,.T.);
#3208 = VERTEX_POINT('',#3209);
#3209 = CARTESIAN_POINT('',(3.137499952316,-1.758978965642,
    -2.384185759929E-08));
#3210 = LINE('',#3211,#3212);
#3211 = CARTESIAN_POINT('',(3.137499952316,0.841021034358,
    -2.384185759929E-08));
#3212 = VECTOR('',#3213,1.);
#3213 = DIRECTION('',(0.,1.,0.));
#3214 = ORIENTED_EDGE('',*,*,#3215,.F.);
#3215 = EDGE_CURVE('',#3216,#3208,#3218,.T.);
#3216 = VERTEX_POINT('',#3217);
#3217 = CARTESIAN_POINT('',(-3.162500047684,-1.758978965642,
    -2.384185759929E-08));
#3218 = LINE('',#3219,#3220);
#3219 = CARTESIAN_POINT('',(-3.362500047684,-1.758978965642,
    -2.384185759929E-08));
#3220 = VECTOR('',#3221,1.);
#3221 = DIRECTION('',(1.,0.,0.));
#3222 = ORIENTED_EDGE('',*,*,#3223,.F.);
#3223 = EDGE_CURVE('',#3104,#3216,#3224,.T.);
#3224 = LINE('',#3225,#3226);
#3225 = CARTESIAN_POINT('',(-3.162500047684,0.841021034358,
    -2.384185759929E-08));
#3226 = VECTOR('',#3227,1.);
#3227 = DIRECTION('',(0.,-1.,0.));
#3228 = PLANE('',#3229);
#3229 = AXIS2_PLACEMENT_3D('',#3230,#3231,#3232);
#3230 = CARTESIAN_POINT('',(-1.250004768372E-02,-0.458978965642,
    -2.384185759929E-08));
#3231 = DIRECTION('',(0.,0.,-1.));
#3232 = DIRECTION('',(-1.,0.,0.));
#3233 = ADVANCED_FACE('',(#3234),#3408,.T.);
#3234 = FACE_BOUND('',#3235,.T.);
#3235 = EDGE_LOOP('',(#3236,#3246,#3252,#3253,#3261,#3269,#3277,#3285,
    #3293,#3301,#3309,#3317,#3325,#3333,#3341,#3349,#3355,#3356,#3364,
    #3372,#3378,#3379,#3387,#3395,#3401,#3402));
#3236 = ORIENTED_EDGE('',*,*,#3237,.F.);
#3237 = EDGE_CURVE('',#3238,#3240,#3242,.T.);
#3238 = VERTEX_POINT('',#3239);
#3239 = CARTESIAN_POINT('',(-2.462500047684,0.841021034358,
    0.149999976158));
#3240 = VERTEX_POINT('',#3241);
#3241 = CARTESIAN_POINT('',(-2.062500047684,0.841021034358,
    0.149999976158));
#3242 = LINE('',#3243,#3244);
#3243 = CARTESIAN_POINT('',(-1.250004768372E-02,0.841021034358,
    0.149999976158));
#3244 = VECTOR('',#3245,1.);
#3245 = DIRECTION('',(1.,0.,0.));
#3246 = ORIENTED_EDGE('',*,*,#3247,.T.);
#3247 = EDGE_CURVE('',#3238,#3102,#3248,.T.);
#3248 = LINE('',#3249,#3250);
#3249 = CARTESIAN_POINT('',(-2.462500047684,0.841021034358,
    0.149999976158));
#3250 = VECTOR('',#3251,1.);
#3251 = DIRECTION('',(-0.,-0.,-1.));
#3252 = ORIENTED_EDGE('',*,*,#3101,.T.);
#3253 = ORIENTED_EDGE('',*,*,#3254,.F.);
#3254 = EDGE_CURVE('',#3255,#3104,#3257,.T.);
#3255 = VERTEX_POINT('',#3256);
#3256 = CARTESIAN_POINT('',(-3.162500047684,0.841021034358,
    0.399999976158));
#3257 = LINE('',#3258,#3259);
#3258 = CARTESIAN_POINT('',(-3.162500047684,0.841021034358,
    -2.384185759929E-08));
#3259 = VECTOR('',#3260,1.);
#3260 = DIRECTION('',(-0.,-0.,-1.));
#3261 = ORIENTED_EDGE('',*,*,#3262,.T.);
#3262 = EDGE_CURVE('',#3255,#3263,#3265,.T.);
#3263 = VERTEX_POINT('',#3264);
#3264 = CARTESIAN_POINT('',(-3.362500047684,0.841021034358,
    0.399999976158));
#3265 = LINE('',#3266,#3267);
#3266 = CARTESIAN_POINT('',(-3.162500047684,0.841021034358,
    0.399999976158));
#3267 = VECTOR('',#3268,1.);
#3268 = DIRECTION('',(-1.,-0.,-0.));
#3269 = ORIENTED_EDGE('',*,*,#3270,.T.);
#3270 = EDGE_CURVE('',#3263,#3271,#3273,.T.);
#3271 = VERTEX_POINT('',#3272);
#3272 = CARTESIAN_POINT('',(-3.362500047684,0.841021034358,
    1.099999976158));
#3273 = LINE('',#3274,#3275);
#3274 = CARTESIAN_POINT('',(-3.362500047684,0.841021034358,
    -2.384185759929E-08));
#3275 = VECTOR('',#3276,1.);
#3276 = DIRECTION('',(0.,0.,1.));
#3277 = ORIENTED_EDGE('',*,*,#3278,.T.);
#3278 = EDGE_CURVE('',#3271,#3279,#3281,.T.);
#3279 = VERTEX_POINT('',#3280);
#3280 = CARTESIAN_POINT('',(-3.189294966927,0.841021034358,
    1.399999976158));
#3281 = LINE('',#3282,#3283);
#3282 = CARTESIAN_POINT('',(-3.838814019765,0.841021034358,
    0.274999976158));
#3283 = VECTOR('',#3284,1.);
#3284 = DIRECTION('',(0.5,0.,0.866025403784));
#3285 = ORIENTED_EDGE('',*,*,#3286,.F.);
#3286 = EDGE_CURVE('',#3287,#3279,#3289,.T.);
#3287 = VERTEX_POINT('',#3288);
#3288 = CARTESIAN_POINT('',(-2.862500047684,0.841021034358,
    1.399999976158));
#3289 = LINE('',#3290,#3291);
#3290 = CARTESIAN_POINT('',(-3.362500047684,0.841021034358,
    1.399999976158));
#3291 = VECTOR('',#3292,1.);
#3292 = DIRECTION('',(-1.,-0.,-0.));
#3293 = ORIENTED_EDGE('',*,*,#3294,.F.);
#3294 = EDGE_CURVE('',#3295,#3287,#3297,.T.);
#3295 = VERTEX_POINT('',#3296);
#3296 = CARTESIAN_POINT('',(-2.862500047684,0.841021034358,
    1.249999976158));
#3297 = LINE('',#3298,#3299);
#3298 = CARTESIAN_POINT('',(-2.862500047684,0.841021034358,
    1.249999976158));
#3299 = VECTOR('',#3300,1.);
#3300 = DIRECTION('',(0.,0.,1.));
#3301 = ORIENTED_EDGE('',*,*,#3302,.F.);
#3302 = EDGE_CURVE('',#3303,#3295,#3305,.T.);
#3303 = VERTEX_POINT('',#3304);
#3304 = CARTESIAN_POINT('',(2.837499952316,0.841021034358,1.249999976158
    ));
#3305 = LINE('',#3306,#3307);
#3306 = CARTESIAN_POINT('',(-2.862500047684,0.841021034358,
    1.249999976158));
#3307 = VECTOR('',#3308,1.);
#3308 = DIRECTION('',(-1.,-1.141265444722E-16,-0.));
#3309 = ORIENTED_EDGE('',*,*,#3310,.T.);
#3310 = EDGE_CURVE('',#3303,#3311,#3313,.T.);
#3311 = VERTEX_POINT('',#3312);
#3312 = CARTESIAN_POINT('',(2.837499952316,0.841021034358,1.399999976158
    ));
#3313 = LINE('',#3314,#3315);
#3314 = CARTESIAN_POINT('',(2.837499952316,0.841021034358,1.249999976158
    ));
#3315 = VECTOR('',#3316,1.);
#3316 = DIRECTION('',(0.,0.,1.));
#3317 = ORIENTED_EDGE('',*,*,#3318,.F.);
#3318 = EDGE_CURVE('',#3319,#3311,#3321,.T.);
#3319 = VERTEX_POINT('',#3320);
#3320 = CARTESIAN_POINT('',(3.164294871559,0.841021034358,1.399999976158
    ));
#3321 = LINE('',#3322,#3323);
#3322 = CARTESIAN_POINT('',(-3.362500047684,0.841021034358,
    1.399999976158));
#3323 = VECTOR('',#3324,1.);
#3324 = DIRECTION('',(-1.,-0.,-0.));
#3325 = ORIENTED_EDGE('',*,*,#3326,.T.);
#3326 = EDGE_CURVE('',#3319,#3327,#3329,.T.);
#3327 = VERTEX_POINT('',#3328);
#3328 = CARTESIAN_POINT('',(3.337499952316,0.841021034358,1.099999976158
    ));
#3329 = LINE('',#3330,#3331);
#3330 = CARTESIAN_POINT('',(2.138813924398,0.841021034358,3.176185078836
    ));
#3331 = VECTOR('',#3332,1.);
#3332 = DIRECTION('',(0.5,0.,-0.866025403784));
#3333 = ORIENTED_EDGE('',*,*,#3334,.F.);
#3334 = EDGE_CURVE('',#3335,#3327,#3337,.T.);
#3335 = VERTEX_POINT('',#3336);
#3336 = CARTESIAN_POINT('',(3.337499952316,0.841021034358,0.399999976158
    ));
#3337 = LINE('',#3338,#3339);
#3338 = CARTESIAN_POINT('',(3.337499952316,0.841021034358,
    -2.384185759929E-08));
#3339 = VECTOR('',#3340,1.);
#3340 = DIRECTION('',(0.,0.,1.));
#3341 = ORIENTED_EDGE('',*,*,#3342,.F.);
#3342 = EDGE_CURVE('',#3343,#3335,#3345,.T.);
#3343 = VERTEX_POINT('',#3344);
#3344 = CARTESIAN_POINT('',(3.137499952316,0.841021034358,0.399999976158
    ));
#3345 = LINE('',#3346,#3347);
#3346 = CARTESIAN_POINT('',(3.137499952316,0.841021034358,0.399999976158
    ));
#3347 = VECTOR('',#3348,1.);
#3348 = DIRECTION('',(1.,0.,0.));
#3349 = ORIENTED_EDGE('',*,*,#3350,.F.);
#3350 = EDGE_CURVE('',#3200,#3343,#3351,.T.);
#3351 = LINE('',#3352,#3353);
#3352 = CARTESIAN_POINT('',(3.137499952316,0.841021034358,0.399999976158
    ));
#3353 = VECTOR('',#3354,1.);
#3354 = DIRECTION('',(0.,0.,1.));
#3355 = ORIENTED_EDGE('',*,*,#3199,.T.);
#3356 = ORIENTED_EDGE('',*,*,#3357,.F.);
#3357 = EDGE_CURVE('',#3358,#3192,#3360,.T.);
#3358 = VERTEX_POINT('',#3359);
#3359 = CARTESIAN_POINT('',(2.437499952316,0.841021034358,0.149999976158
    ));
#3360 = LINE('',#3361,#3362);
#3361 = CARTESIAN_POINT('',(2.437499952316,0.841021034358,0.149999976158
    ));
#3362 = VECTOR('',#3363,1.);
#3363 = DIRECTION('',(-0.,-0.,-1.));
#3364 = ORIENTED_EDGE('',*,*,#3365,.F.);
#3365 = EDGE_CURVE('',#3366,#3358,#3368,.T.);
#3366 = VERTEX_POINT('',#3367);
#3367 = CARTESIAN_POINT('',(2.037499952316,0.841021034358,0.149999976158
    ));
#3368 = LINE('',#3369,#3370);
#3369 = CARTESIAN_POINT('',(-1.250004768372E-02,0.841021034358,
    0.149999976158));
#3370 = VECTOR('',#3371,1.);
#3371 = DIRECTION('',(1.,0.,0.));
#3372 = ORIENTED_EDGE('',*,*,#3373,.T.);
#3373 = EDGE_CURVE('',#3366,#3168,#3374,.T.);
#3374 = LINE('',#3375,#3376);
#3375 = CARTESIAN_POINT('',(2.037499952316,0.841021034358,0.149999976158
    ));
#3376 = VECTOR('',#3377,1.);
#3377 = DIRECTION('',(-0.,-0.,-1.));
#3378 = ORIENTED_EDGE('',*,*,#3167,.T.);
#3379 = ORIENTED_EDGE('',*,*,#3380,.F.);
#3380 = EDGE_CURVE('',#3381,#3160,#3383,.T.);
#3381 = VERTEX_POINT('',#3382);
#3382 = CARTESIAN_POINT('',(0.937499952316,0.841021034358,0.149999976158
    ));
#3383 = LINE('',#3384,#3385);
#3384 = CARTESIAN_POINT('',(0.937499952316,0.841021034358,0.149999976158
    ));
#3385 = VECTOR('',#3386,1.);
#3386 = DIRECTION('',(-0.,-0.,-1.));
#3387 = ORIENTED_EDGE('',*,*,#3388,.F.);
#3388 = EDGE_CURVE('',#3389,#3381,#3391,.T.);
#3389 = VERTEX_POINT('',#3390);
#3390 = CARTESIAN_POINT('',(0.537499952316,0.841021034358,0.149999976158
    ));
#3391 = LINE('',#3392,#3393);
#3392 = CARTESIAN_POINT('',(-1.250004768372E-02,0.841021034358,
    0.149999976158));
#3393 = VECTOR('',#3394,1.);
#3394 = DIRECTION('',(1.,0.,0.));
#3395 = ORIENTED_EDGE('',*,*,#3396,.T.);
#3396 = EDGE_CURVE('',#3389,#3136,#3397,.T.);
#3397 = LINE('',#3398,#3399);
#3398 = CARTESIAN_POINT('',(0.537499952316,0.841021034358,0.149999976158
    ));
#3399 = VECTOR('',#3400,1.);
#3400 = DIRECTION('',(-0.,-0.,-1.));
#3401 = ORIENTED_EDGE('',*,*,#3135,.T.);
#3402 = ORIENTED_EDGE('',*,*,#3403,.F.);
#3403 = EDGE_CURVE('',#3240,#3128,#3404,.T.);
#3404 = LINE('',#3405,#3406);
#3405 = CARTESIAN_POINT('',(-2.062500047684,0.841021034358,
    0.149999976158));
#3406 = VECTOR('',#3407,1.);
#3407 = DIRECTION('',(-0.,-0.,-1.));
#3408 = PLANE('',#3409);
#3409 = AXIS2_PLACEMENT_3D('',#3410,#3411,#3412);
#3410 = CARTESIAN_POINT('',(-3.362500047684,0.841021034358,
    -2.384185759929E-08));
#3411 = DIRECTION('',(0.,1.,0.));
#3412 = DIRECTION('',(0.,-0.,1.));
#3413 = ADVANCED_FACE('',(#3414),#3439,.F.);
#3414 = FACE_BOUND('',#3415,.T.);
#3415 = EDGE_LOOP('',(#3416,#3426,#3432,#3433));
#3416 = ORIENTED_EDGE('',*,*,#3417,.T.);
#3417 = EDGE_CURVE('',#3418,#3420,#3422,.T.);
#3418 = VERTEX_POINT('',#3419);
#3419 = CARTESIAN_POINT('',(2.837499952316,0.141021034358,1.399999976158
    ));
#3420 = VERTEX_POINT('',#3421);
#3421 = CARTESIAN_POINT('',(3.164294871559,0.141021034358,1.399999976158
    ));
#3422 = LINE('',#3423,#3424);
#3423 = CARTESIAN_POINT('',(3.137499952316,0.141021034358,1.399999976158
    ));
#3424 = VECTOR('',#3425,1.);
#3425 = DIRECTION('',(1.,0.,0.));
#3426 = ORIENTED_EDGE('',*,*,#3427,.T.);
#3427 = EDGE_CURVE('',#3420,#3319,#3428,.T.);
#3428 = LINE('',#3429,#3430);
#3429 = CARTESIAN_POINT('',(3.164294871559,0.841021034358,1.399999976158
    ));
#3430 = VECTOR('',#3431,1.);
#3431 = DIRECTION('',(0.,1.,0.));
#3432 = ORIENTED_EDGE('',*,*,#3318,.T.);
#3433 = ORIENTED_EDGE('',*,*,#3434,.F.);
#3434 = EDGE_CURVE('',#3418,#3311,#3435,.T.);
#3435 = LINE('',#3436,#3437);
#3436 = CARTESIAN_POINT('',(2.837499952316,0.841021034358,1.399999976158
    ));
#3437 = VECTOR('',#3438,1.);
#3438 = DIRECTION('',(-6.195440985631E-16,1.,0.));
#3439 = PLANE('',#3440);
#3440 = AXIS2_PLACEMENT_3D('',#3441,#3442,#3443);
#3441 = CARTESIAN_POINT('',(-1.250004768372E-02,-0.458978965642,
    1.399999976158));
#3442 = DIRECTION('',(0.,0.,-1.));
#3443 = DIRECTION('',(-1.,0.,0.));
#3444 = ADVANCED_FACE('',(#3445),#3479,.F.);
#3445 = FACE_BOUND('',#3446,.T.);
#3446 = EDGE_LOOP('',(#3447,#3457,#3465,#3473));
#3447 = ORIENTED_EDGE('',*,*,#3448,.T.);
#3448 = EDGE_CURVE('',#3449,#3451,#3453,.T.);
#3449 = VERTEX_POINT('',#3450);
#3450 = CARTESIAN_POINT('',(2.837499952316,-1.758978965642,
    1.399999976158));
#3451 = VERTEX_POINT('',#3452);
#3452 = CARTESIAN_POINT('',(3.164294871559,-1.758978965642,
    1.399999976158));
#3453 = LINE('',#3454,#3455);
#3454 = CARTESIAN_POINT('',(-3.362500047684,-1.758978965642,
    1.399999976158));
#3455 = VECTOR('',#3456,1.);
#3456 = DIRECTION('',(1.,0.,0.));
#3457 = ORIENTED_EDGE('',*,*,#3458,.T.);
#3458 = EDGE_CURVE('',#3451,#3459,#3461,.T.);
#3459 = VERTEX_POINT('',#3460);
#3460 = CARTESIAN_POINT('',(3.164294871559,-1.058978965642,
    1.399999976158));
#3461 = LINE('',#3462,#3463);
#3462 = CARTESIAN_POINT('',(3.164294871559,-1.058978965642,
    1.399999976158));
#3463 = VECTOR('',#3464,1.);
#3464 = DIRECTION('',(0.,1.,0.));
#3465 = ORIENTED_EDGE('',*,*,#3466,.F.);
#3466 = EDGE_CURVE('',#3467,#3459,#3469,.T.);
#3467 = VERTEX_POINT('',#3468);
#3468 = CARTESIAN_POINT('',(2.837499952316,-1.058978965642,
    1.399999976158));
#3469 = LINE('',#3470,#3471);
#3470 = CARTESIAN_POINT('',(3.137499952316,-1.058978965642,
    1.399999976158));
#3471 = VECTOR('',#3472,1.);
#3472 = DIRECTION('',(1.,0.,0.));
#3473 = ORIENTED_EDGE('',*,*,#3474,.F.);
#3474 = EDGE_CURVE('',#3449,#3467,#3475,.T.);
#3475 = LINE('',#3476,#3477);
#3476 = CARTESIAN_POINT('',(2.837499952316,-1.058978965642,
    1.399999976158));
#3477 = VECTOR('',#3478,1.);
#3478 = DIRECTION('',(-6.195440985631E-16,1.,0.));
#3479 = PLANE('',#3480);
#3480 = AXIS2_PLACEMENT_3D('',#3481,#3482,#3483);
#3481 = CARTESIAN_POINT('',(-1.250004768372E-02,-0.458978965642,
    1.399999976158));
#3482 = DIRECTION('',(0.,0.,-1.));
#3483 = DIRECTION('',(-1.,0.,0.));
#3484 = ADVANCED_FACE('',(#3485),#3519,.F.);
#3485 = FACE_BOUND('',#3486,.T.);
#3486 = EDGE_LOOP('',(#3487,#3497,#3505,#3513));
#3487 = ORIENTED_EDGE('',*,*,#3488,.T.);
#3488 = EDGE_CURVE('',#3489,#3491,#3493,.T.);
#3489 = VERTEX_POINT('',#3490);
#3490 = CARTESIAN_POINT('',(-2.862500047684,-1.058978965642,
    1.399999976158));
#3491 = VERTEX_POINT('',#3492);
#3492 = CARTESIAN_POINT('',(-3.189294966927,-1.058978965642,
    1.399999976158));
#3493 = LINE('',#3494,#3495);
#3494 = CARTESIAN_POINT('',(-3.162500047684,-1.058978965642,
    1.399999976158));
#3495 = VECTOR('',#3496,1.);
#3496 = DIRECTION('',(-1.,-0.,-0.));
#3497 = ORIENTED_EDGE('',*,*,#3498,.T.);
#3498 = EDGE_CURVE('',#3491,#3499,#3501,.T.);
#3499 = VERTEX_POINT('',#3500);
#3500 = CARTESIAN_POINT('',(-3.189294966927,-1.758978965642,
    1.399999976158));
#3501 = LINE('',#3502,#3503);
#3502 = CARTESIAN_POINT('',(-3.189294966927,-1.758978965642,
    1.399999976158));
#3503 = VECTOR('',#3504,1.);
#3504 = DIRECTION('',(0.,-1.,0.));
#3505 = ORIENTED_EDGE('',*,*,#3506,.T.);
#3506 = EDGE_CURVE('',#3499,#3507,#3509,.T.);
#3507 = VERTEX_POINT('',#3508);
#3508 = CARTESIAN_POINT('',(-2.862500047684,-1.758978965642,
    1.399999976158));
#3509 = LINE('',#3510,#3511);
#3510 = CARTESIAN_POINT('',(-3.362500047684,-1.758978965642,
    1.399999976158));
#3511 = VECTOR('',#3512,1.);
#3512 = DIRECTION('',(1.,0.,0.));
#3513 = ORIENTED_EDGE('',*,*,#3514,.F.);
#3514 = EDGE_CURVE('',#3489,#3507,#3515,.T.);
#3515 = LINE('',#3516,#3517);
#3516 = CARTESIAN_POINT('',(-2.862500047684,-1.058978965642,
    1.399999976158));
#3517 = VECTOR('',#3518,1.);
#3518 = DIRECTION('',(-6.195440985631E-16,-1.,0.));
#3519 = PLANE('',#3520);
#3520 = AXIS2_PLACEMENT_3D('',#3521,#3522,#3523);
#3521 = CARTESIAN_POINT('',(-1.250004768372E-02,-0.458978965642,
    1.399999976158));
#3522 = DIRECTION('',(0.,0.,-1.));
#3523 = DIRECTION('',(-1.,0.,0.));
#3524 = ADVANCED_FACE('',(#3525),#3550,.T.);
#3525 = FACE_BOUND('',#3526,.T.);
#3526 = EDGE_LOOP('',(#3527,#3528,#3536,#3544));
#3527 = ORIENTED_EDGE('',*,*,#3334,.T.);
#3528 = ORIENTED_EDGE('',*,*,#3529,.T.);
#3529 = EDGE_CURVE('',#3327,#3530,#3532,.T.);
#3530 = VERTEX_POINT('',#3531);
#3531 = CARTESIAN_POINT('',(3.337499952316,0.141021034358,1.099999976158
    ));
#3532 = LINE('',#3533,#3534);
#3533 = CARTESIAN_POINT('',(3.337499952316,0.141021034358,1.099999976158
    ));
#3534 = VECTOR('',#3535,1.);
#3535 = DIRECTION('',(0.,-1.,0.));
#3536 = ORIENTED_EDGE('',*,*,#3537,.F.);
#3537 = EDGE_CURVE('',#3538,#3530,#3540,.T.);
#3538 = VERTEX_POINT('',#3539);
#3539 = CARTESIAN_POINT('',(3.337499952316,0.141021034358,0.399999976158
    ));
#3540 = LINE('',#3541,#3542);
#3541 = CARTESIAN_POINT('',(3.337499952316,0.141021034358,1.399999976158
    ));
#3542 = VECTOR('',#3543,1.);
#3543 = DIRECTION('',(0.,0.,1.));
#3544 = ORIENTED_EDGE('',*,*,#3545,.F.);
#3545 = EDGE_CURVE('',#3335,#3538,#3546,.T.);
#3546 = LINE('',#3547,#3548);
#3547 = CARTESIAN_POINT('',(3.337499952316,0.141021034358,0.399999976158
    ));
#3548 = VECTOR('',#3549,1.);
#3549 = DIRECTION('',(-0.,-1.,-0.));
#3550 = PLANE('',#3551);
#3551 = AXIS2_PLACEMENT_3D('',#3552,#3553,#3554);
#3552 = CARTESIAN_POINT('',(3.337499952316,-1.758978965642,
    -2.384185759929E-08));
#3553 = DIRECTION('',(1.,0.,0.));
#3554 = DIRECTION('',(0.,0.,-1.));
#3555 = ADVANCED_FACE('',(#3556),#3581,.T.);
#3556 = FACE_BOUND('',#3557,.T.);
#3557 = EDGE_LOOP('',(#3558,#3568,#3574,#3575));
#3558 = ORIENTED_EDGE('',*,*,#3559,.F.);
#3559 = EDGE_CURVE('',#3560,#3562,#3564,.T.);
#3560 = VERTEX_POINT('',#3561);
#3561 = CARTESIAN_POINT('',(-3.362500047684,0.141021034358,
    1.099999976158));
#3562 = VERTEX_POINT('',#3563);
#3563 = CARTESIAN_POINT('',(-3.362500047684,0.141021034358,
    0.399999976158));
#3564 = LINE('',#3565,#3566);
#3565 = CARTESIAN_POINT('',(-3.362500047684,0.141021034358,
    0.399999976158));
#3566 = VECTOR('',#3567,1.);
#3567 = DIRECTION('',(-0.,-0.,-1.));
#3568 = ORIENTED_EDGE('',*,*,#3569,.T.);
#3569 = EDGE_CURVE('',#3560,#3271,#3570,.T.);
#3570 = LINE('',#3571,#3572);
#3571 = CARTESIAN_POINT('',(-3.362500047684,0.841021034358,
    1.099999976158));
#3572 = VECTOR('',#3573,1.);
#3573 = DIRECTION('',(0.,1.,0.));
#3574 = ORIENTED_EDGE('',*,*,#3270,.F.);
#3575 = ORIENTED_EDGE('',*,*,#3576,.F.);
#3576 = EDGE_CURVE('',#3562,#3263,#3577,.T.);
#3577 = LINE('',#3578,#3579);
#3578 = CARTESIAN_POINT('',(-3.362500047684,0.841021034358,
    0.399999976158));
#3579 = VECTOR('',#3580,1.);
#3580 = DIRECTION('',(0.,1.,0.));
#3581 = PLANE('',#3582);
#3582 = AXIS2_PLACEMENT_3D('',#3583,#3584,#3585);
#3583 = CARTESIAN_POINT('',(-3.362500047684,-1.758978965642,
    -2.384185759929E-08));
#3584 = DIRECTION('',(-1.,0.,0.));
#3585 = DIRECTION('',(0.,0.,1.));
#3586 = ADVANCED_FACE('',(#3587),#3621,.T.);
#3587 = FACE_BOUND('',#3588,.T.);
#3588 = EDGE_LOOP('',(#3589,#3599,#3607,#3615));
#3589 = ORIENTED_EDGE('',*,*,#3590,.F.);
#3590 = EDGE_CURVE('',#3591,#3593,#3595,.T.);
#3591 = VERTEX_POINT('',#3592);
#3592 = CARTESIAN_POINT('',(3.337499952316,-1.058978965642,
    1.099999976158));
#3593 = VERTEX_POINT('',#3594);
#3594 = CARTESIAN_POINT('',(3.337499952316,-1.058978965642,
    0.399999976158));
#3595 = LINE('',#3596,#3597);
#3596 = CARTESIAN_POINT('',(3.337499952316,-1.058978965642,
    0.399999976158));
#3597 = VECTOR('',#3598,1.);
#3598 = DIRECTION('',(0.,1.084202172486E-16,-1.));
#3599 = ORIENTED_EDGE('',*,*,#3600,.T.);
#3600 = EDGE_CURVE('',#3591,#3601,#3603,.T.);
#3601 = VERTEX_POINT('',#3602);
#3602 = CARTESIAN_POINT('',(3.337499952316,-1.758978965642,
    1.099999976158));
#3603 = LINE('',#3604,#3605);
#3604 = CARTESIAN_POINT('',(3.337499952316,-1.758978965642,
    1.099999976158));
#3605 = VECTOR('',#3606,1.);
#3606 = DIRECTION('',(0.,-1.,0.));
#3607 = ORIENTED_EDGE('',*,*,#3608,.F.);
#3608 = EDGE_CURVE('',#3609,#3601,#3611,.T.);
#3609 = VERTEX_POINT('',#3610);
#3610 = CARTESIAN_POINT('',(3.337499952316,-1.758978965642,
    0.399999976158));
#3611 = LINE('',#3612,#3613);
#3612 = CARTESIAN_POINT('',(3.337499952316,-1.758978965642,
    -2.384185759929E-08));
#3613 = VECTOR('',#3614,1.);
#3614 = DIRECTION('',(0.,0.,1.));
#3615 = ORIENTED_EDGE('',*,*,#3616,.F.);
#3616 = EDGE_CURVE('',#3593,#3609,#3617,.T.);
#3617 = LINE('',#3618,#3619);
#3618 = CARTESIAN_POINT('',(3.337499952316,-1.758978965642,
    0.399999976158));
#3619 = VECTOR('',#3620,1.);
#3620 = DIRECTION('',(-0.,-1.,-0.));
#3621 = PLANE('',#3622);
#3622 = AXIS2_PLACEMENT_3D('',#3623,#3624,#3625);
#3623 = CARTESIAN_POINT('',(3.337499952316,-1.758978965642,
    -2.384185759929E-08));
#3624 = DIRECTION('',(1.,0.,0.));
#3625 = DIRECTION('',(0.,0.,-1.));
#3626 = ADVANCED_FACE('',(#3627),#3737,.T.);
#3627 = FACE_BOUND('',#3628,.T.);
#3628 = EDGE_LOOP('',(#3629,#3639,#3647,#3653,#3654,#3662,#3670,#3678,
    #3684,#3685,#3693,#3699,#3700,#3706,#3707,#3715,#3723,#3731));
#3629 = ORIENTED_EDGE('',*,*,#3630,.F.);
#3630 = EDGE_CURVE('',#3631,#3633,#3635,.T.);
#3631 = VERTEX_POINT('',#3632);
#3632 = CARTESIAN_POINT('',(-1.037500047684,-1.758978965642,
    1.249999976158));
#3633 = VERTEX_POINT('',#3634);
#3634 = CARTESIAN_POINT('',(-1.037500047684,-1.758978965642,
    0.649999976158));
#3635 = LINE('',#3636,#3637);
#3636 = CARTESIAN_POINT('',(-1.037500047684,-1.758978965642,
    1.249999976158));
#3637 = VECTOR('',#3638,1.);
#3638 = DIRECTION('',(0.,0.,-1.));
#3639 = ORIENTED_EDGE('',*,*,#3640,.F.);
#3640 = EDGE_CURVE('',#3641,#3631,#3643,.T.);
#3641 = VERTEX_POINT('',#3642);
#3642 = CARTESIAN_POINT('',(-2.862500047684,-1.758978965642,
    1.249999976158));
#3643 = LINE('',#3644,#3645);
#3644 = CARTESIAN_POINT('',(-2.862500047684,-1.758978965642,
    1.249999976158));
#3645 = VECTOR('',#3646,1.);
#3646 = DIRECTION('',(1.,1.141265444722E-16,0.));
#3647 = ORIENTED_EDGE('',*,*,#3648,.T.);
#3648 = EDGE_CURVE('',#3641,#3507,#3649,.T.);
#3649 = LINE('',#3650,#3651);
#3650 = CARTESIAN_POINT('',(-2.862500047684,-1.758978965642,
    1.249999976158));
#3651 = VECTOR('',#3652,1.);
#3652 = DIRECTION('',(0.,0.,1.));
#3653 = ORIENTED_EDGE('',*,*,#3506,.F.);
#3654 = ORIENTED_EDGE('',*,*,#3655,.T.);
#3655 = EDGE_CURVE('',#3499,#3656,#3658,.T.);
#3656 = VERTEX_POINT('',#3657);
#3657 = CARTESIAN_POINT('',(-3.362500047684,-1.758978965642,
    1.099999976158));
#3658 = LINE('',#3659,#3660);
#3659 = CARTESIAN_POINT('',(-3.838814019765,-1.758978965642,
    0.274999976158));
#3660 = VECTOR('',#3661,1.);
#3661 = DIRECTION('',(-0.5,0.,-0.866025403784));
#3662 = ORIENTED_EDGE('',*,*,#3663,.F.);
#3663 = EDGE_CURVE('',#3664,#3656,#3666,.T.);
#3664 = VERTEX_POINT('',#3665);
#3665 = CARTESIAN_POINT('',(-3.362500047684,-1.758978965642,
    0.399999976158));
#3666 = LINE('',#3667,#3668);
#3667 = CARTESIAN_POINT('',(-3.362500047684,-1.758978965642,
    -2.384185759929E-08));
#3668 = VECTOR('',#3669,1.);
#3669 = DIRECTION('',(0.,0.,1.));
#3670 = ORIENTED_EDGE('',*,*,#3671,.F.);
#3671 = EDGE_CURVE('',#3672,#3664,#3674,.T.);
#3672 = VERTEX_POINT('',#3673);
#3673 = CARTESIAN_POINT('',(-3.162500047684,-1.758978965642,
    0.399999976158));
#3674 = LINE('',#3675,#3676);
#3675 = CARTESIAN_POINT('',(-3.162500047684,-1.758978965642,
    0.399999976158));
#3676 = VECTOR('',#3677,1.);
#3677 = DIRECTION('',(-1.,-0.,-0.));
#3678 = ORIENTED_EDGE('',*,*,#3679,.F.);
#3679 = EDGE_CURVE('',#3216,#3672,#3680,.T.);
#3680 = LINE('',#3681,#3682);
#3681 = CARTESIAN_POINT('',(-3.162500047684,-1.758978965642,
    -2.384185759929E-08));
#3682 = VECTOR('',#3683,1.);
#3683 = DIRECTION('',(0.,2.168404344971E-15,1.));
#3684 = ORIENTED_EDGE('',*,*,#3215,.T.);
#3685 = ORIENTED_EDGE('',*,*,#3686,.F.);
#3686 = EDGE_CURVE('',#3687,#3208,#3689,.T.);
#3687 = VERTEX_POINT('',#3688);
#3688 = CARTESIAN_POINT('',(3.137499952316,-1.758978965642,
    0.399999976158));
#3689 = LINE('',#3690,#3691);
#3690 = CARTESIAN_POINT('',(3.137499952316,-1.758978965642,
    -2.384185759929E-08));
#3691 = VECTOR('',#3692,1.);
#3692 = DIRECTION('',(-0.,-2.168404344971E-15,-1.));
#3693 = ORIENTED_EDGE('',*,*,#3694,.T.);
#3694 = EDGE_CURVE('',#3687,#3609,#3695,.T.);
#3695 = LINE('',#3696,#3697);
#3696 = CARTESIAN_POINT('',(3.137499952316,-1.758978965642,
    0.399999976158));
#3697 = VECTOR('',#3698,1.);
#3698 = DIRECTION('',(1.,0.,0.));
#3699 = ORIENTED_EDGE('',*,*,#3608,.T.);
#3700 = ORIENTED_EDGE('',*,*,#3701,.T.);
#3701 = EDGE_CURVE('',#3601,#3451,#3702,.T.);
#3702 = LINE('',#3703,#3704);
#3703 = CARTESIAN_POINT('',(2.138813924398,-1.758978965642,
    3.176185078836));
#3704 = VECTOR('',#3705,1.);
#3705 = DIRECTION('',(-0.5,0.,0.866025403784));
#3706 = ORIENTED_EDGE('',*,*,#3448,.F.);
#3707 = ORIENTED_EDGE('',*,*,#3708,.F.);
#3708 = EDGE_CURVE('',#3709,#3449,#3711,.T.);
#3709 = VERTEX_POINT('',#3710);
#3710 = CARTESIAN_POINT('',(2.837499952316,-1.758978965642,
    1.249999976158));
#3711 = LINE('',#3712,#3713);
#3712 = CARTESIAN_POINT('',(2.837499952316,-1.758978965642,
    1.249999976158));
#3713 = VECTOR('',#3714,1.);
#3714 = DIRECTION('',(0.,0.,1.));
#3715 = ORIENTED_EDGE('',*,*,#3716,.F.);
#3716 = EDGE_CURVE('',#3717,#3709,#3719,.T.);
#3717 = VERTEX_POINT('',#3718);
#3718 = CARTESIAN_POINT('',(1.012499952316,-1.758978965642,
    1.249999976158));
#3719 = LINE('',#3720,#3721);
#3720 = CARTESIAN_POINT('',(-2.862500047684,-1.758978965642,
    1.249999976158));
#3721 = VECTOR('',#3722,1.);
#3722 = DIRECTION('',(1.,1.141265444722E-16,0.));
#3723 = ORIENTED_EDGE('',*,*,#3724,.F.);
#3724 = EDGE_CURVE('',#3725,#3717,#3727,.T.);
#3725 = VERTEX_POINT('',#3726);
#3726 = CARTESIAN_POINT('',(1.012499952316,-1.758978965642,
    0.649999976158));
#3727 = LINE('',#3728,#3729);
#3728 = CARTESIAN_POINT('',(1.012499952316,-1.758978965642,
    1.249999976158));
#3729 = VECTOR('',#3730,1.);
#3730 = DIRECTION('',(0.,0.,1.));
#3731 = ORIENTED_EDGE('',*,*,#3732,.F.);
#3732 = EDGE_CURVE('',#3633,#3725,#3733,.T.);
#3733 = LINE('',#3734,#3735);
#3734 = CARTESIAN_POINT('',(-1.037500047684,-1.758978965642,
    0.649999976158));
#3735 = VECTOR('',#3736,1.);
#3736 = DIRECTION('',(1.,0.,0.));
#3737 = PLANE('',#3738);
#3738 = AXIS2_PLACEMENT_3D('',#3739,#3740,#3741);
#3739 = CARTESIAN_POINT('',(-3.362500047684,-1.758978965642,
    -2.384185759929E-08));
#3740 = DIRECTION('',(0.,-1.,0.));
#3741 = DIRECTION('',(0.,0.,-1.));
#3742 = ADVANCED_FACE('',(#3743),#3768,.T.);
#3743 = FACE_BOUND('',#3744,.T.);
#3744 = EDGE_LOOP('',(#3745,#3746,#3754,#3762));
#3745 = ORIENTED_EDGE('',*,*,#3663,.T.);
#3746 = ORIENTED_EDGE('',*,*,#3747,.T.);
#3747 = EDGE_CURVE('',#3656,#3748,#3750,.T.);
#3748 = VERTEX_POINT('',#3749);
#3749 = CARTESIAN_POINT('',(-3.362500047684,-1.058978965642,
    1.099999976158));
#3750 = LINE('',#3751,#3752);
#3751 = CARTESIAN_POINT('',(-3.362500047684,-1.058978965642,
    1.099999976158));
#3752 = VECTOR('',#3753,1.);
#3753 = DIRECTION('',(0.,1.,0.));
#3754 = ORIENTED_EDGE('',*,*,#3755,.F.);
#3755 = EDGE_CURVE('',#3756,#3748,#3758,.T.);
#3756 = VERTEX_POINT('',#3757);
#3757 = CARTESIAN_POINT('',(-3.362500047684,-1.058978965642,
    0.399999976158));
#3758 = LINE('',#3759,#3760);
#3759 = CARTESIAN_POINT('',(-3.362500047684,-1.058978965642,
    0.399999976158));
#3760 = VECTOR('',#3761,1.);
#3761 = DIRECTION('',(0.,0.,1.));
#3762 = ORIENTED_EDGE('',*,*,#3763,.F.);
#3763 = EDGE_CURVE('',#3664,#3756,#3764,.T.);
#3764 = LINE('',#3765,#3766);
#3765 = CARTESIAN_POINT('',(-3.362500047684,-1.758978965642,
    0.399999976158));
#3766 = VECTOR('',#3767,1.);
#3767 = DIRECTION('',(0.,1.,0.));
#3768 = PLANE('',#3769);
#3769 = AXIS2_PLACEMENT_3D('',#3770,#3771,#3772);
#3770 = CARTESIAN_POINT('',(-3.362500047684,-1.758978965642,
    -2.384185759929E-08));
#3771 = DIRECTION('',(-1.,0.,0.));
#3772 = DIRECTION('',(0.,0.,1.));
#3773 = ADVANCED_FACE('',(#3774),#3799,.F.);
#3774 = FACE_BOUND('',#3775,.T.);
#3775 = EDGE_LOOP('',(#3776,#3777,#3785,#3793));
#3776 = ORIENTED_EDGE('',*,*,#3286,.T.);
#3777 = ORIENTED_EDGE('',*,*,#3778,.T.);
#3778 = EDGE_CURVE('',#3279,#3779,#3781,.T.);
#3779 = VERTEX_POINT('',#3780);
#3780 = CARTESIAN_POINT('',(-3.189294966927,0.141021034358,
    1.399999976158));
#3781 = LINE('',#3782,#3783);
#3782 = CARTESIAN_POINT('',(-3.189294966927,0.141021034358,
    1.399999976158));
#3783 = VECTOR('',#3784,1.);
#3784 = DIRECTION('',(0.,-1.,0.));
#3785 = ORIENTED_EDGE('',*,*,#3786,.F.);
#3786 = EDGE_CURVE('',#3787,#3779,#3789,.T.);
#3787 = VERTEX_POINT('',#3788);
#3788 = CARTESIAN_POINT('',(-2.862500047684,0.141021034358,
    1.399999976158));
#3789 = LINE('',#3790,#3791);
#3790 = CARTESIAN_POINT('',(-3.162500047684,0.141021034358,
    1.399999976158));
#3791 = VECTOR('',#3792,1.);
#3792 = DIRECTION('',(-1.,-0.,-0.));
#3793 = ORIENTED_EDGE('',*,*,#3794,.F.);
#3794 = EDGE_CURVE('',#3287,#3787,#3795,.T.);
#3795 = LINE('',#3796,#3797);
#3796 = CARTESIAN_POINT('',(-2.862500047684,0.841021034358,
    1.399999976158));
#3797 = VECTOR('',#3798,1.);
#3798 = DIRECTION('',(-6.195440985631E-16,-1.,0.));
#3799 = PLANE('',#3800);
#3800 = AXIS2_PLACEMENT_3D('',#3801,#3802,#3803);
#3801 = CARTESIAN_POINT('',(-1.250004768372E-02,-0.458978965642,
    1.399999976158));
#3802 = DIRECTION('',(0.,0.,-1.));
#3803 = DIRECTION('',(-1.,0.,0.));
#3804 = ADVANCED_FACE('',(#3805),#3823,.F.);
#3805 = FACE_BOUND('',#3806,.T.);
#3806 = EDGE_LOOP('',(#3807,#3808,#3809,#3817));
#3807 = ORIENTED_EDGE('',*,*,#3576,.T.);
#3808 = ORIENTED_EDGE('',*,*,#3262,.F.);
#3809 = ORIENTED_EDGE('',*,*,#3810,.F.);
#3810 = EDGE_CURVE('',#3811,#3255,#3813,.T.);
#3811 = VERTEX_POINT('',#3812);
#3812 = CARTESIAN_POINT('',(-3.162500047684,0.141021034358,
    0.399999976158));
#3813 = LINE('',#3814,#3815);
#3814 = CARTESIAN_POINT('',(-3.162500047684,0.841021034358,
    0.399999976158));
#3815 = VECTOR('',#3816,1.);
#3816 = DIRECTION('',(0.,1.,0.));
#3817 = ORIENTED_EDGE('',*,*,#3818,.T.);
#3818 = EDGE_CURVE('',#3811,#3562,#3819,.T.);
#3819 = LINE('',#3820,#3821);
#3820 = CARTESIAN_POINT('',(-3.162500047684,0.141021034358,
    0.399999976158));
#3821 = VECTOR('',#3822,1.);
#3822 = DIRECTION('',(-1.,-0.,-0.));
#3823 = PLANE('',#3824);
#3824 = AXIS2_PLACEMENT_3D('',#3825,#3826,#3827);
#3825 = CARTESIAN_POINT('',(-3.162500047684,0.841021034358,
    0.399999976158));
#3826 = DIRECTION('',(0.,0.,1.));
#3827 = DIRECTION('',(1.,0.,-0.));
#3828 = ADVANCED_FACE('',(#3829),#3862,.F.);
#3829 = FACE_BOUND('',#3830,.T.);
#3830 = EDGE_LOOP('',(#3831,#3832,#3838,#3839,#3840,#3848,#3856));
#3831 = ORIENTED_EDGE('',*,*,#3786,.T.);
#3832 = ORIENTED_EDGE('',*,*,#3833,.T.);
#3833 = EDGE_CURVE('',#3779,#3560,#3834,.T.);
#3834 = LINE('',#3835,#3836);
#3835 = CARTESIAN_POINT('',(-3.189294966927,0.141021034358,
    1.399999976158));
#3836 = VECTOR('',#3837,1.);
#3837 = DIRECTION('',(-0.5,0.,-0.866025403784));
#3838 = ORIENTED_EDGE('',*,*,#3559,.T.);
#3839 = ORIENTED_EDGE('',*,*,#3818,.F.);
#3840 = ORIENTED_EDGE('',*,*,#3841,.F.);
#3841 = EDGE_CURVE('',#3842,#3811,#3844,.T.);
#3842 = VERTEX_POINT('',#3843);
#3843 = CARTESIAN_POINT('',(-3.162500047684,0.141021034358,
    1.249999976158));
#3844 = LINE('',#3845,#3846);
#3845 = CARTESIAN_POINT('',(-3.162500047684,0.141021034358,
    0.399999976158));
#3846 = VECTOR('',#3847,1.);
#3847 = DIRECTION('',(-0.,-0.,-1.));
#3848 = ORIENTED_EDGE('',*,*,#3849,.F.);
#3849 = EDGE_CURVE('',#3850,#3842,#3852,.T.);
#3850 = VERTEX_POINT('',#3851);
#3851 = CARTESIAN_POINT('',(-2.862500047684,0.141021034358,
    1.249999976158));
#3852 = LINE('',#3853,#3854);
#3853 = CARTESIAN_POINT('',(-3.212500047684,0.141021034358,
    1.249999976158));
#3854 = VECTOR('',#3855,1.);
#3855 = DIRECTION('',(-1.,-0.,-0.));
#3856 = ORIENTED_EDGE('',*,*,#3857,.T.);
#3857 = EDGE_CURVE('',#3850,#3787,#3858,.T.);
#3858 = LINE('',#3859,#3860);
#3859 = CARTESIAN_POINT('',(-2.862500047684,0.141021034358,
    1.249999976158));
#3860 = VECTOR('',#3861,1.);
#3861 = DIRECTION('',(0.,0.,1.));
#3862 = PLANE('',#3863);
#3863 = AXIS2_PLACEMENT_3D('',#3864,#3865,#3866);
#3864 = CARTESIAN_POINT('',(-3.162500047684,0.141021034358,
    0.399999976158));
#3865 = DIRECTION('',(0.,1.,0.));
#3866 = DIRECTION('',(0.,-0.,1.));
#3867 = ADVANCED_FACE('',(#3868),#3908,.F.);
#3868 = FACE_BOUND('',#3869,.T.);
#3869 = EDGE_LOOP('',(#3870,#3871,#3877,#3878,#3886,#3894,#3902));
#3870 = ORIENTED_EDGE('',*,*,#3755,.T.);
#3871 = ORIENTED_EDGE('',*,*,#3872,.T.);
#3872 = EDGE_CURVE('',#3748,#3491,#3873,.T.);
#3873 = LINE('',#3874,#3875);
#3874 = CARTESIAN_POINT('',(-3.189294966927,-1.058978965642,
    1.399999976158));
#3875 = VECTOR('',#3876,1.);
#3876 = DIRECTION('',(0.5,0.,0.866025403784));
#3877 = ORIENTED_EDGE('',*,*,#3488,.F.);
#3878 = ORIENTED_EDGE('',*,*,#3879,.F.);
#3879 = EDGE_CURVE('',#3880,#3489,#3882,.T.);
#3880 = VERTEX_POINT('',#3881);
#3881 = CARTESIAN_POINT('',(-2.862500047684,-1.058978965642,
    1.249999976158));
#3882 = LINE('',#3883,#3884);
#3883 = CARTESIAN_POINT('',(-2.862500047684,-1.058978965642,
    1.249999976158));
#3884 = VECTOR('',#3885,1.);
#3885 = DIRECTION('',(0.,0.,1.));
#3886 = ORIENTED_EDGE('',*,*,#3887,.F.);
#3887 = EDGE_CURVE('',#3888,#3880,#3890,.T.);
#3888 = VERTEX_POINT('',#3889);
#3889 = CARTESIAN_POINT('',(-3.162500047684,-1.058978965642,
    1.249999976158));
#3890 = LINE('',#3891,#3892);
#3891 = CARTESIAN_POINT('',(-3.212500047684,-1.058978965642,
    1.249999976158));
#3892 = VECTOR('',#3893,1.);
#3893 = DIRECTION('',(1.,0.,0.));
#3894 = ORIENTED_EDGE('',*,*,#3895,.F.);
#3895 = EDGE_CURVE('',#3896,#3888,#3898,.T.);
#3896 = VERTEX_POINT('',#3897);
#3897 = CARTESIAN_POINT('',(-3.162500047684,-1.058978965642,
    0.399999976158));
#3898 = LINE('',#3899,#3900);
#3899 = CARTESIAN_POINT('',(-3.162500047684,-1.058978965642,
    0.399999976158));
#3900 = VECTOR('',#3901,1.);
#3901 = DIRECTION('',(0.,0.,1.));
#3902 = ORIENTED_EDGE('',*,*,#3903,.T.);
#3903 = EDGE_CURVE('',#3896,#3756,#3904,.T.);
#3904 = LINE('',#3905,#3906);
#3905 = CARTESIAN_POINT('',(-3.162500047684,-1.058978965642,
    0.399999976158));
#3906 = VECTOR('',#3907,1.);
#3907 = DIRECTION('',(-1.,-0.,-0.));
#3908 = PLANE('',#3909);
#3909 = AXIS2_PLACEMENT_3D('',#3910,#3911,#3912);
#3910 = CARTESIAN_POINT('',(-3.162500047684,-1.058978965642,
    0.399999976158));
#3911 = DIRECTION('',(0.,-1.,0.));
#3912 = DIRECTION('',(0.,0.,-1.));
#3913 = ADVANCED_FACE('',(#3914),#3925,.F.);
#3914 = FACE_BOUND('',#3915,.T.);
#3915 = EDGE_LOOP('',(#3916,#3917,#3918,#3924));
#3916 = ORIENTED_EDGE('',*,*,#3763,.T.);
#3917 = ORIENTED_EDGE('',*,*,#3903,.F.);
#3918 = ORIENTED_EDGE('',*,*,#3919,.F.);
#3919 = EDGE_CURVE('',#3672,#3896,#3920,.T.);
#3920 = LINE('',#3921,#3922);
#3921 = CARTESIAN_POINT('',(-3.162500047684,-1.758978965642,
    0.399999976158));
#3922 = VECTOR('',#3923,1.);
#3923 = DIRECTION('',(0.,1.,0.));
#3924 = ORIENTED_EDGE('',*,*,#3671,.T.);
#3925 = PLANE('',#3926);
#3926 = AXIS2_PLACEMENT_3D('',#3927,#3928,#3929);
#3927 = CARTESIAN_POINT('',(-3.162500047684,-1.758978965642,
    0.399999976158));
#3928 = DIRECTION('',(0.,0.,1.));
#3929 = DIRECTION('',(1.,0.,-0.));
#3930 = ADVANCED_FACE('',(#3931),#3946,.T.);
#3931 = FACE_BOUND('',#3932,.T.);
#3932 = EDGE_LOOP('',(#3933,#3939,#3940,#3941,#3942,#3943,#3944,#3945));
#3933 = ORIENTED_EDGE('',*,*,#3934,.F.);
#3934 = EDGE_CURVE('',#3842,#3888,#3935,.T.);
#3935 = LINE('',#3936,#3937);
#3936 = CARTESIAN_POINT('',(-3.162500047684,-0.458978965642,
    1.249999976158));
#3937 = VECTOR('',#3938,1.);
#3938 = DIRECTION('',(0.,-1.,0.));
#3939 = ORIENTED_EDGE('',*,*,#3841,.T.);
#3940 = ORIENTED_EDGE('',*,*,#3810,.T.);
#3941 = ORIENTED_EDGE('',*,*,#3254,.T.);
#3942 = ORIENTED_EDGE('',*,*,#3223,.T.);
#3943 = ORIENTED_EDGE('',*,*,#3679,.T.);
#3944 = ORIENTED_EDGE('',*,*,#3919,.T.);
#3945 = ORIENTED_EDGE('',*,*,#3895,.T.);
#3946 = PLANE('',#3947);
#3947 = AXIS2_PLACEMENT_3D('',#3948,#3949,#3950);
#3948 = CARTESIAN_POINT('',(-3.162500047684,-0.458978965642,
    1.399999976158));
#3949 = DIRECTION('',(-1.,0.,0.));
#3950 = DIRECTION('',(0.,0.,1.));
#3951 = ADVANCED_FACE('',(#3952),#3992,.F.);
#3952 = FACE_BOUND('',#3953,.T.);
#3953 = EDGE_LOOP('',(#3954,#3955,#3961,#3962,#3970,#3978,#3986));
#3954 = ORIENTED_EDGE('',*,*,#3537,.T.);
#3955 = ORIENTED_EDGE('',*,*,#3956,.T.);
#3956 = EDGE_CURVE('',#3530,#3420,#3957,.T.);
#3957 = LINE('',#3958,#3959);
#3958 = CARTESIAN_POINT('',(3.164294871559,0.141021034358,1.399999976158
    ));
#3959 = VECTOR('',#3960,1.);
#3960 = DIRECTION('',(-0.5,0.,0.866025403784));
#3961 = ORIENTED_EDGE('',*,*,#3417,.F.);
#3962 = ORIENTED_EDGE('',*,*,#3963,.F.);
#3963 = EDGE_CURVE('',#3964,#3418,#3966,.T.);
#3964 = VERTEX_POINT('',#3965);
#3965 = CARTESIAN_POINT('',(2.837499952316,0.141021034358,1.249999976158
    ));
#3966 = LINE('',#3967,#3968);
#3967 = CARTESIAN_POINT('',(2.837499952316,0.141021034358,1.249999976158
    ));
#3968 = VECTOR('',#3969,1.);
#3969 = DIRECTION('',(0.,0.,1.));
#3970 = ORIENTED_EDGE('',*,*,#3971,.F.);
#3971 = EDGE_CURVE('',#3972,#3964,#3974,.T.);
#3972 = VERTEX_POINT('',#3973);
#3973 = CARTESIAN_POINT('',(3.137499952316,0.141021034358,1.249999976158
    ));
#3974 = LINE('',#3975,#3976);
#3975 = CARTESIAN_POINT('',(3.187499952316,0.141021034358,1.249999976158
    ));
#3976 = VECTOR('',#3977,1.);
#3977 = DIRECTION('',(-1.,-3.097720492816E-16,0.));
#3978 = ORIENTED_EDGE('',*,*,#3979,.F.);
#3979 = EDGE_CURVE('',#3980,#3972,#3982,.T.);
#3980 = VERTEX_POINT('',#3981);
#3981 = CARTESIAN_POINT('',(3.137499952316,0.141021034358,0.399999976158
    ));
#3982 = LINE('',#3983,#3984);
#3983 = CARTESIAN_POINT('',(3.137499952316,0.141021034358,1.399999976158
    ));
#3984 = VECTOR('',#3985,1.);
#3985 = DIRECTION('',(0.,0.,1.));
#3986 = ORIENTED_EDGE('',*,*,#3987,.T.);
#3987 = EDGE_CURVE('',#3980,#3538,#3988,.T.);
#3988 = LINE('',#3989,#3990);
#3989 = CARTESIAN_POINT('',(3.137499952316,0.141021034358,0.399999976158
    ));
#3990 = VECTOR('',#3991,1.);
#3991 = DIRECTION('',(1.,0.,0.));
#3992 = PLANE('',#3993);
#3993 = AXIS2_PLACEMENT_3D('',#3994,#3995,#3996);
#3994 = CARTESIAN_POINT('',(3.137499952316,0.141021034358,1.399999976158
    ));
#3995 = DIRECTION('',(0.,1.,0.));
#3996 = DIRECTION('',(0.,-0.,1.));
#3997 = ADVANCED_FACE('',(#3998),#4009,.F.);
#3998 = FACE_BOUND('',#3999,.T.);
#3999 = EDGE_LOOP('',(#4000,#4001,#4002,#4008));
#4000 = ORIENTED_EDGE('',*,*,#3545,.T.);
#4001 = ORIENTED_EDGE('',*,*,#3987,.F.);
#4002 = ORIENTED_EDGE('',*,*,#4003,.F.);
#4003 = EDGE_CURVE('',#3343,#3980,#4004,.T.);
#4004 = LINE('',#4005,#4006);
#4005 = CARTESIAN_POINT('',(3.137499952316,0.141021034358,0.399999976158
    ));
#4006 = VECTOR('',#4007,1.);
#4007 = DIRECTION('',(-0.,-1.,-0.));
#4008 = ORIENTED_EDGE('',*,*,#3342,.T.);
#4009 = PLANE('',#4010);
#4010 = AXIS2_PLACEMENT_3D('',#4011,#4012,#4013);
#4011 = CARTESIAN_POINT('',(3.137499952316,0.141021034358,0.399999976158
    ));
#4012 = DIRECTION('',(0.,0.,1.));
#4013 = DIRECTION('',(1.,0.,-0.));
#4014 = ADVANCED_FACE('',(#4015),#4033,.F.);
#4015 = FACE_BOUND('',#4016,.T.);
#4016 = EDGE_LOOP('',(#4017,#4018,#4019,#4027));
#4017 = ORIENTED_EDGE('',*,*,#3616,.T.);
#4018 = ORIENTED_EDGE('',*,*,#3694,.F.);
#4019 = ORIENTED_EDGE('',*,*,#4020,.F.);
#4020 = EDGE_CURVE('',#4021,#3687,#4023,.T.);
#4021 = VERTEX_POINT('',#4022);
#4022 = CARTESIAN_POINT('',(3.137499952316,-1.058978965642,
    0.399999976158));
#4023 = LINE('',#4024,#4025);
#4024 = CARTESIAN_POINT('',(3.137499952316,-1.758978965642,
    0.399999976158));
#4025 = VECTOR('',#4026,1.);
#4026 = DIRECTION('',(-0.,-1.,-0.));
#4027 = ORIENTED_EDGE('',*,*,#4028,.T.);
#4028 = EDGE_CURVE('',#4021,#3593,#4029,.T.);
#4029 = LINE('',#4030,#4031);
#4030 = CARTESIAN_POINT('',(3.137499952316,-1.058978965642,
    0.399999976158));
#4031 = VECTOR('',#4032,1.);
#4032 = DIRECTION('',(1.,0.,0.));
#4033 = PLANE('',#4034);
#4034 = AXIS2_PLACEMENT_3D('',#4035,#4036,#4037);
#4035 = CARTESIAN_POINT('',(3.137499952316,-1.758978965642,
    0.399999976158));
#4036 = DIRECTION('',(0.,0.,1.));
#4037 = DIRECTION('',(1.,0.,-0.));
#4038 = ADVANCED_FACE('',(#4039),#4072,.F.);
#4039 = FACE_BOUND('',#4040,.T.);
#4040 = EDGE_LOOP('',(#4041,#4042,#4048,#4049,#4050,#4058,#4066));
#4041 = ORIENTED_EDGE('',*,*,#3466,.T.);
#4042 = ORIENTED_EDGE('',*,*,#4043,.T.);
#4043 = EDGE_CURVE('',#3459,#3591,#4044,.T.);
#4044 = LINE('',#4045,#4046);
#4045 = CARTESIAN_POINT('',(3.164294871559,-1.058978965642,
    1.399999976158));
#4046 = VECTOR('',#4047,1.);
#4047 = DIRECTION('',(0.5,9.389466242111E-17,-0.866025403784));
#4048 = ORIENTED_EDGE('',*,*,#3590,.T.);
#4049 = ORIENTED_EDGE('',*,*,#4028,.F.);
#4050 = ORIENTED_EDGE('',*,*,#4051,.F.);
#4051 = EDGE_CURVE('',#4052,#4021,#4054,.T.);
#4052 = VERTEX_POINT('',#4053);
#4053 = CARTESIAN_POINT('',(3.137499952316,-1.058978965642,
    1.249999976158));
#4054 = LINE('',#4055,#4056);
#4055 = CARTESIAN_POINT('',(3.137499952316,-1.058978965642,
    0.399999976158));
#4056 = VECTOR('',#4057,1.);
#4057 = DIRECTION('',(0.,1.084202172486E-16,-1.));
#4058 = ORIENTED_EDGE('',*,*,#4059,.F.);
#4059 = EDGE_CURVE('',#4060,#4052,#4062,.T.);
#4060 = VERTEX_POINT('',#4061);
#4061 = CARTESIAN_POINT('',(2.837499952316,-1.058978965642,
    1.249999976158));
#4062 = LINE('',#4063,#4064);
#4063 = CARTESIAN_POINT('',(3.187499952316,-1.058978965642,
    1.249999976158));
#4064 = VECTOR('',#4065,1.);
#4065 = DIRECTION('',(1.,3.097720492816E-16,0.));
#4066 = ORIENTED_EDGE('',*,*,#4067,.T.);
#4067 = EDGE_CURVE('',#4060,#3467,#4068,.T.);
#4068 = LINE('',#4069,#4070);
#4069 = CARTESIAN_POINT('',(2.837499952316,-1.058978965642,
    1.249999976158));
#4070 = VECTOR('',#4071,1.);
#4071 = DIRECTION('',(0.,0.,1.));
#4072 = PLANE('',#4073);
#4073 = AXIS2_PLACEMENT_3D('',#4074,#4075,#4076);
#4074 = CARTESIAN_POINT('',(3.137499952316,-1.058978965642,
    0.399999976158));
#4075 = DIRECTION('',(0.,-1.,-1.084202172486E-16));
#4076 = DIRECTION('',(0.,1.084202172486E-16,-1.));
#4077 = ADVANCED_FACE('',(#4078),#4093,.F.);
#4078 = FACE_BOUND('',#4079,.T.);
#4079 = EDGE_LOOP('',(#4080,#4081,#4087,#4088,#4089,#4090,#4091,#4092));
#4080 = ORIENTED_EDGE('',*,*,#3979,.T.);
#4081 = ORIENTED_EDGE('',*,*,#4082,.T.);
#4082 = EDGE_CURVE('',#3972,#4052,#4083,.T.);
#4083 = LINE('',#4084,#4085);
#4084 = CARTESIAN_POINT('',(3.137499952316,-0.458978965642,
    1.249999976158));
#4085 = VECTOR('',#4086,1.);
#4086 = DIRECTION('',(0.,-1.,0.));
#4087 = ORIENTED_EDGE('',*,*,#4051,.T.);
#4088 = ORIENTED_EDGE('',*,*,#4020,.T.);
#4089 = ORIENTED_EDGE('',*,*,#3686,.T.);
#4090 = ORIENTED_EDGE('',*,*,#3207,.T.);
#4091 = ORIENTED_EDGE('',*,*,#3350,.T.);
#4092 = ORIENTED_EDGE('',*,*,#4003,.T.);
#4093 = PLANE('',#4094);
#4094 = AXIS2_PLACEMENT_3D('',#4095,#4096,#4097);
#4095 = CARTESIAN_POINT('',(3.137499952316,-0.458978965642,
    1.399999976158));
#4096 = DIRECTION('',(-1.,0.,0.));
#4097 = DIRECTION('',(0.,0.,1.));
#4098 = ADVANCED_FACE('',(#4099),#4156,.F.);
#4099 = FACE_BOUND('',#4100,.T.);
#4100 = EDGE_LOOP('',(#4101,#4102,#4110,#4118,#4124,#4125,#4131,#4132,
    #4133,#4134,#4140,#4141,#4147,#4148,#4149,#4150));
#4101 = ORIENTED_EDGE('',*,*,#3640,.T.);
#4102 = ORIENTED_EDGE('',*,*,#4103,.F.);
#4103 = EDGE_CURVE('',#4104,#3631,#4106,.T.);
#4104 = VERTEX_POINT('',#4105);
#4105 = CARTESIAN_POINT('',(-1.037500047684,-1.558978965642,
    1.249999976158));
#4106 = LINE('',#4107,#4108);
#4107 = CARTESIAN_POINT('',(-1.037500047684,-1.558978965642,
    1.249999976158));
#4108 = VECTOR('',#4109,1.);
#4109 = DIRECTION('',(-0.,-1.,-0.));
#4110 = ORIENTED_EDGE('',*,*,#4111,.F.);
#4111 = EDGE_CURVE('',#4112,#4104,#4114,.T.);
#4112 = VERTEX_POINT('',#4113);
#4113 = CARTESIAN_POINT('',(1.012499952316,-1.558978965642,
    1.249999976158));
#4114 = LINE('',#4115,#4116);
#4115 = CARTESIAN_POINT('',(-1.037500047684,-1.558978965642,
    1.249999976158));
#4116 = VECTOR('',#4117,1.);
#4117 = DIRECTION('',(-1.,-0.,-0.));
#4118 = ORIENTED_EDGE('',*,*,#4119,.T.);
#4119 = EDGE_CURVE('',#4112,#3717,#4120,.T.);
#4120 = LINE('',#4121,#4122);
#4121 = CARTESIAN_POINT('',(1.012499952316,-1.558978965642,
    1.249999976158));
#4122 = VECTOR('',#4123,1.);
#4123 = DIRECTION('',(-0.,-1.,-0.));
#4124 = ORIENTED_EDGE('',*,*,#3716,.T.);
#4125 = ORIENTED_EDGE('',*,*,#4126,.T.);
#4126 = EDGE_CURVE('',#3709,#4060,#4127,.T.);
#4127 = LINE('',#4128,#4129);
#4128 = CARTESIAN_POINT('',(2.837499952316,-1.058978965642,
    1.249999976158));
#4129 = VECTOR('',#4130,1.);
#4130 = DIRECTION('',(-6.195440985631E-16,1.,0.));
#4131 = ORIENTED_EDGE('',*,*,#4059,.T.);
#4132 = ORIENTED_EDGE('',*,*,#4082,.F.);
#4133 = ORIENTED_EDGE('',*,*,#3971,.T.);
#4134 = ORIENTED_EDGE('',*,*,#4135,.T.);
#4135 = EDGE_CURVE('',#3964,#3303,#4136,.T.);
#4136 = LINE('',#4137,#4138);
#4137 = CARTESIAN_POINT('',(2.837499952316,0.841021034358,1.249999976158
    ));
#4138 = VECTOR('',#4139,1.);
#4139 = DIRECTION('',(-6.195440985631E-16,1.,0.));
#4140 = ORIENTED_EDGE('',*,*,#3302,.T.);
#4141 = ORIENTED_EDGE('',*,*,#4142,.T.);
#4142 = EDGE_CURVE('',#3295,#3850,#4143,.T.);
#4143 = LINE('',#4144,#4145);
#4144 = CARTESIAN_POINT('',(-2.862500047684,0.841021034358,
    1.249999976158));
#4145 = VECTOR('',#4146,1.);
#4146 = DIRECTION('',(-6.195440985631E-16,-1.,0.));
#4147 = ORIENTED_EDGE('',*,*,#3849,.T.);
#4148 = ORIENTED_EDGE('',*,*,#3934,.T.);
#4149 = ORIENTED_EDGE('',*,*,#3887,.T.);
#4150 = ORIENTED_EDGE('',*,*,#4151,.T.);
#4151 = EDGE_CURVE('',#3880,#3641,#4152,.T.);
#4152 = LINE('',#4153,#4154);
#4153 = CARTESIAN_POINT('',(-2.862500047684,-1.058978965642,
    1.249999976158));
#4154 = VECTOR('',#4155,1.);
#4155 = DIRECTION('',(-6.195440985631E-16,-1.,0.));
#4156 = PLANE('',#4157);
#4157 = AXIS2_PLACEMENT_3D('',#4158,#4159,#4160);
#4158 = CARTESIAN_POINT('',(-1.250004768372E-02,-0.458978965642,
    1.249999976158));
#4159 = DIRECTION('',(0.,0.,-1.));
#4160 = DIRECTION('',(-1.,0.,0.));
#4161 = ADVANCED_FACE('',(#4162),#4168,.F.);
#4162 = FACE_BOUND('',#4163,.T.);
#4163 = EDGE_LOOP('',(#4164,#4165,#4166,#4167));
#4164 = ORIENTED_EDGE('',*,*,#3434,.T.);
#4165 = ORIENTED_EDGE('',*,*,#3310,.F.);
#4166 = ORIENTED_EDGE('',*,*,#4135,.F.);
#4167 = ORIENTED_EDGE('',*,*,#3963,.T.);
#4168 = PLANE('',#4169);
#4169 = AXIS2_PLACEMENT_3D('',#4170,#4171,#4172);
#4170 = CARTESIAN_POINT('',(2.837499952316,0.841021034358,1.249999976158
    ));
#4171 = DIRECTION('',(1.,6.195440985631E-16,0.));
#4172 = DIRECTION('',(-6.195440985631E-16,1.,0.));
#4173 = ADVANCED_FACE('',(#4174),#4180,.F.);
#4174 = FACE_BOUND('',#4175,.T.);
#4175 = EDGE_LOOP('',(#4176,#4177,#4178,#4179));
#4176 = ORIENTED_EDGE('',*,*,#3474,.T.);
#4177 = ORIENTED_EDGE('',*,*,#4067,.F.);
#4178 = ORIENTED_EDGE('',*,*,#4126,.F.);
#4179 = ORIENTED_EDGE('',*,*,#3708,.T.);
#4180 = PLANE('',#4181);
#4181 = AXIS2_PLACEMENT_3D('',#4182,#4183,#4184);
#4182 = CARTESIAN_POINT('',(2.837499952316,-1.058978965642,
    1.249999976158));
#4183 = DIRECTION('',(1.,6.195440985631E-16,0.));
#4184 = DIRECTION('',(-6.195440985631E-16,1.,0.));
#4185 = ADVANCED_FACE('',(#4186),#4192,.F.);
#4186 = FACE_BOUND('',#4187,.T.);
#4187 = EDGE_LOOP('',(#4188,#4189,#4190,#4191));
#4188 = ORIENTED_EDGE('',*,*,#3514,.T.);
#4189 = ORIENTED_EDGE('',*,*,#3648,.F.);
#4190 = ORIENTED_EDGE('',*,*,#4151,.F.);
#4191 = ORIENTED_EDGE('',*,*,#3879,.T.);
#4192 = PLANE('',#4193);
#4193 = AXIS2_PLACEMENT_3D('',#4194,#4195,#4196);
#4194 = CARTESIAN_POINT('',(-2.862500047684,-1.058978965642,
    1.249999976158));
#4195 = DIRECTION('',(-1.,6.195440985631E-16,0.));
#4196 = DIRECTION('',(-6.195440985631E-16,-1.,0.));
#4197 = ADVANCED_FACE('',(#4198),#4204,.F.);
#4198 = FACE_BOUND('',#4199,.T.);
#4199 = EDGE_LOOP('',(#4200,#4201,#4202,#4203));
#4200 = ORIENTED_EDGE('',*,*,#3794,.T.);
#4201 = ORIENTED_EDGE('',*,*,#3857,.F.);
#4202 = ORIENTED_EDGE('',*,*,#4142,.F.);
#4203 = ORIENTED_EDGE('',*,*,#3294,.T.);
#4204 = PLANE('',#4205);
#4205 = AXIS2_PLACEMENT_3D('',#4206,#4207,#4208);
#4206 = CARTESIAN_POINT('',(-2.862500047684,0.841021034358,
    1.249999976158));
#4207 = DIRECTION('',(-1.,6.195440985631E-16,0.));
#4208 = DIRECTION('',(-6.195440985631E-16,-1.,0.));
#4209 = ADVANCED_FACE('',(#4210),#4235,.T.);
#4210 = FACE_BOUND('',#4211,.T.);
#4211 = EDGE_LOOP('',(#4212,#4213,#4221,#4229));
#4212 = ORIENTED_EDGE('',*,*,#2673,.F.);
#4213 = ORIENTED_EDGE('',*,*,#4214,.F.);
#4214 = EDGE_CURVE('',#4215,#2666,#4217,.T.);
#4215 = VERTEX_POINT('',#4216);
#4216 = CARTESIAN_POINT('',(0.438519418639,-0.939558757694,
    9.999997615814E-02));
#4217 = LINE('',#4218,#4219);
#4218 = CARTESIAN_POINT('',(0.438519418639,-0.939558757694,
    9.999997615814E-02));
#4219 = VECTOR('',#4220,1.);
#4220 = DIRECTION('',(-0.,-0.,-1.));
#4221 = ORIENTED_EDGE('',*,*,#4222,.T.);
#4222 = EDGE_CURVE('',#4215,#4223,#4225,.T.);
#4223 = VERTEX_POINT('',#4224);
#4224 = CARTESIAN_POINT('',(0.438519418639,-0.970999455341,
    9.999997615814E-02));
#4225 = LINE('',#4226,#4227);
#4226 = CARTESIAN_POINT('',(0.438519418639,-0.939558757694,
    9.999997615814E-02));
#4227 = VECTOR('',#4228,1.);
#4228 = DIRECTION('',(0.,-1.,0.));
#4229 = ORIENTED_EDGE('',*,*,#4230,.T.);
#4230 = EDGE_CURVE('',#4223,#2674,#4231,.T.);
#4231 = LINE('',#4232,#4233);
#4232 = CARTESIAN_POINT('',(0.438519418639,-0.970999455341,
    9.999997615814E-02));
#4233 = VECTOR('',#4234,1.);
#4234 = DIRECTION('',(-0.,-0.,-1.));
#4235 = PLANE('',#4236);
#4236 = AXIS2_PLACEMENT_3D('',#4237,#4238,#4239);
#4237 = CARTESIAN_POINT('',(0.438519418639,-0.939558757694,
    9.999997615814E-02));
#4238 = DIRECTION('',(1.,0.,0.));
#4239 = DIRECTION('',(0.,0.,-1.));
#4240 = ADVANCED_FACE('',(#4241),#4259,.T.);
#4241 = FACE_BOUND('',#4242,.T.);
#4242 = EDGE_LOOP('',(#4243,#4244,#4245,#4253));
#4243 = ORIENTED_EDGE('',*,*,#2681,.F.);
#4244 = ORIENTED_EDGE('',*,*,#4230,.F.);
#4245 = ORIENTED_EDGE('',*,*,#4246,.T.);
#4246 = EDGE_CURVE('',#4223,#4247,#4249,.T.);
#4247 = VERTEX_POINT('',#4248);
#4248 = CARTESIAN_POINT('',(0.585242674324,-0.970999455341,
    9.999997615814E-02));
#4249 = LINE('',#4250,#4251);
#4250 = CARTESIAN_POINT('',(0.438519418639,-0.970999455341,
    9.999997615814E-02));
#4251 = VECTOR('',#4252,1.);
#4252 = DIRECTION('',(1.,0.,0.));
#4253 = ORIENTED_EDGE('',*,*,#4254,.T.);
#4254 = EDGE_CURVE('',#4247,#2682,#4255,.T.);
#4255 = LINE('',#4256,#4257);
#4256 = CARTESIAN_POINT('',(0.585242674324,-0.970999455341,
    9.999997615814E-02));
#4257 = VECTOR('',#4258,1.);
#4258 = DIRECTION('',(-0.,-0.,-1.));
#4259 = PLANE('',#4260);
#4260 = AXIS2_PLACEMENT_3D('',#4261,#4262,#4263);
#4261 = CARTESIAN_POINT('',(0.438519418639,-0.970999455341,
    9.999997615814E-02));
#4262 = DIRECTION('',(0.,1.,0.));
#4263 = DIRECTION('',(0.,-0.,1.));
#4264 = ADVANCED_FACE('',(#4265),#4283,.T.);
#4265 = FACE_BOUND('',#4266,.T.);
#4266 = EDGE_LOOP('',(#4267,#4268,#4269,#4277));
#4267 = ORIENTED_EDGE('',*,*,#2689,.F.);
#4268 = ORIENTED_EDGE('',*,*,#4254,.F.);
#4269 = ORIENTED_EDGE('',*,*,#4270,.T.);
#4270 = EDGE_CURVE('',#4247,#4271,#4273,.T.);
#4271 = VERTEX_POINT('',#4272);
#4272 = CARTESIAN_POINT('',(0.585242674324,-0.68453976567,
    9.999997615814E-02));
#4273 = LINE('',#4274,#4275);
#4274 = CARTESIAN_POINT('',(0.585242674324,-0.970999455341,
    9.999997615814E-02));
#4275 = VECTOR('',#4276,1.);
#4276 = DIRECTION('',(0.,1.,0.));
#4277 = ORIENTED_EDGE('',*,*,#4278,.T.);
#4278 = EDGE_CURVE('',#4271,#2690,#4279,.T.);
#4279 = LINE('',#4280,#4281);
#4280 = CARTESIAN_POINT('',(0.585242674324,-0.68453976567,
    9.999997615814E-02));
#4281 = VECTOR('',#4282,1.);
#4282 = DIRECTION('',(-0.,-0.,-1.));
#4283 = PLANE('',#4284);
#4284 = AXIS2_PLACEMENT_3D('',#4285,#4286,#4287);
#4285 = CARTESIAN_POINT('',(0.585242674324,-0.970999455341,
    9.999997615814E-02));
#4286 = DIRECTION('',(-1.,0.,0.));
#4287 = DIRECTION('',(0.,0.,1.));
#4288 = ADVANCED_FACE('',(#4289),#4307,.T.);
#4289 = FACE_BOUND('',#4290,.T.);
#4290 = EDGE_LOOP('',(#4291,#4292,#4293,#4301));
#4291 = ORIENTED_EDGE('',*,*,#2697,.F.);
#4292 = ORIENTED_EDGE('',*,*,#4278,.F.);
#4293 = ORIENTED_EDGE('',*,*,#4294,.T.);
#4294 = EDGE_CURVE('',#4271,#4295,#4297,.T.);
#4295 = VERTEX_POINT('',#4296);
#4296 = CARTESIAN_POINT('',(0.546815154978,-0.68453976567,
    9.999997615814E-02));
#4297 = LINE('',#4298,#4299);
#4298 = CARTESIAN_POINT('',(0.585242674324,-0.68453976567,
    9.999997615814E-02));
#4299 = VECTOR('',#4300,1.);
#4300 = DIRECTION('',(-1.,0.,0.));
#4301 = ORIENTED_EDGE('',*,*,#4302,.T.);
#4302 = EDGE_CURVE('',#4295,#2698,#4303,.T.);
#4303 = LINE('',#4304,#4305);
#4304 = CARTESIAN_POINT('',(0.546815154978,-0.68453976567,
    9.999997615814E-02));
#4305 = VECTOR('',#4306,1.);
#4306 = DIRECTION('',(-0.,-0.,-1.));
#4307 = PLANE('',#4308);
#4308 = AXIS2_PLACEMENT_3D('',#4309,#4310,#4311);
#4309 = CARTESIAN_POINT('',(0.585242674324,-0.68453976567,
    9.999997615814E-02));
#4310 = DIRECTION('',(0.,-1.,0.));
#4311 = DIRECTION('',(0.,0.,-1.));
#4312 = ADVANCED_FACE('',(#4313),#4331,.T.);
#4313 = FACE_BOUND('',#4314,.T.);
#4314 = EDGE_LOOP('',(#4315,#4316,#4317,#4325));
#4315 = ORIENTED_EDGE('',*,*,#2705,.F.);
#4316 = ORIENTED_EDGE('',*,*,#4302,.F.);
#4317 = ORIENTED_EDGE('',*,*,#4318,.T.);
#4318 = EDGE_CURVE('',#4295,#4319,#4321,.T.);
#4319 = VERTEX_POINT('',#4320);
#4320 = CARTESIAN_POINT('',(0.546815154978,-0.939558757694,
    9.999997615814E-02));
#4321 = LINE('',#4322,#4323);
#4322 = CARTESIAN_POINT('',(0.546815154978,-0.68453976567,
    9.999997615814E-02));
#4323 = VECTOR('',#4324,1.);
#4324 = DIRECTION('',(0.,-1.,0.));
#4325 = ORIENTED_EDGE('',*,*,#4326,.T.);
#4326 = EDGE_CURVE('',#4319,#2664,#4327,.T.);
#4327 = LINE('',#4328,#4329);
#4328 = CARTESIAN_POINT('',(0.546815154978,-0.939558757694,
    9.999997615814E-02));
#4329 = VECTOR('',#4330,1.);
#4330 = DIRECTION('',(-0.,-0.,-1.));
#4331 = PLANE('',#4332);
#4332 = AXIS2_PLACEMENT_3D('',#4333,#4334,#4335);
#4333 = CARTESIAN_POINT('',(0.546815154978,-0.68453976567,
    9.999997615814E-02));
#4334 = DIRECTION('',(1.,0.,0.));
#4335 = DIRECTION('',(0.,0.,-1.));
#4336 = ADVANCED_FACE('',(#4337),#4348,.T.);
#4337 = FACE_BOUND('',#4338,.T.);
#4338 = EDGE_LOOP('',(#4339,#4340,#4341,#4347));
#4339 = ORIENTED_EDGE('',*,*,#2663,.F.);
#4340 = ORIENTED_EDGE('',*,*,#4326,.F.);
#4341 = ORIENTED_EDGE('',*,*,#4342,.T.);
#4342 = EDGE_CURVE('',#4319,#4215,#4343,.T.);
#4343 = LINE('',#4344,#4345);
#4344 = CARTESIAN_POINT('',(0.546815154978,-0.939558757694,
    9.999997615814E-02));
#4345 = VECTOR('',#4346,1.);
#4346 = DIRECTION('',(-1.,0.,0.));
#4347 = ORIENTED_EDGE('',*,*,#4214,.T.);
#4348 = PLANE('',#4349);
#4349 = AXIS2_PLACEMENT_3D('',#4350,#4351,#4352);
#4350 = CARTESIAN_POINT('',(0.546815154978,-0.939558757694,
    9.999997615814E-02));
#4351 = DIRECTION('',(0.,-1.,0.));
#4352 = DIRECTION('',(0.,0.,-1.));
#4353 = ADVANCED_FACE('',(#4354),#4362,.F.);
#4354 = FACE_BOUND('',#4355,.T.);
#4355 = EDGE_LOOP('',(#4356,#4357,#4358,#4359,#4360,#4361));
#4356 = ORIENTED_EDGE('',*,*,#4222,.F.);
#4357 = ORIENTED_EDGE('',*,*,#4342,.F.);
#4358 = ORIENTED_EDGE('',*,*,#4318,.F.);
#4359 = ORIENTED_EDGE('',*,*,#4294,.F.);
#4360 = ORIENTED_EDGE('',*,*,#4270,.F.);
#4361 = ORIENTED_EDGE('',*,*,#4246,.F.);
#4362 = PLANE('',#4363);
#4363 = AXIS2_PLACEMENT_3D('',#4364,#4365,#4366);
#4364 = CARTESIAN_POINT('',(-1.250004768372E-02,-0.458978965642,
    9.999997615814E-02));
#4365 = DIRECTION('',(0.,0.,1.));
#4366 = DIRECTION('',(1.,0.,-0.));
#4367 = ADVANCED_FACE('',(#4368),#4393,.T.);
#4368 = FACE_BOUND('',#4369,.T.);
#4369 = EDGE_LOOP('',(#4370,#4371,#4379,#4387));
#4370 = ORIENTED_EDGE('',*,*,#2731,.F.);
#4371 = ORIENTED_EDGE('',*,*,#4372,.F.);
#4372 = EDGE_CURVE('',#4373,#2716,#4375,.T.);
#4373 = VERTEX_POINT('',#4374);
#4374 = CARTESIAN_POINT('',(0.200967480864,-0.924711761583,
    9.999997615814E-02));
#4375 = LINE('',#4376,#4377);
#4376 = CARTESIAN_POINT('',(0.200967480864,-0.924711761583,
    9.999997615814E-02));
#4377 = VECTOR('',#4378,1.);
#4378 = DIRECTION('',(-0.,-0.,-1.));
#4379 = ORIENTED_EDGE('',*,*,#4380,.T.);
#4380 = EDGE_CURVE('',#4373,#4381,#4383,.T.);
#4381 = VERTEX_POINT('',#4382);
#4382 = CARTESIAN_POINT('',(0.200967480864,-0.95615245923,
    9.999997615814E-02));
#4383 = LINE('',#4384,#4385);
#4384 = CARTESIAN_POINT('',(0.200967480864,-0.924711761583,
    9.999997615814E-02));
#4385 = VECTOR('',#4386,1.);
#4386 = DIRECTION('',(0.,-1.,0.));
#4387 = ORIENTED_EDGE('',*,*,#4388,.T.);
#4388 = EDGE_CURVE('',#4381,#2732,#4389,.T.);
#4389 = LINE('',#4390,#4391);
#4390 = CARTESIAN_POINT('',(0.200967480864,-0.95615245923,
    9.999997615814E-02));
#4391 = VECTOR('',#4392,1.);
#4392 = DIRECTION('',(-0.,-0.,-1.));
#4393 = PLANE('',#4394);
#4394 = AXIS2_PLACEMENT_3D('',#4395,#4396,#4397);
#4395 = CARTESIAN_POINT('',(0.200967480864,-0.924711761583,
    9.999997615814E-02));
#4396 = DIRECTION('',(1.,0.,0.));
#4397 = DIRECTION('',(0.,0.,-1.));
#4398 = ADVANCED_FACE('',(#4399),#4425,.T.);
#4399 = FACE_BOUND('',#4400,.T.);
#4400 = EDGE_LOOP('',(#4401,#4402,#4403,#4419));
#4401 = ORIENTED_EDGE('',*,*,#2739,.F.);
#4402 = ORIENTED_EDGE('',*,*,#4388,.F.);
#4403 = ORIENTED_EDGE('',*,*,#4404,.T.);
#4404 = EDGE_CURVE('',#4381,#4405,#4407,.T.);
#4405 = VERTEX_POINT('',#4406);
#4406 = CARTESIAN_POINT('',(0.279787563159,-0.97449286619,
    9.999997615814E-02));
#4407 = B_SPLINE_CURVE_WITH_KNOTS('',3,(#4408,#4409,#4410,#4411,#4412,
    #4413,#4414,#4415,#4416,#4417,#4418),.UNSPECIFIED.,.F.,.F.,(4,1,1,1,
    1,1,1,1,4),(0.,0.112448389909,0.226527675213,0.344401949326,
    0.465864972487,0.591659449352,0.722168487025,0.858606387555,1.),
  .UNSPECIFIED.);
#4408 = CARTESIAN_POINT('',(0.200967480864,-0.95615245923,
    9.999997615814E-02));
#4409 = CARTESIAN_POINT('',(0.203655444074,-0.957636105483,
    9.999997615814E-02));
#4410 = CARTESIAN_POINT('',(0.209070355371,-0.960624916055,
    9.999997615814E-02));
#4411 = CARTESIAN_POINT('',(0.217729935678,-0.964312823913,
    9.999997615814E-02));
#4412 = CARTESIAN_POINT('',(0.226841912732,-0.967493818004,
    9.999997615814E-02));
#4413 = CARTESIAN_POINT('',(0.236486040095,-0.970030375461,
    9.999997615814E-02));
#4414 = CARTESIAN_POINT('',(0.246598206449,-0.972068941708,
    9.999997615814E-02));
#4415 = CARTESIAN_POINT('',(0.257231993819,-0.973449735674,
    9.999997615814E-02));
#4416 = CARTESIAN_POINT('',(0.268345274518,-0.974358667403,
    9.999997615814E-02));
#4417 = CARTESIAN_POINT('',(0.275928380043,-0.974447604468,
    9.999997615814E-02));
#4418 = CARTESIAN_POINT('',(0.279787563159,-0.97449286619,
    9.999997615814E-02));
#4419 = ORIENTED_EDGE('',*,*,#4420,.T.);
#4420 = EDGE_CURVE('',#4405,#2740,#4421,.T.);
#4421 = LINE('',#4422,#4423);
#4422 = CARTESIAN_POINT('',(0.279787563159,-0.97449286619,
    9.999997615814E-02));
#4423 = VECTOR('',#4424,1.);
#4424 = DIRECTION('',(-0.,-0.,-1.));
#4425 = B_SPLINE_SURFACE_WITH_KNOTS('',3,1,(
    (#4426,#4427)
    ,(#4428,#4429)
    ,(#4430,#4431)
    ,(#4432,#4433)
    ,(#4434,#4435)
    ,(#4436,#4437)
    ,(#4438,#4439)
    ,(#4440,#4441)
    ,(#4442,#4443)
    ,(#4444,#4445)
    ,(#4446,#4447
  )),.UNSPECIFIED.,.F.,.F.,.F.,(4,1,1,1,1,1,1,1,4),(2,2),(0.,
    0.112448389909,0.226527675213,0.344401949326,0.465864972487,
    0.591659449352,0.722168487025,0.858606387555,1.),(0.,1.),
  .UNSPECIFIED.);
#4426 = CARTESIAN_POINT('',(0.200967480864,-0.95615245923,
    9.999997615814E-02));
#4427 = CARTESIAN_POINT('',(0.200967480864,-0.95615245923,
    -2.384185759929E-08));
#4428 = CARTESIAN_POINT('',(0.203655444074,-0.957636105483,
    9.999997615814E-02));
#4429 = CARTESIAN_POINT('',(0.203655444074,-0.957636105483,
    -2.384185737725E-08));
#4430 = CARTESIAN_POINT('',(0.209070355371,-0.960624916055,
    9.999997615814E-02));
#4431 = CARTESIAN_POINT('',(0.209070355371,-0.960624916055,
    -2.384185737725E-08));
#4432 = CARTESIAN_POINT('',(0.217729935678,-0.964312823913,
    9.999997615814E-02));
#4433 = CARTESIAN_POINT('',(0.217729935678,-0.964312823913,
    -2.384185782134E-08));
#4434 = CARTESIAN_POINT('',(0.226841912732,-0.967493818004,
    9.999997615814E-02));
#4435 = CARTESIAN_POINT('',(0.226841912732,-0.967493818004,
    -2.38418571552E-08));
#4436 = CARTESIAN_POINT('',(0.236486040095,-0.970030375461,
    9.999997615814E-02));
#4437 = CARTESIAN_POINT('',(0.236486040095,-0.970030375461,
    -2.384185782134E-08));
#4438 = CARTESIAN_POINT('',(0.246598206449,-0.972068941708,
    9.999997615814E-02));
#4439 = CARTESIAN_POINT('',(0.246598206449,-0.972068941708,
    -2.384185782134E-08));
#4440 = CARTESIAN_POINT('',(0.257231993819,-0.973449735674,
    9.999997615814E-02));
#4441 = CARTESIAN_POINT('',(0.257231993819,-0.973449735674,
    -2.38418571552E-08));
#4442 = CARTESIAN_POINT('',(0.268345274518,-0.974358667403,
    9.999997615814E-02));
#4443 = CARTESIAN_POINT('',(0.268345274518,-0.974358667403,
    -2.384185804338E-08));
#4444 = CARTESIAN_POINT('',(0.275928380043,-0.974447604468,
    9.999997615814E-02));
#4445 = CARTESIAN_POINT('',(0.275928380043,-0.974447604468,
    -2.384185737725E-08));
#4446 = CARTESIAN_POINT('',(0.279787563159,-0.97449286619,
    9.999997615814E-02));
#4447 = CARTESIAN_POINT('',(0.279787563159,-0.97449286619,
    -2.384185759929E-08));
#4448 = ADVANCED_FACE('',(#4449),#4483,.T.);
#4449 = FACE_BOUND('',#4450,.T.);
#4450 = EDGE_LOOP('',(#4451,#4452,#4453,#4477));
#4451 = ORIENTED_EDGE('',*,*,#2755,.F.);
#4452 = ORIENTED_EDGE('',*,*,#4420,.F.);
#4453 = ORIENTED_EDGE('',*,*,#4454,.T.);
#4454 = EDGE_CURVE('',#4405,#4455,#4457,.T.);
#4455 = VERTEX_POINT('',#4456);
#4456 = CARTESIAN_POINT('',(0.414065542692,-0.833173480414,
    9.999997615814E-02));
#4457 = B_SPLINE_CURVE_WITH_KNOTS('',3,(#4458,#4459,#4460,#4461,#4462,
    #4463,#4464,#4465,#4466,#4467,#4468,#4469,#4470,#4471,#4472,#4473,
    #4474,#4475,#4476),.UNSPECIFIED.,.F.,.F.,(4,1,1,1,1,1,1,1,1,1,1,1,1,
    1,1,1,4),(0.,6.783324845577E-02,0.132655536508,0.195050884051,
    0.255582933069,0.314799834147,0.373600472826,0.432545595327,
    0.492430629284,0.552671255963,0.612513044188,0.672610250357,
    0.733838369314,0.796594238568,0.861449799291,0.929198942351,1.),
  .UNSPECIFIED.);
#4458 = CARTESIAN_POINT('',(0.279787563159,-0.97449286619,
    9.999997615814E-02));
#4459 = CARTESIAN_POINT('',(0.284760234544,-0.974381961292,
    9.999997615814E-02));
#4460 = CARTESIAN_POINT('',(0.294484851977,-0.974165074306,
    9.999997615814E-02));
#4461 = CARTESIAN_POINT('',(0.308691093213,-0.972340740802,
    9.999997615814E-02));
#4462 = CARTESIAN_POINT('',(0.3221307153,-0.969294953885,
    9.999997615814E-02));
#4463 = CARTESIAN_POINT('',(0.334799050246,-0.965015511293,
    9.999997615814E-02));
#4464 = CARTESIAN_POINT('',(0.346740417824,-0.959607989474,
    9.999997615814E-02));
#4465 = CARTESIAN_POINT('',(0.357892960559,-0.952923759014,
    9.999997615814E-02));
#4466 = CARTESIAN_POINT('',(0.368182875826,-0.944910179426,
    9.999997615814E-02));
#4467 = CARTESIAN_POINT('',(0.377746326261,-0.935890282516,
    9.999997615814E-02));
#4468 = CARTESIAN_POINT('',(0.386279488226,-0.92579827698,
    9.999997615814E-02));
#4469 = CARTESIAN_POINT('',(0.393748661184,-0.914882247873,
    9.999997615814E-02));
#4470 = CARTESIAN_POINT('',(0.400067546164,-0.903176147814,
    9.999997615814E-02));
#4471 = CARTESIAN_POINT('',(0.405194894308,-0.890673550294,
    9.999997615814E-02));
#4472 = CARTESIAN_POINT('',(0.409190615509,-0.877399834541,
    9.999997615814E-02));
#4473 = CARTESIAN_POINT('',(0.411984897101,-0.86334305234,
    9.999997615814E-02));
#4474 = CARTESIAN_POINT('',(0.413800804405,-0.848522925119,
    9.999997615814E-02));
#4475 = CARTESIAN_POINT('',(0.413976010148,-0.838364549853,
    9.999997615814E-02));
#4476 = CARTESIAN_POINT('',(0.414065542692,-0.833173480414,
    9.999997615814E-02));
#4477 = ORIENTED_EDGE('',*,*,#4478,.T.);
#4478 = EDGE_CURVE('',#4455,#2756,#4479,.T.);
#4479 = LINE('',#4480,#4481);
#4480 = CARTESIAN_POINT('',(0.414065542692,-0.833173480414,
    9.999997615814E-02));
#4481 = VECTOR('',#4482,1.);
#4482 = DIRECTION('',(-0.,-0.,-1.));
#4483 = B_SPLINE_SURFACE_WITH_KNOTS('',3,1,(
    (#4484,#4485)
    ,(#4486,#4487)
    ,(#4488,#4489)
    ,(#4490,#4491)
    ,(#4492,#4493)
    ,(#4494,#4495)
    ,(#4496,#4497)
    ,(#4498,#4499)
    ,(#4500,#4501)
    ,(#4502,#4503)
    ,(#4504,#4505)
    ,(#4506,#4507)
    ,(#4508,#4509)
    ,(#4510,#4511)
    ,(#4512,#4513)
    ,(#4514,#4515)
    ,(#4516,#4517)
    ,(#4518,#4519)
    ,(#4520,#4521
    )),.UNSPECIFIED.,.F.,.F.,.F.,(4,1,1,1,1,1,1,1,1,1,1,1,1,1,1,1,4),(2,
    2),(0.,6.783324845577E-02,0.132655536508,0.195050884051,
    0.255582933069,0.314799834147,0.373600472826,0.432545595327,
    0.492430629284,0.552671255963,0.612513044188,0.672610250357,
    0.733838369314,0.796594238568,0.861449799291,0.929198942351,1.),(0.,
    1.),.UNSPECIFIED.);
#4484 = CARTESIAN_POINT('',(0.279787563159,-0.97449286619,
    9.999997615814E-02));
#4485 = CARTESIAN_POINT('',(0.279787563159,-0.97449286619,
    -2.384185759929E-08));
#4486 = CARTESIAN_POINT('',(0.284760234544,-0.974381961292,
    9.999997615814E-02));
#4487 = CARTESIAN_POINT('',(0.284760234544,-0.974381961292,
    -2.384185737725E-08));
#4488 = CARTESIAN_POINT('',(0.294484851977,-0.974165074306,
    9.999997615814E-02));
#4489 = CARTESIAN_POINT('',(0.294484851977,-0.974165074306,
    -2.384185737725E-08));
#4490 = CARTESIAN_POINT('',(0.308691093213,-0.972340740802,
    9.999997615814E-02));
#4491 = CARTESIAN_POINT('',(0.308691093213,-0.972340740802,
    -2.384185759929E-08));
#4492 = CARTESIAN_POINT('',(0.3221307153,-0.969294953885,
    9.999997615814E-02));
#4493 = CARTESIAN_POINT('',(0.3221307153,-0.969294953885,
    -2.384185782134E-08));
#4494 = CARTESIAN_POINT('',(0.334799050246,-0.965015511293,
    9.999997615814E-02));
#4495 = CARTESIAN_POINT('',(0.334799050246,-0.965015511293,
    -2.384185804338E-08));
#4496 = CARTESIAN_POINT('',(0.346740417824,-0.959607989474,
    9.999997615814E-02));
#4497 = CARTESIAN_POINT('',(0.346740417824,-0.959607989474,
    -2.384185782134E-08));
#4498 = CARTESIAN_POINT('',(0.357892960559,-0.952923759014,
    9.999997615814E-02));
#4499 = CARTESIAN_POINT('',(0.357892960559,-0.952923759014,
    -2.384185737725E-08));
#4500 = CARTESIAN_POINT('',(0.368182875826,-0.944910179426,
    9.999997615814E-02));
#4501 = CARTESIAN_POINT('',(0.368182875826,-0.944910179426,
    -2.384185759929E-08));
#4502 = CARTESIAN_POINT('',(0.377746326261,-0.935890282516,
    9.999997615814E-02));
#4503 = CARTESIAN_POINT('',(0.377746326261,-0.935890282516,
    -2.384185782134E-08));
#4504 = CARTESIAN_POINT('',(0.386279488226,-0.92579827698,
    9.999997615814E-02));
#4505 = CARTESIAN_POINT('',(0.386279488226,-0.92579827698,
    -2.384185737725E-08));
#4506 = CARTESIAN_POINT('',(0.393748661184,-0.914882247873,
    9.999997615814E-02));
#4507 = CARTESIAN_POINT('',(0.393748661184,-0.914882247873,
    -2.384185782134E-08));
#4508 = CARTESIAN_POINT('',(0.400067546164,-0.903176147814,
    9.999997615814E-02));
#4509 = CARTESIAN_POINT('',(0.400067546164,-0.903176147814,
    -2.384185782134E-08));
#4510 = CARTESIAN_POINT('',(0.405194894308,-0.890673550294,
    9.999997615814E-02));
#4511 = CARTESIAN_POINT('',(0.405194894308,-0.890673550294,
    -2.38418571552E-08));
#4512 = CARTESIAN_POINT('',(0.409190615509,-0.877399834541,
    9.999997615814E-02));
#4513 = CARTESIAN_POINT('',(0.409190615509,-0.877399834541,
    -2.384185826543E-08));
#4514 = CARTESIAN_POINT('',(0.411984897101,-0.86334305234,
    9.999997615814E-02));
#4515 = CARTESIAN_POINT('',(0.411984897101,-0.86334305234,
    -2.384185737725E-08));
#4516 = CARTESIAN_POINT('',(0.413800804405,-0.848522925119,
    9.999997615814E-02));
#4517 = CARTESIAN_POINT('',(0.413800804405,-0.848522925119,
    -2.384185782134E-08));
#4518 = CARTESIAN_POINT('',(0.413976010148,-0.838364549853,
    9.999997615814E-02));
#4519 = CARTESIAN_POINT('',(0.413976010148,-0.838364549853,
    -2.384185759929E-08));
#4520 = CARTESIAN_POINT('',(0.414065542692,-0.833173480414,
    9.999997615814E-02));
#4521 = CARTESIAN_POINT('',(0.414065542692,-0.833173480414,
    -2.384185759929E-08));
#4522 = ADVANCED_FACE('',(#4523),#4557,.T.);
#4523 = FACE_BOUND('',#4524,.T.);
#4524 = EDGE_LOOP('',(#4525,#4526,#4527,#4551));
#4525 = ORIENTED_EDGE('',*,*,#2779,.F.);
#4526 = ORIENTED_EDGE('',*,*,#4478,.F.);
#4527 = ORIENTED_EDGE('',*,*,#4528,.T.);
#4528 = EDGE_CURVE('',#4455,#4529,#4531,.T.);
#4529 = VERTEX_POINT('',#4530);
#4530 = CARTESIAN_POINT('',(0.268379393353,-0.681046354821,
    9.999997615814E-02));
#4531 = B_SPLINE_CURVE_WITH_KNOTS('',3,(#4532,#4533,#4534,#4535,#4536,
    #4537,#4538,#4539,#4540,#4541,#4542,#4543,#4544,#4545,#4546,#4547,
    #4548,#4549,#4550),.UNSPECIFIED.,.F.,.F.,(4,1,1,1,1,1,1,1,1,1,1,1,1,
    1,1,1,4),(0.,7.064371857535E-02,0.138256715509,0.203364124218,
    0.266324093803,0.327904761543,0.388737715173,0.449423528109,
    0.510861011459,0.572079396048,0.631734428731,0.691117210579,
    0.75036002949,0.810032900531,0.871362450829,0.934427141231,1.),
  .UNSPECIFIED.);
#4532 = CARTESIAN_POINT('',(0.414065542692,-0.833173480414,
    9.999997615814E-02));
#4533 = CARTESIAN_POINT('',(0.413940782778,-0.827600260739,
    9.999997615814E-02));
#4534 = CARTESIAN_POINT('',(0.413696615338,-0.816692920885,
    9.999997615814E-02));
#4535 = CARTESIAN_POINT('',(0.411755817801,-0.800743716666,
    9.999997615814E-02));
#4536 = CARTESIAN_POINT('',(0.408571285993,-0.785620365112,
    9.999997615814E-02));
#4537 = CARTESIAN_POINT('',(0.404013802754,-0.771345823059,
    9.999997615814E-02));
#4538 = CARTESIAN_POINT('',(0.398210218182,-0.757900797539,
    9.999997615814E-02));
#4539 = CARTESIAN_POINT('',(0.391155599807,-0.745267398742,
    9.999997615814E-02));
#4540 = CARTESIAN_POINT('',(0.382735317414,-0.733510717877,
    9.999997615814E-02));
#4541 = CARTESIAN_POINT('',(0.373083466521,-0.722710664495,
    9.999997615814E-02));
#4542 = CARTESIAN_POINT('',(0.362519419056,-0.712921332427,
    9.999997615814E-02));
#4543 = CARTESIAN_POINT('',(0.35112085652,-0.704378983364,
    9.999997615814E-02));
#4544 = CARTESIAN_POINT('',(0.339025273755,-0.697159984658,
    9.999997615814E-02));
#4545 = CARTESIAN_POINT('',(0.326249791466,-0.691216732025,
    9.999997615814E-02));
#4546 = CARTESIAN_POINT('',(0.31274744486,-0.68667999462,
    9.999997615814E-02));
#4547 = CARTESIAN_POINT('',(0.298581407693,-0.683421830329,
    9.999997615814E-02));
#4548 = CARTESIAN_POINT('',(0.283702892471,-0.681402882949,
    9.999997615814E-02));
#4549 = CARTESIAN_POINT('',(0.273553192503,-0.681166732348,
    9.999997615814E-02));
#4550 = CARTESIAN_POINT('',(0.268379393353,-0.681046354821,
    9.999997615814E-02));
#4551 = ORIENTED_EDGE('',*,*,#4552,.T.);
#4552 = EDGE_CURVE('',#4529,#2780,#4553,.T.);
#4553 = LINE('',#4554,#4555);
#4554 = CARTESIAN_POINT('',(0.268379393353,-0.681046354821,
    9.999997615814E-02));
#4555 = VECTOR('',#4556,1.);
#4556 = DIRECTION('',(-0.,-0.,-1.));
#4557 = B_SPLINE_SURFACE_WITH_KNOTS('',3,1,(
    (#4558,#4559)
    ,(#4560,#4561)
    ,(#4562,#4563)
    ,(#4564,#4565)
    ,(#4566,#4567)
    ,(#4568,#4569)
    ,(#4570,#4571)
    ,(#4572,#4573)
    ,(#4574,#4575)
    ,(#4576,#4577)
    ,(#4578,#4579)
    ,(#4580,#4581)
    ,(#4582,#4583)
    ,(#4584,#4585)
    ,(#4586,#4587)
    ,(#4588,#4589)
    ,(#4590,#4591)
    ,(#4592,#4593)
    ,(#4594,#4595
    )),.UNSPECIFIED.,.F.,.F.,.F.,(4,1,1,1,1,1,1,1,1,1,1,1,1,1,1,1,4),(2,
    2),(0.,7.064371857535E-02,0.138256715509,0.203364124218,
    0.266324093803,0.327904761543,0.388737715173,0.449423528109,
    0.510861011459,0.572079396048,0.631734428731,0.691117210579,
    0.75036002949,0.810032900531,0.871362450829,0.934427141231,1.),(0.,
    1.),.UNSPECIFIED.);
#4558 = CARTESIAN_POINT('',(0.414065542692,-0.833173480414,
    9.999997615814E-02));
#4559 = CARTESIAN_POINT('',(0.414065542692,-0.833173480414,
    -2.384185782134E-08));
#4560 = CARTESIAN_POINT('',(0.413940782778,-0.827600260739,
    9.999997615814E-02));
#4561 = CARTESIAN_POINT('',(0.413940782778,-0.827600260739,
    -2.384185782134E-08));
#4562 = CARTESIAN_POINT('',(0.413696615338,-0.816692920885,
    9.999997615814E-02));
#4563 = CARTESIAN_POINT('',(0.413696615338,-0.816692920885,
    -2.384185759929E-08));
#4564 = CARTESIAN_POINT('',(0.411755817801,-0.800743716666,
    9.999997615814E-02));
#4565 = CARTESIAN_POINT('',(0.411755817801,-0.800743716666,
    -2.384185804338E-08));
#4566 = CARTESIAN_POINT('',(0.408571285993,-0.785620365112,
    9.999997615814E-02));
#4567 = CARTESIAN_POINT('',(0.408571285993,-0.785620365112,
    -2.384185693316E-08));
#4568 = CARTESIAN_POINT('',(0.404013802754,-0.771345823059,
    9.999997615814E-02));
#4569 = CARTESIAN_POINT('',(0.404013802754,-0.771345823059,
    -2.384185826543E-08));
#4570 = CARTESIAN_POINT('',(0.398210218182,-0.757900797539,
    9.999997615814E-02));
#4571 = CARTESIAN_POINT('',(0.398210218182,-0.757900797539,
    -2.384185737725E-08));
#4572 = CARTESIAN_POINT('',(0.391155599807,-0.745267398742,
    9.999997615814E-02));
#4573 = CARTESIAN_POINT('',(0.391155599807,-0.745267398742,
    -2.384185782134E-08));
#4574 = CARTESIAN_POINT('',(0.382735317414,-0.733510717877,
    9.999997615814E-02));
#4575 = CARTESIAN_POINT('',(0.382735317414,-0.733510717877,
    -2.384185782134E-08));
#4576 = CARTESIAN_POINT('',(0.373083466521,-0.722710664495,
    9.999997615814E-02));
#4577 = CARTESIAN_POINT('',(0.373083466521,-0.722710664495,
    -2.384185737725E-08));
#4578 = CARTESIAN_POINT('',(0.362519419056,-0.712921332427,
    9.999997615814E-02));
#4579 = CARTESIAN_POINT('',(0.362519419056,-0.712921332427,
    -2.38418571552E-08));
#4580 = CARTESIAN_POINT('',(0.35112085652,-0.704378983364,
    9.999997615814E-02));
#4581 = CARTESIAN_POINT('',(0.35112085652,-0.704378983364,
    -2.384185826543E-08));
#4582 = CARTESIAN_POINT('',(0.339025273755,-0.697159984658,
    9.999997615814E-02));
#4583 = CARTESIAN_POINT('',(0.339025273755,-0.697159984658,
    -2.38418571552E-08));
#4584 = CARTESIAN_POINT('',(0.326249791466,-0.691216732025,
    9.999997615814E-02));
#4585 = CARTESIAN_POINT('',(0.326249791466,-0.691216732025,
    -2.384185782134E-08));
#4586 = CARTESIAN_POINT('',(0.31274744486,-0.68667999462,
    9.999997615814E-02));
#4587 = CARTESIAN_POINT('',(0.31274744486,-0.68667999462,
    -2.384185782134E-08));
#4588 = CARTESIAN_POINT('',(0.298581407693,-0.683421830329,
    9.999997615814E-02));
#4589 = CARTESIAN_POINT('',(0.298581407693,-0.683421830329,
    -2.384185737725E-08));
#4590 = CARTESIAN_POINT('',(0.283702892471,-0.681402882949,
    9.999997615814E-02));
#4591 = CARTESIAN_POINT('',(0.283702892471,-0.681402882949,
    -2.384185782134E-08));
#4592 = CARTESIAN_POINT('',(0.273553192503,-0.681166732348,
    9.999997615814E-02));
#4593 = CARTESIAN_POINT('',(0.273553192503,-0.681166732348,
    -2.384185782134E-08));
#4594 = CARTESIAN_POINT('',(0.268379393353,-0.681046354821,
    9.999997615814E-02));
#4595 = CARTESIAN_POINT('',(0.268379393353,-0.681046354821,
    -2.384185759929E-08));
#4596 = ADVANCED_FACE('',(#4597),#4623,.T.);
#4597 = FACE_BOUND('',#4598,.T.);
#4598 = EDGE_LOOP('',(#4599,#4600,#4601,#4617));
#4599 = ORIENTED_EDGE('',*,*,#2803,.F.);
#4600 = ORIENTED_EDGE('',*,*,#4552,.F.);
#4601 = ORIENTED_EDGE('',*,*,#4602,.T.);
#4602 = EDGE_CURVE('',#4529,#4603,#4605,.T.);
#4603 = VERTEX_POINT('',#4604);
#4604 = CARTESIAN_POINT('',(0.200967480864,-0.692399940082,
    9.999997615814E-02));
#4605 = B_SPLINE_CURVE_WITH_KNOTS('',3,(#4606,#4607,#4608,#4609,#4610,
    #4611,#4612,#4613,#4614,#4615,#4616),.UNSPECIFIED.,.F.,.F.,(4,1,1,1,
    1,1,1,1,4),(0.,0.145186866472,0.28344261092,0.416524365929,
    0.543181123535,0.665153082638,0.781360206313,0.892756655642,1.),
  .UNSPECIFIED.);
#4606 = CARTESIAN_POINT('',(0.268379393353,-0.681046354821,
    9.999997615814E-02));
#4607 = CARTESIAN_POINT('',(0.265048766467,-0.681070229642,
    9.999997615814E-02));
#4608 = CARTESIAN_POINT('',(0.258546514552,-0.681116839517,
    9.999997615814E-02));
#4609 = CARTESIAN_POINT('',(0.249007623172,-0.681701331657,
    9.999997615814E-02));
#4610 = CARTESIAN_POINT('',(0.239913308018,-0.682527397962,
    9.999997615814E-02));
#4611 = CARTESIAN_POINT('',(0.231250408543,-0.683815498829,
    9.999997615814E-02));
#4612 = CARTESIAN_POINT('',(0.223019370501,-0.685348848623,
    9.999997615814E-02));
#4613 = CARTESIAN_POINT('',(0.2152510286,-0.687347643602,
    9.999997615814E-02));
#4614 = CARTESIAN_POINT('',(0.207896549515,-0.689587278351,
    9.999997615814E-02));
#4615 = CARTESIAN_POINT('',(0.203247735375,-0.691474334503,
    9.999997615814E-02));
#4616 = CARTESIAN_POINT('',(0.200967480864,-0.692399940082,
    9.999997615814E-02));
#4617 = ORIENTED_EDGE('',*,*,#4618,.T.);
#4618 = EDGE_CURVE('',#4603,#2804,#4619,.T.);
#4619 = LINE('',#4620,#4621);
#4620 = CARTESIAN_POINT('',(0.200967480864,-0.692399940082,
    9.999997615814E-02));
#4621 = VECTOR('',#4622,1.);
#4622 = DIRECTION('',(-0.,-0.,-1.));
#4623 = B_SPLINE_SURFACE_WITH_KNOTS('',3,1,(
    (#4624,#4625)
    ,(#4626,#4627)
    ,(#4628,#4629)
    ,(#4630,#4631)
    ,(#4632,#4633)
    ,(#4634,#4635)
    ,(#4636,#4637)
    ,(#4638,#4639)
    ,(#4640,#4641)
    ,(#4642,#4643)
    ,(#4644,#4645
  )),.UNSPECIFIED.,.F.,.F.,.F.,(4,1,1,1,1,1,1,1,4),(2,2),(0.,
    0.145186866472,0.28344261092,0.416524365929,0.543181123535,
    0.665153082638,0.781360206313,0.892756655642,1.),(0.,1.),
  .UNSPECIFIED.);
#4624 = CARTESIAN_POINT('',(0.268379393353,-0.681046354821,
    9.999997615814E-02));
#4625 = CARTESIAN_POINT('',(0.268379393353,-0.681046354821,
    -2.384185759929E-08));
#4626 = CARTESIAN_POINT('',(0.265048766467,-0.681070229642,
    9.999997615814E-02));
#4627 = CARTESIAN_POINT('',(0.265048766467,-0.681070229642,
    -2.384185737725E-08));
#4628 = CARTESIAN_POINT('',(0.258546514552,-0.681116839517,
    9.999997615814E-02));
#4629 = CARTESIAN_POINT('',(0.258546514552,-0.681116839517,
    -2.384185759929E-08));
#4630 = CARTESIAN_POINT('',(0.249007623172,-0.681701331657,
    9.999997615814E-02));
#4631 = CARTESIAN_POINT('',(0.249007623172,-0.681701331657,
    -2.384185759929E-08));
#4632 = CARTESIAN_POINT('',(0.239913308018,-0.682527397962,
    9.999997615814E-02));
#4633 = CARTESIAN_POINT('',(0.239913308018,-0.682527397962,
    -2.384185759929E-08));
#4634 = CARTESIAN_POINT('',(0.231250408543,-0.683815498829,
    9.999997615814E-02));
#4635 = CARTESIAN_POINT('',(0.231250408543,-0.683815498829,
    -2.384185826543E-08));
#4636 = CARTESIAN_POINT('',(0.223019370501,-0.685348848623,
    9.999997615814E-02));
#4637 = CARTESIAN_POINT('',(0.223019370501,-0.685348848623,
    -2.384185737725E-08));
#4638 = CARTESIAN_POINT('',(0.2152510286,-0.687347643602,
    9.999997615814E-02));
#4639 = CARTESIAN_POINT('',(0.2152510286,-0.687347643602,
    -2.384185870952E-08));
#4640 = CARTESIAN_POINT('',(0.207896549515,-0.689587278351,
    9.999997615814E-02));
#4641 = CARTESIAN_POINT('',(0.207896549515,-0.689587278351,
    -2.384185737725E-08));
#4642 = CARTESIAN_POINT('',(0.203247735375,-0.691474334503,
    9.999997615814E-02));
#4643 = CARTESIAN_POINT('',(0.203247735375,-0.691474334503,
    -2.384185759929E-08));
#4644 = CARTESIAN_POINT('',(0.200967480864,-0.692399940082,
    9.999997615814E-02));
#4645 = CARTESIAN_POINT('',(0.200967480864,-0.692399940082,
    -2.384185782134E-08));
#4646 = ADVANCED_FACE('',(#4647),#4665,.T.);
#4647 = FACE_BOUND('',#4648,.T.);
#4648 = EDGE_LOOP('',(#4649,#4650,#4651,#4659));
#4649 = ORIENTED_EDGE('',*,*,#2819,.F.);
#4650 = ORIENTED_EDGE('',*,*,#4618,.F.);
#4651 = ORIENTED_EDGE('',*,*,#4652,.T.);
#4652 = EDGE_CURVE('',#4603,#4653,#4655,.T.);
#4653 = VERTEX_POINT('',#4654);
#4654 = CARTESIAN_POINT('',(0.200967480864,-0.730827459428,
    9.999997615814E-02));
#4655 = LINE('',#4656,#4657);
#4656 = CARTESIAN_POINT('',(0.200967480864,-0.692399940082,
    9.999997615814E-02));
#4657 = VECTOR('',#4658,1.);
#4658 = DIRECTION('',(0.,-1.,0.));
#4659 = ORIENTED_EDGE('',*,*,#4660,.T.);
#4660 = EDGE_CURVE('',#4653,#2820,#4661,.T.);
#4661 = LINE('',#4662,#4663);
#4662 = CARTESIAN_POINT('',(0.200967480864,-0.730827459428,
    9.999997615814E-02));
#4663 = VECTOR('',#4664,1.);
#4664 = DIRECTION('',(-0.,-0.,-1.));
#4665 = PLANE('',#4666);
#4666 = AXIS2_PLACEMENT_3D('',#4667,#4668,#4669);
#4667 = CARTESIAN_POINT('',(0.200967480864,-0.692399940082,
    9.999997615814E-02));
#4668 = DIRECTION('',(1.,0.,0.));
#4669 = DIRECTION('',(0.,0.,-1.));
#4670 = ADVANCED_FACE('',(#4671),#4697,.T.);
#4671 = FACE_BOUND('',#4672,.T.);
#4672 = EDGE_LOOP('',(#4673,#4674,#4675,#4691));
#4673 = ORIENTED_EDGE('',*,*,#2827,.F.);
#4674 = ORIENTED_EDGE('',*,*,#4660,.F.);
#4675 = ORIENTED_EDGE('',*,*,#4676,.T.);
#4676 = EDGE_CURVE('',#4653,#4677,#4679,.T.);
#4677 = VERTEX_POINT('',#4678);
#4678 = CARTESIAN_POINT('',(0.268051886086,-0.712487052468,
    9.999997615814E-02));
#4679 = B_SPLINE_CURVE_WITH_KNOTS('',3,(#4680,#4681,#4682,#4683,#4684,
    #4685,#4686,#4687,#4688,#4689,#4690),.UNSPECIFIED.,.F.,.F.,(4,1,1,1,
    1,1,1,1,4),(0.,0.125279696736,0.249419970742,0.373356799493,
    0.496681278782,0.620202915744,0.745086320161,0.871269195019,1.),
  .UNSPECIFIED.);
#4680 = CARTESIAN_POINT('',(0.200967480864,-0.730827459428,
    9.999997615814E-02));
#4681 = CARTESIAN_POINT('',(0.203511353375,-0.729349277874,
    9.999997615814E-02));
#4682 = CARTESIAN_POINT('',(0.208575961798,-0.726406358874,
    9.999997615814E-02));
#4683 = CARTESIAN_POINT('',(0.216541670029,-0.722727130941,
    9.999997615814E-02));
#4684 = CARTESIAN_POINT('',(0.224660866666,-0.719535930416,
    9.999997615814E-02));
#4685 = CARTESIAN_POINT('',(0.232990390144,-0.716988444159,
    9.999997615814E-02));
#4686 = CARTESIAN_POINT('',(0.241477816917,-0.714931329454,
    9.999997615814E-02));
#4687 = CARTESIAN_POINT('',(0.250167653342,-0.713551564644,
    9.999997615814E-02));
#4688 = CARTESIAN_POINT('',(0.259043435256,-0.712623253752,
    9.999997615814E-02));
#4689 = CARTESIAN_POINT('',(0.265029126284,-0.712532754417,
    9.999997615814E-02));
#4690 = CARTESIAN_POINT('',(0.268051886086,-0.712487052468,
    9.999997615814E-02));
#4691 = ORIENTED_EDGE('',*,*,#4692,.T.);
#4692 = EDGE_CURVE('',#4677,#2828,#4693,.T.);
#4693 = LINE('',#4694,#4695);
#4694 = CARTESIAN_POINT('',(0.268051886086,-0.712487052468,
    9.999997615814E-02));
#4695 = VECTOR('',#4696,1.);
#4696 = DIRECTION('',(-0.,-0.,-1.));
#4697 = B_SPLINE_SURFACE_WITH_KNOTS('',3,1,(
    (#4698,#4699)
    ,(#4700,#4701)
    ,(#4702,#4703)
    ,(#4704,#4705)
    ,(#4706,#4707)
    ,(#4708,#4709)
    ,(#4710,#4711)
    ,(#4712,#4713)
    ,(#4714,#4715)
    ,(#4716,#4717)
    ,(#4718,#4719
  )),.UNSPECIFIED.,.F.,.F.,.F.,(4,1,1,1,1,1,1,1,4),(2,2),(0.,
    0.125279696736,0.249419970742,0.373356799493,0.496681278782,
    0.620202915744,0.745086320161,0.871269195019,1.),(0.,1.),
  .UNSPECIFIED.);
#4698 = CARTESIAN_POINT('',(0.200967480864,-0.730827459428,
    9.999997615814E-02));
#4699 = CARTESIAN_POINT('',(0.200967480864,-0.730827459428,
    -2.384185759929E-08));
#4700 = CARTESIAN_POINT('',(0.203511353375,-0.729349277874,
    9.999997615814E-02));
#4701 = CARTESIAN_POINT('',(0.203511353375,-0.729349277874,
    -2.384185759929E-08));
#4702 = CARTESIAN_POINT('',(0.208575961798,-0.726406358874,
    9.999997615814E-02));
#4703 = CARTESIAN_POINT('',(0.208575961798,-0.726406358874,
    -2.384185782134E-08));
#4704 = CARTESIAN_POINT('',(0.216541670029,-0.722727130941,
    9.999997615814E-02));
#4705 = CARTESIAN_POINT('',(0.216541670029,-0.722727130941,
    -2.384185759929E-08));
#4706 = CARTESIAN_POINT('',(0.224660866666,-0.719535930416,
    9.999997615814E-02));
#4707 = CARTESIAN_POINT('',(0.224660866666,-0.719535930416,
    -2.384185759929E-08));
#4708 = CARTESIAN_POINT('',(0.232990390144,-0.716988444159,
    9.999997615814E-02));
#4709 = CARTESIAN_POINT('',(0.232990390144,-0.716988444159,
    -2.384185737725E-08));
#4710 = CARTESIAN_POINT('',(0.241477816917,-0.714931329454,
    9.999997615814E-02));
#4711 = CARTESIAN_POINT('',(0.241477816917,-0.714931329454,
    -2.384185737725E-08));
#4712 = CARTESIAN_POINT('',(0.250167653342,-0.713551564644,
    9.999997615814E-02));
#4713 = CARTESIAN_POINT('',(0.250167653342,-0.713551564644,
    -2.384185759929E-08));
#4714 = CARTESIAN_POINT('',(0.259043435256,-0.712623253752,
    9.999997615814E-02));
#4715 = CARTESIAN_POINT('',(0.259043435256,-0.712623253752,
    -2.384185759929E-08));
#4716 = CARTESIAN_POINT('',(0.265029126284,-0.712532754417,
    9.999997615814E-02));
#4717 = CARTESIAN_POINT('',(0.265029126284,-0.712532754417,
    -2.384185759929E-08));
#4718 = CARTESIAN_POINT('',(0.268051886086,-0.712487052468,
    9.999997615814E-02));
#4719 = CARTESIAN_POINT('',(0.268051886086,-0.712487052468,
    -2.384185759929E-08));
#4720 = ADVANCED_FACE('',(#4721),#4755,.T.);
#4721 = FACE_BOUND('',#4722,.T.);
#4722 = EDGE_LOOP('',(#4723,#4724,#4725,#4749));
#4723 = ORIENTED_EDGE('',*,*,#2843,.F.);
#4724 = ORIENTED_EDGE('',*,*,#4692,.F.);
#4725 = ORIENTED_EDGE('',*,*,#4726,.T.);
#4726 = EDGE_CURVE('',#4677,#4727,#4729,.T.);
#4727 = VERTEX_POINT('',#4728);
#4728 = CARTESIAN_POINT('',(0.375638023346,-0.830826344999,
    9.999997615814E-02));
#4729 = B_SPLINE_CURVE_WITH_KNOTS('',3,(#4730,#4731,#4732,#4733,#4734,
    #4735,#4736,#4737,#4738,#4739,#4740,#4741,#4742,#4743,#4744,#4745,
    #4746,#4747,#4748),.UNSPECIFIED.,.F.,.F.,(4,1,1,1,1,1,1,1,1,1,1,1,1,
    1,1,1,4),(0.,6.460397028839E-02,0.126702413963,0.186756814036,
    0.245505687365,0.30365202445,0.361503073971,0.420240222928,
    0.480033340777,0.540678134776,0.601191806381,0.662333502477,
    0.724739510297,0.789467736173,0.856504860044,0.926312095839,1.),
  .UNSPECIFIED.);
#4730 = CARTESIAN_POINT('',(0.268051886086,-0.712487052468,
    9.999997615814E-02));
#4731 = CARTESIAN_POINT('',(0.271933232081,-0.712570508512,
    9.999997615814E-02));
#4732 = CARTESIAN_POINT('',(0.27954539438,-0.712734183938,
    9.999997615814E-02));
#4733 = CARTESIAN_POINT('',(0.290666182838,-0.714341174009,
    9.999997615814E-02));
#4734 = CARTESIAN_POINT('',(0.301273038398,-0.716745412777,
    9.999997615814E-02));
#4735 = CARTESIAN_POINT('',(0.311323428289,-0.720264202616,
    9.999997615814E-02));
#4736 = CARTESIAN_POINT('',(0.320805940248,-0.724805743229,
    9.999997615814E-02));
#4737 = CARTESIAN_POINT('',(0.329712351272,-0.730387068625,
    9.999997615814E-02));
#4738 = CARTESIAN_POINT('',(0.338097358985,-0.736888515453,
    9.999997615814E-02));
#4739 = CARTESIAN_POINT('',(0.345833052943,-0.744391191857,
    9.999997615814E-02));
#4740 = CARTESIAN_POINT('',(0.352882421933,-0.752687953577,
    9.999997615814E-02));
#4741 = CARTESIAN_POINT('',(0.358933261356,-0.761833669208,
    9.999997615814E-02));
#4742 = CARTESIAN_POINT('',(0.364180257617,-0.771580798196,
    9.999997615814E-02));
#4743 = CARTESIAN_POINT('',(0.368382042021,-0.782100351457,
    9.999997615814E-02));
#4744 = CARTESIAN_POINT('',(0.37163608065,-0.793311617107,
    9.999997615814E-02));
#4745 = CARTESIAN_POINT('',(0.373984810633,-0.805199297386,
    9.999997615814E-02));
#4746 = CARTESIAN_POINT('',(0.375345632428,-0.817785317333,
    9.999997615814E-02));
#4747 = CARTESIAN_POINT('',(0.375538818208,-0.826401662581,
    9.999997615814E-02));
#4748 = CARTESIAN_POINT('',(0.375638023346,-0.830826344999,
    9.999997615814E-02));
#4749 = ORIENTED_EDGE('',*,*,#4750,.T.);
#4750 = EDGE_CURVE('',#4727,#2844,#4751,.T.);
#4751 = LINE('',#4752,#4753);
#4752 = CARTESIAN_POINT('',(0.375638023346,-0.830826344999,
    9.999997615814E-02));
#4753 = VECTOR('',#4754,1.);
#4754 = DIRECTION('',(-0.,-0.,-1.));
#4755 = B_SPLINE_SURFACE_WITH_KNOTS('',3,1,(
    (#4756,#4757)
    ,(#4758,#4759)
    ,(#4760,#4761)
    ,(#4762,#4763)
    ,(#4764,#4765)
    ,(#4766,#4767)
    ,(#4768,#4769)
    ,(#4770,#4771)
    ,(#4772,#4773)
    ,(#4774,#4775)
    ,(#4776,#4777)
    ,(#4778,#4779)
    ,(#4780,#4781)
    ,(#4782,#4783)
    ,(#4784,#4785)
    ,(#4786,#4787)
    ,(#4788,#4789)
    ,(#4790,#4791)
    ,(#4792,#4793
    )),.UNSPECIFIED.,.F.,.F.,.F.,(4,1,1,1,1,1,1,1,1,1,1,1,1,1,1,1,4),(2,
    2),(0.,6.460397028839E-02,0.126702413963,0.186756814036,
    0.245505687365,0.30365202445,0.361503073971,0.420240222928,
    0.480033340777,0.540678134776,0.601191806381,0.662333502477,
    0.724739510297,0.789467736173,0.856504860044,0.926312095839,1.),(0.,
    1.),.UNSPECIFIED.);
#4756 = CARTESIAN_POINT('',(0.268051886086,-0.712487052468,
    9.999997615814E-02));
#4757 = CARTESIAN_POINT('',(0.268051886086,-0.712487052468,
    -2.384185759929E-08));
#4758 = CARTESIAN_POINT('',(0.271933232081,-0.712570508512,
    9.999997615814E-02));
#4759 = CARTESIAN_POINT('',(0.271933232081,-0.712570508512,
    -2.384185782134E-08));
#4760 = CARTESIAN_POINT('',(0.27954539438,-0.712734183938,
    9.999997615814E-02));
#4761 = CARTESIAN_POINT('',(0.27954539438,-0.712734183938,
    -2.384185759929E-08));
#4762 = CARTESIAN_POINT('',(0.290666182838,-0.714341174009,
    9.999997615814E-02));
#4763 = CARTESIAN_POINT('',(0.290666182838,-0.714341174009,
    -2.38418571552E-08));
#4764 = CARTESIAN_POINT('',(0.301273038398,-0.716745412777,
    9.999997615814E-02));
#4765 = CARTESIAN_POINT('',(0.301273038398,-0.716745412777,
    -2.384185737725E-08));
#4766 = CARTESIAN_POINT('',(0.311323428289,-0.720264202616,
    9.999997615814E-02));
#4767 = CARTESIAN_POINT('',(0.311323428289,-0.720264202616,
    -2.384185782134E-08));
#4768 = CARTESIAN_POINT('',(0.320805940248,-0.724805743229,
    9.999997615814E-02));
#4769 = CARTESIAN_POINT('',(0.320805940248,-0.724805743229,
    -2.384185759929E-08));
#4770 = CARTESIAN_POINT('',(0.329712351272,-0.730387068625,
    9.999997615814E-02));
#4771 = CARTESIAN_POINT('',(0.329712351272,-0.730387068625,
    -2.384185737725E-08));
#4772 = CARTESIAN_POINT('',(0.338097358985,-0.736888515453,
    9.999997615814E-02));
#4773 = CARTESIAN_POINT('',(0.338097358985,-0.736888515453,
    -2.38418571552E-08));
#4774 = CARTESIAN_POINT('',(0.345833052943,-0.744391191857,
    9.999997615814E-02));
#4775 = CARTESIAN_POINT('',(0.345833052943,-0.744391191857,
    -2.384185782134E-08));
#4776 = CARTESIAN_POINT('',(0.352882421933,-0.752687953577,
    9.999997615814E-02));
#4777 = CARTESIAN_POINT('',(0.352882421933,-0.752687953577,
    -2.384185737725E-08));
#4778 = CARTESIAN_POINT('',(0.358933261356,-0.761833669208,
    9.999997615814E-02));
#4779 = CARTESIAN_POINT('',(0.358933261356,-0.761833669208,
    -2.384185782134E-08));
#4780 = CARTESIAN_POINT('',(0.364180257617,-0.771580798196,
    9.999997615814E-02));
#4781 = CARTESIAN_POINT('',(0.364180257617,-0.771580798196,
    -2.384185759929E-08));
#4782 = CARTESIAN_POINT('',(0.368382042021,-0.782100351457,
    9.999997615814E-02));
#4783 = CARTESIAN_POINT('',(0.368382042021,-0.782100351457,
    -2.384185782134E-08));
#4784 = CARTESIAN_POINT('',(0.37163608065,-0.793311617107,
    9.999997615814E-02));
#4785 = CARTESIAN_POINT('',(0.37163608065,-0.793311617107,
    -2.384185759929E-08));
#4786 = CARTESIAN_POINT('',(0.373984810633,-0.805199297386,
    9.999997615814E-02));
#4787 = CARTESIAN_POINT('',(0.373984810633,-0.805199297386,
    -2.384185759929E-08));
#4788 = CARTESIAN_POINT('',(0.375345632428,-0.817785317333,
    9.999997615814E-02));
#4789 = CARTESIAN_POINT('',(0.375345632428,-0.817785317333,
    -2.384185782134E-08));
#4790 = CARTESIAN_POINT('',(0.375538818208,-0.826401662581,
    9.999997615814E-02));
#4791 = CARTESIAN_POINT('',(0.375538818208,-0.826401662581,
    -2.384185782134E-08));
#4792 = CARTESIAN_POINT('',(0.375638023346,-0.830826344999,
    9.999997615814E-02));
#4793 = CARTESIAN_POINT('',(0.375638023346,-0.830826344999,
    -2.384185759929E-08));
#4794 = ADVANCED_FACE('',(#4795),#4829,.T.);
#4795 = FACE_BOUND('',#4796,.T.);
#4796 = EDGE_LOOP('',(#4797,#4798,#4799,#4823));
#4797 = ORIENTED_EDGE('',*,*,#2867,.F.);
#4798 = ORIENTED_EDGE('',*,*,#4750,.F.);
#4799 = ORIENTED_EDGE('',*,*,#4800,.T.);
#4800 = EDGE_CURVE('',#4727,#4801,#4803,.T.);
#4801 = VERTEX_POINT('',#4802);
#4802 = CARTESIAN_POINT('',(0.27449286234,-0.943052168544,
    9.999997615814E-02));
#4803 = B_SPLINE_CURVE_WITH_KNOTS('',3,(#4804,#4805,#4806,#4807,#4808,
    #4809,#4810,#4811,#4812,#4813,#4814,#4815,#4816,#4817,#4818,#4819,
    #4820,#4821,#4822),.UNSPECIFIED.,.F.,.F.,(4,1,1,1,1,1,1,1,1,1,1,1,1,
    1,1,1,4),(0.,7.377411937406E-02,0.144079114726,0.211348518309,
    0.27607688574,0.33852091582,0.399885116693,0.460254067465,
    0.520588964391,0.580207684563,0.638632908553,0.696364549491,
    0.75400177466,0.812805681374,0.872754425526,0.935181996978,1.),
  .UNSPECIFIED.);
#4804 = CARTESIAN_POINT('',(0.375638023346,-0.830826344999,
    9.999997615814E-02));
#4805 = CARTESIAN_POINT('',(0.375558439158,-0.835014731045,
    9.999997615814E-02));
#4806 = CARTESIAN_POINT('',(0.375403013116,-0.843194550185,
    9.999997615814E-02));
#4807 = CARTESIAN_POINT('',(0.374067656459,-0.855133524869,
    9.999997615814E-02));
#4808 = CARTESIAN_POINT('',(0.371904529376,-0.866421962179,
    9.999997615814E-02));
#4809 = CARTESIAN_POINT('',(0.368864521267,-0.877049912058,
    9.999997615814E-02));
#4810 = CARTESIAN_POINT('',(0.364900461949,-0.887007539071,
    9.999997615814E-02));
#4811 = CARTESIAN_POINT('',(0.36011201722,-0.896321300602,
    9.999997615814E-02));
#4812 = CARTESIAN_POINT('',(0.354386828777,-0.904949137494,
    9.999997615814E-02));
#4813 = CARTESIAN_POINT('',(0.347851279661,-0.912850658024,
    9.999997615814E-02));
#4814 = CARTESIAN_POINT('',(0.34059509864,-0.919936425252,
    9.999997615814E-02));
#4815 = CARTESIAN_POINT('',(0.332770235098,-0.926159320954,
    9.999997615814E-02));
#4816 = CARTESIAN_POINT('',(0.324359641069,-0.931353501671,
    9.999997615814E-02));
#4817 = CARTESIAN_POINT('',(0.315441743963,-0.935660681171,
    9.999997615814E-02));
#4818 = CARTESIAN_POINT('',(0.30597625098,-0.938990724989,
    9.999997615814E-02));
#4819 = CARTESIAN_POINT('',(0.295945443761,-0.94132520249,
    9.999997615814E-02));
#4820 = CARTESIAN_POINT('',(0.285397308741,-0.942771127628,
    9.999997615814E-02));
#4821 = CARTESIAN_POINT('',(0.278172916877,-0.942957322289,
    9.999997615814E-02));
#4822 = CARTESIAN_POINT('',(0.27449286234,-0.943052168544,
    9.999997615814E-02));
#4823 = ORIENTED_EDGE('',*,*,#4824,.T.);
#4824 = EDGE_CURVE('',#4801,#2714,#4825,.T.);
#4825 = LINE('',#4826,#4827);
#4826 = CARTESIAN_POINT('',(0.27449286234,-0.943052168544,
    9.999997615814E-02));
#4827 = VECTOR('',#4828,1.);
#4828 = DIRECTION('',(-0.,-0.,-1.));
#4829 = B_SPLINE_SURFACE_WITH_KNOTS('',3,1,(
    (#4830,#4831)
    ,(#4832,#4833)
    ,(#4834,#4835)
    ,(#4836,#4837)
    ,(#4838,#4839)
    ,(#4840,#4841)
    ,(#4842,#4843)
    ,(#4844,#4845)
    ,(#4846,#4847)
    ,(#4848,#4849)
    ,(#4850,#4851)
    ,(#4852,#4853)
    ,(#4854,#4855)
    ,(#4856,#4857)
    ,(#4858,#4859)
    ,(#4860,#4861)
    ,(#4862,#4863)
    ,(#4864,#4865)
    ,(#4866,#4867
    )),.UNSPECIFIED.,.F.,.F.,.F.,(4,1,1,1,1,1,1,1,1,1,1,1,1,1,1,1,4),(2,
    2),(0.,7.377411937406E-02,0.144079114726,0.211348518309,
    0.27607688574,0.33852091582,0.399885116693,0.460254067465,
    0.520588964391,0.580207684563,0.638632908553,0.696364549491,
    0.75400177466,0.812805681374,0.872754425526,0.935181996978,1.),(0.,
    1.),.UNSPECIFIED.);
#4830 = CARTESIAN_POINT('',(0.375638023346,-0.830826344999,
    9.999997615814E-02));
#4831 = CARTESIAN_POINT('',(0.375638023346,-0.830826344999,
    -2.384185782134E-08));
#4832 = CARTESIAN_POINT('',(0.375558439158,-0.835014731045,
    9.999997615814E-02));
#4833 = CARTESIAN_POINT('',(0.375558439158,-0.835014731045,
    -2.384185782134E-08));
#4834 = CARTESIAN_POINT('',(0.375403013116,-0.843194550185,
    9.999997615814E-02));
#4835 = CARTESIAN_POINT('',(0.375403013116,-0.843194550185,
    -2.384185759929E-08));
#4836 = CARTESIAN_POINT('',(0.374067656459,-0.855133524869,
    9.999997615814E-02));
#4837 = CARTESIAN_POINT('',(0.374067656459,-0.855133524869,
    -2.384185782134E-08));
#4838 = CARTESIAN_POINT('',(0.371904529376,-0.866421962179,
    9.999997615814E-02));
#4839 = CARTESIAN_POINT('',(0.371904529376,-0.866421962179,
    -2.384185782134E-08));
#4840 = CARTESIAN_POINT('',(0.368864521267,-0.877049912058,
    9.999997615814E-02));
#4841 = CARTESIAN_POINT('',(0.368864521267,-0.877049912058,
    -2.384185737725E-08));
#4842 = CARTESIAN_POINT('',(0.364900461949,-0.887007539071,
    9.999997615814E-02));
#4843 = CARTESIAN_POINT('',(0.364900461949,-0.887007539071,
    -2.384185759929E-08));
#4844 = CARTESIAN_POINT('',(0.36011201722,-0.896321300602,
    9.999997615814E-02));
#4845 = CARTESIAN_POINT('',(0.36011201722,-0.896321300602,
    -2.384185782134E-08));
#4846 = CARTESIAN_POINT('',(0.354386828777,-0.904949137494,
    9.999997615814E-02));
#4847 = CARTESIAN_POINT('',(0.354386828777,-0.904949137494,
    -2.384185693316E-08));
#4848 = CARTESIAN_POINT('',(0.347851279661,-0.912850658024,
    9.999997615814E-02));
#4849 = CARTESIAN_POINT('',(0.347851279661,-0.912850658024,
    -2.384185826543E-08));
#4850 = CARTESIAN_POINT('',(0.34059509864,-0.919936425252,
    9.999997615814E-02));
#4851 = CARTESIAN_POINT('',(0.34059509864,-0.919936425252,
    -2.384185737725E-08));
#4852 = CARTESIAN_POINT('',(0.332770235098,-0.926159320954,
    9.999997615814E-02));
#4853 = CARTESIAN_POINT('',(0.332770235098,-0.926159320954,
    -2.384185759929E-08));
#4854 = CARTESIAN_POINT('',(0.324359641069,-0.931353501671,
    9.999997615814E-02));
#4855 = CARTESIAN_POINT('',(0.324359641069,-0.931353501671,
    -2.384185782134E-08));
#4856 = CARTESIAN_POINT('',(0.315441743963,-0.935660681171,
    9.999997615814E-02));
#4857 = CARTESIAN_POINT('',(0.315441743963,-0.935660681171,
    -2.384185782134E-08));
#4858 = CARTESIAN_POINT('',(0.30597625098,-0.938990724989,
    9.999997615814E-02));
#4859 = CARTESIAN_POINT('',(0.30597625098,-0.938990724989,
    -2.384185759929E-08));
#4860 = CARTESIAN_POINT('',(0.295945443761,-0.94132520249,
    9.999997615814E-02));
#4861 = CARTESIAN_POINT('',(0.295945443761,-0.94132520249,
    -2.384185759929E-08));
#4862 = CARTESIAN_POINT('',(0.285397308741,-0.942771127628,
    9.999997615814E-02));
#4863 = CARTESIAN_POINT('',(0.285397308741,-0.942771127628,
    -2.384185782134E-08));
#4864 = CARTESIAN_POINT('',(0.278172916877,-0.942957322289,
    9.999997615814E-02));
#4865 = CARTESIAN_POINT('',(0.278172916877,-0.942957322289,
    -2.384185737725E-08));
#4866 = CARTESIAN_POINT('',(0.27449286234,-0.943052168544,
    9.999997615814E-02));
#4867 = CARTESIAN_POINT('',(0.27449286234,-0.943052168544,
    -2.384185759929E-08));
#4868 = ADVANCED_FACE('',(#4869),#4888,.T.);
#4869 = FACE_BOUND('',#4870,.T.);
#4870 = EDGE_LOOP('',(#4871,#4872,#4873,#4887));
#4871 = ORIENTED_EDGE('',*,*,#2713,.F.);
#4872 = ORIENTED_EDGE('',*,*,#4824,.F.);
#4873 = ORIENTED_EDGE('',*,*,#4874,.T.);
#4874 = EDGE_CURVE('',#4801,#4373,#4875,.T.);
#4875 = B_SPLINE_CURVE_WITH_KNOTS('',3,(#4876,#4877,#4878,#4879,#4880,
    #4881,#4882,#4883,#4884,#4885,#4886),.UNSPECIFIED.,.F.,.F.,(4,1,1,1,
    1,1,1,1,4),(0.,0.135294604763,0.266765657925,0.394816018836,
    0.520051654434,0.642175702971,0.762651820558,0.881834004381,1.),
  .UNSPECIFIED.);
#4876 = CARTESIAN_POINT('',(0.27449286234,-0.943052168544,
    9.999997615814E-02));
#4877 = CARTESIAN_POINT('',(0.271033741112,-0.943006753068,
    9.999997615814E-02));
#4878 = CARTESIAN_POINT('',(0.264213256646,-0.942917205599,
    9.999997615814E-02));
#4879 = CARTESIAN_POINT('',(0.25415511787,-0.941998250091,
    9.999997615814E-02));
#4880 = CARTESIAN_POINT('',(0.244412558287,-0.940615159884,
    9.999997615814E-02));
#4881 = CARTESIAN_POINT('',(0.235027923764,-0.93857937259,
    9.999997615814E-02));
#4882 = CARTESIAN_POINT('',(0.225969038847,-0.936031026375,
    9.999997615814E-02));
#4883 = CARTESIAN_POINT('',(0.217287261208,-0.932830108297,
    9.999997615814E-02));
#4884 = CARTESIAN_POINT('',(0.208889821891,-0.929173997959,
    9.999997615814E-02));
#4885 = CARTESIAN_POINT('',(0.2036007129,-0.926194922146,
    9.999997615814E-02));
#4886 = CARTESIAN_POINT('',(0.200967480864,-0.924711761583,
    9.999997615814E-02));
#4887 = ORIENTED_EDGE('',*,*,#4372,.T.);
#4888 = B_SPLINE_SURFACE_WITH_KNOTS('',3,1,(
    (#4889,#4890)
    ,(#4891,#4892)
    ,(#4893,#4894)
    ,(#4895,#4896)
    ,(#4897,#4898)
    ,(#4899,#4900)
    ,(#4901,#4902)
    ,(#4903,#4904)
    ,(#4905,#4906)
    ,(#4907,#4908)
    ,(#4909,#4910
  )),.UNSPECIFIED.,.F.,.F.,.F.,(4,1,1,1,1,1,1,1,4),(2,2),(0.,
    0.135294604763,0.266765657925,0.394816018836,0.520051654434,
    0.642175702971,0.762651820558,0.881834004381,1.),(0.,1.),
  .UNSPECIFIED.);
#4889 = CARTESIAN_POINT('',(0.27449286234,-0.943052168544,
    9.999997615814E-02));
#4890 = CARTESIAN_POINT('',(0.27449286234,-0.943052168544,
    -2.384185759929E-08));
#4891 = CARTESIAN_POINT('',(0.271033741112,-0.943006753068,
    9.999997615814E-02));
#4892 = CARTESIAN_POINT('',(0.271033741112,-0.943006753068,
    -2.384185737725E-08));
#4893 = CARTESIAN_POINT('',(0.264213256646,-0.942917205599,
    9.999997615814E-02));
#4894 = CARTESIAN_POINT('',(0.264213256646,-0.942917205599,
    -2.384185759929E-08));
#4895 = CARTESIAN_POINT('',(0.25415511787,-0.941998250091,
    9.999997615814E-02));
#4896 = CARTESIAN_POINT('',(0.25415511787,-0.941998250091,
    -2.384185804338E-08));
#4897 = CARTESIAN_POINT('',(0.244412558287,-0.940615159884,
    9.999997615814E-02));
#4898 = CARTESIAN_POINT('',(0.244412558287,-0.940615159884,
    -2.384185737725E-08));
#4899 = CARTESIAN_POINT('',(0.235027923764,-0.93857937259,
    9.999997615814E-02));
#4900 = CARTESIAN_POINT('',(0.235027923764,-0.93857937259,
    -2.384185782134E-08));
#4901 = CARTESIAN_POINT('',(0.225969038847,-0.936031026375,
    9.999997615814E-02));
#4902 = CARTESIAN_POINT('',(0.225969038847,-0.936031026375,
    -2.38418571552E-08));
#4903 = CARTESIAN_POINT('',(0.217287261208,-0.932830108297,
    9.999997615814E-02));
#4904 = CARTESIAN_POINT('',(0.217287261208,-0.932830108297,
    -2.384185782134E-08));
#4905 = CARTESIAN_POINT('',(0.208889821891,-0.929173997959,
    9.999997615814E-02));
#4906 = CARTESIAN_POINT('',(0.208889821891,-0.929173997959,
    -2.384185782134E-08));
#4907 = CARTESIAN_POINT('',(0.2036007129,-0.926194922146,
    9.999997615814E-02));
#4908 = CARTESIAN_POINT('',(0.2036007129,-0.926194922146,
    -2.384185804338E-08));
#4909 = CARTESIAN_POINT('',(0.200967480864,-0.924711761583,
    9.999997615814E-02));
#4910 = CARTESIAN_POINT('',(0.200967480864,-0.924711761583,
    -2.384185782134E-08));
#4911 = ADVANCED_FACE('',(#4912),#4924,.T.);
#4912 = FACE_BOUND('',#4913,.T.);
#4913 = EDGE_LOOP('',(#4914,#4915,#4916,#4917,#4918,#4919,#4920,#4921,
    #4922,#4923));
#4914 = ORIENTED_EDGE('',*,*,#4380,.F.);
#4915 = ORIENTED_EDGE('',*,*,#4874,.F.);
#4916 = ORIENTED_EDGE('',*,*,#4800,.F.);
#4917 = ORIENTED_EDGE('',*,*,#4726,.F.);
#4918 = ORIENTED_EDGE('',*,*,#4676,.F.);
#4919 = ORIENTED_EDGE('',*,*,#4652,.F.);
#4920 = ORIENTED_EDGE('',*,*,#4602,.F.);
#4921 = ORIENTED_EDGE('',*,*,#4528,.F.);
#4922 = ORIENTED_EDGE('',*,*,#4454,.F.);
#4923 = ORIENTED_EDGE('',*,*,#4404,.F.);
#4924 = PLANE('',#4925);
#4925 = AXIS2_PLACEMENT_3D('',#4926,#4927,#4928);
#4926 = CARTESIAN_POINT('',(0.239120486498,-0.970518906465,
    9.999997615814E-02));
#4927 = DIRECTION('',(-7.125583833016E-13,-1.43711558524E-12,-1.));
#4928 = DIRECTION('',(0.,1.,-1.43711558524E-12));
#4929 = ADVANCED_FACE('',(#4930),#4955,.T.);
#4930 = FACE_BOUND('',#4931,.T.);
#4931 = EDGE_LOOP('',(#4932,#4933,#4941,#4949));
#4932 = ORIENTED_EDGE('',*,*,#2575,.F.);
#4933 = ORIENTED_EDGE('',*,*,#4934,.F.);
#4934 = EDGE_CURVE('',#4935,#2568,#4937,.T.);
#4935 = VERTEX_POINT('',#4936);
#4936 = CARTESIAN_POINT('',(-8.637170114072E-03,-0.939558757694,
    9.999997615814E-02));
#4937 = LINE('',#4938,#4939);
#4938 = CARTESIAN_POINT('',(-8.637170114072E-03,-0.939558757694,
    9.999997615814E-02));
#4939 = VECTOR('',#4940,1.);
#4940 = DIRECTION('',(-0.,-0.,-1.));
#4941 = ORIENTED_EDGE('',*,*,#4942,.T.);
#4942 = EDGE_CURVE('',#4935,#4943,#4945,.T.);
#4943 = VERTEX_POINT('',#4944);
#4944 = CARTESIAN_POINT('',(-8.637170114072E-03,-0.970999455341,
    9.999997615814E-02));
#4945 = LINE('',#4946,#4947);
#4946 = CARTESIAN_POINT('',(-8.637170114072E-03,-0.939558757694,
    9.999997615814E-02));
#4947 = VECTOR('',#4948,1.);
#4948 = DIRECTION('',(0.,-1.,0.));
#4949 = ORIENTED_EDGE('',*,*,#4950,.T.);
#4950 = EDGE_CURVE('',#4943,#2576,#4951,.T.);
#4951 = LINE('',#4952,#4953);
#4952 = CARTESIAN_POINT('',(-8.637170114072E-03,-0.970999455341,
    9.999997615814E-02));
#4953 = VECTOR('',#4954,1.);
#4954 = DIRECTION('',(-0.,-0.,-1.));
#4955 = PLANE('',#4956);
#4956 = AXIS2_PLACEMENT_3D('',#4957,#4958,#4959);
#4957 = CARTESIAN_POINT('',(-8.637170114072E-03,-0.939558757694,
    9.999997615814E-02));
#4958 = DIRECTION('',(1.,0.,0.));
#4959 = DIRECTION('',(0.,0.,-1.));
#4960 = ADVANCED_FACE('',(#4961),#4979,.T.);
#4961 = FACE_BOUND('',#4962,.T.);
#4962 = EDGE_LOOP('',(#4963,#4964,#4965,#4973));
#4963 = ORIENTED_EDGE('',*,*,#2583,.F.);
#4964 = ORIENTED_EDGE('',*,*,#4950,.F.);
#4965 = ORIENTED_EDGE('',*,*,#4966,.T.);
#4966 = EDGE_CURVE('',#4943,#4967,#4969,.T.);
#4967 = VERTEX_POINT('',#4968);
#4968 = CARTESIAN_POINT('',(0.14507290727,-0.970999455341,
    9.999997615814E-02));
#4969 = LINE('',#4970,#4971);
#4970 = CARTESIAN_POINT('',(-8.637170114072E-03,-0.970999455341,
    9.999997615814E-02));
#4971 = VECTOR('',#4972,1.);
#4972 = DIRECTION('',(1.,0.,0.));
#4973 = ORIENTED_EDGE('',*,*,#4974,.T.);
#4974 = EDGE_CURVE('',#4967,#2584,#4975,.T.);
#4975 = LINE('',#4976,#4977);
#4976 = CARTESIAN_POINT('',(0.14507290727,-0.970999455341,
    9.999997615814E-02));
#4977 = VECTOR('',#4978,1.);
#4978 = DIRECTION('',(-0.,-0.,-1.));
#4979 = PLANE('',#4980);
#4980 = AXIS2_PLACEMENT_3D('',#4981,#4982,#4983);
#4981 = CARTESIAN_POINT('',(-8.637170114072E-03,-0.970999455341,
    9.999997615814E-02));
#4982 = DIRECTION('',(0.,1.,0.));
#4983 = DIRECTION('',(0.,-0.,1.));
#4984 = ADVANCED_FACE('',(#4985),#5003,.T.);
#4985 = FACE_BOUND('',#4986,.T.);
#4986 = EDGE_LOOP('',(#4987,#4988,#4989,#4997));
#4987 = ORIENTED_EDGE('',*,*,#2591,.F.);
#4988 = ORIENTED_EDGE('',*,*,#4974,.F.);
#4989 = ORIENTED_EDGE('',*,*,#4990,.T.);
#4990 = EDGE_CURVE('',#4967,#4991,#4993,.T.);
#4991 = VERTEX_POINT('',#4992);
#4992 = CARTESIAN_POINT('',(0.14507290727,-0.68453976567,
    9.999997615814E-02));
#4993 = LINE('',#4994,#4995);
#4994 = CARTESIAN_POINT('',(0.14507290727,-0.970999455341,
    9.999997615814E-02));
#4995 = VECTOR('',#4996,1.);
#4996 = DIRECTION('',(0.,1.,0.));
#4997 = ORIENTED_EDGE('',*,*,#4998,.T.);
#4998 = EDGE_CURVE('',#4991,#2592,#4999,.T.);
#4999 = LINE('',#5000,#5001);
#5000 = CARTESIAN_POINT('',(0.14507290727,-0.68453976567,
    9.999997615814E-02));
#5001 = VECTOR('',#5002,1.);
#5002 = DIRECTION('',(-0.,-0.,-1.));
#5003 = PLANE('',#5004);
#5004 = AXIS2_PLACEMENT_3D('',#5005,#5006,#5007);
#5005 = CARTESIAN_POINT('',(0.14507290727,-0.970999455341,
    9.999997615814E-02));
#5006 = DIRECTION('',(-1.,0.,0.));
#5007 = DIRECTION('',(0.,0.,1.));
#5008 = ADVANCED_FACE('',(#5009),#5027,.T.);
#5009 = FACE_BOUND('',#5010,.T.);
#5010 = EDGE_LOOP('',(#5011,#5012,#5013,#5021));
#5011 = ORIENTED_EDGE('',*,*,#2599,.F.);
#5012 = ORIENTED_EDGE('',*,*,#4998,.F.);
#5013 = ORIENTED_EDGE('',*,*,#5014,.T.);
#5014 = EDGE_CURVE('',#4991,#5015,#5017,.T.);
#5015 = VERTEX_POINT('',#5016);
#5016 = CARTESIAN_POINT('',(-1.650348414801E-03,-0.68453976567,
    9.999997615814E-02));
#5017 = LINE('',#5018,#5019);
#5018 = CARTESIAN_POINT('',(0.14507290727,-0.68453976567,
    9.999997615814E-02));
#5019 = VECTOR('',#5020,1.);
#5020 = DIRECTION('',(-1.,0.,0.));
#5021 = ORIENTED_EDGE('',*,*,#5022,.T.);
#5022 = EDGE_CURVE('',#5015,#2600,#5023,.T.);
#5023 = LINE('',#5024,#5025);
#5024 = CARTESIAN_POINT('',(-1.650348414801E-03,-0.68453976567,
    9.999997615814E-02));
#5025 = VECTOR('',#5026,1.);
#5026 = DIRECTION('',(-0.,-0.,-1.));
#5027 = PLANE('',#5028);
#5028 = AXIS2_PLACEMENT_3D('',#5029,#5030,#5031);
#5029 = CARTESIAN_POINT('',(0.14507290727,-0.68453976567,
    9.999997615814E-02));
#5030 = DIRECTION('',(0.,-1.,0.));
#5031 = DIRECTION('',(0.,0.,-1.));
#5032 = ADVANCED_FACE('',(#5033),#5051,.T.);
#5033 = FACE_BOUND('',#5034,.T.);
#5034 = EDGE_LOOP('',(#5035,#5036,#5037,#5045));
#5035 = ORIENTED_EDGE('',*,*,#2607,.F.);
#5036 = ORIENTED_EDGE('',*,*,#5022,.F.);
#5037 = ORIENTED_EDGE('',*,*,#5038,.T.);
#5038 = EDGE_CURVE('',#5015,#5039,#5041,.T.);
#5039 = VERTEX_POINT('',#5040);
#5040 = CARTESIAN_POINT('',(-1.650348414801E-03,-0.715980463317,
    9.999997615814E-02));
#5041 = LINE('',#5042,#5043);
#5042 = CARTESIAN_POINT('',(-1.650348414801E-03,-0.68453976567,
    9.999997615814E-02));
#5043 = VECTOR('',#5044,1.);
#5044 = DIRECTION('',(0.,-1.,0.));
#5045 = ORIENTED_EDGE('',*,*,#5046,.T.);
#5046 = EDGE_CURVE('',#5039,#2608,#5047,.T.);
#5047 = LINE('',#5048,#5049);
#5048 = CARTESIAN_POINT('',(-1.650348414801E-03,-0.715980463317,
    9.999997615814E-02));
#5049 = VECTOR('',#5050,1.);
#5050 = DIRECTION('',(-0.,-0.,-1.));
#5051 = PLANE('',#5052);
#5052 = AXIS2_PLACEMENT_3D('',#5053,#5054,#5055);
#5053 = CARTESIAN_POINT('',(-1.650348414801E-03,-0.68453976567,
    9.999997615814E-02));
#5054 = DIRECTION('',(1.,0.,0.));
#5055 = DIRECTION('',(0.,0.,-1.));
#5056 = ADVANCED_FACE('',(#5057),#5075,.T.);
#5057 = FACE_BOUND('',#5058,.T.);
#5058 = EDGE_LOOP('',(#5059,#5060,#5061,#5069));
#5059 = ORIENTED_EDGE('',*,*,#2615,.F.);
#5060 = ORIENTED_EDGE('',*,*,#5046,.F.);
#5061 = ORIENTED_EDGE('',*,*,#5062,.T.);
#5062 = EDGE_CURVE('',#5039,#5063,#5065,.T.);
#5063 = VERTEX_POINT('',#5064);
#5064 = CARTESIAN_POINT('',(0.106645387924,-0.715980463317,
    9.999997615814E-02));
#5065 = LINE('',#5066,#5067);
#5066 = CARTESIAN_POINT('',(-1.650348414801E-03,-0.715980463317,
    9.999997615814E-02));
#5067 = VECTOR('',#5068,1.);
#5068 = DIRECTION('',(1.,0.,0.));
#5069 = ORIENTED_EDGE('',*,*,#5070,.T.);
#5070 = EDGE_CURVE('',#5063,#2616,#5071,.T.);
#5071 = LINE('',#5072,#5073);
#5072 = CARTESIAN_POINT('',(0.106645387924,-0.715980463317,
    9.999997615814E-02));
#5073 = VECTOR('',#5074,1.);
#5074 = DIRECTION('',(-0.,-0.,-1.));
#5075 = PLANE('',#5076);
#5076 = AXIS2_PLACEMENT_3D('',#5077,#5078,#5079);
#5077 = CARTESIAN_POINT('',(-1.650348414801E-03,-0.715980463317,
    9.999997615814E-02));
#5078 = DIRECTION('',(0.,1.,0.));
#5079 = DIRECTION('',(0.,-0.,1.));
#5080 = ADVANCED_FACE('',(#5081),#5099,.T.);
#5081 = FACE_BOUND('',#5082,.T.);
#5082 = EDGE_LOOP('',(#5083,#5084,#5085,#5093));
#5083 = ORIENTED_EDGE('',*,*,#2623,.F.);
#5084 = ORIENTED_EDGE('',*,*,#5070,.F.);
#5085 = ORIENTED_EDGE('',*,*,#5086,.T.);
#5086 = EDGE_CURVE('',#5063,#5087,#5089,.T.);
#5087 = VERTEX_POINT('',#5088);
#5088 = CARTESIAN_POINT('',(0.106645387924,-0.810302556257,
    9.999997615814E-02));
#5089 = LINE('',#5090,#5091);
#5090 = CARTESIAN_POINT('',(0.106645387924,-0.715980463317,
    9.999997615814E-02));
#5091 = VECTOR('',#5092,1.);
#5092 = DIRECTION('',(0.,-1.,0.));
#5093 = ORIENTED_EDGE('',*,*,#5094,.T.);
#5094 = EDGE_CURVE('',#5087,#2624,#5095,.T.);
#5095 = LINE('',#5096,#5097);
#5096 = CARTESIAN_POINT('',(0.106645387924,-0.810302556257,
    9.999997615814E-02));
#5097 = VECTOR('',#5098,1.);
#5098 = DIRECTION('',(-0.,-0.,-1.));
#5099 = PLANE('',#5100);
#5100 = AXIS2_PLACEMENT_3D('',#5101,#5102,#5103);
#5101 = CARTESIAN_POINT('',(0.106645387924,-0.715980463317,
    9.999997615814E-02));
#5102 = DIRECTION('',(1.,0.,0.));
#5103 = DIRECTION('',(0.,0.,-1.));
#5104 = ADVANCED_FACE('',(#5105),#5123,.T.);
#5105 = FACE_BOUND('',#5106,.T.);
#5106 = EDGE_LOOP('',(#5107,#5108,#5109,#5117));
#5107 = ORIENTED_EDGE('',*,*,#2631,.F.);
#5108 = ORIENTED_EDGE('',*,*,#5094,.F.);
#5109 = ORIENTED_EDGE('',*,*,#5110,.T.);
#5110 = EDGE_CURVE('',#5087,#5111,#5113,.T.);
#5111 = VERTEX_POINT('',#5112);
#5112 = CARTESIAN_POINT('',(5.336473284471E-03,-0.810302556257,
    9.999997615814E-02));
#5113 = LINE('',#5114,#5115);
#5114 = CARTESIAN_POINT('',(0.106645387924,-0.810302556257,
    9.999997615814E-02));
#5115 = VECTOR('',#5116,1.);
#5116 = DIRECTION('',(-1.,0.,0.));
#5117 = ORIENTED_EDGE('',*,*,#5118,.T.);
#5118 = EDGE_CURVE('',#5111,#2632,#5119,.T.);
#5119 = LINE('',#5120,#5121);
#5120 = CARTESIAN_POINT('',(5.336473284471E-03,-0.810302556257,
    9.999997615814E-02));
#5121 = VECTOR('',#5122,1.);
#5122 = DIRECTION('',(-0.,-0.,-1.));
#5123 = PLANE('',#5124);
#5124 = AXIS2_PLACEMENT_3D('',#5125,#5126,#5127);
#5125 = CARTESIAN_POINT('',(0.106645387924,-0.810302556257,
    9.999997615814E-02));
#5126 = DIRECTION('',(0.,-1.,0.));
#5127 = DIRECTION('',(0.,0.,-1.));
#5128 = ADVANCED_FACE('',(#5129),#5147,.T.);
#5129 = FACE_BOUND('',#5130,.T.);
#5130 = EDGE_LOOP('',(#5131,#5132,#5133,#5141));
#5131 = ORIENTED_EDGE('',*,*,#2639,.F.);
#5132 = ORIENTED_EDGE('',*,*,#5118,.F.);
#5133 = ORIENTED_EDGE('',*,*,#5134,.T.);
#5134 = EDGE_CURVE('',#5111,#5135,#5137,.T.);
#5135 = VERTEX_POINT('',#5136);
#5136 = CARTESIAN_POINT('',(5.336473284471E-03,-0.841743253904,
    9.999997615814E-02));
#5137 = LINE('',#5138,#5139);
#5138 = CARTESIAN_POINT('',(5.336473284471E-03,-0.810302556257,
    9.999997615814E-02));
#5139 = VECTOR('',#5140,1.);
#5140 = DIRECTION('',(0.,-1.,0.));
#5141 = ORIENTED_EDGE('',*,*,#5142,.T.);
#5142 = EDGE_CURVE('',#5135,#2640,#5143,.T.);
#5143 = LINE('',#5144,#5145);
#5144 = CARTESIAN_POINT('',(5.336473284471E-03,-0.841743253904,
    9.999997615814E-02));
#5145 = VECTOR('',#5146,1.);
#5146 = DIRECTION('',(-0.,-0.,-1.));
#5147 = PLANE('',#5148);
#5148 = AXIS2_PLACEMENT_3D('',#5149,#5150,#5151);
#5149 = CARTESIAN_POINT('',(5.336473284471E-03,-0.810302556257,
    9.999997615814E-02));
#5150 = DIRECTION('',(1.,0.,0.));
#5151 = DIRECTION('',(0.,0.,-1.));
#5152 = ADVANCED_FACE('',(#5153),#5171,.T.);
#5153 = FACE_BOUND('',#5154,.T.);
#5154 = EDGE_LOOP('',(#5155,#5156,#5157,#5165));
#5155 = ORIENTED_EDGE('',*,*,#2647,.F.);
#5156 = ORIENTED_EDGE('',*,*,#5142,.F.);
#5157 = ORIENTED_EDGE('',*,*,#5158,.T.);
#5158 = EDGE_CURVE('',#5135,#5159,#5161,.T.);
#5159 = VERTEX_POINT('',#5160);
#5160 = CARTESIAN_POINT('',(0.106645387924,-0.841743253904,
    9.999997615814E-02));
#5161 = LINE('',#5162,#5163);
#5162 = CARTESIAN_POINT('',(5.336473284471E-03,-0.841743253904,
    9.999997615814E-02));
#5163 = VECTOR('',#5164,1.);
#5164 = DIRECTION('',(1.,0.,0.));
#5165 = ORIENTED_EDGE('',*,*,#5166,.T.);
#5166 = EDGE_CURVE('',#5159,#2648,#5167,.T.);
#5167 = LINE('',#5168,#5169);
#5168 = CARTESIAN_POINT('',(0.106645387924,-0.841743253904,
    9.999997615814E-02));
#5169 = VECTOR('',#5170,1.);
#5170 = DIRECTION('',(-0.,-0.,-1.));
#5171 = PLANE('',#5172);
#5172 = AXIS2_PLACEMENT_3D('',#5173,#5174,#5175);
#5173 = CARTESIAN_POINT('',(5.336473284471E-03,-0.841743253904,
    9.999997615814E-02));
#5174 = DIRECTION('',(0.,1.,0.));
#5175 = DIRECTION('',(0.,-0.,1.));
#5176 = ADVANCED_FACE('',(#5177),#5195,.T.);
#5177 = FACE_BOUND('',#5178,.T.);
#5178 = EDGE_LOOP('',(#5179,#5180,#5181,#5189));
#5179 = ORIENTED_EDGE('',*,*,#2655,.F.);
#5180 = ORIENTED_EDGE('',*,*,#5166,.F.);
#5181 = ORIENTED_EDGE('',*,*,#5182,.T.);
#5182 = EDGE_CURVE('',#5159,#5183,#5185,.T.);
#5183 = VERTEX_POINT('',#5184);
#5184 = CARTESIAN_POINT('',(0.106645387924,-0.939558757694,
    9.999997615814E-02));
#5185 = LINE('',#5186,#5187);
#5186 = CARTESIAN_POINT('',(0.106645387924,-0.841743253904,
    9.999997615814E-02));
#5187 = VECTOR('',#5188,1.);
#5188 = DIRECTION('',(0.,-1.,0.));
#5189 = ORIENTED_EDGE('',*,*,#5190,.T.);
#5190 = EDGE_CURVE('',#5183,#2566,#5191,.T.);
#5191 = LINE('',#5192,#5193);
#5192 = CARTESIAN_POINT('',(0.106645387924,-0.939558757694,
    9.999997615814E-02));
#5193 = VECTOR('',#5194,1.);
#5194 = DIRECTION('',(-0.,-0.,-1.));
#5195 = PLANE('',#5196);
#5196 = AXIS2_PLACEMENT_3D('',#5197,#5198,#5199);
#5197 = CARTESIAN_POINT('',(0.106645387924,-0.841743253904,
    9.999997615814E-02));
#5198 = DIRECTION('',(1.,0.,0.));
#5199 = DIRECTION('',(0.,0.,-1.));
#5200 = ADVANCED_FACE('',(#5201),#5212,.T.);
#5201 = FACE_BOUND('',#5202,.T.);
#5202 = EDGE_LOOP('',(#5203,#5204,#5205,#5211));
#5203 = ORIENTED_EDGE('',*,*,#2565,.F.);
#5204 = ORIENTED_EDGE('',*,*,#5190,.F.);
#5205 = ORIENTED_EDGE('',*,*,#5206,.T.);
#5206 = EDGE_CURVE('',#5183,#4935,#5207,.T.);
#5207 = LINE('',#5208,#5209);
#5208 = CARTESIAN_POINT('',(0.106645387924,-0.939558757694,
    9.999997615814E-02));
#5209 = VECTOR('',#5210,1.);
#5210 = DIRECTION('',(-1.,0.,0.));
#5211 = ORIENTED_EDGE('',*,*,#4934,.T.);
#5212 = PLANE('',#5213);
#5213 = AXIS2_PLACEMENT_3D('',#5214,#5215,#5216);
#5214 = CARTESIAN_POINT('',(0.106645387924,-0.939558757694,
    9.999997615814E-02));
#5215 = DIRECTION('',(0.,-1.,0.));
#5216 = DIRECTION('',(0.,0.,-1.));
#5217 = ADVANCED_FACE('',(#5218),#5232,.F.);
#5218 = FACE_BOUND('',#5219,.T.);
#5219 = EDGE_LOOP('',(#5220,#5221,#5222,#5223,#5224,#5225,#5226,#5227,
    #5228,#5229,#5230,#5231));
#5220 = ORIENTED_EDGE('',*,*,#4942,.F.);
#5221 = ORIENTED_EDGE('',*,*,#5206,.F.);
#5222 = ORIENTED_EDGE('',*,*,#5182,.F.);
#5223 = ORIENTED_EDGE('',*,*,#5158,.F.);
#5224 = ORIENTED_EDGE('',*,*,#5134,.F.);
#5225 = ORIENTED_EDGE('',*,*,#5110,.F.);
#5226 = ORIENTED_EDGE('',*,*,#5086,.F.);
#5227 = ORIENTED_EDGE('',*,*,#5062,.F.);
#5228 = ORIENTED_EDGE('',*,*,#5038,.F.);
#5229 = ORIENTED_EDGE('',*,*,#5014,.F.);
#5230 = ORIENTED_EDGE('',*,*,#4990,.F.);
#5231 = ORIENTED_EDGE('',*,*,#4966,.F.);
#5232 = PLANE('',#5233);
#5233 = AXIS2_PLACEMENT_3D('',#5234,#5235,#5236);
#5234 = CARTESIAN_POINT('',(-1.250004768372E-02,-0.458978965642,
    9.999997615814E-02));
#5235 = DIRECTION('',(0.,0.,1.));
#5236 = DIRECTION('',(1.,0.,-0.));
#5237 = ADVANCED_FACE('',(#5238),#5263,.T.);
#5238 = FACE_BOUND('',#5239,.T.);
#5239 = EDGE_LOOP('',(#5240,#5241,#5249,#5257));
#5240 = ORIENTED_EDGE('',*,*,#2917,.F.);
#5241 = ORIENTED_EDGE('',*,*,#5242,.F.);
#5242 = EDGE_CURVE('',#5243,#2894,#5245,.T.);
#5243 = VERTEX_POINT('',#5244);
#5244 = CARTESIAN_POINT('',(-0.142423888746,-0.970999455341,
    9.999997615814E-02));
#5245 = LINE('',#5246,#5247);
#5246 = CARTESIAN_POINT('',(-0.142423888746,-0.970999455341,
    9.999997615814E-02));
#5247 = VECTOR('',#5248,1.);
#5248 = DIRECTION('',(-0.,-0.,-1.));
#5249 = ORIENTED_EDGE('',*,*,#5250,.T.);
#5250 = EDGE_CURVE('',#5243,#5251,#5253,.T.);
#5251 = VERTEX_POINT('',#5252);
#5252 = CARTESIAN_POINT('',(-6.453174370825E-02,-0.970999455341,
    9.999997615814E-02));
#5253 = LINE('',#5254,#5255);
#5254 = CARTESIAN_POINT('',(-0.142423888746,-0.970999455341,
    9.999997615814E-02));
#5255 = VECTOR('',#5256,1.);
#5256 = DIRECTION('',(1.,0.,0.));
#5257 = ORIENTED_EDGE('',*,*,#5258,.T.);
#5258 = EDGE_CURVE('',#5251,#2918,#5259,.T.);
#5259 = LINE('',#5260,#5261);
#5260 = CARTESIAN_POINT('',(-6.453174370825E-02,-0.970999455341,
    9.999997615814E-02));
#5261 = VECTOR('',#5262,1.);
#5262 = DIRECTION('',(-0.,-0.,-1.));
#5263 = PLANE('',#5264);
#5264 = AXIS2_PLACEMENT_3D('',#5265,#5266,#5267);
#5265 = CARTESIAN_POINT('',(-0.142423888746,-0.970999455341,
    9.999997615814E-02));
#5266 = DIRECTION('',(0.,1.,0.));
#5267 = DIRECTION('',(0.,-0.,1.));
#5268 = ADVANCED_FACE('',(#5269),#5287,.T.);
#5269 = FACE_BOUND('',#5270,.T.);
#5270 = EDGE_LOOP('',(#5271,#5272,#5273,#5281));
#5271 = ORIENTED_EDGE('',*,*,#2925,.F.);
#5272 = ORIENTED_EDGE('',*,*,#5258,.F.);
#5273 = ORIENTED_EDGE('',*,*,#5274,.T.);
#5274 = EDGE_CURVE('',#5251,#5275,#5277,.T.);
#5275 = VERTEX_POINT('',#5276);
#5276 = CARTESIAN_POINT('',(-6.453174370825E-02,-0.68453976567,
    9.999997615814E-02));
#5277 = LINE('',#5278,#5279);
#5278 = CARTESIAN_POINT('',(-6.453174370825E-02,-0.970999455341,
    9.999997615814E-02));
#5279 = VECTOR('',#5280,1.);
#5280 = DIRECTION('',(0.,1.,0.));
#5281 = ORIENTED_EDGE('',*,*,#5282,.T.);
#5282 = EDGE_CURVE('',#5275,#2926,#5283,.T.);
#5283 = LINE('',#5284,#5285);
#5284 = CARTESIAN_POINT('',(-6.453174370825E-02,-0.68453976567,
    9.999997615814E-02));
#5285 = VECTOR('',#5286,1.);
#5286 = DIRECTION('',(-0.,-0.,-1.));
#5287 = PLANE('',#5288);
#5288 = AXIS2_PLACEMENT_3D('',#5289,#5290,#5291);
#5289 = CARTESIAN_POINT('',(-6.453174370825E-02,-0.970999455341,
    9.999997615814E-02));
#5290 = DIRECTION('',(-1.,0.,0.));
#5291 = DIRECTION('',(0.,0.,1.));
#5292 = ADVANCED_FACE('',(#5293),#5311,.T.);
#5293 = FACE_BOUND('',#5294,.T.);
#5294 = EDGE_LOOP('',(#5295,#5296,#5297,#5305));
#5295 = ORIENTED_EDGE('',*,*,#2933,.F.);
#5296 = ORIENTED_EDGE('',*,*,#5282,.F.);
#5297 = ORIENTED_EDGE('',*,*,#5298,.T.);
#5298 = EDGE_CURVE('',#5275,#5299,#5301,.T.);
#5299 = VERTEX_POINT('',#5300);
#5300 = CARTESIAN_POINT('',(-0.145371454151,-0.68453976567,
    9.999997615814E-02));
#5301 = LINE('',#5302,#5303);
#5302 = CARTESIAN_POINT('',(-6.453174370825E-02,-0.68453976567,
    9.999997615814E-02));
#5303 = VECTOR('',#5304,1.);
#5304 = DIRECTION('',(-1.,0.,0.));
#5305 = ORIENTED_EDGE('',*,*,#5306,.T.);
#5306 = EDGE_CURVE('',#5299,#2934,#5307,.T.);
#5307 = LINE('',#5308,#5309);
#5308 = CARTESIAN_POINT('',(-0.145371454151,-0.68453976567,
    9.999997615814E-02));
#5309 = VECTOR('',#5310,1.);
#5310 = DIRECTION('',(-0.,-0.,-1.));
#5311 = PLANE('',#5312);
#5312 = AXIS2_PLACEMENT_3D('',#5313,#5314,#5315);
#5313 = CARTESIAN_POINT('',(-6.453174370825E-02,-0.68453976567,
    9.999997615814E-02));
#5314 = DIRECTION('',(0.,-1.,0.));
#5315 = DIRECTION('',(0.,0.,-1.));
#5316 = ADVANCED_FACE('',(#5317),#5351,.T.);
#5317 = FACE_BOUND('',#5318,.T.);
#5318 = EDGE_LOOP('',(#5319,#5320,#5321,#5345));
#5319 = ORIENTED_EDGE('',*,*,#2941,.F.);
#5320 = ORIENTED_EDGE('',*,*,#5306,.F.);
#5321 = ORIENTED_EDGE('',*,*,#5322,.T.);
#5322 = EDGE_CURVE('',#5299,#5323,#5325,.T.);
#5323 = VERTEX_POINT('',#5324);
#5324 = CARTESIAN_POINT('',(-0.295096859784,-0.824167030567,
    9.999997615814E-02));
#5325 = B_SPLINE_CURVE_WITH_KNOTS('',3,(#5326,#5327,#5328,#5329,#5330,
    #5331,#5332,#5333,#5334,#5335,#5336,#5337,#5338,#5339,#5340,#5341,
    #5342,#5343,#5344),.UNSPECIFIED.,.F.,.F.,(4,1,1,1,1,1,1,1,1,1,1,1,1,
    1,1,1,4),(0.,6.86311786766E-02,0.134566466039,0.198328154011,
    0.260789766641,0.321999151484,0.382721746503,0.443537474036,
    0.505133429485,0.566213874765,0.626105864618,0.685349322161,
    0.744995870348,0.805415841815,0.867636266346,0.932307782302,1.),
  .UNSPECIFIED.);
#5326 = CARTESIAN_POINT('',(-0.145371454151,-0.68453976567,
    9.999997615814E-02));
#5327 = CARTESIAN_POINT('',(-0.15063425263,-0.684657068608,
    9.999997615814E-02));
#5328 = CARTESIAN_POINT('',(-0.160953122369,-0.684887066724,
    9.999997615814E-02));
#5329 = CARTESIAN_POINT('',(-0.176085110319,-0.68663417155,
    9.999997615814E-02));
#5330 = CARTESIAN_POINT('',(-0.190521487869,-0.689665966319,
    9.999997615814E-02));
#5331 = CARTESIAN_POINT('',(-0.204301954089,-0.693802014184,
    9.999997615814E-02));
#5332 = CARTESIAN_POINT('',(-0.217442471373,-0.699085770192,
    9.999997615814E-02));
#5333 = CARTESIAN_POINT('',(-0.229819245232,-0.705704905933,
    9.999997615814E-02));
#5334 = CARTESIAN_POINT('',(-0.241568075459,-0.713429374136,
    9.999997615814E-02));
#5335 = CARTESIAN_POINT('',(-0.252536076275,-0.722275927771,
    9.999997615814E-02));
#5336 = CARTESIAN_POINT('',(-0.262533025461,-0.73211242485,
    9.999997615814E-02));
#5337 = CARTESIAN_POINT('',(-0.271247736776,-0.742870325013,
    9.999997615814E-02));
#5338 = CARTESIAN_POINT('',(-0.278708883138,-0.754405742929,
    9.999997615814E-02));
#5339 = CARTESIAN_POINT('',(-0.284713142484,-0.766809888025,
    9.999997615814E-02));
#5340 = CARTESIAN_POINT('',(-0.289375270624,-0.780015926767,
    9.999997615814E-02));
#5341 = CARTESIAN_POINT('',(-0.29267666531,-0.794014283084,
    9.999997615814E-02));
#5342 = CARTESIAN_POINT('',(-0.294758925812,-0.808820811835,
    9.999997615814E-02));
#5343 = CARTESIAN_POINT('',(-0.294982514273,-0.818974385348,
    9.999997615814E-02));
#5344 = CARTESIAN_POINT('',(-0.295096859784,-0.824167030567,
    9.999997615814E-02));
#5345 = ORIENTED_EDGE('',*,*,#5346,.T.);
#5346 = EDGE_CURVE('',#5323,#2892,#5347,.T.);
#5347 = LINE('',#5348,#5349);
#5348 = CARTESIAN_POINT('',(-0.295096859784,-0.824167030567,
    9.999997615814E-02));
#5349 = VECTOR('',#5350,1.);
#5350 = DIRECTION('',(-0.,-0.,-1.));
#5351 = B_SPLINE_SURFACE_WITH_KNOTS('',3,1,(
    (#5352,#5353)
    ,(#5354,#5355)
    ,(#5356,#5357)
    ,(#5358,#5359)
    ,(#5360,#5361)
    ,(#5362,#5363)
    ,(#5364,#5365)
    ,(#5366,#5367)
    ,(#5368,#5369)
    ,(#5370,#5371)
    ,(#5372,#5373)
    ,(#5374,#5375)
    ,(#5376,#5377)
    ,(#5378,#5379)
    ,(#5380,#5381)
    ,(#5382,#5383)
    ,(#5384,#5385)
    ,(#5386,#5387)
    ,(#5388,#5389
    )),.UNSPECIFIED.,.F.,.F.,.F.,(4,1,1,1,1,1,1,1,1,1,1,1,1,1,1,1,4),(2,
    2),(0.,6.86311786766E-02,0.134566466039,0.198328154011,
    0.260789766641,0.321999151484,0.382721746503,0.443537474036,
    0.505133429485,0.566213874765,0.626105864618,0.685349322161,
    0.744995870348,0.805415841815,0.867636266346,0.932307782302,1.),(0.,
    1.),.UNSPECIFIED.);
#5352 = CARTESIAN_POINT('',(-0.145371454151,-0.68453976567,
    9.999997615814E-02));
#5353 = CARTESIAN_POINT('',(-0.145371454151,-0.68453976567,
    -2.384185759929E-08));
#5354 = CARTESIAN_POINT('',(-0.15063425263,-0.684657068608,
    9.999997615814E-02));
#5355 = CARTESIAN_POINT('',(-0.15063425263,-0.684657068608,
    -2.384185759929E-08));
#5356 = CARTESIAN_POINT('',(-0.160953122369,-0.684887066724,
    9.999997615814E-02));
#5357 = CARTESIAN_POINT('',(-0.160953122369,-0.684887066724,
    -2.384185782134E-08));
#5358 = CARTESIAN_POINT('',(-0.176085110319,-0.68663417155,
    9.999997615814E-02));
#5359 = CARTESIAN_POINT('',(-0.176085110319,-0.68663417155,
    -2.384185759929E-08));
#5360 = CARTESIAN_POINT('',(-0.190521487869,-0.689665966319,
    9.999997615814E-02));
#5361 = CARTESIAN_POINT('',(-0.190521487869,-0.689665966319,
    -2.384185737725E-08));
#5362 = CARTESIAN_POINT('',(-0.204301954089,-0.693802014184,
    9.999997615814E-02));
#5363 = CARTESIAN_POINT('',(-0.204301954089,-0.693802014184,
    -2.384185759929E-08));
#5364 = CARTESIAN_POINT('',(-0.217442471373,-0.699085770192,
    9.999997615814E-02));
#5365 = CARTESIAN_POINT('',(-0.217442471373,-0.699085770192,
    -2.384185826543E-08));
#5366 = CARTESIAN_POINT('',(-0.229819245232,-0.705704905933,
    9.999997615814E-02));
#5367 = CARTESIAN_POINT('',(-0.229819245232,-0.705704905933,
    -2.384185759929E-08));
#5368 = CARTESIAN_POINT('',(-0.241568075459,-0.713429374136,
    9.999997615814E-02));
#5369 = CARTESIAN_POINT('',(-0.241568075459,-0.713429374136,
    -2.384185826543E-08));
#5370 = CARTESIAN_POINT('',(-0.252536076275,-0.722275927771,
    9.999997615814E-02));
#5371 = CARTESIAN_POINT('',(-0.252536076275,-0.722275927771,
    -2.384185737725E-08));
#5372 = CARTESIAN_POINT('',(-0.262533025461,-0.73211242485,
    9.999997615814E-02));
#5373 = CARTESIAN_POINT('',(-0.262533025461,-0.73211242485,
    -2.384185782134E-08));
#5374 = CARTESIAN_POINT('',(-0.271247736776,-0.742870325013,
    9.999997615814E-02));
#5375 = CARTESIAN_POINT('',(-0.271247736776,-0.742870325013,
    -2.384185759929E-08));
#5376 = CARTESIAN_POINT('',(-0.278708883138,-0.754405742929,
    9.999997615814E-02));
#5377 = CARTESIAN_POINT('',(-0.278708883138,-0.754405742929,
    -2.384185759929E-08));
#5378 = CARTESIAN_POINT('',(-0.284713142484,-0.766809888025,
    9.999997615814E-02));
#5379 = CARTESIAN_POINT('',(-0.284713142484,-0.766809888025,
    -2.384185782134E-08));
#5380 = CARTESIAN_POINT('',(-0.289375270624,-0.780015926767,
    9.999997615814E-02));
#5381 = CARTESIAN_POINT('',(-0.289375270624,-0.780015926767,
    -2.384185693316E-08));
#5382 = CARTESIAN_POINT('',(-0.29267666531,-0.794014283084,
    9.999997615814E-02));
#5383 = CARTESIAN_POINT('',(-0.29267666531,-0.794014283084,
    -2.384185804338E-08));
#5384 = CARTESIAN_POINT('',(-0.294758925812,-0.808820811835,
    9.999997615814E-02));
#5385 = CARTESIAN_POINT('',(-0.294758925812,-0.808820811835,
    -2.384185737725E-08));
#5386 = CARTESIAN_POINT('',(-0.294982514273,-0.818974385348,
    9.999997615814E-02));
#5387 = CARTESIAN_POINT('',(-0.294982514273,-0.818974385348,
    -2.384185737725E-08));
#5388 = CARTESIAN_POINT('',(-0.295096859784,-0.824167030567,
    9.999997615814E-02));
#5389 = CARTESIAN_POINT('',(-0.295096859784,-0.824167030567,
    -2.384185759929E-08));
#5390 = ADVANCED_FACE('',(#5391),#5418,.T.);
#5391 = FACE_BOUND('',#5392,.T.);
#5392 = EDGE_LOOP('',(#5393,#5394,#5395,#5417));
#5393 = ORIENTED_EDGE('',*,*,#2891,.F.);
#5394 = ORIENTED_EDGE('',*,*,#5346,.F.);
#5395 = ORIENTED_EDGE('',*,*,#5396,.T.);
#5396 = EDGE_CURVE('',#5323,#5243,#5397,.T.);
#5397 = B_SPLINE_CURVE_WITH_KNOTS('',3,(#5398,#5399,#5400,#5401,#5402,
    #5403,#5404,#5405,#5406,#5407,#5408,#5409,#5410,#5411,#5412,#5413,
    #5414,#5415,#5416),.UNSPECIFIED.,.F.,.F.,(4,1,1,1,1,1,1,1,1,1,1,1,1,
    1,1,1,4),(0.,6.806869584499E-02,0.133427432819,0.196146033813,
    0.257048592449,0.316882663159,0.376187208666,0.435960335364,
    0.496535236863,0.557465343481,0.61768686341,0.677943640697,
    0.738805284806,0.800949336767,0.86481466747,0.931024781079,1.),
  .UNSPECIFIED.);
#5398 = CARTESIAN_POINT('',(-0.295096859784,-0.824167030567,
    9.999997615814E-02));
#5399 = CARTESIAN_POINT('',(-0.294981168111,-0.829577562163,
    9.999997615814E-02));
#5400 = CARTESIAN_POINT('',(-0.294754390694,-0.84018322064,
    9.999997615814E-02));
#5401 = CARTESIAN_POINT('',(-0.292681631793,-0.855661266474,
    9.999997615814E-02));
#5402 = CARTESIAN_POINT('',(-0.289372822977,-0.870327152643,
    9.999997615814E-02));
#5403 = CARTESIAN_POINT('',(-0.284728233786,-0.884172547189,
    9.999997615814E-02));
#5404 = CARTESIAN_POINT('',(-0.278714847314,-0.89718746373,
    9.999997615814E-02));
#5405 = CARTESIAN_POINT('',(-0.271259143879,-0.909324353156,
    9.999997615814E-02));
#5406 = CARTESIAN_POINT('',(-0.262562070022,-0.920675755238,
    9.999997615814E-02));
#5407 = CARTESIAN_POINT('',(-0.252564039734,-0.931086146455,
    9.999997615814E-02));
#5408 = CARTESIAN_POINT('',(-0.241506938754,-0.940403409467,
    9.999997615814E-02));
#5409 = CARTESIAN_POINT('',(-0.229683361962,-0.948689775131,
    9.999997615814E-02));
#5410 = CARTESIAN_POINT('',(-0.216991714634,-0.955574640601,
    9.999997615814E-02));
#5411 = CARTESIAN_POINT('',(-0.203540395916,-0.961199903271,
    9.999997615814E-02));
#5412 = CARTESIAN_POINT('',(-0.189352932196,-0.965666025555,
    9.999997615814E-02));
#5413 = CARTESIAN_POINT('',(-0.174367836894,-0.968706788989,
    9.999997615814E-02));
#5414 = CARTESIAN_POINT('',(-0.158653213897,-0.970705824618,
    9.999997615814E-02));
#5415 = CARTESIAN_POINT('',(-0.147906932592,-0.97090025281,
    9.999997615814E-02));
#5416 = CARTESIAN_POINT('',(-0.142423888746,-0.970999455341,
    9.999997615814E-02));
#5417 = ORIENTED_EDGE('',*,*,#5242,.T.);
#5418 = B_SPLINE_SURFACE_WITH_KNOTS('',3,1,(
    (#5419,#5420)
    ,(#5421,#5422)
    ,(#5423,#5424)
    ,(#5425,#5426)
    ,(#5427,#5428)
    ,(#5429,#5430)
    ,(#5431,#5432)
    ,(#5433,#5434)
    ,(#5435,#5436)
    ,(#5437,#5438)
    ,(#5439,#5440)
    ,(#5441,#5442)
    ,(#5443,#5444)
    ,(#5445,#5446)
    ,(#5447,#5448)
    ,(#5449,#5450)
    ,(#5451,#5452)
    ,(#5453,#5454)
    ,(#5455,#5456
    )),.UNSPECIFIED.,.F.,.F.,.F.,(4,1,1,1,1,1,1,1,1,1,1,1,1,1,1,1,4),(2,
    2),(0.,6.806869584499E-02,0.133427432819,0.196146033813,
    0.257048592449,0.316882663159,0.376187208666,0.435960335364,
    0.496535236863,0.557465343481,0.61768686341,0.677943640697,
    0.738805284806,0.800949336767,0.86481466747,0.931024781079,1.),(0.,
    1.),.UNSPECIFIED.);
#5419 = CARTESIAN_POINT('',(-0.295096859784,-0.824167030567,
    9.999997615814E-02));
#5420 = CARTESIAN_POINT('',(-0.295096859784,-0.824167030567,
    -2.384185782134E-08));
#5421 = CARTESIAN_POINT('',(-0.294981168111,-0.829577562163,
    9.999997615814E-02));
#5422 = CARTESIAN_POINT('',(-0.294981168111,-0.829577562163,
    -2.384185804338E-08));
#5423 = CARTESIAN_POINT('',(-0.294754390694,-0.84018322064,
    9.999997615814E-02));
#5424 = CARTESIAN_POINT('',(-0.294754390694,-0.84018322064,
    -2.384185826543E-08));
#5425 = CARTESIAN_POINT('',(-0.292681631793,-0.855661266474,
    9.999997615814E-02));
#5426 = CARTESIAN_POINT('',(-0.292681631793,-0.855661266474,
    -2.384185759929E-08));
#5427 = CARTESIAN_POINT('',(-0.289372822977,-0.870327152643,
    9.999997615814E-02));
#5428 = CARTESIAN_POINT('',(-0.289372822977,-0.870327152643,
    -2.384185848747E-08));
#5429 = CARTESIAN_POINT('',(-0.284728233786,-0.884172547189,
    9.999997615814E-02));
#5430 = CARTESIAN_POINT('',(-0.284728233786,-0.884172547189,
    -2.384185826543E-08));
#5431 = CARTESIAN_POINT('',(-0.278714847314,-0.89718746373,
    9.999997615814E-02));
#5432 = CARTESIAN_POINT('',(-0.278714847314,-0.89718746373,
    -2.384185737725E-08));
#5433 = CARTESIAN_POINT('',(-0.271259143879,-0.909324353156,
    9.999997615814E-02));
#5434 = CARTESIAN_POINT('',(-0.271259143879,-0.909324353156,
    -2.384185782134E-08));
#5435 = CARTESIAN_POINT('',(-0.262562070022,-0.920675755238,
    9.999997615814E-02));
#5436 = CARTESIAN_POINT('',(-0.262562070022,-0.920675755238,
    -2.384185848747E-08));
#5437 = CARTESIAN_POINT('',(-0.252564039734,-0.931086146455,
    9.999997615814E-02));
#5438 = CARTESIAN_POINT('',(-0.252564039734,-0.931086146455,
    -2.384185782134E-08));
#5439 = CARTESIAN_POINT('',(-0.241506938754,-0.940403409467,
    9.999997615814E-02));
#5440 = CARTESIAN_POINT('',(-0.241506938754,-0.940403409467,
    -2.384185826543E-08));
#5441 = CARTESIAN_POINT('',(-0.229683361962,-0.948689775131,
    9.999997615814E-02));
#5442 = CARTESIAN_POINT('',(-0.229683361962,-0.948689775131,
    -2.384185782134E-08));
#5443 = CARTESIAN_POINT('',(-0.216991714634,-0.955574640601,
    9.999997615814E-02));
#5444 = CARTESIAN_POINT('',(-0.216991714634,-0.955574640601,
    -2.384185804338E-08));
#5445 = CARTESIAN_POINT('',(-0.203540395916,-0.961199903271,
    9.999997615814E-02));
#5446 = CARTESIAN_POINT('',(-0.203540395916,-0.961199903271,
    -2.384185804338E-08));
#5447 = CARTESIAN_POINT('',(-0.189352932196,-0.965666025555,
    9.999997615814E-02));
#5448 = CARTESIAN_POINT('',(-0.189352932196,-0.965666025555,
    -2.384185804338E-08));
#5449 = CARTESIAN_POINT('',(-0.174367836894,-0.968706788989,
    9.999997615814E-02));
#5450 = CARTESIAN_POINT('',(-0.174367836894,-0.968706788989,
    -2.384185737725E-08));
#5451 = CARTESIAN_POINT('',(-0.158653213897,-0.970705824618,
    9.999997615814E-02));
#5452 = CARTESIAN_POINT('',(-0.158653213897,-0.970705824618,
    -2.384185848747E-08));
#5453 = CARTESIAN_POINT('',(-0.147906932592,-0.97090025281,
    9.999997615814E-02));
#5454 = CARTESIAN_POINT('',(-0.147906932592,-0.97090025281,
    -2.384185782134E-08));
#5455 = CARTESIAN_POINT('',(-0.142423888746,-0.970999455341,
    9.999997615814E-02));
#5456 = CARTESIAN_POINT('',(-0.142423888746,-0.970999455341,
    -2.384185782134E-08));
#5457 = ADVANCED_FACE('',(#5458,#5532),#5539,.T.);
#5458 = FACE_BOUND('',#5459,.T.);
#5459 = EDGE_LOOP('',(#5460,#5486,#5510,#5518,#5526));
#5460 = ORIENTED_EDGE('',*,*,#5461,.F.);
#5461 = EDGE_CURVE('',#5462,#5464,#5466,.T.);
#5462 = VERTEX_POINT('',#5463);
#5463 = CARTESIAN_POINT('',(-0.256669340438,-0.824985798735,
    9.999997615814E-02));
#5464 = VERTEX_POINT('',#5465);
#5465 = CARTESIAN_POINT('',(-0.145207700517,-0.715980463317,
    9.999997615814E-02));
#5466 = B_SPLINE_CURVE_WITH_KNOTS('',3,(#5467,#5468,#5469,#5470,#5471,
    #5472,#5473,#5474,#5475,#5476,#5477,#5478,#5479,#5480,#5481,#5482,
    #5483,#5484,#5485),.UNSPECIFIED.,.F.,.F.,(4,1,1,1,1,1,1,1,1,1,1,1,1,
    1,1,1,4),(0.,7.430379644282E-02,0.144393610364,0.210499496103,
    0.273542606503,0.333824744579,0.392529672409,0.4500874546,
    0.507820611556,0.565464912777,0.623148722334,0.681297192791,
    0.740913498157,0.801855752196,0.865241237721,0.930941657047,1.),
  .UNSPECIFIED.);
#5467 = CARTESIAN_POINT('',(-0.256669340438,-0.824985798735,
    9.999997615814E-02));
#5468 = CARTESIAN_POINT('',(-0.256575444514,-0.820596982733,
    9.999997615814E-02));
#5469 = CARTESIAN_POINT('',(-0.256392977775,-0.812068253138,
    9.999997615814E-02));
#5470 = CARTESIAN_POINT('',(-0.254973222193,-0.799698635024,
    9.999997615814E-02));
#5471 = CARTESIAN_POINT('',(-0.252593892294,-0.788158040629,
    9.999997615814E-02));
#5472 = CARTESIAN_POINT('',(-0.249211144053,-0.777473453193,
    9.999997615814E-02));
#5473 = CARTESIAN_POINT('',(-0.244893471684,-0.767603673664,
    9.999997615814E-02));
#5474 = CARTESIAN_POINT('',(-0.239576828112,-0.758605250519,
    9.999997615814E-02));
#5475 = CARTESIAN_POINT('',(-0.233302425029,-0.750434069006,
    9.999997615814E-02));
#5476 = CARTESIAN_POINT('',(-0.22607116598,-0.743183896751,
    9.999997615814E-02));
#5477 = CARTESIAN_POINT('',(-0.218060600102,-0.736809949002,
    9.999997615814E-02));
#5478 = CARTESIAN_POINT('',(-0.209467670381,-0.731200561201,
    9.999997615814E-02));
#5479 = CARTESIAN_POINT('',(-0.200217835574,-0.726490694008,
    9.999997615814E-02));
#5480 = CARTESIAN_POINT('',(-0.19038355071,-0.722620358329,
    9.999997615814E-02));
#5481 = CARTESIAN_POINT('',(-0.179931532457,-0.719600341706,
    9.999997615814E-02));
#5482 = CARTESIAN_POINT('',(-0.16889384699,-0.717504144012,
    9.999997615814E-02));
#5483 = CARTESIAN_POINT('',(-0.157246298372,-0.716228175274,
    9.999997615814E-02));
#5484 = CARTESIAN_POINT('',(-0.14928667916,-0.716064394336,
    9.999997615814E-02));
#5485 = CARTESIAN_POINT('',(-0.145207700517,-0.715980463317,
    9.999997615814E-02));
#5486 = ORIENTED_EDGE('',*,*,#5487,.F.);
#5487 = EDGE_CURVE('',#5488,#5462,#5490,.T.);
#5488 = VERTEX_POINT('',#5489);
#5489 = CARTESIAN_POINT('',(-0.143624748726,-0.939558757694,
    9.999997615814E-02));
#5490 = B_SPLINE_CURVE_WITH_KNOTS('',3,(#5491,#5492,#5493,#5494,#5495,
    #5496,#5497,#5498,#5499,#5500,#5501,#5502,#5503,#5504,#5505,#5506,
    #5507,#5508,#5509),.UNSPECIFIED.,.F.,.F.,(4,1,1,1,1,1,1,1,1,1,1,1,1,
    1,1,1,4),(0.,7.082657255516E-02,0.13816903328,0.202475331534,
    0.263973754414,0.323380320598,0.381797622713,0.439390074519,
    0.496902724546,0.554662169609,0.612741878492,0.671538836391,
    0.73165572209,0.794297811614,0.859482204979,0.927681325453,1.),
  .UNSPECIFIED.);
#5491 = CARTESIAN_POINT('',(-0.143624748726,-0.939558757694,
    9.999997615814E-02));
#5492 = CARTESIAN_POINT('',(-0.1479409998,-0.939465455219,
    9.999997615814E-02));
#5493 = CARTESIAN_POINT('',(-0.156361176251,-0.939283440018,
    9.999997615814E-02));
#5494 = CARTESIAN_POINT('',(-0.168632122946,-0.937838021254,
    9.999997615814E-02));
#5495 = CARTESIAN_POINT('',(-0.180181279623,-0.935516954543,
    9.999997615814E-02));
#5496 = CARTESIAN_POINT('',(-0.191010175659,-0.932265495318,
    9.999997615814E-02));
#5497 = CARTESIAN_POINT('',(-0.201071896654,-0.927955531479,
    9.999997615814E-02));
#5498 = CARTESIAN_POINT('',(-0.210447611416,-0.922783330342,
    9.999997615814E-02));
#5499 = CARTESIAN_POINT('',(-0.219072921816,-0.916628509238,
    9.999997615814E-02));
#5500 = CARTESIAN_POINT('',(-0.226912863712,-0.909560099004,
    9.999997615814E-02));
#5501 = CARTESIAN_POINT('',(-0.233900974477,-0.90161329737,
    9.999997615814E-02));
#5502 = CARTESIAN_POINT('',(-0.240066264723,-0.892912415627,
    9.999997615814E-02));
#5503 = CARTESIAN_POINT('',(-0.245188596574,-0.88339642655,
    9.999997615814E-02));
#5504 = CARTESIAN_POINT('',(-0.249430345626,-0.873159706654,
    9.999997615814E-02));
#5505 = CARTESIAN_POINT('',(-0.252671642408,-0.862157145154,
    9.999997615814E-02));
#5506 = CARTESIAN_POINT('',(-0.255021264235,-0.850432818927,
    9.999997615814E-02));
#5507 = CARTESIAN_POINT('',(-0.25637838651,-0.837954222736,
    9.999997615814E-02));
#5508 = CARTESIAN_POINT('',(-0.25657047861,-0.8293922768,
    9.999997615814E-02));
#5509 = CARTESIAN_POINT('',(-0.256669340438,-0.824985798735,
    9.999997615814E-02));
#5510 = ORIENTED_EDGE('',*,*,#5511,.F.);
#5511 = EDGE_CURVE('',#5512,#5488,#5514,.T.);
#5512 = VERTEX_POINT('',#5513);
#5513 = CARTESIAN_POINT('',(-0.102959263054,-0.939558757694,
    9.999997615814E-02));
#5514 = LINE('',#5515,#5516);
#5515 = CARTESIAN_POINT('',(-0.102959263054,-0.939558757694,
    9.999997615814E-02));
#5516 = VECTOR('',#5517,1.);
#5517 = DIRECTION('',(-1.,0.,0.));
#5518 = ORIENTED_EDGE('',*,*,#5519,.F.);
#5519 = EDGE_CURVE('',#5520,#5512,#5522,.T.);
#5520 = VERTEX_POINT('',#5521);
#5521 = CARTESIAN_POINT('',(-0.102959263054,-0.715980463317,
    9.999997615814E-02));
#5522 = LINE('',#5523,#5524);
#5523 = CARTESIAN_POINT('',(-0.102959263054,-0.715980463317,
    9.999997615814E-02));
#5524 = VECTOR('',#5525,1.);
#5525 = DIRECTION('',(0.,-1.,0.));
#5526 = ORIENTED_EDGE('',*,*,#5527,.F.);
#5527 = EDGE_CURVE('',#5464,#5520,#5528,.T.);
#5528 = LINE('',#5529,#5530);
#5529 = CARTESIAN_POINT('',(-0.145207700517,-0.715980463317,
    9.999997615814E-02));
#5530 = VECTOR('',#5531,1.);
#5531 = DIRECTION('',(1.,0.,0.));
#5532 = FACE_BOUND('',#5533,.T.);
#5533 = EDGE_LOOP('',(#5534,#5535,#5536,#5537,#5538));
#5534 = ORIENTED_EDGE('',*,*,#5250,.F.);
#5535 = ORIENTED_EDGE('',*,*,#5396,.F.);
#5536 = ORIENTED_EDGE('',*,*,#5322,.F.);
#5537 = ORIENTED_EDGE('',*,*,#5298,.F.);
#5538 = ORIENTED_EDGE('',*,*,#5274,.F.);
#5539 = PLANE('',#5540);
#5540 = AXIS2_PLACEMENT_3D('',#5541,#5542,#5543);
#5541 = CARTESIAN_POINT('',(-0.251526781796,-0.721693386776,
    9.999997615814E-02));
#5542 = DIRECTION('',(0.,0.,-1.));
#5543 = DIRECTION('',(-1.,0.,0.));
#5544 = ADVANCED_FACE('',(#5545),#5570,.T.);
#5545 = FACE_BOUND('',#5546,.T.);
#5546 = EDGE_LOOP('',(#5547,#5557,#5563,#5564));
#5547 = ORIENTED_EDGE('',*,*,#5548,.F.);
#5548 = EDGE_CURVE('',#5549,#5551,#5553,.T.);
#5549 = VERTEX_POINT('',#5550);
#5550 = CARTESIAN_POINT('',(-0.145207700517,-0.715980463317,
    -2.384185759929E-08));
#5551 = VERTEX_POINT('',#5552);
#5552 = CARTESIAN_POINT('',(-0.102959263054,-0.715980463317,
    -2.384185759929E-08));
#5553 = LINE('',#5554,#5555);
#5554 = CARTESIAN_POINT('',(-0.145207700517,-0.715980463317,
    -2.384185759929E-08));
#5555 = VECTOR('',#5556,1.);
#5556 = DIRECTION('',(1.,0.,0.));
#5557 = ORIENTED_EDGE('',*,*,#5558,.F.);
#5558 = EDGE_CURVE('',#5464,#5549,#5559,.T.);
#5559 = LINE('',#5560,#5561);
#5560 = CARTESIAN_POINT('',(-0.145207700517,-0.715980463317,
    9.999997615814E-02));
#5561 = VECTOR('',#5562,1.);
#5562 = DIRECTION('',(-0.,-0.,-1.));
#5563 = ORIENTED_EDGE('',*,*,#5527,.T.);
#5564 = ORIENTED_EDGE('',*,*,#5565,.T.);
#5565 = EDGE_CURVE('',#5520,#5551,#5566,.T.);
#5566 = LINE('',#5567,#5568);
#5567 = CARTESIAN_POINT('',(-0.102959263054,-0.715980463317,
    9.999997615814E-02));
#5568 = VECTOR('',#5569,1.);
#5569 = DIRECTION('',(-0.,-0.,-1.));
#5570 = PLANE('',#5571);
#5571 = AXIS2_PLACEMENT_3D('',#5572,#5573,#5574);
#5572 = CARTESIAN_POINT('',(-0.145207700517,-0.715980463317,
    9.999997615814E-02));
#5573 = DIRECTION('',(0.,1.,0.));
#5574 = DIRECTION('',(0.,-0.,1.));
#5575 = ADVANCED_FACE('',(#5576),#5610,.T.);
#5576 = FACE_BOUND('',#5577,.T.);
#5577 = EDGE_LOOP('',(#5578,#5602,#5608,#5609));
#5578 = ORIENTED_EDGE('',*,*,#5579,.F.);
#5579 = EDGE_CURVE('',#5580,#5549,#5582,.T.);
#5580 = VERTEX_POINT('',#5581);
#5581 = CARTESIAN_POINT('',(-0.256669340438,-0.824985798735,
    -2.384185759929E-08));
#5582 = B_SPLINE_CURVE_WITH_KNOTS('',3,(#5583,#5584,#5585,#5586,#5587,
    #5588,#5589,#5590,#5591,#5592,#5593,#5594,#5595,#5596,#5597,#5598,
    #5599,#5600,#5601),.UNSPECIFIED.,.F.,.F.,(4,1,1,1,1,1,1,1,1,1,1,1,1,
    1,1,1,4),(0.,7.430379644282E-02,0.144393610364,0.210499496103,
    0.273542606503,0.333824744579,0.392529672409,0.4500874546,
    0.507820611556,0.565464912777,0.623148722334,0.681297192791,
    0.740913498157,0.801855752196,0.865241237721,0.930941657047,1.),
  .UNSPECIFIED.);
#5583 = CARTESIAN_POINT('',(-0.256669340438,-0.824985798735,
    -2.384185759929E-08));
#5584 = CARTESIAN_POINT('',(-0.256575444514,-0.820596982733,
    -2.384185759929E-08));
#5585 = CARTESIAN_POINT('',(-0.256392977775,-0.812068253138,
    -2.384185804338E-08));
#5586 = CARTESIAN_POINT('',(-0.254973222193,-0.799698635024,
    -2.38418571552E-08));
#5587 = CARTESIAN_POINT('',(-0.252593892294,-0.788158040629,
    -2.384185804338E-08));
#5588 = CARTESIAN_POINT('',(-0.249211144053,-0.777473453193,
    -2.384185759929E-08));
#5589 = CARTESIAN_POINT('',(-0.244893471684,-0.767603673664,
    -2.384185782134E-08));
#5590 = CARTESIAN_POINT('',(-0.239576828112,-0.758605250519,
    -2.384185759929E-08));
#5591 = CARTESIAN_POINT('',(-0.233302425029,-0.750434069006,
    -2.38418571552E-08));
#5592 = CARTESIAN_POINT('',(-0.22607116598,-0.743183896751,
    -2.384185782134E-08));
#5593 = CARTESIAN_POINT('',(-0.218060600102,-0.736809949002,
    -2.384185737725E-08));
#5594 = CARTESIAN_POINT('',(-0.209467670381,-0.731200561201,
    -2.384185737725E-08));
#5595 = CARTESIAN_POINT('',(-0.200217835574,-0.726490694008,
    -2.384185737725E-08));
#5596 = CARTESIAN_POINT('',(-0.19038355071,-0.722620358329,
    -2.384185759929E-08));
#5597 = CARTESIAN_POINT('',(-0.179931532457,-0.719600341706,
    -2.384185759929E-08));
#5598 = CARTESIAN_POINT('',(-0.16889384699,-0.717504144012,
    -2.384185804338E-08));
#5599 = CARTESIAN_POINT('',(-0.157246298372,-0.716228175274,
    -2.384185759929E-08));
#5600 = CARTESIAN_POINT('',(-0.14928667916,-0.716064394336,
    -2.384185737725E-08));
#5601 = CARTESIAN_POINT('',(-0.145207700517,-0.715980463317,
    -2.384185759929E-08));
#5602 = ORIENTED_EDGE('',*,*,#5603,.F.);
#5603 = EDGE_CURVE('',#5462,#5580,#5604,.T.);
#5604 = LINE('',#5605,#5606);
#5605 = CARTESIAN_POINT('',(-0.256669340438,-0.824985798735,
    9.999997615814E-02));
#5606 = VECTOR('',#5607,1.);
#5607 = DIRECTION('',(-0.,-0.,-1.));
#5608 = ORIENTED_EDGE('',*,*,#5461,.T.);
#5609 = ORIENTED_EDGE('',*,*,#5558,.T.);
#5610 = B_SPLINE_SURFACE_WITH_KNOTS('',3,1,(
    (#5611,#5612)
    ,(#5613,#5614)
    ,(#5615,#5616)
    ,(#5617,#5618)
    ,(#5619,#5620)
    ,(#5621,#5622)
    ,(#5623,#5624)
    ,(#5625,#5626)
    ,(#5627,#5628)
    ,(#5629,#5630)
    ,(#5631,#5632)
    ,(#5633,#5634)
    ,(#5635,#5636)
    ,(#5637,#5638)
    ,(#5639,#5640)
    ,(#5641,#5642)
    ,(#5643,#5644)
    ,(#5645,#5646)
    ,(#5647,#5648
    )),.UNSPECIFIED.,.F.,.F.,.F.,(4,1,1,1,1,1,1,1,1,1,1,1,1,1,1,1,4),(2,
    2),(0.,7.430379644282E-02,0.144393610364,0.210499496103,
    0.273542606503,0.333824744579,0.392529672409,0.4500874546,
    0.507820611556,0.565464912777,0.623148722334,0.681297192791,
    0.740913498157,0.801855752196,0.865241237721,0.930941657047,1.),(0.,
    1.),.UNSPECIFIED.);
#5611 = CARTESIAN_POINT('',(-0.256669340438,-0.824985798735,
    9.999997615814E-02));
#5612 = CARTESIAN_POINT('',(-0.256669340438,-0.824985798735,
    -2.384185759929E-08));
#5613 = CARTESIAN_POINT('',(-0.256575444514,-0.820596982733,
    9.999997615814E-02));
#5614 = CARTESIAN_POINT('',(-0.256575444514,-0.820596982733,
    -2.384185759929E-08));
#5615 = CARTESIAN_POINT('',(-0.256392977775,-0.812068253138,
    9.999997615814E-02));
#5616 = CARTESIAN_POINT('',(-0.256392977775,-0.812068253138,
    -2.384185804338E-08));
#5617 = CARTESIAN_POINT('',(-0.254973222193,-0.799698635024,
    9.999997615814E-02));
#5618 = CARTESIAN_POINT('',(-0.254973222193,-0.799698635024,
    -2.38418571552E-08));
#5619 = CARTESIAN_POINT('',(-0.252593892294,-0.788158040629,
    9.999997615814E-02));
#5620 = CARTESIAN_POINT('',(-0.252593892294,-0.788158040629,
    -2.384185804338E-08));
#5621 = CARTESIAN_POINT('',(-0.249211144053,-0.777473453193,
    9.999997615814E-02));
#5622 = CARTESIAN_POINT('',(-0.249211144053,-0.777473453193,
    -2.384185759929E-08));
#5623 = CARTESIAN_POINT('',(-0.244893471684,-0.767603673664,
    9.999997615814E-02));
#5624 = CARTESIAN_POINT('',(-0.244893471684,-0.767603673664,
    -2.384185782134E-08));
#5625 = CARTESIAN_POINT('',(-0.239576828112,-0.758605250519,
    9.999997615814E-02));
#5626 = CARTESIAN_POINT('',(-0.239576828112,-0.758605250519,
    -2.384185759929E-08));
#5627 = CARTESIAN_POINT('',(-0.233302425029,-0.750434069006,
    9.999997615814E-02));
#5628 = CARTESIAN_POINT('',(-0.233302425029,-0.750434069006,
    -2.38418571552E-08));
#5629 = CARTESIAN_POINT('',(-0.22607116598,-0.743183896751,
    9.999997615814E-02));
#5630 = CARTESIAN_POINT('',(-0.22607116598,-0.743183896751,
    -2.384185782134E-08));
#5631 = CARTESIAN_POINT('',(-0.218060600102,-0.736809949002,
    9.999997615814E-02));
#5632 = CARTESIAN_POINT('',(-0.218060600102,-0.736809949002,
    -2.384185737725E-08));
#5633 = CARTESIAN_POINT('',(-0.209467670381,-0.731200561201,
    9.999997615814E-02));
#5634 = CARTESIAN_POINT('',(-0.209467670381,-0.731200561201,
    -2.384185737725E-08));
#5635 = CARTESIAN_POINT('',(-0.200217835574,-0.726490694008,
    9.999997615814E-02));
#5636 = CARTESIAN_POINT('',(-0.200217835574,-0.726490694008,
    -2.384185737725E-08));
#5637 = CARTESIAN_POINT('',(-0.19038355071,-0.722620358329,
    9.999997615814E-02));
#5638 = CARTESIAN_POINT('',(-0.19038355071,-0.722620358329,
    -2.384185759929E-08));
#5639 = CARTESIAN_POINT('',(-0.179931532457,-0.719600341706,
    9.999997615814E-02));
#5640 = CARTESIAN_POINT('',(-0.179931532457,-0.719600341706,
    -2.384185759929E-08));
#5641 = CARTESIAN_POINT('',(-0.16889384699,-0.717504144012,
    9.999997615814E-02));
#5642 = CARTESIAN_POINT('',(-0.16889384699,-0.717504144012,
    -2.384185804338E-08));
#5643 = CARTESIAN_POINT('',(-0.157246298372,-0.716228175274,
    9.999997615814E-02));
#5644 = CARTESIAN_POINT('',(-0.157246298372,-0.716228175274,
    -2.384185759929E-08));
#5645 = CARTESIAN_POINT('',(-0.14928667916,-0.716064394336,
    9.999997615814E-02));
#5646 = CARTESIAN_POINT('',(-0.14928667916,-0.716064394336,
    -2.384185737725E-08));
#5647 = CARTESIAN_POINT('',(-0.145207700517,-0.715980463317,
    9.999997615814E-02));
#5648 = CARTESIAN_POINT('',(-0.145207700517,-0.715980463317,
    -2.384185759929E-08));
#5649 = ADVANCED_FACE('',(#5650),#5684,.T.);
#5650 = FACE_BOUND('',#5651,.T.);
#5651 = EDGE_LOOP('',(#5652,#5676,#5682,#5683));
#5652 = ORIENTED_EDGE('',*,*,#5653,.F.);
#5653 = EDGE_CURVE('',#5654,#5580,#5656,.T.);
#5654 = VERTEX_POINT('',#5655);
#5655 = CARTESIAN_POINT('',(-0.143624748726,-0.939558757694,
    -2.384185759929E-08));
#5656 = B_SPLINE_CURVE_WITH_KNOTS('',3,(#5657,#5658,#5659,#5660,#5661,
    #5662,#5663,#5664,#5665,#5666,#5667,#5668,#5669,#5670,#5671,#5672,
    #5673,#5674,#5675),.UNSPECIFIED.,.F.,.F.,(4,1,1,1,1,1,1,1,1,1,1,1,1,
    1,1,1,4),(0.,7.082657255516E-02,0.13816903328,0.202475331534,
    0.263973754414,0.323380320598,0.381797622713,0.439390074519,
    0.496902724546,0.554662169609,0.612741878492,0.671538836391,
    0.73165572209,0.794297811614,0.859482204979,0.927681325453,1.),
  .UNSPECIFIED.);
#5657 = CARTESIAN_POINT('',(-0.143624748726,-0.939558757694,
    -2.384185759929E-08));
#5658 = CARTESIAN_POINT('',(-0.1479409998,-0.939465455219,
    -2.384185782134E-08));
#5659 = CARTESIAN_POINT('',(-0.156361176251,-0.939283440018,
    -2.384185782134E-08));
#5660 = CARTESIAN_POINT('',(-0.168632122946,-0.937838021254,
    -2.384185782134E-08));
#5661 = CARTESIAN_POINT('',(-0.180181279623,-0.935516954543,
    -2.384185737725E-08));
#5662 = CARTESIAN_POINT('',(-0.191010175659,-0.932265495318,
    -2.384185737725E-08));
#5663 = CARTESIAN_POINT('',(-0.201071896654,-0.927955531479,
    -2.384185804338E-08));
#5664 = CARTESIAN_POINT('',(-0.210447611416,-0.922783330342,
    -2.384185737725E-08));
#5665 = CARTESIAN_POINT('',(-0.219072921816,-0.916628509238,
    -2.384185782134E-08));
#5666 = CARTESIAN_POINT('',(-0.226912863712,-0.909560099004,
    -2.384185759929E-08));
#5667 = CARTESIAN_POINT('',(-0.233900974477,-0.90161329737,
    -2.384185737725E-08));
#5668 = CARTESIAN_POINT('',(-0.240066264723,-0.892912415627,
    -2.384185804338E-08));
#5669 = CARTESIAN_POINT('',(-0.245188596574,-0.88339642655,
    -2.384185759929E-08));
#5670 = CARTESIAN_POINT('',(-0.249430345626,-0.873159706654,
    -2.384185782134E-08));
#5671 = CARTESIAN_POINT('',(-0.252671642408,-0.862157145154,
    -2.384185804338E-08));
#5672 = CARTESIAN_POINT('',(-0.255021264235,-0.850432818927,
    -2.384185759929E-08));
#5673 = CARTESIAN_POINT('',(-0.25637838651,-0.837954222736,
    -2.38418571552E-08));
#5674 = CARTESIAN_POINT('',(-0.25657047861,-0.8293922768,
    -2.384185737725E-08));
#5675 = CARTESIAN_POINT('',(-0.256669340438,-0.824985798735,
    -2.384185759929E-08));
#5676 = ORIENTED_EDGE('',*,*,#5677,.F.);
#5677 = EDGE_CURVE('',#5488,#5654,#5678,.T.);
#5678 = LINE('',#5679,#5680);
#5679 = CARTESIAN_POINT('',(-0.143624748726,-0.939558757694,
    9.999997615814E-02));
#5680 = VECTOR('',#5681,1.);
#5681 = DIRECTION('',(-0.,-0.,-1.));
#5682 = ORIENTED_EDGE('',*,*,#5487,.T.);
#5683 = ORIENTED_EDGE('',*,*,#5603,.T.);
#5684 = B_SPLINE_SURFACE_WITH_KNOTS('',3,1,(
    (#5685,#5686)
    ,(#5687,#5688)
    ,(#5689,#5690)
    ,(#5691,#5692)
    ,(#5693,#5694)
    ,(#5695,#5696)
    ,(#5697,#5698)
    ,(#5699,#5700)
    ,(#5701,#5702)
    ,(#5703,#5704)
    ,(#5705,#5706)
    ,(#5707,#5708)
    ,(#5709,#5710)
    ,(#5711,#5712)
    ,(#5713,#5714)
    ,(#5715,#5716)
    ,(#5717,#5718)
    ,(#5719,#5720)
    ,(#5721,#5722
    )),.UNSPECIFIED.,.F.,.F.,.F.,(4,1,1,1,1,1,1,1,1,1,1,1,1,1,1,1,4),(2,
    2),(0.,7.082657255516E-02,0.13816903328,0.202475331534,
    0.263973754414,0.323380320598,0.381797622713,0.439390074519,
    0.496902724546,0.554662169609,0.612741878492,0.671538836391,
    0.73165572209,0.794297811614,0.859482204979,0.927681325453,1.),(0.,
    1.),.UNSPECIFIED.);
#5685 = CARTESIAN_POINT('',(-0.143624748726,-0.939558757694,
    9.999997615814E-02));
#5686 = CARTESIAN_POINT('',(-0.143624748726,-0.939558757694,
    -2.384185759929E-08));
#5687 = CARTESIAN_POINT('',(-0.1479409998,-0.939465455219,
    9.999997615814E-02));
#5688 = CARTESIAN_POINT('',(-0.1479409998,-0.939465455219,
    -2.384185782134E-08));
#5689 = CARTESIAN_POINT('',(-0.156361176251,-0.939283440018,
    9.999997615814E-02));
#5690 = CARTESIAN_POINT('',(-0.156361176251,-0.939283440018,
    -2.384185782134E-08));
#5691 = CARTESIAN_POINT('',(-0.168632122946,-0.937838021254,
    9.999997615814E-02));
#5692 = CARTESIAN_POINT('',(-0.168632122946,-0.937838021254,
    -2.384185782134E-08));
#5693 = CARTESIAN_POINT('',(-0.180181279623,-0.935516954543,
    9.999997615814E-02));
#5694 = CARTESIAN_POINT('',(-0.180181279623,-0.935516954543,
    -2.384185737725E-08));
#5695 = CARTESIAN_POINT('',(-0.191010175659,-0.932265495318,
    9.999997615814E-02));
#5696 = CARTESIAN_POINT('',(-0.191010175659,-0.932265495318,
    -2.384185737725E-08));
#5697 = CARTESIAN_POINT('',(-0.201071896654,-0.927955531479,
    9.999997615814E-02));
#5698 = CARTESIAN_POINT('',(-0.201071896654,-0.927955531479,
    -2.384185804338E-08));
#5699 = CARTESIAN_POINT('',(-0.210447611416,-0.922783330342,
    9.999997615814E-02));
#5700 = CARTESIAN_POINT('',(-0.210447611416,-0.922783330342,
    -2.384185737725E-08));
#5701 = CARTESIAN_POINT('',(-0.219072921816,-0.916628509238,
    9.999997615814E-02));
#5702 = CARTESIAN_POINT('',(-0.219072921816,-0.916628509238,
    -2.384185782134E-08));
#5703 = CARTESIAN_POINT('',(-0.226912863712,-0.909560099004,
    9.999997615814E-02));
#5704 = CARTESIAN_POINT('',(-0.226912863712,-0.909560099004,
    -2.384185759929E-08));
#5705 = CARTESIAN_POINT('',(-0.233900974477,-0.90161329737,
    9.999997615814E-02));
#5706 = CARTESIAN_POINT('',(-0.233900974477,-0.90161329737,
    -2.384185737725E-08));
#5707 = CARTESIAN_POINT('',(-0.240066264723,-0.892912415627,
    9.999997615814E-02));
#5708 = CARTESIAN_POINT('',(-0.240066264723,-0.892912415627,
    -2.384185804338E-08));
#5709 = CARTESIAN_POINT('',(-0.245188596574,-0.88339642655,
    9.999997615814E-02));
#5710 = CARTESIAN_POINT('',(-0.245188596574,-0.88339642655,
    -2.384185759929E-08));
#5711 = CARTESIAN_POINT('',(-0.249430345626,-0.873159706654,
    9.999997615814E-02));
#5712 = CARTESIAN_POINT('',(-0.249430345626,-0.873159706654,
    -2.384185782134E-08));
#5713 = CARTESIAN_POINT('',(-0.252671642408,-0.862157145154,
    9.999997615814E-02));
#5714 = CARTESIAN_POINT('',(-0.252671642408,-0.862157145154,
    -2.384185804338E-08));
#5715 = CARTESIAN_POINT('',(-0.255021264235,-0.850432818927,
    9.999997615814E-02));
#5716 = CARTESIAN_POINT('',(-0.255021264235,-0.850432818927,
    -2.384185759929E-08));
#5717 = CARTESIAN_POINT('',(-0.25637838651,-0.837954222736,
    9.999997615814E-02));
#5718 = CARTESIAN_POINT('',(-0.25637838651,-0.837954222736,
    -2.38418571552E-08));
#5719 = CARTESIAN_POINT('',(-0.25657047861,-0.8293922768,
    9.999997615814E-02));
#5720 = CARTESIAN_POINT('',(-0.25657047861,-0.8293922768,
    -2.384185737725E-08));
#5721 = CARTESIAN_POINT('',(-0.256669340438,-0.824985798735,
    9.999997615814E-02));
#5722 = CARTESIAN_POINT('',(-0.256669340438,-0.824985798735,
    -2.384185759929E-08));
#5723 = ADVANCED_FACE('',(#5724),#5742,.T.);
#5724 = FACE_BOUND('',#5725,.T.);
#5725 = EDGE_LOOP('',(#5726,#5734,#5740,#5741));
#5726 = ORIENTED_EDGE('',*,*,#5727,.F.);
#5727 = EDGE_CURVE('',#5728,#5654,#5730,.T.);
#5728 = VERTEX_POINT('',#5729);
#5729 = CARTESIAN_POINT('',(-0.102959263054,-0.939558757694,
    -2.384185759929E-08));
#5730 = LINE('',#5731,#5732);
#5731 = CARTESIAN_POINT('',(-0.102959263054,-0.939558757694,
    -2.384185759929E-08));
#5732 = VECTOR('',#5733,1.);
#5733 = DIRECTION('',(-1.,0.,0.));
#5734 = ORIENTED_EDGE('',*,*,#5735,.F.);
#5735 = EDGE_CURVE('',#5512,#5728,#5736,.T.);
#5736 = LINE('',#5737,#5738);
#5737 = CARTESIAN_POINT('',(-0.102959263054,-0.939558757694,
    9.999997615814E-02));
#5738 = VECTOR('',#5739,1.);
#5739 = DIRECTION('',(-0.,-0.,-1.));
#5740 = ORIENTED_EDGE('',*,*,#5511,.T.);
#5741 = ORIENTED_EDGE('',*,*,#5677,.T.);
#5742 = PLANE('',#5743);
#5743 = AXIS2_PLACEMENT_3D('',#5744,#5745,#5746);
#5744 = CARTESIAN_POINT('',(-0.102959263054,-0.939558757694,
    9.999997615814E-02));
#5745 = DIRECTION('',(0.,-1.,0.));
#5746 = DIRECTION('',(0.,0.,-1.));
#5747 = ADVANCED_FACE('',(#5748),#5759,.T.);
#5748 = FACE_BOUND('',#5749,.T.);
#5749 = EDGE_LOOP('',(#5750,#5756,#5757,#5758));
#5750 = ORIENTED_EDGE('',*,*,#5751,.F.);
#5751 = EDGE_CURVE('',#5551,#5728,#5752,.T.);
#5752 = LINE('',#5753,#5754);
#5753 = CARTESIAN_POINT('',(-0.102959263054,-0.715980463317,
    -2.384185759929E-08));
#5754 = VECTOR('',#5755,1.);
#5755 = DIRECTION('',(0.,-1.,0.));
#5756 = ORIENTED_EDGE('',*,*,#5565,.F.);
#5757 = ORIENTED_EDGE('',*,*,#5519,.T.);
#5758 = ORIENTED_EDGE('',*,*,#5735,.T.);
#5759 = PLANE('',#5760);
#5760 = AXIS2_PLACEMENT_3D('',#5761,#5762,#5763);
#5761 = CARTESIAN_POINT('',(-0.102959263054,-0.715980463317,
    9.999997615814E-02));
#5762 = DIRECTION('',(1.,0.,0.));
#5763 = DIRECTION('',(0.,0.,-1.));
#5764 = ADVANCED_FACE('',(#5765),#5772,.T.);
#5765 = FACE_BOUND('',#5766,.T.);
#5766 = EDGE_LOOP('',(#5767,#5768,#5769,#5770,#5771));
#5767 = ORIENTED_EDGE('',*,*,#5579,.T.);
#5768 = ORIENTED_EDGE('',*,*,#5548,.T.);
#5769 = ORIENTED_EDGE('',*,*,#5751,.T.);
#5770 = ORIENTED_EDGE('',*,*,#5727,.T.);
#5771 = ORIENTED_EDGE('',*,*,#5653,.T.);
#5772 = PLANE('',#5773);
#5773 = AXIS2_PLACEMENT_3D('',#5774,#5775,#5776);
#5774 = CARTESIAN_POINT('',(-1.250004768372E-02,-0.458978965642,
    -2.384185759929E-08));
#5775 = DIRECTION('',(0.,0.,-1.));
#5776 = DIRECTION('',(-1.,0.,0.));
#5777 = ADVANCED_FACE('',(#5778),#5803,.T.);
#5778 = FACE_BOUND('',#5779,.T.);
#5779 = EDGE_LOOP('',(#5780,#5781,#5789,#5797));
#5780 = ORIENTED_EDGE('',*,*,#2509,.F.);
#5781 = ORIENTED_EDGE('',*,*,#5782,.F.);
#5782 = EDGE_CURVE('',#5783,#2502,#5785,.T.);
#5783 = VERTEX_POINT('',#5784);
#5784 = CARTESIAN_POINT('',(-0.462780580567,-0.68453976567,
    9.999997615814E-02));
#5785 = LINE('',#5786,#5787);
#5786 = CARTESIAN_POINT('',(-0.462780580567,-0.68453976567,
    9.999997615814E-02));
#5787 = VECTOR('',#5788,1.);
#5788 = DIRECTION('',(-0.,-0.,-1.));
#5789 = ORIENTED_EDGE('',*,*,#5790,.T.);
#5790 = EDGE_CURVE('',#5783,#5791,#5793,.T.);
#5791 = VERTEX_POINT('',#5792);
#5792 = CARTESIAN_POINT('',(-0.574569727755,-0.970999455341,
    9.999997615814E-02));
#5793 = LINE('',#5794,#5795);
#5794 = CARTESIAN_POINT('',(-0.462780580567,-0.68453976567,
    9.999997615814E-02));
#5795 = VECTOR('',#5796,1.);
#5796 = DIRECTION('',(-0.363542485653,-0.931577619485,0.));
#5797 = ORIENTED_EDGE('',*,*,#5798,.T.);
#5798 = EDGE_CURVE('',#5791,#2510,#5799,.T.);
#5799 = LINE('',#5800,#5801);
#5800 = CARTESIAN_POINT('',(-0.574569727755,-0.970999455341,
    9.999997615814E-02));
#5801 = VECTOR('',#5802,1.);
#5802 = DIRECTION('',(-0.,-0.,-1.));
#5803 = PLANE('',#5804);
#5804 = AXIS2_PLACEMENT_3D('',#5805,#5806,#5807);
#5805 = CARTESIAN_POINT('',(-0.462780580567,-0.68453976567,
    9.999997615814E-02));
#5806 = DIRECTION('',(0.931577619485,-0.363542485653,0.));
#5807 = DIRECTION('',(0.363542485653,0.931577619485,0.));
#5808 = ADVANCED_FACE('',(#5809),#5827,.T.);
#5809 = FACE_BOUND('',#5810,.T.);
#5810 = EDGE_LOOP('',(#5811,#5812,#5813,#5821));
#5811 = ORIENTED_EDGE('',*,*,#2517,.F.);
#5812 = ORIENTED_EDGE('',*,*,#5798,.F.);
#5813 = ORIENTED_EDGE('',*,*,#5814,.T.);
#5814 = EDGE_CURVE('',#5791,#5815,#5817,.T.);
#5815 = VERTEX_POINT('',#5816);
#5816 = CARTESIAN_POINT('',(-0.532648797559,-0.970999455341,
    9.999997615814E-02));
#5817 = LINE('',#5818,#5819);
#5818 = CARTESIAN_POINT('',(-0.574569727755,-0.970999455341,
    9.999997615814E-02));
#5819 = VECTOR('',#5820,1.);
#5820 = DIRECTION('',(1.,0.,0.));
#5821 = ORIENTED_EDGE('',*,*,#5822,.T.);
#5822 = EDGE_CURVE('',#5815,#2518,#5823,.T.);
#5823 = LINE('',#5824,#5825);
#5824 = CARTESIAN_POINT('',(-0.532648797559,-0.970999455341,
    9.999997615814E-02));
#5825 = VECTOR('',#5826,1.);
#5826 = DIRECTION('',(-0.,-0.,-1.));
#5827 = PLANE('',#5828);
#5828 = AXIS2_PLACEMENT_3D('',#5829,#5830,#5831);
#5829 = CARTESIAN_POINT('',(-0.574569727755,-0.970999455341,
    9.999997615814E-02));
#5830 = DIRECTION('',(0.,1.,0.));
#5831 = DIRECTION('',(0.,-0.,1.));
#5832 = ADVANCED_FACE('',(#5833),#5851,.T.);
#5833 = FACE_BOUND('',#5834,.T.);
#5834 = EDGE_LOOP('',(#5835,#5836,#5837,#5845));
#5835 = ORIENTED_EDGE('',*,*,#2525,.F.);
#5836 = ORIENTED_EDGE('',*,*,#5822,.F.);
#5837 = ORIENTED_EDGE('',*,*,#5838,.T.);
#5838 = EDGE_CURVE('',#5815,#5839,#5841,.T.);
#5839 = VERTEX_POINT('',#5840);
#5840 = CARTESIAN_POINT('',(-0.503664404416,-0.890651005799,
    9.999997615814E-02));
#5841 = LINE('',#5842,#5843);
#5842 = CARTESIAN_POINT('',(-0.532648797559,-0.970999455341,
    9.999997615814E-02));
#5843 = VECTOR('',#5844,1.);
#5844 = DIRECTION('',(0.339330377275,0.940667260544,0.));
#5845 = ORIENTED_EDGE('',*,*,#5846,.T.);
#5846 = EDGE_CURVE('',#5839,#2526,#5847,.T.);
#5847 = LINE('',#5848,#5849);
#5848 = CARTESIAN_POINT('',(-0.503664404416,-0.890651005799,
    9.999997615814E-02));
#5849 = VECTOR('',#5850,1.);
#5850 = DIRECTION('',(-0.,-0.,-1.));
#5851 = PLANE('',#5852);
#5852 = AXIS2_PLACEMENT_3D('',#5853,#5854,#5855);
#5853 = CARTESIAN_POINT('',(-0.532648797559,-0.970999455341,
    9.999997615814E-02));
#5854 = DIRECTION('',(-0.940667260544,0.339330377275,0.));
#5855 = DIRECTION('',(-0.339330377275,-0.940667260544,0.));
#5856 = ADVANCED_FACE('',(#5857),#5875,.T.);
#5857 = FACE_BOUND('',#5858,.T.);
#5858 = EDGE_LOOP('',(#5859,#5860,#5861,#5869));
#5859 = ORIENTED_EDGE('',*,*,#2533,.F.);
#5860 = ORIENTED_EDGE('',*,*,#5846,.F.);
#5861 = ORIENTED_EDGE('',*,*,#5862,.T.);
#5862 = EDGE_CURVE('',#5839,#5863,#5865,.T.);
#5863 = VERTEX_POINT('',#5864);
#5864 = CARTESIAN_POINT('',(-0.385325111885,-0.890651005799,
    9.999997615814E-02));
#5865 = LINE('',#5866,#5867);
#5866 = CARTESIAN_POINT('',(-0.503664404416,-0.890651005799,
    9.999997615814E-02));
#5867 = VECTOR('',#5868,1.);
#5868 = DIRECTION('',(1.,0.,0.));
#5869 = ORIENTED_EDGE('',*,*,#5870,.T.);
#5870 = EDGE_CURVE('',#5863,#2534,#5871,.T.);
#5871 = LINE('',#5872,#5873);
#5872 = CARTESIAN_POINT('',(-0.385325111885,-0.890651005799,
    9.999997615814E-02));
#5873 = VECTOR('',#5874,1.);
#5874 = DIRECTION('',(-0.,-0.,-1.));
#5875 = PLANE('',#5876);
#5876 = AXIS2_PLACEMENT_3D('',#5877,#5878,#5879);
#5877 = CARTESIAN_POINT('',(-0.503664404416,-0.890651005799,
    9.999997615814E-02));
#5878 = DIRECTION('',(0.,1.,0.));
#5879 = DIRECTION('',(0.,-0.,1.));
#5880 = ADVANCED_FACE('',(#5881),#5899,.T.);
#5881 = FACE_BOUND('',#5882,.T.);
#5882 = EDGE_LOOP('',(#5883,#5884,#5885,#5893));
#5883 = ORIENTED_EDGE('',*,*,#2541,.F.);
#5884 = ORIENTED_EDGE('',*,*,#5870,.F.);
#5885 = ORIENTED_EDGE('',*,*,#5886,.T.);
#5886 = EDGE_CURVE('',#5863,#5887,#5889,.T.);
#5887 = VERTEX_POINT('',#5888);
#5888 = CARTESIAN_POINT('',(-0.357978255078,-0.970999455341,
    9.999997615814E-02));
#5889 = LINE('',#5890,#5891);
#5890 = CARTESIAN_POINT('',(-0.385325111885,-0.890651005799,
    9.999997615814E-02));
#5891 = VECTOR('',#5892,1.);
#5892 = DIRECTION('',(0.322202485606,-0.946670776072,0.));
#5893 = ORIENTED_EDGE('',*,*,#5894,.T.);
#5894 = EDGE_CURVE('',#5887,#2542,#5895,.T.);
#5895 = LINE('',#5896,#5897);
#5896 = CARTESIAN_POINT('',(-0.357978255078,-0.970999455341,
    9.999997615814E-02));
#5897 = VECTOR('',#5898,1.);
#5898 = DIRECTION('',(-0.,-0.,-1.));
#5899 = PLANE('',#5900);
#5900 = AXIS2_PLACEMENT_3D('',#5901,#5902,#5903);
#5901 = CARTESIAN_POINT('',(-0.385325111885,-0.890651005799,
    9.999997615814E-02));
#5902 = DIRECTION('',(0.946670776072,0.322202485606,0.));
#5903 = DIRECTION('',(-0.322202485606,0.946670776072,0.));
#5904 = ADVANCED_FACE('',(#5905),#5923,.T.);
#5905 = FACE_BOUND('',#5906,.T.);
#5906 = EDGE_LOOP('',(#5907,#5908,#5909,#5917));
#5907 = ORIENTED_EDGE('',*,*,#2549,.F.);
#5908 = ORIENTED_EDGE('',*,*,#5894,.F.);
#5909 = ORIENTED_EDGE('',*,*,#5910,.T.);
#5910 = EDGE_CURVE('',#5887,#5911,#5913,.T.);
#5911 = VERTEX_POINT('',#5912);
#5912 = CARTESIAN_POINT('',(-0.316057324882,-0.970999455341,
    9.999997615814E-02));
#5913 = LINE('',#5914,#5915);
#5914 = CARTESIAN_POINT('',(-0.357978255078,-0.970999455341,
    9.999997615814E-02));
#5915 = VECTOR('',#5916,1.);
#5916 = DIRECTION('',(1.,0.,0.));
#5917 = ORIENTED_EDGE('',*,*,#5918,.T.);
#5918 = EDGE_CURVE('',#5911,#2550,#5919,.T.);
#5919 = LINE('',#5920,#5921);
#5920 = CARTESIAN_POINT('',(-0.316057324882,-0.970999455341,
    9.999997615814E-02));
#5921 = VECTOR('',#5922,1.);
#5922 = DIRECTION('',(-0.,-0.,-1.));
#5923 = PLANE('',#5924);
#5924 = AXIS2_PLACEMENT_3D('',#5925,#5926,#5927);
#5925 = CARTESIAN_POINT('',(-0.357978255078,-0.970999455341,
    9.999997615814E-02));
#5926 = DIRECTION('',(0.,1.,0.));
#5927 = DIRECTION('',(0.,-0.,1.));
#5928 = ADVANCED_FACE('',(#5929),#5947,.T.);
#5929 = FACE_BOUND('',#5930,.T.);
#5930 = EDGE_LOOP('',(#5931,#5932,#5933,#5941));
#5931 = ORIENTED_EDGE('',*,*,#2557,.F.);
#5932 = ORIENTED_EDGE('',*,*,#5918,.F.);
#5933 = ORIENTED_EDGE('',*,*,#5934,.T.);
#5934 = EDGE_CURVE('',#5911,#5935,#5937,.T.);
#5935 = VERTEX_POINT('',#5936);
#5936 = CARTESIAN_POINT('',(-0.424353061221,-0.68453976567,
    9.999997615814E-02));
#5937 = LINE('',#5938,#5939);
#5938 = CARTESIAN_POINT('',(-0.316057324882,-0.970999455341,
    9.999997615814E-02));
#5939 = VECTOR('',#5940,1.);
#5940 = DIRECTION('',(-0.353622392329,0.93538826358,0.));
#5941 = ORIENTED_EDGE('',*,*,#5942,.T.);
#5942 = EDGE_CURVE('',#5935,#2500,#5943,.T.);
#5943 = LINE('',#5944,#5945);
#5944 = CARTESIAN_POINT('',(-0.424353061221,-0.68453976567,
    9.999997615814E-02));
#5945 = VECTOR('',#5946,1.);
#5946 = DIRECTION('',(-0.,-0.,-1.));
#5947 = PLANE('',#5948);
#5948 = AXIS2_PLACEMENT_3D('',#5949,#5950,#5951);
#5949 = CARTESIAN_POINT('',(-0.316057324882,-0.970999455341,
    9.999997615814E-02));
#5950 = DIRECTION('',(-0.93538826358,-0.353622392329,0.));
#5951 = DIRECTION('',(0.353622392329,-0.93538826358,0.));
#5952 = ADVANCED_FACE('',(#5953),#5964,.T.);
#5953 = FACE_BOUND('',#5954,.T.);
#5954 = EDGE_LOOP('',(#5955,#5956,#5957,#5963));
#5955 = ORIENTED_EDGE('',*,*,#2499,.F.);
#5956 = ORIENTED_EDGE('',*,*,#5942,.F.);
#5957 = ORIENTED_EDGE('',*,*,#5958,.T.);
#5958 = EDGE_CURVE('',#5935,#5783,#5959,.T.);
#5959 = LINE('',#5960,#5961);
#5960 = CARTESIAN_POINT('',(-0.424353061221,-0.68453976567,
    9.999997615814E-02));
#5961 = VECTOR('',#5962,1.);
#5962 = DIRECTION('',(-1.,0.,0.));
#5963 = ORIENTED_EDGE('',*,*,#5782,.T.);
#5964 = PLANE('',#5965);
#5965 = AXIS2_PLACEMENT_3D('',#5966,#5967,#5968);
#5966 = CARTESIAN_POINT('',(-0.424353061221,-0.68453976567,
    9.999997615814E-02));
#5967 = DIRECTION('',(0.,-1.,0.));
#5968 = DIRECTION('',(0.,0.,-1.));
#5969 = ADVANCED_FACE('',(#5970,#6028),#6038,.F.);
#5970 = FACE_BOUND('',#5971,.T.);
#5971 = EDGE_LOOP('',(#5972,#5982,#5990,#6002,#6010,#6022));
#5972 = ORIENTED_EDGE('',*,*,#5973,.F.);
#5973 = EDGE_CURVE('',#5974,#5976,#5978,.T.);
#5974 = VERTEX_POINT('',#5975);
#5975 = CARTESIAN_POINT('',(-0.394986576266,-0.859210308152,
    9.999997615814E-02));
#5976 = VERTEX_POINT('',#5977);
#5977 = CARTESIAN_POINT('',(-0.490782451908,-0.859210308152,
    9.999997615814E-02));
#5978 = LINE('',#5979,#5980);
#5979 = CARTESIAN_POINT('',(-0.394986576266,-0.859210308152,
    9.999997615814E-02));
#5980 = VECTOR('',#5981,1.);
#5981 = DIRECTION('',(-1.,0.,0.));
#5982 = ORIENTED_EDGE('',*,*,#5983,.F.);
#5983 = EDGE_CURVE('',#5984,#5974,#5986,.T.);
#5984 = VERTEX_POINT('',#5985);
#5985 = CARTESIAN_POINT('',(-0.437726274629,-0.739560986552,
    9.999997615814E-02));
#5986 = LINE('',#5987,#5988);
#5987 = CARTESIAN_POINT('',(-0.437726274629,-0.739560986552,
    9.999997615814E-02));
#5988 = VECTOR('',#5989,1.);
#5989 = DIRECTION('',(0.336390827665,-0.941722470297,0.));
#5990 = ORIENTED_EDGE('',*,*,#5991,.F.);
#5991 = EDGE_CURVE('',#5992,#5984,#5994,.T.);
#5992 = VERTEX_POINT('',#5993);
#5993 = CARTESIAN_POINT('',(-0.44231137637,-0.719473874167,
    9.999997615814E-02));
#5994 = B_SPLINE_CURVE_WITH_KNOTS('',3,(#5995,#5996,#5997,#5998,#5999,
    #6000,#6001),.UNSPECIFIED.,.F.,.F.,(4,1,1,1,4),(0.,0.300541113159,
    0.567747146484,0.800033613737,1.),.UNSPECIFIED.);
#5995 = CARTESIAN_POINT('',(-0.44231137637,-0.719473874167,
    9.999997615814E-02));
#5996 = CARTESIAN_POINT('',(-0.441977340746,-0.721513722762,
    9.999997615814E-02));
#5997 = CARTESIAN_POINT('',(-0.441346319686,-0.725367166329,
    9.999997615814E-02));
#5998 = CARTESIAN_POINT('',(-0.440281122708,-0.730766638562,
    9.999997615814E-02));
#5999 = CARTESIAN_POINT('',(-0.43909513932,-0.73543301283,
    9.999997615814E-02));
#6000 = CARTESIAN_POINT('',(-0.438159236659,-0.738255338233,
    9.999997615814E-02));
#6001 = CARTESIAN_POINT('',(-0.437726274629,-0.739560986552,
    9.999997615814E-02));
#6002 = ORIENTED_EDGE('',*,*,#6003,.F.);
#6003 = EDGE_CURVE('',#6004,#5992,#6006,.T.);
#6004 = VERTEX_POINT('',#6005);
#6005 = CARTESIAN_POINT('',(-0.443239313627,-0.719473874167,
    9.999997615814E-02));
#6006 = LINE('',#6007,#6008);
#6007 = CARTESIAN_POINT('',(-0.443239313627,-0.719473874167,
    9.999997615814E-02));
#6008 = VECTOR('',#6009,1.);
#6009 = DIRECTION('',(1.,0.,0.));
#6010 = ORIENTED_EDGE('',*,*,#6011,.F.);
#6011 = EDGE_CURVE('',#6012,#6004,#6014,.T.);
#6012 = VERTEX_POINT('',#6013);
#6013 = CARTESIAN_POINT('',(-0.447660661733,-0.739560986552,
    9.999997615814E-02));
#6014 = B_SPLINE_CURVE_WITH_KNOTS('',3,(#6015,#6016,#6017,#6018,#6019,
    #6020,#6021),.UNSPECIFIED.,.F.,.F.,(4,1,1,1,4),(0.,0.174481715317,
    0.398285759128,0.673897847399,1.),.UNSPECIFIED.);
#6015 = CARTESIAN_POINT('',(-0.447660661733,-0.739560986552,
    9.999997615814E-02));
#6016 = CARTESIAN_POINT('',(-0.447303187219,-0.738418059813,
    9.999997615814E-02));
#6017 = CARTESIAN_POINT('',(-0.446487187628,-0.73580912487,
    9.999997615814E-02));
#6018 = CARTESIAN_POINT('',(-0.445417888615,-0.731306247943,
    9.999997615814E-02));
#6019 = CARTESIAN_POINT('',(-0.444369508041,-0.725739290028,
    9.999997615814E-02));
#6020 = CARTESIAN_POINT('',(-0.443636546133,-0.721675996929,
    9.999997615814E-02));
#6021 = CARTESIAN_POINT('',(-0.443239313627,-0.719473874167,
    9.999997615814E-02));
#6022 = ORIENTED_EDGE('',*,*,#6023,.F.);
#6023 = EDGE_CURVE('',#5976,#6012,#6024,.T.);
#6024 = LINE('',#6025,#6026);
#6025 = CARTESIAN_POINT('',(-0.490782451908,-0.859210308152,
    9.999997615814E-02));
#6026 = VECTOR('',#6027,1.);
#6027 = DIRECTION('',(0.339053795485,0.940766986967,0.));
#6028 = FACE_BOUND('',#6029,.T.);
#6029 = EDGE_LOOP('',(#6030,#6031,#6032,#6033,#6034,#6035,#6036,#6037));
#6030 = ORIENTED_EDGE('',*,*,#5790,.F.);
#6031 = ORIENTED_EDGE('',*,*,#5958,.F.);
#6032 = ORIENTED_EDGE('',*,*,#5934,.F.);
#6033 = ORIENTED_EDGE('',*,*,#5910,.F.);
#6034 = ORIENTED_EDGE('',*,*,#5886,.F.);
#6035 = ORIENTED_EDGE('',*,*,#5862,.F.);
#6036 = ORIENTED_EDGE('',*,*,#5838,.F.);
#6037 = ORIENTED_EDGE('',*,*,#5814,.F.);
#6038 = PLANE('',#6039);
#6039 = AXIS2_PLACEMENT_3D('',#6040,#6041,#6042);
#6040 = CARTESIAN_POINT('',(-1.250004768372E-02,-0.458978965642,
    9.999997615814E-02));
#6041 = DIRECTION('',(0.,0.,1.));
#6042 = DIRECTION('',(1.,0.,-0.));
#6043 = ADVANCED_FACE('',(#6044),#6069,.T.);
#6044 = FACE_BOUND('',#6045,.T.);
#6045 = EDGE_LOOP('',(#6046,#6056,#6062,#6063));
#6046 = ORIENTED_EDGE('',*,*,#6047,.F.);
#6047 = EDGE_CURVE('',#6048,#6050,#6052,.T.);
#6048 = VERTEX_POINT('',#6049);
#6049 = CARTESIAN_POINT('',(-0.394986576266,-0.859210308152,
    -2.384185759929E-08));
#6050 = VERTEX_POINT('',#6051);
#6051 = CARTESIAN_POINT('',(-0.490782451908,-0.859210308152,
    -2.384185759929E-08));
#6052 = LINE('',#6053,#6054);
#6053 = CARTESIAN_POINT('',(-0.394986576266,-0.859210308152,
    -2.384185759929E-08));
#6054 = VECTOR('',#6055,1.);
#6055 = DIRECTION('',(-1.,0.,0.));
#6056 = ORIENTED_EDGE('',*,*,#6057,.F.);
#6057 = EDGE_CURVE('',#5974,#6048,#6058,.T.);
#6058 = LINE('',#6059,#6060);
#6059 = CARTESIAN_POINT('',(-0.394986576266,-0.859210308152,
    9.999997615814E-02));
#6060 = VECTOR('',#6061,1.);
#6061 = DIRECTION('',(-0.,-0.,-1.));
#6062 = ORIENTED_EDGE('',*,*,#5973,.T.);
#6063 = ORIENTED_EDGE('',*,*,#6064,.T.);
#6064 = EDGE_CURVE('',#5976,#6050,#6065,.T.);
#6065 = LINE('',#6066,#6067);
#6066 = CARTESIAN_POINT('',(-0.490782451908,-0.859210308152,
    9.999997615814E-02));
#6067 = VECTOR('',#6068,1.);
#6068 = DIRECTION('',(-0.,-0.,-1.));
#6069 = PLANE('',#6070);
#6070 = AXIS2_PLACEMENT_3D('',#6071,#6072,#6073);
#6071 = CARTESIAN_POINT('',(-0.394986576266,-0.859210308152,
    9.999997615814E-02));
#6072 = DIRECTION('',(0.,-1.,0.));
#6073 = DIRECTION('',(0.,0.,-1.));
#6074 = ADVANCED_FACE('',(#6075),#6093,.T.);
#6075 = FACE_BOUND('',#6076,.T.);
#6076 = EDGE_LOOP('',(#6077,#6085,#6091,#6092));
#6077 = ORIENTED_EDGE('',*,*,#6078,.F.);
#6078 = EDGE_CURVE('',#6079,#6048,#6081,.T.);
#6079 = VERTEX_POINT('',#6080);
#6080 = CARTESIAN_POINT('',(-0.437726274629,-0.739560986552,
    -2.384185782134E-08));
#6081 = LINE('',#6082,#6083);
#6082 = CARTESIAN_POINT('',(-0.437726274629,-0.739560986552,
    -2.384185759929E-08));
#6083 = VECTOR('',#6084,1.);
#6084 = DIRECTION('',(0.336390827665,-0.941722470297,0.));
#6085 = ORIENTED_EDGE('',*,*,#6086,.F.);
#6086 = EDGE_CURVE('',#5984,#6079,#6087,.T.);
#6087 = LINE('',#6088,#6089);
#6088 = CARTESIAN_POINT('',(-0.437726274629,-0.739560986552,
    9.999997615814E-02));
#6089 = VECTOR('',#6090,1.);
#6090 = DIRECTION('',(-0.,-0.,-1.));
#6091 = ORIENTED_EDGE('',*,*,#5983,.T.);
#6092 = ORIENTED_EDGE('',*,*,#6057,.T.);
#6093 = PLANE('',#6094);
#6094 = AXIS2_PLACEMENT_3D('',#6095,#6096,#6097);
#6095 = CARTESIAN_POINT('',(-0.437726274629,-0.739560986552,
    9.999997615814E-02));
#6096 = DIRECTION('',(0.941722470297,0.336390827665,0.));
#6097 = DIRECTION('',(-0.336390827665,0.941722470297,0.));
#6098 = ADVANCED_FACE('',(#6099),#6121,.T.);
#6099 = FACE_BOUND('',#6100,.T.);
#6100 = EDGE_LOOP('',(#6101,#6113,#6119,#6120));
#6101 = ORIENTED_EDGE('',*,*,#6102,.F.);
#6102 = EDGE_CURVE('',#6103,#6079,#6105,.T.);
#6103 = VERTEX_POINT('',#6104);
#6104 = CARTESIAN_POINT('',(-0.44231137637,-0.719473874167,
    -2.384185759929E-08));
#6105 = B_SPLINE_CURVE_WITH_KNOTS('',3,(#6106,#6107,#6108,#6109,#6110,
    #6111,#6112),.UNSPECIFIED.,.F.,.F.,(4,1,1,1,4),(0.,0.300541113159,
    0.567747146484,0.800033613737,1.),.UNSPECIFIED.);
#6106 = CARTESIAN_POINT('',(-0.44231137637,-0.719473874167,
    -2.384185759929E-08));
#6107 = CARTESIAN_POINT('',(-0.441977340746,-0.721513722762,
    -2.384185759929E-08));
#6108 = CARTESIAN_POINT('',(-0.441346319686,-0.725367166329,
    -2.384185759929E-08));
#6109 = CARTESIAN_POINT('',(-0.440281122708,-0.730766638562,
    -2.384185804338E-08));
#6110 = CARTESIAN_POINT('',(-0.43909513932,-0.73543301283,
    -2.384185693316E-08));
#6111 = CARTESIAN_POINT('',(-0.438159236659,-0.738255338233,
    -2.384185759929E-08));
#6112 = CARTESIAN_POINT('',(-0.437726274629,-0.739560986552,
    -2.384185782134E-08));
#6113 = ORIENTED_EDGE('',*,*,#6114,.F.);
#6114 = EDGE_CURVE('',#5992,#6103,#6115,.T.);
#6115 = LINE('',#6116,#6117);
#6116 = CARTESIAN_POINT('',(-0.44231137637,-0.719473874167,
    9.999997615814E-02));
#6117 = VECTOR('',#6118,1.);
#6118 = DIRECTION('',(-0.,-0.,-1.));
#6119 = ORIENTED_EDGE('',*,*,#5991,.T.);
#6120 = ORIENTED_EDGE('',*,*,#6086,.T.);
#6121 = B_SPLINE_SURFACE_WITH_KNOTS('',3,1,(
    (#6122,#6123)
    ,(#6124,#6125)
    ,(#6126,#6127)
    ,(#6128,#6129)
    ,(#6130,#6131)
    ,(#6132,#6133)
    ,(#6134,#6135
    )),.UNSPECIFIED.,.F.,.F.,.F.,(4,1,1,1,4),(2,2),(0.,0.300541113159,
    0.567747146484,0.800033613737,1.),(0.,1.),.UNSPECIFIED.);
#6122 = CARTESIAN_POINT('',(-0.44231137637,-0.719473874167,
    9.999997615814E-02));
#6123 = CARTESIAN_POINT('',(-0.44231137637,-0.719473874167,
    -2.384185759929E-08));
#6124 = CARTESIAN_POINT('',(-0.441977340746,-0.721513722762,
    9.999997615814E-02));
#6125 = CARTESIAN_POINT('',(-0.441977340746,-0.721513722762,
    -2.384185759929E-08));
#6126 = CARTESIAN_POINT('',(-0.441346319686,-0.725367166329,
    9.999997615814E-02));
#6127 = CARTESIAN_POINT('',(-0.441346319686,-0.725367166329,
    -2.384185759929E-08));
#6128 = CARTESIAN_POINT('',(-0.440281122708,-0.730766638562,
    9.999997615814E-02));
#6129 = CARTESIAN_POINT('',(-0.440281122708,-0.730766638562,
    -2.384185804338E-08));
#6130 = CARTESIAN_POINT('',(-0.43909513932,-0.73543301283,
    9.999997615814E-02));
#6131 = CARTESIAN_POINT('',(-0.43909513932,-0.73543301283,
    -2.384185693316E-08));
#6132 = CARTESIAN_POINT('',(-0.438159236659,-0.738255338233,
    9.999997615814E-02));
#6133 = CARTESIAN_POINT('',(-0.438159236659,-0.738255338233,
    -2.384185759929E-08));
#6134 = CARTESIAN_POINT('',(-0.437726274629,-0.739560986552,
    9.999997615814E-02));
#6135 = CARTESIAN_POINT('',(-0.437726274629,-0.739560986552,
    -2.384185782134E-08));
#6136 = ADVANCED_FACE('',(#6137),#6155,.T.);
#6137 = FACE_BOUND('',#6138,.T.);
#6138 = EDGE_LOOP('',(#6139,#6147,#6153,#6154));
#6139 = ORIENTED_EDGE('',*,*,#6140,.F.);
#6140 = EDGE_CURVE('',#6141,#6103,#6143,.T.);
#6141 = VERTEX_POINT('',#6142);
#6142 = CARTESIAN_POINT('',(-0.443239313627,-0.719473874167,
    -2.384185759929E-08));
#6143 = LINE('',#6144,#6145);
#6144 = CARTESIAN_POINT('',(-0.443239313627,-0.719473874167,
    -2.384185759929E-08));
#6145 = VECTOR('',#6146,1.);
#6146 = DIRECTION('',(1.,0.,0.));
#6147 = ORIENTED_EDGE('',*,*,#6148,.F.);
#6148 = EDGE_CURVE('',#6004,#6141,#6149,.T.);
#6149 = LINE('',#6150,#6151);
#6150 = CARTESIAN_POINT('',(-0.443239313627,-0.719473874167,
    9.999997615814E-02));
#6151 = VECTOR('',#6152,1.);
#6152 = DIRECTION('',(-0.,-0.,-1.));
#6153 = ORIENTED_EDGE('',*,*,#6003,.T.);
#6154 = ORIENTED_EDGE('',*,*,#6114,.T.);
#6155 = PLANE('',#6156);
#6156 = AXIS2_PLACEMENT_3D('',#6157,#6158,#6159);
#6157 = CARTESIAN_POINT('',(-0.443239313627,-0.719473874167,
    9.999997615814E-02));
#6158 = DIRECTION('',(0.,1.,0.));
#6159 = DIRECTION('',(0.,-0.,1.));
#6160 = ADVANCED_FACE('',(#6161),#6183,.T.);
#6161 = FACE_BOUND('',#6162,.T.);
#6162 = EDGE_LOOP('',(#6163,#6175,#6181,#6182));
#6163 = ORIENTED_EDGE('',*,*,#6164,.F.);
#6164 = EDGE_CURVE('',#6165,#6141,#6167,.T.);
#6165 = VERTEX_POINT('',#6166);
#6166 = CARTESIAN_POINT('',(-0.447660661733,-0.739560986552,
    -2.384185759929E-08));
#6167 = B_SPLINE_CURVE_WITH_KNOTS('',3,(#6168,#6169,#6170,#6171,#6172,
    #6173,#6174),.UNSPECIFIED.,.F.,.F.,(4,1,1,1,4),(0.,0.174481715317,
    0.398285759128,0.673897847399,1.),.UNSPECIFIED.);
#6168 = CARTESIAN_POINT('',(-0.447660661733,-0.739560986552,
    -2.384185759929E-08));
#6169 = CARTESIAN_POINT('',(-0.447303187219,-0.738418059813,
    -2.384185782134E-08));
#6170 = CARTESIAN_POINT('',(-0.446487187628,-0.73580912487,
    -2.384185782134E-08));
#6171 = CARTESIAN_POINT('',(-0.445417888615,-0.731306247943,
    -2.384185759929E-08));
#6172 = CARTESIAN_POINT('',(-0.444369508041,-0.725739290028,
    -2.384185737725E-08));
#6173 = CARTESIAN_POINT('',(-0.443636546133,-0.721675996929,
    -2.384185782134E-08));
#6174 = CARTESIAN_POINT('',(-0.443239313627,-0.719473874167,
    -2.384185759929E-08));
#6175 = ORIENTED_EDGE('',*,*,#6176,.F.);
#6176 = EDGE_CURVE('',#6012,#6165,#6177,.T.);
#6177 = LINE('',#6178,#6179);
#6178 = CARTESIAN_POINT('',(-0.447660661733,-0.739560986552,
    9.999997615814E-02));
#6179 = VECTOR('',#6180,1.);
#6180 = DIRECTION('',(-0.,-0.,-1.));
#6181 = ORIENTED_EDGE('',*,*,#6011,.T.);
#6182 = ORIENTED_EDGE('',*,*,#6148,.T.);
#6183 = B_SPLINE_SURFACE_WITH_KNOTS('',3,1,(
    (#6184,#6185)
    ,(#6186,#6187)
    ,(#6188,#6189)
    ,(#6190,#6191)
    ,(#6192,#6193)
    ,(#6194,#6195)
    ,(#6196,#6197
    )),.UNSPECIFIED.,.F.,.F.,.F.,(4,1,1,1,4),(2,2),(0.,0.174481715317,
    0.398285759128,0.673897847399,1.),(0.,1.),.UNSPECIFIED.);
#6184 = CARTESIAN_POINT('',(-0.447660661733,-0.739560986552,
    9.999997615814E-02));
#6185 = CARTESIAN_POINT('',(-0.447660661733,-0.739560986552,
    -2.384185759929E-08));
#6186 = CARTESIAN_POINT('',(-0.447303187219,-0.738418059813,
    9.999997615814E-02));
#6187 = CARTESIAN_POINT('',(-0.447303187219,-0.738418059813,
    -2.384185782134E-08));
#6188 = CARTESIAN_POINT('',(-0.446487187628,-0.73580912487,
    9.999997615814E-02));
#6189 = CARTESIAN_POINT('',(-0.446487187628,-0.73580912487,
    -2.384185782134E-08));
#6190 = CARTESIAN_POINT('',(-0.445417888615,-0.731306247943,
    9.999997615814E-02));
#6191 = CARTESIAN_POINT('',(-0.445417888615,-0.731306247943,
    -2.384185759929E-08));
#6192 = CARTESIAN_POINT('',(-0.444369508041,-0.725739290028,
    9.999997615814E-02));
#6193 = CARTESIAN_POINT('',(-0.444369508041,-0.725739290028,
    -2.384185737725E-08));
#6194 = CARTESIAN_POINT('',(-0.443636546133,-0.721675996929,
    9.999997615814E-02));
#6195 = CARTESIAN_POINT('',(-0.443636546133,-0.721675996929,
    -2.384185782134E-08));
#6196 = CARTESIAN_POINT('',(-0.443239313627,-0.719473874167,
    9.999997615814E-02));
#6197 = CARTESIAN_POINT('',(-0.443239313627,-0.719473874167,
    -2.384185759929E-08));
#6198 = ADVANCED_FACE('',(#6199),#6210,.T.);
#6199 = FACE_BOUND('',#6200,.T.);
#6200 = EDGE_LOOP('',(#6201,#6207,#6208,#6209));
#6201 = ORIENTED_EDGE('',*,*,#6202,.F.);
#6202 = EDGE_CURVE('',#6050,#6165,#6203,.T.);
#6203 = LINE('',#6204,#6205);
#6204 = CARTESIAN_POINT('',(-0.490782451908,-0.859210308152,
    -2.384185759929E-08));
#6205 = VECTOR('',#6206,1.);
#6206 = DIRECTION('',(0.339053795485,0.940766986967,0.));
#6207 = ORIENTED_EDGE('',*,*,#6064,.F.);
#6208 = ORIENTED_EDGE('',*,*,#6023,.T.);
#6209 = ORIENTED_EDGE('',*,*,#6176,.T.);
#6210 = PLANE('',#6211);
#6211 = AXIS2_PLACEMENT_3D('',#6212,#6213,#6214);
#6212 = CARTESIAN_POINT('',(-0.490782451908,-0.859210308152,
    9.999997615814E-02));
#6213 = DIRECTION('',(-0.940766986967,0.339053795485,0.));
#6214 = DIRECTION('',(-0.339053795485,-0.940766986967,0.));
#6215 = ADVANCED_FACE('',(#6216),#6224,.T.);
#6216 = FACE_BOUND('',#6217,.T.);
#6217 = EDGE_LOOP('',(#6218,#6219,#6220,#6221,#6222,#6223));
#6218 = ORIENTED_EDGE('',*,*,#6078,.T.);
#6219 = ORIENTED_EDGE('',*,*,#6047,.T.);
#6220 = ORIENTED_EDGE('',*,*,#6202,.T.);
#6221 = ORIENTED_EDGE('',*,*,#6164,.T.);
#6222 = ORIENTED_EDGE('',*,*,#6140,.T.);
#6223 = ORIENTED_EDGE('',*,*,#6102,.T.);
#6224 = PLANE('',#6225);
#6225 = AXIS2_PLACEMENT_3D('',#6226,#6227,#6228);
#6226 = CARTESIAN_POINT('',(-1.250004768372E-02,-0.458978965642,
    -2.384185759929E-08));
#6227 = DIRECTION('',(0.,0.,-1.));
#6228 = DIRECTION('',(-1.,0.,0.));
#6229 = ADVANCED_FACE('',(#6230),#6236,.T.);
#6230 = FACE_BOUND('',#6231,.T.);
#6231 = EDGE_LOOP('',(#6232,#6233,#6234,#6235));
#6232 = ORIENTED_EDGE('',*,*,#3956,.F.);
#6233 = ORIENTED_EDGE('',*,*,#3529,.F.);
#6234 = ORIENTED_EDGE('',*,*,#3326,.F.);
#6235 = ORIENTED_EDGE('',*,*,#3427,.F.);
#6236 = PLANE('',#6237);
#6237 = AXIS2_PLACEMENT_3D('',#6238,#6239,#6240);
#6238 = CARTESIAN_POINT('',(3.164294871559,-0.458978965642,
    1.399999976158));
#6239 = DIRECTION('',(0.866025403784,0.,0.5));
#6240 = DIRECTION('',(0.,-1.,0.));
#6241 = ADVANCED_FACE('',(#6242),#6248,.T.);
#6242 = FACE_BOUND('',#6243,.T.);
#6243 = EDGE_LOOP('',(#6244,#6245,#6246,#6247));
#6244 = ORIENTED_EDGE('',*,*,#3701,.F.);
#6245 = ORIENTED_EDGE('',*,*,#3600,.F.);
#6246 = ORIENTED_EDGE('',*,*,#4043,.F.);
#6247 = ORIENTED_EDGE('',*,*,#3458,.F.);
#6248 = PLANE('',#6249);
#6249 = AXIS2_PLACEMENT_3D('',#6250,#6251,#6252);
#6250 = CARTESIAN_POINT('',(3.164294871559,-0.458978965642,
    1.399999976158));
#6251 = DIRECTION('',(0.866025403784,0.,0.5));
#6252 = DIRECTION('',(0.,-1.,0.));
#6253 = ADVANCED_FACE('',(#6254),#6260,.T.);
#6254 = FACE_BOUND('',#6255,.T.);
#6255 = EDGE_LOOP('',(#6256,#6257,#6258,#6259));
#6256 = ORIENTED_EDGE('',*,*,#3872,.F.);
#6257 = ORIENTED_EDGE('',*,*,#3747,.F.);
#6258 = ORIENTED_EDGE('',*,*,#3655,.F.);
#6259 = ORIENTED_EDGE('',*,*,#3498,.F.);
#6260 = PLANE('',#6261);
#6261 = AXIS2_PLACEMENT_3D('',#6262,#6263,#6264);
#6262 = CARTESIAN_POINT('',(-3.189294966927,-0.458978965642,
    1.399999976158));
#6263 = DIRECTION('',(-0.866025403784,0.,0.5));
#6264 = DIRECTION('',(0.,1.,0.));
#6265 = ADVANCED_FACE('',(#6266),#6272,.T.);
#6266 = FACE_BOUND('',#6267,.T.);
#6267 = EDGE_LOOP('',(#6268,#6269,#6270,#6271));
#6268 = ORIENTED_EDGE('',*,*,#3278,.F.);
#6269 = ORIENTED_EDGE('',*,*,#3569,.F.);
#6270 = ORIENTED_EDGE('',*,*,#3833,.F.);
#6271 = ORIENTED_EDGE('',*,*,#3778,.F.);
#6272 = PLANE('',#6273);
#6273 = AXIS2_PLACEMENT_3D('',#6274,#6275,#6276);
#6274 = CARTESIAN_POINT('',(-3.189294966927,-0.458978965642,
    1.399999976158));
#6275 = DIRECTION('',(-0.866025403784,0.,0.5));
#6276 = DIRECTION('',(0.,1.,0.));
#6277 = ADVANCED_FACE('',(#6278),#6296,.F.);
#6278 = FACE_BOUND('',#6279,.T.);
#6279 = EDGE_LOOP('',(#6280,#6281,#6289,#6295));
#6280 = ORIENTED_EDGE('',*,*,#3630,.T.);
#6281 = ORIENTED_EDGE('',*,*,#6282,.F.);
#6282 = EDGE_CURVE('',#6283,#3633,#6285,.T.);
#6283 = VERTEX_POINT('',#6284);
#6284 = CARTESIAN_POINT('',(-1.037500047684,-1.558978965642,
    0.649999976158));
#6285 = LINE('',#6286,#6287);
#6286 = CARTESIAN_POINT('',(-1.037500047684,-1.558978965642,
    0.649999976158));
#6287 = VECTOR('',#6288,1.);
#6288 = DIRECTION('',(-0.,-1.,-0.));
#6289 = ORIENTED_EDGE('',*,*,#6290,.F.);
#6290 = EDGE_CURVE('',#4104,#6283,#6291,.T.);
#6291 = LINE('',#6292,#6293);
#6292 = CARTESIAN_POINT('',(-1.037500047684,-1.558978965642,
    1.249999976158));
#6293 = VECTOR('',#6294,1.);
#6294 = DIRECTION('',(0.,0.,-1.));
#6295 = ORIENTED_EDGE('',*,*,#4103,.T.);
#6296 = PLANE('',#6297);
#6297 = AXIS2_PLACEMENT_3D('',#6298,#6299,#6300);
#6298 = CARTESIAN_POINT('',(-1.037500047684,-1.558978965642,
    1.249999976158));
#6299 = DIRECTION('',(-1.,0.,0.));
#6300 = DIRECTION('',(0.,0.,1.));
#6301 = ADVANCED_FACE('',(#6302),#6320,.F.);
#6302 = FACE_BOUND('',#6303,.T.);
#6303 = EDGE_LOOP('',(#6304,#6305,#6306,#6314));
#6304 = ORIENTED_EDGE('',*,*,#3724,.T.);
#6305 = ORIENTED_EDGE('',*,*,#4119,.F.);
#6306 = ORIENTED_EDGE('',*,*,#6307,.F.);
#6307 = EDGE_CURVE('',#6308,#4112,#6310,.T.);
#6308 = VERTEX_POINT('',#6309);
#6309 = CARTESIAN_POINT('',(1.012499952316,-1.558978965642,
    0.649999976158));
#6310 = LINE('',#6311,#6312);
#6311 = CARTESIAN_POINT('',(1.012499952316,-1.558978965642,
    1.249999976158));
#6312 = VECTOR('',#6313,1.);
#6313 = DIRECTION('',(0.,0.,1.));
#6314 = ORIENTED_EDGE('',*,*,#6315,.T.);
#6315 = EDGE_CURVE('',#6308,#3725,#6316,.T.);
#6316 = LINE('',#6317,#6318);
#6317 = CARTESIAN_POINT('',(1.012499952316,-1.558978965642,
    0.649999976158));
#6318 = VECTOR('',#6319,1.);
#6319 = DIRECTION('',(-0.,-1.,-0.));
#6320 = PLANE('',#6321);
#6321 = AXIS2_PLACEMENT_3D('',#6322,#6323,#6324);
#6322 = CARTESIAN_POINT('',(1.012499952316,-1.558978965642,
    1.249999976158));
#6323 = DIRECTION('',(1.,0.,0.));
#6324 = DIRECTION('',(0.,0.,-1.));
#6325 = ADVANCED_FACE('',(#6326),#6337,.F.);
#6326 = FACE_BOUND('',#6327,.T.);
#6327 = EDGE_LOOP('',(#6328,#6329,#6330,#6336));
#6328 = ORIENTED_EDGE('',*,*,#3732,.T.);
#6329 = ORIENTED_EDGE('',*,*,#6315,.F.);
#6330 = ORIENTED_EDGE('',*,*,#6331,.F.);
#6331 = EDGE_CURVE('',#6283,#6308,#6332,.T.);
#6332 = LINE('',#6333,#6334);
#6333 = CARTESIAN_POINT('',(-1.037500047684,-1.558978965642,
    0.649999976158));
#6334 = VECTOR('',#6335,1.);
#6335 = DIRECTION('',(1.,0.,0.));
#6336 = ORIENTED_EDGE('',*,*,#6282,.T.);
#6337 = PLANE('',#6338);
#6338 = AXIS2_PLACEMENT_3D('',#6339,#6340,#6341);
#6339 = CARTESIAN_POINT('',(-1.037500047684,-1.558978965642,
    0.649999976158));
#6340 = DIRECTION('',(0.,0.,-1.));
#6341 = DIRECTION('',(-1.,0.,0.));
#6342 = ADVANCED_FACE('',(#6343),#6349,.T.);
#6343 = FACE_BOUND('',#6344,.T.);
#6344 = EDGE_LOOP('',(#6345,#6346,#6347,#6348));
#6345 = ORIENTED_EDGE('',*,*,#6290,.T.);
#6346 = ORIENTED_EDGE('',*,*,#6331,.T.);
#6347 = ORIENTED_EDGE('',*,*,#6307,.T.);
#6348 = ORIENTED_EDGE('',*,*,#4111,.T.);
#6349 = PLANE('',#6350);
#6350 = AXIS2_PLACEMENT_3D('',#6351,#6352,#6353);
#6351 = CARTESIAN_POINT('',(-1.250004768372E-02,-1.558978965642,
    1.399999976158));
#6352 = DIRECTION('',(0.,-1.,0.));
#6353 = DIRECTION('',(0.,0.,-1.));
#6354 = ADVANCED_FACE('',(#6355),#6380,.F.);
#6355 = FACE_BOUND('',#6356,.T.);
#6356 = EDGE_LOOP('',(#6357,#6358,#6366,#6374));
#6357 = ORIENTED_EDGE('',*,*,#2965,.T.);
#6358 = ORIENTED_EDGE('',*,*,#6359,.F.);
#6359 = EDGE_CURVE('',#6360,#2968,#6362,.T.);
#6360 = VERTEX_POINT('',#6361);
#6361 = CARTESIAN_POINT('',(2.162182706668,-0.294053328654,
    0.199999976158));
#6362 = LINE('',#6363,#6364);
#6363 = CARTESIAN_POINT('',(2.162182706668,-0.294053328654,
    0.199999976158));
#6364 = VECTOR('',#6365,1.);
#6365 = DIRECTION('',(-0.,-0.,-1.));
#6366 = ORIENTED_EDGE('',*,*,#6367,.F.);
#6367 = EDGE_CURVE('',#6368,#6360,#6370,.T.);
#6368 = VERTEX_POINT('',#6369);
#6369 = CARTESIAN_POINT('',(2.162182706668,0.409102303083,0.199999976158
    ));
#6370 = LINE('',#6371,#6372);
#6371 = CARTESIAN_POINT('',(2.162182706668,0.409102303083,0.199999976158
    ));
#6372 = VECTOR('',#6373,1.);
#6373 = DIRECTION('',(0.,-1.,0.));
#6374 = ORIENTED_EDGE('',*,*,#6375,.T.);
#6375 = EDGE_CURVE('',#6368,#2966,#6376,.T.);
#6376 = LINE('',#6377,#6378);
#6377 = CARTESIAN_POINT('',(2.162182706668,0.409102303083,0.199999976158
    ));
#6378 = VECTOR('',#6379,1.);
#6379 = DIRECTION('',(-0.,-0.,-1.));
#6380 = PLANE('',#6381);
#6381 = AXIS2_PLACEMENT_3D('',#6382,#6383,#6384);
#6382 = CARTESIAN_POINT('',(2.162182706668,0.409102303083,0.199999976158
    ));
#6383 = DIRECTION('',(1.,0.,0.));
#6384 = DIRECTION('',(0.,0.,-1.));
#6385 = ADVANCED_FACE('',(#6386),#6404,.F.);
#6386 = FACE_BOUND('',#6387,.T.);
#6387 = EDGE_LOOP('',(#6388,#6389,#6390,#6398));
#6388 = ORIENTED_EDGE('',*,*,#2975,.T.);
#6389 = ORIENTED_EDGE('',*,*,#6375,.F.);
#6390 = ORIENTED_EDGE('',*,*,#6391,.F.);
#6391 = EDGE_CURVE('',#6392,#6368,#6394,.T.);
#6392 = VERTEX_POINT('',#6393);
#6393 = CARTESIAN_POINT('',(1.862182706668,0.409102303083,0.199999976158
    ));
#6394 = LINE('',#6395,#6396);
#6395 = CARTESIAN_POINT('',(2.162182706668,0.409102303083,0.199999976158
    ));
#6396 = VECTOR('',#6397,1.);
#6397 = DIRECTION('',(1.,0.,0.));
#6398 = ORIENTED_EDGE('',*,*,#6399,.T.);
#6399 = EDGE_CURVE('',#6392,#2976,#6400,.T.);
#6400 = LINE('',#6401,#6402);
#6401 = CARTESIAN_POINT('',(1.862182706668,0.409102303083,0.199999976158
    ));
#6402 = VECTOR('',#6403,1.);
#6403 = DIRECTION('',(-0.,-0.,-1.));
#6404 = PLANE('',#6405);
#6405 = AXIS2_PLACEMENT_3D('',#6406,#6407,#6408);
#6406 = CARTESIAN_POINT('',(2.162182706668,0.409102303083,0.199999976158
    ));
#6407 = DIRECTION('',(0.,1.,0.));
#6408 = DIRECTION('',(0.,-0.,1.));
#6409 = ADVANCED_FACE('',(#6410),#6428,.F.);
#6410 = FACE_BOUND('',#6411,.T.);
#6411 = EDGE_LOOP('',(#6412,#6413,#6414,#6422));
#6412 = ORIENTED_EDGE('',*,*,#2983,.T.);
#6413 = ORIENTED_EDGE('',*,*,#6399,.F.);
#6414 = ORIENTED_EDGE('',*,*,#6415,.F.);
#6415 = EDGE_CURVE('',#6416,#6392,#6418,.T.);
#6416 = VERTEX_POINT('',#6417);
#6417 = CARTESIAN_POINT('',(1.862182706668,-0.294053328654,
    0.199999976158));
#6418 = LINE('',#6419,#6420);
#6419 = CARTESIAN_POINT('',(1.862182706668,0.409102303083,0.199999976158
    ));
#6420 = VECTOR('',#6421,1.);
#6421 = DIRECTION('',(0.,1.,0.));
#6422 = ORIENTED_EDGE('',*,*,#6423,.T.);
#6423 = EDGE_CURVE('',#6416,#2984,#6424,.T.);
#6424 = LINE('',#6425,#6426);
#6425 = CARTESIAN_POINT('',(1.862182706668,-0.294053328654,
    0.199999976158));
#6426 = VECTOR('',#6427,1.);
#6427 = DIRECTION('',(-0.,-0.,-1.));
#6428 = PLANE('',#6429);
#6429 = AXIS2_PLACEMENT_3D('',#6430,#6431,#6432);
#6430 = CARTESIAN_POINT('',(1.862182706668,0.409102303083,0.199999976158
    ));
#6431 = DIRECTION('',(-1.,0.,0.));
#6432 = DIRECTION('',(0.,0.,1.));
#6433 = ADVANCED_FACE('',(#6434),#6445,.F.);
#6434 = FACE_BOUND('',#6435,.T.);
#6435 = EDGE_LOOP('',(#6436,#6437,#6438,#6444));
#6436 = ORIENTED_EDGE('',*,*,#2991,.T.);
#6437 = ORIENTED_EDGE('',*,*,#6423,.F.);
#6438 = ORIENTED_EDGE('',*,*,#6439,.F.);
#6439 = EDGE_CURVE('',#6360,#6416,#6440,.T.);
#6440 = LINE('',#6441,#6442);
#6441 = CARTESIAN_POINT('',(2.162182706668,-0.294053328654,
    0.199999976158));
#6442 = VECTOR('',#6443,1.);
#6443 = DIRECTION('',(-1.,0.,0.));
#6444 = ORIENTED_EDGE('',*,*,#6359,.T.);
#6445 = PLANE('',#6446);
#6446 = AXIS2_PLACEMENT_3D('',#6447,#6448,#6449);
#6447 = CARTESIAN_POINT('',(2.162182706668,-0.294053328654,
    0.199999976158));
#6448 = DIRECTION('',(0.,-1.,0.));
#6449 = DIRECTION('',(0.,0.,-1.));
#6450 = ADVANCED_FACE('',(#6451),#6457,.T.);
#6451 = FACE_BOUND('',#6452,.T.);
#6452 = EDGE_LOOP('',(#6453,#6454,#6455,#6456));
#6453 = ORIENTED_EDGE('',*,*,#6367,.T.);
#6454 = ORIENTED_EDGE('',*,*,#6439,.T.);
#6455 = ORIENTED_EDGE('',*,*,#6415,.T.);
#6456 = ORIENTED_EDGE('',*,*,#6391,.T.);
#6457 = PLANE('',#6458);
#6458 = AXIS2_PLACEMENT_3D('',#6459,#6460,#6461);
#6459 = CARTESIAN_POINT('',(-1.250004768372E-02,-0.458978965642,
    0.199999976158));
#6460 = DIRECTION('',(0.,0.,-1.));
#6461 = DIRECTION('',(-1.,0.,0.));
#6462 = ADVANCED_FACE('',(#6463),#6488,.F.);
#6463 = FACE_BOUND('',#6464,.T.);
#6464 = EDGE_LOOP('',(#6465,#6466,#6474,#6482));
#6465 = ORIENTED_EDGE('',*,*,#2999,.T.);
#6466 = ORIENTED_EDGE('',*,*,#6467,.F.);
#6467 = EDGE_CURVE('',#6468,#3002,#6470,.T.);
#6468 = VERTEX_POINT('',#6469);
#6469 = CARTESIAN_POINT('',(1.124837863862,0.409102303083,0.199999976158
    ));
#6470 = LINE('',#6471,#6472);
#6471 = CARTESIAN_POINT('',(1.124837863862,0.409102303083,0.199999976158
    ));
#6472 = VECTOR('',#6473,1.);
#6473 = DIRECTION('',(-0.,-0.,-1.));
#6474 = ORIENTED_EDGE('',*,*,#6475,.F.);
#6475 = EDGE_CURVE('',#6476,#6468,#6478,.T.);
#6476 = VERTEX_POINT('',#6477);
#6477 = CARTESIAN_POINT('',(0.824837863862,0.409102303083,0.199999976158
    ));
#6478 = LINE('',#6479,#6480);
#6479 = CARTESIAN_POINT('',(1.124837863862,0.409102303083,0.199999976158
    ));
#6480 = VECTOR('',#6481,1.);
#6481 = DIRECTION('',(1.,0.,0.));
#6482 = ORIENTED_EDGE('',*,*,#6483,.T.);
#6483 = EDGE_CURVE('',#6476,#3000,#6484,.T.);
#6484 = LINE('',#6485,#6486);
#6485 = CARTESIAN_POINT('',(0.824837863862,0.409102303083,0.199999976158
    ));
#6486 = VECTOR('',#6487,1.);
#6487 = DIRECTION('',(-0.,-0.,-1.));
#6488 = PLANE('',#6489);
#6489 = AXIS2_PLACEMENT_3D('',#6490,#6491,#6492);
#6490 = CARTESIAN_POINT('',(1.124837863862,0.409102303083,0.199999976158
    ));
#6491 = DIRECTION('',(0.,1.,0.));
#6492 = DIRECTION('',(0.,-0.,1.));
#6493 = ADVANCED_FACE('',(#6494),#6512,.F.);
#6494 = FACE_BOUND('',#6495,.T.);
#6495 = EDGE_LOOP('',(#6496,#6497,#6498,#6506));
#6496 = ORIENTED_EDGE('',*,*,#3009,.T.);
#6497 = ORIENTED_EDGE('',*,*,#6483,.F.);
#6498 = ORIENTED_EDGE('',*,*,#6499,.F.);
#6499 = EDGE_CURVE('',#6500,#6476,#6502,.T.);
#6500 = VERTEX_POINT('',#6501);
#6501 = CARTESIAN_POINT('',(0.824837863862,-0.294053328654,
    0.199999976158));
#6502 = LINE('',#6503,#6504);
#6503 = CARTESIAN_POINT('',(0.824837863862,0.409102303083,0.199999976158
    ));
#6504 = VECTOR('',#6505,1.);
#6505 = DIRECTION('',(0.,1.,0.));
#6506 = ORIENTED_EDGE('',*,*,#6507,.T.);
#6507 = EDGE_CURVE('',#6500,#3010,#6508,.T.);
#6508 = LINE('',#6509,#6510);
#6509 = CARTESIAN_POINT('',(0.824837863862,-0.294053328654,
    0.199999976158));
#6510 = VECTOR('',#6511,1.);
#6511 = DIRECTION('',(-0.,-0.,-1.));
#6512 = PLANE('',#6513);
#6513 = AXIS2_PLACEMENT_3D('',#6514,#6515,#6516);
#6514 = CARTESIAN_POINT('',(0.824837863862,0.409102303083,0.199999976158
    ));
#6515 = DIRECTION('',(-1.,0.,0.));
#6516 = DIRECTION('',(0.,0.,1.));
#6517 = ADVANCED_FACE('',(#6518),#6536,.F.);
#6518 = FACE_BOUND('',#6519,.T.);
#6519 = EDGE_LOOP('',(#6520,#6521,#6522,#6530));
#6520 = ORIENTED_EDGE('',*,*,#3017,.T.);
#6521 = ORIENTED_EDGE('',*,*,#6507,.F.);
#6522 = ORIENTED_EDGE('',*,*,#6523,.F.);
#6523 = EDGE_CURVE('',#6524,#6500,#6526,.T.);
#6524 = VERTEX_POINT('',#6525);
#6525 = CARTESIAN_POINT('',(1.124837863862,-0.294053328654,
    0.199999976158));
#6526 = LINE('',#6527,#6528);
#6527 = CARTESIAN_POINT('',(1.124837863862,-0.294053328654,
    0.199999976158));
#6528 = VECTOR('',#6529,1.);
#6529 = DIRECTION('',(-1.,0.,0.));
#6530 = ORIENTED_EDGE('',*,*,#6531,.T.);
#6531 = EDGE_CURVE('',#6524,#3018,#6532,.T.);
#6532 = LINE('',#6533,#6534);
#6533 = CARTESIAN_POINT('',(1.124837863862,-0.294053328654,
    0.199999976158));
#6534 = VECTOR('',#6535,1.);
#6535 = DIRECTION('',(-0.,-0.,-1.));
#6536 = PLANE('',#6537);
#6537 = AXIS2_PLACEMENT_3D('',#6538,#6539,#6540);
#6538 = CARTESIAN_POINT('',(1.124837863862,-0.294053328654,
    0.199999976158));
#6539 = DIRECTION('',(0.,-1.,0.));
#6540 = DIRECTION('',(0.,0.,-1.));
#6541 = ADVANCED_FACE('',(#6542),#6553,.F.);
#6542 = FACE_BOUND('',#6543,.T.);
#6543 = EDGE_LOOP('',(#6544,#6545,#6546,#6552));
#6544 = ORIENTED_EDGE('',*,*,#3025,.T.);
#6545 = ORIENTED_EDGE('',*,*,#6531,.F.);
#6546 = ORIENTED_EDGE('',*,*,#6547,.F.);
#6547 = EDGE_CURVE('',#6468,#6524,#6548,.T.);
#6548 = LINE('',#6549,#6550);
#6549 = CARTESIAN_POINT('',(1.124837863862,0.409102303083,0.199999976158
    ));
#6550 = VECTOR('',#6551,1.);
#6551 = DIRECTION('',(0.,-1.,0.));
#6552 = ORIENTED_EDGE('',*,*,#6467,.T.);
#6553 = PLANE('',#6554);
#6554 = AXIS2_PLACEMENT_3D('',#6555,#6556,#6557);
#6555 = CARTESIAN_POINT('',(1.124837863862,0.409102303083,0.199999976158
    ));
#6556 = DIRECTION('',(1.,0.,0.));
#6557 = DIRECTION('',(0.,0.,-1.));
#6558 = ADVANCED_FACE('',(#6559),#6565,.F.);
#6559 = FACE_BOUND('',#6560,.T.);
#6560 = EDGE_LOOP('',(#6561,#6562,#6563,#6564));
#6561 = ORIENTED_EDGE('',*,*,#6475,.T.);
#6562 = ORIENTED_EDGE('',*,*,#6547,.T.);
#6563 = ORIENTED_EDGE('',*,*,#6523,.T.);
#6564 = ORIENTED_EDGE('',*,*,#6499,.T.);
#6565 = PLANE('',#6566);
#6566 = AXIS2_PLACEMENT_3D('',#6567,#6568,#6569);
#6567 = CARTESIAN_POINT('',(-1.250004768372E-02,-0.458978965642,
    0.199999976158));
#6568 = DIRECTION('',(0.,0.,1.));
#6569 = DIRECTION('',(1.,0.,-0.));
#6570 = ADVANCED_FACE('',(#6571),#6596,.F.);
#6571 = FACE_BOUND('',#6572,.T.);
#6572 = EDGE_LOOP('',(#6573,#6574,#6582,#6590));
#6573 = ORIENTED_EDGE('',*,*,#3033,.T.);
#6574 = ORIENTED_EDGE('',*,*,#6575,.F.);
#6575 = EDGE_CURVE('',#6576,#3036,#6578,.T.);
#6576 = VERTEX_POINT('',#6577);
#6577 = CARTESIAN_POINT('',(-1.14983795923,0.409102303083,0.199999976158
    ));
#6578 = LINE('',#6579,#6580);
#6579 = CARTESIAN_POINT('',(-1.14983795923,0.409102303083,0.199999976158
    ));
#6580 = VECTOR('',#6581,1.);
#6581 = DIRECTION('',(-0.,-0.,-1.));
#6582 = ORIENTED_EDGE('',*,*,#6583,.F.);
#6583 = EDGE_CURVE('',#6584,#6576,#6586,.T.);
#6584 = VERTEX_POINT('',#6585);
#6585 = CARTESIAN_POINT('',(-1.14983795923,-0.294053328654,
    0.199999976158));
#6586 = LINE('',#6587,#6588);
#6587 = CARTESIAN_POINT('',(-1.14983795923,0.409102303083,0.199999976158
    ));
#6588 = VECTOR('',#6589,1.);
#6589 = DIRECTION('',(0.,1.,0.));
#6590 = ORIENTED_EDGE('',*,*,#6591,.T.);
#6591 = EDGE_CURVE('',#6584,#3034,#6592,.T.);
#6592 = LINE('',#6593,#6594);
#6593 = CARTESIAN_POINT('',(-1.14983795923,-0.294053328654,
    0.199999976158));
#6594 = VECTOR('',#6595,1.);
#6595 = DIRECTION('',(-0.,-0.,-1.));
#6596 = PLANE('',#6597);
#6597 = AXIS2_PLACEMENT_3D('',#6598,#6599,#6600);
#6598 = CARTESIAN_POINT('',(-1.14983795923,0.409102303083,0.199999976158
    ));
#6599 = DIRECTION('',(-1.,0.,0.));
#6600 = DIRECTION('',(0.,0.,1.));
#6601 = ADVANCED_FACE('',(#6602),#6620,.F.);
#6602 = FACE_BOUND('',#6603,.T.);
#6603 = EDGE_LOOP('',(#6604,#6605,#6606,#6614));
#6604 = ORIENTED_EDGE('',*,*,#3043,.T.);
#6605 = ORIENTED_EDGE('',*,*,#6591,.F.);
#6606 = ORIENTED_EDGE('',*,*,#6607,.F.);
#6607 = EDGE_CURVE('',#6608,#6584,#6610,.T.);
#6608 = VERTEX_POINT('',#6609);
#6609 = CARTESIAN_POINT('',(-0.84983795923,-0.294053328654,
    0.199999976158));
#6610 = LINE('',#6611,#6612);
#6611 = CARTESIAN_POINT('',(-1.14983795923,-0.294053328654,
    0.199999976158));
#6612 = VECTOR('',#6613,1.);
#6613 = DIRECTION('',(-1.,-0.,-0.));
#6614 = ORIENTED_EDGE('',*,*,#6615,.T.);
#6615 = EDGE_CURVE('',#6608,#3044,#6616,.T.);
#6616 = LINE('',#6617,#6618);
#6617 = CARTESIAN_POINT('',(-0.84983795923,-0.294053328654,
    0.199999976158));
#6618 = VECTOR('',#6619,1.);
#6619 = DIRECTION('',(-0.,-0.,-1.));
#6620 = PLANE('',#6621);
#6621 = AXIS2_PLACEMENT_3D('',#6622,#6623,#6624);
#6622 = CARTESIAN_POINT('',(-1.14983795923,-0.294053328654,
    0.199999976158));
#6623 = DIRECTION('',(0.,-1.,0.));
#6624 = DIRECTION('',(0.,0.,-1.));
#6625 = ADVANCED_FACE('',(#6626),#6644,.F.);
#6626 = FACE_BOUND('',#6627,.T.);
#6627 = EDGE_LOOP('',(#6628,#6629,#6630,#6638));
#6628 = ORIENTED_EDGE('',*,*,#3051,.T.);
#6629 = ORIENTED_EDGE('',*,*,#6615,.F.);
#6630 = ORIENTED_EDGE('',*,*,#6631,.F.);
#6631 = EDGE_CURVE('',#6632,#6608,#6634,.T.);
#6632 = VERTEX_POINT('',#6633);
#6633 = CARTESIAN_POINT('',(-0.84983795923,0.409102303083,0.199999976158
    ));
#6634 = LINE('',#6635,#6636);
#6635 = CARTESIAN_POINT('',(-0.84983795923,0.409102303083,0.199999976158
    ));
#6636 = VECTOR('',#6637,1.);
#6637 = DIRECTION('',(0.,-1.,0.));
#6638 = ORIENTED_EDGE('',*,*,#6639,.T.);
#6639 = EDGE_CURVE('',#6632,#3052,#6640,.T.);
#6640 = LINE('',#6641,#6642);
#6641 = CARTESIAN_POINT('',(-0.84983795923,0.409102303083,0.199999976158
    ));
#6642 = VECTOR('',#6643,1.);
#6643 = DIRECTION('',(-0.,-0.,-1.));
#6644 = PLANE('',#6645);
#6645 = AXIS2_PLACEMENT_3D('',#6646,#6647,#6648);
#6646 = CARTESIAN_POINT('',(-0.84983795923,0.409102303083,0.199999976158
    ));
#6647 = DIRECTION('',(1.,0.,0.));
#6648 = DIRECTION('',(0.,0.,-1.));
#6649 = ADVANCED_FACE('',(#6650),#6661,.F.);
#6650 = FACE_BOUND('',#6651,.T.);
#6651 = EDGE_LOOP('',(#6652,#6653,#6654,#6660));
#6652 = ORIENTED_EDGE('',*,*,#3059,.T.);
#6653 = ORIENTED_EDGE('',*,*,#6639,.F.);
#6654 = ORIENTED_EDGE('',*,*,#6655,.F.);
#6655 = EDGE_CURVE('',#6576,#6632,#6656,.T.);
#6656 = LINE('',#6657,#6658);
#6657 = CARTESIAN_POINT('',(-1.14983795923,0.409102303083,0.199999976158
    ));
#6658 = VECTOR('',#6659,1.);
#6659 = DIRECTION('',(1.,0.,0.));
#6660 = ORIENTED_EDGE('',*,*,#6575,.T.);
#6661 = PLANE('',#6662);
#6662 = AXIS2_PLACEMENT_3D('',#6663,#6664,#6665);
#6663 = CARTESIAN_POINT('',(-1.14983795923,0.409102303083,0.199999976158
    ));
#6664 = DIRECTION('',(0.,1.,0.));
#6665 = DIRECTION('',(0.,-0.,1.));
#6666 = ADVANCED_FACE('',(#6667),#6673,.F.);
#6667 = FACE_BOUND('',#6668,.T.);
#6668 = EDGE_LOOP('',(#6669,#6670,#6671,#6672));
#6669 = ORIENTED_EDGE('',*,*,#6583,.T.);
#6670 = ORIENTED_EDGE('',*,*,#6655,.T.);
#6671 = ORIENTED_EDGE('',*,*,#6631,.T.);
#6672 = ORIENTED_EDGE('',*,*,#6607,.T.);
#6673 = PLANE('',#6674);
#6674 = AXIS2_PLACEMENT_3D('',#6675,#6676,#6677);
#6675 = CARTESIAN_POINT('',(-1.250004768372E-02,-0.458978965642,
    0.199999976158));
#6676 = DIRECTION('',(0.,0.,1.));
#6677 = DIRECTION('',(1.,0.,-0.));
#6678 = ADVANCED_FACE('',(#6679),#6704,.F.);
#6679 = FACE_BOUND('',#6680,.T.);
#6680 = EDGE_LOOP('',(#6681,#6682,#6690,#6698));
#6681 = ORIENTED_EDGE('',*,*,#3067,.T.);
#6682 = ORIENTED_EDGE('',*,*,#6683,.F.);
#6683 = EDGE_CURVE('',#6684,#3070,#6686,.T.);
#6684 = VERTEX_POINT('',#6685);
#6685 = CARTESIAN_POINT('',(-1.887182802035,0.409102303083,
    0.199999976158));
#6686 = LINE('',#6687,#6688);
#6687 = CARTESIAN_POINT('',(-1.887182802035,0.409102303083,
    0.199999976158));
#6688 = VECTOR('',#6689,1.);
#6689 = DIRECTION('',(-0.,-0.,-1.));
#6690 = ORIENTED_EDGE('',*,*,#6691,.F.);
#6691 = EDGE_CURVE('',#6692,#6684,#6694,.T.);
#6692 = VERTEX_POINT('',#6693);
#6693 = CARTESIAN_POINT('',(-2.187182802035,0.409102303083,
    0.199999976158));
#6694 = LINE('',#6695,#6696);
#6695 = CARTESIAN_POINT('',(-2.187182802035,0.409102303083,
    0.199999976158));
#6696 = VECTOR('',#6697,1.);
#6697 = DIRECTION('',(1.,0.,0.));
#6698 = ORIENTED_EDGE('',*,*,#6699,.T.);
#6699 = EDGE_CURVE('',#6692,#3068,#6700,.T.);
#6700 = LINE('',#6701,#6702);
#6701 = CARTESIAN_POINT('',(-2.187182802035,0.409102303083,
    0.199999976158));
#6702 = VECTOR('',#6703,1.);
#6703 = DIRECTION('',(-0.,-0.,-1.));
#6704 = PLANE('',#6705);
#6705 = AXIS2_PLACEMENT_3D('',#6706,#6707,#6708);
#6706 = CARTESIAN_POINT('',(-2.187182802035,0.409102303083,
    0.199999976158));
#6707 = DIRECTION('',(0.,1.,0.));
#6708 = DIRECTION('',(0.,-0.,1.));
#6709 = ADVANCED_FACE('',(#6710),#6728,.F.);
#6710 = FACE_BOUND('',#6711,.T.);
#6711 = EDGE_LOOP('',(#6712,#6713,#6714,#6722));
#6712 = ORIENTED_EDGE('',*,*,#3077,.T.);
#6713 = ORIENTED_EDGE('',*,*,#6699,.F.);
#6714 = ORIENTED_EDGE('',*,*,#6715,.F.);
#6715 = EDGE_CURVE('',#6716,#6692,#6718,.T.);
#6716 = VERTEX_POINT('',#6717);
#6717 = CARTESIAN_POINT('',(-2.187182802035,-0.294053328654,
    0.199999976158));
#6718 = LINE('',#6719,#6720);
#6719 = CARTESIAN_POINT('',(-2.187182802035,0.409102303083,
    0.199999976158));
#6720 = VECTOR('',#6721,1.);
#6721 = DIRECTION('',(0.,1.,0.));
#6722 = ORIENTED_EDGE('',*,*,#6723,.T.);
#6723 = EDGE_CURVE('',#6716,#3078,#6724,.T.);
#6724 = LINE('',#6725,#6726);
#6725 = CARTESIAN_POINT('',(-2.187182802035,-0.294053328654,
    0.199999976158));
#6726 = VECTOR('',#6727,1.);
#6727 = DIRECTION('',(-0.,-0.,-1.));
#6728 = PLANE('',#6729);
#6729 = AXIS2_PLACEMENT_3D('',#6730,#6731,#6732);
#6730 = CARTESIAN_POINT('',(-2.187182802035,0.409102303083,
    0.199999976158));
#6731 = DIRECTION('',(-1.,0.,0.));
#6732 = DIRECTION('',(0.,0.,1.));
#6733 = ADVANCED_FACE('',(#6734),#6752,.F.);
#6734 = FACE_BOUND('',#6735,.T.);
#6735 = EDGE_LOOP('',(#6736,#6737,#6738,#6746));
#6736 = ORIENTED_EDGE('',*,*,#3085,.T.);
#6737 = ORIENTED_EDGE('',*,*,#6723,.F.);
#6738 = ORIENTED_EDGE('',*,*,#6739,.F.);
#6739 = EDGE_CURVE('',#6740,#6716,#6742,.T.);
#6740 = VERTEX_POINT('',#6741);
#6741 = CARTESIAN_POINT('',(-1.887182802035,-0.294053328654,
    0.199999976158));
#6742 = LINE('',#6743,#6744);
#6743 = CARTESIAN_POINT('',(-2.187182802035,-0.294053328654,
    0.199999976158));
#6744 = VECTOR('',#6745,1.);
#6745 = DIRECTION('',(-1.,-0.,-0.));
#6746 = ORIENTED_EDGE('',*,*,#6747,.T.);
#6747 = EDGE_CURVE('',#6740,#3086,#6748,.T.);
#6748 = LINE('',#6749,#6750);
#6749 = CARTESIAN_POINT('',(-1.887182802035,-0.294053328654,
    0.199999976158));
#6750 = VECTOR('',#6751,1.);
#6751 = DIRECTION('',(-0.,-0.,-1.));
#6752 = PLANE('',#6753);
#6753 = AXIS2_PLACEMENT_3D('',#6754,#6755,#6756);
#6754 = CARTESIAN_POINT('',(-2.187182802035,-0.294053328654,
    0.199999976158));
#6755 = DIRECTION('',(0.,-1.,0.));
#6756 = DIRECTION('',(0.,0.,-1.));
#6757 = ADVANCED_FACE('',(#6758),#6769,.F.);
#6758 = FACE_BOUND('',#6759,.T.);
#6759 = EDGE_LOOP('',(#6760,#6761,#6762,#6768));
#6760 = ORIENTED_EDGE('',*,*,#3093,.T.);
#6761 = ORIENTED_EDGE('',*,*,#6747,.F.);
#6762 = ORIENTED_EDGE('',*,*,#6763,.F.);
#6763 = EDGE_CURVE('',#6684,#6740,#6764,.T.);
#6764 = LINE('',#6765,#6766);
#6765 = CARTESIAN_POINT('',(-1.887182802035,0.409102303083,
    0.199999976158));
#6766 = VECTOR('',#6767,1.);
#6767 = DIRECTION('',(0.,-1.,0.));
#6768 = ORIENTED_EDGE('',*,*,#6683,.T.);
#6769 = PLANE('',#6770);
#6770 = AXIS2_PLACEMENT_3D('',#6771,#6772,#6773);
#6771 = CARTESIAN_POINT('',(-1.887182802035,0.409102303083,
    0.199999976158));
#6772 = DIRECTION('',(1.,0.,0.));
#6773 = DIRECTION('',(0.,0.,-1.));
#6774 = ADVANCED_FACE('',(#6775),#6781,.T.);
#6775 = FACE_BOUND('',#6776,.T.);
#6776 = EDGE_LOOP('',(#6777,#6778,#6779,#6780));
#6777 = ORIENTED_EDGE('',*,*,#6691,.T.);
#6778 = ORIENTED_EDGE('',*,*,#6763,.T.);
#6779 = ORIENTED_EDGE('',*,*,#6739,.T.);
#6780 = ORIENTED_EDGE('',*,*,#6715,.T.);
#6781 = PLANE('',#6782);
#6782 = AXIS2_PLACEMENT_3D('',#6783,#6784,#6785);
#6783 = CARTESIAN_POINT('',(-1.250004768372E-02,-0.458978965642,
    0.199999976158));
#6784 = DIRECTION('',(0.,0.,-1.));
#6785 = DIRECTION('',(-1.,0.,0.));
#6786 = ADVANCED_FACE('',(#6787),#6805,.T.);
#6787 = FACE_BOUND('',#6788,.T.);
#6788 = EDGE_LOOP('',(#6789,#6790,#6791,#6799));
#6789 = ORIENTED_EDGE('',*,*,#3175,.F.);
#6790 = ORIENTED_EDGE('',*,*,#3373,.F.);
#6791 = ORIENTED_EDGE('',*,*,#6792,.T.);
#6792 = EDGE_CURVE('',#3366,#6793,#6795,.T.);
#6793 = VERTEX_POINT('',#6794);
#6794 = CARTESIAN_POINT('',(2.037499952316,0.541021034358,0.149999976158
    ));
#6795 = LINE('',#6796,#6797);
#6796 = CARTESIAN_POINT('',(2.037499952316,-0.458978965642,
    0.149999976158));
#6797 = VECTOR('',#6798,1.);
#6798 = DIRECTION('',(5.782411586589E-15,-1.,0.));
#6799 = ORIENTED_EDGE('',*,*,#6800,.T.);
#6800 = EDGE_CURVE('',#6793,#3176,#6801,.T.);
#6801 = LINE('',#6802,#6803);
#6802 = CARTESIAN_POINT('',(2.037499952316,0.541021034358,0.149999976158
    ));
#6803 = VECTOR('',#6804,1.);
#6804 = DIRECTION('',(-0.,-0.,-1.));
#6805 = PLANE('',#6806);
#6806 = AXIS2_PLACEMENT_3D('',#6807,#6808,#6809);
#6807 = CARTESIAN_POINT('',(2.037499952316,-0.458978965642,
    0.149999976158));
#6808 = DIRECTION('',(1.,5.782411586589E-15,0.));
#6809 = DIRECTION('',(-5.782411586589E-15,1.,0.));
#6810 = ADVANCED_FACE('',(#6811),#6829,.F.);
#6811 = FACE_BOUND('',#6812,.T.);
#6812 = EDGE_LOOP('',(#6813,#6814,#6815,#6823));
#6813 = ORIENTED_EDGE('',*,*,#3183,.T.);
#6814 = ORIENTED_EDGE('',*,*,#6800,.F.);
#6815 = ORIENTED_EDGE('',*,*,#6816,.F.);
#6816 = EDGE_CURVE('',#6817,#6793,#6819,.T.);
#6817 = VERTEX_POINT('',#6818);
#6818 = CARTESIAN_POINT('',(2.437499952316,0.541021034358,0.149999976158
    ));
#6819 = LINE('',#6820,#6821);
#6820 = CARTESIAN_POINT('',(-1.250004768372E-02,0.541021034358,
    0.149999976158));
#6821 = VECTOR('',#6822,1.);
#6822 = DIRECTION('',(-1.,5.421010862428E-16,0.));
#6823 = ORIENTED_EDGE('',*,*,#6824,.T.);
#6824 = EDGE_CURVE('',#6817,#3184,#6825,.T.);
#6825 = LINE('',#6826,#6827);
#6826 = CARTESIAN_POINT('',(2.437499952316,0.541021034358,0.149999976158
    ));
#6827 = VECTOR('',#6828,1.);
#6828 = DIRECTION('',(-0.,-0.,-1.));
#6829 = PLANE('',#6830);
#6830 = AXIS2_PLACEMENT_3D('',#6831,#6832,#6833);
#6831 = CARTESIAN_POINT('',(-1.250004768372E-02,0.541021034358,
    0.149999976158));
#6832 = DIRECTION('',(-5.421010862428E-16,-1.,0.));
#6833 = DIRECTION('',(1.,-5.421010862428E-16,0.));
#6834 = ADVANCED_FACE('',(#6835),#6846,.F.);
#6835 = FACE_BOUND('',#6836,.T.);
#6836 = EDGE_LOOP('',(#6837,#6838,#6839,#6845));
#6837 = ORIENTED_EDGE('',*,*,#3191,.T.);
#6838 = ORIENTED_EDGE('',*,*,#6824,.F.);
#6839 = ORIENTED_EDGE('',*,*,#6840,.F.);
#6840 = EDGE_CURVE('',#3358,#6817,#6841,.T.);
#6841 = LINE('',#6842,#6843);
#6842 = CARTESIAN_POINT('',(2.437499952316,-0.458978965642,
    0.149999976158));
#6843 = VECTOR('',#6844,1.);
#6844 = DIRECTION('',(-1.445602896647E-15,-1.,0.));
#6845 = ORIENTED_EDGE('',*,*,#3357,.T.);
#6846 = PLANE('',#6847);
#6847 = AXIS2_PLACEMENT_3D('',#6848,#6849,#6850);
#6848 = CARTESIAN_POINT('',(2.437499952316,-0.458978965642,
    0.149999976158));
#6849 = DIRECTION('',(1.,-1.445602896647E-15,0.));
#6850 = DIRECTION('',(1.445602896647E-15,1.,0.));
#6851 = ADVANCED_FACE('',(#6852),#6858,.T.);
#6852 = FACE_BOUND('',#6853,.T.);
#6853 = EDGE_LOOP('',(#6854,#6855,#6856,#6857));
#6854 = ORIENTED_EDGE('',*,*,#6792,.F.);
#6855 = ORIENTED_EDGE('',*,*,#3365,.T.);
#6856 = ORIENTED_EDGE('',*,*,#6840,.T.);
#6857 = ORIENTED_EDGE('',*,*,#6816,.T.);
#6858 = PLANE('',#6859);
#6859 = AXIS2_PLACEMENT_3D('',#6860,#6861,#6862);
#6860 = CARTESIAN_POINT('',(-1.250004768372E-02,-0.458978965642,
    0.149999976158));
#6861 = DIRECTION('',(0.,0.,-1.));
#6862 = DIRECTION('',(-1.,0.,0.));
#6863 = ADVANCED_FACE('',(#6864),#6882,.T.);
#6864 = FACE_BOUND('',#6865,.T.);
#6865 = EDGE_LOOP('',(#6866,#6867,#6868,#6876));
#6866 = ORIENTED_EDGE('',*,*,#3143,.F.);
#6867 = ORIENTED_EDGE('',*,*,#3396,.F.);
#6868 = ORIENTED_EDGE('',*,*,#6869,.T.);
#6869 = EDGE_CURVE('',#3389,#6870,#6872,.T.);
#6870 = VERTEX_POINT('',#6871);
#6871 = CARTESIAN_POINT('',(0.537499952316,0.541021034358,0.149999976158
    ));
#6872 = LINE('',#6873,#6874);
#6873 = CARTESIAN_POINT('',(0.537499952316,-0.458978965642,
    0.149999976158));
#6874 = VECTOR('',#6875,1.);
#6875 = DIRECTION('',(-6.143812310751E-15,-1.,0.));
#6876 = ORIENTED_EDGE('',*,*,#6877,.T.);
#6877 = EDGE_CURVE('',#6870,#3144,#6878,.T.);
#6878 = LINE('',#6879,#6880);
#6879 = CARTESIAN_POINT('',(0.537499952316,0.541021034358,0.149999976158
    ));
#6880 = VECTOR('',#6881,1.);
#6881 = DIRECTION('',(-0.,-0.,-1.));
#6882 = PLANE('',#6883);
#6883 = AXIS2_PLACEMENT_3D('',#6884,#6885,#6886);
#6884 = CARTESIAN_POINT('',(0.537499952316,-0.458978965642,
    0.149999976158));
#6885 = DIRECTION('',(1.,-6.143812310751E-15,0.));
#6886 = DIRECTION('',(6.143812310751E-15,1.,0.));
#6887 = ADVANCED_FACE('',(#6888),#6906,.F.);
#6888 = FACE_BOUND('',#6889,.T.);
#6889 = EDGE_LOOP('',(#6890,#6891,#6892,#6900));
#6890 = ORIENTED_EDGE('',*,*,#3151,.T.);
#6891 = ORIENTED_EDGE('',*,*,#6877,.F.);
#6892 = ORIENTED_EDGE('',*,*,#6893,.F.);
#6893 = EDGE_CURVE('',#6894,#6870,#6896,.T.);
#6894 = VERTEX_POINT('',#6895);
#6895 = CARTESIAN_POINT('',(0.937499952316,0.541021034358,0.149999976158
    ));
#6896 = LINE('',#6897,#6898);
#6897 = CARTESIAN_POINT('',(-1.250004768372E-02,0.541021034358,
    0.149999976158));
#6898 = VECTOR('',#6899,1.);
#6899 = DIRECTION('',(-1.,0.,0.));
#6900 = ORIENTED_EDGE('',*,*,#6901,.T.);
#6901 = EDGE_CURVE('',#6894,#3152,#6902,.T.);
#6902 = LINE('',#6903,#6904);
#6903 = CARTESIAN_POINT('',(0.937499952316,0.541021034358,0.149999976158
    ));
#6904 = VECTOR('',#6905,1.);
#6905 = DIRECTION('',(-0.,-0.,-1.));
#6906 = PLANE('',#6907);
#6907 = AXIS2_PLACEMENT_3D('',#6908,#6909,#6910);
#6908 = CARTESIAN_POINT('',(-1.250004768372E-02,0.541021034358,
    0.149999976158));
#6909 = DIRECTION('',(0.,-1.,0.));
#6910 = DIRECTION('',(0.,0.,-1.));
#6911 = ADVANCED_FACE('',(#6912),#6923,.F.);
#6912 = FACE_BOUND('',#6913,.T.);
#6913 = EDGE_LOOP('',(#6914,#6915,#6916,#6922));
#6914 = ORIENTED_EDGE('',*,*,#3159,.T.);
#6915 = ORIENTED_EDGE('',*,*,#6901,.F.);
#6916 = ORIENTED_EDGE('',*,*,#6917,.F.);
#6917 = EDGE_CURVE('',#3381,#6894,#6918,.T.);
#6918 = LINE('',#6919,#6920);
#6919 = CARTESIAN_POINT('',(0.937499952316,-0.458978965642,
    0.149999976158));
#6920 = VECTOR('',#6921,1.);
#6921 = DIRECTION('',(4.698209414104E-15,-1.,0.));
#6922 = ORIENTED_EDGE('',*,*,#3380,.T.);
#6923 = PLANE('',#6924);
#6924 = AXIS2_PLACEMENT_3D('',#6925,#6926,#6927);
#6925 = CARTESIAN_POINT('',(0.937499952316,-0.458978965642,
    0.149999976158));
#6926 = DIRECTION('',(1.,4.698209414104E-15,0.));
#6927 = DIRECTION('',(-4.698209414104E-15,1.,0.));
#6928 = ADVANCED_FACE('',(#6929),#6935,.T.);
#6929 = FACE_BOUND('',#6930,.T.);
#6930 = EDGE_LOOP('',(#6931,#6932,#6933,#6934));
#6931 = ORIENTED_EDGE('',*,*,#6869,.F.);
#6932 = ORIENTED_EDGE('',*,*,#3388,.T.);
#6933 = ORIENTED_EDGE('',*,*,#6917,.T.);
#6934 = ORIENTED_EDGE('',*,*,#6893,.T.);
#6935 = PLANE('',#6936);
#6936 = AXIS2_PLACEMENT_3D('',#6937,#6938,#6939);
#6937 = CARTESIAN_POINT('',(-1.250004768372E-02,-0.458978965642,
    0.149999976158));
#6938 = DIRECTION('',(0.,0.,-1.));
#6939 = DIRECTION('',(-1.,0.,0.));
#6940 = ADVANCED_FACE('',(#6941),#6959,.T.);
#6941 = FACE_BOUND('',#6942,.T.);
#6942 = EDGE_LOOP('',(#6943,#6944,#6945,#6953));
#6943 = ORIENTED_EDGE('',*,*,#3111,.F.);
#6944 = ORIENTED_EDGE('',*,*,#3247,.F.);
#6945 = ORIENTED_EDGE('',*,*,#6946,.T.);
#6946 = EDGE_CURVE('',#3238,#6947,#6949,.T.);
#6947 = VERTEX_POINT('',#6948);
#6948 = CARTESIAN_POINT('',(-2.462500047684,0.541021034358,
    0.149999976158));
#6949 = LINE('',#6950,#6951);
#6950 = CARTESIAN_POINT('',(-2.462500047684,-0.458978965642,
    0.149999976158));
#6951 = VECTOR('',#6952,1.);
#6952 = DIRECTION('',(-1.445602896647E-15,-1.,0.));
#6953 = ORIENTED_EDGE('',*,*,#6954,.T.);
#6954 = EDGE_CURVE('',#6947,#3112,#6955,.T.);
#6955 = LINE('',#6956,#6957);
#6956 = CARTESIAN_POINT('',(-2.462500047684,0.541021034358,
    0.149999976158));
#6957 = VECTOR('',#6958,1.);
#6958 = DIRECTION('',(-0.,-0.,-1.));
#6959 = PLANE('',#6960);
#6960 = AXIS2_PLACEMENT_3D('',#6961,#6962,#6963);
#6961 = CARTESIAN_POINT('',(-2.462500047684,-0.458978965642,
    0.149999976158));
#6962 = DIRECTION('',(1.,-1.445602896647E-15,0.));
#6963 = DIRECTION('',(1.445602896647E-15,1.,0.));
#6964 = ADVANCED_FACE('',(#6965),#6983,.T.);
#6965 = FACE_BOUND('',#6966,.T.);
#6966 = EDGE_LOOP('',(#6967,#6968,#6969,#6977));
#6967 = ORIENTED_EDGE('',*,*,#3119,.F.);
#6968 = ORIENTED_EDGE('',*,*,#6954,.F.);
#6969 = ORIENTED_EDGE('',*,*,#6970,.T.);
#6970 = EDGE_CURVE('',#6947,#6971,#6973,.T.);
#6971 = VERTEX_POINT('',#6972);
#6972 = CARTESIAN_POINT('',(-2.062500047684,0.541021034358,
    0.149999976158));
#6973 = LINE('',#6974,#6975);
#6974 = CARTESIAN_POINT('',(-1.250004768372E-02,0.541021034358,
    0.149999976158));
#6975 = VECTOR('',#6976,1.);
#6976 = DIRECTION('',(1.,0.,0.));
#6977 = ORIENTED_EDGE('',*,*,#6978,.T.);
#6978 = EDGE_CURVE('',#6971,#3120,#6979,.T.);
#6979 = LINE('',#6980,#6981);
#6980 = CARTESIAN_POINT('',(-2.062500047684,0.541021034358,
    0.149999976158));
#6981 = VECTOR('',#6982,1.);
#6982 = DIRECTION('',(-0.,-0.,-1.));
#6983 = PLANE('',#6984);
#6984 = AXIS2_PLACEMENT_3D('',#6985,#6986,#6987);
#6985 = CARTESIAN_POINT('',(-1.250004768372E-02,0.541021034358,
    0.149999976158));
#6986 = DIRECTION('',(0.,1.,0.));
#6987 = DIRECTION('',(0.,-0.,1.));
#6988 = ADVANCED_FACE('',(#6989),#7000,.F.);
#6989 = FACE_BOUND('',#6990,.T.);
#6990 = EDGE_LOOP('',(#6991,#6992,#6993,#6999));
#6991 = ORIENTED_EDGE('',*,*,#3127,.T.);
#6992 = ORIENTED_EDGE('',*,*,#6978,.F.);
#6993 = ORIENTED_EDGE('',*,*,#6994,.F.);
#6994 = EDGE_CURVE('',#3240,#6971,#6995,.T.);
#6995 = LINE('',#6996,#6997);
#6996 = CARTESIAN_POINT('',(-2.062500047684,-0.458978965642,
    0.149999976158));
#6997 = VECTOR('',#6998,1.);
#6998 = DIRECTION('',(1.445602896647E-15,-1.,0.));
#6999 = ORIENTED_EDGE('',*,*,#3403,.T.);
#7000 = PLANE('',#7001);
#7001 = AXIS2_PLACEMENT_3D('',#7002,#7003,#7004);
#7002 = CARTESIAN_POINT('',(-2.062500047684,-0.458978965642,
    0.149999976158));
#7003 = DIRECTION('',(1.,1.445602896647E-15,0.));
#7004 = DIRECTION('',(-1.445602896647E-15,1.,0.));
#7005 = ADVANCED_FACE('',(#7006),#7012,.T.);
#7006 = FACE_BOUND('',#7007,.T.);
#7007 = EDGE_LOOP('',(#7008,#7009,#7010,#7011));
#7008 = ORIENTED_EDGE('',*,*,#6946,.F.);
#7009 = ORIENTED_EDGE('',*,*,#3237,.T.);
#7010 = ORIENTED_EDGE('',*,*,#6994,.T.);
#7011 = ORIENTED_EDGE('',*,*,#6970,.F.);
#7012 = PLANE('',#7013);
#7013 = AXIS2_PLACEMENT_3D('',#7014,#7015,#7016);
#7014 = CARTESIAN_POINT('',(-1.250004768372E-02,-0.458978965642,
    0.149999976158));
#7015 = DIRECTION('',(0.,0.,-1.));
#7016 = DIRECTION('',(-1.,0.,0.));
#7017 = ( GEOMETRIC_REPRESENTATION_CONTEXT(3) 
GLOBAL_UNCERTAINTY_ASSIGNED_CONTEXT((#7021)) 
GLOBAL_UNIT_ASSIGNED_CONTEXT((#7018,#7019,#7020)) REPRESENTATION_CONTEXT
('Context #1','3D Context with UNIT and UNCERTAINTY') );
#7018 = ( LENGTH_UNIT() NAMED_UNIT(*) SI_UNIT(.MILLI.,.METRE.) );
#7019 = ( NAMED_UNIT(*) PLANE_ANGLE_UNIT() SI_UNIT($,.RADIAN.) );
#7020 = ( NAMED_UNIT(*) SI_UNIT($,.STERADIAN.) SOLID_ANGLE_UNIT() );
#7021 = UNCERTAINTY_MEASURE_WITH_UNIT(LENGTH_MEASURE(1.E-07),#7018,
  'distance_accuracy_value','confusion accuracy');
#7022 = CONTEXT_DEPENDENT_SHAPE_REPRESENTATION(#7023,#7025);
#7023 = ( REPRESENTATION_RELATIONSHIP('','',#2492,#10) 
REPRESENTATION_RELATIONSHIP_WITH_TRANSFORMATION(#7024) 
SHAPE_REPRESENTATION_RELATIONSHIP() );
#7024 = ITEM_DEFINED_TRANSFORMATION('','',#11,#55);
#7025 = PRODUCT_DEFINITION_SHAPE('Placement','Placement of an item',
  #7026);
#7026 = NEXT_ASSEMBLY_USAGE_OCCURRENCE('11',
  'SW-SMD_SSSS811101~SW-TH_SSSS811101~VVTr010','',#5,#2487,$);
#7027 = PRODUCT_RELATED_PRODUCT_CATEGORY('part',$,(#2489));
#7028 = SHAPE_DEFINITION_REPRESENTATION(#7029,#7035);
#7029 = PRODUCT_DEFINITION_SHAPE('','',#7030);
#7030 = PRODUCT_DEFINITION('design','',#7031,#7034);
#7031 = PRODUCT_DEFINITION_FORMATION('','',#7032);
#7032 = PRODUCT('SW-SMD_SSSS811101~SW-TH_SSSS811101~VVTr011',
  'SW-SMD_SSSS811101~SW-TH_SSSS811101~VVTr011','',(#7033));
#7033 = PRODUCT_CONTEXT('',#2,'mechanical');
#7034 = PRODUCT_DEFINITION_CONTEXT('part definition',#2,'design');
#7035 = ADVANCED_BREP_SHAPE_REPRESENTATION('',(#11,#7036),#7186);
#7036 = MANIFOLD_SOLID_BREP('',#7037);
#7037 = CLOSED_SHELL('',(#7038,#7078,#7109,#7140,#7162,#7174));
#7038 = ADVANCED_FACE('',(#7039),#7073,.T.);
#7039 = FACE_BOUND('',#7040,.T.);
#7040 = EDGE_LOOP('',(#7041,#7051,#7059,#7067));
#7041 = ORIENTED_EDGE('',*,*,#7042,.F.);
#7042 = EDGE_CURVE('',#7043,#7045,#7047,.T.);
#7043 = VERTEX_POINT('',#7044);
#7044 = CARTESIAN_POINT('',(2.437499952316,0.541021034358,0.149999976158
    ));
#7045 = VERTEX_POINT('',#7046);
#7046 = CARTESIAN_POINT('',(2.437499952316,1.741021034358,0.149999976158
    ));
#7047 = LINE('',#7048,#7049);
#7048 = CARTESIAN_POINT('',(2.437499952316,-0.458978965642,
    0.149999976158));
#7049 = VECTOR('',#7050,1.);
#7050 = DIRECTION('',(0.,1.,0.));
#7051 = ORIENTED_EDGE('',*,*,#7052,.F.);
#7052 = EDGE_CURVE('',#7053,#7043,#7055,.T.);
#7053 = VERTEX_POINT('',#7054);
#7054 = CARTESIAN_POINT('',(2.437499952316,0.541021034358,
    -2.384185759929E-08));
#7055 = LINE('',#7056,#7057);
#7056 = CARTESIAN_POINT('',(2.437499952316,0.541021034358,
    -2.384185759929E-08));
#7057 = VECTOR('',#7058,1.);
#7058 = DIRECTION('',(0.,0.,1.));
#7059 = ORIENTED_EDGE('',*,*,#7060,.T.);
#7060 = EDGE_CURVE('',#7053,#7061,#7063,.T.);
#7061 = VERTEX_POINT('',#7062);
#7062 = CARTESIAN_POINT('',(2.437499952316,1.741021034358,
    -2.384185759929E-08));
#7063 = LINE('',#7064,#7065);
#7064 = CARTESIAN_POINT('',(2.437499952316,-0.458978965642,
    -2.384185759929E-08));
#7065 = VECTOR('',#7066,1.);
#7066 = DIRECTION('',(0.,1.,0.));
#7067 = ORIENTED_EDGE('',*,*,#7068,.T.);
#7068 = EDGE_CURVE('',#7061,#7045,#7069,.T.);
#7069 = LINE('',#7070,#7071);
#7070 = CARTESIAN_POINT('',(2.437499952316,1.741021034358,
    -2.384185759929E-08));
#7071 = VECTOR('',#7072,1.);
#7072 = DIRECTION('',(0.,0.,1.));
#7073 = PLANE('',#7074);
#7074 = AXIS2_PLACEMENT_3D('',#7075,#7076,#7077);
#7075 = CARTESIAN_POINT('',(2.437499952316,-0.458978965642,
    -2.384185759929E-08));
#7076 = DIRECTION('',(1.,0.,0.));
#7077 = DIRECTION('',(0.,0.,-1.));
#7078 = ADVANCED_FACE('',(#7079),#7104,.F.);
#7079 = FACE_BOUND('',#7080,.T.);
#7080 = EDGE_LOOP('',(#7081,#7089,#7097,#7103));
#7081 = ORIENTED_EDGE('',*,*,#7082,.T.);
#7082 = EDGE_CURVE('',#7043,#7083,#7085,.T.);
#7083 = VERTEX_POINT('',#7084);
#7084 = CARTESIAN_POINT('',(2.037499952316,0.541021034358,0.149999976158
    ));
#7085 = LINE('',#7086,#7087);
#7086 = CARTESIAN_POINT('',(-1.250004768372E-02,0.541021034358,
    0.149999976158));
#7087 = VECTOR('',#7088,1.);
#7088 = DIRECTION('',(-1.,5.421010862428E-16,0.));
#7089 = ORIENTED_EDGE('',*,*,#7090,.F.);
#7090 = EDGE_CURVE('',#7091,#7083,#7093,.T.);
#7091 = VERTEX_POINT('',#7092);
#7092 = CARTESIAN_POINT('',(2.037499952316,0.541021034358,
    -2.384185759929E-08));
#7093 = LINE('',#7094,#7095);
#7094 = CARTESIAN_POINT('',(2.037499952316,0.541021034358,
    -2.384185759929E-08));
#7095 = VECTOR('',#7096,1.);
#7096 = DIRECTION('',(0.,0.,1.));
#7097 = ORIENTED_EDGE('',*,*,#7098,.F.);
#7098 = EDGE_CURVE('',#7053,#7091,#7099,.T.);
#7099 = LINE('',#7100,#7101);
#7100 = CARTESIAN_POINT('',(-1.250004768372E-02,0.541021034358,
    -2.384185759929E-08));
#7101 = VECTOR('',#7102,1.);
#7102 = DIRECTION('',(-1.,5.421010862428E-16,0.));
#7103 = ORIENTED_EDGE('',*,*,#7052,.T.);
#7104 = PLANE('',#7105);
#7105 = AXIS2_PLACEMENT_3D('',#7106,#7107,#7108);
#7106 = CARTESIAN_POINT('',(-1.250004768372E-02,0.541021034358,
    -2.384185759929E-08));
#7107 = DIRECTION('',(5.421010862428E-16,1.,0.));
#7108 = DIRECTION('',(-1.,5.421010862428E-16,0.));
#7109 = ADVANCED_FACE('',(#7110),#7135,.F.);
#7110 = FACE_BOUND('',#7111,.T.);
#7111 = EDGE_LOOP('',(#7112,#7120,#7128,#7134));
#7112 = ORIENTED_EDGE('',*,*,#7113,.T.);
#7113 = EDGE_CURVE('',#7083,#7114,#7116,.T.);
#7114 = VERTEX_POINT('',#7115);
#7115 = CARTESIAN_POINT('',(2.037499952316,1.741021034358,0.149999976158
    ));
#7116 = LINE('',#7117,#7118);
#7117 = CARTESIAN_POINT('',(2.037499952316,-0.458978965642,
    0.149999976158));
#7118 = VECTOR('',#7119,1.);
#7119 = DIRECTION('',(0.,1.,0.));
#7120 = ORIENTED_EDGE('',*,*,#7121,.F.);
#7121 = EDGE_CURVE('',#7122,#7114,#7124,.T.);
#7122 = VERTEX_POINT('',#7123);
#7123 = CARTESIAN_POINT('',(2.037499952316,1.741021034358,
    -2.384185759929E-08));
#7124 = LINE('',#7125,#7126);
#7125 = CARTESIAN_POINT('',(2.037499952316,1.741021034358,
    -2.384185759929E-08));
#7126 = VECTOR('',#7127,1.);
#7127 = DIRECTION('',(0.,0.,1.));
#7128 = ORIENTED_EDGE('',*,*,#7129,.F.);
#7129 = EDGE_CURVE('',#7091,#7122,#7130,.T.);
#7130 = LINE('',#7131,#7132);
#7131 = CARTESIAN_POINT('',(2.037499952316,-0.458978965642,
    -2.384185759929E-08));
#7132 = VECTOR('',#7133,1.);
#7133 = DIRECTION('',(0.,1.,0.));
#7134 = ORIENTED_EDGE('',*,*,#7090,.T.);
#7135 = PLANE('',#7136);
#7136 = AXIS2_PLACEMENT_3D('',#7137,#7138,#7139);
#7137 = CARTESIAN_POINT('',(2.037499952316,-0.458978965642,
    -2.384185759929E-08));
#7138 = DIRECTION('',(1.,0.,0.));
#7139 = DIRECTION('',(0.,0.,-1.));
#7140 = ADVANCED_FACE('',(#7141),#7157,.T.);
#7141 = FACE_BOUND('',#7142,.T.);
#7142 = EDGE_LOOP('',(#7143,#7149,#7150,#7156));
#7143 = ORIENTED_EDGE('',*,*,#7144,.F.);
#7144 = EDGE_CURVE('',#7045,#7114,#7145,.T.);
#7145 = LINE('',#7146,#7147);
#7146 = CARTESIAN_POINT('',(-1.250004768371E-02,1.741021034358,
    0.149999976158));
#7147 = VECTOR('',#7148,1.);
#7148 = DIRECTION('',(-1.,2.168404344971E-15,0.));
#7149 = ORIENTED_EDGE('',*,*,#7068,.F.);
#7150 = ORIENTED_EDGE('',*,*,#7151,.T.);
#7151 = EDGE_CURVE('',#7061,#7122,#7152,.T.);
#7152 = LINE('',#7153,#7154);
#7153 = CARTESIAN_POINT('',(-1.250004768371E-02,1.741021034358,
    -2.384185759929E-08));
#7154 = VECTOR('',#7155,1.);
#7155 = DIRECTION('',(-1.,2.168404344971E-15,0.));
#7156 = ORIENTED_EDGE('',*,*,#7121,.T.);
#7157 = PLANE('',#7158);
#7158 = AXIS2_PLACEMENT_3D('',#7159,#7160,#7161);
#7159 = CARTESIAN_POINT('',(-1.250004768371E-02,1.741021034358,
    -2.384185759929E-08));
#7160 = DIRECTION('',(2.168404344971E-15,1.,0.));
#7161 = DIRECTION('',(-1.,2.168404344971E-15,0.));
#7162 = ADVANCED_FACE('',(#7163),#7169,.T.);
#7163 = FACE_BOUND('',#7164,.T.);
#7164 = EDGE_LOOP('',(#7165,#7166,#7167,#7168));
#7165 = ORIENTED_EDGE('',*,*,#7060,.F.);
#7166 = ORIENTED_EDGE('',*,*,#7098,.T.);
#7167 = ORIENTED_EDGE('',*,*,#7129,.T.);
#7168 = ORIENTED_EDGE('',*,*,#7151,.F.);
#7169 = PLANE('',#7170);
#7170 = AXIS2_PLACEMENT_3D('',#7171,#7172,#7173);
#7171 = CARTESIAN_POINT('',(-1.250004768372E-02,-0.458978965642,
    -2.384185759929E-08));
#7172 = DIRECTION('',(0.,0.,-1.));
#7173 = DIRECTION('',(-1.,0.,0.));
#7174 = ADVANCED_FACE('',(#7175),#7181,.F.);
#7175 = FACE_BOUND('',#7176,.T.);
#7176 = EDGE_LOOP('',(#7177,#7178,#7179,#7180));
#7177 = ORIENTED_EDGE('',*,*,#7042,.T.);
#7178 = ORIENTED_EDGE('',*,*,#7144,.T.);
#7179 = ORIENTED_EDGE('',*,*,#7113,.F.);
#7180 = ORIENTED_EDGE('',*,*,#7082,.F.);
#7181 = PLANE('',#7182);
#7182 = AXIS2_PLACEMENT_3D('',#7183,#7184,#7185);
#7183 = CARTESIAN_POINT('',(-1.250004768372E-02,-0.458978965642,
    0.149999976158));
#7184 = DIRECTION('',(0.,0.,-1.));
#7185 = DIRECTION('',(-1.,0.,0.));
#7186 = ( GEOMETRIC_REPRESENTATION_CONTEXT(3) 
GLOBAL_UNCERTAINTY_ASSIGNED_CONTEXT((#7190)) 
GLOBAL_UNIT_ASSIGNED_CONTEXT((#7187,#7188,#7189)) REPRESENTATION_CONTEXT
('Context #1','3D Context with UNIT and UNCERTAINTY') );
#7187 = ( LENGTH_UNIT() NAMED_UNIT(*) SI_UNIT(.MILLI.,.METRE.) );
#7188 = ( NAMED_UNIT(*) PLANE_ANGLE_UNIT() SI_UNIT($,.RADIAN.) );
#7189 = ( NAMED_UNIT(*) SI_UNIT($,.STERADIAN.) SOLID_ANGLE_UNIT() );
#7190 = UNCERTAINTY_MEASURE_WITH_UNIT(LENGTH_MEASURE(1.E-07),#7187,
  'distance_accuracy_value','confusion accuracy');
#7191 = CONTEXT_DEPENDENT_SHAPE_REPRESENTATION(#7192,#7194);
#7192 = ( REPRESENTATION_RELATIONSHIP('','',#7035,#10) 
REPRESENTATION_RELATIONSHIP_WITH_TRANSFORMATION(#7193) 
SHAPE_REPRESENTATION_RELATIONSHIP() );
#7193 = ITEM_DEFINED_TRANSFORMATION('','',#11,#59);
#7194 = PRODUCT_DEFINITION_SHAPE('Placement','Placement of an item',
  #7195);
#7195 = NEXT_ASSEMBLY_USAGE_OCCURRENCE('12',
  'SW-SMD_SSSS811101~SW-TH_SSSS811101~VVTr011','',#5,#7030,$);
#7196 = PRODUCT_RELATED_PRODUCT_CATEGORY('part',$,(#7032));
#7197 = SHAPE_DEFINITION_REPRESENTATION(#7198,#7204);
#7198 = PRODUCT_DEFINITION_SHAPE('','',#7199);
#7199 = PRODUCT_DEFINITION('design','',#7200,#7203);
#7200 = PRODUCT_DEFINITION_FORMATION('','',#7201);
#7201 = PRODUCT('SW-SMD_SSSS811101~SW-TH_SSSS811101~VVTr012',
  'SW-SMD_SSSS811101~SW-TH_SSSS811101~VVTr012','',(#7202));
#7202 = PRODUCT_CONTEXT('',#2,'mechanical');
#7203 = PRODUCT_DEFINITION_CONTEXT('part definition',#2,'design');
#7204 = ADVANCED_BREP_SHAPE_REPRESENTATION('',(#11,#7205),#7355);
#7205 = MANIFOLD_SOLID_BREP('',#7206);
#7206 = CLOSED_SHELL('',(#7207,#7247,#7278,#7309,#7331,#7343));
#7207 = ADVANCED_FACE('',(#7208),#7242,.F.);
#7208 = FACE_BOUND('',#7209,.T.);
#7209 = EDGE_LOOP('',(#7210,#7220,#7228,#7236));
#7210 = ORIENTED_EDGE('',*,*,#7211,.T.);
#7211 = EDGE_CURVE('',#7212,#7214,#7216,.T.);
#7212 = VERTEX_POINT('',#7213);
#7213 = CARTESIAN_POINT('',(0.937499952316,0.541021034358,0.149999976158
    ));
#7214 = VERTEX_POINT('',#7215);
#7215 = CARTESIAN_POINT('',(0.537499952316,0.541021034358,0.149999976158
    ));
#7216 = LINE('',#7217,#7218);
#7217 = CARTESIAN_POINT('',(-1.250004768372E-02,0.541021034358,
    0.149999976158));
#7218 = VECTOR('',#7219,1.);
#7219 = DIRECTION('',(-1.,0.,0.));
#7220 = ORIENTED_EDGE('',*,*,#7221,.F.);
#7221 = EDGE_CURVE('',#7222,#7214,#7224,.T.);
#7222 = VERTEX_POINT('',#7223);
#7223 = CARTESIAN_POINT('',(0.537499952316,0.541021034358,
    -2.384185759929E-08));
#7224 = LINE('',#7225,#7226);
#7225 = CARTESIAN_POINT('',(0.537499952316,0.541021034358,
    -2.384185759929E-08));
#7226 = VECTOR('',#7227,1.);
#7227 = DIRECTION('',(0.,0.,1.));
#7228 = ORIENTED_EDGE('',*,*,#7229,.F.);
#7229 = EDGE_CURVE('',#7230,#7222,#7232,.T.);
#7230 = VERTEX_POINT('',#7231);
#7231 = CARTESIAN_POINT('',(0.937499952316,0.541021034358,
    -2.384185759929E-08));
#7232 = LINE('',#7233,#7234);
#7233 = CARTESIAN_POINT('',(-1.250004768372E-02,0.541021034358,
    -2.384185759929E-08));
#7234 = VECTOR('',#7235,1.);
#7235 = DIRECTION('',(-1.,0.,0.));
#7236 = ORIENTED_EDGE('',*,*,#7237,.T.);
#7237 = EDGE_CURVE('',#7230,#7212,#7238,.T.);
#7238 = LINE('',#7239,#7240);
#7239 = CARTESIAN_POINT('',(0.937499952316,0.541021034358,
    -2.384185759929E-08));
#7240 = VECTOR('',#7241,1.);
#7241 = DIRECTION('',(0.,0.,1.));
#7242 = PLANE('',#7243);
#7243 = AXIS2_PLACEMENT_3D('',#7244,#7245,#7246);
#7244 = CARTESIAN_POINT('',(-1.250004768372E-02,0.541021034358,
    -2.384185759929E-08));
#7245 = DIRECTION('',(0.,1.,0.));
#7246 = DIRECTION('',(0.,-0.,1.));
#7247 = ADVANCED_FACE('',(#7248),#7273,.F.);
#7248 = FACE_BOUND('',#7249,.T.);
#7249 = EDGE_LOOP('',(#7250,#7258,#7266,#7272));
#7250 = ORIENTED_EDGE('',*,*,#7251,.T.);
#7251 = EDGE_CURVE('',#7214,#7252,#7254,.T.);
#7252 = VERTEX_POINT('',#7253);
#7253 = CARTESIAN_POINT('',(0.537499952316,1.741021034358,0.149999976158
    ));
#7254 = LINE('',#7255,#7256);
#7255 = CARTESIAN_POINT('',(0.537499952316,-0.458978965642,
    0.149999976158));
#7256 = VECTOR('',#7257,1.);
#7257 = DIRECTION('',(0.,1.,0.));
#7258 = ORIENTED_EDGE('',*,*,#7259,.F.);
#7259 = EDGE_CURVE('',#7260,#7252,#7262,.T.);
#7260 = VERTEX_POINT('',#7261);
#7261 = CARTESIAN_POINT('',(0.537499952316,1.741021034358,
    -2.384185759929E-08));
#7262 = LINE('',#7263,#7264);
#7263 = CARTESIAN_POINT('',(0.537499952316,1.741021034358,
    -2.384185759929E-08));
#7264 = VECTOR('',#7265,1.);
#7265 = DIRECTION('',(0.,0.,1.));
#7266 = ORIENTED_EDGE('',*,*,#7267,.F.);
#7267 = EDGE_CURVE('',#7222,#7260,#7268,.T.);
#7268 = LINE('',#7269,#7270);
#7269 = CARTESIAN_POINT('',(0.537499952316,-0.458978965642,
    -2.384185759929E-08));
#7270 = VECTOR('',#7271,1.);
#7271 = DIRECTION('',(0.,1.,0.));
#7272 = ORIENTED_EDGE('',*,*,#7221,.T.);
#7273 = PLANE('',#7274);
#7274 = AXIS2_PLACEMENT_3D('',#7275,#7276,#7277);
#7275 = CARTESIAN_POINT('',(0.537499952316,-0.458978965642,
    -2.384185759929E-08));
#7276 = DIRECTION('',(1.,0.,0.));
#7277 = DIRECTION('',(0.,0.,-1.));
#7278 = ADVANCED_FACE('',(#7279),#7304,.T.);
#7279 = FACE_BOUND('',#7280,.T.);
#7280 = EDGE_LOOP('',(#7281,#7289,#7297,#7303));
#7281 = ORIENTED_EDGE('',*,*,#7282,.F.);
#7282 = EDGE_CURVE('',#7283,#7252,#7285,.T.);
#7283 = VERTEX_POINT('',#7284);
#7284 = CARTESIAN_POINT('',(0.937499952316,1.741021034358,0.149999976158
    ));
#7285 = LINE('',#7286,#7287);
#7286 = CARTESIAN_POINT('',(-1.250004768372E-02,1.741021034358,
    0.149999976158));
#7287 = VECTOR('',#7288,1.);
#7288 = DIRECTION('',(-1.,0.,0.));
#7289 = ORIENTED_EDGE('',*,*,#7290,.F.);
#7290 = EDGE_CURVE('',#7291,#7283,#7293,.T.);
#7291 = VERTEX_POINT('',#7292);
#7292 = CARTESIAN_POINT('',(0.937499952316,1.741021034358,
    -2.384185759929E-08));
#7293 = LINE('',#7294,#7295);
#7294 = CARTESIAN_POINT('',(0.937499952316,1.741021034358,
    -2.384185759929E-08));
#7295 = VECTOR('',#7296,1.);
#7296 = DIRECTION('',(0.,0.,1.));
#7297 = ORIENTED_EDGE('',*,*,#7298,.T.);
#7298 = EDGE_CURVE('',#7291,#7260,#7299,.T.);
#7299 = LINE('',#7300,#7301);
#7300 = CARTESIAN_POINT('',(-1.250004768372E-02,1.741021034358,
    -2.384185759929E-08));
#7301 = VECTOR('',#7302,1.);
#7302 = DIRECTION('',(-1.,0.,0.));
#7303 = ORIENTED_EDGE('',*,*,#7259,.T.);
#7304 = PLANE('',#7305);
#7305 = AXIS2_PLACEMENT_3D('',#7306,#7307,#7308);
#7306 = CARTESIAN_POINT('',(-1.250004768372E-02,1.741021034358,
    -2.384185759929E-08));
#7307 = DIRECTION('',(0.,1.,0.));
#7308 = DIRECTION('',(0.,-0.,1.));
#7309 = ADVANCED_FACE('',(#7310),#7326,.T.);
#7310 = FACE_BOUND('',#7311,.T.);
#7311 = EDGE_LOOP('',(#7312,#7318,#7319,#7325));
#7312 = ORIENTED_EDGE('',*,*,#7313,.F.);
#7313 = EDGE_CURVE('',#7212,#7283,#7314,.T.);
#7314 = LINE('',#7315,#7316);
#7315 = CARTESIAN_POINT('',(0.937499952316,-0.458978965642,
    0.149999976158));
#7316 = VECTOR('',#7317,1.);
#7317 = DIRECTION('',(0.,1.,0.));
#7318 = ORIENTED_EDGE('',*,*,#7237,.F.);
#7319 = ORIENTED_EDGE('',*,*,#7320,.T.);
#7320 = EDGE_CURVE('',#7230,#7291,#7321,.T.);
#7321 = LINE('',#7322,#7323);
#7322 = CARTESIAN_POINT('',(0.937499952316,-0.458978965642,
    -2.384185759929E-08));
#7323 = VECTOR('',#7324,1.);
#7324 = DIRECTION('',(0.,1.,0.));
#7325 = ORIENTED_EDGE('',*,*,#7290,.T.);
#7326 = PLANE('',#7327);
#7327 = AXIS2_PLACEMENT_3D('',#7328,#7329,#7330);
#7328 = CARTESIAN_POINT('',(0.937499952316,-0.458978965642,
    -2.384185759929E-08));
#7329 = DIRECTION('',(1.,0.,0.));
#7330 = DIRECTION('',(0.,0.,-1.));
#7331 = ADVANCED_FACE('',(#7332),#7338,.T.);
#7332 = FACE_BOUND('',#7333,.T.);
#7333 = EDGE_LOOP('',(#7334,#7335,#7336,#7337));
#7334 = ORIENTED_EDGE('',*,*,#7229,.T.);
#7335 = ORIENTED_EDGE('',*,*,#7267,.T.);
#7336 = ORIENTED_EDGE('',*,*,#7298,.F.);
#7337 = ORIENTED_EDGE('',*,*,#7320,.F.);
#7338 = PLANE('',#7339);
#7339 = AXIS2_PLACEMENT_3D('',#7340,#7341,#7342);
#7340 = CARTESIAN_POINT('',(-1.250004768372E-02,-0.458978965642,
    -2.384185759929E-08));
#7341 = DIRECTION('',(0.,0.,-1.));
#7342 = DIRECTION('',(-1.,0.,0.));
#7343 = ADVANCED_FACE('',(#7344),#7350,.F.);
#7344 = FACE_BOUND('',#7345,.T.);
#7345 = EDGE_LOOP('',(#7346,#7347,#7348,#7349));
#7346 = ORIENTED_EDGE('',*,*,#7211,.F.);
#7347 = ORIENTED_EDGE('',*,*,#7313,.T.);
#7348 = ORIENTED_EDGE('',*,*,#7282,.T.);
#7349 = ORIENTED_EDGE('',*,*,#7251,.F.);
#7350 = PLANE('',#7351);
#7351 = AXIS2_PLACEMENT_3D('',#7352,#7353,#7354);
#7352 = CARTESIAN_POINT('',(-1.250004768372E-02,-0.458978965642,
    0.149999976158));
#7353 = DIRECTION('',(0.,0.,-1.));
#7354 = DIRECTION('',(-1.,0.,0.));
#7355 = ( GEOMETRIC_REPRESENTATION_CONTEXT(3) 
GLOBAL_UNCERTAINTY_ASSIGNED_CONTEXT((#7359)) 
GLOBAL_UNIT_ASSIGNED_CONTEXT((#7356,#7357,#7358)) REPRESENTATION_CONTEXT
('Context #1','3D Context with UNIT and UNCERTAINTY') );
#7356 = ( LENGTH_UNIT() NAMED_UNIT(*) SI_UNIT(.MILLI.,.METRE.) );
#7357 = ( NAMED_UNIT(*) PLANE_ANGLE_UNIT() SI_UNIT($,.RADIAN.) );
#7358 = ( NAMED_UNIT(*) SI_UNIT($,.STERADIAN.) SOLID_ANGLE_UNIT() );
#7359 = UNCERTAINTY_MEASURE_WITH_UNIT(LENGTH_MEASURE(1.E-07),#7356,
  'distance_accuracy_value','confusion accuracy');
#7360 = CONTEXT_DEPENDENT_SHAPE_REPRESENTATION(#7361,#7363);
#7361 = ( REPRESENTATION_RELATIONSHIP('','',#7204,#10) 
REPRESENTATION_RELATIONSHIP_WITH_TRANSFORMATION(#7362) 
SHAPE_REPRESENTATION_RELATIONSHIP() );
#7362 = ITEM_DEFINED_TRANSFORMATION('','',#11,#63);
#7363 = PRODUCT_DEFINITION_SHAPE('Placement','Placement of an item',
  #7364);
#7364 = NEXT_ASSEMBLY_USAGE_OCCURRENCE('13',
  'SW-SMD_SSSS811101~SW-TH_SSSS811101~VVTr012','',#5,#7199,$);
#7365 = PRODUCT_RELATED_PRODUCT_CATEGORY('part',$,(#7201));
#7366 = SHAPE_DEFINITION_REPRESENTATION(#7367,#7373);
#7367 = PRODUCT_DEFINITION_SHAPE('','',#7368);
#7368 = PRODUCT_DEFINITION('design','',#7369,#7372);
#7369 = PRODUCT_DEFINITION_FORMATION('','',#7370);
#7370 = PRODUCT('SW-SMD_SSSS811101~SW-TH_SSSS811101~VVTr013',
  'SW-SMD_SSSS811101~SW-TH_SSSS811101~VVTr013','',(#7371));
#7371 = PRODUCT_CONTEXT('',#2,'mechanical');
#7372 = PRODUCT_DEFINITION_CONTEXT('part definition',#2,'design');
#7373 = ADVANCED_BREP_SHAPE_REPRESENTATION('',(#11,#7374),#7524);
#7374 = MANIFOLD_SOLID_BREP('',#7375);
#7375 = CLOSED_SHELL('',(#7376,#7416,#7447,#7478,#7500,#7512));
#7376 = ADVANCED_FACE('',(#7377),#7411,.T.);
#7377 = FACE_BOUND('',#7378,.T.);
#7378 = EDGE_LOOP('',(#7379,#7389,#7397,#7405));
#7379 = ORIENTED_EDGE('',*,*,#7380,.F.);
#7380 = EDGE_CURVE('',#7381,#7383,#7385,.T.);
#7381 = VERTEX_POINT('',#7382);
#7382 = CARTESIAN_POINT('',(-2.462500047684,0.541021034358,
    0.149999976158));
#7383 = VERTEX_POINT('',#7384);
#7384 = CARTESIAN_POINT('',(-2.062500047684,0.541021034358,
    0.149999976158));
#7385 = LINE('',#7386,#7387);
#7386 = CARTESIAN_POINT('',(-1.250004768372E-02,0.541021034358,
    0.149999976158));
#7387 = VECTOR('',#7388,1.);
#7388 = DIRECTION('',(1.,0.,0.));
#7389 = ORIENTED_EDGE('',*,*,#7390,.F.);
#7390 = EDGE_CURVE('',#7391,#7381,#7393,.T.);
#7391 = VERTEX_POINT('',#7392);
#7392 = CARTESIAN_POINT('',(-2.462500047684,0.541021034358,
    -2.384185759929E-08));
#7393 = LINE('',#7394,#7395);
#7394 = CARTESIAN_POINT('',(-2.462500047684,0.541021034358,
    -2.384185759929E-08));
#7395 = VECTOR('',#7396,1.);
#7396 = DIRECTION('',(0.,0.,1.));
#7397 = ORIENTED_EDGE('',*,*,#7398,.T.);
#7398 = EDGE_CURVE('',#7391,#7399,#7401,.T.);
#7399 = VERTEX_POINT('',#7400);
#7400 = CARTESIAN_POINT('',(-2.062500047684,0.541021034358,
    -2.384185759929E-08));
#7401 = LINE('',#7402,#7403);
#7402 = CARTESIAN_POINT('',(-1.250004768372E-02,0.541021034358,
    -2.384185759929E-08));
#7403 = VECTOR('',#7404,1.);
#7404 = DIRECTION('',(1.,0.,0.));
#7405 = ORIENTED_EDGE('',*,*,#7406,.T.);
#7406 = EDGE_CURVE('',#7399,#7383,#7407,.T.);
#7407 = LINE('',#7408,#7409);
#7408 = CARTESIAN_POINT('',(-2.062500047684,0.541021034358,
    -2.384185759929E-08));
#7409 = VECTOR('',#7410,1.);
#7410 = DIRECTION('',(0.,0.,1.));
#7411 = PLANE('',#7412);
#7412 = AXIS2_PLACEMENT_3D('',#7413,#7414,#7415);
#7413 = CARTESIAN_POINT('',(-1.250004768372E-02,0.541021034358,
    -2.384185759929E-08));
#7414 = DIRECTION('',(0.,-1.,0.));
#7415 = DIRECTION('',(0.,0.,-1.));
#7416 = ADVANCED_FACE('',(#7417),#7442,.F.);
#7417 = FACE_BOUND('',#7418,.T.);
#7418 = EDGE_LOOP('',(#7419,#7427,#7435,#7441));
#7419 = ORIENTED_EDGE('',*,*,#7420,.T.);
#7420 = EDGE_CURVE('',#7381,#7421,#7423,.T.);
#7421 = VERTEX_POINT('',#7422);
#7422 = CARTESIAN_POINT('',(-2.462500047684,1.741021034358,
    0.149999976158));
#7423 = LINE('',#7424,#7425);
#7424 = CARTESIAN_POINT('',(-2.462500047684,-0.458978965642,
    0.149999976158));
#7425 = VECTOR('',#7426,1.);
#7426 = DIRECTION('',(7.228014483237E-16,1.,0.));
#7427 = ORIENTED_EDGE('',*,*,#7428,.F.);
#7428 = EDGE_CURVE('',#7429,#7421,#7431,.T.);
#7429 = VERTEX_POINT('',#7430);
#7430 = CARTESIAN_POINT('',(-2.462500047684,1.741021034358,
    -2.384185759929E-08));
#7431 = LINE('',#7432,#7433);
#7432 = CARTESIAN_POINT('',(-2.462500047684,1.741021034358,
    -2.384185759929E-08));
#7433 = VECTOR('',#7434,1.);
#7434 = DIRECTION('',(0.,0.,1.));
#7435 = ORIENTED_EDGE('',*,*,#7436,.F.);
#7436 = EDGE_CURVE('',#7391,#7429,#7437,.T.);
#7437 = LINE('',#7438,#7439);
#7438 = CARTESIAN_POINT('',(-2.462500047684,-0.458978965642,
    -2.384185759929E-08));
#7439 = VECTOR('',#7440,1.);
#7440 = DIRECTION('',(7.228014483237E-16,1.,0.));
#7441 = ORIENTED_EDGE('',*,*,#7390,.T.);
#7442 = PLANE('',#7443);
#7443 = AXIS2_PLACEMENT_3D('',#7444,#7445,#7446);
#7444 = CARTESIAN_POINT('',(-2.462500047684,-0.458978965642,
    -2.384185759929E-08));
#7445 = DIRECTION('',(1.,-7.228014483237E-16,0.));
#7446 = DIRECTION('',(7.228014483237E-16,1.,0.));
#7447 = ADVANCED_FACE('',(#7448),#7473,.F.);
#7448 = FACE_BOUND('',#7449,.T.);
#7449 = EDGE_LOOP('',(#7450,#7458,#7466,#7472));
#7450 = ORIENTED_EDGE('',*,*,#7451,.T.);
#7451 = EDGE_CURVE('',#7421,#7452,#7454,.T.);
#7452 = VERTEX_POINT('',#7453);
#7453 = CARTESIAN_POINT('',(-2.062500047684,1.741021034358,
    0.149999976158));
#7454 = LINE('',#7455,#7456);
#7455 = CARTESIAN_POINT('',(-1.250004768372E-02,1.741021034358,
    0.149999976158));
#7456 = VECTOR('',#7457,1.);
#7457 = DIRECTION('',(1.,2.168404344971E-15,0.));
#7458 = ORIENTED_EDGE('',*,*,#7459,.F.);
#7459 = EDGE_CURVE('',#7460,#7452,#7462,.T.);
#7460 = VERTEX_POINT('',#7461);
#7461 = CARTESIAN_POINT('',(-2.062500047684,1.741021034358,
    -2.384185759929E-08));
#7462 = LINE('',#7463,#7464);
#7463 = CARTESIAN_POINT('',(-2.062500047684,1.741021034358,
    -2.384185759929E-08));
#7464 = VECTOR('',#7465,1.);
#7465 = DIRECTION('',(0.,0.,1.));
#7466 = ORIENTED_EDGE('',*,*,#7467,.F.);
#7467 = EDGE_CURVE('',#7429,#7460,#7468,.T.);
#7468 = LINE('',#7469,#7470);
#7469 = CARTESIAN_POINT('',(-1.250004768372E-02,1.741021034358,
    -2.384185759929E-08));
#7470 = VECTOR('',#7471,1.);
#7471 = DIRECTION('',(1.,2.168404344971E-15,0.));
#7472 = ORIENTED_EDGE('',*,*,#7428,.T.);
#7473 = PLANE('',#7474);
#7474 = AXIS2_PLACEMENT_3D('',#7475,#7476,#7477);
#7475 = CARTESIAN_POINT('',(-1.250004768372E-02,1.741021034358,
    -2.384185759929E-08));
#7476 = DIRECTION('',(2.168404344971E-15,-1.,0.));
#7477 = DIRECTION('',(1.,2.168404344971E-15,0.));
#7478 = ADVANCED_FACE('',(#7479),#7495,.T.);
#7479 = FACE_BOUND('',#7480,.T.);
#7480 = EDGE_LOOP('',(#7481,#7487,#7488,#7494));
#7481 = ORIENTED_EDGE('',*,*,#7482,.F.);
#7482 = EDGE_CURVE('',#7383,#7452,#7483,.T.);
#7483 = LINE('',#7484,#7485);
#7484 = CARTESIAN_POINT('',(-2.062500047684,-0.458978965642,
    0.149999976158));
#7485 = VECTOR('',#7486,1.);
#7486 = DIRECTION('',(7.228014483237E-16,1.,0.));
#7487 = ORIENTED_EDGE('',*,*,#7406,.F.);
#7488 = ORIENTED_EDGE('',*,*,#7489,.T.);
#7489 = EDGE_CURVE('',#7399,#7460,#7490,.T.);
#7490 = LINE('',#7491,#7492);
#7491 = CARTESIAN_POINT('',(-2.062500047684,-0.458978965642,
    -2.384185759929E-08));
#7492 = VECTOR('',#7493,1.);
#7493 = DIRECTION('',(7.228014483237E-16,1.,0.));
#7494 = ORIENTED_EDGE('',*,*,#7459,.T.);
#7495 = PLANE('',#7496);
#7496 = AXIS2_PLACEMENT_3D('',#7497,#7498,#7499);
#7497 = CARTESIAN_POINT('',(-2.062500047684,-0.458978965642,
    -2.384185759929E-08));
#7498 = DIRECTION('',(1.,-7.228014483237E-16,0.));
#7499 = DIRECTION('',(7.228014483237E-16,1.,0.));
#7500 = ADVANCED_FACE('',(#7501),#7507,.T.);
#7501 = FACE_BOUND('',#7502,.T.);
#7502 = EDGE_LOOP('',(#7503,#7504,#7505,#7506));
#7503 = ORIENTED_EDGE('',*,*,#7398,.F.);
#7504 = ORIENTED_EDGE('',*,*,#7436,.T.);
#7505 = ORIENTED_EDGE('',*,*,#7467,.T.);
#7506 = ORIENTED_EDGE('',*,*,#7489,.F.);
#7507 = PLANE('',#7508);
#7508 = AXIS2_PLACEMENT_3D('',#7509,#7510,#7511);
#7509 = CARTESIAN_POINT('',(-1.250004768372E-02,-0.458978965642,
    -2.384185759929E-08));
#7510 = DIRECTION('',(0.,0.,-1.));
#7511 = DIRECTION('',(-1.,0.,0.));
#7512 = ADVANCED_FACE('',(#7513),#7519,.F.);
#7513 = FACE_BOUND('',#7514,.T.);
#7514 = EDGE_LOOP('',(#7515,#7516,#7517,#7518));
#7515 = ORIENTED_EDGE('',*,*,#7380,.T.);
#7516 = ORIENTED_EDGE('',*,*,#7482,.T.);
#7517 = ORIENTED_EDGE('',*,*,#7451,.F.);
#7518 = ORIENTED_EDGE('',*,*,#7420,.F.);
#7519 = PLANE('',#7520);
#7520 = AXIS2_PLACEMENT_3D('',#7521,#7522,#7523);
#7521 = CARTESIAN_POINT('',(-1.250004768372E-02,-0.458978965642,
    0.149999976158));
#7522 = DIRECTION('',(0.,0.,-1.));
#7523 = DIRECTION('',(-1.,0.,0.));
#7524 = ( GEOMETRIC_REPRESENTATION_CONTEXT(3) 
GLOBAL_UNCERTAINTY_ASSIGNED_CONTEXT((#7528)) 
GLOBAL_UNIT_ASSIGNED_CONTEXT((#7525,#7526,#7527)) REPRESENTATION_CONTEXT
('Context #1','3D Context with UNIT and UNCERTAINTY') );
#7525 = ( LENGTH_UNIT() NAMED_UNIT(*) SI_UNIT(.MILLI.,.METRE.) );
#7526 = ( NAMED_UNIT(*) PLANE_ANGLE_UNIT() SI_UNIT($,.RADIAN.) );
#7527 = ( NAMED_UNIT(*) SI_UNIT($,.STERADIAN.) SOLID_ANGLE_UNIT() );
#7528 = UNCERTAINTY_MEASURE_WITH_UNIT(LENGTH_MEASURE(1.E-07),#7525,
  'distance_accuracy_value','confusion accuracy');
#7529 = CONTEXT_DEPENDENT_SHAPE_REPRESENTATION(#7530,#7532);
#7530 = ( REPRESENTATION_RELATIONSHIP('','',#7373,#10) 
REPRESENTATION_RELATIONSHIP_WITH_TRANSFORMATION(#7531) 
SHAPE_REPRESENTATION_RELATIONSHIP() );
#7531 = ITEM_DEFINED_TRANSFORMATION('','',#11,#67);
#7532 = PRODUCT_DEFINITION_SHAPE('Placement','Placement of an item',
  #7533);
#7533 = NEXT_ASSEMBLY_USAGE_OCCURRENCE('14',
  'SW-SMD_SSSS811101~SW-TH_SSSS811101~VVTr013','',#5,#7368,$);
#7534 = PRODUCT_RELATED_PRODUCT_CATEGORY('part',$,(#7370));
#7535 = SHAPE_DEFINITION_REPRESENTATION(#7536,#7542);
#7536 = PRODUCT_DEFINITION_SHAPE('','',#7537);
#7537 = PRODUCT_DEFINITION('design','',#7538,#7541);
#7538 = PRODUCT_DEFINITION_FORMATION('','',#7539);
#7539 = PRODUCT('SW-SMD_SSSS811101~SW-TH_SSSS811101~VVTr014',
  'SW-SMD_SSSS811101~SW-TH_SSSS811101~VVTr014','',(#7540));
#7540 = PRODUCT_CONTEXT('',#2,'mechanical');
#7541 = PRODUCT_DEFINITION_CONTEXT('part definition',#2,'design');
#7542 = ADVANCED_BREP_SHAPE_REPRESENTATION('',(#11,#7543),#7693);
#7543 = MANIFOLD_SOLID_BREP('',#7544);
#7544 = CLOSED_SHELL('',(#7545,#7585,#7616,#7647,#7669,#7681));
#7545 = ADVANCED_FACE('',(#7546),#7580,.F.);
#7546 = FACE_BOUND('',#7547,.T.);
#7547 = EDGE_LOOP('',(#7548,#7558,#7566,#7574));
#7548 = ORIENTED_EDGE('',*,*,#7549,.T.);
#7549 = EDGE_CURVE('',#7550,#7552,#7554,.T.);
#7550 = VERTEX_POINT('',#7551);
#7551 = CARTESIAN_POINT('',(2.162182706668,0.409102303083,0.199999976158
    ));
#7552 = VERTEX_POINT('',#7553);
#7553 = CARTESIAN_POINT('',(2.162182706668,-0.294053328654,
    0.199999976158));
#7554 = LINE('',#7555,#7556);
#7555 = CARTESIAN_POINT('',(2.162182706668,0.409102303083,0.199999976158
    ));
#7556 = VECTOR('',#7557,1.);
#7557 = DIRECTION('',(0.,-1.,0.));
#7558 = ORIENTED_EDGE('',*,*,#7559,.F.);
#7559 = EDGE_CURVE('',#7560,#7552,#7562,.T.);
#7560 = VERTEX_POINT('',#7561);
#7561 = CARTESIAN_POINT('',(2.162182706668,-0.294053328654,
    0.189999976158));
#7562 = LINE('',#7563,#7564);
#7563 = CARTESIAN_POINT('',(2.162182706668,-0.294053328654,
    0.189999976158));
#7564 = VECTOR('',#7565,1.);
#7565 = DIRECTION('',(0.,0.,1.));
#7566 = ORIENTED_EDGE('',*,*,#7567,.F.);
#7567 = EDGE_CURVE('',#7568,#7560,#7570,.T.);
#7568 = VERTEX_POINT('',#7569);
#7569 = CARTESIAN_POINT('',(2.162182706668,0.409102303083,0.189999976158
    ));
#7570 = LINE('',#7571,#7572);
#7571 = CARTESIAN_POINT('',(2.162182706668,0.409102303083,0.189999976158
    ));
#7572 = VECTOR('',#7573,1.);
#7573 = DIRECTION('',(0.,-1.,0.));
#7574 = ORIENTED_EDGE('',*,*,#7575,.T.);
#7575 = EDGE_CURVE('',#7568,#7550,#7576,.T.);
#7576 = LINE('',#7577,#7578);
#7577 = CARTESIAN_POINT('',(2.162182706668,0.409102303083,0.189999976158
    ));
#7578 = VECTOR('',#7579,1.);
#7579 = DIRECTION('',(0.,0.,1.));
#7580 = PLANE('',#7581);
#7581 = AXIS2_PLACEMENT_3D('',#7582,#7583,#7584);
#7582 = CARTESIAN_POINT('',(2.162182706668,0.409102303083,0.189999976158
    ));
#7583 = DIRECTION('',(-1.,0.,0.));
#7584 = DIRECTION('',(0.,0.,1.));
#7585 = ADVANCED_FACE('',(#7586),#7611,.F.);
#7586 = FACE_BOUND('',#7587,.T.);
#7587 = EDGE_LOOP('',(#7588,#7596,#7604,#7610));
#7588 = ORIENTED_EDGE('',*,*,#7589,.T.);
#7589 = EDGE_CURVE('',#7552,#7590,#7592,.T.);
#7590 = VERTEX_POINT('',#7591);
#7591 = CARTESIAN_POINT('',(1.862182706668,-0.294053328654,
    0.199999976158));
#7592 = LINE('',#7593,#7594);
#7593 = CARTESIAN_POINT('',(2.162182706668,-0.294053328654,
    0.199999976158));
#7594 = VECTOR('',#7595,1.);
#7595 = DIRECTION('',(-1.,0.,0.));
#7596 = ORIENTED_EDGE('',*,*,#7597,.F.);
#7597 = EDGE_CURVE('',#7598,#7590,#7600,.T.);
#7598 = VERTEX_POINT('',#7599);
#7599 = CARTESIAN_POINT('',(1.862182706668,-0.294053328654,
    0.189999976158));
#7600 = LINE('',#7601,#7602);
#7601 = CARTESIAN_POINT('',(1.862182706668,-0.294053328654,
    0.189999976158));
#7602 = VECTOR('',#7603,1.);
#7603 = DIRECTION('',(0.,0.,1.));
#7604 = ORIENTED_EDGE('',*,*,#7605,.F.);
#7605 = EDGE_CURVE('',#7560,#7598,#7606,.T.);
#7606 = LINE('',#7607,#7608);
#7607 = CARTESIAN_POINT('',(2.162182706668,-0.294053328654,
    0.189999976158));
#7608 = VECTOR('',#7609,1.);
#7609 = DIRECTION('',(-1.,0.,0.));
#7610 = ORIENTED_EDGE('',*,*,#7559,.T.);
#7611 = PLANE('',#7612);
#7612 = AXIS2_PLACEMENT_3D('',#7613,#7614,#7615);
#7613 = CARTESIAN_POINT('',(2.162182706668,-0.294053328654,
    0.189999976158));
#7614 = DIRECTION('',(0.,1.,0.));
#7615 = DIRECTION('',(0.,-0.,1.));
#7616 = ADVANCED_FACE('',(#7617),#7642,.F.);
#7617 = FACE_BOUND('',#7618,.T.);
#7618 = EDGE_LOOP('',(#7619,#7627,#7635,#7641));
#7619 = ORIENTED_EDGE('',*,*,#7620,.T.);
#7620 = EDGE_CURVE('',#7590,#7621,#7623,.T.);
#7621 = VERTEX_POINT('',#7622);
#7622 = CARTESIAN_POINT('',(1.862182706668,0.409102303083,0.199999976158
    ));
#7623 = LINE('',#7624,#7625);
#7624 = CARTESIAN_POINT('',(1.862182706668,0.409102303083,0.199999976158
    ));
#7625 = VECTOR('',#7626,1.);
#7626 = DIRECTION('',(0.,1.,0.));
#7627 = ORIENTED_EDGE('',*,*,#7628,.F.);
#7628 = EDGE_CURVE('',#7629,#7621,#7631,.T.);
#7629 = VERTEX_POINT('',#7630);
#7630 = CARTESIAN_POINT('',(1.862182706668,0.409102303083,0.189999976158
    ));
#7631 = LINE('',#7632,#7633);
#7632 = CARTESIAN_POINT('',(1.862182706668,0.409102303083,0.189999976158
    ));
#7633 = VECTOR('',#7634,1.);
#7634 = DIRECTION('',(0.,0.,1.));
#7635 = ORIENTED_EDGE('',*,*,#7636,.F.);
#7636 = EDGE_CURVE('',#7598,#7629,#7637,.T.);
#7637 = LINE('',#7638,#7639);
#7638 = CARTESIAN_POINT('',(1.862182706668,0.409102303083,0.189999976158
    ));
#7639 = VECTOR('',#7640,1.);
#7640 = DIRECTION('',(0.,1.,0.));
#7641 = ORIENTED_EDGE('',*,*,#7597,.T.);
#7642 = PLANE('',#7643);
#7643 = AXIS2_PLACEMENT_3D('',#7644,#7645,#7646);
#7644 = CARTESIAN_POINT('',(1.862182706668,0.409102303083,0.189999976158
    ));
#7645 = DIRECTION('',(1.,0.,0.));
#7646 = DIRECTION('',(0.,0.,-1.));
#7647 = ADVANCED_FACE('',(#7648),#7664,.F.);
#7648 = FACE_BOUND('',#7649,.T.);
#7649 = EDGE_LOOP('',(#7650,#7656,#7657,#7663));
#7650 = ORIENTED_EDGE('',*,*,#7651,.T.);
#7651 = EDGE_CURVE('',#7621,#7550,#7652,.T.);
#7652 = LINE('',#7653,#7654);
#7653 = CARTESIAN_POINT('',(2.162182706668,0.409102303083,0.199999976158
    ));
#7654 = VECTOR('',#7655,1.);
#7655 = DIRECTION('',(1.,0.,0.));
#7656 = ORIENTED_EDGE('',*,*,#7575,.F.);
#7657 = ORIENTED_EDGE('',*,*,#7658,.F.);
#7658 = EDGE_CURVE('',#7629,#7568,#7659,.T.);
#7659 = LINE('',#7660,#7661);
#7660 = CARTESIAN_POINT('',(2.162182706668,0.409102303083,0.189999976158
    ));
#7661 = VECTOR('',#7662,1.);
#7662 = DIRECTION('',(1.,0.,0.));
#7663 = ORIENTED_EDGE('',*,*,#7628,.T.);
#7664 = PLANE('',#7665);
#7665 = AXIS2_PLACEMENT_3D('',#7666,#7667,#7668);
#7666 = CARTESIAN_POINT('',(2.162182706668,0.409102303083,0.189999976158
    ));
#7667 = DIRECTION('',(0.,-1.,0.));
#7668 = DIRECTION('',(0.,0.,-1.));
#7669 = ADVANCED_FACE('',(#7670),#7676,.T.);
#7670 = FACE_BOUND('',#7671,.T.);
#7671 = EDGE_LOOP('',(#7672,#7673,#7674,#7675));
#7672 = ORIENTED_EDGE('',*,*,#7567,.T.);
#7673 = ORIENTED_EDGE('',*,*,#7605,.T.);
#7674 = ORIENTED_EDGE('',*,*,#7636,.T.);
#7675 = ORIENTED_EDGE('',*,*,#7658,.T.);
#7676 = PLANE('',#7677);
#7677 = AXIS2_PLACEMENT_3D('',#7678,#7679,#7680);
#7678 = CARTESIAN_POINT('',(-1.250004768372E-02,-0.458978965642,
    0.189999976158));
#7679 = DIRECTION('',(0.,0.,-1.));
#7680 = DIRECTION('',(-1.,0.,0.));
#7681 = ADVANCED_FACE('',(#7682),#7688,.F.);
#7682 = FACE_BOUND('',#7683,.T.);
#7683 = EDGE_LOOP('',(#7684,#7685,#7686,#7687));
#7684 = ORIENTED_EDGE('',*,*,#7549,.F.);
#7685 = ORIENTED_EDGE('',*,*,#7651,.F.);
#7686 = ORIENTED_EDGE('',*,*,#7620,.F.);
#7687 = ORIENTED_EDGE('',*,*,#7589,.F.);
#7688 = PLANE('',#7689);
#7689 = AXIS2_PLACEMENT_3D('',#7690,#7691,#7692);
#7690 = CARTESIAN_POINT('',(-1.250004768372E-02,-0.458978965642,
    0.199999976158));
#7691 = DIRECTION('',(0.,0.,-1.));
#7692 = DIRECTION('',(-1.,0.,0.));
#7693 = ( GEOMETRIC_REPRESENTATION_CONTEXT(3) 
GLOBAL_UNCERTAINTY_ASSIGNED_CONTEXT((#7697)) 
GLOBAL_UNIT_ASSIGNED_CONTEXT((#7694,#7695,#7696)) REPRESENTATION_CONTEXT
('Context #1','3D Context with UNIT and UNCERTAINTY') );
#7694 = ( LENGTH_UNIT() NAMED_UNIT(*) SI_UNIT(.MILLI.,.METRE.) );
#7695 = ( NAMED_UNIT(*) PLANE_ANGLE_UNIT() SI_UNIT($,.RADIAN.) );
#7696 = ( NAMED_UNIT(*) SI_UNIT($,.STERADIAN.) SOLID_ANGLE_UNIT() );
#7697 = UNCERTAINTY_MEASURE_WITH_UNIT(LENGTH_MEASURE(1.E-07),#7694,
  'distance_accuracy_value','confusion accuracy');
#7698 = CONTEXT_DEPENDENT_SHAPE_REPRESENTATION(#7699,#7701);
#7699 = ( REPRESENTATION_RELATIONSHIP('','',#7542,#10) 
REPRESENTATION_RELATIONSHIP_WITH_TRANSFORMATION(#7700) 
SHAPE_REPRESENTATION_RELATIONSHIP() );
#7700 = ITEM_DEFINED_TRANSFORMATION('','',#11,#71);
#7701 = PRODUCT_DEFINITION_SHAPE('Placement','Placement of an item',
  #7702);
#7702 = NEXT_ASSEMBLY_USAGE_OCCURRENCE('15',
  'SW-SMD_SSSS811101~SW-TH_SSSS811101~VVTr014','',#5,#7537,$);
#7703 = PRODUCT_RELATED_PRODUCT_CATEGORY('part',$,(#7539));
#7704 = SHAPE_DEFINITION_REPRESENTATION(#7705,#7711);
#7705 = PRODUCT_DEFINITION_SHAPE('','',#7706);
#7706 = PRODUCT_DEFINITION('design','',#7707,#7710);
#7707 = PRODUCT_DEFINITION_FORMATION('','',#7708);
#7708 = PRODUCT('SW-SMD_SSSS811101~SW-TH_SSSS811101~VVTr015',
  'SW-SMD_SSSS811101~SW-TH_SSSS811101~VVTr015','',(#7709));
#7709 = PRODUCT_CONTEXT('',#2,'mechanical');
#7710 = PRODUCT_DEFINITION_CONTEXT('part definition',#2,'design');
#7711 = ADVANCED_BREP_SHAPE_REPRESENTATION('',(#11,#7712),#7862);
#7712 = MANIFOLD_SOLID_BREP('',#7713);
#7713 = CLOSED_SHELL('',(#7714,#7754,#7785,#7816,#7838,#7850));
#7714 = ADVANCED_FACE('',(#7715),#7749,.F.);
#7715 = FACE_BOUND('',#7716,.T.);
#7716 = EDGE_LOOP('',(#7717,#7727,#7735,#7743));
#7717 = ORIENTED_EDGE('',*,*,#7718,.T.);
#7718 = EDGE_CURVE('',#7719,#7721,#7723,.T.);
#7719 = VERTEX_POINT('',#7720);
#7720 = CARTESIAN_POINT('',(1.124837863862,0.409102303083,0.199999976158
    ));
#7721 = VERTEX_POINT('',#7722);
#7722 = CARTESIAN_POINT('',(1.124837863862,-0.294053328654,
    0.199999976158));
#7723 = LINE('',#7724,#7725);
#7724 = CARTESIAN_POINT('',(1.124837863862,0.409102303083,0.199999976158
    ));
#7725 = VECTOR('',#7726,1.);
#7726 = DIRECTION('',(0.,-1.,0.));
#7727 = ORIENTED_EDGE('',*,*,#7728,.F.);
#7728 = EDGE_CURVE('',#7729,#7721,#7731,.T.);
#7729 = VERTEX_POINT('',#7730);
#7730 = CARTESIAN_POINT('',(1.124837863862,-0.294053328654,
    0.189999976158));
#7731 = LINE('',#7732,#7733);
#7732 = CARTESIAN_POINT('',(1.124837863862,-0.294053328654,
    0.189999976158));
#7733 = VECTOR('',#7734,1.);
#7734 = DIRECTION('',(0.,0.,1.));
#7735 = ORIENTED_EDGE('',*,*,#7736,.F.);
#7736 = EDGE_CURVE('',#7737,#7729,#7739,.T.);
#7737 = VERTEX_POINT('',#7738);
#7738 = CARTESIAN_POINT('',(1.124837863862,0.409102303083,0.189999976158
    ));
#7739 = LINE('',#7740,#7741);
#7740 = CARTESIAN_POINT('',(1.124837863862,0.409102303083,0.189999976158
    ));
#7741 = VECTOR('',#7742,1.);
#7742 = DIRECTION('',(0.,-1.,0.));
#7743 = ORIENTED_EDGE('',*,*,#7744,.T.);
#7744 = EDGE_CURVE('',#7737,#7719,#7745,.T.);
#7745 = LINE('',#7746,#7747);
#7746 = CARTESIAN_POINT('',(1.124837863862,0.409102303083,0.189999976158
    ));
#7747 = VECTOR('',#7748,1.);
#7748 = DIRECTION('',(0.,0.,1.));
#7749 = PLANE('',#7750);
#7750 = AXIS2_PLACEMENT_3D('',#7751,#7752,#7753);
#7751 = CARTESIAN_POINT('',(1.124837863862,0.409102303083,0.189999976158
    ));
#7752 = DIRECTION('',(-1.,0.,0.));
#7753 = DIRECTION('',(0.,0.,1.));
#7754 = ADVANCED_FACE('',(#7755),#7780,.F.);
#7755 = FACE_BOUND('',#7756,.T.);
#7756 = EDGE_LOOP('',(#7757,#7765,#7773,#7779));
#7757 = ORIENTED_EDGE('',*,*,#7758,.T.);
#7758 = EDGE_CURVE('',#7721,#7759,#7761,.T.);
#7759 = VERTEX_POINT('',#7760);
#7760 = CARTESIAN_POINT('',(0.824837863862,-0.294053328654,
    0.199999976158));
#7761 = LINE('',#7762,#7763);
#7762 = CARTESIAN_POINT('',(1.124837863862,-0.294053328654,
    0.199999976158));
#7763 = VECTOR('',#7764,1.);
#7764 = DIRECTION('',(-1.,0.,0.));
#7765 = ORIENTED_EDGE('',*,*,#7766,.F.);
#7766 = EDGE_CURVE('',#7767,#7759,#7769,.T.);
#7767 = VERTEX_POINT('',#7768);
#7768 = CARTESIAN_POINT('',(0.824837863862,-0.294053328654,
    0.189999976158));
#7769 = LINE('',#7770,#7771);
#7770 = CARTESIAN_POINT('',(0.824837863862,-0.294053328654,
    0.189999976158));
#7771 = VECTOR('',#7772,1.);
#7772 = DIRECTION('',(0.,0.,1.));
#7773 = ORIENTED_EDGE('',*,*,#7774,.F.);
#7774 = EDGE_CURVE('',#7729,#7767,#7775,.T.);
#7775 = LINE('',#7776,#7777);
#7776 = CARTESIAN_POINT('',(1.124837863862,-0.294053328654,
    0.189999976158));
#7777 = VECTOR('',#7778,1.);
#7778 = DIRECTION('',(-1.,0.,0.));
#7779 = ORIENTED_EDGE('',*,*,#7728,.T.);
#7780 = PLANE('',#7781);
#7781 = AXIS2_PLACEMENT_3D('',#7782,#7783,#7784);
#7782 = CARTESIAN_POINT('',(1.124837863862,-0.294053328654,
    0.189999976158));
#7783 = DIRECTION('',(0.,1.,0.));
#7784 = DIRECTION('',(0.,-0.,1.));
#7785 = ADVANCED_FACE('',(#7786),#7811,.F.);
#7786 = FACE_BOUND('',#7787,.T.);
#7787 = EDGE_LOOP('',(#7788,#7796,#7804,#7810));
#7788 = ORIENTED_EDGE('',*,*,#7789,.T.);
#7789 = EDGE_CURVE('',#7759,#7790,#7792,.T.);
#7790 = VERTEX_POINT('',#7791);
#7791 = CARTESIAN_POINT('',(0.824837863862,0.409102303083,0.199999976158
    ));
#7792 = LINE('',#7793,#7794);
#7793 = CARTESIAN_POINT('',(0.824837863862,0.409102303083,0.199999976158
    ));
#7794 = VECTOR('',#7795,1.);
#7795 = DIRECTION('',(3.083818499209E-16,1.,0.));
#7796 = ORIENTED_EDGE('',*,*,#7797,.F.);
#7797 = EDGE_CURVE('',#7798,#7790,#7800,.T.);
#7798 = VERTEX_POINT('',#7799);
#7799 = CARTESIAN_POINT('',(0.824837863862,0.409102303083,0.189999976158
    ));
#7800 = LINE('',#7801,#7802);
#7801 = CARTESIAN_POINT('',(0.824837863862,0.409102303083,0.189999976158
    ));
#7802 = VECTOR('',#7803,1.);
#7803 = DIRECTION('',(0.,0.,1.));
#7804 = ORIENTED_EDGE('',*,*,#7805,.F.);
#7805 = EDGE_CURVE('',#7767,#7798,#7806,.T.);
#7806 = LINE('',#7807,#7808);
#7807 = CARTESIAN_POINT('',(0.824837863862,0.409102303083,0.189999976158
    ));
#7808 = VECTOR('',#7809,1.);
#7809 = DIRECTION('',(3.083818499209E-16,1.,0.));
#7810 = ORIENTED_EDGE('',*,*,#7766,.T.);
#7811 = PLANE('',#7812);
#7812 = AXIS2_PLACEMENT_3D('',#7813,#7814,#7815);
#7813 = CARTESIAN_POINT('',(0.824837863862,0.409102303083,0.189999976158
    ));
#7814 = DIRECTION('',(1.,-3.083818499209E-16,0.));
#7815 = DIRECTION('',(3.083818499209E-16,1.,0.));
#7816 = ADVANCED_FACE('',(#7817),#7833,.F.);
#7817 = FACE_BOUND('',#7818,.T.);
#7818 = EDGE_LOOP('',(#7819,#7825,#7826,#7832));
#7819 = ORIENTED_EDGE('',*,*,#7820,.T.);
#7820 = EDGE_CURVE('',#7790,#7719,#7821,.T.);
#7821 = LINE('',#7822,#7823);
#7822 = CARTESIAN_POINT('',(1.124837863862,0.409102303083,0.199999976158
    ));
#7823 = VECTOR('',#7824,1.);
#7824 = DIRECTION('',(1.,0.,0.));
#7825 = ORIENTED_EDGE('',*,*,#7744,.F.);
#7826 = ORIENTED_EDGE('',*,*,#7827,.F.);
#7827 = EDGE_CURVE('',#7798,#7737,#7828,.T.);
#7828 = LINE('',#7829,#7830);
#7829 = CARTESIAN_POINT('',(1.124837863862,0.409102303083,0.189999976158
    ));
#7830 = VECTOR('',#7831,1.);
#7831 = DIRECTION('',(1.,0.,0.));
#7832 = ORIENTED_EDGE('',*,*,#7797,.T.);
#7833 = PLANE('',#7834);
#7834 = AXIS2_PLACEMENT_3D('',#7835,#7836,#7837);
#7835 = CARTESIAN_POINT('',(1.124837863862,0.409102303083,0.189999976158
    ));
#7836 = DIRECTION('',(0.,-1.,0.));
#7837 = DIRECTION('',(0.,0.,-1.));
#7838 = ADVANCED_FACE('',(#7839),#7845,.T.);
#7839 = FACE_BOUND('',#7840,.T.);
#7840 = EDGE_LOOP('',(#7841,#7842,#7843,#7844));
#7841 = ORIENTED_EDGE('',*,*,#7736,.T.);
#7842 = ORIENTED_EDGE('',*,*,#7774,.T.);
#7843 = ORIENTED_EDGE('',*,*,#7805,.T.);
#7844 = ORIENTED_EDGE('',*,*,#7827,.T.);
#7845 = PLANE('',#7846);
#7846 = AXIS2_PLACEMENT_3D('',#7847,#7848,#7849);
#7847 = CARTESIAN_POINT('',(-1.250004768372E-02,-0.458978965642,
    0.189999976158));
#7848 = DIRECTION('',(0.,0.,-1.));
#7849 = DIRECTION('',(-1.,0.,0.));
#7850 = ADVANCED_FACE('',(#7851),#7857,.F.);
#7851 = FACE_BOUND('',#7852,.T.);
#7852 = EDGE_LOOP('',(#7853,#7854,#7855,#7856));
#7853 = ORIENTED_EDGE('',*,*,#7718,.F.);
#7854 = ORIENTED_EDGE('',*,*,#7820,.F.);
#7855 = ORIENTED_EDGE('',*,*,#7789,.F.);
#7856 = ORIENTED_EDGE('',*,*,#7758,.F.);
#7857 = PLANE('',#7858);
#7858 = AXIS2_PLACEMENT_3D('',#7859,#7860,#7861);
#7859 = CARTESIAN_POINT('',(-1.250004768372E-02,-0.458978965642,
    0.199999976158));
#7860 = DIRECTION('',(0.,0.,-1.));
#7861 = DIRECTION('',(-1.,0.,0.));
#7862 = ( GEOMETRIC_REPRESENTATION_CONTEXT(3) 
GLOBAL_UNCERTAINTY_ASSIGNED_CONTEXT((#7866)) 
GLOBAL_UNIT_ASSIGNED_CONTEXT((#7863,#7864,#7865)) REPRESENTATION_CONTEXT
('Context #1','3D Context with UNIT and UNCERTAINTY') );
#7863 = ( LENGTH_UNIT() NAMED_UNIT(*) SI_UNIT(.MILLI.,.METRE.) );
#7864 = ( NAMED_UNIT(*) PLANE_ANGLE_UNIT() SI_UNIT($,.RADIAN.) );
#7865 = ( NAMED_UNIT(*) SI_UNIT($,.STERADIAN.) SOLID_ANGLE_UNIT() );
#7866 = UNCERTAINTY_MEASURE_WITH_UNIT(LENGTH_MEASURE(1.E-07),#7863,
  'distance_accuracy_value','confusion accuracy');
#7867 = CONTEXT_DEPENDENT_SHAPE_REPRESENTATION(#7868,#7870);
#7868 = ( REPRESENTATION_RELATIONSHIP('','',#7711,#10) 
REPRESENTATION_RELATIONSHIP_WITH_TRANSFORMATION(#7869) 
SHAPE_REPRESENTATION_RELATIONSHIP() );
#7869 = ITEM_DEFINED_TRANSFORMATION('','',#11,#75);
#7870 = PRODUCT_DEFINITION_SHAPE('Placement','Placement of an item',
  #7871);
#7871 = NEXT_ASSEMBLY_USAGE_OCCURRENCE('16',
  'SW-SMD_SSSS811101~SW-TH_SSSS811101~VVTr015','',#5,#7706,$);
#7872 = PRODUCT_RELATED_PRODUCT_CATEGORY('part',$,(#7708));
#7873 = SHAPE_DEFINITION_REPRESENTATION(#7874,#7880);
#7874 = PRODUCT_DEFINITION_SHAPE('','',#7875);
#7875 = PRODUCT_DEFINITION('design','',#7876,#7879);
#7876 = PRODUCT_DEFINITION_FORMATION('','',#7877);
#7877 = PRODUCT('SW-SMD_SSSS811101~SW-TH_SSSS811101~VVTr016',
  'SW-SMD_SSSS811101~SW-TH_SSSS811101~VVTr016','',(#7878));
#7878 = PRODUCT_CONTEXT('',#2,'mechanical');
#7879 = PRODUCT_DEFINITION_CONTEXT('part definition',#2,'design');
#7880 = ADVANCED_BREP_SHAPE_REPRESENTATION('',(#11,#7881),#8031);
#7881 = MANIFOLD_SOLID_BREP('',#7882);
#7882 = CLOSED_SHELL('',(#7883,#7923,#7954,#7985,#8007,#8019));
#7883 = ADVANCED_FACE('',(#7884),#7918,.F.);
#7884 = FACE_BOUND('',#7885,.T.);
#7885 = EDGE_LOOP('',(#7886,#7896,#7904,#7912));
#7886 = ORIENTED_EDGE('',*,*,#7887,.T.);
#7887 = EDGE_CURVE('',#7888,#7890,#7892,.T.);
#7888 = VERTEX_POINT('',#7889);
#7889 = CARTESIAN_POINT('',(-1.14983795923,0.409102303083,0.199999976158
    ));
#7890 = VERTEX_POINT('',#7891);
#7891 = CARTESIAN_POINT('',(-0.84983795923,0.409102303083,0.199999976158
    ));
#7892 = LINE('',#7893,#7894);
#7893 = CARTESIAN_POINT('',(-1.14983795923,0.409102303083,0.199999976158
    ));
#7894 = VECTOR('',#7895,1.);
#7895 = DIRECTION('',(1.,0.,0.));
#7896 = ORIENTED_EDGE('',*,*,#7897,.F.);
#7897 = EDGE_CURVE('',#7898,#7890,#7900,.T.);
#7898 = VERTEX_POINT('',#7899);
#7899 = CARTESIAN_POINT('',(-0.84983795923,0.409102303083,0.189999976158
    ));
#7900 = LINE('',#7901,#7902);
#7901 = CARTESIAN_POINT('',(-0.84983795923,0.409102303083,0.189999976158
    ));
#7902 = VECTOR('',#7903,1.);
#7903 = DIRECTION('',(0.,0.,1.));
#7904 = ORIENTED_EDGE('',*,*,#7905,.F.);
#7905 = EDGE_CURVE('',#7906,#7898,#7908,.T.);
#7906 = VERTEX_POINT('',#7907);
#7907 = CARTESIAN_POINT('',(-1.14983795923,0.409102303083,0.189999976158
    ));
#7908 = LINE('',#7909,#7910);
#7909 = CARTESIAN_POINT('',(-1.14983795923,0.409102303083,0.189999976158
    ));
#7910 = VECTOR('',#7911,1.);
#7911 = DIRECTION('',(1.,0.,0.));
#7912 = ORIENTED_EDGE('',*,*,#7913,.T.);
#7913 = EDGE_CURVE('',#7906,#7888,#7914,.T.);
#7914 = LINE('',#7915,#7916);
#7915 = CARTESIAN_POINT('',(-1.14983795923,0.409102303083,0.189999976158
    ));
#7916 = VECTOR('',#7917,1.);
#7917 = DIRECTION('',(0.,0.,1.));
#7918 = PLANE('',#7919);
#7919 = AXIS2_PLACEMENT_3D('',#7920,#7921,#7922);
#7920 = CARTESIAN_POINT('',(-1.14983795923,0.409102303083,0.189999976158
    ));
#7921 = DIRECTION('',(0.,-1.,0.));
#7922 = DIRECTION('',(0.,0.,-1.));
#7923 = ADVANCED_FACE('',(#7924),#7949,.F.);
#7924 = FACE_BOUND('',#7925,.T.);
#7925 = EDGE_LOOP('',(#7926,#7934,#7942,#7948));
#7926 = ORIENTED_EDGE('',*,*,#7927,.T.);
#7927 = EDGE_CURVE('',#7890,#7928,#7930,.T.);
#7928 = VERTEX_POINT('',#7929);
#7929 = CARTESIAN_POINT('',(-0.84983795923,-0.294053328654,
    0.199999976158));
#7930 = LINE('',#7931,#7932);
#7931 = CARTESIAN_POINT('',(-0.84983795923,0.409102303083,0.199999976158
    ));
#7932 = VECTOR('',#7933,1.);
#7933 = DIRECTION('',(3.083818499209E-16,-1.,0.));
#7934 = ORIENTED_EDGE('',*,*,#7935,.F.);
#7935 = EDGE_CURVE('',#7936,#7928,#7938,.T.);
#7936 = VERTEX_POINT('',#7937);
#7937 = CARTESIAN_POINT('',(-0.84983795923,-0.294053328654,
    0.189999976158));
#7938 = LINE('',#7939,#7940);
#7939 = CARTESIAN_POINT('',(-0.84983795923,-0.294053328654,
    0.189999976158));
#7940 = VECTOR('',#7941,1.);
#7941 = DIRECTION('',(0.,0.,1.));
#7942 = ORIENTED_EDGE('',*,*,#7943,.F.);
#7943 = EDGE_CURVE('',#7898,#7936,#7944,.T.);
#7944 = LINE('',#7945,#7946);
#7945 = CARTESIAN_POINT('',(-0.84983795923,0.409102303083,0.189999976158
    ));
#7946 = VECTOR('',#7947,1.);
#7947 = DIRECTION('',(3.083818499209E-16,-1.,0.));
#7948 = ORIENTED_EDGE('',*,*,#7897,.T.);
#7949 = PLANE('',#7950);
#7950 = AXIS2_PLACEMENT_3D('',#7951,#7952,#7953);
#7951 = CARTESIAN_POINT('',(-0.84983795923,0.409102303083,0.189999976158
    ));
#7952 = DIRECTION('',(-1.,-3.083818499209E-16,0.));
#7953 = DIRECTION('',(3.083818499209E-16,-1.,0.));
#7954 = ADVANCED_FACE('',(#7955),#7980,.F.);
#7955 = FACE_BOUND('',#7956,.T.);
#7956 = EDGE_LOOP('',(#7957,#7965,#7973,#7979));
#7957 = ORIENTED_EDGE('',*,*,#7958,.T.);
#7958 = EDGE_CURVE('',#7928,#7959,#7961,.T.);
#7959 = VERTEX_POINT('',#7960);
#7960 = CARTESIAN_POINT('',(-1.14983795923,-0.294053328654,
    0.199999976158));
#7961 = LINE('',#7962,#7963);
#7962 = CARTESIAN_POINT('',(-1.14983795923,-0.294053328654,
    0.199999976158));
#7963 = VECTOR('',#7964,1.);
#7964 = DIRECTION('',(-1.,-0.,-0.));
#7965 = ORIENTED_EDGE('',*,*,#7966,.F.);
#7966 = EDGE_CURVE('',#7967,#7959,#7969,.T.);
#7967 = VERTEX_POINT('',#7968);
#7968 = CARTESIAN_POINT('',(-1.14983795923,-0.294053328654,
    0.189999976158));
#7969 = LINE('',#7970,#7971);
#7970 = CARTESIAN_POINT('',(-1.14983795923,-0.294053328654,
    0.189999976158));
#7971 = VECTOR('',#7972,1.);
#7972 = DIRECTION('',(0.,0.,1.));
#7973 = ORIENTED_EDGE('',*,*,#7974,.F.);
#7974 = EDGE_CURVE('',#7936,#7967,#7975,.T.);
#7975 = LINE('',#7976,#7977);
#7976 = CARTESIAN_POINT('',(-1.14983795923,-0.294053328654,
    0.189999976158));
#7977 = VECTOR('',#7978,1.);
#7978 = DIRECTION('',(-1.,-0.,-0.));
#7979 = ORIENTED_EDGE('',*,*,#7935,.T.);
#7980 = PLANE('',#7981);
#7981 = AXIS2_PLACEMENT_3D('',#7982,#7983,#7984);
#7982 = CARTESIAN_POINT('',(-1.14983795923,-0.294053328654,
    0.189999976158));
#7983 = DIRECTION('',(0.,1.,0.));
#7984 = DIRECTION('',(0.,-0.,1.));
#7985 = ADVANCED_FACE('',(#7986),#8002,.F.);
#7986 = FACE_BOUND('',#7987,.T.);
#7987 = EDGE_LOOP('',(#7988,#7994,#7995,#8001));
#7988 = ORIENTED_EDGE('',*,*,#7989,.T.);
#7989 = EDGE_CURVE('',#7959,#7888,#7990,.T.);
#7990 = LINE('',#7991,#7992);
#7991 = CARTESIAN_POINT('',(-1.14983795923,0.409102303083,0.199999976158
    ));
#7992 = VECTOR('',#7993,1.);
#7993 = DIRECTION('',(0.,1.,0.));
#7994 = ORIENTED_EDGE('',*,*,#7913,.F.);
#7995 = ORIENTED_EDGE('',*,*,#7996,.F.);
#7996 = EDGE_CURVE('',#7967,#7906,#7997,.T.);
#7997 = LINE('',#7998,#7999);
#7998 = CARTESIAN_POINT('',(-1.14983795923,0.409102303083,0.189999976158
    ));
#7999 = VECTOR('',#8000,1.);
#8000 = DIRECTION('',(0.,1.,0.));
#8001 = ORIENTED_EDGE('',*,*,#7966,.T.);
#8002 = PLANE('',#8003);
#8003 = AXIS2_PLACEMENT_3D('',#8004,#8005,#8006);
#8004 = CARTESIAN_POINT('',(-1.14983795923,0.409102303083,0.189999976158
    ));
#8005 = DIRECTION('',(1.,0.,0.));
#8006 = DIRECTION('',(0.,0.,-1.));
#8007 = ADVANCED_FACE('',(#8008),#8014,.T.);
#8008 = FACE_BOUND('',#8009,.T.);
#8009 = EDGE_LOOP('',(#8010,#8011,#8012,#8013));
#8010 = ORIENTED_EDGE('',*,*,#7905,.T.);
#8011 = ORIENTED_EDGE('',*,*,#7943,.T.);
#8012 = ORIENTED_EDGE('',*,*,#7974,.T.);
#8013 = ORIENTED_EDGE('',*,*,#7996,.T.);
#8014 = PLANE('',#8015);
#8015 = AXIS2_PLACEMENT_3D('',#8016,#8017,#8018);
#8016 = CARTESIAN_POINT('',(-1.250004768372E-02,-0.458978965642,
    0.189999976158));
#8017 = DIRECTION('',(0.,0.,-1.));
#8018 = DIRECTION('',(-1.,0.,0.));
#8019 = ADVANCED_FACE('',(#8020),#8026,.F.);
#8020 = FACE_BOUND('',#8021,.T.);
#8021 = EDGE_LOOP('',(#8022,#8023,#8024,#8025));
#8022 = ORIENTED_EDGE('',*,*,#7887,.F.);
#8023 = ORIENTED_EDGE('',*,*,#7989,.F.);
#8024 = ORIENTED_EDGE('',*,*,#7958,.F.);
#8025 = ORIENTED_EDGE('',*,*,#7927,.F.);
#8026 = PLANE('',#8027);
#8027 = AXIS2_PLACEMENT_3D('',#8028,#8029,#8030);
#8028 = CARTESIAN_POINT('',(-1.250004768372E-02,-0.458978965642,
    0.199999976158));
#8029 = DIRECTION('',(0.,0.,-1.));
#8030 = DIRECTION('',(-1.,0.,0.));
#8031 = ( GEOMETRIC_REPRESENTATION_CONTEXT(3) 
GLOBAL_UNCERTAINTY_ASSIGNED_CONTEXT((#8035)) 
GLOBAL_UNIT_ASSIGNED_CONTEXT((#8032,#8033,#8034)) REPRESENTATION_CONTEXT
('Context #1','3D Context with UNIT and UNCERTAINTY') );
#8032 = ( LENGTH_UNIT() NAMED_UNIT(*) SI_UNIT(.MILLI.,.METRE.) );
#8033 = ( NAMED_UNIT(*) PLANE_ANGLE_UNIT() SI_UNIT($,.RADIAN.) );
#8034 = ( NAMED_UNIT(*) SI_UNIT($,.STERADIAN.) SOLID_ANGLE_UNIT() );
#8035 = UNCERTAINTY_MEASURE_WITH_UNIT(LENGTH_MEASURE(1.E-07),#8032,
  'distance_accuracy_value','confusion accuracy');
#8036 = CONTEXT_DEPENDENT_SHAPE_REPRESENTATION(#8037,#8039);
#8037 = ( REPRESENTATION_RELATIONSHIP('','',#7880,#10) 
REPRESENTATION_RELATIONSHIP_WITH_TRANSFORMATION(#8038) 
SHAPE_REPRESENTATION_RELATIONSHIP() );
#8038 = ITEM_DEFINED_TRANSFORMATION('','',#11,#79);
#8039 = PRODUCT_DEFINITION_SHAPE('Placement','Placement of an item',
  #8040);
#8040 = NEXT_ASSEMBLY_USAGE_OCCURRENCE('17',
  'SW-SMD_SSSS811101~SW-TH_SSSS811101~VVTr016','',#5,#7875,$);
#8041 = PRODUCT_RELATED_PRODUCT_CATEGORY('part',$,(#7877));
#8042 = SHAPE_DEFINITION_REPRESENTATION(#8043,#8049);
#8043 = PRODUCT_DEFINITION_SHAPE('','',#8044);
#8044 = PRODUCT_DEFINITION('design','',#8045,#8048);
#8045 = PRODUCT_DEFINITION_FORMATION('','',#8046);
#8046 = PRODUCT('SW-SMD_SSSS811101~SW-TH_SSSS811101~VVTr017',
  'SW-SMD_SSSS811101~SW-TH_SSSS811101~VVTr017','',(#8047));
#8047 = PRODUCT_CONTEXT('',#2,'mechanical');
#8048 = PRODUCT_DEFINITION_CONTEXT('part definition',#2,'design');
#8049 = ADVANCED_BREP_SHAPE_REPRESENTATION('',(#11,#8050),#8200);
#8050 = MANIFOLD_SOLID_BREP('',#8051);
#8051 = CLOSED_SHELL('',(#8052,#8092,#8123,#8154,#8176,#8188));
#8052 = ADVANCED_FACE('',(#8053),#8087,.F.);
#8053 = FACE_BOUND('',#8054,.T.);
#8054 = EDGE_LOOP('',(#8055,#8065,#8073,#8081));
#8055 = ORIENTED_EDGE('',*,*,#8056,.T.);
#8056 = EDGE_CURVE('',#8057,#8059,#8061,.T.);
#8057 = VERTEX_POINT('',#8058);
#8058 = CARTESIAN_POINT('',(-2.187182802035,0.409102303083,
    0.199999976158));
#8059 = VERTEX_POINT('',#8060);
#8060 = CARTESIAN_POINT('',(-1.887182802035,0.409102303083,
    0.199999976158));
#8061 = LINE('',#8062,#8063);
#8062 = CARTESIAN_POINT('',(-2.187182802035,0.409102303083,
    0.199999976158));
#8063 = VECTOR('',#8064,1.);
#8064 = DIRECTION('',(1.,0.,0.));
#8065 = ORIENTED_EDGE('',*,*,#8066,.F.);
#8066 = EDGE_CURVE('',#8067,#8059,#8069,.T.);
#8067 = VERTEX_POINT('',#8068);
#8068 = CARTESIAN_POINT('',(-1.887182802035,0.409102303083,
    0.189999976158));
#8069 = LINE('',#8070,#8071);
#8070 = CARTESIAN_POINT('',(-1.887182802035,0.409102303083,
    0.189999976158));
#8071 = VECTOR('',#8072,1.);
#8072 = DIRECTION('',(0.,0.,1.));
#8073 = ORIENTED_EDGE('',*,*,#8074,.F.);
#8074 = EDGE_CURVE('',#8075,#8067,#8077,.T.);
#8075 = VERTEX_POINT('',#8076);
#8076 = CARTESIAN_POINT('',(-2.187182802035,0.409102303083,
    0.189999976158));
#8077 = LINE('',#8078,#8079);
#8078 = CARTESIAN_POINT('',(-2.187182802035,0.409102303083,
    0.189999976158));
#8079 = VECTOR('',#8080,1.);
#8080 = DIRECTION('',(1.,0.,0.));
#8081 = ORIENTED_EDGE('',*,*,#8082,.T.);
#8082 = EDGE_CURVE('',#8075,#8057,#8083,.T.);
#8083 = LINE('',#8084,#8085);
#8084 = CARTESIAN_POINT('',(-2.187182802035,0.409102303083,
    0.189999976158));
#8085 = VECTOR('',#8086,1.);
#8086 = DIRECTION('',(0.,0.,1.));
#8087 = PLANE('',#8088);
#8088 = AXIS2_PLACEMENT_3D('',#8089,#8090,#8091);
#8089 = CARTESIAN_POINT('',(-2.187182802035,0.409102303083,
    0.189999976158));
#8090 = DIRECTION('',(0.,-1.,0.));
#8091 = DIRECTION('',(0.,0.,-1.));
#8092 = ADVANCED_FACE('',(#8093),#8118,.F.);
#8093 = FACE_BOUND('',#8094,.T.);
#8094 = EDGE_LOOP('',(#8095,#8103,#8111,#8117));
#8095 = ORIENTED_EDGE('',*,*,#8096,.T.);
#8096 = EDGE_CURVE('',#8059,#8097,#8099,.T.);
#8097 = VERTEX_POINT('',#8098);
#8098 = CARTESIAN_POINT('',(-1.887182802035,-0.294053328654,
    0.199999976158));
#8099 = LINE('',#8100,#8101);
#8100 = CARTESIAN_POINT('',(-1.887182802035,0.409102303083,
    0.199999976158));
#8101 = VECTOR('',#8102,1.);
#8102 = DIRECTION('',(0.,-1.,0.));
#8103 = ORIENTED_EDGE('',*,*,#8104,.F.);
#8104 = EDGE_CURVE('',#8105,#8097,#8107,.T.);
#8105 = VERTEX_POINT('',#8106);
#8106 = CARTESIAN_POINT('',(-1.887182802035,-0.294053328654,
    0.189999976158));
#8107 = LINE('',#8108,#8109);
#8108 = CARTESIAN_POINT('',(-1.887182802035,-0.294053328654,
    0.189999976158));
#8109 = VECTOR('',#8110,1.);
#8110 = DIRECTION('',(0.,0.,1.));
#8111 = ORIENTED_EDGE('',*,*,#8112,.F.);
#8112 = EDGE_CURVE('',#8067,#8105,#8113,.T.);
#8113 = LINE('',#8114,#8115);
#8114 = CARTESIAN_POINT('',(-1.887182802035,0.409102303083,
    0.189999976158));
#8115 = VECTOR('',#8116,1.);
#8116 = DIRECTION('',(0.,-1.,0.));
#8117 = ORIENTED_EDGE('',*,*,#8066,.T.);
#8118 = PLANE('',#8119);
#8119 = AXIS2_PLACEMENT_3D('',#8120,#8121,#8122);
#8120 = CARTESIAN_POINT('',(-1.887182802035,0.409102303083,
    0.189999976158));
#8121 = DIRECTION('',(-1.,0.,0.));
#8122 = DIRECTION('',(0.,0.,1.));
#8123 = ADVANCED_FACE('',(#8124),#8149,.F.);
#8124 = FACE_BOUND('',#8125,.T.);
#8125 = EDGE_LOOP('',(#8126,#8134,#8142,#8148));
#8126 = ORIENTED_EDGE('',*,*,#8127,.T.);
#8127 = EDGE_CURVE('',#8097,#8128,#8130,.T.);
#8128 = VERTEX_POINT('',#8129);
#8129 = CARTESIAN_POINT('',(-2.187182802035,-0.294053328654,
    0.199999976158));
#8130 = LINE('',#8131,#8132);
#8131 = CARTESIAN_POINT('',(-2.187182802035,-0.294053328654,
    0.199999976158));
#8132 = VECTOR('',#8133,1.);
#8133 = DIRECTION('',(-1.,-0.,-0.));
#8134 = ORIENTED_EDGE('',*,*,#8135,.F.);
#8135 = EDGE_CURVE('',#8136,#8128,#8138,.T.);
#8136 = VERTEX_POINT('',#8137);
#8137 = CARTESIAN_POINT('',(-2.187182802035,-0.294053328654,
    0.189999976158));
#8138 = LINE('',#8139,#8140);
#8139 = CARTESIAN_POINT('',(-2.187182802035,-0.294053328654,
    0.189999976158));
#8140 = VECTOR('',#8141,1.);
#8141 = DIRECTION('',(0.,0.,1.));
#8142 = ORIENTED_EDGE('',*,*,#8143,.F.);
#8143 = EDGE_CURVE('',#8105,#8136,#8144,.T.);
#8144 = LINE('',#8145,#8146);
#8145 = CARTESIAN_POINT('',(-2.187182802035,-0.294053328654,
    0.189999976158));
#8146 = VECTOR('',#8147,1.);
#8147 = DIRECTION('',(-1.,-0.,-0.));
#8148 = ORIENTED_EDGE('',*,*,#8104,.T.);
#8149 = PLANE('',#8150);
#8150 = AXIS2_PLACEMENT_3D('',#8151,#8152,#8153);
#8151 = CARTESIAN_POINT('',(-2.187182802035,-0.294053328654,
    0.189999976158));
#8152 = DIRECTION('',(0.,1.,0.));
#8153 = DIRECTION('',(0.,-0.,1.));
#8154 = ADVANCED_FACE('',(#8155),#8171,.F.);
#8155 = FACE_BOUND('',#8156,.T.);
#8156 = EDGE_LOOP('',(#8157,#8163,#8164,#8170));
#8157 = ORIENTED_EDGE('',*,*,#8158,.T.);
#8158 = EDGE_CURVE('',#8128,#8057,#8159,.T.);
#8159 = LINE('',#8160,#8161);
#8160 = CARTESIAN_POINT('',(-2.187182802035,0.409102303083,
    0.199999976158));
#8161 = VECTOR('',#8162,1.);
#8162 = DIRECTION('',(0.,1.,0.));
#8163 = ORIENTED_EDGE('',*,*,#8082,.F.);
#8164 = ORIENTED_EDGE('',*,*,#8165,.F.);
#8165 = EDGE_CURVE('',#8136,#8075,#8166,.T.);
#8166 = LINE('',#8167,#8168);
#8167 = CARTESIAN_POINT('',(-2.187182802035,0.409102303083,
    0.189999976158));
#8168 = VECTOR('',#8169,1.);
#8169 = DIRECTION('',(0.,1.,0.));
#8170 = ORIENTED_EDGE('',*,*,#8135,.T.);
#8171 = PLANE('',#8172);
#8172 = AXIS2_PLACEMENT_3D('',#8173,#8174,#8175);
#8173 = CARTESIAN_POINT('',(-2.187182802035,0.409102303083,
    0.189999976158));
#8174 = DIRECTION('',(1.,0.,0.));
#8175 = DIRECTION('',(0.,0.,-1.));
#8176 = ADVANCED_FACE('',(#8177),#8183,.T.);
#8177 = FACE_BOUND('',#8178,.T.);
#8178 = EDGE_LOOP('',(#8179,#8180,#8181,#8182));
#8179 = ORIENTED_EDGE('',*,*,#8074,.T.);
#8180 = ORIENTED_EDGE('',*,*,#8112,.T.);
#8181 = ORIENTED_EDGE('',*,*,#8143,.T.);
#8182 = ORIENTED_EDGE('',*,*,#8165,.T.);
#8183 = PLANE('',#8184);
#8184 = AXIS2_PLACEMENT_3D('',#8185,#8186,#8187);
#8185 = CARTESIAN_POINT('',(-1.250004768372E-02,-0.458978965642,
    0.189999976158));
#8186 = DIRECTION('',(0.,0.,-1.));
#8187 = DIRECTION('',(-1.,0.,0.));
#8188 = ADVANCED_FACE('',(#8189),#8195,.F.);
#8189 = FACE_BOUND('',#8190,.T.);
#8190 = EDGE_LOOP('',(#8191,#8192,#8193,#8194));
#8191 = ORIENTED_EDGE('',*,*,#8056,.F.);
#8192 = ORIENTED_EDGE('',*,*,#8158,.F.);
#8193 = ORIENTED_EDGE('',*,*,#8127,.F.);
#8194 = ORIENTED_EDGE('',*,*,#8096,.F.);
#8195 = PLANE('',#8196);
#8196 = AXIS2_PLACEMENT_3D('',#8197,#8198,#8199);
#8197 = CARTESIAN_POINT('',(-1.250004768372E-02,-0.458978965642,
    0.199999976158));
#8198 = DIRECTION('',(0.,0.,-1.));
#8199 = DIRECTION('',(-1.,0.,0.));
#8200 = ( GEOMETRIC_REPRESENTATION_CONTEXT(3) 
GLOBAL_UNCERTAINTY_ASSIGNED_CONTEXT((#8204)) 
GLOBAL_UNIT_ASSIGNED_CONTEXT((#8201,#8202,#8203)) REPRESENTATION_CONTEXT
('Context #1','3D Context with UNIT and UNCERTAINTY') );
#8201 = ( LENGTH_UNIT() NAMED_UNIT(*) SI_UNIT(.MILLI.,.METRE.) );
#8202 = ( NAMED_UNIT(*) PLANE_ANGLE_UNIT() SI_UNIT($,.RADIAN.) );
#8203 = ( NAMED_UNIT(*) SI_UNIT($,.STERADIAN.) SOLID_ANGLE_UNIT() );
#8204 = UNCERTAINTY_MEASURE_WITH_UNIT(LENGTH_MEASURE(1.E-07),#8201,
  'distance_accuracy_value','confusion accuracy');
#8205 = CONTEXT_DEPENDENT_SHAPE_REPRESENTATION(#8206,#8208);
#8206 = ( REPRESENTATION_RELATIONSHIP('','',#8049,#10) 
REPRESENTATION_RELATIONSHIP_WITH_TRANSFORMATION(#8207) 
SHAPE_REPRESENTATION_RELATIONSHIP() );
#8207 = ITEM_DEFINED_TRANSFORMATION('','',#11,#83);
#8208 = PRODUCT_DEFINITION_SHAPE('Placement','Placement of an item',
  #8209);
#8209 = NEXT_ASSEMBLY_USAGE_OCCURRENCE('18',
  'SW-SMD_SSSS811101~SW-TH_SSSS811101~VVTr017','',#5,#8044,$);
#8210 = PRODUCT_RELATED_PRODUCT_CATEGORY('part',$,(#8046));
#8211 = MECHANICAL_DESIGN_GEOMETRIC_PRESENTATION_REPRESENTATION('',(
    #8212),#1628);
#8212 = STYLED_ITEM('color',(#8213),#1478);
#8213 = PRESENTATION_STYLE_ASSIGNMENT((#8214,#8220));
#8214 = SURFACE_STYLE_USAGE(.BOTH.,#8215);
#8215 = SURFACE_SIDE_STYLE('',(#8216));
#8216 = SURFACE_STYLE_FILL_AREA(#8217);
#8217 = FILL_AREA_STYLE('',(#8218));
#8218 = FILL_AREA_STYLE_COLOUR('',#8219);
#8219 = DRAUGHTING_PRE_DEFINED_COLOUR('white');
#8220 = CURVE_STYLE('',#8221,POSITIVE_LENGTH_MEASURE(0.1),#8222);
#8221 = DRAUGHTING_PRE_DEFINED_CURVE_FONT('continuous');
#8222 = COLOUR_RGB('',9.803921802644E-02,9.803921802644E-02,
  9.803921802644E-02);
#8223 = MECHANICAL_DESIGN_GEOMETRIC_PRESENTATION_REPRESENTATION('',(
    #8224),#7524);
#8224 = STYLED_ITEM('color',(#8225),#7374);
#8225 = PRESENTATION_STYLE_ASSIGNMENT((#8226,#8231));
#8226 = SURFACE_STYLE_USAGE(.BOTH.,#8227);
#8227 = SURFACE_SIDE_STYLE('',(#8228));
#8228 = SURFACE_STYLE_FILL_AREA(#8229);
#8229 = FILL_AREA_STYLE('',(#8230));
#8230 = FILL_AREA_STYLE_COLOUR('',#8219);
#8231 = CURVE_STYLE('',#8232,POSITIVE_LENGTH_MEASURE(0.1),#8222);
#8232 = DRAUGHTING_PRE_DEFINED_CURVE_FONT('continuous');
#8233 = MECHANICAL_DESIGN_GEOMETRIC_PRESENTATION_REPRESENTATION('',(
    #8234),#8031);
#8234 = STYLED_ITEM('color',(#8235),#7881);
#8235 = PRESENTATION_STYLE_ASSIGNMENT((#8236,#8241));
#8236 = SURFACE_STYLE_USAGE(.BOTH.,#8237);
#8237 = SURFACE_SIDE_STYLE('',(#8238));
#8238 = SURFACE_STYLE_FILL_AREA(#8239);
#8239 = FILL_AREA_STYLE('',(#8240));
#8240 = FILL_AREA_STYLE_COLOUR('',#8219);
#8241 = CURVE_STYLE('',#8242,POSITIVE_LENGTH_MEASURE(0.1),#8222);
#8242 = DRAUGHTING_PRE_DEFINED_CURVE_FONT('continuous');
#8243 = MECHANICAL_DESIGN_GEOMETRIC_PRESENTATION_REPRESENTATION('',(
    #8244),#2474);
#8244 = STYLED_ITEM('color',(#8245),#2162);
#8245 = PRESENTATION_STYLE_ASSIGNMENT((#8246,#8252));
#8246 = SURFACE_STYLE_USAGE(.BOTH.,#8247);
#8247 = SURFACE_SIDE_STYLE('',(#8248));
#8248 = SURFACE_STYLE_FILL_AREA(#8249);
#8249 = FILL_AREA_STYLE('',(#8250));
#8250 = FILL_AREA_STYLE_COLOUR('',#8251);
#8251 = COLOUR_RGB('',0.25098037884,0.25098037884,0.25098037884);
#8252 = CURVE_STYLE('',#8253,POSITIVE_LENGTH_MEASURE(0.1),#8222);
#8253 = DRAUGHTING_PRE_DEFINED_CURVE_FONT('continuous');
#8254 = MECHANICAL_DESIGN_GEOMETRIC_PRESENTATION_REPRESENTATION('',(
    #8255),#7862);
#8255 = STYLED_ITEM('color',(#8256),#7712);
#8256 = PRESENTATION_STYLE_ASSIGNMENT((#8257,#8262));
#8257 = SURFACE_STYLE_USAGE(.BOTH.,#8258);
#8258 = SURFACE_SIDE_STYLE('',(#8259));
#8259 = SURFACE_STYLE_FILL_AREA(#8260);
#8260 = FILL_AREA_STYLE('',(#8261));
#8261 = FILL_AREA_STYLE_COLOUR('',#8219);
#8262 = CURVE_STYLE('',#8263,POSITIVE_LENGTH_MEASURE(0.1),#8222);
#8263 = DRAUGHTING_PRE_DEFINED_CURVE_FONT('continuous');
#8264 = MECHANICAL_DESIGN_GEOMETRIC_PRESENTATION_REPRESENTATION('',(
    #8265),#7355);
#8265 = STYLED_ITEM('color',(#8266),#7205);
#8266 = PRESENTATION_STYLE_ASSIGNMENT((#8267,#8272));
#8267 = SURFACE_STYLE_USAGE(.BOTH.,#8268);
#8268 = SURFACE_SIDE_STYLE('',(#8269));
#8269 = SURFACE_STYLE_FILL_AREA(#8270);
#8270 = FILL_AREA_STYLE('',(#8271));
#8271 = FILL_AREA_STYLE_COLOUR('',#8219);
#8272 = CURVE_STYLE('',#8273,POSITIVE_LENGTH_MEASURE(0.1),#8222);
#8273 = DRAUGHTING_PRE_DEFINED_CURVE_FONT('continuous');
#8274 = MECHANICAL_DESIGN_GEOMETRIC_PRESENTATION_REPRESENTATION('',(
    #8275),#7693);
#8275 = STYLED_ITEM('color',(#8276),#7543);
#8276 = PRESENTATION_STYLE_ASSIGNMENT((#8277,#8282));
#8277 = SURFACE_STYLE_USAGE(.BOTH.,#8278);
#8278 = SURFACE_SIDE_STYLE('',(#8279));
#8279 = SURFACE_STYLE_FILL_AREA(#8280);
#8280 = FILL_AREA_STYLE('',(#8281));
#8281 = FILL_AREA_STYLE_COLOUR('',#8219);
#8282 = CURVE_STYLE('',#8283,POSITIVE_LENGTH_MEASURE(0.1),#8222);
#8283 = DRAUGHTING_PRE_DEFINED_CURVE_FONT('continuous');
#8284 = MECHANICAL_DESIGN_GEOMETRIC_PRESENTATION_REPRESENTATION('',(
    #8285),#1459);
#8285 = STYLED_ITEM('color',(#8286),#1309);
#8286 = PRESENTATION_STYLE_ASSIGNMENT((#8287,#8292));
#8287 = SURFACE_STYLE_USAGE(.BOTH.,#8288);
#8288 = SURFACE_SIDE_STYLE('',(#8289));
#8289 = SURFACE_STYLE_FILL_AREA(#8290);
#8290 = FILL_AREA_STYLE('',(#8291));
#8291 = FILL_AREA_STYLE_COLOUR('',#8219);
#8292 = CURVE_STYLE('',#8293,POSITIVE_LENGTH_MEASURE(0.1),#8222);
#8293 = DRAUGHTING_PRE_DEFINED_CURVE_FONT('continuous');
#8294 = MECHANICAL_DESIGN_GEOMETRIC_PRESENTATION_REPRESENTATION('',(
    #8295),#7186);
#8295 = STYLED_ITEM('color',(#8296),#7036);
#8296 = PRESENTATION_STYLE_ASSIGNMENT((#8297,#8302));
#8297 = SURFACE_STYLE_USAGE(.BOTH.,#8298);
#8298 = SURFACE_SIDE_STYLE('',(#8299));
#8299 = SURFACE_STYLE_FILL_AREA(#8300);
#8300 = FILL_AREA_STYLE('',(#8301));
#8301 = FILL_AREA_STYLE_COLOUR('',#8219);
#8302 = CURVE_STYLE('',#8303,POSITIVE_LENGTH_MEASURE(0.1),#8222);
#8303 = DRAUGHTING_PRE_DEFINED_CURVE_FONT('continuous');
#8304 = MECHANICAL_DESIGN_GEOMETRIC_PRESENTATION_REPRESENTATION('',(
    #8305),#1797);
#8305 = STYLED_ITEM('color',(#8306),#1647);
#8306 = PRESENTATION_STYLE_ASSIGNMENT((#8307,#8312));
#8307 = SURFACE_STYLE_USAGE(.BOTH.,#8308);
#8308 = SURFACE_SIDE_STYLE('',(#8309));
#8309 = SURFACE_STYLE_FILL_AREA(#8310);
#8310 = FILL_AREA_STYLE('',(#8311));
#8311 = FILL_AREA_STYLE_COLOUR('',#8219);
#8312 = CURVE_STYLE('',#8313,POSITIVE_LENGTH_MEASURE(0.1),#8222);
#8313 = DRAUGHTING_PRE_DEFINED_CURVE_FONT('continuous');
#8314 = MECHANICAL_DESIGN_GEOMETRIC_PRESENTATION_REPRESENTATION('',(
    #8315),#1290);
#8315 = STYLED_ITEM('color',(#8316),#1140);
#8316 = PRESENTATION_STYLE_ASSIGNMENT((#8317,#8322));
#8317 = SURFACE_STYLE_USAGE(.BOTH.,#8318);
#8318 = SURFACE_SIDE_STYLE('',(#8319));
#8319 = SURFACE_STYLE_FILL_AREA(#8320);
#8320 = FILL_AREA_STYLE('',(#8321));
#8321 = FILL_AREA_STYLE_COLOUR('',#8219);
#8322 = CURVE_STYLE('',#8323,POSITIVE_LENGTH_MEASURE(0.1),#8222);
#8323 = DRAUGHTING_PRE_DEFINED_CURVE_FONT('continuous');
#8324 = MECHANICAL_DESIGN_GEOMETRIC_PRESENTATION_REPRESENTATION('',(
    #8325,#8334,#8342,#8349,#8356,#8363,#8370,#8377,#8384,#8391,#8398,
    #8405,#8412,#8419,#8426,#8433,#8440,#8447,#8454,#8461,#8468,#8475,
    #8482,#8489,#8496,#8503,#8510,#8517,#8524,#8531,#8538,#8545,#8552,
    #8559,#8566,#8573,#8580,#8587,#8594,#8601,#8608,#8615,#8622,#8629,
    #8636,#8643,#8650,#8657,#8664,#8671,#8678,#8685,#8692,#8699,#8706,
    #8713,#8720,#8727,#8734,#8741,#8748,#8755,#8762,#8769,#8776,#8783,
    #8790,#8797,#8804,#8811),#7017);
#8325 = STYLED_ITEM('color',(#8326),#2493);
#8326 = PRESENTATION_STYLE_ASSIGNMENT((#8327,#8332));
#8327 = SURFACE_STYLE_USAGE(.BOTH.,#8328);
#8328 = SURFACE_SIDE_STYLE('',(#8329));
#8329 = SURFACE_STYLE_FILL_AREA(#8330);
#8330 = FILL_AREA_STYLE('',(#8331));
#8331 = FILL_AREA_STYLE_COLOUR('',#8251);
#8332 = CURVE_STYLE('',#8333,POSITIVE_LENGTH_MEASURE(0.1),#8222);
#8333 = DRAUGHTING_PRE_DEFINED_CURVE_FONT('continuous');
#8334 = OVER_RIDING_STYLED_ITEM('overriding color',(#8335),#4209,#8325);
#8335 = PRESENTATION_STYLE_ASSIGNMENT((#8336));
#8336 = SURFACE_STYLE_USAGE(.BOTH.,#8337);
#8337 = SURFACE_SIDE_STYLE('',(#8338));
#8338 = SURFACE_STYLE_FILL_AREA(#8339);
#8339 = FILL_AREA_STYLE('',(#8340));
#8340 = FILL_AREA_STYLE_COLOUR('',#8341);
#8341 = COLOUR_RGB('',0.792156867455,0.819607860991,0.933333342953);
#8342 = OVER_RIDING_STYLED_ITEM('overriding color',(#8343),#4240,#8325);
#8343 = PRESENTATION_STYLE_ASSIGNMENT((#8344));
#8344 = SURFACE_STYLE_USAGE(.BOTH.,#8345);
#8345 = SURFACE_SIDE_STYLE('',(#8346));
#8346 = SURFACE_STYLE_FILL_AREA(#8347);
#8347 = FILL_AREA_STYLE('',(#8348));
#8348 = FILL_AREA_STYLE_COLOUR('',#8341);
#8349 = OVER_RIDING_STYLED_ITEM('overriding color',(#8350),#4264,#8325);
#8350 = PRESENTATION_STYLE_ASSIGNMENT((#8351));
#8351 = SURFACE_STYLE_USAGE(.BOTH.,#8352);
#8352 = SURFACE_SIDE_STYLE('',(#8353));
#8353 = SURFACE_STYLE_FILL_AREA(#8354);
#8354 = FILL_AREA_STYLE('',(#8355));
#8355 = FILL_AREA_STYLE_COLOUR('',#8341);
#8356 = OVER_RIDING_STYLED_ITEM('overriding color',(#8357),#4288,#8325);
#8357 = PRESENTATION_STYLE_ASSIGNMENT((#8358));
#8358 = SURFACE_STYLE_USAGE(.BOTH.,#8359);
#8359 = SURFACE_SIDE_STYLE('',(#8360));
#8360 = SURFACE_STYLE_FILL_AREA(#8361);
#8361 = FILL_AREA_STYLE('',(#8362));
#8362 = FILL_AREA_STYLE_COLOUR('',#8341);
#8363 = OVER_RIDING_STYLED_ITEM('overriding color',(#8364),#4312,#8325);
#8364 = PRESENTATION_STYLE_ASSIGNMENT((#8365));
#8365 = SURFACE_STYLE_USAGE(.BOTH.,#8366);
#8366 = SURFACE_SIDE_STYLE('',(#8367));
#8367 = SURFACE_STYLE_FILL_AREA(#8368);
#8368 = FILL_AREA_STYLE('',(#8369));
#8369 = FILL_AREA_STYLE_COLOUR('',#8341);
#8370 = OVER_RIDING_STYLED_ITEM('overriding color',(#8371),#4336,#8325);
#8371 = PRESENTATION_STYLE_ASSIGNMENT((#8372));
#8372 = SURFACE_STYLE_USAGE(.BOTH.,#8373);
#8373 = SURFACE_SIDE_STYLE('',(#8374));
#8374 = SURFACE_STYLE_FILL_AREA(#8375);
#8375 = FILL_AREA_STYLE('',(#8376));
#8376 = FILL_AREA_STYLE_COLOUR('',#8341);
#8377 = OVER_RIDING_STYLED_ITEM('overriding color',(#8378),#4353,#8325);
#8378 = PRESENTATION_STYLE_ASSIGNMENT((#8379));
#8379 = SURFACE_STYLE_USAGE(.BOTH.,#8380);
#8380 = SURFACE_SIDE_STYLE('',(#8381));
#8381 = SURFACE_STYLE_FILL_AREA(#8382);
#8382 = FILL_AREA_STYLE('',(#8383));
#8383 = FILL_AREA_STYLE_COLOUR('',#8341);
#8384 = OVER_RIDING_STYLED_ITEM('overriding color',(#8385),#4367,#8325);
#8385 = PRESENTATION_STYLE_ASSIGNMENT((#8386));
#8386 = SURFACE_STYLE_USAGE(.BOTH.,#8387);
#8387 = SURFACE_SIDE_STYLE('',(#8388));
#8388 = SURFACE_STYLE_FILL_AREA(#8389);
#8389 = FILL_AREA_STYLE('',(#8390));
#8390 = FILL_AREA_STYLE_COLOUR('',#8341);
#8391 = OVER_RIDING_STYLED_ITEM('overriding color',(#8392),#4398,#8325);
#8392 = PRESENTATION_STYLE_ASSIGNMENT((#8393));
#8393 = SURFACE_STYLE_USAGE(.BOTH.,#8394);
#8394 = SURFACE_SIDE_STYLE('',(#8395));
#8395 = SURFACE_STYLE_FILL_AREA(#8396);
#8396 = FILL_AREA_STYLE('',(#8397));
#8397 = FILL_AREA_STYLE_COLOUR('',#8341);
#8398 = OVER_RIDING_STYLED_ITEM('overriding color',(#8399),#4448,#8325);
#8399 = PRESENTATION_STYLE_ASSIGNMENT((#8400));
#8400 = SURFACE_STYLE_USAGE(.BOTH.,#8401);
#8401 = SURFACE_SIDE_STYLE('',(#8402));
#8402 = SURFACE_STYLE_FILL_AREA(#8403);
#8403 = FILL_AREA_STYLE('',(#8404));
#8404 = FILL_AREA_STYLE_COLOUR('',#8341);
#8405 = OVER_RIDING_STYLED_ITEM('overriding color',(#8406),#4522,#8325);
#8406 = PRESENTATION_STYLE_ASSIGNMENT((#8407));
#8407 = SURFACE_STYLE_USAGE(.BOTH.,#8408);
#8408 = SURFACE_SIDE_STYLE('',(#8409));
#8409 = SURFACE_STYLE_FILL_AREA(#8410);
#8410 = FILL_AREA_STYLE('',(#8411));
#8411 = FILL_AREA_STYLE_COLOUR('',#8341);
#8412 = OVER_RIDING_STYLED_ITEM('overriding color',(#8413),#4596,#8325);
#8413 = PRESENTATION_STYLE_ASSIGNMENT((#8414));
#8414 = SURFACE_STYLE_USAGE(.BOTH.,#8415);
#8415 = SURFACE_SIDE_STYLE('',(#8416));
#8416 = SURFACE_STYLE_FILL_AREA(#8417);
#8417 = FILL_AREA_STYLE('',(#8418));
#8418 = FILL_AREA_STYLE_COLOUR('',#8341);
#8419 = OVER_RIDING_STYLED_ITEM('overriding color',(#8420),#4646,#8325);
#8420 = PRESENTATION_STYLE_ASSIGNMENT((#8421));
#8421 = SURFACE_STYLE_USAGE(.BOTH.,#8422);
#8422 = SURFACE_SIDE_STYLE('',(#8423));
#8423 = SURFACE_STYLE_FILL_AREA(#8424);
#8424 = FILL_AREA_STYLE('',(#8425));
#8425 = FILL_AREA_STYLE_COLOUR('',#8341);
#8426 = OVER_RIDING_STYLED_ITEM('overriding color',(#8427),#4670,#8325);
#8427 = PRESENTATION_STYLE_ASSIGNMENT((#8428));
#8428 = SURFACE_STYLE_USAGE(.BOTH.,#8429);
#8429 = SURFACE_SIDE_STYLE('',(#8430));
#8430 = SURFACE_STYLE_FILL_AREA(#8431);
#8431 = FILL_AREA_STYLE('',(#8432));
#8432 = FILL_AREA_STYLE_COLOUR('',#8341);
#8433 = OVER_RIDING_STYLED_ITEM('overriding color',(#8434),#4720,#8325);
#8434 = PRESENTATION_STYLE_ASSIGNMENT((#8435));
#8435 = SURFACE_STYLE_USAGE(.BOTH.,#8436);
#8436 = SURFACE_SIDE_STYLE('',(#8437));
#8437 = SURFACE_STYLE_FILL_AREA(#8438);
#8438 = FILL_AREA_STYLE('',(#8439));
#8439 = FILL_AREA_STYLE_COLOUR('',#8341);
#8440 = OVER_RIDING_STYLED_ITEM('overriding color',(#8441),#4794,#8325);
#8441 = PRESENTATION_STYLE_ASSIGNMENT((#8442));
#8442 = SURFACE_STYLE_USAGE(.BOTH.,#8443);
#8443 = SURFACE_SIDE_STYLE('',(#8444));
#8444 = SURFACE_STYLE_FILL_AREA(#8445);
#8445 = FILL_AREA_STYLE('',(#8446));
#8446 = FILL_AREA_STYLE_COLOUR('',#8341);
#8447 = OVER_RIDING_STYLED_ITEM('overriding color',(#8448),#4868,#8325);
#8448 = PRESENTATION_STYLE_ASSIGNMENT((#8449));
#8449 = SURFACE_STYLE_USAGE(.BOTH.,#8450);
#8450 = SURFACE_SIDE_STYLE('',(#8451));
#8451 = SURFACE_STYLE_FILL_AREA(#8452);
#8452 = FILL_AREA_STYLE('',(#8453));
#8453 = FILL_AREA_STYLE_COLOUR('',#8341);
#8454 = OVER_RIDING_STYLED_ITEM('overriding color',(#8455),#4911,#8325);
#8455 = PRESENTATION_STYLE_ASSIGNMENT((#8456));
#8456 = SURFACE_STYLE_USAGE(.BOTH.,#8457);
#8457 = SURFACE_SIDE_STYLE('',(#8458));
#8458 = SURFACE_STYLE_FILL_AREA(#8459);
#8459 = FILL_AREA_STYLE('',(#8460));
#8460 = FILL_AREA_STYLE_COLOUR('',#8341);
#8461 = OVER_RIDING_STYLED_ITEM('overriding color',(#8462),#4929,#8325);
#8462 = PRESENTATION_STYLE_ASSIGNMENT((#8463));
#8463 = SURFACE_STYLE_USAGE(.BOTH.,#8464);
#8464 = SURFACE_SIDE_STYLE('',(#8465));
#8465 = SURFACE_STYLE_FILL_AREA(#8466);
#8466 = FILL_AREA_STYLE('',(#8467));
#8467 = FILL_AREA_STYLE_COLOUR('',#8341);
#8468 = OVER_RIDING_STYLED_ITEM('overriding color',(#8469),#4960,#8325);
#8469 = PRESENTATION_STYLE_ASSIGNMENT((#8470));
#8470 = SURFACE_STYLE_USAGE(.BOTH.,#8471);
#8471 = SURFACE_SIDE_STYLE('',(#8472));
#8472 = SURFACE_STYLE_FILL_AREA(#8473);
#8473 = FILL_AREA_STYLE('',(#8474));
#8474 = FILL_AREA_STYLE_COLOUR('',#8341);
#8475 = OVER_RIDING_STYLED_ITEM('overriding color',(#8476),#4984,#8325);
#8476 = PRESENTATION_STYLE_ASSIGNMENT((#8477));
#8477 = SURFACE_STYLE_USAGE(.BOTH.,#8478);
#8478 = SURFACE_SIDE_STYLE('',(#8479));
#8479 = SURFACE_STYLE_FILL_AREA(#8480);
#8480 = FILL_AREA_STYLE('',(#8481));
#8481 = FILL_AREA_STYLE_COLOUR('',#8341);
#8482 = OVER_RIDING_STYLED_ITEM('overriding color',(#8483),#5008,#8325);
#8483 = PRESENTATION_STYLE_ASSIGNMENT((#8484));
#8484 = SURFACE_STYLE_USAGE(.BOTH.,#8485);
#8485 = SURFACE_SIDE_STYLE('',(#8486));
#8486 = SURFACE_STYLE_FILL_AREA(#8487);
#8487 = FILL_AREA_STYLE('',(#8488));
#8488 = FILL_AREA_STYLE_COLOUR('',#8341);
#8489 = OVER_RIDING_STYLED_ITEM('overriding color',(#8490),#5032,#8325);
#8490 = PRESENTATION_STYLE_ASSIGNMENT((#8491));
#8491 = SURFACE_STYLE_USAGE(.BOTH.,#8492);
#8492 = SURFACE_SIDE_STYLE('',(#8493));
#8493 = SURFACE_STYLE_FILL_AREA(#8494);
#8494 = FILL_AREA_STYLE('',(#8495));
#8495 = FILL_AREA_STYLE_COLOUR('',#8341);
#8496 = OVER_RIDING_STYLED_ITEM('overriding color',(#8497),#5056,#8325);
#8497 = PRESENTATION_STYLE_ASSIGNMENT((#8498));
#8498 = SURFACE_STYLE_USAGE(.BOTH.,#8499);
#8499 = SURFACE_SIDE_STYLE('',(#8500));
#8500 = SURFACE_STYLE_FILL_AREA(#8501);
#8501 = FILL_AREA_STYLE('',(#8502));
#8502 = FILL_AREA_STYLE_COLOUR('',#8341);
#8503 = OVER_RIDING_STYLED_ITEM('overriding color',(#8504),#5080,#8325);
#8504 = PRESENTATION_STYLE_ASSIGNMENT((#8505));
#8505 = SURFACE_STYLE_USAGE(.BOTH.,#8506);
#8506 = SURFACE_SIDE_STYLE('',(#8507));
#8507 = SURFACE_STYLE_FILL_AREA(#8508);
#8508 = FILL_AREA_STYLE('',(#8509));
#8509 = FILL_AREA_STYLE_COLOUR('',#8341);
#8510 = OVER_RIDING_STYLED_ITEM('overriding color',(#8511),#5104,#8325);
#8511 = PRESENTATION_STYLE_ASSIGNMENT((#8512));
#8512 = SURFACE_STYLE_USAGE(.BOTH.,#8513);
#8513 = SURFACE_SIDE_STYLE('',(#8514));
#8514 = SURFACE_STYLE_FILL_AREA(#8515);
#8515 = FILL_AREA_STYLE('',(#8516));
#8516 = FILL_AREA_STYLE_COLOUR('',#8341);
#8517 = OVER_RIDING_STYLED_ITEM('overriding color',(#8518),#5128,#8325);
#8518 = PRESENTATION_STYLE_ASSIGNMENT((#8519));
#8519 = SURFACE_STYLE_USAGE(.BOTH.,#8520);
#8520 = SURFACE_SIDE_STYLE('',(#8521));
#8521 = SURFACE_STYLE_FILL_AREA(#8522);
#8522 = FILL_AREA_STYLE('',(#8523));
#8523 = FILL_AREA_STYLE_COLOUR('',#8341);
#8524 = OVER_RIDING_STYLED_ITEM('overriding color',(#8525),#5152,#8325);
#8525 = PRESENTATION_STYLE_ASSIGNMENT((#8526));
#8526 = SURFACE_STYLE_USAGE(.BOTH.,#8527);
#8527 = SURFACE_SIDE_STYLE('',(#8528));
#8528 = SURFACE_STYLE_FILL_AREA(#8529);
#8529 = FILL_AREA_STYLE('',(#8530));
#8530 = FILL_AREA_STYLE_COLOUR('',#8341);
#8531 = OVER_RIDING_STYLED_ITEM('overriding color',(#8532),#5176,#8325);
#8532 = PRESENTATION_STYLE_ASSIGNMENT((#8533));
#8533 = SURFACE_STYLE_USAGE(.BOTH.,#8534);
#8534 = SURFACE_SIDE_STYLE('',(#8535));
#8535 = SURFACE_STYLE_FILL_AREA(#8536);
#8536 = FILL_AREA_STYLE('',(#8537));
#8537 = FILL_AREA_STYLE_COLOUR('',#8341);
#8538 = OVER_RIDING_STYLED_ITEM('overriding color',(#8539),#5200,#8325);
#8539 = PRESENTATION_STYLE_ASSIGNMENT((#8540));
#8540 = SURFACE_STYLE_USAGE(.BOTH.,#8541);
#8541 = SURFACE_SIDE_STYLE('',(#8542));
#8542 = SURFACE_STYLE_FILL_AREA(#8543);
#8543 = FILL_AREA_STYLE('',(#8544));
#8544 = FILL_AREA_STYLE_COLOUR('',#8341);
#8545 = OVER_RIDING_STYLED_ITEM('overriding color',(#8546),#5217,#8325);
#8546 = PRESENTATION_STYLE_ASSIGNMENT((#8547));
#8547 = SURFACE_STYLE_USAGE(.BOTH.,#8548);
#8548 = SURFACE_SIDE_STYLE('',(#8549));
#8549 = SURFACE_STYLE_FILL_AREA(#8550);
#8550 = FILL_AREA_STYLE('',(#8551));
#8551 = FILL_AREA_STYLE_COLOUR('',#8341);
#8552 = OVER_RIDING_STYLED_ITEM('overriding color',(#8553),#5237,#8325);
#8553 = PRESENTATION_STYLE_ASSIGNMENT((#8554));
#8554 = SURFACE_STYLE_USAGE(.BOTH.,#8555);
#8555 = SURFACE_SIDE_STYLE('',(#8556));
#8556 = SURFACE_STYLE_FILL_AREA(#8557);
#8557 = FILL_AREA_STYLE('',(#8558));
#8558 = FILL_AREA_STYLE_COLOUR('',#8341);
#8559 = OVER_RIDING_STYLED_ITEM('overriding color',(#8560),#5268,#8325);
#8560 = PRESENTATION_STYLE_ASSIGNMENT((#8561));
#8561 = SURFACE_STYLE_USAGE(.BOTH.,#8562);
#8562 = SURFACE_SIDE_STYLE('',(#8563));
#8563 = SURFACE_STYLE_FILL_AREA(#8564);
#8564 = FILL_AREA_STYLE('',(#8565));
#8565 = FILL_AREA_STYLE_COLOUR('',#8341);
#8566 = OVER_RIDING_STYLED_ITEM('overriding color',(#8567),#5292,#8325);
#8567 = PRESENTATION_STYLE_ASSIGNMENT((#8568));
#8568 = SURFACE_STYLE_USAGE(.BOTH.,#8569);
#8569 = SURFACE_SIDE_STYLE('',(#8570));
#8570 = SURFACE_STYLE_FILL_AREA(#8571);
#8571 = FILL_AREA_STYLE('',(#8572));
#8572 = FILL_AREA_STYLE_COLOUR('',#8341);
#8573 = OVER_RIDING_STYLED_ITEM('overriding color',(#8574),#5316,#8325);
#8574 = PRESENTATION_STYLE_ASSIGNMENT((#8575));
#8575 = SURFACE_STYLE_USAGE(.BOTH.,#8576);
#8576 = SURFACE_SIDE_STYLE('',(#8577));
#8577 = SURFACE_STYLE_FILL_AREA(#8578);
#8578 = FILL_AREA_STYLE('',(#8579));
#8579 = FILL_AREA_STYLE_COLOUR('',#8341);
#8580 = OVER_RIDING_STYLED_ITEM('overriding color',(#8581),#5390,#8325);
#8581 = PRESENTATION_STYLE_ASSIGNMENT((#8582));
#8582 = SURFACE_STYLE_USAGE(.BOTH.,#8583);
#8583 = SURFACE_SIDE_STYLE('',(#8584));
#8584 = SURFACE_STYLE_FILL_AREA(#8585);
#8585 = FILL_AREA_STYLE('',(#8586));
#8586 = FILL_AREA_STYLE_COLOUR('',#8341);
#8587 = OVER_RIDING_STYLED_ITEM('overriding color',(#8588),#5457,#8325);
#8588 = PRESENTATION_STYLE_ASSIGNMENT((#8589));
#8589 = SURFACE_STYLE_USAGE(.BOTH.,#8590);
#8590 = SURFACE_SIDE_STYLE('',(#8591));
#8591 = SURFACE_STYLE_FILL_AREA(#8592);
#8592 = FILL_AREA_STYLE('',(#8593));
#8593 = FILL_AREA_STYLE_COLOUR('',#8341);
#8594 = OVER_RIDING_STYLED_ITEM('overriding color',(#8595),#5544,#8325);
#8595 = PRESENTATION_STYLE_ASSIGNMENT((#8596));
#8596 = SURFACE_STYLE_USAGE(.BOTH.,#8597);
#8597 = SURFACE_SIDE_STYLE('',(#8598));
#8598 = SURFACE_STYLE_FILL_AREA(#8599);
#8599 = FILL_AREA_STYLE('',(#8600));
#8600 = FILL_AREA_STYLE_COLOUR('',#8341);
#8601 = OVER_RIDING_STYLED_ITEM('overriding color',(#8602),#5575,#8325);
#8602 = PRESENTATION_STYLE_ASSIGNMENT((#8603));
#8603 = SURFACE_STYLE_USAGE(.BOTH.,#8604);
#8604 = SURFACE_SIDE_STYLE('',(#8605));
#8605 = SURFACE_STYLE_FILL_AREA(#8606);
#8606 = FILL_AREA_STYLE('',(#8607));
#8607 = FILL_AREA_STYLE_COLOUR('',#8341);
#8608 = OVER_RIDING_STYLED_ITEM('overriding color',(#8609),#5649,#8325);
#8609 = PRESENTATION_STYLE_ASSIGNMENT((#8610));
#8610 = SURFACE_STYLE_USAGE(.BOTH.,#8611);
#8611 = SURFACE_SIDE_STYLE('',(#8612));
#8612 = SURFACE_STYLE_FILL_AREA(#8613);
#8613 = FILL_AREA_STYLE('',(#8614));
#8614 = FILL_AREA_STYLE_COLOUR('',#8341);
#8615 = OVER_RIDING_STYLED_ITEM('overriding color',(#8616),#5723,#8325);
#8616 = PRESENTATION_STYLE_ASSIGNMENT((#8617));
#8617 = SURFACE_STYLE_USAGE(.BOTH.,#8618);
#8618 = SURFACE_SIDE_STYLE('',(#8619));
#8619 = SURFACE_STYLE_FILL_AREA(#8620);
#8620 = FILL_AREA_STYLE('',(#8621));
#8621 = FILL_AREA_STYLE_COLOUR('',#8341);
#8622 = OVER_RIDING_STYLED_ITEM('overriding color',(#8623),#5747,#8325);
#8623 = PRESENTATION_STYLE_ASSIGNMENT((#8624));
#8624 = SURFACE_STYLE_USAGE(.BOTH.,#8625);
#8625 = SURFACE_SIDE_STYLE('',(#8626));
#8626 = SURFACE_STYLE_FILL_AREA(#8627);
#8627 = FILL_AREA_STYLE('',(#8628));
#8628 = FILL_AREA_STYLE_COLOUR('',#8341);
#8629 = OVER_RIDING_STYLED_ITEM('overriding color',(#8630),#5777,#8325);
#8630 = PRESENTATION_STYLE_ASSIGNMENT((#8631));
#8631 = SURFACE_STYLE_USAGE(.BOTH.,#8632);
#8632 = SURFACE_SIDE_STYLE('',(#8633));
#8633 = SURFACE_STYLE_FILL_AREA(#8634);
#8634 = FILL_AREA_STYLE('',(#8635));
#8635 = FILL_AREA_STYLE_COLOUR('',#8341);
#8636 = OVER_RIDING_STYLED_ITEM('overriding color',(#8637),#5808,#8325);
#8637 = PRESENTATION_STYLE_ASSIGNMENT((#8638));
#8638 = SURFACE_STYLE_USAGE(.BOTH.,#8639);
#8639 = SURFACE_SIDE_STYLE('',(#8640));
#8640 = SURFACE_STYLE_FILL_AREA(#8641);
#8641 = FILL_AREA_STYLE('',(#8642));
#8642 = FILL_AREA_STYLE_COLOUR('',#8341);
#8643 = OVER_RIDING_STYLED_ITEM('overriding color',(#8644),#5832,#8325);
#8644 = PRESENTATION_STYLE_ASSIGNMENT((#8645));
#8645 = SURFACE_STYLE_USAGE(.BOTH.,#8646);
#8646 = SURFACE_SIDE_STYLE('',(#8647));
#8647 = SURFACE_STYLE_FILL_AREA(#8648);
#8648 = FILL_AREA_STYLE('',(#8649));
#8649 = FILL_AREA_STYLE_COLOUR('',#8341);
#8650 = OVER_RIDING_STYLED_ITEM('overriding color',(#8651),#5856,#8325);
#8651 = PRESENTATION_STYLE_ASSIGNMENT((#8652));
#8652 = SURFACE_STYLE_USAGE(.BOTH.,#8653);
#8653 = SURFACE_SIDE_STYLE('',(#8654));
#8654 = SURFACE_STYLE_FILL_AREA(#8655);
#8655 = FILL_AREA_STYLE('',(#8656));
#8656 = FILL_AREA_STYLE_COLOUR('',#8341);
#8657 = OVER_RIDING_STYLED_ITEM('overriding color',(#8658),#5880,#8325);
#8658 = PRESENTATION_STYLE_ASSIGNMENT((#8659));
#8659 = SURFACE_STYLE_USAGE(.BOTH.,#8660);
#8660 = SURFACE_SIDE_STYLE('',(#8661));
#8661 = SURFACE_STYLE_FILL_AREA(#8662);
#8662 = FILL_AREA_STYLE('',(#8663));
#8663 = FILL_AREA_STYLE_COLOUR('',#8341);
#8664 = OVER_RIDING_STYLED_ITEM('overriding color',(#8665),#5904,#8325);
#8665 = PRESENTATION_STYLE_ASSIGNMENT((#8666));
#8666 = SURFACE_STYLE_USAGE(.BOTH.,#8667);
#8667 = SURFACE_SIDE_STYLE('',(#8668));
#8668 = SURFACE_STYLE_FILL_AREA(#8669);
#8669 = FILL_AREA_STYLE('',(#8670));
#8670 = FILL_AREA_STYLE_COLOUR('',#8341);
#8671 = OVER_RIDING_STYLED_ITEM('overriding color',(#8672),#5928,#8325);
#8672 = PRESENTATION_STYLE_ASSIGNMENT((#8673));
#8673 = SURFACE_STYLE_USAGE(.BOTH.,#8674);
#8674 = SURFACE_SIDE_STYLE('',(#8675));
#8675 = SURFACE_STYLE_FILL_AREA(#8676);
#8676 = FILL_AREA_STYLE('',(#8677));
#8677 = FILL_AREA_STYLE_COLOUR('',#8341);
#8678 = OVER_RIDING_STYLED_ITEM('overriding color',(#8679),#5952,#8325);
#8679 = PRESENTATION_STYLE_ASSIGNMENT((#8680));
#8680 = SURFACE_STYLE_USAGE(.BOTH.,#8681);
#8681 = SURFACE_SIDE_STYLE('',(#8682));
#8682 = SURFACE_STYLE_FILL_AREA(#8683);
#8683 = FILL_AREA_STYLE('',(#8684));
#8684 = FILL_AREA_STYLE_COLOUR('',#8341);
#8685 = OVER_RIDING_STYLED_ITEM('overriding color',(#8686),#5969,#8325);
#8686 = PRESENTATION_STYLE_ASSIGNMENT((#8687));
#8687 = SURFACE_STYLE_USAGE(.BOTH.,#8688);
#8688 = SURFACE_SIDE_STYLE('',(#8689));
#8689 = SURFACE_STYLE_FILL_AREA(#8690);
#8690 = FILL_AREA_STYLE('',(#8691));
#8691 = FILL_AREA_STYLE_COLOUR('',#8341);
#8692 = OVER_RIDING_STYLED_ITEM('overriding color',(#8693),#6043,#8325);
#8693 = PRESENTATION_STYLE_ASSIGNMENT((#8694));
#8694 = SURFACE_STYLE_USAGE(.BOTH.,#8695);
#8695 = SURFACE_SIDE_STYLE('',(#8696));
#8696 = SURFACE_STYLE_FILL_AREA(#8697);
#8697 = FILL_AREA_STYLE('',(#8698));
#8698 = FILL_AREA_STYLE_COLOUR('',#8341);
#8699 = OVER_RIDING_STYLED_ITEM('overriding color',(#8700),#6074,#8325);
#8700 = PRESENTATION_STYLE_ASSIGNMENT((#8701));
#8701 = SURFACE_STYLE_USAGE(.BOTH.,#8702);
#8702 = SURFACE_SIDE_STYLE('',(#8703));
#8703 = SURFACE_STYLE_FILL_AREA(#8704);
#8704 = FILL_AREA_STYLE('',(#8705));
#8705 = FILL_AREA_STYLE_COLOUR('',#8341);
#8706 = OVER_RIDING_STYLED_ITEM('overriding color',(#8707),#6098,#8325);
#8707 = PRESENTATION_STYLE_ASSIGNMENT((#8708));
#8708 = SURFACE_STYLE_USAGE(.BOTH.,#8709);
#8709 = SURFACE_SIDE_STYLE('',(#8710));
#8710 = SURFACE_STYLE_FILL_AREA(#8711);
#8711 = FILL_AREA_STYLE('',(#8712));
#8712 = FILL_AREA_STYLE_COLOUR('',#8341);
#8713 = OVER_RIDING_STYLED_ITEM('overriding color',(#8714),#6136,#8325);
#8714 = PRESENTATION_STYLE_ASSIGNMENT((#8715));
#8715 = SURFACE_STYLE_USAGE(.BOTH.,#8716);
#8716 = SURFACE_SIDE_STYLE('',(#8717));
#8717 = SURFACE_STYLE_FILL_AREA(#8718);
#8718 = FILL_AREA_STYLE('',(#8719));
#8719 = FILL_AREA_STYLE_COLOUR('',#8341);
#8720 = OVER_RIDING_STYLED_ITEM('overriding color',(#8721),#6160,#8325);
#8721 = PRESENTATION_STYLE_ASSIGNMENT((#8722));
#8722 = SURFACE_STYLE_USAGE(.BOTH.,#8723);
#8723 = SURFACE_SIDE_STYLE('',(#8724));
#8724 = SURFACE_STYLE_FILL_AREA(#8725);
#8725 = FILL_AREA_STYLE('',(#8726));
#8726 = FILL_AREA_STYLE_COLOUR('',#8341);
#8727 = OVER_RIDING_STYLED_ITEM('overriding color',(#8728),#6198,#8325);
#8728 = PRESENTATION_STYLE_ASSIGNMENT((#8729));
#8729 = SURFACE_STYLE_USAGE(.BOTH.,#8730);
#8730 = SURFACE_SIDE_STYLE('',(#8731));
#8731 = SURFACE_STYLE_FILL_AREA(#8732);
#8732 = FILL_AREA_STYLE('',(#8733));
#8733 = FILL_AREA_STYLE_COLOUR('',#8341);
#8734 = OVER_RIDING_STYLED_ITEM('overriding color',(#8735),#6786,#8325);
#8735 = PRESENTATION_STYLE_ASSIGNMENT((#8736));
#8736 = SURFACE_STYLE_USAGE(.BOTH.,#8737);
#8737 = SURFACE_SIDE_STYLE('',(#8738));
#8738 = SURFACE_STYLE_FILL_AREA(#8739);
#8739 = FILL_AREA_STYLE('',(#8740));
#8740 = FILL_AREA_STYLE_COLOUR('',#8341);
#8741 = OVER_RIDING_STYLED_ITEM('overriding color',(#8742),#6810,#8325);
#8742 = PRESENTATION_STYLE_ASSIGNMENT((#8743));
#8743 = SURFACE_STYLE_USAGE(.BOTH.,#8744);
#8744 = SURFACE_SIDE_STYLE('',(#8745));
#8745 = SURFACE_STYLE_FILL_AREA(#8746);
#8746 = FILL_AREA_STYLE('',(#8747));
#8747 = FILL_AREA_STYLE_COLOUR('',#8341);
#8748 = OVER_RIDING_STYLED_ITEM('overriding color',(#8749),#6834,#8325);
#8749 = PRESENTATION_STYLE_ASSIGNMENT((#8750));
#8750 = SURFACE_STYLE_USAGE(.BOTH.,#8751);
#8751 = SURFACE_SIDE_STYLE('',(#8752));
#8752 = SURFACE_STYLE_FILL_AREA(#8753);
#8753 = FILL_AREA_STYLE('',(#8754));
#8754 = FILL_AREA_STYLE_COLOUR('',#8341);
#8755 = OVER_RIDING_STYLED_ITEM('overriding color',(#8756),#6851,#8325);
#8756 = PRESENTATION_STYLE_ASSIGNMENT((#8757));
#8757 = SURFACE_STYLE_USAGE(.BOTH.,#8758);
#8758 = SURFACE_SIDE_STYLE('',(#8759));
#8759 = SURFACE_STYLE_FILL_AREA(#8760);
#8760 = FILL_AREA_STYLE('',(#8761));
#8761 = FILL_AREA_STYLE_COLOUR('',#8341);
#8762 = OVER_RIDING_STYLED_ITEM('overriding color',(#8763),#6863,#8325);
#8763 = PRESENTATION_STYLE_ASSIGNMENT((#8764));
#8764 = SURFACE_STYLE_USAGE(.BOTH.,#8765);
#8765 = SURFACE_SIDE_STYLE('',(#8766));
#8766 = SURFACE_STYLE_FILL_AREA(#8767);
#8767 = FILL_AREA_STYLE('',(#8768));
#8768 = FILL_AREA_STYLE_COLOUR('',#8341);
#8769 = OVER_RIDING_STYLED_ITEM('overriding color',(#8770),#6887,#8325);
#8770 = PRESENTATION_STYLE_ASSIGNMENT((#8771));
#8771 = SURFACE_STYLE_USAGE(.BOTH.,#8772);
#8772 = SURFACE_SIDE_STYLE('',(#8773));
#8773 = SURFACE_STYLE_FILL_AREA(#8774);
#8774 = FILL_AREA_STYLE('',(#8775));
#8775 = FILL_AREA_STYLE_COLOUR('',#8341);
#8776 = OVER_RIDING_STYLED_ITEM('overriding color',(#8777),#6911,#8325);
#8777 = PRESENTATION_STYLE_ASSIGNMENT((#8778));
#8778 = SURFACE_STYLE_USAGE(.BOTH.,#8779);
#8779 = SURFACE_SIDE_STYLE('',(#8780));
#8780 = SURFACE_STYLE_FILL_AREA(#8781);
#8781 = FILL_AREA_STYLE('',(#8782));
#8782 = FILL_AREA_STYLE_COLOUR('',#8341);
#8783 = OVER_RIDING_STYLED_ITEM('overriding color',(#8784),#6928,#8325);
#8784 = PRESENTATION_STYLE_ASSIGNMENT((#8785));
#8785 = SURFACE_STYLE_USAGE(.BOTH.,#8786);
#8786 = SURFACE_SIDE_STYLE('',(#8787));
#8787 = SURFACE_STYLE_FILL_AREA(#8788);
#8788 = FILL_AREA_STYLE('',(#8789));
#8789 = FILL_AREA_STYLE_COLOUR('',#8341);
#8790 = OVER_RIDING_STYLED_ITEM('overriding color',(#8791),#6940,#8325);
#8791 = PRESENTATION_STYLE_ASSIGNMENT((#8792));
#8792 = SURFACE_STYLE_USAGE(.BOTH.,#8793);
#8793 = SURFACE_SIDE_STYLE('',(#8794));
#8794 = SURFACE_STYLE_FILL_AREA(#8795);
#8795 = FILL_AREA_STYLE('',(#8796));
#8796 = FILL_AREA_STYLE_COLOUR('',#8341);
#8797 = OVER_RIDING_STYLED_ITEM('overriding color',(#8798),#6964,#8325);
#8798 = PRESENTATION_STYLE_ASSIGNMENT((#8799));
#8799 = SURFACE_STYLE_USAGE(.BOTH.,#8800);
#8800 = SURFACE_SIDE_STYLE('',(#8801));
#8801 = SURFACE_STYLE_FILL_AREA(#8802);
#8802 = FILL_AREA_STYLE('',(#8803));
#8803 = FILL_AREA_STYLE_COLOUR('',#8341);
#8804 = OVER_RIDING_STYLED_ITEM('overriding color',(#8805),#6988,#8325);
#8805 = PRESENTATION_STYLE_ASSIGNMENT((#8806));
#8806 = SURFACE_STYLE_USAGE(.BOTH.,#8807);
#8807 = SURFACE_SIDE_STYLE('',(#8808));
#8808 = SURFACE_STYLE_FILL_AREA(#8809);
#8809 = FILL_AREA_STYLE('',(#8810));
#8810 = FILL_AREA_STYLE_COLOUR('',#8341);
#8811 = OVER_RIDING_STYLED_ITEM('overriding color',(#8812),#7005,#8325);
#8812 = PRESENTATION_STYLE_ASSIGNMENT((#8813));
#8813 = SURFACE_STYLE_USAGE(.BOTH.,#8814);
#8814 = SURFACE_SIDE_STYLE('',(#8815));
#8815 = SURFACE_STYLE_FILL_AREA(#8816);
#8816 = FILL_AREA_STYLE('',(#8817));
#8817 = FILL_AREA_STYLE_COLOUR('',#8341);
#8818 = MECHANICAL_DESIGN_GEOMETRIC_PRESENTATION_REPRESENTATION('',(
    #8819),#1970);
#8819 = STYLED_ITEM('color',(#8820),#1816);
#8820 = PRESENTATION_STYLE_ASSIGNMENT((#8821,#8826));
#8821 = SURFACE_STYLE_USAGE(.BOTH.,#8822);
#8822 = SURFACE_SIDE_STYLE('',(#8823));
#8823 = SURFACE_STYLE_FILL_AREA(#8824);
#8824 = FILL_AREA_STYLE('',(#8825));
#8825 = FILL_AREA_STYLE_COLOUR('',#8251);
#8826 = CURVE_STYLE('',#8827,POSITIVE_LENGTH_MEASURE(0.1),#8222);
#8827 = DRAUGHTING_PRE_DEFINED_CURVE_FONT('continuous');
#8828 = MECHANICAL_DESIGN_GEOMETRIC_PRESENTATION_REPRESENTATION('',(
    #8829),#1121);
#8829 = STYLED_ITEM('color',(#8830),#837);
#8830 = PRESENTATION_STYLE_ASSIGNMENT((#8831,#8836));
#8831 = SURFACE_STYLE_USAGE(.BOTH.,#8832);
#8832 = SURFACE_SIDE_STYLE('',(#8833));
#8833 = SURFACE_STYLE_FILL_AREA(#8834);
#8834 = FILL_AREA_STYLE('',(#8835));
#8835 = FILL_AREA_STYLE_COLOUR('',#8219);
#8836 = CURVE_STYLE('',#8837,POSITIVE_LENGTH_MEASURE(0.1),#8222);
#8837 = DRAUGHTING_PRE_DEFINED_CURVE_FONT('continuous');
#8838 = MECHANICAL_DESIGN_GEOMETRIC_PRESENTATION_REPRESENTATION('',(
    #8839),#515);
#8839 = STYLED_ITEM('color',(#8840),#101);
#8840 = PRESENTATION_STYLE_ASSIGNMENT((#8841,#8846));
#8841 = SURFACE_STYLE_USAGE(.BOTH.,#8842);
#8842 = SURFACE_SIDE_STYLE('',(#8843));
#8843 = SURFACE_STYLE_FILL_AREA(#8844);
#8844 = FILL_AREA_STYLE('',(#8845));
#8845 = FILL_AREA_STYLE_COLOUR('',#8219);
#8846 = CURVE_STYLE('',#8847,POSITIVE_LENGTH_MEASURE(0.1),#8222);
#8847 = DRAUGHTING_PRE_DEFINED_CURVE_FONT('continuous');
#8848 = MECHANICAL_DESIGN_GEOMETRIC_PRESENTATION_REPRESENTATION('',(
    #8849),#818);
#8849 = STYLED_ITEM('color',(#8850),#534);
#8850 = PRESENTATION_STYLE_ASSIGNMENT((#8851,#8856));
#8851 = SURFACE_STYLE_USAGE(.BOTH.,#8852);
#8852 = SURFACE_SIDE_STYLE('',(#8853));
#8853 = SURFACE_STYLE_FILL_AREA(#8854);
#8854 = FILL_AREA_STYLE('',(#8855));
#8855 = FILL_AREA_STYLE_COLOUR('',#8219);
#8856 = CURVE_STYLE('',#8857,POSITIVE_LENGTH_MEASURE(0.1),#8222);
#8857 = DRAUGHTING_PRE_DEFINED_CURVE_FONT('continuous');
#8858 = MECHANICAL_DESIGN_GEOMETRIC_PRESENTATION_REPRESENTATION('',(
    #8859),#8200);
#8859 = STYLED_ITEM('color',(#8860),#8050);
#8860 = PRESENTATION_STYLE_ASSIGNMENT((#8861,#8866));
#8861 = SURFACE_STYLE_USAGE(.BOTH.,#8862);
#8862 = SURFACE_SIDE_STYLE('',(#8863));
#8863 = SURFACE_STYLE_FILL_AREA(#8864);
#8864 = FILL_AREA_STYLE('',(#8865));
#8865 = FILL_AREA_STYLE_COLOUR('',#8219);
#8866 = CURVE_STYLE('',#8867,POSITIVE_LENGTH_MEASURE(0.1),#8222);
#8867 = DRAUGHTING_PRE_DEFINED_CURVE_FONT('continuous');
#8868 = MECHANICAL_DESIGN_GEOMETRIC_PRESENTATION_REPRESENTATION('',(
    #8869),#2143);
#8869 = STYLED_ITEM('color',(#8870),#1989);
#8870 = PRESENTATION_STYLE_ASSIGNMENT((#8871,#8876));
#8871 = SURFACE_STYLE_USAGE(.BOTH.,#8872);
#8872 = SURFACE_SIDE_STYLE('',(#8873));
#8873 = SURFACE_STYLE_FILL_AREA(#8874);
#8874 = FILL_AREA_STYLE('',(#8875));
#8875 = FILL_AREA_STYLE_COLOUR('',#8251);
#8876 = CURVE_STYLE('',#8877,POSITIVE_LENGTH_MEASURE(0.1),#8222);
#8877 = DRAUGHTING_PRE_DEFINED_CURVE_FONT('continuous');
ENDSEC;
END-ISO-10303-21;
